INSERT INTO pet_category values ('Bearded Dragon', 178);
INSERT INTO pet_category values ('Bird', 29);
INSERT INTO pet_category values ('Burro', 204);
INSERT INTO pet_category values ('Chameleons (Veiled)', 241);
INSERT INTO pet_category values ('Chicken', 112);
INSERT INTO pet_category values ('Chinchilla', 263);
INSERT INTO pet_category values ('Chinese Water Dragon', 27);
INSERT INTO pet_category values ('Cow', 134);
INSERT INTO pet_category values ('Donkey', 81);
INSERT INTO pet_category values ('Duck', 84);
INSERT INTO pet_category values ('Ferret', 97);
INSERT INTO pet_category values ('Fish', 219);
INSERT INTO pet_category values ('Gecko', 146);
INSERT INTO pet_category values ('Geese (Chinese Swan Goose)', 175);
INSERT INTO pet_category values ('Gerbil', 185);
INSERT INTO pet_category values ('Goat', 273);
INSERT INTO pet_category values ('Guinea Fowl', 134);
INSERT INTO pet_category values ('Guinea Pig', 8);
INSERT INTO pet_category values ('Hamster', 181);
INSERT INTO pet_category values ('Hedgehog', 70);
INSERT INTO pet_category values ('Horse', 266);
INSERT INTO pet_category values ('Iguana', 263);
INSERT INTO pet_category values ('Llama', 14);
INSERT INTO pet_category values ('Lizard', 4);
INSERT INTO pet_category values ('Mice', 4);
INSERT INTO pet_category values ('Mule', 83);
INSERT INTO pet_category values ('Peafowl', 108);
INSERT INTO pet_category values ('Pig', 94);
INSERT INTO pet_category values ('Hog', 119);
INSERT INTO pet_category values ('Pigeon', 169);
INSERT INTO pet_category values ('Ponie', 167);
INSERT INTO pet_category values ('Pot Bellied Pig', 156);
INSERT INTO pet_category values ('Rabbit', 275);INSERT INTO person VALUES ('Santiago_Strosin@yahoo.com', 'Alessandra Schiller', '$2b$10$rIqmDwqhToE5DdadwTSgAuQAy6ea99CbK.aSDLkSIpj8RiDV0akbq', '220 Olen Mission', 90332079, 'user', 'https://s3.amazonaws.com/uifaces/faces/twitter/petebernardo/128.jpg');
INSERT INTO credit_card VALUES (36120399702424, 'Santiago_Strosin@yahoo.com', '2022-04-13T16:18:35.519Z', 950);
INSERT INTO pet VALUES ('Jerel', 'Santiago_Strosin@yahoo.com', 'Rabbit', 'Laudantium est veritatis soluta possimus.', 'Consequatur aut quia magni iure quos iure consequuntur voluptates.');

INSERT INTO person VALUES ('Duane_Hickle89@yahoo.com', 'Lois Fadel', '$2b$10$rIqmDwqhToE5DdadwTSgAu6GKDfDs7FVMp1DsPFvUnrSYS/uFvNq6', '2664 Leffler River', 90238623, 'user', 'https://s3.amazonaws.com/uifaces/faces/twitter/cyril_gaillard/128.jpg');

INSERT INTO person VALUES ('Aimee.Doyle@yahoo.com', 'Carmen Mertz', '$2b$10$rIqmDwqhToE5DdadwTSgAun5pBKuvBeyHGAkOWcZoVkcLy4hu9gE.', '26710 Beatty Stravenue', 90024435, 'user', 'https://s3.amazonaws.com/uifaces/faces/twitter/anatolinicolae/128.jpg');
INSERT INTO credit_card VALUES (6759226227550275, 'Aimee.Doyle@yahoo.com', '2021-01-10T18:21:22.332Z', 623);
INSERT INTO pet VALUES ('Laverne', 'Aimee.Doyle@yahoo.com', 'Cow', 'Adipisci sunt sapiente reiciendis nobis vel.', 'Accusantium doloribus velit ea earum eos porro occaecati dolorem eos.');
INSERT INTO part_time_ct VALUES ('Aimee.Doyle@yahoo.com');
INSERT INTO pt_free_schedule VALUES ('Aimee.Doyle@yahoo.com', '2020-11-15T03:18:08.945Z', '2020-12-22T19:12:22.698Z');
INSERT INTO pt_specializes_in VALUES ('Aimee.Doyle@yahoo.com', 'Burro', 14);
INSERT INTO pt_specializes_in VALUES ('Aimee.Doyle@yahoo.com', 'Peafowl', 9);
INSERT INTO pt_specializes_in VALUES ('Aimee.Doyle@yahoo.com', 'Hog', 17);

INSERT INTO person VALUES ('Carson.Volkman@yahoo.com', 'Alvera Wunsch', '$2b$10$rIqmDwqhToE5DdadwTSgAuupsvsAtF8ofFodKyoBwrDqGA.rbvGVC', '994 Brisa Fields', 90170644, 'user', 'https://s3.amazonaws.com/uifaces/faces/twitter/soffes/128.jpg');
INSERT INTO full_time_ct VALUES ('Carson.Volkman@yahoo.com');
INSERT INTO ft_specializes_in VALUES ('Carson.Volkman@yahoo.com', 'Gecko', 3);
INSERT INTO ft_specializes_in VALUES ('Carson.Volkman@yahoo.com', 'Guinea Pig', 17);
INSERT INTO ft_specializes_in VALUES ('Carson.Volkman@yahoo.com', 'Peafowl', 13);

INSERT INTO person VALUES ('Shannon9@hotmail.com', 'Vincent Nicolas', '$2b$10$rIqmDwqhToE5DdadwTSgAuyFM6Qk9SBMclw4n/5BEAbQvt3fyhcVG', '75942 Goyette Port', 90576771, 'user', 'https://s3.amazonaws.com/uifaces/faces/twitter/stefooo/128.jpg');
INSERT INTO credit_card VALUES (6011093546820617, 'Shannon9@hotmail.com', '2024-06-27T11:04:53.910Z', 398);
INSERT INTO pet VALUES ('Thurman', 'Shannon9@hotmail.com', 'Chinese Water Dragon', 'Molestias voluptatem vel ipsa magni deleniti omnis dignissimos aut officiis.', 'Sit voluptatem animi ipsum ratione iusto ipsam voluptatem.');

INSERT INTO person VALUES ('Domenico99@gmail.com', 'Anastacio Lynch', '$2b$10$rIqmDwqhToE5DdadwTSgAu65Hwn2uRerV5S2O6mcarCJzCVUwdeWm', '981 Pouros Villages', 90913439, 'user', 'https://s3.amazonaws.com/uifaces/faces/twitter/dimaposnyy/128.jpg');

INSERT INTO person VALUES ('Esperanza_Labadie37@hotmail.com', 'Enrico Schaefer', '$2b$10$rIqmDwqhToE5DdadwTSgAuUfu4L3YpvSEkTRStCl1oD3Z2oVKDCN6', '4379 Ritchie Rue', 90831274, 'user', 'https://s3.amazonaws.com/uifaces/faces/twitter/arpitnj/128.jpg');

INSERT INTO person VALUES ('Marta_Robel22@yahoo.com', 'Cleta Daniel', '$2b$10$rIqmDwqhToE5DdadwTSgAuYffDadox6w897QAfvVy4kGaGmDbxpui', '6891 Easter Row', 90296626, 'user', 'https://s3.amazonaws.com/uifaces/faces/twitter/codysanfilippo/128.jpg');
INSERT INTO part_time_ct VALUES ('Marta_Robel22@yahoo.com');
INSERT INTO pt_free_schedule VALUES ('Marta_Robel22@yahoo.com', '2020-11-15T02:58:35.922Z', '2021-01-14T21:04:13.131Z');
INSERT INTO pt_specializes_in VALUES ('Marta_Robel22@yahoo.com', 'Burro', 5);
INSERT INTO pt_specializes_in VALUES ('Marta_Robel22@yahoo.com', 'Gerbil', 1);
INSERT INTO pt_specializes_in VALUES ('Marta_Robel22@yahoo.com', 'Mule', 12);

INSERT INTO person VALUES ('Alva78@hotmail.com', 'Dolly Greenfelder', '$2b$10$rIqmDwqhToE5DdadwTSgAupmR5zJLmmBOsL6AmLDC3mXkQmQbK1ZW', '9131 Ratke Keys', 90695497, 'user', 'https://s3.amazonaws.com/uifaces/faces/twitter/falvarad/128.jpg');
INSERT INTO credit_card VALUES (3528440961884823, 'Alva78@hotmail.com', '2025-08-02T06:59:48.115Z', 383);
INSERT INTO pet VALUES ('Elody', 'Alva78@hotmail.com', 'Ponie', 'Aut fuga aperiam ullam vitae.', 'Et reiciendis voluptas doloribus rerum quia voluptates sint.');
INSERT INTO part_time_ct VALUES ('Alva78@hotmail.com');
INSERT INTO pt_free_schedule VALUES ('Alva78@hotmail.com', '2020-11-14T21:35:46.199Z', '2021-04-03T17:53:05.081Z');
INSERT INTO pt_specializes_in VALUES ('Alva78@hotmail.com', 'Bird', 0);
INSERT INTO pt_specializes_in VALUES ('Alva78@hotmail.com', 'Geese (Chinese Swan Goose)', 3);

INSERT INTO person VALUES ('Clair_Wisozk23@gmail.com', 'Dexter Deckow', '$2b$10$rIqmDwqhToE5DdadwTSgAuZBSoefIKYGm3kFk6wyNSKWWcVSWX6eW', '193 Alphonso Pike', 90917080, 'user', 'https://s3.amazonaws.com/uifaces/faces/twitter/8d3k/128.jpg');
INSERT INTO full_time_ct VALUES ('Clair_Wisozk23@gmail.com');
INSERT INTO ft_specializes_in VALUES ('Clair_Wisozk23@gmail.com', 'Bird', 19);
INSERT INTO ft_specializes_in VALUES ('Clair_Wisozk23@gmail.com', 'Chinchilla', 19);
INSERT INTO ft_specializes_in VALUES ('Clair_Wisozk23@gmail.com', 'Duck', 17);

INSERT INTO person VALUES ('Ferne_Jacobi51@gmail.com', 'Melvin Schimmel', '$2b$10$rIqmDwqhToE5DdadwTSgAugYuhtoGCcIof3gFCtsbikkwNLQGnc7K', '13713 Cummings Points', 90401187, 'user', 'https://s3.amazonaws.com/uifaces/faces/twitter/djsherman/128.jpg');
INSERT INTO full_time_ct VALUES ('Ferne_Jacobi51@gmail.com');
INSERT INTO ft_specializes_in VALUES ('Ferne_Jacobi51@gmail.com', 'Chameleons (Veiled)', 15);

INSERT INTO person VALUES ('Filomena.Toy90@yahoo.com', 'Vivienne Carter', '$2b$10$rIqmDwqhToE5DdadwTSgAuhmXujSr6RFnY4oMomxYij9KpDmaMsLy', '59789 Robbie Crest', 90904492, 'user', 'https://s3.amazonaws.com/uifaces/faces/twitter/victorDubugras/128.jpg');
INSERT INTO credit_card VALUES (36100080140019, 'Filomena.Toy90@yahoo.com', '2021-08-11T19:21:34.803Z', 165);
INSERT INTO pet VALUES ('Howell', 'Filomena.Toy90@yahoo.com', 'Goat', 'Provident dolores tempora quis rerum consequatur.', 'Ad cumque quia assumenda.');
INSERT INTO part_time_ct VALUES ('Filomena.Toy90@yahoo.com');
INSERT INTO pt_free_schedule VALUES ('Filomena.Toy90@yahoo.com', '2020-11-14T17:48:07.784Z', '2020-11-19T14:51:19.493Z');
INSERT INTO pt_specializes_in VALUES ('Filomena.Toy90@yahoo.com', 'Cow', 0);
INSERT INTO pt_specializes_in VALUES ('Filomena.Toy90@yahoo.com', 'Rabbit', 5);

INSERT INTO person VALUES ('Assunta_Leuschke1@yahoo.com', 'Haylee Funk', '$2b$10$rIqmDwqhToE5DdadwTSgAul3UsVOfrZbq6h8vrtuLiGQ98T3NznBC', '1182 Hessel Radial', 90746644, 'user', 'https://s3.amazonaws.com/uifaces/faces/twitter/chacky14/128.jpg');
INSERT INTO part_time_ct VALUES ('Assunta_Leuschke1@yahoo.com');
INSERT INTO pt_free_schedule VALUES ('Assunta_Leuschke1@yahoo.com', '2020-11-15T00:12:19.666Z', '2021-03-29T14:46:04.785Z');
INSERT INTO pt_specializes_in VALUES ('Assunta_Leuschke1@yahoo.com', 'Donkey', 11);
INSERT INTO pt_specializes_in VALUES ('Assunta_Leuschke1@yahoo.com', 'Gerbil', 12);
INSERT INTO pt_specializes_in VALUES ('Assunta_Leuschke1@yahoo.com', 'Mule', 18);

INSERT INTO person VALUES ('Niko_Hettinger56@yahoo.com', 'Lindsay Waelchi', '$2b$10$rIqmDwqhToE5DdadwTSgAuqorKoXxfpGzNGRiBs.78H2EcGWwWjta', '61802 Ryan Knolls', 90253041, 'user', 'https://s3.amazonaws.com/uifaces/faces/twitter/gauchomatt/128.jpg');

INSERT INTO person VALUES ('Joe_Stamm@gmail.com', 'Reyes Jenkins', '$2b$10$rIqmDwqhToE5DdadwTSgAuTGvINGDDkjMf7tJYihp6U9/xyRbcs9C', '45380 Brakus Mission', 90515309, 'user', 'https://s3.amazonaws.com/uifaces/faces/twitter/yehudab/128.jpg');

INSERT INTO person VALUES ('Lucio76@gmail.com', 'Brenna Weimann', '$2b$10$rIqmDwqhToE5DdadwTSgAup0OEIUPCmudZmCOhGqIGS0b8bAUyUc6', '472 Daphne Pike', 90894395, 'user', 'https://s3.amazonaws.com/uifaces/faces/twitter/aislinnkelly/128.jpg');
INSERT INTO credit_card VALUES (30471411990794, 'Lucio76@gmail.com', '2020-11-29T21:02:24.231Z', 048);
INSERT INTO pet VALUES ('Gay', 'Lucio76@gmail.com', 'Mice', 'Molestiae beatae quaerat et incidunt aspernatur sint incidunt qui quaerat.', 'Placeat ipsam enim rerum saepe eius nisi explicabo maiores.');
INSERT INTO full_time_ct VALUES ('Lucio76@gmail.com');
INSERT INTO ft_specializes_in VALUES ('Lucio76@gmail.com', 'Chameleons (Veiled)', 5);
INSERT INTO ft_specializes_in VALUES ('Lucio76@gmail.com', 'Ponie', 19);

INSERT INTO person VALUES ('Marietta15@gmail.com', 'Evert Collier', '$2b$10$rIqmDwqhToE5DdadwTSgAuOcJl5zCy8pndjjyxeDkI/g7up2y1ABS', '8059 Katlynn Motorway', 90565206, 'user', 'https://s3.amazonaws.com/uifaces/faces/twitter/juamperro/128.jpg');
INSERT INTO credit_card VALUES (5020919757463305, 'Marietta15@gmail.com', '2021-03-04T06:09:40.536Z', 483);
INSERT INTO pet VALUES ('Ruthie', 'Marietta15@gmail.com', 'Fish', 'Voluptatem velit dolorem consectetur.', 'Numquam eaque ducimus aut nesciunt.');
INSERT INTO full_time_ct VALUES ('Marietta15@gmail.com');
INSERT INTO ft_specializes_in VALUES ('Marietta15@gmail.com', 'Bearded Dragon', 1);
INSERT INTO ft_specializes_in VALUES ('Marietta15@gmail.com', 'Duck', 17);
INSERT INTO ft_specializes_in VALUES ('Marietta15@gmail.com', 'Fish', 20);

INSERT INTO person VALUES ('Juliana.Waters@yahoo.com', 'Wilfrid Dietrich', '$2b$10$rIqmDwqhToE5DdadwTSgAu0cAi6M5bFk3.v.6mfrkEzJBiQdgwL0y', '209 Liana Run', 90614116, 'user', 'https://s3.amazonaws.com/uifaces/faces/twitter/shinze/128.jpg');
INSERT INTO full_time_ct VALUES ('Juliana.Waters@yahoo.com');
INSERT INTO ft_specializes_in VALUES ('Juliana.Waters@yahoo.com', 'Burro', 9);
INSERT INTO ft_specializes_in VALUES ('Juliana.Waters@yahoo.com', 'Gerbil', 17);

INSERT INTO person VALUES ('Nicklaus.Von22@gmail.com', 'Moises Auer', '$2b$10$rIqmDwqhToE5DdadwTSgAu7rx0R.Ad4HaJwrNqcX4e/8.ELL6H.dG', '1755 Walter Canyon', 90153254, 'user', 'https://s3.amazonaws.com/uifaces/faces/twitter/arkokoley/128.jpg');
INSERT INTO credit_card VALUES (6374474077222529, 'Nicklaus.Von22@gmail.com', '2021-11-20T01:28:31.209Z', 237);
INSERT INTO pet VALUES ('Terry', 'Nicklaus.Von22@gmail.com', 'Fish', 'Accusantium soluta expedita odio.', 'Enim et molestias exercitationem perferendis quidem et quasi molestias.');
INSERT INTO full_time_ct VALUES ('Nicklaus.Von22@gmail.com');
INSERT INTO ft_specializes_in VALUES ('Nicklaus.Von22@gmail.com', 'Bearded Dragon', 16);
INSERT INTO ft_specializes_in VALUES ('Nicklaus.Von22@gmail.com', 'Burro', 0);
INSERT INTO ft_specializes_in VALUES ('Nicklaus.Von22@gmail.com', 'Lizard', 10);

INSERT INTO person VALUES ('Julius.Hills@yahoo.com', 'Aglae Howell', '$2b$10$rIqmDwqhToE5DdadwTSgAuffLN.65hshCBE5pqM57tz2TQtvyUgcS', '39507 Esperanza Court', 90813422, 'user', 'https://s3.amazonaws.com/uifaces/faces/twitter/souuf/128.jpg');
INSERT INTO full_time_ct VALUES ('Julius.Hills@yahoo.com');
INSERT INTO ft_specializes_in VALUES ('Julius.Hills@yahoo.com', 'Bearded Dragon', 12);
INSERT INTO ft_specializes_in VALUES ('Julius.Hills@yahoo.com', 'Goat', 1);

INSERT INTO person VALUES ('Karley.Zulauf@yahoo.com', 'Maye Corwin', '$2b$10$rIqmDwqhToE5DdadwTSgAukd5LayH/pSbDg4b.0Bnh9iyqTffOBv.', '330 Cristina Glens', 90842369, 'user', 'https://s3.amazonaws.com/uifaces/faces/twitter/seyedhossein1/128.jpg');
INSERT INTO credit_card VALUES (6759258788893556, 'Karley.Zulauf@yahoo.com', '2021-04-01T12:14:29.744Z', 286);
INSERT INTO pet VALUES ('Gisselle', 'Karley.Zulauf@yahoo.com', 'Peafowl', 'Voluptas illo ad occaecati quia.', 'Nobis delectus beatae vero reiciendis hic.');

INSERT INTO person VALUES ('Harold.Rolfson@hotmail.com', 'Nikolas Armstrong', '$2b$10$rIqmDwqhToE5DdadwTSgAuCCjdasVVCNPokHrLby99RzXL9W0o6Iy', '7309 Shanie Skyway', 90212084, 'user', 'https://s3.amazonaws.com/uifaces/faces/twitter/okseanjay/128.jpg');
INSERT INTO credit_card VALUES (6391448648393248, 'Harold.Rolfson@hotmail.com', '2021-05-07T21:32:13.080Z', 670);
INSERT INTO pet VALUES ('Karl', 'Harold.Rolfson@hotmail.com', 'Donkey', 'Alias reprehenderit ut hic iste et dolorem est.', 'Amet quos saepe sint.');

INSERT INTO person VALUES ('Orlando79@yahoo.com', 'Delores Marks', '$2b$10$rIqmDwqhToE5DdadwTSgAu.gPX7MAMYMaOvgXQ76GANiE0Xif0vWS', '0507 Boehm Estate', 90578890, 'user', 'https://s3.amazonaws.com/uifaces/faces/twitter/chacky14/128.jpg');
INSERT INTO credit_card VALUES (6759530207002865, 'Orlando79@yahoo.com', '2023-03-09T06:08:11.436Z', 507);
INSERT INTO pet VALUES ('Aiden', 'Orlando79@yahoo.com', 'Duck', 'Autem cum quis saepe reprehenderit.', 'Nisi et est sunt.');

INSERT INTO person VALUES ('Emory_Lang77@yahoo.com', 'Sigrid Legros', '$2b$10$rIqmDwqhToE5DdadwTSgAug1rxcILLWRnbSITogWoTTddwtJjGDcS', '580 Hermann Shores', 90869119, 'user', 'https://s3.amazonaws.com/uifaces/faces/twitter/adamsxu/128.jpg');
INSERT INTO full_time_ct VALUES ('Emory_Lang77@yahoo.com');
INSERT INTO ft_specializes_in VALUES ('Emory_Lang77@yahoo.com', 'Pot Bellied Pig', 0);

INSERT INTO person VALUES ('Megane_Schoen24@yahoo.com', 'Dayton Beier', '$2b$10$rIqmDwqhToE5DdadwTSgAunNy2YhGsMlgq7puG9H31FpSMfjn7WNa', '79292 Cremin Burgs', 90060962, 'user', 'https://s3.amazonaws.com/uifaces/faces/twitter/ManikRathee/128.jpg');
INSERT INTO credit_card VALUES (36360021602703, 'Megane_Schoen24@yahoo.com', '2023-02-26T09:26:51.175Z', 283);
INSERT INTO pet VALUES ('Blaise', 'Megane_Schoen24@yahoo.com', 'Fish', 'Suscipit et repellat et.', 'Repellat ut delectus.');
INSERT INTO part_time_ct VALUES ('Megane_Schoen24@yahoo.com');
INSERT INTO pt_free_schedule VALUES ('Megane_Schoen24@yahoo.com', '2020-11-14T08:28:08.170Z', '2021-11-04T03:41:26.576Z');
INSERT INTO pt_specializes_in VALUES ('Megane_Schoen24@yahoo.com', 'Gecko', 12);
INSERT INTO pt_specializes_in VALUES ('Megane_Schoen24@yahoo.com', 'Mice', 2);
INSERT INTO pt_specializes_in VALUES ('Megane_Schoen24@yahoo.com', 'Peafowl', 19);

INSERT INTO person VALUES ('Elmore74@gmail.com', 'Hudson Schmidt', '$2b$10$rIqmDwqhToE5DdadwTSgAuAG7YJn7OkNQGwajr21YH5tldcgG1n0G', '40198 Barton Motorway', 90083289, 'user', 'https://s3.amazonaws.com/uifaces/faces/twitter/vj_demien/128.jpg');
INSERT INTO part_time_ct VALUES ('Elmore74@gmail.com');
INSERT INTO pt_free_schedule VALUES ('Elmore74@gmail.com', '2020-11-15T07:02:51.197Z', '2021-02-19T08:58:15.501Z');
INSERT INTO pt_specializes_in VALUES ('Elmore74@gmail.com', 'Guinea Fowl', 6);

INSERT INTO person VALUES ('Eulah_Bechtelar@yahoo.com', 'Meredith McLaughlin', '$2b$10$rIqmDwqhToE5DdadwTSgAuPKAWP6vg1q2J0nFBq2fCXwATVnNQpY6', '635 Wintheiser Summit', 90730745, 'user', 'https://s3.amazonaws.com/uifaces/faces/twitter/cadikkara/128.jpg');
INSERT INTO credit_card VALUES (6759593338606931, 'Eulah_Bechtelar@yahoo.com', '2020-11-23T04:55:15.795Z', 418);
INSERT INTO pet VALUES ('Sophia', 'Eulah_Bechtelar@yahoo.com', 'Chameleons (Veiled)', 'Voluptatem quia tenetur quo est voluptatem quasi et.', 'At natus et ea nisi eaque qui et.');

INSERT INTO person VALUES ('Keira23@gmail.com', 'Denis Kassulke', '$2b$10$rIqmDwqhToE5DdadwTSgAuwTNJUvpXMx5Rq.wqWXcT.7o1w1Ie/YW', '14673 Sadie Club', 90438100, 'user', 'https://s3.amazonaws.com/uifaces/faces/twitter/nathalie_fs/128.jpg');
INSERT INTO credit_card VALUES (4670836894907, 'Keira23@gmail.com', '2021-10-04T01:53:12.916Z', 222);
INSERT INTO pet VALUES ('Fabian', 'Keira23@gmail.com', 'Pot Bellied Pig', 'Omnis et dolore soluta quos nemo nihil fugit.', 'Earum ad qui aut pariatur.');

INSERT INTO person VALUES ('Kurt51@hotmail.com', 'Jovanny Schowalter', '$2b$10$rIqmDwqhToE5DdadwTSgAu0PmVRHNU/Jks7AKn6luLehVJylpCUTy', '34082 Mueller Park', 90197494, 'user', 'https://s3.amazonaws.com/uifaces/faces/twitter/matt3224/128.jpg');
INSERT INTO credit_card VALUES (5018969854099263, 'Kurt51@hotmail.com', '2023-07-18T19:05:11.777Z', 431);
INSERT INTO pet VALUES ('Joelle', 'Kurt51@hotmail.com', 'Mice', 'Possimus omnis quisquam dignissimos doloribus soluta labore laudantium.', 'Ut minima ut incidunt facilis sapiente et in.');

INSERT INTO person VALUES ('Trudie55@hotmail.com', 'Ivah Kovacek', '$2b$10$rIqmDwqhToE5DdadwTSgAu1MpojcOETXw5Yr9BNu1ClAk/ElHjPJC', '262 Mattie Crossroad', 90357485, 'user', 'https://s3.amazonaws.com/uifaces/faces/twitter/primozcigler/128.jpg');
INSERT INTO credit_card VALUES (4368478025369, 'Trudie55@hotmail.com', '2022-12-06T07:43:27.566Z', 453);
INSERT INTO pet VALUES ('Leif', 'Trudie55@hotmail.com', 'Mice', 'Ex sit ut alias quo labore.', 'Asperiores totam doloremque eveniet optio.');
INSERT INTO full_time_ct VALUES ('Trudie55@hotmail.com');
INSERT INTO ft_specializes_in VALUES ('Trudie55@hotmail.com', 'Goat', 3);
INSERT INTO ft_specializes_in VALUES ('Trudie55@hotmail.com', 'Guinea Pig', 18);
INSERT INTO ft_specializes_in VALUES ('Trudie55@hotmail.com', 'Rabbit', 19);

INSERT INTO person VALUES ('Kaya.Miller@hotmail.com', 'Matteo Walsh', '$2b$10$rIqmDwqhToE5DdadwTSgAu.Xg5NEqr57Q0KeECeV0yjDO6rHONxS2', '9154 Harber Mountain', 90259797, 'user', 'https://s3.amazonaws.com/uifaces/faces/twitter/VinThomas/128.jpg');
INSERT INTO part_time_ct VALUES ('Kaya.Miller@hotmail.com');
INSERT INTO pt_free_schedule VALUES ('Kaya.Miller@hotmail.com', '2020-11-14T09:39:30.849Z', '2021-11-03T16:44:18.622Z');
INSERT INTO pt_specializes_in VALUES ('Kaya.Miller@hotmail.com', 'Hog', 20);

INSERT INTO person VALUES ('Evalyn_Hudson@yahoo.com', 'Bret OConnell', '$2b$10$rIqmDwqhToE5DdadwTSgAu6KkXMHnJQgYDPRdRLIDQYwM2VlJZ7Aa', '37433 Adam Springs', 90199640, 'user', 'https://s3.amazonaws.com/uifaces/faces/twitter/AlbertoCococi/128.jpg');

INSERT INTO person VALUES ('Liliane31@hotmail.com', 'Ellen Block', '$2b$10$rIqmDwqhToE5DdadwTSgAusd.kDMC9vZxJnWfzkBzzP7d5Q4pJHLe', '7205 Woodrow Divide', 90799296, 'user', 'https://s3.amazonaws.com/uifaces/faces/twitter/brandonburke/128.jpg');

INSERT INTO person VALUES ('Emmanuelle_Kutch98@gmail.com', 'Maegan Schmidt', '$2b$10$rIqmDwqhToE5DdadwTSgAupBBYUM3zY8apKEP3TsVELudgXjxdbGy', '6995 Renner Parkway', 90071493, 'user', 'https://s3.amazonaws.com/uifaces/faces/twitter/maxlinderman/128.jpg');

INSERT INTO person VALUES ('Christ99@yahoo.com', 'Vida Kassulke', '$2b$10$rIqmDwqhToE5DdadwTSgAuZS3AHg.nGJrrEkWn.o4Vei0NNqRWLkO', '94914 Bartell Rapids', 90468935, 'user', 'https://s3.amazonaws.com/uifaces/faces/twitter/_kkga/128.jpg');
INSERT INTO part_time_ct VALUES ('Christ99@yahoo.com');
INSERT INTO pt_free_schedule VALUES ('Christ99@yahoo.com', '2020-11-14T09:18:47.827Z', '2021-10-11T11:00:07.202Z');
INSERT INTO pt_specializes_in VALUES ('Christ99@yahoo.com', 'Mule', 10);

INSERT INTO person VALUES ('Heath_Harris@yahoo.com', 'Dedrick Tremblay', '$2b$10$rIqmDwqhToE5DdadwTSgAu.FV5Yw2iNOCLCEYuvD9X3QUBhWBTjKC', '9650 Darian Corner', 90425851, 'user', 'https://s3.amazonaws.com/uifaces/faces/twitter/bobbytwoshoes/128.jpg');
INSERT INTO credit_card VALUES (6767434216466449, 'Heath_Harris@yahoo.com', '2021-03-14T22:45:01.997Z', 526);
INSERT INTO pet VALUES ('Isaias', 'Heath_Harris@yahoo.com', 'Cow', 'Optio voluptatem cupiditate quos voluptate odit harum.', 'Debitis incidunt sed rerum alias iste quae consequatur.');
INSERT INTO part_time_ct VALUES ('Heath_Harris@yahoo.com');
INSERT INTO pt_free_schedule VALUES ('Heath_Harris@yahoo.com', '2020-11-15T04:01:29.210Z', '2021-09-29T00:09:28.779Z');
INSERT INTO pt_specializes_in VALUES ('Heath_Harris@yahoo.com', 'Gerbil', 20);
INSERT INTO pt_specializes_in VALUES ('Heath_Harris@yahoo.com', 'Goat', 7);

INSERT INTO person VALUES ('Garry_McGlynn16@gmail.com', 'Alvah Dibbert', '$2b$10$rIqmDwqhToE5DdadwTSgAurfR/OQTiV3BMV2KEE3GR9r7luzXgOZq', '397 Orion Lodge', 90988183, 'user', 'https://s3.amazonaws.com/uifaces/faces/twitter/jonkspr/128.jpg');
INSERT INTO credit_card VALUES (4795169404055669, 'Garry_McGlynn16@gmail.com', '2021-05-20T23:18:42.974Z', 907);
INSERT INTO pet VALUES ('Filiberto', 'Garry_McGlynn16@gmail.com', 'Llama', 'Rerum enim voluptas voluptas est ducimus repudiandae recusandae et quia.', 'Architecto libero est et eaque ab perferendis voluptas eaque.');

INSERT INTO person VALUES ('Marianne90@yahoo.com', 'Sim Lockman', '$2b$10$rIqmDwqhToE5DdadwTSgAurzgXHcoh.UfUx25kYjkgRuyhA7Ragfi', '2200 Legros Center', 90442971, 'user', 'https://s3.amazonaws.com/uifaces/faces/twitter/uxpiper/128.jpg');
INSERT INTO credit_card VALUES (6759296033726508, 'Marianne90@yahoo.com', '2021-08-01T13:38:24.327Z', 050);
INSERT INTO pet VALUES ('Darwin', 'Marianne90@yahoo.com', 'Duck', 'Minus ut accusamus eaque iste a qui fuga voluptates.', 'Ullam dolores sint nihil neque non harum sint modi.');
INSERT INTO part_time_ct VALUES ('Marianne90@yahoo.com');
INSERT INTO pt_free_schedule VALUES ('Marianne90@yahoo.com', '2020-11-14T13:53:38.797Z', '2021-08-12T06:51:51.293Z');
INSERT INTO pt_specializes_in VALUES ('Marianne90@yahoo.com', 'Guinea Pig', 17);
INSERT INTO pt_specializes_in VALUES ('Marianne90@yahoo.com', 'Ponie', 16);

INSERT INTO person VALUES ('Edmond_Romaguera@yahoo.com', 'Avis Mills', '$2b$10$rIqmDwqhToE5DdadwTSgAuRn.EMh.R.HZos80hP75PBeB/Tk7DRuq', '416 Eduardo Points', 90626878, 'user', 'https://s3.amazonaws.com/uifaces/faces/twitter/ah_lice/128.jpg');
INSERT INTO credit_card VALUES (3528633454156461, 'Edmond_Romaguera@yahoo.com', '2020-12-14T03:48:34.572Z', 523);
INSERT INTO pet VALUES ('Derrick', 'Edmond_Romaguera@yahoo.com', 'Peafowl', 'Quos quia perferendis alias officiis tempora rerum necessitatibus soluta doloribus.', 'Eveniet quia et molestias voluptas animi amet et nostrum.');

INSERT INTO person VALUES ('Flavie_Pacocha7@yahoo.com', 'Brielle Senger', '$2b$10$rIqmDwqhToE5DdadwTSgAuQsnaVPm4cKNRKbgPm1j1RSpcrw6p03W', '14164 Corbin Ridge', 90638652, 'user', 'https://s3.amazonaws.com/uifaces/faces/twitter/marciotoledo/128.jpg');
INSERT INTO credit_card VALUES (5303842398115778, 'Flavie_Pacocha7@yahoo.com', '2024-04-19T13:08:15.185Z', 574);
INSERT INTO pet VALUES ('Jules', 'Flavie_Pacocha7@yahoo.com', 'Pot Bellied Pig', 'Quam modi id officia dignissimos ut praesentium.', 'Quia eaque hic.');
INSERT INTO full_time_ct VALUES ('Flavie_Pacocha7@yahoo.com');
INSERT INTO ft_specializes_in VALUES ('Flavie_Pacocha7@yahoo.com', 'Bird', 7);
INSERT INTO ft_specializes_in VALUES ('Flavie_Pacocha7@yahoo.com', 'Guinea Fowl', 6);
INSERT INTO ft_specializes_in VALUES ('Flavie_Pacocha7@yahoo.com', 'Lizard', 10);

INSERT INTO person VALUES ('Reynold30@gmail.com', 'Cordia Rippin', '$2b$10$rIqmDwqhToE5DdadwTSgAusgpBPHerGPB6tpn5M5cR7jHNjlIQpUC', '11351 Torp Coves', 90662404, 'user', 'https://s3.amazonaws.com/uifaces/faces/twitter/sunshinedgirl/128.jpg');
INSERT INTO credit_card VALUES (6771898287623475, 'Reynold30@gmail.com', '2021-04-17T10:18:16.821Z', 570);
INSERT INTO pet VALUES ('Stephon', 'Reynold30@gmail.com', 'Peafowl', 'Ut rerum deserunt.', 'Ab officia sit non quas.');
INSERT INTO full_time_ct VALUES ('Reynold30@gmail.com');
INSERT INTO ft_specializes_in VALUES ('Reynold30@gmail.com', 'Gecko', 4);
INSERT INTO ft_specializes_in VALUES ('Reynold30@gmail.com', 'Iguana', 9);
INSERT INTO ft_specializes_in VALUES ('Reynold30@gmail.com', 'Rabbit', 18);

INSERT INTO person VALUES ('Erwin_Collier@gmail.com', 'Letha Dibbert', '$2b$10$rIqmDwqhToE5DdadwTSgAuF78xrUaCKKUUBkeMzxn3mRHqiEoEUvG', '08345 Marvin Groves', 90906970, 'user', 'https://s3.amazonaws.com/uifaces/faces/twitter/blakesimkins/128.jpg');

INSERT INTO person VALUES ('Theron.Grant57@hotmail.com', 'Xander Witting', '$2b$10$rIqmDwqhToE5DdadwTSgAuz7z/IYZwm1.FkdeurKvtDbREN9MwLze', '635 Haleigh Hill', 90941586, 'user', 'https://s3.amazonaws.com/uifaces/faces/twitter/jasonmarkjones/128.jpg');
INSERT INTO credit_card VALUES (4166182123423, 'Theron.Grant57@hotmail.com', '2022-01-16T02:06:31.045Z', 278);
INSERT INTO pet VALUES ('Hailee', 'Theron.Grant57@hotmail.com', 'Peafowl', 'Nostrum quaerat atque dicta laborum incidunt.', 'Sed quaerat quia quasi ut impedit repellendus expedita.');

INSERT INTO person VALUES ('Marietta_Paucek@yahoo.com', 'Glennie Welch', '$2b$10$rIqmDwqhToE5DdadwTSgAusqnt4XNeyZjRdk/tx85SXyHmSieJmkq', '0193 Hilario Ways', 90881631, 'user', 'https://s3.amazonaws.com/uifaces/faces/twitter/johnsmithagency/128.jpg');
INSERT INTO part_time_ct VALUES ('Marietta_Paucek@yahoo.com');
INSERT INTO pt_free_schedule VALUES ('Marietta_Paucek@yahoo.com', '2020-11-15T03:23:26.517Z', '2021-09-16T19:44:28.803Z');
INSERT INTO pt_specializes_in VALUES ('Marietta_Paucek@yahoo.com', 'Bearded Dragon', 5);
INSERT INTO pt_specializes_in VALUES ('Marietta_Paucek@yahoo.com', 'Goat', 19);
INSERT INTO pt_specializes_in VALUES ('Marietta_Paucek@yahoo.com', 'Hog', 13);

INSERT INTO person VALUES ('Christiana_OConner19@hotmail.com', 'Alia Quigley', '$2b$10$rIqmDwqhToE5DdadwTSgAuzTbaXGFmKryA7v5u.x83mXX.j5oDPta', '1399 Henry Avenue', 90641362, 'user', 'https://s3.amazonaws.com/uifaces/faces/twitter/gabrielizalo/128.jpg');
INSERT INTO credit_card VALUES (5893684783651023, 'Christiana_OConner19@hotmail.com', '2022-02-07T11:37:02.115Z', 540);
INSERT INTO pet VALUES ('Cecelia', 'Christiana_OConner19@hotmail.com', 'Pigeon', 'Perspiciatis odit quasi et.', 'Aliquam sed atque voluptas distinctio nobis.');
INSERT INTO full_time_ct VALUES ('Christiana_OConner19@hotmail.com');
INSERT INTO ft_specializes_in VALUES ('Christiana_OConner19@hotmail.com', 'Guinea Fowl', 1);
INSERT INTO ft_specializes_in VALUES ('Christiana_OConner19@hotmail.com', 'Pot Bellied Pig', 2);

INSERT INTO person VALUES ('Arnaldo_Hintz@hotmail.com', 'Ola Skiles', '$2b$10$rIqmDwqhToE5DdadwTSgAuPzgSVmPK8NIZp0Kp0yoM.NyNDx6gDTm', '9859 Gaston Ranch', 90481409, 'user', 'https://s3.amazonaws.com/uifaces/faces/twitter/joreira/128.jpg');

INSERT INTO person VALUES ('Kristoffer_Welch13@yahoo.com', 'Floyd Schmidt', '$2b$10$rIqmDwqhToE5DdadwTSgAukef80REFekUUL1MxM.s0qFFZDhgXI3W', '69593 Bernadette Avenue', 90066941, 'user', 'https://s3.amazonaws.com/uifaces/faces/twitter/woodydotmx/128.jpg');
INSERT INTO part_time_ct VALUES ('Kristoffer_Welch13@yahoo.com');
INSERT INTO pt_free_schedule VALUES ('Kristoffer_Welch13@yahoo.com', '2020-11-14T16:32:55.172Z', '2021-10-12T19:20:12.328Z');
INSERT INTO pt_specializes_in VALUES ('Kristoffer_Welch13@yahoo.com', 'Hedgehog', 1);
INSERT INTO pt_specializes_in VALUES ('Kristoffer_Welch13@yahoo.com', 'Mule', 20);

INSERT INTO person VALUES ('Enola96@gmail.com', 'Kayley Reichert', '$2b$10$rIqmDwqhToE5DdadwTSgAuEWAFJ4G8PkhQ5XsNUMC0.koGsSa.w7S', '5314 Maximillia Summit', 90673547, 'user', 'https://s3.amazonaws.com/uifaces/faces/twitter/andyisonline/128.jpg');

INSERT INTO person VALUES ('Layla.Harber64@yahoo.com', 'Colin Schinner', '$2b$10$rIqmDwqhToE5DdadwTSgAuEP8T/hWXEwg8TYdcBnCT4hQWr9c6td6', '6040 Cleveland Underpass', 90614511, 'user', 'https://s3.amazonaws.com/uifaces/faces/twitter/sasha_shestakov/128.jpg');
INSERT INTO credit_card VALUES (6759926181512420, 'Layla.Harber64@yahoo.com', '2022-12-01T00:08:03.467Z', 418);
INSERT INTO pet VALUES ('Kaleb', 'Layla.Harber64@yahoo.com', 'Duck', 'Praesentium enim exercitationem aut molestiae et voluptatem accusantium voluptatem est.', 'Aut itaque praesentium.');

INSERT INTO person VALUES ('Odell_Schmidt54@gmail.com', 'Leland Rolfson', '$2b$10$rIqmDwqhToE5DdadwTSgAuE9.6v9K.dsH1UrzubS.yEANvxuNqoZy', '82496 Dorcas Trafficway', 90872421, 'user', 'https://s3.amazonaws.com/uifaces/faces/twitter/weavermedia/128.jpg');

INSERT INTO person VALUES ('Verna2@yahoo.com', 'Aurelia Willms', '$2b$10$rIqmDwqhToE5DdadwTSgAuBrtxA7Fa36C4lQvomthW.fxFmRdtIhS', '653 Reinger Knoll', 90111434, 'user', 'https://s3.amazonaws.com/uifaces/faces/twitter/sunlandictwin/128.jpg');
INSERT INTO part_time_ct VALUES ('Verna2@yahoo.com');
INSERT INTO pt_free_schedule VALUES ('Verna2@yahoo.com', '2020-11-15T02:00:50.465Z', '2021-09-24T10:39:26.923Z');
INSERT INTO pt_specializes_in VALUES ('Verna2@yahoo.com', 'Pot Bellied Pig', 17);

INSERT INTO person VALUES ('Carolyne_Sipes@hotmail.com', 'Virginie Fisher', '$2b$10$rIqmDwqhToE5DdadwTSgAurxycmdQtb6n2ZfQzp/FZek7RnUFwEKS', '2504 Dickens Estate', 90021551, 'user', 'https://s3.amazonaws.com/uifaces/faces/twitter/stan/128.jpg');
INSERT INTO credit_card VALUES (4834887373193, 'Carolyne_Sipes@hotmail.com', '2022-07-10T17:57:23.382Z', 545);
INSERT INTO pet VALUES ('Eleanora', 'Carolyne_Sipes@hotmail.com', 'Donkey', 'Qui perferendis repellendus commodi.', 'Non blanditiis recusandae.');

INSERT INTO person VALUES ('Jesus.Haag@hotmail.com', 'Gerda Bahringer', '$2b$10$rIqmDwqhToE5DdadwTSgAuZXbKDU/uXtUIfAaBRy8IdoSuIsD75/C', '6987 Oceane Wells', 90548621, 'user', 'https://s3.amazonaws.com/uifaces/faces/twitter/tom_even/128.jpg');
INSERT INTO credit_card VALUES (36919583294211, 'Jesus.Haag@hotmail.com', '2023-09-23T15:55:19.245Z', 513);
INSERT INTO pet VALUES ('Marielle', 'Jesus.Haag@hotmail.com', 'Hog', 'Ea reprehenderit est nihil adipisci consectetur.', 'Architecto fugiat et optio saepe beatae omnis nam.');
INSERT INTO full_time_ct VALUES ('Jesus.Haag@hotmail.com');
INSERT INTO ft_specializes_in VALUES ('Jesus.Haag@hotmail.com', 'Bearded Dragon', 11);
INSERT INTO ft_specializes_in VALUES ('Jesus.Haag@hotmail.com', 'Donkey', 5);

INSERT INTO person VALUES ('Joey74@gmail.com', 'Jacklyn Greenholt', '$2b$10$rIqmDwqhToE5DdadwTSgAuAYDPQ2bTJkb/eWHVbv3PSTcbeIHjAse', '060 Dietrich Streets', 90537376, 'user', 'https://s3.amazonaws.com/uifaces/faces/twitter/wtrsld/128.jpg');
INSERT INTO credit_card VALUES (6709710306648200, 'Joey74@gmail.com', '2021-11-03T03:11:42.554Z', 169);
INSERT INTO pet VALUES ('Demetrius', 'Joey74@gmail.com', 'Duck', 'Placeat in reiciendis dolores autem.', 'Alias quae eveniet dolore.');
INSERT INTO part_time_ct VALUES ('Joey74@gmail.com');
INSERT INTO pt_free_schedule VALUES ('Joey74@gmail.com', '2020-11-14T15:06:00.079Z', '2020-12-24T05:11:56.074Z');
INSERT INTO pt_specializes_in VALUES ('Joey74@gmail.com', 'Chameleons (Veiled)', 6);
INSERT INTO pt_specializes_in VALUES ('Joey74@gmail.com', 'Fish', 2);
INSERT INTO pt_specializes_in VALUES ('Joey74@gmail.com', 'Pot Bellied Pig', 1);

INSERT INTO person VALUES ('Lukas.Mayer16@gmail.com', 'Kendall Little', '$2b$10$rIqmDwqhToE5DdadwTSgAul4fSZJhl55regGPPcdZMrMY6Pa57sXS', '9836 Ratke Plain', 90273550, 'user', 'https://s3.amazonaws.com/uifaces/faces/twitter/notbadart/128.jpg');
INSERT INTO credit_card VALUES (6759236254665553, 'Lukas.Mayer16@gmail.com', '2021-02-22T14:53:42.540Z', 033);
INSERT INTO pet VALUES ('Alana', 'Lukas.Mayer16@gmail.com', 'Chinchilla', 'Eveniet enim optio nam dicta eos quisquam odio.', 'Quas in repellendus molestias quia omnis neque adipisci.');
INSERT INTO full_time_ct VALUES ('Lukas.Mayer16@gmail.com');
INSERT INTO ft_specializes_in VALUES ('Lukas.Mayer16@gmail.com', 'Gerbil', 12);
INSERT INTO ft_specializes_in VALUES ('Lukas.Mayer16@gmail.com', 'Peafowl', 10);
INSERT INTO ft_specializes_in VALUES ('Lukas.Mayer16@gmail.com', 'Pot Bellied Pig', 8);

INSERT INTO person VALUES ('Sydnie_Johns@hotmail.com', 'Jayne Ondricka', '$2b$10$rIqmDwqhToE5DdadwTSgAuoJo/kzIiBlIY8DSSRnmJRm.kNVI7AZ2', '17757 Jamison Road', 90142156, 'user', 'https://s3.amazonaws.com/uifaces/faces/twitter/sydlawrence/128.jpg');

INSERT INTO person VALUES ('Andy_Maggio69@hotmail.com', 'Isaac Collins', '$2b$10$rIqmDwqhToE5DdadwTSgAuIfE3vtc9PCvnSt1C7TAokK34CIuuZpW', '559 Nia Bridge', 90664882, 'user', 'https://s3.amazonaws.com/uifaces/faces/twitter/ademilter/128.jpg');

INSERT INTO person VALUES ('Breanna80@yahoo.com', 'Nathanial Wyman', '$2b$10$rIqmDwqhToE5DdadwTSgAuD2tQoHxT36gNiXxuF7eGiZlrS90L2pS', '1328 Johns Road', 90230462, 'user', 'https://s3.amazonaws.com/uifaces/faces/twitter/magoo04/128.jpg');
INSERT INTO full_time_ct VALUES ('Breanna80@yahoo.com');
INSERT INTO ft_specializes_in VALUES ('Breanna80@yahoo.com', 'Donkey', 10);
INSERT INTO ft_specializes_in VALUES ('Breanna80@yahoo.com', 'Ponie', 3);

INSERT INTO person VALUES ('Cassidy_Kovacek@yahoo.com', 'Dayton Kihn', '$2b$10$rIqmDwqhToE5DdadwTSgAuvheI2OSgzLn/XZdfrP7HiTMOtDJOzrO', '65623 Mohr Neck', 90841931, 'user', 'https://s3.amazonaws.com/uifaces/faces/twitter/ehsandiary/128.jpg');
INSERT INTO full_time_ct VALUES ('Cassidy_Kovacek@yahoo.com');
INSERT INTO ft_specializes_in VALUES ('Cassidy_Kovacek@yahoo.com', 'Geese (Chinese Swan Goose)', 4);
INSERT INTO ft_specializes_in VALUES ('Cassidy_Kovacek@yahoo.com', 'Ponie', 4);

INSERT INTO person VALUES ('Junius.Hayes76@hotmail.com', 'Brett Beatty', '$2b$10$rIqmDwqhToE5DdadwTSgAuR9SI3TqhqD0H7btEQQH9exhHzF4d9Fy', '33810 Rohan Freeway', 90496467, 'user', 'https://s3.amazonaws.com/uifaces/faces/twitter/enjoythetau/128.jpg');
INSERT INTO credit_card VALUES (4537491558378, 'Junius.Hayes76@hotmail.com', '2025-01-24T19:54:23.190Z', 949);
INSERT INTO pet VALUES ('Oceane', 'Junius.Hayes76@hotmail.com', 'Goat', 'Est consequatur esse.', 'Omnis dolor nemo quia fugiat voluptatem sed ea.');
INSERT INTO full_time_ct VALUES ('Junius.Hayes76@hotmail.com');
INSERT INTO ft_specializes_in VALUES ('Junius.Hayes76@hotmail.com', 'Hamster', 12);
INSERT INTO ft_specializes_in VALUES ('Junius.Hayes76@hotmail.com', 'Pig', 7);

INSERT INTO person VALUES ('Petra.Mertz@yahoo.com', 'Santina Huel', '$2b$10$rIqmDwqhToE5DdadwTSgAufBNChx3QVckcee.zrRb2q1VX3wuSySi', '7604 Stanton Creek', 90638703, 'user', 'https://s3.amazonaws.com/uifaces/faces/twitter/ifarafonow/128.jpg');

INSERT INTO person VALUES ('Roscoe_Ratke31@gmail.com', 'Jerald Bogan', '$2b$10$rIqmDwqhToE5DdadwTSgAuT79DPRIO5TnkBHsZwJrLXPRa16fwsbO', '46180 Aufderhar Spring', 90583286, 'user', 'https://s3.amazonaws.com/uifaces/faces/twitter/jonkspr/128.jpg');

INSERT INTO person VALUES ('Shannon74@yahoo.com', 'Eden Simonis', '$2b$10$rIqmDwqhToE5DdadwTSgAuhWKXY8JUtRJYxgfCbWXaGk.tFcATK5S', '24620 Ankunding Street', 90537277, 'user', 'https://s3.amazonaws.com/uifaces/faces/twitter/aleinadsays/128.jpg');
INSERT INTO credit_card VALUES (4753958290850, 'Shannon74@yahoo.com', '2021-04-04T16:34:30.208Z', 395);
INSERT INTO pet VALUES ('Jefferey', 'Shannon74@yahoo.com', 'Mule', 'Voluptate consequatur et harum minima sequi rerum et nihil nihil.', 'Laboriosam fuga aut qui.');
INSERT INTO full_time_ct VALUES ('Shannon74@yahoo.com');
INSERT INTO ft_specializes_in VALUES ('Shannon74@yahoo.com', 'Llama', 6);
INSERT INTO ft_specializes_in VALUES ('Shannon74@yahoo.com', 'Mice', 16);
INSERT INTO ft_specializes_in VALUES ('Shannon74@yahoo.com', 'Pot Bellied Pig', 18);

INSERT INTO person VALUES ('Bradford_Ondricka33@yahoo.com', 'Lyric Keeling', '$2b$10$rIqmDwqhToE5DdadwTSgAufDw0B5/Yv.DOiha8VpxtHg4SgLV2xjq', '23432 Simone Road', 90898204, 'user', 'https://s3.amazonaws.com/uifaces/faces/twitter/carlyson/128.jpg');
INSERT INTO credit_card VALUES (5020025450146154, 'Bradford_Ondricka33@yahoo.com', '2021-12-10T20:28:01.220Z', 718);
INSERT INTO pet VALUES ('Kaela', 'Bradford_Ondricka33@yahoo.com', 'Chameleons (Veiled)', 'Ipsa eos harum blanditiis commodi sequi ab ut.', 'Rerum quas doloribus eum atque dicta aperiam temporibus.');

INSERT INTO person VALUES ('Kelsie14@yahoo.com', 'Idella Crona', '$2b$10$rIqmDwqhToE5DdadwTSgAuBnT2j7tBu29Uas7HiJe3VgOupr1pInC', '5933 Geovanny Rapids', 90104161, 'user', 'https://s3.amazonaws.com/uifaces/faces/twitter/sachingawas/128.jpg');

INSERT INTO person VALUES ('Angelo.Raynor2@yahoo.com', 'Roma Lowe', '$2b$10$rIqmDwqhToE5DdadwTSgAuh8C/qdb/8K1dpPgNNpzfccGVnAF6b2C', '335 Pagac Hills', 90270501, 'user', 'https://s3.amazonaws.com/uifaces/faces/twitter/naupintos/128.jpg');

INSERT INTO person VALUES ('Levi.Hammes30@gmail.com', 'Rudy Haley', '$2b$10$rIqmDwqhToE5DdadwTSgAufobqLg/gIOPk18O1SGJAGIF68YlOdvS', '19176 Neal Dale', 90704680, 'user', 'https://s3.amazonaws.com/uifaces/faces/twitter/deeenright/128.jpg');
INSERT INTO credit_card VALUES (6767918741943791, 'Levi.Hammes30@gmail.com', '2021-05-19T16:54:09.069Z', 488);
INSERT INTO pet VALUES ('Giovanna', 'Levi.Hammes30@gmail.com', 'Chicken', 'Delectus fugit omnis consequatur.', 'Nisi et expedita dicta voluptates et minus illo.');

INSERT INTO person VALUES ('Valerie12@hotmail.com', 'Aiyana Koelpin', '$2b$10$rIqmDwqhToE5DdadwTSgAu/iVubwLS1v0BgciZlrhbnZyV.4AWnjS', '92801 Boyer Rest', 90662688, 'user', 'https://s3.amazonaws.com/uifaces/faces/twitter/n3dmax/128.jpg');
INSERT INTO credit_card VALUES (6011621184662454, 'Valerie12@hotmail.com', '2021-07-31T05:45:12.881Z', 486);
INSERT INTO pet VALUES ('Candida', 'Valerie12@hotmail.com', 'Fish', 'Maiores porro provident delectus hic facere debitis explicabo sunt non.', 'Delectus minus numquam dolore odio.');

INSERT INTO person VALUES ('Hanna.Davis@gmail.com', 'Gloria Orn', '$2b$10$rIqmDwqhToE5DdadwTSgAuOM5Zs0W7pjJBF2jRhpuZx6WDWjZyXhy', '00936 Heaney Orchard', 90847433, 'user', 'https://s3.amazonaws.com/uifaces/faces/twitter/9lessons/128.jpg');
INSERT INTO credit_card VALUES (6387601455141522, 'Hanna.Davis@gmail.com', '2021-05-20T04:53:47.785Z', 495);
INSERT INTO pet VALUES ('Lafayette', 'Hanna.Davis@gmail.com', 'Chicken', 'Eos delectus eius molestias rerum animi repellendus id.', 'Officia eveniet asperiores officia.');

INSERT INTO person VALUES ('Chanel_Spencer@gmail.com', 'Shane Daniel', '$2b$10$rIqmDwqhToE5DdadwTSgAu51YdhvCgEZzXm7sCZbt1sJXHsZtTLLK', '5448 Green Land', 90838653, 'user', 'https://s3.amazonaws.com/uifaces/faces/twitter/bagawarman/128.jpg');

INSERT INTO person VALUES ('Erika_OHara@gmail.com', 'Nyasia Wunsch', '$2b$10$rIqmDwqhToE5DdadwTSgAuqBSZUGCIny/ZB0a8PEVyisSlX6xI7Pa', '436 Dusty Forge', 90547813, 'user', 'https://s3.amazonaws.com/uifaces/faces/twitter/ffbel/128.jpg');
INSERT INTO credit_card VALUES (6767375313510432, 'Erika_OHara@gmail.com', '2021-08-27T08:30:04.097Z', 752);
INSERT INTO pet VALUES ('Elna', 'Erika_OHara@gmail.com', 'Iguana', 'Enim doloremque debitis qui earum ad dolorum voluptatem.', 'Sit cumque tempore animi dolor.');
INSERT INTO part_time_ct VALUES ('Erika_OHara@gmail.com');
INSERT INTO pt_free_schedule VALUES ('Erika_OHara@gmail.com', '2020-11-14T22:48:52.274Z', '2021-09-02T07:43:34.418Z');
INSERT INTO pt_specializes_in VALUES ('Erika_OHara@gmail.com', 'Pig', 8);

INSERT INTO person VALUES ('Ashlee75@hotmail.com', 'Mafalda Blick', '$2b$10$rIqmDwqhToE5DdadwTSgAuTofMslyGzL1NZ/QN7csReF5trYNeGfm', '60706 Monica Radial', 90194869, 'user', 'https://s3.amazonaws.com/uifaces/faces/twitter/marclgonzales/128.jpg');
INSERT INTO full_time_ct VALUES ('Ashlee75@hotmail.com');
INSERT INTO ft_specializes_in VALUES ('Ashlee75@hotmail.com', 'Ferret', 9);

INSERT INTO person VALUES ('Rosalyn46@gmail.com', 'Jeramie Volkman', '$2b$10$rIqmDwqhToE5DdadwTSgAuTWrE7XafJIXdut94zl/qDL4J3Yfv2HW', '8306 Cronin Grove', 90853321, 'user', 'https://s3.amazonaws.com/uifaces/faces/twitter/r_garcia/128.jpg');
INSERT INTO credit_card VALUES (30580557478202, 'Rosalyn46@gmail.com', '2021-01-15T01:54:25.671Z', 063);
INSERT INTO pet VALUES ('Jany', 'Rosalyn46@gmail.com', 'Mule', 'Dolorum mollitia non quaerat quo repellat.', 'Amet accusamus qui.');

INSERT INTO person VALUES ('Josue.Bartell@yahoo.com', 'Mandy Kihn', '$2b$10$rIqmDwqhToE5DdadwTSgAuqNXaZRv3ilNeXlVjIlye7hs9HSVPhhW', '71477 Larkin Mills', 90297570, 'user', 'https://s3.amazonaws.com/uifaces/faces/twitter/igorgarybaldi/128.jpg');
INSERT INTO credit_card VALUES (340597384679567, 'Josue.Bartell@yahoo.com', '2021-04-09T21:48:26.146Z', 692);
INSERT INTO pet VALUES ('Jamaal', 'Josue.Bartell@yahoo.com', 'Hedgehog', 'Consequatur dicta natus laboriosam vel dolore sequi praesentium fugiat.', 'Modi facere aut consequatur dicta maxime.');

INSERT INTO person VALUES ('Lenna30@yahoo.com', 'Mustafa Sipes', '$2b$10$rIqmDwqhToE5DdadwTSgAuPZWnu7Ks8BqN3oz3UZkn4azz../YVBO', '64668 Ottis Spurs', 90515615, 'user', 'https://s3.amazonaws.com/uifaces/faces/twitter/jmfsocial/128.jpg');

INSERT INTO person VALUES ('Domenica_Ondricka1@gmail.com', 'Carmen Langosh', '$2b$10$rIqmDwqhToE5DdadwTSgAuAoex.j0H6e80GkYIoOKWfIIEAkwumYa', '836 OKeefe Squares', 90888109, 'user', 'https://s3.amazonaws.com/uifaces/faces/twitter/jarjan/128.jpg');
INSERT INTO credit_card VALUES (5487373115143301, 'Domenica_Ondricka1@gmail.com', '2021-05-30T03:12:18.484Z', 151);
INSERT INTO pet VALUES ('Lilliana', 'Domenica_Ondricka1@gmail.com', 'Gerbil', 'Porro numquam et.', 'Nisi magni quas libero perspiciatis.');
INSERT INTO full_time_ct VALUES ('Domenica_Ondricka1@gmail.com');
INSERT INTO ft_specializes_in VALUES ('Domenica_Ondricka1@gmail.com', 'Geese (Chinese Swan Goose)', 2);

INSERT INTO person VALUES ('Webster36@hotmail.com', 'Bulah Wisozk', '$2b$10$rIqmDwqhToE5DdadwTSgAumokaQySTiO3uKJchOrAs69jZ1I4Lc7G', '016 Aliyah Throughway', 90065373, 'user', 'https://s3.amazonaws.com/uifaces/faces/twitter/manigm/128.jpg');

INSERT INTO person VALUES ('Easton62@gmail.com', 'Jessika Bayer', '$2b$10$rIqmDwqhToE5DdadwTSgAuWeibpqfWKFchUI/VDjDLTLWDdkQyaMK', '21356 Orion Neck', 90050601, 'user', 'https://s3.amazonaws.com/uifaces/faces/twitter/alxndrustinov/128.jpg');
INSERT INTO credit_card VALUES (6771152247247161, 'Easton62@gmail.com', '2023-09-17T02:58:14.379Z', 977);
INSERT INTO pet VALUES ('Rey', 'Easton62@gmail.com', 'Gecko', 'Ut animi modi amet est.', 'Consequatur totam porro eaque voluptas fugit totam.');

INSERT INTO person VALUES ('Nedra.Durgan24@gmail.com', 'Delphine Rohan', '$2b$10$rIqmDwqhToE5DdadwTSgAuWMx8T7zuv5ru9qYhyVmM8Xjv55SyP6e', '4752 Jermain Neck', 90270296, 'user', 'https://s3.amazonaws.com/uifaces/faces/twitter/salleedesign/128.jpg');
INSERT INTO part_time_ct VALUES ('Nedra.Durgan24@gmail.com');
INSERT INTO pt_free_schedule VALUES ('Nedra.Durgan24@gmail.com', '2020-11-15T04:51:40.111Z', '2021-08-20T20:09:59.319Z');
INSERT INTO pt_specializes_in VALUES ('Nedra.Durgan24@gmail.com', 'Burro', 17);
INSERT INTO pt_specializes_in VALUES ('Nedra.Durgan24@gmail.com', 'Ferret', 17);

INSERT INTO person VALUES ('Barry48@gmail.com', 'Holly Watsica', '$2b$10$rIqmDwqhToE5DdadwTSgAue6jYful3nnJ.nAgyNJcHX9dpq0pqELW', '59165 Candida Forks', 90250048, 'user', 'https://s3.amazonaws.com/uifaces/faces/twitter/katiemdaly/128.jpg');

INSERT INTO person VALUES ('Ivah10@gmail.com', 'Ashly Robel', '$2b$10$rIqmDwqhToE5DdadwTSgAuIzSeHFUn7TIB.b9HbvmqWUWbtFhajUm', '1617 Carroll Inlet', 90718495, 'user', 'https://s3.amazonaws.com/uifaces/faces/twitter/randomlies/128.jpg');
INSERT INTO credit_card VALUES (4529205656295349, 'Ivah10@gmail.com', '2020-11-18T23:22:46.086Z', 976);
INSERT INTO pet VALUES ('Vivianne', 'Ivah10@gmail.com', 'Guinea Fowl', 'Id velit nisi sint accusantium est.', 'Dignissimos quae esse et esse autem velit.');
INSERT INTO full_time_ct VALUES ('Ivah10@gmail.com');
INSERT INTO ft_specializes_in VALUES ('Ivah10@gmail.com', 'Gecko', 3);
INSERT INTO ft_specializes_in VALUES ('Ivah10@gmail.com', 'Hog', 4);

INSERT INTO person VALUES ('Brittany.Price57@gmail.com', 'Raegan Denesik', '$2b$10$rIqmDwqhToE5DdadwTSgAu1XE15HKoP0VrSTRiG/kNm5CFRZCbfRG', '41289 Ila Throughway', 90557506, 'user', 'https://s3.amazonaws.com/uifaces/faces/twitter/orkuncaylar/128.jpg');
INSERT INTO credit_card VALUES (6759232202711332, 'Brittany.Price57@gmail.com', '2022-02-13T04:35:05.113Z', 869);
INSERT INTO pet VALUES ('Jasen', 'Brittany.Price57@gmail.com', 'Bearded Dragon', 'Ratione omnis consequuntur.', 'Iusto temporibus dolorem qui.');
INSERT INTO full_time_ct VALUES ('Brittany.Price57@gmail.com');
INSERT INTO ft_specializes_in VALUES ('Brittany.Price57@gmail.com', 'Bird', 6);

INSERT INTO person VALUES ('Sydney19@hotmail.com', 'Avis Heller', '$2b$10$rIqmDwqhToE5DdadwTSgAutV8doAQKZdCFF9g4eh2Iq11phiFe.8O', '98560 Cale Walks', 90250892, 'user', 'https://s3.amazonaws.com/uifaces/faces/twitter/rtgibbons/128.jpg');
INSERT INTO credit_card VALUES (6304004632345698, 'Sydney19@hotmail.com', '2025-06-14T23:15:08.732Z', 833);
INSERT INTO pet VALUES ('Samantha', 'Sydney19@hotmail.com', 'Pigeon', 'Et cum dolorem adipisci odio dolores nisi.', 'Deleniti nobis at facilis dolorem recusandae sunt.');

INSERT INTO person VALUES ('Bertha_Will@yahoo.com', 'Spencer Koch', '$2b$10$rIqmDwqhToE5DdadwTSgAu66dKRjjvTEA2pqLObi2bM8628niI.bK', '53904 Funk Landing', 90827840, 'user', 'https://s3.amazonaws.com/uifaces/faces/twitter/kolage/128.jpg');
INSERT INTO credit_card VALUES (3528241036714062, 'Bertha_Will@yahoo.com', '2022-08-07T14:54:21.095Z', 463);
INSERT INTO pet VALUES ('Keshawn', 'Bertha_Will@yahoo.com', 'Horse', 'Recusandae ut ducimus aut aut alias quia ullam perspiciatis esse.', 'Sed architecto eos enim dolores nisi.');
INSERT INTO part_time_ct VALUES ('Bertha_Will@yahoo.com');
INSERT INTO pt_free_schedule VALUES ('Bertha_Will@yahoo.com', '2020-11-15T07:23:31.981Z', '2021-09-19T17:06:20.302Z');
INSERT INTO pt_specializes_in VALUES ('Bertha_Will@yahoo.com', 'Chinchilla', 5);

INSERT INTO person VALUES ('Cordia_Renner15@gmail.com', 'Tommie Pfannerstill', '$2b$10$rIqmDwqhToE5DdadwTSgAuLpFNb/9gquMAdbFlYRJkzmtAnQaQVYe', '13767 Brown Crescent', 90089662, 'user', 'https://s3.amazonaws.com/uifaces/faces/twitter/karthipanraj/128.jpg');
INSERT INTO credit_card VALUES (6767755630461082, 'Cordia_Renner15@gmail.com', '2024-07-15T02:15:02.113Z', 695);
INSERT INTO pet VALUES ('Bo', 'Cordia_Renner15@gmail.com', 'Ponie', 'Unde ipsum quae.', 'Doloremque possimus labore velit qui.');

INSERT INTO person VALUES ('Sammy.Veum@hotmail.com', 'Magnolia Sauer', '$2b$10$rIqmDwqhToE5DdadwTSgAuVVnvHn1VV4Z2A6SoMiuJAD75HqMLtWC', '969 Stephany Landing', 90590220, 'user', 'https://s3.amazonaws.com/uifaces/faces/twitter/dawidwu/128.jpg');
INSERT INTO credit_card VALUES (6759863500516617, 'Sammy.Veum@hotmail.com', '2021-08-25T16:52:35.918Z', 054);
INSERT INTO pet VALUES ('Chasity', 'Sammy.Veum@hotmail.com', 'Ferret', 'Accusantium dolores sed nulla illo voluptatem quos dolores iusto.', 'Rerum sunt voluptatem quibusdam consequatur et voluptas labore dolor minus.');

INSERT INTO person VALUES ('Milton_Marvin81@gmail.com', 'Lilly Block', '$2b$10$rIqmDwqhToE5DdadwTSgAuBOtS.cAYyPdyZNdJDNEWX/08UOUeK7W', '28081 Noemie Streets', 90725286, 'user', 'https://s3.amazonaws.com/uifaces/faces/twitter/vonachoo/128.jpg');
INSERT INTO credit_card VALUES (4946245256894, 'Milton_Marvin81@gmail.com', '2021-10-04T21:21:40.357Z', 013);
INSERT INTO pet VALUES ('Raina', 'Milton_Marvin81@gmail.com', 'Ferret', 'Sit cumque laudantium iste voluptas hic quia molestias omnis delectus.', 'Quis et eum.');
INSERT INTO part_time_ct VALUES ('Milton_Marvin81@gmail.com');
INSERT INTO pt_free_schedule VALUES ('Milton_Marvin81@gmail.com', '2020-11-15T00:14:03.240Z', '2021-08-17T00:45:22.402Z');
INSERT INTO pt_specializes_in VALUES ('Milton_Marvin81@gmail.com', 'Chameleons (Veiled)', 12);
INSERT INTO pt_specializes_in VALUES ('Milton_Marvin81@gmail.com', 'Goat', 1);
INSERT INTO pt_specializes_in VALUES ('Milton_Marvin81@gmail.com', 'Rabbit', 16);

INSERT INTO person VALUES ('Alda.Prosacco74@yahoo.com', 'Kolby Weber', '$2b$10$rIqmDwqhToE5DdadwTSgAuXINXSO0z1FdvPNFV8TIOIUECmLYSeNK', '711 Maeve Valley', 90347412, 'user', 'https://s3.amazonaws.com/uifaces/faces/twitter/vitor376/128.jpg');
INSERT INTO full_time_ct VALUES ('Alda.Prosacco74@yahoo.com');
INSERT INTO ft_specializes_in VALUES ('Alda.Prosacco74@yahoo.com', 'Bearded Dragon', 1);

INSERT INTO person VALUES ('Montana_Osinski@yahoo.com', 'Doris Russel', '$2b$10$rIqmDwqhToE5DdadwTSgAucK6kJnNLOGWw1EBpIR7bVri/9DGawG2', '0981 Noah Field', 90336342, 'user', 'https://s3.amazonaws.com/uifaces/faces/twitter/stan/128.jpg');
INSERT INTO credit_card VALUES (4765472903204, 'Montana_Osinski@yahoo.com', '2022-03-16T10:11:24.348Z', 854);
INSERT INTO pet VALUES ('Vincenza', 'Montana_Osinski@yahoo.com', 'Mule', 'Optio blanditiis harum molestias delectus repellat quia accusantium a.', 'Ut adipisci sapiente.');

INSERT INTO person VALUES ('Hans.Cummings12@yahoo.com', 'Dejuan Predovic', '$2b$10$rIqmDwqhToE5DdadwTSgAur5aY.Q51ZeGVS1dq6rUUKqbQmf8otjW', '8565 Wava Pass', 90811788, 'user', 'https://s3.amazonaws.com/uifaces/faces/twitter/jydesign/128.jpg');

INSERT INTO person VALUES ('Lavinia.Ziemann21@yahoo.com', 'Alan Wuckert', '$2b$10$rIqmDwqhToE5DdadwTSgAuq0M1j.tD01L.rE6J6Hv/q1jpoXk4yNq', '694 Little Common', 90629099, 'user', 'https://s3.amazonaws.com/uifaces/faces/twitter/nomidesigns/128.jpg');
INSERT INTO credit_card VALUES (3589888930044576, 'Lavinia.Ziemann21@yahoo.com', '2022-07-21T05:40:20.309Z', 622);
INSERT INTO pet VALUES ('Terrence', 'Lavinia.Ziemann21@yahoo.com', 'Gerbil', 'Saepe sed autem est et quisquam laborum tenetur.', 'Ex est reiciendis quasi.');

INSERT INTO person VALUES ('Henderson_Fritsch@hotmail.com', 'Elbert Durgan', '$2b$10$rIqmDwqhToE5DdadwTSgAueX5fskx0821xznox2XNi/rAjoRS3XZ2', '4734 Kreiger Station', 90474487, 'user', 'https://s3.amazonaws.com/uifaces/faces/twitter/juamperro/128.jpg');
INSERT INTO credit_card VALUES (6767502191695151, 'Henderson_Fritsch@hotmail.com', '2021-03-23T14:59:18.831Z', 157);
INSERT INTO pet VALUES ('Weston', 'Henderson_Fritsch@hotmail.com', 'Hog', 'Ex voluptas autem ut sint est.', 'Non nemo voluptatem officia deserunt inventore perspiciatis iste sit.');
INSERT INTO full_time_ct VALUES ('Henderson_Fritsch@hotmail.com');
INSERT INTO ft_specializes_in VALUES ('Henderson_Fritsch@hotmail.com', 'Ferret', 20);
INSERT INTO ft_specializes_in VALUES ('Henderson_Fritsch@hotmail.com', 'Mule', 5);

INSERT INTO person VALUES ('Jena_Goyette48@hotmail.com', 'Annamarie Zieme', '$2b$10$rIqmDwqhToE5DdadwTSgAuBK4SJQdf/ytq7LdD9uJ0H3GCxBabCy.', '24646 Lenny Rue', 90941169, 'user', 'https://s3.amazonaws.com/uifaces/faces/twitter/her_ruu/128.jpg');

INSERT INTO person VALUES ('Kamren_Heathcote@hotmail.com', 'Will DuBuque', '$2b$10$rIqmDwqhToE5DdadwTSgAuus7zry.iV2MWJzqT/98i.RgSHrSMv5q', '84669 Dorthy Common', 90788783, 'user', 'https://s3.amazonaws.com/uifaces/faces/twitter/xadhix/128.jpg');
INSERT INTO part_time_ct VALUES ('Kamren_Heathcote@hotmail.com');
INSERT INTO pt_free_schedule VALUES ('Kamren_Heathcote@hotmail.com', '2020-11-15T03:54:46.518Z', '2021-06-18T13:16:26.838Z');
INSERT INTO pt_specializes_in VALUES ('Kamren_Heathcote@hotmail.com', 'Chicken', 6);
INSERT INTO pt_specializes_in VALUES ('Kamren_Heathcote@hotmail.com', 'Cow', 12);
INSERT INTO pt_specializes_in VALUES ('Kamren_Heathcote@hotmail.com', 'Fish', 13);

INSERT INTO person VALUES ('Annamae4@hotmail.com', 'Marcelino Orn', '$2b$10$rIqmDwqhToE5DdadwTSgAu5e/1Zvjz7bx7r.2OzXUJdT2mFbbDAr.', '964 Freeman Run', 90458318, 'user', 'https://s3.amazonaws.com/uifaces/faces/twitter/fotomagin/128.jpg');
INSERT INTO full_time_ct VALUES ('Annamae4@hotmail.com');
INSERT INTO ft_specializes_in VALUES ('Annamae4@hotmail.com', 'Chicken', 6);
INSERT INTO ft_specializes_in VALUES ('Annamae4@hotmail.com', 'Guinea Pig', 19);

INSERT INTO person VALUES ('Cody31@hotmail.com', 'Virgie Kassulke', '$2b$10$rIqmDwqhToE5DdadwTSgAusBcwyecXDkvM0bzmBVPvyWJviIt.cze', '52347 Demarco Hill', 90371102, 'user', 'https://s3.amazonaws.com/uifaces/faces/twitter/nelshd/128.jpg');

INSERT INTO person VALUES ('Cristian.Ledner45@hotmail.com', 'Valerie Murphy', '$2b$10$rIqmDwqhToE5DdadwTSgAu/.lHR8a01W7.Y47fXprkNLZ3MzkzZ2a', '8120 Kayli Parkways', 90715841, 'user', 'https://s3.amazonaws.com/uifaces/faces/twitter/benoitboucart/128.jpg');

INSERT INTO person VALUES ('Trevor40@gmail.com', 'Clay Tromp', '$2b$10$rIqmDwqhToE5DdadwTSgAuP/ne/dSEshXRxcAYKRM7U36QuksZfxe', '9916 Howe Islands', 90788879, 'user', 'https://s3.amazonaws.com/uifaces/faces/twitter/silv3rgvn/128.jpg');
INSERT INTO part_time_ct VALUES ('Trevor40@gmail.com');
INSERT INTO pt_free_schedule VALUES ('Trevor40@gmail.com', '2020-11-14T22:43:30.879Z', '2021-02-24T01:04:48.674Z');
INSERT INTO pt_specializes_in VALUES ('Trevor40@gmail.com', 'Bird', 20);
INSERT INTO pt_specializes_in VALUES ('Trevor40@gmail.com', 'Iguana', 1);

INSERT INTO person VALUES ('Mattie_Roberts@gmail.com', 'Samanta Hilpert', '$2b$10$rIqmDwqhToE5DdadwTSgAuKixFnJFYoOQ47/ktiumnb5zO7wzzU6K', '120 Langworth Center', 90813211, 'user', 'https://s3.amazonaws.com/uifaces/faces/twitter/daykiine/128.jpg');

INSERT INTO person VALUES ('Miguel35@hotmail.com', 'Arno Lang', '$2b$10$rIqmDwqhToE5DdadwTSgAuoyjWEf7Q2QdS7x.ggE0.7V7rsVjOyF.', '698 Rebeka Unions', 90581755, 'user', 'https://s3.amazonaws.com/uifaces/faces/twitter/poormini/128.jpg');
INSERT INTO credit_card VALUES (6767757991083356, 'Miguel35@hotmail.com', '2022-03-03T06:15:45.954Z', 835);
INSERT INTO pet VALUES ('Ara', 'Miguel35@hotmail.com', 'Chinese Water Dragon', 'Repellat pariatur ut consequatur.', 'Et quasi vero quis accusamus illum id repudiandae dolorum occaecati.');

INSERT INTO person VALUES ('Margarita.Hermiston@yahoo.com', 'Anabelle Wilkinson', '$2b$10$rIqmDwqhToE5DdadwTSgAuaxOhyFW0TNwYH2ySPnGJURaoqhsfpIW', '603 Reichel Manors', 90367264, 'user', 'https://s3.amazonaws.com/uifaces/faces/twitter/al_li/128.jpg');
INSERT INTO credit_card VALUES (5487312437387057, 'Margarita.Hermiston@yahoo.com', '2024-03-21T03:50:05.726Z', 095);
INSERT INTO pet VALUES ('Sophie', 'Margarita.Hermiston@yahoo.com', 'Chinese Water Dragon', 'Doloremque reprehenderit nesciunt nobis.', 'Itaque velit voluptatibus cupiditate et.');
INSERT INTO full_time_ct VALUES ('Margarita.Hermiston@yahoo.com');
INSERT INTO ft_specializes_in VALUES ('Margarita.Hermiston@yahoo.com', 'Fish', 13);

INSERT INTO person VALUES ('Sigurd.Walter@gmail.com', 'Edythe Durgan', '$2b$10$rIqmDwqhToE5DdadwTSgAu7C9Q6ulEuuyzkAwXpna0ynzsl3RFBQG', '68959 Quinton Flat', 90608387, 'user', 'https://s3.amazonaws.com/uifaces/faces/twitter/rmlewisuk/128.jpg');
INSERT INTO credit_card VALUES (5020529325178955, 'Sigurd.Walter@gmail.com', '2021-09-10T01:19:50.556Z', 557);
INSERT INTO pet VALUES ('Trisha', 'Sigurd.Walter@gmail.com', 'Horse', 'Molestias corrupti alias qui quia ut et.', 'Id nihil aspernatur eaque neque ad dolore voluptas autem.');
INSERT INTO full_time_ct VALUES ('Sigurd.Walter@gmail.com');
INSERT INTO ft_specializes_in VALUES ('Sigurd.Walter@gmail.com', 'Cow', 9);

INSERT INTO person VALUES ('Brain.Littel@hotmail.com', 'Brennon Rowe', '$2b$10$rIqmDwqhToE5DdadwTSgAuJMJtw.zaILNRKwlyAISHkw4yhYj9IDW', '2654 Ankunding Rue', 90185172, 'user', 'https://s3.amazonaws.com/uifaces/faces/twitter/her_ruu/128.jpg');

INSERT INTO person VALUES ('Devante.Dickinson74@yahoo.com', 'Elijah Jacobs', '$2b$10$rIqmDwqhToE5DdadwTSgAu.DH5BlkgcJby0vwmo//GINZ6/4FRAqG', '309 Edd Mountain', 90495569, 'user', 'https://s3.amazonaws.com/uifaces/faces/twitter/jay_wilburn/128.jpg');
INSERT INTO full_time_ct VALUES ('Devante.Dickinson74@yahoo.com');
INSERT INTO ft_specializes_in VALUES ('Devante.Dickinson74@yahoo.com', 'Fish', 6);
INSERT INTO ft_specializes_in VALUES ('Devante.Dickinson74@yahoo.com', 'Guinea Fowl', 18);
INSERT INTO ft_specializes_in VALUES ('Devante.Dickinson74@yahoo.com', 'Peafowl', 16);

INSERT INTO person VALUES ('Eleanore34@hotmail.com', 'Allan Treutel', '$2b$10$rIqmDwqhToE5DdadwTSgAuEgL3e9Jh/848I1l7pP4qbKrcb63KcxG', '977 Daugherty Ridge', 90977202, 'user', 'https://s3.amazonaws.com/uifaces/faces/twitter/fotomagin/128.jpg');
INSERT INTO credit_card VALUES (4517301623590, 'Eleanore34@hotmail.com', '2022-04-22T19:31:24.265Z', 499);
INSERT INTO pet VALUES ('Lina', 'Eleanore34@hotmail.com', 'Rabbit', 'Aut aut dolores distinctio ut quia architecto mollitia quas quos.', 'Atque odit saepe nemo laboriosam ea.');
INSERT INTO full_time_ct VALUES ('Eleanore34@hotmail.com');
INSERT INTO ft_specializes_in VALUES ('Eleanore34@hotmail.com', 'Burro', 10);
INSERT INTO ft_specializes_in VALUES ('Eleanore34@hotmail.com', 'Chinchilla', 17);
INSERT INTO ft_specializes_in VALUES ('Eleanore34@hotmail.com', 'Hedgehog', 10);

INSERT INTO person VALUES ('Lesley.Morissette36@hotmail.com', 'Santina Bechtelar', '$2b$10$rIqmDwqhToE5DdadwTSgAuMlACpPi8slfW0dQFj0jjJM9k8FpTOIu', '571 Precious Mountains', 90931039, 'user', 'https://s3.amazonaws.com/uifaces/faces/twitter/desastrozo/128.jpg');

INSERT INTO person VALUES ('Jacey_Schoen@hotmail.com', 'Giovani Gutmann', '$2b$10$rIqmDwqhToE5DdadwTSgAupYkO1zOG44LNr2vnmzCpmuDADQhMY4W', '14678 Lynch Way', 90486907, 'user', 'https://s3.amazonaws.com/uifaces/faces/twitter/harry_sistalam/128.jpg');

INSERT INTO person VALUES ('Meda.Heller48@gmail.com', 'Maybell Hansen', '$2b$10$rIqmDwqhToE5DdadwTSgAuFJI8rtj3PYXvO6uaFcmBeo8Yp7CfgL2', '481 Jovan Mission', 90457332, 'user', 'https://s3.amazonaws.com/uifaces/faces/twitter/peterlandt/128.jpg');

INSERT INTO person VALUES ('Jermey63@hotmail.com', 'Dana Veum', '$2b$10$rIqmDwqhToE5DdadwTSgAuuuRjuzWYbOtVgZSH1qzSBsxqzkn/qOW', '5144 Abshire Canyon', 90027073, 'user', 'https://s3.amazonaws.com/uifaces/faces/twitter/dnezkumar/128.jpg');
INSERT INTO part_time_ct VALUES ('Jermey63@hotmail.com');
INSERT INTO pt_free_schedule VALUES ('Jermey63@hotmail.com', '2020-11-15T00:11:13.115Z', '2020-12-01T10:30:07.888Z');
INSERT INTO pt_specializes_in VALUES ('Jermey63@hotmail.com', 'Donkey', 2);
INSERT INTO pt_specializes_in VALUES ('Jermey63@hotmail.com', 'Geese (Chinese Swan Goose)', 1);
INSERT INTO pt_specializes_in VALUES ('Jermey63@hotmail.com', 'Rabbit', 18);

INSERT INTO person VALUES ('Lexie_MacGyver65@hotmail.com', 'Gilberto Champlin', '$2b$10$rIqmDwqhToE5DdadwTSgAu1D9gtXzMQO2CgjBmdn6cyqnA8IwQfNi', '349 Ebert Course', 90900849, 'user', 'https://s3.amazonaws.com/uifaces/faces/twitter/vanchesz/128.jpg');
INSERT INTO credit_card VALUES (4663763530386, 'Lexie_MacGyver65@hotmail.com', '2021-04-11T01:47:30.327Z', 978);
INSERT INTO pet VALUES ('Jalyn', 'Lexie_MacGyver65@hotmail.com', 'Ferret', 'Et quam sunt eaque sed.', 'Voluptate unde quae ducimus numquam qui ex temporibus aut atque.');

INSERT INTO person VALUES ('Joan69@hotmail.com', 'Lindsay Thompson', '$2b$10$rIqmDwqhToE5DdadwTSgAuvw1DAfYQSxlySfkODs4O5wpnz8TgHty', '586 Vena Street', 90414724, 'user', 'https://s3.amazonaws.com/uifaces/faces/twitter/terryxlife/128.jpg');
INSERT INTO part_time_ct VALUES ('Joan69@hotmail.com');
INSERT INTO pt_free_schedule VALUES ('Joan69@hotmail.com', '2020-11-14T13:25:29.690Z', '2021-04-14T21:38:49.685Z');
INSERT INTO pt_specializes_in VALUES ('Joan69@hotmail.com', 'Bird', 6);
INSERT INTO pt_specializes_in VALUES ('Joan69@hotmail.com', 'Pigeon', 8);

INSERT INTO person VALUES ('Nelda.Gusikowski83@yahoo.com', 'Nikita Cartwright', '$2b$10$rIqmDwqhToE5DdadwTSgAuIHGoEO6EhQtIyPi52BdbgTBiELMtExO', '626 Abbott Locks', 90768904, 'user', 'https://s3.amazonaws.com/uifaces/faces/twitter/n3dmax/128.jpg');

INSERT INTO person VALUES ('Reba.Maggio@yahoo.com', 'Lulu Schroeder', '$2b$10$rIqmDwqhToE5DdadwTSgAu81bQDyWU2/6MW1FiFE6a6Ld5tkmPKLu', '3204 Delta Manors', 90476134, 'user', 'https://s3.amazonaws.com/uifaces/faces/twitter/gcmorley/128.jpg');
INSERT INTO credit_card VALUES (6709599885437811, 'Reba.Maggio@yahoo.com', '2021-05-24T14:21:13.873Z', 319);
INSERT INTO pet VALUES ('Pete', 'Reba.Maggio@yahoo.com', 'Hedgehog', 'Est et temporibus.', 'Et sunt molestias sint.');
INSERT INTO full_time_ct VALUES ('Reba.Maggio@yahoo.com');
INSERT INTO ft_specializes_in VALUES ('Reba.Maggio@yahoo.com', 'Duck', 2);
INSERT INTO ft_specializes_in VALUES ('Reba.Maggio@yahoo.com', 'Mule', 8);

INSERT INTO person VALUES ('Jennifer94@gmail.com', 'Kaylah Hagenes', '$2b$10$rIqmDwqhToE5DdadwTSgAuI9ITiKu.r4TpmOuVdmUn94HltUskNrq', '24792 Arnoldo Course', 90115772, 'user', 'https://s3.amazonaws.com/uifaces/faces/twitter/n3dmax/128.jpg');
INSERT INTO full_time_ct VALUES ('Jennifer94@gmail.com');
INSERT INTO ft_specializes_in VALUES ('Jennifer94@gmail.com', 'Geese (Chinese Swan Goose)', 13);

INSERT INTO person VALUES ('Odessa62@hotmail.com', 'Velma Bode', '$2b$10$rIqmDwqhToE5DdadwTSgAuLiGtErcKQLPYwiJfUsSX1Nce0jUiIgW', '4143 Cayla Forest', 90941203, 'user', 'https://s3.amazonaws.com/uifaces/faces/twitter/mikemai2awesome/128.jpg');
INSERT INTO part_time_ct VALUES ('Odessa62@hotmail.com');
INSERT INTO pt_free_schedule VALUES ('Odessa62@hotmail.com', '2020-11-14T13:00:29.276Z', '2021-06-27T17:54:48.872Z');
INSERT INTO pt_specializes_in VALUES ('Odessa62@hotmail.com', 'Iguana', 11);

INSERT INTO person VALUES ('Tom.Mayert88@yahoo.com', 'Alexandre Willms', '$2b$10$rIqmDwqhToE5DdadwTSgAu9Xe64N8KsC7rVa6Nl5GHLwKLzjLHtFm', '0511 Oral Wall', 90609758, 'user', 'https://s3.amazonaws.com/uifaces/faces/twitter/tonymillion/128.jpg');

INSERT INTO person VALUES ('Iva41@gmail.com', 'Duane Harber', '$2b$10$rIqmDwqhToE5DdadwTSgAucwb22yJCap5Na1d7q1KgGmWnhTRfsr.', '84701 Jerde Shoals', 90201301, 'user', 'https://s3.amazonaws.com/uifaces/faces/twitter/gabrielrosser/128.jpg');

INSERT INTO person VALUES ('Zander23@hotmail.com', 'Dahlia Crooks', '$2b$10$rIqmDwqhToE5DdadwTSgAu8rpnPDCVPC9c4AR/E9Lr0WfA.hoKohu', '0873 Isac Springs', 90851866, 'user', 'https://s3.amazonaws.com/uifaces/faces/twitter/pechkinator/128.jpg');

INSERT INTO person VALUES ('Katherine.Johnson89@gmail.com', 'Jamarcus Wiegand', '$2b$10$rIqmDwqhToE5DdadwTSgAu1pUqF3nLfm/tq9gAiybjKMLrFD1YObO', '5481 Dayne Squares', 90685989, 'user', 'https://s3.amazonaws.com/uifaces/faces/twitter/thewillbeard/128.jpg');
INSERT INTO credit_card VALUES (4556996354602, 'Katherine.Johnson89@gmail.com', '2021-06-05T07:50:47.005Z', 000);
INSERT INTO pet VALUES ('Kiel', 'Katherine.Johnson89@gmail.com', 'Donkey', 'Ratione aperiam iusto porro voluptate sint.', 'Nulla eos est error nostrum nesciunt eum aliquid sed hic.');
INSERT INTO part_time_ct VALUES ('Katherine.Johnson89@gmail.com');
INSERT INTO pt_free_schedule VALUES ('Katherine.Johnson89@gmail.com', '2020-11-15T06:02:56.987Z', '2021-09-10T04:49:32.925Z');
INSERT INTO pt_specializes_in VALUES ('Katherine.Johnson89@gmail.com', 'Chinchilla', 1);
INSERT INTO pt_specializes_in VALUES ('Katherine.Johnson89@gmail.com', 'Mule', 0);

INSERT INTO person VALUES ('Tyrel_Murazik@gmail.com', 'Diana Kautzer', '$2b$10$rIqmDwqhToE5DdadwTSgAu1yJDrCldiJNYTwMp.aPdLYOUGvSEapG', '99032 Adela Lane', 90411009, 'user', 'https://s3.amazonaws.com/uifaces/faces/twitter/vladarbatov/128.jpg');
INSERT INTO credit_card VALUES (3528163020144486, 'Tyrel_Murazik@gmail.com', '2022-12-04T22:58:18.891Z', 109);
INSERT INTO pet VALUES ('Shannon', 'Tyrel_Murazik@gmail.com', 'Pot Bellied Pig', 'Et dolores et numquam voluptate incidunt optio minima accusantium.', 'Maxime quia itaque accusantium.');

INSERT INTO person VALUES ('Jacey.Welch@yahoo.com', 'Vidal Luettgen', '$2b$10$rIqmDwqhToE5DdadwTSgAuHRVYBM2IIuJzhU93eBLRQvKRNwm7jGy', '8929 Hudson Turnpike', 90934768, 'user', 'https://s3.amazonaws.com/uifaces/faces/twitter/ooomz/128.jpg');

INSERT INTO person VALUES ('Lillie_Barton@hotmail.com', 'Dawson Barrows', '$2b$10$rIqmDwqhToE5DdadwTSgAuSZd.4PidlFfgPG1f4Wrtt48MCyh290q', '1372 Danyka Orchard', 90989919, 'user', 'https://s3.amazonaws.com/uifaces/faces/twitter/denisepires/128.jpg');
INSERT INTO part_time_ct VALUES ('Lillie_Barton@hotmail.com');
INSERT INTO pt_free_schedule VALUES ('Lillie_Barton@hotmail.com', '2020-11-14T23:51:28.052Z', '2021-05-20T20:16:45.236Z');
INSERT INTO pt_specializes_in VALUES ('Lillie_Barton@hotmail.com', 'Ferret', 20);

INSERT INTO person VALUES ('Newell_Paucek40@gmail.com', 'Freeda Conn', '$2b$10$rIqmDwqhToE5DdadwTSgAug6v3aJ/840Y4Hku/M3UZpu58afql0j6', '2774 Alberta Crossroad', 90987847, 'user', 'https://s3.amazonaws.com/uifaces/faces/twitter/jitachi/128.jpg');
INSERT INTO full_time_ct VALUES ('Newell_Paucek40@gmail.com');
INSERT INTO ft_specializes_in VALUES ('Newell_Paucek40@gmail.com', 'Fish', 6);
INSERT INTO ft_specializes_in VALUES ('Newell_Paucek40@gmail.com', 'Goat', 0);
INSERT INTO ft_specializes_in VALUES ('Newell_Paucek40@gmail.com', 'Pigeon', 10);

INSERT INTO person VALUES ('Marley_Kertzmann39@yahoo.com', 'Rachel Wilderman', '$2b$10$rIqmDwqhToE5DdadwTSgAunH6ngHVtzkfHwjHxXSG4R.S1R.CKMJK', '983 Christophe Roads', 90047141, 'user', 'https://s3.amazonaws.com/uifaces/faces/twitter/depaulawagner/128.jpg');

INSERT INTO person VALUES ('Rosalinda30@yahoo.com', 'Shad Hintz', '$2b$10$rIqmDwqhToE5DdadwTSgAuH/dqPJVOWmXlY1.OhNVW6r1F1EIVeEa', '91970 Halle Mills', 90308088, 'user', 'https://s3.amazonaws.com/uifaces/faces/twitter/ah_lice/128.jpg');
INSERT INTO credit_card VALUES (6304982021937256, 'Rosalinda30@yahoo.com', '2022-08-01T15:15:36.479Z', 772);
INSERT INTO pet VALUES ('Maddison', 'Rosalinda30@yahoo.com', 'Guinea Pig', 'Tenetur natus laborum nihil libero fugit corrupti.', 'Eum nulla quae.');
INSERT INTO full_time_ct VALUES ('Rosalinda30@yahoo.com');
INSERT INTO ft_specializes_in VALUES ('Rosalinda30@yahoo.com', 'Donkey', 3);

INSERT INTO person VALUES ('Jerod24@gmail.com', 'Eulah Daugherty', '$2b$10$rIqmDwqhToE5DdadwTSgAuG3bOWCTuduCec5Kzz29Oexv50KaMkK.', '703 Osbaldo Gateway', 90081923, 'user', 'https://s3.amazonaws.com/uifaces/faces/twitter/joe_black/128.jpg');
INSERT INTO full_time_ct VALUES ('Jerod24@gmail.com');
INSERT INTO ft_specializes_in VALUES ('Jerod24@gmail.com', 'Chinchilla', 3);
INSERT INTO ft_specializes_in VALUES ('Jerod24@gmail.com', 'Guinea Fowl', 7);

INSERT INTO person VALUES ('Logan.Lynch34@gmail.com', 'Claude Bogan', '$2b$10$rIqmDwqhToE5DdadwTSgAuW7QLdhsw8kZ7Sjd.jAMfQSOabd6hZWO', '541 Bechtelar Isle', 90437801, 'user', 'https://s3.amazonaws.com/uifaces/faces/twitter/saarabpreet/128.jpg');

INSERT INTO person VALUES ('Peter.Aufderhar37@hotmail.com', 'Sonia Ullrich', '$2b$10$rIqmDwqhToE5DdadwTSgAuVinTBPO1ZBzTRP.3TNw5mnr1Wlel7LO', '042 Esperanza Village', 90790262, 'user', 'https://s3.amazonaws.com/uifaces/faces/twitter/j2deme/128.jpg');
INSERT INTO credit_card VALUES (36151150479488, 'Peter.Aufderhar37@hotmail.com', '2021-08-03T06:08:07.436Z', 954);
INSERT INTO pet VALUES ('Lauren', 'Peter.Aufderhar37@hotmail.com', 'Hedgehog', 'Et tenetur velit aut.', 'Enim excepturi quis perferendis.');
INSERT INTO full_time_ct VALUES ('Peter.Aufderhar37@hotmail.com');
INSERT INTO ft_specializes_in VALUES ('Peter.Aufderhar37@hotmail.com', 'Ferret', 10);
INSERT INTO ft_specializes_in VALUES ('Peter.Aufderhar37@hotmail.com', 'Horse', 16);

INSERT INTO person VALUES ('Rafaela70@hotmail.com', 'Nikita Cassin', '$2b$10$rIqmDwqhToE5DdadwTSgAuj2LIWAvECIFQ.2TiZ5DtCtbhLuTdvgu', '5637 Bruen Expressway', 90317249, 'user', 'https://s3.amazonaws.com/uifaces/faces/twitter/spacewood_/128.jpg');

INSERT INTO person VALUES ('Eliza_Deckow@gmail.com', 'Cristal Kuhic', '$2b$10$rIqmDwqhToE5DdadwTSgAuusnwk6PdP/Sf8U5veh4V0ggz2Em6JVa', '543 Watsica Center', 90184080, 'user', 'https://s3.amazonaws.com/uifaces/faces/twitter/kojourin/128.jpg');
INSERT INTO credit_card VALUES (4005977603518533, 'Eliza_Deckow@gmail.com', '2021-02-11T12:53:50.165Z', 053);
INSERT INTO pet VALUES ('Blair', 'Eliza_Deckow@gmail.com', 'Burro', 'Modi qui sit officiis libero quis officia.', 'Aut rerum eum velit sit.');

INSERT INTO person VALUES ('Melvin.Bruen@yahoo.com', 'Rex Kshlerin', '$2b$10$rIqmDwqhToE5DdadwTSgAu0IhqAXTka4mPHjQtlwitXfXnw.LsxE6', '0592 Katarina Ford', 90837738, 'user', 'https://s3.amazonaws.com/uifaces/faces/twitter/stushona/128.jpg');

INSERT INTO person VALUES ('Alfonso_Wiza85@yahoo.com', 'Araceli Franecki', '$2b$10$rIqmDwqhToE5DdadwTSgAu6EglmmmQnskjdIKs08KJ8v4tCd5n2yO', '7519 Hudson Summit', 90909190, 'user', 'https://s3.amazonaws.com/uifaces/faces/twitter/alxleroydeval/128.jpg');
INSERT INTO part_time_ct VALUES ('Alfonso_Wiza85@yahoo.com');
INSERT INTO pt_free_schedule VALUES ('Alfonso_Wiza85@yahoo.com', '2020-11-14T18:33:43.160Z', '2021-01-29T03:34:40.851Z');
INSERT INTO pt_specializes_in VALUES ('Alfonso_Wiza85@yahoo.com', 'Cow', 5);

INSERT INTO person VALUES ('Antonia.Gleason20@yahoo.com', 'Josue Lehner', '$2b$10$rIqmDwqhToE5DdadwTSgAuSWpAjdYIZ6jGbdTefOwWwbSK0KCPDnC', '17299 Wilderman Ports', 90112583, 'user', 'https://s3.amazonaws.com/uifaces/faces/twitter/demersdesigns/128.jpg');
INSERT INTO credit_card VALUES (4678201645545109, 'Antonia.Gleason20@yahoo.com', '2023-04-25T16:36:02.305Z', 714);
INSERT INTO pet VALUES ('Paolo', 'Antonia.Gleason20@yahoo.com', 'Cow', 'Sed voluptatem omnis aut quia ut.', 'Nobis laudantium iusto sit qui ducimus magnam.');

INSERT INTO person VALUES ('Arno.Ferry74@yahoo.com', 'Ross Kuvalis', '$2b$10$rIqmDwqhToE5DdadwTSgAua/xWk/lYdMKDFGS3tMsUyxoLP3eqnHC', '09171 Robel Loaf', 90090838, 'user', 'https://s3.amazonaws.com/uifaces/faces/twitter/saschadroste/128.jpg');
INSERT INTO credit_card VALUES (6508465714580801, 'Arno.Ferry74@yahoo.com', '2020-12-28T11:40:53.761Z', 344);
INSERT INTO pet VALUES ('Michael', 'Arno.Ferry74@yahoo.com', 'Hedgehog', 'Incidunt corporis dolor qui deleniti.', 'Eveniet consequatur nulla et minus a enim nemo quas.');
INSERT INTO part_time_ct VALUES ('Arno.Ferry74@yahoo.com');
INSERT INTO pt_free_schedule VALUES ('Arno.Ferry74@yahoo.com', '2020-11-15T06:16:50.102Z', '2021-01-01T22:55:35.582Z');
INSERT INTO pt_specializes_in VALUES ('Arno.Ferry74@yahoo.com', 'Hedgehog', 3);

INSERT INTO person VALUES ('Fernando.Altenwerth18@yahoo.com', 'Lenna Rosenbaum', '$2b$10$rIqmDwqhToE5DdadwTSgAuzlvVVWq6r3ImwqNmuvQmAzcmiz0EiTS', '94624 Cruickshank Ports', 90241651, 'user', 'https://s3.amazonaws.com/uifaces/faces/twitter/adellecharles/128.jpg');
INSERT INTO credit_card VALUES (6759830102521456, 'Fernando.Altenwerth18@yahoo.com', '2021-10-25T05:31:51.561Z', 265);
INSERT INTO pet VALUES ('Saul', 'Fernando.Altenwerth18@yahoo.com', 'Lizard', 'Rerum ut quia soluta facilis.', 'Nihil velit laborum dolorem inventore quibusdam neque placeat eveniet.');
INSERT INTO part_time_ct VALUES ('Fernando.Altenwerth18@yahoo.com');
INSERT INTO pt_free_schedule VALUES ('Fernando.Altenwerth18@yahoo.com', '2020-11-14T20:47:33.060Z', '2020-12-26T13:16:37.716Z');
INSERT INTO pt_specializes_in VALUES ('Fernando.Altenwerth18@yahoo.com', 'Pigeon', 18);

INSERT INTO person VALUES ('Rosamond_Franecki20@hotmail.com', 'Jazmin Harber', '$2b$10$rIqmDwqhToE5DdadwTSgAuIGLV1E3k/6VKd18raeJVexLoDeDgvze', '7298 Verlie Fork', 90807777, 'user', 'https://s3.amazonaws.com/uifaces/faces/twitter/donjain/128.jpg');
INSERT INTO part_time_ct VALUES ('Rosamond_Franecki20@hotmail.com');
INSERT INTO pt_free_schedule VALUES ('Rosamond_Franecki20@hotmail.com', '2020-11-14T22:58:23.208Z', '2021-04-17T09:17:43.732Z');
INSERT INTO pt_specializes_in VALUES ('Rosamond_Franecki20@hotmail.com', 'Cow', 13);
INSERT INTO pt_specializes_in VALUES ('Rosamond_Franecki20@hotmail.com', 'Donkey', 6);
INSERT INTO pt_specializes_in VALUES ('Rosamond_Franecki20@hotmail.com', 'Horse', 4);

INSERT INTO person VALUES ('Tyler20@gmail.com', 'Ryley Kessler', '$2b$10$rIqmDwqhToE5DdadwTSgAufpGlT73MRTOR.05xEEdIksBleE7GARS', '51391 Haag Street', 90880243, 'user', 'https://s3.amazonaws.com/uifaces/faces/twitter/jjshaw14/128.jpg');
INSERT INTO credit_card VALUES (6759964527917941, 'Tyler20@gmail.com', '2023-05-02T05:38:35.771Z', 184);
INSERT INTO pet VALUES ('Allie', 'Tyler20@gmail.com', 'Chameleons (Veiled)', 'Aliquid nihil consequatur.', 'Quo error ea velit dolorem et.');
INSERT INTO part_time_ct VALUES ('Tyler20@gmail.com');
INSERT INTO pt_free_schedule VALUES ('Tyler20@gmail.com', '2020-11-14T12:57:25.942Z', '2021-01-21T04:40:14.427Z');
INSERT INTO pt_specializes_in VALUES ('Tyler20@gmail.com', 'Chinese Water Dragon', 1);
INSERT INTO pt_specializes_in VALUES ('Tyler20@gmail.com', 'Horse', 2);

INSERT INTO person VALUES ('Albertha_Hills66@yahoo.com', 'Lily Kris', '$2b$10$rIqmDwqhToE5DdadwTSgAuA7Zdc6rAOGmojAS9qgmPZp73Sll36pK', '87941 Ilene Flat', 90728551, 'user', 'https://s3.amazonaws.com/uifaces/faces/twitter/soffes/128.jpg');
INSERT INTO credit_card VALUES (6759530158347982, 'Albertha_Hills66@yahoo.com', '2021-11-27T18:45:06.767Z', 744);
INSERT INTO pet VALUES ('Eladio', 'Albertha_Hills66@yahoo.com', 'Duck', 'Fugit ipsum ut nemo quia deleniti eos.', 'Velit error aspernatur facere et.');

INSERT INTO person VALUES ('Gerson_Harvey99@hotmail.com', 'Xzavier Lebsack', '$2b$10$rIqmDwqhToE5DdadwTSgAuJZA92CKfZ6LlcFt23FT7G3E/5BY13Za', '09235 Luettgen Springs', 90182345, 'user', 'https://s3.amazonaws.com/uifaces/faces/twitter/mizko/128.jpg');
INSERT INTO credit_card VALUES (3529070486264095, 'Gerson_Harvey99@hotmail.com', '2021-11-16T20:21:44.846Z', 733);
INSERT INTO pet VALUES ('Rylan', 'Gerson_Harvey99@hotmail.com', 'Duck', 'At necessitatibus sit sapiente voluptatum nihil velit est.', 'Delectus illum porro voluptates.');

INSERT INTO person VALUES ('Aniyah_Runte@yahoo.com', 'Major Rohan', '$2b$10$rIqmDwqhToE5DdadwTSgAu0CWbDgQ/U6tw4AFQN.c3WXNhjCgBcHq', '0096 Gorczany Walk', 90097848, 'user', 'https://s3.amazonaws.com/uifaces/faces/twitter/stushona/128.jpg');

INSERT INTO person VALUES ('Torrance49@hotmail.com', 'Oleta Beahan', '$2b$10$rIqmDwqhToE5DdadwTSgAugXlfxzuSe52FlOOl2Qu1iUGxOYya1Ze', '22376 McLaughlin Trail', 90611619, 'user', 'https://s3.amazonaws.com/uifaces/faces/twitter/mirfanqureshi/128.jpg');
INSERT INTO credit_card VALUES (6767952134823321, 'Torrance49@hotmail.com', '2021-03-18T08:30:56.406Z', 122);
INSERT INTO pet VALUES ('Concepcion', 'Torrance49@hotmail.com', 'Guinea Fowl', 'Et vel saepe natus.', 'Explicabo quia aliquam autem accusamus.');
INSERT INTO part_time_ct VALUES ('Torrance49@hotmail.com');
INSERT INTO pt_free_schedule VALUES ('Torrance49@hotmail.com', '2020-11-15T02:18:24.300Z', '2020-11-28T00:17:57.358Z');
INSERT INTO pt_specializes_in VALUES ('Torrance49@hotmail.com', 'Gerbil', 15);
INSERT INTO pt_specializes_in VALUES ('Torrance49@hotmail.com', 'Guinea Fowl', 17);

INSERT INTO person VALUES ('Lexi76@gmail.com', 'Deanna Williamson', '$2b$10$rIqmDwqhToE5DdadwTSgAu4tNP7SxMNOFc6iO3jnyhqzvFZ13q1km', '055 Einar Freeway', 90757008, 'user', 'https://s3.amazonaws.com/uifaces/faces/twitter/ashernatali/128.jpg');

INSERT INTO person VALUES ('Bud_Crooks@yahoo.com', 'Mabelle Tremblay', '$2b$10$rIqmDwqhToE5DdadwTSgAuTwweFTD.OJ5TGc9.affXM2JoNnUMqmO', '39510 Zulauf Rapid', 90647438, 'user', 'https://s3.amazonaws.com/uifaces/faces/twitter/rob_thomas10/128.jpg');
INSERT INTO credit_card VALUES (4068704826628899, 'Bud_Crooks@yahoo.com', '2021-10-29T11:47:40.365Z', 377);
INSERT INTO pet VALUES ('Concepcion', 'Bud_Crooks@yahoo.com', 'Pigeon', 'Placeat sit molestiae et mollitia ut et debitis.', 'Dolor aut quas.');
INSERT INTO part_time_ct VALUES ('Bud_Crooks@yahoo.com');
INSERT INTO pt_free_schedule VALUES ('Bud_Crooks@yahoo.com', '2020-11-14T16:20:20.302Z', '2021-03-04T06:45:37.883Z');
INSERT INTO pt_specializes_in VALUES ('Bud_Crooks@yahoo.com', 'Pig', 2);

INSERT INTO person VALUES ('Kirsten_Trantow23@gmail.com', 'Muhammad Greenfelder', '$2b$10$rIqmDwqhToE5DdadwTSgAuQhQ/IzP9TfVCcBJ.wTxV2DjYyCYZTbK', '1181 Von Bypass', 90321641, 'user', 'https://s3.amazonaws.com/uifaces/faces/twitter/andrewarrow/128.jpg');
INSERT INTO credit_card VALUES (6759362020798427, 'Kirsten_Trantow23@gmail.com', '2021-12-05T22:18:07.920Z', 175);
INSERT INTO pet VALUES ('Wilfred', 'Kirsten_Trantow23@gmail.com', 'Burro', 'Quam eius tempore.', 'Ut fugiat tempore optio aut.');

INSERT INTO person VALUES ('Alyson.Hamill80@gmail.com', 'Reid Conn', '$2b$10$rIqmDwqhToE5DdadwTSgAuxKr.wrTF1XEVvRR5AB8WvXlMAae5vnu', '21387 Jamarcus Estates', 90075793, 'user', 'https://s3.amazonaws.com/uifaces/faces/twitter/kumarrajan12123/128.jpg');
INSERT INTO credit_card VALUES (6767280594947693, 'Alyson.Hamill80@gmail.com', '2023-07-02T18:34:20.067Z', 093);
INSERT INTO pet VALUES ('Rahsaan', 'Alyson.Hamill80@gmail.com', 'Rabbit', 'Quod molestiae tempore cum voluptatem quisquam dolores adipisci et.', 'Nulla adipisci assumenda harum et quis.');
INSERT INTO full_time_ct VALUES ('Alyson.Hamill80@gmail.com');
INSERT INTO ft_specializes_in VALUES ('Alyson.Hamill80@gmail.com', 'Pig', 16);

INSERT INTO person VALUES ('Eloise_Raynor72@yahoo.com', 'Cristopher McGlynn', '$2b$10$rIqmDwqhToE5DdadwTSgAuLJNjzwpW0yS0eGBzKC2S.ogvAuCS3v6', '592 Stiedemann Plaza', 90312234, 'user', 'https://s3.amazonaws.com/uifaces/faces/twitter/nicolasfolliot/128.jpg');
INSERT INTO credit_card VALUES (6011018524859630, 'Eloise_Raynor72@yahoo.com', '2021-04-20T08:27:58.946Z', 043);
INSERT INTO pet VALUES ('Werner', 'Eloise_Raynor72@yahoo.com', 'Goat', 'Culpa ad ex quibusdam recusandae praesentium possimus repellendus nam quidem.', 'Aut voluptas et voluptatem distinctio omnis cumque vitae sapiente dolor.');

INSERT INTO person VALUES ('Reynold14@gmail.com', 'Phoebe Becker', '$2b$10$rIqmDwqhToE5DdadwTSgAuiyAcTOMEjdfgcszQhqiO2TmYYFCag6u', '05119 Schinner Parks', 90798628, 'user', 'https://s3.amazonaws.com/uifaces/faces/twitter/vicivadeline/128.jpg');
INSERT INTO credit_card VALUES (5038288912439081, 'Reynold14@gmail.com', '2021-07-12T01:48:48.776Z', 133);
INSERT INTO pet VALUES ('Warren', 'Reynold14@gmail.com', 'Mule', 'Aut sunt nobis ut dolores aperiam illo quo vitae doloribus.', 'Voluptatum inventore et inventore nostrum ut.');
INSERT INTO full_time_ct VALUES ('Reynold14@gmail.com');
INSERT INTO ft_specializes_in VALUES ('Reynold14@gmail.com', 'Bearded Dragon', 10);
INSERT INTO ft_specializes_in VALUES ('Reynold14@gmail.com', 'Guinea Fowl', 2);

INSERT INTO person VALUES ('Daphnee.Morissette@hotmail.com', 'Benton McDermott', '$2b$10$rIqmDwqhToE5DdadwTSgAu16Rwlim0Bq9.eHSA4IiSBpdrWsNZ9F6', '811 Collins Bridge', 90613422, 'user', 'https://s3.amazonaws.com/uifaces/faces/twitter/vc27/128.jpg');
INSERT INTO full_time_ct VALUES ('Daphnee.Morissette@hotmail.com');
INSERT INTO ft_specializes_in VALUES ('Daphnee.Morissette@hotmail.com', 'Guinea Pig', 16);
INSERT INTO ft_specializes_in VALUES ('Daphnee.Morissette@hotmail.com', 'Ponie', 10);
INSERT INTO ft_specializes_in VALUES ('Daphnee.Morissette@hotmail.com', 'Rabbit', 1);

INSERT INTO person VALUES ('Fay_Russel72@gmail.com', 'Deontae Balistreri', '$2b$10$rIqmDwqhToE5DdadwTSgAu8RP/mj9F6SP8aPuvOZW.tRwOETfamfO', '1576 Emard Stream', 90646412, 'user', 'https://s3.amazonaws.com/uifaces/faces/twitter/igorgarybaldi/128.jpg');
INSERT INTO credit_card VALUES (6372702964816946, 'Fay_Russel72@gmail.com', '2021-08-03T01:07:23.810Z', 043);
INSERT INTO pet VALUES ('Jasmin', 'Fay_Russel72@gmail.com', 'Ponie', 'Sit vitae iure vero accusantium accusantium molestias error voluptate corporis.', 'Sint et id enim.');

INSERT INTO person VALUES ('Ramon.Heidenreich96@hotmail.com', 'Robert Huel', '$2b$10$rIqmDwqhToE5DdadwTSgAu6lBI4XNJGpap5RG6XjKZS/oFtpqrit.', '7842 Brekke Streets', 90642813, 'user', 'https://s3.amazonaws.com/uifaces/faces/twitter/dparrelli/128.jpg');
INSERT INTO credit_card VALUES (342319389601559, 'Ramon.Heidenreich96@hotmail.com', '2021-07-08T10:52:32.321Z', 454);
INSERT INTO pet VALUES ('Ayden', 'Ramon.Heidenreich96@hotmail.com', 'Peafowl', 'Praesentium ut sit dolores omnis.', 'Velit unde molestiae.');

INSERT INTO person VALUES ('Audrey.Hills@hotmail.com', 'Tito Lueilwitz', '$2b$10$rIqmDwqhToE5DdadwTSgAue0vCkK8LCFhOtvoMSr1v4/RDbm2/.Aa', '5493 Abdul Tunnel', 90914411, 'user', 'https://s3.amazonaws.com/uifaces/faces/twitter/saarabpreet/128.jpg');
INSERT INTO credit_card VALUES (4369993704035, 'Audrey.Hills@hotmail.com', '2021-09-10T00:30:19.215Z', 529);
INSERT INTO pet VALUES ('Ronny', 'Audrey.Hills@hotmail.com', 'Pot Bellied Pig', 'Aut qui soluta.', 'Sequi rerum esse rerum est.');
INSERT INTO part_time_ct VALUES ('Audrey.Hills@hotmail.com');
INSERT INTO pt_free_schedule VALUES ('Audrey.Hills@hotmail.com', '2020-11-15T05:59:22.650Z', '2020-12-31T09:44:05.738Z');
INSERT INTO pt_specializes_in VALUES ('Audrey.Hills@hotmail.com', 'Pot Bellied Pig', 14);

INSERT INTO person VALUES ('Cali.Zboncak97@hotmail.com', 'Kellie Rutherford', '$2b$10$rIqmDwqhToE5DdadwTSgAuHrvknaK.n3FLCThtWdjNSkgNyc6xUDe', '78619 Keon Pine', 90726300, 'user', 'https://s3.amazonaws.com/uifaces/faces/twitter/yecidsm/128.jpg');
INSERT INTO credit_card VALUES (6767532531097921, 'Cali.Zboncak97@hotmail.com', '2020-12-31T19:20:01.280Z', 162);
INSERT INTO pet VALUES ('Kay', 'Cali.Zboncak97@hotmail.com', 'Bearded Dragon', 'Iste totam quod voluptas facere voluptatem tempore quos.', 'Nihil aspernatur possimus voluptas magnam.');
INSERT INTO full_time_ct VALUES ('Cali.Zboncak97@hotmail.com');
INSERT INTO ft_specializes_in VALUES ('Cali.Zboncak97@hotmail.com', 'Chinese Water Dragon', 14);
INSERT INTO ft_specializes_in VALUES ('Cali.Zboncak97@hotmail.com', 'Guinea Fowl', 11);

INSERT INTO person VALUES ('Waino51@hotmail.com', 'Eliezer Hudson', '$2b$10$rIqmDwqhToE5DdadwTSgAuDHrMFSf7V8azyS8DwbdoJJg/cZas6vS', '268 Alfonso Avenue', 90889391, 'user', 'https://s3.amazonaws.com/uifaces/faces/twitter/1markiz/128.jpg');
INSERT INTO credit_card VALUES (3528199878760435, 'Waino51@hotmail.com', '2024-06-02T03:02:14.345Z', 961);
INSERT INTO pet VALUES ('Izaiah', 'Waino51@hotmail.com', 'Cow', 'Quasi aliquam ab hic hic repudiandae placeat tempore repellendus.', 'Facilis hic ipsum consectetur at.');
INSERT INTO full_time_ct VALUES ('Waino51@hotmail.com');
INSERT INTO ft_specializes_in VALUES ('Waino51@hotmail.com', 'Duck', 1);
INSERT INTO ft_specializes_in VALUES ('Waino51@hotmail.com', 'Gecko', 18);

INSERT INTO person VALUES ('Annetta40@hotmail.com', 'Gayle Corwin', '$2b$10$rIqmDwqhToE5DdadwTSgAuPtjB.lkeczNehHrnTClfp9B7iTRO8Z2', '00656 Valerie Lodge', 90392029, 'user', 'https://s3.amazonaws.com/uifaces/faces/twitter/bistrianiosip/128.jpg');
INSERT INTO part_time_ct VALUES ('Annetta40@hotmail.com');
INSERT INTO pt_free_schedule VALUES ('Annetta40@hotmail.com', '2020-11-14T19:59:51.582Z', '2021-08-24T01:17:45.616Z');
INSERT INTO pt_specializes_in VALUES ('Annetta40@hotmail.com', 'Lizard', 17);

INSERT INTO person VALUES ('Cicero.Ondricka@gmail.com', 'Demond Quitzon', '$2b$10$rIqmDwqhToE5DdadwTSgAucjHbJlcyXCASmal0yPvS7lCiBbxfHe.', '980 Sanford Rapid', 90749155, 'user', 'https://s3.amazonaws.com/uifaces/faces/twitter/rickdt/128.jpg');
INSERT INTO credit_card VALUES (5038287127036176, 'Cicero.Ondricka@gmail.com', '2025-08-18T16:55:12.286Z', 395);
INSERT INTO pet VALUES ('Lonie', 'Cicero.Ondricka@gmail.com', 'Peafowl', 'Magni non sint odio.', 'Eos nesciunt distinctio nihil recusandae omnis qui autem.');
INSERT INTO part_time_ct VALUES ('Cicero.Ondricka@gmail.com');
INSERT INTO pt_free_schedule VALUES ('Cicero.Ondricka@gmail.com', '2020-11-14T15:55:28.437Z', '2021-08-25T20:25:32.252Z');
INSERT INTO pt_specializes_in VALUES ('Cicero.Ondricka@gmail.com', 'Chameleons (Veiled)', 15);
INSERT INTO pt_specializes_in VALUES ('Cicero.Ondricka@gmail.com', 'Ferret', 9);
INSERT INTO pt_specializes_in VALUES ('Cicero.Ondricka@gmail.com', 'Gecko', 20);

INSERT INTO person VALUES ('Sonny1@yahoo.com', 'Adrian Casper', '$2b$10$rIqmDwqhToE5DdadwTSgAuBLNUim6YTCJ3PvNm3ZbXVAkxYjZ1HFO', '99619 Swift Village', 90273385, 'user', 'https://s3.amazonaws.com/uifaces/faces/twitter/andrewarrow/128.jpg');
INSERT INTO credit_card VALUES (5228768010194840, 'Sonny1@yahoo.com', '2021-05-01T06:31:38.047Z', 747);
INSERT INTO pet VALUES ('Adrian', 'Sonny1@yahoo.com', 'Ferret', 'Corporis quaerat facilis non ipsam quod eaque totam ea omnis.', 'Nihil enim at voluptatibus.');
INSERT INTO part_time_ct VALUES ('Sonny1@yahoo.com');
INSERT INTO pt_free_schedule VALUES ('Sonny1@yahoo.com', '2020-11-14T17:28:31.225Z', '2021-03-31T05:34:34.169Z');
INSERT INTO pt_specializes_in VALUES ('Sonny1@yahoo.com', 'Cow', 18);
INSERT INTO pt_specializes_in VALUES ('Sonny1@yahoo.com', 'Ponie', 4);

INSERT INTO person VALUES ('Aletha.Bauch84@hotmail.com', 'Tito Wilkinson', '$2b$10$rIqmDwqhToE5DdadwTSgAusVbeTf8mjxDVDQHXCoqHJ5lGizEeIVW', '4099 Cruickshank Branch', 90829634, 'user', 'https://s3.amazonaws.com/uifaces/faces/twitter/andrea211087/128.jpg');

INSERT INTO person VALUES ('Barbara.Mitchell36@gmail.com', 'Ernie Heidenreich', '$2b$10$rIqmDwqhToE5DdadwTSgAuf4yZEX1/odbcRGs.h2IUYLu.RtFvbBi', '2941 Shemar Points', 90057425, 'user', 'https://s3.amazonaws.com/uifaces/faces/twitter/charlesrpratt/128.jpg');
INSERT INTO credit_card VALUES (36084618641712, 'Barbara.Mitchell36@gmail.com', '2020-12-28T16:21:29.646Z', 395);
INSERT INTO pet VALUES ('Zachariah', 'Barbara.Mitchell36@gmail.com', 'Burro', 'Cum suscipit corporis sint culpa assumenda.', 'Eum reprehenderit tenetur quo aliquid delectus nam vel vero deserunt.');
INSERT INTO full_time_ct VALUES ('Barbara.Mitchell36@gmail.com');
INSERT INTO ft_specializes_in VALUES ('Barbara.Mitchell36@gmail.com', 'Fish', 3);
INSERT INTO ft_specializes_in VALUES ('Barbara.Mitchell36@gmail.com', 'Pig', 18);

INSERT INTO person VALUES ('Westley_Hyatt@yahoo.com', 'Rashawn Feest', '$2b$10$rIqmDwqhToE5DdadwTSgAusKVVTP3SzAmOgm0F57x6AJLsX078dMm', '8051 Durgan Junctions', 90291933, 'user', 'https://s3.amazonaws.com/uifaces/faces/twitter/Skyhartman/128.jpg');
INSERT INTO credit_card VALUES (6455622677566080, 'Westley_Hyatt@yahoo.com', '2021-01-14T15:33:22.827Z', 180);
INSERT INTO pet VALUES ('Matilda', 'Westley_Hyatt@yahoo.com', 'Geese (Chinese Swan Goose)', 'Modi corrupti dolorum incidunt est.', 'Nulla debitis accusamus reprehenderit quibusdam eligendi nihil ipsum tenetur minima.');

INSERT INTO person VALUES ('Patsy39@hotmail.com', 'Cassie Daugherty', '$2b$10$rIqmDwqhToE5DdadwTSgAuxmdmxr4CmDuRw2/KtXHQaDL.GzIv/4i', '439 Nikko Club', 90998948, 'user', 'https://s3.amazonaws.com/uifaces/faces/twitter/rickyyean/128.jpg');
INSERT INTO part_time_ct VALUES ('Patsy39@hotmail.com');
INSERT INTO pt_free_schedule VALUES ('Patsy39@hotmail.com', '2020-11-14T19:55:54.038Z', '2021-10-01T23:47:26.486Z');
INSERT INTO pt_specializes_in VALUES ('Patsy39@hotmail.com', 'Cow', 10);
INSERT INTO pt_specializes_in VALUES ('Patsy39@hotmail.com', 'Geese (Chinese Swan Goose)', 18);

INSERT INTO person VALUES ('Dylan9@hotmail.com', 'Arianna Kilback', '$2b$10$rIqmDwqhToE5DdadwTSgAuar5FxZZrkbIbM.joEIRE2NFoU6EcF4K', '055 Cole Loaf', 90773895, 'user', 'https://s3.amazonaws.com/uifaces/faces/twitter/thibaut_re/128.jpg');
INSERT INTO credit_card VALUES (345811625849049, 'Dylan9@hotmail.com', '2021-03-18T15:26:30.995Z', 695);
INSERT INTO pet VALUES ('Theron', 'Dylan9@hotmail.com', 'Peafowl', 'Dolorem possimus nesciunt.', 'Quis ea qui.');
INSERT INTO full_time_ct VALUES ('Dylan9@hotmail.com');
INSERT INTO ft_specializes_in VALUES ('Dylan9@hotmail.com', 'Peafowl', 19);
INSERT INTO ft_specializes_in VALUES ('Dylan9@hotmail.com', 'Pig', 18);
INSERT INTO ft_specializes_in VALUES ('Dylan9@hotmail.com', 'Pigeon', 14);

INSERT INTO person VALUES ('Everette_Blanda@hotmail.com', 'Pascale Kertzmann', '$2b$10$rIqmDwqhToE5DdadwTSgAuAzn1ZhMtQ.RqLIfzqCfFdYFvhK8bvkK', '675 Bauch Orchard', 90235155, 'user', 'https://s3.amazonaws.com/uifaces/faces/twitter/croakx/128.jpg');

INSERT INTO person VALUES ('Kobe30@gmail.com', 'Earnestine Legros', '$2b$10$rIqmDwqhToE5DdadwTSgAuHWhqKyKGd5kcQlUtbXXNRLlj5Q1mRoq', '865 Swaniawski Pine', 90672832, 'user', 'https://s3.amazonaws.com/uifaces/faces/twitter/urrutimeoli/128.jpg');
INSERT INTO credit_card VALUES (4113394292424, 'Kobe30@gmail.com', '2021-04-19T06:33:43.766Z', 167);
INSERT INTO pet VALUES ('Malika', 'Kobe30@gmail.com', 'Bird', 'Inventore et assumenda praesentium labore excepturi soluta vel.', 'Et numquam nesciunt ex.');
INSERT INTO part_time_ct VALUES ('Kobe30@gmail.com');
INSERT INTO pt_free_schedule VALUES ('Kobe30@gmail.com', '2020-11-14T20:34:49.487Z', '2021-01-17T19:18:04.359Z');
INSERT INTO pt_specializes_in VALUES ('Kobe30@gmail.com', 'Gecko', 14);

INSERT INTO person VALUES ('Charity.Wolf32@gmail.com', 'Ferne Erdman', '$2b$10$rIqmDwqhToE5DdadwTSgAurS8xuBOHNaWyHDPY6/GfAW4QZAQSB1u', '6637 Lee Divide', 90621552, 'user', 'https://s3.amazonaws.com/uifaces/faces/twitter/josevnclch/128.jpg');
INSERT INTO credit_card VALUES (5423142536707807, 'Charity.Wolf32@gmail.com', '2021-09-20T15:08:17.001Z', 054);
INSERT INTO pet VALUES ('Octavia', 'Charity.Wolf32@gmail.com', 'Mice', 'Esse consequatur voluptatem voluptate eius eos totam cupiditate.', 'Est a et rem id enim sunt unde reprehenderit occaecati.');

INSERT INTO person VALUES ('Gus18@gmail.com', 'Sibyl Wintheiser', '$2b$10$rIqmDwqhToE5DdadwTSgAupQo9a5BtbNNKyyDwd92PEKSvFgN.b1e', '68106 Dangelo Parkway', 90989823, 'user', 'https://s3.amazonaws.com/uifaces/faces/twitter/scrapdnb/128.jpg');

INSERT INTO person VALUES ('Cielo35@hotmail.com', 'Jewell Langosh', '$2b$10$rIqmDwqhToE5DdadwTSgAu6UhKVTj0lYh9YAKC5JWPLazCyxGd/YK', '962 Nikolaus Throughway', 90763859, 'user', 'https://s3.amazonaws.com/uifaces/faces/twitter/joetruesdell/128.jpg');

INSERT INTO person VALUES ('Herta_Lindgren@gmail.com', 'Adolfo Rutherford', '$2b$10$rIqmDwqhToE5DdadwTSgAuJQgX0IF1VnO/Fv6qxEvtOaRbY.LnaDS', '1538 Dare Avenue', 90472910, 'user', 'https://s3.amazonaws.com/uifaces/faces/twitter/eitarafa/128.jpg');

INSERT INTO person VALUES ('Clementina51@hotmail.com', 'Alejandrin Cronin', '$2b$10$rIqmDwqhToE5DdadwTSgAu6.jNubQHQfFB2nQX8d75OMilUMJsFTa', '83963 Blanda Squares', 90110898, 'user', 'https://s3.amazonaws.com/uifaces/faces/twitter/angelcolberg/128.jpg');
INSERT INTO part_time_ct VALUES ('Clementina51@hotmail.com');
INSERT INTO pt_free_schedule VALUES ('Clementina51@hotmail.com', '2020-11-14T11:09:25.561Z', '2021-08-27T07:50:17.140Z');
INSERT INTO pt_specializes_in VALUES ('Clementina51@hotmail.com', 'Mule', 9);

INSERT INTO person VALUES ('Josiah59@yahoo.com', 'Lucile Carter', '$2b$10$rIqmDwqhToE5DdadwTSgAuSfR0w99fLqQJE.zLW53N3fiQc68ZPba', '369 Roxanne Lodge', 90135010, 'user', 'https://s3.amazonaws.com/uifaces/faces/twitter/therealmarvin/128.jpg');
INSERT INTO credit_card VALUES (3584656613877965, 'Josiah59@yahoo.com', '2025-05-04T06:12:38.730Z', 005);
INSERT INTO pet VALUES ('Nicklaus', 'Josiah59@yahoo.com', 'Burro', 'Tempore inventore et.', 'Accusantium dolor sed velit blanditiis voluptas sapiente sint.');
INSERT INTO full_time_ct VALUES ('Josiah59@yahoo.com');
INSERT INTO ft_specializes_in VALUES ('Josiah59@yahoo.com', 'Burro', 16);
INSERT INTO ft_specializes_in VALUES ('Josiah59@yahoo.com', 'Pigeon', 20);

INSERT INTO person VALUES ('Thad_Lueilwitz@yahoo.com', 'Hailee Bins', '$2b$10$rIqmDwqhToE5DdadwTSgAuchXoAkJQX4cA3cjpIywzSt.IzcxtXU6', '291 Ward Mountain', 90068063, 'user', 'https://s3.amazonaws.com/uifaces/faces/twitter/bluesix/128.jpg');
INSERT INTO credit_card VALUES (6706999722562146, 'Thad_Lueilwitz@yahoo.com', '2022-04-11T09:23:11.977Z', 284);
INSERT INTO pet VALUES ('Trinity', 'Thad_Lueilwitz@yahoo.com', 'Cow', 'Illo voluptate sint et quae.', 'Sed ut iste dolores sequi aut tempore a et ea.');
INSERT INTO part_time_ct VALUES ('Thad_Lueilwitz@yahoo.com');
INSERT INTO pt_free_schedule VALUES ('Thad_Lueilwitz@yahoo.com', '2020-11-15T01:13:58.036Z', '2021-03-21T16:44:09.327Z');
INSERT INTO pt_specializes_in VALUES ('Thad_Lueilwitz@yahoo.com', 'Chinese Water Dragon', 2);
INSERT INTO pt_specializes_in VALUES ('Thad_Lueilwitz@yahoo.com', 'Gerbil', 13);

INSERT INTO person VALUES ('Ashton32@gmail.com', 'Roy Beier', '$2b$10$rIqmDwqhToE5DdadwTSgAuqQHuqgcR.c24.iOliI0.uSYxa4pACna', '4792 Haylee Freeway', 90152362, 'user', 'https://s3.amazonaws.com/uifaces/faces/twitter/joe_black/128.jpg');
INSERT INTO credit_card VALUES (5356041845177798, 'Ashton32@gmail.com', '2024-08-05T14:37:28.958Z', 118);
INSERT INTO pet VALUES ('Claudia', 'Ashton32@gmail.com', 'Guinea Fowl', 'Adipisci mollitia ullam et aliquam.', 'Cumque fugiat ullam culpa nihil deserunt exercitationem.');

INSERT INTO person VALUES ('Travis_Schiller@yahoo.com', 'Darren Heller', '$2b$10$rIqmDwqhToE5DdadwTSgAuYXqHXjjxnX0OItKaTicwmDulmU7s4cu', '3076 Rippin Mall', 90688419, 'user', 'https://s3.amazonaws.com/uifaces/faces/twitter/damenleeturks/128.jpg');
INSERT INTO part_time_ct VALUES ('Travis_Schiller@yahoo.com');
INSERT INTO pt_free_schedule VALUES ('Travis_Schiller@yahoo.com', '2020-11-14T19:10:50.827Z', '2021-03-26T17:20:02.896Z');
INSERT INTO pt_specializes_in VALUES ('Travis_Schiller@yahoo.com', 'Chinese Water Dragon', 9);
INSERT INTO pt_specializes_in VALUES ('Travis_Schiller@yahoo.com', 'Peafowl', 2);
INSERT INTO pt_specializes_in VALUES ('Travis_Schiller@yahoo.com', 'Hog', 1);

INSERT INTO person VALUES ('Favian_Effertz@yahoo.com', 'Marshall Ziemann', '$2b$10$rIqmDwqhToE5DdadwTSgAuhf9RQ2rXdhj/aRZqsjwWRemNExumMgu', '45391 Lesch Glens', 90705048, 'user', 'https://s3.amazonaws.com/uifaces/faces/twitter/maxlinderman/128.jpg');
INSERT INTO full_time_ct VALUES ('Favian_Effertz@yahoo.com');
INSERT INTO ft_specializes_in VALUES ('Favian_Effertz@yahoo.com', 'Lizard', 2);

INSERT INTO person VALUES ('Furman_Ondricka@gmail.com', 'Eusebio Gerlach', '$2b$10$rIqmDwqhToE5DdadwTSgAuvVzWo9A2PymWb6yP25bbQP81iVSYyT6', '467 Block Rest', 90939925, 'user', 'https://s3.amazonaws.com/uifaces/faces/twitter/kinday/128.jpg');
INSERT INTO full_time_ct VALUES ('Furman_Ondricka@gmail.com');
INSERT INTO ft_specializes_in VALUES ('Furman_Ondricka@gmail.com', 'Guinea Pig', 14);

INSERT INTO person VALUES ('Florencio.Stamm@yahoo.com', 'Dortha Schinner', '$2b$10$rIqmDwqhToE5DdadwTSgAutX7Op16CG/zO0VG4ySjly.FcCjosr7S', '478 Dalton Land', 90267106, 'user', 'https://s3.amazonaws.com/uifaces/faces/twitter/de_ascanio/128.jpg');
INSERT INTO part_time_ct VALUES ('Florencio.Stamm@yahoo.com');
INSERT INTO pt_free_schedule VALUES ('Florencio.Stamm@yahoo.com', '2020-11-14T22:30:18.142Z', '2021-06-18T10:19:07.105Z');
INSERT INTO pt_specializes_in VALUES ('Florencio.Stamm@yahoo.com', 'Fish', 5);

INSERT INTO person VALUES ('Litzy10@hotmail.com', 'Louvenia Mann', '$2b$10$rIqmDwqhToE5DdadwTSgAuboEE9HIHz4cry.3wp5rkVwopetPCYZy', '84127 Hettinger Flats', 90384935, 'user', 'https://s3.amazonaws.com/uifaces/faces/twitter/renbyrd/128.jpg');

INSERT INTO person VALUES ('Aliyah15@gmail.com', 'Rosina Walker', '$2b$10$rIqmDwqhToE5DdadwTSgAuDkHy8HlIXq0ojiiOgBovODmrsFpmaaq', '829 Hayes Centers', 90014532, 'user', 'https://s3.amazonaws.com/uifaces/faces/twitter/madewulf/128.jpg');
INSERT INTO full_time_ct VALUES ('Aliyah15@gmail.com');
INSERT INTO ft_specializes_in VALUES ('Aliyah15@gmail.com', 'Hedgehog', 9);
INSERT INTO ft_specializes_in VALUES ('Aliyah15@gmail.com', 'Hog', 12);

INSERT INTO person VALUES ('Baron52@yahoo.com', 'Katrina Parisian', '$2b$10$rIqmDwqhToE5DdadwTSgAuQIpJinCSYe/qW9EUkvhRxu/AfsRopyq', '651 Kamren Causeway', 90620457, 'user', 'https://s3.amazonaws.com/uifaces/faces/twitter/loganjlambert/128.jpg');
INSERT INTO credit_card VALUES (6759951309308367, 'Baron52@yahoo.com', '2022-04-02T13:43:02.218Z', 248);
INSERT INTO pet VALUES ('Guiseppe', 'Baron52@yahoo.com', 'Lizard', 'Et et illum ut rem in et.', 'Aut qui quidem quasi modi.');

INSERT INTO person VALUES ('Wilbert_Sawayn46@hotmail.com', 'Elmira Yundt', '$2b$10$rIqmDwqhToE5DdadwTSgAu19I0wrdIVyYK9vcZVRe0wyq2bTAQnGi', '27421 Albina Bridge', 90224313, 'user', 'https://s3.amazonaws.com/uifaces/faces/twitter/ciaranr/128.jpg');
INSERT INTO credit_card VALUES (6304542220835184, 'Wilbert_Sawayn46@hotmail.com', '2022-02-03T08:18:40.378Z', 352);
INSERT INTO pet VALUES ('Bianka', 'Wilbert_Sawayn46@hotmail.com', 'Mice', 'Et ipsam qui quisquam.', 'Non amet odio et cupiditate et numquam ad.');
INSERT INTO full_time_ct VALUES ('Wilbert_Sawayn46@hotmail.com');
INSERT INTO ft_specializes_in VALUES ('Wilbert_Sawayn46@hotmail.com', 'Bearded Dragon', 10);
INSERT INTO ft_specializes_in VALUES ('Wilbert_Sawayn46@hotmail.com', 'Hedgehog', 0);

INSERT INTO person VALUES ('Felix46@yahoo.com', 'Nakia Weber', '$2b$10$rIqmDwqhToE5DdadwTSgAu8o798iuF4QoQzPNuf5zbHnZtDhPq8xC', '488 Schultz Corners', 90638145, 'user', 'https://s3.amazonaws.com/uifaces/faces/twitter/vitorleal/128.jpg');
INSERT INTO credit_card VALUES (6529309955318361, 'Felix46@yahoo.com', '2022-04-12T04:34:00.340Z', 656);
INSERT INTO pet VALUES ('Napoleon', 'Felix46@yahoo.com', 'Donkey', 'Voluptas beatae et voluptatem tempore quo omnis est.', 'Molestias sit nostrum illum commodi hic.');
INSERT INTO full_time_ct VALUES ('Felix46@yahoo.com');
INSERT INTO ft_specializes_in VALUES ('Felix46@yahoo.com', 'Chinese Water Dragon', 8);
INSERT INTO ft_specializes_in VALUES ('Felix46@yahoo.com', 'Guinea Pig', 3);
INSERT INTO ft_specializes_in VALUES ('Felix46@yahoo.com', 'Llama', 9);

INSERT INTO person VALUES ('Augusta.Wisozk26@yahoo.com', 'Cierra Armstrong', '$2b$10$rIqmDwqhToE5DdadwTSgAuzpwmCnimZxD6KjOICtdvolbkDaAbQ3a', '286 Heller Plain', 90177576, 'user', 'https://s3.amazonaws.com/uifaces/faces/twitter/kumarrajan12123/128.jpg');
INSERT INTO full_time_ct VALUES ('Augusta.Wisozk26@yahoo.com');
INSERT INTO ft_specializes_in VALUES ('Augusta.Wisozk26@yahoo.com', 'Ponie', 14);

INSERT INTO person VALUES ('Jarod.Boyle@gmail.com', 'Laurence Hartmann', '$2b$10$rIqmDwqhToE5DdadwTSgAu6gooNx5LTvu18lHpk9YPnwnZwrU6/7K', '81417 Myra Isle', 90498319, 'user', 'https://s3.amazonaws.com/uifaces/faces/twitter/justinrgraham/128.jpg');
INSERT INTO part_time_ct VALUES ('Jarod.Boyle@gmail.com');
INSERT INTO pt_free_schedule VALUES ('Jarod.Boyle@gmail.com', '2020-11-14T16:26:11.433Z', '2021-05-27T00:08:45.838Z');
INSERT INTO pt_specializes_in VALUES ('Jarod.Boyle@gmail.com', 'Horse', 2);

INSERT INTO person VALUES ('Nyah90@gmail.com', 'Dorris Klein', '$2b$10$rIqmDwqhToE5DdadwTSgAuTAxcBcCIH16nig7bpepchFDjgP3kg3m', '6840 Katheryn Way', 90960297, 'user', 'https://s3.amazonaws.com/uifaces/faces/twitter/ateneupopular/128.jpg');
INSERT INTO part_time_ct VALUES ('Nyah90@gmail.com');
INSERT INTO pt_free_schedule VALUES ('Nyah90@gmail.com', '2020-11-14T11:08:20.760Z', '2021-11-06T00:41:37.551Z');
INSERT INTO pt_specializes_in VALUES ('Nyah90@gmail.com', 'Gecko', 17);
INSERT INTO pt_specializes_in VALUES ('Nyah90@gmail.com', 'Pot Bellied Pig', 10);

INSERT INTO person VALUES ('Jaunita_Borer@yahoo.com', 'Bethel Rogahn', '$2b$10$rIqmDwqhToE5DdadwTSgAu/xAoLT6DUh78WaK.eVzhftJJhI85.rS', '4211 Carlie Manors', 90291217, 'user', 'https://s3.amazonaws.com/uifaces/faces/twitter/y2graphic/128.jpg');
INSERT INTO credit_card VALUES (3529157326527870, 'Jaunita_Borer@yahoo.com', '2023-06-29T14:42:06.152Z', 182);
INSERT INTO pet VALUES ('Josephine', 'Jaunita_Borer@yahoo.com', 'Guinea Pig', 'Provident commodi id sit debitis.', 'Quis consequatur officiis tenetur.');
INSERT INTO part_time_ct VALUES ('Jaunita_Borer@yahoo.com');
INSERT INTO pt_free_schedule VALUES ('Jaunita_Borer@yahoo.com', '2020-11-14T22:19:34.472Z', '2020-12-26T13:33:18.402Z');
INSERT INTO pt_specializes_in VALUES ('Jaunita_Borer@yahoo.com', 'Llama', 9);
INSERT INTO pt_specializes_in VALUES ('Jaunita_Borer@yahoo.com', 'Hog', 6);
INSERT INTO pt_specializes_in VALUES ('Jaunita_Borer@yahoo.com', 'Pot Bellied Pig', 18);

INSERT INTO person VALUES ('Arlie_Barrows6@hotmail.com', 'Emile Dare', '$2b$10$rIqmDwqhToE5DdadwTSgAuji1sstfUvr1Rm1.6et5uw.53sYHGiLu', '779 Jerde Oval', 90346457, 'user', 'https://s3.amazonaws.com/uifaces/faces/twitter/aiiaiiaii/128.jpg');

INSERT INTO person VALUES ('Kaci.Rolfson53@yahoo.com', 'Braeden White', '$2b$10$rIqmDwqhToE5DdadwTSgAuF3HWlLn9VusghJOWteTihFHn7xaYUza', '970 Towne Terrace', 90932564, 'user', 'https://s3.amazonaws.com/uifaces/faces/twitter/leeiio/128.jpg');
INSERT INTO credit_card VALUES (6771654123675344, 'Kaci.Rolfson53@yahoo.com', '2021-11-10T16:40:51.431Z', 418);
INSERT INTO pet VALUES ('Maverick', 'Kaci.Rolfson53@yahoo.com', 'Horse', 'Voluptatem praesentium facilis eum omnis laudantium animi porro consequatur.', 'Et vero et quisquam amet dolorem consequatur nesciunt.');
INSERT INTO full_time_ct VALUES ('Kaci.Rolfson53@yahoo.com');
INSERT INTO ft_specializes_in VALUES ('Kaci.Rolfson53@yahoo.com', 'Ferret', 2);
INSERT INTO ft_specializes_in VALUES ('Kaci.Rolfson53@yahoo.com', 'Fish', 13);

INSERT INTO person VALUES ('Isac54@yahoo.com', 'Kristoffer Hahn', '$2b$10$rIqmDwqhToE5DdadwTSgAu4KgSYl1HRZnIvXZ9I1AkjwFj6bHuZ6W', '38143 Kuhlman Forge', 90513940, 'user', 'https://s3.amazonaws.com/uifaces/faces/twitter/VinThomas/128.jpg');

INSERT INTO person VALUES ('Rebecca20@yahoo.com', 'Kayla Upton', '$2b$10$rIqmDwqhToE5DdadwTSgAuJa/prLeH5eeg9YXIlY.zRiQZmdf6/JS', '88993 Marquardt Spurs', 90813566, 'user', 'https://s3.amazonaws.com/uifaces/faces/twitter/dannol/128.jpg');
INSERT INTO credit_card VALUES (6767458774341046, 'Rebecca20@yahoo.com', '2021-08-18T22:48:05.637Z', 854);
INSERT INTO pet VALUES ('Miguel', 'Rebecca20@yahoo.com', 'Gecko', 'Ea vel quis architecto officia nostrum rerum possimus.', 'Nemo eligendi ipsum quis.');
INSERT INTO full_time_ct VALUES ('Rebecca20@yahoo.com');
INSERT INTO ft_specializes_in VALUES ('Rebecca20@yahoo.com', 'Fish', 4);

INSERT INTO person VALUES ('Jeremie45@gmail.com', 'Madeline Boyer', '$2b$10$rIqmDwqhToE5DdadwTSgAuTz3rcOcNgc8rbAJsjIm5qZMn7Zyjc76', '9965 Houston Square', 90634679, 'user', 'https://s3.amazonaws.com/uifaces/faces/twitter/pifagor/128.jpg');
INSERT INTO credit_card VALUES (4268991022816, 'Jeremie45@gmail.com', '2024-09-25T15:44:03.246Z', 717);
INSERT INTO pet VALUES ('Nash', 'Jeremie45@gmail.com', 'Bird', 'Et placeat ea eveniet voluptatibus voluptate eos voluptatem aliquam.', 'Ipsa autem natus suscipit ex quia ad.');

INSERT INTO person VALUES ('Elwyn.Hoeger89@gmail.com', 'Bernhard Beier', '$2b$10$rIqmDwqhToE5DdadwTSgAuV5pWydJMdxKNZ2cnR3B82hzsrelwfYa', '9593 Bernhard Creek', 90495230, 'user', 'https://s3.amazonaws.com/uifaces/faces/twitter/j04ntoh/128.jpg');
INSERT INTO credit_card VALUES (5018048265421396, 'Elwyn.Hoeger89@gmail.com', '2025-07-27T02:31:57.405Z', 497);
INSERT INTO pet VALUES ('Tyrell', 'Elwyn.Hoeger89@gmail.com', 'Gerbil', 'Sapiente nobis explicabo praesentium.', 'Amet earum nemo.');
INSERT INTO full_time_ct VALUES ('Elwyn.Hoeger89@gmail.com');
INSERT INTO ft_specializes_in VALUES ('Elwyn.Hoeger89@gmail.com', 'Donkey', 18);

INSERT INTO person VALUES ('Darion43@gmail.com', 'Josiah Watsica', '$2b$10$rIqmDwqhToE5DdadwTSgAuXFytPLzbXZ2Atn4/RjF2thDZL9VcPAa', '9130 Erdman Manors', 90107999, 'user', 'https://s3.amazonaws.com/uifaces/faces/twitter/RussellBishop/128.jpg');
INSERT INTO part_time_ct VALUES ('Darion43@gmail.com');
INSERT INTO pt_free_schedule VALUES ('Darion43@gmail.com', '2020-11-15T02:32:41.985Z', '2021-06-27T18:26:05.319Z');
INSERT INTO pt_specializes_in VALUES ('Darion43@gmail.com', 'Burro', 19);

INSERT INTO person VALUES ('Nayeli.Pfannerstill@hotmail.com', 'Hildegard Kunze', '$2b$10$rIqmDwqhToE5DdadwTSgAuWbGfYVdPaZ0Eqkq8duGmxncQOGjDrMa', '6990 Cummerata Mountain', 90327045, 'user', 'https://s3.amazonaws.com/uifaces/faces/twitter/gauravjassal/128.jpg');

INSERT INTO person VALUES ('Edd89@yahoo.com', 'Claudine Lakin', '$2b$10$rIqmDwqhToE5DdadwTSgAuqgGyTLeF1YBw64XZNpwFFfM7P/pIRrO', '87897 Gordon Hills', 90785209, 'user', 'https://s3.amazonaws.com/uifaces/faces/twitter/chatyrko/128.jpg');

INSERT INTO person VALUES ('Lelah.Dare@hotmail.com', 'Adolphus Waters', '$2b$10$rIqmDwqhToE5DdadwTSgAuZolWGvW2HagThORmOC/wJvSBghcHz9i', '732 Jacobi Falls', 90286162, 'user', 'https://s3.amazonaws.com/uifaces/faces/twitter/andytlaw/128.jpg');
INSERT INTO full_time_ct VALUES ('Lelah.Dare@hotmail.com');
INSERT INTO ft_specializes_in VALUES ('Lelah.Dare@hotmail.com', 'Guinea Fowl', 7);

INSERT INTO person VALUES ('Joaquin.Terry@hotmail.com', 'Carmella McLaughlin', '$2b$10$rIqmDwqhToE5DdadwTSgAudItXi6oabAK.QrS4H0EKmuViRnQ3GHS', '86669 Brad Spring', 90930504, 'user', 'https://s3.amazonaws.com/uifaces/faces/twitter/xamorep/128.jpg');
INSERT INTO credit_card VALUES (30339695055505, 'Joaquin.Terry@hotmail.com', '2021-06-17T20:30:50.774Z', 534);
INSERT INTO pet VALUES ('Wanda', 'Joaquin.Terry@hotmail.com', 'Bearded Dragon', 'Omnis consequatur quasi rerum quia ea velit eos.', 'Ut velit rem enim.');
INSERT INTO full_time_ct VALUES ('Joaquin.Terry@hotmail.com');
INSERT INTO ft_specializes_in VALUES ('Joaquin.Terry@hotmail.com', 'Bird', 13);
INSERT INTO ft_specializes_in VALUES ('Joaquin.Terry@hotmail.com', 'Mice', 8);
INSERT INTO ft_specializes_in VALUES ('Joaquin.Terry@hotmail.com', 'Hog', 12);

INSERT INTO person VALUES ('Rickey34@yahoo.com', 'Cole Schimmel', '$2b$10$rIqmDwqhToE5DdadwTSgAuvrvZV5t2n6Gi07EE7UAwFM4cNcK/pku', '79158 Lula Knolls', 90863499, 'user', 'https://s3.amazonaws.com/uifaces/faces/twitter/mohanrohith/128.jpg');
INSERT INTO credit_card VALUES (5038875070827934, 'Rickey34@yahoo.com', '2022-03-13T15:42:06.256Z', 895);
INSERT INTO pet VALUES ('Cristian', 'Rickey34@yahoo.com', 'Peafowl', 'Corrupti reiciendis alias aliquid qui.', 'Sunt facere tempora fuga inventore qui et eos.');
INSERT INTO full_time_ct VALUES ('Rickey34@yahoo.com');
INSERT INTO ft_specializes_in VALUES ('Rickey34@yahoo.com', 'Hedgehog', 6);
INSERT INTO ft_specializes_in VALUES ('Rickey34@yahoo.com', 'Horse', 8);

INSERT INTO person VALUES ('Kendrick41@hotmail.com', 'Howell Moore', '$2b$10$rIqmDwqhToE5DdadwTSgAuF9bOynsN5mzDCGdOPAd3WvdNm0bOFl2', '44557 Bergstrom Street', 90836163, 'user', 'https://s3.amazonaws.com/uifaces/faces/twitter/luxe/128.jpg');
INSERT INTO credit_card VALUES (5018334792219885, 'Kendrick41@hotmail.com', '2022-07-15T23:03:51.455Z', 564);
INSERT INTO pet VALUES ('Agustina', 'Kendrick41@hotmail.com', 'Fish', 'Alias iste dicta esse minima voluptatum ut assumenda.', 'Veniam sed vitae quis soluta sint dolorum.');

INSERT INTO person VALUES ('Leda_Volkman73@yahoo.com', 'Jensen Daugherty', '$2b$10$rIqmDwqhToE5DdadwTSgAuf6u3R3ctudsQTYgiDVm8jY9SYMy9joe', '21289 Conn Locks', 90971502, 'user', 'https://s3.amazonaws.com/uifaces/faces/twitter/nicklacke/128.jpg');

INSERT INTO person VALUES ('Alba_Balistreri@hotmail.com', 'Serena Schmidt', '$2b$10$rIqmDwqhToE5DdadwTSgAu3StYokguF.ZdpuwUXqucVKlG3jhFDeK', '834 Jaden Course', 90214526, 'user', 'https://s3.amazonaws.com/uifaces/faces/twitter/jmillspaysbills/128.jpg');
INSERT INTO part_time_ct VALUES ('Alba_Balistreri@hotmail.com');
INSERT INTO pt_free_schedule VALUES ('Alba_Balistreri@hotmail.com', '2020-11-15T07:02:37.246Z', '2021-03-01T06:23:30.988Z');
INSERT INTO pt_specializes_in VALUES ('Alba_Balistreri@hotmail.com', 'Goat', 3);

INSERT INTO person VALUES ('Roscoe.Mante@gmail.com', 'Dwight Torp', '$2b$10$rIqmDwqhToE5DdadwTSgAuSGeW5FoTeTqTc22OYYMGwxRh.Qc5JOu', '886 Kassulke Stream', 90389140, 'user', 'https://s3.amazonaws.com/uifaces/faces/twitter/karolkrakowiak_/128.jpg');
INSERT INTO credit_card VALUES (5464429449165482, 'Roscoe.Mante@gmail.com', '2021-01-31T09:02:19.794Z', 797);
INSERT INTO pet VALUES ('Adelia', 'Roscoe.Mante@gmail.com', 'Bearded Dragon', 'Pariatur enim deleniti vitae maiores illum.', 'Impedit itaque perspiciatis dolor perferendis.');
INSERT INTO part_time_ct VALUES ('Roscoe.Mante@gmail.com');
INSERT INTO pt_free_schedule VALUES ('Roscoe.Mante@gmail.com', '2020-11-14T11:12:58.234Z', '2021-03-25T10:15:54.172Z');
INSERT INTO pt_specializes_in VALUES ('Roscoe.Mante@gmail.com', 'Chinese Water Dragon', 20);
INSERT INTO pt_specializes_in VALUES ('Roscoe.Mante@gmail.com', 'Guinea Pig', 2);
INSERT INTO pt_specializes_in VALUES ('Roscoe.Mante@gmail.com', 'Ponie', 1);

INSERT INTO person VALUES ('Kendra60@hotmail.com', 'Imelda Hickle', '$2b$10$rIqmDwqhToE5DdadwTSgAuD.7UPvF0wpPPgh/XUwWAEk9FEaym.XK', '45587 Becker Wells', 90465962, 'user', 'https://s3.amazonaws.com/uifaces/faces/twitter/ChrisFarina78/128.jpg');
INSERT INTO credit_card VALUES (6370610907923731, 'Kendra60@hotmail.com', '2021-04-22T11:14:59.079Z', 623);
INSERT INTO pet VALUES ('Audrey', 'Kendra60@hotmail.com', 'Horse', 'Voluptatem velit sint et.', 'Quos non atque recusandae esse ipsa et corporis qui.');
INSERT INTO part_time_ct VALUES ('Kendra60@hotmail.com');
INSERT INTO pt_free_schedule VALUES ('Kendra60@hotmail.com', '2020-11-15T05:46:57.927Z', '2021-03-11T19:09:29.358Z');
INSERT INTO pt_specializes_in VALUES ('Kendra60@hotmail.com', 'Bearded Dragon', 17);
INSERT INTO pt_specializes_in VALUES ('Kendra60@hotmail.com', 'Burro', 20);
INSERT INTO pt_specializes_in VALUES ('Kendra60@hotmail.com', 'Iguana', 18);

INSERT INTO person VALUES ('Harmony27@gmail.com', 'Americo Cartwright', '$2b$10$rIqmDwqhToE5DdadwTSgAuTVNgWAIEl68CusvnU6HERb.oGyGnSli', '8775 Doyle Bridge', 90993199, 'user', 'https://s3.amazonaws.com/uifaces/faces/twitter/kiwiupover/128.jpg');
INSERT INTO credit_card VALUES (6759033093786627, 'Harmony27@gmail.com', '2023-01-23T16:53:31.568Z', 127);
INSERT INTO pet VALUES ('Sydnie', 'Harmony27@gmail.com', 'Lizard', 'Rerum maxime nulla animi nihil.', 'Natus voluptatibus accusantium voluptas molestiae quaerat omnis corrupti adipisci voluptas.');
INSERT INTO full_time_ct VALUES ('Harmony27@gmail.com');
INSERT INTO ft_specializes_in VALUES ('Harmony27@gmail.com', 'Chicken', 11);
INSERT INTO ft_specializes_in VALUES ('Harmony27@gmail.com', 'Guinea Pig', 3);

INSERT INTO person VALUES ('Nadia46@gmail.com', 'Kristina Leannon', '$2b$10$rIqmDwqhToE5DdadwTSgAufU7U.kGYg46Ayo.cO6hvcob6TpF29yS', '1048 Solon Drives', 90919481, 'user', 'https://s3.amazonaws.com/uifaces/faces/twitter/brandonburke/128.jpg');
INSERT INTO part_time_ct VALUES ('Nadia46@gmail.com');
INSERT INTO pt_free_schedule VALUES ('Nadia46@gmail.com', '2020-11-14T15:38:58.287Z', '2021-04-04T16:35:38.103Z');
INSERT INTO pt_specializes_in VALUES ('Nadia46@gmail.com', 'Chinese Water Dragon', 20);
INSERT INTO pt_specializes_in VALUES ('Nadia46@gmail.com', 'Guinea Pig', 0);

INSERT INTO person VALUES ('Bernardo64@gmail.com', 'Elmore Goldner', '$2b$10$rIqmDwqhToE5DdadwTSgAuzrInhQfcPjZqaPZOJ37P2e412TaSNku', '119 Ferry Harbor', 90185270, 'user', 'https://s3.amazonaws.com/uifaces/faces/twitter/leeiio/128.jpg');
INSERT INTO credit_card VALUES (6759514547425999, 'Bernardo64@gmail.com', '2022-01-10T08:37:12.924Z', 701);
INSERT INTO pet VALUES ('Shanon', 'Bernardo64@gmail.com', 'Hamster', 'Sed recusandae non quis aut a laborum quo non.', 'Repellendus sequi sed dolorem tempore qui.');

INSERT INTO person VALUES ('Herminio.Von@gmail.com', 'Bernie Reilly', '$2b$10$rIqmDwqhToE5DdadwTSgAu0tdEeayMvLeilDSsscFi62M/B0mfmBC', '60698 Ratke Garden', 90043170, 'user', 'https://s3.amazonaws.com/uifaces/faces/twitter/dcalonaci/128.jpg');
INSERT INTO full_time_ct VALUES ('Herminio.Von@gmail.com');
INSERT INTO ft_specializes_in VALUES ('Herminio.Von@gmail.com', 'Goat', 7);

INSERT INTO person VALUES ('Nannie98@gmail.com', 'Kiera Kreiger', '$2b$10$rIqmDwqhToE5DdadwTSgAuFlY0JkIHtESWHUc7L7zH1.sW/Zn61ZK', '1757 Petra Square', 90474899, 'user', 'https://s3.amazonaws.com/uifaces/faces/twitter/wearesavas/128.jpg');

INSERT INTO person VALUES ('Violette.Mraz29@gmail.com', 'Alvena Weber', '$2b$10$rIqmDwqhToE5DdadwTSgAu8ukc1ptyYypQXOD8AXlmJp1G/u.0uWu', '59052 Aufderhar Stravenue', 90014654, 'user', 'https://s3.amazonaws.com/uifaces/faces/twitter/gabrielrosser/128.jpg');
INSERT INTO credit_card VALUES (6375056725444467, 'Violette.Mraz29@gmail.com', '2020-11-28T12:38:01.220Z', 740);
INSERT INTO pet VALUES ('Verdie', 'Violette.Mraz29@gmail.com', 'Pot Bellied Pig', 'Molestias quod similique rerum.', 'Aperiam impedit est dolorem qui laboriosam nesciunt aut rerum recusandae.');

INSERT INTO person VALUES ('Austen.Walker@gmail.com', 'Delpha Oberbrunner', '$2b$10$rIqmDwqhToE5DdadwTSgAufNMBZpo/p4ilitdOAIXjJbwxAtLIwYi', '22240 Vandervort Mountains', 90665179, 'user', 'https://s3.amazonaws.com/uifaces/faces/twitter/franciscoamk/128.jpg');
INSERT INTO credit_card VALUES (6580621419103917, 'Austen.Walker@gmail.com', '2024-07-28T20:11:00.995Z', 396);
INSERT INTO pet VALUES ('Jarret', 'Austen.Walker@gmail.com', 'Peafowl', 'Magni quas quaerat explicabo et distinctio qui corporis vel.', 'Facere accusantium officia ut voluptatem sed architecto dolores.');

INSERT INTO person VALUES ('Zoie.Crona0@yahoo.com', 'Alec Marvin', '$2b$10$rIqmDwqhToE5DdadwTSgAuz02syvik7QM4i9Gk8hmdMss12JgEH8G', '95218 Koch Inlet', 90274617, 'user', 'https://s3.amazonaws.com/uifaces/faces/twitter/9lessons/128.jpg');
INSERT INTO part_time_ct VALUES ('Zoie.Crona0@yahoo.com');
INSERT INTO pt_free_schedule VALUES ('Zoie.Crona0@yahoo.com', '2020-11-15T00:34:58.076Z', '2021-03-16T15:05:22.290Z');
INSERT INTO pt_specializes_in VALUES ('Zoie.Crona0@yahoo.com', 'Duck', 6);
INSERT INTO pt_specializes_in VALUES ('Zoie.Crona0@yahoo.com', 'Hedgehog', 7);
INSERT INTO pt_specializes_in VALUES ('Zoie.Crona0@yahoo.com', 'Pigeon', 19);

INSERT INTO person VALUES ('Lucious79@hotmail.com', 'Joan Harris', '$2b$10$rIqmDwqhToE5DdadwTSgAupQW26eaSyVJIfLRCHpr57LMuRv...tK', '03363 Jay Drive', 90083921, 'user', 'https://s3.amazonaws.com/uifaces/faces/twitter/logorado/128.jpg');
INSERT INTO credit_card VALUES (3529613980682726, 'Lucious79@hotmail.com', '2022-06-02T15:21:35.612Z', 359);
INSERT INTO pet VALUES ('Waylon', 'Lucious79@hotmail.com', 'Bird', 'Unde autem assumenda ut maxime sunt necessitatibus tempora.', 'Amet voluptatem labore veritatis sed dolorem rerum nulla aspernatur optio.');

INSERT INTO person VALUES ('Kyler.Mertz43@hotmail.com', 'Oswaldo Stehr', '$2b$10$rIqmDwqhToE5DdadwTSgAuWV/f467Gw2Ka4knzu7/47syXQU4L06a', '95433 Roberts Tunnel', 90089989, 'user', 'https://s3.amazonaws.com/uifaces/faces/twitter/lokesh_coder/128.jpg');
INSERT INTO credit_card VALUES (6767667062501099, 'Kyler.Mertz43@hotmail.com', '2021-12-10T20:28:19.801Z', 326);
INSERT INTO pet VALUES ('Sarah', 'Kyler.Mertz43@hotmail.com', 'Chicken', 'Labore mollitia adipisci repellat architecto quaerat.', 'Itaque tempore sunt ut ipsa perferendis sed veritatis possimus.');

INSERT INTO person VALUES ('Kattie96@yahoo.com', 'Jaclyn Nolan', '$2b$10$rIqmDwqhToE5DdadwTSgAuzkYtUpRHiZZrQ/Qaqk4AcdMZWFpRYI.', '30668 Alene Hill', 90234628, 'user', 'https://s3.amazonaws.com/uifaces/faces/twitter/dudestein/128.jpg');
INSERT INTO full_time_ct VALUES ('Kattie96@yahoo.com');
INSERT INTO ft_specializes_in VALUES ('Kattie96@yahoo.com', 'Chinchilla', 4);
INSERT INTO ft_specializes_in VALUES ('Kattie96@yahoo.com', 'Llama', 20);

INSERT INTO person VALUES ('Trever.Smith38@hotmail.com', 'Solon Rau', '$2b$10$rIqmDwqhToE5DdadwTSgAuXI8hSJGgBpxSfyoB1GEQsehdBysOGd2', '20185 Stanton Manors', 90420143, 'user', 'https://s3.amazonaws.com/uifaces/faces/twitter/okseanjay/128.jpg');
INSERT INTO part_time_ct VALUES ('Trever.Smith38@hotmail.com');
INSERT INTO pt_free_schedule VALUES ('Trever.Smith38@hotmail.com', '2020-11-15T02:09:23.987Z', '2021-10-30T22:46:18.998Z');
INSERT INTO pt_specializes_in VALUES ('Trever.Smith38@hotmail.com', 'Ferret', 9);
INSERT INTO pt_specializes_in VALUES ('Trever.Smith38@hotmail.com', 'Llama', 5);
INSERT INTO pt_specializes_in VALUES ('Trever.Smith38@hotmail.com', 'Rabbit', 12);

INSERT INTO person VALUES ('Mike27@hotmail.com', 'Sigurd Howe', '$2b$10$rIqmDwqhToE5DdadwTSgAultmdjT/oXfUJIrNevc33y3uXjQ/8CVK', '88616 Terrell Drive', 90267020, 'user', 'https://s3.amazonaws.com/uifaces/faces/twitter/dc_user/128.jpg');
INSERT INTO credit_card VALUES (4556677070578, 'Mike27@hotmail.com', '2022-10-25T12:56:06.309Z', 007);
INSERT INTO pet VALUES ('Lonzo', 'Mike27@hotmail.com', 'Rabbit', 'Repellat ratione dolor id quia.', 'Aut id labore occaecati mollitia ab.');
INSERT INTO full_time_ct VALUES ('Mike27@hotmail.com');
INSERT INTO ft_specializes_in VALUES ('Mike27@hotmail.com', 'Bird', 13);
INSERT INTO ft_specializes_in VALUES ('Mike27@hotmail.com', 'Llama', 8);
INSERT INTO ft_specializes_in VALUES ('Mike27@hotmail.com', 'Rabbit', 14);

INSERT INTO person VALUES ('Kasandra_Quitzon@yahoo.com', 'Nikolas Williamson', '$2b$10$rIqmDwqhToE5DdadwTSgAuJyS4dVhcc4/Z.k/NtjaWrSTrtht9rVi', '0810 Hauck Key', 90564421, 'user', 'https://s3.amazonaws.com/uifaces/faces/twitter/sokaniwaal/128.jpg');
INSERT INTO credit_card VALUES (6304565419971797, 'Kasandra_Quitzon@yahoo.com', '2021-04-18T02:22:44.402Z', 360);
INSERT INTO pet VALUES ('Benedict', 'Kasandra_Quitzon@yahoo.com', 'Horse', 'Est deserunt repudiandae autem et.', 'Fugiat minus cum unde omnis delectus iste animi quis.');
INSERT INTO full_time_ct VALUES ('Kasandra_Quitzon@yahoo.com');
INSERT INTO ft_specializes_in VALUES ('Kasandra_Quitzon@yahoo.com', 'Iguana', 6);
INSERT INTO ft_specializes_in VALUES ('Kasandra_Quitzon@yahoo.com', 'Peafowl', 2);
INSERT INTO ft_specializes_in VALUES ('Kasandra_Quitzon@yahoo.com', 'Rabbit', 19);

INSERT INTO person VALUES ('Blanche13@hotmail.com', 'Deangelo Collier', '$2b$10$rIqmDwqhToE5DdadwTSgAu3b4Vj7t68AB0dInFJbBG.SuAmysCfFC', '826 Montana Mountain', 90257921, 'user', 'https://s3.amazonaws.com/uifaces/faces/twitter/y2graphic/128.jpg');

INSERT INTO person VALUES ('Stevie61@hotmail.com', 'Hilario Daugherty', '$2b$10$rIqmDwqhToE5DdadwTSgAuIuvCUCVs3HHVVTMC/hATU7i/TZWvlQ.', '3727 Gleichner Motorway', 90696422, 'user', 'https://s3.amazonaws.com/uifaces/faces/twitter/dansowter/128.jpg');
INSERT INTO credit_card VALUES (6382968769533881, 'Stevie61@hotmail.com', '2020-11-18T09:37:36.564Z', 143);
INSERT INTO pet VALUES ('Jalon', 'Stevie61@hotmail.com', 'Ferret', 'Optio quas tempore accusamus ea et et.', 'Eum in doloribus similique ullam amet nihil quia voluptatibus.');
INSERT INTO full_time_ct VALUES ('Stevie61@hotmail.com');
INSERT INTO ft_specializes_in VALUES ('Stevie61@hotmail.com', 'Chameleons (Veiled)', 2);

INSERT INTO person VALUES ('Delfina.Sipes@hotmail.com', 'Lorenzo Blanda', '$2b$10$rIqmDwqhToE5DdadwTSgAufdBRkwHYtv508wnTZx/BLyIyLXkQQW.', '4323 Pollich Walks', 90828656, 'user', 'https://s3.amazonaws.com/uifaces/faces/twitter/mbilderbach/128.jpg');
INSERT INTO credit_card VALUES (372626749142103, 'Delfina.Sipes@hotmail.com', '2023-06-02T07:45:27.431Z', 353);
INSERT INTO pet VALUES ('Jeffry', 'Delfina.Sipes@hotmail.com', 'Peafowl', 'Ullam quia ab ex eum molestias et sequi.', 'Vel et quia rerum quibusdam nisi ut sit quo.');
INSERT INTO full_time_ct VALUES ('Delfina.Sipes@hotmail.com');
INSERT INTO ft_specializes_in VALUES ('Delfina.Sipes@hotmail.com', 'Chicken', 12);
INSERT INTO ft_specializes_in VALUES ('Delfina.Sipes@hotmail.com', 'Iguana', 3);
INSERT INTO ft_specializes_in VALUES ('Delfina.Sipes@hotmail.com', 'Ponie', 12);

INSERT INTO person VALUES ('Dorothy_Kuhn82@yahoo.com', 'Salvatore Mosciski', '$2b$10$rIqmDwqhToE5DdadwTSgAuHVNpNLMfxRxtlnHku2T7CwMNBX3NQoC', '87949 McClure Circles', 90808982, 'user', 'https://s3.amazonaws.com/uifaces/faces/twitter/chrisvanderkooi/128.jpg');
INSERT INTO credit_card VALUES (5018417250908865, 'Dorothy_Kuhn82@yahoo.com', '2020-12-01T22:05:34.181Z', 598);
INSERT INTO pet VALUES ('Liana', 'Dorothy_Kuhn82@yahoo.com', 'Guinea Fowl', 'Aut magnam neque.', 'Quos et et quasi perspiciatis molestias quo.');
INSERT INTO part_time_ct VALUES ('Dorothy_Kuhn82@yahoo.com');
INSERT INTO pt_free_schedule VALUES ('Dorothy_Kuhn82@yahoo.com', '2020-11-14T22:28:18.154Z', '2020-12-29T10:12:19.610Z');
INSERT INTO pt_specializes_in VALUES ('Dorothy_Kuhn82@yahoo.com', 'Cow', 19);
INSERT INTO pt_specializes_in VALUES ('Dorothy_Kuhn82@yahoo.com', 'Fish', 8);
INSERT INTO pt_specializes_in VALUES ('Dorothy_Kuhn82@yahoo.com', 'Hamster', 4);

INSERT INTO person VALUES ('Estella.Wolf@hotmail.com', 'Imani Boehm', '$2b$10$rIqmDwqhToE5DdadwTSgAuqEnbjHG0ag5Xe7zZnOeL4dMbIJE9cU6', '658 Sage Hollow', 90047759, 'user', 'https://s3.amazonaws.com/uifaces/faces/twitter/bolzanmarco/128.jpg');

INSERT INTO person VALUES ('Josefa_Dare@hotmail.com', 'Martine Hilpert', '$2b$10$rIqmDwqhToE5DdadwTSgAu5sQq4zOBK5g056gwkjR2IHkwSLJxZCK', '5292 Bayer Street', 90455218, 'user', 'https://s3.amazonaws.com/uifaces/faces/twitter/saschadroste/128.jpg');

INSERT INTO person VALUES ('Michele.Purdy@gmail.com', 'Mike Gorczany', '$2b$10$rIqmDwqhToE5DdadwTSgAusQ1iKmSh9wy1xO3MfWz/6R1LtVdxPNi', '6871 Price Junctions', 90087750, 'user', 'https://s3.amazonaws.com/uifaces/faces/twitter/badlittleduck/128.jpg');

INSERT INTO person VALUES ('Kavon_Spencer@hotmail.com', 'Tristian Hills', '$2b$10$rIqmDwqhToE5DdadwTSgAuPW1u6opkJP9bkfH9F.RV.tFdh8B0D96', '49157 Hayes Street', 90562409, 'user', 'https://s3.amazonaws.com/uifaces/faces/twitter/sebashton/128.jpg');
INSERT INTO credit_card VALUES (6759583586994570, 'Kavon_Spencer@hotmail.com', '2021-08-11T09:00:27.774Z', 795);
INSERT INTO pet VALUES ('Stefan', 'Kavon_Spencer@hotmail.com', 'Pig', 'Est est et debitis quo sit.', 'Reiciendis dolor sequi deserunt enim.');

INSERT INTO person VALUES ('Rosanna.Von57@hotmail.com', 'Maeve Hagenes', '$2b$10$rIqmDwqhToE5DdadwTSgAuRKn2Eufj3rJyRJRRwFOdYko48u0N0bq', '8224 Lang Island', 90563394, 'user', 'https://s3.amazonaws.com/uifaces/faces/twitter/mr_subtle/128.jpg');
INSERT INTO full_time_ct VALUES ('Rosanna.Von57@hotmail.com');
INSERT INTO ft_specializes_in VALUES ('Rosanna.Von57@hotmail.com', 'Bird', 5);
INSERT INTO ft_specializes_in VALUES ('Rosanna.Von57@hotmail.com', 'Iguana', 19);

INSERT INTO person VALUES ('Savion_Smitham@yahoo.com', 'Madalyn Braun', '$2b$10$rIqmDwqhToE5DdadwTSgAupE8FsmeTmd8Q569wj3KSJjwSavhRVOC', '3517 Naomi Port', 90965646, 'user', 'https://s3.amazonaws.com/uifaces/faces/twitter/okseanjay/128.jpg');
INSERT INTO credit_card VALUES (6767070583192508, 'Savion_Smitham@yahoo.com', '2021-11-07T12:42:43.031Z', 902);
INSERT INTO pet VALUES ('Judd', 'Savion_Smitham@yahoo.com', 'Gerbil', 'Aliquam quibusdam modi voluptatem et iusto quia.', 'Doloribus perferendis non.');
INSERT INTO full_time_ct VALUES ('Savion_Smitham@yahoo.com');
INSERT INTO ft_specializes_in VALUES ('Savion_Smitham@yahoo.com', 'Chicken', 14);
INSERT INTO ft_specializes_in VALUES ('Savion_Smitham@yahoo.com', 'Mule', 0);

INSERT INTO person VALUES ('Franco11@yahoo.com', 'Molly Bradtke', '$2b$10$rIqmDwqhToE5DdadwTSgAuPBHg6e.p1dfIvSCISa3C0MCpecOkHBK', '1068 Vandervort Cliffs', 90780202, 'user', 'https://s3.amazonaws.com/uifaces/faces/twitter/dgclegg/128.jpg');
INSERT INTO credit_card VALUES (4122046823976640, 'Franco11@yahoo.com', '2024-11-09T13:10:47.796Z', 660);
INSERT INTO pet VALUES ('Fanny', 'Franco11@yahoo.com', 'Hedgehog', 'Deserunt molestias ipsa.', 'Tenetur voluptatibus rerum corrupti omnis.');

INSERT INTO person VALUES ('Lue17@hotmail.com', 'Eulah Dare', '$2b$10$rIqmDwqhToE5DdadwTSgAu69IfC6Xu851CmbBqnpKFWQUS91BriYC', '9214 Kaelyn Light', 90145241, 'user', 'https://s3.amazonaws.com/uifaces/faces/twitter/bargaorobalo/128.jpg');
INSERT INTO credit_card VALUES (6393927875169237, 'Lue17@hotmail.com', '2021-11-20T22:30:13.187Z', 610);
INSERT INTO pet VALUES ('Kailyn', 'Lue17@hotmail.com', 'Mice', 'Earum est omnis unde et fuga doloremque nulla cupiditate.', 'Quod qui autem est sed.');
INSERT INTO full_time_ct VALUES ('Lue17@hotmail.com');
INSERT INTO ft_specializes_in VALUES ('Lue17@hotmail.com', 'Iguana', 4);
INSERT INTO ft_specializes_in VALUES ('Lue17@hotmail.com', 'Llama', 13);

INSERT INTO person VALUES ('Marietta61@gmail.com', 'Jermain Kunze', '$2b$10$rIqmDwqhToE5DdadwTSgAuroTMawmM/NnHoovO7z5CiCBByWrIacC', '6756 Kirk Rapid', 90442606, 'user', 'https://s3.amazonaws.com/uifaces/faces/twitter/bobwassermann/128.jpg');
INSERT INTO full_time_ct VALUES ('Marietta61@gmail.com');
INSERT INTO ft_specializes_in VALUES ('Marietta61@gmail.com', 'Chicken', 16);
INSERT INTO ft_specializes_in VALUES ('Marietta61@gmail.com', 'Donkey', 9);
INSERT INTO ft_specializes_in VALUES ('Marietta61@gmail.com', 'Hamster', 15);

INSERT INTO person VALUES ('Isom22@yahoo.com', 'Chandler Kuphal', '$2b$10$rIqmDwqhToE5DdadwTSgAuqyJwff8DZ4i5DKbkqb4V8lTThQapxFS', '800 Mayert Haven', 90880934, 'user', 'https://s3.amazonaws.com/uifaces/faces/twitter/ernestsemerda/128.jpg');
INSERT INTO credit_card VALUES (345152992475864, 'Isom22@yahoo.com', '2025-03-20T00:36:48.943Z', 595);
INSERT INTO pet VALUES ('Kendra', 'Isom22@yahoo.com', 'Pig', 'Possimus nostrum quia.', 'Est nobis nemo inventore adipisci maxime.');

INSERT INTO person VALUES ('Nicklaus_Schmeler11@hotmail.com', 'Pinkie Carroll', '$2b$10$rIqmDwqhToE5DdadwTSgAu0DqPI8t42ry97acYoQrhXLEmAG.8M0a', '63332 Fannie Track', 90045435, 'user', 'https://s3.amazonaws.com/uifaces/faces/twitter/nckjrvs/128.jpg');
INSERT INTO full_time_ct VALUES ('Nicklaus_Schmeler11@hotmail.com');
INSERT INTO ft_specializes_in VALUES ('Nicklaus_Schmeler11@hotmail.com', 'Bearded Dragon', 11);
INSERT INTO ft_specializes_in VALUES ('Nicklaus_Schmeler11@hotmail.com', 'Iguana', 9);

INSERT INTO person VALUES ('Nadia.Schmidt@yahoo.com', 'Danny Howe', '$2b$10$rIqmDwqhToE5DdadwTSgAuXRJqxIhk2Ay8vzCiwcFnyEekLwwZlBa', '4218 Joana Orchard', 90140863, 'user', 'https://s3.amazonaws.com/uifaces/faces/twitter/kurtinc/128.jpg');
INSERT INTO full_time_ct VALUES ('Nadia.Schmidt@yahoo.com');
INSERT INTO ft_specializes_in VALUES ('Nadia.Schmidt@yahoo.com', 'Gecko', 2);

INSERT INTO person VALUES ('Shanon33@yahoo.com', 'Zora Douglas', '$2b$10$rIqmDwqhToE5DdadwTSgAu6oR7K5b9qrpAmg0JwmR5XMmlyN0z/eO', '0880 Kozey Parkway', 90720193, 'user', 'https://s3.amazonaws.com/uifaces/faces/twitter/fotomagin/128.jpg');
INSERT INTO full_time_ct VALUES ('Shanon33@yahoo.com');
INSERT INTO ft_specializes_in VALUES ('Shanon33@yahoo.com', 'Lizard', 13);

INSERT INTO person VALUES ('Claude70@hotmail.com', 'Tabitha Kirlin', '$2b$10$rIqmDwqhToE5DdadwTSgAutup6ko5M6sb/VVh0pyrCiHB8wnXpPaC', '45642 Considine Valley', 90459797, 'user', 'https://s3.amazonaws.com/uifaces/faces/twitter/dhrubo/128.jpg');
INSERT INTO full_time_ct VALUES ('Claude70@hotmail.com');
INSERT INTO ft_specializes_in VALUES ('Claude70@hotmail.com', 'Geese (Chinese Swan Goose)', 16);
INSERT INTO ft_specializes_in VALUES ('Claude70@hotmail.com', 'Gerbil', 11);
INSERT INTO ft_specializes_in VALUES ('Claude70@hotmail.com', 'Peafowl', 2);

INSERT INTO person VALUES ('Erik.Bartell@hotmail.com', 'Juanita OConner', '$2b$10$rIqmDwqhToE5DdadwTSgAuhHiikaXcB9TG.aqoBy0AWiOLL7oxi7m', '498 Cary Greens', 90045947, 'user', 'https://s3.amazonaws.com/uifaces/faces/twitter/mutlu82/128.jpg');
INSERT INTO credit_card VALUES (5279351483026783, 'Erik.Bartell@hotmail.com', '2022-08-09T18:20:27.259Z', 161);
INSERT INTO pet VALUES ('Tommie', 'Erik.Bartell@hotmail.com', 'Pigeon', 'Beatae culpa eos non accusantium qui facere eaque quos aspernatur.', 'Corrupti aspernatur iure.');
INSERT INTO full_time_ct VALUES ('Erik.Bartell@hotmail.com');
INSERT INTO ft_specializes_in VALUES ('Erik.Bartell@hotmail.com', 'Gerbil', 13);
INSERT INTO ft_specializes_in VALUES ('Erik.Bartell@hotmail.com', 'Pig', 20);

INSERT INTO person VALUES ('Lina33@gmail.com', 'Manley Hyatt', '$2b$10$rIqmDwqhToE5DdadwTSgAuLXcWAihdXR8q2MSmCrdj0SoMuwXffei', '7718 Kreiger Inlet', 90161489, 'user', 'https://s3.amazonaws.com/uifaces/faces/twitter/aluisio_azevedo/128.jpg');
INSERT INTO part_time_ct VALUES ('Lina33@gmail.com');
INSERT INTO pt_free_schedule VALUES ('Lina33@gmail.com', '2020-11-15T00:57:29.065Z', '2021-07-29T12:10:58.550Z');
INSERT INTO pt_specializes_in VALUES ('Lina33@gmail.com', 'Duck', 0);
INSERT INTO pt_specializes_in VALUES ('Lina33@gmail.com', 'Mice', 5);
INSERT INTO pt_specializes_in VALUES ('Lina33@gmail.com', 'Rabbit', 7);

INSERT INTO person VALUES ('Fernando_Lueilwitz@gmail.com', 'Anjali Yost', '$2b$10$rIqmDwqhToE5DdadwTSgAunH3dmaf3XIbb2mphMFcnlf.7/.dbbqu', '06327 Giovanni Parks', 90999153, 'user', 'https://s3.amazonaws.com/uifaces/faces/twitter/gmourier/128.jpg');

INSERT INTO person VALUES ('Demario99@hotmail.com', 'Joyce Zboncak', '$2b$10$rIqmDwqhToE5DdadwTSgAuTC5D98eKrU7l6L82cbfH64AIsQZO3X.', '7403 Sauer Motorway', 90533455, 'user', 'https://s3.amazonaws.com/uifaces/faces/twitter/vaughanmoffitt/128.jpg');
INSERT INTO credit_card VALUES (6706599556034729, 'Demario99@hotmail.com', '2021-07-28T07:37:43.199Z', 942);
INSERT INTO pet VALUES ('Krista', 'Demario99@hotmail.com', 'Chicken', 'Porro fugiat aut nemo totam deleniti eos ullam sit nostrum.', 'Consequatur sunt veniam.');
INSERT INTO full_time_ct VALUES ('Demario99@hotmail.com');
INSERT INTO ft_specializes_in VALUES ('Demario99@hotmail.com', 'Peafowl', 17);
INSERT INTO ft_specializes_in VALUES ('Demario99@hotmail.com', 'Pigeon', 18);

INSERT INTO person VALUES ('Eileen.Reynolds28@hotmail.com', 'Kobe Williamson', '$2b$10$rIqmDwqhToE5DdadwTSgAuashJ/5V6yXbovW5qvHLGk9NIalMhiWy', '438 Wilma Islands', 90493146, 'user', 'https://s3.amazonaws.com/uifaces/faces/twitter/alexivanichkin/128.jpg');
INSERT INTO part_time_ct VALUES ('Eileen.Reynolds28@hotmail.com');
INSERT INTO pt_free_schedule VALUES ('Eileen.Reynolds28@hotmail.com', '2020-11-15T02:44:00.592Z', '2021-07-01T13:34:04.508Z');
INSERT INTO pt_specializes_in VALUES ('Eileen.Reynolds28@hotmail.com', 'Chameleons (Veiled)', 15);
INSERT INTO pt_specializes_in VALUES ('Eileen.Reynolds28@hotmail.com', 'Pig', 12);

INSERT INTO person VALUES ('Andrew.Sanford@yahoo.com', 'Paxton Konopelski', '$2b$10$rIqmDwqhToE5DdadwTSgAu5Q2b/eU.zSWSKx6NnBevgOQPWRUOIp.', '05971 Elenor Mills', 90174006, 'user', 'https://s3.amazonaws.com/uifaces/faces/twitter/nepdud/128.jpg');
INSERT INTO part_time_ct VALUES ('Andrew.Sanford@yahoo.com');
INSERT INTO pt_free_schedule VALUES ('Andrew.Sanford@yahoo.com', '2020-11-14T14:49:21.632Z', '2021-06-18T16:40:44.958Z');
INSERT INTO pt_specializes_in VALUES ('Andrew.Sanford@yahoo.com', 'Ferret', 8);
INSERT INTO pt_specializes_in VALUES ('Andrew.Sanford@yahoo.com', 'Gecko', 12);
INSERT INTO pt_specializes_in VALUES ('Andrew.Sanford@yahoo.com', 'Guinea Fowl', 16);

INSERT INTO person VALUES ('Jovan.Mertz89@yahoo.com', 'Eldora Bartoletti', '$2b$10$rIqmDwqhToE5DdadwTSgAuK9FmEOUO5NlGEThhU9JrTlrtp0dXasG', '43131 Bradtke Bridge', 90016012, 'user', 'https://s3.amazonaws.com/uifaces/faces/twitter/smalonso/128.jpg');

INSERT INTO person VALUES ('Deborah.McDermott@yahoo.com', 'Vita Jakubowski', '$2b$10$rIqmDwqhToE5DdadwTSgAuCGRbLKKbPcQeadVLIpSg.JIT9FagFoG', '41434 Elnora Rapid', 90341907, 'user', 'https://s3.amazonaws.com/uifaces/faces/twitter/muridrahhal/128.jpg');

INSERT INTO person VALUES ('Deangelo.Torphy19@gmail.com', 'Jena Deckow', '$2b$10$rIqmDwqhToE5DdadwTSgAuOsPRIHZW1MGByYJiYE0Iq.DM0sjkmvG', '28728 Adriana Brook', 90828726, 'user', 'https://s3.amazonaws.com/uifaces/faces/twitter/tomaslau/128.jpg');

INSERT INTO person VALUES ('Ottilie.Carter18@gmail.com', 'Leopoldo Dare', '$2b$10$rIqmDwqhToE5DdadwTSgAu1xYwA8KHff35acFxpUWOYmGbAjLaB2S', '8050 Rolfson Gardens', 90246692, 'user', 'https://s3.amazonaws.com/uifaces/faces/twitter/atanism/128.jpg');
INSERT INTO full_time_ct VALUES ('Ottilie.Carter18@gmail.com');
INSERT INTO ft_specializes_in VALUES ('Ottilie.Carter18@gmail.com', 'Hedgehog', 12);

INSERT INTO person VALUES ('Jany95@gmail.com', 'Chadd Kris', '$2b$10$rIqmDwqhToE5DdadwTSgAul..s9hLmdVbEcgEthmtHpZ2M2Key4gu', '972 Brakus Mission', 90665793, 'user', 'https://s3.amazonaws.com/uifaces/faces/twitter/mizko/128.jpg');
INSERT INTO credit_card VALUES (6011002258751332, 'Jany95@gmail.com', '2021-03-05T00:51:16.669Z', 116);
INSERT INTO pet VALUES ('Johanna', 'Jany95@gmail.com', 'Llama', 'Sit ex quis illum voluptas est sint maxime amet.', 'Placeat est qui ut sint.');

INSERT INTO person VALUES ('Ruthe88@gmail.com', 'Hattie Johnston', '$2b$10$rIqmDwqhToE5DdadwTSgAu4qYyfxVMhLhZ3/jLJtnsbEYcGBHRe3S', '813 Roob Run', 90047316, 'user', 'https://s3.amazonaws.com/uifaces/faces/twitter/billyroshan/128.jpg');
INSERT INTO full_time_ct VALUES ('Ruthe88@gmail.com');
INSERT INTO ft_specializes_in VALUES ('Ruthe88@gmail.com', 'Goat', 15);
INSERT INTO ft_specializes_in VALUES ('Ruthe88@gmail.com', 'Hedgehog', 3);
INSERT INTO ft_specializes_in VALUES ('Ruthe88@gmail.com', 'Mice', 1);

INSERT INTO person VALUES ('Jerrod51@hotmail.com', 'Sandy Block', '$2b$10$rIqmDwqhToE5DdadwTSgAuFKp30EvkQSiEbfCWU0Wn4H43Kyb5RAW', '3509 Eleazar Ramp', 90216803, 'user', 'https://s3.amazonaws.com/uifaces/faces/twitter/vikashpathak18/128.jpg');

INSERT INTO person VALUES ('Cali_Von57@yahoo.com', 'Amos Kautzer', '$2b$10$rIqmDwqhToE5DdadwTSgAuZhyHZJeicOiEwnu2uHsuQB7ULCuv1zu', '02585 Milo Knolls', 90738809, 'user', 'https://s3.amazonaws.com/uifaces/faces/twitter/isacosta/128.jpg');

INSERT INTO person VALUES ('Ardella_Klocko97@yahoo.com', 'Salvador Nolan', '$2b$10$rIqmDwqhToE5DdadwTSgAukEGIWuUb8UpCpbW95PIU3oy6YBZoUzO', '25425 Justyn Stream', 90332935, 'user', 'https://s3.amazonaws.com/uifaces/faces/twitter/aaroni/128.jpg');
INSERT INTO credit_card VALUES (3528497385603377, 'Ardella_Klocko97@yahoo.com', '2021-10-26T16:22:59.163Z', 988);
INSERT INTO pet VALUES ('Dianna', 'Ardella_Klocko97@yahoo.com', 'Mice', 'Atque temporibus qui rerum.', 'Quae quidem cum exercitationem quibusdam.');
INSERT INTO full_time_ct VALUES ('Ardella_Klocko97@yahoo.com');
INSERT INTO ft_specializes_in VALUES ('Ardella_Klocko97@yahoo.com', 'Chinese Water Dragon', 8);
INSERT INTO ft_specializes_in VALUES ('Ardella_Klocko97@yahoo.com', 'Goat', 2);

INSERT INTO person VALUES ('Jovanny43@yahoo.com', 'Whitney Wisoky', '$2b$10$rIqmDwqhToE5DdadwTSgAufAFZ926DeFuUsW5RoNVvuRpbRfFDw/K', '5968 Hodkiewicz Via', 90468414, 'user', 'https://s3.amazonaws.com/uifaces/faces/twitter/coderdiaz/128.jpg');
INSERT INTO credit_card VALUES (6379064118306600, 'Jovanny43@yahoo.com', '2021-09-30T11:41:18.525Z', 842);
INSERT INTO pet VALUES ('Archibald', 'Jovanny43@yahoo.com', 'Hedgehog', 'Voluptatum similique consectetur libero expedita culpa.', 'Rem quod nostrum ullam nesciunt qui dolorem minima.');
INSERT INTO full_time_ct VALUES ('Jovanny43@yahoo.com');
INSERT INTO ft_specializes_in VALUES ('Jovanny43@yahoo.com', 'Bird', 14);
INSERT INTO ft_specializes_in VALUES ('Jovanny43@yahoo.com', 'Hedgehog', 18);

INSERT INTO person VALUES ('Blanche61@hotmail.com', 'Kaitlin Douglas', '$2b$10$rIqmDwqhToE5DdadwTSgAu.pSgjI.1dZziyYvndlm5zMjfYMMxBUq', '628 Aniya Villages', 90443933, 'user', 'https://s3.amazonaws.com/uifaces/faces/twitter/sergeysafonov/128.jpg');

INSERT INTO person VALUES ('Rosina.Schneider28@gmail.com', 'Felix Littel', '$2b$10$rIqmDwqhToE5DdadwTSgAu6rQ7eRM3dW1AZabGzByoTnB1CCMGXYm', '373 Hessel Heights', 90041150, 'user', 'https://s3.amazonaws.com/uifaces/faces/twitter/pierrestoffe/128.jpg');
INSERT INTO full_time_ct VALUES ('Rosina.Schneider28@gmail.com');
INSERT INTO ft_specializes_in VALUES ('Rosina.Schneider28@gmail.com', 'Chinese Water Dragon', 2);
INSERT INTO ft_specializes_in VALUES ('Rosina.Schneider28@gmail.com', 'Cow', 1);
INSERT INTO ft_specializes_in VALUES ('Rosina.Schneider28@gmail.com', 'Geese (Chinese Swan Goose)', 11);

INSERT INTO person VALUES ('Vaughn.Weissnat68@hotmail.com', 'Everett Bergstrom', '$2b$10$rIqmDwqhToE5DdadwTSgAu4ZIYZVrz9hhbYTGShHbg4A6KoiCUiYG', '080 Jaskolski Stream', 90626124, 'user', 'https://s3.amazonaws.com/uifaces/faces/twitter/ponchomendivil/128.jpg');
INSERT INTO full_time_ct VALUES ('Vaughn.Weissnat68@hotmail.com');
INSERT INTO ft_specializes_in VALUES ('Vaughn.Weissnat68@hotmail.com', 'Fish', 12);
INSERT INTO ft_specializes_in VALUES ('Vaughn.Weissnat68@hotmail.com', 'Horse', 2);
INSERT INTO ft_specializes_in VALUES ('Vaughn.Weissnat68@hotmail.com', 'Peafowl', 10);

INSERT INTO person VALUES ('Eldon.West79@yahoo.com', 'Torey Spinka', '$2b$10$rIqmDwqhToE5DdadwTSgAuR5aY.8jNJJLJFzgYjDRTZismQFAl6vW', '59444 Krajcik Roads', 90690784, 'user', 'https://s3.amazonaws.com/uifaces/faces/twitter/kushsolitary/128.jpg');
INSERT INTO credit_card VALUES (5018371828089104, 'Eldon.West79@yahoo.com', '2024-04-08T12:27:08.895Z', 948);
INSERT INTO pet VALUES ('Nathaniel', 'Eldon.West79@yahoo.com', 'Chicken', 'Possimus nesciunt suscipit illo tempora aliquam sed facere omnis.', 'Nisi quis non maiores omnis.');

INSERT INTO person VALUES ('Randal0@gmail.com', 'Fidel Shanahan', '$2b$10$rIqmDwqhToE5DdadwTSgAuCg3.kWZtAxZZUZ.0af/UeZGBh6JVF56', '734 Russel Junction', 90590263, 'user', 'https://s3.amazonaws.com/uifaces/faces/twitter/nacho/128.jpg');

INSERT INTO person VALUES ('Annetta_Schneider@yahoo.com', 'Kyla Feeney', '$2b$10$rIqmDwqhToE5DdadwTSgAuUVw2Wdx8QO6smPedRil5UL6/v/LPsO6', '9429 Lemke Corners', 90431686, 'user', 'https://s3.amazonaws.com/uifaces/faces/twitter/abovefunction/128.jpg');
INSERT INTO credit_card VALUES (6498623487718491, 'Annetta_Schneider@yahoo.com', '2022-02-21T11:49:54.255Z', 731);
INSERT INTO pet VALUES ('Earnestine', 'Annetta_Schneider@yahoo.com', 'Rabbit', 'Atque quas aut molestias eum eum officiis suscipit ea vitae.', 'Quaerat sit sed.');

INSERT INTO person VALUES ('Tyrese49@hotmail.com', 'Helmer Rogahn', '$2b$10$rIqmDwqhToE5DdadwTSgAu/Q1bvItj7ntS.M0vRsCg4wkdff.apC2', '3117 Cassidy Via', 90434587, 'user', 'https://s3.amazonaws.com/uifaces/faces/twitter/angelceballos/128.jpg');
INSERT INTO credit_card VALUES (6759760654348807, 'Tyrese49@hotmail.com', '2023-10-23T14:00:58.187Z', 616);
INSERT INTO pet VALUES ('Clemens', 'Tyrese49@hotmail.com', 'Hamster', 'Voluptatem fugiat et.', 'Occaecati pariatur dolores impedit illo quo laboriosam fugit.');
INSERT INTO full_time_ct VALUES ('Tyrese49@hotmail.com');
INSERT INTO ft_specializes_in VALUES ('Tyrese49@hotmail.com', 'Fish', 18);
INSERT INTO ft_specializes_in VALUES ('Tyrese49@hotmail.com', 'Guinea Pig', 1);

INSERT INTO person VALUES ('Hayden65@gmail.com', 'Toy McCullough', '$2b$10$rIqmDwqhToE5DdadwTSgAunm5PPflH4tlAgUmi5HTHio5HEF7PK2q', '248 Kub Forges', 90470416, 'user', 'https://s3.amazonaws.com/uifaces/faces/twitter/ZacharyZorbas/128.jpg');

INSERT INTO person VALUES ('Lenore75@hotmail.com', 'Anabel Hermann', '$2b$10$rIqmDwqhToE5DdadwTSgAuL1CMwMcYclfh7x31GSiq7pBDHGplZoW', '5258 Beaulah Valley', 90609888, 'user', 'https://s3.amazonaws.com/uifaces/faces/twitter/imcoding/128.jpg');
INSERT INTO credit_card VALUES (6759998755718076, 'Lenore75@hotmail.com', '2022-10-20T07:06:45.751Z', 197);
INSERT INTO pet VALUES ('Tanya', 'Lenore75@hotmail.com', 'Burro', 'Autem impedit corrupti.', 'Labore dolor sequi aut nemo quam totam tempora aliquam placeat.');

INSERT INTO person VALUES ('Susan.Beier@gmail.com', 'Bernie Mohr', '$2b$10$rIqmDwqhToE5DdadwTSgAuGh8fqFSbIvvFyLjosoOfIUGA8hDU1la', '989 Gulgowski Shoals', 90949828, 'user', 'https://s3.amazonaws.com/uifaces/faces/twitter/hellofeverrrr/128.jpg');

INSERT INTO person VALUES ('Franco_Nienow6@gmail.com', 'Ernestine Flatley', '$2b$10$rIqmDwqhToE5DdadwTSgAuoTLRdcLHGU2IfKLuMLPQxVKO.pIv1vi', '8478 Greenfelder Island', 90773424, 'user', 'https://s3.amazonaws.com/uifaces/faces/twitter/kijanmaharjan/128.jpg');
INSERT INTO part_time_ct VALUES ('Franco_Nienow6@gmail.com');
INSERT INTO pt_free_schedule VALUES ('Franco_Nienow6@gmail.com', '2020-11-15T02:53:47.517Z', '2020-12-01T02:09:23.698Z');
INSERT INTO pt_specializes_in VALUES ('Franco_Nienow6@gmail.com', 'Chinchilla', 5);
INSERT INTO pt_specializes_in VALUES ('Franco_Nienow6@gmail.com', 'Llama', 8);
INSERT INTO pt_specializes_in VALUES ('Franco_Nienow6@gmail.com', 'Mule', 10);

INSERT INTO person VALUES ('Kiarra.Hauck@hotmail.com', 'Noble Ondricka', '$2b$10$rIqmDwqhToE5DdadwTSgAuhjjbRj0319hQgvor/ZGUHbFDTi2ZMHu', '2444 Israel Road', 90238404, 'user', 'https://s3.amazonaws.com/uifaces/faces/twitter/kurtinc/128.jpg');

INSERT INTO person VALUES ('Bailey.Gaylord61@yahoo.com', 'Blanche Dicki', '$2b$10$rIqmDwqhToE5DdadwTSgAupB7uQRWnkTUUeCz8arhz35.TMY1K4iq', '729 Afton Mission', 90489926, 'user', 'https://s3.amazonaws.com/uifaces/faces/twitter/bluesix/128.jpg');
INSERT INTO credit_card VALUES (5178349927900813, 'Bailey.Gaylord61@yahoo.com', '2021-03-31T09:38:18.261Z', 312);
INSERT INTO pet VALUES ('Jordan', 'Bailey.Gaylord61@yahoo.com', 'Gerbil', 'Modi voluptas quasi dolorem.', 'Perferendis quidem voluptates placeat et alias natus dignissimos.');
INSERT INTO part_time_ct VALUES ('Bailey.Gaylord61@yahoo.com');
INSERT INTO pt_free_schedule VALUES ('Bailey.Gaylord61@yahoo.com', '2020-11-14T14:02:08.008Z', '2021-06-02T19:23:27.524Z');
INSERT INTO pt_specializes_in VALUES ('Bailey.Gaylord61@yahoo.com', 'Bearded Dragon', 17);
INSERT INTO pt_specializes_in VALUES ('Bailey.Gaylord61@yahoo.com', 'Chameleons (Veiled)', 9);
INSERT INTO pt_specializes_in VALUES ('Bailey.Gaylord61@yahoo.com', 'Ponie', 5);

INSERT INTO person VALUES ('Garry88@gmail.com', 'Sydni Erdman', '$2b$10$rIqmDwqhToE5DdadwTSgAuhRHsRX7QL/2E/jvHul.458214sGXsxa', '588 Dean Ways', 90840717, 'user', 'https://s3.amazonaws.com/uifaces/faces/twitter/guiiipontes/128.jpg');
INSERT INTO credit_card VALUES (6373352786706906, 'Garry88@gmail.com', '2021-07-26T19:37:39.400Z', 843);
INSERT INTO pet VALUES ('Lee', 'Garry88@gmail.com', 'Gecko', 'Reprehenderit error doloribus pariatur molestias eveniet nostrum.', 'Impedit et corrupti vel iusto neque.');
INSERT INTO part_time_ct VALUES ('Garry88@gmail.com');
INSERT INTO pt_free_schedule VALUES ('Garry88@gmail.com', '2020-11-15T03:11:04.493Z', '2021-10-12T11:25:15.305Z');
INSERT INTO pt_specializes_in VALUES ('Garry88@gmail.com', 'Guinea Fowl', 3);
INSERT INTO pt_specializes_in VALUES ('Garry88@gmail.com', 'Lizard', 5);
INSERT INTO pt_specializes_in VALUES ('Garry88@gmail.com', 'Hog', 8);

INSERT INTO person VALUES ('Katelynn_Jakubowski71@yahoo.com', 'Alexis Blick', '$2b$10$rIqmDwqhToE5DdadwTSgAuTp0jFYhb3cdii/KSOdYlvZOF2DV7IUW', '840 Hassan Creek', 90702128, 'user', 'https://s3.amazonaws.com/uifaces/faces/twitter/arkokoley/128.jpg');
INSERT INTO credit_card VALUES (3529587256876648, 'Katelynn_Jakubowski71@yahoo.com', '2023-04-19T23:19:34.801Z', 196);
INSERT INTO pet VALUES ('Xander', 'Katelynn_Jakubowski71@yahoo.com', 'Goat', 'Et necessitatibus voluptas soluta et odit labore ducimus aliquid.', 'Exercitationem expedita impedit qui facere.');
INSERT INTO part_time_ct VALUES ('Katelynn_Jakubowski71@yahoo.com');
INSERT INTO pt_free_schedule VALUES ('Katelynn_Jakubowski71@yahoo.com', '2020-11-14T14:41:40.317Z', '2021-01-13T03:17:59.081Z');
INSERT INTO pt_specializes_in VALUES ('Katelynn_Jakubowski71@yahoo.com', 'Burro', 14);
INSERT INTO pt_specializes_in VALUES ('Katelynn_Jakubowski71@yahoo.com', 'Guinea Pig', 19);
INSERT INTO pt_specializes_in VALUES ('Katelynn_Jakubowski71@yahoo.com', 'Mice', 3);

INSERT INTO person VALUES ('Andre98@hotmail.com', 'Jerrod Hills', '$2b$10$rIqmDwqhToE5DdadwTSgAuMHnsveTeVe3JyBwjCMoiGjufHSwpLg6', '127 Annalise Roads', 90760910, 'user', 'https://s3.amazonaws.com/uifaces/faces/twitter/mrjamesnoble/128.jpg');
INSERT INTO credit_card VALUES (6709317425830117, 'Andre98@hotmail.com', '2021-04-23T19:51:58.273Z', 243);
INSERT INTO pet VALUES ('Sasha', 'Andre98@hotmail.com', 'Pot Bellied Pig', 'Possimus quia omnis iure et id blanditiis sit unde dolor.', 'Similique qui nihil et enim.');
INSERT INTO full_time_ct VALUES ('Andre98@hotmail.com');
INSERT INTO ft_specializes_in VALUES ('Andre98@hotmail.com', 'Bearded Dragon', 12);
INSERT INTO ft_specializes_in VALUES ('Andre98@hotmail.com', 'Hamster', 4);

INSERT INTO person VALUES ('Florence73@hotmail.com', 'Emilio Mitchell', '$2b$10$rIqmDwqhToE5DdadwTSgAu4ddtm8k1FGl/DFyzVkdZ7MW5hO45hAW', '139 Ilene Lodge', 90404262, 'user', 'https://s3.amazonaws.com/uifaces/faces/twitter/canapud/128.jpg');
INSERT INTO full_time_ct VALUES ('Florence73@hotmail.com');
INSERT INTO ft_specializes_in VALUES ('Florence73@hotmail.com', 'Gerbil', 6);
INSERT INTO ft_specializes_in VALUES ('Florence73@hotmail.com', 'Peafowl', 12);

INSERT INTO person VALUES ('Cayla_Reilly@gmail.com', 'Leonel Purdy', '$2b$10$rIqmDwqhToE5DdadwTSgAuWTSR64FRdZiG3WIpB8wK0bFYX9gBOD6', '23246 Kirlin Street', 90754163, 'user', 'https://s3.amazonaws.com/uifaces/faces/twitter/johnsmithagency/128.jpg');
INSERT INTO credit_card VALUES (6706556334258877, 'Cayla_Reilly@gmail.com', '2021-07-10T14:06:03.120Z', 008);
INSERT INTO pet VALUES ('Jonas', 'Cayla_Reilly@gmail.com', 'Horse', 'Cum quo dolorum natus omnis.', 'Perspiciatis velit voluptatibus qui quaerat ut ut aut.');

INSERT INTO person VALUES ('Lorena.Gaylord91@hotmail.com', 'Barney Kirlin', '$2b$10$rIqmDwqhToE5DdadwTSgAuyOFga87QPL.4mTlXJAPDt5O8hgOzt1G', '84960 Streich Plain', 90002206, 'user', 'https://s3.amazonaws.com/uifaces/faces/twitter/vm_f/128.jpg');

INSERT INTO person VALUES ('Eddie10@yahoo.com', 'Dena Barton', '$2b$10$rIqmDwqhToE5DdadwTSgAuatCXzsjw4qGTPWhaaYLgCJP4WWWQnZ2', '80688 Malinda Roads', 90316672, 'user', 'https://s3.amazonaws.com/uifaces/faces/twitter/romanbulah/128.jpg');
INSERT INTO part_time_ct VALUES ('Eddie10@yahoo.com');
INSERT INTO pt_free_schedule VALUES ('Eddie10@yahoo.com', '2020-11-14T16:56:50.019Z', '2021-05-25T09:47:46.036Z');
INSERT INTO pt_specializes_in VALUES ('Eddie10@yahoo.com', 'Chinchilla', 10);
INSERT INTO pt_specializes_in VALUES ('Eddie10@yahoo.com', 'Donkey', 15);
INSERT INTO pt_specializes_in VALUES ('Eddie10@yahoo.com', 'Geese (Chinese Swan Goose)', 8);

INSERT INTO person VALUES ('Samantha_Parker15@yahoo.com', 'Norberto Kohler', '$2b$10$rIqmDwqhToE5DdadwTSgAuc0wdiidHtYBgHd63zkzoku1GKUJmhFi', '9459 Enola Trail', 90650357, 'user', 'https://s3.amazonaws.com/uifaces/faces/twitter/m_kalibry/128.jpg');
INSERT INTO full_time_ct VALUES ('Samantha_Parker15@yahoo.com');
INSERT INTO ft_specializes_in VALUES ('Samantha_Parker15@yahoo.com', 'Burro', 4);
INSERT INTO ft_specializes_in VALUES ('Samantha_Parker15@yahoo.com', 'Gecko', 5);
INSERT INTO ft_specializes_in VALUES ('Samantha_Parker15@yahoo.com', 'Ponie', 1);

INSERT INTO person VALUES ('Beverly69@gmail.com', 'Carley Schulist', '$2b$10$rIqmDwqhToE5DdadwTSgAuNOHRiM97w6BVyXX5ANGQUM7mJxsYrW.', '6697 Mattie Forest', 90112469, 'user', 'https://s3.amazonaws.com/uifaces/faces/twitter/simobenso/128.jpg');
INSERT INTO full_time_ct VALUES ('Beverly69@gmail.com');
INSERT INTO ft_specializes_in VALUES ('Beverly69@gmail.com', 'Gerbil', 16);
INSERT INTO ft_specializes_in VALUES ('Beverly69@gmail.com', 'Guinea Fowl', 20);
INSERT INTO ft_specializes_in VALUES ('Beverly69@gmail.com', 'Llama', 3);

INSERT INTO person VALUES ('Jay60@gmail.com', 'Trevion Russel', '$2b$10$rIqmDwqhToE5DdadwTSgAumJ0.b2iQJlPsp8Mgx8jxvEhanJWKnUi', '2691 Jerde Tunnel', 90809000, 'user', 'https://s3.amazonaws.com/uifaces/faces/twitter/wesleytrankin/128.jpg');

INSERT INTO person VALUES ('Wallace_Heidenreich@hotmail.com', 'Deron Rohan', '$2b$10$rIqmDwqhToE5DdadwTSgAup46Kk28NcMECVHPGTcm5bbbzb.lqJZG', '79980 Metz Shores', 90441455, 'user', 'https://s3.amazonaws.com/uifaces/faces/twitter/ajaxy_ru/128.jpg');
INSERT INTO full_time_ct VALUES ('Wallace_Heidenreich@hotmail.com');
INSERT INTO ft_specializes_in VALUES ('Wallace_Heidenreich@hotmail.com', 'Bird', 9);

INSERT INTO person VALUES ('Jensen.Baumbach73@gmail.com', 'Carolanne Bauch', '$2b$10$rIqmDwqhToE5DdadwTSgAuOY.O1CIgUQfBRarF1U/EoM9DeYIGyZ6', '3118 Fannie Island', 90262172, 'user', 'https://s3.amazonaws.com/uifaces/faces/twitter/alek_djuric/128.jpg');
INSERT INTO credit_card VALUES (6759778245199456, 'Jensen.Baumbach73@gmail.com', '2021-05-05T20:24:28.629Z', 997);
INSERT INTO pet VALUES ('Mike', 'Jensen.Baumbach73@gmail.com', 'Hog', 'Incidunt nulla aut eaque sapiente ut.', 'Natus sed non repellendus ea.');

INSERT INTO person VALUES ('Diana_Bradtke@yahoo.com', 'Domenica Luettgen', '$2b$10$rIqmDwqhToE5DdadwTSgAu8bvjuKlWFYca7L9kVnoYBx5Ru7nECoy', '401 Parisian Field', 90795938, 'user', 'https://s3.amazonaws.com/uifaces/faces/twitter/mohanrohith/128.jpg');
INSERT INTO credit_card VALUES (6399312984225685, 'Diana_Bradtke@yahoo.com', '2025-05-24T22:29:30.659Z', 280);
INSERT INTO pet VALUES ('Johnson', 'Diana_Bradtke@yahoo.com', 'Mule', 'Soluta et et sit neque sint.', 'Ratione tempora tempore et officiis dolorem numquam ipsum.');
INSERT INTO full_time_ct VALUES ('Diana_Bradtke@yahoo.com');
INSERT INTO ft_specializes_in VALUES ('Diana_Bradtke@yahoo.com', 'Bearded Dragon', 3);
INSERT INTO ft_specializes_in VALUES ('Diana_Bradtke@yahoo.com', 'Guinea Fowl', 18);

INSERT INTO person VALUES ('Vernice.Gaylord@gmail.com', 'Trevion Rau', '$2b$10$rIqmDwqhToE5DdadwTSgAuWdsPFBSObFiRRvlmTpMonYr4HJdnhXm', '982 Lockman Expressway', 90220774, 'user', 'https://s3.amazonaws.com/uifaces/faces/twitter/saschamt/128.jpg');
INSERT INTO credit_card VALUES (6531316242775341, 'Vernice.Gaylord@gmail.com', '2023-10-31T16:35:14.403Z', 516);
INSERT INTO pet VALUES ('Eden', 'Vernice.Gaylord@gmail.com', 'Chinchilla', 'Aperiam blanditiis tempora quisquam quas eum deserunt ullam.', 'Nesciunt veniam ad dolores.');
INSERT INTO full_time_ct VALUES ('Vernice.Gaylord@gmail.com');
INSERT INTO ft_specializes_in VALUES ('Vernice.Gaylord@gmail.com', 'Chinese Water Dragon', 5);
INSERT INTO ft_specializes_in VALUES ('Vernice.Gaylord@gmail.com', 'Pig', 0);

INSERT INTO person VALUES ('Alexandro63@yahoo.com', 'Tyrese Conroy', '$2b$10$rIqmDwqhToE5DdadwTSgAuiOcA2vgQemXcW4K.eVELUEN0a/Pso9a', '8012 Ollie Manors', 90635497, 'user', 'https://s3.amazonaws.com/uifaces/faces/twitter/bargaorobalo/128.jpg');
INSERT INTO credit_card VALUES (6399353205147771, 'Alexandro63@yahoo.com', '2025-10-19T07:58:28.906Z', 187);
INSERT INTO pet VALUES ('Nova', 'Alexandro63@yahoo.com', 'Fish', 'Fugit quia et culpa aspernatur eos sit pariatur.', 'Incidunt consequuntur quisquam harum nostrum id.');
INSERT INTO part_time_ct VALUES ('Alexandro63@yahoo.com');
INSERT INTO pt_free_schedule VALUES ('Alexandro63@yahoo.com', '2020-11-14T14:51:24.645Z', '2021-05-05T21:00:28.444Z');
INSERT INTO pt_specializes_in VALUES ('Alexandro63@yahoo.com', 'Rabbit', 13);

INSERT INTO person VALUES ('Marcia.Padberg@hotmail.com', 'Benjamin Hahn', '$2b$10$rIqmDwqhToE5DdadwTSgAujYa6PePSoRgOaiSQSVaGhIO4uyoWFfO', '0245 Will Mall', 90672396, 'user', 'https://s3.amazonaws.com/uifaces/faces/twitter/xilantra/128.jpg');

INSERT INTO person VALUES ('Lilyan.Parker1@gmail.com', 'Gina Franecki', '$2b$10$rIqmDwqhToE5DdadwTSgAuYYjn3BnE9ybo4Yjtbh7QwCAzLh1DLjm', '856 Queenie Springs', 90835416, 'user', 'https://s3.amazonaws.com/uifaces/faces/twitter/dshster/128.jpg');

INSERT INTO person VALUES ('Alysa77@hotmail.com', 'Ethelyn Luettgen', '$2b$10$rIqmDwqhToE5DdadwTSgAu30xtZ5lZ7dZL1uXARFdIQIsgrrdrZmK', '7313 Morar Harbors', 90058738, 'user', 'https://s3.amazonaws.com/uifaces/faces/twitter/xravil/128.jpg');
INSERT INTO credit_card VALUES (349005562063419, 'Alysa77@hotmail.com', '2021-01-17T23:24:30.227Z', 336);
INSERT INTO pet VALUES ('Moshe', 'Alysa77@hotmail.com', 'Duck', 'Voluptas a quaerat quibusdam.', 'Quo minima magni deleniti earum.');
INSERT INTO full_time_ct VALUES ('Alysa77@hotmail.com');
INSERT INTO ft_specializes_in VALUES ('Alysa77@hotmail.com', 'Bearded Dragon', 10);
INSERT INTO ft_specializes_in VALUES ('Alysa77@hotmail.com', 'Gerbil', 20);
INSERT INTO ft_specializes_in VALUES ('Alysa77@hotmail.com', 'Goat', 5);

INSERT INTO person VALUES ('Sonia.Medhurst@yahoo.com', 'Kelsi Cartwright', '$2b$10$rIqmDwqhToE5DdadwTSgAuSG.AMaIO5GD905crvsYRsc1waXosvUG', '3332 Macejkovic Avenue', 90644916, 'user', 'https://s3.amazonaws.com/uifaces/faces/twitter/eyronn/128.jpg');
INSERT INTO credit_card VALUES (6371763261904255, 'Sonia.Medhurst@yahoo.com', '2021-03-07T16:41:41.119Z', 759);
INSERT INTO pet VALUES ('Orlando', 'Sonia.Medhurst@yahoo.com', 'Iguana', 'Quo esse fugit ut assumenda aliquam voluptates est maxime repellat.', 'Ullam et quidem perspiciatis hic quam in eum beatae.');
INSERT INTO part_time_ct VALUES ('Sonia.Medhurst@yahoo.com');
INSERT INTO pt_free_schedule VALUES ('Sonia.Medhurst@yahoo.com', '2020-11-14T22:36:38.557Z', '2021-11-13T14:03:06.706Z');
INSERT INTO pt_specializes_in VALUES ('Sonia.Medhurst@yahoo.com', 'Pig', 17);

INSERT INTO person VALUES ('Jamel44@yahoo.com', 'Kavon Predovic', '$2b$10$rIqmDwqhToE5DdadwTSgAudvfhOBZYLP6udGSEUHWuzlrl4qZH2yi', '032 Reynolds Green', 90789913, 'user', 'https://s3.amazonaws.com/uifaces/faces/twitter/maxlinderman/128.jpg');
INSERT INTO full_time_ct VALUES ('Jamel44@yahoo.com');
INSERT INTO ft_specializes_in VALUES ('Jamel44@yahoo.com', 'Rabbit', 18);

INSERT INTO person VALUES ('Alessia88@hotmail.com', 'Roel Kessler', '$2b$10$rIqmDwqhToE5DdadwTSgAuFpveNoyNEUz2LcsqcdwRfj7PNiszSpK', '717 Maud Plain', 90446373, 'user', 'https://s3.amazonaws.com/uifaces/faces/twitter/osvaldas/128.jpg');
INSERT INTO credit_card VALUES (373733769830485, 'Alessia88@hotmail.com', '2022-06-27T19:11:54.026Z', 055);
INSERT INTO pet VALUES ('Myron', 'Alessia88@hotmail.com', 'Bird', 'Sed minus rerum quo autem occaecati ut iusto voluptatem.', 'Placeat consectetur voluptatem sed et praesentium corrupti saepe.');

INSERT INTO person VALUES ('Augusta53@yahoo.com', 'Beaulah Collins', '$2b$10$rIqmDwqhToE5DdadwTSgAuBKnJacLLDE5NlleG.63lhsXOFck5q4S', '8354 Marquise Lodge', 90823715, 'user', 'https://s3.amazonaws.com/uifaces/faces/twitter/allagringaus/128.jpg');
INSERT INTO credit_card VALUES (6706280116077258, 'Augusta53@yahoo.com', '2023-03-05T05:21:24.308Z', 282);
INSERT INTO pet VALUES ('Claude', 'Augusta53@yahoo.com', 'Rabbit', 'Sit qui distinctio consequatur sunt est veritatis ipsam.', 'Aliquam fugit dolores sed rerum.');

INSERT INTO person VALUES ('Aglae_Adams83@yahoo.com', 'Jaunita Kunde', '$2b$10$rIqmDwqhToE5DdadwTSgAuyohoQx0hQhuPRJMcufXiu59vF9U1mEa', '716 Yasmine Roads', 90334165, 'user', 'https://s3.amazonaws.com/uifaces/faces/twitter/marcomano_/128.jpg');

INSERT INTO person VALUES ('Janessa71@hotmail.com', 'Mohammed Tremblay', '$2b$10$rIqmDwqhToE5DdadwTSgAufzx9o4xdJGyn61vSAVxEcgSM.C.jIE2', '159 Ross Valleys', 90820676, 'user', 'https://s3.amazonaws.com/uifaces/faces/twitter/igorgarybaldi/128.jpg');
INSERT INTO credit_card VALUES (345800855991045, 'Janessa71@hotmail.com', '2022-09-12T23:32:40.524Z', 631);
INSERT INTO pet VALUES ('Frankie', 'Janessa71@hotmail.com', 'Pot Bellied Pig', 'Aperiam at laboriosam iusto error.', 'Sunt est consequatur cupiditate aut nobis assumenda maiores et.');
INSERT INTO full_time_ct VALUES ('Janessa71@hotmail.com');
INSERT INTO ft_specializes_in VALUES ('Janessa71@hotmail.com', 'Chameleons (Veiled)', 20);
INSERT INTO ft_specializes_in VALUES ('Janessa71@hotmail.com', 'Chinchilla', 10);
INSERT INTO ft_specializes_in VALUES ('Janessa71@hotmail.com', 'Guinea Fowl', 14);

INSERT INTO person VALUES ('Buford28@yahoo.com', 'Mathias McClure', '$2b$10$rIqmDwqhToE5DdadwTSgAugeDoxBEss0M8yO2OEzeHzI7z/fF9YIW', '00394 Alene Underpass', 90175187, 'user', 'https://s3.amazonaws.com/uifaces/faces/twitter/christianoliff/128.jpg');
INSERT INTO full_time_ct VALUES ('Buford28@yahoo.com');
INSERT INTO ft_specializes_in VALUES ('Buford28@yahoo.com', 'Fish', 11);
INSERT INTO ft_specializes_in VALUES ('Buford28@yahoo.com', 'Gerbil', 13);

INSERT INTO person VALUES ('Cecelia_Klocko@hotmail.com', 'Van Hartmann', '$2b$10$rIqmDwqhToE5DdadwTSgAuKt4hFLJUFrPVr3g35wYekIWe.ZExvEi', '8172 Madyson Causeway', 90463483, 'user', 'https://s3.amazonaws.com/uifaces/faces/twitter/spacewood_/128.jpg');

INSERT INTO person VALUES ('Chandler.Sipes@yahoo.com', 'Vance Halvorson', '$2b$10$rIqmDwqhToE5DdadwTSgAumb8TAZLfwlVMCgdDzOW1o4Y1zr50Ppm', '995 Haag Drive', 90066400, 'user', 'https://s3.amazonaws.com/uifaces/faces/twitter/weavermedia/128.jpg');
INSERT INTO credit_card VALUES (5018933210920321, 'Chandler.Sipes@yahoo.com', '2023-08-18T00:30:57.018Z', 702);
INSERT INTO pet VALUES ('Karina', 'Chandler.Sipes@yahoo.com', 'Ferret', 'Itaque itaque sapiente saepe.', 'Sunt et quis ab aliquid.');
INSERT INTO full_time_ct VALUES ('Chandler.Sipes@yahoo.com');
INSERT INTO ft_specializes_in VALUES ('Chandler.Sipes@yahoo.com', 'Gecko', 6);
INSERT INTO ft_specializes_in VALUES ('Chandler.Sipes@yahoo.com', 'Hedgehog', 18);

INSERT INTO person VALUES ('Yvonne5@hotmail.com', 'Arlo Fay', '$2b$10$rIqmDwqhToE5DdadwTSgAuSbDpUq8U0kgM/AfeQRG.55dFDgbCc0e', '1742 Miles Mission', 90268333, 'user', 'https://s3.amazonaws.com/uifaces/faces/twitter/myastro/128.jpg');
INSERT INTO credit_card VALUES (6709588783191458, 'Yvonne5@hotmail.com', '2021-08-03T12:56:46.722Z', 953);
INSERT INTO pet VALUES ('Elna', 'Yvonne5@hotmail.com', 'Bird', 'Doloremque accusamus officiis nobis et rerum.', 'Molestias quam unde repellat eos asperiores molestiae quasi.');
INSERT INTO part_time_ct VALUES ('Yvonne5@hotmail.com');
INSERT INTO pt_free_schedule VALUES ('Yvonne5@hotmail.com', '2020-11-14T19:04:34.905Z', '2021-10-09T03:33:48.499Z');
INSERT INTO pt_specializes_in VALUES ('Yvonne5@hotmail.com', 'Bird', 0);
INSERT INTO pt_specializes_in VALUES ('Yvonne5@hotmail.com', 'Horse', 16);

INSERT INTO person VALUES ('Marguerite47@gmail.com', 'Jadyn MacGyver', '$2b$10$rIqmDwqhToE5DdadwTSgAuXqiwmC8E3POsXZ2FJ9lU5OVnL45.Y7q', '68748 Kling Mountains', 90154652, 'user', 'https://s3.amazonaws.com/uifaces/faces/twitter/chaabane_wail/128.jpg');
INSERT INTO credit_card VALUES (6771892909975924, 'Marguerite47@gmail.com', '2020-11-20T10:58:23.028Z', 870);
INSERT INTO pet VALUES ('Savanah', 'Marguerite47@gmail.com', 'Horse', 'Dolor veritatis impedit quo.', 'Ex praesentium nostrum architecto.');

INSERT INTO person VALUES ('Else.Schneider@gmail.com', 'Lora Rutherford', '$2b$10$rIqmDwqhToE5DdadwTSgAuB98ibF5ORu8FNtMQQwZD6/v/A9/YBi6', '4275 Fadel Throughway', 90257134, 'user', 'https://s3.amazonaws.com/uifaces/faces/twitter/sergeysafonov/128.jpg');
INSERT INTO credit_card VALUES (6767440613768595, 'Else.Schneider@gmail.com', '2021-07-05T00:15:48.020Z', 989);
INSERT INTO pet VALUES ('Dasia', 'Else.Schneider@gmail.com', 'Chicken', 'Perspiciatis inventore repellat eligendi in voluptatibus ea sint.', 'Minima eos sunt.');
INSERT INTO part_time_ct VALUES ('Else.Schneider@gmail.com');
INSERT INTO pt_free_schedule VALUES ('Else.Schneider@gmail.com', '2020-11-14T15:47:19.544Z', '2021-02-05T11:19:19.161Z');
INSERT INTO pt_specializes_in VALUES ('Else.Schneider@gmail.com', 'Chinese Water Dragon', 19);

INSERT INTO person VALUES ('Sid_Kertzmann@gmail.com', 'Rubye Mayert', '$2b$10$rIqmDwqhToE5DdadwTSgAufTtdftcezVuo4wy7xNe0EIW3UswXo.G', '44834 Nestor Tunnel', 90771324, 'user', 'https://s3.amazonaws.com/uifaces/faces/twitter/commadelimited/128.jpg');
INSERT INTO credit_card VALUES (6304323054015619, 'Sid_Kertzmann@gmail.com', '2021-11-02T05:35:46.386Z', 221);
INSERT INTO pet VALUES ('Westley', 'Sid_Kertzmann@gmail.com', 'Bearded Dragon', 'Et consectetur sapiente eos eos qui sapiente eligendi.', 'Enim facere veniam tenetur aut fuga dolor similique.');

INSERT INTO person VALUES ('Fiona_Wiza13@gmail.com', 'Mathilde Kling', '$2b$10$rIqmDwqhToE5DdadwTSgAuTrVRnknIMqBNJkU/ULB9PgHg0zenU7e', '34741 Efren River', 90672612, 'user', 'https://s3.amazonaws.com/uifaces/faces/twitter/bigmancho/128.jpg');
INSERT INTO credit_card VALUES (5385530854959525, 'Fiona_Wiza13@gmail.com', '2021-06-23T00:23:40.199Z', 780);
INSERT INTO pet VALUES ('Tia', 'Fiona_Wiza13@gmail.com', 'Peafowl', 'Dolorem dolor dignissimos fuga porro.', 'Assumenda quia doloremque omnis nulla consequatur corporis magni et et.');
INSERT INTO full_time_ct VALUES ('Fiona_Wiza13@gmail.com');
INSERT INTO ft_specializes_in VALUES ('Fiona_Wiza13@gmail.com', 'Iguana', 8);
INSERT INTO ft_specializes_in VALUES ('Fiona_Wiza13@gmail.com', 'Mice', 3);
INSERT INTO ft_specializes_in VALUES ('Fiona_Wiza13@gmail.com', 'Mule', 5);

INSERT INTO person VALUES ('Billie86@gmail.com', 'Nyah Harber', '$2b$10$rIqmDwqhToE5DdadwTSgAucsj.YFLQz5eC/b1RvXadTlCwtQ/ssam', '060 Sanford Lights', 90135396, 'user', 'https://s3.amazonaws.com/uifaces/faces/twitter/ChrisFarina78/128.jpg');
INSERT INTO credit_card VALUES (5020240967781793, 'Billie86@gmail.com', '2021-10-03T17:42:06.582Z', 421);
INSERT INTO pet VALUES ('Keely', 'Billie86@gmail.com', 'Pig', 'Et cum nemo natus hic quia qui et rerum consequatur.', 'Tempore optio quo ullam fuga sunt.');
INSERT INTO part_time_ct VALUES ('Billie86@gmail.com');
INSERT INTO pt_free_schedule VALUES ('Billie86@gmail.com', '2020-11-15T05:06:04.814Z', '2021-04-17T17:36:17.762Z');
INSERT INTO pt_specializes_in VALUES ('Billie86@gmail.com', 'Ferret', 9);
INSERT INTO pt_specializes_in VALUES ('Billie86@gmail.com', 'Mice', 1);
INSERT INTO pt_specializes_in VALUES ('Billie86@gmail.com', 'Hog', 7);

INSERT INTO person VALUES ('Grant_Kerluke64@yahoo.com', 'Clare Ward', '$2b$10$rIqmDwqhToE5DdadwTSgAubBDZUaoiIHxyIDRy1bYf1vnAivD2Jsy', '6851 Maria Estates', 90404822, 'user', 'https://s3.amazonaws.com/uifaces/faces/twitter/rachelreveley/128.jpg');
INSERT INTO credit_card VALUES (6454620524179630, 'Grant_Kerluke64@yahoo.com', '2021-02-15T06:04:58.757Z', 916);
INSERT INTO pet VALUES ('Jena', 'Grant_Kerluke64@yahoo.com', 'Chicken', 'Laborum ut expedita soluta neque modi eos vitae architecto neque.', 'Delectus maiores doloribus animi.');
INSERT INTO full_time_ct VALUES ('Grant_Kerluke64@yahoo.com');
INSERT INTO ft_specializes_in VALUES ('Grant_Kerluke64@yahoo.com', 'Duck', 17);
INSERT INTO ft_specializes_in VALUES ('Grant_Kerluke64@yahoo.com', 'Pigeon', 4);

INSERT INTO person VALUES ('Milton_Jacobi@yahoo.com', 'Adrien McCullough', '$2b$10$rIqmDwqhToE5DdadwTSgAuAN17.1ubJOdpzKTF8oGQHBHNgqL1Nwi', '561 Bergnaum Islands', 90075902, 'user', 'https://s3.amazonaws.com/uifaces/faces/twitter/antongenkin/128.jpg');

INSERT INTO person VALUES ('Hanna_McClure@gmail.com', 'Darrick Glover', '$2b$10$rIqmDwqhToE5DdadwTSgAuk5vDSnVvbkz/5PNqrkf.DlEStNGl/ma', '499 Hickle Ford', 90625438, 'user', 'https://s3.amazonaws.com/uifaces/faces/twitter/buryaknick/128.jpg');
INSERT INTO credit_card VALUES (5434978284248246, 'Hanna_McClure@gmail.com', '2022-11-30T09:23:53.472Z', 185);
INSERT INTO pet VALUES ('Kirstin', 'Hanna_McClure@gmail.com', 'Peafowl', 'Eum corporis voluptas aperiam ullam.', 'Natus ab aperiam non occaecati aut velit dolores vel necessitatibus.');

INSERT INTO person VALUES ('Darlene.Wilderman@yahoo.com', 'Susan Reilly', '$2b$10$rIqmDwqhToE5DdadwTSgAuIMNI/AwfcQ7D/1o5lINcsJxABlwe1pq', '067 Maureen Fall', 90768378, 'user', 'https://s3.amazonaws.com/uifaces/faces/twitter/wiljanslofstra/128.jpg');

INSERT INTO person VALUES ('Ryley_Stanton@hotmail.com', 'Chaya Mann', '$2b$10$rIqmDwqhToE5DdadwTSgAupyohMvMzo7ajTOL6s1G5A2ShB6K/SMi', '616 Caterina Forge', 90907428, 'user', 'https://s3.amazonaws.com/uifaces/faces/twitter/vm_f/128.jpg');

INSERT INTO person VALUES ('Jaylin_Bergnaum@yahoo.com', 'Emelia Fay', '$2b$10$rIqmDwqhToE5DdadwTSgAut0kPs03BGBrQILqznCFxmLnRvUZt0hK', '64159 Bins Coves', 90974110, 'user', 'https://s3.amazonaws.com/uifaces/faces/twitter/ManikRathee/128.jpg');

INSERT INTO person VALUES ('Octavia.Schaden@gmail.com', 'Laurel Crooks', '$2b$10$rIqmDwqhToE5DdadwTSgAuzbFqQQMVWclBLj0yFbni2VgTxug.cei', '098 Esperanza Oval', 90349967, 'user', 'https://s3.amazonaws.com/uifaces/faces/twitter/dgajjar/128.jpg');

INSERT INTO person VALUES ('Teresa_Stracke34@yahoo.com', 'Jamir Hauck', '$2b$10$rIqmDwqhToE5DdadwTSgAuvRrFNWOuX7UFACmU722vEQ64308gwcK', '54947 Krajcik Estate', 90807259, 'user', 'https://s3.amazonaws.com/uifaces/faces/twitter/jlsolerdeltoro/128.jpg');

INSERT INTO person VALUES ('Josh_Koelpin7@hotmail.com', 'Hudson Walter', '$2b$10$rIqmDwqhToE5DdadwTSgAuxEur/JT4NXnhqlcq.f9sSvkWXZ9SDwC', '4328 Taryn Vista', 90501723, 'user', 'https://s3.amazonaws.com/uifaces/faces/twitter/steynviljoen/128.jpg');
INSERT INTO credit_card VALUES (6709261334927087, 'Josh_Koelpin7@hotmail.com', '2020-11-23T10:49:10.758Z', 446);
INSERT INTO pet VALUES ('Joanny', 'Josh_Koelpin7@hotmail.com', 'Bird', 'Non beatae et est.', 'In amet eos.');
INSERT INTO full_time_ct VALUES ('Josh_Koelpin7@hotmail.com');
INSERT INTO ft_specializes_in VALUES ('Josh_Koelpin7@hotmail.com', 'Chameleons (Veiled)', 7);
INSERT INTO ft_specializes_in VALUES ('Josh_Koelpin7@hotmail.com', 'Guinea Pig', 19);

INSERT INTO person VALUES ('Eliseo.Bosco@gmail.com', 'Fidel Bergstrom', '$2b$10$rIqmDwqhToE5DdadwTSgAuAY7sbuxOMfAiWdsY.9btXS4VbAvNT9m', '685 Ratke Radial', 90523383, 'user', 'https://s3.amazonaws.com/uifaces/faces/twitter/raphaelnikson/128.jpg');

INSERT INTO person VALUES ('Dena11@gmail.com', 'Keven Haag', '$2b$10$rIqmDwqhToE5DdadwTSgAu1bCO.mP7BvBpXMOoDH7s9Zrl3orf/DW', '280 Winifred Lodge', 90945833, 'user', 'https://s3.amazonaws.com/uifaces/faces/twitter/johndezember/128.jpg');
INSERT INTO part_time_ct VALUES ('Dena11@gmail.com');
INSERT INTO pt_free_schedule VALUES ('Dena11@gmail.com', '2020-11-15T00:20:34.316Z', '2020-11-30T23:43:20.391Z');
INSERT INTO pt_specializes_in VALUES ('Dena11@gmail.com', 'Mule', 2);

INSERT INTO person VALUES ('Barry_Waelchi@yahoo.com', 'Jaquelin Ziemann', '$2b$10$rIqmDwqhToE5DdadwTSgAuGG0z3Qs9/45iy86JFBR3.9jgRH1vqz6', '931 Bartoletti Plaza', 90309396, 'user', 'https://s3.amazonaws.com/uifaces/faces/twitter/hafeeskhan/128.jpg');
INSERT INTO part_time_ct VALUES ('Barry_Waelchi@yahoo.com');
INSERT INTO pt_free_schedule VALUES ('Barry_Waelchi@yahoo.com', '2020-11-14T13:10:02.325Z', '2020-11-21T01:37:16.845Z');
INSERT INTO pt_specializes_in VALUES ('Barry_Waelchi@yahoo.com', 'Chameleons (Veiled)', 3);
INSERT INTO pt_specializes_in VALUES ('Barry_Waelchi@yahoo.com', 'Hamster', 18);
INSERT INTO pt_specializes_in VALUES ('Barry_Waelchi@yahoo.com', 'Peafowl', 3);

INSERT INTO person VALUES ('Kip_Thiel70@yahoo.com', 'Rafaela OConnell', '$2b$10$rIqmDwqhToE5DdadwTSgAukUDq02azWL4ucR..NNaV82jg0POpea.', '465 Laurianne Track', 90349597, 'user', 'https://s3.amazonaws.com/uifaces/faces/twitter/_shahedk/128.jpg');
INSERT INTO credit_card VALUES (3574460404725834, 'Kip_Thiel70@yahoo.com', '2023-06-14T20:34:49.734Z', 852);
INSERT INTO pet VALUES ('Ethel', 'Kip_Thiel70@yahoo.com', 'Hedgehog', 'Voluptatem at fugit asperiores suscipit illo veniam sed.', 'Cum et at cumque neque pariatur et.');
INSERT INTO full_time_ct VALUES ('Kip_Thiel70@yahoo.com');
INSERT INTO ft_specializes_in VALUES ('Kip_Thiel70@yahoo.com', 'Pot Bellied Pig', 17);

INSERT INTO person VALUES ('Bobbie_VonRueden@hotmail.com', 'Zander Green', '$2b$10$rIqmDwqhToE5DdadwTSgAuvwNEJebbzG/HTIVDCKY77BA3/5OR7Fu', '8776 Lakin Spring', 90077323, 'user', 'https://s3.amazonaws.com/uifaces/faces/twitter/kerihenare/128.jpg');

INSERT INTO person VALUES ('Melvin40@gmail.com', 'Maryse Glover', '$2b$10$rIqmDwqhToE5DdadwTSgAu0eIe373eZuADS0ZOL3xcg5VBHtd8dCO', '03997 Makenna Loaf', 90866507, 'user', 'https://s3.amazonaws.com/uifaces/faces/twitter/juaumlol/128.jpg');

INSERT INTO person VALUES ('Maia48@gmail.com', 'Donna Lemke', '$2b$10$rIqmDwqhToE5DdadwTSgAuLEW9pkyxkopfwIxkudoGqhKTcRnAI32', '935 Nolan Springs', 90094744, 'user', 'https://s3.amazonaws.com/uifaces/faces/twitter/andrewofficer/128.jpg');
INSERT INTO credit_card VALUES (345501104902692, 'Maia48@gmail.com', '2023-10-26T01:22:46.317Z', 856);
INSERT INTO pet VALUES ('Landen', 'Maia48@gmail.com', 'Bearded Dragon', 'Alias eligendi et voluptas ut velit.', 'Qui enim voluptas dicta.');

INSERT INTO person VALUES ('Jackson1@gmail.com', 'Madison Jast', '$2b$10$rIqmDwqhToE5DdadwTSgAupT9wLJxdqZ.2rfKcjQ1/KixGxTlmoLy', '80552 Jones Lodge', 90214616, 'user', 'https://s3.amazonaws.com/uifaces/faces/twitter/nfedoroff/128.jpg');
INSERT INTO part_time_ct VALUES ('Jackson1@gmail.com');
INSERT INTO pt_free_schedule VALUES ('Jackson1@gmail.com', '2020-11-15T01:32:34.215Z', '2021-06-09T12:38:43.864Z');
INSERT INTO pt_specializes_in VALUES ('Jackson1@gmail.com', 'Fish', 14);
INSERT INTO pt_specializes_in VALUES ('Jackson1@gmail.com', 'Geese (Chinese Swan Goose)', 2);

INSERT INTO person VALUES ('Lexus27@hotmail.com', 'Dariana Mraz', '$2b$10$rIqmDwqhToE5DdadwTSgAu12XR4TVm5itT8NdWr1paVz/AFgfeYkm', '68810 Abdullah Streets', 90226548, 'user', 'https://s3.amazonaws.com/uifaces/faces/twitter/zauerkraut/128.jpg');
INSERT INTO credit_card VALUES (6771894106340603, 'Lexus27@hotmail.com', '2022-02-08T18:32:10.779Z', 711);
INSERT INTO pet VALUES ('Vesta', 'Lexus27@hotmail.com', 'Llama', 'Sint voluptates saepe sint expedita.', 'Et laudantium porro error odit nihil et animi sed.');

INSERT INTO person VALUES ('Kadin.Schuppe@hotmail.com', 'Jaiden Schneider', '$2b$10$rIqmDwqhToE5DdadwTSgAutjvkNvyBUQhwNYTbQ8W95dbMFFmnAgm', '471 Hollis Wall', 90786541, 'user', 'https://s3.amazonaws.com/uifaces/faces/twitter/mattsapii/128.jpg');
INSERT INTO credit_card VALUES (6011626698007222, 'Kadin.Schuppe@hotmail.com', '2021-07-26T17:03:02.117Z', 245);
INSERT INTO pet VALUES ('Niko', 'Kadin.Schuppe@hotmail.com', 'Fish', 'Blanditiis nisi qui soluta et officiis saepe minus iusto.', 'Minima excepturi in et ullam eos.');
INSERT INTO part_time_ct VALUES ('Kadin.Schuppe@hotmail.com');
INSERT INTO pt_free_schedule VALUES ('Kadin.Schuppe@hotmail.com', '2020-11-14T21:51:38.307Z', '2021-02-06T23:53:56.201Z');
INSERT INTO pt_specializes_in VALUES ('Kadin.Schuppe@hotmail.com', 'Chameleons (Veiled)', 13);
INSERT INTO pt_specializes_in VALUES ('Kadin.Schuppe@hotmail.com', 'Duck', 19);

INSERT INTO person VALUES ('Katelyn_Trantow9@yahoo.com', 'Trycia Kulas', '$2b$10$rIqmDwqhToE5DdadwTSgAuaGoWMMRwHYrFPanrzFKGs/kbEUMpk0i', '874 Isom Plain', 90915953, 'user', 'https://s3.amazonaws.com/uifaces/faces/twitter/nelshd/128.jpg');

INSERT INTO person VALUES ('Annabel.McCullough28@hotmail.com', 'Esther Hilll', '$2b$10$rIqmDwqhToE5DdadwTSgAuseNMMfDhDfAEAbO3vKroJo4jbewkP6G', '888 Destiney Wall', 90959872, 'user', 'https://s3.amazonaws.com/uifaces/faces/twitter/wtrsld/128.jpg');

INSERT INTO person VALUES ('Velva99@hotmail.com', 'Antwon Pollich', '$2b$10$rIqmDwqhToE5DdadwTSgAup1PR2N4NfpR0oaEPp4CNfVc27BaMBs6', '918 Langworth Knoll', 90432675, 'user', 'https://s3.amazonaws.com/uifaces/faces/twitter/konus/128.jpg');
INSERT INTO credit_card VALUES (6759844539445727, 'Velva99@hotmail.com', '2021-09-17T05:40:35.742Z', 607);
INSERT INTO pet VALUES ('Frankie', 'Velva99@hotmail.com', 'Fish', 'Minima aut quisquam id accusamus.', 'Voluptates earum quisquam quia.');

INSERT INTO person VALUES ('Vincent16@hotmail.com', 'Damion Bosco', '$2b$10$rIqmDwqhToE5DdadwTSgAuPczea1uJVoGWJ/2LQJbMFkzatzp3BS2', '0479 Al Knoll', 90857506, 'user', 'https://s3.amazonaws.com/uifaces/faces/twitter/bobwassermann/128.jpg');
INSERT INTO credit_card VALUES (341737870205561, 'Vincent16@hotmail.com', '2021-09-05T00:53:23.836Z', 588);
INSERT INTO pet VALUES ('Flavio', 'Vincent16@hotmail.com', 'Pot Bellied Pig', 'Sed eius non consequatur sit.', 'Omnis qui doloremque fugit laboriosam eaque.');

INSERT INTO person VALUES ('Wilton43@hotmail.com', 'Edna Lehner', '$2b$10$rIqmDwqhToE5DdadwTSgAuVVqLW8zA3OPM/njD.AmnNOTcZQw47jy', '765 Marlene Ford', 90347267, 'user', 'https://s3.amazonaws.com/uifaces/faces/twitter/dss49/128.jpg');
INSERT INTO part_time_ct VALUES ('Wilton43@hotmail.com');
INSERT INTO pt_free_schedule VALUES ('Wilton43@hotmail.com', '2020-11-14T21:08:52.031Z', '2021-05-31T19:32:00.427Z');
INSERT INTO pt_specializes_in VALUES ('Wilton43@hotmail.com', 'Cow', 7);
INSERT INTO pt_specializes_in VALUES ('Wilton43@hotmail.com', 'Guinea Fowl', 5);
INSERT INTO pt_specializes_in VALUES ('Wilton43@hotmail.com', 'Mule', 20);

INSERT INTO person VALUES ('Angelita_Herman70@hotmail.com', 'Laurianne McClure', '$2b$10$rIqmDwqhToE5DdadwTSgAuy/nxAeHx7j.geN16lR6jaL2GUhxI492', '4414 Kuhn Motorway', 90656114, 'user', 'https://s3.amazonaws.com/uifaces/faces/twitter/thedamianhdez/128.jpg');
INSERT INTO credit_card VALUES (6450223081286320, 'Angelita_Herman70@hotmail.com', '2021-07-13T12:15:07.758Z', 189);
INSERT INTO pet VALUES ('Aileen', 'Angelita_Herman70@hotmail.com', 'Fish', 'Quaerat facilis perferendis quae pariatur temporibus autem ipsam fuga.', 'Rerum laudantium maiores eveniet possimus repudiandae debitis placeat esse sed.');
INSERT INTO full_time_ct VALUES ('Angelita_Herman70@hotmail.com');
INSERT INTO ft_specializes_in VALUES ('Angelita_Herman70@hotmail.com', 'Horse', 10);
INSERT INTO ft_specializes_in VALUES ('Angelita_Herman70@hotmail.com', 'Lizard', 17);

INSERT INTO person VALUES ('Dereck.Graham54@yahoo.com', 'Naomi Mueller', '$2b$10$rIqmDwqhToE5DdadwTSgAubhAxptjejscbS/aS0quAY.XkrLare9a', '890 Bednar Station', 90749005, 'user', 'https://s3.amazonaws.com/uifaces/faces/twitter/vc27/128.jpg');

INSERT INTO person VALUES ('Demario50@hotmail.com', 'Skyla Prosacco', '$2b$10$rIqmDwqhToE5DdadwTSgAuGjThW4GB8PmulV.TuTmaj3WLH6EIdmy', '2083 Emiliano Road', 90652494, 'user', 'https://s3.amazonaws.com/uifaces/faces/twitter/shaneIxD/128.jpg');

INSERT INTO person VALUES ('Katlynn84@hotmail.com', 'Wilford Nitzsche', '$2b$10$rIqmDwqhToE5DdadwTSgAuUv0WfCHGpEWniLKu/NLKjqso2I/TK/G', '2432 Bogan Stravenue', 90947804, 'user', 'https://s3.amazonaws.com/uifaces/faces/twitter/kohette/128.jpg');
INSERT INTO full_time_ct VALUES ('Katlynn84@hotmail.com');
INSERT INTO ft_specializes_in VALUES ('Katlynn84@hotmail.com', 'Duck', 17);
INSERT INTO ft_specializes_in VALUES ('Katlynn84@hotmail.com', 'Iguana', 2);

INSERT INTO person VALUES ('Linda_Crona@hotmail.com', 'Armand Botsford', '$2b$10$rIqmDwqhToE5DdadwTSgAuf9Rm3GhjnRWToogO.lK395JnDHqbfRC', '19326 Kohler Landing', 90798929, 'user', 'https://s3.amazonaws.com/uifaces/faces/twitter/salvafc/128.jpg');

INSERT INTO person VALUES ('Estevan.Moore79@yahoo.com', 'Rahul Kris', '$2b$10$rIqmDwqhToE5DdadwTSgAunLjQVmzYe46R/9i8eG4rdbZS.yLAQ6W', '257 Parisian Crossroad', 90523924, 'user', 'https://s3.amazonaws.com/uifaces/faces/twitter/noxdzine/128.jpg');
INSERT INTO part_time_ct VALUES ('Estevan.Moore79@yahoo.com');
INSERT INTO pt_free_schedule VALUES ('Estevan.Moore79@yahoo.com', '2020-11-14T20:27:05.519Z', '2020-11-17T07:02:56.815Z');
INSERT INTO pt_specializes_in VALUES ('Estevan.Moore79@yahoo.com', 'Donkey', 5);
INSERT INTO pt_specializes_in VALUES ('Estevan.Moore79@yahoo.com', 'Lizard', 3);
INSERT INTO pt_specializes_in VALUES ('Estevan.Moore79@yahoo.com', 'Peafowl', 15);

INSERT INTO person VALUES ('Dagmar_Langworth@gmail.com', 'Gordon Lueilwitz', '$2b$10$rIqmDwqhToE5DdadwTSgAu2SOxARKr/pJS5qAlnsewmF8xDINX.xW', '1887 Giovani Pines', 90943151, 'user', 'https://s3.amazonaws.com/uifaces/faces/twitter/yigitpinarbasi/128.jpg');

INSERT INTO person VALUES ('Jimmy.Koch40@gmail.com', 'Ferne Jacobson', '$2b$10$rIqmDwqhToE5DdadwTSgAu2Sjt1icoPzzuCAMwqo1PTH7Fq3HllBO', '40722 Jamaal Plains', 90424731, 'user', 'https://s3.amazonaws.com/uifaces/faces/twitter/victorquinn/128.jpg');
INSERT INTO part_time_ct VALUES ('Jimmy.Koch40@gmail.com');
INSERT INTO pt_free_schedule VALUES ('Jimmy.Koch40@gmail.com', '2020-11-15T06:54:26.223Z', '2021-07-03T07:33:53.173Z');
INSERT INTO pt_specializes_in VALUES ('Jimmy.Koch40@gmail.com', 'Cow', 5);
INSERT INTO pt_specializes_in VALUES ('Jimmy.Koch40@gmail.com', 'Duck', 3);
INSERT INTO pt_specializes_in VALUES ('Jimmy.Koch40@gmail.com', 'Pig', 13);

INSERT INTO person VALUES ('Alvera.Weissnat@hotmail.com', 'Karli DAmore', '$2b$10$rIqmDwqhToE5DdadwTSgAuT6d2RxmlDVKJ6VHXTS20m4aCNfDSuGq', '1961 Kunze Meadow', 90348175, 'user', 'https://s3.amazonaws.com/uifaces/faces/twitter/kimcool/128.jpg');
INSERT INTO credit_card VALUES (6374174912021441, 'Alvera.Weissnat@hotmail.com', '2021-10-08T04:39:35.444Z', 085);
INSERT INTO pet VALUES ('Karen', 'Alvera.Weissnat@hotmail.com', 'Pig', 'Esse perspiciatis architecto quod maiores deserunt dolores.', 'Quas a explicabo voluptatem natus qui unde culpa.');

INSERT INTO person VALUES ('Harley_Boehm@yahoo.com', 'Petra Stokes', '$2b$10$rIqmDwqhToE5DdadwTSgAuNl2n6HEKeaujI7/C4gh12LF8h/.7H1y', '0480 Conner Mission', 90773699, 'user', 'https://s3.amazonaws.com/uifaces/faces/twitter/bruno_mart/128.jpg');
INSERT INTO credit_card VALUES (4645791550991860, 'Harley_Boehm@yahoo.com', '2024-07-23T18:47:59.532Z', 506);
INSERT INTO pet VALUES ('Eryn', 'Harley_Boehm@yahoo.com', 'Iguana', 'Explicabo rerum incidunt culpa veniam deleniti delectus sint eveniet.', 'Repellendus repellendus ex nemo deserunt ipsa.');
INSERT INTO full_time_ct VALUES ('Harley_Boehm@yahoo.com');
INSERT INTO ft_specializes_in VALUES ('Harley_Boehm@yahoo.com', 'Mule', 8);
INSERT INTO ft_specializes_in VALUES ('Harley_Boehm@yahoo.com', 'Pig', 14);
INSERT INTO ft_specializes_in VALUES ('Harley_Boehm@yahoo.com', 'Pot Bellied Pig', 3);

INSERT INTO person VALUES ('Gardner.Kuvalis@gmail.com', 'Dale OConnell', '$2b$10$rIqmDwqhToE5DdadwTSgAuQ0YCihn3w7BFNetinZKe/g1hwdsjkAG', '004 Jake Greens', 90071070, 'user', 'https://s3.amazonaws.com/uifaces/faces/twitter/juangomezw/128.jpg');
INSERT INTO credit_card VALUES (6759052609634224, 'Gardner.Kuvalis@gmail.com', '2022-11-22T12:00:10.947Z', 261);
INSERT INTO pet VALUES ('Clair', 'Gardner.Kuvalis@gmail.com', 'Bearded Dragon', 'Veritatis quos repellendus eum impedit.', 'Error officiis maxime earum ut quas consequatur.');
INSERT INTO full_time_ct VALUES ('Gardner.Kuvalis@gmail.com');
INSERT INTO ft_specializes_in VALUES ('Gardner.Kuvalis@gmail.com', 'Duck', 9);

INSERT INTO person VALUES ('Corbin_Predovic1@yahoo.com', 'Jovani Kihn', '$2b$10$rIqmDwqhToE5DdadwTSgAuy1gL9r3GVOtUcMqWKwPDMyHmJstPL7y', '247 Myra Mission', 90880478, 'user', 'https://s3.amazonaws.com/uifaces/faces/twitter/markretzloff/128.jpg');
INSERT INTO credit_card VALUES (36313220391135, 'Corbin_Predovic1@yahoo.com', '2022-06-23T19:46:31.097Z', 773);
INSERT INTO pet VALUES ('Kyle', 'Corbin_Predovic1@yahoo.com', 'Horse', 'Et ad ratione neque nesciunt quia omnis quia aut mollitia.', 'Necessitatibus velit est neque necessitatibus.');

INSERT INTO person VALUES ('Mohamed_Altenwerth98@hotmail.com', 'Enid Walter', '$2b$10$rIqmDwqhToE5DdadwTSgAu6CFUC2Nb9LGac92hvAP190ovOfTC.4i', '028 Jaleel Shore', 90048675, 'user', 'https://s3.amazonaws.com/uifaces/faces/twitter/brandonflatsoda/128.jpg');

INSERT INTO person VALUES ('Edwina92@gmail.com', 'Kariane Carter', '$2b$10$rIqmDwqhToE5DdadwTSgAutQr2Fg7yf3rayDm1jm5FwVqOqAr5i0m', '551 Hodkiewicz Wall', 90076002, 'user', 'https://s3.amazonaws.com/uifaces/faces/twitter/bryan_topham/128.jpg');
INSERT INTO full_time_ct VALUES ('Edwina92@gmail.com');
INSERT INTO ft_specializes_in VALUES ('Edwina92@gmail.com', 'Chameleons (Veiled)', 6);
INSERT INTO ft_specializes_in VALUES ('Edwina92@gmail.com', 'Ferret', 11);
INSERT INTO ft_specializes_in VALUES ('Edwina92@gmail.com', 'Gecko', 3);

INSERT INTO person VALUES ('Claudia.Heaney66@hotmail.com', 'Kolby Connelly', '$2b$10$rIqmDwqhToE5DdadwTSgAu6UpS1uASfODo90MyEag9LaX0HHl8V4S', '83024 Larissa Meadow', 90993435, 'user', 'https://s3.amazonaws.com/uifaces/faces/twitter/jnmnrd/128.jpg');
INSERT INTO credit_card VALUES (372531560813655, 'Claudia.Heaney66@hotmail.com', '2021-02-25T21:34:21.608Z', 167);
INSERT INTO pet VALUES ('Itzel', 'Claudia.Heaney66@hotmail.com', 'Ponie', 'Rem nihil et praesentium incidunt quaerat.', 'Et eligendi vel quibusdam asperiores et necessitatibus necessitatibus.');

INSERT INTO person VALUES ('Linnie92@hotmail.com', 'Tavares Watsica', '$2b$10$rIqmDwqhToE5DdadwTSgAuwnCFvBqeFfAOjfjJCbr4FICL4MCwjfu', '4974 Feest Harbors', 90877405, 'user', 'https://s3.amazonaws.com/uifaces/faces/twitter/adrienths/128.jpg');

INSERT INTO person VALUES ('Wyman.Bruen@yahoo.com', 'Kaleigh Gorczany', '$2b$10$rIqmDwqhToE5DdadwTSgAu9BuvfqH7qqoYtqwcqB7imjvFXYLWfvO', '76991 Hyatt Gateway', 90409970, 'user', 'https://s3.amazonaws.com/uifaces/faces/twitter/krystalfister/128.jpg');
INSERT INTO credit_card VALUES (3529760056459473, 'Wyman.Bruen@yahoo.com', '2021-06-26T11:54:56.859Z', 303);
INSERT INTO pet VALUES ('Nash', 'Wyman.Bruen@yahoo.com', 'Gerbil', 'Blanditiis libero saepe cupiditate ut.', 'Nemo sed eligendi accusantium ut.');

INSERT INTO person VALUES ('Mable_Daugherty99@hotmail.com', 'Sophia Homenick', '$2b$10$rIqmDwqhToE5DdadwTSgAu1n7nbOpMlMi7NNXZqT9JuFQLE5N3TNm', '4405 Orn Points', 90626984, 'user', 'https://s3.amazonaws.com/uifaces/faces/twitter/shoaib253/128.jpg');
INSERT INTO credit_card VALUES (5893120661792231, 'Mable_Daugherty99@hotmail.com', '2022-06-16T06:13:29.916Z', 802);
INSERT INTO pet VALUES ('Deshawn', 'Mable_Daugherty99@hotmail.com', 'Chicken', 'Aut impedit quo sit reiciendis consequuntur explicabo quod doloribus.', 'Placeat consequatur dolor vel voluptas voluptate.');
INSERT INTO part_time_ct VALUES ('Mable_Daugherty99@hotmail.com');
INSERT INTO pt_free_schedule VALUES ('Mable_Daugherty99@hotmail.com', '2020-11-14T13:03:42.176Z', '2021-04-15T13:57:47.104Z');
INSERT INTO pt_specializes_in VALUES ('Mable_Daugherty99@hotmail.com', 'Pot Bellied Pig', 18);

INSERT INTO person VALUES ('Gracie96@gmail.com', 'Axel Ward', '$2b$10$rIqmDwqhToE5DdadwTSgAuyPvj7I8Y/KDDviSBtM6pWQzvE6rf/mK', '04673 Muller Plains', 90025333, 'user', 'https://s3.amazonaws.com/uifaces/faces/twitter/levisan/128.jpg');

INSERT INTO person VALUES ('Ray.Borer24@hotmail.com', 'Tommie Beier', '$2b$10$rIqmDwqhToE5DdadwTSgAupLdTlftiZpsz0TVN9fP2tD2srxK.gZW', '44467 Schmeler Locks', 90212442, 'user', 'https://s3.amazonaws.com/uifaces/faces/twitter/kurafire/128.jpg');

INSERT INTO person VALUES ('Leon_Kulas@yahoo.com', 'Gaetano Wyman', '$2b$10$rIqmDwqhToE5DdadwTSgAu98NZmJqNchwbSpMZ8.2W2RDZId4b/iq', '81250 Morissette Groves', 90985592, 'user', 'https://s3.amazonaws.com/uifaces/faces/twitter/ashocka18/128.jpg');
INSERT INTO credit_card VALUES (4358511716149675, 'Leon_Kulas@yahoo.com', '2021-04-05T06:59:54.779Z', 297);
INSERT INTO pet VALUES ('Selina', 'Leon_Kulas@yahoo.com', 'Pig', 'Ea molestiae occaecati quia repellat omnis non molestiae animi.', 'Nobis minus quos minus adipisci.');
INSERT INTO part_time_ct VALUES ('Leon_Kulas@yahoo.com');
INSERT INTO pt_free_schedule VALUES ('Leon_Kulas@yahoo.com', '2020-11-14T23:28:00.775Z', '2021-07-10T16:28:41.738Z');
INSERT INTO pt_specializes_in VALUES ('Leon_Kulas@yahoo.com', 'Gecko', 18);
INSERT INTO pt_specializes_in VALUES ('Leon_Kulas@yahoo.com', 'Mule', 5);

INSERT INTO person VALUES ('Nathan_Pfannerstill24@gmail.com', 'Nash Feest', '$2b$10$rIqmDwqhToE5DdadwTSgAux56V2FLV5aZ7Tw9Xn5w3Zu9b7aPW1G.', '930 Janet Hollow', 90313393, 'user', 'https://s3.amazonaws.com/uifaces/faces/twitter/cyril_gaillard/128.jpg');

INSERT INTO person VALUES ('Lane.Hegmann41@gmail.com', 'Willis Ratke', '$2b$10$rIqmDwqhToE5DdadwTSgAuPQ.fBEn4yxgVXprqL6sevPvNYMq.RaS', '990 Braun Groves', 90549965, 'user', 'https://s3.amazonaws.com/uifaces/faces/twitter/gu5taf/128.jpg');
INSERT INTO full_time_ct VALUES ('Lane.Hegmann41@gmail.com');
INSERT INTO ft_specializes_in VALUES ('Lane.Hegmann41@gmail.com', 'Hedgehog', 7);

INSERT INTO person VALUES ('Ismael_Senger@hotmail.com', 'Bobbie Bartoletti', '$2b$10$rIqmDwqhToE5DdadwTSgAuWdiTeWL6vE4YkXr4mOjjWlsP0LIbZtm', '94564 Welch Villages', 90539720, 'user', 'https://s3.amazonaws.com/uifaces/faces/twitter/stevedesigner/128.jpg');
INSERT INTO credit_card VALUES (3529602890745770, 'Ismael_Senger@hotmail.com', '2021-09-18T07:38:30.133Z', 085);
INSERT INTO pet VALUES ('Maribel', 'Ismael_Senger@hotmail.com', 'Mule', 'Reprehenderit repellat architecto at voluptate dolore natus.', 'Esse labore est voluptate non nam hic laboriosam.');

INSERT INTO person VALUES ('Hanna.Homenick31@yahoo.com', 'Meda Stiedemann', '$2b$10$rIqmDwqhToE5DdadwTSgAu.m67FGioPB9EzNGaJJ12hmXYEV7kf0i', '263 Reta Extensions', 90438416, 'user', 'https://s3.amazonaws.com/uifaces/faces/twitter/anatolinicolae/128.jpg');
INSERT INTO credit_card VALUES (30427092340507, 'Hanna.Homenick31@yahoo.com', '2023-11-12T16:49:03.588Z', 096);
INSERT INTO pet VALUES ('Savannah', 'Hanna.Homenick31@yahoo.com', 'Gerbil', 'Magnam distinctio suscipit voluptate nihil hic nam.', 'Temporibus qui repellat ut libero mollitia ut quibusdam culpa consequatur.');
INSERT INTO part_time_ct VALUES ('Hanna.Homenick31@yahoo.com');
INSERT INTO pt_free_schedule VALUES ('Hanna.Homenick31@yahoo.com', '2020-11-14T13:25:27.757Z', '2021-07-23T20:34:14.756Z');
INSERT INTO pt_specializes_in VALUES ('Hanna.Homenick31@yahoo.com', 'Guinea Fowl', 12);

INSERT INTO person VALUES ('Ollie_Connelly@gmail.com', 'Quincy Trantow', '$2b$10$rIqmDwqhToE5DdadwTSgAudjPk/1qJZx3dpekAc1v2L9lnfQQhzVu', '55750 Jacobson Meadow', 90819221, 'user', 'https://s3.amazonaws.com/uifaces/faces/twitter/mhudobivnik/128.jpg');

INSERT INTO person VALUES ('Antwan56@yahoo.com', 'Pearl OKon', '$2b$10$rIqmDwqhToE5DdadwTSgAupZsw.H64c6tlB0A1SP0aonGagTmm1uy', '32021 Larson Cape', 90333461, 'user', 'https://s3.amazonaws.com/uifaces/faces/twitter/felipecsl/128.jpg');
INSERT INTO credit_card VALUES (6011323769836014, 'Antwan56@yahoo.com', '2023-09-06T08:58:29.392Z', 471);
INSERT INTO pet VALUES ('Garett', 'Antwan56@yahoo.com', 'Cow', 'Et alias excepturi voluptates itaque quo.', 'Explicabo enim suscipit consequatur.');
INSERT INTO part_time_ct VALUES ('Antwan56@yahoo.com');
INSERT INTO pt_free_schedule VALUES ('Antwan56@yahoo.com', '2020-11-14T20:47:00.995Z', '2021-01-16T15:02:42.914Z');
INSERT INTO pt_specializes_in VALUES ('Antwan56@yahoo.com', 'Hamster', 3);
INSERT INTO pt_specializes_in VALUES ('Antwan56@yahoo.com', 'Llama', 4);
INSERT INTO pt_specializes_in VALUES ('Antwan56@yahoo.com', 'Mule', 18);

INSERT INTO person VALUES ('Precious69@yahoo.com', 'Reta Jaskolski', '$2b$10$rIqmDwqhToE5DdadwTSgAundgz7ujzGAJQh06XsLlH1Zm/nofBjsK', '5456 Sheridan Inlet', 90622413, 'user', 'https://s3.amazonaws.com/uifaces/faces/twitter/fiterik/128.jpg');
INSERT INTO credit_card VALUES (5568846141210158, 'Precious69@yahoo.com', '2021-04-08T17:36:15.676Z', 344);
INSERT INTO pet VALUES ('Wyman', 'Precious69@yahoo.com', 'Pigeon', 'Omnis nisi rerum sunt molestiae quia nemo.', 'Aut eveniet expedita dicta eos sed qui.');

INSERT INTO person VALUES ('Mack_Hills26@hotmail.com', 'Odell Prohaska', '$2b$10$rIqmDwqhToE5DdadwTSgAut3Dk9ZCzfrI1lkzldC2365HsczGTP/S', '836 Stamm Extensions', 90830268, 'user', 'https://s3.amazonaws.com/uifaces/faces/twitter/klimmka/128.jpg');
INSERT INTO credit_card VALUES (6771610327445275, 'Mack_Hills26@hotmail.com', '2021-08-17T13:24:10.713Z', 219);
INSERT INTO pet VALUES ('Aliya', 'Mack_Hills26@hotmail.com', 'Donkey', 'Omnis incidunt dolor impedit autem esse.', 'Vel dolores aut qui eos qui nobis voluptatem ducimus qui.');
INSERT INTO full_time_ct VALUES ('Mack_Hills26@hotmail.com');
INSERT INTO ft_specializes_in VALUES ('Mack_Hills26@hotmail.com', 'Llama', 19);

INSERT INTO person VALUES ('Kathryn.White@yahoo.com', 'Susanna Flatley', '$2b$10$rIqmDwqhToE5DdadwTSgAuJJsN8kWU9pUZXHtppBA790EjVBf19KG', '6102 Gregory Square', 90390549, 'user', 'https://s3.amazonaws.com/uifaces/faces/twitter/caspergrl/128.jpg');
INSERT INTO credit_card VALUES (5018263538711598, 'Kathryn.White@yahoo.com', '2021-01-17T02:23:50.601Z', 699);
INSERT INTO pet VALUES ('Ebony', 'Kathryn.White@yahoo.com', 'Chameleons (Veiled)', 'Quasi quo alias ea et facilis.', 'Nulla et autem maxime minima sunt quidem exercitationem.');

INSERT INTO person VALUES ('Elton_Schiller@gmail.com', 'Jacquelyn Homenick', '$2b$10$rIqmDwqhToE5DdadwTSgAu1nmO8fe9q/chxefODCOYJvc1PmKXHhS', '5828 Langosh Glen', 90964502, 'user', 'https://s3.amazonaws.com/uifaces/faces/twitter/bcrad/128.jpg');
INSERT INTO credit_card VALUES (6771896596943550, 'Elton_Schiller@gmail.com', '2022-06-12T05:17:12.502Z', 796);
INSERT INTO pet VALUES ('Ila', 'Elton_Schiller@gmail.com', 'Rabbit', 'Dolores quo qui velit.', 'Qui eius cum sed.');
INSERT INTO part_time_ct VALUES ('Elton_Schiller@gmail.com');
INSERT INTO pt_free_schedule VALUES ('Elton_Schiller@gmail.com', '2020-11-14T11:11:43.135Z', '2021-10-09T06:06:11.416Z');
INSERT INTO pt_specializes_in VALUES ('Elton_Schiller@gmail.com', 'Geese (Chinese Swan Goose)', 19);
INSERT INTO pt_specializes_in VALUES ('Elton_Schiller@gmail.com', 'Pig', 8);

INSERT INTO person VALUES ('Dulce87@yahoo.com', 'Sylvan Klein', '$2b$10$rIqmDwqhToE5DdadwTSgAuP5BoDcd37Sjuav11g48Drw0owVSDdYC', '084 Funk Stream', 90288783, 'user', 'https://s3.amazonaws.com/uifaces/faces/twitter/ankitind/128.jpg');

INSERT INTO person VALUES ('Gianni.Koelpin55@hotmail.com', 'Myriam Kuhic', '$2b$10$rIqmDwqhToE5DdadwTSgAuMPUEf2ngtpB7BWp4R3WhSMEjf/omcpq', '7974 Hansen Squares', 90164023, 'user', 'https://s3.amazonaws.com/uifaces/faces/twitter/raquelwilson/128.jpg');
INSERT INTO part_time_ct VALUES ('Gianni.Koelpin55@hotmail.com');
INSERT INTO pt_free_schedule VALUES ('Gianni.Koelpin55@hotmail.com', '2020-11-15T03:00:49.418Z', '2021-03-02T13:24:49.599Z');
INSERT INTO pt_specializes_in VALUES ('Gianni.Koelpin55@hotmail.com', 'Guinea Fowl', 2);

INSERT INTO person VALUES ('Donato99@gmail.com', 'Ladarius Upton', '$2b$10$rIqmDwqhToE5DdadwTSgAuBrPEwICixgNKMX8Tg.KbKI3szmDP1wm', '598 Wilma Hill', 90699237, 'user', 'https://s3.amazonaws.com/uifaces/faces/twitter/gu5taf/128.jpg');
INSERT INTO credit_card VALUES (3529909857984472, 'Donato99@gmail.com', '2021-04-25T13:53:37.827Z', 876);
INSERT INTO pet VALUES ('Dominic', 'Donato99@gmail.com', 'Hog', 'Iusto id quae inventore quisquam eligendi et est doloribus excepturi.', 'Neque aut consequuntur sed voluptatem perspiciatis cupiditate.');

INSERT INTO person VALUES ('Hulda_Quitzon26@yahoo.com', 'Oscar Gottlieb', '$2b$10$rIqmDwqhToE5DdadwTSgAuSIM7df3OO5bok6xPMeaRPwkCiBsiGq2', '3086 Jaren Centers', 90877307, 'user', 'https://s3.amazonaws.com/uifaces/faces/twitter/twittypork/128.jpg');
INSERT INTO part_time_ct VALUES ('Hulda_Quitzon26@yahoo.com');
INSERT INTO pt_free_schedule VALUES ('Hulda_Quitzon26@yahoo.com', '2020-11-14T23:03:53.426Z', '2021-10-03T08:15:32.399Z');
INSERT INTO pt_specializes_in VALUES ('Hulda_Quitzon26@yahoo.com', 'Guinea Fowl', 19);
INSERT INTO pt_specializes_in VALUES ('Hulda_Quitzon26@yahoo.com', 'Horse', 8);

INSERT INTO person VALUES ('Scottie.Frami3@gmail.com', 'Antonetta Wisoky', '$2b$10$rIqmDwqhToE5DdadwTSgAubOHWBH8.W4TlhGG2VRKFSWt6OU3f..q', '42471 Rice Canyon', 90608938, 'user', 'https://s3.amazonaws.com/uifaces/faces/twitter/hermanobrother/128.jpg');
INSERT INTO full_time_ct VALUES ('Scottie.Frami3@gmail.com');
INSERT INTO ft_specializes_in VALUES ('Scottie.Frami3@gmail.com', 'Ferret', 3);
INSERT INTO ft_specializes_in VALUES ('Scottie.Frami3@gmail.com', 'Llama', 7);
INSERT INTO ft_specializes_in VALUES ('Scottie.Frami3@gmail.com', 'Mule', 11);

INSERT INTO person VALUES ('Nicklaus.Hermiston22@yahoo.com', 'Dexter Gorczany', '$2b$10$rIqmDwqhToE5DdadwTSgAukEXVxQskozqxY0/YwSC0hmv1O3tcvE2', '80027 Blanda Mountains', 90300203, 'user', 'https://s3.amazonaws.com/uifaces/faces/twitter/aio___/128.jpg');
INSERT INTO credit_card VALUES (5571694531354647, 'Nicklaus.Hermiston22@yahoo.com', '2021-09-22T03:03:53.795Z', 394);
INSERT INTO pet VALUES ('Agustin', 'Nicklaus.Hermiston22@yahoo.com', 'Pig', 'Quis possimus maxime.', 'Nam vitae aut incidunt voluptatum temporibus et ipsa.');

INSERT INTO person VALUES ('Carmela55@gmail.com', 'Keanu Howell', '$2b$10$rIqmDwqhToE5DdadwTSgAu7wxQa5r/T65MgV.Mqr/R7hassymsUti', '294 Kohler Keys', 90457648, 'user', 'https://s3.amazonaws.com/uifaces/faces/twitter/lingeswaran/128.jpg');
INSERT INTO part_time_ct VALUES ('Carmela55@gmail.com');
INSERT INTO pt_free_schedule VALUES ('Carmela55@gmail.com', '2020-11-14T18:48:21.520Z', '2021-01-10T11:40:54.531Z');
INSERT INTO pt_specializes_in VALUES ('Carmela55@gmail.com', 'Burro', 13);
INSERT INTO pt_specializes_in VALUES ('Carmela55@gmail.com', 'Rabbit', 20);

INSERT INTO person VALUES ('Yasmine_Jenkins69@gmail.com', 'Deon Wiza', '$2b$10$rIqmDwqhToE5DdadwTSgAuogRjWWG/98NWENMXY.QYIH900diG.Ni', '474 Emmerich Alley', 90415273, 'user', 'https://s3.amazonaws.com/uifaces/faces/twitter/shojberg/128.jpg');
INSERT INTO credit_card VALUES (6492899751599417, 'Yasmine_Jenkins69@gmail.com', '2022-10-30T20:20:17.130Z', 018);
INSERT INTO pet VALUES ('Jarrett', 'Yasmine_Jenkins69@gmail.com', 'Geese (Chinese Swan Goose)', 'Nesciunt dolore maxime facere.', 'Est modi iusto quam.');
INSERT INTO part_time_ct VALUES ('Yasmine_Jenkins69@gmail.com');
INSERT INTO pt_free_schedule VALUES ('Yasmine_Jenkins69@gmail.com', '2020-11-14T19:03:40.800Z', '2021-03-08T07:23:54.702Z');
INSERT INTO pt_specializes_in VALUES ('Yasmine_Jenkins69@gmail.com', 'Duck', 20);
INSERT INTO pt_specializes_in VALUES ('Yasmine_Jenkins69@gmail.com', 'Lizard', 7);
INSERT INTO pt_specializes_in VALUES ('Yasmine_Jenkins69@gmail.com', 'Ponie', 6);

INSERT INTO person VALUES ('Ryder.Koss@hotmail.com', 'Rose Ferry', '$2b$10$rIqmDwqhToE5DdadwTSgAuA0Tqt/IVNc5.jKz8V/pya2IuA9D6hpa', '47564 River Fords', 90804728, 'user', 'https://s3.amazonaws.com/uifaces/faces/twitter/nellleo/128.jpg');

INSERT INTO person VALUES ('Vicente.Huel63@hotmail.com', 'Silas Beier', '$2b$10$rIqmDwqhToE5DdadwTSgAuaK6Ck5Z4rWLBWj2NA/GsMCddb2lAMti', '552 Jackie Viaduct', 90210453, 'user', 'https://s3.amazonaws.com/uifaces/faces/twitter/sementiy/128.jpg');
INSERT INTO credit_card VALUES (6376076591553206, 'Vicente.Huel63@hotmail.com', '2022-09-13T05:53:48.659Z', 243);
INSERT INTO pet VALUES ('Lottie', 'Vicente.Huel63@hotmail.com', 'Ferret', 'Consequatur excepturi consectetur qui delectus temporibus quidem.', 'Modi voluptatibus mollitia.');

INSERT INTO person VALUES ('Beulah_Bechtelar89@yahoo.com', 'Emilie Smith', '$2b$10$rIqmDwqhToE5DdadwTSgAuUrWufIENLrCkLZFE24yUvdEv8emo9tC', '8638 Bailey Islands', 90927866, 'user', 'https://s3.amazonaws.com/uifaces/faces/twitter/grrr_nl/128.jpg');

INSERT INTO person VALUES ('Barry.Rodriguez82@yahoo.com', 'Natalie Littel', '$2b$10$rIqmDwqhToE5DdadwTSgAuexyMeD3UcksNXKwwC5yT3t/nNFXdkni', '862 Margaretta Branch', 90087730, 'user', 'https://s3.amazonaws.com/uifaces/faces/twitter/teeragit/128.jpg');
INSERT INTO credit_card VALUES (6771290133264614, 'Barry.Rodriguez82@yahoo.com', '2023-03-06T13:05:08.113Z', 109);
INSERT INTO pet VALUES ('Gerald', 'Barry.Rodriguez82@yahoo.com', 'Donkey', 'Harum dolor et quibusdam.', 'Aut reiciendis vel sint odio amet fuga.');
INSERT INTO full_time_ct VALUES ('Barry.Rodriguez82@yahoo.com');
INSERT INTO ft_specializes_in VALUES ('Barry.Rodriguez82@yahoo.com', 'Bird', 18);
INSERT INTO ft_specializes_in VALUES ('Barry.Rodriguez82@yahoo.com', 'Hamster', 11);
INSERT INTO ft_specializes_in VALUES ('Barry.Rodriguez82@yahoo.com', 'Ponie', 2);

INSERT INTO person VALUES ('Jerel_Schaefer45@yahoo.com', 'Camille West', '$2b$10$rIqmDwqhToE5DdadwTSgAuCiIXpNp4HF9nZ5vh6.NKcfk9g9U4pBa', '0779 Schoen Parks', 90329269, 'user', 'https://s3.amazonaws.com/uifaces/faces/twitter/weglov/128.jpg');

INSERT INTO person VALUES ('Ben_Johns@yahoo.com', 'Monica Hills', '$2b$10$rIqmDwqhToE5DdadwTSgAukKthtKrxA9pbMVh6bXh5zkgnire0eyW', '0154 Camron Light', 90535050, 'user', 'https://s3.amazonaws.com/uifaces/faces/twitter/frankiefreesbie/128.jpg');
INSERT INTO credit_card VALUES (6759386965159861, 'Ben_Johns@yahoo.com', '2021-03-30T11:28:37.554Z', 964);
INSERT INTO pet VALUES ('Brian', 'Ben_Johns@yahoo.com', 'Donkey', 'Est quasi enim hic ad aliquam reiciendis.', 'Non molestiae voluptatem ut rem autem qui et.');
INSERT INTO part_time_ct VALUES ('Ben_Johns@yahoo.com');
INSERT INTO pt_free_schedule VALUES ('Ben_Johns@yahoo.com', '2020-11-15T07:17:45.497Z', '2021-03-06T23:19:00.151Z');
INSERT INTO pt_specializes_in VALUES ('Ben_Johns@yahoo.com', 'Duck', 0);
INSERT INTO pt_specializes_in VALUES ('Ben_Johns@yahoo.com', 'Hamster', 11);
INSERT INTO pt_specializes_in VALUES ('Ben_Johns@yahoo.com', 'Mice', 12);

INSERT INTO person VALUES ('Lon_Crooks@gmail.com', 'Aurelie Hodkiewicz', '$2b$10$rIqmDwqhToE5DdadwTSgAuVHPIoCclyxSvNs7JFmXkiB.VQLBdu3u', '9839 Daniel Camp', 90276460, 'user', 'https://s3.amazonaws.com/uifaces/faces/twitter/itskawsar/128.jpg');
INSERT INTO full_time_ct VALUES ('Lon_Crooks@gmail.com');
INSERT INTO ft_specializes_in VALUES ('Lon_Crooks@gmail.com', 'Llama', 12);
INSERT INTO ft_specializes_in VALUES ('Lon_Crooks@gmail.com', 'Mule', 8);

INSERT INTO person VALUES ('Betsy_Crooks81@yahoo.com', 'Armand Kessler', '$2b$10$rIqmDwqhToE5DdadwTSgAuuUvSACD/ajh9il/vvLJ5fPo7J9L/EvG', '237 Prohaska Trail', 90477740, 'user', 'https://s3.amazonaws.com/uifaces/faces/twitter/joelcipriano/128.jpg');

INSERT INTO person VALUES ('Yvonne_Rogahn@gmail.com', 'Ahmad Walker', '$2b$10$rIqmDwqhToE5DdadwTSgAu6LZ6JjEzo3YVCz86HgMRlOoLMT1XQAi', '1125 Cronin Manors', 90842255, 'user', 'https://s3.amazonaws.com/uifaces/faces/twitter/chadami/128.jpg');
INSERT INTO part_time_ct VALUES ('Yvonne_Rogahn@gmail.com');
INSERT INTO pt_free_schedule VALUES ('Yvonne_Rogahn@gmail.com', '2020-11-14T10:59:25.754Z', '2021-08-08T05:05:50.913Z');
INSERT INTO pt_specializes_in VALUES ('Yvonne_Rogahn@gmail.com', 'Chicken', 4);
INSERT INTO pt_specializes_in VALUES ('Yvonne_Rogahn@gmail.com', 'Ferret', 12);

INSERT INTO person VALUES ('Alycia_Hamill@yahoo.com', 'Claud Kris', '$2b$10$rIqmDwqhToE5DdadwTSgAu/x6tJVZuOdBpQOvOpG97Ax10r0l.rs6', '8502 Heaney Corners', 90618339, 'user', 'https://s3.amazonaws.com/uifaces/faces/twitter/prinzadi/128.jpg');

INSERT INTO person VALUES ('Regan_Kuhic@yahoo.com', 'Adrain Gutkowski', '$2b$10$rIqmDwqhToE5DdadwTSgAuCknFcn8prCfZdX35psUMBVsh18ENAWy', '043 Howe Fords', 90702776, 'user', 'https://s3.amazonaws.com/uifaces/faces/twitter/guiiipontes/128.jpg');
INSERT INTO credit_card VALUES (6763103858037596, 'Regan_Kuhic@yahoo.com', '2023-07-04T14:40:13.785Z', 615);
INSERT INTO pet VALUES ('Schuyler', 'Regan_Kuhic@yahoo.com', 'Hamster', 'Corporis voluptatibus et et.', 'Id nulla tempore qui dolorem.');

INSERT INTO person VALUES ('Elody_Hudson@hotmail.com', 'Quincy Pollich', '$2b$10$rIqmDwqhToE5DdadwTSgAu08yu/b/svYsALegxZ3HiCzKWxXEgB6O', '28895 Harris Well', 90012248, 'user', 'https://s3.amazonaws.com/uifaces/faces/twitter/vigobronx/128.jpg');
INSERT INTO credit_card VALUES (6762475625042701, 'Elody_Hudson@hotmail.com', '2024-07-26T06:29:45.842Z', 261);
INSERT INTO pet VALUES ('Lea', 'Elody_Hudson@hotmail.com', 'Cow', 'Sit impedit explicabo magnam et alias beatae consequatur omnis.', 'Molestiae optio quas earum laborum soluta excepturi.');
INSERT INTO part_time_ct VALUES ('Elody_Hudson@hotmail.com');
INSERT INTO pt_free_schedule VALUES ('Elody_Hudson@hotmail.com', '2020-11-14T14:15:56.263Z', '2020-12-04T23:00:42.309Z');
INSERT INTO pt_specializes_in VALUES ('Elody_Hudson@hotmail.com', 'Burro', 12);
INSERT INTO pt_specializes_in VALUES ('Elody_Hudson@hotmail.com', 'Ponie', 20);

INSERT INTO person VALUES ('Coleman_Goldner@hotmail.com', 'Tremayne Conroy', '$2b$10$rIqmDwqhToE5DdadwTSgAuN8zuYyV//QJh2YEskZEvNL3lwVH7Rem', '00923 Boehm Tunnel', 90262089, 'user', 'https://s3.amazonaws.com/uifaces/faces/twitter/nfedoroff/128.jpg');
INSERT INTO full_time_ct VALUES ('Coleman_Goldner@hotmail.com');
INSERT INTO ft_specializes_in VALUES ('Coleman_Goldner@hotmail.com', 'Bearded Dragon', 14);
INSERT INTO ft_specializes_in VALUES ('Coleman_Goldner@hotmail.com', 'Llama', 20);
INSERT INTO ft_specializes_in VALUES ('Coleman_Goldner@hotmail.com', 'Mice', 9);

INSERT INTO person VALUES ('Mark46@gmail.com', 'Shyann Erdman', '$2b$10$rIqmDwqhToE5DdadwTSgAu7.InO91mkjUT8suzwwWCYSKdqdHMcWK', '218 Zboncak Ways', 90128576, 'user', 'https://s3.amazonaws.com/uifaces/faces/twitter/christianoliff/128.jpg');
INSERT INTO full_time_ct VALUES ('Mark46@gmail.com');
INSERT INTO ft_specializes_in VALUES ('Mark46@gmail.com', 'Guinea Pig', 4);
INSERT INTO ft_specializes_in VALUES ('Mark46@gmail.com', 'Pot Bellied Pig', 7);

INSERT INTO person VALUES ('Joana_Bednar@gmail.com', 'Fabiola Stokes', '$2b$10$rIqmDwqhToE5DdadwTSgAuZwlFeCbi5Wx72IfrhjwqlrMduBVlE6W', '0303 Darion Mall', 90455122, 'user', 'https://s3.amazonaws.com/uifaces/faces/twitter/gearpixels/128.jpg');
INSERT INTO credit_card VALUES (6378092325210480, 'Joana_Bednar@gmail.com', '2023-05-30T05:53:35.266Z', 694);
INSERT INTO pet VALUES ('Heaven', 'Joana_Bednar@gmail.com', 'Horse', 'Et quo dolorem dolorem.', 'Sit ad ad veritatis sint voluptatibus et esse rerum recusandae.');
INSERT INTO part_time_ct VALUES ('Joana_Bednar@gmail.com');
INSERT INTO pt_free_schedule VALUES ('Joana_Bednar@gmail.com', '2020-11-15T06:26:39.533Z', '2021-07-27T20:26:01.241Z');
INSERT INTO pt_specializes_in VALUES ('Joana_Bednar@gmail.com', 'Peafowl', 15);
INSERT INTO pt_specializes_in VALUES ('Joana_Bednar@gmail.com', 'Hog', 0);
INSERT INTO pt_specializes_in VALUES ('Joana_Bednar@gmail.com', 'Pot Bellied Pig', 8);

INSERT INTO person VALUES ('Sarina.Goyette34@gmail.com', 'Shayna Hyatt', '$2b$10$rIqmDwqhToE5DdadwTSgAuO5AyIq1RsL7ANxbV3D7y.JpNWEyNtmu', '12594 Kuvalis Underpass', 90752247, 'user', 'https://s3.amazonaws.com/uifaces/faces/twitter/yesmeck/128.jpg');
INSERT INTO credit_card VALUES (6562749256373910, 'Sarina.Goyette34@gmail.com', '2022-10-03T19:22:18.329Z', 752);
INSERT INTO pet VALUES ('Marta', 'Sarina.Goyette34@gmail.com', 'Mule', 'Et deleniti ea quam.', 'Ut optio expedita assumenda eius.');

INSERT INTO person VALUES ('Stacy69@gmail.com', 'Saige Stanton', '$2b$10$rIqmDwqhToE5DdadwTSgAuZdAVLvOirQWeV3rjzgFr74m6Hx/iwzy', '22129 Ferne Plaza', 90502360, 'user', 'https://s3.amazonaws.com/uifaces/faces/twitter/salimianoff/128.jpg');
INSERT INTO credit_card VALUES (6392501379133907, 'Stacy69@gmail.com', '2022-11-21T23:49:20.334Z', 994);
INSERT INTO pet VALUES ('Anastacio', 'Stacy69@gmail.com', 'Bird', 'Est aut aut vero aut iure quia voluptas accusamus accusamus.', 'Voluptas ratione ut.');
INSERT INTO full_time_ct VALUES ('Stacy69@gmail.com');
INSERT INTO ft_specializes_in VALUES ('Stacy69@gmail.com', 'Chinese Water Dragon', 1);
INSERT INTO ft_specializes_in VALUES ('Stacy69@gmail.com', 'Goat', 2);

INSERT INTO person VALUES ('Lizeth18@hotmail.com', 'Sarina Mayer', '$2b$10$rIqmDwqhToE5DdadwTSgAu9/PqnlH0GJJpTA52wEFovSX.xq1PLW6', '695 Gottlieb Pine', 90278241, 'user', 'https://s3.amazonaws.com/uifaces/faces/twitter/adammarsbar/128.jpg');
INSERT INTO credit_card VALUES (6767102461135225, 'Lizeth18@hotmail.com', '2021-10-29T03:18:19.528Z', 388);
INSERT INTO pet VALUES ('Parker', 'Lizeth18@hotmail.com', 'Burro', 'Magni rem expedita qui quae laboriosam fugiat repudiandae quisquam.', 'Et tempore et doloremque dignissimos eos vel est nam labore.');

INSERT INTO person VALUES ('Ansley10@yahoo.com', 'Ocie Leffler', '$2b$10$rIqmDwqhToE5DdadwTSgAuloBIo7DG/gFJQr8EqNshU.FqkDOe8kK', '6660 Kelsie Circles', 90566283, 'user', 'https://s3.amazonaws.com/uifaces/faces/twitter/yigitpinarbasi/128.jpg');
INSERT INTO part_time_ct VALUES ('Ansley10@yahoo.com');
INSERT INTO pt_free_schedule VALUES ('Ansley10@yahoo.com', '2020-11-14T14:34:29.658Z', '2021-02-25T12:22:58.610Z');
INSERT INTO pt_specializes_in VALUES ('Ansley10@yahoo.com', 'Pot Bellied Pig', 15);

INSERT INTO person VALUES ('Ilene_McCullough@gmail.com', 'Barrett Murray', '$2b$10$rIqmDwqhToE5DdadwTSgAusCjrVldTtJt.xOqpGdUomYkXfrHX5G6', '54989 Paul Cliffs', 90278119, 'user', 'https://s3.amazonaws.com/uifaces/faces/twitter/jeremiaha/128.jpg');
INSERT INTO credit_card VALUES (6759965980255241, 'Ilene_McCullough@gmail.com', '2021-05-14T17:13:04.381Z', 988);
INSERT INTO pet VALUES ('Francisco', 'Ilene_McCullough@gmail.com', 'Hamster', 'Porro nihil magnam explicabo temporibus.', 'Aut labore et et.');
INSERT INTO full_time_ct VALUES ('Ilene_McCullough@gmail.com');
INSERT INTO ft_specializes_in VALUES ('Ilene_McCullough@gmail.com', 'Burro', 6);
INSERT INTO ft_specializes_in VALUES ('Ilene_McCullough@gmail.com', 'Gerbil', 3);

INSERT INTO person VALUES ('Elody.Gusikowski@hotmail.com', 'Lisa Watsica', '$2b$10$rIqmDwqhToE5DdadwTSgAuKi7fjp2SPwal3Qv0hzKNAHsWGEv4cwu', '3267 Freda Highway', 90299789, 'user', 'https://s3.amazonaws.com/uifaces/faces/twitter/johnsmithagency/128.jpg');
INSERT INTO part_time_ct VALUES ('Elody.Gusikowski@hotmail.com');
INSERT INTO pt_free_schedule VALUES ('Elody.Gusikowski@hotmail.com', '2020-11-14T09:25:48.790Z', '2021-09-15T11:00:34.206Z');
INSERT INTO pt_specializes_in VALUES ('Elody.Gusikowski@hotmail.com', 'Goat', 19);

INSERT INTO person VALUES ('Cayla_Rodriguez@gmail.com', 'Sabrina Kreiger', '$2b$10$rIqmDwqhToE5DdadwTSgAueyq0DCvtsVqDzP.U9Fls.cJoeUdHyni', '109 Turner Lights', 90993213, 'user', 'https://s3.amazonaws.com/uifaces/faces/twitter/jervo/128.jpg');
INSERT INTO part_time_ct VALUES ('Cayla_Rodriguez@gmail.com');
INSERT INTO pt_free_schedule VALUES ('Cayla_Rodriguez@gmail.com', '2020-11-15T07:07:44.261Z', '2021-03-13T02:54:52.205Z');
INSERT INTO pt_specializes_in VALUES ('Cayla_Rodriguez@gmail.com', 'Pot Bellied Pig', 12);

INSERT INTO person VALUES ('Keyshawn_Halvorson@hotmail.com', 'Keegan Walker', '$2b$10$rIqmDwqhToE5DdadwTSgAuquLyTgExkOMAunxUA2bcDu9ap9zY/0W', '4590 Juliet Forge', 90170308, 'user', 'https://s3.amazonaws.com/uifaces/faces/twitter/timpetricola/128.jpg');

INSERT INTO person VALUES ('Dorthy10@gmail.com', 'Nicholas Keeling', '$2b$10$rIqmDwqhToE5DdadwTSgAu/U5BChZ9yg74pEafauz5sqdzRGE8CJG', '429 Charity Walk', 90652345, 'user', 'https://s3.amazonaws.com/uifaces/faces/twitter/reabo101/128.jpg');
INSERT INTO credit_card VALUES (376166312959551, 'Dorthy10@gmail.com', '2021-07-12T17:59:49.227Z', 335);
INSERT INTO pet VALUES ('Kim', 'Dorthy10@gmail.com', 'Rabbit', 'Suscipit vel autem qui dolor recusandae.', 'Pariatur molestiae sunt harum expedita labore doloremque.');
INSERT INTO full_time_ct VALUES ('Dorthy10@gmail.com');
INSERT INTO ft_specializes_in VALUES ('Dorthy10@gmail.com', 'Guinea Pig', 18);

INSERT INTO person VALUES ('Lou.Medhurst@hotmail.com', 'Myles Rippin', '$2b$10$rIqmDwqhToE5DdadwTSgAuqqLzCJar5mQn3B2A8oJDSwU8lHBeyVG', '6897 Gerhold Loaf', 90260882, 'user', 'https://s3.amazonaws.com/uifaces/faces/twitter/nastya_mane/128.jpg');
INSERT INTO full_time_ct VALUES ('Lou.Medhurst@hotmail.com');
INSERT INTO ft_specializes_in VALUES ('Lou.Medhurst@hotmail.com', 'Mule', 17);

INSERT INTO person VALUES ('Freeda.Treutel@yahoo.com', 'Murl Hamill', '$2b$10$rIqmDwqhToE5DdadwTSgAujWanp96N099PL/dVWaY87P4HJTUsK4m', '505 Rigoberto Loaf', 90219716, 'user', 'https://s3.amazonaws.com/uifaces/faces/twitter/kimcool/128.jpg');
INSERT INTO full_time_ct VALUES ('Freeda.Treutel@yahoo.com');
INSERT INTO ft_specializes_in VALUES ('Freeda.Treutel@yahoo.com', 'Cow', 12);
INSERT INTO ft_specializes_in VALUES ('Freeda.Treutel@yahoo.com', 'Pot Bellied Pig', 6);

INSERT INTO person VALUES ('Arnoldo74@hotmail.com', 'Aglae Barton', '$2b$10$rIqmDwqhToE5DdadwTSgAufE5tSd2piQCe/oqYoXmzllvkgRJbtPK', '4540 Hartmann Plains', 90630221, 'user', 'https://s3.amazonaws.com/uifaces/faces/twitter/wiljanslofstra/128.jpg');
INSERT INTO credit_card VALUES (6381430730761328, 'Arnoldo74@hotmail.com', '2021-04-28T14:03:41.951Z', 847);
INSERT INTO pet VALUES ('Gillian', 'Arnoldo74@hotmail.com', 'Gerbil', 'Eum est vel molestiae.', 'Aut praesentium distinctio atque fugiat et.');

INSERT INTO person VALUES ('Domenick22@gmail.com', 'Aida Ankunding', '$2b$10$rIqmDwqhToE5DdadwTSgAuDBbG6CeONfncA02GIrPXI.BsLRAvrFq', '929 Brain Isle', 90531369, 'user', 'https://s3.amazonaws.com/uifaces/faces/twitter/chris_witko/128.jpg');
INSERT INTO credit_card VALUES (36088018143377, 'Domenick22@gmail.com', '2023-08-03T18:54:49.142Z', 151);
INSERT INTO pet VALUES ('Dorcas', 'Domenick22@gmail.com', 'Hog', 'Ea eaque dolor similique sed nulla vero autem qui excepturi.', 'Id qui est.');

INSERT INTO person VALUES ('Mustafa.Ratke@yahoo.com', 'Uriah Schaefer', '$2b$10$rIqmDwqhToE5DdadwTSgAu4469TmFPm18D2Mb.vyLmGh33QTWVkD6', '51755 Streich Hills', 90552465, 'user', 'https://s3.amazonaws.com/uifaces/faces/twitter/frankiefreesbie/128.jpg');
INSERT INTO part_time_ct VALUES ('Mustafa.Ratke@yahoo.com');
INSERT INTO pt_free_schedule VALUES ('Mustafa.Ratke@yahoo.com', '2020-11-14T13:43:10.576Z', '2021-01-25T05:48:37.819Z');
INSERT INTO pt_specializes_in VALUES ('Mustafa.Ratke@yahoo.com', 'Goat', 20);

INSERT INTO person VALUES ('Elnora.Rodriguez@hotmail.com', 'Coty Baumbach', '$2b$10$rIqmDwqhToE5DdadwTSgAu1xJqI.Qv7Ap/QsKClvHr1HhFNSqgGdS', '896 Zakary Lane', 90211293, 'user', 'https://s3.amazonaws.com/uifaces/faces/twitter/falconerie/128.jpg');

INSERT INTO person VALUES ('Adah9@hotmail.com', 'Winifred Wisoky', '$2b$10$rIqmDwqhToE5DdadwTSgAuAWuTsOmQQVJsvC6JFC11lgBqnSjTevO', '29307 Ashley Road', 90275510, 'user', 'https://s3.amazonaws.com/uifaces/faces/twitter/iamgarth/128.jpg');
INSERT INTO credit_card VALUES (6771896242294729, 'Adah9@hotmail.com', '2021-03-28T14:31:26.791Z', 219);
INSERT INTO pet VALUES ('Geovany', 'Adah9@hotmail.com', 'Ferret', 'Aliquam deserunt sed est est.', 'Repudiandae iure delectus enim ipsum.');
INSERT INTO full_time_ct VALUES ('Adah9@hotmail.com');
INSERT INTO ft_specializes_in VALUES ('Adah9@hotmail.com', 'Mice', 9);
INSERT INTO ft_specializes_in VALUES ('Adah9@hotmail.com', 'Ponie', 19);
INSERT INTO ft_specializes_in VALUES ('Adah9@hotmail.com', 'Rabbit', 2);

INSERT INTO person VALUES ('Silas_Shanahan85@hotmail.com', 'Sigrid Breitenberg', '$2b$10$rIqmDwqhToE5DdadwTSgAug92ihmNZXwW5dlh6Al4E3O5x.LvWy1m', '19350 Hortense Squares', 90869684, 'user', 'https://s3.amazonaws.com/uifaces/faces/twitter/moscoz/128.jpg');

INSERT INTO person VALUES ('Adrain.Morar@hotmail.com', 'Jaleel Rempel', '$2b$10$rIqmDwqhToE5DdadwTSgAujqWJVcLKzw.PlInGFgCpGoM42cWzlr6', '162 Alfonso Streets', 90690261, 'user', 'https://s3.amazonaws.com/uifaces/faces/twitter/isnifer/128.jpg');

INSERT INTO person VALUES ('Amira65@hotmail.com', 'Johnathon Strosin', '$2b$10$rIqmDwqhToE5DdadwTSgAuAMpsw3uG1nkAtC0jubi2denKfyFlpjC', '52390 Bernhard Squares', 90829023, 'user', 'https://s3.amazonaws.com/uifaces/faces/twitter/zforrester/128.jpg');
INSERT INTO credit_card VALUES (6375677499124043, 'Amira65@hotmail.com', '2021-01-09T23:06:21.653Z', 475);
INSERT INTO pet VALUES ('Karianne', 'Amira65@hotmail.com', 'Guinea Fowl', 'Sed asperiores omnis consequuntur molestiae assumenda aut optio eum ut.', 'Sed quibusdam voluptatem et quia libero recusandae harum.');
INSERT INTO full_time_ct VALUES ('Amira65@hotmail.com');
INSERT INTO ft_specializes_in VALUES ('Amira65@hotmail.com', 'Chinese Water Dragon', 0);
INSERT INTO ft_specializes_in VALUES ('Amira65@hotmail.com', 'Fish', 0);

INSERT INTO person VALUES ('Virginia38@yahoo.com', 'Gregoria Batz', '$2b$10$rIqmDwqhToE5DdadwTSgAuSztFkLpIXlNIklOLUfTRHg541JUUxuy', '7304 Hadley Walks', 90597984, 'user', 'https://s3.amazonaws.com/uifaces/faces/twitter/namankreative/128.jpg');
INSERT INTO part_time_ct VALUES ('Virginia38@yahoo.com');
INSERT INTO pt_free_schedule VALUES ('Virginia38@yahoo.com', '2020-11-14T14:54:28.681Z', '2021-10-16T12:07:11.332Z');
INSERT INTO pt_specializes_in VALUES ('Virginia38@yahoo.com', 'Bearded Dragon', 16);
INSERT INTO pt_specializes_in VALUES ('Virginia38@yahoo.com', 'Pot Bellied Pig', 12);

INSERT INTO person VALUES ('Annie36@gmail.com', 'Skye Crona', '$2b$10$rIqmDwqhToE5DdadwTSgAudf08SFAP05n84djmsDc6DTNd4T8isJu', '3805 West Fall', 90810424, 'user', 'https://s3.amazonaws.com/uifaces/faces/twitter/necodymiconer/128.jpg');
INSERT INTO credit_card VALUES (6771898137545340, 'Annie36@gmail.com', '2024-02-08T20:21:25.262Z', 552);
INSERT INTO pet VALUES ('Dianna', 'Annie36@gmail.com', 'Chicken', 'Eius omnis possimus quia eum asperiores.', 'Qui alias et assumenda nostrum perspiciatis nemo omnis et.');

INSERT INTO person VALUES ('Duncan87@gmail.com', 'Myrl Herman', '$2b$10$rIqmDwqhToE5DdadwTSgAuOXd00omWO8OvU7ei22lkpK12VLIFHvK', '695 Jena Meadow', 90075397, 'user', 'https://s3.amazonaws.com/uifaces/faces/twitter/ismail_biltagi/128.jpg');
INSERT INTO full_time_ct VALUES ('Duncan87@gmail.com');
INSERT INTO ft_specializes_in VALUES ('Duncan87@gmail.com', 'Ferret', 12);
INSERT INTO ft_specializes_in VALUES ('Duncan87@gmail.com', 'Guinea Pig', 6);
INSERT INTO ft_specializes_in VALUES ('Duncan87@gmail.com', 'Hog', 18);

INSERT INTO person VALUES ('Wellington_Kuvalis30@hotmail.com', 'Moises Beahan', '$2b$10$rIqmDwqhToE5DdadwTSgAu1U7yXZXpqR5ox9l/wi2cWD2OtNv20B6', '26149 Paxton Path', 90527048, 'user', 'https://s3.amazonaws.com/uifaces/faces/twitter/thaodang17/128.jpg');
INSERT INTO credit_card VALUES (3528946223540989, 'Wellington_Kuvalis30@hotmail.com', '2021-10-19T14:40:38.017Z', 526);
INSERT INTO pet VALUES ('Henri', 'Wellington_Kuvalis30@hotmail.com', 'Donkey', 'In ut et quam distinctio saepe quaerat dolorem.', 'Molestiae autem et alias quo qui fuga.');

INSERT INTO person VALUES ('Haylee24@gmail.com', 'Darrel Sipes', '$2b$10$rIqmDwqhToE5DdadwTSgAu.xlxUppHU/R.HyIXUVF6EWjlHw.a12i', '3743 Wilkinson Vista', 90952460, 'user', 'https://s3.amazonaws.com/uifaces/faces/twitter/sunshinedgirl/128.jpg');
INSERT INTO full_time_ct VALUES ('Haylee24@gmail.com');
INSERT INTO ft_specializes_in VALUES ('Haylee24@gmail.com', 'Gecko', 15);
INSERT INTO ft_specializes_in VALUES ('Haylee24@gmail.com', 'Iguana', 2);

INSERT INTO person VALUES ('Jewell_Bahringer55@gmail.com', 'Jonathon Blick', '$2b$10$rIqmDwqhToE5DdadwTSgAuYHbm2bBGsejbbV0uxBwZ5MjYwJhFJfe', '756 Fritsch Point', 90987108, 'user', 'https://s3.amazonaws.com/uifaces/faces/twitter/therealmarvin/128.jpg');
INSERT INTO part_time_ct VALUES ('Jewell_Bahringer55@gmail.com');
INSERT INTO pt_free_schedule VALUES ('Jewell_Bahringer55@gmail.com', '2020-11-15T01:34:37.488Z', '2021-02-23T23:02:17.879Z');
INSERT INTO pt_specializes_in VALUES ('Jewell_Bahringer55@gmail.com', 'Cow', 10);

INSERT INTO person VALUES ('Nella.Bailey@gmail.com', 'Carlos Fritsch', '$2b$10$rIqmDwqhToE5DdadwTSgAumbQHqqoJhnRNjZ14i/zaZ8hERLI289G', '67022 Farrell Ports', 90803229, 'user', 'https://s3.amazonaws.com/uifaces/faces/twitter/michalhron/128.jpg');
INSERT INTO part_time_ct VALUES ('Nella.Bailey@gmail.com');
INSERT INTO pt_free_schedule VALUES ('Nella.Bailey@gmail.com', '2020-11-14T23:56:40.701Z', '2021-08-14T19:06:47.846Z');
INSERT INTO pt_specializes_in VALUES ('Nella.Bailey@gmail.com', 'Chameleons (Veiled)', 19);
INSERT INTO pt_specializes_in VALUES ('Nella.Bailey@gmail.com', 'Pigeon', 15);

INSERT INTO person VALUES ('Alessia13@gmail.com', 'Genesis Balistreri', '$2b$10$rIqmDwqhToE5DdadwTSgAu7KLXYB3mGqsKt6LCblwpR.KsiNOCEi6', '79081 Schowalter Cliffs', 90709699, 'user', 'https://s3.amazonaws.com/uifaces/faces/twitter/bradenhamm/128.jpg');

INSERT INTO person VALUES ('Taurean.Wilderman@gmail.com', 'Dejuan Pouros', '$2b$10$rIqmDwqhToE5DdadwTSgAuHJdWz1Cz5084nGFgKXQ7/96xzsLw346', '60525 Crist Isle', 90777692, 'user', 'https://s3.amazonaws.com/uifaces/faces/twitter/peejfancher/128.jpg');
INSERT INTO credit_card VALUES (3529009565560270, 'Taurean.Wilderman@gmail.com', '2022-11-23T07:30:53.974Z', 473);
INSERT INTO pet VALUES ('Keely', 'Taurean.Wilderman@gmail.com', 'Guinea Pig', 'Officia voluptatum hic.', 'Et vel cumque aut doloremque aut laboriosam quod dolores.');

INSERT INTO person VALUES ('Keyon.Kiehn@hotmail.com', 'Gaetano Heathcote', '$2b$10$rIqmDwqhToE5DdadwTSgAuWWDXWIWX0d3yJ6xPqxzzFKrd3vrz1YS', '547 Littel Fields', 90079282, 'user', 'https://s3.amazonaws.com/uifaces/faces/twitter/samihah/128.jpg');
INSERT INTO credit_card VALUES (36986303286458, 'Keyon.Kiehn@hotmail.com', '2024-04-01T19:28:15.440Z', 381);
INSERT INTO pet VALUES ('Makenzie', 'Keyon.Kiehn@hotmail.com', 'Ferret', 'Enim modi laboriosam tempora voluptatem quia provident.', 'Repellendus error et temporibus dolorum est ut.');

INSERT INTO person VALUES ('Katharina.Kautzer97@gmail.com', 'Lemuel McCullough', '$2b$10$rIqmDwqhToE5DdadwTSgAuKimyLc0I1rQX/0TAig78LcUVhi2oqD.', '781 Arlo Ports', 90217602, 'user', 'https://s3.amazonaws.com/uifaces/faces/twitter/derienzo777/128.jpg');
INSERT INTO credit_card VALUES (6304028433554010, 'Katharina.Kautzer97@gmail.com', '2022-07-24T02:10:54.244Z', 311);
INSERT INTO pet VALUES ('Aiden', 'Katharina.Kautzer97@gmail.com', 'Hamster', 'Ut dolorem ullam.', 'Atque atque unde voluptas officia.');
INSERT INTO full_time_ct VALUES ('Katharina.Kautzer97@gmail.com');
INSERT INTO ft_specializes_in VALUES ('Katharina.Kautzer97@gmail.com', 'Hog', 9);

INSERT INTO person VALUES ('Gus.Adams@hotmail.com', 'Hillary Fritsch', '$2b$10$rIqmDwqhToE5DdadwTSgAu0ky7kQSc1TR1uAFFoEuTodcy0PGIr.q', '307 Hirthe Mountain', 90472807, 'user', 'https://s3.amazonaws.com/uifaces/faces/twitter/teylorfeliz/128.jpg');
INSERT INTO part_time_ct VALUES ('Gus.Adams@hotmail.com');
INSERT INTO pt_free_schedule VALUES ('Gus.Adams@hotmail.com', '2020-11-14T09:17:09.383Z', '2021-02-27T17:25:39.234Z');
INSERT INTO pt_specializes_in VALUES ('Gus.Adams@hotmail.com', 'Chicken', 20);
INSERT INTO pt_specializes_in VALUES ('Gus.Adams@hotmail.com', 'Llama', 0);
INSERT INTO pt_specializes_in VALUES ('Gus.Adams@hotmail.com', 'Pot Bellied Pig', 1);

INSERT INTO person VALUES ('Mozelle.Herzog48@gmail.com', 'Nelson OConnell', '$2b$10$rIqmDwqhToE5DdadwTSgAu03IywhDg6lYvC/pOOjPIHGYJVGp1Wta', '9422 Kenya Neck', 90008216, 'user', 'https://s3.amazonaws.com/uifaces/faces/twitter/gmourier/128.jpg');
INSERT INTO credit_card VALUES (6771890928318247, 'Mozelle.Herzog48@gmail.com', '2024-05-17T20:27:43.445Z', 992);
INSERT INTO pet VALUES ('Ella', 'Mozelle.Herzog48@gmail.com', 'Hog', 'Aut est repellat necessitatibus esse ratione magni alias.', 'Voluptatum et et.');

INSERT INTO person VALUES ('Marjory31@hotmail.com', 'Juston Dicki', '$2b$10$rIqmDwqhToE5DdadwTSgAuC7op1p3QmoQ8smOZzE157oWH8wukQfG', '186 Amelia Fork', 90426993, 'user', 'https://s3.amazonaws.com/uifaces/faces/twitter/y2graphic/128.jpg');
INSERT INTO credit_card VALUES (6759979473818293, 'Marjory31@hotmail.com', '2024-01-31T06:55:39.908Z', 667);
INSERT INTO pet VALUES ('Hertha', 'Marjory31@hotmail.com', 'Bearded Dragon', 'Dignissimos inventore et magni dicta.', 'Repellendus rem alias commodi velit eveniet quisquam omnis.');

INSERT INTO person VALUES ('Libbie_Breitenberg@yahoo.com', 'Elinore Stehr', '$2b$10$rIqmDwqhToE5DdadwTSgAuw2shpl7SOZ.zFItdk.v.ESA61M4W1fi', '67807 Luther Road', 90374312, 'user', 'https://s3.amazonaws.com/uifaces/faces/twitter/felipeapiress/128.jpg');

INSERT INTO person VALUES ('Kristian7@gmail.com', 'Zander Prohaska', '$2b$10$rIqmDwqhToE5DdadwTSgAuWj9Os4yuIKTcZnMvrlLtCWIQTC.JngG', '541 Rodriguez Station', 90045305, 'user', 'https://s3.amazonaws.com/uifaces/faces/twitter/krystalfister/128.jpg');
INSERT INTO credit_card VALUES (6759013933031437, 'Kristian7@gmail.com', '2024-05-21T15:15:33.645Z', 941);
INSERT INTO pet VALUES ('Minnie', 'Kristian7@gmail.com', 'Ponie', 'Et optio non est mollitia eveniet officiis perferendis quia.', 'Quia qui ad dolores ullam sunt ut.');
INSERT INTO full_time_ct VALUES ('Kristian7@gmail.com');
INSERT INTO ft_specializes_in VALUES ('Kristian7@gmail.com', 'Duck', 4);
INSERT INTO ft_specializes_in VALUES ('Kristian7@gmail.com', 'Hog', 12);

INSERT INTO person VALUES ('Tatyana.Lowe@yahoo.com', 'Litzy Padberg', '$2b$10$rIqmDwqhToE5DdadwTSgAuzd2OpPvLqbrZ7V3KFHG5Vz.NvyoEFpq', '44765 Lebsack Shoals', 90069766, 'user', 'https://s3.amazonaws.com/uifaces/faces/twitter/txcx/128.jpg');
INSERT INTO full_time_ct VALUES ('Tatyana.Lowe@yahoo.com');
INSERT INTO ft_specializes_in VALUES ('Tatyana.Lowe@yahoo.com', 'Chicken', 1);

INSERT INTO person VALUES ('Antonio.Ortiz@hotmail.com', 'Frances Collier', '$2b$10$rIqmDwqhToE5DdadwTSgAulaiGAN4OCVCUVipWBTgZSDix.48ZL92', '44329 Hills Court', 90359351, 'user', 'https://s3.amazonaws.com/uifaces/faces/twitter/chaabane_wail/128.jpg');
INSERT INTO credit_card VALUES (3529492714475939, 'Antonio.Ortiz@hotmail.com', '2021-02-18T10:05:01.881Z', 671);
INSERT INTO pet VALUES ('Uriah', 'Antonio.Ortiz@hotmail.com', 'Pigeon', 'Ea recusandae repudiandae necessitatibus est fugit aut.', 'Ut nihil expedita est facere sed numquam magni et.');

INSERT INTO person VALUES ('Nat62@hotmail.com', 'Jarred Leffler', '$2b$10$rIqmDwqhToE5DdadwTSgAuDYycpKklLv1wCScmXK1vZ/BCQ6auBFO', '131 Kub Parks', 90135577, 'user', 'https://s3.amazonaws.com/uifaces/faces/twitter/danpliego/128.jpg');
INSERT INTO credit_card VALUES (30430750436302, 'Nat62@hotmail.com', '2021-09-23T15:21:12.662Z', 455);
INSERT INTO pet VALUES ('Arely', 'Nat62@hotmail.com', 'Guinea Fowl', 'Recusandae ut quos hic quo non corrupti dolorem.', 'Dolor sapiente itaque molestias laborum veniam sit ea illum.');
INSERT INTO full_time_ct VALUES ('Nat62@hotmail.com');
INSERT INTO ft_specializes_in VALUES ('Nat62@hotmail.com', 'Duck', 15);
INSERT INTO ft_specializes_in VALUES ('Nat62@hotmail.com', 'Pig', 4);
INSERT INTO ft_specializes_in VALUES ('Nat62@hotmail.com', 'Pot Bellied Pig', 4);

INSERT INTO person VALUES ('Cathryn_Brown@hotmail.com', 'Amanda Schimmel', '$2b$10$rIqmDwqhToE5DdadwTSgAubEYcTwyIkPH2XiRBOMwBQ2q.5a2J5Bu', '8528 Evans Divide', 90345978, 'user', 'https://s3.amazonaws.com/uifaces/faces/twitter/enjoythetau/128.jpg');

INSERT INTO person VALUES ('Heloise_OKeefe@yahoo.com', 'Madelynn Bruen', '$2b$10$rIqmDwqhToE5DdadwTSgAuVqYgB0gvhpHiXFWAF2Vwl9NUfZnnaNa', '173 Wilma Course', 90782829, 'user', 'https://s3.amazonaws.com/uifaces/faces/twitter/timothycd/128.jpg');
INSERT INTO part_time_ct VALUES ('Heloise_OKeefe@yahoo.com');
INSERT INTO pt_free_schedule VALUES ('Heloise_OKeefe@yahoo.com', '2020-11-14T07:52:01.715Z', '2021-04-28T22:31:30.638Z');
INSERT INTO pt_specializes_in VALUES ('Heloise_OKeefe@yahoo.com', 'Bird', 13);
INSERT INTO pt_specializes_in VALUES ('Heloise_OKeefe@yahoo.com', 'Ferret', 13);
INSERT INTO pt_specializes_in VALUES ('Heloise_OKeefe@yahoo.com', 'Rabbit', 0);

INSERT INTO person VALUES ('Drake7@gmail.com', 'Lenore Hilll', '$2b$10$rIqmDwqhToE5DdadwTSgAuVp9movqciXsCQrqwN7bUaGc.3PtZwZ.', '184 Deja Plains', 90425177, 'user', 'https://s3.amazonaws.com/uifaces/faces/twitter/michalhron/128.jpg');

INSERT INTO person VALUES ('Marjory22@yahoo.com', 'Hellen Rosenbaum', '$2b$10$rIqmDwqhToE5DdadwTSgAuQ7qL2f4PsJv8lw5NPj6pgqFqJyXggcW', '407 Baumbach Keys', 90001319, 'user', 'https://s3.amazonaws.com/uifaces/faces/twitter/rahmeen/128.jpg');
INSERT INTO credit_card VALUES (30064284570165, 'Marjory22@yahoo.com', '2021-10-04T16:36:51.028Z', 649);
INSERT INTO pet VALUES ('Glennie', 'Marjory22@yahoo.com', 'Guinea Pig', 'Magni fuga sunt delectus voluptatum sint et quo mollitia.', 'Voluptatem et consequatur facilis in earum quia quisquam ratione.');

INSERT INTO person VALUES ('Kaela_Towne@hotmail.com', 'Ewald Schulist', '$2b$10$rIqmDwqhToE5DdadwTSgAubp.yTnBSxcgiPtMcfHle7qy43JfJobG', '46986 Walker Plain', 90388788, 'user', 'https://s3.amazonaws.com/uifaces/faces/twitter/y2graphic/128.jpg');
INSERT INTO credit_card VALUES (6304025403993303, 'Kaela_Towne@hotmail.com', '2021-01-24T01:34:42.746Z', 264);
INSERT INTO pet VALUES ('Albin', 'Kaela_Towne@hotmail.com', 'Bearded Dragon', 'Incidunt quo molestiae.', 'Non illo aut.');

INSERT INTO person VALUES ('Alexandrea_Mayert24@hotmail.com', 'Helene Gleichner', '$2b$10$rIqmDwqhToE5DdadwTSgAuSYYOni4PAOSs7UCR9znF.4P89iBbdB2', '582 Swift Gardens', 90281320, 'user', 'https://s3.amazonaws.com/uifaces/faces/twitter/Elt_n/128.jpg');
INSERT INTO credit_card VALUES (6767987573005842, 'Alexandrea_Mayert24@hotmail.com', '2023-09-12T18:53:22.318Z', 865);
INSERT INTO pet VALUES ('Madisyn', 'Alexandrea_Mayert24@hotmail.com', 'Mice', 'Nisi accusantium modi qui consequatur fuga.', 'Rerum aut sed voluptatem qui sunt.');

INSERT INTO person VALUES ('Lilla_Champlin@yahoo.com', 'Carol Boehm', '$2b$10$rIqmDwqhToE5DdadwTSgAui7PE7bMdIsYko0AlPR76aM83tdt1q3G', '5869 Ferry Dam', 90904830, 'user', 'https://s3.amazonaws.com/uifaces/faces/twitter/joreira/128.jpg');

INSERT INTO person VALUES ('Gloria_Zemlak@gmail.com', 'Tianna Medhurst', '$2b$10$rIqmDwqhToE5DdadwTSgAuOdqwK7kuhw8FQsBoW0yfTFd1P1o8m2u', '104 Trent Ramp', 90016907, 'user', 'https://s3.amazonaws.com/uifaces/faces/twitter/andrewarrow/128.jpg');
INSERT INTO part_time_ct VALUES ('Gloria_Zemlak@gmail.com');
INSERT INTO pt_free_schedule VALUES ('Gloria_Zemlak@gmail.com', '2020-11-14T22:02:52.003Z', '2021-10-23T15:20:34.841Z');
INSERT INTO pt_specializes_in VALUES ('Gloria_Zemlak@gmail.com', 'Bird', 12);
INSERT INTO pt_specializes_in VALUES ('Gloria_Zemlak@gmail.com', 'Guinea Pig', 13);
INSERT INTO pt_specializes_in VALUES ('Gloria_Zemlak@gmail.com', 'Hamster', 7);

INSERT INTO person VALUES ('Jaquelin40@yahoo.com', 'Dena Murphy', '$2b$10$rIqmDwqhToE5DdadwTSgAuM0kZM8466FrGrc3liCOABCUEhy97Itq', '5234 Baumbach Grove', 90472464, 'user', 'https://s3.amazonaws.com/uifaces/faces/twitter/mauriolg/128.jpg');
INSERT INTO part_time_ct VALUES ('Jaquelin40@yahoo.com');
INSERT INTO pt_free_schedule VALUES ('Jaquelin40@yahoo.com', '2020-11-14T09:16:41.502Z', '2021-06-24T22:19:54.084Z');
INSERT INTO pt_specializes_in VALUES ('Jaquelin40@yahoo.com', 'Gecko', 2);
INSERT INTO pt_specializes_in VALUES ('Jaquelin40@yahoo.com', 'Rabbit', 0);

INSERT INTO person VALUES ('Danial_Conroy@yahoo.com', 'Maximillia Berge', '$2b$10$rIqmDwqhToE5DdadwTSgAucMM8HoJ7D7PzPC0cf1LhNK3HuYdrz46', '325 Sophie Lodge', 90880775, 'user', 'https://s3.amazonaws.com/uifaces/faces/twitter/anthonysukow/128.jpg');
INSERT INTO credit_card VALUES (6709032833463104, 'Danial_Conroy@yahoo.com', '2021-11-05T14:36:48.844Z', 496);
INSERT INTO pet VALUES ('Angeline', 'Danial_Conroy@yahoo.com', 'Chinchilla', 'Sunt omnis nihil.', 'Quos quidem repellat quasi magnam culpa.');

INSERT INTO person VALUES ('Cody24@yahoo.com', 'Consuelo Fay', '$2b$10$rIqmDwqhToE5DdadwTSgAuQzrcL5hlKyPf4keCZopDxsjXCyPz.YK', '8240 Kaleigh Branch', 90392722, 'user', 'https://s3.amazonaws.com/uifaces/faces/twitter/operatino/128.jpg');

INSERT INTO person VALUES ('Jacques.Cummings@hotmail.com', 'Louie Lehner', '$2b$10$rIqmDwqhToE5DdadwTSgAuaMMcCFksLgLB/O/krFDS00x0GkT7t46', '08907 Tanya Via', 90039376, 'user', 'https://s3.amazonaws.com/uifaces/faces/twitter/ashocka18/128.jpg');
INSERT INTO credit_card VALUES (3529791466440233, 'Jacques.Cummings@hotmail.com', '2023-04-22T15:19:54.603Z', 532);
INSERT INTO pet VALUES ('Roxane', 'Jacques.Cummings@hotmail.com', 'Chinese Water Dragon', 'Dolor quo minima ipsa et quia est dicta hic iusto.', 'Assumenda omnis aut.');
INSERT INTO full_time_ct VALUES ('Jacques.Cummings@hotmail.com');
INSERT INTO ft_specializes_in VALUES ('Jacques.Cummings@hotmail.com', 'Fish', 13);
INSERT INTO ft_specializes_in VALUES ('Jacques.Cummings@hotmail.com', 'Mice', 6);

INSERT INTO person VALUES ('Werner7@hotmail.com', 'Lea Durgan', '$2b$10$rIqmDwqhToE5DdadwTSgAufosTbXUKJJCMDLWEMdbcIDiqT8lndIy', '40249 Hilpert Dale', 90538224, 'user', 'https://s3.amazonaws.com/uifaces/faces/twitter/agromov/128.jpg');
INSERT INTO credit_card VALUES (6767364631830799, 'Werner7@hotmail.com', '2020-11-27T12:57:35.751Z', 088);
INSERT INTO pet VALUES ('Jalen', 'Werner7@hotmail.com', 'Hamster', 'Ratione esse inventore at.', 'Beatae quis corporis voluptatem.');
INSERT INTO part_time_ct VALUES ('Werner7@hotmail.com');
INSERT INTO pt_free_schedule VALUES ('Werner7@hotmail.com', '2020-11-14T23:04:27.560Z', '2021-03-24T21:00:34.193Z');
INSERT INTO pt_specializes_in VALUES ('Werner7@hotmail.com', 'Mice', 3);
INSERT INTO pt_specializes_in VALUES ('Werner7@hotmail.com', 'Hog', 14);
INSERT INTO pt_specializes_in VALUES ('Werner7@hotmail.com', 'Pot Bellied Pig', 11);

INSERT INTO person VALUES ('Mikel_Keebler5@gmail.com', 'Jaleel Connelly', '$2b$10$rIqmDwqhToE5DdadwTSgAuoMERJlqIl1a4w8uF8u46KXBAWgjLPvy', '889 Lesch Terrace', 90418662, 'user', 'https://s3.amazonaws.com/uifaces/faces/twitter/faisalabid/128.jpg');

INSERT INTO person VALUES ('Shanie.Rau@hotmail.com', 'Thora Gusikowski', '$2b$10$rIqmDwqhToE5DdadwTSgAu8F/Vfv9V2yI9/hip/hkcXcOIPW2PM7u', '7282 Cordell Garden', 90130610, 'user', 'https://s3.amazonaws.com/uifaces/faces/twitter/haydn_woods/128.jpg');

INSERT INTO person VALUES ('Celine.Hyatt2@yahoo.com', 'Libby Bode', '$2b$10$rIqmDwqhToE5DdadwTSgAuWqxKBQBOo94aFH2Kv1Bsryuxbbeu4eO', '4731 Green Coves', 90412981, 'user', 'https://s3.amazonaws.com/uifaces/faces/twitter/sdidonato/128.jpg');
INSERT INTO part_time_ct VALUES ('Celine.Hyatt2@yahoo.com');
INSERT INTO pt_free_schedule VALUES ('Celine.Hyatt2@yahoo.com', '2020-11-14T08:38:09.456Z', '2021-03-17T10:11:24.151Z');
INSERT INTO pt_specializes_in VALUES ('Celine.Hyatt2@yahoo.com', 'Chameleons (Veiled)', 8);
INSERT INTO pt_specializes_in VALUES ('Celine.Hyatt2@yahoo.com', 'Gerbil', 12);
INSERT INTO pt_specializes_in VALUES ('Celine.Hyatt2@yahoo.com', 'Goat', 11);

INSERT INTO person VALUES ('Candace_Terry29@hotmail.com', 'Berneice Dach', '$2b$10$rIqmDwqhToE5DdadwTSgAuKvS7hhLXzsxk4pA2DA/2HCf2Sr1lDPO', '50210 Pierre Pines', 90257049, 'user', 'https://s3.amazonaws.com/uifaces/faces/twitter/tomas_janousek/128.jpg');
INSERT INTO credit_card VALUES (6759586177272835, 'Candace_Terry29@hotmail.com', '2025-01-19T21:03:44.391Z', 171);
INSERT INTO pet VALUES ('Martina', 'Candace_Terry29@hotmail.com', 'Bird', 'Et hic ut aut veniam tempora ducimus nihil eligendi ut.', 'Incidunt maiores provident ratione error et alias consequatur et.');
INSERT INTO full_time_ct VALUES ('Candace_Terry29@hotmail.com');
INSERT INTO ft_specializes_in VALUES ('Candace_Terry29@hotmail.com', 'Pig', 4);

INSERT INTO person VALUES ('Kailey86@yahoo.com', 'Sydnee Kovacek', '$2b$10$rIqmDwqhToE5DdadwTSgAu9CmwamaBlvcfXNdzfWZo6lfrbPHaZuy', '243 Moses Islands', 90491403, 'user', 'https://s3.amazonaws.com/uifaces/faces/twitter/jakemoore/128.jpg');
INSERT INTO credit_card VALUES (6767239031273134, 'Kailey86@yahoo.com', '2021-07-20T02:26:38.378Z', 785);
INSERT INTO pet VALUES ('Golda', 'Kailey86@yahoo.com', 'Bearded Dragon', 'Beatae deserunt et consequuntur et voluptate.', 'Et veritatis pariatur voluptatum aliquid voluptatem nobis omnis.');
INSERT INTO part_time_ct VALUES ('Kailey86@yahoo.com');
INSERT INTO pt_free_schedule VALUES ('Kailey86@yahoo.com', '2020-11-14T10:17:04.904Z', '2021-06-07T08:14:35.159Z');
INSERT INTO pt_specializes_in VALUES ('Kailey86@yahoo.com', 'Bearded Dragon', 4);

INSERT INTO person VALUES ('Gudrun38@yahoo.com', 'Leif Witting', '$2b$10$rIqmDwqhToE5DdadwTSgAuJ1IRn/.uNu8whqeJtMUx.LOFNmWpMyy', '5643 Michel Mill', 90515447, 'user', 'https://s3.amazonaws.com/uifaces/faces/twitter/vovkasolovev/128.jpg');
INSERT INTO credit_card VALUES (3528125735098026, 'Gudrun38@yahoo.com', '2021-07-05T21:14:35.271Z', 915);
INSERT INTO pet VALUES ('Wallace', 'Gudrun38@yahoo.com', 'Ferret', 'Molestiae eveniet et sunt.', 'Est officia eum est quaerat quos id atque facere consequuntur.');
INSERT INTO full_time_ct VALUES ('Gudrun38@yahoo.com');
INSERT INTO ft_specializes_in VALUES ('Gudrun38@yahoo.com', 'Cow', 18);
INSERT INTO ft_specializes_in VALUES ('Gudrun38@yahoo.com', 'Mule', 1);

INSERT INTO person VALUES ('Keeley71@yahoo.com', 'Shyann Casper', '$2b$10$rIqmDwqhToE5DdadwTSgAu0fad6d2K68vNe3g7zyDEOI03E9FgWNG', '23225 Becker Corner', 90613563, 'user', 'https://s3.amazonaws.com/uifaces/faces/twitter/adamnac/128.jpg');
INSERT INTO credit_card VALUES (36426527444165, 'Keeley71@yahoo.com', '2023-05-06T05:12:00.868Z', 229);
INSERT INTO pet VALUES ('Jon', 'Keeley71@yahoo.com', 'Bird', 'Omnis a officia atque ea animi.', 'Ullam esse aut quis nesciunt.');
INSERT INTO full_time_ct VALUES ('Keeley71@yahoo.com');
INSERT INTO ft_specializes_in VALUES ('Keeley71@yahoo.com', 'Bearded Dragon', 5);
INSERT INTO ft_specializes_in VALUES ('Keeley71@yahoo.com', 'Ponie', 1);

INSERT INTO person VALUES ('Alverta40@gmail.com', 'Chester Ward', '$2b$10$rIqmDwqhToE5DdadwTSgAuWdvyRp3UubmNJNu21AWvW84zCdTqmte', '5730 Chloe Mews', 90910560, 'user', 'https://s3.amazonaws.com/uifaces/faces/twitter/victorstuber/128.jpg');
INSERT INTO credit_card VALUES (6759014558220300, 'Alverta40@gmail.com', '2021-09-02T11:51:48.410Z', 479);
INSERT INTO pet VALUES ('Tina', 'Alverta40@gmail.com', 'Pot Bellied Pig', 'Ipsam nobis vel repudiandae.', 'Nesciunt tempore iste consequatur perferendis rerum consequatur quod est sunt.');
INSERT INTO part_time_ct VALUES ('Alverta40@gmail.com');
INSERT INTO pt_free_schedule VALUES ('Alverta40@gmail.com', '2020-11-15T07:23:27.041Z', '2021-10-06T17:48:38.211Z');
INSERT INTO pt_specializes_in VALUES ('Alverta40@gmail.com', 'Gecko', 15);
INSERT INTO pt_specializes_in VALUES ('Alverta40@gmail.com', 'Guinea Pig', 16);
INSERT INTO pt_specializes_in VALUES ('Alverta40@gmail.com', 'Peafowl', 15);

INSERT INTO person VALUES ('Abraham.Bashirian@hotmail.com', 'Ettie Abshire', '$2b$10$rIqmDwqhToE5DdadwTSgAucvb6c4OXCIZT2N.HZSpLBPZdr2oKksG', '81478 Hahn Grove', 90783421, 'user', 'https://s3.amazonaws.com/uifaces/faces/twitter/randomlies/128.jpg');

INSERT INTO person VALUES ('Rahsaan_Kunde73@hotmail.com', 'Brent Kerluke', '$2b$10$rIqmDwqhToE5DdadwTSgAu7R0b6CBvkSPwdxdmji36TK7SfoDv9Li', '7893 MacGyver Avenue', 90769174, 'user', 'https://s3.amazonaws.com/uifaces/faces/twitter/meln1ks/128.jpg');
INSERT INTO credit_card VALUES (6555798213757060, 'Rahsaan_Kunde73@hotmail.com', '2022-09-22T18:29:27.953Z', 946);
INSERT INTO pet VALUES ('Jo', 'Rahsaan_Kunde73@hotmail.com', 'Donkey', 'Et aperiam numquam sit est enim velit enim repudiandae sint.', 'Et illum enim ipsum unde enim omnis qui eaque.');

INSERT INTO person VALUES ('Luna.Schoen18@yahoo.com', 'Micheal Dach', '$2b$10$rIqmDwqhToE5DdadwTSgAuRXz7wHmzPittowM5ctNjbRydVAXHsj2', '256 Larson Rapid', 90690388, 'user', 'https://s3.amazonaws.com/uifaces/faces/twitter/chatyrko/128.jpg');
INSERT INTO credit_card VALUES (3529440421276617, 'Luna.Schoen18@yahoo.com', '2022-02-09T00:23:47.371Z', 957);
INSERT INTO pet VALUES ('Adalberto', 'Luna.Schoen18@yahoo.com', 'Rabbit', 'Dolor beatae voluptatibus.', 'Officia ea rerum illum minus.');
INSERT INTO part_time_ct VALUES ('Luna.Schoen18@yahoo.com');
INSERT INTO pt_free_schedule VALUES ('Luna.Schoen18@yahoo.com', '2020-11-15T07:10:26.347Z', '2021-04-06T05:47:24.057Z');
INSERT INTO pt_specializes_in VALUES ('Luna.Schoen18@yahoo.com', 'Chameleons (Veiled)', 16);

INSERT INTO person VALUES ('Candelario.Schowalter79@hotmail.com', 'Rafaela Steuber', '$2b$10$rIqmDwqhToE5DdadwTSgAu/Emo6UVbXq2XSgxPDYlRDUF7UXQrDwO', '045 Addison Prairie', 90519487, 'user', 'https://s3.amazonaws.com/uifaces/faces/twitter/muridrahhal/128.jpg');
INSERT INTO part_time_ct VALUES ('Candelario.Schowalter79@hotmail.com');
INSERT INTO pt_free_schedule VALUES ('Candelario.Schowalter79@hotmail.com', '2020-11-15T02:35:30.186Z', '2021-08-12T06:18:56.366Z');
INSERT INTO pt_specializes_in VALUES ('Candelario.Schowalter79@hotmail.com', 'Ferret', 0);

INSERT INTO person VALUES ('Juliet.OConnell10@hotmail.com', 'Cleta Moore', '$2b$10$rIqmDwqhToE5DdadwTSgAueugTzKP/7yj8UjQfI6Sdd2v7bd/.3wi', '2575 Kennith Branch', 90002506, 'user', 'https://s3.amazonaws.com/uifaces/faces/twitter/we_social/128.jpg');
INSERT INTO credit_card VALUES (5408965124776243, 'Juliet.OConnell10@hotmail.com', '2022-09-20T22:55:17.281Z', 263);
INSERT INTO pet VALUES ('Yoshiko', 'Juliet.OConnell10@hotmail.com', 'Pigeon', 'Distinctio maiores aspernatur iure est rerum quod necessitatibus non sit.', 'Eum praesentium consequatur tempora.');

INSERT INTO person VALUES ('Joana4@hotmail.com', 'Santiago Stamm', '$2b$10$rIqmDwqhToE5DdadwTSgAuJchZCIdHSm8LHnh98XJR7BKz0j2HKSa', '322 Homenick Expressway', 90770151, 'user', 'https://s3.amazonaws.com/uifaces/faces/twitter/angelceballos/128.jpg');
INSERT INTO credit_card VALUES (6463680979658127, 'Joana4@hotmail.com', '2021-02-05T02:42:30.504Z', 415);
INSERT INTO pet VALUES ('Alysa', 'Joana4@hotmail.com', 'Hamster', 'Et non et voluptas itaque mollitia et.', 'Reprehenderit recusandae nihil facilis.');
INSERT INTO part_time_ct VALUES ('Joana4@hotmail.com');
INSERT INTO pt_free_schedule VALUES ('Joana4@hotmail.com', '2020-11-15T07:16:53.075Z', '2021-01-01T06:49:06.640Z');
INSERT INTO pt_specializes_in VALUES ('Joana4@hotmail.com', 'Bird', 6);
INSERT INTO pt_specializes_in VALUES ('Joana4@hotmail.com', 'Ferret', 20);
INSERT INTO pt_specializes_in VALUES ('Joana4@hotmail.com', 'Guinea Pig', 3);

INSERT INTO person VALUES ('Enrico98@hotmail.com', 'Kirsten Corwin', '$2b$10$rIqmDwqhToE5DdadwTSgAuL8LjF3DD.5WiIZk9iCzVElqvXGnXCtW', '360 OKon Lakes', 90820779, 'user', 'https://s3.amazonaws.com/uifaces/faces/twitter/aleinadsays/128.jpg');

INSERT INTO person VALUES ('Carole81@yahoo.com', 'Antwon Koepp', '$2b$10$rIqmDwqhToE5DdadwTSgAu15KhN.rp4Uhu5Ee68LO1kM1UWsH/ftm', '31912 Arno Gardens', 90809919, 'user', 'https://s3.amazonaws.com/uifaces/faces/twitter/themikenagle/128.jpg');
INSERT INTO credit_card VALUES (6454622741120586, 'Carole81@yahoo.com', '2024-02-18T00:36:29.564Z', 162);
INSERT INTO pet VALUES ('Shyann', 'Carole81@yahoo.com', 'Chicken', 'Quod recusandae et ipsum facilis rerum.', 'Atque ea reprehenderit qui dolores cupiditate deserunt.');

INSERT INTO person VALUES ('Ayana.Kertzmann51@gmail.com', 'Esteban Schneider', '$2b$10$rIqmDwqhToE5DdadwTSgAuAm32bQalOELr/TncvhDMkmXNTKdXVDG', '5371 Hartmann Mountain', 90471995, 'user', 'https://s3.amazonaws.com/uifaces/faces/twitter/areandacom/128.jpg');

INSERT INTO person VALUES ('Coy63@hotmail.com', 'David Rodriguez', '$2b$10$rIqmDwqhToE5DdadwTSgAuYKmFRiYuBmRvA8h93fF9gpuI4J2cd02', '07830 Gonzalo Views', 90871857, 'user', 'https://s3.amazonaws.com/uifaces/faces/twitter/holdenweb/128.jpg');

INSERT INTO person VALUES ('Hailie_Stracke@hotmail.com', 'Mittie Stokes', '$2b$10$rIqmDwqhToE5DdadwTSgAuqiXLOR9JcS7kY/NJ1liL6G7fZ3Zbcsy', '7388 Cheyenne Forest', 90608200, 'user', 'https://s3.amazonaws.com/uifaces/faces/twitter/carbontwelve/128.jpg');
INSERT INTO credit_card VALUES (6759931735343014, 'Hailie_Stracke@hotmail.com', '2021-07-24T15:22:51.860Z', 097);
INSERT INTO pet VALUES ('Lavina', 'Hailie_Stracke@hotmail.com', 'Mule', 'Qui sed magnam aut unde dignissimos.', 'Sunt eum qui quisquam cupiditate adipisci delectus quas corporis.');
INSERT INTO part_time_ct VALUES ('Hailie_Stracke@hotmail.com');
INSERT INTO pt_free_schedule VALUES ('Hailie_Stracke@hotmail.com', '2020-11-15T00:46:55.200Z', '2021-05-22T07:59:59.971Z');
INSERT INTO pt_specializes_in VALUES ('Hailie_Stracke@hotmail.com', 'Lizard', 10);
INSERT INTO pt_specializes_in VALUES ('Hailie_Stracke@hotmail.com', 'Pot Bellied Pig', 11);

INSERT INTO person VALUES ('Carolyn.Rowe68@yahoo.com', 'Michale Keebler', '$2b$10$rIqmDwqhToE5DdadwTSgAu5V/n2aMbmpjZS3cHCyx9JU6yxAAvaui', '139 Wintheiser Square', 90047307, 'user', 'https://s3.amazonaws.com/uifaces/faces/twitter/stefooo/128.jpg');
INSERT INTO credit_card VALUES (6767962712734197, 'Carolyn.Rowe68@yahoo.com', '2020-11-22T21:11:00.671Z', 209);
INSERT INTO pet VALUES ('Amiya', 'Carolyn.Rowe68@yahoo.com', 'Bird', 'Temporibus debitis sapiente aut nemo qui dolorum velit vitae asperiores.', 'Atque explicabo qui consectetur aliquam error exercitationem neque id.');

INSERT INTO person VALUES ('Triston.Lakin0@yahoo.com', 'Baron Haag', '$2b$10$rIqmDwqhToE5DdadwTSgAugG0NNKRfTRxDdPgxVJYVbhyQNpcvudC', '92517 Clarabelle Route', 90903334, 'user', 'https://s3.amazonaws.com/uifaces/faces/twitter/jwalter14/128.jpg');
INSERT INTO part_time_ct VALUES ('Triston.Lakin0@yahoo.com');
INSERT INTO pt_free_schedule VALUES ('Triston.Lakin0@yahoo.com', '2020-11-14T13:18:58.793Z', '2020-12-01T16:03:35.268Z');
INSERT INTO pt_specializes_in VALUES ('Triston.Lakin0@yahoo.com', 'Iguana', 8);

INSERT INTO person VALUES ('Bart_Glover@yahoo.com', 'Jerald Cremin', '$2b$10$rIqmDwqhToE5DdadwTSgAuG/WM8I.0Xj321vs18pI6XCGuSnWd4Vq', '684 Boyd Village', 90032374, 'user', 'https://s3.amazonaws.com/uifaces/faces/twitter/gu5taf/128.jpg');
INSERT INTO credit_card VALUES (6771894894221175, 'Bart_Glover@yahoo.com', '2022-07-19T20:57:52.677Z', 265);
INSERT INTO pet VALUES ('Sigmund', 'Bart_Glover@yahoo.com', 'Chinese Water Dragon', 'Autem alias inventore itaque placeat sed ut quo.', 'Voluptatem omnis porro quia rem.');
INSERT INTO part_time_ct VALUES ('Bart_Glover@yahoo.com');
INSERT INTO pt_free_schedule VALUES ('Bart_Glover@yahoo.com', '2020-11-14T14:25:15.947Z', '2021-01-13T12:16:09.285Z');
INSERT INTO pt_specializes_in VALUES ('Bart_Glover@yahoo.com', 'Donkey', 11);
INSERT INTO pt_specializes_in VALUES ('Bart_Glover@yahoo.com', 'Duck', 14);
INSERT INTO pt_specializes_in VALUES ('Bart_Glover@yahoo.com', 'Horse', 8);

INSERT INTO person VALUES ('Ivah.Pouros64@gmail.com', 'Alford Sporer', '$2b$10$rIqmDwqhToE5DdadwTSgAunahJyqUWdFwbqO4LkqsUB8FvzSZDmze', '8071 Collins Skyway', 90201944, 'user', 'https://s3.amazonaws.com/uifaces/faces/twitter/yassiryahya/128.jpg');
INSERT INTO credit_card VALUES (6706845675284143, 'Ivah.Pouros64@gmail.com', '2020-12-30T09:23:46.156Z', 341);
INSERT INTO pet VALUES ('Asha', 'Ivah.Pouros64@gmail.com', 'Duck', 'Facere voluptas rerum nihil laudantium.', 'Et consequatur soluta.');

INSERT INTO person VALUES ('Abel_Kilback51@yahoo.com', 'Felix Connelly', '$2b$10$rIqmDwqhToE5DdadwTSgAuJauoaUBqfCUgpd434aiEIE8DV824U6a', '468 Blanda Hill', 90877399, 'user', 'https://s3.amazonaws.com/uifaces/faces/twitter/jarjan/128.jpg');
INSERT INTO part_time_ct VALUES ('Abel_Kilback51@yahoo.com');
INSERT INTO pt_free_schedule VALUES ('Abel_Kilback51@yahoo.com', '2020-11-15T02:46:46.833Z', '2021-02-14T18:13:34.879Z');
INSERT INTO pt_specializes_in VALUES ('Abel_Kilback51@yahoo.com', 'Duck', 10);
INSERT INTO pt_specializes_in VALUES ('Abel_Kilback51@yahoo.com', 'Gecko', 3);
INSERT INTO pt_specializes_in VALUES ('Abel_Kilback51@yahoo.com', 'Guinea Fowl', 8);

INSERT INTO person VALUES ('Kirstin45@yahoo.com', 'Ahmed Mertz', '$2b$10$rIqmDwqhToE5DdadwTSgAuSH05Arzmhvdws4rKvadKIKWCGHHxIk6', '1096 Lily Mill', 90597326, 'user', 'https://s3.amazonaws.com/uifaces/faces/twitter/evandrix/128.jpg');
INSERT INTO credit_card VALUES (6371034178209481, 'Kirstin45@yahoo.com', '2021-06-20T05:33:07.262Z', 876);
INSERT INTO pet VALUES ('Margarete', 'Kirstin45@yahoo.com', 'Chicken', 'Sequi soluta animi sint fugiat ipsam sit non.', 'Officia a voluptatem velit est quod unde tenetur.');

INSERT INTO person VALUES ('Paolo_Lesch93@hotmail.com', 'Madonna Mitchell', '$2b$10$rIqmDwqhToE5DdadwTSgAuRWfkGCJrWav68uftrJaMMRZaqfwjNfu', '7031 Jace Streets', 90841517, 'user', 'https://s3.amazonaws.com/uifaces/faces/twitter/joelcipriano/128.jpg');
INSERT INTO part_time_ct VALUES ('Paolo_Lesch93@hotmail.com');
INSERT INTO pt_free_schedule VALUES ('Paolo_Lesch93@hotmail.com', '2020-11-15T03:02:56.656Z', '2021-05-11T18:16:40.305Z');
INSERT INTO pt_specializes_in VALUES ('Paolo_Lesch93@hotmail.com', 'Gerbil', 17);
INSERT INTO pt_specializes_in VALUES ('Paolo_Lesch93@hotmail.com', 'Guinea Pig', 8);
INSERT INTO pt_specializes_in VALUES ('Paolo_Lesch93@hotmail.com', 'Lizard', 13);

INSERT INTO person VALUES ('Giovanni.Howe49@gmail.com', 'Roel Kihn', '$2b$10$rIqmDwqhToE5DdadwTSgAu.b1kdLK2pJplXiP5bYHr1tzkQXoPTMK', '517 Harrison Flat', 90164589, 'user', 'https://s3.amazonaws.com/uifaces/faces/twitter/jimmuirhead/128.jpg');
INSERT INTO credit_card VALUES (6387183772032375, 'Giovanni.Howe49@gmail.com', '2021-06-27T01:17:32.066Z', 445);
INSERT INTO pet VALUES ('Lottie', 'Giovanni.Howe49@gmail.com', 'Hog', 'Corporis est odio est voluptate dolore sed.', 'Sint et perspiciatis quod natus molestias ut sit.');
INSERT INTO part_time_ct VALUES ('Giovanni.Howe49@gmail.com');
INSERT INTO pt_free_schedule VALUES ('Giovanni.Howe49@gmail.com', '2020-11-14T10:22:24.917Z', '2021-06-02T10:18:14.471Z');
INSERT INTO pt_specializes_in VALUES ('Giovanni.Howe49@gmail.com', 'Gerbil', 5);
INSERT INTO pt_specializes_in VALUES ('Giovanni.Howe49@gmail.com', 'Hog', 4);

INSERT INTO person VALUES ('Judge_Luettgen@gmail.com', 'Noble Pagac', '$2b$10$rIqmDwqhToE5DdadwTSgAuNgPuL3RZN2hod7PLB6q3CQtp8euVWgO', '082 Kautzer Pass', 90519846, 'user', 'https://s3.amazonaws.com/uifaces/faces/twitter/turkutuuli/128.jpg');

INSERT INTO person VALUES ('Aileen_Hessel@yahoo.com', 'Zoey VonRueden', '$2b$10$rIqmDwqhToE5DdadwTSgAuqnzzlVmr98UTiTvf3BGSN7LWIlJTj2W', '0057 Fadel Ports', 90773697, 'user', 'https://s3.amazonaws.com/uifaces/faces/twitter/antjanus/128.jpg');

INSERT INTO person VALUES ('Stephen.Weimann@yahoo.com', 'Daphney McClure', '$2b$10$rIqmDwqhToE5DdadwTSgAuw74aqfmzJqqMlxbiW7Rh2WwxJ72oXy2', '17641 Weimann Way', 90777307, 'user', 'https://s3.amazonaws.com/uifaces/faces/twitter/stefooo/128.jpg');
INSERT INTO part_time_ct VALUES ('Stephen.Weimann@yahoo.com');
INSERT INTO pt_free_schedule VALUES ('Stephen.Weimann@yahoo.com', '2020-11-14T12:47:24.849Z', '2021-08-06T00:40:55.991Z');
INSERT INTO pt_specializes_in VALUES ('Stephen.Weimann@yahoo.com', 'Iguana', 10);

INSERT INTO person VALUES ('Clint8@hotmail.com', 'Wilber Kerluke', '$2b$10$rIqmDwqhToE5DdadwTSgAu0CUOeyE/CdYDBSiwEL3341fTx9o8/AC', '449 Sabrina Flats', 90921159, 'user', 'https://s3.amazonaws.com/uifaces/faces/twitter/matbeedotcom/128.jpg');
INSERT INTO credit_card VALUES (36128219469454, 'Clint8@hotmail.com', '2021-04-23T05:13:32.703Z', 970);
INSERT INTO pet VALUES ('Roel', 'Clint8@hotmail.com', 'Ponie', 'Id et quo dolorem dolorem incidunt a ducimus sapiente.', 'Minus ab sed.');
INSERT INTO part_time_ct VALUES ('Clint8@hotmail.com');
INSERT INTO pt_free_schedule VALUES ('Clint8@hotmail.com', '2020-11-14T18:53:24.685Z', '2021-03-23T22:08:36.114Z');
INSERT INTO pt_specializes_in VALUES ('Clint8@hotmail.com', 'Bird', 11);
INSERT INTO pt_specializes_in VALUES ('Clint8@hotmail.com', 'Cow', 17);
INSERT INTO pt_specializes_in VALUES ('Clint8@hotmail.com', 'Mule', 11);

INSERT INTO person VALUES ('Adelia61@hotmail.com', 'Daron Rau', '$2b$10$rIqmDwqhToE5DdadwTSgAuRh6L75gsyMWyrWx1gYa/Yh/zZFiHDsa', '35646 Rubye Hill', 90429908, 'user', 'https://s3.amazonaws.com/uifaces/faces/twitter/Chakintosh/128.jpg');

INSERT INTO person VALUES ('Dock.Tromp31@yahoo.com', 'Zora Spinka', '$2b$10$rIqmDwqhToE5DdadwTSgAu36exhe1Itc3ZJaSfRZC1UqA7.r4YIQO', '5351 Collins Parks', 90364371, 'user', 'https://s3.amazonaws.com/uifaces/faces/twitter/cocolero/128.jpg');

INSERT INTO person VALUES ('Carmelo_Mills@yahoo.com', 'Tiana Nolan', '$2b$10$rIqmDwqhToE5DdadwTSgAuv57MxgZEUcgZgaJlatnlDcfLM4m2OgG', '255 Josue Ranch', 90504958, 'user', 'https://s3.amazonaws.com/uifaces/faces/twitter/anatolinicolae/128.jpg');
INSERT INTO credit_card VALUES (5311180411352643, 'Carmelo_Mills@yahoo.com', '2021-10-10T10:27:01.998Z', 313);
INSERT INTO pet VALUES ('Enrico', 'Carmelo_Mills@yahoo.com', 'Ponie', 'Et consequuntur id dolorum et qui ipsam maxime delectus odio.', 'Molestias deserunt ullam et sit ex saepe ab rerum.');

INSERT INTO person VALUES ('Adan_Haley79@hotmail.com', 'Edmund Funk', '$2b$10$rIqmDwqhToE5DdadwTSgAuqeUsd3lN8iDbbfyhMxIgx7eGBFKDH1G', '218 Swaniawski Street', 90645464, 'user', 'https://s3.amazonaws.com/uifaces/faces/twitter/madshensel/128.jpg');
INSERT INTO credit_card VALUES (5018746918024141, 'Adan_Haley79@hotmail.com', '2020-11-20T12:01:17.894Z', 653);
INSERT INTO pet VALUES ('Elmo', 'Adan_Haley79@hotmail.com', 'Duck', 'Inventore fuga placeat.', 'Quibusdam tempora eligendi.');
INSERT INTO part_time_ct VALUES ('Adan_Haley79@hotmail.com');
INSERT INTO pt_free_schedule VALUES ('Adan_Haley79@hotmail.com', '2020-11-14T22:12:40.503Z', '2021-04-21T15:34:52.938Z');
INSERT INTO pt_specializes_in VALUES ('Adan_Haley79@hotmail.com', 'Duck', 18);
INSERT INTO pt_specializes_in VALUES ('Adan_Haley79@hotmail.com', 'Fish', 12);
INSERT INTO pt_specializes_in VALUES ('Adan_Haley79@hotmail.com', 'Hedgehog', 17);

INSERT INTO person VALUES ('Agustin_Daniel92@hotmail.com', 'Helmer Little', '$2b$10$rIqmDwqhToE5DdadwTSgAuGo1eUJVeZ5/WfiAOrFlJaJFvKNaUJYm', '58278 Alexandria Passage', 90503385, 'user', 'https://s3.amazonaws.com/uifaces/faces/twitter/thierrykoblentz/128.jpg');
INSERT INTO credit_card VALUES (6771657306566802, 'Agustin_Daniel92@hotmail.com', '2021-09-27T11:51:29.304Z', 475);
INSERT INTO pet VALUES ('Michelle', 'Agustin_Daniel92@hotmail.com', 'Geese (Chinese Swan Goose)', 'Velit cumque non aut.', 'Nemo inventore sunt similique provident ab.');
INSERT INTO full_time_ct VALUES ('Agustin_Daniel92@hotmail.com');
INSERT INTO ft_specializes_in VALUES ('Agustin_Daniel92@hotmail.com', 'Donkey', 11);
INSERT INTO ft_specializes_in VALUES ('Agustin_Daniel92@hotmail.com', 'Horse', 1);
INSERT INTO ft_specializes_in VALUES ('Agustin_Daniel92@hotmail.com', 'Pot Bellied Pig', 8);

INSERT INTO person VALUES ('Frida_Robel63@hotmail.com', 'Fanny Goldner', '$2b$10$rIqmDwqhToE5DdadwTSgAutquQWdisaw5HWHHK5NMtygkdqa4M7uW', '89308 Gorczany Hills', 90286039, 'user', 'https://s3.amazonaws.com/uifaces/faces/twitter/marlinjayakody/128.jpg');

INSERT INTO person VALUES ('Breana96@gmail.com', 'Penelope Ferry', '$2b$10$rIqmDwqhToE5DdadwTSgAuu6K3AZvIujWzfmUiK6mzBm56.fGW552', '6956 Boyle Branch', 90977583, 'user', 'https://s3.amazonaws.com/uifaces/faces/twitter/sebashton/128.jpg');
INSERT INTO full_time_ct VALUES ('Breana96@gmail.com');
INSERT INTO ft_specializes_in VALUES ('Breana96@gmail.com', 'Burro', 16);

INSERT INTO person VALUES ('Cordie30@yahoo.com', 'Dallas Bosco', '$2b$10$rIqmDwqhToE5DdadwTSgAuTUGou/lv9OYl.w1UNpCqou/vvLi4Lk.', '318 Kyra Pass', 90117081, 'user', 'https://s3.amazonaws.com/uifaces/faces/twitter/kkusaa/128.jpg');
INSERT INTO full_time_ct VALUES ('Cordie30@yahoo.com');
INSERT INTO ft_specializes_in VALUES ('Cordie30@yahoo.com', 'Gecko', 1);
INSERT INTO ft_specializes_in VALUES ('Cordie30@yahoo.com', 'Mice', 18);
INSERT INTO ft_specializes_in VALUES ('Cordie30@yahoo.com', 'Rabbit', 0);

INSERT INTO person VALUES ('Trevor85@gmail.com', 'Luella Runte', '$2b$10$rIqmDwqhToE5DdadwTSgAucqKlmc32HHDy/coMszAJwJb.Lishsqy', '432 Jeffrey Light', 90843201, 'user', 'https://s3.amazonaws.com/uifaces/faces/twitter/anjhero/128.jpg');
INSERT INTO credit_card VALUES (6767366626864701, 'Trevor85@gmail.com', '2021-10-14T23:33:22.457Z', 603);
INSERT INTO pet VALUES ('Sydney', 'Trevor85@gmail.com', 'Burro', 'Voluptas blanditiis quisquam consequatur.', 'Quia quam eligendi sint repudiandae corporis autem voluptatibus.');

INSERT INTO person VALUES ('Russel25@gmail.com', 'Mac Sanford', '$2b$10$rIqmDwqhToE5DdadwTSgAuFfIuQLUM0P4bWl.mz.FFzPWLtAl5TYC', '53625 Veum Point', 90104185, 'user', 'https://s3.amazonaws.com/uifaces/faces/twitter/dutchnadia/128.jpg');
INSERT INTO credit_card VALUES (6304108332759815, 'Russel25@gmail.com', '2020-12-16T08:37:37.623Z', 200);
INSERT INTO pet VALUES ('Leonel', 'Russel25@gmail.com', 'Ferret', 'Quo eos aliquam recusandae magni blanditiis.', 'Repellendus id sint et rerum.');

INSERT INTO person VALUES ('Oleta45@hotmail.com', 'Javonte Murazik', '$2b$10$rIqmDwqhToE5DdadwTSgAukMu5dteWd8fEBGxvz2r/04hqOczQXse', '822 Yolanda Ports', 90168031, 'user', 'https://s3.amazonaws.com/uifaces/faces/twitter/xadhix/128.jpg');
INSERT INTO credit_card VALUES (30159168849966, 'Oleta45@hotmail.com', '2022-07-18T07:41:53.931Z', 047);
INSERT INTO pet VALUES ('Roscoe', 'Oleta45@hotmail.com', 'Pigeon', 'Dignissimos sit nihil itaque quis hic provident rerum.', 'Nemo incidunt iste rem numquam.');
INSERT INTO part_time_ct VALUES ('Oleta45@hotmail.com');
INSERT INTO pt_free_schedule VALUES ('Oleta45@hotmail.com', '2020-11-14T14:39:20.622Z', '2021-06-02T20:55:35.072Z');
INSERT INTO pt_specializes_in VALUES ('Oleta45@hotmail.com', 'Ferret', 20);
INSERT INTO pt_specializes_in VALUES ('Oleta45@hotmail.com', 'Horse', 8);

INSERT INTO person VALUES ('Jordane29@gmail.com', 'Gaylord Johnson', '$2b$10$rIqmDwqhToE5DdadwTSgAuIgVJ7oo7naMSidJJzdgtsNuzPm7x5wy', '2130 Williamson Mountain', 90175563, 'user', 'https://s3.amazonaws.com/uifaces/faces/twitter/kevinjohndayy/128.jpg');

INSERT INTO person VALUES ('Erich59@yahoo.com', 'Marcia Lemke', '$2b$10$rIqmDwqhToE5DdadwTSgAuN0zAyE.bfRW/bd7es6VJbyl7Ghs3HXi', '08761 Sasha Unions', 90532366, 'user', 'https://s3.amazonaws.com/uifaces/faces/twitter/ernestsemerda/128.jpg');

INSERT INTO person VALUES ('Otis.Lubowitz47@hotmail.com', 'Iliana MacGyver', '$2b$10$rIqmDwqhToE5DdadwTSgAuaYKfuPmT2qCP.LaXljSOyfoYi7yZFsW', '733 Sydnie Forge', 90346035, 'user', 'https://s3.amazonaws.com/uifaces/faces/twitter/chandlervdw/128.jpg');
INSERT INTO credit_card VALUES (3528577293094058, 'Otis.Lubowitz47@hotmail.com', '2024-07-28T20:12:11.998Z', 093);
INSERT INTO pet VALUES ('Ferne', 'Otis.Lubowitz47@hotmail.com', 'Chameleons (Veiled)', 'Facere quia qui reiciendis nihil inventore consequatur.', 'Quo voluptatibus eos porro atque qui quaerat dolor.');
INSERT INTO full_time_ct VALUES ('Otis.Lubowitz47@hotmail.com');
INSERT INTO ft_specializes_in VALUES ('Otis.Lubowitz47@hotmail.com', 'Fish', 4);

INSERT INTO person VALUES ('Cesar.Mraz@gmail.com', 'Mellie Emard', '$2b$10$rIqmDwqhToE5DdadwTSgAunrRZbCG.z9.akO0NByFtrWgkenrWLGu', '8108 Rowan River', 90063590, 'user', 'https://s3.amazonaws.com/uifaces/faces/twitter/nyancecom/128.jpg');
INSERT INTO credit_card VALUES (372489887302589, 'Cesar.Mraz@gmail.com', '2021-06-30T19:41:40.314Z', 845);
INSERT INTO pet VALUES ('Patricia', 'Cesar.Mraz@gmail.com', 'Pigeon', 'Maiores harum blanditiis numquam.', 'Voluptas maxime unde rerum et quis velit sequi vel labore.');
INSERT INTO part_time_ct VALUES ('Cesar.Mraz@gmail.com');
INSERT INTO pt_free_schedule VALUES ('Cesar.Mraz@gmail.com', '2020-11-14T22:10:03.857Z', '2021-07-30T15:31:21.610Z');
INSERT INTO pt_specializes_in VALUES ('Cesar.Mraz@gmail.com', 'Pot Bellied Pig', 12);

INSERT INTO person VALUES ('Dale_Breitenberg@gmail.com', 'Tillman Fadel', '$2b$10$rIqmDwqhToE5DdadwTSgAunGKUSGPysB/JXsKHdto0gNEQBLE.dQu', '65687 Bechtelar Ramp', 90432140, 'user', 'https://s3.amazonaws.com/uifaces/faces/twitter/marcusgorillius/128.jpg');
INSERT INTO credit_card VALUES (30323587600053, 'Dale_Breitenberg@gmail.com', '2021-05-12T12:47:42.304Z', 773);
INSERT INTO pet VALUES ('Mafalda', 'Dale_Breitenberg@gmail.com', 'Pig', 'Facilis adipisci assumenda ullam sint labore.', 'Id sint veniam magnam eos aut.');
INSERT INTO part_time_ct VALUES ('Dale_Breitenberg@gmail.com');
INSERT INTO pt_free_schedule VALUES ('Dale_Breitenberg@gmail.com', '2020-11-15T06:45:29.877Z', '2021-04-23T04:02:24.509Z');
INSERT INTO pt_specializes_in VALUES ('Dale_Breitenberg@gmail.com', 'Chinchilla', 12);

INSERT INTO person VALUES ('Hobart.Windler@hotmail.com', 'Eliane King', '$2b$10$rIqmDwqhToE5DdadwTSgAuXhaOY900BlFQsomGLMim.z.2dJ.P99O', '4935 Kyla Mills', 90921460, 'user', 'https://s3.amazonaws.com/uifaces/faces/twitter/d_nny_m_cher/128.jpg');
INSERT INTO credit_card VALUES (6304264048088249, 'Hobart.Windler@hotmail.com', '2021-04-27T07:15:57.012Z', 055);
INSERT INTO pet VALUES ('Emil', 'Hobart.Windler@hotmail.com', 'Burro', 'Commodi ab voluptate quia inventore nostrum aperiam totam et in.', 'Et voluptas quia ex voluptas non dolor delectus saepe.');
INSERT INTO full_time_ct VALUES ('Hobart.Windler@hotmail.com');
INSERT INTO ft_specializes_in VALUES ('Hobart.Windler@hotmail.com', 'Rabbit', 8);

INSERT INTO person VALUES ('Estella89@yahoo.com', 'Demetrius Green', '$2b$10$rIqmDwqhToE5DdadwTSgAukq71YxPf1PXWZEmLXWsDylXmmCaXNGy', '9429 Jaycee Junctions', 90647475, 'user', 'https://s3.amazonaws.com/uifaces/faces/twitter/arkokoley/128.jpg');
INSERT INTO credit_card VALUES (6767716935900472, 'Estella89@yahoo.com', '2021-03-07T13:26:28.726Z', 939);
INSERT INTO pet VALUES ('Daniela', 'Estella89@yahoo.com', 'Pot Bellied Pig', 'Quidem dolore nobis sit nemo quibusdam molestiae.', 'Ipsam sed non temporibus magnam sit aut qui.');
INSERT INTO part_time_ct VALUES ('Estella89@yahoo.com');
INSERT INTO pt_free_schedule VALUES ('Estella89@yahoo.com', '2020-11-14T15:19:58.629Z', '2020-11-23T13:52:58.716Z');
INSERT INTO pt_specializes_in VALUES ('Estella89@yahoo.com', 'Chicken', 7);
INSERT INTO pt_specializes_in VALUES ('Estella89@yahoo.com', 'Ferret', 17);
INSERT INTO pt_specializes_in VALUES ('Estella89@yahoo.com', 'Peafowl', 0);

INSERT INTO person VALUES ('Isaac_Blanda@gmail.com', 'Lilliana Huel', '$2b$10$rIqmDwqhToE5DdadwTSgAuTt1ILOCXXHkjcpZAsgaCJe7s//0eY0i', '77244 Smitham Plain', 90229282, 'user', 'https://s3.amazonaws.com/uifaces/faces/twitter/trueblood_33/128.jpg');
INSERT INTO credit_card VALUES (342317978490271, 'Isaac_Blanda@gmail.com', '2021-07-11T13:31:33.395Z', 338);
INSERT INTO pet VALUES ('Jon', 'Isaac_Blanda@gmail.com', 'Iguana', 'Nobis dolor reprehenderit est quasi ipsam qui quod repudiandae dolores.', 'Non earum modi veritatis enim.');
INSERT INTO full_time_ct VALUES ('Isaac_Blanda@gmail.com');
INSERT INTO ft_specializes_in VALUES ('Isaac_Blanda@gmail.com', 'Bearded Dragon', 2);
INSERT INTO ft_specializes_in VALUES ('Isaac_Blanda@gmail.com', 'Rabbit', 5);

INSERT INTO person VALUES ('Candice.Waters@hotmail.com', 'Lavinia Mueller', '$2b$10$rIqmDwqhToE5DdadwTSgAuf8pvr.6qnwskNCGJg1eTqFWf1Belwse', '8459 Adams Views', 90572376, 'user', 'https://s3.amazonaws.com/uifaces/faces/twitter/cbracco/128.jpg');
INSERT INTO full_time_ct VALUES ('Candice.Waters@hotmail.com');
INSERT INTO ft_specializes_in VALUES ('Candice.Waters@hotmail.com', 'Bearded Dragon', 14);
INSERT INTO ft_specializes_in VALUES ('Candice.Waters@hotmail.com', 'Ferret', 19);
INSERT INTO ft_specializes_in VALUES ('Candice.Waters@hotmail.com', 'Goat', 7);

INSERT INTO person VALUES ('Mariano54@gmail.com', 'Zackery Miller', '$2b$10$rIqmDwqhToE5DdadwTSgAuoK/7NY/lxqEeJQ6vsITYaFSDw.ZKm0G', '6719 Katelynn Meadow', 90683534, 'user', 'https://s3.amazonaws.com/uifaces/faces/twitter/de_ascanio/128.jpg');
INSERT INTO credit_card VALUES (6474626340770718, 'Mariano54@gmail.com', '2024-08-21T15:08:09.089Z', 776);
INSERT INTO pet VALUES ('Josefa', 'Mariano54@gmail.com', 'Guinea Pig', 'Et dolor aliquam maxime.', 'Velit qui illo magnam incidunt aut.');
INSERT INTO part_time_ct VALUES ('Mariano54@gmail.com');
INSERT INTO pt_free_schedule VALUES ('Mariano54@gmail.com', '2020-11-14T07:53:32.933Z', '2020-11-19T22:33:11.680Z');
INSERT INTO pt_specializes_in VALUES ('Mariano54@gmail.com', 'Duck', 5);
INSERT INTO pt_specializes_in VALUES ('Mariano54@gmail.com', 'Guinea Fowl', 2);
INSERT INTO pt_specializes_in VALUES ('Mariano54@gmail.com', 'Pigeon', 4);

INSERT INTO person VALUES ('Marielle_Deckow84@yahoo.com', 'Jamar Davis', '$2b$10$rIqmDwqhToE5DdadwTSgAuNVvSWEhjYcpi4/CpkNayBmVA0E./wBG', '425 Stehr Row', 90314205, 'user', 'https://s3.amazonaws.com/uifaces/faces/twitter/madewulf/128.jpg');
INSERT INTO credit_card VALUES (375307252020746, 'Marielle_Deckow84@yahoo.com', '2022-10-16T09:44:43.475Z', 196);
INSERT INTO pet VALUES ('Chesley', 'Marielle_Deckow84@yahoo.com', 'Gecko', 'Veritatis qui accusantium sint molestiae nemo cupiditate.', 'Earum consequatur veritatis itaque quasi quaerat eius in maxime nostrum.');

INSERT INTO person VALUES ('Margarette_Graham@gmail.com', 'Wilburn McKenzie', '$2b$10$rIqmDwqhToE5DdadwTSgAuQMrdxUyrOkG2ZoPVYJ644ByvJG4QMuy', '958 Jaren Shoals', 90753503, 'user', 'https://s3.amazonaws.com/uifaces/faces/twitter/bagawarman/128.jpg');
INSERT INTO credit_card VALUES (6304282048827739, 'Margarette_Graham@gmail.com', '2020-11-23T07:53:27.119Z', 655);
INSERT INTO pet VALUES ('Jacey', 'Margarette_Graham@gmail.com', 'Llama', 'Quia nesciunt minima et dignissimos.', 'Nihil esse magnam dolore deleniti accusamus.');
INSERT INTO part_time_ct VALUES ('Margarette_Graham@gmail.com');
INSERT INTO pt_free_schedule VALUES ('Margarette_Graham@gmail.com', '2020-11-14T16:43:03.998Z', '2021-04-02T12:10:00.990Z');
INSERT INTO pt_specializes_in VALUES ('Margarette_Graham@gmail.com', 'Ferret', 11);

INSERT INTO person VALUES ('Ceasar.Friesen63@yahoo.com', 'Keyshawn Larkin', '$2b$10$rIqmDwqhToE5DdadwTSgAuzj24/kIrd0XGeEz4wyIPxfNR.wurhDG', '5006 Schuppe Junction', 90777956, 'user', 'https://s3.amazonaws.com/uifaces/faces/twitter/lokesh_coder/128.jpg');
INSERT INTO full_time_ct VALUES ('Ceasar.Friesen63@yahoo.com');
INSERT INTO ft_specializes_in VALUES ('Ceasar.Friesen63@yahoo.com', 'Fish', 5);
INSERT INTO ft_specializes_in VALUES ('Ceasar.Friesen63@yahoo.com', 'Iguana', 17);

INSERT INTO person VALUES ('Amara.Hoppe@yahoo.com', 'Amely Corwin', '$2b$10$rIqmDwqhToE5DdadwTSgAu00RHKoQgrNgmDZzhuo0o5ORwDkL7Usq', '495 Dominique Walks', 90272379, 'user', 'https://s3.amazonaws.com/uifaces/faces/twitter/lowie/128.jpg');
INSERT INTO credit_card VALUES (6391786199096813, 'Amara.Hoppe@yahoo.com', '2021-10-07T13:18:36.761Z', 628);
INSERT INTO pet VALUES ('Efrain', 'Amara.Hoppe@yahoo.com', 'Horse', 'Eius fugiat omnis.', 'Quae rem reiciendis magni esse sint sapiente non.');
INSERT INTO full_time_ct VALUES ('Amara.Hoppe@yahoo.com');
INSERT INTO ft_specializes_in VALUES ('Amara.Hoppe@yahoo.com', 'Iguana', 0);
INSERT INTO ft_specializes_in VALUES ('Amara.Hoppe@yahoo.com', 'Mice', 15);
INSERT INTO ft_specializes_in VALUES ('Amara.Hoppe@yahoo.com', 'Pigeon', 13);

INSERT INTO person VALUES ('Javonte90@yahoo.com', 'Carmela Will', '$2b$10$rIqmDwqhToE5DdadwTSgAue2NPUnLZZb9PcClr8WCsBgRXWS6sf4C', '3795 Alysa Route', 90375126, 'user', 'https://s3.amazonaws.com/uifaces/faces/twitter/elisabethkjaer/128.jpg');
INSERT INTO credit_card VALUES (6771898995449799, 'Javonte90@yahoo.com', '2021-01-16T08:35:59.155Z', 790);
INSERT INTO pet VALUES ('Darian', 'Javonte90@yahoo.com', 'Pig', 'Exercitationem rerum id ab ad ut.', 'Tempora tempore culpa ipsa velit optio.');

INSERT INTO person VALUES ('Marlen_Bayer60@hotmail.com', 'Cory Lubowitz', '$2b$10$rIqmDwqhToE5DdadwTSgAutmAtTTTTXSagJXz2CriUhTqR0oPuoRe', '1714 Pacocha Springs', 90452368, 'user', 'https://s3.amazonaws.com/uifaces/faces/twitter/cybind/128.jpg');

INSERT INTO person VALUES ('Bart.Strosin@gmail.com', 'Keshaun Reichel', '$2b$10$rIqmDwqhToE5DdadwTSgAuB8SS8SIPPl2.9UTUNQeK8lJVULOctZm', '490 Ayana Mills', 90029383, 'user', 'https://s3.amazonaws.com/uifaces/faces/twitter/abovefunction/128.jpg');
INSERT INTO credit_card VALUES (6767812145842653, 'Bart.Strosin@gmail.com', '2021-05-06T15:35:43.977Z', 496);
INSERT INTO pet VALUES ('Demond', 'Bart.Strosin@gmail.com', 'Lizard', 'Aut quia qui qui repellendus facilis sunt a omnis et.', 'Est expedita earum dolores ut.');
INSERT INTO full_time_ct VALUES ('Bart.Strosin@gmail.com');
INSERT INTO ft_specializes_in VALUES ('Bart.Strosin@gmail.com', 'Bearded Dragon', 4);
INSERT INTO ft_specializes_in VALUES ('Bart.Strosin@gmail.com', 'Geese (Chinese Swan Goose)', 12);

INSERT INTO person VALUES ('Julian.Lubowitz@gmail.com', 'Aurelia Waters', '$2b$10$rIqmDwqhToE5DdadwTSgAu9tV//.PQKRKgL00CYNt4VEJcJPcXPIO', '11719 Beier Terrace', 90868328, 'user', 'https://s3.amazonaws.com/uifaces/faces/twitter/mactopus/128.jpg');
INSERT INTO full_time_ct VALUES ('Julian.Lubowitz@gmail.com');
INSERT INTO ft_specializes_in VALUES ('Julian.Lubowitz@gmail.com', 'Geese (Chinese Swan Goose)', 17);
INSERT INTO ft_specializes_in VALUES ('Julian.Lubowitz@gmail.com', 'Llama', 14);
INSERT INTO ft_specializes_in VALUES ('Julian.Lubowitz@gmail.com', 'Pigeon', 18);

INSERT INTO person VALUES ('Sylvia80@yahoo.com', 'Jerald Frami', '$2b$10$rIqmDwqhToE5DdadwTSgAuOpKj58ln4U2mwqJg0kNzfIBlKqCGk06', '78525 Jules Rapid', 90294232, 'user', 'https://s3.amazonaws.com/uifaces/faces/twitter/macxim/128.jpg');
INSERT INTO part_time_ct VALUES ('Sylvia80@yahoo.com');
INSERT INTO pt_free_schedule VALUES ('Sylvia80@yahoo.com', '2020-11-14T07:41:15.535Z', '2020-12-10T01:46:03.504Z');
INSERT INTO pt_specializes_in VALUES ('Sylvia80@yahoo.com', 'Chinchilla', 16);
INSERT INTO pt_specializes_in VALUES ('Sylvia80@yahoo.com', 'Cow', 5);
INSERT INTO pt_specializes_in VALUES ('Sylvia80@yahoo.com', 'Hedgehog', 11);

INSERT INTO person VALUES ('Dominic_Koss85@yahoo.com', 'Ernestine Abernathy', '$2b$10$rIqmDwqhToE5DdadwTSgAuymrfWX.aFTKVAkBLcFHhnLIkBzdDYKa', '02104 Raina Greens', 90522310, 'user', 'https://s3.amazonaws.com/uifaces/faces/twitter/guischmitt/128.jpg');
INSERT INTO part_time_ct VALUES ('Dominic_Koss85@yahoo.com');
INSERT INTO pt_free_schedule VALUES ('Dominic_Koss85@yahoo.com', '2020-11-14T11:26:45.524Z', '2021-01-31T21:33:05.495Z');
INSERT INTO pt_specializes_in VALUES ('Dominic_Koss85@yahoo.com', 'Hedgehog', 13);
INSERT INTO pt_specializes_in VALUES ('Dominic_Koss85@yahoo.com', 'Pigeon', 8);

INSERT INTO person VALUES ('Art.Mante87@hotmail.com', 'Jude Roob', '$2b$10$rIqmDwqhToE5DdadwTSgAu6VztcZhPhjJKHkWmW.OzQa/gI9f7TIG', '06110 Alayna Pine', 90845797, 'user', 'https://s3.amazonaws.com/uifaces/faces/twitter/low_res/128.jpg');
INSERT INTO credit_card VALUES (3529752911871881, 'Art.Mante87@hotmail.com', '2021-02-26T16:28:33.000Z', 209);
INSERT INTO pet VALUES ('Karlee', 'Art.Mante87@hotmail.com', 'Gerbil', 'Accusamus dolores consequatur.', 'Odio eveniet qui ut excepturi aut ducimus et.');
INSERT INTO full_time_ct VALUES ('Art.Mante87@hotmail.com');
INSERT INTO ft_specializes_in VALUES ('Art.Mante87@hotmail.com', 'Chameleons (Veiled)', 12);
INSERT INTO ft_specializes_in VALUES ('Art.Mante87@hotmail.com', 'Gerbil', 1);

INSERT INTO person VALUES ('Mandy_Bashirian74@hotmail.com', 'Marisol Pagac', '$2b$10$rIqmDwqhToE5DdadwTSgAud2nrKVEm0mNSIz/abn6ohbGreGGK5fG', '661 Stark Islands', 90484768, 'user', 'https://s3.amazonaws.com/uifaces/faces/twitter/baliomega/128.jpg');
INSERT INTO part_time_ct VALUES ('Mandy_Bashirian74@hotmail.com');
INSERT INTO pt_free_schedule VALUES ('Mandy_Bashirian74@hotmail.com', '2020-11-14T22:40:20.045Z', '2021-09-01T05:09:54.452Z');
INSERT INTO pt_specializes_in VALUES ('Mandy_Bashirian74@hotmail.com', 'Guinea Pig', 6);
INSERT INTO pt_specializes_in VALUES ('Mandy_Bashirian74@hotmail.com', 'Mice', 2);
INSERT INTO pt_specializes_in VALUES ('Mandy_Bashirian74@hotmail.com', 'Pot Bellied Pig', 19);

INSERT INTO person VALUES ('Anderson12@hotmail.com', 'Emmet Dickinson', '$2b$10$rIqmDwqhToE5DdadwTSgAuH2Ci7kaWC3qSweT7HyPjmNg8.97VoOi', '0113 April Well', 90962074, 'user', 'https://s3.amazonaws.com/uifaces/faces/twitter/kijanmaharjan/128.jpg');

INSERT INTO person VALUES ('Treva5@yahoo.com', 'Houston Grimes', '$2b$10$rIqmDwqhToE5DdadwTSgAuIIFuo8S4H5hkcOiRnKSrnjlwsu.zSE6', '1114 Hank Greens', 90334117, 'user', 'https://s3.amazonaws.com/uifaces/faces/twitter/kurtinc/128.jpg');

INSERT INTO person VALUES ('Maia.Labadie7@hotmail.com', 'Clyde Stracke', '$2b$10$rIqmDwqhToE5DdadwTSgAuqqYMoqetXssr./f65vSis9EZHZgCPcS', '55439 Runolfsdottir Plaza', 90969171, 'user', 'https://s3.amazonaws.com/uifaces/faces/twitter/alagoon/128.jpg');
INSERT INTO credit_card VALUES (6304095617995384, 'Maia.Labadie7@hotmail.com', '2021-07-05T01:27:36.176Z', 510);
INSERT INTO pet VALUES ('Chet', 'Maia.Labadie7@hotmail.com', 'Chinese Water Dragon', 'Sed incidunt eum.', 'Mollitia voluptatem tempora ea ea dolores cumque voluptates.');

INSERT INTO person VALUES ('Dante.Hudson@gmail.com', 'Cesar Yost', '$2b$10$rIqmDwqhToE5DdadwTSgAujgJksjHcvEst6A3eptlDkawfks5zpR2', '47575 Lafayette Squares', 90790863, 'user', 'https://s3.amazonaws.com/uifaces/faces/twitter/geran7/128.jpg');
INSERT INTO full_time_ct VALUES ('Dante.Hudson@gmail.com');
INSERT INTO ft_specializes_in VALUES ('Dante.Hudson@gmail.com', 'Bird', 5);

INSERT INTO person VALUES ('Piper_Treutel@hotmail.com', 'Mya Hoppe', '$2b$10$rIqmDwqhToE5DdadwTSgAuYZIQId/5HNwPDRZYOkh2OgBhBHTLzzy', '581 Torphy Lodge', 90259787, 'user', 'https://s3.amazonaws.com/uifaces/faces/twitter/kurafire/128.jpg');

INSERT INTO person VALUES ('Webster.Nitzsche50@gmail.com', 'Jacynthe Bogisich', '$2b$10$rIqmDwqhToE5DdadwTSgAufnUSnRBUn3gQGpuUm87TO4otbfKHB7K', '416 Rhiannon Key', 90561324, 'user', 'https://s3.amazonaws.com/uifaces/faces/twitter/sharvin/128.jpg');
INSERT INTO credit_card VALUES (36991532615950, 'Webster.Nitzsche50@gmail.com', '2023-09-30T19:07:46.548Z', 573);
INSERT INTO pet VALUES ('Lester', 'Webster.Nitzsche50@gmail.com', 'Hamster', 'Similique et non dolor fuga facilis tempore.', 'Est nam libero ut accusantium ex.');

INSERT INTO person VALUES ('Ludwig_Hessel@yahoo.com', 'Jamie Mosciski', '$2b$10$rIqmDwqhToE5DdadwTSgAuXMYNRL7xGhW/hQQTs.WuXe454KTExca', '731 Ebony Mount', 90879237, 'user', 'https://s3.amazonaws.com/uifaces/faces/twitter/ceekaytweet/128.jpg');
INSERT INTO credit_card VALUES (4515720144255, 'Ludwig_Hessel@yahoo.com', '2022-09-10T21:50:09.872Z', 628);
INSERT INTO pet VALUES ('Cale', 'Ludwig_Hessel@yahoo.com', 'Geese (Chinese Swan Goose)', 'Est sit maxime doloribus ab distinctio impedit dicta.', 'Reprehenderit provident vel distinctio ut sunt dolorem et exercitationem sunt.');
INSERT INTO part_time_ct VALUES ('Ludwig_Hessel@yahoo.com');
INSERT INTO pt_free_schedule VALUES ('Ludwig_Hessel@yahoo.com', '2020-11-15T05:12:43.401Z', '2021-10-07T05:44:59.644Z');
INSERT INTO pt_specializes_in VALUES ('Ludwig_Hessel@yahoo.com', 'Bird', 18);
INSERT INTO pt_specializes_in VALUES ('Ludwig_Hessel@yahoo.com', 'Burro', 11);
INSERT INTO pt_specializes_in VALUES ('Ludwig_Hessel@yahoo.com', 'Geese (Chinese Swan Goose)', 0);

INSERT INTO person VALUES ('Tianna.Wintheiser@yahoo.com', 'Devan Tremblay', '$2b$10$rIqmDwqhToE5DdadwTSgAugDpdsD2N./uJEeYQhZ7rtwx3G/2UzNS', '66380 Greenholt Cove', 90754532, 'user', 'https://s3.amazonaws.com/uifaces/faces/twitter/marlinjayakody/128.jpg');

INSERT INTO person VALUES ('Ford52@gmail.com', 'Barry Morissette', '$2b$10$rIqmDwqhToE5DdadwTSgAu7PyooucMEj8Yr3JP4l7gN48HcAXpcLu', '51547 Olson Ferry', 90447849, 'user', 'https://s3.amazonaws.com/uifaces/faces/twitter/namankreative/128.jpg');
INSERT INTO credit_card VALUES (4210813337451829, 'Ford52@gmail.com', '2024-09-21T21:34:43.869Z', 442);
INSERT INTO pet VALUES ('Rachel', 'Ford52@gmail.com', 'Donkey', 'Repellat nulla eum vel ad similique.', 'Deserunt repellendus amet rerum.');
INSERT INTO part_time_ct VALUES ('Ford52@gmail.com');
INSERT INTO pt_free_schedule VALUES ('Ford52@gmail.com', '2020-11-14T22:57:49.690Z', '2021-06-15T10:05:10.694Z');
INSERT INTO pt_specializes_in VALUES ('Ford52@gmail.com', 'Fish', 7);

INSERT INTO person VALUES ('Kadin30@yahoo.com', 'Damien Quitzon', '$2b$10$rIqmDwqhToE5DdadwTSgAubETKKp4nYcieBUYhK8CT3TmfJ9D1miS', '371 Erwin Drive', 90094428, 'user', 'https://s3.amazonaws.com/uifaces/faces/twitter/robinlayfield/128.jpg');
INSERT INTO full_time_ct VALUES ('Kadin30@yahoo.com');
INSERT INTO ft_specializes_in VALUES ('Kadin30@yahoo.com', 'Bird', 15);
INSERT INTO ft_specializes_in VALUES ('Kadin30@yahoo.com', 'Hog', 4);

INSERT INTO person VALUES ('Kale70@gmail.com', 'Elouise Gottlieb', '$2b$10$rIqmDwqhToE5DdadwTSgAu7m9Q2IIIyCfs7XQ0bD4uoUMDx4cKh0m', '5501 Lowe Center', 90073480, 'user', 'https://s3.amazonaws.com/uifaces/faces/twitter/zauerkraut/128.jpg');
INSERT INTO credit_card VALUES (3589681584469035, 'Kale70@gmail.com', '2024-04-08T07:48:41.234Z', 239);
INSERT INTO pet VALUES ('Adriana', 'Kale70@gmail.com', 'Bearded Dragon', 'Neque quos repudiandae molestias at ut facilis impedit.', 'Aspernatur dolore iure expedita.');

INSERT INTO person VALUES ('Vernice.Bogan31@yahoo.com', 'Fanny Haley', '$2b$10$rIqmDwqhToE5DdadwTSgAuOB8UQyFvwReWlhDiNwOmhxc7lAPfcBO', '1202 Trantow Key', 90697987, 'user', 'https://s3.amazonaws.com/uifaces/faces/twitter/vc27/128.jpg');
INSERT INTO credit_card VALUES (4279588321194, 'Vernice.Bogan31@yahoo.com', '2021-04-23T10:44:28.786Z', 610);
INSERT INTO pet VALUES ('Noemie', 'Vernice.Bogan31@yahoo.com', 'Hamster', 'Voluptatem adipisci facilis ullam cum ad suscipit.', 'Est illo ipsam repudiandae omnis.');

INSERT INTO person VALUES ('Ibrahim42@gmail.com', 'Agustin Bode', '$2b$10$rIqmDwqhToE5DdadwTSgAu8GQVA6z6gdCb7WNSibQpHR99zk4iKAC', '2055 Hauck Keys', 90089245, 'user', 'https://s3.amazonaws.com/uifaces/faces/twitter/beweinreich/128.jpg');

INSERT INTO person VALUES ('Herta20@hotmail.com', 'Yesenia Wisoky', '$2b$10$rIqmDwqhToE5DdadwTSgAurkz7HfRMH1nZGlG.LMxFtGSlxG9Uj1e', '1567 Veum Point', 90619117, 'user', 'https://s3.amazonaws.com/uifaces/faces/twitter/kevinjohndayy/128.jpg');
INSERT INTO part_time_ct VALUES ('Herta20@hotmail.com');
INSERT INTO pt_free_schedule VALUES ('Herta20@hotmail.com', '2020-11-14T20:58:32.416Z', '2020-12-11T04:25:25.451Z');
INSERT INTO pt_specializes_in VALUES ('Herta20@hotmail.com', 'Hedgehog', 3);

INSERT INTO person VALUES ('Carlie_Erdman@hotmail.com', 'Jessyca Leffler', '$2b$10$rIqmDwqhToE5DdadwTSgAuSo4bmDGzpF3ajS9h9SEQR28tfNA6n0q', '0751 Kling Loaf', 90286116, 'user', 'https://s3.amazonaws.com/uifaces/faces/twitter/jarsen/128.jpg');
INSERT INTO credit_card VALUES (6370383767979585, 'Carlie_Erdman@hotmail.com', '2025-09-19T09:38:00.800Z', 793);
INSERT INTO pet VALUES ('Murphy', 'Carlie_Erdman@hotmail.com', 'Mule', 'Voluptas voluptatem et odio ut quidem sed dignissimos.', 'Magni molestiae delectus.');
INSERT INTO part_time_ct VALUES ('Carlie_Erdman@hotmail.com');
INSERT INTO pt_free_schedule VALUES ('Carlie_Erdman@hotmail.com', '2020-11-14T10:17:12.453Z', '2021-08-31T01:20:24.686Z');
INSERT INTO pt_specializes_in VALUES ('Carlie_Erdman@hotmail.com', 'Bearded Dragon', 16);
INSERT INTO pt_specializes_in VALUES ('Carlie_Erdman@hotmail.com', 'Duck', 17);
INSERT INTO pt_specializes_in VALUES ('Carlie_Erdman@hotmail.com', 'Ferret', 3);

INSERT INTO person VALUES ('Nikko.Kihn@yahoo.com', 'Sierra Koss', '$2b$10$rIqmDwqhToE5DdadwTSgAu1KbWzWUQtUfk.LCA00p7.KrkU1R4tvy', '506 London Spurs', 90245593, 'user', 'https://s3.amazonaws.com/uifaces/faces/twitter/bluesix/128.jpg');

INSERT INTO person VALUES ('Angelica.Schinner@hotmail.com', 'Lukas Conroy', '$2b$10$rIqmDwqhToE5DdadwTSgAuElIFnpcp7G2.dY0Blee5rcSAQUWgo8q', '40318 Kertzmann Squares', 90053433, 'user', 'https://s3.amazonaws.com/uifaces/faces/twitter/kanickairaj/128.jpg');
INSERT INTO credit_card VALUES (3530152333125690, 'Angelica.Schinner@hotmail.com', '2022-12-07T19:29:34.905Z', 376);
INSERT INTO pet VALUES ('Hollis', 'Angelica.Schinner@hotmail.com', 'Hamster', 'Sapiente consequatur adipisci nam.', 'Maiores non nihil.');

INSERT INTO person VALUES ('Raheem_Weissnat93@gmail.com', 'Danny Schulist', '$2b$10$rIqmDwqhToE5DdadwTSgAu4ccvrJdRCmUxM7j0O608Gr80VFOeuSe', '9124 Emmerich Islands', 90127823, 'user', 'https://s3.amazonaws.com/uifaces/faces/twitter/spacewood_/128.jpg');

INSERT INTO person VALUES ('Effie.Swift73@gmail.com', 'Trent Lueilwitz', '$2b$10$rIqmDwqhToE5DdadwTSgAujPw9kQNHqMcm6re0MOW44vThKaMZjRG', '381 Melba Shore', 90148137, 'user', 'https://s3.amazonaws.com/uifaces/faces/twitter/vladyn/128.jpg');
INSERT INTO part_time_ct VALUES ('Effie.Swift73@gmail.com');
INSERT INTO pt_free_schedule VALUES ('Effie.Swift73@gmail.com', '2020-11-14T13:31:34.763Z', '2021-05-05T07:56:17.607Z');
INSERT INTO pt_specializes_in VALUES ('Effie.Swift73@gmail.com', 'Gerbil', 18);
INSERT INTO pt_specializes_in VALUES ('Effie.Swift73@gmail.com', 'Goat', 12);
INSERT INTO pt_specializes_in VALUES ('Effie.Swift73@gmail.com', 'Horse', 12);

INSERT INTO person VALUES ('Viviane41@hotmail.com', 'Aubrey Glover', '$2b$10$rIqmDwqhToE5DdadwTSgAuPhBtvnaF1J7o6Qq5xj1a.Be0k/5djiW', '3664 Lakin Fords', 90544303, 'user', 'https://s3.amazonaws.com/uifaces/faces/twitter/abotap/128.jpg');
INSERT INTO credit_card VALUES (5491997724368596, 'Viviane41@hotmail.com', '2021-10-06T20:53:19.829Z', 722);
INSERT INTO pet VALUES ('Kamron', 'Viviane41@hotmail.com', 'Pig', 'Voluptas eveniet animi soluta ut unde ex.', 'Enim quis deserunt similique et esse molestiae sit et et.');
INSERT INTO full_time_ct VALUES ('Viviane41@hotmail.com');
INSERT INTO ft_specializes_in VALUES ('Viviane41@hotmail.com', 'Guinea Pig', 7);
INSERT INTO ft_specializes_in VALUES ('Viviane41@hotmail.com', 'Horse', 10);

INSERT INTO person VALUES ('Georgiana_Zieme@yahoo.com', 'Pattie Altenwerth', '$2b$10$rIqmDwqhToE5DdadwTSgAu4Xbxrpd9ogHJJDa2/oZqBt/h8ovs3Dy', '9167 Clementina Terrace', 90716408, 'user', 'https://s3.amazonaws.com/uifaces/faces/twitter/phillapier/128.jpg');

INSERT INTO person VALUES ('Allen76@yahoo.com', 'Nicholaus Ward', '$2b$10$rIqmDwqhToE5DdadwTSgAuGEk6Jc0kuo6nCxa5rirVODqNfKO952y', '58079 Kozey Oval', 90530803, 'user', 'https://s3.amazonaws.com/uifaces/faces/twitter/vm_f/128.jpg');

INSERT INTO person VALUES ('Maverick8@gmail.com', 'Carolyn DuBuque', '$2b$10$rIqmDwqhToE5DdadwTSgAumbRwo/I/6gGZWnLiFE.MHZGovqo3Nt6', '5911 Kling Loaf', 90859820, 'user', 'https://s3.amazonaws.com/uifaces/faces/twitter/andresdjasso/128.jpg');
INSERT INTO full_time_ct VALUES ('Maverick8@gmail.com');
INSERT INTO ft_specializes_in VALUES ('Maverick8@gmail.com', 'Chinchilla', 1);
INSERT INTO ft_specializes_in VALUES ('Maverick8@gmail.com', 'Guinea Fowl', 9);
INSERT INTO ft_specializes_in VALUES ('Maverick8@gmail.com', 'Mule', 0);

INSERT INTO person VALUES ('Julien15@hotmail.com', 'Javon Huels', '$2b$10$rIqmDwqhToE5DdadwTSgAunV8HA7d2ls0QMTVy26JYObUBZ3VZWCS', '640 Raynor Ridges', 90230615, 'user', 'https://s3.amazonaws.com/uifaces/faces/twitter/brenton_clarke/128.jpg');
INSERT INTO credit_card VALUES (6397082240162044, 'Julien15@hotmail.com', '2021-12-08T04:50:11.761Z', 390);
INSERT INTO pet VALUES ('Amber', 'Julien15@hotmail.com', 'Pot Bellied Pig', 'Dolores vero consequuntur recusandae corporis omnis aut.', 'Doloribus nisi nulla qui voluptates.');
INSERT INTO part_time_ct VALUES ('Julien15@hotmail.com');
INSERT INTO pt_free_schedule VALUES ('Julien15@hotmail.com', '2020-11-14T07:57:17.626Z', '2021-02-19T02:55:01.087Z');
INSERT INTO pt_specializes_in VALUES ('Julien15@hotmail.com', 'Chameleons (Veiled)', 15);
INSERT INTO pt_specializes_in VALUES ('Julien15@hotmail.com', 'Guinea Fowl', 2);
INSERT INTO pt_specializes_in VALUES ('Julien15@hotmail.com', 'Guinea Pig', 19);

INSERT INTO person VALUES ('Percy_Langworth60@hotmail.com', 'Dannie Altenwerth', '$2b$10$rIqmDwqhToE5DdadwTSgAuhFP1ElQmP7t5esdBRkhCNj8vIiZfZvO', '1988 Kristy Ridge', 90780171, 'user', 'https://s3.amazonaws.com/uifaces/faces/twitter/jackiesaik/128.jpg');
INSERT INTO credit_card VALUES (5302303740039462, 'Percy_Langworth60@hotmail.com', '2022-04-17T12:01:18.603Z', 966);
INSERT INTO pet VALUES ('Carson', 'Percy_Langworth60@hotmail.com', 'Chicken', 'Inventore ut quia nobis exercitationem et ipsa sint.', 'Perspiciatis officiis accusamus ad itaque et vitae.');
INSERT INTO part_time_ct VALUES ('Percy_Langworth60@hotmail.com');
INSERT INTO pt_free_schedule VALUES ('Percy_Langworth60@hotmail.com', '2020-11-14T23:21:42.448Z', '2021-08-10T07:07:59.152Z');
INSERT INTO pt_specializes_in VALUES ('Percy_Langworth60@hotmail.com', 'Gecko', 1);

INSERT INTO person VALUES ('Keagan28@gmail.com', 'Kiarra Ledner', '$2b$10$rIqmDwqhToE5DdadwTSgAuLTsj4SQnaFbutI5HiEY6N1TufQYR8Ju', '452 Dicki Passage', 90505065, 'user', 'https://s3.amazonaws.com/uifaces/faces/twitter/ryanmclaughlin/128.jpg');
INSERT INTO full_time_ct VALUES ('Keagan28@gmail.com');
INSERT INTO ft_specializes_in VALUES ('Keagan28@gmail.com', 'Lizard', 10);
INSERT INTO ft_specializes_in VALUES ('Keagan28@gmail.com', 'Pot Bellied Pig', 11);

INSERT INTO person VALUES ('Jalen.Kunde45@hotmail.com', 'Tatyana Nikolaus', '$2b$10$rIqmDwqhToE5DdadwTSgAu2EDWkj23UK4gSdFjbaO00bDzCR.sT.6', '383 Padberg Dam', 90971123, 'user', 'https://s3.amazonaws.com/uifaces/faces/twitter/maikelk/128.jpg');
INSERT INTO credit_card VALUES (6709457693296862, 'Jalen.Kunde45@hotmail.com', '2021-10-06T02:14:05.881Z', 897);
INSERT INTO pet VALUES ('Gudrun', 'Jalen.Kunde45@hotmail.com', 'Chicken', 'Veniam repellendus esse excepturi est natus.', 'Commodi ut sit quo aliquid.');

INSERT INTO person VALUES ('Araceli.Kris@hotmail.com', 'Elody Fay', '$2b$10$rIqmDwqhToE5DdadwTSgAu9f4Vkc.Il4n4edBpr/99ywIcMgS3wV.', '59981 Kaelyn Neck', 90038572, 'user', 'https://s3.amazonaws.com/uifaces/faces/twitter/sachingawas/128.jpg');
INSERT INTO credit_card VALUES (6590041432924206, 'Araceli.Kris@hotmail.com', '2022-11-11T02:35:08.863Z', 504);
INSERT INTO pet VALUES ('Haskell', 'Araceli.Kris@hotmail.com', 'Hamster', 'Odio quos ut dolorem aut et suscipit recusandae culpa.', 'Omnis architecto accusantium.');

INSERT INTO person VALUES ('Mervin10@gmail.com', 'Virginie Gottlieb', '$2b$10$rIqmDwqhToE5DdadwTSgAuV0MIrwEEcNQAN3GYUvuvAaZmeKIaL8W', '002 Pagac Canyon', 90790721, 'user', 'https://s3.amazonaws.com/uifaces/faces/twitter/edkf/128.jpg');

INSERT INTO person VALUES ('Amari58@hotmail.com', 'Deangelo Konopelski', '$2b$10$rIqmDwqhToE5DdadwTSgAuenpOODpVuyw0rAVJp.Kzj4Ex9ZV9xtK', '2716 Schaden Mountains', 90294105, 'user', 'https://s3.amazonaws.com/uifaces/faces/twitter/seyedhossein1/128.jpg');
INSERT INTO credit_card VALUES (5590080856479091, 'Amari58@hotmail.com', '2022-07-07T11:51:21.629Z', 856);
INSERT INTO pet VALUES ('Elmo', 'Amari58@hotmail.com', 'Cow', 'Voluptas et accusantium aspernatur laborum.', 'Sequi ea earum similique consectetur iste et dolores.');
INSERT INTO part_time_ct VALUES ('Amari58@hotmail.com');
INSERT INTO pt_free_schedule VALUES ('Amari58@hotmail.com', '2020-11-14T19:12:15.156Z', '2021-06-27T14:46:24.238Z');
INSERT INTO pt_specializes_in VALUES ('Amari58@hotmail.com', 'Chinese Water Dragon', 10);
INSERT INTO pt_specializes_in VALUES ('Amari58@hotmail.com', 'Cow', 4);
INSERT INTO pt_specializes_in VALUES ('Amari58@hotmail.com', 'Mice', 20);

INSERT INTO person VALUES ('Willow_Blanda89@hotmail.com', 'Caterina White', '$2b$10$rIqmDwqhToE5DdadwTSgAusjE2dx3yDme/IbfEW37M68pSvW8GM/2', '32920 Kuphal Ports', 90578936, 'user', 'https://s3.amazonaws.com/uifaces/faces/twitter/kucingbelang4/128.jpg');

INSERT INTO person VALUES ('Kaleigh.Stark74@hotmail.com', 'Cora Abshire', '$2b$10$rIqmDwqhToE5DdadwTSgAuUDLihRN0Mk8zM4cnPSpXnIeYWSKqqfS', '33619 Crona Pike', 90072774, 'user', 'https://s3.amazonaws.com/uifaces/faces/twitter/billyroshan/128.jpg');

INSERT INTO person VALUES ('Vesta.Gislason90@yahoo.com', 'Yazmin Rowe', '$2b$10$rIqmDwqhToE5DdadwTSgAuyxka/axfdTjQpFOJn4Mpcqo0Yu7.q2S', '18419 Candelario Corners', 90165617, 'user', 'https://s3.amazonaws.com/uifaces/faces/twitter/bertboerland/128.jpg');
INSERT INTO credit_card VALUES (5427810886644238, 'Vesta.Gislason90@yahoo.com', '2021-09-26T10:23:06.894Z', 771);
INSERT INTO pet VALUES ('Bradley', 'Vesta.Gislason90@yahoo.com', 'Chicken', 'Et perspiciatis deleniti.', 'Repellat sunt ut minima et quis rerum corporis et similique.');
INSERT INTO part_time_ct VALUES ('Vesta.Gislason90@yahoo.com');
INSERT INTO pt_free_schedule VALUES ('Vesta.Gislason90@yahoo.com', '2020-11-14T11:54:36.489Z', '2021-04-29T20:42:11.696Z');
INSERT INTO pt_specializes_in VALUES ('Vesta.Gislason90@yahoo.com', 'Geese (Chinese Swan Goose)', 6);

INSERT INTO person VALUES ('Ford_Price@hotmail.com', 'Kirsten Franecki', '$2b$10$rIqmDwqhToE5DdadwTSgAusybQR/mVN2w9kF4UTDp2SJfR3REaBoG', '5612 Jamarcus Ramp', 90938953, 'user', 'https://s3.amazonaws.com/uifaces/faces/twitter/mocabyte/128.jpg');
INSERT INTO full_time_ct VALUES ('Ford_Price@hotmail.com');
INSERT INTO ft_specializes_in VALUES ('Ford_Price@hotmail.com', 'Pot Bellied Pig', 1);

INSERT INTO person VALUES ('Lon.Hamill28@hotmail.com', 'Howell Sipes', '$2b$10$rIqmDwqhToE5DdadwTSgAusldPaGKgqN8jxyjnrjLEidNh8ALh1tG', '39460 Lorenz Loop', 90397030, 'user', 'https://s3.amazonaws.com/uifaces/faces/twitter/mekal/128.jpg');
INSERT INTO credit_card VALUES (3556723115844857, 'Lon.Hamill28@hotmail.com', '2021-09-05T15:35:08.281Z', 196);
INSERT INTO pet VALUES ('Arthur', 'Lon.Hamill28@hotmail.com', 'Bird', 'Accusantium provident illum fuga amet occaecati aut non fugiat ullam.', 'Recusandae id blanditiis nam omnis non aut.');

INSERT INTO person VALUES ('Dylan.Franecki95@gmail.com', 'Javier Klein', '$2b$10$rIqmDwqhToE5DdadwTSgAufos.TE8pOjbgu6jEYbT9R9gmgq84hna', '2026 Rodolfo Underpass', 90230959, 'user', 'https://s3.amazonaws.com/uifaces/faces/twitter/travishines/128.jpg');
INSERT INTO credit_card VALUES (6391988223152380, 'Dylan.Franecki95@gmail.com', '2021-06-05T15:46:49.303Z', 262);
INSERT INTO pet VALUES ('Xzavier', 'Dylan.Franecki95@gmail.com', 'Bird', 'Quia culpa corrupti aut perspiciatis sit deleniti voluptatem qui nesciunt.', 'Maiores cum et magni et optio.');
INSERT INTO full_time_ct VALUES ('Dylan.Franecki95@gmail.com');
INSERT INTO ft_specializes_in VALUES ('Dylan.Franecki95@gmail.com', 'Gecko', 2);
INSERT INTO ft_specializes_in VALUES ('Dylan.Franecki95@gmail.com', 'Pot Bellied Pig', 8);

INSERT INTO person VALUES ('Jovany64@hotmail.com', 'Effie Ondricka', '$2b$10$rIqmDwqhToE5DdadwTSgAuw1lRCwbbV83XKvOIWE/ycAUoQA85BfG', '82508 Crona Bridge', 90605040, 'user', 'https://s3.amazonaws.com/uifaces/faces/twitter/byrnecore/128.jpg');
INSERT INTO credit_card VALUES (6558620803486035, 'Jovany64@hotmail.com', '2022-10-18T12:58:11.840Z', 287);
INSERT INTO pet VALUES ('Alize', 'Jovany64@hotmail.com', 'Bird', 'Id cupiditate fugiat ducimus et.', 'In quod impedit eaque reiciendis qui est sit reiciendis adipisci.');
INSERT INTO full_time_ct VALUES ('Jovany64@hotmail.com');
INSERT INTO ft_specializes_in VALUES ('Jovany64@hotmail.com', 'Ferret', 14);

INSERT INTO person VALUES ('Edd45@gmail.com', 'Simeon Rohan', '$2b$10$rIqmDwqhToE5DdadwTSgAujBfsrIK3LXJNQSBrKHyxJH4YuaU8.j6', '055 Windler Roads', 90046213, 'user', 'https://s3.amazonaws.com/uifaces/faces/twitter/cocolero/128.jpg');
INSERT INTO part_time_ct VALUES ('Edd45@gmail.com');
INSERT INTO pt_free_schedule VALUES ('Edd45@gmail.com', '2020-11-14T16:36:15.334Z', '2021-08-07T16:23:15.736Z');
INSERT INTO pt_specializes_in VALUES ('Edd45@gmail.com', 'Guinea Fowl', 11);
INSERT INTO pt_specializes_in VALUES ('Edd45@gmail.com', 'Pot Bellied Pig', 20);

INSERT INTO person VALUES ('Doyle_Kuhlman@yahoo.com', 'Philip Pagac', '$2b$10$rIqmDwqhToE5DdadwTSgAuXuYrXWzTPndqvSzx9mt557N5Xn014g2', '324 Heidenreich Club', 90475496, 'user', 'https://s3.amazonaws.com/uifaces/faces/twitter/olaolusoga/128.jpg');
INSERT INTO credit_card VALUES (6759860254748206, 'Doyle_Kuhlman@yahoo.com', '2021-07-15T04:19:46.264Z', 362);
INSERT INTO pet VALUES ('Alden', 'Doyle_Kuhlman@yahoo.com', 'Iguana', 'Nihil et laboriosam dolor veritatis ut ut.', 'Consequatur sint sapiente exercitationem minima et enim.');

INSERT INTO person VALUES ('Cheyanne_Cronin97@gmail.com', 'Anais Brakus', '$2b$10$rIqmDwqhToE5DdadwTSgAun7V5KcqPPQFfAcksxQgK42MpHjJpjCi', '1566 Morris Lights', 90801163, 'user', 'https://s3.amazonaws.com/uifaces/faces/twitter/dnirmal/128.jpg');
INSERT INTO credit_card VALUES (6767185993441195, 'Cheyanne_Cronin97@gmail.com', '2021-12-22T11:43:04.483Z', 595);
INSERT INTO pet VALUES ('Bulah', 'Cheyanne_Cronin97@gmail.com', 'Pot Bellied Pig', 'Explicabo odio autem.', 'Id voluptates eveniet.');
INSERT INTO part_time_ct VALUES ('Cheyanne_Cronin97@gmail.com');
INSERT INTO pt_free_schedule VALUES ('Cheyanne_Cronin97@gmail.com', '2020-11-14T08:29:19.985Z', '2021-09-25T15:37:34.398Z');
INSERT INTO pt_specializes_in VALUES ('Cheyanne_Cronin97@gmail.com', 'Lizard', 2);
INSERT INTO pt_specializes_in VALUES ('Cheyanne_Cronin97@gmail.com', 'Peafowl', 4);

INSERT INTO person VALUES ('Isabella_Funk96@yahoo.com', 'Justen Pfeffer', '$2b$10$rIqmDwqhToE5DdadwTSgAuLg0oZoSVwG7FLWH3EPtWHu8j1yqQBHu', '49561 Garnet Centers', 90112007, 'user', 'https://s3.amazonaws.com/uifaces/faces/twitter/billyroshan/128.jpg');
INSERT INTO credit_card VALUES (6304184160324881, 'Isabella_Funk96@yahoo.com', '2025-04-10T18:22:53.112Z', 482);
INSERT INTO pet VALUES ('Nora', 'Isabella_Funk96@yahoo.com', 'Pot Bellied Pig', 'Sit error tempora sed vel fuga qui nam natus.', 'Sunt reprehenderit qui aut magni magnam.');

INSERT INTO person VALUES ('Eldora_Schneider@yahoo.com', 'Zella Schaefer', '$2b$10$rIqmDwqhToE5DdadwTSgAuOwaXpBHoJUlMgQLIEbReV7TQO8e8tSS', '29747 Jackeline Row', 90782155, 'user', 'https://s3.amazonaws.com/uifaces/faces/twitter/osvaldas/128.jpg');
INSERT INTO credit_card VALUES (6767624223549494, 'Eldora_Schneider@yahoo.com', '2023-06-26T23:10:22.544Z', 933);
INSERT INTO pet VALUES ('Russ', 'Eldora_Schneider@yahoo.com', 'Mule', 'Tenetur odit est id delectus vero illo omnis et velit.', 'Qui repudiandae optio recusandae in accusamus.');
INSERT INTO part_time_ct VALUES ('Eldora_Schneider@yahoo.com');
INSERT INTO pt_free_schedule VALUES ('Eldora_Schneider@yahoo.com', '2020-11-14T09:55:50.766Z', '2021-05-19T19:12:16.120Z');
INSERT INTO pt_specializes_in VALUES ('Eldora_Schneider@yahoo.com', 'Chameleons (Veiled)', 7);

INSERT INTO person VALUES ('Winnifred.Donnelly@gmail.com', 'Kenya Lesch', '$2b$10$rIqmDwqhToE5DdadwTSgAuIhmKv89HAPEmsRIpK64S49G/DYdLzmS', '81551 Jakob Tunnel', 90689718, 'user', 'https://s3.amazonaws.com/uifaces/faces/twitter/kucingbelang4/128.jpg');

INSERT INTO person VALUES ('Everett_Krajcik@gmail.com', 'Estella Stoltenberg', '$2b$10$rIqmDwqhToE5DdadwTSgAuL1Ku/gCcI8Imz0Pk4fod/8Yz6NHvsB.', '8179 Bennie Ford', 90894054, 'user', 'https://s3.amazonaws.com/uifaces/faces/twitter/borantula/128.jpg');
INSERT INTO credit_card VALUES (6759759656479672, 'Everett_Krajcik@gmail.com', '2020-12-25T20:11:42.173Z', 325);
INSERT INTO pet VALUES ('Lora', 'Everett_Krajcik@gmail.com', 'Gerbil', 'Quidem id facere assumenda.', 'Id nesciunt eum autem iure.');
INSERT INTO full_time_ct VALUES ('Everett_Krajcik@gmail.com');
INSERT INTO ft_specializes_in VALUES ('Everett_Krajcik@gmail.com', 'Hamster', 12);
INSERT INTO ft_specializes_in VALUES ('Everett_Krajcik@gmail.com', 'Mule', 15);

INSERT INTO person VALUES ('Pauline.Muller@hotmail.com', 'Adelia Sawayn', '$2b$10$rIqmDwqhToE5DdadwTSgAueiaAf9sF2BQSKxiWKR1XiMxWA2sHA62', '498 Hegmann Ranch', 90423935, 'user', 'https://s3.amazonaws.com/uifaces/faces/twitter/ryanjohnson_me/128.jpg');

INSERT INTO person VALUES ('Alex_Runolfsson@gmail.com', 'Dayne Kreiger', '$2b$10$rIqmDwqhToE5DdadwTSgAuVIT1rSZyFKWc0AWLfjrsGeIrRu0HiVC', '00018 West Center', 90534660, 'user', 'https://s3.amazonaws.com/uifaces/faces/twitter/gcmorley/128.jpg');
INSERT INTO credit_card VALUES (6011620915002568, 'Alex_Runolfsson@gmail.com', '2021-05-05T03:29:22.769Z', 624);
INSERT INTO pet VALUES ('Frederik', 'Alex_Runolfsson@gmail.com', 'Hog', 'Reprehenderit autem modi quis blanditiis.', 'Ut ea dicta aut voluptas incidunt sit eius quaerat exercitationem.');
INSERT INTO part_time_ct VALUES ('Alex_Runolfsson@gmail.com');
INSERT INTO pt_free_schedule VALUES ('Alex_Runolfsson@gmail.com', '2020-11-14T18:19:50.891Z', '2021-08-02T08:29:21.744Z');
INSERT INTO pt_specializes_in VALUES ('Alex_Runolfsson@gmail.com', 'Hamster', 9);
INSERT INTO pt_specializes_in VALUES ('Alex_Runolfsson@gmail.com', 'Peafowl', 14);

INSERT INTO person VALUES ('May88@hotmail.com', 'John OKon', '$2b$10$rIqmDwqhToE5DdadwTSgAuGnP0uCxkH7wcl1EtXmuA0gjwHFSMBgG', '450 Brandon Crossroad', 90325445, 'user', 'https://s3.amazonaws.com/uifaces/faces/twitter/sasha_shestakov/128.jpg');

INSERT INTO person VALUES ('Savannah.Oberbrunner32@hotmail.com', 'Alysson Howell', '$2b$10$rIqmDwqhToE5DdadwTSgAugzNArye3W5gtlmrJQ4bmf0FB278ZL3i', '97521 Braun Via', 90320693, 'user', 'https://s3.amazonaws.com/uifaces/faces/twitter/smenov/128.jpg');

INSERT INTO person VALUES ('Ethelyn41@hotmail.com', 'Keira Reilly', '$2b$10$rIqmDwqhToE5DdadwTSgAux2vZzuVxIDIeMHn..xGCnyUleJERzri', '71422 Alexie Hill', 90595486, 'user', 'https://s3.amazonaws.com/uifaces/faces/twitter/dannol/128.jpg');
INSERT INTO full_time_ct VALUES ('Ethelyn41@hotmail.com');
INSERT INTO ft_specializes_in VALUES ('Ethelyn41@hotmail.com', 'Pigeon', 9);

INSERT INTO person VALUES ('Grayson.Huels@yahoo.com', 'Elinore Greenfelder', '$2b$10$rIqmDwqhToE5DdadwTSgAuQDH7RaQocqPz6/2sAUNbTTW.ckVHO9e', '59624 Haven Falls', 90365806, 'user', 'https://s3.amazonaws.com/uifaces/faces/twitter/ilya_pestov/128.jpg');
INSERT INTO credit_card VALUES (6767490834263936, 'Grayson.Huels@yahoo.com', '2021-09-09T03:20:57.014Z', 195);
INSERT INTO pet VALUES ('Esther', 'Grayson.Huels@yahoo.com', 'Lizard', 'Ut magni maxime minima ullam deserunt sed sunt voluptas consequatur.', 'Cumque corporis voluptas necessitatibus consequatur.');
INSERT INTO full_time_ct VALUES ('Grayson.Huels@yahoo.com');
INSERT INTO ft_specializes_in VALUES ('Grayson.Huels@yahoo.com', 'Gerbil', 3);
INSERT INTO ft_specializes_in VALUES ('Grayson.Huels@yahoo.com', 'Mice', 7);
INSERT INTO ft_specializes_in VALUES ('Grayson.Huels@yahoo.com', 'Hog', 17);

INSERT INTO person VALUES ('Carter.Torphy@hotmail.com', 'Mary Swaniawski', '$2b$10$rIqmDwqhToE5DdadwTSgAulJmYr7IUaABDvRv8Fvu1B2pBdpwJbpu', '12877 Aida Motorway', 90557549, 'user', 'https://s3.amazonaws.com/uifaces/faces/twitter/charliecwaite/128.jpg');
INSERT INTO credit_card VALUES (340140564895501, 'Carter.Torphy@hotmail.com', '2022-04-05T18:47:43.110Z', 970);
INSERT INTO pet VALUES ('Daryl', 'Carter.Torphy@hotmail.com', 'Lizard', 'Porro mollitia quos et dolore.', 'Illum aspernatur quidem qui molestias aspernatur architecto.');

INSERT INTO person VALUES ('Jovanny.Spinka95@hotmail.com', 'Urban Douglas', '$2b$10$rIqmDwqhToE5DdadwTSgAu3m3yOy3hombY4FwqjfBrxI6A3sTg74O', '5143 Lubowitz Circles', 90734262, 'user', 'https://s3.amazonaws.com/uifaces/faces/twitter/BrianPurkiss/128.jpg');
INSERT INTO credit_card VALUES (4466048299872, 'Jovanny.Spinka95@hotmail.com', '2022-07-12T03:46:02.559Z', 499);
INSERT INTO pet VALUES ('Norene', 'Jovanny.Spinka95@hotmail.com', 'Goat', 'Sapiente aliquam aliquam ipsam repudiandae aliquid ea itaque suscipit.', 'Consequatur eligendi veniam expedita illum.');

INSERT INTO person VALUES ('Dax78@yahoo.com', 'Peyton Johnston', '$2b$10$rIqmDwqhToE5DdadwTSgAuU8sybg47.T0ses0bg7jG6f/QYKja/dy', '4313 Isabell Port', 90359808, 'user', 'https://s3.amazonaws.com/uifaces/faces/twitter/kianoshp/128.jpg');

INSERT INTO person VALUES ('Zoey_Von@gmail.com', 'Jerry Schowalter', '$2b$10$rIqmDwqhToE5DdadwTSgAuiy3MIMPHzIc5WTesk.R5SmtX5WRU1Tm', '8585 Dortha Loaf', 90292901, 'user', 'https://s3.amazonaws.com/uifaces/faces/twitter/eugeneeweb/128.jpg');

INSERT INTO person VALUES ('Jocelyn_Cummings@gmail.com', 'Tanner Kiehn', '$2b$10$rIqmDwqhToE5DdadwTSgAuMIrk9xHdQ8wPNYBruGVy3AKOrrj0Yy6', '49727 Alana Hills', 90953325, 'user', 'https://s3.amazonaws.com/uifaces/faces/twitter/ralph_lam/128.jpg');

INSERT INTO person VALUES ('Angela_Heaney@gmail.com', 'Cayla Fritsch', '$2b$10$rIqmDwqhToE5DdadwTSgAuS8DPNdtfoYkTHaqgp8TSJGiXrFCSxpK', '77171 Jones Manors', 90157818, 'user', 'https://s3.amazonaws.com/uifaces/faces/twitter/kiwiupover/128.jpg');
INSERT INTO credit_card VALUES (5020343085991282, 'Angela_Heaney@gmail.com', '2022-03-01T20:43:43.324Z', 500);
INSERT INTO pet VALUES ('Kylie', 'Angela_Heaney@gmail.com', 'Lizard', 'Ut et asperiores quaerat blanditiis fugit ea ut dolores at.', 'Repellendus sit dolor illum dolor cum.');
INSERT INTO full_time_ct VALUES ('Angela_Heaney@gmail.com');
INSERT INTO ft_specializes_in VALUES ('Angela_Heaney@gmail.com', 'Gerbil', 5);

INSERT INTO person VALUES ('Wendy67@yahoo.com', 'Jarred Ward', '$2b$10$rIqmDwqhToE5DdadwTSgAuVw9FPv2xUlCi9E6tuW6ykpFEUrHArte', '7891 Dicki Inlet', 90851931, 'user', 'https://s3.amazonaws.com/uifaces/faces/twitter/ceekaytweet/128.jpg');
INSERT INTO part_time_ct VALUES ('Wendy67@yahoo.com');
INSERT INTO pt_free_schedule VALUES ('Wendy67@yahoo.com', '2020-11-15T00:35:57.229Z', '2021-10-23T04:28:36.749Z');
INSERT INTO pt_specializes_in VALUES ('Wendy67@yahoo.com', 'Mule', 15);

INSERT INTO person VALUES ('Freddy.Kunze@yahoo.com', 'Constance Volkman', '$2b$10$rIqmDwqhToE5DdadwTSgAuDqBVFt2ZLQR.d44aAEh0rAdIz57vbJu', '8088 Nellie Manors', 90612322, 'user', 'https://s3.amazonaws.com/uifaces/faces/twitter/emsgulam/128.jpg');
INSERT INTO credit_card VALUES (379108551808387, 'Freddy.Kunze@yahoo.com', '2022-04-09T12:22:27.429Z', 514);
INSERT INTO pet VALUES ('Orval', 'Freddy.Kunze@yahoo.com', 'Bird', 'Minus accusamus nihil molestias aut et dolores nihil maxime ad.', 'Sit vitae totam non voluptatem commodi ut fugiat quo.');

INSERT INTO person VALUES ('Eveline.Bergstrom@hotmail.com', 'Flossie Legros', '$2b$10$rIqmDwqhToE5DdadwTSgAu30nRB7FISOHpF7kx2hMcKE9b4Li/YD.', '2637 Imogene Canyon', 90798568, 'user', 'https://s3.amazonaws.com/uifaces/faces/twitter/suprb/128.jpg');
INSERT INTO credit_card VALUES (6381209508074171, 'Eveline.Bergstrom@hotmail.com', '2023-07-20T06:35:30.155Z', 740);
INSERT INTO pet VALUES ('Cristal', 'Eveline.Bergstrom@hotmail.com', 'Guinea Pig', 'Deleniti nobis voluptas aut quidem eligendi rem.', 'Aut voluptas quo.');

INSERT INTO person VALUES ('Adelle.Labadie@hotmail.com', 'Richard Brown', '$2b$10$rIqmDwqhToE5DdadwTSgAuQWv5LQAxxYAQ5ExoUvDpc9Qa1OzfBhC', '143 Goldner Mountain', 90921704, 'user', 'https://s3.amazonaws.com/uifaces/faces/twitter/wintopia/128.jpg');
INSERT INTO credit_card VALUES (6582624806537418, 'Adelle.Labadie@hotmail.com', '2021-05-05T01:12:00.653Z', 293);
INSERT INTO pet VALUES ('Shaina', 'Adelle.Labadie@hotmail.com', 'Cow', 'Placeat eum tenetur impedit at.', 'Cupiditate beatae harum ut dolorum.');

INSERT INTO person VALUES ('Natalia_Pfeffer68@hotmail.com', 'Alberto Marks', '$2b$10$rIqmDwqhToE5DdadwTSgAuPzEUi.WczxnXbqViOxVwmNbfkthBudC', '36849 Friesen Shores', 90212351, 'user', 'https://s3.amazonaws.com/uifaces/faces/twitter/therealmarvin/128.jpg');
INSERT INTO credit_card VALUES (6497551413183828, 'Natalia_Pfeffer68@hotmail.com', '2020-11-24T00:49:40.769Z', 349);
INSERT INTO pet VALUES ('Zena', 'Natalia_Pfeffer68@hotmail.com', 'Hog', 'A ut doloremque inventore laborum totam exercitationem esse autem.', 'Vel enim quod dolores quidem sint voluptatem.');
INSERT INTO full_time_ct VALUES ('Natalia_Pfeffer68@hotmail.com');
INSERT INTO ft_specializes_in VALUES ('Natalia_Pfeffer68@hotmail.com', 'Pigeon', 11);

INSERT INTO person VALUES ('Meredith_Heidenreich@gmail.com', 'Arthur Bosco', '$2b$10$rIqmDwqhToE5DdadwTSgAuYeVRo9JS1kjQ8HLXoiUvCzjciWFKKLG', '94826 Johnson Station', 90925517, 'user', 'https://s3.amazonaws.com/uifaces/faces/twitter/axel/128.jpg');
INSERT INTO part_time_ct VALUES ('Meredith_Heidenreich@gmail.com');
INSERT INTO pt_free_schedule VALUES ('Meredith_Heidenreich@gmail.com', '2020-11-14T12:07:35.408Z', '2021-07-13T04:27:56.780Z');
INSERT INTO pt_specializes_in VALUES ('Meredith_Heidenreich@gmail.com', 'Hedgehog', 6);
INSERT INTO pt_specializes_in VALUES ('Meredith_Heidenreich@gmail.com', 'Rabbit', 18);

INSERT INTO person VALUES ('Newton_Monahan@gmail.com', 'Estella Grimes', '$2b$10$rIqmDwqhToE5DdadwTSgAusSjG3dGIEtXYKOIjMo7R5v/.0uc1Z8u', '530 Jefferey Field', 90256153, 'user', 'https://s3.amazonaws.com/uifaces/faces/twitter/twittypork/128.jpg');
INSERT INTO credit_card VALUES (6771890631824139, 'Newton_Monahan@gmail.com', '2021-08-08T03:45:05.906Z', 665);
INSERT INTO pet VALUES ('Alden', 'Newton_Monahan@gmail.com', 'Bearded Dragon', 'In non voluptatum quo facilis.', 'Nihil eum sint voluptatem rerum.');
INSERT INTO full_time_ct VALUES ('Newton_Monahan@gmail.com');
INSERT INTO ft_specializes_in VALUES ('Newton_Monahan@gmail.com', 'Duck', 5);
INSERT INTO ft_specializes_in VALUES ('Newton_Monahan@gmail.com', 'Gerbil', 17);
INSERT INTO ft_specializes_in VALUES ('Newton_Monahan@gmail.com', 'Mule', 0);

INSERT INTO person VALUES ('Rowan.Klein@gmail.com', 'Harrison Marquardt', '$2b$10$rIqmDwqhToE5DdadwTSgAuiFkbflov4bqGRzsVd39sGhMbaODjP.G', '59420 Jaskolski Highway', 90091077, 'user', 'https://s3.amazonaws.com/uifaces/faces/twitter/muringa/128.jpg');

INSERT INTO person VALUES ('Dalton38@gmail.com', 'Turner Leuschke', '$2b$10$rIqmDwqhToE5DdadwTSgAuf6w8h0k5Lbc.rgIebu7uJKlnj0DIcuW', '08282 Reinger Park', 90187411, 'user', 'https://s3.amazonaws.com/uifaces/faces/twitter/anasnakawa/128.jpg');
INSERT INTO credit_card VALUES (6379694679830253, 'Dalton38@gmail.com', '2025-10-10T09:49:08.165Z', 188);
INSERT INTO pet VALUES ('Axel', 'Dalton38@gmail.com', 'Pot Bellied Pig', 'Modi facilis voluptas mollitia omnis non qui harum maiores est.', 'Mollitia voluptatem perferendis unde.');

INSERT INTO person VALUES ('Zakary.Predovic@yahoo.com', 'Haylie Mraz', '$2b$10$rIqmDwqhToE5DdadwTSgAuwuLbCSLiE8Qg/q.GPGLxZmId2rfZ46q', '957 Tressa Brooks', 90615163, 'user', 'https://s3.amazonaws.com/uifaces/faces/twitter/zauerkraut/128.jpg');

INSERT INTO person VALUES ('Curtis81@hotmail.com', 'Zora Schaden', '$2b$10$rIqmDwqhToE5DdadwTSgAuwSey9hGL8myWUcveHPL59b37V5ljFPO', '333 Romaguera Mountain', 90305279, 'user', 'https://s3.amazonaws.com/uifaces/faces/twitter/prinzadi/128.jpg');
INSERT INTO full_time_ct VALUES ('Curtis81@hotmail.com');
INSERT INTO ft_specializes_in VALUES ('Curtis81@hotmail.com', 'Bird', 4);
INSERT INTO ft_specializes_in VALUES ('Curtis81@hotmail.com', 'Guinea Pig', 18);
INSERT INTO ft_specializes_in VALUES ('Curtis81@hotmail.com', 'Pig', 5);

INSERT INTO person VALUES ('Octavia.Block61@yahoo.com', 'Rocio Lubowitz', '$2b$10$rIqmDwqhToE5DdadwTSgAu8/dKqLcj75mlXXLfnQixaaeBNpMxltm', '3203 Tillman Shore', 90684799, 'user', 'https://s3.amazonaws.com/uifaces/faces/twitter/itskawsar/128.jpg');
INSERT INTO part_time_ct VALUES ('Octavia.Block61@yahoo.com');
INSERT INTO pt_free_schedule VALUES ('Octavia.Block61@yahoo.com', '2020-11-14T09:25:15.540Z', '2021-06-01T21:46:41.525Z');
INSERT INTO pt_specializes_in VALUES ('Octavia.Block61@yahoo.com', 'Chinese Water Dragon', 18);
INSERT INTO pt_specializes_in VALUES ('Octavia.Block61@yahoo.com', 'Cow', 12);
INSERT INTO pt_specializes_in VALUES ('Octavia.Block61@yahoo.com', 'Ferret', 4);

INSERT INTO person VALUES ('Viviane_Borer14@hotmail.com', 'Kennedi Reichel', '$2b$10$rIqmDwqhToE5DdadwTSgAuklZ2nsTXW8ZHODaDCQIJqFDfFswD1HW', '9650 Schinner Falls', 90286469, 'user', 'https://s3.amazonaws.com/uifaces/faces/twitter/smalonso/128.jpg');
INSERT INTO credit_card VALUES (6548625152055826, 'Viviane_Borer14@hotmail.com', '2021-08-23T05:56:47.897Z', 354);
INSERT INTO pet VALUES ('Kathryne', 'Viviane_Borer14@hotmail.com', 'Horse', 'Doloremque tempore consequatur dolor deleniti provident possimus quidem.', 'At dolorem reiciendis.');
INSERT INTO full_time_ct VALUES ('Viviane_Borer14@hotmail.com');
INSERT INTO ft_specializes_in VALUES ('Viviane_Borer14@hotmail.com', 'Gecko', 16);

INSERT INTO person VALUES ('Shyann_Roberts@yahoo.com', 'Verona Koelpin', '$2b$10$rIqmDwqhToE5DdadwTSgAuFDVQnj0E0kdzisumCgMsy6w2kbNR22i', '936 Michael Burgs', 90464374, 'user', 'https://s3.amazonaws.com/uifaces/faces/twitter/gearpixels/128.jpg');
INSERT INTO full_time_ct VALUES ('Shyann_Roberts@yahoo.com');
INSERT INTO ft_specializes_in VALUES ('Shyann_Roberts@yahoo.com', 'Bearded Dragon', 11);
INSERT INTO ft_specializes_in VALUES ('Shyann_Roberts@yahoo.com', 'Cow', 6);
INSERT INTO ft_specializes_in VALUES ('Shyann_Roberts@yahoo.com', 'Goat', 8);

INSERT INTO person VALUES ('Lyric.Feest25@yahoo.com', 'Zoie Erdman', '$2b$10$rIqmDwqhToE5DdadwTSgAuyovZcLLxCNSPXo5Dbl5/88Q7DLCrDs.', '85033 Raymond Vista', 90554009, 'user', 'https://s3.amazonaws.com/uifaces/faces/twitter/zforrester/128.jpg');
INSERT INTO part_time_ct VALUES ('Lyric.Feest25@yahoo.com');
INSERT INTO pt_free_schedule VALUES ('Lyric.Feest25@yahoo.com', '2020-11-14T08:07:55.051Z', '2021-07-03T12:07:37.120Z');
INSERT INTO pt_specializes_in VALUES ('Lyric.Feest25@yahoo.com', 'Gerbil', 14);

INSERT INTO person VALUES ('Albin.Sawayn3@yahoo.com', 'Burley Hansen', '$2b$10$rIqmDwqhToE5DdadwTSgAudHz2blb0LQ7BJfGolF8Cb2Is/Pu9gby', '7456 Rowe Ways', 90532456, 'user', 'https://s3.amazonaws.com/uifaces/faces/twitter/craigelimeliah/128.jpg');
INSERT INTO credit_card VALUES (6486624394409408, 'Albin.Sawayn3@yahoo.com', '2022-01-18T11:27:36.181Z', 842);
INSERT INTO pet VALUES ('Mohammad', 'Albin.Sawayn3@yahoo.com', 'Gecko', 'Esse a culpa tenetur aperiam.', 'Deleniti aspernatur qui unde.');

INSERT INTO person VALUES ('Quinten.OHara78@yahoo.com', 'Raleigh Schiller', '$2b$10$rIqmDwqhToE5DdadwTSgAuwaM.RFsnOxdtXuFTUuNlZpTdA0LCb12', '928 Jacobson Extension', 90334583, 'user', 'https://s3.amazonaws.com/uifaces/faces/twitter/constantx/128.jpg');
INSERT INTO credit_card VALUES (5038411805669114, 'Quinten.OHara78@yahoo.com', '2023-08-05T07:56:00.743Z', 416);
INSERT INTO pet VALUES ('Clara', 'Quinten.OHara78@yahoo.com', 'Geese (Chinese Swan Goose)', 'Praesentium recusandae aperiam non provident voluptates.', 'Similique labore consectetur officia eveniet modi soluta in.');

INSERT INTO person VALUES ('Merritt46@hotmail.com', 'Orlando Will', '$2b$10$rIqmDwqhToE5DdadwTSgAua4iXqIKmc/N.1uRjzNwKUZ2Ss7zvAxu', '754 Valentina Keys', 90299973, 'user', 'https://s3.amazonaws.com/uifaces/faces/twitter/linkibol/128.jpg');

INSERT INTO person VALUES ('Jimmy_Bednar49@hotmail.com', 'Natasha Schiller', '$2b$10$rIqmDwqhToE5DdadwTSgAumM1BNU2Ow5LvclnnqFxqxQIz1cPuy4K', '236 Gertrude Fall', 90374279, 'user', 'https://s3.amazonaws.com/uifaces/faces/twitter/giuliusa/128.jpg');
INSERT INTO credit_card VALUES (6304988841858657, 'Jimmy_Bednar49@hotmail.com', '2022-03-16T07:39:26.648Z', 522);
INSERT INTO pet VALUES ('Brooke', 'Jimmy_Bednar49@hotmail.com', 'Gerbil', 'Tempora doloremque et possimus illo.', 'Quibusdam repellendus ad placeat suscipit repellat vel qui eius optio.');

INSERT INTO person VALUES ('Cecile.Welch83@hotmail.com', 'Kaylah Denesik', '$2b$10$rIqmDwqhToE5DdadwTSgAujmKPHlPXLFzXKZojmxCBrqfYALUwhb2', '4976 Selmer Grove', 90431514, 'user', 'https://s3.amazonaws.com/uifaces/faces/twitter/dhilipsiva/128.jpg');

INSERT INTO person VALUES ('Veda.Hagenes@yahoo.com', 'Floyd OKeefe', '$2b$10$rIqmDwqhToE5DdadwTSgAuU8HHizNvli3Lx54su0297TfmlOGNKxC', '3934 Clark Ville', 90775505, 'user', 'https://s3.amazonaws.com/uifaces/faces/twitter/benefritz/128.jpg');
INSERT INTO credit_card VALUES (6516095240052599, 'Veda.Hagenes@yahoo.com', '2021-08-28T04:11:12.396Z', 649);
INSERT INTO pet VALUES ('Everette', 'Veda.Hagenes@yahoo.com', 'Peafowl', 'Quos pariatur recusandae similique vel sunt.', 'Quis aspernatur debitis maiores aut et in nam non deserunt.');

INSERT INTO person VALUES ('Julius33@gmail.com', 'Arthur Durgan', '$2b$10$rIqmDwqhToE5DdadwTSgAuiwvX8as7KwJEm/foFk6rBHSE.MOMYeG', '11555 MacGyver Stravenue', 90715237, 'user', 'https://s3.amazonaws.com/uifaces/faces/twitter/kurtinc/128.jpg');

INSERT INTO person VALUES ('Cary79@hotmail.com', 'Felipe Kihn', '$2b$10$rIqmDwqhToE5DdadwTSgAui2UqoclcTOmBaJAtaw8liLsHMY4220O', '46826 Calista Orchard', 90965817, 'user', 'https://s3.amazonaws.com/uifaces/faces/twitter/madewulf/128.jpg');
INSERT INTO credit_card VALUES (5038199522554392, 'Cary79@hotmail.com', '2023-11-30T15:10:39.908Z', 671);
INSERT INTO pet VALUES ('Dulce', 'Cary79@hotmail.com', 'Guinea Fowl', 'Omnis autem ratione.', 'Vitae consequuntur optio voluptas quasi laborum odit perspiciatis consequatur.');
INSERT INTO full_time_ct VALUES ('Cary79@hotmail.com');
INSERT INTO ft_specializes_in VALUES ('Cary79@hotmail.com', 'Hedgehog', 19);
INSERT INTO ft_specializes_in VALUES ('Cary79@hotmail.com', 'Pigeon', 0);

INSERT INTO person VALUES ('Stanton_Rath8@yahoo.com', 'Lila Gerhold', '$2b$10$rIqmDwqhToE5DdadwTSgAut7Myd2b.DgijuJ0DXKAHB.n4kuviYFK', '1470 Rogahn Summit', 90501742, 'user', 'https://s3.amazonaws.com/uifaces/faces/twitter/sangdth/128.jpg');
INSERT INTO credit_card VALUES (6771898064626333, 'Stanton_Rath8@yahoo.com', '2022-05-15T12:59:24.678Z', 344);
INSERT INTO pet VALUES ('Kennith', 'Stanton_Rath8@yahoo.com', 'Chinese Water Dragon', 'Praesentium et non natus animi quia perspiciatis aliquam eos accusamus.', 'Assumenda qui numquam.');
INSERT INTO full_time_ct VALUES ('Stanton_Rath8@yahoo.com');
INSERT INTO ft_specializes_in VALUES ('Stanton_Rath8@yahoo.com', 'Cow', 2);
INSERT INTO ft_specializes_in VALUES ('Stanton_Rath8@yahoo.com', 'Hog', 11);

INSERT INTO person VALUES ('Schuyler48@yahoo.com', 'Rebeca Osinski', '$2b$10$rIqmDwqhToE5DdadwTSgAuk4kc76U/U1auLRLgEtEO0H8viWXURvW', '5226 Hane Harbors', 90325601, 'user', 'https://s3.amazonaws.com/uifaces/faces/twitter/kamal_chaneman/128.jpg');
INSERT INTO credit_card VALUES (6461627432108099, 'Schuyler48@yahoo.com', '2024-06-23T02:39:01.712Z', 307);
INSERT INTO pet VALUES ('Larue', 'Schuyler48@yahoo.com', 'Chinese Water Dragon', 'Magnam culpa commodi quis minus.', 'Autem consequatur quidem.');

INSERT INTO person VALUES ('Breanna_Swaniawski58@gmail.com', 'Avery Erdman', '$2b$10$rIqmDwqhToE5DdadwTSgAuLN5GMM1uPt6WXzzngEC0W4RaefeY0Yi', '70367 Rau Oval', 90868225, 'user', 'https://s3.amazonaws.com/uifaces/faces/twitter/kushsolitary/128.jpg');
INSERT INTO full_time_ct VALUES ('Breanna_Swaniawski58@gmail.com');
INSERT INTO ft_specializes_in VALUES ('Breanna_Swaniawski58@gmail.com', 'Hedgehog', 20);

INSERT INTO person VALUES ('Seth.Ritchie@gmail.com', 'Aaron Harvey', '$2b$10$rIqmDwqhToE5DdadwTSgAuGS/j/zKWGMDW509iBvntt25VKFLGJfy', '789 Friesen River', 90912735, 'user', 'https://s3.amazonaws.com/uifaces/faces/twitter/brenmurrell/128.jpg');

INSERT INTO person VALUES ('Olga.Crist40@gmail.com', 'Jamel Schuster', '$2b$10$rIqmDwqhToE5DdadwTSgAugFYF3FLn3PY4SAdfj8V3zzyfOSYCyeK', '6334 Hahn Rue', 90241944, 'user', 'https://s3.amazonaws.com/uifaces/faces/twitter/mr_subtle/128.jpg');
INSERT INTO credit_card VALUES (6706814098351664, 'Olga.Crist40@gmail.com', '2021-05-27T11:06:40.145Z', 169);
INSERT INTO pet VALUES ('Zula', 'Olga.Crist40@gmail.com', 'Geese (Chinese Swan Goose)', 'Ratione id ut.', 'Velit architecto assumenda enim.');
INSERT INTO part_time_ct VALUES ('Olga.Crist40@gmail.com');
INSERT INTO pt_free_schedule VALUES ('Olga.Crist40@gmail.com', '2020-11-14T22:44:15.779Z', '2021-03-04T05:33:10.169Z');
INSERT INTO pt_specializes_in VALUES ('Olga.Crist40@gmail.com', 'Cow', 17);
INSERT INTO pt_specializes_in VALUES ('Olga.Crist40@gmail.com', 'Geese (Chinese Swan Goose)', 16);
INSERT INTO pt_specializes_in VALUES ('Olga.Crist40@gmail.com', 'Guinea Pig', 7);

INSERT INTO person VALUES ('Abelardo_Stamm@gmail.com', 'Kasey Becker', '$2b$10$rIqmDwqhToE5DdadwTSgAuPCWqLdTgCCeEHUFcimfDhmOREZB.hre', '628 Theresa Ridge', 90744929, 'user', 'https://s3.amazonaws.com/uifaces/faces/twitter/rehatkathuria/128.jpg');
INSERT INTO credit_card VALUES (5893525377052035, 'Abelardo_Stamm@gmail.com', '2021-03-01T15:35:01.678Z', 324);
INSERT INTO pet VALUES ('Derick', 'Abelardo_Stamm@gmail.com', 'Guinea Pig', 'Est aperiam enim maiores praesentium facilis accusamus.', 'Quia iste eveniet eligendi perspiciatis cumque tenetur.');

INSERT INTO person VALUES ('Tobin67@gmail.com', 'Paula Denesik', '$2b$10$rIqmDwqhToE5DdadwTSgAuH1uCR6ceTe.CSyUOeEg2O8BAGGRxpUy', '5458 Wyman Mountains', 90835185, 'user', 'https://s3.amazonaws.com/uifaces/faces/twitter/nilshelmersson/128.jpg');
INSERT INTO credit_card VALUES (6771896799397176, 'Tobin67@gmail.com', '2022-04-19T00:32:10.318Z', 647);
INSERT INTO pet VALUES ('Spencer', 'Tobin67@gmail.com', 'Horse', 'Voluptatem illo atque explicabo et repellendus doloremque quam.', 'Voluptatem occaecati nobis omnis atque nostrum error veritatis.');
INSERT INTO part_time_ct VALUES ('Tobin67@gmail.com');
INSERT INTO pt_free_schedule VALUES ('Tobin67@gmail.com', '2020-11-14T18:59:48.779Z', '2021-06-17T06:14:41.781Z');
INSERT INTO pt_specializes_in VALUES ('Tobin67@gmail.com', 'Geese (Chinese Swan Goose)', 20);
INSERT INTO pt_specializes_in VALUES ('Tobin67@gmail.com', 'Iguana', 0);
INSERT INTO pt_specializes_in VALUES ('Tobin67@gmail.com', 'Peafowl', 4);

INSERT INTO person VALUES ('Antoinette44@hotmail.com', 'Emanuel Paucek', '$2b$10$rIqmDwqhToE5DdadwTSgAuMvDOz6Vnmqt.He8JS/jO/lbhH.eE28.', '26222 Brekke Mews', 90655369, 'user', 'https://s3.amazonaws.com/uifaces/faces/twitter/chatyrko/128.jpg');
INSERT INTO full_time_ct VALUES ('Antoinette44@hotmail.com');
INSERT INTO ft_specializes_in VALUES ('Antoinette44@hotmail.com', 'Lizard', 11);
INSERT INTO ft_specializes_in VALUES ('Antoinette44@hotmail.com', 'Pigeon', 4);

INSERT INTO person VALUES ('Keith.Wisoky74@gmail.com', 'Lonzo Larkin', '$2b$10$rIqmDwqhToE5DdadwTSgAupHa8jhBBn8zEvpQm2W/PA6EMCPpASVu', '3047 Maximillian Parks', 90860411, 'user', 'https://s3.amazonaws.com/uifaces/faces/twitter/cdavis565/128.jpg');
INSERT INTO part_time_ct VALUES ('Keith.Wisoky74@gmail.com');
INSERT INTO pt_free_schedule VALUES ('Keith.Wisoky74@gmail.com', '2020-11-15T03:53:16.851Z', '2021-07-13T14:12:09.996Z');
INSERT INTO pt_specializes_in VALUES ('Keith.Wisoky74@gmail.com', 'Bearded Dragon', 16);
INSERT INTO pt_specializes_in VALUES ('Keith.Wisoky74@gmail.com', 'Llama', 9);

INSERT INTO person VALUES ('Juwan_Weimann85@gmail.com', 'Stanton Grady', '$2b$10$rIqmDwqhToE5DdadwTSgAuhLJvKpGAXrdiw9/QY8iPAvU/zYq2oRi', '09230 Carrie Corners', 90458671, 'user', 'https://s3.amazonaws.com/uifaces/faces/twitter/tjisousa/128.jpg');
INSERT INTO part_time_ct VALUES ('Juwan_Weimann85@gmail.com');
INSERT INTO pt_free_schedule VALUES ('Juwan_Weimann85@gmail.com', '2020-11-14T23:53:08.615Z', '2021-01-04T05:17:06.917Z');
INSERT INTO pt_specializes_in VALUES ('Juwan_Weimann85@gmail.com', 'Gecko', 10);

INSERT INTO person VALUES ('Marianne.Predovic99@gmail.com', 'Ezekiel Mann', '$2b$10$rIqmDwqhToE5DdadwTSgAuMo7uG3KqVRJyx2aEx7QEWx.uCWT1fsG', '75171 Kuphal Tunnel', 90325099, 'user', 'https://s3.amazonaws.com/uifaces/faces/twitter/belyaev_rs/128.jpg');
INSERT INTO credit_card VALUES (6011118712830932, 'Marianne.Predovic99@gmail.com', '2021-02-15T06:01:02.539Z', 543);
INSERT INTO pet VALUES ('Kathleen', 'Marianne.Predovic99@gmail.com', 'Pig', 'Veritatis iure est suscipit non quo.', 'Eligendi alias dolor placeat quisquam voluptatum officiis illum in est.');
INSERT INTO part_time_ct VALUES ('Marianne.Predovic99@gmail.com');
INSERT INTO pt_free_schedule VALUES ('Marianne.Predovic99@gmail.com', '2020-11-14T19:22:03.908Z', '2021-06-10T04:15:15.979Z');
INSERT INTO pt_specializes_in VALUES ('Marianne.Predovic99@gmail.com', 'Fish', 3);
INSERT INTO pt_specializes_in VALUES ('Marianne.Predovic99@gmail.com', 'Mice', 15);

INSERT INTO person VALUES ('Lilliana_Steuber@hotmail.com', 'Ubaldo Schaden', '$2b$10$rIqmDwqhToE5DdadwTSgAulgTTNSOg5qQct4FaRLLWEOBmxoRh1Di', '49236 Geoffrey Row', 90874627, 'user', 'https://s3.amazonaws.com/uifaces/faces/twitter/craighenneberry/128.jpg');
INSERT INTO part_time_ct VALUES ('Lilliana_Steuber@hotmail.com');
INSERT INTO pt_free_schedule VALUES ('Lilliana_Steuber@hotmail.com', '2020-11-14T16:16:18.076Z', '2021-03-25T07:30:04.095Z');
INSERT INTO pt_specializes_in VALUES ('Lilliana_Steuber@hotmail.com', 'Chinese Water Dragon', 14);
INSERT INTO pt_specializes_in VALUES ('Lilliana_Steuber@hotmail.com', 'Gecko', 18);
INSERT INTO pt_specializes_in VALUES ('Lilliana_Steuber@hotmail.com', 'Pig', 14);

INSERT INTO person VALUES ('Turner.Shields76@yahoo.com', 'Oceane Blick', '$2b$10$rIqmDwqhToE5DdadwTSgAugazfkagksxDfXZgaVNEYCfXLLVX52Y6', '4894 Colby Keys', 90136536, 'user', 'https://s3.amazonaws.com/uifaces/faces/twitter/badlittleduck/128.jpg');
INSERT INTO credit_card VALUES (6384141627311001, 'Turner.Shields76@yahoo.com', '2024-03-06T05:39:49.188Z', 641);
INSERT INTO pet VALUES ('Ted', 'Turner.Shields76@yahoo.com', 'Burro', 'Recusandae sed et sed architecto omnis quasi id consectetur.', 'Consequatur a perferendis laborum iusto autem nisi.');
INSERT INTO part_time_ct VALUES ('Turner.Shields76@yahoo.com');
INSERT INTO pt_free_schedule VALUES ('Turner.Shields76@yahoo.com', '2020-11-14T20:11:30.088Z', '2021-07-14T11:51:44.944Z');
INSERT INTO pt_specializes_in VALUES ('Turner.Shields76@yahoo.com', 'Burro', 0);
INSERT INTO pt_specializes_in VALUES ('Turner.Shields76@yahoo.com', 'Guinea Pig', 13);

INSERT INTO person VALUES ('Oma_Zulauf@hotmail.com', 'Twila Runolfsdottir', '$2b$10$rIqmDwqhToE5DdadwTSgAuZjO96avi9SM6ujWCJFJCuUO8ysXZSp.', '64554 Waelchi Islands', 90117546, 'user', 'https://s3.amazonaws.com/uifaces/faces/twitter/lvovenok/128.jpg');

INSERT INTO person VALUES ('Kellie69@gmail.com', 'Katrine OConnell', '$2b$10$rIqmDwqhToE5DdadwTSgAuSUamTJ7aN3jLywTyfYU400PFnU03hzy', '7332 Muhammad Harbor', 90405756, 'user', 'https://s3.amazonaws.com/uifaces/faces/twitter/carlfairclough/128.jpg');
INSERT INTO part_time_ct VALUES ('Kellie69@gmail.com');
INSERT INTO pt_free_schedule VALUES ('Kellie69@gmail.com', '2020-11-15T00:44:17.963Z', '2021-05-29T03:55:56.246Z');
INSERT INTO pt_specializes_in VALUES ('Kellie69@gmail.com', 'Guinea Fowl', 13);

INSERT INTO person VALUES ('Elvie_Hansen@gmail.com', 'Shany Hahn', '$2b$10$rIqmDwqhToE5DdadwTSgAuFzHKVmvlHlPh3IEBfTmoNCVxgfwpiY2', '543 Champlin Trace', 90612359, 'user', 'https://s3.amazonaws.com/uifaces/faces/twitter/d_kobelyatsky/128.jpg');
INSERT INTO credit_card VALUES (375391314662622, 'Elvie_Hansen@gmail.com', '2024-03-04T03:20:05.538Z', 726);
INSERT INTO pet VALUES ('Cortney', 'Elvie_Hansen@gmail.com', 'Chicken', 'Rerum nihil illo perferendis hic et voluptatibus.', 'Voluptatem exercitationem pariatur cum et.');

INSERT INTO person VALUES ('Milford_Rath@yahoo.com', 'Lera Hyatt', '$2b$10$rIqmDwqhToE5DdadwTSgAuEj/AK4FZKPPvsi3pSf1ltFK8QT8nvg.', '975 Brannon Cape', 90768431, 'user', 'https://s3.amazonaws.com/uifaces/faces/twitter/benoitboucart/128.jpg');
INSERT INTO credit_card VALUES (344471621129311, 'Milford_Rath@yahoo.com', '2020-12-02T20:48:27.562Z', 650);
INSERT INTO pet VALUES ('Princess', 'Milford_Rath@yahoo.com', 'Lizard', 'Blanditiis suscipit nisi natus omnis maiores reprehenderit similique.', 'Vel ipsam aut beatae.');
INSERT INTO full_time_ct VALUES ('Milford_Rath@yahoo.com');
INSERT INTO ft_specializes_in VALUES ('Milford_Rath@yahoo.com', 'Bearded Dragon', 8);

INSERT INTO person VALUES ('Jasen56@hotmail.com', 'Edythe Bogan', '$2b$10$rIqmDwqhToE5DdadwTSgAuYHy7XxK9IPhcop7tDy1LyUAj6uluBmy', '962 Kreiger Bypass', 90543157, 'user', 'https://s3.amazonaws.com/uifaces/faces/twitter/thehacker/128.jpg');
INSERT INTO credit_card VALUES (3529898718587907, 'Jasen56@hotmail.com', '2025-09-05T21:31:50.711Z', 011);
INSERT INTO pet VALUES ('Tomas', 'Jasen56@hotmail.com', 'Peafowl', 'Nulla et rerum ipsa voluptatem repellat et.', 'Aut architecto dolorem enim minus facere et rem iure.');

INSERT INTO person VALUES ('Antonio_Kshlerin94@hotmail.com', 'Elissa Rowe', '$2b$10$rIqmDwqhToE5DdadwTSgAu3eZ65UOmHJqoRg.Y.o8oZO9MtK35vui', '42805 Mertie Plaza', 90889226, 'user', 'https://s3.amazonaws.com/uifaces/faces/twitter/marklamb/128.jpg');

INSERT INTO person VALUES ('Tyshawn_McCullough@gmail.com', 'Hollie Schumm', '$2b$10$rIqmDwqhToE5DdadwTSgAuDMoNRTF4DezKZ0YQ/vB.wvf.XOJ8XNG', '25396 Pollich Knolls', 90752685, 'user', 'https://s3.amazonaws.com/uifaces/faces/twitter/markjenkins/128.jpg');

INSERT INTO person VALUES ('Hershel71@gmail.com', 'Yasmin Rosenbaum', '$2b$10$rIqmDwqhToE5DdadwTSgAuEAIA1.SOTiXqFRGqyW0NqM.9d.riWB.', '3667 Cleve Expressway', 90403281, 'user', 'https://s3.amazonaws.com/uifaces/faces/twitter/rmlewisuk/128.jpg');

INSERT INTO person VALUES ('Madilyn.Ryan@hotmail.com', 'Patrick Blick', '$2b$10$rIqmDwqhToE5DdadwTSgAus0ZH76CF237MFDgwuANM8OItjE61owK', '49152 Swaniawski Oval', 90870998, 'user', 'https://s3.amazonaws.com/uifaces/faces/twitter/smaczny/128.jpg');

INSERT INTO person VALUES ('Rosalia.Crona@hotmail.com', 'Karl Crooks', '$2b$10$rIqmDwqhToE5DdadwTSgAuwXvMhVdc6NwZeWFE7oZajsr.WPIuQq2', '522 Kautzer Place', 90803617, 'user', 'https://s3.amazonaws.com/uifaces/faces/twitter/eddiechen/128.jpg');
INSERT INTO credit_card VALUES (6479713671642362, 'Rosalia.Crona@hotmail.com', '2021-07-13T23:03:00.887Z', 248);
INSERT INTO pet VALUES ('Bridie', 'Rosalia.Crona@hotmail.com', 'Guinea Fowl', 'Eligendi consequatur nobis et quae qui et ad ut.', 'Quo harum odio rem possimus nobis doloremque qui qui illum.');
INSERT INTO full_time_ct VALUES ('Rosalia.Crona@hotmail.com');
INSERT INTO ft_specializes_in VALUES ('Rosalia.Crona@hotmail.com', 'Chinese Water Dragon', 0);
INSERT INTO ft_specializes_in VALUES ('Rosalia.Crona@hotmail.com', 'Cow', 16);
INSERT INTO ft_specializes_in VALUES ('Rosalia.Crona@hotmail.com', 'Pigeon', 11);

INSERT INTO person VALUES ('German_Frami83@gmail.com', 'Ivah Marks', '$2b$10$rIqmDwqhToE5DdadwTSgAuh8BRFtA/rwI1FMjAmYfVWHo/f7/T/qq', '186 Bertrand Course', 90609133, 'user', 'https://s3.amazonaws.com/uifaces/faces/twitter/bcrad/128.jpg');
INSERT INTO credit_card VALUES (6767911830276568, 'German_Frami83@gmail.com', '2020-12-12T20:30:02.269Z', 677);
INSERT INTO pet VALUES ('Seamus', 'German_Frami83@gmail.com', 'Llama', 'Magni quia ut numquam numquam eligendi non voluptates.', 'Quae ipsa asperiores.');
INSERT INTO full_time_ct VALUES ('German_Frami83@gmail.com');
INSERT INTO ft_specializes_in VALUES ('German_Frami83@gmail.com', 'Chameleons (Veiled)', 17);

INSERT INTO person VALUES ('Darryl_Ward@hotmail.com', 'Mekhi Willms', '$2b$10$rIqmDwqhToE5DdadwTSgAunrfCQ4pMwap7nA9ql4h5s9phc4vP90W', '368 Alexander Loaf', 90925035, 'user', 'https://s3.amazonaws.com/uifaces/faces/twitter/darcystonge/128.jpg');
INSERT INTO credit_card VALUES (6759928312454778, 'Darryl_Ward@hotmail.com', '2021-04-11T09:01:55.386Z', 841);
INSERT INTO pet VALUES ('Elmira', 'Darryl_Ward@hotmail.com', 'Gerbil', 'Et provident soluta laboriosam mollitia incidunt nostrum placeat tempore.', 'Ullam nihil eveniet et tempore natus sunt.');
INSERT INTO full_time_ct VALUES ('Darryl_Ward@hotmail.com');
INSERT INTO ft_specializes_in VALUES ('Darryl_Ward@hotmail.com', 'Fish', 14);
INSERT INTO ft_specializes_in VALUES ('Darryl_Ward@hotmail.com', 'Geese (Chinese Swan Goose)', 20);
INSERT INTO ft_specializes_in VALUES ('Darryl_Ward@hotmail.com', 'Rabbit', 9);

INSERT INTO person VALUES ('Leola.Kutch@hotmail.com', 'Kylee OKeefe', '$2b$10$rIqmDwqhToE5DdadwTSgAuLVPVo8HZO/BKDOVw4e072GNXmOPAggi', '15004 Barton Views', 90579816, 'user', 'https://s3.amazonaws.com/uifaces/faces/twitter/nepdud/128.jpg');
INSERT INTO credit_card VALUES (6771751814201542, 'Leola.Kutch@hotmail.com', '2021-02-14T03:29:57.721Z', 552);
INSERT INTO pet VALUES ('Sarah', 'Leola.Kutch@hotmail.com', 'Geese (Chinese Swan Goose)', 'Repudiandae itaque quidem quos minima eum reiciendis labore et aut.', 'Dolorum quia amet autem ut debitis perferendis et ab nihil.');
INSERT INTO full_time_ct VALUES ('Leola.Kutch@hotmail.com');
INSERT INTO ft_specializes_in VALUES ('Leola.Kutch@hotmail.com', 'Gecko', 6);
INSERT INTO ft_specializes_in VALUES ('Leola.Kutch@hotmail.com', 'Llama', 11);
INSERT INTO ft_specializes_in VALUES ('Leola.Kutch@hotmail.com', 'Pig', 3);

INSERT INTO person VALUES ('Julien.Towne@gmail.com', 'Laney Skiles', '$2b$10$rIqmDwqhToE5DdadwTSgAutq3qQPNvGOrDZ8LDJJGWXVcLH2xzgsq', '945 Nolan Ranch', 90898180, 'user', 'https://s3.amazonaws.com/uifaces/faces/twitter/teylorfeliz/128.jpg');
INSERT INTO credit_card VALUES (6767383178554428, 'Julien.Towne@gmail.com', '2024-11-12T06:20:26.144Z', 450);
INSERT INTO pet VALUES ('Katlynn', 'Julien.Towne@gmail.com', 'Duck', 'Provident suscipit autem qui ea.', 'Quam ducimus consequuntur.');

INSERT INTO person VALUES ('Bennett6@gmail.com', 'Felton Cartwright', '$2b$10$rIqmDwqhToE5DdadwTSgAuqNZO6Rea/x4cc8BRrWlUFkgUfVnDOMm', '147 Dawson Landing', 90771704, 'user', 'https://s3.amazonaws.com/uifaces/faces/twitter/linkibol/128.jpg');
INSERT INTO credit_card VALUES (5326169757612396, 'Bennett6@gmail.com', '2025-07-19T11:21:53.895Z', 905);
INSERT INTO pet VALUES ('Maxie', 'Bennett6@gmail.com', 'Cow', 'Ipsa sequi quidem occaecati sit vel vel.', 'Voluptatem voluptatem voluptas sint quia in in quo modi velit.');
INSERT INTO part_time_ct VALUES ('Bennett6@gmail.com');
INSERT INTO pt_free_schedule VALUES ('Bennett6@gmail.com', '2020-11-15T00:10:12.008Z', '2021-03-04T10:43:43.253Z');
INSERT INTO pt_specializes_in VALUES ('Bennett6@gmail.com', 'Hamster', 4);
INSERT INTO pt_specializes_in VALUES ('Bennett6@gmail.com', 'Horse', 19);

INSERT INTO person VALUES ('Davion.King@yahoo.com', 'Mathias Wolf', '$2b$10$rIqmDwqhToE5DdadwTSgAuMT1i5ijIy3hSWu5IIQKglzL6eDyhfEi', '9951 Trenton Dale', 90912829, 'user', 'https://s3.amazonaws.com/uifaces/faces/twitter/_vojto/128.jpg');

INSERT INTO person VALUES ('Jarrett79@hotmail.com', 'Norwood Nienow', '$2b$10$rIqmDwqhToE5DdadwTSgAuXaQF5IE8k5Ss5rIUiB3ia7HnN9Gm3l.', '91485 Pouros Island', 90591214, 'user', 'https://s3.amazonaws.com/uifaces/faces/twitter/falconerie/128.jpg');

INSERT INTO person VALUES ('Dante.King90@yahoo.com', 'Garth Gaylord', '$2b$10$rIqmDwqhToE5DdadwTSgAupgoX642Neerjny7jZ6hnoHZrjbPxIg6', '1206 Mertz Track', 90088617, 'user', 'https://s3.amazonaws.com/uifaces/faces/twitter/cbracco/128.jpg');
INSERT INTO credit_card VALUES (6304020087634152, 'Dante.King90@yahoo.com', '2021-07-28T13:52:44.837Z', 437);
INSERT INTO pet VALUES ('Maryjane', 'Dante.King90@yahoo.com', 'Mule', 'Qui ad deleniti blanditiis facere fugit.', 'Libero cupiditate autem sed consequuntur omnis earum deleniti similique autem.');
INSERT INTO part_time_ct VALUES ('Dante.King90@yahoo.com');
INSERT INTO pt_free_schedule VALUES ('Dante.King90@yahoo.com', '2020-11-15T07:21:31.760Z', '2021-08-12T01:51:47.644Z');
INSERT INTO pt_specializes_in VALUES ('Dante.King90@yahoo.com', 'Chicken', 12);
INSERT INTO pt_specializes_in VALUES ('Dante.King90@yahoo.com', 'Gecko', 16);
INSERT INTO pt_specializes_in VALUES ('Dante.King90@yahoo.com', 'Ponie', 7);

INSERT INTO person VALUES ('Adella_Predovic@yahoo.com', 'Bernadine Homenick', '$2b$10$rIqmDwqhToE5DdadwTSgAu.LkG9zQQO9kQ/.ToqdBQ7ze36xVKomi', '1524 Frederick Forest', 90254164, 'user', 'https://s3.amazonaws.com/uifaces/faces/twitter/aio___/128.jpg');
INSERT INTO credit_card VALUES (4277117399067, 'Adella_Predovic@yahoo.com', '2021-11-04T16:30:17.182Z', 045);
INSERT INTO pet VALUES ('Marques', 'Adella_Predovic@yahoo.com', 'Ponie', 'Unde qui rerum qui vel nam.', 'Perferendis alias harum repudiandae et suscipit dicta.');
INSERT INTO full_time_ct VALUES ('Adella_Predovic@yahoo.com');
INSERT INTO ft_specializes_in VALUES ('Adella_Predovic@yahoo.com', 'Guinea Pig', 19);
INSERT INTO ft_specializes_in VALUES ('Adella_Predovic@yahoo.com', 'Hamster', 7);
INSERT INTO ft_specializes_in VALUES ('Adella_Predovic@yahoo.com', 'Pigeon', 9);

INSERT INTO person VALUES ('Erwin_Heller@hotmail.com', 'Rossie Haag', '$2b$10$rIqmDwqhToE5DdadwTSgAukgR95DLynqMjhohGL2tEcv5eM.saLBe', '76923 Jakubowski Forks', 90490222, 'user', 'https://s3.amazonaws.com/uifaces/faces/twitter/lososina/128.jpg');
INSERT INTO full_time_ct VALUES ('Erwin_Heller@hotmail.com');
INSERT INTO ft_specializes_in VALUES ('Erwin_Heller@hotmail.com', 'Chameleons (Veiled)', 2);

INSERT INTO person VALUES ('Vilma.Schneider91@gmail.com', 'Trenton Steuber', '$2b$10$rIqmDwqhToE5DdadwTSgAuYuTalFZDI7soz4ho2M6GaY4VRxOhZYm', '9686 Price Heights', 90240463, 'user', 'https://s3.amazonaws.com/uifaces/faces/twitter/kosmar/128.jpg');
INSERT INTO credit_card VALUES (6767189696221036, 'Vilma.Schneider91@gmail.com', '2021-02-25T03:27:28.996Z', 863);
INSERT INTO pet VALUES ('Laisha', 'Vilma.Schneider91@gmail.com', 'Lizard', 'Aut expedita architecto dolores molestias omnis esse dolorem.', 'Molestiae dolor ullam culpa est nulla ut modi et soluta.');

INSERT INTO person VALUES ('Janet.Rosenbaum81@gmail.com', 'Stuart Legros', '$2b$10$rIqmDwqhToE5DdadwTSgAuKet2Iw4QfRxy6ZCTRRa.AePIAJvV0m2', '5346 Hilpert Dam', 90552768, 'user', 'https://s3.amazonaws.com/uifaces/faces/twitter/traneblow/128.jpg');
INSERT INTO full_time_ct VALUES ('Janet.Rosenbaum81@gmail.com');
INSERT INTO ft_specializes_in VALUES ('Janet.Rosenbaum81@gmail.com', 'Pot Bellied Pig', 20);

INSERT INTO person VALUES ('Miracle_Gleason@yahoo.com', 'Alena Mann', '$2b$10$rIqmDwqhToE5DdadwTSgAuHnv9XQacYdMQfx0kMM8PO637AQpETmq', '25382 Williamson Radial', 90567708, 'user', 'https://s3.amazonaws.com/uifaces/faces/twitter/geobikas/128.jpg');

INSERT INTO person VALUES ('Lauriane_Bednar@gmail.com', 'Nora Dooley', '$2b$10$rIqmDwqhToE5DdadwTSgAuMyili.dtM34hpY5q/WfrlfHHvvpp3MG', '127 Runte Plains', 90301622, 'user', 'https://s3.amazonaws.com/uifaces/faces/twitter/enda/128.jpg');

INSERT INTO person VALUES ('Marianna.Daniel@yahoo.com', 'Belle Pagac', '$2b$10$rIqmDwqhToE5DdadwTSgAuzZgDKM.NGpcap00M95Fbq7n8OoF1NnW', '026 Kevon Junction', 90140171, 'user', 'https://s3.amazonaws.com/uifaces/faces/twitter/andyisonline/128.jpg');

INSERT INTO person VALUES ('Tatyana_Kozey32@gmail.com', 'Cyril Zulauf', '$2b$10$rIqmDwqhToE5DdadwTSgAuM97G5oloGLrh2ZcZO5oJmBD8fTjpyuW', '412 Francisco Path', 90340534, 'user', 'https://s3.amazonaws.com/uifaces/faces/twitter/designervzm/128.jpg');
INSERT INTO part_time_ct VALUES ('Tatyana_Kozey32@gmail.com');
INSERT INTO pt_free_schedule VALUES ('Tatyana_Kozey32@gmail.com', '2020-11-14T17:37:13.815Z', '2021-07-03T19:55:53.737Z');
INSERT INTO pt_specializes_in VALUES ('Tatyana_Kozey32@gmail.com', 'Duck', 18);
INSERT INTO pt_specializes_in VALUES ('Tatyana_Kozey32@gmail.com', 'Lizard', 4);
INSERT INTO pt_specializes_in VALUES ('Tatyana_Kozey32@gmail.com', 'Mule', 4);

INSERT INTO person VALUES ('Tommie_Klein67@yahoo.com', 'Rosella Walker', '$2b$10$rIqmDwqhToE5DdadwTSgAu/U1KpP1N4h2dfKEdFAHWdsbgVm9L6Bq', '7462 Brown Mills', 90194894, 'user', 'https://s3.amazonaws.com/uifaces/faces/twitter/wesleytrankin/128.jpg');
INSERT INTO full_time_ct VALUES ('Tommie_Klein67@yahoo.com');
INSERT INTO ft_specializes_in VALUES ('Tommie_Klein67@yahoo.com', 'Ferret', 5);
INSERT INTO ft_specializes_in VALUES ('Tommie_Klein67@yahoo.com', 'Goat', 12);
INSERT INTO ft_specializes_in VALUES ('Tommie_Klein67@yahoo.com', 'Hamster', 1);

INSERT INTO person VALUES ('Terrence_Will@gmail.com', 'Pat Kulas', '$2b$10$rIqmDwqhToE5DdadwTSgAuddcmgH95Cq17/raY36ESC3.FkzuJ7G6', '0480 Ankunding Orchard', 90627716, 'user', 'https://s3.amazonaws.com/uifaces/faces/twitter/buzzusborne/128.jpg');
INSERT INTO full_time_ct VALUES ('Terrence_Will@gmail.com');
INSERT INTO ft_specializes_in VALUES ('Terrence_Will@gmail.com', 'Burro', 17);
INSERT INTO ft_specializes_in VALUES ('Terrence_Will@gmail.com', 'Rabbit', 9);

INSERT INTO person VALUES ('Emmet_Blanda@yahoo.com', 'Ryley Beahan', '$2b$10$rIqmDwqhToE5DdadwTSgAuPgRg.Og9GGvgf3Hz.aXTwPWQc/EJHJO', '072 Camila Flat', 90165510, 'user', 'https://s3.amazonaws.com/uifaces/faces/twitter/ryhanhassan/128.jpg');
INSERT INTO credit_card VALUES (6771890503563066, 'Emmet_Blanda@yahoo.com', '2021-05-24T18:09:38.900Z', 131);
INSERT INTO pet VALUES ('Cooper', 'Emmet_Blanda@yahoo.com', 'Chinchilla', 'Maiores maiores illo quia nemo quo repudiandae nihil.', 'Ipsam nam laborum occaecati eos et dolorem.');

INSERT INTO person VALUES ('Winifred28@gmail.com', 'Prudence Schmidt', '$2b$10$rIqmDwqhToE5DdadwTSgAuGRqUu4UaV1EGPZ2FhG5PZ8kXtUi3tYa', '053 Blick Walk', 90553315, 'user', 'https://s3.amazonaws.com/uifaces/faces/twitter/joshmedeski/128.jpg');

INSERT INTO person VALUES ('Katrina43@hotmail.com', 'Enrique Hintz', '$2b$10$rIqmDwqhToE5DdadwTSgAuHS6x5jZBMF.OVJE82/QBh1C6Yey6WbK', '7865 Macejkovic Junctions', 90471229, 'user', 'https://s3.amazonaws.com/uifaces/faces/twitter/codepoet_ru/128.jpg');
INSERT INTO credit_card VALUES (3529868016018051, 'Katrina43@hotmail.com', '2022-11-09T03:14:30.643Z', 611);
INSERT INTO pet VALUES ('Christian', 'Katrina43@hotmail.com', 'Horse', 'Aut libero voluptatem non commodi cupiditate error.', 'Suscipit sint doloribus eligendi consequatur.');
INSERT INTO full_time_ct VALUES ('Katrina43@hotmail.com');
INSERT INTO ft_specializes_in VALUES ('Katrina43@hotmail.com', 'Chinese Water Dragon', 15);
INSERT INTO ft_specializes_in VALUES ('Katrina43@hotmail.com', 'Goat', 6);
INSERT INTO ft_specializes_in VALUES ('Katrina43@hotmail.com', 'Guinea Fowl', 15);

INSERT INTO person VALUES ('Abelardo98@gmail.com', 'Brenden Botsford', '$2b$10$rIqmDwqhToE5DdadwTSgAuAaFnJ2t74AozO94OaAxKjQKlW/gC7Am', '79230 Ledner Circle', 90802984, 'user', 'https://s3.amazonaws.com/uifaces/faces/twitter/heyimjuani/128.jpg');
INSERT INTO credit_card VALUES (6381431950990260, 'Abelardo98@gmail.com', '2025-06-18T15:47:42.464Z', 391);
INSERT INTO pet VALUES ('Susie', 'Abelardo98@gmail.com', 'Hedgehog', 'Quam fugiat sed eos nisi amet illum ut magnam quia.', 'Rem consequatur rerum totam eos pariatur.');
INSERT INTO full_time_ct VALUES ('Abelardo98@gmail.com');
INSERT INTO ft_specializes_in VALUES ('Abelardo98@gmail.com', 'Chinchilla', 15);
INSERT INTO ft_specializes_in VALUES ('Abelardo98@gmail.com', 'Gecko', 16);
INSERT INTO ft_specializes_in VALUES ('Abelardo98@gmail.com', 'Goat', 8);

INSERT INTO person VALUES ('Ana5@hotmail.com', 'Vidal Crooks', '$2b$10$rIqmDwqhToE5DdadwTSgAuloT9jedLUXdDrkoyOGPjkTA4KLPMUz6', '588 Dach Stravenue', 90197211, 'user', 'https://s3.amazonaws.com/uifaces/faces/twitter/brenton_clarke/128.jpg');

INSERT INTO person VALUES ('Amalia_Miller@yahoo.com', 'Gust Wuckert', '$2b$10$rIqmDwqhToE5DdadwTSgAuGH9nUSbIotIts6gI8l5p3oEZfjHZ29.', '045 Morissette Heights', 90104290, 'user', 'https://s3.amazonaws.com/uifaces/faces/twitter/peterlandt/128.jpg');
INSERT INTO credit_card VALUES (5038911498249480, 'Amalia_Miller@yahoo.com', '2023-03-13T01:33:19.821Z', 671);
INSERT INTO pet VALUES ('Kallie', 'Amalia_Miller@yahoo.com', 'Fish', 'Animi veritatis maxime ea reprehenderit nostrum omnis.', 'Voluptatibus culpa et excepturi.');
INSERT INTO full_time_ct VALUES ('Amalia_Miller@yahoo.com');
INSERT INTO ft_specializes_in VALUES ('Amalia_Miller@yahoo.com', 'Hamster', 4);
INSERT INTO ft_specializes_in VALUES ('Amalia_Miller@yahoo.com', 'Mice', 13);
INSERT INTO ft_specializes_in VALUES ('Amalia_Miller@yahoo.com', 'Hog', 3);

INSERT INTO person VALUES ('Guadalupe47@hotmail.com', 'Ari Johnston', '$2b$10$rIqmDwqhToE5DdadwTSgAuowYG1OXuazHS956eq6EoYry9F4XW7Ie', '6843 Kaci Estates', 90453503, 'user', 'https://s3.amazonaws.com/uifaces/faces/twitter/mashaaaaal/128.jpg');
INSERT INTO credit_card VALUES (6759365197849810, 'Guadalupe47@hotmail.com', '2021-03-26T13:16:00.274Z', 391);
INSERT INTO pet VALUES ('Deanna', 'Guadalupe47@hotmail.com', 'Chameleons (Veiled)', 'Velit ad cupiditate inventore.', 'Et fugiat mollitia quae iusto id.');

INSERT INTO person VALUES ('Alene.OConner24@hotmail.com', 'Liliana Pfannerstill', '$2b$10$rIqmDwqhToE5DdadwTSgAuiuTp/Lu5JbTYA7BSEwsdAPflwNplp9O', '0156 Chelsie Throughway', 90148302, 'user', 'https://s3.amazonaws.com/uifaces/faces/twitter/ralph_lam/128.jpg');
INSERT INTO credit_card VALUES (5386669125089659, 'Alene.OConner24@hotmail.com', '2022-03-28T18:56:00.965Z', 440);
INSERT INTO pet VALUES ('Malika', 'Alene.OConner24@hotmail.com', 'Bearded Dragon', 'Magnam culpa officia sed.', 'Doloremque iusto ut fugit cupiditate.');

INSERT INTO person VALUES ('Devon_Carter@hotmail.com', 'Mona Fritsch', '$2b$10$rIqmDwqhToE5DdadwTSgAuGr5pFlen3d755fmDYR72go6iqm93IcC', '02755 Kyla Run', 90767016, 'user', 'https://s3.amazonaws.com/uifaces/faces/twitter/jcubic/128.jpg');
INSERT INTO credit_card VALUES (6370404454842239, 'Devon_Carter@hotmail.com', '2020-11-21T16:17:55.740Z', 139);
INSERT INTO pet VALUES ('Oceane', 'Devon_Carter@hotmail.com', 'Cow', 'Sapiente quo voluptates fuga et aut dignissimos nisi adipisci.', 'Necessitatibus qui perferendis.');

INSERT INTO person VALUES ('Jacinto_Williamson@yahoo.com', 'Everette Kutch', '$2b$10$rIqmDwqhToE5DdadwTSgAuhFcNhLqMtRt7/1m8x2XJr15mqa4z3eG', '143 Nicolas Isle', 90522350, 'user', 'https://s3.amazonaws.com/uifaces/faces/twitter/jonathansimmons/128.jpg');

INSERT INTO person VALUES ('Jovany.Will@gmail.com', 'Angelo Hessel', '$2b$10$rIqmDwqhToE5DdadwTSgAuldZsTbJAyBQim0CKop4qCNYr66THn1W', '520 Raymond Ways', 90347306, 'user', 'https://s3.amazonaws.com/uifaces/faces/twitter/brandonflatsoda/128.jpg');
INSERT INTO part_time_ct VALUES ('Jovany.Will@gmail.com');
INSERT INTO pt_free_schedule VALUES ('Jovany.Will@gmail.com', '2020-11-14T14:00:53.348Z', '2021-02-07T17:52:51.224Z');
INSERT INTO pt_specializes_in VALUES ('Jovany.Will@gmail.com', 'Guinea Fowl', 7);
INSERT INTO pt_specializes_in VALUES ('Jovany.Will@gmail.com', 'Horse', 8);
INSERT INTO pt_specializes_in VALUES ('Jovany.Will@gmail.com', 'Peafowl', 7);

INSERT INTO person VALUES ('Llewellyn_Kilback64@gmail.com', 'Patrick Klocko', '$2b$10$rIqmDwqhToE5DdadwTSgAupPAtM3.yJIhM/k/u12T/cD3kb86axym', '56186 Ryan Green', 90003960, 'user', 'https://s3.amazonaws.com/uifaces/faces/twitter/shojberg/128.jpg');

INSERT INTO person VALUES ('Rodrick_Waters@gmail.com', 'Jesus Conn', '$2b$10$rIqmDwqhToE5DdadwTSgAuoejpEoEKHZC1ArjwqdMOfvLA9EH1C/O', '06203 Carroll Pine', 90253031, 'user', 'https://s3.amazonaws.com/uifaces/faces/twitter/jjshaw14/128.jpg');
INSERT INTO credit_card VALUES (6391271206582772, 'Rodrick_Waters@gmail.com', '2021-05-26T00:34:07.494Z', 718);
INSERT INTO pet VALUES ('Reba', 'Rodrick_Waters@gmail.com', 'Donkey', 'Quisquam praesentium quisquam modi harum praesentium.', 'Corrupti eos provident fugiat facilis nesciunt aut.');

INSERT INTO person VALUES ('Liliana77@gmail.com', 'Carmela Simonis', '$2b$10$rIqmDwqhToE5DdadwTSgAuSZ2Lo8QoN72iX9yaXh7qzk6J4/mb7Ny', '013 Gutmann Knolls', 90476160, 'user', 'https://s3.amazonaws.com/uifaces/faces/twitter/kazaky999/128.jpg');
INSERT INTO full_time_ct VALUES ('Liliana77@gmail.com');
INSERT INTO ft_specializes_in VALUES ('Liliana77@gmail.com', 'Iguana', 2);
INSERT INTO ft_specializes_in VALUES ('Liliana77@gmail.com', 'Lizard', 4);

INSERT INTO person VALUES ('William_McLaughlin@gmail.com', 'Dayana Kuhlman', '$2b$10$rIqmDwqhToE5DdadwTSgAuMDBzhKYjoyxNVvmvFxHEWZoxHGo3dve', '294 Littel Pines', 90286099, 'user', 'https://s3.amazonaws.com/uifaces/faces/twitter/nelshd/128.jpg');
INSERT INTO full_time_ct VALUES ('William_McLaughlin@gmail.com');
INSERT INTO ft_specializes_in VALUES ('William_McLaughlin@gmail.com', 'Hedgehog', 5);

INSERT INTO person VALUES ('Savannah33@gmail.com', 'Lesley Jerde', '$2b$10$rIqmDwqhToE5DdadwTSgAuVGZcZH15nmPc9GdcxjQN7nyrr.0nu2C', '3426 Jamir Viaduct', 90269026, 'user', 'https://s3.amazonaws.com/uifaces/faces/twitter/kaelifa/128.jpg');
INSERT INTO credit_card VALUES (4609125206361404, 'Savannah33@gmail.com', '2022-06-29T23:24:26.904Z', 617);
INSERT INTO pet VALUES ('Mavis', 'Savannah33@gmail.com', 'Hedgehog', 'Et vero quae.', 'Id tenetur non quo.');
INSERT INTO full_time_ct VALUES ('Savannah33@gmail.com');
INSERT INTO ft_specializes_in VALUES ('Savannah33@gmail.com', 'Guinea Pig', 16);
INSERT INTO ft_specializes_in VALUES ('Savannah33@gmail.com', 'Lizard', 9);
INSERT INTO ft_specializes_in VALUES ('Savannah33@gmail.com', 'Peafowl', 8);

INSERT INTO person VALUES ('Chadd87@yahoo.com', 'Kyra Predovic', '$2b$10$rIqmDwqhToE5DdadwTSgAukSuUOYPq7Rf0dDHos0vs1CZ9orgAKJ6', '64192 Orrin Avenue', 90035512, 'user', 'https://s3.amazonaws.com/uifaces/faces/twitter/nastya_mane/128.jpg');
INSERT INTO credit_card VALUES (4776097977160961, 'Chadd87@yahoo.com', '2021-08-02T12:15:04.668Z', 152);
INSERT INTO pet VALUES ('Selmer', 'Chadd87@yahoo.com', 'Pot Bellied Pig', 'Qui cumque corrupti sint voluptatem adipisci nisi consequatur ut.', 'Quo ut fugit quod et ipsum qui aperiam asperiores.');
INSERT INTO part_time_ct VALUES ('Chadd87@yahoo.com');
INSERT INTO pt_free_schedule VALUES ('Chadd87@yahoo.com', '2020-11-14T16:36:03.846Z', '2021-04-05T00:44:07.909Z');
INSERT INTO pt_specializes_in VALUES ('Chadd87@yahoo.com', 'Cow', 5);
INSERT INTO pt_specializes_in VALUES ('Chadd87@yahoo.com', 'Geese (Chinese Swan Goose)', 7);
INSERT INTO pt_specializes_in VALUES ('Chadd87@yahoo.com', 'Hog', 6);

INSERT INTO person VALUES ('Dakota.Kuvalis@hotmail.com', 'Sigmund Effertz', '$2b$10$rIqmDwqhToE5DdadwTSgAuuSxmvzEzPjk9Pr22Dg6Qre8M/PFjCjO', '718 Haleigh Locks', 90898772, 'user', 'https://s3.amazonaws.com/uifaces/faces/twitter/jwalter14/128.jpg');
INSERT INTO credit_card VALUES (6011623053313596, 'Dakota.Kuvalis@hotmail.com', '2021-02-15T15:36:31.759Z', 253);
INSERT INTO pet VALUES ('Fern', 'Dakota.Kuvalis@hotmail.com', 'Duck', 'Non nisi nisi repellendus ratione consequatur voluptates aut optio.', 'Quam deserunt ut odit consectetur non in.');

INSERT INTO person VALUES ('Edna77@hotmail.com', 'Flo Casper', '$2b$10$rIqmDwqhToE5DdadwTSgAuChSn/LaiLfWos4Qg4kRElld2.KftksS', '495 Spinka Walk', 90659452, 'user', 'https://s3.amazonaws.com/uifaces/faces/twitter/adobi/128.jpg');
INSERT INTO part_time_ct VALUES ('Edna77@hotmail.com');
INSERT INTO pt_free_schedule VALUES ('Edna77@hotmail.com', '2020-11-15T05:22:38.954Z', '2021-04-14T04:45:23.348Z');
INSERT INTO pt_specializes_in VALUES ('Edna77@hotmail.com', 'Chameleons (Veiled)', 14);
INSERT INTO pt_specializes_in VALUES ('Edna77@hotmail.com', 'Iguana', 20);
INSERT INTO pt_specializes_in VALUES ('Edna77@hotmail.com', 'Llama', 20);

INSERT INTO person VALUES ('Reggie.Cormier0@yahoo.com', 'Marco King', '$2b$10$rIqmDwqhToE5DdadwTSgAuI2NMq1s3MV2DrraC6O85mu.TQAM.Od6', '76414 Mayer Ramp', 90536190, 'user', 'https://s3.amazonaws.com/uifaces/faces/twitter/rez___a/128.jpg');
INSERT INTO credit_card VALUES (5018188507856543, 'Reggie.Cormier0@yahoo.com', '2021-06-24T13:51:04.302Z', 571);
INSERT INTO pet VALUES ('Kurt', 'Reggie.Cormier0@yahoo.com', 'Fish', 'Commodi accusantium facilis dignissimos ipsa non corporis odio consequatur eius.', 'Illo impedit quibusdam dolor minus nulla id velit.');
INSERT INTO full_time_ct VALUES ('Reggie.Cormier0@yahoo.com');
INSERT INTO ft_specializes_in VALUES ('Reggie.Cormier0@yahoo.com', 'Peafowl', 8);

INSERT INTO person VALUES ('Tracey4@hotmail.com', 'Vanessa Emmerich', '$2b$10$rIqmDwqhToE5DdadwTSgAu/PfSdha3vHoDevbilFKd3JLkYZ8PloO', '3916 Antwon Estate', 90192956, 'user', 'https://s3.amazonaws.com/uifaces/faces/twitter/joeymurdah/128.jpg');
INSERT INTO credit_card VALUES (3575355092973160, 'Tracey4@hotmail.com', '2020-12-11T09:12:36.972Z', 242);
INSERT INTO pet VALUES ('Dianna', 'Tracey4@hotmail.com', 'Guinea Fowl', 'Pariatur accusantium quo iusto quod nemo.', 'Esse eveniet ullam sunt odio.');

INSERT INTO person VALUES ('Audrey_Davis21@yahoo.com', 'Edyth Cummings', '$2b$10$rIqmDwqhToE5DdadwTSgAuIuehSe6v0c2704VNuXKHXUoUpPiDDJi', '8248 Rowan Park', 90774442, 'user', 'https://s3.amazonaws.com/uifaces/faces/twitter/joelcipriano/128.jpg');
INSERT INTO credit_card VALUES (6371396114789124, 'Audrey_Davis21@yahoo.com', '2023-10-21T17:06:58.687Z', 036);
INSERT INTO pet VALUES ('Marjorie', 'Audrey_Davis21@yahoo.com', 'Gerbil', 'Sunt facere voluptatem et ut voluptatem dolores sit tempora et.', 'Sit nostrum impedit consequatur.');
INSERT INTO part_time_ct VALUES ('Audrey_Davis21@yahoo.com');
INSERT INTO pt_free_schedule VALUES ('Audrey_Davis21@yahoo.com', '2020-11-14T12:37:41.652Z', '2021-04-22T03:18:57.923Z');
INSERT INTO pt_specializes_in VALUES ('Audrey_Davis21@yahoo.com', 'Ferret', 5);
INSERT INTO pt_specializes_in VALUES ('Audrey_Davis21@yahoo.com', 'Goat', 7);

INSERT INTO person VALUES ('Fanny_Weimann@yahoo.com', 'Raul Wuckert', '$2b$10$rIqmDwqhToE5DdadwTSgAuGiMLEcovG8eLK2Txmuw9MOjcq32fn6u', '55240 Kozey Row', 90406365, 'user', 'https://s3.amazonaws.com/uifaces/faces/twitter/katiemdaly/128.jpg');
INSERT INTO credit_card VALUES (6382507882986958, 'Fanny_Weimann@yahoo.com', '2021-04-30T03:32:37.413Z', 800);
INSERT INTO pet VALUES ('Jermain', 'Fanny_Weimann@yahoo.com', 'Peafowl', 'Sint modi quos et error reiciendis accusantium sint ut.', 'Excepturi necessitatibus et voluptatum delectus distinctio corrupti consequatur quia.');
INSERT INTO part_time_ct VALUES ('Fanny_Weimann@yahoo.com');
INSERT INTO pt_free_schedule VALUES ('Fanny_Weimann@yahoo.com', '2020-11-15T07:11:07.614Z', '2021-07-26T16:50:21.072Z');
INSERT INTO pt_specializes_in VALUES ('Fanny_Weimann@yahoo.com', 'Hamster', 1);
INSERT INTO pt_specializes_in VALUES ('Fanny_Weimann@yahoo.com', 'Peafowl', 13);

INSERT INTO person VALUES ('Wilbert15@yahoo.com', 'Jeramie Strosin', '$2b$10$rIqmDwqhToE5DdadwTSgAutBuFBUr9I7v/.9NBJeSZkgKUlN15IoC', '300 Chaim Mission', 90814239, 'user', 'https://s3.amazonaws.com/uifaces/faces/twitter/ramanathan_pdy/128.jpg');

INSERT INTO person VALUES ('Mohamed_Kshlerin@hotmail.com', 'Lyda Dicki', '$2b$10$rIqmDwqhToE5DdadwTSgAucJviTaVdLKsyk1QS1DoWnPKPOIuQxt6', '83924 Gabriel Station', 90053208, 'user', 'https://s3.amazonaws.com/uifaces/faces/twitter/daykiine/128.jpg');
INSERT INTO credit_card VALUES (6383595272820474, 'Mohamed_Kshlerin@hotmail.com', '2023-10-21T16:33:13.475Z', 944);
INSERT INTO pet VALUES ('Pauline', 'Mohamed_Kshlerin@hotmail.com', 'Burro', 'Praesentium vel doloribus.', 'Ut debitis soluta quis.');
INSERT INTO part_time_ct VALUES ('Mohamed_Kshlerin@hotmail.com');
INSERT INTO pt_free_schedule VALUES ('Mohamed_Kshlerin@hotmail.com', '2020-11-15T05:03:22.110Z', '2021-05-19T09:45:10.696Z');
INSERT INTO pt_specializes_in VALUES ('Mohamed_Kshlerin@hotmail.com', 'Guinea Pig', 20);

INSERT INTO person VALUES ('Halie49@hotmail.com', 'Bernard Adams', '$2b$10$rIqmDwqhToE5DdadwTSgAuvSonidjq.BcfyLKf6OvY4YQ46Tx00/O', '61993 Jan Circles', 90801961, 'user', 'https://s3.amazonaws.com/uifaces/faces/twitter/marrimo/128.jpg');
INSERT INTO credit_card VALUES (6771893978031423, 'Halie49@hotmail.com', '2021-06-05T10:39:07.649Z', 556);
INSERT INTO pet VALUES ('Onie', 'Halie49@hotmail.com', 'Ponie', 'Quaerat molestiae ipsam quo.', 'Id mollitia non est tempore repellat.');
INSERT INTO part_time_ct VALUES ('Halie49@hotmail.com');
INSERT INTO pt_free_schedule VALUES ('Halie49@hotmail.com', '2020-11-14T23:00:31.185Z', '2020-12-03T05:55:03.181Z');
INSERT INTO pt_specializes_in VALUES ('Halie49@hotmail.com', 'Pot Bellied Pig', 14);

INSERT INTO person VALUES ('Alison_Jaskolski@hotmail.com', 'Diana Koss', '$2b$10$rIqmDwqhToE5DdadwTSgAuV8qNjERrgJ7Pn9iYXot/RnkOaSulQ2.', '9519 Arden Drive', 90632243, 'user', 'https://s3.amazonaws.com/uifaces/faces/twitter/jeremiaha/128.jpg');
INSERT INTO credit_card VALUES (5437167978994668, 'Alison_Jaskolski@hotmail.com', '2023-08-07T21:31:36.479Z', 114);
INSERT INTO pet VALUES ('Pietro', 'Alison_Jaskolski@hotmail.com', 'Ponie', 'Illo qui vitae corporis voluptatem doloribus dignissimos.', 'Reiciendis consequatur maiores non perferendis velit.');
INSERT INTO full_time_ct VALUES ('Alison_Jaskolski@hotmail.com');
INSERT INTO ft_specializes_in VALUES ('Alison_Jaskolski@hotmail.com', 'Cow', 17);

INSERT INTO person VALUES ('Bradford31@hotmail.com', 'Cristopher Towne', '$2b$10$rIqmDwqhToE5DdadwTSgAuM6DCp4cLuDUbwgmYXBbJ9.EHX6f4reS', '91788 Huel Ridges', 90607233, 'user', 'https://s3.amazonaws.com/uifaces/faces/twitter/txcx/128.jpg');
INSERT INTO part_time_ct VALUES ('Bradford31@hotmail.com');
INSERT INTO pt_free_schedule VALUES ('Bradford31@hotmail.com', '2020-11-15T05:37:13.326Z', '2021-05-25T15:49:14.117Z');
INSERT INTO pt_specializes_in VALUES ('Bradford31@hotmail.com', 'Chinchilla', 5);

INSERT INTO person VALUES ('Dayna34@hotmail.com', 'Francesco Herzog', '$2b$10$rIqmDwqhToE5DdadwTSgAuIQU9463rEDlc8a0g3NVW1ZDYaPCScyW', '744 Sharon Loop', 90394176, 'user', 'https://s3.amazonaws.com/uifaces/faces/twitter/nateschulte/128.jpg');
INSERT INTO credit_card VALUES (6389677059891649, 'Dayna34@hotmail.com', '2022-09-14T02:36:35.275Z', 415);
INSERT INTO pet VALUES ('Vince', 'Dayna34@hotmail.com', 'Hamster', 'Voluptas in eaque nihil aperiam.', 'Sed libero sapiente sint aut numquam eum omnis.');
INSERT INTO full_time_ct VALUES ('Dayna34@hotmail.com');
INSERT INTO ft_specializes_in VALUES ('Dayna34@hotmail.com', 'Goat', 17);

INSERT INTO person VALUES ('Adriana28@gmail.com', 'Gardner Senger', '$2b$10$rIqmDwqhToE5DdadwTSgAuqqL.L802tm7QIRuUEGRperMKyhrMGVi', '7353 Oleta Summit', 90529173, 'user', 'https://s3.amazonaws.com/uifaces/faces/twitter/jpenico/128.jpg');
INSERT INTO credit_card VALUES (6557181334239033, 'Adriana28@gmail.com', '2021-03-22T05:30:41.988Z', 250);
INSERT INTO pet VALUES ('Brayan', 'Adriana28@gmail.com', 'Chameleons (Veiled)', 'Qui aut at quaerat exercitationem hic.', 'Maiores perferendis ut quod itaque doloremque.');
INSERT INTO part_time_ct VALUES ('Adriana28@gmail.com');
INSERT INTO pt_free_schedule VALUES ('Adriana28@gmail.com', '2020-11-14T12:12:50.707Z', '2021-01-28T17:00:15.224Z');
INSERT INTO pt_specializes_in VALUES ('Adriana28@gmail.com', 'Ferret', 5);

INSERT INTO person VALUES ('Edgar.Armstrong@yahoo.com', 'Lemuel Wolff', '$2b$10$rIqmDwqhToE5DdadwTSgAuew.F0olgBWkj2uk0darpOshVUj099xC', '22852 Mitchel Avenue', 90050686, 'user', 'https://s3.amazonaws.com/uifaces/faces/twitter/pehamondello/128.jpg');
INSERT INTO part_time_ct VALUES ('Edgar.Armstrong@yahoo.com');
INSERT INTO pt_free_schedule VALUES ('Edgar.Armstrong@yahoo.com', '2020-11-15T04:04:22.911Z', '2021-05-03T19:23:54.132Z');
INSERT INTO pt_specializes_in VALUES ('Edgar.Armstrong@yahoo.com', 'Duck', 0);
INSERT INTO pt_specializes_in VALUES ('Edgar.Armstrong@yahoo.com', 'Guinea Fowl', 17);
INSERT INTO pt_specializes_in VALUES ('Edgar.Armstrong@yahoo.com', 'Hog', 3);

INSERT INTO person VALUES ('Damion_Daugherty@gmail.com', 'Louisa Harris', '$2b$10$rIqmDwqhToE5DdadwTSgAuaiyNywPu9bWPiRpVH80kSSvvs8kxmJG', '5438 Rene Springs', 90512980, 'user', 'https://s3.amazonaws.com/uifaces/faces/twitter/karthipanraj/128.jpg');
INSERT INTO credit_card VALUES (6771896956852209, 'Damion_Daugherty@gmail.com', '2021-03-11T13:23:24.426Z', 202);
INSERT INTO pet VALUES ('Olin', 'Damion_Daugherty@gmail.com', 'Donkey', 'In quasi autem vel fugit ipsam quis.', 'In dolor non voluptatibus laboriosam ad illum.');

INSERT INTO person VALUES ('Dario_Bartell97@hotmail.com', 'Julianne Leannon', '$2b$10$rIqmDwqhToE5DdadwTSgAu8DLZJ8.sxZhMceXPGkgbZ4LbqEntNnu', '519 Muller Plains', 90110877, 'user', 'https://s3.amazonaws.com/uifaces/faces/twitter/itsajimithing/128.jpg');
INSERT INTO full_time_ct VALUES ('Dario_Bartell97@hotmail.com');
INSERT INTO ft_specializes_in VALUES ('Dario_Bartell97@hotmail.com', 'Hog', 20);

INSERT INTO person VALUES ('Ryan.Prohaska@yahoo.com', 'Jaiden Fay', '$2b$10$rIqmDwqhToE5DdadwTSgAuhI3JF7ERWCiUH81qVnrZvRczVjJ4OVC', '708 Dasia Point', 90080461, 'user', 'https://s3.amazonaws.com/uifaces/faces/twitter/dhoot_amit/128.jpg');

INSERT INTO person VALUES ('Thea.Hahn@yahoo.com', 'Americo Murray', '$2b$10$rIqmDwqhToE5DdadwTSgAubxBSazFmoebnyZ5oU6McOVvKnzg3cL.', '6530 Ward Mount', 90101511, 'user', 'https://s3.amazonaws.com/uifaces/faces/twitter/spedwig/128.jpg');
INSERT INTO full_time_ct VALUES ('Thea.Hahn@yahoo.com');
INSERT INTO ft_specializes_in VALUES ('Thea.Hahn@yahoo.com', 'Bearded Dragon', 0);
INSERT INTO ft_specializes_in VALUES ('Thea.Hahn@yahoo.com', 'Donkey', 12);
INSERT INTO ft_specializes_in VALUES ('Thea.Hahn@yahoo.com', 'Ferret', 12);

INSERT INTO person VALUES ('Emerson78@hotmail.com', 'Lemuel OReilly', '$2b$10$rIqmDwqhToE5DdadwTSgAuaspWhmuX0AyrrEv7Jf6Ql4zzbMTPvEO', '435 Neoma Lodge', 90198113, 'user', 'https://s3.amazonaws.com/uifaces/faces/twitter/nelshd/128.jpg');

INSERT INTO person VALUES ('Carissa.Lehner38@gmail.com', 'Alaina Powlowski', '$2b$10$rIqmDwqhToE5DdadwTSgAu2yQEXQJX7oepqMQBf5LHRjPGHYEEq6m', '7113 Stewart Fall', 90965186, 'user', 'https://s3.amazonaws.com/uifaces/faces/twitter/derienzo777/128.jpg');
INSERT INTO full_time_ct VALUES ('Carissa.Lehner38@gmail.com');
INSERT INTO ft_specializes_in VALUES ('Carissa.Lehner38@gmail.com', 'Chinese Water Dragon', 6);
INSERT INTO ft_specializes_in VALUES ('Carissa.Lehner38@gmail.com', 'Rabbit', 6);

INSERT INTO person VALUES ('Davin92@gmail.com', 'Krista Heidenreich', '$2b$10$rIqmDwqhToE5DdadwTSgAu8CyPEBqpxYLynRrkihPB0ih5jk8O7aW', '232 White Meadows', 90650981, 'user', 'https://s3.amazonaws.com/uifaces/faces/twitter/igorgarybaldi/128.jpg');
INSERT INTO credit_card VALUES (30093479353816, 'Davin92@gmail.com', '2021-12-09T14:45:10.204Z', 219);
INSERT INTO pet VALUES ('Cleo', 'Davin92@gmail.com', 'Bird', 'Aut exercitationem ea dolore quidem.', 'Sint veniam inventore explicabo pariatur dolore.');

INSERT INTO person VALUES ('Carson47@gmail.com', 'Madge Gaylord', '$2b$10$rIqmDwqhToE5DdadwTSgAu1tUs7H2SvGMPExAoJwzpXKaYUNuSTjW', '5994 Angeline Estates', 90110734, 'user', 'https://s3.amazonaws.com/uifaces/faces/twitter/beweinreich/128.jpg');
INSERT INTO credit_card VALUES (5018851289334543, 'Carson47@gmail.com', '2025-05-24T19:59:07.804Z', 688);
INSERT INTO pet VALUES ('Stacey', 'Carson47@gmail.com', 'Fish', 'Pariatur repellendus quaerat magni assumenda deleniti necessitatibus ex nisi qui.', 'Ut magni sed quia.');

INSERT INTO person VALUES ('Zackary38@gmail.com', 'Elizabeth Hahn', '$2b$10$rIqmDwqhToE5DdadwTSgAuJMXX6yQPNH9eufkz2/3Pd34Mm49053O', '55288 Boehm Manors', 90840917, 'user', 'https://s3.amazonaws.com/uifaces/faces/twitter/surgeonist/128.jpg');
INSERT INTO part_time_ct VALUES ('Zackary38@gmail.com');
INSERT INTO pt_free_schedule VALUES ('Zackary38@gmail.com', '2020-11-14T18:36:44.111Z', '2021-03-21T11:13:35.664Z');
INSERT INTO pt_specializes_in VALUES ('Zackary38@gmail.com', 'Burro', 4);

INSERT INTO person VALUES ('Kasey32@gmail.com', 'Giovanna Krajcik', '$2b$10$rIqmDwqhToE5DdadwTSgAuUhJguIHeSJxV1GHEsqBpCeGAVh1vtaS', '698 Daugherty Burgs', 90783153, 'user', 'https://s3.amazonaws.com/uifaces/faces/twitter/edgarchris99/128.jpg');
INSERT INTO credit_card VALUES (340293958573584, 'Kasey32@gmail.com', '2022-12-08T07:56:35.091Z', 926);
INSERT INTO pet VALUES ('Meta', 'Kasey32@gmail.com', 'Ferret', 'Cum voluptatibus numquam aliquid alias enim recusandae.', 'Quaerat ullam itaque expedita doloremque.');
INSERT INTO full_time_ct VALUES ('Kasey32@gmail.com');
INSERT INTO ft_specializes_in VALUES ('Kasey32@gmail.com', 'Cow', 17);
INSERT INTO ft_specializes_in VALUES ('Kasey32@gmail.com', 'Hog', 1);

INSERT INTO person VALUES ('Selina_Labadie82@gmail.com', 'Cleveland Steuber', '$2b$10$rIqmDwqhToE5DdadwTSgAuMJRLkKrCHZexGpAdi2LqcGdJgHWzDKy', '737 Friesen Village', 90505256, 'user', 'https://s3.amazonaws.com/uifaces/faces/twitter/djsherman/128.jpg');
INSERT INTO part_time_ct VALUES ('Selina_Labadie82@gmail.com');
INSERT INTO pt_free_schedule VALUES ('Selina_Labadie82@gmail.com', '2020-11-15T05:46:22.624Z', '2021-04-01T21:04:45.376Z');
INSERT INTO pt_specializes_in VALUES ('Selina_Labadie82@gmail.com', 'Gerbil', 6);
INSERT INTO pt_specializes_in VALUES ('Selina_Labadie82@gmail.com', 'Peafowl', 9);

INSERT INTO person VALUES ('Sherman.Brown51@hotmail.com', 'Greta Legros', '$2b$10$rIqmDwqhToE5DdadwTSgAud5ojpOKP.l/vioxAizAmDiJa7ofapOa', '27329 Howe Crossroad', 90226063, 'user', 'https://s3.amazonaws.com/uifaces/faces/twitter/vikasvinfotech/128.jpg');
INSERT INTO credit_card VALUES (6759961610125017, 'Sherman.Brown51@hotmail.com', '2021-07-31T15:50:26.266Z', 626);
INSERT INTO pet VALUES ('Pansy', 'Sherman.Brown51@hotmail.com', 'Chinese Water Dragon', 'Cum harum aut blanditiis est ut.', 'Qui id illum autem assumenda suscipit necessitatibus laborum blanditiis.');

INSERT INTO person VALUES ('Jena.Heathcote@yahoo.com', 'Houston Hilpert', '$2b$10$rIqmDwqhToE5DdadwTSgAub4NjDWEUiTnpW2dO7YWRr9suBX1bobK', '76113 Ruecker Flats', 90822386, 'user', 'https://s3.amazonaws.com/uifaces/faces/twitter/supervova/128.jpg');
INSERT INTO part_time_ct VALUES ('Jena.Heathcote@yahoo.com');
INSERT INTO pt_free_schedule VALUES ('Jena.Heathcote@yahoo.com', '2020-11-15T04:30:51.620Z', '2020-11-20T08:18:58.505Z');
INSERT INTO pt_specializes_in VALUES ('Jena.Heathcote@yahoo.com', 'Bearded Dragon', 6);

INSERT INTO person VALUES ('Kyra_Mueller@hotmail.com', 'Valerie Bahringer', '$2b$10$rIqmDwqhToE5DdadwTSgAu4YGiQY3EuXXc1EO1ozH0LBRNIfM8DGi', '5324 Stokes Orchard', 90629899, 'user', 'https://s3.amazonaws.com/uifaces/faces/twitter/motionthinks/128.jpg');

INSERT INTO person VALUES ('Johan_Ortiz56@yahoo.com', 'Lucio Hyatt', '$2b$10$rIqmDwqhToE5DdadwTSgAuX/oVaEvq7Eye/c4YcKYA0vf8/zj9NPC', '3400 Evalyn Cliffs', 90433744, 'user', 'https://s3.amazonaws.com/uifaces/faces/twitter/aoimedia/128.jpg');

INSERT INTO person VALUES ('Norval_Lockman24@yahoo.com', 'Araceli McDermott', '$2b$10$rIqmDwqhToE5DdadwTSgAughdQCVmeR3.unzJiCYybQJIdU5kqvpq', '77713 Karlie Ports', 90292342, 'user', 'https://s3.amazonaws.com/uifaces/faces/twitter/chadengle/128.jpg');
INSERT INTO credit_card VALUES (6467628261985109, 'Norval_Lockman24@yahoo.com', '2025-04-16T18:55:31.651Z', 698);
INSERT INTO pet VALUES ('Max', 'Norval_Lockman24@yahoo.com', 'Guinea Pig', 'Unde officiis quasi impedit est aut.', 'Saepe ea ex.');

INSERT INTO person VALUES ('Leopold.Upton22@yahoo.com', 'Rebecca Hand', '$2b$10$rIqmDwqhToE5DdadwTSgAuk3u1.h.essds//ejro2XVLJhOfLbwA6', '99252 Haven Isle', 90085043, 'user', 'https://s3.amazonaws.com/uifaces/faces/twitter/timothycd/128.jpg');

INSERT INTO person VALUES ('Pearlie_Koch1@yahoo.com', 'Lillian Graham', '$2b$10$rIqmDwqhToE5DdadwTSgAur3B/7r13j5BXnMDar6l.vIl6hBArKd6', '4368 Von Fort', 90237392, 'user', 'https://s3.amazonaws.com/uifaces/faces/twitter/emmandenn/128.jpg');
INSERT INTO credit_card VALUES (6759494986871848, 'Pearlie_Koch1@yahoo.com', '2021-01-30T02:59:42.746Z', 139);
INSERT INTO pet VALUES ('Keshawn', 'Pearlie_Koch1@yahoo.com', 'Bird', 'Ut numquam totam et officia.', 'Quisquam eius maiores aut sit id sunt.');
INSERT INTO part_time_ct VALUES ('Pearlie_Koch1@yahoo.com');
INSERT INTO pt_free_schedule VALUES ('Pearlie_Koch1@yahoo.com', '2020-11-15T04:49:55.345Z', '2021-04-19T05:17:22.291Z');
INSERT INTO pt_specializes_in VALUES ('Pearlie_Koch1@yahoo.com', 'Chinchilla', 3);
INSERT INTO pt_specializes_in VALUES ('Pearlie_Koch1@yahoo.com', 'Llama', 5);

INSERT INTO person VALUES ('Litzy31@hotmail.com', 'Junior Heller', '$2b$10$rIqmDwqhToE5DdadwTSgAu/1j1TvHDuWPd.0SAUuNYIDabD2g/a4a', '6204 Trystan Motorway', 90299697, 'user', 'https://s3.amazonaws.com/uifaces/faces/twitter/ateneupopular/128.jpg');

INSERT INTO person VALUES ('Emmanuelle_Christiansen20@yahoo.com', 'Alexandra Schiller', '$2b$10$rIqmDwqhToE5DdadwTSgAuh8PVa5V23UoFmOPT7E/Y3JQvJ5J6AOy', '5855 Eldridge Mountain', 90337791, 'user', 'https://s3.amazonaws.com/uifaces/faces/twitter/chris_witko/128.jpg');
INSERT INTO credit_card VALUES (6373082016893703, 'Emmanuelle_Christiansen20@yahoo.com', '2022-10-09T04:03:57.072Z', 464);
INSERT INTO pet VALUES ('Everette', 'Emmanuelle_Christiansen20@yahoo.com', 'Iguana', 'Hic asperiores itaque est sapiente minima eos.', 'Distinctio est molestiae provident pariatur.');
INSERT INTO part_time_ct VALUES ('Emmanuelle_Christiansen20@yahoo.com');
INSERT INTO pt_free_schedule VALUES ('Emmanuelle_Christiansen20@yahoo.com', '2020-11-14T21:35:22.099Z', '2021-06-20T13:37:54.590Z');
INSERT INTO pt_specializes_in VALUES ('Emmanuelle_Christiansen20@yahoo.com', 'Horse', 15);

INSERT INTO person VALUES ('Eveline_Shields64@hotmail.com', 'Jett Auer', '$2b$10$rIqmDwqhToE5DdadwTSgAuetEECmECwAshjTzmIGOue2DeyXiCIc2', '6492 Flatley Lake', 90444344, 'user', 'https://s3.amazonaws.com/uifaces/faces/twitter/curiousoffice/128.jpg');
INSERT INTO credit_card VALUES (6388153238038998, 'Eveline_Shields64@hotmail.com', '2021-07-29T09:45:42.362Z', 801);
INSERT INTO pet VALUES ('Rashad', 'Eveline_Shields64@hotmail.com', 'Guinea Fowl', 'Est qui modi dolor.', 'Officia et similique veniam.');

INSERT INTO person VALUES ('Shakira.Gusikowski@gmail.com', 'Athena Bosco', '$2b$10$rIqmDwqhToE5DdadwTSgAuzJOSRdC035cSxQkKV1Vl6y4o56//1wu', '3578 Elza Unions', 90812327, 'user', 'https://s3.amazonaws.com/uifaces/faces/twitter/herbigt/128.jpg');
INSERT INTO credit_card VALUES (5220593228639697, 'Shakira.Gusikowski@gmail.com', '2023-01-09T03:04:50.715Z', 649);
INSERT INTO pet VALUES ('Brendan', 'Shakira.Gusikowski@gmail.com', 'Donkey', 'Beatae autem sed quam et temporibus est.', 'Voluptatem est nam non est.');
INSERT INTO part_time_ct VALUES ('Shakira.Gusikowski@gmail.com');
INSERT INTO pt_free_schedule VALUES ('Shakira.Gusikowski@gmail.com', '2020-11-14T11:17:08.833Z', '2021-08-03T10:22:08.350Z');
INSERT INTO pt_specializes_in VALUES ('Shakira.Gusikowski@gmail.com', 'Donkey', 5);
INSERT INTO pt_specializes_in VALUES ('Shakira.Gusikowski@gmail.com', 'Hog', 11);

INSERT INTO person VALUES ('Alia37@hotmail.com', 'Jazmyne Brakus', '$2b$10$rIqmDwqhToE5DdadwTSgAu2AZ3QqcpZMe91YrwLn/VeUGSoDL4/IK', '25792 Noemy Fords', 90446542, 'user', 'https://s3.amazonaws.com/uifaces/faces/twitter/faisalabid/128.jpg');
INSERT INTO credit_card VALUES (4935581316113, 'Alia37@hotmail.com', '2021-05-09T17:43:52.357Z', 392);
INSERT INTO pet VALUES ('Bryana', 'Alia37@hotmail.com', 'Chicken', 'Neque sit assumenda nulla eum a et itaque beatae cumque.', 'Esse possimus possimus ipsa fuga nemo.');

INSERT INTO person VALUES ('Alycia_Von84@gmail.com', 'Lyla Schiller', '$2b$10$rIqmDwqhToE5DdadwTSgAuBnFI5BNNK4Nbee09J0OFwAbg.1pbZ6G', '167 Eve Stream', 90373539, 'user', 'https://s3.amazonaws.com/uifaces/faces/twitter/ivanfilipovbg/128.jpg');

INSERT INTO person VALUES ('Trever60@hotmail.com', 'Nathen Beatty', '$2b$10$rIqmDwqhToE5DdadwTSgAu0ZPKOcPYvlKIWIoMgLCwfrnQFSibvFG', '2960 Labadie Corner', 90110028, 'user', 'https://s3.amazonaws.com/uifaces/faces/twitter/jm_denis/128.jpg');
INSERT INTO credit_card VALUES (6386430004958183, 'Trever60@hotmail.com', '2021-11-14T04:43:15.194Z', 570);
INSERT INTO pet VALUES ('Chase', 'Trever60@hotmail.com', 'Pot Bellied Pig', 'Dolorem odio doloribus vero consequatur.', 'Praesentium dolore et ipsam error et maiores magnam amet.');
INSERT INTO full_time_ct VALUES ('Trever60@hotmail.com');
INSERT INTO ft_specializes_in VALUES ('Trever60@hotmail.com', 'Chinchilla', 13);
INSERT INTO ft_specializes_in VALUES ('Trever60@hotmail.com', 'Pot Bellied Pig', 16);

INSERT INTO person VALUES ('Meta_Thompson@hotmail.com', 'Aletha Yundt', '$2b$10$rIqmDwqhToE5DdadwTSgAujZd1GpifIrwhZTk96FHGz8JKmwlSa8S', '38414 Reba Route', 90753496, 'user', 'https://s3.amazonaws.com/uifaces/faces/twitter/algunsanabria/128.jpg');
INSERT INTO full_time_ct VALUES ('Meta_Thompson@hotmail.com');
INSERT INTO ft_specializes_in VALUES ('Meta_Thompson@hotmail.com', 'Mice', 9);
INSERT INTO ft_specializes_in VALUES ('Meta_Thompson@hotmail.com', 'Peafowl', 16);
INSERT INTO ft_specializes_in VALUES ('Meta_Thompson@hotmail.com', 'Pig', 8);

INSERT INTO person VALUES ('Chanel92@yahoo.com', 'Daisy Goldner', '$2b$10$rIqmDwqhToE5DdadwTSgAu1YBs1feV3o7jTHAIp2Nji3vvYKwMgQS', '991 Fahey Underpass', 90512025, 'user', 'https://s3.amazonaws.com/uifaces/faces/twitter/ninjad3m0/128.jpg');

INSERT INTO person VALUES ('Royce84@gmail.com', 'Frederik Hyatt', '$2b$10$rIqmDwqhToE5DdadwTSgAuKriXqFubO9kMhTqujb3BCZwQqUHTLFC', '016 Ephraim Place', 90800439, 'user', 'https://s3.amazonaws.com/uifaces/faces/twitter/kevinoh/128.jpg');
INSERT INTO credit_card VALUES (6304000160666170, 'Royce84@gmail.com', '2021-09-18T05:17:07.325Z', 116);
INSERT INTO pet VALUES ('Reba', 'Royce84@gmail.com', 'Hedgehog', 'Debitis repellendus voluptatem adipisci rem.', 'Architecto nisi sequi veniam.');
INSERT INTO full_time_ct VALUES ('Royce84@gmail.com');
INSERT INTO ft_specializes_in VALUES ('Royce84@gmail.com', 'Bird', 13);

INSERT INTO person VALUES ('Cristobal_Turner@gmail.com', 'Donald Johns', '$2b$10$rIqmDwqhToE5DdadwTSgAuHU1WLD0MsZ9D8udQPdit2H1T8wkSHES', '1349 Marcelle Mill', 90842053, 'user', 'https://s3.amazonaws.com/uifaces/faces/twitter/vimarethomas/128.jpg');
INSERT INTO full_time_ct VALUES ('Cristobal_Turner@gmail.com');
INSERT INTO ft_specializes_in VALUES ('Cristobal_Turner@gmail.com', 'Gecko', 11);
INSERT INTO ft_specializes_in VALUES ('Cristobal_Turner@gmail.com', 'Iguana', 10);

INSERT INTO person VALUES ('Lee89@hotmail.com', 'Jacklyn Greenfelder', '$2b$10$rIqmDwqhToE5DdadwTSgAuX7pYlcpb5gB/9WuFS5k1la9K0BrB1am', '2781 Matilda Villages', 90634082, 'user', 'https://s3.amazonaws.com/uifaces/faces/twitter/baliomega/128.jpg');
INSERT INTO credit_card VALUES (5472253207572008, 'Lee89@hotmail.com', '2021-06-22T07:10:32.021Z', 843);
INSERT INTO pet VALUES ('Aglae', 'Lee89@hotmail.com', 'Duck', 'Consequatur aut explicabo fugiat velit esse.', 'Vel cupiditate cupiditate et maiores est nisi.');
INSERT INTO full_time_ct VALUES ('Lee89@hotmail.com');
INSERT INTO ft_specializes_in VALUES ('Lee89@hotmail.com', 'Burro', 11);

INSERT INTO person VALUES ('Daphney_Mohr@gmail.com', 'Florine Mante', '$2b$10$rIqmDwqhToE5DdadwTSgAuL/fRUyiFpN67E/CyOlkoHjOHrxx0woO', '726 Orlando Isle', 90540132, 'user', 'https://s3.amazonaws.com/uifaces/faces/twitter/m_kalibry/128.jpg');

INSERT INTO person VALUES ('Gregory38@gmail.com', 'Kitty Feil', '$2b$10$rIqmDwqhToE5DdadwTSgAuKhu63swko9ITnMh6h3AF8OODTagfpWq', '91598 Mandy Gateway', 90640080, 'user', 'https://s3.amazonaws.com/uifaces/faces/twitter/melvindidit/128.jpg');
INSERT INTO part_time_ct VALUES ('Gregory38@gmail.com');
INSERT INTO pt_free_schedule VALUES ('Gregory38@gmail.com', '2020-11-14T15:19:20.942Z', '2021-02-05T12:40:29.786Z');
INSERT INTO pt_specializes_in VALUES ('Gregory38@gmail.com', 'Chinese Water Dragon', 19);
INSERT INTO pt_specializes_in VALUES ('Gregory38@gmail.com', 'Guinea Pig', 17);
INSERT INTO pt_specializes_in VALUES ('Gregory38@gmail.com', 'Lizard', 4);

INSERT INTO person VALUES ('Nakia_Schamberger38@gmail.com', 'Percy Dickens', '$2b$10$rIqmDwqhToE5DdadwTSgAu8VBS29s1VQHMeljchx8T.1NAiqjTc/G', '35844 Zulauf Court', 90114921, 'user', 'https://s3.amazonaws.com/uifaces/faces/twitter/aroon_sharma/128.jpg');
INSERT INTO full_time_ct VALUES ('Nakia_Schamberger38@gmail.com');
INSERT INTO ft_specializes_in VALUES ('Nakia_Schamberger38@gmail.com', 'Lizard', 0);
INSERT INTO ft_specializes_in VALUES ('Nakia_Schamberger38@gmail.com', 'Rabbit', 19);

INSERT INTO person VALUES ('Tomasa75@hotmail.com', 'Bill Batz', '$2b$10$rIqmDwqhToE5DdadwTSgAuZxCRiys09MHOyOZy3FRX6ORMmrn8uGO', '256 Lemke Wells', 90046505, 'user', 'https://s3.amazonaws.com/uifaces/faces/twitter/rpatey/128.jpg');
INSERT INTO credit_card VALUES (6386547648824200, 'Tomasa75@hotmail.com', '2022-01-08T05:46:19.789Z', 721);
INSERT INTO pet VALUES ('Delilah', 'Tomasa75@hotmail.com', 'Chinese Water Dragon', 'Rerum temporibus quia ipsam est ipsum.', 'Rerum ab provident.');

INSERT INTO person VALUES ('Mariela.Huels59@hotmail.com', 'Yesenia Grimes', '$2b$10$rIqmDwqhToE5DdadwTSgAuyWLJ5/Jy8kt2bAKNBm2eXkm7BWjXaNu', '3981 Lilly Valley', 90426206, 'user', 'https://s3.amazonaws.com/uifaces/faces/twitter/juanmamartinez/128.jpg');
INSERT INTO part_time_ct VALUES ('Mariela.Huels59@hotmail.com');
INSERT INTO pt_free_schedule VALUES ('Mariela.Huels59@hotmail.com', '2020-11-14T07:26:37.073Z', '2021-01-03T20:46:15.148Z');
INSERT INTO pt_specializes_in VALUES ('Mariela.Huels59@hotmail.com', 'Chinese Water Dragon', 14);
INSERT INTO pt_specializes_in VALUES ('Mariela.Huels59@hotmail.com', 'Pot Bellied Pig', 11);

INSERT INTO person VALUES ('Tristian_Heller31@yahoo.com', 'Kody Schuster', '$2b$10$rIqmDwqhToE5DdadwTSgAuwt6x5rNIUH9ZZiajukakLhka69NMecG', '8618 Yundt Key', 90607882, 'user', 'https://s3.amazonaws.com/uifaces/faces/twitter/jesseddy/128.jpg');
INSERT INTO credit_card VALUES (6759237169051750, 'Tristian_Heller31@yahoo.com', '2021-08-20T05:38:23.258Z', 984);
INSERT INTO pet VALUES ('Stanford', 'Tristian_Heller31@yahoo.com', 'Guinea Pig', 'Eos sed et non libero quis nihil molestias.', 'Numquam autem quaerat repellendus et consequatur eveniet ex eius.');
INSERT INTO part_time_ct VALUES ('Tristian_Heller31@yahoo.com');
INSERT INTO pt_free_schedule VALUES ('Tristian_Heller31@yahoo.com', '2020-11-14T19:40:42.132Z', '2021-09-08T05:47:09.167Z');
INSERT INTO pt_specializes_in VALUES ('Tristian_Heller31@yahoo.com', 'Chicken', 8);

INSERT INTO person VALUES ('Rylee_Schulist76@gmail.com', 'Trevion Dickens', '$2b$10$rIqmDwqhToE5DdadwTSgAuBJuB5lV8/gKnXLC5rD8rsE/NGi46RQm', '223 Treutel Throughway', 90352749, 'user', 'https://s3.amazonaws.com/uifaces/faces/twitter/saschamt/128.jpg');
INSERT INTO credit_card VALUES (376811560767541, 'Rylee_Schulist76@gmail.com', '2022-03-31T16:52:05.295Z', 217);
INSERT INTO pet VALUES ('Vernon', 'Rylee_Schulist76@gmail.com', 'Donkey', 'Ab omnis quis ex.', 'Laudantium in deleniti numquam sit nostrum accusamus.');

INSERT INTO person VALUES ('Ayana65@gmail.com', 'Dale Connelly', '$2b$10$rIqmDwqhToE5DdadwTSgAucnnC0ZsGZ37a8V8eBxLxv/1sfyNV6cK', '0017 Maynard Well', 90851296, 'user', 'https://s3.amazonaws.com/uifaces/faces/twitter/pixage/128.jpg');

INSERT INTO person VALUES ('Helene.Abshire36@hotmail.com', 'Skyla Reichert', '$2b$10$rIqmDwqhToE5DdadwTSgAuK0sGvXgXedUdROfYCSBBvS8ls9EEYM6', '28460 Stroman Turnpike', 90700301, 'user', 'https://s3.amazonaws.com/uifaces/faces/twitter/increase/128.jpg');
INSERT INTO credit_card VALUES (6759048892418003, 'Helene.Abshire36@hotmail.com', '2021-05-25T11:42:33.329Z', 721);
INSERT INTO pet VALUES ('Thea', 'Helene.Abshire36@hotmail.com', 'Duck', 'Et minima dolor aut ex amet et doloremque voluptas.', 'Sint dolores ea hic cupiditate.');
INSERT INTO part_time_ct VALUES ('Helene.Abshire36@hotmail.com');
INSERT INTO pt_free_schedule VALUES ('Helene.Abshire36@hotmail.com', '2020-11-14T13:34:14.822Z', '2021-07-31T15:21:09.745Z');
INSERT INTO pt_specializes_in VALUES ('Helene.Abshire36@hotmail.com', 'Chinese Water Dragon', 8);
INSERT INTO pt_specializes_in VALUES ('Helene.Abshire36@hotmail.com', 'Pig', 4);

INSERT INTO person VALUES ('Malinda_Ratke@hotmail.com', 'Palma OConnell', '$2b$10$rIqmDwqhToE5DdadwTSgAu6HnzQYhwuYjcae.yN7GQwWiZkYzbV7W', '88388 Annamarie Fort', 90843676, 'user', 'https://s3.amazonaws.com/uifaces/faces/twitter/skkirilov/128.jpg');

INSERT INTO person VALUES ('Lincoln_Murphy66@gmail.com', 'Terence Zieme', '$2b$10$rIqmDwqhToE5DdadwTSgAu0Pi8hP/6u0shZQb09D7S9Jrqfx3s9qC', '67751 Westley Union', 90923647, 'user', 'https://s3.amazonaws.com/uifaces/faces/twitter/kianoshp/128.jpg');
INSERT INTO part_time_ct VALUES ('Lincoln_Murphy66@gmail.com');
INSERT INTO pt_free_schedule VALUES ('Lincoln_Murphy66@gmail.com', '2020-11-14T15:18:47.859Z', '2021-01-14T09:51:28.495Z');
INSERT INTO pt_specializes_in VALUES ('Lincoln_Murphy66@gmail.com', 'Cow', 8);
INSERT INTO pt_specializes_in VALUES ('Lincoln_Murphy66@gmail.com', 'Hamster', 1);

INSERT INTO person VALUES ('Lula34@yahoo.com', 'Albert Strosin', '$2b$10$rIqmDwqhToE5DdadwTSgAuAej28APAOHhSHSnEJGEudrBmb5GQcVG', '1719 Mills Heights', 90161323, 'user', 'https://s3.amazonaws.com/uifaces/faces/twitter/horaciobella/128.jpg');
INSERT INTO full_time_ct VALUES ('Lula34@yahoo.com');
INSERT INTO ft_specializes_in VALUES ('Lula34@yahoo.com', 'Pot Bellied Pig', 5);
INSERT INTO ft_specializes_in VALUES ('Lula34@yahoo.com', 'Rabbit', 6);

INSERT INTO person VALUES ('Ashley_Brekke75@hotmail.com', 'Meta Gusikowski', '$2b$10$rIqmDwqhToE5DdadwTSgAu3tQSOBuzY1jHGam6XX97qI0nyM27muu', '22439 Collier Terrace', 90366352, 'user', 'https://s3.amazonaws.com/uifaces/faces/twitter/ionuss/128.jpg');
INSERT INTO credit_card VALUES (5383188620151543, 'Ashley_Brekke75@hotmail.com', '2024-08-05T01:11:31.960Z', 869);
INSERT INTO pet VALUES ('Dimitri', 'Ashley_Brekke75@hotmail.com', 'Mice', 'Praesentium dolorem in sint ea magnam.', 'Aliquam pariatur pariatur enim voluptates minus numquam nesciunt.');

INSERT INTO person VALUES ('Hilbert_Casper80@yahoo.com', 'Litzy Lang', '$2b$10$rIqmDwqhToE5DdadwTSgAu.XudxbKSt5GmhIBzLq0yXaRZ.hN1ufG', '4462 Ratke Crossroad', 90054123, 'user', 'https://s3.amazonaws.com/uifaces/faces/twitter/gaborenton/128.jpg');
INSERT INTO full_time_ct VALUES ('Hilbert_Casper80@yahoo.com');
INSERT INTO ft_specializes_in VALUES ('Hilbert_Casper80@yahoo.com', 'Chinese Water Dragon', 1);
INSERT INTO ft_specializes_in VALUES ('Hilbert_Casper80@yahoo.com', 'Duck', 10);
INSERT INTO ft_specializes_in VALUES ('Hilbert_Casper80@yahoo.com', 'Hedgehog', 15);

INSERT INTO person VALUES ('Albin.Wolff93@hotmail.com', 'Sylvester Corkery', '$2b$10$rIqmDwqhToE5DdadwTSgAulgF2D0FKK.WJgAxsF2zFA4ffJ2PV4Aa', '790 Sid Bridge', 90710966, 'user', 'https://s3.amazonaws.com/uifaces/faces/twitter/derekcramer/128.jpg');

INSERT INTO person VALUES ('Timmy59@hotmail.com', 'Lyla Von', '$2b$10$rIqmDwqhToE5DdadwTSgAujx33mBMV8fy8K/ft0VCFAUKTMjs/xgu', '19962 Bosco Prairie', 90561591, 'user', 'https://s3.amazonaws.com/uifaces/faces/twitter/johncafazza/128.jpg');
INSERT INTO credit_card VALUES (3529882113472147, 'Timmy59@hotmail.com', '2022-09-06T07:16:10.223Z', 097);
INSERT INTO pet VALUES ('Rod', 'Timmy59@hotmail.com', 'Fish', 'Dolorem occaecati est velit officia id.', 'Est quia est dolorem.');

INSERT INTO person VALUES ('Keshawn_Predovic@yahoo.com', 'Trever Mills', '$2b$10$rIqmDwqhToE5DdadwTSgAuMHW8I.smBmtDQ7SdqMqre1t2hzGWacW', '75691 Erdman Village', 90589367, 'user', 'https://s3.amazonaws.com/uifaces/faces/twitter/mugukamil/128.jpg');
INSERT INTO credit_card VALUES (4401353980578, 'Keshawn_Predovic@yahoo.com', '2021-03-26T14:59:13.656Z', 086);
INSERT INTO pet VALUES ('Vada', 'Keshawn_Predovic@yahoo.com', 'Pigeon', 'Possimus ut expedita labore quis.', 'Corrupti impedit molestiae possimus et magni molestiae.');

INSERT INTO person VALUES ('Angeline.Wiza46@hotmail.com', 'Roxane Swaniawski', '$2b$10$rIqmDwqhToE5DdadwTSgAu1k7eqEbPAgdwHLI9be4kTLCIg0e.YWW', '6268 Mitchell Springs', 90989999, 'user', 'https://s3.amazonaws.com/uifaces/faces/twitter/arindam_/128.jpg');
INSERT INTO credit_card VALUES (5020696419386735, 'Angeline.Wiza46@hotmail.com', '2020-12-10T00:16:07.228Z', 767);
INSERT INTO pet VALUES ('Elta', 'Angeline.Wiza46@hotmail.com', 'Guinea Fowl', 'Autem voluptate labore fuga atque quis et iste consequatur.', 'Fuga possimus aut consequuntur saepe.');
INSERT INTO part_time_ct VALUES ('Angeline.Wiza46@hotmail.com');
INSERT INTO pt_free_schedule VALUES ('Angeline.Wiza46@hotmail.com', '2020-11-14T07:55:37.144Z', '2021-11-02T22:54:35.481Z');
INSERT INTO pt_specializes_in VALUES ('Angeline.Wiza46@hotmail.com', 'Donkey', 0);

INSERT INTO person VALUES ('Kayleigh.Hane88@yahoo.com', 'Margaretta Dooley', '$2b$10$rIqmDwqhToE5DdadwTSgAuVEhrHlvQSiKFzE9Ze73UgPb5NnoJkQ6', '117 Odell Common', 90311301, 'user', 'https://s3.amazonaws.com/uifaces/faces/twitter/alxndrustinov/128.jpg');
INSERT INTO part_time_ct VALUES ('Kayleigh.Hane88@yahoo.com');
INSERT INTO pt_free_schedule VALUES ('Kayleigh.Hane88@yahoo.com', '2020-11-14T20:00:15.378Z', '2021-05-12T11:43:54.190Z');
INSERT INTO pt_specializes_in VALUES ('Kayleigh.Hane88@yahoo.com', 'Burro', 13);
INSERT INTO pt_specializes_in VALUES ('Kayleigh.Hane88@yahoo.com', 'Hamster', 3);

INSERT INTO person VALUES ('Guido98@hotmail.com', 'Nyasia Crooks', '$2b$10$rIqmDwqhToE5DdadwTSgAuw/1bnGln6GDvaOuuWrP8nz.jopVe4iu', '86240 Dicki Well', 90737501, 'user', 'https://s3.amazonaws.com/uifaces/faces/twitter/baumann_alex/128.jpg');
INSERT INTO credit_card VALUES (6304974359520149, 'Guido98@hotmail.com', '2022-06-25T15:06:35.573Z', 673);
INSERT INTO pet VALUES ('Yazmin', 'Guido98@hotmail.com', 'Bearded Dragon', 'Quo voluptatum sed.', 'Illo numquam aut unde.');

INSERT INTO person VALUES ('Toby.Rowe@yahoo.com', 'Sigmund Friesen', '$2b$10$rIqmDwqhToE5DdadwTSgAubuYX/md2hrzJU5CgvWwBaUrzjlD5/mG', '18742 Champlin Road', 90532937, 'user', 'https://s3.amazonaws.com/uifaces/faces/twitter/perretmagali/128.jpg');
INSERT INTO full_time_ct VALUES ('Toby.Rowe@yahoo.com');
INSERT INTO ft_specializes_in VALUES ('Toby.Rowe@yahoo.com', 'Mice', 17);

INSERT INTO person VALUES ('Citlalli.Haag76@gmail.com', 'Carleton Mills', '$2b$10$rIqmDwqhToE5DdadwTSgAuSLY/qQiGyEpP6DfGrKvzLivnfmendp6', '099 Berge Harbors', 90137799, 'user', 'https://s3.amazonaws.com/uifaces/faces/twitter/chrismj83/128.jpg');
INSERT INTO credit_card VALUES (6378544670505740, 'Citlalli.Haag76@gmail.com', '2021-05-30T23:39:21.690Z', 129);
INSERT INTO pet VALUES ('Felicita', 'Citlalli.Haag76@gmail.com', 'Guinea Fowl', 'Error aut nisi nesciunt quibusdam nobis facere illo.', 'Libero dolor sint nesciunt voluptatum in earum aliquid.');

INSERT INTO person VALUES ('Raphael78@hotmail.com', 'Oliver Reilly', '$2b$10$rIqmDwqhToE5DdadwTSgAugnbBhxyiDJOQnOnX57DvcP/Lcc/WB/W', '1993 Dietrich Garden', 90534940, 'user', 'https://s3.amazonaws.com/uifaces/faces/twitter/kolage/128.jpg');
INSERT INTO credit_card VALUES (30510357993066, 'Raphael78@hotmail.com', '2022-03-07T06:30:52.205Z', 391);
INSERT INTO pet VALUES ('Lydia', 'Raphael78@hotmail.com', 'Bearded Dragon', 'Aut natus exercitationem fuga porro ex omnis voluptatum facere.', 'Iusto odio veniam impedit hic et ipsam fugit sequi autem.');

INSERT INTO person VALUES ('Leta_Crona@yahoo.com', 'Lucas MacGyver', '$2b$10$rIqmDwqhToE5DdadwTSgAuL3zWFWvaHp2X2wFOSOKI8IBgs4hICuO', '7749 Ines Court', 90134131, 'user', 'https://s3.amazonaws.com/uifaces/faces/twitter/mocabyte/128.jpg');
INSERT INTO credit_card VALUES (6709055286518185, 'Leta_Crona@yahoo.com', '2021-08-10T17:37:27.034Z', 074);
INSERT INTO pet VALUES ('Jeanne', 'Leta_Crona@yahoo.com', 'Duck', 'Ut iusto autem qui et labore accusamus qui excepturi.', 'Officia officia debitis ipsum.');
INSERT INTO part_time_ct VALUES ('Leta_Crona@yahoo.com');
INSERT INTO pt_free_schedule VALUES ('Leta_Crona@yahoo.com', '2020-11-15T00:07:05.960Z', '2021-11-05T05:27:08.805Z');
INSERT INTO pt_specializes_in VALUES ('Leta_Crona@yahoo.com', 'Chicken', 20);
INSERT INTO pt_specializes_in VALUES ('Leta_Crona@yahoo.com', 'Guinea Fowl', 20);
INSERT INTO pt_specializes_in VALUES ('Leta_Crona@yahoo.com', 'Guinea Pig', 10);

INSERT INTO person VALUES ('Miller_Keebler@yahoo.com', 'Garrick Schroeder', '$2b$10$rIqmDwqhToE5DdadwTSgAuN/1XC/L87zRZN2f44tlNeTsxQCNp/OS', '6576 Wiegand Lodge', 90929394, 'user', 'https://s3.amazonaws.com/uifaces/faces/twitter/bruno_mart/128.jpg');
INSERT INTO credit_card VALUES (5018336304209698, 'Miller_Keebler@yahoo.com', '2021-04-01T21:39:21.247Z', 864);
INSERT INTO pet VALUES ('Frank', 'Miller_Keebler@yahoo.com', 'Hog', 'Omnis nam modi doloribus excepturi perferendis officiis.', 'Sint saepe exercitationem inventore impedit molestias nihil praesentium recusandae.');
INSERT INTO part_time_ct VALUES ('Miller_Keebler@yahoo.com');
INSERT INTO pt_free_schedule VALUES ('Miller_Keebler@yahoo.com', '2020-11-14T18:13:08.353Z', '2021-07-15T05:34:48.854Z');
INSERT INTO pt_specializes_in VALUES ('Miller_Keebler@yahoo.com', 'Burro', 16);
INSERT INTO pt_specializes_in VALUES ('Miller_Keebler@yahoo.com', 'Iguana', 7);
INSERT INTO pt_specializes_in VALUES ('Miller_Keebler@yahoo.com', 'Peafowl', 8);

INSERT INTO person VALUES ('Dangelo_Dietrich3@hotmail.com', 'Newell Nader', '$2b$10$rIqmDwqhToE5DdadwTSgAudcYKiK5FZBX6fjPGRBSQPYzHQ6PV6YG', '42921 Brant Squares', 90028787, 'user', 'https://s3.amazonaws.com/uifaces/faces/twitter/reabo101/128.jpg');
INSERT INTO part_time_ct VALUES ('Dangelo_Dietrich3@hotmail.com');
INSERT INTO pt_free_schedule VALUES ('Dangelo_Dietrich3@hotmail.com', '2020-11-15T06:58:21.935Z', '2021-06-12T16:22:21.819Z');
INSERT INTO pt_specializes_in VALUES ('Dangelo_Dietrich3@hotmail.com', 'Cow', 14);

INSERT INTO person VALUES ('Eldon.Gislason@gmail.com', 'Van Jones', '$2b$10$rIqmDwqhToE5DdadwTSgAuXTBxdHMr0WI4YKNzfkjRUlTx/2rTM9G', '182 Evie Mission', 90378464, 'user', 'https://s3.amazonaws.com/uifaces/faces/twitter/_scottburgess/128.jpg');
INSERT INTO credit_card VALUES (6304992449843440, 'Eldon.Gislason@gmail.com', '2023-06-12T21:19:34.101Z', 820);
INSERT INTO pet VALUES ('Jeremy', 'Eldon.Gislason@gmail.com', 'Pot Bellied Pig', 'Voluptates asperiores vitae a.', 'Quia voluptas autem inventore.');

INSERT INTO person VALUES ('Lucile.Dickinson@gmail.com', 'Everardo Schroeder', '$2b$10$rIqmDwqhToE5DdadwTSgAu83pS4LFvnT02nnL5jUgwq6Kqn4hA3OC', '1731 Fay Coves', 90435753, 'user', 'https://s3.amazonaws.com/uifaces/faces/twitter/nasirwd/128.jpg');
INSERT INTO credit_card VALUES (343128810399757, 'Lucile.Dickinson@gmail.com', '2021-11-27T03:45:41.278Z', 338);
INSERT INTO pet VALUES ('Eleazar', 'Lucile.Dickinson@gmail.com', 'Bearded Dragon', 'Iusto cum eos occaecati veniam consequuntur eligendi mollitia.', 'Praesentium suscipit ab.');

INSERT INTO person VALUES ('Wilfredo_White42@hotmail.com', 'Allen Boyle', '$2b$10$rIqmDwqhToE5DdadwTSgAuzLxGOWF/gzJPibXA2kApmRO6HY5gwwO', '121 Green Isle', 90319394, 'user', 'https://s3.amazonaws.com/uifaces/faces/twitter/coreyweb/128.jpg');
INSERT INTO part_time_ct VALUES ('Wilfredo_White42@hotmail.com');
INSERT INTO pt_free_schedule VALUES ('Wilfredo_White42@hotmail.com', '2020-11-14T19:41:31.324Z', '2021-05-27T20:34:22.748Z');
INSERT INTO pt_specializes_in VALUES ('Wilfredo_White42@hotmail.com', 'Hamster', 17);

INSERT INTO person VALUES ('Carlie_Hettinger4@yahoo.com', 'Rudy Morissette', '$2b$10$rIqmDwqhToE5DdadwTSgAuebi9uzQ38leISeeUn7//Qsu6uqQi.c6', '18513 Queenie Well', 90058577, 'user', 'https://s3.amazonaws.com/uifaces/faces/twitter/sur4dye/128.jpg');

INSERT INTO person VALUES ('Kaylin_Brown67@gmail.com', 'Wava Lueilwitz', '$2b$10$rIqmDwqhToE5DdadwTSgAuhXXrChtgLuWAJYUge70yzTdsDmzlIDK', '99704 Schuppe Ports', 90056434, 'user', 'https://s3.amazonaws.com/uifaces/faces/twitter/the_purplebunny/128.jpg');

INSERT INTO person VALUES ('Joannie_Schamberger@yahoo.com', 'Madisen Abshire', '$2b$10$rIqmDwqhToE5DdadwTSgAuxzZ3jhVlhUTigi0lWBdoKg0/.oRC.v2', '6910 Charlie Hill', 90641514, 'user', 'https://s3.amazonaws.com/uifaces/faces/twitter/bolzanmarco/128.jpg');
INSERT INTO credit_card VALUES (3550465048062977, 'Joannie_Schamberger@yahoo.com', '2021-11-03T01:51:53.711Z', 875);
INSERT INTO pet VALUES ('Jewel', 'Joannie_Schamberger@yahoo.com', 'Chicken', 'Ipsum labore molestias ad voluptates.', 'Laboriosam cum voluptas quae earum repudiandae molestias facere soluta repellat.');
INSERT INTO part_time_ct VALUES ('Joannie_Schamberger@yahoo.com');
INSERT INTO pt_free_schedule VALUES ('Joannie_Schamberger@yahoo.com', '2020-11-14T09:25:55.929Z', '2021-04-12T11:17:40.868Z');
INSERT INTO pt_specializes_in VALUES ('Joannie_Schamberger@yahoo.com', 'Chicken', 5);
INSERT INTO pt_specializes_in VALUES ('Joannie_Schamberger@yahoo.com', 'Chinchilla', 11);
INSERT INTO pt_specializes_in VALUES ('Joannie_Schamberger@yahoo.com', 'Chinese Water Dragon', 5);

INSERT INTO person VALUES ('Dasia98@hotmail.com', 'Elenor Christiansen', '$2b$10$rIqmDwqhToE5DdadwTSgAui0bQROyjSXnvz7uWgiK.N8GwcieXGaC', '1557 Robel Road', 90948795, 'user', 'https://s3.amazonaws.com/uifaces/faces/twitter/emmeffess/128.jpg');
INSERT INTO part_time_ct VALUES ('Dasia98@hotmail.com');
INSERT INTO pt_free_schedule VALUES ('Dasia98@hotmail.com', '2020-11-14T22:55:22.764Z', '2021-01-19T17:42:03.642Z');
INSERT INTO pt_specializes_in VALUES ('Dasia98@hotmail.com', 'Guinea Fowl', 4);

INSERT INTO person VALUES ('Jamaal.Jacobs38@hotmail.com', 'Clovis Huels', '$2b$10$rIqmDwqhToE5DdadwTSgAuJsHYjdOBbWaDEZ9kQ5dHalTvL5ZDzim', '03170 Alberto Pass', 90067778, 'user', 'https://s3.amazonaws.com/uifaces/faces/twitter/AlbertoCococi/128.jpg');
INSERT INTO credit_card VALUES (6709080372982027, 'Jamaal.Jacobs38@hotmail.com', '2022-01-29T00:24:39.866Z', 693);
INSERT INTO pet VALUES ('Glennie', 'Jamaal.Jacobs38@hotmail.com', 'Peafowl', 'Distinctio odit quas facilis exercitationem.', 'Autem laboriosam aspernatur laudantium consectetur assumenda repudiandae tenetur.');

INSERT INTO person VALUES ('Ashley_Ziemann@yahoo.com', 'Russel Muller', '$2b$10$rIqmDwqhToE5DdadwTSgAuy61HeHwDo6yf0WYT1xgh/P5QlYNANBq', '27700 Lester Motorway', 90633204, 'user', 'https://s3.amazonaws.com/uifaces/faces/twitter/mutlu82/128.jpg');

INSERT INTO person VALUES ('Douglas6@hotmail.com', 'Ernie Maggio', '$2b$10$rIqmDwqhToE5DdadwTSgAuG//qC8jATqAlMOOJNrQltFpiwOG6FEu', '14398 Jarod Islands', 90816289, 'user', 'https://s3.amazonaws.com/uifaces/faces/twitter/artd_sign/128.jpg');

INSERT INTO person VALUES ('Aniya.Wilkinson15@hotmail.com', 'Magnus Luettgen', '$2b$10$rIqmDwqhToE5DdadwTSgAuUh.Lget4I5YfJIzmF573NU9HACOrxD2', '517 Rogers Via', 90419290, 'user', 'https://s3.amazonaws.com/uifaces/faces/twitter/juamperro/128.jpg');
INSERT INTO full_time_ct VALUES ('Aniya.Wilkinson15@hotmail.com');
INSERT INTO ft_specializes_in VALUES ('Aniya.Wilkinson15@hotmail.com', 'Ferret', 7);

INSERT INTO person VALUES ('Juliana87@hotmail.com', 'Darwin Casper', '$2b$10$rIqmDwqhToE5DdadwTSgAuJsZx8ZhnVOT04VChmstsZi2sgFD7aIW', '980 Marquardt Curve', 90281746, 'user', 'https://s3.amazonaws.com/uifaces/faces/twitter/arashmanteghi/128.jpg');
INSERT INTO credit_card VALUES (3528710382734692, 'Juliana87@hotmail.com', '2024-07-21T07:58:07.659Z', 015);
INSERT INTO pet VALUES ('London', 'Juliana87@hotmail.com', 'Lizard', 'Sequi ipsum consequatur cupiditate ratione fugit perspiciatis quibusdam doloribus.', 'Accusantium quibusdam sunt qui excepturi aut autem vitae sint illo.');

INSERT INTO person VALUES ('Sheridan81@yahoo.com', 'Jazmyn Sporer', '$2b$10$rIqmDwqhToE5DdadwTSgAuCIRpmM.IH6HApZ6Rsz9tU82Xw6CEyH.', '50355 Scottie Tunnel', 90030947, 'user', 'https://s3.amazonaws.com/uifaces/faces/twitter/gcmorley/128.jpg');
INSERT INTO credit_card VALUES (3529648137924571, 'Sheridan81@yahoo.com', '2025-03-15T03:25:16.543Z', 929);
INSERT INTO pet VALUES ('Khalid', 'Sheridan81@yahoo.com', 'Mice', 'Reprehenderit corporis iusto id libero ut dolor quis.', 'Qui nostrum id.');
INSERT INTO part_time_ct VALUES ('Sheridan81@yahoo.com');
INSERT INTO pt_free_schedule VALUES ('Sheridan81@yahoo.com', '2020-11-14T22:07:38.218Z', '2021-07-21T19:12:36.859Z');
INSERT INTO pt_specializes_in VALUES ('Sheridan81@yahoo.com', 'Llama', 3);

INSERT INTO person VALUES ('Domenick.Lesch54@yahoo.com', 'Concepcion Wintheiser', '$2b$10$rIqmDwqhToE5DdadwTSgAulk7ed0tYphTp7yPr9MDJuzMvR5WcgFu', '653 Janae Mountain', 90980960, 'user', 'https://s3.amazonaws.com/uifaces/faces/twitter/m4rio/128.jpg');
INSERT INTO credit_card VALUES (6381235982943872, 'Domenick.Lesch54@yahoo.com', '2021-10-11T08:51:49.331Z', 325);
INSERT INTO pet VALUES ('Elwin', 'Domenick.Lesch54@yahoo.com', 'Bearded Dragon', 'Similique quo ipsa facilis.', 'Corrupti recusandae velit ipsam corporis architecto.');
INSERT INTO part_time_ct VALUES ('Domenick.Lesch54@yahoo.com');
INSERT INTO pt_free_schedule VALUES ('Domenick.Lesch54@yahoo.com', '2020-11-14T16:38:59.048Z', '2021-10-04T22:19:19.817Z');
INSERT INTO pt_specializes_in VALUES ('Domenick.Lesch54@yahoo.com', 'Lizard', 6);

INSERT INTO person VALUES ('Kenyon16@gmail.com', 'Judah Gleichner', '$2b$10$rIqmDwqhToE5DdadwTSgAu6E.9lGySg9ID0BvBouf.8ixNdmIj5mK', '06644 Erdman Land', 90505082, 'user', 'https://s3.amazonaws.com/uifaces/faces/twitter/nfedoroff/128.jpg');
INSERT INTO full_time_ct VALUES ('Kenyon16@gmail.com');
INSERT INTO ft_specializes_in VALUES ('Kenyon16@gmail.com', 'Gecko', 4);
INSERT INTO ft_specializes_in VALUES ('Kenyon16@gmail.com', 'Guinea Fowl', 17);

INSERT INTO person VALUES ('Trenton_Ratke@gmail.com', 'Sandy Dooley', '$2b$10$rIqmDwqhToE5DdadwTSgAumidK31FcRio6eY269JUDGC5PiPNEoIK', '498 Boyd Crossing', 90982639, 'user', 'https://s3.amazonaws.com/uifaces/faces/twitter/YoungCutlass/128.jpg');

INSERT INTO person VALUES ('Merritt.Bradtke@gmail.com', 'Marcelle Collins', '$2b$10$rIqmDwqhToE5DdadwTSgAuGqe1cNfhkdC3QvGKt2a8pguThDKiFGS', '0108 Murazik Curve', 90906180, 'user', 'https://s3.amazonaws.com/uifaces/faces/twitter/lowie/128.jpg');
INSERT INTO credit_card VALUES (6771988033128735, 'Merritt.Bradtke@gmail.com', '2025-06-24T07:33:22.955Z', 615);
INSERT INTO pet VALUES ('Yadira', 'Merritt.Bradtke@gmail.com', 'Guinea Pig', 'Qui aut natus odit odit aliquam.', 'Sint in et.');
INSERT INTO full_time_ct VALUES ('Merritt.Bradtke@gmail.com');
INSERT INTO ft_specializes_in VALUES ('Merritt.Bradtke@gmail.com', 'Burro', 1);
INSERT INTO ft_specializes_in VALUES ('Merritt.Bradtke@gmail.com', 'Fish', 14);
INSERT INTO ft_specializes_in VALUES ('Merritt.Bradtke@gmail.com', 'Mule', 19);

INSERT INTO person VALUES ('Graham49@gmail.com', 'Paul Christiansen', '$2b$10$rIqmDwqhToE5DdadwTSgAu47p/4I3JA84WY8EdTjHld5eDPM48yZ.', '59783 Waelchi Highway', 90311051, 'user', 'https://s3.amazonaws.com/uifaces/faces/twitter/andrewarrow/128.jpg');

INSERT INTO person VALUES ('Garnett.Walter56@hotmail.com', 'Tania Smith', '$2b$10$rIqmDwqhToE5DdadwTSgAuN1t0UGT24UYsO5wfats/idZ5ptX32Au', '03269 Nikolaus Circles', 90694252, 'user', 'https://s3.amazonaws.com/uifaces/faces/twitter/erwanhesry/128.jpg');
INSERT INTO credit_card VALUES (6396434948068578, 'Garnett.Walter56@hotmail.com', '2021-03-06T10:31:28.560Z', 276);
INSERT INTO pet VALUES ('Kylee', 'Garnett.Walter56@hotmail.com', 'Geese (Chinese Swan Goose)', 'Quae vel fuga qui et nostrum voluptate.', 'Modi sit aut magni et ut odit.');

INSERT INTO person VALUES ('Chaim.Dach78@gmail.com', 'Bennie Brakus', '$2b$10$rIqmDwqhToE5DdadwTSgAuRiUHLTwZ3Jn1njVsFv2RQmMYNKgXkw2', '0774 Nelson Park', 90462723, 'user', 'https://s3.amazonaws.com/uifaces/faces/twitter/bruno_mart/128.jpg');
INSERT INTO credit_card VALUES (3529492848887605, 'Chaim.Dach78@gmail.com', '2023-08-07T12:24:45.352Z', 569);
INSERT INTO pet VALUES ('Lois', 'Chaim.Dach78@gmail.com', 'Horse', 'Assumenda vel voluptas in illum quia sint odit molestiae.', 'Tempora aut recusandae maxime et debitis occaecati mollitia.');
INSERT INTO part_time_ct VALUES ('Chaim.Dach78@gmail.com');
INSERT INTO pt_free_schedule VALUES ('Chaim.Dach78@gmail.com', '2020-11-14T09:22:15.572Z', '2021-07-17T16:36:57.256Z');
INSERT INTO pt_specializes_in VALUES ('Chaim.Dach78@gmail.com', 'Chameleons (Veiled)', 11);
INSERT INTO pt_specializes_in VALUES ('Chaim.Dach78@gmail.com', 'Chicken', 3);

INSERT INTO person VALUES ('Lelia82@hotmail.com', 'Marjolaine Rau', '$2b$10$rIqmDwqhToE5DdadwTSgAuBu2dNcAxud1CLP3g9vhC7ndQGUnKPAK', '074 Syble Hills', 90241233, 'user', 'https://s3.amazonaws.com/uifaces/faces/twitter/markolschesky/128.jpg');

INSERT INTO person VALUES ('Cameron.Nader@hotmail.com', 'Kaitlin Gottlieb', '$2b$10$rIqmDwqhToE5DdadwTSgAuomLBiJCBaLZMVAHxHYUywYCodPeJVOS', '4128 Pacocha Curve', 90268596, 'user', 'https://s3.amazonaws.com/uifaces/faces/twitter/de_ascanio/128.jpg');
INSERT INTO part_time_ct VALUES ('Cameron.Nader@hotmail.com');
INSERT INTO pt_free_schedule VALUES ('Cameron.Nader@hotmail.com', '2020-11-14T18:50:05.653Z', '2021-09-24T23:45:20.100Z');
INSERT INTO pt_specializes_in VALUES ('Cameron.Nader@hotmail.com', 'Duck', 12);
INSERT INTO pt_specializes_in VALUES ('Cameron.Nader@hotmail.com', 'Pig', 9);

INSERT INTO person VALUES ('Stephany.Luettgen73@gmail.com', 'Marlene OKeefe', '$2b$10$rIqmDwqhToE5DdadwTSgAuhgTkEMaRrw6ABGq7nCwbnNi6y/Ojb2K', '269 Shanon Pass', 90095533, 'user', 'https://s3.amazonaws.com/uifaces/faces/twitter/nsamoylov/128.jpg');
INSERT INTO credit_card VALUES (6706041952729341, 'Stephany.Luettgen73@gmail.com', '2021-07-22T13:03:00.036Z', 976);
INSERT INTO pet VALUES ('Donald', 'Stephany.Luettgen73@gmail.com', 'Pigeon', 'Esse quos eum eos velit consequuntur porro quis in ex.', 'Consequatur est eos et sit impedit eligendi.');
INSERT INTO full_time_ct VALUES ('Stephany.Luettgen73@gmail.com');
INSERT INTO ft_specializes_in VALUES ('Stephany.Luettgen73@gmail.com', 'Bird', 6);

INSERT INTO person VALUES ('Destinee_Upton12@yahoo.com', 'Demarcus Hyatt', '$2b$10$rIqmDwqhToE5DdadwTSgAu9Kczm98jCSWwVw.reqb1/fOpwWqS7wO', '62955 Julianne Falls', 90230440, 'user', 'https://s3.amazonaws.com/uifaces/faces/twitter/kucingbelang4/128.jpg');

INSERT INTO person VALUES ('Luther_Goodwin38@yahoo.com', 'Catalina Prohaska', '$2b$10$rIqmDwqhToE5DdadwTSgAuNsjDHbC/IJd78I5tF23k0PQ.BY4UnEa', '791 Annabel View', 90765089, 'user', 'https://s3.amazonaws.com/uifaces/faces/twitter/pyronite/128.jpg');
INSERT INTO credit_card VALUES (5893100841691737, 'Luther_Goodwin38@yahoo.com', '2021-10-02T20:21:33.003Z', 627);
INSERT INTO pet VALUES ('Pearl', 'Luther_Goodwin38@yahoo.com', 'Goat', 'Fugit architecto accusamus amet minima non nostrum alias.', 'Aut facilis ducimus expedita incidunt animi.');
INSERT INTO part_time_ct VALUES ('Luther_Goodwin38@yahoo.com');
INSERT INTO pt_free_schedule VALUES ('Luther_Goodwin38@yahoo.com', '2020-11-14T23:01:23.328Z', '2020-12-08T07:02:39.524Z');
INSERT INTO pt_specializes_in VALUES ('Luther_Goodwin38@yahoo.com', 'Gerbil', 12);
INSERT INTO pt_specializes_in VALUES ('Luther_Goodwin38@yahoo.com', 'Pig', 17);
INSERT INTO pt_specializes_in VALUES ('Luther_Goodwin38@yahoo.com', 'Rabbit', 15);

INSERT INTO person VALUES ('Cole78@gmail.com', 'Cordelia Heaney', '$2b$10$rIqmDwqhToE5DdadwTSgAuF20gHZnD2xN.tlUzeZ63DN7qI3UbeHW', '911 Fahey Meadows', 90802495, 'user', 'https://s3.amazonaws.com/uifaces/faces/twitter/nicolai_larsen/128.jpg');
INSERT INTO credit_card VALUES (6473978354179889, 'Cole78@gmail.com', '2020-11-22T19:58:23.882Z', 620);
INSERT INTO pet VALUES ('Clinton', 'Cole78@gmail.com', 'Chameleons (Veiled)', 'Dolorem aliquid omnis harum.', 'Odio corporis iure.');

INSERT INTO person VALUES ('Alaina.Glover84@gmail.com', 'Gregg Yundt', '$2b$10$rIqmDwqhToE5DdadwTSgAug3kpE.F5.rF9X3dySacI45PULIdRWle', '77612 Missouri Inlet', 90655175, 'user', 'https://s3.amazonaws.com/uifaces/faces/twitter/rdbannon/128.jpg');
INSERT INTO full_time_ct VALUES ('Alaina.Glover84@gmail.com');
INSERT INTO ft_specializes_in VALUES ('Alaina.Glover84@gmail.com', 'Bearded Dragon', 8);
INSERT INTO ft_specializes_in VALUES ('Alaina.Glover84@gmail.com', 'Gecko', 12);
INSERT INTO ft_specializes_in VALUES ('Alaina.Glover84@gmail.com', 'Lizard', 7);

INSERT INTO person VALUES ('Silas_Hahn77@hotmail.com', 'Leila Runolfsdottir', '$2b$10$rIqmDwqhToE5DdadwTSgAuaTAzLs61SmiZ85DUPkTgbkCUKfpMP5O', '529 Urban Neck', 90705937, 'user', 'https://s3.amazonaws.com/uifaces/faces/twitter/a1chapone/128.jpg');
INSERT INTO credit_card VALUES (6382654831981601, 'Silas_Hahn77@hotmail.com', '2023-10-03T19:46:22.870Z', 671);
INSERT INTO pet VALUES ('Gino', 'Silas_Hahn77@hotmail.com', 'Gecko', 'Aut earum nulla omnis voluptates.', 'Pariatur enim perferendis qui qui.');
INSERT INTO full_time_ct VALUES ('Silas_Hahn77@hotmail.com');
INSERT INTO ft_specializes_in VALUES ('Silas_Hahn77@hotmail.com', 'Chicken', 13);
INSERT INTO ft_specializes_in VALUES ('Silas_Hahn77@hotmail.com', 'Gecko', 20);
INSERT INTO ft_specializes_in VALUES ('Silas_Hahn77@hotmail.com', 'Pig', 14);

INSERT INTO person VALUES ('Pamela_Haag36@hotmail.com', 'Reggie Crooks', '$2b$10$rIqmDwqhToE5DdadwTSgAuTYx0PBuuzB9AGpAa766h7d.VqZmR.Ae', '457 Runolfsson Fords', 90994870, 'user', 'https://s3.amazonaws.com/uifaces/faces/twitter/rikas/128.jpg');
INSERT INTO credit_card VALUES (5587465930677132, 'Pamela_Haag36@hotmail.com', '2022-06-27T22:05:05.948Z', 638);
INSERT INTO pet VALUES ('Dusty', 'Pamela_Haag36@hotmail.com', 'Guinea Pig', 'Quis voluptas ut et temporibus modi omnis.', 'Autem nam exercitationem quis accusantium illum iusto in ex aut.');

INSERT INTO person VALUES ('Claudia17@gmail.com', 'Rachel Buckridge', '$2b$10$rIqmDwqhToE5DdadwTSgAuHnLJ0YmwextN4yyFHSPTbbAVqAmAxGS', '100 Katheryn Junctions', 90852490, 'user', 'https://s3.amazonaws.com/uifaces/faces/twitter/ntfblog/128.jpg');

INSERT INTO person VALUES ('Karlie59@yahoo.com', 'Josefina Conroy', '$2b$10$rIqmDwqhToE5DdadwTSgAuR3VcpGq5ocSoBuGmBFTdPIesUkk9Ini', '9835 Mayer Expressway', 90130655, 'user', 'https://s3.amazonaws.com/uifaces/faces/twitter/skkirilov/128.jpg');
INSERT INTO credit_card VALUES (6440623416626899, 'Karlie59@yahoo.com', '2024-11-11T16:09:37.501Z', 132);
INSERT INTO pet VALUES ('Anastasia', 'Karlie59@yahoo.com', 'Hog', 'Alias perspiciatis qui aut architecto deleniti rerum magnam.', 'Consequatur enim fugiat.');

INSERT INTO person VALUES ('Shana17@gmail.com', 'Madeline Kilback', '$2b$10$rIqmDwqhToE5DdadwTSgAuv/T.AuBxOKpzOqNBNfcLJhhjNGYa4XS', '3362 Idella Mews', 90292254, 'user', 'https://s3.amazonaws.com/uifaces/faces/twitter/denisepires/128.jpg');

INSERT INTO person VALUES ('Noah.Marvin35@yahoo.com', 'Madalyn Borer', '$2b$10$rIqmDwqhToE5DdadwTSgAu4mWagqAiaPtyh5NcXUZv/WT9D8FXUjS', '7733 Jessica Plain', 90499457, 'user', 'https://s3.amazonaws.com/uifaces/faces/twitter/manekenthe/128.jpg');
INSERT INTO credit_card VALUES (3529956788982903, 'Noah.Marvin35@yahoo.com', '2021-11-04T20:35:36.073Z', 734);
INSERT INTO pet VALUES ('Tabitha', 'Noah.Marvin35@yahoo.com', 'Llama', 'Beatae aut odio accusamus voluptatem sed vel.', 'Earum minima exercitationem perspiciatis expedita expedita non est.');
INSERT INTO part_time_ct VALUES ('Noah.Marvin35@yahoo.com');
INSERT INTO pt_free_schedule VALUES ('Noah.Marvin35@yahoo.com', '2020-11-14T10:36:08.533Z', '2021-09-02T11:15:29.653Z');
INSERT INTO pt_specializes_in VALUES ('Noah.Marvin35@yahoo.com', 'Donkey', 17);
INSERT INTO pt_specializes_in VALUES ('Noah.Marvin35@yahoo.com', 'Goat', 12);

INSERT INTO person VALUES ('Dahlia.Runolfsson@gmail.com', 'Heaven McDermott', '$2b$10$rIqmDwqhToE5DdadwTSgAuEhjtwmFRqcEW6PO5HzjMaX5cysBTsrG', '995 Anais Port', 90297914, 'user', 'https://s3.amazonaws.com/uifaces/faces/twitter/baluli/128.jpg');

INSERT INTO person VALUES ('Natalia_Stoltenberg3@hotmail.com', 'Markus Breitenberg', '$2b$10$rIqmDwqhToE5DdadwTSgAuO/Lghmo8wxG0YYNLYSKxq0U1qGeRSLO', '6953 Alvis Squares', 90561848, 'user', 'https://s3.amazonaws.com/uifaces/faces/twitter/divya/128.jpg');
INSERT INTO credit_card VALUES (6771869162655580, 'Natalia_Stoltenberg3@hotmail.com', '2022-03-19T17:32:00.677Z', 597);
INSERT INTO pet VALUES ('Luther', 'Natalia_Stoltenberg3@hotmail.com', 'Fish', 'Nobis qui veritatis et aut ut quia odio commodi soluta.', 'Quibusdam ea ab quidem eos commodi autem.');
INSERT INTO part_time_ct VALUES ('Natalia_Stoltenberg3@hotmail.com');
INSERT INTO pt_free_schedule VALUES ('Natalia_Stoltenberg3@hotmail.com', '2020-11-15T03:41:36.241Z', '2021-03-25T22:55:54.451Z');
INSERT INTO pt_specializes_in VALUES ('Natalia_Stoltenberg3@hotmail.com', 'Chicken', 9);
INSERT INTO pt_specializes_in VALUES ('Natalia_Stoltenberg3@hotmail.com', 'Chinese Water Dragon', 5);
INSERT INTO pt_specializes_in VALUES ('Natalia_Stoltenberg3@hotmail.com', 'Hog', 6);

INSERT INTO person VALUES ('Reinhold_McDermott@yahoo.com', 'Ellsworth Lynch', '$2b$10$rIqmDwqhToE5DdadwTSgAuop.LU9Ou4ZU41Tp3FDl7zHGYcVnnhAS', '96405 Terry Spur', 90053967, 'user', 'https://s3.amazonaws.com/uifaces/faces/twitter/axel/128.jpg');
INSERT INTO credit_card VALUES (30156007506019, 'Reinhold_McDermott@yahoo.com', '2020-12-05T18:34:53.897Z', 282);
INSERT INTO pet VALUES ('Darby', 'Reinhold_McDermott@yahoo.com', 'Iguana', 'Fugit enim voluptates molestiae qui sed tempora.', 'Enim qui et.');

INSERT INTO person VALUES ('Jarret.Daugherty54@gmail.com', 'Alexander Howell', '$2b$10$rIqmDwqhToE5DdadwTSgAuWwZs9vmt8U2nFhMSxXez.LUsu7SWEwW', '09917 Douglas Groves', 90834328, 'user', 'https://s3.amazonaws.com/uifaces/faces/twitter/jasonmarkjones/128.jpg');

INSERT INTO person VALUES ('Melvin.Stoltenberg@yahoo.com', 'Dayne Lind', '$2b$10$rIqmDwqhToE5DdadwTSgAue2INqntDHSY5kgQM3lfpDZ2cCIJUtYa', '194 Trantow Locks', 90359881, 'user', 'https://s3.amazonaws.com/uifaces/faces/twitter/michaelcolenso/128.jpg');
INSERT INTO credit_card VALUES (4708350396275, 'Melvin.Stoltenberg@yahoo.com', '2023-08-04T08:33:19.899Z', 902);
INSERT INTO pet VALUES ('Jesus', 'Melvin.Stoltenberg@yahoo.com', 'Hog', 'Fugiat repellat ex adipisci enim deserunt vero ut illo exercitationem.', 'Dicta iure perferendis.');

INSERT INTO person VALUES ('Yvette5@hotmail.com', 'Brigitte Orn', '$2b$10$rIqmDwqhToE5DdadwTSgAufPhX20XQdKelIpMYgIrftHqitDoMbXK', '697 Kaylie Court', 90838886, 'user', 'https://s3.amazonaws.com/uifaces/faces/twitter/supervova/128.jpg');

INSERT INTO person VALUES ('Ona.Schroeder@gmail.com', 'Irma Orn', '$2b$10$rIqmDwqhToE5DdadwTSgAunjr/QQl3u4pWULDUoLB.F6zZW3kBH/m', '69043 Xzavier Corners', 90003783, 'user', 'https://s3.amazonaws.com/uifaces/faces/twitter/aio___/128.jpg');
INSERT INTO credit_card VALUES (6380230517877965, 'Ona.Schroeder@gmail.com', '2023-04-20T17:33:01.536Z', 365);
INSERT INTO pet VALUES ('Louvenia', 'Ona.Schroeder@gmail.com', 'Pigeon', 'Labore perspiciatis at excepturi nam vel.', 'Aliquam ut qui tenetur totam voluptatum ullam sit.');
INSERT INTO full_time_ct VALUES ('Ona.Schroeder@gmail.com');
INSERT INTO ft_specializes_in VALUES ('Ona.Schroeder@gmail.com', 'Chinchilla', 13);
INSERT INTO ft_specializes_in VALUES ('Ona.Schroeder@gmail.com', 'Gerbil', 10);
INSERT INTO ft_specializes_in VALUES ('Ona.Schroeder@gmail.com', 'Lizard', 8);

INSERT INTO person VALUES ('Josefa.Turcotte34@yahoo.com', 'Veda Cruickshank', '$2b$10$rIqmDwqhToE5DdadwTSgAuYHtYszxZuTAOSiG1BrXZ7kqSdtD9Npy', '49416 Leonor Turnpike', 90073113, 'user', 'https://s3.amazonaws.com/uifaces/faces/twitter/gcmorley/128.jpg');
INSERT INTO full_time_ct VALUES ('Josefa.Turcotte34@yahoo.com');
INSERT INTO ft_specializes_in VALUES ('Josefa.Turcotte34@yahoo.com', 'Chinchilla', 10);
INSERT INTO ft_specializes_in VALUES ('Josefa.Turcotte34@yahoo.com', 'Hamster', 1);
INSERT INTO ft_specializes_in VALUES ('Josefa.Turcotte34@yahoo.com', 'Mice', 19);

INSERT INTO person VALUES ('Randal_Bednar19@yahoo.com', 'Kasey Green', '$2b$10$rIqmDwqhToE5DdadwTSgAu2084a.lapjhVOpEIeiAbS5wsPT8SASK', '551 Luella Mountain', 90680850, 'user', 'https://s3.amazonaws.com/uifaces/faces/twitter/boxmodel/128.jpg');
INSERT INTO part_time_ct VALUES ('Randal_Bednar19@yahoo.com');
INSERT INTO pt_free_schedule VALUES ('Randal_Bednar19@yahoo.com', '2020-11-14T22:56:43.697Z', '2021-03-02T01:15:16.398Z');
INSERT INTO pt_specializes_in VALUES ('Randal_Bednar19@yahoo.com', 'Hog', 13);

INSERT INTO person VALUES ('Ivy_Witting22@gmail.com', 'Antwon Daugherty', '$2b$10$rIqmDwqhToE5DdadwTSgAuFTTx7x96.FxbASHuRdnBDGQaQoutkFq', '467 Eve Rest', 90662320, 'user', 'https://s3.amazonaws.com/uifaces/faces/twitter/nateschulte/128.jpg');

INSERT INTO person VALUES ('Winnifred_Goldner92@gmail.com', 'Jules Corkery', '$2b$10$rIqmDwqhToE5DdadwTSgAusn7KvaveqFDWGOB/1geZ/enGv3SdXSu', '633 Boyle Loaf', 90264749, 'user', 'https://s3.amazonaws.com/uifaces/faces/twitter/kirangopal/128.jpg');

INSERT INTO person VALUES ('Floyd71@gmail.com', 'Cathryn Torp', '$2b$10$rIqmDwqhToE5DdadwTSgAuLvvbHUDmVl4RDSuW5bI/GMPK6gr98g6', '43378 Muller Locks', 90624126, 'user', 'https://s3.amazonaws.com/uifaces/faces/twitter/jeremiaha/128.jpg');

INSERT INTO person VALUES ('Julianne36@hotmail.com', 'Murphy Batz', '$2b$10$rIqmDwqhToE5DdadwTSgAuWuOkGLdwVNTUM49uznHXHyiZOEpcWrS', '198 Rolfson Ville', 90567921, 'user', 'https://s3.amazonaws.com/uifaces/faces/twitter/ionuss/128.jpg');
INSERT INTO full_time_ct VALUES ('Julianne36@hotmail.com');
INSERT INTO ft_specializes_in VALUES ('Julianne36@hotmail.com', 'Chicken', 20);
INSERT INTO ft_specializes_in VALUES ('Julianne36@hotmail.com', 'Ferret', 5);
INSERT INTO ft_specializes_in VALUES ('Julianne36@hotmail.com', 'Ponie', 5);

INSERT INTO person VALUES ('Darian.Windler@hotmail.com', 'Maribel OReilly', '$2b$10$rIqmDwqhToE5DdadwTSgAuRgwOmqUp99hzt3CDCQcyxdo1dMYkqJe', '100 Hills Walk', 90309319, 'user', 'https://s3.amazonaws.com/uifaces/faces/twitter/josevnclch/128.jpg');
INSERT INTO part_time_ct VALUES ('Darian.Windler@hotmail.com');
INSERT INTO pt_free_schedule VALUES ('Darian.Windler@hotmail.com', '2020-11-14T17:14:27.179Z', '2021-11-05T21:42:20.611Z');
INSERT INTO pt_specializes_in VALUES ('Darian.Windler@hotmail.com', 'Gecko', 2);

INSERT INTO person VALUES ('Keven_Rodriguez@yahoo.com', 'Trace Prosacco', '$2b$10$rIqmDwqhToE5DdadwTSgAumLGMqLr8REPCioz7ghjkuQJUd65tx96', '775 Kuhn Loop', 90928699, 'user', 'https://s3.amazonaws.com/uifaces/faces/twitter/dgajjar/128.jpg');

INSERT INTO person VALUES ('Shanny.Kuhn59@hotmail.com', 'Palma Mosciski', '$2b$10$rIqmDwqhToE5DdadwTSgAuTEB1V8Td6B4UtwYuiGLQWj6hkozZsuC', '36676 Adams Isle', 90027722, 'user', 'https://s3.amazonaws.com/uifaces/faces/twitter/cbracco/128.jpg');

INSERT INTO person VALUES ('Hilario53@yahoo.com', 'Nichole Bauch', '$2b$10$rIqmDwqhToE5DdadwTSgAu3FepNaVQxWD3uQAH2SqyNWmySVX0VWq', '51592 Koelpin Dale', 90411461, 'user', 'https://s3.amazonaws.com/uifaces/faces/twitter/paulfarino/128.jpg');

INSERT INTO person VALUES ('Enola.Halvorson@gmail.com', 'Kamren Thiel', '$2b$10$rIqmDwqhToE5DdadwTSgAuHB.lewFD8vQG.H1wWz25M.XAqCBh9lG', '7455 Jerald Track', 90741568, 'user', 'https://s3.amazonaws.com/uifaces/faces/twitter/calebogden/128.jpg');
INSERT INTO part_time_ct VALUES ('Enola.Halvorson@gmail.com');
INSERT INTO pt_free_schedule VALUES ('Enola.Halvorson@gmail.com', '2020-11-14T20:18:21.887Z', '2021-03-01T19:40:12.671Z');
INSERT INTO pt_specializes_in VALUES ('Enola.Halvorson@gmail.com', 'Chinchilla', 5);
INSERT INTO pt_specializes_in VALUES ('Enola.Halvorson@gmail.com', 'Ferret', 6);
INSERT INTO pt_specializes_in VALUES ('Enola.Halvorson@gmail.com', 'Llama', 2);

INSERT INTO person VALUES ('Christine.Schumm@hotmail.com', 'Deanna Abbott', '$2b$10$rIqmDwqhToE5DdadwTSgAuSSTJORssDsD7DBIfEx7wKiQq8OQRApi', '80377 Nienow Extension', 90237997, 'user', 'https://s3.amazonaws.com/uifaces/faces/twitter/ruehldesign/128.jpg');
INSERT INTO full_time_ct VALUES ('Christine.Schumm@hotmail.com');
INSERT INTO ft_specializes_in VALUES ('Christine.Schumm@hotmail.com', 'Hamster', 3);

INSERT INTO person VALUES ('Easter.Blanda@yahoo.com', 'Bertha Hoeger', '$2b$10$rIqmDwqhToE5DdadwTSgAu6foJf0y0/Ozp8uElLFiz0sWZH1doaAG', '8683 Bergstrom Prairie', 90675354, 'user', 'https://s3.amazonaws.com/uifaces/faces/twitter/giuliusa/128.jpg');
INSERT INTO full_time_ct VALUES ('Easter.Blanda@yahoo.com');
INSERT INTO ft_specializes_in VALUES ('Easter.Blanda@yahoo.com', 'Fish', 12);
INSERT INTO ft_specializes_in VALUES ('Easter.Blanda@yahoo.com', 'Horse', 16);

INSERT INTO person VALUES ('Brendon.Jakubowski6@gmail.com', 'Mckayla Dach', '$2b$10$rIqmDwqhToE5DdadwTSgAu8z1tou5eqLb/kArf.NZc4tvihaVH9UO', '806 Ortiz Parkways', 90099921, 'user', 'https://s3.amazonaws.com/uifaces/faces/twitter/Talbi_ConSept/128.jpg');
INSERT INTO credit_card VALUES (6709016524576216, 'Brendon.Jakubowski6@gmail.com', '2021-04-18T10:20:04.077Z', 118);
INSERT INTO pet VALUES ('Laverne', 'Brendon.Jakubowski6@gmail.com', 'Guinea Pig', 'Labore autem esse qui suscipit.', 'Labore nulla dolorem nesciunt enim velit sequi aut quia.');

INSERT INTO person VALUES ('Aylin.Kuhic22@yahoo.com', 'Kristopher Nikolaus', '$2b$10$rIqmDwqhToE5DdadwTSgAu.Jd16EzUvMLkcZXtoKa3XcCS1nwaUs2', '56698 Chloe Run', 90867624, 'user', 'https://s3.amazonaws.com/uifaces/faces/twitter/rickdt/128.jpg');

INSERT INTO person VALUES ('Earline38@yahoo.com', 'Lyric Schuster', '$2b$10$rIqmDwqhToE5DdadwTSgAu3YEq5AxJYRpALx5dBaSZB3Zx4ZWgRd6', '78895 Clemens Isle', 90146679, 'user', 'https://s3.amazonaws.com/uifaces/faces/twitter/kushsolitary/128.jpg');
INSERT INTO full_time_ct VALUES ('Earline38@yahoo.com');
INSERT INTO ft_specializes_in VALUES ('Earline38@yahoo.com', 'Horse', 0);
INSERT INTO ft_specializes_in VALUES ('Earline38@yahoo.com', 'Rabbit', 5);

INSERT INTO person VALUES ('Rodrick35@gmail.com', 'Shemar Wehner', '$2b$10$rIqmDwqhToE5DdadwTSgAuZaQJvljQOXJGe/6ht1xmDUz/2yoGkSK', '59278 Shanahan Knoll', 90890489, 'user', 'https://s3.amazonaws.com/uifaces/faces/twitter/_dwite_/128.jpg');
INSERT INTO credit_card VALUES (3528365665487076, 'Rodrick35@gmail.com', '2022-01-16T11:56:45.067Z', 954);
INSERT INTO pet VALUES ('Raymundo', 'Rodrick35@gmail.com', 'Bird', 'Et reiciendis dicta.', 'Voluptates voluptatem illo veniam perferendis molestias.');

INSERT INTO person VALUES ('Chesley.Brekke@yahoo.com', 'Eliseo Padberg', '$2b$10$rIqmDwqhToE5DdadwTSgAuu4oNGnLwsIqqSz98BYaE80C5gQ7Gwvy', '02010 Randal Mount', 90125660, 'user', 'https://s3.amazonaws.com/uifaces/faces/twitter/kevka/128.jpg');
INSERT INTO credit_card VALUES (6767879080540217, 'Chesley.Brekke@yahoo.com', '2024-07-27T18:45:43.939Z', 170);
INSERT INTO pet VALUES ('Aliya', 'Chesley.Brekke@yahoo.com', 'Mule', 'Ratione reprehenderit minima laudantium reprehenderit sed.', 'At voluptatem minima hic dolorem ad.');
INSERT INTO full_time_ct VALUES ('Chesley.Brekke@yahoo.com');
INSERT INTO ft_specializes_in VALUES ('Chesley.Brekke@yahoo.com', 'Guinea Fowl', 17);

INSERT INTO person VALUES ('Octavia.Borer@gmail.com', 'Shana Ernser', '$2b$10$rIqmDwqhToE5DdadwTSgAuOxn7S8fyA83CBQkUJaN5yZAO60VL3TG', '651 Ledner Terrace', 90097210, 'user', 'https://s3.amazonaws.com/uifaces/faces/twitter/ainsleywagon/128.jpg');
INSERT INTO credit_card VALUES (6304968865723185, 'Octavia.Borer@gmail.com', '2023-07-13T02:41:19.771Z', 120);
INSERT INTO pet VALUES ('Nicole', 'Octavia.Borer@gmail.com', 'Hedgehog', 'Eius possimus reprehenderit dolor libero voluptas reiciendis adipisci odit unde.', 'Veniam perspiciatis voluptas sit.');

INSERT INTO person VALUES ('Kaya_Miller@yahoo.com', 'Elody Wolff', '$2b$10$rIqmDwqhToE5DdadwTSgAuLMPJNE.SzSS3PuWHiG3YTAh4dixB3i2', '9423 Gaylord Freeway', 90006132, 'user', 'https://s3.amazonaws.com/uifaces/faces/twitter/darcystonge/128.jpg');
INSERT INTO credit_card VALUES (6304956046329984, 'Kaya_Miller@yahoo.com', '2025-03-10T06:06:52.043Z', 146);
INSERT INTO pet VALUES ('Penelope', 'Kaya_Miller@yahoo.com', 'Pig', 'Et maxime vero.', 'Vero sunt est veritatis qui et eligendi quos aspernatur.');
INSERT INTO part_time_ct VALUES ('Kaya_Miller@yahoo.com');
INSERT INTO pt_free_schedule VALUES ('Kaya_Miller@yahoo.com', '2020-11-14T18:41:10.047Z', '2021-02-08T19:36:41.430Z');
INSERT INTO pt_specializes_in VALUES ('Kaya_Miller@yahoo.com', 'Gecko', 9);
INSERT INTO pt_specializes_in VALUES ('Kaya_Miller@yahoo.com', 'Pig', 4);

INSERT INTO person VALUES ('Patricia66@yahoo.com', 'Erin Johnston', '$2b$10$rIqmDwqhToE5DdadwTSgAunE/N7iyasBXk3dqt7qrAIpvhjKuc2U.', '10055 Jose Extensions', 90635802, 'user', 'https://s3.amazonaws.com/uifaces/faces/twitter/xiel/128.jpg');

INSERT INTO person VALUES ('Kaycee_Yundt46@gmail.com', 'Jakob Stroman', '$2b$10$rIqmDwqhToE5DdadwTSgAug1PioDdUdAhqcVVrIn2k7aaZcAeBSge', '2396 Arnoldo Estate', 90581682, 'user', 'https://s3.amazonaws.com/uifaces/faces/twitter/salimianoff/128.jpg');
INSERT INTO credit_card VALUES (30555884489755, 'Kaycee_Yundt46@gmail.com', '2022-11-07T16:48:48.926Z', 903);
INSERT INTO pet VALUES ('Franco', 'Kaycee_Yundt46@gmail.com', 'Rabbit', 'Aut deleniti corrupti.', 'Ipsam deserunt doloribus sapiente amet dolorem architecto.');

INSERT INTO person VALUES ('Dexter_Lockman@gmail.com', 'Athena Pfeffer', '$2b$10$rIqmDwqhToE5DdadwTSgAuas6IfMz/6Y9Glts2OWvsYc1UbXrcXgC', '965 Bins Causeway', 90382857, 'user', 'https://s3.amazonaws.com/uifaces/faces/twitter/dgclegg/128.jpg');
INSERT INTO credit_card VALUES (6767603345766664, 'Dexter_Lockman@gmail.com', '2022-03-10T12:31:38.841Z', 915);
INSERT INTO pet VALUES ('Viviane', 'Dexter_Lockman@gmail.com', 'Burro', 'Quis eligendi inventore neque ea maiores consequatur ut.', 'Suscipit officiis nihil sunt quo beatae eos.');

INSERT INTO person VALUES ('German65@hotmail.com', 'Domenico Parisian', '$2b$10$rIqmDwqhToE5DdadwTSgAug/M.4hN9.CTbpwQPV7aFgcZsAgCS.Ie', '2584 Haag Port', 90794314, 'user', 'https://s3.amazonaws.com/uifaces/faces/twitter/karsh/128.jpg');
INSERT INTO credit_card VALUES (6706530523710801, 'German65@hotmail.com', '2022-05-11T22:04:31.330Z', 630);
INSERT INTO pet VALUES ('Annetta', 'German65@hotmail.com', 'Goat', 'Facilis voluptatem est.', 'Quos unde nisi voluptatibus perferendis dicta voluptate.');

INSERT INTO person VALUES ('Edgar_Lesch@yahoo.com', 'Pearlie Franecki', '$2b$10$rIqmDwqhToE5DdadwTSgAu8nx9qMH5kW8my8a/1jnfdPWljohdyiy', '291 Schowalter Manor', 90684570, 'user', 'https://s3.amazonaws.com/uifaces/faces/twitter/kolmarlopez/128.jpg');
INSERT INTO credit_card VALUES (36897834773771, 'Edgar_Lesch@yahoo.com', '2021-03-19T07:49:51.167Z', 091);
INSERT INTO pet VALUES ('Darrin', 'Edgar_Lesch@yahoo.com', 'Duck', 'Voluptatem possimus adipisci aut minima quia.', 'Inventore laborum quae esse.');

INSERT INTO person VALUES ('Marcel37@yahoo.com', 'Bell Carter', '$2b$10$rIqmDwqhToE5DdadwTSgAuwtV2Yeb6O.BHqfhoAGopcw39HeCBnEe', '458 Stracke Knoll', 90994703, 'user', 'https://s3.amazonaws.com/uifaces/faces/twitter/sgaurav_baghel/128.jpg');
INSERT INTO full_time_ct VALUES ('Marcel37@yahoo.com');
INSERT INTO ft_specializes_in VALUES ('Marcel37@yahoo.com', 'Lizard', 5);
INSERT INTO ft_specializes_in VALUES ('Marcel37@yahoo.com', 'Mule', 7);

INSERT INTO person VALUES ('Georgianna.Rowe@hotmail.com', 'Kyler Adams', '$2b$10$rIqmDwqhToE5DdadwTSgAuQbo1le.DVjxWjiUOu9jZ6.xLtKnEkGK', '93498 Gutmann Knolls', 90975656, 'user', 'https://s3.amazonaws.com/uifaces/faces/twitter/kimcool/128.jpg');

INSERT INTO person VALUES ('Sidney20@gmail.com', 'Vergie Veum', '$2b$10$rIqmDwqhToE5DdadwTSgAufFqjNTWFLgGlK3AAlgeJvEoIxcagG.C', '453 Cole Ramp', 90493810, 'user', 'https://s3.amazonaws.com/uifaces/faces/twitter/michalhron/128.jpg');
INSERT INTO credit_card VALUES (6771896728977397, 'Sidney20@gmail.com', '2021-05-12T02:35:35.097Z', 684);
INSERT INTO pet VALUES ('Raheem', 'Sidney20@gmail.com', 'Pig', 'Voluptate rem eum et numquam deserunt.', 'Maxime tempora totam voluptate minima qui consequuntur eligendi facilis non.');

INSERT INTO person VALUES ('Vicente63@gmail.com', 'Seamus Fadel', '$2b$10$rIqmDwqhToE5DdadwTSgAumM6pg1f87U51BbILH0vjN2HKVp4fQIm', '9280 Jalen Trail', 90507642, 'user', 'https://s3.amazonaws.com/uifaces/faces/twitter/herkulano/128.jpg');
INSERT INTO credit_card VALUES (6706718450457851, 'Vicente63@gmail.com', '2021-08-04T08:08:36.987Z', 792);
INSERT INTO pet VALUES ('Alejandra', 'Vicente63@gmail.com', 'Donkey', 'Atque consectetur dolorem.', 'Corrupti voluptate illum quasi.');
INSERT INTO part_time_ct VALUES ('Vicente63@gmail.com');
INSERT INTO pt_free_schedule VALUES ('Vicente63@gmail.com', '2020-11-15T00:00:40.402Z', '2021-06-03T17:05:02.339Z');
INSERT INTO pt_specializes_in VALUES ('Vicente63@gmail.com', 'Bird', 1);
INSERT INTO pt_specializes_in VALUES ('Vicente63@gmail.com', 'Guinea Fowl', 16);
INSERT INTO pt_specializes_in VALUES ('Vicente63@gmail.com', 'Pot Bellied Pig', 14);

INSERT INTO person VALUES ('Dorothy.Muller@yahoo.com', 'Kara Rogahn', '$2b$10$rIqmDwqhToE5DdadwTSgAuv65Q5iUkExXRblzuDDhbMHiOEUr1Xcq', '6236 Ransom Lodge', 90068157, 'user', 'https://s3.amazonaws.com/uifaces/faces/twitter/9lessons/128.jpg');
INSERT INTO credit_card VALUES (5400828581546305, 'Dorothy.Muller@yahoo.com', '2022-11-09T21:01:13.604Z', 736);
INSERT INTO pet VALUES ('Nya', 'Dorothy.Muller@yahoo.com', 'Gecko', 'Harum enim ab maxime praesentium.', 'Suscipit iste repellat.');
INSERT INTO part_time_ct VALUES ('Dorothy.Muller@yahoo.com');
INSERT INTO pt_free_schedule VALUES ('Dorothy.Muller@yahoo.com', '2020-11-15T06:55:10.025Z', '2021-05-03T21:37:13.844Z');
INSERT INTO pt_specializes_in VALUES ('Dorothy.Muller@yahoo.com', 'Hedgehog', 17);

INSERT INTO person VALUES ('Jany84@yahoo.com', 'Shanny Collins', '$2b$10$rIqmDwqhToE5DdadwTSgAuErIFU4EJhMCRLbYl5PWC3JvP4AeEreq', '08503 Bogisich Spring', 90167425, 'user', 'https://s3.amazonaws.com/uifaces/faces/twitter/_dwite_/128.jpg');
INSERT INTO full_time_ct VALUES ('Jany84@yahoo.com');
INSERT INTO ft_specializes_in VALUES ('Jany84@yahoo.com', 'Bird', 9);

INSERT INTO person VALUES ('Zion.Wehner92@hotmail.com', 'Keshawn Romaguera', '$2b$10$rIqmDwqhToE5DdadwTSgAua.afHWNZe4eMvIQdZOL3cP8No1rlEKi', '699 Alexys Crossroad', 90149538, 'user', 'https://s3.amazonaws.com/uifaces/faces/twitter/ahmadajmi/128.jpg');

INSERT INTO person VALUES ('Willie_Kassulke@gmail.com', 'Krystina Oberbrunner', '$2b$10$rIqmDwqhToE5DdadwTSgAu4d9/uaDSdv3ndWKUewnr9dwcuRu1utu', '9130 Welch Summit', 90393442, 'user', 'https://s3.amazonaws.com/uifaces/faces/twitter/moynihan/128.jpg');
INSERT INTO full_time_ct VALUES ('Willie_Kassulke@gmail.com');
INSERT INTO ft_specializes_in VALUES ('Willie_Kassulke@gmail.com', 'Llama', 17);
INSERT INTO ft_specializes_in VALUES ('Willie_Kassulke@gmail.com', 'Pig', 13);

INSERT INTO person VALUES ('Alexzander_Cole38@hotmail.com', 'Sandy Lynch', '$2b$10$rIqmDwqhToE5DdadwTSgAuU4zwreiFPIWgcLUyRKK2Yvs/G8ZcBLW', '550 Malcolm Via', 90917242, 'user', 'https://s3.amazonaws.com/uifaces/faces/twitter/id835559/128.jpg');
INSERT INTO credit_card VALUES (4491189352577442, 'Alexzander_Cole38@hotmail.com', '2024-11-01T01:13:48.655Z', 821);
INSERT INTO pet VALUES ('Kraig', 'Alexzander_Cole38@hotmail.com', 'Chinchilla', 'Beatae consequatur nam sit rerum esse.', 'Fugit nihil inventore blanditiis.');

INSERT INTO person VALUES ('Haskell.Ratke@yahoo.com', 'Lemuel Steuber', '$2b$10$rIqmDwqhToE5DdadwTSgAu3LqGn0IZJW8XZ0pdTLQM4PG3w3CWDx2', '5740 Ankunding Curve', 90088897, 'user', 'https://s3.amazonaws.com/uifaces/faces/twitter/andrewofficer/128.jpg');
INSERT INTO credit_card VALUES (3553092957406463, 'Haskell.Ratke@yahoo.com', '2021-08-29T03:56:44.839Z', 091);
INSERT INTO pet VALUES ('Cecil', 'Haskell.Ratke@yahoo.com', 'Donkey', 'Aspernatur nesciunt aliquid aut et in alias ducimus voluptas quae.', 'Ullam labore totam quisquam recusandae autem ipsum ut.');

INSERT INTO person VALUES ('Casper_Fadel59@gmail.com', 'Giovanny Fadel', '$2b$10$rIqmDwqhToE5DdadwTSgAu92HfyagTSDplQTUmR4XiMJhFywYt52G', '8579 Cassin Islands', 90474885, 'user', 'https://s3.amazonaws.com/uifaces/faces/twitter/kvasnic/128.jpg');

INSERT INTO person VALUES ('Gracie_Moore13@gmail.com', 'Fabian Lockman', '$2b$10$rIqmDwqhToE5DdadwTSgAuV0oxvz.ndAAWxqV5nzLkXG0TCmKcRRW', '0429 Heidi Extensions', 90612252, 'user', 'https://s3.amazonaws.com/uifaces/faces/twitter/taybenlor/128.jpg');
INSERT INTO credit_card VALUES (30319716797463, 'Gracie_Moore13@gmail.com', '2021-01-02T02:24:50.514Z', 730);
INSERT INTO pet VALUES ('Mariah', 'Gracie_Moore13@gmail.com', 'Lizard', 'Nam itaque vero explicabo natus qui.', 'Quaerat illo provident laboriosam molestiae cumque voluptatem.');
INSERT INTO part_time_ct VALUES ('Gracie_Moore13@gmail.com');
INSERT INTO pt_free_schedule VALUES ('Gracie_Moore13@gmail.com', '2020-11-14T23:56:09.040Z', '2021-03-30T13:56:51.005Z');
INSERT INTO pt_specializes_in VALUES ('Gracie_Moore13@gmail.com', 'Bearded Dragon', 3);

INSERT INTO person VALUES ('Ezekiel64@hotmail.com', 'Else Cormier', '$2b$10$rIqmDwqhToE5DdadwTSgAu3icA7AdRtLCJWXt22MXms2AtJKaetBG', '2544 Mertz Summit', 90298066, 'user', 'https://s3.amazonaws.com/uifaces/faces/twitter/chris_witko/128.jpg');
INSERT INTO full_time_ct VALUES ('Ezekiel64@hotmail.com');
INSERT INTO ft_specializes_in VALUES ('Ezekiel64@hotmail.com', 'Peafowl', 16);

INSERT INTO person VALUES ('Paula.Price@yahoo.com', 'Philip Moore', '$2b$10$rIqmDwqhToE5DdadwTSgAuUInI7mJqkkJ/FqPmetedGoBS2wg7wTy', '650 Alana Lodge', 90934536, 'user', 'https://s3.amazonaws.com/uifaces/faces/twitter/popey/128.jpg');
INSERT INTO credit_card VALUES (4034875080098487, 'Paula.Price@yahoo.com', '2023-03-14T13:19:45.785Z', 641);
INSERT INTO pet VALUES ('Brett', 'Paula.Price@yahoo.com', 'Rabbit', 'Et ipsam quae dolorem amet.', 'Ut eum minus laudantium nisi voluptate.');
INSERT INTO part_time_ct VALUES ('Paula.Price@yahoo.com');
INSERT INTO pt_free_schedule VALUES ('Paula.Price@yahoo.com', '2020-11-14T15:20:04.426Z', '2021-06-17T19:34:11.321Z');
INSERT INTO pt_specializes_in VALUES ('Paula.Price@yahoo.com', 'Horse', 11);
INSERT INTO pt_specializes_in VALUES ('Paula.Price@yahoo.com', 'Iguana', 2);

INSERT INTO person VALUES ('Adeline.Tillman@gmail.com', 'Keenan Orn', '$2b$10$rIqmDwqhToE5DdadwTSgAu6uRoVyupJeGOsbFFqYE.xzUotRCJTzq', '6620 Teagan Lakes', 90616278, 'user', 'https://s3.amazonaws.com/uifaces/faces/twitter/dparrelli/128.jpg');

INSERT INTO person VALUES ('Yvonne_Bartell@gmail.com', 'Bradley Jacobs', '$2b$10$rIqmDwqhToE5DdadwTSgAu7wgx4CB5/kbN7w.mDBd1h9PBjZFR8Eu', '9469 Kling Estate', 90411519, 'user', 'https://s3.amazonaws.com/uifaces/faces/twitter/danvernon/128.jpg');

INSERT INTO person VALUES ('Warren.Anderson77@hotmail.com', 'Marge Walter', '$2b$10$rIqmDwqhToE5DdadwTSgAuFEI9gN7cIbVt3u9ilxcX31XJ1mcK5ta', '8819 Kaia Summit', 90785535, 'user', 'https://s3.amazonaws.com/uifaces/faces/twitter/rangafangs/128.jpg');
INSERT INTO part_time_ct VALUES ('Warren.Anderson77@hotmail.com');
INSERT INTO pt_free_schedule VALUES ('Warren.Anderson77@hotmail.com', '2020-11-15T01:20:54.493Z', '2021-09-02T23:23:15.922Z');
INSERT INTO pt_specializes_in VALUES ('Warren.Anderson77@hotmail.com', 'Burro', 8);
INSERT INTO pt_specializes_in VALUES ('Warren.Anderson77@hotmail.com', 'Chinese Water Dragon', 5);
INSERT INTO pt_specializes_in VALUES ('Warren.Anderson77@hotmail.com', 'Hedgehog', 11);

INSERT INTO person VALUES ('Damon.Kulas@yahoo.com', 'Kadin Rolfson', '$2b$10$rIqmDwqhToE5DdadwTSgAuRDnJ2MoYN/KdDb.Ll/xI8pinjQYchcy', '8119 McClure Junction', 90128790, 'user', 'https://s3.amazonaws.com/uifaces/faces/twitter/brandonmorreale/128.jpg');
INSERT INTO part_time_ct VALUES ('Damon.Kulas@yahoo.com');
INSERT INTO pt_free_schedule VALUES ('Damon.Kulas@yahoo.com', '2020-11-15T02:40:35.661Z', '2021-08-16T08:00:27.306Z');
INSERT INTO pt_specializes_in VALUES ('Damon.Kulas@yahoo.com', 'Mice', 9);

INSERT INTO person VALUES ('Chauncey_Anderson33@yahoo.com', 'Johnathan Metz', '$2b$10$rIqmDwqhToE5DdadwTSgAumrZ.lp9yOgGxn21xiD3s3nLtTo/na.u', '380 Orpha Ridge', 90681439, 'user', 'https://s3.amazonaws.com/uifaces/faces/twitter/dannol/128.jpg');

INSERT INTO person VALUES ('Aglae_Windler@gmail.com', 'Eve Lubowitz', '$2b$10$rIqmDwqhToE5DdadwTSgAuZ4ADUwvHbH/WRNJMd9yw8QGhK0STdtG', '72384 Lemuel Meadow', 90751319, 'user', 'https://s3.amazonaws.com/uifaces/faces/twitter/konus/128.jpg');
INSERT INTO part_time_ct VALUES ('Aglae_Windler@gmail.com');
INSERT INTO pt_free_schedule VALUES ('Aglae_Windler@gmail.com', '2020-11-14T09:05:37.503Z', '2021-09-18T14:29:09.303Z');
INSERT INTO pt_specializes_in VALUES ('Aglae_Windler@gmail.com', 'Peafowl', 17);

INSERT INTO person VALUES ('Leif_Gerhold64@yahoo.com', 'Otis Heaney', '$2b$10$rIqmDwqhToE5DdadwTSgAuNQ0Z9pTlm1dPL4z.AxMQTTDJ6FSf6CC', '0622 Lowe Mount', 90466613, 'user', 'https://s3.amazonaws.com/uifaces/faces/twitter/taybenlor/128.jpg');
INSERT INTO credit_card VALUES (3528042077222977, 'Leif_Gerhold64@yahoo.com', '2021-09-14T15:24:09.695Z', 925);
INSERT INTO pet VALUES ('Krystel', 'Leif_Gerhold64@yahoo.com', 'Iguana', 'Nam ratione sit nulla corporis aperiam fugiat quis corporis nisi.', 'Nihil rerum sint aut voluptatum voluptatem.');
INSERT INTO part_time_ct VALUES ('Leif_Gerhold64@yahoo.com');
INSERT INTO pt_free_schedule VALUES ('Leif_Gerhold64@yahoo.com', '2020-11-14T10:01:52.933Z', '2020-12-11T23:34:12.587Z');
INSERT INTO pt_specializes_in VALUES ('Leif_Gerhold64@yahoo.com', 'Llama', 12);

INSERT INTO person VALUES ('Kathleen_Wiegand3@hotmail.com', 'Aliza McDermott', '$2b$10$rIqmDwqhToE5DdadwTSgAuc97i42t0wphxWXkWEJDP66awvg3NB5W', '130 Franz Village', 90158613, 'user', 'https://s3.amazonaws.com/uifaces/faces/twitter/newbrushes/128.jpg');
INSERT INTO credit_card VALUES (6478044077619680, 'Kathleen_Wiegand3@hotmail.com', '2022-04-13T17:01:17.362Z', 880);
INSERT INTO pet VALUES ('Mauricio', 'Kathleen_Wiegand3@hotmail.com', 'Chameleons (Veiled)', 'Impedit magni et nihil deleniti cupiditate voluptatum optio aliquid perspiciatis.', 'Sit et est exercitationem repellat necessitatibus non et dicta hic.');

INSERT INTO person VALUES ('Heath_Fahey62@gmail.com', 'Danyka Fadel', '$2b$10$rIqmDwqhToE5DdadwTSgAuQb9kkKSq7l46sdwQnw2Q6Bm8b0TbrFa', '3343 Lula Crossroad', 90086745, 'user', 'https://s3.amazonaws.com/uifaces/faces/twitter/elliotlewis/128.jpg');
INSERT INTO full_time_ct VALUES ('Heath_Fahey62@gmail.com');
INSERT INTO ft_specializes_in VALUES ('Heath_Fahey62@gmail.com', 'Cow', 0);
INSERT INTO ft_specializes_in VALUES ('Heath_Fahey62@gmail.com', 'Ferret', 4);
INSERT INTO ft_specializes_in VALUES ('Heath_Fahey62@gmail.com', 'Ponie', 9);

INSERT INTO person VALUES ('Krista78@yahoo.com', 'Kaylie Lockman', '$2b$10$rIqmDwqhToE5DdadwTSgAuUCa3c4XP2HAr.Ig4ul0A44YBbL04Wsi', '34024 Giovanni Common', 90943505, 'user', 'https://s3.amazonaws.com/uifaces/faces/twitter/jonkspr/128.jpg');
INSERT INTO credit_card VALUES (6388811146307161, 'Krista78@yahoo.com', '2020-12-16T16:43:16.036Z', 531);
INSERT INTO pet VALUES ('Gregg', 'Krista78@yahoo.com', 'Chinese Water Dragon', 'Enim tenetur sunt facilis.', 'Animi rerum qui quia dignissimos non consequuntur.');

INSERT INTO person VALUES ('Zoey87@yahoo.com', 'Destiny Rau', '$2b$10$rIqmDwqhToE5DdadwTSgAu1jXjM2II21rnbjBKNDZOu4WGX8IIUJi', '3506 Percival Green', 90999397, 'user', 'https://s3.amazonaws.com/uifaces/faces/twitter/wim1k/128.jpg');
INSERT INTO part_time_ct VALUES ('Zoey87@yahoo.com');
INSERT INTO pt_free_schedule VALUES ('Zoey87@yahoo.com', '2020-11-14T09:43:36.088Z', '2021-09-24T08:19:13.961Z');
INSERT INTO pt_specializes_in VALUES ('Zoey87@yahoo.com', 'Chameleons (Veiled)', 1);
INSERT INTO pt_specializes_in VALUES ('Zoey87@yahoo.com', 'Hog', 8);
INSERT INTO pt_specializes_in VALUES ('Zoey87@yahoo.com', 'Ponie', 15);

INSERT INTO person VALUES ('Kyler32@hotmail.com', 'Reid Ritchie', '$2b$10$rIqmDwqhToE5DdadwTSgAuuEmrgUqZSAIwbY0XZSMfUd/hK9W3KSm', '45101 Jorge Locks', 90035922, 'user', 'https://s3.amazonaws.com/uifaces/faces/twitter/ooomz/128.jpg');
INSERT INTO credit_card VALUES (6759249824195522, 'Kyler32@hotmail.com', '2022-01-29T23:03:48.784Z', 085);
INSERT INTO pet VALUES ('Marcellus', 'Kyler32@hotmail.com', 'Lizard', 'Sunt quisquam voluptatum maxime et.', 'Corrupti ducimus qui consequatur et.');
INSERT INTO part_time_ct VALUES ('Kyler32@hotmail.com');
INSERT INTO pt_free_schedule VALUES ('Kyler32@hotmail.com', '2020-11-15T00:29:46.570Z', '2021-06-08T12:30:41.331Z');
INSERT INTO pt_specializes_in VALUES ('Kyler32@hotmail.com', 'Iguana', 20);
INSERT INTO pt_specializes_in VALUES ('Kyler32@hotmail.com', 'Mule', 9);

INSERT INTO person VALUES ('Immanuel13@gmail.com', 'Jeffrey Johnston', '$2b$10$rIqmDwqhToE5DdadwTSgAu/840t3AdpPJFCIOCEvfTsFQi3rP637m', '010 Darien Shoals', 90775250, 'user', 'https://s3.amazonaws.com/uifaces/faces/twitter/bluefx_/128.jpg');
INSERT INTO credit_card VALUES (4775852779421168, 'Immanuel13@gmail.com', '2021-01-12T10:39:39.546Z', 018);
INSERT INTO pet VALUES ('Merlin', 'Immanuel13@gmail.com', 'Gerbil', 'Alias accusantium laboriosam deleniti enim porro enim labore est rem.', 'Modi qui fuga sint occaecati minima consequatur assumenda doloribus.');

INSERT INTO person VALUES ('Kennith_Hane@gmail.com', 'Laverna Simonis', '$2b$10$rIqmDwqhToE5DdadwTSgAugmZAsGm49rGB1/Fo3NafPFXbOhCfE.6', '3234 Lesch Island', 90269118, 'user', 'https://s3.amazonaws.com/uifaces/faces/twitter/omnizya/128.jpg');
INSERT INTO credit_card VALUES (6446620293244614, 'Kennith_Hane@gmail.com', '2021-03-09T13:55:57.280Z', 321);
INSERT INTO pet VALUES ('Forrest', 'Kennith_Hane@gmail.com', 'Hog', 'Porro optio assumenda.', 'Modi ipsa illum.');
INSERT INTO full_time_ct VALUES ('Kennith_Hane@gmail.com');
INSERT INTO ft_specializes_in VALUES ('Kennith_Hane@gmail.com', 'Hamster', 5);

INSERT INTO person VALUES ('Chet.Kulas@gmail.com', 'Danielle Reichel', '$2b$10$rIqmDwqhToE5DdadwTSgAuDk1rQnyWHi4wnuW6iLmKO5.0STHJid2', '78076 Greenholt Valley', 90239013, 'user', 'https://s3.amazonaws.com/uifaces/faces/twitter/jeremery/128.jpg');
INSERT INTO full_time_ct VALUES ('Chet.Kulas@gmail.com');
INSERT INTO ft_specializes_in VALUES ('Chet.Kulas@gmail.com', 'Cow', 2);
INSERT INTO ft_specializes_in VALUES ('Chet.Kulas@gmail.com', 'Gecko', 2);

INSERT INTO person VALUES ('Oscar0@yahoo.com', 'Cassidy Welch', '$2b$10$rIqmDwqhToE5DdadwTSgAuPLfZ7lqq2ps.luNMWgSv73h1aQfuXDO', '703 Jakubowski Bypass', 90018279, 'user', 'https://s3.amazonaws.com/uifaces/faces/twitter/ooomz/128.jpg');
INSERT INTO full_time_ct VALUES ('Oscar0@yahoo.com');
INSERT INTO ft_specializes_in VALUES ('Oscar0@yahoo.com', 'Guinea Fowl', 18);
INSERT INTO ft_specializes_in VALUES ('Oscar0@yahoo.com', 'Hedgehog', 3);
INSERT INTO ft_specializes_in VALUES ('Oscar0@yahoo.com', 'Peafowl', 5);

INSERT INTO person VALUES ('Alexandre47@gmail.com', 'Muhammad Conroy', '$2b$10$rIqmDwqhToE5DdadwTSgAuJZtGdSmsYw3wrEKPI2MVPeDvNqVuBIq', '605 Balistreri Hills', 90619524, 'user', 'https://s3.amazonaws.com/uifaces/faces/twitter/rdsaunders/128.jpg');
INSERT INTO part_time_ct VALUES ('Alexandre47@gmail.com');
INSERT INTO pt_free_schedule VALUES ('Alexandre47@gmail.com', '2020-11-14T18:17:38.770Z', '2021-03-21T22:34:15.882Z');
INSERT INTO pt_specializes_in VALUES ('Alexandre47@gmail.com', 'Gecko', 3);
INSERT INTO pt_specializes_in VALUES ('Alexandre47@gmail.com', 'Horse', 2);
INSERT INTO pt_specializes_in VALUES ('Alexandre47@gmail.com', 'Llama', 4);

INSERT INTO person VALUES ('Brad.Pollich@yahoo.com', 'Neil Roberts', '$2b$10$rIqmDwqhToE5DdadwTSgAu1pk20wYYnCdc1cipMYwKUwzPyCj6UQS', '2042 Upton Skyway', 90160685, 'user', 'https://s3.amazonaws.com/uifaces/faces/twitter/herrhaase/128.jpg');
INSERT INTO credit_card VALUES (6304825141317040, 'Brad.Pollich@yahoo.com', '2020-11-30T06:28:51.032Z', 125);
INSERT INTO pet VALUES ('Alberta', 'Brad.Pollich@yahoo.com', 'Chicken', 'Iste voluptas aliquam.', 'Atque architecto tenetur occaecati in assumenda ex ad impedit non.');
INSERT INTO full_time_ct VALUES ('Brad.Pollich@yahoo.com');
INSERT INTO ft_specializes_in VALUES ('Brad.Pollich@yahoo.com', 'Pot Bellied Pig', 13);

INSERT INTO person VALUES ('Stanton.Smitham69@yahoo.com', 'Cale Ward', '$2b$10$rIqmDwqhToE5DdadwTSgAukOTxt4c0nxWxplV28oNmKXHntNxWD1y', '6790 Emely Branch', 90211466, 'user', 'https://s3.amazonaws.com/uifaces/faces/twitter/marclgonzales/128.jpg');
INSERT INTO full_time_ct VALUES ('Stanton.Smitham69@yahoo.com');
INSERT INTO ft_specializes_in VALUES ('Stanton.Smitham69@yahoo.com', 'Bird', 5);

INSERT INTO person VALUES ('Markus.Lang@hotmail.com', 'Karen Sauer', '$2b$10$rIqmDwqhToE5DdadwTSgAu0ZGuuWaVpmbwjSkzjdjo/zi08QOzW.K', '88311 Kautzer Squares', 90253299, 'user', 'https://s3.amazonaws.com/uifaces/faces/twitter/snowshade/128.jpg');
INSERT INTO credit_card VALUES (6759261611375955, 'Markus.Lang@hotmail.com', '2021-03-17T05:06:59.191Z', 923);
INSERT INTO pet VALUES ('Gavin', 'Markus.Lang@hotmail.com', 'Cow', 'Quia labore voluptatem eum.', 'Fugiat et natus.');
INSERT INTO full_time_ct VALUES ('Markus.Lang@hotmail.com');
INSERT INTO ft_specializes_in VALUES ('Markus.Lang@hotmail.com', 'Mice', 9);

INSERT INTO person VALUES ('Vincent_Deckow88@gmail.com', 'Damaris Witting', '$2b$10$rIqmDwqhToE5DdadwTSgAu/C8Pc2XIzj/E9eVr6kuAmoPurYVceF6', '036 Bergnaum Shoal', 90006092, 'user', 'https://s3.amazonaws.com/uifaces/faces/twitter/boxmodel/128.jpg');
INSERT INTO credit_card VALUES (30258510863438, 'Vincent_Deckow88@gmail.com', '2021-06-21T06:16:52.260Z', 171);
INSERT INTO pet VALUES ('Raoul', 'Vincent_Deckow88@gmail.com', 'Mule', 'Et cupiditate assumenda voluptatem unde quaerat rem architecto a delectus.', 'Rem minus doloremque nesciunt.');
INSERT INTO full_time_ct VALUES ('Vincent_Deckow88@gmail.com');
INSERT INTO ft_specializes_in VALUES ('Vincent_Deckow88@gmail.com', 'Chameleons (Veiled)', 12);

INSERT INTO person VALUES ('Arianna.Waelchi@gmail.com', 'Enoch Gislason', '$2b$10$rIqmDwqhToE5DdadwTSgAuy7cuG3ma3pcpSsI/rgujwEzpzkFlKOm', '69209 Kuhic Meadows', 90685313, 'user', 'https://s3.amazonaws.com/uifaces/faces/twitter/alevizio/128.jpg');
INSERT INTO credit_card VALUES (3528457548970147, 'Arianna.Waelchi@gmail.com', '2022-08-27T01:54:18.003Z', 009);
INSERT INTO pet VALUES ('Wiley', 'Arianna.Waelchi@gmail.com', 'Burro', 'Ipsum illum est unde doloremque.', 'Deserunt blanditiis voluptate non.');

INSERT INTO person VALUES ('Aylin1@yahoo.com', 'Stephania Zieme', '$2b$10$rIqmDwqhToE5DdadwTSgAu0nmkxPEbtXfeV4RbCEZFkdQjOTquQPG', '233 Berge Extensions', 90099016, 'user', 'https://s3.amazonaws.com/uifaces/faces/twitter/hugocornejo/128.jpg');
INSERT INTO credit_card VALUES (5482369561849016, 'Aylin1@yahoo.com', '2023-09-27T18:52:49.136Z', 527);
INSERT INTO pet VALUES ('Jaquan', 'Aylin1@yahoo.com', 'Cow', 'Dolor in qui.', 'Accusantium et sequi voluptatem reprehenderit quibusdam quidem.');

INSERT INTO person VALUES ('Keenan.Grady80@hotmail.com', 'Floyd Weissnat', '$2b$10$rIqmDwqhToE5DdadwTSgAuJNrnliy4tB9/TkkdXBlrVVlQAyak8BS', '84309 Medhurst Stravenue', 90881128, 'user', 'https://s3.amazonaws.com/uifaces/faces/twitter/ooomz/128.jpg');
INSERT INTO credit_card VALUES (6767251130714119, 'Keenan.Grady80@hotmail.com', '2022-12-19T22:36:18.465Z', 879);
INSERT INTO pet VALUES ('Esteban', 'Keenan.Grady80@hotmail.com', 'Bearded Dragon', 'Enim necessitatibus vel vitae dolor fuga velit.', 'Voluptatem aut suscipit et voluptas quaerat iusto odio officiis ex.');

INSERT INTO person VALUES ('Brielle_DAmore71@hotmail.com', 'Barton Rempel', '$2b$10$rIqmDwqhToE5DdadwTSgAu4bnoGdqswwe/jfo8DLCthXM.WxA/jLy', '660 Alek Circle', 90006347, 'user', 'https://s3.amazonaws.com/uifaces/faces/twitter/bartjo/128.jpg');

INSERT INTO person VALUES ('Julia83@hotmail.com', 'Thalia Fahey', '$2b$10$rIqmDwqhToE5DdadwTSgAuvnZ8vOIIWcoYGQKiUKcL1W.iJ/YxtMW', '286 Dejah Orchard', 90368987, 'user', 'https://s3.amazonaws.com/uifaces/faces/twitter/helderleal/128.jpg');

INSERT INTO person VALUES ('Orlando_Hudson56@hotmail.com', 'Sheridan Daniel', '$2b$10$rIqmDwqhToE5DdadwTSgAu4QmoKjy3U2XmvELxWIYN.ZtzRgSFUCu', '50831 Nitzsche Brooks', 90436290, 'user', 'https://s3.amazonaws.com/uifaces/faces/twitter/larrygerard/128.jpg');

INSERT INTO person VALUES ('Shawn_Lehner@yahoo.com', 'Wallace Hilll', '$2b$10$rIqmDwqhToE5DdadwTSgAuKkFEAdSWfLEivbx0JnHYv733ykYrXYG', '825 Caden Street', 90564071, 'user', 'https://s3.amazonaws.com/uifaces/faces/twitter/bluefx_/128.jpg');
INSERT INTO full_time_ct VALUES ('Shawn_Lehner@yahoo.com');
INSERT INTO ft_specializes_in VALUES ('Shawn_Lehner@yahoo.com', 'Geese (Chinese Swan Goose)', 4);

INSERT INTO person VALUES ('Clark.Terry57@gmail.com', 'Anjali White', '$2b$10$rIqmDwqhToE5DdadwTSgAuDvHCHH5FbPY.2.EvFcZcLAVjra9217G', '868 Reymundo Station', 90025217, 'user', 'https://s3.amazonaws.com/uifaces/faces/twitter/dparrelli/128.jpg');
INSERT INTO credit_card VALUES (6304472221487058, 'Clark.Terry57@gmail.com', '2023-09-13T04:43:31.763Z', 092);
INSERT INTO pet VALUES ('Ines', 'Clark.Terry57@gmail.com', 'Burro', 'Amet qui quis velit quos sed rem sint rerum.', 'Officia explicabo ut quo delectus.');
INSERT INTO part_time_ct VALUES ('Clark.Terry57@gmail.com');
INSERT INTO pt_free_schedule VALUES ('Clark.Terry57@gmail.com', '2020-11-14T19:19:09.262Z', '2021-08-10T21:34:10.031Z');
INSERT INTO pt_specializes_in VALUES ('Clark.Terry57@gmail.com', 'Cow', 15);
INSERT INTO pt_specializes_in VALUES ('Clark.Terry57@gmail.com', 'Fish', 18);
INSERT INTO pt_specializes_in VALUES ('Clark.Terry57@gmail.com', 'Pig', 5);

INSERT INTO person VALUES ('Marietta_Barton64@hotmail.com', 'Rosario Herman', '$2b$10$rIqmDwqhToE5DdadwTSgAuW2fQMZYZAcpzZKhjWzsATxpIRrSJNZa', '021 Mills Ferry', 90443601, 'user', 'https://s3.amazonaws.com/uifaces/faces/twitter/aleinadsays/128.jpg');
INSERT INTO part_time_ct VALUES ('Marietta_Barton64@hotmail.com');
INSERT INTO pt_free_schedule VALUES ('Marietta_Barton64@hotmail.com', '2020-11-14T18:34:42.011Z', '2021-05-29T13:12:23.988Z');
INSERT INTO pt_specializes_in VALUES ('Marietta_Barton64@hotmail.com', 'Bearded Dragon', 19);
INSERT INTO pt_specializes_in VALUES ('Marietta_Barton64@hotmail.com', 'Chinese Water Dragon', 16);

INSERT INTO person VALUES ('Jose69@hotmail.com', 'Lorine Terry', '$2b$10$rIqmDwqhToE5DdadwTSgAuIJhlROzaGukMVkZ/ZaINOooXOrsM8z.', '7446 Howell Pike', 90210405, 'user', 'https://s3.amazonaws.com/uifaces/faces/twitter/dmitriychuta/128.jpg');
INSERT INTO credit_card VALUES (3528803458003880, 'Jose69@hotmail.com', '2021-03-30T03:22:57.824Z', 364);
INSERT INTO pet VALUES ('Rosendo', 'Jose69@hotmail.com', 'Pigeon', 'Officia sint autem quo provident quis quibusdam.', 'Maiores est est nobis et eum atque dolorum iusto.');
INSERT INTO full_time_ct VALUES ('Jose69@hotmail.com');
INSERT INTO ft_specializes_in VALUES ('Jose69@hotmail.com', 'Duck', 17);
INSERT INTO ft_specializes_in VALUES ('Jose69@hotmail.com', 'Lizard', 16);

INSERT INTO person VALUES ('Brandyn69@yahoo.com', 'Dovie Stehr', '$2b$10$rIqmDwqhToE5DdadwTSgAuo966UpxFwyG2QXEtarUiJ2ANTEUhFD6', '01305 Jones Station', 90727182, 'user', 'https://s3.amazonaws.com/uifaces/faces/twitter/judzhin_miles/128.jpg');

INSERT INTO person VALUES ('Summer_Lueilwitz86@hotmail.com', 'Alaina Koepp', '$2b$10$rIqmDwqhToE5DdadwTSgAuiZhtZxXgyEa.iL93gyad82umkBEzTmG', '801 Gust Stravenue', 90684899, 'user', 'https://s3.amazonaws.com/uifaces/faces/twitter/jitachi/128.jpg');
INSERT INTO credit_card VALUES (376386843587497, 'Summer_Lueilwitz86@hotmail.com', '2021-10-15T23:48:57.005Z', 460);
INSERT INTO pet VALUES ('Francisco', 'Summer_Lueilwitz86@hotmail.com', 'Geese (Chinese Swan Goose)', 'Nostrum iste numquam eos adipisci repellendus nobis quos sunt aut.', 'Quia necessitatibus quaerat quibusdam.');

INSERT INTO person VALUES ('Dillon.Stiedemann94@yahoo.com', 'Maia Christiansen', '$2b$10$rIqmDwqhToE5DdadwTSgAuaok5WJU4KYX8P5iXChNoTcu4/zQsQqq', '81892 Cassidy Mews', 90911498, 'user', 'https://s3.amazonaws.com/uifaces/faces/twitter/emmeffess/128.jpg');

INSERT INTO person VALUES ('Corene27@hotmail.com', 'Mozell Konopelski', '$2b$10$rIqmDwqhToE5DdadwTSgAuiADYPcoWXSyV8dzZKAMlboV2Mc3JTeu', '38419 Lind Stravenue', 90565533, 'user', 'https://s3.amazonaws.com/uifaces/faces/twitter/marakasina/128.jpg');
INSERT INTO full_time_ct VALUES ('Corene27@hotmail.com');
INSERT INTO ft_specializes_in VALUES ('Corene27@hotmail.com', 'Fish', 4);

INSERT INTO person VALUES ('Mallie45@yahoo.com', 'Stephania Keeling', '$2b$10$rIqmDwqhToE5DdadwTSgAuxxQYiaj96pQiHF3KU.s8FXbfqBegeaO', '88157 Schoen Curve', 90991658, 'user', 'https://s3.amazonaws.com/uifaces/faces/twitter/runningskull/128.jpg');
INSERT INTO full_time_ct VALUES ('Mallie45@yahoo.com');
INSERT INTO ft_specializes_in VALUES ('Mallie45@yahoo.com', 'Hedgehog', 6);
INSERT INTO ft_specializes_in VALUES ('Mallie45@yahoo.com', 'Peafowl', 0);

INSERT INTO person VALUES ('Lacey21@gmail.com', 'Hailee Maggio', '$2b$10$rIqmDwqhToE5DdadwTSgAugvo5xjKpBBRVRyTk98UxTIE9SrPUVL6', '697 Hintz Dam', 90556400, 'user', 'https://s3.amazonaws.com/uifaces/faces/twitter/lingeswaran/128.jpg');

INSERT INTO person VALUES ('Ramiro86@gmail.com', 'Kaden Emard', '$2b$10$rIqmDwqhToE5DdadwTSgAuLmjpEwBUl5oe19TWZKMOnvVOKUqmN4O', '2145 Rudolph Plaza', 90831120, 'user', 'https://s3.amazonaws.com/uifaces/faces/twitter/timpetricola/128.jpg');
INSERT INTO full_time_ct VALUES ('Ramiro86@gmail.com');
INSERT INTO ft_specializes_in VALUES ('Ramiro86@gmail.com', 'Hamster', 9);

INSERT INTO person VALUES ('Ansley52@yahoo.com', 'Jerod Feeney', '$2b$10$rIqmDwqhToE5DdadwTSgAuKZ8k4URzWS5EzJMAvCsovja7npzUrC6', '0290 Nolan Knolls', 90758438, 'user', 'https://s3.amazonaws.com/uifaces/faces/twitter/rtyukmaev/128.jpg');

INSERT INTO person VALUES ('Kailyn.Lang@hotmail.com', 'Kayley Goyette', '$2b$10$rIqmDwqhToE5DdadwTSgAuH/uuwD4dqmeRVSd8Va0INfz240GD1zS', '951 Florida Pine', 90869115, 'user', 'https://s3.amazonaws.com/uifaces/faces/twitter/victorquinn/128.jpg');

INSERT INTO person VALUES ('Raegan42@yahoo.com', 'Meggie Lakin', '$2b$10$rIqmDwqhToE5DdadwTSgAui.VYt3i5YGTny00W3zem1D/8DklRw/y', '58286 Schuppe Hills', 90143703, 'user', 'https://s3.amazonaws.com/uifaces/faces/twitter/adamawesomeface/128.jpg');

INSERT INTO person VALUES ('Andreanne_Jacobson@hotmail.com', 'Lori Mante', '$2b$10$rIqmDwqhToE5DdadwTSgAuXc3fGl8mpoQ6yDLGzS5i1/CANL09Ffa', '97093 Carroll Circle', 90237427, 'user', 'https://s3.amazonaws.com/uifaces/faces/twitter/ryanjohnson_me/128.jpg');
INSERT INTO part_time_ct VALUES ('Andreanne_Jacobson@hotmail.com');
INSERT INTO pt_free_schedule VALUES ('Andreanne_Jacobson@hotmail.com', '2020-11-15T04:52:39.896Z', '2021-10-19T10:10:22.217Z');
INSERT INTO pt_specializes_in VALUES ('Andreanne_Jacobson@hotmail.com', 'Chinchilla', 6);
INSERT INTO pt_specializes_in VALUES ('Andreanne_Jacobson@hotmail.com', 'Donkey', 17);
INSERT INTO pt_specializes_in VALUES ('Andreanne_Jacobson@hotmail.com', 'Pigeon', 8);

INSERT INTO person VALUES ('Clare_McLaughlin72@hotmail.com', 'Betty Spencer', '$2b$10$rIqmDwqhToE5DdadwTSgAuKdlsUM5BLYL8fYbqoVqhQcxzN4N/4xC', '105 Shields Overpass', 90729427, 'user', 'https://s3.amazonaws.com/uifaces/faces/twitter/abdulhyeuk/128.jpg');
INSERT INTO part_time_ct VALUES ('Clare_McLaughlin72@hotmail.com');
INSERT INTO pt_free_schedule VALUES ('Clare_McLaughlin72@hotmail.com', '2020-11-14T12:41:08.566Z', '2020-12-09T13:19:11.720Z');
INSERT INTO pt_specializes_in VALUES ('Clare_McLaughlin72@hotmail.com', 'Bird', 19);

INSERT INTO person VALUES ('Claudie_Hyatt46@gmail.com', 'Rickie Harvey', '$2b$10$rIqmDwqhToE5DdadwTSgAuLgZ4UqDrkLaDZlymNFn0yfPu1DkANa2', '378 West Courts', 90686783, 'user', 'https://s3.amazonaws.com/uifaces/faces/twitter/layerssss/128.jpg');
INSERT INTO full_time_ct VALUES ('Claudie_Hyatt46@gmail.com');
INSERT INTO ft_specializes_in VALUES ('Claudie_Hyatt46@gmail.com', 'Horse', 5);
INSERT INTO ft_specializes_in VALUES ('Claudie_Hyatt46@gmail.com', 'Llama', 6);
INSERT INTO ft_specializes_in VALUES ('Claudie_Hyatt46@gmail.com', 'Lizard', 0);

INSERT INTO person VALUES ('Angie_Stanton@gmail.com', 'Rosalind Denesik', '$2b$10$rIqmDwqhToE5DdadwTSgAuQLHkychoLhXxHYFq10GHpX4hdRKaRtS', '851 Stroman Estate', 90022917, 'user', 'https://s3.amazonaws.com/uifaces/faces/twitter/jonathansimmons/128.jpg');
INSERT INTO credit_card VALUES (6011625807129543, 'Angie_Stanton@gmail.com', '2021-01-06T04:31:47.454Z', 078);
INSERT INTO pet VALUES ('Laury', 'Angie_Stanton@gmail.com', 'Pig', 'Unde illum sed omnis placeat illo eum veritatis consequuntur.', 'Perspiciatis commodi illo inventore et quia nesciunt architecto quia et.');

INSERT INTO person VALUES ('Brenna17@gmail.com', 'Geoffrey Pacocha', '$2b$10$rIqmDwqhToE5DdadwTSgAuvQCKVa8VaH.Ijr3ujOlda0mwhqlh3Gu', '26942 Kelsi Mews', 90819659, 'user', 'https://s3.amazonaws.com/uifaces/faces/twitter/maiklam/128.jpg');
INSERT INTO credit_card VALUES (3529734854655255, 'Brenna17@gmail.com', '2021-03-16T17:19:57.127Z', 497);
INSERT INTO pet VALUES ('Laron', 'Brenna17@gmail.com', 'Hog', 'Temporibus tempore officiis aut a.', 'Quas culpa voluptas repellat.');

INSERT INTO person VALUES ('Domenica.Mueller73@hotmail.com', 'Yvette Witting', '$2b$10$rIqmDwqhToE5DdadwTSgAuVUa8KcYjrnTbeDDBN9HamTat05VWhEy', '4832 Rogahn Plains', 90301814, 'user', 'https://s3.amazonaws.com/uifaces/faces/twitter/andrewabogado/128.jpg');
INSERT INTO credit_card VALUES (6011623748905970, 'Domenica.Mueller73@hotmail.com', '2022-01-22T12:03:29.080Z', 385);
INSERT INTO pet VALUES ('Brent', 'Domenica.Mueller73@hotmail.com', 'Hog', 'Aut aut sint ab similique possimus.', 'Voluptatem dolores hic.');

INSERT INTO person VALUES ('Patrick.Schneider@yahoo.com', 'Fiona Skiles', '$2b$10$rIqmDwqhToE5DdadwTSgAuxT5uFXo.IN1wi0T9dRfnvaYF0D8kOTy', '41923 Strosin Mill', 90398284, 'user', 'https://s3.amazonaws.com/uifaces/faces/twitter/juamperro/128.jpg');

INSERT INTO person VALUES ('Suzanne.Blick85@yahoo.com', 'Rebeka Hilpert', '$2b$10$rIqmDwqhToE5DdadwTSgAuFa3Gyg6QmoWnDlyostrlw4RI4eiy9d.', '55361 Jordyn Mill', 90827250, 'user', 'https://s3.amazonaws.com/uifaces/faces/twitter/derienzo777/128.jpg');
INSERT INTO credit_card VALUES (6398239485800418, 'Suzanne.Blick85@yahoo.com', '2023-04-12T16:59:51.108Z', 922);
INSERT INTO pet VALUES ('Micheal', 'Suzanne.Blick85@yahoo.com', 'Chinese Water Dragon', 'Autem distinctio vero eum quo repudiandae placeat sunt corrupti cupiditate.', 'Inventore minus repudiandae repellat ad.');
INSERT INTO part_time_ct VALUES ('Suzanne.Blick85@yahoo.com');
INSERT INTO pt_free_schedule VALUES ('Suzanne.Blick85@yahoo.com', '2020-11-14T08:25:06.829Z', '2021-10-25T04:06:40.107Z');
INSERT INTO pt_specializes_in VALUES ('Suzanne.Blick85@yahoo.com', 'Hedgehog', 2);
INSERT INTO pt_specializes_in VALUES ('Suzanne.Blick85@yahoo.com', 'Peafowl', 8);
INSERT INTO pt_specializes_in VALUES ('Suzanne.Blick85@yahoo.com', 'Pigeon', 14);

INSERT INTO person VALUES ('Clara.Lebsack@gmail.com', 'Stefanie Daniel', '$2b$10$rIqmDwqhToE5DdadwTSgAuAdO11QQzDx45UKv7viMwA929i4xKOyK', '57621 Daugherty Row', 90937080, 'user', 'https://s3.amazonaws.com/uifaces/faces/twitter/yayteejay/128.jpg');
INSERT INTO credit_card VALUES (5478041368576593, 'Clara.Lebsack@gmail.com', '2021-04-04T18:36:14.513Z', 171);
INSERT INTO pet VALUES ('Sterling', 'Clara.Lebsack@gmail.com', 'Gecko', 'Sit nihil doloremque minus.', 'Necessitatibus aut consequatur earum quia non omnis itaque sunt.');

INSERT INTO person VALUES ('Guido.DuBuque@yahoo.com', 'Dallas Cummings', '$2b$10$rIqmDwqhToE5DdadwTSgAuspWOmtPmpZM8upXWMxxp55B8jE/cDWm', '298 Towne Summit', 90516980, 'user', 'https://s3.amazonaws.com/uifaces/faces/twitter/naupintos/128.jpg');
INSERT INTO part_time_ct VALUES ('Guido.DuBuque@yahoo.com');
INSERT INTO pt_free_schedule VALUES ('Guido.DuBuque@yahoo.com', '2020-11-14T20:36:59.293Z', '2020-12-08T20:10:41.312Z');
INSERT INTO pt_specializes_in VALUES ('Guido.DuBuque@yahoo.com', 'Geese (Chinese Swan Goose)', 0);
INSERT INTO pt_specializes_in VALUES ('Guido.DuBuque@yahoo.com', 'Mice', 8);
INSERT INTO pt_specializes_in VALUES ('Guido.DuBuque@yahoo.com', 'Hog', 13);

INSERT INTO person VALUES ('Raphaelle21@hotmail.com', 'Dan Farrell', '$2b$10$rIqmDwqhToE5DdadwTSgAuX4sntlSB22c3HTCOk667Yn2MseTc0wW', '9198 Gaylord Valley', 90558070, 'user', 'https://s3.amazonaws.com/uifaces/faces/twitter/baires/128.jpg');
INSERT INTO full_time_ct VALUES ('Raphaelle21@hotmail.com');
INSERT INTO ft_specializes_in VALUES ('Raphaelle21@hotmail.com', 'Bird', 18);
INSERT INTO ft_specializes_in VALUES ('Raphaelle21@hotmail.com', 'Ferret', 8);
INSERT INTO ft_specializes_in VALUES ('Raphaelle21@hotmail.com', 'Pigeon', 12);

INSERT INTO person VALUES ('Lurline_Larkin@yahoo.com', 'Sylvan Metz', '$2b$10$rIqmDwqhToE5DdadwTSgAuUh/8CGQ6BBZR9Q2lveFNY7LkoR3PF/G', '747 Ernest Fort', 90226984, 'user', 'https://s3.amazonaws.com/uifaces/faces/twitter/nilshoenson/128.jpg');

INSERT INTO person VALUES ('Nikko_Connelly@gmail.com', 'Glennie Brakus', '$2b$10$rIqmDwqhToE5DdadwTSgAuPRc3xfptEX7pQ5aGeVBMEMLHyqcvBeW', '1038 Llewellyn Hill', 90308389, 'user', 'https://s3.amazonaws.com/uifaces/faces/twitter/louis_currie/128.jpg');
INSERT INTO credit_card VALUES (6384782739670931, 'Nikko_Connelly@gmail.com', '2024-10-12T17:14:15.842Z', 775);
INSERT INTO pet VALUES ('Marguerite', 'Nikko_Connelly@gmail.com', 'Lizard', 'Dolores aspernatur eligendi aliquid autem.', 'In quaerat error nostrum asperiores et est id magni soluta.');
INSERT INTO full_time_ct VALUES ('Nikko_Connelly@gmail.com');
INSERT INTO ft_specializes_in VALUES ('Nikko_Connelly@gmail.com', 'Guinea Fowl', 19);
INSERT INTO ft_specializes_in VALUES ('Nikko_Connelly@gmail.com', 'Rabbit', 13);

INSERT INTO person VALUES ('Kelly89@gmail.com', 'Ellsworth Champlin', '$2b$10$rIqmDwqhToE5DdadwTSgAu44HNYAq.s5VjUHVTeDGRaBMJ5wYhHkq', '862 Nelda Viaduct', 90659894, 'user', 'https://s3.amazonaws.com/uifaces/faces/twitter/adobi/128.jpg');

INSERT INTO person VALUES ('Napoleon_Raynor@hotmail.com', 'Leopoldo Harvey', '$2b$10$rIqmDwqhToE5DdadwTSgAuVJH3HlTbIMg2VZO9yLY.wh4EjxZSxre', '1218 Elise Pike', 90547630, 'user', 'https://s3.amazonaws.com/uifaces/faces/twitter/happypeter1983/128.jpg');
INSERT INTO full_time_ct VALUES ('Napoleon_Raynor@hotmail.com');
INSERT INTO ft_specializes_in VALUES ('Napoleon_Raynor@hotmail.com', 'Geese (Chinese Swan Goose)', 16);
INSERT INTO ft_specializes_in VALUES ('Napoleon_Raynor@hotmail.com', 'Hog', 18);

INSERT INTO person VALUES ('Leif_Dickinson@hotmail.com', 'Ophelia Simonis', '$2b$10$rIqmDwqhToE5DdadwTSgAu4yIqN5vUZLDgYDdsrFl4haDt0lBLgcG', '63673 Jacobi Locks', 90796688, 'user', 'https://s3.amazonaws.com/uifaces/faces/twitter/logorado/128.jpg');
INSERT INTO credit_card VALUES (6398543025835764, 'Leif_Dickinson@hotmail.com', '2021-02-15T19:19:37.270Z', 287);
INSERT INTO pet VALUES ('Turner', 'Leif_Dickinson@hotmail.com', 'Geese (Chinese Swan Goose)', 'Sed est voluptatem soluta enim neque quam.', 'Rerum dolor error.');

INSERT INTO person VALUES ('Osborne_Fahey9@hotmail.com', 'Torey Trantow', '$2b$10$rIqmDwqhToE5DdadwTSgAuIlpXEg5nU2vK6Tok3GfkeKslTqSMV.q', '29500 Ward Canyon', 90383240, 'user', 'https://s3.amazonaws.com/uifaces/faces/twitter/barputro/128.jpg');

INSERT INTO person VALUES ('Myah_Walsh@gmail.com', 'Ellis Hartmann', '$2b$10$rIqmDwqhToE5DdadwTSgAu/0wxA7U6bx4/59bY9.bbtZeyN0eT/Ze', '968 Lamont Heights', 90612298, 'user', 'https://s3.amazonaws.com/uifaces/faces/twitter/hugocornejo/128.jpg');
INSERT INTO credit_card VALUES (6387852994639142, 'Myah_Walsh@gmail.com', '2024-11-25T05:39:53.424Z', 512);
INSERT INTO pet VALUES ('Elvis', 'Myah_Walsh@gmail.com', 'Guinea Pig', 'Aspernatur inventore beatae cupiditate qui ex quis saepe dolor doloribus.', 'Laborum tempore vel placeat corporis veniam autem.');
INSERT INTO full_time_ct VALUES ('Myah_Walsh@gmail.com');
INSERT INTO ft_specializes_in VALUES ('Myah_Walsh@gmail.com', 'Pot Bellied Pig', 5);

INSERT INTO person VALUES ('Katlynn96@hotmail.com', 'Taya Conn', '$2b$10$rIqmDwqhToE5DdadwTSgAug2NvhPyvfo.A1KLw3i/TLpmfAlElCH6', '4450 Elbert Plains', 90414340, 'user', 'https://s3.amazonaws.com/uifaces/faces/twitter/chaabane_wail/128.jpg');
INSERT INTO credit_card VALUES (374286048560846, 'Katlynn96@hotmail.com', '2022-08-07T08:10:33.618Z', 450);
INSERT INTO pet VALUES ('Jennyfer', 'Katlynn96@hotmail.com', 'Fish', 'Expedita nemo ab voluptatum illo nobis.', 'Aut temporibus in unde fugit tempore placeat rerum.');

INSERT INTO person VALUES ('Leanna99@hotmail.com', 'Marjolaine Williamson', '$2b$10$rIqmDwqhToE5DdadwTSgAuobHTt7aur6YN2ZIFHIKNKIwa5OqY7sy', '3095 VonRueden Plains', 90384964, 'user', 'https://s3.amazonaws.com/uifaces/faces/twitter/bassamology/128.jpg');
INSERT INTO credit_card VALUES (6304270239960414, 'Leanna99@hotmail.com', '2022-12-14T16:16:53.915Z', 770);
INSERT INTO pet VALUES ('Letha', 'Leanna99@hotmail.com', 'Burro', 'Nemo ducimus animi fugiat aut aut eligendi voluptas sit et.', 'Vitae consectetur iste.');

INSERT INTO person VALUES ('Alexzander31@hotmail.com', 'Kadin Hermiston', '$2b$10$rIqmDwqhToE5DdadwTSgAueTjIn5xiaMr4BIk9iv.xZdnaplbDy/G', '9976 Clyde Mountain', 90451858, 'user', 'https://s3.amazonaws.com/uifaces/faces/twitter/robbschiller/128.jpg');
INSERT INTO credit_card VALUES (3529184868052101, 'Alexzander31@hotmail.com', '2021-09-18T17:59:34.957Z', 084);
INSERT INTO pet VALUES ('Electa', 'Alexzander31@hotmail.com', 'Llama', 'Et quas quis ipsam omnis saepe.', 'Error aut illum.');
INSERT INTO full_time_ct VALUES ('Alexzander31@hotmail.com');
INSERT INTO ft_specializes_in VALUES ('Alexzander31@hotmail.com', 'Duck', 14);
INSERT INTO ft_specializes_in VALUES ('Alexzander31@hotmail.com', 'Ferret', 17);
INSERT INTO ft_specializes_in VALUES ('Alexzander31@hotmail.com', 'Gerbil', 8);

INSERT INTO person VALUES ('Jedidiah.Collins98@yahoo.com', 'Blaise Jaskolski', '$2b$10$rIqmDwqhToE5DdadwTSgAu9TARFTdkgCConP0Z2bgbvq6/R9yGp4m', '96977 Bechtelar Brook', 90807526, 'user', 'https://s3.amazonaws.com/uifaces/faces/twitter/marcobarbosa/128.jpg');
INSERT INTO full_time_ct VALUES ('Jedidiah.Collins98@yahoo.com');
INSERT INTO ft_specializes_in VALUES ('Jedidiah.Collins98@yahoo.com', 'Horse', 0);

INSERT INTO person VALUES ('Tony_Huel45@hotmail.com', 'Marty Wisoky', '$2b$10$rIqmDwqhToE5DdadwTSgAuQE3AHANzLFDuaRAGa62dRiHOSb/qFQS', '31460 Chadrick Shore', 90513966, 'user', 'https://s3.amazonaws.com/uifaces/faces/twitter/supervova/128.jpg');
INSERT INTO credit_card VALUES (6771892329296883, 'Tony_Huel45@hotmail.com', '2022-01-31T17:52:50.052Z', 448);
INSERT INTO pet VALUES ('Robyn', 'Tony_Huel45@hotmail.com', 'Geese (Chinese Swan Goose)', 'Adipisci illum accusamus.', 'Magni qui omnis fuga et eius.');

INSERT INTO person VALUES ('Destin.Von54@hotmail.com', 'Maybelle Schroeder', '$2b$10$rIqmDwqhToE5DdadwTSgAup2vTmGTGssJR6ErUC7tXnyhB59Sg9i2', '6370 Gulgowski Keys', 90401026, 'user', 'https://s3.amazonaws.com/uifaces/faces/twitter/kolsvein/128.jpg');
INSERT INTO full_time_ct VALUES ('Destin.Von54@hotmail.com');
INSERT INTO ft_specializes_in VALUES ('Destin.Von54@hotmail.com', 'Chinese Water Dragon', 3);
INSERT INTO ft_specializes_in VALUES ('Destin.Von54@hotmail.com', 'Gerbil', 16);
INSERT INTO ft_specializes_in VALUES ('Destin.Von54@hotmail.com', 'Hedgehog', 12);

INSERT INTO person VALUES ('Clarabelle.DuBuque66@yahoo.com', 'Kendrick Hickle', '$2b$10$rIqmDwqhToE5DdadwTSgAuneIqe5c2T7pJ1oQ4P5iEwju6fBouayC', '0039 Wilfrid Burg', 90709565, 'user', 'https://s3.amazonaws.com/uifaces/faces/twitter/lmjabreu/128.jpg');
INSERT INTO part_time_ct VALUES ('Clarabelle.DuBuque66@yahoo.com');
INSERT INTO pt_free_schedule VALUES ('Clarabelle.DuBuque66@yahoo.com', '2020-11-14T14:25:41.472Z', '2021-11-03T21:11:33.076Z');
INSERT INTO pt_specializes_in VALUES ('Clarabelle.DuBuque66@yahoo.com', 'Fish', 14);

INSERT INTO person VALUES ('Forrest_Cummerata@hotmail.com', 'Kaela Nader', '$2b$10$rIqmDwqhToE5DdadwTSgAufGOLZQy/oEsewovqM1Awo0wrIKyIZea', '430 Hassie Forks', 90344640, 'user', 'https://s3.amazonaws.com/uifaces/faces/twitter/garand/128.jpg');

INSERT INTO person VALUES ('Alphonso.Feest88@hotmail.com', 'Joan OKeefe', '$2b$10$rIqmDwqhToE5DdadwTSgAuW4a.aLzFHkaxOzTGXfp1XRrPOMoHliu', '692 Kiel Union', 90642491, 'user', 'https://s3.amazonaws.com/uifaces/faces/twitter/finchjke/128.jpg');

INSERT INTO person VALUES ('Paris.Pagac@yahoo.com', 'Laury Trantow', '$2b$10$rIqmDwqhToE5DdadwTSgAuFXuD/sTR2fFOPPbw9OjcE0e0uHzgsA6', '765 Elva Row', 90245473, 'user', 'https://s3.amazonaws.com/uifaces/faces/twitter/trueblood_33/128.jpg');
INSERT INTO full_time_ct VALUES ('Paris.Pagac@yahoo.com');
INSERT INTO ft_specializes_in VALUES ('Paris.Pagac@yahoo.com', 'Geese (Chinese Swan Goose)', 8);
INSERT INTO ft_specializes_in VALUES ('Paris.Pagac@yahoo.com', 'Iguana', 14);

INSERT INTO person VALUES ('Cortez.Jast91@yahoo.com', 'Damaris Bradtke', '$2b$10$rIqmDwqhToE5DdadwTSgAuWnxfoFkcG6KoF0aJtvE7XEFEpzYreqG', '3095 Tremayne Shoals', 90602858, 'user', 'https://s3.amazonaws.com/uifaces/faces/twitter/ahmadajmi/128.jpg');

INSERT INTO person VALUES ('Bettye_Mante@yahoo.com', 'Aniyah Douglas', '$2b$10$rIqmDwqhToE5DdadwTSgAuALH9lcMI1Ce/n/2n5j5kp4UFrsrrobm', '6798 Kassandra Green', 90254450, 'user', 'https://s3.amazonaws.com/uifaces/faces/twitter/namankreative/128.jpg');
INSERT INTO part_time_ct VALUES ('Bettye_Mante@yahoo.com');
INSERT INTO pt_free_schedule VALUES ('Bettye_Mante@yahoo.com', '2020-11-14T13:08:57.134Z', '2021-09-12T01:57:30.485Z');
INSERT INTO pt_specializes_in VALUES ('Bettye_Mante@yahoo.com', 'Chinchilla', 7);
INSERT INTO pt_specializes_in VALUES ('Bettye_Mante@yahoo.com', 'Hedgehog', 1);

INSERT INTO person VALUES ('Millie.Keebler63@gmail.com', 'Harry Thiel', '$2b$10$rIqmDwqhToE5DdadwTSgAuxXZyZjK/rGM.0XFZ7bbDl9Do7gm4ZG2', '87563 Mills Crossroad', 90931479, 'user', 'https://s3.amazonaws.com/uifaces/faces/twitter/joannefournier/128.jpg');
INSERT INTO full_time_ct VALUES ('Millie.Keebler63@gmail.com');
INSERT INTO ft_specializes_in VALUES ('Millie.Keebler63@gmail.com', 'Gecko', 8);
INSERT INTO ft_specializes_in VALUES ('Millie.Keebler63@gmail.com', 'Geese (Chinese Swan Goose)', 8);
INSERT INTO ft_specializes_in VALUES ('Millie.Keebler63@gmail.com', 'Pig', 1);

INSERT INTO person VALUES ('Toy.Gleason@hotmail.com', 'Hettie Schroeder', '$2b$10$rIqmDwqhToE5DdadwTSgAu8WZK0EvvVR3laJECe3jDw7zNSAp83dm', '76354 Nyah Drive', 90316444, 'user', 'https://s3.amazonaws.com/uifaces/faces/twitter/bennyjien/128.jpg');
INSERT INTO credit_card VALUES (4129730298870748, 'Toy.Gleason@hotmail.com', '2021-09-08T11:59:12.769Z', 383);
INSERT INTO pet VALUES ('Zetta', 'Toy.Gleason@hotmail.com', 'Hog', 'Ut aut repellendus commodi est error maiores consequatur voluptate architecto.', 'Fuga nobis sequi.');

INSERT INTO person VALUES ('Adrain87@gmail.com', 'Reilly Lubowitz', '$2b$10$rIqmDwqhToE5DdadwTSgAuTJ9cnEbc5LVK04Q4Lm6OJbj2iF4joIa', '89915 Payton Glen', 90372077, 'user', 'https://s3.amazonaws.com/uifaces/faces/twitter/chrismj83/128.jpg');
INSERT INTO part_time_ct VALUES ('Adrain87@gmail.com');
INSERT INTO pt_free_schedule VALUES ('Adrain87@gmail.com', '2020-11-14T13:55:14.987Z', '2021-05-30T23:13:15.032Z');
INSERT INTO pt_specializes_in VALUES ('Adrain87@gmail.com', 'Hamster', 20);
INSERT INTO pt_specializes_in VALUES ('Adrain87@gmail.com', 'Horse', 16);

INSERT INTO person VALUES ('Mckenna.Grimes@hotmail.com', 'Lydia Deckow', '$2b$10$rIqmDwqhToE5DdadwTSgAuYnviTdkXQaQUeeFfTBotisx0Vh3Emya', '44679 Carlie Mountains', 90803318, 'user', 'https://s3.amazonaws.com/uifaces/faces/twitter/umurgdk/128.jpg');
INSERT INTO credit_card VALUES (4376029142128272, 'Mckenna.Grimes@hotmail.com', '2022-06-04T14:12:36.643Z', 019);
INSERT INTO pet VALUES ('Audreanne', 'Mckenna.Grimes@hotmail.com', 'Duck', 'Similique iusto sit ad et.', 'Facilis consequatur tempore iure ducimus deleniti maxime qui provident.');
INSERT INTO part_time_ct VALUES ('Mckenna.Grimes@hotmail.com');
INSERT INTO pt_free_schedule VALUES ('Mckenna.Grimes@hotmail.com', '2020-11-14T09:02:22.037Z', '2020-12-29T02:51:43.675Z');
INSERT INTO pt_specializes_in VALUES ('Mckenna.Grimes@hotmail.com', 'Gecko', 11);
INSERT INTO pt_specializes_in VALUES ('Mckenna.Grimes@hotmail.com', 'Gerbil', 11);
INSERT INTO pt_specializes_in VALUES ('Mckenna.Grimes@hotmail.com', 'Guinea Pig', 7);

INSERT INTO person VALUES ('Stephania.Hackett@gmail.com', 'Jarrell Mayer', '$2b$10$rIqmDwqhToE5DdadwTSgAuwRpxdcExncdxP7ZjO8B7FrzgVJVYY.S', '1750 Bashirian Station', 90226203, 'user', 'https://s3.amazonaws.com/uifaces/faces/twitter/mcflydesign/128.jpg');
INSERT INTO credit_card VALUES (6709190232923327, 'Stephania.Hackett@gmail.com', '2020-12-20T12:21:33.132Z', 896);
INSERT INTO pet VALUES ('Jared', 'Stephania.Hackett@gmail.com', 'Bearded Dragon', 'Nobis qui aliquid culpa quis sit adipisci quisquam voluptatum.', 'Architecto quia consectetur veniam recusandae eos est veniam.');
INSERT INTO part_time_ct VALUES ('Stephania.Hackett@gmail.com');
INSERT INTO pt_free_schedule VALUES ('Stephania.Hackett@gmail.com', '2020-11-15T02:04:10.616Z', '2021-01-06T07:18:25.308Z');
INSERT INTO pt_specializes_in VALUES ('Stephania.Hackett@gmail.com', 'Ferret', 18);
INSERT INTO pt_specializes_in VALUES ('Stephania.Hackett@gmail.com', 'Fish', 16);

INSERT INTO person VALUES ('Katrina_Kutch@yahoo.com', 'Jules Ernser', '$2b$10$rIqmDwqhToE5DdadwTSgAuWQLPQJaQWR708xZaF7OOcX/YjqJv30y', '518 Josefina Spurs', 90850227, 'user', 'https://s3.amazonaws.com/uifaces/faces/twitter/andresdjasso/128.jpg');
INSERT INTO credit_card VALUES (6771967133977718, 'Katrina_Kutch@yahoo.com', '2021-07-09T18:58:44.354Z', 483);
INSERT INTO pet VALUES ('Leonora', 'Katrina_Kutch@yahoo.com', 'Hamster', 'Ad neque non officiis omnis animi tempore quas sit.', 'Ut in beatae cumque esse.');
INSERT INTO part_time_ct VALUES ('Katrina_Kutch@yahoo.com');
INSERT INTO pt_free_schedule VALUES ('Katrina_Kutch@yahoo.com', '2020-11-14T16:44:51.042Z', '2021-09-03T20:52:25.556Z');
INSERT INTO pt_specializes_in VALUES ('Katrina_Kutch@yahoo.com', 'Iguana', 16);

INSERT INTO person VALUES ('Richard.Schmidt11@gmail.com', 'Candido Purdy', '$2b$10$rIqmDwqhToE5DdadwTSgAu64rho44jxuUtELuzqiJyPHTA27xK3eK', '197 Catherine Tunnel', 90346633, 'user', 'https://s3.amazonaws.com/uifaces/faces/twitter/amandabuzard/128.jpg');
INSERT INTO full_time_ct VALUES ('Richard.Schmidt11@gmail.com');
INSERT INTO ft_specializes_in VALUES ('Richard.Schmidt11@gmail.com', 'Bird', 11);
INSERT INTO ft_specializes_in VALUES ('Richard.Schmidt11@gmail.com', 'Iguana', 16);
INSERT INTO ft_specializes_in VALUES ('Richard.Schmidt11@gmail.com', 'Pig', 9);

INSERT INTO person VALUES ('Mariam.Herman@gmail.com', 'Gillian McClure', '$2b$10$rIqmDwqhToE5DdadwTSgAuiCwgknK/P4NhXY4GXGUCwW33rUP6YNu', '372 Kozey Extension', 90585591, 'user', 'https://s3.amazonaws.com/uifaces/faces/twitter/sharvin/128.jpg');
INSERT INTO part_time_ct VALUES ('Mariam.Herman@gmail.com');
INSERT INTO pt_free_schedule VALUES ('Mariam.Herman@gmail.com', '2020-11-14T08:51:47.887Z', '2021-11-11T08:08:52.896Z');
INSERT INTO pt_specializes_in VALUES ('Mariam.Herman@gmail.com', 'Pig', 19);

INSERT INTO person VALUES ('Kailey72@yahoo.com', 'Casimir Hintz', '$2b$10$rIqmDwqhToE5DdadwTSgAucUz0nI1jd8OmxfCMHx4wKi.QvJKCYLi', '040 Audra Prairie', 90300806, 'user', 'https://s3.amazonaws.com/uifaces/faces/twitter/nfedoroff/128.jpg');
INSERT INTO credit_card VALUES (6372751064718423, 'Kailey72@yahoo.com', '2021-08-07T22:23:47.321Z', 235);
INSERT INTO pet VALUES ('Leonie', 'Kailey72@yahoo.com', 'Chinchilla', 'Nesciunt qui provident eligendi ipsa quia.', 'Est dolor reiciendis inventore ut nisi qui ex dolores placeat.');
INSERT INTO part_time_ct VALUES ('Kailey72@yahoo.com');
INSERT INTO pt_free_schedule VALUES ('Kailey72@yahoo.com', '2020-11-14T16:55:23.662Z', '2021-03-26T14:26:51.359Z');
INSERT INTO pt_specializes_in VALUES ('Kailey72@yahoo.com', 'Cow', 13);
INSERT INTO pt_specializes_in VALUES ('Kailey72@yahoo.com', 'Geese (Chinese Swan Goose)', 5);

INSERT INTO person VALUES ('Glennie.Considine63@gmail.com', 'Flo Little', '$2b$10$rIqmDwqhToE5DdadwTSgAuzOf.s5XZO4uiRJVLOAOsxnpIsULGsnu', '91018 Freda River', 90127893, 'user', 'https://s3.amazonaws.com/uifaces/faces/twitter/nckjrvs/128.jpg');
INSERT INTO credit_card VALUES (6761087210148394, 'Glennie.Considine63@gmail.com', '2020-11-23T08:08:10.699Z', 282);
INSERT INTO pet VALUES ('Zella', 'Glennie.Considine63@gmail.com', 'Hog', 'Sapiente et ab deleniti sapiente sapiente aperiam velit et aliquam.', 'Consectetur molestias dignissimos sunt fuga pariatur sit possimus sunt ut.');

INSERT INTO person VALUES ('Ellen82@gmail.com', 'Howell Jaskolski', '$2b$10$rIqmDwqhToE5DdadwTSgAuC5vfaXchnc8Sq9XKFSwYtCq5enDsX/6', '929 Mikayla Mountain', 90860843, 'user', 'https://s3.amazonaws.com/uifaces/faces/twitter/webtanya/128.jpg');
INSERT INTO credit_card VALUES (6767450028723199, 'Ellen82@gmail.com', '2021-01-22T05:07:24.602Z', 316);
INSERT INTO pet VALUES ('Armand', 'Ellen82@gmail.com', 'Fish', 'Et sit inventore modi reprehenderit ratione.', 'Vel necessitatibus ullam.');

INSERT INTO person VALUES ('Yvette_Beier15@hotmail.com', 'Shaylee Sawayn', '$2b$10$rIqmDwqhToE5DdadwTSgAu9dzCkkpMa1w2YjVCOtQsPMzkQ7v2PeC', '78728 Ada Dam', 90048611, 'user', 'https://s3.amazonaws.com/uifaces/faces/twitter/cofla/128.jpg');

INSERT INTO person VALUES ('Kristina.Hamill0@hotmail.com', 'Nelle Langosh', '$2b$10$rIqmDwqhToE5DdadwTSgAu96JEKWOOYxV1jwMhxjFpOZlV5QMHgMy', '959 Columbus Drive', 90654680, 'user', 'https://s3.amazonaws.com/uifaces/faces/twitter/victorerixon/128.jpg');

INSERT INTO person VALUES ('Rossie.Heidenreich65@gmail.com', 'Santina Parker', '$2b$10$rIqmDwqhToE5DdadwTSgAuo4PKHscmpTn/z.iGCELgcy7pjUBin3O', '24734 Lera Oval', 90714249, 'user', 'https://s3.amazonaws.com/uifaces/faces/twitter/davidcazalis/128.jpg');
INSERT INTO credit_card VALUES (5423574960261949, 'Rossie.Heidenreich65@gmail.com', '2024-08-29T07:32:54.759Z', 893);
INSERT INTO pet VALUES ('Hester', 'Rossie.Heidenreich65@gmail.com', 'Guinea Pig', 'Consequatur nisi quaerat dolore numquam nesciunt delectus animi vel minima.', 'Deleniti iure ipsum.');
INSERT INTO full_time_ct VALUES ('Rossie.Heidenreich65@gmail.com');
INSERT INTO ft_specializes_in VALUES ('Rossie.Heidenreich65@gmail.com', 'Gerbil', 17);
INSERT INTO ft_specializes_in VALUES ('Rossie.Heidenreich65@gmail.com', 'Hedgehog', 19);

INSERT INTO person VALUES ('Aleen.Batz34@hotmail.com', 'Davion Beahan', '$2b$10$rIqmDwqhToE5DdadwTSgAuXaWs4tPWr3C3WuyHMG7Gqu4DyHRJt0u', '10720 Weimann Stream', 90966416, 'user', 'https://s3.amazonaws.com/uifaces/faces/twitter/denisepires/128.jpg');

INSERT INTO person VALUES ('Bartholome.Schowalter@yahoo.com', 'Beatrice Rodriguez', '$2b$10$rIqmDwqhToE5DdadwTSgAue8BYFMXsjmEBafXdaCOQu5TZrOglQTy', '04594 Kirlin Light', 90813718, 'user', 'https://s3.amazonaws.com/uifaces/faces/twitter/oskamaya/128.jpg');
INSERT INTO credit_card VALUES (6304704379117832, 'Bartholome.Schowalter@yahoo.com', '2023-11-30T09:33:19.534Z', 130);
INSERT INTO pet VALUES ('Tatum', 'Bartholome.Schowalter@yahoo.com', 'Hedgehog', 'Architecto ut non est.', 'Ut ipsum reiciendis.');

INSERT INTO person VALUES ('Corene.Abernathy88@yahoo.com', 'Malika Ankunding', '$2b$10$rIqmDwqhToE5DdadwTSgAuX1Rng1.Z2YBbIJt0206HzYfPp8/sr6K', '516 Kunze Valleys', 90533421, 'user', 'https://s3.amazonaws.com/uifaces/faces/twitter/privetwagner/128.jpg');
INSERT INTO full_time_ct VALUES ('Corene.Abernathy88@yahoo.com');
INSERT INTO ft_specializes_in VALUES ('Corene.Abernathy88@yahoo.com', 'Cow', 14);
INSERT INTO ft_specializes_in VALUES ('Corene.Abernathy88@yahoo.com', 'Hedgehog', 5);
INSERT INTO ft_specializes_in VALUES ('Corene.Abernathy88@yahoo.com', 'Hog', 5);

INSERT INTO person VALUES ('Werner_Ward@yahoo.com', 'Elena Schamberger', '$2b$10$rIqmDwqhToE5DdadwTSgAujUkrdJxRDZszD478//7pUusgxCpxO2a', '6950 McCullough Plains', 90000266, 'user', 'https://s3.amazonaws.com/uifaces/faces/twitter/langate/128.jpg');
INSERT INTO credit_card VALUES (6524623457701306, 'Werner_Ward@yahoo.com', '2025-02-23T18:19:29.400Z', 029);
INSERT INTO pet VALUES ('Jonathon', 'Werner_Ward@yahoo.com', 'Pig', 'Aliquid quam aut.', 'Et explicabo voluptatem neque sed delectus et consequuntur aliquam.');

INSERT INTO person VALUES ('Erica_Kovacek@yahoo.com', 'Timmy Stamm', '$2b$10$rIqmDwqhToE5DdadwTSgAu1dTms/V659uE2.iL4NM7Q.y0UFmaxCy', '040 Forest Throughway', 90506149, 'user', 'https://s3.amazonaws.com/uifaces/faces/twitter/adhiardana/128.jpg');
INSERT INTO credit_card VALUES (6771969697871073, 'Erica_Kovacek@yahoo.com', '2023-07-09T01:04:07.608Z', 915);
INSERT INTO pet VALUES ('Kiarra', 'Erica_Kovacek@yahoo.com', 'Ponie', 'Dicta facere magnam adipisci aut.', 'Veritatis consequatur et asperiores iure inventore voluptatem est quaerat.');

INSERT INTO person VALUES ('Lennie_Marks56@yahoo.com', 'Jairo Buckridge', '$2b$10$rIqmDwqhToE5DdadwTSgAuZFh5niM2rDkUgpKwERMeRqhHMd.WY3m', '3145 Aniya Common', 90830708, 'user', 'https://s3.amazonaws.com/uifaces/faces/twitter/jmillspaysbills/128.jpg');
INSERT INTO credit_card VALUES (6767829941193294, 'Lennie_Marks56@yahoo.com', '2020-12-25T12:12:03.909Z', 581);
INSERT INTO pet VALUES ('Emilie', 'Lennie_Marks56@yahoo.com', 'Geese (Chinese Swan Goose)', 'Perspiciatis sed aliquam ut.', 'Animi quia eius eos explicabo non.');
INSERT INTO full_time_ct VALUES ('Lennie_Marks56@yahoo.com');
INSERT INTO ft_specializes_in VALUES ('Lennie_Marks56@yahoo.com', 'Goat', 14);

INSERT INTO person VALUES ('Jerome.Bauch@yahoo.com', 'Abner Harvey', '$2b$10$rIqmDwqhToE5DdadwTSgAuq/lIHUgKnpfDfWybtlMMDSE4k.WNFMe', '28561 Kenya Lane', 90218805, 'user', 'https://s3.amazonaws.com/uifaces/faces/twitter/christianoliff/128.jpg');
INSERT INTO credit_card VALUES (6706963343388672, 'Jerome.Bauch@yahoo.com', '2024-10-24T08:39:08.470Z', 918);
INSERT INTO pet VALUES ('Reagan', 'Jerome.Bauch@yahoo.com', 'Fish', 'Qui animi assumenda est inventore.', 'Consectetur recusandae et et fugiat ut quo itaque rerum.');

INSERT INTO person VALUES ('Francis.Tillman92@yahoo.com', 'Helene Schiller', '$2b$10$rIqmDwqhToE5DdadwTSgAuyKJHLUAFcmNtPeYZ.9W36Lj4ibAsHOe', '33092 Larue Crescent', 90596963, 'user', 'https://s3.amazonaws.com/uifaces/faces/twitter/evandrix/128.jpg');
INSERT INTO credit_card VALUES (6767350962538582, 'Francis.Tillman92@yahoo.com', '2021-05-15T23:26:24.943Z', 515);
INSERT INTO pet VALUES ('Ford', 'Francis.Tillman92@yahoo.com', 'Geese (Chinese Swan Goose)', 'Voluptatem odio reprehenderit qui quia atque velit quo accusamus dolores.', 'Enim exercitationem unde iste autem quod sed.');

INSERT INTO person VALUES ('Crawford23@yahoo.com', 'Makenna Wilderman', '$2b$10$rIqmDwqhToE5DdadwTSgAueBYP11Xh5xnlUSl1iXjcBbNrbkMaYRq', '8231 Joanny Court', 90270607, 'user', 'https://s3.amazonaws.com/uifaces/faces/twitter/bassamology/128.jpg');
INSERT INTO credit_card VALUES (6767498182447482, 'Crawford23@yahoo.com', '2021-06-30T20:43:59.924Z', 946);
INSERT INTO pet VALUES ('Cindy', 'Crawford23@yahoo.com', 'Cow', 'Enim cumque deserunt libero iste vitae sunt.', 'Nisi sunt et expedita laboriosam sapiente architecto et eius.');

INSERT INTO person VALUES ('Dave63@yahoo.com', 'Isadore Witting', '$2b$10$rIqmDwqhToE5DdadwTSgAu./hHsWN.sXHoebfhLmlQlOiQCN3sLv2', '198 Kenya Mills', 90093335, 'user', 'https://s3.amazonaws.com/uifaces/faces/twitter/fabbianz/128.jpg');

INSERT INTO person VALUES ('Antoinette64@yahoo.com', 'Constantin Torphy', '$2b$10$rIqmDwqhToE5DdadwTSgAuuN.xvyYcJxSoByxcyq7rt36iZCKwfCm', '38645 Ken Spring', 90755875, 'user', 'https://s3.amazonaws.com/uifaces/faces/twitter/d_kobelyatsky/128.jpg');

INSERT INTO person VALUES ('Noe_Larkin25@hotmail.com', 'Raheem Renner', '$2b$10$rIqmDwqhToE5DdadwTSgAuz.GvzZYU1c3tKk8mvtA2o908SLo055m', '9800 Roberts Estate', 90354778, 'user', 'https://s3.amazonaws.com/uifaces/faces/twitter/ipavelek/128.jpg');

INSERT INTO person VALUES ('Ramiro25@gmail.com', 'Rickie Graham', '$2b$10$rIqmDwqhToE5DdadwTSgAukxxItzQ5Kb15eBaV4XOnwdlzkusgEz2', '232 Ethel Circle', 90488869, 'user', 'https://s3.amazonaws.com/uifaces/faces/twitter/gizmeedevil1991/128.jpg');
INSERT INTO credit_card VALUES (6011629758413865, 'Ramiro25@gmail.com', '2021-11-24T20:20:24.030Z', 922);
INSERT INTO pet VALUES ('Verona', 'Ramiro25@gmail.com', 'Gecko', 'Deleniti quos itaque qui aut dolorum iusto veritatis nihil repudiandae.', 'Reiciendis esse nobis adipisci autem tempore nisi.');

INSERT INTO person VALUES ('Rex78@hotmail.com', 'Shayne Aufderhar', '$2b$10$rIqmDwqhToE5DdadwTSgAuh9dLHfOcK0.LqY16Fliy5C1d0uWCsqO', '4137 Aglae Hollow', 90582818, 'user', 'https://s3.amazonaws.com/uifaces/faces/twitter/jqiuss/128.jpg');
INSERT INTO credit_card VALUES (6759244835204298, 'Rex78@hotmail.com', '2020-11-20T17:01:04.330Z', 640);
INSERT INTO pet VALUES ('Guadalupe', 'Rex78@hotmail.com', 'Chinchilla', 'Incidunt enim ad qui ea et odio doloremque.', 'Est et dolorum omnis nihil sequi aut natus dolorem inventore.');
INSERT INTO full_time_ct VALUES ('Rex78@hotmail.com');
INSERT INTO ft_specializes_in VALUES ('Rex78@hotmail.com', 'Ponie', 0);

INSERT INTO person VALUES ('Skylar.Goldner@yahoo.com', 'Neil Barrows', '$2b$10$rIqmDwqhToE5DdadwTSgAuXa4ad9FykzFbnV2H4pTis0cUfSkomXS', '5080 Joel Crossroad', 90021326, 'user', 'https://s3.amazonaws.com/uifaces/faces/twitter/finchjke/128.jpg');
INSERT INTO credit_card VALUES (6709444573976367, 'Skylar.Goldner@yahoo.com', '2022-08-16T21:20:09.834Z', 677);
INSERT INTO pet VALUES ('Christop', 'Skylar.Goldner@yahoo.com', 'Rabbit', 'Sunt modi nobis aut sed nisi sit.', 'Voluptatem asperiores inventore eveniet.');

INSERT INTO person VALUES ('Edmund_Christiansen22@gmail.com', 'Olga Gleason', '$2b$10$rIqmDwqhToE5DdadwTSgAuP/PeZercvnci/VqI.GuibLqYyNy5.xq', '663 Bechtelar Ramp', 90596472, 'user', 'https://s3.amazonaws.com/uifaces/faces/twitter/ashernatali/128.jpg');

INSERT INTO person VALUES ('Isobel.Farrell89@gmail.com', 'Kurt Jacobson', '$2b$10$rIqmDwqhToE5DdadwTSgAuraSgG3Gu4wYLNxV74m1u1RsvO8IWSlC', '967 Harvey Divide', 90896866, 'user', 'https://s3.amazonaws.com/uifaces/faces/twitter/thatonetommy/128.jpg');

INSERT INTO person VALUES ('Stella_Wyman55@yahoo.com', 'Verla Wuckert', '$2b$10$rIqmDwqhToE5DdadwTSgAu2RfI0t3.iOJ5Ipb9A5VDP.XVTynqWki', '4063 Zulauf Hollow', 90740855, 'user', 'https://s3.amazonaws.com/uifaces/faces/twitter/mastermindesign/128.jpg');
INSERT INTO credit_card VALUES (6759309437052379, 'Stella_Wyman55@yahoo.com', '2021-08-01T00:10:07.199Z', 976);
INSERT INTO pet VALUES ('Hildegard', 'Stella_Wyman55@yahoo.com', 'Pot Bellied Pig', 'Corrupti molestiae non optio eos natus voluptas nihil quibusdam ut.', 'Sint ad consectetur accusantium a qui provident iure.');
INSERT INTO part_time_ct VALUES ('Stella_Wyman55@yahoo.com');
INSERT INTO pt_free_schedule VALUES ('Stella_Wyman55@yahoo.com', '2020-11-14T21:32:55.975Z', '2021-01-07T04:47:32.150Z');
INSERT INTO pt_specializes_in VALUES ('Stella_Wyman55@yahoo.com', 'Bearded Dragon', 17);

INSERT INTO person VALUES ('Kathlyn59@gmail.com', 'Lukas Marquardt', '$2b$10$rIqmDwqhToE5DdadwTSgAuGFnSw/Pl0IBgRgpznOjGTtgdLs3/gmO', '96048 Danny Road', 90002937, 'user', 'https://s3.amazonaws.com/uifaces/faces/twitter/traneblow/128.jpg');

INSERT INTO person VALUES ('Alvis_Bruen@hotmail.com', 'Daphne Hodkiewicz', '$2b$10$rIqmDwqhToE5DdadwTSgAuZBgCCeWXyLCAngz4zxzWUTkXSZkE99.', '64113 Marcelina Harbors', 90209409, 'user', 'https://s3.amazonaws.com/uifaces/faces/twitter/jefffis/128.jpg');
INSERT INTO part_time_ct VALUES ('Alvis_Bruen@hotmail.com');
INSERT INTO pt_free_schedule VALUES ('Alvis_Bruen@hotmail.com', '2020-11-14T14:27:24.882Z', '2021-08-11T09:51:27.187Z');
INSERT INTO pt_specializes_in VALUES ('Alvis_Bruen@hotmail.com', 'Chinese Water Dragon', 2);
INSERT INTO pt_specializes_in VALUES ('Alvis_Bruen@hotmail.com', 'Guinea Pig', 8);

INSERT INTO person VALUES ('Johnny.Fritsch17@gmail.com', 'Everette Nienow', '$2b$10$rIqmDwqhToE5DdadwTSgAu3ybqvZtgjtc1yfqnecEE9SijrH0qcPO', '9102 Rae Center', 90364211, 'user', 'https://s3.amazonaws.com/uifaces/faces/twitter/thekevinjones/128.jpg');

INSERT INTO person VALUES ('Savion.Kovacek@hotmail.com', 'Chaya Crooks', '$2b$10$rIqmDwqhToE5DdadwTSgAucckSLJq415Of9qO3ZT4X6unF0dbzWOy', '6129 Connelly Villages', 90997280, 'user', 'https://s3.amazonaws.com/uifaces/faces/twitter/joki4/128.jpg');
INSERT INTO part_time_ct VALUES ('Savion.Kovacek@hotmail.com');
INSERT INTO pt_free_schedule VALUES ('Savion.Kovacek@hotmail.com', '2020-11-14T20:41:49.217Z', '2021-08-06T10:10:15.842Z');
INSERT INTO pt_specializes_in VALUES ('Savion.Kovacek@hotmail.com', 'Bearded Dragon', 11);
INSERT INTO pt_specializes_in VALUES ('Savion.Kovacek@hotmail.com', 'Hog', 11);

INSERT INTO person VALUES ('Celestino_Stroman4@hotmail.com', 'Mike DAmore', '$2b$10$rIqmDwqhToE5DdadwTSgAuClNTomftSAxMTb9hojwIYVWGUlUXYu.', '165 Murazik Hollow', 90069280, 'user', 'https://s3.amazonaws.com/uifaces/faces/twitter/ryuchi311/128.jpg');
INSERT INTO credit_card VALUES (6771899900933871, 'Celestino_Stroman4@hotmail.com', '2022-01-09T04:08:12.587Z', 854);
INSERT INTO pet VALUES ('Gonzalo', 'Celestino_Stroman4@hotmail.com', 'Chicken', 'Sint id perspiciatis quaerat.', 'Minus dolores et aut autem veritatis corrupti voluptatem repudiandae.');
INSERT INTO part_time_ct VALUES ('Celestino_Stroman4@hotmail.com');
INSERT INTO pt_free_schedule VALUES ('Celestino_Stroman4@hotmail.com', '2020-11-15T00:33:03.815Z', '2021-01-21T15:34:32.034Z');
INSERT INTO pt_specializes_in VALUES ('Celestino_Stroman4@hotmail.com', 'Geese (Chinese Swan Goose)', 7);
INSERT INTO pt_specializes_in VALUES ('Celestino_Stroman4@hotmail.com', 'Guinea Pig', 16);

INSERT INTO person VALUES ('Jacynthe_Shields48@yahoo.com', 'Jasmin Graham', '$2b$10$rIqmDwqhToE5DdadwTSgAujSIwUm3ze2aDlGgwBv6NkUm3KTokuGC', '04196 Lynn Club', 90598923, 'user', 'https://s3.amazonaws.com/uifaces/faces/twitter/sawrb/128.jpg');
INSERT INTO credit_card VALUES (6761341296039171, 'Jacynthe_Shields48@yahoo.com', '2020-12-21T23:54:02.285Z', 736);
INSERT INTO pet VALUES ('Bridget', 'Jacynthe_Shields48@yahoo.com', 'Pig', 'Fuga corporis ex accusantium nesciunt perferendis.', 'Fugit delectus et.');

INSERT INTO person VALUES ('Stefanie_Roob17@gmail.com', 'Janessa Hickle', '$2b$10$rIqmDwqhToE5DdadwTSgAu.4Y0s9QLO1i1Zw2qzMAt2xHtS0cQfcW', '32544 Verner Locks', 90365025, 'user', 'https://s3.amazonaws.com/uifaces/faces/twitter/aislinnkelly/128.jpg');
INSERT INTO credit_card VALUES (6767161887710263, 'Stefanie_Roob17@gmail.com', '2021-05-04T22:37:20.564Z', 067);
INSERT INTO pet VALUES ('Everette', 'Stefanie_Roob17@gmail.com', 'Peafowl', 'Non odio nihil nihil repellendus dignissimos quia.', 'Vel qui molestiae est magnam ut cumque numquam.');
INSERT INTO part_time_ct VALUES ('Stefanie_Roob17@gmail.com');
INSERT INTO pt_free_schedule VALUES ('Stefanie_Roob17@gmail.com', '2020-11-15T03:25:51.330Z', '2021-03-02T20:46:40.358Z');
INSERT INTO pt_specializes_in VALUES ('Stefanie_Roob17@gmail.com', 'Bird', 17);
INSERT INTO pt_specializes_in VALUES ('Stefanie_Roob17@gmail.com', 'Hamster', 9);
INSERT INTO pt_specializes_in VALUES ('Stefanie_Roob17@gmail.com', 'Pig', 18);

INSERT INTO person VALUES ('Austyn.Gerhold64@yahoo.com', 'Korey Boyle', '$2b$10$rIqmDwqhToE5DdadwTSgAuSGCw1J/6DhNS6hxaigB7AfO6FG89MnC', '06364 Colin Plaza', 90076242, 'user', 'https://s3.amazonaws.com/uifaces/faces/twitter/gauchomatt/128.jpg');

INSERT INTO person VALUES ('Lolita74@hotmail.com', 'Jensen Bergstrom', '$2b$10$rIqmDwqhToE5DdadwTSgAu3EW8Nwg56snkRx./EJUOIUHdeyOPIvS', '954 Ernestina Coves', 90450822, 'user', 'https://s3.amazonaws.com/uifaces/faces/twitter/_kkga/128.jpg');
INSERT INTO full_time_ct VALUES ('Lolita74@hotmail.com');
INSERT INTO ft_specializes_in VALUES ('Lolita74@hotmail.com', 'Ferret', 6);
INSERT INTO ft_specializes_in VALUES ('Lolita74@hotmail.com', 'Guinea Fowl', 7);
INSERT INTO ft_specializes_in VALUES ('Lolita74@hotmail.com', 'Pigeon', 6);

INSERT INTO person VALUES ('Helene98@hotmail.com', 'Ezra Gleason', '$2b$10$rIqmDwqhToE5DdadwTSgAu.dytW5nL3lDSQYi/yy53IMyXE3oEZLu', '49688 Hyman Green', 90501725, 'user', 'https://s3.amazonaws.com/uifaces/faces/twitter/johannesneu/128.jpg');
INSERT INTO credit_card VALUES (6706252456575359, 'Helene98@hotmail.com', '2021-07-06T06:55:06.013Z', 347);
INSERT INTO pet VALUES ('Michael', 'Helene98@hotmail.com', 'Pig', 'Architecto nobis iste vel et.', 'Excepturi beatae in at reprehenderit.');
INSERT INTO full_time_ct VALUES ('Helene98@hotmail.com');
INSERT INTO ft_specializes_in VALUES ('Helene98@hotmail.com', 'Cow', 20);
INSERT INTO ft_specializes_in VALUES ('Helene98@hotmail.com', 'Gerbil', 5);
INSERT INTO ft_specializes_in VALUES ('Helene98@hotmail.com', 'Guinea Fowl', 9);

INSERT INTO person VALUES ('Johnathon2@gmail.com', 'Edythe Auer', '$2b$10$rIqmDwqhToE5DdadwTSgAuAvcWk2wpZFhHNl.p4n9JTcj/OzGtHwC', '0737 Huel Branch', 90306724, 'user', 'https://s3.amazonaws.com/uifaces/faces/twitter/zaki3d/128.jpg');
INSERT INTO full_time_ct VALUES ('Johnathon2@gmail.com');
INSERT INTO ft_specializes_in VALUES ('Johnathon2@gmail.com', 'Goat', 11);
INSERT INTO ft_specializes_in VALUES ('Johnathon2@gmail.com', 'Peafowl', 5);

INSERT INTO person VALUES ('Marlin_Crona88@yahoo.com', 'Nelson Reilly', '$2b$10$rIqmDwqhToE5DdadwTSgAu.2yHglJHlp2Exmnv.dsFk/6A1FdbDZq', '74642 Isom Harbors', 90943308, 'user', 'https://s3.amazonaws.com/uifaces/faces/twitter/jefffis/128.jpg');
INSERT INTO part_time_ct VALUES ('Marlin_Crona88@yahoo.com');
INSERT INTO pt_free_schedule VALUES ('Marlin_Crona88@yahoo.com', '2020-11-15T06:18:04.335Z', '2021-07-04T21:17:43.198Z');
INSERT INTO pt_specializes_in VALUES ('Marlin_Crona88@yahoo.com', 'Burro', 11);
INSERT INTO pt_specializes_in VALUES ('Marlin_Crona88@yahoo.com', 'Gecko', 16);
INSERT INTO pt_specializes_in VALUES ('Marlin_Crona88@yahoo.com', 'Horse', 3);

INSERT INTO person VALUES ('Gonzalo.Schowalter@hotmail.com', 'Andrew Lind', '$2b$10$rIqmDwqhToE5DdadwTSgAu.vJXpM8XAb1.dwZVhV0uxAW6o/Hgs5C', '0763 Halvorson Causeway', 90502008, 'user', 'https://s3.amazonaws.com/uifaces/faces/twitter/cemshid/128.jpg');

INSERT INTO person VALUES ('Rigoberto49@gmail.com', 'Torrey Goyette', '$2b$10$rIqmDwqhToE5DdadwTSgAuSjzFRkwbD7kko9xDHsjUSp4Xh54DqMy', '85645 Gleichner Locks', 90101484, 'user', 'https://s3.amazonaws.com/uifaces/faces/twitter/mactopus/128.jpg');
INSERT INTO full_time_ct VALUES ('Rigoberto49@gmail.com');
INSERT INTO ft_specializes_in VALUES ('Rigoberto49@gmail.com', 'Goat', 14);

INSERT INTO person VALUES ('Adrain_Wyman@gmail.com', 'Bernardo Bergstrom', '$2b$10$rIqmDwqhToE5DdadwTSgAuSvTG6GOT6gN8BlLgClMm11n/0A.2MnS', '6506 Schneider Wall', 90288945, 'user', 'https://s3.amazonaws.com/uifaces/faces/twitter/baumann_alex/128.jpg');
INSERT INTO credit_card VALUES (6578046559949512, 'Adrain_Wyman@gmail.com', '2023-09-30T00:51:14.706Z', 142);
INSERT INTO pet VALUES ('Selina', 'Adrain_Wyman@gmail.com', 'Hog', 'A libero ut corporis molestiae et.', 'Illum beatae veritatis et qui.');

INSERT INTO person VALUES ('Gail_Weissnat@yahoo.com', 'Aaron OKon', '$2b$10$rIqmDwqhToE5DdadwTSgAuFdyKPB/E8.Fy2L5RtmK.ujnXjKvImfy', '179 Clara Lane', 90904871, 'user', 'https://s3.amazonaws.com/uifaces/faces/twitter/melvindidit/128.jpg');
INSERT INTO credit_card VALUES (6771895846658834, 'Gail_Weissnat@yahoo.com', '2020-12-19T17:32:42.645Z', 478);
INSERT INTO pet VALUES ('Cletus', 'Gail_Weissnat@yahoo.com', 'Pot Bellied Pig', 'Porro fugiat commodi et repudiandae voluptas itaque ipsa.', 'Ducimus ad quia nisi ullam sit.');
INSERT INTO full_time_ct VALUES ('Gail_Weissnat@yahoo.com');
INSERT INTO ft_specializes_in VALUES ('Gail_Weissnat@yahoo.com', 'Chameleons (Veiled)', 20);
INSERT INTO ft_specializes_in VALUES ('Gail_Weissnat@yahoo.com', 'Pigeon', 13);

INSERT INTO person VALUES ('Emilia.Ernser@yahoo.com', 'Jean Schaden', '$2b$10$rIqmDwqhToE5DdadwTSgAueaJ/j93Hki9EOQlEXBNgmsdscYU3FVW', '992 Yvonne Mills', 90175363, 'user', 'https://s3.amazonaws.com/uifaces/faces/twitter/iqonicd/128.jpg');

INSERT INTO person VALUES ('Laura_Kunde9@hotmail.com', 'Kristy Dietrich', '$2b$10$rIqmDwqhToE5DdadwTSgAu5tHmpthU7EVQ3XWXACRhc5v0i61gqXW', '5862 Violette Light', 90592923, 'user', 'https://s3.amazonaws.com/uifaces/faces/twitter/macxim/128.jpg');
INSERT INTO part_time_ct VALUES ('Laura_Kunde9@hotmail.com');
INSERT INTO pt_free_schedule VALUES ('Laura_Kunde9@hotmail.com', '2020-11-14T19:56:18.064Z', '2021-01-22T18:07:01.568Z');
INSERT INTO pt_specializes_in VALUES ('Laura_Kunde9@hotmail.com', 'Lizard', 11);
INSERT INTO pt_specializes_in VALUES ('Laura_Kunde9@hotmail.com', 'Pig', 20);

INSERT INTO person VALUES ('Nelson.Krajcik63@yahoo.com', 'Terrence Parker', '$2b$10$rIqmDwqhToE5DdadwTSgAuN.8hemTz/AgE.vIr8lK0QMXqryUcDxS', '4432 Arno Harbor', 90358343, 'user', 'https://s3.amazonaws.com/uifaces/faces/twitter/chrisstumph/128.jpg');
INSERT INTO part_time_ct VALUES ('Nelson.Krajcik63@yahoo.com');
INSERT INTO pt_free_schedule VALUES ('Nelson.Krajcik63@yahoo.com', '2020-11-14T22:25:43.679Z', '2021-02-13T22:45:57.550Z');
INSERT INTO pt_specializes_in VALUES ('Nelson.Krajcik63@yahoo.com', 'Duck', 11);
INSERT INTO pt_specializes_in VALUES ('Nelson.Krajcik63@yahoo.com', 'Fish', 7);

INSERT INTO person VALUES ('Susie.Fritsch@yahoo.com', 'Jada Haley', '$2b$10$rIqmDwqhToE5DdadwTSgAumRZIOra99g2GJXcJebjA4Twvlysreoe', '965 Janae Brook', 90260389, 'user', 'https://s3.amazonaws.com/uifaces/faces/twitter/joaoedumedeiros/128.jpg');
INSERT INTO credit_card VALUES (6771897756289723, 'Susie.Fritsch@yahoo.com', '2021-01-03T01:33:49.006Z', 177);
INSERT INTO pet VALUES ('Katlynn', 'Susie.Fritsch@yahoo.com', 'Burro', 'Accusamus rerum eligendi et autem animi numquam eius magni totam.', 'Qui repellendus quisquam praesentium.');
INSERT INTO full_time_ct VALUES ('Susie.Fritsch@yahoo.com');
INSERT INTO ft_specializes_in VALUES ('Susie.Fritsch@yahoo.com', 'Chicken', 0);
INSERT INTO ft_specializes_in VALUES ('Susie.Fritsch@yahoo.com', 'Chinese Water Dragon', 19);
INSERT INTO ft_specializes_in VALUES ('Susie.Fritsch@yahoo.com', 'Ferret', 4);

INSERT INTO person VALUES ('Charles.Mueller@gmail.com', 'Arnulfo Huel', '$2b$10$rIqmDwqhToE5DdadwTSgAuu2ljLnIOKemB7nEMj8o5BPiq9XC5CjW', '2429 Gislason Shore', 90041666, 'user', 'https://s3.amazonaws.com/uifaces/faces/twitter/mikemai2awesome/128.jpg');
INSERT INTO credit_card VALUES (5254694378233639, 'Charles.Mueller@gmail.com', '2021-03-12T10:37:43.078Z', 597);
INSERT INTO pet VALUES ('Flavio', 'Charles.Mueller@gmail.com', 'Chinchilla', 'Magnam omnis vero repellendus eius quia animi laboriosam est earum.', 'Fuga aliquid laudantium possimus.');
INSERT INTO part_time_ct VALUES ('Charles.Mueller@gmail.com');
INSERT INTO pt_free_schedule VALUES ('Charles.Mueller@gmail.com', '2020-11-15T00:12:53.205Z', '2020-11-27T11:38:16.156Z');
INSERT INTO pt_specializes_in VALUES ('Charles.Mueller@gmail.com', 'Gecko', 17);
INSERT INTO pt_specializes_in VALUES ('Charles.Mueller@gmail.com', 'Pigeon', 4);

INSERT INTO person VALUES ('Derek16@yahoo.com', 'Napoleon Heidenreich', '$2b$10$rIqmDwqhToE5DdadwTSgAubphQWBST7sK9L6XcwI5jfc0yzVACgAe', '23154 Rodriguez Creek', 90980035, 'user', 'https://s3.amazonaws.com/uifaces/faces/twitter/derekebradley/128.jpg');

INSERT INTO person VALUES ('Dorian_Rice@hotmail.com', 'Mariane Hammes', '$2b$10$rIqmDwqhToE5DdadwTSgAuWKqdLex/l64t2HQPzJFUdo9z8EBLPfm', '2832 Stracke Fields', 90064122, 'user', 'https://s3.amazonaws.com/uifaces/faces/twitter/aka_james/128.jpg');
INSERT INTO credit_card VALUES (4422620326867764, 'Dorian_Rice@hotmail.com', '2025-04-02T07:46:45.570Z', 151);
INSERT INTO pet VALUES ('Davion', 'Dorian_Rice@hotmail.com', 'Gecko', 'Asperiores rerum veniam repellat autem nemo voluptatum consectetur.', 'Ut quia in numquam.');

INSERT INTO person VALUES ('Nayeli90@gmail.com', 'Shea Lemke', '$2b$10$rIqmDwqhToE5DdadwTSgAuxUEtRYPpkq2v6yiZcYgpg0c88GqzJ/K', '30364 Gaylord Lights', 90567406, 'user', 'https://s3.amazonaws.com/uifaces/faces/twitter/ankitind/128.jpg');
INSERT INTO full_time_ct VALUES ('Nayeli90@gmail.com');
INSERT INTO ft_specializes_in VALUES ('Nayeli90@gmail.com', 'Mice', 14);
INSERT INTO ft_specializes_in VALUES ('Nayeli90@gmail.com', 'Hog', 4);
INSERT INTO ft_specializes_in VALUES ('Nayeli90@gmail.com', 'Ponie', 8);

INSERT INTO person VALUES ('Sandy.Tremblay63@yahoo.com', 'Darius Kuhn', '$2b$10$rIqmDwqhToE5DdadwTSgAufgq2dKKddblKEEjR2c8EIYpNR0FRFai', '97922 Holden Vista', 90669629, 'user', 'https://s3.amazonaws.com/uifaces/faces/twitter/anjhero/128.jpg');
INSERT INTO credit_card VALUES (3528656061264071, 'Sandy.Tremblay63@yahoo.com', '2023-04-30T14:05:04.743Z', 551);
INSERT INTO pet VALUES ('Forrest', 'Sandy.Tremblay63@yahoo.com', 'Llama', 'Error est possimus doloremque optio.', 'Ut mollitia in eum excepturi repellat quis est suscipit.');

INSERT INTO person VALUES ('Orrin92@gmail.com', 'Donnell Crooks', '$2b$10$rIqmDwqhToE5DdadwTSgAuLqhsTxs9apKgWbcUrlaTvTOz3zawo06', '208 Mueller Club', 90704787, 'user', 'https://s3.amazonaws.com/uifaces/faces/twitter/danro/128.jpg');
INSERT INTO credit_card VALUES (5444552111536883, 'Orrin92@gmail.com', '2021-07-27T11:52:54.557Z', 845);
INSERT INTO pet VALUES ('Larissa', 'Orrin92@gmail.com', 'Mule', 'Omnis aperiam distinctio non eum occaecati vel deleniti.', 'Qui aliquid eligendi quas et architecto aut.');

INSERT INTO person VALUES ('Clinton_Bins@yahoo.com', 'Stephania Goyette', '$2b$10$rIqmDwqhToE5DdadwTSgAu2ZiWYrPf1jNPWd5ITDPvJcCSb6biP62', '0328 Alexie Spurs', 90387351, 'user', 'https://s3.amazonaws.com/uifaces/faces/twitter/benjamin_knight/128.jpg');
INSERT INTO credit_card VALUES (6371403785978073, 'Clinton_Bins@yahoo.com', '2022-04-02T09:05:09.548Z', 039);
INSERT INTO pet VALUES ('Murphy', 'Clinton_Bins@yahoo.com', 'Bird', 'Autem iste adipisci et expedita beatae.', 'Animi voluptatem est in dicta qui.');

INSERT INTO person VALUES ('Alana21@yahoo.com', 'Rogers Johns', '$2b$10$rIqmDwqhToE5DdadwTSgAuWO1cizfQZuZTQGZxSenheqq2fAAfYG.', '9692 Bella Station', 90543474, 'user', 'https://s3.amazonaws.com/uifaces/faces/twitter/hafeeskhan/128.jpg');
INSERT INTO full_time_ct VALUES ('Alana21@yahoo.com');
INSERT INTO ft_specializes_in VALUES ('Alana21@yahoo.com', 'Chinchilla', 3);

INSERT INTO person VALUES ('Lauretta.Stiedemann60@gmail.com', 'Fredrick Orn', '$2b$10$rIqmDwqhToE5DdadwTSgAunlRzIxE8REbe9Bm2pORIwsxrI78kEui', '40067 Craig Prairie', 90006612, 'user', 'https://s3.amazonaws.com/uifaces/faces/twitter/josecarlospsh/128.jpg');
INSERT INTO full_time_ct VALUES ('Lauretta.Stiedemann60@gmail.com');
INSERT INTO ft_specializes_in VALUES ('Lauretta.Stiedemann60@gmail.com', 'Fish', 8);
INSERT INTO ft_specializes_in VALUES ('Lauretta.Stiedemann60@gmail.com', 'Hamster', 9);
INSERT INTO ft_specializes_in VALUES ('Lauretta.Stiedemann60@gmail.com', 'Pigeon', 16);

INSERT INTO person VALUES ('Elbert_Ruecker@hotmail.com', 'Remington Morar', '$2b$10$rIqmDwqhToE5DdadwTSgAuo1sSv1GEQEGFkwcieLiPpIPHI9f0gaC', '8413 Hailie Cove', 90590067, 'user', 'https://s3.amazonaws.com/uifaces/faces/twitter/reabo101/128.jpg');
INSERT INTO credit_card VALUES (371799698150661, 'Elbert_Ruecker@hotmail.com', '2024-07-08T18:22:31.794Z', 513);
INSERT INTO pet VALUES ('Vincenza', 'Elbert_Ruecker@hotmail.com', 'Duck', 'Doloremque sit similique cum.', 'Ipsa voluptas nemo ut et accusantium dolorum dolorum.');

INSERT INTO person VALUES ('Naomi_Abbott67@gmail.com', 'Jane Kertzmann', '$2b$10$rIqmDwqhToE5DdadwTSgAu7lUpZuq/NI66A8cMCHfAVObsSnm7Yxe', '74878 Nat Radial', 90778009, 'user', 'https://s3.amazonaws.com/uifaces/faces/twitter/abelcabans/128.jpg');
INSERT INTO credit_card VALUES (3528461709403833, 'Naomi_Abbott67@gmail.com', '2021-06-19T09:44:49.849Z', 614);
INSERT INTO pet VALUES ('Hyman', 'Naomi_Abbott67@gmail.com', 'Horse', 'Earum et accusamus excepturi eius ipsam est ea explicabo.', 'Et culpa molestiae voluptatem nam.');

INSERT INTO person VALUES ('Allison.Nolan81@hotmail.com', 'Mortimer Turcotte', '$2b$10$rIqmDwqhToE5DdadwTSgAuLXu1Q69q9xCRvj3OVNG0swpzRrjU0Hu', '4459 Misael Estate', 90312127, 'user', 'https://s3.amazonaws.com/uifaces/faces/twitter/frankiefreesbie/128.jpg');
INSERT INTO credit_card VALUES (6395920715402868, 'Allison.Nolan81@hotmail.com', '2021-06-12T22:48:28.719Z', 750);
INSERT INTO pet VALUES ('Liam', 'Allison.Nolan81@hotmail.com', 'Fish', 'Assumenda possimus expedita quo et rerum sapiente.', 'Cum qui et veniam consectetur.');

INSERT INTO person VALUES ('Noelia_Effertz@gmail.com', 'Otilia Cronin', '$2b$10$rIqmDwqhToE5DdadwTSgAuDVCxetXrX7rDZz2ogGeEKs8k9W.p6kG', '1996 Larson Plains', 90736953, 'user', 'https://s3.amazonaws.com/uifaces/faces/twitter/johndezember/128.jpg');
INSERT INTO full_time_ct VALUES ('Noelia_Effertz@gmail.com');
INSERT INTO ft_specializes_in VALUES ('Noelia_Effertz@gmail.com', 'Horse', 18);
INSERT INTO ft_specializes_in VALUES ('Noelia_Effertz@gmail.com', 'Hog', 16);
INSERT INTO ft_specializes_in VALUES ('Noelia_Effertz@gmail.com', 'Pigeon', 13);

INSERT INTO person VALUES ('Una.Feil55@gmail.com', 'Nellie Koss', '$2b$10$rIqmDwqhToE5DdadwTSgAuIpk0RraT4Yv1TadzVcTo.pBgLWCHJui', '97096 Gina Plaza', 90983434, 'user', 'https://s3.amazonaws.com/uifaces/faces/twitter/dmackerman/128.jpg');

INSERT INTO person VALUES ('Asha_Okuneva52@gmail.com', 'Tyrique Mayert', '$2b$10$rIqmDwqhToE5DdadwTSgAu8NtMGq0sqz9HAZQHgyWY4SN7Z5PuHye', '10674 Balistreri Mountains', 90121152, 'user', 'https://s3.amazonaws.com/uifaces/faces/twitter/therealmarvin/128.jpg');
INSERT INTO credit_card VALUES (6709196015814460, 'Asha_Okuneva52@gmail.com', '2021-08-22T00:57:01.831Z', 187);
INSERT INTO pet VALUES ('Dortha', 'Asha_Okuneva52@gmail.com', 'Chinchilla', 'Delectus eos aliquid consequatur ullam.', 'Mollitia sunt sed facilis.');

INSERT INTO person VALUES ('Priscilla71@gmail.com', 'Myrtle Ziemann', '$2b$10$rIqmDwqhToE5DdadwTSgAue90/kEDgAfPw5j4cF.M2KuRHjUNpxsW', '9324 Brenden Expressway', 90932463, 'user', 'https://s3.amazonaws.com/uifaces/faces/twitter/joshmedeski/128.jpg');
INSERT INTO part_time_ct VALUES ('Priscilla71@gmail.com');
INSERT INTO pt_free_schedule VALUES ('Priscilla71@gmail.com', '2020-11-14T08:36:24.099Z', '2021-05-05T15:35:30.400Z');
INSERT INTO pt_specializes_in VALUES ('Priscilla71@gmail.com', 'Hamster', 13);
INSERT INTO pt_specializes_in VALUES ('Priscilla71@gmail.com', 'Mule', 5);

INSERT INTO person VALUES ('Amy49@gmail.com', 'Justina Klocko', '$2b$10$rIqmDwqhToE5DdadwTSgAueTfyoPPf.rvzf2B7VYOtcJz.NpEZTOa', '2655 Ryley Oval', 90716687, 'user', 'https://s3.amazonaws.com/uifaces/faces/twitter/lepetitogre/128.jpg');
INSERT INTO part_time_ct VALUES ('Amy49@gmail.com');
INSERT INTO pt_free_schedule VALUES ('Amy49@gmail.com', '2020-11-14T22:02:27.483Z', '2021-10-19T07:45:16.663Z');
INSERT INTO pt_specializes_in VALUES ('Amy49@gmail.com', 'Bearded Dragon', 7);

INSERT INTO person VALUES ('Terry84@hotmail.com', 'Jamar Leannon', '$2b$10$rIqmDwqhToE5DdadwTSgAujP/WPsqIgC7kDt6i6/pQdXUhhtgpL8G', '796 Michele Trail', 90706739, 'user', 'https://s3.amazonaws.com/uifaces/faces/twitter/miguelkooreman/128.jpg');

INSERT INTO person VALUES ('Reilly_Kozey@gmail.com', 'Lupe Weimann', '$2b$10$rIqmDwqhToE5DdadwTSgAubsRhjwHIs8GYe8Tdtm/ON1wd43prHJW', '846 Ransom Parkway', 90178403, 'user', 'https://s3.amazonaws.com/uifaces/faces/twitter/aaroni/128.jpg');
INSERT INTO full_time_ct VALUES ('Reilly_Kozey@gmail.com');
INSERT INTO ft_specializes_in VALUES ('Reilly_Kozey@gmail.com', 'Goat', 2);

INSERT INTO person VALUES ('Rudy3@yahoo.com', 'Antonietta Sporer', '$2b$10$rIqmDwqhToE5DdadwTSgAuu8Gwk2YE5gJf0DXV8fLQI5nSkpQ/Tha', '41021 Serenity Lakes', 90596776, 'user', 'https://s3.amazonaws.com/uifaces/faces/twitter/foczzi/128.jpg');
INSERT INTO credit_card VALUES (374766313686440, 'Rudy3@yahoo.com', '2021-02-26T03:10:39.847Z', 507);
INSERT INTO pet VALUES ('Joey', 'Rudy3@yahoo.com', 'Chinchilla', 'Eum qui enim quod neque ratione labore.', 'Tenetur aut quia illum.');
INSERT INTO part_time_ct VALUES ('Rudy3@yahoo.com');
INSERT INTO pt_free_schedule VALUES ('Rudy3@yahoo.com', '2020-11-15T02:00:31.600Z', '2020-12-09T04:04:02.498Z');
INSERT INTO pt_specializes_in VALUES ('Rudy3@yahoo.com', 'Duck', 1);
INSERT INTO pt_specializes_in VALUES ('Rudy3@yahoo.com', 'Gecko', 14);

INSERT INTO person VALUES ('Kailey.Schoen83@hotmail.com', 'Dangelo Anderson', '$2b$10$rIqmDwqhToE5DdadwTSgAuPSdvX26w0EpYVue.Fa/mIBzOBaHfyRi', '8318 Sandra Alley', 90752407, 'user', 'https://s3.amazonaws.com/uifaces/faces/twitter/ffbel/128.jpg');
INSERT INTO credit_card VALUES (341280985489048, 'Kailey.Schoen83@hotmail.com', '2021-01-23T19:02:36.721Z', 870);
INSERT INTO pet VALUES ('Leonora', 'Kailey.Schoen83@hotmail.com', 'Rabbit', 'A enim nemo.', 'Itaque ratione vel aut cupiditate et dicta quas dolores vitae.');
INSERT INTO part_time_ct VALUES ('Kailey.Schoen83@hotmail.com');
INSERT INTO pt_free_schedule VALUES ('Kailey.Schoen83@hotmail.com', '2020-11-14T21:04:56.586Z', '2020-12-09T12:08:48.292Z');
INSERT INTO pt_specializes_in VALUES ('Kailey.Schoen83@hotmail.com', 'Lizard', 13);

INSERT INTO person VALUES ('Leta_Raynor@hotmail.com', 'Willie Conroy', '$2b$10$rIqmDwqhToE5DdadwTSgAuIckYsqOp5DiQG5v/vJmvZFkjLHJLQqW', '3557 Rutherford Run', 90757010, 'user', 'https://s3.amazonaws.com/uifaces/faces/twitter/tjrus/128.jpg');

INSERT INTO person VALUES ('Roselyn.Sawayn@hotmail.com', 'Ludie Ratke', '$2b$10$rIqmDwqhToE5DdadwTSgAu/aH4yQxE8mp3eZagQxbTSfOvLicJ7cK', '24078 Emard Bridge', 90252762, 'user', 'https://s3.amazonaws.com/uifaces/faces/twitter/joelcipriano/128.jpg');
INSERT INTO credit_card VALUES (4382557712803, 'Roselyn.Sawayn@hotmail.com', '2021-06-22T05:50:58.242Z', 911);
INSERT INTO pet VALUES ('Gabriella', 'Roselyn.Sawayn@hotmail.com', 'Burro', 'Eligendi sit voluptates.', 'Laudantium accusamus nam distinctio ea necessitatibus magnam.');
INSERT INTO full_time_ct VALUES ('Roselyn.Sawayn@hotmail.com');
INSERT INTO ft_specializes_in VALUES ('Roselyn.Sawayn@hotmail.com', 'Mice', 19);

INSERT INTO person VALUES ('Troy80@gmail.com', 'Chance Emmerich', '$2b$10$rIqmDwqhToE5DdadwTSgAuoXHxlr0/NQy7abeqYO3wCTPxmvcRucy', '553 Sherman Streets', 90537866, 'user', 'https://s3.amazonaws.com/uifaces/faces/twitter/abelcabans/128.jpg');
INSERT INTO credit_card VALUES (30325355730596, 'Troy80@gmail.com', '2021-04-07T03:57:44.386Z', 834);
INSERT INTO pet VALUES ('Hilda', 'Troy80@gmail.com', 'Ponie', 'Quia voluptatem vero natus id in molestiae magni esse nostrum.', 'Vero iusto corrupti laboriosam facilis qui dolorem.');

INSERT INTO person VALUES ('Diana.Mueller92@gmail.com', 'Brant Armstrong', '$2b$10$rIqmDwqhToE5DdadwTSgAuzYKBxfDU7h3w42maxweQgR6d9A1qLa2', '316 Bo Crest', 90125724, 'user', 'https://s3.amazonaws.com/uifaces/faces/twitter/scips/128.jpg');
INSERT INTO full_time_ct VALUES ('Diana.Mueller92@gmail.com');
INSERT INTO ft_specializes_in VALUES ('Diana.Mueller92@gmail.com', 'Donkey', 1);
INSERT INTO ft_specializes_in VALUES ('Diana.Mueller92@gmail.com', 'Llama', 2);
INSERT INTO ft_specializes_in VALUES ('Diana.Mueller92@gmail.com', 'Pig', 15);

INSERT INTO person VALUES ('Leonel_Schuppe91@hotmail.com', 'Marcia Sporer', '$2b$10$rIqmDwqhToE5DdadwTSgAuk2a65M8QHIwGgtWGV7BAq9Omcp/gmLi', '582 Kobe Plaza', 90361354, 'user', 'https://s3.amazonaws.com/uifaces/faces/twitter/sharvin/128.jpg');
INSERT INTO part_time_ct VALUES ('Leonel_Schuppe91@hotmail.com');
INSERT INTO pt_free_schedule VALUES ('Leonel_Schuppe91@hotmail.com', '2020-11-14T08:54:37.949Z', '2021-04-11T18:21:38.531Z');
INSERT INTO pt_specializes_in VALUES ('Leonel_Schuppe91@hotmail.com', 'Guinea Fowl', 14);
INSERT INTO pt_specializes_in VALUES ('Leonel_Schuppe91@hotmail.com', 'Llama', 11);
INSERT INTO pt_specializes_in VALUES ('Leonel_Schuppe91@hotmail.com', 'Mule', 11);

INSERT INTO person VALUES ('Kathlyn84@gmail.com', 'Johann Toy', '$2b$10$rIqmDwqhToE5DdadwTSgAuvW4CipGhrIV2ZYqHA6LPtCyULhlWkYi', '556 Jermain Rapid', 90019863, 'user', 'https://s3.amazonaws.com/uifaces/faces/twitter/kojourin/128.jpg');
INSERT INTO credit_card VALUES (6392107778325799, 'Kathlyn84@gmail.com', '2021-11-02T10:15:30.457Z', 077);
INSERT INTO pet VALUES ('Victoria', 'Kathlyn84@gmail.com', 'Geese (Chinese Swan Goose)', 'Et consectetur optio fuga.', 'A distinctio laborum libero.');
INSERT INTO full_time_ct VALUES ('Kathlyn84@gmail.com');
INSERT INTO ft_specializes_in VALUES ('Kathlyn84@gmail.com', 'Ferret', 8);

INSERT INTO person VALUES ('Preston_Homenick@gmail.com', 'Isac Cormier', '$2b$10$rIqmDwqhToE5DdadwTSgAuKvWAkn5fj/92scsVemwKkxIut6FN8ki', '4444 Treutel Squares', 90175872, 'user', 'https://s3.amazonaws.com/uifaces/faces/twitter/baumannzone/128.jpg');
INSERT INTO credit_card VALUES (5471611393654895, 'Preston_Homenick@gmail.com', '2022-01-26T17:55:45.788Z', 208);
INSERT INTO pet VALUES ('Larue', 'Preston_Homenick@gmail.com', 'Chinchilla', 'Autem reiciendis consectetur consectetur pariatur cum maiores.', 'Quasi consequatur nesciunt voluptatibus dolorem itaque reiciendis est.');

INSERT INTO person VALUES ('Cathrine34@gmail.com', 'Alford Pfannerstill', '$2b$10$rIqmDwqhToE5DdadwTSgAuFOq9LP0JTgu1k3tqfFOXfqXN5w12peS', '25656 Lind Way', 90104032, 'user', 'https://s3.amazonaws.com/uifaces/faces/twitter/isaacfifth/128.jpg');
INSERT INTO credit_card VALUES (6759111659202617, 'Cathrine34@gmail.com', '2024-07-20T20:43:35.720Z', 983);
INSERT INTO pet VALUES ('Joshuah', 'Cathrine34@gmail.com', 'Guinea Fowl', 'Ipsa deserunt officiis.', 'Ex qui porro qui consequuntur rerum.');

INSERT INTO person VALUES ('Caleigh60@gmail.com', 'Keshaun Abernathy', '$2b$10$rIqmDwqhToE5DdadwTSgAue/g5wcIWNoHNb3ub9gigoLxAMEQkhQS', '142 Champlin Plain', 90903042, 'user', 'https://s3.amazonaws.com/uifaces/faces/twitter/russoedu/128.jpg');
INSERT INTO part_time_ct VALUES ('Caleigh60@gmail.com');
INSERT INTO pt_free_schedule VALUES ('Caleigh60@gmail.com', '2020-11-14T23:01:18.864Z', '2021-05-20T07:43:47.363Z');
INSERT INTO pt_specializes_in VALUES ('Caleigh60@gmail.com', 'Bearded Dragon', 0);
INSERT INTO pt_specializes_in VALUES ('Caleigh60@gmail.com', 'Chameleons (Veiled)', 4);
INSERT INTO pt_specializes_in VALUES ('Caleigh60@gmail.com', 'Gerbil', 17);

INSERT INTO person VALUES ('Charley_Murray79@yahoo.com', 'Cole Hansen', '$2b$10$rIqmDwqhToE5DdadwTSgAulFHzdDtEgWuUNzJc/7UsBWTuSUkXF6K', '183 Roxane Pine', 90778823, 'user', 'https://s3.amazonaws.com/uifaces/faces/twitter/knilob/128.jpg');
INSERT INTO credit_card VALUES (378649571251218, 'Charley_Murray79@yahoo.com', '2020-11-25T23:49:41.410Z', 153);
INSERT INTO pet VALUES ('Pierre', 'Charley_Murray79@yahoo.com', 'Llama', 'Est qui sit quis sit doloremque.', 'Perferendis amet voluptatum dolorum explicabo.');

INSERT INTO person VALUES ('Madalyn_Hilpert57@yahoo.com', 'Gabriella Moore', '$2b$10$rIqmDwqhToE5DdadwTSgAu4qE.1JRAtfCVAUldTLa3k.VeCnPXfem', '4904 Gibson Green', 90929559, 'user', 'https://s3.amazonaws.com/uifaces/faces/twitter/jacksonlatka/128.jpg');

INSERT INTO person VALUES ('Colten_Ernser81@gmail.com', 'Giovanna Huel', '$2b$10$rIqmDwqhToE5DdadwTSgAu8EmAVfE6AlYWOSo1Z/32jIfe8axxwWe', '49410 Kristoffer Lights', 90210619, 'user', 'https://s3.amazonaws.com/uifaces/faces/twitter/rmlewisuk/128.jpg');
INSERT INTO credit_card VALUES (370194755067583, 'Colten_Ernser81@gmail.com', '2023-05-20T22:03:03.570Z', 597);
INSERT INTO pet VALUES ('Ayla', 'Colten_Ernser81@gmail.com', 'Chinchilla', 'Rerum ut autem voluptatibus ex assumenda officiis.', 'Et sapiente a sint a modi.');

INSERT INTO person VALUES ('Charlie95@hotmail.com', 'Vernice Kris', '$2b$10$rIqmDwqhToE5DdadwTSgAuk9oiH5spR8KFx4ww82u04crECu.pAnC', '61856 Kutch Junction', 90036640, 'user', 'https://s3.amazonaws.com/uifaces/faces/twitter/peterlandt/128.jpg');

INSERT INTO person VALUES ('Mandy_McLaughlin@gmail.com', 'Agnes Waelchi', '$2b$10$rIqmDwqhToE5DdadwTSgAunjCbpwn6hY2m0pFm.i2rFFnL6zYfP1i', '807 Fahey Branch', 90224732, 'user', 'https://s3.amazonaws.com/uifaces/faces/twitter/umurgdk/128.jpg');

INSERT INTO person VALUES ('Durward.Johnston99@gmail.com', 'Kaley Rodriguez', '$2b$10$rIqmDwqhToE5DdadwTSgAujJA2zUj/9bs6Fmp5TGkueenM5VxGUdW', '5712 Bogan Run', 90872357, 'user', 'https://s3.amazonaws.com/uifaces/faces/twitter/abdulhyeuk/128.jpg');
INSERT INTO credit_card VALUES (6447692742637956, 'Durward.Johnston99@gmail.com', '2022-05-17T22:15:28.502Z', 898);
INSERT INTO pet VALUES ('Roosevelt', 'Durward.Johnston99@gmail.com', 'Bird', 'Fugiat aliquam consectetur dolorum qui recusandae.', 'Suscipit optio tempore quibusdam in id.');
INSERT INTO part_time_ct VALUES ('Durward.Johnston99@gmail.com');
INSERT INTO pt_free_schedule VALUES ('Durward.Johnston99@gmail.com', '2020-11-14T17:36:22.371Z', '2021-04-10T05:53:02.248Z');
INSERT INTO pt_specializes_in VALUES ('Durward.Johnston99@gmail.com', 'Burro', 3);

INSERT INTO person VALUES ('Wilford42@hotmail.com', 'Myrtis Balistreri', '$2b$10$rIqmDwqhToE5DdadwTSgAuOHNJNv2kMJ2rIVuISfduIfblbWg.k8a', '85087 Rebekah Hill', 90879000, 'user', 'https://s3.amazonaws.com/uifaces/faces/twitter/abdullindenis/128.jpg');
INSERT INTO credit_card VALUES (6771895455315999, 'Wilford42@hotmail.com', '2021-02-27T15:34:09.191Z', 083);
INSERT INTO pet VALUES ('Willy', 'Wilford42@hotmail.com', 'Geese (Chinese Swan Goose)', 'Earum perferendis assumenda.', 'Distinctio animi cupiditate.');
INSERT INTO full_time_ct VALUES ('Wilford42@hotmail.com');
INSERT INTO ft_specializes_in VALUES ('Wilford42@hotmail.com', 'Chinchilla', 18);

INSERT INTO person VALUES ('Emmanuelle68@gmail.com', 'Terence Smitham', '$2b$10$rIqmDwqhToE5DdadwTSgAuFrZ8pvwXG/BNhGv3SzYU4zdXUg0h1LS', '474 Karina Square', 90855285, 'user', 'https://s3.amazonaws.com/uifaces/faces/twitter/teeragit/128.jpg');
INSERT INTO credit_card VALUES (374774821661412, 'Emmanuelle68@gmail.com', '2022-04-22T20:17:38.952Z', 916);
INSERT INTO pet VALUES ('Gust', 'Emmanuelle68@gmail.com', 'Mice', 'Libero magnam soluta.', 'Hic iure ab maxime.');

INSERT INTO person VALUES ('Kevin.Graham@gmail.com', 'Nico Klocko', '$2b$10$rIqmDwqhToE5DdadwTSgAuOATXU1rJtXc7QYh2YjzQCv3ZI4RKmR6', '24473 Watsica Ferry', 90531062, 'user', 'https://s3.amazonaws.com/uifaces/faces/twitter/wtrsld/128.jpg');
INSERT INTO part_time_ct VALUES ('Kevin.Graham@gmail.com');
INSERT INTO pt_free_schedule VALUES ('Kevin.Graham@gmail.com', '2020-11-14T22:00:28.074Z', '2020-11-22T18:03:24.015Z');
INSERT INTO pt_specializes_in VALUES ('Kevin.Graham@gmail.com', 'Bird', 10);
INSERT INTO pt_specializes_in VALUES ('Kevin.Graham@gmail.com', 'Guinea Fowl', 18);
INSERT INTO pt_specializes_in VALUES ('Kevin.Graham@gmail.com', 'Mule', 20);

INSERT INTO person VALUES ('Lupe_Hilll@gmail.com', 'Jacinto Kautzer', '$2b$10$rIqmDwqhToE5DdadwTSgAum7WFP.Lq4.rJy2xXdPqDaGSvG36jc06', '7558 Marvin Lakes', 90420676, 'user', 'https://s3.amazonaws.com/uifaces/faces/twitter/imomenui/128.jpg');
INSERT INTO credit_card VALUES (6759318255223122, 'Lupe_Hilll@gmail.com', '2021-09-15T18:33:01.986Z', 668);
INSERT INTO pet VALUES ('Jaylan', 'Lupe_Hilll@gmail.com', 'Pig', 'Ut molestias aut animi voluptatem quam ullam qui dolores.', 'Quibusdam non consectetur iure ut nisi dolore expedita ea.');
INSERT INTO full_time_ct VALUES ('Lupe_Hilll@gmail.com');
INSERT INTO ft_specializes_in VALUES ('Lupe_Hilll@gmail.com', 'Bearded Dragon', 15);
INSERT INTO ft_specializes_in VALUES ('Lupe_Hilll@gmail.com', 'Gecko', 4);

INSERT INTO person VALUES ('Anissa.Volkman@hotmail.com', 'Haley Dietrich', '$2b$10$rIqmDwqhToE5DdadwTSgAugXhndBMoJsbMqgVcsJ.6Qp5L9nbblLO', '39304 Balistreri Run', 90989975, 'user', 'https://s3.amazonaws.com/uifaces/faces/twitter/loganjlambert/128.jpg');
INSERT INTO credit_card VALUES (3529623013881464, 'Anissa.Volkman@hotmail.com', '2022-08-10T21:39:26.466Z', 608);
INSERT INTO pet VALUES ('Nettie', 'Anissa.Volkman@hotmail.com', 'Bearded Dragon', 'Deserunt pariatur iusto ex autem et.', 'Similique est enim ex corporis dicta pariatur repellendus.');
INSERT INTO part_time_ct VALUES ('Anissa.Volkman@hotmail.com');
INSERT INTO pt_free_schedule VALUES ('Anissa.Volkman@hotmail.com', '2020-11-14T11:40:05.449Z', '2021-04-06T11:38:56.990Z');
INSERT INTO pt_specializes_in VALUES ('Anissa.Volkman@hotmail.com', 'Burro', 16);

INSERT INTO person VALUES ('Darryl.Luettgen8@gmail.com', 'Winona Fritsch', '$2b$10$rIqmDwqhToE5DdadwTSgAu2h5bBPCHUtwzI9N.YcpBbvaGiMBqcIq', '82358 Langosh Spurs', 90709452, 'user', 'https://s3.amazonaws.com/uifaces/faces/twitter/lawlbwoy/128.jpg');
INSERT INTO full_time_ct VALUES ('Darryl.Luettgen8@gmail.com');
INSERT INTO ft_specializes_in VALUES ('Darryl.Luettgen8@gmail.com', 'Chinchilla', 11);
INSERT INTO ft_specializes_in VALUES ('Darryl.Luettgen8@gmail.com', 'Duck', 16);
INSERT INTO ft_specializes_in VALUES ('Darryl.Luettgen8@gmail.com', 'Iguana', 18);

INSERT INTO person VALUES ('Lulu15@gmail.com', 'Harley Mueller', '$2b$10$rIqmDwqhToE5DdadwTSgAuLFQrqIMIagGlkWxGscRYKSz1wPpa1Jm', '18060 Lowe Way', 90626644, 'user', 'https://s3.amazonaws.com/uifaces/faces/twitter/samgrover/128.jpg');
INSERT INTO part_time_ct VALUES ('Lulu15@gmail.com');
INSERT INTO pt_free_schedule VALUES ('Lulu15@gmail.com', '2020-11-15T05:46:05.465Z', '2021-03-31T18:38:29.702Z');
INSERT INTO pt_specializes_in VALUES ('Lulu15@gmail.com', 'Donkey', 17);

INSERT INTO person VALUES ('Kolby_Lueilwitz@yahoo.com', 'Luis Brekke', '$2b$10$rIqmDwqhToE5DdadwTSgAuI2Z/rGabgC2CcSPo7HqiECRf/5JbFNS', '45777 Dickinson Trail', 90433651, 'user', 'https://s3.amazonaws.com/uifaces/faces/twitter/n_tassone/128.jpg');

INSERT INTO person VALUES ('Cara20@hotmail.com', 'Mike Rempel', '$2b$10$rIqmDwqhToE5DdadwTSgAumleo9ReQLzfzzfLzQ8TrARoEZB5TCzq', '1304 Moore Viaduct', 90099997, 'user', 'https://s3.amazonaws.com/uifaces/faces/twitter/plasticine/128.jpg');
INSERT INTO part_time_ct VALUES ('Cara20@hotmail.com');
INSERT INTO pt_free_schedule VALUES ('Cara20@hotmail.com', '2020-11-14T16:08:31.074Z', '2021-07-15T13:16:23.843Z');
INSERT INTO pt_specializes_in VALUES ('Cara20@hotmail.com', 'Pot Bellied Pig', 1);

INSERT INTO person VALUES ('Alanna_Beier38@gmail.com', 'Salvatore Lind', '$2b$10$rIqmDwqhToE5DdadwTSgAu.InE0dGx6Bpkkn3OncgTxEVo.8J2DmW', '1807 Schulist Turnpike', 90506589, 'user', 'https://s3.amazonaws.com/uifaces/faces/twitter/xiel/128.jpg');
INSERT INTO credit_card VALUES (3529073571596140, 'Alanna_Beier38@gmail.com', '2020-12-26T03:17:44.803Z', 810);
INSERT INTO pet VALUES ('Bailee', 'Alanna_Beier38@gmail.com', 'Chameleons (Veiled)', 'Atque et excepturi nam sunt in quia aspernatur natus.', 'Aspernatur tempore dolor non similique enim aperiam nulla sed praesentium.');

INSERT INTO person VALUES ('Emelia12@yahoo.com', 'Albina Keebler', '$2b$10$rIqmDwqhToE5DdadwTSgAuVRY8T/rnGMCeOPrY6uoQErAT3mfpUH.', '8764 Barton Crescent', 90878111, 'user', 'https://s3.amazonaws.com/uifaces/faces/twitter/joemdesign/128.jpg');
INSERT INTO credit_card VALUES (5333707910161939, 'Emelia12@yahoo.com', '2022-07-08T17:08:43.551Z', 748);
INSERT INTO pet VALUES ('Emma', 'Emelia12@yahoo.com', 'Geese (Chinese Swan Goose)', 'Fuga eaque dolor ea assumenda quod eaque dignissimos qui rem.', 'Quia sit unde repudiandae sint similique molestiae debitis aut.');
INSERT INTO part_time_ct VALUES ('Emelia12@yahoo.com');
INSERT INTO pt_free_schedule VALUES ('Emelia12@yahoo.com', '2020-11-14T14:11:07.531Z', '2021-06-20T00:15:02.807Z');
INSERT INTO pt_specializes_in VALUES ('Emelia12@yahoo.com', 'Pig', 19);

INSERT INTO person VALUES ('Joy_Schulist26@yahoo.com', 'Darrick Batz', '$2b$10$rIqmDwqhToE5DdadwTSgAuZLjWK54cwtgZAZ09PBbF5sp8SgS33kC', '67261 Mathilde Ranch', 90610478, 'user', 'https://s3.amazonaws.com/uifaces/faces/twitter/guiiipontes/128.jpg');
INSERT INTO part_time_ct VALUES ('Joy_Schulist26@yahoo.com');
INSERT INTO pt_free_schedule VALUES ('Joy_Schulist26@yahoo.com', '2020-11-14T15:09:12.693Z', '2021-10-30T00:44:25.165Z');
INSERT INTO pt_specializes_in VALUES ('Joy_Schulist26@yahoo.com', 'Burro', 14);
INSERT INTO pt_specializes_in VALUES ('Joy_Schulist26@yahoo.com', 'Chameleons (Veiled)', 10);

INSERT INTO person VALUES ('Adolfo59@gmail.com', 'Delta Ward', '$2b$10$rIqmDwqhToE5DdadwTSgAu6Ye7gPSE33uBpLxPMjmQBFOPgyVOL/2', '3191 Mason Heights', 90028206, 'user', 'https://s3.amazonaws.com/uifaces/faces/twitter/samuelkraft/128.jpg');
INSERT INTO credit_card VALUES (6304397905692518, 'Adolfo59@gmail.com', '2024-07-17T17:57:05.932Z', 338);
INSERT INTO pet VALUES ('Lyda', 'Adolfo59@gmail.com', 'Llama', 'Minima dolorem aut quis et fugit quia vel voluptates.', 'Iusto iste enim.');
INSERT INTO part_time_ct VALUES ('Adolfo59@gmail.com');
INSERT INTO pt_free_schedule VALUES ('Adolfo59@gmail.com', '2020-11-14T16:18:11.159Z', '2021-09-15T12:04:46.228Z');
INSERT INTO pt_specializes_in VALUES ('Adolfo59@gmail.com', 'Chameleons (Veiled)', 17);
INSERT INTO pt_specializes_in VALUES ('Adolfo59@gmail.com', 'Lizard', 20);

INSERT INTO person VALUES ('Heloise.Dietrich61@gmail.com', 'Kaleigh Ortiz', '$2b$10$rIqmDwqhToE5DdadwTSgAupOotEcc.RZwK/4DItvY/jOkTzPq4sOm', '6531 Gleichner Forge', 90096397, 'user', 'https://s3.amazonaws.com/uifaces/faces/twitter/vinciarts/128.jpg');
INSERT INTO credit_card VALUES (6709520537292439, 'Heloise.Dietrich61@gmail.com', '2021-01-31T22:34:25.128Z', 471);
INSERT INTO pet VALUES ('Gracie', 'Heloise.Dietrich61@gmail.com', 'Pot Bellied Pig', 'Quibusdam doloribus quam quia nisi libero quasi.', 'Dolores asperiores recusandae qui sunt maiores ea qui.');
INSERT INTO part_time_ct VALUES ('Heloise.Dietrich61@gmail.com');
INSERT INTO pt_free_schedule VALUES ('Heloise.Dietrich61@gmail.com', '2020-11-14T21:16:39.510Z', '2021-01-02T04:54:00.567Z');
INSERT INTO pt_specializes_in VALUES ('Heloise.Dietrich61@gmail.com', 'Bird', 2);
INSERT INTO pt_specializes_in VALUES ('Heloise.Dietrich61@gmail.com', 'Chicken', 8);
INSERT INTO pt_specializes_in VALUES ('Heloise.Dietrich61@gmail.com', 'Iguana', 1);

INSERT INTO person VALUES ('Roosevelt.Stracke@hotmail.com', 'Caroline Jenkins', '$2b$10$rIqmDwqhToE5DdadwTSgAuyEq4rFJN715AOZx7V7uAJDeoJ9mxL9G', '509 Marlee Bypass', 90211382, 'user', 'https://s3.amazonaws.com/uifaces/faces/twitter/scottkclark/128.jpg');
INSERT INTO part_time_ct VALUES ('Roosevelt.Stracke@hotmail.com');
INSERT INTO pt_free_schedule VALUES ('Roosevelt.Stracke@hotmail.com', '2020-11-15T00:36:27.760Z', '2021-06-02T01:02:57.308Z');
INSERT INTO pt_specializes_in VALUES ('Roosevelt.Stracke@hotmail.com', 'Donkey', 0);
INSERT INTO pt_specializes_in VALUES ('Roosevelt.Stracke@hotmail.com', 'Fish', 2);

INSERT INTO person VALUES ('Juliet_Greenholt@hotmail.com', 'Camilla Predovic', '$2b$10$rIqmDwqhToE5DdadwTSgAuZxl/T/SsCfI51bJb4y.Of/98BDl5s42', '1745 Trantow Port', 90723515, 'user', 'https://s3.amazonaws.com/uifaces/faces/twitter/nomidesigns/128.jpg');
INSERT INTO full_time_ct VALUES ('Juliet_Greenholt@hotmail.com');
INSERT INTO ft_specializes_in VALUES ('Juliet_Greenholt@hotmail.com', 'Pig', 7);
INSERT INTO ft_specializes_in VALUES ('Juliet_Greenholt@hotmail.com', 'Pigeon', 6);

INSERT INTO person VALUES ('Mary.Hammes81@hotmail.com', 'Adrienne Johnson', '$2b$10$rIqmDwqhToE5DdadwTSgAupxv8nCn4j0CwSKZSgFksnExXokg5cIm', '1745 Watsica Plaza', 90608657, 'user', 'https://s3.amazonaws.com/uifaces/faces/twitter/dorphern/128.jpg');

INSERT INTO person VALUES ('Charlotte8@hotmail.com', 'Christopher Abbott', '$2b$10$rIqmDwqhToE5DdadwTSgAu9uzhJk//Zexvup9d9ZaP87gQzGizx86', '09496 Swift Glens', 90019856, 'user', 'https://s3.amazonaws.com/uifaces/faces/twitter/rtyukmaev/128.jpg');
INSERT INTO credit_card VALUES (6304647969627041, 'Charlotte8@hotmail.com', '2021-02-12T00:39:47.217Z', 845);
INSERT INTO pet VALUES ('Tristian', 'Charlotte8@hotmail.com', 'Pigeon', 'Voluptatem distinctio qui non excepturi quis.', 'Ut consequuntur occaecati ducimus quam enim maxime quae provident eveniet.');

INSERT INTO person VALUES ('Brendon_Beer49@gmail.com', 'Aida Hermiston', '$2b$10$rIqmDwqhToE5DdadwTSgAuVdXONZKWUH8b1D6FS4PpHU697OsKMve', '1607 Jaqueline Hill', 90209879, 'user', 'https://s3.amazonaws.com/uifaces/faces/twitter/the_winslet/128.jpg');
INSERT INTO full_time_ct VALUES ('Brendon_Beer49@gmail.com');
INSERT INTO ft_specializes_in VALUES ('Brendon_Beer49@gmail.com', 'Bird', 7);
INSERT INTO ft_specializes_in VALUES ('Brendon_Beer49@gmail.com', 'Horse', 8);

INSERT INTO person VALUES ('Cordia_Haag@gmail.com', 'Linwood Schiller', '$2b$10$rIqmDwqhToE5DdadwTSgAuak45e855f8gRTcTR8tbC9JMS.1HvRvK', '832 Runolfsdottir Wells', 90100926, 'user', 'https://s3.amazonaws.com/uifaces/faces/twitter/michaelabehsera/128.jpg');
INSERT INTO full_time_ct VALUES ('Cordia_Haag@gmail.com');
INSERT INTO ft_specializes_in VALUES ('Cordia_Haag@gmail.com', 'Chinese Water Dragon', 12);

INSERT INTO person VALUES ('Ernest68@yahoo.com', 'Lacey Renner', '$2b$10$rIqmDwqhToE5DdadwTSgAuBpACyeRqRnDB6f.WuxCe4xhlsnp6ba6', '8710 Gilda Field', 90785964, 'user', 'https://s3.amazonaws.com/uifaces/faces/twitter/weavermedia/128.jpg');

INSERT INTO person VALUES ('Alejandra_Medhurst@gmail.com', 'Stanford Kilback', '$2b$10$rIqmDwqhToE5DdadwTSgAuJfJd/IcWP8U8UVLdYeC.bIAqqQq7JRi', '7582 Anderson Spur', 90477221, 'user', 'https://s3.amazonaws.com/uifaces/faces/twitter/karalek/128.jpg');
INSERT INTO credit_card VALUES (4188660452716504, 'Alejandra_Medhurst@gmail.com', '2021-01-17T12:26:03.984Z', 378);
INSERT INTO pet VALUES ('Misty', 'Alejandra_Medhurst@gmail.com', 'Mice', 'Non rerum eaque minus at praesentium molestias.', 'Odio voluptatem accusamus et consequatur modi mollitia quos ipsum.');

INSERT INTO person VALUES ('Adella32@yahoo.com', 'Tiara Langosh', '$2b$10$rIqmDwqhToE5DdadwTSgAuERTAgeW2Y3gJ167cewFSIY7vuVveR8i', '9659 Altenwerth Shoal', 90281444, 'user', 'https://s3.amazonaws.com/uifaces/faces/twitter/manigm/128.jpg');
INSERT INTO part_time_ct VALUES ('Adella32@yahoo.com');
INSERT INTO pt_free_schedule VALUES ('Adella32@yahoo.com', '2020-11-14T14:43:21.913Z', '2021-03-13T16:12:49.708Z');
INSERT INTO pt_specializes_in VALUES ('Adella32@yahoo.com', 'Chameleons (Veiled)', 5);

INSERT INTO person VALUES ('Tyreek_Simonis@hotmail.com', 'Nikko Moen', '$2b$10$rIqmDwqhToE5DdadwTSgAutweNI6OH6GGb19a0.hZMRSGcEOO4jD.', '4275 Edgar Gateway', 90022069, 'user', 'https://s3.amazonaws.com/uifaces/faces/twitter/joki4/128.jpg');
INSERT INTO credit_card VALUES (6548506172453928, 'Tyreek_Simonis@hotmail.com', '2021-08-20T20:29:30.968Z', 419);
INSERT INTO pet VALUES ('Annabell', 'Tyreek_Simonis@hotmail.com', 'Cow', 'Sequi aliquid iste eum voluptatem.', 'Enim et mollitia dignissimos commodi voluptatem et sint.');

INSERT INTO person VALUES ('Garrett.Greenholt32@gmail.com', 'Heaven Keebler', '$2b$10$rIqmDwqhToE5DdadwTSgAuiJ9oOVh2NE6EVBUgOQn7561vJwRexLW', '68315 Schoen Courts', 90458000, 'user', 'https://s3.amazonaws.com/uifaces/faces/twitter/johncafazza/128.jpg');
INSERT INTO full_time_ct VALUES ('Garrett.Greenholt32@gmail.com');
INSERT INTO ft_specializes_in VALUES ('Garrett.Greenholt32@gmail.com', 'Chicken', 20);

INSERT INTO person VALUES ('Katarina18@yahoo.com', 'Fausto Homenick', '$2b$10$rIqmDwqhToE5DdadwTSgAuskACeeRXsNDQJBdlmNuHjZSyCn.975q', '5099 Kohler Plaza', 90493880, 'user', 'https://s3.amazonaws.com/uifaces/faces/twitter/garand/128.jpg');
INSERT INTO part_time_ct VALUES ('Katarina18@yahoo.com');
INSERT INTO pt_free_schedule VALUES ('Katarina18@yahoo.com', '2020-11-14T21:29:27.088Z', '2021-05-02T20:11:59.733Z');
INSERT INTO pt_specializes_in VALUES ('Katarina18@yahoo.com', 'Geese (Chinese Swan Goose)', 18);
INSERT INTO pt_specializes_in VALUES ('Katarina18@yahoo.com', 'Mice', 20);
INSERT INTO pt_specializes_in VALUES ('Katarina18@yahoo.com', 'Pigeon', 17);

INSERT INTO person VALUES ('Elliott.Toy83@hotmail.com', 'Darlene Blick', '$2b$10$rIqmDwqhToE5DdadwTSgAuEtmRJjYE7DwDGxj.9BKqn8qe7ML8Xum', '15405 Loren Lodge', 90721320, 'user', 'https://s3.amazonaws.com/uifaces/faces/twitter/bradenhamm/128.jpg');
INSERT INTO credit_card VALUES (5018324493427511, 'Elliott.Toy83@hotmail.com', '2021-12-16T16:14:57.988Z', 212);
INSERT INTO pet VALUES ('Shemar', 'Elliott.Toy83@hotmail.com', 'Guinea Fowl', 'Porro aperiam consequatur quas quis fugit.', 'Est soluta eum aut laudantium magni reiciendis similique quam qui.');

INSERT INTO person VALUES ('Osvaldo53@hotmail.com', 'Donnell Walsh', '$2b$10$rIqmDwqhToE5DdadwTSgAuNf6djW9OUo1UzU4vu4hd0KPouAnB1GW', '3867 Rosenbaum Prairie', 90288866, 'user', 'https://s3.amazonaws.com/uifaces/faces/twitter/lonesomelemon/128.jpg');

INSERT INTO person VALUES ('Chelsie.Krajcik@hotmail.com', 'Zena Kuhlman', '$2b$10$rIqmDwqhToE5DdadwTSgAudbRSXHWQOrRuw/aUAS2dfcpDEL0Cque', '95534 Noemie Burgs', 90734573, 'user', 'https://s3.amazonaws.com/uifaces/faces/twitter/joshaustin/128.jpg');

INSERT INTO person VALUES ('Terence57@yahoo.com', 'Dianna MacGyver', '$2b$10$rIqmDwqhToE5DdadwTSgAu6Gj2wo7BEv31nnoL7FHzpPetiQJw58e', '0114 Moore Manors', 90915038, 'user', 'https://s3.amazonaws.com/uifaces/faces/twitter/okansurreel/128.jpg');

INSERT INTO person VALUES ('Ada18@gmail.com', 'Arnaldo Weber', '$2b$10$rIqmDwqhToE5DdadwTSgAuYgy7dIuE9vnMfVWtG2XUKfLsh0UhLw2', '52200 Myrna Fort', 90004339, 'user', 'https://s3.amazonaws.com/uifaces/faces/twitter/thedamianhdez/128.jpg');
INSERT INTO credit_card VALUES (36775922805655, 'Ada18@gmail.com', '2021-07-17T06:02:46.492Z', 419);
INSERT INTO pet VALUES ('Dakota', 'Ada18@gmail.com', 'Chameleons (Veiled)', 'Velit soluta ipsa quas alias quia sapiente officia a.', 'Est eaque quo itaque.');
INSERT INTO part_time_ct VALUES ('Ada18@gmail.com');
INSERT INTO pt_free_schedule VALUES ('Ada18@gmail.com', '2020-11-14T08:30:17.729Z', '2021-07-07T18:27:20.985Z');
INSERT INTO pt_specializes_in VALUES ('Ada18@gmail.com', 'Pigeon', 14);

INSERT INTO person VALUES ('Eddie_Murray@gmail.com', 'Marty Donnelly', '$2b$10$rIqmDwqhToE5DdadwTSgAunpbNRO8fQIM/29a6dpW.7hMy.IqbaLG', '2637 Muhammad Mountain', 90817473, 'user', 'https://s3.amazonaws.com/uifaces/faces/twitter/abdots/128.jpg');
INSERT INTO credit_card VALUES (6706151425475699, 'Eddie_Murray@gmail.com', '2022-07-30T14:52:08.306Z', 465);
INSERT INTO pet VALUES ('Morton', 'Eddie_Murray@gmail.com', 'Llama', 'Corrupti aut hic aspernatur est minima porro tenetur.', 'Quia omnis sed odit reiciendis minima nesciunt ut.');

INSERT INTO person VALUES ('Wilber_Purdy64@hotmail.com', 'Jayden Mueller', '$2b$10$rIqmDwqhToE5DdadwTSgAurtjoS40JtMnqQ0wSvCznEAwZXuZYw/O', '667 Langworth Mount', 90199359, 'user', 'https://s3.amazonaws.com/uifaces/faces/twitter/depaulawagner/128.jpg');

INSERT INTO person VALUES ('Davon98@gmail.com', 'Rudy Homenick', '$2b$10$rIqmDwqhToE5DdadwTSgAuBw1jGLsDvmM5ryaH8kWiP392TDuf7qu', '670 Mervin Inlet', 90238195, 'user', 'https://s3.amazonaws.com/uifaces/faces/twitter/doooon/128.jpg');
INSERT INTO credit_card VALUES (4311058289181, 'Davon98@gmail.com', '2021-07-29T05:08:08.256Z', 568);
INSERT INTO pet VALUES ('Clemens', 'Davon98@gmail.com', 'Chicken', 'Iusto consequuntur provident.', 'Qui tenetur voluptatem aut ullam qui et quos dolorem maiores.');

INSERT INTO person VALUES ('Stanton15@yahoo.com', 'Emelie Adams', '$2b$10$rIqmDwqhToE5DdadwTSgAuGkKIGKQXD39xX13htqiQtk1oG5vE5QO', '68532 Vern Pine', 90017882, 'user', 'https://s3.amazonaws.com/uifaces/faces/twitter/antjanus/128.jpg');

INSERT INTO person VALUES ('Royce.Schamberger77@yahoo.com', 'Hazle Howell', '$2b$10$rIqmDwqhToE5DdadwTSgAuCSTwky6xa8/NHTGLnJNyBg9LXEQf.BC', '4249 Cecile Views', 90556399, 'user', 'https://s3.amazonaws.com/uifaces/faces/twitter/reabo101/128.jpg');
INSERT INTO full_time_ct VALUES ('Royce.Schamberger77@yahoo.com');
INSERT INTO ft_specializes_in VALUES ('Royce.Schamberger77@yahoo.com', 'Bearded Dragon', 15);
INSERT INTO ft_specializes_in VALUES ('Royce.Schamberger77@yahoo.com', 'Peafowl', 16);

INSERT INTO person VALUES ('Jackson.Kirlin15@gmail.com', 'Chyna Botsford', '$2b$10$rIqmDwqhToE5DdadwTSgAuGeJxxZkzAiHmBqbn4jU0374/004aR1W', '3711 McDermott Mews', 90417436, 'user', 'https://s3.amazonaws.com/uifaces/faces/twitter/BryanHorsey/128.jpg');
INSERT INTO credit_card VALUES (6456600745051497, 'Jackson.Kirlin15@gmail.com', '2021-12-31T16:31:38.620Z', 390);
INSERT INTO pet VALUES ('Thad', 'Jackson.Kirlin15@gmail.com', 'Llama', 'Magnam ab soluta facere dolore velit deleniti magnam.', 'Nulla nam et doloribus.');

INSERT INTO person VALUES ('Seth.Rau@yahoo.com', 'Consuelo Cummerata', '$2b$10$rIqmDwqhToE5DdadwTSgAuoLmBKgJ5YCCJdJ4tYBbypy9dfQRe44G', '646 Romaguera Pike', 90831331, 'user', 'https://s3.amazonaws.com/uifaces/faces/twitter/safrankov/128.jpg');
INSERT INTO credit_card VALUES (5893917411276767, 'Seth.Rau@yahoo.com', '2020-12-06T16:29:45.464Z', 519);
INSERT INTO pet VALUES ('Haleigh', 'Seth.Rau@yahoo.com', 'Guinea Fowl', 'Ratione dolores at.', 'Rerum maiores sint ex.');

INSERT INTO person VALUES ('Quincy43@yahoo.com', 'Marshall Miller', '$2b$10$rIqmDwqhToE5DdadwTSgAug8LHLxEEsuRTk/k8R/9szbKoq1Mxtze', '6228 Bahringer Summit', 90792242, 'user', 'https://s3.amazonaws.com/uifaces/faces/twitter/nicoleglynn/128.jpg');
INSERT INTO part_time_ct VALUES ('Quincy43@yahoo.com');
INSERT INTO pt_free_schedule VALUES ('Quincy43@yahoo.com', '2020-11-15T05:27:02.343Z', '2020-12-11T14:28:57.203Z');
INSERT INTO pt_specializes_in VALUES ('Quincy43@yahoo.com', 'Bearded Dragon', 9);

INSERT INTO person VALUES ('Adriel65@gmail.com', 'Sonny Gerlach', '$2b$10$rIqmDwqhToE5DdadwTSgAu6nhjh2KNKeANRI8flfoV0La.Jb8dXUO', '36561 Lurline Landing', 90933655, 'user', 'https://s3.amazonaws.com/uifaces/faces/twitter/d00maz/128.jpg');
INSERT INTO credit_card VALUES (6455680143732402, 'Adriel65@gmail.com', '2021-02-08T11:00:53.225Z', 787);
INSERT INTO pet VALUES ('Junius', 'Adriel65@gmail.com', 'Chameleons (Veiled)', 'Aperiam quo est voluptatem natus pariatur unde nisi deserunt excepturi.', 'Quisquam facilis quas dolore exercitationem consequuntur recusandae.');

INSERT INTO person VALUES ('Kacie.OConner@gmail.com', 'Nikko Stehr', '$2b$10$rIqmDwqhToE5DdadwTSgAuVtRaBHWlh2GoVzjLYMqBlMGcAfW1nxm', '7599 Shanahan Shore', 90613469, 'user', 'https://s3.amazonaws.com/uifaces/faces/twitter/akmur/128.jpg');

INSERT INTO person VALUES ('Marcellus.Nitzsche@hotmail.com', 'Derek Rempel', '$2b$10$rIqmDwqhToE5DdadwTSgAuRVLAS1DnHfpv.hVxmM3auKuvoH3GE2e', '6272 Schowalter Union', 90979167, 'user', 'https://s3.amazonaws.com/uifaces/faces/twitter/ryankirkman/128.jpg');

INSERT INTO person VALUES ('Leila19@gmail.com', 'Leatha Gislason', '$2b$10$rIqmDwqhToE5DdadwTSgAuM2adto.Wd0MPAVDM9mB7S1SlqaFd.x.', '06576 Mitchell Ports', 90372603, 'user', 'https://s3.amazonaws.com/uifaces/faces/twitter/elisabethkjaer/128.jpg');
INSERT INTO full_time_ct VALUES ('Leila19@gmail.com');
INSERT INTO ft_specializes_in VALUES ('Leila19@gmail.com', 'Goat', 20);
INSERT INTO ft_specializes_in VALUES ('Leila19@gmail.com', 'Rabbit', 8);

INSERT INTO person VALUES ('Joe27@gmail.com', 'Laverne Hoeger', '$2b$10$rIqmDwqhToE5DdadwTSgAuChODpIy3UBh8A9JhwfZydZf30FHfd4y', '9937 Jamar Meadows', 90946653, 'user', 'https://s3.amazonaws.com/uifaces/faces/twitter/shadeed9/128.jpg');
INSERT INTO credit_card VALUES (30395846116125, 'Joe27@gmail.com', '2021-11-08T20:47:01.500Z', 673);
INSERT INTO pet VALUES ('Layla', 'Joe27@gmail.com', 'Hedgehog', 'Reiciendis provident id et et cumque cupiditate.', 'Nesciunt suscipit voluptatibus qui et provident aut aspernatur voluptas.');
INSERT INTO full_time_ct VALUES ('Joe27@gmail.com');
INSERT INTO ft_specializes_in VALUES ('Joe27@gmail.com', 'Ferret', 17);
INSERT INTO ft_specializes_in VALUES ('Joe27@gmail.com', 'Guinea Pig', 16);

INSERT INTO person VALUES ('Kris.Predovic@hotmail.com', 'Treva Barrows', '$2b$10$rIqmDwqhToE5DdadwTSgAuWAyRVw/UbHPvfAR/F/H0KjPiIGFHxSO', '80698 Witting Freeway', 90406343, 'user', 'https://s3.amazonaws.com/uifaces/faces/twitter/justme_timothyg/128.jpg');
INSERT INTO credit_card VALUES (344775911567141, 'Kris.Predovic@hotmail.com', '2021-03-17T18:13:28.523Z', 084);
INSERT INTO pet VALUES ('Gwendolyn', 'Kris.Predovic@hotmail.com', 'Ferret', 'At ab beatae.', 'Maiores accusamus consectetur dolorum odit blanditiis ipsa ab.');
INSERT INTO full_time_ct VALUES ('Kris.Predovic@hotmail.com');
INSERT INTO ft_specializes_in VALUES ('Kris.Predovic@hotmail.com', 'Bird', 5);
INSERT INTO ft_specializes_in VALUES ('Kris.Predovic@hotmail.com', 'Chameleons (Veiled)', 2);
INSERT INTO ft_specializes_in VALUES ('Kris.Predovic@hotmail.com', 'Ponie', 7);

INSERT INTO person VALUES ('Maryjane_Orn76@hotmail.com', 'Bobbie Glover', '$2b$10$rIqmDwqhToE5DdadwTSgAuBTrWO5DVnJACSLN2NJkUpE9Mj52Q9JW', '75691 Maybelle Ranch', 90134544, 'user', 'https://s3.amazonaws.com/uifaces/faces/twitter/reideiredale/128.jpg');
INSERT INTO credit_card VALUES (6376548986657446, 'Maryjane_Orn76@hotmail.com', '2023-05-26T11:11:49.669Z', 600);
INSERT INTO pet VALUES ('Dewayne', 'Maryjane_Orn76@hotmail.com', 'Iguana', 'Repellendus ut nostrum maxime odit.', 'Id qui itaque.');
INSERT INTO part_time_ct VALUES ('Maryjane_Orn76@hotmail.com');
INSERT INTO pt_free_schedule VALUES ('Maryjane_Orn76@hotmail.com', '2020-11-14T22:32:58.005Z', '2021-02-06T10:45:04.274Z');
INSERT INTO pt_specializes_in VALUES ('Maryjane_Orn76@hotmail.com', 'Burro', 17);
INSERT INTO pt_specializes_in VALUES ('Maryjane_Orn76@hotmail.com', 'Gecko', 6);
INSERT INTO pt_specializes_in VALUES ('Maryjane_Orn76@hotmail.com', 'Guinea Fowl', 4);

INSERT INTO person VALUES ('Mittie73@hotmail.com', 'Theresa Ratke', '$2b$10$rIqmDwqhToE5DdadwTSgAuGJlk2WO.5wRs6Is1BVr2mni9VIMrpmG', '2692 Kathlyn Roads', 90164080, 'user', 'https://s3.amazonaws.com/uifaces/faces/twitter/mutu_krish/128.jpg');

INSERT INTO person VALUES ('Hulda_Daugherty@yahoo.com', 'Guiseppe Feil', '$2b$10$rIqmDwqhToE5DdadwTSgAuSv1Pr1733ekKAaoKFenGkqLM1ot7TQq', '4337 Jacynthe Alley', 90914795, 'user', 'https://s3.amazonaws.com/uifaces/faces/twitter/yehudab/128.jpg');

INSERT INTO person VALUES ('Carlee.Hansen@gmail.com', 'Fredy Pfannerstill', '$2b$10$rIqmDwqhToE5DdadwTSgAujcQBlCMR9WgGNrE4CfyQBNXKea0fb0G', '1640 Raynor Mount', 90140534, 'user', 'https://s3.amazonaws.com/uifaces/faces/twitter/bboy1895/128.jpg');
INSERT INTO credit_card VALUES (6771523322473599, 'Carlee.Hansen@gmail.com', '2022-09-16T16:58:03.427Z', 378);
INSERT INTO pet VALUES ('Frederique', 'Carlee.Hansen@gmail.com', 'Gecko', 'Amet ut molestiae id molestiae esse incidunt pariatur dolore.', 'Deserunt autem aut vero minima voluptatem aut eos distinctio.');
INSERT INTO full_time_ct VALUES ('Carlee.Hansen@gmail.com');
INSERT INTO ft_specializes_in VALUES ('Carlee.Hansen@gmail.com', 'Donkey', 7);
INSERT INTO ft_specializes_in VALUES ('Carlee.Hansen@gmail.com', 'Horse', 18);
INSERT INTO ft_specializes_in VALUES ('Carlee.Hansen@gmail.com', 'Iguana', 20);

INSERT INTO person VALUES ('Joyce79@gmail.com', 'Bill Walsh', '$2b$10$rIqmDwqhToE5DdadwTSgAuK5gnDmb/92W0tIQqETyqdt8s4UXGfCu', '37264 Edwina Oval', 90669785, 'user', 'https://s3.amazonaws.com/uifaces/faces/twitter/gregsqueeb/128.jpg');
INSERT INTO credit_card VALUES (6389381963172741, 'Joyce79@gmail.com', '2024-05-17T04:07:40.639Z', 336);
INSERT INTO pet VALUES ('Gudrun', 'Joyce79@gmail.com', 'Pig', 'Iusto natus similique eveniet quae dolorum vel ut eos.', 'Facere deleniti repudiandae qui.');
INSERT INTO full_time_ct VALUES ('Joyce79@gmail.com');
INSERT INTO ft_specializes_in VALUES ('Joyce79@gmail.com', 'Geese (Chinese Swan Goose)', 20);

INSERT INTO person VALUES ('Josie.Bailey@gmail.com', 'Maymie Beer', '$2b$10$rIqmDwqhToE5DdadwTSgAuRS2yQK4Yy0.oxs.OlBkVojgXnXH0MVq', '621 Schumm Harbor', 90343977, 'user', 'https://s3.amazonaws.com/uifaces/faces/twitter/spacewood_/128.jpg');
INSERT INTO credit_card VALUES (6767193916136420, 'Josie.Bailey@gmail.com', '2021-11-13T20:53:45.765Z', 020);
INSERT INTO pet VALUES ('Justine', 'Josie.Bailey@gmail.com', 'Cow', 'Ipsum corporis rerum vel laudantium.', 'Excepturi placeat dolores in in ducimus.');

INSERT INTO person VALUES ('Zander27@yahoo.com', 'Dana Goyette', '$2b$10$rIqmDwqhToE5DdadwTSgAu0zuzfqOpzryQOLX3kajEQZ4e7be1FF2', '6136 Schaefer Turnpike', 90898415, 'user', 'https://s3.amazonaws.com/uifaces/faces/twitter/aeon56/128.jpg');
INSERT INTO part_time_ct VALUES ('Zander27@yahoo.com');
INSERT INTO pt_free_schedule VALUES ('Zander27@yahoo.com', '2020-11-14T14:45:06.488Z', '2021-09-24T04:50:53.831Z');
INSERT INTO pt_specializes_in VALUES ('Zander27@yahoo.com', 'Burro', 16);
INSERT INTO pt_specializes_in VALUES ('Zander27@yahoo.com', 'Gecko', 16);
INSERT INTO pt_specializes_in VALUES ('Zander27@yahoo.com', 'Hamster', 2);

INSERT INTO person VALUES ('Ubaldo37@gmail.com', 'Demario Hane', '$2b$10$rIqmDwqhToE5DdadwTSgAugYq1X5nHtz8b7sr/hU4cyuxSvO0GUcK', '1173 Mohr Streets', 90259005, 'user', 'https://s3.amazonaws.com/uifaces/faces/twitter/cherif_b/128.jpg');
INSERT INTO credit_card VALUES (347316793241209, 'Ubaldo37@gmail.com', '2021-10-07T01:10:56.391Z', 492);
INSERT INTO pet VALUES ('Toy', 'Ubaldo37@gmail.com', 'Pigeon', 'Voluptatem iusto error maiores et nulla dolorem aut voluptas id.', 'Ea aliquid perferendis voluptas iusto aut modi praesentium commodi repudiandae.');
INSERT INTO part_time_ct VALUES ('Ubaldo37@gmail.com');
INSERT INTO pt_free_schedule VALUES ('Ubaldo37@gmail.com', '2020-11-14T19:59:40.964Z', '2021-07-30T08:22:47.892Z');
INSERT INTO pt_specializes_in VALUES ('Ubaldo37@gmail.com', 'Cow', 4);
INSERT INTO pt_specializes_in VALUES ('Ubaldo37@gmail.com', 'Ferret', 13);
INSERT INTO pt_specializes_in VALUES ('Ubaldo37@gmail.com', 'Guinea Fowl', 13);

INSERT INTO person VALUES ('Dovie_Bosco4@gmail.com', 'Gladys Pfannerstill', '$2b$10$rIqmDwqhToE5DdadwTSgAubM0Ms/uYfb25oEN0N8U07.5hry1bz/K', '661 Anthony Viaduct', 90117274, 'user', 'https://s3.amazonaws.com/uifaces/faces/twitter/joelhelin/128.jpg');

INSERT INTO person VALUES ('Bianka.Oberbrunner41@gmail.com', 'Cora Swift', '$2b$10$rIqmDwqhToE5DdadwTSgAuGW7xpJeRqLA1/WUCB/pzq.EXxtEdNHW', '676 Marcelo Walks', 90912433, 'user', 'https://s3.amazonaws.com/uifaces/faces/twitter/alan_zhang_/128.jpg');
INSERT INTO credit_card VALUES (6709001391816118, 'Bianka.Oberbrunner41@gmail.com', '2022-08-08T12:41:33.656Z', 464);
INSERT INTO pet VALUES ('Kasandra', 'Bianka.Oberbrunner41@gmail.com', 'Llama', 'Expedita magnam et ea rem ipsam itaque voluptas consequuntur.', 'Consequatur qui omnis qui quod ratione ipsa.');
INSERT INTO full_time_ct VALUES ('Bianka.Oberbrunner41@gmail.com');
INSERT INTO ft_specializes_in VALUES ('Bianka.Oberbrunner41@gmail.com', 'Gecko', 9);
INSERT INTO ft_specializes_in VALUES ('Bianka.Oberbrunner41@gmail.com', 'Mule', 9);
INSERT INTO ft_specializes_in VALUES ('Bianka.Oberbrunner41@gmail.com', 'Rabbit', 15);

INSERT INTO person VALUES ('Patricia80@hotmail.com', 'Nicklaus Pacocha', '$2b$10$rIqmDwqhToE5DdadwTSgAuIagpkyAcKHVAPW/JdArHbrMeP1pO84a', '2062 Franco Squares', 90081859, 'user', 'https://s3.amazonaws.com/uifaces/faces/twitter/spedwig/128.jpg');

INSERT INTO person VALUES ('Kyla31@yahoo.com', 'Wilfred Hudson', '$2b$10$rIqmDwqhToE5DdadwTSgAukGDbC/30VcRRNvrdtNeBhnNEH381s3G', '01674 Hailey Plain', 90877290, 'user', 'https://s3.amazonaws.com/uifaces/faces/twitter/katiemdaly/128.jpg');
INSERT INTO part_time_ct VALUES ('Kyla31@yahoo.com');
INSERT INTO pt_free_schedule VALUES ('Kyla31@yahoo.com', '2020-11-14T15:16:14.047Z', '2021-11-02T20:23:30.275Z');
INSERT INTO pt_specializes_in VALUES ('Kyla31@yahoo.com', 'Fish', 20);
INSERT INTO pt_specializes_in VALUES ('Kyla31@yahoo.com', 'Hamster', 15);
INSERT INTO pt_specializes_in VALUES ('Kyla31@yahoo.com', 'Lizard', 16);

INSERT INTO person VALUES ('Geovanni.OKon@hotmail.com', 'Rebeka Kerluke', '$2b$10$rIqmDwqhToE5DdadwTSgAujXKmgzOjqel78Z6kuaIOdm9RZ1GI.uK', '813 Corene Island', 90970720, 'user', 'https://s3.amazonaws.com/uifaces/faces/twitter/sachacorazzi/128.jpg');
INSERT INTO credit_card VALUES (36251831995589, 'Geovanni.OKon@hotmail.com', '2022-01-24T21:11:39.444Z', 366);
INSERT INTO pet VALUES ('Sonya', 'Geovanni.OKon@hotmail.com', 'Bird', 'Et veritatis itaque.', 'Eos neque sunt eaque est.');
INSERT INTO part_time_ct VALUES ('Geovanni.OKon@hotmail.com');
INSERT INTO pt_free_schedule VALUES ('Geovanni.OKon@hotmail.com', '2020-11-14T17:59:00.431Z', '2021-08-03T13:06:37.138Z');
INSERT INTO pt_specializes_in VALUES ('Geovanni.OKon@hotmail.com', 'Guinea Fowl', 13);
INSERT INTO pt_specializes_in VALUES ('Geovanni.OKon@hotmail.com', 'Ponie', 3);

INSERT INTO person VALUES ('Kassandra32@hotmail.com', 'Jerome McDermott', '$2b$10$rIqmDwqhToE5DdadwTSgAu33XNdERAgrqEGf5wnfDGOfKi9riPhCa', '352 McCullough Avenue', 90896773, 'user', 'https://s3.amazonaws.com/uifaces/faces/twitter/arthurholcombe1/128.jpg');

INSERT INTO person VALUES ('Alfreda_Kilback89@gmail.com', 'Dandre Grady', '$2b$10$rIqmDwqhToE5DdadwTSgAuVsUVcHkXDoD7oqSF6CXcatOGPVSh4a2', '578 Victoria Mountain', 90040253, 'user', 'https://s3.amazonaws.com/uifaces/faces/twitter/to_soham/128.jpg');
INSERT INTO full_time_ct VALUES ('Alfreda_Kilback89@gmail.com');
INSERT INTO ft_specializes_in VALUES ('Alfreda_Kilback89@gmail.com', 'Pigeon', 20);

INSERT INTO person VALUES ('Meda.Fahey78@gmail.com', 'Laney Heidenreich', '$2b$10$rIqmDwqhToE5DdadwTSgAux9rEcY0gYFfzt3YxEmv4ThEr/VqDhbO', '9017 Rubie Squares', 90938278, 'user', 'https://s3.amazonaws.com/uifaces/faces/twitter/okansurreel/128.jpg');
INSERT INTO part_time_ct VALUES ('Meda.Fahey78@gmail.com');
INSERT INTO pt_free_schedule VALUES ('Meda.Fahey78@gmail.com', '2020-11-15T07:19:49.903Z', '2021-02-21T22:59:23.065Z');
INSERT INTO pt_specializes_in VALUES ('Meda.Fahey78@gmail.com', 'Guinea Fowl', 2);
INSERT INTO pt_specializes_in VALUES ('Meda.Fahey78@gmail.com', 'Iguana', 8);
INSERT INTO pt_specializes_in VALUES ('Meda.Fahey78@gmail.com', 'Pig', 10);

INSERT INTO person VALUES ('Mervin_Mertz@gmail.com', 'Earlene Cronin', '$2b$10$rIqmDwqhToE5DdadwTSgAuKuoCxU5dLXVtjhLemDruX/AnkrsWstW', '8233 Muller Locks', 90423650, 'user', 'https://s3.amazonaws.com/uifaces/faces/twitter/wake_gs/128.jpg');
INSERT INTO credit_card VALUES (344858903975128, 'Mervin_Mertz@gmail.com', '2021-01-09T04:19:22.472Z', 380);
INSERT INTO pet VALUES ('Jalyn', 'Mervin_Mertz@gmail.com', 'Pot Bellied Pig', 'Doloribus reprehenderit rerum itaque iste.', 'Inventore dolores nihil saepe voluptatum.');
INSERT INTO full_time_ct VALUES ('Mervin_Mertz@gmail.com');
INSERT INTO ft_specializes_in VALUES ('Mervin_Mertz@gmail.com', 'Gecko', 8);
INSERT INTO ft_specializes_in VALUES ('Mervin_Mertz@gmail.com', 'Guinea Pig', 15);

INSERT INTO person VALUES ('Creola_Powlowski43@gmail.com', 'Nico Beier', '$2b$10$rIqmDwqhToE5DdadwTSgAu2q7rb9c9fu5A3dPGhUHO.EAPPyeFeIa', '0953 Alberta Crossing', 90142160, 'user', 'https://s3.amazonaws.com/uifaces/faces/twitter/artem_kostenko/128.jpg');
INSERT INTO credit_card VALUES (6767023679797464, 'Creola_Powlowski43@gmail.com', '2025-03-22T20:56:07.110Z', 342);
INSERT INTO pet VALUES ('Allene', 'Creola_Powlowski43@gmail.com', 'Cow', 'Possimus officia explicabo veniam et quos.', 'Deserunt recusandae tempore rerum perspiciatis.');

INSERT INTO person VALUES ('Kassandra_Ratke92@gmail.com', 'Hailee Kuhlman', '$2b$10$rIqmDwqhToE5DdadwTSgAumoghBGAQYqcbJs3RwDANGYM9fTil7Ee', '0376 Nolan Lock', 90166026, 'user', 'https://s3.amazonaws.com/uifaces/faces/twitter/dvdwinden/128.jpg');
INSERT INTO full_time_ct VALUES ('Kassandra_Ratke92@gmail.com');
INSERT INTO ft_specializes_in VALUES ('Kassandra_Ratke92@gmail.com', 'Bird', 14);

INSERT INTO person VALUES ('Max_Witting@yahoo.com', 'Estefania Kassulke', '$2b$10$rIqmDwqhToE5DdadwTSgAujd2qK4Rr9HjW300vnRjoIjDZphfwNeS', '792 Kian Orchard', 90178049, 'user', 'https://s3.amazonaws.com/uifaces/faces/twitter/lawlbwoy/128.jpg');
INSERT INTO credit_card VALUES (376183848225456, 'Max_Witting@yahoo.com', '2022-03-16T06:53:47.111Z', 776);
INSERT INTO pet VALUES ('Felix', 'Max_Witting@yahoo.com', 'Llama', 'Laborum laudantium hic omnis rem quod modi laborum eos.', 'Necessitatibus optio repudiandae animi aut aut id tempora alias consequatur.');
INSERT INTO part_time_ct VALUES ('Max_Witting@yahoo.com');
INSERT INTO pt_free_schedule VALUES ('Max_Witting@yahoo.com', '2020-11-14T13:09:42.651Z', '2021-04-29T22:01:42.688Z');
INSERT INTO pt_specializes_in VALUES ('Max_Witting@yahoo.com', 'Gerbil', 12);
INSERT INTO pt_specializes_in VALUES ('Max_Witting@yahoo.com', 'Lizard', 7);

INSERT INTO person VALUES ('Wallace.Welch62@gmail.com', 'Flavio Feil', '$2b$10$rIqmDwqhToE5DdadwTSgAuVYC75/L0rvpZHhQfimGR0dZ.FJyiUyO', '2630 Oberbrunner Plains', 90668235, 'user', 'https://s3.amazonaws.com/uifaces/faces/twitter/rob_thomas10/128.jpg');

INSERT INTO person VALUES ('Sarina42@gmail.com', 'Taurean Kiehn', '$2b$10$rIqmDwqhToE5DdadwTSgAuUcxR7B4th.WK/pxnExg7ZBHQsLxa0sG', '2591 Altenwerth Fords', 90863482, 'user', 'https://s3.amazonaws.com/uifaces/faces/twitter/kazaky999/128.jpg');
INSERT INTO credit_card VALUES (3529402418437564, 'Sarina42@gmail.com', '2024-05-06T09:01:48.883Z', 172);
INSERT INTO pet VALUES ('Raegan', 'Sarina42@gmail.com', 'Lizard', 'Blanditiis nemo itaque saepe placeat aut.', 'Possimus incidunt sint eum aut aperiam voluptate.');
INSERT INTO part_time_ct VALUES ('Sarina42@gmail.com');
INSERT INTO pt_free_schedule VALUES ('Sarina42@gmail.com', '2020-11-14T18:22:11.305Z', '2021-07-03T16:04:41.004Z');
INSERT INTO pt_specializes_in VALUES ('Sarina42@gmail.com', 'Horse', 1);
INSERT INTO pt_specializes_in VALUES ('Sarina42@gmail.com', 'Mice', 10);
INSERT INTO pt_specializes_in VALUES ('Sarina42@gmail.com', 'Pigeon', 3);
INSERT INTO bid (ct_email, ct_price, start_date, end_date, is_cash, transport_method, pet_owner, pet_name, bid_status, feedback, rating) VALUES ('Aimee.Doyle@yahoo.com', 17, '2020-11-03T21:45:10.362Z', '2020-11-04T19:37:28.109Z', true, 'pcs', 'Adrain_Wyman@gmail.com', 'Selina', 'reviewed', 'Expedita exercitationem recusandae earum et sapiente nam non. In explicabo neque nihil dolorem qui qui quas.', 4);
INSERT INTO bid (ct_email, ct_price, start_date, end_date, is_cash, transport_method, pet_owner, pet_name, bid_status, feedback, rating) VALUES ('Carson.Volkman@yahoo.com', 13, '2020-11-03T21:45:10.362Z', '2020-11-04T19:37:28.109Z', true, 'pcs', 'Fiona_Wiza13@gmail.com', 'Tia', 'reviewed', 'Reiciendis velit ab aut. Nobis ducimus quia ex similique aut et.', 4);
INSERT INTO bid (ct_email, ct_price, start_date, end_date, is_cash, transport_method, pet_owner, pet_name, bid_status, feedback, rating) VALUES ('Marta_Robel22@yahoo.com', 5, '2020-11-03T21:45:10.362Z', '2020-11-04T19:37:28.109Z', true, 'delivery', 'Susie.Fritsch@yahoo.com', 'Katlynn', 'confirmed', NULL, NULL);
INSERT INTO bid (ct_email, ct_price, start_date, end_date, is_cash, transport_method, pet_owner, pet_name, bid_status, feedback, rating) VALUES ('Alva78@hotmail.com', 3, '2020-11-03T21:45:10.362Z', '2020-11-04T19:37:28.109Z', true, 'pcs', 'Quinten.OHara78@yahoo.com', 'Clara', 'reviewed', 'Recusandae nisi rem explicabo. Laboriosam placeat esse quis sequi sit alias ut velit temporibus.', 3);
INSERT INTO bid (ct_email, ct_price, start_date, end_date, is_cash, transport_method, pet_owner, pet_name, bid_status, feedback, rating) VALUES ('Clair_Wisozk23@gmail.com', 17, '2020-11-03T21:45:10.362Z', '2020-11-04T19:37:28.109Z', true, 'pickup', 'Mckenna.Grimes@hotmail.com', 'Audreanne', 'reviewed', 'Aut sint inventore sed praesentium. Reiciendis aspernatur molestias praesentium voluptas et non occaecati impedit.', 4);
INSERT INTO bid (ct_email, ct_price, start_date, end_date, is_cash, transport_method, pet_owner, pet_name, bid_status, feedback, rating) VALUES ('Ferne_Jacobi51@gmail.com', 15, '2020-11-03T21:45:10.362Z', '2020-11-04T19:37:28.109Z', true, 'pickup', 'Cole78@gmail.com', 'Clinton', 'reviewed', 'Ipsa laudantium vel. Inventore odit odio reprehenderit rem voluptatem quis itaque quo similique.', 4);
INSERT INTO bid (ct_email, ct_price, start_date, end_date, is_cash, transport_method, pet_owner, pet_name, bid_status, feedback, rating) VALUES ('Filomena.Toy90@yahoo.com', 5, '2020-11-03T21:45:10.362Z', '2020-11-04T19:37:28.109Z', true, 'pickup', 'Elton_Schiller@gmail.com', 'Ila', 'confirmed', NULL, NULL);
INSERT INTO bid (ct_email, ct_price, start_date, end_date, is_cash, transport_method, pet_owner, pet_name, bid_status, feedback, rating) VALUES ('Assunta_Leuschke1@yahoo.com', 11, '2020-11-03T21:45:10.362Z', '2020-11-04T19:37:28.109Z', true, 'pcs', 'Mack_Hills26@hotmail.com', 'Aliya', 'confirmed', NULL, NULL);
INSERT INTO bid (ct_email, ct_price, start_date, end_date, is_cash, transport_method, pet_owner, pet_name, bid_status, feedback, rating) VALUES ('Lucio76@gmail.com', 19, '2020-11-03T21:45:10.362Z', '2020-11-04T19:37:28.109Z', true, 'delivery', 'Troy80@gmail.com', 'Hilda', 'confirmed', NULL, NULL);
INSERT INTO bid (ct_email, ct_price, start_date, end_date, is_cash, transport_method, pet_owner, pet_name, bid_status, feedback, rating) VALUES ('Marietta15@gmail.com', 1, '2020-11-03T21:45:10.362Z', '2020-11-04T19:37:28.109Z', true, 'pickup', 'Maia48@gmail.com', 'Landen', 'reviewed', 'Dicta ea rerum minus laudantium fuga quia quia asperiores. Ut voluptate doloremque.', 4);
INSERT INTO bid (ct_email, ct_price, start_date, end_date, is_cash, transport_method, pet_owner, pet_name, bid_status, feedback, rating) VALUES ('Juliana.Waters@yahoo.com', 17, '2020-11-03T21:45:10.362Z', '2020-11-04T19:37:28.109Z', true, 'delivery', 'Arnoldo74@hotmail.com', 'Gillian', 'reviewed', 'Sunt perspiciatis ut nihil doloribus qui amet tempore. Rerum qui sit accusamus veniam saepe distinctio ut.', 5);
INSERT INTO bid (ct_email, ct_price, start_date, end_date, is_cash, transport_method, pet_owner, pet_name, bid_status, feedback, rating) VALUES ('Nicklaus.Von22@gmail.com', 10, '2020-11-03T21:45:10.362Z', '2020-11-04T19:37:28.109Z', true, 'delivery', 'Harmony27@gmail.com', 'Sydnie', 'confirmed', NULL, NULL);
INSERT INTO bid (ct_email, ct_price, start_date, end_date, is_cash, transport_method, pet_owner, pet_name, bid_status, feedback, rating) VALUES ('Julius.Hills@yahoo.com', 1, '2020-11-03T21:45:10.362Z', '2020-11-04T19:37:28.109Z', true, 'pcs', 'Jovanny.Spinka95@hotmail.com', 'Norene', 'reviewed', 'Deleniti tempore nostrum. Consequatur modi aliquam.', 4);
INSERT INTO bid (ct_email, ct_price, start_date, end_date, is_cash, transport_method, pet_owner, pet_name, bid_status, feedback, rating) VALUES ('Emory_Lang77@yahoo.com', 0, '2020-11-03T21:45:10.362Z', '2020-11-04T19:37:28.109Z', true, 'pickup', 'Audrey.Hills@hotmail.com', 'Ronny', 'confirmed', NULL, NULL);
INSERT INTO bid (ct_email, ct_price, start_date, end_date, is_cash, transport_method, pet_owner, pet_name, bid_status, feedback, rating) VALUES ('Megane_Schoen24@yahoo.com', 19, '2020-11-03T21:45:10.362Z', '2020-11-04T19:37:28.109Z', true, 'pcs', 'Veda.Hagenes@yahoo.com', 'Everette', 'reviewed', 'Qui voluptas molestiae ipsa repellendus delectus. Porro placeat ut voluptatibus occaecati accusantium dolor.', 4);
INSERT INTO bid (ct_email, ct_price, start_date, end_date, is_cash, transport_method, pet_owner, pet_name, bid_status, feedback, rating) VALUES ('Elmore74@gmail.com', 6, '2020-11-03T21:45:10.362Z', '2020-11-04T19:37:28.109Z', true, 'delivery', 'Ivah10@gmail.com', 'Vivianne', 'confirmed', NULL, NULL);
INSERT INTO bid (ct_email, ct_price, start_date, end_date, is_cash, transport_method, pet_owner, pet_name, bid_status, feedback, rating) VALUES ('Trudie55@hotmail.com', 3, '2020-11-03T21:45:10.362Z', '2020-11-04T19:37:28.109Z', true, 'pcs', 'Eloise_Raynor72@yahoo.com', 'Werner', 'reviewed', 'Rerum hic facere aut a officia. Possimus ipsum et neque omnis officiis et veniam sunt a.', 5);
INSERT INTO bid (ct_email, ct_price, start_date, end_date, is_cash, transport_method, pet_owner, pet_name, bid_status, feedback, rating) VALUES ('Kaya.Miller@hotmail.com', 20, '2020-11-03T21:45:10.362Z', '2020-11-04T19:37:28.109Z', true, 'pickup', 'Brenna17@gmail.com', 'Laron', 'reviewed', 'Possimus ducimus quia est maxime esse. Odit libero nostrum architecto expedita illo.', 5);
INSERT INTO bid (ct_email, ct_price, start_date, end_date, is_cash, transport_method, pet_owner, pet_name, bid_status, feedback, rating) VALUES ('Christ99@yahoo.com', 10, '2020-11-03T21:45:10.362Z', '2020-11-04T19:37:28.109Z', true, 'pcs', 'Dante.King90@yahoo.com', 'Maryjane', 'confirmed', NULL, NULL);
INSERT INTO bid (ct_email, ct_price, start_date, end_date, is_cash, transport_method, pet_owner, pet_name, bid_status, feedback, rating) VALUES ('Heath_Harris@yahoo.com', 7, '2020-11-03T21:45:10.362Z', '2020-11-04T19:37:28.109Z', true, 'delivery', 'Filomena.Toy90@yahoo.com', 'Howell', 'reviewed', 'Vel modi et modi in quaerat provident autem saepe. Voluptates qui aut qui ea eos nisi.', 3);
INSERT INTO bid (ct_email, ct_price, start_date, end_date, is_cash, transport_method, pet_owner, pet_name, bid_status, feedback, rating) VALUES ('Marianne90@yahoo.com', 17, '2020-11-03T21:45:10.362Z', '2020-11-04T19:37:28.109Z', true, 'pcs', 'Myah_Walsh@gmail.com', 'Elvis', 'confirmed', NULL, NULL);
INSERT INTO bid (ct_email, ct_price, start_date, end_date, is_cash, transport_method, pet_owner, pet_name, bid_status, feedback, rating) VALUES ('Flavie_Pacocha7@yahoo.com', 10, '2020-11-03T21:45:10.362Z', '2020-11-04T19:37:28.109Z', true, 'pickup', 'Kyler32@hotmail.com', 'Marcellus', 'reviewed', 'Quia facere et dolorum qui. Sint enim aut.', 5);
INSERT INTO bid (ct_email, ct_price, start_date, end_date, is_cash, transport_method, pet_owner, pet_name, bid_status, feedback, rating) VALUES ('Reynold30@gmail.com', 9, '2020-11-03T21:45:10.362Z', '2020-11-04T19:37:28.109Z', true, 'pcs', 'Sonia.Medhurst@yahoo.com', 'Orlando', 'confirmed', NULL, NULL);
INSERT INTO bid (ct_email, ct_price, start_date, end_date, is_cash, transport_method, pet_owner, pet_name, bid_status, feedback, rating) VALUES ('Marietta_Paucek@yahoo.com', 13, '2020-11-03T21:45:10.362Z', '2020-11-04T19:37:28.109Z', true, 'delivery', 'Mozelle.Herzog48@gmail.com', 'Ella', 'reviewed', 'Eum non qui et similique aspernatur officiis dolorem sit. Totam doloremque aut.', 5);
INSERT INTO bid (ct_email, ct_price, start_date, end_date, is_cash, transport_method, pet_owner, pet_name, bid_status, feedback, rating) VALUES ('Christiana_OConner19@hotmail.com', 1, '2020-11-03T21:45:10.362Z', '2020-11-04T19:37:28.109Z', true, 'pickup', 'Seth.Rau@yahoo.com', 'Haleigh', 'reviewed', 'Nam et inventore est ea rerum autem. In impedit mollitia ipsa.', 5);
INSERT INTO bid (ct_email, ct_price, start_date, end_date, is_cash, transport_method, pet_owner, pet_name, bid_status, feedback, rating) VALUES ('Kristoffer_Welch13@yahoo.com', 1, '2020-11-03T21:45:10.362Z', '2020-11-04T19:37:28.109Z', true, 'pickup', 'Royce84@gmail.com', 'Reba', 'confirmed', NULL, NULL);
INSERT INTO bid (ct_email, ct_price, start_date, end_date, is_cash, transport_method, pet_owner, pet_name, bid_status, feedback, rating) VALUES ('Verna2@yahoo.com', 17, '2020-11-03T21:45:10.362Z', '2020-11-04T19:37:28.109Z', true, 'pcs', 'Keira23@gmail.com', 'Fabian', 'reviewed', 'Officia ut quisquam dolorum maiores est sit. Et autem rerum.', 3);
INSERT INTO bid (ct_email, ct_price, start_date, end_date, is_cash, transport_method, pet_owner, pet_name, bid_status, feedback, rating) VALUES ('Jesus.Haag@hotmail.com', 5, '2020-11-03T21:45:10.362Z', '2020-11-04T19:37:28.109Z', true, 'pcs', 'Damion_Daugherty@gmail.com', 'Olin', 'confirmed', NULL, NULL);
INSERT INTO bid (ct_email, ct_price, start_date, end_date, is_cash, transport_method, pet_owner, pet_name, bid_status, feedback, rating) VALUES ('Joey74@gmail.com', 2, '2020-11-03T21:45:10.362Z', '2020-11-04T19:37:28.109Z', true, 'pickup', 'Alexandro63@yahoo.com', 'Nova', 'reviewed', 'Dolores ratione quo quia. Pariatur et voluptates qui sit doloremque voluptate quis.', 4);
INSERT INTO bid (ct_email, ct_price, start_date, end_date, is_cash, transport_method, pet_owner, pet_name, bid_status, feedback, rating) VALUES ('Lukas.Mayer16@gmail.com', 12, '2020-11-03T21:45:10.362Z', '2020-11-04T19:37:28.109Z', true, 'pcs', 'Wyman.Bruen@yahoo.com', 'Nash', 'reviewed', 'Distinctio reiciendis impedit cum et quo consequatur ab et. Omnis unde distinctio ut atque est.', 3);
INSERT INTO bid (ct_email, ct_price, start_date, end_date, is_cash, transport_method, pet_owner, pet_name, bid_status, feedback, rating) VALUES ('Breanna80@yahoo.com', 10, '2020-11-03T21:45:10.362Z', '2020-11-04T19:37:28.109Z', true, 'pickup', 'Katherine.Johnson89@gmail.com', 'Kiel', 'reviewed', 'Enim fugit mollitia corrupti quam aut vel. Optio sed minima non non.', 5);
INSERT INTO bid (ct_email, ct_price, start_date, end_date, is_cash, transport_method, pet_owner, pet_name, bid_status, feedback, rating) VALUES ('Cassidy_Kovacek@yahoo.com', 4, '2020-11-03T21:45:10.362Z', '2020-11-04T19:37:28.109Z', true, 'delivery', 'Claudia.Heaney66@hotmail.com', 'Itzel', 'reviewed', 'At nobis et aspernatur accusamus mollitia voluptatem id molestiae nesciunt. Dicta sapiente necessitatibus saepe laborum laborum itaque qui.', 4);
INSERT INTO bid (ct_email, ct_price, start_date, end_date, is_cash, transport_method, pet_owner, pet_name, bid_status, feedback, rating) VALUES ('Junius.Hayes76@hotmail.com', 7, '2020-11-03T21:45:10.362Z', '2020-11-04T19:37:28.109Z', true, 'pickup', 'Javonte90@yahoo.com', 'Darian', 'confirmed', NULL, NULL);
INSERT INTO bid (ct_email, ct_price, start_date, end_date, is_cash, transport_method, pet_owner, pet_name, bid_status, feedback, rating) VALUES ('Shannon74@yahoo.com', 18, '2020-11-03T21:45:10.362Z', '2020-11-04T19:37:28.109Z', true, 'delivery', 'Heloise.Dietrich61@gmail.com', 'Gracie', 'confirmed', NULL, NULL);
INSERT INTO bid (ct_email, ct_price, start_date, end_date, is_cash, transport_method, pet_owner, pet_name, bid_status, feedback, rating) VALUES ('Erika_OHara@gmail.com', 8, '2020-11-03T21:45:10.362Z', '2020-11-04T19:37:28.109Z', true, 'pcs', 'Jacynthe_Shields48@yahoo.com', 'Bridget', 'reviewed', 'Culpa rerum distinctio cum. Placeat molestias ea rerum doloribus vero magni fuga.', 4);
INSERT INTO bid (ct_email, ct_price, start_date, end_date, is_cash, transport_method, pet_owner, pet_name, bid_status, feedback, rating) VALUES ('Ashlee75@hotmail.com', 9, '2020-11-03T21:45:10.362Z', '2020-11-04T19:37:28.109Z', true, 'pcs', 'Russel25@gmail.com', 'Leonel', 'reviewed', 'Dolor exercitationem ut eos ducimus numquam. Iste voluptates consequuntur tempora eum aut accusantium laborum voluptate.', 5);
INSERT INTO bid (ct_email, ct_price, start_date, end_date, is_cash, transport_method, pet_owner, pet_name, bid_status, feedback, rating) VALUES ('Domenica_Ondricka1@gmail.com', 2, '2020-11-03T21:45:10.362Z', '2020-11-04T19:37:28.109Z', true, 'pickup', 'Francis.Tillman92@yahoo.com', 'Ford', 'reviewed', 'Placeat aperiam minus. Vel odio consequatur.', 5);
INSERT INTO bid (ct_email, ct_price, start_date, end_date, is_cash, transport_method, pet_owner, pet_name, bid_status, feedback, rating) VALUES ('Nedra.Durgan24@gmail.com', 17, '2020-11-03T21:45:10.362Z', '2020-11-04T19:37:28.109Z', true, 'delivery', 'Arianna.Waelchi@gmail.com', 'Wiley', 'reviewed', 'Consequuntur consequatur voluptas dolor. Explicabo quas necessitatibus velit aperiam doloremque reprehenderit reprehenderit saepe.', 4);
INSERT INTO bid (ct_email, ct_price, start_date, end_date, is_cash, transport_method, pet_owner, pet_name, bid_status, feedback, rating) VALUES ('Ivah10@gmail.com', 4, '2020-11-03T21:45:10.362Z', '2020-11-04T19:37:28.109Z', true, 'pcs', 'Toy.Gleason@hotmail.com', 'Zetta', 'reviewed', 'Mollitia accusamus quidem repudiandae veritatis est non. Sint vitae earum unde.', 3);
INSERT INTO bid (ct_email, ct_price, start_date, end_date, is_cash, transport_method, pet_owner, pet_name, bid_status, feedback, rating) VALUES ('Brittany.Price57@gmail.com', 6, '2020-11-03T21:45:10.362Z', '2020-11-04T19:37:28.109Z', true, 'pcs', 'Kobe30@gmail.com', 'Malika', 'confirmed', NULL, NULL);
INSERT INTO bid (ct_email, ct_price, start_date, end_date, is_cash, transport_method, pet_owner, pet_name, bid_status, feedback, rating) VALUES ('Bertha_Will@yahoo.com', 5, '2020-11-03T21:45:10.362Z', '2020-11-04T19:37:28.109Z', true, 'pickup', 'Rudy3@yahoo.com', 'Joey', 'reviewed', 'Facere reiciendis quia ducimus eveniet incidunt magni eos. Inventore veritatis sed dignissimos molestiae qui et dolorum.', 3);
INSERT INTO bid (ct_email, ct_price, start_date, end_date, is_cash, transport_method, pet_owner, pet_name, bid_status, feedback, rating) VALUES ('Milton_Marvin81@gmail.com', 16, '2020-11-03T21:45:10.362Z', '2020-11-04T19:37:28.109Z', true, 'pickup', 'Annetta_Schneider@yahoo.com', 'Earnestine', 'reviewed', 'Nihil qui enim ea molestias numquam dignissimos eius in a. Sed illum ut tempora sapiente officiis sunt explicabo rerum.', 3);
INSERT INTO bid (ct_email, ct_price, start_date, end_date, is_cash, transport_method, pet_owner, pet_name, bid_status, feedback, rating) VALUES ('Alda.Prosacco74@yahoo.com', 1, '2020-11-03T21:45:10.362Z', '2020-11-04T19:37:28.109Z', true, 'pcs', 'Sid_Kertzmann@gmail.com', 'Westley', 'reviewed', 'Placeat pariatur soluta aut excepturi harum et qui molestiae. Eius aut eum perferendis ipsam omnis eos.', 5);
INSERT INTO bid (ct_email, ct_price, start_date, end_date, is_cash, transport_method, pet_owner, pet_name, bid_status, feedback, rating) VALUES ('Henderson_Fritsch@hotmail.com', 5, '2020-11-03T21:45:10.362Z', '2020-11-04T19:37:28.109Z', true, 'delivery', 'Chesley.Brekke@yahoo.com', 'Aliya', 'reviewed', 'Perspiciatis iste explicabo et nam neque perspiciatis quisquam. Aut quo voluptate beatae id quis.', 4);
INSERT INTO bid (ct_email, ct_price, start_date, end_date, is_cash, transport_method, pet_owner, pet_name, bid_status, feedback, rating) VALUES ('Kamren_Heathcote@hotmail.com', 6, '2020-11-03T21:45:10.362Z', '2020-11-04T19:37:28.109Z', true, 'pcs', 'Else.Schneider@gmail.com', 'Dasia', 'reviewed', 'Enim voluptatem ex quam. Maiores earum est et aut officia dolorem itaque est.', 3);
INSERT INTO bid (ct_email, ct_price, start_date, end_date, is_cash, transport_method, pet_owner, pet_name, bid_status, feedback, rating) VALUES ('Annamae4@hotmail.com', 19, '2020-11-03T21:45:10.362Z', '2020-11-04T19:37:28.109Z', true, 'delivery', 'Taurean.Wilderman@gmail.com', 'Keely', 'confirmed', NULL, NULL);
INSERT INTO bid (ct_email, ct_price, start_date, end_date, is_cash, transport_method, pet_owner, pet_name, bid_status, feedback, rating) VALUES ('Trevor40@gmail.com', 20, '2020-11-03T21:45:10.362Z', '2020-11-04T19:37:28.109Z', true, 'delivery', 'Geovanni.OKon@hotmail.com', 'Sonya', 'confirmed', NULL, NULL);
INSERT INTO bid (ct_email, ct_price, start_date, end_date, is_cash, transport_method, pet_owner, pet_name, bid_status, feedback, rating) VALUES ('Margarita.Hermiston@yahoo.com', 13, '2020-11-03T21:45:10.362Z', '2020-11-04T19:37:28.109Z', true, 'delivery', 'Nicklaus.Von22@gmail.com', 'Terry', 'confirmed', NULL, NULL);
INSERT INTO bid (ct_email, ct_price, start_date, end_date, is_cash, transport_method, pet_owner, pet_name, bid_status, feedback, rating) VALUES ('Sigurd.Walter@gmail.com', 9, '2020-11-03T21:45:10.362Z', '2020-11-04T19:37:28.109Z', true, 'pcs', 'Antwan56@yahoo.com', 'Garett', 'reviewed', 'Ut in quasi nulla eaque ut veniam et. Dicta natus dolore aut eligendi.', 4);
INSERT INTO bid (ct_email, ct_price, start_date, end_date, is_cash, transport_method, pet_owner, pet_name, bid_status, feedback, rating) VALUES ('Devante.Dickinson74@yahoo.com', 16, '2020-11-03T21:45:10.362Z', '2020-11-04T19:37:28.109Z', true, 'delivery', 'Austen.Walker@gmail.com', 'Jarret', 'confirmed', NULL, NULL);
INSERT INTO bid (ct_email, ct_price, start_date, end_date, is_cash, transport_method, pet_owner, pet_name, bid_status, feedback, rating) VALUES ('Eleanore34@hotmail.com', 10, '2020-11-03T21:45:10.362Z', '2020-11-04T19:37:28.109Z', true, 'delivery', 'Turner.Shields76@yahoo.com', 'Ted', 'confirmed', NULL, NULL);
INSERT INTO bid (ct_email, ct_price, start_date, end_date, is_cash, transport_method, pet_owner, pet_name, bid_status, feedback, rating) VALUES ('Jermey63@hotmail.com', 2, '2020-11-03T21:45:10.362Z', '2020-11-04T19:37:28.109Z', true, 'pickup', 'Wellington_Kuvalis30@hotmail.com', 'Henri', 'reviewed', 'Aut ipsam hic. Autem voluptatem quos soluta architecto et pariatur eos itaque.', 3);
INSERT INTO bid (ct_email, ct_price, start_date, end_date, is_cash, transport_method, pet_owner, pet_name, bid_status, feedback, rating) VALUES ('Joan69@hotmail.com', 8, '2020-11-03T21:45:10.362Z', '2020-11-04T19:37:28.109Z', true, 'pcs', 'Stephany.Luettgen73@gmail.com', 'Donald', 'reviewed', 'Magnam et sit quibusdam natus rem dignissimos labore inventore repudiandae. Voluptas rerum quo totam aut ad vero.', 5);
INSERT INTO bid (ct_email, ct_price, start_date, end_date, is_cash, transport_method, pet_owner, pet_name, bid_status, feedback, rating) VALUES ('Reba.Maggio@yahoo.com', 8, '2020-11-03T21:45:10.362Z', '2020-11-04T19:37:28.109Z', true, 'pickup', 'Orrin92@gmail.com', 'Larissa', 'confirmed', NULL, NULL);
INSERT INTO bid (ct_email, ct_price, start_date, end_date, is_cash, transport_method, pet_owner, pet_name, bid_status, feedback, rating) VALUES ('Jennifer94@gmail.com', 13, '2020-11-03T21:45:10.362Z', '2020-11-04T19:37:28.109Z', true, 'pcs', 'Garnett.Walter56@hotmail.com', 'Kylee', 'reviewed', 'Vel ex et voluptate et aut. Laborum repellat quaerat saepe impedit.', 4);
INSERT INTO bid (ct_email, ct_price, start_date, end_date, is_cash, transport_method, pet_owner, pet_name, bid_status, feedback, rating) VALUES ('Odessa62@hotmail.com', 11, '2020-11-03T21:45:10.362Z', '2020-11-04T19:37:28.109Z', true, 'pickup', 'Isaac_Blanda@gmail.com', 'Jon', 'confirmed', NULL, NULL);
INSERT INTO bid (ct_email, ct_price, start_date, end_date, is_cash, transport_method, pet_owner, pet_name, bid_status, feedback, rating) VALUES ('Katherine.Johnson89@gmail.com', 1, '2020-11-03T21:45:10.362Z', '2020-11-04T19:37:28.109Z', true, 'pcs', 'Colten_Ernser81@gmail.com', 'Ayla', 'confirmed', NULL, NULL);
INSERT INTO bid (ct_email, ct_price, start_date, end_date, is_cash, transport_method, pet_owner, pet_name, bid_status, feedback, rating) VALUES ('Lillie_Barton@hotmail.com', 20, '2020-11-03T21:45:10.362Z', '2020-11-04T19:37:28.109Z', true, 'pickup', 'Gudrun38@yahoo.com', 'Wallace', 'confirmed', NULL, NULL);
INSERT INTO bid (ct_email, ct_price, start_date, end_date, is_cash, transport_method, pet_owner, pet_name, bid_status, feedback, rating) VALUES ('Newell_Paucek40@gmail.com', 6, '2020-11-03T21:45:10.362Z', '2020-11-04T19:37:28.109Z', true, 'pcs', 'Valerie12@hotmail.com', 'Candida', 'reviewed', 'Animi et doloremque aspernatur. Aspernatur fugiat deleniti et nam vel quidem.', 3);
INSERT INTO bid (ct_email, ct_price, start_date, end_date, is_cash, transport_method, pet_owner, pet_name, bid_status, feedback, rating) VALUES ('Rosalinda30@yahoo.com', 3, '2020-11-03T21:45:10.362Z', '2020-11-04T19:37:28.109Z', true, 'pickup', 'Shakira.Gusikowski@gmail.com', 'Brendan', 'confirmed', NULL, NULL);
INSERT INTO bid (ct_email, ct_price, start_date, end_date, is_cash, transport_method, pet_owner, pet_name, bid_status, feedback, rating) VALUES ('Jerod24@gmail.com', 7, '2020-11-03T21:45:10.362Z', '2020-11-04T19:37:28.109Z', true, 'pcs', 'Dorothy_Kuhn82@yahoo.com', 'Liana', 'confirmed', NULL, NULL);
INSERT INTO bid (ct_email, ct_price, start_date, end_date, is_cash, transport_method, pet_owner, pet_name, bid_status, feedback, rating) VALUES ('Peter.Aufderhar37@hotmail.com', 16, '2020-11-03T21:45:10.362Z', '2020-11-04T19:37:28.109Z', true, 'pcs', 'Bertha_Will@yahoo.com', 'Keshawn', 'reviewed', 'Quo ullam omnis maxime autem. Accusantium rem ad quo minus eligendi consequatur esse enim.', 3);
INSERT INTO bid (ct_email, ct_price, start_date, end_date, is_cash, transport_method, pet_owner, pet_name, bid_status, feedback, rating) VALUES ('Alfonso_Wiza85@yahoo.com', 5, '2020-11-03T21:45:10.362Z', '2020-11-04T19:37:28.109Z', true, 'pcs', 'Crawford23@yahoo.com', 'Cindy', 'reviewed', 'Reiciendis sed molestiae dignissimos sed quis sit praesentium et fugiat. Cum autem hic possimus aperiam rerum illo molestiae voluptate.', 3);
INSERT INTO bid (ct_email, ct_price, start_date, end_date, is_cash, transport_method, pet_owner, pet_name, bid_status, feedback, rating) VALUES ('Arno.Ferry74@yahoo.com', 3, '2020-11-03T21:45:10.362Z', '2020-11-04T19:37:28.109Z', true, 'delivery', 'Franco11@yahoo.com', 'Fanny', 'reviewed', 'Ut magni neque explicabo blanditiis dolore ea non quo id. Quia dolorum nemo laboriosam vel aut ut in.', 5);
INSERT INTO bid (ct_email, ct_price, start_date, end_date, is_cash, transport_method, pet_owner, pet_name, bid_status, feedback, rating) VALUES ('Fernando.Altenwerth18@yahoo.com', 18, '2020-11-03T21:45:10.362Z', '2020-11-04T19:37:28.109Z', true, 'pickup', 'Cesar.Mraz@gmail.com', 'Patricia', 'confirmed', NULL, NULL);
INSERT INTO bid (ct_email, ct_price, start_date, end_date, is_cash, transport_method, pet_owner, pet_name, bid_status, feedback, rating) VALUES ('Rosamond_Franecki20@hotmail.com', 13, '2020-11-03T21:45:10.362Z', '2020-11-04T19:37:28.109Z', true, 'delivery', 'Tyreek_Simonis@hotmail.com', 'Annabell', 'reviewed', 'Eaque ut adipisci hic. Nobis soluta impedit earum eum dolor quia odio ex.', 3);
INSERT INTO bid (ct_email, ct_price, start_date, end_date, is_cash, transport_method, pet_owner, pet_name, bid_status, feedback, rating) VALUES ('Tyler20@gmail.com', 2, '2020-11-03T21:45:10.362Z', '2020-11-04T19:37:28.109Z', true, 'pcs', 'Viviane_Borer14@hotmail.com', 'Kathryne', 'reviewed', 'Omnis sint nostrum iste nostrum. Non et omnis quam ipsum facilis et est.', 5);
INSERT INTO bid (ct_email, ct_price, start_date, end_date, is_cash, transport_method, pet_owner, pet_name, bid_status, feedback, rating) VALUES ('Torrance49@hotmail.com', 17, '2020-11-03T21:45:10.362Z', '2020-11-04T19:37:28.109Z', true, 'pcs', 'Eveline_Shields64@hotmail.com', 'Rashad', 'confirmed', NULL, NULL);
INSERT INTO bid (ct_email, ct_price, start_date, end_date, is_cash, transport_method, pet_owner, pet_name, bid_status, feedback, rating) VALUES ('Bud_Crooks@yahoo.com', 2, '2020-11-03T21:45:10.362Z', '2020-11-04T19:37:28.109Z', true, 'pcs', 'Isom22@yahoo.com', 'Kendra', 'confirmed', NULL, NULL);
INSERT INTO bid (ct_email, ct_price, start_date, end_date, is_cash, transport_method, pet_owner, pet_name, bid_status, feedback, rating) VALUES ('Alyson.Hamill80@gmail.com', 16, '2020-11-03T21:45:10.362Z', '2020-11-04T19:37:28.109Z', true, 'delivery', 'Lupe_Hilll@gmail.com', 'Jaylan', 'confirmed', NULL, NULL);
INSERT INTO bid (ct_email, ct_price, start_date, end_date, is_cash, transport_method, pet_owner, pet_name, bid_status, feedback, rating) VALUES ('Reynold14@gmail.com', 2, '2020-11-03T21:45:10.362Z', '2020-11-04T19:37:28.109Z', true, 'delivery', 'Cathrine34@gmail.com', 'Joshuah', 'confirmed', NULL, NULL);
INSERT INTO bid (ct_email, ct_price, start_date, end_date, is_cash, transport_method, pet_owner, pet_name, bid_status, feedback, rating) VALUES ('Daphnee.Morissette@hotmail.com', 16, '2020-11-03T21:45:10.362Z', '2020-11-04T19:37:28.109Z', true, 'pickup', 'Marjory22@yahoo.com', 'Glennie', 'confirmed', NULL, NULL);
INSERT INTO bid (ct_email, ct_price, start_date, end_date, is_cash, transport_method, pet_owner, pet_name, bid_status, feedback, rating) VALUES ('Audrey.Hills@hotmail.com', 14, '2020-11-03T21:45:10.362Z', '2020-11-04T19:37:28.109Z', true, 'pcs', 'Tyrel_Murazik@gmail.com', 'Shannon', 'confirmed', NULL, NULL);
INSERT INTO bid (ct_email, ct_price, start_date, end_date, is_cash, transport_method, pet_owner, pet_name, bid_status, feedback, rating) VALUES ('Cali.Zboncak97@hotmail.com', 14, '2020-11-03T21:45:10.362Z', '2020-11-04T19:37:28.109Z', true, 'delivery', 'Shannon9@hotmail.com', 'Thurman', 'confirmed', NULL, NULL);
INSERT INTO bid (ct_email, ct_price, start_date, end_date, is_cash, transport_method, pet_owner, pet_name, bid_status, feedback, rating) VALUES ('Waino51@hotmail.com', 18, '2020-11-03T21:45:10.362Z', '2020-11-04T19:37:28.109Z', true, 'pickup', 'Albin.Sawayn3@yahoo.com', 'Mohammad', 'confirmed', NULL, NULL);
INSERT INTO bid (ct_email, ct_price, start_date, end_date, is_cash, transport_method, pet_owner, pet_name, bid_status, feedback, rating) VALUES ('Annetta40@hotmail.com', 17, '2020-11-03T21:45:10.362Z', '2020-11-04T19:37:28.109Z', true, 'pcs', 'Sarina42@gmail.com', 'Raegan', 'reviewed', 'Numquam quia non sit vitae voluptate est repellendus. Eos ea qui cum eius.', 5);
INSERT INTO bid (ct_email, ct_price, start_date, end_date, is_cash, transport_method, pet_owner, pet_name, bid_status, feedback, rating) VALUES ('Cicero.Ondricka@gmail.com', 9, '2020-11-03T21:45:10.362Z', '2020-11-04T19:37:28.109Z', true, 'pcs', 'Kris.Predovic@hotmail.com', 'Gwendolyn', 'confirmed', NULL, NULL);
INSERT INTO bid (ct_email, ct_price, start_date, end_date, is_cash, transport_method, pet_owner, pet_name, bid_status, feedback, rating) VALUES ('Sonny1@yahoo.com', 4, '2020-11-03T21:45:10.362Z', '2020-11-04T19:37:28.109Z', true, 'delivery', 'Alva78@hotmail.com', 'Elody', 'confirmed', NULL, NULL);
INSERT INTO bid (ct_email, ct_price, start_date, end_date, is_cash, transport_method, pet_owner, pet_name, bid_status, feedback, rating) VALUES ('Barbara.Mitchell36@gmail.com', 18, '2020-11-03T21:45:10.362Z', '2020-11-04T19:37:28.109Z', true, 'delivery', 'Angie_Stanton@gmail.com', 'Laury', 'confirmed', NULL, NULL);
INSERT INTO bid (ct_email, ct_price, start_date, end_date, is_cash, transport_method, pet_owner, pet_name, bid_status, feedback, rating) VALUES ('Patsy39@hotmail.com', 18, '2020-11-03T21:45:10.362Z', '2020-11-04T19:37:28.109Z', true, 'pickup', 'Kathlyn84@gmail.com', 'Victoria', 'reviewed', 'Porro eum magnam non numquam voluptatem. Ut asperiores vel debitis inventore sunt rem quia.', 3);
INSERT INTO bid (ct_email, ct_price, start_date, end_date, is_cash, transport_method, pet_owner, pet_name, bid_status, feedback, rating) VALUES ('Dylan9@hotmail.com', 18, '2020-11-03T21:45:10.362Z', '2020-11-04T19:37:28.109Z', true, 'delivery', 'Kaya_Miller@yahoo.com', 'Penelope', 'confirmed', NULL, NULL);
INSERT INTO bid (ct_email, ct_price, start_date, end_date, is_cash, transport_method, pet_owner, pet_name, bid_status, feedback, rating) VALUES ('Kobe30@gmail.com', 14, '2020-11-03T21:45:10.362Z', '2020-11-04T19:37:28.109Z', true, 'pickup', 'Garry88@gmail.com', 'Lee', 'reviewed', 'Fuga maiores ullam ea. Unde maxime sed debitis quia enim voluptas.', 5);
INSERT INTO bid (ct_email, ct_price, start_date, end_date, is_cash, transport_method, pet_owner, pet_name, bid_status, feedback, rating) VALUES ('Clementina51@hotmail.com', 9, '2020-11-03T21:45:10.362Z', '2020-11-04T19:37:28.109Z', true, 'pcs', 'Reynold14@gmail.com', 'Warren', 'confirmed', NULL, NULL);
INSERT INTO bid (ct_email, ct_price, start_date, end_date, is_cash, transport_method, pet_owner, pet_name, bid_status, feedback, rating) VALUES ('Josiah59@yahoo.com', 20, '2020-11-03T21:45:10.362Z', '2020-11-04T19:37:28.109Z', true, 'pcs', 'Precious69@yahoo.com', 'Wyman', 'reviewed', 'Deleniti ut repellat quas vel qui omnis blanditiis. Id eum fuga aperiam aut sit iste libero.', 4);
INSERT INTO bid (ct_email, ct_price, start_date, end_date, is_cash, transport_method, pet_owner, pet_name, bid_status, feedback, rating) VALUES ('Thad_Lueilwitz@yahoo.com', 13, '2020-11-03T21:45:10.362Z', '2020-11-04T19:37:28.109Z', true, 'delivery', 'Immanuel13@gmail.com', 'Merlin', 'confirmed', NULL, NULL);
INSERT INTO bid (ct_email, ct_price, start_date, end_date, is_cash, transport_method, pet_owner, pet_name, bid_status, feedback, rating) VALUES ('Travis_Schiller@yahoo.com', 9, '2020-11-03T21:45:10.362Z', '2020-11-04T19:37:28.109Z', true, 'pcs', 'Stanton_Rath8@yahoo.com', 'Kennith', 'reviewed', 'Est tempora tempore natus et nesciunt. Cumque aliquam voluptate facilis dignissimos voluptas ea.', 4);
INSERT INTO bid (ct_email, ct_price, start_date, end_date, is_cash, transport_method, pet_owner, pet_name, bid_status, feedback, rating) VALUES ('Favian_Effertz@yahoo.com', 2, '2020-11-03T21:45:10.362Z', '2020-11-04T19:37:28.109Z', true, 'pickup', 'Vilma.Schneider91@gmail.com', 'Laisha', 'confirmed', NULL, NULL);
INSERT INTO bid (ct_email, ct_price, start_date, end_date, is_cash, transport_method, pet_owner, pet_name, bid_status, feedback, rating) VALUES ('Furman_Ondricka@gmail.com', 14, '2020-11-03T21:45:10.362Z', '2020-11-04T19:37:28.109Z', true, 'pcs', 'Abelardo_Stamm@gmail.com', 'Derick', 'reviewed', 'Mollitia qui omnis sit ducimus praesentium perferendis est est. Possimus vel ea perspiciatis possimus mollitia.', 3);
INSERT INTO bid (ct_email, ct_price, start_date, end_date, is_cash, transport_method, pet_owner, pet_name, bid_status, feedback, rating) VALUES ('Florencio.Stamm@yahoo.com', 5, '2020-11-03T21:45:10.362Z', '2020-11-04T19:37:28.109Z', true, 'delivery', 'Timmy59@hotmail.com', 'Rod', 'confirmed', NULL, NULL);
INSERT INTO bid (ct_email, ct_price, start_date, end_date, is_cash, transport_method, pet_owner, pet_name, bid_status, feedback, rating) VALUES ('Aliyah15@gmail.com', 9, '2020-11-03T21:45:10.362Z', '2020-11-04T19:37:28.109Z', true, 'pickup', 'Abelardo98@gmail.com', 'Susie', 'confirmed', NULL, NULL);
INSERT INTO bid (ct_email, ct_price, start_date, end_date, is_cash, transport_method, pet_owner, pet_name, bid_status, feedback, rating) VALUES ('Wilbert_Sawayn46@hotmail.com', 10, '2020-11-03T21:45:10.362Z', '2020-11-04T19:37:28.109Z', true, 'pcs', 'Joaquin.Terry@hotmail.com', 'Wanda', 'confirmed', NULL, NULL);
INSERT INTO bid (ct_email, ct_price, start_date, end_date, is_cash, transport_method, pet_owner, pet_name, bid_status, feedback, rating) VALUES ('Felix46@yahoo.com', 3, '2020-11-03T21:45:10.362Z', '2020-11-04T19:37:28.109Z', true, 'pickup', 'Rosalinda30@yahoo.com', 'Maddison', 'confirmed', NULL, NULL);
INSERT INTO bid (ct_email, ct_price, start_date, end_date, is_cash, transport_method, pet_owner, pet_name, bid_status, feedback, rating) VALUES ('Augusta.Wisozk26@yahoo.com', 14, '2020-11-03T21:45:10.362Z', '2020-11-04T19:37:28.109Z', true, 'delivery', 'Halie49@hotmail.com', 'Onie', 'reviewed', 'Dicta repudiandae aperiam est magnam. Ab cum qui est repellat aut similique amet vero et.', 3);
INSERT INTO bid (ct_email, ct_price, start_date, end_date, is_cash, transport_method, pet_owner, pet_name, bid_status, feedback, rating) VALUES ('Jarod.Boyle@gmail.com', 2, '2020-11-03T21:45:10.362Z', '2020-11-04T19:37:28.109Z', true, 'delivery', 'Kasandra_Quitzon@yahoo.com', 'Benedict', 'confirmed', NULL, NULL);
INSERT INTO bid (ct_email, ct_price, start_date, end_date, is_cash, transport_method, pet_owner, pet_name, bid_status, feedback, rating) VALUES ('Nyah90@gmail.com', 17, '2020-11-03T21:45:10.362Z', '2020-11-04T19:37:28.109Z', true, 'delivery', 'Clara.Lebsack@gmail.com', 'Sterling', 'reviewed', 'Sed rerum vel quasi illo temporibus. Repellat aspernatur eos velit aspernatur accusamus est voluptatum distinctio.', 5);
INSERT INTO bid (ct_email, ct_price, start_date, end_date, is_cash, transport_method, pet_owner, pet_name, bid_status, feedback, rating) VALUES ('Jaunita_Borer@yahoo.com', 18, '2020-11-03T21:45:10.362Z', '2020-11-04T19:37:28.109Z', true, 'delivery', 'Isabella_Funk96@yahoo.com', 'Nora', 'reviewed', 'Est consequatur voluptas accusantium deserunt dolorem. Non sit perferendis fuga totam provident rerum.', 5);
INSERT INTO bid (ct_email, ct_price, start_date, end_date, is_cash, transport_method, pet_owner, pet_name, bid_status, feedback, rating) VALUES ('Kaci.Rolfson53@yahoo.com', 13, '2020-11-03T21:45:10.362Z', '2020-11-04T19:37:28.109Z', true, 'pickup', 'Jerome.Bauch@yahoo.com', 'Reagan', 'confirmed', NULL, NULL);
INSERT INTO bid (ct_email, ct_price, start_date, end_date, is_cash, transport_method, pet_owner, pet_name, bid_status, feedback, rating) VALUES ('Rebecca20@yahoo.com', 4, '2020-11-03T21:45:10.362Z', '2020-11-04T19:37:28.109Z', true, 'pcs', 'Kadin.Schuppe@hotmail.com', 'Niko', 'confirmed', NULL, NULL);
INSERT INTO bid (ct_email, ct_price, start_date, end_date, is_cash, transport_method, pet_owner, pet_name, bid_status, feedback, rating) VALUES ('Elwyn.Hoeger89@gmail.com', 18, '2020-11-03T21:45:10.362Z', '2020-11-04T19:37:28.109Z', true, 'pcs', 'Carolyne_Sipes@hotmail.com', 'Eleanora', 'confirmed', NULL, NULL);
INSERT INTO bid (ct_email, ct_price, start_date, end_date, is_cash, transport_method, pet_owner, pet_name, bid_status, feedback, rating) VALUES ('Darion43@gmail.com', 19, '2020-11-03T21:45:10.362Z', '2020-11-04T19:37:28.109Z', true, 'pickup', 'Eliza_Deckow@gmail.com', 'Blair', 'reviewed', 'Facilis autem non est sunt nemo voluptate sed. Velit cumque debitis laboriosam pariatur alias doloremque aliquam tenetur.', 5);
INSERT INTO bid (ct_email, ct_price, start_date, end_date, is_cash, transport_method, pet_owner, pet_name, bid_status, feedback, rating) VALUES ('Lelah.Dare@hotmail.com', 7, '2020-11-03T21:45:10.362Z', '2020-11-04T19:37:28.109Z', true, 'pickup', 'Torrance49@hotmail.com', 'Concepcion', 'confirmed', NULL, NULL);
INSERT INTO bid (ct_email, ct_price, start_date, end_date, is_cash, transport_method, pet_owner, pet_name, bid_status, feedback, rating) VALUES ('Joaquin.Terry@hotmail.com', 8, '2020-11-03T21:45:10.362Z', '2020-11-04T19:37:28.109Z', true, 'pcs', 'Charity.Wolf32@gmail.com', 'Octavia', 'confirmed', NULL, NULL);
INSERT INTO bid (ct_email, ct_price, start_date, end_date, is_cash, transport_method, pet_owner, pet_name, bid_status, feedback, rating) VALUES ('Rickey34@yahoo.com', 8, '2020-11-03T21:45:10.362Z', '2020-11-04T19:37:28.109Z', true, 'pcs', 'Chaim.Dach78@gmail.com', 'Lois', 'reviewed', 'Aperiam ratione nostrum est ducimus officia labore nam vel tempora. Voluptates ut reiciendis optio dolore ducimus molestiae.', 4);
INSERT INTO bid (ct_email, ct_price, start_date, end_date, is_cash, transport_method, pet_owner, pet_name, bid_status, feedback, rating) VALUES ('Alba_Balistreri@hotmail.com', 3, '2020-11-03T21:45:10.362Z', '2020-11-04T19:37:28.109Z', true, 'pickup', 'Katelynn_Jakubowski71@yahoo.com', 'Xander', 'confirmed', NULL, NULL);
INSERT INTO bid (ct_email, ct_price, start_date, end_date, is_cash, transport_method, pet_owner, pet_name, bid_status, feedback, rating) VALUES ('Roscoe.Mante@gmail.com', 2, '2020-11-03T21:45:10.362Z', '2020-11-04T19:37:28.109Z', true, 'pcs', 'Merritt.Bradtke@gmail.com', 'Yadira', 'reviewed', 'Voluptas optio nihil sint. Nesciunt ducimus ab.', 4);
INSERT INTO bid (ct_email, ct_price, start_date, end_date, is_cash, transport_method, pet_owner, pet_name, bid_status, feedback, rating) VALUES ('Kendra60@hotmail.com', 20, '2020-11-03T21:45:10.362Z', '2020-11-04T19:37:28.109Z', true, 'delivery', 'Roselyn.Sawayn@hotmail.com', 'Gabriella', 'reviewed', 'Nihil sint non et omnis delectus commodi. Nihil fugit iusto suscipit omnis aspernatur.', 4);
INSERT INTO bid (ct_email, ct_price, start_date, end_date, is_cash, transport_method, pet_owner, pet_name, bid_status, feedback, rating) VALUES ('Harmony27@gmail.com', 11, '2020-11-03T21:45:10.362Z', '2020-11-04T19:37:28.109Z', true, 'pcs', 'Annie36@gmail.com', 'Dianna', 'confirmed', NULL, NULL);
INSERT INTO bid (ct_email, ct_price, start_date, end_date, is_cash, transport_method, pet_owner, pet_name, bid_status, feedback, rating) VALUES ('Nadia46@gmail.com', 20, '2020-11-03T21:45:10.362Z', '2020-11-04T19:37:28.109Z', true, 'pickup', 'Sherman.Brown51@hotmail.com', 'Pansy', 'reviewed', 'Laborum corporis impedit distinctio adipisci omnis in quae soluta nesciunt. Qui cupiditate aut ea rerum dicta quam ducimus velit.', 4);
INSERT INTO bid (ct_email, ct_price, start_date, end_date, is_cash, transport_method, pet_owner, pet_name, bid_status, feedback, rating) VALUES ('Herminio.Von@gmail.com', 7, '2020-11-03T21:45:10.362Z', '2020-11-04T19:37:28.109Z', true, 'pickup', 'Luther_Goodwin38@yahoo.com', 'Pearl', 'reviewed', 'Tempore molestias blanditiis quo accusantium voluptatum. Totam ut voluptate rem dolor fugiat qui id officia in.', 4);
INSERT INTO bid (ct_email, ct_price, start_date, end_date, is_cash, transport_method, pet_owner, pet_name, bid_status, feedback, rating) VALUES ('Zoie.Crona0@yahoo.com', 6, '2020-11-03T21:45:10.362Z', '2020-11-04T19:37:28.109Z', true, 'pickup', 'Albertha_Hills66@yahoo.com', 'Eladio', 'confirmed', NULL, NULL);
INSERT INTO bid (ct_email, ct_price, start_date, end_date, is_cash, transport_method, pet_owner, pet_name, bid_status, feedback, rating) VALUES ('Kattie96@yahoo.com', 4, '2020-11-03T21:45:10.362Z', '2020-11-04T19:37:28.109Z', true, 'pcs', 'Emmet_Blanda@yahoo.com', 'Cooper', 'confirmed', NULL, NULL);
INSERT INTO bid (ct_email, ct_price, start_date, end_date, is_cash, transport_method, pet_owner, pet_name, bid_status, feedback, rating) VALUES ('Trever.Smith38@hotmail.com', 12, '2020-11-03T21:45:10.362Z', '2020-11-04T19:37:28.109Z', true, 'delivery', 'Kailey.Schoen83@hotmail.com', 'Leonora', 'confirmed', NULL, NULL);
INSERT INTO bid (ct_email, ct_price, start_date, end_date, is_cash, transport_method, pet_owner, pet_name, bid_status, feedback, rating) VALUES ('Mike27@hotmail.com', 14, '2020-11-03T21:45:10.362Z', '2020-11-04T19:37:28.109Z', true, 'pcs', 'Skylar.Goldner@yahoo.com', 'Christop', 'reviewed', 'Accusantium dolorem suscipit accusamus quo quo dignissimos. Et molestiae incidunt voluptatem omnis earum.', 5);
INSERT INTO bid (ct_email, ct_price, start_date, end_date, is_cash, transport_method, pet_owner, pet_name, bid_status, feedback, rating) VALUES ('Kasandra_Quitzon@yahoo.com', 2, '2020-11-03T21:45:10.362Z', '2020-11-04T19:37:28.109Z', true, 'delivery', 'Edmond_Romaguera@yahoo.com', 'Derrick', 'confirmed', NULL, NULL);
INSERT INTO bid (ct_email, ct_price, start_date, end_date, is_cash, transport_method, pet_owner, pet_name, bid_status, feedback, rating) VALUES ('Stevie61@hotmail.com', 2, '2020-11-03T21:45:10.362Z', '2020-11-04T19:37:28.109Z', true, 'pcs', 'Tyler20@gmail.com', 'Allie', 'confirmed', NULL, NULL);
INSERT INTO bid (ct_email, ct_price, start_date, end_date, is_cash, transport_method, pet_owner, pet_name, bid_status, feedback, rating) VALUES ('Delfina.Sipes@hotmail.com', 3, '2020-11-03T21:45:10.362Z', '2020-11-04T19:37:28.109Z', true, 'delivery', 'Maryjane_Orn76@hotmail.com', 'Dewayne', 'confirmed', NULL, NULL);
INSERT INTO bid (ct_email, ct_price, start_date, end_date, is_cash, transport_method, pet_owner, pet_name, bid_status, feedback, rating) VALUES ('Dorothy_Kuhn82@yahoo.com', 19, '2020-11-03T21:45:10.362Z', '2020-11-04T19:37:28.109Z', true, 'pcs', 'Bennett6@gmail.com', 'Maxie', 'reviewed', 'Laboriosam id voluptatem soluta tempora voluptatibus iure. Et qui id aut facere a minima dolorem dolor repellat.', 3);
INSERT INTO bid (ct_email, ct_price, start_date, end_date, is_cash, transport_method, pet_owner, pet_name, bid_status, feedback, rating) VALUES ('Rosanna.Von57@hotmail.com', 5, '2020-11-03T21:45:10.362Z', '2020-11-04T19:37:28.109Z', true, 'pickup', 'Stacy69@gmail.com', 'Anastacio', 'confirmed', NULL, NULL);
INSERT INTO bid (ct_email, ct_price, start_date, end_date, is_cash, transport_method, pet_owner, pet_name, bid_status, feedback, rating) VALUES ('Savion_Smitham@yahoo.com', 14, '2020-11-03T21:45:10.362Z', '2020-11-04T19:37:28.109Z', true, 'delivery', 'Elvie_Hansen@gmail.com', 'Cortney', 'confirmed', NULL, NULL);
INSERT INTO bid (ct_email, ct_price, start_date, end_date, is_cash, transport_method, pet_owner, pet_name, bid_status, feedback, rating) VALUES ('Lue17@hotmail.com', 4, '2020-11-03T21:45:10.362Z', '2020-11-04T19:37:28.109Z', true, 'delivery', 'Reinhold_McDermott@yahoo.com', 'Darby', 'reviewed', 'Velit veritatis sit quo asperiores non corporis velit. Inventore voluptatum earum delectus cum.', 4);
INSERT INTO bid (ct_email, ct_price, start_date, end_date, is_cash, transport_method, pet_owner, pet_name, bid_status, feedback, rating) VALUES ('Marietta61@gmail.com', 15, '2020-11-03T21:45:10.362Z', '2020-11-04T19:37:28.109Z', true, 'pickup', 'Katrina_Kutch@yahoo.com', 'Leonora', 'reviewed', 'Et est temporibus soluta placeat voluptatibus earum. Ut ullam exercitationem odit vel iure.', 5);
INSERT INTO bid (ct_email, ct_price, start_date, end_date, is_cash, transport_method, pet_owner, pet_name, bid_status, feedback, rating) VALUES ('Nicklaus_Schmeler11@hotmail.com', 11, '2020-11-03T21:45:10.362Z', '2020-11-04T19:37:28.109Z', true, 'pcs', 'Kailey86@yahoo.com', 'Golda', 'confirmed', NULL, NULL);
INSERT INTO bid (ct_email, ct_price, start_date, end_date, is_cash, transport_method, pet_owner, pet_name, bid_status, feedback, rating) VALUES ('Nadia.Schmidt@yahoo.com', 2, '2020-11-03T21:45:10.362Z', '2020-11-04T19:37:28.109Z', true, 'delivery', 'Dorothy.Muller@yahoo.com', 'Nya', 'confirmed', NULL, NULL);
INSERT INTO bid (ct_email, ct_price, start_date, end_date, is_cash, transport_method, pet_owner, pet_name, bid_status, feedback, rating) VALUES ('Shanon33@yahoo.com', 13, '2020-11-03T21:45:10.362Z', '2020-11-04T19:37:28.109Z', true, 'pickup', 'Bart.Strosin@gmail.com', 'Demond', 'confirmed', NULL, NULL);
INSERT INTO bid (ct_email, ct_price, start_date, end_date, is_cash, transport_method, pet_owner, pet_name, bid_status, feedback, rating) VALUES ('Claude70@hotmail.com', 11, '2020-11-03T21:45:10.362Z', '2020-11-04T19:37:28.109Z', true, 'pickup', 'Jimmy_Bednar49@hotmail.com', 'Brooke', 'reviewed', 'Tempore officiis vel id. Molestiae quam quibusdam numquam eius minus quisquam qui sapiente.', 3);
INSERT INTO bid (ct_email, ct_price, start_date, end_date, is_cash, transport_method, pet_owner, pet_name, bid_status, feedback, rating) VALUES ('Erik.Bartell@hotmail.com', 20, '2020-11-03T21:45:10.362Z', '2020-11-04T19:37:28.109Z', true, 'delivery', 'Alvera.Weissnat@hotmail.com', 'Karen', 'reviewed', 'In velit aperiam nemo omnis facilis porro. Fugit eos est.', 4);
INSERT INTO bid (ct_email, ct_price, start_date, end_date, is_cash, transport_method, pet_owner, pet_name, bid_status, feedback, rating) VALUES ('Lina33@gmail.com', 7, '2020-11-03T21:45:10.362Z', '2020-11-04T19:37:28.109Z', true, 'pcs', 'Eleanore34@hotmail.com', 'Lina', 'reviewed', 'Odio unde ut reprehenderit et impedit aspernatur. Et nulla est id quasi.', 5);
INSERT INTO bid (ct_email, ct_price, start_date, end_date, is_cash, transport_method, pet_owner, pet_name, bid_status, feedback, rating) VALUES ('Demario99@hotmail.com', 18, '2020-11-03T21:45:10.362Z', '2020-11-04T19:37:28.109Z', true, 'pcs', 'Christiana_OConner19@hotmail.com', 'Cecelia', 'reviewed', 'Sed velit atque deserunt rerum laudantium et itaque. A voluptatibus harum numquam saepe dignissimos.', 4);
INSERT INTO bid (ct_email, ct_price, start_date, end_date, is_cash, transport_method, pet_owner, pet_name, bid_status, feedback, rating) VALUES ('Eileen.Reynolds28@hotmail.com', 15, '2020-11-03T21:45:10.362Z', '2020-11-04T19:37:28.109Z', true, 'pcs', 'Adriana28@gmail.com', 'Brayan', 'confirmed', NULL, NULL);
INSERT INTO bid (ct_email, ct_price, start_date, end_date, is_cash, transport_method, pet_owner, pet_name, bid_status, feedback, rating) VALUES ('Andrew.Sanford@yahoo.com', 8, '2020-11-03T21:45:10.362Z', '2020-11-04T19:37:28.109Z', true, 'pcs', 'Sonny1@yahoo.com', 'Adrian', 'confirmed', NULL, NULL);
INSERT INTO bid (ct_email, ct_price, start_date, end_date, is_cash, transport_method, pet_owner, pet_name, bid_status, feedback, rating) VALUES ('Ottilie.Carter18@gmail.com', 12, '2020-11-03T21:45:10.362Z', '2020-11-04T19:37:28.109Z', true, 'delivery', 'Peter.Aufderhar37@hotmail.com', 'Lauren', 'reviewed', 'Suscipit quam saepe dolores maiores. Possimus fugit numquam sed fuga a quasi autem est.', 3);
INSERT INTO bid (ct_email, ct_price, start_date, end_date, is_cash, transport_method, pet_owner, pet_name, bid_status, feedback, rating) VALUES ('Ruthe88@gmail.com', 3, '2020-11-03T21:45:10.362Z', '2020-11-04T19:37:28.109Z', true, 'pcs', 'Savannah33@gmail.com', 'Mavis', 'reviewed', 'Et facilis cum quisquam nihil ipsa exercitationem voluptate. Atque sint cupiditate.', 5);
INSERT INTO bid (ct_email, ct_price, start_date, end_date, is_cash, transport_method, pet_owner, pet_name, bid_status, feedback, rating) VALUES ('Ardella_Klocko97@yahoo.com', 2, '2020-11-03T21:45:10.362Z', '2020-11-04T19:37:28.109Z', true, 'delivery', 'German65@hotmail.com', 'Annetta', 'confirmed', NULL, NULL);
INSERT INTO bid (ct_email, ct_price, start_date, end_date, is_cash, transport_method, pet_owner, pet_name, bid_status, feedback, rating) VALUES ('Jovanny43@yahoo.com', 14, '2020-11-03T21:45:10.362Z', '2020-11-04T19:37:28.109Z', true, 'pickup', 'Freddy.Kunze@yahoo.com', 'Orval', 'confirmed', NULL, NULL);
INSERT INTO bid (ct_email, ct_price, start_date, end_date, is_cash, transport_method, pet_owner, pet_name, bid_status, feedback, rating) VALUES ('Rosina.Schneider28@gmail.com', 1, '2020-11-03T21:45:10.362Z', '2020-11-04T19:37:28.109Z', true, 'pickup', 'Thad_Lueilwitz@yahoo.com', 'Trinity', 'reviewed', 'Impedit earum minima ad omnis ut iusto. Id aut maxime quibusdam quas autem omnis voluptas et.', 4);
INSERT INTO bid (ct_email, ct_price, start_date, end_date, is_cash, transport_method, pet_owner, pet_name, bid_status, feedback, rating) VALUES ('Vaughn.Weissnat68@hotmail.com', 2, '2020-11-03T21:45:10.362Z', '2020-11-04T19:37:28.109Z', true, 'pickup', 'Kendra60@hotmail.com', 'Audrey', 'reviewed', 'Ut necessitatibus magnam voluptas ducimus a. Accusamus quibusdam quaerat sed minus iusto nulla.', 5);
INSERT INTO bid (ct_email, ct_price, start_date, end_date, is_cash, transport_method, pet_owner, pet_name, bid_status, feedback, rating) VALUES ('Tyrese49@hotmail.com', 1, '2020-11-03T21:45:10.362Z', '2020-11-04T19:37:28.109Z', true, 'delivery', 'Tristian_Heller31@yahoo.com', 'Stanford', 'confirmed', NULL, NULL);
INSERT INTO bid (ct_email, ct_price, start_date, end_date, is_cash, transport_method, pet_owner, pet_name, bid_status, feedback, rating) VALUES ('Franco_Nienow6@gmail.com', 5, '2020-11-03T21:45:10.362Z', '2020-11-04T19:37:28.109Z', true, 'pickup', 'Preston_Homenick@gmail.com', 'Larue', 'reviewed', 'Ut natus laborum aliquid commodi consequuntur sed. Illo natus eum laborum officia sequi.', 3);
INSERT INTO bid (ct_email, ct_price, start_date, end_date, is_cash, transport_method, pet_owner, pet_name, bid_status, feedback, rating) VALUES ('Bailey.Gaylord61@yahoo.com', 17, '2020-11-03T21:45:10.362Z', '2020-11-04T19:37:28.109Z', true, 'pcs', 'Lucile.Dickinson@gmail.com', 'Eleazar', 'reviewed', 'Dolores odit eos consequatur velit odio rem. Dolor laborum voluptas a est suscipit.', 4);
INSERT INTO bid (ct_email, ct_price, start_date, end_date, is_cash, transport_method, pet_owner, pet_name, bid_status, feedback, rating) VALUES ('Garry88@gmail.com', 3, '2020-11-03T21:45:10.362Z', '2020-11-04T19:37:28.109Z', true, 'delivery', 'Angeline.Wiza46@hotmail.com', 'Elta', 'reviewed', 'Labore nihil culpa. Nam mollitia dolorum omnis omnis illo consequuntur molestiae.', 3);
INSERT INTO bid (ct_email, ct_price, start_date, end_date, is_cash, transport_method, pet_owner, pet_name, bid_status, feedback, rating) VALUES ('Katelynn_Jakubowski71@yahoo.com', 19, '2020-11-03T21:45:10.362Z', '2020-11-04T19:37:28.109Z', true, 'delivery', 'Rossie.Heidenreich65@gmail.com', 'Hester', 'confirmed', NULL, NULL);
INSERT INTO bid (ct_email, ct_price, start_date, end_date, is_cash, transport_method, pet_owner, pet_name, bid_status, feedback, rating) VALUES ('Andre98@hotmail.com', 12, '2020-11-03T21:45:10.362Z', '2020-11-04T19:37:28.109Z', true, 'pcs', 'Anissa.Volkman@hotmail.com', 'Nettie', 'reviewed', 'Non et voluptatem facilis ipsam in vero aliquam enim. Odit voluptatem aliquid tempora est voluptas dicta quia vel.', 5);
INSERT INTO bid (ct_email, ct_price, start_date, end_date, is_cash, transport_method, pet_owner, pet_name, bid_status, feedback, rating) VALUES ('Florence73@hotmail.com', 6, '2020-11-03T21:45:10.362Z', '2020-11-04T19:37:28.109Z', true, 'pcs', 'Hanna.Homenick31@yahoo.com', 'Savannah', 'confirmed', NULL, NULL);
INSERT INTO bid (ct_email, ct_price, start_date, end_date, is_cash, transport_method, pet_owner, pet_name, bid_status, feedback, rating) VALUES ('Eddie10@yahoo.com', 8, '2020-11-03T21:45:10.362Z', '2020-11-04T19:37:28.109Z', true, 'delivery', 'Olga.Crist40@gmail.com', 'Zula', 'confirmed', NULL, NULL);
INSERT INTO bid (ct_email, ct_price, start_date, end_date, is_cash, transport_method, pet_owner, pet_name, bid_status, feedback, rating) VALUES ('Samantha_Parker15@yahoo.com', 5, '2020-11-03T21:45:10.362Z', '2020-11-04T19:37:28.109Z', true, 'pcs', 'Easton62@gmail.com', 'Rey', 'confirmed', NULL, NULL);
INSERT INTO bid (ct_email, ct_price, start_date, end_date, is_cash, transport_method, pet_owner, pet_name, bid_status, feedback, rating) VALUES ('Beverly69@gmail.com', 16, '2020-11-03T21:45:10.362Z', '2020-11-04T19:37:28.109Z', true, 'delivery', 'Everett_Krajcik@gmail.com', 'Lora', 'reviewed', 'Qui dolores illum. Inventore rem quasi eveniet omnis.', 4);
INSERT INTO bid (ct_email, ct_price, start_date, end_date, is_cash, transport_method, pet_owner, pet_name, bid_status, feedback, rating) VALUES ('Wallace_Heidenreich@hotmail.com', 9, '2020-11-03T21:45:10.362Z', '2020-11-04T19:37:28.109Z', true, 'delivery', 'Rodrick35@gmail.com', 'Raymundo', 'confirmed', NULL, NULL);
INSERT INTO bid (ct_email, ct_price, start_date, end_date, is_cash, transport_method, pet_owner, pet_name, bid_status, feedback, rating) VALUES ('Diana_Bradtke@yahoo.com', 18, '2020-11-03T21:45:10.362Z', '2020-11-04T19:37:28.109Z', true, 'pcs', 'Citlalli.Haag76@gmail.com', 'Felicita', 'confirmed', NULL, NULL);
INSERT INTO bid (ct_email, ct_price, start_date, end_date, is_cash, transport_method, pet_owner, pet_name, bid_status, feedback, rating) VALUES ('Vernice.Gaylord@gmail.com', 0, '2020-11-03T21:45:10.362Z', '2020-11-04T19:37:28.109Z', true, 'pcs', 'Sidney20@gmail.com', 'Raheem', 'reviewed', 'Cum ad doloribus. Id sapiente facilis et deserunt possimus accusamus.', 5);
INSERT INTO bid (ct_email, ct_price, start_date, end_date, is_cash, transport_method, pet_owner, pet_name, bid_status, feedback, rating) VALUES ('Alexandro63@yahoo.com', 13, '2020-11-03T21:45:10.362Z', '2020-11-04T19:37:28.109Z', true, 'delivery', 'Paula.Price@yahoo.com', 'Brett', 'reviewed', 'Eveniet ipsam et quidem et. Corporis rem ducimus dicta maiores.', 5);
INSERT INTO bid (ct_email, ct_price, start_date, end_date, is_cash, transport_method, pet_owner, pet_name, bid_status, feedback, rating) VALUES ('Alysa77@hotmail.com', 20, '2020-11-03T21:45:10.362Z', '2020-11-04T19:37:28.109Z', true, 'pcs', 'Elwyn.Hoeger89@gmail.com', 'Tyrell', 'confirmed', NULL, NULL);
INSERT INTO bid (ct_email, ct_price, start_date, end_date, is_cash, transport_method, pet_owner, pet_name, bid_status, feedback, rating) VALUES ('Sonia.Medhurst@yahoo.com', 17, '2020-11-03T21:45:10.362Z', '2020-11-04T19:37:28.109Z', true, 'pcs', 'Kavon_Spencer@hotmail.com', 'Stefan', 'reviewed', 'Dolorem possimus quia accusantium sed aspernatur sapiente delectus vel et. Vel et perferendis error omnis vel vero atque dolor quibusdam.', 4);
INSERT INTO bid (ct_email, ct_price, start_date, end_date, is_cash, transport_method, pet_owner, pet_name, bid_status, feedback, rating) VALUES ('Jamel44@yahoo.com', 18, '2020-11-03T21:45:10.362Z', '2020-11-04T19:37:28.109Z', true, 'pcs', 'Santiago_Strosin@yahoo.com', 'Jerel', 'confirmed', NULL, NULL);
INSERT INTO bid (ct_email, ct_price, start_date, end_date, is_cash, transport_method, pet_owner, pet_name, bid_status, feedback, rating) VALUES ('Janessa71@hotmail.com', 20, '2020-11-03T21:45:10.362Z', '2020-11-04T19:37:28.109Z', true, 'pcs', 'Guadalupe47@hotmail.com', 'Deanna', 'confirmed', NULL, NULL);
INSERT INTO bid (ct_email, ct_price, start_date, end_date, is_cash, transport_method, pet_owner, pet_name, bid_status, feedback, rating) VALUES ('Buford28@yahoo.com', 13, '2020-11-03T21:45:10.362Z', '2020-11-04T19:37:28.109Z', true, 'delivery', 'Audrey_Davis21@yahoo.com', 'Marjorie', 'reviewed', 'Expedita voluptatibus tempore ex dicta labore. Debitis et dolores quod.', 4);
INSERT INTO bid (ct_email, ct_price, start_date, end_date, is_cash, transport_method, pet_owner, pet_name, bid_status, feedback, rating) VALUES ('Chandler.Sipes@yahoo.com', 6, '2020-11-03T21:45:10.362Z', '2020-11-04T19:37:28.109Z', true, 'pickup', 'Dorian_Rice@hotmail.com', 'Davion', 'reviewed', 'Sit molestiae enim id quasi est et facilis. Neque reprehenderit nulla.', 5);
INSERT INTO bid (ct_email, ct_price, start_date, end_date, is_cash, transport_method, pet_owner, pet_name, bid_status, feedback, rating) VALUES ('Yvonne5@hotmail.com', 0, '2020-11-03T21:45:10.362Z', '2020-11-04T19:37:28.109Z', true, 'delivery', 'Carolyn.Rowe68@yahoo.com', 'Amiya', 'reviewed', 'Inventore officiis consequatur. Qui quidem voluptatem omnis.', 4);
INSERT INTO bid (ct_email, ct_price, start_date, end_date, is_cash, transport_method, pet_owner, pet_name, bid_status, feedback, rating) VALUES ('Else.Schneider@gmail.com', 19, '2020-11-03T21:45:10.362Z', '2020-11-04T19:37:28.109Z', true, 'pcs', 'Krista78@yahoo.com', 'Gregg', 'confirmed', NULL, NULL);
INSERT INTO bid (ct_email, ct_price, start_date, end_date, is_cash, transport_method, pet_owner, pet_name, bid_status, feedback, rating) VALUES ('Fiona_Wiza13@gmail.com', 5, '2020-11-03T21:45:10.362Z', '2020-11-04T19:37:28.109Z', true, 'delivery', 'Montana_Osinski@yahoo.com', 'Vincenza', 'confirmed', NULL, NULL);
INSERT INTO bid (ct_email, ct_price, start_date, end_date, is_cash, transport_method, pet_owner, pet_name, bid_status, feedback, rating) VALUES ('Billie86@gmail.com', 1, '2020-11-03T21:45:10.362Z', '2020-11-04T19:37:28.109Z', true, 'pcs', 'Wilbert_Sawayn46@hotmail.com', 'Bianka', 'confirmed', NULL, NULL);
INSERT INTO bid (ct_email, ct_price, start_date, end_date, is_cash, transport_method, pet_owner, pet_name, bid_status, feedback, rating) VALUES ('Grant_Kerluke64@yahoo.com', 17, '2020-11-03T21:45:10.362Z', '2020-11-04T19:37:28.109Z', true, 'delivery', 'Helene.Abshire36@hotmail.com', 'Thea', 'confirmed', NULL, NULL);
INSERT INTO bid (ct_email, ct_price, start_date, end_date, is_cash, transport_method, pet_owner, pet_name, bid_status, feedback, rating) VALUES ('Josh_Koelpin7@hotmail.com', 7, '2020-11-03T21:45:10.362Z', '2020-11-04T19:37:28.109Z', true, 'pickup', 'Alanna_Beier38@gmail.com', 'Bailee', 'reviewed', 'Voluptas et deleniti possimus impedit ut. Quia qui ad est.', 5);
INSERT INTO bid (ct_email, ct_price, start_date, end_date, is_cash, transport_method, pet_owner, pet_name, bid_status, feedback, rating) VALUES ('Dena11@gmail.com', 2, '2020-11-03T21:45:10.362Z', '2020-11-04T19:37:28.109Z', true, 'pcs', 'Shannon74@yahoo.com', 'Jefferey', 'reviewed', 'Error quisquam aperiam qui numquam laboriosam molestiae. Enim a vero ea delectus quia ut.', 4);
INSERT INTO bid (ct_email, ct_price, start_date, end_date, is_cash, transport_method, pet_owner, pet_name, bid_status, feedback, rating) VALUES ('Barry_Waelchi@yahoo.com', 3, '2020-11-03T21:45:10.362Z', '2020-11-04T19:37:28.109Z', true, 'delivery', 'Delfina.Sipes@hotmail.com', 'Jeffry', 'reviewed', 'Error qui tenetur quis eligendi at sed debitis. Ut explicabo hic aut sint minima.', 3);
INSERT INTO bid (ct_email, ct_price, start_date, end_date, is_cash, transport_method, pet_owner, pet_name, bid_status, feedback, rating) VALUES ('Kip_Thiel70@yahoo.com', 17, '2020-11-03T21:45:10.362Z', '2020-11-04T19:37:28.109Z', true, 'delivery', 'Andre98@hotmail.com', 'Sasha', 'confirmed', NULL, NULL);
INSERT INTO bid (ct_email, ct_price, start_date, end_date, is_cash, transport_method, pet_owner, pet_name, bid_status, feedback, rating) VALUES ('Jackson1@gmail.com', 14, '2020-11-03T21:45:10.362Z', '2020-11-04T19:37:28.109Z', true, 'pcs', 'Angelita_Herman70@hotmail.com', 'Aileen', 'confirmed', NULL, NULL);
INSERT INTO bid (ct_email, ct_price, start_date, end_date, is_cash, transport_method, pet_owner, pet_name, bid_status, feedback, rating) VALUES ('Kadin.Schuppe@hotmail.com', 19, '2020-11-03T21:45:10.362Z', '2020-11-04T19:37:28.109Z', true, 'pcs', 'Joey74@gmail.com', 'Demetrius', 'reviewed', 'Perspiciatis velit et cumque laudantium pariatur nostrum quidem perspiciatis. Iste ratione enim aliquid vel dolorem enim dolore natus a.', 3);
INSERT INTO bid (ct_email, ct_price, start_date, end_date, is_cash, transport_method, pet_owner, pet_name, bid_status, feedback, rating) VALUES ('Wilton43@hotmail.com', 5, '2020-11-03T21:45:10.362Z', '2020-11-04T19:37:28.109Z', true, 'delivery', 'Cary79@hotmail.com', 'Dulce', 'reviewed', 'Voluptatem eius cumque distinctio. Numquam voluptate dolores.', 5);
INSERT INTO bid (ct_email, ct_price, start_date, end_date, is_cash, transport_method, pet_owner, pet_name, bid_status, feedback, rating) VALUES ('Angelita_Herman70@hotmail.com', 10, '2020-11-03T21:45:10.362Z', '2020-11-04T19:37:28.109Z', true, 'pcs', 'Marguerite47@gmail.com', 'Savanah', 'reviewed', 'Qui architecto laboriosam earum amet culpa possimus aut magnam. Quia nostrum amet.', 4);
INSERT INTO bid (ct_email, ct_price, start_date, end_date, is_cash, transport_method, pet_owner, pet_name, bid_status, feedback, rating) VALUES ('Katlynn84@hotmail.com', 2, '2020-11-03T21:45:10.362Z', '2020-11-04T19:37:28.109Z', true, 'pcs', 'Emmanuelle_Christiansen20@yahoo.com', 'Everette', 'reviewed', 'Et in nihil aperiam. Asperiores qui accusantium iure deserunt autem reprehenderit odio.', 4);
INSERT INTO bid (ct_email, ct_price, start_date, end_date, is_cash, transport_method, pet_owner, pet_name, bid_status, feedback, rating) VALUES ('Estevan.Moore79@yahoo.com', 15, '2020-11-03T21:45:10.362Z', '2020-11-04T19:37:28.109Z', true, 'pickup', 'Cicero.Ondricka@gmail.com', 'Lonie', 'confirmed', NULL, NULL);
INSERT INTO bid (ct_email, ct_price, start_date, end_date, is_cash, transport_method, pet_owner, pet_name, bid_status, feedback, rating) VALUES ('Jimmy.Koch40@gmail.com', 13, '2020-11-03T21:45:10.362Z', '2020-11-04T19:37:28.109Z', true, 'pcs', 'Joyce79@gmail.com', 'Gudrun', 'confirmed', NULL, NULL);
INSERT INTO bid (ct_email, ct_price, start_date, end_date, is_cash, transport_method, pet_owner, pet_name, bid_status, feedback, rating) VALUES ('Harley_Boehm@yahoo.com', 14, '2020-11-03T21:45:10.362Z', '2020-11-04T19:37:28.109Z', true, 'pcs', 'Viviane41@hotmail.com', 'Kamron', 'confirmed', NULL, NULL);
INSERT INTO bid (ct_email, ct_price, start_date, end_date, is_cash, transport_method, pet_owner, pet_name, bid_status, feedback, rating) VALUES ('Gardner.Kuvalis@gmail.com', 9, '2020-11-03T21:45:10.362Z', '2020-11-04T19:37:28.109Z', true, 'delivery', 'Adan_Haley79@hotmail.com', 'Elmo', 'confirmed', NULL, NULL);
INSERT INTO bid (ct_email, ct_price, start_date, end_date, is_cash, transport_method, pet_owner, pet_name, bid_status, feedback, rating) VALUES ('Edwina92@gmail.com', 6, '2020-11-03T21:45:10.362Z', '2020-11-04T19:37:28.109Z', true, 'delivery', 'Otis.Lubowitz47@hotmail.com', 'Ferne', 'confirmed', NULL, NULL);
INSERT INTO bid (ct_email, ct_price, start_date, end_date, is_cash, transport_method, pet_owner, pet_name, bid_status, feedback, rating) VALUES ('Mable_Daugherty99@hotmail.com', 18, '2020-11-03T21:45:10.362Z', '2020-11-04T19:37:28.109Z', true, 'delivery', 'Chadd87@yahoo.com', 'Selmer', 'confirmed', NULL, NULL);
INSERT INTO bid (ct_email, ct_price, start_date, end_date, is_cash, transport_method, pet_owner, pet_name, bid_status, feedback, rating) VALUES ('Leon_Kulas@yahoo.com', 18, '2020-11-03T21:45:10.362Z', '2020-11-04T19:37:28.109Z', true, 'pcs', 'Carlee.Hansen@gmail.com', 'Frederique', 'reviewed', 'Voluptatem est enim. Iure nihil maxime aut repellendus.', 3);
INSERT INTO bid (ct_email, ct_price, start_date, end_date, is_cash, transport_method, pet_owner, pet_name, bid_status, feedback, rating) VALUES ('Lane.Hegmann41@gmail.com', 7, '2020-11-03T21:45:10.362Z', '2020-11-04T19:37:28.109Z', true, 'pickup', 'Kip_Thiel70@yahoo.com', 'Ethel', 'reviewed', 'Atque et cumque eligendi ipsa fugiat aliquid saepe et. Asperiores esse quibusdam voluptas assumenda asperiores accusamus cupiditate animi molestias.', 4);
INSERT INTO bid (ct_email, ct_price, start_date, end_date, is_cash, transport_method, pet_owner, pet_name, bid_status, feedback, rating) VALUES ('Hanna.Homenick31@yahoo.com', 12, '2020-11-03T21:45:10.362Z', '2020-11-04T19:37:28.109Z', true, 'delivery', 'Elliott.Toy83@hotmail.com', 'Shemar', 'reviewed', 'Officiis incidunt tempora id quia eum porro error ipsam. Odit eum consequatur dolor autem molestias sint dolores aut.', 3);
INSERT INTO bid (ct_email, ct_price, start_date, end_date, is_cash, transport_method, pet_owner, pet_name, bid_status, feedback, rating) VALUES ('Antwan56@yahoo.com', 18, '2020-11-03T21:45:10.362Z', '2020-11-04T19:37:28.109Z', true, 'delivery', 'Vincent_Deckow88@gmail.com', 'Raoul', 'reviewed', 'Sunt nisi illo sed. Animi suscipit ex enim nihil quo vel explicabo.', 4);
INSERT INTO bid (ct_email, ct_price, start_date, end_date, is_cash, transport_method, pet_owner, pet_name, bid_status, feedback, rating) VALUES ('Mack_Hills26@hotmail.com', 19, '2020-11-03T21:45:10.362Z', '2020-11-04T19:37:28.109Z', true, 'pickup', 'Alexzander31@hotmail.com', 'Electa', 'confirmed', NULL, NULL);
INSERT INTO bid (ct_email, ct_price, start_date, end_date, is_cash, transport_method, pet_owner, pet_name, bid_status, feedback, rating) VALUES ('Elton_Schiller@gmail.com', 19, '2020-11-03T21:45:10.362Z', '2020-11-04T19:37:28.109Z', true, 'delivery', 'Leif_Dickinson@hotmail.com', 'Turner', 'confirmed', NULL, NULL);
INSERT INTO bid (ct_email, ct_price, start_date, end_date, is_cash, transport_method, pet_owner, pet_name, bid_status, feedback, rating) VALUES ('Gianni.Koelpin55@hotmail.com', 2, '2020-11-03T21:45:10.362Z', '2020-11-04T19:37:28.109Z', true, 'pickup', 'Rosalia.Crona@hotmail.com', 'Bridie', 'confirmed', NULL, NULL);
INSERT INTO bid (ct_email, ct_price, start_date, end_date, is_cash, transport_method, pet_owner, pet_name, bid_status, feedback, rating) VALUES ('Hulda_Quitzon26@yahoo.com', 8, '2020-11-03T21:45:10.362Z', '2020-11-04T19:37:28.109Z', true, 'pcs', 'Amara.Hoppe@yahoo.com', 'Efrain', 'reviewed', 'Placeat eos est. Officiis velit nostrum.', 4);
INSERT INTO bid (ct_email, ct_price, start_date, end_date, is_cash, transport_method, pet_owner, pet_name, bid_status, feedback, rating) VALUES ('Scottie.Frami3@gmail.com', 7, '2020-11-03T21:45:10.362Z', '2020-11-04T19:37:28.109Z', true, 'pickup', 'Lexus27@hotmail.com', 'Vesta', 'confirmed', NULL, NULL);
INSERT INTO bid (ct_email, ct_price, start_date, end_date, is_cash, transport_method, pet_owner, pet_name, bid_status, feedback, rating) VALUES ('Carmela55@gmail.com', 20, '2020-11-03T21:45:10.362Z', '2020-11-04T19:37:28.109Z', true, 'delivery', 'Augusta53@yahoo.com', 'Claude', 'reviewed', 'Sunt aspernatur dolor expedita asperiores fugit suscipit ex. Repudiandae architecto quas.', 5);
INSERT INTO bid (ct_email, ct_price, start_date, end_date, is_cash, transport_method, pet_owner, pet_name, bid_status, feedback, rating) VALUES ('Yasmine_Jenkins69@gmail.com', 7, '2020-11-03T21:45:10.362Z', '2020-11-04T19:37:28.109Z', true, 'pcs', 'Angela_Heaney@gmail.com', 'Kylie', 'reviewed', 'Nesciunt aut quibusdam asperiores quibusdam eaque. Neque facilis fugit.', 5);
INSERT INTO bid (ct_email, ct_price, start_date, end_date, is_cash, transport_method, pet_owner, pet_name, bid_status, feedback, rating) VALUES ('Barry.Rodriguez82@yahoo.com', 2, '2020-11-03T21:45:10.362Z', '2020-11-04T19:37:28.109Z', true, 'pickup', 'Kristian7@gmail.com', 'Minnie', 'confirmed', NULL, NULL);
INSERT INTO bid (ct_email, ct_price, start_date, end_date, is_cash, transport_method, pet_owner, pet_name, bid_status, feedback, rating) VALUES ('Ben_Johns@yahoo.com', 0, '2020-11-03T21:45:10.362Z', '2020-11-04T19:37:28.109Z', true, 'delivery', 'Layla.Harber64@yahoo.com', 'Kaleb', 'confirmed', NULL, NULL);
INSERT INTO bid (ct_email, ct_price, start_date, end_date, is_cash, transport_method, pet_owner, pet_name, bid_status, feedback, rating) VALUES ('Lon_Crooks@gmail.com', 12, '2020-11-03T21:45:10.362Z', '2020-11-04T19:37:28.109Z', true, 'delivery', 'Eddie_Murray@gmail.com', 'Morton', 'reviewed', 'Quos necessitatibus amet illo maxime nisi et architecto doloribus facere. Et ullam aut.', 4);
INSERT INTO bid (ct_email, ct_price, start_date, end_date, is_cash, transport_method, pet_owner, pet_name, bid_status, feedback, rating) VALUES ('Yvonne_Rogahn@gmail.com', 12, '2020-11-03T21:45:10.362Z', '2020-11-04T19:37:28.109Z', true, 'delivery', 'Stevie61@hotmail.com', 'Jalon', 'reviewed', 'Sunt deserunt autem repellat voluptatem recusandae. Magni repellat ab in.', 5);
INSERT INTO bid (ct_email, ct_price, start_date, end_date, is_cash, transport_method, pet_owner, pet_name, bid_status, feedback, rating) VALUES ('Elody_Hudson@hotmail.com', 20, '2020-11-03T21:45:10.362Z', '2020-11-04T19:37:28.109Z', true, 'pickup', 'Carmelo_Mills@yahoo.com', 'Enrico', 'reviewed', 'Voluptas similique delectus vel ut corrupti dicta. Officiis facere voluptatem deserunt odio nisi porro fugiat.', 4);
INSERT INTO bid (ct_email, ct_price, start_date, end_date, is_cash, transport_method, pet_owner, pet_name, bid_status, feedback, rating) VALUES ('Coleman_Goldner@hotmail.com', 9, '2020-11-03T21:45:10.362Z', '2020-11-04T19:37:28.109Z', true, 'pcs', 'Ardella_Klocko97@yahoo.com', 'Dianna', 'confirmed', NULL, NULL);
INSERT INTO bid (ct_email, ct_price, start_date, end_date, is_cash, transport_method, pet_owner, pet_name, bid_status, feedback, rating) VALUES ('Mark46@gmail.com', 4, '2020-11-03T21:45:10.362Z', '2020-11-04T19:37:28.109Z', true, 'delivery', 'Mariano54@gmail.com', 'Josefa', 'reviewed', 'Et et aspernatur. Eos hic sequi sit expedita voluptate occaecati quia aut dignissimos.', 5);
INSERT INTO bid (ct_email, ct_price, start_date, end_date, is_cash, transport_method, pet_owner, pet_name, bid_status, feedback, rating) VALUES ('Joana_Bednar@gmail.com', 0, '2020-11-03T21:45:10.362Z', '2020-11-04T19:37:28.109Z', true, 'pickup', 'Jensen.Baumbach73@gmail.com', 'Mike', 'confirmed', NULL, NULL);
INSERT INTO bid (ct_email, ct_price, start_date, end_date, is_cash, transport_method, pet_owner, pet_name, bid_status, feedback, rating) VALUES ('Stacy69@gmail.com', 2, '2020-11-03T21:45:10.362Z', '2020-11-04T19:37:28.109Z', true, 'delivery', 'Junius.Hayes76@hotmail.com', 'Oceane', 'reviewed', 'Quis dolorem a et architecto et accusamus consequatur distinctio aliquid. A praesentium quo est saepe quos consequatur.', 4);
INSERT INTO bid (ct_email, ct_price, start_date, end_date, is_cash, transport_method, pet_owner, pet_name, bid_status, feedback, rating) VALUES ('Ansley10@yahoo.com', 15, '2020-11-03T21:45:10.362Z', '2020-11-04T19:37:28.109Z', true, 'pcs', 'Gail_Weissnat@yahoo.com', 'Cletus', 'reviewed', 'Sed recusandae deleniti fugiat nam. Officiis iusto earum porro placeat molestias sequi.', 5);
INSERT INTO bid (ct_email, ct_price, start_date, end_date, is_cash, transport_method, pet_owner, pet_name, bid_status, feedback, rating) VALUES ('Ilene_McCullough@gmail.com', 6, '2020-11-03T21:45:10.362Z', '2020-11-04T19:37:28.109Z', true, 'pcs', 'Dexter_Lockman@gmail.com', 'Viviane', 'confirmed', NULL, NULL);
INSERT INTO bid (ct_email, ct_price, start_date, end_date, is_cash, transport_method, pet_owner, pet_name, bid_status, feedback, rating) VALUES ('Cayla_Rodriguez@gmail.com', 12, '2020-11-03T21:45:10.362Z', '2020-11-04T19:37:28.109Z', true, 'pcs', 'Cheyanne_Cronin97@gmail.com', 'Bulah', 'confirmed', NULL, NULL);
INSERT INTO bid (ct_email, ct_price, start_date, end_date, is_cash, transport_method, pet_owner, pet_name, bid_status, feedback, rating) VALUES ('Dorthy10@gmail.com', 18, '2020-11-03T21:45:10.362Z', '2020-11-04T19:37:28.109Z', true, 'pcs', 'Norval_Lockman24@yahoo.com', 'Max', 'reviewed', 'Doloremque provident qui sed quia sint itaque qui dolorum. Cupiditate fugit porro quis.', 3);
INSERT INTO bid (ct_email, ct_price, start_date, end_date, is_cash, transport_method, pet_owner, pet_name, bid_status, feedback, rating) VALUES ('Lou.Medhurst@hotmail.com', 17, '2020-11-03T21:45:10.362Z', '2020-11-04T19:37:28.109Z', true, 'pickup', 'Diana_Bradtke@yahoo.com', 'Johnson', 'reviewed', 'Ut sit qui. Voluptatem quod doloremque error asperiores voluptas aut.', 3);
INSERT INTO bid (ct_email, ct_price, start_date, end_date, is_cash, transport_method, pet_owner, pet_name, bid_status, feedback, rating) VALUES ('Freeda.Treutel@yahoo.com', 12, '2020-11-03T21:45:10.362Z', '2020-11-04T19:37:28.109Z', true, 'delivery', 'Markus.Lang@hotmail.com', 'Gavin', 'confirmed', NULL, NULL);
INSERT INTO bid (ct_email, ct_price, start_date, end_date, is_cash, transport_method, pet_owner, pet_name, bid_status, feedback, rating) VALUES ('Adah9@hotmail.com', 2, '2020-11-03T21:45:10.362Z', '2020-11-04T19:37:28.109Z', true, 'pickup', 'Luna.Schoen18@yahoo.com', 'Adalberto', 'confirmed', NULL, NULL);
INSERT INTO bid (ct_email, ct_price, start_date, end_date, is_cash, transport_method, pet_owner, pet_name, bid_status, feedback, rating) VALUES ('Amira65@hotmail.com', 0, '2020-11-03T21:45:10.362Z', '2020-11-04T19:37:28.109Z', true, 'pcs', 'Allison.Nolan81@hotmail.com', 'Liam', 'reviewed', 'Est nesciunt laborum quo dolorem sit reiciendis. Et quas et et esse.', 5);
INSERT INTO bid (ct_email, ct_price, start_date, end_date, is_cash, transport_method, pet_owner, pet_name, bid_status, feedback, rating) VALUES ('Virginia38@yahoo.com', 16, '2020-11-03T21:45:10.362Z', '2020-11-04T19:37:28.109Z', true, 'delivery', 'Guido98@hotmail.com', 'Yazmin', 'reviewed', 'Vero aut ut quos a quis sunt. Quae libero optio qui.', 5);
INSERT INTO bid (ct_email, ct_price, start_date, end_date, is_cash, transport_method, pet_owner, pet_name, bid_status, feedback, rating) VALUES ('Duncan87@gmail.com', 6, '2020-11-03T21:45:10.362Z', '2020-11-04T19:37:28.109Z', true, 'pickup', 'Eveline.Bergstrom@hotmail.com', 'Cristal', 'confirmed', NULL, NULL);
INSERT INTO bid (ct_email, ct_price, start_date, end_date, is_cash, transport_method, pet_owner, pet_name, bid_status, feedback, rating) VALUES ('Haylee24@gmail.com', 2, '2020-11-03T21:45:10.362Z', '2020-11-04T19:37:28.109Z', true, 'delivery', 'Leif_Gerhold64@yahoo.com', 'Krystel', 'reviewed', 'Et nihil praesentium ipsa quas aliquid ea ut aut sed. Consequuntur ducimus doloremque.', 4);
INSERT INTO bid (ct_email, ct_price, start_date, end_date, is_cash, transport_method, pet_owner, pet_name, bid_status, feedback, rating) VALUES ('Jewell_Bahringer55@gmail.com', 10, '2020-11-03T21:45:10.362Z', '2020-11-04T19:37:28.109Z', true, 'pcs', 'Elody_Hudson@hotmail.com', 'Lea', 'confirmed', NULL, NULL);
INSERT INTO bid (ct_email, ct_price, start_date, end_date, is_cash, transport_method, pet_owner, pet_name, bid_status, feedback, rating) VALUES ('Nella.Bailey@gmail.com', 19, '2020-11-03T21:45:10.362Z', '2020-11-04T19:37:28.109Z', true, 'pcs', 'Kathleen_Wiegand3@hotmail.com', 'Mauricio', 'reviewed', 'Vel aut totam ratione doloremque enim eos impedit ut. Quas dolorem est ut voluptatem quis autem.', 3);
INSERT INTO bid (ct_email, ct_price, start_date, end_date, is_cash, transport_method, pet_owner, pet_name, bid_status, feedback, rating) VALUES ('Katharina.Kautzer97@gmail.com', 9, '2020-11-03T21:45:10.362Z', '2020-11-04T19:37:28.109Z', true, 'pickup', 'Miller_Keebler@yahoo.com', 'Frank', 'reviewed', 'Et nisi repellat odit quo. Iure dolorem nisi officiis asperiores.', 5);
INSERT INTO bid (ct_email, ct_price, start_date, end_date, is_cash, transport_method, pet_owner, pet_name, bid_status, feedback, rating) VALUES ('Gus.Adams@hotmail.com', 0, '2020-11-03T21:45:10.362Z', '2020-11-04T19:37:28.109Z', true, 'pcs', 'Charley_Murray79@yahoo.com', 'Pierre', 'reviewed', 'Est quibusdam qui ut hic velit esse est expedita. Enim deleniti voluptatem qui et tempore quae qui itaque ut.', 4);
INSERT INTO bid (ct_email, ct_price, start_date, end_date, is_cash, transport_method, pet_owner, pet_name, bid_status, feedback, rating) VALUES ('Kristian7@gmail.com', 12, '2020-11-03T21:45:10.362Z', '2020-11-04T19:37:28.109Z', true, 'pcs', 'Henderson_Fritsch@hotmail.com', 'Weston', 'reviewed', 'Nemo eligendi beatae dolor. Vero beatae corporis quia voluptas voluptatem eum.', 3);
INSERT INTO bid (ct_email, ct_price, start_date, end_date, is_cash, transport_method, pet_owner, pet_name, bid_status, feedback, rating) VALUES ('Tatyana.Lowe@yahoo.com', 1, '2020-11-03T21:45:10.362Z', '2020-11-04T19:37:28.109Z', true, 'pcs', 'Brad.Pollich@yahoo.com', 'Alberta', 'confirmed', NULL, NULL);
INSERT INTO bid (ct_email, ct_price, start_date, end_date, is_cash, transport_method, pet_owner, pet_name, bid_status, feedback, rating) VALUES ('Nat62@hotmail.com', 4, '2020-11-03T21:45:10.362Z', '2020-11-04T19:37:28.109Z', true, 'pickup', 'Helene98@hotmail.com', 'Michael', 'confirmed', NULL, NULL);
INSERT INTO bid (ct_email, ct_price, start_date, end_date, is_cash, transport_method, pet_owner, pet_name, bid_status, feedback, rating) VALUES ('Heloise_OKeefe@yahoo.com', 13, '2020-11-03T21:45:10.362Z', '2020-11-04T19:37:28.109Z', true, 'delivery', 'Chandler.Sipes@yahoo.com', 'Karina', 'reviewed', 'Sit eos dolorem sint vero ut non. Quidem et enim.', 3);
INSERT INTO bid (ct_email, ct_price, start_date, end_date, is_cash, transport_method, pet_owner, pet_name, bid_status, feedback, rating) VALUES ('Gloria_Zemlak@gmail.com', 12, '2020-11-03T21:45:10.362Z', '2020-11-04T19:37:28.109Z', true, 'pcs', 'Davin92@gmail.com', 'Cleo', 'confirmed', NULL, NULL);
INSERT INTO bid (ct_email, ct_price, start_date, end_date, is_cash, transport_method, pet_owner, pet_name, bid_status, feedback, rating) VALUES ('Jaquelin40@yahoo.com', 2, '2020-11-03T21:45:10.362Z', '2020-11-04T19:37:28.109Z', true, 'pickup', 'Marielle_Deckow84@yahoo.com', 'Chesley', 'confirmed', NULL, NULL);
INSERT INTO bid (ct_email, ct_price, start_date, end_date, is_cash, transport_method, pet_owner, pet_name, bid_status, feedback, rating) VALUES ('Jacques.Cummings@hotmail.com', 13, '2020-11-03T21:45:10.362Z', '2020-11-04T19:37:28.109Z', true, 'pcs', 'Megane_Schoen24@yahoo.com', 'Blaise', 'reviewed', 'Sint in et. Maiores iure rerum nihil quam esse vero impedit.', 3);
INSERT INTO bid (ct_email, ct_price, start_date, end_date, is_cash, transport_method, pet_owner, pet_name, bid_status, feedback, rating) VALUES ('Werner7@hotmail.com', 3, '2020-11-03T21:45:10.362Z', '2020-11-04T19:37:28.109Z', true, 'delivery', 'Lue17@hotmail.com', 'Kailyn', 'reviewed', 'Assumenda esse reprehenderit veritatis quia voluptatem tempora provident eos rerum. Modi animi reprehenderit voluptates nihil.', 4);
INSERT INTO bid (ct_email, ct_price, start_date, end_date, is_cash, transport_method, pet_owner, pet_name, bid_status, feedback, rating) VALUES ('Celine.Hyatt2@yahoo.com', 12, '2020-11-03T21:45:10.362Z', '2020-11-04T19:37:28.109Z', true, 'delivery', 'Darryl_Ward@hotmail.com', 'Elmira', 'reviewed', 'Nam doloribus sit. Nihil nihil eveniet exercitationem repudiandae.', 4);
INSERT INTO bid (ct_email, ct_price, start_date, end_date, is_cash, transport_method, pet_owner, pet_name, bid_status, feedback, rating) VALUES ('Candace_Terry29@hotmail.com', 4, '2020-11-03T21:45:10.362Z', '2020-11-04T19:37:28.109Z', true, 'delivery', 'Dale_Breitenberg@gmail.com', 'Mafalda', 'confirmed', NULL, NULL);
INSERT INTO bid (ct_email, ct_price, start_date, end_date, is_cash, transport_method, pet_owner, pet_name, bid_status, feedback, rating) VALUES ('Kailey86@yahoo.com', 4, '2020-11-03T21:45:10.362Z', '2020-11-04T19:37:28.109Z', true, 'delivery', 'Gardner.Kuvalis@gmail.com', 'Clair', 'confirmed', NULL, NULL);
INSERT INTO bid (ct_email, ct_price, start_date, end_date, is_cash, transport_method, pet_owner, pet_name, bid_status, feedback, rating) VALUES ('Gudrun38@yahoo.com', 1, '2020-11-03T21:45:10.362Z', '2020-11-04T19:37:28.109Z', true, 'pcs', 'Sarina.Goyette34@gmail.com', 'Marta', 'confirmed', NULL, NULL);
INSERT INTO bid (ct_email, ct_price, start_date, end_date, is_cash, transport_method, pet_owner, pet_name, bid_status, feedback, rating) VALUES ('Keeley71@yahoo.com', 1, '2020-11-03T21:45:10.362Z', '2020-11-04T19:37:28.109Z', true, 'delivery', 'Cordia_Renner15@gmail.com', 'Bo', 'reviewed', 'Sit animi quis quod itaque omnis non omnis quis. Et quos repellat veritatis cum iste consequuntur.', 4);
INSERT INTO bid (ct_email, ct_price, start_date, end_date, is_cash, transport_method, pet_owner, pet_name, bid_status, feedback, rating) VALUES ('Alverta40@gmail.com', 15, '2020-11-03T21:45:10.362Z', '2020-11-04T19:37:28.109Z', true, 'pcs', 'Rebecca20@yahoo.com', 'Miguel', 'confirmed', NULL, NULL);
INSERT INTO bid (ct_email, ct_price, start_date, end_date, is_cash, transport_method, pet_owner, pet_name, bid_status, feedback, rating) VALUES ('Luna.Schoen18@yahoo.com', 16, '2020-11-03T21:45:10.362Z', '2020-11-04T19:37:28.109Z', true, 'pcs', 'Adriel65@gmail.com', 'Junius', 'reviewed', 'Velit qui sunt quibusdam enim voluptas fugit. Et nostrum deserunt quos quis.', 3);
INSERT INTO bid (ct_email, ct_price, start_date, end_date, is_cash, transport_method, pet_owner, pet_name, bid_status, feedback, rating) VALUES ('Candelario.Schowalter79@hotmail.com', 0, '2020-11-03T21:45:10.362Z', '2020-11-04T19:37:28.109Z', true, 'pickup', 'Milton_Marvin81@gmail.com', 'Raina', 'confirmed', NULL, NULL);
INSERT INTO bid (ct_email, ct_price, start_date, end_date, is_cash, transport_method, pet_owner, pet_name, bid_status, feedback, rating) VALUES ('Joana4@hotmail.com', 3, '2020-11-03T21:45:10.362Z', '2020-11-04T19:37:28.109Z', true, 'pcs', 'Brendon.Jakubowski6@gmail.com', 'Laverne', 'reviewed', 'Maiores ea a aut autem. Deserunt placeat et at magni et voluptates porro.', 5);
INSERT INTO bid (ct_email, ct_price, start_date, end_date, is_cash, transport_method, pet_owner, pet_name, bid_status, feedback, rating) VALUES ('Hailie_Stracke@hotmail.com', 10, '2020-11-03T21:45:10.362Z', '2020-11-04T19:37:28.109Z', true, 'pcs', 'Milford_Rath@yahoo.com', 'Princess', 'reviewed', 'Provident dolor sed fugit. Voluptatem omnis itaque a molestiae nam enim at minus dolores.', 3);
INSERT INTO bid (ct_email, ct_price, start_date, end_date, is_cash, transport_method, pet_owner, pet_name, bid_status, feedback, rating) VALUES ('Triston.Lakin0@yahoo.com', 8, '2020-11-03T21:45:10.362Z', '2020-11-04T19:37:28.109Z', true, 'pickup', 'Harley_Boehm@yahoo.com', 'Eryn', 'confirmed', NULL, NULL);
INSERT INTO bid (ct_email, ct_price, start_date, end_date, is_cash, transport_method, pet_owner, pet_name, bid_status, feedback, rating) VALUES ('Bart_Glover@yahoo.com', 14, '2020-11-03T21:45:10.362Z', '2020-11-04T19:37:28.109Z', true, 'pickup', 'Edgar_Lesch@yahoo.com', 'Darrin', 'reviewed', 'Quis quibusdam a veniam. Ut facilis corporis optio similique illum sit perspiciatis optio impedit.', 4);
INSERT INTO bid (ct_email, ct_price, start_date, end_date, is_cash, transport_method, pet_owner, pet_name, bid_status, feedback, rating) VALUES ('Abel_Kilback51@yahoo.com', 3, '2020-11-03T21:45:10.362Z', '2020-11-04T19:37:28.109Z', true, 'pcs', 'Ramiro25@gmail.com', 'Verona', 'confirmed', NULL, NULL);
INSERT INTO bid (ct_email, ct_price, start_date, end_date, is_cash, transport_method, pet_owner, pet_name, bid_status, feedback, rating) VALUES ('Paolo_Lesch93@hotmail.com', 17, '2020-11-03T21:45:10.362Z', '2020-11-04T19:37:28.109Z', true, 'pickup', 'Art.Mante87@hotmail.com', 'Karlee', 'reviewed', 'Magni vel nostrum corrupti est dolorem numquam voluptas adipisci nam. In sit aspernatur.', 4);
INSERT INTO bid (ct_email, ct_price, start_date, end_date, is_cash, transport_method, pet_owner, pet_name, bid_status, feedback, rating) VALUES ('Giovanni.Howe49@gmail.com', 5, '2020-11-03T21:45:10.362Z', '2020-11-04T19:37:28.109Z', true, 'pcs', 'Lavinia.Ziemann21@yahoo.com', 'Terrence', 'confirmed', NULL, NULL);
INSERT INTO bid (ct_email, ct_price, start_date, end_date, is_cash, transport_method, pet_owner, pet_name, bid_status, feedback, rating) VALUES ('Stephen.Weimann@yahoo.com', 10, '2020-11-03T21:45:10.362Z', '2020-11-04T19:37:28.109Z', true, 'delivery', 'Doyle_Kuhlman@yahoo.com', 'Alden', 'confirmed', NULL, NULL);
INSERT INTO bid (ct_email, ct_price, start_date, end_date, is_cash, transport_method, pet_owner, pet_name, bid_status, feedback, rating) VALUES ('Clint8@hotmail.com', 11, '2020-11-03T21:45:10.362Z', '2020-11-04T19:37:28.109Z', true, 'pickup', 'Hailie_Stracke@hotmail.com', 'Lavina', 'confirmed', NULL, NULL);
INSERT INTO bid (ct_email, ct_price, start_date, end_date, is_cash, transport_method, pet_owner, pet_name, bid_status, feedback, rating) VALUES ('Adan_Haley79@hotmail.com', 12, '2020-11-03T21:45:10.362Z', '2020-11-04T19:37:28.109Z', true, 'pcs', 'Reggie.Cormier0@yahoo.com', 'Kurt', 'reviewed', 'Rem ut vel alias et repellendus soluta. Exercitationem atque velit consequatur.', 3);
INSERT INTO bid (ct_email, ct_price, start_date, end_date, is_cash, transport_method, pet_owner, pet_name, bid_status, feedback, rating) VALUES ('Agustin_Daniel92@hotmail.com', 8, '2020-11-03T21:45:10.362Z', '2020-11-04T19:37:28.109Z', true, 'delivery', 'Flavie_Pacocha7@yahoo.com', 'Jules', 'confirmed', NULL, NULL);
INSERT INTO bid (ct_email, ct_price, start_date, end_date, is_cash, transport_method, pet_owner, pet_name, bid_status, feedback, rating) VALUES ('Breana96@gmail.com', 16, '2020-11-03T21:45:10.362Z', '2020-11-04T19:37:28.109Z', true, 'pickup', 'Josiah59@yahoo.com', 'Nicklaus', 'confirmed', NULL, NULL);
INSERT INTO bid (ct_email, ct_price, start_date, end_date, is_cash, transport_method, pet_owner, pet_name, bid_status, feedback, rating) VALUES ('Cordie30@yahoo.com', 1, '2020-11-03T21:45:10.362Z', '2020-11-04T19:37:28.109Z', true, 'delivery', 'Silas_Hahn77@hotmail.com', 'Gino', 'reviewed', 'Architecto sequi est et quia quis aut ducimus quae. Aliquam eligendi illo quam eum quidem voluptates id.', 5);
INSERT INTO bid (ct_email, ct_price, start_date, end_date, is_cash, transport_method, pet_owner, pet_name, bid_status, feedback, rating) VALUES ('Oleta45@hotmail.com', 20, '2020-11-03T21:45:10.362Z', '2020-11-04T19:37:28.109Z', true, 'delivery', 'Keyon.Kiehn@hotmail.com', 'Makenzie', 'confirmed', NULL, NULL);
INSERT INTO bid (ct_email, ct_price, start_date, end_date, is_cash, transport_method, pet_owner, pet_name, bid_status, feedback, rating) VALUES ('Otis.Lubowitz47@hotmail.com', 4, '2020-11-03T21:45:10.362Z', '2020-11-04T19:37:28.109Z', true, 'delivery', 'Kendrick41@hotmail.com', 'Agustina', 'reviewed', 'Exercitationem sit ut enim eveniet voluptatum ut atque. Officiis temporibus architecto deleniti esse id ea nam.', 3);
INSERT INTO bid (ct_email, ct_price, start_date, end_date, is_cash, transport_method, pet_owner, pet_name, bid_status, feedback, rating) VALUES ('Cesar.Mraz@gmail.com', 12, '2020-11-03T21:45:10.362Z', '2020-11-04T19:37:28.109Z', true, 'delivery', 'Estella89@yahoo.com', 'Daniela', 'reviewed', 'Quos perspiciatis maxime laudantium sunt id ex. Aut at dicta explicabo.', 3);
INSERT INTO bid (ct_email, ct_price, start_date, end_date, is_cash, transport_method, pet_owner, pet_name, bid_status, feedback, rating) VALUES ('Dale_Breitenberg@gmail.com', 12, '2020-11-03T21:45:10.362Z', '2020-11-04T19:37:28.109Z', true, 'pickup', 'Kailey72@yahoo.com', 'Leonie', 'confirmed', NULL, NULL);
INSERT INTO bid (ct_email, ct_price, start_date, end_date, is_cash, transport_method, pet_owner, pet_name, bid_status, feedback, rating) VALUES ('Hobart.Windler@hotmail.com', 8, '2020-11-03T21:45:10.362Z', '2020-11-04T19:37:28.109Z', true, 'pcs', 'Dorthy10@gmail.com', 'Kim', 'reviewed', 'Minus nobis sequi quia nihil non et nostrum vel. Aut officia dicta nam quia iusto voluptatem rerum asperiores.', 3);
INSERT INTO bid (ct_email, ct_price, start_date, end_date, is_cash, transport_method, pet_owner, pet_name, bid_status, feedback, rating) VALUES ('Estella89@yahoo.com', 0, '2020-11-03T21:45:10.362Z', '2020-11-04T19:37:28.109Z', true, 'delivery', 'Karley.Zulauf@yahoo.com', 'Gisselle', 'confirmed', NULL, NULL);
INSERT INTO bid (ct_email, ct_price, start_date, end_date, is_cash, transport_method, pet_owner, pet_name, bid_status, feedback, rating) VALUES ('Isaac_Blanda@gmail.com', 5, '2020-11-03T21:45:10.362Z', '2020-11-04T19:37:28.109Z', true, 'pickup', 'Mike27@hotmail.com', 'Lonzo', 'reviewed', 'Quo provident dicta voluptatem et accusamus rerum. Sed provident in magnam voluptates.', 5);
INSERT INTO bid (ct_email, ct_price, start_date, end_date, is_cash, transport_method, pet_owner, pet_name, bid_status, feedback, rating) VALUES ('Candice.Waters@hotmail.com', 14, '2020-11-03T21:45:10.362Z', '2020-11-04T19:37:28.109Z', true, 'pickup', 'Roscoe.Mante@gmail.com', 'Adelia', 'reviewed', 'Laboriosam iste earum voluptas dolorem itaque culpa. Harum harum quidem tempore quidem non non.', 5);
INSERT INTO bid (ct_email, ct_price, start_date, end_date, is_cash, transport_method, pet_owner, pet_name, bid_status, feedback, rating) VALUES ('Mariano54@gmail.com', 5, '2020-11-03T21:45:10.362Z', '2020-11-04T19:37:28.109Z', true, 'pickup', 'Julien.Towne@gmail.com', 'Katlynn', 'reviewed', 'Asperiores voluptatem assumenda asperiores qui sapiente. Ut expedita dolor repudiandae quis impedit quod velit.', 4);
INSERT INTO bid (ct_email, ct_price, start_date, end_date, is_cash, transport_method, pet_owner, pet_name, bid_status, feedback, rating) VALUES ('Margarette_Graham@gmail.com', 11, '2020-11-03T21:45:10.362Z', '2020-11-04T19:37:28.109Z', true, 'pickup', 'Kasey32@gmail.com', 'Meta', 'confirmed', NULL, NULL);
INSERT INTO bid (ct_email, ct_price, start_date, end_date, is_cash, transport_method, pet_owner, pet_name, bid_status, feedback, rating) VALUES ('Ceasar.Friesen63@yahoo.com', 17, '2020-11-03T21:45:10.362Z', '2020-11-04T19:37:28.109Z', true, 'pickup', 'Erika_OHara@gmail.com', 'Elna', 'confirmed', NULL, NULL);
INSERT INTO bid (ct_email, ct_price, start_date, end_date, is_cash, transport_method, pet_owner, pet_name, bid_status, feedback, rating) VALUES ('Amara.Hoppe@yahoo.com', 15, '2020-11-03T21:45:10.362Z', '2020-11-04T19:37:28.109Z', true, 'delivery', 'Kurt51@hotmail.com', 'Joelle', 'confirmed', NULL, NULL);
INSERT INTO bid (ct_email, ct_price, start_date, end_date, is_cash, transport_method, pet_owner, pet_name, bid_status, feedback, rating) VALUES ('Bart.Strosin@gmail.com', 4, '2020-11-03T21:45:10.362Z', '2020-11-04T19:37:28.109Z', true, 'pickup', 'Stephania.Hackett@gmail.com', 'Jared', 'confirmed', NULL, NULL);
INSERT INTO bid (ct_email, ct_price, start_date, end_date, is_cash, transport_method, pet_owner, pet_name, bid_status, feedback, rating) VALUES ('Julian.Lubowitz@gmail.com', 18, '2020-11-03T21:45:10.362Z', '2020-11-04T19:37:28.109Z', true, 'pcs', 'Jose69@hotmail.com', 'Rosendo', 'reviewed', 'Et omnis et quia animi. Rerum voluptatibus quisquam repudiandae.', 4);
INSERT INTO bid (ct_email, ct_price, start_date, end_date, is_cash, transport_method, pet_owner, pet_name, bid_status, feedback, rating) VALUES ('Sylvia80@yahoo.com', 11, '2020-11-03T21:45:10.362Z', '2020-11-04T19:37:28.109Z', true, 'pcs', 'Josue.Bartell@yahoo.com', 'Jamaal', 'reviewed', 'Aperiam adipisci debitis eum sint dicta. Quia dolorem praesentium eveniet ut eum cum cumque corrupti.', 3);
INSERT INTO bid (ct_email, ct_price, start_date, end_date, is_cash, transport_method, pet_owner, pet_name, bid_status, feedback, rating) VALUES ('Dominic_Koss85@yahoo.com', 13, '2020-11-03T21:45:10.362Z', '2020-11-04T19:37:28.109Z', true, 'pcs', 'Reba.Maggio@yahoo.com', 'Pete', 'confirmed', NULL, NULL);
INSERT INTO bid (ct_email, ct_price, start_date, end_date, is_cash, transport_method, pet_owner, pet_name, bid_status, feedback, rating) VALUES ('Art.Mante87@hotmail.com', 12, '2020-11-03T21:45:10.362Z', '2020-11-04T19:37:28.109Z', true, 'pickup', 'Eulah_Bechtelar@yahoo.com', 'Sophia', 'confirmed', NULL, NULL);
INSERT INTO bid (ct_email, ct_price, start_date, end_date, is_cash, transport_method, pet_owner, pet_name, bid_status, feedback, rating) VALUES ('Mandy_Bashirian74@hotmail.com', 19, '2020-11-03T21:45:10.362Z', '2020-11-04T19:37:28.109Z', true, 'pcs', 'Janessa71@hotmail.com', 'Frankie', 'confirmed', NULL, NULL);
INSERT INTO bid (ct_email, ct_price, start_date, end_date, is_cash, transport_method, pet_owner, pet_name, bid_status, feedback, rating) VALUES ('Dante.Hudson@gmail.com', 5, '2020-11-03T21:45:10.362Z', '2020-11-04T19:37:28.109Z', true, 'delivery', 'Lucious79@hotmail.com', 'Waylon', 'confirmed', NULL, NULL);
INSERT INTO bid (ct_email, ct_price, start_date, end_date, is_cash, transport_method, pet_owner, pet_name, bid_status, feedback, rating) VALUES ('Ludwig_Hessel@yahoo.com', 18, '2020-11-03T21:45:10.362Z', '2020-11-04T19:37:28.109Z', true, 'pickup', 'Pearlie_Koch1@yahoo.com', 'Keshawn', 'confirmed', NULL, NULL);
INSERT INTO bid (ct_email, ct_price, start_date, end_date, is_cash, transport_method, pet_owner, pet_name, bid_status, feedback, rating) VALUES ('Ford52@gmail.com', 7, '2020-11-03T21:45:10.362Z', '2020-11-04T19:37:28.109Z', true, 'pcs', 'Katlynn96@hotmail.com', 'Jennyfer', 'confirmed', NULL, NULL);
INSERT INTO bid (ct_email, ct_price, start_date, end_date, is_cash, transport_method, pet_owner, pet_name, bid_status, feedback, rating) VALUES ('Kadin30@yahoo.com', 15, '2020-11-03T21:45:10.362Z', '2020-11-04T19:37:28.109Z', true, 'pcs', 'Dylan.Franecki95@gmail.com', 'Xzavier', 'reviewed', 'Magnam qui dolores fuga autem optio rerum. Reprehenderit officia dolores temporibus omnis voluptas harum enim iure.', 5);
INSERT INTO bid (ct_email, ct_price, start_date, end_date, is_cash, transport_method, pet_owner, pet_name, bid_status, feedback, rating) VALUES ('Herta20@hotmail.com', 3, '2020-11-03T21:45:10.362Z', '2020-11-04T19:37:28.109Z', true, 'pickup', 'Octavia.Borer@gmail.com', 'Nicole', 'reviewed', 'Dolores facere nobis possimus esse qui. Harum iusto suscipit quod.', 4);
INSERT INTO bid (ct_email, ct_price, start_date, end_date, is_cash, transport_method, pet_owner, pet_name, bid_status, feedback, rating) VALUES ('Carlie_Erdman@hotmail.com', 17, '2020-11-03T21:45:10.362Z', '2020-11-04T19:37:28.109Z', true, 'delivery', 'Ivah.Pouros64@gmail.com', 'Asha', 'confirmed', NULL, NULL);
INSERT INTO bid (ct_email, ct_price, start_date, end_date, is_cash, transport_method, pet_owner, pet_name, bid_status, feedback, rating) VALUES ('Viviane41@hotmail.com', 10, '2020-11-03T21:45:10.362Z', '2020-11-04T19:37:28.109Z', true, 'delivery', 'Tobin67@gmail.com', 'Spencer', 'reviewed', 'Magnam nemo ut fuga eum sint placeat ipsa delectus dolores. Velit et harum doloremque mollitia ullam fugiat.', 3);
INSERT INTO bid (ct_email, ct_price, start_date, end_date, is_cash, transport_method, pet_owner, pet_name, bid_status, feedback, rating) VALUES ('Maverick8@gmail.com', 0, '2020-11-03T21:45:10.362Z', '2020-11-04T19:37:28.109Z', true, 'pickup', 'Eldora_Schneider@yahoo.com', 'Russ', 'reviewed', 'Magni perspiciatis amet aut sed voluptas harum cum. Quo cumque aut sint voluptatem quia libero.', 4);
INSERT INTO bid (ct_email, ct_price, start_date, end_date, is_cash, transport_method, pet_owner, pet_name, bid_status, feedback, rating) VALUES ('Julien15@hotmail.com', 19, '2020-11-03T21:45:10.362Z', '2020-11-04T19:37:28.109Z', true, 'delivery', 'Jaunita_Borer@yahoo.com', 'Josephine', 'reviewed', 'Delectus sunt expedita molestiae qui impedit. Optio velit alias reprehenderit.', 4);
INSERT INTO bid (ct_email, ct_price, start_date, end_date, is_cash, transport_method, pet_owner, pet_name, bid_status, feedback, rating) VALUES ('Keagan28@gmail.com', 10, '2020-11-03T21:45:10.362Z', '2020-11-04T19:37:28.109Z', true, 'pcs', 'Nikko_Connelly@gmail.com', 'Marguerite', 'confirmed', NULL, NULL);
INSERT INTO bid (ct_email, ct_price, start_date, end_date, is_cash, transport_method, pet_owner, pet_name, bid_status, feedback, rating) VALUES ('Amari58@hotmail.com', 20, '2020-11-03T21:45:10.362Z', '2020-11-04T19:37:28.109Z', true, 'pickup', 'Alexandrea_Mayert24@hotmail.com', 'Madisyn', 'confirmed', NULL, NULL);
INSERT INTO bid (ct_email, ct_price, start_date, end_date, is_cash, transport_method, pet_owner, pet_name, bid_status, feedback, rating) VALUES ('Vesta.Gislason90@yahoo.com', 6, '2020-11-03T21:45:10.362Z', '2020-11-04T19:37:28.109Z', true, 'pickup', 'Yasmine_Jenkins69@gmail.com', 'Jarrett', 'reviewed', 'Eligendi et quia doloremque voluptate aut quia. Illo qui molestiae perspiciatis sed id aut voluptates.', 4);
INSERT INTO bid (ct_email, ct_price, start_date, end_date, is_cash, transport_method, pet_owner, pet_name, bid_status, feedback, rating) VALUES ('Ford_Price@hotmail.com', 1, '2020-11-03T21:45:10.362Z', '2020-11-04T19:37:28.109Z', true, 'delivery', 'Eldon.Gislason@gmail.com', 'Jeremy', 'confirmed', NULL, NULL);
INSERT INTO bid (ct_email, ct_price, start_date, end_date, is_cash, transport_method, pet_owner, pet_name, bid_status, feedback, rating) VALUES ('Jovany64@hotmail.com', 14, '2020-11-03T21:45:10.362Z', '2020-11-04T19:37:28.109Z', true, 'pickup', 'Adah9@hotmail.com', 'Geovany', 'confirmed', NULL, NULL);
INSERT INTO bid (ct_email, ct_price, start_date, end_date, is_cash, transport_method, pet_owner, pet_name, bid_status, feedback, rating) VALUES ('Edd45@gmail.com', 11, '2020-11-03T21:45:10.362Z', '2020-11-04T19:37:28.109Z', true, 'pickup', 'Amira65@hotmail.com', 'Karianne', 'reviewed', 'Accusantium autem occaecati voluptatem blanditiis nam itaque debitis. Pariatur ut ipsa qui.', 3);
INSERT INTO bid (ct_email, ct_price, start_date, end_date, is_cash, transport_method, pet_owner, pet_name, bid_status, feedback, rating) VALUES ('Cheyanne_Cronin97@gmail.com', 4, '2020-11-03T21:45:10.362Z', '2020-11-04T19:37:28.109Z', true, 'delivery', 'Theron.Grant57@hotmail.com', 'Hailee', 'reviewed', 'Neque autem et optio quia. Sit doloribus laboriosam.', 5);
INSERT INTO bid (ct_email, ct_price, start_date, end_date, is_cash, transport_method, pet_owner, pet_name, bid_status, feedback, rating) VALUES ('Eldora_Schneider@yahoo.com', 7, '2020-11-03T21:45:10.362Z', '2020-11-04T19:37:28.109Z', true, 'pickup', 'Kathryn.White@yahoo.com', 'Ebony', 'confirmed', NULL, NULL);
INSERT INTO bid (ct_email, ct_price, start_date, end_date, is_cash, transport_method, pet_owner, pet_name, bid_status, feedback, rating) VALUES ('Everett_Krajcik@gmail.com', 12, '2020-11-03T21:45:10.362Z', '2020-11-04T19:37:28.109Z', true, 'pcs', 'Ilene_McCullough@gmail.com', 'Francisco', 'reviewed', 'Aut sit et recusandae facere sequi. Minima tenetur commodi mollitia corporis velit hic exercitationem et maiores.', 4);
INSERT INTO bid (ct_email, ct_price, start_date, end_date, is_cash, transport_method, pet_owner, pet_name, bid_status, feedback, rating) VALUES ('Alex_Runolfsson@gmail.com', 9, '2020-11-03T21:45:10.362Z', '2020-11-04T19:37:28.109Z', true, 'delivery', 'Webster.Nitzsche50@gmail.com', 'Lester', 'confirmed', NULL, NULL);
INSERT INTO bid (ct_email, ct_price, start_date, end_date, is_cash, transport_method, pet_owner, pet_name, bid_status, feedback, rating) VALUES ('Ethelyn41@hotmail.com', 9, '2020-11-03T21:45:10.362Z', '2020-11-04T19:37:28.109Z', true, 'delivery', 'Sydney19@hotmail.com', 'Samantha', 'reviewed', 'Occaecati exercitationem optio dolore voluptatem non quisquam. Deserunt fuga natus iste aliquid rerum quia eos et aut.', 3);
INSERT INTO bid (ct_email, ct_price, start_date, end_date, is_cash, transport_method, pet_owner, pet_name, bid_status, feedback, rating) VALUES ('Grayson.Huels@yahoo.com', 17, '2020-11-03T21:45:10.362Z', '2020-11-04T19:37:28.109Z', true, 'pickup', 'Kennith_Hane@gmail.com', 'Forrest', 'reviewed', 'Laboriosam quia esse eligendi facere ipsam sed sunt adipisci officia. Architecto iure omnis sunt.', 3);
INSERT INTO bid (ct_email, ct_price, start_date, end_date, is_cash, transport_method, pet_owner, pet_name, bid_status, feedback, rating) VALUES ('Angela_Heaney@gmail.com', 5, '2020-11-03T21:45:10.362Z', '2020-11-04T19:37:28.109Z', true, 'delivery', 'Savion_Smitham@yahoo.com', 'Judd', 'confirmed', NULL, NULL);
INSERT INTO bid (ct_email, ct_price, start_date, end_date, is_cash, transport_method, pet_owner, pet_name, bid_status, feedback, rating) VALUES ('Wendy67@yahoo.com', 15, '2020-11-03T21:45:10.362Z', '2020-11-04T19:37:28.109Z', true, 'delivery', 'Rosalyn46@gmail.com', 'Jany', 'reviewed', 'Distinctio unde aut quasi iure est. A aut qui eaque.', 3);
INSERT INTO bid (ct_email, ct_price, start_date, end_date, is_cash, transport_method, pet_owner, pet_name, bid_status, feedback, rating) VALUES ('Natalia_Pfeffer68@hotmail.com', 11, '2020-11-03T21:45:10.362Z', '2020-11-04T19:37:28.109Z', true, 'pickup', 'Ubaldo37@gmail.com', 'Toy', 'confirmed', NULL, NULL);
INSERT INTO bid (ct_email, ct_price, start_date, end_date, is_cash, transport_method, pet_owner, pet_name, bid_status, feedback, rating) VALUES ('Meredith_Heidenreich@gmail.com', 18, '2020-11-03T21:45:10.362Z', '2020-11-04T19:37:28.109Z', true, 'pcs', 'Kaycee_Yundt46@gmail.com', 'Franco', 'reviewed', 'Ut delectus doloremque ipsam minus magnam aut reiciendis magni. Cum in ex rem quam aspernatur.', 3);
INSERT INTO bid (ct_email, ct_price, start_date, end_date, is_cash, transport_method, pet_owner, pet_name, bid_status, feedback, rating) VALUES ('Newton_Monahan@gmail.com', 0, '2020-11-03T21:45:10.362Z', '2020-11-04T19:37:28.109Z', true, 'pcs', 'Carlie_Erdman@hotmail.com', 'Murphy', 'reviewed', 'Deserunt non laborum facere dolorum. Et officia minima ea.', 4);
INSERT INTO bid (ct_email, ct_price, start_date, end_date, is_cash, transport_method, pet_owner, pet_name, bid_status, feedback, rating) VALUES ('Curtis81@hotmail.com', 5, '2020-11-03T21:45:10.362Z', '2020-11-04T19:37:28.109Z', true, 'pickup', 'Billie86@gmail.com', 'Keely', 'confirmed', NULL, NULL);
INSERT INTO bid (ct_email, ct_price, start_date, end_date, is_cash, transport_method, pet_owner, pet_name, bid_status, feedback, rating) VALUES ('Octavia.Block61@yahoo.com', 4, '2020-11-03T21:45:10.362Z', '2020-11-04T19:37:28.109Z', true, 'pickup', 'Vicente.Huel63@hotmail.com', 'Lottie', 'reviewed', 'Voluptate quasi quidem ipsa sit dicta ad. Eveniet eos praesentium hic voluptate.', 5);
INSERT INTO bid (ct_email, ct_price, start_date, end_date, is_cash, transport_method, pet_owner, pet_name, bid_status, feedback, rating) VALUES ('Shyann_Roberts@yahoo.com', 6, '2020-11-03T21:45:10.362Z', '2020-11-04T19:37:28.109Z', true, 'pcs', 'Josie.Bailey@gmail.com', 'Justine', 'reviewed', 'Est sunt rem cupiditate reprehenderit placeat dolorem et eius. Alias laborum aut consectetur et soluta ab.', 5);
INSERT INTO bid (ct_email, ct_price, start_date, end_date, is_cash, transport_method, pet_owner, pet_name, bid_status, feedback, rating) VALUES ('Lyric.Feest25@yahoo.com', 14, '2020-11-03T21:45:10.362Z', '2020-11-04T19:37:28.109Z', true, 'pcs', 'Domenica_Ondricka1@gmail.com', 'Lilliana', 'reviewed', 'Soluta eveniet magni atque nobis consequuntur. Ullam dignissimos nostrum.', 4);
INSERT INTO bid (ct_email, ct_price, start_date, end_date, is_cash, transport_method, pet_owner, pet_name, bid_status, feedback, rating) VALUES ('Cary79@hotmail.com', 19, '2020-11-03T21:45:10.362Z', '2020-11-04T19:37:28.109Z', true, 'pickup', 'Arno.Ferry74@yahoo.com', 'Michael', 'confirmed', NULL, NULL);
INSERT INTO bid (ct_email, ct_price, start_date, end_date, is_cash, transport_method, pet_owner, pet_name, bid_status, feedback, rating) VALUES ('Stanton_Rath8@yahoo.com', 2, '2020-11-03T21:45:10.362Z', '2020-11-04T19:37:28.109Z', true, 'pickup', 'Devon_Carter@hotmail.com', 'Oceane', 'reviewed', 'Est cupiditate velit architecto corrupti. Veritatis nihil distinctio nam reprehenderit voluptatibus ea.', 5);
INSERT INTO bid (ct_email, ct_price, start_date, end_date, is_cash, transport_method, pet_owner, pet_name, bid_status, feedback, rating) VALUES ('Breanna_Swaniawski58@gmail.com', 20, '2020-11-03T21:45:10.362Z', '2020-11-04T19:37:28.109Z', true, 'pickup', 'Joe27@gmail.com', 'Layla', 'reviewed', 'Iusto fugit quia ipsam recusandae eaque voluptas ut quae. Nobis et enim sapiente ullam et saepe.', 3);
INSERT INTO bid (ct_email, ct_price, start_date, end_date, is_cash, transport_method, pet_owner, pet_name, bid_status, feedback, rating) VALUES ('Olga.Crist40@gmail.com', 17, '2020-11-03T21:45:10.362Z', '2020-11-04T19:37:28.109Z', true, 'pcs', 'Antonia.Gleason20@yahoo.com', 'Paolo', 'confirmed', NULL, NULL);
INSERT INTO bid (ct_email, ct_price, start_date, end_date, is_cash, transport_method, pet_owner, pet_name, bid_status, feedback, rating) VALUES ('Tobin67@gmail.com', 4, '2020-11-03T21:45:10.362Z', '2020-11-04T19:37:28.109Z', true, 'pickup', 'Stefanie_Roob17@gmail.com', 'Everette', 'reviewed', 'Ratione doloribus nam deleniti. Optio omnis reiciendis cum.', 5);
INSERT INTO bid (ct_email, ct_price, start_date, end_date, is_cash, transport_method, pet_owner, pet_name, bid_status, feedback, rating) VALUES ('Antoinette44@hotmail.com', 11, '2020-11-03T21:45:10.362Z', '2020-11-04T19:37:28.109Z', true, 'delivery', 'Juliana87@hotmail.com', 'London', 'confirmed', NULL, NULL);
INSERT INTO bid (ct_email, ct_price, start_date, end_date, is_cash, transport_method, pet_owner, pet_name, bid_status, feedback, rating) VALUES ('Keith.Wisoky74@gmail.com', 9, '2020-11-03T21:45:10.362Z', '2020-11-04T19:37:28.109Z', true, 'delivery', 'Sandy.Tremblay63@yahoo.com', 'Forrest', 'confirmed', NULL, NULL);
INSERT INTO bid (ct_email, ct_price, start_date, end_date, is_cash, transport_method, pet_owner, pet_name, bid_status, feedback, rating) VALUES ('Marianne.Predovic99@gmail.com', 3, '2020-11-03T21:45:10.362Z', '2020-11-04T19:37:28.109Z', true, 'delivery', 'Amalia_Miller@yahoo.com', 'Kallie', 'confirmed', NULL, NULL);
INSERT INTO bid (ct_email, ct_price, start_date, end_date, is_cash, transport_method, pet_owner, pet_name, bid_status, feedback, rating) VALUES ('Turner.Shields76@yahoo.com', 13, '2020-11-03T21:45:10.362Z', '2020-11-04T19:37:28.109Z', true, 'pickup', 'Pamela_Haag36@hotmail.com', 'Dusty', 'confirmed', NULL, NULL);
INSERT INTO bid (ct_email, ct_price, start_date, end_date, is_cash, transport_method, pet_owner, pet_name, bid_status, feedback, rating) VALUES ('Kellie69@gmail.com', 13, '2020-11-03T21:45:10.362Z', '2020-11-04T19:37:28.109Z', true, 'delivery', 'Nat62@hotmail.com', 'Arely', 'confirmed', NULL, NULL);
INSERT INTO bid (ct_email, ct_price, start_date, end_date, is_cash, transport_method, pet_owner, pet_name, bid_status, feedback, rating) VALUES ('Milford_Rath@yahoo.com', 8, '2020-11-03T21:45:10.362Z', '2020-11-04T19:37:28.109Z', true, 'pcs', 'Kaela_Towne@hotmail.com', 'Albin', 'confirmed', NULL, NULL);
INSERT INTO bid (ct_email, ct_price, start_date, end_date, is_cash, transport_method, pet_owner, pet_name, bid_status, feedback, rating) VALUES ('Rosalia.Crona@hotmail.com', 11, '2020-11-03T21:45:10.362Z', '2020-11-04T19:37:28.109Z', true, 'pickup', 'Ona.Schroeder@gmail.com', 'Louvenia', 'reviewed', 'Iusto fuga harum dolorum quod vel quibusdam omnis. Consequuntur molestiae aut harum sequi quos a vitae dolores.', 3);
INSERT INTO bid (ct_email, ct_price, start_date, end_date, is_cash, transport_method, pet_owner, pet_name, bid_status, feedback, rating) VALUES ('German_Frami83@gmail.com', 17, '2020-11-03T21:45:10.362Z', '2020-11-04T19:37:28.109Z', true, 'pickup', 'Bradford_Ondricka33@yahoo.com', 'Kaela', 'confirmed', NULL, NULL);
INSERT INTO bid (ct_email, ct_price, start_date, end_date, is_cash, transport_method, pet_owner, pet_name, bid_status, feedback, rating) VALUES ('Darryl_Ward@hotmail.com', 20, '2020-11-03T21:45:10.362Z', '2020-11-04T19:37:28.109Z', true, 'pcs', 'Westley_Hyatt@yahoo.com', 'Matilda', 'confirmed', NULL, NULL);
INSERT INTO bid (ct_email, ct_price, start_date, end_date, is_cash, transport_method, pet_owner, pet_name, bid_status, feedback, rating) VALUES ('Leola.Kutch@hotmail.com', 11, '2020-11-03T21:45:10.362Z', '2020-11-04T19:37:28.109Z', true, 'delivery', 'German_Frami83@gmail.com', 'Seamus', 'confirmed', NULL, NULL);
INSERT INTO bid (ct_email, ct_price, start_date, end_date, is_cash, transport_method, pet_owner, pet_name, bid_status, feedback, rating) VALUES ('Bennett6@gmail.com', 4, '2020-11-03T21:45:10.362Z', '2020-11-04T19:37:28.109Z', true, 'pcs', 'Tyrese49@hotmail.com', 'Clemens', 'reviewed', 'Eos sed provident. Soluta quas quod.', 5);
INSERT INTO bid (ct_email, ct_price, start_date, end_date, is_cash, transport_method, pet_owner, pet_name, bid_status, feedback, rating) VALUES ('Erwin_Heller@hotmail.com', 2, '2020-11-03T21:45:10.362Z', '2020-11-04T19:37:28.109Z', true, 'delivery', 'Ada18@gmail.com', 'Dakota', 'reviewed', 'Voluptas rerum in placeat fugit laborum. Distinctio veniam repellendus et rerum iusto saepe.', 5);
INSERT INTO bid (ct_email, ct_price, start_date, end_date, is_cash, transport_method, pet_owner, pet_name, bid_status, feedback, rating) VALUES ('Janet.Rosenbaum81@gmail.com', 20, '2020-11-03T21:45:10.362Z', '2020-11-04T19:37:28.109Z', true, 'pcs', 'Dalton38@gmail.com', 'Axel', 'confirmed', NULL, NULL);
INSERT INTO bid (ct_email, ct_price, start_date, end_date, is_cash, transport_method, pet_owner, pet_name, bid_status, feedback, rating) VALUES ('Tatyana_Kozey32@gmail.com', 4, '2020-11-03T21:45:10.362Z', '2020-11-04T19:37:28.109Z', true, 'pcs', 'Fernando.Altenwerth18@yahoo.com', 'Saul', 'confirmed', NULL, NULL);
INSERT INTO bid (ct_email, ct_price, start_date, end_date, is_cash, transport_method, pet_owner, pet_name, bid_status, feedback, rating) VALUES ('Terrence_Will@gmail.com', 9, '2020-11-03T21:45:10.362Z', '2020-11-04T19:37:28.109Z', true, 'delivery', 'Alyson.Hamill80@gmail.com', 'Rahsaan', 'reviewed', 'Necessitatibus possimus rerum voluptates numquam possimus. Voluptatibus dolorem temporibus quo eum corporis.', 3);
INSERT INTO bid (ct_email, ct_price, start_date, end_date, is_cash, transport_method, pet_owner, pet_name, bid_status, feedback, rating) VALUES ('Katrina43@hotmail.com', 15, '2020-11-03T21:45:10.362Z', '2020-11-04T19:37:28.109Z', true, 'pickup', 'Tomasa75@hotmail.com', 'Delilah', 'confirmed', NULL, NULL);
INSERT INTO bid (ct_email, ct_price, start_date, end_date, is_cash, transport_method, pet_owner, pet_name, bid_status, feedback, rating) VALUES ('Amalia_Miller@yahoo.com', 3, '2020-11-03T21:45:10.362Z', '2020-11-04T19:37:28.109Z', true, 'pickup', 'Jesus.Haag@hotmail.com', 'Marielle', 'reviewed', 'Vel perspiciatis sit optio ut sint voluptatibus. Odit eaque ut.', 4);
INSERT INTO bid (ct_email, ct_price, start_date, end_date, is_cash, transport_method, pet_owner, pet_name, bid_status, feedback, rating) VALUES ('Jovany.Will@gmail.com', 7, '2020-11-03T21:45:10.362Z', '2020-11-04T19:37:28.109Z', true, 'pcs', 'Tracey4@hotmail.com', 'Dianna', 'confirmed', NULL, NULL);
INSERT INTO bid (ct_email, ct_price, start_date, end_date, is_cash, transport_method, pet_owner, pet_name, bid_status, feedback, rating) VALUES ('Liliana77@gmail.com', 4, '2020-11-03T21:45:10.362Z', '2020-11-04T19:37:28.109Z', true, 'delivery', 'Gracie_Moore13@gmail.com', 'Mariah', 'reviewed', 'Voluptates incidunt ab perferendis eos eius necessitatibus non eos. Impedit repudiandae in fugit deserunt dolor voluptatem debitis quas ipsa.', 4);
INSERT INTO bid (ct_email, ct_price, start_date, end_date, is_cash, transport_method, pet_owner, pet_name, bid_status, feedback, rating) VALUES ('William_McLaughlin@gmail.com', 5, '2020-11-03T21:45:10.362Z', '2020-11-04T19:37:28.109Z', true, 'pickup', 'Bartholome.Schowalter@yahoo.com', 'Tatum', 'reviewed', 'Facere nihil consectetur nam provident incidunt doloremque magnam temporibus. Voluptas officia recusandae iure saepe eligendi aut quo.', 4);
INSERT INTO bid (ct_email, ct_price, start_date, end_date, is_cash, transport_method, pet_owner, pet_name, bid_status, feedback, rating) VALUES ('Chadd87@yahoo.com', 5, '2020-11-03T21:45:10.362Z', '2020-11-04T19:37:28.109Z', true, 'pcs', 'Creola_Powlowski43@gmail.com', 'Allene', 'confirmed', NULL, NULL);
INSERT INTO bid (ct_email, ct_price, start_date, end_date, is_cash, transport_method, pet_owner, pet_name, bid_status, feedback, rating) VALUES ('Reggie.Cormier0@yahoo.com', 8, '2020-11-03T21:45:10.362Z', '2020-11-04T19:37:28.109Z', true, 'pcs', 'Ramon.Heidenreich96@hotmail.com', 'Ayden', 'reviewed', 'Fugit eveniet ut quia. Libero nihil ut.', 5);
INSERT INTO bid (ct_email, ct_price, start_date, end_date, is_cash, transport_method, pet_owner, pet_name, bid_status, feedback, rating) VALUES ('Audrey_Davis21@yahoo.com', 5, '2020-11-03T21:45:10.362Z', '2020-11-04T19:37:28.109Z', true, 'pcs', 'Lexie_MacGyver65@hotmail.com', 'Jalyn', 'reviewed', 'Consequatur sapiente esse aut aut nobis dolores. Modi nulla voluptatem minus voluptatem officia repellat perferendis odit voluptas.', 4);
INSERT INTO bid (ct_email, ct_price, start_date, end_date, is_cash, transport_method, pet_owner, pet_name, bid_status, feedback, rating) VALUES ('Fanny_Weimann@yahoo.com', 13, '2020-11-03T21:45:10.362Z', '2020-11-04T19:37:28.109Z', true, 'delivery', 'Reynold30@gmail.com', 'Stephon', 'confirmed', NULL, NULL);
INSERT INTO bid (ct_email, ct_price, start_date, end_date, is_cash, transport_method, pet_owner, pet_name, bid_status, feedback, rating) VALUES ('Halie49@hotmail.com', 14, '2020-11-03T21:45:10.362Z', '2020-11-04T19:37:28.109Z', true, 'delivery', 'Violette.Mraz29@gmail.com', 'Verdie', 'confirmed', NULL, NULL);
INSERT INTO bid (ct_email, ct_price, start_date, end_date, is_cash, transport_method, pet_owner, pet_name, bid_status, feedback, rating) VALUES ('Alison_Jaskolski@hotmail.com', 17, '2020-11-03T21:45:10.362Z', '2020-11-04T19:37:28.109Z', true, 'pcs', 'Waino51@hotmail.com', 'Izaiah', 'reviewed', 'Ducimus et quam. Quia quae asperiores delectus aut ab.', 5);
INSERT INTO bid (ct_email, ct_price, start_date, end_date, is_cash, transport_method, pet_owner, pet_name, bid_status, feedback, rating) VALUES ('Bradford31@hotmail.com', 5, '2020-11-03T21:45:10.362Z', '2020-11-04T19:37:28.109Z', true, 'pcs', 'Vernice.Gaylord@gmail.com', 'Eden', 'reviewed', 'Sed voluptas ipsum voluptatibus ullam cum illo. Ipsa iure id suscipit expedita praesentium est deleniti enim quis.', 5);
INSERT INTO bid (ct_email, ct_price, start_date, end_date, is_cash, transport_method, pet_owner, pet_name, bid_status, feedback, rating) VALUES ('Adriana28@gmail.com', 5, '2020-11-03T21:45:10.362Z', '2020-11-04T19:37:28.109Z', true, 'pickup', 'Sammy.Veum@hotmail.com', 'Chasity', 'reviewed', 'Impedit animi et laudantium dolorem qui et libero est ut. Nesciunt incidunt maxime harum labore aut corporis.', 3);
INSERT INTO bid (ct_email, ct_price, start_date, end_date, is_cash, transport_method, pet_owner, pet_name, bid_status, feedback, rating) VALUES ('Edgar.Armstrong@yahoo.com', 17, '2020-11-03T21:45:10.362Z', '2020-11-04T19:37:28.109Z', true, 'pickup', 'Ashton32@gmail.com', 'Claudia', 'confirmed', NULL, NULL);
INSERT INTO bid (ct_email, ct_price, start_date, end_date, is_cash, transport_method, pet_owner, pet_name, bid_status, feedback, rating) VALUES ('Dario_Bartell97@hotmail.com', 20, '2020-11-03T21:45:10.362Z', '2020-11-04T19:37:28.109Z', true, 'pickup', 'Melvin.Stoltenberg@yahoo.com', 'Jesus', 'reviewed', 'Aut dignissimos molestiae. Dignissimos id molestias quia odit libero sit.', 4);
INSERT INTO bid (ct_email, ct_price, start_date, end_date, is_cash, transport_method, pet_owner, pet_name, bid_status, feedback, rating) VALUES ('Thea.Hahn@yahoo.com', 12, '2020-11-03T21:45:10.362Z', '2020-11-04T19:37:28.109Z', true, 'delivery', 'Ford52@gmail.com', 'Rachel', 'reviewed', 'Nemo dolore occaecati ea maxime. Corporis vero ratione ipsum commodi.', 4);
INSERT INTO bid (ct_email, ct_price, start_date, end_date, is_cash, transport_method, pet_owner, pet_name, bid_status, feedback, rating) VALUES ('Zackary38@gmail.com', 4, '2020-11-03T21:45:10.362Z', '2020-11-04T19:37:28.109Z', true, 'pickup', 'Hobart.Windler@hotmail.com', 'Emil', 'confirmed', NULL, NULL);
INSERT INTO bid (ct_email, ct_price, start_date, end_date, is_cash, transport_method, pet_owner, pet_name, bid_status, feedback, rating) VALUES ('Kasey32@gmail.com', 1, '2020-11-03T21:45:10.362Z', '2020-11-04T19:37:28.109Z', true, 'pcs', 'Alex_Runolfsson@gmail.com', 'Frederik', 'confirmed', NULL, NULL);
INSERT INTO bid (ct_email, ct_price, start_date, end_date, is_cash, transport_method, pet_owner, pet_name, bid_status, feedback, rating) VALUES ('Selina_Labadie82@gmail.com', 9, '2020-11-03T21:45:10.362Z', '2020-11-04T19:37:28.109Z', true, 'pcs', 'Jasen56@hotmail.com', 'Tomas', 'confirmed', NULL, NULL);
INSERT INTO bid (ct_email, ct_price, start_date, end_date, is_cash, transport_method, pet_owner, pet_name, bid_status, feedback, rating) VALUES ('Jena.Heathcote@yahoo.com', 6, '2020-11-03T21:45:10.362Z', '2020-11-04T19:37:28.109Z', true, 'pcs', 'Newton_Monahan@gmail.com', 'Alden', 'reviewed', 'Excepturi aut illo rerum possimus laboriosam soluta magni molestiae. Repudiandae blanditiis minus.', 4);
INSERT INTO bid (ct_email, ct_price, start_date, end_date, is_cash, transport_method, pet_owner, pet_name, bid_status, feedback, rating) VALUES ('Pearlie_Koch1@yahoo.com', 5, '2020-11-03T21:45:10.362Z', '2020-11-04T19:37:28.109Z', true, 'pcs', 'Noah.Marvin35@yahoo.com', 'Tabitha', 'reviewed', 'Inventore qui aut aliquid ea. Vero autem illum minus blanditiis non blanditiis accusamus omnis vel.', 4);
INSERT INTO bid (ct_email, ct_price, start_date, end_date, is_cash, transport_method, pet_owner, pet_name, bid_status, feedback, rating) VALUES ('Emmanuelle_Christiansen20@yahoo.com', 15, '2020-11-03T21:45:10.362Z', '2020-11-04T19:37:28.109Z', true, 'pickup', 'Joana_Bednar@gmail.com', 'Heaven', 'confirmed', NULL, NULL);
INSERT INTO bid (ct_email, ct_price, start_date, end_date, is_cash, transport_method, pet_owner, pet_name, bid_status, feedback, rating) VALUES ('Shakira.Gusikowski@gmail.com', 11, '2020-11-03T21:45:10.362Z', '2020-11-04T19:37:28.109Z', true, 'pcs', 'Domenick22@gmail.com', 'Dorcas', 'confirmed', NULL, NULL);
INSERT INTO bid (ct_email, ct_price, start_date, end_date, is_cash, transport_method, pet_owner, pet_name, bid_status, feedback, rating) VALUES ('Trever60@hotmail.com', 13, '2020-11-03T21:45:10.362Z', '2020-11-04T19:37:28.109Z', true, 'pickup', 'Charles.Mueller@gmail.com', 'Flavio', 'confirmed', NULL, NULL);
INSERT INTO bid (ct_email, ct_price, start_date, end_date, is_cash, transport_method, pet_owner, pet_name, bid_status, feedback, rating) VALUES ('Meta_Thompson@hotmail.com', 8, '2020-11-03T21:45:10.362Z', '2020-11-04T19:37:28.109Z', true, 'pickup', 'Werner_Ward@yahoo.com', 'Jonathon', 'reviewed', 'Neque distinctio iure provident aut saepe consequatur. Enim recusandae facere labore fuga.', 5);
INSERT INTO bid (ct_email, ct_price, start_date, end_date, is_cash, transport_method, pet_owner, pet_name, bid_status, feedback, rating) VALUES ('Royce84@gmail.com', 13, '2020-11-03T21:45:10.362Z', '2020-11-04T19:37:28.109Z', true, 'pcs', 'Alessia88@hotmail.com', 'Myron', 'reviewed', 'Voluptatem aspernatur corrupti esse aliquid. Corrupti sit nobis neque illo dolorem corrupti eos tempora.', 3);
INSERT INTO bid (ct_email, ct_price, start_date, end_date, is_cash, transport_method, pet_owner, pet_name, bid_status, feedback, rating) VALUES ('Lee89@hotmail.com', 11, '2020-11-03T21:45:10.362Z', '2020-11-04T19:37:28.109Z', true, 'pcs', 'Lizeth18@hotmail.com', 'Parker', 'reviewed', 'Exercitationem quod aperiam rerum. Quis et ex aut ad adipisci illum repellat.', 3);
INSERT INTO bid (ct_email, ct_price, start_date, end_date, is_cash, transport_method, pet_owner, pet_name, bid_status, feedback, rating) VALUES ('Gregory38@gmail.com', 19, '2020-11-03T21:45:10.362Z', '2020-11-04T19:37:28.109Z', true, 'delivery', 'Miguel35@hotmail.com', 'Ara', 'reviewed', 'Quasi quos sunt et illum non consequatur aut quia soluta. Sint qui non ut quo.', 3);
INSERT INTO bid (ct_email, ct_price, start_date, end_date, is_cash, transport_method, pet_owner, pet_name, bid_status, feedback, rating) VALUES ('Nakia_Schamberger38@gmail.com', 0, '2020-11-03T21:45:10.362Z', '2020-11-04T19:37:28.109Z', true, 'pcs', 'Baron52@yahoo.com', 'Guiseppe', 'reviewed', 'Omnis non non dicta eum aut eum. Voluptas et illum repellendus sed atque.', 5);
INSERT INTO bid (ct_email, ct_price, start_date, end_date, is_cash, transport_method, pet_owner, pet_name, bid_status, feedback, rating) VALUES ('Mariela.Huels59@hotmail.com', 11, '2020-11-03T21:45:10.362Z', '2020-11-04T19:37:28.109Z', true, 'pcs', 'Stella_Wyman55@yahoo.com', 'Hildegard', 'confirmed', NULL, NULL);
INSERT INTO bid (ct_email, ct_price, start_date, end_date, is_cash, transport_method, pet_owner, pet_name, bid_status, feedback, rating) VALUES ('Tristian_Heller31@yahoo.com', 8, '2020-11-03T21:45:10.362Z', '2020-11-04T19:37:28.109Z', true, 'pickup', 'Alia37@hotmail.com', 'Bryana', 'confirmed', NULL, NULL);
INSERT INTO bid (ct_email, ct_price, start_date, end_date, is_cash, transport_method, pet_owner, pet_name, bid_status, feedback, rating) VALUES ('Helene.Abshire36@hotmail.com', 4, '2020-11-03T21:45:10.362Z', '2020-11-04T19:37:28.109Z', true, 'pickup', 'Marianne.Predovic99@gmail.com', 'Kathleen', 'confirmed', NULL, NULL);
INSERT INTO bid (ct_email, ct_price, start_date, end_date, is_cash, transport_method, pet_owner, pet_name, bid_status, feedback, rating) VALUES ('Lincoln_Murphy66@gmail.com', 1, '2020-11-03T21:45:10.362Z', '2020-11-04T19:37:28.109Z', true, 'pcs', 'Dayna34@hotmail.com', 'Vince', 'confirmed', NULL, NULL);
INSERT INTO bid (ct_email, ct_price, start_date, end_date, is_cash, transport_method, pet_owner, pet_name, bid_status, feedback, rating) VALUES ('Lula34@yahoo.com', 5, '2020-11-03T21:45:10.362Z', '2020-11-04T19:37:28.109Z', true, 'pcs', 'Mervin_Mertz@gmail.com', 'Jalyn', 'reviewed', 'Excepturi saepe nihil autem molestiae ipsam ipsum. Consequatur quidem aliquam quia.', 3);
INSERT INTO bid (ct_email, ct_price, start_date, end_date, is_cash, transport_method, pet_owner, pet_name, bid_status, feedback, rating) VALUES ('Hilbert_Casper80@yahoo.com', 15, '2020-11-03T21:45:10.362Z', '2020-11-04T19:37:28.109Z', true, 'pickup', 'Jovanny43@yahoo.com', 'Archibald', 'reviewed', 'Consequatur ut ut ut illum commodi. Sint saepe dolores.', 4);
INSERT INTO bid (ct_email, ct_price, start_date, end_date, is_cash, transport_method, pet_owner, pet_name, bid_status, feedback, rating) VALUES ('Angeline.Wiza46@hotmail.com', 0, '2020-11-03T21:45:10.362Z', '2020-11-04T19:37:28.109Z', true, 'pickup', 'Felix46@yahoo.com', 'Napoleon', 'confirmed', NULL, NULL);
INSERT INTO bid (ct_email, ct_price, start_date, end_date, is_cash, transport_method, pet_owner, pet_name, bid_status, feedback, rating) VALUES ('Kayleigh.Hane88@yahoo.com', 3, '2020-11-03T21:45:10.362Z', '2020-11-04T19:37:28.109Z', true, 'delivery', 'Regan_Kuhic@yahoo.com', 'Schuyler', 'confirmed', NULL, NULL);
INSERT INTO bid (ct_email, ct_price, start_date, end_date, is_cash, transport_method, pet_owner, pet_name, bid_status, feedback, rating) VALUES ('Toby.Rowe@yahoo.com', 17, '2020-11-03T21:45:10.362Z', '2020-11-04T19:37:28.109Z', true, 'delivery', 'Lucio76@gmail.com', 'Gay', 'reviewed', 'Sed magnam dolore sit inventore molestiae repellendus. Cupiditate rem alias eius dolor eligendi consequatur modi temporibus.', 3);
INSERT INTO bid (ct_email, ct_price, start_date, end_date, is_cash, transport_method, pet_owner, pet_name, bid_status, feedback, rating) VALUES ('Miller_Keebler@yahoo.com', 8, '2020-11-03T21:45:10.362Z', '2020-11-04T19:37:28.109Z', true, 'pcs', 'Hanna_McClure@gmail.com', 'Kirstin', 'reviewed', 'Molestiae earum possimus nihil deserunt tenetur voluptate modi et. Aut quam quia beatae nulla provident.', 3);
INSERT INTO bid (ct_email, ct_price, start_date, end_date, is_cash, transport_method, pet_owner, pet_name, bid_status, feedback, rating) VALUES ('Dangelo_Dietrich3@hotmail.com', 14, '2020-11-03T21:45:10.362Z', '2020-11-04T19:37:28.109Z', true, 'delivery', 'Adelle.Labadie@hotmail.com', 'Shaina', 'confirmed', NULL, NULL);
INSERT INTO bid (ct_email, ct_price, start_date, end_date, is_cash, transport_method, pet_owner, pet_name, bid_status, feedback, rating) VALUES ('Wilfredo_White42@hotmail.com', 17, '2020-11-03T21:45:10.362Z', '2020-11-04T19:37:28.109Z', true, 'pickup', 'Angelica.Schinner@hotmail.com', 'Hollis', 'confirmed', NULL, NULL);
INSERT INTO bid (ct_email, ct_price, start_date, end_date, is_cash, transport_method, pet_owner, pet_name, bid_status, feedback, rating) VALUES ('Joannie_Schamberger@yahoo.com', 5, '2020-11-03T21:45:10.362Z', '2020-11-04T19:37:28.109Z', true, 'pickup', 'Mable_Daugherty99@hotmail.com', 'Deshawn', 'reviewed', 'Voluptatem repellendus sit voluptas nobis repellat dolores. Aperiam minima ut impedit placeat.', 3);
INSERT INTO bid (ct_email, ct_price, start_date, end_date, is_cash, transport_method, pet_owner, pet_name, bid_status, feedback, rating) VALUES ('Sheridan81@yahoo.com', 3, '2020-11-03T21:45:10.362Z', '2020-11-04T19:37:28.109Z', true, 'delivery', 'Margarette_Graham@gmail.com', 'Jacey', 'reviewed', 'Nostrum officia cumque pariatur ab dolores pariatur. Amet sint corporis sequi eum doloribus eos fugit eos recusandae.', 5);
INSERT INTO bid (ct_email, ct_price, start_date, end_date, is_cash, transport_method, pet_owner, pet_name, bid_status, feedback, rating) VALUES ('Domenick.Lesch54@yahoo.com', 6, '2020-11-03T21:45:10.362Z', '2020-11-04T19:37:28.109Z', true, 'pcs', 'Carter.Torphy@hotmail.com', 'Daryl', 'reviewed', 'Deserunt eos labore magnam amet sapiente ut. Nostrum blanditiis aperiam.', 3);
INSERT INTO bid (ct_email, ct_price, start_date, end_date, is_cash, transport_method, pet_owner, pet_name, bid_status, feedback, rating) VALUES ('Merritt.Bradtke@gmail.com', 1, '2020-11-03T21:45:10.362Z', '2020-11-04T19:37:28.109Z', true, 'pcs', 'Barbara.Mitchell36@gmail.com', 'Zachariah', 'confirmed', NULL, NULL);
INSERT INTO bid (ct_email, ct_price, start_date, end_date, is_cash, transport_method, pet_owner, pet_name, bid_status, feedback, rating) VALUES ('Chaim.Dach78@gmail.com', 3, '2020-11-03T21:45:10.362Z', '2020-11-04T19:37:28.109Z', true, 'pickup', 'Grant_Kerluke64@yahoo.com', 'Jena', 'reviewed', 'Optio veritatis occaecati quam est ducimus enim excepturi. Omnis rerum non in unde et reiciendis accusamus nihil quia.', 3);
INSERT INTO bid (ct_email, ct_price, start_date, end_date, is_cash, transport_method, pet_owner, pet_name, bid_status, feedback, rating) VALUES ('Cameron.Nader@hotmail.com', 12, '2020-11-03T21:45:10.362Z', '2020-11-04T19:37:28.109Z', true, 'delivery', 'Dakota.Kuvalis@hotmail.com', 'Fern', 'confirmed', NULL, NULL);
INSERT INTO bid (ct_email, ct_price, start_date, end_date, is_cash, transport_method, pet_owner, pet_name, bid_status, feedback, rating) VALUES ('Stephany.Luettgen73@gmail.com', 6, '2020-11-03T21:45:10.362Z', '2020-11-04T19:37:28.109Z', true, 'delivery', 'Yvonne5@hotmail.com', 'Elna', 'confirmed', NULL, NULL);
INSERT INTO bid (ct_email, ct_price, start_date, end_date, is_cash, transport_method, pet_owner, pet_name, bid_status, feedback, rating) VALUES ('Alaina.Glover84@gmail.com', 7, '2020-11-03T21:45:10.362Z', '2020-11-04T19:37:28.109Z', true, 'pcs', 'Grayson.Huels@yahoo.com', 'Esther', 'reviewed', 'Assumenda possimus voluptatem iure error voluptatem tempore explicabo culpa aut. Fuga accusamus sint quaerat accusamus.', 4);
INSERT INTO bid (ct_email, ct_price, start_date, end_date, is_cash, transport_method, pet_owner, pet_name, bid_status, feedback, rating) VALUES ('Noah.Marvin35@yahoo.com', 17, '2020-11-03T21:45:10.362Z', '2020-11-04T19:37:28.109Z', true, 'delivery', 'Ben_Johns@yahoo.com', 'Brian', 'confirmed', NULL, NULL);
INSERT INTO bid (ct_email, ct_price, start_date, end_date, is_cash, transport_method, pet_owner, pet_name, bid_status, feedback, rating) VALUES ('Natalia_Stoltenberg3@hotmail.com', 5, '2020-11-03T21:45:10.362Z', '2020-11-04T19:37:28.109Z', true, 'pickup', 'Maia.Labadie7@hotmail.com', 'Chet', 'reviewed', 'Veritatis voluptatem saepe eveniet incidunt. Repudiandae omnis dolor est aliquid.', 3);
INSERT INTO bid (ct_email, ct_price, start_date, end_date, is_cash, transport_method, pet_owner, pet_name, bid_status, feedback, rating) VALUES ('Ona.Schroeder@gmail.com', 10, '2020-11-03T21:45:10.362Z', '2020-11-04T19:37:28.109Z', true, 'pcs', 'Bailey.Gaylord61@yahoo.com', 'Jordan', 'confirmed', NULL, NULL);
INSERT INTO bid (ct_email, ct_price, start_date, end_date, is_cash, transport_method, pet_owner, pet_name, bid_status, feedback, rating) VALUES ('Josefa.Turcotte34@yahoo.com', 10, '2020-11-03T21:45:10.362Z', '2020-11-04T19:37:28.109Z', true, 'delivery', 'Lukas.Mayer16@gmail.com', 'Alana', 'reviewed', 'Quo provident provident. Molestias enim maxime sed.', 4);
INSERT INTO bid (ct_email, ct_price, start_date, end_date, is_cash, transport_method, pet_owner, pet_name, bid_status, feedback, rating) VALUES ('Randal_Bednar19@yahoo.com', 13, '2020-11-03T21:45:10.362Z', '2020-11-04T19:37:28.109Z', true, 'pcs', 'Natalia_Pfeffer68@hotmail.com', 'Zena', 'confirmed', NULL, NULL);
INSERT INTO bid (ct_email, ct_price, start_date, end_date, is_cash, transport_method, pet_owner, pet_name, bid_status, feedback, rating) VALUES ('Enola.Halvorson@gmail.com', 5, '2020-11-03T21:45:10.362Z', '2020-11-04T19:37:28.109Z', true, 'delivery', 'Rex78@hotmail.com', 'Guadalupe', 'reviewed', 'Facere eveniet ab mollitia et rem quia et optio. Repellendus tempore ratione eaque occaecati laboriosam.', 4);
INSERT INTO bid (ct_email, ct_price, start_date, end_date, is_cash, transport_method, pet_owner, pet_name, bid_status, feedback, rating) VALUES ('Christine.Schumm@hotmail.com', 3, '2020-11-03T21:45:10.362Z', '2020-11-04T19:37:28.109Z', true, 'pickup', 'Joana4@hotmail.com', 'Alysa', 'confirmed', NULL, NULL);
INSERT INTO bid (ct_email, ct_price, start_date, end_date, is_cash, transport_method, pet_owner, pet_name, bid_status, feedback, rating) VALUES ('Easter.Blanda@yahoo.com', 12, '2020-11-03T21:45:10.362Z', '2020-11-04T19:37:28.109Z', true, 'pickup', 'Ellen82@gmail.com', 'Armand', 'confirmed', NULL, NULL);
INSERT INTO bid (ct_email, ct_price, start_date, end_date, is_cash, transport_method, pet_owner, pet_name, bid_status, feedback, rating) VALUES ('Earline38@yahoo.com', 0, '2020-11-03T21:45:10.362Z', '2020-11-04T19:37:28.109Z', true, 'delivery', 'Sigurd.Walter@gmail.com', 'Trisha', 'reviewed', 'Nisi dolorum doloribus veniam. Omnis sed nesciunt amet fuga a accusantium.', 4);
INSERT INTO bid (ct_email, ct_price, start_date, end_date, is_cash, transport_method, pet_owner, pet_name, bid_status, feedback, rating) VALUES ('Vicente63@gmail.com', 14, '2020-11-03T21:45:10.362Z', '2020-11-04T19:37:28.109Z', true, 'pickup', 'Trever60@hotmail.com', 'Chase', 'confirmed', NULL, NULL);
INSERT INTO bid (ct_email, ct_price, start_date, end_date, is_cash, transport_method, pet_owner, pet_name, bid_status, feedback, rating) VALUES ('Jany84@yahoo.com', 9, '2020-11-03T21:45:10.362Z', '2020-11-04T19:37:28.109Z', true, 'pickup', 'Lon.Hamill28@hotmail.com', 'Arthur', 'reviewed', 'Dolorem in excepturi et sed fugiat voluptatem soluta. Culpa culpa sed sed facere harum consequatur fuga.', 3);
INSERT INTO bid (ct_email, ct_price, start_date, end_date, is_cash, transport_method, pet_owner, pet_name, bid_status, feedback, rating) VALUES ('Willie_Kassulke@gmail.com', 17, '2020-11-03T21:45:10.362Z', '2020-11-04T19:37:28.109Z', true, 'pickup', 'Jany95@gmail.com', 'Johanna', 'confirmed', NULL, NULL);
INSERT INTO bid (ct_email, ct_price, start_date, end_date, is_cash, transport_method, pet_owner, pet_name, bid_status, feedback, rating) VALUES ('Gracie_Moore13@gmail.com', 3, '2020-11-03T21:45:10.362Z', '2020-11-04T19:37:28.109Z', true, 'delivery', 'Alene.OConner24@hotmail.com', 'Malika', 'confirmed', NULL, NULL);
INSERT INTO bid (ct_email, ct_price, start_date, end_date, is_cash, transport_method, pet_owner, pet_name, bid_status, feedback, rating) VALUES ('Ezekiel64@hotmail.com', 16, '2020-11-03T21:45:10.362Z', '2020-11-04T19:37:28.109Z', true, 'delivery', 'Rickey34@yahoo.com', 'Cristian', 'reviewed', 'Aut aperiam nisi quis quam aut sed. Quis vero ex alias cumque odio ratione quasi sed saepe.', 5);
INSERT INTO bid (ct_email, ct_price, start_date, end_date, is_cash, transport_method, pet_owner, pet_name, bid_status, feedback, rating) VALUES ('Paula.Price@yahoo.com', 11, '2020-11-03T21:45:10.362Z', '2020-11-04T19:37:28.109Z', true, 'pickup', 'Corbin_Predovic1@yahoo.com', 'Kyle', 'reviewed', 'Consequatur unde officia dicta nulla iusto vel. Ut eligendi dolor reiciendis velit aliquam dolorem.', 4);
INSERT INTO bid (ct_email, ct_price, start_date, end_date, is_cash, transport_method, pet_owner, pet_name, bid_status, feedback, rating) VALUES ('Warren.Anderson77@hotmail.com', 5, '2020-11-03T21:45:10.362Z', '2020-11-04T19:37:28.109Z', true, 'delivery', 'Margarita.Hermiston@yahoo.com', 'Sophie', 'reviewed', 'Numquam quis laborum tempore enim voluptates. Molestiae officia laboriosam qui.', 5);
INSERT INTO bid (ct_email, ct_price, start_date, end_date, is_cash, transport_method, pet_owner, pet_name, bid_status, feedback, rating) VALUES ('Damon.Kulas@yahoo.com', 9, '2020-11-03T21:45:10.362Z', '2020-11-04T19:37:28.109Z', true, 'pickup', 'Alejandra_Medhurst@gmail.com', 'Misty', 'reviewed', 'Sed totam voluptatem ea aut ipsam error aliquam quasi aliquid. Ipsum eius ex consequatur sapiente necessitatibus.', 3);
INSERT INTO bid (ct_email, ct_price, start_date, end_date, is_cash, transport_method, pet_owner, pet_name, bid_status, feedback, rating) VALUES ('Aglae_Windler@gmail.com', 17, '2020-11-03T21:45:10.362Z', '2020-11-04T19:37:28.109Z', true, 'pcs', 'Dylan9@hotmail.com', 'Theron', 'confirmed', NULL, NULL);
INSERT INTO bid (ct_email, ct_price, start_date, end_date, is_cash, transport_method, pet_owner, pet_name, bid_status, feedback, rating) VALUES ('Leif_Gerhold64@yahoo.com', 12, '2020-11-03T21:45:10.362Z', '2020-11-04T19:37:28.109Z', true, 'pcs', 'Garry_McGlynn16@gmail.com', 'Filiberto', 'reviewed', 'Ducimus laboriosam quod possimus similique nam aliquid provident qui. Et molestias sit est dolor eum tempore corporis.', 5);
INSERT INTO bid (ct_email, ct_price, start_date, end_date, is_cash, transport_method, pet_owner, pet_name, bid_status, feedback, rating) VALUES ('Zoey87@yahoo.com', 15, '2020-11-03T21:45:10.362Z', '2020-11-04T19:37:28.109Z', true, 'pickup', 'Adella_Predovic@yahoo.com', 'Marques', 'confirmed', NULL, NULL);
INSERT INTO bid (ct_email, ct_price, start_date, end_date, is_cash, transport_method, pet_owner, pet_name, bid_status, feedback, rating) VALUES ('Kennith_Hane@gmail.com', 5, '2020-11-03T21:45:10.362Z', '2020-11-04T19:37:28.109Z', true, 'pcs', 'Werner7@hotmail.com', 'Jalen', 'confirmed', NULL, NULL);
INSERT INTO bid (ct_email, ct_price, start_date, end_date, is_cash, transport_method, pet_owner, pet_name, bid_status, feedback, rating) VALUES ('Alexandre47@gmail.com', 4, '2020-11-03T21:45:10.362Z', '2020-11-04T19:37:28.109Z', true, 'pcs', 'Max_Witting@yahoo.com', 'Felix', 'confirmed', NULL, NULL);
INSERT INTO bid (ct_email, ct_price, start_date, end_date, is_cash, transport_method, pet_owner, pet_name, bid_status, feedback, rating) VALUES ('Brad.Pollich@yahoo.com', 13, '2020-11-03T21:45:10.362Z', '2020-11-04T19:37:28.109Z', true, 'pickup', 'Alverta40@gmail.com', 'Tina', 'confirmed', NULL, NULL);
INSERT INTO bid (ct_email, ct_price, start_date, end_date, is_cash, transport_method, pet_owner, pet_name, bid_status, feedback, rating) VALUES ('Stanton.Smitham69@yahoo.com', 5, '2020-11-03T21:45:10.362Z', '2020-11-04T19:37:28.109Z', true, 'pcs', 'Clinton_Bins@yahoo.com', 'Murphy', 'reviewed', 'Facere occaecati voluptatum fuga sed perferendis autem architecto. Qui nihil minima saepe et quos vitae et.', 4);
INSERT INTO bid (ct_email, ct_price, start_date, end_date, is_cash, transport_method, pet_owner, pet_name, bid_status, feedback, rating) VALUES ('Markus.Lang@hotmail.com', 9, '2020-11-03T21:45:10.362Z', '2020-11-04T19:37:28.109Z', true, 'pickup', 'Emmanuelle68@gmail.com', 'Gust', 'reviewed', 'Itaque qui occaecati delectus sint velit minus. Soluta eos quidem consequatur expedita consequuntur.', 4);
INSERT INTO bid (ct_email, ct_price, start_date, end_date, is_cash, transport_method, pet_owner, pet_name, bid_status, feedback, rating) VALUES ('Shawn_Lehner@yahoo.com', 4, '2020-11-03T21:45:10.362Z', '2020-11-04T19:37:28.109Z', true, 'pickup', 'Ludwig_Hessel@yahoo.com', 'Cale', 'reviewed', 'Excepturi eum aliquid libero qui iusto rerum. Esse quidem voluptatem aspernatur ducimus.', 4);
INSERT INTO bid (ct_email, ct_price, start_date, end_date, is_cash, transport_method, pet_owner, pet_name, bid_status, feedback, rating) VALUES ('Clark.Terry57@gmail.com', 15, '2020-11-03T21:45:10.362Z', '2020-11-04T19:37:28.109Z', true, 'delivery', 'Heath_Harris@yahoo.com', 'Isaias', 'confirmed', NULL, NULL);
INSERT INTO bid (ct_email, ct_price, start_date, end_date, is_cash, transport_method, pet_owner, pet_name, bid_status, feedback, rating) VALUES ('Marietta_Barton64@hotmail.com', 19, '2020-11-03T21:45:10.362Z', '2020-11-04T19:37:28.109Z', true, 'pickup', 'Cali.Zboncak97@hotmail.com', 'Kay', 'reviewed', 'Ut quia qui voluptas architecto sed illo possimus. A ducimus ipsum ut eos adipisci nostrum perspiciatis tenetur.', 3);
INSERT INTO bid (ct_email, ct_price, start_date, end_date, is_cash, transport_method, pet_owner, pet_name, bid_status, feedback, rating) VALUES ('Jose69@hotmail.com', 17, '2020-11-03T21:45:10.362Z', '2020-11-04T19:37:28.109Z', true, 'delivery', 'Marianne90@yahoo.com', 'Darwin', 'reviewed', 'Autem asperiores hic quaerat corrupti sapiente deleniti dolor excepturi velit. Quis dolorum fugit amet qui culpa vel vero.', 4);
INSERT INTO bid (ct_email, ct_price, start_date, end_date, is_cash, transport_method, pet_owner, pet_name, bid_status, feedback, rating) VALUES ('Corene27@hotmail.com', 4, '2020-11-03T21:45:10.362Z', '2020-11-04T19:37:28.109Z', true, 'delivery', 'Natalia_Stoltenberg3@hotmail.com', 'Luther', 'confirmed', NULL, NULL);
INSERT INTO bid (ct_email, ct_price, start_date, end_date, is_cash, transport_method, pet_owner, pet_name, bid_status, feedback, rating) VALUES ('Mallie45@yahoo.com', 0, '2020-11-03T21:45:10.362Z', '2020-11-04T19:37:28.109Z', true, 'delivery', 'Fanny_Weimann@yahoo.com', 'Jermain', 'confirmed', NULL, NULL);
INSERT INTO bid (ct_email, ct_price, start_date, end_date, is_cash, transport_method, pet_owner, pet_name, bid_status, feedback, rating) VALUES ('Ramiro86@gmail.com', 9, '2020-11-03T21:45:10.362Z', '2020-11-04T19:37:28.109Z', true, 'pickup', 'Bernardo64@gmail.com', 'Shanon', 'confirmed', NULL, NULL);
INSERT INTO bid (ct_email, ct_price, start_date, end_date, is_cash, transport_method, pet_owner, pet_name, bid_status, feedback, rating) VALUES ('Andreanne_Jacobson@hotmail.com', 17, '2020-11-03T21:45:10.362Z', '2020-11-04T19:37:28.109Z', true, 'delivery', 'Rahsaan_Kunde73@hotmail.com', 'Jo', 'reviewed', 'Impedit nihil sint quis sunt quos qui maxime. Qui sit sunt veritatis eum et consequatur tempore.', 3);
INSERT INTO bid (ct_email, ct_price, start_date, end_date, is_cash, transport_method, pet_owner, pet_name, bid_status, feedback, rating) VALUES ('Clare_McLaughlin72@hotmail.com', 19, '2020-11-03T21:45:10.362Z', '2020-11-04T19:37:28.109Z', true, 'delivery', 'Candace_Terry29@hotmail.com', 'Martina', 'confirmed', NULL, NULL);
INSERT INTO bid (ct_email, ct_price, start_date, end_date, is_cash, transport_method, pet_owner, pet_name, bid_status, feedback, rating) VALUES ('Claudie_Hyatt46@gmail.com', 6, '2020-11-03T21:45:10.362Z', '2020-11-04T19:37:28.109Z', true, 'delivery', 'Adolfo59@gmail.com', 'Lyda', 'confirmed', NULL, NULL);
INSERT INTO bid (ct_email, ct_price, start_date, end_date, is_cash, transport_method, pet_owner, pet_name, bid_status, feedback, rating) VALUES ('Suzanne.Blick85@yahoo.com', 14, '2020-11-03T21:45:10.362Z', '2020-11-04T19:37:28.109Z', true, 'delivery', 'Bud_Crooks@yahoo.com', 'Concepcion', 'confirmed', NULL, NULL);
INSERT INTO bid (ct_email, ct_price, start_date, end_date, is_cash, transport_method, pet_owner, pet_name, bid_status, feedback, rating) VALUES ('Guido.DuBuque@yahoo.com', 8, '2020-11-03T21:45:10.362Z', '2020-11-04T19:37:28.109Z', true, 'delivery', 'Sheridan81@yahoo.com', 'Khalid', 'reviewed', 'Facere dolor aut aut. Suscipit qui pariatur non molestiae est aut suscipit.', 3);
INSERT INTO bid (ct_email, ct_price, start_date, end_date, is_cash, transport_method, pet_owner, pet_name, bid_status, feedback, rating) VALUES ('Napoleon_Raynor@hotmail.com', 18, '2020-11-03T21:45:10.362Z', '2020-11-04T19:37:28.109Z', true, 'pickup', 'Giovanni.Howe49@gmail.com', 'Lottie', 'confirmed', NULL, NULL);
INSERT INTO bid (ct_email, ct_price, start_date, end_date, is_cash, transport_method, pet_owner, pet_name, bid_status, feedback, rating) VALUES ('Myah_Walsh@gmail.com', 5, '2020-11-03T21:45:10.362Z', '2020-11-04T19:37:28.109Z', true, 'delivery', 'Julien15@hotmail.com', 'Amber', 'reviewed', 'Iure et qui. Dolorem doloremque mollitia optio dolor aut.', 4);
INSERT INTO bid (ct_email, ct_price, start_date, end_date, is_cash, transport_method, pet_owner, pet_name, bid_status, feedback, rating) VALUES ('Jedidiah.Collins98@yahoo.com', 0, '2020-11-03T21:45:10.362Z', '2020-11-04T19:37:28.109Z', true, 'pickup', 'Naomi_Abbott67@gmail.com', 'Hyman', 'confirmed', NULL, NULL);
INSERT INTO bid (ct_email, ct_price, start_date, end_date, is_cash, transport_method, pet_owner, pet_name, bid_status, feedback, rating) VALUES ('Destin.Von54@hotmail.com', 3, '2020-11-03T21:45:10.362Z', '2020-11-04T19:37:28.109Z', true, 'delivery', 'Jacques.Cummings@hotmail.com', 'Roxane', 'confirmed', NULL, NULL);
INSERT INTO bid (ct_email, ct_price, start_date, end_date, is_cash, transport_method, pet_owner, pet_name, bid_status, feedback, rating) VALUES ('Clarabelle.DuBuque66@yahoo.com', 14, '2020-11-03T21:45:10.362Z', '2020-11-04T19:37:28.109Z', true, 'pcs', 'Carson47@gmail.com', 'Stacey', 'reviewed', 'Commodi reprehenderit nihil nam consequatur autem molestiae nesciunt similique. Qui qui sunt perferendis eos voluptates.', 5);
INSERT INTO bid (ct_email, ct_price, start_date, end_date, is_cash, transport_method, pet_owner, pet_name, bid_status, feedback, rating) VALUES ('Paris.Pagac@yahoo.com', 8, '2020-11-03T21:45:10.362Z', '2020-11-04T19:37:28.109Z', true, 'pickup', 'Lennie_Marks56@yahoo.com', 'Emilie', 'confirmed', NULL, NULL);
INSERT INTO bid (ct_email, ct_price, start_date, end_date, is_cash, transport_method, pet_owner, pet_name, bid_status, feedback, rating) VALUES ('Bettye_Mante@yahoo.com', 7, '2020-11-03T21:45:10.362Z', '2020-11-04T19:37:28.109Z', true, 'delivery', 'Danial_Conroy@yahoo.com', 'Angeline', 'confirmed', NULL, NULL);
INSERT INTO bid (ct_email, ct_price, start_date, end_date, is_cash, transport_method, pet_owner, pet_name, bid_status, feedback, rating) VALUES ('Millie.Keebler63@gmail.com', 8, '2020-11-03T21:45:10.362Z', '2020-11-04T19:37:28.109Z', true, 'pcs', 'Summer_Lueilwitz86@hotmail.com', 'Francisco', 'reviewed', 'Est est eos qui repellendus sapiente. Ea qui soluta adipisci sint rem rerum.', 5);
INSERT INTO bid (ct_email, ct_price, start_date, end_date, is_cash, transport_method, pet_owner, pet_name, bid_status, feedback, rating) VALUES ('Adrain87@gmail.com', 16, '2020-11-03T21:45:10.362Z', '2020-11-04T19:37:28.109Z', true, 'pcs', 'Kaci.Rolfson53@yahoo.com', 'Maverick', 'reviewed', 'Et possimus laboriosam quam voluptates voluptatem porro voluptatum. Laborum qui voluptatibus eius sunt sit.', 5);
INSERT INTO bid (ct_email, ct_price, start_date, end_date, is_cash, transport_method, pet_owner, pet_name, bid_status, feedback, rating) VALUES ('Richard.Schmidt11@gmail.com', 9, '2020-11-03T21:45:10.362Z', '2020-11-04T19:37:28.109Z', true, 'pickup', 'Nicklaus.Hermiston22@yahoo.com', 'Agustin', 'reviewed', 'Aut doloribus labore vel rerum voluptatem temporibus et. Voluptate maxime qui quae exercitationem distinctio atque dolore.', 4);
INSERT INTO bid (ct_email, ct_price, start_date, end_date, is_cash, transport_method, pet_owner, pet_name, bid_status, feedback, rating) VALUES ('Mariam.Herman@gmail.com', 19, '2020-11-03T21:45:10.362Z', '2020-11-04T19:37:28.109Z', true, 'pickup', 'Leon_Kulas@yahoo.com', 'Selina', 'confirmed', NULL, NULL);
INSERT INTO bid (ct_email, ct_price, start_date, end_date, is_cash, transport_method, pet_owner, pet_name, bid_status, feedback, rating) VALUES ('Kailey72@yahoo.com', 13, '2020-11-03T21:45:10.362Z', '2020-11-04T19:37:28.109Z', true, 'pcs', 'Aimee.Doyle@yahoo.com', 'Laverne', 'confirmed', NULL, NULL);
INSERT INTO bid (ct_email, ct_price, start_date, end_date, is_cash, transport_method, pet_owner, pet_name, bid_status, feedback, rating) VALUES ('Corene.Abernathy88@yahoo.com', 14, '2020-11-03T21:45:10.362Z', '2020-11-04T19:37:28.109Z', true, 'pcs', 'Amari58@hotmail.com', 'Elmo', 'reviewed', 'Quia quam similique quae autem aut. Facilis mollitia est voluptatum expedita deserunt dolores eius.', 3);
INSERT INTO bid (ct_email, ct_price, start_date, end_date, is_cash, transport_method, pet_owner, pet_name, bid_status, feedback, rating) VALUES ('Rex78@hotmail.com', 0, '2020-11-03T21:45:10.362Z', '2020-11-04T19:37:28.109Z', true, 'pcs', 'Erica_Kovacek@yahoo.com', 'Kiarra', 'confirmed', NULL, NULL);
INSERT INTO bid (ct_email, ct_price, start_date, end_date, is_cash, transport_method, pet_owner, pet_name, bid_status, feedback, rating) VALUES ('Stella_Wyman55@yahoo.com', 17, '2020-11-03T21:45:10.362Z', '2020-11-04T19:37:28.109Z', true, 'pickup', 'Brittany.Price57@gmail.com', 'Jasen', 'reviewed', 'Quam occaecati praesentium nihil nostrum fuga qui molestias voluptas. Adipisci sit voluptatem.', 5);
INSERT INTO bid (ct_email, ct_price, start_date, end_date, is_cash, transport_method, pet_owner, pet_name, bid_status, feedback, rating) VALUES ('Alvis_Bruen@hotmail.com', 2, '2020-11-03T21:45:10.362Z', '2020-11-04T19:37:28.109Z', true, 'pcs', 'Schuyler48@yahoo.com', 'Larue', 'confirmed', NULL, NULL);
INSERT INTO bid (ct_email, ct_price, start_date, end_date, is_cash, transport_method, pet_owner, pet_name, bid_status, feedback, rating) VALUES ('Savion.Kovacek@hotmail.com', 11, '2020-11-03T21:45:10.362Z', '2020-11-04T19:37:28.109Z', true, 'pcs', 'Kale70@gmail.com', 'Adriana', 'reviewed', 'Est sit dolores at provident facere a occaecati deserunt dignissimos. Quam tenetur consequatur esse voluptatem iure rerum ea ut.', 3);
INSERT INTO bid (ct_email, ct_price, start_date, end_date, is_cash, transport_method, pet_owner, pet_name, bid_status, feedback, rating) VALUES ('Celestino_Stroman4@hotmail.com', 7, '2020-11-03T21:45:10.362Z', '2020-11-04T19:37:28.109Z', true, 'delivery', 'Tony_Huel45@hotmail.com', 'Robyn', 'confirmed', NULL, NULL);
INSERT INTO bid (ct_email, ct_price, start_date, end_date, is_cash, transport_method, pet_owner, pet_name, bid_status, feedback, rating) VALUES ('Stefanie_Roob17@gmail.com', 17, '2020-11-03T21:45:10.362Z', '2020-11-04T19:37:28.109Z', true, 'pickup', 'Jeremie45@gmail.com', 'Nash', 'confirmed', NULL, NULL);
INSERT INTO bid (ct_email, ct_price, start_date, end_date, is_cash, transport_method, pet_owner, pet_name, bid_status, feedback, rating) VALUES ('Marlin_Crona88@yahoo.com', 3, '2020-11-03T21:45:10.362Z', '2020-11-04T19:37:28.109Z', true, 'pickup', 'Cayla_Reilly@gmail.com', 'Jonas', 'reviewed', 'Quod nulla dolores ullam ut. Architecto est quidem vitae tenetur doloremque sed.', 3);
INSERT INTO bid (ct_email, ct_price, start_date, end_date, is_cash, transport_method, pet_owner, pet_name, bid_status, feedback, rating) VALUES ('Gail_Weissnat@yahoo.com', 13, '2020-11-03T21:45:10.362Z', '2020-11-04T19:37:28.109Z', true, 'delivery', 'Keshawn_Predovic@yahoo.com', 'Vada', 'confirmed', NULL, NULL);
INSERT INTO bid (ct_email, ct_price, start_date, end_date, is_cash, transport_method, pet_owner, pet_name, bid_status, feedback, rating) VALUES ('Nelson.Krajcik63@yahoo.com', 7, '2020-11-03T21:45:10.362Z', '2020-11-04T19:37:28.109Z', true, 'pcs', 'Marietta15@gmail.com', 'Ruthie', 'reviewed', 'Temporibus quo molestiae. Eveniet aperiam quaerat dolor reiciendis.', 5);
INSERT INTO bid (ct_email, ct_price, start_date, end_date, is_cash, transport_method, pet_owner, pet_name, bid_status, feedback, rating) VALUES ('Susie.Fritsch@yahoo.com', 19, '2020-11-03T21:45:10.362Z', '2020-11-04T19:37:28.109Z', true, 'delivery', 'Bart_Glover@yahoo.com', 'Sigmund', 'confirmed', NULL, NULL);
INSERT INTO bid (ct_email, ct_price, start_date, end_date, is_cash, transport_method, pet_owner, pet_name, bid_status, feedback, rating) VALUES ('Charles.Mueller@gmail.com', 4, '2020-11-03T21:45:10.362Z', '2020-11-04T19:37:28.109Z', true, 'pickup', 'Antonio.Ortiz@hotmail.com', 'Uriah', 'reviewed', 'Dolorum labore minus nesciunt non deserunt est esse odio. Quo et dolore amet et impedit iste unde pariatur.', 3);
INSERT INTO bid (ct_email, ct_price, start_date, end_date, is_cash, transport_method, pet_owner, pet_name, bid_status, feedback, rating) VALUES ('Nayeli90@gmail.com', 4, '2020-11-03T21:45:10.362Z', '2020-11-04T19:37:28.109Z', true, 'delivery', 'Donato99@gmail.com', 'Dominic', 'confirmed', NULL, NULL);
INSERT INTO bid (ct_email, ct_price, start_date, end_date, is_cash, transport_method, pet_owner, pet_name, bid_status, feedback, rating) VALUES ('Alana21@yahoo.com', 3, '2020-11-03T21:45:10.362Z', '2020-11-04T19:37:28.109Z', true, 'pickup', 'Alexzander_Cole38@hotmail.com', 'Kraig', 'confirmed', NULL, NULL);
INSERT INTO bid (ct_email, ct_price, start_date, end_date, is_cash, transport_method, pet_owner, pet_name, bid_status, feedback, rating) VALUES ('Lauretta.Stiedemann60@gmail.com', 9, '2020-11-03T21:45:10.362Z', '2020-11-04T19:37:28.109Z', true, 'pickup', 'Vernice.Bogan31@yahoo.com', 'Noemie', 'reviewed', 'Quia tempore inventore quibusdam id qui dolores. Qui recusandae laborum ducimus.', 5);
INSERT INTO bid (ct_email, ct_price, start_date, end_date, is_cash, transport_method, pet_owner, pet_name, bid_status, feedback, rating) VALUES ('Noelia_Effertz@gmail.com', 18, '2020-11-03T21:45:10.362Z', '2020-11-04T19:37:28.109Z', true, 'pcs', 'Katrina43@hotmail.com', 'Christian', 'reviewed', 'Quae vel eius quae et aperiam dolore iste. Sit eos est voluptate odio et quasi alias et.', 4);
INSERT INTO bid (ct_email, ct_price, start_date, end_date, is_cash, transport_method, pet_owner, pet_name, bid_status, feedback, rating) VALUES ('Priscilla71@gmail.com', 13, '2020-11-03T21:45:10.362Z', '2020-11-04T19:37:28.109Z', true, 'pcs', 'Araceli.Kris@hotmail.com', 'Haskell', 'reviewed', 'Dolorum laudantium ea ducimus. Minima itaque aperiam velit iure officiis nulla libero.', 5);
INSERT INTO bid (ct_email, ct_price, start_date, end_date, is_cash, transport_method, pet_owner, pet_name, bid_status, feedback, rating) VALUES ('Amy49@gmail.com', 7, '2020-11-03T21:45:10.362Z', '2020-11-04T19:37:28.109Z', true, 'pickup', 'Marjory31@hotmail.com', 'Hertha', 'confirmed', NULL, NULL);
INSERT INTO bid (ct_email, ct_price, start_date, end_date, is_cash, transport_method, pet_owner, pet_name, bid_status, feedback, rating) VALUES ('Rudy3@yahoo.com', 1, '2020-11-03T21:45:10.362Z', '2020-11-04T19:37:28.109Z', true, 'pcs', 'Alysa77@hotmail.com', 'Moshe', 'confirmed', NULL, NULL);
INSERT INTO bid (ct_email, ct_price, start_date, end_date, is_cash, transport_method, pet_owner, pet_name, bid_status, feedback, rating) VALUES ('Roselyn.Sawayn@hotmail.com', 19, '2020-11-03T21:45:10.362Z', '2020-11-04T19:37:28.109Z', true, 'delivery', 'Ashley_Brekke75@hotmail.com', 'Dimitri', 'confirmed', NULL, NULL);
INSERT INTO bid (ct_email, ct_price, start_date, end_date, is_cash, transport_method, pet_owner, pet_name, bid_status, feedback, rating) VALUES ('Durward.Johnston99@gmail.com', 3, '2020-11-03T21:45:10.362Z', '2020-11-04T19:37:28.109Z', true, 'pickup', 'Clark.Terry57@gmail.com', 'Ines', 'confirmed', NULL, NULL);
INSERT INTO bid (ct_email, ct_price, start_date, end_date, is_cash, transport_method, pet_owner, pet_name, bid_status, feedback, rating) VALUES ('Wilford42@hotmail.com', 18, '2020-11-03T21:45:10.362Z', '2020-11-04T19:37:28.109Z', true, 'pcs', 'Asha_Okuneva52@gmail.com', 'Dortha', 'confirmed', NULL, NULL);
INSERT INTO bid (ct_email, ct_price, start_date, end_date, is_cash, transport_method, pet_owner, pet_name, bid_status, feedback, rating) VALUES ('Kevin.Graham@gmail.com', 10, '2020-11-03T21:45:10.362Z', '2020-11-04T19:37:28.109Z', true, 'delivery', 'Keeley71@yahoo.com', 'Jon', 'reviewed', 'Et rerum nobis autem cum ea nulla voluptatem. Dolores enim voluptas voluptatibus minima tempora nobis sint.', 4);
INSERT INTO bid (ct_email, ct_price, start_date, end_date, is_cash, transport_method, pet_owner, pet_name, bid_status, feedback, rating) VALUES ('Lupe_Hilll@gmail.com', 15, '2020-11-03T21:45:10.362Z', '2020-11-04T19:37:28.109Z', true, 'pcs', 'Domenick.Lesch54@yahoo.com', 'Elwin', 'reviewed', 'Qui dolor corrupti qui reiciendis quasi. Laborum numquam amet odit ullam voluptatem sapiente molestiae.', 5);
INSERT INTO bid (ct_email, ct_price, start_date, end_date, is_cash, transport_method, pet_owner, pet_name, bid_status, feedback, rating) VALUES ('Anissa.Volkman@hotmail.com', 16, '2020-11-03T21:45:10.362Z', '2020-11-04T19:37:28.109Z', true, 'pickup', 'Kirsten_Trantow23@gmail.com', 'Wilfred', 'confirmed', NULL, NULL);
INSERT INTO bid (ct_email, ct_price, start_date, end_date, is_cash, transport_method, pet_owner, pet_name, bid_status, feedback, rating) VALUES ('Darryl.Luettgen8@gmail.com', 16, '2020-11-03T21:45:10.362Z', '2020-11-04T19:37:28.109Z', true, 'pickup', 'Elbert_Ruecker@hotmail.com', 'Vincenza', 'confirmed', NULL, NULL);
INSERT INTO bid (ct_email, ct_price, start_date, end_date, is_cash, transport_method, pet_owner, pet_name, bid_status, feedback, rating) VALUES ('Lulu15@gmail.com', 17, '2020-11-03T21:45:10.362Z', '2020-11-04T19:37:28.109Z', true, 'delivery', 'Haskell.Ratke@yahoo.com', 'Cecil', 'confirmed', NULL, NULL);
INSERT INTO bid (ct_email, ct_price, start_date, end_date, is_cash, transport_method, pet_owner, pet_name, bid_status, feedback, rating) VALUES ('Cara20@hotmail.com', 1, '2020-11-03T21:45:10.362Z', '2020-11-04T19:37:28.109Z', true, 'delivery', 'Vincent16@hotmail.com', 'Flavio', 'confirmed', NULL, NULL);
INSERT INTO bid (ct_email, ct_price, start_date, end_date, is_cash, transport_method, pet_owner, pet_name, bid_status, feedback, rating) VALUES ('Joy_Schulist26@yahoo.com', 14, '2020-11-03T21:45:10.362Z', '2020-11-04T19:37:28.109Z', true, 'pickup', 'Trevor85@gmail.com', 'Sydney', 'confirmed', NULL, NULL);
INSERT INTO bid (ct_email, ct_price, start_date, end_date, is_cash, transport_method, pet_owner, pet_name, bid_status, feedback, rating) VALUES ('Heloise.Dietrich61@gmail.com', 8, '2020-11-03T21:45:10.362Z', '2020-11-04T19:37:28.109Z', true, 'pickup', 'Kyler.Mertz43@hotmail.com', 'Sarah', 'confirmed', NULL, NULL);
INSERT INTO bid (ct_email, ct_price, start_date, end_date, is_cash, transport_method, pet_owner, pet_name, bid_status, feedback, rating) VALUES ('Roosevelt.Stracke@hotmail.com', 0, '2020-11-03T21:45:10.362Z', '2020-11-04T19:37:28.109Z', true, 'pickup', 'Barry.Rodriguez82@yahoo.com', 'Gerald', 'reviewed', 'Fugit rerum aut nam qui illum ut sint. Rerum est qui nam vitae.', 4);
INSERT INTO bid (ct_email, ct_price, start_date, end_date, is_cash, transport_method, pet_owner, pet_name, bid_status, feedback, rating) VALUES ('Brendon_Beer49@gmail.com', 7, '2020-11-03T21:45:10.362Z', '2020-11-04T19:37:28.109Z', true, 'pcs', 'Josh_Koelpin7@hotmail.com', 'Joanny', 'reviewed', 'Et consequatur quasi ut facilis adipisci. Et fugit eligendi provident.', 3);
INSERT INTO bid (ct_email, ct_price, start_date, end_date, is_cash, transport_method, pet_owner, pet_name, bid_status, feedback, rating) VALUES ('Cordia_Haag@gmail.com', 12, '2020-11-03T21:45:10.362Z', '2020-11-04T19:37:28.109Z', true, 'pickup', 'Suzanne.Blick85@yahoo.com', 'Micheal', 'reviewed', 'Eligendi omnis voluptatem quia sunt id ut nostrum eum. Ab quia repellat ut.', 3);
INSERT INTO bid (ct_email, ct_price, start_date, end_date, is_cash, transport_method, pet_owner, pet_name, bid_status, feedback, rating) VALUES ('Garrett.Greenholt32@gmail.com', 20, '2020-11-03T21:45:10.362Z', '2020-11-04T19:37:28.109Z', true, 'delivery', 'Levi.Hammes30@gmail.com', 'Giovanna', 'reviewed', 'Aut nulla debitis deserunt. Enim dignissimos ut in consequatur.', 5);
INSERT INTO bid (ct_email, ct_price, start_date, end_date, is_cash, transport_method, pet_owner, pet_name, bid_status, feedback, rating) VALUES ('Katarina18@yahoo.com', 18, '2020-11-03T21:45:10.362Z', '2020-11-04T19:37:28.109Z', true, 'pickup', 'Leola.Kutch@hotmail.com', 'Sarah', 'confirmed', NULL, NULL);
INSERT INTO bid (ct_email, ct_price, start_date, end_date, is_cash, transport_method, pet_owner, pet_name, bid_status, feedback, rating) VALUES ('Ada18@gmail.com', 14, '2020-11-03T21:45:10.362Z', '2020-11-04T19:37:28.109Z', true, 'pickup', 'Oleta45@hotmail.com', 'Roscoe', 'reviewed', 'Voluptas expedita dolores commodi quos molestiae. Similique voluptatem asperiores aut vel voluptatem.', 4);
INSERT INTO bid (ct_email, ct_price, start_date, end_date, is_cash, transport_method, pet_owner, pet_name, bid_status, feedback, rating) VALUES ('Royce.Schamberger77@yahoo.com', 15, '2020-11-03T21:45:10.362Z', '2020-11-04T19:37:28.109Z', true, 'pickup', 'Keenan.Grady80@hotmail.com', 'Esteban', 'reviewed', 'Ex sit amet et sunt accusantium voluptates animi voluptatem. Consequuntur consequatur in voluptatibus debitis autem.', 3);
INSERT INTO bid (ct_email, ct_price, start_date, end_date, is_cash, transport_method, pet_owner, pet_name, bid_status, feedback, rating) VALUES ('Quincy43@yahoo.com', 9, '2020-11-03T21:45:10.362Z', '2020-11-04T19:37:28.109Z', true, 'pickup', 'Raphael78@hotmail.com', 'Lydia', 'confirmed', NULL, NULL);
INSERT INTO bid (ct_email, ct_price, start_date, end_date, is_cash, transport_method, pet_owner, pet_name, bid_status, feedback, rating) VALUES ('Joyce79@gmail.com', 20, '2020-11-03T21:45:10.362Z', '2020-11-04T19:37:28.109Z', true, 'pcs', 'Emelia12@yahoo.com', 'Emma', 'confirmed', NULL, NULL);
INSERT INTO bid (ct_email, ct_price, start_date, end_date, is_cash, transport_method, pet_owner, pet_name, bid_status, feedback, rating) VALUES ('Bianka.Oberbrunner41@gmail.com', 9, '2020-11-03T21:45:10.362Z', '2020-11-04T19:37:28.109Z', true, 'delivery', 'Ismael_Senger@hotmail.com', 'Maribel', 'confirmed', NULL, NULL);
INSERT INTO bid (ct_email, ct_price, start_date, end_date, is_cash, transport_method, pet_owner, pet_name, bid_status, feedback, rating) VALUES ('Kyla31@yahoo.com', 20, '2020-11-03T21:45:10.362Z', '2020-11-04T19:37:28.109Z', true, 'delivery', 'Velva99@hotmail.com', 'Frankie', 'reviewed', 'Illum ut ad. Alias impedit doloremque beatae enim sint quidem aut accusamus.', 3);
INSERT INTO bid (ct_email, ct_price, start_date, end_date, is_cash, transport_method, pet_owner, pet_name, bid_status, feedback, rating) VALUES ('Geovanni.OKon@hotmail.com', 3, '2020-11-03T21:45:10.362Z', '2020-11-04T19:37:28.109Z', true, 'delivery', 'Fay_Russel72@gmail.com', 'Jasmin', 'reviewed', 'Aliquam et alias excepturi sint natus dignissimos eum deserunt. Sunt harum consequatur deleniti.', 3);
INSERT INTO bid (ct_email, ct_price, start_date, end_date, is_cash, transport_method, pet_owner, pet_name, bid_status, feedback, rating) VALUES ('Alfreda_Kilback89@gmail.com', 20, '2020-11-03T21:45:10.362Z', '2020-11-04T19:37:28.109Z', true, 'pickup', 'Juliet.OConnell10@hotmail.com', 'Yoshiko', 'confirmed', NULL, NULL);
INSERT INTO bid (ct_email, ct_price, start_date, end_date, is_cash, transport_method, pet_owner, pet_name, bid_status, feedback, rating) VALUES ('Kassandra_Ratke92@gmail.com', 14, '2020-11-03T21:45:10.362Z', '2020-11-04T19:37:28.109Z', true, 'pcs', 'Durward.Johnston99@gmail.com', 'Roosevelt', 'confirmed', NULL, NULL);
INSERT INTO bid (ct_email, ct_price, start_date, end_date, is_cash, transport_method, pet_owner, pet_name, bid_status, feedback, rating) VALUES ('Aimee.Doyle@yahoo.com', 14, '2020-11-05T19:37:28.109Z', '2020-11-11T04:57:01.875Z', true, 'pcs', 'Lenore75@hotmail.com', 'Tanya', 'confirmed', NULL, NULL);
INSERT INTO bid (ct_email, ct_price, start_date, end_date, is_cash, transport_method, pet_owner, pet_name, bid_status, feedback, rating) VALUES ('Carson.Volkman@yahoo.com', 13, '2020-11-05T19:37:28.109Z', '2020-11-11T04:57:01.875Z', true, 'pickup', 'Delfina.Sipes@hotmail.com', 'Jeffry', 'confirmed', NULL, NULL);
INSERT INTO bid (ct_email, ct_price, start_date, end_date, is_cash, transport_method, pet_owner, pet_name, bid_status, feedback, rating) VALUES ('Marta_Robel22@yahoo.com', 12, '2020-11-05T19:37:28.109Z', '2020-11-11T04:57:01.875Z', true, 'delivery', 'Eldora_Schneider@yahoo.com', 'Russ', 'reviewed', 'Quo error est sit debitis. Facilis quia modi enim ipsa et itaque qui.', 5);
INSERT INTO bid (ct_email, ct_price, start_date, end_date, is_cash, transport_method, pet_owner, pet_name, bid_status, feedback, rating) VALUES ('Alva78@hotmail.com', 0, '2020-11-05T19:37:28.109Z', '2020-11-11T04:57:01.875Z', true, 'delivery', 'Geovanni.OKon@hotmail.com', 'Sonya', 'reviewed', 'In ratione accusantium alias cumque eos quia aut placeat suscipit. Commodi veritatis at voluptatem.', 3);
INSERT INTO bid (ct_email, ct_price, start_date, end_date, is_cash, transport_method, pet_owner, pet_name, bid_status, feedback, rating) VALUES ('Clair_Wisozk23@gmail.com', 19, '2020-11-05T19:37:28.109Z', '2020-11-11T04:57:01.875Z', true, 'delivery', 'Kobe30@gmail.com', 'Malika', 'reviewed', 'Sunt nihil repellendus saepe. Commodi autem et voluptate dolores dolores consequatur rerum in.', 3);
INSERT INTO bid (ct_email, ct_price, start_date, end_date, is_cash, transport_method, pet_owner, pet_name, bid_status, feedback, rating) VALUES ('Ferne_Jacobi51@gmail.com', 15, '2020-11-05T19:37:28.109Z', '2020-11-11T04:57:01.875Z', true, 'pickup', 'Adriana28@gmail.com', 'Brayan', 'reviewed', 'Corrupti voluptatem deserunt minima voluptas aut et sit impedit. Occaecati qui quos quos magnam ipsa explicabo accusamus quod ea.', 5);
INSERT INTO bid (ct_email, ct_price, start_date, end_date, is_cash, transport_method, pet_owner, pet_name, bid_status, feedback, rating) VALUES ('Filomena.Toy90@yahoo.com', 5, '2020-11-05T19:37:28.109Z', '2020-11-11T04:57:01.875Z', true, 'pickup', 'Mike27@hotmail.com', 'Lonzo', 'confirmed', NULL, NULL);
INSERT INTO bid (ct_email, ct_price, start_date, end_date, is_cash, transport_method, pet_owner, pet_name, bid_status, feedback, rating) VALUES ('Assunta_Leuschke1@yahoo.com', 11, '2020-11-05T19:37:28.109Z', '2020-11-11T04:57:01.875Z', true, 'pcs', 'Shakira.Gusikowski@gmail.com', 'Brendan', 'confirmed', NULL, NULL);
INSERT INTO bid (ct_email, ct_price, start_date, end_date, is_cash, transport_method, pet_owner, pet_name, bid_status, feedback, rating) VALUES ('Lucio76@gmail.com', 5, '2020-11-05T19:37:28.109Z', '2020-11-11T04:57:01.875Z', true, 'delivery', 'Alanna_Beier38@gmail.com', 'Bailee', 'reviewed', 'Commodi assumenda voluptates. Voluptatem odit nostrum temporibus quis quaerat qui a.', 3);
INSERT INTO bid (ct_email, ct_price, start_date, end_date, is_cash, transport_method, pet_owner, pet_name, bid_status, feedback, rating) VALUES ('Marietta15@gmail.com', 1, '2020-11-05T19:37:28.109Z', '2020-11-11T04:57:01.875Z', true, 'pickup', 'Kale70@gmail.com', 'Adriana', 'reviewed', 'Laudantium fugiat ut praesentium possimus error. Voluptatem et earum delectus nobis pariatur reiciendis.', 4);
INSERT INTO bid (ct_email, ct_price, start_date, end_date, is_cash, transport_method, pet_owner, pet_name, bid_status, feedback, rating) VALUES ('Juliana.Waters@yahoo.com', 17, '2020-11-05T19:37:28.109Z', '2020-11-11T04:57:01.875Z', true, 'delivery', 'Lavinia.Ziemann21@yahoo.com', 'Terrence', 'confirmed', NULL, NULL);
INSERT INTO bid (ct_email, ct_price, start_date, end_date, is_cash, transport_method, pet_owner, pet_name, bid_status, feedback, rating) VALUES ('Nicklaus.Von22@gmail.com', 10, '2020-11-05T19:37:28.109Z', '2020-11-11T04:57:01.875Z', true, 'pcs', 'Milford_Rath@yahoo.com', 'Princess', 'confirmed', NULL, NULL);
INSERT INTO bid (ct_email, ct_price, start_date, end_date, is_cash, transport_method, pet_owner, pet_name, bid_status, feedback, rating) VALUES ('Julius.Hills@yahoo.com', 12, '2020-11-05T19:37:28.109Z', '2020-11-11T04:57:01.875Z', true, 'pickup', 'Roscoe.Mante@gmail.com', 'Adelia', 'reviewed', 'Quis quia omnis dolores ullam omnis et velit. Quia quis dolor quo quo dicta exercitationem ipsa.', 5);
INSERT INTO bid (ct_email, ct_price, start_date, end_date, is_cash, transport_method, pet_owner, pet_name, bid_status, feedback, rating) VALUES ('Emory_Lang77@yahoo.com', 0, '2020-11-05T19:37:28.109Z', '2020-11-11T04:57:01.875Z', true, 'pcs', 'Heloise.Dietrich61@gmail.com', 'Gracie', 'confirmed', NULL, NULL);
INSERT INTO bid (ct_email, ct_price, start_date, end_date, is_cash, transport_method, pet_owner, pet_name, bid_status, feedback, rating) VALUES ('Megane_Schoen24@yahoo.com', 12, '2020-11-05T19:37:28.109Z', '2020-11-11T04:57:01.875Z', true, 'pcs', 'Marielle_Deckow84@yahoo.com', 'Chesley', 'reviewed', 'Omnis consequatur sunt unde voluptates est. Dolor ducimus maiores delectus laudantium et omnis blanditiis.', 3);
INSERT INTO bid (ct_email, ct_price, start_date, end_date, is_cash, transport_method, pet_owner, pet_name, bid_status, feedback, rating) VALUES ('Elmore74@gmail.com', 6, '2020-11-05T19:37:28.109Z', '2020-11-11T04:57:01.875Z', true, 'pickup', 'Eveline_Shields64@hotmail.com', 'Rashad', 'reviewed', 'Maxime pariatur assumenda beatae. Quod vero ullam itaque quibusdam reprehenderit expedita aliquid impedit.', 3);
INSERT INTO bid (ct_email, ct_price, start_date, end_date, is_cash, transport_method, pet_owner, pet_name, bid_status, feedback, rating) VALUES ('Trudie55@hotmail.com', 3, '2020-11-05T19:37:28.109Z', '2020-11-11T04:57:01.875Z', true, 'pcs', 'Luther_Goodwin38@yahoo.com', 'Pearl', 'confirmed', NULL, NULL);
INSERT INTO bid (ct_email, ct_price, start_date, end_date, is_cash, transport_method, pet_owner, pet_name, bid_status, feedback, rating) VALUES ('Kaya.Miller@hotmail.com', 20, '2020-11-05T19:37:28.109Z', '2020-11-11T04:57:01.875Z', true, 'pcs', 'Adrain_Wyman@gmail.com', 'Selina', 'reviewed', 'Ut nihil delectus dolores soluta unde. Rerum eius qui rerum est.', 4);
INSERT INTO bid (ct_email, ct_price, start_date, end_date, is_cash, transport_method, pet_owner, pet_name, bid_status, feedback, rating) VALUES ('Christ99@yahoo.com', 10, '2020-11-05T19:37:28.109Z', '2020-11-11T04:57:01.875Z', true, 'pickup', 'Orrin92@gmail.com', 'Larissa', 'confirmed', NULL, NULL);
INSERT INTO bid (ct_email, ct_price, start_date, end_date, is_cash, transport_method, pet_owner, pet_name, bid_status, feedback, rating) VALUES ('Heath_Harris@yahoo.com', 7, '2020-11-05T19:37:28.109Z', '2020-11-11T04:57:01.875Z', true, 'pcs', 'German65@hotmail.com', 'Annetta', 'confirmed', NULL, NULL);
INSERT INTO bid (ct_email, ct_price, start_date, end_date, is_cash, transport_method, pet_owner, pet_name, bid_status, feedback, rating) VALUES ('Marianne90@yahoo.com', 16, '2020-11-05T19:37:28.109Z', '2020-11-11T04:57:01.875Z', true, 'delivery', 'Adella_Predovic@yahoo.com', 'Marques', 'reviewed', 'Nesciunt vero quasi sit et dolore quibusdam voluptatum modi. Delectus sequi hic at rerum.', 3);
INSERT INTO bid (ct_email, ct_price, start_date, end_date, is_cash, transport_method, pet_owner, pet_name, bid_status, feedback, rating) VALUES ('Flavie_Pacocha7@yahoo.com', 7, '2020-11-05T19:37:28.109Z', '2020-11-11T04:57:01.875Z', true, 'delivery', 'Pearlie_Koch1@yahoo.com', 'Keshawn', 'confirmed', NULL, NULL);
INSERT INTO bid (ct_email, ct_price, start_date, end_date, is_cash, transport_method, pet_owner, pet_name, bid_status, feedback, rating) VALUES ('Reynold30@gmail.com', 9, '2020-11-05T19:37:28.109Z', '2020-11-11T04:57:01.875Z', true, 'pickup', 'Reinhold_McDermott@yahoo.com', 'Darby', 'reviewed', 'Iure nisi quisquam autem animi ut. Ut ut suscipit.', 4);
INSERT INTO bid (ct_email, ct_price, start_date, end_date, is_cash, transport_method, pet_owner, pet_name, bid_status, feedback, rating) VALUES ('Marietta_Paucek@yahoo.com', 13, '2020-11-05T19:37:28.109Z', '2020-11-11T04:57:01.875Z', true, 'pickup', 'Alex_Runolfsson@gmail.com', 'Frederik', 'reviewed', 'Aspernatur unde vel cupiditate consequatur repellendus aut natus aut. Molestiae veniam non distinctio reprehenderit at et quis et.', 3);
INSERT INTO bid (ct_email, ct_price, start_date, end_date, is_cash, transport_method, pet_owner, pet_name, bid_status, feedback, rating) VALUES ('Christiana_OConner19@hotmail.com', 1, '2020-11-05T19:37:28.109Z', '2020-11-11T04:57:01.875Z', true, 'pickup', 'Rosalia.Crona@hotmail.com', 'Bridie', 'reviewed', 'Cupiditate repudiandae distinctio et. Aut eos illum inventore et doloremque rerum et numquam.', 3);
INSERT INTO bid (ct_email, ct_price, start_date, end_date, is_cash, transport_method, pet_owner, pet_name, bid_status, feedback, rating) VALUES ('Kristoffer_Welch13@yahoo.com', 20, '2020-11-05T19:37:28.109Z', '2020-11-11T04:57:01.875Z', true, 'delivery', 'Hailie_Stracke@hotmail.com', 'Lavina', 'reviewed', 'Quae quae blanditiis nisi aspernatur nisi sint porro molestias. Rem a deserunt omnis explicabo ipsa.', 5);
INSERT INTO bid (ct_email, ct_price, start_date, end_date, is_cash, transport_method, pet_owner, pet_name, bid_status, feedback, rating) VALUES ('Verna2@yahoo.com', 17, '2020-11-05T19:37:28.109Z', '2020-11-11T04:57:01.875Z', true, 'pcs', 'Mervin_Mertz@gmail.com', 'Jalyn', 'reviewed', 'Hic voluptas ut maxime et quia voluptas aut. Et quia aut.', 5);
INSERT INTO bid (ct_email, ct_price, start_date, end_date, is_cash, transport_method, pet_owner, pet_name, bid_status, feedback, rating) VALUES ('Jesus.Haag@hotmail.com', 11, '2020-11-05T19:37:28.109Z', '2020-11-11T04:57:01.875Z', true, 'pickup', 'Kaela_Towne@hotmail.com', 'Albin', 'reviewed', 'Aut eum maiores vel mollitia vel ipsum pariatur. Fugit neque eveniet fugit rem.', 4);
INSERT INTO bid (ct_email, ct_price, start_date, end_date, is_cash, transport_method, pet_owner, pet_name, bid_status, feedback, rating) VALUES ('Joey74@gmail.com', 6, '2020-11-05T19:37:28.109Z', '2020-11-11T04:57:01.875Z', true, 'pcs', 'Tyler20@gmail.com', 'Allie', 'confirmed', NULL, NULL);
INSERT INTO bid (ct_email, ct_price, start_date, end_date, is_cash, transport_method, pet_owner, pet_name, bid_status, feedback, rating) VALUES ('Lukas.Mayer16@gmail.com', 8, '2020-11-05T19:37:28.109Z', '2020-11-11T04:57:01.875Z', true, 'pickup', 'Gail_Weissnat@yahoo.com', 'Cletus', 'reviewed', 'Dolorem dolorum voluptas. Quo voluptas commodi excepturi aut aspernatur aut sint in.', 5);
INSERT INTO bid (ct_email, ct_price, start_date, end_date, is_cash, transport_method, pet_owner, pet_name, bid_status, feedback, rating) VALUES ('Breanna80@yahoo.com', 10, '2020-11-05T19:37:28.109Z', '2020-11-11T04:57:01.875Z', true, 'pickup', 'Rahsaan_Kunde73@hotmail.com', 'Jo', 'reviewed', 'Quo soluta quaerat quidem veritatis perspiciatis facilis consectetur fugit autem. Illum et provident inventore iste molestiae rem consectetur quasi.', 5);
INSERT INTO bid (ct_email, ct_price, start_date, end_date, is_cash, transport_method, pet_owner, pet_name, bid_status, feedback, rating) VALUES ('Cassidy_Kovacek@yahoo.com', 4, '2020-11-05T19:37:28.109Z', '2020-11-11T04:57:01.875Z', true, 'pcs', 'Garnett.Walter56@hotmail.com', 'Kylee', 'confirmed', NULL, NULL);
INSERT INTO bid (ct_email, ct_price, start_date, end_date, is_cash, transport_method, pet_owner, pet_name, bid_status, feedback, rating) VALUES ('Junius.Hayes76@hotmail.com', 12, '2020-11-05T19:37:28.109Z', '2020-11-11T04:57:01.875Z', true, 'delivery', 'Bernardo64@gmail.com', 'Shanon', 'reviewed', 'In vel expedita dolores. Sed quis magnam omnis maiores magni incidunt incidunt esse.', 3);
INSERT INTO bid (ct_email, ct_price, start_date, end_date, is_cash, transport_method, pet_owner, pet_name, bid_status, feedback, rating) VALUES ('Shannon74@yahoo.com', 18, '2020-11-05T19:37:28.109Z', '2020-11-11T04:57:01.875Z', true, 'delivery', 'Vincent16@hotmail.com', 'Flavio', 'reviewed', 'Sint facere in. Iure corrupti quidem sapiente repellendus.', 4);
INSERT INTO bid (ct_email, ct_price, start_date, end_date, is_cash, transport_method, pet_owner, pet_name, bid_status, feedback, rating) VALUES ('Erika_OHara@gmail.com', 8, '2020-11-05T19:37:28.109Z', '2020-11-11T04:57:01.875Z', true, 'pcs', 'Lupe_Hilll@gmail.com', 'Jaylan', 'confirmed', NULL, NULL);
INSERT INTO bid (ct_email, ct_price, start_date, end_date, is_cash, transport_method, pet_owner, pet_name, bid_status, feedback, rating) VALUES ('Ashlee75@hotmail.com', 9, '2020-11-05T19:37:28.109Z', '2020-11-11T04:57:01.875Z', true, 'pcs', 'Vicente.Huel63@hotmail.com', 'Lottie', 'confirmed', NULL, NULL);
INSERT INTO bid (ct_email, ct_price, start_date, end_date, is_cash, transport_method, pet_owner, pet_name, bid_status, feedback, rating) VALUES ('Domenica_Ondricka1@gmail.com', 2, '2020-11-05T19:37:28.109Z', '2020-11-11T04:57:01.875Z', true, 'pcs', 'Tony_Huel45@hotmail.com', 'Robyn', 'reviewed', 'Rerum ea eum asperiores velit ut amet at culpa. Molestias placeat natus.', 3);
INSERT INTO bid (ct_email, ct_price, start_date, end_date, is_cash, transport_method, pet_owner, pet_name, bid_status, feedback, rating) VALUES ('Nedra.Durgan24@gmail.com', 17, '2020-11-05T19:37:28.109Z', '2020-11-11T04:57:01.875Z', true, 'pickup', 'Eliza_Deckow@gmail.com', 'Blair', 'reviewed', 'Autem blanditiis doloribus provident delectus cum. Sint ipsam animi eius quaerat est et et magnam illo.', 3);
INSERT INTO bid (ct_email, ct_price, start_date, end_date, is_cash, transport_method, pet_owner, pet_name, bid_status, feedback, rating) VALUES ('Ivah10@gmail.com', 4, '2020-11-05T19:37:28.109Z', '2020-11-11T04:57:01.875Z', true, 'delivery', 'Henderson_Fritsch@hotmail.com', 'Weston', 'reviewed', 'Est aut et qui reiciendis voluptatibus. Impedit tempore non atque.', 4);
INSERT INTO bid (ct_email, ct_price, start_date, end_date, is_cash, transport_method, pet_owner, pet_name, bid_status, feedback, rating) VALUES ('Brittany.Price57@gmail.com', 6, '2020-11-05T19:37:28.109Z', '2020-11-11T04:57:01.875Z', true, 'pickup', 'Lucious79@hotmail.com', 'Waylon', 'confirmed', NULL, NULL);
INSERT INTO bid (ct_email, ct_price, start_date, end_date, is_cash, transport_method, pet_owner, pet_name, bid_status, feedback, rating) VALUES ('Bertha_Will@yahoo.com', 5, '2020-11-05T19:37:28.109Z', '2020-11-11T04:57:01.875Z', true, 'pickup', 'Charles.Mueller@gmail.com', 'Flavio', 'confirmed', NULL, NULL);
INSERT INTO bid (ct_email, ct_price, start_date, end_date, is_cash, transport_method, pet_owner, pet_name, bid_status, feedback, rating) VALUES ('Milton_Marvin81@gmail.com', 12, '2020-11-05T19:37:28.109Z', '2020-11-11T04:57:01.875Z', true, 'pickup', 'Ada18@gmail.com', 'Dakota', 'confirmed', NULL, NULL);
INSERT INTO bid (ct_email, ct_price, start_date, end_date, is_cash, transport_method, pet_owner, pet_name, bid_status, feedback, rating) VALUES ('Alda.Prosacco74@yahoo.com', 1, '2020-11-05T19:37:28.109Z', '2020-11-11T04:57:01.875Z', true, 'delivery', 'Cali.Zboncak97@hotmail.com', 'Kay', 'confirmed', NULL, NULL);
INSERT INTO bid (ct_email, ct_price, start_date, end_date, is_cash, transport_method, pet_owner, pet_name, bid_status, feedback, rating) VALUES ('Henderson_Fritsch@hotmail.com', 20, '2020-11-05T19:37:28.109Z', '2020-11-11T04:57:01.875Z', true, 'pcs', 'Keyon.Kiehn@hotmail.com', 'Makenzie', 'reviewed', 'Itaque tempora eaque et non impedit est. Voluptatibus qui qui.', 3);
INSERT INTO bid (ct_email, ct_price, start_date, end_date, is_cash, transport_method, pet_owner, pet_name, bid_status, feedback, rating) VALUES ('Kamren_Heathcote@hotmail.com', 12, '2020-11-05T19:37:28.109Z', '2020-11-11T04:57:01.875Z', true, 'pickup', 'Aimee.Doyle@yahoo.com', 'Laverne', 'reviewed', 'Non nihil dolores. Autem quaerat saepe unde animi laborum omnis eos voluptatem occaecati.', 4);
INSERT INTO bid (ct_email, ct_price, start_date, end_date, is_cash, transport_method, pet_owner, pet_name, bid_status, feedback, rating) VALUES ('Annamae4@hotmail.com', 6, '2020-11-05T19:37:28.109Z', '2020-11-11T04:57:01.875Z', true, 'pickup', 'Kirstin45@yahoo.com', 'Margarete', 'confirmed', NULL, NULL);
INSERT INTO bid (ct_email, ct_price, start_date, end_date, is_cash, transport_method, pet_owner, pet_name, bid_status, feedback, rating) VALUES ('Trevor40@gmail.com', 1, '2020-11-05T19:37:28.109Z', '2020-11-11T04:57:01.875Z', true, 'pickup', 'Harley_Boehm@yahoo.com', 'Eryn', 'confirmed', NULL, NULL);
INSERT INTO bid (ct_email, ct_price, start_date, end_date, is_cash, transport_method, pet_owner, pet_name, bid_status, feedback, rating) VALUES ('Margarita.Hermiston@yahoo.com', 13, '2020-11-05T19:37:28.109Z', '2020-11-11T04:57:01.875Z', true, 'delivery', 'Megane_Schoen24@yahoo.com', 'Blaise', 'reviewed', 'In laborum inventore deleniti et recusandae voluptatem qui consequuntur eos. Facere hic quas cum nemo sed et alias id repellat.', 3);
INSERT INTO bid (ct_email, ct_price, start_date, end_date, is_cash, transport_method, pet_owner, pet_name, bid_status, feedback, rating) VALUES ('Sigurd.Walter@gmail.com', 9, '2020-11-05T19:37:28.109Z', '2020-11-11T04:57:01.875Z', true, 'delivery', 'Tyreek_Simonis@hotmail.com', 'Annabell', 'reviewed', 'Sed dolor beatae vel aliquam nesciunt aliquam. Itaque saepe ad.', 3);
INSERT INTO bid (ct_email, ct_price, start_date, end_date, is_cash, transport_method, pet_owner, pet_name, bid_status, feedback, rating) VALUES ('Devante.Dickinson74@yahoo.com', 18, '2020-11-05T19:37:28.109Z', '2020-11-11T04:57:01.875Z', true, 'pickup', 'Cary79@hotmail.com', 'Dulce', 'reviewed', 'Eos quaerat qui est quisquam sit est in officia magnam. Eos consectetur corrupti accusamus eius.', 3);
INSERT INTO bid (ct_email, ct_price, start_date, end_date, is_cash, transport_method, pet_owner, pet_name, bid_status, feedback, rating) VALUES ('Eleanore34@hotmail.com', 17, '2020-11-05T19:37:28.109Z', '2020-11-11T04:57:01.875Z', true, 'delivery', 'Rudy3@yahoo.com', 'Joey', 'reviewed', 'Repellat qui hic. Est et vitae quo delectus dolor.', 3);
INSERT INTO bid (ct_email, ct_price, start_date, end_date, is_cash, transport_method, pet_owner, pet_name, bid_status, feedback, rating) VALUES ('Jermey63@hotmail.com', 1, '2020-11-05T19:37:28.109Z', '2020-11-11T04:57:01.875Z', true, 'delivery', 'Westley_Hyatt@yahoo.com', 'Matilda', 'reviewed', 'Odio porro rerum enim similique provident facere. Tenetur et doloribus nihil omnis placeat explicabo magnam delectus dolores.', 4);
INSERT INTO bid (ct_email, ct_price, start_date, end_date, is_cash, transport_method, pet_owner, pet_name, bid_status, feedback, rating) VALUES ('Joan69@hotmail.com', 6, '2020-11-05T19:37:28.109Z', '2020-11-11T04:57:01.875Z', true, 'pickup', 'Clinton_Bins@yahoo.com', 'Murphy', 'confirmed', NULL, NULL);
INSERT INTO bid (ct_email, ct_price, start_date, end_date, is_cash, transport_method, pet_owner, pet_name, bid_status, feedback, rating) VALUES ('Reba.Maggio@yahoo.com', 8, '2020-11-05T19:37:28.109Z', '2020-11-11T04:57:01.875Z', true, 'delivery', 'Rosalyn46@gmail.com', 'Jany', 'reviewed', 'Numquam perspiciatis magnam qui iste culpa. Quibusdam ex et.', 4);
INSERT INTO bid (ct_email, ct_price, start_date, end_date, is_cash, transport_method, pet_owner, pet_name, bid_status, feedback, rating) VALUES ('Jennifer94@gmail.com', 13, '2020-11-05T19:37:28.109Z', '2020-11-11T04:57:01.875Z', true, 'delivery', 'Agustin_Daniel92@hotmail.com', 'Michelle', 'reviewed', 'Quae libero qui qui nesciunt possimus doloremque explicabo aliquid at. Sit exercitationem asperiores quam.', 5);
INSERT INTO bid (ct_email, ct_price, start_date, end_date, is_cash, transport_method, pet_owner, pet_name, bid_status, feedback, rating) VALUES ('Odessa62@hotmail.com', 11, '2020-11-05T19:37:28.109Z', '2020-11-11T04:57:01.875Z', true, 'delivery', 'Maryjane_Orn76@hotmail.com', 'Dewayne', 'reviewed', 'Quis laboriosam repellendus et sit omnis enim libero dolores. Accusamus qui et unde consequuntur cum.', 4);
INSERT INTO bid (ct_email, ct_price, start_date, end_date, is_cash, transport_method, pet_owner, pet_name, bid_status, feedback, rating) VALUES ('Katherine.Johnson89@gmail.com', 1, '2020-11-05T19:37:28.109Z', '2020-11-11T04:57:01.875Z', true, 'delivery', 'Vernice.Gaylord@gmail.com', 'Eden', 'confirmed', NULL, NULL);
INSERT INTO bid (ct_email, ct_price, start_date, end_date, is_cash, transport_method, pet_owner, pet_name, bid_status, feedback, rating) VALUES ('Lillie_Barton@hotmail.com', 20, '2020-11-05T19:37:28.109Z', '2020-11-11T04:57:01.875Z', true, 'pickup', 'Chandler.Sipes@yahoo.com', 'Karina', 'confirmed', NULL, NULL);
INSERT INTO bid (ct_email, ct_price, start_date, end_date, is_cash, transport_method, pet_owner, pet_name, bid_status, feedback, rating) VALUES ('Newell_Paucek40@gmail.com', 6, '2020-11-05T19:37:28.109Z', '2020-11-11T04:57:01.875Z', true, 'delivery', 'Kadin.Schuppe@hotmail.com', 'Niko', 'confirmed', NULL, NULL);
INSERT INTO bid (ct_email, ct_price, start_date, end_date, is_cash, transport_method, pet_owner, pet_name, bid_status, feedback, rating) VALUES ('Rosalinda30@yahoo.com', 3, '2020-11-05T19:37:28.109Z', '2020-11-11T04:57:01.875Z', true, 'pcs', 'Vicente63@gmail.com', 'Alejandra', 'confirmed', NULL, NULL);
INSERT INTO bid (ct_email, ct_price, start_date, end_date, is_cash, transport_method, pet_owner, pet_name, bid_status, feedback, rating) VALUES ('Jerod24@gmail.com', 3, '2020-11-05T19:37:28.109Z', '2020-11-11T04:57:01.875Z', true, 'delivery', 'Alexzander_Cole38@hotmail.com', 'Kraig', 'reviewed', 'Libero autem voluptatem quam quia est optio maxime vel. Delectus voluptatem corporis autem quae.', 3);
INSERT INTO bid (ct_email, ct_price, start_date, end_date, is_cash, transport_method, pet_owner, pet_name, bid_status, feedback, rating) VALUES ('Peter.Aufderhar37@hotmail.com', 10, '2020-11-05T19:37:28.109Z', '2020-11-11T04:57:01.875Z', true, 'pickup', 'Kris.Predovic@hotmail.com', 'Gwendolyn', 'confirmed', NULL, NULL);
INSERT INTO bid (ct_email, ct_price, start_date, end_date, is_cash, transport_method, pet_owner, pet_name, bid_status, feedback, rating) VALUES ('Alfonso_Wiza85@yahoo.com', 5, '2020-11-05T19:37:28.109Z', '2020-11-11T04:57:01.875Z', true, 'pcs', 'Aylin1@yahoo.com', 'Jaquan', 'reviewed', 'Ut libero dolorum suscipit consequatur iusto quia et quibusdam. Assumenda eligendi et deserunt laborum nisi tempora aliquam ut quia.', 3);
INSERT INTO bid (ct_email, ct_price, start_date, end_date, is_cash, transport_method, pet_owner, pet_name, bid_status, feedback, rating) VALUES ('Arno.Ferry74@yahoo.com', 3, '2020-11-05T19:37:28.109Z', '2020-11-11T04:57:01.875Z', true, 'delivery', 'Peter.Aufderhar37@hotmail.com', 'Lauren', 'confirmed', NULL, NULL);
INSERT INTO bid (ct_email, ct_price, start_date, end_date, is_cash, transport_method, pet_owner, pet_name, bid_status, feedback, rating) VALUES ('Fernando.Altenwerth18@yahoo.com', 18, '2020-11-05T19:37:28.109Z', '2020-11-11T04:57:01.875Z', true, 'pickup', 'Sydney19@hotmail.com', 'Samantha', 'reviewed', 'Suscipit doloremque possimus in illo tempora et iusto expedita numquam. Corporis voluptatem laborum aut ea doloremque.', 3);
INSERT INTO bid (ct_email, ct_price, start_date, end_date, is_cash, transport_method, pet_owner, pet_name, bid_status, feedback, rating) VALUES ('Rosamond_Franecki20@hotmail.com', 4, '2020-11-05T19:37:28.109Z', '2020-11-11T04:57:01.875Z', true, 'pickup', 'Marguerite47@gmail.com', 'Savanah', 'confirmed', NULL, NULL);
INSERT INTO bid (ct_email, ct_price, start_date, end_date, is_cash, transport_method, pet_owner, pet_name, bid_status, feedback, rating) VALUES ('Tyler20@gmail.com', 2, '2020-11-05T19:37:28.109Z', '2020-11-11T04:57:01.875Z', true, 'delivery', 'Naomi_Abbott67@gmail.com', 'Hyman', 'confirmed', NULL, NULL);
INSERT INTO bid (ct_email, ct_price, start_date, end_date, is_cash, transport_method, pet_owner, pet_name, bid_status, feedback, rating) VALUES ('Torrance49@hotmail.com', 15, '2020-11-05T19:37:28.109Z', '2020-11-11T04:57:01.875Z', true, 'pickup', 'Elwyn.Hoeger89@gmail.com', 'Tyrell', 'reviewed', 'Autem debitis dolor dolores expedita excepturi eaque rerum. A commodi dolor.', 3);
INSERT INTO bid (ct_email, ct_price, start_date, end_date, is_cash, transport_method, pet_owner, pet_name, bid_status, feedback, rating) VALUES ('Bud_Crooks@yahoo.com', 2, '2020-11-05T19:37:28.109Z', '2020-11-11T04:57:01.875Z', true, 'pickup', 'Joyce79@gmail.com', 'Gudrun', 'confirmed', NULL, NULL);
INSERT INTO bid (ct_email, ct_price, start_date, end_date, is_cash, transport_method, pet_owner, pet_name, bid_status, feedback, rating) VALUES ('Alyson.Hamill80@gmail.com', 16, '2020-11-05T19:37:28.109Z', '2020-11-11T04:57:01.875Z', true, 'pickup', 'Dale_Breitenberg@gmail.com', 'Mafalda', 'confirmed', NULL, NULL);
INSERT INTO bid (ct_email, ct_price, start_date, end_date, is_cash, transport_method, pet_owner, pet_name, bid_status, feedback, rating) VALUES ('Reynold14@gmail.com', 2, '2020-11-05T19:37:28.109Z', '2020-11-11T04:57:01.875Z', true, 'pcs', 'Dorothy_Kuhn82@yahoo.com', 'Liana', 'reviewed', 'Eum consequatur est et accusantium occaecati consequatur rerum. Officiis hic molestiae qui suscipit laborum sed omnis voluptates vero.', 4);
INSERT INTO bid (ct_email, ct_price, start_date, end_date, is_cash, transport_method, pet_owner, pet_name, bid_status, feedback, rating) VALUES ('Daphnee.Morissette@hotmail.com', 1, '2020-11-05T19:37:28.109Z', '2020-11-11T04:57:01.875Z', true, 'pickup', 'Santiago_Strosin@yahoo.com', 'Jerel', 'confirmed', NULL, NULL);
INSERT INTO bid (ct_email, ct_price, start_date, end_date, is_cash, transport_method, pet_owner, pet_name, bid_status, feedback, rating) VALUES ('Audrey.Hills@hotmail.com', 14, '2020-11-05T19:37:28.109Z', '2020-11-11T04:57:01.875Z', true, 'pickup', 'Violette.Mraz29@gmail.com', 'Verdie', 'confirmed', NULL, NULL);
INSERT INTO bid (ct_email, ct_price, start_date, end_date, is_cash, transport_method, pet_owner, pet_name, bid_status, feedback, rating) VALUES ('Cali.Zboncak97@hotmail.com', 11, '2020-11-05T19:37:28.109Z', '2020-11-11T04:57:01.875Z', true, 'delivery', 'Ashton32@gmail.com', 'Claudia', 'confirmed', NULL, NULL);
INSERT INTO bid (ct_email, ct_price, start_date, end_date, is_cash, transport_method, pet_owner, pet_name, bid_status, feedback, rating) VALUES ('Waino51@hotmail.com', 18, '2020-11-05T19:37:28.109Z', '2020-11-11T04:57:01.875Z', true, 'delivery', 'Albin.Sawayn3@yahoo.com', 'Mohammad', 'confirmed', NULL, NULL);
INSERT INTO bid (ct_email, ct_price, start_date, end_date, is_cash, transport_method, pet_owner, pet_name, bid_status, feedback, rating) VALUES ('Annetta40@hotmail.com', 17, '2020-11-05T19:37:28.109Z', '2020-11-11T04:57:01.875Z', true, 'delivery', 'Nikko_Connelly@gmail.com', 'Marguerite', 'reviewed', 'Inventore impedit aliquam quo et ipsam blanditiis. Adipisci sequi ea alias molestiae aliquam minima culpa sapiente tenetur.', 4);
INSERT INTO bid (ct_email, ct_price, start_date, end_date, is_cash, transport_method, pet_owner, pet_name, bid_status, feedback, rating) VALUES ('Cicero.Ondricka@gmail.com', 15, '2020-11-05T19:37:28.109Z', '2020-11-11T04:57:01.875Z', true, 'pcs', 'Guadalupe47@hotmail.com', 'Deanna', 'reviewed', 'Vitae aspernatur enim pariatur. Aut libero accusamus sit.', 3);
INSERT INTO bid (ct_email, ct_price, start_date, end_date, is_cash, transport_method, pet_owner, pet_name, bid_status, feedback, rating) VALUES ('Sonny1@yahoo.com', 18, '2020-11-05T19:37:28.109Z', '2020-11-11T04:57:01.875Z', true, 'pickup', 'Antonia.Gleason20@yahoo.com', 'Paolo', 'reviewed', 'Praesentium excepturi enim et hic id qui facere. Quod commodi repudiandae at doloribus qui magni.', 3);
INSERT INTO bid (ct_email, ct_price, start_date, end_date, is_cash, transport_method, pet_owner, pet_name, bid_status, feedback, rating) VALUES ('Barbara.Mitchell36@gmail.com', 18, '2020-11-05T19:37:28.109Z', '2020-11-11T04:57:01.875Z', true, 'delivery', 'Nicklaus.Hermiston22@yahoo.com', 'Agustin', 'reviewed', 'Numquam minima assumenda. In ad quaerat sit qui qui enim.', 5);
INSERT INTO bid (ct_email, ct_price, start_date, end_date, is_cash, transport_method, pet_owner, pet_name, bid_status, feedback, rating) VALUES ('Patsy39@hotmail.com', 10, '2020-11-05T19:37:28.109Z', '2020-11-11T04:57:01.875Z', true, 'pickup', 'Antwan56@yahoo.com', 'Garett', 'confirmed', NULL, NULL);
INSERT INTO bid (ct_email, ct_price, start_date, end_date, is_cash, transport_method, pet_owner, pet_name, bid_status, feedback, rating) VALUES ('Dylan9@hotmail.com', 14, '2020-11-05T19:37:28.109Z', '2020-11-11T04:57:01.875Z', true, 'pickup', 'Christiana_OConner19@hotmail.com', 'Cecelia', 'confirmed', NULL, NULL);
INSERT INTO bid (ct_email, ct_price, start_date, end_date, is_cash, transport_method, pet_owner, pet_name, bid_status, feedback, rating) VALUES ('Kobe30@gmail.com', 14, '2020-11-05T19:37:28.109Z', '2020-11-11T04:57:01.875Z', true, 'delivery', 'Dorothy.Muller@yahoo.com', 'Nya', 'reviewed', 'Quisquam doloribus in amet ea delectus. Quos dicta est rerum commodi quo rerum corrupti.', 4);
INSERT INTO bid (ct_email, ct_price, start_date, end_date, is_cash, transport_method, pet_owner, pet_name, bid_status, feedback, rating) VALUES ('Clementina51@hotmail.com', 9, '2020-11-05T19:37:28.109Z', '2020-11-11T04:57:01.875Z', true, 'pcs', 'Diana_Bradtke@yahoo.com', 'Johnson', 'reviewed', 'Nulla veniam qui ipsam. Officia nihil maxime hic similique.', 3);
INSERT INTO bid (ct_email, ct_price, start_date, end_date, is_cash, transport_method, pet_owner, pet_name, bid_status, feedback, rating) VALUES ('Josiah59@yahoo.com', 16, '2020-11-05T19:37:28.109Z', '2020-11-11T04:57:01.875Z', true, 'pcs', 'Turner.Shields76@yahoo.com', 'Ted', 'reviewed', 'Sunt atque dolorem beatae ipsa qui et et culpa a. Alias quo rerum unde a commodi consectetur cupiditate.', 5);
INSERT INTO bid (ct_email, ct_price, start_date, end_date, is_cash, transport_method, pet_owner, pet_name, bid_status, feedback, rating) VALUES ('Thad_Lueilwitz@yahoo.com', 2, '2020-11-05T19:37:28.109Z', '2020-11-11T04:57:01.875Z', true, 'delivery', 'Sherman.Brown51@hotmail.com', 'Pansy', 'reviewed', 'Ut voluptatibus voluptatem qui veniam voluptatem ipsum rerum. Sit dolorem ipsum.', 4);
INSERT INTO bid (ct_email, ct_price, start_date, end_date, is_cash, transport_method, pet_owner, pet_name, bid_status, feedback, rating) VALUES ('Travis_Schiller@yahoo.com', 9, '2020-11-05T19:37:28.109Z', '2020-11-11T04:57:01.875Z', true, 'pickup', 'Maia.Labadie7@hotmail.com', 'Chet', 'reviewed', 'Velit velit ea soluta. Aliquid adipisci dolores doloribus.', 4);
INSERT INTO bid (ct_email, ct_price, start_date, end_date, is_cash, transport_method, pet_owner, pet_name, bid_status, feedback, rating) VALUES ('Favian_Effertz@yahoo.com', 2, '2020-11-05T19:37:28.109Z', '2020-11-11T04:57:01.875Z', true, 'pcs', 'Grayson.Huels@yahoo.com', 'Esther', 'confirmed', NULL, NULL);
INSERT INTO bid (ct_email, ct_price, start_date, end_date, is_cash, transport_method, pet_owner, pet_name, bid_status, feedback, rating) VALUES ('Furman_Ondricka@gmail.com', 14, '2020-11-05T19:37:28.109Z', '2020-11-11T04:57:01.875Z', true, 'pcs', 'Pamela_Haag36@hotmail.com', 'Dusty', 'confirmed', NULL, NULL);
INSERT INTO bid (ct_email, ct_price, start_date, end_date, is_cash, transport_method, pet_owner, pet_name, bid_status, feedback, rating) VALUES ('Florencio.Stamm@yahoo.com', 5, '2020-11-05T19:37:28.109Z', '2020-11-11T04:57:01.875Z', true, 'pickup', 'Katlynn96@hotmail.com', 'Jennyfer', 'reviewed', 'Rem expedita consequuntur eius. Incidunt cum officiis autem molestiae autem perspiciatis in.', 4);
INSERT INTO bid (ct_email, ct_price, start_date, end_date, is_cash, transport_method, pet_owner, pet_name, bid_status, feedback, rating) VALUES ('Aliyah15@gmail.com', 9, '2020-11-05T19:37:28.109Z', '2020-11-11T04:57:01.875Z', true, 'pickup', 'Jovanny43@yahoo.com', 'Archibald', 'reviewed', 'Aliquid quis non occaecati cumque vel. Numquam veniam nemo.', 5);
INSERT INTO bid (ct_email, ct_price, start_date, end_date, is_cash, transport_method, pet_owner, pet_name, bid_status, feedback, rating) VALUES ('Wilbert_Sawayn46@hotmail.com', 10, '2020-11-05T19:37:28.109Z', '2020-11-11T04:57:01.875Z', true, 'pickup', 'Lucile.Dickinson@gmail.com', 'Eleazar', 'confirmed', NULL, NULL);
INSERT INTO bid (ct_email, ct_price, start_date, end_date, is_cash, transport_method, pet_owner, pet_name, bid_status, feedback, rating) VALUES ('Felix46@yahoo.com', 8, '2020-11-05T19:37:28.109Z', '2020-11-11T04:57:01.875Z', true, 'delivery', 'Schuyler48@yahoo.com', 'Larue', 'reviewed', 'Quos deserunt expedita aut dolores et. Non voluptatem et sunt et id voluptates odio et facilis.', 5);
INSERT INTO bid (ct_email, ct_price, start_date, end_date, is_cash, transport_method, pet_owner, pet_name, bid_status, feedback, rating) VALUES ('Augusta.Wisozk26@yahoo.com', 14, '2020-11-05T19:37:28.109Z', '2020-11-11T04:57:01.875Z', true, 'pcs', 'Kristian7@gmail.com', 'Minnie', 'confirmed', NULL, NULL);
INSERT INTO bid (ct_email, ct_price, start_date, end_date, is_cash, transport_method, pet_owner, pet_name, bid_status, feedback, rating) VALUES ('Jarod.Boyle@gmail.com', 2, '2020-11-05T19:37:28.109Z', '2020-11-11T04:57:01.875Z', true, 'delivery', 'Kaci.Rolfson53@yahoo.com', 'Maverick', 'reviewed', 'Voluptatem quia aut nisi nostrum. Et esse deserunt molestias.', 4);
INSERT INTO bid (ct_email, ct_price, start_date, end_date, is_cash, transport_method, pet_owner, pet_name, bid_status, feedback, rating) VALUES ('Nyah90@gmail.com', 10, '2020-11-05T19:37:28.109Z', '2020-11-11T04:57:01.875Z', true, 'pcs', 'Isabella_Funk96@yahoo.com', 'Nora', 'reviewed', 'Laborum consequuntur voluptas deleniti sunt qui possimus libero. Vel delectus et dolores consequuntur harum velit sit dolores sit.', 4);
INSERT INTO bid (ct_email, ct_price, start_date, end_date, is_cash, transport_method, pet_owner, pet_name, bid_status, feedback, rating) VALUES ('Jaunita_Borer@yahoo.com', 18, '2020-11-05T19:37:28.109Z', '2020-11-11T04:57:01.875Z', true, 'pickup', 'Estella89@yahoo.com', 'Daniela', 'confirmed', NULL, NULL);
INSERT INTO bid (ct_email, ct_price, start_date, end_date, is_cash, transport_method, pet_owner, pet_name, bid_status, feedback, rating) VALUES ('Kaci.Rolfson53@yahoo.com', 2, '2020-11-05T19:37:28.109Z', '2020-11-11T04:57:01.875Z', true, 'pickup', 'Adah9@hotmail.com', 'Geovany', 'reviewed', 'Quaerat sequi nostrum fugit corrupti accusantium eaque et eligendi earum. Eum sunt minima libero fugit error nulla ex perferendis.', 4);
INSERT INTO bid (ct_email, ct_price, start_date, end_date, is_cash, transport_method, pet_owner, pet_name, bid_status, feedback, rating) VALUES ('Rebecca20@yahoo.com', 4, '2020-11-05T19:37:28.109Z', '2020-11-11T04:57:01.875Z', true, 'pcs', 'Marietta15@gmail.com', 'Ruthie', 'confirmed', NULL, NULL);
INSERT INTO bid (ct_email, ct_price, start_date, end_date, is_cash, transport_method, pet_owner, pet_name, bid_status, feedback, rating) VALUES ('Elwyn.Hoeger89@gmail.com', 18, '2020-11-05T19:37:28.109Z', '2020-11-11T04:57:01.875Z', true, 'delivery', 'Ben_Johns@yahoo.com', 'Brian', 'confirmed', NULL, NULL);
INSERT INTO bid (ct_email, ct_price, start_date, end_date, is_cash, transport_method, pet_owner, pet_name, bid_status, feedback, rating) VALUES ('Darion43@gmail.com', 19, '2020-11-05T19:37:28.109Z', '2020-11-11T04:57:01.875Z', true, 'pickup', 'Lizeth18@hotmail.com', 'Parker', 'confirmed', NULL, NULL);
INSERT INTO bid (ct_email, ct_price, start_date, end_date, is_cash, transport_method, pet_owner, pet_name, bid_status, feedback, rating) VALUES ('Lelah.Dare@hotmail.com', 7, '2020-11-05T19:37:28.109Z', '2020-11-11T04:57:01.875Z', true, 'pickup', 'Elliott.Toy83@hotmail.com', 'Shemar', 'reviewed', 'Sit laboriosam distinctio ipsam omnis. Non dignissimos dignissimos aperiam nulla eligendi quos optio et.', 5);
INSERT INTO bid (ct_email, ct_price, start_date, end_date, is_cash, transport_method, pet_owner, pet_name, bid_status, feedback, rating) VALUES ('Joaquin.Terry@hotmail.com', 13, '2020-11-05T19:37:28.109Z', '2020-11-11T04:57:01.875Z', true, 'delivery', 'Alessia88@hotmail.com', 'Myron', 'reviewed', 'Id accusantium praesentium perspiciatis ab omnis aut. Tempore officiis aliquid molestiae doloremque nemo quibusdam sunt repellat et.', 5);
INSERT INTO bid (ct_email, ct_price, start_date, end_date, is_cash, transport_method, pet_owner, pet_name, bid_status, feedback, rating) VALUES ('Rickey34@yahoo.com', 6, '2020-11-05T19:37:28.109Z', '2020-11-11T04:57:01.875Z', true, 'delivery', 'Octavia.Borer@gmail.com', 'Nicole', 'confirmed', NULL, NULL);
INSERT INTO bid (ct_email, ct_price, start_date, end_date, is_cash, transport_method, pet_owner, pet_name, bid_status, feedback, rating) VALUES ('Alba_Balistreri@hotmail.com', 3, '2020-11-05T19:37:28.109Z', '2020-11-11T04:57:01.875Z', true, 'delivery', 'Katelynn_Jakubowski71@yahoo.com', 'Xander', 'reviewed', 'Dolor voluptatum molestias. Quae maiores sunt pariatur minus.', 4);
INSERT INTO bid (ct_email, ct_price, start_date, end_date, is_cash, transport_method, pet_owner, pet_name, bid_status, feedback, rating) VALUES ('Roscoe.Mante@gmail.com', 1, '2020-11-05T19:37:28.109Z', '2020-11-11T04:57:01.875Z', true, 'pickup', 'Cordia_Renner15@gmail.com', 'Bo', 'reviewed', 'Excepturi repellendus voluptatem dolorem distinctio eveniet modi suscipit ut eum. Ad omnis consequatur veniam consequuntur odit iste distinctio.', 5);
INSERT INTO bid (ct_email, ct_price, start_date, end_date, is_cash, transport_method, pet_owner, pet_name, bid_status, feedback, rating) VALUES ('Kendra60@hotmail.com', 18, '2020-11-05T19:37:28.109Z', '2020-11-11T04:57:01.875Z', true, 'pickup', 'Sonia.Medhurst@yahoo.com', 'Orlando', 'reviewed', 'Qui iste eos nisi. Consequatur delectus sit qui.', 3);
INSERT INTO bid (ct_email, ct_price, start_date, end_date, is_cash, transport_method, pet_owner, pet_name, bid_status, feedback, rating) VALUES ('Harmony27@gmail.com', 11, '2020-11-05T19:37:28.109Z', '2020-11-11T04:57:01.875Z', true, 'delivery', 'Brad.Pollich@yahoo.com', 'Alberta', 'confirmed', NULL, NULL);
INSERT INTO bid (ct_email, ct_price, start_date, end_date, is_cash, transport_method, pet_owner, pet_name, bid_status, feedback, rating) VALUES ('Nadia46@gmail.com', 20, '2020-11-05T19:37:28.109Z', '2020-11-11T04:57:01.875Z', true, 'delivery', 'Suzanne.Blick85@yahoo.com', 'Micheal', 'reviewed', 'Enim delectus ut earum mollitia vel expedita qui. Vero quia corrupti beatae quia.', 4);
INSERT INTO bid (ct_email, ct_price, start_date, end_date, is_cash, transport_method, pet_owner, pet_name, bid_status, feedback, rating) VALUES ('Herminio.Von@gmail.com', 7, '2020-11-05T19:37:28.109Z', '2020-11-11T04:57:01.875Z', true, 'pickup', 'Filomena.Toy90@yahoo.com', 'Howell', 'reviewed', 'Ducimus repellendus sed provident. Quam molestias libero temporibus et eum ut laudantium.', 4);
INSERT INTO bid (ct_email, ct_price, start_date, end_date, is_cash, transport_method, pet_owner, pet_name, bid_status, feedback, rating) VALUES ('Zoie.Crona0@yahoo.com', 6, '2020-11-05T19:37:28.109Z', '2020-11-11T04:57:01.875Z', true, 'pickup', 'Marianne90@yahoo.com', 'Darwin', 'reviewed', 'Nam velit totam maxime. Ab quis saepe quo magni qui.', 4);
INSERT INTO bid (ct_email, ct_price, start_date, end_date, is_cash, transport_method, pet_owner, pet_name, bid_status, feedback, rating) VALUES ('Kattie96@yahoo.com', 4, '2020-11-05T19:37:28.109Z', '2020-11-11T04:57:01.875Z', true, 'pcs', 'Colten_Ernser81@gmail.com', 'Ayla', 'confirmed', NULL, NULL);
INSERT INTO bid (ct_email, ct_price, start_date, end_date, is_cash, transport_method, pet_owner, pet_name, bid_status, feedback, rating) VALUES ('Trever.Smith38@hotmail.com', 9, '2020-11-05T19:37:28.109Z', '2020-11-11T04:57:01.875Z', true, 'pcs', 'Stevie61@hotmail.com', 'Jalon', 'confirmed', NULL, NULL);
INSERT INTO bid (ct_email, ct_price, start_date, end_date, is_cash, transport_method, pet_owner, pet_name, bid_status, feedback, rating) VALUES ('Mike27@hotmail.com', 8, '2020-11-05T19:37:28.109Z', '2020-11-11T04:57:01.875Z', true, 'delivery', 'Lexus27@hotmail.com', 'Vesta', 'confirmed', NULL, NULL);
INSERT INTO bid (ct_email, ct_price, start_date, end_date, is_cash, transport_method, pet_owner, pet_name, bid_status, feedback, rating) VALUES ('Kasandra_Quitzon@yahoo.com', 6, '2020-11-05T19:37:28.109Z', '2020-11-11T04:57:01.875Z', true, 'pickup', 'Isaac_Blanda@gmail.com', 'Jon', 'confirmed', NULL, NULL);
INSERT INTO bid (ct_email, ct_price, start_date, end_date, is_cash, transport_method, pet_owner, pet_name, bid_status, feedback, rating) VALUES ('Stevie61@hotmail.com', 2, '2020-11-05T19:37:28.109Z', '2020-11-11T04:57:01.875Z', true, 'pickup', 'Kathleen_Wiegand3@hotmail.com', 'Mauricio', 'reviewed', 'Est vitae sed ut dolores non nihil at excepturi voluptas. Quasi expedita omnis harum labore et harum magnam voluptatem.', 5);
INSERT INTO bid (ct_email, ct_price, start_date, end_date, is_cash, transport_method, pet_owner, pet_name, bid_status, feedback, rating) VALUES ('Delfina.Sipes@hotmail.com', 12, '2020-11-05T19:37:28.109Z', '2020-11-11T04:57:01.875Z', true, 'pcs', 'Davon98@gmail.com', 'Clemens', 'reviewed', 'Laborum dicta pariatur veritatis harum dolore nam odit voluptatem similique. Sequi assumenda dolorem et non repudiandae et quo iste excepturi.', 3);
INSERT INTO bid (ct_email, ct_price, start_date, end_date, is_cash, transport_method, pet_owner, pet_name, bid_status, feedback, rating) VALUES ('Dorothy_Kuhn82@yahoo.com', 19, '2020-11-05T19:37:28.109Z', '2020-11-11T04:57:01.875Z', true, 'pcs', 'Crawford23@yahoo.com', 'Cindy', 'reviewed', 'Sapiente accusamus aut nobis dolor veritatis accusamus et. Accusantium et saepe atque laudantium libero hic.', 3);
INSERT INTO bid (ct_email, ct_price, start_date, end_date, is_cash, transport_method, pet_owner, pet_name, bid_status, feedback, rating) VALUES ('Rosanna.Von57@hotmail.com', 19, '2020-11-05T19:37:28.109Z', '2020-11-11T04:57:01.875Z', true, 'pcs', 'Leif_Gerhold64@yahoo.com', 'Krystel', 'reviewed', 'Et aut unde. Ut ad esse corporis consequatur ut voluptatem id.', 3);
INSERT INTO bid (ct_email, ct_price, start_date, end_date, is_cash, transport_method, pet_owner, pet_name, bid_status, feedback, rating) VALUES ('Savion_Smitham@yahoo.com', 0, '2020-11-05T19:37:28.109Z', '2020-11-11T04:57:01.875Z', true, 'pickup', 'Vincent_Deckow88@gmail.com', 'Raoul', 'confirmed', NULL, NULL);
INSERT INTO bid (ct_email, ct_price, start_date, end_date, is_cash, transport_method, pet_owner, pet_name, bid_status, feedback, rating) VALUES ('Lue17@hotmail.com', 4, '2020-11-05T19:37:28.109Z', '2020-11-11T04:57:01.875Z', true, 'pcs', 'Erika_OHara@gmail.com', 'Elna', 'confirmed', NULL, NULL);
INSERT INTO bid (ct_email, ct_price, start_date, end_date, is_cash, transport_method, pet_owner, pet_name, bid_status, feedback, rating) VALUES ('Marietta61@gmail.com', 9, '2020-11-05T19:37:28.109Z', '2020-11-11T04:57:01.875Z', true, 'pickup', 'Mack_Hills26@hotmail.com', 'Aliya', 'reviewed', 'Qui dolorum in dolore. Et ducimus neque eligendi ab adipisci dolor tempora nesciunt.', 3);
INSERT INTO bid (ct_email, ct_price, start_date, end_date, is_cash, transport_method, pet_owner, pet_name, bid_status, feedback, rating) VALUES ('Nicklaus_Schmeler11@hotmail.com', 9, '2020-11-05T19:37:28.109Z', '2020-11-11T04:57:01.875Z', true, 'pickup', 'Doyle_Kuhlman@yahoo.com', 'Alden', 'reviewed', 'Voluptas autem repudiandae reprehenderit ex dignissimos. Et qui magni quia consequuntur quis consequatur.', 3);
INSERT INTO bid (ct_email, ct_price, start_date, end_date, is_cash, transport_method, pet_owner, pet_name, bid_status, feedback, rating) VALUES ('Nadia.Schmidt@yahoo.com', 2, '2020-11-05T19:37:28.109Z', '2020-11-11T04:57:01.875Z', true, 'delivery', 'Easton62@gmail.com', 'Rey', 'reviewed', 'Non aut dignissimos maiores qui similique consequuntur. Odio voluptas consequatur dolorem quo excepturi qui dolorem ut quibusdam.', 4);
INSERT INTO bid (ct_email, ct_price, start_date, end_date, is_cash, transport_method, pet_owner, pet_name, bid_status, feedback, rating) VALUES ('Shanon33@yahoo.com', 13, '2020-11-05T19:37:28.109Z', '2020-11-11T04:57:01.875Z', true, 'pickup', 'Harmony27@gmail.com', 'Sydnie', 'confirmed', NULL, NULL);
INSERT INTO bid (ct_email, ct_price, start_date, end_date, is_cash, transport_method, pet_owner, pet_name, bid_status, feedback, rating) VALUES ('Claude70@hotmail.com', 11, '2020-11-05T19:37:28.109Z', '2020-11-11T04:57:01.875Z', true, 'delivery', 'Domenica_Ondricka1@gmail.com', 'Lilliana', 'reviewed', 'Nostrum nihil eum. Ullam dolorum beatae sit voluptatem sed eum rerum reprehenderit error.', 4);
INSERT INTO bid (ct_email, ct_price, start_date, end_date, is_cash, transport_method, pet_owner, pet_name, bid_status, feedback, rating) VALUES ('Erik.Bartell@hotmail.com', 20, '2020-11-05T19:37:28.109Z', '2020-11-11T04:57:01.875Z', true, 'pickup', 'Werner_Ward@yahoo.com', 'Jonathon', 'confirmed', NULL, NULL);
INSERT INTO bid (ct_email, ct_price, start_date, end_date, is_cash, transport_method, pet_owner, pet_name, bid_status, feedback, rating) VALUES ('Lina33@gmail.com', 0, '2020-11-05T19:37:28.109Z', '2020-11-11T04:57:01.875Z', true, 'pcs', 'Edgar_Lesch@yahoo.com', 'Darrin', 'confirmed', NULL, NULL);
INSERT INTO bid (ct_email, ct_price, start_date, end_date, is_cash, transport_method, pet_owner, pet_name, bid_status, feedback, rating) VALUES ('Demario99@hotmail.com', 17, '2020-11-05T19:37:28.109Z', '2020-11-11T04:57:01.875Z', true, 'pcs', 'Ramon.Heidenreich96@hotmail.com', 'Ayden', 'reviewed', 'Et optio amet. Est architecto consequatur beatae recusandae fugiat reiciendis.', 3);
INSERT INTO bid (ct_email, ct_price, start_date, end_date, is_cash, transport_method, pet_owner, pet_name, bid_status, feedback, rating) VALUES ('Eileen.Reynolds28@hotmail.com', 15, '2020-11-05T19:37:28.109Z', '2020-11-11T04:57:01.875Z', true, 'pickup', 'Eulah_Bechtelar@yahoo.com', 'Sophia', 'confirmed', NULL, NULL);
INSERT INTO bid (ct_email, ct_price, start_date, end_date, is_cash, transport_method, pet_owner, pet_name, bid_status, feedback, rating) VALUES ('Andrew.Sanford@yahoo.com', 16, '2020-11-05T19:37:28.109Z', '2020-11-11T04:57:01.875Z', true, 'pickup', 'Angeline.Wiza46@hotmail.com', 'Elta', 'reviewed', 'Suscipit reprehenderit consequatur ipsa sed quia quos molestiae aut nihil. Aliquid laboriosam a.', 4);
INSERT INTO bid (ct_email, ct_price, start_date, end_date, is_cash, transport_method, pet_owner, pet_name, bid_status, feedback, rating) VALUES ('Ottilie.Carter18@gmail.com', 12, '2020-11-05T19:37:28.109Z', '2020-11-11T04:57:01.875Z', true, 'delivery', 'Reba.Maggio@yahoo.com', 'Pete', 'reviewed', 'Assumenda officia rerum. Iusto et repellendus omnis quia ut officiis voluptatibus.', 5);
INSERT INTO bid (ct_email, ct_price, start_date, end_date, is_cash, transport_method, pet_owner, pet_name, bid_status, feedback, rating) VALUES ('Ruthe88@gmail.com', 1, '2020-11-05T19:37:28.109Z', '2020-11-11T04:57:01.875Z', true, 'delivery', 'Lucio76@gmail.com', 'Gay', 'confirmed', NULL, NULL);
INSERT INTO bid (ct_email, ct_price, start_date, end_date, is_cash, transport_method, pet_owner, pet_name, bid_status, feedback, rating) VALUES ('Ardella_Klocko97@yahoo.com', 8, '2020-11-05T19:37:28.109Z', '2020-11-11T04:57:01.875Z', true, 'pcs', 'Shannon9@hotmail.com', 'Thurman', 'confirmed', NULL, NULL);
INSERT INTO bid (ct_email, ct_price, start_date, end_date, is_cash, transport_method, pet_owner, pet_name, bid_status, feedback, rating) VALUES ('Jovanny43@yahoo.com', 14, '2020-11-05T19:37:28.109Z', '2020-11-11T04:57:01.875Z', true, 'pickup', 'Yvonne5@hotmail.com', 'Elna', 'confirmed', NULL, NULL);
INSERT INTO bid (ct_email, ct_price, start_date, end_date, is_cash, transport_method, pet_owner, pet_name, bid_status, feedback, rating) VALUES ('Rosina.Schneider28@gmail.com', 11, '2020-11-05T19:37:28.109Z', '2020-11-11T04:57:01.875Z', true, 'pcs', 'Kathlyn84@gmail.com', 'Victoria', 'reviewed', 'Distinctio quidem distinctio fugiat sed. Quidem molestiae odit repellendus sequi.', 3);
INSERT INTO bid (ct_email, ct_price, start_date, end_date, is_cash, transport_method, pet_owner, pet_name, bid_status, feedback, rating) VALUES ('Vaughn.Weissnat68@hotmail.com', 10, '2020-11-05T19:37:28.109Z', '2020-11-11T04:57:01.875Z', true, 'pcs', 'Fiona_Wiza13@gmail.com', 'Tia', 'reviewed', 'Earum aliquid rerum quis sunt. Quibusdam quia quas ipsam eos.', 5);
INSERT INTO bid (ct_email, ct_price, start_date, end_date, is_cash, transport_method, pet_owner, pet_name, bid_status, feedback, rating) VALUES ('Tyrese49@hotmail.com', 18, '2020-11-05T19:37:28.109Z', '2020-11-11T04:57:01.875Z', true, 'pickup', 'Kendrick41@hotmail.com', 'Agustina', 'confirmed', NULL, NULL);
INSERT INTO bid (ct_email, ct_price, start_date, end_date, is_cash, transport_method, pet_owner, pet_name, bid_status, feedback, rating) VALUES ('Franco_Nienow6@gmail.com', 5, '2020-11-05T19:37:28.109Z', '2020-11-11T04:57:01.875Z', true, 'delivery', 'Kailey72@yahoo.com', 'Leonie', 'confirmed', NULL, NULL);
INSERT INTO bid (ct_email, ct_price, start_date, end_date, is_cash, transport_method, pet_owner, pet_name, bid_status, feedback, rating) VALUES ('Bailey.Gaylord61@yahoo.com', 5, '2020-11-05T19:37:28.109Z', '2020-11-11T04:57:01.875Z', true, 'delivery', 'Claudia.Heaney66@hotmail.com', 'Itzel', 'reviewed', 'Laborum quos quos fugit quaerat est facilis. Quia excepturi quo harum magnam deserunt optio.', 4);
INSERT INTO bid (ct_email, ct_price, start_date, end_date, is_cash, transport_method, pet_owner, pet_name, bid_status, feedback, rating) VALUES ('Garry88@gmail.com', 5, '2020-11-05T19:37:28.109Z', '2020-11-11T04:57:01.875Z', true, 'pcs', 'Baron52@yahoo.com', 'Guiseppe', 'confirmed', NULL, NULL);
INSERT INTO bid (ct_email, ct_price, start_date, end_date, is_cash, transport_method, pet_owner, pet_name, bid_status, feedback, rating) VALUES ('Katelynn_Jakubowski71@yahoo.com', 3, '2020-11-05T19:37:28.109Z', '2020-11-11T04:57:01.875Z', true, 'delivery', 'Emmanuelle68@gmail.com', 'Gust', 'confirmed', NULL, NULL);
INSERT INTO bid (ct_email, ct_price, start_date, end_date, is_cash, transport_method, pet_owner, pet_name, bid_status, feedback, rating) VALUES ('Andre98@hotmail.com', 12, '2020-11-05T19:37:28.109Z', '2020-11-11T04:57:01.875Z', true, 'pcs', 'Newton_Monahan@gmail.com', 'Alden', 'reviewed', 'Et excepturi ullam et aut quam neque dignissimos autem reprehenderit. Natus rem cum sed qui quo.', 3);
INSERT INTO bid (ct_email, ct_price, start_date, end_date, is_cash, transport_method, pet_owner, pet_name, bid_status, feedback, rating) VALUES ('Florence73@hotmail.com', 6, '2020-11-05T19:37:28.109Z', '2020-11-11T04:57:01.875Z', true, 'delivery', 'Audrey_Davis21@yahoo.com', 'Marjorie', 'reviewed', 'Debitis illum sint quos est est doloremque vel esse autem. Quibusdam assumenda eos deleniti deleniti sapiente qui non voluptatem.', 3);
INSERT INTO bid (ct_email, ct_price, start_date, end_date, is_cash, transport_method, pet_owner, pet_name, bid_status, feedback, rating) VALUES ('Eddie10@yahoo.com', 15, '2020-11-05T19:37:28.109Z', '2020-11-11T04:57:01.875Z', true, 'delivery', 'Harold.Rolfson@hotmail.com', 'Karl', 'reviewed', 'Est rem voluptas possimus tenetur tempore odit cumque. Pariatur cumque quibusdam hic sit delectus aut qui.', 5);
INSERT INTO bid (ct_email, ct_price, start_date, end_date, is_cash, transport_method, pet_owner, pet_name, bid_status, feedback, rating) VALUES ('Samantha_Parker15@yahoo.com', 5, '2020-11-05T19:37:28.109Z', '2020-11-11T04:57:01.875Z', true, 'delivery', 'Carlee.Hansen@gmail.com', 'Frederique', 'reviewed', 'Iusto et quam in. Ut ut quam est vel illo nemo.', 5);
INSERT INTO bid (ct_email, ct_price, start_date, end_date, is_cash, transport_method, pet_owner, pet_name, bid_status, feedback, rating) VALUES ('Beverly69@gmail.com', 20, '2020-11-05T19:37:28.109Z', '2020-11-11T04:57:01.875Z', true, 'pickup', 'Citlalli.Haag76@gmail.com', 'Felicita', 'confirmed', NULL, NULL);
INSERT INTO bid (ct_email, ct_price, start_date, end_date, is_cash, transport_method, pet_owner, pet_name, bid_status, feedback, rating) VALUES ('Wallace_Heidenreich@hotmail.com', 9, '2020-11-05T19:37:28.109Z', '2020-11-11T04:57:01.875Z', true, 'pickup', 'Freddy.Kunze@yahoo.com', 'Orval', 'reviewed', 'Dolor esse suscipit iure iusto animi velit odit in dolorem. Quis et officia facere deleniti asperiores minus qui possimus rerum.', 3);
INSERT INTO bid (ct_email, ct_price, start_date, end_date, is_cash, transport_method, pet_owner, pet_name, bid_status, feedback, rating) VALUES ('Diana_Bradtke@yahoo.com', 18, '2020-11-05T19:37:28.109Z', '2020-11-11T04:57:01.875Z', true, 'pickup', 'Nat62@hotmail.com', 'Arely', 'confirmed', NULL, NULL);
INSERT INTO bid (ct_email, ct_price, start_date, end_date, is_cash, transport_method, pet_owner, pet_name, bid_status, feedback, rating) VALUES ('Vernice.Gaylord@gmail.com', 0, '2020-11-05T19:37:28.109Z', '2020-11-11T04:57:01.875Z', true, 'pickup', 'Isom22@yahoo.com', 'Kendra', 'confirmed', NULL, NULL);
INSERT INTO bid (ct_email, ct_price, start_date, end_date, is_cash, transport_method, pet_owner, pet_name, bid_status, feedback, rating) VALUES ('Alexandro63@yahoo.com', 13, '2020-11-05T19:37:28.109Z', '2020-11-11T04:57:01.875Z', true, 'pickup', 'Kaycee_Yundt46@gmail.com', 'Franco', 'reviewed', 'Velit omnis sed quo. Aut nulla nulla et autem distinctio nemo.', 3);
INSERT INTO bid (ct_email, ct_price, start_date, end_date, is_cash, transport_method, pet_owner, pet_name, bid_status, feedback, rating) VALUES ('Alysa77@hotmail.com', 10, '2020-11-05T19:37:28.109Z', '2020-11-11T04:57:01.875Z', true, 'pickup', 'Raphael78@hotmail.com', 'Lydia', 'confirmed', NULL, NULL);
INSERT INTO bid (ct_email, ct_price, start_date, end_date, is_cash, transport_method, pet_owner, pet_name, bid_status, feedback, rating) VALUES ('Sonia.Medhurst@yahoo.com', 17, '2020-11-05T19:37:28.109Z', '2020-11-11T04:57:01.875Z', true, 'pickup', 'Kaya_Miller@yahoo.com', 'Penelope', 'confirmed', NULL, NULL);
INSERT INTO bid (ct_email, ct_price, start_date, end_date, is_cash, transport_method, pet_owner, pet_name, bid_status, feedback, rating) VALUES ('Jamel44@yahoo.com', 18, '2020-11-05T19:37:28.109Z', '2020-11-11T04:57:01.875Z', true, 'delivery', 'Eleanore34@hotmail.com', 'Lina', 'confirmed', NULL, NULL);
INSERT INTO bid (ct_email, ct_price, start_date, end_date, is_cash, transport_method, pet_owner, pet_name, bid_status, feedback, rating) VALUES ('Janessa71@hotmail.com', 20, '2020-11-05T19:37:28.109Z', '2020-11-11T04:57:01.875Z', true, 'delivery', 'Adriel65@gmail.com', 'Junius', 'reviewed', 'Officia labore exercitationem. Maiores tempora iste dolorem ut tempore molestiae aut enim.', 4);
INSERT INTO bid (ct_email, ct_price, start_date, end_date, is_cash, transport_method, pet_owner, pet_name, bid_status, feedback, rating) VALUES ('Buford28@yahoo.com', 11, '2020-11-05T19:37:28.109Z', '2020-11-11T04:57:01.875Z', true, 'pcs', 'Jerome.Bauch@yahoo.com', 'Reagan', 'confirmed', NULL, NULL);
INSERT INTO bid (ct_email, ct_price, start_date, end_date, is_cash, transport_method, pet_owner, pet_name, bid_status, feedback, rating) VALUES ('Chandler.Sipes@yahoo.com', 6, '2020-11-05T19:37:28.109Z', '2020-11-11T04:57:01.875Z', true, 'pickup', 'Rebecca20@yahoo.com', 'Miguel', 'confirmed', NULL, NULL);
INSERT INTO bid (ct_email, ct_price, start_date, end_date, is_cash, transport_method, pet_owner, pet_name, bid_status, feedback, rating) VALUES ('Yvonne5@hotmail.com', 16, '2020-11-05T19:37:28.109Z', '2020-11-11T04:57:01.875Z', true, 'delivery', 'Corbin_Predovic1@yahoo.com', 'Kyle', 'reviewed', 'Ipsa et ea sed. Rerum eum earum dolorem non.', 3);
INSERT INTO bid (ct_email, ct_price, start_date, end_date, is_cash, transport_method, pet_owner, pet_name, bid_status, feedback, rating) VALUES ('Else.Schneider@gmail.com', 19, '2020-11-05T19:37:28.109Z', '2020-11-11T04:57:01.875Z', true, 'delivery', 'Krista78@yahoo.com', 'Gregg', 'confirmed', NULL, NULL);
INSERT INTO bid (ct_email, ct_price, start_date, end_date, is_cash, transport_method, pet_owner, pet_name, bid_status, feedback, rating) VALUES ('Fiona_Wiza13@gmail.com', 8, '2020-11-05T19:37:28.109Z', '2020-11-11T04:57:01.875Z', true, 'delivery', 'Emmanuelle_Christiansen20@yahoo.com', 'Everette', 'confirmed', NULL, NULL);
INSERT INTO bid (ct_email, ct_price, start_date, end_date, is_cash, transport_method, pet_owner, pet_name, bid_status, feedback, rating) VALUES ('Billie86@gmail.com', 1, '2020-11-05T19:37:28.109Z', '2020-11-11T04:57:01.875Z', true, 'pcs', 'Alejandra_Medhurst@gmail.com', 'Misty', 'reviewed', 'Officia voluptates excepturi porro dolorum reiciendis. Iusto sed animi distinctio quaerat.', 3);
INSERT INTO bid (ct_email, ct_price, start_date, end_date, is_cash, transport_method, pet_owner, pet_name, bid_status, feedback, rating) VALUES ('Grant_Kerluke64@yahoo.com', 4, '2020-11-05T19:37:28.109Z', '2020-11-11T04:57:01.875Z', true, 'pickup', 'Erik.Bartell@hotmail.com', 'Tommie', 'reviewed', 'Excepturi quis velit ex temporibus corrupti eos consequatur velit. Veritatis autem illo molestias.', 3);
INSERT INTO bid (ct_email, ct_price, start_date, end_date, is_cash, transport_method, pet_owner, pet_name, bid_status, feedback, rating) VALUES ('Josh_Koelpin7@hotmail.com', 19, '2020-11-05T19:37:28.109Z', '2020-11-11T04:57:01.875Z', true, 'delivery', 'Merritt.Bradtke@gmail.com', 'Yadira', 'confirmed', NULL, NULL);
INSERT INTO bid (ct_email, ct_price, start_date, end_date, is_cash, transport_method, pet_owner, pet_name, bid_status, feedback, rating) VALUES ('Dena11@gmail.com', 2, '2020-11-05T19:37:28.109Z', '2020-11-11T04:57:01.875Z', true, 'delivery', 'Carlie_Erdman@hotmail.com', 'Murphy', 'reviewed', 'Voluptate id accusantium sit necessitatibus ut reiciendis ut accusamus. Perspiciatis autem voluptas.', 5);
INSERT INTO bid (ct_email, ct_price, start_date, end_date, is_cash, transport_method, pet_owner, pet_name, bid_status, feedback, rating) VALUES ('Barry_Waelchi@yahoo.com', 3, '2020-11-05T19:37:28.109Z', '2020-11-11T04:57:01.875Z', true, 'pickup', 'Cicero.Ondricka@gmail.com', 'Lonie', 'confirmed', NULL, NULL);
INSERT INTO bid (ct_email, ct_price, start_date, end_date, is_cash, transport_method, pet_owner, pet_name, bid_status, feedback, rating) VALUES ('Kip_Thiel70@yahoo.com', 17, '2020-11-05T19:37:28.109Z', '2020-11-11T04:57:01.875Z', true, 'pcs', 'Eldon.Gislason@gmail.com', 'Jeremy', 'confirmed', NULL, NULL);
INSERT INTO bid (ct_email, ct_price, start_date, end_date, is_cash, transport_method, pet_owner, pet_name, bid_status, feedback, rating) VALUES ('Jackson1@gmail.com', 2, '2020-11-05T19:37:28.109Z', '2020-11-11T04:57:01.875Z', true, 'pcs', 'Yasmine_Jenkins69@gmail.com', 'Jarrett', 'confirmed', NULL, NULL);
INSERT INTO bid (ct_email, ct_price, start_date, end_date, is_cash, transport_method, pet_owner, pet_name, bid_status, feedback, rating) VALUES ('Kadin.Schuppe@hotmail.com', 19, '2020-11-05T19:37:28.109Z', '2020-11-11T04:57:01.875Z', true, 'pickup', 'Orlando79@yahoo.com', 'Aiden', 'confirmed', NULL, NULL);
INSERT INTO bid (ct_email, ct_price, start_date, end_date, is_cash, transport_method, pet_owner, pet_name, bid_status, feedback, rating) VALUES ('Wilton43@hotmail.com', 7, '2020-11-05T19:37:28.109Z', '2020-11-11T04:57:01.875Z', true, 'pcs', 'Adelle.Labadie@hotmail.com', 'Shaina', 'confirmed', NULL, NULL);
INSERT INTO bid (ct_email, ct_price, start_date, end_date, is_cash, transport_method, pet_owner, pet_name, bid_status, feedback, rating) VALUES ('Angelita_Herman70@hotmail.com', 17, '2020-11-05T19:37:28.109Z', '2020-11-11T04:57:01.875Z', true, 'pickup', 'Vilma.Schneider91@gmail.com', 'Laisha', 'reviewed', 'Praesentium perferendis fuga et error. Nobis est et minus aut voluptatem non voluptates temporibus consequatur.', 3);
INSERT INTO bid (ct_email, ct_price, start_date, end_date, is_cash, transport_method, pet_owner, pet_name, bid_status, feedback, rating) VALUES ('Katlynn84@hotmail.com', 17, '2020-11-05T19:37:28.109Z', '2020-11-11T04:57:01.875Z', true, 'delivery', 'Dakota.Kuvalis@hotmail.com', 'Fern', 'confirmed', NULL, NULL);
INSERT INTO bid (ct_email, ct_price, start_date, end_date, is_cash, transport_method, pet_owner, pet_name, bid_status, feedback, rating) VALUES ('Estevan.Moore79@yahoo.com', 3, '2020-11-05T19:37:28.109Z', '2020-11-11T04:57:01.875Z', true, 'pickup', 'Kyler32@hotmail.com', 'Marcellus', 'reviewed', 'Hic ullam autem error laborum tempora velit amet. Rerum quibusdam dolore laudantium.', 5);
INSERT INTO bid (ct_email, ct_price, start_date, end_date, is_cash, transport_method, pet_owner, pet_name, bid_status, feedback, rating) VALUES ('Jimmy.Koch40@gmail.com', 3, '2020-11-05T19:37:28.109Z', '2020-11-11T04:57:01.875Z', true, 'pickup', 'Ivah.Pouros64@gmail.com', 'Asha', 'reviewed', 'Dolorem qui optio rerum. Quis quia asperiores ut sed velit quae quos laudantium dolorem.', 5);
INSERT INTO bid (ct_email, ct_price, start_date, end_date, is_cash, transport_method, pet_owner, pet_name, bid_status, feedback, rating) VALUES ('Harley_Boehm@yahoo.com', 3, '2020-11-05T19:37:28.109Z', '2020-11-11T04:57:01.875Z', true, 'pickup', 'Dalton38@gmail.com', 'Axel', 'reviewed', 'Dolorum temporibus error quibusdam. Tempora pariatur nulla assumenda veritatis consequatur id praesentium est.', 3);
INSERT INTO bid (ct_email, ct_price, start_date, end_date, is_cash, transport_method, pet_owner, pet_name, bid_status, feedback, rating) VALUES ('Gardner.Kuvalis@gmail.com', 9, '2020-11-05T19:37:28.109Z', '2020-11-11T04:57:01.875Z', true, 'pcs', 'Mckenna.Grimes@hotmail.com', 'Audreanne', 'confirmed', NULL, NULL);
INSERT INTO bid (ct_email, ct_price, start_date, end_date, is_cash, transport_method, pet_owner, pet_name, bid_status, feedback, rating) VALUES ('Edwina92@gmail.com', 6, '2020-11-05T19:37:28.109Z', '2020-11-11T04:57:01.875Z', true, 'delivery', 'Otis.Lubowitz47@hotmail.com', 'Ferne', 'reviewed', 'Provident dolores culpa ratione mollitia quos impedit quis. Nam impedit atque sequi quam vel est.', 4);
INSERT INTO bid (ct_email, ct_price, start_date, end_date, is_cash, transport_method, pet_owner, pet_name, bid_status, feedback, rating) VALUES ('Mable_Daugherty99@hotmail.com', 18, '2020-11-05T19:37:28.109Z', '2020-11-11T04:57:01.875Z', true, 'pickup', 'Flavie_Pacocha7@yahoo.com', 'Jules', 'confirmed', NULL, NULL);
INSERT INTO bid (ct_email, ct_price, start_date, end_date, is_cash, transport_method, pet_owner, pet_name, bid_status, feedback, rating) VALUES ('Leon_Kulas@yahoo.com', 5, '2020-11-05T19:37:28.109Z', '2020-11-11T04:57:01.875Z', true, 'pcs', 'Montana_Osinski@yahoo.com', 'Vincenza', 'reviewed', 'Officia ut sequi deleniti et temporibus rem labore sit. Sed sed amet.', 4);
INSERT INTO bid (ct_email, ct_price, start_date, end_date, is_cash, transport_method, pet_owner, pet_name, bid_status, feedback, rating) VALUES ('Lane.Hegmann41@gmail.com', 7, '2020-11-05T19:37:28.109Z', '2020-11-11T04:57:01.875Z', true, 'delivery', 'Royce84@gmail.com', 'Reba', 'reviewed', 'Est natus quos amet et autem. Eos voluptas possimus.', 3);
INSERT INTO bid (ct_email, ct_price, start_date, end_date, is_cash, transport_method, pet_owner, pet_name, bid_status, feedback, rating) VALUES ('Hanna.Homenick31@yahoo.com', 12, '2020-11-05T19:37:28.109Z', '2020-11-11T04:57:01.875Z', true, 'pickup', 'Tracey4@hotmail.com', 'Dianna', 'confirmed', NULL, NULL);
INSERT INTO bid (ct_email, ct_price, start_date, end_date, is_cash, transport_method, pet_owner, pet_name, bid_status, feedback, rating) VALUES ('Antwan56@yahoo.com', 3, '2020-11-05T19:37:28.109Z', '2020-11-11T04:57:01.875Z', true, 'delivery', 'Werner7@hotmail.com', 'Jalen', 'reviewed', 'Dolorem doloremque est tempora. Quas non saepe qui eveniet.', 3);
INSERT INTO bid (ct_email, ct_price, start_date, end_date, is_cash, transport_method, pet_owner, pet_name, bid_status, feedback, rating) VALUES ('Mack_Hills26@hotmail.com', 19, '2020-11-05T19:37:28.109Z', '2020-11-11T04:57:01.875Z', true, 'delivery', 'Sandy.Tremblay63@yahoo.com', 'Forrest', 'reviewed', 'Illum unde enim est dolores vero occaecati eligendi officia. Quas veniam perferendis autem totam id quibusdam.', 3);
INSERT INTO bid (ct_email, ct_price, start_date, end_date, is_cash, transport_method, pet_owner, pet_name, bid_status, feedback, rating) VALUES ('Elton_Schiller@gmail.com', 8, '2020-11-05T19:37:28.109Z', '2020-11-11T04:57:01.875Z', true, 'pickup', 'Sidney20@gmail.com', 'Raheem', 'confirmed', NULL, NULL);
INSERT INTO bid (ct_email, ct_price, start_date, end_date, is_cash, transport_method, pet_owner, pet_name, bid_status, feedback, rating) VALUES ('Gianni.Koelpin55@hotmail.com', 2, '2020-11-05T19:37:28.109Z', '2020-11-11T04:57:01.875Z', true, 'pcs', 'Seth.Rau@yahoo.com', 'Haleigh', 'confirmed', NULL, NULL);
INSERT INTO bid (ct_email, ct_price, start_date, end_date, is_cash, transport_method, pet_owner, pet_name, bid_status, feedback, rating) VALUES ('Hulda_Quitzon26@yahoo.com', 19, '2020-11-05T19:37:28.109Z', '2020-11-11T04:57:01.875Z', true, 'delivery', 'Torrance49@hotmail.com', 'Concepcion', 'reviewed', 'Facere dolorem in cum. Fuga a non id consequatur debitis quas.', 5);
INSERT INTO bid (ct_email, ct_price, start_date, end_date, is_cash, transport_method, pet_owner, pet_name, bid_status, feedback, rating) VALUES ('Scottie.Frami3@gmail.com', 11, '2020-11-05T19:37:28.109Z', '2020-11-11T04:57:01.875Z', true, 'pcs', 'Ismael_Senger@hotmail.com', 'Maribel', 'reviewed', 'Non odit repudiandae quis eius magnam et rem unde molestiae. Et eum accusamus nulla.', 5);
INSERT INTO bid (ct_email, ct_price, start_date, end_date, is_cash, transport_method, pet_owner, pet_name, bid_status, feedback, rating) VALUES ('Carmela55@gmail.com', 20, '2020-11-05T19:37:28.109Z', '2020-11-11T04:57:01.875Z', true, 'delivery', 'Luna.Schoen18@yahoo.com', 'Adalberto', 'reviewed', 'Et sunt sed corporis perferendis est consequatur vel repellat. Fugiat quos quisquam.', 3);
INSERT INTO bid (ct_email, ct_price, start_date, end_date, is_cash, transport_method, pet_owner, pet_name, bid_status, feedback, rating) VALUES ('Yasmine_Jenkins69@gmail.com', 20, '2020-11-05T19:37:28.109Z', '2020-11-11T04:57:01.875Z', true, 'pickup', 'Alysa77@hotmail.com', 'Moshe', 'reviewed', 'Reprehenderit quibusdam corrupti voluptatem et in non sapiente. Eum incidunt dolor nobis porro sit sint.', 5);
INSERT INTO bid (ct_email, ct_price, start_date, end_date, is_cash, transport_method, pet_owner, pet_name, bid_status, feedback, rating) VALUES ('Barry.Rodriguez82@yahoo.com', 11, '2020-11-05T19:37:28.109Z', '2020-11-11T04:57:01.875Z', true, 'pcs', 'Ilene_McCullough@gmail.com', 'Francisco', 'reviewed', 'Odio natus omnis. Neque distinctio cumque debitis animi assumenda voluptate omnis vel.', 3);
INSERT INTO bid (ct_email, ct_price, start_date, end_date, is_cash, transport_method, pet_owner, pet_name, bid_status, feedback, rating) VALUES ('Ben_Johns@yahoo.com', 0, '2020-11-05T19:37:28.109Z', '2020-11-11T04:57:01.875Z', true, 'delivery', 'Gerson_Harvey99@hotmail.com', 'Rylan', 'confirmed', NULL, NULL);
INSERT INTO bid (ct_email, ct_price, start_date, end_date, is_cash, transport_method, pet_owner, pet_name, bid_status, feedback, rating) VALUES ('Lon_Crooks@gmail.com', 8, '2020-11-05T19:37:28.109Z', '2020-11-11T04:57:01.875Z', true, 'pcs', 'Chesley.Brekke@yahoo.com', 'Aliya', 'confirmed', NULL, NULL);
INSERT INTO bid (ct_email, ct_price, start_date, end_date, is_cash, transport_method, pet_owner, pet_name, bid_status, feedback, rating) VALUES ('Yvonne_Rogahn@gmail.com', 12, '2020-11-05T19:37:28.109Z', '2020-11-11T04:57:01.875Z', true, 'pcs', 'Kasey32@gmail.com', 'Meta', 'reviewed', 'Molestiae perferendis ea sunt laborum necessitatibus rerum. Molestias accusamus ab.', 3);
INSERT INTO bid (ct_email, ct_price, start_date, end_date, is_cash, transport_method, pet_owner, pet_name, bid_status, feedback, rating) VALUES ('Elody_Hudson@hotmail.com', 12, '2020-11-05T19:37:28.109Z', '2020-11-11T04:57:01.875Z', true, 'pickup', 'Roselyn.Sawayn@hotmail.com', 'Gabriella', 'reviewed', 'Temporibus eius pariatur. Deserunt et ullam quae atque.', 4);
INSERT INTO bid (ct_email, ct_price, start_date, end_date, is_cash, transport_method, pet_owner, pet_name, bid_status, feedback, rating) VALUES ('Coleman_Goldner@hotmail.com', 20, '2020-11-05T19:37:28.109Z', '2020-11-11T04:57:01.875Z', true, 'pickup', 'Jany95@gmail.com', 'Johanna', 'reviewed', 'Quis numquam ratione et et. Praesentium aliquam modi non facere distinctio distinctio amet aut.', 4);
INSERT INTO bid (ct_email, ct_price, start_date, end_date, is_cash, transport_method, pet_owner, pet_name, bid_status, feedback, rating) VALUES ('Mark46@gmail.com', 4, '2020-11-05T19:37:28.109Z', '2020-11-11T04:57:01.875Z', true, 'delivery', 'Eveline.Bergstrom@hotmail.com', 'Cristal', 'confirmed', NULL, NULL);
INSERT INTO bid (ct_email, ct_price, start_date, end_date, is_cash, transport_method, pet_owner, pet_name, bid_status, feedback, rating) VALUES ('Joana_Bednar@gmail.com', 8, '2020-11-05T19:37:28.109Z', '2020-11-11T04:57:01.875Z', true, 'pickup', 'Trever60@hotmail.com', 'Chase', 'confirmed', NULL, NULL);
INSERT INTO bid (ct_email, ct_price, start_date, end_date, is_cash, transport_method, pet_owner, pet_name, bid_status, feedback, rating) VALUES ('Stacy69@gmail.com', 2, '2020-11-05T19:37:28.109Z', '2020-11-11T04:57:01.875Z', true, 'delivery', 'Jovanny.Spinka95@hotmail.com', 'Norene', 'confirmed', NULL, NULL);
INSERT INTO bid (ct_email, ct_price, start_date, end_date, is_cash, transport_method, pet_owner, pet_name, bid_status, feedback, rating) VALUES ('Ansley10@yahoo.com', 15, '2020-11-05T19:37:28.109Z', '2020-11-11T04:57:01.875Z', true, 'pcs', 'Keira23@gmail.com', 'Fabian', 'confirmed', NULL, NULL);
INSERT INTO bid (ct_email, ct_price, start_date, end_date, is_cash, transport_method, pet_owner, pet_name, bid_status, feedback, rating) VALUES ('Ilene_McCullough@gmail.com', 6, '2020-11-05T19:37:28.109Z', '2020-11-11T04:57:01.875Z', true, 'pcs', 'Arianna.Waelchi@gmail.com', 'Wiley', 'reviewed', 'Dicta amet aut. Dolor accusamus voluptates consequatur est.', 5);
INSERT INTO bid (ct_email, ct_price, start_date, end_date, is_cash, transport_method, pet_owner, pet_name, bid_status, feedback, rating) VALUES ('Elody.Gusikowski@hotmail.com', 19, '2020-11-05T19:37:28.109Z', '2020-11-11T04:57:01.875Z', true, 'pcs', 'Eloise_Raynor72@yahoo.com', 'Werner', 'reviewed', 'Perferendis sed dolores adipisci beatae aut tempore debitis aliquam magnam. Enim nobis similique ipsa asperiores dicta.', 4);
INSERT INTO bid (ct_email, ct_price, start_date, end_date, is_cash, transport_method, pet_owner, pet_name, bid_status, feedback, rating) VALUES ('Cayla_Rodriguez@gmail.com', 12, '2020-11-05T19:37:28.109Z', '2020-11-11T04:57:01.875Z', true, 'delivery', 'Audrey.Hills@hotmail.com', 'Ronny', 'confirmed', NULL, NULL);
INSERT INTO bid (ct_email, ct_price, start_date, end_date, is_cash, transport_method, pet_owner, pet_name, bid_status, feedback, rating) VALUES ('Dorthy10@gmail.com', 18, '2020-11-05T19:37:28.109Z', '2020-11-11T04:57:01.875Z', true, 'pcs', 'Abelardo_Stamm@gmail.com', 'Derick', 'reviewed', 'Modi et ducimus quia dolores. Quae fugiat dolores.', 3);
INSERT INTO bid (ct_email, ct_price, start_date, end_date, is_cash, transport_method, pet_owner, pet_name, bid_status, feedback, rating) VALUES ('Lou.Medhurst@hotmail.com', 17, '2020-11-05T19:37:28.109Z', '2020-11-11T04:57:01.875Z', true, 'pcs', 'Reynold14@gmail.com', 'Warren', 'confirmed', NULL, NULL);
INSERT INTO bid (ct_email, ct_price, start_date, end_date, is_cash, transport_method, pet_owner, pet_name, bid_status, feedback, rating) VALUES ('Freeda.Treutel@yahoo.com', 6, '2020-11-05T19:37:28.109Z', '2020-11-11T04:57:01.875Z', true, 'pcs', 'Janessa71@hotmail.com', 'Frankie', 'confirmed', NULL, NULL);
INSERT INTO bid (ct_email, ct_price, start_date, end_date, is_cash, transport_method, pet_owner, pet_name, bid_status, feedback, rating) VALUES ('Mustafa.Ratke@yahoo.com', 20, '2020-11-05T19:37:28.109Z', '2020-11-11T04:57:01.875Z', true, 'pcs', 'Junius.Hayes76@hotmail.com', 'Oceane', 'reviewed', 'Ipsam aut beatae consequatur quibusdam. Velit quaerat nesciunt neque autem quia facere eaque est.', 3);
INSERT INTO bid (ct_email, ct_price, start_date, end_date, is_cash, transport_method, pet_owner, pet_name, bid_status, feedback, rating) VALUES ('Adah9@hotmail.com', 19, '2020-11-05T19:37:28.109Z', '2020-11-11T04:57:01.875Z', true, 'pickup', 'Halie49@hotmail.com', 'Onie', 'confirmed', NULL, NULL);
INSERT INTO bid (ct_email, ct_price, start_date, end_date, is_cash, transport_method, pet_owner, pet_name, bid_status, feedback, rating) VALUES ('Amira65@hotmail.com', 0, '2020-11-05T19:37:28.109Z', '2020-11-11T04:57:01.875Z', true, 'delivery', 'Velva99@hotmail.com', 'Frankie', 'reviewed', 'Quidem quae ad magni molestias. Voluptatum praesentium in illo.', 5);
INSERT INTO bid (ct_email, ct_price, start_date, end_date, is_cash, transport_method, pet_owner, pet_name, bid_status, feedback, rating) VALUES ('Virginia38@yahoo.com', 12, '2020-11-05T19:37:28.109Z', '2020-11-11T04:57:01.875Z', true, 'delivery', 'Chadd87@yahoo.com', 'Selmer', 'reviewed', 'Corrupti nostrum modi optio et accusantium laborum eveniet quibusdam. Nisi et deserunt quibusdam ut delectus numquam ab sunt repellat.', 3);
INSERT INTO bid (ct_email, ct_price, start_date, end_date, is_cash, transport_method, pet_owner, pet_name, bid_status, feedback, rating) VALUES ('Duncan87@gmail.com', 6, '2020-11-05T19:37:28.109Z', '2020-11-11T04:57:01.875Z', true, 'pickup', 'Mariano54@gmail.com', 'Josefa', 'reviewed', 'Voluptatem et tempora et qui illo. Neque delectus eos rerum nostrum nisi culpa.', 5);
INSERT INTO bid (ct_email, ct_price, start_date, end_date, is_cash, transport_method, pet_owner, pet_name, bid_status, feedback, rating) VALUES ('Haylee24@gmail.com', 15, '2020-11-05T19:37:28.109Z', '2020-11-11T04:57:01.875Z', true, 'delivery', 'Dorian_Rice@hotmail.com', 'Davion', 'confirmed', NULL, NULL);
INSERT INTO bid (ct_email, ct_price, start_date, end_date, is_cash, transport_method, pet_owner, pet_name, bid_status, feedback, rating) VALUES ('Jewell_Bahringer55@gmail.com', 10, '2020-11-05T19:37:28.109Z', '2020-11-11T04:57:01.875Z', true, 'delivery', 'Bennett6@gmail.com', 'Maxie', 'confirmed', NULL, NULL);
INSERT INTO bid (ct_email, ct_price, start_date, end_date, is_cash, transport_method, pet_owner, pet_name, bid_status, feedback, rating) VALUES ('Nella.Bailey@gmail.com', 19, '2020-11-05T19:37:28.109Z', '2020-11-11T04:57:01.875Z', true, 'pickup', 'Bradford_Ondricka33@yahoo.com', 'Kaela', 'reviewed', 'Molestiae labore numquam perferendis in eum provident. Optio et asperiores recusandae laboriosam sequi corrupti consequatur neque.', 3);
INSERT INTO bid (ct_email, ct_price, start_date, end_date, is_cash, transport_method, pet_owner, pet_name, bid_status, feedback, rating) VALUES ('Katharina.Kautzer97@gmail.com', 9, '2020-11-05T19:37:28.109Z', '2020-11-11T04:57:01.875Z', true, 'delivery', 'Kennith_Hane@gmail.com', 'Forrest', 'reviewed', 'Inventore facere aut sit qui est est vitae aut. Expedita in maiores error consectetur consequatur et.', 5);
INSERT INTO bid (ct_email, ct_price, start_date, end_date, is_cash, transport_method, pet_owner, pet_name, bid_status, feedback, rating) VALUES ('Gus.Adams@hotmail.com', 0, '2020-11-05T19:37:28.109Z', '2020-11-11T04:57:01.875Z', true, 'pickup', 'Eddie_Murray@gmail.com', 'Morton', 'confirmed', NULL, NULL);
INSERT INTO bid (ct_email, ct_price, start_date, end_date, is_cash, transport_method, pet_owner, pet_name, bid_status, feedback, rating) VALUES ('Kristian7@gmail.com', 12, '2020-11-05T19:37:28.109Z', '2020-11-11T04:57:01.875Z', true, 'pickup', 'Brenna17@gmail.com', 'Laron', 'confirmed', NULL, NULL);
INSERT INTO bid (ct_email, ct_price, start_date, end_date, is_cash, transport_method, pet_owner, pet_name, bid_status, feedback, rating) VALUES ('Tatyana.Lowe@yahoo.com', 1, '2020-11-05T19:37:28.109Z', '2020-11-11T04:57:01.875Z', true, 'pcs', 'Carole81@yahoo.com', 'Shyann', 'reviewed', 'Voluptates eum atque sunt. Excepturi illum cum inventore.', 4);
INSERT INTO bid (ct_email, ct_price, start_date, end_date, is_cash, transport_method, pet_owner, pet_name, bid_status, feedback, rating) VALUES ('Nat62@hotmail.com', 15, '2020-11-05T19:37:28.109Z', '2020-11-11T04:57:01.875Z', true, 'pcs', 'Leta_Crona@yahoo.com', 'Jeanne', 'confirmed', NULL, NULL);
INSERT INTO bid (ct_email, ct_price, start_date, end_date, is_cash, transport_method, pet_owner, pet_name, bid_status, feedback, rating) VALUES ('Heloise_OKeefe@yahoo.com', 13, '2020-11-05T19:37:28.109Z', '2020-11-11T04:57:01.875Z', true, 'pcs', 'Russel25@gmail.com', 'Leonel', 'confirmed', NULL, NULL);
INSERT INTO bid (ct_email, ct_price, start_date, end_date, is_cash, transport_method, pet_owner, pet_name, bid_status, feedback, rating) VALUES ('Gloria_Zemlak@gmail.com', 7, '2020-11-05T19:37:28.109Z', '2020-11-11T04:57:01.875Z', true, 'pcs', 'Tyrese49@hotmail.com', 'Clemens', 'reviewed', 'Molestiae ipsam dolor fuga. Libero debitis repellendus eos debitis facilis saepe vel.', 3);
INSERT INTO bid (ct_email, ct_price, start_date, end_date, is_cash, transport_method, pet_owner, pet_name, bid_status, feedback, rating) VALUES ('Jaquelin40@yahoo.com', 0, '2020-11-05T19:37:28.109Z', '2020-11-11T04:57:01.875Z', true, 'pickup', 'Paula.Price@yahoo.com', 'Brett', 'reviewed', 'Eius fugiat voluptas quis aut at sint nam. Perferendis non expedita cum consequatur et voluptas.', 4);
INSERT INTO bid (ct_email, ct_price, start_date, end_date, is_cash, transport_method, pet_owner, pet_name, bid_status, feedback, rating) VALUES ('Jacques.Cummings@hotmail.com', 13, '2020-11-05T19:37:28.109Z', '2020-11-11T04:57:01.875Z', true, 'pickup', 'Natalia_Stoltenberg3@hotmail.com', 'Luther', 'confirmed', NULL, NULL);
INSERT INTO bid (ct_email, ct_price, start_date, end_date, is_cash, transport_method, pet_owner, pet_name, bid_status, feedback, rating) VALUES ('Werner7@hotmail.com', 14, '2020-11-05T19:37:28.109Z', '2020-11-11T04:57:01.875Z', true, 'pickup', 'Melvin.Stoltenberg@yahoo.com', 'Jesus', 'reviewed', 'Culpa aperiam amet alias beatae id nam provident sint facere. Sunt omnis dolorem ipsa necessitatibus autem sequi.', 4);
INSERT INTO bid (ct_email, ct_price, start_date, end_date, is_cash, transport_method, pet_owner, pet_name, bid_status, feedback, rating) VALUES ('Candace_Terry29@hotmail.com', 4, '2020-11-05T19:37:28.109Z', '2020-11-11T04:57:01.875Z', true, 'delivery', 'Alvera.Weissnat@hotmail.com', 'Karen', 'confirmed', NULL, NULL);
INSERT INTO bid (ct_email, ct_price, start_date, end_date, is_cash, transport_method, pet_owner, pet_name, bid_status, feedback, rating) VALUES ('Kailey86@yahoo.com', 4, '2020-11-05T19:37:28.109Z', '2020-11-11T04:57:01.875Z', true, 'pcs', 'Anissa.Volkman@hotmail.com', 'Nettie', 'confirmed', NULL, NULL);
INSERT INTO bid (ct_email, ct_price, start_date, end_date, is_cash, transport_method, pet_owner, pet_name, bid_status, feedback, rating) VALUES ('Gudrun38@yahoo.com', 1, '2020-11-05T19:37:28.109Z', '2020-11-11T04:57:01.875Z', true, 'delivery', 'Sarina.Goyette34@gmail.com', 'Marta', 'reviewed', 'Aut assumenda totam sint. Labore ducimus laboriosam explicabo atque.', 3);
INSERT INTO bid (ct_email, ct_price, start_date, end_date, is_cash, transport_method, pet_owner, pet_name, bid_status, feedback, rating) VALUES ('Keeley71@yahoo.com', 5, '2020-11-05T19:37:28.109Z', '2020-11-11T04:57:01.875Z', true, 'pickup', 'Alene.OConner24@hotmail.com', 'Malika', 'reviewed', 'Praesentium est nulla quia. Quisquam temporibus harum eveniet explicabo delectus magnam sint maxime quisquam.', 4);
INSERT INTO bid (ct_email, ct_price, start_date, end_date, is_cash, transport_method, pet_owner, pet_name, bid_status, feedback, rating) VALUES ('Alverta40@gmail.com', 15, '2020-11-05T19:37:28.109Z', '2020-11-11T04:57:01.875Z', true, 'pickup', 'Jamaal.Jacobs38@hotmail.com', 'Glennie', 'confirmed', NULL, NULL);
INSERT INTO bid (ct_email, ct_price, start_date, end_date, is_cash, transport_method, pet_owner, pet_name, bid_status, feedback, rating) VALUES ('Luna.Schoen18@yahoo.com', 16, '2020-11-05T19:37:28.109Z', '2020-11-11T04:57:01.875Z', true, 'pickup', 'Kathryn.White@yahoo.com', 'Ebony', 'reviewed', 'Qui quas consequatur voluptas voluptas earum voluptatem ipsa doloremque. Nobis aspernatur eum quaerat.', 3);
INSERT INTO bid (ct_email, ct_price, start_date, end_date, is_cash, transport_method, pet_owner, pet_name, bid_status, feedback, rating) VALUES ('Candelario.Schowalter79@hotmail.com', 0, '2020-11-05T19:37:28.109Z', '2020-11-11T04:57:01.875Z', true, 'pickup', 'Milton_Marvin81@gmail.com', 'Raina', 'confirmed', NULL, NULL);
INSERT INTO bid (ct_email, ct_price, start_date, end_date, is_cash, transport_method, pet_owner, pet_name, bid_status, feedback, rating) VALUES ('Joana4@hotmail.com', 3, '2020-11-05T19:37:28.109Z', '2020-11-11T04:57:01.875Z', true, 'delivery', 'Taurean.Wilderman@gmail.com', 'Keely', 'confirmed', NULL, NULL);
INSERT INTO bid (ct_email, ct_price, start_date, end_date, is_cash, transport_method, pet_owner, pet_name, bid_status, feedback, rating) VALUES ('Hailie_Stracke@hotmail.com', 11, '2020-11-05T19:37:28.109Z', '2020-11-11T04:57:01.875Z', true, 'pcs', 'Cheyanne_Cronin97@gmail.com', 'Bulah', 'reviewed', 'Eligendi officiis delectus rerum quasi rerum sunt aliquid delectus. Asperiores asperiores numquam in iste culpa recusandae.', 4);
INSERT INTO bid (ct_email, ct_price, start_date, end_date, is_cash, transport_method, pet_owner, pet_name, bid_status, feedback, rating) VALUES ('Bart_Glover@yahoo.com', 11, '2020-11-05T19:37:28.109Z', '2020-11-11T04:57:01.875Z', true, 'delivery', 'Carolyne_Sipes@hotmail.com', 'Eleanora', 'reviewed', 'Minus odit quos perspiciatis fuga quod quia corrupti sed dolor. Aliquam perferendis eos est aut voluptatibus rerum reprehenderit aut est.', 5);
INSERT INTO bid (ct_email, ct_price, start_date, end_date, is_cash, transport_method, pet_owner, pet_name, bid_status, feedback, rating) VALUES ('Abel_Kilback51@yahoo.com', 10, '2020-11-05T19:37:28.109Z', '2020-11-11T04:57:01.875Z', true, 'delivery', 'Adan_Haley79@hotmail.com', 'Elmo', 'confirmed', NULL, NULL);
INSERT INTO bid (ct_email, ct_price, start_date, end_date, is_cash, transport_method, pet_owner, pet_name, bid_status, feedback, rating) VALUES ('Paolo_Lesch93@hotmail.com', 17, '2020-11-05T19:37:28.109Z', '2020-11-11T04:57:01.875Z', true, 'pickup', 'Savion_Smitham@yahoo.com', 'Judd', 'reviewed', 'Temporibus quia alias quibusdam omnis. Et odit eos aut.', 4);
INSERT INTO bid (ct_email, ct_price, start_date, end_date, is_cash, transport_method, pet_owner, pet_name, bid_status, feedback, rating) VALUES ('Giovanni.Howe49@gmail.com', 4, '2020-11-05T19:37:28.109Z', '2020-11-11T04:57:01.875Z', true, 'pcs', 'Karlie59@yahoo.com', 'Anastasia', 'confirmed', NULL, NULL);
INSERT INTO bid (ct_email, ct_price, start_date, end_date, is_cash, transport_method, pet_owner, pet_name, bid_status, feedback, rating) VALUES ('Clint8@hotmail.com', 11, '2020-11-05T19:37:28.109Z', '2020-11-11T04:57:01.875Z', true, 'delivery', 'Davin92@gmail.com', 'Cleo', 'reviewed', 'Animi illum quia aut et est provident illum consequatur. Enim sed dicta unde eos ratione.', 3);
INSERT INTO bid (ct_email, ct_price, start_date, end_date, is_cash, transport_method, pet_owner, pet_name, bid_status, feedback, rating) VALUES ('Adan_Haley79@hotmail.com', 12, '2020-11-05T19:37:28.109Z', '2020-11-11T04:57:01.875Z', true, 'pickup', 'Alexandro63@yahoo.com', 'Nova', 'confirmed', NULL, NULL);
INSERT INTO bid (ct_email, ct_price, start_date, end_date, is_cash, transport_method, pet_owner, pet_name, bid_status, feedback, rating) VALUES ('Agustin_Daniel92@hotmail.com', 1, '2020-11-05T19:37:28.109Z', '2020-11-11T04:57:01.875Z', true, 'pickup', 'Amara.Hoppe@yahoo.com', 'Efrain', 'confirmed', NULL, NULL);
INSERT INTO bid (ct_email, ct_price, start_date, end_date, is_cash, transport_method, pet_owner, pet_name, bid_status, feedback, rating) VALUES ('Breana96@gmail.com', 16, '2020-11-05T19:37:28.109Z', '2020-11-11T04:57:01.875Z', true, 'pickup', 'Mohamed_Kshlerin@hotmail.com', 'Pauline', 'reviewed', 'Odit ut aliquam perferendis eveniet adipisci. Est iste et ut saepe.', 4);
INSERT INTO bid (ct_email, ct_price, start_date, end_date, is_cash, transport_method, pet_owner, pet_name, bid_status, feedback, rating) VALUES ('Cordie30@yahoo.com', 0, '2020-11-05T19:37:28.109Z', '2020-11-11T04:57:01.875Z', true, 'delivery', 'Skylar.Goldner@yahoo.com', 'Christop', 'reviewed', 'Quia est consequuntur earum ut consequuntur ut sint sit. Est rem quas quis.', 3);
INSERT INTO bid (ct_email, ct_price, start_date, end_date, is_cash, transport_method, pet_owner, pet_name, bid_status, feedback, rating) VALUES ('Oleta45@hotmail.com', 8, '2020-11-05T19:37:28.109Z', '2020-11-11T04:57:01.875Z', true, 'pcs', 'Cayla_Reilly@gmail.com', 'Jonas', 'reviewed', 'Porro molestiae recusandae modi non cupiditate. Officiis molestiae ut et occaecati.', 5);
INSERT INTO bid (ct_email, ct_price, start_date, end_date, is_cash, transport_method, pet_owner, pet_name, bid_status, feedback, rating) VALUES ('Otis.Lubowitz47@hotmail.com', 4, '2020-11-05T19:37:28.109Z', '2020-11-11T04:57:01.875Z', true, 'pcs', 'Ellen82@gmail.com', 'Armand', 'confirmed', NULL, NULL);
INSERT INTO bid (ct_email, ct_price, start_date, end_date, is_cash, transport_method, pet_owner, pet_name, bid_status, feedback, rating) VALUES ('Cesar.Mraz@gmail.com', 12, '2020-11-05T19:37:28.109Z', '2020-11-11T04:57:01.875Z', true, 'pickup', 'Alverta40@gmail.com', 'Tina', 'confirmed', NULL, NULL);
INSERT INTO bid (ct_email, ct_price, start_date, end_date, is_cash, transport_method, pet_owner, pet_name, bid_status, feedback, rating) VALUES ('Dale_Breitenberg@gmail.com', 12, '2020-11-05T19:37:28.109Z', '2020-11-11T04:57:01.875Z', true, 'delivery', 'Rex78@hotmail.com', 'Guadalupe', 'confirmed', NULL, NULL);
INSERT INTO bid (ct_email, ct_price, start_date, end_date, is_cash, transport_method, pet_owner, pet_name, bid_status, feedback, rating) VALUES ('Hobart.Windler@hotmail.com', 8, '2020-11-05T19:37:28.109Z', '2020-11-11T04:57:01.875Z', true, 'pickup', 'Annetta_Schneider@yahoo.com', 'Earnestine', 'confirmed', NULL, NULL);
INSERT INTO bid (ct_email, ct_price, start_date, end_date, is_cash, transport_method, pet_owner, pet_name, bid_status, feedback, rating) VALUES ('Estella89@yahoo.com', 7, '2020-11-05T19:37:28.109Z', '2020-11-11T04:57:01.875Z', true, 'pcs', 'Percy_Langworth60@hotmail.com', 'Carson', 'reviewed', 'Rerum porro aspernatur numquam porro officiis suscipit est animi provident. Quisquam nulla sit consectetur est.', 4);
INSERT INTO bid (ct_email, ct_price, start_date, end_date, is_cash, transport_method, pet_owner, pet_name, bid_status, feedback, rating) VALUES ('Isaac_Blanda@gmail.com', 2, '2020-11-05T19:37:28.109Z', '2020-11-11T04:57:01.875Z', true, 'pickup', 'Brittany.Price57@gmail.com', 'Jasen', 'reviewed', 'Sint quibusdam et. Adipisci pariatur qui asperiores tenetur beatae.', 4);
INSERT INTO bid (ct_email, ct_price, start_date, end_date, is_cash, transport_method, pet_owner, pet_name, bid_status, feedback, rating) VALUES ('Mariano54@gmail.com', 4, '2020-11-05T19:37:28.109Z', '2020-11-11T04:57:01.875Z', true, 'delivery', 'Charlotte8@hotmail.com', 'Tristian', 'confirmed', NULL, NULL);
INSERT INTO bid (ct_email, ct_price, start_date, end_date, is_cash, transport_method, pet_owner, pet_name, bid_status, feedback, rating) VALUES ('Margarette_Graham@gmail.com', 11, '2020-11-05T19:37:28.109Z', '2020-11-11T04:57:01.875Z', true, 'pcs', 'Sonny1@yahoo.com', 'Adrian', 'reviewed', 'Dolore eum ut aperiam ipsum quidem accusantium nisi ratione tempore. Earum eligendi et et.', 5);
INSERT INTO bid (ct_email, ct_price, start_date, end_date, is_cash, transport_method, pet_owner, pet_name, bid_status, feedback, rating) VALUES ('Ceasar.Friesen63@yahoo.com', 5, '2020-11-05T19:37:28.109Z', '2020-11-11T04:57:01.875Z', true, 'delivery', 'Valerie12@hotmail.com', 'Candida', 'reviewed', 'Est laudantium labore vero tempore tenetur ratione quibusdam. Ut iusto aut sit reiciendis quasi omnis.', 5);
INSERT INTO bid (ct_email, ct_price, start_date, end_date, is_cash, transport_method, pet_owner, pet_name, bid_status, feedback, rating) VALUES ('Amara.Hoppe@yahoo.com', 15, '2020-11-05T19:37:28.109Z', '2020-11-11T04:57:01.875Z', true, 'pickup', 'Alexandrea_Mayert24@hotmail.com', 'Madisyn', 'confirmed', NULL, NULL);
INSERT INTO bid (ct_email, ct_price, start_date, end_date, is_cash, transport_method, pet_owner, pet_name, bid_status, feedback, rating) VALUES ('Bart.Strosin@gmail.com', 4, '2020-11-05T19:37:28.109Z', '2020-11-11T04:57:01.875Z', true, 'pickup', 'Stephania.Hackett@gmail.com', 'Jared', 'confirmed', NULL, NULL);
INSERT INTO bid (ct_email, ct_price, start_date, end_date, is_cash, transport_method, pet_owner, pet_name, bid_status, feedback, rating) VALUES ('Julian.Lubowitz@gmail.com', 17, '2020-11-05T19:37:28.109Z', '2020-11-11T04:57:01.875Z', true, 'delivery', 'Francis.Tillman92@yahoo.com', 'Ford', 'reviewed', 'Quibusdam quibusdam ut ea quas aut nulla sed. Eos inventore ut repudiandae est corporis hic in minima.', 3);
INSERT INTO bid (ct_email, ct_price, start_date, end_date, is_cash, transport_method, pet_owner, pet_name, bid_status, feedback, rating) VALUES ('Sylvia80@yahoo.com', 11, '2020-11-05T19:37:28.109Z', '2020-11-11T04:57:01.875Z', true, 'delivery', 'Savannah33@gmail.com', 'Mavis', 'reviewed', 'Pariatur soluta nobis in consequatur ad. Id quia quis.', 5);
INSERT INTO bid (ct_email, ct_price, start_date, end_date, is_cash, transport_method, pet_owner, pet_name, bid_status, feedback, rating) VALUES ('Dominic_Koss85@yahoo.com', 13, '2020-11-05T19:37:28.109Z', '2020-11-11T04:57:01.875Z', true, 'delivery', 'Joe27@gmail.com', 'Layla', 'confirmed', NULL, NULL);
INSERT INTO bid (ct_email, ct_price, start_date, end_date, is_cash, transport_method, pet_owner, pet_name, bid_status, feedback, rating) VALUES ('Art.Mante87@hotmail.com', 12, '2020-11-05T19:37:28.109Z', '2020-11-11T04:57:01.875Z', true, 'pcs', 'Cole78@gmail.com', 'Clinton', 'reviewed', 'Nemo soluta voluptatem consequatur porro voluptas ut sit. Quasi magnam magni magnam commodi enim occaecati quo.', 3);
INSERT INTO bid (ct_email, ct_price, start_date, end_date, is_cash, transport_method, pet_owner, pet_name, bid_status, feedback, rating) VALUES ('Mandy_Bashirian74@hotmail.com', 2, '2020-11-05T19:37:28.109Z', '2020-11-11T04:57:01.875Z', true, 'delivery', 'Ardella_Klocko97@yahoo.com', 'Dianna', 'confirmed', NULL, NULL);
INSERT INTO bid (ct_email, ct_price, start_date, end_date, is_cash, transport_method, pet_owner, pet_name, bid_status, feedback, rating) VALUES ('Dante.Hudson@gmail.com', 5, '2020-11-05T19:37:28.109Z', '2020-11-11T04:57:01.875Z', true, 'pcs', 'Jovany64@hotmail.com', 'Alize', 'confirmed', NULL, NULL);
INSERT INTO bid (ct_email, ct_price, start_date, end_date, is_cash, transport_method, pet_owner, pet_name, bid_status, feedback, rating) VALUES ('Ludwig_Hessel@yahoo.com', 0, '2020-11-05T19:37:28.109Z', '2020-11-11T04:57:01.875Z', true, 'delivery', 'Wilford42@hotmail.com', 'Willy', 'reviewed', 'Qui autem officiis in accusamus et corporis. At quia sit.', 3);
INSERT INTO bid (ct_email, ct_price, start_date, end_date, is_cash, transport_method, pet_owner, pet_name, bid_status, feedback, rating) VALUES ('Ford52@gmail.com', 7, '2020-11-05T19:37:28.109Z', '2020-11-11T04:57:01.875Z', true, 'delivery', 'Amalia_Miller@yahoo.com', 'Kallie', 'confirmed', NULL, NULL);
INSERT INTO bid (ct_email, ct_price, start_date, end_date, is_cash, transport_method, pet_owner, pet_name, bid_status, feedback, rating) VALUES ('Kadin30@yahoo.com', 15, '2020-11-05T19:37:28.109Z', '2020-11-11T04:57:01.875Z', true, 'pickup', 'Durward.Johnston99@gmail.com', 'Roosevelt', 'confirmed', NULL, NULL);
INSERT INTO bid (ct_email, ct_price, start_date, end_date, is_cash, transport_method, pet_owner, pet_name, bid_status, feedback, rating) VALUES ('Herta20@hotmail.com', 3, '2020-11-05T19:37:28.109Z', '2020-11-11T04:57:01.875Z', true, 'pcs', 'Josue.Bartell@yahoo.com', 'Jamaal', 'confirmed', NULL, NULL);
INSERT INTO bid (ct_email, ct_price, start_date, end_date, is_cash, transport_method, pet_owner, pet_name, bid_status, feedback, rating) VALUES ('Carlie_Erdman@hotmail.com', 17, '2020-11-05T19:37:28.109Z', '2020-11-11T04:57:01.875Z', true, 'delivery', 'Helene.Abshire36@hotmail.com', 'Thea', 'confirmed', NULL, NULL);
INSERT INTO bid (ct_email, ct_price, start_date, end_date, is_cash, transport_method, pet_owner, pet_name, bid_status, feedback, rating) VALUES ('Effie.Swift73@gmail.com', 18, '2020-11-05T19:37:28.109Z', '2020-11-11T04:57:01.875Z', true, 'delivery', 'Jimmy_Bednar49@hotmail.com', 'Brooke', 'confirmed', NULL, NULL);
INSERT INTO bid (ct_email, ct_price, start_date, end_date, is_cash, transport_method, pet_owner, pet_name, bid_status, feedback, rating) VALUES ('Viviane41@hotmail.com', 10, '2020-11-05T19:37:28.109Z', '2020-11-11T04:57:01.875Z', true, 'pcs', 'Kendra60@hotmail.com', 'Audrey', 'reviewed', 'Maxime est doloribus id similique nulla aliquam. Nostrum reprehenderit omnis voluptates temporibus recusandae sequi accusamus occaecati.', 5);
INSERT INTO bid (ct_email, ct_price, start_date, end_date, is_cash, transport_method, pet_owner, pet_name, bid_status, feedback, rating) VALUES ('Maverick8@gmail.com', 9, '2020-11-05T19:37:28.109Z', '2020-11-11T04:57:01.875Z', true, 'delivery', 'Cathrine34@gmail.com', 'Joshuah', 'confirmed', NULL, NULL);
INSERT INTO bid (ct_email, ct_price, start_date, end_date, is_cash, transport_method, pet_owner, pet_name, bid_status, feedback, rating) VALUES ('Percy_Langworth60@hotmail.com', 1, '2020-11-05T19:37:28.109Z', '2020-11-11T04:57:01.875Z', true, 'pickup', 'Clara.Lebsack@gmail.com', 'Sterling', 'reviewed', 'Tenetur qui sit aut tempore velit facilis est quisquam quia. Dignissimos aperiam id voluptas id aut explicabo.', 4);
INSERT INTO bid (ct_email, ct_price, start_date, end_date, is_cash, transport_method, pet_owner, pet_name, bid_status, feedback, rating) VALUES ('Keagan28@gmail.com', 10, '2020-11-05T19:37:28.109Z', '2020-11-11T04:57:01.875Z', true, 'delivery', 'Sarina42@gmail.com', 'Raegan', 'confirmed', NULL, NULL);
INSERT INTO bid (ct_email, ct_price, start_date, end_date, is_cash, transport_method, pet_owner, pet_name, bid_status, feedback, rating) VALUES ('Amari58@hotmail.com', 4, '2020-11-05T19:37:28.109Z', '2020-11-11T04:57:01.875Z', true, 'pickup', 'Markus.Lang@hotmail.com', 'Gavin', 'reviewed', 'Quae officiis sed fugiat nostrum. Laborum officiis officia.', 4);
INSERT INTO bid (ct_email, ct_price, start_date, end_date, is_cash, transport_method, pet_owner, pet_name, bid_status, feedback, rating) VALUES ('Vesta.Gislason90@yahoo.com', 6, '2020-11-05T19:37:28.109Z', '2020-11-11T04:57:01.875Z', true, 'pickup', 'Summer_Lueilwitz86@hotmail.com', 'Francisco', 'reviewed', 'Et dolorem officia sed. Sit nesciunt aspernatur voluptate quia.', 5);
INSERT INTO bid (ct_email, ct_price, start_date, end_date, is_cash, transport_method, pet_owner, pet_name, bid_status, feedback, rating) VALUES ('Ford_Price@hotmail.com', 1, '2020-11-05T19:37:28.109Z', '2020-11-11T04:57:01.875Z', true, 'pickup', 'Andre98@hotmail.com', 'Sasha', 'confirmed', NULL, NULL);
INSERT INTO bid (ct_email, ct_price, start_date, end_date, is_cash, transport_method, pet_owner, pet_name, bid_status, feedback, rating) VALUES ('Dylan.Franecki95@gmail.com', 2, '2020-11-05T19:37:28.109Z', '2020-11-11T04:57:01.875Z', true, 'delivery', 'Garry88@gmail.com', 'Lee', 'confirmed', NULL, NULL);
INSERT INTO bid (ct_email, ct_price, start_date, end_date, is_cash, transport_method, pet_owner, pet_name, bid_status, feedback, rating) VALUES ('Jovany64@hotmail.com', 14, '2020-11-05T19:37:28.109Z', '2020-11-11T04:57:01.875Z', true, 'pcs', 'Lexie_MacGyver65@hotmail.com', 'Jalyn', 'confirmed', NULL, NULL);
INSERT INTO bid (ct_email, ct_price, start_date, end_date, is_cash, transport_method, pet_owner, pet_name, bid_status, feedback, rating) VALUES ('Edd45@gmail.com', 11, '2020-11-05T19:37:28.109Z', '2020-11-11T04:57:01.875Z', true, 'pickup', 'Amira65@hotmail.com', 'Karianne', 'reviewed', 'Eum tenetur odio distinctio ut quis voluptatem maiores harum. Quam dignissimos distinctio maxime quasi voluptas harum ullam.', 5);
INSERT INTO bid (ct_email, ct_price, start_date, end_date, is_cash, transport_method, pet_owner, pet_name, bid_status, feedback, rating) VALUES ('Cheyanne_Cronin97@gmail.com', 2, '2020-11-05T19:37:28.109Z', '2020-11-11T04:57:01.875Z', true, 'delivery', 'Gracie_Moore13@gmail.com', 'Mariah', 'confirmed', NULL, NULL);
INSERT INTO bid (ct_email, ct_price, start_date, end_date, is_cash, transport_method, pet_owner, pet_name, bid_status, feedback, rating) VALUES ('Everett_Krajcik@gmail.com', 15, '2020-11-05T19:37:28.109Z', '2020-11-11T04:57:01.875Z', true, 'pcs', 'Shannon74@yahoo.com', 'Jefferey', 'reviewed', 'Unde et ad in omnis molestiae dolorem libero et. Fugit nobis et accusantium blanditiis dolores non quis suscipit animi.', 3);
INSERT INTO bid (ct_email, ct_price, start_date, end_date, is_cash, transport_method, pet_owner, pet_name, bid_status, feedback, rating) VALUES ('Alex_Runolfsson@gmail.com', 9, '2020-11-05T19:37:28.109Z', '2020-11-11T04:57:01.875Z', true, 'delivery', 'Regan_Kuhic@yahoo.com', 'Schuyler', 'reviewed', 'Saepe provident suscipit et minima. Dicta eum quos id quia.', 3);
INSERT INTO bid (ct_email, ct_price, start_date, end_date, is_cash, transport_method, pet_owner, pet_name, bid_status, feedback, rating) VALUES ('Ethelyn41@hotmail.com', 9, '2020-11-05T19:37:28.109Z', '2020-11-11T04:57:01.875Z', true, 'pickup', 'Jose69@hotmail.com', 'Rosendo', 'confirmed', NULL, NULL);
INSERT INTO bid (ct_email, ct_price, start_date, end_date, is_cash, transport_method, pet_owner, pet_name, bid_status, feedback, rating) VALUES ('Grayson.Huels@yahoo.com', 7, '2020-11-05T19:37:28.109Z', '2020-11-11T04:57:01.875Z', true, 'delivery', 'Charity.Wolf32@gmail.com', 'Octavia', 'confirmed', NULL, NULL);
INSERT INTO bid (ct_email, ct_price, start_date, end_date, is_cash, transport_method, pet_owner, pet_name, bid_status, feedback, rating) VALUES ('Angela_Heaney@gmail.com', 5, '2020-11-05T19:37:28.109Z', '2020-11-11T04:57:01.875Z', true, 'pickup', 'Immanuel13@gmail.com', 'Merlin', 'reviewed', 'Nesciunt quibusdam saepe est ea. Minus blanditiis et ex.', 4);
INSERT INTO bid (ct_email, ct_price, start_date, end_date, is_cash, transport_method, pet_owner, pet_name, bid_status, feedback, rating) VALUES ('Wendy67@yahoo.com', 15, '2020-11-05T19:37:28.109Z', '2020-11-11T04:57:01.875Z', true, 'pickup', 'Dante.King90@yahoo.com', 'Maryjane', 'reviewed', 'Corporis labore quia quasi dolorem praesentium reiciendis consequatur. Expedita magnam autem.', 3);
INSERT INTO bid (ct_email, ct_price, start_date, end_date, is_cash, transport_method, pet_owner, pet_name, bid_status, feedback, rating) VALUES ('Natalia_Pfeffer68@hotmail.com', 11, '2020-11-05T19:37:28.109Z', '2020-11-11T04:57:01.875Z', true, 'pcs', 'Keshawn_Predovic@yahoo.com', 'Vada', 'confirmed', NULL, NULL);
INSERT INTO bid (ct_email, ct_price, start_date, end_date, is_cash, transport_method, pet_owner, pet_name, bid_status, feedback, rating) VALUES ('Meredith_Heidenreich@gmail.com', 18, '2020-11-05T19:37:28.109Z', '2020-11-11T04:57:01.875Z', true, 'delivery', 'Kailey.Schoen83@hotmail.com', 'Leonora', 'confirmed', NULL, NULL);
INSERT INTO bid (ct_email, ct_price, start_date, end_date, is_cash, transport_method, pet_owner, pet_name, bid_status, feedback, rating) VALUES ('Newton_Monahan@gmail.com', 5, '2020-11-05T19:37:28.109Z', '2020-11-11T04:57:01.875Z', true, 'pcs', 'Albertha_Hills66@yahoo.com', 'Eladio', 'confirmed', NULL, NULL);
INSERT INTO bid (ct_email, ct_price, start_date, end_date, is_cash, transport_method, pet_owner, pet_name, bid_status, feedback, rating) VALUES ('Curtis81@hotmail.com', 5, '2020-11-05T19:37:28.109Z', '2020-11-11T04:57:01.875Z', true, 'pcs', 'Kavon_Spencer@hotmail.com', 'Stefan', 'reviewed', 'Eum iste suscipit quasi aut deserunt. Sapiente ipsum nesciunt ab.', 4);
INSERT INTO bid (ct_email, ct_price, start_date, end_date, is_cash, transport_method, pet_owner, pet_name, bid_status, feedback, rating) VALUES ('Octavia.Block61@yahoo.com', 18, '2020-11-05T19:37:28.109Z', '2020-11-11T04:57:01.875Z', true, 'pickup', 'Miguel35@hotmail.com', 'Ara', 'confirmed', NULL, NULL);
INSERT INTO bid (ct_email, ct_price, start_date, end_date, is_cash, transport_method, pet_owner, pet_name, bid_status, feedback, rating) VALUES ('Viviane_Borer14@hotmail.com', 16, '2020-11-05T19:37:28.109Z', '2020-11-11T04:57:01.875Z', true, 'pcs', 'Ramiro25@gmail.com', 'Verona', 'reviewed', 'Magni eligendi rerum autem ipsam reiciendis qui dignissimos. Quae non enim est veritatis eum.', 4);
INSERT INTO bid (ct_email, ct_price, start_date, end_date, is_cash, transport_method, pet_owner, pet_name, bid_status, feedback, rating) VALUES ('Shyann_Roberts@yahoo.com', 11, '2020-11-05T19:37:28.109Z', '2020-11-11T04:57:01.875Z', true, 'pcs', 'Domenick.Lesch54@yahoo.com', 'Elwin', 'reviewed', 'Animi numquam ipsam dignissimos adipisci tenetur et accusamus dolorem. Quidem quisquam iste optio officiis.', 5);
INSERT INTO bid (ct_email, ct_price, start_date, end_date, is_cash, transport_method, pet_owner, pet_name, bid_status, feedback, rating) VALUES ('Lyric.Feest25@yahoo.com', 14, '2020-11-05T19:37:28.109Z', '2020-11-11T04:57:01.875Z', true, 'pcs', 'Bailey.Gaylord61@yahoo.com', 'Jordan', 'reviewed', 'Enim veritatis tempore et dolorem sunt. Et adipisci et ullam.', 3);
INSERT INTO bid (ct_email, ct_price, start_date, end_date, is_cash, transport_method, pet_owner, pet_name, bid_status, feedback, rating) VALUES ('Cary79@hotmail.com', 19, '2020-11-05T19:37:28.109Z', '2020-11-11T04:57:01.875Z', true, 'pickup', 'Bartholome.Schowalter@yahoo.com', 'Tatum', 'reviewed', 'Illo ipsam natus cumque beatae. Consectetur quia esse id dolor et.', 5);
INSERT INTO bid (ct_email, ct_price, start_date, end_date, is_cash, transport_method, pet_owner, pet_name, bid_status, feedback, rating) VALUES ('Stanton_Rath8@yahoo.com', 2, '2020-11-05T19:37:28.109Z', '2020-11-11T04:57:01.875Z', true, 'pcs', 'Waino51@hotmail.com', 'Izaiah', 'confirmed', NULL, NULL);
INSERT INTO bid (ct_email, ct_price, start_date, end_date, is_cash, transport_method, pet_owner, pet_name, bid_status, feedback, rating) VALUES ('Breanna_Swaniawski58@gmail.com', 20, '2020-11-05T19:37:28.109Z', '2020-11-11T04:57:01.875Z', true, 'pcs', 'Abelardo98@gmail.com', 'Susie', 'confirmed', NULL, NULL);
INSERT INTO bid (ct_email, ct_price, start_date, end_date, is_cash, transport_method, pet_owner, pet_name, bid_status, feedback, rating) VALUES ('Olga.Crist40@gmail.com', 16, '2020-11-05T19:37:28.109Z', '2020-11-11T04:57:01.875Z', true, 'pcs', 'Leola.Kutch@hotmail.com', 'Sarah', 'reviewed', 'Aliquid facere velit cumque nisi iusto sed dolorem ut. Ex modi voluptatibus et temporibus similique dolor incidunt voluptatibus aut.', 3);
INSERT INTO bid (ct_email, ct_price, start_date, end_date, is_cash, transport_method, pet_owner, pet_name, bid_status, feedback, rating) VALUES ('Antoinette44@hotmail.com', 11, '2020-11-05T19:37:28.109Z', '2020-11-11T04:57:01.875Z', true, 'delivery', 'Carter.Torphy@hotmail.com', 'Daryl', 'confirmed', NULL, NULL);
INSERT INTO bid (ct_email, ct_price, start_date, end_date, is_cash, transport_method, pet_owner, pet_name, bid_status, feedback, rating) VALUES ('Keith.Wisoky74@gmail.com', 16, '2020-11-05T19:37:28.109Z', '2020-11-11T04:57:01.875Z', true, 'delivery', 'Kailey86@yahoo.com', 'Golda', 'reviewed', 'Rerum omnis sed mollitia. Voluptate et ipsa labore praesentium ut voluptatem.', 5);
INSERT INTO bid (ct_email, ct_price, start_date, end_date, is_cash, transport_method, pet_owner, pet_name, bid_status, feedback, rating) VALUES ('Juwan_Weimann85@gmail.com', 10, '2020-11-05T19:37:28.109Z', '2020-11-11T04:57:01.875Z', true, 'pcs', 'Silas_Hahn77@hotmail.com', 'Gino', 'reviewed', 'Blanditiis natus dolorum at provident expedita cum est ut voluptate. Sunt nam enim qui omnis quas eveniet eum qui.', 5);
INSERT INTO bid (ct_email, ct_price, start_date, end_date, is_cash, transport_method, pet_owner, pet_name, bid_status, feedback, rating) VALUES ('Marianne.Predovic99@gmail.com', 3, '2020-11-05T19:37:28.109Z', '2020-11-11T04:57:01.875Z', true, 'delivery', 'Nicklaus.Von22@gmail.com', 'Terry', 'confirmed', NULL, NULL);
INSERT INTO bid (ct_email, ct_price, start_date, end_date, is_cash, transport_method, pet_owner, pet_name, bid_status, feedback, rating) VALUES ('Lilliana_Steuber@hotmail.com', 14, '2020-11-05T19:37:28.109Z', '2020-11-11T04:57:01.875Z', true, 'delivery', 'Angie_Stanton@gmail.com', 'Laury', 'confirmed', NULL, NULL);
INSERT INTO bid (ct_email, ct_price, start_date, end_date, is_cash, transport_method, pet_owner, pet_name, bid_status, feedback, rating) VALUES ('Turner.Shields76@yahoo.com', 13, '2020-11-05T19:37:28.109Z', '2020-11-11T04:57:01.875Z', true, 'pickup', 'Marjory22@yahoo.com', 'Glennie', 'confirmed', NULL, NULL);
INSERT INTO bid (ct_email, ct_price, start_date, end_date, is_cash, transport_method, pet_owner, pet_name, bid_status, feedback, rating) VALUES ('Kellie69@gmail.com', 13, '2020-11-05T19:37:28.109Z', '2020-11-11T04:57:01.875Z', true, 'delivery', 'Ivah10@gmail.com', 'Vivianne', 'reviewed', 'Minima rerum quos corrupti iusto. Rerum quia quis beatae esse aut distinctio omnis.', 3);
INSERT INTO bid (ct_email, ct_price, start_date, end_date, is_cash, transport_method, pet_owner, pet_name, bid_status, feedback, rating) VALUES ('Milford_Rath@yahoo.com', 8, '2020-11-05T19:37:28.109Z', '2020-11-11T04:57:01.875Z', true, 'pcs', 'Marjory31@hotmail.com', 'Hertha', 'reviewed', 'Qui aspernatur consequatur facilis enim voluptatem sed. Enim ea blanditiis voluptas nesciunt vitae voluptas sunt itaque.', 5);
INSERT INTO bid (ct_email, ct_price, start_date, end_date, is_cash, transport_method, pet_owner, pet_name, bid_status, feedback, rating) VALUES ('Rosalia.Crona@hotmail.com', 16, '2020-11-05T19:37:28.109Z', '2020-11-11T04:57:01.875Z', true, 'delivery', 'Elody_Hudson@hotmail.com', 'Lea', 'confirmed', NULL, NULL);
INSERT INTO bid (ct_email, ct_price, start_date, end_date, is_cash, transport_method, pet_owner, pet_name, bid_status, feedback, rating) VALUES ('Darryl_Ward@hotmail.com', 20, '2020-11-05T19:37:28.109Z', '2020-11-11T04:57:01.875Z', true, 'pickup', 'Ludwig_Hessel@yahoo.com', 'Cale', 'confirmed', NULL, NULL);
INSERT INTO bid (ct_email, ct_price, start_date, end_date, is_cash, transport_method, pet_owner, pet_name, bid_status, feedback, rating) VALUES ('Leola.Kutch@hotmail.com', 11, '2020-11-05T19:37:28.109Z', '2020-11-11T04:57:01.875Z', true, 'pcs', 'German_Frami83@gmail.com', 'Seamus', 'reviewed', 'Minima veniam magni aliquam. Esse commodi vitae quas omnis harum.', 5);
INSERT INTO bid (ct_email, ct_price, start_date, end_date, is_cash, transport_method, pet_owner, pet_name, bid_status, feedback, rating) VALUES ('Bennett6@gmail.com', 4, '2020-11-05T19:37:28.109Z', '2020-11-11T04:57:01.875Z', true, 'delivery', 'Angelica.Schinner@hotmail.com', 'Hollis', 'confirmed', NULL, NULL);
INSERT INTO bid (ct_email, ct_price, start_date, end_date, is_cash, transport_method, pet_owner, pet_name, bid_status, feedback, rating) VALUES ('Adella_Predovic@yahoo.com', 19, '2020-11-05T19:37:28.109Z', '2020-11-11T04:57:01.875Z', true, 'delivery', 'Rosalinda30@yahoo.com', 'Maddison', 'reviewed', 'Natus sunt nemo fugiat harum ratione hic error. Vitae quaerat veniam et alias facere sint dolor.', 3);
INSERT INTO bid (ct_email, ct_price, start_date, end_date, is_cash, transport_method, pet_owner, pet_name, bid_status, feedback, rating) VALUES ('Janet.Rosenbaum81@gmail.com', 20, '2020-11-05T19:37:28.109Z', '2020-11-11T04:57:01.875Z', true, 'pickup', 'Stella_Wyman55@yahoo.com', 'Hildegard', 'confirmed', NULL, NULL);
INSERT INTO bid (ct_email, ct_price, start_date, end_date, is_cash, transport_method, pet_owner, pet_name, bid_status, feedback, rating) VALUES ('Tommie_Klein67@yahoo.com', 1, '2020-11-05T19:37:28.109Z', '2020-11-11T04:57:01.875Z', true, 'pickup', 'Katharina.Kautzer97@gmail.com', 'Aiden', 'confirmed', NULL, NULL);
INSERT INTO bid (ct_email, ct_price, start_date, end_date, is_cash, transport_method, pet_owner, pet_name, bid_status, feedback, rating) VALUES ('Terrence_Will@gmail.com', 9, '2020-11-05T19:37:28.109Z', '2020-11-11T04:57:01.875Z', true, 'pcs', 'Dorthy10@gmail.com', 'Kim', 'reviewed', 'Sint culpa eveniet ut itaque eos a corporis omnis qui. Voluptas ut nisi ut et.', 5);
INSERT INTO bid (ct_email, ct_price, start_date, end_date, is_cash, transport_method, pet_owner, pet_name, bid_status, feedback, rating) VALUES ('Amalia_Miller@yahoo.com', 13, '2020-11-05T19:37:28.109Z', '2020-11-11T04:57:01.875Z', true, 'pcs', 'Sheridan81@yahoo.com', 'Khalid', 'confirmed', NULL, NULL);
INSERT INTO bid (ct_email, ct_price, start_date, end_date, is_cash, transport_method, pet_owner, pet_name, bid_status, feedback, rating) VALUES ('Jovany.Will@gmail.com', 8, '2020-11-05T19:37:28.109Z', '2020-11-11T04:57:01.875Z', true, 'pcs', 'Kasandra_Quitzon@yahoo.com', 'Benedict', 'confirmed', NULL, NULL);
INSERT INTO bid (ct_email, ct_price, start_date, end_date, is_cash, transport_method, pet_owner, pet_name, bid_status, feedback, rating) VALUES ('Liliana77@gmail.com', 4, '2020-11-05T19:37:28.109Z', '2020-11-11T04:57:01.875Z', true, 'delivery', 'Fernando.Altenwerth18@yahoo.com', 'Saul', 'confirmed', NULL, NULL);
INSERT INTO bid (ct_email, ct_price, start_date, end_date, is_cash, transport_method, pet_owner, pet_name, bid_status, feedback, rating) VALUES ('William_McLaughlin@gmail.com', 5, '2020-11-05T19:37:28.109Z', '2020-11-11T04:57:01.875Z', true, 'delivery', 'Franco11@yahoo.com', 'Fanny', 'reviewed', 'Sunt inventore saepe tempore et quod ut expedita eligendi. Praesentium quis quae illum quisquam tempore incidunt molestias ex.', 3);
INSERT INTO bid (ct_email, ct_price, start_date, end_date, is_cash, transport_method, pet_owner, pet_name, bid_status, feedback, rating) VALUES ('Savannah33@gmail.com', 9, '2020-11-05T19:37:28.109Z', '2020-11-11T04:57:01.875Z', true, 'delivery', 'Bart.Strosin@gmail.com', 'Demond', 'confirmed', NULL, NULL);
INSERT INTO bid (ct_email, ct_price, start_date, end_date, is_cash, transport_method, pet_owner, pet_name, bid_status, feedback, rating) VALUES ('Chadd87@yahoo.com', 5, '2020-11-05T19:37:28.109Z', '2020-11-11T04:57:01.875Z', true, 'delivery', 'Heath_Harris@yahoo.com', 'Isaias', 'confirmed', NULL, NULL);
INSERT INTO bid (ct_email, ct_price, start_date, end_date, is_cash, transport_method, pet_owner, pet_name, bid_status, feedback, rating) VALUES ('Reggie.Cormier0@yahoo.com', 8, '2020-11-05T19:37:28.109Z', '2020-11-11T04:57:01.875Z', true, 'pickup', 'Austen.Walker@gmail.com', 'Jarret', 'reviewed', 'Ea quaerat consequatur. Occaecati est est velit vero incidunt tempore corporis esse.', 3);
INSERT INTO bid (ct_email, ct_price, start_date, end_date, is_cash, transport_method, pet_owner, pet_name, bid_status, feedback, rating) VALUES ('Fanny_Weimann@yahoo.com', 1, '2020-11-05T19:37:28.109Z', '2020-11-11T04:57:01.875Z', true, 'pickup', 'Joana4@hotmail.com', 'Alysa', 'reviewed', 'Laboriosam libero sit odio quia velit et nesciunt quia reprehenderit. Sit quasi est culpa.', 3);
INSERT INTO bid (ct_email, ct_price, start_date, end_date, is_cash, transport_method, pet_owner, pet_name, bid_status, feedback, rating) VALUES ('Mohamed_Kshlerin@hotmail.com', 20, '2020-11-05T19:37:28.109Z', '2020-11-11T04:57:01.875Z', true, 'pcs', 'Norval_Lockman24@yahoo.com', 'Max', 'confirmed', NULL, NULL);
INSERT INTO bid (ct_email, ct_price, start_date, end_date, is_cash, transport_method, pet_owner, pet_name, bid_status, feedback, rating) VALUES ('Halie49@hotmail.com', 14, '2020-11-05T19:37:28.109Z', '2020-11-11T04:57:01.875Z', true, 'pickup', 'Julien15@hotmail.com', 'Amber', 'confirmed', NULL, NULL);
INSERT INTO bid (ct_email, ct_price, start_date, end_date, is_cash, transport_method, pet_owner, pet_name, bid_status, feedback, rating) VALUES ('Alison_Jaskolski@hotmail.com', 17, '2020-11-05T19:37:28.109Z', '2020-11-11T04:57:01.875Z', true, 'pcs', 'Devon_Carter@hotmail.com', 'Oceane', 'confirmed', NULL, NULL);
INSERT INTO bid (ct_email, ct_price, start_date, end_date, is_cash, transport_method, pet_owner, pet_name, bid_status, feedback, rating) VALUES ('Bradford31@hotmail.com', 5, '2020-11-05T19:37:28.109Z', '2020-11-11T04:57:01.875Z', true, 'pickup', 'Asha_Okuneva52@gmail.com', 'Dortha', 'reviewed', 'At voluptatem repudiandae sint et. Occaecati et voluptas est vel praesentium quis.', 5);
INSERT INTO bid (ct_email, ct_price, start_date, end_date, is_cash, transport_method, pet_owner, pet_name, bid_status, feedback, rating) VALUES ('Adriana28@gmail.com', 5, '2020-11-05T19:37:28.109Z', '2020-11-11T04:57:01.875Z', true, 'pickup', 'Gudrun38@yahoo.com', 'Wallace', 'confirmed', NULL, NULL);
INSERT INTO bid (ct_email, ct_price, start_date, end_date, is_cash, transport_method, pet_owner, pet_name, bid_status, feedback, rating) VALUES ('Edgar.Armstrong@yahoo.com', 3, '2020-11-05T19:37:28.109Z', '2020-11-11T04:57:01.875Z', true, 'delivery', 'Donato99@gmail.com', 'Dominic', 'confirmed', NULL, NULL);
INSERT INTO bid (ct_email, ct_price, start_date, end_date, is_cash, transport_method, pet_owner, pet_name, bid_status, feedback, rating) VALUES ('Dario_Bartell97@hotmail.com', 20, '2020-11-05T19:37:28.109Z', '2020-11-11T04:57:01.875Z', true, 'delivery', 'Glennie.Considine63@gmail.com', 'Zella', 'reviewed', 'Ut natus nulla similique et commodi necessitatibus vel. Et quae illum laborum asperiores et.', 3);
INSERT INTO bid (ct_email, ct_price, start_date, end_date, is_cash, transport_method, pet_owner, pet_name, bid_status, feedback, rating) VALUES ('Thea.Hahn@yahoo.com', 0, '2020-11-05T19:37:28.109Z', '2020-11-11T04:57:01.875Z', true, 'delivery', 'Keenan.Grady80@hotmail.com', 'Esteban', 'reviewed', 'Porro ratione facere voluptatibus expedita sequi ex modi ut non. Libero amet voluptatem non veniam asperiores beatae et.', 5);
INSERT INTO bid (ct_email, ct_price, start_date, end_date, is_cash, transport_method, pet_owner, pet_name, bid_status, feedback, rating) VALUES ('Carissa.Lehner38@gmail.com', 6, '2020-11-05T19:37:28.109Z', '2020-11-11T04:57:01.875Z', true, 'delivery', 'Augusta53@yahoo.com', 'Claude', 'reviewed', 'Recusandae ipsa corrupti autem perferendis debitis earum illum illo. Quia nam nostrum architecto dolorem beatae quas omnis eos quas.', 3);
INSERT INTO bid (ct_email, ct_price, start_date, end_date, is_cash, transport_method, pet_owner, pet_name, bid_status, feedback, rating) VALUES ('Zackary38@gmail.com', 4, '2020-11-05T19:37:28.109Z', '2020-11-11T04:57:01.875Z', true, 'pickup', 'Hobart.Windler@hotmail.com', 'Emil', 'reviewed', 'Nihil vero odio cumque quam iste incidunt necessitatibus est exercitationem. Quas quia molestias facilis ad alias animi.', 4);
INSERT INTO bid (ct_email, ct_price, start_date, end_date, is_cash, transport_method, pet_owner, pet_name, bid_status, feedback, rating) VALUES ('Kasey32@gmail.com', 1, '2020-11-05T19:37:28.109Z', '2020-11-11T04:57:01.875Z', true, 'delivery', 'Miller_Keebler@yahoo.com', 'Frank', 'reviewed', 'Voluptates eum dolores labore. Omnis alias rem.', 5);
INSERT INTO bid (ct_email, ct_price, start_date, end_date, is_cash, transport_method, pet_owner, pet_name, bid_status, feedback, rating) VALUES ('Selina_Labadie82@gmail.com', 6, '2020-11-05T19:37:28.109Z', '2020-11-11T04:57:01.875Z', true, 'delivery', 'Everett_Krajcik@gmail.com', 'Lora', 'reviewed', 'Doloremque in in animi repellat. Id aut ipsa.', 3);
INSERT INTO bid (ct_email, ct_price, start_date, end_date, is_cash, transport_method, pet_owner, pet_name, bid_status, feedback, rating) VALUES ('Jena.Heathcote@yahoo.com', 6, '2020-11-05T19:37:28.109Z', '2020-11-11T04:57:01.875Z', true, 'pickup', 'Joaquin.Terry@hotmail.com', 'Wanda', 'confirmed', NULL, NULL);
INSERT INTO bid (ct_email, ct_price, start_date, end_date, is_cash, transport_method, pet_owner, pet_name, bid_status, feedback, rating) VALUES ('Pearlie_Koch1@yahoo.com', 5, '2020-11-05T19:37:28.109Z', '2020-11-11T04:57:01.875Z', true, 'pcs', 'Garry_McGlynn16@gmail.com', 'Filiberto', 'confirmed', NULL, NULL);
INSERT INTO bid (ct_email, ct_price, start_date, end_date, is_cash, transport_method, pet_owner, pet_name, bid_status, feedback, rating) VALUES ('Emmanuelle_Christiansen20@yahoo.com', 15, '2020-11-05T19:37:28.109Z', '2020-11-11T04:57:01.875Z', true, 'delivery', 'Chaim.Dach78@gmail.com', 'Lois', 'confirmed', NULL, NULL);
INSERT INTO bid (ct_email, ct_price, start_date, end_date, is_cash, transport_method, pet_owner, pet_name, bid_status, feedback, rating) VALUES ('Shakira.Gusikowski@gmail.com', 11, '2020-11-05T19:37:28.109Z', '2020-11-11T04:57:01.875Z', true, 'delivery', 'Jensen.Baumbach73@gmail.com', 'Mike', 'reviewed', 'Qui nesciunt cum. Earum sequi iure sint vel et.', 4);
INSERT INTO bid (ct_email, ct_price, start_date, end_date, is_cash, transport_method, pet_owner, pet_name, bid_status, feedback, rating) VALUES ('Trever60@hotmail.com', 13, '2020-11-05T19:37:28.109Z', '2020-11-11T04:57:01.875Z', true, 'pickup', 'Preston_Homenick@gmail.com', 'Larue', 'confirmed', NULL, NULL);
INSERT INTO bid (ct_email, ct_price, start_date, end_date, is_cash, transport_method, pet_owner, pet_name, bid_status, feedback, rating) VALUES ('Meta_Thompson@hotmail.com', 8, '2020-11-05T19:37:28.109Z', '2020-11-11T04:57:01.875Z', true, 'pickup', 'Billie86@gmail.com', 'Keely', 'reviewed', 'Numquam ut et est est id assumenda soluta vitae. Molestiae ut neque ea omnis.', 3);
INSERT INTO bid (ct_email, ct_price, start_date, end_date, is_cash, transport_method, pet_owner, pet_name, bid_status, feedback, rating) VALUES ('Royce84@gmail.com', 13, '2020-11-05T19:37:28.109Z', '2020-11-11T04:57:01.875Z', true, 'pcs', 'Lon.Hamill28@hotmail.com', 'Arthur', 'confirmed', NULL, NULL);
INSERT INTO bid (ct_email, ct_price, start_date, end_date, is_cash, transport_method, pet_owner, pet_name, bid_status, feedback, rating) VALUES ('Lee89@hotmail.com', 11, '2020-11-05T19:37:28.109Z', '2020-11-11T04:57:01.875Z', true, 'delivery', 'Clark.Terry57@gmail.com', 'Ines', 'reviewed', 'Modi ut dolore. Rerum velit nisi ut optio nihil facere illum.', 4);
INSERT INTO bid (ct_email, ct_price, start_date, end_date, is_cash, transport_method, pet_owner, pet_name, bid_status, feedback, rating) VALUES ('Gregory38@gmail.com', 17, '2020-11-05T19:37:28.109Z', '2020-11-11T04:57:01.875Z', true, 'pickup', 'Rossie.Heidenreich65@gmail.com', 'Hester', 'confirmed', NULL, NULL);
INSERT INTO bid (ct_email, ct_price, start_date, end_date, is_cash, transport_method, pet_owner, pet_name, bid_status, feedback, rating) VALUES ('Nakia_Schamberger38@gmail.com', 0, '2020-11-05T19:37:28.109Z', '2020-11-11T04:57:01.875Z', true, 'delivery', 'Angela_Heaney@gmail.com', 'Kylie', 'confirmed', NULL, NULL);
INSERT INTO bid (ct_email, ct_price, start_date, end_date, is_cash, transport_method, pet_owner, pet_name, bid_status, feedback, rating) VALUES ('Mariela.Huels59@hotmail.com', 11, '2020-11-05T19:37:28.109Z', '2020-11-11T04:57:01.875Z', true, 'delivery', 'Tyrel_Murazik@gmail.com', 'Shannon', 'reviewed', 'Est dolores voluptas maiores natus. Nam ea quia nam dolor deserunt quam nihil.', 3);
INSERT INTO bid (ct_email, ct_price, start_date, end_date, is_cash, transport_method, pet_owner, pet_name, bid_status, feedback, rating) VALUES ('Tristian_Heller31@yahoo.com', 8, '2020-11-05T19:37:28.109Z', '2020-11-11T04:57:01.875Z', true, 'pcs', 'Hanna.Davis@gmail.com', 'Lafayette', 'confirmed', NULL, NULL);
INSERT INTO bid (ct_email, ct_price, start_date, end_date, is_cash, transport_method, pet_owner, pet_name, bid_status, feedback, rating) VALUES ('Helene.Abshire36@hotmail.com', 4, '2020-11-05T19:37:28.109Z', '2020-11-11T04:57:01.875Z', true, 'pcs', 'Viviane41@hotmail.com', 'Kamron', 'confirmed', NULL, NULL);
INSERT INTO bid (ct_email, ct_price, start_date, end_date, is_cash, transport_method, pet_owner, pet_name, bid_status, feedback, rating) VALUES ('Lincoln_Murphy66@gmail.com', 8, '2020-11-05T19:37:28.109Z', '2020-11-11T04:57:01.875Z', true, 'pcs', 'Josie.Bailey@gmail.com', 'Justine', 'reviewed', 'Vel quibusdam non reprehenderit fugit debitis mollitia quis sit. Reiciendis libero voluptas minus fugiat aut sint id illum.', 5);
INSERT INTO bid (ct_email, ct_price, start_date, end_date, is_cash, transport_method, pet_owner, pet_name, bid_status, feedback, rating) VALUES ('Hilbert_Casper80@yahoo.com', 1, '2020-11-05T19:37:28.109Z', '2020-11-11T04:57:01.875Z', true, 'pickup', 'Bart_Glover@yahoo.com', 'Sigmund', 'reviewed', 'Harum qui commodi quibusdam rerum qui sint. Porro et quia animi ipsa laboriosam eum quasi asperiores aut.', 4);
INSERT INTO bid (ct_email, ct_price, start_date, end_date, is_cash, transport_method, pet_owner, pet_name, bid_status, feedback, rating) VALUES ('Angeline.Wiza46@hotmail.com', 0, '2020-11-05T19:37:28.109Z', '2020-11-11T04:57:01.875Z', true, 'pickup', 'Katherine.Johnson89@gmail.com', 'Kiel', 'reviewed', 'Modi autem aspernatur fugiat consequatur cupiditate et. Minus fugit et quos.', 3);
INSERT INTO bid (ct_email, ct_price, start_date, end_date, is_cash, transport_method, pet_owner, pet_name, bid_status, feedback, rating) VALUES ('Kayleigh.Hane88@yahoo.com', 3, '2020-11-05T19:37:28.109Z', '2020-11-11T04:57:01.875Z', true, 'pickup', 'Araceli.Kris@hotmail.com', 'Haskell', 'confirmed', NULL, NULL);
INSERT INTO bid (ct_email, ct_price, start_date, end_date, is_cash, transport_method, pet_owner, pet_name, bid_status, feedback, rating) VALUES ('Toby.Rowe@yahoo.com', 17, '2020-11-05T19:37:28.109Z', '2020-11-11T04:57:01.875Z', true, 'pickup', 'Trudie55@hotmail.com', 'Leif', 'confirmed', NULL, NULL);
INSERT INTO bid (ct_email, ct_price, start_date, end_date, is_cash, transport_method, pet_owner, pet_name, bid_status, feedback, rating) VALUES ('Leta_Crona@yahoo.com', 10, '2020-11-05T19:37:28.109Z', '2020-11-11T04:57:01.875Z', true, 'pickup', 'Myah_Walsh@gmail.com', 'Elvis', 'reviewed', 'Maiores magnam recusandae nostrum architecto iste dolorum ut et mollitia. Est et similique.', 3);
INSERT INTO bid (ct_email, ct_price, start_date, end_date, is_cash, transport_method, pet_owner, pet_name, bid_status, feedback, rating) VALUES ('Miller_Keebler@yahoo.com', 8, '2020-11-05T19:37:28.109Z', '2020-11-11T04:57:01.875Z', true, 'pickup', 'Jasen56@hotmail.com', 'Tomas', 'reviewed', 'Perferendis iure quis molestiae laboriosam sed. Et dolor dignissimos qui ipsa.', 3);
INSERT INTO bid (ct_email, ct_price, start_date, end_date, is_cash, transport_method, pet_owner, pet_name, bid_status, feedback, rating) VALUES ('Dangelo_Dietrich3@hotmail.com', 14, '2020-11-05T19:37:28.109Z', '2020-11-11T04:57:01.875Z', true, 'pcs', 'Amari58@hotmail.com', 'Elmo', 'reviewed', 'Aut eius et voluptatibus sequi blanditiis voluptas distinctio adipisci. Et quam eveniet veniam nihil et et.', 5);
INSERT INTO bid (ct_email, ct_price, start_date, end_date, is_cash, transport_method, pet_owner, pet_name, bid_status, feedback, rating) VALUES ('Wilfredo_White42@hotmail.com', 17, '2020-11-05T19:37:28.109Z', '2020-11-11T04:57:01.875Z', true, 'pcs', 'Dayna34@hotmail.com', 'Vince', 'confirmed', NULL, NULL);
INSERT INTO bid (ct_email, ct_price, start_date, end_date, is_cash, transport_method, pet_owner, pet_name, bid_status, feedback, rating) VALUES ('Joannie_Schamberger@yahoo.com', 5, '2020-11-05T19:37:28.109Z', '2020-11-11T04:57:01.875Z', true, 'pickup', 'Tomasa75@hotmail.com', 'Delilah', 'confirmed', NULL, NULL);
INSERT INTO bid (ct_email, ct_price, start_date, end_date, is_cash, transport_method, pet_owner, pet_name, bid_status, feedback, rating) VALUES ('Aniya.Wilkinson15@hotmail.com', 7, '2020-11-05T19:37:28.109Z', '2020-11-11T04:57:01.875Z', true, 'delivery', 'Sammy.Veum@hotmail.com', 'Chasity', 'reviewed', 'Quia ut in qui aut quasi dignissimos excepturi optio excepturi. Suscipit quasi veniam quo aut animi voluptas voluptatem unde.', 5);
INSERT INTO bid (ct_email, ct_price, start_date, end_date, is_cash, transport_method, pet_owner, pet_name, bid_status, feedback, rating) VALUES ('Sheridan81@yahoo.com', 3, '2020-11-05T19:37:28.109Z', '2020-11-11T04:57:01.875Z', true, 'pcs', 'Adolfo59@gmail.com', 'Lyda', 'confirmed', NULL, NULL);
INSERT INTO bid (ct_email, ct_price, start_date, end_date, is_cash, transport_method, pet_owner, pet_name, bid_status, feedback, rating) VALUES ('Domenick.Lesch54@yahoo.com', 6, '2020-11-05T19:37:28.109Z', '2020-11-11T04:57:01.875Z', true, 'delivery', 'Juliana87@hotmail.com', 'London', 'reviewed', 'Eum quia at id. Totam eius rerum.', 4);
INSERT INTO bid (ct_email, ct_price, start_date, end_date, is_cash, transport_method, pet_owner, pet_name, bid_status, feedback, rating) VALUES ('Merritt.Bradtke@gmail.com', 14, '2020-11-05T19:37:28.109Z', '2020-11-11T04:57:01.875Z', true, 'delivery', 'Angelita_Herman70@hotmail.com', 'Aileen', 'reviewed', 'Voluptatibus cum exercitationem. Quis rerum voluptates.', 3);
INSERT INTO bid (ct_email, ct_price, start_date, end_date, is_cash, transport_method, pet_owner, pet_name, bid_status, feedback, rating) VALUES ('Chaim.Dach78@gmail.com', 3, '2020-11-05T19:37:28.109Z', '2020-11-11T04:57:01.875Z', true, 'pickup', 'Demario99@hotmail.com', 'Krista', 'confirmed', NULL, NULL);
INSERT INTO bid (ct_email, ct_price, start_date, end_date, is_cash, transport_method, pet_owner, pet_name, bid_status, feedback, rating) VALUES ('Cameron.Nader@hotmail.com', 9, '2020-11-05T19:37:28.109Z', '2020-11-11T04:57:01.875Z', true, 'pickup', 'Leon_Kulas@yahoo.com', 'Selina', 'reviewed', 'Eum et maxime reprehenderit. Fuga quia nobis rem voluptatem et quaerat.', 3);
INSERT INTO bid (ct_email, ct_price, start_date, end_date, is_cash, transport_method, pet_owner, pet_name, bid_status, feedback, rating) VALUES ('Stephany.Luettgen73@gmail.com', 6, '2020-11-05T19:37:28.109Z', '2020-11-11T04:57:01.875Z', true, 'pickup', 'Carolyn.Rowe68@yahoo.com', 'Amiya', 'confirmed', NULL, NULL);
INSERT INTO bid (ct_email, ct_price, start_date, end_date, is_cash, transport_method, pet_owner, pet_name, bid_status, feedback, rating) VALUES ('Luther_Goodwin38@yahoo.com', 15, '2020-11-05T19:37:28.109Z', '2020-11-11T04:57:01.875Z', true, 'pcs', 'Alyson.Hamill80@gmail.com', 'Rahsaan', 'confirmed', NULL, NULL);
INSERT INTO bid (ct_email, ct_price, start_date, end_date, is_cash, transport_method, pet_owner, pet_name, bid_status, feedback, rating) VALUES ('Silas_Hahn77@hotmail.com', 14, '2020-11-05T19:37:28.109Z', '2020-11-11T04:57:01.875Z', true, 'delivery', 'Marianne.Predovic99@gmail.com', 'Kathleen', 'reviewed', 'Asperiores nemo voluptates et. Animi molestias aspernatur totam.', 5);
INSERT INTO bid (ct_email, ct_price, start_date, end_date, is_cash, transport_method, pet_owner, pet_name, bid_status, feedback, rating) VALUES ('Noah.Marvin35@yahoo.com', 17, '2020-11-05T19:37:28.109Z', '2020-11-11T04:57:01.875Z', true, 'pcs', 'Rylee_Schulist76@gmail.com', 'Vernon', 'confirmed', NULL, NULL);
INSERT INTO bid (ct_email, ct_price, start_date, end_date, is_cash, transport_method, pet_owner, pet_name, bid_status, feedback, rating) VALUES ('Natalia_Stoltenberg3@hotmail.com', 9, '2020-11-05T19:37:28.109Z', '2020-11-11T04:57:01.875Z', true, 'delivery', 'Celestino_Stroman4@hotmail.com', 'Gonzalo', 'reviewed', 'Est velit est. Voluptatem non id id vitae et et nostrum molestias.', 5);
INSERT INTO bid (ct_email, ct_price, start_date, end_date, is_cash, transport_method, pet_owner, pet_name, bid_status, feedback, rating) VALUES ('Ona.Schroeder@gmail.com', 10, '2020-11-05T19:37:28.109Z', '2020-11-11T04:57:01.875Z', true, 'pickup', 'Hanna.Homenick31@yahoo.com', 'Savannah', 'confirmed', NULL, NULL);
INSERT INTO bid (ct_email, ct_price, start_date, end_date, is_cash, transport_method, pet_owner, pet_name, bid_status, feedback, rating) VALUES ('Josefa.Turcotte34@yahoo.com', 19, '2020-11-05T19:37:28.109Z', '2020-11-11T04:57:01.875Z', true, 'delivery', 'Ashley_Brekke75@hotmail.com', 'Dimitri', 'confirmed', NULL, NULL);
INSERT INTO bid (ct_email, ct_price, start_date, end_date, is_cash, transport_method, pet_owner, pet_name, bid_status, feedback, rating) VALUES ('Randal_Bednar19@yahoo.com', 13, '2020-11-05T19:37:28.109Z', '2020-11-11T04:57:01.875Z', true, 'delivery', 'Domenick22@gmail.com', 'Dorcas', 'reviewed', 'Pariatur fugit est dolorum autem neque reiciendis adipisci quo fugiat. Magni voluptas commodi aut.', 5);
INSERT INTO bid (ct_email, ct_price, start_date, end_date, is_cash, transport_method, pet_owner, pet_name, bid_status, feedback, rating) VALUES ('Julianne36@hotmail.com', 5, '2020-11-05T19:37:28.109Z', '2020-11-11T04:57:01.875Z', true, 'delivery', 'Clint8@hotmail.com', 'Roel', 'confirmed', NULL, NULL);
INSERT INTO bid (ct_email, ct_price, start_date, end_date, is_cash, transport_method, pet_owner, pet_name, bid_status, feedback, rating) VALUES ('Enola.Halvorson@gmail.com', 5, '2020-11-05T19:37:28.109Z', '2020-11-11T04:57:01.875Z', true, 'pcs', 'Danial_Conroy@yahoo.com', 'Angeline', 'reviewed', 'Et et quia et ut fuga asperiores minus et. Itaque voluptas ipsum provident pariatur qui optio sequi.', 3);
INSERT INTO bid (ct_email, ct_price, start_date, end_date, is_cash, transport_method, pet_owner, pet_name, bid_status, feedback, rating) VALUES ('Christine.Schumm@hotmail.com', 3, '2020-11-05T19:37:28.109Z', '2020-11-11T04:57:01.875Z', true, 'pickup', 'Webster.Nitzsche50@gmail.com', 'Lester', 'reviewed', 'Veritatis quis assumenda rem eum. Suscipit ut odit consequatur maiores hic quis vel modi cumque.', 4);
INSERT INTO bid (ct_email, ct_price, start_date, end_date, is_cash, transport_method, pet_owner, pet_name, bid_status, feedback, rating) VALUES ('Easter.Blanda@yahoo.com', 12, '2020-11-05T19:37:28.109Z', '2020-11-11T04:57:01.875Z', true, 'pickup', 'Carson47@gmail.com', 'Stacey', 'reviewed', 'Ut vero dignissimos dignissimos repudiandae incidunt quidem qui. Quam vitae non totam nihil cupiditate.', 4);
INSERT INTO bid (ct_email, ct_price, start_date, end_date, is_cash, transport_method, pet_owner, pet_name, bid_status, feedback, rating) VALUES ('Earline38@yahoo.com', 0, '2020-11-05T19:37:28.109Z', '2020-11-11T04:57:01.875Z', true, 'pickup', 'Tobin67@gmail.com', 'Spencer', 'reviewed', 'Distinctio reprehenderit a velit. Ut incidunt nemo tempora aut sed ut.', 4);
INSERT INTO bid (ct_email, ct_price, start_date, end_date, is_cash, transport_method, pet_owner, pet_name, bid_status, feedback, rating) VALUES ('Kaya_Miller@yahoo.com', 4, '2020-11-05T19:37:28.109Z', '2020-11-11T04:57:01.875Z', true, 'pcs', 'Helene98@hotmail.com', 'Michael', 'reviewed', 'Qui quidem sit aut qui vel culpa explicabo ducimus officiis. Sint beatae a aut reprehenderit perspiciatis iure.', 3);
INSERT INTO bid (ct_email, ct_price, start_date, end_date, is_cash, transport_method, pet_owner, pet_name, bid_status, feedback, rating) VALUES ('Dorothy.Muller@yahoo.com', 17, '2020-11-05T19:37:28.109Z', '2020-11-11T04:57:01.875Z', true, 'pickup', 'Arno.Ferry74@yahoo.com', 'Michael', 'reviewed', 'Quae consequatur aspernatur harum laudantium dolorem voluptatem. Ut porro dolores aut voluptatibus non amet nobis quod non.', 3);
INSERT INTO bid (ct_email, ct_price, start_date, end_date, is_cash, transport_method, pet_owner, pet_name, bid_status, feedback, rating) VALUES ('Jany84@yahoo.com', 9, '2020-11-05T19:37:28.109Z', '2020-11-11T04:57:01.875Z', true, 'delivery', 'Josh_Koelpin7@hotmail.com', 'Joanny', 'reviewed', 'Eaque ullam minima. Dolore rerum iure iusto laudantium illum est vitae illum.', 4);
INSERT INTO bid (ct_email, ct_price, start_date, end_date, is_cash, transport_method, pet_owner, pet_name, bid_status, feedback, rating) VALUES ('Willie_Kassulke@gmail.com', 13, '2020-11-05T19:37:28.109Z', '2020-11-11T04:57:01.875Z', true, 'delivery', 'Javonte90@yahoo.com', 'Darian', 'reviewed', 'Facilis voluptas ut aut. Qui fugit totam natus optio debitis tenetur nostrum non sit.', 3);
INSERT INTO bid (ct_email, ct_price, start_date, end_date, is_cash, transport_method, pet_owner, pet_name, bid_status, feedback, rating) VALUES ('Gracie_Moore13@gmail.com', 3, '2020-11-05T19:37:28.109Z', '2020-11-11T04:57:01.875Z', true, 'delivery', 'Gardner.Kuvalis@gmail.com', 'Clair', 'reviewed', 'Ipsum facilis porro dolorem aut placeat accusamus possimus est a. Voluptas aliquam amet quia sit consequatur voluptatem sapiente.', 4);
INSERT INTO bid (ct_email, ct_price, start_date, end_date, is_cash, transport_method, pet_owner, pet_name, bid_status, feedback, rating) VALUES ('Ezekiel64@hotmail.com', 16, '2020-11-05T19:37:28.109Z', '2020-11-11T04:57:01.875Z', true, 'pcs', 'Dylan9@hotmail.com', 'Theron', 'confirmed', NULL, NULL);
INSERT INTO bid (ct_email, ct_price, start_date, end_date, is_cash, transport_method, pet_owner, pet_name, bid_status, feedback, rating) VALUES ('Paula.Price@yahoo.com', 11, '2020-11-05T19:37:28.109Z', '2020-11-11T04:57:01.875Z', true, 'pickup', 'Viviane_Borer14@hotmail.com', 'Kathryne', 'reviewed', 'Qui itaque voluptatibus beatae commodi atque pariatur dolorum temporibus. Et dolorum et et et omnis ea provident expedita.', 4);
INSERT INTO bid (ct_email, ct_price, start_date, end_date, is_cash, transport_method, pet_owner, pet_name, bid_status, feedback, rating) VALUES ('Warren.Anderson77@hotmail.com', 11, '2020-11-05T19:37:28.109Z', '2020-11-11T04:57:01.875Z', true, 'pickup', 'Kip_Thiel70@yahoo.com', 'Ethel', 'confirmed', NULL, NULL);
INSERT INTO bid (ct_email, ct_price, start_date, end_date, is_cash, transport_method, pet_owner, pet_name, bid_status, feedback, rating) VALUES ('Damon.Kulas@yahoo.com', 9, '2020-11-05T19:37:28.109Z', '2020-11-11T04:57:01.875Z', true, 'delivery', 'Lue17@hotmail.com', 'Kailyn', 'confirmed', NULL, NULL);
INSERT INTO bid (ct_email, ct_price, start_date, end_date, is_cash, transport_method, pet_owner, pet_name, bid_status, feedback, rating) VALUES ('Aglae_Windler@gmail.com', 17, '2020-11-05T19:37:28.109Z', '2020-11-11T04:57:01.875Z', true, 'delivery', 'Fanny_Weimann@yahoo.com', 'Jermain', 'reviewed', 'Dolor distinctio voluptatibus adipisci porro occaecati vel quas distinctio ipsam. Odio est est.', 5);
INSERT INTO bid (ct_email, ct_price, start_date, end_date, is_cash, transport_method, pet_owner, pet_name, bid_status, feedback, rating) VALUES ('Leif_Gerhold64@yahoo.com', 12, '2020-11-05T19:37:28.109Z', '2020-11-11T04:57:01.875Z', true, 'pcs', 'Jackson.Kirlin15@gmail.com', 'Thad', 'confirmed', NULL, NULL);
INSERT INTO bid (ct_email, ct_price, start_date, end_date, is_cash, transport_method, pet_owner, pet_name, bid_status, feedback, rating) VALUES ('Heath_Fahey62@gmail.com', 0, '2020-11-05T19:37:28.109Z', '2020-11-11T04:57:01.875Z', true, 'pickup', 'Thad_Lueilwitz@yahoo.com', 'Trinity', 'reviewed', 'Dolorem autem vel. Voluptatem possimus libero qui voluptatum quisquam quas.', 5);
INSERT INTO bid (ct_email, ct_price, start_date, end_date, is_cash, transport_method, pet_owner, pet_name, bid_status, feedback, rating) VALUES ('Kennith_Hane@gmail.com', 5, '2020-11-05T19:37:28.109Z', '2020-11-11T04:57:01.875Z', true, 'pickup', 'Vernice.Bogan31@yahoo.com', 'Noemie', 'reviewed', 'Eveniet nihil a. Aspernatur similique delectus sed hic nulla accusamus et.', 3);
INSERT INTO bid (ct_email, ct_price, start_date, end_date, is_cash, transport_method, pet_owner, pet_name, bid_status, feedback, rating) VALUES ('Stanton.Smitham69@yahoo.com', 5, '2020-11-05T19:37:28.109Z', '2020-11-11T04:57:01.875Z', true, 'delivery', 'Keeley71@yahoo.com', 'Jon', 'confirmed', NULL, NULL);
INSERT INTO bid (ct_email, ct_price, start_date, end_date, is_cash, transport_method, pet_owner, pet_name, bid_status, feedback, rating) VALUES ('Markus.Lang@hotmail.com', 9, '2020-11-05T19:37:28.109Z', '2020-11-11T04:57:01.875Z', true, 'pickup', 'Wilbert_Sawayn46@hotmail.com', 'Bianka', 'reviewed', 'Assumenda et culpa id et voluptatem assumenda. Cumque incidunt et vel.', 4);
INSERT INTO bid (ct_email, ct_price, start_date, end_date, is_cash, transport_method, pet_owner, pet_name, bid_status, feedback, rating) VALUES ('Shawn_Lehner@yahoo.com', 4, '2020-11-05T19:37:28.109Z', '2020-11-11T04:57:01.875Z', true, 'pickup', 'Quinten.OHara78@yahoo.com', 'Clara', 'confirmed', NULL, NULL);
INSERT INTO bid (ct_email, ct_price, start_date, end_date, is_cash, transport_method, pet_owner, pet_name, bid_status, feedback, rating) VALUES ('Clark.Terry57@gmail.com', 18, '2020-11-05T19:37:28.109Z', '2020-11-11T04:57:01.875Z', true, 'pickup', 'Timmy59@hotmail.com', 'Rod', 'confirmed', NULL, NULL);
INSERT INTO bid (ct_email, ct_price, start_date, end_date, is_cash, transport_method, pet_owner, pet_name, bid_status, feedback, rating) VALUES ('Marietta_Barton64@hotmail.com', 16, '2020-11-05T19:37:28.109Z', '2020-11-11T04:57:01.875Z', true, 'delivery', 'Margarita.Hermiston@yahoo.com', 'Sophie', 'confirmed', NULL, NULL);
INSERT INTO bid (ct_email, ct_price, start_date, end_date, is_cash, transport_method, pet_owner, pet_name, bid_status, feedback, rating) VALUES ('Corene27@hotmail.com', 4, '2020-11-05T19:37:28.109Z', '2020-11-11T04:57:01.875Z', true, 'pickup', 'Allison.Nolan81@hotmail.com', 'Liam', 'confirmed', NULL, NULL);
INSERT INTO bid (ct_email, ct_price, start_date, end_date, is_cash, transport_method, pet_owner, pet_name, bid_status, feedback, rating) VALUES ('Mallie45@yahoo.com', 0, '2020-11-05T19:37:28.109Z', '2020-11-11T04:57:01.875Z', true, 'delivery', 'Karley.Zulauf@yahoo.com', 'Gisselle', 'reviewed', 'Ullam vel laudantium. Quae nesciunt inventore modi est in sunt illum.', 3);
INSERT INTO bid (ct_email, ct_price, start_date, end_date, is_cash, transport_method, pet_owner, pet_name, bid_status, feedback, rating) VALUES ('Ramiro86@gmail.com', 9, '2020-11-05T19:37:28.109Z', '2020-11-11T04:57:01.875Z', true, 'pcs', 'Katrina_Kutch@yahoo.com', 'Leonora', 'reviewed', 'Quia ab eos veniam. Vel voluptas blanditiis eius nostrum vel non ut.', 5);
INSERT INTO bid (ct_email, ct_price, start_date, end_date, is_cash, transport_method, pet_owner, pet_name, bid_status, feedback, rating) VALUES ('Andreanne_Jacobson@hotmail.com', 17, '2020-11-05T19:37:28.109Z', '2020-11-11T04:57:01.875Z', true, 'pickup', 'Felix46@yahoo.com', 'Napoleon', 'reviewed', 'Non expedita quia assumenda in. Nihil corrupti accusamus error nobis esse.', 3);
INSERT INTO bid (ct_email, ct_price, start_date, end_date, is_cash, transport_method, pet_owner, pet_name, bid_status, feedback, rating) VALUES ('Clare_McLaughlin72@hotmail.com', 19, '2020-11-05T19:37:28.109Z', '2020-11-11T04:57:01.875Z', true, 'delivery', 'Dylan.Franecki95@gmail.com', 'Xzavier', 'reviewed', 'Architecto temporibus voluptatem. Eum deleniti consequatur ut consequatur sit sit consequatur.', 5);
INSERT INTO bid (ct_email, ct_price, start_date, end_date, is_cash, transport_method, pet_owner, pet_name, bid_status, feedback, rating) VALUES ('Claudie_Hyatt46@gmail.com', 5, '2020-11-05T19:37:28.109Z', '2020-11-11T04:57:01.875Z', true, 'pickup', 'Sigurd.Walter@gmail.com', 'Trisha', 'confirmed', NULL, NULL);
INSERT INTO bid (ct_email, ct_price, start_date, end_date, is_cash, transport_method, pet_owner, pet_name, bid_status, feedback, rating) VALUES ('Guido.DuBuque@yahoo.com', 13, '2020-11-05T19:37:28.109Z', '2020-11-11T04:57:01.875Z', true, 'delivery', 'Natalia_Pfeffer68@hotmail.com', 'Zena', 'reviewed', 'Unde tempora cupiditate dolor adipisci. Dolor ullam velit laboriosam tenetur.', 5);
INSERT INTO bid (ct_email, ct_price, start_date, end_date, is_cash, transport_method, pet_owner, pet_name, bid_status, feedback, rating) VALUES ('Raphaelle21@hotmail.com', 12, '2020-11-05T19:37:28.109Z', '2020-11-11T04:57:01.875Z', true, 'pickup', 'Juliet.OConnell10@hotmail.com', 'Yoshiko', 'reviewed', 'Voluptatem mollitia eum praesentium velit ad. Magni maiores quisquam qui et harum.', 5);
INSERT INTO bid (ct_email, ct_price, start_date, end_date, is_cash, transport_method, pet_owner, pet_name, bid_status, feedback, rating) VALUES ('Nikko_Connelly@gmail.com', 13, '2020-11-05T19:37:28.109Z', '2020-11-11T04:57:01.875Z', true, 'pickup', 'Elton_Schiller@gmail.com', 'Ila', 'confirmed', NULL, NULL);
INSERT INTO bid (ct_email, ct_price, start_date, end_date, is_cash, transport_method, pet_owner, pet_name, bid_status, feedback, rating) VALUES ('Napoleon_Raynor@hotmail.com', 18, '2020-11-05T19:37:28.109Z', '2020-11-11T04:57:01.875Z', true, 'pcs', 'Giovanni.Howe49@gmail.com', 'Lottie', 'reviewed', 'Debitis veniam vel. Laboriosam temporibus vel maxime ducimus libero quibusdam ea.', 3);
INSERT INTO bid (ct_email, ct_price, start_date, end_date, is_cash, transport_method, pet_owner, pet_name, bid_status, feedback, rating) VALUES ('Alexzander31@hotmail.com', 14, '2020-11-05T19:37:28.109Z', '2020-11-11T04:57:01.875Z', true, 'pickup', 'Lee89@hotmail.com', 'Aglae', 'reviewed', 'Inventore officia minus ut molestiae mollitia excepturi amet. Facilis excepturi id quaerat consequuntur non.', 4);
INSERT INTO bid (ct_email, ct_price, start_date, end_date, is_cash, transport_method, pet_owner, pet_name, bid_status, feedback, rating) VALUES ('Jedidiah.Collins98@yahoo.com', 0, '2020-11-05T19:37:28.109Z', '2020-11-11T04:57:01.875Z', true, 'pcs', 'Bertha_Will@yahoo.com', 'Keshawn', 'confirmed', NULL, NULL);
INSERT INTO bid (ct_email, ct_price, start_date, end_date, is_cash, transport_method, pet_owner, pet_name, bid_status, feedback, rating) VALUES ('Clarabelle.DuBuque66@yahoo.com', 14, '2020-11-05T19:37:28.109Z', '2020-11-11T04:57:01.875Z', true, 'pcs', 'Reggie.Cormier0@yahoo.com', 'Kurt', 'reviewed', 'Delectus qui consectetur. Dolor in et eligendi ea alias similique sed pariatur vel.', 3);
INSERT INTO bid (ct_email, ct_price, start_date, end_date, is_cash, transport_method, pet_owner, pet_name, bid_status, feedback, rating) VALUES ('Bettye_Mante@yahoo.com', 7, '2020-11-05T19:37:28.109Z', '2020-11-11T04:57:01.875Z', true, 'pcs', 'Lukas.Mayer16@gmail.com', 'Alana', 'confirmed', NULL, NULL);
INSERT INTO bid (ct_email, ct_price, start_date, end_date, is_cash, transport_method, pet_owner, pet_name, bid_status, feedback, rating) VALUES ('Millie.Keebler63@gmail.com', 1, '2020-11-05T19:37:28.109Z', '2020-11-11T04:57:01.875Z', true, 'pcs', 'Jacynthe_Shields48@yahoo.com', 'Bridget', 'reviewed', 'Assumenda sequi nobis consequatur soluta molestiae ut illum nesciunt. Voluptate officia doloremque facere veritatis sed.', 3);
INSERT INTO bid (ct_email, ct_price, start_date, end_date, is_cash, transport_method, pet_owner, pet_name, bid_status, feedback, rating) VALUES ('Mckenna.Grimes@hotmail.com', 7, '2020-11-05T19:37:28.109Z', '2020-11-11T04:57:01.875Z', true, 'delivery', 'Tristian_Heller31@yahoo.com', 'Stanford', 'reviewed', 'Aliquid porro corrupti perspiciatis voluptatem cum aut doloremque odio. Amet magni omnis est repellendus aliquid iste corrupti.', 3);
INSERT INTO bid (ct_email, ct_price, start_date, end_date, is_cash, transport_method, pet_owner, pet_name, bid_status, feedback, rating) VALUES ('Kailey72@yahoo.com', 13, '2020-11-05T19:37:28.109Z', '2020-11-11T04:57:01.875Z', true, 'pcs', 'Creola_Powlowski43@gmail.com', 'Allene', 'confirmed', NULL, NULL);
INSERT INTO bid (ct_email, ct_price, start_date, end_date, is_cash, transport_method, pet_owner, pet_name, bid_status, feedback, rating) VALUES ('Rossie.Heidenreich65@gmail.com', 17, '2020-11-05T19:37:28.109Z', '2020-11-11T04:57:01.875Z', true, 'pcs', 'Art.Mante87@hotmail.com', 'Karlee', 'confirmed', NULL, NULL);
INSERT INTO bid (ct_email, ct_price, start_date, end_date, is_cash, transport_method, pet_owner, pet_name, bid_status, feedback, rating) VALUES ('Rex78@hotmail.com', 0, '2020-11-05T19:37:28.109Z', '2020-11-11T04:57:01.875Z', true, 'pickup', 'Fay_Russel72@gmail.com', 'Jasmin', 'reviewed', 'Voluptates debitis reprehenderit quisquam ut id dolore. Laboriosam aut officia sint hic molestias occaecati totam dolore excepturi.', 4);
INSERT INTO bid (ct_email, ct_price, start_date, end_date, is_cash, transport_method, pet_owner, pet_name, bid_status, feedback, rating) VALUES ('Stella_Wyman55@yahoo.com', 17, '2020-11-05T19:37:28.109Z', '2020-11-11T04:57:01.875Z', true, 'delivery', 'Sid_Kertzmann@gmail.com', 'Westley', 'confirmed', NULL, NULL);
INSERT INTO bid (ct_email, ct_price, start_date, end_date, is_cash, transport_method, pet_owner, pet_name, bid_status, feedback, rating) VALUES ('Alvis_Bruen@hotmail.com', 8, '2020-11-05T19:37:28.109Z', '2020-11-11T04:57:01.875Z', true, 'delivery', 'Brendon.Jakubowski6@gmail.com', 'Laverne', 'confirmed', NULL, NULL);
INSERT INTO bid (ct_email, ct_price, start_date, end_date, is_cash, transport_method, pet_owner, pet_name, bid_status, feedback, rating) VALUES ('Savion.Kovacek@hotmail.com', 11, '2020-11-05T19:37:28.109Z', '2020-11-11T04:57:01.875Z', true, 'pickup', 'Jesus.Haag@hotmail.com', 'Marielle', 'reviewed', 'Ut dolorem praesentium omnis odio saepe numquam odio optio. Nisi est doloribus qui tempore iure ut inventore animi.', 5);
INSERT INTO bid (ct_email, ct_price, start_date, end_date, is_cash, transport_method, pet_owner, pet_name, bid_status, feedback, rating) VALUES ('Celestino_Stroman4@hotmail.com', 16, '2020-11-05T19:37:28.109Z', '2020-11-11T04:57:01.875Z', true, 'pickup', 'Jaunita_Borer@yahoo.com', 'Josephine', 'reviewed', 'Harum et praesentium ut quia aperiam. Non est sapiente distinctio vero voluptatem cupiditate deserunt maiores.', 3);
INSERT INTO bid (ct_email, ct_price, start_date, end_date, is_cash, transport_method, pet_owner, pet_name, bid_status, feedback, rating) VALUES ('Helene98@hotmail.com', 5, '2020-11-05T19:37:28.109Z', '2020-11-11T04:57:01.875Z', true, 'pickup', 'Wyman.Bruen@yahoo.com', 'Nash', 'reviewed', 'Aut deleniti rerum et voluptatem est recusandae tempore et similique. Eligendi totam nihil consectetur quia tempore occaecati et.', 4);
INSERT INTO bid (ct_email, ct_price, start_date, end_date, is_cash, transport_method, pet_owner, pet_name, bid_status, feedback, rating) VALUES ('Johnathon2@gmail.com', 5, '2020-11-05T19:37:28.109Z', '2020-11-11T04:57:01.875Z', true, 'pickup', 'Stefanie_Roob17@gmail.com', 'Everette', 'confirmed', NULL, NULL);
INSERT INTO bid (ct_email, ct_price, start_date, end_date, is_cash, transport_method, pet_owner, pet_name, bid_status, feedback, rating) VALUES ('Marlin_Crona88@yahoo.com', 11, '2020-11-05T19:37:28.109Z', '2020-11-11T04:57:01.875Z', true, 'pcs', 'Trevor85@gmail.com', 'Sydney', 'confirmed', NULL, NULL);
INSERT INTO bid (ct_email, ct_price, start_date, end_date, is_cash, transport_method, pet_owner, pet_name, bid_status, feedback, rating) VALUES ('Susie.Fritsch@yahoo.com', 0, '2020-11-05T19:37:28.109Z', '2020-11-11T04:57:01.875Z', true, 'delivery', 'Kyler.Mertz43@hotmail.com', 'Sarah', 'reviewed', 'Voluptate ipsum fugiat magni quae rerum. Explicabo quia corrupti sequi.', 5);
INSERT INTO bid (ct_email, ct_price, start_date, end_date, is_cash, transport_method, pet_owner, pet_name, bid_status, feedback, rating) VALUES ('Charles.Mueller@gmail.com', 4, '2020-11-05T19:37:28.109Z', '2020-11-11T04:57:01.875Z', true, 'pcs', 'Antonio.Ortiz@hotmail.com', 'Uriah', 'confirmed', NULL, NULL);
INSERT INTO bid (ct_email, ct_price, start_date, end_date, is_cash, transport_method, pet_owner, pet_name, bid_status, feedback, rating) VALUES ('Nayeli90@gmail.com', 8, '2020-11-05T19:37:28.109Z', '2020-11-11T04:57:01.875Z', true, 'pcs', 'Alison_Jaskolski@hotmail.com', 'Pietro', 'reviewed', 'Omnis autem aut sit voluptate harum. Dolorem ea aut cum aspernatur quas asperiores.', 4);
INSERT INTO bid (ct_email, ct_price, start_date, end_date, is_cash, transport_method, pet_owner, pet_name, bid_status, feedback, rating) VALUES ('Alana21@yahoo.com', 3, '2020-11-05T19:37:28.109Z', '2020-11-11T04:57:01.875Z', true, 'pcs', 'Emmet_Blanda@yahoo.com', 'Cooper', 'reviewed', 'Possimus qui veritatis ad ut itaque accusamus dolores fugiat. Corporis maxime nemo sed non dicta in eligendi voluptate.', 4);
INSERT INTO bid (ct_email, ct_price, start_date, end_date, is_cash, transport_method, pet_owner, pet_name, bid_status, feedback, rating) VALUES ('Noelia_Effertz@gmail.com', 18, '2020-11-05T19:37:28.109Z', '2020-11-11T04:57:01.875Z', true, 'pickup', 'Katrina43@hotmail.com', 'Christian', 'confirmed', NULL, NULL);
INSERT INTO bid (ct_email, ct_price, start_date, end_date, is_cash, transport_method, pet_owner, pet_name, bid_status, feedback, rating) VALUES ('Amy49@gmail.com', 7, '2020-11-05T19:37:28.109Z', '2020-11-11T04:57:01.875Z', true, 'pcs', 'Maia48@gmail.com', 'Landen', 'confirmed', NULL, NULL);
INSERT INTO bid (ct_email, ct_price, start_date, end_date, is_cash, transport_method, pet_owner, pet_name, bid_status, feedback, rating) VALUES ('Rudy3@yahoo.com', 1, '2020-11-05T19:37:28.109Z', '2020-11-11T04:57:01.875Z', true, 'pcs', 'Joey74@gmail.com', 'Demetrius', 'reviewed', 'Voluptas non maxime deleniti. Totam eum sunt libero et sed quia.', 4);
INSERT INTO bid (ct_email, ct_price, start_date, end_date, is_cash, transport_method, pet_owner, pet_name, bid_status, feedback, rating) VALUES ('Roselyn.Sawayn@hotmail.com', 19, '2020-11-05T19:37:28.109Z', '2020-11-11T04:57:01.875Z', true, 'delivery', 'Kurt51@hotmail.com', 'Joelle', 'reviewed', 'Eum incidunt animi optio consequatur sint dolorem. Et quasi voluptatem blanditiis ab.', 4);
INSERT INTO bid (ct_email, ct_price, start_date, end_date, is_cash, transport_method, pet_owner, pet_name, bid_status, feedback, rating) VALUES ('Diana.Mueller92@gmail.com', 2, '2020-11-05T19:37:28.109Z', '2020-11-11T04:57:01.875Z', true, 'pcs', 'Margarette_Graham@gmail.com', 'Jacey', 'reviewed', 'Non dolores dolores sint repellendus sint repudiandae et cum culpa. Odio velit quia.', 5);
INSERT INTO bid (ct_email, ct_price, start_date, end_date, is_cash, transport_method, pet_owner, pet_name, bid_status, feedback, rating) VALUES ('Caleigh60@gmail.com', 17, '2020-11-05T19:37:28.109Z', '2020-11-11T04:57:01.875Z', true, 'delivery', 'Darryl_Ward@hotmail.com', 'Elmira', 'reviewed', 'Pariatur iusto eum omnis repudiandae sunt fugit. Nesciunt id veniam quia unde totam ut quisquam.', 3);
INSERT INTO bid (ct_email, ct_price, start_date, end_date, is_cash, transport_method, pet_owner, pet_name, bid_status, feedback, rating) VALUES ('Durward.Johnston99@gmail.com', 3, '2020-11-05T19:37:28.109Z', '2020-11-11T04:57:01.875Z', true, 'pcs', 'Barbara.Mitchell36@gmail.com', 'Zachariah', 'reviewed', 'Eos omnis est deserunt officia sunt. Ducimus omnis voluptas est.', 4);
INSERT INTO bid (ct_email, ct_price, start_date, end_date, is_cash, transport_method, pet_owner, pet_name, bid_status, feedback, rating) VALUES ('Kevin.Graham@gmail.com', 10, '2020-11-05T19:37:28.109Z', '2020-11-11T04:57:01.875Z', true, 'delivery', 'Candace_Terry29@hotmail.com', 'Martina', 'confirmed', NULL, NULL);
INSERT INTO bid (ct_email, ct_price, start_date, end_date, is_cash, transport_method, pet_owner, pet_name, bid_status, feedback, rating) VALUES ('Anissa.Volkman@hotmail.com', 16, '2020-11-05T19:37:28.109Z', '2020-11-11T04:57:01.875Z', true, 'delivery', 'Josiah59@yahoo.com', 'Nicklaus', 'confirmed', NULL, NULL);
INSERT INTO bid (ct_email, ct_price, start_date, end_date, is_cash, transport_method, pet_owner, pet_name, bid_status, feedback, rating) VALUES ('Darryl.Luettgen8@gmail.com', 16, '2020-11-05T19:37:28.109Z', '2020-11-11T04:57:01.875Z', true, 'pickup', 'Julien.Towne@gmail.com', 'Katlynn', 'confirmed', NULL, NULL);
INSERT INTO bid (ct_email, ct_price, start_date, end_date, is_cash, transport_method, pet_owner, pet_name, bid_status, feedback, rating) VALUES ('Lulu15@gmail.com', 17, '2020-11-05T19:37:28.109Z', '2020-11-11T04:57:01.875Z', true, 'delivery', 'Barry.Rodriguez82@yahoo.com', 'Gerald', 'reviewed', 'Rem non sint veritatis ad assumenda dolores et. Beatae in soluta qui quo cum est.', 4);
INSERT INTO bid (ct_email, ct_price, start_date, end_date, is_cash, transport_method, pet_owner, pet_name, bid_status, feedback, rating) VALUES ('Roosevelt.Stracke@hotmail.com', 0, '2020-11-05T19:37:28.109Z', '2020-11-11T04:57:01.875Z', true, 'delivery', 'Ford52@gmail.com', 'Rachel', 'confirmed', NULL, NULL);
INSERT INTO bid (ct_email, ct_price, start_date, end_date, is_cash, transport_method, pet_owner, pet_name, bid_status, feedback, rating) VALUES ('Juliet_Greenholt@hotmail.com', 6, '2020-11-05T19:37:28.109Z', '2020-11-11T04:57:01.875Z', true, 'pcs', 'Ona.Schroeder@gmail.com', 'Louvenia', 'reviewed', 'Velit temporibus molestiae sint qui facere dolore qui eos. Est non iste commodi.', 3);
INSERT INTO bid (ct_email, ct_price, start_date, end_date, is_cash, transport_method, pet_owner, pet_name, bid_status, feedback, rating) VALUES ('Brendon_Beer49@gmail.com', 7, '2020-11-05T19:37:28.109Z', '2020-11-11T04:57:01.875Z', true, 'pickup', 'Rodrick35@gmail.com', 'Raymundo', 'confirmed', NULL, NULL);
INSERT INTO bid (ct_email, ct_price, start_date, end_date, is_cash, transport_method, pet_owner, pet_name, bid_status, feedback, rating) VALUES ('Cordia_Haag@gmail.com', 12, '2020-11-05T19:37:28.109Z', '2020-11-11T04:57:01.875Z', true, 'delivery', 'Stanton_Rath8@yahoo.com', 'Kennith', 'confirmed', NULL, NULL);
INSERT INTO bid (ct_email, ct_price, start_date, end_date, is_cash, transport_method, pet_owner, pet_name, bid_status, feedback, rating) VALUES ('Garrett.Greenholt32@gmail.com', 20, '2020-11-05T19:37:28.109Z', '2020-11-11T04:57:01.875Z', true, 'pickup', 'Levi.Hammes30@gmail.com', 'Giovanna', 'confirmed', NULL, NULL);
INSERT INTO bid (ct_email, ct_price, start_date, end_date, is_cash, transport_method, pet_owner, pet_name, bid_status, feedback, rating) VALUES ('Katarina18@yahoo.com', 17, '2020-11-05T19:37:28.109Z', '2020-11-11T04:57:01.875Z', true, 'pickup', 'Precious69@yahoo.com', 'Wyman', 'confirmed', NULL, NULL);
INSERT INTO bid (ct_email, ct_price, start_date, end_date, is_cash, transport_method, pet_owner, pet_name, bid_status, feedback, rating) VALUES ('Ada18@gmail.com', 14, '2020-11-05T19:37:28.109Z', '2020-11-11T04:57:01.875Z', true, 'delivery', 'Bud_Crooks@yahoo.com', 'Concepcion', 'reviewed', 'Sequi similique quaerat optio et inventore. Et minus et porro nulla voluptatem laborum tenetur.', 5);
INSERT INTO bid (ct_email, ct_price, start_date, end_date, is_cash, transport_method, pet_owner, pet_name, bid_status, feedback, rating) VALUES ('Royce.Schamberger77@yahoo.com', 16, '2020-11-05T19:37:28.109Z', '2020-11-11T04:57:01.875Z', true, 'delivery', 'Edmond_Romaguera@yahoo.com', 'Derrick', 'reviewed', 'Vitae mollitia cum eius ab a sint sunt et. Nemo dicta reiciendis officia delectus voluptas repellat nam.', 3);
INSERT INTO bid (ct_email, ct_price, start_date, end_date, is_cash, transport_method, pet_owner, pet_name, bid_status, feedback, rating) VALUES ('Quincy43@yahoo.com', 9, '2020-11-05T19:37:28.109Z', '2020-11-11T04:57:01.875Z', true, 'delivery', 'Guido98@hotmail.com', 'Yazmin', 'reviewed', 'Aut vel fuga delectus delectus error ad saepe illum. Omnis omnis aut soluta magni quis.', 3);
INSERT INTO bid (ct_email, ct_price, start_date, end_date, is_cash, transport_method, pet_owner, pet_name, bid_status, feedback, rating) VALUES ('Carlee.Hansen@gmail.com', 7, '2020-11-05T19:37:28.109Z', '2020-11-11T04:57:01.875Z', true, 'pcs', 'Rodrick_Waters@gmail.com', 'Reba', 'reviewed', 'Doloribus sed consequatur odit eaque. Aut similique reprehenderit voluptatem.', 5);
INSERT INTO bid (ct_email, ct_price, start_date, end_date, is_cash, transport_method, pet_owner, pet_name, bid_status, feedback, rating) VALUES ('Joyce79@gmail.com', 20, '2020-11-05T19:37:28.109Z', '2020-11-11T04:57:01.875Z', true, 'delivery', 'Lennie_Marks56@yahoo.com', 'Emilie', 'confirmed', NULL, NULL);
INSERT INTO bid (ct_email, ct_price, start_date, end_date, is_cash, transport_method, pet_owner, pet_name, bid_status, feedback, rating) VALUES ('Alfreda_Kilback89@gmail.com', 20, '2020-11-05T19:37:28.109Z', '2020-11-11T04:57:01.875Z', true, 'delivery', 'Cesar.Mraz@gmail.com', 'Patricia', 'confirmed', NULL, NULL);
INSERT INTO bid (ct_email, ct_price, start_date, end_date, is_cash, transport_method, pet_owner, pet_name, bid_status, feedback, rating) VALUES ('Kassandra_Ratke92@gmail.com', 14, '2020-11-05T19:37:28.109Z', '2020-11-11T04:57:01.875Z', true, 'pcs', 'Jeremie45@gmail.com', 'Nash', 'confirmed', NULL, NULL);
INSERT INTO bid (ct_email, ct_price, start_date, end_date, is_cash, transport_method, pet_owner, pet_name, bid_status, feedback, rating) VALUES ('Aimee.Doyle@yahoo.com', 17, '2020-11-12T04:57:01.875Z', '2020-11-13T15:27:19.244Z', true, 'delivery', 'Karlie59@yahoo.com', 'Anastasia', 'reviewed', 'Perferendis necessitatibus unde. Et possimus rem.', 5);
INSERT INTO bid (ct_email, ct_price, start_date, end_date, is_cash, transport_method, pet_owner, pet_name, bid_status, feedback, rating) VALUES ('Carson.Volkman@yahoo.com', 13, '2020-11-12T04:57:01.875Z', '2020-11-13T15:27:19.244Z', true, 'pickup', 'Edmond_Romaguera@yahoo.com', 'Derrick', 'confirmed', NULL, NULL);
INSERT INTO bid (ct_email, ct_price, start_date, end_date, is_cash, transport_method, pet_owner, pet_name, bid_status, feedback, rating) VALUES ('Marta_Robel22@yahoo.com', 1, '2020-11-12T04:57:01.875Z', '2020-11-13T15:27:19.244Z', true, 'pickup', 'Lavinia.Ziemann21@yahoo.com', 'Terrence', 'reviewed', 'Eius delectus odit ab in et voluptas aut doloribus distinctio. Cupiditate praesentium ipsum.', 3);
INSERT INTO bid (ct_email, ct_price, start_date, end_date, is_cash, transport_method, pet_owner, pet_name, bid_status, feedback, rating) VALUES ('Alva78@hotmail.com', 0, '2020-11-12T04:57:01.875Z', '2020-11-13T15:27:19.244Z', true, 'delivery', 'Davin92@gmail.com', 'Cleo', 'reviewed', 'Id vel et similique eveniet tempore voluptatum sapiente. Adipisci omnis ut et quibusdam.', 3);
INSERT INTO bid (ct_email, ct_price, start_date, end_date, is_cash, transport_method, pet_owner, pet_name, bid_status, feedback, rating) VALUES ('Clair_Wisozk23@gmail.com', 19, '2020-11-12T04:57:01.875Z', '2020-11-13T15:27:19.244Z', true, 'delivery', 'Josh_Koelpin7@hotmail.com', 'Joanny', 'reviewed', 'Aut ducimus blanditiis ipsa voluptatum necessitatibus sit vel. Eaque eos tenetur cumque id quia consequatur et quod modi.', 5);
INSERT INTO bid (ct_email, ct_price, start_date, end_date, is_cash, transport_method, pet_owner, pet_name, bid_status, feedback, rating) VALUES ('Ferne_Jacobi51@gmail.com', 15, '2020-11-12T04:57:01.875Z', '2020-11-13T15:27:19.244Z', true, 'delivery', 'Cole78@gmail.com', 'Clinton', 'confirmed', NULL, NULL);
INSERT INTO bid (ct_email, ct_price, start_date, end_date, is_cash, transport_method, pet_owner, pet_name, bid_status, feedback, rating) VALUES ('Filomena.Toy90@yahoo.com', 0, '2020-11-12T04:57:01.875Z', '2020-11-13T15:27:19.244Z', true, 'pcs', 'Creola_Powlowski43@gmail.com', 'Allene', 'reviewed', 'Delectus mollitia qui et ea ut rerum eligendi dolor. Molestiae et cupiditate qui.', 3);
INSERT INTO bid (ct_email, ct_price, start_date, end_date, is_cash, transport_method, pet_owner, pet_name, bid_status, feedback, rating) VALUES ('Assunta_Leuschke1@yahoo.com', 18, '2020-11-12T04:57:01.875Z', '2020-11-13T15:27:19.244Z', true, 'delivery', 'Diana_Bradtke@yahoo.com', 'Johnson', 'confirmed', NULL, NULL);
INSERT INTO bid (ct_email, ct_price, start_date, end_date, is_cash, transport_method, pet_owner, pet_name, bid_status, feedback, rating) VALUES ('Lucio76@gmail.com', 19, '2020-11-12T04:57:01.875Z', '2020-11-13T15:27:19.244Z', true, 'pcs', 'Alva78@hotmail.com', 'Elody', 'reviewed', 'Architecto vitae eos nulla. Itaque id consequatur amet quae error voluptas accusantium cumque alias.', 3);
INSERT INTO bid (ct_email, ct_price, start_date, end_date, is_cash, transport_method, pet_owner, pet_name, bid_status, feedback, rating) VALUES ('Marietta15@gmail.com', 17, '2020-11-12T04:57:01.875Z', '2020-11-13T15:27:19.244Z', true, 'pcs', 'Adan_Haley79@hotmail.com', 'Elmo', 'confirmed', NULL, NULL);
INSERT INTO bid (ct_email, ct_price, start_date, end_date, is_cash, transport_method, pet_owner, pet_name, bid_status, feedback, rating) VALUES ('Juliana.Waters@yahoo.com', 9, '2020-11-12T04:57:01.875Z', '2020-11-13T15:27:19.244Z', true, 'pickup', 'Lenore75@hotmail.com', 'Tanya', 'confirmed', NULL, NULL);
INSERT INTO bid (ct_email, ct_price, start_date, end_date, is_cash, transport_method, pet_owner, pet_name, bid_status, feedback, rating) VALUES ('Nicklaus.Von22@gmail.com', 16, '2020-11-12T04:57:01.875Z', '2020-11-13T15:27:19.244Z', true, 'pcs', 'Marjory31@hotmail.com', 'Hertha', 'reviewed', 'Voluptas velit dicta. Dolor enim a rem sit sint.', 4);
INSERT INTO bid (ct_email, ct_price, start_date, end_date, is_cash, transport_method, pet_owner, pet_name, bid_status, feedback, rating) VALUES ('Julius.Hills@yahoo.com', 1, '2020-11-12T04:57:01.875Z', '2020-11-13T15:27:19.244Z', true, 'pickup', 'Filomena.Toy90@yahoo.com', 'Howell', 'confirmed', NULL, NULL);
INSERT INTO bid (ct_email, ct_price, start_date, end_date, is_cash, transport_method, pet_owner, pet_name, bid_status, feedback, rating) VALUES ('Emory_Lang77@yahoo.com', 0, '2020-11-12T04:57:01.875Z', '2020-11-13T15:27:19.244Z', true, 'delivery', 'Tyrel_Murazik@gmail.com', 'Shannon', 'reviewed', 'Ab voluptatibus quaerat dolor vitae. Rem recusandae autem.', 3);
INSERT INTO bid (ct_email, ct_price, start_date, end_date, is_cash, transport_method, pet_owner, pet_name, bid_status, feedback, rating) VALUES ('Megane_Schoen24@yahoo.com', 12, '2020-11-12T04:57:01.875Z', '2020-11-13T15:27:19.244Z', true, 'delivery', 'Clara.Lebsack@gmail.com', 'Sterling', 'confirmed', NULL, NULL);
INSERT INTO bid (ct_email, ct_price, start_date, end_date, is_cash, transport_method, pet_owner, pet_name, bid_status, feedback, rating) VALUES ('Elmore74@gmail.com', 6, '2020-11-12T04:57:01.875Z', '2020-11-13T15:27:19.244Z', true, 'delivery', 'Torrance49@hotmail.com', 'Concepcion', 'confirmed', NULL, NULL);
INSERT INTO bid (ct_email, ct_price, start_date, end_date, is_cash, transport_method, pet_owner, pet_name, bid_status, feedback, rating) VALUES ('Trudie55@hotmail.com', 18, '2020-11-12T04:57:01.875Z', '2020-11-13T15:27:19.244Z', true, 'delivery', 'Abelardo_Stamm@gmail.com', 'Derick', 'reviewed', 'Impedit sapiente voluptatem et harum quod dolores. Sit cumque non sint dolore est amet ea dignissimos dolor.', 3);
INSERT INTO bid (ct_email, ct_price, start_date, end_date, is_cash, transport_method, pet_owner, pet_name, bid_status, feedback, rating) VALUES ('Kaya.Miller@hotmail.com', 20, '2020-11-12T04:57:01.875Z', '2020-11-13T15:27:19.244Z', true, 'delivery', 'Melvin.Stoltenberg@yahoo.com', 'Jesus', 'reviewed', 'Ut blanditiis earum eaque. Fuga laudantium dignissimos libero rerum eos.', 3);
INSERT INTO bid (ct_email, ct_price, start_date, end_date, is_cash, transport_method, pet_owner, pet_name, bid_status, feedback, rating) VALUES ('Christ99@yahoo.com', 10, '2020-11-12T04:57:01.875Z', '2020-11-13T15:27:19.244Z', true, 'pcs', 'Dante.King90@yahoo.com', 'Maryjane', 'confirmed', NULL, NULL);
INSERT INTO bid (ct_email, ct_price, start_date, end_date, is_cash, transport_method, pet_owner, pet_name, bid_status, feedback, rating) VALUES ('Heath_Harris@yahoo.com', 7, '2020-11-12T04:57:01.875Z', '2020-11-13T15:27:19.244Z', true, 'pcs', 'German65@hotmail.com', 'Annetta', 'reviewed', 'Facilis aperiam modi possimus est quasi animi molestiae beatae. Pariatur quia animi molestias.', 3);
INSERT INTO bid (ct_email, ct_price, start_date, end_date, is_cash, transport_method, pet_owner, pet_name, bid_status, feedback, rating) VALUES ('Marianne90@yahoo.com', 16, '2020-11-12T04:57:01.875Z', '2020-11-13T15:27:19.244Z', true, 'delivery', 'Alison_Jaskolski@hotmail.com', 'Pietro', 'confirmed', NULL, NULL);
INSERT INTO bid (ct_email, ct_price, start_date, end_date, is_cash, transport_method, pet_owner, pet_name, bid_status, feedback, rating) VALUES ('Flavie_Pacocha7@yahoo.com', 6, '2020-11-12T04:57:01.875Z', '2020-11-13T15:27:19.244Z', true, 'pickup', 'Elliott.Toy83@hotmail.com', 'Shemar', 'reviewed', 'Sunt sed asperiores eum. Est perferendis non delectus placeat.', 5);
INSERT INTO bid (ct_email, ct_price, start_date, end_date, is_cash, transport_method, pet_owner, pet_name, bid_status, feedback, rating) VALUES ('Reynold30@gmail.com', 9, '2020-11-12T04:57:01.875Z', '2020-11-13T15:27:19.244Z', true, 'pickup', 'Leif_Gerhold64@yahoo.com', 'Krystel', 'confirmed', NULL, NULL);
INSERT INTO bid (ct_email, ct_price, start_date, end_date, is_cash, transport_method, pet_owner, pet_name, bid_status, feedback, rating) VALUES ('Marietta_Paucek@yahoo.com', 13, '2020-11-12T04:57:01.875Z', '2020-11-13T15:27:19.244Z', true, 'pcs', 'Donato99@gmail.com', 'Dominic', 'confirmed', NULL, NULL);
INSERT INTO bid (ct_email, ct_price, start_date, end_date, is_cash, transport_method, pet_owner, pet_name, bid_status, feedback, rating) VALUES ('Christiana_OConner19@hotmail.com', 1, '2020-11-12T04:57:01.875Z', '2020-11-13T15:27:19.244Z', true, 'delivery', 'Cathrine34@gmail.com', 'Joshuah', 'reviewed', 'Ipsam vero quibusdam recusandae blanditiis omnis sed tempore. Sit numquam quia quibusdam et quia ut non.', 5);
INSERT INTO bid (ct_email, ct_price, start_date, end_date, is_cash, transport_method, pet_owner, pet_name, bid_status, feedback, rating) VALUES ('Kristoffer_Welch13@yahoo.com', 1, '2020-11-12T04:57:01.875Z', '2020-11-13T15:27:19.244Z', true, 'pickup', 'Franco11@yahoo.com', 'Fanny', 'confirmed', NULL, NULL);
INSERT INTO bid (ct_email, ct_price, start_date, end_date, is_cash, transport_method, pet_owner, pet_name, bid_status, feedback, rating) VALUES ('Verna2@yahoo.com', 17, '2020-11-12T04:57:01.875Z', '2020-11-13T15:27:19.244Z', true, 'pickup', 'Mervin_Mertz@gmail.com', 'Jalyn', 'reviewed', 'Dolore nostrum reprehenderit incidunt quisquam nesciunt sed aliquid. Commodi in et esse quia fuga excepturi et esse.', 4);
INSERT INTO bid (ct_email, ct_price, start_date, end_date, is_cash, transport_method, pet_owner, pet_name, bid_status, feedback, rating) VALUES ('Jesus.Haag@hotmail.com', 11, '2020-11-12T04:57:01.875Z', '2020-11-13T15:27:19.244Z', true, 'pickup', 'Cali.Zboncak97@hotmail.com', 'Kay', 'confirmed', NULL, NULL);
INSERT INTO bid (ct_email, ct_price, start_date, end_date, is_cash, transport_method, pet_owner, pet_name, bid_status, feedback, rating) VALUES ('Joey74@gmail.com', 1, '2020-11-12T04:57:01.875Z', '2020-11-13T15:27:19.244Z', true, 'pcs', 'Andre98@hotmail.com', 'Sasha', 'confirmed', NULL, NULL);
INSERT INTO bid (ct_email, ct_price, start_date, end_date, is_cash, transport_method, pet_owner, pet_name, bid_status, feedback, rating) VALUES ('Lukas.Mayer16@gmail.com', 12, '2020-11-12T04:57:01.875Z', '2020-11-13T15:27:19.244Z', true, 'pickup', 'Jimmy_Bednar49@hotmail.com', 'Brooke', 'confirmed', NULL, NULL);
INSERT INTO bid (ct_email, ct_price, start_date, end_date, is_cash, transport_method, pet_owner, pet_name, bid_status, feedback, rating) VALUES ('Breanna80@yahoo.com', 10, '2020-11-12T04:57:01.875Z', '2020-11-13T15:27:19.244Z', true, 'pcs', 'Wellington_Kuvalis30@hotmail.com', 'Henri', 'reviewed', 'Repellendus omnis voluptas rem. Expedita laboriosam ipsa temporibus inventore cum ut facilis.', 3);
INSERT INTO bid (ct_email, ct_price, start_date, end_date, is_cash, transport_method, pet_owner, pet_name, bid_status, feedback, rating) VALUES ('Cassidy_Kovacek@yahoo.com', 4, '2020-11-12T04:57:01.875Z', '2020-11-13T15:27:19.244Z', true, 'pcs', 'Leola.Kutch@hotmail.com', 'Sarah', 'reviewed', 'Quaerat earum quidem natus reiciendis eos provident doloremque. Neque nam omnis vel.', 5);
INSERT INTO bid (ct_email, ct_price, start_date, end_date, is_cash, transport_method, pet_owner, pet_name, bid_status, feedback, rating) VALUES ('Junius.Hayes76@hotmail.com', 7, '2020-11-12T04:57:01.875Z', '2020-11-13T15:27:19.244Z', true, 'pcs', 'Lupe_Hilll@gmail.com', 'Jaylan', 'confirmed', NULL, NULL);
INSERT INTO bid (ct_email, ct_price, start_date, end_date, is_cash, transport_method, pet_owner, pet_name, bid_status, feedback, rating) VALUES ('Shannon74@yahoo.com', 6, '2020-11-12T04:57:01.875Z', '2020-11-13T15:27:19.244Z', true, 'pickup', 'Adolfo59@gmail.com', 'Lyda', 'reviewed', 'Est quas dignissimos. Repudiandae similique magnam voluptas perspiciatis delectus.', 5);
INSERT INTO bid (ct_email, ct_price, start_date, end_date, is_cash, transport_method, pet_owner, pet_name, bid_status, feedback, rating) VALUES ('Erika_OHara@gmail.com', 8, '2020-11-12T04:57:01.875Z', '2020-11-13T15:27:19.244Z', true, 'delivery', 'Kaya_Miller@yahoo.com', 'Penelope', 'confirmed', NULL, NULL);
INSERT INTO bid (ct_email, ct_price, start_date, end_date, is_cash, transport_method, pet_owner, pet_name, bid_status, feedback, rating) VALUES ('Ashlee75@hotmail.com', 9, '2020-11-12T04:57:01.875Z', '2020-11-13T15:27:19.244Z', true, 'delivery', 'Milton_Marvin81@gmail.com', 'Raina', 'reviewed', 'Quis aut fuga voluptatem quas tempore quo fugiat. Est eveniet blanditiis quia consequatur et.', 4);
INSERT INTO bid (ct_email, ct_price, start_date, end_date, is_cash, transport_method, pet_owner, pet_name, bid_status, feedback, rating) VALUES ('Domenica_Ondricka1@gmail.com', 2, '2020-11-12T04:57:01.875Z', '2020-11-13T15:27:19.244Z', true, 'pickup', 'Emelia12@yahoo.com', 'Emma', 'reviewed', 'Et corrupti nostrum distinctio nesciunt. Facere quibusdam qui aliquid.', 3);
INSERT INTO bid (ct_email, ct_price, start_date, end_date, is_cash, transport_method, pet_owner, pet_name, bid_status, feedback, rating) VALUES ('Nedra.Durgan24@gmail.com', 17, '2020-11-12T04:57:01.875Z', '2020-11-13T15:27:19.244Z', true, 'pcs', 'Mohamed_Kshlerin@hotmail.com', 'Pauline', 'confirmed', NULL, NULL);
INSERT INTO bid (ct_email, ct_price, start_date, end_date, is_cash, transport_method, pet_owner, pet_name, bid_status, feedback, rating) VALUES ('Ivah10@gmail.com', 4, '2020-11-12T04:57:01.875Z', '2020-11-13T15:27:19.244Z', true, 'pickup', 'Glennie.Considine63@gmail.com', 'Zella', 'reviewed', 'Culpa error laboriosam ut quisquam eum quos. Non fuga a eaque omnis veritatis sit earum.', 5);
INSERT INTO bid (ct_email, ct_price, start_date, end_date, is_cash, transport_method, pet_owner, pet_name, bid_status, feedback, rating) VALUES ('Brittany.Price57@gmail.com', 6, '2020-11-12T04:57:01.875Z', '2020-11-13T15:27:19.244Z', true, 'pickup', 'Pearlie_Koch1@yahoo.com', 'Keshawn', 'reviewed', 'Suscipit nostrum nam autem aut ipsa a ea. Vel et reprehenderit laborum in accusantium.', 4);
INSERT INTO bid (ct_email, ct_price, start_date, end_date, is_cash, transport_method, pet_owner, pet_name, bid_status, feedback, rating) VALUES ('Bertha_Will@yahoo.com', 5, '2020-11-12T04:57:01.875Z', '2020-11-13T15:27:19.244Z', true, 'delivery', 'Rex78@hotmail.com', 'Guadalupe', 'confirmed', NULL, NULL);
INSERT INTO bid (ct_email, ct_price, start_date, end_date, is_cash, transport_method, pet_owner, pet_name, bid_status, feedback, rating) VALUES ('Milton_Marvin81@gmail.com', 1, '2020-11-12T04:57:01.875Z', '2020-11-13T15:27:19.244Z', true, 'delivery', 'Katelynn_Jakubowski71@yahoo.com', 'Xander', 'confirmed', NULL, NULL);
INSERT INTO bid (ct_email, ct_price, start_date, end_date, is_cash, transport_method, pet_owner, pet_name, bid_status, feedback, rating) VALUES ('Alda.Prosacco74@yahoo.com', 1, '2020-11-12T04:57:01.875Z', '2020-11-13T15:27:19.244Z', true, 'pcs', 'Keenan.Grady80@hotmail.com', 'Esteban', 'confirmed', NULL, NULL);
INSERT INTO bid (ct_email, ct_price, start_date, end_date, is_cash, transport_method, pet_owner, pet_name, bid_status, feedback, rating) VALUES ('Henderson_Fritsch@hotmail.com', 5, '2020-11-12T04:57:01.875Z', '2020-11-13T15:27:19.244Z', true, 'delivery', 'Shannon74@yahoo.com', 'Jefferey', 'confirmed', NULL, NULL);
INSERT INTO bid (ct_email, ct_price, start_date, end_date, is_cash, transport_method, pet_owner, pet_name, bid_status, feedback, rating) VALUES ('Kamren_Heathcote@hotmail.com', 12, '2020-11-12T04:57:01.875Z', '2020-11-13T15:27:19.244Z', true, 'delivery', 'Heath_Harris@yahoo.com', 'Isaias', 'confirmed', NULL, NULL);
INSERT INTO bid (ct_email, ct_price, start_date, end_date, is_cash, transport_method, pet_owner, pet_name, bid_status, feedback, rating) VALUES ('Annamae4@hotmail.com', 19, '2020-11-12T04:57:01.875Z', '2020-11-13T15:27:19.244Z', true, 'pickup', 'Rossie.Heidenreich65@gmail.com', 'Hester', 'reviewed', 'Ut accusantium officiis expedita recusandae optio ut consectetur et a. Similique ullam voluptates reprehenderit minima non corrupti possimus occaecati.', 4);
INSERT INTO bid (ct_email, ct_price, start_date, end_date, is_cash, transport_method, pet_owner, pet_name, bid_status, feedback, rating) VALUES ('Trevor40@gmail.com', 20, '2020-11-12T04:57:01.875Z', '2020-11-13T15:27:19.244Z', true, 'pcs', 'Alessia88@hotmail.com', 'Myron', 'reviewed', 'Consequatur illo minima fugiat. Voluptate itaque molestiae in a debitis culpa.', 4);
INSERT INTO bid (ct_email, ct_price, start_date, end_date, is_cash, transport_method, pet_owner, pet_name, bid_status, feedback, rating) VALUES ('Margarita.Hermiston@yahoo.com', 13, '2020-11-12T04:57:01.875Z', '2020-11-13T15:27:19.244Z', true, 'delivery', 'Alexandro63@yahoo.com', 'Nova', 'confirmed', NULL, NULL);
INSERT INTO bid (ct_email, ct_price, start_date, end_date, is_cash, transport_method, pet_owner, pet_name, bid_status, feedback, rating) VALUES ('Sigurd.Walter@gmail.com', 9, '2020-11-12T04:57:01.875Z', '2020-11-13T15:27:19.244Z', true, 'pickup', 'Tyreek_Simonis@hotmail.com', 'Annabell', 'confirmed', NULL, NULL);
INSERT INTO bid (ct_email, ct_price, start_date, end_date, is_cash, transport_method, pet_owner, pet_name, bid_status, feedback, rating) VALUES ('Devante.Dickinson74@yahoo.com', 18, '2020-11-12T04:57:01.875Z', '2020-11-13T15:27:19.244Z', true, 'delivery', 'Ashton32@gmail.com', 'Claudia', 'confirmed', NULL, NULL);
INSERT INTO bid (ct_email, ct_price, start_date, end_date, is_cash, transport_method, pet_owner, pet_name, bid_status, feedback, rating) VALUES ('Eleanore34@hotmail.com', 17, '2020-11-12T04:57:01.875Z', '2020-11-13T15:27:19.244Z', true, 'pcs', 'Asha_Okuneva52@gmail.com', 'Dortha', 'confirmed', NULL, NULL);
INSERT INTO bid (ct_email, ct_price, start_date, end_date, is_cash, transport_method, pet_owner, pet_name, bid_status, feedback, rating) VALUES ('Jermey63@hotmail.com', 1, '2020-11-12T04:57:01.875Z', '2020-11-13T15:27:19.244Z', true, 'delivery', 'Kathlyn84@gmail.com', 'Victoria', 'reviewed', 'Omnis reprehenderit minus eos. Iusto optio at perspiciatis nisi qui et molestiae sint.', 4);
INSERT INTO bid (ct_email, ct_price, start_date, end_date, is_cash, transport_method, pet_owner, pet_name, bid_status, feedback, rating) VALUES ('Joan69@hotmail.com', 6, '2020-11-12T04:57:01.875Z', '2020-11-13T15:27:19.244Z', true, 'pickup', 'Candace_Terry29@hotmail.com', 'Martina', 'reviewed', 'Iste blanditiis nesciunt earum dolor consequatur doloremque eum sequi. Veritatis recusandae nisi non vero deleniti et.', 4);
INSERT INTO bid (ct_email, ct_price, start_date, end_date, is_cash, transport_method, pet_owner, pet_name, bid_status, feedback, rating) VALUES ('Reba.Maggio@yahoo.com', 2, '2020-11-12T04:57:01.875Z', '2020-11-13T15:27:19.244Z', true, 'delivery', 'Julien.Towne@gmail.com', 'Katlynn', 'reviewed', 'Necessitatibus molestiae et nihil corrupti esse est. Optio consequatur ea et voluptatem qui sint totam.', 5);
INSERT INTO bid (ct_email, ct_price, start_date, end_date, is_cash, transport_method, pet_owner, pet_name, bid_status, feedback, rating) VALUES ('Jennifer94@gmail.com', 13, '2020-11-12T04:57:01.875Z', '2020-11-13T15:27:19.244Z', true, 'pcs', 'Garnett.Walter56@hotmail.com', 'Kylee', 'confirmed', NULL, NULL);
INSERT INTO bid (ct_email, ct_price, start_date, end_date, is_cash, transport_method, pet_owner, pet_name, bid_status, feedback, rating) VALUES ('Odessa62@hotmail.com', 11, '2020-11-12T04:57:01.875Z', '2020-11-13T15:27:19.244Z', true, 'pcs', 'Emmanuelle_Christiansen20@yahoo.com', 'Everette', 'confirmed', NULL, NULL);
INSERT INTO bid (ct_email, ct_price, start_date, end_date, is_cash, transport_method, pet_owner, pet_name, bid_status, feedback, rating) VALUES ('Katherine.Johnson89@gmail.com', 0, '2020-11-12T04:57:01.875Z', '2020-11-13T15:27:19.244Z', true, 'delivery', 'Orrin92@gmail.com', 'Larissa', 'reviewed', 'Assumenda animi aperiam quisquam esse ea ex voluptatum. Distinctio atque vel ducimus illum ipsum tenetur.', 5);
INSERT INTO bid (ct_email, ct_price, start_date, end_date, is_cash, transport_method, pet_owner, pet_name, bid_status, feedback, rating) VALUES ('Lillie_Barton@hotmail.com', 20, '2020-11-12T04:57:01.875Z', '2020-11-13T15:27:19.244Z', true, 'pickup', 'Gudrun38@yahoo.com', 'Wallace', 'reviewed', 'Et dolor quidem mollitia rem. Omnis repellendus explicabo optio soluta ut temporibus fugiat.', 5);
INSERT INTO bid (ct_email, ct_price, start_date, end_date, is_cash, transport_method, pet_owner, pet_name, bid_status, feedback, rating) VALUES ('Newell_Paucek40@gmail.com', 10, '2020-11-12T04:57:01.875Z', '2020-11-13T15:27:19.244Z', true, 'pickup', 'Precious69@yahoo.com', 'Wyman', 'reviewed', 'Blanditiis iste eum. Eius blanditiis voluptates unde doloremque dolores occaecati.', 3);
INSERT INTO bid (ct_email, ct_price, start_date, end_date, is_cash, transport_method, pet_owner, pet_name, bid_status, feedback, rating) VALUES ('Rosalinda30@yahoo.com', 3, '2020-11-12T04:57:01.875Z', '2020-11-13T15:27:19.244Z', true, 'pcs', 'Barry.Rodriguez82@yahoo.com', 'Gerald', 'confirmed', NULL, NULL);
INSERT INTO bid (ct_email, ct_price, start_date, end_date, is_cash, transport_method, pet_owner, pet_name, bid_status, feedback, rating) VALUES ('Jerod24@gmail.com', 3, '2020-11-12T04:57:01.875Z', '2020-11-13T15:27:19.244Z', true, 'delivery', 'Kailey72@yahoo.com', 'Leonie', 'reviewed', 'Fugiat voluptatum modi saepe omnis mollitia sunt. Quam alias hic et quis necessitatibus cum consequatur.', 5);
INSERT INTO bid (ct_email, ct_price, start_date, end_date, is_cash, transport_method, pet_owner, pet_name, bid_status, feedback, rating) VALUES ('Peter.Aufderhar37@hotmail.com', 16, '2020-11-12T04:57:01.875Z', '2020-11-13T15:27:19.244Z', true, 'delivery', 'Viviane_Borer14@hotmail.com', 'Kathryne', 'confirmed', NULL, NULL);
INSERT INTO bid (ct_email, ct_price, start_date, end_date, is_cash, transport_method, pet_owner, pet_name, bid_status, feedback, rating) VALUES ('Alfonso_Wiza85@yahoo.com', 5, '2020-11-12T04:57:01.875Z', '2020-11-13T15:27:19.244Z', true, 'pcs', 'Crawford23@yahoo.com', 'Cindy', 'confirmed', NULL, NULL);
INSERT INTO bid (ct_email, ct_price, start_date, end_date, is_cash, transport_method, pet_owner, pet_name, bid_status, feedback, rating) VALUES ('Arno.Ferry74@yahoo.com', 3, '2020-11-12T04:57:01.875Z', '2020-11-13T15:27:19.244Z', true, 'delivery', 'Josue.Bartell@yahoo.com', 'Jamaal', 'reviewed', 'Amet natus totam eius eaque pariatur hic temporibus voluptatem. Laudantium itaque laborum aperiam quae reiciendis ut aspernatur.', 3);
INSERT INTO bid (ct_email, ct_price, start_date, end_date, is_cash, transport_method, pet_owner, pet_name, bid_status, feedback, rating) VALUES ('Fernando.Altenwerth18@yahoo.com', 18, '2020-11-12T04:57:01.875Z', '2020-11-13T15:27:19.244Z', true, 'delivery', 'Jose69@hotmail.com', 'Rosendo', 'reviewed', 'Nulla ea ab quaerat distinctio laboriosam ad sint impedit. Soluta dignissimos unde impedit molestiae fugiat ratione.', 4);
INSERT INTO bid (ct_email, ct_price, start_date, end_date, is_cash, transport_method, pet_owner, pet_name, bid_status, feedback, rating) VALUES ('Rosamond_Franecki20@hotmail.com', 13, '2020-11-12T04:57:01.875Z', '2020-11-13T15:27:19.244Z', true, 'pcs', 'Bennett6@gmail.com', 'Maxie', 'reviewed', 'Est architecto sint numquam. Dolor provident nihil laudantium.', 5);
INSERT INTO bid (ct_email, ct_price, start_date, end_date, is_cash, transport_method, pet_owner, pet_name, bid_status, feedback, rating) VALUES ('Tyler20@gmail.com', 1, '2020-11-12T04:57:01.875Z', '2020-11-13T15:27:19.244Z', true, 'pickup', 'Schuyler48@yahoo.com', 'Larue', 'confirmed', NULL, NULL);
INSERT INTO bid (ct_email, ct_price, start_date, end_date, is_cash, transport_method, pet_owner, pet_name, bid_status, feedback, rating) VALUES ('Torrance49@hotmail.com', 15, '2020-11-12T04:57:01.875Z', '2020-11-13T15:27:19.244Z', true, 'pcs', 'Savion_Smitham@yahoo.com', 'Judd', 'confirmed', NULL, NULL);
INSERT INTO bid (ct_email, ct_price, start_date, end_date, is_cash, transport_method, pet_owner, pet_name, bid_status, feedback, rating) VALUES ('Bud_Crooks@yahoo.com', 2, '2020-11-12T04:57:01.875Z', '2020-11-13T15:27:19.244Z', true, 'pickup', 'Leon_Kulas@yahoo.com', 'Selina', 'reviewed', 'Voluptatum voluptatibus qui commodi amet ut delectus eveniet. Sint nihil dolor fuga sed officia velit sed et sed.', 5);
INSERT INTO bid (ct_email, ct_price, start_date, end_date, is_cash, transport_method, pet_owner, pet_name, bid_status, feedback, rating) VALUES ('Alyson.Hamill80@gmail.com', 16, '2020-11-12T04:57:01.875Z', '2020-11-13T15:27:19.244Z', true, 'pickup', 'Sidney20@gmail.com', 'Raheem', 'reviewed', 'Dolore expedita magni enim ratione. Aut architecto necessitatibus laborum.', 4);
INSERT INTO bid (ct_email, ct_price, start_date, end_date, is_cash, transport_method, pet_owner, pet_name, bid_status, feedback, rating) VALUES ('Reynold14@gmail.com', 2, '2020-11-12T04:57:01.875Z', '2020-11-13T15:27:19.244Z', true, 'pickup', 'Ivah10@gmail.com', 'Vivianne', 'reviewed', 'Libero provident architecto. Aperiam rerum alias et tempore est.', 4);
INSERT INTO bid (ct_email, ct_price, start_date, end_date, is_cash, transport_method, pet_owner, pet_name, bid_status, feedback, rating) VALUES ('Daphnee.Morissette@hotmail.com', 16, '2020-11-12T04:57:01.875Z', '2020-11-13T15:27:19.244Z', true, 'delivery', 'Norval_Lockman24@yahoo.com', 'Max', 'reviewed', 'Necessitatibus pariatur voluptatem. Vel iste rerum nisi facere veniam provident.', 5);
INSERT INTO bid (ct_email, ct_price, start_date, end_date, is_cash, transport_method, pet_owner, pet_name, bid_status, feedback, rating) VALUES ('Audrey.Hills@hotmail.com', 14, '2020-11-12T04:57:01.875Z', '2020-11-13T15:27:19.244Z', true, 'pickup', 'Janessa71@hotmail.com', 'Frankie', 'confirmed', NULL, NULL);
INSERT INTO bid (ct_email, ct_price, start_date, end_date, is_cash, transport_method, pet_owner, pet_name, bid_status, feedback, rating) VALUES ('Cali.Zboncak97@hotmail.com', 11, '2020-11-12T04:57:01.875Z', '2020-11-13T15:27:19.244Z', true, 'delivery', 'Cary79@hotmail.com', 'Dulce', 'reviewed', 'Qui esse voluptatem quae qui ab et ut iste. Sapiente quis voluptas possimus et consequuntur nesciunt.', 4);
INSERT INTO bid (ct_email, ct_price, start_date, end_date, is_cash, transport_method, pet_owner, pet_name, bid_status, feedback, rating) VALUES ('Waino51@hotmail.com', 1, '2020-11-12T04:57:01.875Z', '2020-11-13T15:27:19.244Z', true, 'delivery', 'Dakota.Kuvalis@hotmail.com', 'Fern', 'reviewed', 'Nulla aut quo dignissimos. Dignissimos ad dolores nulla quis.', 3);
INSERT INTO bid (ct_email, ct_price, start_date, end_date, is_cash, transport_method, pet_owner, pet_name, bid_status, feedback, rating) VALUES ('Annetta40@hotmail.com', 17, '2020-11-12T04:57:01.875Z', '2020-11-13T15:27:19.244Z', true, 'delivery', 'Kyler32@hotmail.com', 'Marcellus', 'confirmed', NULL, NULL);
INSERT INTO bid (ct_email, ct_price, start_date, end_date, is_cash, transport_method, pet_owner, pet_name, bid_status, feedback, rating) VALUES ('Cicero.Ondricka@gmail.com', 9, '2020-11-12T04:57:01.875Z', '2020-11-13T15:27:19.244Z', true, 'pickup', 'Vicente.Huel63@hotmail.com', 'Lottie', 'reviewed', 'Ut ut mollitia. Ut non sed qui.', 4);
INSERT INTO bid (ct_email, ct_price, start_date, end_date, is_cash, transport_method, pet_owner, pet_name, bid_status, feedback, rating) VALUES ('Sonny1@yahoo.com', 18, '2020-11-12T04:57:01.875Z', '2020-11-13T15:27:19.244Z', true, 'pickup', 'Thad_Lueilwitz@yahoo.com', 'Trinity', 'confirmed', NULL, NULL);
INSERT INTO bid (ct_email, ct_price, start_date, end_date, is_cash, transport_method, pet_owner, pet_name, bid_status, feedback, rating) VALUES ('Barbara.Mitchell36@gmail.com', 3, '2020-11-12T04:57:01.875Z', '2020-11-13T15:27:19.244Z', true, 'delivery', 'Marietta15@gmail.com', 'Ruthie', 'reviewed', 'Neque inventore repellendus mollitia. Laborum aut suscipit quo qui quis commodi.', 3);
INSERT INTO bid (ct_email, ct_price, start_date, end_date, is_cash, transport_method, pet_owner, pet_name, bid_status, feedback, rating) VALUES ('Patsy39@hotmail.com', 10, '2020-11-12T04:57:01.875Z', '2020-11-13T15:27:19.244Z', true, 'delivery', 'Antwan56@yahoo.com', 'Garett', 'confirmed', NULL, NULL);
INSERT INTO bid (ct_email, ct_price, start_date, end_date, is_cash, transport_method, pet_owner, pet_name, bid_status, feedback, rating) VALUES ('Dylan9@hotmail.com', 14, '2020-11-12T04:57:01.875Z', '2020-11-13T15:27:19.244Z', true, 'delivery', 'Sydney19@hotmail.com', 'Samantha', 'confirmed', NULL, NULL);
INSERT INTO bid (ct_email, ct_price, start_date, end_date, is_cash, transport_method, pet_owner, pet_name, bid_status, feedback, rating) VALUES ('Kobe30@gmail.com', 14, '2020-11-12T04:57:01.875Z', '2020-11-13T15:27:19.244Z', true, 'pcs', 'Easton62@gmail.com', 'Rey', 'reviewed', 'Qui nobis iste eaque et quia in eum illum. Hic debitis architecto dolores non non odio dolores.', 4);
INSERT INTO bid (ct_email, ct_price, start_date, end_date, is_cash, transport_method, pet_owner, pet_name, bid_status, feedback, rating) VALUES ('Clementina51@hotmail.com', 9, '2020-11-12T04:57:01.875Z', '2020-11-13T15:27:19.244Z', true, 'pcs', 'Eldora_Schneider@yahoo.com', 'Russ', 'confirmed', NULL, NULL);
INSERT INTO bid (ct_email, ct_price, start_date, end_date, is_cash, transport_method, pet_owner, pet_name, bid_status, feedback, rating) VALUES ('Josiah59@yahoo.com', 20, '2020-11-12T04:57:01.875Z', '2020-11-13T15:27:19.244Z', true, 'delivery', 'Cesar.Mraz@gmail.com', 'Patricia', 'confirmed', NULL, NULL);
INSERT INTO bid (ct_email, ct_price, start_date, end_date, is_cash, transport_method, pet_owner, pet_name, bid_status, feedback, rating) VALUES ('Thad_Lueilwitz@yahoo.com', 13, '2020-11-12T04:57:01.875Z', '2020-11-13T15:27:19.244Z', true, 'delivery', 'Wyman.Bruen@yahoo.com', 'Nash', 'reviewed', 'Iure et dolorem. Ex quod odit vitae explicabo et quo.', 4);
INSERT INTO bid (ct_email, ct_price, start_date, end_date, is_cash, transport_method, pet_owner, pet_name, bid_status, feedback, rating) VALUES ('Travis_Schiller@yahoo.com', 2, '2020-11-12T04:57:01.875Z', '2020-11-13T15:27:19.244Z', true, 'delivery', 'Stefanie_Roob17@gmail.com', 'Everette', 'reviewed', 'Nulla corrupti quis a dolorum mollitia. Quo consequatur odit rem esse inventore minima.', 5);
INSERT INTO bid (ct_email, ct_price, start_date, end_date, is_cash, transport_method, pet_owner, pet_name, bid_status, feedback, rating) VALUES ('Favian_Effertz@yahoo.com', 2, '2020-11-12T04:57:01.875Z', '2020-11-13T15:27:19.244Z', true, 'pcs', 'Angela_Heaney@gmail.com', 'Kylie', 'reviewed', 'Maiores ex nulla commodi. Cupiditate enim temporibus ducimus.', 4);
INSERT INTO bid (ct_email, ct_price, start_date, end_date, is_cash, transport_method, pet_owner, pet_name, bid_status, feedback, rating) VALUES ('Furman_Ondricka@gmail.com', 14, '2020-11-12T04:57:01.875Z', '2020-11-13T15:27:19.244Z', true, 'pickup', 'Jaunita_Borer@yahoo.com', 'Josephine', 'confirmed', NULL, NULL);
INSERT INTO bid (ct_email, ct_price, start_date, end_date, is_cash, transport_method, pet_owner, pet_name, bid_status, feedback, rating) VALUES ('Florencio.Stamm@yahoo.com', 5, '2020-11-12T04:57:01.875Z', '2020-11-13T15:27:19.244Z', true, 'delivery', 'Valerie12@hotmail.com', 'Candida', 'reviewed', 'Distinctio natus aut eum est inventore. Quasi pariatur consequatur vitae at aut qui reiciendis.', 5);
INSERT INTO bid (ct_email, ct_price, start_date, end_date, is_cash, transport_method, pet_owner, pet_name, bid_status, feedback, rating) VALUES ('Aliyah15@gmail.com', 9, '2020-11-12T04:57:01.875Z', '2020-11-13T15:27:19.244Z', true, 'delivery', 'Savannah33@gmail.com', 'Mavis', 'confirmed', NULL, NULL);
INSERT INTO bid (ct_email, ct_price, start_date, end_date, is_cash, transport_method, pet_owner, pet_name, bid_status, feedback, rating) VALUES ('Wilbert_Sawayn46@hotmail.com', 10, '2020-11-12T04:57:01.875Z', '2020-11-13T15:27:19.244Z', true, 'delivery', 'Anissa.Volkman@hotmail.com', 'Nettie', 'confirmed', NULL, NULL);
INSERT INTO bid (ct_email, ct_price, start_date, end_date, is_cash, transport_method, pet_owner, pet_name, bid_status, feedback, rating) VALUES ('Felix46@yahoo.com', 3, '2020-11-12T04:57:01.875Z', '2020-11-13T15:27:19.244Z', true, 'pcs', 'Marjory22@yahoo.com', 'Glennie', 'confirmed', NULL, NULL);
INSERT INTO bid (ct_email, ct_price, start_date, end_date, is_cash, transport_method, pet_owner, pet_name, bid_status, feedback, rating) VALUES ('Augusta.Wisozk26@yahoo.com', 14, '2020-11-12T04:57:01.875Z', '2020-11-13T15:27:19.244Z', true, 'pcs', 'Erica_Kovacek@yahoo.com', 'Kiarra', 'reviewed', 'Dignissimos laborum amet cumque facilis beatae. Numquam libero qui.', 5);
INSERT INTO bid (ct_email, ct_price, start_date, end_date, is_cash, transport_method, pet_owner, pet_name, bid_status, feedback, rating) VALUES ('Jarod.Boyle@gmail.com', 2, '2020-11-12T04:57:01.875Z', '2020-11-13T15:27:19.244Z', true, 'pickup', 'Chaim.Dach78@gmail.com', 'Lois', 'confirmed', NULL, NULL);
INSERT INTO bid (ct_email, ct_price, start_date, end_date, is_cash, transport_method, pet_owner, pet_name, bid_status, feedback, rating) VALUES ('Nyah90@gmail.com', 10, '2020-11-12T04:57:01.875Z', '2020-11-13T15:27:19.244Z', true, 'pcs', 'Gail_Weissnat@yahoo.com', 'Cletus', 'confirmed', NULL, NULL);
INSERT INTO bid (ct_email, ct_price, start_date, end_date, is_cash, transport_method, pet_owner, pet_name, bid_status, feedback, rating) VALUES ('Jaunita_Borer@yahoo.com', 6, '2020-11-12T04:57:01.875Z', '2020-11-13T15:27:19.244Z', true, 'pickup', 'Jensen.Baumbach73@gmail.com', 'Mike', 'reviewed', 'Et quia debitis. Quia quo quis et delectus.', 5);
INSERT INTO bid (ct_email, ct_price, start_date, end_date, is_cash, transport_method, pet_owner, pet_name, bid_status, feedback, rating) VALUES ('Kaci.Rolfson53@yahoo.com', 2, '2020-11-12T04:57:01.875Z', '2020-11-13T15:27:19.244Z', true, 'pcs', 'Adah9@hotmail.com', 'Geovany', 'confirmed', NULL, NULL);
INSERT INTO bid (ct_email, ct_price, start_date, end_date, is_cash, transport_method, pet_owner, pet_name, bid_status, feedback, rating) VALUES ('Rebecca20@yahoo.com', 4, '2020-11-12T04:57:01.875Z', '2020-11-13T15:27:19.244Z', true, 'delivery', 'Ellen82@gmail.com', 'Armand', 'confirmed', NULL, NULL);
INSERT INTO bid (ct_email, ct_price, start_date, end_date, is_cash, transport_method, pet_owner, pet_name, bid_status, feedback, rating) VALUES ('Elwyn.Hoeger89@gmail.com', 18, '2020-11-12T04:57:01.875Z', '2020-11-13T15:27:19.244Z', true, 'pcs', 'Carolyne_Sipes@hotmail.com', 'Eleanora', 'confirmed', NULL, NULL);
INSERT INTO bid (ct_email, ct_price, start_date, end_date, is_cash, transport_method, pet_owner, pet_name, bid_status, feedback, rating) VALUES ('Darion43@gmail.com', 19, '2020-11-12T04:57:01.875Z', '2020-11-13T15:27:19.244Z', true, 'pcs', 'Leanna99@hotmail.com', 'Letha', 'confirmed', NULL, NULL);
INSERT INTO bid (ct_email, ct_price, start_date, end_date, is_cash, transport_method, pet_owner, pet_name, bid_status, feedback, rating) VALUES ('Lelah.Dare@hotmail.com', 7, '2020-11-12T04:57:01.875Z', '2020-11-13T15:27:19.244Z', true, 'delivery', 'Nat62@hotmail.com', 'Arely', 'confirmed', NULL, NULL);
INSERT INTO bid (ct_email, ct_price, start_date, end_date, is_cash, transport_method, pet_owner, pet_name, bid_status, feedback, rating) VALUES ('Joaquin.Terry@hotmail.com', 12, '2020-11-12T04:57:01.875Z', '2020-11-13T15:27:19.244Z', true, 'pickup', 'Mozelle.Herzog48@gmail.com', 'Ella', 'reviewed', 'Eius repudiandae praesentium quas ducimus inventore quam fuga qui esse. Voluptas perspiciatis sit eum ut neque.', 3);
INSERT INTO bid (ct_email, ct_price, start_date, end_date, is_cash, transport_method, pet_owner, pet_name, bid_status, feedback, rating) VALUES ('Rickey34@yahoo.com', 6, '2020-11-12T04:57:01.875Z', '2020-11-13T15:27:19.244Z', true, 'pickup', 'Kip_Thiel70@yahoo.com', 'Ethel', 'confirmed', NULL, NULL);
INSERT INTO bid (ct_email, ct_price, start_date, end_date, is_cash, transport_method, pet_owner, pet_name, bid_status, feedback, rating) VALUES ('Alba_Balistreri@hotmail.com', 3, '2020-11-12T04:57:01.875Z', '2020-11-13T15:27:19.244Z', true, 'pickup', 'Eloise_Raynor72@yahoo.com', 'Werner', 'reviewed', 'Sequi aspernatur possimus excepturi in aut fugit ea. Libero debitis mollitia iure excepturi consectetur.', 3);
INSERT INTO bid (ct_email, ct_price, start_date, end_date, is_cash, transport_method, pet_owner, pet_name, bid_status, feedback, rating) VALUES ('Roscoe.Mante@gmail.com', 2, '2020-11-12T04:57:01.875Z', '2020-11-13T15:27:19.244Z', true, 'pcs', 'Mariano54@gmail.com', 'Josefa', 'reviewed', 'Odio blanditiis officiis ut. Voluptates aliquam ipsa fuga dolorem deleniti.', 3);
INSERT INTO bid (ct_email, ct_price, start_date, end_date, is_cash, transport_method, pet_owner, pet_name, bid_status, feedback, rating) VALUES ('Kendra60@hotmail.com', 18, '2020-11-12T04:57:01.875Z', '2020-11-13T15:27:19.244Z', true, 'pickup', 'Reinhold_McDermott@yahoo.com', 'Darby', 'reviewed', 'Voluptatem velit illum quas sunt sit voluptatem. Sunt earum molestiae ut voluptas earum aut itaque nemo tenetur.', 4);
INSERT INTO bid (ct_email, ct_price, start_date, end_date, is_cash, transport_method, pet_owner, pet_name, bid_status, feedback, rating) VALUES ('Harmony27@gmail.com', 3, '2020-11-12T04:57:01.875Z', '2020-11-13T15:27:19.244Z', true, 'delivery', 'Pamela_Haag36@hotmail.com', 'Dusty', 'reviewed', 'Voluptatibus accusantium nihil quibusdam dolores quod eligendi. Omnis molestiae blanditiis molestias deleniti odio quia et.', 3);
INSERT INTO bid (ct_email, ct_price, start_date, end_date, is_cash, transport_method, pet_owner, pet_name, bid_status, feedback, rating) VALUES ('Nadia46@gmail.com', 20, '2020-11-12T04:57:01.875Z', '2020-11-13T15:27:19.244Z', true, 'delivery', 'Tomasa75@hotmail.com', 'Delilah', 'reviewed', 'Consectetur consectetur harum cum dolor nesciunt doloribus dolorem quibusdam eaque. Est sed aut beatae qui quo est impedit.', 4);
INSERT INTO bid (ct_email, ct_price, start_date, end_date, is_cash, transport_method, pet_owner, pet_name, bid_status, feedback, rating) VALUES ('Herminio.Von@gmail.com', 7, '2020-11-12T04:57:01.875Z', '2020-11-13T15:27:19.244Z', true, 'pcs', 'Junius.Hayes76@hotmail.com', 'Oceane', 'reviewed', 'Aliquid repellendus quos nisi aliquid. Sit consequatur neque necessitatibus vitae eveniet voluptates adipisci quos.', 3);
INSERT INTO bid (ct_email, ct_price, start_date, end_date, is_cash, transport_method, pet_owner, pet_name, bid_status, feedback, rating) VALUES ('Zoie.Crona0@yahoo.com', 6, '2020-11-12T04:57:01.875Z', '2020-11-13T15:27:19.244Z', true, 'pcs', 'Mckenna.Grimes@hotmail.com', 'Audreanne', 'reviewed', 'Dolorem libero fugit rerum error quis. Numquam deserunt aliquam repellat molestiae impedit.', 3);
INSERT INTO bid (ct_email, ct_price, start_date, end_date, is_cash, transport_method, pet_owner, pet_name, bid_status, feedback, rating) VALUES ('Kattie96@yahoo.com', 4, '2020-11-12T04:57:01.875Z', '2020-11-13T15:27:19.244Z', true, 'pcs', 'Colten_Ernser81@gmail.com', 'Ayla', 'confirmed', NULL, NULL);
INSERT INTO bid (ct_email, ct_price, start_date, end_date, is_cash, transport_method, pet_owner, pet_name, bid_status, feedback, rating) VALUES ('Trever.Smith38@hotmail.com', 5, '2020-11-12T04:57:01.875Z', '2020-11-13T15:27:19.244Z', true, 'pcs', 'Max_Witting@yahoo.com', 'Felix', 'reviewed', 'Vel excepturi temporibus. Qui nostrum voluptate doloremque aliquid.', 3);
INSERT INTO bid (ct_email, ct_price, start_date, end_date, is_cash, transport_method, pet_owner, pet_name, bid_status, feedback, rating) VALUES ('Mike27@hotmail.com', 8, '2020-11-12T04:57:01.875Z', '2020-11-13T15:27:19.244Z', true, 'pickup', 'Margarette_Graham@gmail.com', 'Jacey', 'confirmed', NULL, NULL);
INSERT INTO bid (ct_email, ct_price, start_date, end_date, is_cash, transport_method, pet_owner, pet_name, bid_status, feedback, rating) VALUES ('Kasandra_Quitzon@yahoo.com', 2, '2020-11-12T04:57:01.875Z', '2020-11-13T15:27:19.244Z', true, 'pickup', 'Dylan9@hotmail.com', 'Theron', 'reviewed', 'Minus earum quasi cumque et numquam blanditiis sint ut voluptate. Occaecati dolorum totam sapiente dolorem sunt aut.', 3);
INSERT INTO bid (ct_email, ct_price, start_date, end_date, is_cash, transport_method, pet_owner, pet_name, bid_status, feedback, rating) VALUES ('Stevie61@hotmail.com', 2, '2020-11-12T04:57:01.875Z', '2020-11-13T15:27:19.244Z', true, 'pcs', 'Kathleen_Wiegand3@hotmail.com', 'Mauricio', 'reviewed', 'Qui aut sit consequatur delectus. Molestiae nobis recusandae laboriosam fugit error quisquam necessitatibus.', 4);
INSERT INTO bid (ct_email, ct_price, start_date, end_date, is_cash, transport_method, pet_owner, pet_name, bid_status, feedback, rating) VALUES ('Delfina.Sipes@hotmail.com', 3, '2020-11-12T04:57:01.875Z', '2020-11-13T15:27:19.244Z', true, 'pickup', 'Maryjane_Orn76@hotmail.com', 'Dewayne', 'reviewed', 'Quis praesentium id. Earum atque qui dolor architecto fuga.', 4);
INSERT INTO bid (ct_email, ct_price, start_date, end_date, is_cash, transport_method, pet_owner, pet_name, bid_status, feedback, rating) VALUES ('Dorothy_Kuhn82@yahoo.com', 4, '2020-11-12T04:57:01.875Z', '2020-11-13T15:27:19.244Z', true, 'delivery', 'Tyrese49@hotmail.com', 'Clemens', 'reviewed', 'Iure temporibus ea quia accusamus ipsa et enim dolor totam. Dolore est praesentium doloribus minus repellendus quam.', 4);
INSERT INTO bid (ct_email, ct_price, start_date, end_date, is_cash, transport_method, pet_owner, pet_name, bid_status, feedback, rating) VALUES ('Rosanna.Von57@hotmail.com', 5, '2020-11-12T04:57:01.875Z', '2020-11-13T15:27:19.244Z', true, 'pickup', 'Jeremie45@gmail.com', 'Nash', 'confirmed', NULL, NULL);
INSERT INTO bid (ct_email, ct_price, start_date, end_date, is_cash, transport_method, pet_owner, pet_name, bid_status, feedback, rating) VALUES ('Savion_Smitham@yahoo.com', 0, '2020-11-12T04:57:01.875Z', '2020-11-13T15:27:19.244Z', true, 'pickup', 'Vincent_Deckow88@gmail.com', 'Raoul', 'confirmed', NULL, NULL);
INSERT INTO bid (ct_email, ct_price, start_date, end_date, is_cash, transport_method, pet_owner, pet_name, bid_status, feedback, rating) VALUES ('Lue17@hotmail.com', 4, '2020-11-12T04:57:01.875Z', '2020-11-13T15:27:19.244Z', true, 'delivery', 'Sonia.Medhurst@yahoo.com', 'Orlando', 'confirmed', NULL, NULL);
INSERT INTO bid (ct_email, ct_price, start_date, end_date, is_cash, transport_method, pet_owner, pet_name, bid_status, feedback, rating) VALUES ('Marietta61@gmail.com', 15, '2020-11-12T04:57:01.875Z', '2020-11-13T15:27:19.244Z', true, 'delivery', 'Bernardo64@gmail.com', 'Shanon', 'reviewed', 'Quis mollitia maiores qui tempora labore rerum consequatur laudantium enim. Dolorem dolorem repellendus dolorem vel soluta.', 4);
INSERT INTO bid (ct_email, ct_price, start_date, end_date, is_cash, transport_method, pet_owner, pet_name, bid_status, feedback, rating) VALUES ('Nicklaus_Schmeler11@hotmail.com', 11, '2020-11-12T04:57:01.875Z', '2020-11-13T15:27:19.244Z', true, 'delivery', 'Roscoe.Mante@gmail.com', 'Adelia', 'confirmed', NULL, NULL);
INSERT INTO bid (ct_email, ct_price, start_date, end_date, is_cash, transport_method, pet_owner, pet_name, bid_status, feedback, rating) VALUES ('Nadia.Schmidt@yahoo.com', 2, '2020-11-12T04:57:01.875Z', '2020-11-13T15:27:19.244Z', true, 'pickup', 'Marielle_Deckow84@yahoo.com', 'Chesley', 'confirmed', NULL, NULL);
INSERT INTO bid (ct_email, ct_price, start_date, end_date, is_cash, transport_method, pet_owner, pet_name, bid_status, feedback, rating) VALUES ('Shanon33@yahoo.com', 13, '2020-11-12T04:57:01.875Z', '2020-11-13T15:27:19.244Z', true, 'pickup', 'Juliana87@hotmail.com', 'London', 'reviewed', 'Iste ex nobis earum eaque. Voluptate tenetur molestiae eligendi.', 5);
INSERT INTO bid (ct_email, ct_price, start_date, end_date, is_cash, transport_method, pet_owner, pet_name, bid_status, feedback, rating) VALUES ('Claude70@hotmail.com', 11, '2020-11-12T04:57:01.875Z', '2020-11-13T15:27:19.244Z', true, 'pickup', 'Hanna.Homenick31@yahoo.com', 'Savannah', 'confirmed', NULL, NULL);
INSERT INTO bid (ct_email, ct_price, start_date, end_date, is_cash, transport_method, pet_owner, pet_name, bid_status, feedback, rating) VALUES ('Erik.Bartell@hotmail.com', 13, '2020-11-12T04:57:01.875Z', '2020-11-13T15:27:19.244Z', true, 'pickup', 'Domenica_Ondricka1@gmail.com', 'Lilliana', 'reviewed', 'Illum et sit consequatur ut ad fugit. Ipsam illum mollitia placeat.', 3);
INSERT INTO bid (ct_email, ct_price, start_date, end_date, is_cash, transport_method, pet_owner, pet_name, bid_status, feedback, rating) VALUES ('Lina33@gmail.com', 0, '2020-11-12T04:57:01.875Z', '2020-11-13T15:27:19.244Z', true, 'pickup', 'Orlando79@yahoo.com', 'Aiden', 'confirmed', NULL, NULL);
INSERT INTO bid (ct_email, ct_price, start_date, end_date, is_cash, transport_method, pet_owner, pet_name, bid_status, feedback, rating) VALUES ('Demario99@hotmail.com', 17, '2020-11-12T04:57:01.875Z', '2020-11-13T15:27:19.244Z', true, 'pickup', 'Rickey34@yahoo.com', 'Cristian', 'confirmed', NULL, NULL);
INSERT INTO bid (ct_email, ct_price, start_date, end_date, is_cash, transport_method, pet_owner, pet_name, bid_status, feedback, rating) VALUES ('Eileen.Reynolds28@hotmail.com', 12, '2020-11-12T04:57:01.875Z', '2020-11-13T15:27:19.244Z', true, 'delivery', 'Dale_Breitenberg@gmail.com', 'Mafalda', 'confirmed', NULL, NULL);
INSERT INTO bid (ct_email, ct_price, start_date, end_date, is_cash, transport_method, pet_owner, pet_name, bid_status, feedback, rating) VALUES ('Andrew.Sanford@yahoo.com', 8, '2020-11-12T04:57:01.875Z', '2020-11-13T15:27:19.244Z', true, 'pickup', 'Kasey32@gmail.com', 'Meta', 'reviewed', 'Ducimus modi exercitationem voluptatibus quis in labore nemo. Ab quas neque.', 3);
INSERT INTO bid (ct_email, ct_price, start_date, end_date, is_cash, transport_method, pet_owner, pet_name, bid_status, feedback, rating) VALUES ('Ottilie.Carter18@gmail.com', 12, '2020-11-12T04:57:01.875Z', '2020-11-13T15:27:19.244Z', true, 'delivery', 'Arno.Ferry74@yahoo.com', 'Michael', 'confirmed', NULL, NULL);
INSERT INTO bid (ct_email, ct_price, start_date, end_date, is_cash, transport_method, pet_owner, pet_name, bid_status, feedback, rating) VALUES ('Ruthe88@gmail.com', 3, '2020-11-12T04:57:01.875Z', '2020-11-13T15:27:19.244Z', true, 'pcs', 'Reba.Maggio@yahoo.com', 'Pete', 'reviewed', 'Velit quaerat voluptatem accusamus aliquid facere quisquam et. Possimus aperiam inventore officiis cumque eligendi velit.', 4);
INSERT INTO bid (ct_email, ct_price, start_date, end_date, is_cash, transport_method, pet_owner, pet_name, bid_status, feedback, rating) VALUES ('Ardella_Klocko97@yahoo.com', 8, '2020-11-12T04:57:01.875Z', '2020-11-13T15:27:19.244Z', true, 'pcs', 'Shannon9@hotmail.com', 'Thurman', 'confirmed', NULL, NULL);
INSERT INTO bid (ct_email, ct_price, start_date, end_date, is_cash, transport_method, pet_owner, pet_name, bid_status, feedback, rating) VALUES ('Jovanny43@yahoo.com', 18, '2020-11-12T04:57:01.875Z', '2020-11-13T15:27:19.244Z', true, 'delivery', 'Joe27@gmail.com', 'Layla', 'reviewed', 'Atque voluptatem aliquam quos illum voluptatibus consectetur molestiae repudiandae. Aut dolores nesciunt repudiandae modi enim ad quis error odio.', 3);
INSERT INTO bid (ct_email, ct_price, start_date, end_date, is_cash, transport_method, pet_owner, pet_name, bid_status, feedback, rating) VALUES ('Rosina.Schneider28@gmail.com', 1, '2020-11-12T04:57:01.875Z', '2020-11-13T15:27:19.244Z', true, 'pickup', 'Aimee.Doyle@yahoo.com', 'Laverne', 'confirmed', NULL, NULL);
INSERT INTO bid (ct_email, ct_price, start_date, end_date, is_cash, transport_method, pet_owner, pet_name, bid_status, feedback, rating) VALUES ('Vaughn.Weissnat68@hotmail.com', 2, '2020-11-12T04:57:01.875Z', '2020-11-13T15:27:19.244Z', true, 'pcs', 'Kaci.Rolfson53@yahoo.com', 'Maverick', 'reviewed', 'Rerum est dolor illo eum non temporibus quaerat dolore. Illo placeat et dolor expedita eligendi a.', 4);
INSERT INTO bid (ct_email, ct_price, start_date, end_date, is_cash, transport_method, pet_owner, pet_name, bid_status, feedback, rating) VALUES ('Tyrese49@hotmail.com', 1, '2020-11-12T04:57:01.875Z', '2020-11-13T15:27:19.244Z', true, 'pickup', 'Brendon.Jakubowski6@gmail.com', 'Laverne', 'reviewed', 'Fuga vel et quia debitis tempora ut. Dolore qui at molestias inventore nobis amet velit natus.', 4);
INSERT INTO bid (ct_email, ct_price, start_date, end_date, is_cash, transport_method, pet_owner, pet_name, bid_status, feedback, rating) VALUES ('Franco_Nienow6@gmail.com', 8, '2020-11-12T04:57:01.875Z', '2020-11-13T15:27:19.244Z', true, 'pickup', 'Bianka.Oberbrunner41@gmail.com', 'Kasandra', 'reviewed', 'Enim id ducimus sunt nisi illum sunt odit. Cupiditate non dolorum exercitationem adipisci.', 3);
INSERT INTO bid (ct_email, ct_price, start_date, end_date, is_cash, transport_method, pet_owner, pet_name, bid_status, feedback, rating) VALUES ('Bailey.Gaylord61@yahoo.com', 9, '2020-11-12T04:57:01.875Z', '2020-11-13T15:27:19.244Z', true, 'pcs', 'Eulah_Bechtelar@yahoo.com', 'Sophia', 'reviewed', 'Culpa vel repellat et. Delectus voluptate dolorum necessitatibus at ipsam amet adipisci et.', 3);
INSERT INTO bid (ct_email, ct_price, start_date, end_date, is_cash, transport_method, pet_owner, pet_name, bid_status, feedback, rating) VALUES ('Garry88@gmail.com', 5, '2020-11-12T04:57:01.875Z', '2020-11-13T15:27:19.244Z', true, 'delivery', 'Carter.Torphy@hotmail.com', 'Daryl', 'reviewed', 'Neque aliquid iste voluptates debitis soluta in. Impedit laudantium labore corporis minima a sunt cum ea iste.', 3);
INSERT INTO bid (ct_email, ct_price, start_date, end_date, is_cash, transport_method, pet_owner, pet_name, bid_status, feedback, rating) VALUES ('Katelynn_Jakubowski71@yahoo.com', 14, '2020-11-12T04:57:01.875Z', '2020-11-13T15:27:19.244Z', true, 'delivery', 'Roselyn.Sawayn@hotmail.com', 'Gabriella', 'reviewed', 'Perspiciatis voluptatum beatae architecto modi voluptatum perferendis quo et nostrum. Porro unde sit debitis et eaque officiis.', 3);
INSERT INTO bid (ct_email, ct_price, start_date, end_date, is_cash, transport_method, pet_owner, pet_name, bid_status, feedback, rating) VALUES ('Andre98@hotmail.com', 12, '2020-11-12T04:57:01.875Z', '2020-11-13T15:27:19.244Z', true, 'delivery', 'Brittany.Price57@gmail.com', 'Jasen', 'confirmed', NULL, NULL);
INSERT INTO bid (ct_email, ct_price, start_date, end_date, is_cash, transport_method, pet_owner, pet_name, bid_status, feedback, rating) VALUES ('Florence73@hotmail.com', 12, '2020-11-12T04:57:01.875Z', '2020-11-13T15:27:19.244Z', true, 'pcs', 'Hanna_McClure@gmail.com', 'Kirstin', 'reviewed', 'Atque non placeat earum eaque et. Nobis assumenda qui et quod error omnis asperiores natus.', 3);
INSERT INTO bid (ct_email, ct_price, start_date, end_date, is_cash, transport_method, pet_owner, pet_name, bid_status, feedback, rating) VALUES ('Eddie10@yahoo.com', 10, '2020-11-12T04:57:01.875Z', '2020-11-13T15:27:19.244Z', true, 'pcs', 'Rudy3@yahoo.com', 'Joey', 'reviewed', 'Corrupti officia aspernatur laboriosam commodi atque soluta laborum. Ut voluptas iusto.', 4);
INSERT INTO bid (ct_email, ct_price, start_date, end_date, is_cash, transport_method, pet_owner, pet_name, bid_status, feedback, rating) VALUES ('Samantha_Parker15@yahoo.com', 4, '2020-11-12T04:57:01.875Z', '2020-11-13T15:27:19.244Z', true, 'delivery', 'Trevor85@gmail.com', 'Sydney', 'confirmed', NULL, NULL);
INSERT INTO bid (ct_email, ct_price, start_date, end_date, is_cash, transport_method, pet_owner, pet_name, bid_status, feedback, rating) VALUES ('Beverly69@gmail.com', 16, '2020-11-12T04:57:01.875Z', '2020-11-13T15:27:19.244Z', true, 'pickup', 'Art.Mante87@hotmail.com', 'Karlee', 'confirmed', NULL, NULL);
INSERT INTO bid (ct_email, ct_price, start_date, end_date, is_cash, transport_method, pet_owner, pet_name, bid_status, feedback, rating) VALUES ('Wallace_Heidenreich@hotmail.com', 9, '2020-11-12T04:57:01.875Z', '2020-11-13T15:27:19.244Z', true, 'delivery', 'Rodrick35@gmail.com', 'Raymundo', 'reviewed', 'Doloremque consectetur vel harum sit sunt. Perspiciatis et quae rem et sit maxime eaque voluptatem et.', 4);
INSERT INTO bid (ct_email, ct_price, start_date, end_date, is_cash, transport_method, pet_owner, pet_name, bid_status, feedback, rating) VALUES ('Diana_Bradtke@yahoo.com', 18, '2020-11-12T04:57:01.875Z', '2020-11-13T15:27:19.244Z', true, 'pickup', 'Angeline.Wiza46@hotmail.com', 'Elta', 'reviewed', 'Debitis sunt temporibus vel temporibus magni id. Odit quia ipsa beatae sit repellendus rerum voluptatem.', 3);
INSERT INTO bid (ct_email, ct_price, start_date, end_date, is_cash, transport_method, pet_owner, pet_name, bid_status, feedback, rating) VALUES ('Vernice.Gaylord@gmail.com', 0, '2020-11-12T04:57:01.875Z', '2020-11-13T15:27:19.244Z', true, 'delivery', 'Nicklaus.Hermiston22@yahoo.com', 'Agustin', 'reviewed', 'Voluptatem ipsa nihil fuga et quia dignissimos. Velit eaque et similique blanditiis excepturi officia vel molestiae.', 4);
INSERT INTO bid (ct_email, ct_price, start_date, end_date, is_cash, transport_method, pet_owner, pet_name, bid_status, feedback, rating) VALUES ('Alexandro63@yahoo.com', 13, '2020-11-12T04:57:01.875Z', '2020-11-13T15:27:19.244Z', true, 'pickup', 'Paula.Price@yahoo.com', 'Brett', 'reviewed', 'Omnis quidem deleniti similique. Maxime facere non aut illum.', 4);
INSERT INTO bid (ct_email, ct_price, start_date, end_date, is_cash, transport_method, pet_owner, pet_name, bid_status, feedback, rating) VALUES ('Alysa77@hotmail.com', 20, '2020-11-12T04:57:01.875Z', '2020-11-13T15:27:19.244Z', true, 'pickup', 'Bailey.Gaylord61@yahoo.com', 'Jordan', 'confirmed', NULL, NULL);
INSERT INTO bid (ct_email, ct_price, start_date, end_date, is_cash, transport_method, pet_owner, pet_name, bid_status, feedback, rating) VALUES ('Sonia.Medhurst@yahoo.com', 17, '2020-11-12T04:57:01.875Z', '2020-11-13T15:27:19.244Z', true, 'pickup', 'Joyce79@gmail.com', 'Gudrun', 'confirmed', NULL, NULL);
INSERT INTO bid (ct_email, ct_price, start_date, end_date, is_cash, transport_method, pet_owner, pet_name, bid_status, feedback, rating) VALUES ('Jamel44@yahoo.com', 18, '2020-11-12T04:57:01.875Z', '2020-11-13T15:27:19.244Z', true, 'delivery', 'Santiago_Strosin@yahoo.com', 'Jerel', 'reviewed', 'Et laboriosam fugit magnam voluptatum. Animi consequatur aliquam.', 3);
INSERT INTO bid (ct_email, ct_price, start_date, end_date, is_cash, transport_method, pet_owner, pet_name, bid_status, feedback, rating) VALUES ('Janessa71@hotmail.com', 20, '2020-11-12T04:57:01.875Z', '2020-11-13T15:27:19.244Z', true, 'pcs', 'Guadalupe47@hotmail.com', 'Deanna', 'confirmed', NULL, NULL);
INSERT INTO bid (ct_email, ct_price, start_date, end_date, is_cash, transport_method, pet_owner, pet_name, bid_status, feedback, rating) VALUES ('Buford28@yahoo.com', 11, '2020-11-12T04:57:01.875Z', '2020-11-13T15:27:19.244Z', true, 'delivery', 'Velva99@hotmail.com', 'Frankie', 'confirmed', NULL, NULL);
INSERT INTO bid (ct_email, ct_price, start_date, end_date, is_cash, transport_method, pet_owner, pet_name, bid_status, feedback, rating) VALUES ('Chandler.Sipes@yahoo.com', 6, '2020-11-12T04:57:01.875Z', '2020-11-13T15:27:19.244Z', true, 'delivery', 'Rebecca20@yahoo.com', 'Miguel', 'confirmed', NULL, NULL);
INSERT INTO bid (ct_email, ct_price, start_date, end_date, is_cash, transport_method, pet_owner, pet_name, bid_status, feedback, rating) VALUES ('Yvonne5@hotmail.com', 16, '2020-11-12T04:57:01.875Z', '2020-11-13T15:27:19.244Z', true, 'delivery', 'Marguerite47@gmail.com', 'Savanah', 'confirmed', NULL, NULL);
INSERT INTO bid (ct_email, ct_price, start_date, end_date, is_cash, transport_method, pet_owner, pet_name, bid_status, feedback, rating) VALUES ('Else.Schneider@gmail.com', 19, '2020-11-12T04:57:01.875Z', '2020-11-13T15:27:19.244Z', true, 'delivery', 'Miguel35@hotmail.com', 'Ara', 'confirmed', NULL, NULL);
INSERT INTO bid (ct_email, ct_price, start_date, end_date, is_cash, transport_method, pet_owner, pet_name, bid_status, feedback, rating) VALUES ('Fiona_Wiza13@gmail.com', 3, '2020-11-12T04:57:01.875Z', '2020-11-13T15:27:19.244Z', true, 'pcs', 'Ashley_Brekke75@hotmail.com', 'Dimitri', 'reviewed', 'Nam expedita voluptatum enim commodi atque eum voluptatem exercitationem. Alias doloribus reiciendis omnis accusantium sint accusantium voluptas molestiae.', 5);
INSERT INTO bid (ct_email, ct_price, start_date, end_date, is_cash, transport_method, pet_owner, pet_name, bid_status, feedback, rating) VALUES ('Billie86@gmail.com', 1, '2020-11-12T04:57:01.875Z', '2020-11-13T15:27:19.244Z', true, 'pickup', 'Alexandrea_Mayert24@hotmail.com', 'Madisyn', 'reviewed', 'Dolor temporibus quaerat est deleniti. Qui dolores fuga nihil incidunt fuga dicta quo aliquam in.', 5);
INSERT INTO bid (ct_email, ct_price, start_date, end_date, is_cash, transport_method, pet_owner, pet_name, bid_status, feedback, rating) VALUES ('Grant_Kerluke64@yahoo.com', 17, '2020-11-12T04:57:01.875Z', '2020-11-13T15:27:19.244Z', true, 'pickup', 'Albertha_Hills66@yahoo.com', 'Eladio', 'reviewed', 'Veniam at vitae. Cum autem maxime dignissimos esse reprehenderit voluptate consequatur sit veniam.', 3);
INSERT INTO bid (ct_email, ct_price, start_date, end_date, is_cash, transport_method, pet_owner, pet_name, bid_status, feedback, rating) VALUES ('Josh_Koelpin7@hotmail.com', 19, '2020-11-12T04:57:01.875Z', '2020-11-13T15:27:19.244Z', true, 'pcs', 'Eveline.Bergstrom@hotmail.com', 'Cristal', 'confirmed', NULL, NULL);
INSERT INTO bid (ct_email, ct_price, start_date, end_date, is_cash, transport_method, pet_owner, pet_name, bid_status, feedback, rating) VALUES ('Dena11@gmail.com', 2, '2020-11-12T04:57:01.875Z', '2020-11-13T15:27:19.244Z', true, 'pickup', 'Chesley.Brekke@yahoo.com', 'Aliya', 'confirmed', NULL, NULL);
INSERT INTO bid (ct_email, ct_price, start_date, end_date, is_cash, transport_method, pet_owner, pet_name, bid_status, feedback, rating) VALUES ('Barry_Waelchi@yahoo.com', 18, '2020-11-12T04:57:01.875Z', '2020-11-13T15:27:19.244Z', true, 'delivery', 'Regan_Kuhic@yahoo.com', 'Schuyler', 'reviewed', 'Placeat fuga consequatur beatae quisquam et. Et non est et soluta quia.', 3);
INSERT INTO bid (ct_email, ct_price, start_date, end_date, is_cash, transport_method, pet_owner, pet_name, bid_status, feedback, rating) VALUES ('Kip_Thiel70@yahoo.com', 17, '2020-11-12T04:57:01.875Z', '2020-11-13T15:27:19.244Z', true, 'pickup', 'Violette.Mraz29@gmail.com', 'Verdie', 'confirmed', NULL, NULL);
INSERT INTO bid (ct_email, ct_price, start_date, end_date, is_cash, transport_method, pet_owner, pet_name, bid_status, feedback, rating) VALUES ('Jackson1@gmail.com', 2, '2020-11-12T04:57:01.875Z', '2020-11-13T15:27:19.244Z', true, 'delivery', 'Lennie_Marks56@yahoo.com', 'Emilie', 'reviewed', 'Quibusdam recusandae mollitia. Eum consequatur ullam et atque a.', 3);
INSERT INTO bid (ct_email, ct_price, start_date, end_date, is_cash, transport_method, pet_owner, pet_name, bid_status, feedback, rating) VALUES ('Kadin.Schuppe@hotmail.com', 19, '2020-11-12T04:57:01.875Z', '2020-11-13T15:27:19.244Z', true, 'pcs', 'Gerson_Harvey99@hotmail.com', 'Rylan', 'confirmed', NULL, NULL);
INSERT INTO bid (ct_email, ct_price, start_date, end_date, is_cash, transport_method, pet_owner, pet_name, bid_status, feedback, rating) VALUES ('Wilton43@hotmail.com', 20, '2020-11-12T04:57:01.875Z', '2020-11-13T15:27:19.244Z', true, 'delivery', 'Sarina.Goyette34@gmail.com', 'Marta', 'reviewed', 'Est sed beatae. Repudiandae minus voluptate voluptas molestias quaerat sit reiciendis assumenda.', 5);
INSERT INTO bid (ct_email, ct_price, start_date, end_date, is_cash, transport_method, pet_owner, pet_name, bid_status, feedback, rating) VALUES ('Angelita_Herman70@hotmail.com', 17, '2020-11-12T04:57:01.875Z', '2020-11-13T15:27:19.244Z', true, 'pcs', 'Bart.Strosin@gmail.com', 'Demond', 'reviewed', 'Qui corrupti magni laudantium in et fugiat tempore nostrum voluptatem. Et esse soluta voluptas.', 3);
INSERT INTO bid (ct_email, ct_price, start_date, end_date, is_cash, transport_method, pet_owner, pet_name, bid_status, feedback, rating) VALUES ('Katlynn84@hotmail.com', 17, '2020-11-12T04:57:01.875Z', '2020-11-13T15:27:19.244Z', true, 'pickup', 'Marianne90@yahoo.com', 'Darwin', 'confirmed', NULL, NULL);
INSERT INTO bid (ct_email, ct_price, start_date, end_date, is_cash, transport_method, pet_owner, pet_name, bid_status, feedback, rating) VALUES ('Estevan.Moore79@yahoo.com', 15, '2020-11-12T04:57:01.875Z', '2020-11-13T15:27:19.244Z', true, 'pcs', 'Austen.Walker@gmail.com', 'Jarret', 'reviewed', 'Quas dolores corporis iste nostrum quas magni at earum at. Blanditiis quam molestiae est natus et aut omnis reprehenderit eveniet.', 3);
INSERT INTO bid (ct_email, ct_price, start_date, end_date, is_cash, transport_method, pet_owner, pet_name, bid_status, feedback, rating) VALUES ('Jimmy.Koch40@gmail.com', 13, '2020-11-12T04:57:01.875Z', '2020-11-13T15:27:19.244Z', true, 'delivery', 'Viviane41@hotmail.com', 'Kamron', 'confirmed', NULL, NULL);
INSERT INTO bid (ct_email, ct_price, start_date, end_date, is_cash, transport_method, pet_owner, pet_name, bid_status, feedback, rating) VALUES ('Harley_Boehm@yahoo.com', 8, '2020-11-12T04:57:01.875Z', '2020-11-13T15:27:19.244Z', true, 'pcs', 'Hailie_Stracke@hotmail.com', 'Lavina', 'confirmed', NULL, NULL);
INSERT INTO bid (ct_email, ct_price, start_date, end_date, is_cash, transport_method, pet_owner, pet_name, bid_status, feedback, rating) VALUES ('Gardner.Kuvalis@gmail.com', 9, '2020-11-12T04:57:01.875Z', '2020-11-13T15:27:19.244Z', true, 'pickup', 'Joey74@gmail.com', 'Demetrius', 'reviewed', 'Labore labore inventore aut est necessitatibus ab voluptas eaque tenetur. Voluptates saepe mollitia fuga alias eligendi ducimus veniam.', 4);
INSERT INTO bid (ct_email, ct_price, start_date, end_date, is_cash, transport_method, pet_owner, pet_name, bid_status, feedback, rating) VALUES ('Edwina92@gmail.com', 3, '2020-11-12T04:57:01.875Z', '2020-11-13T15:27:19.244Z', true, 'delivery', 'Albin.Sawayn3@yahoo.com', 'Mohammad', 'confirmed', NULL, NULL);
INSERT INTO bid (ct_email, ct_price, start_date, end_date, is_cash, transport_method, pet_owner, pet_name, bid_status, feedback, rating) VALUES ('Mable_Daugherty99@hotmail.com', 18, '2020-11-12T04:57:01.875Z', '2020-11-13T15:27:19.244Z', true, 'pickup', 'Eldon.Gislason@gmail.com', 'Jeremy', 'reviewed', 'Modi est excepturi qui dolor nam. Error quia sint.', 4);
INSERT INTO bid (ct_email, ct_price, start_date, end_date, is_cash, transport_method, pet_owner, pet_name, bid_status, feedback, rating) VALUES ('Leon_Kulas@yahoo.com', 5, '2020-11-12T04:57:01.875Z', '2020-11-13T15:27:19.244Z', true, 'delivery', 'Montana_Osinski@yahoo.com', 'Vincenza', 'confirmed', NULL, NULL);
INSERT INTO bid (ct_email, ct_price, start_date, end_date, is_cash, transport_method, pet_owner, pet_name, bid_status, feedback, rating) VALUES ('Lane.Hegmann41@gmail.com', 7, '2020-11-12T04:57:01.875Z', '2020-11-13T15:27:19.244Z', true, 'pcs', 'Peter.Aufderhar37@hotmail.com', 'Lauren', 'reviewed', 'Nulla voluptas rem. Sit cumque doloremque fugit.', 3);
INSERT INTO bid (ct_email, ct_price, start_date, end_date, is_cash, transport_method, pet_owner, pet_name, bid_status, feedback, rating) VALUES ('Hanna.Homenick31@yahoo.com', 12, '2020-11-12T04:57:01.875Z', '2020-11-13T15:27:19.244Z', true, 'delivery', 'Amira65@hotmail.com', 'Karianne', 'reviewed', 'Consequuntur possimus ea est dignissimos quae qui et voluptas. Ab qui minus labore qui a.', 4);
INSERT INTO bid (ct_email, ct_price, start_date, end_date, is_cash, transport_method, pet_owner, pet_name, bid_status, feedback, rating) VALUES ('Antwan56@yahoo.com', 3, '2020-11-12T04:57:01.875Z', '2020-11-13T15:27:19.244Z', true, 'pcs', 'Ilene_McCullough@gmail.com', 'Francisco', 'reviewed', 'Atque sint molestiae repudiandae. Accusantium quia quis ea.', 4);
INSERT INTO bid (ct_email, ct_price, start_date, end_date, is_cash, transport_method, pet_owner, pet_name, bid_status, feedback, rating) VALUES ('Mack_Hills26@hotmail.com', 19, '2020-11-12T04:57:01.875Z', '2020-11-13T15:27:19.244Z', true, 'delivery', 'Eddie_Murray@gmail.com', 'Morton', 'reviewed', 'Nobis nostrum molestiae qui quisquam odio consequatur ipsa. Praesentium et aut voluptatem beatae explicabo sit voluptas.', 4);
INSERT INTO bid (ct_email, ct_price, start_date, end_date, is_cash, transport_method, pet_owner, pet_name, bid_status, feedback, rating) VALUES ('Elton_Schiller@gmail.com', 8, '2020-11-12T04:57:01.875Z', '2020-11-13T15:27:19.244Z', true, 'delivery', 'Billie86@gmail.com', 'Keely', 'confirmed', NULL, NULL);
INSERT INTO bid (ct_email, ct_price, start_date, end_date, is_cash, transport_method, pet_owner, pet_name, bid_status, feedback, rating) VALUES ('Gianni.Koelpin55@hotmail.com', 2, '2020-11-12T04:57:01.875Z', '2020-11-13T15:27:19.244Z', true, 'pickup', 'Dorothy_Kuhn82@yahoo.com', 'Liana', 'confirmed', NULL, NULL);
INSERT INTO bid (ct_email, ct_price, start_date, end_date, is_cash, transport_method, pet_owner, pet_name, bid_status, feedback, rating) VALUES ('Hulda_Quitzon26@yahoo.com', 19, '2020-11-12T04:57:01.875Z', '2020-11-13T15:27:19.244Z', true, 'delivery', 'Rosalia.Crona@hotmail.com', 'Bridie', 'confirmed', NULL, NULL);
INSERT INTO bid (ct_email, ct_price, start_date, end_date, is_cash, transport_method, pet_owner, pet_name, bid_status, feedback, rating) VALUES ('Scottie.Frami3@gmail.com', 3, '2020-11-12T04:57:01.875Z', '2020-11-13T15:27:19.244Z', true, 'pcs', 'Lexie_MacGyver65@hotmail.com', 'Jalyn', 'confirmed', NULL, NULL);
INSERT INTO bid (ct_email, ct_price, start_date, end_date, is_cash, transport_method, pet_owner, pet_name, bid_status, feedback, rating) VALUES ('Carmela55@gmail.com', 13, '2020-11-12T04:57:01.875Z', '2020-11-13T15:27:19.244Z', true, 'pcs', 'Dexter_Lockman@gmail.com', 'Viviane', 'reviewed', 'Numquam omnis qui et sit sed. Delectus fugit rem assumenda sunt libero quae fugit.', 5);
INSERT INTO bid (ct_email, ct_price, start_date, end_date, is_cash, transport_method, pet_owner, pet_name, bid_status, feedback, rating) VALUES ('Yasmine_Jenkins69@gmail.com', 6, '2020-11-12T04:57:01.875Z', '2020-11-13T15:27:19.244Z', true, 'pickup', 'Adella_Predovic@yahoo.com', 'Marques', 'confirmed', NULL, NULL);
INSERT INTO bid (ct_email, ct_price, start_date, end_date, is_cash, transport_method, pet_owner, pet_name, bid_status, feedback, rating) VALUES ('Barry.Rodriguez82@yahoo.com', 18, '2020-11-12T04:57:01.875Z', '2020-11-13T15:27:19.244Z', true, 'delivery', 'Geovanni.OKon@hotmail.com', 'Sonya', 'reviewed', 'Aut nobis nesciunt architecto inventore ab deleniti harum. Soluta perferendis doloremque ea.', 4);
INSERT INTO bid (ct_email, ct_price, start_date, end_date, is_cash, transport_method, pet_owner, pet_name, bid_status, feedback, rating) VALUES ('Ben_Johns@yahoo.com', 12, '2020-11-12T04:57:01.875Z', '2020-11-13T15:27:19.244Z', true, 'delivery', 'Trudie55@hotmail.com', 'Leif', 'confirmed', NULL, NULL);
INSERT INTO bid (ct_email, ct_price, start_date, end_date, is_cash, transport_method, pet_owner, pet_name, bid_status, feedback, rating) VALUES ('Lon_Crooks@gmail.com', 12, '2020-11-12T04:57:01.875Z', '2020-11-13T15:27:19.244Z', true, 'pcs', 'Charley_Murray79@yahoo.com', 'Pierre', 'confirmed', NULL, NULL);
INSERT INTO bid (ct_email, ct_price, start_date, end_date, is_cash, transport_method, pet_owner, pet_name, bid_status, feedback, rating) VALUES ('Yvonne_Rogahn@gmail.com', 4, '2020-11-12T04:57:01.875Z', '2020-11-13T15:27:19.244Z', true, 'pcs', 'Elvie_Hansen@gmail.com', 'Cortney', 'confirmed', NULL, NULL);
INSERT INTO bid (ct_email, ct_price, start_date, end_date, is_cash, transport_method, pet_owner, pet_name, bid_status, feedback, rating) VALUES ('Elody_Hudson@hotmail.com', 12, '2020-11-12T04:57:01.875Z', '2020-11-13T15:27:19.244Z', true, 'pickup', 'Barbara.Mitchell36@gmail.com', 'Zachariah', 'confirmed', NULL, NULL);
INSERT INTO bid (ct_email, ct_price, start_date, end_date, is_cash, transport_method, pet_owner, pet_name, bid_status, feedback, rating) VALUES ('Coleman_Goldner@hotmail.com', 20, '2020-11-12T04:57:01.875Z', '2020-11-13T15:27:19.244Z', true, 'delivery', 'Jany95@gmail.com', 'Johanna', 'confirmed', NULL, NULL);
INSERT INTO bid (ct_email, ct_price, start_date, end_date, is_cash, transport_method, pet_owner, pet_name, bid_status, feedback, rating) VALUES ('Mark46@gmail.com', 4, '2020-11-12T04:57:01.875Z', '2020-11-13T15:27:19.244Z', true, 'pcs', 'Rosalinda30@yahoo.com', 'Maddison', 'confirmed', NULL, NULL);
INSERT INTO bid (ct_email, ct_price, start_date, end_date, is_cash, transport_method, pet_owner, pet_name, bid_status, feedback, rating) VALUES ('Joana_Bednar@gmail.com', 15, '2020-11-12T04:57:01.875Z', '2020-11-13T15:27:19.244Z', true, 'pcs', 'Reynold30@gmail.com', 'Stephon', 'reviewed', 'Delectus officia et repudiandae blanditiis veritatis accusamus. Cupiditate voluptatem consequatur.', 3);
INSERT INTO bid (ct_email, ct_price, start_date, end_date, is_cash, transport_method, pet_owner, pet_name, bid_status, feedback, rating) VALUES ('Stacy69@gmail.com', 1, '2020-11-12T04:57:01.875Z', '2020-11-13T15:27:19.244Z', true, 'delivery', 'Sherman.Brown51@hotmail.com', 'Pansy', 'reviewed', 'Placeat eligendi molestiae dolores asperiores qui nisi harum. Nostrum nulla magni sint asperiores reprehenderit itaque est quo.', 5);
INSERT INTO bid (ct_email, ct_price, start_date, end_date, is_cash, transport_method, pet_owner, pet_name, bid_status, feedback, rating) VALUES ('Ansley10@yahoo.com', 15, '2020-11-12T04:57:01.875Z', '2020-11-13T15:27:19.244Z', true, 'delivery', 'Julien15@hotmail.com', 'Amber', 'confirmed', NULL, NULL);
INSERT INTO bid (ct_email, ct_price, start_date, end_date, is_cash, transport_method, pet_owner, pet_name, bid_status, feedback, rating) VALUES ('Ilene_McCullough@gmail.com', 6, '2020-11-12T04:57:01.875Z', '2020-11-13T15:27:19.244Z', true, 'pickup', 'Lizeth18@hotmail.com', 'Parker', 'confirmed', NULL, NULL);
INSERT INTO bid (ct_email, ct_price, start_date, end_date, is_cash, transport_method, pet_owner, pet_name, bid_status, feedback, rating) VALUES ('Elody.Gusikowski@hotmail.com', 19, '2020-11-12T04:57:01.875Z', '2020-11-13T15:27:19.244Z', true, 'pickup', 'Luther_Goodwin38@yahoo.com', 'Pearl', 'confirmed', NULL, NULL);
INSERT INTO bid (ct_email, ct_price, start_date, end_date, is_cash, transport_method, pet_owner, pet_name, bid_status, feedback, rating) VALUES ('Cayla_Rodriguez@gmail.com', 12, '2020-11-12T04:57:01.875Z', '2020-11-13T15:27:19.244Z', true, 'pcs', 'Keira23@gmail.com', 'Fabian', 'confirmed', NULL, NULL);
INSERT INTO bid (ct_email, ct_price, start_date, end_date, is_cash, transport_method, pet_owner, pet_name, bid_status, feedback, rating) VALUES ('Dorthy10@gmail.com', 18, '2020-11-12T04:57:01.875Z', '2020-11-13T15:27:19.244Z', true, 'pickup', 'Myah_Walsh@gmail.com', 'Elvis', 'confirmed', NULL, NULL);
INSERT INTO bid (ct_email, ct_price, start_date, end_date, is_cash, transport_method, pet_owner, pet_name, bid_status, feedback, rating) VALUES ('Lou.Medhurst@hotmail.com', 17, '2020-11-12T04:57:01.875Z', '2020-11-13T15:27:19.244Z', true, 'pcs', 'Rosalyn46@gmail.com', 'Jany', 'confirmed', NULL, NULL);
INSERT INTO bid (ct_email, ct_price, start_date, end_date, is_cash, transport_method, pet_owner, pet_name, bid_status, feedback, rating) VALUES ('Freeda.Treutel@yahoo.com', 6, '2020-11-12T04:57:01.875Z', '2020-11-13T15:27:19.244Z', true, 'pcs', 'Alverta40@gmail.com', 'Tina', 'reviewed', 'Expedita voluptas culpa. Natus hic sequi vero quasi quo quis dignissimos aperiam.', 4);
INSERT INTO bid (ct_email, ct_price, start_date, end_date, is_cash, transport_method, pet_owner, pet_name, bid_status, feedback, rating) VALUES ('Mustafa.Ratke@yahoo.com', 20, '2020-11-12T04:57:01.875Z', '2020-11-13T15:27:19.244Z', true, 'delivery', 'Jovanny.Spinka95@hotmail.com', 'Norene', 'reviewed', 'Adipisci est eius voluptatem. Debitis et error provident et cumque velit.', 5);
INSERT INTO bid (ct_email, ct_price, start_date, end_date, is_cash, transport_method, pet_owner, pet_name, bid_status, feedback, rating) VALUES ('Adah9@hotmail.com', 2, '2020-11-12T04:57:01.875Z', '2020-11-13T15:27:19.244Z', true, 'pickup', 'Annetta_Schneider@yahoo.com', 'Earnestine', 'confirmed', NULL, NULL);
INSERT INTO bid (ct_email, ct_price, start_date, end_date, is_cash, transport_method, pet_owner, pet_name, bid_status, feedback, rating) VALUES ('Amira65@hotmail.com', 0, '2020-11-12T04:57:01.875Z', '2020-11-13T15:27:19.244Z', true, 'pcs', 'Stanton_Rath8@yahoo.com', 'Kennith', 'confirmed', NULL, NULL);
INSERT INTO bid (ct_email, ct_price, start_date, end_date, is_cash, transport_method, pet_owner, pet_name, bid_status, feedback, rating) VALUES ('Virginia38@yahoo.com', 16, '2020-11-12T04:57:01.875Z', '2020-11-13T15:27:19.244Z', true, 'delivery', 'Guido98@hotmail.com', 'Yazmin', 'reviewed', 'Incidunt quos iure totam tempora labore eos ducimus tenetur aut. Ratione aliquid voluptas omnis voluptatibus dolor dolor.', 4);
INSERT INTO bid (ct_email, ct_price, start_date, end_date, is_cash, transport_method, pet_owner, pet_name, bid_status, feedback, rating) VALUES ('Duncan87@gmail.com', 6, '2020-11-12T04:57:01.875Z', '2020-11-13T15:27:19.244Z', true, 'pcs', 'Taurean.Wilderman@gmail.com', 'Keely', 'reviewed', 'Nam voluptas earum necessitatibus recusandae qui. Molestiae vel ducimus explicabo facere inventore ab molestiae velit.', 3);
INSERT INTO bid (ct_email, ct_price, start_date, end_date, is_cash, transport_method, pet_owner, pet_name, bid_status, feedback, rating) VALUES ('Haylee24@gmail.com', 2, '2020-11-12T04:57:01.875Z', '2020-11-13T15:27:19.244Z', true, 'delivery', 'Isaac_Blanda@gmail.com', 'Jon', 'reviewed', 'Corporis laboriosam numquam aut ut sed placeat qui eos qui. Voluptatibus et quas animi ea quas molestias quia.', 4);
INSERT INTO bid (ct_email, ct_price, start_date, end_date, is_cash, transport_method, pet_owner, pet_name, bid_status, feedback, rating) VALUES ('Jewell_Bahringer55@gmail.com', 10, '2020-11-12T04:57:01.875Z', '2020-11-13T15:27:19.244Z', true, 'delivery', 'Elody_Hudson@hotmail.com', 'Lea', 'confirmed', NULL, NULL);
INSERT INTO bid (ct_email, ct_price, start_date, end_date, is_cash, transport_method, pet_owner, pet_name, bid_status, feedback, rating) VALUES ('Nella.Bailey@gmail.com', 15, '2020-11-12T04:57:01.875Z', '2020-11-13T15:27:19.244Z', true, 'delivery', 'Erik.Bartell@hotmail.com', 'Tommie', 'reviewed', 'Sed voluptates hic facere odio ipsa atque. Iure provident mollitia.', 3);
INSERT INTO bid (ct_email, ct_price, start_date, end_date, is_cash, transport_method, pet_owner, pet_name, bid_status, feedback, rating) VALUES ('Katharina.Kautzer97@gmail.com', 9, '2020-11-12T04:57:01.875Z', '2020-11-13T15:27:19.244Z', true, 'pickup', 'Domenick22@gmail.com', 'Dorcas', 'confirmed', NULL, NULL);
INSERT INTO bid (ct_email, ct_price, start_date, end_date, is_cash, transport_method, pet_owner, pet_name, bid_status, feedback, rating) VALUES ('Gus.Adams@hotmail.com', 1, '2020-11-12T04:57:01.875Z', '2020-11-13T15:27:19.244Z', true, 'pickup', 'Dalton38@gmail.com', 'Axel', 'reviewed', 'Consequatur sed in suscipit quia voluptatibus quod dolores reprehenderit nam. Sed aut culpa magnam quibusdam recusandae sit.', 5);
INSERT INTO bid (ct_email, ct_price, start_date, end_date, is_cash, transport_method, pet_owner, pet_name, bid_status, feedback, rating) VALUES ('Kristian7@gmail.com', 4, '2020-11-12T04:57:01.875Z', '2020-11-13T15:27:19.244Z', true, 'pcs', 'Alysa77@hotmail.com', 'Moshe', 'reviewed', 'Voluptatibus amet optio fugit placeat dolores et rerum dolores. Quis veritatis qui minima temporibus eum harum ut cumque.', 3);
INSERT INTO bid (ct_email, ct_price, start_date, end_date, is_cash, transport_method, pet_owner, pet_name, bid_status, feedback, rating) VALUES ('Tatyana.Lowe@yahoo.com', 1, '2020-11-12T04:57:01.875Z', '2020-11-13T15:27:19.244Z', true, 'pickup', 'Alia37@hotmail.com', 'Bryana', 'reviewed', 'Aut fugit ut facere dolor aut repellat occaecati laborum voluptas. Facere adipisci eum.', 3);
INSERT INTO bid (ct_email, ct_price, start_date, end_date, is_cash, transport_method, pet_owner, pet_name, bid_status, feedback, rating) VALUES ('Nat62@hotmail.com', 4, '2020-11-12T04:57:01.875Z', '2020-11-13T15:27:19.244Z', true, 'delivery', 'Estella89@yahoo.com', 'Daniela', 'reviewed', 'Molestias odit eius doloremque iure. Corrupti perspiciatis deleniti ex aliquam libero et ut esse.', 3);
INSERT INTO bid (ct_email, ct_price, start_date, end_date, is_cash, transport_method, pet_owner, pet_name, bid_status, feedback, rating) VALUES ('Heloise_OKeefe@yahoo.com', 13, '2020-11-12T04:57:01.875Z', '2020-11-13T15:27:19.244Z', true, 'pcs', 'Dylan.Franecki95@gmail.com', 'Xzavier', 'reviewed', 'Est a asperiores et magnam cupiditate dolorum sit commodi. Dolorem inventore laudantium id dolorem.', 4);
INSERT INTO bid (ct_email, ct_price, start_date, end_date, is_cash, transport_method, pet_owner, pet_name, bid_status, feedback, rating) VALUES ('Gloria_Zemlak@gmail.com', 13, '2020-11-12T04:57:01.875Z', '2020-11-13T15:27:19.244Z', true, 'pickup', 'Merritt.Bradtke@gmail.com', 'Yadira', 'reviewed', 'In dolor quibusdam quia. Et et praesentium at suscipit ratione sunt velit.', 3);
INSERT INTO bid (ct_email, ct_price, start_date, end_date, is_cash, transport_method, pet_owner, pet_name, bid_status, feedback, rating) VALUES ('Jaquelin40@yahoo.com', 2, '2020-11-12T04:57:01.875Z', '2020-11-13T15:27:19.244Z', true, 'delivery', 'Dorian_Rice@hotmail.com', 'Davion', 'reviewed', 'Mollitia saepe quam est est dicta esse. Deserunt at iste magnam aperiam.', 5);
INSERT INTO bid (ct_email, ct_price, start_date, end_date, is_cash, transport_method, pet_owner, pet_name, bid_status, feedback, rating) VALUES ('Jacques.Cummings@hotmail.com', 6, '2020-11-12T04:57:01.875Z', '2020-11-13T15:27:19.244Z', true, 'pickup', 'Sheridan81@yahoo.com', 'Khalid', 'reviewed', 'Voluptatem excepturi cupiditate minima non. Aut ut esse.', 5);
INSERT INTO bid (ct_email, ct_price, start_date, end_date, is_cash, transport_method, pet_owner, pet_name, bid_status, feedback, rating) VALUES ('Werner7@hotmail.com', 14, '2020-11-12T04:57:01.875Z', '2020-11-13T15:27:19.244Z', true, 'pickup', 'Adrain_Wyman@gmail.com', 'Selina', 'confirmed', NULL, NULL);
INSERT INTO bid (ct_email, ct_price, start_date, end_date, is_cash, transport_method, pet_owner, pet_name, bid_status, feedback, rating) VALUES ('Celine.Hyatt2@yahoo.com', 8, '2020-11-12T04:57:01.875Z', '2020-11-13T15:27:19.244Z', true, 'pickup', 'Alanna_Beier38@gmail.com', 'Bailee', 'confirmed', NULL, NULL);
INSERT INTO bid (ct_email, ct_price, start_date, end_date, is_cash, transport_method, pet_owner, pet_name, bid_status, feedback, rating) VALUES ('Candace_Terry29@hotmail.com', 4, '2020-11-12T04:57:01.875Z', '2020-11-13T15:27:19.244Z', true, 'delivery', 'Helene98@hotmail.com', 'Michael', 'reviewed', 'Perspiciatis natus sunt voluptate facere vero excepturi harum. Iste dolor quos temporibus laudantium.', 5);
INSERT INTO bid (ct_email, ct_price, start_date, end_date, is_cash, transport_method, pet_owner, pet_name, bid_status, feedback, rating) VALUES ('Kailey86@yahoo.com', 4, '2020-11-12T04:57:01.875Z', '2020-11-13T15:27:19.244Z', true, 'delivery', 'Raphael78@hotmail.com', 'Lydia', 'reviewed', 'Voluptatem sunt iste earum beatae ab non. Hic est voluptates praesentium.', 5);
INSERT INTO bid (ct_email, ct_price, start_date, end_date, is_cash, transport_method, pet_owner, pet_name, bid_status, feedback, rating) VALUES ('Gudrun38@yahoo.com', 1, '2020-11-12T04:57:01.875Z', '2020-11-13T15:27:19.244Z', true, 'pcs', 'Carlie_Erdman@hotmail.com', 'Murphy', 'reviewed', 'Hic dolor pariatur. Accusamus necessitatibus non.', 5);
INSERT INTO bid (ct_email, ct_price, start_date, end_date, is_cash, transport_method, pet_owner, pet_name, bid_status, feedback, rating) VALUES ('Keeley71@yahoo.com', 1, '2020-11-12T04:57:01.875Z', '2020-11-13T15:27:19.244Z', true, 'pcs', 'Kristian7@gmail.com', 'Minnie', 'confirmed', NULL, NULL);
INSERT INTO bid (ct_email, ct_price, start_date, end_date, is_cash, transport_method, pet_owner, pet_name, bid_status, feedback, rating) VALUES ('Alverta40@gmail.com', 16, '2020-11-12T04:57:01.875Z', '2020-11-13T15:27:19.244Z', true, 'pickup', 'Tristian_Heller31@yahoo.com', 'Stanford', 'confirmed', NULL, NULL);
INSERT INTO bid (ct_email, ct_price, start_date, end_date, is_cash, transport_method, pet_owner, pet_name, bid_status, feedback, rating) VALUES ('Luna.Schoen18@yahoo.com', 16, '2020-11-12T04:57:01.875Z', '2020-11-13T15:27:19.244Z', true, 'pcs', 'Adriel65@gmail.com', 'Junius', 'reviewed', 'Atque non vel sequi odio illum impedit. Voluptatibus neque quis quaerat blanditiis doloremque ea.', 3);
INSERT INTO bid (ct_email, ct_price, start_date, end_date, is_cash, transport_method, pet_owner, pet_name, bid_status, feedback, rating) VALUES ('Candelario.Schowalter79@hotmail.com', 0, '2020-11-12T04:57:01.875Z', '2020-11-13T15:27:19.244Z', true, 'delivery', 'Stevie61@hotmail.com', 'Jalon', 'reviewed', 'Est facilis sapiente esse dolor accusantium fuga officiis vitae. Nisi laboriosam ut at.', 4);
INSERT INTO bid (ct_email, ct_price, start_date, end_date, is_cash, transport_method, pet_owner, pet_name, bid_status, feedback, rating) VALUES ('Hailie_Stracke@hotmail.com', 11, '2020-11-12T04:57:01.875Z', '2020-11-13T15:27:19.244Z', true, 'delivery', 'Vincent16@hotmail.com', 'Flavio', 'confirmed', NULL, NULL);
INSERT INTO bid (ct_email, ct_price, start_date, end_date, is_cash, transport_method, pet_owner, pet_name, bid_status, feedback, rating) VALUES ('Triston.Lakin0@yahoo.com', 8, '2020-11-12T04:57:01.875Z', '2020-11-13T15:27:19.244Z', true, 'delivery', 'Erika_OHara@gmail.com', 'Elna', 'reviewed', 'Illo molestiae aliquid quasi ratione quas quaerat. Asperiores consequatur laudantium.', 3);
INSERT INTO bid (ct_email, ct_price, start_date, end_date, is_cash, transport_method, pet_owner, pet_name, bid_status, feedback, rating) VALUES ('Bart_Glover@yahoo.com', 8, '2020-11-12T04:57:01.875Z', '2020-11-13T15:27:19.244Z', true, 'pickup', 'Naomi_Abbott67@gmail.com', 'Hyman', 'confirmed', NULL, NULL);
INSERT INTO bid (ct_email, ct_price, start_date, end_date, is_cash, transport_method, pet_owner, pet_name, bid_status, feedback, rating) VALUES ('Abel_Kilback51@yahoo.com', 3, '2020-11-12T04:57:01.875Z', '2020-11-13T15:27:19.244Z', true, 'delivery', 'Dorothy.Muller@yahoo.com', 'Nya', 'reviewed', 'Nihil magni est consequatur voluptatem modi sit. Beatae animi iusto cumque ut rerum blanditiis porro est quod.', 3);
INSERT INTO bid (ct_email, ct_price, start_date, end_date, is_cash, transport_method, pet_owner, pet_name, bid_status, feedback, rating) VALUES ('Giovanni.Howe49@gmail.com', 5, '2020-11-12T04:57:01.875Z', '2020-11-13T15:27:19.244Z', true, 'pickup', 'Darryl_Ward@hotmail.com', 'Elmira', 'confirmed', NULL, NULL);
INSERT INTO bid (ct_email, ct_price, start_date, end_date, is_cash, transport_method, pet_owner, pet_name, bid_status, feedback, rating) VALUES ('Stephen.Weimann@yahoo.com', 10, '2020-11-12T04:57:01.875Z', '2020-11-13T15:27:19.244Z', true, 'pcs', 'Doyle_Kuhlman@yahoo.com', 'Alden', 'confirmed', NULL, NULL);
INSERT INTO bid (ct_email, ct_price, start_date, end_date, is_cash, transport_method, pet_owner, pet_name, bid_status, feedback, rating) VALUES ('Clint8@hotmail.com', 17, '2020-11-12T04:57:01.875Z', '2020-11-13T15:27:19.244Z', true, 'pickup', 'Waino51@hotmail.com', 'Izaiah', 'confirmed', NULL, NULL);
INSERT INTO bid (ct_email, ct_price, start_date, end_date, is_cash, transport_method, pet_owner, pet_name, bid_status, feedback, rating) VALUES ('Adan_Haley79@hotmail.com', 17, '2020-11-12T04:57:01.875Z', '2020-11-13T15:27:19.244Z', true, 'pickup', 'Octavia.Borer@gmail.com', 'Nicole', 'reviewed', 'Qui veniam maxime qui maiores. Voluptatem doloremque molestiae esse ut architecto.', 5);
INSERT INTO bid (ct_email, ct_price, start_date, end_date, is_cash, transport_method, pet_owner, pet_name, bid_status, feedback, rating) VALUES ('Agustin_Daniel92@hotmail.com', 8, '2020-11-12T04:57:01.875Z', '2020-11-13T15:27:19.244Z', true, 'delivery', 'Stella_Wyman55@yahoo.com', 'Hildegard', 'reviewed', 'Eligendi dicta explicabo repellat est sequi perspiciatis eos. Aut id non sequi suscipit dignissimos.', 3);
INSERT INTO bid (ct_email, ct_price, start_date, end_date, is_cash, transport_method, pet_owner, pet_name, bid_status, feedback, rating) VALUES ('Breana96@gmail.com', 16, '2020-11-12T04:57:01.875Z', '2020-11-13T15:27:19.244Z', true, 'pcs', 'Hobart.Windler@hotmail.com', 'Emil', 'reviewed', 'Doloremque vero eligendi recusandae vero. Quia eum velit beatae assumenda id itaque accusamus et.', 3);
INSERT INTO bid (ct_email, ct_price, start_date, end_date, is_cash, transport_method, pet_owner, pet_name, bid_status, feedback, rating) VALUES ('Cordie30@yahoo.com', 0, '2020-11-12T04:57:01.875Z', '2020-11-13T15:27:19.244Z', true, 'delivery', 'Elton_Schiller@gmail.com', 'Ila', 'confirmed', NULL, NULL);
INSERT INTO bid (ct_email, ct_price, start_date, end_date, is_cash, transport_method, pet_owner, pet_name, bid_status, feedback, rating) VALUES ('Oleta45@hotmail.com', 8, '2020-11-12T04:57:01.875Z', '2020-11-13T15:27:19.244Z', true, 'pcs', 'Kasandra_Quitzon@yahoo.com', 'Benedict', 'confirmed', NULL, NULL);
INSERT INTO bid (ct_email, ct_price, start_date, end_date, is_cash, transport_method, pet_owner, pet_name, bid_status, feedback, rating) VALUES ('Otis.Lubowitz47@hotmail.com', 4, '2020-11-12T04:57:01.875Z', '2020-11-13T15:27:19.244Z', true, 'pcs', 'Allison.Nolan81@hotmail.com', 'Liam', 'confirmed', NULL, NULL);
INSERT INTO bid (ct_email, ct_price, start_date, end_date, is_cash, transport_method, pet_owner, pet_name, bid_status, feedback, rating) VALUES ('Cesar.Mraz@gmail.com', 12, '2020-11-12T04:57:01.875Z', '2020-11-13T15:27:19.244Z', true, 'pickup', 'Trever60@hotmail.com', 'Chase', 'reviewed', 'Maiores vitae nobis qui ut autem provident enim voluptatibus minima. Quia quidem repellendus quos labore odit enim.', 5);
INSERT INTO bid (ct_email, ct_price, start_date, end_date, is_cash, transport_method, pet_owner, pet_name, bid_status, feedback, rating) VALUES ('Dale_Breitenberg@gmail.com', 12, '2020-11-12T04:57:01.875Z', '2020-11-13T15:27:19.244Z', true, 'pickup', 'Alexzander_Cole38@hotmail.com', 'Kraig', 'reviewed', 'Ipsum est dolores dolor doloribus est. Ab ut sed.', 3);
INSERT INTO bid (ct_email, ct_price, start_date, end_date, is_cash, transport_method, pet_owner, pet_name, bid_status, feedback, rating) VALUES ('Hobart.Windler@hotmail.com', 8, '2020-11-12T04:57:01.875Z', '2020-11-13T15:27:19.244Z', true, 'pickup', 'Kaycee_Yundt46@gmail.com', 'Franco', 'confirmed', NULL, NULL);
INSERT INTO bid (ct_email, ct_price, start_date, end_date, is_cash, transport_method, pet_owner, pet_name, bid_status, feedback, rating) VALUES ('Estella89@yahoo.com', 17, '2020-11-12T04:57:01.875Z', '2020-11-13T15:27:19.244Z', true, 'pcs', 'Sammy.Veum@hotmail.com', 'Chasity', 'reviewed', 'Culpa alias laborum optio quidem impedit ipsum perspiciatis non. Non rerum et repudiandae hic.', 4);
INSERT INTO bid (ct_email, ct_price, start_date, end_date, is_cash, transport_method, pet_owner, pet_name, bid_status, feedback, rating) VALUES ('Isaac_Blanda@gmail.com', 2, '2020-11-12T04:57:01.875Z', '2020-11-13T15:27:19.244Z', true, 'pickup', 'Gardner.Kuvalis@gmail.com', 'Clair', 'reviewed', 'Accusantium dolorem repellat voluptas neque sed ut corporis dolores. Dolores sunt doloribus.', 4);
INSERT INTO bid (ct_email, ct_price, start_date, end_date, is_cash, transport_method, pet_owner, pet_name, bid_status, feedback, rating) VALUES ('Candice.Waters@hotmail.com', 19, '2020-11-12T04:57:01.875Z', '2020-11-13T15:27:19.244Z', true, 'pickup', 'Chandler.Sipes@yahoo.com', 'Karina', 'confirmed', NULL, NULL);
INSERT INTO bid (ct_email, ct_price, start_date, end_date, is_cash, transport_method, pet_owner, pet_name, bid_status, feedback, rating) VALUES ('Mariano54@gmail.com', 5, '2020-11-12T04:57:01.875Z', '2020-11-13T15:27:19.244Z', true, 'pcs', 'Ivah.Pouros64@gmail.com', 'Asha', 'confirmed', NULL, NULL);
INSERT INTO bid (ct_email, ct_price, start_date, end_date, is_cash, transport_method, pet_owner, pet_name, bid_status, feedback, rating) VALUES ('Margarette_Graham@gmail.com', 11, '2020-11-12T04:57:01.875Z', '2020-11-13T15:27:19.244Z', true, 'pcs', 'Kris.Predovic@hotmail.com', 'Gwendolyn', 'reviewed', 'Dolores ut suscipit id aliquam ad nesciunt sunt nostrum magnam. Consequatur est fugiat.', 4);
INSERT INTO bid (ct_email, ct_price, start_date, end_date, is_cash, transport_method, pet_owner, pet_name, bid_status, feedback, rating) VALUES ('Ceasar.Friesen63@yahoo.com', 17, '2020-11-12T04:57:01.875Z', '2020-11-13T15:27:19.244Z', true, 'pickup', 'Harley_Boehm@yahoo.com', 'Eryn', 'reviewed', 'In consectetur aut autem. Est consequatur rerum consequuntur veniam est dicta sit.', 3);
INSERT INTO bid (ct_email, ct_price, start_date, end_date, is_cash, transport_method, pet_owner, pet_name, bid_status, feedback, rating) VALUES ('Amara.Hoppe@yahoo.com', 13, '2020-11-12T04:57:01.875Z', '2020-11-13T15:27:19.244Z', true, 'pcs', 'Ubaldo37@gmail.com', 'Toy', 'reviewed', 'Ducimus non commodi quia saepe ipsam labore ducimus sequi vel. Aliquam et et ut ut corrupti ea suscipit ratione.', 3);
INSERT INTO bid (ct_email, ct_price, start_date, end_date, is_cash, transport_method, pet_owner, pet_name, bid_status, feedback, rating) VALUES ('Bart.Strosin@gmail.com', 12, '2020-11-12T04:57:01.875Z', '2020-11-13T15:27:19.244Z', true, 'pcs', 'Westley_Hyatt@yahoo.com', 'Matilda', 'reviewed', 'Consequuntur qui non in enim nam ea dolores eum. Sed consequatur reiciendis quia.', 4);
INSERT INTO bid (ct_email, ct_price, start_date, end_date, is_cash, transport_method, pet_owner, pet_name, bid_status, feedback, rating) VALUES ('Julian.Lubowitz@gmail.com', 17, '2020-11-12T04:57:01.875Z', '2020-11-13T15:27:19.244Z', true, 'pcs', 'Agustin_Daniel92@hotmail.com', 'Michelle', 'reviewed', 'Sed voluptas qui ipsa quod deserunt consequatur reiciendis. Vero pariatur quod ut veritatis necessitatibus ratione.', 3);
INSERT INTO bid (ct_email, ct_price, start_date, end_date, is_cash, transport_method, pet_owner, pet_name, bid_status, feedback, rating) VALUES ('Sylvia80@yahoo.com', 16, '2020-11-12T04:57:01.875Z', '2020-11-13T15:27:19.244Z', true, 'delivery', 'Vernice.Gaylord@gmail.com', 'Eden', 'confirmed', NULL, NULL);
INSERT INTO bid (ct_email, ct_price, start_date, end_date, is_cash, transport_method, pet_owner, pet_name, bid_status, feedback, rating) VALUES ('Dominic_Koss85@yahoo.com', 8, '2020-11-12T04:57:01.875Z', '2020-11-13T15:27:19.244Z', true, 'delivery', 'Keshawn_Predovic@yahoo.com', 'Vada', 'reviewed', 'Atque perferendis unde dolore eaque ipsa est ea autem dicta. Omnis sint ullam eum illum expedita recusandae.', 5);
INSERT INTO bid (ct_email, ct_price, start_date, end_date, is_cash, transport_method, pet_owner, pet_name, bid_status, feedback, rating) VALUES ('Art.Mante87@hotmail.com', 12, '2020-11-12T04:57:01.875Z', '2020-11-13T15:27:19.244Z', true, 'delivery', 'Kathryn.White@yahoo.com', 'Ebony', 'confirmed', NULL, NULL);
INSERT INTO bid (ct_email, ct_price, start_date, end_date, is_cash, transport_method, pet_owner, pet_name, bid_status, feedback, rating) VALUES ('Dante.Hudson@gmail.com', 5, '2020-11-12T04:57:01.875Z', '2020-11-13T15:27:19.244Z', true, 'delivery', 'Lucious79@hotmail.com', 'Waylon', 'reviewed', 'Et quae sequi. Dolorem consequuntur ea perspiciatis fugit dolores suscipit expedita dolorum.', 3);
INSERT INTO bid (ct_email, ct_price, start_date, end_date, is_cash, transport_method, pet_owner, pet_name, bid_status, feedback, rating) VALUES ('Ludwig_Hessel@yahoo.com', 11, '2020-11-12T04:57:01.875Z', '2020-11-13T15:27:19.244Z', true, 'pcs', 'Turner.Shields76@yahoo.com', 'Ted', 'confirmed', NULL, NULL);
INSERT INTO bid (ct_email, ct_price, start_date, end_date, is_cash, transport_method, pet_owner, pet_name, bid_status, feedback, rating) VALUES ('Ford52@gmail.com', 7, '2020-11-12T04:57:01.875Z', '2020-11-13T15:27:19.244Z', true, 'pcs', 'Natalia_Stoltenberg3@hotmail.com', 'Luther', 'confirmed', NULL, NULL);
INSERT INTO bid (ct_email, ct_price, start_date, end_date, is_cash, transport_method, pet_owner, pet_name, bid_status, feedback, rating) VALUES ('Kadin30@yahoo.com', 4, '2020-11-12T04:57:01.875Z', '2020-11-13T15:27:19.244Z', true, 'pickup', 'Giovanni.Howe49@gmail.com', 'Lottie', 'reviewed', 'Nulla nulla quaerat omnis id ut. Quo sed non impedit ut dignissimos voluptas.', 3);
INSERT INTO bid (ct_email, ct_price, start_date, end_date, is_cash, transport_method, pet_owner, pet_name, bid_status, feedback, rating) VALUES ('Herta20@hotmail.com', 3, '2020-11-12T04:57:01.875Z', '2020-11-13T15:27:19.244Z', true, 'delivery', 'Royce84@gmail.com', 'Reba', 'confirmed', NULL, NULL);
INSERT INTO bid (ct_email, ct_price, start_date, end_date, is_cash, transport_method, pet_owner, pet_name, bid_status, feedback, rating) VALUES ('Carlie_Erdman@hotmail.com', 3, '2020-11-12T04:57:01.875Z', '2020-11-13T15:27:19.244Z', true, 'pickup', 'Russel25@gmail.com', 'Leonel', 'confirmed', NULL, NULL);
INSERT INTO bid (ct_email, ct_price, start_date, end_date, is_cash, transport_method, pet_owner, pet_name, bid_status, feedback, rating) VALUES ('Effie.Swift73@gmail.com', 12, '2020-11-12T04:57:01.875Z', '2020-11-13T15:27:19.244Z', true, 'pickup', 'Bertha_Will@yahoo.com', 'Keshawn', 'reviewed', 'Omnis ut omnis a. Dolor sequi quia labore.', 5);
INSERT INTO bid (ct_email, ct_price, start_date, end_date, is_cash, transport_method, pet_owner, pet_name, bid_status, feedback, rating) VALUES ('Viviane41@hotmail.com', 10, '2020-11-12T04:57:01.875Z', '2020-11-13T15:27:19.244Z', true, 'delivery', 'Sigurd.Walter@gmail.com', 'Trisha', 'reviewed', 'Ipsam similique eaque dolore amet et illo quam animi. Enim neque consequatur laborum suscipit reprehenderit.', 5);
INSERT INTO bid (ct_email, ct_price, start_date, end_date, is_cash, transport_method, pet_owner, pet_name, bid_status, feedback, rating) VALUES ('Maverick8@gmail.com', 1, '2020-11-12T04:57:01.875Z', '2020-11-13T15:27:19.244Z', true, 'pickup', 'Danial_Conroy@yahoo.com', 'Angeline', 'confirmed', NULL, NULL);
INSERT INTO bid (ct_email, ct_price, start_date, end_date, is_cash, transport_method, pet_owner, pet_name, bid_status, feedback, rating) VALUES ('Julien15@hotmail.com', 2, '2020-11-12T04:57:01.875Z', '2020-11-13T15:27:19.244Z', true, 'pickup', 'Seth.Rau@yahoo.com', 'Haleigh', 'reviewed', 'Quo repudiandae culpa alias excepturi tempora nihil eveniet quia. Accusamus labore cumque a odit beatae quibusdam aperiam consequatur.', 4);
INSERT INTO bid (ct_email, ct_price, start_date, end_date, is_cash, transport_method, pet_owner, pet_name, bid_status, feedback, rating) VALUES ('Percy_Langworth60@hotmail.com', 1, '2020-11-12T04:57:01.875Z', '2020-11-13T15:27:19.244Z', true, 'pcs', 'Silas_Hahn77@hotmail.com', 'Gino', 'reviewed', 'Iste voluptatem exercitationem qui. Eum aspernatur explicabo pariatur recusandae occaecati.', 5);
INSERT INTO bid (ct_email, ct_price, start_date, end_date, is_cash, transport_method, pet_owner, pet_name, bid_status, feedback, rating) VALUES ('Keagan28@gmail.com', 10, '2020-11-12T04:57:01.875Z', '2020-11-13T15:27:19.244Z', true, 'pcs', 'Baron52@yahoo.com', 'Guiseppe', 'confirmed', NULL, NULL);
INSERT INTO bid (ct_email, ct_price, start_date, end_date, is_cash, transport_method, pet_owner, pet_name, bid_status, feedback, rating) VALUES ('Amari58@hotmail.com', 10, '2020-11-12T04:57:01.875Z', '2020-11-13T15:27:19.244Z', true, 'delivery', 'Suzanne.Blick85@yahoo.com', 'Micheal', 'reviewed', 'Qui illum eum dicta eaque amet voluptas consequuntur. Alias et blanditiis numquam eaque.', 3);
INSERT INTO bid (ct_email, ct_price, start_date, end_date, is_cash, transport_method, pet_owner, pet_name, bid_status, feedback, rating) VALUES ('Vesta.Gislason90@yahoo.com', 6, '2020-11-12T04:57:01.875Z', '2020-11-13T15:27:19.244Z', true, 'pickup', 'Leif_Dickinson@hotmail.com', 'Turner', 'confirmed', NULL, NULL);
INSERT INTO bid (ct_email, ct_price, start_date, end_date, is_cash, transport_method, pet_owner, pet_name, bid_status, feedback, rating) VALUES ('Ford_Price@hotmail.com', 1, '2020-11-12T04:57:01.875Z', '2020-11-13T15:27:19.244Z', true, 'pickup', 'Isabella_Funk96@yahoo.com', 'Nora', 'confirmed', NULL, NULL);
INSERT INTO bid (ct_email, ct_price, start_date, end_date, is_cash, transport_method, pet_owner, pet_name, bid_status, feedback, rating) VALUES ('Dylan.Franecki95@gmail.com', 8, '2020-11-12T04:57:01.875Z', '2020-11-13T15:27:19.244Z', true, 'delivery', 'Flavie_Pacocha7@yahoo.com', 'Jules', 'reviewed', 'Molestiae dolores laborum. Aut non vitae et velit.', 4);
INSERT INTO bid (ct_email, ct_price, start_date, end_date, is_cash, transport_method, pet_owner, pet_name, bid_status, feedback, rating) VALUES ('Jovany64@hotmail.com', 14, '2020-11-12T04:57:01.875Z', '2020-11-13T15:27:19.244Z', true, 'pickup', 'Keyon.Kiehn@hotmail.com', 'Makenzie', 'reviewed', 'Atque qui soluta voluptatem odit est dolor sed ut. Dignissimos quod inventore error sit qui.', 4);
INSERT INTO bid (ct_email, ct_price, start_date, end_date, is_cash, transport_method, pet_owner, pet_name, bid_status, feedback, rating) VALUES ('Edd45@gmail.com', 20, '2020-11-12T04:57:01.875Z', '2020-11-13T15:27:19.244Z', true, 'pickup', 'Chadd87@yahoo.com', 'Selmer', 'confirmed', NULL, NULL);
INSERT INTO bid (ct_email, ct_price, start_date, end_date, is_cash, transport_method, pet_owner, pet_name, bid_status, feedback, rating) VALUES ('Cheyanne_Cronin97@gmail.com', 2, '2020-11-12T04:57:01.875Z', '2020-11-13T15:27:19.244Z', true, 'delivery', 'Grayson.Huels@yahoo.com', 'Esther', 'confirmed', NULL, NULL);
INSERT INTO bid (ct_email, ct_price, start_date, end_date, is_cash, transport_method, pet_owner, pet_name, bid_status, feedback, rating) VALUES ('Eldora_Schneider@yahoo.com', 7, '2020-11-12T04:57:01.875Z', '2020-11-13T15:27:19.244Z', true, 'pcs', 'Tyler20@gmail.com', 'Allie', 'confirmed', NULL, NULL);
INSERT INTO bid (ct_email, ct_price, start_date, end_date, is_cash, transport_method, pet_owner, pet_name, bid_status, feedback, rating) VALUES ('Everett_Krajcik@gmail.com', 15, '2020-11-12T04:57:01.875Z', '2020-11-13T15:27:19.244Z', true, 'pcs', 'Ismael_Senger@hotmail.com', 'Maribel', 'reviewed', 'Et sed quo. Qui minus eum voluptatem officia quam.', 3);
INSERT INTO bid (ct_email, ct_price, start_date, end_date, is_cash, transport_method, pet_owner, pet_name, bid_status, feedback, rating) VALUES ('Alex_Runolfsson@gmail.com', 14, '2020-11-12T04:57:01.875Z', '2020-11-13T15:27:19.244Z', true, 'delivery', 'Fanny_Weimann@yahoo.com', 'Jermain', 'reviewed', 'Quos sunt aut fugit. Animi non fugiat inventore quis perferendis et.', 5);
INSERT INTO bid (ct_email, ct_price, start_date, end_date, is_cash, transport_method, pet_owner, pet_name, bid_status, feedback, rating) VALUES ('Ethelyn41@hotmail.com', 9, '2020-11-12T04:57:01.875Z', '2020-11-13T15:27:19.244Z', true, 'delivery', 'Charlotte8@hotmail.com', 'Tristian', 'reviewed', 'Est quia quibusdam. Dolor id voluptatibus aut quasi ipsa.', 4);
INSERT INTO bid (ct_email, ct_price, start_date, end_date, is_cash, transport_method, pet_owner, pet_name, bid_status, feedback, rating) VALUES ('Grayson.Huels@yahoo.com', 17, '2020-11-12T04:57:01.875Z', '2020-11-13T15:27:19.244Z', true, 'delivery', 'Natalia_Pfeffer68@hotmail.com', 'Zena', 'confirmed', NULL, NULL);
INSERT INTO bid (ct_email, ct_price, start_date, end_date, is_cash, transport_method, pet_owner, pet_name, bid_status, feedback, rating) VALUES ('Angela_Heaney@gmail.com', 5, '2020-11-12T04:57:01.875Z', '2020-11-13T15:27:19.244Z', true, 'delivery', 'Immanuel13@gmail.com', 'Merlin', 'reviewed', 'Ullam quibusdam enim accusamus exercitationem quae suscipit consequatur. Dignissimos dolores ad quidem.', 3);
INSERT INTO bid (ct_email, ct_price, start_date, end_date, is_cash, transport_method, pet_owner, pet_name, bid_status, feedback, rating) VALUES ('Wendy67@yahoo.com', 15, '2020-11-12T04:57:01.875Z', '2020-11-13T15:27:19.244Z', true, 'delivery', 'Reynold14@gmail.com', 'Warren', 'reviewed', 'Quo aut deleniti sit culpa quibusdam corrupti nesciunt. Unde accusamus et quisquam odit laudantium.', 4);
INSERT INTO bid (ct_email, ct_price, start_date, end_date, is_cash, transport_method, pet_owner, pet_name, bid_status, feedback, rating) VALUES ('Natalia_Pfeffer68@hotmail.com', 11, '2020-11-12T04:57:01.875Z', '2020-11-13T15:27:19.244Z', true, 'pcs', 'Stephany.Luettgen73@gmail.com', 'Donald', 'reviewed', 'Ipsam quia reiciendis facere neque repellat numquam. Amet voluptate occaecati debitis voluptas pariatur.', 3);
INSERT INTO bid (ct_email, ct_price, start_date, end_date, is_cash, transport_method, pet_owner, pet_name, bid_status, feedback, rating) VALUES ('Meredith_Heidenreich@gmail.com', 6, '2020-11-12T04:57:01.875Z', '2020-11-13T15:27:19.244Z', true, 'pickup', 'Abelardo98@gmail.com', 'Susie', 'reviewed', 'Quo consequuntur corporis eos culpa vel laudantium. Cupiditate pariatur fugit rem tenetur quis.', 3);
INSERT INTO bid (ct_email, ct_price, start_date, end_date, is_cash, transport_method, pet_owner, pet_name, bid_status, feedback, rating) VALUES ('Curtis81@hotmail.com', 5, '2020-11-12T04:57:01.875Z', '2020-11-13T15:27:19.244Z', true, 'pcs', 'Javonte90@yahoo.com', 'Darian', 'confirmed', NULL, NULL);
INSERT INTO bid (ct_email, ct_price, start_date, end_date, is_cash, transport_method, pet_owner, pet_name, bid_status, feedback, rating) VALUES ('Octavia.Block61@yahoo.com', 18, '2020-11-12T04:57:01.875Z', '2020-11-13T15:27:19.244Z', true, 'delivery', 'Krista78@yahoo.com', 'Gregg', 'reviewed', 'Exercitationem voluptatum rem dolores reiciendis iure aspernatur suscipit. Voluptas vel modi facilis eius voluptate nostrum.', 5);
INSERT INTO bid (ct_email, ct_price, start_date, end_date, is_cash, transport_method, pet_owner, pet_name, bid_status, feedback, rating) VALUES ('Viviane_Borer14@hotmail.com', 16, '2020-11-12T04:57:01.875Z', '2020-11-13T15:27:19.244Z', true, 'pickup', 'Carlee.Hansen@gmail.com', 'Frederique', 'confirmed', NULL, NULL);
INSERT INTO bid (ct_email, ct_price, start_date, end_date, is_cash, transport_method, pet_owner, pet_name, bid_status, feedback, rating) VALUES ('Shyann_Roberts@yahoo.com', 6, '2020-11-12T04:57:01.875Z', '2020-11-13T15:27:19.244Z', true, 'delivery', 'Markus.Lang@hotmail.com', 'Gavin', 'confirmed', NULL, NULL);
INSERT INTO bid (ct_email, ct_price, start_date, end_date, is_cash, transport_method, pet_owner, pet_name, bid_status, feedback, rating) VALUES ('Lyric.Feest25@yahoo.com', 14, '2020-11-12T04:57:01.875Z', '2020-11-13T15:27:19.244Z', true, 'pickup', 'Audrey_Davis21@yahoo.com', 'Marjorie', 'reviewed', 'Dolore magni delectus explicabo vero labore et earum sapiente. Et voluptas numquam magnam molestias libero esse voluptas minima autem.', 3);
INSERT INTO bid (ct_email, ct_price, start_date, end_date, is_cash, transport_method, pet_owner, pet_name, bid_status, feedback, rating) VALUES ('Cary79@hotmail.com', 19, '2020-11-12T04:57:01.875Z', '2020-11-13T15:27:19.244Z', true, 'pickup', 'Jovanny43@yahoo.com', 'Archibald', 'confirmed', NULL, NULL);
INSERT INTO bid (ct_email, ct_price, start_date, end_date, is_cash, transport_method, pet_owner, pet_name, bid_status, feedback, rating) VALUES ('Stanton_Rath8@yahoo.com', 11, '2020-11-12T04:57:01.875Z', '2020-11-13T15:27:19.244Z', true, 'delivery', 'Miller_Keebler@yahoo.com', 'Frank', 'confirmed', NULL, NULL);
INSERT INTO bid (ct_email, ct_price, start_date, end_date, is_cash, transport_method, pet_owner, pet_name, bid_status, feedback, rating) VALUES ('Breanna_Swaniawski58@gmail.com', 20, '2020-11-12T04:57:01.875Z', '2020-11-13T15:27:19.244Z', true, 'pickup', 'Bartholome.Schowalter@yahoo.com', 'Tatum', 'reviewed', 'Quia et sunt deleniti. Nobis suscipit aut.', 4);
INSERT INTO bid (ct_email, ct_price, start_date, end_date, is_cash, transport_method, pet_owner, pet_name, bid_status, feedback, rating) VALUES ('Olga.Crist40@gmail.com', 16, '2020-11-12T04:57:01.875Z', '2020-11-13T15:27:19.244Z', true, 'pcs', 'Ludwig_Hessel@yahoo.com', 'Cale', 'reviewed', 'Et est corporis nostrum facilis eos magnam laudantium ipsam maxime. Perferendis maxime autem facere.', 5);
INSERT INTO bid (ct_email, ct_price, start_date, end_date, is_cash, transport_method, pet_owner, pet_name, bid_status, feedback, rating) VALUES ('Antoinette44@hotmail.com', 11, '2020-11-12T04:57:01.875Z', '2020-11-13T15:27:19.244Z', true, 'delivery', 'Nikko_Connelly@gmail.com', 'Marguerite', 'reviewed', 'Magnam sit exercitationem aut architecto non nihil. Beatae ea voluptas autem at.', 5);
INSERT INTO bid (ct_email, ct_price, start_date, end_date, is_cash, transport_method, pet_owner, pet_name, bid_status, feedback, rating) VALUES ('Keith.Wisoky74@gmail.com', 9, '2020-11-12T04:57:01.875Z', '2020-11-13T15:27:19.244Z', true, 'pickup', 'Alexzander31@hotmail.com', 'Electa', 'reviewed', 'Necessitatibus sapiente earum rerum molestiae quasi. Placeat modi dignissimos atque.', 4);
INSERT INTO bid (ct_email, ct_price, start_date, end_date, is_cash, transport_method, pet_owner, pet_name, bid_status, feedback, rating) VALUES ('Juwan_Weimann85@gmail.com', 10, '2020-11-12T04:57:01.875Z', '2020-11-13T15:27:19.244Z', true, 'delivery', 'Garry88@gmail.com', 'Lee', 'confirmed', NULL, NULL);
INSERT INTO bid (ct_email, ct_price, start_date, end_date, is_cash, transport_method, pet_owner, pet_name, bid_status, feedback, rating) VALUES ('Marianne.Predovic99@gmail.com', 3, '2020-11-12T04:57:01.875Z', '2020-11-13T15:27:19.244Z', true, 'delivery', 'Timmy59@hotmail.com', 'Rod', 'reviewed', 'Harum sit ullam aut laudantium exercitationem delectus harum. Molestiae consequatur consequatur.', 3);
INSERT INTO bid (ct_email, ct_price, start_date, end_date, is_cash, transport_method, pet_owner, pet_name, bid_status, feedback, rating) VALUES ('Lilliana_Steuber@hotmail.com', 18, '2020-11-12T04:57:01.875Z', '2020-11-13T15:27:19.244Z', true, 'pcs', 'Ramiro25@gmail.com', 'Verona', 'confirmed', NULL, NULL);
INSERT INTO bid (ct_email, ct_price, start_date, end_date, is_cash, transport_method, pet_owner, pet_name, bid_status, feedback, rating) VALUES ('Kellie69@gmail.com', 13, '2020-11-12T04:57:01.875Z', '2020-11-13T15:27:19.244Z', true, 'pickup', 'Eveline_Shields64@hotmail.com', 'Rashad', 'reviewed', 'Beatae alias molestiae maxime molestias et rem est dolore. Ut rerum qui occaecati nihil necessitatibus dolores molestiae et dolorem.', 3);
INSERT INTO bid (ct_email, ct_price, start_date, end_date, is_cash, transport_method, pet_owner, pet_name, bid_status, feedback, rating) VALUES ('Milford_Rath@yahoo.com', 8, '2020-11-12T04:57:01.875Z', '2020-11-13T15:27:19.244Z', true, 'delivery', 'Maia48@gmail.com', 'Landen', 'confirmed', NULL, NULL);
INSERT INTO bid (ct_email, ct_price, start_date, end_date, is_cash, transport_method, pet_owner, pet_name, bid_status, feedback, rating) VALUES ('Rosalia.Crona@hotmail.com', 0, '2020-11-12T04:57:01.875Z', '2020-11-13T15:27:19.244Z', true, 'pickup', 'Jacques.Cummings@hotmail.com', 'Roxane', 'reviewed', 'Neque eaque praesentium. Est culpa iusto quia omnis explicabo aut exercitationem qui voluptas.', 3);
INSERT INTO bid (ct_email, ct_price, start_date, end_date, is_cash, transport_method, pet_owner, pet_name, bid_status, feedback, rating) VALUES ('German_Frami83@gmail.com', 17, '2020-11-12T04:57:01.875Z', '2020-11-13T15:27:19.244Z', true, 'pickup', 'Otis.Lubowitz47@hotmail.com', 'Ferne', 'confirmed', NULL, NULL);
INSERT INTO bid (ct_email, ct_price, start_date, end_date, is_cash, transport_method, pet_owner, pet_name, bid_status, feedback, rating) VALUES ('Darryl_Ward@hotmail.com', 14, '2020-11-12T04:57:01.875Z', '2020-11-13T15:27:19.244Z', true, 'pcs', 'Jerome.Bauch@yahoo.com', 'Reagan', 'confirmed', NULL, NULL);
INSERT INTO bid (ct_email, ct_price, start_date, end_date, is_cash, transport_method, pet_owner, pet_name, bid_status, feedback, rating) VALUES ('Leola.Kutch@hotmail.com', 3, '2020-11-12T04:57:01.875Z', '2020-11-13T15:27:19.244Z', true, 'pcs', 'Werner_Ward@yahoo.com', 'Jonathon', 'reviewed', 'Dolores laudantium est ab placeat voluptas sit est fuga. Sunt adipisci enim provident voluptatem incidunt.', 5);
INSERT INTO bid (ct_email, ct_price, start_date, end_date, is_cash, transport_method, pet_owner, pet_name, bid_status, feedback, rating) VALUES ('Bennett6@gmail.com', 19, '2020-11-12T04:57:01.875Z', '2020-11-13T15:27:19.244Z', true, 'delivery', 'Tobin67@gmail.com', 'Spencer', 'confirmed', NULL, NULL);
INSERT INTO bid (ct_email, ct_price, start_date, end_date, is_cash, transport_method, pet_owner, pet_name, bid_status, feedback, rating) VALUES ('Dante.King90@yahoo.com', 7, '2020-11-12T04:57:01.875Z', '2020-11-13T15:27:19.244Z', true, 'pcs', 'Halie49@hotmail.com', 'Onie', 'confirmed', NULL, NULL);
INSERT INTO bid (ct_email, ct_price, start_date, end_date, is_cash, transport_method, pet_owner, pet_name, bid_status, feedback, rating) VALUES ('Erwin_Heller@hotmail.com', 2, '2020-11-12T04:57:01.875Z', '2020-11-13T15:27:19.244Z', true, 'pcs', 'Ada18@gmail.com', 'Dakota', 'reviewed', 'Quis est fuga porro rerum ipsum. Commodi facilis vel.', 3);
INSERT INTO bid (ct_email, ct_price, start_date, end_date, is_cash, transport_method, pet_owner, pet_name, bid_status, feedback, rating) VALUES ('Janet.Rosenbaum81@gmail.com', 20, '2020-11-12T04:57:01.875Z', '2020-11-13T15:27:19.244Z', true, 'pcs', 'Audrey.Hills@hotmail.com', 'Ronny', 'reviewed', 'Itaque ut voluptatibus praesentium fugiat. Debitis possimus maxime harum soluta.', 5);
INSERT INTO bid (ct_email, ct_price, start_date, end_date, is_cash, transport_method, pet_owner, pet_name, bid_status, feedback, rating) VALUES ('Tatyana_Kozey32@gmail.com', 4, '2020-11-12T04:57:01.875Z', '2020-11-13T15:27:19.244Z', true, 'pcs', 'Sarina42@gmail.com', 'Raegan', 'reviewed', 'Dolores fugiat minima debitis distinctio. Officia sint ea expedita omnis explicabo voluptatibus possimus minus.', 4);
INSERT INTO bid (ct_email, ct_price, start_date, end_date, is_cash, transport_method, pet_owner, pet_name, bid_status, feedback, rating) VALUES ('Tommie_Klein67@yahoo.com', 5, '2020-11-12T04:57:01.875Z', '2020-11-13T15:27:19.244Z', true, 'delivery', 'Sonny1@yahoo.com', 'Adrian', 'confirmed', NULL, NULL);
INSERT INTO bid (ct_email, ct_price, start_date, end_date, is_cash, transport_method, pet_owner, pet_name, bid_status, feedback, rating) VALUES ('Terrence_Will@gmail.com', 17, '2020-11-12T04:57:01.875Z', '2020-11-13T15:27:19.244Z', true, 'pcs', 'Arianna.Waelchi@gmail.com', 'Wiley', 'confirmed', NULL, NULL);
INSERT INTO bid (ct_email, ct_price, start_date, end_date, is_cash, transport_method, pet_owner, pet_name, bid_status, feedback, rating) VALUES ('Katrina43@hotmail.com', 15, '2020-11-12T04:57:01.875Z', '2020-11-13T15:27:19.244Z', true, 'pcs', 'Maia.Labadie7@hotmail.com', 'Chet', 'confirmed', NULL, NULL);
INSERT INTO bid (ct_email, ct_price, start_date, end_date, is_cash, transport_method, pet_owner, pet_name, bid_status, feedback, rating) VALUES ('Amalia_Miller@yahoo.com', 3, '2020-11-12T04:57:01.875Z', '2020-11-13T15:27:19.244Z', true, 'pcs', 'Jesus.Haag@hotmail.com', 'Marielle', 'reviewed', 'Rerum omnis qui et. Ad id dolorem blanditiis aperiam accusantium.', 5);
INSERT INTO bid (ct_email, ct_price, start_date, end_date, is_cash, transport_method, pet_owner, pet_name, bid_status, feedback, rating) VALUES ('Jovany.Will@gmail.com', 8, '2020-11-12T04:57:01.875Z', '2020-11-13T15:27:19.244Z', true, 'delivery', 'Amara.Hoppe@yahoo.com', 'Efrain', 'reviewed', 'Veniam minus corporis aspernatur voluptatem corrupti vel. Debitis laborum quas.', 4);
INSERT INTO bid (ct_email, ct_price, start_date, end_date, is_cash, transport_method, pet_owner, pet_name, bid_status, feedback, rating) VALUES ('Savannah33@gmail.com', 9, '2020-11-12T04:57:01.875Z', '2020-11-13T15:27:19.244Z', true, 'pickup', 'Vilma.Schneider91@gmail.com', 'Laisha', 'confirmed', NULL, NULL);
INSERT INTO bid (ct_email, ct_price, start_date, end_date, is_cash, transport_method, pet_owner, pet_name, bid_status, feedback, rating) VALUES ('Chadd87@yahoo.com', 5, '2020-11-12T04:57:01.875Z', '2020-11-13T15:27:19.244Z', true, 'pickup', 'Aylin1@yahoo.com', 'Jaquan', 'confirmed', NULL, NULL);
INSERT INTO bid (ct_email, ct_price, start_date, end_date, is_cash, transport_method, pet_owner, pet_name, bid_status, feedback, rating) VALUES ('Reggie.Cormier0@yahoo.com', 8, '2020-11-12T04:57:01.875Z', '2020-11-13T15:27:19.244Z', true, 'pcs', 'Karley.Zulauf@yahoo.com', 'Gisselle', 'reviewed', 'Mollitia qui quisquam ut doloribus. Quis non non aliquid pariatur nulla.', 5);
INSERT INTO bid (ct_email, ct_price, start_date, end_date, is_cash, transport_method, pet_owner, pet_name, bid_status, feedback, rating) VALUES ('Fanny_Weimann@yahoo.com', 1, '2020-11-12T04:57:01.875Z', '2020-11-13T15:27:19.244Z', true, 'pcs', 'Dayna34@hotmail.com', 'Vince', 'confirmed', NULL, NULL);
INSERT INTO bid (ct_email, ct_price, start_date, end_date, is_cash, transport_method, pet_owner, pet_name, bid_status, feedback, rating) VALUES ('Halie49@hotmail.com', 14, '2020-11-12T04:57:01.875Z', '2020-11-13T15:27:19.244Z', true, 'delivery', 'Heloise.Dietrich61@gmail.com', 'Gracie', 'reviewed', 'Modi magni quas quam possimus consequatur hic ut. Quasi dolorum aut illo.', 3);
INSERT INTO bid (ct_email, ct_price, start_date, end_date, is_cash, transport_method, pet_owner, pet_name, bid_status, feedback, rating) VALUES ('Alison_Jaskolski@hotmail.com', 17, '2020-11-12T04:57:01.875Z', '2020-11-13T15:27:19.244Z', true, 'delivery', 'Amari58@hotmail.com', 'Elmo', 'reviewed', 'Veritatis nam cupiditate magnam ullam qui accusamus quia. Quia hic aperiam sed debitis modi deleniti.', 5);
INSERT INTO bid (ct_email, ct_price, start_date, end_date, is_cash, transport_method, pet_owner, pet_name, bid_status, feedback, rating) VALUES ('Bradford31@hotmail.com', 5, '2020-11-12T04:57:01.875Z', '2020-11-13T15:27:19.244Z', true, 'pickup', 'Emmet_Blanda@yahoo.com', 'Cooper', 'reviewed', 'Vel quisquam enim cupiditate ipsam eligendi. Rem eos occaecati omnis officiis nemo sed fugiat amet.', 3);
INSERT INTO bid (ct_email, ct_price, start_date, end_date, is_cash, transport_method, pet_owner, pet_name, bid_status, feedback, rating) VALUES ('Edgar.Armstrong@yahoo.com', 0, '2020-11-12T04:57:01.875Z', '2020-11-13T15:27:19.244Z', true, 'pcs', 'Elbert_Ruecker@hotmail.com', 'Vincenza', 'reviewed', 'Sit odit distinctio qui ut. Rerum architecto quidem voluptatem voluptate alias iusto id.', 5);
INSERT INTO bid (ct_email, ct_price, start_date, end_date, is_cash, transport_method, pet_owner, pet_name, bid_status, feedback, rating) VALUES ('Dario_Bartell97@hotmail.com', 20, '2020-11-12T04:57:01.875Z', '2020-11-13T15:27:19.244Z', true, 'delivery', 'Henderson_Fritsch@hotmail.com', 'Weston', 'reviewed', 'Molestiae at magni. Voluptates id debitis illum rem asperiores nihil velit alias dolores.', 3);
INSERT INTO bid (ct_email, ct_price, start_date, end_date, is_cash, transport_method, pet_owner, pet_name, bid_status, feedback, rating) VALUES ('Thea.Hahn@yahoo.com', 0, '2020-11-12T04:57:01.875Z', '2020-11-13T15:27:19.244Z', true, 'delivery', 'Stephania.Hackett@gmail.com', 'Jared', 'reviewed', 'Quibusdam est temporibus dolorum. Molestiae eum beatae dolore.', 3);
INSERT INTO bid (ct_email, ct_price, start_date, end_date, is_cash, transport_method, pet_owner, pet_name, bid_status, feedback, rating) VALUES ('Carissa.Lehner38@gmail.com', 6, '2020-11-12T04:57:01.875Z', '2020-11-13T15:27:19.244Z', true, 'pcs', 'Bart_Glover@yahoo.com', 'Sigmund', 'confirmed', NULL, NULL);
INSERT INTO bid (ct_email, ct_price, start_date, end_date, is_cash, transport_method, pet_owner, pet_name, bid_status, feedback, rating) VALUES ('Zackary38@gmail.com', 4, '2020-11-12T04:57:01.875Z', '2020-11-13T15:27:19.244Z', true, 'pickup', 'Eliza_Deckow@gmail.com', 'Blair', 'reviewed', 'Quia rem consequatur quaerat veniam illum ipsum provident tenetur voluptas. Quis officia fuga.', 5);
INSERT INTO bid (ct_email, ct_price, start_date, end_date, is_cash, transport_method, pet_owner, pet_name, bid_status, feedback, rating) VALUES ('Kasey32@gmail.com', 1, '2020-11-12T04:57:01.875Z', '2020-11-13T15:27:19.244Z', true, 'pickup', 'Kennith_Hane@gmail.com', 'Forrest', 'reviewed', 'Sequi odio sed recusandae veritatis fuga saepe ut quo error. Quisquam facere accusamus corrupti et cum accusamus sed.', 4);
INSERT INTO bid (ct_email, ct_price, start_date, end_date, is_cash, transport_method, pet_owner, pet_name, bid_status, feedback, rating) VALUES ('Selina_Labadie82@gmail.com', 6, '2020-11-12T04:57:01.875Z', '2020-11-13T15:27:19.244Z', true, 'pcs', 'Arnoldo74@hotmail.com', 'Gillian', 'confirmed', NULL, NULL);
INSERT INTO bid (ct_email, ct_price, start_date, end_date, is_cash, transport_method, pet_owner, pet_name, bid_status, feedback, rating) VALUES ('Jena.Heathcote@yahoo.com', 6, '2020-11-12T04:57:01.875Z', '2020-11-13T15:27:19.244Z', true, 'delivery', 'Kale70@gmail.com', 'Adriana', 'confirmed', NULL, NULL);
INSERT INTO bid (ct_email, ct_price, start_date, end_date, is_cash, transport_method, pet_owner, pet_name, bid_status, feedback, rating) VALUES ('Pearlie_Koch1@yahoo.com', 5, '2020-11-12T04:57:01.875Z', '2020-11-13T15:27:19.244Z', true, 'pickup', 'German_Frami83@gmail.com', 'Seamus', 'reviewed', 'Ipsam fugiat molestiae doloribus inventore. Enim nostrum molestias numquam quia et ut.', 3);
INSERT INTO bid (ct_email, ct_price, start_date, end_date, is_cash, transport_method, pet_owner, pet_name, bid_status, feedback, rating) VALUES ('Emmanuelle_Christiansen20@yahoo.com', 15, '2020-11-12T04:57:01.875Z', '2020-11-13T15:27:19.244Z', true, 'delivery', 'Kendra60@hotmail.com', 'Audrey', 'reviewed', 'Earum quo eveniet. Omnis eos a sed id distinctio excepturi corporis aut non.', 3);
INSERT INTO bid (ct_email, ct_price, start_date, end_date, is_cash, transport_method, pet_owner, pet_name, bid_status, feedback, rating) VALUES ('Shakira.Gusikowski@gmail.com', 11, '2020-11-12T04:57:01.875Z', '2020-11-13T15:27:19.244Z', true, 'pickup', 'Brenna17@gmail.com', 'Laron', 'reviewed', 'Iusto sit autem et consectetur aut beatae officiis. Est qui alias ut sunt.', 5);
INSERT INTO bid (ct_email, ct_price, start_date, end_date, is_cash, transport_method, pet_owner, pet_name, bid_status, feedback, rating) VALUES ('Trever60@hotmail.com', 16, '2020-11-12T04:57:01.875Z', '2020-11-13T15:27:19.244Z', true, 'pcs', 'Cheyanne_Cronin97@gmail.com', 'Bulah', 'confirmed', NULL, NULL);
INSERT INTO bid (ct_email, ct_price, start_date, end_date, is_cash, transport_method, pet_owner, pet_name, bid_status, feedback, rating) VALUES ('Meta_Thompson@hotmail.com', 9, '2020-11-12T04:57:01.875Z', '2020-11-13T15:27:19.244Z', true, 'delivery', 'Emmanuelle68@gmail.com', 'Gust', 'confirmed', NULL, NULL);
INSERT INTO bid (ct_email, ct_price, start_date, end_date, is_cash, transport_method, pet_owner, pet_name, bid_status, feedback, rating) VALUES ('Royce84@gmail.com', 13, '2020-11-12T04:57:01.875Z', '2020-11-13T15:27:19.244Z', true, 'pcs', 'Durward.Johnston99@gmail.com', 'Roosevelt', 'reviewed', 'Libero enim et voluptatibus quia perspiciatis aut ut tenetur sequi. Aliquid rerum voluptates debitis inventore facilis.', 4);
INSERT INTO bid (ct_email, ct_price, start_date, end_date, is_cash, transport_method, pet_owner, pet_name, bid_status, feedback, rating) VALUES ('Lee89@hotmail.com', 11, '2020-11-12T04:57:01.875Z', '2020-11-13T15:27:19.244Z', true, 'delivery', 'Kirsten_Trantow23@gmail.com', 'Wilfred', 'confirmed', NULL, NULL);
INSERT INTO bid (ct_email, ct_price, start_date, end_date, is_cash, transport_method, pet_owner, pet_name, bid_status, feedback, rating) VALUES ('Nakia_Schamberger38@gmail.com', 0, '2020-11-12T04:57:01.875Z', '2020-11-13T15:27:19.244Z', true, 'pcs', 'Fernando.Altenwerth18@yahoo.com', 'Saul', 'confirmed', NULL, NULL);
INSERT INTO bid (ct_email, ct_price, start_date, end_date, is_cash, transport_method, pet_owner, pet_name, bid_status, feedback, rating) VALUES ('Tristian_Heller31@yahoo.com', 8, '2020-11-12T04:57:01.875Z', '2020-11-13T15:27:19.244Z', true, 'pcs', 'Vesta.Gislason90@yahoo.com', 'Bradley', 'reviewed', 'Dolores nisi perferendis neque. Minus numquam animi aut quia aut delectus maiores quam eos.', 3);
INSERT INTO bid (ct_email, ct_price, start_date, end_date, is_cash, transport_method, pet_owner, pet_name, bid_status, feedback, rating) VALUES ('Helene.Abshire36@hotmail.com', 4, '2020-11-12T04:57:01.875Z', '2020-11-13T15:27:19.244Z', true, 'pcs', 'Angie_Stanton@gmail.com', 'Laury', 'reviewed', 'Omnis quis non pariatur est veniam consequatur ut modi tenetur. Maiores mollitia deserunt.', 5);
INSERT INTO bid (ct_email, ct_price, start_date, end_date, is_cash, transport_method, pet_owner, pet_name, bid_status, feedback, rating) VALUES ('Lincoln_Murphy66@gmail.com', 1, '2020-11-12T04:57:01.875Z', '2020-11-13T15:27:19.244Z', true, 'delivery', 'Webster.Nitzsche50@gmail.com', 'Lester', 'confirmed', NULL, NULL);
INSERT INTO bid (ct_email, ct_price, start_date, end_date, is_cash, transport_method, pet_owner, pet_name, bid_status, feedback, rating) VALUES ('Hilbert_Casper80@yahoo.com', 10, '2020-11-12T04:57:01.875Z', '2020-11-13T15:27:19.244Z', true, 'pcs', 'Leta_Crona@yahoo.com', 'Jeanne', 'reviewed', 'Non ea est corporis corporis laudantium modi qui omnis. Vel placeat deserunt vel pariatur quidem est ea.', 4);
INSERT INTO bid (ct_email, ct_price, start_date, end_date, is_cash, transport_method, pet_owner, pet_name, bid_status, feedback, rating) VALUES ('Angeline.Wiza46@hotmail.com', 0, '2020-11-12T04:57:01.875Z', '2020-11-13T15:27:19.244Z', true, 'delivery', 'Vicente63@gmail.com', 'Alejandra', 'confirmed', NULL, NULL);
INSERT INTO bid (ct_email, ct_price, start_date, end_date, is_cash, transport_method, pet_owner, pet_name, bid_status, feedback, rating) VALUES ('Kayleigh.Hane88@yahoo.com', 13, '2020-11-12T04:57:01.875Z', '2020-11-13T15:27:19.244Z', true, 'pickup', 'Susie.Fritsch@yahoo.com', 'Katlynn', 'confirmed', NULL, NULL);
INSERT INTO bid (ct_email, ct_price, start_date, end_date, is_cash, transport_method, pet_owner, pet_name, bid_status, feedback, rating) VALUES ('Toby.Rowe@yahoo.com', 17, '2020-11-12T04:57:01.875Z', '2020-11-13T15:27:19.244Z', true, 'delivery', 'Lucio76@gmail.com', 'Gay', 'reviewed', 'Est omnis vel totam sunt ea dolor blanditiis doloremque. Harum esse nostrum modi repellendus.', 4);
INSERT INTO bid (ct_email, ct_price, start_date, end_date, is_cash, transport_method, pet_owner, pet_name, bid_status, feedback, rating) VALUES ('Leta_Crona@yahoo.com', 20, '2020-11-12T04:57:01.875Z', '2020-11-13T15:27:19.244Z', true, 'pcs', 'Mable_Daugherty99@hotmail.com', 'Deshawn', 'reviewed', 'Voluptas quae et. Id magni ut neque sint autem placeat.', 3);
INSERT INTO bid (ct_email, ct_price, start_date, end_date, is_cash, transport_method, pet_owner, pet_name, bid_status, feedback, rating) VALUES ('Dangelo_Dietrich3@hotmail.com', 14, '2020-11-12T04:57:01.875Z', '2020-11-13T15:27:19.244Z', true, 'delivery', 'Devon_Carter@hotmail.com', 'Oceane', 'confirmed', NULL, NULL);
INSERT INTO bid (ct_email, ct_price, start_date, end_date, is_cash, transport_method, pet_owner, pet_name, bid_status, feedback, rating) VALUES ('Wilfredo_White42@hotmail.com', 17, '2020-11-12T04:57:01.875Z', '2020-11-13T15:27:19.244Z', true, 'pickup', 'Angelica.Schinner@hotmail.com', 'Hollis', 'confirmed', NULL, NULL);
INSERT INTO bid (ct_email, ct_price, start_date, end_date, is_cash, transport_method, pet_owner, pet_name, bid_status, feedback, rating) VALUES ('Joannie_Schamberger@yahoo.com', 5, '2020-11-12T04:57:01.875Z', '2020-11-13T15:27:19.244Z', true, 'pickup', 'Jalen.Kunde45@hotmail.com', 'Gudrun', 'reviewed', 'Explicabo non modi repellat ratione ut quia. Voluptas aut iste assumenda saepe omnis est delectus.', 3);
INSERT INTO bid (ct_email, ct_price, start_date, end_date, is_cash, transport_method, pet_owner, pet_name, bid_status, feedback, rating) VALUES ('Dasia98@hotmail.com', 4, '2020-11-12T04:57:01.875Z', '2020-11-13T15:27:19.244Z', true, 'pcs', 'Tracey4@hotmail.com', 'Dianna', 'confirmed', NULL, NULL);
INSERT INTO bid (ct_email, ct_price, start_date, end_date, is_cash, transport_method, pet_owner, pet_name, bid_status, feedback, rating) VALUES ('Sheridan81@yahoo.com', 3, '2020-11-12T04:57:01.875Z', '2020-11-13T15:27:19.244Z', true, 'delivery', 'Sandy.Tremblay63@yahoo.com', 'Forrest', 'reviewed', 'Vel et alias iure. Quia est veniam placeat delectus ea eaque quisquam.', 5);
INSERT INTO bid (ct_email, ct_price, start_date, end_date, is_cash, transport_method, pet_owner, pet_name, bid_status, feedback, rating) VALUES ('Domenick.Lesch54@yahoo.com', 6, '2020-11-12T04:57:01.875Z', '2020-11-13T15:27:19.244Z', true, 'pickup', 'Harmony27@gmail.com', 'Sydnie', 'reviewed', 'Ut molestiae sunt ad vel quia sed. Soluta dolorem alias.', 4);
INSERT INTO bid (ct_email, ct_price, start_date, end_date, is_cash, transport_method, pet_owner, pet_name, bid_status, feedback, rating) VALUES ('Chaim.Dach78@gmail.com', 3, '2020-11-12T04:57:01.875Z', '2020-11-13T15:27:19.244Z', true, 'pcs', 'Kyler.Mertz43@hotmail.com', 'Sarah', 'reviewed', 'Libero voluptas cum et. Praesentium quo suscipit cupiditate et laborum totam qui.', 3);
INSERT INTO bid (ct_email, ct_price, start_date, end_date, is_cash, transport_method, pet_owner, pet_name, bid_status, feedback, rating) VALUES ('Cameron.Nader@hotmail.com', 12, '2020-11-12T04:57:01.875Z', '2020-11-13T15:27:19.244Z', true, 'pickup', 'Helene.Abshire36@hotmail.com', 'Thea', 'confirmed', NULL, NULL);
INSERT INTO bid (ct_email, ct_price, start_date, end_date, is_cash, transport_method, pet_owner, pet_name, bid_status, feedback, rating) VALUES ('Stephany.Luettgen73@gmail.com', 6, '2020-11-12T04:57:01.875Z', '2020-11-13T15:27:19.244Z', true, 'pcs', 'Kobe30@gmail.com', 'Malika', 'confirmed', NULL, NULL);
INSERT INTO bid (ct_email, ct_price, start_date, end_date, is_cash, transport_method, pet_owner, pet_name, bid_status, feedback, rating) VALUES ('Luther_Goodwin38@yahoo.com', 12, '2020-11-12T04:57:01.875Z', '2020-11-13T15:27:19.244Z', true, 'pcs', 'Elwyn.Hoeger89@gmail.com', 'Tyrell', 'confirmed', NULL, NULL);
INSERT INTO bid (ct_email, ct_price, start_date, end_date, is_cash, transport_method, pet_owner, pet_name, bid_status, feedback, rating) VALUES ('Silas_Hahn77@hotmail.com', 14, '2020-11-12T04:57:01.875Z', '2020-11-13T15:27:19.244Z', true, 'pcs', 'Marianne.Predovic99@gmail.com', 'Kathleen', 'confirmed', NULL, NULL);
INSERT INTO bid (ct_email, ct_price, start_date, end_date, is_cash, transport_method, pet_owner, pet_name, bid_status, feedback, rating) VALUES ('Noah.Marvin35@yahoo.com', 17, '2020-11-12T04:57:01.875Z', '2020-11-13T15:27:19.244Z', true, 'pickup', 'Haskell.Ratke@yahoo.com', 'Cecil', 'confirmed', NULL, NULL);
INSERT INTO bid (ct_email, ct_price, start_date, end_date, is_cash, transport_method, pet_owner, pet_name, bid_status, feedback, rating) VALUES ('Natalia_Stoltenberg3@hotmail.com', 9, '2020-11-12T04:57:01.875Z', '2020-11-13T15:27:19.244Z', true, 'pickup', 'Kirstin45@yahoo.com', 'Margarete', 'reviewed', 'Suscipit non sed. Laborum inventore autem dignissimos.', 3);
INSERT INTO bid (ct_email, ct_price, start_date, end_date, is_cash, transport_method, pet_owner, pet_name, bid_status, feedback, rating) VALUES ('Ona.Schroeder@gmail.com', 10, '2020-11-12T04:57:01.875Z', '2020-11-13T15:27:19.244Z', true, 'pickup', 'Everett_Krajcik@gmail.com', 'Lora', 'reviewed', 'Cum quia magnam doloribus porro asperiores. Qui porro vero rerum sed totam ullam.', 5);
INSERT INTO bid (ct_email, ct_price, start_date, end_date, is_cash, transport_method, pet_owner, pet_name, bid_status, feedback, rating) VALUES ('Josefa.Turcotte34@yahoo.com', 10, '2020-11-12T04:57:01.875Z', '2020-11-13T15:27:19.244Z', true, 'delivery', 'Charles.Mueller@gmail.com', 'Flavio', 'reviewed', 'Expedita ea eius distinctio reiciendis aliquam voluptatem ut. Minima modi amet rem ullam labore ut et.', 5);
INSERT INTO bid (ct_email, ct_price, start_date, end_date, is_cash, transport_method, pet_owner, pet_name, bid_status, feedback, rating) VALUES ('Randal_Bednar19@yahoo.com', 13, '2020-11-12T04:57:01.875Z', '2020-11-13T15:27:19.244Z', true, 'pcs', 'Domenica.Mueller73@hotmail.com', 'Brent', 'reviewed', 'Quam nostrum quod fugit ex sit molestias qui sint. Adipisci quaerat rerum ut vero.', 5);
INSERT INTO bid (ct_email, ct_price, start_date, end_date, is_cash, transport_method, pet_owner, pet_name, bid_status, feedback, rating) VALUES ('Enola.Halvorson@gmail.com', 2, '2020-11-12T04:57:01.875Z', '2020-11-13T15:27:19.244Z', true, 'pickup', 'Garry_McGlynn16@gmail.com', 'Filiberto', 'confirmed', NULL, NULL);
INSERT INTO bid (ct_email, ct_price, start_date, end_date, is_cash, transport_method, pet_owner, pet_name, bid_status, feedback, rating) VALUES ('Christine.Schumm@hotmail.com', 3, '2020-11-12T04:57:01.875Z', '2020-11-13T15:27:19.244Z', true, 'delivery', 'Vernice.Bogan31@yahoo.com', 'Noemie', 'confirmed', NULL, NULL);
INSERT INTO bid (ct_email, ct_price, start_date, end_date, is_cash, transport_method, pet_owner, pet_name, bid_status, feedback, rating) VALUES ('Easter.Blanda@yahoo.com', 12, '2020-11-12T04:57:01.875Z', '2020-11-13T15:27:19.244Z', true, 'pcs', 'Amalia_Miller@yahoo.com', 'Kallie', 'confirmed', NULL, NULL);
INSERT INTO bid (ct_email, ct_price, start_date, end_date, is_cash, transport_method, pet_owner, pet_name, bid_status, feedback, rating) VALUES ('Earline38@yahoo.com', 0, '2020-11-12T04:57:01.875Z', '2020-11-13T15:27:19.244Z', true, 'pickup', 'Cayla_Reilly@gmail.com', 'Jonas', 'reviewed', 'Et modi sint dicta rerum deleniti. Autem vel consequatur sit vel deserunt ratione voluptas pariatur.', 5);
INSERT INTO bid (ct_email, ct_price, start_date, end_date, is_cash, transport_method, pet_owner, pet_name, bid_status, feedback, rating) VALUES ('Chesley.Brekke@yahoo.com', 17, '2020-11-12T04:57:01.875Z', '2020-11-13T15:27:19.244Z', true, 'pickup', 'Citlalli.Haag76@gmail.com', 'Felicita', 'reviewed', 'Molestiae beatae officia fugiat adipisci ut pariatur vitae voluptas. Possimus tempore consequatur nihil.', 4);
INSERT INTO bid (ct_email, ct_price, start_date, end_date, is_cash, transport_method, pet_owner, pet_name, bid_status, feedback, rating) VALUES ('Jany84@yahoo.com', 9, '2020-11-12T04:57:01.875Z', '2020-11-13T15:27:19.244Z', true, 'pcs', 'Freddy.Kunze@yahoo.com', 'Orval', 'reviewed', 'Autem officia recusandae impedit animi nihil ut aut sed. Provident ut accusamus molestiae quia blanditiis.', 3);
INSERT INTO bid (ct_email, ct_price, start_date, end_date, is_cash, transport_method, pet_owner, pet_name, bid_status, feedback, rating) VALUES ('Willie_Kassulke@gmail.com', 13, '2020-11-12T04:57:01.875Z', '2020-11-13T15:27:19.244Z', true, 'pickup', 'Alvera.Weissnat@hotmail.com', 'Karen', 'reviewed', 'Illo sit laudantium. Perspiciatis assumenda iste aliquid repudiandae at hic nostrum expedita.', 4);
INSERT INTO bid (ct_email, ct_price, start_date, end_date, is_cash, transport_method, pet_owner, pet_name, bid_status, feedback, rating) VALUES ('Gracie_Moore13@gmail.com', 3, '2020-11-12T04:57:01.875Z', '2020-11-13T15:27:19.244Z', true, 'pickup', 'Lucile.Dickinson@gmail.com', 'Eleazar', 'confirmed', NULL, NULL);
INSERT INTO bid (ct_email, ct_price, start_date, end_date, is_cash, transport_method, pet_owner, pet_name, bid_status, feedback, rating) VALUES ('Ezekiel64@hotmail.com', 16, '2020-11-12T04:57:01.875Z', '2020-11-13T15:27:19.244Z', true, 'pickup', 'Jasen56@hotmail.com', 'Tomas', 'confirmed', NULL, NULL);
INSERT INTO bid (ct_email, ct_price, start_date, end_date, is_cash, transport_method, pet_owner, pet_name, bid_status, feedback, rating) VALUES ('Paula.Price@yahoo.com', 11, '2020-11-12T04:57:01.875Z', '2020-11-13T15:27:19.244Z', true, 'pcs', 'Katrina43@hotmail.com', 'Christian', 'reviewed', 'Est placeat iste voluptatem ut velit. Accusamus dignissimos quam similique inventore minus.', 5);
INSERT INTO bid (ct_email, ct_price, start_date, end_date, is_cash, transport_method, pet_owner, pet_name, bid_status, feedback, rating) VALUES ('Warren.Anderson77@hotmail.com', 5, '2020-11-12T04:57:01.875Z', '2020-11-13T15:27:19.244Z', true, 'pcs', 'Margarita.Hermiston@yahoo.com', 'Sophie', 'confirmed', NULL, NULL);
INSERT INTO bid (ct_email, ct_price, start_date, end_date, is_cash, transport_method, pet_owner, pet_name, bid_status, feedback, rating) VALUES ('Damon.Kulas@yahoo.com', 9, '2020-11-12T04:57:01.875Z', '2020-11-13T15:27:19.244Z', true, 'pcs', 'Alejandra_Medhurst@gmail.com', 'Misty', 'confirmed', NULL, NULL);
INSERT INTO bid (ct_email, ct_price, start_date, end_date, is_cash, transport_method, pet_owner, pet_name, bid_status, feedback, rating) VALUES ('Aglae_Windler@gmail.com', 17, '2020-11-12T04:57:01.875Z', '2020-11-13T15:27:19.244Z', true, 'pickup', 'Jamaal.Jacobs38@hotmail.com', 'Glennie', 'confirmed', NULL, NULL);
INSERT INTO bid (ct_email, ct_price, start_date, end_date, is_cash, transport_method, pet_owner, pet_name, bid_status, feedback, rating) VALUES ('Leif_Gerhold64@yahoo.com', 12, '2020-11-12T04:57:01.875Z', '2020-11-13T15:27:19.244Z', true, 'delivery', 'Jackson.Kirlin15@gmail.com', 'Thad', 'confirmed', NULL, NULL);
INSERT INTO bid (ct_email, ct_price, start_date, end_date, is_cash, transport_method, pet_owner, pet_name, bid_status, feedback, rating) VALUES ('Heath_Fahey62@gmail.com', 0, '2020-11-12T04:57:01.875Z', '2020-11-13T15:27:19.244Z', true, 'pickup', 'Adelle.Labadie@hotmail.com', 'Shaina', 'reviewed', 'Qui repudiandae molestiae vitae commodi ab ipsum. Necessitatibus et dolore magnam ipsa tempora sequi alias qui nemo.', 4);
INSERT INTO bid (ct_email, ct_price, start_date, end_date, is_cash, transport_method, pet_owner, pet_name, bid_status, feedback, rating) VALUES ('Zoey87@yahoo.com', 1, '2020-11-12T04:57:01.875Z', '2020-11-13T15:27:19.244Z', true, 'delivery', 'Adriana28@gmail.com', 'Brayan', 'confirmed', NULL, NULL);
INSERT INTO bid (ct_email, ct_price, start_date, end_date, is_cash, transport_method, pet_owner, pet_name, bid_status, feedback, rating) VALUES ('Kennith_Hane@gmail.com', 5, '2020-11-12T04:57:01.875Z', '2020-11-13T15:27:19.244Z', true, 'pickup', 'Joana4@hotmail.com', 'Alysa', 'confirmed', NULL, NULL);
INSERT INTO bid (ct_email, ct_price, start_date, end_date, is_cash, transport_method, pet_owner, pet_name, bid_status, feedback, rating) VALUES ('Chet.Kulas@gmail.com', 2, '2020-11-12T04:57:01.875Z', '2020-11-13T15:27:19.244Z', true, 'pcs', 'Antonia.Gleason20@yahoo.com', 'Paolo', 'confirmed', NULL, NULL);
INSERT INTO bid (ct_email, ct_price, start_date, end_date, is_cash, transport_method, pet_owner, pet_name, bid_status, feedback, rating) VALUES ('Stanton.Smitham69@yahoo.com', 5, '2020-11-12T04:57:01.875Z', '2020-11-13T15:27:19.244Z', true, 'delivery', 'Jovany64@hotmail.com', 'Alize', 'reviewed', 'Vitae minima voluptates quo necessitatibus consequuntur nobis quis. Qui adipisci laudantium eligendi accusantium maiores omnis omnis excepturi saepe.', 3);
INSERT INTO bid (ct_email, ct_price, start_date, end_date, is_cash, transport_method, pet_owner, pet_name, bid_status, feedback, rating) VALUES ('Markus.Lang@hotmail.com', 9, '2020-11-12T04:57:01.875Z', '2020-11-13T15:27:19.244Z', true, 'delivery', 'Charity.Wolf32@gmail.com', 'Octavia', 'confirmed', NULL, NULL);
INSERT INTO bid (ct_email, ct_price, start_date, end_date, is_cash, transport_method, pet_owner, pet_name, bid_status, feedback, rating) VALUES ('Vincent_Deckow88@gmail.com', 12, '2020-11-12T04:57:01.875Z', '2020-11-13T15:27:19.244Z', true, 'delivery', 'Bradford_Ondricka33@yahoo.com', 'Kaela', 'reviewed', 'Architecto corporis omnis qui error praesentium dolorem autem earum nesciunt. Maiores quia libero voluptatum perferendis laborum expedita quis.', 3);
INSERT INTO bid (ct_email, ct_price, start_date, end_date, is_cash, transport_method, pet_owner, pet_name, bid_status, feedback, rating) VALUES ('Shawn_Lehner@yahoo.com', 4, '2020-11-12T04:57:01.875Z', '2020-11-13T15:27:19.244Z', true, 'pickup', 'Francis.Tillman92@yahoo.com', 'Ford', 'confirmed', NULL, NULL);
INSERT INTO bid (ct_email, ct_price, start_date, end_date, is_cash, transport_method, pet_owner, pet_name, bid_status, feedback, rating) VALUES ('Clark.Terry57@gmail.com', 18, '2020-11-12T04:57:01.875Z', '2020-11-13T15:27:19.244Z', true, 'delivery', 'Angelita_Herman70@hotmail.com', 'Aileen', 'reviewed', 'Voluptas dolore fugit molestiae et. Et et illo quia corrupti vel alias ducimus unde.', 5);
INSERT INTO bid (ct_email, ct_price, start_date, end_date, is_cash, transport_method, pet_owner, pet_name, bid_status, feedback, rating) VALUES ('Marietta_Barton64@hotmail.com', 19, '2020-11-12T04:57:01.875Z', '2020-11-13T15:27:19.244Z', true, 'delivery', 'Kailey86@yahoo.com', 'Golda', 'reviewed', 'Ipsum occaecati possimus perferendis molestiae laudantium impedit rem. Ea eos dolorem rem ut eius fugit aut.', 3);
INSERT INTO bid (ct_email, ct_price, start_date, end_date, is_cash, transport_method, pet_owner, pet_name, bid_status, feedback, rating) VALUES ('Jose69@hotmail.com', 17, '2020-11-12T04:57:01.875Z', '2020-11-13T15:27:19.244Z', true, 'delivery', 'Edgar_Lesch@yahoo.com', 'Darrin', 'confirmed', NULL, NULL);
INSERT INTO bid (ct_email, ct_price, start_date, end_date, is_cash, transport_method, pet_owner, pet_name, bid_status, feedback, rating) VALUES ('Corene27@hotmail.com', 4, '2020-11-12T04:57:01.875Z', '2020-11-13T15:27:19.244Z', true, 'delivery', 'Megane_Schoen24@yahoo.com', 'Blaise', 'reviewed', 'Inventore dolores reiciendis voluptatem quaerat est culpa id vero itaque. Impedit ut corrupti eius.', 4);
INSERT INTO bid (ct_email, ct_price, start_date, end_date, is_cash, transport_method, pet_owner, pet_name, bid_status, feedback, rating) VALUES ('Ramiro86@gmail.com', 9, '2020-11-12T04:57:01.875Z', '2020-11-13T15:27:19.244Z', true, 'pickup', 'Werner7@hotmail.com', 'Jalen', 'confirmed', NULL, NULL);
INSERT INTO bid (ct_email, ct_price, start_date, end_date, is_cash, transport_method, pet_owner, pet_name, bid_status, feedback, rating) VALUES ('Andreanne_Jacobson@hotmail.com', 8, '2020-11-12T04:57:01.875Z', '2020-11-13T15:27:19.244Z', true, 'delivery', 'Antonio.Ortiz@hotmail.com', 'Uriah', 'confirmed', NULL, NULL);
INSERT INTO bid (ct_email, ct_price, start_date, end_date, is_cash, transport_method, pet_owner, pet_name, bid_status, feedback, rating) VALUES ('Clare_McLaughlin72@hotmail.com', 19, '2020-11-12T04:57:01.875Z', '2020-11-13T15:27:19.244Z', true, 'pickup', 'Yvonne5@hotmail.com', 'Elna', 'confirmed', NULL, NULL);
INSERT INTO bid (ct_email, ct_price, start_date, end_date, is_cash, transport_method, pet_owner, pet_name, bid_status, feedback, rating) VALUES ('Claudie_Hyatt46@gmail.com', 6, '2020-11-12T04:57:01.875Z', '2020-11-13T15:27:19.244Z', true, 'pickup', 'Noah.Marvin35@yahoo.com', 'Tabitha', 'confirmed', NULL, NULL);
INSERT INTO bid (ct_email, ct_price, start_date, end_date, is_cash, transport_method, pet_owner, pet_name, bid_status, feedback, rating) VALUES ('Suzanne.Blick85@yahoo.com', 8, '2020-11-12T04:57:01.875Z', '2020-11-13T15:27:19.244Z', true, 'delivery', 'Cicero.Ondricka@gmail.com', 'Lonie', 'confirmed', NULL, NULL);
INSERT INTO bid (ct_email, ct_price, start_date, end_date, is_cash, transport_method, pet_owner, pet_name, bid_status, feedback, rating) VALUES ('Guido.DuBuque@yahoo.com', 8, '2020-11-12T04:57:01.875Z', '2020-11-13T15:27:19.244Z', true, 'pcs', 'Ardella_Klocko97@yahoo.com', 'Dianna', 'confirmed', NULL, NULL);
INSERT INTO bid (ct_email, ct_price, start_date, end_date, is_cash, transport_method, pet_owner, pet_name, bid_status, feedback, rating) VALUES ('Nikko_Connelly@gmail.com', 13, '2020-11-12T04:57:01.875Z', '2020-11-13T15:27:19.244Z', true, 'pickup', 'Dorthy10@gmail.com', 'Kim', 'reviewed', 'Provident officia necessitatibus quis dolore molestias voluptatem. Minima voluptatem enim nihil.', 5);
INSERT INTO bid (ct_email, ct_price, start_date, end_date, is_cash, transport_method, pet_owner, pet_name, bid_status, feedback, rating) VALUES ('Napoleon_Raynor@hotmail.com', 18, '2020-11-12T04:57:01.875Z', '2020-11-13T15:27:19.244Z', true, 'delivery', 'Toy.Gleason@hotmail.com', 'Zetta', 'confirmed', NULL, NULL);
INSERT INTO bid (ct_email, ct_price, start_date, end_date, is_cash, transport_method, pet_owner, pet_name, bid_status, feedback, rating) VALUES ('Jedidiah.Collins98@yahoo.com', 0, '2020-11-12T04:57:01.875Z', '2020-11-13T15:27:19.244Z', true, 'pcs', 'Corbin_Predovic1@yahoo.com', 'Kyle', 'reviewed', 'Numquam sint impedit explicabo omnis veritatis vero. Laudantium dolores a aut sit aut vel.', 4);
INSERT INTO bid (ct_email, ct_price, start_date, end_date, is_cash, transport_method, pet_owner, pet_name, bid_status, feedback, rating) VALUES ('Clarabelle.DuBuque66@yahoo.com', 14, '2020-11-12T04:57:01.875Z', '2020-11-13T15:27:19.244Z', true, 'pcs', 'Katlynn96@hotmail.com', 'Jennyfer', 'confirmed', NULL, NULL);
INSERT INTO bid (ct_email, ct_price, start_date, end_date, is_cash, transport_method, pet_owner, pet_name, bid_status, feedback, rating) VALUES ('Paris.Pagac@yahoo.com', 8, '2020-11-12T04:57:01.875Z', '2020-11-13T15:27:19.244Z', true, 'pickup', 'Quinten.OHara78@yahoo.com', 'Clara', 'confirmed', NULL, NULL);
INSERT INTO bid (ct_email, ct_price, start_date, end_date, is_cash, transport_method, pet_owner, pet_name, bid_status, feedback, rating) VALUES ('Millie.Keebler63@gmail.com', 1, '2020-11-12T04:57:01.875Z', '2020-11-13T15:27:19.244Z', true, 'pickup', 'Jacynthe_Shields48@yahoo.com', 'Bridget', 'reviewed', 'Omnis delectus iure ullam suscipit. Eius unde tempore maxime facere illum fugiat error.', 5);
INSERT INTO bid (ct_email, ct_price, start_date, end_date, is_cash, transport_method, pet_owner, pet_name, bid_status, feedback, rating) VALUES ('Adrain87@gmail.com', 16, '2020-11-12T04:57:01.875Z', '2020-11-13T15:27:19.244Z', true, 'pcs', 'Joana_Bednar@gmail.com', 'Heaven', 'confirmed', NULL, NULL);
INSERT INTO bid (ct_email, ct_price, start_date, end_date, is_cash, transport_method, pet_owner, pet_name, bid_status, feedback, rating) VALUES ('Stephania.Hackett@gmail.com', 16, '2020-11-12T04:57:01.875Z', '2020-11-13T15:27:19.244Z', true, 'delivery', 'Kadin.Schuppe@hotmail.com', 'Niko', 'reviewed', 'Tempore ea eius sed atque voluptatibus. Est quas omnis dignissimos fuga soluta qui impedit ut.', 3);
INSERT INTO bid (ct_email, ct_price, start_date, end_date, is_cash, transport_method, pet_owner, pet_name, bid_status, feedback, rating) VALUES ('Mariam.Herman@gmail.com', 19, '2020-11-12T04:57:01.875Z', '2020-11-13T15:27:19.244Z', true, 'pickup', 'Isom22@yahoo.com', 'Kendra', 'confirmed', NULL, NULL);
INSERT INTO bid (ct_email, ct_price, start_date, end_date, is_cash, transport_method, pet_owner, pet_name, bid_status, feedback, rating) VALUES ('Kailey72@yahoo.com', 13, '2020-11-12T04:57:01.875Z', '2020-11-13T15:27:19.244Z', true, 'delivery', 'Josie.Bailey@gmail.com', 'Justine', 'reviewed', 'Temporibus nulla qui sequi maxime sint soluta. Occaecati dolore fugiat omnis velit adipisci voluptatem.', 5);
INSERT INTO bid (ct_email, ct_price, start_date, end_date, is_cash, transport_method, pet_owner, pet_name, bid_status, feedback, rating) VALUES ('Rex78@hotmail.com', 0, '2020-11-12T04:57:01.875Z', '2020-11-13T15:27:19.244Z', true, 'pcs', 'Carmelo_Mills@yahoo.com', 'Enrico', 'confirmed', NULL, NULL);
INSERT INTO bid (ct_email, ct_price, start_date, end_date, is_cash, transport_method, pet_owner, pet_name, bid_status, feedback, rating) VALUES ('Stella_Wyman55@yahoo.com', 17, '2020-11-12T04:57:01.875Z', '2020-11-13T15:27:19.244Z', true, 'pcs', 'Joaquin.Terry@hotmail.com', 'Wanda', 'reviewed', 'Quo nobis perspiciatis. Et quis quod molestias et et maiores.', 4);
INSERT INTO bid (ct_email, ct_price, start_date, end_date, is_cash, transport_method, pet_owner, pet_name, bid_status, feedback, rating) VALUES ('Savion.Kovacek@hotmail.com', 11, '2020-11-12T04:57:01.875Z', '2020-11-13T15:27:19.244Z', true, 'pcs', 'Domenick.Lesch54@yahoo.com', 'Elwin', 'reviewed', 'Ad quaerat qui. Repellendus quisquam nemo dolorem exercitationem.', 3);
INSERT INTO bid (ct_email, ct_price, start_date, end_date, is_cash, transport_method, pet_owner, pet_name, bid_status, feedback, rating) VALUES ('Celestino_Stroman4@hotmail.com', 7, '2020-11-12T04:57:01.875Z', '2020-11-13T15:27:19.244Z', true, 'pickup', 'Yasmine_Jenkins69@gmail.com', 'Jarrett', 'reviewed', 'Culpa reiciendis et non. Voluptatum et occaecati aut non dolorem consectetur rerum qui vitae.', 3);
INSERT INTO bid (ct_email, ct_price, start_date, end_date, is_cash, transport_method, pet_owner, pet_name, bid_status, feedback, rating) VALUES ('Stefanie_Roob17@gmail.com', 17, '2020-11-12T04:57:01.875Z', '2020-11-13T15:27:19.244Z', true, 'pickup', 'Carolyn.Rowe68@yahoo.com', 'Amiya', 'confirmed', NULL, NULL);
INSERT INTO bid (ct_email, ct_price, start_date, end_date, is_cash, transport_method, pet_owner, pet_name, bid_status, feedback, rating) VALUES ('Johnathon2@gmail.com', 5, '2020-11-12T04:57:01.875Z', '2020-11-13T15:27:19.244Z', true, 'pickup', 'Fiona_Wiza13@gmail.com', 'Tia', 'reviewed', 'Et omnis deserunt dicta minima dolores velit laudantium exercitationem. Illum perferendis dolorem in quasi quis sequi.', 4);
INSERT INTO bid (ct_email, ct_price, start_date, end_date, is_cash, transport_method, pet_owner, pet_name, bid_status, feedback, rating) VALUES ('Gail_Weissnat@yahoo.com', 13, '2020-11-12T04:57:01.875Z', '2020-11-13T15:27:19.244Z', true, 'delivery', 'Bud_Crooks@yahoo.com', 'Concepcion', 'confirmed', NULL, NULL);
INSERT INTO bid (ct_email, ct_price, start_date, end_date, is_cash, transport_method, pet_owner, pet_name, bid_status, feedback, rating) VALUES ('Laura_Kunde9@hotmail.com', 11, '2020-11-12T04:57:01.875Z', '2020-11-13T15:27:19.244Z', true, 'delivery', 'Milford_Rath@yahoo.com', 'Princess', 'confirmed', NULL, NULL);
INSERT INTO bid (ct_email, ct_price, start_date, end_date, is_cash, transport_method, pet_owner, pet_name, bid_status, feedback, rating) VALUES ('Nelson.Krajcik63@yahoo.com', 7, '2020-11-12T04:57:01.875Z', '2020-11-13T15:27:19.244Z', true, 'pcs', 'Reggie.Cormier0@yahoo.com', 'Kurt', 'reviewed', 'Totam aut eos autem ipsam. Voluptatem deserunt quo similique aut.', 4);
INSERT INTO bid (ct_email, ct_price, start_date, end_date, is_cash, transport_method, pet_owner, pet_name, bid_status, feedback, rating) VALUES ('Charles.Mueller@gmail.com', 4, '2020-11-12T04:57:01.875Z', '2020-11-13T15:27:19.244Z', true, 'pickup', 'Oleta45@hotmail.com', 'Roscoe', 'confirmed', NULL, NULL);
INSERT INTO bid (ct_email, ct_price, start_date, end_date, is_cash, transport_method, pet_owner, pet_name, bid_status, feedback, rating) VALUES ('Nayeli90@gmail.com', 14, '2020-11-12T04:57:01.875Z', '2020-11-13T15:27:19.244Z', true, 'pcs', 'Wilbert_Sawayn46@hotmail.com', 'Bianka', 'reviewed', 'A iste veniam nisi fugiat. Facere aut temporibus quos enim laudantium quia.', 4);
INSERT INTO bid (ct_email, ct_price, start_date, end_date, is_cash, transport_method, pet_owner, pet_name, bid_status, feedback, rating) VALUES ('Alana21@yahoo.com', 3, '2020-11-12T04:57:01.875Z', '2020-11-13T15:27:19.244Z', true, 'pcs', 'Lukas.Mayer16@gmail.com', 'Alana', 'reviewed', 'Vitae qui non eaque exercitationem quisquam iure est. Ea aspernatur totam vel impedit fuga neque sapiente.', 5);
INSERT INTO bid (ct_email, ct_price, start_date, end_date, is_cash, transport_method, pet_owner, pet_name, bid_status, feedback, rating) VALUES ('Lauretta.Stiedemann60@gmail.com', 9, '2020-11-12T04:57:01.875Z', '2020-11-13T15:27:19.244Z', true, 'pickup', 'Katharina.Kautzer97@gmail.com', 'Aiden', 'confirmed', NULL, NULL);
INSERT INTO bid (ct_email, ct_price, start_date, end_date, is_cash, transport_method, pet_owner, pet_name, bid_status, feedback, rating) VALUES ('Noelia_Effertz@gmail.com', 16, '2020-11-12T04:57:01.875Z', '2020-11-13T15:27:19.244Z', true, 'pcs', 'Alex_Runolfsson@gmail.com', 'Frederik', 'confirmed', NULL, NULL);
INSERT INTO bid (ct_email, ct_price, start_date, end_date, is_cash, transport_method, pet_owner, pet_name, bid_status, feedback, rating) VALUES ('Amy49@gmail.com', 7, '2020-11-12T04:57:01.875Z', '2020-11-13T15:27:19.244Z', true, 'pickup', 'Alene.OConner24@hotmail.com', 'Malika', 'confirmed', NULL, NULL);
INSERT INTO bid (ct_email, ct_price, start_date, end_date, is_cash, transport_method, pet_owner, pet_name, bid_status, feedback, rating) VALUES ('Rudy3@yahoo.com', 1, '2020-11-12T04:57:01.875Z', '2020-11-13T15:27:19.244Z', true, 'pcs', 'Lee89@hotmail.com', 'Aglae', 'confirmed', NULL, NULL);
INSERT INTO bid (ct_email, ct_price, start_date, end_date, is_cash, transport_method, pet_owner, pet_name, bid_status, feedback, rating) VALUES ('Kailey.Schoen83@hotmail.com', 13, '2020-11-12T04:57:01.875Z', '2020-11-13T15:27:19.244Z', true, 'pickup', 'Gracie_Moore13@gmail.com', 'Mariah', 'reviewed', 'Fuga vero voluptas. Et aut quaerat veniam.', 5);
INSERT INTO bid (ct_email, ct_price, start_date, end_date, is_cash, transport_method, pet_owner, pet_name, bid_status, feedback, rating) VALUES ('Roselyn.Sawayn@hotmail.com', 19, '2020-11-12T04:57:01.875Z', '2020-11-13T15:27:19.244Z', true, 'pcs', 'Lue17@hotmail.com', 'Kailyn', 'confirmed', NULL, NULL);
INSERT INTO bid (ct_email, ct_price, start_date, end_date, is_cash, transport_method, pet_owner, pet_name, bid_status, feedback, rating) VALUES ('Diana.Mueller92@gmail.com', 2, '2020-11-12T04:57:01.875Z', '2020-11-13T15:27:19.244Z', true, 'pickup', 'Lexus27@hotmail.com', 'Vesta', 'confirmed', NULL, NULL);
INSERT INTO bid (ct_email, ct_price, start_date, end_date, is_cash, transport_method, pet_owner, pet_name, bid_status, feedback, rating) VALUES ('Durward.Johnston99@gmail.com', 3, '2020-11-12T04:57:01.875Z', '2020-11-13T15:27:19.244Z', true, 'pickup', 'Clark.Terry57@gmail.com', 'Ines', 'reviewed', 'Eius ab ut corrupti eos dolorem quasi asperiores. Neque ea consequatur ut.', 3);
INSERT INTO bid (ct_email, ct_price, start_date, end_date, is_cash, transport_method, pet_owner, pet_name, bid_status, feedback, rating) VALUES ('Wilford42@hotmail.com', 18, '2020-11-12T04:57:01.875Z', '2020-11-13T15:27:19.244Z', true, 'pcs', 'Preston_Homenick@gmail.com', 'Larue', 'confirmed', NULL, NULL);
INSERT INTO bid (ct_email, ct_price, start_date, end_date, is_cash, transport_method, pet_owner, pet_name, bid_status, feedback, rating) VALUES ('Anissa.Volkman@hotmail.com', 16, '2020-11-12T04:57:01.875Z', '2020-11-13T15:27:19.244Z', true, 'pcs', 'Josiah59@yahoo.com', 'Nicklaus', 'reviewed', 'Voluptatem quia blanditiis. Praesentium et modi enim doloribus id perspiciatis autem molestias ab.', 4);
INSERT INTO bid (ct_email, ct_price, start_date, end_date, is_cash, transport_method, pet_owner, pet_name, bid_status, feedback, rating) VALUES ('Darryl.Luettgen8@gmail.com', 16, '2020-11-12T04:57:01.875Z', '2020-11-13T15:27:19.244Z', true, 'delivery', 'Layla.Harber64@yahoo.com', 'Kaleb', 'reviewed', 'Odio unde rerum sed id quibusdam dolor. Aut consequatur impedit et accusantium.', 4);
INSERT INTO bid (ct_email, ct_price, start_date, end_date, is_cash, transport_method, pet_owner, pet_name, bid_status, feedback, rating) VALUES ('Lulu15@gmail.com', 17, '2020-11-12T04:57:01.875Z', '2020-11-13T15:27:19.244Z', true, 'pcs', 'Rylee_Schulist76@gmail.com', 'Vernon', 'reviewed', 'Deserunt est tempore. Ut modi sit odit eveniet vel est.', 5);
INSERT INTO bid (ct_email, ct_price, start_date, end_date, is_cash, transport_method, pet_owner, pet_name, bid_status, feedback, rating) VALUES ('Emelia12@yahoo.com', 19, '2020-11-12T04:57:01.875Z', '2020-11-13T15:27:19.244Z', true, 'delivery', 'Kavon_Spencer@hotmail.com', 'Stefan', 'confirmed', NULL, NULL);
INSERT INTO bid (ct_email, ct_price, start_date, end_date, is_cash, transport_method, pet_owner, pet_name, bid_status, feedback, rating) VALUES ('Roosevelt.Stracke@hotmail.com', 2, '2020-11-12T04:57:01.875Z', '2020-11-13T15:27:19.244Z', true, 'delivery', 'Nicklaus.Von22@gmail.com', 'Terry', 'reviewed', 'In ipsa cumque rem voluptate aspernatur hic et et. Veniam laudantium quo sed dignissimos magnam.', 3);
INSERT INTO bid (ct_email, ct_price, start_date, end_date, is_cash, transport_method, pet_owner, pet_name, bid_status, feedback, rating) VALUES ('Juliet_Greenholt@hotmail.com', 6, '2020-11-12T04:57:01.875Z', '2020-11-13T15:27:19.244Z', true, 'pcs', 'Juliet.OConnell10@hotmail.com', 'Yoshiko', 'confirmed', NULL, NULL);
INSERT INTO bid (ct_email, ct_price, start_date, end_date, is_cash, transport_method, pet_owner, pet_name, bid_status, feedback, rating) VALUES ('Brendon_Beer49@gmail.com', 7, '2020-11-12T04:57:01.875Z', '2020-11-13T15:27:19.244Z', true, 'delivery', 'Keeley71@yahoo.com', 'Jon', 'confirmed', NULL, NULL);
INSERT INTO bid (ct_email, ct_price, start_date, end_date, is_cash, transport_method, pet_owner, pet_name, bid_status, feedback, rating) VALUES ('Garrett.Greenholt32@gmail.com', 20, '2020-11-12T04:57:01.875Z', '2020-11-13T15:27:19.244Z', true, 'delivery', 'Eldon.West79@yahoo.com', 'Nathaniel', 'confirmed', NULL, NULL);
INSERT INTO bid (ct_email, ct_price, start_date, end_date, is_cash, transport_method, pet_owner, pet_name, bid_status, feedback, rating) VALUES ('Katarina18@yahoo.com', 20, '2020-11-12T04:57:01.875Z', '2020-11-13T15:27:19.244Z', true, 'delivery', 'Kurt51@hotmail.com', 'Joelle', 'confirmed', NULL, NULL);
INSERT INTO bid (ct_email, ct_price, start_date, end_date, is_cash, transport_method, pet_owner, pet_name, bid_status, feedback, rating) VALUES ('Ada18@gmail.com', 14, '2020-11-12T04:57:01.875Z', '2020-11-13T15:27:19.244Z', true, 'delivery', 'Ona.Schroeder@gmail.com', 'Louvenia', 'reviewed', 'Amet magni qui iure natus officiis enim delectus minima officiis. Sed quia quidem.', 4);
INSERT INTO bid (ct_email, ct_price, start_date, end_date, is_cash, transport_method, pet_owner, pet_name, bid_status, feedback, rating) VALUES ('Royce.Schamberger77@yahoo.com', 16, '2020-11-12T04:57:01.875Z', '2020-11-13T15:27:19.244Z', true, 'pickup', 'Ramon.Heidenreich96@hotmail.com', 'Ayden', 'confirmed', NULL, NULL);
INSERT INTO bid (ct_email, ct_price, start_date, end_date, is_cash, transport_method, pet_owner, pet_name, bid_status, feedback, rating) VALUES ('Quincy43@yahoo.com', 9, '2020-11-12T04:57:01.875Z', '2020-11-13T15:27:19.244Z', true, 'pickup', 'Newton_Monahan@gmail.com', 'Alden', 'reviewed', 'Laborum quos sequi fugiat. Expedita ut maiores beatae et.', 3);
INSERT INTO bid (ct_email, ct_price, start_date, end_date, is_cash, transport_method, pet_owner, pet_name, bid_status, feedback, rating) VALUES ('Leila19@gmail.com', 8, '2020-11-12T04:57:01.875Z', '2020-11-13T15:27:19.244Z', true, 'pcs', 'Alyson.Hamill80@gmail.com', 'Rahsaan', 'reviewed', 'Id laudantium ut voluptates qui quaerat saepe officiis. A aut similique sit atque totam est unde voluptas.', 5);
INSERT INTO bid (ct_email, ct_price, start_date, end_date, is_cash, transport_method, pet_owner, pet_name, bid_status, feedback, rating) VALUES ('Carlee.Hansen@gmail.com', 7, '2020-11-12T04:57:01.875Z', '2020-11-13T15:27:19.244Z', true, 'pcs', 'Ford52@gmail.com', 'Rachel', 'confirmed', NULL, NULL);
INSERT INTO bid (ct_email, ct_price, start_date, end_date, is_cash, transport_method, pet_owner, pet_name, bid_status, feedback, rating) VALUES ('Joyce79@gmail.com', 20, '2020-11-12T04:57:01.875Z', '2020-11-13T15:27:19.244Z', true, 'delivery', 'Tony_Huel45@hotmail.com', 'Robyn', 'confirmed', NULL, NULL);
INSERT INTO bid (ct_email, ct_price, start_date, end_date, is_cash, transport_method, pet_owner, pet_name, bid_status, feedback, rating) VALUES ('Zander27@yahoo.com', 2, '2020-11-12T04:57:01.875Z', '2020-11-13T15:27:19.244Z', true, 'pickup', 'Katrina_Kutch@yahoo.com', 'Leonora', 'reviewed', 'Distinctio ut quia impedit aspernatur doloribus error. Quasi quibusdam veritatis voluptate possimus qui totam nihil ipsam qui.', 4);
INSERT INTO bid (ct_email, ct_price, start_date, end_date, is_cash, transport_method, pet_owner, pet_name, bid_status, feedback, rating) VALUES ('Kyla31@yahoo.com', 15, '2020-11-12T04:57:01.875Z', '2020-11-13T15:27:19.244Z', true, 'pcs', 'Araceli.Kris@hotmail.com', 'Haskell', 'reviewed', 'Officiis ad impedit consequatur non non commodi. Reprehenderit omnis autem commodi dolorum corrupti et.', 4);
INSERT INTO bid (ct_email, ct_price, start_date, end_date, is_cash, transport_method, pet_owner, pet_name, bid_status, feedback, rating) VALUES ('Geovanni.OKon@hotmail.com', 3, '2020-11-12T04:57:01.875Z', '2020-11-13T15:27:19.244Z', true, 'delivery', 'Troy80@gmail.com', 'Hilda', 'reviewed', 'Sit eum omnis nisi blanditiis ratione iure. Accusamus eos explicabo reprehenderit esse eius.', 3);
INSERT INTO bid (ct_email, ct_price, start_date, end_date, is_cash, transport_method, pet_owner, pet_name, bid_status, feedback, rating) VALUES ('Alfreda_Kilback89@gmail.com', 20, '2020-11-12T04:57:01.875Z', '2020-11-13T15:27:19.244Z', true, 'pcs', 'Christiana_OConner19@hotmail.com', 'Cecelia', 'confirmed', NULL, NULL);
INSERT INTO bid (ct_email, ct_price, start_date, end_date, is_cash, transport_method, pet_owner, pet_name, bid_status, feedback, rating) VALUES ('Kassandra_Ratke92@gmail.com', 14, '2020-11-12T04:57:01.875Z', '2020-11-13T15:27:19.244Z', true, 'delivery', 'Stacy69@gmail.com', 'Anastacio', 'reviewed', 'Sapiente nihil quae sunt quaerat. Provident in debitis est.', 5);
INSERT INTO bid (ct_email, ct_price, start_date, end_date, is_cash, transport_method, pet_owner, pet_name, bid_status, feedback, rating) VALUES ('Aimee.Doyle@yahoo.com', 9, '2020-11-14T15:27:19.244Z', '2020-11-20T17:18:20.731Z', true, 'pcs', 'Austen.Walker@gmail.com', 'Jarret', 'submitted', NULL, NULL);
INSERT INTO bid (ct_email, ct_price, start_date, end_date, is_cash, transport_method, pet_owner, pet_name, bid_status, feedback, rating) VALUES ('Carson.Volkman@yahoo.com', 13, '2020-11-14T15:27:19.244Z', '2020-11-20T17:18:20.731Z', true, 'delivery', 'Delfina.Sipes@hotmail.com', 'Jeffry', 'submitted', NULL, NULL);
INSERT INTO bid (ct_email, ct_price, start_date, end_date, is_cash, transport_method, pet_owner, pet_name, bid_status, feedback, rating) VALUES ('Marta_Robel22@yahoo.com', 5, '2020-11-14T15:27:19.244Z', '2020-11-20T17:18:20.731Z', true, 'pcs', 'Mohamed_Kshlerin@hotmail.com', 'Pauline', 'submitted', NULL, NULL);
INSERT INTO bid (ct_email, ct_price, start_date, end_date, is_cash, transport_method, pet_owner, pet_name, bid_status, feedback, rating) VALUES ('Alva78@hotmail.com', 3, '2020-11-14T15:27:19.244Z', '2020-11-20T17:18:20.731Z', true, 'pickup', 'Yasmine_Jenkins69@gmail.com', 'Jarrett', 'submitted', NULL, NULL);
INSERT INTO bid (ct_email, ct_price, start_date, end_date, is_cash, transport_method, pet_owner, pet_name, bid_status, feedback, rating) VALUES ('Clair_Wisozk23@gmail.com', 17, '2020-11-14T15:27:19.244Z', '2020-11-20T17:18:20.731Z', true, 'delivery', 'Helene.Abshire36@hotmail.com', 'Thea', 'submitted', NULL, NULL);
INSERT INTO bid (ct_email, ct_price, start_date, end_date, is_cash, transport_method, pet_owner, pet_name, bid_status, feedback, rating) VALUES ('Ferne_Jacobi51@gmail.com', 15, '2020-11-14T15:27:19.244Z', '2020-11-20T17:18:20.731Z', true, 'delivery', 'Eulah_Bechtelar@yahoo.com', 'Sophia', 'submitted', NULL, NULL);
INSERT INTO bid (ct_email, ct_price, start_date, end_date, is_cash, transport_method, pet_owner, pet_name, bid_status, feedback, rating) VALUES ('Filomena.Toy90@yahoo.com', 0, '2020-11-14T15:27:19.244Z', '2020-11-20T17:18:20.731Z', true, 'pickup', 'Amari58@hotmail.com', 'Elmo', 'submitted', NULL, NULL);
INSERT INTO bid (ct_email, ct_price, start_date, end_date, is_cash, transport_method, pet_owner, pet_name, bid_status, feedback, rating) VALUES ('Assunta_Leuschke1@yahoo.com', 18, '2020-11-14T15:27:19.244Z', '2020-11-20T17:18:20.731Z', true, 'pcs', 'Rosalyn46@gmail.com', 'Jany', 'submitted', NULL, NULL);
INSERT INTO bid (ct_email, ct_price, start_date, end_date, is_cash, transport_method, pet_owner, pet_name, bid_status, feedback, rating) VALUES ('Lucio76@gmail.com', 5, '2020-11-14T15:27:19.244Z', '2020-11-20T17:18:20.731Z', true, 'pcs', 'Adriel65@gmail.com', 'Junius', 'submitted', NULL, NULL);
INSERT INTO bid (ct_email, ct_price, start_date, end_date, is_cash, transport_method, pet_owner, pet_name, bid_status, feedback, rating) VALUES ('Marietta15@gmail.com', 1, '2020-11-14T15:27:19.244Z', '2020-11-20T17:18:20.731Z', true, 'pickup', 'Joaquin.Terry@hotmail.com', 'Wanda', 'submitted', NULL, NULL);
INSERT INTO bid (ct_email, ct_price, start_date, end_date, is_cash, transport_method, pet_owner, pet_name, bid_status, feedback, rating) VALUES ('Juliana.Waters@yahoo.com', 9, '2020-11-14T15:27:19.244Z', '2020-11-20T17:18:20.731Z', true, 'delivery', 'Josiah59@yahoo.com', 'Nicklaus', 'submitted', NULL, NULL);
INSERT INTO bid (ct_email, ct_price, start_date, end_date, is_cash, transport_method, pet_owner, pet_name, bid_status, feedback, rating) VALUES ('Nicklaus.Von22@gmail.com', 0, '2020-11-14T15:27:19.244Z', '2020-11-20T17:18:20.731Z', true, 'delivery', 'Trevor85@gmail.com', 'Sydney', 'submitted', NULL, NULL);
INSERT INTO bid (ct_email, ct_price, start_date, end_date, is_cash, transport_method, pet_owner, pet_name, bid_status, feedback, rating) VALUES ('Julius.Hills@yahoo.com', 12, '2020-11-14T15:27:19.244Z', '2020-11-20T17:18:20.731Z', true, 'pcs', 'Raphael78@hotmail.com', 'Lydia', 'submitted', NULL, NULL);
INSERT INTO bid (ct_email, ct_price, start_date, end_date, is_cash, transport_method, pet_owner, pet_name, bid_status, feedback, rating) VALUES ('Emory_Lang77@yahoo.com', 0, '2020-11-14T15:27:19.244Z', '2020-11-20T17:18:20.731Z', true, 'pickup', 'Audrey.Hills@hotmail.com', 'Ronny', 'submitted', NULL, NULL);
INSERT INTO bid (ct_email, ct_price, start_date, end_date, is_cash, transport_method, pet_owner, pet_name, bid_status, feedback, rating) VALUES ('Megane_Schoen24@yahoo.com', 2, '2020-11-14T15:27:19.244Z', '2020-11-20T17:18:20.731Z', true, 'pcs', 'Ardella_Klocko97@yahoo.com', 'Dianna', 'submitted', NULL, NULL);
INSERT INTO bid (ct_email, ct_price, start_date, end_date, is_cash, transport_method, pet_owner, pet_name, bid_status, feedback, rating) VALUES ('Elmore74@gmail.com', 6, '2020-11-14T15:27:19.244Z', '2020-11-20T17:18:20.731Z', true, 'pcs', 'Ashton32@gmail.com', 'Claudia', 'submitted', NULL, NULL);
INSERT INTO bid (ct_email, ct_price, start_date, end_date, is_cash, transport_method, pet_owner, pet_name, bid_status, feedback, rating) VALUES ('Trudie55@hotmail.com', 3, '2020-11-14T15:27:19.244Z', '2020-11-20T17:18:20.731Z', true, 'pcs', 'Junius.Hayes76@hotmail.com', 'Oceane', 'submitted', NULL, NULL);
INSERT INTO bid (ct_email, ct_price, start_date, end_date, is_cash, transport_method, pet_owner, pet_name, bid_status, feedback, rating) VALUES ('Kaya.Miller@hotmail.com', 20, '2020-11-14T15:27:19.244Z', '2020-11-20T17:18:20.731Z', true, 'delivery', 'Karlie59@yahoo.com', 'Anastasia', 'submitted', NULL, NULL);
INSERT INTO bid (ct_email, ct_price, start_date, end_date, is_cash, transport_method, pet_owner, pet_name, bid_status, feedback, rating) VALUES ('Christ99@yahoo.com', 10, '2020-11-14T15:27:19.244Z', '2020-11-20T17:18:20.731Z', true, 'pcs', 'Reynold14@gmail.com', 'Warren', 'submitted', NULL, NULL);
INSERT INTO bid (ct_email, ct_price, start_date, end_date, is_cash, transport_method, pet_owner, pet_name, bid_status, feedback, rating) VALUES ('Heath_Harris@yahoo.com', 7, '2020-11-14T15:27:19.244Z', '2020-11-20T17:18:20.731Z', true, 'delivery', 'Filomena.Toy90@yahoo.com', 'Howell', 'submitted', NULL, NULL);
INSERT INTO bid (ct_email, ct_price, start_date, end_date, is_cash, transport_method, pet_owner, pet_name, bid_status, feedback, rating) VALUES ('Marianne90@yahoo.com', 17, '2020-11-14T15:27:19.244Z', '2020-11-20T17:18:20.731Z', true, 'delivery', 'Myah_Walsh@gmail.com', 'Elvis', 'submitted', NULL, NULL);
INSERT INTO bid (ct_email, ct_price, start_date, end_date, is_cash, transport_method, pet_owner, pet_name, bid_status, feedback, rating) VALUES ('Flavie_Pacocha7@yahoo.com', 7, '2020-11-14T15:27:19.244Z', '2020-11-20T17:18:20.731Z', true, 'pickup', 'Pearlie_Koch1@yahoo.com', 'Keshawn', 'submitted', NULL, NULL);
INSERT INTO bid (ct_email, ct_price, start_date, end_date, is_cash, transport_method, pet_owner, pet_name, bid_status, feedback, rating) VALUES ('Reynold30@gmail.com', 4, '2020-11-14T15:27:19.244Z', '2020-11-20T17:18:20.731Z', true, 'pcs', 'Dorian_Rice@hotmail.com', 'Davion', 'submitted', NULL, NULL);
INSERT INTO bid (ct_email, ct_price, start_date, end_date, is_cash, transport_method, pet_owner, pet_name, bid_status, feedback, rating) VALUES ('Marietta_Paucek@yahoo.com', 19, '2020-11-14T15:27:19.244Z', '2020-11-20T17:18:20.731Z', true, 'pickup', 'Luther_Goodwin38@yahoo.com', 'Pearl', 'submitted', NULL, NULL);
INSERT INTO bid (ct_email, ct_price, start_date, end_date, is_cash, transport_method, pet_owner, pet_name, bid_status, feedback, rating) VALUES ('Christiana_OConner19@hotmail.com', 1, '2020-11-14T15:27:19.244Z', '2020-11-20T17:18:20.731Z', true, 'pcs', 'Elliott.Toy83@hotmail.com', 'Shemar', 'submitted', NULL, NULL);
INSERT INTO bid (ct_email, ct_price, start_date, end_date, is_cash, transport_method, pet_owner, pet_name, bid_status, feedback, rating) VALUES ('Kristoffer_Welch13@yahoo.com', 1, '2020-11-14T15:27:19.244Z', '2020-11-20T17:18:20.731Z', true, 'delivery', 'Franco11@yahoo.com', 'Fanny', 'submitted', NULL, NULL);
INSERT INTO bid (ct_email, ct_price, start_date, end_date, is_cash, transport_method, pet_owner, pet_name, bid_status, feedback, rating) VALUES ('Verna2@yahoo.com', 17, '2020-11-14T15:27:19.244Z', '2020-11-20T17:18:20.731Z', true, 'delivery', 'Mervin_Mertz@gmail.com', 'Jalyn', 'submitted', NULL, NULL);
INSERT INTO bid (ct_email, ct_price, start_date, end_date, is_cash, transport_method, pet_owner, pet_name, bid_status, feedback, rating) VALUES ('Jesus.Haag@hotmail.com', 5, '2020-11-14T15:27:19.244Z', '2020-11-20T17:18:20.731Z', true, 'pickup', 'Rodrick_Waters@gmail.com', 'Reba', 'submitted', NULL, NULL);
INSERT INTO bid (ct_email, ct_price, start_date, end_date, is_cash, transport_method, pet_owner, pet_name, bid_status, feedback, rating) VALUES ('Joey74@gmail.com', 1, '2020-11-14T15:27:19.244Z', '2020-11-20T17:18:20.731Z', true, 'pcs', 'Estella89@yahoo.com', 'Daniela', 'submitted', NULL, NULL);
INSERT INTO bid (ct_email, ct_price, start_date, end_date, is_cash, transport_method, pet_owner, pet_name, bid_status, feedback, rating) VALUES ('Lukas.Mayer16@gmail.com', 8, '2020-11-14T15:27:19.244Z', '2020-11-20T17:18:20.731Z', true, 'delivery', 'Keira23@gmail.com', 'Fabian', 'submitted', NULL, NULL);
INSERT INTO bid (ct_email, ct_price, start_date, end_date, is_cash, transport_method, pet_owner, pet_name, bid_status, feedback, rating) VALUES ('Breanna80@yahoo.com', 10, '2020-11-14T15:27:19.244Z', '2020-11-20T17:18:20.731Z', true, 'pcs', 'Wellington_Kuvalis30@hotmail.com', 'Henri', 'submitted', NULL, NULL);
INSERT INTO bid (ct_email, ct_price, start_date, end_date, is_cash, transport_method, pet_owner, pet_name, bid_status, feedback, rating) VALUES ('Cassidy_Kovacek@yahoo.com', 4, '2020-11-14T15:27:19.244Z', '2020-11-20T17:18:20.731Z', true, 'delivery', 'Francis.Tillman92@yahoo.com', 'Ford', 'submitted', NULL, NULL);
INSERT INTO bid (ct_email, ct_price, start_date, end_date, is_cash, transport_method, pet_owner, pet_name, bid_status, feedback, rating) VALUES ('Junius.Hayes76@hotmail.com', 12, '2020-11-14T15:27:19.244Z', '2020-11-20T17:18:20.731Z', true, 'delivery', 'Araceli.Kris@hotmail.com', 'Haskell', 'submitted', NULL, NULL);
INSERT INTO bid (ct_email, ct_price, start_date, end_date, is_cash, transport_method, pet_owner, pet_name, bid_status, feedback, rating) VALUES ('Shannon74@yahoo.com', 6, '2020-11-14T15:27:19.244Z', '2020-11-20T17:18:20.731Z', true, 'pcs', 'Garry_McGlynn16@gmail.com', 'Filiberto', 'submitted', NULL, NULL);
INSERT INTO bid (ct_email, ct_price, start_date, end_date, is_cash, transport_method, pet_owner, pet_name, bid_status, feedback, rating) VALUES ('Erika_OHara@gmail.com', 8, '2020-11-14T15:27:19.244Z', '2020-11-20T17:18:20.731Z', true, 'delivery', 'Viviane41@hotmail.com', 'Kamron', 'submitted', NULL, NULL);
INSERT INTO bid (ct_email, ct_price, start_date, end_date, is_cash, transport_method, pet_owner, pet_name, bid_status, feedback, rating) VALUES ('Ashlee75@hotmail.com', 9, '2020-11-14T15:27:19.244Z', '2020-11-20T17:18:20.731Z', true, 'pickup', 'Stevie61@hotmail.com', 'Jalon', 'submitted', NULL, NULL);
INSERT INTO bid (ct_email, ct_price, start_date, end_date, is_cash, transport_method, pet_owner, pet_name, bid_status, feedback, rating) VALUES ('Domenica_Ondricka1@gmail.com', 2, '2020-11-14T15:27:19.244Z', '2020-11-20T17:18:20.731Z', true, 'pcs', 'Quinten.OHara78@yahoo.com', 'Clara', 'submitted', NULL, NULL);
INSERT INTO bid (ct_email, ct_price, start_date, end_date, is_cash, transport_method, pet_owner, pet_name, bid_status, feedback, rating) VALUES ('Nedra.Durgan24@gmail.com', 17, '2020-11-14T15:27:19.244Z', '2020-11-20T17:18:20.731Z', true, 'delivery', 'Turner.Shields76@yahoo.com', 'Ted', 'submitted', NULL, NULL);
INSERT INTO bid (ct_email, ct_price, start_date, end_date, is_cash, transport_method, pet_owner, pet_name, bid_status, feedback, rating) VALUES ('Ivah10@gmail.com', 3, '2020-11-14T15:27:19.244Z', '2020-11-20T17:18:20.731Z', true, 'pcs', 'Rebecca20@yahoo.com', 'Miguel', 'submitted', NULL, NULL);
INSERT INTO bid (ct_email, ct_price, start_date, end_date, is_cash, transport_method, pet_owner, pet_name, bid_status, feedback, rating) VALUES ('Brittany.Price57@gmail.com', 6, '2020-11-14T15:27:19.244Z', '2020-11-20T17:18:20.731Z', true, 'delivery', 'Rodrick35@gmail.com', 'Raymundo', 'submitted', NULL, NULL);
INSERT INTO bid (ct_email, ct_price, start_date, end_date, is_cash, transport_method, pet_owner, pet_name, bid_status, feedback, rating) VALUES ('Bertha_Will@yahoo.com', 5, '2020-11-14T15:27:19.244Z', '2020-11-20T17:18:20.731Z', true, 'delivery', 'Colten_Ernser81@gmail.com', 'Ayla', 'submitted', NULL, NULL);
INSERT INTO bid (ct_email, ct_price, start_date, end_date, is_cash, transport_method, pet_owner, pet_name, bid_status, feedback, rating) VALUES ('Milton_Marvin81@gmail.com', 12, '2020-11-14T15:27:19.244Z', '2020-11-20T17:18:20.731Z', true, 'pcs', 'Alanna_Beier38@gmail.com', 'Bailee', 'submitted', NULL, NULL);
INSERT INTO bid (ct_email, ct_price, start_date, end_date, is_cash, transport_method, pet_owner, pet_name, bid_status, feedback, rating) VALUES ('Alda.Prosacco74@yahoo.com', 1, '2020-11-14T15:27:19.244Z', '2020-11-20T17:18:20.731Z', true, 'delivery', 'Kaela_Towne@hotmail.com', 'Albin', 'submitted', NULL, NULL);
INSERT INTO bid (ct_email, ct_price, start_date, end_date, is_cash, transport_method, pet_owner, pet_name, bid_status, feedback, rating) VALUES ('Henderson_Fritsch@hotmail.com', 5, '2020-11-14T15:27:19.244Z', '2020-11-20T17:18:20.731Z', true, 'delivery', 'Dante.King90@yahoo.com', 'Maryjane', 'submitted', NULL, NULL);
INSERT INTO bid (ct_email, ct_price, start_date, end_date, is_cash, transport_method, pet_owner, pet_name, bid_status, feedback, rating) VALUES ('Kamren_Heathcote@hotmail.com', 12, '2020-11-14T15:27:19.244Z', '2020-11-20T17:18:20.731Z', true, 'pcs', 'Adelle.Labadie@hotmail.com', 'Shaina', 'submitted', NULL, NULL);
INSERT INTO bid (ct_email, ct_price, start_date, end_date, is_cash, transport_method, pet_owner, pet_name, bid_status, feedback, rating) VALUES ('Annamae4@hotmail.com', 6, '2020-11-14T15:27:19.244Z', '2020-11-20T17:18:20.731Z', true, 'pickup', 'Davon98@gmail.com', 'Clemens', 'submitted', NULL, NULL);
INSERT INTO bid (ct_email, ct_price, start_date, end_date, is_cash, transport_method, pet_owner, pet_name, bid_status, feedback, rating) VALUES ('Trevor40@gmail.com', 20, '2020-11-14T15:27:19.244Z', '2020-11-20T17:18:20.731Z', true, 'pickup', 'Clinton_Bins@yahoo.com', 'Murphy', 'submitted', NULL, NULL);
INSERT INTO bid (ct_email, ct_price, start_date, end_date, is_cash, transport_method, pet_owner, pet_name, bid_status, feedback, rating) VALUES ('Margarita.Hermiston@yahoo.com', 13, '2020-11-14T15:27:19.244Z', '2020-11-20T17:18:20.731Z', true, 'pcs', 'Amalia_Miller@yahoo.com', 'Kallie', 'submitted', NULL, NULL);
INSERT INTO bid (ct_email, ct_price, start_date, end_date, is_cash, transport_method, pet_owner, pet_name, bid_status, feedback, rating) VALUES ('Sigurd.Walter@gmail.com', 9, '2020-11-14T15:27:19.244Z', '2020-11-20T17:18:20.731Z', true, 'delivery', 'Elody_Hudson@hotmail.com', 'Lea', 'submitted', NULL, NULL);
INSERT INTO bid (ct_email, ct_price, start_date, end_date, is_cash, transport_method, pet_owner, pet_name, bid_status, feedback, rating) VALUES ('Devante.Dickinson74@yahoo.com', 16, '2020-11-14T15:27:19.244Z', '2020-11-20T17:18:20.731Z', true, 'delivery', 'Cicero.Ondricka@gmail.com', 'Lonie', 'submitted', NULL, NULL);
INSERT INTO bid (ct_email, ct_price, start_date, end_date, is_cash, transport_method, pet_owner, pet_name, bid_status, feedback, rating) VALUES ('Eleanore34@hotmail.com', 10, '2020-11-14T15:27:19.244Z', '2020-11-20T17:18:20.731Z', true, 'pcs', 'Susie.Fritsch@yahoo.com', 'Katlynn', 'submitted', NULL, NULL);
INSERT INTO bid (ct_email, ct_price, start_date, end_date, is_cash, transport_method, pet_owner, pet_name, bid_status, feedback, rating) VALUES ('Jermey63@hotmail.com', 2, '2020-11-14T15:27:19.244Z', '2020-11-20T17:18:20.731Z', true, 'delivery', 'Damion_Daugherty@gmail.com', 'Olin', 'submitted', NULL, NULL);
INSERT INTO bid (ct_email, ct_price, start_date, end_date, is_cash, transport_method, pet_owner, pet_name, bid_status, feedback, rating) VALUES ('Joan69@hotmail.com', 6, '2020-11-14T15:27:19.244Z', '2020-11-20T17:18:20.731Z', true, 'pickup', 'Jovany64@hotmail.com', 'Alize', 'submitted', NULL, NULL);
INSERT INTO bid (ct_email, ct_price, start_date, end_date, is_cash, transport_method, pet_owner, pet_name, bid_status, feedback, rating) VALUES ('Reba.Maggio@yahoo.com', 2, '2020-11-14T15:27:19.244Z', '2020-11-20T17:18:20.731Z', true, 'delivery', 'Dakota.Kuvalis@hotmail.com', 'Fern', 'submitted', NULL, NULL);
INSERT INTO bid (ct_email, ct_price, start_date, end_date, is_cash, transport_method, pet_owner, pet_name, bid_status, feedback, rating) VALUES ('Jennifer94@gmail.com', 13, '2020-11-14T15:27:19.244Z', '2020-11-20T17:18:20.731Z', true, 'delivery', 'Kathlyn84@gmail.com', 'Victoria', 'submitted', NULL, NULL);
INSERT INTO bid (ct_email, ct_price, start_date, end_date, is_cash, transport_method, pet_owner, pet_name, bid_status, feedback, rating) VALUES ('Odessa62@hotmail.com', 11, '2020-11-14T15:27:19.244Z', '2020-11-20T17:18:20.731Z', true, 'delivery', 'Erika_OHara@gmail.com', 'Elna', 'submitted', NULL, NULL);
INSERT INTO bid (ct_email, ct_price, start_date, end_date, is_cash, transport_method, pet_owner, pet_name, bid_status, feedback, rating) VALUES ('Katherine.Johnson89@gmail.com', 0, '2020-11-14T15:27:19.244Z', '2020-11-20T17:18:20.731Z', true, 'pcs', 'Sarina.Goyette34@gmail.com', 'Marta', 'submitted', NULL, NULL);
INSERT INTO bid (ct_email, ct_price, start_date, end_date, is_cash, transport_method, pet_owner, pet_name, bid_status, feedback, rating) VALUES ('Lillie_Barton@hotmail.com', 20, '2020-11-14T15:27:19.244Z', '2020-11-20T17:18:20.731Z', true, 'delivery', 'Keyon.Kiehn@hotmail.com', 'Makenzie', 'submitted', NULL, NULL);
INSERT INTO bid (ct_email, ct_price, start_date, end_date, is_cash, transport_method, pet_owner, pet_name, bid_status, feedback, rating) VALUES ('Newell_Paucek40@gmail.com', 10, '2020-11-14T15:27:19.244Z', '2020-11-20T17:18:20.731Z', true, 'pcs', 'Precious69@yahoo.com', 'Wyman', 'submitted', NULL, NULL);
INSERT INTO bid (ct_email, ct_price, start_date, end_date, is_cash, transport_method, pet_owner, pet_name, bid_status, feedback, rating) VALUES ('Rosalinda30@yahoo.com', 3, '2020-11-14T15:27:19.244Z', '2020-11-20T17:18:20.731Z', true, 'delivery', 'Ben_Johns@yahoo.com', 'Brian', 'submitted', NULL, NULL);
INSERT INTO bid (ct_email, ct_price, start_date, end_date, is_cash, transport_method, pet_owner, pet_name, bid_status, feedback, rating) VALUES ('Jerod24@gmail.com', 3, '2020-11-14T15:27:19.244Z', '2020-11-20T17:18:20.731Z', true, 'delivery', 'Danial_Conroy@yahoo.com', 'Angeline', 'submitted', NULL, NULL);
INSERT INTO bid (ct_email, ct_price, start_date, end_date, is_cash, transport_method, pet_owner, pet_name, bid_status, feedback, rating) VALUES ('Peter.Aufderhar37@hotmail.com', 16, '2020-11-14T15:27:19.244Z', '2020-11-20T17:18:20.731Z', true, 'delivery', 'Marguerite47@gmail.com', 'Savanah', 'submitted', NULL, NULL);
INSERT INTO bid (ct_email, ct_price, start_date, end_date, is_cash, transport_method, pet_owner, pet_name, bid_status, feedback, rating) VALUES ('Alfonso_Wiza85@yahoo.com', 5, '2020-11-14T15:27:19.244Z', '2020-11-20T17:18:20.731Z', true, 'pickup', 'Antonia.Gleason20@yahoo.com', 'Paolo', 'submitted', NULL, NULL);
INSERT INTO bid (ct_email, ct_price, start_date, end_date, is_cash, transport_method, pet_owner, pet_name, bid_status, feedback, rating) VALUES ('Arno.Ferry74@yahoo.com', 3, '2020-11-14T15:27:19.244Z', '2020-11-20T17:18:20.731Z', true, 'delivery', 'Kip_Thiel70@yahoo.com', 'Ethel', 'submitted', NULL, NULL);
INSERT INTO bid (ct_email, ct_price, start_date, end_date, is_cash, transport_method, pet_owner, pet_name, bid_status, feedback, rating) VALUES ('Fernando.Altenwerth18@yahoo.com', 18, '2020-11-14T15:27:19.244Z', '2020-11-20T17:18:20.731Z', true, 'delivery', 'Charlotte8@hotmail.com', 'Tristian', 'submitted', NULL, NULL);
INSERT INTO bid (ct_email, ct_price, start_date, end_date, is_cash, transport_method, pet_owner, pet_name, bid_status, feedback, rating) VALUES ('Rosamond_Franecki20@hotmail.com', 6, '2020-11-14T15:27:19.244Z', '2020-11-20T17:18:20.731Z', true, 'pickup', 'Katherine.Johnson89@gmail.com', 'Kiel', 'submitted', NULL, NULL);
INSERT INTO bid (ct_email, ct_price, start_date, end_date, is_cash, transport_method, pet_owner, pet_name, bid_status, feedback, rating) VALUES ('Tyler20@gmail.com', 1, '2020-11-14T15:27:19.244Z', '2020-11-20T17:18:20.731Z', true, 'pickup', 'Stanton_Rath8@yahoo.com', 'Kennith', 'submitted', NULL, NULL);
INSERT INTO bid (ct_email, ct_price, start_date, end_date, is_cash, transport_method, pet_owner, pet_name, bid_status, feedback, rating) VALUES ('Torrance49@hotmail.com', 15, '2020-11-14T15:27:19.244Z', '2020-11-20T17:18:20.731Z', true, 'pickup', 'Immanuel13@gmail.com', 'Merlin', 'submitted', NULL, NULL);
INSERT INTO bid (ct_email, ct_price, start_date, end_date, is_cash, transport_method, pet_owner, pet_name, bid_status, feedback, rating) VALUES ('Bud_Crooks@yahoo.com', 2, '2020-11-14T15:27:19.244Z', '2020-11-20T17:18:20.731Z', true, 'pickup', 'Werner_Ward@yahoo.com', 'Jonathon', 'submitted', NULL, NULL);
INSERT INTO bid (ct_email, ct_price, start_date, end_date, is_cash, transport_method, pet_owner, pet_name, bid_status, feedback, rating) VALUES ('Alyson.Hamill80@gmail.com', 16, '2020-11-14T15:27:19.244Z', '2020-11-20T17:18:20.731Z', true, 'pcs', 'Jacynthe_Shields48@yahoo.com', 'Bridget', 'submitted', NULL, NULL);
INSERT INTO bid (ct_email, ct_price, start_date, end_date, is_cash, transport_method, pet_owner, pet_name, bid_status, feedback, rating) VALUES ('Reynold14@gmail.com', 2, '2020-11-14T15:27:19.244Z', '2020-11-20T17:18:20.731Z', true, 'pcs', 'Rosalia.Crona@hotmail.com', 'Bridie', 'submitted', NULL, NULL);
INSERT INTO bid (ct_email, ct_price, start_date, end_date, is_cash, transport_method, pet_owner, pet_name, bid_status, feedback, rating) VALUES ('Daphnee.Morissette@hotmail.com', 1, '2020-11-14T15:27:19.244Z', '2020-11-20T17:18:20.731Z', true, 'delivery', 'Kailey.Schoen83@hotmail.com', 'Leonora', 'submitted', NULL, NULL);
INSERT INTO bid (ct_email, ct_price, start_date, end_date, is_cash, transport_method, pet_owner, pet_name, bid_status, feedback, rating) VALUES ('Audrey.Hills@hotmail.com', 14, '2020-11-14T15:27:19.244Z', '2020-11-20T17:18:20.731Z', true, 'delivery', 'Gail_Weissnat@yahoo.com', 'Cletus', 'submitted', NULL, NULL);
INSERT INTO bid (ct_email, ct_price, start_date, end_date, is_cash, transport_method, pet_owner, pet_name, bid_status, feedback, rating) VALUES ('Cali.Zboncak97@hotmail.com', 11, '2020-11-14T15:27:19.244Z', '2020-11-20T17:18:20.731Z', true, 'pcs', 'Ivah10@gmail.com', 'Vivianne', 'submitted', NULL, NULL);
INSERT INTO bid (ct_email, ct_price, start_date, end_date, is_cash, transport_method, pet_owner, pet_name, bid_status, feedback, rating) VALUES ('Waino51@hotmail.com', 18, '2020-11-14T15:27:19.244Z', '2020-11-20T17:18:20.731Z', true, 'delivery', 'Garry88@gmail.com', 'Lee', 'submitted', NULL, NULL);
INSERT INTO bid (ct_email, ct_price, start_date, end_date, is_cash, transport_method, pet_owner, pet_name, bid_status, feedback, rating) VALUES ('Annetta40@hotmail.com', 17, '2020-11-14T15:27:19.244Z', '2020-11-20T17:18:20.731Z', true, 'pcs', 'Nikko_Connelly@gmail.com', 'Marguerite', 'submitted', NULL, NULL);
INSERT INTO bid (ct_email, ct_price, start_date, end_date, is_cash, transport_method, pet_owner, pet_name, bid_status, feedback, rating) VALUES ('Cicero.Ondricka@gmail.com', 9, '2020-11-14T15:27:19.244Z', '2020-11-20T17:18:20.731Z', true, 'delivery', 'Gudrun38@yahoo.com', 'Wallace', 'submitted', NULL, NULL);
INSERT INTO bid (ct_email, ct_price, start_date, end_date, is_cash, transport_method, pet_owner, pet_name, bid_status, feedback, rating) VALUES ('Sonny1@yahoo.com', 4, '2020-11-14T15:27:19.244Z', '2020-11-20T17:18:20.731Z', true, 'pickup', 'Carmelo_Mills@yahoo.com', 'Enrico', 'submitted', NULL, NULL);
INSERT INTO bid (ct_email, ct_price, start_date, end_date, is_cash, transport_method, pet_owner, pet_name, bid_status, feedback, rating) VALUES ('Barbara.Mitchell36@gmail.com', 3, '2020-11-14T15:27:19.244Z', '2020-11-20T17:18:20.731Z', true, 'pickup', 'Reggie.Cormier0@yahoo.com', 'Kurt', 'submitted', NULL, NULL);
INSERT INTO bid (ct_email, ct_price, start_date, end_date, is_cash, transport_method, pet_owner, pet_name, bid_status, feedback, rating) VALUES ('Patsy39@hotmail.com', 18, '2020-11-14T15:27:19.244Z', '2020-11-20T17:18:20.731Z', true, 'pcs', 'Tony_Huel45@hotmail.com', 'Robyn', 'submitted', NULL, NULL);
INSERT INTO bid (ct_email, ct_price, start_date, end_date, is_cash, transport_method, pet_owner, pet_name, bid_status, feedback, rating) VALUES ('Dylan9@hotmail.com', 18, '2020-11-14T15:27:19.244Z', '2020-11-20T17:18:20.731Z', true, 'delivery', 'Sidney20@gmail.com', 'Raheem', 'submitted', NULL, NULL);
INSERT INTO bid (ct_email, ct_price, start_date, end_date, is_cash, transport_method, pet_owner, pet_name, bid_status, feedback, rating) VALUES ('Kobe30@gmail.com', 14, '2020-11-14T15:27:19.244Z', '2020-11-20T17:18:20.731Z', true, 'delivery', 'Easton62@gmail.com', 'Rey', 'submitted', NULL, NULL);
INSERT INTO bid (ct_email, ct_price, start_date, end_date, is_cash, transport_method, pet_owner, pet_name, bid_status, feedback, rating) VALUES ('Clementina51@hotmail.com', 9, '2020-11-14T15:27:19.244Z', '2020-11-20T17:18:20.731Z', true, 'delivery', 'Shannon74@yahoo.com', 'Jefferey', 'submitted', NULL, NULL);
INSERT INTO bid (ct_email, ct_price, start_date, end_date, is_cash, transport_method, pet_owner, pet_name, bid_status, feedback, rating) VALUES ('Josiah59@yahoo.com', 16, '2020-11-14T15:27:19.244Z', '2020-11-20T17:18:20.731Z', true, 'pcs', 'Leanna99@hotmail.com', 'Letha', 'submitted', NULL, NULL);
INSERT INTO bid (ct_email, ct_price, start_date, end_date, is_cash, transport_method, pet_owner, pet_name, bid_status, feedback, rating) VALUES ('Thad_Lueilwitz@yahoo.com', 2, '2020-11-14T15:27:19.244Z', '2020-11-20T17:18:20.731Z', true, 'delivery', 'Bart_Glover@yahoo.com', 'Sigmund', 'submitted', NULL, NULL);
INSERT INTO bid (ct_email, ct_price, start_date, end_date, is_cash, transport_method, pet_owner, pet_name, bid_status, feedback, rating) VALUES ('Travis_Schiller@yahoo.com', 2, '2020-11-14T15:27:19.244Z', '2020-11-20T17:18:20.731Z', true, 'pickup', 'Jasen56@hotmail.com', 'Tomas', 'submitted', NULL, NULL);
INSERT INTO bid (ct_email, ct_price, start_date, end_date, is_cash, transport_method, pet_owner, pet_name, bid_status, feedback, rating) VALUES ('Favian_Effertz@yahoo.com', 2, '2020-11-14T15:27:19.244Z', '2020-11-20T17:18:20.731Z', true, 'delivery', 'Carter.Torphy@hotmail.com', 'Daryl', 'submitted', NULL, NULL);
INSERT INTO bid (ct_email, ct_price, start_date, end_date, is_cash, transport_method, pet_owner, pet_name, bid_status, feedback, rating) VALUES ('Furman_Ondricka@gmail.com', 14, '2020-11-14T15:27:19.244Z', '2020-11-20T17:18:20.731Z', true, 'pcs', 'Merritt.Bradtke@gmail.com', 'Yadira', 'submitted', NULL, NULL);
INSERT INTO bid (ct_email, ct_price, start_date, end_date, is_cash, transport_method, pet_owner, pet_name, bid_status, feedback, rating) VALUES ('Florencio.Stamm@yahoo.com', 5, '2020-11-14T15:27:19.244Z', '2020-11-20T17:18:20.731Z', true, 'pcs', 'Kendrick41@hotmail.com', 'Agustina', 'submitted', NULL, NULL);
INSERT INTO bid (ct_email, ct_price, start_date, end_date, is_cash, transport_method, pet_owner, pet_name, bid_status, feedback, rating) VALUES ('Aliyah15@gmail.com', 12, '2020-11-14T15:27:19.244Z', '2020-11-20T17:18:20.731Z', true, 'pcs', 'Giovanni.Howe49@gmail.com', 'Lottie', 'submitted', NULL, NULL);
INSERT INTO bid (ct_email, ct_price, start_date, end_date, is_cash, transport_method, pet_owner, pet_name, bid_status, feedback, rating) VALUES ('Wilbert_Sawayn46@hotmail.com', 0, '2020-11-14T15:27:19.244Z', '2020-11-20T17:18:20.731Z', true, 'pcs', 'Peter.Aufderhar37@hotmail.com', 'Lauren', 'submitted', NULL, NULL);
INSERT INTO bid (ct_email, ct_price, start_date, end_date, is_cash, transport_method, pet_owner, pet_name, bid_status, feedback, rating) VALUES ('Felix46@yahoo.com', 9, '2020-11-14T15:27:19.244Z', '2020-11-20T17:18:20.731Z', true, 'delivery', 'Eddie_Murray@gmail.com', 'Morton', 'submitted', NULL, NULL);
INSERT INTO bid (ct_email, ct_price, start_date, end_date, is_cash, transport_method, pet_owner, pet_name, bid_status, feedback, rating) VALUES ('Augusta.Wisozk26@yahoo.com', 14, '2020-11-14T15:27:19.244Z', '2020-11-20T17:18:20.731Z', true, 'pickup', 'Clint8@hotmail.com', 'Roel', 'submitted', NULL, NULL);
INSERT INTO bid (ct_email, ct_price, start_date, end_date, is_cash, transport_method, pet_owner, pet_name, bid_status, feedback, rating) VALUES ('Jarod.Boyle@gmail.com', 2, '2020-11-14T15:27:19.244Z', '2020-11-20T17:18:20.731Z', true, 'pickup', 'Katrina43@hotmail.com', 'Christian', 'submitted', NULL, NULL);
INSERT INTO bid (ct_email, ct_price, start_date, end_date, is_cash, transport_method, pet_owner, pet_name, bid_status, feedback, rating) VALUES ('Nyah90@gmail.com', 17, '2020-11-14T15:27:19.244Z', '2020-11-20T17:18:20.731Z', true, 'pickup', 'Dorothy.Muller@yahoo.com', 'Nya', 'submitted', NULL, NULL);
INSERT INTO bid (ct_email, ct_price, start_date, end_date, is_cash, transport_method, pet_owner, pet_name, bid_status, feedback, rating) VALUES ('Jaunita_Borer@yahoo.com', 18, '2020-11-14T15:27:19.244Z', '2020-11-20T17:18:20.731Z', true, 'pickup', 'Heloise.Dietrich61@gmail.com', 'Gracie', 'submitted', NULL, NULL);
INSERT INTO bid (ct_email, ct_price, start_date, end_date, is_cash, transport_method, pet_owner, pet_name, bid_status, feedback, rating) VALUES ('Kaci.Rolfson53@yahoo.com', 2, '2020-11-14T15:27:19.244Z', '2020-11-20T17:18:20.731Z', true, 'pickup', 'Kris.Predovic@hotmail.com', 'Gwendolyn', 'submitted', NULL, NULL);
INSERT INTO bid (ct_email, ct_price, start_date, end_date, is_cash, transport_method, pet_owner, pet_name, bid_status, feedback, rating) VALUES ('Rebecca20@yahoo.com', 4, '2020-11-14T15:27:19.244Z', '2020-11-20T17:18:20.731Z', true, 'pickup', 'Ellen82@gmail.com', 'Armand', 'submitted', NULL, NULL);
INSERT INTO bid (ct_email, ct_price, start_date, end_date, is_cash, transport_method, pet_owner, pet_name, bid_status, feedback, rating) VALUES ('Elwyn.Hoeger89@gmail.com', 18, '2020-11-14T15:27:19.244Z', '2020-11-20T17:18:20.731Z', true, 'delivery', 'Vicente63@gmail.com', 'Alejandra', 'submitted', NULL, NULL);
INSERT INTO bid (ct_email, ct_price, start_date, end_date, is_cash, transport_method, pet_owner, pet_name, bid_status, feedback, rating) VALUES ('Darion43@gmail.com', 19, '2020-11-14T15:27:19.244Z', '2020-11-20T17:18:20.731Z', true, 'pickup', 'Eliza_Deckow@gmail.com', 'Blair', 'submitted', NULL, NULL);
INSERT INTO bid (ct_email, ct_price, start_date, end_date, is_cash, transport_method, pet_owner, pet_name, bid_status, feedback, rating) VALUES ('Lelah.Dare@hotmail.com', 7, '2020-11-14T15:27:19.244Z', '2020-11-20T17:18:20.731Z', true, 'delivery', 'Amira65@hotmail.com', 'Karianne', 'submitted', NULL, NULL);
INSERT INTO bid (ct_email, ct_price, start_date, end_date, is_cash, transport_method, pet_owner, pet_name, bid_status, feedback, rating) VALUES ('Joaquin.Terry@hotmail.com', 12, '2020-11-14T15:27:19.244Z', '2020-11-20T17:18:20.731Z', true, 'delivery', 'Glennie.Considine63@gmail.com', 'Zella', 'submitted', NULL, NULL);
INSERT INTO bid (ct_email, ct_price, start_date, end_date, is_cash, transport_method, pet_owner, pet_name, bid_status, feedback, rating) VALUES ('Rickey34@yahoo.com', 8, '2020-11-14T15:27:19.244Z', '2020-11-20T17:18:20.731Z', true, 'pcs', 'Sigurd.Walter@gmail.com', 'Trisha', 'submitted', NULL, NULL);
INSERT INTO bid (ct_email, ct_price, start_date, end_date, is_cash, transport_method, pet_owner, pet_name, bid_status, feedback, rating) VALUES ('Alba_Balistreri@hotmail.com', 3, '2020-11-14T15:27:19.244Z', '2020-11-20T17:18:20.731Z', true, 'pickup', 'Eloise_Raynor72@yahoo.com', 'Werner', 'submitted', NULL, NULL);
INSERT INTO bid (ct_email, ct_price, start_date, end_date, is_cash, transport_method, pet_owner, pet_name, bid_status, feedback, rating) VALUES ('Roscoe.Mante@gmail.com', 20, '2020-11-14T15:27:19.244Z', '2020-11-20T17:18:20.731Z', true, 'pcs', 'Jacques.Cummings@hotmail.com', 'Roxane', 'submitted', NULL, NULL);
INSERT INTO bid (ct_email, ct_price, start_date, end_date, is_cash, transport_method, pet_owner, pet_name, bid_status, feedback, rating) VALUES ('Kendra60@hotmail.com', 20, '2020-11-14T15:27:19.244Z', '2020-11-20T17:18:20.731Z', true, 'pickup', 'Dexter_Lockman@gmail.com', 'Viviane', 'submitted', NULL, NULL);
INSERT INTO bid (ct_email, ct_price, start_date, end_date, is_cash, transport_method, pet_owner, pet_name, bid_status, feedback, rating) VALUES ('Harmony27@gmail.com', 11, '2020-11-14T15:27:19.244Z', '2020-11-20T17:18:20.731Z', true, 'pickup', 'Else.Schneider@gmail.com', 'Dasia', 'submitted', NULL, NULL);
INSERT INTO bid (ct_email, ct_price, start_date, end_date, is_cash, transport_method, pet_owner, pet_name, bid_status, feedback, rating) VALUES ('Nadia46@gmail.com', 0, '2020-11-14T15:27:19.244Z', '2020-11-20T17:18:20.731Z', true, 'delivery', 'Eveline.Bergstrom@hotmail.com', 'Cristal', 'submitted', NULL, NULL);
INSERT INTO bid (ct_email, ct_price, start_date, end_date, is_cash, transport_method, pet_owner, pet_name, bid_status, feedback, rating) VALUES ('Herminio.Von@gmail.com', 7, '2020-11-14T15:27:19.244Z', '2020-11-20T17:18:20.731Z', true, 'delivery', 'Jovanny.Spinka95@hotmail.com', 'Norene', 'submitted', NULL, NULL);
INSERT INTO bid (ct_email, ct_price, start_date, end_date, is_cash, transport_method, pet_owner, pet_name, bid_status, feedback, rating) VALUES ('Zoie.Crona0@yahoo.com', 19, '2020-11-14T15:27:19.244Z', '2020-11-20T17:18:20.731Z', true, 'pcs', 'Sydney19@hotmail.com', 'Samantha', 'submitted', NULL, NULL);
INSERT INTO bid (ct_email, ct_price, start_date, end_date, is_cash, transport_method, pet_owner, pet_name, bid_status, feedback, rating) VALUES ('Kattie96@yahoo.com', 4, '2020-11-14T15:27:19.244Z', '2020-11-20T17:18:20.731Z', true, 'pickup', 'Asha_Okuneva52@gmail.com', 'Dortha', 'submitted', NULL, NULL);
INSERT INTO bid (ct_email, ct_price, start_date, end_date, is_cash, transport_method, pet_owner, pet_name, bid_status, feedback, rating) VALUES ('Trever.Smith38@hotmail.com', 9, '2020-11-14T15:27:19.244Z', '2020-11-20T17:18:20.731Z', true, 'pcs', 'Russel25@gmail.com', 'Leonel', 'submitted', NULL, NULL);
INSERT INTO bid (ct_email, ct_price, start_date, end_date, is_cash, transport_method, pet_owner, pet_name, bid_status, feedback, rating) VALUES ('Mike27@hotmail.com', 13, '2020-11-14T15:27:19.244Z', '2020-11-20T17:18:20.731Z', true, 'pickup', 'Yvonne5@hotmail.com', 'Elna', 'submitted', NULL, NULL);
INSERT INTO bid (ct_email, ct_price, start_date, end_date, is_cash, transport_method, pet_owner, pet_name, bid_status, feedback, rating) VALUES ('Kasandra_Quitzon@yahoo.com', 19, '2020-11-14T15:27:19.244Z', '2020-11-20T17:18:20.731Z', true, 'pcs', 'Dorthy10@gmail.com', 'Kim', 'submitted', NULL, NULL);
INSERT INTO bid (ct_email, ct_price, start_date, end_date, is_cash, transport_method, pet_owner, pet_name, bid_status, feedback, rating) VALUES ('Stevie61@hotmail.com', 2, '2020-11-14T15:27:19.244Z', '2020-11-20T17:18:20.731Z', true, 'pcs', 'Adriana28@gmail.com', 'Brayan', 'submitted', NULL, NULL);
INSERT INTO bid (ct_email, ct_price, start_date, end_date, is_cash, transport_method, pet_owner, pet_name, bid_status, feedback, rating) VALUES ('Delfina.Sipes@hotmail.com', 12, '2020-11-14T15:27:19.244Z', '2020-11-20T17:18:20.731Z', true, 'pcs', 'Annie36@gmail.com', 'Dianna', 'submitted', NULL, NULL);
INSERT INTO bid (ct_email, ct_price, start_date, end_date, is_cash, transport_method, pet_owner, pet_name, bid_status, feedback, rating) VALUES ('Dorothy_Kuhn82@yahoo.com', 4, '2020-11-14T15:27:19.244Z', '2020-11-20T17:18:20.731Z', true, 'delivery', 'Webster.Nitzsche50@gmail.com', 'Lester', 'submitted', NULL, NULL);
INSERT INTO bid (ct_email, ct_price, start_date, end_date, is_cash, transport_method, pet_owner, pet_name, bid_status, feedback, rating) VALUES ('Rosanna.Von57@hotmail.com', 5, '2020-11-14T15:27:19.244Z', '2020-11-20T17:18:20.731Z', true, 'pcs', 'Lucious79@hotmail.com', 'Waylon', 'submitted', NULL, NULL);
INSERT INTO bid (ct_email, ct_price, start_date, end_date, is_cash, transport_method, pet_owner, pet_name, bid_status, feedback, rating) VALUES ('Savion_Smitham@yahoo.com', 0, '2020-11-14T15:27:19.244Z', '2020-11-20T17:18:20.731Z', true, 'pickup', 'Diana_Bradtke@yahoo.com', 'Johnson', 'submitted', NULL, NULL);
INSERT INTO bid (ct_email, ct_price, start_date, end_date, is_cash, transport_method, pet_owner, pet_name, bid_status, feedback, rating) VALUES ('Lue17@hotmail.com', 13, '2020-11-14T15:27:19.244Z', '2020-11-20T17:18:20.731Z', true, 'delivery', 'Adolfo59@gmail.com', 'Lyda', 'submitted', NULL, NULL);
INSERT INTO bid (ct_email, ct_price, start_date, end_date, is_cash, transport_method, pet_owner, pet_name, bid_status, feedback, rating) VALUES ('Marietta61@gmail.com', 9, '2020-11-14T15:27:19.244Z', '2020-11-20T17:18:20.731Z', true, 'delivery', 'Rahsaan_Kunde73@hotmail.com', 'Jo', 'submitted', NULL, NULL);
INSERT INTO bid (ct_email, ct_price, start_date, end_date, is_cash, transport_method, pet_owner, pet_name, bid_status, feedback, rating) VALUES ('Nicklaus_Schmeler11@hotmail.com', 9, '2020-11-14T15:27:19.244Z', '2020-11-20T17:18:20.731Z', true, 'delivery', 'Leif_Gerhold64@yahoo.com', 'Krystel', 'submitted', NULL, NULL);
INSERT INTO bid (ct_email, ct_price, start_date, end_date, is_cash, transport_method, pet_owner, pet_name, bid_status, feedback, rating) VALUES ('Nadia.Schmidt@yahoo.com', 2, '2020-11-14T15:27:19.244Z', '2020-11-20T17:18:20.731Z', true, 'pickup', 'Albin.Sawayn3@yahoo.com', 'Mohammad', 'submitted', NULL, NULL);
INSERT INTO bid (ct_email, ct_price, start_date, end_date, is_cash, transport_method, pet_owner, pet_name, bid_status, feedback, rating) VALUES ('Shanon33@yahoo.com', 13, '2020-11-14T15:27:19.244Z', '2020-11-20T17:18:20.731Z', true, 'delivery', 'Bart.Strosin@gmail.com', 'Demond', 'submitted', NULL, NULL);
INSERT INTO bid (ct_email, ct_price, start_date, end_date, is_cash, transport_method, pet_owner, pet_name, bid_status, feedback, rating) VALUES ('Claude70@hotmail.com', 16, '2020-11-14T15:27:19.244Z', '2020-11-20T17:18:20.731Z', true, 'pcs', 'Westley_Hyatt@yahoo.com', 'Matilda', 'submitted', NULL, NULL);
INSERT INTO bid (ct_email, ct_price, start_date, end_date, is_cash, transport_method, pet_owner, pet_name, bid_status, feedback, rating) VALUES ('Erik.Bartell@hotmail.com', 20, '2020-11-14T15:27:19.244Z', '2020-11-20T17:18:20.731Z', true, 'pickup', 'Isom22@yahoo.com', 'Kendra', 'submitted', NULL, NULL);
INSERT INTO bid (ct_email, ct_price, start_date, end_date, is_cash, transport_method, pet_owner, pet_name, bid_status, feedback, rating) VALUES ('Lina33@gmail.com', 7, '2020-11-14T15:27:19.244Z', '2020-11-20T17:18:20.731Z', true, 'pickup', 'Mike27@hotmail.com', 'Lonzo', 'submitted', NULL, NULL);
INSERT INTO bid (ct_email, ct_price, start_date, end_date, is_cash, transport_method, pet_owner, pet_name, bid_status, feedback, rating) VALUES ('Demario99@hotmail.com', 18, '2020-11-14T15:27:19.244Z', '2020-11-20T17:18:20.731Z', true, 'delivery', 'Keshawn_Predovic@yahoo.com', 'Vada', 'submitted', NULL, NULL);
INSERT INTO bid (ct_email, ct_price, start_date, end_date, is_cash, transport_method, pet_owner, pet_name, bid_status, feedback, rating) VALUES ('Eileen.Reynolds28@hotmail.com', 12, '2020-11-14T15:27:19.244Z', '2020-11-20T17:18:20.731Z', true, 'delivery', 'Javonte90@yahoo.com', 'Darian', 'submitted', NULL, NULL);
INSERT INTO bid (ct_email, ct_price, start_date, end_date, is_cash, transport_method, pet_owner, pet_name, bid_status, feedback, rating) VALUES ('Andrew.Sanford@yahoo.com', 12, '2020-11-14T15:27:19.244Z', '2020-11-20T17:18:20.731Z', true, 'delivery', 'Ramiro25@gmail.com', 'Verona', 'submitted', NULL, NULL);
INSERT INTO bid (ct_email, ct_price, start_date, end_date, is_cash, transport_method, pet_owner, pet_name, bid_status, feedback, rating) VALUES ('Ottilie.Carter18@gmail.com', 12, '2020-11-14T15:27:19.244Z', '2020-11-20T17:18:20.731Z', true, 'pcs', 'Reba.Maggio@yahoo.com', 'Pete', 'submitted', NULL, NULL);
INSERT INTO bid (ct_email, ct_price, start_date, end_date, is_cash, transport_method, pet_owner, pet_name, bid_status, feedback, rating) VALUES ('Ruthe88@gmail.com', 15, '2020-11-14T15:27:19.244Z', '2020-11-20T17:18:20.731Z', true, 'pcs', 'German65@hotmail.com', 'Annetta', 'submitted', NULL, NULL);
INSERT INTO bid (ct_email, ct_price, start_date, end_date, is_cash, transport_method, pet_owner, pet_name, bid_status, feedback, rating) VALUES ('Ardella_Klocko97@yahoo.com', 2, '2020-11-14T15:27:19.244Z', '2020-11-20T17:18:20.731Z', true, 'delivery', 'Katelynn_Jakubowski71@yahoo.com', 'Xander', 'submitted', NULL, NULL);
INSERT INTO bid (ct_email, ct_price, start_date, end_date, is_cash, transport_method, pet_owner, pet_name, bid_status, feedback, rating) VALUES ('Jovanny43@yahoo.com', 18, '2020-11-14T15:27:19.244Z', '2020-11-20T17:18:20.731Z', true, 'pcs', 'Arno.Ferry74@yahoo.com', 'Michael', 'submitted', NULL, NULL);
INSERT INTO bid (ct_email, ct_price, start_date, end_date, is_cash, transport_method, pet_owner, pet_name, bid_status, feedback, rating) VALUES ('Rosina.Schneider28@gmail.com', 2, '2020-11-14T15:27:19.244Z', '2020-11-20T17:18:20.731Z', true, 'delivery', 'Suzanne.Blick85@yahoo.com', 'Micheal', 'submitted', NULL, NULL);
INSERT INTO bid (ct_email, ct_price, start_date, end_date, is_cash, transport_method, pet_owner, pet_name, bid_status, feedback, rating) VALUES ('Vaughn.Weissnat68@hotmail.com', 12, '2020-11-14T15:27:19.244Z', '2020-11-20T17:18:20.731Z', true, 'pcs', 'Carson47@gmail.com', 'Stacey', 'submitted', NULL, NULL);
INSERT INTO bid (ct_email, ct_price, start_date, end_date, is_cash, transport_method, pet_owner, pet_name, bid_status, feedback, rating) VALUES ('Tyrese49@hotmail.com', 1, '2020-11-14T15:27:19.244Z', '2020-11-20T17:18:20.731Z', true, 'delivery', 'Tristian_Heller31@yahoo.com', 'Stanford', 'submitted', NULL, NULL);
INSERT INTO bid (ct_email, ct_price, start_date, end_date, is_cash, transport_method, pet_owner, pet_name, bid_status, feedback, rating) VALUES ('Franco_Nienow6@gmail.com', 10, '2020-11-14T15:27:19.244Z', '2020-11-20T17:18:20.731Z', true, 'pcs', 'Montana_Osinski@yahoo.com', 'Vincenza', 'submitted', NULL, NULL);
INSERT INTO bid (ct_email, ct_price, start_date, end_date, is_cash, transport_method, pet_owner, pet_name, bid_status, feedback, rating) VALUES ('Bailey.Gaylord61@yahoo.com', 5, '2020-11-14T15:27:19.244Z', '2020-11-20T17:18:20.731Z', true, 'pcs', 'Claudia.Heaney66@hotmail.com', 'Itzel', 'submitted', NULL, NULL);
INSERT INTO bid (ct_email, ct_price, start_date, end_date, is_cash, transport_method, pet_owner, pet_name, bid_status, feedback, rating) VALUES ('Garry88@gmail.com', 3, '2020-11-14T15:27:19.244Z', '2020-11-20T17:18:20.731Z', true, 'pcs', 'Citlalli.Haag76@gmail.com', 'Felicita', 'submitted', NULL, NULL);
INSERT INTO bid (ct_email, ct_price, start_date, end_date, is_cash, transport_method, pet_owner, pet_name, bid_status, feedback, rating) VALUES ('Katelynn_Jakubowski71@yahoo.com', 3, '2020-11-14T15:27:19.244Z', '2020-11-20T17:18:20.731Z', true, 'pcs', 'Trudie55@hotmail.com', 'Leif', 'submitted', NULL, NULL);
INSERT INTO bid (ct_email, ct_price, start_date, end_date, is_cash, transport_method, pet_owner, pet_name, bid_status, feedback, rating) VALUES ('Andre98@hotmail.com', 12, '2020-11-14T15:27:19.244Z', '2020-11-20T17:18:20.731Z', true, 'delivery', 'Stephania.Hackett@gmail.com', 'Jared', 'submitted', NULL, NULL);
INSERT INTO bid (ct_email, ct_price, start_date, end_date, is_cash, transport_method, pet_owner, pet_name, bid_status, feedback, rating) VALUES ('Florence73@hotmail.com', 6, '2020-11-14T15:27:19.244Z', '2020-11-20T17:18:20.731Z', true, 'pcs', 'Hanna.Homenick31@yahoo.com', 'Savannah', 'submitted', NULL, NULL);
INSERT INTO bid (ct_email, ct_price, start_date, end_date, is_cash, transport_method, pet_owner, pet_name, bid_status, feedback, rating) VALUES ('Eddie10@yahoo.com', 10, '2020-11-14T15:27:19.244Z', '2020-11-20T17:18:20.731Z', true, 'delivery', 'Rex78@hotmail.com', 'Guadalupe', 'submitted', NULL, NULL);
INSERT INTO bid (ct_email, ct_price, start_date, end_date, is_cash, transport_method, pet_owner, pet_name, bid_status, feedback, rating) VALUES ('Samantha_Parker15@yahoo.com', 1, '2020-11-14T15:27:19.244Z', '2020-11-20T17:18:20.731Z', true, 'delivery', 'Adella_Predovic@yahoo.com', 'Marques', 'submitted', NULL, NULL);
INSERT INTO bid (ct_email, ct_price, start_date, end_date, is_cash, transport_method, pet_owner, pet_name, bid_status, feedback, rating) VALUES ('Beverly69@gmail.com', 16, '2020-11-14T15:27:19.244Z', '2020-11-20T17:18:20.731Z', true, 'pcs', 'Darryl_Ward@hotmail.com', 'Elmira', 'submitted', NULL, NULL);
INSERT INTO bid (ct_email, ct_price, start_date, end_date, is_cash, transport_method, pet_owner, pet_name, bid_status, feedback, rating) VALUES ('Wallace_Heidenreich@hotmail.com', 9, '2020-11-14T15:27:19.244Z', '2020-11-20T17:18:20.731Z', true, 'delivery', 'Keeley71@yahoo.com', 'Jon', 'submitted', NULL, NULL);
INSERT INTO bid (ct_email, ct_price, start_date, end_date, is_cash, transport_method, pet_owner, pet_name, bid_status, feedback, rating) VALUES ('Diana_Bradtke@yahoo.com', 3, '2020-11-14T15:27:19.244Z', '2020-11-20T17:18:20.731Z', true, 'pcs', 'Keenan.Grady80@hotmail.com', 'Esteban', 'submitted', NULL, NULL);
INSERT INTO bid (ct_email, ct_price, start_date, end_date, is_cash, transport_method, pet_owner, pet_name, bid_status, feedback, rating) VALUES ('Vernice.Gaylord@gmail.com', 5, '2020-11-14T15:27:19.244Z', '2020-11-20T17:18:20.731Z', true, 'delivery', 'Margarita.Hermiston@yahoo.com', 'Sophie', 'submitted', NULL, NULL);
INSERT INTO bid (ct_email, ct_price, start_date, end_date, is_cash, transport_method, pet_owner, pet_name, bid_status, feedback, rating) VALUES ('Alexandro63@yahoo.com', 13, '2020-11-14T15:27:19.244Z', '2020-11-20T17:18:20.731Z', true, 'pcs', 'Eleanore34@hotmail.com', 'Lina', 'submitted', NULL, NULL);
INSERT INTO bid (ct_email, ct_price, start_date, end_date, is_cash, transport_method, pet_owner, pet_name, bid_status, feedback, rating) VALUES ('Alysa77@hotmail.com', 10, '2020-11-14T15:27:19.244Z', '2020-11-20T17:18:20.731Z', true, 'delivery', 'Anissa.Volkman@hotmail.com', 'Nettie', 'submitted', NULL, NULL);
INSERT INTO bid (ct_email, ct_price, start_date, end_date, is_cash, transport_method, pet_owner, pet_name, bid_status, feedback, rating) VALUES ('Sonia.Medhurst@yahoo.com', 17, '2020-11-14T15:27:19.244Z', '2020-11-20T17:18:20.731Z', true, 'delivery', 'Kavon_Spencer@hotmail.com', 'Stefan', 'submitted', NULL, NULL);
INSERT INTO bid (ct_email, ct_price, start_date, end_date, is_cash, transport_method, pet_owner, pet_name, bid_status, feedback, rating) VALUES ('Jamel44@yahoo.com', 18, '2020-11-14T15:27:19.244Z', '2020-11-20T17:18:20.731Z', true, 'delivery', 'Santiago_Strosin@yahoo.com', 'Jerel', 'submitted', NULL, NULL);
INSERT INTO bid (ct_email, ct_price, start_date, end_date, is_cash, transport_method, pet_owner, pet_name, bid_status, feedback, rating) VALUES ('Janessa71@hotmail.com', 14, '2020-11-14T15:27:19.244Z', '2020-11-20T17:18:20.731Z', true, 'delivery', 'Nat62@hotmail.com', 'Arely', 'submitted', NULL, NULL);
INSERT INTO bid (ct_email, ct_price, start_date, end_date, is_cash, transport_method, pet_owner, pet_name, bid_status, feedback, rating) VALUES ('Buford28@yahoo.com', 11, '2020-11-14T15:27:19.244Z', '2020-11-20T17:18:20.731Z', true, 'delivery', 'Timmy59@hotmail.com', 'Rod', 'submitted', NULL, NULL);
INSERT INTO bid (ct_email, ct_price, start_date, end_date, is_cash, transport_method, pet_owner, pet_name, bid_status, feedback, rating) VALUES ('Chandler.Sipes@yahoo.com', 18, '2020-11-14T15:27:19.244Z', '2020-11-20T17:18:20.731Z', true, 'pickup', 'Savannah33@gmail.com', 'Mavis', 'submitted', NULL, NULL);
INSERT INTO bid (ct_email, ct_price, start_date, end_date, is_cash, transport_method, pet_owner, pet_name, bid_status, feedback, rating) VALUES ('Yvonne5@hotmail.com', 0, '2020-11-14T15:27:19.244Z', '2020-11-20T17:18:20.731Z', true, 'delivery', 'Lon.Hamill28@hotmail.com', 'Arthur', 'submitted', NULL, NULL);
INSERT INTO bid (ct_email, ct_price, start_date, end_date, is_cash, transport_method, pet_owner, pet_name, bid_status, feedback, rating) VALUES ('Else.Schneider@gmail.com', 19, '2020-11-14T15:27:19.244Z', '2020-11-20T17:18:20.731Z', true, 'delivery', 'Miguel35@hotmail.com', 'Ara', 'submitted', NULL, NULL);
INSERT INTO bid (ct_email, ct_price, start_date, end_date, is_cash, transport_method, pet_owner, pet_name, bid_status, feedback, rating) VALUES ('Fiona_Wiza13@gmail.com', 5, '2020-11-14T15:27:19.244Z', '2020-11-20T17:18:20.731Z', true, 'pcs', 'Ismael_Senger@hotmail.com', 'Maribel', 'submitted', NULL, NULL);
INSERT INTO bid (ct_email, ct_price, start_date, end_date, is_cash, transport_method, pet_owner, pet_name, bid_status, feedback, rating) VALUES ('Billie86@gmail.com', 9, '2020-11-14T15:27:19.244Z', '2020-11-20T17:18:20.731Z', true, 'pcs', 'Milton_Marvin81@gmail.com', 'Raina', 'submitted', NULL, NULL);
INSERT INTO bid (ct_email, ct_price, start_date, end_date, is_cash, transport_method, pet_owner, pet_name, bid_status, feedback, rating) VALUES ('Grant_Kerluke64@yahoo.com', 4, '2020-11-14T15:27:19.244Z', '2020-11-20T17:18:20.731Z', true, 'pcs', 'Bud_Crooks@yahoo.com', 'Concepcion', 'submitted', NULL, NULL);
INSERT INTO bid (ct_email, ct_price, start_date, end_date, is_cash, transport_method, pet_owner, pet_name, bid_status, feedback, rating) VALUES ('Josh_Koelpin7@hotmail.com', 19, '2020-11-14T15:27:19.244Z', '2020-11-20T17:18:20.731Z', true, 'pcs', 'Taurean.Wilderman@gmail.com', 'Keely', 'submitted', NULL, NULL);
INSERT INTO bid (ct_email, ct_price, start_date, end_date, is_cash, transport_method, pet_owner, pet_name, bid_status, feedback, rating) VALUES ('Dena11@gmail.com', 2, '2020-11-14T15:27:19.244Z', '2020-11-20T17:18:20.731Z', true, 'delivery', 'Hailie_Stracke@hotmail.com', 'Lavina', 'submitted', NULL, NULL);
INSERT INTO bid (ct_email, ct_price, start_date, end_date, is_cash, transport_method, pet_owner, pet_name, bid_status, feedback, rating) VALUES ('Barry_Waelchi@yahoo.com', 18, '2020-11-14T15:27:19.244Z', '2020-11-20T17:18:20.731Z', true, 'delivery', 'Ilene_McCullough@gmail.com', 'Francisco', 'submitted', NULL, NULL);
INSERT INTO bid (ct_email, ct_price, start_date, end_date, is_cash, transport_method, pet_owner, pet_name, bid_status, feedback, rating) VALUES ('Kip_Thiel70@yahoo.com', 17, '2020-11-14T15:27:19.244Z', '2020-11-20T17:18:20.731Z', true, 'delivery', 'Isabella_Funk96@yahoo.com', 'Nora', 'submitted', NULL, NULL);
INSERT INTO bid (ct_email, ct_price, start_date, end_date, is_cash, transport_method, pet_owner, pet_name, bid_status, feedback, rating) VALUES ('Jackson1@gmail.com', 2, '2020-11-14T15:27:19.244Z', '2020-11-20T17:18:20.731Z', true, 'pickup', 'Garnett.Walter56@hotmail.com', 'Kylee', 'submitted', NULL, NULL);
INSERT INTO bid (ct_email, ct_price, start_date, end_date, is_cash, transport_method, pet_owner, pet_name, bid_status, feedback, rating) VALUES ('Kadin.Schuppe@hotmail.com', 13, '2020-11-14T15:27:19.244Z', '2020-11-20T17:18:20.731Z', true, 'pcs', 'Tyler20@gmail.com', 'Allie', 'submitted', NULL, NULL);
INSERT INTO bid (ct_email, ct_price, start_date, end_date, is_cash, transport_method, pet_owner, pet_name, bid_status, feedback, rating) VALUES ('Wilton43@hotmail.com', 5, '2020-11-14T15:27:19.244Z', '2020-11-20T17:18:20.731Z', true, 'delivery', 'Cary79@hotmail.com', 'Dulce', 'submitted', NULL, NULL);
INSERT INTO bid (ct_email, ct_price, start_date, end_date, is_cash, transport_method, pet_owner, pet_name, bid_status, feedback, rating) VALUES ('Angelita_Herman70@hotmail.com', 10, '2020-11-14T15:27:19.244Z', '2020-11-20T17:18:20.731Z', true, 'delivery', 'Corbin_Predovic1@yahoo.com', 'Kyle', 'submitted', NULL, NULL);
INSERT INTO bid (ct_email, ct_price, start_date, end_date, is_cash, transport_method, pet_owner, pet_name, bid_status, feedback, rating) VALUES ('Katlynn84@hotmail.com', 2, '2020-11-14T15:27:19.244Z', '2020-11-20T17:18:20.731Z', true, 'pickup', 'Sonia.Medhurst@yahoo.com', 'Orlando', 'submitted', NULL, NULL);
INSERT INTO bid (ct_email, ct_price, start_date, end_date, is_cash, transport_method, pet_owner, pet_name, bid_status, feedback, rating) VALUES ('Estevan.Moore79@yahoo.com', 15, '2020-11-14T15:27:19.244Z', '2020-11-20T17:18:20.731Z', true, 'delivery', 'Fanny_Weimann@yahoo.com', 'Jermain', 'submitted', NULL, NULL);
INSERT INTO bid (ct_email, ct_price, start_date, end_date, is_cash, transport_method, pet_owner, pet_name, bid_status, feedback, rating) VALUES ('Jimmy.Koch40@gmail.com', 3, '2020-11-14T15:27:19.244Z', '2020-11-20T17:18:20.731Z', true, 'pickup', 'Ivah.Pouros64@gmail.com', 'Asha', 'submitted', NULL, NULL);
INSERT INTO bid (ct_email, ct_price, start_date, end_date, is_cash, transport_method, pet_owner, pet_name, bid_status, feedback, rating) VALUES ('Harley_Boehm@yahoo.com', 14, '2020-11-14T15:27:19.244Z', '2020-11-20T17:18:20.731Z', true, 'pickup', 'Alvera.Weissnat@hotmail.com', 'Karen', 'submitted', NULL, NULL);
INSERT INTO bid (ct_email, ct_price, start_date, end_date, is_cash, transport_method, pet_owner, pet_name, bid_status, feedback, rating) VALUES ('Gardner.Kuvalis@gmail.com', 9, '2020-11-14T15:27:19.244Z', '2020-11-20T17:18:20.731Z', true, 'pcs', 'Lee89@hotmail.com', 'Aglae', 'submitted', NULL, NULL);
INSERT INTO bid (ct_email, ct_price, start_date, end_date, is_cash, transport_method, pet_owner, pet_name, bid_status, feedback, rating) VALUES ('Edwina92@gmail.com', 6, '2020-11-14T15:27:19.244Z', '2020-11-20T17:18:20.731Z', true, 'pickup', 'Otis.Lubowitz47@hotmail.com', 'Ferne', 'submitted', NULL, NULL);
INSERT INTO bid (ct_email, ct_price, start_date, end_date, is_cash, transport_method, pet_owner, pet_name, bid_status, feedback, rating) VALUES ('Mable_Daugherty99@hotmail.com', 18, '2020-11-14T15:27:19.244Z', '2020-11-20T17:18:20.731Z', true, 'delivery', 'Violette.Mraz29@gmail.com', 'Verdie', 'submitted', NULL, NULL);
INSERT INTO bid (ct_email, ct_price, start_date, end_date, is_cash, transport_method, pet_owner, pet_name, bid_status, feedback, rating) VALUES ('Leon_Kulas@yahoo.com', 18, '2020-11-14T15:27:19.244Z', '2020-11-20T17:18:20.731Z', true, 'pickup', 'Carlee.Hansen@gmail.com', 'Frederique', 'submitted', NULL, NULL);
INSERT INTO bid (ct_email, ct_price, start_date, end_date, is_cash, transport_method, pet_owner, pet_name, bid_status, feedback, rating) VALUES ('Lane.Hegmann41@gmail.com', 7, '2020-11-14T15:27:19.244Z', '2020-11-20T17:18:20.731Z', true, 'delivery', 'Abelardo98@gmail.com', 'Susie', 'submitted', NULL, NULL);
INSERT INTO bid (ct_email, ct_price, start_date, end_date, is_cash, transport_method, pet_owner, pet_name, bid_status, feedback, rating) VALUES ('Hanna.Homenick31@yahoo.com', 12, '2020-11-14T15:27:19.244Z', '2020-11-20T17:18:20.731Z', true, 'pickup', 'Seth.Rau@yahoo.com', 'Haleigh', 'submitted', NULL, NULL);
INSERT INTO bid (ct_email, ct_price, start_date, end_date, is_cash, transport_method, pet_owner, pet_name, bid_status, feedback, rating) VALUES ('Antwan56@yahoo.com', 18, '2020-11-14T15:27:19.244Z', '2020-11-20T17:18:20.731Z', true, 'pcs', 'Chesley.Brekke@yahoo.com', 'Aliya', 'submitted', NULL, NULL);
INSERT INTO bid (ct_email, ct_price, start_date, end_date, is_cash, transport_method, pet_owner, pet_name, bid_status, feedback, rating) VALUES ('Mack_Hills26@hotmail.com', 19, '2020-11-14T15:27:19.244Z', '2020-11-20T17:18:20.731Z', true, 'pcs', 'Sandy.Tremblay63@yahoo.com', 'Forrest', 'submitted', NULL, NULL);
INSERT INTO bid (ct_email, ct_price, start_date, end_date, is_cash, transport_method, pet_owner, pet_name, bid_status, feedback, rating) VALUES ('Elton_Schiller@gmail.com', 8, '2020-11-14T15:27:19.244Z', '2020-11-20T17:18:20.731Z', true, 'pickup', 'Joyce79@gmail.com', 'Gudrun', 'submitted', NULL, NULL);
INSERT INTO bid (ct_email, ct_price, start_date, end_date, is_cash, transport_method, pet_owner, pet_name, bid_status, feedback, rating) VALUES ('Gianni.Koelpin55@hotmail.com', 2, '2020-11-14T15:27:19.244Z', '2020-11-20T17:18:20.731Z', true, 'delivery', 'Dorothy_Kuhn82@yahoo.com', 'Liana', 'submitted', NULL, NULL);
INSERT INTO bid (ct_email, ct_price, start_date, end_date, is_cash, transport_method, pet_owner, pet_name, bid_status, feedback, rating) VALUES ('Hulda_Quitzon26@yahoo.com', 8, '2020-11-14T15:27:19.244Z', '2020-11-20T17:18:20.731Z', true, 'pickup', 'Viviane_Borer14@hotmail.com', 'Kathryne', 'submitted', NULL, NULL);
INSERT INTO bid (ct_email, ct_price, start_date, end_date, is_cash, transport_method, pet_owner, pet_name, bid_status, feedback, rating) VALUES ('Scottie.Frami3@gmail.com', 11, '2020-11-14T15:27:19.244Z', '2020-11-20T17:18:20.731Z', true, 'pcs', 'Vincent_Deckow88@gmail.com', 'Raoul', 'submitted', NULL, NULL);
INSERT INTO bid (ct_email, ct_price, start_date, end_date, is_cash, transport_method, pet_owner, pet_name, bid_status, feedback, rating) VALUES ('Carmela55@gmail.com', 20, '2020-11-14T15:27:19.244Z', '2020-11-20T17:18:20.731Z', true, 'pcs', 'Luna.Schoen18@yahoo.com', 'Adalberto', 'submitted', NULL, NULL);
INSERT INTO bid (ct_email, ct_price, start_date, end_date, is_cash, transport_method, pet_owner, pet_name, bid_status, feedback, rating) VALUES ('Yasmine_Jenkins69@gmail.com', 6, '2020-11-14T15:27:19.244Z', '2020-11-20T17:18:20.731Z', true, 'delivery', 'Kristian7@gmail.com', 'Minnie', 'submitted', NULL, NULL);
INSERT INTO bid (ct_email, ct_price, start_date, end_date, is_cash, transport_method, pet_owner, pet_name, bid_status, feedback, rating) VALUES ('Barry.Rodriguez82@yahoo.com', 18, '2020-11-14T15:27:19.244Z', '2020-11-20T17:18:20.731Z', true, 'pcs', 'Durward.Johnston99@gmail.com', 'Roosevelt', 'submitted', NULL, NULL);
INSERT INTO bid (ct_email, ct_price, start_date, end_date, is_cash, transport_method, pet_owner, pet_name, bid_status, feedback, rating) VALUES ('Ben_Johns@yahoo.com', 0, '2020-11-14T15:27:19.244Z', '2020-11-20T17:18:20.731Z', true, 'pickup', 'Julien.Towne@gmail.com', 'Katlynn', 'submitted', NULL, NULL);
INSERT INTO bid (ct_email, ct_price, start_date, end_date, is_cash, transport_method, pet_owner, pet_name, bid_status, feedback, rating) VALUES ('Lon_Crooks@gmail.com', 12, '2020-11-14T15:27:19.244Z', '2020-11-20T17:18:20.731Z', true, 'pcs', 'German_Frami83@gmail.com', 'Seamus', 'submitted', NULL, NULL);
INSERT INTO bid (ct_email, ct_price, start_date, end_date, is_cash, transport_method, pet_owner, pet_name, bid_status, feedback, rating) VALUES ('Yvonne_Rogahn@gmail.com', 4, '2020-11-14T15:27:19.244Z', '2020-11-20T17:18:20.731Z', true, 'pickup', 'Grant_Kerluke64@yahoo.com', 'Jena', 'submitted', NULL, NULL);
INSERT INTO bid (ct_email, ct_price, start_date, end_date, is_cash, transport_method, pet_owner, pet_name, bid_status, feedback, rating) VALUES ('Elody_Hudson@hotmail.com', 12, '2020-11-14T15:27:19.244Z', '2020-11-20T17:18:20.731Z', true, 'pickup', 'Kirsten_Trantow23@gmail.com', 'Wilfred', 'submitted', NULL, NULL);
INSERT INTO bid (ct_email, ct_price, start_date, end_date, is_cash, transport_method, pet_owner, pet_name, bid_status, feedback, rating) VALUES ('Coleman_Goldner@hotmail.com', 9, '2020-11-14T15:27:19.244Z', '2020-11-20T17:18:20.731Z', true, 'pickup', 'Charity.Wolf32@gmail.com', 'Octavia', 'submitted', NULL, NULL);
INSERT INTO bid (ct_email, ct_price, start_date, end_date, is_cash, transport_method, pet_owner, pet_name, bid_status, feedback, rating) VALUES ('Mark46@gmail.com', 4, '2020-11-14T15:27:19.244Z', '2020-11-20T17:18:20.731Z', true, 'delivery', 'Marjory22@yahoo.com', 'Glennie', 'submitted', NULL, NULL);
INSERT INTO bid (ct_email, ct_price, start_date, end_date, is_cash, transport_method, pet_owner, pet_name, bid_status, feedback, rating) VALUES ('Joana_Bednar@gmail.com', 0, '2020-11-14T15:27:19.244Z', '2020-11-20T17:18:20.731Z', true, 'pcs', 'Donato99@gmail.com', 'Dominic', 'submitted', NULL, NULL);
INSERT INTO bid (ct_email, ct_price, start_date, end_date, is_cash, transport_method, pet_owner, pet_name, bid_status, feedback, rating) VALUES ('Stacy69@gmail.com', 1, '2020-11-14T15:27:19.244Z', '2020-11-20T17:18:20.731Z', true, 'delivery', 'Shannon9@hotmail.com', 'Thurman', 'submitted', NULL, NULL);
INSERT INTO bid (ct_email, ct_price, start_date, end_date, is_cash, transport_method, pet_owner, pet_name, bid_status, feedback, rating) VALUES ('Ansley10@yahoo.com', 15, '2020-11-14T15:27:19.244Z', '2020-11-20T17:18:20.731Z', true, 'delivery', 'Dalton38@gmail.com', 'Axel', 'submitted', NULL, NULL);
INSERT INTO bid (ct_email, ct_price, start_date, end_date, is_cash, transport_method, pet_owner, pet_name, bid_status, feedback, rating) VALUES ('Ilene_McCullough@gmail.com', 3, '2020-11-14T15:27:19.244Z', '2020-11-20T17:18:20.731Z', true, 'pickup', 'Wyman.Bruen@yahoo.com', 'Nash', 'submitted', NULL, NULL);
INSERT INTO bid (ct_email, ct_price, start_date, end_date, is_cash, transport_method, pet_owner, pet_name, bid_status, feedback, rating) VALUES ('Cayla_Rodriguez@gmail.com', 12, '2020-11-14T15:27:19.244Z', '2020-11-20T17:18:20.731Z', true, 'pcs', 'Cheyanne_Cronin97@gmail.com', 'Bulah', 'submitted', NULL, NULL);
INSERT INTO bid (ct_email, ct_price, start_date, end_date, is_cash, transport_method, pet_owner, pet_name, bid_status, feedback, rating) VALUES ('Dorthy10@gmail.com', 18, '2020-11-14T15:27:19.244Z', '2020-11-20T17:18:20.731Z', true, 'delivery', 'Rossie.Heidenreich65@gmail.com', 'Hester', 'submitted', NULL, NULL);
INSERT INTO bid (ct_email, ct_price, start_date, end_date, is_cash, transport_method, pet_owner, pet_name, bid_status, feedback, rating) VALUES ('Lou.Medhurst@hotmail.com', 17, '2020-11-14T15:27:19.244Z', '2020-11-20T17:18:20.731Z', true, 'delivery', 'Orrin92@gmail.com', 'Larissa', 'submitted', NULL, NULL);
INSERT INTO bid (ct_email, ct_price, start_date, end_date, is_cash, transport_method, pet_owner, pet_name, bid_status, feedback, rating) VALUES ('Freeda.Treutel@yahoo.com', 6, '2020-11-14T15:27:19.244Z', '2020-11-20T17:18:20.731Z', true, 'pcs', 'Chadd87@yahoo.com', 'Selmer', 'submitted', NULL, NULL);
INSERT INTO bid (ct_email, ct_price, start_date, end_date, is_cash, transport_method, pet_owner, pet_name, bid_status, feedback, rating) VALUES ('Adah9@hotmail.com', 2, '2020-11-14T15:27:19.244Z', '2020-11-20T17:18:20.731Z', true, 'pcs', 'Kaycee_Yundt46@gmail.com', 'Franco', 'submitted', NULL, NULL);
INSERT INTO bid (ct_email, ct_price, start_date, end_date, is_cash, transport_method, pet_owner, pet_name, bid_status, feedback, rating) VALUES ('Amira65@hotmail.com', 0, '2020-11-14T15:27:19.244Z', '2020-11-20T17:18:20.731Z', true, 'pcs', 'Sherman.Brown51@hotmail.com', 'Pansy', 'submitted', NULL, NULL);
INSERT INTO bid (ct_email, ct_price, start_date, end_date, is_cash, transport_method, pet_owner, pet_name, bid_status, feedback, rating) VALUES ('Virginia38@yahoo.com', 16, '2020-11-14T15:27:19.244Z', '2020-11-20T17:18:20.731Z', true, 'pickup', 'Kale70@gmail.com', 'Adriana', 'submitted', NULL, NULL);
INSERT INTO bid (ct_email, ct_price, start_date, end_date, is_cash, transport_method, pet_owner, pet_name, bid_status, feedback, rating) VALUES ('Duncan87@gmail.com', 6, '2020-11-14T15:27:19.244Z', '2020-11-20T17:18:20.731Z', true, 'pickup', 'Rosalinda30@yahoo.com', 'Maddison', 'submitted', NULL, NULL);
INSERT INTO bid (ct_email, ct_price, start_date, end_date, is_cash, transport_method, pet_owner, pet_name, bid_status, feedback, rating) VALUES ('Haylee24@gmail.com', 2, '2020-11-14T15:27:19.244Z', '2020-11-20T17:18:20.731Z', true, 'delivery', 'Emmanuelle_Christiansen20@yahoo.com', 'Everette', 'submitted', NULL, NULL);
INSERT INTO bid (ct_email, ct_price, start_date, end_date, is_cash, transport_method, pet_owner, pet_name, bid_status, feedback, rating) VALUES ('Jewell_Bahringer55@gmail.com', 10, '2020-11-14T15:27:19.244Z', '2020-11-20T17:18:20.731Z', true, 'pickup', 'Bennett6@gmail.com', 'Maxie', 'submitted', NULL, NULL);
INSERT INTO bid (ct_email, ct_price, start_date, end_date, is_cash, transport_method, pet_owner, pet_name, bid_status, feedback, rating) VALUES ('Nella.Bailey@gmail.com', 15, '2020-11-14T15:27:19.244Z', '2020-11-20T17:18:20.731Z', true, 'pickup', 'Erik.Bartell@hotmail.com', 'Tommie', 'submitted', NULL, NULL);
INSERT INTO bid (ct_email, ct_price, start_date, end_date, is_cash, transport_method, pet_owner, pet_name, bid_status, feedback, rating) VALUES ('Katharina.Kautzer97@gmail.com', 9, '2020-11-14T15:27:19.244Z', '2020-11-20T17:18:20.731Z', true, 'pcs', 'Domenick22@gmail.com', 'Dorcas', 'submitted', NULL, NULL);
INSERT INTO bid (ct_email, ct_price, start_date, end_date, is_cash, transport_method, pet_owner, pet_name, bid_status, feedback, rating) VALUES ('Gus.Adams@hotmail.com', 0, '2020-11-14T15:27:19.244Z', '2020-11-20T17:18:20.731Z', true, 'pcs', 'Lexus27@hotmail.com', 'Vesta', 'submitted', NULL, NULL);
INSERT INTO bid (ct_email, ct_price, start_date, end_date, is_cash, transport_method, pet_owner, pet_name, bid_status, feedback, rating) VALUES ('Kristian7@gmail.com', 4, '2020-11-14T15:27:19.244Z', '2020-11-20T17:18:20.731Z', true, 'delivery', 'Marianne90@yahoo.com', 'Darwin', 'submitted', NULL, NULL);
INSERT INTO bid (ct_email, ct_price, start_date, end_date, is_cash, transport_method, pet_owner, pet_name, bid_status, feedback, rating) VALUES ('Tatyana.Lowe@yahoo.com', 1, '2020-11-14T15:27:19.244Z', '2020-11-20T17:18:20.731Z', true, 'pickup', 'Brad.Pollich@yahoo.com', 'Alberta', 'submitted', NULL, NULL);
INSERT INTO bid (ct_email, ct_price, start_date, end_date, is_cash, transport_method, pet_owner, pet_name, bid_status, feedback, rating) VALUES ('Nat62@hotmail.com', 15, '2020-11-14T15:27:19.244Z', '2020-11-20T17:18:20.731Z', true, 'pcs', 'Alysa77@hotmail.com', 'Moshe', 'submitted', NULL, NULL);
INSERT INTO bid (ct_email, ct_price, start_date, end_date, is_cash, transport_method, pet_owner, pet_name, bid_status, feedback, rating) VALUES ('Heloise_OKeefe@yahoo.com', 0, '2020-11-14T15:27:19.244Z', '2020-11-20T17:18:20.731Z', true, 'pickup', 'Annetta_Schneider@yahoo.com', 'Earnestine', 'submitted', NULL, NULL);
INSERT INTO bid (ct_email, ct_price, start_date, end_date, is_cash, transport_method, pet_owner, pet_name, bid_status, feedback, rating) VALUES ('Gloria_Zemlak@gmail.com', 7, '2020-11-14T15:27:19.244Z', '2020-11-20T17:18:20.731Z', true, 'pcs', 'Katharina.Kautzer97@gmail.com', 'Aiden', 'submitted', NULL, NULL);
INSERT INTO bid (ct_email, ct_price, start_date, end_date, is_cash, transport_method, pet_owner, pet_name, bid_status, feedback, rating) VALUES ('Jaquelin40@yahoo.com', 2, '2020-11-14T15:27:19.244Z', '2020-11-20T17:18:20.731Z', true, 'pcs', 'Marielle_Deckow84@yahoo.com', 'Chesley', 'submitted', NULL, NULL);
INSERT INTO bid (ct_email, ct_price, start_date, end_date, is_cash, transport_method, pet_owner, pet_name, bid_status, feedback, rating) VALUES ('Jacques.Cummings@hotmail.com', 6, '2020-11-14T15:27:19.244Z', '2020-11-20T17:18:20.731Z', true, 'delivery', 'Wilbert_Sawayn46@hotmail.com', 'Bianka', 'submitted', NULL, NULL);
INSERT INTO bid (ct_email, ct_price, start_date, end_date, is_cash, transport_method, pet_owner, pet_name, bid_status, feedback, rating) VALUES ('Werner7@hotmail.com', 3, '2020-11-14T15:27:19.244Z', '2020-11-20T17:18:20.731Z', true, 'delivery', 'Lue17@hotmail.com', 'Kailyn', 'submitted', NULL, NULL);
INSERT INTO bid (ct_email, ct_price, start_date, end_date, is_cash, transport_method, pet_owner, pet_name, bid_status, feedback, rating) VALUES ('Celine.Hyatt2@yahoo.com', 8, '2020-11-14T15:27:19.244Z', '2020-11-20T17:18:20.731Z', true, 'delivery', 'Bradford_Ondricka33@yahoo.com', 'Kaela', 'submitted', NULL, NULL);
INSERT INTO bid (ct_email, ct_price, start_date, end_date, is_cash, transport_method, pet_owner, pet_name, bid_status, feedback, rating) VALUES ('Candace_Terry29@hotmail.com', 4, '2020-11-14T15:27:19.244Z', '2020-11-20T17:18:20.731Z', true, 'pickup', 'Leon_Kulas@yahoo.com', 'Selina', 'submitted', NULL, NULL);
INSERT INTO bid (ct_email, ct_price, start_date, end_date, is_cash, transport_method, pet_owner, pet_name, bid_status, feedback, rating) VALUES ('Kailey86@yahoo.com', 4, '2020-11-14T15:27:19.244Z', '2020-11-20T17:18:20.731Z', true, 'delivery', 'Alene.OConner24@hotmail.com', 'Malika', 'submitted', NULL, NULL);
INSERT INTO bid (ct_email, ct_price, start_date, end_date, is_cash, transport_method, pet_owner, pet_name, bid_status, feedback, rating) VALUES ('Gudrun38@yahoo.com', 18, '2020-11-14T15:27:19.244Z', '2020-11-20T17:18:20.731Z', true, 'pcs', 'Aylin1@yahoo.com', 'Jaquan', 'submitted', NULL, NULL);
INSERT INTO bid (ct_email, ct_price, start_date, end_date, is_cash, transport_method, pet_owner, pet_name, bid_status, feedback, rating) VALUES ('Keeley71@yahoo.com', 5, '2020-11-14T15:27:19.244Z', '2020-11-20T17:18:20.731Z', true, 'delivery', 'Gardner.Kuvalis@gmail.com', 'Clair', 'submitted', NULL, NULL);
INSERT INTO bid (ct_email, ct_price, start_date, end_date, is_cash, transport_method, pet_owner, pet_name, bid_status, feedback, rating) VALUES ('Alverta40@gmail.com', 15, '2020-11-14T15:27:19.244Z', '2020-11-20T17:18:20.731Z', true, 'delivery', 'Clara.Lebsack@gmail.com', 'Sterling', 'submitted', NULL, NULL);
INSERT INTO bid (ct_email, ct_price, start_date, end_date, is_cash, transport_method, pet_owner, pet_name, bid_status, feedback, rating) VALUES ('Luna.Schoen18@yahoo.com', 16, '2020-11-14T15:27:19.244Z', '2020-11-20T17:18:20.731Z', true, 'pcs', 'Cole78@gmail.com', 'Clinton', 'submitted', NULL, NULL);
INSERT INTO bid (ct_email, ct_price, start_date, end_date, is_cash, transport_method, pet_owner, pet_name, bid_status, feedback, rating) VALUES ('Candelario.Schowalter79@hotmail.com', 0, '2020-11-14T15:27:19.244Z', '2020-11-20T17:18:20.731Z', true, 'pickup', 'Vicente.Huel63@hotmail.com', 'Lottie', 'submitted', NULL, NULL);
INSERT INTO bid (ct_email, ct_price, start_date, end_date, is_cash, transport_method, pet_owner, pet_name, bid_status, feedback, rating) VALUES ('Joana4@hotmail.com', 3, '2020-11-14T15:27:19.244Z', '2020-11-20T17:18:20.731Z', true, 'delivery', 'Norval_Lockman24@yahoo.com', 'Max', 'submitted', NULL, NULL);
INSERT INTO bid (ct_email, ct_price, start_date, end_date, is_cash, transport_method, pet_owner, pet_name, bid_status, feedback, rating) VALUES ('Hailie_Stracke@hotmail.com', 10, '2020-11-14T15:27:19.244Z', '2020-11-20T17:18:20.731Z', true, 'delivery', 'Sarina42@gmail.com', 'Raegan', 'submitted', NULL, NULL);
INSERT INTO bid (ct_email, ct_price, start_date, end_date, is_cash, transport_method, pet_owner, pet_name, bid_status, feedback, rating) VALUES ('Triston.Lakin0@yahoo.com', 8, '2020-11-14T15:27:19.244Z', '2020-11-20T17:18:20.731Z', true, 'delivery', 'Isaac_Blanda@gmail.com', 'Jon', 'submitted', NULL, NULL);
INSERT INTO bid (ct_email, ct_price, start_date, end_date, is_cash, transport_method, pet_owner, pet_name, bid_status, feedback, rating) VALUES ('Bart_Glover@yahoo.com', 14, '2020-11-14T15:27:19.244Z', '2020-11-20T17:18:20.731Z', true, 'pickup', 'Elbert_Ruecker@hotmail.com', 'Vincenza', 'submitted', NULL, NULL);
INSERT INTO bid (ct_email, ct_price, start_date, end_date, is_cash, transport_method, pet_owner, pet_name, bid_status, feedback, rating) VALUES ('Abel_Kilback51@yahoo.com', 3, '2020-11-14T15:27:19.244Z', '2020-11-20T17:18:20.731Z', true, 'pickup', 'Silas_Hahn77@hotmail.com', 'Gino', 'submitted', NULL, NULL);
INSERT INTO bid (ct_email, ct_price, start_date, end_date, is_cash, transport_method, pet_owner, pet_name, bid_status, feedback, rating) VALUES ('Paolo_Lesch93@hotmail.com', 13, '2020-11-14T15:27:19.244Z', '2020-11-20T17:18:20.731Z', true, 'delivery', 'Kyler32@hotmail.com', 'Marcellus', 'submitted', NULL, NULL);
INSERT INTO bid (ct_email, ct_price, start_date, end_date, is_cash, transport_method, pet_owner, pet_name, bid_status, feedback, rating) VALUES ('Giovanni.Howe49@gmail.com', 5, '2020-11-14T15:27:19.244Z', '2020-11-20T17:18:20.731Z', true, 'pcs', 'Elwyn.Hoeger89@gmail.com', 'Tyrell', 'submitted', NULL, NULL);
INSERT INTO bid (ct_email, ct_price, start_date, end_date, is_cash, transport_method, pet_owner, pet_name, bid_status, feedback, rating) VALUES ('Stephen.Weimann@yahoo.com', 10, '2020-11-14T15:27:19.244Z', '2020-11-20T17:18:20.731Z', true, 'delivery', 'Reinhold_McDermott@yahoo.com', 'Darby', 'submitted', NULL, NULL);
INSERT INTO bid (ct_email, ct_price, start_date, end_date, is_cash, transport_method, pet_owner, pet_name, bid_status, feedback, rating) VALUES ('Clint8@hotmail.com', 11, '2020-11-14T15:27:19.244Z', '2020-11-20T17:18:20.731Z', true, 'pcs', 'Stacy69@gmail.com', 'Anastacio', 'submitted', NULL, NULL);
INSERT INTO bid (ct_email, ct_price, start_date, end_date, is_cash, transport_method, pet_owner, pet_name, bid_status, feedback, rating) VALUES ('Adan_Haley79@hotmail.com', 12, '2020-11-14T15:27:19.244Z', '2020-11-20T17:18:20.731Z', true, 'pcs', 'Alexandro63@yahoo.com', 'Nova', 'submitted', NULL, NULL);
INSERT INTO bid (ct_email, ct_price, start_date, end_date, is_cash, transport_method, pet_owner, pet_name, bid_status, feedback, rating) VALUES ('Agustin_Daniel92@hotmail.com', 11, '2020-11-14T15:27:19.244Z', '2020-11-20T17:18:20.731Z', true, 'pcs', 'Felix46@yahoo.com', 'Napoleon', 'submitted', NULL, NULL);
INSERT INTO bid (ct_email, ct_price, start_date, end_date, is_cash, transport_method, pet_owner, pet_name, bid_status, feedback, rating) VALUES ('Breana96@gmail.com', 16, '2020-11-14T15:27:19.244Z', '2020-11-20T17:18:20.731Z', true, 'pcs', 'Arianna.Waelchi@gmail.com', 'Wiley', 'submitted', NULL, NULL);
INSERT INTO bid (ct_email, ct_price, start_date, end_date, is_cash, transport_method, pet_owner, pet_name, bid_status, feedback, rating) VALUES ('Oleta45@hotmail.com', 8, '2020-11-14T15:27:19.244Z', '2020-11-20T17:18:20.731Z', true, 'delivery', 'Chaim.Dach78@gmail.com', 'Lois', 'submitted', NULL, NULL);
INSERT INTO bid (ct_email, ct_price, start_date, end_date, is_cash, transport_method, pet_owner, pet_name, bid_status, feedback, rating) VALUES ('Otis.Lubowitz47@hotmail.com', 4, '2020-11-14T15:27:19.244Z', '2020-11-20T17:18:20.731Z', true, 'pcs', 'Velva99@hotmail.com', 'Frankie', 'submitted', NULL, NULL);
INSERT INTO bid (ct_email, ct_price, start_date, end_date, is_cash, transport_method, pet_owner, pet_name, bid_status, feedback, rating) VALUES ('Cesar.Mraz@gmail.com', 12, '2020-11-14T15:27:19.244Z', '2020-11-20T17:18:20.731Z', true, 'delivery', 'Janessa71@hotmail.com', 'Frankie', 'submitted', NULL, NULL);
INSERT INTO bid (ct_email, ct_price, start_date, end_date, is_cash, transport_method, pet_owner, pet_name, bid_status, feedback, rating) VALUES ('Dale_Breitenberg@gmail.com', 12, '2020-11-14T15:27:19.244Z', '2020-11-20T17:18:20.731Z', true, 'pickup', 'Vernice.Gaylord@gmail.com', 'Eden', 'submitted', NULL, NULL);
INSERT INTO bid (ct_email, ct_price, start_date, end_date, is_cash, transport_method, pet_owner, pet_name, bid_status, feedback, rating) VALUES ('Hobart.Windler@hotmail.com', 8, '2020-11-14T15:27:19.244Z', '2020-11-20T17:18:20.731Z', true, 'delivery', 'Skylar.Goldner@yahoo.com', 'Christop', 'submitted', NULL, NULL);
INSERT INTO bid (ct_email, ct_price, start_date, end_date, is_cash, transport_method, pet_owner, pet_name, bid_status, feedback, rating) VALUES ('Estella89@yahoo.com', 7, '2020-11-14T15:27:19.244Z', '2020-11-20T17:18:20.731Z', true, 'delivery', 'Kirstin45@yahoo.com', 'Margarete', 'submitted', NULL, NULL);
INSERT INTO bid (ct_email, ct_price, start_date, end_date, is_cash, transport_method, pet_owner, pet_name, bid_status, feedback, rating) VALUES ('Isaac_Blanda@gmail.com', 5, '2020-11-14T15:27:19.244Z', '2020-11-20T17:18:20.731Z', true, 'delivery', 'Alyson.Hamill80@gmail.com', 'Rahsaan', 'submitted', NULL, NULL);
INSERT INTO bid (ct_email, ct_price, start_date, end_date, is_cash, transport_method, pet_owner, pet_name, bid_status, feedback, rating) VALUES ('Candice.Waters@hotmail.com', 19, '2020-11-14T15:27:19.244Z', '2020-11-20T17:18:20.731Z', true, 'pcs', 'Kasey32@gmail.com', 'Meta', 'submitted', NULL, NULL);
INSERT INTO bid (ct_email, ct_price, start_date, end_date, is_cash, transport_method, pet_owner, pet_name, bid_status, feedback, rating) VALUES ('Mariano54@gmail.com', 5, '2020-11-14T15:27:19.244Z', '2020-11-20T17:18:20.731Z', true, 'pickup', 'Leta_Crona@yahoo.com', 'Jeanne', 'submitted', NULL, NULL);
INSERT INTO bid (ct_email, ct_price, start_date, end_date, is_cash, transport_method, pet_owner, pet_name, bid_status, feedback, rating) VALUES ('Margarette_Graham@gmail.com', 11, '2020-11-14T15:27:19.244Z', '2020-11-20T17:18:20.731Z', true, 'delivery', 'Adah9@hotmail.com', 'Geovany', 'submitted', NULL, NULL);
INSERT INTO bid (ct_email, ct_price, start_date, end_date, is_cash, transport_method, pet_owner, pet_name, bid_status, feedback, rating) VALUES ('Ceasar.Friesen63@yahoo.com', 5, '2020-11-14T15:27:19.244Z', '2020-11-20T17:18:20.731Z', true, 'pcs', 'Jerome.Bauch@yahoo.com', 'Reagan', 'submitted', NULL, NULL);
INSERT INTO bid (ct_email, ct_price, start_date, end_date, is_cash, transport_method, pet_owner, pet_name, bid_status, feedback, rating) VALUES ('Amara.Hoppe@yahoo.com', 15, '2020-11-14T15:27:19.244Z', '2020-11-20T17:18:20.731Z', true, 'pickup', 'Alexandrea_Mayert24@hotmail.com', 'Madisyn', 'submitted', NULL, NULL);
INSERT INTO bid (ct_email, ct_price, start_date, end_date, is_cash, transport_method, pet_owner, pet_name, bid_status, feedback, rating) VALUES ('Bart.Strosin@gmail.com', 4, '2020-11-14T15:27:19.244Z', '2020-11-20T17:18:20.731Z', true, 'delivery', 'Domenick.Lesch54@yahoo.com', 'Elwin', 'submitted', NULL, NULL);
INSERT INTO bid (ct_email, ct_price, start_date, end_date, is_cash, transport_method, pet_owner, pet_name, bid_status, feedback, rating) VALUES ('Julian.Lubowitz@gmail.com', 18, '2020-11-14T15:27:19.244Z', '2020-11-20T17:18:20.731Z', true, 'pickup', 'Ona.Schroeder@gmail.com', 'Louvenia', 'submitted', NULL, NULL);
INSERT INTO bid (ct_email, ct_price, start_date, end_date, is_cash, transport_method, pet_owner, pet_name, bid_status, feedback, rating) VALUES ('Sylvia80@yahoo.com', 5, '2020-11-14T15:27:19.244Z', '2020-11-20T17:18:20.731Z', true, 'pcs', 'Crawford23@yahoo.com', 'Cindy', 'submitted', NULL, NULL);
INSERT INTO bid (ct_email, ct_price, start_date, end_date, is_cash, transport_method, pet_owner, pet_name, bid_status, feedback, rating) VALUES ('Dominic_Koss85@yahoo.com', 8, '2020-11-14T15:27:19.244Z', '2020-11-20T17:18:20.731Z', true, 'pickup', 'Stephany.Luettgen73@gmail.com', 'Donald', 'submitted', NULL, NULL);
INSERT INTO bid (ct_email, ct_price, start_date, end_date, is_cash, transport_method, pet_owner, pet_name, bid_status, feedback, rating) VALUES ('Art.Mante87@hotmail.com', 1, '2020-11-14T15:27:19.244Z', '2020-11-20T17:18:20.731Z', true, 'delivery', 'Jimmy_Bednar49@hotmail.com', 'Brooke', 'submitted', NULL, NULL);
INSERT INTO bid (ct_email, ct_price, start_date, end_date, is_cash, transport_method, pet_owner, pet_name, bid_status, feedback, rating) VALUES ('Mandy_Bashirian74@hotmail.com', 6, '2020-11-14T15:27:19.244Z', '2020-11-20T17:18:20.731Z', true, 'delivery', 'Mariano54@gmail.com', 'Josefa', 'submitted', NULL, NULL);
INSERT INTO bid (ct_email, ct_price, start_date, end_date, is_cash, transport_method, pet_owner, pet_name, bid_status, feedback, rating) VALUES ('Dante.Hudson@gmail.com', 5, '2020-11-14T15:27:19.244Z', '2020-11-20T17:18:20.731Z', true, 'pickup', 'Alessia88@hotmail.com', 'Myron', 'submitted', NULL, NULL);
INSERT INTO bid (ct_email, ct_price, start_date, end_date, is_cash, transport_method, pet_owner, pet_name, bid_status, feedback, rating) VALUES ('Ludwig_Hessel@yahoo.com', 0, '2020-11-14T15:27:19.244Z', '2020-11-20T17:18:20.731Z', true, 'pickup', 'Leif_Dickinson@hotmail.com', 'Turner', 'submitted', NULL, NULL);
INSERT INTO bid (ct_email, ct_price, start_date, end_date, is_cash, transport_method, pet_owner, pet_name, bid_status, feedback, rating) VALUES ('Ford52@gmail.com', 7, '2020-11-14T15:27:19.244Z', '2020-11-20T17:18:20.731Z', true, 'pickup', 'Megane_Schoen24@yahoo.com', 'Blaise', 'submitted', NULL, NULL);
INSERT INTO bid (ct_email, ct_price, start_date, end_date, is_cash, transport_method, pet_owner, pet_name, bid_status, feedback, rating) VALUES ('Kadin30@yahoo.com', 4, '2020-11-14T15:27:19.244Z', '2020-11-20T17:18:20.731Z', true, 'delivery', 'Henderson_Fritsch@hotmail.com', 'Weston', 'submitted', NULL, NULL);
INSERT INTO bid (ct_email, ct_price, start_date, end_date, is_cash, transport_method, pet_owner, pet_name, bid_status, feedback, rating) VALUES ('Herta20@hotmail.com', 3, '2020-11-14T15:27:19.244Z', '2020-11-20T17:18:20.731Z', true, 'pcs', 'Bartholome.Schowalter@yahoo.com', 'Tatum', 'submitted', NULL, NULL);
INSERT INTO bid (ct_email, ct_price, start_date, end_date, is_cash, transport_method, pet_owner, pet_name, bid_status, feedback, rating) VALUES ('Carlie_Erdman@hotmail.com', 17, '2020-11-14T15:27:19.244Z', '2020-11-20T17:18:20.731Z', true, 'pcs', 'Edgar_Lesch@yahoo.com', 'Darrin', 'submitted', NULL, NULL);
INSERT INTO bid (ct_email, ct_price, start_date, end_date, is_cash, transport_method, pet_owner, pet_name, bid_status, feedback, rating) VALUES ('Viviane41@hotmail.com', 10, '2020-11-14T15:27:19.244Z', '2020-11-20T17:18:20.731Z', true, 'pcs', 'Naomi_Abbott67@gmail.com', 'Hyman', 'submitted', NULL, NULL);
INSERT INTO bid (ct_email, ct_price, start_date, end_date, is_cash, transport_method, pet_owner, pet_name, bid_status, feedback, rating) VALUES ('Maverick8@gmail.com', 9, '2020-11-14T15:27:19.244Z', '2020-11-20T17:18:20.731Z', true, 'pickup', 'Eveline_Shields64@hotmail.com', 'Rashad', 'submitted', NULL, NULL);
INSERT INTO bid (ct_email, ct_price, start_date, end_date, is_cash, transport_method, pet_owner, pet_name, bid_status, feedback, rating) VALUES ('Julien15@hotmail.com', 19, '2020-11-14T15:27:19.244Z', '2020-11-20T17:18:20.731Z', true, 'pcs', 'Brendon.Jakubowski6@gmail.com', 'Laverne', 'submitted', NULL, NULL);
INSERT INTO bid (ct_email, ct_price, start_date, end_date, is_cash, transport_method, pet_owner, pet_name, bid_status, feedback, rating) VALUES ('Keagan28@gmail.com', 11, '2020-11-14T15:27:19.244Z', '2020-11-20T17:18:20.731Z', true, 'pcs', 'Stella_Wyman55@yahoo.com', 'Hildegard', 'submitted', NULL, NULL);
INSERT INTO bid (ct_email, ct_price, start_date, end_date, is_cash, transport_method, pet_owner, pet_name, bid_status, feedback, rating) VALUES ('Amari58@hotmail.com', 10, '2020-11-14T15:27:19.244Z', '2020-11-20T17:18:20.731Z', true, 'pickup', 'Tomasa75@hotmail.com', 'Delilah', 'submitted', NULL, NULL);
INSERT INTO bid (ct_email, ct_price, start_date, end_date, is_cash, transport_method, pet_owner, pet_name, bid_status, feedback, rating) VALUES ('Vesta.Gislason90@yahoo.com', 6, '2020-11-14T15:27:19.244Z', '2020-11-20T17:18:20.731Z', true, 'pcs', 'Olga.Crist40@gmail.com', 'Zula', 'submitted', NULL, NULL);
INSERT INTO bid (ct_email, ct_price, start_date, end_date, is_cash, transport_method, pet_owner, pet_name, bid_status, feedback, rating) VALUES ('Ford_Price@hotmail.com', 1, '2020-11-14T15:27:19.244Z', '2020-11-20T17:18:20.731Z', true, 'pcs', 'Andre98@hotmail.com', 'Sasha', 'submitted', NULL, NULL);
INSERT INTO bid (ct_email, ct_price, start_date, end_date, is_cash, transport_method, pet_owner, pet_name, bid_status, feedback, rating) VALUES ('Jovany64@hotmail.com', 14, '2020-11-14T15:27:19.244Z', '2020-11-20T17:18:20.731Z', true, 'pcs', 'Sonny1@yahoo.com', 'Adrian', 'submitted', NULL, NULL);
INSERT INTO bid (ct_email, ct_price, start_date, end_date, is_cash, transport_method, pet_owner, pet_name, bid_status, feedback, rating) VALUES ('Edd45@gmail.com', 11, '2020-11-14T15:27:19.244Z', '2020-11-20T17:18:20.731Z', true, 'pcs', 'Cathrine34@gmail.com', 'Joshuah', 'submitted', NULL, NULL);
INSERT INTO bid (ct_email, ct_price, start_date, end_date, is_cash, transport_method, pet_owner, pet_name, bid_status, feedback, rating) VALUES ('Cheyanne_Cronin97@gmail.com', 2, '2020-11-14T15:27:19.244Z', '2020-11-20T17:18:20.731Z', true, 'pcs', 'Grayson.Huels@yahoo.com', 'Esther', 'submitted', NULL, NULL);
INSERT INTO bid (ct_email, ct_price, start_date, end_date, is_cash, transport_method, pet_owner, pet_name, bid_status, feedback, rating) VALUES ('Eldora_Schneider@yahoo.com', 7, '2020-11-14T15:27:19.244Z', '2020-11-20T17:18:20.731Z', true, 'delivery', 'Kathryn.White@yahoo.com', 'Ebony', 'submitted', NULL, NULL);
INSERT INTO bid (ct_email, ct_price, start_date, end_date, is_cash, transport_method, pet_owner, pet_name, bid_status, feedback, rating) VALUES ('Everett_Krajcik@gmail.com', 15, '2020-11-14T15:27:19.244Z', '2020-11-20T17:18:20.731Z', true, 'pickup', 'Carlie_Erdman@hotmail.com', 'Murphy', 'submitted', NULL, NULL);
INSERT INTO bid (ct_email, ct_price, start_date, end_date, is_cash, transport_method, pet_owner, pet_name, bid_status, feedback, rating) VALUES ('Alex_Runolfsson@gmail.com', 14, '2020-11-14T15:27:19.244Z', '2020-11-20T17:18:20.731Z', true, 'pcs', 'Reynold30@gmail.com', 'Stephon', 'submitted', NULL, NULL);
INSERT INTO bid (ct_email, ct_price, start_date, end_date, is_cash, transport_method, pet_owner, pet_name, bid_status, feedback, rating) VALUES ('Ethelyn41@hotmail.com', 9, '2020-11-14T15:27:19.244Z', '2020-11-20T17:18:20.731Z', true, 'pickup', 'Christiana_OConner19@hotmail.com', 'Cecelia', 'submitted', NULL, NULL);
INSERT INTO bid (ct_email, ct_price, start_date, end_date, is_cash, transport_method, pet_owner, pet_name, bid_status, feedback, rating) VALUES ('Grayson.Huels@yahoo.com', 7, '2020-11-14T15:27:19.244Z', '2020-11-20T17:18:20.731Z', true, 'delivery', 'Ashley_Brekke75@hotmail.com', 'Dimitri', 'submitted', NULL, NULL);
INSERT INTO bid (ct_email, ct_price, start_date, end_date, is_cash, transport_method, pet_owner, pet_name, bid_status, feedback, rating) VALUES ('Angela_Heaney@gmail.com', 5, '2020-11-14T15:27:19.244Z', '2020-11-20T17:18:20.731Z', true, 'delivery', 'Arnoldo74@hotmail.com', 'Gillian', 'submitted', NULL, NULL);
INSERT INTO bid (ct_email, ct_price, start_date, end_date, is_cash, transport_method, pet_owner, pet_name, bid_status, feedback, rating) VALUES ('Wendy67@yahoo.com', 15, '2020-11-14T15:27:19.244Z', '2020-11-20T17:18:20.731Z', true, 'pcs', 'Eldora_Schneider@yahoo.com', 'Russ', 'submitted', NULL, NULL);
INSERT INTO bid (ct_email, ct_price, start_date, end_date, is_cash, transport_method, pet_owner, pet_name, bid_status, feedback, rating) VALUES ('Natalia_Pfeffer68@hotmail.com', 11, '2020-11-14T15:27:19.244Z', '2020-11-20T17:18:20.731Z', true, 'pcs', 'Antonio.Ortiz@hotmail.com', 'Uriah', 'submitted', NULL, NULL);
INSERT INTO bid (ct_email, ct_price, start_date, end_date, is_cash, transport_method, pet_owner, pet_name, bid_status, feedback, rating) VALUES ('Meredith_Heidenreich@gmail.com', 6, '2020-11-14T15:27:19.244Z', '2020-11-20T17:18:20.731Z', true, 'pcs', 'Octavia.Borer@gmail.com', 'Nicole', 'submitted', NULL, NULL);
INSERT INTO bid (ct_email, ct_price, start_date, end_date, is_cash, transport_method, pet_owner, pet_name, bid_status, feedback, rating) VALUES ('Newton_Monahan@gmail.com', 5, '2020-11-14T15:27:19.244Z', '2020-11-20T17:18:20.731Z', true, 'pickup', 'Gerson_Harvey99@hotmail.com', 'Rylan', 'submitted', NULL, NULL);
INSERT INTO bid (ct_email, ct_price, start_date, end_date, is_cash, transport_method, pet_owner, pet_name, bid_status, feedback, rating) VALUES ('Curtis81@hotmail.com', 5, '2020-11-14T15:27:19.244Z', '2020-11-20T17:18:20.731Z', true, 'pcs', 'Dale_Breitenberg@gmail.com', 'Mafalda', 'submitted', NULL, NULL);
INSERT INTO bid (ct_email, ct_price, start_date, end_date, is_cash, transport_method, pet_owner, pet_name, bid_status, feedback, rating) VALUES ('Octavia.Block61@yahoo.com', 12, '2020-11-14T15:27:19.244Z', '2020-11-20T17:18:20.731Z', true, 'delivery', 'Josie.Bailey@gmail.com', 'Justine', 'submitted', NULL, NULL);
INSERT INTO bid (ct_email, ct_price, start_date, end_date, is_cash, transport_method, pet_owner, pet_name, bid_status, feedback, rating) VALUES ('Shyann_Roberts@yahoo.com', 11, '2020-11-14T15:27:19.244Z', '2020-11-20T17:18:20.731Z', true, 'delivery', 'Guido98@hotmail.com', 'Yazmin', 'submitted', NULL, NULL);
INSERT INTO bid (ct_email, ct_price, start_date, end_date, is_cash, transport_method, pet_owner, pet_name, bid_status, feedback, rating) VALUES ('Lyric.Feest25@yahoo.com', 14, '2020-11-14T15:27:19.244Z', '2020-11-20T17:18:20.731Z', true, 'delivery', 'Savion_Smitham@yahoo.com', 'Judd', 'submitted', NULL, NULL);
INSERT INTO bid (ct_email, ct_price, start_date, end_date, is_cash, transport_method, pet_owner, pet_name, bid_status, feedback, rating) VALUES ('Cary79@hotmail.com', 0, '2020-11-14T15:27:19.244Z', '2020-11-20T17:18:20.731Z', true, 'delivery', 'Cesar.Mraz@gmail.com', 'Patricia', 'submitted', NULL, NULL);
INSERT INTO bid (ct_email, ct_price, start_date, end_date, is_cash, transport_method, pet_owner, pet_name, bid_status, feedback, rating) VALUES ('Stanton_Rath8@yahoo.com', 2, '2020-11-14T15:27:19.244Z', '2020-11-20T17:18:20.731Z', true, 'pickup', 'Antwan56@yahoo.com', 'Garett', 'submitted', NULL, NULL);
INSERT INTO bid (ct_email, ct_price, start_date, end_date, is_cash, transport_method, pet_owner, pet_name, bid_status, feedback, rating) VALUES ('Breanna_Swaniawski58@gmail.com', 20, '2020-11-14T15:27:19.244Z', '2020-11-20T17:18:20.731Z', true, 'delivery', 'Josue.Bartell@yahoo.com', 'Jamaal', 'submitted', NULL, NULL);
INSERT INTO bid (ct_email, ct_price, start_date, end_date, is_cash, transport_method, pet_owner, pet_name, bid_status, feedback, rating) VALUES ('Olga.Crist40@gmail.com', 17, '2020-11-14T15:27:19.244Z', '2020-11-20T17:18:20.731Z', true, 'pickup', 'Aimee.Doyle@yahoo.com', 'Laverne', 'submitted', NULL, NULL);
INSERT INTO bid (ct_email, ct_price, start_date, end_date, is_cash, transport_method, pet_owner, pet_name, bid_status, feedback, rating) VALUES ('Tobin67@gmail.com', 20, '2020-11-14T15:27:19.244Z', '2020-11-20T17:18:20.731Z', true, 'delivery', 'Wilford42@hotmail.com', 'Willy', 'submitted', NULL, NULL);
INSERT INTO bid (ct_email, ct_price, start_date, end_date, is_cash, transport_method, pet_owner, pet_name, bid_status, feedback, rating) VALUES ('Antoinette44@hotmail.com', 4, '2020-11-14T15:27:19.244Z', '2020-11-20T17:18:20.731Z', true, 'pcs', 'Ubaldo37@gmail.com', 'Toy', 'submitted', NULL, NULL);
INSERT INTO bid (ct_email, ct_price, start_date, end_date, is_cash, transport_method, pet_owner, pet_name, bid_status, feedback, rating) VALUES ('Keith.Wisoky74@gmail.com', 9, '2020-11-14T15:27:19.244Z', '2020-11-20T17:18:20.731Z', true, 'pcs', 'Noah.Marvin35@yahoo.com', 'Tabitha', 'submitted', NULL, NULL);
INSERT INTO bid (ct_email, ct_price, start_date, end_date, is_cash, transport_method, pet_owner, pet_name, bid_status, feedback, rating) VALUES ('Marianne.Predovic99@gmail.com', 15, '2020-11-14T15:27:19.244Z', '2020-11-20T17:18:20.731Z', true, 'delivery', 'Emmanuelle68@gmail.com', 'Gust', 'submitted', NULL, NULL);
INSERT INTO bid (ct_email, ct_price, start_date, end_date, is_cash, transport_method, pet_owner, pet_name, bid_status, feedback, rating) VALUES ('Turner.Shields76@yahoo.com', 0, '2020-11-14T15:27:19.244Z', '2020-11-20T17:18:20.731Z', true, 'delivery', 'Lizeth18@hotmail.com', 'Parker', 'submitted', NULL, NULL);
INSERT INTO bid (ct_email, ct_price, start_date, end_date, is_cash, transport_method, pet_owner, pet_name, bid_status, feedback, rating) VALUES ('Kellie69@gmail.com', 13, '2020-11-14T15:27:19.244Z', '2020-11-20T17:18:20.731Z', true, 'delivery', 'Torrance49@hotmail.com', 'Concepcion', 'submitted', NULL, NULL);
INSERT INTO bid (ct_email, ct_price, start_date, end_date, is_cash, transport_method, pet_owner, pet_name, bid_status, feedback, rating) VALUES ('Milford_Rath@yahoo.com', 8, '2020-11-14T15:27:19.244Z', '2020-11-20T17:18:20.731Z', true, 'pickup', 'Sid_Kertzmann@gmail.com', 'Westley', 'submitted', NULL, NULL);
INSERT INTO bid (ct_email, ct_price, start_date, end_date, is_cash, transport_method, pet_owner, pet_name, bid_status, feedback, rating) VALUES ('Rosalia.Crona@hotmail.com', 0, '2020-11-14T15:27:19.244Z', '2020-11-20T17:18:20.731Z', true, 'pcs', 'Maia.Labadie7@hotmail.com', 'Chet', 'submitted', NULL, NULL);
INSERT INTO bid (ct_email, ct_price, start_date, end_date, is_cash, transport_method, pet_owner, pet_name, bid_status, feedback, rating) VALUES ('German_Frami83@gmail.com', 17, '2020-11-14T15:27:19.244Z', '2020-11-20T17:18:20.731Z', true, 'delivery', 'Guadalupe47@hotmail.com', 'Deanna', 'submitted', NULL, NULL);
INSERT INTO bid (ct_email, ct_price, start_date, end_date, is_cash, transport_method, pet_owner, pet_name, bid_status, feedback, rating) VALUES ('Darryl_Ward@hotmail.com', 20, '2020-11-14T15:27:19.244Z', '2020-11-20T17:18:20.731Z', true, 'pickup', 'Agustin_Daniel92@hotmail.com', 'Michelle', 'submitted', NULL, NULL);
INSERT INTO bid (ct_email, ct_price, start_date, end_date, is_cash, transport_method, pet_owner, pet_name, bid_status, feedback, rating) VALUES ('Leola.Kutch@hotmail.com', 3, '2020-11-14T15:27:19.244Z', '2020-11-20T17:18:20.731Z', true, 'delivery', 'Lupe_Hilll@gmail.com', 'Jaylan', 'submitted', NULL, NULL);
INSERT INTO bid (ct_email, ct_price, start_date, end_date, is_cash, transport_method, pet_owner, pet_name, bid_status, feedback, rating) VALUES ('Bennett6@gmail.com', 4, '2020-11-14T15:27:19.244Z', '2020-11-20T17:18:20.731Z', true, 'pickup', 'Joana4@hotmail.com', 'Alysa', 'submitted', NULL, NULL);
INSERT INTO bid (ct_email, ct_price, start_date, end_date, is_cash, transport_method, pet_owner, pet_name, bid_status, feedback, rating) VALUES ('Adella_Predovic@yahoo.com', 7, '2020-11-14T15:27:19.244Z', '2020-11-20T17:18:20.731Z', true, 'pcs', 'Angelica.Schinner@hotmail.com', 'Hollis', 'submitted', NULL, NULL);
INSERT INTO bid (ct_email, ct_price, start_date, end_date, is_cash, transport_method, pet_owner, pet_name, bid_status, feedback, rating) VALUES ('Erwin_Heller@hotmail.com', 2, '2020-11-14T15:27:19.244Z', '2020-11-20T17:18:20.731Z', true, 'pcs', 'Ada18@gmail.com', 'Dakota', 'submitted', NULL, NULL);
INSERT INTO bid (ct_email, ct_price, start_date, end_date, is_cash, transport_method, pet_owner, pet_name, bid_status, feedback, rating) VALUES ('Janet.Rosenbaum81@gmail.com', 20, '2020-11-14T15:27:19.244Z', '2020-11-20T17:18:20.731Z', true, 'delivery', 'Tyrel_Murazik@gmail.com', 'Shannon', 'submitted', NULL, NULL);
INSERT INTO bid (ct_email, ct_price, start_date, end_date, is_cash, transport_method, pet_owner, pet_name, bid_status, feedback, rating) VALUES ('Tommie_Klein67@yahoo.com', 5, '2020-11-14T15:27:19.244Z', '2020-11-20T17:18:20.731Z', true, 'delivery', 'Sammy.Veum@hotmail.com', 'Chasity', 'submitted', NULL, NULL);
INSERT INTO bid (ct_email, ct_price, start_date, end_date, is_cash, transport_method, pet_owner, pet_name, bid_status, feedback, rating) VALUES ('Terrence_Will@gmail.com', 17, '2020-11-14T15:27:19.244Z', '2020-11-20T17:18:20.731Z', true, 'delivery', 'Barbara.Mitchell36@gmail.com', 'Zachariah', 'submitted', NULL, NULL);
INSERT INTO bid (ct_email, ct_price, start_date, end_date, is_cash, transport_method, pet_owner, pet_name, bid_status, feedback, rating) VALUES ('Katrina43@hotmail.com', 15, '2020-11-14T15:27:19.244Z', '2020-11-20T17:18:20.731Z', true, 'pcs', 'Angeline.Wiza46@hotmail.com', 'Elta', 'submitted', NULL, NULL);
INSERT INTO bid (ct_email, ct_price, start_date, end_date, is_cash, transport_method, pet_owner, pet_name, bid_status, feedback, rating) VALUES ('Abelardo98@gmail.com', 15, '2020-11-14T15:27:19.244Z', '2020-11-20T17:18:20.731Z', true, 'pickup', 'Preston_Homenick@gmail.com', 'Larue', 'submitted', NULL, NULL);
INSERT INTO bid (ct_email, ct_price, start_date, end_date, is_cash, transport_method, pet_owner, pet_name, bid_status, feedback, rating) VALUES ('Amalia_Miller@yahoo.com', 13, '2020-11-14T15:27:19.244Z', '2020-11-20T17:18:20.731Z', true, 'pcs', 'Alejandra_Medhurst@gmail.com', 'Misty', 'submitted', NULL, NULL);
INSERT INTO bid (ct_email, ct_price, start_date, end_date, is_cash, transport_method, pet_owner, pet_name, bid_status, feedback, rating) VALUES ('Jovany.Will@gmail.com', 8, '2020-11-14T15:27:19.244Z', '2020-11-20T17:18:20.731Z', true, 'pickup', 'Cayla_Reilly@gmail.com', 'Jonas', 'submitted', NULL, NULL);
INSERT INTO bid (ct_email, ct_price, start_date, end_date, is_cash, transport_method, pet_owner, pet_name, bid_status, feedback, rating) VALUES ('Liliana77@gmail.com', 4, '2020-11-14T15:27:19.244Z', '2020-11-20T17:18:20.731Z', true, 'delivery', 'Fernando.Altenwerth18@yahoo.com', 'Saul', 'submitted', NULL, NULL);
INSERT INTO bid (ct_email, ct_price, start_date, end_date, is_cash, transport_method, pet_owner, pet_name, bid_status, feedback, rating) VALUES ('William_McLaughlin@gmail.com', 5, '2020-11-14T15:27:19.244Z', '2020-11-20T17:18:20.731Z', true, 'delivery', 'Jovanny43@yahoo.com', 'Archibald', 'submitted', NULL, NULL);
INSERT INTO bid (ct_email, ct_price, start_date, end_date, is_cash, transport_method, pet_owner, pet_name, bid_status, feedback, rating) VALUES ('Savannah33@gmail.com', 16, '2020-11-14T15:27:19.244Z', '2020-11-20T17:18:20.731Z', true, 'pcs', 'Abelardo_Stamm@gmail.com', 'Derick', 'submitted', NULL, NULL);
INSERT INTO bid (ct_email, ct_price, start_date, end_date, is_cash, transport_method, pet_owner, pet_name, bid_status, feedback, rating) VALUES ('Chadd87@yahoo.com', 7, '2020-11-14T15:27:19.244Z', '2020-11-20T17:18:20.731Z', true, 'delivery', 'Emelia12@yahoo.com', 'Emma', 'submitted', NULL, NULL);
INSERT INTO bid (ct_email, ct_price, start_date, end_date, is_cash, transport_method, pet_owner, pet_name, bid_status, feedback, rating) VALUES ('Edna77@hotmail.com', 20, '2020-11-14T15:27:19.244Z', '2020-11-20T17:18:20.731Z', true, 'delivery', 'Charley_Murray79@yahoo.com', 'Pierre', 'submitted', NULL, NULL);
INSERT INTO bid (ct_email, ct_price, start_date, end_date, is_cash, transport_method, pet_owner, pet_name, bid_status, feedback, rating) VALUES ('Reggie.Cormier0@yahoo.com', 8, '2020-11-14T15:27:19.244Z', '2020-11-20T17:18:20.731Z', true, 'pcs', 'Fiona_Wiza13@gmail.com', 'Tia', 'submitted', NULL, NULL);
INSERT INTO bid (ct_email, ct_price, start_date, end_date, is_cash, transport_method, pet_owner, pet_name, bid_status, feedback, rating) VALUES ('Audrey_Davis21@yahoo.com', 5, '2020-11-14T15:27:19.244Z', '2020-11-20T17:18:20.731Z', true, 'delivery', 'Lexie_MacGyver65@hotmail.com', 'Jalyn', 'submitted', NULL, NULL);
INSERT INTO bid (ct_email, ct_price, start_date, end_date, is_cash, transport_method, pet_owner, pet_name, bid_status, feedback, rating) VALUES ('Fanny_Weimann@yahoo.com', 13, '2020-11-14T15:27:19.244Z', '2020-11-20T17:18:20.731Z', true, 'pcs', 'Theron.Grant57@hotmail.com', 'Hailee', 'submitted', NULL, NULL);
INSERT INTO bid (ct_email, ct_price, start_date, end_date, is_cash, transport_method, pet_owner, pet_name, bid_status, feedback, rating) VALUES ('Mohamed_Kshlerin@hotmail.com', 20, '2020-11-14T15:27:19.244Z', '2020-11-20T17:18:20.731Z', true, 'delivery', 'Pamela_Haag36@hotmail.com', 'Dusty', 'submitted', NULL, NULL);
INSERT INTO bid (ct_email, ct_price, start_date, end_date, is_cash, transport_method, pet_owner, pet_name, bid_status, feedback, rating) VALUES ('Halie49@hotmail.com', 14, '2020-11-14T15:27:19.244Z', '2020-11-20T17:18:20.731Z', true, 'delivery', 'Trever60@hotmail.com', 'Chase', 'submitted', NULL, NULL);
INSERT INTO bid (ct_email, ct_price, start_date, end_date, is_cash, transport_method, pet_owner, pet_name, bid_status, feedback, rating) VALUES ('Alison_Jaskolski@hotmail.com', 17, '2020-11-14T15:27:19.244Z', '2020-11-20T17:18:20.731Z', true, 'pcs', 'Thad_Lueilwitz@yahoo.com', 'Trinity', 'submitted', NULL, NULL);
INSERT INTO bid (ct_email, ct_price, start_date, end_date, is_cash, transport_method, pet_owner, pet_name, bid_status, feedback, rating) VALUES ('Bradford31@hotmail.com', 5, '2020-11-14T15:27:19.244Z', '2020-11-20T17:18:20.731Z', true, 'delivery', 'Alexzander_Cole38@hotmail.com', 'Kraig', 'submitted', NULL, NULL);
INSERT INTO bid (ct_email, ct_price, start_date, end_date, is_cash, transport_method, pet_owner, pet_name, bid_status, feedback, rating) VALUES ('Adriana28@gmail.com', 5, '2020-11-14T15:27:19.244Z', '2020-11-20T17:18:20.731Z', true, 'pcs', 'Chandler.Sipes@yahoo.com', 'Karina', 'submitted', NULL, NULL);
INSERT INTO bid (ct_email, ct_price, start_date, end_date, is_cash, transport_method, pet_owner, pet_name, bid_status, feedback, rating) VALUES ('Edgar.Armstrong@yahoo.com', 17, '2020-11-14T15:27:19.244Z', '2020-11-20T17:18:20.731Z', true, 'pickup', 'Tracey4@hotmail.com', 'Dianna', 'submitted', NULL, NULL);
INSERT INTO bid (ct_email, ct_price, start_date, end_date, is_cash, transport_method, pet_owner, pet_name, bid_status, feedback, rating) VALUES ('Dario_Bartell97@hotmail.com', 20, '2020-11-14T15:27:19.244Z', '2020-11-20T17:18:20.731Z', true, 'delivery', 'Brenna17@gmail.com', 'Laron', 'submitted', NULL, NULL);
INSERT INTO bid (ct_email, ct_price, start_date, end_date, is_cash, transport_method, pet_owner, pet_name, bid_status, feedback, rating) VALUES ('Thea.Hahn@yahoo.com', 12, '2020-11-14T15:27:19.244Z', '2020-11-20T17:18:20.731Z', true, 'pcs', 'Barry.Rodriguez82@yahoo.com', 'Gerald', 'submitted', NULL, NULL);
INSERT INTO bid (ct_email, ct_price, start_date, end_date, is_cash, transport_method, pet_owner, pet_name, bid_status, feedback, rating) VALUES ('Carissa.Lehner38@gmail.com', 6, '2020-11-14T15:27:19.244Z', '2020-11-20T17:18:20.731Z', true, 'pickup', 'Schuyler48@yahoo.com', 'Larue', 'submitted', NULL, NULL);
INSERT INTO bid (ct_email, ct_price, start_date, end_date, is_cash, transport_method, pet_owner, pet_name, bid_status, feedback, rating) VALUES ('Zackary38@gmail.com', 4, '2020-11-14T15:27:19.244Z', '2020-11-20T17:18:20.731Z', true, 'pcs', 'Clark.Terry57@gmail.com', 'Ines', 'submitted', NULL, NULL);
INSERT INTO bid (ct_email, ct_price, start_date, end_date, is_cash, transport_method, pet_owner, pet_name, bid_status, feedback, rating) VALUES ('Kasey32@gmail.com', 1, '2020-11-14T15:27:19.244Z', '2020-11-20T17:18:20.731Z', true, 'pickup', 'Alex_Runolfsson@gmail.com', 'Frederik', 'submitted', NULL, NULL);
INSERT INTO bid (ct_email, ct_price, start_date, end_date, is_cash, transport_method, pet_owner, pet_name, bid_status, feedback, rating) VALUES ('Selina_Labadie82@gmail.com', 6, '2020-11-14T15:27:19.244Z', '2020-11-20T17:18:20.731Z', true, 'delivery', 'Art.Mante87@hotmail.com', 'Karlee', 'submitted', NULL, NULL);
INSERT INTO bid (ct_email, ct_price, start_date, end_date, is_cash, transport_method, pet_owner, pet_name, bid_status, feedback, rating) VALUES ('Jena.Heathcote@yahoo.com', 6, '2020-11-14T15:27:19.244Z', '2020-11-20T17:18:20.731Z', true, 'pcs', 'Newton_Monahan@gmail.com', 'Alden', 'submitted', NULL, NULL);
INSERT INTO bid (ct_email, ct_price, start_date, end_date, is_cash, transport_method, pet_owner, pet_name, bid_status, feedback, rating) VALUES ('Pearlie_Koch1@yahoo.com', 5, '2020-11-14T15:27:19.244Z', '2020-11-20T17:18:20.731Z', true, 'pickup', 'Jackson.Kirlin15@gmail.com', 'Thad', 'submitted', NULL, NULL);
INSERT INTO bid (ct_email, ct_price, start_date, end_date, is_cash, transport_method, pet_owner, pet_name, bid_status, feedback, rating) VALUES ('Emmanuelle_Christiansen20@yahoo.com', 15, '2020-11-14T15:27:19.244Z', '2020-11-20T17:18:20.731Z', true, 'pickup', 'Bertha_Will@yahoo.com', 'Keshawn', 'submitted', NULL, NULL);
INSERT INTO bid (ct_email, ct_price, start_date, end_date, is_cash, transport_method, pet_owner, pet_name, bid_status, feedback, rating) VALUES ('Shakira.Gusikowski@gmail.com', 5, '2020-11-14T15:27:19.244Z', '2020-11-20T17:18:20.731Z', true, 'pickup', 'Harold.Rolfson@hotmail.com', 'Karl', 'submitted', NULL, NULL);
INSERT INTO bid (ct_email, ct_price, start_date, end_date, is_cash, transport_method, pet_owner, pet_name, bid_status, feedback, rating) VALUES ('Trever60@hotmail.com', 13, '2020-11-14T15:27:19.244Z', '2020-11-20T17:18:20.731Z', true, 'pickup', 'Rudy3@yahoo.com', 'Joey', 'submitted', NULL, NULL);
INSERT INTO bid (ct_email, ct_price, start_date, end_date, is_cash, transport_method, pet_owner, pet_name, bid_status, feedback, rating) VALUES ('Meta_Thompson@hotmail.com', 9, '2020-11-14T15:27:19.244Z', '2020-11-20T17:18:20.731Z', true, 'pickup', 'Kurt51@hotmail.com', 'Joelle', 'submitted', NULL, NULL);
INSERT INTO bid (ct_email, ct_price, start_date, end_date, is_cash, transport_method, pet_owner, pet_name, bid_status, feedback, rating) VALUES ('Royce84@gmail.com', 13, '2020-11-14T15:27:19.244Z', '2020-11-20T17:18:20.731Z', true, 'delivery', 'Josh_Koelpin7@hotmail.com', 'Joanny', 'submitted', NULL, NULL);
INSERT INTO bid (ct_email, ct_price, start_date, end_date, is_cash, transport_method, pet_owner, pet_name, bid_status, feedback, rating) VALUES ('Cristobal_Turner@gmail.com', 10, '2020-11-14T15:27:19.244Z', '2020-11-20T17:18:20.731Z', true, 'pcs', 'Maryjane_Orn76@hotmail.com', 'Dewayne', 'submitted', NULL, NULL);
INSERT INTO bid (ct_email, ct_price, start_date, end_date, is_cash, transport_method, pet_owner, pet_name, bid_status, feedback, rating) VALUES ('Lee89@hotmail.com', 11, '2020-11-14T15:27:19.244Z', '2020-11-20T17:18:20.731Z', true, 'pcs', 'Hobart.Windler@hotmail.com', 'Emil', 'submitted', NULL, NULL);
INSERT INTO bid (ct_email, ct_price, start_date, end_date, is_cash, transport_method, pet_owner, pet_name, bid_status, feedback, rating) VALUES ('Gregory38@gmail.com', 4, '2020-11-14T15:27:19.244Z', '2020-11-20T17:18:20.731Z', true, 'delivery', 'Gracie_Moore13@gmail.com', 'Mariah', 'submitted', NULL, NULL);
INSERT INTO bid (ct_email, ct_price, start_date, end_date, is_cash, transport_method, pet_owner, pet_name, bid_status, feedback, rating) VALUES ('Nakia_Schamberger38@gmail.com', 19, '2020-11-14T15:27:19.244Z', '2020-11-20T17:18:20.731Z', true, 'delivery', 'Augusta53@yahoo.com', 'Claude', 'submitted', NULL, NULL);
INSERT INTO bid (ct_email, ct_price, start_date, end_date, is_cash, transport_method, pet_owner, pet_name, bid_status, feedback, rating) VALUES ('Mariela.Huels59@hotmail.com', 14, '2020-11-14T15:27:19.244Z', '2020-11-20T17:18:20.731Z', true, 'pickup', 'Krista78@yahoo.com', 'Gregg', 'submitted', NULL, NULL);
INSERT INTO bid (ct_email, ct_price, start_date, end_date, is_cash, transport_method, pet_owner, pet_name, bid_status, feedback, rating) VALUES ('Tristian_Heller31@yahoo.com', 8, '2020-11-14T15:27:19.244Z', '2020-11-20T17:18:20.731Z', true, 'delivery', 'Hanna.Davis@gmail.com', 'Lafayette', 'submitted', NULL, NULL);
INSERT INTO bid (ct_email, ct_price, start_date, end_date, is_cash, transport_method, pet_owner, pet_name, bid_status, feedback, rating) VALUES ('Lincoln_Murphy66@gmail.com', 1, '2020-11-14T15:27:19.244Z', '2020-11-20T17:18:20.731Z', true, 'pickup', 'Bernardo64@gmail.com', 'Shanon', 'submitted', NULL, NULL);
INSERT INTO bid (ct_email, ct_price, start_date, end_date, is_cash, transport_method, pet_owner, pet_name, bid_status, feedback, rating) VALUES ('Lula34@yahoo.com', 6, '2020-11-14T15:27:19.244Z', '2020-11-20T17:18:20.731Z', true, 'delivery', 'Paula.Price@yahoo.com', 'Brett', 'submitted', NULL, NULL);
INSERT INTO bid (ct_email, ct_price, start_date, end_date, is_cash, transport_method, pet_owner, pet_name, bid_status, feedback, rating) VALUES ('Hilbert_Casper80@yahoo.com', 15, '2020-11-14T15:27:19.244Z', '2020-11-20T17:18:20.731Z', true, 'delivery', 'Joe27@gmail.com', 'Layla', 'submitted', NULL, NULL);
INSERT INTO bid (ct_email, ct_price, start_date, end_date, is_cash, transport_method, pet_owner, pet_name, bid_status, feedback, rating) VALUES ('Angeline.Wiza46@hotmail.com', 0, '2020-11-14T15:27:19.244Z', '2020-11-20T17:18:20.731Z', true, 'delivery', 'Haskell.Ratke@yahoo.com', 'Cecil', 'submitted', NULL, NULL);
INSERT INTO bid (ct_email, ct_price, start_date, end_date, is_cash, transport_method, pet_owner, pet_name, bid_status, feedback, rating) VALUES ('Kayleigh.Hane88@yahoo.com', 3, '2020-11-14T15:27:19.244Z', '2020-11-20T17:18:20.731Z', true, 'pickup', 'Werner7@hotmail.com', 'Jalen', 'submitted', NULL, NULL);
INSERT INTO bid (ct_email, ct_price, start_date, end_date, is_cash, transport_method, pet_owner, pet_name, bid_status, feedback, rating) VALUES ('Toby.Rowe@yahoo.com', 17, '2020-11-14T15:27:19.244Z', '2020-11-20T17:18:20.731Z', true, 'pickup', 'Lucio76@gmail.com', 'Gay', 'submitted', NULL, NULL);
INSERT INTO bid (ct_email, ct_price, start_date, end_date, is_cash, transport_method, pet_owner, pet_name, bid_status, feedback, rating) VALUES ('Miller_Keebler@yahoo.com', 16, '2020-11-14T15:27:19.244Z', '2020-11-20T17:18:20.731Z', true, 'pcs', 'Roselyn.Sawayn@hotmail.com', 'Gabriella', 'submitted', NULL, NULL);
INSERT INTO bid (ct_email, ct_price, start_date, end_date, is_cash, transport_method, pet_owner, pet_name, bid_status, feedback, rating) VALUES ('Dangelo_Dietrich3@hotmail.com', 14, '2020-11-14T15:27:19.244Z', '2020-11-20T17:18:20.731Z', true, 'pickup', 'Markus.Lang@hotmail.com', 'Gavin', 'submitted', NULL, NULL);
INSERT INTO bid (ct_email, ct_price, start_date, end_date, is_cash, transport_method, pet_owner, pet_name, bid_status, feedback, rating) VALUES ('Wilfredo_White42@hotmail.com', 17, '2020-11-14T15:27:19.244Z', '2020-11-20T17:18:20.731Z', true, 'delivery', 'Vernice.Bogan31@yahoo.com', 'Noemie', 'submitted', NULL, NULL);
INSERT INTO bid (ct_email, ct_price, start_date, end_date, is_cash, transport_method, pet_owner, pet_name, bid_status, feedback, rating) VALUES ('Sheridan81@yahoo.com', 3, '2020-11-14T15:27:19.244Z', '2020-11-20T17:18:20.731Z', true, 'delivery', 'Max_Witting@yahoo.com', 'Felix', 'submitted', NULL, NULL);
INSERT INTO bid (ct_email, ct_price, start_date, end_date, is_cash, transport_method, pet_owner, pet_name, bid_status, feedback, rating) VALUES ('Domenick.Lesch54@yahoo.com', 6, '2020-11-14T15:27:19.244Z', '2020-11-20T17:18:20.731Z', true, 'pcs', 'Juliana87@hotmail.com', 'London', 'submitted', NULL, NULL);
INSERT INTO bid (ct_email, ct_price, start_date, end_date, is_cash, transport_method, pet_owner, pet_name, bid_status, feedback, rating) VALUES ('Chaim.Dach78@gmail.com', 11, '2020-11-14T15:27:19.244Z', '2020-11-20T17:18:20.731Z', true, 'delivery', 'Kathleen_Wiegand3@hotmail.com', 'Mauricio', 'submitted', NULL, NULL);
INSERT INTO bid (ct_email, ct_price, start_date, end_date, is_cash, transport_method, pet_owner, pet_name, bid_status, feedback, rating) VALUES ('Cameron.Nader@hotmail.com', 12, '2020-11-14T15:27:19.244Z', '2020-11-20T17:18:20.731Z', true, 'pickup', 'Layla.Harber64@yahoo.com', 'Kaleb', 'submitted', NULL, NULL);
INSERT INTO bid (ct_email, ct_price, start_date, end_date, is_cash, transport_method, pet_owner, pet_name, bid_status, feedback, rating) VALUES ('Stephany.Luettgen73@gmail.com', 6, '2020-11-14T15:27:19.244Z', '2020-11-20T17:18:20.731Z', true, 'pickup', 'Geovanni.OKon@hotmail.com', 'Sonya', 'submitted', NULL, NULL);
INSERT INTO bid (ct_email, ct_price, start_date, end_date, is_cash, transport_method, pet_owner, pet_name, bid_status, feedback, rating) VALUES ('Luther_Goodwin38@yahoo.com', 15, '2020-11-14T15:27:19.244Z', '2020-11-20T17:18:20.731Z', true, 'delivery', 'Elton_Schiller@gmail.com', 'Ila', 'submitted', NULL, NULL);
INSERT INTO bid (ct_email, ct_price, start_date, end_date, is_cash, transport_method, pet_owner, pet_name, bid_status, feedback, rating) VALUES ('Alaina.Glover84@gmail.com', 8, '2020-11-14T15:27:19.244Z', '2020-11-20T17:18:20.731Z', true, 'delivery', 'Lucile.Dickinson@gmail.com', 'Eleazar', 'submitted', NULL, NULL);
INSERT INTO bid (ct_email, ct_price, start_date, end_date, is_cash, transport_method, pet_owner, pet_name, bid_status, feedback, rating) VALUES ('Silas_Hahn77@hotmail.com', 14, '2020-11-14T15:27:19.244Z', '2020-11-20T17:18:20.731Z', true, 'pcs', 'Helene98@hotmail.com', 'Michael', 'submitted', NULL, NULL);
INSERT INTO bid (ct_email, ct_price, start_date, end_date, is_cash, transport_method, pet_owner, pet_name, bid_status, feedback, rating) VALUES ('Ona.Schroeder@gmail.com', 13, '2020-11-14T15:27:19.244Z', '2020-11-20T17:18:20.731Z', true, 'delivery', 'Charles.Mueller@gmail.com', 'Flavio', 'submitted', NULL, NULL);
INSERT INTO bid (ct_email, ct_price, start_date, end_date, is_cash, transport_method, pet_owner, pet_name, bid_status, feedback, rating) VALUES ('Josefa.Turcotte34@yahoo.com', 19, '2020-11-14T15:27:19.244Z', '2020-11-20T17:18:20.731Z', true, 'pcs', 'Sheridan81@yahoo.com', 'Khalid', 'submitted', NULL, NULL);
INSERT INTO bid (ct_email, ct_price, start_date, end_date, is_cash, transport_method, pet_owner, pet_name, bid_status, feedback, rating) VALUES ('Randal_Bednar19@yahoo.com', 13, '2020-11-14T15:27:19.244Z', '2020-11-20T17:18:20.731Z', true, 'pickup', 'Melvin.Stoltenberg@yahoo.com', 'Jesus', 'submitted', NULL, NULL);
INSERT INTO bid (ct_email, ct_price, start_date, end_date, is_cash, transport_method, pet_owner, pet_name, bid_status, feedback, rating) VALUES ('Julianne36@hotmail.com', 20, '2020-11-14T15:27:19.244Z', '2020-11-20T17:18:20.731Z', true, 'pickup', 'Alia37@hotmail.com', 'Bryana', 'submitted', NULL, NULL);
INSERT INTO bid (ct_email, ct_price, start_date, end_date, is_cash, transport_method, pet_owner, pet_name, bid_status, feedback, rating) VALUES ('Christine.Schumm@hotmail.com', 3, '2020-11-14T15:27:19.244Z', '2020-11-20T17:18:20.731Z', true, 'delivery', 'Regan_Kuhic@yahoo.com', 'Schuyler', 'submitted', NULL, NULL);
INSERT INTO bid (ct_email, ct_price, start_date, end_date, is_cash, transport_method, pet_owner, pet_name, bid_status, feedback, rating) VALUES ('Easter.Blanda@yahoo.com', 16, '2020-11-14T15:27:19.244Z', '2020-11-20T17:18:20.731Z', true, 'pickup', 'Tobin67@gmail.com', 'Spencer', 'submitted', NULL, NULL);
INSERT INTO bid (ct_email, ct_price, start_date, end_date, is_cash, transport_method, pet_owner, pet_name, bid_status, feedback, rating) VALUES ('Earline38@yahoo.com', 0, '2020-11-14T15:27:19.244Z', '2020-11-20T17:18:20.731Z', true, 'pickup', 'Amara.Hoppe@yahoo.com', 'Efrain', 'submitted', NULL, NULL);
INSERT INTO bid (ct_email, ct_price, start_date, end_date, is_cash, transport_method, pet_owner, pet_name, bid_status, feedback, rating) VALUES ('Dorothy.Muller@yahoo.com', 17, '2020-11-14T15:27:19.244Z', '2020-11-20T17:18:20.731Z', true, 'delivery', 'Royce84@gmail.com', 'Reba', 'submitted', NULL, NULL);
INSERT INTO bid (ct_email, ct_price, start_date, end_date, is_cash, transport_method, pet_owner, pet_name, bid_status, feedback, rating) VALUES ('Jany84@yahoo.com', 9, '2020-11-14T15:27:19.244Z', '2020-11-20T17:18:20.731Z', true, 'delivery', 'Jeremie45@gmail.com', 'Nash', 'submitted', NULL, NULL);
INSERT INTO bid (ct_email, ct_price, start_date, end_date, is_cash, transport_method, pet_owner, pet_name, bid_status, feedback, rating) VALUES ('Willie_Kassulke@gmail.com', 13, '2020-11-14T15:27:19.244Z', '2020-11-20T17:18:20.731Z', true, 'pcs', 'Kaya_Miller@yahoo.com', 'Penelope', 'submitted', NULL, NULL);
INSERT INTO bid (ct_email, ct_price, start_date, end_date, is_cash, transport_method, pet_owner, pet_name, bid_status, feedback, rating) VALUES ('Gracie_Moore13@gmail.com', 3, '2020-11-14T15:27:19.244Z', '2020-11-20T17:18:20.731Z', true, 'pcs', 'Marjory31@hotmail.com', 'Hertha', 'submitted', NULL, NULL);
INSERT INTO bid (ct_email, ct_price, start_date, end_date, is_cash, transport_method, pet_owner, pet_name, bid_status, feedback, rating) VALUES ('Ezekiel64@hotmail.com', 16, '2020-11-14T15:27:19.244Z', '2020-11-20T17:18:20.731Z', true, 'pickup', 'Karley.Zulauf@yahoo.com', 'Gisselle', 'submitted', NULL, NULL);
INSERT INTO bid (ct_email, ct_price, start_date, end_date, is_cash, transport_method, pet_owner, pet_name, bid_status, feedback, rating) VALUES ('Paula.Price@yahoo.com', 2, '2020-11-14T15:27:19.244Z', '2020-11-20T17:18:20.731Z', true, 'delivery', 'Doyle_Kuhlman@yahoo.com', 'Alden', 'submitted', NULL, NULL);
INSERT INTO bid (ct_email, ct_price, start_date, end_date, is_cash, transport_method, pet_owner, pet_name, bid_status, feedback, rating) VALUES ('Aglae_Windler@gmail.com', 17, '2020-11-14T15:27:19.244Z', '2020-11-20T17:18:20.731Z', true, 'pickup', 'Hanna_McClure@gmail.com', 'Kirstin', 'submitted', NULL, NULL);
INSERT INTO bid (ct_email, ct_price, start_date, end_date, is_cash, transport_method, pet_owner, pet_name, bid_status, feedback, rating) VALUES ('Leif_Gerhold64@yahoo.com', 12, '2020-11-14T15:27:19.244Z', '2020-11-20T17:18:20.731Z', true, 'pcs', 'Margarette_Graham@gmail.com', 'Jacey', 'submitted', NULL, NULL);
INSERT INTO bid (ct_email, ct_price, start_date, end_date, is_cash, transport_method, pet_owner, pet_name, bid_status, feedback, rating) VALUES ('Zoey87@yahoo.com', 8, '2020-11-14T15:27:19.244Z', '2020-11-20T17:18:20.731Z', true, 'pcs', 'Miller_Keebler@yahoo.com', 'Frank', 'submitted', NULL, NULL);
INSERT INTO bid (ct_email, ct_price, start_date, end_date, is_cash, transport_method, pet_owner, pet_name, bid_status, feedback, rating) VALUES ('Kyler32@hotmail.com', 20, '2020-11-14T15:27:19.244Z', '2020-11-20T17:18:20.731Z', true, 'delivery', 'Harley_Boehm@yahoo.com', 'Eryn', 'submitted', NULL, NULL);
INSERT INTO bid (ct_email, ct_price, start_date, end_date, is_cash, transport_method, pet_owner, pet_name, bid_status, feedback, rating) VALUES ('Kennith_Hane@gmail.com', 5, '2020-11-14T15:27:19.244Z', '2020-11-20T17:18:20.731Z', true, 'pcs', 'Tyrese49@hotmail.com', 'Clemens', 'submitted', NULL, NULL);
INSERT INTO bid (ct_email, ct_price, start_date, end_date, is_cash, transport_method, pet_owner, pet_name, bid_status, feedback, rating) VALUES ('Chet.Kulas@gmail.com', 2, '2020-11-14T15:27:19.244Z', '2020-11-20T17:18:20.731Z', true, 'delivery', 'Creola_Powlowski43@gmail.com', 'Allene', 'submitted', NULL, NULL);
INSERT INTO bid (ct_email, ct_price, start_date, end_date, is_cash, transport_method, pet_owner, pet_name, bid_status, feedback, rating) VALUES ('Brad.Pollich@yahoo.com', 13, '2020-11-14T15:27:19.244Z', '2020-11-20T17:18:20.731Z', true, 'pcs', 'Julien15@hotmail.com', 'Amber', 'submitted', NULL, NULL);
INSERT INTO bid (ct_email, ct_price, start_date, end_date, is_cash, transport_method, pet_owner, pet_name, bid_status, feedback, rating) VALUES ('Stanton.Smitham69@yahoo.com', 5, '2020-11-14T15:27:19.244Z', '2020-11-20T17:18:20.731Z', true, 'pcs', 'Dylan.Franecki95@gmail.com', 'Xzavier', 'submitted', NULL, NULL);
INSERT INTO bid (ct_email, ct_price, start_date, end_date, is_cash, transport_method, pet_owner, pet_name, bid_status, feedback, rating) VALUES ('Shawn_Lehner@yahoo.com', 4, '2020-11-14T15:27:19.244Z', '2020-11-20T17:18:20.731Z', true, 'pcs', 'Ludwig_Hessel@yahoo.com', 'Cale', 'submitted', NULL, NULL);
INSERT INTO bid (ct_email, ct_price, start_date, end_date, is_cash, transport_method, pet_owner, pet_name, bid_status, feedback, rating) VALUES ('Clark.Terry57@gmail.com', 5, '2020-11-14T15:27:19.244Z', '2020-11-20T17:18:20.731Z', true, 'pcs', 'Angie_Stanton@gmail.com', 'Laury', 'submitted', NULL, NULL);
INSERT INTO bid (ct_email, ct_price, start_date, end_date, is_cash, transport_method, pet_owner, pet_name, bid_status, feedback, rating) VALUES ('Jose69@hotmail.com', 16, '2020-11-14T15:27:19.244Z', '2020-11-20T17:18:20.731Z', true, 'pcs', 'Milford_Rath@yahoo.com', 'Princess', 'submitted', NULL, NULL);
INSERT INTO bid (ct_email, ct_price, start_date, end_date, is_cash, transport_method, pet_owner, pet_name, bid_status, feedback, rating) VALUES ('Corene27@hotmail.com', 4, '2020-11-14T15:27:19.244Z', '2020-11-20T17:18:20.731Z', true, 'pickup', 'Allison.Nolan81@hotmail.com', 'Liam', 'submitted', NULL, NULL);
INSERT INTO bid (ct_email, ct_price, start_date, end_date, is_cash, transport_method, pet_owner, pet_name, bid_status, feedback, rating) VALUES ('Ramiro86@gmail.com', 9, '2020-11-14T15:27:19.244Z', '2020-11-20T17:18:20.731Z', true, 'pcs', 'Katrina_Kutch@yahoo.com', 'Leonora', 'submitted', NULL, NULL);
INSERT INTO bid (ct_email, ct_price, start_date, end_date, is_cash, transport_method, pet_owner, pet_name, bid_status, feedback, rating) VALUES ('Andreanne_Jacobson@hotmail.com', 17, '2020-11-14T15:27:19.244Z', '2020-11-20T17:18:20.731Z', true, 'delivery', 'Mack_Hills26@hotmail.com', 'Aliya', 'submitted', NULL, NULL);
INSERT INTO bid (ct_email, ct_price, start_date, end_date, is_cash, transport_method, pet_owner, pet_name, bid_status, feedback, rating) VALUES ('Clare_McLaughlin72@hotmail.com', 19, '2020-11-14T15:27:19.244Z', '2020-11-20T17:18:20.731Z', true, 'pickup', 'Candace_Terry29@hotmail.com', 'Martina', 'submitted', NULL, NULL);
INSERT INTO bid (ct_email, ct_price, start_date, end_date, is_cash, transport_method, pet_owner, pet_name, bid_status, feedback, rating) VALUES ('Claudie_Hyatt46@gmail.com', 6, '2020-11-14T15:27:19.244Z', '2020-11-20T17:18:20.731Z', true, 'pcs', 'Jany95@gmail.com', 'Johanna', 'submitted', NULL, NULL);
INSERT INTO bid (ct_email, ct_price, start_date, end_date, is_cash, transport_method, pet_owner, pet_name, bid_status, feedback, rating) VALUES ('Suzanne.Blick85@yahoo.com', 8, '2020-11-14T15:27:19.244Z', '2020-11-20T17:18:20.731Z', true, 'pcs', 'Ramon.Heidenreich96@hotmail.com', 'Ayden', 'submitted', NULL, NULL);
INSERT INTO bid (ct_email, ct_price, start_date, end_date, is_cash, transport_method, pet_owner, pet_name, bid_status, feedback, rating) VALUES ('Guido.DuBuque@yahoo.com', 0, '2020-11-14T15:27:19.244Z', '2020-11-20T17:18:20.731Z', true, 'pcs', 'Summer_Lueilwitz86@hotmail.com', 'Francisco', 'submitted', NULL, NULL);
INSERT INTO bid (ct_email, ct_price, start_date, end_date, is_cash, transport_method, pet_owner, pet_name, bid_status, feedback, rating) VALUES ('Raphaelle21@hotmail.com', 18, '2020-11-14T15:27:19.244Z', '2020-11-20T17:18:20.731Z', true, 'pickup', 'Freddy.Kunze@yahoo.com', 'Orval', 'submitted', NULL, NULL);
INSERT INTO bid (ct_email, ct_price, start_date, end_date, is_cash, transport_method, pet_owner, pet_name, bid_status, feedback, rating) VALUES ('Napoleon_Raynor@hotmail.com', 16, '2020-11-14T15:27:19.244Z', '2020-11-20T17:18:20.731Z', true, 'pickup', 'Leola.Kutch@hotmail.com', 'Sarah', 'submitted', NULL, NULL);
INSERT INTO bid (ct_email, ct_price, start_date, end_date, is_cash, transport_method, pet_owner, pet_name, bid_status, feedback, rating) VALUES ('Myah_Walsh@gmail.com', 5, '2020-11-14T15:27:19.244Z', '2020-11-20T17:18:20.731Z', true, 'pcs', 'Vincent16@hotmail.com', 'Flavio', 'submitted', NULL, NULL);
INSERT INTO bid (ct_email, ct_price, start_date, end_date, is_cash, transport_method, pet_owner, pet_name, bid_status, feedback, rating) VALUES ('Jedidiah.Collins98@yahoo.com', 0, '2020-11-14T15:27:19.244Z', '2020-11-20T17:18:20.731Z', true, 'delivery', 'Joana_Bednar@gmail.com', 'Heaven', 'submitted', NULL, NULL);
INSERT INTO bid (ct_email, ct_price, start_date, end_date, is_cash, transport_method, pet_owner, pet_name, bid_status, feedback, rating) VALUES ('Clarabelle.DuBuque66@yahoo.com', 14, '2020-11-14T15:27:19.244Z', '2020-11-20T17:18:20.731Z', true, 'delivery', 'Nicklaus.Von22@gmail.com', 'Terry', 'submitted', NULL, NULL);
INSERT INTO bid (ct_email, ct_price, start_date, end_date, is_cash, transport_method, pet_owner, pet_name, bid_status, feedback, rating) VALUES ('Adrain87@gmail.com', 20, '2020-11-14T15:27:19.244Z', '2020-11-20T17:18:20.731Z', true, 'pickup', 'Dayna34@hotmail.com', 'Vince', 'submitted', NULL, NULL);
INSERT INTO bid (ct_email, ct_price, start_date, end_date, is_cash, transport_method, pet_owner, pet_name, bid_status, feedback, rating) VALUES ('Mckenna.Grimes@hotmail.com', 7, '2020-11-14T15:27:19.244Z', '2020-11-20T17:18:20.731Z', true, 'delivery', 'Jaunita_Borer@yahoo.com', 'Josephine', 'submitted', NULL, NULL);
INSERT INTO bid (ct_email, ct_price, start_date, end_date, is_cash, transport_method, pet_owner, pet_name, bid_status, feedback, rating) VALUES ('Stephania.Hackett@gmail.com', 16, '2020-11-14T15:27:19.244Z', '2020-11-20T17:18:20.731Z', true, 'pickup', 'Valerie12@hotmail.com', 'Candida', 'submitted', NULL, NULL);
INSERT INTO bid (ct_email, ct_price, start_date, end_date, is_cash, transport_method, pet_owner, pet_name, bid_status, feedback, rating) VALUES ('Richard.Schmidt11@gmail.com', 9, '2020-11-14T15:27:19.244Z', '2020-11-20T17:18:20.731Z', true, 'pcs', 'Billie86@gmail.com', 'Keely', 'submitted', NULL, NULL);
INSERT INTO bid (ct_email, ct_price, start_date, end_date, is_cash, transport_method, pet_owner, pet_name, bid_status, feedback, rating) VALUES ('Mariam.Herman@gmail.com', 19, '2020-11-14T15:27:19.244Z', '2020-11-20T17:18:20.731Z', true, 'delivery', 'Marianne.Predovic99@gmail.com', 'Kathleen', 'submitted', NULL, NULL);
INSERT INTO bid (ct_email, ct_price, start_date, end_date, is_cash, transport_method, pet_owner, pet_name, bid_status, feedback, rating) VALUES ('Kailey72@yahoo.com', 13, '2020-11-14T15:27:19.244Z', '2020-11-20T17:18:20.731Z', true, 'pickup', 'Heath_Harris@yahoo.com', 'Isaias', 'submitted', NULL, NULL);
INSERT INTO bid (ct_email, ct_price, start_date, end_date, is_cash, transport_method, pet_owner, pet_name, bid_status, feedback, rating) VALUES ('Corene.Abernathy88@yahoo.com', 5, '2020-11-14T15:27:19.244Z', '2020-11-20T17:18:20.731Z', true, 'delivery', 'Jesus.Haag@hotmail.com', 'Marielle', 'submitted', NULL, NULL);
INSERT INTO bid (ct_email, ct_price, start_date, end_date, is_cash, transport_method, pet_owner, pet_name, bid_status, feedback, rating) VALUES ('Rex78@hotmail.com', 0, '2020-11-14T15:27:19.244Z', '2020-11-20T17:18:20.731Z', true, 'pcs', 'Halie49@hotmail.com', 'Onie', 'submitted', NULL, NULL);
INSERT INTO bid (ct_email, ct_price, start_date, end_date, is_cash, transport_method, pet_owner, pet_name, bid_status, feedback, rating) VALUES ('Stella_Wyman55@yahoo.com', 17, '2020-11-14T15:27:19.244Z', '2020-11-20T17:18:20.731Z', true, 'pickup', 'Roscoe.Mante@gmail.com', 'Adelia', 'submitted', NULL, NULL);
INSERT INTO bid (ct_email, ct_price, start_date, end_date, is_cash, transport_method, pet_owner, pet_name, bid_status, feedback, rating) VALUES ('Savion.Kovacek@hotmail.com', 11, '2020-11-14T15:27:19.244Z', '2020-11-20T17:18:20.731Z', true, 'pickup', 'Kailey86@yahoo.com', 'Golda', 'submitted', NULL, NULL);
INSERT INTO bid (ct_email, ct_price, start_date, end_date, is_cash, transport_method, pet_owner, pet_name, bid_status, feedback, rating) VALUES ('Celestino_Stroman4@hotmail.com', 7, '2020-11-14T15:27:19.244Z', '2020-11-20T17:18:20.731Z', true, 'pcs', 'Lennie_Marks56@yahoo.com', 'Emilie', 'submitted', NULL, NULL);
INSERT INTO bid (ct_email, ct_price, start_date, end_date, is_cash, transport_method, pet_owner, pet_name, bid_status, feedback, rating) VALUES ('Stefanie_Roob17@gmail.com', 17, '2020-11-14T15:27:19.244Z', '2020-11-20T17:18:20.731Z', true, 'pcs', 'Davin92@gmail.com', 'Cleo', 'submitted', NULL, NULL);
INSERT INTO bid (ct_email, ct_price, start_date, end_date, is_cash, transport_method, pet_owner, pet_name, bid_status, feedback, rating) VALUES ('Helene98@hotmail.com', 5, '2020-11-14T15:27:19.244Z', '2020-11-20T17:18:20.731Z', true, 'pcs', 'Domenica_Ondricka1@gmail.com', 'Lilliana', 'submitted', NULL, NULL);
INSERT INTO bid (ct_email, ct_price, start_date, end_date, is_cash, transport_method, pet_owner, pet_name, bid_status, feedback, rating) VALUES ('Johnathon2@gmail.com', 5, '2020-11-14T15:27:19.244Z', '2020-11-20T17:18:20.731Z', true, 'delivery', 'Edmond_Romaguera@yahoo.com', 'Derrick', 'submitted', NULL, NULL);
INSERT INTO bid (ct_email, ct_price, start_date, end_date, is_cash, transport_method, pet_owner, pet_name, bid_status, feedback, rating) VALUES ('Marlin_Crona88@yahoo.com', 11, '2020-11-14T15:27:19.244Z', '2020-11-20T17:18:20.731Z', true, 'pickup', 'Lenore75@hotmail.com', 'Tanya', 'submitted', NULL, NULL);
INSERT INTO bid (ct_email, ct_price, start_date, end_date, is_cash, transport_method, pet_owner, pet_name, bid_status, feedback, rating) VALUES ('Gail_Weissnat@yahoo.com', 13, '2020-11-14T15:27:19.244Z', '2020-11-20T17:18:20.731Z', true, 'pickup', 'Oleta45@hotmail.com', 'Roscoe', 'submitted', NULL, NULL);
INSERT INTO bid (ct_email, ct_price, start_date, end_date, is_cash, transport_method, pet_owner, pet_name, bid_status, feedback, rating) VALUES ('Laura_Kunde9@hotmail.com', 20, '2020-11-14T15:27:19.244Z', '2020-11-20T17:18:20.731Z', true, 'delivery', 'Nicklaus.Hermiston22@yahoo.com', 'Agustin', 'submitted', NULL, NULL);
INSERT INTO bid (ct_email, ct_price, start_date, end_date, is_cash, transport_method, pet_owner, pet_name, bid_status, feedback, rating) VALUES ('Nelson.Krajcik63@yahoo.com', 7, '2020-11-14T15:27:19.244Z', '2020-11-20T17:18:20.731Z', true, 'pcs', 'Katlynn96@hotmail.com', 'Jennyfer', 'submitted', NULL, NULL);
INSERT INTO bid (ct_email, ct_price, start_date, end_date, is_cash, transport_method, pet_owner, pet_name, bid_status, feedback, rating) VALUES ('Nayeli90@gmail.com', 8, '2020-11-14T15:27:19.244Z', '2020-11-20T17:18:20.731Z', true, 'pcs', 'Alva78@hotmail.com', 'Elody', 'submitted', NULL, NULL);
INSERT INTO bid (ct_email, ct_price, start_date, end_date, is_cash, transport_method, pet_owner, pet_name, bid_status, feedback, rating) VALUES ('Alana21@yahoo.com', 3, '2020-11-14T15:27:19.244Z', '2020-11-20T17:18:20.731Z', true, 'pcs', 'Emmet_Blanda@yahoo.com', 'Cooper', 'submitted', NULL, NULL);
INSERT INTO bid (ct_email, ct_price, start_date, end_date, is_cash, transport_method, pet_owner, pet_name, bid_status, feedback, rating) VALUES ('Lauretta.Stiedemann60@gmail.com', 8, '2020-11-14T15:27:19.244Z', '2020-11-20T17:18:20.731Z', true, 'pcs', 'Marietta15@gmail.com', 'Ruthie', 'submitted', NULL, NULL);
INSERT INTO bid (ct_email, ct_price, start_date, end_date, is_cash, transport_method, pet_owner, pet_name, bid_status, feedback, rating) VALUES ('Noelia_Effertz@gmail.com', 13, '2020-11-14T15:27:19.244Z', '2020-11-20T17:18:20.731Z', true, 'pickup', 'Jose69@hotmail.com', 'Rosendo', 'submitted', NULL, NULL);
INSERT INTO bid (ct_email, ct_price, start_date, end_date, is_cash, transport_method, pet_owner, pet_name, bid_status, feedback, rating) VALUES ('Amy49@gmail.com', 7, '2020-11-14T15:27:19.244Z', '2020-11-20T17:18:20.731Z', true, 'pickup', 'Maia48@gmail.com', 'Landen', 'submitted', NULL, NULL);
INSERT INTO bid (ct_email, ct_price, start_date, end_date, is_cash, transport_method, pet_owner, pet_name, bid_status, feedback, rating) VALUES ('Kailey.Schoen83@hotmail.com', 13, '2020-11-14T15:27:19.244Z', '2020-11-20T17:18:20.731Z', true, 'pcs', 'Vilma.Schneider91@gmail.com', 'Laisha', 'submitted', NULL, NULL);
INSERT INTO bid (ct_email, ct_price, start_date, end_date, is_cash, transport_method, pet_owner, pet_name, bid_status, feedback, rating) VALUES ('Diana.Mueller92@gmail.com', 2, '2020-11-14T15:27:19.244Z', '2020-11-20T17:18:20.731Z', true, 'delivery', 'Alexzander31@hotmail.com', 'Electa', 'submitted', NULL, NULL);
INSERT INTO bid (ct_email, ct_price, start_date, end_date, is_cash, transport_method, pet_owner, pet_name, bid_status, feedback, rating) VALUES ('Caleigh60@gmail.com', 17, '2020-11-14T15:27:19.244Z', '2020-11-20T17:18:20.731Z', true, 'pcs', 'Bailey.Gaylord61@yahoo.com', 'Jordan', 'submitted', NULL, NULL);
INSERT INTO bid (ct_email, ct_price, start_date, end_date, is_cash, transport_method, pet_owner, pet_name, bid_status, feedback, rating) VALUES ('Wilford42@hotmail.com', 18, '2020-11-14T15:27:19.244Z', '2020-11-20T17:18:20.731Z', true, 'pickup', 'Lukas.Mayer16@gmail.com', 'Alana', 'submitted', NULL, NULL);
INSERT INTO bid (ct_email, ct_price, start_date, end_date, is_cash, transport_method, pet_owner, pet_name, bid_status, feedback, rating) VALUES ('Kevin.Graham@gmail.com', 10, '2020-11-14T15:27:19.244Z', '2020-11-20T17:18:20.731Z', true, 'pcs', 'Carolyn.Rowe68@yahoo.com', 'Amiya', 'submitted', NULL, NULL);
INSERT INTO bid (ct_email, ct_price, start_date, end_date, is_cash, transport_method, pet_owner, pet_name, bid_status, feedback, rating) VALUES ('Darryl.Luettgen8@gmail.com', 11, '2020-11-14T15:27:19.244Z', '2020-11-20T17:18:20.731Z', true, 'pickup', 'Kailey72@yahoo.com', 'Leonie', 'submitted', NULL, NULL);
INSERT INTO bid (ct_email, ct_price, start_date, end_date, is_cash, transport_method, pet_owner, pet_name, bid_status, feedback, rating) VALUES ('Lulu15@gmail.com', 17, '2020-11-14T15:27:19.244Z', '2020-11-20T17:18:20.731Z', true, 'pickup', 'Rylee_Schulist76@gmail.com', 'Vernon', 'submitted', NULL, NULL);
INSERT INTO bid (ct_email, ct_price, start_date, end_date, is_cash, transport_method, pet_owner, pet_name, bid_status, feedback, rating) VALUES ('Cara20@hotmail.com', 1, '2020-11-14T15:27:19.244Z', '2020-11-20T17:18:20.731Z', true, 'delivery', 'Eldon.Gislason@gmail.com', 'Jeremy', 'submitted', NULL, NULL);
INSERT INTO bid (ct_email, ct_price, start_date, end_date, is_cash, transport_method, pet_owner, pet_name, bid_status, feedback, rating) VALUES ('Adolfo59@gmail.com', 20, '2020-11-14T15:27:19.244Z', '2020-11-20T17:18:20.731Z', true, 'delivery', 'Baron52@yahoo.com', 'Guiseppe', 'submitted', NULL, NULL);
INSERT INTO bid (ct_email, ct_price, start_date, end_date, is_cash, transport_method, pet_owner, pet_name, bid_status, feedback, rating) VALUES ('Heloise.Dietrich61@gmail.com', 8, '2020-11-14T15:27:19.244Z', '2020-11-20T17:18:20.731Z', true, 'pcs', 'Joannie_Schamberger@yahoo.com', 'Jewel', 'submitted', NULL, NULL);
INSERT INTO bid (ct_email, ct_price, start_date, end_date, is_cash, transport_method, pet_owner, pet_name, bid_status, feedback, rating) VALUES ('Roosevelt.Stracke@hotmail.com', 0, '2020-11-14T15:27:19.244Z', '2020-11-20T17:18:20.731Z', true, 'pcs', 'Carolyne_Sipes@hotmail.com', 'Eleanora', 'submitted', NULL, NULL);
INSERT INTO bid (ct_email, ct_price, start_date, end_date, is_cash, transport_method, pet_owner, pet_name, bid_status, feedback, rating) VALUES ('Brendon_Beer49@gmail.com', 7, '2020-11-14T15:27:19.244Z', '2020-11-20T17:18:20.731Z', true, 'delivery', 'Kobe30@gmail.com', 'Malika', 'submitted', NULL, NULL);
INSERT INTO bid (ct_email, ct_price, start_date, end_date, is_cash, transport_method, pet_owner, pet_name, bid_status, feedback, rating) VALUES ('Garrett.Greenholt32@gmail.com', 20, '2020-11-14T15:27:19.244Z', '2020-11-20T17:18:20.731Z', true, 'pcs', 'Percy_Langworth60@hotmail.com', 'Carson', 'submitted', NULL, NULL);
INSERT INTO bid (ct_email, ct_price, start_date, end_date, is_cash, transport_method, pet_owner, pet_name, bid_status, feedback, rating) VALUES ('Ada18@gmail.com', 14, '2020-11-14T15:27:19.244Z', '2020-11-20T17:18:20.731Z', true, 'delivery', 'Juliet.OConnell10@hotmail.com', 'Yoshiko', 'submitted', NULL, NULL);
INSERT INTO bid (ct_email, ct_price, start_date, end_date, is_cash, transport_method, pet_owner, pet_name, bid_status, feedback, rating) VALUES ('Royce.Schamberger77@yahoo.com', 15, '2020-11-14T15:27:19.244Z', '2020-11-20T17:18:20.731Z', true, 'delivery', 'Brittany.Price57@gmail.com', 'Jasen', 'submitted', NULL, NULL);
INSERT INTO bid (ct_email, ct_price, start_date, end_date, is_cash, transport_method, pet_owner, pet_name, bid_status, feedback, rating) VALUES ('Quincy43@yahoo.com', 9, '2020-11-14T15:27:19.244Z', '2020-11-20T17:18:20.731Z', true, 'delivery', 'Cali.Zboncak97@hotmail.com', 'Kay', 'submitted', NULL, NULL);
INSERT INTO bid (ct_email, ct_price, start_date, end_date, is_cash, transport_method, pet_owner, pet_name, bid_status, feedback, rating) VALUES ('Carlee.Hansen@gmail.com', 18, '2020-11-14T15:27:19.244Z', '2020-11-20T17:18:20.731Z', true, 'pickup', 'Kasandra_Quitzon@yahoo.com', 'Benedict', 'submitted', NULL, NULL);
INSERT INTO bid (ct_email, ct_price, start_date, end_date, is_cash, transport_method, pet_owner, pet_name, bid_status, feedback, rating) VALUES ('Kyla31@yahoo.com', 20, '2020-11-14T15:27:19.244Z', '2020-11-20T17:18:20.731Z', true, 'delivery', 'Angelita_Herman70@hotmail.com', 'Aileen', 'submitted', NULL, NULL);
INSERT INTO bid (ct_email, ct_price, start_date, end_date, is_cash, transport_method, pet_owner, pet_name, bid_status, feedback, rating) VALUES ('Geovanni.OKon@hotmail.com', 3, '2020-11-14T15:27:19.244Z', '2020-11-20T17:18:20.731Z', true, 'pickup', 'Erica_Kovacek@yahoo.com', 'Kiarra', 'submitted', NULL, NULL);
INSERT INTO bid (ct_email, ct_price, start_date, end_date, is_cash, transport_method, pet_owner, pet_name, bid_status, feedback, rating) VALUES ('Max_Witting@yahoo.com', 7, '2020-11-14T15:27:19.244Z', '2020-11-20T17:18:20.731Z', true, 'pcs', 'Angela_Heaney@gmail.com', 'Kylie', 'submitted', NULL, NULL);
INSERT INTO bid (ct_email, ct_price, start_date, end_date, is_cash, transport_method, pet_owner, pet_name, bid_status, feedback, rating) VALUES ('Aimee.Doyle@yahoo.com', 14, '2020-11-21T17:18:20.731Z', '2020-11-28T17:09:54.762Z', true, 'pickup', 'Arianna.Waelchi@gmail.com', 'Wiley', 'submitted', NULL, NULL);
INSERT INTO bid (ct_email, ct_price, start_date, end_date, is_cash, transport_method, pet_owner, pet_name, bid_status, feedback, rating) VALUES ('Carson.Volkman@yahoo.com', 17, '2020-11-21T17:18:20.731Z', '2020-11-28T17:09:54.762Z', true, 'pickup', 'Brendon.Jakubowski6@gmail.com', 'Laverne', 'submitted', NULL, NULL);
INSERT INTO bid (ct_email, ct_price, start_date, end_date, is_cash, transport_method, pet_owner, pet_name, bid_status, feedback, rating) VALUES ('Marta_Robel22@yahoo.com', 1, '2020-11-21T17:18:20.731Z', '2020-11-28T17:09:54.762Z', true, 'delivery', 'Art.Mante87@hotmail.com', 'Karlee', 'submitted', NULL, NULL);
INSERT INTO bid (ct_email, ct_price, start_date, end_date, is_cash, transport_method, pet_owner, pet_name, bid_status, feedback, rating) VALUES ('Alva78@hotmail.com', 3, '2020-11-21T17:18:20.731Z', '2020-11-28T17:09:54.762Z', true, 'delivery', 'Yasmine_Jenkins69@gmail.com', 'Jarrett', 'submitted', NULL, NULL);
INSERT INTO bid (ct_email, ct_price, start_date, end_date, is_cash, transport_method, pet_owner, pet_name, bid_status, feedback, rating) VALUES ('Clair_Wisozk23@gmail.com', 17, '2020-11-21T17:18:20.731Z', '2020-11-28T17:09:54.762Z', true, 'pcs', 'Orlando79@yahoo.com', 'Aiden', 'submitted', NULL, NULL);
INSERT INTO bid (ct_email, ct_price, start_date, end_date, is_cash, transport_method, pet_owner, pet_name, bid_status, feedback, rating) VALUES ('Ferne_Jacobi51@gmail.com', 15, '2020-11-21T17:18:20.731Z', '2020-11-28T17:09:54.762Z', true, 'pickup', 'Tyler20@gmail.com', 'Allie', 'submitted', NULL, NULL);
INSERT INTO bid (ct_email, ct_price, start_date, end_date, is_cash, transport_method, pet_owner, pet_name, bid_status, feedback, rating) VALUES ('Filomena.Toy90@yahoo.com', 5, '2020-11-21T17:18:20.731Z', '2020-11-28T17:09:54.762Z', true, 'pcs', 'Paula.Price@yahoo.com', 'Brett', 'submitted', NULL, NULL);
INSERT INTO bid (ct_email, ct_price, start_date, end_date, is_cash, transport_method, pet_owner, pet_name, bid_status, feedback, rating) VALUES ('Assunta_Leuschke1@yahoo.com', 18, '2020-11-21T17:18:20.731Z', '2020-11-28T17:09:54.762Z', true, 'delivery', 'Sarina.Goyette34@gmail.com', 'Marta', 'submitted', NULL, NULL);
INSERT INTO bid (ct_email, ct_price, start_date, end_date, is_cash, transport_method, pet_owner, pet_name, bid_status, feedback, rating) VALUES ('Lucio76@gmail.com', 5, '2020-11-21T17:18:20.731Z', '2020-11-28T17:09:54.762Z', true, 'pickup', 'Bradford_Ondricka33@yahoo.com', 'Kaela', 'submitted', NULL, NULL);
INSERT INTO bid (ct_email, ct_price, start_date, end_date, is_cash, transport_method, pet_owner, pet_name, bid_status, feedback, rating) VALUES ('Marietta15@gmail.com', 1, '2020-11-21T17:18:20.731Z', '2020-11-28T17:09:54.762Z', true, 'pickup', 'Sid_Kertzmann@gmail.com', 'Westley', 'submitted', NULL, NULL);
INSERT INTO bid (ct_email, ct_price, start_date, end_date, is_cash, transport_method, pet_owner, pet_name, bid_status, feedback, rating) VALUES ('Juliana.Waters@yahoo.com', 9, '2020-11-21T17:18:20.731Z', '2020-11-28T17:09:54.762Z', true, 'pcs', 'Dexter_Lockman@gmail.com', 'Viviane', 'submitted', NULL, NULL);
INSERT INTO bid (ct_email, ct_price, start_date, end_date, is_cash, transport_method, pet_owner, pet_name, bid_status, feedback, rating) VALUES ('Nicklaus.Von22@gmail.com', 16, '2020-11-21T17:18:20.731Z', '2020-11-28T17:09:54.762Z', true, 'pcs', 'Joaquin.Terry@hotmail.com', 'Wanda', 'submitted', NULL, NULL);
INSERT INTO bid (ct_email, ct_price, start_date, end_date, is_cash, transport_method, pet_owner, pet_name, bid_status, feedback, rating) VALUES ('Julius.Hills@yahoo.com', 1, '2020-11-21T17:18:20.731Z', '2020-11-28T17:09:54.762Z', true, 'pcs', 'German65@hotmail.com', 'Annetta', 'submitted', NULL, NULL);
INSERT INTO bid (ct_email, ct_price, start_date, end_date, is_cash, transport_method, pet_owner, pet_name, bid_status, feedback, rating) VALUES ('Emory_Lang77@yahoo.com', 0, '2020-11-21T17:18:20.731Z', '2020-11-28T17:09:54.762Z', true, 'pickup', 'Keira23@gmail.com', 'Fabian', 'submitted', NULL, NULL);
INSERT INTO bid (ct_email, ct_price, start_date, end_date, is_cash, transport_method, pet_owner, pet_name, bid_status, feedback, rating) VALUES ('Megane_Schoen24@yahoo.com', 2, '2020-11-21T17:18:20.731Z', '2020-11-28T17:09:54.762Z', true, 'pickup', 'Alejandra_Medhurst@gmail.com', 'Misty', 'submitted', NULL, NULL);
INSERT INTO bid (ct_email, ct_price, start_date, end_date, is_cash, transport_method, pet_owner, pet_name, bid_status, feedback, rating) VALUES ('Elmore74@gmail.com', 6, '2020-11-21T17:18:20.731Z', '2020-11-28T17:09:54.762Z', true, 'pickup', 'Rosalia.Crona@hotmail.com', 'Bridie', 'submitted', NULL, NULL);
INSERT INTO bid (ct_email, ct_price, start_date, end_date, is_cash, transport_method, pet_owner, pet_name, bid_status, feedback, rating) VALUES ('Trudie55@hotmail.com', 3, '2020-11-21T17:18:20.731Z', '2020-11-28T17:09:54.762Z', true, 'pickup', 'Katelynn_Jakubowski71@yahoo.com', 'Xander', 'submitted', NULL, NULL);
INSERT INTO bid (ct_email, ct_price, start_date, end_date, is_cash, transport_method, pet_owner, pet_name, bid_status, feedback, rating) VALUES ('Kaya.Miller@hotmail.com', 20, '2020-11-21T17:18:20.731Z', '2020-11-28T17:09:54.762Z', true, 'pickup', 'Domenick22@gmail.com', 'Dorcas', 'submitted', NULL, NULL);
INSERT INTO bid (ct_email, ct_price, start_date, end_date, is_cash, transport_method, pet_owner, pet_name, bid_status, feedback, rating) VALUES ('Christ99@yahoo.com', 10, '2020-11-21T17:18:20.731Z', '2020-11-28T17:09:54.762Z', true, 'pcs', 'Chesley.Brekke@yahoo.com', 'Aliya', 'submitted', NULL, NULL);
INSERT INTO bid (ct_email, ct_price, start_date, end_date, is_cash, transport_method, pet_owner, pet_name, bid_status, feedback, rating) VALUES ('Heath_Harris@yahoo.com', 20, '2020-11-21T17:18:20.731Z', '2020-11-28T17:09:54.762Z', true, 'pickup', 'Jimmy_Bednar49@hotmail.com', 'Brooke', 'submitted', NULL, NULL);
INSERT INTO bid (ct_email, ct_price, start_date, end_date, is_cash, transport_method, pet_owner, pet_name, bid_status, feedback, rating) VALUES ('Marianne90@yahoo.com', 17, '2020-11-21T17:18:20.731Z', '2020-11-28T17:09:54.762Z', true, 'delivery', 'Pamela_Haag36@hotmail.com', 'Dusty', 'submitted', NULL, NULL);
INSERT INTO bid (ct_email, ct_price, start_date, end_date, is_cash, transport_method, pet_owner, pet_name, bid_status, feedback, rating) VALUES ('Flavie_Pacocha7@yahoo.com', 10, '2020-11-21T17:18:20.731Z', '2020-11-28T17:09:54.762Z', true, 'pickup', 'Carter.Torphy@hotmail.com', 'Daryl', 'submitted', NULL, NULL);
INSERT INTO bid (ct_email, ct_price, start_date, end_date, is_cash, transport_method, pet_owner, pet_name, bid_status, feedback, rating) VALUES ('Reynold30@gmail.com', 18, '2020-11-21T17:18:20.731Z', '2020-11-28T17:09:54.762Z', true, 'delivery', 'Augusta53@yahoo.com', 'Claude', 'submitted', NULL, NULL);
INSERT INTO bid (ct_email, ct_price, start_date, end_date, is_cash, transport_method, pet_owner, pet_name, bid_status, feedback, rating) VALUES ('Marietta_Paucek@yahoo.com', 5, '2020-11-21T17:18:20.731Z', '2020-11-28T17:09:54.762Z', true, 'pickup', 'Maia48@gmail.com', 'Landen', 'submitted', NULL, NULL);
INSERT INTO bid (ct_email, ct_price, start_date, end_date, is_cash, transport_method, pet_owner, pet_name, bid_status, feedback, rating) VALUES ('Christiana_OConner19@hotmail.com', 1, '2020-11-21T17:18:20.731Z', '2020-11-28T17:09:54.762Z', true, 'pcs', 'Nat62@hotmail.com', 'Arely', 'submitted', NULL, NULL);
INSERT INTO bid (ct_email, ct_price, start_date, end_date, is_cash, transport_method, pet_owner, pet_name, bid_status, feedback, rating) VALUES ('Kristoffer_Welch13@yahoo.com', 20, '2020-11-21T17:18:20.731Z', '2020-11-28T17:09:54.762Z', true, 'pickup', 'Eldora_Schneider@yahoo.com', 'Russ', 'submitted', NULL, NULL);
INSERT INTO bid (ct_email, ct_price, start_date, end_date, is_cash, transport_method, pet_owner, pet_name, bid_status, feedback, rating) VALUES ('Verna2@yahoo.com', 17, '2020-11-21T17:18:20.731Z', '2020-11-28T17:09:54.762Z', true, 'pcs', 'Cheyanne_Cronin97@gmail.com', 'Bulah', 'submitted', NULL, NULL);
INSERT INTO bid (ct_email, ct_price, start_date, end_date, is_cash, transport_method, pet_owner, pet_name, bid_status, feedback, rating) VALUES ('Jesus.Haag@hotmail.com', 5, '2020-11-21T17:18:20.731Z', '2020-11-28T17:09:54.762Z', true, 'pcs', 'Rodrick_Waters@gmail.com', 'Reba', 'submitted', NULL, NULL);
INSERT INTO bid (ct_email, ct_price, start_date, end_date, is_cash, transport_method, pet_owner, pet_name, bid_status, feedback, rating) VALUES ('Joey74@gmail.com', 6, '2020-11-21T17:18:20.731Z', '2020-11-28T17:09:54.762Z', true, 'pcs', 'Adriana28@gmail.com', 'Brayan', 'submitted', NULL, NULL);
INSERT INTO bid (ct_email, ct_price, start_date, end_date, is_cash, transport_method, pet_owner, pet_name, bid_status, feedback, rating) VALUES ('Lukas.Mayer16@gmail.com', 8, '2020-11-21T17:18:20.731Z', '2020-11-28T17:09:54.762Z', true, 'pickup', 'Andre98@hotmail.com', 'Sasha', 'submitted', NULL, NULL);
INSERT INTO bid (ct_email, ct_price, start_date, end_date, is_cash, transport_method, pet_owner, pet_name, bid_status, feedback, rating) VALUES ('Breanna80@yahoo.com', 10, '2020-11-21T17:18:20.731Z', '2020-11-28T17:09:54.762Z', true, 'pcs', 'Rylee_Schulist76@gmail.com', 'Vernon', 'submitted', NULL, NULL);
INSERT INTO bid (ct_email, ct_price, start_date, end_date, is_cash, transport_method, pet_owner, pet_name, bid_status, feedback, rating) VALUES ('Cassidy_Kovacek@yahoo.com', 4, '2020-11-21T17:18:20.731Z', '2020-11-28T17:09:54.762Z', true, 'delivery', 'Cordia_Renner15@gmail.com', 'Bo', 'submitted', NULL, NULL);
INSERT INTO bid (ct_email, ct_price, start_date, end_date, is_cash, transport_method, pet_owner, pet_name, bid_status, feedback, rating) VALUES ('Junius.Hayes76@hotmail.com', 7, '2020-11-21T17:18:20.731Z', '2020-11-28T17:09:54.762Z', true, 'pickup', 'Kavon_Spencer@hotmail.com', 'Stefan', 'submitted', NULL, NULL);
INSERT INTO bid (ct_email, ct_price, start_date, end_date, is_cash, transport_method, pet_owner, pet_name, bid_status, feedback, rating) VALUES ('Shannon74@yahoo.com', 6, '2020-11-21T17:18:20.731Z', '2020-11-28T17:09:54.762Z', true, 'pickup', 'Alexzander31@hotmail.com', 'Electa', 'submitted', NULL, NULL);
INSERT INTO bid (ct_email, ct_price, start_date, end_date, is_cash, transport_method, pet_owner, pet_name, bid_status, feedback, rating) VALUES ('Erika_OHara@gmail.com', 8, '2020-11-21T17:18:20.731Z', '2020-11-28T17:09:54.762Z', true, 'delivery', 'Marianne.Predovic99@gmail.com', 'Kathleen', 'submitted', NULL, NULL);
INSERT INTO bid (ct_email, ct_price, start_date, end_date, is_cash, transport_method, pet_owner, pet_name, bid_status, feedback, rating) VALUES ('Ashlee75@hotmail.com', 9, '2020-11-21T17:18:20.731Z', '2020-11-28T17:09:54.762Z', true, 'delivery', 'Milton_Marvin81@gmail.com', 'Raina', 'submitted', NULL, NULL);
INSERT INTO bid (ct_email, ct_price, start_date, end_date, is_cash, transport_method, pet_owner, pet_name, bid_status, feedback, rating) VALUES ('Domenica_Ondricka1@gmail.com', 2, '2020-11-21T17:18:20.731Z', '2020-11-28T17:09:54.762Z', true, 'pcs', 'Westley_Hyatt@yahoo.com', 'Matilda', 'submitted', NULL, NULL);
INSERT INTO bid (ct_email, ct_price, start_date, end_date, is_cash, transport_method, pet_owner, pet_name, bid_status, feedback, rating) VALUES ('Nedra.Durgan24@gmail.com', 17, '2020-11-21T17:18:20.731Z', '2020-11-28T17:09:54.762Z', true, 'pickup', 'Adah9@hotmail.com', 'Geovany', 'submitted', NULL, NULL);
INSERT INTO bid (ct_email, ct_price, start_date, end_date, is_cash, transport_method, pet_owner, pet_name, bid_status, feedback, rating) VALUES ('Ivah10@gmail.com', 4, '2020-11-21T17:18:20.731Z', '2020-11-28T17:09:54.762Z', true, 'pcs', 'Toy.Gleason@hotmail.com', 'Zetta', 'submitted', NULL, NULL);
INSERT INTO bid (ct_email, ct_price, start_date, end_date, is_cash, transport_method, pet_owner, pet_name, bid_status, feedback, rating) VALUES ('Brittany.Price57@gmail.com', 6, '2020-11-21T17:18:20.731Z', '2020-11-28T17:09:54.762Z', true, 'delivery', 'Rodrick35@gmail.com', 'Raymundo', 'submitted', NULL, NULL);
INSERT INTO bid (ct_email, ct_price, start_date, end_date, is_cash, transport_method, pet_owner, pet_name, bid_status, feedback, rating) VALUES ('Bertha_Will@yahoo.com', 5, '2020-11-21T17:18:20.731Z', '2020-11-28T17:09:54.762Z', true, 'delivery', 'Rudy3@yahoo.com', 'Joey', 'submitted', NULL, NULL);
INSERT INTO bid (ct_email, ct_price, start_date, end_date, is_cash, transport_method, pet_owner, pet_name, bid_status, feedback, rating) VALUES ('Milton_Marvin81@gmail.com', 12, '2020-11-21T17:18:20.731Z', '2020-11-28T17:09:54.762Z', true, 'pickup', 'Alanna_Beier38@gmail.com', 'Bailee', 'submitted', NULL, NULL);
INSERT INTO bid (ct_email, ct_price, start_date, end_date, is_cash, transport_method, pet_owner, pet_name, bid_status, feedback, rating) VALUES ('Alda.Prosacco74@yahoo.com', 1, '2020-11-21T17:18:20.731Z', '2020-11-28T17:09:54.762Z', true, 'pcs', 'Alene.OConner24@hotmail.com', 'Malika', 'submitted', NULL, NULL);
INSERT INTO bid (ct_email, ct_price, start_date, end_date, is_cash, transport_method, pet_owner, pet_name, bid_status, feedback, rating) VALUES ('Henderson_Fritsch@hotmail.com', 20, '2020-11-21T17:18:20.731Z', '2020-11-28T17:09:54.762Z', true, 'pickup', 'Vicente.Huel63@hotmail.com', 'Lottie', 'submitted', NULL, NULL);
INSERT INTO bid (ct_email, ct_price, start_date, end_date, is_cash, transport_method, pet_owner, pet_name, bid_status, feedback, rating) VALUES ('Kamren_Heathcote@hotmail.com', 6, '2020-11-21T17:18:20.731Z', '2020-11-28T17:09:54.762Z', true, 'pickup', 'Joannie_Schamberger@yahoo.com', 'Jewel', 'submitted', NULL, NULL);
INSERT INTO bid (ct_email, ct_price, start_date, end_date, is_cash, transport_method, pet_owner, pet_name, bid_status, feedback, rating) VALUES ('Annamae4@hotmail.com', 19, '2020-11-21T17:18:20.731Z', '2020-11-28T17:09:54.762Z', true, 'pickup', 'Abelardo_Stamm@gmail.com', 'Derick', 'submitted', NULL, NULL);
INSERT INTO bid (ct_email, ct_price, start_date, end_date, is_cash, transport_method, pet_owner, pet_name, bid_status, feedback, rating) VALUES ('Trevor40@gmail.com', 20, '2020-11-21T17:18:20.731Z', '2020-11-28T17:09:54.762Z', true, 'pcs', 'Pearlie_Koch1@yahoo.com', 'Keshawn', 'submitted', NULL, NULL);
INSERT INTO bid (ct_email, ct_price, start_date, end_date, is_cash, transport_method, pet_owner, pet_name, bid_status, feedback, rating) VALUES ('Margarita.Hermiston@yahoo.com', 13, '2020-11-21T17:18:20.731Z', '2020-11-28T17:09:54.762Z', true, 'delivery', 'Angelita_Herman70@hotmail.com', 'Aileen', 'submitted', NULL, NULL);
INSERT INTO bid (ct_email, ct_price, start_date, end_date, is_cash, transport_method, pet_owner, pet_name, bid_status, feedback, rating) VALUES ('Sigurd.Walter@gmail.com', 9, '2020-11-21T17:18:20.731Z', '2020-11-28T17:09:54.762Z', true, 'delivery', 'Markus.Lang@hotmail.com', 'Gavin', 'submitted', NULL, NULL);
INSERT INTO bid (ct_email, ct_price, start_date, end_date, is_cash, transport_method, pet_owner, pet_name, bid_status, feedback, rating) VALUES ('Devante.Dickinson74@yahoo.com', 18, '2020-11-21T17:18:20.731Z', '2020-11-28T17:09:54.762Z', true, 'delivery', 'Amira65@hotmail.com', 'Karianne', 'submitted', NULL, NULL);
INSERT INTO bid (ct_email, ct_price, start_date, end_date, is_cash, transport_method, pet_owner, pet_name, bid_status, feedback, rating) VALUES ('Eleanore34@hotmail.com', 17, '2020-11-21T17:18:20.731Z', '2020-11-28T17:09:54.762Z', true, 'pcs', 'Colten_Ernser81@gmail.com', 'Ayla', 'submitted', NULL, NULL);
INSERT INTO bid (ct_email, ct_price, start_date, end_date, is_cash, transport_method, pet_owner, pet_name, bid_status, feedback, rating) VALUES ('Jermey63@hotmail.com', 1, '2020-11-21T17:18:20.731Z', '2020-11-28T17:09:54.762Z', true, 'delivery', 'Emelia12@yahoo.com', 'Emma', 'submitted', NULL, NULL);
INSERT INTO bid (ct_email, ct_price, start_date, end_date, is_cash, transport_method, pet_owner, pet_name, bid_status, feedback, rating) VALUES ('Joan69@hotmail.com', 8, '2020-11-21T17:18:20.731Z', '2020-11-28T17:09:54.762Z', true, 'pcs', 'Antonio.Ortiz@hotmail.com', 'Uriah', 'submitted', NULL, NULL);
INSERT INTO bid (ct_email, ct_price, start_date, end_date, is_cash, transport_method, pet_owner, pet_name, bid_status, feedback, rating) VALUES ('Reba.Maggio@yahoo.com', 8, '2020-11-21T17:18:20.731Z', '2020-11-28T17:09:54.762Z', true, 'delivery', 'Rosalyn46@gmail.com', 'Jany', 'submitted', NULL, NULL);
INSERT INTO bid (ct_email, ct_price, start_date, end_date, is_cash, transport_method, pet_owner, pet_name, bid_status, feedback, rating) VALUES ('Jennifer94@gmail.com', 13, '2020-11-21T17:18:20.731Z', '2020-11-28T17:09:54.762Z', true, 'delivery', 'Ludwig_Hessel@yahoo.com', 'Cale', 'submitted', NULL, NULL);
INSERT INTO bid (ct_email, ct_price, start_date, end_date, is_cash, transport_method, pet_owner, pet_name, bid_status, feedback, rating) VALUES ('Odessa62@hotmail.com', 11, '2020-11-21T17:18:20.731Z', '2020-11-28T17:09:54.762Z', true, 'pickup', 'Sonia.Medhurst@yahoo.com', 'Orlando', 'submitted', NULL, NULL);
INSERT INTO bid (ct_email, ct_price, start_date, end_date, is_cash, transport_method, pet_owner, pet_name, bid_status, feedback, rating) VALUES ('Katherine.Johnson89@gmail.com', 1, '2020-11-21T17:18:20.731Z', '2020-11-28T17:09:54.762Z', true, 'pickup', 'Alexzander_Cole38@hotmail.com', 'Kraig', 'submitted', NULL, NULL);
INSERT INTO bid (ct_email, ct_price, start_date, end_date, is_cash, transport_method, pet_owner, pet_name, bid_status, feedback, rating) VALUES ('Lillie_Barton@hotmail.com', 20, '2020-11-21T17:18:20.731Z', '2020-11-28T17:09:54.762Z', true, 'pcs', 'Lexie_MacGyver65@hotmail.com', 'Jalyn', 'submitted', NULL, NULL);
INSERT INTO bid (ct_email, ct_price, start_date, end_date, is_cash, transport_method, pet_owner, pet_name, bid_status, feedback, rating) VALUES ('Newell_Paucek40@gmail.com', 6, '2020-11-21T17:18:20.731Z', '2020-11-28T17:09:54.762Z', true, 'delivery', 'Valerie12@hotmail.com', 'Candida', 'submitted', NULL, NULL);
INSERT INTO bid (ct_email, ct_price, start_date, end_date, is_cash, transport_method, pet_owner, pet_name, bid_status, feedback, rating) VALUES ('Rosalinda30@yahoo.com', 3, '2020-11-21T17:18:20.731Z', '2020-11-28T17:09:54.762Z', true, 'pickup', 'Ford52@gmail.com', 'Rachel', 'submitted', NULL, NULL);
INSERT INTO bid (ct_email, ct_price, start_date, end_date, is_cash, transport_method, pet_owner, pet_name, bid_status, feedback, rating) VALUES ('Jerod24@gmail.com', 7, '2020-11-21T17:18:20.731Z', '2020-11-28T17:09:54.762Z', true, 'pickup', 'Ashton32@gmail.com', 'Claudia', 'submitted', NULL, NULL);
INSERT INTO bid (ct_email, ct_price, start_date, end_date, is_cash, transport_method, pet_owner, pet_name, bid_status, feedback, rating) VALUES ('Peter.Aufderhar37@hotmail.com', 16, '2020-11-21T17:18:20.731Z', '2020-11-28T17:09:54.762Z', true, 'pickup', 'Amara.Hoppe@yahoo.com', 'Efrain', 'submitted', NULL, NULL);
INSERT INTO bid (ct_email, ct_price, start_date, end_date, is_cash, transport_method, pet_owner, pet_name, bid_status, feedback, rating) VALUES ('Alfonso_Wiza85@yahoo.com', 5, '2020-11-21T17:18:20.731Z', '2020-11-28T17:09:54.762Z', true, 'delivery', 'Adelle.Labadie@hotmail.com', 'Shaina', 'submitted', NULL, NULL);
INSERT INTO bid (ct_email, ct_price, start_date, end_date, is_cash, transport_method, pet_owner, pet_name, bid_status, feedback, rating) VALUES ('Arno.Ferry74@yahoo.com', 3, '2020-11-21T17:18:20.731Z', '2020-11-28T17:09:54.762Z', true, 'pickup', 'Octavia.Borer@gmail.com', 'Nicole', 'submitted', NULL, NULL);
INSERT INTO bid (ct_email, ct_price, start_date, end_date, is_cash, transport_method, pet_owner, pet_name, bid_status, feedback, rating) VALUES ('Fernando.Altenwerth18@yahoo.com', 18, '2020-11-21T17:18:20.731Z', '2020-11-28T17:09:54.762Z', true, 'delivery', 'Stephany.Luettgen73@gmail.com', 'Donald', 'submitted', NULL, NULL);
INSERT INTO bid (ct_email, ct_price, start_date, end_date, is_cash, transport_method, pet_owner, pet_name, bid_status, feedback, rating) VALUES ('Rosamond_Franecki20@hotmail.com', 13, '2020-11-21T17:18:20.731Z', '2020-11-28T17:09:54.762Z', true, 'pcs', 'Devon_Carter@hotmail.com', 'Oceane', 'submitted', NULL, NULL);
INSERT INTO bid (ct_email, ct_price, start_date, end_date, is_cash, transport_method, pet_owner, pet_name, bid_status, feedback, rating) VALUES ('Tyler20@gmail.com', 2, '2020-11-21T17:18:20.731Z', '2020-11-28T17:09:54.762Z', true, 'pickup', 'Katrina43@hotmail.com', 'Christian', 'submitted', NULL, NULL);
INSERT INTO bid (ct_email, ct_price, start_date, end_date, is_cash, transport_method, pet_owner, pet_name, bid_status, feedback, rating) VALUES ('Torrance49@hotmail.com', 15, '2020-11-21T17:18:20.731Z', '2020-11-28T17:09:54.762Z', true, 'pcs', 'Audrey_Davis21@yahoo.com', 'Marjorie', 'submitted', NULL, NULL);
INSERT INTO bid (ct_email, ct_price, start_date, end_date, is_cash, transport_method, pet_owner, pet_name, bid_status, feedback, rating) VALUES ('Bud_Crooks@yahoo.com', 2, '2020-11-21T17:18:20.731Z', '2020-11-28T17:09:54.762Z', true, 'pcs', 'Sidney20@gmail.com', 'Raheem', 'submitted', NULL, NULL);
INSERT INTO bid (ct_email, ct_price, start_date, end_date, is_cash, transport_method, pet_owner, pet_name, bid_status, feedback, rating) VALUES ('Alyson.Hamill80@gmail.com', 16, '2020-11-21T17:18:20.731Z', '2020-11-28T17:09:54.762Z', true, 'delivery', 'Viviane41@hotmail.com', 'Kamron', 'submitted', NULL, NULL);
INSERT INTO bid (ct_email, ct_price, start_date, end_date, is_cash, transport_method, pet_owner, pet_name, bid_status, feedback, rating) VALUES ('Reynold14@gmail.com', 10, '2020-11-21T17:18:20.731Z', '2020-11-28T17:09:54.762Z', true, 'pcs', 'Gardner.Kuvalis@gmail.com', 'Clair', 'submitted', NULL, NULL);
INSERT INTO bid (ct_email, ct_price, start_date, end_date, is_cash, transport_method, pet_owner, pet_name, bid_status, feedback, rating) VALUES ('Daphnee.Morissette@hotmail.com', 1, '2020-11-21T17:18:20.731Z', '2020-11-28T17:09:54.762Z', true, 'delivery', 'Kailey.Schoen83@hotmail.com', 'Leonora', 'submitted', NULL, NULL);
INSERT INTO bid (ct_email, ct_price, start_date, end_date, is_cash, transport_method, pet_owner, pet_name, bid_status, feedback, rating) VALUES ('Audrey.Hills@hotmail.com', 14, '2020-11-21T17:18:20.731Z', '2020-11-28T17:09:54.762Z', true, 'delivery', 'Mervin_Mertz@gmail.com', 'Jalyn', 'submitted', NULL, NULL);
INSERT INTO bid (ct_email, ct_price, start_date, end_date, is_cash, transport_method, pet_owner, pet_name, bid_status, feedback, rating) VALUES ('Cali.Zboncak97@hotmail.com', 11, '2020-11-21T17:18:20.731Z', '2020-11-28T17:09:54.762Z', true, 'delivery', 'Angeline.Wiza46@hotmail.com', 'Elta', 'submitted', NULL, NULL);
INSERT INTO bid (ct_email, ct_price, start_date, end_date, is_cash, transport_method, pet_owner, pet_name, bid_status, feedback, rating) VALUES ('Waino51@hotmail.com', 1, '2020-11-21T17:18:20.731Z', '2020-11-28T17:09:54.762Z', true, 'pcs', 'Alysa77@hotmail.com', 'Moshe', 'submitted', NULL, NULL);
INSERT INTO bid (ct_email, ct_price, start_date, end_date, is_cash, transport_method, pet_owner, pet_name, bid_status, feedback, rating) VALUES ('Annetta40@hotmail.com', 17, '2020-11-21T17:18:20.731Z', '2020-11-28T17:09:54.762Z', true, 'delivery', 'Fernando.Altenwerth18@yahoo.com', 'Saul', 'submitted', NULL, NULL);
INSERT INTO bid (ct_email, ct_price, start_date, end_date, is_cash, transport_method, pet_owner, pet_name, bid_status, feedback, rating) VALUES ('Cicero.Ondricka@gmail.com', 9, '2020-11-21T17:18:20.731Z', '2020-11-28T17:09:54.762Z', true, 'pcs', 'Sammy.Veum@hotmail.com', 'Chasity', 'submitted', NULL, NULL);
INSERT INTO bid (ct_email, ct_price, start_date, end_date, is_cash, transport_method, pet_owner, pet_name, bid_status, feedback, rating) VALUES ('Sonny1@yahoo.com', 4, '2020-11-21T17:18:20.731Z', '2020-11-28T17:09:54.762Z', true, 'pickup', 'Alva78@hotmail.com', 'Elody', 'submitted', NULL, NULL);
INSERT INTO bid (ct_email, ct_price, start_date, end_date, is_cash, transport_method, pet_owner, pet_name, bid_status, feedback, rating) VALUES ('Barbara.Mitchell36@gmail.com', 3, '2020-11-21T17:18:20.731Z', '2020-11-28T17:09:54.762Z', true, 'pickup', 'Allison.Nolan81@hotmail.com', 'Liam', 'submitted', NULL, NULL);
INSERT INTO bid (ct_email, ct_price, start_date, end_date, is_cash, transport_method, pet_owner, pet_name, bid_status, feedback, rating) VALUES ('Patsy39@hotmail.com', 18, '2020-11-21T17:18:20.731Z', '2020-11-28T17:09:54.762Z', true, 'pcs', 'Summer_Lueilwitz86@hotmail.com', 'Francisco', 'submitted', NULL, NULL);
INSERT INTO bid (ct_email, ct_price, start_date, end_date, is_cash, transport_method, pet_owner, pet_name, bid_status, feedback, rating) VALUES ('Dylan9@hotmail.com', 14, '2020-11-21T17:18:20.731Z', '2020-11-28T17:09:54.762Z', true, 'pickup', 'Jose69@hotmail.com', 'Rosendo', 'submitted', NULL, NULL);
INSERT INTO bid (ct_email, ct_price, start_date, end_date, is_cash, transport_method, pet_owner, pet_name, bid_status, feedback, rating) VALUES ('Kobe30@gmail.com', 14, '2020-11-21T17:18:20.731Z', '2020-11-28T17:09:54.762Z', true, 'pcs', 'Ramiro25@gmail.com', 'Verona', 'submitted', NULL, NULL);
INSERT INTO bid (ct_email, ct_price, start_date, end_date, is_cash, transport_method, pet_owner, pet_name, bid_status, feedback, rating) VALUES ('Clementina51@hotmail.com', 9, '2020-11-21T17:18:20.731Z', '2020-11-28T17:09:54.762Z', true, 'delivery', 'Diana_Bradtke@yahoo.com', 'Johnson', 'submitted', NULL, NULL);
INSERT INTO bid (ct_email, ct_price, start_date, end_date, is_cash, transport_method, pet_owner, pet_name, bid_status, feedback, rating) VALUES ('Josiah59@yahoo.com', 16, '2020-11-21T17:18:20.731Z', '2020-11-28T17:09:54.762Z', true, 'pickup', 'Eliza_Deckow@gmail.com', 'Blair', 'submitted', NULL, NULL);
INSERT INTO bid (ct_email, ct_price, start_date, end_date, is_cash, transport_method, pet_owner, pet_name, bid_status, feedback, rating) VALUES ('Thad_Lueilwitz@yahoo.com', 2, '2020-11-21T17:18:20.731Z', '2020-11-28T17:09:54.762Z', true, 'delivery', 'Jacques.Cummings@hotmail.com', 'Roxane', 'submitted', NULL, NULL);
INSERT INTO bid (ct_email, ct_price, start_date, end_date, is_cash, transport_method, pet_owner, pet_name, bid_status, feedback, rating) VALUES ('Travis_Schiller@yahoo.com', 1, '2020-11-21T17:18:20.731Z', '2020-11-28T17:09:54.762Z', true, 'pickup', 'Giovanni.Howe49@gmail.com', 'Lottie', 'submitted', NULL, NULL);
INSERT INTO bid (ct_email, ct_price, start_date, end_date, is_cash, transport_method, pet_owner, pet_name, bid_status, feedback, rating) VALUES ('Favian_Effertz@yahoo.com', 2, '2020-11-21T17:18:20.731Z', '2020-11-28T17:09:54.762Z', true, 'pcs', 'Nikko_Connelly@gmail.com', 'Marguerite', 'submitted', NULL, NULL);
INSERT INTO bid (ct_email, ct_price, start_date, end_date, is_cash, transport_method, pet_owner, pet_name, bid_status, feedback, rating) VALUES ('Furman_Ondricka@gmail.com', 14, '2020-11-21T17:18:20.731Z', '2020-11-28T17:09:54.762Z', true, 'pickup', 'Norval_Lockman24@yahoo.com', 'Max', 'submitted', NULL, NULL);
INSERT INTO bid (ct_email, ct_price, start_date, end_date, is_cash, transport_method, pet_owner, pet_name, bid_status, feedback, rating) VALUES ('Florencio.Stamm@yahoo.com', 5, '2020-11-21T17:18:20.731Z', '2020-11-28T17:09:54.762Z', true, 'delivery', 'Megane_Schoen24@yahoo.com', 'Blaise', 'submitted', NULL, NULL);
INSERT INTO bid (ct_email, ct_price, start_date, end_date, is_cash, transport_method, pet_owner, pet_name, bid_status, feedback, rating) VALUES ('Aliyah15@gmail.com', 12, '2020-11-21T17:18:20.731Z', '2020-11-28T17:09:54.762Z', true, 'pickup', 'Karlie59@yahoo.com', 'Anastasia', 'submitted', NULL, NULL);
INSERT INTO bid (ct_email, ct_price, start_date, end_date, is_cash, transport_method, pet_owner, pet_name, bid_status, feedback, rating) VALUES ('Wilbert_Sawayn46@hotmail.com', 0, '2020-11-21T17:18:20.731Z', '2020-11-28T17:09:54.762Z', true, 'pickup', 'Franco11@yahoo.com', 'Fanny', 'submitted', NULL, NULL);
INSERT INTO bid (ct_email, ct_price, start_date, end_date, is_cash, transport_method, pet_owner, pet_name, bid_status, feedback, rating) VALUES ('Felix46@yahoo.com', 8, '2020-11-21T17:18:20.731Z', '2020-11-28T17:09:54.762Z', true, 'pcs', 'Sherman.Brown51@hotmail.com', 'Pansy', 'submitted', NULL, NULL);
INSERT INTO bid (ct_email, ct_price, start_date, end_date, is_cash, transport_method, pet_owner, pet_name, bid_status, feedback, rating) VALUES ('Augusta.Wisozk26@yahoo.com', 14, '2020-11-21T17:18:20.731Z', '2020-11-28T17:09:54.762Z', true, 'pickup', 'Alison_Jaskolski@hotmail.com', 'Pietro', 'submitted', NULL, NULL);
INSERT INTO bid (ct_email, ct_price, start_date, end_date, is_cash, transport_method, pet_owner, pet_name, bid_status, feedback, rating) VALUES ('Jarod.Boyle@gmail.com', 2, '2020-11-21T17:18:20.731Z', '2020-11-28T17:09:54.762Z', true, 'delivery', 'Joana_Bednar@gmail.com', 'Heaven', 'submitted', NULL, NULL);
INSERT INTO bid (ct_email, ct_price, start_date, end_date, is_cash, transport_method, pet_owner, pet_name, bid_status, feedback, rating) VALUES ('Nyah90@gmail.com', 10, '2020-11-21T17:18:20.731Z', '2020-11-28T17:09:54.762Z', true, 'delivery', 'Janessa71@hotmail.com', 'Frankie', 'submitted', NULL, NULL);
INSERT INTO bid (ct_email, ct_price, start_date, end_date, is_cash, transport_method, pet_owner, pet_name, bid_status, feedback, rating) VALUES ('Jaunita_Borer@yahoo.com', 18, '2020-11-21T17:18:20.731Z', '2020-11-28T17:09:54.762Z', true, 'pickup', 'Heloise.Dietrich61@gmail.com', 'Gracie', 'submitted', NULL, NULL);
INSERT INTO bid (ct_email, ct_price, start_date, end_date, is_cash, transport_method, pet_owner, pet_name, bid_status, feedback, rating) VALUES ('Kaci.Rolfson53@yahoo.com', 13, '2020-11-21T17:18:20.731Z', '2020-11-28T17:09:54.762Z', true, 'delivery', 'Ellen82@gmail.com', 'Armand', 'submitted', NULL, NULL);
INSERT INTO bid (ct_email, ct_price, start_date, end_date, is_cash, transport_method, pet_owner, pet_name, bid_status, feedback, rating) VALUES ('Rebecca20@yahoo.com', 4, '2020-11-21T17:18:20.731Z', '2020-11-28T17:09:54.762Z', true, 'pickup', 'Carson47@gmail.com', 'Stacey', 'submitted', NULL, NULL);
INSERT INTO bid (ct_email, ct_price, start_date, end_date, is_cash, transport_method, pet_owner, pet_name, bid_status, feedback, rating) VALUES ('Elwyn.Hoeger89@gmail.com', 18, '2020-11-21T17:18:20.731Z', '2020-11-28T17:09:54.762Z', true, 'delivery', 'Carolyne_Sipes@hotmail.com', 'Eleanora', 'submitted', NULL, NULL);
INSERT INTO bid (ct_email, ct_price, start_date, end_date, is_cash, transport_method, pet_owner, pet_name, bid_status, feedback, rating) VALUES ('Darion43@gmail.com', 19, '2020-11-21T17:18:20.731Z', '2020-11-28T17:09:54.762Z', true, 'pcs', 'Susie.Fritsch@yahoo.com', 'Katlynn', 'submitted', NULL, NULL);
INSERT INTO bid (ct_email, ct_price, start_date, end_date, is_cash, transport_method, pet_owner, pet_name, bid_status, feedback, rating) VALUES ('Lelah.Dare@hotmail.com', 7, '2020-11-21T17:18:20.731Z', '2020-11-28T17:09:54.762Z', true, 'pickup', 'Citlalli.Haag76@gmail.com', 'Felicita', 'submitted', NULL, NULL);
INSERT INTO bid (ct_email, ct_price, start_date, end_date, is_cash, transport_method, pet_owner, pet_name, bid_status, feedback, rating) VALUES ('Joaquin.Terry@hotmail.com', 13, '2020-11-21T17:18:20.731Z', '2020-11-28T17:09:54.762Z', true, 'delivery', 'Candace_Terry29@hotmail.com', 'Martina', 'submitted', NULL, NULL);
INSERT INTO bid (ct_email, ct_price, start_date, end_date, is_cash, transport_method, pet_owner, pet_name, bid_status, feedback, rating) VALUES ('Rickey34@yahoo.com', 8, '2020-11-21T17:18:20.731Z', '2020-11-28T17:09:54.762Z', true, 'delivery', 'Corbin_Predovic1@yahoo.com', 'Kyle', 'submitted', NULL, NULL);
INSERT INTO bid (ct_email, ct_price, start_date, end_date, is_cash, transport_method, pet_owner, pet_name, bid_status, feedback, rating) VALUES ('Alba_Balistreri@hotmail.com', 3, '2020-11-21T17:18:20.731Z', '2020-11-28T17:09:54.762Z', true, 'pickup', 'Eloise_Raynor72@yahoo.com', 'Werner', 'submitted', NULL, NULL);
INSERT INTO bid (ct_email, ct_price, start_date, end_date, is_cash, transport_method, pet_owner, pet_name, bid_status, feedback, rating) VALUES ('Roscoe.Mante@gmail.com', 1, '2020-11-21T17:18:20.731Z', '2020-11-28T17:09:54.762Z', true, 'pcs', 'Claudia.Heaney66@hotmail.com', 'Itzel', 'submitted', NULL, NULL);
INSERT INTO bid (ct_email, ct_price, start_date, end_date, is_cash, transport_method, pet_owner, pet_name, bid_status, feedback, rating) VALUES ('Kendra60@hotmail.com', 18, '2020-11-21T17:18:20.731Z', '2020-11-28T17:09:54.762Z', true, 'pcs', 'Isaac_Blanda@gmail.com', 'Jon', 'submitted', NULL, NULL);
INSERT INTO bid (ct_email, ct_price, start_date, end_date, is_cash, transport_method, pet_owner, pet_name, bid_status, feedback, rating) VALUES ('Harmony27@gmail.com', 3, '2020-11-21T17:18:20.731Z', '2020-11-28T17:09:54.762Z', true, 'delivery', 'Taurean.Wilderman@gmail.com', 'Keely', 'submitted', NULL, NULL);
INSERT INTO bid (ct_email, ct_price, start_date, end_date, is_cash, transport_method, pet_owner, pet_name, bid_status, feedback, rating) VALUES ('Nadia46@gmail.com', 20, '2020-11-21T17:18:20.731Z', '2020-11-28T17:09:54.762Z', true, 'pickup', 'Stanton_Rath8@yahoo.com', 'Kennith', 'submitted', NULL, NULL);
INSERT INTO bid (ct_email, ct_price, start_date, end_date, is_cash, transport_method, pet_owner, pet_name, bid_status, feedback, rating) VALUES ('Herminio.Von@gmail.com', 7, '2020-11-21T17:18:20.731Z', '2020-11-28T17:09:54.762Z', true, 'delivery', 'Jovanny.Spinka95@hotmail.com', 'Norene', 'submitted', NULL, NULL);
INSERT INTO bid (ct_email, ct_price, start_date, end_date, is_cash, transport_method, pet_owner, pet_name, bid_status, feedback, rating) VALUES ('Zoie.Crona0@yahoo.com', 19, '2020-11-21T17:18:20.731Z', '2020-11-28T17:09:54.762Z', true, 'pickup', 'Precious69@yahoo.com', 'Wyman', 'submitted', NULL, NULL);
INSERT INTO bid (ct_email, ct_price, start_date, end_date, is_cash, transport_method, pet_owner, pet_name, bid_status, feedback, rating) VALUES ('Kattie96@yahoo.com', 4, '2020-11-21T17:18:20.731Z', '2020-11-28T17:09:54.762Z', true, 'pcs', 'Preston_Homenick@gmail.com', 'Larue', 'submitted', NULL, NULL);
INSERT INTO bid (ct_email, ct_price, start_date, end_date, is_cash, transport_method, pet_owner, pet_name, bid_status, feedback, rating) VALUES ('Trever.Smith38@hotmail.com', 5, '2020-11-21T17:18:20.731Z', '2020-11-28T17:09:54.762Z', true, 'delivery', 'Noah.Marvin35@yahoo.com', 'Tabitha', 'submitted', NULL, NULL);
INSERT INTO bid (ct_email, ct_price, start_date, end_date, is_cash, transport_method, pet_owner, pet_name, bid_status, feedback, rating) VALUES ('Mike27@hotmail.com', 13, '2020-11-21T17:18:20.731Z', '2020-11-28T17:09:54.762Z', true, 'delivery', 'Yvonne5@hotmail.com', 'Elna', 'submitted', NULL, NULL);
INSERT INTO bid (ct_email, ct_price, start_date, end_date, is_cash, transport_method, pet_owner, pet_name, bid_status, feedback, rating) VALUES ('Kasandra_Quitzon@yahoo.com', 19, '2020-11-21T17:18:20.731Z', '2020-11-28T17:09:54.762Z', true, 'delivery', 'Dorthy10@gmail.com', 'Kim', 'submitted', NULL, NULL);
INSERT INTO bid (ct_email, ct_price, start_date, end_date, is_cash, transport_method, pet_owner, pet_name, bid_status, feedback, rating) VALUES ('Stevie61@hotmail.com', 2, '2020-11-21T17:18:20.731Z', '2020-11-28T17:09:54.762Z', true, 'pcs', 'Adriel65@gmail.com', 'Junius', 'submitted', NULL, NULL);
INSERT INTO bid (ct_email, ct_price, start_date, end_date, is_cash, transport_method, pet_owner, pet_name, bid_status, feedback, rating) VALUES ('Delfina.Sipes@hotmail.com', 12, '2020-11-21T17:18:20.731Z', '2020-11-28T17:09:54.762Z', true, 'pcs', 'Troy80@gmail.com', 'Hilda', 'submitted', NULL, NULL);
INSERT INTO bid (ct_email, ct_price, start_date, end_date, is_cash, transport_method, pet_owner, pet_name, bid_status, feedback, rating) VALUES ('Dorothy_Kuhn82@yahoo.com', 19, '2020-11-21T17:18:20.731Z', '2020-11-28T17:09:54.762Z', true, 'pcs', 'Waino51@hotmail.com', 'Izaiah', 'submitted', NULL, NULL);
INSERT INTO bid (ct_email, ct_price, start_date, end_date, is_cash, transport_method, pet_owner, pet_name, bid_status, feedback, rating) VALUES ('Rosanna.Von57@hotmail.com', 5, '2020-11-21T17:18:20.731Z', '2020-11-28T17:09:54.762Z', true, 'pcs', 'Dylan.Franecki95@gmail.com', 'Xzavier', 'submitted', NULL, NULL);
INSERT INTO bid (ct_email, ct_price, start_date, end_date, is_cash, transport_method, pet_owner, pet_name, bid_status, feedback, rating) VALUES ('Savion_Smitham@yahoo.com', 14, '2020-11-21T17:18:20.731Z', '2020-11-28T17:09:54.762Z', true, 'pickup', 'Percy_Langworth60@hotmail.com', 'Carson', 'submitted', NULL, NULL);
INSERT INTO bid (ct_email, ct_price, start_date, end_date, is_cash, transport_method, pet_owner, pet_name, bid_status, feedback, rating) VALUES ('Lue17@hotmail.com', 4, '2020-11-21T17:18:20.731Z', '2020-11-28T17:09:54.762Z', true, 'delivery', 'Harley_Boehm@yahoo.com', 'Eryn', 'submitted', NULL, NULL);
INSERT INTO bid (ct_email, ct_price, start_date, end_date, is_cash, transport_method, pet_owner, pet_name, bid_status, feedback, rating) VALUES ('Marietta61@gmail.com', 15, '2020-11-21T17:18:20.731Z', '2020-11-28T17:09:54.762Z', true, 'delivery', 'Araceli.Kris@hotmail.com', 'Haskell', 'submitted', NULL, NULL);
INSERT INTO bid (ct_email, ct_price, start_date, end_date, is_cash, transport_method, pet_owner, pet_name, bid_status, feedback, rating) VALUES ('Nicklaus_Schmeler11@hotmail.com', 9, '2020-11-21T17:18:20.731Z', '2020-11-28T17:09:54.762Z', true, 'pickup', 'Doyle_Kuhlman@yahoo.com', 'Alden', 'submitted', NULL, NULL);
INSERT INTO bid (ct_email, ct_price, start_date, end_date, is_cash, transport_method, pet_owner, pet_name, bid_status, feedback, rating) VALUES ('Nadia.Schmidt@yahoo.com', 2, '2020-11-21T17:18:20.731Z', '2020-11-28T17:09:54.762Z', true, 'delivery', 'Dorian_Rice@hotmail.com', 'Davion', 'submitted', NULL, NULL);
INSERT INTO bid (ct_email, ct_price, start_date, end_date, is_cash, transport_method, pet_owner, pet_name, bid_status, feedback, rating) VALUES ('Shanon33@yahoo.com', 13, '2020-11-21T17:18:20.731Z', '2020-11-28T17:09:54.762Z', true, 'pickup', 'Harmony27@gmail.com', 'Sydnie', 'submitted', NULL, NULL);
INSERT INTO bid (ct_email, ct_price, start_date, end_date, is_cash, transport_method, pet_owner, pet_name, bid_status, feedback, rating) VALUES ('Claude70@hotmail.com', 16, '2020-11-21T17:18:20.731Z', '2020-11-28T17:09:54.762Z', true, 'pickup', 'Lennie_Marks56@yahoo.com', 'Emilie', 'submitted', NULL, NULL);
INSERT INTO bid (ct_email, ct_price, start_date, end_date, is_cash, transport_method, pet_owner, pet_name, bid_status, feedback, rating) VALUES ('Erik.Bartell@hotmail.com', 13, '2020-11-21T17:18:20.731Z', '2020-11-28T17:09:54.762Z', true, 'pcs', 'Immanuel13@gmail.com', 'Merlin', 'submitted', NULL, NULL);
INSERT INTO bid (ct_email, ct_price, start_date, end_date, is_cash, transport_method, pet_owner, pet_name, bid_status, feedback, rating) VALUES ('Lina33@gmail.com', 7, '2020-11-21T17:18:20.731Z', '2020-11-28T17:09:54.762Z', true, 'delivery', 'Santiago_Strosin@yahoo.com', 'Jerel', 'submitted', NULL, NULL);
INSERT INTO bid (ct_email, ct_price, start_date, end_date, is_cash, transport_method, pet_owner, pet_name, bid_status, feedback, rating) VALUES ('Demario99@hotmail.com', 18, '2020-11-21T17:18:20.731Z', '2020-11-28T17:09:54.762Z', true, 'pcs', 'Ubaldo37@gmail.com', 'Toy', 'submitted', NULL, NULL);
INSERT INTO bid (ct_email, ct_price, start_date, end_date, is_cash, transport_method, pet_owner, pet_name, bid_status, feedback, rating) VALUES ('Eileen.Reynolds28@hotmail.com', 15, '2020-11-21T17:18:20.731Z', '2020-11-28T17:09:54.762Z', true, 'pickup', 'Guadalupe47@hotmail.com', 'Deanna', 'submitted', NULL, NULL);
INSERT INTO bid (ct_email, ct_price, start_date, end_date, is_cash, transport_method, pet_owner, pet_name, bid_status, feedback, rating) VALUES ('Andrew.Sanford@yahoo.com', 16, '2020-11-21T17:18:20.731Z', '2020-11-28T17:09:54.762Z', true, 'pcs', 'Ivah10@gmail.com', 'Vivianne', 'submitted', NULL, NULL);
INSERT INTO bid (ct_email, ct_price, start_date, end_date, is_cash, transport_method, pet_owner, pet_name, bid_status, feedback, rating) VALUES ('Ottilie.Carter18@gmail.com', 12, '2020-11-21T17:18:20.731Z', '2020-11-28T17:09:54.762Z', true, 'pcs', 'Peter.Aufderhar37@hotmail.com', 'Lauren', 'submitted', NULL, NULL);
INSERT INTO bid (ct_email, ct_price, start_date, end_date, is_cash, transport_method, pet_owner, pet_name, bid_status, feedback, rating) VALUES ('Ruthe88@gmail.com', 1, '2020-11-21T17:18:20.731Z', '2020-11-28T17:09:54.762Z', true, 'pcs', 'Trudie55@hotmail.com', 'Leif', 'submitted', NULL, NULL);
INSERT INTO bid (ct_email, ct_price, start_date, end_date, is_cash, transport_method, pet_owner, pet_name, bid_status, feedback, rating) VALUES ('Ardella_Klocko97@yahoo.com', 2, '2020-11-21T17:18:20.731Z', '2020-11-28T17:09:54.762Z', true, 'delivery', 'Luther_Goodwin38@yahoo.com', 'Pearl', 'submitted', NULL, NULL);
INSERT INTO bid (ct_email, ct_price, start_date, end_date, is_cash, transport_method, pet_owner, pet_name, bid_status, feedback, rating) VALUES ('Jovanny43@yahoo.com', 14, '2020-11-21T17:18:20.731Z', '2020-11-28T17:09:54.762Z', true, 'delivery', 'Keeley71@yahoo.com', 'Jon', 'submitted', NULL, NULL);
INSERT INTO bid (ct_email, ct_price, start_date, end_date, is_cash, transport_method, pet_owner, pet_name, bid_status, feedback, rating) VALUES ('Rosina.Schneider28@gmail.com', 1, '2020-11-21T17:18:20.731Z', '2020-11-28T17:09:54.762Z', true, 'delivery', 'Amari58@hotmail.com', 'Elmo', 'submitted', NULL, NULL);
INSERT INTO bid (ct_email, ct_price, start_date, end_date, is_cash, transport_method, pet_owner, pet_name, bid_status, feedback, rating) VALUES ('Vaughn.Weissnat68@hotmail.com', 10, '2020-11-21T17:18:20.731Z', '2020-11-28T17:09:54.762Z', true, 'delivery', 'Reynold30@gmail.com', 'Stephon', 'submitted', NULL, NULL);
INSERT INTO bid (ct_email, ct_price, start_date, end_date, is_cash, transport_method, pet_owner, pet_name, bid_status, feedback, rating) VALUES ('Tyrese49@hotmail.com', 1, '2020-11-21T17:18:20.731Z', '2020-11-28T17:09:54.762Z', true, 'pickup', 'Marjory22@yahoo.com', 'Glennie', 'submitted', NULL, NULL);
INSERT INTO bid (ct_email, ct_price, start_date, end_date, is_cash, transport_method, pet_owner, pet_name, bid_status, feedback, rating) VALUES ('Franco_Nienow6@gmail.com', 10, '2020-11-21T17:18:20.731Z', '2020-11-28T17:09:54.762Z', true, 'delivery', 'Ismael_Senger@hotmail.com', 'Maribel', 'submitted', NULL, NULL);
INSERT INTO bid (ct_email, ct_price, start_date, end_date, is_cash, transport_method, pet_owner, pet_name, bid_status, feedback, rating) VALUES ('Bailey.Gaylord61@yahoo.com', 9, '2020-11-21T17:18:20.731Z', '2020-11-28T17:09:54.762Z', true, 'pcs', 'Kathryn.White@yahoo.com', 'Ebony', 'submitted', NULL, NULL);
INSERT INTO bid (ct_email, ct_price, start_date, end_date, is_cash, transport_method, pet_owner, pet_name, bid_status, feedback, rating) VALUES ('Garry88@gmail.com', 3, '2020-11-21T17:18:20.731Z', '2020-11-28T17:09:54.762Z', true, 'pickup', 'Cary79@hotmail.com', 'Dulce', 'submitted', NULL, NULL);
INSERT INTO bid (ct_email, ct_price, start_date, end_date, is_cash, transport_method, pet_owner, pet_name, bid_status, feedback, rating) VALUES ('Katelynn_Jakubowski71@yahoo.com', 3, '2020-11-21T17:18:20.731Z', '2020-11-28T17:09:54.762Z', true, 'pickup', 'Alexandrea_Mayert24@hotmail.com', 'Madisyn', 'submitted', NULL, NULL);
INSERT INTO bid (ct_email, ct_price, start_date, end_date, is_cash, transport_method, pet_owner, pet_name, bid_status, feedback, rating) VALUES ('Andre98@hotmail.com', 4, '2020-11-21T17:18:20.731Z', '2020-11-28T17:09:54.762Z', true, 'delivery', 'Katharina.Kautzer97@gmail.com', 'Aiden', 'submitted', NULL, NULL);
INSERT INTO bid (ct_email, ct_price, start_date, end_date, is_cash, transport_method, pet_owner, pet_name, bid_status, feedback, rating) VALUES ('Florence73@hotmail.com', 6, '2020-11-21T17:18:20.731Z', '2020-11-28T17:09:54.762Z', true, 'delivery', 'Lavinia.Ziemann21@yahoo.com', 'Terrence', 'submitted', NULL, NULL);
INSERT INTO bid (ct_email, ct_price, start_date, end_date, is_cash, transport_method, pet_owner, pet_name, bid_status, feedback, rating) VALUES ('Eddie10@yahoo.com', 15, '2020-11-21T17:18:20.731Z', '2020-11-28T17:09:54.762Z', true, 'pcs', 'Vicente63@gmail.com', 'Alejandra', 'submitted', NULL, NULL);
INSERT INTO bid (ct_email, ct_price, start_date, end_date, is_cash, transport_method, pet_owner, pet_name, bid_status, feedback, rating) VALUES ('Samantha_Parker15@yahoo.com', 4, '2020-11-21T17:18:20.731Z', '2020-11-28T17:09:54.762Z', true, 'pickup', 'Trevor85@gmail.com', 'Sydney', 'submitted', NULL, NULL);
INSERT INTO bid (ct_email, ct_price, start_date, end_date, is_cash, transport_method, pet_owner, pet_name, bid_status, feedback, rating) VALUES ('Beverly69@gmail.com', 3, '2020-11-21T17:18:20.731Z', '2020-11-28T17:09:54.762Z', true, 'pickup', 'Garry_McGlynn16@gmail.com', 'Filiberto', 'submitted', NULL, NULL);
INSERT INTO bid (ct_email, ct_price, start_date, end_date, is_cash, transport_method, pet_owner, pet_name, bid_status, feedback, rating) VALUES ('Wallace_Heidenreich@hotmail.com', 9, '2020-11-21T17:18:20.731Z', '2020-11-28T17:09:54.762Z', true, 'delivery', 'Stacy69@gmail.com', 'Anastacio', 'submitted', NULL, NULL);
INSERT INTO bid (ct_email, ct_price, start_date, end_date, is_cash, transport_method, pet_owner, pet_name, bid_status, feedback, rating) VALUES ('Diana_Bradtke@yahoo.com', 3, '2020-11-21T17:18:20.731Z', '2020-11-28T17:09:54.762Z', true, 'pcs', 'Brittany.Price57@gmail.com', 'Jasen', 'submitted', NULL, NULL);
INSERT INTO bid (ct_email, ct_price, start_date, end_date, is_cash, transport_method, pet_owner, pet_name, bid_status, feedback, rating) VALUES ('Vernice.Gaylord@gmail.com', 5, '2020-11-21T17:18:20.731Z', '2020-11-28T17:09:54.762Z', true, 'delivery', 'Suzanne.Blick85@yahoo.com', 'Micheal', 'submitted', NULL, NULL);
INSERT INTO bid (ct_email, ct_price, start_date, end_date, is_cash, transport_method, pet_owner, pet_name, bid_status, feedback, rating) VALUES ('Alexandro63@yahoo.com', 13, '2020-11-21T17:18:20.731Z', '2020-11-28T17:09:54.762Z', true, 'pickup', 'Skylar.Goldner@yahoo.com', 'Christop', 'submitted', NULL, NULL);
INSERT INTO bid (ct_email, ct_price, start_date, end_date, is_cash, transport_method, pet_owner, pet_name, bid_status, feedback, rating) VALUES ('Alysa77@hotmail.com', 5, '2020-11-21T17:18:20.731Z', '2020-11-28T17:09:54.762Z', true, 'delivery', 'Junius.Hayes76@hotmail.com', 'Oceane', 'submitted', NULL, NULL);
INSERT INTO bid (ct_email, ct_price, start_date, end_date, is_cash, transport_method, pet_owner, pet_name, bid_status, feedback, rating) VALUES ('Sonia.Medhurst@yahoo.com', 17, '2020-11-21T17:18:20.731Z', '2020-11-28T17:09:54.762Z', true, 'pickup', 'Jacynthe_Shields48@yahoo.com', 'Bridget', 'submitted', NULL, NULL);
INSERT INTO bid (ct_email, ct_price, start_date, end_date, is_cash, transport_method, pet_owner, pet_name, bid_status, feedback, rating) VALUES ('Jamel44@yahoo.com', 18, '2020-11-21T17:18:20.731Z', '2020-11-28T17:09:54.762Z', true, 'delivery', 'Kaycee_Yundt46@gmail.com', 'Franco', 'submitted', NULL, NULL);
INSERT INTO bid (ct_email, ct_price, start_date, end_date, is_cash, transport_method, pet_owner, pet_name, bid_status, feedback, rating) VALUES ('Janessa71@hotmail.com', 10, '2020-11-21T17:18:20.731Z', '2020-11-28T17:09:54.762Z', true, 'pcs', 'Lukas.Mayer16@gmail.com', 'Alana', 'submitted', NULL, NULL);
INSERT INTO bid (ct_email, ct_price, start_date, end_date, is_cash, transport_method, pet_owner, pet_name, bid_status, feedback, rating) VALUES ('Buford28@yahoo.com', 11, '2020-11-21T17:18:20.731Z', '2020-11-28T17:09:54.762Z', true, 'pickup', 'Amalia_Miller@yahoo.com', 'Kallie', 'submitted', NULL, NULL);
INSERT INTO bid (ct_email, ct_price, start_date, end_date, is_cash, transport_method, pet_owner, pet_name, bid_status, feedback, rating) VALUES ('Chandler.Sipes@yahoo.com', 6, '2020-11-21T17:18:20.731Z', '2020-11-28T17:09:54.762Z', true, 'delivery', 'Carlee.Hansen@gmail.com', 'Frederique', 'submitted', NULL, NULL);
INSERT INTO bid (ct_email, ct_price, start_date, end_date, is_cash, transport_method, pet_owner, pet_name, bid_status, feedback, rating) VALUES ('Yvonne5@hotmail.com', 0, '2020-11-21T17:18:20.731Z', '2020-11-28T17:09:54.762Z', true, 'delivery', 'Lucious79@hotmail.com', 'Waylon', 'submitted', NULL, NULL);
INSERT INTO bid (ct_email, ct_price, start_date, end_date, is_cash, transport_method, pet_owner, pet_name, bid_status, feedback, rating) VALUES ('Else.Schneider@gmail.com', 19, '2020-11-21T17:18:20.731Z', '2020-11-28T17:09:54.762Z', true, 'delivery', 'Krista78@yahoo.com', 'Gregg', 'submitted', NULL, NULL);
INSERT INTO bid (ct_email, ct_price, start_date, end_date, is_cash, transport_method, pet_owner, pet_name, bid_status, feedback, rating) VALUES ('Fiona_Wiza13@gmail.com', 3, '2020-11-21T17:18:20.731Z', '2020-11-28T17:09:54.762Z', true, 'delivery', 'Wilbert_Sawayn46@hotmail.com', 'Bianka', 'submitted', NULL, NULL);
INSERT INTO bid (ct_email, ct_price, start_date, end_date, is_cash, transport_method, pet_owner, pet_name, bid_status, feedback, rating) VALUES ('Billie86@gmail.com', 1, '2020-11-21T17:18:20.731Z', '2020-11-28T17:09:54.762Z', true, 'pcs', 'Ardella_Klocko97@yahoo.com', 'Dianna', 'submitted', NULL, NULL);
INSERT INTO bid (ct_email, ct_price, start_date, end_date, is_cash, transport_method, pet_owner, pet_name, bid_status, feedback, rating) VALUES ('Grant_Kerluke64@yahoo.com', 17, '2020-11-21T17:18:20.731Z', '2020-11-28T17:09:54.762Z', true, 'delivery', 'Lee89@hotmail.com', 'Aglae', 'submitted', NULL, NULL);
INSERT INTO bid (ct_email, ct_price, start_date, end_date, is_cash, transport_method, pet_owner, pet_name, bid_status, feedback, rating) VALUES ('Josh_Koelpin7@hotmail.com', 19, '2020-11-21T17:18:20.731Z', '2020-11-28T17:09:54.762Z', true, 'delivery', 'Merritt.Bradtke@gmail.com', 'Yadira', 'submitted', NULL, NULL);
INSERT INTO bid (ct_email, ct_price, start_date, end_date, is_cash, transport_method, pet_owner, pet_name, bid_status, feedback, rating) VALUES ('Dena11@gmail.com', 2, '2020-11-21T17:18:20.731Z', '2020-11-28T17:09:54.762Z', true, 'pickup', 'Orrin92@gmail.com', 'Larissa', 'submitted', NULL, NULL);
INSERT INTO bid (ct_email, ct_price, start_date, end_date, is_cash, transport_method, pet_owner, pet_name, bid_status, feedback, rating) VALUES ('Barry_Waelchi@yahoo.com', 3, '2020-11-21T17:18:20.731Z', '2020-11-28T17:09:54.762Z', true, 'delivery', 'Theron.Grant57@hotmail.com', 'Hailee', 'submitted', NULL, NULL);
INSERT INTO bid (ct_email, ct_price, start_date, end_date, is_cash, transport_method, pet_owner, pet_name, bid_status, feedback, rating) VALUES ('Kip_Thiel70@yahoo.com', 17, '2020-11-21T17:18:20.731Z', '2020-11-28T17:09:54.762Z', true, 'delivery', 'Julien15@hotmail.com', 'Amber', 'submitted', NULL, NULL);
INSERT INTO bid (ct_email, ct_price, start_date, end_date, is_cash, transport_method, pet_owner, pet_name, bid_status, feedback, rating) VALUES ('Jackson1@gmail.com', 2, '2020-11-21T17:18:20.731Z', '2020-11-28T17:09:54.762Z', true, 'delivery', 'Quinten.OHara78@yahoo.com', 'Clara', 'submitted', NULL, NULL);
INSERT INTO bid (ct_email, ct_price, start_date, end_date, is_cash, transport_method, pet_owner, pet_name, bid_status, feedback, rating) VALUES ('Kadin.Schuppe@hotmail.com', 13, '2020-11-21T17:18:20.731Z', '2020-11-28T17:09:54.762Z', true, 'delivery', 'Cole78@gmail.com', 'Clinton', 'submitted', NULL, NULL);
INSERT INTO bid (ct_email, ct_price, start_date, end_date, is_cash, transport_method, pet_owner, pet_name, bid_status, feedback, rating) VALUES ('Wilton43@hotmail.com', 7, '2020-11-21T17:18:20.731Z', '2020-11-28T17:09:54.762Z', true, 'pickup', 'Tyreek_Simonis@hotmail.com', 'Annabell', 'submitted', NULL, NULL);
INSERT INTO bid (ct_email, ct_price, start_date, end_date, is_cash, transport_method, pet_owner, pet_name, bid_status, feedback, rating) VALUES ('Angelita_Herman70@hotmail.com', 17, '2020-11-21T17:18:20.731Z', '2020-11-28T17:09:54.762Z', true, 'delivery', 'Bart.Strosin@gmail.com', 'Demond', 'submitted', NULL, NULL);
INSERT INTO bid (ct_email, ct_price, start_date, end_date, is_cash, transport_method, pet_owner, pet_name, bid_status, feedback, rating) VALUES ('Katlynn84@hotmail.com', 2, '2020-11-21T17:18:20.731Z', '2020-11-28T17:09:54.762Z', true, 'delivery', 'Leif_Gerhold64@yahoo.com', 'Krystel', 'submitted', NULL, NULL);
INSERT INTO bid (ct_email, ct_price, start_date, end_date, is_cash, transport_method, pet_owner, pet_name, bid_status, feedback, rating) VALUES ('Estevan.Moore79@yahoo.com', 5, '2020-11-21T17:18:20.731Z', '2020-11-28T17:09:54.762Z', true, 'pcs', 'Harold.Rolfson@hotmail.com', 'Karl', 'submitted', NULL, NULL);
INSERT INTO bid (ct_email, ct_price, start_date, end_date, is_cash, transport_method, pet_owner, pet_name, bid_status, feedback, rating) VALUES ('Jimmy.Koch40@gmail.com', 3, '2020-11-21T17:18:20.731Z', '2020-11-28T17:09:54.762Z', true, 'delivery', 'Albertha_Hills66@yahoo.com', 'Eladio', 'submitted', NULL, NULL);
INSERT INTO bid (ct_email, ct_price, start_date, end_date, is_cash, transport_method, pet_owner, pet_name, bid_status, feedback, rating) VALUES ('Harley_Boehm@yahoo.com', 14, '2020-11-21T17:18:20.731Z', '2020-11-28T17:09:54.762Z', true, 'pcs', 'Billie86@gmail.com', 'Keely', 'submitted', NULL, NULL);
INSERT INTO bid (ct_email, ct_price, start_date, end_date, is_cash, transport_method, pet_owner, pet_name, bid_status, feedback, rating) VALUES ('Gardner.Kuvalis@gmail.com', 9, '2020-11-21T17:18:20.731Z', '2020-11-28T17:09:54.762Z', true, 'pickup', 'Ivah.Pouros64@gmail.com', 'Asha', 'submitted', NULL, NULL);
INSERT INTO bid (ct_email, ct_price, start_date, end_date, is_cash, transport_method, pet_owner, pet_name, bid_status, feedback, rating) VALUES ('Edwina92@gmail.com', 11, '2020-11-21T17:18:20.731Z', '2020-11-28T17:09:54.762Z', true, 'pickup', 'Keyon.Kiehn@hotmail.com', 'Makenzie', 'submitted', NULL, NULL);
INSERT INTO bid (ct_email, ct_price, start_date, end_date, is_cash, transport_method, pet_owner, pet_name, bid_status, feedback, rating) VALUES ('Mable_Daugherty99@hotmail.com', 18, '2020-11-21T17:18:20.731Z', '2020-11-28T17:09:54.762Z', true, 'pickup', 'Stella_Wyman55@yahoo.com', 'Hildegard', 'submitted', NULL, NULL);
INSERT INTO bid (ct_email, ct_price, start_date, end_date, is_cash, transport_method, pet_owner, pet_name, bid_status, feedback, rating) VALUES ('Leon_Kulas@yahoo.com', 18, '2020-11-21T17:18:20.731Z', '2020-11-28T17:09:54.762Z', true, 'pickup', 'Marielle_Deckow84@yahoo.com', 'Chesley', 'submitted', NULL, NULL);
INSERT INTO bid (ct_email, ct_price, start_date, end_date, is_cash, transport_method, pet_owner, pet_name, bid_status, feedback, rating) VALUES ('Lane.Hegmann41@gmail.com', 7, '2020-11-21T17:18:20.731Z', '2020-11-28T17:09:54.762Z', true, 'pickup', 'Reba.Maggio@yahoo.com', 'Pete', 'submitted', NULL, NULL);
INSERT INTO bid (ct_email, ct_price, start_date, end_date, is_cash, transport_method, pet_owner, pet_name, bid_status, feedback, rating) VALUES ('Hanna.Homenick31@yahoo.com', 12, '2020-11-21T17:18:20.731Z', '2020-11-28T17:09:54.762Z', true, 'pickup', 'Eveline_Shields64@hotmail.com', 'Rashad', 'submitted', NULL, NULL);
INSERT INTO bid (ct_email, ct_price, start_date, end_date, is_cash, transport_method, pet_owner, pet_name, bid_status, feedback, rating) VALUES ('Antwan56@yahoo.com', 18, '2020-11-21T17:18:20.731Z', '2020-11-28T17:09:54.762Z', true, 'pcs', 'Carlie_Erdman@hotmail.com', 'Murphy', 'submitted', NULL, NULL);
INSERT INTO bid (ct_email, ct_price, start_date, end_date, is_cash, transport_method, pet_owner, pet_name, bid_status, feedback, rating) VALUES ('Mack_Hills26@hotmail.com', 19, '2020-11-21T17:18:20.731Z', '2020-11-28T17:09:54.762Z', true, 'pickup', 'Margarette_Graham@gmail.com', 'Jacey', 'submitted', NULL, NULL);
INSERT INTO bid (ct_email, ct_price, start_date, end_date, is_cash, transport_method, pet_owner, pet_name, bid_status, feedback, rating) VALUES ('Elton_Schiller@gmail.com', 8, '2020-11-21T17:18:20.731Z', '2020-11-28T17:09:54.762Z', true, 'pickup', 'Dale_Breitenberg@gmail.com', 'Mafalda', 'submitted', NULL, NULL);
INSERT INTO bid (ct_email, ct_price, start_date, end_date, is_cash, transport_method, pet_owner, pet_name, bid_status, feedback, rating) VALUES ('Gianni.Koelpin55@hotmail.com', 2, '2020-11-21T17:18:20.731Z', '2020-11-28T17:09:54.762Z', true, 'pcs', 'Tracey4@hotmail.com', 'Dianna', 'submitted', NULL, NULL);
INSERT INTO bid (ct_email, ct_price, start_date, end_date, is_cash, transport_method, pet_owner, pet_name, bid_status, feedback, rating) VALUES ('Hulda_Quitzon26@yahoo.com', 19, '2020-11-21T17:18:20.731Z', '2020-11-28T17:09:54.762Z', true, 'pickup', 'Elliott.Toy83@hotmail.com', 'Shemar', 'submitted', NULL, NULL);
INSERT INTO bid (ct_email, ct_price, start_date, end_date, is_cash, transport_method, pet_owner, pet_name, bid_status, feedback, rating) VALUES ('Scottie.Frami3@gmail.com', 3, '2020-11-21T17:18:20.731Z', '2020-11-28T17:09:54.762Z', true, 'pickup', 'Russel25@gmail.com', 'Leonel', 'submitted', NULL, NULL);
INSERT INTO bid (ct_email, ct_price, start_date, end_date, is_cash, transport_method, pet_owner, pet_name, bid_status, feedback, rating) VALUES ('Carmela55@gmail.com', 13, '2020-11-21T17:18:20.731Z', '2020-11-28T17:09:54.762Z', true, 'pickup', 'Barbara.Mitchell36@gmail.com', 'Zachariah', 'submitted', NULL, NULL);
INSERT INTO bid (ct_email, ct_price, start_date, end_date, is_cash, transport_method, pet_owner, pet_name, bid_status, feedback, rating) VALUES ('Yasmine_Jenkins69@gmail.com', 20, '2020-11-21T17:18:20.731Z', '2020-11-28T17:09:54.762Z', true, 'pcs', 'Marianne90@yahoo.com', 'Darwin', 'submitted', NULL, NULL);
INSERT INTO bid (ct_email, ct_price, start_date, end_date, is_cash, transport_method, pet_owner, pet_name, bid_status, feedback, rating) VALUES ('Barry.Rodriguez82@yahoo.com', 2, '2020-11-21T17:18:20.731Z', '2020-11-28T17:09:54.762Z', true, 'pickup', 'Erica_Kovacek@yahoo.com', 'Kiarra', 'submitted', NULL, NULL);
INSERT INTO bid (ct_email, ct_price, start_date, end_date, is_cash, transport_method, pet_owner, pet_name, bid_status, feedback, rating) VALUES ('Ben_Johns@yahoo.com', 0, '2020-11-21T17:18:20.731Z', '2020-11-28T17:09:54.762Z', true, 'delivery', 'Helene.Abshire36@hotmail.com', 'Thea', 'submitted', NULL, NULL);
INSERT INTO bid (ct_email, ct_price, start_date, end_date, is_cash, transport_method, pet_owner, pet_name, bid_status, feedback, rating) VALUES ('Lon_Crooks@gmail.com', 8, '2020-11-21T17:18:20.731Z', '2020-11-28T17:09:54.762Z', true, 'delivery', 'Shannon74@yahoo.com', 'Jefferey', 'submitted', NULL, NULL);
INSERT INTO bid (ct_email, ct_price, start_date, end_date, is_cash, transport_method, pet_owner, pet_name, bid_status, feedback, rating) VALUES ('Yvonne_Rogahn@gmail.com', 4, '2020-11-21T17:18:20.731Z', '2020-11-28T17:09:54.762Z', true, 'delivery', 'Grant_Kerluke64@yahoo.com', 'Jena', 'submitted', NULL, NULL);
INSERT INTO bid (ct_email, ct_price, start_date, end_date, is_cash, transport_method, pet_owner, pet_name, bid_status, feedback, rating) VALUES ('Elody_Hudson@hotmail.com', 20, '2020-11-21T17:18:20.731Z', '2020-11-28T17:09:54.762Z', true, 'pickup', 'Adella_Predovic@yahoo.com', 'Marques', 'submitted', NULL, NULL);
INSERT INTO bid (ct_email, ct_price, start_date, end_date, is_cash, transport_method, pet_owner, pet_name, bid_status, feedback, rating) VALUES ('Coleman_Goldner@hotmail.com', 9, '2020-11-21T17:18:20.731Z', '2020-11-28T17:09:54.762Z', true, 'delivery', 'Charity.Wolf32@gmail.com', 'Octavia', 'submitted', NULL, NULL);
INSERT INTO bid (ct_email, ct_price, start_date, end_date, is_cash, transport_method, pet_owner, pet_name, bid_status, feedback, rating) VALUES ('Mark46@gmail.com', 7, '2020-11-21T17:18:20.731Z', '2020-11-28T17:09:54.762Z', true, 'pickup', 'Flavie_Pacocha7@yahoo.com', 'Jules', 'submitted', NULL, NULL);
INSERT INTO bid (ct_email, ct_price, start_date, end_date, is_cash, transport_method, pet_owner, pet_name, bid_status, feedback, rating) VALUES ('Joana_Bednar@gmail.com', 15, '2020-11-21T17:18:20.731Z', '2020-11-28T17:09:54.762Z', true, 'delivery', 'Cicero.Ondricka@gmail.com', 'Lonie', 'submitted', NULL, NULL);
INSERT INTO bid (ct_email, ct_price, start_date, end_date, is_cash, transport_method, pet_owner, pet_name, bid_status, feedback, rating) VALUES ('Stacy69@gmail.com', 2, '2020-11-21T17:18:20.731Z', '2020-11-28T17:09:54.762Z', true, 'pcs', 'Filomena.Toy90@yahoo.com', 'Howell', 'submitted', NULL, NULL);
INSERT INTO bid (ct_email, ct_price, start_date, end_date, is_cash, transport_method, pet_owner, pet_name, bid_status, feedback, rating) VALUES ('Ansley10@yahoo.com', 15, '2020-11-21T17:18:20.731Z', '2020-11-28T17:09:54.762Z', true, 'pickup', 'Eldon.Gislason@gmail.com', 'Jeremy', 'submitted', NULL, NULL);
INSERT INTO bid (ct_email, ct_price, start_date, end_date, is_cash, transport_method, pet_owner, pet_name, bid_status, feedback, rating) VALUES ('Ilene_McCullough@gmail.com', 6, '2020-11-21T17:18:20.731Z', '2020-11-28T17:09:54.762Z', true, 'delivery', 'Clark.Terry57@gmail.com', 'Ines', 'submitted', NULL, NULL);
INSERT INTO bid (ct_email, ct_price, start_date, end_date, is_cash, transport_method, pet_owner, pet_name, bid_status, feedback, rating) VALUES ('Cayla_Rodriguez@gmail.com', 12, '2020-11-21T17:18:20.731Z', '2020-11-28T17:09:54.762Z', true, 'delivery', 'Chadd87@yahoo.com', 'Selmer', 'submitted', NULL, NULL);
INSERT INTO bid (ct_email, ct_price, start_date, end_date, is_cash, transport_method, pet_owner, pet_name, bid_status, feedback, rating) VALUES ('Dorthy10@gmail.com', 18, '2020-11-21T17:18:20.731Z', '2020-11-28T17:09:54.762Z', true, 'delivery', 'Rosalinda30@yahoo.com', 'Maddison', 'submitted', NULL, NULL);
INSERT INTO bid (ct_email, ct_price, start_date, end_date, is_cash, transport_method, pet_owner, pet_name, bid_status, feedback, rating) VALUES ('Lou.Medhurst@hotmail.com', 17, '2020-11-21T17:18:20.731Z', '2020-11-28T17:09:54.762Z', true, 'pickup', 'Hailie_Stracke@hotmail.com', 'Lavina', 'submitted', NULL, NULL);
INSERT INTO bid (ct_email, ct_price, start_date, end_date, is_cash, transport_method, pet_owner, pet_name, bid_status, feedback, rating) VALUES ('Freeda.Treutel@yahoo.com', 12, '2020-11-21T17:18:20.731Z', '2020-11-28T17:09:54.762Z', true, 'pickup', 'Josie.Bailey@gmail.com', 'Justine', 'submitted', NULL, NULL);
INSERT INTO bid (ct_email, ct_price, start_date, end_date, is_cash, transport_method, pet_owner, pet_name, bid_status, feedback, rating) VALUES ('Adah9@hotmail.com', 9, '2020-11-21T17:18:20.731Z', '2020-11-28T17:09:54.762Z', true, 'pcs', 'Kurt51@hotmail.com', 'Joelle', 'submitted', NULL, NULL);
INSERT INTO bid (ct_email, ct_price, start_date, end_date, is_cash, transport_method, pet_owner, pet_name, bid_status, feedback, rating) VALUES ('Amira65@hotmail.com', 0, '2020-11-21T17:18:20.731Z', '2020-11-28T17:09:54.762Z', true, 'delivery', 'Nicklaus.Von22@gmail.com', 'Terry', 'submitted', NULL, NULL);
INSERT INTO bid (ct_email, ct_price, start_date, end_date, is_cash, transport_method, pet_owner, pet_name, bid_status, feedback, rating) VALUES ('Virginia38@yahoo.com', 16, '2020-11-21T17:18:20.731Z', '2020-11-28T17:09:54.762Z', true, 'pickup', 'Guido98@hotmail.com', 'Yazmin', 'submitted', NULL, NULL);
INSERT INTO bid (ct_email, ct_price, start_date, end_date, is_cash, transport_method, pet_owner, pet_name, bid_status, feedback, rating) VALUES ('Duncan87@gmail.com', 12, '2020-11-21T17:18:20.731Z', '2020-11-28T17:09:54.762Z', true, 'pcs', 'Stevie61@hotmail.com', 'Jalon', 'submitted', NULL, NULL);
INSERT INTO bid (ct_email, ct_price, start_date, end_date, is_cash, transport_method, pet_owner, pet_name, bid_status, feedback, rating) VALUES ('Haylee24@gmail.com', 2, '2020-11-21T17:18:20.731Z', '2020-11-28T17:09:54.762Z', true, 'pickup', 'Maryjane_Orn76@hotmail.com', 'Dewayne', 'submitted', NULL, NULL);
INSERT INTO bid (ct_email, ct_price, start_date, end_date, is_cash, transport_method, pet_owner, pet_name, bid_status, feedback, rating) VALUES ('Jewell_Bahringer55@gmail.com', 10, '2020-11-21T17:18:20.731Z', '2020-11-28T17:09:54.762Z', true, 'pcs', 'Antwan56@yahoo.com', 'Garett', 'submitted', NULL, NULL);
INSERT INTO bid (ct_email, ct_price, start_date, end_date, is_cash, transport_method, pet_owner, pet_name, bid_status, feedback, rating) VALUES ('Nella.Bailey@gmail.com', 19, '2020-11-21T17:18:20.731Z', '2020-11-28T17:09:54.762Z', true, 'delivery', 'Kathleen_Wiegand3@hotmail.com', 'Mauricio', 'submitted', NULL, NULL);
INSERT INTO bid (ct_email, ct_price, start_date, end_date, is_cash, transport_method, pet_owner, pet_name, bid_status, feedback, rating) VALUES ('Katharina.Kautzer97@gmail.com', 9, '2020-11-21T17:18:20.731Z', '2020-11-28T17:09:54.762Z', true, 'delivery', 'Brenna17@gmail.com', 'Laron', 'submitted', NULL, NULL);
INSERT INTO bid (ct_email, ct_price, start_date, end_date, is_cash, transport_method, pet_owner, pet_name, bid_status, feedback, rating) VALUES ('Gus.Adams@hotmail.com', 0, '2020-11-21T17:18:20.731Z', '2020-11-28T17:09:54.762Z', true, 'pcs', 'Adolfo59@gmail.com', 'Lyda', 'submitted', NULL, NULL);
INSERT INTO bid (ct_email, ct_price, start_date, end_date, is_cash, transport_method, pet_owner, pet_name, bid_status, feedback, rating) VALUES ('Kristian7@gmail.com', 12, '2020-11-21T17:18:20.731Z', '2020-11-28T17:09:54.762Z', true, 'pickup', 'Kennith_Hane@gmail.com', 'Forrest', 'submitted', NULL, NULL);
INSERT INTO bid (ct_email, ct_price, start_date, end_date, is_cash, transport_method, pet_owner, pet_name, bid_status, feedback, rating) VALUES ('Tatyana.Lowe@yahoo.com', 1, '2020-11-21T17:18:20.731Z', '2020-11-28T17:09:54.762Z', true, 'delivery', 'Celestino_Stroman4@hotmail.com', 'Gonzalo', 'submitted', NULL, NULL);
INSERT INTO bid (ct_email, ct_price, start_date, end_date, is_cash, transport_method, pet_owner, pet_name, bid_status, feedback, rating) VALUES ('Nat62@hotmail.com', 4, '2020-11-21T17:18:20.731Z', '2020-11-28T17:09:54.762Z', true, 'pickup', 'Helene98@hotmail.com', 'Michael', 'submitted', NULL, NULL);
INSERT INTO bid (ct_email, ct_price, start_date, end_date, is_cash, transport_method, pet_owner, pet_name, bid_status, feedback, rating) VALUES ('Heloise_OKeefe@yahoo.com', 13, '2020-11-21T17:18:20.731Z', '2020-11-28T17:09:54.762Z', true, 'pcs', 'Sonny1@yahoo.com', 'Adrian', 'submitted', NULL, NULL);
INSERT INTO bid (ct_email, ct_price, start_date, end_date, is_cash, transport_method, pet_owner, pet_name, bid_status, feedback, rating) VALUES ('Gloria_Zemlak@gmail.com', 12, '2020-11-21T17:18:20.731Z', '2020-11-28T17:09:54.762Z', true, 'delivery', 'Kobe30@gmail.com', 'Malika', 'submitted', NULL, NULL);
INSERT INTO bid (ct_email, ct_price, start_date, end_date, is_cash, transport_method, pet_owner, pet_name, bid_status, feedback, rating) VALUES ('Jaquelin40@yahoo.com', 2, '2020-11-21T17:18:20.731Z', '2020-11-28T17:09:54.762Z', true, 'pickup', 'Garry88@gmail.com', 'Lee', 'submitted', NULL, NULL);
INSERT INTO bid (ct_email, ct_price, start_date, end_date, is_cash, transport_method, pet_owner, pet_name, bid_status, feedback, rating) VALUES ('Jacques.Cummings@hotmail.com', 6, '2020-11-21T17:18:20.731Z', '2020-11-28T17:09:54.762Z', true, 'pickup', 'Emmanuelle68@gmail.com', 'Gust', 'submitted', NULL, NULL);
INSERT INTO bid (ct_email, ct_price, start_date, end_date, is_cash, transport_method, pet_owner, pet_name, bid_status, feedback, rating) VALUES ('Werner7@hotmail.com', 11, '2020-11-21T17:18:20.731Z', '2020-11-28T17:09:54.762Z', true, 'pickup', 'Audrey.Hills@hotmail.com', 'Ronny', 'submitted', NULL, NULL);
INSERT INTO bid (ct_email, ct_price, start_date, end_date, is_cash, transport_method, pet_owner, pet_name, bid_status, feedback, rating) VALUES ('Candace_Terry29@hotmail.com', 4, '2020-11-21T17:18:20.731Z', '2020-11-28T17:09:54.762Z', true, 'pcs', 'Joyce79@gmail.com', 'Gudrun', 'submitted', NULL, NULL);
INSERT INTO bid (ct_email, ct_price, start_date, end_date, is_cash, transport_method, pet_owner, pet_name, bid_status, feedback, rating) VALUES ('Kailey86@yahoo.com', 4, '2020-11-21T17:18:20.731Z', '2020-11-28T17:09:54.762Z', true, 'delivery', 'Raphael78@hotmail.com', 'Lydia', 'submitted', NULL, NULL);
INSERT INTO bid (ct_email, ct_price, start_date, end_date, is_cash, transport_method, pet_owner, pet_name, bid_status, feedback, rating) VALUES ('Gudrun38@yahoo.com', 1, '2020-11-21T17:18:20.731Z', '2020-11-28T17:09:54.762Z', true, 'delivery', 'Dante.King90@yahoo.com', 'Maryjane', 'submitted', NULL, NULL);
INSERT INTO bid (ct_email, ct_price, start_date, end_date, is_cash, transport_method, pet_owner, pet_name, bid_status, feedback, rating) VALUES ('Keeley71@yahoo.com', 1, '2020-11-21T17:18:20.731Z', '2020-11-28T17:09:54.762Z', true, 'pcs', 'Halie49@hotmail.com', 'Onie', 'submitted', NULL, NULL);
INSERT INTO bid (ct_email, ct_price, start_date, end_date, is_cash, transport_method, pet_owner, pet_name, bid_status, feedback, rating) VALUES ('Alverta40@gmail.com', 15, '2020-11-21T17:18:20.731Z', '2020-11-28T17:09:54.762Z', true, 'delivery', 'Clara.Lebsack@gmail.com', 'Sterling', 'submitted', NULL, NULL);
INSERT INTO bid (ct_email, ct_price, start_date, end_date, is_cash, transport_method, pet_owner, pet_name, bid_status, feedback, rating) VALUES ('Luna.Schoen18@yahoo.com', 16, '2020-11-21T17:18:20.731Z', '2020-11-28T17:09:54.762Z', true, 'delivery', 'Eulah_Bechtelar@yahoo.com', 'Sophia', 'submitted', NULL, NULL);
INSERT INTO bid (ct_email, ct_price, start_date, end_date, is_cash, transport_method, pet_owner, pet_name, bid_status, feedback, rating) VALUES ('Candelario.Schowalter79@hotmail.com', 0, '2020-11-21T17:18:20.731Z', '2020-11-28T17:09:54.762Z', true, 'delivery', 'Kris.Predovic@hotmail.com', 'Gwendolyn', 'submitted', NULL, NULL);
INSERT INTO bid (ct_email, ct_price, start_date, end_date, is_cash, transport_method, pet_owner, pet_name, bid_status, feedback, rating) VALUES ('Joana4@hotmail.com', 3, '2020-11-21T17:18:20.731Z', '2020-11-28T17:09:54.762Z', true, 'pcs', 'Jaunita_Borer@yahoo.com', 'Josephine', 'submitted', NULL, NULL);
INSERT INTO bid (ct_email, ct_price, start_date, end_date, is_cash, transport_method, pet_owner, pet_name, bid_status, feedback, rating) VALUES ('Hailie_Stracke@hotmail.com', 10, '2020-11-21T17:18:20.731Z', '2020-11-28T17:09:54.762Z', true, 'delivery', 'Baron52@yahoo.com', 'Guiseppe', 'submitted', NULL, NULL);
INSERT INTO bid (ct_email, ct_price, start_date, end_date, is_cash, transport_method, pet_owner, pet_name, bid_status, feedback, rating) VALUES ('Triston.Lakin0@yahoo.com', 8, '2020-11-21T17:18:20.731Z', '2020-11-28T17:09:54.762Z', true, 'pcs', 'Emmanuelle_Christiansen20@yahoo.com', 'Everette', 'submitted', NULL, NULL);
INSERT INTO bid (ct_email, ct_price, start_date, end_date, is_cash, transport_method, pet_owner, pet_name, bid_status, feedback, rating) VALUES ('Bart_Glover@yahoo.com', 11, '2020-11-21T17:18:20.731Z', '2020-11-28T17:09:54.762Z', true, 'pcs', 'Wellington_Kuvalis30@hotmail.com', 'Henri', 'submitted', NULL, NULL);
INSERT INTO bid (ct_email, ct_price, start_date, end_date, is_cash, transport_method, pet_owner, pet_name, bid_status, feedback, rating) VALUES ('Abel_Kilback51@yahoo.com', 3, '2020-11-21T17:18:20.731Z', '2020-11-28T17:09:54.762Z', true, 'pcs', 'Easton62@gmail.com', 'Rey', 'submitted', NULL, NULL);
INSERT INTO bid (ct_email, ct_price, start_date, end_date, is_cash, transport_method, pet_owner, pet_name, bid_status, feedback, rating) VALUES ('Paolo_Lesch93@hotmail.com', 17, '2020-11-21T17:18:20.731Z', '2020-11-28T17:09:54.762Z', true, 'pickup', 'Hanna.Homenick31@yahoo.com', 'Savannah', 'submitted', NULL, NULL);
INSERT INTO bid (ct_email, ct_price, start_date, end_date, is_cash, transport_method, pet_owner, pet_name, bid_status, feedback, rating) VALUES ('Giovanni.Howe49@gmail.com', 4, '2020-11-21T17:18:20.731Z', '2020-11-28T17:09:54.762Z', true, 'delivery', 'Miller_Keebler@yahoo.com', 'Frank', 'submitted', NULL, NULL);
INSERT INTO bid (ct_email, ct_price, start_date, end_date, is_cash, transport_method, pet_owner, pet_name, bid_status, feedback, rating) VALUES ('Stephen.Weimann@yahoo.com', 10, '2020-11-21T17:18:20.731Z', '2020-11-28T17:09:54.762Z', true, 'delivery', 'Reinhold_McDermott@yahoo.com', 'Darby', 'submitted', NULL, NULL);
INSERT INTO bid (ct_email, ct_price, start_date, end_date, is_cash, transport_method, pet_owner, pet_name, bid_status, feedback, rating) VALUES ('Clint8@hotmail.com', 17, '2020-11-21T17:18:20.731Z', '2020-11-28T17:09:54.762Z', true, 'pcs', 'Elody_Hudson@hotmail.com', 'Lea', 'submitted', NULL, NULL);
INSERT INTO bid (ct_email, ct_price, start_date, end_date, is_cash, transport_method, pet_owner, pet_name, bid_status, feedback, rating) VALUES ('Adan_Haley79@hotmail.com', 18, '2020-11-21T17:18:20.731Z', '2020-11-28T17:09:54.762Z', true, 'pickup', 'Edgar_Lesch@yahoo.com', 'Darrin', 'submitted', NULL, NULL);
INSERT INTO bid (ct_email, ct_price, start_date, end_date, is_cash, transport_method, pet_owner, pet_name, bid_status, feedback, rating) VALUES ('Agustin_Daniel92@hotmail.com', 1, '2020-11-21T17:18:20.731Z', '2020-11-28T17:09:54.762Z', true, 'pickup', 'Bertha_Will@yahoo.com', 'Keshawn', 'submitted', NULL, NULL);
INSERT INTO bid (ct_email, ct_price, start_date, end_date, is_cash, transport_method, pet_owner, pet_name, bid_status, feedback, rating) VALUES ('Breana96@gmail.com', 16, '2020-11-21T17:18:20.731Z', '2020-11-28T17:09:54.762Z', true, 'delivery', 'Kirsten_Trantow23@gmail.com', 'Wilfred', 'submitted', NULL, NULL);
INSERT INTO bid (ct_email, ct_price, start_date, end_date, is_cash, transport_method, pet_owner, pet_name, bid_status, feedback, rating) VALUES ('Cordie30@yahoo.com', 1, '2020-11-21T17:18:20.731Z', '2020-11-28T17:09:54.762Z', true, 'pickup', 'Albin.Sawayn3@yahoo.com', 'Mohammad', 'submitted', NULL, NULL);
INSERT INTO bid (ct_email, ct_price, start_date, end_date, is_cash, transport_method, pet_owner, pet_name, bid_status, feedback, rating) VALUES ('Oleta45@hotmail.com', 8, '2020-11-21T17:18:20.731Z', '2020-11-28T17:09:54.762Z', true, 'pickup', 'Cayla_Reilly@gmail.com', 'Jonas', 'submitted', NULL, NULL);
INSERT INTO bid (ct_email, ct_price, start_date, end_date, is_cash, transport_method, pet_owner, pet_name, bid_status, feedback, rating) VALUES ('Otis.Lubowitz47@hotmail.com', 4, '2020-11-21T17:18:20.731Z', '2020-11-28T17:09:54.762Z', true, 'pickup', 'Kadin.Schuppe@hotmail.com', 'Niko', 'submitted', NULL, NULL);
INSERT INTO bid (ct_email, ct_price, start_date, end_date, is_cash, transport_method, pet_owner, pet_name, bid_status, feedback, rating) VALUES ('Cesar.Mraz@gmail.com', 12, '2020-11-21T17:18:20.731Z', '2020-11-28T17:09:54.762Z', true, 'pickup', 'Isabella_Funk96@yahoo.com', 'Nora', 'submitted', NULL, NULL);
INSERT INTO bid (ct_email, ct_price, start_date, end_date, is_cash, transport_method, pet_owner, pet_name, bid_status, feedback, rating) VALUES ('Dale_Breitenberg@gmail.com', 12, '2020-11-21T17:18:20.731Z', '2020-11-28T17:09:54.762Z', true, 'pcs', 'Danial_Conroy@yahoo.com', 'Angeline', 'submitted', NULL, NULL);
INSERT INTO bid (ct_email, ct_price, start_date, end_date, is_cash, transport_method, pet_owner, pet_name, bid_status, feedback, rating) VALUES ('Hobart.Windler@hotmail.com', 8, '2020-11-21T17:18:20.731Z', '2020-11-28T17:09:54.762Z', true, 'pcs', 'Mike27@hotmail.com', 'Lonzo', 'submitted', NULL, NULL);
INSERT INTO bid (ct_email, ct_price, start_date, end_date, is_cash, transport_method, pet_owner, pet_name, bid_status, feedback, rating) VALUES ('Estella89@yahoo.com', 7, '2020-11-21T17:18:20.731Z', '2020-11-28T17:09:54.762Z', true, 'pcs', 'Levi.Hammes30@gmail.com', 'Giovanna', 'submitted', NULL, NULL);
INSERT INTO bid (ct_email, ct_price, start_date, end_date, is_cash, transport_method, pet_owner, pet_name, bid_status, feedback, rating) VALUES ('Isaac_Blanda@gmail.com', 5, '2020-11-21T17:18:20.731Z', '2020-11-28T17:09:54.762Z', true, 'pcs', 'Alyson.Hamill80@gmail.com', 'Rahsaan', 'submitted', NULL, NULL);
INSERT INTO bid (ct_email, ct_price, start_date, end_date, is_cash, transport_method, pet_owner, pet_name, bid_status, feedback, rating) VALUES ('Candice.Waters@hotmail.com', 19, '2020-11-21T17:18:20.731Z', '2020-11-28T17:09:54.762Z', true, 'delivery', 'Chandler.Sipes@yahoo.com', 'Karina', 'submitted', NULL, NULL);
INSERT INTO bid (ct_email, ct_price, start_date, end_date, is_cash, transport_method, pet_owner, pet_name, bid_status, feedback, rating) VALUES ('Mariano54@gmail.com', 5, '2020-11-21T17:18:20.731Z', '2020-11-28T17:09:54.762Z', true, 'delivery', 'Layla.Harber64@yahoo.com', 'Kaleb', 'submitted', NULL, NULL);
INSERT INTO bid (ct_email, ct_price, start_date, end_date, is_cash, transport_method, pet_owner, pet_name, bid_status, feedback, rating) VALUES ('Margarette_Graham@gmail.com', 11, '2020-11-21T17:18:20.731Z', '2020-11-28T17:09:54.762Z', true, 'pickup', 'Gudrun38@yahoo.com', 'Wallace', 'submitted', NULL, NULL);
INSERT INTO bid (ct_email, ct_price, start_date, end_date, is_cash, transport_method, pet_owner, pet_name, bid_status, feedback, rating) VALUES ('Ceasar.Friesen63@yahoo.com', 5, '2020-11-21T17:18:20.731Z', '2020-11-28T17:09:54.762Z', true, 'pickup', 'Kendrick41@hotmail.com', 'Agustina', 'submitted', NULL, NULL);
INSERT INTO bid (ct_email, ct_price, start_date, end_date, is_cash, transport_method, pet_owner, pet_name, bid_status, feedback, rating) VALUES ('Amara.Hoppe@yahoo.com', 15, '2020-11-21T17:18:20.731Z', '2020-11-28T17:09:54.762Z', true, 'pcs', 'Sheridan81@yahoo.com', 'Khalid', 'submitted', NULL, NULL);
INSERT INTO bid (ct_email, ct_price, start_date, end_date, is_cash, transport_method, pet_owner, pet_name, bid_status, feedback, rating) VALUES ('Bart.Strosin@gmail.com', 4, '2020-11-21T17:18:20.731Z', '2020-11-28T17:09:54.762Z', true, 'pcs', 'Marjory31@hotmail.com', 'Hertha', 'submitted', NULL, NULL);
INSERT INTO bid (ct_email, ct_price, start_date, end_date, is_cash, transport_method, pet_owner, pet_name, bid_status, feedback, rating) VALUES ('Julian.Lubowitz@gmail.com', 14, '2020-11-21T17:18:20.731Z', '2020-11-28T17:09:54.762Z', true, 'pickup', 'Sandy.Tremblay63@yahoo.com', 'Forrest', 'submitted', NULL, NULL);
INSERT INTO bid (ct_email, ct_price, start_date, end_date, is_cash, transport_method, pet_owner, pet_name, bid_status, feedback, rating) VALUES ('Sylvia80@yahoo.com', 11, '2020-11-21T17:18:20.731Z', '2020-11-28T17:09:54.762Z', true, 'pickup', 'Kip_Thiel70@yahoo.com', 'Ethel', 'submitted', NULL, NULL);
INSERT INTO bid (ct_email, ct_price, start_date, end_date, is_cash, transport_method, pet_owner, pet_name, bid_status, feedback, rating) VALUES ('Dominic_Koss85@yahoo.com', 8, '2020-11-21T17:18:20.731Z', '2020-11-28T17:09:54.762Z', true, 'pcs', 'Charlotte8@hotmail.com', 'Tristian', 'submitted', NULL, NULL);
INSERT INTO bid (ct_email, ct_price, start_date, end_date, is_cash, transport_method, pet_owner, pet_name, bid_status, feedback, rating) VALUES ('Art.Mante87@hotmail.com', 1, '2020-11-21T17:18:20.731Z', '2020-11-28T17:09:54.762Z', true, 'pickup', 'Elwyn.Hoeger89@gmail.com', 'Tyrell', 'submitted', NULL, NULL);
INSERT INTO bid (ct_email, ct_price, start_date, end_date, is_cash, transport_method, pet_owner, pet_name, bid_status, feedback, rating) VALUES ('Mandy_Bashirian74@hotmail.com', 2, '2020-11-21T17:18:20.731Z', '2020-11-28T17:09:54.762Z', true, 'pcs', 'Ashley_Brekke75@hotmail.com', 'Dimitri', 'submitted', NULL, NULL);
INSERT INTO bid (ct_email, ct_price, start_date, end_date, is_cash, transport_method, pet_owner, pet_name, bid_status, feedback, rating) VALUES ('Dante.Hudson@gmail.com', 5, '2020-11-21T17:18:20.731Z', '2020-11-28T17:09:54.762Z', true, 'pcs', 'Josh_Koelpin7@hotmail.com', 'Joanny', 'submitted', NULL, NULL);
INSERT INTO bid (ct_email, ct_price, start_date, end_date, is_cash, transport_method, pet_owner, pet_name, bid_status, feedback, rating) VALUES ('Ludwig_Hessel@yahoo.com', 18, '2020-11-21T17:18:20.731Z', '2020-11-28T17:09:54.762Z', true, 'pickup', 'Clinton_Bins@yahoo.com', 'Murphy', 'submitted', NULL, NULL);
INSERT INTO bid (ct_email, ct_price, start_date, end_date, is_cash, transport_method, pet_owner, pet_name, bid_status, feedback, rating) VALUES ('Ford52@gmail.com', 7, '2020-11-21T17:18:20.731Z', '2020-11-28T17:09:54.762Z', true, 'pcs', 'Alexandro63@yahoo.com', 'Nova', 'submitted', NULL, NULL);
INSERT INTO bid (ct_email, ct_price, start_date, end_date, is_cash, transport_method, pet_owner, pet_name, bid_status, feedback, rating) VALUES ('Kadin30@yahoo.com', 15, '2020-11-21T17:18:20.731Z', '2020-11-28T17:09:54.762Z', true, 'pcs', 'Geovanni.OKon@hotmail.com', 'Sonya', 'submitted', NULL, NULL);
INSERT INTO bid (ct_email, ct_price, start_date, end_date, is_cash, transport_method, pet_owner, pet_name, bid_status, feedback, rating) VALUES ('Herta20@hotmail.com', 3, '2020-11-21T17:18:20.731Z', '2020-11-28T17:09:54.762Z', true, 'pcs', 'Josue.Bartell@yahoo.com', 'Jamaal', 'submitted', NULL, NULL);
INSERT INTO bid (ct_email, ct_price, start_date, end_date, is_cash, transport_method, pet_owner, pet_name, bid_status, feedback, rating) VALUES ('Carlie_Erdman@hotmail.com', 17, '2020-11-21T17:18:20.731Z', '2020-11-28T17:09:54.762Z', true, 'pcs', 'Julien.Towne@gmail.com', 'Katlynn', 'submitted', NULL, NULL);
INSERT INTO bid (ct_email, ct_price, start_date, end_date, is_cash, transport_method, pet_owner, pet_name, bid_status, feedback, rating) VALUES ('Effie.Swift73@gmail.com', 18, '2020-11-21T17:18:20.731Z', '2020-11-28T17:09:54.762Z', true, 'pcs', 'Wyman.Bruen@yahoo.com', 'Nash', 'submitted', NULL, NULL);
INSERT INTO bid (ct_email, ct_price, start_date, end_date, is_cash, transport_method, pet_owner, pet_name, bid_status, feedback, rating) VALUES ('Viviane41@hotmail.com', 10, '2020-11-21T17:18:20.731Z', '2020-11-28T17:09:54.762Z', true, 'delivery', 'Sigurd.Walter@gmail.com', 'Trisha', 'submitted', NULL, NULL);
INSERT INTO bid (ct_email, ct_price, start_date, end_date, is_cash, transport_method, pet_owner, pet_name, bid_status, feedback, rating) VALUES ('Maverick8@gmail.com', 0, '2020-11-21T17:18:20.731Z', '2020-11-28T17:09:54.762Z', true, 'delivery', 'Montana_Osinski@yahoo.com', 'Vincenza', 'submitted', NULL, NULL);
INSERT INTO bid (ct_email, ct_price, start_date, end_date, is_cash, transport_method, pet_owner, pet_name, bid_status, feedback, rating) VALUES ('Julien15@hotmail.com', 2, '2020-11-21T17:18:20.731Z', '2020-11-28T17:09:54.762Z', true, 'pickup', 'Dorothy_Kuhn82@yahoo.com', 'Liana', 'submitted', NULL, NULL);
INSERT INTO bid (ct_email, ct_price, start_date, end_date, is_cash, transport_method, pet_owner, pet_name, bid_status, feedback, rating) VALUES ('Percy_Langworth60@hotmail.com', 1, '2020-11-21T17:18:20.731Z', '2020-11-28T17:09:54.762Z', true, 'pcs', 'Dorothy.Muller@yahoo.com', 'Nya', 'submitted', NULL, NULL);
INSERT INTO bid (ct_email, ct_price, start_date, end_date, is_cash, transport_method, pet_owner, pet_name, bid_status, feedback, rating) VALUES ('Keagan28@gmail.com', 11, '2020-11-21T17:18:20.731Z', '2020-11-28T17:09:54.762Z', true, 'pcs', 'Trever60@hotmail.com', 'Chase', 'submitted', NULL, NULL);
INSERT INTO bid (ct_email, ct_price, start_date, end_date, is_cash, transport_method, pet_owner, pet_name, bid_status, feedback, rating) VALUES ('Amari58@hotmail.com', 10, '2020-11-21T17:18:20.731Z', '2020-11-28T17:09:54.762Z', true, 'pcs', 'Tomasa75@hotmail.com', 'Delilah', 'submitted', NULL, NULL);
INSERT INTO bid (ct_email, ct_price, start_date, end_date, is_cash, transport_method, pet_owner, pet_name, bid_status, feedback, rating) VALUES ('Vesta.Gislason90@yahoo.com', 6, '2020-11-21T17:18:20.731Z', '2020-11-28T17:09:54.762Z', true, 'pcs', 'Francis.Tillman92@yahoo.com', 'Ford', 'submitted', NULL, NULL);
INSERT INTO bid (ct_email, ct_price, start_date, end_date, is_cash, transport_method, pet_owner, pet_name, bid_status, feedback, rating) VALUES ('Ford_Price@hotmail.com', 1, '2020-11-21T17:18:20.731Z', '2020-11-28T17:09:54.762Z', true, 'delivery', 'Alverta40@gmail.com', 'Tina', 'submitted', NULL, NULL);
INSERT INTO bid (ct_email, ct_price, start_date, end_date, is_cash, transport_method, pet_owner, pet_name, bid_status, feedback, rating) VALUES ('Dylan.Franecki95@gmail.com', 2, '2020-11-21T17:18:20.731Z', '2020-11-28T17:09:54.762Z', true, 'pcs', 'Silas_Hahn77@hotmail.com', 'Gino', 'submitted', NULL, NULL);
INSERT INTO bid (ct_email, ct_price, start_date, end_date, is_cash, transport_method, pet_owner, pet_name, bid_status, feedback, rating) VALUES ('Jovany64@hotmail.com', 14, '2020-11-21T17:18:20.731Z', '2020-11-28T17:09:54.762Z', true, 'pcs', 'Kasey32@gmail.com', 'Meta', 'submitted', NULL, NULL);
INSERT INTO bid (ct_email, ct_price, start_date, end_date, is_cash, transport_method, pet_owner, pet_name, bid_status, feedback, rating) VALUES ('Edd45@gmail.com', 20, '2020-11-21T17:18:20.731Z', '2020-11-28T17:09:54.762Z', true, 'pickup', 'Estella89@yahoo.com', 'Daniela', 'submitted', NULL, NULL);
INSERT INTO bid (ct_email, ct_price, start_date, end_date, is_cash, transport_method, pet_owner, pet_name, bid_status, feedback, rating) VALUES ('Cheyanne_Cronin97@gmail.com', 4, '2020-11-21T17:18:20.731Z', '2020-11-28T17:09:54.762Z', true, 'delivery', 'Fiona_Wiza13@gmail.com', 'Tia', 'submitted', NULL, NULL);
INSERT INTO bid (ct_email, ct_price, start_date, end_date, is_cash, transport_method, pet_owner, pet_name, bid_status, feedback, rating) VALUES ('Eldora_Schneider@yahoo.com', 7, '2020-11-21T17:18:20.731Z', '2020-11-28T17:09:54.762Z', true, 'pickup', 'Otis.Lubowitz47@hotmail.com', 'Ferne', 'submitted', NULL, NULL);
INSERT INTO bid (ct_email, ct_price, start_date, end_date, is_cash, transport_method, pet_owner, pet_name, bid_status, feedback, rating) VALUES ('Everett_Krajcik@gmail.com', 15, '2020-11-21T17:18:20.731Z', '2020-11-28T17:09:54.762Z', true, 'pickup', 'Reynold14@gmail.com', 'Warren', 'submitted', NULL, NULL);
INSERT INTO bid (ct_email, ct_price, start_date, end_date, is_cash, transport_method, pet_owner, pet_name, bid_status, feedback, rating) VALUES ('Alex_Runolfsson@gmail.com', 14, '2020-11-21T17:18:20.731Z', '2020-11-28T17:09:54.762Z', true, 'pcs', 'Stefanie_Roob17@gmail.com', 'Everette', 'submitted', NULL, NULL);
INSERT INTO bid (ct_email, ct_price, start_date, end_date, is_cash, transport_method, pet_owner, pet_name, bid_status, feedback, rating) VALUES ('Ethelyn41@hotmail.com', 9, '2020-11-21T17:18:20.731Z', '2020-11-28T17:09:54.762Z', true, 'pcs', 'Oleta45@hotmail.com', 'Roscoe', 'submitted', NULL, NULL);
INSERT INTO bid (ct_email, ct_price, start_date, end_date, is_cash, transport_method, pet_owner, pet_name, bid_status, feedback, rating) VALUES ('Grayson.Huels@yahoo.com', 7, '2020-11-21T17:18:20.731Z', '2020-11-28T17:09:54.762Z', true, 'pickup', 'Lue17@hotmail.com', 'Kailyn', 'submitted', NULL, NULL);
INSERT INTO bid (ct_email, ct_price, start_date, end_date, is_cash, transport_method, pet_owner, pet_name, bid_status, feedback, rating) VALUES ('Angela_Heaney@gmail.com', 5, '2020-11-21T17:18:20.731Z', '2020-11-28T17:09:54.762Z', true, 'pcs', 'Everett_Krajcik@gmail.com', 'Lora', 'submitted', NULL, NULL);
INSERT INTO bid (ct_email, ct_price, start_date, end_date, is_cash, transport_method, pet_owner, pet_name, bid_status, feedback, rating) VALUES ('Wendy67@yahoo.com', 15, '2020-11-21T17:18:20.731Z', '2020-11-28T17:09:54.762Z', true, 'pcs', 'Vincent_Deckow88@gmail.com', 'Raoul', 'submitted', NULL, NULL);
INSERT INTO bid (ct_email, ct_price, start_date, end_date, is_cash, transport_method, pet_owner, pet_name, bid_status, feedback, rating) VALUES ('Natalia_Pfeffer68@hotmail.com', 11, '2020-11-21T17:18:20.731Z', '2020-11-28T17:09:54.762Z', true, 'pcs', 'Christiana_OConner19@hotmail.com', 'Cecelia', 'submitted', NULL, NULL);
INSERT INTO bid (ct_email, ct_price, start_date, end_date, is_cash, transport_method, pet_owner, pet_name, bid_status, feedback, rating) VALUES ('Meredith_Heidenreich@gmail.com', 6, '2020-11-21T17:18:20.731Z', '2020-11-28T17:09:54.762Z', true, 'delivery', 'Royce84@gmail.com', 'Reba', 'submitted', NULL, NULL);
INSERT INTO bid (ct_email, ct_price, start_date, end_date, is_cash, transport_method, pet_owner, pet_name, bid_status, feedback, rating) VALUES ('Newton_Monahan@gmail.com', 17, '2020-11-21T17:18:20.731Z', '2020-11-28T17:09:54.762Z', true, 'pcs', 'Domenica_Ondricka1@gmail.com', 'Lilliana', 'submitted', NULL, NULL);
INSERT INTO bid (ct_email, ct_price, start_date, end_date, is_cash, transport_method, pet_owner, pet_name, bid_status, feedback, rating) VALUES ('Curtis81@hotmail.com', 18, '2020-11-21T17:18:20.731Z', '2020-11-28T17:09:54.762Z', true, 'pickup', 'Tristian_Heller31@yahoo.com', 'Stanford', 'submitted', NULL, NULL);
INSERT INTO bid (ct_email, ct_price, start_date, end_date, is_cash, transport_method, pet_owner, pet_name, bid_status, feedback, rating) VALUES ('Octavia.Block61@yahoo.com', 18, '2020-11-21T17:18:20.731Z', '2020-11-28T17:09:54.762Z', true, 'pcs', 'Miguel35@hotmail.com', 'Ara', 'submitted', NULL, NULL);
INSERT INTO bid (ct_email, ct_price, start_date, end_date, is_cash, transport_method, pet_owner, pet_name, bid_status, feedback, rating) VALUES ('Viviane_Borer14@hotmail.com', 16, '2020-11-21T17:18:20.731Z', '2020-11-28T17:09:54.762Z', true, 'pcs', 'Rebecca20@yahoo.com', 'Miguel', 'submitted', NULL, NULL);
INSERT INTO bid (ct_email, ct_price, start_date, end_date, is_cash, transport_method, pet_owner, pet_name, bid_status, feedback, rating) VALUES ('Shyann_Roberts@yahoo.com', 11, '2020-11-21T17:18:20.731Z', '2020-11-28T17:09:54.762Z', true, 'pickup', 'Domenick.Lesch54@yahoo.com', 'Elwin', 'submitted', NULL, NULL);
INSERT INTO bid (ct_email, ct_price, start_date, end_date, is_cash, transport_method, pet_owner, pet_name, bid_status, feedback, rating) VALUES ('Lyric.Feest25@yahoo.com', 14, '2020-11-21T17:18:20.731Z', '2020-11-28T17:09:54.762Z', true, 'delivery', 'Darryl_Ward@hotmail.com', 'Elmira', 'submitted', NULL, NULL);
INSERT INTO bid (ct_email, ct_price, start_date, end_date, is_cash, transport_method, pet_owner, pet_name, bid_status, feedback, rating) VALUES ('Cary79@hotmail.com', 19, '2020-11-21T17:18:20.731Z', '2020-11-28T17:09:54.762Z', true, 'pickup', 'Bartholome.Schowalter@yahoo.com', 'Tatum', 'submitted', NULL, NULL);
INSERT INTO bid (ct_email, ct_price, start_date, end_date, is_cash, transport_method, pet_owner, pet_name, bid_status, feedback, rating) VALUES ('Stanton_Rath8@yahoo.com', 11, '2020-11-21T17:18:20.731Z', '2020-11-28T17:09:54.762Z', true, 'pickup', 'Donato99@gmail.com', 'Dominic', 'submitted', NULL, NULL);
INSERT INTO bid (ct_email, ct_price, start_date, end_date, is_cash, transport_method, pet_owner, pet_name, bid_status, feedback, rating) VALUES ('Breanna_Swaniawski58@gmail.com', 20, '2020-11-21T17:18:20.731Z', '2020-11-28T17:09:54.762Z', true, 'delivery', 'Joe27@gmail.com', 'Layla', 'submitted', NULL, NULL);
INSERT INTO bid (ct_email, ct_price, start_date, end_date, is_cash, transport_method, pet_owner, pet_name, bid_status, feedback, rating) VALUES ('Olga.Crist40@gmail.com', 7, '2020-11-21T17:18:20.731Z', '2020-11-28T17:09:54.762Z', true, 'delivery', 'Rossie.Heidenreich65@gmail.com', 'Hester', 'submitted', NULL, NULL);
INSERT INTO bid (ct_email, ct_price, start_date, end_date, is_cash, transport_method, pet_owner, pet_name, bid_status, feedback, rating) VALUES ('Tobin67@gmail.com', 20, '2020-11-21T17:18:20.731Z', '2020-11-28T17:09:54.762Z', true, 'pickup', 'Kathlyn84@gmail.com', 'Victoria', 'submitted', NULL, NULL);
INSERT INTO bid (ct_email, ct_price, start_date, end_date, is_cash, transport_method, pet_owner, pet_name, bid_status, feedback, rating) VALUES ('Antoinette44@hotmail.com', 11, '2020-11-21T17:18:20.731Z', '2020-11-28T17:09:54.762Z', true, 'pickup', 'Grayson.Huels@yahoo.com', 'Esther', 'submitted', NULL, NULL);
INSERT INTO bid (ct_email, ct_price, start_date, end_date, is_cash, transport_method, pet_owner, pet_name, bid_status, feedback, rating) VALUES ('Keith.Wisoky74@gmail.com', 9, '2020-11-21T17:18:20.731Z', '2020-11-28T17:09:54.762Z', true, 'delivery', 'Charley_Murray79@yahoo.com', 'Pierre', 'submitted', NULL, NULL);
INSERT INTO bid (ct_email, ct_price, start_date, end_date, is_cash, transport_method, pet_owner, pet_name, bid_status, feedback, rating) VALUES ('Marianne.Predovic99@gmail.com', 3, '2020-11-21T17:18:20.731Z', '2020-11-28T17:09:54.762Z', true, 'delivery', 'Natalia_Stoltenberg3@hotmail.com', 'Luther', 'submitted', NULL, NULL);
INSERT INTO bid (ct_email, ct_price, start_date, end_date, is_cash, transport_method, pet_owner, pet_name, bid_status, feedback, rating) VALUES ('Turner.Shields76@yahoo.com', 13, '2020-11-21T17:18:20.731Z', '2020-11-28T17:09:54.762Z', true, 'delivery', 'Eveline.Bergstrom@hotmail.com', 'Cristal', 'submitted', NULL, NULL);
INSERT INTO bid (ct_email, ct_price, start_date, end_date, is_cash, transport_method, pet_owner, pet_name, bid_status, feedback, rating) VALUES ('Kellie69@gmail.com', 13, '2020-11-21T17:18:20.731Z', '2020-11-28T17:09:54.762Z', true, 'pcs', 'Cathrine34@gmail.com', 'Joshuah', 'submitted', NULL, NULL);
INSERT INTO bid (ct_email, ct_price, start_date, end_date, is_cash, transport_method, pet_owner, pet_name, bid_status, feedback, rating) VALUES ('Milford_Rath@yahoo.com', 8, '2020-11-21T17:18:20.731Z', '2020-11-28T17:09:54.762Z', true, 'pcs', 'Keenan.Grady80@hotmail.com', 'Esteban', 'submitted', NULL, NULL);
INSERT INTO bid (ct_email, ct_price, start_date, end_date, is_cash, transport_method, pet_owner, pet_name, bid_status, feedback, rating) VALUES ('Rosalia.Crona@hotmail.com', 16, '2020-11-21T17:18:20.731Z', '2020-11-28T17:09:54.762Z', true, 'delivery', 'Crawford23@yahoo.com', 'Cindy', 'submitted', NULL, NULL);
INSERT INTO bid (ct_email, ct_price, start_date, end_date, is_cash, transport_method, pet_owner, pet_name, bid_status, feedback, rating) VALUES ('German_Frami83@gmail.com', 17, '2020-11-21T17:18:20.731Z', '2020-11-28T17:09:54.762Z', true, 'pickup', 'Ada18@gmail.com', 'Dakota', 'submitted', NULL, NULL);
INSERT INTO bid (ct_email, ct_price, start_date, end_date, is_cash, transport_method, pet_owner, pet_name, bid_status, feedback, rating) VALUES ('Darryl_Ward@hotmail.com', 20, '2020-11-21T17:18:20.731Z', '2020-11-28T17:09:54.762Z', true, 'pickup', 'Tony_Huel45@hotmail.com', 'Robyn', 'submitted', NULL, NULL);
INSERT INTO bid (ct_email, ct_price, start_date, end_date, is_cash, transport_method, pet_owner, pet_name, bid_status, feedback, rating) VALUES ('Bennett6@gmail.com', 4, '2020-11-21T17:18:20.731Z', '2020-11-28T17:09:54.762Z', true, 'pickup', 'Katrina_Kutch@yahoo.com', 'Leonora', 'submitted', NULL, NULL);
INSERT INTO bid (ct_email, ct_price, start_date, end_date, is_cash, transport_method, pet_owner, pet_name, bid_status, feedback, rating) VALUES ('Adella_Predovic@yahoo.com', 19, '2020-11-21T17:18:20.731Z', '2020-11-28T17:09:54.762Z', true, 'pickup', 'Myah_Walsh@gmail.com', 'Elvis', 'submitted', NULL, NULL);
INSERT INTO bid (ct_email, ct_price, start_date, end_date, is_cash, transport_method, pet_owner, pet_name, bid_status, feedback, rating) VALUES ('Janet.Rosenbaum81@gmail.com', 20, '2020-11-21T17:18:20.731Z', '2020-11-28T17:09:54.762Z', true, 'pickup', 'Gail_Weissnat@yahoo.com', 'Cletus', 'submitted', NULL, NULL);
INSERT INTO bid (ct_email, ct_price, start_date, end_date, is_cash, transport_method, pet_owner, pet_name, bid_status, feedback, rating) VALUES ('Tatyana_Kozey32@gmail.com', 4, '2020-11-21T17:18:20.731Z', '2020-11-28T17:09:54.762Z', true, 'pcs', 'Vilma.Schneider91@gmail.com', 'Laisha', 'submitted', NULL, NULL);
INSERT INTO bid (ct_email, ct_price, start_date, end_date, is_cash, transport_method, pet_owner, pet_name, bid_status, feedback, rating) VALUES ('Terrence_Will@gmail.com', 17, '2020-11-21T17:18:20.731Z', '2020-11-28T17:09:54.762Z', true, 'pcs', 'Hobart.Windler@hotmail.com', 'Emil', 'submitted', NULL, NULL);
INSERT INTO bid (ct_email, ct_price, start_date, end_date, is_cash, transport_method, pet_owner, pet_name, bid_status, feedback, rating) VALUES ('Katrina43@hotmail.com', 15, '2020-11-21T17:18:20.731Z', '2020-11-28T17:09:54.762Z', true, 'pcs', 'Margarita.Hermiston@yahoo.com', 'Sophie', 'submitted', NULL, NULL);
INSERT INTO bid (ct_email, ct_price, start_date, end_date, is_cash, transport_method, pet_owner, pet_name, bid_status, feedback, rating) VALUES ('Amalia_Miller@yahoo.com', 4, '2020-11-21T17:18:20.731Z', '2020-11-28T17:09:54.762Z', true, 'delivery', 'Vernice.Bogan31@yahoo.com', 'Noemie', 'submitted', NULL, NULL);
INSERT INTO bid (ct_email, ct_price, start_date, end_date, is_cash, transport_method, pet_owner, pet_name, bid_status, feedback, rating) VALUES ('Jovany.Will@gmail.com', 7, '2020-11-21T17:18:20.731Z', '2020-11-28T17:09:54.762Z', true, 'delivery', 'Fanny_Weimann@yahoo.com', 'Jermain', 'submitted', NULL, NULL);
INSERT INTO bid (ct_email, ct_price, start_date, end_date, is_cash, transport_method, pet_owner, pet_name, bid_status, feedback, rating) VALUES ('Liliana77@gmail.com', 4, '2020-11-21T17:18:20.731Z', '2020-11-28T17:09:54.762Z', true, 'pcs', 'Juliana87@hotmail.com', 'London', 'submitted', NULL, NULL);
INSERT INTO bid (ct_email, ct_price, start_date, end_date, is_cash, transport_method, pet_owner, pet_name, bid_status, feedback, rating) VALUES ('William_McLaughlin@gmail.com', 5, '2020-11-21T17:18:20.731Z', '2020-11-28T17:09:54.762Z', true, 'pcs', 'Savannah33@gmail.com', 'Mavis', 'submitted', NULL, NULL);
INSERT INTO bid (ct_email, ct_price, start_date, end_date, is_cash, transport_method, pet_owner, pet_name, bid_status, feedback, rating) VALUES ('Savannah33@gmail.com', 16, '2020-11-21T17:18:20.731Z', '2020-11-28T17:09:54.762Z', true, 'pickup', 'Mariano54@gmail.com', 'Josefa', 'submitted', NULL, NULL);
INSERT INTO bid (ct_email, ct_price, start_date, end_date, is_cash, transport_method, pet_owner, pet_name, bid_status, feedback, rating) VALUES ('Chadd87@yahoo.com', 5, '2020-11-21T17:18:20.731Z', '2020-11-28T17:09:54.762Z', true, 'pickup', 'Thad_Lueilwitz@yahoo.com', 'Trinity', 'submitted', NULL, NULL);
INSERT INTO bid (ct_email, ct_price, start_date, end_date, is_cash, transport_method, pet_owner, pet_name, bid_status, feedback, rating) VALUES ('Reggie.Cormier0@yahoo.com', 8, '2020-11-21T17:18:20.731Z', '2020-11-28T17:09:54.762Z', true, 'pcs', 'Rickey34@yahoo.com', 'Cristian', 'submitted', NULL, NULL);
INSERT INTO bid (ct_email, ct_price, start_date, end_date, is_cash, transport_method, pet_owner, pet_name, bid_status, feedback, rating) VALUES ('Fanny_Weimann@yahoo.com', 13, '2020-11-21T17:18:20.731Z', '2020-11-28T17:09:54.762Z', true, 'pcs', 'Jamaal.Jacobs38@hotmail.com', 'Glennie', 'submitted', NULL, NULL);
INSERT INTO bid (ct_email, ct_price, start_date, end_date, is_cash, transport_method, pet_owner, pet_name, bid_status, feedback, rating) VALUES ('Halie49@hotmail.com', 14, '2020-11-21T17:18:20.731Z', '2020-11-28T17:09:54.762Z', true, 'pickup', 'Dalton38@gmail.com', 'Axel', 'submitted', NULL, NULL);
INSERT INTO bid (ct_email, ct_price, start_date, end_date, is_cash, transport_method, pet_owner, pet_name, bid_status, feedback, rating) VALUES ('Alison_Jaskolski@hotmail.com', 17, '2020-11-21T17:18:20.731Z', '2020-11-28T17:09:54.762Z', true, 'pickup', 'Antonia.Gleason20@yahoo.com', 'Paolo', 'submitted', NULL, NULL);
INSERT INTO bid (ct_email, ct_price, start_date, end_date, is_cash, transport_method, pet_owner, pet_name, bid_status, feedback, rating) VALUES ('Bradford31@hotmail.com', 5, '2020-11-21T17:18:20.731Z', '2020-11-28T17:09:54.762Z', true, 'delivery', 'Charles.Mueller@gmail.com', 'Flavio', 'submitted', NULL, NULL);
INSERT INTO bid (ct_email, ct_price, start_date, end_date, is_cash, transport_method, pet_owner, pet_name, bid_status, feedback, rating) VALUES ('Edgar.Armstrong@yahoo.com', 0, '2020-11-21T17:18:20.731Z', '2020-11-28T17:09:54.762Z', true, 'delivery', 'Leta_Crona@yahoo.com', 'Jeanne', 'submitted', NULL, NULL);
INSERT INTO bid (ct_email, ct_price, start_date, end_date, is_cash, transport_method, pet_owner, pet_name, bid_status, feedback, rating) VALUES ('Dario_Bartell97@hotmail.com', 20, '2020-11-21T17:18:20.731Z', '2020-11-28T17:09:54.762Z', true, 'pickup', 'Alex_Runolfsson@gmail.com', 'Frederik', 'submitted', NULL, NULL);
INSERT INTO bid (ct_email, ct_price, start_date, end_date, is_cash, transport_method, pet_owner, pet_name, bid_status, feedback, rating) VALUES ('Carissa.Lehner38@gmail.com', 6, '2020-11-21T17:18:20.731Z', '2020-11-28T17:09:54.762Z', true, 'pcs', 'Shannon9@hotmail.com', 'Thurman', 'submitted', NULL, NULL);
INSERT INTO bid (ct_email, ct_price, start_date, end_date, is_cash, transport_method, pet_owner, pet_name, bid_status, feedback, rating) VALUES ('Zackary38@gmail.com', 4, '2020-11-21T17:18:20.731Z', '2020-11-28T17:09:54.762Z', true, 'pcs', 'Roselyn.Sawayn@hotmail.com', 'Gabriella', 'submitted', NULL, NULL);
INSERT INTO bid (ct_email, ct_price, start_date, end_date, is_cash, transport_method, pet_owner, pet_name, bid_status, feedback, rating) VALUES ('Kasey32@gmail.com', 17, '2020-11-21T17:18:20.731Z', '2020-11-28T17:09:54.762Z', true, 'pickup', 'Creola_Powlowski43@gmail.com', 'Allene', 'submitted', NULL, NULL);
INSERT INTO bid (ct_email, ct_price, start_date, end_date, is_cash, transport_method, pet_owner, pet_name, bid_status, feedback, rating) VALUES ('Selina_Labadie82@gmail.com', 9, '2020-11-21T17:18:20.731Z', '2020-11-28T17:09:54.762Z', true, 'pickup', 'Delfina.Sipes@hotmail.com', 'Jeffry', 'submitted', NULL, NULL);
INSERT INTO bid (ct_email, ct_price, start_date, end_date, is_cash, transport_method, pet_owner, pet_name, bid_status, feedback, rating) VALUES ('Jena.Heathcote@yahoo.com', 6, '2020-11-21T17:18:20.731Z', '2020-11-28T17:09:54.762Z', true, 'pcs', 'Kailey86@yahoo.com', 'Golda', 'submitted', NULL, NULL);
INSERT INTO bid (ct_email, ct_price, start_date, end_date, is_cash, transport_method, pet_owner, pet_name, bid_status, feedback, rating) VALUES ('Pearlie_Koch1@yahoo.com', 3, '2020-11-21T17:18:20.731Z', '2020-11-28T17:09:54.762Z', true, 'pickup', 'Asha_Okuneva52@gmail.com', 'Dortha', 'submitted', NULL, NULL);
INSERT INTO bid (ct_email, ct_price, start_date, end_date, is_cash, transport_method, pet_owner, pet_name, bid_status, feedback, rating) VALUES ('Emmanuelle_Christiansen20@yahoo.com', 15, '2020-11-21T17:18:20.731Z', '2020-11-28T17:09:54.762Z', true, 'delivery', 'Naomi_Abbott67@gmail.com', 'Hyman', 'submitted', NULL, NULL);
INSERT INTO bid (ct_email, ct_price, start_date, end_date, is_cash, transport_method, pet_owner, pet_name, bid_status, feedback, rating) VALUES ('Shakira.Gusikowski@gmail.com', 11, '2020-11-21T17:18:20.731Z', '2020-11-28T17:09:54.762Z', true, 'pickup', 'Jensen.Baumbach73@gmail.com', 'Mike', 'submitted', NULL, NULL);
INSERT INTO bid (ct_email, ct_price, start_date, end_date, is_cash, transport_method, pet_owner, pet_name, bid_status, feedback, rating) VALUES ('Trever60@hotmail.com', 13, '2020-11-21T17:18:20.731Z', '2020-11-28T17:09:54.762Z', true, 'delivery', 'Kailey72@yahoo.com', 'Leonie', 'submitted', NULL, NULL);
INSERT INTO bid (ct_email, ct_price, start_date, end_date, is_cash, transport_method, pet_owner, pet_name, bid_status, feedback, rating) VALUES ('Meta_Thompson@hotmail.com', 16, '2020-11-21T17:18:20.731Z', '2020-11-28T17:09:54.762Z', true, 'pcs', 'Dylan9@hotmail.com', 'Theron', 'submitted', NULL, NULL);
INSERT INTO bid (ct_email, ct_price, start_date, end_date, is_cash, transport_method, pet_owner, pet_name, bid_status, feedback, rating) VALUES ('Royce84@gmail.com', 13, '2020-11-21T17:18:20.731Z', '2020-11-28T17:09:54.762Z', true, 'delivery', 'Jovany64@hotmail.com', 'Alize', 'submitted', NULL, NULL);
INSERT INTO bid (ct_email, ct_price, start_date, end_date, is_cash, transport_method, pet_owner, pet_name, bid_status, feedback, rating) VALUES ('Cristobal_Turner@gmail.com', 10, '2020-11-21T17:18:20.731Z', '2020-11-28T17:09:54.762Z', true, 'pickup', 'Erika_OHara@gmail.com', 'Elna', 'submitted', NULL, NULL);
INSERT INTO bid (ct_email, ct_price, start_date, end_date, is_cash, transport_method, pet_owner, pet_name, bid_status, feedback, rating) VALUES ('Lee89@hotmail.com', 11, '2020-11-21T17:18:20.731Z', '2020-11-28T17:09:54.762Z', true, 'pickup', 'Josiah59@yahoo.com', 'Nicklaus', 'submitted', NULL, NULL);
INSERT INTO bid (ct_email, ct_price, start_date, end_date, is_cash, transport_method, pet_owner, pet_name, bid_status, feedback, rating) VALUES ('Gregory38@gmail.com', 19, '2020-11-21T17:18:20.731Z', '2020-11-28T17:09:54.762Z', true, 'delivery', 'Bart_Glover@yahoo.com', 'Sigmund', 'submitted', NULL, NULL);
INSERT INTO bid (ct_email, ct_price, start_date, end_date, is_cash, transport_method, pet_owner, pet_name, bid_status, feedback, rating) VALUES ('Nakia_Schamberger38@gmail.com', 0, '2020-11-21T17:18:20.731Z', '2020-11-28T17:09:54.762Z', true, 'delivery', 'Kyler32@hotmail.com', 'Marcellus', 'submitted', NULL, NULL);
INSERT INTO bid (ct_email, ct_price, start_date, end_date, is_cash, transport_method, pet_owner, pet_name, bid_status, feedback, rating) VALUES ('Mariela.Huels59@hotmail.com', 11, '2020-11-21T17:18:20.731Z', '2020-11-28T17:09:54.762Z', true, 'pcs', 'Tyrel_Murazik@gmail.com', 'Shannon', 'submitted', NULL, NULL);
INSERT INTO bid (ct_email, ct_price, start_date, end_date, is_cash, transport_method, pet_owner, pet_name, bid_status, feedback, rating) VALUES ('Tristian_Heller31@yahoo.com', 8, '2020-11-21T17:18:20.731Z', '2020-11-28T17:09:54.762Z', true, 'delivery', 'Carole81@yahoo.com', 'Shyann', 'submitted', NULL, NULL);
INSERT INTO bid (ct_email, ct_price, start_date, end_date, is_cash, transport_method, pet_owner, pet_name, bid_status, feedback, rating) VALUES ('Helene.Abshire36@hotmail.com', 8, '2020-11-21T17:18:20.731Z', '2020-11-28T17:09:54.762Z', true, 'pickup', 'Schuyler48@yahoo.com', 'Larue', 'submitted', NULL, NULL);
INSERT INTO bid (ct_email, ct_price, start_date, end_date, is_cash, transport_method, pet_owner, pet_name, bid_status, feedback, rating) VALUES ('Lincoln_Murphy66@gmail.com', 1, '2020-11-21T17:18:20.731Z', '2020-11-28T17:09:54.762Z', true, 'delivery', 'Angelica.Schinner@hotmail.com', 'Hollis', 'submitted', NULL, NULL);
INSERT INTO bid (ct_email, ct_price, start_date, end_date, is_cash, transport_method, pet_owner, pet_name, bid_status, feedback, rating) VALUES ('Lula34@yahoo.com', 5, '2020-11-21T17:18:20.731Z', '2020-11-28T17:09:54.762Z', true, 'pickup', 'Vincent16@hotmail.com', 'Flavio', 'submitted', NULL, NULL);
INSERT INTO bid (ct_email, ct_price, start_date, end_date, is_cash, transport_method, pet_owner, pet_name, bid_status, feedback, rating) VALUES ('Hilbert_Casper80@yahoo.com', 1, '2020-11-21T17:18:20.731Z', '2020-11-28T17:09:54.762Z', true, 'pickup', 'Maia.Labadie7@hotmail.com', 'Chet', 'submitted', NULL, NULL);
INSERT INTO bid (ct_email, ct_price, start_date, end_date, is_cash, transport_method, pet_owner, pet_name, bid_status, feedback, rating) VALUES ('Angeline.Wiza46@hotmail.com', 0, '2020-11-21T17:18:20.731Z', '2020-11-28T17:09:54.762Z', true, 'delivery', 'Shakira.Gusikowski@gmail.com', 'Brendan', 'submitted', NULL, NULL);
INSERT INTO bid (ct_email, ct_price, start_date, end_date, is_cash, transport_method, pet_owner, pet_name, bid_status, feedback, rating) VALUES ('Kayleigh.Hane88@yahoo.com', 3, '2020-11-21T17:18:20.731Z', '2020-11-28T17:09:54.762Z', true, 'delivery', 'Ilene_McCullough@gmail.com', 'Francisco', 'submitted', NULL, NULL);
INSERT INTO bid (ct_email, ct_price, start_date, end_date, is_cash, transport_method, pet_owner, pet_name, bid_status, feedback, rating) VALUES ('Toby.Rowe@yahoo.com', 17, '2020-11-21T17:18:20.731Z', '2020-11-28T17:09:54.762Z', true, 'pcs', 'Lucio76@gmail.com', 'Gay', 'submitted', NULL, NULL);
INSERT INTO bid (ct_email, ct_price, start_date, end_date, is_cash, transport_method, pet_owner, pet_name, bid_status, feedback, rating) VALUES ('Leta_Crona@yahoo.com', 20, '2020-11-21T17:18:20.731Z', '2020-11-28T17:09:54.762Z', true, 'pickup', 'Jalen.Kunde45@hotmail.com', 'Gudrun', 'submitted', NULL, NULL);
INSERT INTO bid (ct_email, ct_price, start_date, end_date, is_cash, transport_method, pet_owner, pet_name, bid_status, feedback, rating) VALUES ('Miller_Keebler@yahoo.com', 16, '2020-11-21T17:18:20.731Z', '2020-11-28T17:09:54.762Z', true, 'delivery', 'Mohamed_Kshlerin@hotmail.com', 'Pauline', 'submitted', NULL, NULL);
INSERT INTO bid (ct_email, ct_price, start_date, end_date, is_cash, transport_method, pet_owner, pet_name, bid_status, feedback, rating) VALUES ('Dangelo_Dietrich3@hotmail.com', 14, '2020-11-21T17:18:20.731Z', '2020-11-28T17:09:54.762Z', true, 'pickup', 'Bennett6@gmail.com', 'Maxie', 'submitted', NULL, NULL);
INSERT INTO bid (ct_email, ct_price, start_date, end_date, is_cash, transport_method, pet_owner, pet_name, bid_status, feedback, rating) VALUES ('Wilfredo_White42@hotmail.com', 17, '2020-11-21T17:18:20.731Z', '2020-11-28T17:09:54.762Z', true, 'delivery', 'Regan_Kuhic@yahoo.com', 'Schuyler', 'submitted', NULL, NULL);
INSERT INTO bid (ct_email, ct_price, start_date, end_date, is_cash, transport_method, pet_owner, pet_name, bid_status, feedback, rating) VALUES ('Dasia98@hotmail.com', 4, '2020-11-21T17:18:20.731Z', '2020-11-28T17:09:54.762Z', true, 'pickup', 'Torrance49@hotmail.com', 'Concepcion', 'submitted', NULL, NULL);
INSERT INTO bid (ct_email, ct_price, start_date, end_date, is_cash, transport_method, pet_owner, pet_name, bid_status, feedback, rating) VALUES ('Sheridan81@yahoo.com', 3, '2020-11-21T17:18:20.731Z', '2020-11-28T17:09:54.762Z', true, 'delivery', 'Jackson.Kirlin15@gmail.com', 'Thad', 'submitted', NULL, NULL);
INSERT INTO bid (ct_email, ct_price, start_date, end_date, is_cash, transport_method, pet_owner, pet_name, bid_status, feedback, rating) VALUES ('Domenick.Lesch54@yahoo.com', 6, '2020-11-21T17:18:20.731Z', '2020-11-28T17:09:54.762Z', true, 'delivery', 'Milford_Rath@yahoo.com', 'Princess', 'submitted', NULL, NULL);
INSERT INTO bid (ct_email, ct_price, start_date, end_date, is_cash, transport_method, pet_owner, pet_name, bid_status, feedback, rating) VALUES ('Cameron.Nader@hotmail.com', 12, '2020-11-21T17:18:20.731Z', '2020-11-28T17:09:54.762Z', true, 'pcs', 'Adan_Haley79@hotmail.com', 'Elmo', 'submitted', NULL, NULL);
INSERT INTO bid (ct_email, ct_price, start_date, end_date, is_cash, transport_method, pet_owner, pet_name, bid_status, feedback, rating) VALUES ('Stephany.Luettgen73@gmail.com', 6, '2020-11-21T17:18:20.731Z', '2020-11-28T17:09:54.762Z', true, 'pcs', 'Alessia88@hotmail.com', 'Myron', 'submitted', NULL, NULL);
INSERT INTO bid (ct_email, ct_price, start_date, end_date, is_cash, transport_method, pet_owner, pet_name, bid_status, feedback, rating) VALUES ('Luther_Goodwin38@yahoo.com', 17, '2020-11-21T17:18:20.731Z', '2020-11-28T17:09:54.762Z', true, 'pcs', 'Angie_Stanton@gmail.com', 'Laury', 'submitted', NULL, NULL);
INSERT INTO bid (ct_email, ct_price, start_date, end_date, is_cash, transport_method, pet_owner, pet_name, bid_status, feedback, rating) VALUES ('Alaina.Glover84@gmail.com', 7, '2020-11-21T17:18:20.731Z', '2020-11-28T17:09:54.762Z', true, 'delivery', 'Angela_Heaney@gmail.com', 'Kylie', 'submitted', NULL, NULL);
INSERT INTO bid (ct_email, ct_price, start_date, end_date, is_cash, transport_method, pet_owner, pet_name, bid_status, feedback, rating) VALUES ('Silas_Hahn77@hotmail.com', 14, '2020-11-21T17:18:20.731Z', '2020-11-28T17:09:54.762Z', true, 'delivery', 'Lupe_Hilll@gmail.com', 'Jaylan', 'submitted', NULL, NULL);
INSERT INTO bid (ct_email, ct_price, start_date, end_date, is_cash, transport_method, pet_owner, pet_name, bid_status, feedback, rating) VALUES ('Natalia_Stoltenberg3@hotmail.com', 6, '2020-11-21T17:18:20.731Z', '2020-11-28T17:09:54.762Z', true, 'pcs', 'Jesus.Haag@hotmail.com', 'Marielle', 'submitted', NULL, NULL);
INSERT INTO bid (ct_email, ct_price, start_date, end_date, is_cash, transport_method, pet_owner, pet_name, bid_status, feedback, rating) VALUES ('Ona.Schroeder@gmail.com', 8, '2020-11-21T17:18:20.731Z', '2020-11-28T17:09:54.762Z', true, 'pcs', 'Gracie_Moore13@gmail.com', 'Mariah', 'submitted', NULL, NULL);
INSERT INTO bid (ct_email, ct_price, start_date, end_date, is_cash, transport_method, pet_owner, pet_name, bid_status, feedback, rating) VALUES ('Josefa.Turcotte34@yahoo.com', 1, '2020-11-21T17:18:20.731Z', '2020-11-28T17:09:54.762Z', true, 'delivery', 'Bernardo64@gmail.com', 'Shanon', 'submitted', NULL, NULL);
INSERT INTO bid (ct_email, ct_price, start_date, end_date, is_cash, transport_method, pet_owner, pet_name, bid_status, feedback, rating) VALUES ('Randal_Bednar19@yahoo.com', 13, '2020-11-21T17:18:20.731Z', '2020-11-28T17:09:54.762Z', true, 'pcs', 'Henderson_Fritsch@hotmail.com', 'Weston', 'submitted', NULL, NULL);
INSERT INTO bid (ct_email, ct_price, start_date, end_date, is_cash, transport_method, pet_owner, pet_name, bid_status, feedback, rating) VALUES ('Christine.Schumm@hotmail.com', 3, '2020-11-21T17:18:20.731Z', '2020-11-28T17:09:54.762Z', true, 'delivery', 'Webster.Nitzsche50@gmail.com', 'Lester', 'submitted', NULL, NULL);
INSERT INTO bid (ct_email, ct_price, start_date, end_date, is_cash, transport_method, pet_owner, pet_name, bid_status, feedback, rating) VALUES ('Easter.Blanda@yahoo.com', 16, '2020-11-21T17:18:20.731Z', '2020-11-28T17:09:54.762Z', true, 'pickup', 'Kendra60@hotmail.com', 'Audrey', 'submitted', NULL, NULL);
INSERT INTO bid (ct_email, ct_price, start_date, end_date, is_cash, transport_method, pet_owner, pet_name, bid_status, feedback, rating) VALUES ('Earline38@yahoo.com', 5, '2020-11-21T17:18:20.731Z', '2020-11-28T17:09:54.762Z', true, 'delivery', 'Annetta_Schneider@yahoo.com', 'Earnestine', 'submitted', NULL, NULL);
INSERT INTO bid (ct_email, ct_price, start_date, end_date, is_cash, transport_method, pet_owner, pet_name, bid_status, feedback, rating) VALUES ('Chesley.Brekke@yahoo.com', 17, '2020-11-21T17:18:20.731Z', '2020-11-28T17:09:54.762Z', true, 'pcs', 'Seth.Rau@yahoo.com', 'Haleigh', 'submitted', NULL, NULL);
INSERT INTO bid (ct_email, ct_price, start_date, end_date, is_cash, transport_method, pet_owner, pet_name, bid_status, feedback, rating) VALUES ('Marcel37@yahoo.com', 5, '2020-11-21T17:18:20.731Z', '2020-11-28T17:09:54.762Z', true, 'delivery', 'Sarina42@gmail.com', 'Raegan', 'submitted', NULL, NULL);
INSERT INTO bid (ct_email, ct_price, start_date, end_date, is_cash, transport_method, pet_owner, pet_name, bid_status, feedback, rating) VALUES ('Vicente63@gmail.com', 1, '2020-11-21T17:18:20.731Z', '2020-11-28T17:09:54.762Z', true, 'pickup', 'Freddy.Kunze@yahoo.com', 'Orval', 'submitted', NULL, NULL);
INSERT INTO bid (ct_email, ct_price, start_date, end_date, is_cash, transport_method, pet_owner, pet_name, bid_status, feedback, rating) VALUES ('Dorothy.Muller@yahoo.com', 17, '2020-11-21T17:18:20.731Z', '2020-11-28T17:09:54.762Z', true, 'pickup', 'Abelardo98@gmail.com', 'Susie', 'submitted', NULL, NULL);
INSERT INTO bid (ct_email, ct_price, start_date, end_date, is_cash, transport_method, pet_owner, pet_name, bid_status, feedback, rating) VALUES ('Jany84@yahoo.com', 9, '2020-11-21T17:18:20.731Z', '2020-11-28T17:09:54.762Z', true, 'pcs', 'Lon.Hamill28@hotmail.com', 'Arthur', 'submitted', NULL, NULL);
INSERT INTO bid (ct_email, ct_price, start_date, end_date, is_cash, transport_method, pet_owner, pet_name, bid_status, feedback, rating) VALUES ('Willie_Kassulke@gmail.com', 13, '2020-11-21T17:18:20.731Z', '2020-11-28T17:09:54.762Z', true, 'delivery', 'Isom22@yahoo.com', 'Kendra', 'submitted', NULL, NULL);
INSERT INTO bid (ct_email, ct_price, start_date, end_date, is_cash, transport_method, pet_owner, pet_name, bid_status, feedback, rating) VALUES ('Gracie_Moore13@gmail.com', 3, '2020-11-21T17:18:20.731Z', '2020-11-28T17:09:54.762Z', true, 'pcs', 'Lucile.Dickinson@gmail.com', 'Eleazar', 'submitted', NULL, NULL);
INSERT INTO bid (ct_email, ct_price, start_date, end_date, is_cash, transport_method, pet_owner, pet_name, bid_status, feedback, rating) VALUES ('Ezekiel64@hotmail.com', 16, '2020-11-21T17:18:20.731Z', '2020-11-28T17:09:54.762Z', true, 'pcs', 'Jasen56@hotmail.com', 'Tomas', 'submitted', NULL, NULL);
INSERT INTO bid (ct_email, ct_price, start_date, end_date, is_cash, transport_method, pet_owner, pet_name, bid_status, feedback, rating) VALUES ('Warren.Anderson77@hotmail.com', 11, '2020-11-21T17:18:20.731Z', '2020-11-28T17:09:54.762Z', true, 'pcs', 'Jovanny43@yahoo.com', 'Archibald', 'submitted', NULL, NULL);
INSERT INTO bid (ct_email, ct_price, start_date, end_date, is_cash, transport_method, pet_owner, pet_name, bid_status, feedback, rating) VALUES ('Aglae_Windler@gmail.com', 17, '2020-11-21T17:18:20.731Z', '2020-11-28T17:09:54.762Z', true, 'delivery', 'Edmond_Romaguera@yahoo.com', 'Derrick', 'submitted', NULL, NULL);
INSERT INTO bid (ct_email, ct_price, start_date, end_date, is_cash, transport_method, pet_owner, pet_name, bid_status, feedback, rating) VALUES ('Leif_Gerhold64@yahoo.com', 12, '2020-11-21T17:18:20.731Z', '2020-11-28T17:09:54.762Z', true, 'pickup', 'Jany95@gmail.com', 'Johanna', 'submitted', NULL, NULL);
INSERT INTO bid (ct_email, ct_price, start_date, end_date, is_cash, transport_method, pet_owner, pet_name, bid_status, feedback, rating) VALUES ('Zoey87@yahoo.com', 15, '2020-11-21T17:18:20.731Z', '2020-11-28T17:09:54.762Z', true, 'pcs', 'Fay_Russel72@gmail.com', 'Jasmin', 'submitted', NULL, NULL);
INSERT INTO bid (ct_email, ct_price, start_date, end_date, is_cash, transport_method, pet_owner, pet_name, bid_status, feedback, rating) VALUES ('Kennith_Hane@gmail.com', 5, '2020-11-21T17:18:20.731Z', '2020-11-28T17:09:54.762Z', true, 'pcs', 'Joana4@hotmail.com', 'Alysa', 'submitted', NULL, NULL);
INSERT INTO bid (ct_email, ct_price, start_date, end_date, is_cash, transport_method, pet_owner, pet_name, bid_status, feedback, rating) VALUES ('Oscar0@yahoo.com', 5, '2020-11-21T17:18:20.731Z', '2020-11-28T17:09:54.762Z', true, 'pickup', 'Austen.Walker@gmail.com', 'Jarret', 'submitted', NULL, NULL);
INSERT INTO bid (ct_email, ct_price, start_date, end_date, is_cash, transport_method, pet_owner, pet_name, bid_status, feedback, rating) VALUES ('Alexandre47@gmail.com', 4, '2020-11-21T17:18:20.731Z', '2020-11-28T17:09:54.762Z', true, 'pcs', 'Eddie_Murray@gmail.com', 'Morton', 'submitted', NULL, NULL);
INSERT INTO bid (ct_email, ct_price, start_date, end_date, is_cash, transport_method, pet_owner, pet_name, bid_status, feedback, rating) VALUES ('Brad.Pollich@yahoo.com', 13, '2020-11-21T17:18:20.731Z', '2020-11-28T17:09:54.762Z', true, 'delivery', 'Violette.Mraz29@gmail.com', 'Verdie', 'submitted', NULL, NULL);
INSERT INTO bid (ct_email, ct_price, start_date, end_date, is_cash, transport_method, pet_owner, pet_name, bid_status, feedback, rating) VALUES ('Stanton.Smitham69@yahoo.com', 5, '2020-11-21T17:18:20.731Z', '2020-11-28T17:09:54.762Z', true, 'pickup', 'Durward.Johnston99@gmail.com', 'Roosevelt', 'submitted', NULL, NULL);
INSERT INTO bid (ct_email, ct_price, start_date, end_date, is_cash, transport_method, pet_owner, pet_name, bid_status, feedback, rating) VALUES ('Shawn_Lehner@yahoo.com', 4, '2020-11-21T17:18:20.731Z', '2020-11-28T17:09:54.762Z', true, 'delivery', 'Leola.Kutch@hotmail.com', 'Sarah', 'submitted', NULL, NULL);
INSERT INTO bid (ct_email, ct_price, start_date, end_date, is_cash, transport_method, pet_owner, pet_name, bid_status, feedback, rating) VALUES ('Clark.Terry57@gmail.com', 5, '2020-11-21T17:18:20.731Z', '2020-11-28T17:09:54.762Z', true, 'pcs', 'Kaya_Miller@yahoo.com', 'Penelope', 'submitted', NULL, NULL);
INSERT INTO bid (ct_email, ct_price, start_date, end_date, is_cash, transport_method, pet_owner, pet_name, bid_status, feedback, rating) VALUES ('Jose69@hotmail.com', 17, '2020-11-21T17:18:20.731Z', '2020-11-28T17:09:54.762Z', true, 'pickup', 'Dakota.Kuvalis@hotmail.com', 'Fern', 'submitted', NULL, NULL);
INSERT INTO bid (ct_email, ct_price, start_date, end_date, is_cash, transport_method, pet_owner, pet_name, bid_status, feedback, rating) VALUES ('Corene27@hotmail.com', 4, '2020-11-21T17:18:20.731Z', '2020-11-28T17:09:54.762Z', true, 'pickup', 'Velva99@hotmail.com', 'Frankie', 'submitted', NULL, NULL);
INSERT INTO bid (ct_email, ct_price, start_date, end_date, is_cash, transport_method, pet_owner, pet_name, bid_status, feedback, rating) VALUES ('Mallie45@yahoo.com', 0, '2020-11-21T17:18:20.731Z', '2020-11-28T17:09:54.762Z', true, 'pcs', 'Ramon.Heidenreich96@hotmail.com', 'Ayden', 'submitted', NULL, NULL);
INSERT INTO bid (ct_email, ct_price, start_date, end_date, is_cash, transport_method, pet_owner, pet_name, bid_status, feedback, rating) VALUES ('Ramiro86@gmail.com', 9, '2020-11-21T17:18:20.731Z', '2020-11-28T17:09:54.762Z', true, 'pcs', 'Tyrese49@hotmail.com', 'Clemens', 'submitted', NULL, NULL);
INSERT INTO bid (ct_email, ct_price, start_date, end_date, is_cash, transport_method, pet_owner, pet_name, bid_status, feedback, rating) VALUES ('Andreanne_Jacobson@hotmail.com', 6, '2020-11-21T17:18:20.731Z', '2020-11-28T17:09:54.762Z', true, 'pickup', 'Vernice.Gaylord@gmail.com', 'Eden', 'submitted', NULL, NULL);
INSERT INTO bid (ct_email, ct_price, start_date, end_date, is_cash, transport_method, pet_owner, pet_name, bid_status, feedback, rating) VALUES ('Clare_McLaughlin72@hotmail.com', 19, '2020-11-21T17:18:20.731Z', '2020-11-28T17:09:54.762Z', true, 'pcs', 'Jeremie45@gmail.com', 'Nash', 'submitted', NULL, NULL);
INSERT INTO bid (ct_email, ct_price, start_date, end_date, is_cash, transport_method, pet_owner, pet_name, bid_status, feedback, rating) VALUES ('Claudie_Hyatt46@gmail.com', 5, '2020-11-21T17:18:20.731Z', '2020-11-28T17:09:54.762Z', true, 'delivery', 'Kaci.Rolfson53@yahoo.com', 'Maverick', 'submitted', NULL, NULL);
INSERT INTO bid (ct_email, ct_price, start_date, end_date, is_cash, transport_method, pet_owner, pet_name, bid_status, feedback, rating) VALUES ('Suzanne.Blick85@yahoo.com', 8, '2020-11-21T17:18:20.731Z', '2020-11-28T17:09:54.762Z', true, 'delivery', 'Veda.Hagenes@yahoo.com', 'Everette', 'submitted', NULL, NULL);
INSERT INTO bid (ct_email, ct_price, start_date, end_date, is_cash, transport_method, pet_owner, pet_name, bid_status, feedback, rating) VALUES ('Raphaelle21@hotmail.com', 12, '2020-11-21T17:18:20.731Z', '2020-11-28T17:09:54.762Z', true, 'pcs', 'Cesar.Mraz@gmail.com', 'Patricia', 'submitted', NULL, NULL);
INSERT INTO bid (ct_email, ct_price, start_date, end_date, is_cash, transport_method, pet_owner, pet_name, bid_status, feedback, rating) VALUES ('Napoleon_Raynor@hotmail.com', 16, '2020-11-21T17:18:20.731Z', '2020-11-28T17:09:54.762Z', true, 'delivery', 'Garnett.Walter56@hotmail.com', 'Kylee', 'submitted', NULL, NULL);
INSERT INTO bid (ct_email, ct_price, start_date, end_date, is_cash, transport_method, pet_owner, pet_name, bid_status, feedback, rating) VALUES ('Alexzander31@hotmail.com', 14, '2020-11-21T17:18:20.731Z', '2020-11-28T17:09:54.762Z', true, 'pickup', 'Mckenna.Grimes@hotmail.com', 'Audreanne', 'submitted', NULL, NULL);
INSERT INTO bid (ct_email, ct_price, start_date, end_date, is_cash, transport_method, pet_owner, pet_name, bid_status, feedback, rating) VALUES ('Jedidiah.Collins98@yahoo.com', 0, '2020-11-21T17:18:20.731Z', '2020-11-28T17:09:54.762Z', true, 'delivery', 'Marguerite47@gmail.com', 'Savanah', 'submitted', NULL, NULL);
INSERT INTO bid (ct_email, ct_price, start_date, end_date, is_cash, transport_method, pet_owner, pet_name, bid_status, feedback, rating) VALUES ('Destin.Von54@hotmail.com', 16, '2020-11-21T17:18:20.731Z', '2020-11-28T17:09:54.762Z', true, 'delivery', 'Bailey.Gaylord61@yahoo.com', 'Jordan', 'submitted', NULL, NULL);
INSERT INTO bid (ct_email, ct_price, start_date, end_date, is_cash, transport_method, pet_owner, pet_name, bid_status, feedback, rating) VALUES ('Clarabelle.DuBuque66@yahoo.com', 14, '2020-11-21T17:18:20.731Z', '2020-11-28T17:09:54.762Z', true, 'delivery', 'Marietta15@gmail.com', 'Ruthie', 'submitted', NULL, NULL);
INSERT INTO bid (ct_email, ct_price, start_date, end_date, is_cash, transport_method, pet_owner, pet_name, bid_status, feedback, rating) VALUES ('Paris.Pagac@yahoo.com', 8, '2020-11-21T17:18:20.731Z', '2020-11-28T17:09:54.762Z', true, 'delivery', 'Wilford42@hotmail.com', 'Willy', 'submitted', NULL, NULL);
INSERT INTO bid (ct_email, ct_price, start_date, end_date, is_cash, transport_method, pet_owner, pet_name, bid_status, feedback, rating) VALUES ('Bettye_Mante@yahoo.com', 1, '2020-11-21T17:18:20.731Z', '2020-11-28T17:09:54.762Z', true, 'pickup', 'Arno.Ferry74@yahoo.com', 'Michael', 'submitted', NULL, NULL);
INSERT INTO bid (ct_email, ct_price, start_date, end_date, is_cash, transport_method, pet_owner, pet_name, bid_status, feedback, rating) VALUES ('Adrain87@gmail.com', 16, '2020-11-21T17:18:20.731Z', '2020-11-28T17:09:54.762Z', true, 'pcs', 'Tobin67@gmail.com', 'Spencer', 'submitted', NULL, NULL);
INSERT INTO bid (ct_email, ct_price, start_date, end_date, is_cash, transport_method, pet_owner, pet_name, bid_status, feedback, rating) VALUES ('Mckenna.Grimes@hotmail.com', 11, '2020-11-21T17:18:20.731Z', '2020-11-28T17:09:54.762Z', true, 'pickup', 'Savion_Smitham@yahoo.com', 'Judd', 'submitted', NULL, NULL);
INSERT INTO bid (ct_email, ct_price, start_date, end_date, is_cash, transport_method, pet_owner, pet_name, bid_status, feedback, rating) VALUES ('Richard.Schmidt11@gmail.com', 11, '2020-11-21T17:18:20.731Z', '2020-11-28T17:09:54.762Z', true, 'pcs', 'Davin92@gmail.com', 'Cleo', 'submitted', NULL, NULL);
INSERT INTO bid (ct_email, ct_price, start_date, end_date, is_cash, transport_method, pet_owner, pet_name, bid_status, feedback, rating) VALUES ('Mariam.Herman@gmail.com', 19, '2020-11-21T17:18:20.731Z', '2020-11-28T17:09:54.762Z', true, 'pickup', 'Nicklaus.Hermiston22@yahoo.com', 'Agustin', 'submitted', NULL, NULL);
INSERT INTO bid (ct_email, ct_price, start_date, end_date, is_cash, transport_method, pet_owner, pet_name, bid_status, feedback, rating) VALUES ('Kailey72@yahoo.com', 5, '2020-11-21T17:18:20.731Z', '2020-11-28T17:09:54.762Z', true, 'pcs', 'Olga.Crist40@gmail.com', 'Zula', 'submitted', NULL, NULL);
INSERT INTO bid (ct_email, ct_price, start_date, end_date, is_cash, transport_method, pet_owner, pet_name, bid_status, feedback, rating) VALUES ('Rossie.Heidenreich65@gmail.com', 17, '2020-11-21T17:18:20.731Z', '2020-11-28T17:09:54.762Z', true, 'pcs', 'Arnoldo74@hotmail.com', 'Gillian', 'submitted', NULL, NULL);
INSERT INTO bid (ct_email, ct_price, start_date, end_date, is_cash, transport_method, pet_owner, pet_name, bid_status, feedback, rating) VALUES ('Rex78@hotmail.com', 0, '2020-11-21T17:18:20.731Z', '2020-11-28T17:09:54.762Z', true, 'pickup', 'Kristian7@gmail.com', 'Minnie', 'submitted', NULL, NULL);
INSERT INTO bid (ct_email, ct_price, start_date, end_date, is_cash, transport_method, pet_owner, pet_name, bid_status, feedback, rating) VALUES ('Stella_Wyman55@yahoo.com', 17, '2020-11-21T17:18:20.731Z', '2020-11-28T17:09:54.762Z', true, 'delivery', 'Kale70@gmail.com', 'Adriana', 'submitted', NULL, NULL);
INSERT INTO bid (ct_email, ct_price, start_date, end_date, is_cash, transport_method, pet_owner, pet_name, bid_status, feedback, rating) VALUES ('Savion.Kovacek@hotmail.com', 11, '2020-11-21T17:18:20.731Z', '2020-11-28T17:09:54.762Z', true, 'pickup', 'Adrain_Wyman@gmail.com', 'Selina', 'submitted', NULL, NULL);
INSERT INTO bid (ct_email, ct_price, start_date, end_date, is_cash, transport_method, pet_owner, pet_name, bid_status, feedback, rating) VALUES ('Celestino_Stroman4@hotmail.com', 7, '2020-11-21T17:18:20.731Z', '2020-11-28T17:09:54.762Z', true, 'pickup', 'Agustin_Daniel92@hotmail.com', 'Michelle', 'submitted', NULL, NULL);
INSERT INTO bid (ct_email, ct_price, start_date, end_date, is_cash, transport_method, pet_owner, pet_name, bid_status, feedback, rating) VALUES ('Stefanie_Roob17@gmail.com', 9, '2020-11-21T17:18:20.731Z', '2020-11-28T17:09:54.762Z', true, 'pickup', 'Dayna34@hotmail.com', 'Vince', 'submitted', NULL, NULL);
INSERT INTO bid (ct_email, ct_price, start_date, end_date, is_cash, transport_method, pet_owner, pet_name, bid_status, feedback, rating) VALUES ('Johnathon2@gmail.com', 5, '2020-11-21T17:18:20.731Z', '2020-11-28T17:09:54.762Z', true, 'pcs', 'Karley.Zulauf@yahoo.com', 'Gisselle', 'submitted', NULL, NULL);
INSERT INTO bid (ct_email, ct_price, start_date, end_date, is_cash, transport_method, pet_owner, pet_name, bid_status, feedback, rating) VALUES ('Marlin_Crona88@yahoo.com', 3, '2020-11-21T17:18:20.731Z', '2020-11-28T17:09:54.762Z', true, 'delivery', 'Chaim.Dach78@gmail.com', 'Lois', 'submitted', NULL, NULL);
INSERT INTO bid (ct_email, ct_price, start_date, end_date, is_cash, transport_method, pet_owner, pet_name, bid_status, feedback, rating) VALUES ('Nelson.Krajcik63@yahoo.com', 11, '2020-11-21T17:18:20.731Z', '2020-11-28T17:09:54.762Z', true, 'pickup', 'Elbert_Ruecker@hotmail.com', 'Vincenza', 'submitted', NULL, NULL);
INSERT INTO bid (ct_email, ct_price, start_date, end_date, is_cash, transport_method, pet_owner, pet_name, bid_status, feedback, rating) VALUES ('Alana21@yahoo.com', 3, '2020-11-21T17:18:20.731Z', '2020-11-28T17:09:54.762Z', true, 'pcs', 'Emmet_Blanda@yahoo.com', 'Cooper', 'submitted', NULL, NULL);
INSERT INTO bid (ct_email, ct_price, start_date, end_date, is_cash, transport_method, pet_owner, pet_name, bid_status, feedback, rating) VALUES ('Lauretta.Stiedemann60@gmail.com', 8, '2020-11-21T17:18:20.731Z', '2020-11-28T17:09:54.762Z', true, 'delivery', 'Reggie.Cormier0@yahoo.com', 'Kurt', 'submitted', NULL, NULL);
INSERT INTO bid (ct_email, ct_price, start_date, end_date, is_cash, transport_method, pet_owner, pet_name, bid_status, feedback, rating) VALUES ('Noelia_Effertz@gmail.com', 13, '2020-11-21T17:18:20.731Z', '2020-11-28T17:09:54.762Z', true, 'pcs', 'Juliet.OConnell10@hotmail.com', 'Yoshiko', 'submitted', NULL, NULL);
INSERT INTO bid (ct_email, ct_price, start_date, end_date, is_cash, transport_method, pet_owner, pet_name, bid_status, feedback, rating) VALUES ('Priscilla71@gmail.com', 13, '2020-11-21T17:18:20.731Z', '2020-11-28T17:09:54.762Z', true, 'pcs', 'Werner7@hotmail.com', 'Jalen', 'submitted', NULL, NULL);
INSERT INTO bid (ct_email, ct_price, start_date, end_date, is_cash, transport_method, pet_owner, pet_name, bid_status, feedback, rating) VALUES ('Amy49@gmail.com', 7, '2020-11-21T17:18:20.731Z', '2020-11-28T17:09:54.762Z', true, 'pickup', 'Newton_Monahan@gmail.com', 'Alden', 'submitted', NULL, NULL);
INSERT INTO bid (ct_email, ct_price, start_date, end_date, is_cash, transport_method, pet_owner, pet_name, bid_status, feedback, rating) VALUES ('Diana.Mueller92@gmail.com', 15, '2020-11-21T17:18:20.731Z', '2020-11-28T17:09:54.762Z', true, 'pcs', 'Werner_Ward@yahoo.com', 'Jonathon', 'submitted', NULL, NULL);
INSERT INTO bid (ct_email, ct_price, start_date, end_date, is_cash, transport_method, pet_owner, pet_name, bid_status, feedback, rating) VALUES ('Durward.Johnston99@gmail.com', 3, '2020-11-21T17:18:20.731Z', '2020-11-28T17:09:54.762Z', true, 'delivery', 'Lenore75@hotmail.com', 'Tanya', 'submitted', NULL, NULL);
INSERT INTO bid (ct_email, ct_price, start_date, end_date, is_cash, transport_method, pet_owner, pet_name, bid_status, feedback, rating) VALUES ('Wilford42@hotmail.com', 18, '2020-11-21T17:18:20.731Z', '2020-11-28T17:09:54.762Z', true, 'pickup', 'Rex78@hotmail.com', 'Guadalupe', 'submitted', NULL, NULL);
INSERT INTO bid (ct_email, ct_price, start_date, end_date, is_cash, transport_method, pet_owner, pet_name, bid_status, feedback, rating) VALUES ('Anissa.Volkman@hotmail.com', 16, '2020-11-21T17:18:20.731Z', '2020-11-28T17:09:54.762Z', true, 'delivery', 'Lizeth18@hotmail.com', 'Parker', 'submitted', NULL, NULL);
INSERT INTO bid (ct_email, ct_price, start_date, end_date, is_cash, transport_method, pet_owner, pet_name, bid_status, feedback, rating) VALUES ('Lulu15@gmail.com', 17, '2020-11-21T17:18:20.731Z', '2020-11-28T17:09:54.762Z', true, 'pcs', 'Mack_Hills26@hotmail.com', 'Aliya', 'submitted', NULL, NULL);
INSERT INTO bid (ct_email, ct_price, start_date, end_date, is_cash, transport_method, pet_owner, pet_name, bid_status, feedback, rating) VALUES ('Emelia12@yahoo.com', 19, '2020-11-21T17:18:20.731Z', '2020-11-28T17:09:54.762Z', true, 'pcs', 'Javonte90@yahoo.com', 'Darian', 'submitted', NULL, NULL);
INSERT INTO bid (ct_email, ct_price, start_date, end_date, is_cash, transport_method, pet_owner, pet_name, bid_status, feedback, rating) VALUES ('Heloise.Dietrich61@gmail.com', 8, '2020-11-21T17:18:20.731Z', '2020-11-28T17:09:54.762Z', true, 'delivery', 'Davon98@gmail.com', 'Clemens', 'submitted', NULL, NULL);
INSERT INTO bid (ct_email, ct_price, start_date, end_date, is_cash, transport_method, pet_owner, pet_name, bid_status, feedback, rating) VALUES ('Roosevelt.Stracke@hotmail.com', 2, '2020-11-21T17:18:20.731Z', '2020-11-28T17:09:54.762Z', true, 'pickup', 'Jerome.Bauch@yahoo.com', 'Reagan', 'submitted', NULL, NULL);
INSERT INTO bid (ct_email, ct_price, start_date, end_date, is_cash, transport_method, pet_owner, pet_name, bid_status, feedback, rating) VALUES ('Juliet_Greenholt@hotmail.com', 6, '2020-11-21T17:18:20.731Z', '2020-11-28T17:09:54.762Z', true, 'pcs', 'Bud_Crooks@yahoo.com', 'Concepcion', 'submitted', NULL, NULL);
INSERT INTO bid (ct_email, ct_price, start_date, end_date, is_cash, transport_method, pet_owner, pet_name, bid_status, feedback, rating) VALUES ('Brendon_Beer49@gmail.com', 8, '2020-11-21T17:18:20.731Z', '2020-11-28T17:09:54.762Z', true, 'pickup', 'Viviane_Borer14@hotmail.com', 'Kathryne', 'submitted', NULL, NULL);
INSERT INTO bid (ct_email, ct_price, start_date, end_date, is_cash, transport_method, pet_owner, pet_name, bid_status, feedback, rating) VALUES ('Garrett.Greenholt32@gmail.com', 20, '2020-11-21T17:18:20.731Z', '2020-11-28T17:09:54.762Z', true, 'pickup', 'Vesta.Gislason90@yahoo.com', 'Bradley', 'submitted', NULL, NULL);
INSERT INTO bid (ct_email, ct_price, start_date, end_date, is_cash, transport_method, pet_owner, pet_name, bid_status, feedback, rating) VALUES ('Ada18@gmail.com', 14, '2020-11-21T17:18:20.731Z', '2020-11-28T17:09:54.762Z', true, 'pcs', 'Keshawn_Predovic@yahoo.com', 'Vada', 'submitted', NULL, NULL);
INSERT INTO bid (ct_email, ct_price, start_date, end_date, is_cash, transport_method, pet_owner, pet_name, bid_status, feedback, rating) VALUES ('Royce.Schamberger77@yahoo.com', 16, '2020-11-21T17:18:20.731Z', '2020-11-28T17:09:54.762Z', true, 'pickup', 'Hanna_McClure@gmail.com', 'Kirstin', 'submitted', NULL, NULL);
INSERT INTO bid (ct_email, ct_price, start_date, end_date, is_cash, transport_method, pet_owner, pet_name, bid_status, feedback, rating) VALUES ('Quincy43@yahoo.com', 9, '2020-11-21T17:18:20.731Z', '2020-11-28T17:09:54.762Z', true, 'delivery', 'Cali.Zboncak97@hotmail.com', 'Kay', 'submitted', NULL, NULL);
INSERT INTO bid (ct_email, ct_price, start_date, end_date, is_cash, transport_method, pet_owner, pet_name, bid_status, feedback, rating) VALUES ('Kris.Predovic@hotmail.com', 5, '2020-11-21T17:18:20.731Z', '2020-11-28T17:09:54.762Z', true, 'pickup', 'Carolyn.Rowe68@yahoo.com', 'Amiya', 'submitted', NULL, NULL);
INSERT INTO bid (ct_email, ct_price, start_date, end_date, is_cash, transport_method, pet_owner, pet_name, bid_status, feedback, rating) VALUES ('Carlee.Hansen@gmail.com', 7, '2020-11-21T17:18:20.731Z', '2020-11-28T17:09:54.762Z', true, 'pcs', 'Ben_Johns@yahoo.com', 'Brian', 'submitted', NULL, NULL);
INSERT INTO bid (ct_email, ct_price, start_date, end_date, is_cash, transport_method, pet_owner, pet_name, bid_status, feedback, rating) VALUES ('Joyce79@gmail.com', 20, '2020-11-21T17:18:20.731Z', '2020-11-28T17:09:54.762Z', true, 'pickup', 'Leif_Dickinson@hotmail.com', 'Turner', 'submitted', NULL, NULL);
INSERT INTO bid (ct_email, ct_price, start_date, end_date, is_cash, transport_method, pet_owner, pet_name, bid_status, feedback, rating) VALUES ('Kyla31@yahoo.com', 20, '2020-11-21T17:18:20.731Z', '2020-11-28T17:09:54.762Z', true, 'pcs', 'Katlynn96@hotmail.com', 'Jennyfer', 'submitted', NULL, NULL);
INSERT INTO bid (ct_email, ct_price, start_date, end_date, is_cash, transport_method, pet_owner, pet_name, bid_status, feedback, rating) VALUES ('Alfreda_Kilback89@gmail.com', 20, '2020-11-21T17:18:20.731Z', '2020-11-28T17:09:54.762Z', true, 'delivery', 'Erik.Bartell@hotmail.com', 'Tommie', 'submitted', NULL, NULL);
INSERT INTO bid (ct_email, ct_price, start_date, end_date, is_cash, transport_method, pet_owner, pet_name, bid_status, feedback, rating) VALUES ('Sarina42@gmail.com', 1, '2020-11-21T17:18:20.731Z', '2020-11-28T17:09:54.762Z', true, 'pcs', 'Kasandra_Quitzon@yahoo.com', 'Benedict', 'submitted', NULL, NULL);
INSERT INTO bid (ct_email, ct_price, start_date, end_date, is_cash, transport_method, pet_owner, pet_name, bid_status, feedback, rating) VALUES ('Aimee.Doyle@yahoo.com', 17, '2020-11-29T17:09:54.762Z', '2020-12-05T03:20:22.767Z', true, 'pcs', 'Domenica.Mueller73@hotmail.com', 'Brent', 'submitted', NULL, NULL);
INSERT INTO bid (ct_email, ct_price, start_date, end_date, is_cash, transport_method, pet_owner, pet_name, bid_status, feedback, rating) VALUES ('Carson.Volkman@yahoo.com', 3, '2020-11-29T17:09:54.762Z', '2020-12-05T03:20:22.767Z', true, 'pickup', 'Rebecca20@yahoo.com', 'Miguel', 'submitted', NULL, NULL);
INSERT INTO bid (ct_email, ct_price, start_date, end_date, is_cash, transport_method, pet_owner, pet_name, bid_status, feedback, rating) VALUES ('Marta_Robel22@yahoo.com', 12, '2020-11-29T17:09:54.762Z', '2020-12-05T03:20:22.767Z', true, 'delivery', 'Montana_Osinski@yahoo.com', 'Vincenza', 'submitted', NULL, NULL);
INSERT INTO bid (ct_email, ct_price, start_date, end_date, is_cash, transport_method, pet_owner, pet_name, bid_status, feedback, rating) VALUES ('Alva78@hotmail.com', 0, '2020-11-29T17:09:54.762Z', '2020-12-05T03:20:22.767Z', true, 'pcs', 'Kobe30@gmail.com', 'Malika', 'submitted', NULL, NULL);
INSERT INTO bid (ct_email, ct_price, start_date, end_date, is_cash, transport_method, pet_owner, pet_name, bid_status, feedback, rating) VALUES ('Clair_Wisozk23@gmail.com', 17, '2020-11-29T17:09:54.762Z', '2020-12-05T03:20:22.767Z', true, 'pcs', 'Albertha_Hills66@yahoo.com', 'Eladio', 'submitted', NULL, NULL);
INSERT INTO bid (ct_email, ct_price, start_date, end_date, is_cash, transport_method, pet_owner, pet_name, bid_status, feedback, rating) VALUES ('Ferne_Jacobi51@gmail.com', 15, '2020-11-29T17:09:54.762Z', '2020-12-05T03:20:22.767Z', true, 'pickup', 'Tyler20@gmail.com', 'Allie', 'submitted', NULL, NULL);
INSERT INTO bid (ct_email, ct_price, start_date, end_date, is_cash, transport_method, pet_owner, pet_name, bid_status, feedback, rating) VALUES ('Filomena.Toy90@yahoo.com', 5, '2020-11-29T17:09:54.762Z', '2020-12-05T03:20:22.767Z', true, 'pcs', 'Kailey.Schoen83@hotmail.com', 'Leonora', 'submitted', NULL, NULL);
INSERT INTO bid (ct_email, ct_price, start_date, end_date, is_cash, transport_method, pet_owner, pet_name, bid_status, feedback, rating) VALUES ('Assunta_Leuschke1@yahoo.com', 12, '2020-11-29T17:09:54.762Z', '2020-12-05T03:20:22.767Z', true, 'delivery', 'Bailey.Gaylord61@yahoo.com', 'Jordan', 'submitted', NULL, NULL);
INSERT INTO bid (ct_email, ct_price, start_date, end_date, is_cash, transport_method, pet_owner, pet_name, bid_status, feedback, rating) VALUES ('Lucio76@gmail.com', 5, '2020-11-29T17:09:54.762Z', '2020-12-05T03:20:22.767Z', true, 'pcs', 'Alanna_Beier38@gmail.com', 'Bailee', 'submitted', NULL, NULL);
INSERT INTO bid (ct_email, ct_price, start_date, end_date, is_cash, transport_method, pet_owner, pet_name, bid_status, feedback, rating) VALUES ('Marietta15@gmail.com', 17, '2020-11-29T17:09:54.762Z', '2020-12-05T03:20:22.767Z', true, 'pcs', 'Helene.Abshire36@hotmail.com', 'Thea', 'submitted', NULL, NULL);
INSERT INTO bid (ct_email, ct_price, start_date, end_date, is_cash, transport_method, pet_owner, pet_name, bid_status, feedback, rating) VALUES ('Juliana.Waters@yahoo.com', 9, '2020-11-29T17:09:54.762Z', '2020-12-05T03:20:22.767Z', true, 'delivery', 'Susie.Fritsch@yahoo.com', 'Katlynn', 'submitted', NULL, NULL);
INSERT INTO bid (ct_email, ct_price, start_date, end_date, is_cash, transport_method, pet_owner, pet_name, bid_status, feedback, rating) VALUES ('Nicklaus.Von22@gmail.com', 16, '2020-11-29T17:09:54.762Z', '2020-12-05T03:20:22.767Z', true, 'pickup', 'Lucile.Dickinson@gmail.com', 'Eleazar', 'submitted', NULL, NULL);
INSERT INTO bid (ct_email, ct_price, start_date, end_date, is_cash, transport_method, pet_owner, pet_name, bid_status, feedback, rating) VALUES ('Julius.Hills@yahoo.com', 12, '2020-11-29T17:09:54.762Z', '2020-12-05T03:20:22.767Z', true, 'delivery', 'Sid_Kertzmann@gmail.com', 'Westley', 'submitted', NULL, NULL);
INSERT INTO bid (ct_email, ct_price, start_date, end_date, is_cash, transport_method, pet_owner, pet_name, bid_status, feedback, rating) VALUES ('Emory_Lang77@yahoo.com', 0, '2020-11-29T17:09:54.762Z', '2020-12-05T03:20:22.767Z', true, 'delivery', 'Isabella_Funk96@yahoo.com', 'Nora', 'submitted', NULL, NULL);
INSERT INTO bid (ct_email, ct_price, start_date, end_date, is_cash, transport_method, pet_owner, pet_name, bid_status, feedback, rating) VALUES ('Megane_Schoen24@yahoo.com', 2, '2020-11-29T17:09:54.762Z', '2020-12-05T03:20:22.767Z', true, 'pcs', 'Wilbert_Sawayn46@hotmail.com', 'Bianka', 'submitted', NULL, NULL);
INSERT INTO bid (ct_email, ct_price, start_date, end_date, is_cash, transport_method, pet_owner, pet_name, bid_status, feedback, rating) VALUES ('Elmore74@gmail.com', 6, '2020-11-29T17:09:54.762Z', '2020-12-05T03:20:22.767Z', true, 'pickup', 'Citlalli.Haag76@gmail.com', 'Felicita', 'submitted', NULL, NULL);
INSERT INTO bid (ct_email, ct_price, start_date, end_date, is_cash, transport_method, pet_owner, pet_name, bid_status, feedback, rating) VALUES ('Trudie55@hotmail.com', 18, '2020-11-29T17:09:54.762Z', '2020-12-05T03:20:22.767Z', true, 'pickup', 'Eveline.Bergstrom@hotmail.com', 'Cristal', 'submitted', NULL, NULL);
INSERT INTO bid (ct_email, ct_price, start_date, end_date, is_cash, transport_method, pet_owner, pet_name, bid_status, feedback, rating) VALUES ('Kaya.Miller@hotmail.com', 20, '2020-11-29T17:09:54.762Z', '2020-12-05T03:20:22.767Z', true, 'pickup', 'Brenna17@gmail.com', 'Laron', 'submitted', NULL, NULL);
INSERT INTO bid (ct_email, ct_price, start_date, end_date, is_cash, transport_method, pet_owner, pet_name, bid_status, feedback, rating) VALUES ('Christ99@yahoo.com', 10, '2020-11-29T17:09:54.762Z', '2020-12-05T03:20:22.767Z', true, 'delivery', 'Eldora_Schneider@yahoo.com', 'Russ', 'submitted', NULL, NULL);
INSERT INTO bid (ct_email, ct_price, start_date, end_date, is_cash, transport_method, pet_owner, pet_name, bid_status, feedback, rating) VALUES ('Heath_Harris@yahoo.com', 7, '2020-11-29T17:09:54.762Z', '2020-12-05T03:20:22.767Z', true, 'pickup', 'Filomena.Toy90@yahoo.com', 'Howell', 'submitted', NULL, NULL);
INSERT INTO bid (ct_email, ct_price, start_date, end_date, is_cash, transport_method, pet_owner, pet_name, bid_status, feedback, rating) VALUES ('Marianne90@yahoo.com', 16, '2020-11-29T17:09:54.762Z', '2020-12-05T03:20:22.767Z', true, 'pickup', 'Alva78@hotmail.com', 'Elody', 'submitted', NULL, NULL);
INSERT INTO bid (ct_email, ct_price, start_date, end_date, is_cash, transport_method, pet_owner, pet_name, bid_status, feedback, rating) VALUES ('Flavie_Pacocha7@yahoo.com', 10, '2020-11-29T17:09:54.762Z', '2020-12-05T03:20:22.767Z', true, 'delivery', 'Kyler32@hotmail.com', 'Marcellus', 'submitted', NULL, NULL);
INSERT INTO bid (ct_email, ct_price, start_date, end_date, is_cash, transport_method, pet_owner, pet_name, bid_status, feedback, rating) VALUES ('Reynold30@gmail.com', 18, '2020-11-29T17:09:54.762Z', '2020-12-05T03:20:22.767Z', true, 'pcs', 'Annetta_Schneider@yahoo.com', 'Earnestine', 'submitted', NULL, NULL);
INSERT INTO bid (ct_email, ct_price, start_date, end_date, is_cash, transport_method, pet_owner, pet_name, bid_status, feedback, rating) VALUES ('Marietta_Paucek@yahoo.com', 13, '2020-11-29T17:09:54.762Z', '2020-12-05T03:20:22.767Z', true, 'pickup', 'Kennith_Hane@gmail.com', 'Forrest', 'submitted', NULL, NULL);
INSERT INTO bid (ct_email, ct_price, start_date, end_date, is_cash, transport_method, pet_owner, pet_name, bid_status, feedback, rating) VALUES ('Christiana_OConner19@hotmail.com', 2, '2020-11-29T17:09:54.762Z', '2020-12-05T03:20:22.767Z', true, 'delivery', 'Audrey.Hills@hotmail.com', 'Ronny', 'submitted', NULL, NULL);
INSERT INTO bid (ct_email, ct_price, start_date, end_date, is_cash, transport_method, pet_owner, pet_name, bid_status, feedback, rating) VALUES ('Kristoffer_Welch13@yahoo.com', 20, '2020-11-29T17:09:54.762Z', '2020-12-05T03:20:22.767Z', true, 'pcs', 'Chesley.Brekke@yahoo.com', 'Aliya', 'submitted', NULL, NULL);
INSERT INTO bid (ct_email, ct_price, start_date, end_date, is_cash, transport_method, pet_owner, pet_name, bid_status, feedback, rating) VALUES ('Verna2@yahoo.com', 17, '2020-11-29T17:09:54.762Z', '2020-12-05T03:20:22.767Z', true, 'pickup', 'Gail_Weissnat@yahoo.com', 'Cletus', 'submitted', NULL, NULL);
INSERT INTO bid (ct_email, ct_price, start_date, end_date, is_cash, transport_method, pet_owner, pet_name, bid_status, feedback, rating) VALUES ('Jesus.Haag@hotmail.com', 5, '2020-11-29T17:09:54.762Z', '2020-12-05T03:20:22.767Z', true, 'pcs', 'Barry.Rodriguez82@yahoo.com', 'Gerald', 'submitted', NULL, NULL);
INSERT INTO bid (ct_email, ct_price, start_date, end_date, is_cash, transport_method, pet_owner, pet_name, bid_status, feedback, rating) VALUES ('Joey74@gmail.com', 1, '2020-11-29T17:09:54.762Z', '2020-12-05T03:20:22.767Z', true, 'pcs', 'Cheyanne_Cronin97@gmail.com', 'Bulah', 'submitted', NULL, NULL);
INSERT INTO bid (ct_email, ct_price, start_date, end_date, is_cash, transport_method, pet_owner, pet_name, bid_status, feedback, rating) VALUES ('Lukas.Mayer16@gmail.com', 8, '2020-11-29T17:09:54.762Z', '2020-12-05T03:20:22.767Z', true, 'pickup', 'Andre98@hotmail.com', 'Sasha', 'submitted', NULL, NULL);
INSERT INTO bid (ct_email, ct_price, start_date, end_date, is_cash, transport_method, pet_owner, pet_name, bid_status, feedback, rating) VALUES ('Breanna80@yahoo.com', 10, '2020-11-29T17:09:54.762Z', '2020-12-05T03:20:22.767Z', true, 'delivery', 'Rylee_Schulist76@gmail.com', 'Vernon', 'submitted', NULL, NULL);
INSERT INTO bid (ct_email, ct_price, start_date, end_date, is_cash, transport_method, pet_owner, pet_name, bid_status, feedback, rating) VALUES ('Cassidy_Kovacek@yahoo.com', 4, '2020-11-29T17:09:54.762Z', '2020-12-05T03:20:22.767Z', true, 'pcs', 'Kristian7@gmail.com', 'Minnie', 'submitted', NULL, NULL);
INSERT INTO bid (ct_email, ct_price, start_date, end_date, is_cash, transport_method, pet_owner, pet_name, bid_status, feedback, rating) VALUES ('Junius.Hayes76@hotmail.com', 12, '2020-11-29T17:09:54.762Z', '2020-12-05T03:20:22.767Z', true, 'pickup', 'Vernice.Bogan31@yahoo.com', 'Noemie', 'submitted', NULL, NULL);
INSERT INTO bid (ct_email, ct_price, start_date, end_date, is_cash, transport_method, pet_owner, pet_name, bid_status, feedback, rating) VALUES ('Shannon74@yahoo.com', 6, '2020-11-29T17:09:54.762Z', '2020-12-05T03:20:22.767Z', true, 'delivery', 'Adolfo59@gmail.com', 'Lyda', 'submitted', NULL, NULL);
INSERT INTO bid (ct_email, ct_price, start_date, end_date, is_cash, transport_method, pet_owner, pet_name, bid_status, feedback, rating) VALUES ('Erika_OHara@gmail.com', 8, '2020-11-29T17:09:54.762Z', '2020-12-05T03:20:22.767Z', true, 'delivery', 'Billie86@gmail.com', 'Keely', 'submitted', NULL, NULL);
INSERT INTO bid (ct_email, ct_price, start_date, end_date, is_cash, transport_method, pet_owner, pet_name, bid_status, feedback, rating) VALUES ('Ashlee75@hotmail.com', 9, '2020-11-29T17:09:54.762Z', '2020-12-05T03:20:22.767Z', true, 'pcs', 'Keyon.Kiehn@hotmail.com', 'Makenzie', 'submitted', NULL, NULL);
INSERT INTO bid (ct_email, ct_price, start_date, end_date, is_cash, transport_method, pet_owner, pet_name, bid_status, feedback, rating) VALUES ('Domenica_Ondricka1@gmail.com', 2, '2020-11-29T17:09:54.762Z', '2020-12-05T03:20:22.767Z', true, 'delivery', 'Tony_Huel45@hotmail.com', 'Robyn', 'submitted', NULL, NULL);
INSERT INTO bid (ct_email, ct_price, start_date, end_date, is_cash, transport_method, pet_owner, pet_name, bid_status, feedback, rating) VALUES ('Nedra.Durgan24@gmail.com', 17, '2020-11-29T17:09:54.762Z', '2020-12-05T03:20:22.767Z', true, 'delivery', 'Sonny1@yahoo.com', 'Adrian', 'submitted', NULL, NULL);
INSERT INTO bid (ct_email, ct_price, start_date, end_date, is_cash, transport_method, pet_owner, pet_name, bid_status, feedback, rating) VALUES ('Ivah10@gmail.com', 3, '2020-11-29T17:09:54.762Z', '2020-12-05T03:20:22.767Z', true, 'pickup', 'Easton62@gmail.com', 'Rey', 'submitted', NULL, NULL);
INSERT INTO bid (ct_email, ct_price, start_date, end_date, is_cash, transport_method, pet_owner, pet_name, bid_status, feedback, rating) VALUES ('Brittany.Price57@gmail.com', 6, '2020-11-29T17:09:54.762Z', '2020-12-05T03:20:22.767Z', true, 'pcs', 'Lucious79@hotmail.com', 'Waylon', 'submitted', NULL, NULL);
INSERT INTO bid (ct_email, ct_price, start_date, end_date, is_cash, transport_method, pet_owner, pet_name, bid_status, feedback, rating) VALUES ('Bertha_Will@yahoo.com', 5, '2020-11-29T17:09:54.762Z', '2020-12-05T03:20:22.767Z', true, 'pickup', 'Colten_Ernser81@gmail.com', 'Ayla', 'submitted', NULL, NULL);
INSERT INTO bid (ct_email, ct_price, start_date, end_date, is_cash, transport_method, pet_owner, pet_name, bid_status, feedback, rating) VALUES ('Milton_Marvin81@gmail.com', 1, '2020-11-29T17:09:54.762Z', '2020-12-05T03:20:22.767Z', true, 'pickup', 'Luther_Goodwin38@yahoo.com', 'Pearl', 'submitted', NULL, NULL);
INSERT INTO bid (ct_email, ct_price, start_date, end_date, is_cash, transport_method, pet_owner, pet_name, bid_status, feedback, rating) VALUES ('Alda.Prosacco74@yahoo.com', 1, '2020-11-29T17:09:54.762Z', '2020-12-05T03:20:22.767Z', true, 'pickup', 'Stephania.Hackett@gmail.com', 'Jared', 'submitted', NULL, NULL);
INSERT INTO bid (ct_email, ct_price, start_date, end_date, is_cash, transport_method, pet_owner, pet_name, bid_status, feedback, rating) VALUES ('Henderson_Fritsch@hotmail.com', 5, '2020-11-29T17:09:54.762Z', '2020-12-05T03:20:22.767Z', true, 'delivery', 'Sarina.Goyette34@gmail.com', 'Marta', 'submitted', NULL, NULL);
INSERT INTO bid (ct_email, ct_price, start_date, end_date, is_cash, transport_method, pet_owner, pet_name, bid_status, feedback, rating) VALUES ('Kamren_Heathcote@hotmail.com', 12, '2020-11-29T17:09:54.762Z', '2020-12-05T03:20:22.767Z', true, 'pickup', 'Thad_Lueilwitz@yahoo.com', 'Trinity', 'submitted', NULL, NULL);
INSERT INTO bid (ct_email, ct_price, start_date, end_date, is_cash, transport_method, pet_owner, pet_name, bid_status, feedback, rating) VALUES ('Annamae4@hotmail.com', 19, '2020-11-29T17:09:54.762Z', '2020-12-05T03:20:22.767Z', true, 'delivery', 'Brendon.Jakubowski6@gmail.com', 'Laverne', 'submitted', NULL, NULL);
INSERT INTO bid (ct_email, ct_price, start_date, end_date, is_cash, transport_method, pet_owner, pet_name, bid_status, feedback, rating) VALUES ('Trevor40@gmail.com', 1, '2020-11-29T17:09:54.762Z', '2020-12-05T03:20:22.767Z', true, 'pcs', 'Emmanuelle_Christiansen20@yahoo.com', 'Everette', 'submitted', NULL, NULL);
INSERT INTO bid (ct_email, ct_price, start_date, end_date, is_cash, transport_method, pet_owner, pet_name, bid_status, feedback, rating) VALUES ('Margarita.Hermiston@yahoo.com', 13, '2020-11-29T17:09:54.762Z', '2020-12-05T03:20:22.767Z', true, 'delivery', 'Jerome.Bauch@yahoo.com', 'Reagan', 'submitted', NULL, NULL);
INSERT INTO bid (ct_email, ct_price, start_date, end_date, is_cash, transport_method, pet_owner, pet_name, bid_status, feedback, rating) VALUES ('Sigurd.Walter@gmail.com', 9, '2020-11-29T17:09:54.762Z', '2020-12-05T03:20:22.767Z', true, 'pickup', 'Devon_Carter@hotmail.com', 'Oceane', 'submitted', NULL, NULL);
INSERT INTO bid (ct_email, ct_price, start_date, end_date, is_cash, transport_method, pet_owner, pet_name, bid_status, feedback, rating) VALUES ('Devante.Dickinson74@yahoo.com', 6, '2020-11-29T17:09:54.762Z', '2020-12-05T03:20:22.767Z', true, 'pcs', 'Nicklaus.Von22@gmail.com', 'Terry', 'submitted', NULL, NULL);
INSERT INTO bid (ct_email, ct_price, start_date, end_date, is_cash, transport_method, pet_owner, pet_name, bid_status, feedback, rating) VALUES ('Eleanore34@hotmail.com', 17, '2020-11-29T17:09:54.762Z', '2020-12-05T03:20:22.767Z', true, 'pickup', 'Lukas.Mayer16@gmail.com', 'Alana', 'submitted', NULL, NULL);
INSERT INTO bid (ct_email, ct_price, start_date, end_date, is_cash, transport_method, pet_owner, pet_name, bid_status, feedback, rating) VALUES ('Jermey63@hotmail.com', 2, '2020-11-29T17:09:54.762Z', '2020-12-05T03:20:22.767Z', true, 'pcs', 'Shakira.Gusikowski@gmail.com', 'Brendan', 'submitted', NULL, NULL);
INSERT INTO bid (ct_email, ct_price, start_date, end_date, is_cash, transport_method, pet_owner, pet_name, bid_status, feedback, rating) VALUES ('Joan69@hotmail.com', 8, '2020-11-29T17:09:54.762Z', '2020-12-05T03:20:22.767Z', true, 'pcs', 'Keshawn_Predovic@yahoo.com', 'Vada', 'submitted', NULL, NULL);
INSERT INTO bid (ct_email, ct_price, start_date, end_date, is_cash, transport_method, pet_owner, pet_name, bid_status, feedback, rating) VALUES ('Reba.Maggio@yahoo.com', 8, '2020-11-29T17:09:54.762Z', '2020-12-05T03:20:22.767Z', true, 'delivery', 'Carlie_Erdman@hotmail.com', 'Murphy', 'submitted', NULL, NULL);
INSERT INTO bid (ct_email, ct_price, start_date, end_date, is_cash, transport_method, pet_owner, pet_name, bid_status, feedback, rating) VALUES ('Jennifer94@gmail.com', 13, '2020-11-29T17:09:54.762Z', '2020-12-05T03:20:22.767Z', true, 'pickup', 'Quinten.OHara78@yahoo.com', 'Clara', 'submitted', NULL, NULL);
INSERT INTO bid (ct_email, ct_price, start_date, end_date, is_cash, transport_method, pet_owner, pet_name, bid_status, feedback, rating) VALUES ('Odessa62@hotmail.com', 11, '2020-11-29T17:09:54.762Z', '2020-12-05T03:20:22.767Z', true, 'pcs', 'Doyle_Kuhlman@yahoo.com', 'Alden', 'submitted', NULL, NULL);
INSERT INTO bid (ct_email, ct_price, start_date, end_date, is_cash, transport_method, pet_owner, pet_name, bid_status, feedback, rating) VALUES ('Katherine.Johnson89@gmail.com', 0, '2020-11-29T17:09:54.762Z', '2020-12-05T03:20:22.767Z', true, 'pickup', 'Reynold14@gmail.com', 'Warren', 'submitted', NULL, NULL);
INSERT INTO bid (ct_email, ct_price, start_date, end_date, is_cash, transport_method, pet_owner, pet_name, bid_status, feedback, rating) VALUES ('Lillie_Barton@hotmail.com', 20, '2020-11-29T17:09:54.762Z', '2020-12-05T03:20:22.767Z', true, 'pickup', 'Vicente.Huel63@hotmail.com', 'Lottie', 'submitted', NULL, NULL);
INSERT INTO bid (ct_email, ct_price, start_date, end_date, is_cash, transport_method, pet_owner, pet_name, bid_status, feedback, rating) VALUES ('Newell_Paucek40@gmail.com', 10, '2020-11-29T17:09:54.762Z', '2020-12-05T03:20:22.767Z', true, 'delivery', 'Erik.Bartell@hotmail.com', 'Tommie', 'submitted', NULL, NULL);
INSERT INTO bid (ct_email, ct_price, start_date, end_date, is_cash, transport_method, pet_owner, pet_name, bid_status, feedback, rating) VALUES ('Rosalinda30@yahoo.com', 3, '2020-11-29T17:09:54.762Z', '2020-12-05T03:20:22.767Z', true, 'pcs', 'Wellington_Kuvalis30@hotmail.com', 'Henri', 'submitted', NULL, NULL);
INSERT INTO bid (ct_email, ct_price, start_date, end_date, is_cash, transport_method, pet_owner, pet_name, bid_status, feedback, rating) VALUES ('Jerod24@gmail.com', 3, '2020-11-29T17:09:54.762Z', '2020-12-05T03:20:22.767Z', true, 'delivery', 'Rex78@hotmail.com', 'Guadalupe', 'submitted', NULL, NULL);
INSERT INTO bid (ct_email, ct_price, start_date, end_date, is_cash, transport_method, pet_owner, pet_name, bid_status, feedback, rating) VALUES ('Peter.Aufderhar37@hotmail.com', 10, '2020-11-29T17:09:54.762Z', '2020-12-05T03:20:22.767Z', true, 'delivery', 'Kasey32@gmail.com', 'Meta', 'submitted', NULL, NULL);
INSERT INTO bid (ct_email, ct_price, start_date, end_date, is_cash, transport_method, pet_owner, pet_name, bid_status, feedback, rating) VALUES ('Alfonso_Wiza85@yahoo.com', 5, '2020-11-29T17:09:54.762Z', '2020-12-05T03:20:22.767Z', true, 'pcs', 'Aylin1@yahoo.com', 'Jaquan', 'submitted', NULL, NULL);
INSERT INTO bid (ct_email, ct_price, start_date, end_date, is_cash, transport_method, pet_owner, pet_name, bid_status, feedback, rating) VALUES ('Arno.Ferry74@yahoo.com', 3, '2020-11-29T17:09:54.762Z', '2020-12-05T03:20:22.767Z', true, 'pickup', 'Savannah33@gmail.com', 'Mavis', 'submitted', NULL, NULL);
INSERT INTO bid (ct_email, ct_price, start_date, end_date, is_cash, transport_method, pet_owner, pet_name, bid_status, feedback, rating) VALUES ('Fernando.Altenwerth18@yahoo.com', 18, '2020-11-29T17:09:54.762Z', '2020-12-05T03:20:22.767Z', true, 'pickup', 'Antonio.Ortiz@hotmail.com', 'Uriah', 'submitted', NULL, NULL);
INSERT INTO bid (ct_email, ct_price, start_date, end_date, is_cash, transport_method, pet_owner, pet_name, bid_status, feedback, rating) VALUES ('Rosamond_Franecki20@hotmail.com', 4, '2020-11-29T17:09:54.762Z', '2020-12-05T03:20:22.767Z', true, 'delivery', 'Bertha_Will@yahoo.com', 'Keshawn', 'submitted', NULL, NULL);
INSERT INTO bid (ct_email, ct_price, start_date, end_date, is_cash, transport_method, pet_owner, pet_name, bid_status, feedback, rating) VALUES ('Tyler20@gmail.com', 1, '2020-11-29T17:09:54.762Z', '2020-12-05T03:20:22.767Z', true, 'delivery', 'Bart_Glover@yahoo.com', 'Sigmund', 'submitted', NULL, NULL);
INSERT INTO bid (ct_email, ct_price, start_date, end_date, is_cash, transport_method, pet_owner, pet_name, bid_status, feedback, rating) VALUES ('Torrance49@hotmail.com', 15, '2020-11-29T17:09:54.762Z', '2020-12-05T03:20:22.767Z', true, 'delivery', 'Immanuel13@gmail.com', 'Merlin', 'submitted', NULL, NULL);
INSERT INTO bid (ct_email, ct_price, start_date, end_date, is_cash, transport_method, pet_owner, pet_name, bid_status, feedback, rating) VALUES ('Bud_Crooks@yahoo.com', 2, '2020-11-29T17:09:54.762Z', '2020-12-05T03:20:22.767Z', true, 'pickup', 'Alvera.Weissnat@hotmail.com', 'Karen', 'submitted', NULL, NULL);
INSERT INTO bid (ct_email, ct_price, start_date, end_date, is_cash, transport_method, pet_owner, pet_name, bid_status, feedback, rating) VALUES ('Alyson.Hamill80@gmail.com', 16, '2020-11-29T17:09:54.762Z', '2020-12-05T03:20:22.767Z', true, 'pcs', 'Dale_Breitenberg@gmail.com', 'Mafalda', 'submitted', NULL, NULL);
INSERT INTO bid (ct_email, ct_price, start_date, end_date, is_cash, transport_method, pet_owner, pet_name, bid_status, feedback, rating) VALUES ('Reynold14@gmail.com', 2, '2020-11-29T17:09:54.762Z', '2020-12-05T03:20:22.767Z', true, 'delivery', 'Rosalia.Crona@hotmail.com', 'Bridie', 'submitted', NULL, NULL);
INSERT INTO bid (ct_email, ct_price, start_date, end_date, is_cash, transport_method, pet_owner, pet_name, bid_status, feedback, rating) VALUES ('Daphnee.Morissette@hotmail.com', 10, '2020-11-29T17:09:54.762Z', '2020-12-05T03:20:22.767Z', true, 'delivery', 'Fay_Russel72@gmail.com', 'Jasmin', 'submitted', NULL, NULL);
INSERT INTO bid (ct_email, ct_price, start_date, end_date, is_cash, transport_method, pet_owner, pet_name, bid_status, feedback, rating) VALUES ('Audrey.Hills@hotmail.com', 14, '2020-11-29T17:09:54.762Z', '2020-12-05T03:20:22.767Z', true, 'pcs', 'Flavie_Pacocha7@yahoo.com', 'Jules', 'submitted', NULL, NULL);
INSERT INTO bid (ct_email, ct_price, start_date, end_date, is_cash, transport_method, pet_owner, pet_name, bid_status, feedback, rating) VALUES ('Cali.Zboncak97@hotmail.com', 14, '2020-11-29T17:09:54.762Z', '2020-12-05T03:20:22.767Z', true, 'delivery', 'Tomasa75@hotmail.com', 'Delilah', 'submitted', NULL, NULL);
INSERT INTO bid (ct_email, ct_price, start_date, end_date, is_cash, transport_method, pet_owner, pet_name, bid_status, feedback, rating) VALUES ('Waino51@hotmail.com', 1, '2020-11-29T17:09:54.762Z', '2020-12-05T03:20:22.767Z', true, 'delivery', 'Layla.Harber64@yahoo.com', 'Kaleb', 'submitted', NULL, NULL);
INSERT INTO bid (ct_email, ct_price, start_date, end_date, is_cash, transport_method, pet_owner, pet_name, bid_status, feedback, rating) VALUES ('Annetta40@hotmail.com', 17, '2020-11-29T17:09:54.762Z', '2020-12-05T03:20:22.767Z', true, 'pickup', 'Angela_Heaney@gmail.com', 'Kylie', 'submitted', NULL, NULL);
INSERT INTO bid (ct_email, ct_price, start_date, end_date, is_cash, transport_method, pet_owner, pet_name, bid_status, feedback, rating) VALUES ('Cicero.Ondricka@gmail.com', 20, '2020-11-29T17:09:54.762Z', '2020-12-05T03:20:22.767Z', true, 'pickup', 'Garry88@gmail.com', 'Lee', 'submitted', NULL, NULL);
INSERT INTO bid (ct_email, ct_price, start_date, end_date, is_cash, transport_method, pet_owner, pet_name, bid_status, feedback, rating) VALUES ('Sonny1@yahoo.com', 4, '2020-11-29T17:09:54.762Z', '2020-12-05T03:20:22.767Z', true, 'pickup', 'Claudia.Heaney66@hotmail.com', 'Itzel', 'submitted', NULL, NULL);
INSERT INTO bid (ct_email, ct_price, start_date, end_date, is_cash, transport_method, pet_owner, pet_name, bid_status, feedback, rating) VALUES ('Barbara.Mitchell36@gmail.com', 18, '2020-11-29T17:09:54.762Z', '2020-12-05T03:20:22.767Z', true, 'pcs', 'Isom22@yahoo.com', 'Kendra', 'submitted', NULL, NULL);
INSERT INTO bid (ct_email, ct_price, start_date, end_date, is_cash, transport_method, pet_owner, pet_name, bid_status, feedback, rating) VALUES ('Patsy39@hotmail.com', 10, '2020-11-29T17:09:54.762Z', '2020-12-05T03:20:22.767Z', true, 'pickup', 'Waino51@hotmail.com', 'Izaiah', 'submitted', NULL, NULL);
INSERT INTO bid (ct_email, ct_price, start_date, end_date, is_cash, transport_method, pet_owner, pet_name, bid_status, feedback, rating) VALUES ('Dylan9@hotmail.com', 19, '2020-11-29T17:09:54.762Z', '2020-12-05T03:20:22.767Z', true, 'delivery', 'Stefanie_Roob17@gmail.com', 'Everette', 'submitted', NULL, NULL);
INSERT INTO bid (ct_email, ct_price, start_date, end_date, is_cash, transport_method, pet_owner, pet_name, bid_status, feedback, rating) VALUES ('Kobe30@gmail.com', 14, '2020-11-29T17:09:54.762Z', '2020-12-05T03:20:22.767Z', true, 'pickup', 'Silas_Hahn77@hotmail.com', 'Gino', 'submitted', NULL, NULL);
INSERT INTO bid (ct_email, ct_price, start_date, end_date, is_cash, transport_method, pet_owner, pet_name, bid_status, feedback, rating) VALUES ('Clementina51@hotmail.com', 9, '2020-11-29T17:09:54.762Z', '2020-12-05T03:20:22.767Z', true, 'delivery', 'Orrin92@gmail.com', 'Larissa', 'submitted', NULL, NULL);
INSERT INTO bid (ct_email, ct_price, start_date, end_date, is_cash, transport_method, pet_owner, pet_name, bid_status, feedback, rating) VALUES ('Josiah59@yahoo.com', 16, '2020-11-29T17:09:54.762Z', '2020-12-05T03:20:22.767Z', true, 'pickup', 'Leanna99@hotmail.com', 'Letha', 'submitted', NULL, NULL);
INSERT INTO bid (ct_email, ct_price, start_date, end_date, is_cash, transport_method, pet_owner, pet_name, bid_status, feedback, rating) VALUES ('Thad_Lueilwitz@yahoo.com', 13, '2020-11-29T17:09:54.762Z', '2020-12-05T03:20:22.767Z', true, 'pcs', 'Art.Mante87@hotmail.com', 'Karlee', 'submitted', NULL, NULL);
INSERT INTO bid (ct_email, ct_price, start_date, end_date, is_cash, transport_method, pet_owner, pet_name, bid_status, feedback, rating) VALUES ('Travis_Schiller@yahoo.com', 2, '2020-11-29T17:09:54.762Z', '2020-12-05T03:20:22.767Z', true, 'pcs', 'Jamaal.Jacobs38@hotmail.com', 'Glennie', 'submitted', NULL, NULL);
INSERT INTO bid (ct_email, ct_price, start_date, end_date, is_cash, transport_method, pet_owner, pet_name, bid_status, feedback, rating) VALUES ('Favian_Effertz@yahoo.com', 2, '2020-11-29T17:09:54.762Z', '2020-12-05T03:20:22.767Z', true, 'pickup', 'Carter.Torphy@hotmail.com', 'Daryl', 'submitted', NULL, NULL);
INSERT INTO bid (ct_email, ct_price, start_date, end_date, is_cash, transport_method, pet_owner, pet_name, bid_status, feedback, rating) VALUES ('Furman_Ondricka@gmail.com', 14, '2020-11-29T17:09:54.762Z', '2020-12-05T03:20:22.767Z', true, 'pickup', 'Abelardo_Stamm@gmail.com', 'Derick', 'submitted', NULL, NULL);
INSERT INTO bid (ct_email, ct_price, start_date, end_date, is_cash, transport_method, pet_owner, pet_name, bid_status, feedback, rating) VALUES ('Florencio.Stamm@yahoo.com', 5, '2020-11-29T17:09:54.762Z', '2020-12-05T03:20:22.767Z', true, 'pcs', 'Angelita_Herman70@hotmail.com', 'Aileen', 'submitted', NULL, NULL);
INSERT INTO bid (ct_email, ct_price, start_date, end_date, is_cash, transport_method, pet_owner, pet_name, bid_status, feedback, rating) VALUES ('Aliyah15@gmail.com', 12, '2020-11-29T17:09:54.762Z', '2020-12-05T03:20:22.767Z', true, 'pcs', 'Natalia_Pfeffer68@hotmail.com', 'Zena', 'submitted', NULL, NULL);
INSERT INTO bid (ct_email, ct_price, start_date, end_date, is_cash, transport_method, pet_owner, pet_name, bid_status, feedback, rating) VALUES ('Wilbert_Sawayn46@hotmail.com', 0, '2020-11-29T17:09:54.762Z', '2020-12-05T03:20:22.767Z', true, 'delivery', 'Franco11@yahoo.com', 'Fanny', 'submitted', NULL, NULL);
INSERT INTO bid (ct_email, ct_price, start_date, end_date, is_cash, transport_method, pet_owner, pet_name, bid_status, feedback, rating) VALUES ('Felix46@yahoo.com', 8, '2020-11-29T17:09:54.762Z', '2020-12-05T03:20:22.767Z', true, 'delivery', 'Stanton_Rath8@yahoo.com', 'Kennith', 'submitted', NULL, NULL);
INSERT INTO bid (ct_email, ct_price, start_date, end_date, is_cash, transport_method, pet_owner, pet_name, bid_status, feedback, rating) VALUES ('Augusta.Wisozk26@yahoo.com', 14, '2020-11-29T17:09:54.762Z', '2020-12-05T03:20:22.767Z', true, 'pcs', 'Troy80@gmail.com', 'Hilda', 'submitted', NULL, NULL);
INSERT INTO bid (ct_email, ct_price, start_date, end_date, is_cash, transport_method, pet_owner, pet_name, bid_status, feedback, rating) VALUES ('Jarod.Boyle@gmail.com', 2, '2020-11-29T17:09:54.762Z', '2020-12-05T03:20:22.767Z', true, 'pcs', 'Katrina43@hotmail.com', 'Christian', 'submitted', NULL, NULL);
INSERT INTO bid (ct_email, ct_price, start_date, end_date, is_cash, transport_method, pet_owner, pet_name, bid_status, feedback, rating) VALUES ('Nyah90@gmail.com', 10, '2020-11-29T17:09:54.762Z', '2020-12-05T03:20:22.767Z', true, 'pickup', 'Violette.Mraz29@gmail.com', 'Verdie', 'submitted', NULL, NULL);
INSERT INTO bid (ct_email, ct_price, start_date, end_date, is_cash, transport_method, pet_owner, pet_name, bid_status, feedback, rating) VALUES ('Jaunita_Borer@yahoo.com', 9, '2020-11-29T17:09:54.762Z', '2020-12-05T03:20:22.767Z', true, 'delivery', 'Alexzander31@hotmail.com', 'Electa', 'submitted', NULL, NULL);
INSERT INTO bid (ct_email, ct_price, start_date, end_date, is_cash, transport_method, pet_owner, pet_name, bid_status, feedback, rating) VALUES ('Kaci.Rolfson53@yahoo.com', 13, '2020-11-29T17:09:54.762Z', '2020-12-05T03:20:22.767Z', true, 'pcs', 'Carson47@gmail.com', 'Stacey', 'submitted', NULL, NULL);
INSERT INTO bid (ct_email, ct_price, start_date, end_date, is_cash, transport_method, pet_owner, pet_name, bid_status, feedback, rating) VALUES ('Rebecca20@yahoo.com', 4, '2020-11-29T17:09:54.762Z', '2020-12-05T03:20:22.767Z', true, 'pcs', 'Kendrick41@hotmail.com', 'Agustina', 'submitted', NULL, NULL);
INSERT INTO bid (ct_email, ct_price, start_date, end_date, is_cash, transport_method, pet_owner, pet_name, bid_status, feedback, rating) VALUES ('Elwyn.Hoeger89@gmail.com', 18, '2020-11-29T17:09:54.762Z', '2020-12-05T03:20:22.767Z', true, 'pickup', 'Damion_Daugherty@gmail.com', 'Olin', 'submitted', NULL, NULL);
INSERT INTO bid (ct_email, ct_price, start_date, end_date, is_cash, transport_method, pet_owner, pet_name, bid_status, feedback, rating) VALUES ('Darion43@gmail.com', 19, '2020-11-29T17:09:54.762Z', '2020-12-05T03:20:22.767Z', true, 'pickup', 'Dexter_Lockman@gmail.com', 'Viviane', 'submitted', NULL, NULL);
INSERT INTO bid (ct_email, ct_price, start_date, end_date, is_cash, transport_method, pet_owner, pet_name, bid_status, feedback, rating) VALUES ('Lelah.Dare@hotmail.com', 7, '2020-11-29T17:09:54.762Z', '2020-12-05T03:20:22.767Z', true, 'pickup', 'Torrance49@hotmail.com', 'Concepcion', 'submitted', NULL, NULL);
INSERT INTO bid (ct_email, ct_price, start_date, end_date, is_cash, transport_method, pet_owner, pet_name, bid_status, feedback, rating) VALUES ('Joaquin.Terry@hotmail.com', 12, '2020-11-29T17:09:54.762Z', '2020-12-05T03:20:22.767Z', true, 'pcs', 'Miller_Keebler@yahoo.com', 'Frank', 'submitted', NULL, NULL);
INSERT INTO bid (ct_email, ct_price, start_date, end_date, is_cash, transport_method, pet_owner, pet_name, bid_status, feedback, rating) VALUES ('Rickey34@yahoo.com', 6, '2020-11-29T17:09:54.762Z', '2020-12-05T03:20:22.767Z', true, 'pickup', 'Reba.Maggio@yahoo.com', 'Pete', 'submitted', NULL, NULL);
INSERT INTO bid (ct_email, ct_price, start_date, end_date, is_cash, transport_method, pet_owner, pet_name, bid_status, feedback, rating) VALUES ('Alba_Balistreri@hotmail.com', 3, '2020-11-29T17:09:54.762Z', '2020-12-05T03:20:22.767Z', true, 'pcs', 'Katelynn_Jakubowski71@yahoo.com', 'Xander', 'submitted', NULL, NULL);
INSERT INTO bid (ct_email, ct_price, start_date, end_date, is_cash, transport_method, pet_owner, pet_name, bid_status, feedback, rating) VALUES ('Roscoe.Mante@gmail.com', 1, '2020-11-29T17:09:54.762Z', '2020-12-05T03:20:22.767Z', true, 'pickup', 'Cordia_Renner15@gmail.com', 'Bo', 'submitted', NULL, NULL);
INSERT INTO bid (ct_email, ct_price, start_date, end_date, is_cash, transport_method, pet_owner, pet_name, bid_status, feedback, rating) VALUES ('Kendra60@hotmail.com', 18, '2020-11-29T17:09:54.762Z', '2020-12-05T03:20:22.767Z', true, 'pcs', 'Sonia.Medhurst@yahoo.com', 'Orlando', 'submitted', NULL, NULL);
INSERT INTO bid (ct_email, ct_price, start_date, end_date, is_cash, transport_method, pet_owner, pet_name, bid_status, feedback, rating) VALUES ('Harmony27@gmail.com', 3, '2020-11-29T17:09:54.762Z', '2020-12-05T03:20:22.767Z', true, 'pickup', 'Jaunita_Borer@yahoo.com', 'Josephine', 'submitted', NULL, NULL);
INSERT INTO bid (ct_email, ct_price, start_date, end_date, is_cash, transport_method, pet_owner, pet_name, bid_status, feedback, rating) VALUES ('Nadia46@gmail.com', 20, '2020-11-29T17:09:54.762Z', '2020-12-05T03:20:22.767Z', true, 'delivery', 'Jacques.Cummings@hotmail.com', 'Roxane', 'submitted', NULL, NULL);
INSERT INTO bid (ct_email, ct_price, start_date, end_date, is_cash, transport_method, pet_owner, pet_name, bid_status, feedback, rating) VALUES ('Herminio.Von@gmail.com', 7, '2020-11-29T17:09:54.762Z', '2020-12-05T03:20:22.767Z', true, 'pcs', 'German65@hotmail.com', 'Annetta', 'submitted', NULL, NULL);
INSERT INTO bid (ct_email, ct_price, start_date, end_date, is_cash, transport_method, pet_owner, pet_name, bid_status, feedback, rating) VALUES ('Zoie.Crona0@yahoo.com', 19, '2020-11-29T17:09:54.762Z', '2020-12-05T03:20:22.767Z', true, 'pickup', 'Juliet.OConnell10@hotmail.com', 'Yoshiko', 'submitted', NULL, NULL);
INSERT INTO bid (ct_email, ct_price, start_date, end_date, is_cash, transport_method, pet_owner, pet_name, bid_status, feedback, rating) VALUES ('Kattie96@yahoo.com', 20, '2020-11-29T17:09:54.762Z', '2020-12-05T03:20:22.767Z', true, 'pickup', 'Margarette_Graham@gmail.com', 'Jacey', 'submitted', NULL, NULL);
INSERT INTO bid (ct_email, ct_price, start_date, end_date, is_cash, transport_method, pet_owner, pet_name, bid_status, feedback, rating) VALUES ('Trever.Smith38@hotmail.com', 12, '2020-11-29T17:09:54.762Z', '2020-12-05T03:20:22.767Z', true, 'pickup', 'Elton_Schiller@gmail.com', 'Ila', 'submitted', NULL, NULL);
INSERT INTO bid (ct_email, ct_price, start_date, end_date, is_cash, transport_method, pet_owner, pet_name, bid_status, feedback, rating) VALUES ('Mike27@hotmail.com', 8, '2020-11-29T17:09:54.762Z', '2020-12-05T03:20:22.767Z', true, 'delivery', 'Jany95@gmail.com', 'Johanna', 'submitted', NULL, NULL);
INSERT INTO bid (ct_email, ct_price, start_date, end_date, is_cash, transport_method, pet_owner, pet_name, bid_status, feedback, rating) VALUES ('Kasandra_Quitzon@yahoo.com', 6, '2020-11-29T17:09:54.762Z', '2020-12-05T03:20:22.767Z', true, 'pcs', 'Leif_Gerhold64@yahoo.com', 'Krystel', 'submitted', NULL, NULL);
INSERT INTO bid (ct_email, ct_price, start_date, end_date, is_cash, transport_method, pet_owner, pet_name, bid_status, feedback, rating) VALUES ('Stevie61@hotmail.com', 2, '2020-11-29T17:09:54.762Z', '2020-12-05T03:20:22.767Z', true, 'pickup', 'Kathleen_Wiegand3@hotmail.com', 'Mauricio', 'submitted', NULL, NULL);
INSERT INTO bid (ct_email, ct_price, start_date, end_date, is_cash, transport_method, pet_owner, pet_name, bid_status, feedback, rating) VALUES ('Delfina.Sipes@hotmail.com', 12, '2020-11-29T17:09:54.762Z', '2020-12-05T03:20:22.767Z', true, 'pcs', 'Halie49@hotmail.com', 'Onie', 'submitted', NULL, NULL);
INSERT INTO bid (ct_email, ct_price, start_date, end_date, is_cash, transport_method, pet_owner, pet_name, bid_status, feedback, rating) VALUES ('Dorothy_Kuhn82@yahoo.com', 4, '2020-11-29T17:09:54.762Z', '2020-12-05T03:20:22.767Z', true, 'pcs', 'Katharina.Kautzer97@gmail.com', 'Aiden', 'submitted', NULL, NULL);
INSERT INTO bid (ct_email, ct_price, start_date, end_date, is_cash, transport_method, pet_owner, pet_name, bid_status, feedback, rating) VALUES ('Rosanna.Von57@hotmail.com', 5, '2020-11-29T17:09:54.762Z', '2020-12-05T03:20:22.767Z', true, 'pcs', 'Davin92@gmail.com', 'Cleo', 'submitted', NULL, NULL);
INSERT INTO bid (ct_email, ct_price, start_date, end_date, is_cash, transport_method, pet_owner, pet_name, bid_status, feedback, rating) VALUES ('Savion_Smitham@yahoo.com', 0, '2020-11-29T17:09:54.762Z', '2020-12-05T03:20:22.767Z', true, 'pickup', 'Rosalyn46@gmail.com', 'Jany', 'submitted', NULL, NULL);
INSERT INTO bid (ct_email, ct_price, start_date, end_date, is_cash, transport_method, pet_owner, pet_name, bid_status, feedback, rating) VALUES ('Lue17@hotmail.com', 13, '2020-11-29T17:09:54.762Z', '2020-12-05T03:20:22.767Z', true, 'delivery', 'Bianka.Oberbrunner41@gmail.com', 'Kasandra', 'submitted', NULL, NULL);
INSERT INTO bid (ct_email, ct_price, start_date, end_date, is_cash, transport_method, pet_owner, pet_name, bid_status, feedback, rating) VALUES ('Marietta61@gmail.com', 9, '2020-11-29T17:09:54.762Z', '2020-12-05T03:20:22.767Z', true, 'pickup', 'Carolyne_Sipes@hotmail.com', 'Eleanora', 'submitted', NULL, NULL);
INSERT INTO bid (ct_email, ct_price, start_date, end_date, is_cash, transport_method, pet_owner, pet_name, bid_status, feedback, rating) VALUES ('Nicklaus_Schmeler11@hotmail.com', 11, '2020-11-29T17:09:54.762Z', '2020-12-05T03:20:22.767Z', true, 'pcs', 'Cali.Zboncak97@hotmail.com', 'Kay', 'submitted', NULL, NULL);
INSERT INTO bid (ct_email, ct_price, start_date, end_date, is_cash, transport_method, pet_owner, pet_name, bid_status, feedback, rating) VALUES ('Nadia.Schmidt@yahoo.com', 2, '2020-11-29T17:09:54.762Z', '2020-12-05T03:20:22.767Z', true, 'delivery', 'Ramiro25@gmail.com', 'Verona', 'submitted', NULL, NULL);
INSERT INTO bid (ct_email, ct_price, start_date, end_date, is_cash, transport_method, pet_owner, pet_name, bid_status, feedback, rating) VALUES ('Shanon33@yahoo.com', 13, '2020-11-29T17:09:54.762Z', '2020-12-05T03:20:22.767Z', true, 'delivery', 'Juliana87@hotmail.com', 'London', 'submitted', NULL, NULL);
INSERT INTO bid (ct_email, ct_price, start_date, end_date, is_cash, transport_method, pet_owner, pet_name, bid_status, feedback, rating) VALUES ('Claude70@hotmail.com', 11, '2020-11-29T17:09:54.762Z', '2020-12-05T03:20:22.767Z', true, 'pcs', 'Domenica_Ondricka1@gmail.com', 'Lilliana', 'submitted', NULL, NULL);
INSERT INTO bid (ct_email, ct_price, start_date, end_date, is_cash, transport_method, pet_owner, pet_name, bid_status, feedback, rating) VALUES ('Erik.Bartell@hotmail.com', 13, '2020-11-29T17:09:54.762Z', '2020-12-05T03:20:22.767Z', true, 'pickup', 'Darryl_Ward@hotmail.com', 'Elmira', 'submitted', NULL, NULL);
INSERT INTO bid (ct_email, ct_price, start_date, end_date, is_cash, transport_method, pet_owner, pet_name, bid_status, feedback, rating) VALUES ('Lina33@gmail.com', 0, '2020-11-29T17:09:54.762Z', '2020-12-05T03:20:22.767Z', true, 'pcs', 'Lee89@hotmail.com', 'Aglae', 'submitted', NULL, NULL);
INSERT INTO bid (ct_email, ct_price, start_date, end_date, is_cash, transport_method, pet_owner, pet_name, bid_status, feedback, rating) VALUES ('Demario99@hotmail.com', 18, '2020-11-29T17:09:54.762Z', '2020-12-05T03:20:22.767Z', true, 'delivery', 'Christiana_OConner19@hotmail.com', 'Cecelia', 'submitted', NULL, NULL);
INSERT INTO bid (ct_email, ct_price, start_date, end_date, is_cash, transport_method, pet_owner, pet_name, bid_status, feedback, rating) VALUES ('Eileen.Reynolds28@hotmail.com', 12, '2020-11-29T17:09:54.762Z', '2020-12-05T03:20:22.767Z', true, 'delivery', 'Lupe_Hilll@gmail.com', 'Jaylan', 'submitted', NULL, NULL);
INSERT INTO bid (ct_email, ct_price, start_date, end_date, is_cash, transport_method, pet_owner, pet_name, bid_status, feedback, rating) VALUES ('Andrew.Sanford@yahoo.com', 12, '2020-11-29T17:09:54.762Z', '2020-12-05T03:20:22.767Z', true, 'pickup', 'Albin.Sawayn3@yahoo.com', 'Mohammad', 'submitted', NULL, NULL);
INSERT INTO bid (ct_email, ct_price, start_date, end_date, is_cash, transport_method, pet_owner, pet_name, bid_status, feedback, rating) VALUES ('Ottilie.Carter18@gmail.com', 12, '2020-11-29T17:09:54.762Z', '2020-12-05T03:20:22.767Z', true, 'pickup', 'Kip_Thiel70@yahoo.com', 'Ethel', 'submitted', NULL, NULL);
INSERT INTO bid (ct_email, ct_price, start_date, end_date, is_cash, transport_method, pet_owner, pet_name, bid_status, feedback, rating) VALUES ('Ruthe88@gmail.com', 1, '2020-11-29T17:09:54.762Z', '2020-12-05T03:20:22.767Z', true, 'pickup', 'Kurt51@hotmail.com', 'Joelle', 'submitted', NULL, NULL);
INSERT INTO bid (ct_email, ct_price, start_date, end_date, is_cash, transport_method, pet_owner, pet_name, bid_status, feedback, rating) VALUES ('Ardella_Klocko97@yahoo.com', 2, '2020-11-29T17:09:54.762Z', '2020-12-05T03:20:22.767Z', true, 'delivery', 'Junius.Hayes76@hotmail.com', 'Oceane', 'submitted', NULL, NULL);
INSERT INTO bid (ct_email, ct_price, start_date, end_date, is_cash, transport_method, pet_owner, pet_name, bid_status, feedback, rating) VALUES ('Jovanny43@yahoo.com', 14, '2020-11-29T17:09:54.762Z', '2020-12-05T03:20:22.767Z', true, 'delivery', 'Yvonne5@hotmail.com', 'Elna', 'submitted', NULL, NULL);
INSERT INTO bid (ct_email, ct_price, start_date, end_date, is_cash, transport_method, pet_owner, pet_name, bid_status, feedback, rating) VALUES ('Rosina.Schneider28@gmail.com', 2, '2020-11-29T17:09:54.762Z', '2020-12-05T03:20:22.767Z', true, 'delivery', 'Schuyler48@yahoo.com', 'Larue', 'submitted', NULL, NULL);
INSERT INTO bid (ct_email, ct_price, start_date, end_date, is_cash, transport_method, pet_owner, pet_name, bid_status, feedback, rating) VALUES ('Vaughn.Weissnat68@hotmail.com', 2, '2020-11-29T17:09:54.762Z', '2020-12-05T03:20:22.767Z', true, 'delivery', 'Corbin_Predovic1@yahoo.com', 'Kyle', 'submitted', NULL, NULL);
INSERT INTO bid (ct_email, ct_price, start_date, end_date, is_cash, transport_method, pet_owner, pet_name, bid_status, feedback, rating) VALUES ('Tyrese49@hotmail.com', 18, '2020-11-29T17:09:54.762Z', '2020-12-05T03:20:22.767Z', true, 'pickup', 'Katlynn96@hotmail.com', 'Jennyfer', 'submitted', NULL, NULL);
INSERT INTO bid (ct_email, ct_price, start_date, end_date, is_cash, transport_method, pet_owner, pet_name, bid_status, feedback, rating) VALUES ('Franco_Nienow6@gmail.com', 10, '2020-11-29T17:09:54.762Z', '2020-12-05T03:20:22.767Z', true, 'pickup', 'Ismael_Senger@hotmail.com', 'Maribel', 'submitted', NULL, NULL);
INSERT INTO bid (ct_email, ct_price, start_date, end_date, is_cash, transport_method, pet_owner, pet_name, bid_status, feedback, rating) VALUES ('Bailey.Gaylord61@yahoo.com', 5, '2020-11-29T17:09:54.762Z', '2020-12-05T03:20:22.767Z', true, 'delivery', 'Erica_Kovacek@yahoo.com', 'Kiarra', 'submitted', NULL, NULL);
INSERT INTO bid (ct_email, ct_price, start_date, end_date, is_cash, transport_method, pet_owner, pet_name, bid_status, feedback, rating) VALUES ('Garry88@gmail.com', 8, '2020-11-29T17:09:54.762Z', '2020-12-05T03:20:22.767Z', true, 'pickup', 'Henderson_Fritsch@hotmail.com', 'Weston', 'submitted', NULL, NULL);
INSERT INTO bid (ct_email, ct_price, start_date, end_date, is_cash, transport_method, pet_owner, pet_name, bid_status, feedback, rating) VALUES ('Katelynn_Jakubowski71@yahoo.com', 3, '2020-11-29T17:09:54.762Z', '2020-12-05T03:20:22.767Z', true, 'pickup', 'Trudie55@hotmail.com', 'Leif', 'submitted', NULL, NULL);
INSERT INTO bid (ct_email, ct_price, start_date, end_date, is_cash, transport_method, pet_owner, pet_name, bid_status, feedback, rating) VALUES ('Andre98@hotmail.com', 4, '2020-11-29T17:09:54.762Z', '2020-12-05T03:20:22.767Z', true, 'delivery', 'Katrina_Kutch@yahoo.com', 'Leonora', 'submitted', NULL, NULL);
INSERT INTO bid (ct_email, ct_price, start_date, end_date, is_cash, transport_method, pet_owner, pet_name, bid_status, feedback, rating) VALUES ('Florence73@hotmail.com', 12, '2020-11-29T17:09:54.762Z', '2020-12-05T03:20:22.767Z', true, 'pickup', 'Hanna_McClure@gmail.com', 'Kirstin', 'submitted', NULL, NULL);
INSERT INTO bid (ct_email, ct_price, start_date, end_date, is_cash, transport_method, pet_owner, pet_name, bid_status, feedback, rating) VALUES ('Eddie10@yahoo.com', 8, '2020-11-29T17:09:54.762Z', '2020-12-05T03:20:22.767Z', true, 'delivery', 'Yasmine_Jenkins69@gmail.com', 'Jarrett', 'submitted', NULL, NULL);
INSERT INTO bid (ct_email, ct_price, start_date, end_date, is_cash, transport_method, pet_owner, pet_name, bid_status, feedback, rating) VALUES ('Samantha_Parker15@yahoo.com', 4, '2020-11-29T17:09:54.762Z', '2020-12-05T03:20:22.767Z', true, 'pickup', 'Mohamed_Kshlerin@hotmail.com', 'Pauline', 'submitted', NULL, NULL);
INSERT INTO bid (ct_email, ct_price, start_date, end_date, is_cash, transport_method, pet_owner, pet_name, bid_status, feedback, rating) VALUES ('Beverly69@gmail.com', 3, '2020-11-29T17:09:54.762Z', '2020-12-05T03:20:22.767Z', true, 'pcs', 'Max_Witting@yahoo.com', 'Felix', 'submitted', NULL, NULL);
INSERT INTO bid (ct_email, ct_price, start_date, end_date, is_cash, transport_method, pet_owner, pet_name, bid_status, feedback, rating) VALUES ('Wallace_Heidenreich@hotmail.com', 9, '2020-11-29T17:09:54.762Z', '2020-12-05T03:20:22.767Z', true, 'pickup', 'Geovanni.OKon@hotmail.com', 'Sonya', 'submitted', NULL, NULL);
INSERT INTO bid (ct_email, ct_price, start_date, end_date, is_cash, transport_method, pet_owner, pet_name, bid_status, feedback, rating) VALUES ('Diana_Bradtke@yahoo.com', 18, '2020-11-29T17:09:54.762Z', '2020-12-05T03:20:22.767Z', true, 'delivery', 'Elliott.Toy83@hotmail.com', 'Shemar', 'submitted', NULL, NULL);
INSERT INTO bid (ct_email, ct_price, start_date, end_date, is_cash, transport_method, pet_owner, pet_name, bid_status, feedback, rating) VALUES ('Vernice.Gaylord@gmail.com', 0, '2020-11-29T17:09:54.762Z', '2020-12-05T03:20:22.767Z', true, 'pickup', 'Helene98@hotmail.com', 'Michael', 'submitted', NULL, NULL);
INSERT INTO bid (ct_email, ct_price, start_date, end_date, is_cash, transport_method, pet_owner, pet_name, bid_status, feedback, rating) VALUES ('Alexandro63@yahoo.com', 13, '2020-11-29T17:09:54.762Z', '2020-12-05T03:20:22.767Z', true, 'pickup', 'Eleanore34@hotmail.com', 'Lina', 'submitted', NULL, NULL);
INSERT INTO bid (ct_email, ct_price, start_date, end_date, is_cash, transport_method, pet_owner, pet_name, bid_status, feedback, rating) VALUES ('Alysa77@hotmail.com', 20, '2020-11-29T17:09:54.762Z', '2020-12-05T03:20:22.767Z', true, 'pickup', 'Arnoldo74@hotmail.com', 'Gillian', 'submitted', NULL, NULL);
INSERT INTO bid (ct_email, ct_price, start_date, end_date, is_cash, transport_method, pet_owner, pet_name, bid_status, feedback, rating) VALUES ('Sonia.Medhurst@yahoo.com', 17, '2020-11-29T17:09:54.762Z', '2020-12-05T03:20:22.767Z', true, 'delivery', 'Viviane41@hotmail.com', 'Kamron', 'submitted', NULL, NULL);
INSERT INTO bid (ct_email, ct_price, start_date, end_date, is_cash, transport_method, pet_owner, pet_name, bid_status, feedback, rating) VALUES ('Jamel44@yahoo.com', 18, '2020-11-29T17:09:54.762Z', '2020-12-05T03:20:22.767Z', true, 'delivery', 'Dorthy10@gmail.com', 'Kim', 'submitted', NULL, NULL);
INSERT INTO bid (ct_email, ct_price, start_date, end_date, is_cash, transport_method, pet_owner, pet_name, bid_status, feedback, rating) VALUES ('Janessa71@hotmail.com', 20, '2020-11-29T17:09:54.762Z', '2020-12-05T03:20:22.767Z', true, 'pcs', 'Guadalupe47@hotmail.com', 'Deanna', 'submitted', NULL, NULL);
INSERT INTO bid (ct_email, ct_price, start_date, end_date, is_cash, transport_method, pet_owner, pet_name, bid_status, feedback, rating) VALUES ('Buford28@yahoo.com', 13, '2020-11-29T17:09:54.762Z', '2020-12-05T03:20:22.767Z', true, 'pcs', 'Jimmy_Bednar49@hotmail.com', 'Brooke', 'submitted', NULL, NULL);
INSERT INTO bid (ct_email, ct_price, start_date, end_date, is_cash, transport_method, pet_owner, pet_name, bid_status, feedback, rating) VALUES ('Chandler.Sipes@yahoo.com', 6, '2020-11-29T17:09:54.762Z', '2020-12-05T03:20:22.767Z', true, 'pickup', 'Dorian_Rice@hotmail.com', 'Davion', 'submitted', NULL, NULL);
INSERT INTO bid (ct_email, ct_price, start_date, end_date, is_cash, transport_method, pet_owner, pet_name, bid_status, feedback, rating) VALUES ('Yvonne5@hotmail.com', 16, '2020-11-29T17:09:54.762Z', '2020-12-05T03:20:22.767Z', true, 'pickup', 'Viviane_Borer14@hotmail.com', 'Kathryne', 'submitted', NULL, NULL);
INSERT INTO bid (ct_email, ct_price, start_date, end_date, is_cash, transport_method, pet_owner, pet_name, bid_status, feedback, rating) VALUES ('Else.Schneider@gmail.com', 19, '2020-11-29T17:09:54.762Z', '2020-12-05T03:20:22.767Z', true, 'pcs', 'Maia.Labadie7@hotmail.com', 'Chet', 'submitted', NULL, NULL);
INSERT INTO bid (ct_email, ct_price, start_date, end_date, is_cash, transport_method, pet_owner, pet_name, bid_status, feedback, rating) VALUES ('Fiona_Wiza13@gmail.com', 3, '2020-11-29T17:09:54.762Z', '2020-12-05T03:20:22.767Z', true, 'delivery', 'Alexandrea_Mayert24@hotmail.com', 'Madisyn', 'submitted', NULL, NULL);
INSERT INTO bid (ct_email, ct_price, start_date, end_date, is_cash, transport_method, pet_owner, pet_name, bid_status, feedback, rating) VALUES ('Billie86@gmail.com', 1, '2020-11-29T17:09:54.762Z', '2020-12-05T03:20:22.767Z', true, 'pickup', 'Emmanuelle68@gmail.com', 'Gust', 'submitted', NULL, NULL);
INSERT INTO bid (ct_email, ct_price, start_date, end_date, is_cash, transport_method, pet_owner, pet_name, bid_status, feedback, rating) VALUES ('Grant_Kerluke64@yahoo.com', 17, '2020-11-29T17:09:54.762Z', '2020-12-05T03:20:22.767Z', true, 'pcs', 'Adan_Haley79@hotmail.com', 'Elmo', 'submitted', NULL, NULL);
INSERT INTO bid (ct_email, ct_price, start_date, end_date, is_cash, transport_method, pet_owner, pet_name, bid_status, feedback, rating) VALUES ('Josh_Koelpin7@hotmail.com', 19, '2020-11-29T17:09:54.762Z', '2020-12-05T03:20:22.767Z', true, 'pickup', 'Norval_Lockman24@yahoo.com', 'Max', 'submitted', NULL, NULL);
INSERT INTO bid (ct_email, ct_price, start_date, end_date, is_cash, transport_method, pet_owner, pet_name, bid_status, feedback, rating) VALUES ('Dena11@gmail.com', 2, '2020-11-29T17:09:54.762Z', '2020-12-05T03:20:22.767Z', true, 'delivery', 'Hailie_Stracke@hotmail.com', 'Lavina', 'submitted', NULL, NULL);
INSERT INTO bid (ct_email, ct_price, start_date, end_date, is_cash, transport_method, pet_owner, pet_name, bid_status, feedback, rating) VALUES ('Barry_Waelchi@yahoo.com', 18, '2020-11-29T17:09:54.762Z', '2020-12-05T03:20:22.767Z', true, 'pcs', 'Tyrese49@hotmail.com', 'Clemens', 'submitted', NULL, NULL);
INSERT INTO bid (ct_email, ct_price, start_date, end_date, is_cash, transport_method, pet_owner, pet_name, bid_status, feedback, rating) VALUES ('Kip_Thiel70@yahoo.com', 17, '2020-11-29T17:09:54.762Z', '2020-12-05T03:20:22.767Z', true, 'pickup', 'Trever60@hotmail.com', 'Chase', 'submitted', NULL, NULL);
INSERT INTO bid (ct_email, ct_price, start_date, end_date, is_cash, transport_method, pet_owner, pet_name, bid_status, feedback, rating) VALUES ('Jackson1@gmail.com', 2, '2020-11-29T17:09:54.762Z', '2020-12-05T03:20:22.767Z', true, 'pickup', 'Kathlyn84@gmail.com', 'Victoria', 'submitted', NULL, NULL);
INSERT INTO bid (ct_email, ct_price, start_date, end_date, is_cash, transport_method, pet_owner, pet_name, bid_status, feedback, rating) VALUES ('Kadin.Schuppe@hotmail.com', 19, '2020-11-29T17:09:54.762Z', '2020-12-05T03:20:22.767Z', true, 'pcs', 'Joey74@gmail.com', 'Demetrius', 'submitted', NULL, NULL);
INSERT INTO bid (ct_email, ct_price, start_date, end_date, is_cash, transport_method, pet_owner, pet_name, bid_status, feedback, rating) VALUES ('Wilton43@hotmail.com', 5, '2020-11-29T17:09:54.762Z', '2020-12-05T03:20:22.767Z', true, 'delivery', 'Tracey4@hotmail.com', 'Dianna', 'submitted', NULL, NULL);
INSERT INTO bid (ct_email, ct_price, start_date, end_date, is_cash, transport_method, pet_owner, pet_name, bid_status, feedback, rating) VALUES ('Angelita_Herman70@hotmail.com', 17, '2020-11-29T17:09:54.762Z', '2020-12-05T03:20:22.767Z', true, 'pcs', 'Vilma.Schneider91@gmail.com', 'Laisha', 'submitted', NULL, NULL);
INSERT INTO bid (ct_email, ct_price, start_date, end_date, is_cash, transport_method, pet_owner, pet_name, bid_status, feedback, rating) VALUES ('Katlynn84@hotmail.com', 17, '2020-11-29T17:09:54.762Z', '2020-12-05T03:20:22.767Z', true, 'delivery', 'Dakota.Kuvalis@hotmail.com', 'Fern', 'submitted', NULL, NULL);
INSERT INTO bid (ct_email, ct_price, start_date, end_date, is_cash, transport_method, pet_owner, pet_name, bid_status, feedback, rating) VALUES ('Estevan.Moore79@yahoo.com', 5, '2020-11-29T17:09:54.762Z', '2020-12-05T03:20:22.767Z', true, 'pickup', 'Mack_Hills26@hotmail.com', 'Aliya', 'submitted', NULL, NULL);
INSERT INTO bid (ct_email, ct_price, start_date, end_date, is_cash, transport_method, pet_owner, pet_name, bid_status, feedback, rating) VALUES ('Jimmy.Koch40@gmail.com', 3, '2020-11-29T17:09:54.762Z', '2020-12-05T03:20:22.767Z', true, 'pcs', 'Alysa77@hotmail.com', 'Moshe', 'submitted', NULL, NULL);
INSERT INTO bid (ct_email, ct_price, start_date, end_date, is_cash, transport_method, pet_owner, pet_name, bid_status, feedback, rating) VALUES ('Harley_Boehm@yahoo.com', 8, '2020-11-29T17:09:54.762Z', '2020-12-05T03:20:22.767Z', true, 'pcs', 'Vincent_Deckow88@gmail.com', 'Raoul', 'submitted', NULL, NULL);
INSERT INTO bid (ct_email, ct_price, start_date, end_date, is_cash, transport_method, pet_owner, pet_name, bid_status, feedback, rating) VALUES ('Gardner.Kuvalis@gmail.com', 9, '2020-11-29T17:09:54.762Z', '2020-12-05T03:20:22.767Z', true, 'pickup', 'Julien.Towne@gmail.com', 'Katlynn', 'submitted', NULL, NULL);
INSERT INTO bid (ct_email, ct_price, start_date, end_date, is_cash, transport_method, pet_owner, pet_name, bid_status, feedback, rating) VALUES ('Edwina92@gmail.com', 3, '2020-11-29T17:09:54.762Z', '2020-12-05T03:20:22.767Z', true, 'pickup', 'Dorothy.Muller@yahoo.com', 'Nya', 'submitted', NULL, NULL);
INSERT INTO bid (ct_email, ct_price, start_date, end_date, is_cash, transport_method, pet_owner, pet_name, bid_status, feedback, rating) VALUES ('Mable_Daugherty99@hotmail.com', 18, '2020-11-29T17:09:54.762Z', '2020-12-05T03:20:22.767Z', true, 'pcs', 'Tyrel_Murazik@gmail.com', 'Shannon', 'submitted', NULL, NULL);
INSERT INTO bid (ct_email, ct_price, start_date, end_date, is_cash, transport_method, pet_owner, pet_name, bid_status, feedback, rating) VALUES ('Leon_Kulas@yahoo.com', 18, '2020-11-29T17:09:54.762Z', '2020-12-05T03:20:22.767Z', true, 'pickup', 'Marielle_Deckow84@yahoo.com', 'Chesley', 'submitted', NULL, NULL);
INSERT INTO bid (ct_email, ct_price, start_date, end_date, is_cash, transport_method, pet_owner, pet_name, bid_status, feedback, rating) VALUES ('Lane.Hegmann41@gmail.com', 7, '2020-11-29T17:09:54.762Z', '2020-12-05T03:20:22.767Z', true, 'pickup', 'Joe27@gmail.com', 'Layla', 'submitted', NULL, NULL);
INSERT INTO bid (ct_email, ct_price, start_date, end_date, is_cash, transport_method, pet_owner, pet_name, bid_status, feedback, rating) VALUES ('Hanna.Homenick31@yahoo.com', 12, '2020-11-29T17:09:54.762Z', '2020-12-05T03:20:22.767Z', true, 'pickup', 'Dorothy_Kuhn82@yahoo.com', 'Liana', 'submitted', NULL, NULL);
INSERT INTO bid (ct_email, ct_price, start_date, end_date, is_cash, transport_method, pet_owner, pet_name, bid_status, feedback, rating) VALUES ('Antwan56@yahoo.com', 18, '2020-11-29T17:09:54.762Z', '2020-12-05T03:20:22.767Z', true, 'delivery', 'Shannon74@yahoo.com', 'Jefferey', 'submitted', NULL, NULL);
INSERT INTO bid (ct_email, ct_price, start_date, end_date, is_cash, transport_method, pet_owner, pet_name, bid_status, feedback, rating) VALUES ('Mack_Hills26@hotmail.com', 19, '2020-11-29T17:09:54.762Z', '2020-12-05T03:20:22.767Z', true, 'pcs', 'German_Frami83@gmail.com', 'Seamus', 'submitted', NULL, NULL);
INSERT INTO bid (ct_email, ct_price, start_date, end_date, is_cash, transport_method, pet_owner, pet_name, bid_status, feedback, rating) VALUES ('Elton_Schiller@gmail.com', 19, '2020-11-29T17:09:54.762Z', '2020-12-05T03:20:22.767Z', true, 'pickup', 'Westley_Hyatt@yahoo.com', 'Matilda', 'submitted', NULL, NULL);
INSERT INTO bid (ct_email, ct_price, start_date, end_date, is_cash, transport_method, pet_owner, pet_name, bid_status, feedback, rating) VALUES ('Gianni.Koelpin55@hotmail.com', 2, '2020-11-29T17:09:54.762Z', '2020-12-05T03:20:22.767Z', true, 'delivery', 'Ashton32@gmail.com', 'Claudia', 'submitted', NULL, NULL);
INSERT INTO bid (ct_email, ct_price, start_date, end_date, is_cash, transport_method, pet_owner, pet_name, bid_status, feedback, rating) VALUES ('Hulda_Quitzon26@yahoo.com', 8, '2020-11-29T17:09:54.762Z', '2020-12-05T03:20:22.767Z', true, 'pcs', 'Marguerite47@gmail.com', 'Savanah', 'submitted', NULL, NULL);
INSERT INTO bid (ct_email, ct_price, start_date, end_date, is_cash, transport_method, pet_owner, pet_name, bid_status, feedback, rating) VALUES ('Scottie.Frami3@gmail.com', 11, '2020-11-29T17:09:54.762Z', '2020-12-05T03:20:22.767Z', true, 'delivery', 'Diana_Bradtke@yahoo.com', 'Johnson', 'submitted', NULL, NULL);
INSERT INTO bid (ct_email, ct_price, start_date, end_date, is_cash, transport_method, pet_owner, pet_name, bid_status, feedback, rating) VALUES ('Carmela55@gmail.com', 20, '2020-11-29T17:09:54.762Z', '2020-12-05T03:20:22.767Z', true, 'pickup', 'Santiago_Strosin@yahoo.com', 'Jerel', 'submitted', NULL, NULL);
INSERT INTO bid (ct_email, ct_price, start_date, end_date, is_cash, transport_method, pet_owner, pet_name, bid_status, feedback, rating) VALUES ('Yasmine_Jenkins69@gmail.com', 20, '2020-11-29T17:09:54.762Z', '2020-12-05T03:20:22.767Z', true, 'pickup', 'Elbert_Ruecker@hotmail.com', 'Vincenza', 'submitted', NULL, NULL);
INSERT INTO bid (ct_email, ct_price, start_date, end_date, is_cash, transport_method, pet_owner, pet_name, bid_status, feedback, rating) VALUES ('Barry.Rodriguez82@yahoo.com', 11, '2020-11-29T17:09:54.762Z', '2020-12-05T03:20:22.767Z', true, 'pcs', 'Bernardo64@gmail.com', 'Shanon', 'submitted', NULL, NULL);
INSERT INTO bid (ct_email, ct_price, start_date, end_date, is_cash, transport_method, pet_owner, pet_name, bid_status, feedback, rating) VALUES ('Ben_Johns@yahoo.com', 0, '2020-11-29T17:09:54.762Z', '2020-12-05T03:20:22.767Z', true, 'pickup', 'Mckenna.Grimes@hotmail.com', 'Audreanne', 'submitted', NULL, NULL);
INSERT INTO bid (ct_email, ct_price, start_date, end_date, is_cash, transport_method, pet_owner, pet_name, bid_status, feedback, rating) VALUES ('Lon_Crooks@gmail.com', 12, '2020-11-29T17:09:54.762Z', '2020-12-05T03:20:22.767Z', true, 'delivery', 'Noah.Marvin35@yahoo.com', 'Tabitha', 'submitted', NULL, NULL);
INSERT INTO bid (ct_email, ct_price, start_date, end_date, is_cash, transport_method, pet_owner, pet_name, bid_status, feedback, rating) VALUES ('Yvonne_Rogahn@gmail.com', 4, '2020-11-29T17:09:54.762Z', '2020-12-05T03:20:22.767Z', true, 'pickup', 'Davon98@gmail.com', 'Clemens', 'submitted', NULL, NULL);
INSERT INTO bid (ct_email, ct_price, start_date, end_date, is_cash, transport_method, pet_owner, pet_name, bid_status, feedback, rating) VALUES ('Elody_Hudson@hotmail.com', 20, '2020-11-29T17:09:54.762Z', '2020-12-05T03:20:22.767Z', true, 'delivery', 'Alison_Jaskolski@hotmail.com', 'Pietro', 'submitted', NULL, NULL);
INSERT INTO bid (ct_email, ct_price, start_date, end_date, is_cash, transport_method, pet_owner, pet_name, bid_status, feedback, rating) VALUES ('Coleman_Goldner@hotmail.com', 20, '2020-11-29T17:09:54.762Z', '2020-12-05T03:20:22.767Z', true, 'pcs', 'Garry_McGlynn16@gmail.com', 'Filiberto', 'submitted', NULL, NULL);
INSERT INTO bid (ct_email, ct_price, start_date, end_date, is_cash, transport_method, pet_owner, pet_name, bid_status, feedback, rating) VALUES ('Mark46@gmail.com', 7, '2020-11-29T17:09:54.762Z', '2020-12-05T03:20:22.767Z', true, 'pcs', 'Dalton38@gmail.com', 'Axel', 'submitted', NULL, NULL);
INSERT INTO bid (ct_email, ct_price, start_date, end_date, is_cash, transport_method, pet_owner, pet_name, bid_status, feedback, rating) VALUES ('Joana_Bednar@gmail.com', 0, '2020-11-29T17:09:54.762Z', '2020-12-05T03:20:22.767Z', true, 'delivery', 'Giovanni.Howe49@gmail.com', 'Lottie', 'submitted', NULL, NULL);
INSERT INTO bid (ct_email, ct_price, start_date, end_date, is_cash, transport_method, pet_owner, pet_name, bid_status, feedback, rating) VALUES ('Stacy69@gmail.com', 2, '2020-11-29T17:09:54.762Z', '2020-12-05T03:20:22.767Z', true, 'pickup', 'Jovanny.Spinka95@hotmail.com', 'Norene', 'submitted', NULL, NULL);
INSERT INTO bid (ct_email, ct_price, start_date, end_date, is_cash, transport_method, pet_owner, pet_name, bid_status, feedback, rating) VALUES ('Ansley10@yahoo.com', 15, '2020-11-29T17:09:54.762Z', '2020-12-05T03:20:22.767Z', true, 'pcs', 'Mervin_Mertz@gmail.com', 'Jalyn', 'submitted', NULL, NULL);
INSERT INTO bid (ct_email, ct_price, start_date, end_date, is_cash, transport_method, pet_owner, pet_name, bid_status, feedback, rating) VALUES ('Ilene_McCullough@gmail.com', 6, '2020-11-29T17:09:54.762Z', '2020-12-05T03:20:22.767Z', true, 'pickup', 'Lenore75@hotmail.com', 'Tanya', 'submitted', NULL, NULL);
INSERT INTO bid (ct_email, ct_price, start_date, end_date, is_cash, transport_method, pet_owner, pet_name, bid_status, feedback, rating) VALUES ('Elody.Gusikowski@hotmail.com', 19, '2020-11-29T17:09:54.762Z', '2020-12-05T03:20:22.767Z', true, 'delivery', 'Eloise_Raynor72@yahoo.com', 'Werner', 'submitted', NULL, NULL);
INSERT INTO bid (ct_email, ct_price, start_date, end_date, is_cash, transport_method, pet_owner, pet_name, bid_status, feedback, rating) VALUES ('Cayla_Rodriguez@gmail.com', 12, '2020-11-29T17:09:54.762Z', '2020-12-05T03:20:22.767Z', true, 'pcs', 'Eldon.Gislason@gmail.com', 'Jeremy', 'submitted', NULL, NULL);
INSERT INTO bid (ct_email, ct_price, start_date, end_date, is_cash, transport_method, pet_owner, pet_name, bid_status, feedback, rating) VALUES ('Dorthy10@gmail.com', 18, '2020-11-29T17:09:54.762Z', '2020-12-05T03:20:22.767Z', true, 'pickup', 'Tristian_Heller31@yahoo.com', 'Stanford', 'submitted', NULL, NULL);
INSERT INTO bid (ct_email, ct_price, start_date, end_date, is_cash, transport_method, pet_owner, pet_name, bid_status, feedback, rating) VALUES ('Lou.Medhurst@hotmail.com', 17, '2020-11-29T17:09:54.762Z', '2020-12-05T03:20:22.767Z', true, 'delivery', 'Dante.King90@yahoo.com', 'Maryjane', 'submitted', NULL, NULL);
INSERT INTO bid (ct_email, ct_price, start_date, end_date, is_cash, transport_method, pet_owner, pet_name, bid_status, feedback, rating) VALUES ('Freeda.Treutel@yahoo.com', 12, '2020-11-29T17:09:54.762Z', '2020-12-05T03:20:22.767Z', true, 'pcs', 'Antonia.Gleason20@yahoo.com', 'Paolo', 'submitted', NULL, NULL);
INSERT INTO bid (ct_email, ct_price, start_date, end_date, is_cash, transport_method, pet_owner, pet_name, bid_status, feedback, rating) VALUES ('Adah9@hotmail.com', 2, '2020-11-29T17:09:54.762Z', '2020-12-05T03:20:22.767Z', true, 'delivery', 'Kaycee_Yundt46@gmail.com', 'Franco', 'submitted', NULL, NULL);
INSERT INTO bid (ct_email, ct_price, start_date, end_date, is_cash, transport_method, pet_owner, pet_name, bid_status, feedback, rating) VALUES ('Amira65@hotmail.com', 0, '2020-11-29T17:09:54.762Z', '2020-12-05T03:20:22.767Z', true, 'pickup', 'Shannon9@hotmail.com', 'Thurman', 'submitted', NULL, NULL);
INSERT INTO bid (ct_email, ct_price, start_date, end_date, is_cash, transport_method, pet_owner, pet_name, bid_status, feedback, rating) VALUES ('Virginia38@yahoo.com', 16, '2020-11-29T17:09:54.762Z', '2020-12-05T03:20:22.767Z', true, 'pickup', 'Raphael78@hotmail.com', 'Lydia', 'submitted', NULL, NULL);
INSERT INTO bid (ct_email, ct_price, start_date, end_date, is_cash, transport_method, pet_owner, pet_name, bid_status, feedback, rating) VALUES ('Duncan87@gmail.com', 6, '2020-11-29T17:09:54.762Z', '2020-12-05T03:20:22.767Z', true, 'delivery', 'Merritt.Bradtke@gmail.com', 'Yadira', 'submitted', NULL, NULL);
INSERT INTO bid (ct_email, ct_price, start_date, end_date, is_cash, transport_method, pet_owner, pet_name, bid_status, feedback, rating) VALUES ('Haylee24@gmail.com', 2, '2020-11-29T17:09:54.762Z', '2020-12-05T03:20:22.767Z', true, 'delivery', 'Reinhold_McDermott@yahoo.com', 'Darby', 'submitted', NULL, NULL);
INSERT INTO bid (ct_email, ct_price, start_date, end_date, is_cash, transport_method, pet_owner, pet_name, bid_status, feedback, rating) VALUES ('Jewell_Bahringer55@gmail.com', 10, '2020-11-29T17:09:54.762Z', '2020-12-05T03:20:22.767Z', true, 'pickup', 'Markus.Lang@hotmail.com', 'Gavin', 'submitted', NULL, NULL);
INSERT INTO bid (ct_email, ct_price, start_date, end_date, is_cash, transport_method, pet_owner, pet_name, bid_status, feedback, rating) VALUES ('Nella.Bailey@gmail.com', 19, '2020-11-29T17:09:54.762Z', '2020-12-05T03:20:22.767Z', true, 'pickup', 'Kathryn.White@yahoo.com', 'Ebony', 'submitted', NULL, NULL);
INSERT INTO bid (ct_email, ct_price, start_date, end_date, is_cash, transport_method, pet_owner, pet_name, bid_status, feedback, rating) VALUES ('Katharina.Kautzer97@gmail.com', 9, '2020-11-29T17:09:54.762Z', '2020-12-05T03:20:22.767Z', true, 'delivery', 'Jesus.Haag@hotmail.com', 'Marielle', 'submitted', NULL, NULL);
INSERT INTO bid (ct_email, ct_price, start_date, end_date, is_cash, transport_method, pet_owner, pet_name, bid_status, feedback, rating) VALUES ('Gus.Adams@hotmail.com', 1, '2020-11-29T17:09:54.762Z', '2020-12-05T03:20:22.767Z', true, 'pickup', 'Keira23@gmail.com', 'Fabian', 'submitted', NULL, NULL);
INSERT INTO bid (ct_email, ct_price, start_date, end_date, is_cash, transport_method, pet_owner, pet_name, bid_status, feedback, rating) VALUES ('Kristian7@gmail.com', 4, '2020-11-29T17:09:54.762Z', '2020-12-05T03:20:22.767Z', true, 'pickup', 'Marianne90@yahoo.com', 'Darwin', 'submitted', NULL, NULL);
INSERT INTO bid (ct_email, ct_price, start_date, end_date, is_cash, transport_method, pet_owner, pet_name, bid_status, feedback, rating) VALUES ('Tatyana.Lowe@yahoo.com', 1, '2020-11-29T17:09:54.762Z', '2020-12-05T03:20:22.767Z', true, 'pickup', 'Percy_Langworth60@hotmail.com', 'Carson', 'submitted', NULL, NULL);
INSERT INTO bid (ct_email, ct_price, start_date, end_date, is_cash, transport_method, pet_owner, pet_name, bid_status, feedback, rating) VALUES ('Nat62@hotmail.com', 15, '2020-11-29T17:09:54.762Z', '2020-12-05T03:20:22.767Z', true, 'pickup', 'Gerson_Harvey99@hotmail.com', 'Rylan', 'submitted', NULL, NULL);
INSERT INTO bid (ct_email, ct_price, start_date, end_date, is_cash, transport_method, pet_owner, pet_name, bid_status, feedback, rating) VALUES ('Heloise_OKeefe@yahoo.com', 0, '2020-11-29T17:09:54.762Z', '2020-12-05T03:20:22.767Z', true, 'delivery', 'Paula.Price@yahoo.com', 'Brett', 'submitted', NULL, NULL);
INSERT INTO bid (ct_email, ct_price, start_date, end_date, is_cash, transport_method, pet_owner, pet_name, bid_status, feedback, rating) VALUES ('Gloria_Zemlak@gmail.com', 13, '2020-11-29T17:09:54.762Z', '2020-12-05T03:20:22.767Z', true, 'delivery', 'Pamela_Haag36@hotmail.com', 'Dusty', 'submitted', NULL, NULL);
INSERT INTO bid (ct_email, ct_price, start_date, end_date, is_cash, transport_method, pet_owner, pet_name, bid_status, feedback, rating) VALUES ('Jaquelin40@yahoo.com', 0, '2020-11-29T17:09:54.762Z', '2020-12-05T03:20:22.767Z', true, 'delivery', 'Mike27@hotmail.com', 'Lonzo', 'submitted', NULL, NULL);
INSERT INTO bid (ct_email, ct_price, start_date, end_date, is_cash, transport_method, pet_owner, pet_name, bid_status, feedback, rating) VALUES ('Jacques.Cummings@hotmail.com', 6, '2020-11-29T17:09:54.762Z', '2020-12-05T03:20:22.767Z', true, 'pcs', 'Lucio76@gmail.com', 'Gay', 'submitted', NULL, NULL);
INSERT INTO bid (ct_email, ct_price, start_date, end_date, is_cash, transport_method, pet_owner, pet_name, bid_status, feedback, rating) VALUES ('Werner7@hotmail.com', 11, '2020-11-29T17:09:54.762Z', '2020-12-05T03:20:22.767Z', true, 'delivery', 'Alverta40@gmail.com', 'Tina', 'submitted', NULL, NULL);
INSERT INTO bid (ct_email, ct_price, start_date, end_date, is_cash, transport_method, pet_owner, pet_name, bid_status, feedback, rating) VALUES ('Candace_Terry29@hotmail.com', 4, '2020-11-29T17:09:54.762Z', '2020-12-05T03:20:22.767Z', true, 'pcs', 'Kavon_Spencer@hotmail.com', 'Stefan', 'submitted', NULL, NULL);
INSERT INTO bid (ct_email, ct_price, start_date, end_date, is_cash, transport_method, pet_owner, pet_name, bid_status, feedback, rating) VALUES ('Kailey86@yahoo.com', 4, '2020-11-29T17:09:54.762Z', '2020-12-05T03:20:22.767Z', true, 'delivery', 'Anissa.Volkman@hotmail.com', 'Nettie', 'submitted', NULL, NULL);
INSERT INTO bid (ct_email, ct_price, start_date, end_date, is_cash, transport_method, pet_owner, pet_name, bid_status, feedback, rating) VALUES ('Gudrun38@yahoo.com', 18, '2020-11-29T17:09:54.762Z', '2020-12-05T03:20:22.767Z', true, 'delivery', 'Heath_Harris@yahoo.com', 'Isaias', 'submitted', NULL, NULL);
INSERT INTO bid (ct_email, ct_price, start_date, end_date, is_cash, transport_method, pet_owner, pet_name, bid_status, feedback, rating) VALUES ('Keeley71@yahoo.com', 1, '2020-11-29T17:09:54.762Z', '2020-12-05T03:20:22.767Z', true, 'pcs', 'Clint8@hotmail.com', 'Roel', 'submitted', NULL, NULL);
INSERT INTO bid (ct_email, ct_price, start_date, end_date, is_cash, transport_method, pet_owner, pet_name, bid_status, feedback, rating) VALUES ('Alverta40@gmail.com', 15, '2020-11-29T17:09:54.762Z', '2020-12-05T03:20:22.767Z', true, 'delivery', 'Carlee.Hansen@gmail.com', 'Frederique', 'submitted', NULL, NULL);
INSERT INTO bid (ct_email, ct_price, start_date, end_date, is_cash, transport_method, pet_owner, pet_name, bid_status, feedback, rating) VALUES ('Luna.Schoen18@yahoo.com', 16, '2020-11-29T17:09:54.762Z', '2020-12-05T03:20:22.767Z', true, 'delivery', 'Cole78@gmail.com', 'Clinton', 'submitted', NULL, NULL);
INSERT INTO bid (ct_email, ct_price, start_date, end_date, is_cash, transport_method, pet_owner, pet_name, bid_status, feedback, rating) VALUES ('Candelario.Schowalter79@hotmail.com', 0, '2020-11-29T17:09:54.762Z', '2020-12-05T03:20:22.767Z', true, 'pcs', 'Milton_Marvin81@gmail.com', 'Raina', 'submitted', NULL, NULL);
INSERT INTO bid (ct_email, ct_price, start_date, end_date, is_cash, transport_method, pet_owner, pet_name, bid_status, feedback, rating) VALUES ('Joana4@hotmail.com', 6, '2020-11-29T17:09:54.762Z', '2020-12-05T03:20:22.767Z', true, 'pickup', 'Carolyn.Rowe68@yahoo.com', 'Amiya', 'submitted', NULL, NULL);
INSERT INTO bid (ct_email, ct_price, start_date, end_date, is_cash, transport_method, pet_owner, pet_name, bid_status, feedback, rating) VALUES ('Hailie_Stracke@hotmail.com', 10, '2020-11-29T17:09:54.762Z', '2020-12-05T03:20:22.767Z', true, 'pickup', 'Milford_Rath@yahoo.com', 'Princess', 'submitted', NULL, NULL);
INSERT INTO bid (ct_email, ct_price, start_date, end_date, is_cash, transport_method, pet_owner, pet_name, bid_status, feedback, rating) VALUES ('Triston.Lakin0@yahoo.com', 8, '2020-11-29T17:09:54.762Z', '2020-12-05T03:20:22.767Z', true, 'pickup', 'Harley_Boehm@yahoo.com', 'Eryn', 'submitted', NULL, NULL);
INSERT INTO bid (ct_email, ct_price, start_date, end_date, is_cash, transport_method, pet_owner, pet_name, bid_status, feedback, rating) VALUES ('Bart_Glover@yahoo.com', 14, '2020-11-29T17:09:54.762Z', '2020-12-05T03:20:22.767Z', true, 'delivery', 'Orlando79@yahoo.com', 'Aiden', 'submitted', NULL, NULL);
INSERT INTO bid (ct_email, ct_price, start_date, end_date, is_cash, transport_method, pet_owner, pet_name, bid_status, feedback, rating) VALUES ('Abel_Kilback51@yahoo.com', 10, '2020-11-29T17:09:54.762Z', '2020-12-05T03:20:22.767Z', true, 'pickup', 'Ivah.Pouros64@gmail.com', 'Asha', 'submitted', NULL, NULL);
INSERT INTO bid (ct_email, ct_price, start_date, end_date, is_cash, transport_method, pet_owner, pet_name, bid_status, feedback, rating) VALUES ('Paolo_Lesch93@hotmail.com', 13, '2020-11-29T17:09:54.762Z', '2020-12-05T03:20:22.767Z', true, 'pcs', 'Gracie_Moore13@gmail.com', 'Mariah', 'submitted', NULL, NULL);
INSERT INTO bid (ct_email, ct_price, start_date, end_date, is_cash, transport_method, pet_owner, pet_name, bid_status, feedback, rating) VALUES ('Giovanni.Howe49@gmail.com', 5, '2020-11-29T17:09:54.762Z', '2020-12-05T03:20:22.767Z', true, 'delivery', 'Audrey_Davis21@yahoo.com', 'Marjorie', 'submitted', NULL, NULL);
INSERT INTO bid (ct_email, ct_price, start_date, end_date, is_cash, transport_method, pet_owner, pet_name, bid_status, feedback, rating) VALUES ('Stephen.Weimann@yahoo.com', 10, '2020-11-29T17:09:54.762Z', '2020-12-05T03:20:22.767Z', true, 'delivery', 'Isaac_Blanda@gmail.com', 'Jon', 'submitted', NULL, NULL);
INSERT INTO bid (ct_email, ct_price, start_date, end_date, is_cash, transport_method, pet_owner, pet_name, bid_status, feedback, rating) VALUES ('Adan_Haley79@hotmail.com', 17, '2020-11-29T17:09:54.762Z', '2020-12-05T03:20:22.767Z', true, 'delivery', 'Jovanny43@yahoo.com', 'Archibald', 'submitted', NULL, NULL);
INSERT INTO bid (ct_email, ct_price, start_date, end_date, is_cash, transport_method, pet_owner, pet_name, bid_status, feedback, rating) VALUES ('Agustin_Daniel92@hotmail.com', 1, '2020-11-29T17:09:54.762Z', '2020-12-05T03:20:22.767Z', true, 'pcs', 'Tobin67@gmail.com', 'Spencer', 'submitted', NULL, NULL);
INSERT INTO bid (ct_email, ct_price, start_date, end_date, is_cash, transport_method, pet_owner, pet_name, bid_status, feedback, rating) VALUES ('Breana96@gmail.com', 16, '2020-11-29T17:09:54.762Z', '2020-12-05T03:20:22.767Z', true, 'pcs', 'Josiah59@yahoo.com', 'Nicklaus', 'submitted', NULL, NULL);
INSERT INTO bid (ct_email, ct_price, start_date, end_date, is_cash, transport_method, pet_owner, pet_name, bid_status, feedback, rating) VALUES ('Cordie30@yahoo.com', 18, '2020-11-29T17:09:54.762Z', '2020-12-05T03:20:22.767Z', true, 'pcs', 'Sheridan81@yahoo.com', 'Khalid', 'submitted', NULL, NULL);
INSERT INTO bid (ct_email, ct_price, start_date, end_date, is_cash, transport_method, pet_owner, pet_name, bid_status, feedback, rating) VALUES ('Oleta45@hotmail.com', 8, '2020-11-29T17:09:54.762Z', '2020-12-05T03:20:22.767Z', true, 'delivery', 'Amara.Hoppe@yahoo.com', 'Efrain', 'submitted', NULL, NULL);
INSERT INTO bid (ct_email, ct_price, start_date, end_date, is_cash, transport_method, pet_owner, pet_name, bid_status, feedback, rating) VALUES ('Otis.Lubowitz47@hotmail.com', 4, '2020-11-29T17:09:54.762Z', '2020-12-05T03:20:22.767Z', true, 'pickup', 'Allison.Nolan81@hotmail.com', 'Liam', 'submitted', NULL, NULL);
INSERT INTO bid (ct_email, ct_price, start_date, end_date, is_cash, transport_method, pet_owner, pet_name, bid_status, feedback, rating) VALUES ('Cesar.Mraz@gmail.com', 12, '2020-11-29T17:09:54.762Z', '2020-12-05T03:20:22.767Z', true, 'pcs', 'Stella_Wyman55@yahoo.com', 'Hildegard', 'submitted', NULL, NULL);
INSERT INTO bid (ct_email, ct_price, start_date, end_date, is_cash, transport_method, pet_owner, pet_name, bid_status, feedback, rating) VALUES ('Dale_Breitenberg@gmail.com', 12, '2020-11-29T17:09:54.762Z', '2020-12-05T03:20:22.767Z', true, 'pickup', 'Alexzander_Cole38@hotmail.com', 'Kraig', 'submitted', NULL, NULL);
INSERT INTO bid (ct_email, ct_price, start_date, end_date, is_cash, transport_method, pet_owner, pet_name, bid_status, feedback, rating) VALUES ('Hobart.Windler@hotmail.com', 8, '2020-11-29T17:09:54.762Z', '2020-12-05T03:20:22.767Z', true, 'delivery', 'Luna.Schoen18@yahoo.com', 'Adalberto', 'submitted', NULL, NULL);
INSERT INTO bid (ct_email, ct_price, start_date, end_date, is_cash, transport_method, pet_owner, pet_name, bid_status, feedback, rating) VALUES ('Estella89@yahoo.com', 17, '2020-11-29T17:09:54.762Z', '2020-12-05T03:20:22.767Z', true, 'pickup', 'Lexie_MacGyver65@hotmail.com', 'Jalyn', 'submitted', NULL, NULL);
INSERT INTO bid (ct_email, ct_price, start_date, end_date, is_cash, transport_method, pet_owner, pet_name, bid_status, feedback, rating) VALUES ('Isaac_Blanda@gmail.com', 5, '2020-11-29T17:09:54.762Z', '2020-12-05T03:20:22.767Z', true, 'pcs', 'Skylar.Goldner@yahoo.com', 'Christop', 'submitted', NULL, NULL);
INSERT INTO bid (ct_email, ct_price, start_date, end_date, is_cash, transport_method, pet_owner, pet_name, bid_status, feedback, rating) VALUES ('Candice.Waters@hotmail.com', 14, '2020-11-29T17:09:54.762Z', '2020-12-05T03:20:22.767Z', true, 'delivery', 'Roscoe.Mante@gmail.com', 'Adelia', 'submitted', NULL, NULL);
INSERT INTO bid (ct_email, ct_price, start_date, end_date, is_cash, transport_method, pet_owner, pet_name, bid_status, feedback, rating) VALUES ('Mariano54@gmail.com', 5, '2020-11-29T17:09:54.762Z', '2020-12-05T03:20:22.767Z', true, 'pcs', 'Leta_Crona@yahoo.com', 'Jeanne', 'submitted', NULL, NULL);
INSERT INTO bid (ct_email, ct_price, start_date, end_date, is_cash, transport_method, pet_owner, pet_name, bid_status, feedback, rating) VALUES ('Margarette_Graham@gmail.com', 11, '2020-11-29T17:09:54.762Z', '2020-12-05T03:20:22.767Z', true, 'pcs', 'Stevie61@hotmail.com', 'Jalon', 'submitted', NULL, NULL);
INSERT INTO bid (ct_email, ct_price, start_date, end_date, is_cash, transport_method, pet_owner, pet_name, bid_status, feedback, rating) VALUES ('Ceasar.Friesen63@yahoo.com', 17, '2020-11-29T17:09:54.762Z', '2020-12-05T03:20:22.767Z', true, 'pcs', 'Maryjane_Orn76@hotmail.com', 'Dewayne', 'submitted', NULL, NULL);
INSERT INTO bid (ct_email, ct_price, start_date, end_date, is_cash, transport_method, pet_owner, pet_name, bid_status, feedback, rating) VALUES ('Amara.Hoppe@yahoo.com', 15, '2020-11-29T17:09:54.762Z', '2020-12-05T03:20:22.767Z', true, 'pcs', 'Lue17@hotmail.com', 'Kailyn', 'submitted', NULL, NULL);
INSERT INTO bid (ct_email, ct_price, start_date, end_date, is_cash, transport_method, pet_owner, pet_name, bid_status, feedback, rating) VALUES ('Bart.Strosin@gmail.com', 12, '2020-11-29T17:09:54.762Z', '2020-12-05T03:20:22.767Z', true, 'delivery', 'Garnett.Walter56@hotmail.com', 'Kylee', 'submitted', NULL, NULL);
INSERT INTO bid (ct_email, ct_price, start_date, end_date, is_cash, transport_method, pet_owner, pet_name, bid_status, feedback, rating) VALUES ('Julian.Lubowitz@gmail.com', 18, '2020-11-29T17:09:54.762Z', '2020-12-05T03:20:22.767Z', true, 'delivery', 'Sydney19@hotmail.com', 'Samantha', 'submitted', NULL, NULL);
INSERT INTO bid (ct_email, ct_price, start_date, end_date, is_cash, transport_method, pet_owner, pet_name, bid_status, feedback, rating) VALUES ('Sylvia80@yahoo.com', 5, '2020-11-29T17:09:54.762Z', '2020-12-05T03:20:22.767Z', true, 'delivery', 'Antwan56@yahoo.com', 'Garett', 'submitted', NULL, NULL);
INSERT INTO bid (ct_email, ct_price, start_date, end_date, is_cash, transport_method, pet_owner, pet_name, bid_status, feedback, rating) VALUES ('Dominic_Koss85@yahoo.com', 8, '2020-11-29T17:09:54.762Z', '2020-12-05T03:20:22.767Z', true, 'pcs', 'Precious69@yahoo.com', 'Wyman', 'submitted', NULL, NULL);
INSERT INTO bid (ct_email, ct_price, start_date, end_date, is_cash, transport_method, pet_owner, pet_name, bid_status, feedback, rating) VALUES ('Art.Mante87@hotmail.com', 12, '2020-11-29T17:09:54.762Z', '2020-12-05T03:20:22.767Z', true, 'pickup', 'Ada18@gmail.com', 'Dakota', 'submitted', NULL, NULL);
INSERT INTO bid (ct_email, ct_price, start_date, end_date, is_cash, transport_method, pet_owner, pet_name, bid_status, feedback, rating) VALUES ('Mandy_Bashirian74@hotmail.com', 2, '2020-11-29T17:09:54.762Z', '2020-12-05T03:20:22.767Z', true, 'pickup', 'Ardella_Klocko97@yahoo.com', 'Dianna', 'submitted', NULL, NULL);
INSERT INTO bid (ct_email, ct_price, start_date, end_date, is_cash, transport_method, pet_owner, pet_name, bid_status, feedback, rating) VALUES ('Dante.Hudson@gmail.com', 5, '2020-11-29T17:09:54.762Z', '2020-12-05T03:20:22.767Z', true, 'delivery', 'Stacy69@gmail.com', 'Anastacio', 'submitted', NULL, NULL);
INSERT INTO bid (ct_email, ct_price, start_date, end_date, is_cash, transport_method, pet_owner, pet_name, bid_status, feedback, rating) VALUES ('Ludwig_Hessel@yahoo.com', 11, '2020-11-29T17:09:54.762Z', '2020-12-05T03:20:22.767Z', true, 'delivery', 'Roselyn.Sawayn@hotmail.com', 'Gabriella', 'submitted', NULL, NULL);
INSERT INTO bid (ct_email, ct_price, start_date, end_date, is_cash, transport_method, pet_owner, pet_name, bid_status, feedback, rating) VALUES ('Ford52@gmail.com', 7, '2020-11-29T17:09:54.762Z', '2020-12-05T03:20:22.767Z', true, 'pcs', 'Amalia_Miller@yahoo.com', 'Kallie', 'submitted', NULL, NULL);
INSERT INTO bid (ct_email, ct_price, start_date, end_date, is_cash, transport_method, pet_owner, pet_name, bid_status, feedback, rating) VALUES ('Kadin30@yahoo.com', 4, '2020-11-29T17:09:54.762Z', '2020-12-05T03:20:22.767Z', true, 'pickup', 'Mozelle.Herzog48@gmail.com', 'Ella', 'submitted', NULL, NULL);
INSERT INTO bid (ct_email, ct_price, start_date, end_date, is_cash, transport_method, pet_owner, pet_name, bid_status, feedback, rating) VALUES ('Herta20@hotmail.com', 3, '2020-11-29T17:09:54.762Z', '2020-12-05T03:20:22.767Z', true, 'delivery', 'Arno.Ferry74@yahoo.com', 'Michael', 'submitted', NULL, NULL);
INSERT INTO bid (ct_email, ct_price, start_date, end_date, is_cash, transport_method, pet_owner, pet_name, bid_status, feedback, rating) VALUES ('Carlie_Erdman@hotmail.com', 3, '2020-11-29T17:09:54.762Z', '2020-12-05T03:20:22.767Z', true, 'pcs', 'Chandler.Sipes@yahoo.com', 'Karina', 'submitted', NULL, NULL);
INSERT INTO bid (ct_email, ct_price, start_date, end_date, is_cash, transport_method, pet_owner, pet_name, bid_status, feedback, rating) VALUES ('Effie.Swift73@gmail.com', 18, '2020-11-29T17:09:54.762Z', '2020-12-05T03:20:22.767Z', true, 'pickup', 'Savion_Smitham@yahoo.com', 'Judd', 'submitted', NULL, NULL);
INSERT INTO bid (ct_email, ct_price, start_date, end_date, is_cash, transport_method, pet_owner, pet_name, bid_status, feedback, rating) VALUES ('Viviane41@hotmail.com', 10, '2020-11-29T17:09:54.762Z', '2020-12-05T03:20:22.767Z', true, 'delivery', 'Joana_Bednar@gmail.com', 'Heaven', 'submitted', NULL, NULL);
INSERT INTO bid (ct_email, ct_price, start_date, end_date, is_cash, transport_method, pet_owner, pet_name, bid_status, feedback, rating) VALUES ('Maverick8@gmail.com', 1, '2020-11-29T17:09:54.762Z', '2020-12-05T03:20:22.767Z', true, 'pcs', 'Rudy3@yahoo.com', 'Joey', 'submitted', NULL, NULL);
INSERT INTO bid (ct_email, ct_price, start_date, end_date, is_cash, transport_method, pet_owner, pet_name, bid_status, feedback, rating) VALUES ('Julien15@hotmail.com', 19, '2020-11-29T17:09:54.762Z', '2020-12-05T03:20:22.767Z', true, 'pickup', 'Taurean.Wilderman@gmail.com', 'Keely', 'submitted', NULL, NULL);
INSERT INTO bid (ct_email, ct_price, start_date, end_date, is_cash, transport_method, pet_owner, pet_name, bid_status, feedback, rating) VALUES ('Percy_Langworth60@hotmail.com', 1, '2020-11-29T17:09:54.762Z', '2020-12-05T03:20:22.767Z', true, 'delivery', 'Clara.Lebsack@gmail.com', 'Sterling', 'submitted', NULL, NULL);
INSERT INTO bid (ct_email, ct_price, start_date, end_date, is_cash, transport_method, pet_owner, pet_name, bid_status, feedback, rating) VALUES ('Keagan28@gmail.com', 11, '2020-11-29T17:09:54.762Z', '2020-12-05T03:20:22.767Z', true, 'delivery', 'Vincent16@hotmail.com', 'Flavio', 'submitted', NULL, NULL);
INSERT INTO bid (ct_email, ct_price, start_date, end_date, is_cash, transport_method, pet_owner, pet_name, bid_status, feedback, rating) VALUES ('Amari58@hotmail.com', 4, '2020-11-29T17:09:54.762Z', '2020-12-05T03:20:22.767Z', true, 'pcs', 'Josie.Bailey@gmail.com', 'Justine', 'submitted', NULL, NULL);
INSERT INTO bid (ct_email, ct_price, start_date, end_date, is_cash, transport_method, pet_owner, pet_name, bid_status, feedback, rating) VALUES ('Vesta.Gislason90@yahoo.com', 6, '2020-11-29T17:09:54.762Z', '2020-12-05T03:20:22.767Z', true, 'pcs', 'Leif_Dickinson@hotmail.com', 'Turner', 'submitted', NULL, NULL);
INSERT INTO bid (ct_email, ct_price, start_date, end_date, is_cash, transport_method, pet_owner, pet_name, bid_status, feedback, rating) VALUES ('Ford_Price@hotmail.com', 1, '2020-11-29T17:09:54.762Z', '2020-12-05T03:20:22.767Z', true, 'pickup', 'Janessa71@hotmail.com', 'Frankie', 'submitted', NULL, NULL);
INSERT INTO bid (ct_email, ct_price, start_date, end_date, is_cash, transport_method, pet_owner, pet_name, bid_status, feedback, rating) VALUES ('Jovany64@hotmail.com', 14, '2020-11-29T17:09:54.762Z', '2020-12-05T03:20:22.767Z', true, 'delivery', 'Adah9@hotmail.com', 'Geovany', 'submitted', NULL, NULL);
INSERT INTO bid (ct_email, ct_price, start_date, end_date, is_cash, transport_method, pet_owner, pet_name, bid_status, feedback, rating) VALUES ('Edd45@gmail.com', 11, '2020-11-29T17:09:54.762Z', '2020-12-05T03:20:22.767Z', true, 'pickup', 'Amira65@hotmail.com', 'Karianne', 'submitted', NULL, NULL);
INSERT INTO bid (ct_email, ct_price, start_date, end_date, is_cash, transport_method, pet_owner, pet_name, bid_status, feedback, rating) VALUES ('Cheyanne_Cronin97@gmail.com', 4, '2020-11-29T17:09:54.762Z', '2020-12-05T03:20:22.767Z', true, 'delivery', 'Fiona_Wiza13@gmail.com', 'Tia', 'submitted', NULL, NULL);
INSERT INTO bid (ct_email, ct_price, start_date, end_date, is_cash, transport_method, pet_owner, pet_name, bid_status, feedback, rating) VALUES ('Eldora_Schneider@yahoo.com', 7, '2020-11-29T17:09:54.762Z', '2020-12-05T03:20:22.767Z', true, 'pcs', 'Eulah_Bechtelar@yahoo.com', 'Sophia', 'submitted', NULL, NULL);
INSERT INTO bid (ct_email, ct_price, start_date, end_date, is_cash, transport_method, pet_owner, pet_name, bid_status, feedback, rating) VALUES ('Everett_Krajcik@gmail.com', 12, '2020-11-29T17:09:54.762Z', '2020-12-05T03:20:22.767Z', true, 'pickup', 'Ilene_McCullough@gmail.com', 'Francisco', 'submitted', NULL, NULL);
INSERT INTO bid (ct_email, ct_price, start_date, end_date, is_cash, transport_method, pet_owner, pet_name, bid_status, feedback, rating) VALUES ('Alex_Runolfsson@gmail.com', 9, '2020-11-29T17:09:54.762Z', '2020-12-05T03:20:22.767Z', true, 'pickup', 'Regan_Kuhic@yahoo.com', 'Schuyler', 'submitted', NULL, NULL);
INSERT INTO bid (ct_email, ct_price, start_date, end_date, is_cash, transport_method, pet_owner, pet_name, bid_status, feedback, rating) VALUES ('Ethelyn41@hotmail.com', 9, '2020-11-29T17:09:54.762Z', '2020-12-05T03:20:22.767Z', true, 'pcs', 'Bud_Crooks@yahoo.com', 'Concepcion', 'submitted', NULL, NULL);
INSERT INTO bid (ct_email, ct_price, start_date, end_date, is_cash, transport_method, pet_owner, pet_name, bid_status, feedback, rating) VALUES ('Grayson.Huels@yahoo.com', 7, '2020-11-29T17:09:54.762Z', '2020-12-05T03:20:22.767Z', true, 'pcs', 'Charity.Wolf32@gmail.com', 'Octavia', 'submitted', NULL, NULL);
INSERT INTO bid (ct_email, ct_price, start_date, end_date, is_cash, transport_method, pet_owner, pet_name, bid_status, feedback, rating) VALUES ('Angela_Heaney@gmail.com', 5, '2020-11-29T17:09:54.762Z', '2020-12-05T03:20:22.767Z', true, 'delivery', 'Lavinia.Ziemann21@yahoo.com', 'Terrence', 'submitted', NULL, NULL);
INSERT INTO bid (ct_email, ct_price, start_date, end_date, is_cash, transport_method, pet_owner, pet_name, bid_status, feedback, rating) VALUES ('Natalia_Pfeffer68@hotmail.com', 11, '2020-11-29T17:09:54.762Z', '2020-12-05T03:20:22.767Z', true, 'delivery', 'Oleta45@hotmail.com', 'Roscoe', 'submitted', NULL, NULL);
INSERT INTO bid (ct_email, ct_price, start_date, end_date, is_cash, transport_method, pet_owner, pet_name, bid_status, feedback, rating) VALUES ('Meredith_Heidenreich@gmail.com', 18, '2020-11-29T17:09:54.762Z', '2020-12-05T03:20:22.767Z', true, 'pcs', 'Augusta53@yahoo.com', 'Claude', 'submitted', NULL, NULL);
INSERT INTO bid (ct_email, ct_price, start_date, end_date, is_cash, transport_method, pet_owner, pet_name, bid_status, feedback, rating) VALUES ('Curtis81@hotmail.com', 18, '2020-11-29T17:09:54.762Z', '2020-12-05T03:20:22.767Z', true, 'pickup', 'Myah_Walsh@gmail.com', 'Elvis', 'submitted', NULL, NULL);
INSERT INTO bid (ct_email, ct_price, start_date, end_date, is_cash, transport_method, pet_owner, pet_name, bid_status, feedback, rating) VALUES ('Octavia.Block61@yahoo.com', 12, '2020-11-29T17:09:54.762Z', '2020-12-05T03:20:22.767Z', true, 'delivery', 'Creola_Powlowski43@gmail.com', 'Allene', 'submitted', NULL, NULL);
INSERT INTO bid (ct_email, ct_price, start_date, end_date, is_cash, transport_method, pet_owner, pet_name, bid_status, feedback, rating) VALUES ('Shyann_Roberts@yahoo.com', 11, '2020-11-29T17:09:54.762Z', '2020-12-05T03:20:22.767Z', true, 'pcs', 'Kale70@gmail.com', 'Adriana', 'submitted', NULL, NULL);
INSERT INTO bid (ct_email, ct_price, start_date, end_date, is_cash, transport_method, pet_owner, pet_name, bid_status, feedback, rating) VALUES ('Lyric.Feest25@yahoo.com', 14, '2020-11-29T17:09:54.762Z', '2020-12-05T03:20:22.767Z', true, 'delivery', 'Everett_Krajcik@gmail.com', 'Lora', 'submitted', NULL, NULL);
INSERT INTO bid (ct_email, ct_price, start_date, end_date, is_cash, transport_method, pet_owner, pet_name, bid_status, feedback, rating) VALUES ('Cary79@hotmail.com', 0, '2020-11-29T17:09:54.762Z', '2020-12-05T03:20:22.767Z', true, 'delivery', 'Charlotte8@hotmail.com', 'Tristian', 'submitted', NULL, NULL);
INSERT INTO bid (ct_email, ct_price, start_date, end_date, is_cash, transport_method, pet_owner, pet_name, bid_status, feedback, rating) VALUES ('Stanton_Rath8@yahoo.com', 2, '2020-11-29T17:09:54.762Z', '2020-12-05T03:20:22.767Z', true, 'pickup', 'Tyreek_Simonis@hotmail.com', 'Annabell', 'submitted', NULL, NULL);
INSERT INTO bid (ct_email, ct_price, start_date, end_date, is_cash, transport_method, pet_owner, pet_name, bid_status, feedback, rating) VALUES ('Breanna_Swaniawski58@gmail.com', 20, '2020-11-29T17:09:54.762Z', '2020-12-05T03:20:22.767Z', true, 'pickup', 'Abelardo98@gmail.com', 'Susie', 'submitted', NULL, NULL);
INSERT INTO bid (ct_email, ct_price, start_date, end_date, is_cash, transport_method, pet_owner, pet_name, bid_status, feedback, rating) VALUES ('Olga.Crist40@gmail.com', 16, '2020-11-29T17:09:54.762Z', '2020-12-05T03:20:22.767Z', true, 'delivery', 'Lennie_Marks56@yahoo.com', 'Emilie', 'submitted', NULL, NULL);
INSERT INTO bid (ct_email, ct_price, start_date, end_date, is_cash, transport_method, pet_owner, pet_name, bid_status, feedback, rating) VALUES ('Tobin67@gmail.com', 20, '2020-11-29T17:09:54.762Z', '2020-12-05T03:20:22.767Z', true, 'pickup', 'Olga.Crist40@gmail.com', 'Zula', 'submitted', NULL, NULL);
INSERT INTO bid (ct_email, ct_price, start_date, end_date, is_cash, transport_method, pet_owner, pet_name, bid_status, feedback, rating) VALUES ('Antoinette44@hotmail.com', 11, '2020-11-29T17:09:54.762Z', '2020-12-05T03:20:22.767Z', true, 'pickup', 'Harmony27@gmail.com', 'Sydnie', 'submitted', NULL, NULL);
INSERT INTO bid (ct_email, ct_price, start_date, end_date, is_cash, transport_method, pet_owner, pet_name, bid_status, feedback, rating) VALUES ('Keith.Wisoky74@gmail.com', 9, '2020-11-29T17:09:54.762Z', '2020-12-05T03:20:22.767Z', true, 'delivery', 'Charley_Murray79@yahoo.com', 'Pierre', 'submitted', NULL, NULL);
INSERT INTO bid (ct_email, ct_price, start_date, end_date, is_cash, transport_method, pet_owner, pet_name, bid_status, feedback, rating) VALUES ('Marianne.Predovic99@gmail.com', 15, '2020-11-29T17:09:54.762Z', '2020-12-05T03:20:22.767Z', true, 'pickup', 'Ashley_Brekke75@hotmail.com', 'Dimitri', 'submitted', NULL, NULL);
INSERT INTO bid (ct_email, ct_price, start_date, end_date, is_cash, transport_method, pet_owner, pet_name, bid_status, feedback, rating) VALUES ('Lilliana_Steuber@hotmail.com', 14, '2020-11-29T17:09:54.762Z', '2020-12-05T03:20:22.767Z', true, 'pickup', 'Sherman.Brown51@hotmail.com', 'Pansy', 'submitted', NULL, NULL);
INSERT INTO bid (ct_email, ct_price, start_date, end_date, is_cash, transport_method, pet_owner, pet_name, bid_status, feedback, rating) VALUES ('Turner.Shields76@yahoo.com', 13, '2020-11-29T17:09:54.762Z', '2020-12-05T03:20:22.767Z', true, 'pickup', 'Rosalinda30@yahoo.com', 'Maddison', 'submitted', NULL, NULL);
INSERT INTO bid (ct_email, ct_price, start_date, end_date, is_cash, transport_method, pet_owner, pet_name, bid_status, feedback, rating) VALUES ('Kellie69@gmail.com', 13, '2020-11-29T17:09:54.762Z', '2020-12-05T03:20:22.767Z', true, 'pickup', 'Ivah10@gmail.com', 'Vivianne', 'submitted', NULL, NULL);
INSERT INTO bid (ct_email, ct_price, start_date, end_date, is_cash, transport_method, pet_owner, pet_name, bid_status, feedback, rating) VALUES ('Milford_Rath@yahoo.com', 8, '2020-11-29T17:09:54.762Z', '2020-12-05T03:20:22.767Z', true, 'pcs', 'Kailey86@yahoo.com', 'Golda', 'submitted', NULL, NULL);
INSERT INTO bid (ct_email, ct_price, start_date, end_date, is_cash, transport_method, pet_owner, pet_name, bid_status, feedback, rating) VALUES ('Rosalia.Crona@hotmail.com', 11, '2020-11-29T17:09:54.762Z', '2020-12-05T03:20:22.767Z', true, 'delivery', 'Ona.Schroeder@gmail.com', 'Louvenia', 'submitted', NULL, NULL);
INSERT INTO bid (ct_email, ct_price, start_date, end_date, is_cash, transport_method, pet_owner, pet_name, bid_status, feedback, rating) VALUES ('German_Frami83@gmail.com', 17, '2020-11-29T17:09:54.762Z', '2020-12-05T03:20:22.767Z', true, 'pickup', 'Adriana28@gmail.com', 'Brayan', 'submitted', NULL, NULL);
INSERT INTO bid (ct_email, ct_price, start_date, end_date, is_cash, transport_method, pet_owner, pet_name, bid_status, feedback, rating) VALUES ('Darryl_Ward@hotmail.com', 9, '2020-11-29T17:09:54.762Z', '2020-12-05T03:20:22.767Z', true, 'pickup', 'Alyson.Hamill80@gmail.com', 'Rahsaan', 'submitted', NULL, NULL);
INSERT INTO bid (ct_email, ct_price, start_date, end_date, is_cash, transport_method, pet_owner, pet_name, bid_status, feedback, rating) VALUES ('Bennett6@gmail.com', 19, '2020-11-29T17:09:54.762Z', '2020-12-05T03:20:22.767Z', true, 'delivery', 'Kaci.Rolfson53@yahoo.com', 'Maverick', 'submitted', NULL, NULL);
INSERT INTO bid (ct_email, ct_price, start_date, end_date, is_cash, transport_method, pet_owner, pet_name, bid_status, feedback, rating) VALUES ('Dante.King90@yahoo.com', 7, '2020-11-29T17:09:54.762Z', '2020-12-05T03:20:22.767Z', true, 'pickup', 'Carmelo_Mills@yahoo.com', 'Enrico', 'submitted', NULL, NULL);
INSERT INTO bid (ct_email, ct_price, start_date, end_date, is_cash, transport_method, pet_owner, pet_name, bid_status, feedback, rating) VALUES ('Adella_Predovic@yahoo.com', 19, '2020-11-29T17:09:54.762Z', '2020-12-05T03:20:22.767Z', true, 'delivery', 'Mariano54@gmail.com', 'Josefa', 'submitted', NULL, NULL);
INSERT INTO bid (ct_email, ct_price, start_date, end_date, is_cash, transport_method, pet_owner, pet_name, bid_status, feedback, rating) VALUES ('Erwin_Heller@hotmail.com', 2, '2020-11-29T17:09:54.762Z', '2020-12-05T03:20:22.767Z', true, 'pcs', 'Adriel65@gmail.com', 'Junius', 'submitted', NULL, NULL);
INSERT INTO bid (ct_email, ct_price, start_date, end_date, is_cash, transport_method, pet_owner, pet_name, bid_status, feedback, rating) VALUES ('Janet.Rosenbaum81@gmail.com', 20, '2020-11-29T17:09:54.762Z', '2020-12-05T03:20:22.767Z', true, 'delivery', 'Julien15@hotmail.com', 'Amber', 'submitted', NULL, NULL);
INSERT INTO bid (ct_email, ct_price, start_date, end_date, is_cash, transport_method, pet_owner, pet_name, bid_status, feedback, rating) VALUES ('Tatyana_Kozey32@gmail.com', 4, '2020-11-29T17:09:54.762Z', '2020-12-05T03:20:22.767Z', true, 'pickup', 'Grayson.Huels@yahoo.com', 'Esther', 'submitted', NULL, NULL);
INSERT INTO bid (ct_email, ct_price, start_date, end_date, is_cash, transport_method, pet_owner, pet_name, bid_status, feedback, rating) VALUES ('Tommie_Klein67@yahoo.com', 1, '2020-11-29T17:09:54.762Z', '2020-12-05T03:20:22.767Z', true, 'pcs', 'Angelica.Schinner@hotmail.com', 'Hollis', 'submitted', NULL, NULL);
INSERT INTO bid (ct_email, ct_price, start_date, end_date, is_cash, transport_method, pet_owner, pet_name, bid_status, feedback, rating) VALUES ('Terrence_Will@gmail.com', 17, '2020-11-29T17:09:54.762Z', '2020-12-05T03:20:22.767Z', true, 'pcs', 'Kirsten_Trantow23@gmail.com', 'Wilfred', 'submitted', NULL, NULL);
INSERT INTO bid (ct_email, ct_price, start_date, end_date, is_cash, transport_method, pet_owner, pet_name, bid_status, feedback, rating) VALUES ('Katrina43@hotmail.com', 15, '2020-11-29T17:09:54.762Z', '2020-12-05T03:20:22.767Z', true, 'pickup', 'Suzanne.Blick85@yahoo.com', 'Micheal', 'submitted', NULL, NULL);
INSERT INTO bid (ct_email, ct_price, start_date, end_date, is_cash, transport_method, pet_owner, pet_name, bid_status, feedback, rating) VALUES ('Amalia_Miller@yahoo.com', 13, '2020-11-29T17:09:54.762Z', '2020-12-05T03:20:22.767Z', true, 'pickup', 'Alejandra_Medhurst@gmail.com', 'Misty', 'submitted', NULL, NULL);
INSERT INTO bid (ct_email, ct_price, start_date, end_date, is_cash, transport_method, pet_owner, pet_name, bid_status, feedback, rating) VALUES ('Jovany.Will@gmail.com', 7, '2020-11-29T17:09:54.762Z', '2020-12-05T03:20:22.767Z', true, 'pcs', 'Veda.Hagenes@yahoo.com', 'Everette', 'submitted', NULL, NULL);
INSERT INTO bid (ct_email, ct_price, start_date, end_date, is_cash, transport_method, pet_owner, pet_name, bid_status, feedback, rating) VALUES ('Liliana77@gmail.com', 2, '2020-11-29T17:09:54.762Z', '2020-12-05T03:20:22.767Z', true, 'delivery', 'Erika_OHara@gmail.com', 'Elna', 'submitted', NULL, NULL);
INSERT INTO bid (ct_email, ct_price, start_date, end_date, is_cash, transport_method, pet_owner, pet_name, bid_status, feedback, rating) VALUES ('William_McLaughlin@gmail.com', 5, '2020-11-29T17:09:54.762Z', '2020-12-05T03:20:22.767Z', true, 'pickup', 'Bartholome.Schowalter@yahoo.com', 'Tatum', 'submitted', NULL, NULL);
INSERT INTO bid (ct_email, ct_price, start_date, end_date, is_cash, transport_method, pet_owner, pet_name, bid_status, feedback, rating) VALUES ('Savannah33@gmail.com', 9, '2020-11-29T17:09:54.762Z', '2020-12-05T03:20:22.767Z', true, 'pickup', 'Fernando.Altenwerth18@yahoo.com', 'Saul', 'submitted', NULL, NULL);
INSERT INTO bid (ct_email, ct_price, start_date, end_date, is_cash, transport_method, pet_owner, pet_name, bid_status, feedback, rating) VALUES ('Chadd87@yahoo.com', 5, '2020-11-29T17:09:54.762Z', '2020-12-05T03:20:22.767Z', true, 'pickup', 'Adelle.Labadie@hotmail.com', 'Shaina', 'submitted', NULL, NULL);
INSERT INTO bid (ct_email, ct_price, start_date, end_date, is_cash, transport_method, pet_owner, pet_name, bid_status, feedback, rating) VALUES ('Reggie.Cormier0@yahoo.com', 8, '2020-11-29T17:09:54.762Z', '2020-12-05T03:20:22.767Z', true, 'delivery', 'Jasen56@hotmail.com', 'Tomas', 'submitted', NULL, NULL);
INSERT INTO bid (ct_email, ct_price, start_date, end_date, is_cash, transport_method, pet_owner, pet_name, bid_status, feedback, rating) VALUES ('Audrey_Davis21@yahoo.com', 5, '2020-11-29T17:09:54.762Z', '2020-12-05T03:20:22.767Z', true, 'pickup', 'Sammy.Veum@hotmail.com', 'Chasity', 'submitted', NULL, NULL);
INSERT INTO bid (ct_email, ct_price, start_date, end_date, is_cash, transport_method, pet_owner, pet_name, bid_status, feedback, rating) VALUES ('Fanny_Weimann@yahoo.com', 1, '2020-11-29T17:09:54.762Z', '2020-12-05T03:20:22.767Z', true, 'pickup', 'Webster.Nitzsche50@gmail.com', 'Lester', 'submitted', NULL, NULL);
INSERT INTO bid (ct_email, ct_price, start_date, end_date, is_cash, transport_method, pet_owner, pet_name, bid_status, feedback, rating) VALUES ('Mohamed_Kshlerin@hotmail.com', 20, '2020-11-29T17:09:54.762Z', '2020-12-05T03:20:22.767Z', true, 'pickup', 'Rossie.Heidenreich65@gmail.com', 'Hester', 'submitted', NULL, NULL);
INSERT INTO bid (ct_email, ct_price, start_date, end_date, is_cash, transport_method, pet_owner, pet_name, bid_status, feedback, rating) VALUES ('Halie49@hotmail.com', 14, '2020-11-29T17:09:54.762Z', '2020-12-05T03:20:22.767Z', true, 'pickup', 'Heloise.Dietrich61@gmail.com', 'Gracie', 'submitted', NULL, NULL);
INSERT INTO bid (ct_email, ct_price, start_date, end_date, is_cash, transport_method, pet_owner, pet_name, bid_status, feedback, rating) VALUES ('Alison_Jaskolski@hotmail.com', 17, '2020-11-29T17:09:54.762Z', '2020-12-05T03:20:22.767Z', true, 'pcs', 'Aimee.Doyle@yahoo.com', 'Laverne', 'submitted', NULL, NULL);
INSERT INTO bid (ct_email, ct_price, start_date, end_date, is_cash, transport_method, pet_owner, pet_name, bid_status, feedback, rating) VALUES ('Bradford31@hotmail.com', 5, '2020-11-29T17:09:54.762Z', '2020-12-05T03:20:22.767Z', true, 'pcs', 'Vernice.Gaylord@gmail.com', 'Eden', 'submitted', NULL, NULL);
INSERT INTO bid (ct_email, ct_price, start_date, end_date, is_cash, transport_method, pet_owner, pet_name, bid_status, feedback, rating) VALUES ('Adriana28@gmail.com', 5, '2020-11-29T17:09:54.762Z', '2020-12-05T03:20:22.767Z', true, 'pcs', 'Kris.Predovic@hotmail.com', 'Gwendolyn', 'submitted', NULL, NULL);
INSERT INTO bid (ct_email, ct_price, start_date, end_date, is_cash, transport_method, pet_owner, pet_name, bid_status, feedback, rating) VALUES ('Edgar.Armstrong@yahoo.com', 17, '2020-11-29T17:09:54.762Z', '2020-12-05T03:20:22.767Z', true, 'pickup', 'Cathrine34@gmail.com', 'Joshuah', 'submitted', NULL, NULL);
INSERT INTO bid (ct_email, ct_price, start_date, end_date, is_cash, transport_method, pet_owner, pet_name, bid_status, feedback, rating) VALUES ('Dario_Bartell97@hotmail.com', 20, '2020-11-29T17:09:54.762Z', '2020-12-05T03:20:22.767Z', true, 'pcs', 'Toy.Gleason@hotmail.com', 'Zetta', 'submitted', NULL, NULL);
INSERT INTO bid (ct_email, ct_price, start_date, end_date, is_cash, transport_method, pet_owner, pet_name, bid_status, feedback, rating) VALUES ('Thea.Hahn@yahoo.com', 12, '2020-11-29T17:09:54.762Z', '2020-12-05T03:20:22.767Z', true, 'pcs', 'Ben_Johns@yahoo.com', 'Brian', 'submitted', NULL, NULL);
INSERT INTO bid (ct_email, ct_price, start_date, end_date, is_cash, transport_method, pet_owner, pet_name, bid_status, feedback, rating) VALUES ('Carissa.Lehner38@gmail.com', 6, '2020-11-29T17:09:54.762Z', '2020-12-05T03:20:22.767Z', true, 'pickup', 'Margarita.Hermiston@yahoo.com', 'Sophie', 'submitted', NULL, NULL);
INSERT INTO bid (ct_email, ct_price, start_date, end_date, is_cash, transport_method, pet_owner, pet_name, bid_status, feedback, rating) VALUES ('Zackary38@gmail.com', 4, '2020-11-29T17:09:54.762Z', '2020-12-05T03:20:22.767Z', true, 'pcs', 'Turner.Shields76@yahoo.com', 'Ted', 'submitted', NULL, NULL);
INSERT INTO bid (ct_email, ct_price, start_date, end_date, is_cash, transport_method, pet_owner, pet_name, bid_status, feedback, rating) VALUES ('Kasey32@gmail.com', 1, '2020-11-29T17:09:54.762Z', '2020-12-05T03:20:22.767Z', true, 'delivery', 'Glennie.Considine63@gmail.com', 'Zella', 'submitted', NULL, NULL);
INSERT INTO bid (ct_email, ct_price, start_date, end_date, is_cash, transport_method, pet_owner, pet_name, bid_status, feedback, rating) VALUES ('Selina_Labadie82@gmail.com', 6, '2020-11-29T17:09:54.762Z', '2020-12-05T03:20:22.767Z', true, 'delivery', 'Hanna.Homenick31@yahoo.com', 'Savannah', 'submitted', NULL, NULL);
INSERT INTO bid (ct_email, ct_price, start_date, end_date, is_cash, transport_method, pet_owner, pet_name, bid_status, feedback, rating) VALUES ('Jena.Heathcote@yahoo.com', 6, '2020-11-29T17:09:54.762Z', '2020-12-05T03:20:22.767Z', true, 'pickup', 'Newton_Monahan@gmail.com', 'Alden', 'submitted', NULL, NULL);
INSERT INTO bid (ct_email, ct_price, start_date, end_date, is_cash, transport_method, pet_owner, pet_name, bid_status, feedback, rating) VALUES ('Pearlie_Koch1@yahoo.com', 3, '2020-11-29T17:09:54.762Z', '2020-12-05T03:20:22.767Z', true, 'pcs', 'Asha_Okuneva52@gmail.com', 'Dortha', 'submitted', NULL, NULL);
INSERT INTO bid (ct_email, ct_price, start_date, end_date, is_cash, transport_method, pet_owner, pet_name, bid_status, feedback, rating) VALUES ('Emmanuelle_Christiansen20@yahoo.com', 15, '2020-11-29T17:09:54.762Z', '2020-12-05T03:20:22.767Z', true, 'delivery', 'Sigurd.Walter@gmail.com', 'Trisha', 'submitted', NULL, NULL);
INSERT INTO bid (ct_email, ct_price, start_date, end_date, is_cash, transport_method, pet_owner, pet_name, bid_status, feedback, rating) VALUES ('Shakira.Gusikowski@gmail.com', 11, '2020-11-29T17:09:54.762Z', '2020-12-05T03:20:22.767Z', true, 'delivery', 'Alex_Runolfsson@gmail.com', 'Frederik', 'submitted', NULL, NULL);
INSERT INTO bid (ct_email, ct_price, start_date, end_date, is_cash, transport_method, pet_owner, pet_name, bid_status, feedback, rating) VALUES ('Trever60@hotmail.com', 16, '2020-11-29T17:09:54.762Z', '2020-12-05T03:20:22.767Z', true, 'pcs', 'Chadd87@yahoo.com', 'Selmer', 'submitted', NULL, NULL);
INSERT INTO bid (ct_email, ct_price, start_date, end_date, is_cash, transport_method, pet_owner, pet_name, bid_status, feedback, rating) VALUES ('Royce84@gmail.com', 13, '2020-11-29T17:09:54.762Z', '2020-12-05T03:20:22.767Z', true, 'delivery', 'Rodrick35@gmail.com', 'Raymundo', 'submitted', NULL, NULL);
INSERT INTO bid (ct_email, ct_price, start_date, end_date, is_cash, transport_method, pet_owner, pet_name, bid_status, feedback, rating) VALUES ('Lee89@hotmail.com', 11, '2020-11-29T17:09:54.762Z', '2020-12-05T03:20:22.767Z', true, 'pcs', 'Barbara.Mitchell36@gmail.com', 'Zachariah', 'submitted', NULL, NULL);
INSERT INTO bid (ct_email, ct_price, start_date, end_date, is_cash, transport_method, pet_owner, pet_name, bid_status, feedback, rating) VALUES ('Gregory38@gmail.com', 19, '2020-11-29T17:09:54.762Z', '2020-12-05T03:20:22.767Z', true, 'delivery', 'Miguel35@hotmail.com', 'Ara', 'submitted', NULL, NULL);
INSERT INTO bid (ct_email, ct_price, start_date, end_date, is_cash, transport_method, pet_owner, pet_name, bid_status, feedback, rating) VALUES ('Nakia_Schamberger38@gmail.com', 0, '2020-11-29T17:09:54.762Z', '2020-12-05T03:20:22.767Z', true, 'pickup', 'Sarina42@gmail.com', 'Raegan', 'submitted', NULL, NULL);
INSERT INTO bid (ct_email, ct_price, start_date, end_date, is_cash, transport_method, pet_owner, pet_name, bid_status, feedback, rating) VALUES ('Mariela.Huels59@hotmail.com', 11, '2020-11-29T17:09:54.762Z', '2020-12-05T03:20:22.767Z', true, 'pcs', 'Estella89@yahoo.com', 'Daniela', 'submitted', NULL, NULL);
INSERT INTO bid (ct_email, ct_price, start_date, end_date, is_cash, transport_method, pet_owner, pet_name, bid_status, feedback, rating) VALUES ('Tristian_Heller31@yahoo.com', 8, '2020-11-29T17:09:54.762Z', '2020-12-05T03:20:22.767Z', true, 'pickup', 'Joannie_Schamberger@yahoo.com', 'Jewel', 'submitted', NULL, NULL);
INSERT INTO bid (ct_email, ct_price, start_date, end_date, is_cash, transport_method, pet_owner, pet_name, bid_status, feedback, rating) VALUES ('Helene.Abshire36@hotmail.com', 8, '2020-11-29T17:09:54.762Z', '2020-12-05T03:20:22.767Z', true, 'pcs', 'Krista78@yahoo.com', 'Gregg', 'submitted', NULL, NULL);
INSERT INTO bid (ct_email, ct_price, start_date, end_date, is_cash, transport_method, pet_owner, pet_name, bid_status, feedback, rating) VALUES ('Lincoln_Murphy66@gmail.com', 8, '2020-11-29T17:09:54.762Z', '2020-12-05T03:20:22.767Z', true, 'delivery', 'Bennett6@gmail.com', 'Maxie', 'submitted', NULL, NULL);
INSERT INTO bid (ct_email, ct_price, start_date, end_date, is_cash, transport_method, pet_owner, pet_name, bid_status, feedback, rating) VALUES ('Hilbert_Casper80@yahoo.com', 10, '2020-11-29T17:09:54.762Z', '2020-12-05T03:20:22.767Z', true, 'pickup', 'Edgar_Lesch@yahoo.com', 'Darrin', 'submitted', NULL, NULL);
INSERT INTO bid (ct_email, ct_price, start_date, end_date, is_cash, transport_method, pet_owner, pet_name, bid_status, feedback, rating) VALUES ('Angeline.Wiza46@hotmail.com', 0, '2020-11-29T17:09:54.762Z', '2020-12-05T03:20:22.767Z', true, 'pcs', 'Felix46@yahoo.com', 'Napoleon', 'submitted', NULL, NULL);
INSERT INTO bid (ct_email, ct_price, start_date, end_date, is_cash, transport_method, pet_owner, pet_name, bid_status, feedback, rating) VALUES ('Kayleigh.Hane88@yahoo.com', 3, '2020-11-29T17:09:54.762Z', '2020-12-05T03:20:22.767Z', true, 'pickup', 'Dayna34@hotmail.com', 'Vince', 'submitted', NULL, NULL);
INSERT INTO bid (ct_email, ct_price, start_date, end_date, is_cash, transport_method, pet_owner, pet_name, bid_status, feedback, rating) VALUES ('Leta_Crona@yahoo.com', 10, '2020-11-29T17:09:54.762Z', '2020-12-05T03:20:22.767Z', true, 'pickup', 'Marjory22@yahoo.com', 'Glennie', 'submitted', NULL, NULL);
INSERT INTO bid (ct_email, ct_price, start_date, end_date, is_cash, transport_method, pet_owner, pet_name, bid_status, feedback, rating) VALUES ('Dangelo_Dietrich3@hotmail.com', 14, '2020-11-29T17:09:54.762Z', '2020-12-05T03:20:22.767Z', true, 'delivery', 'Crawford23@yahoo.com', 'Cindy', 'submitted', NULL, NULL);
INSERT INTO bid (ct_email, ct_price, start_date, end_date, is_cash, transport_method, pet_owner, pet_name, bid_status, feedback, rating) VALUES ('Wilfredo_White42@hotmail.com', 17, '2020-11-29T17:09:54.762Z', '2020-12-05T03:20:22.767Z', true, 'pcs', 'Joana4@hotmail.com', 'Alysa', 'submitted', NULL, NULL);
INSERT INTO bid (ct_email, ct_price, start_date, end_date, is_cash, transport_method, pet_owner, pet_name, bid_status, feedback, rating) VALUES ('Joannie_Schamberger@yahoo.com', 11, '2020-11-29T17:09:54.762Z', '2020-12-05T03:20:22.767Z', true, 'pcs', 'Kailey72@yahoo.com', 'Leonie', 'submitted', NULL, NULL);
INSERT INTO bid (ct_email, ct_price, start_date, end_date, is_cash, transport_method, pet_owner, pet_name, bid_status, feedback, rating) VALUES ('Dasia98@hotmail.com', 4, '2020-11-29T17:09:54.762Z', '2020-12-05T03:20:22.767Z', true, 'pcs', 'Angeline.Wiza46@hotmail.com', 'Elta', 'submitted', NULL, NULL);
INSERT INTO bid (ct_email, ct_price, start_date, end_date, is_cash, transport_method, pet_owner, pet_name, bid_status, feedback, rating) VALUES ('Aniya.Wilkinson15@hotmail.com', 7, '2020-11-29T17:09:54.762Z', '2020-12-05T03:20:22.767Z', true, 'pickup', 'Russel25@gmail.com', 'Leonel', 'submitted', NULL, NULL);
INSERT INTO bid (ct_email, ct_price, start_date, end_date, is_cash, transport_method, pet_owner, pet_name, bid_status, feedback, rating) VALUES ('Sheridan81@yahoo.com', 3, '2020-11-29T17:09:54.762Z', '2020-12-05T03:20:22.767Z', true, 'delivery', 'Eddie_Murray@gmail.com', 'Morton', 'submitted', NULL, NULL);
INSERT INTO bid (ct_email, ct_price, start_date, end_date, is_cash, transport_method, pet_owner, pet_name, bid_status, feedback, rating) VALUES ('Domenick.Lesch54@yahoo.com', 6, '2020-11-29T17:09:54.762Z', '2020-12-05T03:20:22.767Z', true, 'pcs', 'Nikko_Connelly@gmail.com', 'Marguerite', 'submitted', NULL, NULL);
INSERT INTO bid (ct_email, ct_price, start_date, end_date, is_cash, transport_method, pet_owner, pet_name, bid_status, feedback, rating) VALUES ('Kenyon16@gmail.com', 17, '2020-11-29T17:09:54.762Z', '2020-12-05T03:20:22.767Z', true, 'delivery', 'Cary79@hotmail.com', 'Dulce', 'submitted', NULL, NULL);
INSERT INTO bid (ct_email, ct_price, start_date, end_date, is_cash, transport_method, pet_owner, pet_name, bid_status, feedback, rating) VALUES ('Merritt.Bradtke@gmail.com', 14, '2020-11-29T17:09:54.762Z', '2020-12-05T03:20:22.767Z', true, 'pcs', 'Valerie12@hotmail.com', 'Candida', 'submitted', NULL, NULL);
INSERT INTO bid (ct_email, ct_price, start_date, end_date, is_cash, transport_method, pet_owner, pet_name, bid_status, feedback, rating) VALUES ('Chaim.Dach78@gmail.com', 3, '2020-11-29T17:09:54.762Z', '2020-12-05T03:20:22.767Z', true, 'delivery', 'Annie36@gmail.com', 'Dianna', 'submitted', NULL, NULL);
INSERT INTO bid (ct_email, ct_price, start_date, end_date, is_cash, transport_method, pet_owner, pet_name, bid_status, feedback, rating) VALUES ('Cameron.Nader@hotmail.com', 9, '2020-11-29T17:09:54.762Z', '2020-12-05T03:20:22.767Z', true, 'pickup', 'Javonte90@yahoo.com', 'Darian', 'submitted', NULL, NULL);
INSERT INTO bid (ct_email, ct_price, start_date, end_date, is_cash, transport_method, pet_owner, pet_name, bid_status, feedback, rating) VALUES ('Stephany.Luettgen73@gmail.com', 6, '2020-11-29T17:09:54.762Z', '2020-12-05T03:20:22.767Z', true, 'delivery', 'Keeley71@yahoo.com', 'Jon', 'submitted', NULL, NULL);
INSERT INTO bid (ct_email, ct_price, start_date, end_date, is_cash, transport_method, pet_owner, pet_name, bid_status, feedback, rating) VALUES ('Alaina.Glover84@gmail.com', 7, '2020-11-29T17:09:54.762Z', '2020-12-05T03:20:22.767Z', true, 'delivery', 'Bart.Strosin@gmail.com', 'Demond', 'submitted', NULL, NULL);
INSERT INTO bid (ct_email, ct_price, start_date, end_date, is_cash, transport_method, pet_owner, pet_name, bid_status, feedback, rating) VALUES ('Silas_Hahn77@hotmail.com', 13, '2020-11-29T17:09:54.762Z', '2020-12-05T03:20:22.767Z', true, 'delivery', 'Vesta.Gislason90@yahoo.com', 'Bradley', 'submitted', NULL, NULL);
INSERT INTO bid (ct_email, ct_price, start_date, end_date, is_cash, transport_method, pet_owner, pet_name, bid_status, feedback, rating) VALUES ('Natalia_Stoltenberg3@hotmail.com', 6, '2020-11-29T17:09:54.762Z', '2020-12-05T03:20:22.767Z', true, 'delivery', 'Melvin.Stoltenberg@yahoo.com', 'Jesus', 'submitted', NULL, NULL);
INSERT INTO bid (ct_email, ct_price, start_date, end_date, is_cash, transport_method, pet_owner, pet_name, bid_status, feedback, rating) VALUES ('Ona.Schroeder@gmail.com', 13, '2020-11-29T17:09:54.762Z', '2020-12-05T03:20:22.767Z', true, 'pickup', 'Charles.Mueller@gmail.com', 'Flavio', 'submitted', NULL, NULL);
INSERT INTO bid (ct_email, ct_price, start_date, end_date, is_cash, transport_method, pet_owner, pet_name, bid_status, feedback, rating) VALUES ('Randal_Bednar19@yahoo.com', 13, '2020-11-29T17:09:54.762Z', '2020-12-05T03:20:22.767Z', true, 'pickup', 'Karlie59@yahoo.com', 'Anastasia', 'submitted', NULL, NULL);
INSERT INTO bid (ct_email, ct_price, start_date, end_date, is_cash, transport_method, pet_owner, pet_name, bid_status, feedback, rating) VALUES ('Julianne36@hotmail.com', 5, '2020-11-29T17:09:54.762Z', '2020-12-05T03:20:22.767Z', true, 'pcs', 'Gudrun38@yahoo.com', 'Wallace', 'submitted', NULL, NULL);
INSERT INTO bid (ct_email, ct_price, start_date, end_date, is_cash, transport_method, pet_owner, pet_name, bid_status, feedback, rating) VALUES ('Enola.Halvorson@gmail.com', 5, '2020-11-29T17:09:54.762Z', '2020-12-05T03:20:22.767Z', true, 'pickup', 'Emmet_Blanda@yahoo.com', 'Cooper', 'submitted', NULL, NULL);
INSERT INTO bid (ct_email, ct_price, start_date, end_date, is_cash, transport_method, pet_owner, pet_name, bid_status, feedback, rating) VALUES ('Christine.Schumm@hotmail.com', 3, '2020-11-29T17:09:54.762Z', '2020-12-05T03:20:22.767Z', true, 'pickup', 'Werner7@hotmail.com', 'Jalen', 'submitted', NULL, NULL);
INSERT INTO bid (ct_email, ct_price, start_date, end_date, is_cash, transport_method, pet_owner, pet_name, bid_status, feedback, rating) VALUES ('Easter.Blanda@yahoo.com', 12, '2020-11-29T17:09:54.762Z', '2020-12-05T03:20:22.767Z', true, 'pcs', 'Reggie.Cormier0@yahoo.com', 'Kurt', 'submitted', NULL, NULL);
INSERT INTO bid (ct_email, ct_price, start_date, end_date, is_cash, transport_method, pet_owner, pet_name, bid_status, feedback, rating) VALUES ('Earline38@yahoo.com', 0, '2020-11-29T17:09:54.762Z', '2020-12-05T03:20:22.767Z', true, 'delivery', 'Cayla_Reilly@gmail.com', 'Jonas', 'submitted', NULL, NULL);
INSERT INTO bid (ct_email, ct_price, start_date, end_date, is_cash, transport_method, pet_owner, pet_name, bid_status, feedback, rating) VALUES ('Chesley.Brekke@yahoo.com', 17, '2020-11-29T17:09:54.762Z', '2020-12-05T03:20:22.767Z', true, 'delivery', 'Seth.Rau@yahoo.com', 'Haleigh', 'submitted', NULL, NULL);
INSERT INTO bid (ct_email, ct_price, start_date, end_date, is_cash, transport_method, pet_owner, pet_name, bid_status, feedback, rating) VALUES ('Dorothy.Muller@yahoo.com', 17, '2020-11-29T17:09:54.762Z', '2020-12-05T03:20:22.767Z', true, 'delivery', 'Royce84@gmail.com', 'Reba', 'submitted', NULL, NULL);
INSERT INTO bid (ct_email, ct_price, start_date, end_date, is_cash, transport_method, pet_owner, pet_name, bid_status, feedback, rating) VALUES ('Jany84@yahoo.com', 9, '2020-11-29T17:09:54.762Z', '2020-12-05T03:20:22.767Z', true, 'pickup', 'Jovany64@hotmail.com', 'Alize', 'submitted', NULL, NULL);
INSERT INTO bid (ct_email, ct_price, start_date, end_date, is_cash, transport_method, pet_owner, pet_name, bid_status, feedback, rating) VALUES ('Willie_Kassulke@gmail.com', 17, '2020-11-29T17:09:54.762Z', '2020-12-05T03:20:22.767Z', true, 'delivery', 'Jackson.Kirlin15@gmail.com', 'Thad', 'submitted', NULL, NULL);
INSERT INTO bid (ct_email, ct_price, start_date, end_date, is_cash, transport_method, pet_owner, pet_name, bid_status, feedback, rating) VALUES ('Gracie_Moore13@gmail.com', 3, '2020-11-29T17:09:54.762Z', '2020-12-05T03:20:22.767Z', true, 'pickup', 'Domenick.Lesch54@yahoo.com', 'Elwin', 'submitted', NULL, NULL);
INSERT INTO bid (ct_email, ct_price, start_date, end_date, is_cash, transport_method, pet_owner, pet_name, bid_status, feedback, rating) VALUES ('Ezekiel64@hotmail.com', 16, '2020-11-29T17:09:54.762Z', '2020-12-05T03:20:22.767Z', true, 'pcs', 'Fanny_Weimann@yahoo.com', 'Jermain', 'submitted', NULL, NULL);
INSERT INTO bid (ct_email, ct_price, start_date, end_date, is_cash, transport_method, pet_owner, pet_name, bid_status, feedback, rating) VALUES ('Warren.Anderson77@hotmail.com', 8, '2020-11-29T17:09:54.762Z', '2020-12-05T03:20:22.767Z', true, 'delivery', 'Trevor85@gmail.com', 'Sydney', 'submitted', NULL, NULL);
INSERT INTO bid (ct_email, ct_price, start_date, end_date, is_cash, transport_method, pet_owner, pet_name, bid_status, feedback, rating) VALUES ('Aglae_Windler@gmail.com', 17, '2020-11-29T17:09:54.762Z', '2020-12-05T03:20:22.767Z', true, 'pcs', 'Dylan9@hotmail.com', 'Theron', 'submitted', NULL, NULL);
INSERT INTO bid (ct_email, ct_price, start_date, end_date, is_cash, transport_method, pet_owner, pet_name, bid_status, feedback, rating) VALUES ('Leif_Gerhold64@yahoo.com', 12, '2020-11-29T17:09:54.762Z', '2020-12-05T03:20:22.767Z', true, 'pcs', 'Lexus27@hotmail.com', 'Vesta', 'submitted', NULL, NULL);
INSERT INTO bid (ct_email, ct_price, start_date, end_date, is_cash, transport_method, pet_owner, pet_name, bid_status, feedback, rating) VALUES ('Heath_Fahey62@gmail.com', 9, '2020-11-29T17:09:54.762Z', '2020-12-05T03:20:22.767Z', true, 'pcs', 'Adella_Predovic@yahoo.com', 'Marques', 'submitted', NULL, NULL);
INSERT INTO bid (ct_email, ct_price, start_date, end_date, is_cash, transport_method, pet_owner, pet_name, bid_status, feedback, rating) VALUES ('Zoey87@yahoo.com', 8, '2020-11-29T17:09:54.762Z', '2020-12-05T03:20:22.767Z', true, 'delivery', 'Jensen.Baumbach73@gmail.com', 'Mike', 'submitted', NULL, NULL);
INSERT INTO bid (ct_email, ct_price, start_date, end_date, is_cash, transport_method, pet_owner, pet_name, bid_status, feedback, rating) VALUES ('Kennith_Hane@gmail.com', 5, '2020-11-29T17:09:54.762Z', '2020-12-05T03:20:22.767Z', true, 'pickup', 'Araceli.Kris@hotmail.com', 'Haskell', 'submitted', NULL, NULL);
INSERT INTO bid (ct_email, ct_price, start_date, end_date, is_cash, transport_method, pet_owner, pet_name, bid_status, feedback, rating) VALUES ('Chet.Kulas@gmail.com', 2, '2020-11-29T17:09:54.762Z', '2020-12-05T03:20:22.767Z', true, 'pcs', 'Elody_Hudson@hotmail.com', 'Lea', 'submitted', NULL, NULL);
INSERT INTO bid (ct_email, ct_price, start_date, end_date, is_cash, transport_method, pet_owner, pet_name, bid_status, feedback, rating) VALUES ('Oscar0@yahoo.com', 18, '2020-11-29T17:09:54.762Z', '2020-12-05T03:20:22.767Z', true, 'delivery', 'Eveline_Shields64@hotmail.com', 'Rashad', 'submitted', NULL, NULL);
INSERT INTO bid (ct_email, ct_price, start_date, end_date, is_cash, transport_method, pet_owner, pet_name, bid_status, feedback, rating) VALUES ('Alexandre47@gmail.com', 2, '2020-11-29T17:09:54.762Z', '2020-12-05T03:20:22.767Z', true, 'pickup', 'Kendra60@hotmail.com', 'Audrey', 'submitted', NULL, NULL);
INSERT INTO bid (ct_email, ct_price, start_date, end_date, is_cash, transport_method, pet_owner, pet_name, bid_status, feedback, rating) VALUES ('Stanton.Smitham69@yahoo.com', 5, '2020-11-29T17:09:54.762Z', '2020-12-05T03:20:22.767Z', true, 'pcs', 'Candace_Terry29@hotmail.com', 'Martina', 'submitted', NULL, NULL);
INSERT INTO bid (ct_email, ct_price, start_date, end_date, is_cash, transport_method, pet_owner, pet_name, bid_status, feedback, rating) VALUES ('Vincent_Deckow88@gmail.com', 12, '2020-11-29T17:09:54.762Z', '2020-12-05T03:20:22.767Z', true, 'pcs', 'Otis.Lubowitz47@hotmail.com', 'Ferne', 'submitted', NULL, NULL);
INSERT INTO bid (ct_email, ct_price, start_date, end_date, is_cash, transport_method, pet_owner, pet_name, bid_status, feedback, rating) VALUES ('Shawn_Lehner@yahoo.com', 4, '2020-11-29T17:09:54.762Z', '2020-12-05T03:20:22.767Z', true, 'pcs', 'Agustin_Daniel92@hotmail.com', 'Michelle', 'submitted', NULL, NULL);
INSERT INTO bid (ct_email, ct_price, start_date, end_date, is_cash, transport_method, pet_owner, pet_name, bid_status, feedback, rating) VALUES ('Clark.Terry57@gmail.com', 15, '2020-11-29T17:09:54.762Z', '2020-12-05T03:20:22.767Z', true, 'delivery', 'Amari58@hotmail.com', 'Elmo', 'submitted', NULL, NULL);
INSERT INTO bid (ct_email, ct_price, start_date, end_date, is_cash, transport_method, pet_owner, pet_name, bid_status, feedback, rating) VALUES ('Corene27@hotmail.com', 4, '2020-11-29T17:09:54.762Z', '2020-12-05T03:20:22.767Z', true, 'pcs', 'Ellen82@gmail.com', 'Armand', 'submitted', NULL, NULL);
INSERT INTO bid (ct_email, ct_price, start_date, end_date, is_cash, transport_method, pet_owner, pet_name, bid_status, feedback, rating) VALUES ('Mallie45@yahoo.com', 6, '2020-11-29T17:09:54.762Z', '2020-12-05T03:20:22.767Z', true, 'pickup', 'Octavia.Borer@gmail.com', 'Nicole', 'submitted', NULL, NULL);
INSERT INTO bid (ct_email, ct_price, start_date, end_date, is_cash, transport_method, pet_owner, pet_name, bid_status, feedback, rating) VALUES ('Andreanne_Jacobson@hotmail.com', 8, '2020-11-29T17:09:54.762Z', '2020-12-05T03:20:22.767Z', true, 'pickup', 'Stephany.Luettgen73@gmail.com', 'Donald', 'submitted', NULL, NULL);
INSERT INTO bid (ct_email, ct_price, start_date, end_date, is_cash, transport_method, pet_owner, pet_name, bid_status, feedback, rating) VALUES ('Clare_McLaughlin72@hotmail.com', 19, '2020-11-29T17:09:54.762Z', '2020-12-05T03:20:22.767Z', true, 'pcs', 'Pearlie_Koch1@yahoo.com', 'Keshawn', 'submitted', NULL, NULL);
INSERT INTO bid (ct_email, ct_price, start_date, end_date, is_cash, transport_method, pet_owner, pet_name, bid_status, feedback, rating) VALUES ('Claudie_Hyatt46@gmail.com', 6, '2020-11-29T17:09:54.762Z', '2020-12-05T03:20:22.767Z', true, 'pickup', 'Sandy.Tremblay63@yahoo.com', 'Forrest', 'submitted', NULL, NULL);
INSERT INTO bid (ct_email, ct_price, start_date, end_date, is_cash, transport_method, pet_owner, pet_name, bid_status, feedback, rating) VALUES ('Suzanne.Blick85@yahoo.com', 8, '2020-11-29T17:09:54.762Z', '2020-12-05T03:20:22.767Z', true, 'delivery', 'Reynold30@gmail.com', 'Stephon', 'submitted', NULL, NULL);
INSERT INTO bid (ct_email, ct_price, start_date, end_date, is_cash, transport_method, pet_owner, pet_name, bid_status, feedback, rating) VALUES ('Raphaelle21@hotmail.com', 18, '2020-11-29T17:09:54.762Z', '2020-12-05T03:20:22.767Z', true, 'pcs', 'Josh_Koelpin7@hotmail.com', 'Joanny', 'submitted', NULL, NULL);
INSERT INTO bid (ct_email, ct_price, start_date, end_date, is_cash, transport_method, pet_owner, pet_name, bid_status, feedback, rating) VALUES ('Nikko_Connelly@gmail.com', 19, '2020-11-29T17:09:54.762Z', '2020-12-05T03:20:22.767Z', true, 'delivery', 'Nat62@hotmail.com', 'Arely', 'submitted', NULL, NULL);
INSERT INTO bid (ct_email, ct_price, start_date, end_date, is_cash, transport_method, pet_owner, pet_name, bid_status, feedback, rating) VALUES ('Napoleon_Raynor@hotmail.com', 18, '2020-11-29T17:09:54.762Z', '2020-12-05T03:20:22.767Z', true, 'pickup', 'Donato99@gmail.com', 'Dominic', 'submitted', NULL, NULL);
INSERT INTO bid (ct_email, ct_price, start_date, end_date, is_cash, transport_method, pet_owner, pet_name, bid_status, feedback, rating) VALUES ('Alexzander31@hotmail.com', 8, '2020-11-29T17:09:54.762Z', '2020-12-05T03:20:22.767Z', true, 'pickup', 'Wyman.Bruen@yahoo.com', 'Nash', 'submitted', NULL, NULL);
INSERT INTO bid (ct_email, ct_price, start_date, end_date, is_cash, transport_method, pet_owner, pet_name, bid_status, feedback, rating) VALUES ('Jedidiah.Collins98@yahoo.com', 0, '2020-11-29T17:09:54.762Z', '2020-12-05T03:20:22.767Z', true, 'delivery', 'Naomi_Abbott67@gmail.com', 'Hyman', 'submitted', NULL, NULL);
INSERT INTO bid (ct_email, ct_price, start_date, end_date, is_cash, transport_method, pet_owner, pet_name, bid_status, feedback, rating) VALUES ('Destin.Von54@hotmail.com', 16, '2020-11-29T17:09:54.762Z', '2020-12-05T03:20:22.767Z', true, 'pcs', 'Elwyn.Hoeger89@gmail.com', 'Tyrell', 'submitted', NULL, NULL);
INSERT INTO bid (ct_email, ct_price, start_date, end_date, is_cash, transport_method, pet_owner, pet_name, bid_status, feedback, rating) VALUES ('Clarabelle.DuBuque66@yahoo.com', 14, '2020-11-29T17:09:54.762Z', '2020-12-05T03:20:22.767Z', true, 'pcs', 'Kadin.Schuppe@hotmail.com', 'Niko', 'submitted', NULL, NULL);
INSERT INTO bid (ct_email, ct_price, start_date, end_date, is_cash, transport_method, pet_owner, pet_name, bid_status, feedback, rating) VALUES ('Paris.Pagac@yahoo.com', 8, '2020-11-29T17:09:54.762Z', '2020-12-05T03:20:22.767Z', true, 'pickup', 'Leola.Kutch@hotmail.com', 'Sarah', 'submitted', NULL, NULL);
INSERT INTO bid (ct_email, ct_price, start_date, end_date, is_cash, transport_method, pet_owner, pet_name, bid_status, feedback, rating) VALUES ('Bettye_Mante@yahoo.com', 1, '2020-11-29T17:09:54.762Z', '2020-12-05T03:20:22.767Z', true, 'delivery', 'Peter.Aufderhar37@hotmail.com', 'Lauren', 'submitted', NULL, NULL);
INSERT INTO bid (ct_email, ct_price, start_date, end_date, is_cash, transport_method, pet_owner, pet_name, bid_status, feedback, rating) VALUES ('Millie.Keebler63@gmail.com', 1, '2020-11-29T17:09:54.762Z', '2020-12-05T03:20:22.767Z', true, 'delivery', 'Werner_Ward@yahoo.com', 'Jonathon', 'submitted', NULL, NULL);
INSERT INTO bid (ct_email, ct_price, start_date, end_date, is_cash, transport_method, pet_owner, pet_name, bid_status, feedback, rating) VALUES ('Adrain87@gmail.com', 16, '2020-11-29T17:09:54.762Z', '2020-12-05T03:20:22.767Z', true, 'pcs', 'Chaim.Dach78@gmail.com', 'Lois', 'submitted', NULL, NULL);
INSERT INTO bid (ct_email, ct_price, start_date, end_date, is_cash, transport_method, pet_owner, pet_name, bid_status, feedback, rating) VALUES ('Mariam.Herman@gmail.com', 19, '2020-11-29T17:09:54.762Z', '2020-12-05T03:20:22.767Z', true, 'pickup', 'Leon_Kulas@yahoo.com', 'Selina', 'submitted', NULL, NULL);
INSERT INTO bid (ct_email, ct_price, start_date, end_date, is_cash, transport_method, pet_owner, pet_name, bid_status, feedback, rating) VALUES ('Stella_Wyman55@yahoo.com', 17, '2020-11-29T17:09:54.762Z', '2020-12-05T03:20:22.767Z', true, 'delivery', 'Keenan.Grady80@hotmail.com', 'Esteban', 'submitted', NULL, NULL);
INSERT INTO bid (ct_email, ct_price, start_date, end_date, is_cash, transport_method, pet_owner, pet_name, bid_status, feedback, rating) VALUES ('Savion.Kovacek@hotmail.com', 11, '2020-11-29T17:09:54.762Z', '2020-12-05T03:20:22.767Z', true, 'pcs', 'Guido98@hotmail.com', 'Yazmin', 'submitted', NULL, NULL);
INSERT INTO bid (ct_email, ct_price, start_date, end_date, is_cash, transport_method, pet_owner, pet_name, bid_status, feedback, rating) VALUES ('Celestino_Stroman4@hotmail.com', 7, '2020-11-29T17:09:54.762Z', '2020-12-05T03:20:22.767Z', true, 'pcs', 'Wilford42@hotmail.com', 'Willy', 'submitted', NULL, NULL);
INSERT INTO bid (ct_email, ct_price, start_date, end_date, is_cash, transport_method, pet_owner, pet_name, bid_status, feedback, rating) VALUES ('Stefanie_Roob17@gmail.com', 18, '2020-11-29T17:09:54.762Z', '2020-12-05T03:20:22.767Z', true, 'delivery', 'Jacynthe_Shields48@yahoo.com', 'Bridget', 'submitted', NULL, NULL);
INSERT INTO bid (ct_email, ct_price, start_date, end_date, is_cash, transport_method, pet_owner, pet_name, bid_status, feedback, rating) VALUES ('Lolita74@hotmail.com', 6, '2020-11-29T17:09:54.762Z', '2020-12-05T03:20:22.767Z', true, 'pickup', 'Cesar.Mraz@gmail.com', 'Patricia', 'submitted', NULL, NULL);
INSERT INTO bid (ct_email, ct_price, start_date, end_date, is_cash, transport_method, pet_owner, pet_name, bid_status, feedback, rating) VALUES ('Johnathon2@gmail.com', 5, '2020-11-29T17:09:54.762Z', '2020-12-05T03:20:22.767Z', true, 'pickup', 'Theron.Grant57@hotmail.com', 'Hailee', 'submitted', NULL, NULL);
INSERT INTO bid (ct_email, ct_price, start_date, end_date, is_cash, transport_method, pet_owner, pet_name, bid_status, feedback, rating) VALUES ('Gail_Weissnat@yahoo.com', 13, '2020-11-29T17:09:54.762Z', '2020-12-05T03:20:22.767Z', true, 'pcs', 'Ubaldo37@gmail.com', 'Toy', 'submitted', NULL, NULL);
INSERT INTO bid (ct_email, ct_price, start_date, end_date, is_cash, transport_method, pet_owner, pet_name, bid_status, feedback, rating) VALUES ('Laura_Kunde9@hotmail.com', 20, '2020-11-29T17:09:54.762Z', '2020-12-05T03:20:22.767Z', true, 'pcs', 'Sidney20@gmail.com', 'Raheem', 'submitted', NULL, NULL);
INSERT INTO bid (ct_email, ct_price, start_date, end_date, is_cash, transport_method, pet_owner, pet_name, bid_status, feedback, rating) VALUES ('Nelson.Krajcik63@yahoo.com', 7, '2020-11-29T17:09:54.762Z', '2020-12-05T03:20:22.767Z', true, 'pcs', 'Marietta15@gmail.com', 'Ruthie', 'submitted', NULL, NULL);
INSERT INTO bid (ct_email, ct_price, start_date, end_date, is_cash, transport_method, pet_owner, pet_name, bid_status, feedback, rating) VALUES ('Charles.Mueller@gmail.com', 4, '2020-11-29T17:09:54.762Z', '2020-12-05T03:20:22.767Z', true, 'pcs', 'Jose69@hotmail.com', 'Rosendo', 'submitted', NULL, NULL);
INSERT INTO bid (ct_email, ct_price, start_date, end_date, is_cash, transport_method, pet_owner, pet_name, bid_status, feedback, rating) VALUES ('Alana21@yahoo.com', 3, '2020-11-29T17:09:54.762Z', '2020-12-05T03:20:22.767Z', true, 'pcs', 'Danial_Conroy@yahoo.com', 'Angeline', 'submitted', NULL, NULL);
INSERT INTO bid (ct_email, ct_price, start_date, end_date, is_cash, transport_method, pet_owner, pet_name, bid_status, feedback, rating) VALUES ('Lauretta.Stiedemann60@gmail.com', 8, '2020-11-29T17:09:54.762Z', '2020-12-05T03:20:22.767Z', true, 'pcs', 'Timmy59@hotmail.com', 'Rod', 'submitted', NULL, NULL);
INSERT INTO bid (ct_email, ct_price, start_date, end_date, is_cash, transport_method, pet_owner, pet_name, bid_status, feedback, rating) VALUES ('Noelia_Effertz@gmail.com', 16, '2020-11-29T17:09:54.762Z', '2020-12-05T03:20:22.767Z', true, 'delivery', 'Adrain_Wyman@gmail.com', 'Selina', 'submitted', NULL, NULL);
INSERT INTO bid (ct_email, ct_price, start_date, end_date, is_cash, transport_method, pet_owner, pet_name, bid_status, feedback, rating) VALUES ('Amy49@gmail.com', 7, '2020-11-29T17:09:54.762Z', '2020-12-05T03:20:22.767Z', true, 'delivery', 'Kaela_Towne@hotmail.com', 'Albin', 'submitted', NULL, NULL);
INSERT INTO bid (ct_email, ct_price, start_date, end_date, is_cash, transport_method, pet_owner, pet_name, bid_status, feedback, rating) VALUES ('Kailey.Schoen83@hotmail.com', 13, '2020-11-29T17:09:54.762Z', '2020-12-05T03:20:22.767Z', true, 'pcs', 'Baron52@yahoo.com', 'Guiseppe', 'submitted', NULL, NULL);
INSERT INTO bid (ct_email, ct_price, start_date, end_date, is_cash, transport_method, pet_owner, pet_name, bid_status, feedback, rating) VALUES ('Caleigh60@gmail.com', 4, '2020-11-29T17:09:54.762Z', '2020-12-05T03:20:22.767Z', true, 'pickup', 'Bradford_Ondricka33@yahoo.com', 'Kaela', 'submitted', NULL, NULL);
INSERT INTO bid (ct_email, ct_price, start_date, end_date, is_cash, transport_method, pet_owner, pet_name, bid_status, feedback, rating) VALUES ('Durward.Johnston99@gmail.com', 3, '2020-11-29T17:09:54.762Z', '2020-12-05T03:20:22.767Z', true, 'pcs', 'Lizeth18@hotmail.com', 'Parker', 'submitted', NULL, NULL);
INSERT INTO bid (ct_email, ct_price, start_date, end_date, is_cash, transport_method, pet_owner, pet_name, bid_status, feedback, rating) VALUES ('Wilford42@hotmail.com', 18, '2020-11-29T17:09:54.762Z', '2020-12-05T03:20:22.767Z', true, 'delivery', 'Preston_Homenick@gmail.com', 'Larue', 'submitted', NULL, NULL);
INSERT INTO bid (ct_email, ct_price, start_date, end_date, is_cash, transport_method, pet_owner, pet_name, bid_status, feedback, rating) VALUES ('Lupe_Hilll@gmail.com', 15, '2020-11-29T17:09:54.762Z', '2020-12-05T03:20:22.767Z', true, 'pickup', 'Brittany.Price57@gmail.com', 'Jasen', 'submitted', NULL, NULL);
INSERT INTO bid (ct_email, ct_price, start_date, end_date, is_cash, transport_method, pet_owner, pet_name, bid_status, feedback, rating) VALUES ('Anissa.Volkman@hotmail.com', 16, '2020-11-29T17:09:54.762Z', '2020-12-05T03:20:22.767Z', true, 'pickup', 'Eliza_Deckow@gmail.com', 'Blair', 'submitted', NULL, NULL);
INSERT INTO bid (ct_email, ct_price, start_date, end_date, is_cash, transport_method, pet_owner, pet_name, bid_status, feedback, rating) VALUES ('Lulu15@gmail.com', 17, '2020-11-29T17:09:54.762Z', '2020-12-05T03:20:22.767Z', true, 'pcs', 'Vicente63@gmail.com', 'Alejandra', 'submitted', NULL, NULL);
INSERT INTO bid (ct_email, ct_price, start_date, end_date, is_cash, transport_method, pet_owner, pet_name, bid_status, feedback, rating) VALUES ('Emelia12@yahoo.com', 19, '2020-11-29T17:09:54.762Z', '2020-12-05T03:20:22.767Z', true, 'pickup', 'Kaya_Miller@yahoo.com', 'Penelope', 'submitted', NULL, NULL);
INSERT INTO bid (ct_email, ct_price, start_date, end_date, is_cash, transport_method, pet_owner, pet_name, bid_status, feedback, rating) VALUES ('Heloise.Dietrich61@gmail.com', 8, '2020-11-29T17:09:54.762Z', '2020-12-05T03:20:22.767Z', true, 'pcs', 'Jalen.Kunde45@hotmail.com', 'Gudrun', 'submitted', NULL, NULL);
INSERT INTO bid (ct_email, ct_price, start_date, end_date, is_cash, transport_method, pet_owner, pet_name, bid_status, feedback, rating) VALUES ('Roosevelt.Stracke@hotmail.com', 0, '2020-11-29T17:09:54.762Z', '2020-12-05T03:20:22.767Z', true, 'pickup', 'Harold.Rolfson@hotmail.com', 'Karl', 'submitted', NULL, NULL);
INSERT INTO bid (ct_email, ct_price, start_date, end_date, is_cash, transport_method, pet_owner, pet_name, bid_status, feedback, rating) VALUES ('Juliet_Greenholt@hotmail.com', 7, '2020-11-29T17:09:54.762Z', '2020-12-05T03:20:22.767Z', true, 'pcs', 'Marianne.Predovic99@gmail.com', 'Kathleen', 'submitted', NULL, NULL);
INSERT INTO bid (ct_email, ct_price, start_date, end_date, is_cash, transport_method, pet_owner, pet_name, bid_status, feedback, rating) VALUES ('Brendon_Beer49@gmail.com', 8, '2020-11-29T17:09:54.762Z', '2020-12-05T03:20:22.767Z', true, 'delivery', 'Kasandra_Quitzon@yahoo.com', 'Benedict', 'submitted', NULL, NULL);
INSERT INTO bid (ct_email, ct_price, start_date, end_date, is_cash, transport_method, pet_owner, pet_name, bid_status, feedback, rating) VALUES ('Garrett.Greenholt32@gmail.com', 20, '2020-11-29T17:09:54.762Z', '2020-12-05T03:20:22.767Z', true, 'pickup', 'Hanna.Davis@gmail.com', 'Lafayette', 'submitted', NULL, NULL);
INSERT INTO bid (ct_email, ct_price, start_date, end_date, is_cash, transport_method, pet_owner, pet_name, bid_status, feedback, rating) VALUES ('Royce.Schamberger77@yahoo.com', 16, '2020-11-29T17:09:54.762Z', '2020-12-05T03:20:22.767Z', true, 'delivery', 'Rickey34@yahoo.com', 'Cristian', 'submitted', NULL, NULL);
INSERT INTO bid (ct_email, ct_price, start_date, end_date, is_cash, transport_method, pet_owner, pet_name, bid_status, feedback, rating) VALUES ('Quincy43@yahoo.com', 9, '2020-11-29T17:09:54.762Z', '2020-12-05T03:20:22.767Z', true, 'pcs', 'Marjory31@hotmail.com', 'Hertha', 'submitted', NULL, NULL);
INSERT INTO bid (ct_email, ct_price, start_date, end_date, is_cash, transport_method, pet_owner, pet_name, bid_status, feedback, rating) VALUES ('Kris.Predovic@hotmail.com', 5, '2020-11-29T17:09:54.762Z', '2020-12-05T03:20:22.767Z', true, 'pcs', 'Clinton_Bins@yahoo.com', 'Murphy', 'submitted', NULL, NULL);
INSERT INTO bid (ct_email, ct_price, start_date, end_date, is_cash, transport_method, pet_owner, pet_name, bid_status, feedback, rating) VALUES ('Maryjane_Orn76@hotmail.com', 17, '2020-11-29T17:09:54.762Z', '2020-12-05T03:20:22.767Z', true, 'delivery', 'Clark.Terry57@gmail.com', 'Ines', 'submitted', NULL, NULL);
INSERT INTO bid (ct_email, ct_price, start_date, end_date, is_cash, transport_method, pet_owner, pet_name, bid_status, feedback, rating) VALUES ('Joyce79@gmail.com', 20, '2020-11-29T17:09:54.762Z', '2020-12-05T03:20:22.767Z', true, 'pcs', 'Emelia12@yahoo.com', 'Emma', 'submitted', NULL, NULL);
INSERT INTO bid (ct_email, ct_price, start_date, end_date, is_cash, transport_method, pet_owner, pet_name, bid_status, feedback, rating) VALUES ('Meda.Fahey78@gmail.com', 10, '2020-11-29T17:09:54.762Z', '2020-12-05T03:20:22.767Z', true, 'pcs', 'Nicklaus.Hermiston22@yahoo.com', 'Agustin', 'submitted', NULL, NULL);
INSERT INTO bid (ct_email, ct_price, start_date, end_date, is_cash, transport_method, pet_owner, pet_name, bid_status, feedback, rating) VALUES ('Kassandra_Ratke92@gmail.com', 14, '2020-11-29T17:09:54.762Z', '2020-12-05T03:20:22.767Z', true, 'pcs', 'Lon.Hamill28@hotmail.com', 'Arthur', 'submitted', NULL, NULL);
INSERT INTO bid (ct_email, ct_price, start_date, end_date, is_cash, transport_method, pet_owner, pet_name, bid_status, feedback, rating) VALUES ('Aimee.Doyle@yahoo.com', 17, '2020-12-06T03:20:22.767Z', '2020-12-10T13:21:26.375Z', true, 'delivery', 'Alex_Runolfsson@gmail.com', 'Frederik', 'submitted', NULL, NULL);
INSERT INTO bid (ct_email, ct_price, start_date, end_date, is_cash, transport_method, pet_owner, pet_name, bid_status, feedback, rating) VALUES ('Carson.Volkman@yahoo.com', 17, '2020-12-06T03:20:22.767Z', '2020-12-10T13:21:26.375Z', true, 'pickup', 'Rosalinda30@yahoo.com', 'Maddison', 'submitted', NULL, NULL);
INSERT INTO bid (ct_email, ct_price, start_date, end_date, is_cash, transport_method, pet_owner, pet_name, bid_status, feedback, rating) VALUES ('Marta_Robel22@yahoo.com', 1, '2020-12-06T03:20:22.767Z', '2020-12-10T13:21:26.375Z', true, 'delivery', 'Bailey.Gaylord61@yahoo.com', 'Jordan', 'submitted', NULL, NULL);
INSERT INTO bid (ct_email, ct_price, start_date, end_date, is_cash, transport_method, pet_owner, pet_name, bid_status, feedback, rating) VALUES ('Alva78@hotmail.com', 0, '2020-12-06T03:20:22.767Z', '2020-12-10T13:21:26.375Z', true, 'delivery', 'Carolyn.Rowe68@yahoo.com', 'Amiya', 'submitted', NULL, NULL);
INSERT INTO bid (ct_email, ct_price, start_date, end_date, is_cash, transport_method, pet_owner, pet_name, bid_status, feedback, rating) VALUES ('Clair_Wisozk23@gmail.com', 19, '2020-12-06T03:20:22.767Z', '2020-12-10T13:21:26.375Z', true, 'pickup', 'Clinton_Bins@yahoo.com', 'Murphy', 'submitted', NULL, NULL);
INSERT INTO bid (ct_email, ct_price, start_date, end_date, is_cash, transport_method, pet_owner, pet_name, bid_status, feedback, rating) VALUES ('Ferne_Jacobi51@gmail.com', 15, '2020-12-06T03:20:22.767Z', '2020-12-10T13:21:26.375Z', true, 'delivery', 'Kathryn.White@yahoo.com', 'Ebony', 'submitted', NULL, NULL);
INSERT INTO bid (ct_email, ct_price, start_date, end_date, is_cash, transport_method, pet_owner, pet_name, bid_status, feedback, rating) VALUES ('Filomena.Toy90@yahoo.com', 0, '2020-12-06T03:20:22.767Z', '2020-12-10T13:21:26.375Z', true, 'pickup', 'Amari58@hotmail.com', 'Elmo', 'submitted', NULL, NULL);
INSERT INTO bid (ct_email, ct_price, start_date, end_date, is_cash, transport_method, pet_owner, pet_name, bid_status, feedback, rating) VALUES ('Assunta_Leuschke1@yahoo.com', 12, '2020-12-06T03:20:22.767Z', '2020-12-10T13:21:26.375Z', true, 'pcs', 'Wyman.Bruen@yahoo.com', 'Nash', 'submitted', NULL, NULL);
INSERT INTO bid (ct_email, ct_price, start_date, end_date, is_cash, transport_method, pet_owner, pet_name, bid_status, feedback, rating) VALUES ('Lucio76@gmail.com', 5, '2020-12-06T03:20:22.767Z', '2020-12-10T13:21:26.375Z', true, 'pcs', 'Kathleen_Wiegand3@hotmail.com', 'Mauricio', 'submitted', NULL, NULL);
INSERT INTO bid (ct_email, ct_price, start_date, end_date, is_cash, transport_method, pet_owner, pet_name, bid_status, feedback, rating) VALUES ('Marietta15@gmail.com', 1, '2020-12-06T03:20:22.767Z', '2020-12-10T13:21:26.375Z', true, 'pcs', 'Joaquin.Terry@hotmail.com', 'Wanda', 'submitted', NULL, NULL);
INSERT INTO bid (ct_email, ct_price, start_date, end_date, is_cash, transport_method, pet_owner, pet_name, bid_status, feedback, rating) VALUES ('Juliana.Waters@yahoo.com', 17, '2020-12-06T03:20:22.767Z', '2020-12-10T13:21:26.375Z', true, 'pcs', 'Immanuel13@gmail.com', 'Merlin', 'submitted', NULL, NULL);
INSERT INTO bid (ct_email, ct_price, start_date, end_date, is_cash, transport_method, pet_owner, pet_name, bid_status, feedback, rating) VALUES ('Nicklaus.Von22@gmail.com', 16, '2020-12-06T03:20:22.767Z', '2020-12-10T13:21:26.375Z', true, 'pickup', 'Domenick.Lesch54@yahoo.com', 'Elwin', 'submitted', NULL, NULL);
INSERT INTO bid (ct_email, ct_price, start_date, end_date, is_cash, transport_method, pet_owner, pet_name, bid_status, feedback, rating) VALUES ('Julius.Hills@yahoo.com', 1, '2020-12-06T03:20:22.767Z', '2020-12-10T13:21:26.375Z', true, 'delivery', 'Junius.Hayes76@hotmail.com', 'Oceane', 'submitted', NULL, NULL);
INSERT INTO bid (ct_email, ct_price, start_date, end_date, is_cash, transport_method, pet_owner, pet_name, bid_status, feedback, rating) VALUES ('Emory_Lang77@yahoo.com', 0, '2020-12-06T03:20:22.767Z', '2020-12-10T13:21:26.375Z', true, 'delivery', 'Heloise.Dietrich61@gmail.com', 'Gracie', 'submitted', NULL, NULL);
INSERT INTO bid (ct_email, ct_price, start_date, end_date, is_cash, transport_method, pet_owner, pet_name, bid_status, feedback, rating) VALUES ('Megane_Schoen24@yahoo.com', 2, '2020-12-06T03:20:22.767Z', '2020-12-10T13:21:26.375Z', true, 'delivery', 'Alejandra_Medhurst@gmail.com', 'Misty', 'submitted', NULL, NULL);
INSERT INTO bid (ct_email, ct_price, start_date, end_date, is_cash, transport_method, pet_owner, pet_name, bid_status, feedback, rating) VALUES ('Elmore74@gmail.com', 6, '2020-12-06T03:20:22.767Z', '2020-12-10T13:21:26.375Z', true, 'delivery', 'Nat62@hotmail.com', 'Arely', 'submitted', NULL, NULL);
INSERT INTO bid (ct_email, ct_price, start_date, end_date, is_cash, transport_method, pet_owner, pet_name, bid_status, feedback, rating) VALUES ('Trudie55@hotmail.com', 3, '2020-12-06T03:20:22.767Z', '2020-12-10T13:21:26.375Z', true, 'delivery', 'Katelynn_Jakubowski71@yahoo.com', 'Xander', 'submitted', NULL, NULL);
INSERT INTO bid (ct_email, ct_price, start_date, end_date, is_cash, transport_method, pet_owner, pet_name, bid_status, feedback, rating) VALUES ('Kaya.Miller@hotmail.com', 20, '2020-12-06T03:20:22.767Z', '2020-12-10T13:21:26.375Z', true, 'pcs', 'Adrain_Wyman@gmail.com', 'Selina', 'submitted', NULL, NULL);
INSERT INTO bid (ct_email, ct_price, start_date, end_date, is_cash, transport_method, pet_owner, pet_name, bid_status, feedback, rating) VALUES ('Christ99@yahoo.com', 10, '2020-12-06T03:20:22.767Z', '2020-12-10T13:21:26.375Z', true, 'pickup', 'Chesley.Brekke@yahoo.com', 'Aliya', 'submitted', NULL, NULL);
INSERT INTO bid (ct_email, ct_price, start_date, end_date, is_cash, transport_method, pet_owner, pet_name, bid_status, feedback, rating) VALUES ('Heath_Harris@yahoo.com', 20, '2020-12-06T03:20:22.767Z', '2020-12-10T13:21:26.375Z', true, 'pcs', 'Elwyn.Hoeger89@gmail.com', 'Tyrell', 'submitted', NULL, NULL);
INSERT INTO bid (ct_email, ct_price, start_date, end_date, is_cash, transport_method, pet_owner, pet_name, bid_status, feedback, rating) VALUES ('Marianne90@yahoo.com', 16, '2020-12-06T03:20:22.767Z', '2020-12-10T13:21:26.375Z', true, 'pcs', 'Claudia.Heaney66@hotmail.com', 'Itzel', 'submitted', NULL, NULL);
INSERT INTO bid (ct_email, ct_price, start_date, end_date, is_cash, transport_method, pet_owner, pet_name, bid_status, feedback, rating) VALUES ('Flavie_Pacocha7@yahoo.com', 6, '2020-12-06T03:20:22.767Z', '2020-12-10T13:21:26.375Z', true, 'pcs', 'Citlalli.Haag76@gmail.com', 'Felicita', 'submitted', NULL, NULL);
INSERT INTO bid (ct_email, ct_price, start_date, end_date, is_cash, transport_method, pet_owner, pet_name, bid_status, feedback, rating) VALUES ('Reynold30@gmail.com', 9, '2020-12-06T03:20:22.767Z', '2020-12-10T13:21:26.375Z', true, 'pickup', 'Sonia.Medhurst@yahoo.com', 'Orlando', 'submitted', NULL, NULL);
INSERT INTO bid (ct_email, ct_price, start_date, end_date, is_cash, transport_method, pet_owner, pet_name, bid_status, feedback, rating) VALUES ('Marietta_Paucek@yahoo.com', 5, '2020-12-06T03:20:22.767Z', '2020-12-10T13:21:26.375Z', true, 'delivery', 'Newton_Monahan@gmail.com', 'Alden', 'submitted', NULL, NULL);
INSERT INTO bid (ct_email, ct_price, start_date, end_date, is_cash, transport_method, pet_owner, pet_name, bid_status, feedback, rating) VALUES ('Christiana_OConner19@hotmail.com', 2, '2020-12-06T03:20:22.767Z', '2020-12-10T13:21:26.375Z', true, 'pickup', 'Tyrel_Murazik@gmail.com', 'Shannon', 'submitted', NULL, NULL);
INSERT INTO bid (ct_email, ct_price, start_date, end_date, is_cash, transport_method, pet_owner, pet_name, bid_status, feedback, rating) VALUES ('Kristoffer_Welch13@yahoo.com', 1, '2020-12-06T03:20:22.767Z', '2020-12-10T13:21:26.375Z', true, 'pcs', 'Franco11@yahoo.com', 'Fanny', 'submitted', NULL, NULL);
INSERT INTO bid (ct_email, ct_price, start_date, end_date, is_cash, transport_method, pet_owner, pet_name, bid_status, feedback, rating) VALUES ('Verna2@yahoo.com', 17, '2020-12-06T03:20:22.767Z', '2020-12-10T13:21:26.375Z', true, 'delivery', 'Julien15@hotmail.com', 'Amber', 'submitted', NULL, NULL);
INSERT INTO bid (ct_email, ct_price, start_date, end_date, is_cash, transport_method, pet_owner, pet_name, bid_status, feedback, rating) VALUES ('Jesus.Haag@hotmail.com', 5, '2020-12-06T03:20:22.767Z', '2020-12-10T13:21:26.375Z', true, 'pcs', 'Ben_Johns@yahoo.com', 'Brian', 'submitted', NULL, NULL);
INSERT INTO bid (ct_email, ct_price, start_date, end_date, is_cash, transport_method, pet_owner, pet_name, bid_status, feedback, rating) VALUES ('Joey74@gmail.com', 1, '2020-12-06T03:20:22.767Z', '2020-12-10T13:21:26.375Z', true, 'pcs', 'Stella_Wyman55@yahoo.com', 'Hildegard', 'submitted', NULL, NULL);
INSERT INTO bid (ct_email, ct_price, start_date, end_date, is_cash, transport_method, pet_owner, pet_name, bid_status, feedback, rating) VALUES ('Lukas.Mayer16@gmail.com', 12, '2020-12-06T03:20:22.767Z', '2020-12-10T13:21:26.375Z', true, 'pcs', 'Everett_Krajcik@gmail.com', 'Lora', 'submitted', NULL, NULL);
INSERT INTO bid (ct_email, ct_price, start_date, end_date, is_cash, transport_method, pet_owner, pet_name, bid_status, feedback, rating) VALUES ('Breanna80@yahoo.com', 3, '2020-12-06T03:20:22.767Z', '2020-12-10T13:21:26.375Z', true, 'pcs', 'Alva78@hotmail.com', 'Elody', 'submitted', NULL, NULL);
INSERT INTO bid (ct_email, ct_price, start_date, end_date, is_cash, transport_method, pet_owner, pet_name, bid_status, feedback, rating) VALUES ('Cassidy_Kovacek@yahoo.com', 4, '2020-12-06T03:20:22.767Z', '2020-12-10T13:21:26.375Z', true, 'delivery', 'Cordia_Renner15@gmail.com', 'Bo', 'submitted', NULL, NULL);
INSERT INTO bid (ct_email, ct_price, start_date, end_date, is_cash, transport_method, pet_owner, pet_name, bid_status, feedback, rating) VALUES ('Junius.Hayes76@hotmail.com', 7, '2020-12-06T03:20:22.767Z', '2020-12-10T13:21:26.375Z', true, 'delivery', 'Angie_Stanton@gmail.com', 'Laury', 'submitted', NULL, NULL);
INSERT INTO bid (ct_email, ct_price, start_date, end_date, is_cash, transport_method, pet_owner, pet_name, bid_status, feedback, rating) VALUES ('Shannon74@yahoo.com', 16, '2020-12-06T03:20:22.767Z', '2020-12-10T13:21:26.375Z', true, 'pickup', 'Trudie55@hotmail.com', 'Leif', 'submitted', NULL, NULL);
INSERT INTO bid (ct_email, ct_price, start_date, end_date, is_cash, transport_method, pet_owner, pet_name, bid_status, feedback, rating) VALUES ('Erika_OHara@gmail.com', 8, '2020-12-06T03:20:22.767Z', '2020-12-10T13:21:26.375Z', true, 'pcs', 'Jacynthe_Shields48@yahoo.com', 'Bridget', 'submitted', NULL, NULL);
INSERT INTO bid (ct_email, ct_price, start_date, end_date, is_cash, transport_method, pet_owner, pet_name, bid_status, feedback, rating) VALUES ('Ashlee75@hotmail.com', 9, '2020-12-06T03:20:22.767Z', '2020-12-10T13:21:26.375Z', true, 'pcs', 'Russel25@gmail.com', 'Leonel', 'submitted', NULL, NULL);
INSERT INTO bid (ct_email, ct_price, start_date, end_date, is_cash, transport_method, pet_owner, pet_name, bid_status, feedback, rating) VALUES ('Domenica_Ondricka1@gmail.com', 2, '2020-12-06T03:20:22.767Z', '2020-12-10T13:21:26.375Z', true, 'delivery', 'Olga.Crist40@gmail.com', 'Zula', 'submitted', NULL, NULL);
INSERT INTO bid (ct_email, ct_price, start_date, end_date, is_cash, transport_method, pet_owner, pet_name, bid_status, feedback, rating) VALUES ('Nedra.Durgan24@gmail.com', 17, '2020-12-06T03:20:22.767Z', '2020-12-10T13:21:26.375Z', true, 'pickup', 'Clark.Terry57@gmail.com', 'Ines', 'submitted', NULL, NULL);
INSERT INTO bid (ct_email, ct_price, start_date, end_date, is_cash, transport_method, pet_owner, pet_name, bid_status, feedback, rating) VALUES ('Ivah10@gmail.com', 4, '2020-12-06T03:20:22.767Z', '2020-12-10T13:21:26.375Z', true, 'pcs', 'Glennie.Considine63@gmail.com', 'Zella', 'submitted', NULL, NULL);
INSERT INTO bid (ct_email, ct_price, start_date, end_date, is_cash, transport_method, pet_owner, pet_name, bid_status, feedback, rating) VALUES ('Brittany.Price57@gmail.com', 6, '2020-12-06T03:20:22.767Z', '2020-12-10T13:21:26.375Z', true, 'pickup', 'Lucious79@hotmail.com', 'Waylon', 'submitted', NULL, NULL);
INSERT INTO bid (ct_email, ct_price, start_date, end_date, is_cash, transport_method, pet_owner, pet_name, bid_status, feedback, rating) VALUES ('Bertha_Will@yahoo.com', 5, '2020-12-06T03:20:22.767Z', '2020-12-10T13:21:26.375Z', true, 'pickup', 'Alexzander_Cole38@hotmail.com', 'Kraig', 'submitted', NULL, NULL);
INSERT INTO bid (ct_email, ct_price, start_date, end_date, is_cash, transport_method, pet_owner, pet_name, bid_status, feedback, rating) VALUES ('Milton_Marvin81@gmail.com', 12, '2020-12-06T03:20:22.767Z', '2020-12-10T13:21:26.375Z', true, 'pcs', 'Eulah_Bechtelar@yahoo.com', 'Sophia', 'submitted', NULL, NULL);
INSERT INTO bid (ct_email, ct_price, start_date, end_date, is_cash, transport_method, pet_owner, pet_name, bid_status, feedback, rating) VALUES ('Alda.Prosacco74@yahoo.com', 1, '2020-12-06T03:20:22.767Z', '2020-12-10T13:21:26.375Z', true, 'pcs', 'Marjory31@hotmail.com', 'Hertha', 'submitted', NULL, NULL);
INSERT INTO bid (ct_email, ct_price, start_date, end_date, is_cash, transport_method, pet_owner, pet_name, bid_status, feedback, rating) VALUES ('Henderson_Fritsch@hotmail.com', 5, '2020-12-06T03:20:22.767Z', '2020-12-10T13:21:26.375Z', true, 'delivery', 'Reynold14@gmail.com', 'Warren', 'submitted', NULL, NULL);
INSERT INTO bid (ct_email, ct_price, start_date, end_date, is_cash, transport_method, pet_owner, pet_name, bid_status, feedback, rating) VALUES ('Kamren_Heathcote@hotmail.com', 13, '2020-12-06T03:20:22.767Z', '2020-12-10T13:21:26.375Z', true, 'pcs', 'Allison.Nolan81@hotmail.com', 'Liam', 'submitted', NULL, NULL);
INSERT INTO bid (ct_email, ct_price, start_date, end_date, is_cash, transport_method, pet_owner, pet_name, bid_status, feedback, rating) VALUES ('Annamae4@hotmail.com', 6, '2020-12-06T03:20:22.767Z', '2020-12-10T13:21:26.375Z', true, 'pickup', 'Grant_Kerluke64@yahoo.com', 'Jena', 'submitted', NULL, NULL);
INSERT INTO bid (ct_email, ct_price, start_date, end_date, is_cash, transport_method, pet_owner, pet_name, bid_status, feedback, rating) VALUES ('Trevor40@gmail.com', 20, '2020-12-06T03:20:22.767Z', '2020-12-10T13:21:26.375Z', true, 'delivery', 'Freddy.Kunze@yahoo.com', 'Orval', 'submitted', NULL, NULL);
INSERT INTO bid (ct_email, ct_price, start_date, end_date, is_cash, transport_method, pet_owner, pet_name, bid_status, feedback, rating) VALUES ('Margarita.Hermiston@yahoo.com', 13, '2020-12-06T03:20:22.767Z', '2020-12-10T13:21:26.375Z', true, 'pickup', 'Carson47@gmail.com', 'Stacey', 'submitted', NULL, NULL);
INSERT INTO bid (ct_email, ct_price, start_date, end_date, is_cash, transport_method, pet_owner, pet_name, bid_status, feedback, rating) VALUES ('Sigurd.Walter@gmail.com', 9, '2020-12-06T03:20:22.767Z', '2020-12-10T13:21:26.375Z', true, 'delivery', 'Antonia.Gleason20@yahoo.com', 'Paolo', 'submitted', NULL, NULL);
INSERT INTO bid (ct_email, ct_price, start_date, end_date, is_cash, transport_method, pet_owner, pet_name, bid_status, feedback, rating) VALUES ('Devante.Dickinson74@yahoo.com', 6, '2020-12-06T03:20:22.767Z', '2020-12-10T13:21:26.375Z', true, 'pickup', 'Jerome.Bauch@yahoo.com', 'Reagan', 'submitted', NULL, NULL);
INSERT INTO bid (ct_email, ct_price, start_date, end_date, is_cash, transport_method, pet_owner, pet_name, bid_status, feedback, rating) VALUES ('Eleanore34@hotmail.com', 17, '2020-12-06T03:20:22.767Z', '2020-12-10T13:21:26.375Z', true, 'delivery', 'Colten_Ernser81@gmail.com', 'Ayla', 'submitted', NULL, NULL);
INSERT INTO bid (ct_email, ct_price, start_date, end_date, is_cash, transport_method, pet_owner, pet_name, bid_status, feedback, rating) VALUES ('Jermey63@hotmail.com', 1, '2020-12-06T03:20:22.767Z', '2020-12-10T13:21:26.375Z', true, 'pickup', 'Francis.Tillman92@yahoo.com', 'Ford', 'submitted', NULL, NULL);
INSERT INTO bid (ct_email, ct_price, start_date, end_date, is_cash, transport_method, pet_owner, pet_name, bid_status, feedback, rating) VALUES ('Joan69@hotmail.com', 8, '2020-12-06T03:20:22.767Z', '2020-12-10T13:21:26.375Z', true, 'delivery', 'Charlotte8@hotmail.com', 'Tristian', 'submitted', NULL, NULL);
INSERT INTO bid (ct_email, ct_price, start_date, end_date, is_cash, transport_method, pet_owner, pet_name, bid_status, feedback, rating) VALUES ('Reba.Maggio@yahoo.com', 8, '2020-12-06T03:20:22.767Z', '2020-12-10T13:21:26.375Z', true, 'pcs', 'Shannon74@yahoo.com', 'Jefferey', 'submitted', NULL, NULL);
INSERT INTO bid (ct_email, ct_price, start_date, end_date, is_cash, transport_method, pet_owner, pet_name, bid_status, feedback, rating) VALUES ('Jennifer94@gmail.com', 13, '2020-12-06T03:20:22.767Z', '2020-12-10T13:21:26.375Z', true, 'pickup', 'Quinten.OHara78@yahoo.com', 'Clara', 'submitted', NULL, NULL);
INSERT INTO bid (ct_email, ct_price, start_date, end_date, is_cash, transport_method, pet_owner, pet_name, bid_status, feedback, rating) VALUES ('Odessa62@hotmail.com', 11, '2020-12-06T03:20:22.767Z', '2020-12-10T13:21:26.375Z', true, 'delivery', 'Maryjane_Orn76@hotmail.com', 'Dewayne', 'submitted', NULL, NULL);
INSERT INTO bid (ct_email, ct_price, start_date, end_date, is_cash, transport_method, pet_owner, pet_name, bid_status, feedback, rating) VALUES ('Katherine.Johnson89@gmail.com', 0, '2020-12-06T03:20:22.767Z', '2020-12-10T13:21:26.375Z', true, 'pickup', 'Hailie_Stracke@hotmail.com', 'Lavina', 'submitted', NULL, NULL);
INSERT INTO bid (ct_email, ct_price, start_date, end_date, is_cash, transport_method, pet_owner, pet_name, bid_status, feedback, rating) VALUES ('Lillie_Barton@hotmail.com', 20, '2020-12-06T03:20:22.767Z', '2020-12-10T13:21:26.375Z', true, 'pcs', 'Adah9@hotmail.com', 'Geovany', 'submitted', NULL, NULL);
INSERT INTO bid (ct_email, ct_price, start_date, end_date, is_cash, transport_method, pet_owner, pet_name, bid_status, feedback, rating) VALUES ('Newell_Paucek40@gmail.com', 0, '2020-12-06T03:20:22.767Z', '2020-12-10T13:21:26.375Z', true, 'delivery', 'Eloise_Raynor72@yahoo.com', 'Werner', 'submitted', NULL, NULL);
INSERT INTO bid (ct_email, ct_price, start_date, end_date, is_cash, transport_method, pet_owner, pet_name, bid_status, feedback, rating) VALUES ('Rosalinda30@yahoo.com', 3, '2020-12-06T03:20:22.767Z', '2020-12-10T13:21:26.375Z', true, 'pickup', 'Felix46@yahoo.com', 'Napoleon', 'submitted', NULL, NULL);
INSERT INTO bid (ct_email, ct_price, start_date, end_date, is_cash, transport_method, pet_owner, pet_name, bid_status, feedback, rating) VALUES ('Jerod24@gmail.com', 7, '2020-12-06T03:20:22.767Z', '2020-12-10T13:21:26.375Z', true, 'pcs', 'Elliott.Toy83@hotmail.com', 'Shemar', 'submitted', NULL, NULL);
INSERT INTO bid (ct_email, ct_price, start_date, end_date, is_cash, transport_method, pet_owner, pet_name, bid_status, feedback, rating) VALUES ('Peter.Aufderhar37@hotmail.com', 10, '2020-12-06T03:20:22.767Z', '2020-12-10T13:21:26.375Z', true, 'pickup', 'Gudrun38@yahoo.com', 'Wallace', 'submitted', NULL, NULL);
INSERT INTO bid (ct_email, ct_price, start_date, end_date, is_cash, transport_method, pet_owner, pet_name, bid_status, feedback, rating) VALUES ('Alfonso_Wiza85@yahoo.com', 5, '2020-12-06T03:20:22.767Z', '2020-12-10T13:21:26.375Z', true, 'delivery', 'Aimee.Doyle@yahoo.com', 'Laverne', 'submitted', NULL, NULL);
INSERT INTO bid (ct_email, ct_price, start_date, end_date, is_cash, transport_method, pet_owner, pet_name, bid_status, feedback, rating) VALUES ('Arno.Ferry74@yahoo.com', 3, '2020-12-06T03:20:22.767Z', '2020-12-10T13:21:26.375Z', true, 'delivery', 'Royce84@gmail.com', 'Reba', 'submitted', NULL, NULL);
INSERT INTO bid (ct_email, ct_price, start_date, end_date, is_cash, transport_method, pet_owner, pet_name, bid_status, feedback, rating) VALUES ('Fernando.Altenwerth18@yahoo.com', 18, '2020-12-06T03:20:22.767Z', '2020-12-10T13:21:26.375Z', true, 'pickup', 'Cesar.Mraz@gmail.com', 'Patricia', 'submitted', NULL, NULL);
INSERT INTO bid (ct_email, ct_price, start_date, end_date, is_cash, transport_method, pet_owner, pet_name, bid_status, feedback, rating) VALUES ('Rosamond_Franecki20@hotmail.com', 13, '2020-12-06T03:20:22.767Z', '2020-12-10T13:21:26.375Z', true, 'pickup', 'Elody_Hudson@hotmail.com', 'Lea', 'submitted', NULL, NULL);
INSERT INTO bid (ct_email, ct_price, start_date, end_date, is_cash, transport_method, pet_owner, pet_name, bid_status, feedback, rating) VALUES ('Tyler20@gmail.com', 2, '2020-12-06T03:20:22.767Z', '2020-12-10T13:21:26.375Z', true, 'pcs', 'Chaim.Dach78@gmail.com', 'Lois', 'submitted', NULL, NULL);
INSERT INTO bid (ct_email, ct_price, start_date, end_date, is_cash, transport_method, pet_owner, pet_name, bid_status, feedback, rating) VALUES ('Torrance49@hotmail.com', 15, '2020-12-06T03:20:22.767Z', '2020-12-10T13:21:26.375Z', true, 'pickup', 'Hanna.Homenick31@yahoo.com', 'Savannah', 'submitted', NULL, NULL);
INSERT INTO bid (ct_email, ct_price, start_date, end_date, is_cash, transport_method, pet_owner, pet_name, bid_status, feedback, rating) VALUES ('Bud_Crooks@yahoo.com', 2, '2020-12-06T03:20:22.767Z', '2020-12-10T13:21:26.375Z', true, 'pcs', 'Sidney20@gmail.com', 'Raheem', 'submitted', NULL, NULL);
INSERT INTO bid (ct_email, ct_price, start_date, end_date, is_cash, transport_method, pet_owner, pet_name, bid_status, feedback, rating) VALUES ('Alyson.Hamill80@gmail.com', 16, '2020-12-06T03:20:22.767Z', '2020-12-10T13:21:26.375Z', true, 'pcs', 'Marianne.Predovic99@gmail.com', 'Kathleen', 'submitted', NULL, NULL);
INSERT INTO bid (ct_email, ct_price, start_date, end_date, is_cash, transport_method, pet_owner, pet_name, bid_status, feedback, rating) VALUES ('Reynold14@gmail.com', 10, '2020-12-06T03:20:22.767Z', '2020-12-10T13:21:26.375Z', true, 'pcs', 'Brittany.Price57@gmail.com', 'Jasen', 'submitted', NULL, NULL);
INSERT INTO bid (ct_email, ct_price, start_date, end_date, is_cash, transport_method, pet_owner, pet_name, bid_status, feedback, rating) VALUES ('Daphnee.Morissette@hotmail.com', 10, '2020-12-06T03:20:22.767Z', '2020-12-10T13:21:26.375Z', true, 'delivery', 'Halie49@hotmail.com', 'Onie', 'submitted', NULL, NULL);
INSERT INTO bid (ct_email, ct_price, start_date, end_date, is_cash, transport_method, pet_owner, pet_name, bid_status, feedback, rating) VALUES ('Audrey.Hills@hotmail.com', 14, '2020-12-06T03:20:22.767Z', '2020-12-10T13:21:26.375Z', true, 'pcs', 'Estella89@yahoo.com', 'Daniela', 'submitted', NULL, NULL);
INSERT INTO bid (ct_email, ct_price, start_date, end_date, is_cash, transport_method, pet_owner, pet_name, bid_status, feedback, rating) VALUES ('Cali.Zboncak97@hotmail.com', 14, '2020-12-06T03:20:22.767Z', '2020-12-10T13:21:26.375Z', true, 'delivery', 'Margarita.Hermiston@yahoo.com', 'Sophie', 'submitted', NULL, NULL);
INSERT INTO bid (ct_email, ct_price, start_date, end_date, is_cash, transport_method, pet_owner, pet_name, bid_status, feedback, rating) VALUES ('Waino51@hotmail.com', 1, '2020-12-06T03:20:22.767Z', '2020-12-10T13:21:26.375Z', true, 'pickup', 'Orlando79@yahoo.com', 'Aiden', 'submitted', NULL, NULL);
INSERT INTO bid (ct_email, ct_price, start_date, end_date, is_cash, transport_method, pet_owner, pet_name, bid_status, feedback, rating) VALUES ('Annetta40@hotmail.com', 17, '2020-12-06T03:20:22.767Z', '2020-12-10T13:21:26.375Z', true, 'delivery', 'Sarina42@gmail.com', 'Raegan', 'submitted', NULL, NULL);
INSERT INTO bid (ct_email, ct_price, start_date, end_date, is_cash, transport_method, pet_owner, pet_name, bid_status, feedback, rating) VALUES ('Cicero.Ondricka@gmail.com', 20, '2020-12-06T03:20:22.767Z', '2020-12-10T13:21:26.375Z', true, 'delivery', 'Easton62@gmail.com', 'Rey', 'submitted', NULL, NULL);
INSERT INTO bid (ct_email, ct_price, start_date, end_date, is_cash, transport_method, pet_owner, pet_name, bid_status, feedback, rating) VALUES ('Sonny1@yahoo.com', 4, '2020-12-06T03:20:22.767Z', '2020-12-10T13:21:26.375Z', true, 'pcs', 'Carmelo_Mills@yahoo.com', 'Enrico', 'submitted', NULL, NULL);
INSERT INTO bid (ct_email, ct_price, start_date, end_date, is_cash, transport_method, pet_owner, pet_name, bid_status, feedback, rating) VALUES ('Barbara.Mitchell36@gmail.com', 3, '2020-12-06T03:20:22.767Z', '2020-12-10T13:21:26.375Z', true, 'pcs', 'Velva99@hotmail.com', 'Frankie', 'submitted', NULL, NULL);
INSERT INTO bid (ct_email, ct_price, start_date, end_date, is_cash, transport_method, pet_owner, pet_name, bid_status, feedback, rating) VALUES ('Patsy39@hotmail.com', 10, '2020-12-06T03:20:22.767Z', '2020-12-10T13:21:26.375Z', true, 'delivery', 'Josie.Bailey@gmail.com', 'Justine', 'submitted', NULL, NULL);
INSERT INTO bid (ct_email, ct_price, start_date, end_date, is_cash, transport_method, pet_owner, pet_name, bid_status, feedback, rating) VALUES ('Dylan9@hotmail.com', 14, '2020-12-06T03:20:22.767Z', '2020-12-10T13:21:26.375Z', true, 'delivery', 'Keshawn_Predovic@yahoo.com', 'Vada', 'submitted', NULL, NULL);
INSERT INTO bid (ct_email, ct_price, start_date, end_date, is_cash, transport_method, pet_owner, pet_name, bid_status, feedback, rating) VALUES ('Kobe30@gmail.com', 14, '2020-12-06T03:20:22.767Z', '2020-12-10T13:21:26.375Z', true, 'pickup', 'Albin.Sawayn3@yahoo.com', 'Mohammad', 'submitted', NULL, NULL);
INSERT INTO bid (ct_email, ct_price, start_date, end_date, is_cash, transport_method, pet_owner, pet_name, bid_status, feedback, rating) VALUES ('Clementina51@hotmail.com', 9, '2020-12-06T03:20:22.767Z', '2020-12-10T13:21:26.375Z', true, 'pcs', 'Diana_Bradtke@yahoo.com', 'Johnson', 'submitted', NULL, NULL);
INSERT INTO bid (ct_email, ct_price, start_date, end_date, is_cash, transport_method, pet_owner, pet_name, bid_status, feedback, rating) VALUES ('Josiah59@yahoo.com', 16, '2020-12-06T03:20:22.767Z', '2020-12-10T13:21:26.375Z', true, 'pickup', 'Kirsten_Trantow23@gmail.com', 'Wilfred', 'submitted', NULL, NULL);
INSERT INTO bid (ct_email, ct_price, start_date, end_date, is_cash, transport_method, pet_owner, pet_name, bid_status, feedback, rating) VALUES ('Thad_Lueilwitz@yahoo.com', 13, '2020-12-06T03:20:22.767Z', '2020-12-10T13:21:26.375Z', true, 'pickup', 'Art.Mante87@hotmail.com', 'Karlee', 'submitted', NULL, NULL);
INSERT INTO bid (ct_email, ct_price, start_date, end_date, is_cash, transport_method, pet_owner, pet_name, bid_status, feedback, rating) VALUES ('Travis_Schiller@yahoo.com', 9, '2020-12-06T03:20:22.767Z', '2020-12-10T13:21:26.375Z', true, 'pickup', 'Tomasa75@hotmail.com', 'Delilah', 'submitted', NULL, NULL);
INSERT INTO bid (ct_email, ct_price, start_date, end_date, is_cash, transport_method, pet_owner, pet_name, bid_status, feedback, rating) VALUES ('Favian_Effertz@yahoo.com', 2, '2020-12-06T03:20:22.767Z', '2020-12-10T13:21:26.375Z', true, 'delivery', 'Carter.Torphy@hotmail.com', 'Daryl', 'submitted', NULL, NULL);
INSERT INTO bid (ct_email, ct_price, start_date, end_date, is_cash, transport_method, pet_owner, pet_name, bid_status, feedback, rating) VALUES ('Furman_Ondricka@gmail.com', 14, '2020-12-06T03:20:22.767Z', '2020-12-10T13:21:26.375Z', true, 'pickup', 'Brendon.Jakubowski6@gmail.com', 'Laverne', 'submitted', NULL, NULL);
INSERT INTO bid (ct_email, ct_price, start_date, end_date, is_cash, transport_method, pet_owner, pet_name, bid_status, feedback, rating) VALUES ('Florencio.Stamm@yahoo.com', 5, '2020-12-06T03:20:22.767Z', '2020-12-10T13:21:26.375Z', true, 'pickup', 'Nicklaus.Von22@gmail.com', 'Terry', 'submitted', NULL, NULL);
INSERT INTO bid (ct_email, ct_price, start_date, end_date, is_cash, transport_method, pet_owner, pet_name, bid_status, feedback, rating) VALUES ('Aliyah15@gmail.com', 9, '2020-12-06T03:20:22.767Z', '2020-12-10T13:21:26.375Z', true, 'pcs', 'Arno.Ferry74@yahoo.com', 'Michael', 'submitted', NULL, NULL);
INSERT INTO bid (ct_email, ct_price, start_date, end_date, is_cash, transport_method, pet_owner, pet_name, bid_status, feedback, rating) VALUES ('Wilbert_Sawayn46@hotmail.com', 0, '2020-12-06T03:20:22.767Z', '2020-12-10T13:21:26.375Z', true, 'pcs', 'Abelardo98@gmail.com', 'Susie', 'submitted', NULL, NULL);
INSERT INTO bid (ct_email, ct_price, start_date, end_date, is_cash, transport_method, pet_owner, pet_name, bid_status, feedback, rating) VALUES ('Felix46@yahoo.com', 9, '2020-12-06T03:20:22.767Z', '2020-12-10T13:21:26.375Z', true, 'pcs', 'Margarette_Graham@gmail.com', 'Jacey', 'submitted', NULL, NULL);
INSERT INTO bid (ct_email, ct_price, start_date, end_date, is_cash, transport_method, pet_owner, pet_name, bid_status, feedback, rating) VALUES ('Augusta.Wisozk26@yahoo.com', 14, '2020-12-06T03:20:22.767Z', '2020-12-10T13:21:26.375Z', true, 'pickup', 'Fay_Russel72@gmail.com', 'Jasmin', 'submitted', NULL, NULL);
INSERT INTO bid (ct_email, ct_price, start_date, end_date, is_cash, transport_method, pet_owner, pet_name, bid_status, feedback, rating) VALUES ('Jarod.Boyle@gmail.com', 2, '2020-12-06T03:20:22.767Z', '2020-12-10T13:21:26.375Z', true, 'pcs', 'Naomi_Abbott67@gmail.com', 'Hyman', 'submitted', NULL, NULL);
INSERT INTO bid (ct_email, ct_price, start_date, end_date, is_cash, transport_method, pet_owner, pet_name, bid_status, feedback, rating) VALUES ('Nyah90@gmail.com', 17, '2020-12-06T03:20:22.767Z', '2020-12-10T13:21:26.375Z', true, 'delivery', 'Clara.Lebsack@gmail.com', 'Sterling', 'submitted', NULL, NULL);
INSERT INTO bid (ct_email, ct_price, start_date, end_date, is_cash, transport_method, pet_owner, pet_name, bid_status, feedback, rating) VALUES ('Jaunita_Borer@yahoo.com', 9, '2020-12-06T03:20:22.767Z', '2020-12-10T13:21:26.375Z', true, 'pcs', 'Bianka.Oberbrunner41@gmail.com', 'Kasandra', 'submitted', NULL, NULL);
INSERT INTO bid (ct_email, ct_price, start_date, end_date, is_cash, transport_method, pet_owner, pet_name, bid_status, feedback, rating) VALUES ('Kaci.Rolfson53@yahoo.com', 13, '2020-12-06T03:20:22.767Z', '2020-12-10T13:21:26.375Z', true, 'delivery', 'Amalia_Miller@yahoo.com', 'Kallie', 'submitted', NULL, NULL);
INSERT INTO bid (ct_email, ct_price, start_date, end_date, is_cash, transport_method, pet_owner, pet_name, bid_status, feedback, rating) VALUES ('Rebecca20@yahoo.com', 4, '2020-12-06T03:20:22.767Z', '2020-12-10T13:21:26.375Z', true, 'delivery', 'Alexandro63@yahoo.com', 'Nova', 'submitted', NULL, NULL);
INSERT INTO bid (ct_email, ct_price, start_date, end_date, is_cash, transport_method, pet_owner, pet_name, bid_status, feedback, rating) VALUES ('Elwyn.Hoeger89@gmail.com', 18, '2020-12-06T03:20:22.767Z', '2020-12-10T13:21:26.375Z', true, 'pickup', 'Haskell.Ratke@yahoo.com', 'Cecil', 'submitted', NULL, NULL);
INSERT INTO bid (ct_email, ct_price, start_date, end_date, is_cash, transport_method, pet_owner, pet_name, bid_status, feedback, rating) VALUES ('Darion43@gmail.com', 19, '2020-12-06T03:20:22.767Z', '2020-12-10T13:21:26.375Z', true, 'pickup', 'Leanna99@hotmail.com', 'Letha', 'submitted', NULL, NULL);
INSERT INTO bid (ct_email, ct_price, start_date, end_date, is_cash, transport_method, pet_owner, pet_name, bid_status, feedback, rating) VALUES ('Lelah.Dare@hotmail.com', 7, '2020-12-06T03:20:22.767Z', '2020-12-10T13:21:26.375Z', true, 'delivery', 'Tracey4@hotmail.com', 'Dianna', 'submitted', NULL, NULL);
INSERT INTO bid (ct_email, ct_price, start_date, end_date, is_cash, transport_method, pet_owner, pet_name, bid_status, feedback, rating) VALUES ('Joaquin.Terry@hotmail.com', 8, '2020-12-06T03:20:22.767Z', '2020-12-10T13:21:26.375Z', true, 'pickup', 'Charity.Wolf32@gmail.com', 'Octavia', 'submitted', NULL, NULL);
INSERT INTO bid (ct_email, ct_price, start_date, end_date, is_cash, transport_method, pet_owner, pet_name, bid_status, feedback, rating) VALUES ('Rickey34@yahoo.com', 8, '2020-12-06T03:20:22.767Z', '2020-12-10T13:21:26.375Z', true, 'pcs', 'Kasandra_Quitzon@yahoo.com', 'Benedict', 'submitted', NULL, NULL);
INSERT INTO bid (ct_email, ct_price, start_date, end_date, is_cash, transport_method, pet_owner, pet_name, bid_status, feedback, rating) VALUES ('Alba_Balistreri@hotmail.com', 3, '2020-12-06T03:20:22.767Z', '2020-12-10T13:21:26.375Z', true, 'pcs', 'Filomena.Toy90@yahoo.com', 'Howell', 'submitted', NULL, NULL);
INSERT INTO bid (ct_email, ct_price, start_date, end_date, is_cash, transport_method, pet_owner, pet_name, bid_status, feedback, rating) VALUES ('Roscoe.Mante@gmail.com', 2, '2020-12-06T03:20:22.767Z', '2020-12-10T13:21:26.375Z', true, 'delivery', 'Tristian_Heller31@yahoo.com', 'Stanford', 'submitted', NULL, NULL);
INSERT INTO bid (ct_email, ct_price, start_date, end_date, is_cash, transport_method, pet_owner, pet_name, bid_status, feedback, rating) VALUES ('Kendra60@hotmail.com', 20, '2020-12-06T03:20:22.767Z', '2020-12-10T13:21:26.375Z', true, 'pcs', 'Turner.Shields76@yahoo.com', 'Ted', 'submitted', NULL, NULL);
INSERT INTO bid (ct_email, ct_price, start_date, end_date, is_cash, transport_method, pet_owner, pet_name, bid_status, feedback, rating) VALUES ('Harmony27@gmail.com', 3, '2020-12-06T03:20:22.767Z', '2020-12-10T13:21:26.375Z', true, 'pickup', 'Abelardo_Stamm@gmail.com', 'Derick', 'submitted', NULL, NULL);
INSERT INTO bid (ct_email, ct_price, start_date, end_date, is_cash, transport_method, pet_owner, pet_name, bid_status, feedback, rating) VALUES ('Nadia46@gmail.com', 20, '2020-12-06T03:20:22.767Z', '2020-12-10T13:21:26.375Z', true, 'pcs', 'Krista78@yahoo.com', 'Gregg', 'submitted', NULL, NULL);
INSERT INTO bid (ct_email, ct_price, start_date, end_date, is_cash, transport_method, pet_owner, pet_name, bid_status, feedback, rating) VALUES ('Herminio.Von@gmail.com', 7, '2020-12-06T03:20:22.767Z', '2020-12-10T13:21:26.375Z', true, 'delivery', 'Jovanny.Spinka95@hotmail.com', 'Norene', 'submitted', NULL, NULL);
INSERT INTO bid (ct_email, ct_price, start_date, end_date, is_cash, transport_method, pet_owner, pet_name, bid_status, feedback, rating) VALUES ('Zoie.Crona0@yahoo.com', 7, '2020-12-06T03:20:22.767Z', '2020-12-10T13:21:26.375Z', true, 'delivery', 'Savannah33@gmail.com', 'Mavis', 'submitted', NULL, NULL);
INSERT INTO bid (ct_email, ct_price, start_date, end_date, is_cash, transport_method, pet_owner, pet_name, bid_status, feedback, rating) VALUES ('Kattie96@yahoo.com', 4, '2020-12-06T03:20:22.767Z', '2020-12-10T13:21:26.375Z', true, 'pcs', 'Danial_Conroy@yahoo.com', 'Angeline', 'submitted', NULL, NULL);
INSERT INTO bid (ct_email, ct_price, start_date, end_date, is_cash, transport_method, pet_owner, pet_name, bid_status, feedback, rating) VALUES ('Trever.Smith38@hotmail.com', 9, '2020-12-06T03:20:22.767Z', '2020-12-10T13:21:26.375Z', true, 'pickup', 'Keyon.Kiehn@hotmail.com', 'Makenzie', 'submitted', NULL, NULL);
INSERT INTO bid (ct_email, ct_price, start_date, end_date, is_cash, transport_method, pet_owner, pet_name, bid_status, feedback, rating) VALUES ('Mike27@hotmail.com', 13, '2020-12-06T03:20:22.767Z', '2020-12-10T13:21:26.375Z', true, 'delivery', 'Kobe30@gmail.com', 'Malika', 'submitted', NULL, NULL);
INSERT INTO bid (ct_email, ct_price, start_date, end_date, is_cash, transport_method, pet_owner, pet_name, bid_status, feedback, rating) VALUES ('Kasandra_Quitzon@yahoo.com', 2, '2020-12-06T03:20:22.767Z', '2020-12-10T13:21:26.375Z', true, 'pickup', 'Theron.Grant57@hotmail.com', 'Hailee', 'submitted', NULL, NULL);
INSERT INTO bid (ct_email, ct_price, start_date, end_date, is_cash, transport_method, pet_owner, pet_name, bid_status, feedback, rating) VALUES ('Stevie61@hotmail.com', 2, '2020-12-06T03:20:22.767Z', '2020-12-10T13:21:26.375Z', true, 'delivery', 'Tyler20@gmail.com', 'Allie', 'submitted', NULL, NULL);
INSERT INTO bid (ct_email, ct_price, start_date, end_date, is_cash, transport_method, pet_owner, pet_name, bid_status, feedback, rating) VALUES ('Delfina.Sipes@hotmail.com', 3, '2020-12-06T03:20:22.767Z', '2020-12-10T13:21:26.375Z', true, 'delivery', 'Doyle_Kuhlman@yahoo.com', 'Alden', 'submitted', NULL, NULL);
INSERT INTO bid (ct_email, ct_price, start_date, end_date, is_cash, transport_method, pet_owner, pet_name, bid_status, feedback, rating) VALUES ('Dorothy_Kuhn82@yahoo.com', 4, '2020-12-06T03:20:22.767Z', '2020-12-10T13:21:26.375Z', true, 'delivery', 'Araceli.Kris@hotmail.com', 'Haskell', 'submitted', NULL, NULL);
INSERT INTO bid (ct_email, ct_price, start_date, end_date, is_cash, transport_method, pet_owner, pet_name, bid_status, feedback, rating) VALUES ('Rosanna.Von57@hotmail.com', 19, '2020-12-06T03:20:22.767Z', '2020-12-10T13:21:26.375Z', true, 'pcs', 'Erika_OHara@gmail.com', 'Elna', 'submitted', NULL, NULL);
INSERT INTO bid (ct_email, ct_price, start_date, end_date, is_cash, transport_method, pet_owner, pet_name, bid_status, feedback, rating) VALUES ('Savion_Smitham@yahoo.com', 14, '2020-12-06T03:20:22.767Z', '2020-12-10T13:21:26.375Z', true, 'delivery', 'Carole81@yahoo.com', 'Shyann', 'submitted', NULL, NULL);
INSERT INTO bid (ct_email, ct_price, start_date, end_date, is_cash, transport_method, pet_owner, pet_name, bid_status, feedback, rating) VALUES ('Lue17@hotmail.com', 13, '2020-12-06T03:20:22.767Z', '2020-12-10T13:21:26.375Z', true, 'pcs', 'Jackson.Kirlin15@gmail.com', 'Thad', 'submitted', NULL, NULL);
INSERT INTO bid (ct_email, ct_price, start_date, end_date, is_cash, transport_method, pet_owner, pet_name, bid_status, feedback, rating) VALUES ('Marietta61@gmail.com', 16, '2020-12-06T03:20:22.767Z', '2020-12-10T13:21:26.375Z', true, 'pcs', 'Kyler.Mertz43@hotmail.com', 'Sarah', 'submitted', NULL, NULL);
INSERT INTO bid (ct_email, ct_price, start_date, end_date, is_cash, transport_method, pet_owner, pet_name, bid_status, feedback, rating) VALUES ('Nicklaus_Schmeler11@hotmail.com', 11, '2020-12-06T03:20:22.767Z', '2020-12-10T13:21:26.375Z', true, 'delivery', 'Anissa.Volkman@hotmail.com', 'Nettie', 'submitted', NULL, NULL);
INSERT INTO bid (ct_email, ct_price, start_date, end_date, is_cash, transport_method, pet_owner, pet_name, bid_status, feedback, rating) VALUES ('Nadia.Schmidt@yahoo.com', 2, '2020-12-06T03:20:22.767Z', '2020-12-10T13:21:26.375Z', true, 'delivery', 'Garry88@gmail.com', 'Lee', 'submitted', NULL, NULL);
INSERT INTO bid (ct_email, ct_price, start_date, end_date, is_cash, transport_method, pet_owner, pet_name, bid_status, feedback, rating) VALUES ('Shanon33@yahoo.com', 13, '2020-12-06T03:20:22.767Z', '2020-12-10T13:21:26.375Z', true, 'delivery', 'Milford_Rath@yahoo.com', 'Princess', 'submitted', NULL, NULL);
INSERT INTO bid (ct_email, ct_price, start_date, end_date, is_cash, transport_method, pet_owner, pet_name, bid_status, feedback, rating) VALUES ('Claude70@hotmail.com', 2, '2020-12-06T03:20:22.767Z', '2020-12-10T13:21:26.375Z', true, 'delivery', 'Karley.Zulauf@yahoo.com', 'Gisselle', 'submitted', NULL, NULL);
INSERT INTO bid (ct_email, ct_price, start_date, end_date, is_cash, transport_method, pet_owner, pet_name, bid_status, feedback, rating) VALUES ('Erik.Bartell@hotmail.com', 20, '2020-12-06T03:20:22.767Z', '2020-12-10T13:21:26.375Z', true, 'pickup', 'Isom22@yahoo.com', 'Kendra', 'submitted', NULL, NULL);
INSERT INTO bid (ct_email, ct_price, start_date, end_date, is_cash, transport_method, pet_owner, pet_name, bid_status, feedback, rating) VALUES ('Lina33@gmail.com', 5, '2020-12-06T03:20:22.767Z', '2020-12-10T13:21:26.375Z', true, 'delivery', 'Kurt51@hotmail.com', 'Joelle', 'submitted', NULL, NULL);
INSERT INTO bid (ct_email, ct_price, start_date, end_date, is_cash, transport_method, pet_owner, pet_name, bid_status, feedback, rating) VALUES ('Demario99@hotmail.com', 17, '2020-12-06T03:20:22.767Z', '2020-12-10T13:21:26.375Z', true, 'pcs', 'Reynold30@gmail.com', 'Stephon', 'submitted', NULL, NULL);
INSERT INTO bid (ct_email, ct_price, start_date, end_date, is_cash, transport_method, pet_owner, pet_name, bid_status, feedback, rating) VALUES ('Eileen.Reynolds28@hotmail.com', 15, '2020-12-06T03:20:22.767Z', '2020-12-10T13:21:26.375Z', true, 'pcs', 'Alanna_Beier38@gmail.com', 'Bailee', 'submitted', NULL, NULL);
INSERT INTO bid (ct_email, ct_price, start_date, end_date, is_cash, transport_method, pet_owner, pet_name, bid_status, feedback, rating) VALUES ('Andrew.Sanford@yahoo.com', 16, '2020-12-06T03:20:22.767Z', '2020-12-10T13:21:26.375Z', true, 'pickup', 'Rosalia.Crona@hotmail.com', 'Bridie', 'submitted', NULL, NULL);
INSERT INTO bid (ct_email, ct_price, start_date, end_date, is_cash, transport_method, pet_owner, pet_name, bid_status, feedback, rating) VALUES ('Ottilie.Carter18@gmail.com', 12, '2020-12-06T03:20:22.767Z', '2020-12-10T13:21:26.375Z', true, 'delivery', 'Kip_Thiel70@yahoo.com', 'Ethel', 'submitted', NULL, NULL);
INSERT INTO bid (ct_email, ct_price, start_date, end_date, is_cash, transport_method, pet_owner, pet_name, bid_status, feedback, rating) VALUES ('Ruthe88@gmail.com', 3, '2020-12-06T03:20:22.767Z', '2020-12-10T13:21:26.375Z', true, 'delivery', 'Joe27@gmail.com', 'Layla', 'submitted', NULL, NULL);
INSERT INTO bid (ct_email, ct_price, start_date, end_date, is_cash, transport_method, pet_owner, pet_name, bid_status, feedback, rating) VALUES ('Ardella_Klocko97@yahoo.com', 2, '2020-12-06T03:20:22.767Z', '2020-12-10T13:21:26.375Z', true, 'delivery', 'Luther_Goodwin38@yahoo.com', 'Pearl', 'submitted', NULL, NULL);
INSERT INTO bid (ct_email, ct_price, start_date, end_date, is_cash, transport_method, pet_owner, pet_name, bid_status, feedback, rating) VALUES ('Jovanny43@yahoo.com', 18, '2020-12-06T03:20:22.767Z', '2020-12-10T13:21:26.375Z', true, 'delivery', 'Octavia.Borer@gmail.com', 'Nicole', 'submitted', NULL, NULL);
INSERT INTO bid (ct_email, ct_price, start_date, end_date, is_cash, transport_method, pet_owner, pet_name, bid_status, feedback, rating) VALUES ('Rosina.Schneider28@gmail.com', 2, '2020-12-06T03:20:22.767Z', '2020-12-10T13:21:26.375Z', true, 'delivery', 'Miguel35@hotmail.com', 'Ara', 'submitted', NULL, NULL);
INSERT INTO bid (ct_email, ct_price, start_date, end_date, is_cash, transport_method, pet_owner, pet_name, bid_status, feedback, rating) VALUES ('Vaughn.Weissnat68@hotmail.com', 10, '2020-12-06T03:20:22.767Z', '2020-12-10T13:21:26.375Z', true, 'pickup', 'Jamaal.Jacobs38@hotmail.com', 'Glennie', 'submitted', NULL, NULL);
INSERT INTO bid (ct_email, ct_price, start_date, end_date, is_cash, transport_method, pet_owner, pet_name, bid_status, feedback, rating) VALUES ('Tyrese49@hotmail.com', 18, '2020-12-06T03:20:22.767Z', '2020-12-10T13:21:26.375Z', true, 'delivery', 'Ellen82@gmail.com', 'Armand', 'submitted', NULL, NULL);
INSERT INTO bid (ct_email, ct_price, start_date, end_date, is_cash, transport_method, pet_owner, pet_name, bid_status, feedback, rating) VALUES ('Franco_Nienow6@gmail.com', 5, '2020-12-06T03:20:22.767Z', '2020-12-10T13:21:26.375Z', true, 'pcs', 'Charles.Mueller@gmail.com', 'Flavio', 'submitted', NULL, NULL);
INSERT INTO bid (ct_email, ct_price, start_date, end_date, is_cash, transport_method, pet_owner, pet_name, bid_status, feedback, rating) VALUES ('Bailey.Gaylord61@yahoo.com', 5, '2020-12-06T03:20:22.767Z', '2020-12-10T13:21:26.375Z', true, 'pickup', 'Adella_Predovic@yahoo.com', 'Marques', 'submitted', NULL, NULL);
INSERT INTO bid (ct_email, ct_price, start_date, end_date, is_cash, transport_method, pet_owner, pet_name, bid_status, feedback, rating) VALUES ('Garry88@gmail.com', 8, '2020-12-06T03:20:22.767Z', '2020-12-10T13:21:26.375Z', true, 'pickup', 'Miller_Keebler@yahoo.com', 'Frank', 'submitted', NULL, NULL);
INSERT INTO bid (ct_email, ct_price, start_date, end_date, is_cash, transport_method, pet_owner, pet_name, bid_status, feedback, rating) VALUES ('Katelynn_Jakubowski71@yahoo.com', 3, '2020-12-06T03:20:22.767Z', '2020-12-10T13:21:26.375Z', true, 'delivery', 'Sheridan81@yahoo.com', 'Khalid', 'submitted', NULL, NULL);
INSERT INTO bid (ct_email, ct_price, start_date, end_date, is_cash, transport_method, pet_owner, pet_name, bid_status, feedback, rating) VALUES ('Andre98@hotmail.com', 4, '2020-12-06T03:20:22.767Z', '2020-12-10T13:21:26.375Z', true, 'delivery', 'Bernardo64@gmail.com', 'Shanon', 'submitted', NULL, NULL);
INSERT INTO bid (ct_email, ct_price, start_date, end_date, is_cash, transport_method, pet_owner, pet_name, bid_status, feedback, rating) VALUES ('Florence73@hotmail.com', 6, '2020-12-06T03:20:22.767Z', '2020-12-10T13:21:26.375Z', true, 'delivery', 'Jimmy_Bednar49@hotmail.com', 'Brooke', 'submitted', NULL, NULL);
INSERT INTO bid (ct_email, ct_price, start_date, end_date, is_cash, transport_method, pet_owner, pet_name, bid_status, feedback, rating) VALUES ('Eddie10@yahoo.com', 10, '2020-12-06T03:20:22.767Z', '2020-12-10T13:21:26.375Z', true, 'pcs', 'Emmet_Blanda@yahoo.com', 'Cooper', 'submitted', NULL, NULL);
INSERT INTO bid (ct_email, ct_price, start_date, end_date, is_cash, transport_method, pet_owner, pet_name, bid_status, feedback, rating) VALUES ('Samantha_Parker15@yahoo.com', 5, '2020-12-06T03:20:22.767Z', '2020-12-10T13:21:26.375Z', true, 'delivery', 'Dorothy.Muller@yahoo.com', 'Nya', 'submitted', NULL, NULL);
INSERT INTO bid (ct_email, ct_price, start_date, end_date, is_cash, transport_method, pet_owner, pet_name, bid_status, feedback, rating) VALUES ('Beverly69@gmail.com', 16, '2020-12-06T03:20:22.767Z', '2020-12-10T13:21:26.375Z', true, 'pickup', 'Arnoldo74@hotmail.com', 'Gillian', 'submitted', NULL, NULL);
INSERT INTO bid (ct_email, ct_price, start_date, end_date, is_cash, transport_method, pet_owner, pet_name, bid_status, feedback, rating) VALUES ('Wallace_Heidenreich@hotmail.com', 9, '2020-12-06T03:20:22.767Z', '2020-12-10T13:21:26.375Z', true, 'pcs', 'Lon.Hamill28@hotmail.com', 'Arthur', 'submitted', NULL, NULL);
INSERT INTO bid (ct_email, ct_price, start_date, end_date, is_cash, transport_method, pet_owner, pet_name, bid_status, feedback, rating) VALUES ('Diana_Bradtke@yahoo.com', 18, '2020-12-06T03:20:22.767Z', '2020-12-10T13:21:26.375Z', true, 'pcs', 'Angeline.Wiza46@hotmail.com', 'Elta', 'submitted', NULL, NULL);
INSERT INTO bid (ct_email, ct_price, start_date, end_date, is_cash, transport_method, pet_owner, pet_name, bid_status, feedback, rating) VALUES ('Vernice.Gaylord@gmail.com', 0, '2020-12-06T03:20:22.767Z', '2020-12-10T13:21:26.375Z', true, 'pcs', 'Kavon_Spencer@hotmail.com', 'Stefan', 'submitted', NULL, NULL);
INSERT INTO bid (ct_email, ct_price, start_date, end_date, is_cash, transport_method, pet_owner, pet_name, bid_status, feedback, rating) VALUES ('Alexandro63@yahoo.com', 13, '2020-12-06T03:20:22.767Z', '2020-12-10T13:21:26.375Z', true, 'delivery', 'Santiago_Strosin@yahoo.com', 'Jerel', 'submitted', NULL, NULL);
INSERT INTO bid (ct_email, ct_price, start_date, end_date, is_cash, transport_method, pet_owner, pet_name, bid_status, feedback, rating) VALUES ('Alysa77@hotmail.com', 20, '2020-12-06T03:20:22.767Z', '2020-12-10T13:21:26.375Z', true, 'pcs', 'Audrey_Davis21@yahoo.com', 'Marjorie', 'submitted', NULL, NULL);
INSERT INTO bid (ct_email, ct_price, start_date, end_date, is_cash, transport_method, pet_owner, pet_name, bid_status, feedback, rating) VALUES ('Sonia.Medhurst@yahoo.com', 17, '2020-12-06T03:20:22.767Z', '2020-12-10T13:21:26.375Z', true, 'pcs', 'Dale_Breitenberg@gmail.com', 'Mafalda', 'submitted', NULL, NULL);
INSERT INTO bid (ct_email, ct_price, start_date, end_date, is_cash, transport_method, pet_owner, pet_name, bid_status, feedback, rating) VALUES ('Jamel44@yahoo.com', 18, '2020-12-06T03:20:22.767Z', '2020-12-10T13:21:26.375Z', true, 'delivery', 'Skylar.Goldner@yahoo.com', 'Christop', 'submitted', NULL, NULL);
INSERT INTO bid (ct_email, ct_price, start_date, end_date, is_cash, transport_method, pet_owner, pet_name, bid_status, feedback, rating) VALUES ('Janessa71@hotmail.com', 20, '2020-12-06T03:20:22.767Z', '2020-12-10T13:21:26.375Z', true, 'pickup', 'Ada18@gmail.com', 'Dakota', 'submitted', NULL, NULL);
INSERT INTO bid (ct_email, ct_price, start_date, end_date, is_cash, transport_method, pet_owner, pet_name, bid_status, feedback, rating) VALUES ('Buford28@yahoo.com', 11, '2020-12-06T03:20:22.767Z', '2020-12-10T13:21:26.375Z', true, 'pcs', 'Kendrick41@hotmail.com', 'Agustina', 'submitted', NULL, NULL);
INSERT INTO bid (ct_email, ct_price, start_date, end_date, is_cash, transport_method, pet_owner, pet_name, bid_status, feedback, rating) VALUES ('Chandler.Sipes@yahoo.com', 6, '2020-12-06T03:20:22.767Z', '2020-12-10T13:21:26.375Z', true, 'pcs', 'Ramiro25@gmail.com', 'Verona', 'submitted', NULL, NULL);
INSERT INTO bid (ct_email, ct_price, start_date, end_date, is_cash, transport_method, pet_owner, pet_name, bid_status, feedback, rating) VALUES ('Yvonne5@hotmail.com', 0, '2020-12-06T03:20:22.767Z', '2020-12-10T13:21:26.375Z', true, 'pickup', 'Candace_Terry29@hotmail.com', 'Martina', 'submitted', NULL, NULL);
INSERT INTO bid (ct_email, ct_price, start_date, end_date, is_cash, transport_method, pet_owner, pet_name, bid_status, feedback, rating) VALUES ('Else.Schneider@gmail.com', 19, '2020-12-06T03:20:22.767Z', '2020-12-10T13:21:26.375Z', true, 'delivery', 'Maia.Labadie7@hotmail.com', 'Chet', 'submitted', NULL, NULL);
INSERT INTO bid (ct_email, ct_price, start_date, end_date, is_cash, transport_method, pet_owner, pet_name, bid_status, feedback, rating) VALUES ('Fiona_Wiza13@gmail.com', 3, '2020-12-06T03:20:22.767Z', '2020-12-10T13:21:26.375Z', true, 'delivery', 'Alexandrea_Mayert24@hotmail.com', 'Madisyn', 'submitted', NULL, NULL);
INSERT INTO bid (ct_email, ct_price, start_date, end_date, is_cash, transport_method, pet_owner, pet_name, bid_status, feedback, rating) VALUES ('Billie86@gmail.com', 9, '2020-12-06T03:20:22.767Z', '2020-12-10T13:21:26.375Z', true, 'delivery', 'Milton_Marvin81@gmail.com', 'Raina', 'submitted', NULL, NULL);
INSERT INTO bid (ct_email, ct_price, start_date, end_date, is_cash, transport_method, pet_owner, pet_name, bid_status, feedback, rating) VALUES ('Grant_Kerluke64@yahoo.com', 4, '2020-12-06T03:20:22.767Z', '2020-12-10T13:21:26.375Z', true, 'delivery', 'Sydney19@hotmail.com', 'Samantha', 'submitted', NULL, NULL);
INSERT INTO bid (ct_email, ct_price, start_date, end_date, is_cash, transport_method, pet_owner, pet_name, bid_status, feedback, rating) VALUES ('Josh_Koelpin7@hotmail.com', 7, '2020-12-06T03:20:22.767Z', '2020-12-10T13:21:26.375Z', true, 'pcs', 'Guadalupe47@hotmail.com', 'Deanna', 'submitted', NULL, NULL);
INSERT INTO bid (ct_email, ct_price, start_date, end_date, is_cash, transport_method, pet_owner, pet_name, bid_status, feedback, rating) VALUES ('Dena11@gmail.com', 2, '2020-12-06T03:20:22.767Z', '2020-12-10T13:21:26.375Z', true, 'pickup', 'Ismael_Senger@hotmail.com', 'Maribel', 'submitted', NULL, NULL);
INSERT INTO bid (ct_email, ct_price, start_date, end_date, is_cash, transport_method, pet_owner, pet_name, bid_status, feedback, rating) VALUES ('Barry_Waelchi@yahoo.com', 3, '2020-12-06T03:20:22.767Z', '2020-12-10T13:21:26.375Z', true, 'pcs', 'Rickey34@yahoo.com', 'Cristian', 'submitted', NULL, NULL);
INSERT INTO bid (ct_email, ct_price, start_date, end_date, is_cash, transport_method, pet_owner, pet_name, bid_status, feedback, rating) VALUES ('Kip_Thiel70@yahoo.com', 17, '2020-12-06T03:20:22.767Z', '2020-12-10T13:21:26.375Z', true, 'pickup', 'Trever60@hotmail.com', 'Chase', 'submitted', NULL, NULL);
INSERT INTO bid (ct_email, ct_price, start_date, end_date, is_cash, transport_method, pet_owner, pet_name, bid_status, feedback, rating) VALUES ('Jackson1@gmail.com', 2, '2020-12-06T03:20:22.767Z', '2020-12-10T13:21:26.375Z', true, 'delivery', 'Lennie_Marks56@yahoo.com', 'Emilie', 'submitted', NULL, NULL);
INSERT INTO bid (ct_email, ct_price, start_date, end_date, is_cash, transport_method, pet_owner, pet_name, bid_status, feedback, rating) VALUES ('Kadin.Schuppe@hotmail.com', 13, '2020-12-06T03:20:22.767Z', '2020-12-10T13:21:26.375Z', true, 'pcs', 'Bradford_Ondricka33@yahoo.com', 'Kaela', 'submitted', NULL, NULL);
INSERT INTO bid (ct_email, ct_price, start_date, end_date, is_cash, transport_method, pet_owner, pet_name, bid_status, feedback, rating) VALUES ('Wilton43@hotmail.com', 20, '2020-12-06T03:20:22.767Z', '2020-12-10T13:21:26.375Z', true, 'pcs', 'Orrin92@gmail.com', 'Larissa', 'submitted', NULL, NULL);
INSERT INTO bid (ct_email, ct_price, start_date, end_date, is_cash, transport_method, pet_owner, pet_name, bid_status, feedback, rating) VALUES ('Angelita_Herman70@hotmail.com', 10, '2020-12-06T03:20:22.767Z', '2020-12-10T13:21:26.375Z', true, 'delivery', 'Joana_Bednar@gmail.com', 'Heaven', 'submitted', NULL, NULL);
INSERT INTO bid (ct_email, ct_price, start_date, end_date, is_cash, transport_method, pet_owner, pet_name, bid_status, feedback, rating) VALUES ('Katlynn84@hotmail.com', 2, '2020-12-06T03:20:22.767Z', '2020-12-10T13:21:26.375Z', true, 'pickup', 'Reinhold_McDermott@yahoo.com', 'Darby', 'submitted', NULL, NULL);
INSERT INTO bid (ct_email, ct_price, start_date, end_date, is_cash, transport_method, pet_owner, pet_name, bid_status, feedback, rating) VALUES ('Estevan.Moore79@yahoo.com', 15, '2020-12-06T03:20:22.767Z', '2020-12-10T13:21:26.375Z', true, 'delivery', 'Veda.Hagenes@yahoo.com', 'Everette', 'submitted', NULL, NULL);
INSERT INTO bid (ct_email, ct_price, start_date, end_date, is_cash, transport_method, pet_owner, pet_name, bid_status, feedback, rating) VALUES ('Jimmy.Koch40@gmail.com', 13, '2020-12-06T03:20:22.767Z', '2020-12-10T13:21:26.375Z', true, 'delivery', 'Alvera.Weissnat@hotmail.com', 'Karen', 'submitted', NULL, NULL);
INSERT INTO bid (ct_email, ct_price, start_date, end_date, is_cash, transport_method, pet_owner, pet_name, bid_status, feedback, rating) VALUES ('Harley_Boehm@yahoo.com', 3, '2020-12-06T03:20:22.767Z', '2020-12-10T13:21:26.375Z', true, 'pickup', 'Flavie_Pacocha7@yahoo.com', 'Jules', 'submitted', NULL, NULL);
INSERT INTO bid (ct_email, ct_price, start_date, end_date, is_cash, transport_method, pet_owner, pet_name, bid_status, feedback, rating) VALUES ('Gardner.Kuvalis@gmail.com', 9, '2020-12-06T03:20:22.767Z', '2020-12-10T13:21:26.375Z', true, 'pcs', 'Ivah.Pouros64@gmail.com', 'Asha', 'submitted', NULL, NULL);
INSERT INTO bid (ct_email, ct_price, start_date, end_date, is_cash, transport_method, pet_owner, pet_name, bid_status, feedback, rating) VALUES ('Edwina92@gmail.com', 11, '2020-12-06T03:20:22.767Z', '2020-12-10T13:21:26.375Z', true, 'delivery', 'Sammy.Veum@hotmail.com', 'Chasity', 'submitted', NULL, NULL);
INSERT INTO bid (ct_email, ct_price, start_date, end_date, is_cash, transport_method, pet_owner, pet_name, bid_status, feedback, rating) VALUES ('Mable_Daugherty99@hotmail.com', 18, '2020-12-06T03:20:22.767Z', '2020-12-10T13:21:26.375Z', true, 'pcs', 'Cheyanne_Cronin97@gmail.com', 'Bulah', 'submitted', NULL, NULL);
INSERT INTO bid (ct_email, ct_price, start_date, end_date, is_cash, transport_method, pet_owner, pet_name, bid_status, feedback, rating) VALUES ('Leon_Kulas@yahoo.com', 18, '2020-12-06T03:20:22.767Z', '2020-12-10T13:21:26.375Z', true, 'delivery', 'Dorian_Rice@hotmail.com', 'Davion', 'submitted', NULL, NULL);
INSERT INTO bid (ct_email, ct_price, start_date, end_date, is_cash, transport_method, pet_owner, pet_name, bid_status, feedback, rating) VALUES ('Lane.Hegmann41@gmail.com', 7, '2020-12-06T03:20:22.767Z', '2020-12-10T13:21:26.375Z', true, 'delivery', 'Jovanny43@yahoo.com', 'Archibald', 'submitted', NULL, NULL);
INSERT INTO bid (ct_email, ct_price, start_date, end_date, is_cash, transport_method, pet_owner, pet_name, bid_status, feedback, rating) VALUES ('Hanna.Homenick31@yahoo.com', 12, '2020-12-06T03:20:22.767Z', '2020-12-10T13:21:26.375Z', true, 'delivery', 'Ashton32@gmail.com', 'Claudia', 'submitted', NULL, NULL);
INSERT INTO bid (ct_email, ct_price, start_date, end_date, is_cash, transport_method, pet_owner, pet_name, bid_status, feedback, rating) VALUES ('Antwan56@yahoo.com', 18, '2020-12-06T03:20:22.767Z', '2020-12-10T13:21:26.375Z', true, 'pickup', 'Montana_Osinski@yahoo.com', 'Vincenza', 'submitted', NULL, NULL);
INSERT INTO bid (ct_email, ct_price, start_date, end_date, is_cash, transport_method, pet_owner, pet_name, bid_status, feedback, rating) VALUES ('Mack_Hills26@hotmail.com', 19, '2020-12-06T03:20:22.767Z', '2020-12-10T13:21:26.375Z', true, 'pcs', 'Lexus27@hotmail.com', 'Vesta', 'submitted', NULL, NULL);
INSERT INTO bid (ct_email, ct_price, start_date, end_date, is_cash, transport_method, pet_owner, pet_name, bid_status, feedback, rating) VALUES ('Elton_Schiller@gmail.com', 19, '2020-12-06T03:20:22.767Z', '2020-12-10T13:21:26.375Z', true, 'pickup', 'Tony_Huel45@hotmail.com', 'Robyn', 'submitted', NULL, NULL);
INSERT INTO bid (ct_email, ct_price, start_date, end_date, is_cash, transport_method, pet_owner, pet_name, bid_status, feedback, rating) VALUES ('Gianni.Koelpin55@hotmail.com', 2, '2020-12-06T03:20:22.767Z', '2020-12-10T13:21:26.375Z', true, 'pcs', 'Seth.Rau@yahoo.com', 'Haleigh', 'submitted', NULL, NULL);
INSERT INTO bid (ct_email, ct_price, start_date, end_date, is_cash, transport_method, pet_owner, pet_name, bid_status, feedback, rating) VALUES ('Hulda_Quitzon26@yahoo.com', 19, '2020-12-06T03:20:22.767Z', '2020-12-10T13:21:26.375Z', true, 'pickup', 'Eveline_Shields64@hotmail.com', 'Rashad', 'submitted', NULL, NULL);
INSERT INTO bid (ct_email, ct_price, start_date, end_date, is_cash, transport_method, pet_owner, pet_name, bid_status, feedback, rating) VALUES ('Scottie.Frami3@gmail.com', 3, '2020-12-06T03:20:22.767Z', '2020-12-10T13:21:26.375Z', true, 'pickup', 'Chandler.Sipes@yahoo.com', 'Karina', 'submitted', NULL, NULL);
INSERT INTO bid (ct_email, ct_price, start_date, end_date, is_cash, transport_method, pet_owner, pet_name, bid_status, feedback, rating) VALUES ('Carmela55@gmail.com', 13, '2020-12-06T03:20:22.767Z', '2020-12-10T13:21:26.375Z', true, 'delivery', 'Trevor85@gmail.com', 'Sydney', 'submitted', NULL, NULL);
INSERT INTO bid (ct_email, ct_price, start_date, end_date, is_cash, transport_method, pet_owner, pet_name, bid_status, feedback, rating) VALUES ('Yasmine_Jenkins69@gmail.com', 20, '2020-12-06T03:20:22.767Z', '2020-12-10T13:21:26.375Z', true, 'pickup', 'Alysa77@hotmail.com', 'Moshe', 'submitted', NULL, NULL);
INSERT INTO bid (ct_email, ct_price, start_date, end_date, is_cash, transport_method, pet_owner, pet_name, bid_status, feedback, rating) VALUES ('Barry.Rodriguez82@yahoo.com', 18, '2020-12-06T03:20:22.767Z', '2020-12-10T13:21:26.375Z', true, 'pickup', 'Stacy69@gmail.com', 'Anastacio', 'submitted', NULL, NULL);
INSERT INTO bid (ct_email, ct_price, start_date, end_date, is_cash, transport_method, pet_owner, pet_name, bid_status, feedback, rating) VALUES ('Ben_Johns@yahoo.com', 0, '2020-12-06T03:20:22.767Z', '2020-12-10T13:21:26.375Z', true, 'pcs', 'Julien.Towne@gmail.com', 'Katlynn', 'submitted', NULL, NULL);
INSERT INTO bid (ct_email, ct_price, start_date, end_date, is_cash, transport_method, pet_owner, pet_name, bid_status, feedback, rating) VALUES ('Lon_Crooks@gmail.com', 12, '2020-12-06T03:20:22.767Z', '2020-12-10T13:21:26.375Z', true, 'pcs', 'Sandy.Tremblay63@yahoo.com', 'Forrest', 'submitted', NULL, NULL);
INSERT INTO bid (ct_email, ct_price, start_date, end_date, is_cash, transport_method, pet_owner, pet_name, bid_status, feedback, rating) VALUES ('Yvonne_Rogahn@gmail.com', 12, '2020-12-06T03:20:22.767Z', '2020-12-10T13:21:26.375Z', true, 'delivery', 'Stevie61@hotmail.com', 'Jalon', 'submitted', NULL, NULL);
INSERT INTO bid (ct_email, ct_price, start_date, end_date, is_cash, transport_method, pet_owner, pet_name, bid_status, feedback, rating) VALUES ('Elody_Hudson@hotmail.com', 20, '2020-12-06T03:20:22.767Z', '2020-12-10T13:21:26.375Z', true, 'pcs', 'Troy80@gmail.com', 'Hilda', 'submitted', NULL, NULL);
INSERT INTO bid (ct_email, ct_price, start_date, end_date, is_cash, transport_method, pet_owner, pet_name, bid_status, feedback, rating) VALUES ('Coleman_Goldner@hotmail.com', 9, '2020-12-06T03:20:22.767Z', '2020-12-10T13:21:26.375Z', true, 'pickup', 'Ashley_Brekke75@hotmail.com', 'Dimitri', 'submitted', NULL, NULL);
INSERT INTO bid (ct_email, ct_price, start_date, end_date, is_cash, transport_method, pet_owner, pet_name, bid_status, feedback, rating) VALUES ('Mark46@gmail.com', 7, '2020-12-06T03:20:22.767Z', '2020-12-10T13:21:26.375Z', true, 'pickup', 'Vincent16@hotmail.com', 'Flavio', 'submitted', NULL, NULL);
INSERT INTO bid (ct_email, ct_price, start_date, end_date, is_cash, transport_method, pet_owner, pet_name, bid_status, feedback, rating) VALUES ('Joana_Bednar@gmail.com', 8, '2020-12-06T03:20:22.767Z', '2020-12-10T13:21:26.375Z', true, 'pcs', 'Dalton38@gmail.com', 'Axel', 'submitted', NULL, NULL);
INSERT INTO bid (ct_email, ct_price, start_date, end_date, is_cash, transport_method, pet_owner, pet_name, bid_status, feedback, rating) VALUES ('Stacy69@gmail.com', 2, '2020-12-06T03:20:22.767Z', '2020-12-10T13:21:26.375Z', true, 'pickup', 'German65@hotmail.com', 'Annetta', 'submitted', NULL, NULL);
INSERT INTO bid (ct_email, ct_price, start_date, end_date, is_cash, transport_method, pet_owner, pet_name, bid_status, feedback, rating) VALUES ('Ansley10@yahoo.com', 15, '2020-12-06T03:20:22.767Z', '2020-12-10T13:21:26.375Z', true, 'pickup', 'Audrey.Hills@hotmail.com', 'Ronny', 'submitted', NULL, NULL);
INSERT INTO bid (ct_email, ct_price, start_date, end_date, is_cash, transport_method, pet_owner, pet_name, bid_status, feedback, rating) VALUES ('Ilene_McCullough@gmail.com', 6, '2020-12-06T03:20:22.767Z', '2020-12-10T13:21:26.375Z', true, 'delivery', 'Arianna.Waelchi@gmail.com', 'Wiley', 'submitted', NULL, NULL);
INSERT INTO bid (ct_email, ct_price, start_date, end_date, is_cash, transport_method, pet_owner, pet_name, bid_status, feedback, rating) VALUES ('Cayla_Rodriguez@gmail.com', 12, '2020-12-06T03:20:22.767Z', '2020-12-10T13:21:26.375Z', true, 'pickup', 'Andre98@hotmail.com', 'Sasha', 'submitted', NULL, NULL);
INSERT INTO bid (ct_email, ct_price, start_date, end_date, is_cash, transport_method, pet_owner, pet_name, bid_status, feedback, rating) VALUES ('Dorthy10@gmail.com', 18, '2020-12-06T03:20:22.767Z', '2020-12-10T13:21:26.375Z', true, 'pcs', 'Jaunita_Borer@yahoo.com', 'Josephine', 'submitted', NULL, NULL);
INSERT INTO bid (ct_email, ct_price, start_date, end_date, is_cash, transport_method, pet_owner, pet_name, bid_status, feedback, rating) VALUES ('Lou.Medhurst@hotmail.com', 17, '2020-12-06T03:20:22.767Z', '2020-12-10T13:21:26.375Z', true, 'delivery', 'Vincent_Deckow88@gmail.com', 'Raoul', 'submitted', NULL, NULL);
INSERT INTO bid (ct_email, ct_price, start_date, end_date, is_cash, transport_method, pet_owner, pet_name, bid_status, feedback, rating) VALUES ('Freeda.Treutel@yahoo.com', 12, '2020-12-06T03:20:22.767Z', '2020-12-10T13:21:26.375Z', true, 'pickup', 'Tyreek_Simonis@hotmail.com', 'Annabell', 'submitted', NULL, NULL);
INSERT INTO bid (ct_email, ct_price, start_date, end_date, is_cash, transport_method, pet_owner, pet_name, bid_status, feedback, rating) VALUES ('Adah9@hotmail.com', 19, '2020-12-06T03:20:22.767Z', '2020-12-10T13:21:26.375Z', true, 'delivery', 'Erica_Kovacek@yahoo.com', 'Kiarra', 'submitted', NULL, NULL);
INSERT INTO bid (ct_email, ct_price, start_date, end_date, is_cash, transport_method, pet_owner, pet_name, bid_status, feedback, rating) VALUES ('Amira65@hotmail.com', 0, '2020-12-06T03:20:22.767Z', '2020-12-10T13:21:26.375Z', true, 'delivery', 'Sherman.Brown51@hotmail.com', 'Pansy', 'submitted', NULL, NULL);
INSERT INTO bid (ct_email, ct_price, start_date, end_date, is_cash, transport_method, pet_owner, pet_name, bid_status, feedback, rating) VALUES ('Virginia38@yahoo.com', 12, '2020-12-06T03:20:22.767Z', '2020-12-10T13:21:26.375Z', true, 'pickup', 'Violette.Mraz29@gmail.com', 'Verdie', 'submitted', NULL, NULL);
INSERT INTO bid (ct_email, ct_price, start_date, end_date, is_cash, transport_method, pet_owner, pet_name, bid_status, feedback, rating) VALUES ('Duncan87@gmail.com', 18, '2020-12-06T03:20:22.767Z', '2020-12-10T13:21:26.375Z', true, 'pickup', 'Jesus.Haag@hotmail.com', 'Marielle', 'submitted', NULL, NULL);
INSERT INTO bid (ct_email, ct_price, start_date, end_date, is_cash, transport_method, pet_owner, pet_name, bid_status, feedback, rating) VALUES ('Haylee24@gmail.com', 2, '2020-12-06T03:20:22.767Z', '2020-12-10T13:21:26.375Z', true, 'delivery', 'Harley_Boehm@yahoo.com', 'Eryn', 'submitted', NULL, NULL);
INSERT INTO bid (ct_email, ct_price, start_date, end_date, is_cash, transport_method, pet_owner, pet_name, bid_status, feedback, rating) VALUES ('Jewell_Bahringer55@gmail.com', 10, '2020-12-06T03:20:22.767Z', '2020-12-10T13:21:26.375Z', true, 'pickup', 'Bennett6@gmail.com', 'Maxie', 'submitted', NULL, NULL);
INSERT INTO bid (ct_email, ct_price, start_date, end_date, is_cash, transport_method, pet_owner, pet_name, bid_status, feedback, rating) VALUES ('Nella.Bailey@gmail.com', 15, '2020-12-06T03:20:22.767Z', '2020-12-10T13:21:26.375Z', true, 'pickup', 'Christiana_OConner19@hotmail.com', 'Cecelia', 'submitted', NULL, NULL);
INSERT INTO bid (ct_email, ct_price, start_date, end_date, is_cash, transport_method, pet_owner, pet_name, bid_status, feedback, rating) VALUES ('Katharina.Kautzer97@gmail.com', 9, '2020-12-06T03:20:22.767Z', '2020-12-10T13:21:26.375Z', true, 'delivery', 'Jensen.Baumbach73@gmail.com', 'Mike', 'submitted', NULL, NULL);
INSERT INTO bid (ct_email, ct_price, start_date, end_date, is_cash, transport_method, pet_owner, pet_name, bid_status, feedback, rating) VALUES ('Gus.Adams@hotmail.com', 0, '2020-12-06T03:20:22.767Z', '2020-12-10T13:21:26.375Z', true, 'delivery', 'Max_Witting@yahoo.com', 'Felix', 'submitted', NULL, NULL);
INSERT INTO bid (ct_email, ct_price, start_date, end_date, is_cash, transport_method, pet_owner, pet_name, bid_status, feedback, rating) VALUES ('Kristian7@gmail.com', 4, '2020-12-06T03:20:22.767Z', '2020-12-10T13:21:26.375Z', true, 'pickup', 'Lee89@hotmail.com', 'Aglae', 'submitted', NULL, NULL);
INSERT INTO bid (ct_email, ct_price, start_date, end_date, is_cash, transport_method, pet_owner, pet_name, bid_status, feedback, rating) VALUES ('Tatyana.Lowe@yahoo.com', 1, '2020-12-06T03:20:22.767Z', '2020-12-10T13:21:26.375Z', true, 'delivery', 'Vesta.Gislason90@yahoo.com', 'Bradley', 'submitted', NULL, NULL);
INSERT INTO bid (ct_email, ct_price, start_date, end_date, is_cash, transport_method, pet_owner, pet_name, bid_status, feedback, rating) VALUES ('Nat62@hotmail.com', 4, '2020-12-06T03:20:22.767Z', '2020-12-10T13:21:26.375Z', true, 'pickup', 'Lupe_Hilll@gmail.com', 'Jaylan', 'submitted', NULL, NULL);
INSERT INTO bid (ct_email, ct_price, start_date, end_date, is_cash, transport_method, pet_owner, pet_name, bid_status, feedback, rating) VALUES ('Heloise_OKeefe@yahoo.com', 13, '2020-12-06T03:20:22.767Z', '2020-12-10T13:21:26.375Z', true, 'pcs', 'Jovany64@hotmail.com', 'Alize', 'submitted', NULL, NULL);
INSERT INTO bid (ct_email, ct_price, start_date, end_date, is_cash, transport_method, pet_owner, pet_name, bid_status, feedback, rating) VALUES ('Gloria_Zemlak@gmail.com', 7, '2020-12-06T03:20:22.767Z', '2020-12-10T13:21:26.375Z', true, 'pickup', 'Webster.Nitzsche50@gmail.com', 'Lester', 'submitted', NULL, NULL);
INSERT INTO bid (ct_email, ct_price, start_date, end_date, is_cash, transport_method, pet_owner, pet_name, bid_status, feedback, rating) VALUES ('Jaquelin40@yahoo.com', 2, '2020-12-06T03:20:22.767Z', '2020-12-10T13:21:26.375Z', true, 'delivery', 'Carlee.Hansen@gmail.com', 'Frederique', 'submitted', NULL, NULL);
INSERT INTO bid (ct_email, ct_price, start_date, end_date, is_cash, transport_method, pet_owner, pet_name, bid_status, feedback, rating) VALUES ('Jacques.Cummings@hotmail.com', 6, '2020-12-06T03:20:22.767Z', '2020-12-10T13:21:26.375Z', true, 'pickup', 'Ardella_Klocko97@yahoo.com', 'Dianna', 'submitted', NULL, NULL);
INSERT INTO bid (ct_email, ct_price, start_date, end_date, is_cash, transport_method, pet_owner, pet_name, bid_status, feedback, rating) VALUES ('Werner7@hotmail.com', 3, '2020-12-06T03:20:22.767Z', '2020-12-10T13:21:26.375Z', true, 'pcs', 'Lue17@hotmail.com', 'Kailyn', 'submitted', NULL, NULL);
INSERT INTO bid (ct_email, ct_price, start_date, end_date, is_cash, transport_method, pet_owner, pet_name, bid_status, feedback, rating) VALUES ('Celine.Hyatt2@yahoo.com', 8, '2020-12-06T03:20:22.767Z', '2020-12-10T13:21:26.375Z', true, 'pcs', 'Cole78@gmail.com', 'Clinton', 'submitted', NULL, NULL);
INSERT INTO bid (ct_email, ct_price, start_date, end_date, is_cash, transport_method, pet_owner, pet_name, bid_status, feedback, rating) VALUES ('Candace_Terry29@hotmail.com', 4, '2020-12-06T03:20:22.767Z', '2020-12-10T13:21:26.375Z', true, 'pcs', 'Werner_Ward@yahoo.com', 'Jonathon', 'submitted', NULL, NULL);
INSERT INTO bid (ct_email, ct_price, start_date, end_date, is_cash, transport_method, pet_owner, pet_name, bid_status, feedback, rating) VALUES ('Kailey86@yahoo.com', 4, '2020-12-06T03:20:22.767Z', '2020-12-10T13:21:26.375Z', true, 'pcs', 'Kale70@gmail.com', 'Adriana', 'submitted', NULL, NULL);
INSERT INTO bid (ct_email, ct_price, start_date, end_date, is_cash, transport_method, pet_owner, pet_name, bid_status, feedback, rating) VALUES ('Gudrun38@yahoo.com', 18, '2020-12-06T03:20:22.767Z', '2020-12-10T13:21:26.375Z', true, 'delivery', 'Heath_Harris@yahoo.com', 'Isaias', 'submitted', NULL, NULL);
INSERT INTO bid (ct_email, ct_price, start_date, end_date, is_cash, transport_method, pet_owner, pet_name, bid_status, feedback, rating) VALUES ('Keeley71@yahoo.com', 5, '2020-12-06T03:20:22.767Z', '2020-12-10T13:21:26.375Z', true, 'pickup', 'Cali.Zboncak97@hotmail.com', 'Kay', 'submitted', NULL, NULL);
INSERT INTO bid (ct_email, ct_price, start_date, end_date, is_cash, transport_method, pet_owner, pet_name, bid_status, feedback, rating) VALUES ('Alverta40@gmail.com', 15, '2020-12-06T03:20:22.767Z', '2020-12-10T13:21:26.375Z', true, 'pickup', 'Fanny_Weimann@yahoo.com', 'Jermain', 'submitted', NULL, NULL);
INSERT INTO bid (ct_email, ct_price, start_date, end_date, is_cash, transport_method, pet_owner, pet_name, bid_status, feedback, rating) VALUES ('Luna.Schoen18@yahoo.com', 16, '2020-12-06T03:20:22.767Z', '2020-12-10T13:21:26.375Z', true, 'delivery', 'Adriel65@gmail.com', 'Junius', 'submitted', NULL, NULL);
INSERT INTO bid (ct_email, ct_price, start_date, end_date, is_cash, transport_method, pet_owner, pet_name, bid_status, feedback, rating) VALUES ('Candelario.Schowalter79@hotmail.com', 0, '2020-12-06T03:20:22.767Z', '2020-12-10T13:21:26.375Z', true, 'delivery', 'Sonny1@yahoo.com', 'Adrian', 'submitted', NULL, NULL);
INSERT INTO bid (ct_email, ct_price, start_date, end_date, is_cash, transport_method, pet_owner, pet_name, bid_status, feedback, rating) VALUES ('Joana4@hotmail.com', 20, '2020-12-06T03:20:22.767Z', '2020-12-10T13:21:26.375Z', true, 'delivery', 'Kris.Predovic@hotmail.com', 'Gwendolyn', 'submitted', NULL, NULL);
INSERT INTO bid (ct_email, ct_price, start_date, end_date, is_cash, transport_method, pet_owner, pet_name, bid_status, feedback, rating) VALUES ('Hailie_Stracke@hotmail.com', 11, '2020-12-06T03:20:22.767Z', '2020-12-10T13:21:26.375Z', true, 'pickup', 'Keira23@gmail.com', 'Fabian', 'submitted', NULL, NULL);
INSERT INTO bid (ct_email, ct_price, start_date, end_date, is_cash, transport_method, pet_owner, pet_name, bid_status, feedback, rating) VALUES ('Triston.Lakin0@yahoo.com', 8, '2020-12-06T03:20:22.767Z', '2020-12-10T13:21:26.375Z', true, 'delivery', 'Isaac_Blanda@gmail.com', 'Jon', 'submitted', NULL, NULL);
INSERT INTO bid (ct_email, ct_price, start_date, end_date, is_cash, transport_method, pet_owner, pet_name, bid_status, feedback, rating) VALUES ('Bart_Glover@yahoo.com', 14, '2020-12-06T03:20:22.767Z', '2020-12-10T13:21:26.375Z', true, 'pickup', 'Mckenna.Grimes@hotmail.com', 'Audreanne', 'submitted', NULL, NULL);
INSERT INTO bid (ct_email, ct_price, start_date, end_date, is_cash, transport_method, pet_owner, pet_name, bid_status, feedback, rating) VALUES ('Abel_Kilback51@yahoo.com', 8, '2020-12-06T03:20:22.767Z', '2020-12-10T13:21:26.375Z', true, 'delivery', 'Cary79@hotmail.com', 'Dulce', 'submitted', NULL, NULL);
INSERT INTO bid (ct_email, ct_price, start_date, end_date, is_cash, transport_method, pet_owner, pet_name, bid_status, feedback, rating) VALUES ('Paolo_Lesch93@hotmail.com', 17, '2020-12-06T03:20:22.767Z', '2020-12-10T13:21:26.375Z', true, 'pickup', 'Domenica_Ondricka1@gmail.com', 'Lilliana', 'submitted', NULL, NULL);
INSERT INTO bid (ct_email, ct_price, start_date, end_date, is_cash, transport_method, pet_owner, pet_name, bid_status, feedback, rating) VALUES ('Giovanni.Howe49@gmail.com', 4, '2020-12-06T03:20:22.767Z', '2020-12-10T13:21:26.375Z', true, 'pickup', 'Brenna17@gmail.com', 'Laron', 'submitted', NULL, NULL);
INSERT INTO bid (ct_email, ct_price, start_date, end_date, is_cash, transport_method, pet_owner, pet_name, bid_status, feedback, rating) VALUES ('Stephen.Weimann@yahoo.com', 10, '2020-12-06T03:20:22.767Z', '2020-12-10T13:21:26.375Z', true, 'pcs', 'Leif_Gerhold64@yahoo.com', 'Krystel', 'submitted', NULL, NULL);
INSERT INTO bid (ct_email, ct_price, start_date, end_date, is_cash, transport_method, pet_owner, pet_name, bid_status, feedback, rating) VALUES ('Clint8@hotmail.com', 11, '2020-12-06T03:20:22.767Z', '2020-12-10T13:21:26.375Z', true, 'pcs', 'Dante.King90@yahoo.com', 'Maryjane', 'submitted', NULL, NULL);
INSERT INTO bid (ct_email, ct_price, start_date, end_date, is_cash, transport_method, pet_owner, pet_name, bid_status, feedback, rating) VALUES ('Adan_Haley79@hotmail.com', 12, '2020-12-06T03:20:22.767Z', '2020-12-10T13:21:26.375Z', true, 'pcs', 'Megane_Schoen24@yahoo.com', 'Blaise', 'submitted', NULL, NULL);
INSERT INTO bid (ct_email, ct_price, start_date, end_date, is_cash, transport_method, pet_owner, pet_name, bid_status, feedback, rating) VALUES ('Agustin_Daniel92@hotmail.com', 1, '2020-12-06T03:20:22.767Z', '2020-12-10T13:21:26.375Z', true, 'pickup', 'Bertha_Will@yahoo.com', 'Keshawn', 'submitted', NULL, NULL);
INSERT INTO bid (ct_email, ct_price, start_date, end_date, is_cash, transport_method, pet_owner, pet_name, bid_status, feedback, rating) VALUES ('Breana96@gmail.com', 16, '2020-12-06T03:20:22.767Z', '2020-12-10T13:21:26.375Z', true, 'delivery', 'Eliza_Deckow@gmail.com', 'Blair', 'submitted', NULL, NULL);
INSERT INTO bid (ct_email, ct_price, start_date, end_date, is_cash, transport_method, pet_owner, pet_name, bid_status, feedback, rating) VALUES ('Cordie30@yahoo.com', 1, '2020-12-06T03:20:22.767Z', '2020-12-10T13:21:26.375Z', true, 'pickup', 'Rebecca20@yahoo.com', 'Miguel', 'submitted', NULL, NULL);
INSERT INTO bid (ct_email, ct_price, start_date, end_date, is_cash, transport_method, pet_owner, pet_name, bid_status, feedback, rating) VALUES ('Oleta45@hotmail.com', 20, '2020-12-06T03:20:22.767Z', '2020-12-10T13:21:26.375Z', true, 'pickup', 'Kasey32@gmail.com', 'Meta', 'submitted', NULL, NULL);
INSERT INTO bid (ct_email, ct_price, start_date, end_date, is_cash, transport_method, pet_owner, pet_name, bid_status, feedback, rating) VALUES ('Otis.Lubowitz47@hotmail.com', 4, '2020-12-06T03:20:22.767Z', '2020-12-10T13:21:26.375Z', true, 'delivery', 'Natalia_Stoltenberg3@hotmail.com', 'Luther', 'submitted', NULL, NULL);
INSERT INTO bid (ct_email, ct_price, start_date, end_date, is_cash, transport_method, pet_owner, pet_name, bid_status, feedback, rating) VALUES ('Cesar.Mraz@gmail.com', 12, '2020-12-06T03:20:22.767Z', '2020-12-10T13:21:26.375Z', true, 'pickup', 'Mervin_Mertz@gmail.com', 'Jalyn', 'submitted', NULL, NULL);
INSERT INTO bid (ct_email, ct_price, start_date, end_date, is_cash, transport_method, pet_owner, pet_name, bid_status, feedback, rating) VALUES ('Dale_Breitenberg@gmail.com', 12, '2020-12-06T03:20:22.767Z', '2020-12-10T13:21:26.375Z', true, 'delivery', 'Asha_Okuneva52@gmail.com', 'Dortha', 'submitted', NULL, NULL);
INSERT INTO bid (ct_email, ct_price, start_date, end_date, is_cash, transport_method, pet_owner, pet_name, bid_status, feedback, rating) VALUES ('Hobart.Windler@hotmail.com', 8, '2020-12-06T03:20:22.767Z', '2020-12-10T13:21:26.375Z', true, 'delivery', 'Annetta_Schneider@yahoo.com', 'Earnestine', 'submitted', NULL, NULL);
INSERT INTO bid (ct_email, ct_price, start_date, end_date, is_cash, transport_method, pet_owner, pet_name, bid_status, feedback, rating) VALUES ('Estella89@yahoo.com', 17, '2020-12-06T03:20:22.767Z', '2020-12-10T13:21:26.375Z', true, 'delivery', 'Lexie_MacGyver65@hotmail.com', 'Jalyn', 'submitted', NULL, NULL);
INSERT INTO bid (ct_email, ct_price, start_date, end_date, is_cash, transport_method, pet_owner, pet_name, bid_status, feedback, rating) VALUES ('Isaac_Blanda@gmail.com', 2, '2020-12-06T03:20:22.767Z', '2020-12-10T13:21:26.375Z', true, 'pickup', 'Kailey86@yahoo.com', 'Golda', 'submitted', NULL, NULL);
INSERT INTO bid (ct_email, ct_price, start_date, end_date, is_cash, transport_method, pet_owner, pet_name, bid_status, feedback, rating) VALUES ('Candice.Waters@hotmail.com', 19, '2020-12-06T03:20:22.767Z', '2020-12-10T13:21:26.375Z', true, 'delivery', 'Vicente.Huel63@hotmail.com', 'Lottie', 'submitted', NULL, NULL);
INSERT INTO bid (ct_email, ct_price, start_date, end_date, is_cash, transport_method, pet_owner, pet_name, bid_status, feedback, rating) VALUES ('Mariano54@gmail.com', 4, '2020-12-06T03:20:22.767Z', '2020-12-10T13:21:26.375Z', true, 'pickup', 'Stephany.Luettgen73@gmail.com', 'Donald', 'submitted', NULL, NULL);
INSERT INTO bid (ct_email, ct_price, start_date, end_date, is_cash, transport_method, pet_owner, pet_name, bid_status, feedback, rating) VALUES ('Ceasar.Friesen63@yahoo.com', 5, '2020-12-06T03:20:22.767Z', '2020-12-10T13:21:26.375Z', true, 'delivery', 'Valerie12@hotmail.com', 'Candida', 'submitted', NULL, NULL);
INSERT INTO bid (ct_email, ct_price, start_date, end_date, is_cash, transport_method, pet_owner, pet_name, bid_status, feedback, rating) VALUES ('Amara.Hoppe@yahoo.com', 15, '2020-12-06T03:20:22.767Z', '2020-12-10T13:21:26.375Z', true, 'pickup', 'Lucio76@gmail.com', 'Gay', 'submitted', NULL, NULL);
INSERT INTO bid (ct_email, ct_price, start_date, end_date, is_cash, transport_method, pet_owner, pet_name, bid_status, feedback, rating) VALUES ('Bart.Strosin@gmail.com', 12, '2020-12-06T03:20:22.767Z', '2020-12-10T13:21:26.375Z', true, 'pcs', 'Emelia12@yahoo.com', 'Emma', 'submitted', NULL, NULL);
INSERT INTO bid (ct_email, ct_price, start_date, end_date, is_cash, transport_method, pet_owner, pet_name, bid_status, feedback, rating) VALUES ('Julian.Lubowitz@gmail.com', 14, '2020-12-06T03:20:22.767Z', '2020-12-10T13:21:26.375Z', true, 'pickup', 'German_Frami83@gmail.com', 'Seamus', 'submitted', NULL, NULL);
INSERT INTO bid (ct_email, ct_price, start_date, end_date, is_cash, transport_method, pet_owner, pet_name, bid_status, feedback, rating) VALUES ('Sylvia80@yahoo.com', 16, '2020-12-06T03:20:22.767Z', '2020-12-10T13:21:26.375Z', true, 'pcs', 'Preston_Homenick@gmail.com', 'Larue', 'submitted', NULL, NULL);
INSERT INTO bid (ct_email, ct_price, start_date, end_date, is_cash, transport_method, pet_owner, pet_name, bid_status, feedback, rating) VALUES ('Dominic_Koss85@yahoo.com', 8, '2020-12-06T03:20:22.767Z', '2020-12-10T13:21:26.375Z', true, 'pickup', 'Jose69@hotmail.com', 'Rosendo', 'submitted', NULL, NULL);
INSERT INTO bid (ct_email, ct_price, start_date, end_date, is_cash, transport_method, pet_owner, pet_name, bid_status, feedback, rating) VALUES ('Art.Mante87@hotmail.com', 1, '2020-12-06T03:20:22.767Z', '2020-12-10T13:21:26.375Z', true, 'delivery', 'Savion_Smitham@yahoo.com', 'Judd', 'submitted', NULL, NULL);
INSERT INTO bid (ct_email, ct_price, start_date, end_date, is_cash, transport_method, pet_owner, pet_name, bid_status, feedback, rating) VALUES ('Mandy_Bashirian74@hotmail.com', 19, '2020-12-06T03:20:22.767Z', '2020-12-10T13:21:26.375Z', true, 'pcs', 'Eldon.Gislason@gmail.com', 'Jeremy', 'submitted', NULL, NULL);
INSERT INTO bid (ct_email, ct_price, start_date, end_date, is_cash, transport_method, pet_owner, pet_name, bid_status, feedback, rating) VALUES ('Dante.Hudson@gmail.com', 5, '2020-12-06T03:20:22.767Z', '2020-12-10T13:21:26.375Z', true, 'pcs', 'Durward.Johnston99@gmail.com', 'Roosevelt', 'submitted', NULL, NULL);
INSERT INTO bid (ct_email, ct_price, start_date, end_date, is_cash, transport_method, pet_owner, pet_name, bid_status, feedback, rating) VALUES ('Ludwig_Hessel@yahoo.com', 11, '2020-12-06T03:20:22.767Z', '2020-12-10T13:21:26.375Z', true, 'pcs', 'Barbara.Mitchell36@gmail.com', 'Zachariah', 'submitted', NULL, NULL);
INSERT INTO bid (ct_email, ct_price, start_date, end_date, is_cash, transport_method, pet_owner, pet_name, bid_status, feedback, rating) VALUES ('Ford52@gmail.com', 7, '2020-12-06T03:20:22.767Z', '2020-12-10T13:21:26.375Z', true, 'delivery', 'Timmy59@hotmail.com', 'Rod', 'submitted', NULL, NULL);
INSERT INTO bid (ct_email, ct_price, start_date, end_date, is_cash, transport_method, pet_owner, pet_name, bid_status, feedback, rating) VALUES ('Kadin30@yahoo.com', 4, '2020-12-06T03:20:22.767Z', '2020-12-10T13:21:26.375Z', true, 'delivery', 'Karlie59@yahoo.com', 'Anastasia', 'submitted', NULL, NULL);
INSERT INTO bid (ct_email, ct_price, start_date, end_date, is_cash, transport_method, pet_owner, pet_name, bid_status, feedback, rating) VALUES ('Herta20@hotmail.com', 3, '2020-12-06T03:20:22.767Z', '2020-12-10T13:21:26.375Z', true, 'delivery', 'Bartholome.Schowalter@yahoo.com', 'Tatum', 'submitted', NULL, NULL);
INSERT INTO bid (ct_email, ct_price, start_date, end_date, is_cash, transport_method, pet_owner, pet_name, bid_status, feedback, rating) VALUES ('Carlie_Erdman@hotmail.com', 17, '2020-12-06T03:20:22.767Z', '2020-12-10T13:21:26.375Z', true, 'pickup', 'Helene.Abshire36@hotmail.com', 'Thea', 'submitted', NULL, NULL);
INSERT INTO bid (ct_email, ct_price, start_date, end_date, is_cash, transport_method, pet_owner, pet_name, bid_status, feedback, rating) VALUES ('Effie.Swift73@gmail.com', 18, '2020-12-06T03:20:22.767Z', '2020-12-10T13:21:26.375Z', true, 'delivery', 'Darryl_Ward@hotmail.com', 'Elmira', 'submitted', NULL, NULL);
INSERT INTO bid (ct_email, ct_price, start_date, end_date, is_cash, transport_method, pet_owner, pet_name, bid_status, feedback, rating) VALUES ('Viviane41@hotmail.com', 7, '2020-12-06T03:20:22.767Z', '2020-12-10T13:21:26.375Z', true, 'pcs', 'Eveline.Bergstrom@hotmail.com', 'Cristal', 'submitted', NULL, NULL);
INSERT INTO bid (ct_email, ct_price, start_date, end_date, is_cash, transport_method, pet_owner, pet_name, bid_status, feedback, rating) VALUES ('Maverick8@gmail.com', 1, '2020-12-06T03:20:22.767Z', '2020-12-10T13:21:26.375Z', true, 'delivery', 'Rex78@hotmail.com', 'Guadalupe', 'submitted', NULL, NULL);
INSERT INTO bid (ct_email, ct_price, start_date, end_date, is_cash, transport_method, pet_owner, pet_name, bid_status, feedback, rating) VALUES ('Julien15@hotmail.com', 15, '2020-12-06T03:20:22.767Z', '2020-12-10T13:21:26.375Z', true, 'pickup', 'Otis.Lubowitz47@hotmail.com', 'Ferne', 'submitted', NULL, NULL);
INSERT INTO bid (ct_email, ct_price, start_date, end_date, is_cash, transport_method, pet_owner, pet_name, bid_status, feedback, rating) VALUES ('Percy_Langworth60@hotmail.com', 1, '2020-12-06T03:20:22.767Z', '2020-12-10T13:21:26.375Z', true, 'pickup', 'Silas_Hahn77@hotmail.com', 'Gino', 'submitted', NULL, NULL);
INSERT INTO bid (ct_email, ct_price, start_date, end_date, is_cash, transport_method, pet_owner, pet_name, bid_status, feedback, rating) VALUES ('Keagan28@gmail.com', 11, '2020-12-06T03:20:22.767Z', '2020-12-10T13:21:26.375Z', true, 'pickup', 'Alverta40@gmail.com', 'Tina', 'submitted', NULL, NULL);
INSERT INTO bid (ct_email, ct_price, start_date, end_date, is_cash, transport_method, pet_owner, pet_name, bid_status, feedback, rating) VALUES ('Amari58@hotmail.com', 4, '2020-12-06T03:20:22.767Z', '2020-12-10T13:21:26.375Z', true, 'pcs', 'Waino51@hotmail.com', 'Izaiah', 'submitted', NULL, NULL);
INSERT INTO bid (ct_email, ct_price, start_date, end_date, is_cash, transport_method, pet_owner, pet_name, bid_status, feedback, rating) VALUES ('Vesta.Gislason90@yahoo.com', 6, '2020-12-06T03:20:22.767Z', '2020-12-10T13:21:26.375Z', true, 'delivery', 'Yasmine_Jenkins69@gmail.com', 'Jarrett', 'submitted', NULL, NULL);
INSERT INTO bid (ct_email, ct_price, start_date, end_date, is_cash, transport_method, pet_owner, pet_name, bid_status, feedback, rating) VALUES ('Ford_Price@hotmail.com', 1, '2020-12-06T03:20:22.767Z', '2020-12-10T13:21:26.375Z', true, 'pcs', 'Isabella_Funk96@yahoo.com', 'Nora', 'submitted', NULL, NULL);
INSERT INTO bid (ct_email, ct_price, start_date, end_date, is_cash, transport_method, pet_owner, pet_name, bid_status, feedback, rating) VALUES ('Dylan.Franecki95@gmail.com', 2, '2020-12-06T03:20:22.767Z', '2020-12-10T13:21:26.375Z', true, 'delivery', 'Marielle_Deckow84@yahoo.com', 'Chesley', 'submitted', NULL, NULL);
INSERT INTO bid (ct_email, ct_price, start_date, end_date, is_cash, transport_method, pet_owner, pet_name, bid_status, feedback, rating) VALUES ('Edd45@gmail.com', 20, '2020-12-06T03:20:22.767Z', '2020-12-10T13:21:26.375Z', true, 'pcs', 'Janessa71@hotmail.com', 'Frankie', 'submitted', NULL, NULL);
INSERT INTO bid (ct_email, ct_price, start_date, end_date, is_cash, transport_method, pet_owner, pet_name, bid_status, feedback, rating) VALUES ('Cheyanne_Cronin97@gmail.com', 4, '2020-12-06T03:20:22.767Z', '2020-12-10T13:21:26.375Z', true, 'pickup', 'Dylan9@hotmail.com', 'Theron', 'submitted', NULL, NULL);
INSERT INTO bid (ct_email, ct_price, start_date, end_date, is_cash, transport_method, pet_owner, pet_name, bid_status, feedback, rating) VALUES ('Eldora_Schneider@yahoo.com', 7, '2020-12-06T03:20:22.767Z', '2020-12-10T13:21:26.375Z', true, 'pickup', 'Adriana28@gmail.com', 'Brayan', 'submitted', NULL, NULL);
INSERT INTO bid (ct_email, ct_price, start_date, end_date, is_cash, transport_method, pet_owner, pet_name, bid_status, feedback, rating) VALUES ('Everett_Krajcik@gmail.com', 12, '2020-12-06T03:20:22.767Z', '2020-12-10T13:21:26.375Z', true, 'pickup', 'Joana4@hotmail.com', 'Alysa', 'submitted', NULL, NULL);
INSERT INTO bid (ct_email, ct_price, start_date, end_date, is_cash, transport_method, pet_owner, pet_name, bid_status, feedback, rating) VALUES ('Alex_Runolfsson@gmail.com', 9, '2020-12-06T03:20:22.767Z', '2020-12-10T13:21:26.375Z', true, 'pcs', 'Vernice.Bogan31@yahoo.com', 'Noemie', 'submitted', NULL, NULL);
INSERT INTO bid (ct_email, ct_price, start_date, end_date, is_cash, transport_method, pet_owner, pet_name, bid_status, feedback, rating) VALUES ('Ethelyn41@hotmail.com', 9, '2020-12-06T03:20:22.767Z', '2020-12-10T13:21:26.375Z', true, 'delivery', 'Antonio.Ortiz@hotmail.com', 'Uriah', 'submitted', NULL, NULL);
INSERT INTO bid (ct_email, ct_price, start_date, end_date, is_cash, transport_method, pet_owner, pet_name, bid_status, feedback, rating) VALUES ('Grayson.Huels@yahoo.com', 17, '2020-12-06T03:20:22.767Z', '2020-12-10T13:21:26.375Z', true, 'delivery', 'Giovanni.Howe49@gmail.com', 'Lottie', 'submitted', NULL, NULL);
INSERT INTO bid (ct_email, ct_price, start_date, end_date, is_cash, transport_method, pet_owner, pet_name, bid_status, feedback, rating) VALUES ('Angela_Heaney@gmail.com', 5, '2020-12-06T03:20:22.767Z', '2020-12-10T13:21:26.375Z', true, 'pcs', 'Lavinia.Ziemann21@yahoo.com', 'Terrence', 'submitted', NULL, NULL);
INSERT INTO bid (ct_email, ct_price, start_date, end_date, is_cash, transport_method, pet_owner, pet_name, bid_status, feedback, rating) VALUES ('Wendy67@yahoo.com', 15, '2020-12-06T03:20:22.767Z', '2020-12-10T13:21:26.375Z', true, 'delivery', 'Carlie_Erdman@hotmail.com', 'Murphy', 'submitted', NULL, NULL);
INSERT INTO bid (ct_email, ct_price, start_date, end_date, is_cash, transport_method, pet_owner, pet_name, bid_status, feedback, rating) VALUES ('Natalia_Pfeffer68@hotmail.com', 11, '2020-12-06T03:20:22.767Z', '2020-12-10T13:21:26.375Z', true, 'pcs', 'Precious69@yahoo.com', 'Wyman', 'submitted', NULL, NULL);
INSERT INTO bid (ct_email, ct_price, start_date, end_date, is_cash, transport_method, pet_owner, pet_name, bid_status, feedback, rating) VALUES ('Meredith_Heidenreich@gmail.com', 6, '2020-12-06T03:20:22.767Z', '2020-12-10T13:21:26.375Z', true, 'pcs', 'Josue.Bartell@yahoo.com', 'Jamaal', 'submitted', NULL, NULL);
INSERT INTO bid (ct_email, ct_price, start_date, end_date, is_cash, transport_method, pet_owner, pet_name, bid_status, feedback, rating) VALUES ('Curtis81@hotmail.com', 5, '2020-12-06T03:20:22.767Z', '2020-12-10T13:21:26.375Z', true, 'delivery', 'Kaya_Miller@yahoo.com', 'Penelope', 'submitted', NULL, NULL);
INSERT INTO bid (ct_email, ct_price, start_date, end_date, is_cash, transport_method, pet_owner, pet_name, bid_status, feedback, rating) VALUES ('Shyann_Roberts@yahoo.com', 6, '2020-12-06T03:20:22.767Z', '2020-12-10T13:21:26.375Z', true, 'pickup', 'Crawford23@yahoo.com', 'Cindy', 'submitted', NULL, NULL);
INSERT INTO bid (ct_email, ct_price, start_date, end_date, is_cash, transport_method, pet_owner, pet_name, bid_status, feedback, rating) VALUES ('Cary79@hotmail.com', 0, '2020-12-06T03:20:22.767Z', '2020-12-10T13:21:26.375Z', true, 'pickup', 'Juliet.OConnell10@hotmail.com', 'Yoshiko', 'submitted', NULL, NULL);
INSERT INTO bid (ct_email, ct_price, start_date, end_date, is_cash, transport_method, pet_owner, pet_name, bid_status, feedback, rating) VALUES ('Stanton_Rath8@yahoo.com', 2, '2020-12-06T03:20:22.767Z', '2020-12-10T13:21:26.375Z', true, 'pickup', 'Thad_Lueilwitz@yahoo.com', 'Trinity', 'submitted', NULL, NULL);
INSERT INTO bid (ct_email, ct_price, start_date, end_date, is_cash, transport_method, pet_owner, pet_name, bid_status, feedback, rating) VALUES ('Breanna_Swaniawski58@gmail.com', 20, '2020-12-06T03:20:22.767Z', '2020-12-10T13:21:26.375Z', true, 'delivery', 'Reba.Maggio@yahoo.com', 'Pete', 'submitted', NULL, NULL);
INSERT INTO bid (ct_email, ct_price, start_date, end_date, is_cash, transport_method, pet_owner, pet_name, bid_status, feedback, rating) VALUES ('Olga.Crist40@gmail.com', 16, '2020-12-06T03:20:22.767Z', '2020-12-10T13:21:26.375Z', true, 'pcs', 'Ludwig_Hessel@yahoo.com', 'Cale', 'submitted', NULL, NULL);
INSERT INTO bid (ct_email, ct_price, start_date, end_date, is_cash, transport_method, pet_owner, pet_name, bid_status, feedback, rating) VALUES ('Tobin67@gmail.com', 0, '2020-12-06T03:20:22.767Z', '2020-12-10T13:21:26.375Z', true, 'delivery', 'Emmanuelle_Christiansen20@yahoo.com', 'Everette', 'submitted', NULL, NULL);
INSERT INTO bid (ct_email, ct_price, start_date, end_date, is_cash, transport_method, pet_owner, pet_name, bid_status, feedback, rating) VALUES ('Antoinette44@hotmail.com', 4, '2020-12-06T03:20:22.767Z', '2020-12-10T13:21:26.375Z', true, 'delivery', 'Ubaldo37@gmail.com', 'Toy', 'submitted', NULL, NULL);
INSERT INTO bid (ct_email, ct_price, start_date, end_date, is_cash, transport_method, pet_owner, pet_name, bid_status, feedback, rating) VALUES ('Keith.Wisoky74@gmail.com', 9, '2020-12-06T03:20:22.767Z', '2020-12-10T13:21:26.375Z', true, 'pickup', 'Garry_McGlynn16@gmail.com', 'Filiberto', 'submitted', NULL, NULL);
INSERT INTO bid (ct_email, ct_price, start_date, end_date, is_cash, transport_method, pet_owner, pet_name, bid_status, feedback, rating) VALUES ('Marianne.Predovic99@gmail.com', 3, '2020-12-06T03:20:22.767Z', '2020-12-10T13:21:26.375Z', true, 'delivery', 'Marietta15@gmail.com', 'Ruthie', 'submitted', NULL, NULL);
INSERT INTO bid (ct_email, ct_price, start_date, end_date, is_cash, transport_method, pet_owner, pet_name, bid_status, feedback, rating) VALUES ('Turner.Shields76@yahoo.com', 0, '2020-12-06T03:20:22.767Z', '2020-12-10T13:21:26.375Z', true, 'pickup', 'Dexter_Lockman@gmail.com', 'Viviane', 'submitted', NULL, NULL);
INSERT INTO bid (ct_email, ct_price, start_date, end_date, is_cash, transport_method, pet_owner, pet_name, bid_status, feedback, rating) VALUES ('Kellie69@gmail.com', 13, '2020-12-06T03:20:22.767Z', '2020-12-10T13:21:26.375Z', true, 'delivery', 'Torrance49@hotmail.com', 'Concepcion', 'submitted', NULL, NULL);
INSERT INTO bid (ct_email, ct_price, start_date, end_date, is_cash, transport_method, pet_owner, pet_name, bid_status, feedback, rating) VALUES ('Milford_Rath@yahoo.com', 8, '2020-12-06T03:20:22.767Z', '2020-12-10T13:21:26.375Z', true, 'pickup', 'Gardner.Kuvalis@gmail.com', 'Clair', 'submitted', NULL, NULL);
INSERT INTO bid (ct_email, ct_price, start_date, end_date, is_cash, transport_method, pet_owner, pet_name, bid_status, feedback, rating) VALUES ('Rosalia.Crona@hotmail.com', 0, '2020-12-06T03:20:22.767Z', '2020-12-10T13:21:26.375Z', true, 'pcs', 'Jacques.Cummings@hotmail.com', 'Roxane', 'submitted', NULL, NULL);
INSERT INTO bid (ct_email, ct_price, start_date, end_date, is_cash, transport_method, pet_owner, pet_name, bid_status, feedback, rating) VALUES ('Darryl_Ward@hotmail.com', 9, '2020-12-06T03:20:22.767Z', '2020-12-10T13:21:26.375Z', true, 'delivery', 'Mike27@hotmail.com', 'Lonzo', 'submitted', NULL, NULL);
INSERT INTO bid (ct_email, ct_price, start_date, end_date, is_cash, transport_method, pet_owner, pet_name, bid_status, feedback, rating) VALUES ('Leola.Kutch@hotmail.com', 11, '2020-12-06T03:20:22.767Z', '2020-12-10T13:21:26.375Z', true, 'delivery', 'Adolfo59@gmail.com', 'Lyda', 'submitted', NULL, NULL);
INSERT INTO bid (ct_email, ct_price, start_date, end_date, is_cash, transport_method, pet_owner, pet_name, bid_status, feedback, rating) VALUES ('Bennett6@gmail.com', 19, '2020-12-06T03:20:22.767Z', '2020-12-10T13:21:26.375Z', true, 'pickup', 'Sigurd.Walter@gmail.com', 'Trisha', 'submitted', NULL, NULL);
INSERT INTO bid (ct_email, ct_price, start_date, end_date, is_cash, transport_method, pet_owner, pet_name, bid_status, feedback, rating) VALUES ('Dante.King90@yahoo.com', 7, '2020-12-06T03:20:22.767Z', '2020-12-10T13:21:26.375Z', true, 'pcs', 'Clint8@hotmail.com', 'Roel', 'submitted', NULL, NULL);
INSERT INTO bid (ct_email, ct_price, start_date, end_date, is_cash, transport_method, pet_owner, pet_name, bid_status, feedback, rating) VALUES ('Adella_Predovic@yahoo.com', 19, '2020-12-06T03:20:22.767Z', '2020-12-10T13:21:26.375Z', true, 'pcs', 'Taurean.Wilderman@gmail.com', 'Keely', 'submitted', NULL, NULL);
INSERT INTO bid (ct_email, ct_price, start_date, end_date, is_cash, transport_method, pet_owner, pet_name, bid_status, feedback, rating) VALUES ('Janet.Rosenbaum81@gmail.com', 20, '2020-12-06T03:20:22.767Z', '2020-12-10T13:21:26.375Z', true, 'pcs', 'Gail_Weissnat@yahoo.com', 'Cletus', 'submitted', NULL, NULL);
INSERT INTO bid (ct_email, ct_price, start_date, end_date, is_cash, transport_method, pet_owner, pet_name, bid_status, feedback, rating) VALUES ('Tatyana_Kozey32@gmail.com', 18, '2020-12-06T03:20:22.767Z', '2020-12-10T13:21:26.375Z', true, 'pcs', 'Marianne90@yahoo.com', 'Darwin', 'submitted', NULL, NULL);
INSERT INTO bid (ct_email, ct_price, start_date, end_date, is_cash, transport_method, pet_owner, pet_name, bid_status, feedback, rating) VALUES ('Terrence_Will@gmail.com', 9, '2020-12-06T03:20:22.767Z', '2020-12-10T13:21:26.375Z', true, 'pickup', 'Augusta53@yahoo.com', 'Claude', 'submitted', NULL, NULL);
INSERT INTO bid (ct_email, ct_price, start_date, end_date, is_cash, transport_method, pet_owner, pet_name, bid_status, feedback, rating) VALUES ('Katrina43@hotmail.com', 15, '2020-12-06T03:20:22.767Z', '2020-12-10T13:21:26.375Z', true, 'pickup', 'Schuyler48@yahoo.com', 'Larue', 'submitted', NULL, NULL);
INSERT INTO bid (ct_email, ct_price, start_date, end_date, is_cash, transport_method, pet_owner, pet_name, bid_status, feedback, rating) VALUES ('Amalia_Miller@yahoo.com', 13, '2020-12-06T03:20:22.767Z', '2020-12-10T13:21:26.375Z', true, 'pickup', 'Wilbert_Sawayn46@hotmail.com', 'Bianka', 'submitted', NULL, NULL);
INSERT INTO bid (ct_email, ct_price, start_date, end_date, is_cash, transport_method, pet_owner, pet_name, bid_status, feedback, rating) VALUES ('Jovany.Will@gmail.com', 7, '2020-12-06T03:20:22.767Z', '2020-12-10T13:21:26.375Z', true, 'pcs', 'Dorothy_Kuhn82@yahoo.com', 'Liana', 'submitted', NULL, NULL);
INSERT INTO bid (ct_email, ct_price, start_date, end_date, is_cash, transport_method, pet_owner, pet_name, bid_status, feedback, rating) VALUES ('Liliana77@gmail.com', 4, '2020-12-06T03:20:22.767Z', '2020-12-10T13:21:26.375Z', true, 'delivery', 'Gracie_Moore13@gmail.com', 'Mariah', 'submitted', NULL, NULL);
INSERT INTO bid (ct_email, ct_price, start_date, end_date, is_cash, transport_method, pet_owner, pet_name, bid_status, feedback, rating) VALUES ('William_McLaughlin@gmail.com', 5, '2020-12-06T03:20:22.767Z', '2020-12-10T13:21:26.375Z', true, 'pickup', 'Peter.Aufderhar37@hotmail.com', 'Lauren', 'submitted', NULL, NULL);
INSERT INTO bid (ct_email, ct_price, start_date, end_date, is_cash, transport_method, pet_owner, pet_name, bid_status, feedback, rating) VALUES ('Savannah33@gmail.com', 9, '2020-12-06T03:20:22.767Z', '2020-12-10T13:21:26.375Z', true, 'pcs', 'Bart.Strosin@gmail.com', 'Demond', 'submitted', NULL, NULL);
INSERT INTO bid (ct_email, ct_price, start_date, end_date, is_cash, transport_method, pet_owner, pet_name, bid_status, feedback, rating) VALUES ('Chadd87@yahoo.com', 6, '2020-12-06T03:20:22.767Z', '2020-12-10T13:21:26.375Z', true, 'pcs', 'Mozelle.Herzog48@gmail.com', 'Ella', 'submitted', NULL, NULL);
INSERT INTO bid (ct_email, ct_price, start_date, end_date, is_cash, transport_method, pet_owner, pet_name, bid_status, feedback, rating) VALUES ('Reggie.Cormier0@yahoo.com', 8, '2020-12-06T03:20:22.767Z', '2020-12-10T13:21:26.375Z', true, 'delivery', 'Jasen56@hotmail.com', 'Tomas', 'submitted', NULL, NULL);
INSERT INTO bid (ct_email, ct_price, start_date, end_date, is_cash, transport_method, pet_owner, pet_name, bid_status, feedback, rating) VALUES ('Fanny_Weimann@yahoo.com', 1, '2020-12-06T03:20:22.767Z', '2020-12-10T13:21:26.375Z', true, 'pickup', 'Regan_Kuhic@yahoo.com', 'Schuyler', 'submitted', NULL, NULL);
INSERT INTO bid (ct_email, ct_price, start_date, end_date, is_cash, transport_method, pet_owner, pet_name, bid_status, feedback, rating) VALUES ('Mohamed_Kshlerin@hotmail.com', 20, '2020-12-06T03:20:22.767Z', '2020-12-10T13:21:26.375Z', true, 'pcs', 'Norval_Lockman24@yahoo.com', 'Max', 'submitted', NULL, NULL);
INSERT INTO bid (ct_email, ct_price, start_date, end_date, is_cash, transport_method, pet_owner, pet_name, bid_status, feedback, rating) VALUES ('Halie49@hotmail.com', 14, '2020-12-06T03:20:22.767Z', '2020-12-10T13:21:26.375Z', true, 'pickup', 'Chadd87@yahoo.com', 'Selmer', 'submitted', NULL, NULL);
INSERT INTO bid (ct_email, ct_price, start_date, end_date, is_cash, transport_method, pet_owner, pet_name, bid_status, feedback, rating) VALUES ('Alison_Jaskolski@hotmail.com', 17, '2020-12-06T03:20:22.767Z', '2020-12-10T13:21:26.375Z', true, 'delivery', 'Creola_Powlowski43@gmail.com', 'Allene', 'submitted', NULL, NULL);
INSERT INTO bid (ct_email, ct_price, start_date, end_date, is_cash, transport_method, pet_owner, pet_name, bid_status, feedback, rating) VALUES ('Bradford31@hotmail.com', 5, '2020-12-06T03:20:22.767Z', '2020-12-10T13:21:26.375Z', true, 'pcs', 'Lukas.Mayer16@gmail.com', 'Alana', 'submitted', NULL, NULL);
INSERT INTO bid (ct_email, ct_price, start_date, end_date, is_cash, transport_method, pet_owner, pet_name, bid_status, feedback, rating) VALUES ('Edgar.Armstrong@yahoo.com', 17, '2020-12-06T03:20:22.767Z', '2020-12-10T13:21:26.375Z', true, 'pickup', 'Amira65@hotmail.com', 'Karianne', 'submitted', NULL, NULL);
INSERT INTO bid (ct_email, ct_price, start_date, end_date, is_cash, transport_method, pet_owner, pet_name, bid_status, feedback, rating) VALUES ('Dario_Bartell97@hotmail.com', 20, '2020-12-06T03:20:22.767Z', '2020-12-10T13:21:26.375Z', true, 'pcs', 'Kennith_Hane@gmail.com', 'Forrest', 'submitted', NULL, NULL);
INSERT INTO bid (ct_email, ct_price, start_date, end_date, is_cash, transport_method, pet_owner, pet_name, bid_status, feedback, rating) VALUES ('Thea.Hahn@yahoo.com', 12, '2020-12-06T03:20:22.767Z', '2020-12-10T13:21:26.375Z', true, 'delivery', 'Wellington_Kuvalis30@hotmail.com', 'Henri', 'submitted', NULL, NULL);
INSERT INTO bid (ct_email, ct_price, start_date, end_date, is_cash, transport_method, pet_owner, pet_name, bid_status, feedback, rating) VALUES ('Carissa.Lehner38@gmail.com', 6, '2020-12-06T03:20:22.767Z', '2020-12-10T13:21:26.375Z', true, 'delivery', 'Elton_Schiller@gmail.com', 'Ila', 'submitted', NULL, NULL);
INSERT INTO bid (ct_email, ct_price, start_date, end_date, is_cash, transport_method, pet_owner, pet_name, bid_status, feedback, rating) VALUES ('Zackary38@gmail.com', 4, '2020-12-06T03:20:22.767Z', '2020-12-10T13:21:26.375Z', true, 'delivery', 'Josiah59@yahoo.com', 'Nicklaus', 'submitted', NULL, NULL);
INSERT INTO bid (ct_email, ct_price, start_date, end_date, is_cash, transport_method, pet_owner, pet_name, bid_status, feedback, rating) VALUES ('Kasey32@gmail.com', 17, '2020-12-06T03:20:22.767Z', '2020-12-10T13:21:26.375Z', true, 'delivery', 'Adelle.Labadie@hotmail.com', 'Shaina', 'submitted', NULL, NULL);
INSERT INTO bid (ct_email, ct_price, start_date, end_date, is_cash, transport_method, pet_owner, pet_name, bid_status, feedback, rating) VALUES ('Selina_Labadie82@gmail.com', 9, '2020-12-06T03:20:22.767Z', '2020-12-10T13:21:26.375Z', true, 'pcs', 'Delfina.Sipes@hotmail.com', 'Jeffry', 'submitted', NULL, NULL);
INSERT INTO bid (ct_email, ct_price, start_date, end_date, is_cash, transport_method, pet_owner, pet_name, bid_status, feedback, rating) VALUES ('Jena.Heathcote@yahoo.com', 6, '2020-12-06T03:20:22.767Z', '2020-12-10T13:21:26.375Z', true, 'pickup', 'Raphael78@hotmail.com', 'Lydia', 'submitted', NULL, NULL);
INSERT INTO bid (ct_email, ct_price, start_date, end_date, is_cash, transport_method, pet_owner, pet_name, bid_status, feedback, rating) VALUES ('Pearlie_Koch1@yahoo.com', 5, '2020-12-06T03:20:22.767Z', '2020-12-10T13:21:26.375Z', true, 'delivery', 'Eddie_Murray@gmail.com', 'Morton', 'submitted', NULL, NULL);
INSERT INTO bid (ct_email, ct_price, start_date, end_date, is_cash, transport_method, pet_owner, pet_name, bid_status, feedback, rating) VALUES ('Emmanuelle_Christiansen20@yahoo.com', 15, '2020-12-06T03:20:22.767Z', '2020-12-10T13:21:26.375Z', true, 'pickup', 'Kaci.Rolfson53@yahoo.com', 'Maverick', 'submitted', NULL, NULL);
INSERT INTO bid (ct_email, ct_price, start_date, end_date, is_cash, transport_method, pet_owner, pet_name, bid_status, feedback, rating) VALUES ('Shakira.Gusikowski@gmail.com', 5, '2020-12-06T03:20:22.767Z', '2020-12-10T13:21:26.375Z', true, 'pcs', 'Carolyne_Sipes@hotmail.com', 'Eleanora', 'submitted', NULL, NULL);
INSERT INTO bid (ct_email, ct_price, start_date, end_date, is_cash, transport_method, pet_owner, pet_name, bid_status, feedback, rating) VALUES ('Trever60@hotmail.com', 13, '2020-12-06T03:20:22.767Z', '2020-12-10T13:21:26.375Z', true, 'delivery', 'Rudy3@yahoo.com', 'Joey', 'submitted', NULL, NULL);
INSERT INTO bid (ct_email, ct_price, start_date, end_date, is_cash, transport_method, pet_owner, pet_name, bid_status, feedback, rating) VALUES ('Meta_Thompson@hotmail.com', 9, '2020-12-06T03:20:22.767Z', '2020-12-10T13:21:26.375Z', true, 'pcs', 'Emmanuelle68@gmail.com', 'Gust', 'submitted', NULL, NULL);
INSERT INTO bid (ct_email, ct_price, start_date, end_date, is_cash, transport_method, pet_owner, pet_name, bid_status, feedback, rating) VALUES ('Royce84@gmail.com', 13, '2020-12-06T03:20:22.767Z', '2020-12-10T13:21:26.375Z', true, 'pcs', 'Dylan.Franecki95@gmail.com', 'Xzavier', 'submitted', NULL, NULL);
INSERT INTO bid (ct_email, ct_price, start_date, end_date, is_cash, transport_method, pet_owner, pet_name, bid_status, feedback, rating) VALUES ('Lee89@hotmail.com', 11, '2020-12-06T03:20:22.767Z', '2020-12-10T13:21:26.375Z', true, 'delivery', 'Lizeth18@hotmail.com', 'Parker', 'submitted', NULL, NULL);
INSERT INTO bid (ct_email, ct_price, start_date, end_date, is_cash, transport_method, pet_owner, pet_name, bid_status, feedback, rating) VALUES ('Gregory38@gmail.com', 19, '2020-12-06T03:20:22.767Z', '2020-12-10T13:21:26.375Z', true, 'pcs', 'Shannon9@hotmail.com', 'Thurman', 'submitted', NULL, NULL);
INSERT INTO bid (ct_email, ct_price, start_date, end_date, is_cash, transport_method, pet_owner, pet_name, bid_status, feedback, rating) VALUES ('Nakia_Schamberger38@gmail.com', 19, '2020-12-06T03:20:22.767Z', '2020-12-10T13:21:26.375Z', true, 'pickup', 'Luna.Schoen18@yahoo.com', 'Adalberto', 'submitted', NULL, NULL);
INSERT INTO bid (ct_email, ct_price, start_date, end_date, is_cash, transport_method, pet_owner, pet_name, bid_status, feedback, rating) VALUES ('Mariela.Huels59@hotmail.com', 14, '2020-12-06T03:20:22.767Z', '2020-12-10T13:21:26.375Z', true, 'delivery', 'Suzanne.Blick85@yahoo.com', 'Micheal', 'submitted', NULL, NULL);
INSERT INTO bid (ct_email, ct_price, start_date, end_date, is_cash, transport_method, pet_owner, pet_name, bid_status, feedback, rating) VALUES ('Tristian_Heller31@yahoo.com', 8, '2020-12-06T03:20:22.767Z', '2020-12-10T13:21:26.375Z', true, 'delivery', 'Jalen.Kunde45@hotmail.com', 'Gudrun', 'submitted', NULL, NULL);
INSERT INTO bid (ct_email, ct_price, start_date, end_date, is_cash, transport_method, pet_owner, pet_name, bid_status, feedback, rating) VALUES ('Helene.Abshire36@hotmail.com', 8, '2020-12-06T03:20:22.767Z', '2020-12-10T13:21:26.375Z', true, 'delivery', 'Bart_Glover@yahoo.com', 'Sigmund', 'submitted', NULL, NULL);
INSERT INTO bid (ct_email, ct_price, start_date, end_date, is_cash, transport_method, pet_owner, pet_name, bid_status, feedback, rating) VALUES ('Lincoln_Murphy66@gmail.com', 1, '2020-12-06T03:20:22.767Z', '2020-12-10T13:21:26.375Z', true, 'delivery', 'Katrina_Kutch@yahoo.com', 'Leonora', 'submitted', NULL, NULL);
INSERT INTO bid (ct_email, ct_price, start_date, end_date, is_cash, transport_method, pet_owner, pet_name, bid_status, feedback, rating) VALUES ('Lula34@yahoo.com', 6, '2020-12-06T03:20:22.767Z', '2020-12-10T13:21:26.375Z', true, 'pcs', 'Alyson.Hamill80@gmail.com', 'Rahsaan', 'submitted', NULL, NULL);
INSERT INTO bid (ct_email, ct_price, start_date, end_date, is_cash, transport_method, pet_owner, pet_name, bid_status, feedback, rating) VALUES ('Angeline.Wiza46@hotmail.com', 0, '2020-12-06T03:20:22.767Z', '2020-12-10T13:21:26.375Z', true, 'delivery', 'Rahsaan_Kunde73@hotmail.com', 'Jo', 'submitted', NULL, NULL);
INSERT INTO bid (ct_email, ct_price, start_date, end_date, is_cash, transport_method, pet_owner, pet_name, bid_status, feedback, rating) VALUES ('Kayleigh.Hane88@yahoo.com', 3, '2020-12-06T03:20:22.767Z', '2020-12-10T13:21:26.375Z', true, 'pcs', 'Katharina.Kautzer97@gmail.com', 'Aiden', 'submitted', NULL, NULL);
INSERT INTO bid (ct_email, ct_price, start_date, end_date, is_cash, transport_method, pet_owner, pet_name, bid_status, feedback, rating) VALUES ('Leta_Crona@yahoo.com', 20, '2020-12-06T03:20:22.767Z', '2020-12-10T13:21:26.375Z', true, 'pickup', 'Cathrine34@gmail.com', 'Joshuah', 'submitted', NULL, NULL);
INSERT INTO bid (ct_email, ct_price, start_date, end_date, is_cash, transport_method, pet_owner, pet_name, bid_status, feedback, rating) VALUES ('Dangelo_Dietrich3@hotmail.com', 14, '2020-12-06T03:20:22.767Z', '2020-12-10T13:21:26.375Z', true, 'pcs', 'Antwan56@yahoo.com', 'Garett', 'submitted', NULL, NULL);
INSERT INTO bid (ct_email, ct_price, start_date, end_date, is_cash, transport_method, pet_owner, pet_name, bid_status, feedback, rating) VALUES ('Wilfredo_White42@hotmail.com', 17, '2020-12-06T03:20:22.767Z', '2020-12-10T13:21:26.375Z', true, 'pcs', 'Werner7@hotmail.com', 'Jalen', 'submitted', NULL, NULL);
INSERT INTO bid (ct_email, ct_price, start_date, end_date, is_cash, transport_method, pet_owner, pet_name, bid_status, feedback, rating) VALUES ('Joannie_Schamberger@yahoo.com', 5, '2020-12-06T03:20:22.767Z', '2020-12-10T13:21:26.375Z', true, 'delivery', 'Levi.Hammes30@gmail.com', 'Giovanna', 'submitted', NULL, NULL);
INSERT INTO bid (ct_email, ct_price, start_date, end_date, is_cash, transport_method, pet_owner, pet_name, bid_status, feedback, rating) VALUES ('Dasia98@hotmail.com', 4, '2020-12-06T03:20:22.767Z', '2020-12-10T13:21:26.375Z', true, 'delivery', 'Ivah10@gmail.com', 'Vivianne', 'submitted', NULL, NULL);
INSERT INTO bid (ct_email, ct_price, start_date, end_date, is_cash, transport_method, pet_owner, pet_name, bid_status, feedback, rating) VALUES ('Sheridan81@yahoo.com', 3, '2020-12-06T03:20:22.767Z', '2020-12-10T13:21:26.375Z', true, 'delivery', 'Charley_Murray79@yahoo.com', 'Pierre', 'submitted', NULL, NULL);
INSERT INTO bid (ct_email, ct_price, start_date, end_date, is_cash, transport_method, pet_owner, pet_name, bid_status, feedback, rating) VALUES ('Domenick.Lesch54@yahoo.com', 6, '2020-12-06T03:20:22.767Z', '2020-12-10T13:21:26.375Z', true, 'delivery', 'Juliana87@hotmail.com', 'London', 'submitted', NULL, NULL);
INSERT INTO bid (ct_email, ct_price, start_date, end_date, is_cash, transport_method, pet_owner, pet_name, bid_status, feedback, rating) VALUES ('Merritt.Bradtke@gmail.com', 14, '2020-12-06T03:20:22.767Z', '2020-12-10T13:21:26.375Z', true, 'pcs', 'Katlynn96@hotmail.com', 'Jennyfer', 'submitted', NULL, NULL);
INSERT INTO bid (ct_email, ct_price, start_date, end_date, is_cash, transport_method, pet_owner, pet_name, bid_status, feedback, rating) VALUES ('Chaim.Dach78@gmail.com', 3, '2020-12-06T03:20:22.767Z', '2020-12-10T13:21:26.375Z', true, 'delivery', 'Eldon.West79@yahoo.com', 'Nathaniel', 'submitted', NULL, NULL);
INSERT INTO bid (ct_email, ct_price, start_date, end_date, is_cash, transport_method, pet_owner, pet_name, bid_status, feedback, rating) VALUES ('Cameron.Nader@hotmail.com', 9, '2020-12-06T03:20:22.767Z', '2020-12-10T13:21:26.375Z', true, 'pickup', 'Billie86@gmail.com', 'Keely', 'submitted', NULL, NULL);
INSERT INTO bid (ct_email, ct_price, start_date, end_date, is_cash, transport_method, pet_owner, pet_name, bid_status, feedback, rating) VALUES ('Stephany.Luettgen73@gmail.com', 6, '2020-12-06T03:20:22.767Z', '2020-12-10T13:21:26.375Z', true, 'pcs', 'Keeley71@yahoo.com', 'Jon', 'submitted', NULL, NULL);
INSERT INTO bid (ct_email, ct_price, start_date, end_date, is_cash, transport_method, pet_owner, pet_name, bid_status, feedback, rating) VALUES ('Silas_Hahn77@hotmail.com', 13, '2020-12-06T03:20:22.767Z', '2020-12-10T13:21:26.375Z', true, 'pickup', 'Kirstin45@yahoo.com', 'Margarete', 'submitted', NULL, NULL);
INSERT INTO bid (ct_email, ct_price, start_date, end_date, is_cash, transport_method, pet_owner, pet_name, bid_status, feedback, rating) VALUES ('Noah.Marvin35@yahoo.com', 17, '2020-12-06T03:20:22.767Z', '2020-12-10T13:21:26.375Z', true, 'pcs', 'Mack_Hills26@hotmail.com', 'Aliya', 'submitted', NULL, NULL);
INSERT INTO bid (ct_email, ct_price, start_date, end_date, is_cash, transport_method, pet_owner, pet_name, bid_status, feedback, rating) VALUES ('Natalia_Stoltenberg3@hotmail.com', 5, '2020-12-06T03:20:22.767Z', '2020-12-10T13:21:26.375Z', true, 'pickup', 'Stanton_Rath8@yahoo.com', 'Kennith', 'submitted', NULL, NULL);
INSERT INTO bid (ct_email, ct_price, start_date, end_date, is_cash, transport_method, pet_owner, pet_name, bid_status, feedback, rating) VALUES ('Ona.Schroeder@gmail.com', 8, '2020-12-06T03:20:22.767Z', '2020-12-10T13:21:26.375Z', true, 'pickup', 'Baron52@yahoo.com', 'Guiseppe', 'submitted', NULL, NULL);
INSERT INTO bid (ct_email, ct_price, start_date, end_date, is_cash, transport_method, pet_owner, pet_name, bid_status, feedback, rating) VALUES ('Randal_Bednar19@yahoo.com', 13, '2020-12-06T03:20:22.767Z', '2020-12-10T13:21:26.375Z', true, 'delivery', 'Donato99@gmail.com', 'Dominic', 'submitted', NULL, NULL);
INSERT INTO bid (ct_email, ct_price, start_date, end_date, is_cash, transport_method, pet_owner, pet_name, bid_status, feedback, rating) VALUES ('Julianne36@hotmail.com', 20, '2020-12-06T03:20:22.767Z', '2020-12-10T13:21:26.375Z', true, 'pcs', 'Annie36@gmail.com', 'Dianna', 'submitted', NULL, NULL);
INSERT INTO bid (ct_email, ct_price, start_date, end_date, is_cash, transport_method, pet_owner, pet_name, bid_status, feedback, rating) VALUES ('Enola.Halvorson@gmail.com', 2, '2020-12-06T03:20:22.767Z', '2020-12-10T13:21:26.375Z', true, 'pickup', 'Noah.Marvin35@yahoo.com', 'Tabitha', 'submitted', NULL, NULL);
INSERT INTO bid (ct_email, ct_price, start_date, end_date, is_cash, transport_method, pet_owner, pet_name, bid_status, feedback, rating) VALUES ('Christine.Schumm@hotmail.com', 3, '2020-12-06T03:20:22.767Z', '2020-12-10T13:21:26.375Z', true, 'pickup', 'Tyrese49@hotmail.com', 'Clemens', 'submitted', NULL, NULL);
INSERT INTO bid (ct_email, ct_price, start_date, end_date, is_cash, transport_method, pet_owner, pet_name, bid_status, feedback, rating) VALUES ('Easter.Blanda@yahoo.com', 12, '2020-12-06T03:20:22.767Z', '2020-12-10T13:21:26.375Z', true, 'pcs', 'Angelita_Herman70@hotmail.com', 'Aileen', 'submitted', NULL, NULL);
INSERT INTO bid (ct_email, ct_price, start_date, end_date, is_cash, transport_method, pet_owner, pet_name, bid_status, feedback, rating) VALUES ('Earline38@yahoo.com', 0, '2020-12-06T03:20:22.767Z', '2020-12-10T13:21:26.375Z', true, 'delivery', 'Viviane_Borer14@hotmail.com', 'Kathryne', 'submitted', NULL, NULL);
INSERT INTO bid (ct_email, ct_price, start_date, end_date, is_cash, transport_method, pet_owner, pet_name, bid_status, feedback, rating) VALUES ('Marcel37@yahoo.com', 5, '2020-12-06T03:20:22.767Z', '2020-12-10T13:21:26.375Z', true, 'pickup', 'Vilma.Schneider91@gmail.com', 'Laisha', 'submitted', NULL, NULL);
INSERT INTO bid (ct_email, ct_price, start_date, end_date, is_cash, transport_method, pet_owner, pet_name, bid_status, feedback, rating) VALUES ('Jany84@yahoo.com', 9, '2020-12-06T03:20:22.767Z', '2020-12-10T13:21:26.375Z', true, 'pickup', 'Alessia88@hotmail.com', 'Myron', 'submitted', NULL, NULL);
INSERT INTO bid (ct_email, ct_price, start_date, end_date, is_cash, transport_method, pet_owner, pet_name, bid_status, feedback, rating) VALUES ('Willie_Kassulke@gmail.com', 17, '2020-12-06T03:20:22.767Z', '2020-12-10T13:21:26.375Z', true, 'delivery', 'Alexzander31@hotmail.com', 'Electa', 'submitted', NULL, NULL);
INSERT INTO bid (ct_email, ct_price, start_date, end_date, is_cash, transport_method, pet_owner, pet_name, bid_status, feedback, rating) VALUES ('Gracie_Moore13@gmail.com', 3, '2020-12-06T03:20:22.767Z', '2020-12-10T13:21:26.375Z', true, 'pcs', 'Stephania.Hackett@gmail.com', 'Jared', 'submitted', NULL, NULL);
INSERT INTO bid (ct_email, ct_price, start_date, end_date, is_cash, transport_method, pet_owner, pet_name, bid_status, feedback, rating) VALUES ('Ezekiel64@hotmail.com', 16, '2020-12-06T03:20:22.767Z', '2020-12-10T13:21:26.375Z', true, 'delivery', 'Hanna_McClure@gmail.com', 'Kirstin', 'submitted', NULL, NULL);
INSERT INTO bid (ct_email, ct_price, start_date, end_date, is_cash, transport_method, pet_owner, pet_name, bid_status, feedback, rating) VALUES ('Paula.Price@yahoo.com', 11, '2020-12-06T03:20:22.767Z', '2020-12-10T13:21:26.375Z', true, 'pickup', 'Katrina43@hotmail.com', 'Christian', 'submitted', NULL, NULL);
INSERT INTO bid (ct_email, ct_price, start_date, end_date, is_cash, transport_method, pet_owner, pet_name, bid_status, feedback, rating) VALUES ('Aglae_Windler@gmail.com', 17, '2020-12-06T03:20:22.767Z', '2020-12-10T13:21:26.375Z', true, 'delivery', 'Cicero.Ondricka@gmail.com', 'Lonie', 'submitted', NULL, NULL);
INSERT INTO bid (ct_email, ct_price, start_date, end_date, is_cash, transport_method, pet_owner, pet_name, bid_status, feedback, rating) VALUES ('Leif_Gerhold64@yahoo.com', 12, '2020-12-06T03:20:22.767Z', '2020-12-10T13:21:26.375Z', true, 'pcs', 'Jany95@gmail.com', 'Johanna', 'submitted', NULL, NULL);
INSERT INTO bid (ct_email, ct_price, start_date, end_date, is_cash, transport_method, pet_owner, pet_name, bid_status, feedback, rating) VALUES ('Zoey87@yahoo.com', 15, '2020-12-06T03:20:22.767Z', '2020-12-10T13:21:26.375Z', true, 'pickup', 'Kristian7@gmail.com', 'Minnie', 'submitted', NULL, NULL);
INSERT INTO bid (ct_email, ct_price, start_date, end_date, is_cash, transport_method, pet_owner, pet_name, bid_status, feedback, rating) VALUES ('Kennith_Hane@gmail.com', 5, '2020-12-06T03:20:22.767Z', '2020-12-10T13:21:26.375Z', true, 'pickup', 'Angelica.Schinner@hotmail.com', 'Hollis', 'submitted', NULL, NULL);
INSERT INTO bid (ct_email, ct_price, start_date, end_date, is_cash, transport_method, pet_owner, pet_name, bid_status, feedback, rating) VALUES ('Alexandre47@gmail.com', 2, '2020-12-06T03:20:22.767Z', '2020-12-10T13:21:26.375Z', true, 'delivery', 'Marguerite47@gmail.com', 'Savanah', 'submitted', NULL, NULL);
INSERT INTO bid (ct_email, ct_price, start_date, end_date, is_cash, transport_method, pet_owner, pet_name, bid_status, feedback, rating) VALUES ('Stanton.Smitham69@yahoo.com', 5, '2020-12-06T03:20:22.767Z', '2020-12-10T13:21:26.375Z', true, 'pcs', 'Yvonne5@hotmail.com', 'Elna', 'submitted', NULL, NULL);
INSERT INTO bid (ct_email, ct_price, start_date, end_date, is_cash, transport_method, pet_owner, pet_name, bid_status, feedback, rating) VALUES ('Shawn_Lehner@yahoo.com', 4, '2020-12-06T03:20:22.767Z', '2020-12-10T13:21:26.375Z', true, 'delivery', 'Leif_Dickinson@hotmail.com', 'Turner', 'submitted', NULL, NULL);
INSERT INTO bid (ct_email, ct_price, start_date, end_date, is_cash, transport_method, pet_owner, pet_name, bid_status, feedback, rating) VALUES ('Clark.Terry57@gmail.com', 5, '2020-12-06T03:20:22.767Z', '2020-12-10T13:21:26.375Z', true, 'pcs', 'Nicklaus.Hermiston22@yahoo.com', 'Agustin', 'submitted', NULL, NULL);
INSERT INTO bid (ct_email, ct_price, start_date, end_date, is_cash, transport_method, pet_owner, pet_name, bid_status, feedback, rating) VALUES ('Jose69@hotmail.com', 16, '2020-12-06T03:20:22.767Z', '2020-12-10T13:21:26.375Z', true, 'pickup', 'Harmony27@gmail.com', 'Sydnie', 'submitted', NULL, NULL);
INSERT INTO bid (ct_email, ct_price, start_date, end_date, is_cash, transport_method, pet_owner, pet_name, bid_status, feedback, rating) VALUES ('Corene27@hotmail.com', 4, '2020-12-06T03:20:22.767Z', '2020-12-10T13:21:26.375Z', true, 'pcs', 'Reggie.Cormier0@yahoo.com', 'Kurt', 'submitted', NULL, NULL);
INSERT INTO bid (ct_email, ct_price, start_date, end_date, is_cash, transport_method, pet_owner, pet_name, bid_status, feedback, rating) VALUES ('Ramiro86@gmail.com', 9, '2020-12-06T03:20:22.767Z', '2020-12-10T13:21:26.375Z', true, 'pcs', 'Dayna34@hotmail.com', 'Vince', 'submitted', NULL, NULL);
INSERT INTO bid (ct_email, ct_price, start_date, end_date, is_cash, transport_method, pet_owner, pet_name, bid_status, feedback, rating) VALUES ('Andreanne_Jacobson@hotmail.com', 6, '2020-12-06T03:20:22.767Z', '2020-12-10T13:21:26.375Z', true, 'pcs', 'Vernice.Gaylord@gmail.com', 'Eden', 'submitted', NULL, NULL);
INSERT INTO bid (ct_email, ct_price, start_date, end_date, is_cash, transport_method, pet_owner, pet_name, bid_status, feedback, rating) VALUES ('Clare_McLaughlin72@hotmail.com', 19, '2020-12-06T03:20:22.767Z', '2020-12-10T13:21:26.375Z', true, 'pcs', 'Pearlie_Koch1@yahoo.com', 'Keshawn', 'submitted', NULL, NULL);
INSERT INTO bid (ct_email, ct_price, start_date, end_date, is_cash, transport_method, pet_owner, pet_name, bid_status, feedback, rating) VALUES ('Claudie_Hyatt46@gmail.com', 0, '2020-12-06T03:20:22.767Z', '2020-12-10T13:21:26.375Z', true, 'pcs', 'Fernando.Altenwerth18@yahoo.com', 'Saul', 'submitted', NULL, NULL);
INSERT INTO bid (ct_email, ct_price, start_date, end_date, is_cash, transport_method, pet_owner, pet_name, bid_status, feedback, rating) VALUES ('Suzanne.Blick85@yahoo.com', 14, '2020-12-06T03:20:22.767Z', '2020-12-10T13:21:26.375Z', true, 'pcs', 'Erik.Bartell@hotmail.com', 'Tommie', 'submitted', NULL, NULL);
INSERT INTO bid (ct_email, ct_price, start_date, end_date, is_cash, transport_method, pet_owner, pet_name, bid_status, feedback, rating) VALUES ('Nikko_Connelly@gmail.com', 13, '2020-12-06T03:20:22.767Z', '2020-12-10T13:21:26.375Z', true, 'pcs', 'Eleanore34@hotmail.com', 'Lina', 'submitted', NULL, NULL);
INSERT INTO bid (ct_email, ct_price, start_date, end_date, is_cash, transport_method, pet_owner, pet_name, bid_status, feedback, rating) VALUES ('Napoleon_Raynor@hotmail.com', 18, '2020-12-06T03:20:22.767Z', '2020-12-10T13:21:26.375Z', true, 'pcs', 'Henderson_Fritsch@hotmail.com', 'Weston', 'submitted', NULL, NULL);
INSERT INTO bid (ct_email, ct_price, start_date, end_date, is_cash, transport_method, pet_owner, pet_name, bid_status, feedback, rating) VALUES ('Jedidiah.Collins98@yahoo.com', 0, '2020-12-06T03:20:22.767Z', '2020-12-10T13:21:26.375Z', true, 'pcs', 'Cayla_Reilly@gmail.com', 'Jonas', 'submitted', NULL, NULL);
INSERT INTO bid (ct_email, ct_price, start_date, end_date, is_cash, transport_method, pet_owner, pet_name, bid_status, feedback, rating) VALUES ('Clarabelle.DuBuque66@yahoo.com', 14, '2020-12-06T03:20:22.767Z', '2020-12-10T13:21:26.375Z', true, 'pickup', 'Kadin.Schuppe@hotmail.com', 'Niko', 'submitted', NULL, NULL);
INSERT INTO bid (ct_email, ct_price, start_date, end_date, is_cash, transport_method, pet_owner, pet_name, bid_status, feedback, rating) VALUES ('Paris.Pagac@yahoo.com', 8, '2020-12-06T03:20:22.767Z', '2020-12-10T13:21:26.375Z', true, 'pcs', 'Kathlyn84@gmail.com', 'Victoria', 'submitted', NULL, NULL);
INSERT INTO bid (ct_email, ct_price, start_date, end_date, is_cash, transport_method, pet_owner, pet_name, bid_status, feedback, rating) VALUES ('Bettye_Mante@yahoo.com', 7, '2020-12-06T03:20:22.767Z', '2020-12-10T13:21:26.375Z', true, 'pcs', 'Kailey72@yahoo.com', 'Leonie', 'submitted', NULL, NULL);
INSERT INTO bid (ct_email, ct_price, start_date, end_date, is_cash, transport_method, pet_owner, pet_name, bid_status, feedback, rating) VALUES ('Millie.Keebler63@gmail.com', 8, '2020-12-06T03:20:22.767Z', '2020-12-10T13:21:26.375Z', true, 'pcs', 'Agustin_Daniel92@hotmail.com', 'Michelle', 'submitted', NULL, NULL);
INSERT INTO bid (ct_email, ct_price, start_date, end_date, is_cash, transport_method, pet_owner, pet_name, bid_status, feedback, rating) VALUES ('Adrain87@gmail.com', 16, '2020-12-06T03:20:22.767Z', '2020-12-10T13:21:26.375Z', true, 'pcs', 'Tobin67@gmail.com', 'Spencer', 'submitted', NULL, NULL);
INSERT INTO bid (ct_email, ct_price, start_date, end_date, is_cash, transport_method, pet_owner, pet_name, bid_status, feedback, rating) VALUES ('Richard.Schmidt11@gmail.com', 9, '2020-12-06T03:20:22.767Z', '2020-12-10T13:21:26.375Z', true, 'delivery', 'Joyce79@gmail.com', 'Gudrun', 'submitted', NULL, NULL);
INSERT INTO bid (ct_email, ct_price, start_date, end_date, is_cash, transport_method, pet_owner, pet_name, bid_status, feedback, rating) VALUES ('Mariam.Herman@gmail.com', 19, '2020-12-06T03:20:22.767Z', '2020-12-10T13:21:26.375Z', true, 'pickup', 'Viviane41@hotmail.com', 'Kamron', 'submitted', NULL, NULL);
INSERT INTO bid (ct_email, ct_price, start_date, end_date, is_cash, transport_method, pet_owner, pet_name, bid_status, feedback, rating) VALUES ('Kailey72@yahoo.com', 13, '2020-12-06T03:20:22.767Z', '2020-12-10T13:21:26.375Z', true, 'delivery', 'Markus.Lang@hotmail.com', 'Gavin', 'submitted', NULL, NULL);
INSERT INTO bid (ct_email, ct_price, start_date, end_date, is_cash, transport_method, pet_owner, pet_name, bid_status, feedback, rating) VALUES ('Rex78@hotmail.com', 0, '2020-12-06T03:20:22.767Z', '2020-12-10T13:21:26.375Z', true, 'pickup', 'Alison_Jaskolski@hotmail.com', 'Pietro', 'submitted', NULL, NULL);
INSERT INTO bid (ct_email, ct_price, start_date, end_date, is_cash, transport_method, pet_owner, pet_name, bid_status, feedback, rating) VALUES ('Stella_Wyman55@yahoo.com', 17, '2020-12-06T03:20:22.767Z', '2020-12-10T13:21:26.375Z', true, 'pickup', 'Alene.OConner24@hotmail.com', 'Malika', 'submitted', NULL, NULL);
INSERT INTO bid (ct_email, ct_price, start_date, end_date, is_cash, transport_method, pet_owner, pet_name, bid_status, feedback, rating) VALUES ('Savion.Kovacek@hotmail.com', 11, '2020-12-06T03:20:22.767Z', '2020-12-10T13:21:26.375Z', true, 'delivery', 'Domenica.Mueller73@hotmail.com', 'Brent', 'submitted', NULL, NULL);
INSERT INTO bid (ct_email, ct_price, start_date, end_date, is_cash, transport_method, pet_owner, pet_name, bid_status, feedback, rating) VALUES ('Celestino_Stroman4@hotmail.com', 7, '2020-12-06T03:20:22.767Z', '2020-12-10T13:21:26.375Z', true, 'delivery', 'Garnett.Walter56@hotmail.com', 'Kylee', 'submitted', NULL, NULL);
INSERT INTO bid (ct_email, ct_price, start_date, end_date, is_cash, transport_method, pet_owner, pet_name, bid_status, feedback, rating) VALUES ('Stefanie_Roob17@gmail.com', 17, '2020-12-06T03:20:22.767Z', '2020-12-10T13:21:26.375Z', true, 'pickup', 'Geovanni.OKon@hotmail.com', 'Sonya', 'submitted', NULL, NULL);
INSERT INTO bid (ct_email, ct_price, start_date, end_date, is_cash, transport_method, pet_owner, pet_name, bid_status, feedback, rating) VALUES ('Marlin_Crona88@yahoo.com', 3, '2020-12-06T03:20:22.767Z', '2020-12-10T13:21:26.375Z', true, 'pcs', 'Kendra60@hotmail.com', 'Audrey', 'submitted', NULL, NULL);
INSERT INTO bid (ct_email, ct_price, start_date, end_date, is_cash, transport_method, pet_owner, pet_name, bid_status, feedback, rating) VALUES ('Laura_Kunde9@hotmail.com', 20, '2020-12-06T03:20:22.767Z', '2020-12-10T13:21:26.375Z', true, 'pcs', 'Leon_Kulas@yahoo.com', 'Selina', 'submitted', NULL, NULL);
INSERT INTO bid (ct_email, ct_price, start_date, end_date, is_cash, transport_method, pet_owner, pet_name, bid_status, feedback, rating) VALUES ('Nelson.Krajcik63@yahoo.com', 11, '2020-12-06T03:20:22.767Z', '2020-12-10T13:21:26.375Z', true, 'delivery', 'Layla.Harber64@yahoo.com', 'Kaleb', 'submitted', NULL, NULL);
INSERT INTO bid (ct_email, ct_price, start_date, end_date, is_cash, transport_method, pet_owner, pet_name, bid_status, feedback, rating) VALUES ('Susie.Fritsch@yahoo.com', 0, '2020-12-06T03:20:22.767Z', '2020-12-10T13:21:26.375Z', true, 'delivery', 'Alia37@hotmail.com', 'Bryana', 'submitted', NULL, NULL);
INSERT INTO bid (ct_email, ct_price, start_date, end_date, is_cash, transport_method, pet_owner, pet_name, bid_status, feedback, rating) VALUES ('Noelia_Effertz@gmail.com', 18, '2020-12-06T03:20:22.767Z', '2020-12-10T13:21:26.375Z', true, 'delivery', 'Corbin_Predovic1@yahoo.com', 'Kyle', 'submitted', NULL, NULL);
INSERT INTO bid (ct_email, ct_price, start_date, end_date, is_cash, transport_method, pet_owner, pet_name, bid_status, feedback, rating) VALUES ('Priscilla71@gmail.com', 13, '2020-12-06T03:20:22.767Z', '2020-12-10T13:21:26.375Z', true, 'pcs', 'Ilene_McCullough@gmail.com', 'Francisco', 'submitted', NULL, NULL);
INSERT INTO bid (ct_email, ct_price, start_date, end_date, is_cash, transport_method, pet_owner, pet_name, bid_status, feedback, rating) VALUES ('Amy49@gmail.com', 7, '2020-12-06T03:20:22.767Z', '2020-12-10T13:21:26.375Z', true, 'pickup', 'Maia48@gmail.com', 'Landen', 'submitted', NULL, NULL);
INSERT INTO bid (ct_email, ct_price, start_date, end_date, is_cash, transport_method, pet_owner, pet_name, bid_status, feedback, rating) VALUES ('Kailey.Schoen83@hotmail.com', 13, '2020-12-06T03:20:22.767Z', '2020-12-10T13:21:26.375Z', true, 'pcs', 'Angela_Heaney@gmail.com', 'Kylie', 'submitted', NULL, NULL);
INSERT INTO bid (ct_email, ct_price, start_date, end_date, is_cash, transport_method, pet_owner, pet_name, bid_status, feedback, rating) VALUES ('Diana.Mueller92@gmail.com', 15, '2020-12-06T03:20:22.767Z', '2020-12-10T13:21:26.375Z', true, 'delivery', 'Javonte90@yahoo.com', 'Darian', 'submitted', NULL, NULL);
INSERT INTO bid (ct_email, ct_price, start_date, end_date, is_cash, transport_method, pet_owner, pet_name, bid_status, feedback, rating) VALUES ('Durward.Johnston99@gmail.com', 3, '2020-12-06T03:20:22.767Z', '2020-12-10T13:21:26.375Z', true, 'pickup', 'Mohamed_Kshlerin@hotmail.com', 'Pauline', 'submitted', NULL, NULL);
INSERT INTO bid (ct_email, ct_price, start_date, end_date, is_cash, transport_method, pet_owner, pet_name, bid_status, feedback, rating) VALUES ('Kevin.Graham@gmail.com', 20, '2020-12-06T03:20:22.767Z', '2020-12-10T13:21:26.375Z', true, 'pickup', 'Eldora_Schneider@yahoo.com', 'Russ', 'submitted', NULL, NULL);
INSERT INTO bid (ct_email, ct_price, start_date, end_date, is_cash, transport_method, pet_owner, pet_name, bid_status, feedback, rating) VALUES ('Lupe_Hilll@gmail.com', 15, '2020-12-06T03:20:22.767Z', '2020-12-10T13:21:26.375Z', true, 'pickup', 'Lucile.Dickinson@gmail.com', 'Eleazar', 'submitted', NULL, NULL);
INSERT INTO bid (ct_email, ct_price, start_date, end_date, is_cash, transport_method, pet_owner, pet_name, bid_status, feedback, rating) VALUES ('Anissa.Volkman@hotmail.com', 16, '2020-12-06T03:20:22.767Z', '2020-12-10T13:21:26.375Z', true, 'delivery', 'Roselyn.Sawayn@hotmail.com', 'Gabriella', 'submitted', NULL, NULL);
INSERT INTO bid (ct_email, ct_price, start_date, end_date, is_cash, transport_method, pet_owner, pet_name, bid_status, feedback, rating) VALUES ('Lulu15@gmail.com', 17, '2020-12-06T03:20:22.767Z', '2020-12-10T13:21:26.375Z', true, 'delivery', 'Vicente63@gmail.com', 'Alejandra', 'submitted', NULL, NULL);
INSERT INTO bid (ct_email, ct_price, start_date, end_date, is_cash, transport_method, pet_owner, pet_name, bid_status, feedback, rating) VALUES ('Emelia12@yahoo.com', 19, '2020-12-06T03:20:22.767Z', '2020-12-10T13:21:26.375Z', true, 'pcs', 'Helene98@hotmail.com', 'Michael', 'submitted', NULL, NULL);
INSERT INTO bid (ct_email, ct_price, start_date, end_date, is_cash, transport_method, pet_owner, pet_name, bid_status, feedback, rating) VALUES ('Brendon_Beer49@gmail.com', 7, '2020-12-06T03:20:22.767Z', '2020-12-10T13:21:26.375Z', true, 'delivery', 'Davin92@gmail.com', 'Cleo', 'submitted', NULL, NULL);
INSERT INTO bid (ct_email, ct_price, start_date, end_date, is_cash, transport_method, pet_owner, pet_name, bid_status, feedback, rating) VALUES ('Garrett.Greenholt32@gmail.com', 20, '2020-12-06T03:20:22.767Z', '2020-12-10T13:21:26.375Z', true, 'pcs', 'Else.Schneider@gmail.com', 'Dasia', 'submitted', NULL, NULL);
INSERT INTO bid (ct_email, ct_price, start_date, end_date, is_cash, transport_method, pet_owner, pet_name, bid_status, feedback, rating) VALUES ('Katarina18@yahoo.com', 18, '2020-12-06T03:20:22.767Z', '2020-12-10T13:21:26.375Z', true, 'pcs', 'Westley_Hyatt@yahoo.com', 'Matilda', 'submitted', NULL, NULL);
INSERT INTO bid (ct_email, ct_price, start_date, end_date, is_cash, transport_method, pet_owner, pet_name, bid_status, feedback, rating) VALUES ('Ada18@gmail.com', 14, '2020-12-06T03:20:22.767Z', '2020-12-10T13:21:26.375Z', true, 'pcs', 'Bud_Crooks@yahoo.com', 'Concepcion', 'submitted', NULL, NULL);
INSERT INTO bid (ct_email, ct_price, start_date, end_date, is_cash, transport_method, pet_owner, pet_name, bid_status, feedback, rating) VALUES ('Royce.Schamberger77@yahoo.com', 15, '2020-12-06T03:20:22.767Z', '2020-12-10T13:21:26.375Z', true, 'pickup', 'Guido98@hotmail.com', 'Yazmin', 'submitted', NULL, NULL);
INSERT INTO bid (ct_email, ct_price, start_date, end_date, is_cash, transport_method, pet_owner, pet_name, bid_status, feedback, rating) VALUES ('Quincy43@yahoo.com', 9, '2020-12-06T03:20:22.767Z', '2020-12-10T13:21:26.375Z', true, 'delivery', 'Kaela_Towne@hotmail.com', 'Albin', 'submitted', NULL, NULL);
INSERT INTO bid (ct_email, ct_price, start_date, end_date, is_cash, transport_method, pet_owner, pet_name, bid_status, feedback, rating) VALUES ('Joe27@gmail.com', 16, '2020-12-06T03:20:22.767Z', '2020-12-10T13:21:26.375Z', true, 'delivery', 'Merritt.Bradtke@gmail.com', 'Yadira', 'submitted', NULL, NULL);
INSERT INTO bid (ct_email, ct_price, start_date, end_date, is_cash, transport_method, pet_owner, pet_name, bid_status, feedback, rating) VALUES ('Carlee.Hansen@gmail.com', 7, '2020-12-06T03:20:22.767Z', '2020-12-10T13:21:26.375Z', true, 'delivery', 'Shakira.Gusikowski@gmail.com', 'Brendan', 'submitted', NULL, NULL);
INSERT INTO bid (ct_email, ct_price, start_date, end_date, is_cash, transport_method, pet_owner, pet_name, bid_status, feedback, rating) VALUES ('Joyce79@gmail.com', 20, '2020-12-06T03:20:22.767Z', '2020-12-10T13:21:26.375Z', true, 'delivery', 'Wilford42@hotmail.com', 'Willy', 'submitted', NULL, NULL);
INSERT INTO bid (ct_email, ct_price, start_date, end_date, is_cash, transport_method, pet_owner, pet_name, bid_status, feedback, rating) VALUES ('Bianka.Oberbrunner41@gmail.com', 15, '2020-12-06T03:20:22.767Z', '2020-12-10T13:21:26.375Z', true, 'delivery', 'Dorthy10@gmail.com', 'Kim', 'submitted', NULL, NULL);
INSERT INTO bid (ct_email, ct_price, start_date, end_date, is_cash, transport_method, pet_owner, pet_name, bid_status, feedback, rating) VALUES ('Alfreda_Kilback89@gmail.com', 20, '2020-12-06T03:20:22.767Z', '2020-12-10T13:21:26.375Z', true, 'pickup', 'Oleta45@hotmail.com', 'Roscoe', 'submitted', NULL, NULL);
INSERT INTO bid (ct_email, ct_price, start_date, end_date, is_cash, transport_method, pet_owner, pet_name, bid_status, feedback, rating) VALUES ('Kassandra_Ratke92@gmail.com', 14, '2020-12-06T03:20:22.767Z', '2020-12-10T13:21:26.375Z', true, 'delivery', 'Josh_Koelpin7@hotmail.com', 'Joanny', 'submitted', NULL, NULL);
INSERT INTO bid (ct_email, ct_price, start_date, end_date, is_cash, transport_method, pet_owner, pet_name, bid_status, feedback, rating) VALUES ('Max_Witting@yahoo.com', 7, '2020-12-06T03:20:22.767Z', '2020-12-10T13:21:26.375Z', true, 'pickup', 'Kyler32@hotmail.com', 'Marcellus', 'submitted', NULL, NULL);
INSERT INTO bid (ct_email, ct_price, start_date, end_date, is_cash, transport_method, pet_owner, pet_name, bid_status, feedback, rating) VALUES ('Sarina42@gmail.com', 1, '2020-12-06T03:20:22.767Z', '2020-12-10T13:21:26.375Z', true, 'delivery', 'Amara.Hoppe@yahoo.com', 'Efrain', 'submitted', NULL, NULL);
INSERT INTO bid (ct_email, ct_price, start_date, end_date, is_cash, transport_method, pet_owner, pet_name, bid_status, feedback, rating) VALUES ('Aimee.Doyle@yahoo.com', 9, '2020-12-11T13:21:26.375Z', '2020-12-14T14:38:36.821Z', true, 'pcs', 'Jasen56@hotmail.com', 'Tomas', 'submitted', NULL, NULL);
INSERT INTO bid (ct_email, ct_price, start_date, end_date, is_cash, transport_method, pet_owner, pet_name, bid_status, feedback, rating) VALUES ('Carson.Volkman@yahoo.com', 13, '2020-12-11T13:21:26.375Z', '2020-12-14T14:38:36.821Z', true, 'pcs', 'Fiona_Wiza13@gmail.com', 'Tia', 'submitted', NULL, NULL);
INSERT INTO bid (ct_email, ct_price, start_date, end_date, is_cash, transport_method, pet_owner, pet_name, bid_status, feedback, rating) VALUES ('Marta_Robel22@yahoo.com', 5, '2020-12-11T13:21:26.375Z', '2020-12-14T14:38:36.821Z', true, 'pcs', 'Susie.Fritsch@yahoo.com', 'Katlynn', 'submitted', NULL, NULL);
INSERT INTO bid (ct_email, ct_price, start_date, end_date, is_cash, transport_method, pet_owner, pet_name, bid_status, feedback, rating) VALUES ('Alva78@hotmail.com', 3, '2020-12-11T13:21:26.375Z', '2020-12-14T14:38:36.821Z', true, 'pcs', 'Leola.Kutch@hotmail.com', 'Sarah', 'submitted', NULL, NULL);
INSERT INTO bid (ct_email, ct_price, start_date, end_date, is_cash, transport_method, pet_owner, pet_name, bid_status, feedback, rating) VALUES ('Clair_Wisozk23@gmail.com', 19, '2020-12-11T13:21:26.375Z', '2020-12-14T14:38:36.821Z', true, 'pcs', 'Dylan.Franecki95@gmail.com', 'Xzavier', 'submitted', NULL, NULL);
INSERT INTO bid (ct_email, ct_price, start_date, end_date, is_cash, transport_method, pet_owner, pet_name, bid_status, feedback, rating) VALUES ('Ferne_Jacobi51@gmail.com', 15, '2020-12-11T13:21:26.375Z', '2020-12-14T14:38:36.821Z', true, 'pickup', 'Alanna_Beier38@gmail.com', 'Bailee', 'submitted', NULL, NULL);
INSERT INTO bid (ct_email, ct_price, start_date, end_date, is_cash, transport_method, pet_owner, pet_name, bid_status, feedback, rating) VALUES ('Filomena.Toy90@yahoo.com', 5, '2020-12-11T13:21:26.375Z', '2020-12-14T14:38:36.821Z', true, 'pickup', 'Paula.Price@yahoo.com', 'Brett', 'submitted', NULL, NULL);
INSERT INTO bid (ct_email, ct_price, start_date, end_date, is_cash, transport_method, pet_owner, pet_name, bid_status, feedback, rating) VALUES ('Assunta_Leuschke1@yahoo.com', 12, '2020-12-11T13:21:26.375Z', '2020-12-14T14:38:36.821Z', true, 'delivery', 'Wyman.Bruen@yahoo.com', 'Nash', 'submitted', NULL, NULL);
INSERT INTO bid (ct_email, ct_price, start_date, end_date, is_cash, transport_method, pet_owner, pet_name, bid_status, feedback, rating) VALUES ('Lucio76@gmail.com', 19, '2020-12-11T13:21:26.375Z', '2020-12-14T14:38:36.821Z', true, 'delivery', 'Adella_Predovic@yahoo.com', 'Marques', 'submitted', NULL, NULL);
INSERT INTO bid (ct_email, ct_price, start_date, end_date, is_cash, transport_method, pet_owner, pet_name, bid_status, feedback, rating) VALUES ('Marietta15@gmail.com', 17, '2020-12-11T13:21:26.375Z', '2020-12-14T14:38:36.821Z', true, 'pcs', 'Edgar_Lesch@yahoo.com', 'Darrin', 'submitted', NULL, NULL);
INSERT INTO bid (ct_email, ct_price, start_date, end_date, is_cash, transport_method, pet_owner, pet_name, bid_status, feedback, rating) VALUES ('Juliana.Waters@yahoo.com', 17, '2020-12-11T13:21:26.375Z', '2020-12-14T14:38:36.821Z', true, 'delivery', 'Immanuel13@gmail.com', 'Merlin', 'submitted', NULL, NULL);
INSERT INTO bid (ct_email, ct_price, start_date, end_date, is_cash, transport_method, pet_owner, pet_name, bid_status, feedback, rating) VALUES ('Nicklaus.Von22@gmail.com', 16, '2020-12-11T13:21:26.375Z', '2020-12-14T14:38:36.821Z', true, 'pcs', 'Alene.OConner24@hotmail.com', 'Malika', 'submitted', NULL, NULL);
INSERT INTO bid (ct_email, ct_price, start_date, end_date, is_cash, transport_method, pet_owner, pet_name, bid_status, feedback, rating) VALUES ('Julius.Hills@yahoo.com', 12, '2020-12-11T13:21:26.375Z', '2020-12-14T14:38:36.821Z', true, 'pcs', 'Maia48@gmail.com', 'Landen', 'submitted', NULL, NULL);
INSERT INTO bid (ct_email, ct_price, start_date, end_date, is_cash, transport_method, pet_owner, pet_name, bid_status, feedback, rating) VALUES ('Emory_Lang77@yahoo.com', 0, '2020-12-11T13:21:26.375Z', '2020-12-14T14:38:36.821Z', true, 'pcs', 'Alverta40@gmail.com', 'Tina', 'submitted', NULL, NULL);
INSERT INTO bid (ct_email, ct_price, start_date, end_date, is_cash, transport_method, pet_owner, pet_name, bid_status, feedback, rating) VALUES ('Megane_Schoen24@yahoo.com', 12, '2020-12-11T13:21:26.375Z', '2020-12-14T14:38:36.821Z', true, 'delivery', 'Carlee.Hansen@gmail.com', 'Frederique', 'submitted', NULL, NULL);
INSERT INTO bid (ct_email, ct_price, start_date, end_date, is_cash, transport_method, pet_owner, pet_name, bid_status, feedback, rating) VALUES ('Elmore74@gmail.com', 6, '2020-12-11T13:21:26.375Z', '2020-12-14T14:38:36.821Z', true, 'pcs', 'Tracey4@hotmail.com', 'Dianna', 'submitted', NULL, NULL);
INSERT INTO bid (ct_email, ct_price, start_date, end_date, is_cash, transport_method, pet_owner, pet_name, bid_status, feedback, rating) VALUES ('Trudie55@hotmail.com', 3, '2020-12-11T13:21:26.375Z', '2020-12-14T14:38:36.821Z', true, 'pcs', 'Filomena.Toy90@yahoo.com', 'Howell', 'submitted', NULL, NULL);
INSERT INTO bid (ct_email, ct_price, start_date, end_date, is_cash, transport_method, pet_owner, pet_name, bid_status, feedback, rating) VALUES ('Kaya.Miller@hotmail.com', 20, '2020-12-11T13:21:26.375Z', '2020-12-14T14:38:36.821Z', true, 'pickup', 'Domenick22@gmail.com', 'Dorcas', 'submitted', NULL, NULL);
INSERT INTO bid (ct_email, ct_price, start_date, end_date, is_cash, transport_method, pet_owner, pet_name, bid_status, feedback, rating) VALUES ('Christ99@yahoo.com', 10, '2020-12-11T13:21:26.375Z', '2020-12-14T14:38:36.821Z', true, 'pcs', 'Ismael_Senger@hotmail.com', 'Maribel', 'submitted', NULL, NULL);
INSERT INTO bid (ct_email, ct_price, start_date, end_date, is_cash, transport_method, pet_owner, pet_name, bid_status, feedback, rating) VALUES ('Heath_Harris@yahoo.com', 7, '2020-12-11T13:21:26.375Z', '2020-12-14T14:38:36.821Z', true, 'pcs', 'Jovanny.Spinka95@hotmail.com', 'Norene', 'submitted', NULL, NULL);
INSERT INTO bid (ct_email, ct_price, start_date, end_date, is_cash, transport_method, pet_owner, pet_name, bid_status, feedback, rating) VALUES ('Marianne90@yahoo.com', 17, '2020-12-11T13:21:26.375Z', '2020-12-14T14:38:36.821Z', true, 'pcs', 'Marjory22@yahoo.com', 'Glennie', 'submitted', NULL, NULL);
INSERT INTO bid (ct_email, ct_price, start_date, end_date, is_cash, transport_method, pet_owner, pet_name, bid_status, feedback, rating) VALUES ('Flavie_Pacocha7@yahoo.com', 7, '2020-12-11T13:21:26.375Z', '2020-12-14T14:38:36.821Z', true, 'pickup', 'Lon.Hamill28@hotmail.com', 'Arthur', 'submitted', NULL, NULL);
INSERT INTO bid (ct_email, ct_price, start_date, end_date, is_cash, transport_method, pet_owner, pet_name, bid_status, feedback, rating) VALUES ('Reynold30@gmail.com', 9, '2020-12-11T13:21:26.375Z', '2020-12-14T14:38:36.821Z', true, 'delivery', 'Sonia.Medhurst@yahoo.com', 'Orlando', 'submitted', NULL, NULL);
INSERT INTO bid (ct_email, ct_price, start_date, end_date, is_cash, transport_method, pet_owner, pet_name, bid_status, feedback, rating) VALUES ('Marietta_Paucek@yahoo.com', 13, '2020-12-11T13:21:26.375Z', '2020-12-14T14:38:36.821Z', true, 'delivery', 'Miller_Keebler@yahoo.com', 'Frank', 'submitted', NULL, NULL);
INSERT INTO bid (ct_email, ct_price, start_date, end_date, is_cash, transport_method, pet_owner, pet_name, bid_status, feedback, rating) VALUES ('Christiana_OConner19@hotmail.com', 1, '2020-12-11T13:21:26.375Z', '2020-12-14T14:38:36.821Z', true, 'delivery', 'Seth.Rau@yahoo.com', 'Haleigh', 'submitted', NULL, NULL);
INSERT INTO bid (ct_email, ct_price, start_date, end_date, is_cash, transport_method, pet_owner, pet_name, bid_status, feedback, rating) VALUES ('Kristoffer_Welch13@yahoo.com', 1, '2020-12-11T13:21:26.375Z', '2020-12-14T14:38:36.821Z', true, 'pickup', 'Reba.Maggio@yahoo.com', 'Pete', 'submitted', NULL, NULL);
INSERT INTO bid (ct_email, ct_price, start_date, end_date, is_cash, transport_method, pet_owner, pet_name, bid_status, feedback, rating) VALUES ('Verna2@yahoo.com', 17, '2020-12-11T13:21:26.375Z', '2020-12-14T14:38:36.821Z', true, 'pcs', 'Cheyanne_Cronin97@gmail.com', 'Bulah', 'submitted', NULL, NULL);
INSERT INTO bid (ct_email, ct_price, start_date, end_date, is_cash, transport_method, pet_owner, pet_name, bid_status, feedback, rating) VALUES ('Jesus.Haag@hotmail.com', 11, '2020-12-11T13:21:26.375Z', '2020-12-14T14:38:36.821Z', true, 'pickup', 'Kailey86@yahoo.com', 'Golda', 'submitted', NULL, NULL);
INSERT INTO bid (ct_email, ct_price, start_date, end_date, is_cash, transport_method, pet_owner, pet_name, bid_status, feedback, rating) VALUES ('Joey74@gmail.com', 1, '2020-12-11T13:21:26.375Z', '2020-12-14T14:38:36.821Z', true, 'pickup', 'Stella_Wyman55@yahoo.com', 'Hildegard', 'submitted', NULL, NULL);
INSERT INTO bid (ct_email, ct_price, start_date, end_date, is_cash, transport_method, pet_owner, pet_name, bid_status, feedback, rating) VALUES ('Lukas.Mayer16@gmail.com', 10, '2020-12-11T13:21:26.375Z', '2020-12-14T14:38:36.821Z', true, 'delivery', 'Edmond_Romaguera@yahoo.com', 'Derrick', 'submitted', NULL, NULL);
INSERT INTO bid (ct_email, ct_price, start_date, end_date, is_cash, transport_method, pet_owner, pet_name, bid_status, feedback, rating) VALUES ('Breanna80@yahoo.com', 3, '2020-12-11T13:21:26.375Z', '2020-12-14T14:38:36.821Z', true, 'pcs', 'Alva78@hotmail.com', 'Elody', 'submitted', NULL, NULL);
INSERT INTO bid (ct_email, ct_price, start_date, end_date, is_cash, transport_method, pet_owner, pet_name, bid_status, feedback, rating) VALUES ('Cassidy_Kovacek@yahoo.com', 4, '2020-12-11T13:21:26.375Z', '2020-12-14T14:38:36.821Z', true, 'delivery', 'Halie49@hotmail.com', 'Onie', 'submitted', NULL, NULL);
INSERT INTO bid (ct_email, ct_price, start_date, end_date, is_cash, transport_method, pet_owner, pet_name, bid_status, feedback, rating) VALUES ('Junius.Hayes76@hotmail.com', 12, '2020-12-11T13:21:26.375Z', '2020-12-14T14:38:36.821Z', true, 'pickup', 'Dayna34@hotmail.com', 'Vince', 'submitted', NULL, NULL);
INSERT INTO bid (ct_email, ct_price, start_date, end_date, is_cash, transport_method, pet_owner, pet_name, bid_status, feedback, rating) VALUES ('Shannon74@yahoo.com', 16, '2020-12-11T13:21:26.375Z', '2020-12-14T14:38:36.821Z', true, 'delivery', 'Lue17@hotmail.com', 'Kailyn', 'submitted', NULL, NULL);
INSERT INTO bid (ct_email, ct_price, start_date, end_date, is_cash, transport_method, pet_owner, pet_name, bid_status, feedback, rating) VALUES ('Erika_OHara@gmail.com', 8, '2020-12-11T13:21:26.375Z', '2020-12-14T14:38:36.821Z', true, 'pickup', 'Werner_Ward@yahoo.com', 'Jonathon', 'submitted', NULL, NULL);
INSERT INTO bid (ct_email, ct_price, start_date, end_date, is_cash, transport_method, pet_owner, pet_name, bid_status, feedback, rating) VALUES ('Ashlee75@hotmail.com', 9, '2020-12-11T13:21:26.375Z', '2020-12-14T14:38:36.821Z', true, 'delivery', 'Sonny1@yahoo.com', 'Adrian', 'submitted', NULL, NULL);
INSERT INTO bid (ct_email, ct_price, start_date, end_date, is_cash, transport_method, pet_owner, pet_name, bid_status, feedback, rating) VALUES ('Domenica_Ondricka1@gmail.com', 2, '2020-12-11T13:21:26.375Z', '2020-12-14T14:38:36.821Z', true, 'delivery', 'Agustin_Daniel92@hotmail.com', 'Michelle', 'submitted', NULL, NULL);
INSERT INTO bid (ct_email, ct_price, start_date, end_date, is_cash, transport_method, pet_owner, pet_name, bid_status, feedback, rating) VALUES ('Nedra.Durgan24@gmail.com', 17, '2020-12-11T13:21:26.375Z', '2020-12-14T14:38:36.821Z', true, 'pickup', 'Lizeth18@hotmail.com', 'Parker', 'submitted', NULL, NULL);
INSERT INTO bid (ct_email, ct_price, start_date, end_date, is_cash, transport_method, pet_owner, pet_name, bid_status, feedback, rating) VALUES ('Ivah10@gmail.com', 3, '2020-12-11T13:21:26.375Z', '2020-12-14T14:38:36.821Z', true, 'delivery', 'Garry88@gmail.com', 'Lee', 'submitted', NULL, NULL);
INSERT INTO bid (ct_email, ct_price, start_date, end_date, is_cash, transport_method, pet_owner, pet_name, bid_status, feedback, rating) VALUES ('Brittany.Price57@gmail.com', 6, '2020-12-11T13:21:26.375Z', '2020-12-14T14:38:36.821Z', true, 'pickup', 'Kobe30@gmail.com', 'Malika', 'submitted', NULL, NULL);
INSERT INTO bid (ct_email, ct_price, start_date, end_date, is_cash, transport_method, pet_owner, pet_name, bid_status, feedback, rating) VALUES ('Bertha_Will@yahoo.com', 5, '2020-12-11T13:21:26.375Z', '2020-12-14T14:38:36.821Z', true, 'delivery', 'Kailey72@yahoo.com', 'Leonie', 'submitted', NULL, NULL);
INSERT INTO bid (ct_email, ct_price, start_date, end_date, is_cash, transport_method, pet_owner, pet_name, bid_status, feedback, rating) VALUES ('Milton_Marvin81@gmail.com', 16, '2020-12-11T13:21:26.375Z', '2020-12-14T14:38:36.821Z', true, 'pickup', 'Augusta53@yahoo.com', 'Claude', 'submitted', NULL, NULL);
INSERT INTO bid (ct_email, ct_price, start_date, end_date, is_cash, transport_method, pet_owner, pet_name, bid_status, feedback, rating) VALUES ('Alda.Prosacco74@yahoo.com', 1, '2020-12-11T13:21:26.375Z', '2020-12-14T14:38:36.821Z', true, 'delivery', 'Newton_Monahan@gmail.com', 'Alden', 'submitted', NULL, NULL);
INSERT INTO bid (ct_email, ct_price, start_date, end_date, is_cash, transport_method, pet_owner, pet_name, bid_status, feedback, rating) VALUES ('Henderson_Fritsch@hotmail.com', 5, '2020-12-11T13:21:26.375Z', '2020-12-14T14:38:36.821Z', true, 'pcs', 'Chesley.Brekke@yahoo.com', 'Aliya', 'submitted', NULL, NULL);
INSERT INTO bid (ct_email, ct_price, start_date, end_date, is_cash, transport_method, pet_owner, pet_name, bid_status, feedback, rating) VALUES ('Kamren_Heathcote@hotmail.com', 13, '2020-12-11T13:21:26.375Z', '2020-12-14T14:38:36.821Z', true, 'pickup', 'Nicklaus.Von22@gmail.com', 'Terry', 'submitted', NULL, NULL);
INSERT INTO bid (ct_email, ct_price, start_date, end_date, is_cash, transport_method, pet_owner, pet_name, bid_status, feedback, rating) VALUES ('Annamae4@hotmail.com', 6, '2020-12-11T13:21:26.375Z', '2020-12-14T14:38:36.821Z', true, 'delivery', 'Kyler.Mertz43@hotmail.com', 'Sarah', 'submitted', NULL, NULL);
INSERT INTO bid (ct_email, ct_price, start_date, end_date, is_cash, transport_method, pet_owner, pet_name, bid_status, feedback, rating) VALUES ('Trevor40@gmail.com', 1, '2020-12-11T13:21:26.375Z', '2020-12-14T14:38:36.821Z', true, 'pickup', 'Harley_Boehm@yahoo.com', 'Eryn', 'submitted', NULL, NULL);
INSERT INTO bid (ct_email, ct_price, start_date, end_date, is_cash, transport_method, pet_owner, pet_name, bid_status, feedback, rating) VALUES ('Margarita.Hermiston@yahoo.com', 13, '2020-12-11T13:21:26.375Z', '2020-12-14T14:38:36.821Z', true, 'delivery', 'Velva99@hotmail.com', 'Frankie', 'submitted', NULL, NULL);
INSERT INTO bid (ct_email, ct_price, start_date, end_date, is_cash, transport_method, pet_owner, pet_name, bid_status, feedback, rating) VALUES ('Sigurd.Walter@gmail.com', 9, '2020-12-11T13:21:26.375Z', '2020-12-14T14:38:36.821Z', true, 'delivery', 'Crawford23@yahoo.com', 'Cindy', 'submitted', NULL, NULL);
INSERT INTO bid (ct_email, ct_price, start_date, end_date, is_cash, transport_method, pet_owner, pet_name, bid_status, feedback, rating) VALUES ('Devante.Dickinson74@yahoo.com', 16, '2020-12-11T13:21:26.375Z', '2020-12-14T14:38:36.821Z', true, 'pickup', 'Cicero.Ondricka@gmail.com', 'Lonie', 'submitted', NULL, NULL);
INSERT INTO bid (ct_email, ct_price, start_date, end_date, is_cash, transport_method, pet_owner, pet_name, bid_status, feedback, rating) VALUES ('Eleanore34@hotmail.com', 17, '2020-12-11T13:21:26.375Z', '2020-12-14T14:38:36.821Z', true, 'pcs', 'Alexzander_Cole38@hotmail.com', 'Kraig', 'submitted', NULL, NULL);
INSERT INTO bid (ct_email, ct_price, start_date, end_date, is_cash, transport_method, pet_owner, pet_name, bid_status, feedback, rating) VALUES ('Jermey63@hotmail.com', 18, '2020-12-11T13:21:26.375Z', '2020-12-14T14:38:36.821Z', true, 'pickup', 'Mike27@hotmail.com', 'Lonzo', 'submitted', NULL, NULL);
INSERT INTO bid (ct_email, ct_price, start_date, end_date, is_cash, transport_method, pet_owner, pet_name, bid_status, feedback, rating) VALUES ('Joan69@hotmail.com', 6, '2020-12-11T13:21:26.375Z', '2020-12-14T14:38:36.821Z', true, 'pickup', 'Carolyn.Rowe68@yahoo.com', 'Amiya', 'submitted', NULL, NULL);
INSERT INTO bid (ct_email, ct_price, start_date, end_date, is_cash, transport_method, pet_owner, pet_name, bid_status, feedback, rating) VALUES ('Reba.Maggio@yahoo.com', 8, '2020-12-11T13:21:26.375Z', '2020-12-14T14:38:36.821Z', true, 'pcs', 'Rosalyn46@gmail.com', 'Jany', 'submitted', NULL, NULL);
INSERT INTO bid (ct_email, ct_price, start_date, end_date, is_cash, transport_method, pet_owner, pet_name, bid_status, feedback, rating) VALUES ('Jennifer94@gmail.com', 13, '2020-12-11T13:21:26.375Z', '2020-12-14T14:38:36.821Z', true, 'delivery', 'Francis.Tillman92@yahoo.com', 'Ford', 'submitted', NULL, NULL);
INSERT INTO bid (ct_email, ct_price, start_date, end_date, is_cash, transport_method, pet_owner, pet_name, bid_status, feedback, rating) VALUES ('Odessa62@hotmail.com', 11, '2020-12-11T13:21:26.375Z', '2020-12-14T14:38:36.821Z', true, 'pickup', 'Maryjane_Orn76@hotmail.com', 'Dewayne', 'submitted', NULL, NULL);
INSERT INTO bid (ct_email, ct_price, start_date, end_date, is_cash, transport_method, pet_owner, pet_name, bid_status, feedback, rating) VALUES ('Katherine.Johnson89@gmail.com', 0, '2020-12-11T13:21:26.375Z', '2020-12-14T14:38:36.821Z', true, 'delivery', 'Vincent_Deckow88@gmail.com', 'Raoul', 'submitted', NULL, NULL);
INSERT INTO bid (ct_email, ct_price, start_date, end_date, is_cash, transport_method, pet_owner, pet_name, bid_status, feedback, rating) VALUES ('Lillie_Barton@hotmail.com', 20, '2020-12-11T13:21:26.375Z', '2020-12-14T14:38:36.821Z', true, 'delivery', 'Lexie_MacGyver65@hotmail.com', 'Jalyn', 'submitted', NULL, NULL);
INSERT INTO bid (ct_email, ct_price, start_date, end_date, is_cash, transport_method, pet_owner, pet_name, bid_status, feedback, rating) VALUES ('Newell_Paucek40@gmail.com', 0, '2020-12-11T13:21:26.375Z', '2020-12-14T14:38:36.821Z', true, 'pickup', 'Eloise_Raynor72@yahoo.com', 'Werner', 'submitted', NULL, NULL);
INSERT INTO bid (ct_email, ct_price, start_date, end_date, is_cash, transport_method, pet_owner, pet_name, bid_status, feedback, rating) VALUES ('Rosalinda30@yahoo.com', 3, '2020-12-11T13:21:26.375Z', '2020-12-14T14:38:36.821Z', true, 'pcs', 'Shakira.Gusikowski@gmail.com', 'Brendan', 'submitted', NULL, NULL);
INSERT INTO bid (ct_email, ct_price, start_date, end_date, is_cash, transport_method, pet_owner, pet_name, bid_status, feedback, rating) VALUES ('Jerod24@gmail.com', 7, '2020-12-11T13:21:26.375Z', '2020-12-14T14:38:36.821Z', true, 'pcs', 'Ashton32@gmail.com', 'Claudia', 'submitted', NULL, NULL);
INSERT INTO bid (ct_email, ct_price, start_date, end_date, is_cash, transport_method, pet_owner, pet_name, bid_status, feedback, rating) VALUES ('Peter.Aufderhar37@hotmail.com', 10, '2020-12-11T13:21:26.375Z', '2020-12-14T14:38:36.821Z', true, 'pickup', 'Sammy.Veum@hotmail.com', 'Chasity', 'submitted', NULL, NULL);
INSERT INTO bid (ct_email, ct_price, start_date, end_date, is_cash, transport_method, pet_owner, pet_name, bid_status, feedback, rating) VALUES ('Alfonso_Wiza85@yahoo.com', 5, '2020-12-11T13:21:26.375Z', '2020-12-14T14:38:36.821Z', true, 'pcs', 'Elody_Hudson@hotmail.com', 'Lea', 'submitted', NULL, NULL);
INSERT INTO bid (ct_email, ct_price, start_date, end_date, is_cash, transport_method, pet_owner, pet_name, bid_status, feedback, rating) VALUES ('Arno.Ferry74@yahoo.com', 3, '2020-12-11T13:21:26.375Z', '2020-12-14T14:38:36.821Z', true, 'pcs', 'Peter.Aufderhar37@hotmail.com', 'Lauren', 'submitted', NULL, NULL);
INSERT INTO bid (ct_email, ct_price, start_date, end_date, is_cash, transport_method, pet_owner, pet_name, bid_status, feedback, rating) VALUES ('Fernando.Altenwerth18@yahoo.com', 18, '2020-12-11T13:21:26.375Z', '2020-12-14T14:38:36.821Z', true, 'delivery', 'Jose69@hotmail.com', 'Rosendo', 'submitted', NULL, NULL);
INSERT INTO bid (ct_email, ct_price, start_date, end_date, is_cash, transport_method, pet_owner, pet_name, bid_status, feedback, rating) VALUES ('Rosamond_Franecki20@hotmail.com', 4, '2020-12-11T13:21:26.375Z', '2020-12-14T14:38:36.821Z', true, 'pickup', 'Amara.Hoppe@yahoo.com', 'Efrain', 'submitted', NULL, NULL);
INSERT INTO bid (ct_email, ct_price, start_date, end_date, is_cash, transport_method, pet_owner, pet_name, bid_status, feedback, rating) VALUES ('Tyler20@gmail.com', 2, '2020-12-11T13:21:26.375Z', '2020-12-14T14:38:36.821Z', true, 'pcs', 'Chaim.Dach78@gmail.com', 'Lois', 'submitted', NULL, NULL);
INSERT INTO bid (ct_email, ct_price, start_date, end_date, is_cash, transport_method, pet_owner, pet_name, bid_status, feedback, rating) VALUES ('Torrance49@hotmail.com', 15, '2020-12-11T13:21:26.375Z', '2020-12-14T14:38:36.821Z', true, 'pcs', 'Everett_Krajcik@gmail.com', 'Lora', 'submitted', NULL, NULL);
INSERT INTO bid (ct_email, ct_price, start_date, end_date, is_cash, transport_method, pet_owner, pet_name, bid_status, feedback, rating) VALUES ('Bud_Crooks@yahoo.com', 2, '2020-12-11T13:21:26.375Z', '2020-12-14T14:38:36.821Z', true, 'pickup', 'Sidney20@gmail.com', 'Raheem', 'submitted', NULL, NULL);
INSERT INTO bid (ct_email, ct_price, start_date, end_date, is_cash, transport_method, pet_owner, pet_name, bid_status, feedback, rating) VALUES ('Alyson.Hamill80@gmail.com', 16, '2020-12-11T13:21:26.375Z', '2020-12-14T14:38:36.821Z', true, 'pcs', 'Billie86@gmail.com', 'Keely', 'submitted', NULL, NULL);
INSERT INTO bid (ct_email, ct_price, start_date, end_date, is_cash, transport_method, pet_owner, pet_name, bid_status, feedback, rating) VALUES ('Reynold14@gmail.com', 2, '2020-12-11T13:21:26.375Z', '2020-12-14T14:38:36.821Z', true, 'pickup', 'Nat62@hotmail.com', 'Arely', 'submitted', NULL, NULL);
INSERT INTO bid (ct_email, ct_price, start_date, end_date, is_cash, transport_method, pet_owner, pet_name, bid_status, feedback, rating) VALUES ('Daphnee.Morissette@hotmail.com', 10, '2020-12-11T13:21:26.375Z', '2020-12-14T14:38:36.821Z', true, 'pcs', 'Alison_Jaskolski@hotmail.com', 'Pietro', 'submitted', NULL, NULL);
INSERT INTO bid (ct_email, ct_price, start_date, end_date, is_cash, transport_method, pet_owner, pet_name, bid_status, feedback, rating) VALUES ('Audrey.Hills@hotmail.com', 14, '2020-12-11T13:21:26.375Z', '2020-12-14T14:38:36.821Z', true, 'pickup', 'Estella89@yahoo.com', 'Daniela', 'submitted', NULL, NULL);
INSERT INTO bid (ct_email, ct_price, start_date, end_date, is_cash, transport_method, pet_owner, pet_name, bid_status, feedback, rating) VALUES ('Cali.Zboncak97@hotmail.com', 11, '2020-12-11T13:21:26.375Z', '2020-12-14T14:38:36.821Z', true, 'pickup', 'Eveline_Shields64@hotmail.com', 'Rashad', 'submitted', NULL, NULL);
INSERT INTO bid (ct_email, ct_price, start_date, end_date, is_cash, transport_method, pet_owner, pet_name, bid_status, feedback, rating) VALUES ('Waino51@hotmail.com', 1, '2020-12-11T13:21:26.375Z', '2020-12-14T14:38:36.821Z', true, 'pcs', 'Adan_Haley79@hotmail.com', 'Elmo', 'submitted', NULL, NULL);
INSERT INTO bid (ct_email, ct_price, start_date, end_date, is_cash, transport_method, pet_owner, pet_name, bid_status, feedback, rating) VALUES ('Annetta40@hotmail.com', 17, '2020-12-11T13:21:26.375Z', '2020-12-14T14:38:36.821Z', true, 'delivery', 'Harmony27@gmail.com', 'Sydnie', 'submitted', NULL, NULL);
INSERT INTO bid (ct_email, ct_price, start_date, end_date, is_cash, transport_method, pet_owner, pet_name, bid_status, feedback, rating) VALUES ('Cicero.Ondricka@gmail.com', 9, '2020-12-11T13:21:26.375Z', '2020-12-14T14:38:36.821Z', true, 'delivery', 'Stevie61@hotmail.com', 'Jalon', 'submitted', NULL, NULL);
INSERT INTO bid (ct_email, ct_price, start_date, end_date, is_cash, transport_method, pet_owner, pet_name, bid_status, feedback, rating) VALUES ('Sonny1@yahoo.com', 4, '2020-12-11T13:21:26.375Z', '2020-12-14T14:38:36.821Z', true, 'delivery', 'Erica_Kovacek@yahoo.com', 'Kiarra', 'submitted', NULL, NULL);
INSERT INTO bid (ct_email, ct_price, start_date, end_date, is_cash, transport_method, pet_owner, pet_name, bid_status, feedback, rating) VALUES ('Barbara.Mitchell36@gmail.com', 18, '2020-12-11T13:21:26.375Z', '2020-12-14T14:38:36.821Z', true, 'pcs', 'Viviane41@hotmail.com', 'Kamron', 'submitted', NULL, NULL);
INSERT INTO bid (ct_email, ct_price, start_date, end_date, is_cash, transport_method, pet_owner, pet_name, bid_status, feedback, rating) VALUES ('Patsy39@hotmail.com', 18, '2020-12-11T13:21:26.375Z', '2020-12-14T14:38:36.821Z', true, 'delivery', 'Summer_Lueilwitz86@hotmail.com', 'Francisco', 'submitted', NULL, NULL);
INSERT INTO bid (ct_email, ct_price, start_date, end_date, is_cash, transport_method, pet_owner, pet_name, bid_status, feedback, rating) VALUES ('Dylan9@hotmail.com', 14, '2020-12-11T13:21:26.375Z', '2020-12-14T14:38:36.821Z', true, 'pickup', 'Juliet.OConnell10@hotmail.com', 'Yoshiko', 'submitted', NULL, NULL);
INSERT INTO bid (ct_email, ct_price, start_date, end_date, is_cash, transport_method, pet_owner, pet_name, bid_status, feedback, rating) VALUES ('Kobe30@gmail.com', 14, '2020-12-11T13:21:26.375Z', '2020-12-14T14:38:36.821Z', true, 'pickup', 'Silas_Hahn77@hotmail.com', 'Gino', 'submitted', NULL, NULL);
INSERT INTO bid (ct_email, ct_price, start_date, end_date, is_cash, transport_method, pet_owner, pet_name, bid_status, feedback, rating) VALUES ('Clementina51@hotmail.com', 9, '2020-12-11T13:21:26.375Z', '2020-12-14T14:38:36.821Z', true, 'delivery', 'Orrin92@gmail.com', 'Larissa', 'submitted', NULL, NULL);
INSERT INTO bid (ct_email, ct_price, start_date, end_date, is_cash, transport_method, pet_owner, pet_name, bid_status, feedback, rating) VALUES ('Josiah59@yahoo.com', 20, '2020-12-11T13:21:26.375Z', '2020-12-14T14:38:36.821Z', true, 'pickup', 'Charlotte8@hotmail.com', 'Tristian', 'submitted', NULL, NULL);
INSERT INTO bid (ct_email, ct_price, start_date, end_date, is_cash, transport_method, pet_owner, pet_name, bid_status, feedback, rating) VALUES ('Thad_Lueilwitz@yahoo.com', 13, '2020-12-11T13:21:26.375Z', '2020-12-14T14:38:36.821Z', true, 'delivery', 'Domenica_Ondricka1@gmail.com', 'Lilliana', 'submitted', NULL, NULL);
INSERT INTO bid (ct_email, ct_price, start_date, end_date, is_cash, transport_method, pet_owner, pet_name, bid_status, feedback, rating) VALUES ('Travis_Schiller@yahoo.com', 1, '2020-12-11T13:21:26.375Z', '2020-12-14T14:38:36.821Z', true, 'pcs', 'Natalia_Pfeffer68@hotmail.com', 'Zena', 'submitted', NULL, NULL);
INSERT INTO bid (ct_email, ct_price, start_date, end_date, is_cash, transport_method, pet_owner, pet_name, bid_status, feedback, rating) VALUES ('Favian_Effertz@yahoo.com', 2, '2020-12-11T13:21:26.375Z', '2020-12-14T14:38:36.821Z', true, 'pcs', 'Bart.Strosin@gmail.com', 'Demond', 'submitted', NULL, NULL);
INSERT INTO bid (ct_email, ct_price, start_date, end_date, is_cash, transport_method, pet_owner, pet_name, bid_status, feedback, rating) VALUES ('Furman_Ondricka@gmail.com', 14, '2020-12-11T13:21:26.375Z', '2020-12-14T14:38:36.821Z', true, 'delivery', 'Abelardo_Stamm@gmail.com', 'Derick', 'submitted', NULL, NULL);
INSERT INTO bid (ct_email, ct_price, start_date, end_date, is_cash, transport_method, pet_owner, pet_name, bid_status, feedback, rating) VALUES ('Florencio.Stamm@yahoo.com', 5, '2020-12-11T13:21:26.375Z', '2020-12-14T14:38:36.821Z', true, 'pickup', 'Marietta15@gmail.com', 'Ruthie', 'submitted', NULL, NULL);
INSERT INTO bid (ct_email, ct_price, start_date, end_date, is_cash, transport_method, pet_owner, pet_name, bid_status, feedback, rating) VALUES ('Aliyah15@gmail.com', 9, '2020-12-11T13:21:26.375Z', '2020-12-14T14:38:36.821Z', true, 'pcs', 'Bartholome.Schowalter@yahoo.com', 'Tatum', 'submitted', NULL, NULL);
INSERT INTO bid (ct_email, ct_price, start_date, end_date, is_cash, transport_method, pet_owner, pet_name, bid_status, feedback, rating) VALUES ('Wilbert_Sawayn46@hotmail.com', 10, '2020-12-11T13:21:26.375Z', '2020-12-14T14:38:36.821Z', true, 'pickup', 'Sid_Kertzmann@gmail.com', 'Westley', 'submitted', NULL, NULL);
INSERT INTO bid (ct_email, ct_price, start_date, end_date, is_cash, transport_method, pet_owner, pet_name, bid_status, feedback, rating) VALUES ('Felix46@yahoo.com', 3, '2020-12-11T13:21:26.375Z', '2020-12-14T14:38:36.821Z', true, 'pcs', 'Eveline.Bergstrom@hotmail.com', 'Cristal', 'submitted', NULL, NULL);
INSERT INTO bid (ct_email, ct_price, start_date, end_date, is_cash, transport_method, pet_owner, pet_name, bid_status, feedback, rating) VALUES ('Augusta.Wisozk26@yahoo.com', 14, '2020-12-11T13:21:26.375Z', '2020-12-14T14:38:36.821Z', true, 'delivery', 'Kristian7@gmail.com', 'Minnie', 'submitted', NULL, NULL);
INSERT INTO bid (ct_email, ct_price, start_date, end_date, is_cash, transport_method, pet_owner, pet_name, bid_status, feedback, rating) VALUES ('Jarod.Boyle@gmail.com', 2, '2020-12-11T13:21:26.375Z', '2020-12-14T14:38:36.821Z', true, 'pcs', 'Kasandra_Quitzon@yahoo.com', 'Benedict', 'submitted', NULL, NULL);
INSERT INTO bid (ct_email, ct_price, start_date, end_date, is_cash, transport_method, pet_owner, pet_name, bid_status, feedback, rating) VALUES ('Nyah90@gmail.com', 17, '2020-12-11T13:21:26.375Z', '2020-12-14T14:38:36.821Z', true, 'pickup', 'Clara.Lebsack@gmail.com', 'Sterling', 'submitted', NULL, NULL);
INSERT INTO bid (ct_email, ct_price, start_date, end_date, is_cash, transport_method, pet_owner, pet_name, bid_status, feedback, rating) VALUES ('Jaunita_Borer@yahoo.com', 9, '2020-12-11T13:21:26.375Z', '2020-12-14T14:38:36.821Z', true, 'pcs', 'Alexzander31@hotmail.com', 'Electa', 'submitted', NULL, NULL);
INSERT INTO bid (ct_email, ct_price, start_date, end_date, is_cash, transport_method, pet_owner, pet_name, bid_status, feedback, rating) VALUES ('Kaci.Rolfson53@yahoo.com', 13, '2020-12-11T13:21:26.375Z', '2020-12-14T14:38:36.821Z', true, 'pickup', 'Natalia_Stoltenberg3@hotmail.com', 'Luther', 'submitted', NULL, NULL);
INSERT INTO bid (ct_email, ct_price, start_date, end_date, is_cash, transport_method, pet_owner, pet_name, bid_status, feedback, rating) VALUES ('Rebecca20@yahoo.com', 4, '2020-12-11T13:21:26.375Z', '2020-12-14T14:38:36.821Z', true, 'delivery', 'Reggie.Cormier0@yahoo.com', 'Kurt', 'submitted', NULL, NULL);
INSERT INTO bid (ct_email, ct_price, start_date, end_date, is_cash, transport_method, pet_owner, pet_name, bid_status, feedback, rating) VALUES ('Elwyn.Hoeger89@gmail.com', 18, '2020-12-11T13:21:26.375Z', '2020-12-14T14:38:36.821Z', true, 'pickup', 'Rodrick_Waters@gmail.com', 'Reba', 'submitted', NULL, NULL);
INSERT INTO bid (ct_email, ct_price, start_date, end_date, is_cash, transport_method, pet_owner, pet_name, bid_status, feedback, rating) VALUES ('Darion43@gmail.com', 19, '2020-12-11T13:21:26.375Z', '2020-12-14T14:38:36.821Z', true, 'pickup', 'Eliza_Deckow@gmail.com', 'Blair', 'submitted', NULL, NULL);
INSERT INTO bid (ct_email, ct_price, start_date, end_date, is_cash, transport_method, pet_owner, pet_name, bid_status, feedback, rating) VALUES ('Lelah.Dare@hotmail.com', 7, '2020-12-11T13:21:26.375Z', '2020-12-14T14:38:36.821Z', true, 'delivery', 'Dorothy_Kuhn82@yahoo.com', 'Liana', 'submitted', NULL, NULL);
INSERT INTO bid (ct_email, ct_price, start_date, end_date, is_cash, transport_method, pet_owner, pet_name, bid_status, feedback, rating) VALUES ('Joaquin.Terry@hotmail.com', 12, '2020-12-11T13:21:26.375Z', '2020-12-14T14:38:36.821Z', true, 'delivery', 'Glennie.Considine63@gmail.com', 'Zella', 'submitted', NULL, NULL);
INSERT INTO bid (ct_email, ct_price, start_date, end_date, is_cash, transport_method, pet_owner, pet_name, bid_status, feedback, rating) VALUES ('Rickey34@yahoo.com', 8, '2020-12-11T13:21:26.375Z', '2020-12-14T14:38:36.821Z', true, 'pickup', 'Kaci.Rolfson53@yahoo.com', 'Maverick', 'submitted', NULL, NULL);
INSERT INTO bid (ct_email, ct_price, start_date, end_date, is_cash, transport_method, pet_owner, pet_name, bid_status, feedback, rating) VALUES ('Alba_Balistreri@hotmail.com', 3, '2020-12-11T13:21:26.375Z', '2020-12-14T14:38:36.821Z', true, 'pickup', 'German65@hotmail.com', 'Annetta', 'submitted', NULL, NULL);
INSERT INTO bid (ct_email, ct_price, start_date, end_date, is_cash, transport_method, pet_owner, pet_name, bid_status, feedback, rating) VALUES ('Roscoe.Mante@gmail.com', 1, '2020-12-11T13:21:26.375Z', '2020-12-14T14:38:36.821Z', true, 'pickup', 'Cordia_Renner15@gmail.com', 'Bo', 'submitted', NULL, NULL);
INSERT INTO bid (ct_email, ct_price, start_date, end_date, is_cash, transport_method, pet_owner, pet_name, bid_status, feedback, rating) VALUES ('Kendra60@hotmail.com', 20, '2020-12-11T13:21:26.375Z', '2020-12-14T14:38:36.821Z', true, 'pcs', 'Trevor85@gmail.com', 'Sydney', 'submitted', NULL, NULL);
INSERT INTO bid (ct_email, ct_price, start_date, end_date, is_cash, transport_method, pet_owner, pet_name, bid_status, feedback, rating) VALUES ('Harmony27@gmail.com', 3, '2020-12-11T13:21:26.375Z', '2020-12-14T14:38:36.821Z', true, 'pcs', 'Mariano54@gmail.com', 'Josefa', 'submitted', NULL, NULL);
INSERT INTO bid (ct_email, ct_price, start_date, end_date, is_cash, transport_method, pet_owner, pet_name, bid_status, feedback, rating) VALUES ('Nadia46@gmail.com', 20, '2020-12-11T13:21:26.375Z', '2020-12-14T14:38:36.821Z', true, 'pcs', 'Bart_Glover@yahoo.com', 'Sigmund', 'submitted', NULL, NULL);
INSERT INTO bid (ct_email, ct_price, start_date, end_date, is_cash, transport_method, pet_owner, pet_name, bid_status, feedback, rating) VALUES ('Herminio.Von@gmail.com', 7, '2020-12-11T13:21:26.375Z', '2020-12-14T14:38:36.821Z', true, 'pcs', 'Luther_Goodwin38@yahoo.com', 'Pearl', 'submitted', NULL, NULL);
INSERT INTO bid (ct_email, ct_price, start_date, end_date, is_cash, transport_method, pet_owner, pet_name, bid_status, feedback, rating) VALUES ('Zoie.Crona0@yahoo.com', 19, '2020-12-11T13:21:26.375Z', '2020-12-14T14:38:36.821Z', true, 'pcs', 'Stephany.Luettgen73@gmail.com', 'Donald', 'submitted', NULL, NULL);
INSERT INTO bid (ct_email, ct_price, start_date, end_date, is_cash, transport_method, pet_owner, pet_name, bid_status, feedback, rating) VALUES ('Kattie96@yahoo.com', 4, '2020-12-11T13:21:26.375Z', '2020-12-14T14:38:36.821Z', true, 'delivery', 'Emmet_Blanda@yahoo.com', 'Cooper', 'submitted', NULL, NULL);
INSERT INTO bid (ct_email, ct_price, start_date, end_date, is_cash, transport_method, pet_owner, pet_name, bid_status, feedback, rating) VALUES ('Trever.Smith38@hotmail.com', 12, '2020-12-11T13:21:26.375Z', '2020-12-14T14:38:36.821Z', true, 'delivery', 'Kaycee_Yundt46@gmail.com', 'Franco', 'submitted', NULL, NULL);
INSERT INTO bid (ct_email, ct_price, start_date, end_date, is_cash, transport_method, pet_owner, pet_name, bid_status, feedback, rating) VALUES ('Mike27@hotmail.com', 14, '2020-12-11T13:21:26.375Z', '2020-12-14T14:38:36.821Z', true, 'pcs', 'Dorthy10@gmail.com', 'Kim', 'submitted', NULL, NULL);
INSERT INTO bid (ct_email, ct_price, start_date, end_date, is_cash, transport_method, pet_owner, pet_name, bid_status, feedback, rating) VALUES ('Kasandra_Quitzon@yahoo.com', 6, '2020-12-11T13:21:26.375Z', '2020-12-14T14:38:36.821Z', true, 'pcs', 'Doyle_Kuhlman@yahoo.com', 'Alden', 'submitted', NULL, NULL);
INSERT INTO bid (ct_email, ct_price, start_date, end_date, is_cash, transport_method, pet_owner, pet_name, bid_status, feedback, rating) VALUES ('Stevie61@hotmail.com', 2, '2020-12-11T13:21:26.375Z', '2020-12-14T14:38:36.821Z', true, 'pcs', 'Eulah_Bechtelar@yahoo.com', 'Sophia', 'submitted', NULL, NULL);
INSERT INTO bid (ct_email, ct_price, start_date, end_date, is_cash, transport_method, pet_owner, pet_name, bid_status, feedback, rating) VALUES ('Delfina.Sipes@hotmail.com', 12, '2020-12-11T13:21:26.375Z', '2020-12-14T14:38:36.821Z', true, 'pickup', 'Fay_Russel72@gmail.com', 'Jasmin', 'submitted', NULL, NULL);
INSERT INTO bid (ct_email, ct_price, start_date, end_date, is_cash, transport_method, pet_owner, pet_name, bid_status, feedback, rating) VALUES ('Dorothy_Kuhn82@yahoo.com', 4, '2020-12-11T13:21:26.375Z', '2020-12-14T14:38:36.821Z', true, 'delivery', 'Regan_Kuhic@yahoo.com', 'Schuyler', 'submitted', NULL, NULL);
INSERT INTO bid (ct_email, ct_price, start_date, end_date, is_cash, transport_method, pet_owner, pet_name, bid_status, feedback, rating) VALUES ('Rosanna.Von57@hotmail.com', 5, '2020-12-11T13:21:26.375Z', '2020-12-14T14:38:36.821Z', true, 'pcs', 'Jeremie45@gmail.com', 'Nash', 'submitted', NULL, NULL);
INSERT INTO bid (ct_email, ct_price, start_date, end_date, is_cash, transport_method, pet_owner, pet_name, bid_status, feedback, rating) VALUES ('Savion_Smitham@yahoo.com', 14, '2020-12-11T13:21:26.375Z', '2020-12-14T14:38:36.821Z', true, 'delivery', 'Levi.Hammes30@gmail.com', 'Giovanna', 'submitted', NULL, NULL);
INSERT INTO bid (ct_email, ct_price, start_date, end_date, is_cash, transport_method, pet_owner, pet_name, bid_status, feedback, rating) VALUES ('Lue17@hotmail.com', 4, '2020-12-11T13:21:26.375Z', '2020-12-14T14:38:36.821Z', true, 'pickup', 'Isaac_Blanda@gmail.com', 'Jon', 'submitted', NULL, NULL);
INSERT INTO bid (ct_email, ct_price, start_date, end_date, is_cash, transport_method, pet_owner, pet_name, bid_status, feedback, rating) VALUES ('Marietta61@gmail.com', 9, '2020-12-11T13:21:26.375Z', '2020-12-14T14:38:36.821Z', true, 'pcs', 'Haskell.Ratke@yahoo.com', 'Cecil', 'submitted', NULL, NULL);
INSERT INTO bid (ct_email, ct_price, start_date, end_date, is_cash, transport_method, pet_owner, pet_name, bid_status, feedback, rating) VALUES ('Nicklaus_Schmeler11@hotmail.com', 9, '2020-12-11T13:21:26.375Z', '2020-12-14T14:38:36.821Z', true, 'pickup', 'Erika_OHara@gmail.com', 'Elna', 'submitted', NULL, NULL);
INSERT INTO bid (ct_email, ct_price, start_date, end_date, is_cash, transport_method, pet_owner, pet_name, bid_status, feedback, rating) VALUES ('Nadia.Schmidt@yahoo.com', 2, '2020-12-11T13:21:26.375Z', '2020-12-14T14:38:36.821Z', true, 'pcs', 'Dorian_Rice@hotmail.com', 'Davion', 'submitted', NULL, NULL);
INSERT INTO bid (ct_email, ct_price, start_date, end_date, is_cash, transport_method, pet_owner, pet_name, bid_status, feedback, rating) VALUES ('Shanon33@yahoo.com', 13, '2020-12-11T13:21:26.375Z', '2020-12-14T14:38:36.821Z', true, 'delivery', 'Kyler32@hotmail.com', 'Marcellus', 'submitted', NULL, NULL);
INSERT INTO bid (ct_email, ct_price, start_date, end_date, is_cash, transport_method, pet_owner, pet_name, bid_status, feedback, rating) VALUES ('Claude70@hotmail.com', 16, '2020-12-11T13:21:26.375Z', '2020-12-14T14:38:36.821Z', true, 'pcs', 'Kathlyn84@gmail.com', 'Victoria', 'submitted', NULL, NULL);
INSERT INTO bid (ct_email, ct_price, start_date, end_date, is_cash, transport_method, pet_owner, pet_name, bid_status, feedback, rating) VALUES ('Erik.Bartell@hotmail.com', 13, '2020-12-11T13:21:26.375Z', '2020-12-14T14:38:36.821Z', true, 'delivery', 'Savion_Smitham@yahoo.com', 'Judd', 'submitted', NULL, NULL);
INSERT INTO bid (ct_email, ct_price, start_date, end_date, is_cash, transport_method, pet_owner, pet_name, bid_status, feedback, rating) VALUES ('Lina33@gmail.com', 0, '2020-12-11T13:21:26.375Z', '2020-12-14T14:38:36.821Z', true, 'pickup', 'Mckenna.Grimes@hotmail.com', 'Audreanne', 'submitted', NULL, NULL);
INSERT INTO bid (ct_email, ct_price, start_date, end_date, is_cash, transport_method, pet_owner, pet_name, bid_status, feedback, rating) VALUES ('Demario99@hotmail.com', 17, '2020-12-11T13:21:26.375Z', '2020-12-14T14:38:36.821Z', true, 'pickup', 'Karley.Zulauf@yahoo.com', 'Gisselle', 'submitted', NULL, NULL);
INSERT INTO bid (ct_email, ct_price, start_date, end_date, is_cash, transport_method, pet_owner, pet_name, bid_status, feedback, rating) VALUES ('Eileen.Reynolds28@hotmail.com', 12, '2020-12-11T13:21:26.375Z', '2020-12-14T14:38:36.821Z', true, 'pickup', 'Leon_Kulas@yahoo.com', 'Selina', 'submitted', NULL, NULL);
INSERT INTO bid (ct_email, ct_price, start_date, end_date, is_cash, transport_method, pet_owner, pet_name, bid_status, feedback, rating) VALUES ('Andrew.Sanford@yahoo.com', 8, '2020-12-11T13:21:26.375Z', '2020-12-14T14:38:36.821Z', true, 'delivery', 'Kris.Predovic@hotmail.com', 'Gwendolyn', 'submitted', NULL, NULL);
INSERT INTO bid (ct_email, ct_price, start_date, end_date, is_cash, transport_method, pet_owner, pet_name, bid_status, feedback, rating) VALUES ('Ottilie.Carter18@gmail.com', 12, '2020-12-11T13:21:26.375Z', '2020-12-14T14:38:36.821Z', true, 'pickup', 'Franco11@yahoo.com', 'Fanny', 'submitted', NULL, NULL);
INSERT INTO bid (ct_email, ct_price, start_date, end_date, is_cash, transport_method, pet_owner, pet_name, bid_status, feedback, rating) VALUES ('Ruthe88@gmail.com', 15, '2020-12-11T13:21:26.375Z', '2020-12-14T14:38:36.821Z', true, 'pcs', 'Katelynn_Jakubowski71@yahoo.com', 'Xander', 'submitted', NULL, NULL);
INSERT INTO bid (ct_email, ct_price, start_date, end_date, is_cash, transport_method, pet_owner, pet_name, bid_status, feedback, rating) VALUES ('Ardella_Klocko97@yahoo.com', 2, '2020-12-11T13:21:26.375Z', '2020-12-14T14:38:36.821Z', true, 'pcs', 'Junius.Hayes76@hotmail.com', 'Oceane', 'submitted', NULL, NULL);
INSERT INTO bid (ct_email, ct_price, start_date, end_date, is_cash, transport_method, pet_owner, pet_name, bid_status, feedback, rating) VALUES ('Jovanny43@yahoo.com', 18, '2020-12-11T13:21:26.375Z', '2020-12-14T14:38:36.821Z', true, 'delivery', 'Josue.Bartell@yahoo.com', 'Jamaal', 'submitted', NULL, NULL);
INSERT INTO bid (ct_email, ct_price, start_date, end_date, is_cash, transport_method, pet_owner, pet_name, bid_status, feedback, rating) VALUES ('Rosina.Schneider28@gmail.com', 1, '2020-12-11T13:21:26.375Z', '2020-12-14T14:38:36.821Z', true, 'pcs', 'Adelle.Labadie@hotmail.com', 'Shaina', 'submitted', NULL, NULL);
INSERT INTO bid (ct_email, ct_price, start_date, end_date, is_cash, transport_method, pet_owner, pet_name, bid_status, feedback, rating) VALUES ('Vaughn.Weissnat68@hotmail.com', 2, '2020-12-11T13:21:26.375Z', '2020-12-14T14:38:36.821Z', true, 'pickup', 'Katrina43@hotmail.com', 'Christian', 'submitted', NULL, NULL);
INSERT INTO bid (ct_email, ct_price, start_date, end_date, is_cash, transport_method, pet_owner, pet_name, bid_status, feedback, rating) VALUES ('Tyrese49@hotmail.com', 1, '2020-12-11T13:21:26.375Z', '2020-12-14T14:38:36.821Z', true, 'pickup', 'Rosalinda30@yahoo.com', 'Maddison', 'submitted', NULL, NULL);
INSERT INTO bid (ct_email, ct_price, start_date, end_date, is_cash, transport_method, pet_owner, pet_name, bid_status, feedback, rating) VALUES ('Franco_Nienow6@gmail.com', 5, '2020-12-11T13:21:26.375Z', '2020-12-14T14:38:36.821Z', true, 'delivery', 'Charles.Mueller@gmail.com', 'Flavio', 'submitted', NULL, NULL);
INSERT INTO bid (ct_email, ct_price, start_date, end_date, is_cash, transport_method, pet_owner, pet_name, bid_status, feedback, rating) VALUES ('Bailey.Gaylord61@yahoo.com', 5, '2020-12-11T13:21:26.375Z', '2020-12-14T14:38:36.821Z', true, 'delivery', 'Troy80@gmail.com', 'Hilda', 'submitted', NULL, NULL);
INSERT INTO bid (ct_email, ct_price, start_date, end_date, is_cash, transport_method, pet_owner, pet_name, bid_status, feedback, rating) VALUES ('Garry88@gmail.com', 3, '2020-12-11T13:21:26.375Z', '2020-12-14T14:38:36.821Z', true, 'pcs', 'Rosalia.Crona@hotmail.com', 'Bridie', 'submitted', NULL, NULL);
INSERT INTO bid (ct_email, ct_price, start_date, end_date, is_cash, transport_method, pet_owner, pet_name, bid_status, feedback, rating) VALUES ('Katelynn_Jakubowski71@yahoo.com', 14, '2020-12-11T13:21:26.375Z', '2020-12-14T14:38:36.821Z', true, 'delivery', 'Josiah59@yahoo.com', 'Nicklaus', 'submitted', NULL, NULL);
INSERT INTO bid (ct_email, ct_price, start_date, end_date, is_cash, transport_method, pet_owner, pet_name, bid_status, feedback, rating) VALUES ('Andre98@hotmail.com', 12, '2020-12-11T13:21:26.375Z', '2020-12-14T14:38:36.821Z', true, 'pickup', 'Roscoe.Mante@gmail.com', 'Adelia', 'submitted', NULL, NULL);
INSERT INTO bid (ct_email, ct_price, start_date, end_date, is_cash, transport_method, pet_owner, pet_name, bid_status, feedback, rating) VALUES ('Florence73@hotmail.com', 6, '2020-12-11T13:21:26.375Z', '2020-12-14T14:38:36.821Z', true, 'delivery', 'Bailey.Gaylord61@yahoo.com', 'Jordan', 'submitted', NULL, NULL);
INSERT INTO bid (ct_email, ct_price, start_date, end_date, is_cash, transport_method, pet_owner, pet_name, bid_status, feedback, rating) VALUES ('Eddie10@yahoo.com', 10, '2020-12-11T13:21:26.375Z', '2020-12-14T14:38:36.821Z', true, 'delivery', 'Colten_Ernser81@gmail.com', 'Ayla', 'submitted', NULL, NULL);
INSERT INTO bid (ct_email, ct_price, start_date, end_date, is_cash, transport_method, pet_owner, pet_name, bid_status, feedback, rating) VALUES ('Samantha_Parker15@yahoo.com', 4, '2020-12-11T13:21:26.375Z', '2020-12-14T14:38:36.821Z', true, 'delivery', 'Kirsten_Trantow23@gmail.com', 'Wilfred', 'submitted', NULL, NULL);
INSERT INTO bid (ct_email, ct_price, start_date, end_date, is_cash, transport_method, pet_owner, pet_name, bid_status, feedback, rating) VALUES ('Beverly69@gmail.com', 16, '2020-12-11T13:21:26.375Z', '2020-12-14T14:38:36.821Z', true, 'pcs', 'Jimmy_Bednar49@hotmail.com', 'Brooke', 'submitted', NULL, NULL);
INSERT INTO bid (ct_email, ct_price, start_date, end_date, is_cash, transport_method, pet_owner, pet_name, bid_status, feedback, rating) VALUES ('Wallace_Heidenreich@hotmail.com', 9, '2020-12-11T13:21:26.375Z', '2020-12-14T14:38:36.821Z', true, 'pickup', 'Lucious79@hotmail.com', 'Waylon', 'submitted', NULL, NULL);
INSERT INTO bid (ct_email, ct_price, start_date, end_date, is_cash, transport_method, pet_owner, pet_name, bid_status, feedback, rating) VALUES ('Diana_Bradtke@yahoo.com', 3, '2020-12-11T13:21:26.375Z', '2020-12-14T14:38:36.821Z', true, 'pickup', 'Kale70@gmail.com', 'Adriana', 'submitted', NULL, NULL);
INSERT INTO bid (ct_email, ct_price, start_date, end_date, is_cash, transport_method, pet_owner, pet_name, bid_status, feedback, rating) VALUES ('Vernice.Gaylord@gmail.com', 5, '2020-12-11T13:21:26.375Z', '2020-12-14T14:38:36.821Z', true, 'delivery', 'Maia.Labadie7@hotmail.com', 'Chet', 'submitted', NULL, NULL);
INSERT INTO bid (ct_email, ct_price, start_date, end_date, is_cash, transport_method, pet_owner, pet_name, bid_status, feedback, rating) VALUES ('Alexandro63@yahoo.com', 13, '2020-12-11T13:21:26.375Z', '2020-12-14T14:38:36.821Z', true, 'pcs', 'Kailey.Schoen83@hotmail.com', 'Leonora', 'submitted', NULL, NULL);
INSERT INTO bid (ct_email, ct_price, start_date, end_date, is_cash, transport_method, pet_owner, pet_name, bid_status, feedback, rating) VALUES ('Alysa77@hotmail.com', 20, '2020-12-11T13:21:26.375Z', '2020-12-14T14:38:36.821Z', true, 'pickup', 'Lavinia.Ziemann21@yahoo.com', 'Terrence', 'submitted', NULL, NULL);
INSERT INTO bid (ct_email, ct_price, start_date, end_date, is_cash, transport_method, pet_owner, pet_name, bid_status, feedback, rating) VALUES ('Sonia.Medhurst@yahoo.com', 17, '2020-12-11T13:21:26.375Z', '2020-12-14T14:38:36.821Z', true, 'pcs', 'Helene98@hotmail.com', 'Michael', 'submitted', NULL, NULL);
INSERT INTO bid (ct_email, ct_price, start_date, end_date, is_cash, transport_method, pet_owner, pet_name, bid_status, feedback, rating) VALUES ('Jamel44@yahoo.com', 18, '2020-12-11T13:21:26.375Z', '2020-12-14T14:38:36.821Z', true, 'pickup', 'Alyson.Hamill80@gmail.com', 'Rahsaan', 'submitted', NULL, NULL);
INSERT INTO bid (ct_email, ct_price, start_date, end_date, is_cash, transport_method, pet_owner, pet_name, bid_status, feedback, rating) VALUES ('Janessa71@hotmail.com', 14, '2020-12-11T13:21:26.375Z', '2020-12-14T14:38:36.821Z', true, 'pcs', 'Amira65@hotmail.com', 'Karianne', 'submitted', NULL, NULL);
INSERT INTO bid (ct_email, ct_price, start_date, end_date, is_cash, transport_method, pet_owner, pet_name, bid_status, feedback, rating) VALUES ('Buford28@yahoo.com', 11, '2020-12-11T13:21:26.375Z', '2020-12-14T14:38:36.821Z', true, 'pickup', 'Allison.Nolan81@hotmail.com', 'Liam', 'submitted', NULL, NULL);
INSERT INTO bid (ct_email, ct_price, start_date, end_date, is_cash, transport_method, pet_owner, pet_name, bid_status, feedback, rating) VALUES ('Chandler.Sipes@yahoo.com', 6, '2020-12-11T13:21:26.375Z', '2020-12-14T14:38:36.821Z', true, 'pickup', 'Ramiro25@gmail.com', 'Verona', 'submitted', NULL, NULL);
INSERT INTO bid (ct_email, ct_price, start_date, end_date, is_cash, transport_method, pet_owner, pet_name, bid_status, feedback, rating) VALUES ('Yvonne5@hotmail.com', 16, '2020-12-11T13:21:26.375Z', '2020-12-14T14:38:36.821Z', true, 'delivery', 'Sigurd.Walter@gmail.com', 'Trisha', 'submitted', NULL, NULL);
INSERT INTO bid (ct_email, ct_price, start_date, end_date, is_cash, transport_method, pet_owner, pet_name, bid_status, feedback, rating) VALUES ('Else.Schneider@gmail.com', 19, '2020-12-11T13:21:26.375Z', '2020-12-14T14:38:36.821Z', true, 'delivery', 'Miguel35@hotmail.com', 'Ara', 'submitted', NULL, NULL);
INSERT INTO bid (ct_email, ct_price, start_date, end_date, is_cash, transport_method, pet_owner, pet_name, bid_status, feedback, rating) VALUES ('Fiona_Wiza13@gmail.com', 5, '2020-12-11T13:21:26.375Z', '2020-12-14T14:38:36.821Z', true, 'pcs', 'Eldora_Schneider@yahoo.com', 'Russ', 'submitted', NULL, NULL);
INSERT INTO bid (ct_email, ct_price, start_date, end_date, is_cash, transport_method, pet_owner, pet_name, bid_status, feedback, rating) VALUES ('Billie86@gmail.com', 9, '2020-12-11T13:21:26.375Z', '2020-12-14T14:38:36.821Z', true, 'pickup', 'Kasey32@gmail.com', 'Meta', 'submitted', NULL, NULL);
INSERT INTO bid (ct_email, ct_price, start_date, end_date, is_cash, transport_method, pet_owner, pet_name, bid_status, feedback, rating) VALUES ('Grant_Kerluke64@yahoo.com', 17, '2020-12-11T13:21:26.375Z', '2020-12-14T14:38:36.821Z', true, 'delivery', 'Joey74@gmail.com', 'Demetrius', 'submitted', NULL, NULL);
INSERT INTO bid (ct_email, ct_price, start_date, end_date, is_cash, transport_method, pet_owner, pet_name, bid_status, feedback, rating) VALUES ('Josh_Koelpin7@hotmail.com', 7, '2020-12-11T13:21:26.375Z', '2020-12-14T14:38:36.821Z', true, 'delivery', 'Guadalupe47@hotmail.com', 'Deanna', 'submitted', NULL, NULL);
INSERT INTO bid (ct_email, ct_price, start_date, end_date, is_cash, transport_method, pet_owner, pet_name, bid_status, feedback, rating) VALUES ('Dena11@gmail.com', 2, '2020-12-11T13:21:26.375Z', '2020-12-14T14:38:36.821Z', true, 'pcs', 'Diana_Bradtke@yahoo.com', 'Johnson', 'submitted', NULL, NULL);
INSERT INTO bid (ct_email, ct_price, start_date, end_date, is_cash, transport_method, pet_owner, pet_name, bid_status, feedback, rating) VALUES ('Barry_Waelchi@yahoo.com', 3, '2020-12-11T13:21:26.375Z', '2020-12-14T14:38:36.821Z', true, 'delivery', 'Otis.Lubowitz47@hotmail.com', 'Ferne', 'submitted', NULL, NULL);
INSERT INTO bid (ct_email, ct_price, start_date, end_date, is_cash, transport_method, pet_owner, pet_name, bid_status, feedback, rating) VALUES ('Kip_Thiel70@yahoo.com', 17, '2020-12-11T13:21:26.375Z', '2020-12-14T14:38:36.821Z', true, 'pickup', 'Eldon.Gislason@gmail.com', 'Jeremy', 'submitted', NULL, NULL);
INSERT INTO bid (ct_email, ct_price, start_date, end_date, is_cash, transport_method, pet_owner, pet_name, bid_status, feedback, rating) VALUES ('Jackson1@gmail.com', 2, '2020-12-11T13:21:26.375Z', '2020-12-14T14:38:36.821Z', true, 'pickup', 'Leif_Dickinson@hotmail.com', 'Turner', 'submitted', NULL, NULL);
INSERT INTO bid (ct_email, ct_price, start_date, end_date, is_cash, transport_method, pet_owner, pet_name, bid_status, feedback, rating) VALUES ('Kadin.Schuppe@hotmail.com', 13, '2020-12-11T13:21:26.375Z', '2020-12-14T14:38:36.821Z', true, 'pickup', 'Adriana28@gmail.com', 'Brayan', 'submitted', NULL, NULL);
INSERT INTO bid (ct_email, ct_price, start_date, end_date, is_cash, transport_method, pet_owner, pet_name, bid_status, feedback, rating) VALUES ('Wilton43@hotmail.com', 7, '2020-12-11T13:21:26.375Z', '2020-12-14T14:38:36.821Z', true, 'pickup', 'Antwan56@yahoo.com', 'Garett', 'submitted', NULL, NULL);
INSERT INTO bid (ct_email, ct_price, start_date, end_date, is_cash, transport_method, pet_owner, pet_name, bid_status, feedback, rating) VALUES ('Angelita_Herman70@hotmail.com', 10, '2020-12-11T13:21:26.375Z', '2020-12-14T14:38:36.821Z', true, 'pickup', 'Cayla_Reilly@gmail.com', 'Jonas', 'submitted', NULL, NULL);
INSERT INTO bid (ct_email, ct_price, start_date, end_date, is_cash, transport_method, pet_owner, pet_name, bid_status, feedback, rating) VALUES ('Katlynn84@hotmail.com', 2, '2020-12-11T13:21:26.375Z', '2020-12-14T14:38:36.821Z', true, 'pcs', 'Reinhold_McDermott@yahoo.com', 'Darby', 'submitted', NULL, NULL);
INSERT INTO bid (ct_email, ct_price, start_date, end_date, is_cash, transport_method, pet_owner, pet_name, bid_status, feedback, rating) VALUES ('Estevan.Moore79@yahoo.com', 3, '2020-12-11T13:21:26.375Z', '2020-12-14T14:38:36.821Z', true, 'delivery', 'Gracie_Moore13@gmail.com', 'Mariah', 'submitted', NULL, NULL);
INSERT INTO bid (ct_email, ct_price, start_date, end_date, is_cash, transport_method, pet_owner, pet_name, bid_status, feedback, rating) VALUES ('Jimmy.Koch40@gmail.com', 13, '2020-12-11T13:21:26.375Z', '2020-12-14T14:38:36.821Z', true, 'delivery', 'Kavon_Spencer@hotmail.com', 'Stefan', 'submitted', NULL, NULL);
INSERT INTO bid (ct_email, ct_price, start_date, end_date, is_cash, transport_method, pet_owner, pet_name, bid_status, feedback, rating) VALUES ('Harley_Boehm@yahoo.com', 8, '2020-12-11T13:21:26.375Z', '2020-12-14T14:38:36.821Z', true, 'delivery', 'Reynold14@gmail.com', 'Warren', 'submitted', NULL, NULL);
INSERT INTO bid (ct_email, ct_price, start_date, end_date, is_cash, transport_method, pet_owner, pet_name, bid_status, feedback, rating) VALUES ('Gardner.Kuvalis@gmail.com', 9, '2020-12-11T13:21:26.375Z', '2020-12-14T14:38:36.821Z', true, 'pcs', 'Lee89@hotmail.com', 'Aglae', 'submitted', NULL, NULL);
INSERT INTO bid (ct_email, ct_price, start_date, end_date, is_cash, transport_method, pet_owner, pet_name, bid_status, feedback, rating) VALUES ('Edwina92@gmail.com', 11, '2020-12-11T13:21:26.375Z', '2020-12-14T14:38:36.821Z', true, 'delivery', 'Chandler.Sipes@yahoo.com', 'Karina', 'submitted', NULL, NULL);
INSERT INTO bid (ct_email, ct_price, start_date, end_date, is_cash, transport_method, pet_owner, pet_name, bid_status, feedback, rating) VALUES ('Mable_Daugherty99@hotmail.com', 18, '2020-12-11T13:21:26.375Z', '2020-12-14T14:38:36.821Z', true, 'delivery', 'Julien15@hotmail.com', 'Amber', 'submitted', NULL, NULL);
INSERT INTO bid (ct_email, ct_price, start_date, end_date, is_cash, transport_method, pet_owner, pet_name, bid_status, feedback, rating) VALUES ('Leon_Kulas@yahoo.com', 5, '2020-12-11T13:21:26.375Z', '2020-12-14T14:38:36.821Z', true, 'delivery', 'Shannon74@yahoo.com', 'Jefferey', 'submitted', NULL, NULL);
INSERT INTO bid (ct_email, ct_price, start_date, end_date, is_cash, transport_method, pet_owner, pet_name, bid_status, feedback, rating) VALUES ('Lane.Hegmann41@gmail.com', 7, '2020-12-11T13:21:26.375Z', '2020-12-14T14:38:36.821Z', true, 'pcs', 'Royce84@gmail.com', 'Reba', 'submitted', NULL, NULL);
INSERT INTO bid (ct_email, ct_price, start_date, end_date, is_cash, transport_method, pet_owner, pet_name, bid_status, feedback, rating) VALUES ('Hanna.Homenick31@yahoo.com', 12, '2020-12-11T13:21:26.375Z', '2020-12-14T14:38:36.821Z', true, 'pcs', 'Cathrine34@gmail.com', 'Joshuah', 'submitted', NULL, NULL);
INSERT INTO bid (ct_email, ct_price, start_date, end_date, is_cash, transport_method, pet_owner, pet_name, bid_status, feedback, rating) VALUES ('Antwan56@yahoo.com', 4, '2020-12-11T13:21:26.375Z', '2020-12-14T14:38:36.821Z', true, 'pickup', 'Noah.Marvin35@yahoo.com', 'Tabitha', 'submitted', NULL, NULL);
INSERT INTO bid (ct_email, ct_price, start_date, end_date, is_cash, transport_method, pet_owner, pet_name, bid_status, feedback, rating) VALUES ('Mack_Hills26@hotmail.com', 19, '2020-12-11T13:21:26.375Z', '2020-12-14T14:38:36.821Z', true, 'pcs', 'Lexus27@hotmail.com', 'Vesta', 'submitted', NULL, NULL);
INSERT INTO bid (ct_email, ct_price, start_date, end_date, is_cash, transport_method, pet_owner, pet_name, bid_status, feedback, rating) VALUES ('Elton_Schiller@gmail.com', 8, '2020-12-11T13:21:26.375Z', '2020-12-14T14:38:36.821Z', true, 'delivery', 'Dale_Breitenberg@gmail.com', 'Mafalda', 'submitted', NULL, NULL);
INSERT INTO bid (ct_email, ct_price, start_date, end_date, is_cash, transport_method, pet_owner, pet_name, bid_status, feedback, rating) VALUES ('Gianni.Koelpin55@hotmail.com', 2, '2020-12-11T13:21:26.375Z', '2020-12-14T14:38:36.821Z', true, 'pickup', 'Cary79@hotmail.com', 'Dulce', 'submitted', NULL, NULL);
INSERT INTO bid (ct_email, ct_price, start_date, end_date, is_cash, transport_method, pet_owner, pet_name, bid_status, feedback, rating) VALUES ('Hulda_Quitzon26@yahoo.com', 19, '2020-12-11T13:21:26.375Z', '2020-12-14T14:38:36.821Z', true, 'pcs', 'Citlalli.Haag76@gmail.com', 'Felicita', 'submitted', NULL, NULL);
INSERT INTO bid (ct_email, ct_price, start_date, end_date, is_cash, transport_method, pet_owner, pet_name, bid_status, feedback, rating) VALUES ('Scottie.Frami3@gmail.com', 3, '2020-12-11T13:21:26.375Z', '2020-12-14T14:38:36.821Z', true, 'pickup', 'Vicente.Huel63@hotmail.com', 'Lottie', 'submitted', NULL, NULL);
INSERT INTO bid (ct_email, ct_price, start_date, end_date, is_cash, transport_method, pet_owner, pet_name, bid_status, feedback, rating) VALUES ('Carmela55@gmail.com', 13, '2020-12-11T13:21:26.375Z', '2020-12-14T14:38:36.821Z', true, 'pcs', 'Dexter_Lockman@gmail.com', 'Viviane', 'submitted', NULL, NULL);
INSERT INTO bid (ct_email, ct_price, start_date, end_date, is_cash, transport_method, pet_owner, pet_name, bid_status, feedback, rating) VALUES ('Yasmine_Jenkins69@gmail.com', 7, '2020-12-11T13:21:26.375Z', '2020-12-14T14:38:36.821Z', true, 'delivery', 'Angela_Heaney@gmail.com', 'Kylie', 'submitted', NULL, NULL);
INSERT INTO bid (ct_email, ct_price, start_date, end_date, is_cash, transport_method, pet_owner, pet_name, bid_status, feedback, rating) VALUES ('Barry.Rodriguez82@yahoo.com', 11, '2020-12-11T13:21:26.375Z', '2020-12-14T14:38:36.821Z', true, 'pcs', 'Ilene_McCullough@gmail.com', 'Francisco', 'submitted', NULL, NULL);
INSERT INTO bid (ct_email, ct_price, start_date, end_date, is_cash, transport_method, pet_owner, pet_name, bid_status, feedback, rating) VALUES ('Ben_Johns@yahoo.com', 0, '2020-12-11T13:21:26.375Z', '2020-12-14T14:38:36.821Z', true, 'pcs', 'Gerson_Harvey99@hotmail.com', 'Rylan', 'submitted', NULL, NULL);
INSERT INTO bid (ct_email, ct_price, start_date, end_date, is_cash, transport_method, pet_owner, pet_name, bid_status, feedback, rating) VALUES ('Lon_Crooks@gmail.com', 8, '2020-12-11T13:21:26.375Z', '2020-12-14T14:38:36.821Z', true, 'delivery', 'Montana_Osinski@yahoo.com', 'Vincenza', 'submitted', NULL, NULL);
INSERT INTO bid (ct_email, ct_price, start_date, end_date, is_cash, transport_method, pet_owner, pet_name, bid_status, feedback, rating) VALUES ('Yvonne_Rogahn@gmail.com', 4, '2020-12-11T13:21:26.375Z', '2020-12-14T14:38:36.821Z', true, 'delivery', 'Kirstin45@yahoo.com', 'Margarete', 'submitted', NULL, NULL);
INSERT INTO bid (ct_email, ct_price, start_date, end_date, is_cash, transport_method, pet_owner, pet_name, bid_status, feedback, rating) VALUES ('Elody_Hudson@hotmail.com', 20, '2020-12-11T13:21:26.375Z', '2020-12-14T14:38:36.821Z', true, 'pcs', 'Claudia.Heaney66@hotmail.com', 'Itzel', 'submitted', NULL, NULL);
INSERT INTO bid (ct_email, ct_price, start_date, end_date, is_cash, transport_method, pet_owner, pet_name, bid_status, feedback, rating) VALUES ('Coleman_Goldner@hotmail.com', 20, '2020-12-11T13:21:26.375Z', '2020-12-14T14:38:36.821Z', true, 'pickup', 'Jany95@gmail.com', 'Johanna', 'submitted', NULL, NULL);
INSERT INTO bid (ct_email, ct_price, start_date, end_date, is_cash, transport_method, pet_owner, pet_name, bid_status, feedback, rating) VALUES ('Mark46@gmail.com', 4, '2020-12-11T13:21:26.375Z', '2020-12-14T14:38:36.821Z', true, 'pcs', 'Taurean.Wilderman@gmail.com', 'Keely', 'submitted', NULL, NULL);
INSERT INTO bid (ct_email, ct_price, start_date, end_date, is_cash, transport_method, pet_owner, pet_name, bid_status, feedback, rating) VALUES ('Joana_Bednar@gmail.com', 15, '2020-12-11T13:21:26.375Z', '2020-12-14T14:38:36.821Z', true, 'pickup', 'Austen.Walker@gmail.com', 'Jarret', 'submitted', NULL, NULL);
INSERT INTO bid (ct_email, ct_price, start_date, end_date, is_cash, transport_method, pet_owner, pet_name, bid_status, feedback, rating) VALUES ('Stacy69@gmail.com', 1, '2020-12-11T13:21:26.375Z', '2020-12-14T14:38:36.821Z', true, 'delivery', 'Sherman.Brown51@hotmail.com', 'Pansy', 'submitted', NULL, NULL);
INSERT INTO bid (ct_email, ct_price, start_date, end_date, is_cash, transport_method, pet_owner, pet_name, bid_status, feedback, rating) VALUES ('Ansley10@yahoo.com', 15, '2020-12-11T13:21:26.375Z', '2020-12-14T14:38:36.821Z', true, 'pickup', 'Tyrel_Murazik@gmail.com', 'Shannon', 'submitted', NULL, NULL);
INSERT INTO bid (ct_email, ct_price, start_date, end_date, is_cash, transport_method, pet_owner, pet_name, bid_status, feedback, rating) VALUES ('Ilene_McCullough@gmail.com', 6, '2020-12-11T13:21:26.375Z', '2020-12-14T14:38:36.821Z', true, 'pickup', 'Barbara.Mitchell36@gmail.com', 'Zachariah', 'submitted', NULL, NULL);
INSERT INTO bid (ct_email, ct_price, start_date, end_date, is_cash, transport_method, pet_owner, pet_name, bid_status, feedback, rating) VALUES ('Cayla_Rodriguez@gmail.com', 12, '2020-12-11T13:21:26.375Z', '2020-12-14T14:38:36.821Z', true, 'pcs', 'Mervin_Mertz@gmail.com', 'Jalyn', 'submitted', NULL, NULL);
INSERT INTO bid (ct_email, ct_price, start_date, end_date, is_cash, transport_method, pet_owner, pet_name, bid_status, feedback, rating) VALUES ('Dorthy10@gmail.com', 18, '2020-12-11T13:21:26.375Z', '2020-12-14T14:38:36.821Z', true, 'delivery', 'Merritt.Bradtke@gmail.com', 'Yadira', 'submitted', NULL, NULL);
INSERT INTO bid (ct_email, ct_price, start_date, end_date, is_cash, transport_method, pet_owner, pet_name, bid_status, feedback, rating) VALUES ('Lou.Medhurst@hotmail.com', 17, '2020-12-11T13:21:26.375Z', '2020-12-14T14:38:36.821Z', true, 'delivery', 'Sarina.Goyette34@gmail.com', 'Marta', 'submitted', NULL, NULL);
INSERT INTO bid (ct_email, ct_price, start_date, end_date, is_cash, transport_method, pet_owner, pet_name, bid_status, feedback, rating) VALUES ('Freeda.Treutel@yahoo.com', 12, '2020-12-11T13:21:26.375Z', '2020-12-14T14:38:36.821Z', true, 'pcs', 'Amari58@hotmail.com', 'Elmo', 'submitted', NULL, NULL);
INSERT INTO bid (ct_email, ct_price, start_date, end_date, is_cash, transport_method, pet_owner, pet_name, bid_status, feedback, rating) VALUES ('Adah9@hotmail.com', 9, '2020-12-11T13:21:26.375Z', '2020-12-14T14:38:36.821Z', true, 'pcs', 'Charity.Wolf32@gmail.com', 'Octavia', 'submitted', NULL, NULL);
INSERT INTO bid (ct_email, ct_price, start_date, end_date, is_cash, transport_method, pet_owner, pet_name, bid_status, feedback, rating) VALUES ('Amira65@hotmail.com', 0, '2020-12-11T13:21:26.375Z', '2020-12-14T14:38:36.821Z', true, 'pickup', 'Tomasa75@hotmail.com', 'Delilah', 'submitted', NULL, NULL);
INSERT INTO bid (ct_email, ct_price, start_date, end_date, is_cash, transport_method, pet_owner, pet_name, bid_status, feedback, rating) VALUES ('Virginia38@yahoo.com', 16, '2020-12-11T13:21:26.375Z', '2020-12-14T14:38:36.821Z', true, 'pcs', 'Kaela_Towne@hotmail.com', 'Albin', 'submitted', NULL, NULL);
INSERT INTO bid (ct_email, ct_price, start_date, end_date, is_cash, transport_method, pet_owner, pet_name, bid_status, feedback, rating) VALUES ('Duncan87@gmail.com', 6, '2020-12-11T13:21:26.375Z', '2020-12-14T14:38:36.821Z', true, 'pickup', 'Brendon.Jakubowski6@gmail.com', 'Laverne', 'submitted', NULL, NULL);
INSERT INTO bid (ct_email, ct_price, start_date, end_date, is_cash, transport_method, pet_owner, pet_name, bid_status, feedback, rating) VALUES ('Haylee24@gmail.com', 15, '2020-12-11T13:21:26.375Z', '2020-12-14T14:38:36.821Z', true, 'pcs', 'Rebecca20@yahoo.com', 'Miguel', 'submitted', NULL, NULL);
INSERT INTO bid (ct_email, ct_price, start_date, end_date, is_cash, transport_method, pet_owner, pet_name, bid_status, feedback, rating) VALUES ('Jewell_Bahringer55@gmail.com', 10, '2020-12-11T13:21:26.375Z', '2020-12-14T14:38:36.821Z', true, 'pcs', 'Thad_Lueilwitz@yahoo.com', 'Trinity', 'submitted', NULL, NULL);
INSERT INTO bid (ct_email, ct_price, start_date, end_date, is_cash, transport_method, pet_owner, pet_name, bid_status, feedback, rating) VALUES ('Nella.Bailey@gmail.com', 15, '2020-12-11T13:21:26.375Z', '2020-12-14T14:38:36.821Z', true, 'pcs', 'Erik.Bartell@hotmail.com', 'Tommie', 'submitted', NULL, NULL);
INSERT INTO bid (ct_email, ct_price, start_date, end_date, is_cash, transport_method, pet_owner, pet_name, bid_status, feedback, rating) VALUES ('Katharina.Kautzer97@gmail.com', 9, '2020-12-11T13:21:26.375Z', '2020-12-14T14:38:36.821Z', true, 'pickup', 'Kennith_Hane@gmail.com', 'Forrest', 'submitted', NULL, NULL);
INSERT INTO bid (ct_email, ct_price, start_date, end_date, is_cash, transport_method, pet_owner, pet_name, bid_status, feedback, rating) VALUES ('Gus.Adams@hotmail.com', 1, '2020-12-11T13:21:26.375Z', '2020-12-14T14:38:36.821Z', true, 'pcs', 'Andre98@hotmail.com', 'Sasha', 'submitted', NULL, NULL);
INSERT INTO bid (ct_email, ct_price, start_date, end_date, is_cash, transport_method, pet_owner, pet_name, bid_status, feedback, rating) VALUES ('Kristian7@gmail.com', 12, '2020-12-11T13:21:26.375Z', '2020-12-14T14:38:36.821Z', true, 'delivery', 'Alex_Runolfsson@gmail.com', 'Frederik', 'submitted', NULL, NULL);
INSERT INTO bid (ct_email, ct_price, start_date, end_date, is_cash, transport_method, pet_owner, pet_name, bid_status, feedback, rating) VALUES ('Tatyana.Lowe@yahoo.com', 1, '2020-12-11T13:21:26.375Z', '2020-12-14T14:38:36.821Z', true, 'pickup', 'Else.Schneider@gmail.com', 'Dasia', 'submitted', NULL, NULL);
INSERT INTO bid (ct_email, ct_price, start_date, end_date, is_cash, transport_method, pet_owner, pet_name, bid_status, feedback, rating) VALUES ('Nat62@hotmail.com', 4, '2020-12-11T13:21:26.375Z', '2020-12-14T14:38:36.821Z', true, 'pickup', 'Heloise.Dietrich61@gmail.com', 'Gracie', 'submitted', NULL, NULL);
INSERT INTO bid (ct_email, ct_price, start_date, end_date, is_cash, transport_method, pet_owner, pet_name, bid_status, feedback, rating) VALUES ('Heloise_OKeefe@yahoo.com', 13, '2020-12-11T13:21:26.375Z', '2020-12-14T14:38:36.821Z', true, 'delivery', 'Davin92@gmail.com', 'Cleo', 'submitted', NULL, NULL);
INSERT INTO bid (ct_email, ct_price, start_date, end_date, is_cash, transport_method, pet_owner, pet_name, bid_status, feedback, rating) VALUES ('Gloria_Zemlak@gmail.com', 7, '2020-12-11T13:21:26.375Z', '2020-12-14T14:38:36.821Z', true, 'delivery', 'Webster.Nitzsche50@gmail.com', 'Lester', 'submitted', NULL, NULL);
INSERT INTO bid (ct_email, ct_price, start_date, end_date, is_cash, transport_method, pet_owner, pet_name, bid_status, feedback, rating) VALUES ('Jaquelin40@yahoo.com', 2, '2020-12-11T13:21:26.375Z', '2020-12-14T14:38:36.821Z', true, 'delivery', 'Albin.Sawayn3@yahoo.com', 'Mohammad', 'submitted', NULL, NULL);
INSERT INTO bid (ct_email, ct_price, start_date, end_date, is_cash, transport_method, pet_owner, pet_name, bid_status, feedback, rating) VALUES ('Jacques.Cummings@hotmail.com', 6, '2020-12-11T13:21:26.375Z', '2020-12-14T14:38:36.821Z', true, 'pickup', 'Lucio76@gmail.com', 'Gay', 'submitted', NULL, NULL);
INSERT INTO bid (ct_email, ct_price, start_date, end_date, is_cash, transport_method, pet_owner, pet_name, bid_status, feedback, rating) VALUES ('Werner7@hotmail.com', 3, '2020-12-11T13:21:26.375Z', '2020-12-14T14:38:36.821Z', true, 'delivery', 'Wilbert_Sawayn46@hotmail.com', 'Bianka', 'submitted', NULL, NULL);
INSERT INTO bid (ct_email, ct_price, start_date, end_date, is_cash, transport_method, pet_owner, pet_name, bid_status, feedback, rating) VALUES ('Candace_Terry29@hotmail.com', 4, '2020-12-11T13:21:26.375Z', '2020-12-14T14:38:36.821Z', true, 'delivery', 'Joyce79@gmail.com', 'Gudrun', 'submitted', NULL, NULL);
INSERT INTO bid (ct_email, ct_price, start_date, end_date, is_cash, transport_method, pet_owner, pet_name, bid_status, feedback, rating) VALUES ('Kailey86@yahoo.com', 4, '2020-12-11T13:21:26.375Z', '2020-12-14T14:38:36.821Z', true, 'pickup', 'Anissa.Volkman@hotmail.com', 'Nettie', 'submitted', NULL, NULL);
INSERT INTO bid (ct_email, ct_price, start_date, end_date, is_cash, transport_method, pet_owner, pet_name, bid_status, feedback, rating) VALUES ('Gudrun38@yahoo.com', 18, '2020-12-11T13:21:26.375Z', '2020-12-14T14:38:36.821Z', true, 'pcs', 'Aylin1@yahoo.com', 'Jaquan', 'submitted', NULL, NULL);
INSERT INTO bid (ct_email, ct_price, start_date, end_date, is_cash, transport_method, pet_owner, pet_name, bid_status, feedback, rating) VALUES ('Keeley71@yahoo.com', 5, '2020-12-11T13:21:26.375Z', '2020-12-14T14:38:36.821Z', true, 'pcs', 'Lucile.Dickinson@gmail.com', 'Eleazar', 'submitted', NULL, NULL);
INSERT INTO bid (ct_email, ct_price, start_date, end_date, is_cash, transport_method, pet_owner, pet_name, bid_status, feedback, rating) VALUES ('Alverta40@gmail.com', 15, '2020-12-11T13:21:26.375Z', '2020-12-14T14:38:36.821Z', true, 'pcs', 'Ramon.Heidenreich96@hotmail.com', 'Ayden', 'submitted', NULL, NULL);
INSERT INTO bid (ct_email, ct_price, start_date, end_date, is_cash, transport_method, pet_owner, pet_name, bid_status, feedback, rating) VALUES ('Luna.Schoen18@yahoo.com', 16, '2020-12-11T13:21:26.375Z', '2020-12-14T14:38:36.821Z', true, 'delivery', 'Ada18@gmail.com', 'Dakota', 'submitted', NULL, NULL);
INSERT INTO bid (ct_email, ct_price, start_date, end_date, is_cash, transport_method, pet_owner, pet_name, bid_status, feedback, rating) VALUES ('Candelario.Schowalter79@hotmail.com', 0, '2020-12-11T13:21:26.375Z', '2020-12-14T14:38:36.821Z', true, 'pcs', 'Adah9@hotmail.com', 'Geovany', 'submitted', NULL, NULL);
INSERT INTO bid (ct_email, ct_price, start_date, end_date, is_cash, transport_method, pet_owner, pet_name, bid_status, feedback, rating) VALUES ('Joana4@hotmail.com', 20, '2020-12-11T13:21:26.375Z', '2020-12-14T14:38:36.821Z', true, 'pcs', 'Russel25@gmail.com', 'Leonel', 'submitted', NULL, NULL);
INSERT INTO bid (ct_email, ct_price, start_date, end_date, is_cash, transport_method, pet_owner, pet_name, bid_status, feedback, rating) VALUES ('Hailie_Stracke@hotmail.com', 11, '2020-12-11T13:21:26.375Z', '2020-12-14T14:38:36.821Z', true, 'pickup', 'Trever60@hotmail.com', 'Chase', 'submitted', NULL, NULL);
INSERT INTO bid (ct_email, ct_price, start_date, end_date, is_cash, transport_method, pet_owner, pet_name, bid_status, feedback, rating) VALUES ('Triston.Lakin0@yahoo.com', 8, '2020-12-11T13:21:26.375Z', '2020-12-14T14:38:36.821Z', true, 'pcs', 'Emmanuelle_Christiansen20@yahoo.com', 'Everette', 'submitted', NULL, NULL);
INSERT INTO bid (ct_email, ct_price, start_date, end_date, is_cash, transport_method, pet_owner, pet_name, bid_status, feedback, rating) VALUES ('Bart_Glover@yahoo.com', 8, '2020-12-11T13:21:26.375Z', '2020-12-14T14:38:36.821Z', true, 'pickup', 'Naomi_Abbott67@gmail.com', 'Hyman', 'submitted', NULL, NULL);
INSERT INTO bid (ct_email, ct_price, start_date, end_date, is_cash, transport_method, pet_owner, pet_name, bid_status, feedback, rating) VALUES ('Abel_Kilback51@yahoo.com', 8, '2020-12-11T13:21:26.375Z', '2020-12-14T14:38:36.821Z', true, 'pickup', 'Ivah10@gmail.com', 'Vivianne', 'submitted', NULL, NULL);
INSERT INTO bid (ct_email, ct_price, start_date, end_date, is_cash, transport_method, pet_owner, pet_name, bid_status, feedback, rating) VALUES ('Paolo_Lesch93@hotmail.com', 8, '2020-12-11T13:21:26.375Z', '2020-12-14T14:38:36.821Z', true, 'pcs', 'Myah_Walsh@gmail.com', 'Elvis', 'submitted', NULL, NULL);
INSERT INTO bid (ct_email, ct_price, start_date, end_date, is_cash, transport_method, pet_owner, pet_name, bid_status, feedback, rating) VALUES ('Giovanni.Howe49@gmail.com', 4, '2020-12-11T13:21:26.375Z', '2020-12-14T14:38:36.821Z', true, 'pcs', 'Toy.Gleason@hotmail.com', 'Zetta', 'submitted', NULL, NULL);
INSERT INTO bid (ct_email, ct_price, start_date, end_date, is_cash, transport_method, pet_owner, pet_name, bid_status, feedback, rating) VALUES ('Stephen.Weimann@yahoo.com', 10, '2020-12-11T13:21:26.375Z', '2020-12-14T14:38:36.821Z', true, 'delivery', 'Leif_Gerhold64@yahoo.com', 'Krystel', 'submitted', NULL, NULL);
INSERT INTO bid (ct_email, ct_price, start_date, end_date, is_cash, transport_method, pet_owner, pet_name, bid_status, feedback, rating) VALUES ('Clint8@hotmail.com', 11, '2020-12-11T13:21:26.375Z', '2020-12-14T14:38:36.821Z', true, 'delivery', 'Carlie_Erdman@hotmail.com', 'Murphy', 'submitted', NULL, NULL);
INSERT INTO bid (ct_email, ct_price, start_date, end_date, is_cash, transport_method, pet_owner, pet_name, bid_status, feedback, rating) VALUES ('Adan_Haley79@hotmail.com', 12, '2020-12-11T13:21:26.375Z', '2020-12-14T14:38:36.821Z', true, 'pickup', 'Jerome.Bauch@yahoo.com', 'Reagan', 'submitted', NULL, NULL);
INSERT INTO bid (ct_email, ct_price, start_date, end_date, is_cash, transport_method, pet_owner, pet_name, bid_status, feedback, rating) VALUES ('Agustin_Daniel92@hotmail.com', 8, '2020-12-11T13:21:26.375Z', '2020-12-14T14:38:36.821Z', true, 'pickup', 'Flavie_Pacocha7@yahoo.com', 'Jules', 'submitted', NULL, NULL);
INSERT INTO bid (ct_email, ct_price, start_date, end_date, is_cash, transport_method, pet_owner, pet_name, bid_status, feedback, rating) VALUES ('Breana96@gmail.com', 16, '2020-12-11T13:21:26.375Z', '2020-12-14T14:38:36.821Z', true, 'delivery', 'Mohamed_Kshlerin@hotmail.com', 'Pauline', 'submitted', NULL, NULL);
INSERT INTO bid (ct_email, ct_price, start_date, end_date, is_cash, transport_method, pet_owner, pet_name, bid_status, feedback, rating) VALUES ('Cordie30@yahoo.com', 18, '2020-12-11T13:21:26.375Z', '2020-12-14T14:38:36.821Z', true, 'pcs', 'Ashley_Brekke75@hotmail.com', 'Dimitri', 'submitted', NULL, NULL);
INSERT INTO bid (ct_email, ct_price, start_date, end_date, is_cash, transport_method, pet_owner, pet_name, bid_status, feedback, rating) VALUES ('Oleta45@hotmail.com', 20, '2020-12-11T13:21:26.375Z', '2020-12-14T14:38:36.821Z', true, 'delivery', 'Gudrun38@yahoo.com', 'Wallace', 'submitted', NULL, NULL);
INSERT INTO bid (ct_email, ct_price, start_date, end_date, is_cash, transport_method, pet_owner, pet_name, bid_status, feedback, rating) VALUES ('Otis.Lubowitz47@hotmail.com', 4, '2020-12-11T13:21:26.375Z', '2020-12-14T14:38:36.821Z', true, 'pickup', 'Amalia_Miller@yahoo.com', 'Kallie', 'submitted', NULL, NULL);
INSERT INTO bid (ct_email, ct_price, start_date, end_date, is_cash, transport_method, pet_owner, pet_name, bid_status, feedback, rating) VALUES ('Cesar.Mraz@gmail.com', 12, '2020-12-11T13:21:26.375Z', '2020-12-14T14:38:36.821Z', true, 'delivery', 'Janessa71@hotmail.com', 'Frankie', 'submitted', NULL, NULL);
INSERT INTO bid (ct_email, ct_price, start_date, end_date, is_cash, transport_method, pet_owner, pet_name, bid_status, feedback, rating) VALUES ('Dale_Breitenberg@gmail.com', 12, '2020-12-11T13:21:26.375Z', '2020-12-14T14:38:36.821Z', true, 'pickup', 'Lukas.Mayer16@gmail.com', 'Alana', 'submitted', NULL, NULL);
INSERT INTO bid (ct_email, ct_price, start_date, end_date, is_cash, transport_method, pet_owner, pet_name, bid_status, feedback, rating) VALUES ('Hobart.Windler@hotmail.com', 8, '2020-12-11T13:21:26.375Z', '2020-12-14T14:38:36.821Z', true, 'pickup', 'Luna.Schoen18@yahoo.com', 'Adalberto', 'submitted', NULL, NULL);
INSERT INTO bid (ct_email, ct_price, start_date, end_date, is_cash, transport_method, pet_owner, pet_name, bid_status, feedback, rating) VALUES ('Estella89@yahoo.com', 7, '2020-12-11T13:21:26.375Z', '2020-12-14T14:38:36.821Z', true, 'pcs', 'Mable_Daugherty99@hotmail.com', 'Deshawn', 'submitted', NULL, NULL);
INSERT INTO bid (ct_email, ct_price, start_date, end_date, is_cash, transport_method, pet_owner, pet_name, bid_status, feedback, rating) VALUES ('Isaac_Blanda@gmail.com', 2, '2020-12-11T13:21:26.375Z', '2020-12-14T14:38:36.821Z', true, 'delivery', 'Joaquin.Terry@hotmail.com', 'Wanda', 'submitted', NULL, NULL);
INSERT INTO bid (ct_email, ct_price, start_date, end_date, is_cash, transport_method, pet_owner, pet_name, bid_status, feedback, rating) VALUES ('Mariano54@gmail.com', 5, '2020-12-11T13:21:26.375Z', '2020-12-14T14:38:36.821Z', true, 'delivery', 'Ivah.Pouros64@gmail.com', 'Asha', 'submitted', NULL, NULL);
INSERT INTO bid (ct_email, ct_price, start_date, end_date, is_cash, transport_method, pet_owner, pet_name, bid_status, feedback, rating) VALUES ('Margarette_Graham@gmail.com', 11, '2020-12-11T13:21:26.375Z', '2020-12-14T14:38:36.821Z', true, 'pickup', 'Milton_Marvin81@gmail.com', 'Raina', 'submitted', NULL, NULL);
INSERT INTO bid (ct_email, ct_price, start_date, end_date, is_cash, transport_method, pet_owner, pet_name, bid_status, feedback, rating) VALUES ('Ceasar.Friesen63@yahoo.com', 5, '2020-12-11T13:21:26.375Z', '2020-12-14T14:38:36.821Z', true, 'pickup', 'Angelita_Herman70@hotmail.com', 'Aileen', 'submitted', NULL, NULL);
INSERT INTO bid (ct_email, ct_price, start_date, end_date, is_cash, transport_method, pet_owner, pet_name, bid_status, feedback, rating) VALUES ('Bart.Strosin@gmail.com', 12, '2020-12-11T13:21:26.375Z', '2020-12-14T14:38:36.821Z', true, 'pcs', 'Ludwig_Hessel@yahoo.com', 'Cale', 'submitted', NULL, NULL);
INSERT INTO bid (ct_email, ct_price, start_date, end_date, is_cash, transport_method, pet_owner, pet_name, bid_status, feedback, rating) VALUES ('Julian.Lubowitz@gmail.com', 18, '2020-12-11T13:21:26.375Z', '2020-12-14T14:38:36.821Z', true, 'delivery', 'Antonio.Ortiz@hotmail.com', 'Uriah', 'submitted', NULL, NULL);
INSERT INTO bid (ct_email, ct_price, start_date, end_date, is_cash, transport_method, pet_owner, pet_name, bid_status, feedback, rating) VALUES ('Sylvia80@yahoo.com', 16, '2020-12-11T13:21:26.375Z', '2020-12-14T14:38:36.821Z', true, 'pickup', 'Asha_Okuneva52@gmail.com', 'Dortha', 'submitted', NULL, NULL);
INSERT INTO bid (ct_email, ct_price, start_date, end_date, is_cash, transport_method, pet_owner, pet_name, bid_status, feedback, rating) VALUES ('Dominic_Koss85@yahoo.com', 13, '2020-12-11T13:21:26.375Z', '2020-12-14T14:38:36.821Z', true, 'delivery', 'Octavia.Borer@gmail.com', 'Nicole', 'submitted', NULL, NULL);
INSERT INTO bid (ct_email, ct_price, start_date, end_date, is_cash, transport_method, pet_owner, pet_name, bid_status, feedback, rating) VALUES ('Art.Mante87@hotmail.com', 12, '2020-12-11T13:21:26.375Z', '2020-12-14T14:38:36.821Z', true, 'pickup', 'Cole78@gmail.com', 'Clinton', 'submitted', NULL, NULL);
INSERT INTO bid (ct_email, ct_price, start_date, end_date, is_cash, transport_method, pet_owner, pet_name, bid_status, feedback, rating) VALUES ('Mandy_Bashirian74@hotmail.com', 2, '2020-12-11T13:21:26.375Z', '2020-12-14T14:38:36.821Z', true, 'pickup', 'Kurt51@hotmail.com', 'Joelle', 'submitted', NULL, NULL);
INSERT INTO bid (ct_email, ct_price, start_date, end_date, is_cash, transport_method, pet_owner, pet_name, bid_status, feedback, rating) VALUES ('Dante.Hudson@gmail.com', 5, '2020-12-11T13:21:26.375Z', '2020-12-14T14:38:36.821Z', true, 'pcs', 'Jovany64@hotmail.com', 'Alize', 'submitted', NULL, NULL);
INSERT INTO bid (ct_email, ct_price, start_date, end_date, is_cash, transport_method, pet_owner, pet_name, bid_status, feedback, rating) VALUES ('Ludwig_Hessel@yahoo.com', 11, '2020-12-11T13:21:26.375Z', '2020-12-14T14:38:36.821Z', true, 'delivery', 'Roselyn.Sawayn@hotmail.com', 'Gabriella', 'submitted', NULL, NULL);
INSERT INTO bid (ct_email, ct_price, start_date, end_date, is_cash, transport_method, pet_owner, pet_name, bid_status, feedback, rating) VALUES ('Ford52@gmail.com', 7, '2020-12-11T13:21:26.375Z', '2020-12-14T14:38:36.821Z', true, 'pcs', 'Alexandro63@yahoo.com', 'Nova', 'submitted', NULL, NULL);
INSERT INTO bid (ct_email, ct_price, start_date, end_date, is_cash, transport_method, pet_owner, pet_name, bid_status, feedback, rating) VALUES ('Kadin30@yahoo.com', 15, '2020-12-11T13:21:26.375Z', '2020-12-14T14:38:36.821Z', true, 'pickup', 'Alessia88@hotmail.com', 'Myron', 'submitted', NULL, NULL);
INSERT INTO bid (ct_email, ct_price, start_date, end_date, is_cash, transport_method, pet_owner, pet_name, bid_status, feedback, rating) VALUES ('Herta20@hotmail.com', 3, '2020-12-11T13:21:26.375Z', '2020-12-14T14:38:36.821Z', true, 'pickup', 'Savannah33@gmail.com', 'Mavis', 'submitted', NULL, NULL);
INSERT INTO bid (ct_email, ct_price, start_date, end_date, is_cash, transport_method, pet_owner, pet_name, bid_status, feedback, rating) VALUES ('Carlie_Erdman@hotmail.com', 16, '2020-12-11T13:21:26.375Z', '2020-12-14T14:38:36.821Z', true, 'delivery', 'Keenan.Grady80@hotmail.com', 'Esteban', 'submitted', NULL, NULL);
INSERT INTO bid (ct_email, ct_price, start_date, end_date, is_cash, transport_method, pet_owner, pet_name, bid_status, feedback, rating) VALUES ('Effie.Swift73@gmail.com', 12, '2020-12-11T13:21:26.375Z', '2020-12-14T14:38:36.821Z', true, 'pickup', 'Kendra60@hotmail.com', 'Audrey', 'submitted', NULL, NULL);
INSERT INTO bid (ct_email, ct_price, start_date, end_date, is_cash, transport_method, pet_owner, pet_name, bid_status, feedback, rating) VALUES ('Viviane41@hotmail.com', 7, '2020-12-11T13:21:26.375Z', '2020-12-14T14:38:36.821Z', true, 'delivery', 'Norval_Lockman24@yahoo.com', 'Max', 'submitted', NULL, NULL);
INSERT INTO bid (ct_email, ct_price, start_date, end_date, is_cash, transport_method, pet_owner, pet_name, bid_status, feedback, rating) VALUES ('Maverick8@gmail.com', 1, '2020-12-11T13:21:26.375Z', '2020-12-14T14:38:36.821Z', true, 'pcs', 'Vernice.Gaylord@gmail.com', 'Eden', 'submitted', NULL, NULL);
INSERT INTO bid (ct_email, ct_price, start_date, end_date, is_cash, transport_method, pet_owner, pet_name, bid_status, feedback, rating) VALUES ('Julien15@hotmail.com', 2, '2020-12-11T13:21:26.375Z', '2020-12-14T14:38:36.821Z', true, 'delivery', 'Angeline.Wiza46@hotmail.com', 'Elta', 'submitted', NULL, NULL);
INSERT INTO bid (ct_email, ct_price, start_date, end_date, is_cash, transport_method, pet_owner, pet_name, bid_status, feedback, rating) VALUES ('Percy_Langworth60@hotmail.com', 1, '2020-12-11T13:21:26.375Z', '2020-12-14T14:38:36.821Z', true, 'pickup', 'Easton62@gmail.com', 'Rey', 'submitted', NULL, NULL);
INSERT INTO bid (ct_email, ct_price, start_date, end_date, is_cash, transport_method, pet_owner, pet_name, bid_status, feedback, rating) VALUES ('Keagan28@gmail.com', 10, '2020-12-11T13:21:26.375Z', '2020-12-14T14:38:36.821Z', true, 'pcs', 'Juliana87@hotmail.com', 'London', 'submitted', NULL, NULL);
INSERT INTO bid (ct_email, ct_price, start_date, end_date, is_cash, transport_method, pet_owner, pet_name, bid_status, feedback, rating) VALUES ('Amari58@hotmail.com', 20, '2020-12-11T13:21:26.375Z', '2020-12-14T14:38:36.821Z', true, 'pcs', 'Trudie55@hotmail.com', 'Leif', 'submitted', NULL, NULL);
INSERT INTO bid (ct_email, ct_price, start_date, end_date, is_cash, transport_method, pet_owner, pet_name, bid_status, feedback, rating) VALUES ('Vesta.Gislason90@yahoo.com', 6, '2020-12-11T13:21:26.375Z', '2020-12-14T14:38:36.821Z', true, 'delivery', 'Yasmine_Jenkins69@gmail.com', 'Jarrett', 'submitted', NULL, NULL);
INSERT INTO bid (ct_email, ct_price, start_date, end_date, is_cash, transport_method, pet_owner, pet_name, bid_status, feedback, rating) VALUES ('Ford_Price@hotmail.com', 1, '2020-12-11T13:21:26.375Z', '2020-12-14T14:38:36.821Z', true, 'pickup', 'Dalton38@gmail.com', 'Axel', 'submitted', NULL, NULL);
INSERT INTO bid (ct_email, ct_price, start_date, end_date, is_cash, transport_method, pet_owner, pet_name, bid_status, feedback, rating) VALUES ('Dylan.Franecki95@gmail.com', 2, '2020-12-11T13:21:26.375Z', '2020-12-14T14:38:36.821Z', true, 'delivery', 'Marielle_Deckow84@yahoo.com', 'Chesley', 'submitted', NULL, NULL);
INSERT INTO bid (ct_email, ct_price, start_date, end_date, is_cash, transport_method, pet_owner, pet_name, bid_status, feedback, rating) VALUES ('Jovany64@hotmail.com', 14, '2020-12-11T13:21:26.375Z', '2020-12-14T14:38:36.821Z', true, 'pcs', 'Keyon.Kiehn@hotmail.com', 'Makenzie', 'submitted', NULL, NULL);
INSERT INTO bid (ct_email, ct_price, start_date, end_date, is_cash, transport_method, pet_owner, pet_name, bid_status, feedback, rating) VALUES ('Edd45@gmail.com', 11, '2020-12-11T13:21:26.375Z', '2020-12-14T14:38:36.821Z', true, 'pcs', 'Torrance49@hotmail.com', 'Concepcion', 'submitted', NULL, NULL);
INSERT INTO bid (ct_email, ct_price, start_date, end_date, is_cash, transport_method, pet_owner, pet_name, bid_status, feedback, rating) VALUES ('Cheyanne_Cronin97@gmail.com', 2, '2020-12-11T13:21:26.375Z', '2020-12-14T14:38:36.821Z', true, 'pickup', 'Carter.Torphy@hotmail.com', 'Daryl', 'submitted', NULL, NULL);
INSERT INTO bid (ct_email, ct_price, start_date, end_date, is_cash, transport_method, pet_owner, pet_name, bid_status, feedback, rating) VALUES ('Eldora_Schneider@yahoo.com', 7, '2020-12-11T13:21:26.375Z', '2020-12-14T14:38:36.821Z', true, 'pcs', 'Kathleen_Wiegand3@hotmail.com', 'Mauricio', 'submitted', NULL, NULL);
INSERT INTO bid (ct_email, ct_price, start_date, end_date, is_cash, transport_method, pet_owner, pet_name, bid_status, feedback, rating) VALUES ('Everett_Krajcik@gmail.com', 15, '2020-12-11T13:21:26.375Z', '2020-12-14T14:38:36.821Z', true, 'pcs', 'Dante.King90@yahoo.com', 'Maryjane', 'submitted', NULL, NULL);
INSERT INTO bid (ct_email, ct_price, start_date, end_date, is_cash, transport_method, pet_owner, pet_name, bid_status, feedback, rating) VALUES ('Alex_Runolfsson@gmail.com', 9, '2020-12-11T13:21:26.375Z', '2020-12-14T14:38:36.821Z', true, 'delivery', 'Vernice.Bogan31@yahoo.com', 'Noemie', 'submitted', NULL, NULL);
INSERT INTO bid (ct_email, ct_price, start_date, end_date, is_cash, transport_method, pet_owner, pet_name, bid_status, feedback, rating) VALUES ('Ethelyn41@hotmail.com', 9, '2020-12-11T13:21:26.375Z', '2020-12-14T14:38:36.821Z', true, 'pcs', 'Keshawn_Predovic@yahoo.com', 'Vada', 'submitted', NULL, NULL);
INSERT INTO bid (ct_email, ct_price, start_date, end_date, is_cash, transport_method, pet_owner, pet_name, bid_status, feedback, rating) VALUES ('Grayson.Huels@yahoo.com', 17, '2020-12-11T13:21:26.375Z', '2020-12-14T14:38:36.821Z', true, 'pcs', 'Brenna17@gmail.com', 'Laron', 'submitted', NULL, NULL);
INSERT INTO bid (ct_email, ct_price, start_date, end_date, is_cash, transport_method, pet_owner, pet_name, bid_status, feedback, rating) VALUES ('Angela_Heaney@gmail.com', 5, '2020-12-11T13:21:26.375Z', '2020-12-14T14:38:36.821Z', true, 'pickup', 'Arnoldo74@hotmail.com', 'Gillian', 'submitted', NULL, NULL);
INSERT INTO bid (ct_email, ct_price, start_date, end_date, is_cash, transport_method, pet_owner, pet_name, bid_status, feedback, rating) VALUES ('Wendy67@yahoo.com', 15, '2020-12-11T13:21:26.375Z', '2020-12-14T14:38:36.821Z', true, 'pickup', 'Hailie_Stracke@hotmail.com', 'Lavina', 'submitted', NULL, NULL);
INSERT INTO bid (ct_email, ct_price, start_date, end_date, is_cash, transport_method, pet_owner, pet_name, bid_status, feedback, rating) VALUES ('Natalia_Pfeffer68@hotmail.com', 11, '2020-12-11T13:21:26.375Z', '2020-12-14T14:38:36.821Z', true, 'delivery', 'Sydney19@hotmail.com', 'Samantha', 'submitted', NULL, NULL);
INSERT INTO bid (ct_email, ct_price, start_date, end_date, is_cash, transport_method, pet_owner, pet_name, bid_status, feedback, rating) VALUES ('Meredith_Heidenreich@gmail.com', 18, '2020-12-11T13:21:26.375Z', '2020-12-14T14:38:36.821Z', true, 'pickup', 'Santiago_Strosin@yahoo.com', 'Jerel', 'submitted', NULL, NULL);
INSERT INTO bid (ct_email, ct_price, start_date, end_date, is_cash, transport_method, pet_owner, pet_name, bid_status, feedback, rating) VALUES ('Curtis81@hotmail.com', 5, '2020-12-11T13:21:26.375Z', '2020-12-14T14:38:36.821Z', true, 'pcs', 'Javonte90@yahoo.com', 'Darian', 'submitted', NULL, NULL);
INSERT INTO bid (ct_email, ct_price, start_date, end_date, is_cash, transport_method, pet_owner, pet_name, bid_status, feedback, rating) VALUES ('Octavia.Block61@yahoo.com', 12, '2020-12-11T13:21:26.375Z', '2020-12-14T14:38:36.821Z', true, 'pcs', 'Waino51@hotmail.com', 'Izaiah', 'submitted', NULL, NULL);
INSERT INTO bid (ct_email, ct_price, start_date, end_date, is_cash, transport_method, pet_owner, pet_name, bid_status, feedback, rating) VALUES ('Viviane_Borer14@hotmail.com', 16, '2020-12-11T13:21:26.375Z', '2020-12-14T14:38:36.821Z', true, 'pcs', 'Dorothy.Muller@yahoo.com', 'Nya', 'submitted', NULL, NULL);
INSERT INTO bid (ct_email, ct_price, start_date, end_date, is_cash, transport_method, pet_owner, pet_name, bid_status, feedback, rating) VALUES ('Lyric.Feest25@yahoo.com', 14, '2020-12-11T13:21:26.375Z', '2020-12-14T14:38:36.821Z', true, 'delivery', 'Hanna.Homenick31@yahoo.com', 'Savannah', 'submitted', NULL, NULL);
INSERT INTO bid (ct_email, ct_price, start_date, end_date, is_cash, transport_method, pet_owner, pet_name, bid_status, feedback, rating) VALUES ('Cary79@hotmail.com', 0, '2020-12-11T13:21:26.375Z', '2020-12-14T14:38:36.821Z', true, 'pcs', 'Ubaldo37@gmail.com', 'Toy', 'submitted', NULL, NULL);
INSERT INTO bid (ct_email, ct_price, start_date, end_date, is_cash, transport_method, pet_owner, pet_name, bid_status, feedback, rating) VALUES ('Stanton_Rath8@yahoo.com', 11, '2020-12-11T13:21:26.375Z', '2020-12-14T14:38:36.821Z', true, 'pcs', 'Karlie59@yahoo.com', 'Anastasia', 'submitted', NULL, NULL);
INSERT INTO bid (ct_email, ct_price, start_date, end_date, is_cash, transport_method, pet_owner, pet_name, bid_status, feedback, rating) VALUES ('Breanna_Swaniawski58@gmail.com', 20, '2020-12-11T13:21:26.375Z', '2020-12-14T14:38:36.821Z', true, 'pcs', 'Joe27@gmail.com', 'Layla', 'submitted', NULL, NULL);
INSERT INTO bid (ct_email, ct_price, start_date, end_date, is_cash, transport_method, pet_owner, pet_name, bid_status, feedback, rating) VALUES ('Olga.Crist40@gmail.com', 16, '2020-12-11T13:21:26.375Z', '2020-12-14T14:38:36.821Z', true, 'pickup', 'Westley_Hyatt@yahoo.com', 'Matilda', 'submitted', NULL, NULL);
INSERT INTO bid (ct_email, ct_price, start_date, end_date, is_cash, transport_method, pet_owner, pet_name, bid_status, feedback, rating) VALUES ('Tobin67@gmail.com', 4, '2020-12-11T13:21:26.375Z', '2020-12-14T14:38:36.821Z', true, 'pickup', 'Hanna_McClure@gmail.com', 'Kirstin', 'submitted', NULL, NULL);
INSERT INTO bid (ct_email, ct_price, start_date, end_date, is_cash, transport_method, pet_owner, pet_name, bid_status, feedback, rating) VALUES ('Antoinette44@hotmail.com', 4, '2020-12-11T13:21:26.375Z', '2020-12-14T14:38:36.821Z', true, 'pcs', 'Bud_Crooks@yahoo.com', 'Concepcion', 'submitted', NULL, NULL);
INSERT INTO bid (ct_email, ct_price, start_date, end_date, is_cash, transport_method, pet_owner, pet_name, bid_status, feedback, rating) VALUES ('Keith.Wisoky74@gmail.com', 9, '2020-12-11T13:21:26.375Z', '2020-12-14T14:38:36.821Z', true, 'pcs', 'Bianka.Oberbrunner41@gmail.com', 'Kasandra', 'submitted', NULL, NULL);
INSERT INTO bid (ct_email, ct_price, start_date, end_date, is_cash, transport_method, pet_owner, pet_name, bid_status, feedback, rating) VALUES ('Marianne.Predovic99@gmail.com', 3, '2020-12-11T13:21:26.375Z', '2020-12-14T14:38:36.821Z', true, 'pcs', 'Carson47@gmail.com', 'Stacey', 'submitted', NULL, NULL);
INSERT INTO bid (ct_email, ct_price, start_date, end_date, is_cash, transport_method, pet_owner, pet_name, bid_status, feedback, rating) VALUES ('Lilliana_Steuber@hotmail.com', 14, '2020-12-11T13:21:26.375Z', '2020-12-14T14:38:36.821Z', true, 'pickup', 'Stanton_Rath8@yahoo.com', 'Kennith', 'submitted', NULL, NULL);
INSERT INTO bid (ct_email, ct_price, start_date, end_date, is_cash, transport_method, pet_owner, pet_name, bid_status, feedback, rating) VALUES ('Turner.Shields76@yahoo.com', 0, '2020-12-11T13:21:26.375Z', '2020-12-14T14:38:36.821Z', true, 'delivery', 'Clark.Terry57@gmail.com', 'Ines', 'submitted', NULL, NULL);
INSERT INTO bid (ct_email, ct_price, start_date, end_date, is_cash, transport_method, pet_owner, pet_name, bid_status, feedback, rating) VALUES ('Kellie69@gmail.com', 13, '2020-12-11T13:21:26.375Z', '2020-12-14T14:38:36.821Z', true, 'pcs', 'Elliott.Toy83@hotmail.com', 'Shemar', 'submitted', NULL, NULL);
INSERT INTO bid (ct_email, ct_price, start_date, end_date, is_cash, transport_method, pet_owner, pet_name, bid_status, feedback, rating) VALUES ('Milford_Rath@yahoo.com', 8, '2020-12-11T13:21:26.375Z', '2020-12-14T14:38:36.821Z', true, 'pcs', 'Guido98@hotmail.com', 'Yazmin', 'submitted', NULL, NULL);
INSERT INTO bid (ct_email, ct_price, start_date, end_date, is_cash, transport_method, pet_owner, pet_name, bid_status, feedback, rating) VALUES ('Rosalia.Crona@hotmail.com', 0, '2020-12-11T13:21:26.375Z', '2020-12-14T14:38:36.821Z', true, 'pickup', 'Jacques.Cummings@hotmail.com', 'Roxane', 'submitted', NULL, NULL);
INSERT INTO bid (ct_email, ct_price, start_date, end_date, is_cash, transport_method, pet_owner, pet_name, bid_status, feedback, rating) VALUES ('German_Frami83@gmail.com', 17, '2020-12-11T13:21:26.375Z', '2020-12-14T14:38:36.821Z', true, 'delivery', 'Bradford_Ondricka33@yahoo.com', 'Kaela', 'submitted', NULL, NULL);
INSERT INTO bid (ct_email, ct_price, start_date, end_date, is_cash, transport_method, pet_owner, pet_name, bid_status, feedback, rating) VALUES ('Darryl_Ward@hotmail.com', 9, '2020-12-11T13:21:26.375Z', '2020-12-14T14:38:36.821Z', true, 'pcs', 'Elton_Schiller@gmail.com', 'Ila', 'submitted', NULL, NULL);
INSERT INTO bid (ct_email, ct_price, start_date, end_date, is_cash, transport_method, pet_owner, pet_name, bid_status, feedback, rating) VALUES ('Bennett6@gmail.com', 4, '2020-12-11T13:21:26.375Z', '2020-12-14T14:38:36.821Z', true, 'pickup', 'Tyrese49@hotmail.com', 'Clemens', 'submitted', NULL, NULL);
INSERT INTO bid (ct_email, ct_price, start_date, end_date, is_cash, transport_method, pet_owner, pet_name, bid_status, feedback, rating) VALUES ('Dante.King90@yahoo.com', 7, '2020-12-11T13:21:26.375Z', '2020-12-14T14:38:36.821Z', true, 'pcs', 'Clint8@hotmail.com', 'Roel', 'submitted', NULL, NULL);
INSERT INTO bid (ct_email, ct_price, start_date, end_date, is_cash, transport_method, pet_owner, pet_name, bid_status, feedback, rating) VALUES ('Adella_Predovic@yahoo.com', 7, '2020-12-11T13:21:26.375Z', '2020-12-14T14:38:36.821Z', true, 'delivery', 'Katrina_Kutch@yahoo.com', 'Leonora', 'submitted', NULL, NULL);
INSERT INTO bid (ct_email, ct_price, start_date, end_date, is_cash, transport_method, pet_owner, pet_name, bid_status, feedback, rating) VALUES ('Erwin_Heller@hotmail.com', 2, '2020-12-11T13:21:26.375Z', '2020-12-14T14:38:36.821Z', true, 'pickup', 'Kathryn.White@yahoo.com', 'Ebony', 'submitted', NULL, NULL);
INSERT INTO bid (ct_email, ct_price, start_date, end_date, is_cash, transport_method, pet_owner, pet_name, bid_status, feedback, rating) VALUES ('Janet.Rosenbaum81@gmail.com', 20, '2020-12-11T13:21:26.375Z', '2020-12-14T14:38:36.821Z', true, 'delivery', 'Chadd87@yahoo.com', 'Selmer', 'submitted', NULL, NULL);
INSERT INTO bid (ct_email, ct_price, start_date, end_date, is_cash, transport_method, pet_owner, pet_name, bid_status, feedback, rating) VALUES ('Terrence_Will@gmail.com', 17, '2020-12-11T13:21:26.375Z', '2020-12-14T14:38:36.821Z', true, 'pcs', 'Lenore75@hotmail.com', 'Tanya', 'submitted', NULL, NULL);
INSERT INTO bid (ct_email, ct_price, start_date, end_date, is_cash, transport_method, pet_owner, pet_name, bid_status, feedback, rating) VALUES ('Amalia_Miller@yahoo.com', 4, '2020-12-11T13:21:26.375Z', '2020-12-14T14:38:36.821Z', true, 'delivery', 'Angelica.Schinner@hotmail.com', 'Hollis', 'submitted', NULL, NULL);
INSERT INTO bid (ct_email, ct_price, start_date, end_date, is_cash, transport_method, pet_owner, pet_name, bid_status, feedback, rating) VALUES ('Jovany.Will@gmail.com', 8, '2020-12-11T13:21:26.375Z', '2020-12-14T14:38:36.821Z', true, 'pickup', 'Joana_Bednar@gmail.com', 'Heaven', 'submitted', NULL, NULL);
INSERT INTO bid (ct_email, ct_price, start_date, end_date, is_cash, transport_method, pet_owner, pet_name, bid_status, feedback, rating) VALUES ('Liliana77@gmail.com', 4, '2020-12-11T13:21:26.375Z', '2020-12-14T14:38:36.821Z', true, 'delivery', 'Milford_Rath@yahoo.com', 'Princess', 'submitted', NULL, NULL);
INSERT INTO bid (ct_email, ct_price, start_date, end_date, is_cash, transport_method, pet_owner, pet_name, bid_status, feedback, rating) VALUES ('William_McLaughlin@gmail.com', 5, '2020-12-11T13:21:26.375Z', '2020-12-14T14:38:36.821Z', true, 'delivery', 'Jovanny43@yahoo.com', 'Archibald', 'submitted', NULL, NULL);
INSERT INTO bid (ct_email, ct_price, start_date, end_date, is_cash, transport_method, pet_owner, pet_name, bid_status, feedback, rating) VALUES ('Savannah33@gmail.com', 8, '2020-12-11T13:21:26.375Z', '2020-12-14T14:38:36.821Z', true, 'pickup', 'Veda.Hagenes@yahoo.com', 'Everette', 'submitted', NULL, NULL);
INSERT INTO bid (ct_email, ct_price, start_date, end_date, is_cash, transport_method, pet_owner, pet_name, bid_status, feedback, rating) VALUES ('Chadd87@yahoo.com', 6, '2020-12-11T13:21:26.375Z', '2020-12-14T14:38:36.821Z', true, 'pickup', 'Henderson_Fritsch@hotmail.com', 'Weston', 'submitted', NULL, NULL);
INSERT INTO bid (ct_email, ct_price, start_date, end_date, is_cash, transport_method, pet_owner, pet_name, bid_status, feedback, rating) VALUES ('Edna77@hotmail.com', 14, '2020-12-11T13:21:26.375Z', '2020-12-14T14:38:36.821Z', true, 'delivery', 'Tyler20@gmail.com', 'Allie', 'submitted', NULL, NULL);
INSERT INTO bid (ct_email, ct_price, start_date, end_date, is_cash, transport_method, pet_owner, pet_name, bid_status, feedback, rating) VALUES ('Reggie.Cormier0@yahoo.com', 8, '2020-12-11T13:21:26.375Z', '2020-12-14T14:38:36.821Z', true, 'delivery', 'Stefanie_Roob17@gmail.com', 'Everette', 'submitted', NULL, NULL);
INSERT INTO bid (ct_email, ct_price, start_date, end_date, is_cash, transport_method, pet_owner, pet_name, bid_status, feedback, rating) VALUES ('Fanny_Weimann@yahoo.com', 13, '2020-12-11T13:21:26.375Z', '2020-12-14T14:38:36.821Z', true, 'delivery', 'Delfina.Sipes@hotmail.com', 'Jeffry', 'submitted', NULL, NULL);
INSERT INTO bid (ct_email, ct_price, start_date, end_date, is_cash, transport_method, pet_owner, pet_name, bid_status, feedback, rating) VALUES ('Mohamed_Kshlerin@hotmail.com', 20, '2020-12-11T13:21:26.375Z', '2020-12-14T14:38:36.821Z', true, 'pickup', 'Tristian_Heller31@yahoo.com', 'Stanford', 'submitted', NULL, NULL);
INSERT INTO bid (ct_email, ct_price, start_date, end_date, is_cash, transport_method, pet_owner, pet_name, bid_status, feedback, rating) VALUES ('Halie49@hotmail.com', 14, '2020-12-11T13:21:26.375Z', '2020-12-14T14:38:36.821Z', true, 'pickup', 'Violette.Mraz29@gmail.com', 'Verdie', 'submitted', NULL, NULL);
INSERT INTO bid (ct_email, ct_price, start_date, end_date, is_cash, transport_method, pet_owner, pet_name, bid_status, feedback, rating) VALUES ('Alison_Jaskolski@hotmail.com', 17, '2020-12-11T13:21:26.375Z', '2020-12-14T14:38:36.821Z', true, 'delivery', 'Josie.Bailey@gmail.com', 'Justine', 'submitted', NULL, NULL);
INSERT INTO bid (ct_email, ct_price, start_date, end_date, is_cash, transport_method, pet_owner, pet_name, bid_status, feedback, rating) VALUES ('Bradford31@hotmail.com', 5, '2020-12-11T13:21:26.375Z', '2020-12-14T14:38:36.821Z', true, 'pcs', 'Rudy3@yahoo.com', 'Joey', 'submitted', NULL, NULL);
INSERT INTO bid (ct_email, ct_price, start_date, end_date, is_cash, transport_method, pet_owner, pet_name, bid_status, feedback, rating) VALUES ('Dario_Bartell97@hotmail.com', 20, '2020-12-11T13:21:26.375Z', '2020-12-14T14:38:36.821Z', true, 'pickup', 'Domenica.Mueller73@hotmail.com', 'Brent', 'submitted', NULL, NULL);
INSERT INTO bid (ct_email, ct_price, start_date, end_date, is_cash, transport_method, pet_owner, pet_name, bid_status, feedback, rating) VALUES ('Thea.Hahn@yahoo.com', 0, '2020-12-11T13:21:26.375Z', '2020-12-14T14:38:36.821Z', true, 'pcs', 'Domenick.Lesch54@yahoo.com', 'Elwin', 'submitted', NULL, NULL);
INSERT INTO bid (ct_email, ct_price, start_date, end_date, is_cash, transport_method, pet_owner, pet_name, bid_status, feedback, rating) VALUES ('Carissa.Lehner38@gmail.com', 6, '2020-12-11T13:21:26.375Z', '2020-12-14T14:38:36.821Z', true, 'pickup', 'Shannon9@hotmail.com', 'Thurman', 'submitted', NULL, NULL);
INSERT INTO bid (ct_email, ct_price, start_date, end_date, is_cash, transport_method, pet_owner, pet_name, bid_status, feedback, rating) VALUES ('Zackary38@gmail.com', 4, '2020-12-11T13:21:26.375Z', '2020-12-14T14:38:36.821Z', true, 'delivery', 'Hobart.Windler@hotmail.com', 'Emil', 'submitted', NULL, NULL);
INSERT INTO bid (ct_email, ct_price, start_date, end_date, is_cash, transport_method, pet_owner, pet_name, bid_status, feedback, rating) VALUES ('Kasey32@gmail.com', 17, '2020-12-11T13:21:26.375Z', '2020-12-14T14:38:36.821Z', true, 'pickup', 'Bennett6@gmail.com', 'Maxie', 'submitted', NULL, NULL);
INSERT INTO bid (ct_email, ct_price, start_date, end_date, is_cash, transport_method, pet_owner, pet_name, bid_status, feedback, rating) VALUES ('Selina_Labadie82@gmail.com', 6, '2020-12-11T13:21:26.375Z', '2020-12-14T14:38:36.821Z', true, 'pcs', 'Audrey_Davis21@yahoo.com', 'Marjorie', 'submitted', NULL, NULL);
INSERT INTO bid (ct_email, ct_price, start_date, end_date, is_cash, transport_method, pet_owner, pet_name, bid_status, feedback, rating) VALUES ('Jena.Heathcote@yahoo.com', 6, '2020-12-11T13:21:26.375Z', '2020-12-14T14:38:36.821Z', true, 'pickup', 'Stephania.Hackett@gmail.com', 'Jared', 'submitted', NULL, NULL);
INSERT INTO bid (ct_email, ct_price, start_date, end_date, is_cash, transport_method, pet_owner, pet_name, bid_status, feedback, rating) VALUES ('Pearlie_Koch1@yahoo.com', 5, '2020-12-11T13:21:26.375Z', '2020-12-14T14:38:36.821Z', true, 'pcs', 'Margarette_Graham@gmail.com', 'Jacey', 'submitted', NULL, NULL);
INSERT INTO bid (ct_email, ct_price, start_date, end_date, is_cash, transport_method, pet_owner, pet_name, bid_status, feedback, rating) VALUES ('Emmanuelle_Christiansen20@yahoo.com', 15, '2020-12-11T13:21:26.375Z', '2020-12-14T14:38:36.821Z', true, 'pcs', 'Bertha_Will@yahoo.com', 'Keshawn', 'submitted', NULL, NULL);
INSERT INTO bid (ct_email, ct_price, start_date, end_date, is_cash, transport_method, pet_owner, pet_name, bid_status, feedback, rating) VALUES ('Shakira.Gusikowski@gmail.com', 11, '2020-12-11T13:21:26.375Z', '2020-12-14T14:38:36.821Z', true, 'pickup', 'Jesus.Haag@hotmail.com', 'Marielle', 'submitted', NULL, NULL);
INSERT INTO bid (ct_email, ct_price, start_date, end_date, is_cash, transport_method, pet_owner, pet_name, bid_status, feedback, rating) VALUES ('Trever60@hotmail.com', 16, '2020-12-11T13:21:26.375Z', '2020-12-14T14:38:36.821Z', true, 'pickup', 'Vincent16@hotmail.com', 'Flavio', 'submitted', NULL, NULL);
INSERT INTO bid (ct_email, ct_price, start_date, end_date, is_cash, transport_method, pet_owner, pet_name, bid_status, feedback, rating) VALUES ('Meta_Thompson@hotmail.com', 9, '2020-12-11T13:21:26.375Z', '2020-12-14T14:38:36.821Z', true, 'delivery', 'Ardella_Klocko97@yahoo.com', 'Dianna', 'submitted', NULL, NULL);
INSERT INTO bid (ct_email, ct_price, start_date, end_date, is_cash, transport_method, pet_owner, pet_name, bid_status, feedback, rating) VALUES ('Royce84@gmail.com', 13, '2020-12-11T13:21:26.375Z', '2020-12-14T14:38:36.821Z', true, 'pickup', 'Stacy69@gmail.com', 'Anastacio', 'submitted', NULL, NULL);
INSERT INTO bid (ct_email, ct_price, start_date, end_date, is_cash, transport_method, pet_owner, pet_name, bid_status, feedback, rating) VALUES ('Lee89@hotmail.com', 11, '2020-12-11T13:21:26.375Z', '2020-12-14T14:38:36.821Z', true, 'pickup', 'Leanna99@hotmail.com', 'Letha', 'submitted', NULL, NULL);
INSERT INTO bid (ct_email, ct_price, start_date, end_date, is_cash, transport_method, pet_owner, pet_name, bid_status, feedback, rating) VALUES ('Gregory38@gmail.com', 17, '2020-12-11T13:21:26.375Z', '2020-12-14T14:38:36.821Z', true, 'pcs', 'Rossie.Heidenreich65@gmail.com', 'Hester', 'submitted', NULL, NULL);
INSERT INTO bid (ct_email, ct_price, start_date, end_date, is_cash, transport_method, pet_owner, pet_name, bid_status, feedback, rating) VALUES ('Nakia_Schamberger38@gmail.com', 19, '2020-12-11T13:21:26.375Z', '2020-12-14T14:38:36.821Z', true, 'pickup', 'Annetta_Schneider@yahoo.com', 'Earnestine', 'submitted', NULL, NULL);
INSERT INTO bid (ct_email, ct_price, start_date, end_date, is_cash, transport_method, pet_owner, pet_name, bid_status, feedback, rating) VALUES ('Mariela.Huels59@hotmail.com', 14, '2020-12-11T13:21:26.375Z', '2020-12-14T14:38:36.821Z', true, 'delivery', 'Schuyler48@yahoo.com', 'Larue', 'submitted', NULL, NULL);
INSERT INTO bid (ct_email, ct_price, start_date, end_date, is_cash, transport_method, pet_owner, pet_name, bid_status, feedback, rating) VALUES ('Tristian_Heller31@yahoo.com', 8, '2020-12-11T13:21:26.375Z', '2020-12-14T14:38:36.821Z', true, 'delivery', 'Joannie_Schamberger@yahoo.com', 'Jewel', 'submitted', NULL, NULL);
INSERT INTO bid (ct_email, ct_price, start_date, end_date, is_cash, transport_method, pet_owner, pet_name, bid_status, feedback, rating) VALUES ('Helene.Abshire36@hotmail.com', 8, '2020-12-11T13:21:26.375Z', '2020-12-14T14:38:36.821Z', true, 'pcs', 'Krista78@yahoo.com', 'Gregg', 'submitted', NULL, NULL);
INSERT INTO bid (ct_email, ct_price, start_date, end_date, is_cash, transport_method, pet_owner, pet_name, bid_status, feedback, rating) VALUES ('Lincoln_Murphy66@gmail.com', 1, '2020-12-11T13:21:26.375Z', '2020-12-14T14:38:36.821Z', true, 'pcs', 'Bernardo64@gmail.com', 'Shanon', 'submitted', NULL, NULL);
INSERT INTO bid (ct_email, ct_price, start_date, end_date, is_cash, transport_method, pet_owner, pet_name, bid_status, feedback, rating) VALUES ('Lula34@yahoo.com', 6, '2020-12-11T13:21:26.375Z', '2020-12-14T14:38:36.821Z', true, 'pickup', 'Skylar.Goldner@yahoo.com', 'Christop', 'submitted', NULL, NULL);
INSERT INTO bid (ct_email, ct_price, start_date, end_date, is_cash, transport_method, pet_owner, pet_name, bid_status, feedback, rating) VALUES ('Hilbert_Casper80@yahoo.com', 15, '2020-12-11T13:21:26.375Z', '2020-12-14T14:38:36.821Z', true, 'delivery', 'Arno.Ferry74@yahoo.com', 'Michael', 'submitted', NULL, NULL);
INSERT INTO bid (ct_email, ct_price, start_date, end_date, is_cash, transport_method, pet_owner, pet_name, bid_status, feedback, rating) VALUES ('Angeline.Wiza46@hotmail.com', 0, '2020-12-11T13:21:26.375Z', '2020-12-14T14:38:36.821Z', true, 'delivery', 'Rylee_Schulist76@gmail.com', 'Vernon', 'submitted', NULL, NULL);
INSERT INTO bid (ct_email, ct_price, start_date, end_date, is_cash, transport_method, pet_owner, pet_name, bid_status, feedback, rating) VALUES ('Kayleigh.Hane88@yahoo.com', 13, '2020-12-11T13:21:26.375Z', '2020-12-14T14:38:36.821Z', true, 'pcs', 'Turner.Shields76@yahoo.com', 'Ted', 'submitted', NULL, NULL);
INSERT INTO bid (ct_email, ct_price, start_date, end_date, is_cash, transport_method, pet_owner, pet_name, bid_status, feedback, rating) VALUES ('Toby.Rowe@yahoo.com', 17, '2020-12-11T13:21:26.375Z', '2020-12-14T14:38:36.821Z', true, 'pickup', 'Alejandra_Medhurst@gmail.com', 'Misty', 'submitted', NULL, NULL);
INSERT INTO bid (ct_email, ct_price, start_date, end_date, is_cash, transport_method, pet_owner, pet_name, bid_status, feedback, rating) VALUES ('Miller_Keebler@yahoo.com', 16, '2020-12-11T13:21:26.375Z', '2020-12-14T14:38:36.821Z', true, 'delivery', 'Arianna.Waelchi@gmail.com', 'Wiley', 'submitted', NULL, NULL);
INSERT INTO bid (ct_email, ct_price, start_date, end_date, is_cash, transport_method, pet_owner, pet_name, bid_status, feedback, rating) VALUES ('Dangelo_Dietrich3@hotmail.com', 14, '2020-12-11T13:21:26.375Z', '2020-12-14T14:38:36.821Z', true, 'pickup', 'Markus.Lang@hotmail.com', 'Gavin', 'submitted', NULL, NULL);
INSERT INTO bid (ct_email, ct_price, start_date, end_date, is_cash, transport_method, pet_owner, pet_name, bid_status, feedback, rating) VALUES ('Wilfredo_White42@hotmail.com', 17, '2020-12-11T13:21:26.375Z', '2020-12-14T14:38:36.821Z', true, 'delivery', 'Joana4@hotmail.com', 'Alysa', 'submitted', NULL, NULL);
INSERT INTO bid (ct_email, ct_price, start_date, end_date, is_cash, transport_method, pet_owner, pet_name, bid_status, feedback, rating) VALUES ('Joannie_Schamberger@yahoo.com', 5, '2020-12-11T13:21:26.375Z', '2020-12-14T14:38:36.821Z', true, 'pcs', 'Percy_Langworth60@hotmail.com', 'Carson', 'submitted', NULL, NULL);
INSERT INTO bid (ct_email, ct_price, start_date, end_date, is_cash, transport_method, pet_owner, pet_name, bid_status, feedback, rating) VALUES ('Sheridan81@yahoo.com', 3, '2020-12-11T13:21:26.375Z', '2020-12-14T14:38:36.821Z', true, 'pickup', 'Charley_Murray79@yahoo.com', 'Pierre', 'submitted', NULL, NULL);
INSERT INTO bid (ct_email, ct_price, start_date, end_date, is_cash, transport_method, pet_owner, pet_name, bid_status, feedback, rating) VALUES ('Domenick.Lesch54@yahoo.com', 6, '2020-12-11T13:21:26.375Z', '2020-12-14T14:38:36.821Z', true, 'delivery', 'Grayson.Huels@yahoo.com', 'Esther', 'submitted', NULL, NULL);
INSERT INTO bid (ct_email, ct_price, start_date, end_date, is_cash, transport_method, pet_owner, pet_name, bid_status, feedback, rating) VALUES ('Chaim.Dach78@gmail.com', 11, '2020-12-11T13:21:26.375Z', '2020-12-14T14:38:36.821Z', true, 'pcs', 'Adriel65@gmail.com', 'Junius', 'submitted', NULL, NULL);
INSERT INTO bid (ct_email, ct_price, start_date, end_date, is_cash, transport_method, pet_owner, pet_name, bid_status, feedback, rating) VALUES ('Cameron.Nader@hotmail.com', 9, '2020-12-11T13:21:26.375Z', '2020-12-14T14:38:36.821Z', true, 'pcs', 'Jacynthe_Shields48@yahoo.com', 'Bridget', 'submitted', NULL, NULL);
INSERT INTO bid (ct_email, ct_price, start_date, end_date, is_cash, transport_method, pet_owner, pet_name, bid_status, feedback, rating) VALUES ('Stephany.Luettgen73@gmail.com', 6, '2020-12-11T13:21:26.375Z', '2020-12-14T14:38:36.821Z', true, 'delivery', 'Freddy.Kunze@yahoo.com', 'Orval', 'submitted', NULL, NULL);
INSERT INTO bid (ct_email, ct_price, start_date, end_date, is_cash, transport_method, pet_owner, pet_name, bid_status, feedback, rating) VALUES ('Luther_Goodwin38@yahoo.com', 15, '2020-12-11T13:21:26.375Z', '2020-12-14T14:38:36.821Z', true, 'pcs', 'Eleanore34@hotmail.com', 'Lina', 'submitted', NULL, NULL);
INSERT INTO bid (ct_email, ct_price, start_date, end_date, is_cash, transport_method, pet_owner, pet_name, bid_status, feedback, rating) VALUES ('Alaina.Glover84@gmail.com', 8, '2020-12-11T13:21:26.375Z', '2020-12-14T14:38:36.821Z', true, 'pickup', 'Raphael78@hotmail.com', 'Lydia', 'submitted', NULL, NULL);
INSERT INTO bid (ct_email, ct_price, start_date, end_date, is_cash, transport_method, pet_owner, pet_name, bid_status, feedback, rating) VALUES ('Silas_Hahn77@hotmail.com', 13, '2020-12-11T13:21:26.375Z', '2020-12-14T14:38:36.821Z', true, 'pickup', 'Grant_Kerluke64@yahoo.com', 'Jena', 'submitted', NULL, NULL);
INSERT INTO bid (ct_email, ct_price, start_date, end_date, is_cash, transport_method, pet_owner, pet_name, bid_status, feedback, rating) VALUES ('Noah.Marvin35@yahoo.com', 17, '2020-12-11T13:21:26.375Z', '2020-12-14T14:38:36.821Z', true, 'delivery', 'Katherine.Johnson89@gmail.com', 'Kiel', 'submitted', NULL, NULL);
INSERT INTO bid (ct_email, ct_price, start_date, end_date, is_cash, transport_method, pet_owner, pet_name, bid_status, feedback, rating) VALUES ('Natalia_Stoltenberg3@hotmail.com', 6, '2020-12-11T13:21:26.375Z', '2020-12-14T14:38:36.821Z', true, 'pickup', 'Adrain_Wyman@gmail.com', 'Selina', 'submitted', NULL, NULL);
INSERT INTO bid (ct_email, ct_price, start_date, end_date, is_cash, transport_method, pet_owner, pet_name, bid_status, feedback, rating) VALUES ('Ona.Schroeder@gmail.com', 8, '2020-12-11T13:21:26.375Z', '2020-12-14T14:38:36.821Z', true, 'pickup', 'Vilma.Schneider91@gmail.com', 'Laisha', 'submitted', NULL, NULL);
INSERT INTO bid (ct_email, ct_price, start_date, end_date, is_cash, transport_method, pet_owner, pet_name, bid_status, feedback, rating) VALUES ('Josefa.Turcotte34@yahoo.com', 1, '2020-12-11T13:21:26.375Z', '2020-12-14T14:38:36.821Z', true, 'pickup', 'Werner7@hotmail.com', 'Jalen', 'submitted', NULL, NULL);
INSERT INTO bid (ct_email, ct_price, start_date, end_date, is_cash, transport_method, pet_owner, pet_name, bid_status, feedback, rating) VALUES ('Randal_Bednar19@yahoo.com', 13, '2020-12-11T13:21:26.375Z', '2020-12-14T14:38:36.821Z', true, 'pcs', 'Donato99@gmail.com', 'Dominic', 'submitted', NULL, NULL);
INSERT INTO bid (ct_email, ct_price, start_date, end_date, is_cash, transport_method, pet_owner, pet_name, bid_status, feedback, rating) VALUES ('Enola.Halvorson@gmail.com', 5, '2020-12-11T13:21:26.375Z', '2020-12-14T14:38:36.821Z', true, 'delivery', 'Rex78@hotmail.com', 'Guadalupe', 'submitted', NULL, NULL);
INSERT INTO bid (ct_email, ct_price, start_date, end_date, is_cash, transport_method, pet_owner, pet_name, bid_status, feedback, rating) VALUES ('Christine.Schumm@hotmail.com', 3, '2020-12-11T13:21:26.375Z', '2020-12-14T14:38:36.821Z', true, 'pcs', 'Araceli.Kris@hotmail.com', 'Haskell', 'submitted', NULL, NULL);
INSERT INTO bid (ct_email, ct_price, start_date, end_date, is_cash, transport_method, pet_owner, pet_name, bid_status, feedback, rating) VALUES ('Easter.Blanda@yahoo.com', 16, '2020-12-11T13:21:26.375Z', '2020-12-14T14:38:36.821Z', true, 'delivery', 'Viviane_Borer14@hotmail.com', 'Kathryne', 'submitted', NULL, NULL);
INSERT INTO bid (ct_email, ct_price, start_date, end_date, is_cash, transport_method, pet_owner, pet_name, bid_status, feedback, rating) VALUES ('Vicente63@gmail.com', 1, '2020-12-11T13:21:26.375Z', '2020-12-14T14:38:36.821Z', true, 'pcs', 'Yvonne5@hotmail.com', 'Elna', 'submitted', NULL, NULL);
INSERT INTO bid (ct_email, ct_price, start_date, end_date, is_cash, transport_method, pet_owner, pet_name, bid_status, feedback, rating) VALUES ('Dorothy.Muller@yahoo.com', 17, '2020-12-11T13:21:26.375Z', '2020-12-14T14:38:36.821Z', true, 'delivery', 'Kip_Thiel70@yahoo.com', 'Ethel', 'submitted', NULL, NULL);
INSERT INTO bid (ct_email, ct_price, start_date, end_date, is_cash, transport_method, pet_owner, pet_name, bid_status, feedback, rating) VALUES ('Jany84@yahoo.com', 9, '2020-12-11T13:21:26.375Z', '2020-12-14T14:38:36.821Z', true, 'pcs', 'Durward.Johnston99@gmail.com', 'Roosevelt', 'submitted', NULL, NULL);
INSERT INTO bid (ct_email, ct_price, start_date, end_date, is_cash, transport_method, pet_owner, pet_name, bid_status, feedback, rating) VALUES ('Willie_Kassulke@gmail.com', 17, '2020-12-11T13:21:26.375Z', '2020-12-14T14:38:36.821Z', true, 'pickup', 'Jackson.Kirlin15@gmail.com', 'Thad', 'submitted', NULL, NULL);
INSERT INTO bid (ct_email, ct_price, start_date, end_date, is_cash, transport_method, pet_owner, pet_name, bid_status, feedback, rating) VALUES ('Gracie_Moore13@gmail.com', 3, '2020-12-11T13:21:26.375Z', '2020-12-14T14:38:36.821Z', true, 'pickup', 'Marjory31@hotmail.com', 'Hertha', 'submitted', NULL, NULL);
INSERT INTO bid (ct_email, ct_price, start_date, end_date, is_cash, transport_method, pet_owner, pet_name, bid_status, feedback, rating) VALUES ('Ezekiel64@hotmail.com', 16, '2020-12-11T13:21:26.375Z', '2020-12-14T14:38:36.821Z', true, 'pickup', 'Jamaal.Jacobs38@hotmail.com', 'Glennie', 'submitted', NULL, NULL);
INSERT INTO bid (ct_email, ct_price, start_date, end_date, is_cash, transport_method, pet_owner, pet_name, bid_status, feedback, rating) VALUES ('Paula.Price@yahoo.com', 11, '2020-12-11T13:21:26.375Z', '2020-12-14T14:38:36.821Z', true, 'delivery', 'Corbin_Predovic1@yahoo.com', 'Kyle', 'submitted', NULL, NULL);
INSERT INTO bid (ct_email, ct_price, start_date, end_date, is_cash, transport_method, pet_owner, pet_name, bid_status, feedback, rating) VALUES ('Warren.Anderson77@hotmail.com', 11, '2020-12-11T13:21:26.375Z', '2020-12-14T14:38:36.821Z', true, 'pickup', 'Abelardo98@gmail.com', 'Susie', 'submitted', NULL, NULL);
INSERT INTO bid (ct_email, ct_price, start_date, end_date, is_cash, transport_method, pet_owner, pet_name, bid_status, feedback, rating) VALUES ('Damon.Kulas@yahoo.com', 9, '2020-12-11T13:21:26.375Z', '2020-12-14T14:38:36.821Z', true, 'delivery', 'Emmanuelle68@gmail.com', 'Gust', 'submitted', NULL, NULL);
INSERT INTO bid (ct_email, ct_price, start_date, end_date, is_cash, transport_method, pet_owner, pet_name, bid_status, feedback, rating) VALUES ('Aglae_Windler@gmail.com', 17, '2020-12-11T13:21:26.375Z', '2020-12-14T14:38:36.821Z', true, 'delivery', 'Rickey34@yahoo.com', 'Cristian', 'submitted', NULL, NULL);
INSERT INTO bid (ct_email, ct_price, start_date, end_date, is_cash, transport_method, pet_owner, pet_name, bid_status, feedback, rating) VALUES ('Leif_Gerhold64@yahoo.com', 12, '2020-12-11T13:21:26.375Z', '2020-12-14T14:38:36.821Z', true, 'delivery', 'Eddie_Murray@gmail.com', 'Morton', 'submitted', NULL, NULL);
INSERT INTO bid (ct_email, ct_price, start_date, end_date, is_cash, transport_method, pet_owner, pet_name, bid_status, feedback, rating) VALUES ('Heath_Fahey62@gmail.com', 9, '2020-12-11T13:21:26.375Z', '2020-12-14T14:38:36.821Z', true, 'pickup', 'Carmelo_Mills@yahoo.com', 'Enrico', 'submitted', NULL, NULL);
INSERT INTO bid (ct_email, ct_price, start_date, end_date, is_cash, transport_method, pet_owner, pet_name, bid_status, feedback, rating) VALUES ('Kennith_Hane@gmail.com', 5, '2020-12-11T13:21:26.375Z', '2020-12-14T14:38:36.821Z', true, 'delivery', 'Katharina.Kautzer97@gmail.com', 'Aiden', 'submitted', NULL, NULL);
INSERT INTO bid (ct_email, ct_price, start_date, end_date, is_cash, transport_method, pet_owner, pet_name, bid_status, feedback, rating) VALUES ('Oscar0@yahoo.com', 5, '2020-12-11T13:21:26.375Z', '2020-12-14T14:38:36.821Z', true, 'pickup', 'Theron.Grant57@hotmail.com', 'Hailee', 'submitted', NULL, NULL);
INSERT INTO bid (ct_email, ct_price, start_date, end_date, is_cash, transport_method, pet_owner, pet_name, bid_status, feedback, rating) VALUES ('Brad.Pollich@yahoo.com', 13, '2020-12-11T13:21:26.375Z', '2020-12-14T14:38:36.821Z', true, 'delivery', 'Isabella_Funk96@yahoo.com', 'Nora', 'submitted', NULL, NULL);
INSERT INTO bid (ct_email, ct_price, start_date, end_date, is_cash, transport_method, pet_owner, pet_name, bid_status, feedback, rating) VALUES ('Stanton.Smitham69@yahoo.com', 5, '2020-12-11T13:21:26.375Z', '2020-12-14T14:38:36.821Z', true, 'delivery', 'Pearlie_Koch1@yahoo.com', 'Keshawn', 'submitted', NULL, NULL);
INSERT INTO bid (ct_email, ct_price, start_date, end_date, is_cash, transport_method, pet_owner, pet_name, bid_status, feedback, rating) VALUES ('Markus.Lang@hotmail.com', 9, '2020-12-11T13:21:26.375Z', '2020-12-14T14:38:36.821Z', true, 'pcs', 'Alexandrea_Mayert24@hotmail.com', 'Madisyn', 'submitted', NULL, NULL);
INSERT INTO bid (ct_email, ct_price, start_date, end_date, is_cash, transport_method, pet_owner, pet_name, bid_status, feedback, rating) VALUES ('Shawn_Lehner@yahoo.com', 4, '2020-12-11T13:21:26.375Z', '2020-12-14T14:38:36.821Z', true, 'delivery', 'Emelia12@yahoo.com', 'Emma', 'submitted', NULL, NULL);
INSERT INTO bid (ct_email, ct_price, start_date, end_date, is_cash, transport_method, pet_owner, pet_name, bid_status, feedback, rating) VALUES ('Clark.Terry57@gmail.com', 18, '2020-12-11T13:21:26.375Z', '2020-12-14T14:38:36.821Z', true, 'delivery', 'Ellen82@gmail.com', 'Armand', 'submitted', NULL, NULL);
INSERT INTO bid (ct_email, ct_price, start_date, end_date, is_cash, transport_method, pet_owner, pet_name, bid_status, feedback, rating) VALUES ('Marietta_Barton64@hotmail.com', 19, '2020-12-11T13:21:26.375Z', '2020-12-14T14:38:36.821Z', true, 'pcs', 'Cali.Zboncak97@hotmail.com', 'Kay', 'submitted', NULL, NULL);
INSERT INTO bid (ct_email, ct_price, start_date, end_date, is_cash, transport_method, pet_owner, pet_name, bid_status, feedback, rating) VALUES ('Jose69@hotmail.com', 16, '2020-12-11T13:21:26.375Z', '2020-12-14T14:38:36.821Z', true, 'pickup', 'Sarina42@gmail.com', 'Raegan', 'submitted', NULL, NULL);
INSERT INTO bid (ct_email, ct_price, start_date, end_date, is_cash, transport_method, pet_owner, pet_name, bid_status, feedback, rating) VALUES ('Corene27@hotmail.com', 4, '2020-12-11T13:21:26.375Z', '2020-12-14T14:38:36.821Z', true, 'pickup', 'Katlynn96@hotmail.com', 'Jennyfer', 'submitted', NULL, NULL);
INSERT INTO bid (ct_email, ct_price, start_date, end_date, is_cash, transport_method, pet_owner, pet_name, bid_status, feedback, rating) VALUES ('Andreanne_Jacobson@hotmail.com', 6, '2020-12-11T13:21:26.375Z', '2020-12-14T14:38:36.821Z', true, 'delivery', 'Preston_Homenick@gmail.com', 'Larue', 'submitted', NULL, NULL);
INSERT INTO bid (ct_email, ct_price, start_date, end_date, is_cash, transport_method, pet_owner, pet_name, bid_status, feedback, rating) VALUES ('Clare_McLaughlin72@hotmail.com', 19, '2020-12-11T13:21:26.375Z', '2020-12-14T14:38:36.821Z', true, 'delivery', 'Clinton_Bins@yahoo.com', 'Murphy', 'submitted', NULL, NULL);
INSERT INTO bid (ct_email, ct_price, start_date, end_date, is_cash, transport_method, pet_owner, pet_name, bid_status, feedback, rating) VALUES ('Claudie_Hyatt46@gmail.com', 6, '2020-12-11T13:21:26.375Z', '2020-12-14T14:38:36.821Z', true, 'pickup', 'Sandy.Tremblay63@yahoo.com', 'Forrest', 'submitted', NULL, NULL);
INSERT INTO bid (ct_email, ct_price, start_date, end_date, is_cash, transport_method, pet_owner, pet_name, bid_status, feedback, rating) VALUES ('Guido.DuBuque@yahoo.com', 8, '2020-12-11T13:21:26.375Z', '2020-12-14T14:38:36.821Z', true, 'pcs', 'Sheridan81@yahoo.com', 'Khalid', 'submitted', NULL, NULL);
INSERT INTO bid (ct_email, ct_price, start_date, end_date, is_cash, transport_method, pet_owner, pet_name, bid_status, feedback, rating) VALUES ('Raphaelle21@hotmail.com', 12, '2020-12-11T13:21:26.375Z', '2020-12-14T14:38:36.821Z', true, 'delivery', 'Cesar.Mraz@gmail.com', 'Patricia', 'submitted', NULL, NULL);
INSERT INTO bid (ct_email, ct_price, start_date, end_date, is_cash, transport_method, pet_owner, pet_name, bid_status, feedback, rating) VALUES ('Napoleon_Raynor@hotmail.com', 16, '2020-12-11T13:21:26.375Z', '2020-12-14T14:38:36.821Z', true, 'pcs', 'Olga.Crist40@gmail.com', 'Zula', 'submitted', NULL, NULL);
INSERT INTO bid (ct_email, ct_price, start_date, end_date, is_cash, transport_method, pet_owner, pet_name, bid_status, feedback, rating) VALUES ('Myah_Walsh@gmail.com', 5, '2020-12-11T13:21:26.375Z', '2020-12-14T14:38:36.821Z', true, 'delivery', 'Gail_Weissnat@yahoo.com', 'Cletus', 'submitted', NULL, NULL);
INSERT INTO bid (ct_email, ct_price, start_date, end_date, is_cash, transport_method, pet_owner, pet_name, bid_status, feedback, rating) VALUES ('Jedidiah.Collins98@yahoo.com', 0, '2020-12-11T13:21:26.375Z', '2020-12-14T14:38:36.821Z', true, 'delivery', 'Marguerite47@gmail.com', 'Savanah', 'submitted', NULL, NULL);
INSERT INTO bid (ct_email, ct_price, start_date, end_date, is_cash, transport_method, pet_owner, pet_name, bid_status, feedback, rating) VALUES ('Clarabelle.DuBuque66@yahoo.com', 14, '2020-12-11T13:21:26.375Z', '2020-12-14T14:38:36.821Z', true, 'delivery', 'Timmy59@hotmail.com', 'Rod', 'submitted', NULL, NULL);
INSERT INTO bid (ct_email, ct_price, start_date, end_date, is_cash, transport_method, pet_owner, pet_name, bid_status, feedback, rating) VALUES ('Paris.Pagac@yahoo.com', 8, '2020-12-11T13:21:26.375Z', '2020-12-14T14:38:36.821Z', true, 'delivery', 'Wilford42@hotmail.com', 'Willy', 'submitted', NULL, NULL);
INSERT INTO bid (ct_email, ct_price, start_date, end_date, is_cash, transport_method, pet_owner, pet_name, bid_status, feedback, rating) VALUES ('Millie.Keebler63@gmail.com', 1, '2020-12-11T13:21:26.375Z', '2020-12-14T14:38:36.821Z', true, 'pickup', 'Isom22@yahoo.com', 'Kendra', 'submitted', NULL, NULL);
INSERT INTO bid (ct_email, ct_price, start_date, end_date, is_cash, transport_method, pet_owner, pet_name, bid_status, feedback, rating) VALUES ('Adrain87@gmail.com', 16, '2020-12-11T13:21:26.375Z', '2020-12-14T14:38:36.821Z', true, 'delivery', 'Tobin67@gmail.com', 'Spencer', 'submitted', NULL, NULL);
INSERT INTO bid (ct_email, ct_price, start_date, end_date, is_cash, transport_method, pet_owner, pet_name, bid_status, feedback, rating) VALUES ('Mckenna.Grimes@hotmail.com', 11, '2020-12-11T13:21:26.375Z', '2020-12-14T14:38:36.821Z', true, 'pcs', 'Elwyn.Hoeger89@gmail.com', 'Tyrell', 'submitted', NULL, NULL);
INSERT INTO bid (ct_email, ct_price, start_date, end_date, is_cash, transport_method, pet_owner, pet_name, bid_status, feedback, rating) VALUES ('Stephania.Hackett@gmail.com', 16, '2020-12-11T13:21:26.375Z', '2020-12-14T14:38:36.821Z', true, 'delivery', 'Megane_Schoen24@yahoo.com', 'Blaise', 'submitted', NULL, NULL);
INSERT INTO bid (ct_email, ct_price, start_date, end_date, is_cash, transport_method, pet_owner, pet_name, bid_status, feedback, rating) VALUES ('Richard.Schmidt11@gmail.com', 11, '2020-12-11T13:21:26.375Z', '2020-12-14T14:38:36.821Z', true, 'pcs', 'Geovanni.OKon@hotmail.com', 'Sonya', 'submitted', NULL, NULL);
INSERT INTO bid (ct_email, ct_price, start_date, end_date, is_cash, transport_method, pet_owner, pet_name, bid_status, feedback, rating) VALUES ('Mariam.Herman@gmail.com', 19, '2020-12-11T13:21:26.375Z', '2020-12-14T14:38:36.821Z', true, 'pickup', 'Nicklaus.Hermiston22@yahoo.com', 'Agustin', 'submitted', NULL, NULL);
INSERT INTO bid (ct_email, ct_price, start_date, end_date, is_cash, transport_method, pet_owner, pet_name, bid_status, feedback, rating) VALUES ('Kailey72@yahoo.com', 13, '2020-12-11T13:21:26.375Z', '2020-12-14T14:38:36.821Z', true, 'pickup', 'Heath_Harris@yahoo.com', 'Isaias', 'submitted', NULL, NULL);
INSERT INTO bid (ct_email, ct_price, start_date, end_date, is_cash, transport_method, pet_owner, pet_name, bid_status, feedback, rating) VALUES ('Rossie.Heidenreich65@gmail.com', 17, '2020-12-11T13:21:26.375Z', '2020-12-14T14:38:36.821Z', true, 'pcs', 'Art.Mante87@hotmail.com', 'Karlee', 'submitted', NULL, NULL);
INSERT INTO bid (ct_email, ct_price, start_date, end_date, is_cash, transport_method, pet_owner, pet_name, bid_status, feedback, rating) VALUES ('Corene.Abernathy88@yahoo.com', 5, '2020-12-11T13:21:26.375Z', '2020-12-14T14:38:36.821Z', true, 'pcs', 'Giovanni.Howe49@gmail.com', 'Lottie', 'submitted', NULL, NULL);
INSERT INTO bid (ct_email, ct_price, start_date, end_date, is_cash, transport_method, pet_owner, pet_name, bid_status, feedback, rating) VALUES ('Stella_Wyman55@yahoo.com', 17, '2020-12-11T13:21:26.375Z', '2020-12-14T14:38:36.821Z', true, 'pcs', 'Brittany.Price57@gmail.com', 'Jasen', 'submitted', NULL, NULL);
INSERT INTO bid (ct_email, ct_price, start_date, end_date, is_cash, transport_method, pet_owner, pet_name, bid_status, feedback, rating) VALUES ('Alvis_Bruen@hotmail.com', 2, '2020-12-11T13:21:26.375Z', '2020-12-14T14:38:36.821Z', true, 'delivery', 'Suzanne.Blick85@yahoo.com', 'Micheal', 'submitted', NULL, NULL);
INSERT INTO bid (ct_email, ct_price, start_date, end_date, is_cash, transport_method, pet_owner, pet_name, bid_status, feedback, rating) VALUES ('Savion.Kovacek@hotmail.com', 11, '2020-12-11T13:21:26.375Z', '2020-12-14T14:38:36.821Z', true, 'delivery', 'Gardner.Kuvalis@gmail.com', 'Clair', 'submitted', NULL, NULL);
INSERT INTO bid (ct_email, ct_price, start_date, end_date, is_cash, transport_method, pet_owner, pet_name, bid_status, feedback, rating) VALUES ('Celestino_Stroman4@hotmail.com', 7, '2020-12-11T13:21:26.375Z', '2020-12-14T14:38:36.821Z', true, 'pcs', 'Garnett.Walter56@hotmail.com', 'Kylee', 'submitted', NULL, NULL);
INSERT INTO bid (ct_email, ct_price, start_date, end_date, is_cash, transport_method, pet_owner, pet_name, bid_status, feedback, rating) VALUES ('Helene98@hotmail.com', 20, '2020-12-11T13:21:26.375Z', '2020-12-14T14:38:36.821Z', true, 'delivery', 'Aimee.Doyle@yahoo.com', 'Laverne', 'submitted', NULL, NULL);
INSERT INTO bid (ct_email, ct_price, start_date, end_date, is_cash, transport_method, pet_owner, pet_name, bid_status, feedback, rating) VALUES ('Johnathon2@gmail.com', 5, '2020-12-11T13:21:26.375Z', '2020-12-14T14:38:36.821Z', true, 'pickup', 'Fanny_Weimann@yahoo.com', 'Jermain', 'submitted', NULL, NULL);
INSERT INTO bid (ct_email, ct_price, start_date, end_date, is_cash, transport_method, pet_owner, pet_name, bid_status, feedback, rating) VALUES ('Gail_Weissnat@yahoo.com', 13, '2020-12-11T13:21:26.375Z', '2020-12-14T14:38:36.821Z', true, 'pickup', 'Ona.Schroeder@gmail.com', 'Louvenia', 'submitted', NULL, NULL);
INSERT INTO bid (ct_email, ct_price, start_date, end_date, is_cash, transport_method, pet_owner, pet_name, bid_status, feedback, rating) VALUES ('Laura_Kunde9@hotmail.com', 20, '2020-12-11T13:21:26.375Z', '2020-12-14T14:38:36.821Z', true, 'delivery', 'Angie_Stanton@gmail.com', 'Laury', 'submitted', NULL, NULL);
INSERT INTO bid (ct_email, ct_price, start_date, end_date, is_cash, transport_method, pet_owner, pet_name, bid_status, feedback, rating) VALUES ('Nelson.Krajcik63@yahoo.com', 7, '2020-12-11T13:21:26.375Z', '2020-12-14T14:38:36.821Z', true, 'pickup', 'Kendrick41@hotmail.com', 'Agustina', 'submitted', NULL, NULL);
INSERT INTO bid (ct_email, ct_price, start_date, end_date, is_cash, transport_method, pet_owner, pet_name, bid_status, feedback, rating) VALUES ('Susie.Fritsch@yahoo.com', 19, '2020-12-11T13:21:26.375Z', '2020-12-14T14:38:36.821Z', true, 'pcs', 'Margarita.Hermiston@yahoo.com', 'Sophie', 'submitted', NULL, NULL);
INSERT INTO bid (ct_email, ct_price, start_date, end_date, is_cash, transport_method, pet_owner, pet_name, bid_status, feedback, rating) VALUES ('Charles.Mueller@gmail.com', 4, '2020-12-11T13:21:26.375Z', '2020-12-14T14:38:36.821Z', true, 'pcs', 'Precious69@yahoo.com', 'Wyman', 'submitted', NULL, NULL);
INSERT INTO bid (ct_email, ct_price, start_date, end_date, is_cash, transport_method, pet_owner, pet_name, bid_status, feedback, rating) VALUES ('Nayeli90@gmail.com', 4, '2020-12-11T13:21:26.375Z', '2020-12-14T14:38:36.821Z', true, 'pcs', 'Jensen.Baumbach73@gmail.com', 'Mike', 'submitted', NULL, NULL);
INSERT INTO bid (ct_email, ct_price, start_date, end_date, is_cash, transport_method, pet_owner, pet_name, bid_status, feedback, rating) VALUES ('Alana21@yahoo.com', 3, '2020-12-11T13:21:26.375Z', '2020-12-14T14:38:36.821Z', true, 'pcs', 'Danial_Conroy@yahoo.com', 'Angeline', 'submitted', NULL, NULL);
INSERT INTO bid (ct_email, ct_price, start_date, end_date, is_cash, transport_method, pet_owner, pet_name, bid_status, feedback, rating) VALUES ('Lauretta.Stiedemann60@gmail.com', 16, '2020-12-11T13:21:26.375Z', '2020-12-14T14:38:36.821Z', true, 'pcs', 'Christiana_OConner19@hotmail.com', 'Cecelia', 'submitted', NULL, NULL);
INSERT INTO bid (ct_email, ct_price, start_date, end_date, is_cash, transport_method, pet_owner, pet_name, bid_status, feedback, rating) VALUES ('Noelia_Effertz@gmail.com', 13, '2020-12-11T13:21:26.375Z', '2020-12-14T14:38:36.821Z', true, 'pcs', 'Oleta45@hotmail.com', 'Roscoe', 'submitted', NULL, NULL);
INSERT INTO bid (ct_email, ct_price, start_date, end_date, is_cash, transport_method, pet_owner, pet_name, bid_status, feedback, rating) VALUES ('Rudy3@yahoo.com', 1, '2020-12-11T13:21:26.375Z', '2020-12-14T14:38:36.821Z', true, 'pickup', 'Layla.Harber64@yahoo.com', 'Kaleb', 'submitted', NULL, NULL);
INSERT INTO bid (ct_email, ct_price, start_date, end_date, is_cash, transport_method, pet_owner, pet_name, bid_status, feedback, rating) VALUES ('Kailey.Schoen83@hotmail.com', 13, '2020-12-11T13:21:26.375Z', '2020-12-14T14:38:36.821Z', true, 'pcs', 'Baron52@yahoo.com', 'Guiseppe', 'submitted', NULL, NULL);
INSERT INTO bid (ct_email, ct_price, start_date, end_date, is_cash, transport_method, pet_owner, pet_name, bid_status, feedback, rating) VALUES ('Diana.Mueller92@gmail.com', 1, '2020-12-11T13:21:26.375Z', '2020-12-14T14:38:36.821Z', true, 'delivery', 'Ford52@gmail.com', 'Rachel', 'submitted', NULL, NULL);
INSERT INTO bid (ct_email, ct_price, start_date, end_date, is_cash, transport_method, pet_owner, pet_name, bid_status, feedback, rating) VALUES ('Kevin.Graham@gmail.com', 10, '2020-12-11T13:21:26.375Z', '2020-12-14T14:38:36.821Z', true, 'delivery', 'Josh_Koelpin7@hotmail.com', 'Joanny', 'submitted', NULL, NULL);
INSERT INTO bid (ct_email, ct_price, start_date, end_date, is_cash, transport_method, pet_owner, pet_name, bid_status, feedback, rating) VALUES ('Lulu15@gmail.com', 17, '2020-12-11T13:21:26.375Z', '2020-12-14T14:38:36.821Z', true, 'delivery', 'Wellington_Kuvalis30@hotmail.com', 'Henri', 'submitted', NULL, NULL);
INSERT INTO bid (ct_email, ct_price, start_date, end_date, is_cash, transport_method, pet_owner, pet_name, bid_status, feedback, rating) VALUES ('Cara20@hotmail.com', 1, '2020-12-11T13:21:26.375Z', '2020-12-14T14:38:36.821Z', true, 'delivery', 'Keira23@gmail.com', 'Fabian', 'submitted', NULL, NULL);
INSERT INTO bid (ct_email, ct_price, start_date, end_date, is_cash, transport_method, pet_owner, pet_name, bid_status, feedback, rating) VALUES ('Emelia12@yahoo.com', 19, '2020-12-11T13:21:26.375Z', '2020-12-14T14:38:36.821Z', true, 'pickup', 'Lupe_Hilll@gmail.com', 'Jaylan', 'submitted', NULL, NULL);
INSERT INTO bid (ct_email, ct_price, start_date, end_date, is_cash, transport_method, pet_owner, pet_name, bid_status, feedback, rating) VALUES ('Heloise.Dietrich61@gmail.com', 8, '2020-12-11T13:21:26.375Z', '2020-12-14T14:38:36.821Z', true, 'delivery', 'Davon98@gmail.com', 'Clemens', 'submitted', NULL, NULL);
INSERT INTO bid (ct_email, ct_price, start_date, end_date, is_cash, transport_method, pet_owner, pet_name, bid_status, feedback, rating) VALUES ('Roosevelt.Stracke@hotmail.com', 2, '2020-12-11T13:21:26.375Z', '2020-12-14T14:38:36.821Z', true, 'delivery', 'Kadin.Schuppe@hotmail.com', 'Niko', 'submitted', NULL, NULL);
INSERT INTO bid (ct_email, ct_price, start_date, end_date, is_cash, transport_method, pet_owner, pet_name, bid_status, feedback, rating) VALUES ('Brendon_Beer49@gmail.com', 7, '2020-12-11T13:21:26.375Z', '2020-12-14T14:38:36.821Z', true, 'pickup', 'Candace_Terry29@hotmail.com', 'Martina', 'submitted', NULL, NULL);
INSERT INTO bid (ct_email, ct_price, start_date, end_date, is_cash, transport_method, pet_owner, pet_name, bid_status, feedback, rating) VALUES ('Garrett.Greenholt32@gmail.com', 20, '2020-12-11T13:21:26.375Z', '2020-12-14T14:38:36.821Z', true, 'pcs', 'Hanna.Davis@gmail.com', 'Lafayette', 'submitted', NULL, NULL);
INSERT INTO bid (ct_email, ct_price, start_date, end_date, is_cash, transport_method, pet_owner, pet_name, bid_status, feedback, rating) VALUES ('Royce.Schamberger77@yahoo.com', 16, '2020-12-11T13:21:26.375Z', '2020-12-14T14:38:36.821Z', true, 'pickup', 'Reynold30@gmail.com', 'Stephon', 'submitted', NULL, NULL);
INSERT INTO bid (ct_email, ct_price, start_date, end_date, is_cash, transport_method, pet_owner, pet_name, bid_status, feedback, rating) VALUES ('Joyce79@gmail.com', 20, '2020-12-11T13:21:26.375Z', '2020-12-14T14:38:36.821Z', true, 'pickup', 'Lennie_Marks56@yahoo.com', 'Emilie', 'submitted', NULL, NULL);
INSERT INTO bid (ct_email, ct_price, start_date, end_date, is_cash, transport_method, pet_owner, pet_name, bid_status, feedback, rating) VALUES ('Kassandra_Ratke92@gmail.com', 14, '2020-12-11T13:21:26.375Z', '2020-12-14T14:38:36.821Z', true, 'pcs', 'Keeley71@yahoo.com', 'Jon', 'submitted', NULL, NULL);
INSERT INTO bid (ct_email, ct_price, start_date, end_date, is_cash, transport_method, pet_owner, pet_name, bid_status, feedback, rating) VALUES ('Max_Witting@yahoo.com', 12, '2020-12-11T13:21:26.375Z', '2020-12-14T14:38:36.821Z', true, 'pcs', 'Darryl_Ward@hotmail.com', 'Elmira', 'submitted', NULL, NULL);
INSERT INTO bid (ct_email, ct_price, start_date, end_date, is_cash, transport_method, pet_owner, pet_name, bid_status, feedback, rating) VALUES ('Aimee.Doyle@yahoo.com', 14, '2020-12-15T14:38:36.821Z', '2020-12-16T18:08:01.380Z', true, 'pickup', 'Susie.Fritsch@yahoo.com', 'Katlynn', 'submitted', NULL, NULL);
INSERT INTO bid (ct_email, ct_price, start_date, end_date, is_cash, transport_method, pet_owner, pet_name, bid_status, feedback, rating) VALUES ('Carson.Volkman@yahoo.com', 13, '2020-12-15T14:38:36.821Z', '2020-12-16T18:08:01.380Z', true, 'delivery', 'Cicero.Ondricka@gmail.com', 'Lonie', 'submitted', NULL, NULL);
INSERT INTO bid (ct_email, ct_price, start_date, end_date, is_cash, transport_method, pet_owner, pet_name, bid_status, feedback, rating) VALUES ('Marta_Robel22@yahoo.com', 5, '2020-12-15T14:38:36.821Z', '2020-12-16T18:08:01.380Z', true, 'pickup', 'Eliza_Deckow@gmail.com', 'Blair', 'submitted', NULL, NULL);
INSERT INTO bid (ct_email, ct_price, start_date, end_date, is_cash, transport_method, pet_owner, pet_name, bid_status, feedback, rating) VALUES ('Alva78@hotmail.com', 3, '2020-12-15T14:38:36.821Z', '2020-12-16T18:08:01.380Z', true, 'pcs', 'Tony_Huel45@hotmail.com', 'Robyn', 'submitted', NULL, NULL);
INSERT INTO bid (ct_email, ct_price, start_date, end_date, is_cash, transport_method, pet_owner, pet_name, bid_status, feedback, rating) VALUES ('Clair_Wisozk23@gmail.com', 19, '2020-12-15T14:38:36.821Z', '2020-12-16T18:08:01.380Z', true, 'pickup', 'Rudy3@yahoo.com', 'Joey', 'submitted', NULL, NULL);
INSERT INTO bid (ct_email, ct_price, start_date, end_date, is_cash, transport_method, pet_owner, pet_name, bid_status, feedback, rating) VALUES ('Ferne_Jacobi51@gmail.com', 15, '2020-12-15T14:38:36.821Z', '2020-12-16T18:08:01.380Z', true, 'pickup', 'Otis.Lubowitz47@hotmail.com', 'Ferne', 'submitted', NULL, NULL);
INSERT INTO bid (ct_email, ct_price, start_date, end_date, is_cash, transport_method, pet_owner, pet_name, bid_status, feedback, rating) VALUES ('Filomena.Toy90@yahoo.com', 0, '2020-12-15T14:38:36.821Z', '2020-12-16T18:08:01.380Z', true, 'pickup', 'Bennett6@gmail.com', 'Maxie', 'submitted', NULL, NULL);
INSERT INTO bid (ct_email, ct_price, start_date, end_date, is_cash, transport_method, pet_owner, pet_name, bid_status, feedback, rating) VALUES ('Assunta_Leuschke1@yahoo.com', 11, '2020-12-15T14:38:36.821Z', '2020-12-16T18:08:01.380Z', true, 'delivery', 'Shakira.Gusikowski@gmail.com', 'Brendan', 'submitted', NULL, NULL);
INSERT INTO bid (ct_email, ct_price, start_date, end_date, is_cash, transport_method, pet_owner, pet_name, bid_status, feedback, rating) VALUES ('Lucio76@gmail.com', 19, '2020-12-15T14:38:36.821Z', '2020-12-16T18:08:01.380Z', true, 'pcs', 'Adella_Predovic@yahoo.com', 'Marques', 'submitted', NULL, NULL);
INSERT INTO bid (ct_email, ct_price, start_date, end_date, is_cash, transport_method, pet_owner, pet_name, bid_status, feedback, rating) VALUES ('Marietta15@gmail.com', 1, '2020-12-15T14:38:36.821Z', '2020-12-16T18:08:01.380Z', true, 'delivery', 'Domenick.Lesch54@yahoo.com', 'Elwin', 'submitted', NULL, NULL);
INSERT INTO bid (ct_email, ct_price, start_date, end_date, is_cash, transport_method, pet_owner, pet_name, bid_status, feedback, rating) VALUES ('Juliana.Waters@yahoo.com', 17, '2020-12-15T14:38:36.821Z', '2020-12-16T18:08:01.380Z', true, 'delivery', 'Everett_Krajcik@gmail.com', 'Lora', 'submitted', NULL, NULL);
INSERT INTO bid (ct_email, ct_price, start_date, end_date, is_cash, transport_method, pet_owner, pet_name, bid_status, feedback, rating) VALUES ('Nicklaus.Von22@gmail.com', 0, '2020-12-15T14:38:36.821Z', '2020-12-16T18:08:01.380Z', true, 'delivery', 'Barbara.Mitchell36@gmail.com', 'Zachariah', 'submitted', NULL, NULL);
INSERT INTO bid (ct_email, ct_price, start_date, end_date, is_cash, transport_method, pet_owner, pet_name, bid_status, feedback, rating) VALUES ('Julius.Hills@yahoo.com', 12, '2020-12-15T14:38:36.821Z', '2020-12-16T18:08:01.380Z', true, 'pickup', 'Newton_Monahan@gmail.com', 'Alden', 'submitted', NULL, NULL);
INSERT INTO bid (ct_email, ct_price, start_date, end_date, is_cash, transport_method, pet_owner, pet_name, bid_status, feedback, rating) VALUES ('Emory_Lang77@yahoo.com', 0, '2020-12-15T14:38:36.821Z', '2020-12-16T18:08:01.380Z', true, 'pcs', 'Eldon.Gislason@gmail.com', 'Jeremy', 'submitted', NULL, NULL);
INSERT INTO bid (ct_email, ct_price, start_date, end_date, is_cash, transport_method, pet_owner, pet_name, bid_status, feedback, rating) VALUES ('Megane_Schoen24@yahoo.com', 12, '2020-12-15T14:38:36.821Z', '2020-12-16T18:08:01.380Z', true, 'delivery', 'Easton62@gmail.com', 'Rey', 'submitted', NULL, NULL);
INSERT INTO bid (ct_email, ct_price, start_date, end_date, is_cash, transport_method, pet_owner, pet_name, bid_status, feedback, rating) VALUES ('Elmore74@gmail.com', 6, '2020-12-15T14:38:36.821Z', '2020-12-16T18:08:01.380Z', true, 'delivery', 'Nat62@hotmail.com', 'Arely', 'submitted', NULL, NULL);
INSERT INTO bid (ct_email, ct_price, start_date, end_date, is_cash, transport_method, pet_owner, pet_name, bid_status, feedback, rating) VALUES ('Trudie55@hotmail.com', 3, '2020-12-15T14:38:36.821Z', '2020-12-16T18:08:01.380Z', true, 'pickup', 'German65@hotmail.com', 'Annetta', 'submitted', NULL, NULL);
INSERT INTO bid (ct_email, ct_price, start_date, end_date, is_cash, transport_method, pet_owner, pet_name, bid_status, feedback, rating) VALUES ('Kaya.Miller@hotmail.com', 20, '2020-12-15T14:38:36.821Z', '2020-12-16T18:08:01.380Z', true, 'delivery', 'Karlie59@yahoo.com', 'Anastasia', 'submitted', NULL, NULL);
INSERT INTO bid (ct_email, ct_price, start_date, end_date, is_cash, transport_method, pet_owner, pet_name, bid_status, feedback, rating) VALUES ('Christ99@yahoo.com', 10, '2020-12-15T14:38:36.821Z', '2020-12-16T18:08:01.380Z', true, 'pickup', 'Shannon74@yahoo.com', 'Jefferey', 'submitted', NULL, NULL);
INSERT INTO bid (ct_email, ct_price, start_date, end_date, is_cash, transport_method, pet_owner, pet_name, bid_status, feedback, rating) VALUES ('Heath_Harris@yahoo.com', 20, '2020-12-15T14:38:36.821Z', '2020-12-16T18:08:01.380Z', true, 'pcs', 'Hanna.Homenick31@yahoo.com', 'Savannah', 'submitted', NULL, NULL);
INSERT INTO bid (ct_email, ct_price, start_date, end_date, is_cash, transport_method, pet_owner, pet_name, bid_status, feedback, rating) VALUES ('Marianne90@yahoo.com', 17, '2020-12-15T14:38:36.821Z', '2020-12-16T18:08:01.380Z', true, 'delivery', 'Eveline.Bergstrom@hotmail.com', 'Cristal', 'submitted', NULL, NULL);
INSERT INTO bid (ct_email, ct_price, start_date, end_date, is_cash, transport_method, pet_owner, pet_name, bid_status, feedback, rating) VALUES ('Flavie_Pacocha7@yahoo.com', 6, '2020-12-15T14:38:36.821Z', '2020-12-16T18:08:01.380Z', true, 'pickup', 'Cathrine34@gmail.com', 'Joshuah', 'submitted', NULL, NULL);
INSERT INTO bid (ct_email, ct_price, start_date, end_date, is_cash, transport_method, pet_owner, pet_name, bid_status, feedback, rating) VALUES ('Reynold30@gmail.com', 4, '2020-12-15T14:38:36.821Z', '2020-12-16T18:08:01.380Z', true, 'pcs', 'Albin.Sawayn3@yahoo.com', 'Mohammad', 'submitted', NULL, NULL);
INSERT INTO bid (ct_email, ct_price, start_date, end_date, is_cash, transport_method, pet_owner, pet_name, bid_status, feedback, rating) VALUES ('Marietta_Paucek@yahoo.com', 19, '2020-12-15T14:38:36.821Z', '2020-12-16T18:08:01.380Z', true, 'delivery', 'Junius.Hayes76@hotmail.com', 'Oceane', 'submitted', NULL, NULL);
INSERT INTO bid (ct_email, ct_price, start_date, end_date, is_cash, transport_method, pet_owner, pet_name, bid_status, feedback, rating) VALUES ('Christiana_OConner19@hotmail.com', 2, '2020-12-15T14:38:36.821Z', '2020-12-16T18:08:01.380Z', true, 'pickup', 'Estella89@yahoo.com', 'Daniela', 'submitted', NULL, NULL);
INSERT INTO bid (ct_email, ct_price, start_date, end_date, is_cash, transport_method, pet_owner, pet_name, bid_status, feedback, rating) VALUES ('Kristoffer_Welch13@yahoo.com', 1, '2020-12-15T14:38:36.821Z', '2020-12-16T18:08:01.380Z', true, 'delivery', 'Kip_Thiel70@yahoo.com', 'Ethel', 'submitted', NULL, NULL);
INSERT INTO bid (ct_email, ct_price, start_date, end_date, is_cash, transport_method, pet_owner, pet_name, bid_status, feedback, rating) VALUES ('Verna2@yahoo.com', 17, '2020-12-15T14:38:36.821Z', '2020-12-16T18:08:01.380Z', true, 'delivery', 'Janessa71@hotmail.com', 'Frankie', 'submitted', NULL, NULL);
INSERT INTO bid (ct_email, ct_price, start_date, end_date, is_cash, transport_method, pet_owner, pet_name, bid_status, feedback, rating) VALUES ('Jesus.Haag@hotmail.com', 11, '2020-12-15T14:38:36.821Z', '2020-12-16T18:08:01.380Z', true, 'pcs', 'Kale70@gmail.com', 'Adriana', 'submitted', NULL, NULL);
INSERT INTO bid (ct_email, ct_price, start_date, end_date, is_cash, transport_method, pet_owner, pet_name, bid_status, feedback, rating) VALUES ('Joey74@gmail.com', 2, '2020-12-15T14:38:36.821Z', '2020-12-16T18:08:01.380Z', true, 'pcs', 'Valerie12@hotmail.com', 'Candida', 'submitted', NULL, NULL);
INSERT INTO bid (ct_email, ct_price, start_date, end_date, is_cash, transport_method, pet_owner, pet_name, bid_status, feedback, rating) VALUES ('Lukas.Mayer16@gmail.com', 8, '2020-12-15T14:38:36.821Z', '2020-12-16T18:08:01.380Z', true, 'pcs', 'Flavie_Pacocha7@yahoo.com', 'Jules', 'submitted', NULL, NULL);
INSERT INTO bid (ct_email, ct_price, start_date, end_date, is_cash, transport_method, pet_owner, pet_name, bid_status, feedback, rating) VALUES ('Breanna80@yahoo.com', 3, '2020-12-15T14:38:36.821Z', '2020-12-16T18:08:01.380Z', true, 'pcs', 'Carmelo_Mills@yahoo.com', 'Enrico', 'submitted', NULL, NULL);
INSERT INTO bid (ct_email, ct_price, start_date, end_date, is_cash, transport_method, pet_owner, pet_name, bid_status, feedback, rating) VALUES ('Cassidy_Kovacek@yahoo.com', 4, '2020-12-15T14:38:36.821Z', '2020-12-16T18:08:01.380Z', true, 'delivery', 'Francis.Tillman92@yahoo.com', 'Ford', 'submitted', NULL, NULL);
INSERT INTO bid (ct_email, ct_price, start_date, end_date, is_cash, transport_method, pet_owner, pet_name, bid_status, feedback, rating) VALUES ('Junius.Hayes76@hotmail.com', 7, '2020-12-15T14:38:36.821Z', '2020-12-16T18:08:01.380Z', true, 'pcs', 'Marianne.Predovic99@gmail.com', 'Kathleen', 'submitted', NULL, NULL);
INSERT INTO bid (ct_email, ct_price, start_date, end_date, is_cash, transport_method, pet_owner, pet_name, bid_status, feedback, rating) VALUES ('Shannon74@yahoo.com', 18, '2020-12-15T14:38:36.821Z', '2020-12-16T18:08:01.380Z', true, 'delivery', 'Heloise.Dietrich61@gmail.com', 'Gracie', 'submitted', NULL, NULL);
INSERT INTO bid (ct_email, ct_price, start_date, end_date, is_cash, transport_method, pet_owner, pet_name, bid_status, feedback, rating) VALUES ('Erika_OHara@gmail.com', 8, '2020-12-15T14:38:36.821Z', '2020-12-16T18:08:01.380Z', true, 'pickup', 'Joyce79@gmail.com', 'Gudrun', 'submitted', NULL, NULL);
INSERT INTO bid (ct_email, ct_price, start_date, end_date, is_cash, transport_method, pet_owner, pet_name, bid_status, feedback, rating) VALUES ('Ashlee75@hotmail.com', 9, '2020-12-15T14:38:36.821Z', '2020-12-16T18:08:01.380Z', true, 'pickup', 'Sammy.Veum@hotmail.com', 'Chasity', 'submitted', NULL, NULL);
INSERT INTO bid (ct_email, ct_price, start_date, end_date, is_cash, transport_method, pet_owner, pet_name, bid_status, feedback, rating) VALUES ('Domenica_Ondricka1@gmail.com', 2, '2020-12-15T14:38:36.821Z', '2020-12-16T18:08:01.380Z', true, 'delivery', 'Olga.Crist40@gmail.com', 'Zula', 'submitted', NULL, NULL);
INSERT INTO bid (ct_email, ct_price, start_date, end_date, is_cash, transport_method, pet_owner, pet_name, bid_status, feedback, rating) VALUES ('Nedra.Durgan24@gmail.com', 17, '2020-12-15T14:38:36.821Z', '2020-12-16T18:08:01.380Z', true, 'pcs', 'Lizeth18@hotmail.com', 'Parker', 'submitted', NULL, NULL);
INSERT INTO bid (ct_email, ct_price, start_date, end_date, is_cash, transport_method, pet_owner, pet_name, bid_status, feedback, rating) VALUES ('Ivah10@gmail.com', 4, '2020-12-15T14:38:36.821Z', '2020-12-16T18:08:01.380Z', true, 'delivery', 'Mozelle.Herzog48@gmail.com', 'Ella', 'submitted', NULL, NULL);
INSERT INTO bid (ct_email, ct_price, start_date, end_date, is_cash, transport_method, pet_owner, pet_name, bid_status, feedback, rating) VALUES ('Brittany.Price57@gmail.com', 6, '2020-12-15T14:38:36.821Z', '2020-12-16T18:08:01.380Z', true, 'delivery', 'Rodrick35@gmail.com', 'Raymundo', 'submitted', NULL, NULL);
INSERT INTO bid (ct_email, ct_price, start_date, end_date, is_cash, transport_method, pet_owner, pet_name, bid_status, feedback, rating) VALUES ('Bertha_Will@yahoo.com', 5, '2020-12-15T14:38:36.821Z', '2020-12-16T18:08:01.380Z', true, 'pickup', 'Emmet_Blanda@yahoo.com', 'Cooper', 'submitted', NULL, NULL);
INSERT INTO bid (ct_email, ct_price, start_date, end_date, is_cash, transport_method, pet_owner, pet_name, bid_status, feedback, rating) VALUES ('Milton_Marvin81@gmail.com', 1, '2020-12-15T14:38:36.821Z', '2020-12-16T18:08:01.380Z', true, 'pcs', 'Eloise_Raynor72@yahoo.com', 'Werner', 'submitted', NULL, NULL);
INSERT INTO bid (ct_email, ct_price, start_date, end_date, is_cash, transport_method, pet_owner, pet_name, bid_status, feedback, rating) VALUES ('Alda.Prosacco74@yahoo.com', 1, '2020-12-15T14:38:36.821Z', '2020-12-16T18:08:01.380Z', true, 'pickup', 'Gardner.Kuvalis@gmail.com', 'Clair', 'submitted', NULL, NULL);
INSERT INTO bid (ct_email, ct_price, start_date, end_date, is_cash, transport_method, pet_owner, pet_name, bid_status, feedback, rating) VALUES ('Henderson_Fritsch@hotmail.com', 5, '2020-12-15T14:38:36.821Z', '2020-12-16T18:08:01.380Z', true, 'pcs', 'Eldora_Schneider@yahoo.com', 'Russ', 'submitted', NULL, NULL);
INSERT INTO bid (ct_email, ct_price, start_date, end_date, is_cash, transport_method, pet_owner, pet_name, bid_status, feedback, rating) VALUES ('Kamren_Heathcote@hotmail.com', 13, '2020-12-15T14:38:36.821Z', '2020-12-16T18:08:01.380Z', true, 'pickup', 'Jerome.Bauch@yahoo.com', 'Reagan', 'submitted', NULL, NULL);
INSERT INTO bid (ct_email, ct_price, start_date, end_date, is_cash, transport_method, pet_owner, pet_name, bid_status, feedback, rating) VALUES ('Annamae4@hotmail.com', 19, '2020-12-15T14:38:36.821Z', '2020-12-16T18:08:01.380Z', true, 'delivery', 'Marjory22@yahoo.com', 'Glennie', 'submitted', NULL, NULL);
INSERT INTO bid (ct_email, ct_price, start_date, end_date, is_cash, transport_method, pet_owner, pet_name, bid_status, feedback, rating) VALUES ('Trevor40@gmail.com', 20, '2020-12-15T14:38:36.821Z', '2020-12-16T18:08:01.380Z', true, 'delivery', 'Stacy69@gmail.com', 'Anastacio', 'submitted', NULL, NULL);
INSERT INTO bid (ct_email, ct_price, start_date, end_date, is_cash, transport_method, pet_owner, pet_name, bid_status, feedback, rating) VALUES ('Margarita.Hermiston@yahoo.com', 13, '2020-12-15T14:38:36.821Z', '2020-12-16T18:08:01.380Z', true, 'pcs', 'Allison.Nolan81@hotmail.com', 'Liam', 'submitted', NULL, NULL);
INSERT INTO bid (ct_email, ct_price, start_date, end_date, is_cash, transport_method, pet_owner, pet_name, bid_status, feedback, rating) VALUES ('Sigurd.Walter@gmail.com', 9, '2020-12-15T14:38:36.821Z', '2020-12-16T18:08:01.380Z', true, 'pickup', 'Amari58@hotmail.com', 'Elmo', 'submitted', NULL, NULL);
INSERT INTO bid (ct_email, ct_price, start_date, end_date, is_cash, transport_method, pet_owner, pet_name, bid_status, feedback, rating) VALUES ('Devante.Dickinson74@yahoo.com', 16, '2020-12-15T14:38:36.821Z', '2020-12-16T18:08:01.380Z', true, 'delivery', 'Dylan9@hotmail.com', 'Theron', 'submitted', NULL, NULL);
INSERT INTO bid (ct_email, ct_price, start_date, end_date, is_cash, transport_method, pet_owner, pet_name, bid_status, feedback, rating) VALUES ('Eleanore34@hotmail.com', 10, '2020-12-15T14:38:36.821Z', '2020-12-16T18:08:01.380Z', true, 'pcs', 'Joe27@gmail.com', 'Layla', 'submitted', NULL, NULL);
INSERT INTO bid (ct_email, ct_price, start_date, end_date, is_cash, transport_method, pet_owner, pet_name, bid_status, feedback, rating) VALUES ('Jermey63@hotmail.com', 2, '2020-12-15T14:38:36.821Z', '2020-12-16T18:08:01.380Z', true, 'pcs', 'Wellington_Kuvalis30@hotmail.com', 'Henri', 'submitted', NULL, NULL);
INSERT INTO bid (ct_email, ct_price, start_date, end_date, is_cash, transport_method, pet_owner, pet_name, bid_status, feedback, rating) VALUES ('Joan69@hotmail.com', 6, '2020-12-15T14:38:36.821Z', '2020-12-16T18:08:01.380Z', true, 'pickup', 'Yvonne5@hotmail.com', 'Elna', 'submitted', NULL, NULL);
INSERT INTO bid (ct_email, ct_price, start_date, end_date, is_cash, transport_method, pet_owner, pet_name, bid_status, feedback, rating) VALUES ('Reba.Maggio@yahoo.com', 2, '2020-12-15T14:38:36.821Z', '2020-12-16T18:08:01.380Z', true, 'delivery', 'Marianne90@yahoo.com', 'Darwin', 'submitted', NULL, NULL);
INSERT INTO bid (ct_email, ct_price, start_date, end_date, is_cash, transport_method, pet_owner, pet_name, bid_status, feedback, rating) VALUES ('Jennifer94@gmail.com', 13, '2020-12-15T14:38:36.821Z', '2020-12-16T18:08:01.380Z', true, 'pcs', 'Ludwig_Hessel@yahoo.com', 'Cale', 'submitted', NULL, NULL);
INSERT INTO bid (ct_email, ct_price, start_date, end_date, is_cash, transport_method, pet_owner, pet_name, bid_status, feedback, rating) VALUES ('Odessa62@hotmail.com', 11, '2020-12-15T14:38:36.821Z', '2020-12-16T18:08:01.380Z', true, 'pickup', 'Maryjane_Orn76@hotmail.com', 'Dewayne', 'submitted', NULL, NULL);
INSERT INTO bid (ct_email, ct_price, start_date, end_date, is_cash, transport_method, pet_owner, pet_name, bid_status, feedback, rating) VALUES ('Katherine.Johnson89@gmail.com', 0, '2020-12-15T14:38:36.821Z', '2020-12-16T18:08:01.380Z', true, 'pcs', 'Hailie_Stracke@hotmail.com', 'Lavina', 'submitted', NULL, NULL);
INSERT INTO bid (ct_email, ct_price, start_date, end_date, is_cash, transport_method, pet_owner, pet_name, bid_status, feedback, rating) VALUES ('Lillie_Barton@hotmail.com', 20, '2020-12-15T14:38:36.821Z', '2020-12-16T18:08:01.380Z', true, 'delivery', 'Keyon.Kiehn@hotmail.com', 'Makenzie', 'submitted', NULL, NULL);
INSERT INTO bid (ct_email, ct_price, start_date, end_date, is_cash, transport_method, pet_owner, pet_name, bid_status, feedback, rating) VALUES ('Newell_Paucek40@gmail.com', 0, '2020-12-15T14:38:36.821Z', '2020-12-16T18:08:01.380Z', true, 'pickup', 'Katelynn_Jakubowski71@yahoo.com', 'Xander', 'submitted', NULL, NULL);
INSERT INTO bid (ct_email, ct_price, start_date, end_date, is_cash, transport_method, pet_owner, pet_name, bid_status, feedback, rating) VALUES ('Rosalinda30@yahoo.com', 3, '2020-12-15T14:38:36.821Z', '2020-12-16T18:08:01.380Z', true, 'pickup', 'Mack_Hills26@hotmail.com', 'Aliya', 'submitted', NULL, NULL);
INSERT INTO bid (ct_email, ct_price, start_date, end_date, is_cash, transport_method, pet_owner, pet_name, bid_status, feedback, rating) VALUES ('Jerod24@gmail.com', 3, '2020-12-15T14:38:36.821Z', '2020-12-16T18:08:01.380Z', true, 'delivery', 'Colten_Ernser81@gmail.com', 'Ayla', 'submitted', NULL, NULL);
INSERT INTO bid (ct_email, ct_price, start_date, end_date, is_cash, transport_method, pet_owner, pet_name, bid_status, feedback, rating) VALUES ('Peter.Aufderhar37@hotmail.com', 10, '2020-12-15T14:38:36.821Z', '2020-12-16T18:08:01.380Z', true, 'pcs', 'Stevie61@hotmail.com', 'Jalon', 'submitted', NULL, NULL);
INSERT INTO bid (ct_email, ct_price, start_date, end_date, is_cash, transport_method, pet_owner, pet_name, bid_status, feedback, rating) VALUES ('Alfonso_Wiza85@yahoo.com', 5, '2020-12-15T14:38:36.821Z', '2020-12-16T18:08:01.380Z', true, 'pickup', 'Devon_Carter@hotmail.com', 'Oceane', 'submitted', NULL, NULL);
INSERT INTO bid (ct_email, ct_price, start_date, end_date, is_cash, transport_method, pet_owner, pet_name, bid_status, feedback, rating) VALUES ('Arno.Ferry74@yahoo.com', 3, '2020-12-15T14:38:36.821Z', '2020-12-16T18:08:01.380Z', true, 'delivery', 'Jovanny43@yahoo.com', 'Archibald', 'submitted', NULL, NULL);
INSERT INTO bid (ct_email, ct_price, start_date, end_date, is_cash, transport_method, pet_owner, pet_name, bid_status, feedback, rating) VALUES ('Fernando.Altenwerth18@yahoo.com', 18, '2020-12-15T14:38:36.821Z', '2020-12-16T18:08:01.380Z', true, 'pickup', 'Ubaldo37@gmail.com', 'Toy', 'submitted', NULL, NULL);
INSERT INTO bid (ct_email, ct_price, start_date, end_date, is_cash, transport_method, pet_owner, pet_name, bid_status, feedback, rating) VALUES ('Rosamond_Franecki20@hotmail.com', 13, '2020-12-15T14:38:36.821Z', '2020-12-16T18:08:01.380Z', true, 'pcs', 'Adelle.Labadie@hotmail.com', 'Shaina', 'submitted', NULL, NULL);
INSERT INTO bid (ct_email, ct_price, start_date, end_date, is_cash, transport_method, pet_owner, pet_name, bid_status, feedback, rating) VALUES ('Tyler20@gmail.com', 1, '2020-12-15T14:38:36.821Z', '2020-12-16T18:08:01.380Z', true, 'pickup', 'Suzanne.Blick85@yahoo.com', 'Micheal', 'submitted', NULL, NULL);
INSERT INTO bid (ct_email, ct_price, start_date, end_date, is_cash, transport_method, pet_owner, pet_name, bid_status, feedback, rating) VALUES ('Torrance49@hotmail.com', 17, '2020-12-15T14:38:36.821Z', '2020-12-16T18:08:01.380Z', true, 'pcs', 'Seth.Rau@yahoo.com', 'Haleigh', 'submitted', NULL, NULL);
INSERT INTO bid (ct_email, ct_price, start_date, end_date, is_cash, transport_method, pet_owner, pet_name, bid_status, feedback, rating) VALUES ('Bud_Crooks@yahoo.com', 2, '2020-12-15T14:38:36.821Z', '2020-12-16T18:08:01.380Z', true, 'pcs', 'Isom22@yahoo.com', 'Kendra', 'submitted', NULL, NULL);
INSERT INTO bid (ct_email, ct_price, start_date, end_date, is_cash, transport_method, pet_owner, pet_name, bid_status, feedback, rating) VALUES ('Alyson.Hamill80@gmail.com', 16, '2020-12-15T14:38:36.821Z', '2020-12-16T18:08:01.380Z', true, 'delivery', 'Werner_Ward@yahoo.com', 'Jonathon', 'submitted', NULL, NULL);
INSERT INTO bid (ct_email, ct_price, start_date, end_date, is_cash, transport_method, pet_owner, pet_name, bid_status, feedback, rating) VALUES ('Reynold14@gmail.com', 2, '2020-12-15T14:38:36.821Z', '2020-12-16T18:08:01.380Z', true, 'pickup', 'Cary79@hotmail.com', 'Dulce', 'submitted', NULL, NULL);
INSERT INTO bid (ct_email, ct_price, start_date, end_date, is_cash, transport_method, pet_owner, pet_name, bid_status, feedback, rating) VALUES ('Daphnee.Morissette@hotmail.com', 10, '2020-12-15T14:38:36.821Z', '2020-12-16T18:08:01.380Z', true, 'pickup', 'Alison_Jaskolski@hotmail.com', 'Pietro', 'submitted', NULL, NULL);
INSERT INTO bid (ct_email, ct_price, start_date, end_date, is_cash, transport_method, pet_owner, pet_name, bid_status, feedback, rating) VALUES ('Audrey.Hills@hotmail.com', 14, '2020-12-15T14:38:36.821Z', '2020-12-16T18:08:01.380Z', true, 'delivery', 'Cheyanne_Cronin97@gmail.com', 'Bulah', 'submitted', NULL, NULL);
INSERT INTO bid (ct_email, ct_price, start_date, end_date, is_cash, transport_method, pet_owner, pet_name, bid_status, feedback, rating) VALUES ('Cali.Zboncak97@hotmail.com', 14, '2020-12-15T14:38:36.821Z', '2020-12-16T18:08:01.380Z', true, 'delivery', 'Sherman.Brown51@hotmail.com', 'Pansy', 'submitted', NULL, NULL);
INSERT INTO bid (ct_email, ct_price, start_date, end_date, is_cash, transport_method, pet_owner, pet_name, bid_status, feedback, rating) VALUES ('Waino51@hotmail.com', 18, '2020-12-15T14:38:36.821Z', '2020-12-16T18:08:01.380Z', true, 'pickup', 'Ramiro25@gmail.com', 'Verona', 'submitted', NULL, NULL);
INSERT INTO bid (ct_email, ct_price, start_date, end_date, is_cash, transport_method, pet_owner, pet_name, bid_status, feedback, rating) VALUES ('Annetta40@hotmail.com', 17, '2020-12-15T14:38:36.821Z', '2020-12-16T18:08:01.380Z', true, 'pcs', 'Bart.Strosin@gmail.com', 'Demond', 'submitted', NULL, NULL);
INSERT INTO bid (ct_email, ct_price, start_date, end_date, is_cash, transport_method, pet_owner, pet_name, bid_status, feedback, rating) VALUES ('Cicero.Ondricka@gmail.com', 9, '2020-12-15T14:38:36.821Z', '2020-12-16T18:08:01.380Z', true, 'pickup', 'Milton_Marvin81@gmail.com', 'Raina', 'submitted', NULL, NULL);
INSERT INTO bid (ct_email, ct_price, start_date, end_date, is_cash, transport_method, pet_owner, pet_name, bid_status, feedback, rating) VALUES ('Sonny1@yahoo.com', 18, '2020-12-15T14:38:36.821Z', '2020-12-16T18:08:01.380Z', true, 'pickup', 'Aylin1@yahoo.com', 'Jaquan', 'submitted', NULL, NULL);
INSERT INTO bid (ct_email, ct_price, start_date, end_date, is_cash, transport_method, pet_owner, pet_name, bid_status, feedback, rating) VALUES ('Barbara.Mitchell36@gmail.com', 18, '2020-12-15T14:38:36.821Z', '2020-12-16T18:08:01.380Z', true, 'pcs', 'Lupe_Hilll@gmail.com', 'Jaylan', 'submitted', NULL, NULL);
INSERT INTO bid (ct_email, ct_price, start_date, end_date, is_cash, transport_method, pet_owner, pet_name, bid_status, feedback, rating) VALUES ('Patsy39@hotmail.com', 10, '2020-12-15T14:38:36.821Z', '2020-12-16T18:08:01.380Z', true, 'pcs', 'Elody_Hudson@hotmail.com', 'Lea', 'submitted', NULL, NULL);
INSERT INTO bid (ct_email, ct_price, start_date, end_date, is_cash, transport_method, pet_owner, pet_name, bid_status, feedback, rating) VALUES ('Dylan9@hotmail.com', 14, '2020-12-15T14:38:36.821Z', '2020-12-16T18:08:01.380Z', true, 'pcs', 'Ona.Schroeder@gmail.com', 'Louvenia', 'submitted', NULL, NULL);
INSERT INTO bid (ct_email, ct_price, start_date, end_date, is_cash, transport_method, pet_owner, pet_name, bid_status, feedback, rating) VALUES ('Kobe30@gmail.com', 14, '2020-12-15T14:38:36.821Z', '2020-12-16T18:08:01.380Z', true, 'pcs', 'Garry88@gmail.com', 'Lee', 'submitted', NULL, NULL);
INSERT INTO bid (ct_email, ct_price, start_date, end_date, is_cash, transport_method, pet_owner, pet_name, bid_status, feedback, rating) VALUES ('Clementina51@hotmail.com', 9, '2020-12-15T14:38:36.821Z', '2020-12-16T18:08:01.380Z', true, 'pcs', 'Vincent_Deckow88@gmail.com', 'Raoul', 'submitted', NULL, NULL);
INSERT INTO bid (ct_email, ct_price, start_date, end_date, is_cash, transport_method, pet_owner, pet_name, bid_status, feedback, rating) VALUES ('Josiah59@yahoo.com', 16, '2020-12-15T14:38:36.821Z', '2020-12-16T18:08:01.380Z', true, 'pcs', 'Turner.Shields76@yahoo.com', 'Ted', 'submitted', NULL, NULL);
INSERT INTO bid (ct_email, ct_price, start_date, end_date, is_cash, transport_method, pet_owner, pet_name, bid_status, feedback, rating) VALUES ('Thad_Lueilwitz@yahoo.com', 2, '2020-12-15T14:38:36.821Z', '2020-12-16T18:08:01.380Z', true, 'pcs', 'Krista78@yahoo.com', 'Gregg', 'submitted', NULL, NULL);
INSERT INTO bid (ct_email, ct_price, start_date, end_date, is_cash, transport_method, pet_owner, pet_name, bid_status, feedback, rating) VALUES ('Travis_Schiller@yahoo.com', 9, '2020-12-15T14:38:36.821Z', '2020-12-16T18:08:01.380Z', true, 'pcs', 'Jacques.Cummings@hotmail.com', 'Roxane', 'submitted', NULL, NULL);
INSERT INTO bid (ct_email, ct_price, start_date, end_date, is_cash, transport_method, pet_owner, pet_name, bid_status, feedback, rating) VALUES ('Favian_Effertz@yahoo.com', 2, '2020-12-15T14:38:36.821Z', '2020-12-16T18:08:01.380Z', true, 'pcs', 'Harmony27@gmail.com', 'Sydnie', 'submitted', NULL, NULL);
INSERT INTO bid (ct_email, ct_price, start_date, end_date, is_cash, transport_method, pet_owner, pet_name, bid_status, feedback, rating) VALUES ('Furman_Ondricka@gmail.com', 14, '2020-12-15T14:38:36.821Z', '2020-12-16T18:08:01.380Z', true, 'pickup', 'Jaunita_Borer@yahoo.com', 'Josephine', 'submitted', NULL, NULL);
INSERT INTO bid (ct_email, ct_price, start_date, end_date, is_cash, transport_method, pet_owner, pet_name, bid_status, feedback, rating) VALUES ('Florencio.Stamm@yahoo.com', 5, '2020-12-15T14:38:36.821Z', '2020-12-16T18:08:01.380Z', true, 'pcs', 'Timmy59@hotmail.com', 'Rod', 'submitted', NULL, NULL);
INSERT INTO bid (ct_email, ct_price, start_date, end_date, is_cash, transport_method, pet_owner, pet_name, bid_status, feedback, rating) VALUES ('Aliyah15@gmail.com', 12, '2020-12-15T14:38:36.821Z', '2020-12-16T18:08:01.380Z', true, 'pickup', 'Toy.Gleason@hotmail.com', 'Zetta', 'submitted', NULL, NULL);
INSERT INTO bid (ct_email, ct_price, start_date, end_date, is_cash, transport_method, pet_owner, pet_name, bid_status, feedback, rating) VALUES ('Wilbert_Sawayn46@hotmail.com', 10, '2020-12-15T14:38:36.821Z', '2020-12-16T18:08:01.380Z', true, 'pickup', 'Guido98@hotmail.com', 'Yazmin', 'submitted', NULL, NULL);
INSERT INTO bid (ct_email, ct_price, start_date, end_date, is_cash, transport_method, pet_owner, pet_name, bid_status, feedback, rating) VALUES ('Felix46@yahoo.com', 3, '2020-12-15T14:38:36.821Z', '2020-12-16T18:08:01.380Z', true, 'delivery', 'Norval_Lockman24@yahoo.com', 'Max', 'submitted', NULL, NULL);
INSERT INTO bid (ct_email, ct_price, start_date, end_date, is_cash, transport_method, pet_owner, pet_name, bid_status, feedback, rating) VALUES ('Augusta.Wisozk26@yahoo.com', 14, '2020-12-15T14:38:36.821Z', '2020-12-16T18:08:01.380Z', true, 'pcs', 'Alva78@hotmail.com', 'Elody', 'submitted', NULL, NULL);
INSERT INTO bid (ct_email, ct_price, start_date, end_date, is_cash, transport_method, pet_owner, pet_name, bid_status, feedback, rating) VALUES ('Jarod.Boyle@gmail.com', 2, '2020-12-15T14:38:36.821Z', '2020-12-16T18:08:01.380Z', true, 'pickup', 'Marguerite47@gmail.com', 'Savanah', 'submitted', NULL, NULL);
INSERT INTO bid (ct_email, ct_price, start_date, end_date, is_cash, transport_method, pet_owner, pet_name, bid_status, feedback, rating) VALUES ('Nyah90@gmail.com', 10, '2020-12-15T14:38:36.821Z', '2020-12-16T18:08:01.380Z', true, 'pcs', 'Gail_Weissnat@yahoo.com', 'Cletus', 'submitted', NULL, NULL);
INSERT INTO bid (ct_email, ct_price, start_date, end_date, is_cash, transport_method, pet_owner, pet_name, bid_status, feedback, rating) VALUES ('Jaunita_Borer@yahoo.com', 18, '2020-12-15T14:38:36.821Z', '2020-12-16T18:08:01.380Z', true, 'delivery', 'Julien15@hotmail.com', 'Amber', 'submitted', NULL, NULL);
INSERT INTO bid (ct_email, ct_price, start_date, end_date, is_cash, transport_method, pet_owner, pet_name, bid_status, feedback, rating) VALUES ('Kaci.Rolfson53@yahoo.com', 13, '2020-12-15T14:38:36.821Z', '2020-12-16T18:08:01.380Z', true, 'delivery', 'Kadin.Schuppe@hotmail.com', 'Niko', 'submitted', NULL, NULL);
INSERT INTO bid (ct_email, ct_price, start_date, end_date, is_cash, transport_method, pet_owner, pet_name, bid_status, feedback, rating) VALUES ('Rebecca20@yahoo.com', 4, '2020-12-15T14:38:36.821Z', '2020-12-16T18:08:01.380Z', true, 'pcs', 'Ellen82@gmail.com', 'Armand', 'submitted', NULL, NULL);
INSERT INTO bid (ct_email, ct_price, start_date, end_date, is_cash, transport_method, pet_owner, pet_name, bid_status, feedback, rating) VALUES ('Elwyn.Hoeger89@gmail.com', 18, '2020-12-15T14:38:36.821Z', '2020-12-16T18:08:01.380Z', true, 'delivery', 'Rodrick_Waters@gmail.com', 'Reba', 'submitted', NULL, NULL);
INSERT INTO bid (ct_email, ct_price, start_date, end_date, is_cash, transport_method, pet_owner, pet_name, bid_status, feedback, rating) VALUES ('Darion43@gmail.com', 19, '2020-12-15T14:38:36.821Z', '2020-12-16T18:08:01.380Z', true, 'pcs', 'Josiah59@yahoo.com', 'Nicklaus', 'submitted', NULL, NULL);
INSERT INTO bid (ct_email, ct_price, start_date, end_date, is_cash, transport_method, pet_owner, pet_name, bid_status, feedback, rating) VALUES ('Lelah.Dare@hotmail.com', 7, '2020-12-15T14:38:36.821Z', '2020-12-16T18:08:01.380Z', true, 'pickup', 'Tracey4@hotmail.com', 'Dianna', 'submitted', NULL, NULL);
INSERT INTO bid (ct_email, ct_price, start_date, end_date, is_cash, transport_method, pet_owner, pet_name, bid_status, feedback, rating) VALUES ('Joaquin.Terry@hotmail.com', 13, '2020-12-15T14:38:36.821Z', '2020-12-16T18:08:01.380Z', true, 'pickup', 'Freddy.Kunze@yahoo.com', 'Orval', 'submitted', NULL, NULL);
INSERT INTO bid (ct_email, ct_price, start_date, end_date, is_cash, transport_method, pet_owner, pet_name, bid_status, feedback, rating) VALUES ('Rickey34@yahoo.com', 6, '2020-12-15T14:38:36.821Z', '2020-12-16T18:08:01.380Z', true, 'pickup', 'Royce84@gmail.com', 'Reba', 'submitted', NULL, NULL);
INSERT INTO bid (ct_email, ct_price, start_date, end_date, is_cash, transport_method, pet_owner, pet_name, bid_status, feedback, rating) VALUES ('Alba_Balistreri@hotmail.com', 3, '2020-12-15T14:38:36.821Z', '2020-12-16T18:08:01.380Z', true, 'delivery', 'Jovanny.Spinka95@hotmail.com', 'Norene', 'submitted', NULL, NULL);
INSERT INTO bid (ct_email, ct_price, start_date, end_date, is_cash, transport_method, pet_owner, pet_name, bid_status, feedback, rating) VALUES ('Roscoe.Mante@gmail.com', 2, '2020-12-15T14:38:36.821Z', '2020-12-16T18:08:01.380Z', true, 'pcs', 'Abelardo_Stamm@gmail.com', 'Derick', 'submitted', NULL, NULL);
INSERT INTO bid (ct_email, ct_price, start_date, end_date, is_cash, transport_method, pet_owner, pet_name, bid_status, feedback, rating) VALUES ('Kendra60@hotmail.com', 18, '2020-12-15T14:38:36.821Z', '2020-12-16T18:08:01.380Z', true, 'pcs', 'Erika_OHara@gmail.com', 'Elna', 'submitted', NULL, NULL);
INSERT INTO bid (ct_email, ct_price, start_date, end_date, is_cash, transport_method, pet_owner, pet_name, bid_status, feedback, rating) VALUES ('Harmony27@gmail.com', 3, '2020-12-15T14:38:36.821Z', '2020-12-16T18:08:01.380Z', true, 'pcs', 'Mariano54@gmail.com', 'Josefa', 'submitted', NULL, NULL);
INSERT INTO bid (ct_email, ct_price, start_date, end_date, is_cash, transport_method, pet_owner, pet_name, bid_status, feedback, rating) VALUES ('Nadia46@gmail.com', 0, '2020-12-15T14:38:36.821Z', '2020-12-16T18:08:01.380Z', true, 'pcs', 'Rossie.Heidenreich65@gmail.com', 'Hester', 'submitted', NULL, NULL);
INSERT INTO bid (ct_email, ct_price, start_date, end_date, is_cash, transport_method, pet_owner, pet_name, bid_status, feedback, rating) VALUES ('Herminio.Von@gmail.com', 7, '2020-12-15T14:38:36.821Z', '2020-12-16T18:08:01.380Z', true, 'delivery', 'Filomena.Toy90@yahoo.com', 'Howell', 'submitted', NULL, NULL);
INSERT INTO bid (ct_email, ct_price, start_date, end_date, is_cash, transport_method, pet_owner, pet_name, bid_status, feedback, rating) VALUES ('Zoie.Crona0@yahoo.com', 7, '2020-12-15T14:38:36.821Z', '2020-12-16T18:08:01.380Z', true, 'pcs', 'Reba.Maggio@yahoo.com', 'Pete', 'submitted', NULL, NULL);
INSERT INTO bid (ct_email, ct_price, start_date, end_date, is_cash, transport_method, pet_owner, pet_name, bid_status, feedback, rating) VALUES ('Kattie96@yahoo.com', 20, '2020-12-15T14:38:36.821Z', '2020-12-16T18:08:01.380Z', true, 'pcs', 'Garry_McGlynn16@gmail.com', 'Filiberto', 'submitted', NULL, NULL);
INSERT INTO bid (ct_email, ct_price, start_date, end_date, is_cash, transport_method, pet_owner, pet_name, bid_status, feedback, rating) VALUES ('Trever.Smith38@hotmail.com', 9, '2020-12-15T14:38:36.821Z', '2020-12-16T18:08:01.380Z', true, 'pickup', 'Chandler.Sipes@yahoo.com', 'Karina', 'submitted', NULL, NULL);
INSERT INTO bid (ct_email, ct_price, start_date, end_date, is_cash, transport_method, pet_owner, pet_name, bid_status, feedback, rating) VALUES ('Mike27@hotmail.com', 8, '2020-12-15T14:38:36.821Z', '2020-12-16T18:08:01.380Z', true, 'delivery', 'German_Frami83@gmail.com', 'Seamus', 'submitted', NULL, NULL);
INSERT INTO bid (ct_email, ct_price, start_date, end_date, is_cash, transport_method, pet_owner, pet_name, bid_status, feedback, rating) VALUES ('Kasandra_Quitzon@yahoo.com', 6, '2020-12-15T14:38:36.821Z', '2020-12-16T18:08:01.380Z', true, 'pcs', 'Isaac_Blanda@gmail.com', 'Jon', 'submitted', NULL, NULL);
INSERT INTO bid (ct_email, ct_price, start_date, end_date, is_cash, transport_method, pet_owner, pet_name, bid_status, feedback, rating) VALUES ('Stevie61@hotmail.com', 2, '2020-12-15T14:38:36.821Z', '2020-12-16T18:08:01.380Z', true, 'delivery', 'Bradford_Ondricka33@yahoo.com', 'Kaela', 'submitted', NULL, NULL);
INSERT INTO bid (ct_email, ct_price, start_date, end_date, is_cash, transport_method, pet_owner, pet_name, bid_status, feedback, rating) VALUES ('Delfina.Sipes@hotmail.com', 3, '2020-12-15T14:38:36.821Z', '2020-12-16T18:08:01.380Z', true, 'delivery', 'Emmanuelle_Christiansen20@yahoo.com', 'Everette', 'submitted', NULL, NULL);
INSERT INTO bid (ct_email, ct_price, start_date, end_date, is_cash, transport_method, pet_owner, pet_name, bid_status, feedback, rating) VALUES ('Dorothy_Kuhn82@yahoo.com', 4, '2020-12-15T14:38:36.821Z', '2020-12-16T18:08:01.380Z', true, 'delivery', 'Katrina_Kutch@yahoo.com', 'Leonora', 'submitted', NULL, NULL);
INSERT INTO bid (ct_email, ct_price, start_date, end_date, is_cash, transport_method, pet_owner, pet_name, bid_status, feedback, rating) VALUES ('Rosanna.Von57@hotmail.com', 19, '2020-12-15T14:38:36.821Z', '2020-12-16T18:08:01.380Z', true, 'pcs', 'Sonia.Medhurst@yahoo.com', 'Orlando', 'submitted', NULL, NULL);
INSERT INTO bid (ct_email, ct_price, start_date, end_date, is_cash, transport_method, pet_owner, pet_name, bid_status, feedback, rating) VALUES ('Savion_Smitham@yahoo.com', 0, '2020-12-15T14:38:36.821Z', '2020-12-16T18:08:01.380Z', true, 'pcs', 'Chesley.Brekke@yahoo.com', 'Aliya', 'submitted', NULL, NULL);
INSERT INTO bid (ct_email, ct_price, start_date, end_date, is_cash, transport_method, pet_owner, pet_name, bid_status, feedback, rating) VALUES ('Lue17@hotmail.com', 4, '2020-12-15T14:38:36.821Z', '2020-12-16T18:08:01.380Z', true, 'pickup', 'Doyle_Kuhlman@yahoo.com', 'Alden', 'submitted', NULL, NULL);
INSERT INTO bid (ct_email, ct_price, start_date, end_date, is_cash, transport_method, pet_owner, pet_name, bid_status, feedback, rating) VALUES ('Marietta61@gmail.com', 15, '2020-12-15T14:38:36.821Z', '2020-12-16T18:08:01.380Z', true, 'delivery', 'Angelica.Schinner@hotmail.com', 'Hollis', 'submitted', NULL, NULL);
INSERT INTO bid (ct_email, ct_price, start_date, end_date, is_cash, transport_method, pet_owner, pet_name, bid_status, feedback, rating) VALUES ('Nicklaus_Schmeler11@hotmail.com', 11, '2020-12-15T14:38:36.821Z', '2020-12-16T18:08:01.380Z', true, 'pickup', 'Alene.OConner24@hotmail.com', 'Malika', 'submitted', NULL, NULL);
INSERT INTO bid (ct_email, ct_price, start_date, end_date, is_cash, transport_method, pet_owner, pet_name, bid_status, feedback, rating) VALUES ('Nadia.Schmidt@yahoo.com', 2, '2020-12-15T14:38:36.821Z', '2020-12-16T18:08:01.380Z', true, 'pickup', 'Rebecca20@yahoo.com', 'Miguel', 'submitted', NULL, NULL);
INSERT INTO bid (ct_email, ct_price, start_date, end_date, is_cash, transport_method, pet_owner, pet_name, bid_status, feedback, rating) VALUES ('Shanon33@yahoo.com', 13, '2020-12-15T14:38:36.821Z', '2020-12-16T18:08:01.380Z', true, 'delivery', 'Baron52@yahoo.com', 'Guiseppe', 'submitted', NULL, NULL);
INSERT INTO bid (ct_email, ct_price, start_date, end_date, is_cash, transport_method, pet_owner, pet_name, bid_status, feedback, rating) VALUES ('Claude70@hotmail.com', 2, '2020-12-15T14:38:36.821Z', '2020-12-16T18:08:01.380Z', true, 'pcs', 'Hanna_McClure@gmail.com', 'Kirstin', 'submitted', NULL, NULL);
INSERT INTO bid (ct_email, ct_price, start_date, end_date, is_cash, transport_method, pet_owner, pet_name, bid_status, feedback, rating) VALUES ('Erik.Bartell@hotmail.com', 13, '2020-12-15T14:38:36.821Z', '2020-12-16T18:08:01.380Z', true, 'delivery', 'Darryl_Ward@hotmail.com', 'Elmira', 'submitted', NULL, NULL);
INSERT INTO bid (ct_email, ct_price, start_date, end_date, is_cash, transport_method, pet_owner, pet_name, bid_status, feedback, rating) VALUES ('Lina33@gmail.com', 7, '2020-12-15T14:38:36.821Z', '2020-12-16T18:08:01.380Z', true, 'pickup', 'Augusta53@yahoo.com', 'Claude', 'submitted', NULL, NULL);
INSERT INTO bid (ct_email, ct_price, start_date, end_date, is_cash, transport_method, pet_owner, pet_name, bid_status, feedback, rating) VALUES ('Demario99@hotmail.com', 17, '2020-12-15T14:38:36.821Z', '2020-12-16T18:08:01.380Z', true, 'pickup', 'Theron.Grant57@hotmail.com', 'Hailee', 'submitted', NULL, NULL);
INSERT INTO bid (ct_email, ct_price, start_date, end_date, is_cash, transport_method, pet_owner, pet_name, bid_status, feedback, rating) VALUES ('Eileen.Reynolds28@hotmail.com', 15, '2020-12-15T14:38:36.821Z', '2020-12-16T18:08:01.380Z', true, 'delivery', 'Alanna_Beier38@gmail.com', 'Bailee', 'submitted', NULL, NULL);
INSERT INTO bid (ct_email, ct_price, start_date, end_date, is_cash, transport_method, pet_owner, pet_name, bid_status, feedback, rating) VALUES ('Andrew.Sanford@yahoo.com', 16, '2020-12-15T14:38:36.821Z', '2020-12-16T18:08:01.380Z', true, 'delivery', 'Citlalli.Haag76@gmail.com', 'Felicita', 'submitted', NULL, NULL);
INSERT INTO bid (ct_email, ct_price, start_date, end_date, is_cash, transport_method, pet_owner, pet_name, bid_status, feedback, rating) VALUES ('Ottilie.Carter18@gmail.com', 12, '2020-12-15T14:38:36.821Z', '2020-12-16T18:08:01.380Z', true, 'delivery', 'Bartholome.Schowalter@yahoo.com', 'Tatum', 'submitted', NULL, NULL);
INSERT INTO bid (ct_email, ct_price, start_date, end_date, is_cash, transport_method, pet_owner, pet_name, bid_status, feedback, rating) VALUES ('Ruthe88@gmail.com', 1, '2020-12-15T14:38:36.821Z', '2020-12-16T18:08:01.380Z', true, 'pcs', 'Charity.Wolf32@gmail.com', 'Octavia', 'submitted', NULL, NULL);
INSERT INTO bid (ct_email, ct_price, start_date, end_date, is_cash, transport_method, pet_owner, pet_name, bid_status, feedback, rating) VALUES ('Ardella_Klocko97@yahoo.com', 2, '2020-12-15T14:38:36.821Z', '2020-12-16T18:08:01.380Z', true, 'pcs', 'Luther_Goodwin38@yahoo.com', 'Pearl', 'submitted', NULL, NULL);
INSERT INTO bid (ct_email, ct_price, start_date, end_date, is_cash, transport_method, pet_owner, pet_name, bid_status, feedback, rating) VALUES ('Jovanny43@yahoo.com', 18, '2020-12-15T14:38:36.821Z', '2020-12-16T18:08:01.380Z', true, 'delivery', 'Franco11@yahoo.com', 'Fanny', 'submitted', NULL, NULL);
INSERT INTO bid (ct_email, ct_price, start_date, end_date, is_cash, transport_method, pet_owner, pet_name, bid_status, feedback, rating) VALUES ('Rosina.Schneider28@gmail.com', 1, '2020-12-15T14:38:36.821Z', '2020-12-16T18:08:01.380Z', true, 'delivery', 'Antwan56@yahoo.com', 'Garett', 'submitted', NULL, NULL);
INSERT INTO bid (ct_email, ct_price, start_date, end_date, is_cash, transport_method, pet_owner, pet_name, bid_status, feedback, rating) VALUES ('Vaughn.Weissnat68@hotmail.com', 12, '2020-12-15T14:38:36.821Z', '2020-12-16T18:08:01.380Z', true, 'pcs', 'Reggie.Cormier0@yahoo.com', 'Kurt', 'submitted', NULL, NULL);
INSERT INTO bid (ct_email, ct_price, start_date, end_date, is_cash, transport_method, pet_owner, pet_name, bid_status, feedback, rating) VALUES ('Tyrese49@hotmail.com', 18, '2020-12-15T14:38:36.821Z', '2020-12-16T18:08:01.380Z', true, 'delivery', 'Natalia_Stoltenberg3@hotmail.com', 'Luther', 'submitted', NULL, NULL);
INSERT INTO bid (ct_email, ct_price, start_date, end_date, is_cash, transport_method, pet_owner, pet_name, bid_status, feedback, rating) VALUES ('Franco_Nienow6@gmail.com', 5, '2020-12-15T14:38:36.821Z', '2020-12-16T18:08:01.380Z', true, 'delivery', 'Rex78@hotmail.com', 'Guadalupe', 'submitted', NULL, NULL);
INSERT INTO bid (ct_email, ct_price, start_date, end_date, is_cash, transport_method, pet_owner, pet_name, bid_status, feedback, rating) VALUES ('Bailey.Gaylord61@yahoo.com', 17, '2020-12-15T14:38:36.821Z', '2020-12-16T18:08:01.380Z', true, 'pickup', 'Maia48@gmail.com', 'Landen', 'submitted', NULL, NULL);
INSERT INTO bid (ct_email, ct_price, start_date, end_date, is_cash, transport_method, pet_owner, pet_name, bid_status, feedback, rating) VALUES ('Garry88@gmail.com', 3, '2020-12-15T14:38:36.821Z', '2020-12-16T18:08:01.380Z', true, 'pickup', 'Amira65@hotmail.com', 'Karianne', 'submitted', NULL, NULL);
INSERT INTO bid (ct_email, ct_price, start_date, end_date, is_cash, transport_method, pet_owner, pet_name, bid_status, feedback, rating) VALUES ('Katelynn_Jakubowski71@yahoo.com', 3, '2020-12-15T14:38:36.821Z', '2020-12-16T18:08:01.380Z', true, 'delivery', 'Alexandrea_Mayert24@hotmail.com', 'Madisyn', 'submitted', NULL, NULL);
INSERT INTO bid (ct_email, ct_price, start_date, end_date, is_cash, transport_method, pet_owner, pet_name, bid_status, feedback, rating) VALUES ('Andre98@hotmail.com', 12, '2020-12-15T14:38:36.821Z', '2020-12-16T18:08:01.380Z', true, 'pcs', 'Roscoe.Mante@gmail.com', 'Adelia', 'submitted', NULL, NULL);
INSERT INTO bid (ct_email, ct_price, start_date, end_date, is_cash, transport_method, pet_owner, pet_name, bid_status, feedback, rating) VALUES ('Florence73@hotmail.com', 12, '2020-12-15T14:38:36.821Z', '2020-12-16T18:08:01.380Z', true, 'delivery', 'Rickey34@yahoo.com', 'Cristian', 'submitted', NULL, NULL);
INSERT INTO bid (ct_email, ct_price, start_date, end_date, is_cash, transport_method, pet_owner, pet_name, bid_status, feedback, rating) VALUES ('Eddie10@yahoo.com', 15, '2020-12-15T14:38:36.821Z', '2020-12-16T18:08:01.380Z', true, 'delivery', 'Ford52@gmail.com', 'Rachel', 'submitted', NULL, NULL);
INSERT INTO bid (ct_email, ct_price, start_date, end_date, is_cash, transport_method, pet_owner, pet_name, bid_status, feedback, rating) VALUES ('Samantha_Parker15@yahoo.com', 5, '2020-12-15T14:38:36.821Z', '2020-12-16T18:08:01.380Z', true, 'pickup', 'Silas_Hahn77@hotmail.com', 'Gino', 'submitted', NULL, NULL);
INSERT INTO bid (ct_email, ct_price, start_date, end_date, is_cash, transport_method, pet_owner, pet_name, bid_status, feedback, rating) VALUES ('Beverly69@gmail.com', 3, '2020-12-15T14:38:36.821Z', '2020-12-16T18:08:01.380Z', true, 'pcs', 'Margarette_Graham@gmail.com', 'Jacey', 'submitted', NULL, NULL);
INSERT INTO bid (ct_email, ct_price, start_date, end_date, is_cash, transport_method, pet_owner, pet_name, bid_status, feedback, rating) VALUES ('Wallace_Heidenreich@hotmail.com', 9, '2020-12-15T14:38:36.821Z', '2020-12-16T18:08:01.380Z', true, 'delivery', 'Jovany64@hotmail.com', 'Alize', 'submitted', NULL, NULL);
INSERT INTO bid (ct_email, ct_price, start_date, end_date, is_cash, transport_method, pet_owner, pet_name, bid_status, feedback, rating) VALUES ('Diana_Bradtke@yahoo.com', 18, '2020-12-15T14:38:36.821Z', '2020-12-16T18:08:01.380Z', true, 'pickup', 'Torrance49@hotmail.com', 'Concepcion', 'submitted', NULL, NULL);
INSERT INTO bid (ct_email, ct_price, start_date, end_date, is_cash, transport_method, pet_owner, pet_name, bid_status, feedback, rating) VALUES ('Vernice.Gaylord@gmail.com', 0, '2020-12-15T14:38:36.821Z', '2020-12-16T18:08:01.380Z', true, 'pickup', 'Leon_Kulas@yahoo.com', 'Selina', 'submitted', NULL, NULL);
INSERT INTO bid (ct_email, ct_price, start_date, end_date, is_cash, transport_method, pet_owner, pet_name, bid_status, feedback, rating) VALUES ('Alexandro63@yahoo.com', 13, '2020-12-15T14:38:36.821Z', '2020-12-16T18:08:01.380Z', true, 'pcs', 'Dorthy10@gmail.com', 'Kim', 'submitted', NULL, NULL);
INSERT INTO bid (ct_email, ct_price, start_date, end_date, is_cash, transport_method, pet_owner, pet_name, bid_status, feedback, rating) VALUES ('Alysa77@hotmail.com', 20, '2020-12-15T14:38:36.821Z', '2020-12-16T18:08:01.380Z', true, 'pcs', 'Bailey.Gaylord61@yahoo.com', 'Jordan', 'submitted', NULL, NULL);
INSERT INTO bid (ct_email, ct_price, start_date, end_date, is_cash, transport_method, pet_owner, pet_name, bid_status, feedback, rating) VALUES ('Sonia.Medhurst@yahoo.com', 17, '2020-12-15T14:38:36.821Z', '2020-12-16T18:08:01.380Z', true, 'pickup', 'Nicklaus.Hermiston22@yahoo.com', 'Agustin', 'submitted', NULL, NULL);
INSERT INTO bid (ct_email, ct_price, start_date, end_date, is_cash, transport_method, pet_owner, pet_name, bid_status, feedback, rating) VALUES ('Jamel44@yahoo.com', 18, '2020-12-15T14:38:36.821Z', '2020-12-16T18:08:01.380Z', true, 'pcs', 'Paula.Price@yahoo.com', 'Brett', 'submitted', NULL, NULL);
INSERT INTO bid (ct_email, ct_price, start_date, end_date, is_cash, transport_method, pet_owner, pet_name, bid_status, feedback, rating) VALUES ('Janessa71@hotmail.com', 10, '2020-12-15T14:38:36.821Z', '2020-12-16T18:08:01.380Z', true, 'pcs', 'Danial_Conroy@yahoo.com', 'Angeline', 'submitted', NULL, NULL);
INSERT INTO bid (ct_email, ct_price, start_date, end_date, is_cash, transport_method, pet_owner, pet_name, bid_status, feedback, rating) VALUES ('Buford28@yahoo.com', 13, '2020-12-15T14:38:36.821Z', '2020-12-16T18:08:01.380Z', true, 'delivery', 'Immanuel13@gmail.com', 'Merlin', 'submitted', NULL, NULL);
INSERT INTO bid (ct_email, ct_price, start_date, end_date, is_cash, transport_method, pet_owner, pet_name, bid_status, feedback, rating) VALUES ('Chandler.Sipes@yahoo.com', 18, '2020-12-15T14:38:36.821Z', '2020-12-16T18:08:01.380Z', true, 'pickup', 'Peter.Aufderhar37@hotmail.com', 'Lauren', 'submitted', NULL, NULL);
INSERT INTO bid (ct_email, ct_price, start_date, end_date, is_cash, transport_method, pet_owner, pet_name, bid_status, feedback, rating) VALUES ('Yvonne5@hotmail.com', 16, '2020-12-15T14:38:36.821Z', '2020-12-16T18:08:01.380Z', true, 'pcs', 'Bertha_Will@yahoo.com', 'Keshawn', 'submitted', NULL, NULL);
INSERT INTO bid (ct_email, ct_price, start_date, end_date, is_cash, transport_method, pet_owner, pet_name, bid_status, feedback, rating) VALUES ('Else.Schneider@gmail.com', 19, '2020-12-15T14:38:36.821Z', '2020-12-16T18:08:01.380Z', true, 'delivery', 'Stanton_Rath8@yahoo.com', 'Kennith', 'submitted', NULL, NULL);
INSERT INTO bid (ct_email, ct_price, start_date, end_date, is_cash, transport_method, pet_owner, pet_name, bid_status, feedback, rating) VALUES ('Fiona_Wiza13@gmail.com', 3, '2020-12-15T14:38:36.821Z', '2020-12-16T18:08:01.380Z', true, 'pcs', 'Sheridan81@yahoo.com', 'Khalid', 'submitted', NULL, NULL);
INSERT INTO bid (ct_email, ct_price, start_date, end_date, is_cash, transport_method, pet_owner, pet_name, bid_status, feedback, rating) VALUES ('Billie86@gmail.com', 1, '2020-12-15T14:38:36.821Z', '2020-12-16T18:08:01.380Z', true, 'pcs', 'Wilbert_Sawayn46@hotmail.com', 'Bianka', 'submitted', NULL, NULL);
INSERT INTO bid (ct_email, ct_price, start_date, end_date, is_cash, transport_method, pet_owner, pet_name, bid_status, feedback, rating) VALUES ('Grant_Kerluke64@yahoo.com', 4, '2020-12-15T14:38:36.821Z', '2020-12-16T18:08:01.380Z', true, 'pcs', 'Sydney19@hotmail.com', 'Samantha', 'submitted', NULL, NULL);
INSERT INTO bid (ct_email, ct_price, start_date, end_date, is_cash, transport_method, pet_owner, pet_name, bid_status, feedback, rating) VALUES ('Josh_Koelpin7@hotmail.com', 19, '2020-12-15T14:38:36.821Z', '2020-12-16T18:08:01.380Z', true, 'pickup', 'Rosalinda30@yahoo.com', 'Maddison', 'submitted', NULL, NULL);
INSERT INTO bid (ct_email, ct_price, start_date, end_date, is_cash, transport_method, pet_owner, pet_name, bid_status, feedback, rating) VALUES ('Dena11@gmail.com', 2, '2020-12-15T14:38:36.821Z', '2020-12-16T18:08:01.380Z', true, 'pickup', 'Carlie_Erdman@hotmail.com', 'Murphy', 'submitted', NULL, NULL);
INSERT INTO bid (ct_email, ct_price, start_date, end_date, is_cash, transport_method, pet_owner, pet_name, bid_status, feedback, rating) VALUES ('Barry_Waelchi@yahoo.com', 3, '2020-12-15T14:38:36.821Z', '2020-12-16T18:08:01.380Z', true, 'delivery', 'Ada18@gmail.com', 'Dakota', 'submitted', NULL, NULL);
INSERT INTO bid (ct_email, ct_price, start_date, end_date, is_cash, transport_method, pet_owner, pet_name, bid_status, feedback, rating) VALUES ('Kip_Thiel70@yahoo.com', 17, '2020-12-15T14:38:36.821Z', '2020-12-16T18:08:01.380Z', true, 'delivery', 'Audrey.Hills@hotmail.com', 'Ronny', 'submitted', NULL, NULL);
INSERT INTO bid (ct_email, ct_price, start_date, end_date, is_cash, transport_method, pet_owner, pet_name, bid_status, feedback, rating) VALUES ('Jackson1@gmail.com', 14, '2020-12-15T14:38:36.821Z', '2020-12-16T18:08:01.380Z', true, 'delivery', 'Kendrick41@hotmail.com', 'Agustina', 'submitted', NULL, NULL);
INSERT INTO bid (ct_email, ct_price, start_date, end_date, is_cash, transport_method, pet_owner, pet_name, bid_status, feedback, rating) VALUES ('Kadin.Schuppe@hotmail.com', 19, '2020-12-15T14:38:36.821Z', '2020-12-16T18:08:01.380Z', true, 'delivery', 'Gerson_Harvey99@hotmail.com', 'Rylan', 'submitted', NULL, NULL);
INSERT INTO bid (ct_email, ct_price, start_date, end_date, is_cash, transport_method, pet_owner, pet_name, bid_status, feedback, rating) VALUES ('Wilton43@hotmail.com', 5, '2020-12-15T14:38:36.821Z', '2020-12-16T18:08:01.380Z', true, 'delivery', 'Ashton32@gmail.com', 'Claudia', 'submitted', NULL, NULL);
INSERT INTO bid (ct_email, ct_price, start_date, end_date, is_cash, transport_method, pet_owner, pet_name, bid_status, feedback, rating) VALUES ('Angelita_Herman70@hotmail.com', 10, '2020-12-15T14:38:36.821Z', '2020-12-16T18:08:01.380Z', true, 'pickup', 'Joana_Bednar@gmail.com', 'Heaven', 'submitted', NULL, NULL);
INSERT INTO bid (ct_email, ct_price, start_date, end_date, is_cash, transport_method, pet_owner, pet_name, bid_status, feedback, rating) VALUES ('Katlynn84@hotmail.com', 2, '2020-12-15T14:38:36.821Z', '2020-12-16T18:08:01.380Z', true, 'delivery', 'Leif_Gerhold64@yahoo.com', 'Krystel', 'submitted', NULL, NULL);
INSERT INTO bid (ct_email, ct_price, start_date, end_date, is_cash, transport_method, pet_owner, pet_name, bid_status, feedback, rating) VALUES ('Estevan.Moore79@yahoo.com', 15, '2020-12-15T14:38:36.821Z', '2020-12-16T18:08:01.380Z', true, 'pickup', 'Stefanie_Roob17@gmail.com', 'Everette', 'submitted', NULL, NULL);
INSERT INTO bid (ct_email, ct_price, start_date, end_date, is_cash, transport_method, pet_owner, pet_name, bid_status, feedback, rating) VALUES ('Jimmy.Koch40@gmail.com', 13, '2020-12-15T14:38:36.821Z', '2020-12-16T18:08:01.380Z', true, 'pcs', 'Angie_Stanton@gmail.com', 'Laury', 'submitted', NULL, NULL);
INSERT INTO bid (ct_email, ct_price, start_date, end_date, is_cash, transport_method, pet_owner, pet_name, bid_status, feedback, rating) VALUES ('Harley_Boehm@yahoo.com', 14, '2020-12-15T14:38:36.821Z', '2020-12-16T18:08:01.380Z', true, 'pickup', 'Helene98@hotmail.com', 'Michael', 'submitted', NULL, NULL);
INSERT INTO bid (ct_email, ct_price, start_date, end_date, is_cash, transport_method, pet_owner, pet_name, bid_status, feedback, rating) VALUES ('Gardner.Kuvalis@gmail.com', 9, '2020-12-15T14:38:36.821Z', '2020-12-16T18:08:01.380Z', true, 'pickup', 'Leta_Crona@yahoo.com', 'Jeanne', 'submitted', NULL, NULL);
INSERT INTO bid (ct_email, ct_price, start_date, end_date, is_cash, transport_method, pet_owner, pet_name, bid_status, feedback, rating) VALUES ('Edwina92@gmail.com', 11, '2020-12-15T14:38:36.821Z', '2020-12-16T18:08:01.380Z', true, 'pcs', 'Lexie_MacGyver65@hotmail.com', 'Jalyn', 'submitted', NULL, NULL);
INSERT INTO bid (ct_email, ct_price, start_date, end_date, is_cash, transport_method, pet_owner, pet_name, bid_status, feedback, rating) VALUES ('Mable_Daugherty99@hotmail.com', 18, '2020-12-15T14:38:36.821Z', '2020-12-16T18:08:01.380Z', true, 'pcs', 'Violette.Mraz29@gmail.com', 'Verdie', 'submitted', NULL, NULL);
INSERT INTO bid (ct_email, ct_price, start_date, end_date, is_cash, transport_method, pet_owner, pet_name, bid_status, feedback, rating) VALUES ('Leon_Kulas@yahoo.com', 5, '2020-12-15T14:38:36.821Z', '2020-12-16T18:08:01.380Z', true, 'delivery', 'Diana_Bradtke@yahoo.com', 'Johnson', 'submitted', NULL, NULL);
INSERT INTO bid (ct_email, ct_price, start_date, end_date, is_cash, transport_method, pet_owner, pet_name, bid_status, feedback, rating) VALUES ('Lane.Hegmann41@gmail.com', 7, '2020-12-15T14:38:36.821Z', '2020-12-16T18:08:01.380Z', true, 'delivery', 'Arno.Ferry74@yahoo.com', 'Michael', 'submitted', NULL, NULL);
INSERT INTO bid (ct_email, ct_price, start_date, end_date, is_cash, transport_method, pet_owner, pet_name, bid_status, feedback, rating) VALUES ('Hanna.Homenick31@yahoo.com', 12, '2020-12-15T14:38:36.821Z', '2020-12-16T18:08:01.380Z', true, 'pcs', 'Elliott.Toy83@hotmail.com', 'Shemar', 'submitted', NULL, NULL);
INSERT INTO bid (ct_email, ct_price, start_date, end_date, is_cash, transport_method, pet_owner, pet_name, bid_status, feedback, rating) VALUES ('Antwan56@yahoo.com', 3, '2020-12-15T14:38:36.821Z', '2020-12-16T18:08:01.380Z', true, 'pickup', 'Dayna34@hotmail.com', 'Vince', 'submitted', NULL, NULL);
INSERT INTO bid (ct_email, ct_price, start_date, end_date, is_cash, transport_method, pet_owner, pet_name, bid_status, feedback, rating) VALUES ('Mack_Hills26@hotmail.com', 19, '2020-12-15T14:38:36.821Z', '2020-12-16T18:08:01.380Z', true, 'pickup', 'Eddie_Murray@gmail.com', 'Morton', 'submitted', NULL, NULL);
INSERT INTO bid (ct_email, ct_price, start_date, end_date, is_cash, transport_method, pet_owner, pet_name, bid_status, feedback, rating) VALUES ('Elton_Schiller@gmail.com', 8, '2020-12-15T14:38:36.821Z', '2020-12-16T18:08:01.380Z', true, 'pickup', 'Kavon_Spencer@hotmail.com', 'Stefan', 'submitted', NULL, NULL);
INSERT INTO bid (ct_email, ct_price, start_date, end_date, is_cash, transport_method, pet_owner, pet_name, bid_status, feedback, rating) VALUES ('Gianni.Koelpin55@hotmail.com', 2, '2020-12-15T14:38:36.821Z', '2020-12-16T18:08:01.380Z', true, 'pcs', 'Dorothy_Kuhn82@yahoo.com', 'Liana', 'submitted', NULL, NULL);
INSERT INTO bid (ct_email, ct_price, start_date, end_date, is_cash, transport_method, pet_owner, pet_name, bid_status, feedback, rating) VALUES ('Hulda_Quitzon26@yahoo.com', 8, '2020-12-15T14:38:36.821Z', '2020-12-16T18:08:01.380Z', true, 'pickup', 'Cayla_Reilly@gmail.com', 'Jonas', 'submitted', NULL, NULL);
INSERT INTO bid (ct_email, ct_price, start_date, end_date, is_cash, transport_method, pet_owner, pet_name, bid_status, feedback, rating) VALUES ('Scottie.Frami3@gmail.com', 11, '2020-12-15T14:38:36.821Z', '2020-12-16T18:08:01.380Z', true, 'pcs', 'Ismael_Senger@hotmail.com', 'Maribel', 'submitted', NULL, NULL);
INSERT INTO bid (ct_email, ct_price, start_date, end_date, is_cash, transport_method, pet_owner, pet_name, bid_status, feedback, rating) VALUES ('Carmela55@gmail.com', 13, '2020-12-15T14:38:36.821Z', '2020-12-16T18:08:01.380Z', true, 'pcs', 'Dexter_Lockman@gmail.com', 'Viviane', 'submitted', NULL, NULL);
INSERT INTO bid (ct_email, ct_price, start_date, end_date, is_cash, transport_method, pet_owner, pet_name, bid_status, feedback, rating) VALUES ('Yasmine_Jenkins69@gmail.com', 20, '2020-12-15T14:38:36.821Z', '2020-12-16T18:08:01.380Z', true, 'delivery', 'Adan_Haley79@hotmail.com', 'Elmo', 'submitted', NULL, NULL);
INSERT INTO bid (ct_email, ct_price, start_date, end_date, is_cash, transport_method, pet_owner, pet_name, bid_status, feedback, rating) VALUES ('Barry.Rodriguez82@yahoo.com', 11, '2020-12-15T14:38:36.821Z', '2020-12-16T18:08:01.380Z', true, 'pcs', 'Joana4@hotmail.com', 'Alysa', 'submitted', NULL, NULL);
INSERT INTO bid (ct_email, ct_price, start_date, end_date, is_cash, transport_method, pet_owner, pet_name, bid_status, feedback, rating) VALUES ('Ben_Johns@yahoo.com', 11, '2020-12-15T14:38:36.821Z', '2020-12-16T18:08:01.380Z', true, 'delivery', 'Webster.Nitzsche50@gmail.com', 'Lester', 'submitted', NULL, NULL);
INSERT INTO bid (ct_email, ct_price, start_date, end_date, is_cash, transport_method, pet_owner, pet_name, bid_status, feedback, rating) VALUES ('Lon_Crooks@gmail.com', 8, '2020-12-15T14:38:36.821Z', '2020-12-16T18:08:01.380Z', true, 'pickup', 'Sarina.Goyette34@gmail.com', 'Marta', 'submitted', NULL, NULL);
INSERT INTO bid (ct_email, ct_price, start_date, end_date, is_cash, transport_method, pet_owner, pet_name, bid_status, feedback, rating) VALUES ('Yvonne_Rogahn@gmail.com', 12, '2020-12-15T14:38:36.821Z', '2020-12-16T18:08:01.380Z', true, 'delivery', 'Kris.Predovic@hotmail.com', 'Gwendolyn', 'submitted', NULL, NULL);
INSERT INTO bid (ct_email, ct_price, start_date, end_date, is_cash, transport_method, pet_owner, pet_name, bid_status, feedback, rating) VALUES ('Elody_Hudson@hotmail.com', 12, '2020-12-15T14:38:36.821Z', '2020-12-16T18:08:01.380Z', true, 'pickup', 'Roselyn.Sawayn@hotmail.com', 'Gabriella', 'submitted', NULL, NULL);
INSERT INTO bid (ct_email, ct_price, start_date, end_date, is_cash, transport_method, pet_owner, pet_name, bid_status, feedback, rating) VALUES ('Coleman_Goldner@hotmail.com', 14, '2020-12-15T14:38:36.821Z', '2020-12-16T18:08:01.380Z', true, 'pickup', 'Raphael78@hotmail.com', 'Lydia', 'submitted', NULL, NULL);
INSERT INTO bid (ct_email, ct_price, start_date, end_date, is_cash, transport_method, pet_owner, pet_name, bid_status, feedback, rating) VALUES ('Mark46@gmail.com', 4, '2020-12-15T14:38:36.821Z', '2020-12-16T18:08:01.380Z', true, 'delivery', 'Tristian_Heller31@yahoo.com', 'Stanford', 'submitted', NULL, NULL);
INSERT INTO bid (ct_email, ct_price, start_date, end_date, is_cash, transport_method, pet_owner, pet_name, bid_status, feedback, rating) VALUES ('Joana_Bednar@gmail.com', 15, '2020-12-15T14:38:36.821Z', '2020-12-16T18:08:01.380Z', true, 'delivery', 'Veda.Hagenes@yahoo.com', 'Everette', 'submitted', NULL, NULL);
INSERT INTO bid (ct_email, ct_price, start_date, end_date, is_cash, transport_method, pet_owner, pet_name, bid_status, feedback, rating) VALUES ('Ansley10@yahoo.com', 15, '2020-12-15T14:38:36.821Z', '2020-12-16T18:08:01.380Z', true, 'pcs', 'Mervin_Mertz@gmail.com', 'Jalyn', 'submitted', NULL, NULL);
INSERT INTO bid (ct_email, ct_price, start_date, end_date, is_cash, transport_method, pet_owner, pet_name, bid_status, feedback, rating) VALUES ('Ilene_McCullough@gmail.com', 3, '2020-12-15T14:38:36.821Z', '2020-12-16T18:08:01.380Z', true, 'delivery', 'Lavinia.Ziemann21@yahoo.com', 'Terrence', 'submitted', NULL, NULL);
INSERT INTO bid (ct_email, ct_price, start_date, end_date, is_cash, transport_method, pet_owner, pet_name, bid_status, feedback, rating) VALUES ('Cayla_Rodriguez@gmail.com', 12, '2020-12-15T14:38:36.821Z', '2020-12-16T18:08:01.380Z', true, 'pcs', 'Keira23@gmail.com', 'Fabian', 'submitted', NULL, NULL);
INSERT INTO bid (ct_email, ct_price, start_date, end_date, is_cash, transport_method, pet_owner, pet_name, bid_status, feedback, rating) VALUES ('Dorthy10@gmail.com', 18, '2020-12-15T14:38:36.821Z', '2020-12-16T18:08:01.380Z', true, 'pickup', 'Brendon.Jakubowski6@gmail.com', 'Laverne', 'submitted', NULL, NULL);
INSERT INTO bid (ct_email, ct_price, start_date, end_date, is_cash, transport_method, pet_owner, pet_name, bid_status, feedback, rating) VALUES ('Lou.Medhurst@hotmail.com', 17, '2020-12-15T14:38:36.821Z', '2020-12-16T18:08:01.380Z', true, 'pcs', 'Dante.King90@yahoo.com', 'Maryjane', 'submitted', NULL, NULL);
INSERT INTO bid (ct_email, ct_price, start_date, end_date, is_cash, transport_method, pet_owner, pet_name, bid_status, feedback, rating) VALUES ('Freeda.Treutel@yahoo.com', 12, '2020-12-15T14:38:36.821Z', '2020-12-16T18:08:01.380Z', true, 'pcs', 'Markus.Lang@hotmail.com', 'Gavin', 'submitted', NULL, NULL);
INSERT INTO bid (ct_email, ct_price, start_date, end_date, is_cash, transport_method, pet_owner, pet_name, bid_status, feedback, rating) VALUES ('Adah9@hotmail.com', 9, '2020-12-15T14:38:36.821Z', '2020-12-16T18:08:01.380Z', true, 'pcs', 'Emmanuelle68@gmail.com', 'Gust', 'submitted', NULL, NULL);
INSERT INTO bid (ct_email, ct_price, start_date, end_date, is_cash, transport_method, pet_owner, pet_name, bid_status, feedback, rating) VALUES ('Amira65@hotmail.com', 0, '2020-12-15T14:38:36.821Z', '2020-12-16T18:08:01.380Z', true, 'pcs', 'Nicklaus.Von22@gmail.com', 'Terry', 'submitted', NULL, NULL);
INSERT INTO bid (ct_email, ct_price, start_date, end_date, is_cash, transport_method, pet_owner, pet_name, bid_status, feedback, rating) VALUES ('Virginia38@yahoo.com', 12, '2020-12-15T14:38:36.821Z', '2020-12-16T18:08:01.380Z', true, 'pcs', 'Chadd87@yahoo.com', 'Selmer', 'submitted', NULL, NULL);
INSERT INTO bid (ct_email, ct_price, start_date, end_date, is_cash, transport_method, pet_owner, pet_name, bid_status, feedback, rating) VALUES ('Duncan87@gmail.com', 6, '2020-12-15T14:38:36.821Z', '2020-12-16T18:08:01.380Z', true, 'delivery', 'Taurean.Wilderman@gmail.com', 'Keely', 'submitted', NULL, NULL);
INSERT INTO bid (ct_email, ct_price, start_date, end_date, is_cash, transport_method, pet_owner, pet_name, bid_status, feedback, rating) VALUES ('Haylee24@gmail.com', 15, '2020-12-15T14:38:36.821Z', '2020-12-16T18:08:01.380Z', true, 'pcs', 'Dorothy.Muller@yahoo.com', 'Nya', 'submitted', NULL, NULL);
INSERT INTO bid (ct_email, ct_price, start_date, end_date, is_cash, transport_method, pet_owner, pet_name, bid_status, feedback, rating) VALUES ('Jewell_Bahringer55@gmail.com', 10, '2020-12-15T14:38:36.821Z', '2020-12-16T18:08:01.380Z', true, 'delivery', 'Crawford23@yahoo.com', 'Cindy', 'submitted', NULL, NULL);
INSERT INTO bid (ct_email, ct_price, start_date, end_date, is_cash, transport_method, pet_owner, pet_name, bid_status, feedback, rating) VALUES ('Nella.Bailey@gmail.com', 15, '2020-12-15T14:38:36.821Z', '2020-12-16T18:08:01.380Z', true, 'pickup', 'Stephany.Luettgen73@gmail.com', 'Donald', 'submitted', NULL, NULL);
INSERT INTO bid (ct_email, ct_price, start_date, end_date, is_cash, transport_method, pet_owner, pet_name, bid_status, feedback, rating) VALUES ('Katharina.Kautzer97@gmail.com', 9, '2020-12-15T14:38:36.821Z', '2020-12-16T18:08:01.380Z', true, 'pcs', 'Adrain_Wyman@gmail.com', 'Selina', 'submitted', NULL, NULL);
INSERT INTO bid (ct_email, ct_price, start_date, end_date, is_cash, transport_method, pet_owner, pet_name, bid_status, feedback, rating) VALUES ('Gus.Adams@hotmail.com', 0, '2020-12-15T14:38:36.821Z', '2020-12-16T18:08:01.380Z', true, 'pickup', 'Lexus27@hotmail.com', 'Vesta', 'submitted', NULL, NULL);
INSERT INTO bid (ct_email, ct_price, start_date, end_date, is_cash, transport_method, pet_owner, pet_name, bid_status, feedback, rating) VALUES ('Kristian7@gmail.com', 4, '2020-12-15T14:38:36.821Z', '2020-12-16T18:08:01.380Z', true, 'delivery', 'Albertha_Hills66@yahoo.com', 'Eladio', 'submitted', NULL, NULL);
INSERT INTO bid (ct_email, ct_price, start_date, end_date, is_cash, transport_method, pet_owner, pet_name, bid_status, feedback, rating) VALUES ('Tatyana.Lowe@yahoo.com', 1, '2020-12-15T14:38:36.821Z', '2020-12-16T18:08:01.380Z', true, 'delivery', 'Carole81@yahoo.com', 'Shyann', 'submitted', NULL, NULL);
INSERT INTO bid (ct_email, ct_price, start_date, end_date, is_cash, transport_method, pet_owner, pet_name, bid_status, feedback, rating) VALUES ('Nat62@hotmail.com', 4, '2020-12-15T14:38:36.821Z', '2020-12-16T18:08:01.380Z', true, 'pcs', 'Tyrel_Murazik@gmail.com', 'Shannon', 'submitted', NULL, NULL);
INSERT INTO bid (ct_email, ct_price, start_date, end_date, is_cash, transport_method, pet_owner, pet_name, bid_status, feedback, rating) VALUES ('Heloise_OKeefe@yahoo.com', 0, '2020-12-15T14:38:36.821Z', '2020-12-16T18:08:01.380Z', true, 'delivery', 'Luna.Schoen18@yahoo.com', 'Adalberto', 'submitted', NULL, NULL);
INSERT INTO bid (ct_email, ct_price, start_date, end_date, is_cash, transport_method, pet_owner, pet_name, bid_status, feedback, rating) VALUES ('Gloria_Zemlak@gmail.com', 7, '2020-12-15T14:38:36.821Z', '2020-12-16T18:08:01.380Z', true, 'pcs', 'Ilene_McCullough@gmail.com', 'Francisco', 'submitted', NULL, NULL);
INSERT INTO bid (ct_email, ct_price, start_date, end_date, is_cash, transport_method, pet_owner, pet_name, bid_status, feedback, rating) VALUES ('Jaquelin40@yahoo.com', 2, '2020-12-15T14:38:36.821Z', '2020-12-16T18:08:01.380Z', true, 'pickup', 'Marielle_Deckow84@yahoo.com', 'Chesley', 'submitted', NULL, NULL);
INSERT INTO bid (ct_email, ct_price, start_date, end_date, is_cash, transport_method, pet_owner, pet_name, bid_status, feedback, rating) VALUES ('Jacques.Cummings@hotmail.com', 6, '2020-12-15T14:38:36.821Z', '2020-12-16T18:08:01.380Z', true, 'delivery', 'Kurt51@hotmail.com', 'Joelle', 'submitted', NULL, NULL);
INSERT INTO bid (ct_email, ct_price, start_date, end_date, is_cash, transport_method, pet_owner, pet_name, bid_status, feedback, rating) VALUES ('Werner7@hotmail.com', 11, '2020-12-15T14:38:36.821Z', '2020-12-16T18:08:01.380Z', true, 'pcs', 'Andre98@hotmail.com', 'Sasha', 'submitted', NULL, NULL);
INSERT INTO bid (ct_email, ct_price, start_date, end_date, is_cash, transport_method, pet_owner, pet_name, bid_status, feedback, rating) VALUES ('Candace_Terry29@hotmail.com', 4, '2020-12-15T14:38:36.821Z', '2020-12-16T18:08:01.380Z', true, 'pickup', 'Kaya_Miller@yahoo.com', 'Penelope', 'submitted', NULL, NULL);
INSERT INTO bid (ct_email, ct_price, start_date, end_date, is_cash, transport_method, pet_owner, pet_name, bid_status, feedback, rating) VALUES ('Kailey86@yahoo.com', 4, '2020-12-15T14:38:36.821Z', '2020-12-16T18:08:01.380Z', true, 'pickup', 'Marjory31@hotmail.com', 'Hertha', 'submitted', NULL, NULL);
INSERT INTO bid (ct_email, ct_price, start_date, end_date, is_cash, transport_method, pet_owner, pet_name, bid_status, feedback, rating) VALUES ('Gudrun38@yahoo.com', 1, '2020-12-15T14:38:36.821Z', '2020-12-16T18:08:01.380Z', true, 'delivery', 'Orrin92@gmail.com', 'Larissa', 'submitted', NULL, NULL);
INSERT INTO bid (ct_email, ct_price, start_date, end_date, is_cash, transport_method, pet_owner, pet_name, bid_status, feedback, rating) VALUES ('Keeley71@yahoo.com', 5, '2020-12-15T14:38:36.821Z', '2020-12-16T18:08:01.380Z', true, 'pickup', 'Stephania.Hackett@gmail.com', 'Jared', 'submitted', NULL, NULL);
INSERT INTO bid (ct_email, ct_price, start_date, end_date, is_cash, transport_method, pet_owner, pet_name, bid_status, feedback, rating) VALUES ('Alverta40@gmail.com', 15, '2020-12-15T14:38:36.821Z', '2020-12-16T18:08:01.380Z', true, 'delivery', 'Reynold30@gmail.com', 'Stephon', 'submitted', NULL, NULL);
INSERT INTO bid (ct_email, ct_price, start_date, end_date, is_cash, transport_method, pet_owner, pet_name, bid_status, feedback, rating) VALUES ('Luna.Schoen18@yahoo.com', 16, '2020-12-15T14:38:36.821Z', '2020-12-16T18:08:01.380Z', true, 'pcs', 'Tyler20@gmail.com', 'Allie', 'submitted', NULL, NULL);
INSERT INTO bid (ct_email, ct_price, start_date, end_date, is_cash, transport_method, pet_owner, pet_name, bid_status, feedback, rating) VALUES ('Candelario.Schowalter79@hotmail.com', 0, '2020-12-15T14:38:36.821Z', '2020-12-16T18:08:01.380Z', true, 'delivery', 'Vicente.Huel63@hotmail.com', 'Lottie', 'submitted', NULL, NULL);
INSERT INTO bid (ct_email, ct_price, start_date, end_date, is_cash, transport_method, pet_owner, pet_name, bid_status, feedback, rating) VALUES ('Joana4@hotmail.com', 3, '2020-12-15T14:38:36.821Z', '2020-12-16T18:08:01.380Z', true, 'pcs', 'Myah_Walsh@gmail.com', 'Elvis', 'submitted', NULL, NULL);
INSERT INTO bid (ct_email, ct_price, start_date, end_date, is_cash, transport_method, pet_owner, pet_name, bid_status, feedback, rating) VALUES ('Hailie_Stracke@hotmail.com', 10, '2020-12-15T14:38:36.821Z', '2020-12-16T18:08:01.380Z', true, 'delivery', 'Angela_Heaney@gmail.com', 'Kylie', 'submitted', NULL, NULL);
INSERT INTO bid (ct_email, ct_price, start_date, end_date, is_cash, transport_method, pet_owner, pet_name, bid_status, feedback, rating) VALUES ('Triston.Lakin0@yahoo.com', 8, '2020-12-15T14:38:36.821Z', '2020-12-16T18:08:01.380Z', true, 'pickup', 'Harley_Boehm@yahoo.com', 'Eryn', 'submitted', NULL, NULL);
INSERT INTO bid (ct_email, ct_price, start_date, end_date, is_cash, transport_method, pet_owner, pet_name, bid_status, feedback, rating) VALUES ('Bart_Glover@yahoo.com', 14, '2020-12-15T14:38:36.821Z', '2020-12-16T18:08:01.380Z', true, 'pickup', 'Lee89@hotmail.com', 'Aglae', 'submitted', NULL, NULL);
INSERT INTO bid (ct_email, ct_price, start_date, end_date, is_cash, transport_method, pet_owner, pet_name, bid_status, feedback, rating) VALUES ('Abel_Kilback51@yahoo.com', 10, '2020-12-15T14:38:36.821Z', '2020-12-16T18:08:01.380Z', true, 'pcs', 'Dakota.Kuvalis@hotmail.com', 'Fern', 'submitted', NULL, NULL);
INSERT INTO bid (ct_email, ct_price, start_date, end_date, is_cash, transport_method, pet_owner, pet_name, bid_status, feedback, rating) VALUES ('Paolo_Lesch93@hotmail.com', 8, '2020-12-15T14:38:36.821Z', '2020-12-16T18:08:01.380Z', true, 'pickup', 'Merritt.Bradtke@gmail.com', 'Yadira', 'submitted', NULL, NULL);
INSERT INTO bid (ct_email, ct_price, start_date, end_date, is_cash, transport_method, pet_owner, pet_name, bid_status, feedback, rating) VALUES ('Giovanni.Howe49@gmail.com', 5, '2020-12-15T14:38:36.821Z', '2020-12-16T18:08:01.380Z', true, 'pcs', 'Arnoldo74@hotmail.com', 'Gillian', 'submitted', NULL, NULL);
INSERT INTO bid (ct_email, ct_price, start_date, end_date, is_cash, transport_method, pet_owner, pet_name, bid_status, feedback, rating) VALUES ('Stephen.Weimann@yahoo.com', 10, '2020-12-15T14:38:36.821Z', '2020-12-16T18:08:01.380Z', true, 'delivery', 'Reinhold_McDermott@yahoo.com', 'Darby', 'submitted', NULL, NULL);
INSERT INTO bid (ct_email, ct_price, start_date, end_date, is_cash, transport_method, pet_owner, pet_name, bid_status, feedback, rating) VALUES ('Clint8@hotmail.com', 17, '2020-12-15T14:38:36.821Z', '2020-12-16T18:08:01.380Z', true, 'delivery', 'Thad_Lueilwitz@yahoo.com', 'Trinity', 'submitted', NULL, NULL);
INSERT INTO bid (ct_email, ct_price, start_date, end_date, is_cash, transport_method, pet_owner, pet_name, bid_status, feedback, rating) VALUES ('Adan_Haley79@hotmail.com', 17, '2020-12-15T14:38:36.821Z', '2020-12-16T18:08:01.380Z', true, 'delivery', 'Savannah33@gmail.com', 'Mavis', 'submitted', NULL, NULL);
INSERT INTO bid (ct_email, ct_price, start_date, end_date, is_cash, transport_method, pet_owner, pet_name, bid_status, feedback, rating) VALUES ('Agustin_Daniel92@hotmail.com', 8, '2020-12-15T14:38:36.821Z', '2020-12-16T18:08:01.380Z', true, 'delivery', 'Trever60@hotmail.com', 'Chase', 'submitted', NULL, NULL);
INSERT INTO bid (ct_email, ct_price, start_date, end_date, is_cash, transport_method, pet_owner, pet_name, bid_status, feedback, rating) VALUES ('Breana96@gmail.com', 16, '2020-12-15T14:38:36.821Z', '2020-12-16T18:08:01.380Z', true, 'pcs', 'Lenore75@hotmail.com', 'Tanya', 'submitted', NULL, NULL);
INSERT INTO bid (ct_email, ct_price, start_date, end_date, is_cash, transport_method, pet_owner, pet_name, bid_status, feedback, rating) VALUES ('Cordie30@yahoo.com', 18, '2020-12-15T14:38:36.821Z', '2020-12-16T18:08:01.380Z', true, 'pcs', 'Ashley_Brekke75@hotmail.com', 'Dimitri', 'submitted', NULL, NULL);
INSERT INTO bid (ct_email, ct_price, start_date, end_date, is_cash, transport_method, pet_owner, pet_name, bid_status, feedback, rating) VALUES ('Oleta45@hotmail.com', 8, '2020-12-15T14:38:36.821Z', '2020-12-16T18:08:01.380Z', true, 'pcs', 'Katrina43@hotmail.com', 'Christian', 'submitted', NULL, NULL);
INSERT INTO bid (ct_email, ct_price, start_date, end_date, is_cash, transport_method, pet_owner, pet_name, bid_status, feedback, rating) VALUES ('Otis.Lubowitz47@hotmail.com', 4, '2020-12-15T14:38:36.821Z', '2020-12-16T18:08:01.380Z', true, 'delivery', 'Marietta15@gmail.com', 'Ruthie', 'submitted', NULL, NULL);
INSERT INTO bid (ct_email, ct_price, start_date, end_date, is_cash, transport_method, pet_owner, pet_name, bid_status, feedback, rating) VALUES ('Cesar.Mraz@gmail.com', 12, '2020-12-15T14:38:36.821Z', '2020-12-16T18:08:01.380Z', true, 'pickup', 'Alverta40@gmail.com', 'Tina', 'submitted', NULL, NULL);
INSERT INTO bid (ct_email, ct_price, start_date, end_date, is_cash, transport_method, pet_owner, pet_name, bid_status, feedback, rating) VALUES ('Dale_Breitenberg@gmail.com', 12, '2020-12-15T14:38:36.821Z', '2020-12-16T18:08:01.380Z', true, 'pcs', 'Kailey72@yahoo.com', 'Leonie', 'submitted', NULL, NULL);
INSERT INTO bid (ct_email, ct_price, start_date, end_date, is_cash, transport_method, pet_owner, pet_name, bid_status, feedback, rating) VALUES ('Hobart.Windler@hotmail.com', 8, '2020-12-15T14:38:36.821Z', '2020-12-16T18:08:01.380Z', true, 'pickup', 'Elton_Schiller@gmail.com', 'Ila', 'submitted', NULL, NULL);
INSERT INTO bid (ct_email, ct_price, start_date, end_date, is_cash, transport_method, pet_owner, pet_name, bid_status, feedback, rating) VALUES ('Estella89@yahoo.com', 7, '2020-12-15T14:38:36.821Z', '2020-12-16T18:08:01.380Z', true, 'delivery', 'Vesta.Gislason90@yahoo.com', 'Bradley', 'submitted', NULL, NULL);
INSERT INTO bid (ct_email, ct_price, start_date, end_date, is_cash, transport_method, pet_owner, pet_name, bid_status, feedback, rating) VALUES ('Isaac_Blanda@gmail.com', 2, '2020-12-15T14:38:36.821Z', '2020-12-16T18:08:01.380Z', true, 'pcs', 'Sid_Kertzmann@gmail.com', 'Westley', 'submitted', NULL, NULL);
INSERT INTO bid (ct_email, ct_price, start_date, end_date, is_cash, transport_method, pet_owner, pet_name, bid_status, feedback, rating) VALUES ('Candice.Waters@hotmail.com', 14, '2020-12-15T14:38:36.821Z', '2020-12-16T18:08:01.380Z', true, 'pickup', 'Keenan.Grady80@hotmail.com', 'Esteban', 'submitted', NULL, NULL);
INSERT INTO bid (ct_email, ct_price, start_date, end_date, is_cash, transport_method, pet_owner, pet_name, bid_status, feedback, rating) VALUES ('Mariano54@gmail.com', 5, '2020-12-15T14:38:36.821Z', '2020-12-16T18:08:01.380Z', true, 'pickup', 'Julien.Towne@gmail.com', 'Katlynn', 'submitted', NULL, NULL);
INSERT INTO bid (ct_email, ct_price, start_date, end_date, is_cash, transport_method, pet_owner, pet_name, bid_status, feedback, rating) VALUES ('Margarette_Graham@gmail.com', 11, '2020-12-15T14:38:36.821Z', '2020-12-16T18:08:01.380Z', true, 'delivery', 'Russel25@gmail.com', 'Leonel', 'submitted', NULL, NULL);
INSERT INTO bid (ct_email, ct_price, start_date, end_date, is_cash, transport_method, pet_owner, pet_name, bid_status, feedback, rating) VALUES ('Bart.Strosin@gmail.com', 12, '2020-12-15T14:38:36.821Z', '2020-12-16T18:08:01.380Z', true, 'pcs', 'Lennie_Marks56@yahoo.com', 'Emilie', 'submitted', NULL, NULL);
INSERT INTO bid (ct_email, ct_price, start_date, end_date, is_cash, transport_method, pet_owner, pet_name, bid_status, feedback, rating) VALUES ('Julian.Lubowitz@gmail.com', 17, '2020-12-15T14:38:36.821Z', '2020-12-16T18:08:01.380Z', true, 'pcs', 'Quinten.OHara78@yahoo.com', 'Clara', 'submitted', NULL, NULL);
INSERT INTO bid (ct_email, ct_price, start_date, end_date, is_cash, transport_method, pet_owner, pet_name, bid_status, feedback, rating) VALUES ('Sylvia80@yahoo.com', 11, '2020-12-15T14:38:36.821Z', '2020-12-16T18:08:01.380Z', true, 'pcs', 'Octavia.Borer@gmail.com', 'Nicole', 'submitted', NULL, NULL);
INSERT INTO bid (ct_email, ct_price, start_date, end_date, is_cash, transport_method, pet_owner, pet_name, bid_status, feedback, rating) VALUES ('Dominic_Koss85@yahoo.com', 8, '2020-12-15T14:38:36.821Z', '2020-12-16T18:08:01.380Z', true, 'delivery', 'Cesar.Mraz@gmail.com', 'Patricia', 'submitted', NULL, NULL);
INSERT INTO bid (ct_email, ct_price, start_date, end_date, is_cash, transport_method, pet_owner, pet_name, bid_status, feedback, rating) VALUES ('Art.Mante87@hotmail.com', 1, '2020-12-15T14:38:36.821Z', '2020-12-16T18:08:01.380Z', true, 'pcs', 'Domenica_Ondricka1@gmail.com', 'Lilliana', 'submitted', NULL, NULL);
INSERT INTO bid (ct_email, ct_price, start_date, end_date, is_cash, transport_method, pet_owner, pet_name, bid_status, feedback, rating) VALUES ('Mandy_Bashirian74@hotmail.com', 6, '2020-12-15T14:38:36.821Z', '2020-12-16T18:08:01.380Z', true, 'pcs', 'Pamela_Haag36@hotmail.com', 'Dusty', 'submitted', NULL, NULL);
INSERT INTO bid (ct_email, ct_price, start_date, end_date, is_cash, transport_method, pet_owner, pet_name, bid_status, feedback, rating) VALUES ('Dante.Hudson@gmail.com', 5, '2020-12-15T14:38:36.821Z', '2020-12-16T18:08:01.380Z', true, 'delivery', 'Kobe30@gmail.com', 'Malika', 'submitted', NULL, NULL);
INSERT INTO bid (ct_email, ct_price, start_date, end_date, is_cash, transport_method, pet_owner, pet_name, bid_status, feedback, rating) VALUES ('Ludwig_Hessel@yahoo.com', 11, '2020-12-15T14:38:36.821Z', '2020-12-16T18:08:01.380Z', true, 'pickup', 'Trevor85@gmail.com', 'Sydney', 'submitted', NULL, NULL);
INSERT INTO bid (ct_email, ct_price, start_date, end_date, is_cash, transport_method, pet_owner, pet_name, bid_status, feedback, rating) VALUES ('Ford52@gmail.com', 7, '2020-12-15T14:38:36.821Z', '2020-12-16T18:08:01.380Z', true, 'pickup', 'Megane_Schoen24@yahoo.com', 'Blaise', 'submitted', NULL, NULL);
INSERT INTO bid (ct_email, ct_price, start_date, end_date, is_cash, transport_method, pet_owner, pet_name, bid_status, feedback, rating) VALUES ('Kadin30@yahoo.com', 15, '2020-12-15T14:38:36.821Z', '2020-12-16T18:08:01.380Z', true, 'delivery', 'Davin92@gmail.com', 'Cleo', 'submitted', NULL, NULL);
INSERT INTO bid (ct_email, ct_price, start_date, end_date, is_cash, transport_method, pet_owner, pet_name, bid_status, feedback, rating) VALUES ('Herta20@hotmail.com', 3, '2020-12-15T14:38:36.821Z', '2020-12-16T18:08:01.380Z', true, 'delivery', 'Josue.Bartell@yahoo.com', 'Jamaal', 'submitted', NULL, NULL);
INSERT INTO bid (ct_email, ct_price, start_date, end_date, is_cash, transport_method, pet_owner, pet_name, bid_status, feedback, rating) VALUES ('Carlie_Erdman@hotmail.com', 17, '2020-12-15T14:38:36.821Z', '2020-12-16T18:08:01.380Z', true, 'pickup', 'Ivah.Pouros64@gmail.com', 'Asha', 'submitted', NULL, NULL);
INSERT INTO bid (ct_email, ct_price, start_date, end_date, is_cash, transport_method, pet_owner, pet_name, bid_status, feedback, rating) VALUES ('Effie.Swift73@gmail.com', 18, '2020-12-15T14:38:36.821Z', '2020-12-16T18:08:01.380Z', true, 'pcs', 'Audrey_Davis21@yahoo.com', 'Marjorie', 'submitted', NULL, NULL);
INSERT INTO bid (ct_email, ct_price, start_date, end_date, is_cash, transport_method, pet_owner, pet_name, bid_status, feedback, rating) VALUES ('Maverick8@gmail.com', 1, '2020-12-15T14:38:36.821Z', '2020-12-16T18:08:01.380Z', true, 'delivery', 'Vernice.Gaylord@gmail.com', 'Eden', 'submitted', NULL, NULL);
INSERT INTO bid (ct_email, ct_price, start_date, end_date, is_cash, transport_method, pet_owner, pet_name, bid_status, feedback, rating) VALUES ('Percy_Langworth60@hotmail.com', 1, '2020-12-15T14:38:36.821Z', '2020-12-16T18:08:01.380Z', true, 'delivery', 'Clara.Lebsack@gmail.com', 'Sterling', 'submitted', NULL, NULL);
INSERT INTO bid (ct_email, ct_price, start_date, end_date, is_cash, transport_method, pet_owner, pet_name, bid_status, feedback, rating) VALUES ('Keagan28@gmail.com', 11, '2020-12-15T14:38:36.821Z', '2020-12-16T18:08:01.380Z', true, 'delivery', 'Vincent16@hotmail.com', 'Flavio', 'submitted', NULL, NULL);
INSERT INTO bid (ct_email, ct_price, start_date, end_date, is_cash, transport_method, pet_owner, pet_name, bid_status, feedback, rating) VALUES ('Amari58@hotmail.com', 20, '2020-12-15T14:38:36.821Z', '2020-12-16T18:08:01.380Z', true, 'delivery', 'Trudie55@hotmail.com', 'Leif', 'submitted', NULL, NULL);
INSERT INTO bid (ct_email, ct_price, start_date, end_date, is_cash, transport_method, pet_owner, pet_name, bid_status, feedback, rating) VALUES ('Vesta.Gislason90@yahoo.com', 6, '2020-12-15T14:38:36.821Z', '2020-12-16T18:08:01.380Z', true, 'pickup', 'Leola.Kutch@hotmail.com', 'Sarah', 'submitted', NULL, NULL);
INSERT INTO bid (ct_email, ct_price, start_date, end_date, is_cash, transport_method, pet_owner, pet_name, bid_status, feedback, rating) VALUES ('Ford_Price@hotmail.com', 1, '2020-12-15T14:38:36.821Z', '2020-12-16T18:08:01.380Z', true, 'pickup', 'Stella_Wyman55@yahoo.com', 'Hildegard', 'submitted', NULL, NULL);
INSERT INTO bid (ct_email, ct_price, start_date, end_date, is_cash, transport_method, pet_owner, pet_name, bid_status, feedback, rating) VALUES ('Dylan.Franecki95@gmail.com', 8, '2020-12-15T14:38:36.821Z', '2020-12-16T18:08:01.380Z', true, 'delivery', 'Isabella_Funk96@yahoo.com', 'Nora', 'submitted', NULL, NULL);
INSERT INTO bid (ct_email, ct_price, start_date, end_date, is_cash, transport_method, pet_owner, pet_name, bid_status, feedback, rating) VALUES ('Jovany64@hotmail.com', 14, '2020-12-15T14:38:36.821Z', '2020-12-16T18:08:01.380Z', true, 'pickup', 'Sonny1@yahoo.com', 'Adrian', 'submitted', NULL, NULL);
INSERT INTO bid (ct_email, ct_price, start_date, end_date, is_cash, transport_method, pet_owner, pet_name, bid_status, feedback, rating) VALUES ('Edd45@gmail.com', 20, '2020-12-15T14:38:36.821Z', '2020-12-16T18:08:01.380Z', true, 'delivery', 'Dalton38@gmail.com', 'Axel', 'submitted', NULL, NULL);
INSERT INTO bid (ct_email, ct_price, start_date, end_date, is_cash, transport_method, pet_owner, pet_name, bid_status, feedback, rating) VALUES ('Cheyanne_Cronin97@gmail.com', 4, '2020-12-15T14:38:36.821Z', '2020-12-16T18:08:01.380Z', true, 'delivery', 'Fanny_Weimann@yahoo.com', 'Jermain', 'submitted', NULL, NULL);
INSERT INTO bid (ct_email, ct_price, start_date, end_date, is_cash, transport_method, pet_owner, pet_name, bid_status, feedback, rating) VALUES ('Eldora_Schneider@yahoo.com', 7, '2020-12-15T14:38:36.821Z', '2020-12-16T18:08:01.380Z', true, 'pcs', 'Kathryn.White@yahoo.com', 'Ebony', 'submitted', NULL, NULL);
INSERT INTO bid (ct_email, ct_price, start_date, end_date, is_cash, transport_method, pet_owner, pet_name, bid_status, feedback, rating) VALUES ('Everett_Krajcik@gmail.com', 12, '2020-12-15T14:38:36.821Z', '2020-12-16T18:08:01.380Z', true, 'delivery', 'Bernardo64@gmail.com', 'Shanon', 'submitted', NULL, NULL);
INSERT INTO bid (ct_email, ct_price, start_date, end_date, is_cash, transport_method, pet_owner, pet_name, bid_status, feedback, rating) VALUES ('Alex_Runolfsson@gmail.com', 14, '2020-12-15T14:38:36.821Z', '2020-12-16T18:08:01.380Z', true, 'pickup', 'Austen.Walker@gmail.com', 'Jarret', 'submitted', NULL, NULL);
INSERT INTO bid (ct_email, ct_price, start_date, end_date, is_cash, transport_method, pet_owner, pet_name, bid_status, feedback, rating) VALUES ('Ethelyn41@hotmail.com', 9, '2020-12-15T14:38:36.821Z', '2020-12-16T18:08:01.380Z', true, 'pcs', 'Jose69@hotmail.com', 'Rosendo', 'submitted', NULL, NULL);
INSERT INTO bid (ct_email, ct_price, start_date, end_date, is_cash, transport_method, pet_owner, pet_name, bid_status, feedback, rating) VALUES ('Grayson.Huels@yahoo.com', 3, '2020-12-15T14:38:36.821Z', '2020-12-16T18:08:01.380Z', true, 'pickup', 'Savion_Smitham@yahoo.com', 'Judd', 'submitted', NULL, NULL);
INSERT INTO bid (ct_email, ct_price, start_date, end_date, is_cash, transport_method, pet_owner, pet_name, bid_status, feedback, rating) VALUES ('Angela_Heaney@gmail.com', 5, '2020-12-15T14:38:36.821Z', '2020-12-16T18:08:01.380Z', true, 'pcs', 'Jimmy_Bednar49@hotmail.com', 'Brooke', 'submitted', NULL, NULL);
INSERT INTO bid (ct_email, ct_price, start_date, end_date, is_cash, transport_method, pet_owner, pet_name, bid_status, feedback, rating) VALUES ('Wendy67@yahoo.com', 15, '2020-12-15T14:38:36.821Z', '2020-12-16T18:08:01.380Z', true, 'delivery', 'Rosalyn46@gmail.com', 'Jany', 'submitted', NULL, NULL);
INSERT INTO bid (ct_email, ct_price, start_date, end_date, is_cash, transport_method, pet_owner, pet_name, bid_status, feedback, rating) VALUES ('Natalia_Pfeffer68@hotmail.com', 11, '2020-12-15T14:38:36.821Z', '2020-12-16T18:08:01.380Z', true, 'delivery', 'Juliet.OConnell10@hotmail.com', 'Yoshiko', 'submitted', NULL, NULL);
INSERT INTO bid (ct_email, ct_price, start_date, end_date, is_cash, transport_method, pet_owner, pet_name, bid_status, feedback, rating) VALUES ('Meredith_Heidenreich@gmail.com', 6, '2020-12-15T14:38:36.821Z', '2020-12-16T18:08:01.380Z', true, 'pcs', 'Abelardo98@gmail.com', 'Susie', 'submitted', NULL, NULL);
INSERT INTO bid (ct_email, ct_price, start_date, end_date, is_cash, transport_method, pet_owner, pet_name, bid_status, feedback, rating) VALUES ('Newton_Monahan@gmail.com', 5, '2020-12-15T14:38:36.821Z', '2020-12-16T18:08:01.380Z', true, 'delivery', 'Layla.Harber64@yahoo.com', 'Kaleb', 'submitted', NULL, NULL);
INSERT INTO bid (ct_email, ct_price, start_date, end_date, is_cash, transport_method, pet_owner, pet_name, bid_status, feedback, rating) VALUES ('Curtis81@hotmail.com', 4, '2020-12-15T14:38:36.821Z', '2020-12-16T18:08:01.380Z', true, 'delivery', 'Geovanni.OKon@hotmail.com', 'Sonya', 'submitted', NULL, NULL);
INSERT INTO bid (ct_email, ct_price, start_date, end_date, is_cash, transport_method, pet_owner, pet_name, bid_status, feedback, rating) VALUES ('Octavia.Block61@yahoo.com', 12, '2020-12-15T14:38:36.821Z', '2020-12-16T18:08:01.380Z', true, 'pickup', 'Josie.Bailey@gmail.com', 'Justine', 'submitted', NULL, NULL);
INSERT INTO bid (ct_email, ct_price, start_date, end_date, is_cash, transport_method, pet_owner, pet_name, bid_status, feedback, rating) VALUES ('Viviane_Borer14@hotmail.com', 16, '2020-12-15T14:38:36.821Z', '2020-12-16T18:08:01.380Z', true, 'delivery', 'Dorian_Rice@hotmail.com', 'Davion', 'submitted', NULL, NULL);
INSERT INTO bid (ct_email, ct_price, start_date, end_date, is_cash, transport_method, pet_owner, pet_name, bid_status, feedback, rating) VALUES ('Lyric.Feest25@yahoo.com', 14, '2020-12-15T14:38:36.821Z', '2020-12-16T18:08:01.380Z', true, 'delivery', 'Art.Mante87@hotmail.com', 'Karlee', 'submitted', NULL, NULL);
INSERT INTO bid (ct_email, ct_price, start_date, end_date, is_cash, transport_method, pet_owner, pet_name, bid_status, feedback, rating) VALUES ('Stanton_Rath8@yahoo.com', 11, '2020-12-15T14:38:36.821Z', '2020-12-16T18:08:01.380Z', true, 'pickup', 'Domenick22@gmail.com', 'Dorcas', 'submitted', NULL, NULL);
INSERT INTO bid (ct_email, ct_price, start_date, end_date, is_cash, transport_method, pet_owner, pet_name, bid_status, feedback, rating) VALUES ('Olga.Crist40@gmail.com', 16, '2020-12-15T14:38:36.821Z', '2020-12-16T18:08:01.380Z', true, 'pcs', 'Kathlyn84@gmail.com', 'Victoria', 'submitted', NULL, NULL);
INSERT INTO bid (ct_email, ct_price, start_date, end_date, is_cash, transport_method, pet_owner, pet_name, bid_status, feedback, rating) VALUES ('Antoinette44@hotmail.com', 11, '2020-12-15T14:38:36.821Z', '2020-12-16T18:08:01.380Z', true, 'pickup', 'Kyler32@hotmail.com', 'Marcellus', 'submitted', NULL, NULL);
INSERT INTO bid (ct_email, ct_price, start_date, end_date, is_cash, transport_method, pet_owner, pet_name, bid_status, feedback, rating) VALUES ('Keith.Wisoky74@gmail.com', 16, '2020-12-15T14:38:36.821Z', '2020-12-16T18:08:01.380Z', true, 'pickup', 'Cali.Zboncak97@hotmail.com', 'Kay', 'submitted', NULL, NULL);
INSERT INTO bid (ct_email, ct_price, start_date, end_date, is_cash, transport_method, pet_owner, pet_name, bid_status, feedback, rating) VALUES ('Juwan_Weimann85@gmail.com', 10, '2020-12-15T14:38:36.821Z', '2020-12-16T18:08:01.380Z', true, 'delivery', 'Carlee.Hansen@gmail.com', 'Frederique', 'submitted', NULL, NULL);
INSERT INTO bid (ct_email, ct_price, start_date, end_date, is_cash, transport_method, pet_owner, pet_name, bid_status, feedback, rating) VALUES ('Marianne.Predovic99@gmail.com', 15, '2020-12-15T14:38:36.821Z', '2020-12-16T18:08:01.380Z', true, 'pcs', 'Alejandra_Medhurst@gmail.com', 'Misty', 'submitted', NULL, NULL);
INSERT INTO bid (ct_email, ct_price, start_date, end_date, is_cash, transport_method, pet_owner, pet_name, bid_status, feedback, rating) VALUES ('Turner.Shields76@yahoo.com', 0, '2020-12-15T14:38:36.821Z', '2020-12-16T18:08:01.380Z', true, 'pcs', 'Hobart.Windler@hotmail.com', 'Emil', 'submitted', NULL, NULL);
INSERT INTO bid (ct_email, ct_price, start_date, end_date, is_cash, transport_method, pet_owner, pet_name, bid_status, feedback, rating) VALUES ('Kellie69@gmail.com', 13, '2020-12-15T14:38:36.821Z', '2020-12-16T18:08:01.380Z', true, 'pickup', 'Angeline.Wiza46@hotmail.com', 'Elta', 'submitted', NULL, NULL);
INSERT INTO bid (ct_email, ct_price, start_date, end_date, is_cash, transport_method, pet_owner, pet_name, bid_status, feedback, rating) VALUES ('Milford_Rath@yahoo.com', 8, '2020-12-15T14:38:36.821Z', '2020-12-16T18:08:01.380Z', true, 'pcs', 'Kaela_Towne@hotmail.com', 'Albin', 'submitted', NULL, NULL);
INSERT INTO bid (ct_email, ct_price, start_date, end_date, is_cash, transport_method, pet_owner, pet_name, bid_status, feedback, rating) VALUES ('Rosalia.Crona@hotmail.com', 16, '2020-12-15T14:38:36.821Z', '2020-12-16T18:08:01.380Z', true, 'delivery', 'Tyreek_Simonis@hotmail.com', 'Annabell', 'submitted', NULL, NULL);
INSERT INTO bid (ct_email, ct_price, start_date, end_date, is_cash, transport_method, pet_owner, pet_name, bid_status, feedback, rating) VALUES ('German_Frami83@gmail.com', 17, '2020-12-15T14:38:36.821Z', '2020-12-16T18:08:01.380Z', true, 'pickup', 'Eulah_Bechtelar@yahoo.com', 'Sophia', 'submitted', NULL, NULL);
INSERT INTO bid (ct_email, ct_price, start_date, end_date, is_cash, transport_method, pet_owner, pet_name, bid_status, feedback, rating) VALUES ('Darryl_Ward@hotmail.com', 9, '2020-12-15T14:38:36.821Z', '2020-12-16T18:08:01.380Z', true, 'pickup', 'Alyson.Hamill80@gmail.com', 'Rahsaan', 'submitted', NULL, NULL);
INSERT INTO bid (ct_email, ct_price, start_date, end_date, is_cash, transport_method, pet_owner, pet_name, bid_status, feedback, rating) VALUES ('Bennett6@gmail.com', 4, '2020-12-15T14:38:36.821Z', '2020-12-16T18:08:01.380Z', true, 'pickup', 'Katharina.Kautzer97@gmail.com', 'Aiden', 'submitted', NULL, NULL);
INSERT INTO bid (ct_email, ct_price, start_date, end_date, is_cash, transport_method, pet_owner, pet_name, bid_status, feedback, rating) VALUES ('Adella_Predovic@yahoo.com', 9, '2020-12-15T14:38:36.821Z', '2020-12-16T18:08:01.380Z', true, 'delivery', 'Erik.Bartell@hotmail.com', 'Tommie', 'submitted', NULL, NULL);
INSERT INTO bid (ct_email, ct_price, start_date, end_date, is_cash, transport_method, pet_owner, pet_name, bid_status, feedback, rating) VALUES ('Erwin_Heller@hotmail.com', 2, '2020-12-15T14:38:36.821Z', '2020-12-16T18:08:01.380Z', true, 'delivery', 'Cole78@gmail.com', 'Clinton', 'submitted', NULL, NULL);
INSERT INTO bid (ct_email, ct_price, start_date, end_date, is_cash, transport_method, pet_owner, pet_name, bid_status, feedback, rating) VALUES ('Tatyana_Kozey32@gmail.com', 4, '2020-12-15T14:38:36.821Z', '2020-12-16T18:08:01.380Z', true, 'pcs', 'Montana_Osinski@yahoo.com', 'Vincenza', 'submitted', NULL, NULL);
INSERT INTO bid (ct_email, ct_price, start_date, end_date, is_cash, transport_method, pet_owner, pet_name, bid_status, feedback, rating) VALUES ('Tommie_Klein67@yahoo.com', 5, '2020-12-15T14:38:36.821Z', '2020-12-16T18:08:01.380Z', true, 'pickup', 'Gudrun38@yahoo.com', 'Wallace', 'submitted', NULL, NULL);
INSERT INTO bid (ct_email, ct_price, start_date, end_date, is_cash, transport_method, pet_owner, pet_name, bid_status, feedback, rating) VALUES ('Terrence_Will@gmail.com', 17, '2020-12-15T14:38:36.821Z', '2020-12-16T18:08:01.380Z', true, 'pickup', 'Leanna99@hotmail.com', 'Letha', 'submitted', NULL, NULL);
INSERT INTO bid (ct_email, ct_price, start_date, end_date, is_cash, transport_method, pet_owner, pet_name, bid_status, feedback, rating) VALUES ('Katrina43@hotmail.com', 15, '2020-12-15T14:38:36.821Z', '2020-12-16T18:08:01.380Z', true, 'pickup', 'Eveline_Shields64@hotmail.com', 'Rashad', 'submitted', NULL, NULL);
INSERT INTO bid (ct_email, ct_price, start_date, end_date, is_cash, transport_method, pet_owner, pet_name, bid_status, feedback, rating) VALUES ('Abelardo98@gmail.com', 15, '2020-12-15T14:38:36.821Z', '2020-12-16T18:08:01.380Z', true, 'delivery', 'Preston_Homenick@gmail.com', 'Larue', 'submitted', NULL, NULL);
INSERT INTO bid (ct_email, ct_price, start_date, end_date, is_cash, transport_method, pet_owner, pet_name, bid_status, feedback, rating) VALUES ('Amalia_Miller@yahoo.com', 13, '2020-12-15T14:38:36.821Z', '2020-12-16T18:08:01.380Z', true, 'delivery', 'Ardella_Klocko97@yahoo.com', 'Dianna', 'submitted', NULL, NULL);
INSERT INTO bid (ct_email, ct_price, start_date, end_date, is_cash, transport_method, pet_owner, pet_name, bid_status, feedback, rating) VALUES ('Jovany.Will@gmail.com', 7, '2020-12-15T14:38:36.821Z', '2020-12-16T18:08:01.380Z', true, 'pickup', 'Karley.Zulauf@yahoo.com', 'Gisselle', 'submitted', NULL, NULL);
INSERT INTO bid (ct_email, ct_price, start_date, end_date, is_cash, transport_method, pet_owner, pet_name, bid_status, feedback, rating) VALUES ('Liliana77@gmail.com', 4, '2020-12-15T14:38:36.821Z', '2020-12-16T18:08:01.380Z', true, 'delivery', 'Vilma.Schneider91@gmail.com', 'Laisha', 'submitted', NULL, NULL);
INSERT INTO bid (ct_email, ct_price, start_date, end_date, is_cash, transport_method, pet_owner, pet_name, bid_status, feedback, rating) VALUES ('Chadd87@yahoo.com', 6, '2020-12-15T14:38:36.821Z', '2020-12-16T18:08:01.380Z', true, 'delivery', 'Kennith_Hane@gmail.com', 'Forrest', 'submitted', NULL, NULL);
INSERT INTO bid (ct_email, ct_price, start_date, end_date, is_cash, transport_method, pet_owner, pet_name, bid_status, feedback, rating) VALUES ('Edna77@hotmail.com', 20, '2020-12-15T14:38:36.821Z', '2020-12-16T18:08:01.380Z', true, 'pcs', 'Jackson.Kirlin15@gmail.com', 'Thad', 'submitted', NULL, NULL);
INSERT INTO bid (ct_email, ct_price, start_date, end_date, is_cash, transport_method, pet_owner, pet_name, bid_status, feedback, rating) VALUES ('Reggie.Cormier0@yahoo.com', 8, '2020-12-15T14:38:36.821Z', '2020-12-16T18:08:01.380Z', true, 'delivery', 'Jamaal.Jacobs38@hotmail.com', 'Glennie', 'submitted', NULL, NULL);
INSERT INTO bid (ct_email, ct_price, start_date, end_date, is_cash, transport_method, pet_owner, pet_name, bid_status, feedback, rating) VALUES ('Fanny_Weimann@yahoo.com', 13, '2020-12-15T14:38:36.821Z', '2020-12-16T18:08:01.380Z', true, 'delivery', 'Jasen56@hotmail.com', 'Tomas', 'submitted', NULL, NULL);
INSERT INTO bid (ct_email, ct_price, start_date, end_date, is_cash, transport_method, pet_owner, pet_name, bid_status, feedback, rating) VALUES ('Alison_Jaskolski@hotmail.com', 17, '2020-12-15T14:38:36.821Z', '2020-12-16T18:08:01.380Z', true, 'pcs', 'Aimee.Doyle@yahoo.com', 'Laverne', 'submitted', NULL, NULL);
INSERT INTO bid (ct_email, ct_price, start_date, end_date, is_cash, transport_method, pet_owner, pet_name, bid_status, feedback, rating) VALUES ('Bradford31@hotmail.com', 5, '2020-12-15T14:38:36.821Z', '2020-12-16T18:08:01.380Z', true, 'delivery', 'Alexzander_Cole38@hotmail.com', 'Kraig', 'submitted', NULL, NULL);
INSERT INTO bid (ct_email, ct_price, start_date, end_date, is_cash, transport_method, pet_owner, pet_name, bid_status, feedback, rating) VALUES ('Adriana28@gmail.com', 5, '2020-12-15T14:38:36.821Z', '2020-12-16T18:08:01.380Z', true, 'pickup', 'Kasey32@gmail.com', 'Meta', 'submitted', NULL, NULL);
INSERT INTO bid (ct_email, ct_price, start_date, end_date, is_cash, transport_method, pet_owner, pet_name, bid_status, feedback, rating) VALUES ('Edgar.Armstrong@yahoo.com', 17, '2020-12-15T14:38:36.821Z', '2020-12-16T18:08:01.380Z', true, 'pcs', 'Ivah10@gmail.com', 'Vivianne', 'submitted', NULL, NULL);
INSERT INTO bid (ct_email, ct_price, start_date, end_date, is_cash, transport_method, pet_owner, pet_name, bid_status, feedback, rating) VALUES ('Dario_Bartell97@hotmail.com', 20, '2020-12-15T14:38:36.821Z', '2020-12-16T18:08:01.380Z', true, 'pcs', 'Brenna17@gmail.com', 'Laron', 'submitted', NULL, NULL);
INSERT INTO bid (ct_email, ct_price, start_date, end_date, is_cash, transport_method, pet_owner, pet_name, bid_status, feedback, rating) VALUES ('Thea.Hahn@yahoo.com', 0, '2020-12-15T14:38:36.821Z', '2020-12-16T18:08:01.380Z', true, 'delivery', 'Anissa.Volkman@hotmail.com', 'Nettie', 'submitted', NULL, NULL);
INSERT INTO bid (ct_email, ct_price, start_date, end_date, is_cash, transport_method, pet_owner, pet_name, bid_status, feedback, rating) VALUES ('Carissa.Lehner38@gmail.com', 6, '2020-12-15T14:38:36.821Z', '2020-12-16T18:08:01.380Z', true, 'pcs', 'Schuyler48@yahoo.com', 'Larue', 'submitted', NULL, NULL);
INSERT INTO bid (ct_email, ct_price, start_date, end_date, is_cash, transport_method, pet_owner, pet_name, bid_status, feedback, rating) VALUES ('Zackary38@gmail.com', 4, '2020-12-15T14:38:36.821Z', '2020-12-16T18:08:01.380Z', true, 'pickup', 'Clark.Terry57@gmail.com', 'Ines', 'submitted', NULL, NULL);
INSERT INTO bid (ct_email, ct_price, start_date, end_date, is_cash, transport_method, pet_owner, pet_name, bid_status, feedback, rating) VALUES ('Kasey32@gmail.com', 1, '2020-12-15T14:38:36.821Z', '2020-12-16T18:08:01.380Z', true, 'pickup', 'Giovanni.Howe49@gmail.com', 'Lottie', 'submitted', NULL, NULL);
INSERT INTO bid (ct_email, ct_price, start_date, end_date, is_cash, transport_method, pet_owner, pet_name, bid_status, feedback, rating) VALUES ('Selina_Labadie82@gmail.com', 6, '2020-12-15T14:38:36.821Z', '2020-12-16T18:08:01.380Z', true, 'pickup', 'Elwyn.Hoeger89@gmail.com', 'Tyrell', 'submitted', NULL, NULL);
INSERT INTO bid (ct_email, ct_price, start_date, end_date, is_cash, transport_method, pet_owner, pet_name, bid_status, feedback, rating) VALUES ('Jena.Heathcote@yahoo.com', 6, '2020-12-15T14:38:36.821Z', '2020-12-16T18:08:01.380Z', true, 'pickup', 'Kailey86@yahoo.com', 'Golda', 'submitted', NULL, NULL);
INSERT INTO bid (ct_email, ct_price, start_date, end_date, is_cash, transport_method, pet_owner, pet_name, bid_status, feedback, rating) VALUES ('Pearlie_Koch1@yahoo.com', 5, '2020-12-15T14:38:36.821Z', '2020-12-16T18:08:01.380Z', true, 'pcs', 'Jany95@gmail.com', 'Johanna', 'submitted', NULL, NULL);
INSERT INTO bid (ct_email, ct_price, start_date, end_date, is_cash, transport_method, pet_owner, pet_name, bid_status, feedback, rating) VALUES ('Emmanuelle_Christiansen20@yahoo.com', 15, '2020-12-15T14:38:36.821Z', '2020-12-16T18:08:01.380Z', true, 'delivery', 'Naomi_Abbott67@gmail.com', 'Hyman', 'submitted', NULL, NULL);
INSERT INTO bid (ct_email, ct_price, start_date, end_date, is_cash, transport_method, pet_owner, pet_name, bid_status, feedback, rating) VALUES ('Shakira.Gusikowski@gmail.com', 11, '2020-12-15T14:38:36.821Z', '2020-12-16T18:08:01.380Z', true, 'pcs', 'Melvin.Stoltenberg@yahoo.com', 'Jesus', 'submitted', NULL, NULL);
INSERT INTO bid (ct_email, ct_price, start_date, end_date, is_cash, transport_method, pet_owner, pet_name, bid_status, feedback, rating) VALUES ('Trever60@hotmail.com', 13, '2020-12-15T14:38:36.821Z', '2020-12-16T18:08:01.380Z', true, 'pickup', 'Charles.Mueller@gmail.com', 'Flavio', 'submitted', NULL, NULL);
INSERT INTO bid (ct_email, ct_price, start_date, end_date, is_cash, transport_method, pet_owner, pet_name, bid_status, feedback, rating) VALUES ('Meta_Thompson@hotmail.com', 16, '2020-12-15T14:38:36.821Z', '2020-12-16T18:08:01.380Z', true, 'delivery', 'Delfina.Sipes@hotmail.com', 'Jeffry', 'submitted', NULL, NULL);
INSERT INTO bid (ct_email, ct_price, start_date, end_date, is_cash, transport_method, pet_owner, pet_name, bid_status, feedback, rating) VALUES ('Royce84@gmail.com', 13, '2020-12-15T14:38:36.821Z', '2020-12-16T18:08:01.380Z', true, 'pcs', 'Dylan.Franecki95@gmail.com', 'Xzavier', 'submitted', NULL, NULL);
INSERT INTO bid (ct_email, ct_price, start_date, end_date, is_cash, transport_method, pet_owner, pet_name, bid_status, feedback, rating) VALUES ('Lee89@hotmail.com', 11, '2020-12-15T14:38:36.821Z', '2020-12-16T18:08:01.380Z', true, 'delivery', 'Kirsten_Trantow23@gmail.com', 'Wilfred', 'submitted', NULL, NULL);
INSERT INTO bid (ct_email, ct_price, start_date, end_date, is_cash, transport_method, pet_owner, pet_name, bid_status, feedback, rating) VALUES ('Nakia_Schamberger38@gmail.com', 0, '2020-12-15T14:38:36.821Z', '2020-12-16T18:08:01.380Z', true, 'pickup', 'Nikko_Connelly@gmail.com', 'Marguerite', 'submitted', NULL, NULL);
INSERT INTO bid (ct_email, ct_price, start_date, end_date, is_cash, transport_method, pet_owner, pet_name, bid_status, feedback, rating) VALUES ('Mariela.Huels59@hotmail.com', 14, '2020-12-15T14:38:36.821Z', '2020-12-16T18:08:01.380Z', true, 'pcs', 'Maia.Labadie7@hotmail.com', 'Chet', 'submitted', NULL, NULL);
INSERT INTO bid (ct_email, ct_price, start_date, end_date, is_cash, transport_method, pet_owner, pet_name, bid_status, feedback, rating) VALUES ('Tristian_Heller31@yahoo.com', 8, '2020-12-15T14:38:36.821Z', '2020-12-16T18:08:01.380Z', true, 'pickup', 'Levi.Hammes30@gmail.com', 'Giovanna', 'submitted', NULL, NULL);
INSERT INTO bid (ct_email, ct_price, start_date, end_date, is_cash, transport_method, pet_owner, pet_name, bid_status, feedback, rating) VALUES ('Helene.Abshire36@hotmail.com', 8, '2020-12-15T14:38:36.821Z', '2020-12-16T18:08:01.380Z', true, 'pcs', 'Miguel35@hotmail.com', 'Ara', 'submitted', NULL, NULL);
INSERT INTO bid (ct_email, ct_price, start_date, end_date, is_cash, transport_method, pet_owner, pet_name, bid_status, feedback, rating) VALUES ('Lincoln_Murphy66@gmail.com', 1, '2020-12-15T14:38:36.821Z', '2020-12-16T18:08:01.380Z', true, 'pickup', 'Werner7@hotmail.com', 'Jalen', 'submitted', NULL, NULL);
INSERT INTO bid (ct_email, ct_price, start_date, end_date, is_cash, transport_method, pet_owner, pet_name, bid_status, feedback, rating) VALUES ('Lula34@yahoo.com', 6, '2020-12-15T14:38:36.821Z', '2020-12-16T18:08:01.380Z', true, 'delivery', 'Mike27@hotmail.com', 'Lonzo', 'submitted', NULL, NULL);
INSERT INTO bid (ct_email, ct_price, start_date, end_date, is_cash, transport_method, pet_owner, pet_name, bid_status, feedback, rating) VALUES ('Hilbert_Casper80@yahoo.com', 10, '2020-12-15T14:38:36.821Z', '2020-12-16T18:08:01.380Z', true, 'pickup', 'Elbert_Ruecker@hotmail.com', 'Vincenza', 'submitted', NULL, NULL);
INSERT INTO bid (ct_email, ct_price, start_date, end_date, is_cash, transport_method, pet_owner, pet_name, bid_status, feedback, rating) VALUES ('Angeline.Wiza46@hotmail.com', 0, '2020-12-15T14:38:36.821Z', '2020-12-16T18:08:01.380Z', true, 'delivery', 'Katherine.Johnson89@gmail.com', 'Kiel', 'submitted', NULL, NULL);
INSERT INTO bid (ct_email, ct_price, start_date, end_date, is_cash, transport_method, pet_owner, pet_name, bid_status, feedback, rating) VALUES ('Kayleigh.Hane88@yahoo.com', 13, '2020-12-15T14:38:36.821Z', '2020-12-16T18:08:01.380Z', true, 'delivery', 'Mohamed_Kshlerin@hotmail.com', 'Pauline', 'submitted', NULL, NULL);
INSERT INTO bid (ct_email, ct_price, start_date, end_date, is_cash, transport_method, pet_owner, pet_name, bid_status, feedback, rating) VALUES ('Toby.Rowe@yahoo.com', 17, '2020-12-15T14:38:36.821Z', '2020-12-16T18:08:01.380Z', true, 'pcs', 'Lue17@hotmail.com', 'Kailyn', 'submitted', NULL, NULL);
INSERT INTO bid (ct_email, ct_price, start_date, end_date, is_cash, transport_method, pet_owner, pet_name, bid_status, feedback, rating) VALUES ('Miller_Keebler@yahoo.com', 16, '2020-12-15T14:38:36.821Z', '2020-12-16T18:08:01.380Z', true, 'pickup', 'Arianna.Waelchi@gmail.com', 'Wiley', 'submitted', NULL, NULL);
INSERT INTO bid (ct_email, ct_price, start_date, end_date, is_cash, transport_method, pet_owner, pet_name, bid_status, feedback, rating) VALUES ('Dangelo_Dietrich3@hotmail.com', 14, '2020-12-15T14:38:36.821Z', '2020-12-16T18:08:01.380Z', true, 'delivery', 'Creola_Powlowski43@gmail.com', 'Allene', 'submitted', NULL, NULL);
INSERT INTO bid (ct_email, ct_price, start_date, end_date, is_cash, transport_method, pet_owner, pet_name, bid_status, feedback, rating) VALUES ('Wilfredo_White42@hotmail.com', 17, '2020-12-15T14:38:36.821Z', '2020-12-16T18:08:01.380Z', true, 'pcs', 'Araceli.Kris@hotmail.com', 'Haskell', 'submitted', NULL, NULL);
INSERT INTO bid (ct_email, ct_price, start_date, end_date, is_cash, transport_method, pet_owner, pet_name, bid_status, feedback, rating) VALUES ('Joannie_Schamberger@yahoo.com', 5, '2020-12-15T14:38:36.821Z', '2020-12-16T18:08:01.380Z', true, 'pickup', 'Else.Schneider@gmail.com', 'Dasia', 'submitted', NULL, NULL);
INSERT INTO bid (ct_email, ct_price, start_date, end_date, is_cash, transport_method, pet_owner, pet_name, bid_status, feedback, rating) VALUES ('Dasia98@hotmail.com', 4, '2020-12-15T14:38:36.821Z', '2020-12-16T18:08:01.380Z', true, 'pickup', 'Rosalia.Crona@hotmail.com', 'Bridie', 'submitted', NULL, NULL);
INSERT INTO bid (ct_email, ct_price, start_date, end_date, is_cash, transport_method, pet_owner, pet_name, bid_status, feedback, rating) VALUES ('Aniya.Wilkinson15@hotmail.com', 7, '2020-12-15T14:38:36.821Z', '2020-12-16T18:08:01.380Z', true, 'delivery', 'Adah9@hotmail.com', 'Geovany', 'submitted', NULL, NULL);
INSERT INTO bid (ct_email, ct_price, start_date, end_date, is_cash, transport_method, pet_owner, pet_name, bid_status, feedback, rating) VALUES ('Sheridan81@yahoo.com', 3, '2020-12-15T14:38:36.821Z', '2020-12-16T18:08:01.380Z', true, 'pcs', 'Bianka.Oberbrunner41@gmail.com', 'Kasandra', 'submitted', NULL, NULL);
INSERT INTO bid (ct_email, ct_price, start_date, end_date, is_cash, transport_method, pet_owner, pet_name, bid_status, feedback, rating) VALUES ('Domenick.Lesch54@yahoo.com', 6, '2020-12-15T14:38:36.821Z', '2020-12-16T18:08:01.380Z', true, 'pcs', 'Grayson.Huels@yahoo.com', 'Esther', 'submitted', NULL, NULL);
INSERT INTO bid (ct_email, ct_price, start_date, end_date, is_cash, transport_method, pet_owner, pet_name, bid_status, feedback, rating) VALUES ('Merritt.Bradtke@gmail.com', 14, '2020-12-15T14:38:36.821Z', '2020-12-16T18:08:01.380Z', true, 'delivery', 'Velva99@hotmail.com', 'Frankie', 'submitted', NULL, NULL);
INSERT INTO bid (ct_email, ct_price, start_date, end_date, is_cash, transport_method, pet_owner, pet_name, bid_status, feedback, rating) VALUES ('Chaim.Dach78@gmail.com', 3, '2020-12-15T14:38:36.821Z', '2020-12-16T18:08:01.380Z', true, 'pickup', 'Brad.Pollich@yahoo.com', 'Alberta', 'submitted', NULL, NULL);
INSERT INTO bid (ct_email, ct_price, start_date, end_date, is_cash, transport_method, pet_owner, pet_name, bid_status, feedback, rating) VALUES ('Cameron.Nader@hotmail.com', 12, '2020-12-15T14:38:36.821Z', '2020-12-16T18:08:01.380Z', true, 'pickup', 'Joey74@gmail.com', 'Demetrius', 'submitted', NULL, NULL);
INSERT INTO bid (ct_email, ct_price, start_date, end_date, is_cash, transport_method, pet_owner, pet_name, bid_status, feedback, rating) VALUES ('Stephany.Luettgen73@gmail.com', 6, '2020-12-15T14:38:36.821Z', '2020-12-16T18:08:01.380Z', true, 'pickup', 'Lucious79@hotmail.com', 'Waylon', 'submitted', NULL, NULL);
INSERT INTO bid (ct_email, ct_price, start_date, end_date, is_cash, transport_method, pet_owner, pet_name, bid_status, feedback, rating) VALUES ('Luther_Goodwin38@yahoo.com', 12, '2020-12-15T14:38:36.821Z', '2020-12-16T18:08:01.380Z', true, 'delivery', 'Wyman.Bruen@yahoo.com', 'Nash', 'submitted', NULL, NULL);
INSERT INTO bid (ct_email, ct_price, start_date, end_date, is_cash, transport_method, pet_owner, pet_name, bid_status, feedback, rating) VALUES ('Alaina.Glover84@gmail.com', 7, '2020-12-15T14:38:36.821Z', '2020-12-16T18:08:01.380Z', true, 'delivery', 'Fernando.Altenwerth18@yahoo.com', 'Saul', 'submitted', NULL, NULL);
INSERT INTO bid (ct_email, ct_price, start_date, end_date, is_cash, transport_method, pet_owner, pet_name, bid_status, feedback, rating) VALUES ('Silas_Hahn77@hotmail.com', 14, '2020-12-15T14:38:36.821Z', '2020-12-16T18:08:01.380Z', true, 'pickup', 'Sidney20@gmail.com', 'Raheem', 'submitted', NULL, NULL);
INSERT INTO bid (ct_email, ct_price, start_date, end_date, is_cash, transport_method, pet_owner, pet_name, bid_status, feedback, rating) VALUES ('Natalia_Stoltenberg3@hotmail.com', 5, '2020-12-15T14:38:36.821Z', '2020-12-16T18:08:01.380Z', true, 'pcs', 'Tomasa75@hotmail.com', 'Delilah', 'submitted', NULL, NULL);
INSERT INTO bid (ct_email, ct_price, start_date, end_date, is_cash, transport_method, pet_owner, pet_name, bid_status, feedback, rating) VALUES ('Josefa.Turcotte34@yahoo.com', 10, '2020-12-15T14:38:36.821Z', '2020-12-16T18:08:01.380Z', true, 'pickup', 'Lukas.Mayer16@gmail.com', 'Alana', 'submitted', NULL, NULL);
INSERT INTO bid (ct_email, ct_price, start_date, end_date, is_cash, transport_method, pet_owner, pet_name, bid_status, feedback, rating) VALUES ('Randal_Bednar19@yahoo.com', 13, '2020-12-15T14:38:36.821Z', '2020-12-16T18:08:01.380Z', true, 'pickup', 'Jesus.Haag@hotmail.com', 'Marielle', 'submitted', NULL, NULL);
INSERT INTO bid (ct_email, ct_price, start_date, end_date, is_cash, transport_method, pet_owner, pet_name, bid_status, feedback, rating) VALUES ('Julianne36@hotmail.com', 20, '2020-12-15T14:38:36.821Z', '2020-12-16T18:08:01.380Z', true, 'pickup', 'Celestino_Stroman4@hotmail.com', 'Gonzalo', 'submitted', NULL, NULL);
INSERT INTO bid (ct_email, ct_price, start_date, end_date, is_cash, transport_method, pet_owner, pet_name, bid_status, feedback, rating) VALUES ('Enola.Halvorson@gmail.com', 2, '2020-12-15T14:38:36.821Z', '2020-12-16T18:08:01.380Z', true, 'delivery', 'Charley_Murray79@yahoo.com', 'Pierre', 'submitted', NULL, NULL);
INSERT INTO bid (ct_email, ct_price, start_date, end_date, is_cash, transport_method, pet_owner, pet_name, bid_status, feedback, rating) VALUES ('Christine.Schumm@hotmail.com', 3, '2020-12-15T14:38:36.821Z', '2020-12-16T18:08:01.380Z', true, 'pcs', 'Tyrese49@hotmail.com', 'Clemens', 'submitted', NULL, NULL);
INSERT INTO bid (ct_email, ct_price, start_date, end_date, is_cash, transport_method, pet_owner, pet_name, bid_status, feedback, rating) VALUES ('Easter.Blanda@yahoo.com', 12, '2020-12-15T14:38:36.821Z', '2020-12-16T18:08:01.380Z', true, 'pcs', 'Angelita_Herman70@hotmail.com', 'Aileen', 'submitted', NULL, NULL);
INSERT INTO bid (ct_email, ct_price, start_date, end_date, is_cash, transport_method, pet_owner, pet_name, bid_status, feedback, rating) VALUES ('Earline38@yahoo.com', 0, '2020-12-15T14:38:36.821Z', '2020-12-16T18:08:01.380Z', true, 'delivery', 'Kasandra_Quitzon@yahoo.com', 'Benedict', 'submitted', NULL, NULL);
INSERT INTO bid (ct_email, ct_price, start_date, end_date, is_cash, transport_method, pet_owner, pet_name, bid_status, feedback, rating) VALUES ('Marcel37@yahoo.com', 7, '2020-12-15T14:38:36.821Z', '2020-12-16T18:08:01.380Z', true, 'delivery', 'Reynold14@gmail.com', 'Warren', 'submitted', NULL, NULL);
INSERT INTO bid (ct_email, ct_price, start_date, end_date, is_cash, transport_method, pet_owner, pet_name, bid_status, feedback, rating) VALUES ('Jany84@yahoo.com', 9, '2020-12-15T14:38:36.821Z', '2020-12-16T18:08:01.380Z', true, 'pickup', 'Lon.Hamill28@hotmail.com', 'Arthur', 'submitted', NULL, NULL);
INSERT INTO bid (ct_email, ct_price, start_date, end_date, is_cash, transport_method, pet_owner, pet_name, bid_status, feedback, rating) VALUES ('Willie_Kassulke@gmail.com', 17, '2020-12-15T14:38:36.821Z', '2020-12-16T18:08:01.380Z', true, 'pcs', 'Max_Witting@yahoo.com', 'Felix', 'submitted', NULL, NULL);
INSERT INTO bid (ct_email, ct_price, start_date, end_date, is_cash, transport_method, pet_owner, pet_name, bid_status, feedback, rating) VALUES ('Gracie_Moore13@gmail.com', 3, '2020-12-15T14:38:36.821Z', '2020-12-16T18:08:01.380Z', true, 'pickup', 'Lucile.Dickinson@gmail.com', 'Eleazar', 'submitted', NULL, NULL);
INSERT INTO bid (ct_email, ct_price, start_date, end_date, is_cash, transport_method, pet_owner, pet_name, bid_status, feedback, rating) VALUES ('Ezekiel64@hotmail.com', 16, '2020-12-15T14:38:36.821Z', '2020-12-16T18:08:01.380Z', true, 'delivery', 'Edmond_Romaguera@yahoo.com', 'Derrick', 'submitted', NULL, NULL);
INSERT INTO bid (ct_email, ct_price, start_date, end_date, is_cash, transport_method, pet_owner, pet_name, bid_status, feedback, rating) VALUES ('Paula.Price@yahoo.com', 11, '2020-12-15T14:38:36.821Z', '2020-12-16T18:08:01.380Z', true, 'pickup', 'Kaci.Rolfson53@yahoo.com', 'Maverick', 'submitted', NULL, NULL);
INSERT INTO bid (ct_email, ct_price, start_date, end_date, is_cash, transport_method, pet_owner, pet_name, bid_status, feedback, rating) VALUES ('Damon.Kulas@yahoo.com', 9, '2020-12-15T14:38:36.821Z', '2020-12-16T18:08:01.380Z', true, 'pickup', 'Lucio76@gmail.com', 'Gay', 'submitted', NULL, NULL);
INSERT INTO bid (ct_email, ct_price, start_date, end_date, is_cash, transport_method, pet_owner, pet_name, bid_status, feedback, rating) VALUES ('Aglae_Windler@gmail.com', 17, '2020-12-15T14:38:36.821Z', '2020-12-16T18:08:01.380Z', true, 'delivery', 'Ramon.Heidenreich96@hotmail.com', 'Ayden', 'submitted', NULL, NULL);
INSERT INTO bid (ct_email, ct_price, start_date, end_date, is_cash, transport_method, pet_owner, pet_name, bid_status, feedback, rating) VALUES ('Leif_Gerhold64@yahoo.com', 12, '2020-12-15T14:38:36.821Z', '2020-12-16T18:08:01.380Z', true, 'delivery', 'Sandy.Tremblay63@yahoo.com', 'Forrest', 'submitted', NULL, NULL);
INSERT INTO bid (ct_email, ct_price, start_date, end_date, is_cash, transport_method, pet_owner, pet_name, bid_status, feedback, rating) VALUES ('Heath_Fahey62@gmail.com', 9, '2020-12-15T14:38:36.821Z', '2020-12-16T18:08:01.380Z', true, 'delivery', 'Troy80@gmail.com', 'Hilda', 'submitted', NULL, NULL);
INSERT INTO bid (ct_email, ct_price, start_date, end_date, is_cash, transport_method, pet_owner, pet_name, bid_status, feedback, rating) VALUES ('Zoey87@yahoo.com', 15, '2020-12-15T14:38:36.821Z', '2020-12-16T18:08:01.380Z', true, 'pickup', 'Clint8@hotmail.com', 'Roel', 'submitted', NULL, NULL);
INSERT INTO bid (ct_email, ct_price, start_date, end_date, is_cash, transport_method, pet_owner, pet_name, bid_status, feedback, rating) VALUES ('Kennith_Hane@gmail.com', 5, '2020-12-15T14:38:36.821Z', '2020-12-16T18:08:01.380Z', true, 'pickup', 'Regan_Kuhic@yahoo.com', 'Schuyler', 'submitted', NULL, NULL);
INSERT INTO bid (ct_email, ct_price, start_date, end_date, is_cash, transport_method, pet_owner, pet_name, bid_status, feedback, rating) VALUES ('Chet.Kulas@gmail.com', 2, '2020-12-15T14:38:36.821Z', '2020-12-16T18:08:01.380Z', true, 'pickup', 'Antonia.Gleason20@yahoo.com', 'Paolo', 'submitted', NULL, NULL);
INSERT INTO bid (ct_email, ct_price, start_date, end_date, is_cash, transport_method, pet_owner, pet_name, bid_status, feedback, rating) VALUES ('Stanton.Smitham69@yahoo.com', 5, '2020-12-15T14:38:36.821Z', '2020-12-16T18:08:01.380Z', true, 'pcs', 'Alessia88@hotmail.com', 'Myron', 'submitted', NULL, NULL);
INSERT INTO bid (ct_email, ct_price, start_date, end_date, is_cash, transport_method, pet_owner, pet_name, bid_status, feedback, rating) VALUES ('Vincent_Deckow88@gmail.com', 12, '2020-12-15T14:38:36.821Z', '2020-12-16T18:08:01.380Z', true, 'pcs', 'Adriana28@gmail.com', 'Brayan', 'submitted', NULL, NULL);
INSERT INTO bid (ct_email, ct_price, start_date, end_date, is_cash, transport_method, pet_owner, pet_name, bid_status, feedback, rating) VALUES ('Shawn_Lehner@yahoo.com', 4, '2020-12-15T14:38:36.821Z', '2020-12-16T18:08:01.380Z', true, 'pcs', 'Wilford42@hotmail.com', 'Willy', 'submitted', NULL, NULL);
INSERT INTO bid (ct_email, ct_price, start_date, end_date, is_cash, transport_method, pet_owner, pet_name, bid_status, feedback, rating) VALUES ('Clark.Terry57@gmail.com', 18, '2020-12-15T14:38:36.821Z', '2020-12-16T18:08:01.380Z', true, 'delivery', 'Carson47@gmail.com', 'Stacey', 'submitted', NULL, NULL);
INSERT INTO bid (ct_email, ct_price, start_date, end_date, is_cash, transport_method, pet_owner, pet_name, bid_status, feedback, rating) VALUES ('Marietta_Barton64@hotmail.com', 16, '2020-12-15T14:38:36.821Z', '2020-12-16T18:08:01.380Z', true, 'pickup', 'Bart_Glover@yahoo.com', 'Sigmund', 'submitted', NULL, NULL);
INSERT INTO bid (ct_email, ct_price, start_date, end_date, is_cash, transport_method, pet_owner, pet_name, bid_status, feedback, rating) VALUES ('Jose69@hotmail.com', 16, '2020-12-15T14:38:36.821Z', '2020-12-16T18:08:01.380Z', true, 'delivery', 'Carter.Torphy@hotmail.com', 'Daryl', 'submitted', NULL, NULL);
INSERT INTO bid (ct_email, ct_price, start_date, end_date, is_cash, transport_method, pet_owner, pet_name, bid_status, feedback, rating) VALUES ('Corene27@hotmail.com', 4, '2020-12-15T14:38:36.821Z', '2020-12-16T18:08:01.380Z', true, 'pcs', 'Amalia_Miller@yahoo.com', 'Kallie', 'submitted', NULL, NULL);
INSERT INTO bid (ct_email, ct_price, start_date, end_date, is_cash, transport_method, pet_owner, pet_name, bid_status, feedback, rating) VALUES ('Mallie45@yahoo.com', 0, '2020-12-15T14:38:36.821Z', '2020-12-16T18:08:01.380Z', true, 'pickup', 'Fiona_Wiza13@gmail.com', 'Tia', 'submitted', NULL, NULL);
INSERT INTO bid (ct_email, ct_price, start_date, end_date, is_cash, transport_method, pet_owner, pet_name, bid_status, feedback, rating) VALUES ('Ramiro86@gmail.com', 9, '2020-12-15T14:38:36.821Z', '2020-12-16T18:08:01.380Z', true, 'pickup', 'Vernice.Bogan31@yahoo.com', 'Noemie', 'submitted', NULL, NULL);
INSERT INTO bid (ct_email, ct_price, start_date, end_date, is_cash, transport_method, pet_owner, pet_name, bid_status, feedback, rating) VALUES ('Andreanne_Jacobson@hotmail.com', 6, '2020-12-15T14:38:36.821Z', '2020-12-16T18:08:01.380Z', true, 'delivery', 'Asha_Okuneva52@gmail.com', 'Dortha', 'submitted', NULL, NULL);
INSERT INTO bid (ct_email, ct_price, start_date, end_date, is_cash, transport_method, pet_owner, pet_name, bid_status, feedback, rating) VALUES ('Clare_McLaughlin72@hotmail.com', 19, '2020-12-15T14:38:36.821Z', '2020-12-16T18:08:01.380Z', true, 'delivery', 'Josh_Koelpin7@hotmail.com', 'Joanny', 'submitted', NULL, NULL);
INSERT INTO bid (ct_email, ct_price, start_date, end_date, is_cash, transport_method, pet_owner, pet_name, bid_status, feedback, rating) VALUES ('Claudie_Hyatt46@gmail.com', 5, '2020-12-15T14:38:36.821Z', '2020-12-16T18:08:01.380Z', true, 'delivery', 'Sigurd.Walter@gmail.com', 'Trisha', 'submitted', NULL, NULL);
INSERT INTO bid (ct_email, ct_price, start_date, end_date, is_cash, transport_method, pet_owner, pet_name, bid_status, feedback, rating) VALUES ('Raphaelle21@hotmail.com', 12, '2020-12-15T14:38:36.821Z', '2020-12-16T18:08:01.380Z', true, 'pcs', 'Oleta45@hotmail.com', 'Roscoe', 'submitted', NULL, NULL);
INSERT INTO bid (ct_email, ct_price, start_date, end_date, is_cash, transport_method, pet_owner, pet_name, bid_status, feedback, rating) VALUES ('Nikko_Connelly@gmail.com', 13, '2020-12-15T14:38:36.821Z', '2020-12-16T18:08:01.380Z', true, 'delivery', 'Skylar.Goldner@yahoo.com', 'Christop', 'submitted', NULL, NULL);
INSERT INTO bid (ct_email, ct_price, start_date, end_date, is_cash, transport_method, pet_owner, pet_name, bid_status, feedback, rating) VALUES ('Napoleon_Raynor@hotmail.com', 18, '2020-12-15T14:38:36.821Z', '2020-12-16T18:08:01.380Z', true, 'delivery', 'Henderson_Fritsch@hotmail.com', 'Weston', 'submitted', NULL, NULL);
INSERT INTO bid (ct_email, ct_price, start_date, end_date, is_cash, transport_method, pet_owner, pet_name, bid_status, feedback, rating) VALUES ('Jedidiah.Collins98@yahoo.com', 0, '2020-12-15T14:38:36.821Z', '2020-12-16T18:08:01.380Z', true, 'delivery', 'Kendra60@hotmail.com', 'Audrey', 'submitted', NULL, NULL);
INSERT INTO bid (ct_email, ct_price, start_date, end_date, is_cash, transport_method, pet_owner, pet_name, bid_status, feedback, rating) VALUES ('Destin.Von54@hotmail.com', 3, '2020-12-15T14:38:36.821Z', '2020-12-16T18:08:01.380Z', true, 'pickup', 'Shannon9@hotmail.com', 'Thurman', 'submitted', NULL, NULL);
INSERT INTO bid (ct_email, ct_price, start_date, end_date, is_cash, transport_method, pet_owner, pet_name, bid_status, feedback, rating) VALUES ('Clarabelle.DuBuque66@yahoo.com', 14, '2020-12-15T14:38:36.821Z', '2020-12-16T18:08:01.380Z', true, 'delivery', 'Katlynn96@hotmail.com', 'Jennyfer', 'submitted', NULL, NULL);
INSERT INTO bid (ct_email, ct_price, start_date, end_date, is_cash, transport_method, pet_owner, pet_name, bid_status, feedback, rating) VALUES ('Millie.Keebler63@gmail.com', 1, '2020-12-15T14:38:36.821Z', '2020-12-16T18:08:01.380Z', true, 'pcs', 'Javonte90@yahoo.com', 'Darian', 'submitted', NULL, NULL);
INSERT INTO bid (ct_email, ct_price, start_date, end_date, is_cash, transport_method, pet_owner, pet_name, bid_status, feedback, rating) VALUES ('Adrain87@gmail.com', 16, '2020-12-15T14:38:36.821Z', '2020-12-16T18:08:01.380Z', true, 'pickup', 'Viviane_Borer14@hotmail.com', 'Kathryne', 'submitted', NULL, NULL);
INSERT INTO bid (ct_email, ct_price, start_date, end_date, is_cash, transport_method, pet_owner, pet_name, bid_status, feedback, rating) VALUES ('Stephania.Hackett@gmail.com', 16, '2020-12-15T14:38:36.821Z', '2020-12-16T18:08:01.380Z', true, 'pcs', 'Alexandro63@yahoo.com', 'Nova', 'submitted', NULL, NULL);
INSERT INTO bid (ct_email, ct_price, start_date, end_date, is_cash, transport_method, pet_owner, pet_name, bid_status, feedback, rating) VALUES ('Richard.Schmidt11@gmail.com', 9, '2020-12-15T14:38:36.821Z', '2020-12-16T18:08:01.380Z', true, 'pcs', 'Alvera.Weissnat@hotmail.com', 'Karen', 'submitted', NULL, NULL);
INSERT INTO bid (ct_email, ct_price, start_date, end_date, is_cash, transport_method, pet_owner, pet_name, bid_status, feedback, rating) VALUES ('Mariam.Herman@gmail.com', 19, '2020-12-15T14:38:36.821Z', '2020-12-16T18:08:01.380Z', true, 'pcs', 'Viviane41@hotmail.com', 'Kamron', 'submitted', NULL, NULL);
INSERT INTO bid (ct_email, ct_price, start_date, end_date, is_cash, transport_method, pet_owner, pet_name, bid_status, feedback, rating) VALUES ('Kailey72@yahoo.com', 13, '2020-12-15T14:38:36.821Z', '2020-12-16T18:08:01.380Z', true, 'pickup', 'Heath_Harris@yahoo.com', 'Isaias', 'submitted', NULL, NULL);
INSERT INTO bid (ct_email, ct_price, start_date, end_date, is_cash, transport_method, pet_owner, pet_name, bid_status, feedback, rating) VALUES ('Corene.Abernathy88@yahoo.com', 5, '2020-12-15T14:38:36.821Z', '2020-12-16T18:08:01.380Z', true, 'delivery', 'Alex_Runolfsson@gmail.com', 'Frederik', 'submitted', NULL, NULL);
INSERT INTO bid (ct_email, ct_price, start_date, end_date, is_cash, transport_method, pet_owner, pet_name, bid_status, feedback, rating) VALUES ('Rex78@hotmail.com', 0, '2020-12-15T14:38:36.821Z', '2020-12-16T18:08:01.380Z', true, 'pcs', 'Halie49@hotmail.com', 'Onie', 'submitted', NULL, NULL);
INSERT INTO bid (ct_email, ct_price, start_date, end_date, is_cash, transport_method, pet_owner, pet_name, bid_status, feedback, rating) VALUES ('Stella_Wyman55@yahoo.com', 17, '2020-12-15T14:38:36.821Z', '2020-12-16T18:08:01.380Z', true, 'pickup', 'Brittany.Price57@gmail.com', 'Jasen', 'submitted', NULL, NULL);
INSERT INTO bid (ct_email, ct_price, start_date, end_date, is_cash, transport_method, pet_owner, pet_name, bid_status, feedback, rating) VALUES ('Savion.Kovacek@hotmail.com', 11, '2020-12-15T14:38:36.821Z', '2020-12-16T18:08:01.380Z', true, 'pcs', 'Donato99@gmail.com', 'Dominic', 'submitted', NULL, NULL);
INSERT INTO bid (ct_email, ct_price, start_date, end_date, is_cash, transport_method, pet_owner, pet_name, bid_status, feedback, rating) VALUES ('Celestino_Stroman4@hotmail.com', 7, '2020-12-15T14:38:36.821Z', '2020-12-16T18:08:01.380Z', true, 'delivery', 'Agustin_Daniel92@hotmail.com', 'Michelle', 'submitted', NULL, NULL);
INSERT INTO bid (ct_email, ct_price, start_date, end_date, is_cash, transport_method, pet_owner, pet_name, bid_status, feedback, rating) VALUES ('Stefanie_Roob17@gmail.com', 17, '2020-12-15T14:38:36.821Z', '2020-12-16T18:08:01.380Z', true, 'pcs', 'Jeremie45@gmail.com', 'Nash', 'submitted', NULL, NULL);
INSERT INTO bid (ct_email, ct_price, start_date, end_date, is_cash, transport_method, pet_owner, pet_name, bid_status, feedback, rating) VALUES ('Helene98@hotmail.com', 20, '2020-12-15T14:38:36.821Z', '2020-12-16T18:08:01.380Z', true, 'delivery', 'Waino51@hotmail.com', 'Izaiah', 'submitted', NULL, NULL);
INSERT INTO bid (ct_email, ct_price, start_date, end_date, is_cash, transport_method, pet_owner, pet_name, bid_status, feedback, rating) VALUES ('Gail_Weissnat@yahoo.com', 20, '2020-12-15T14:38:36.821Z', '2020-12-16T18:08:01.380Z', true, 'pickup', 'Kathleen_Wiegand3@hotmail.com', 'Mauricio', 'submitted', NULL, NULL);
INSERT INTO bid (ct_email, ct_price, start_date, end_date, is_cash, transport_method, pet_owner, pet_name, bid_status, feedback, rating) VALUES ('Laura_Kunde9@hotmail.com', 20, '2020-12-15T14:38:36.821Z', '2020-12-16T18:08:01.380Z', true, 'pcs', 'Jacynthe_Shields48@yahoo.com', 'Bridget', 'submitted', NULL, NULL);
INSERT INTO bid (ct_email, ct_price, start_date, end_date, is_cash, transport_method, pet_owner, pet_name, bid_status, feedback, rating) VALUES ('Nelson.Krajcik63@yahoo.com', 11, '2020-12-15T14:38:36.821Z', '2020-12-16T18:08:01.380Z', true, 'delivery', 'Edgar_Lesch@yahoo.com', 'Darrin', 'submitted', NULL, NULL);
INSERT INTO bid (ct_email, ct_price, start_date, end_date, is_cash, transport_method, pet_owner, pet_name, bid_status, feedback, rating) VALUES ('Noelia_Effertz@gmail.com', 16, '2020-12-15T14:38:36.821Z', '2020-12-16T18:08:01.380Z', true, 'pcs', 'Domenica.Mueller73@hotmail.com', 'Brent', 'submitted', NULL, NULL);
INSERT INTO bid (ct_email, ct_price, start_date, end_date, is_cash, transport_method, pet_owner, pet_name, bid_status, feedback, rating) VALUES ('Amy49@gmail.com', 7, '2020-12-15T14:38:36.821Z', '2020-12-16T18:08:01.380Z', true, 'delivery', 'Joaquin.Terry@hotmail.com', 'Wanda', 'submitted', NULL, NULL);
INSERT INTO bid (ct_email, ct_price, start_date, end_date, is_cash, transport_method, pet_owner, pet_name, bid_status, feedback, rating) VALUES ('Kailey.Schoen83@hotmail.com', 13, '2020-12-15T14:38:36.821Z', '2020-12-16T18:08:01.380Z', true, 'pcs', 'Juliana87@hotmail.com', 'London', 'submitted', NULL, NULL);
INSERT INTO bid (ct_email, ct_price, start_date, end_date, is_cash, transport_method, pet_owner, pet_name, bid_status, feedback, rating) VALUES ('Diana.Mueller92@gmail.com', 2, '2020-12-15T14:38:36.821Z', '2020-12-16T18:08:01.380Z', true, 'pcs', 'Adolfo59@gmail.com', 'Lyda', 'submitted', NULL, NULL);
INSERT INTO bid (ct_email, ct_price, start_date, end_date, is_cash, transport_method, pet_owner, pet_name, bid_status, feedback, rating) VALUES ('Leonel_Schuppe91@hotmail.com', 11, '2020-12-15T14:38:36.821Z', '2020-12-16T18:08:01.380Z', true, 'delivery', 'Alexzander31@hotmail.com', 'Electa', 'submitted', NULL, NULL);
INSERT INTO bid (ct_email, ct_price, start_date, end_date, is_cash, transport_method, pet_owner, pet_name, bid_status, feedback, rating) VALUES ('Kevin.Graham@gmail.com', 10, '2020-12-15T14:38:36.821Z', '2020-12-16T18:08:01.380Z', true, 'pickup', 'Candace_Terry29@hotmail.com', 'Martina', 'submitted', NULL, NULL);
INSERT INTO bid (ct_email, ct_price, start_date, end_date, is_cash, transport_method, pet_owner, pet_name, bid_status, feedback, rating) VALUES ('Lulu15@gmail.com', 17, '2020-12-15T14:38:36.821Z', '2020-12-16T18:08:01.380Z', true, 'pickup', 'Vicente63@gmail.com', 'Alejandra', 'submitted', NULL, NULL);
INSERT INTO bid (ct_email, ct_price, start_date, end_date, is_cash, transport_method, pet_owner, pet_name, bid_status, feedback, rating) VALUES ('Emelia12@yahoo.com', 19, '2020-12-15T14:38:36.821Z', '2020-12-16T18:08:01.380Z', true, 'pickup', 'Billie86@gmail.com', 'Keely', 'submitted', NULL, NULL);
INSERT INTO bid (ct_email, ct_price, start_date, end_date, is_cash, transport_method, pet_owner, pet_name, bid_status, feedback, rating) VALUES ('Adolfo59@gmail.com', 20, '2020-12-15T14:38:36.821Z', '2020-12-16T18:08:01.380Z', true, 'pickup', 'Sarina42@gmail.com', 'Raegan', 'submitted', NULL, NULL);
INSERT INTO bid (ct_email, ct_price, start_date, end_date, is_cash, transport_method, pet_owner, pet_name, bid_status, feedback, rating) VALUES ('Heloise.Dietrich61@gmail.com', 2, '2020-12-15T14:38:36.821Z', '2020-12-16T18:08:01.380Z', true, 'pcs', 'Clinton_Bins@yahoo.com', 'Murphy', 'submitted', NULL, NULL);
INSERT INTO bid (ct_email, ct_price, start_date, end_date, is_cash, transport_method, pet_owner, pet_name, bid_status, feedback, rating) VALUES ('Juliet_Greenholt@hotmail.com', 7, '2020-12-15T14:38:36.821Z', '2020-12-16T18:08:01.380Z', true, 'delivery', 'Dale_Breitenberg@gmail.com', 'Mafalda', 'submitted', NULL, NULL);
INSERT INTO bid (ct_email, ct_price, start_date, end_date, is_cash, transport_method, pet_owner, pet_name, bid_status, feedback, rating) VALUES ('Brendon_Beer49@gmail.com', 7, '2020-12-15T14:38:36.821Z', '2020-12-16T18:08:01.380Z', true, 'delivery', 'Durward.Johnston99@gmail.com', 'Roosevelt', 'submitted', NULL, NULL);
INSERT INTO bid (ct_email, ct_price, start_date, end_date, is_cash, transport_method, pet_owner, pet_name, bid_status, feedback, rating) VALUES ('Cordia_Haag@gmail.com', 12, '2020-12-15T14:38:36.821Z', '2020-12-16T18:08:01.380Z', true, 'delivery', 'Margarita.Hermiston@yahoo.com', 'Sophie', 'submitted', NULL, NULL);
INSERT INTO bid (ct_email, ct_price, start_date, end_date, is_cash, transport_method, pet_owner, pet_name, bid_status, feedback, rating) VALUES ('Adella32@yahoo.com', 5, '2020-12-15T14:38:36.821Z', '2020-12-16T18:08:01.380Z', true, 'pcs', 'Guadalupe47@hotmail.com', 'Deanna', 'submitted', NULL, NULL);
INSERT INTO bid (ct_email, ct_price, start_date, end_date, is_cash, transport_method, pet_owner, pet_name, bid_status, feedback, rating) VALUES ('Garrett.Greenholt32@gmail.com', 20, '2020-12-15T14:38:36.821Z', '2020-12-16T18:08:01.380Z', true, 'pcs', 'Mable_Daugherty99@hotmail.com', 'Deshawn', 'submitted', NULL, NULL);
INSERT INTO bid (ct_email, ct_price, start_date, end_date, is_cash, transport_method, pet_owner, pet_name, bid_status, feedback, rating) VALUES ('Katarina18@yahoo.com', 17, '2020-12-15T14:38:36.821Z', '2020-12-16T18:08:01.380Z', true, 'pickup', 'Charlotte8@hotmail.com', 'Tristian', 'submitted', NULL, NULL);
INSERT INTO bid (ct_email, ct_price, start_date, end_date, is_cash, transport_method, pet_owner, pet_name, bid_status, feedback, rating) VALUES ('Ada18@gmail.com', 14, '2020-12-15T14:38:36.821Z', '2020-12-16T18:08:01.380Z', true, 'pcs', 'Keshawn_Predovic@yahoo.com', 'Vada', 'submitted', NULL, NULL);
INSERT INTO bid (ct_email, ct_price, start_date, end_date, is_cash, transport_method, pet_owner, pet_name, bid_status, feedback, rating) VALUES ('Leila19@gmail.com', 8, '2020-12-15T14:38:36.821Z', '2020-12-16T18:08:01.380Z', true, 'pcs', 'Kailey.Schoen83@hotmail.com', 'Leonora', 'submitted', NULL, NULL);
INSERT INTO bid (ct_email, ct_price, start_date, end_date, is_cash, transport_method, pet_owner, pet_name, bid_status, feedback, rating) VALUES ('Kris.Predovic@hotmail.com', 2, '2020-12-15T14:38:36.821Z', '2020-12-16T18:08:01.380Z', true, 'delivery', 'Adriel65@gmail.com', 'Junius', 'submitted', NULL, NULL);
INSERT INTO bid (ct_email, ct_price, start_date, end_date, is_cash, transport_method, pet_owner, pet_name, bid_status, feedback, rating) VALUES ('Joyce79@gmail.com', 20, '2020-12-15T14:38:36.821Z', '2020-12-16T18:08:01.380Z', true, 'pickup', 'Yasmine_Jenkins69@gmail.com', 'Jarrett', 'submitted', NULL, NULL);
INSERT INTO bid (ct_email, ct_price, start_date, end_date, is_cash, transport_method, pet_owner, pet_name, bid_status, feedback, rating) VALUES ('Alfreda_Kilback89@gmail.com', 20, '2020-12-15T14:38:36.821Z', '2020-12-16T18:08:01.380Z', true, 'pcs', 'Precious69@yahoo.com', 'Wyman', 'submitted', NULL, NULL);
INSERT INTO bid (ct_email, ct_price, start_date, end_date, is_cash, transport_method, pet_owner, pet_name, bid_status, feedback, rating) VALUES ('Kassandra_Ratke92@gmail.com', 14, '2020-12-15T14:38:36.821Z', '2020-12-16T18:08:01.380Z', true, 'delivery', 'Pearlie_Koch1@yahoo.com', 'Keshawn', 'submitted', NULL, NULL);
INSERT INTO bid (ct_email, ct_price, start_date, end_date, is_cash, transport_method, pet_owner, pet_name, bid_status, feedback, rating) VALUES ('Sarina42@gmail.com', 3, '2020-12-15T14:38:36.821Z', '2020-12-16T18:08:01.380Z', true, 'delivery', 'Christiana_OConner19@hotmail.com', 'Cecelia', 'submitted', NULL, NULL);
INSERT INTO bid (ct_email, ct_price, start_date, end_date, is_cash, transport_method, pet_owner, pet_name, bid_status, feedback, rating) VALUES ('Aimee.Doyle@yahoo.com', 14, '2020-12-17T18:08:01.380Z', '2020-12-18T14:48:49.991Z', true, 'pickup', 'Clark.Terry57@gmail.com', 'Ines', 'submitted', NULL, NULL);
INSERT INTO bid (ct_email, ct_price, start_date, end_date, is_cash, transport_method, pet_owner, pet_name, bid_status, feedback, rating) VALUES ('Carson.Volkman@yahoo.com', 17, '2020-12-17T18:08:01.380Z', '2020-12-18T14:48:49.991Z', true, 'pickup', 'Marjory22@yahoo.com', 'Glennie', 'submitted', NULL, NULL);
INSERT INTO bid (ct_email, ct_price, start_date, end_date, is_cash, transport_method, pet_owner, pet_name, bid_status, feedback, rating) VALUES ('Marta_Robel22@yahoo.com', 1, '2020-12-17T18:08:01.380Z', '2020-12-18T14:48:49.991Z', true, 'pickup', 'Elwyn.Hoeger89@gmail.com', 'Tyrell', 'submitted', NULL, NULL);
INSERT INTO bid (ct_email, ct_price, start_date, end_date, is_cash, transport_method, pet_owner, pet_name, bid_status, feedback, rating) VALUES ('Alva78@hotmail.com', 3, '2020-12-17T18:08:01.380Z', '2020-12-18T14:48:49.991Z', true, 'delivery', 'Westley_Hyatt@yahoo.com', 'Matilda', 'submitted', NULL, NULL);
INSERT INTO bid (ct_email, ct_price, start_date, end_date, is_cash, transport_method, pet_owner, pet_name, bid_status, feedback, rating) VALUES ('Clair_Wisozk23@gmail.com', 17, '2020-12-17T18:08:01.380Z', '2020-12-18T14:48:49.991Z', true, 'pcs', 'Albertha_Hills66@yahoo.com', 'Eladio', 'submitted', NULL, NULL);
INSERT INTO bid (ct_email, ct_price, start_date, end_date, is_cash, transport_method, pet_owner, pet_name, bid_status, feedback, rating) VALUES ('Ferne_Jacobi51@gmail.com', 15, '2020-12-17T18:08:01.380Z', '2020-12-18T14:48:49.991Z', true, 'pickup', 'Tyler20@gmail.com', 'Allie', 'submitted', NULL, NULL);
INSERT INTO bid (ct_email, ct_price, start_date, end_date, is_cash, transport_method, pet_owner, pet_name, bid_status, feedback, rating) VALUES ('Filomena.Toy90@yahoo.com', 0, '2020-12-17T18:08:01.380Z', '2020-12-18T14:48:49.991Z', true, 'pickup', 'Antonia.Gleason20@yahoo.com', 'Paolo', 'submitted', NULL, NULL);
INSERT INTO bid (ct_email, ct_price, start_date, end_date, is_cash, transport_method, pet_owner, pet_name, bid_status, feedback, rating) VALUES ('Assunta_Leuschke1@yahoo.com', 12, '2020-12-17T18:08:01.380Z', '2020-12-18T14:48:49.991Z', true, 'pcs', 'Domenica_Ondricka1@gmail.com', 'Lilliana', 'submitted', NULL, NULL);
INSERT INTO bid (ct_email, ct_price, start_date, end_date, is_cash, transport_method, pet_owner, pet_name, bid_status, feedback, rating) VALUES ('Lucio76@gmail.com', 19, '2020-12-17T18:08:01.380Z', '2020-12-18T14:48:49.991Z', true, 'pickup', 'Cordia_Renner15@gmail.com', 'Bo', 'submitted', NULL, NULL);
INSERT INTO bid (ct_email, ct_price, start_date, end_date, is_cash, transport_method, pet_owner, pet_name, bid_status, feedback, rating) VALUES ('Marietta15@gmail.com', 20, '2020-12-17T18:08:01.380Z', '2020-12-18T14:48:49.991Z', true, 'pcs', 'Amalia_Miller@yahoo.com', 'Kallie', 'submitted', NULL, NULL);
INSERT INTO bid (ct_email, ct_price, start_date, end_date, is_cash, transport_method, pet_owner, pet_name, bid_status, feedback, rating) VALUES ('Juliana.Waters@yahoo.com', 9, '2020-12-17T18:08:01.380Z', '2020-12-18T14:48:49.991Z', true, 'pickup', 'Susie.Fritsch@yahoo.com', 'Katlynn', 'submitted', NULL, NULL);
INSERT INTO bid (ct_email, ct_price, start_date, end_date, is_cash, transport_method, pet_owner, pet_name, bid_status, feedback, rating) VALUES ('Nicklaus.Von22@gmail.com', 16, '2020-12-17T18:08:01.380Z', '2020-12-18T14:48:49.991Z', true, 'pickup', 'Brittany.Price57@gmail.com', 'Jasen', 'submitted', NULL, NULL);
INSERT INTO bid (ct_email, ct_price, start_date, end_date, is_cash, transport_method, pet_owner, pet_name, bid_status, feedback, rating) VALUES ('Julius.Hills@yahoo.com', 1, '2020-12-17T18:08:01.380Z', '2020-12-18T14:48:49.991Z', true, 'pickup', 'German65@hotmail.com', 'Annetta', 'submitted', NULL, NULL);
INSERT INTO bid (ct_email, ct_price, start_date, end_date, is_cash, transport_method, pet_owner, pet_name, bid_status, feedback, rating) VALUES ('Emory_Lang77@yahoo.com', 0, '2020-12-17T18:08:01.380Z', '2020-12-18T14:48:49.991Z', true, 'pcs', 'Dalton38@gmail.com', 'Axel', 'submitted', NULL, NULL);
INSERT INTO bid (ct_email, ct_price, start_date, end_date, is_cash, transport_method, pet_owner, pet_name, bid_status, feedback, rating) VALUES ('Megane_Schoen24@yahoo.com', 12, '2020-12-17T18:08:01.380Z', '2020-12-18T14:48:49.991Z', true, 'pcs', 'Garry88@gmail.com', 'Lee', 'submitted', NULL, NULL);
INSERT INTO bid (ct_email, ct_price, start_date, end_date, is_cash, transport_method, pet_owner, pet_name, bid_status, feedback, rating) VALUES ('Elmore74@gmail.com', 6, '2020-12-17T18:08:01.380Z', '2020-12-18T14:48:49.991Z', true, 'pcs', 'Torrance49@hotmail.com', 'Concepcion', 'submitted', NULL, NULL);
INSERT INTO bid (ct_email, ct_price, start_date, end_date, is_cash, transport_method, pet_owner, pet_name, bid_status, feedback, rating) VALUES ('Trudie55@hotmail.com', 18, '2020-12-17T18:08:01.380Z', '2020-12-18T14:48:49.991Z', true, 'pcs', 'Taurean.Wilderman@gmail.com', 'Keely', 'submitted', NULL, NULL);
INSERT INTO bid (ct_email, ct_price, start_date, end_date, is_cash, transport_method, pet_owner, pet_name, bid_status, feedback, rating) VALUES ('Kaya.Miller@hotmail.com', 20, '2020-12-17T18:08:01.380Z', '2020-12-18T14:48:49.991Z', true, 'pcs', 'Miller_Keebler@yahoo.com', 'Frank', 'submitted', NULL, NULL);
INSERT INTO bid (ct_email, ct_price, start_date, end_date, is_cash, transport_method, pet_owner, pet_name, bid_status, feedback, rating) VALUES ('Christ99@yahoo.com', 10, '2020-12-17T18:08:01.380Z', '2020-12-18T14:48:49.991Z', true, 'delivery', 'Dante.King90@yahoo.com', 'Maryjane', 'submitted', NULL, NULL);
INSERT INTO bid (ct_email, ct_price, start_date, end_date, is_cash, transport_method, pet_owner, pet_name, bid_status, feedback, rating) VALUES ('Heath_Harris@yahoo.com', 20, '2020-12-17T18:08:01.380Z', '2020-12-18T14:48:49.991Z', true, 'delivery', 'Jimmy_Bednar49@hotmail.com', 'Brooke', 'submitted', NULL, NULL);
INSERT INTO bid (ct_email, ct_price, start_date, end_date, is_cash, transport_method, pet_owner, pet_name, bid_status, feedback, rating) VALUES ('Marianne90@yahoo.com', 17, '2020-12-17T18:08:01.380Z', '2020-12-18T14:48:49.991Z', true, 'delivery', 'Rossie.Heidenreich65@gmail.com', 'Hester', 'submitted', NULL, NULL);
INSERT INTO bid (ct_email, ct_price, start_date, end_date, is_cash, transport_method, pet_owner, pet_name, bid_status, feedback, rating) VALUES ('Flavie_Pacocha7@yahoo.com', 10, '2020-12-17T18:08:01.380Z', '2020-12-18T14:48:49.991Z', true, 'pcs', 'Gracie_Moore13@gmail.com', 'Mariah', 'submitted', NULL, NULL);
INSERT INTO bid (ct_email, ct_price, start_date, end_date, is_cash, transport_method, pet_owner, pet_name, bid_status, feedback, rating) VALUES ('Reynold30@gmail.com', 9, '2020-12-17T18:08:01.380Z', '2020-12-18T14:48:49.991Z', true, 'pickup', 'Maryjane_Orn76@hotmail.com', 'Dewayne', 'submitted', NULL, NULL);
INSERT INTO bid (ct_email, ct_price, start_date, end_date, is_cash, transport_method, pet_owner, pet_name, bid_status, feedback, rating) VALUES ('Marietta_Paucek@yahoo.com', 19, '2020-12-17T18:08:01.380Z', '2020-12-18T14:48:49.991Z', true, 'pcs', 'Filomena.Toy90@yahoo.com', 'Howell', 'submitted', NULL, NULL);
INSERT INTO bid (ct_email, ct_price, start_date, end_date, is_cash, transport_method, pet_owner, pet_name, bid_status, feedback, rating) VALUES ('Christiana_OConner19@hotmail.com', 2, '2020-12-17T18:08:01.380Z', '2020-12-18T14:48:49.991Z', true, 'pcs', 'Cheyanne_Cronin97@gmail.com', 'Bulah', 'submitted', NULL, NULL);
INSERT INTO bid (ct_email, ct_price, start_date, end_date, is_cash, transport_method, pet_owner, pet_name, bid_status, feedback, rating) VALUES ('Kristoffer_Welch13@yahoo.com', 1, '2020-12-17T18:08:01.380Z', '2020-12-18T14:48:49.991Z', true, 'delivery', 'Josue.Bartell@yahoo.com', 'Jamaal', 'submitted', NULL, NULL);
INSERT INTO bid (ct_email, ct_price, start_date, end_date, is_cash, transport_method, pet_owner, pet_name, bid_status, feedback, rating) VALUES ('Verna2@yahoo.com', 17, '2020-12-17T18:08:01.380Z', '2020-12-18T14:48:49.991Z', true, 'pcs', 'Eldon.Gislason@gmail.com', 'Jeremy', 'submitted', NULL, NULL);
INSERT INTO bid (ct_email, ct_price, start_date, end_date, is_cash, transport_method, pet_owner, pet_name, bid_status, feedback, rating) VALUES ('Jesus.Haag@hotmail.com', 11, '2020-12-17T18:08:01.380Z', '2020-12-18T14:48:49.991Z', true, 'pickup', 'Raphael78@hotmail.com', 'Lydia', 'submitted', NULL, NULL);
INSERT INTO bid (ct_email, ct_price, start_date, end_date, is_cash, transport_method, pet_owner, pet_name, bid_status, feedback, rating) VALUES ('Joey74@gmail.com', 6, '2020-12-17T18:08:01.380Z', '2020-12-18T14:48:49.991Z', true, 'pcs', 'Alanna_Beier38@gmail.com', 'Bailee', 'submitted', NULL, NULL);
INSERT INTO bid (ct_email, ct_price, start_date, end_date, is_cash, transport_method, pet_owner, pet_name, bid_status, feedback, rating) VALUES ('Lukas.Mayer16@gmail.com', 8, '2020-12-17T18:08:01.380Z', '2020-12-18T14:48:49.991Z', true, 'delivery', 'Alverta40@gmail.com', 'Tina', 'submitted', NULL, NULL);
INSERT INTO bid (ct_email, ct_price, start_date, end_date, is_cash, transport_method, pet_owner, pet_name, bid_status, feedback, rating) VALUES ('Breanna80@yahoo.com', 3, '2020-12-17T18:08:01.380Z', '2020-12-18T14:48:49.991Z', true, 'pcs', 'Alison_Jaskolski@hotmail.com', 'Pietro', 'submitted', NULL, NULL);
INSERT INTO bid (ct_email, ct_price, start_date, end_date, is_cash, transport_method, pet_owner, pet_name, bid_status, feedback, rating) VALUES ('Cassidy_Kovacek@yahoo.com', 4, '2020-12-17T18:08:01.380Z', '2020-12-18T14:48:49.991Z', true, 'pickup', 'Alva78@hotmail.com', 'Elody', 'submitted', NULL, NULL);
INSERT INTO bid (ct_email, ct_price, start_date, end_date, is_cash, transport_method, pet_owner, pet_name, bid_status, feedback, rating) VALUES ('Junius.Hayes76@hotmail.com', 7, '2020-12-17T18:08:01.380Z', '2020-12-18T14:48:49.991Z', true, 'pickup', 'Javonte90@yahoo.com', 'Darian', 'submitted', NULL, NULL);
INSERT INTO bid (ct_email, ct_price, start_date, end_date, is_cash, transport_method, pet_owner, pet_name, bid_status, feedback, rating) VALUES ('Shannon74@yahoo.com', 6, '2020-12-17T18:08:01.380Z', '2020-12-18T14:48:49.991Z', true, 'pcs', 'Max_Witting@yahoo.com', 'Felix', 'submitted', NULL, NULL);
INSERT INTO bid (ct_email, ct_price, start_date, end_date, is_cash, transport_method, pet_owner, pet_name, bid_status, feedback, rating) VALUES ('Erika_OHara@gmail.com', 8, '2020-12-17T18:08:01.380Z', '2020-12-18T14:48:49.991Z', true, 'pickup', 'Leon_Kulas@yahoo.com', 'Selina', 'submitted', NULL, NULL);
INSERT INTO bid (ct_email, ct_price, start_date, end_date, is_cash, transport_method, pet_owner, pet_name, bid_status, feedback, rating) VALUES ('Ashlee75@hotmail.com', 9, '2020-12-17T18:08:01.380Z', '2020-12-18T14:48:49.991Z', true, 'delivery', 'Kris.Predovic@hotmail.com', 'Gwendolyn', 'submitted', NULL, NULL);
INSERT INTO bid (ct_email, ct_price, start_date, end_date, is_cash, transport_method, pet_owner, pet_name, bid_status, feedback, rating) VALUES ('Domenica_Ondricka1@gmail.com', 2, '2020-12-17T18:08:01.380Z', '2020-12-18T14:48:49.991Z', true, 'pcs', 'Wilford42@hotmail.com', 'Willy', 'submitted', NULL, NULL);
INSERT INTO bid (ct_email, ct_price, start_date, end_date, is_cash, transport_method, pet_owner, pet_name, bid_status, feedback, rating) VALUES ('Nedra.Durgan24@gmail.com', 17, '2020-12-17T18:08:01.380Z', '2020-12-18T14:48:49.991Z', true, 'delivery', 'Lexie_MacGyver65@hotmail.com', 'Jalyn', 'submitted', NULL, NULL);
INSERT INTO bid (ct_email, ct_price, start_date, end_date, is_cash, transport_method, pet_owner, pet_name, bid_status, feedback, rating) VALUES ('Ivah10@gmail.com', 3, '2020-12-17T18:08:01.380Z', '2020-12-18T14:48:49.991Z', true, 'pcs', 'Dorothy.Muller@yahoo.com', 'Nya', 'submitted', NULL, NULL);
INSERT INTO bid (ct_email, ct_price, start_date, end_date, is_cash, transport_method, pet_owner, pet_name, bid_status, feedback, rating) VALUES ('Brittany.Price57@gmail.com', 6, '2020-12-17T18:08:01.380Z', '2020-12-18T14:48:49.991Z', true, 'pcs', 'Candace_Terry29@hotmail.com', 'Martina', 'submitted', NULL, NULL);
INSERT INTO bid (ct_email, ct_price, start_date, end_date, is_cash, transport_method, pet_owner, pet_name, bid_status, feedback, rating) VALUES ('Bertha_Will@yahoo.com', 5, '2020-12-17T18:08:01.380Z', '2020-12-18T14:48:49.991Z', true, 'delivery', 'Colten_Ernser81@gmail.com', 'Ayla', 'submitted', NULL, NULL);
INSERT INTO bid (ct_email, ct_price, start_date, end_date, is_cash, transport_method, pet_owner, pet_name, bid_status, feedback, rating) VALUES ('Milton_Marvin81@gmail.com', 12, '2020-12-17T18:08:01.380Z', '2020-12-18T14:48:49.991Z', true, 'delivery', 'Adriana28@gmail.com', 'Brayan', 'submitted', NULL, NULL);
INSERT INTO bid (ct_email, ct_price, start_date, end_date, is_cash, transport_method, pet_owner, pet_name, bid_status, feedback, rating) VALUES ('Alda.Prosacco74@yahoo.com', 1, '2020-12-17T18:08:01.380Z', '2020-12-18T14:48:49.991Z', true, 'pcs', 'Alene.OConner24@hotmail.com', 'Malika', 'submitted', NULL, NULL);
INSERT INTO bid (ct_email, ct_price, start_date, end_date, is_cash, transport_method, pet_owner, pet_name, bid_status, feedback, rating) VALUES ('Henderson_Fritsch@hotmail.com', 5, '2020-12-17T18:08:01.380Z', '2020-12-18T14:48:49.991Z', true, 'pickup', 'Hailie_Stracke@hotmail.com', 'Lavina', 'submitted', NULL, NULL);
INSERT INTO bid (ct_email, ct_price, start_date, end_date, is_cash, transport_method, pet_owner, pet_name, bid_status, feedback, rating) VALUES ('Kamren_Heathcote@hotmail.com', 6, '2020-12-17T18:08:01.380Z', '2020-12-18T14:48:49.991Z', true, 'pcs', 'Jalen.Kunde45@hotmail.com', 'Gudrun', 'submitted', NULL, NULL);
INSERT INTO bid (ct_email, ct_price, start_date, end_date, is_cash, transport_method, pet_owner, pet_name, bid_status, feedback, rating) VALUES ('Annamae4@hotmail.com', 19, '2020-12-17T18:08:01.380Z', '2020-12-18T14:48:49.991Z', true, 'pickup', 'Abelardo_Stamm@gmail.com', 'Derick', 'submitted', NULL, NULL);
INSERT INTO bid (ct_email, ct_price, start_date, end_date, is_cash, transport_method, pet_owner, pet_name, bid_status, feedback, rating) VALUES ('Trevor40@gmail.com', 1, '2020-12-17T18:08:01.380Z', '2020-12-18T14:48:49.991Z', true, 'delivery', 'Doyle_Kuhlman@yahoo.com', 'Alden', 'submitted', NULL, NULL);
INSERT INTO bid (ct_email, ct_price, start_date, end_date, is_cash, transport_method, pet_owner, pet_name, bid_status, feedback, rating) VALUES ('Margarita.Hermiston@yahoo.com', 13, '2020-12-17T18:08:01.380Z', '2020-12-18T14:48:49.991Z', true, 'pcs', 'Angelita_Herman70@hotmail.com', 'Aileen', 'submitted', NULL, NULL);
INSERT INTO bid (ct_email, ct_price, start_date, end_date, is_cash, transport_method, pet_owner, pet_name, bid_status, feedback, rating) VALUES ('Sigurd.Walter@gmail.com', 9, '2020-12-17T18:08:01.380Z', '2020-12-18T14:48:49.991Z', true, 'pcs', 'Creola_Powlowski43@gmail.com', 'Allene', 'submitted', NULL, NULL);
INSERT INTO bid (ct_email, ct_price, start_date, end_date, is_cash, transport_method, pet_owner, pet_name, bid_status, feedback, rating) VALUES ('Devante.Dickinson74@yahoo.com', 18, '2020-12-17T18:08:01.380Z', '2020-12-18T14:48:49.991Z', true, 'pickup', 'Dorothy_Kuhn82@yahoo.com', 'Liana', 'submitted', NULL, NULL);
INSERT INTO bid (ct_email, ct_price, start_date, end_date, is_cash, transport_method, pet_owner, pet_name, bid_status, feedback, rating) VALUES ('Eleanore34@hotmail.com', 17, '2020-12-17T18:08:01.380Z', '2020-12-18T14:48:49.991Z', true, 'pickup', 'Kailey72@yahoo.com', 'Leonie', 'submitted', NULL, NULL);
INSERT INTO bid (ct_email, ct_price, start_date, end_date, is_cash, transport_method, pet_owner, pet_name, bid_status, feedback, rating) VALUES ('Jermey63@hotmail.com', 18, '2020-12-17T18:08:01.380Z', '2020-12-18T14:48:49.991Z', true, 'pcs', 'Annetta_Schneider@yahoo.com', 'Earnestine', 'submitted', NULL, NULL);
INSERT INTO bid (ct_email, ct_price, start_date, end_date, is_cash, transport_method, pet_owner, pet_name, bid_status, feedback, rating) VALUES ('Joan69@hotmail.com', 6, '2020-12-17T18:08:01.380Z', '2020-12-18T14:48:49.991Z', true, 'delivery', 'Alessia88@hotmail.com', 'Myron', 'submitted', NULL, NULL);
INSERT INTO bid (ct_email, ct_price, start_date, end_date, is_cash, transport_method, pet_owner, pet_name, bid_status, feedback, rating) VALUES ('Reba.Maggio@yahoo.com', 8, '2020-12-17T18:08:01.380Z', '2020-12-18T14:48:49.991Z', true, 'pickup', 'Shannon74@yahoo.com', 'Jefferey', 'submitted', NULL, NULL);
INSERT INTO bid (ct_email, ct_price, start_date, end_date, is_cash, transport_method, pet_owner, pet_name, bid_status, feedback, rating) VALUES ('Jennifer94@gmail.com', 13, '2020-12-17T18:08:01.380Z', '2020-12-18T14:48:49.991Z', true, 'pickup', 'Francis.Tillman92@yahoo.com', 'Ford', 'submitted', NULL, NULL);
INSERT INTO bid (ct_email, ct_price, start_date, end_date, is_cash, transport_method, pet_owner, pet_name, bid_status, feedback, rating) VALUES ('Odessa62@hotmail.com', 11, '2020-12-17T18:08:01.380Z', '2020-12-18T14:48:49.991Z', true, 'delivery', 'Isaac_Blanda@gmail.com', 'Jon', 'submitted', NULL, NULL);
INSERT INTO bid (ct_email, ct_price, start_date, end_date, is_cash, transport_method, pet_owner, pet_name, bid_status, feedback, rating) VALUES ('Katherine.Johnson89@gmail.com', 1, '2020-12-17T18:08:01.380Z', '2020-12-18T14:48:49.991Z', true, 'pcs', 'Emmet_Blanda@yahoo.com', 'Cooper', 'submitted', NULL, NULL);
INSERT INTO bid (ct_email, ct_price, start_date, end_date, is_cash, transport_method, pet_owner, pet_name, bid_status, feedback, rating) VALUES ('Lillie_Barton@hotmail.com', 20, '2020-12-17T18:08:01.380Z', '2020-12-18T14:48:49.991Z', true, 'pcs', 'Adah9@hotmail.com', 'Geovany', 'submitted', NULL, NULL);
INSERT INTO bid (ct_email, ct_price, start_date, end_date, is_cash, transport_method, pet_owner, pet_name, bid_status, feedback, rating) VALUES ('Newell_Paucek40@gmail.com', 10, '2020-12-17T18:08:01.380Z', '2020-12-18T14:48:49.991Z', true, 'pcs', 'Bud_Crooks@yahoo.com', 'Concepcion', 'submitted', NULL, NULL);
INSERT INTO bid (ct_email, ct_price, start_date, end_date, is_cash, transport_method, pet_owner, pet_name, bid_status, feedback, rating) VALUES ('Rosalinda30@yahoo.com', 3, '2020-12-17T18:08:01.380Z', '2020-12-18T14:48:49.991Z', true, 'delivery', 'Rahsaan_Kunde73@hotmail.com', 'Jo', 'submitted', NULL, NULL);
INSERT INTO bid (ct_email, ct_price, start_date, end_date, is_cash, transport_method, pet_owner, pet_name, bid_status, feedback, rating) VALUES ('Jerod24@gmail.com', 3, '2020-12-17T18:08:01.380Z', '2020-12-18T14:48:49.991Z', true, 'pickup', 'Preston_Homenick@gmail.com', 'Larue', 'submitted', NULL, NULL);
INSERT INTO bid (ct_email, ct_price, start_date, end_date, is_cash, transport_method, pet_owner, pet_name, bid_status, feedback, rating) VALUES ('Peter.Aufderhar37@hotmail.com', 10, '2020-12-17T18:08:01.380Z', '2020-12-18T14:48:49.991Z', true, 'pickup', 'Kasey32@gmail.com', 'Meta', 'submitted', NULL, NULL);
INSERT INTO bid (ct_email, ct_price, start_date, end_date, is_cash, transport_method, pet_owner, pet_name, bid_status, feedback, rating) VALUES ('Alfonso_Wiza85@yahoo.com', 5, '2020-12-17T18:08:01.380Z', '2020-12-18T14:48:49.991Z', true, 'pickup', 'Antwan56@yahoo.com', 'Garett', 'submitted', NULL, NULL);
INSERT INTO bid (ct_email, ct_price, start_date, end_date, is_cash, transport_method, pet_owner, pet_name, bid_status, feedback, rating) VALUES ('Arno.Ferry74@yahoo.com', 3, '2020-12-17T18:08:01.380Z', '2020-12-18T14:48:49.991Z', true, 'pcs', 'Abelardo98@gmail.com', 'Susie', 'submitted', NULL, NULL);
INSERT INTO bid (ct_email, ct_price, start_date, end_date, is_cash, transport_method, pet_owner, pet_name, bid_status, feedback, rating) VALUES ('Fernando.Altenwerth18@yahoo.com', 18, '2020-12-17T18:08:01.380Z', '2020-12-18T14:48:49.991Z', true, 'delivery', 'Oleta45@hotmail.com', 'Roscoe', 'submitted', NULL, NULL);
INSERT INTO bid (ct_email, ct_price, start_date, end_date, is_cash, transport_method, pet_owner, pet_name, bid_status, feedback, rating) VALUES ('Rosamond_Franecki20@hotmail.com', 13, '2020-12-17T18:08:01.380Z', '2020-12-18T14:48:49.991Z', true, 'delivery', 'Thad_Lueilwitz@yahoo.com', 'Trinity', 'submitted', NULL, NULL);
INSERT INTO bid (ct_email, ct_price, start_date, end_date, is_cash, transport_method, pet_owner, pet_name, bid_status, feedback, rating) VALUES ('Tyler20@gmail.com', 1, '2020-12-17T18:08:01.380Z', '2020-12-18T14:48:49.991Z', true, 'delivery', 'Sherman.Brown51@hotmail.com', 'Pansy', 'submitted', NULL, NULL);
INSERT INTO bid (ct_email, ct_price, start_date, end_date, is_cash, transport_method, pet_owner, pet_name, bid_status, feedback, rating) VALUES ('Torrance49@hotmail.com', 15, '2020-12-17T18:08:01.380Z', '2020-12-18T14:48:49.991Z', true, 'pcs', 'Audrey_Davis21@yahoo.com', 'Marjorie', 'submitted', NULL, NULL);
INSERT INTO bid (ct_email, ct_price, start_date, end_date, is_cash, transport_method, pet_owner, pet_name, bid_status, feedback, rating) VALUES ('Bud_Crooks@yahoo.com', 2, '2020-12-17T18:08:01.380Z', '2020-12-18T14:48:49.991Z', true, 'pcs', 'Helene98@hotmail.com', 'Michael', 'submitted', NULL, NULL);
INSERT INTO bid (ct_email, ct_price, start_date, end_date, is_cash, transport_method, pet_owner, pet_name, bid_status, feedback, rating) VALUES ('Alyson.Hamill80@gmail.com', 16, '2020-12-17T18:08:01.380Z', '2020-12-18T14:48:49.991Z', true, 'delivery', 'Angie_Stanton@gmail.com', 'Laury', 'submitted', NULL, NULL);
INSERT INTO bid (ct_email, ct_price, start_date, end_date, is_cash, transport_method, pet_owner, pet_name, bid_status, feedback, rating) VALUES ('Reynold14@gmail.com', 10, '2020-12-17T18:08:01.380Z', '2020-12-18T14:48:49.991Z', true, 'delivery', 'Stephania.Hackett@gmail.com', 'Jared', 'submitted', NULL, NULL);
INSERT INTO bid (ct_email, ct_price, start_date, end_date, is_cash, transport_method, pet_owner, pet_name, bid_status, feedback, rating) VALUES ('Daphnee.Morissette@hotmail.com', 10, '2020-12-17T18:08:01.380Z', '2020-12-18T14:48:49.991Z', true, 'pcs', 'Kristian7@gmail.com', 'Minnie', 'submitted', NULL, NULL);
INSERT INTO bid (ct_email, ct_price, start_date, end_date, is_cash, transport_method, pet_owner, pet_name, bid_status, feedback, rating) VALUES ('Audrey.Hills@hotmail.com', 14, '2020-12-17T18:08:01.380Z', '2020-12-18T14:48:49.991Z', true, 'pcs', 'Heloise.Dietrich61@gmail.com', 'Gracie', 'submitted', NULL, NULL);
INSERT INTO bid (ct_email, ct_price, start_date, end_date, is_cash, transport_method, pet_owner, pet_name, bid_status, feedback, rating) VALUES ('Cali.Zboncak97@hotmail.com', 14, '2020-12-17T18:08:01.380Z', '2020-12-18T14:48:49.991Z', true, 'pickup', 'Bart_Glover@yahoo.com', 'Sigmund', 'submitted', NULL, NULL);
INSERT INTO bid (ct_email, ct_price, start_date, end_date, is_cash, transport_method, pet_owner, pet_name, bid_status, feedback, rating) VALUES ('Waino51@hotmail.com', 1, '2020-12-17T18:08:01.380Z', '2020-12-18T14:48:49.991Z', true, 'pcs', 'Layla.Harber64@yahoo.com', 'Kaleb', 'submitted', NULL, NULL);
INSERT INTO bid (ct_email, ct_price, start_date, end_date, is_cash, transport_method, pet_owner, pet_name, bid_status, feedback, rating) VALUES ('Annetta40@hotmail.com', 17, '2020-12-17T18:08:01.380Z', '2020-12-18T14:48:49.991Z', true, 'pcs', 'Angela_Heaney@gmail.com', 'Kylie', 'submitted', NULL, NULL);
INSERT INTO bid (ct_email, ct_price, start_date, end_date, is_cash, transport_method, pet_owner, pet_name, bid_status, feedback, rating) VALUES ('Cicero.Ondricka@gmail.com', 15, '2020-12-17T18:08:01.380Z', '2020-12-18T14:48:49.991Z', true, 'pcs', 'Eulah_Bechtelar@yahoo.com', 'Sophia', 'submitted', NULL, NULL);
INSERT INTO bid (ct_email, ct_price, start_date, end_date, is_cash, transport_method, pet_owner, pet_name, bid_status, feedback, rating) VALUES ('Sonny1@yahoo.com', 18, '2020-12-17T18:08:01.380Z', '2020-12-18T14:48:49.991Z', true, 'pickup', 'Aylin1@yahoo.com', 'Jaquan', 'submitted', NULL, NULL);
INSERT INTO bid (ct_email, ct_price, start_date, end_date, is_cash, transport_method, pet_owner, pet_name, bid_status, feedback, rating) VALUES ('Barbara.Mitchell36@gmail.com', 18, '2020-12-17T18:08:01.380Z', '2020-12-18T14:48:49.991Z', true, 'delivery', 'Marianne.Predovic99@gmail.com', 'Kathleen', 'submitted', NULL, NULL);
INSERT INTO bid (ct_email, ct_price, start_date, end_date, is_cash, transport_method, pet_owner, pet_name, bid_status, feedback, rating) VALUES ('Patsy39@hotmail.com', 10, '2020-12-17T18:08:01.380Z', '2020-12-18T14:48:49.991Z', true, 'delivery', 'Josie.Bailey@gmail.com', 'Justine', 'submitted', NULL, NULL);
INSERT INTO bid (ct_email, ct_price, start_date, end_date, is_cash, transport_method, pet_owner, pet_name, bid_status, feedback, rating) VALUES ('Dylan9@hotmail.com', 19, '2020-12-17T18:08:01.380Z', '2020-12-18T14:48:49.991Z', true, 'delivery', 'Jasen56@hotmail.com', 'Tomas', 'submitted', NULL, NULL);
INSERT INTO bid (ct_email, ct_price, start_date, end_date, is_cash, transport_method, pet_owner, pet_name, bid_status, feedback, rating) VALUES ('Kobe30@gmail.com', 14, '2020-12-17T18:08:01.380Z', '2020-12-18T14:48:49.991Z', true, 'pickup', 'Rebecca20@yahoo.com', 'Miguel', 'submitted', NULL, NULL);
INSERT INTO bid (ct_email, ct_price, start_date, end_date, is_cash, transport_method, pet_owner, pet_name, bid_status, feedback, rating) VALUES ('Clementina51@hotmail.com', 9, '2020-12-17T18:08:01.380Z', '2020-12-18T14:48:49.991Z', true, 'pcs', 'Vincent_Deckow88@gmail.com', 'Raoul', 'submitted', NULL, NULL);
INSERT INTO bid (ct_email, ct_price, start_date, end_date, is_cash, transport_method, pet_owner, pet_name, bid_status, feedback, rating) VALUES ('Josiah59@yahoo.com', 20, '2020-12-17T18:08:01.380Z', '2020-12-18T14:48:49.991Z', true, 'pcs', 'Sydney19@hotmail.com', 'Samantha', 'submitted', NULL, NULL);
INSERT INTO bid (ct_email, ct_price, start_date, end_date, is_cash, transport_method, pet_owner, pet_name, bid_status, feedback, rating) VALUES ('Thad_Lueilwitz@yahoo.com', 13, '2020-12-17T18:08:01.380Z', '2020-12-18T14:48:49.991Z', true, 'delivery', 'Darryl_Ward@hotmail.com', 'Elmira', 'submitted', NULL, NULL);
INSERT INTO bid (ct_email, ct_price, start_date, end_date, is_cash, transport_method, pet_owner, pet_name, bid_status, feedback, rating) VALUES ('Travis_Schiller@yahoo.com', 1, '2020-12-17T18:08:01.380Z', '2020-12-18T14:48:49.991Z', true, 'delivery', 'Karlie59@yahoo.com', 'Anastasia', 'submitted', NULL, NULL);
INSERT INTO bid (ct_email, ct_price, start_date, end_date, is_cash, transport_method, pet_owner, pet_name, bid_status, feedback, rating) VALUES ('Favian_Effertz@yahoo.com', 2, '2020-12-17T18:08:01.380Z', '2020-12-18T14:48:49.991Z', true, 'delivery', 'Nikko_Connelly@gmail.com', 'Marguerite', 'submitted', NULL, NULL);
INSERT INTO bid (ct_email, ct_price, start_date, end_date, is_cash, transport_method, pet_owner, pet_name, bid_status, feedback, rating) VALUES ('Furman_Ondricka@gmail.com', 14, '2020-12-17T18:08:01.380Z', '2020-12-18T14:48:49.991Z', true, 'delivery', 'Mariano54@gmail.com', 'Josefa', 'submitted', NULL, NULL);
INSERT INTO bid (ct_email, ct_price, start_date, end_date, is_cash, transport_method, pet_owner, pet_name, bid_status, feedback, rating) VALUES ('Florencio.Stamm@yahoo.com', 5, '2020-12-17T18:08:01.380Z', '2020-12-18T14:48:49.991Z', true, 'pickup', 'Nicklaus.Von22@gmail.com', 'Terry', 'submitted', NULL, NULL);
INSERT INTO bid (ct_email, ct_price, start_date, end_date, is_cash, transport_method, pet_owner, pet_name, bid_status, feedback, rating) VALUES ('Aliyah15@gmail.com', 12, '2020-12-17T18:08:01.380Z', '2020-12-18T14:48:49.991Z', true, 'delivery', 'Donato99@gmail.com', 'Dominic', 'submitted', NULL, NULL);
INSERT INTO bid (ct_email, ct_price, start_date, end_date, is_cash, transport_method, pet_owner, pet_name, bid_status, feedback, rating) VALUES ('Wilbert_Sawayn46@hotmail.com', 0, '2020-12-17T18:08:01.380Z', '2020-12-18T14:48:49.991Z', true, 'delivery', 'Jovanny43@yahoo.com', 'Archibald', 'submitted', NULL, NULL);
INSERT INTO bid (ct_email, ct_price, start_date, end_date, is_cash, transport_method, pet_owner, pet_name, bid_status, feedback, rating) VALUES ('Felix46@yahoo.com', 9, '2020-12-17T18:08:01.380Z', '2020-12-18T14:48:49.991Z', true, 'delivery', 'Garry_McGlynn16@gmail.com', 'Filiberto', 'submitted', NULL, NULL);
INSERT INTO bid (ct_email, ct_price, start_date, end_date, is_cash, transport_method, pet_owner, pet_name, bid_status, feedback, rating) VALUES ('Augusta.Wisozk26@yahoo.com', 14, '2020-12-17T18:08:01.380Z', '2020-12-18T14:48:49.991Z', true, 'pcs', 'Claudia.Heaney66@hotmail.com', 'Itzel', 'submitted', NULL, NULL);
INSERT INTO bid (ct_email, ct_price, start_date, end_date, is_cash, transport_method, pet_owner, pet_name, bid_status, feedback, rating) VALUES ('Jarod.Boyle@gmail.com', 2, '2020-12-17T18:08:01.380Z', '2020-12-18T14:48:49.991Z', true, 'pcs', 'Naomi_Abbott67@gmail.com', 'Hyman', 'submitted', NULL, NULL);
INSERT INTO bid (ct_email, ct_price, start_date, end_date, is_cash, transport_method, pet_owner, pet_name, bid_status, feedback, rating) VALUES ('Nyah90@gmail.com', 10, '2020-12-17T18:08:01.380Z', '2020-12-18T14:48:49.991Z', true, 'pcs', 'Gail_Weissnat@yahoo.com', 'Cletus', 'submitted', NULL, NULL);
INSERT INTO bid (ct_email, ct_price, start_date, end_date, is_cash, transport_method, pet_owner, pet_name, bid_status, feedback, rating) VALUES ('Jaunita_Borer@yahoo.com', 9, '2020-12-17T18:08:01.380Z', '2020-12-18T14:48:49.991Z', true, 'pcs', 'Alexzander31@hotmail.com', 'Electa', 'submitted', NULL, NULL);
INSERT INTO bid (ct_email, ct_price, start_date, end_date, is_cash, transport_method, pet_owner, pet_name, bid_status, feedback, rating) VALUES ('Kaci.Rolfson53@yahoo.com', 13, '2020-12-17T18:08:01.380Z', '2020-12-18T14:48:49.991Z', true, 'pickup', 'Katlynn96@hotmail.com', 'Jennyfer', 'submitted', NULL, NULL);
INSERT INTO bid (ct_email, ct_price, start_date, end_date, is_cash, transport_method, pet_owner, pet_name, bid_status, feedback, rating) VALUES ('Rebecca20@yahoo.com', 4, '2020-12-17T18:08:01.380Z', '2020-12-18T14:48:49.991Z', true, 'pcs', 'Kadin.Schuppe@hotmail.com', 'Niko', 'submitted', NULL, NULL);
INSERT INTO bid (ct_email, ct_price, start_date, end_date, is_cash, transport_method, pet_owner, pet_name, bid_status, feedback, rating) VALUES ('Elwyn.Hoeger89@gmail.com', 18, '2020-12-17T18:08:01.380Z', '2020-12-18T14:48:49.991Z', true, 'pickup', 'Katherine.Johnson89@gmail.com', 'Kiel', 'submitted', NULL, NULL);
INSERT INTO bid (ct_email, ct_price, start_date, end_date, is_cash, transport_method, pet_owner, pet_name, bid_status, feedback, rating) VALUES ('Darion43@gmail.com', 19, '2020-12-17T18:08:01.380Z', '2020-12-18T14:48:49.991Z', true, 'pcs', 'Kirsten_Trantow23@gmail.com', 'Wilfred', 'submitted', NULL, NULL);
INSERT INTO bid (ct_email, ct_price, start_date, end_date, is_cash, transport_method, pet_owner, pet_name, bid_status, feedback, rating) VALUES ('Lelah.Dare@hotmail.com', 7, '2020-12-17T18:08:01.380Z', '2020-12-18T14:48:49.991Z', true, 'delivery', 'Angeline.Wiza46@hotmail.com', 'Elta', 'submitted', NULL, NULL);
INSERT INTO bid (ct_email, ct_price, start_date, end_date, is_cash, transport_method, pet_owner, pet_name, bid_status, feedback, rating) VALUES ('Joaquin.Terry@hotmail.com', 12, '2020-12-17T18:08:01.380Z', '2020-12-18T14:48:49.991Z', true, 'pcs', 'Brenna17@gmail.com', 'Laron', 'submitted', NULL, NULL);
INSERT INTO bid (ct_email, ct_price, start_date, end_date, is_cash, transport_method, pet_owner, pet_name, bid_status, feedback, rating) VALUES ('Rickey34@yahoo.com', 6, '2020-12-17T18:08:01.380Z', '2020-12-18T14:48:49.991Z', true, 'delivery', 'Octavia.Borer@gmail.com', 'Nicole', 'submitted', NULL, NULL);
INSERT INTO bid (ct_email, ct_price, start_date, end_date, is_cash, transport_method, pet_owner, pet_name, bid_status, feedback, rating) VALUES ('Alba_Balistreri@hotmail.com', 3, '2020-12-17T18:08:01.380Z', '2020-12-18T14:48:49.991Z', true, 'pcs', 'Luther_Goodwin38@yahoo.com', 'Pearl', 'submitted', NULL, NULL);
INSERT INTO bid (ct_email, ct_price, start_date, end_date, is_cash, transport_method, pet_owner, pet_name, bid_status, feedback, rating) VALUES ('Roscoe.Mante@gmail.com', 20, '2020-12-17T18:08:01.380Z', '2020-12-18T14:48:49.991Z', true, 'pickup', 'Suzanne.Blick85@yahoo.com', 'Micheal', 'submitted', NULL, NULL);
INSERT INTO bid (ct_email, ct_price, start_date, end_date, is_cash, transport_method, pet_owner, pet_name, bid_status, feedback, rating) VALUES ('Kendra60@hotmail.com', 20, '2020-12-17T18:08:01.380Z', '2020-12-18T14:48:49.991Z', true, 'delivery', 'Lenore75@hotmail.com', 'Tanya', 'submitted', NULL, NULL);
INSERT INTO bid (ct_email, ct_price, start_date, end_date, is_cash, transport_method, pet_owner, pet_name, bid_status, feedback, rating) VALUES ('Harmony27@gmail.com', 3, '2020-12-17T18:08:01.380Z', '2020-12-18T14:48:49.991Z', true, 'pickup', 'Rosalinda30@yahoo.com', 'Maddison', 'submitted', NULL, NULL);
INSERT INTO bid (ct_email, ct_price, start_date, end_date, is_cash, transport_method, pet_owner, pet_name, bid_status, feedback, rating) VALUES ('Nadia46@gmail.com', 0, '2020-12-17T18:08:01.380Z', '2020-12-18T14:48:49.991Z', true, 'pcs', 'Pamela_Haag36@hotmail.com', 'Dusty', 'submitted', NULL, NULL);
INSERT INTO bid (ct_email, ct_price, start_date, end_date, is_cash, transport_method, pet_owner, pet_name, bid_status, feedback, rating) VALUES ('Herminio.Von@gmail.com', 7, '2020-12-17T18:08:01.380Z', '2020-12-18T14:48:49.991Z', true, 'pcs', 'Jovanny.Spinka95@hotmail.com', 'Norene', 'submitted', NULL, NULL);
INSERT INTO bid (ct_email, ct_price, start_date, end_date, is_cash, transport_method, pet_owner, pet_name, bid_status, feedback, rating) VALUES ('Zoie.Crona0@yahoo.com', 19, '2020-12-17T18:08:01.380Z', '2020-12-18T14:48:49.991Z', true, 'pickup', 'Keshawn_Predovic@yahoo.com', 'Vada', 'submitted', NULL, NULL);
INSERT INTO bid (ct_email, ct_price, start_date, end_date, is_cash, transport_method, pet_owner, pet_name, bid_status, feedback, rating) VALUES ('Kattie96@yahoo.com', 4, '2020-12-17T18:08:01.380Z', '2020-12-18T14:48:49.991Z', true, 'pickup', 'Rex78@hotmail.com', 'Guadalupe', 'submitted', NULL, NULL);
INSERT INTO bid (ct_email, ct_price, start_date, end_date, is_cash, transport_method, pet_owner, pet_name, bid_status, feedback, rating) VALUES ('Trever.Smith38@hotmail.com', 5, '2020-12-17T18:08:01.380Z', '2020-12-18T14:48:49.991Z', true, 'delivery', 'German_Frami83@gmail.com', 'Seamus', 'submitted', NULL, NULL);
INSERT INTO bid (ct_email, ct_price, start_date, end_date, is_cash, transport_method, pet_owner, pet_name, bid_status, feedback, rating) VALUES ('Mike27@hotmail.com', 13, '2020-12-17T18:08:01.380Z', '2020-12-18T14:48:49.991Z', true, 'pcs', 'Carolyn.Rowe68@yahoo.com', 'Amiya', 'submitted', NULL, NULL);
INSERT INTO bid (ct_email, ct_price, start_date, end_date, is_cash, transport_method, pet_owner, pet_name, bid_status, feedback, rating) VALUES ('Kasandra_Quitzon@yahoo.com', 6, '2020-12-17T18:08:01.380Z', '2020-12-18T14:48:49.991Z', true, 'pcs', 'Reinhold_McDermott@yahoo.com', 'Darby', 'submitted', NULL, NULL);
INSERT INTO bid (ct_email, ct_price, start_date, end_date, is_cash, transport_method, pet_owner, pet_name, bid_status, feedback, rating) VALUES ('Stevie61@hotmail.com', 2, '2020-12-17T18:08:01.380Z', '2020-12-18T14:48:49.991Z', true, 'delivery', 'Guadalupe47@hotmail.com', 'Deanna', 'submitted', NULL, NULL);
INSERT INTO bid (ct_email, ct_price, start_date, end_date, is_cash, transport_method, pet_owner, pet_name, bid_status, feedback, rating) VALUES ('Delfina.Sipes@hotmail.com', 3, '2020-12-17T18:08:01.380Z', '2020-12-18T14:48:49.991Z', true, 'delivery', 'Emmanuelle_Christiansen20@yahoo.com', 'Everette', 'submitted', NULL, NULL);
INSERT INTO bid (ct_email, ct_price, start_date, end_date, is_cash, transport_method, pet_owner, pet_name, bid_status, feedback, rating) VALUES ('Dorothy_Kuhn82@yahoo.com', 8, '2020-12-17T18:08:01.380Z', '2020-12-18T14:48:49.991Z', true, 'delivery', 'Jerome.Bauch@yahoo.com', 'Reagan', 'submitted', NULL, NULL);
INSERT INTO bid (ct_email, ct_price, start_date, end_date, is_cash, transport_method, pet_owner, pet_name, bid_status, feedback, rating) VALUES ('Rosanna.Von57@hotmail.com', 5, '2020-12-17T18:08:01.380Z', '2020-12-18T14:48:49.991Z', true, 'pcs', 'Durward.Johnston99@gmail.com', 'Roosevelt', 'submitted', NULL, NULL);
INSERT INTO bid (ct_email, ct_price, start_date, end_date, is_cash, transport_method, pet_owner, pet_name, bid_status, feedback, rating) VALUES ('Savion_Smitham@yahoo.com', 0, '2020-12-17T18:08:01.380Z', '2020-12-18T14:48:49.991Z', true, 'delivery', 'Eldora_Schneider@yahoo.com', 'Russ', 'submitted', NULL, NULL);
INSERT INTO bid (ct_email, ct_price, start_date, end_date, is_cash, transport_method, pet_owner, pet_name, bid_status, feedback, rating) VALUES ('Lue17@hotmail.com', 4, '2020-12-17T18:08:01.380Z', '2020-12-18T14:48:49.991Z', true, 'delivery', 'Sonia.Medhurst@yahoo.com', 'Orlando', 'submitted', NULL, NULL);
INSERT INTO bid (ct_email, ct_price, start_date, end_date, is_cash, transport_method, pet_owner, pet_name, bid_status, feedback, rating) VALUES ('Marietta61@gmail.com', 9, '2020-12-17T18:08:01.380Z', '2020-12-18T14:48:49.991Z', true, 'pickup', 'Ben_Johns@yahoo.com', 'Brian', 'submitted', NULL, NULL);
INSERT INTO bid (ct_email, ct_price, start_date, end_date, is_cash, transport_method, pet_owner, pet_name, bid_status, feedback, rating) VALUES ('Nicklaus_Schmeler11@hotmail.com', 9, '2020-12-17T18:08:01.380Z', '2020-12-18T14:48:49.991Z', true, 'delivery', 'Harley_Boehm@yahoo.com', 'Eryn', 'submitted', NULL, NULL);
INSERT INTO bid (ct_email, ct_price, start_date, end_date, is_cash, transport_method, pet_owner, pet_name, bid_status, feedback, rating) VALUES ('Nadia.Schmidt@yahoo.com', 2, '2020-12-17T18:08:01.380Z', '2020-12-18T14:48:49.991Z', true, 'delivery', 'Easton62@gmail.com', 'Rey', 'submitted', NULL, NULL);
INSERT INTO bid (ct_email, ct_price, start_date, end_date, is_cash, transport_method, pet_owner, pet_name, bid_status, feedback, rating) VALUES ('Shanon33@yahoo.com', 13, '2020-12-17T18:08:01.380Z', '2020-12-18T14:48:49.991Z', true, 'pickup', 'Bart.Strosin@gmail.com', 'Demond', 'submitted', NULL, NULL);
INSERT INTO bid (ct_email, ct_price, start_date, end_date, is_cash, transport_method, pet_owner, pet_name, bid_status, feedback, rating) VALUES ('Claude70@hotmail.com', 16, '2020-12-17T18:08:01.380Z', '2020-12-18T14:48:49.991Z', true, 'pcs', 'Tony_Huel45@hotmail.com', 'Robyn', 'submitted', NULL, NULL);
INSERT INTO bid (ct_email, ct_price, start_date, end_date, is_cash, transport_method, pet_owner, pet_name, bid_status, feedback, rating) VALUES ('Erik.Bartell@hotmail.com', 13, '2020-12-17T18:08:01.380Z', '2020-12-18T14:48:49.991Z', true, 'delivery', 'Savion_Smitham@yahoo.com', 'Judd', 'submitted', NULL, NULL);
INSERT INTO bid (ct_email, ct_price, start_date, end_date, is_cash, transport_method, pet_owner, pet_name, bid_status, feedback, rating) VALUES ('Lina33@gmail.com', 0, '2020-12-17T18:08:01.380Z', '2020-12-18T14:48:49.991Z', true, 'delivery', 'Lee89@hotmail.com', 'Aglae', 'submitted', NULL, NULL);
INSERT INTO bid (ct_email, ct_price, start_date, end_date, is_cash, transport_method, pet_owner, pet_name, bid_status, feedback, rating) VALUES ('Demario99@hotmail.com', 18, '2020-12-17T18:08:01.380Z', '2020-12-18T14:48:49.991Z', true, 'pickup', 'Erik.Bartell@hotmail.com', 'Tommie', 'submitted', NULL, NULL);
INSERT INTO bid (ct_email, ct_price, start_date, end_date, is_cash, transport_method, pet_owner, pet_name, bid_status, feedback, rating) VALUES ('Eileen.Reynolds28@hotmail.com', 12, '2020-12-17T18:08:01.380Z', '2020-12-18T14:48:49.991Z', true, 'pcs', 'Viviane41@hotmail.com', 'Kamron', 'submitted', NULL, NULL);
INSERT INTO bid (ct_email, ct_price, start_date, end_date, is_cash, transport_method, pet_owner, pet_name, bid_status, feedback, rating) VALUES ('Andrew.Sanford@yahoo.com', 8, '2020-12-17T18:08:01.380Z', '2020-12-18T14:48:49.991Z', true, 'pcs', 'Sammy.Veum@hotmail.com', 'Chasity', 'submitted', NULL, NULL);
INSERT INTO bid (ct_email, ct_price, start_date, end_date, is_cash, transport_method, pet_owner, pet_name, bid_status, feedback, rating) VALUES ('Ottilie.Carter18@gmail.com', 12, '2020-12-17T18:08:01.380Z', '2020-12-18T14:48:49.991Z', true, 'pcs', 'Kip_Thiel70@yahoo.com', 'Ethel', 'submitted', NULL, NULL);
INSERT INTO bid (ct_email, ct_price, start_date, end_date, is_cash, transport_method, pet_owner, pet_name, bid_status, feedback, rating) VALUES ('Ruthe88@gmail.com', 3, '2020-12-17T18:08:01.380Z', '2020-12-18T14:48:49.991Z', true, 'pickup', 'Arno.Ferry74@yahoo.com', 'Michael', 'submitted', NULL, NULL);
INSERT INTO bid (ct_email, ct_price, start_date, end_date, is_cash, transport_method, pet_owner, pet_name, bid_status, feedback, rating) VALUES ('Ardella_Klocko97@yahoo.com', 8, '2020-12-17T18:08:01.380Z', '2020-12-18T14:48:49.991Z', true, 'pcs', 'Stanton_Rath8@yahoo.com', 'Kennith', 'submitted', NULL, NULL);
INSERT INTO bid (ct_email, ct_price, start_date, end_date, is_cash, transport_method, pet_owner, pet_name, bid_status, feedback, rating) VALUES ('Jovanny43@yahoo.com', 18, '2020-12-17T18:08:01.380Z', '2020-12-18T14:48:49.991Z', true, 'pcs', 'Franco11@yahoo.com', 'Fanny', 'submitted', NULL, NULL);
INSERT INTO bid (ct_email, ct_price, start_date, end_date, is_cash, transport_method, pet_owner, pet_name, bid_status, feedback, rating) VALUES ('Rosina.Schneider28@gmail.com', 2, '2020-12-17T18:08:01.380Z', '2020-12-18T14:48:49.991Z', true, 'delivery', 'Jacques.Cummings@hotmail.com', 'Roxane', 'submitted', NULL, NULL);
INSERT INTO bid (ct_email, ct_price, start_date, end_date, is_cash, transport_method, pet_owner, pet_name, bid_status, feedback, rating) VALUES ('Vaughn.Weissnat68@hotmail.com', 10, '2020-12-17T18:08:01.380Z', '2020-12-18T14:48:49.991Z', true, 'pcs', 'Cicero.Ondricka@gmail.com', 'Lonie', 'submitted', NULL, NULL);
INSERT INTO bid (ct_email, ct_price, start_date, end_date, is_cash, transport_method, pet_owner, pet_name, bid_status, feedback, rating) VALUES ('Tyrese49@hotmail.com', 18, '2020-12-17T18:08:01.380Z', '2020-12-18T14:48:49.991Z', true, 'pcs', 'Allison.Nolan81@hotmail.com', 'Liam', 'submitted', NULL, NULL);
INSERT INTO bid (ct_email, ct_price, start_date, end_date, is_cash, transport_method, pet_owner, pet_name, bid_status, feedback, rating) VALUES ('Franco_Nienow6@gmail.com', 10, '2020-12-17T18:08:01.380Z', '2020-12-18T14:48:49.991Z', true, 'pcs', 'Diana_Bradtke@yahoo.com', 'Johnson', 'submitted', NULL, NULL);
INSERT INTO bid (ct_email, ct_price, start_date, end_date, is_cash, transport_method, pet_owner, pet_name, bid_status, feedback, rating) VALUES ('Bailey.Gaylord61@yahoo.com', 9, '2020-12-17T18:08:01.380Z', '2020-12-18T14:48:49.991Z', true, 'delivery', 'Cole78@gmail.com', 'Clinton', 'submitted', NULL, NULL);
INSERT INTO bid (ct_email, ct_price, start_date, end_date, is_cash, transport_method, pet_owner, pet_name, bid_status, feedback, rating) VALUES ('Garry88@gmail.com', 5, '2020-12-17T18:08:01.380Z', '2020-12-18T14:48:49.991Z', true, 'pcs', 'Harmony27@gmail.com', 'Sydnie', 'submitted', NULL, NULL);
INSERT INTO bid (ct_email, ct_price, start_date, end_date, is_cash, transport_method, pet_owner, pet_name, bid_status, feedback, rating) VALUES ('Katelynn_Jakubowski71@yahoo.com', 19, '2020-12-17T18:08:01.380Z', '2020-12-18T14:48:49.991Z', true, 'pickup', 'Brendon.Jakubowski6@gmail.com', 'Laverne', 'submitted', NULL, NULL);
INSERT INTO bid (ct_email, ct_price, start_date, end_date, is_cash, transport_method, pet_owner, pet_name, bid_status, feedback, rating) VALUES ('Andre98@hotmail.com', 12, '2020-12-17T18:08:01.380Z', '2020-12-18T14:48:49.991Z', true, 'delivery', 'Marjory31@hotmail.com', 'Hertha', 'submitted', NULL, NULL);
INSERT INTO bid (ct_email, ct_price, start_date, end_date, is_cash, transport_method, pet_owner, pet_name, bid_status, feedback, rating) VALUES ('Florence73@hotmail.com', 12, '2020-12-17T18:08:01.380Z', '2020-12-18T14:48:49.991Z', true, 'pcs', 'Jamaal.Jacobs38@hotmail.com', 'Glennie', 'submitted', NULL, NULL);
INSERT INTO bid (ct_email, ct_price, start_date, end_date, is_cash, transport_method, pet_owner, pet_name, bid_status, feedback, rating) VALUES ('Eddie10@yahoo.com', 15, '2020-12-17T18:08:01.380Z', '2020-12-18T14:48:49.991Z', true, 'delivery', 'Vicente63@gmail.com', 'Alejandra', 'submitted', NULL, NULL);
INSERT INTO bid (ct_email, ct_price, start_date, end_date, is_cash, transport_method, pet_owner, pet_name, bid_status, feedback, rating) VALUES ('Samantha_Parker15@yahoo.com', 4, '2020-12-17T18:08:01.380Z', '2020-12-18T14:48:49.991Z', true, 'pcs', 'Leanna99@hotmail.com', 'Letha', 'submitted', NULL, NULL);
INSERT INTO bid (ct_email, ct_price, start_date, end_date, is_cash, transport_method, pet_owner, pet_name, bid_status, feedback, rating) VALUES ('Beverly69@gmail.com', 3, '2020-12-17T18:08:01.380Z', '2020-12-18T14:48:49.991Z', true, 'pickup', 'Adolfo59@gmail.com', 'Lyda', 'submitted', NULL, NULL);
INSERT INTO bid (ct_email, ct_price, start_date, end_date, is_cash, transport_method, pet_owner, pet_name, bid_status, feedback, rating) VALUES ('Wallace_Heidenreich@hotmail.com', 9, '2020-12-17T18:08:01.380Z', '2020-12-18T14:48:49.991Z', true, 'delivery', 'Geovanni.OKon@hotmail.com', 'Sonya', 'submitted', NULL, NULL);
INSERT INTO bid (ct_email, ct_price, start_date, end_date, is_cash, transport_method, pet_owner, pet_name, bid_status, feedback, rating) VALUES ('Diana_Bradtke@yahoo.com', 3, '2020-12-17T18:08:01.380Z', '2020-12-18T14:48:49.991Z', true, 'delivery', 'Kale70@gmail.com', 'Adriana', 'submitted', NULL, NULL);
INSERT INTO bid (ct_email, ct_price, start_date, end_date, is_cash, transport_method, pet_owner, pet_name, bid_status, feedback, rating) VALUES ('Vernice.Gaylord@gmail.com', 5, '2020-12-17T18:08:01.380Z', '2020-12-18T14:48:49.991Z', true, 'delivery', 'Shannon9@hotmail.com', 'Thurman', 'submitted', NULL, NULL);
INSERT INTO bid (ct_email, ct_price, start_date, end_date, is_cash, transport_method, pet_owner, pet_name, bid_status, feedback, rating) VALUES ('Alexandro63@yahoo.com', 13, '2020-12-17T18:08:01.380Z', '2020-12-18T14:48:49.991Z', true, 'pickup', 'Dorthy10@gmail.com', 'Kim', 'submitted', NULL, NULL);
INSERT INTO bid (ct_email, ct_price, start_date, end_date, is_cash, transport_method, pet_owner, pet_name, bid_status, feedback, rating) VALUES ('Alysa77@hotmail.com', 20, '2020-12-17T18:08:01.380Z', '2020-12-18T14:48:49.991Z', true, 'pickup', 'Everett_Krajcik@gmail.com', 'Lora', 'submitted', NULL, NULL);
INSERT INTO bid (ct_email, ct_price, start_date, end_date, is_cash, transport_method, pet_owner, pet_name, bid_status, feedback, rating) VALUES ('Sonia.Medhurst@yahoo.com', 17, '2020-12-17T18:08:01.380Z', '2020-12-18T14:48:49.991Z', true, 'delivery', 'Kaya_Miller@yahoo.com', 'Penelope', 'submitted', NULL, NULL);
INSERT INTO bid (ct_email, ct_price, start_date, end_date, is_cash, transport_method, pet_owner, pet_name, bid_status, feedback, rating) VALUES ('Jamel44@yahoo.com', 18, '2020-12-17T18:08:01.380Z', '2020-12-18T14:48:49.991Z', true, 'delivery', 'Kailey.Schoen83@hotmail.com', 'Leonora', 'submitted', NULL, NULL);
INSERT INTO bid (ct_email, ct_price, start_date, end_date, is_cash, transport_method, pet_owner, pet_name, bid_status, feedback, rating) VALUES ('Janessa71@hotmail.com', 14, '2020-12-17T18:08:01.380Z', '2020-12-18T14:48:49.991Z', true, 'delivery', 'Tracey4@hotmail.com', 'Dianna', 'submitted', NULL, NULL);
INSERT INTO bid (ct_email, ct_price, start_date, end_date, is_cash, transport_method, pet_owner, pet_name, bid_status, feedback, rating) VALUES ('Buford28@yahoo.com', 13, '2020-12-17T18:08:01.380Z', '2020-12-18T14:48:49.991Z', true, 'delivery', 'Bailey.Gaylord61@yahoo.com', 'Jordan', 'submitted', NULL, NULL);
INSERT INTO bid (ct_email, ct_price, start_date, end_date, is_cash, transport_method, pet_owner, pet_name, bid_status, feedback, rating) VALUES ('Chandler.Sipes@yahoo.com', 6, '2020-12-17T18:08:01.380Z', '2020-12-18T14:48:49.991Z', true, 'delivery', 'Ramiro25@gmail.com', 'Verona', 'submitted', NULL, NULL);
INSERT INTO bid (ct_email, ct_price, start_date, end_date, is_cash, transport_method, pet_owner, pet_name, bid_status, feedback, rating) VALUES ('Yvonne5@hotmail.com', 16, '2020-12-17T18:08:01.380Z', '2020-12-18T14:48:49.991Z', true, 'delivery', 'Bertha_Will@yahoo.com', 'Keshawn', 'submitted', NULL, NULL);
INSERT INTO bid (ct_email, ct_price, start_date, end_date, is_cash, transport_method, pet_owner, pet_name, bid_status, feedback, rating) VALUES ('Else.Schneider@gmail.com', 19, '2020-12-17T18:08:01.380Z', '2020-12-18T14:48:49.991Z', true, 'delivery', 'Miguel35@hotmail.com', 'Ara', 'submitted', NULL, NULL);
INSERT INTO bid (ct_email, ct_price, start_date, end_date, is_cash, transport_method, pet_owner, pet_name, bid_status, feedback, rating) VALUES ('Fiona_Wiza13@gmail.com', 8, '2020-12-17T18:08:01.380Z', '2020-12-18T14:48:49.991Z', true, 'pickup', 'Erika_OHara@gmail.com', 'Elna', 'submitted', NULL, NULL);
INSERT INTO bid (ct_email, ct_price, start_date, end_date, is_cash, transport_method, pet_owner, pet_name, bid_status, feedback, rating) VALUES ('Billie86@gmail.com', 7, '2020-12-17T18:08:01.380Z', '2020-12-18T14:48:49.991Z', true, 'pickup', 'Jensen.Baumbach73@gmail.com', 'Mike', 'submitted', NULL, NULL);
INSERT INTO bid (ct_email, ct_price, start_date, end_date, is_cash, transport_method, pet_owner, pet_name, bid_status, feedback, rating) VALUES ('Grant_Kerluke64@yahoo.com', 4, '2020-12-17T18:08:01.380Z', '2020-12-18T14:48:49.991Z', true, 'delivery', 'Christiana_OConner19@hotmail.com', 'Cecelia', 'submitted', NULL, NULL);
INSERT INTO bid (ct_email, ct_price, start_date, end_date, is_cash, transport_method, pet_owner, pet_name, bid_status, feedback, rating) VALUES ('Josh_Koelpin7@hotmail.com', 7, '2020-12-17T18:08:01.380Z', '2020-12-18T14:48:49.991Z', true, 'pcs', 'Adriel65@gmail.com', 'Junius', 'submitted', NULL, NULL);
INSERT INTO bid (ct_email, ct_price, start_date, end_date, is_cash, transport_method, pet_owner, pet_name, bid_status, feedback, rating) VALUES ('Dena11@gmail.com', 2, '2020-12-17T18:08:01.380Z', '2020-12-18T14:48:49.991Z', true, 'pcs', 'Chesley.Brekke@yahoo.com', 'Aliya', 'submitted', NULL, NULL);
INSERT INTO bid (ct_email, ct_price, start_date, end_date, is_cash, transport_method, pet_owner, pet_name, bid_status, feedback, rating) VALUES ('Barry_Waelchi@yahoo.com', 3, '2020-12-17T18:08:01.380Z', '2020-12-18T14:48:49.991Z', true, 'delivery', 'Stefanie_Roob17@gmail.com', 'Everette', 'submitted', NULL, NULL);
INSERT INTO bid (ct_email, ct_price, start_date, end_date, is_cash, transport_method, pet_owner, pet_name, bid_status, feedback, rating) VALUES ('Kip_Thiel70@yahoo.com', 17, '2020-12-17T18:08:01.380Z', '2020-12-18T14:48:49.991Z', true, 'delivery', 'Violette.Mraz29@gmail.com', 'Verdie', 'submitted', NULL, NULL);
INSERT INTO bid (ct_email, ct_price, start_date, end_date, is_cash, transport_method, pet_owner, pet_name, bid_status, feedback, rating) VALUES ('Jackson1@gmail.com', 14, '2020-12-17T18:08:01.380Z', '2020-12-18T14:48:49.991Z', true, 'pcs', 'Carson47@gmail.com', 'Stacey', 'submitted', NULL, NULL);
INSERT INTO bid (ct_email, ct_price, start_date, end_date, is_cash, transport_method, pet_owner, pet_name, bid_status, feedback, rating) VALUES ('Kadin.Schuppe@hotmail.com', 13, '2020-12-17T18:08:01.380Z', '2020-12-18T14:48:49.991Z', true, 'pickup', 'Otis.Lubowitz47@hotmail.com', 'Ferne', 'submitted', NULL, NULL);
INSERT INTO bid (ct_email, ct_price, start_date, end_date, is_cash, transport_method, pet_owner, pet_name, bid_status, feedback, rating) VALUES ('Wilton43@hotmail.com', 20, '2020-12-17T18:08:01.380Z', '2020-12-18T14:48:49.991Z', true, 'delivery', 'Ismael_Senger@hotmail.com', 'Maribel', 'submitted', NULL, NULL);
INSERT INTO bid (ct_email, ct_price, start_date, end_date, is_cash, transport_method, pet_owner, pet_name, bid_status, feedback, rating) VALUES ('Angelita_Herman70@hotmail.com', 17, '2020-12-17T18:08:01.380Z', '2020-12-18T14:48:49.991Z', true, 'delivery', 'Carter.Torphy@hotmail.com', 'Daryl', 'submitted', NULL, NULL);
INSERT INTO bid (ct_email, ct_price, start_date, end_date, is_cash, transport_method, pet_owner, pet_name, bid_status, feedback, rating) VALUES ('Katlynn84@hotmail.com', 17, '2020-12-17T18:08:01.380Z', '2020-12-18T14:48:49.991Z', true, 'delivery', 'Marianne90@yahoo.com', 'Darwin', 'submitted', NULL, NULL);
INSERT INTO bid (ct_email, ct_price, start_date, end_date, is_cash, transport_method, pet_owner, pet_name, bid_status, feedback, rating) VALUES ('Estevan.Moore79@yahoo.com', 5, '2020-12-17T18:08:01.380Z', '2020-12-18T14:48:49.991Z', true, 'pickup', 'Ford52@gmail.com', 'Rachel', 'submitted', NULL, NULL);
INSERT INTO bid (ct_email, ct_price, start_date, end_date, is_cash, transport_method, pet_owner, pet_name, bid_status, feedback, rating) VALUES ('Jimmy.Koch40@gmail.com', 5, '2020-12-17T18:08:01.380Z', '2020-12-18T14:48:49.991Z', true, 'pcs', 'Aimee.Doyle@yahoo.com', 'Laverne', 'submitted', NULL, NULL);
INSERT INTO bid (ct_email, ct_price, start_date, end_date, is_cash, transport_method, pet_owner, pet_name, bid_status, feedback, rating) VALUES ('Harley_Boehm@yahoo.com', 3, '2020-12-17T18:08:01.380Z', '2020-12-18T14:48:49.991Z', true, 'pcs', 'Janessa71@hotmail.com', 'Frankie', 'submitted', NULL, NULL);
INSERT INTO bid (ct_email, ct_price, start_date, end_date, is_cash, transport_method, pet_owner, pet_name, bid_status, feedback, rating) VALUES ('Gardner.Kuvalis@gmail.com', 9, '2020-12-17T18:08:01.380Z', '2020-12-18T14:48:49.991Z', true, 'delivery', 'Adan_Haley79@hotmail.com', 'Elmo', 'submitted', NULL, NULL);
INSERT INTO bid (ct_email, ct_price, start_date, end_date, is_cash, transport_method, pet_owner, pet_name, bid_status, feedback, rating) VALUES ('Edwina92@gmail.com', 3, '2020-12-17T18:08:01.380Z', '2020-12-18T14:48:49.991Z', true, 'pickup', 'Silas_Hahn77@hotmail.com', 'Gino', 'submitted', NULL, NULL);
INSERT INTO bid (ct_email, ct_price, start_date, end_date, is_cash, transport_method, pet_owner, pet_name, bid_status, feedback, rating) VALUES ('Mable_Daugherty99@hotmail.com', 18, '2020-12-17T18:08:01.380Z', '2020-12-18T14:48:49.991Z', true, 'pcs', 'Vincent16@hotmail.com', 'Flavio', 'submitted', NULL, NULL);
INSERT INTO bid (ct_email, ct_price, start_date, end_date, is_cash, transport_method, pet_owner, pet_name, bid_status, feedback, rating) VALUES ('Leon_Kulas@yahoo.com', 18, '2020-12-17T18:08:01.380Z', '2020-12-18T14:48:49.991Z', true, 'pcs', 'Clara.Lebsack@gmail.com', 'Sterling', 'submitted', NULL, NULL);
INSERT INTO bid (ct_email, ct_price, start_date, end_date, is_cash, transport_method, pet_owner, pet_name, bid_status, feedback, rating) VALUES ('Lane.Hegmann41@gmail.com', 7, '2020-12-17T18:08:01.380Z', '2020-12-18T14:48:49.991Z', true, 'pickup', 'Savannah33@gmail.com', 'Mavis', 'submitted', NULL, NULL);
INSERT INTO bid (ct_email, ct_price, start_date, end_date, is_cash, transport_method, pet_owner, pet_name, bid_status, feedback, rating) VALUES ('Hanna.Homenick31@yahoo.com', 12, '2020-12-17T18:08:01.380Z', '2020-12-18T14:48:49.991Z', true, 'pickup', 'Ashton32@gmail.com', 'Claudia', 'submitted', NULL, NULL);
INSERT INTO bid (ct_email, ct_price, start_date, end_date, is_cash, transport_method, pet_owner, pet_name, bid_status, feedback, rating) VALUES ('Antwan56@yahoo.com', 18, '2020-12-17T18:08:01.380Z', '2020-12-18T14:48:49.991Z', true, 'delivery', 'Carlie_Erdman@hotmail.com', 'Murphy', 'submitted', NULL, NULL);
INSERT INTO bid (ct_email, ct_price, start_date, end_date, is_cash, transport_method, pet_owner, pet_name, bid_status, feedback, rating) VALUES ('Mack_Hills26@hotmail.com', 19, '2020-12-17T18:08:01.380Z', '2020-12-18T14:48:49.991Z', true, 'delivery', 'Jackson.Kirlin15@gmail.com', 'Thad', 'submitted', NULL, NULL);
INSERT INTO bid (ct_email, ct_price, start_date, end_date, is_cash, transport_method, pet_owner, pet_name, bid_status, feedback, rating) VALUES ('Elton_Schiller@gmail.com', 8, '2020-12-17T18:08:01.380Z', '2020-12-18T14:48:49.991Z', true, 'delivery', 'Billie86@gmail.com', 'Keely', 'submitted', NULL, NULL);
INSERT INTO bid (ct_email, ct_price, start_date, end_date, is_cash, transport_method, pet_owner, pet_name, bid_status, feedback, rating) VALUES ('Gianni.Koelpin55@hotmail.com', 2, '2020-12-17T18:08:01.380Z', '2020-12-18T14:48:49.991Z', true, 'pcs', 'Seth.Rau@yahoo.com', 'Haleigh', 'submitted', NULL, NULL);
INSERT INTO bid (ct_email, ct_price, start_date, end_date, is_cash, transport_method, pet_owner, pet_name, bid_status, feedback, rating) VALUES ('Hulda_Quitzon26@yahoo.com', 8, '2020-12-17T18:08:01.380Z', '2020-12-18T14:48:49.991Z', true, 'pickup', 'Viviane_Borer14@hotmail.com', 'Kathryne', 'submitted', NULL, NULL);
INSERT INTO bid (ct_email, ct_price, start_date, end_date, is_cash, transport_method, pet_owner, pet_name, bid_status, feedback, rating) VALUES ('Scottie.Frami3@gmail.com', 7, '2020-12-17T18:08:01.380Z', '2020-12-18T14:48:49.991Z', true, 'pcs', 'Noah.Marvin35@yahoo.com', 'Tabitha', 'submitted', NULL, NULL);
INSERT INTO bid (ct_email, ct_price, start_date, end_date, is_cash, transport_method, pet_owner, pet_name, bid_status, feedback, rating) VALUES ('Carmela55@gmail.com', 20, '2020-12-17T18:08:01.380Z', '2020-12-18T14:48:49.991Z', true, 'pcs', 'Paula.Price@yahoo.com', 'Brett', 'submitted', NULL, NULL);
INSERT INTO bid (ct_email, ct_price, start_date, end_date, is_cash, transport_method, pet_owner, pet_name, bid_status, feedback, rating) VALUES ('Yasmine_Jenkins69@gmail.com', 7, '2020-12-17T18:08:01.380Z', '2020-12-18T14:48:49.991Z', true, 'pcs', 'Milford_Rath@yahoo.com', 'Princess', 'submitted', NULL, NULL);
INSERT INTO bid (ct_email, ct_price, start_date, end_date, is_cash, transport_method, pet_owner, pet_name, bid_status, feedback, rating) VALUES ('Barry.Rodriguez82@yahoo.com', 18, '2020-12-17T18:08:01.380Z', '2020-12-18T14:48:49.991Z', true, 'delivery', 'Josh_Koelpin7@hotmail.com', 'Joanny', 'submitted', NULL, NULL);
INSERT INTO bid (ct_email, ct_price, start_date, end_date, is_cash, transport_method, pet_owner, pet_name, bid_status, feedback, rating) VALUES ('Ben_Johns@yahoo.com', 0, '2020-12-17T18:08:01.380Z', '2020-12-18T14:48:49.991Z', true, 'pickup', 'Ivah.Pouros64@gmail.com', 'Asha', 'submitted', NULL, NULL);
INSERT INTO bid (ct_email, ct_price, start_date, end_date, is_cash, transport_method, pet_owner, pet_name, bid_status, feedback, rating) VALUES ('Lon_Crooks@gmail.com', 12, '2020-12-17T18:08:01.380Z', '2020-12-18T14:48:49.991Z', true, 'delivery', 'Bianka.Oberbrunner41@gmail.com', 'Kasandra', 'submitted', NULL, NULL);
INSERT INTO bid (ct_email, ct_price, start_date, end_date, is_cash, transport_method, pet_owner, pet_name, bid_status, feedback, rating) VALUES ('Yvonne_Rogahn@gmail.com', 12, '2020-12-17T18:08:01.380Z', '2020-12-18T14:48:49.991Z', true, 'pickup', 'Keyon.Kiehn@hotmail.com', 'Makenzie', 'submitted', NULL, NULL);
INSERT INTO bid (ct_email, ct_price, start_date, end_date, is_cash, transport_method, pet_owner, pet_name, bid_status, feedback, rating) VALUES ('Elody_Hudson@hotmail.com', 20, '2020-12-17T18:08:01.380Z', '2020-12-18T14:48:49.991Z', true, 'delivery', 'Carmelo_Mills@yahoo.com', 'Enrico', 'submitted', NULL, NULL);
INSERT INTO bid (ct_email, ct_price, start_date, end_date, is_cash, transport_method, pet_owner, pet_name, bid_status, feedback, rating) VALUES ('Coleman_Goldner@hotmail.com', 14, '2020-12-17T18:08:01.380Z', '2020-12-18T14:48:49.991Z', true, 'delivery', 'Guido98@hotmail.com', 'Yazmin', 'submitted', NULL, NULL);
INSERT INTO bid (ct_email, ct_price, start_date, end_date, is_cash, transport_method, pet_owner, pet_name, bid_status, feedback, rating) VALUES ('Mark46@gmail.com', 4, '2020-12-17T18:08:01.380Z', '2020-12-18T14:48:49.991Z', true, 'pickup', 'Jaunita_Borer@yahoo.com', 'Josephine', 'submitted', NULL, NULL);
INSERT INTO bid (ct_email, ct_price, start_date, end_date, is_cash, transport_method, pet_owner, pet_name, bid_status, feedback, rating) VALUES ('Joana_Bednar@gmail.com', 8, '2020-12-17T18:08:01.380Z', '2020-12-18T14:48:49.991Z', true, 'delivery', 'Tyrel_Murazik@gmail.com', 'Shannon', 'submitted', NULL, NULL);
INSERT INTO bid (ct_email, ct_price, start_date, end_date, is_cash, transport_method, pet_owner, pet_name, bid_status, feedback, rating) VALUES ('Stacy69@gmail.com', 1, '2020-12-17T18:08:01.380Z', '2020-12-18T14:48:49.991Z', true, 'pickup', 'Schuyler48@yahoo.com', 'Larue', 'submitted', NULL, NULL);
INSERT INTO bid (ct_email, ct_price, start_date, end_date, is_cash, transport_method, pet_owner, pet_name, bid_status, feedback, rating) VALUES ('Ansley10@yahoo.com', 15, '2020-12-17T18:08:01.380Z', '2020-12-18T14:48:49.991Z', true, 'pcs', 'Mervin_Mertz@gmail.com', 'Jalyn', 'submitted', NULL, NULL);
INSERT INTO bid (ct_email, ct_price, start_date, end_date, is_cash, transport_method, pet_owner, pet_name, bid_status, feedback, rating) VALUES ('Ilene_McCullough@gmail.com', 3, '2020-12-17T18:08:01.380Z', '2020-12-18T14:48:49.991Z', true, 'pickup', 'Wyman.Bruen@yahoo.com', 'Nash', 'submitted', NULL, NULL);
INSERT INTO bid (ct_email, ct_price, start_date, end_date, is_cash, transport_method, pet_owner, pet_name, bid_status, feedback, rating) VALUES ('Elody.Gusikowski@hotmail.com', 19, '2020-12-17T18:08:01.380Z', '2020-12-18T14:48:49.991Z', true, 'pickup', 'Junius.Hayes76@hotmail.com', 'Oceane', 'submitted', NULL, NULL);
INSERT INTO bid (ct_email, ct_price, start_date, end_date, is_cash, transport_method, pet_owner, pet_name, bid_status, feedback, rating) VALUES ('Cayla_Rodriguez@gmail.com', 12, '2020-12-17T18:08:01.380Z', '2020-12-18T14:48:49.991Z', true, 'delivery', 'Isabella_Funk96@yahoo.com', 'Nora', 'submitted', NULL, NULL);
INSERT INTO bid (ct_email, ct_price, start_date, end_date, is_cash, transport_method, pet_owner, pet_name, bid_status, feedback, rating) VALUES ('Dorthy10@gmail.com', 18, '2020-12-17T18:08:01.380Z', '2020-12-18T14:48:49.991Z', true, 'pcs', 'Merritt.Bradtke@gmail.com', 'Yadira', 'submitted', NULL, NULL);
INSERT INTO bid (ct_email, ct_price, start_date, end_date, is_cash, transport_method, pet_owner, pet_name, bid_status, feedback, rating) VALUES ('Lou.Medhurst@hotmail.com', 17, '2020-12-17T18:08:01.380Z', '2020-12-18T14:48:49.991Z', true, 'pickup', 'Orrin92@gmail.com', 'Larissa', 'submitted', NULL, NULL);
INSERT INTO bid (ct_email, ct_price, start_date, end_date, is_cash, transport_method, pet_owner, pet_name, bid_status, feedback, rating) VALUES ('Freeda.Treutel@yahoo.com', 12, '2020-12-17T18:08:01.380Z', '2020-12-18T14:48:49.991Z', true, 'pcs', 'Waino51@hotmail.com', 'Izaiah', 'submitted', NULL, NULL);
INSERT INTO bid (ct_email, ct_price, start_date, end_date, is_cash, transport_method, pet_owner, pet_name, bid_status, feedback, rating) VALUES ('Mustafa.Ratke@yahoo.com', 20, '2020-12-17T18:08:01.380Z', '2020-12-18T14:48:49.991Z', true, 'delivery', 'Katelynn_Jakubowski71@yahoo.com', 'Xander', 'submitted', NULL, NULL);
INSERT INTO bid (ct_email, ct_price, start_date, end_date, is_cash, transport_method, pet_owner, pet_name, bid_status, feedback, rating) VALUES ('Adah9@hotmail.com', 19, '2020-12-17T18:08:01.380Z', '2020-12-18T14:48:49.991Z', true, 'pcs', 'Fay_Russel72@gmail.com', 'Jasmin', 'submitted', NULL, NULL);
INSERT INTO bid (ct_email, ct_price, start_date, end_date, is_cash, transport_method, pet_owner, pet_name, bid_status, feedback, rating) VALUES ('Amira65@hotmail.com', 0, '2020-12-17T18:08:01.380Z', '2020-12-18T14:48:49.991Z', true, 'pickup', 'Alexandro63@yahoo.com', 'Nova', 'submitted', NULL, NULL);
INSERT INTO bid (ct_email, ct_price, start_date, end_date, is_cash, transport_method, pet_owner, pet_name, bid_status, feedback, rating) VALUES ('Virginia38@yahoo.com', 12, '2020-12-17T18:08:01.380Z', '2020-12-18T14:48:49.991Z', true, 'delivery', 'Andre98@hotmail.com', 'Sasha', 'submitted', NULL, NULL);
INSERT INTO bid (ct_email, ct_price, start_date, end_date, is_cash, transport_method, pet_owner, pet_name, bid_status, feedback, rating) VALUES ('Duncan87@gmail.com', 18, '2020-12-17T18:08:01.380Z', '2020-12-18T14:48:49.991Z', true, 'delivery', 'Toy.Gleason@hotmail.com', 'Zetta', 'submitted', NULL, NULL);
INSERT INTO bid (ct_email, ct_price, start_date, end_date, is_cash, transport_method, pet_owner, pet_name, bid_status, feedback, rating) VALUES ('Haylee24@gmail.com', 2, '2020-12-17T18:08:01.380Z', '2020-12-18T14:48:49.991Z', true, 'pcs', 'Leif_Gerhold64@yahoo.com', 'Krystel', 'submitted', NULL, NULL);
INSERT INTO bid (ct_email, ct_price, start_date, end_date, is_cash, transport_method, pet_owner, pet_name, bid_status, feedback, rating) VALUES ('Jewell_Bahringer55@gmail.com', 10, '2020-12-17T18:08:01.380Z', '2020-12-18T14:48:49.991Z', true, 'pcs', 'Devon_Carter@hotmail.com', 'Oceane', 'submitted', NULL, NULL);
INSERT INTO bid (ct_email, ct_price, start_date, end_date, is_cash, transport_method, pet_owner, pet_name, bid_status, feedback, rating) VALUES ('Nella.Bailey@gmail.com', 19, '2020-12-17T18:08:01.380Z', '2020-12-18T14:48:49.991Z', true, 'pcs', 'Ada18@gmail.com', 'Dakota', 'submitted', NULL, NULL);
INSERT INTO bid (ct_email, ct_price, start_date, end_date, is_cash, transport_method, pet_owner, pet_name, bid_status, feedback, rating) VALUES ('Katharina.Kautzer97@gmail.com', 9, '2020-12-17T18:08:01.380Z', '2020-12-18T14:48:49.991Z', true, 'delivery', 'Kennith_Hane@gmail.com', 'Forrest', 'submitted', NULL, NULL);
INSERT INTO bid (ct_email, ct_price, start_date, end_date, is_cash, transport_method, pet_owner, pet_name, bid_status, feedback, rating) VALUES ('Gus.Adams@hotmail.com', 0, '2020-12-17T18:08:01.380Z', '2020-12-18T14:48:49.991Z', true, 'delivery', 'Jany95@gmail.com', 'Johanna', 'submitted', NULL, NULL);
INSERT INTO bid (ct_email, ct_price, start_date, end_date, is_cash, transport_method, pet_owner, pet_name, bid_status, feedback, rating) VALUES ('Kristian7@gmail.com', 4, '2020-12-17T18:08:01.380Z', '2020-12-18T14:48:49.991Z', true, 'pickup', 'Dakota.Kuvalis@hotmail.com', 'Fern', 'submitted', NULL, NULL);
INSERT INTO bid (ct_email, ct_price, start_date, end_date, is_cash, transport_method, pet_owner, pet_name, bid_status, feedback, rating) VALUES ('Tatyana.Lowe@yahoo.com', 1, '2020-12-17T18:08:01.380Z', '2020-12-18T14:48:49.991Z', true, 'pickup', 'Davon98@gmail.com', 'Clemens', 'submitted', NULL, NULL);
INSERT INTO bid (ct_email, ct_price, start_date, end_date, is_cash, transport_method, pet_owner, pet_name, bid_status, feedback, rating) VALUES ('Nat62@hotmail.com', 4, '2020-12-17T18:08:01.380Z', '2020-12-18T14:48:49.991Z', true, 'pickup', 'Sidney20@gmail.com', 'Raheem', 'submitted', NULL, NULL);
INSERT INTO bid (ct_email, ct_price, start_date, end_date, is_cash, transport_method, pet_owner, pet_name, bid_status, feedback, rating) VALUES ('Heloise_OKeefe@yahoo.com', 13, '2020-12-17T18:08:01.380Z', '2020-12-18T14:48:49.991Z', true, 'pcs', 'Davin92@gmail.com', 'Cleo', 'submitted', NULL, NULL);
INSERT INTO bid (ct_email, ct_price, start_date, end_date, is_cash, transport_method, pet_owner, pet_name, bid_status, feedback, rating) VALUES ('Gloria_Zemlak@gmail.com', 12, '2020-12-17T18:08:01.380Z', '2020-12-18T14:48:49.991Z', true, 'delivery', 'Lon.Hamill28@hotmail.com', 'Arthur', 'submitted', NULL, NULL);
INSERT INTO bid (ct_email, ct_price, start_date, end_date, is_cash, transport_method, pet_owner, pet_name, bid_status, feedback, rating) VALUES ('Jaquelin40@yahoo.com', 0, '2020-12-17T18:08:01.380Z', '2020-12-18T14:48:49.991Z', true, 'pickup', 'Kaycee_Yundt46@gmail.com', 'Franco', 'submitted', NULL, NULL);
INSERT INTO bid (ct_email, ct_price, start_date, end_date, is_cash, transport_method, pet_owner, pet_name, bid_status, feedback, rating) VALUES ('Jacques.Cummings@hotmail.com', 6, '2020-12-17T18:08:01.380Z', '2020-12-18T14:48:49.991Z', true, 'pickup', 'Lue17@hotmail.com', 'Kailyn', 'submitted', NULL, NULL);
INSERT INTO bid (ct_email, ct_price, start_date, end_date, is_cash, transport_method, pet_owner, pet_name, bid_status, feedback, rating) VALUES ('Werner7@hotmail.com', 3, '2020-12-17T18:08:01.380Z', '2020-12-18T14:48:49.991Z', true, 'pickup', 'Ardella_Klocko97@yahoo.com', 'Dianna', 'submitted', NULL, NULL);
INSERT INTO bid (ct_email, ct_price, start_date, end_date, is_cash, transport_method, pet_owner, pet_name, bid_status, feedback, rating) VALUES ('Celine.Hyatt2@yahoo.com', 8, '2020-12-17T18:08:01.380Z', '2020-12-18T14:48:49.991Z', true, 'pickup', 'Kathryn.White@yahoo.com', 'Ebony', 'submitted', NULL, NULL);
INSERT INTO bid (ct_email, ct_price, start_date, end_date, is_cash, transport_method, pet_owner, pet_name, bid_status, feedback, rating) VALUES ('Candace_Terry29@hotmail.com', 4, '2020-12-17T18:08:01.380Z', '2020-12-18T14:48:49.991Z', true, 'pcs', 'Alvera.Weissnat@hotmail.com', 'Karen', 'submitted', NULL, NULL);
INSERT INTO bid (ct_email, ct_price, start_date, end_date, is_cash, transport_method, pet_owner, pet_name, bid_status, feedback, rating) VALUES ('Kailey86@yahoo.com', 4, '2020-12-17T18:08:01.380Z', '2020-12-18T14:48:49.991Z', true, 'pcs', 'Cali.Zboncak97@hotmail.com', 'Kay', 'submitted', NULL, NULL);
INSERT INTO bid (ct_email, ct_price, start_date, end_date, is_cash, transport_method, pet_owner, pet_name, bid_status, feedback, rating) VALUES ('Gudrun38@yahoo.com', 1, '2020-12-17T18:08:01.380Z', '2020-12-18T14:48:49.991Z', true, 'delivery', 'Reynold14@gmail.com', 'Warren', 'submitted', NULL, NULL);
INSERT INTO bid (ct_email, ct_price, start_date, end_date, is_cash, transport_method, pet_owner, pet_name, bid_status, feedback, rating) VALUES ('Keeley71@yahoo.com', 5, '2020-12-17T18:08:01.380Z', '2020-12-18T14:48:49.991Z', true, 'delivery', 'Newton_Monahan@gmail.com', 'Alden', 'submitted', NULL, NULL);
INSERT INTO bid (ct_email, ct_price, start_date, end_date, is_cash, transport_method, pet_owner, pet_name, bid_status, feedback, rating) VALUES ('Alverta40@gmail.com', 15, '2020-12-17T18:08:01.380Z', '2020-12-18T14:48:49.991Z', true, 'delivery', 'Fanny_Weimann@yahoo.com', 'Jermain', 'submitted', NULL, NULL);
INSERT INTO bid (ct_email, ct_price, start_date, end_date, is_cash, transport_method, pet_owner, pet_name, bid_status, feedback, rating) VALUES ('Luna.Schoen18@yahoo.com', 16, '2020-12-17T18:08:01.380Z', '2020-12-18T14:48:49.991Z', true, 'delivery', 'Bradford_Ondricka33@yahoo.com', 'Kaela', 'submitted', NULL, NULL);
INSERT INTO bid (ct_email, ct_price, start_date, end_date, is_cash, transport_method, pet_owner, pet_name, bid_status, feedback, rating) VALUES ('Candelario.Schowalter79@hotmail.com', 0, '2020-12-17T18:08:01.380Z', '2020-12-18T14:48:49.991Z', true, 'pcs', 'Milton_Marvin81@gmail.com', 'Raina', 'submitted', NULL, NULL);
INSERT INTO bid (ct_email, ct_price, start_date, end_date, is_cash, transport_method, pet_owner, pet_name, bid_status, feedback, rating) VALUES ('Joana4@hotmail.com', 20, '2020-12-17T18:08:01.380Z', '2020-12-18T14:48:49.991Z', true, 'pcs', 'Russel25@gmail.com', 'Leonel', 'submitted', NULL, NULL);
INSERT INTO bid (ct_email, ct_price, start_date, end_date, is_cash, transport_method, pet_owner, pet_name, bid_status, feedback, rating) VALUES ('Hailie_Stracke@hotmail.com', 10, '2020-12-17T18:08:01.380Z', '2020-12-18T14:48:49.991Z', true, 'pickup', 'Juliana87@hotmail.com', 'London', 'submitted', NULL, NULL);
INSERT INTO bid (ct_email, ct_price, start_date, end_date, is_cash, transport_method, pet_owner, pet_name, bid_status, feedback, rating) VALUES ('Bart_Glover@yahoo.com', 11, '2020-12-17T18:08:01.380Z', '2020-12-18T14:48:49.991Z', true, 'pcs', 'Haskell.Ratke@yahoo.com', 'Cecil', 'submitted', NULL, NULL);
INSERT INTO bid (ct_email, ct_price, start_date, end_date, is_cash, transport_method, pet_owner, pet_name, bid_status, feedback, rating) VALUES ('Abel_Kilback51@yahoo.com', 10, '2020-12-17T18:08:01.380Z', '2020-12-18T14:48:49.991Z', true, 'pcs', 'Alysa77@hotmail.com', 'Moshe', 'submitted', NULL, NULL);
INSERT INTO bid (ct_email, ct_price, start_date, end_date, is_cash, transport_method, pet_owner, pet_name, bid_status, feedback, rating) VALUES ('Paolo_Lesch93@hotmail.com', 13, '2020-12-17T18:08:01.380Z', '2020-12-18T14:48:49.991Z', true, 'delivery', 'Sarina42@gmail.com', 'Raegan', 'submitted', NULL, NULL);
INSERT INTO bid (ct_email, ct_price, start_date, end_date, is_cash, transport_method, pet_owner, pet_name, bid_status, feedback, rating) VALUES ('Giovanni.Howe49@gmail.com', 4, '2020-12-17T18:08:01.380Z', '2020-12-18T14:48:49.991Z', true, 'pickup', 'Mozelle.Herzog48@gmail.com', 'Ella', 'submitted', NULL, NULL);
INSERT INTO bid (ct_email, ct_price, start_date, end_date, is_cash, transport_method, pet_owner, pet_name, bid_status, feedback, rating) VALUES ('Clint8@hotmail.com', 11, '2020-12-17T18:08:01.380Z', '2020-12-18T14:48:49.991Z', true, 'pickup', 'Montana_Osinski@yahoo.com', 'Vincenza', 'submitted', NULL, NULL);
INSERT INTO bid (ct_email, ct_price, start_date, end_date, is_cash, transport_method, pet_owner, pet_name, bid_status, feedback, rating) VALUES ('Adan_Haley79@hotmail.com', 17, '2020-12-17T18:08:01.380Z', '2020-12-18T14:48:49.991Z', true, 'delivery', 'Peter.Aufderhar37@hotmail.com', 'Lauren', 'submitted', NULL, NULL);
INSERT INTO bid (ct_email, ct_price, start_date, end_date, is_cash, transport_method, pet_owner, pet_name, bid_status, feedback, rating) VALUES ('Agustin_Daniel92@hotmail.com', 1, '2020-12-17T18:08:01.380Z', '2020-12-18T14:48:49.991Z', true, 'pcs', 'Tobin67@gmail.com', 'Spencer', 'submitted', NULL, NULL);
INSERT INTO bid (ct_email, ct_price, start_date, end_date, is_cash, transport_method, pet_owner, pet_name, bid_status, feedback, rating) VALUES ('Breana96@gmail.com', 16, '2020-12-17T18:08:01.380Z', '2020-12-18T14:48:49.991Z', true, 'pcs', 'Arianna.Waelchi@gmail.com', 'Wiley', 'submitted', NULL, NULL);
INSERT INTO bid (ct_email, ct_price, start_date, end_date, is_cash, transport_method, pet_owner, pet_name, bid_status, feedback, rating) VALUES ('Cordie30@yahoo.com', 1, '2020-12-17T18:08:01.380Z', '2020-12-18T14:48:49.991Z', true, 'pickup', 'Marielle_Deckow84@yahoo.com', 'Chesley', 'submitted', NULL, NULL);
INSERT INTO bid (ct_email, ct_price, start_date, end_date, is_cash, transport_method, pet_owner, pet_name, bid_status, feedback, rating) VALUES ('Oleta45@hotmail.com', 8, '2020-12-17T18:08:01.380Z', '2020-12-18T14:48:49.991Z', true, 'pcs', 'Amara.Hoppe@yahoo.com', 'Efrain', 'submitted', NULL, NULL);
INSERT INTO bid (ct_email, ct_price, start_date, end_date, is_cash, transport_method, pet_owner, pet_name, bid_status, feedback, rating) VALUES ('Otis.Lubowitz47@hotmail.com', 4, '2020-12-17T18:08:01.380Z', '2020-12-18T14:48:49.991Z', true, 'pickup', 'Velva99@hotmail.com', 'Frankie', 'submitted', NULL, NULL);
INSERT INTO bid (ct_email, ct_price, start_date, end_date, is_cash, transport_method, pet_owner, pet_name, bid_status, feedback, rating) VALUES ('Cesar.Mraz@gmail.com', 12, '2020-12-17T18:08:01.380Z', '2020-12-18T14:48:49.991Z', true, 'delivery', 'Audrey.Hills@hotmail.com', 'Ronny', 'submitted', NULL, NULL);
INSERT INTO bid (ct_email, ct_price, start_date, end_date, is_cash, transport_method, pet_owner, pet_name, bid_status, feedback, rating) VALUES ('Dale_Breitenberg@gmail.com', 12, '2020-12-17T18:08:01.380Z', '2020-12-18T14:48:49.991Z', true, 'delivery', 'Charles.Mueller@gmail.com', 'Flavio', 'submitted', NULL, NULL);
INSERT INTO bid (ct_email, ct_price, start_date, end_date, is_cash, transport_method, pet_owner, pet_name, bid_status, feedback, rating) VALUES ('Hobart.Windler@hotmail.com', 8, '2020-12-17T18:08:01.380Z', '2020-12-18T14:48:49.991Z', true, 'delivery', 'Skylar.Goldner@yahoo.com', 'Christop', 'submitted', NULL, NULL);
INSERT INTO bid (ct_email, ct_price, start_date, end_date, is_cash, transport_method, pet_owner, pet_name, bid_status, feedback, rating) VALUES ('Estella89@yahoo.com', 7, '2020-12-17T18:08:01.380Z', '2020-12-18T14:48:49.991Z', true, 'delivery', 'Elvie_Hansen@gmail.com', 'Cortney', 'submitted', NULL, NULL);
INSERT INTO bid (ct_email, ct_price, start_date, end_date, is_cash, transport_method, pet_owner, pet_name, bid_status, feedback, rating) VALUES ('Isaac_Blanda@gmail.com', 5, '2020-12-17T18:08:01.380Z', '2020-12-18T14:48:49.991Z', true, 'delivery', 'Augusta53@yahoo.com', 'Claude', 'submitted', NULL, NULL);
INSERT INTO bid (ct_email, ct_price, start_date, end_date, is_cash, transport_method, pet_owner, pet_name, bid_status, feedback, rating) VALUES ('Candice.Waters@hotmail.com', 14, '2020-12-17T18:08:01.380Z', '2020-12-18T14:48:49.991Z', true, 'pickup', 'Kaela_Towne@hotmail.com', 'Albin', 'submitted', NULL, NULL);
INSERT INTO bid (ct_email, ct_price, start_date, end_date, is_cash, transport_method, pet_owner, pet_name, bid_status, feedback, rating) VALUES ('Mariano54@gmail.com', 5, '2020-12-17T18:08:01.380Z', '2020-12-18T14:48:49.991Z', true, 'pickup', 'Leta_Crona@yahoo.com', 'Jeanne', 'submitted', NULL, NULL);
INSERT INTO bid (ct_email, ct_price, start_date, end_date, is_cash, transport_method, pet_owner, pet_name, bid_status, feedback, rating) VALUES ('Margarette_Graham@gmail.com', 11, '2020-12-17T18:08:01.380Z', '2020-12-18T14:48:49.991Z', true, 'pickup', 'Sonny1@yahoo.com', 'Adrian', 'submitted', NULL, NULL);
INSERT INTO bid (ct_email, ct_price, start_date, end_date, is_cash, transport_method, pet_owner, pet_name, bid_status, feedback, rating) VALUES ('Amara.Hoppe@yahoo.com', 15, '2020-12-17T18:08:01.380Z', '2020-12-18T14:48:49.991Z', true, 'pickup', 'Charity.Wolf32@gmail.com', 'Octavia', 'submitted', NULL, NULL);
INSERT INTO bid (ct_email, ct_price, start_date, end_date, is_cash, transport_method, pet_owner, pet_name, bid_status, feedback, rating) VALUES ('Bart.Strosin@gmail.com', 12, '2020-12-17T18:08:01.380Z', '2020-12-18T14:48:49.991Z', true, 'pcs', 'Leola.Kutch@hotmail.com', 'Sarah', 'submitted', NULL, NULL);
INSERT INTO bid (ct_email, ct_price, start_date, end_date, is_cash, transport_method, pet_owner, pet_name, bid_status, feedback, rating) VALUES ('Julian.Lubowitz@gmail.com', 17, '2020-12-17T18:08:01.380Z', '2020-12-18T14:48:49.991Z', true, 'delivery', 'Yasmine_Jenkins69@gmail.com', 'Jarrett', 'submitted', NULL, NULL);
INSERT INTO bid (ct_email, ct_price, start_date, end_date, is_cash, transport_method, pet_owner, pet_name, bid_status, feedback, rating) VALUES ('Sylvia80@yahoo.com', 11, '2020-12-17T18:08:01.380Z', '2020-12-18T14:48:49.991Z', true, 'pickup', 'Royce84@gmail.com', 'Reba', 'submitted', NULL, NULL);
INSERT INTO bid (ct_email, ct_price, start_date, end_date, is_cash, transport_method, pet_owner, pet_name, bid_status, feedback, rating) VALUES ('Dominic_Koss85@yahoo.com', 13, '2020-12-17T18:08:01.380Z', '2020-12-18T14:48:49.991Z', true, 'pcs', 'Reba.Maggio@yahoo.com', 'Pete', 'submitted', NULL, NULL);
INSERT INTO bid (ct_email, ct_price, start_date, end_date, is_cash, transport_method, pet_owner, pet_name, bid_status, feedback, rating) VALUES ('Art.Mante87@hotmail.com', 1, '2020-12-17T18:08:01.380Z', '2020-12-18T14:48:49.991Z', true, 'delivery', 'Lavinia.Ziemann21@yahoo.com', 'Terrence', 'submitted', NULL, NULL);
INSERT INTO bid (ct_email, ct_price, start_date, end_date, is_cash, transport_method, pet_owner, pet_name, bid_status, feedback, rating) VALUES ('Mandy_Bashirian74@hotmail.com', 6, '2020-12-17T18:08:01.380Z', '2020-12-18T14:48:49.991Z', true, 'pickup', 'Norval_Lockman24@yahoo.com', 'Max', 'submitted', NULL, NULL);
INSERT INTO bid (ct_email, ct_price, start_date, end_date, is_cash, transport_method, pet_owner, pet_name, bid_status, feedback, rating) VALUES ('Dante.Hudson@gmail.com', 5, '2020-12-17T18:08:01.380Z', '2020-12-18T14:48:49.991Z', true, 'delivery', 'Jeremie45@gmail.com', 'Nash', 'submitted', NULL, NULL);
INSERT INTO bid (ct_email, ct_price, start_date, end_date, is_cash, transport_method, pet_owner, pet_name, bid_status, feedback, rating) VALUES ('Ludwig_Hessel@yahoo.com', 0, '2020-12-17T18:08:01.380Z', '2020-12-18T14:48:49.991Z', true, 'delivery', 'Quinten.OHara78@yahoo.com', 'Clara', 'submitted', NULL, NULL);
INSERT INTO bid (ct_email, ct_price, start_date, end_date, is_cash, transport_method, pet_owner, pet_name, bid_status, feedback, rating) VALUES ('Ford52@gmail.com', 7, '2020-12-17T18:08:01.380Z', '2020-12-18T14:48:49.991Z', true, 'pcs', 'Megane_Schoen24@yahoo.com', 'Blaise', 'submitted', NULL, NULL);
INSERT INTO bid (ct_email, ct_price, start_date, end_date, is_cash, transport_method, pet_owner, pet_name, bid_status, feedback, rating) VALUES ('Kadin30@yahoo.com', 15, '2020-12-17T18:08:01.380Z', '2020-12-18T14:48:49.991Z', true, 'pcs', 'Jovany64@hotmail.com', 'Alize', 'submitted', NULL, NULL);
INSERT INTO bid (ct_email, ct_price, start_date, end_date, is_cash, transport_method, pet_owner, pet_name, bid_status, feedback, rating) VALUES ('Herta20@hotmail.com', 3, '2020-12-17T18:08:01.380Z', '2020-12-18T14:48:49.991Z', true, 'pcs', 'Joe27@gmail.com', 'Layla', 'submitted', NULL, NULL);
INSERT INTO bid (ct_email, ct_price, start_date, end_date, is_cash, transport_method, pet_owner, pet_name, bid_status, feedback, rating) VALUES ('Carlie_Erdman@hotmail.com', 16, '2020-12-17T18:08:01.380Z', '2020-12-18T14:48:49.991Z', true, 'pcs', 'Kailey86@yahoo.com', 'Golda', 'submitted', NULL, NULL);
INSERT INTO bid (ct_email, ct_price, start_date, end_date, is_cash, transport_method, pet_owner, pet_name, bid_status, feedback, rating) VALUES ('Effie.Swift73@gmail.com', 12, '2020-12-17T18:08:01.380Z', '2020-12-18T14:48:49.991Z', true, 'pcs', 'Cayla_Reilly@gmail.com', 'Jonas', 'submitted', NULL, NULL);
INSERT INTO bid (ct_email, ct_price, start_date, end_date, is_cash, transport_method, pet_owner, pet_name, bid_status, feedback, rating) VALUES ('Viviane41@hotmail.com', 10, '2020-12-17T18:08:01.380Z', '2020-12-18T14:48:49.991Z', true, 'pickup', 'Marguerite47@gmail.com', 'Savanah', 'submitted', NULL, NULL);
INSERT INTO bid (ct_email, ct_price, start_date, end_date, is_cash, transport_method, pet_owner, pet_name, bid_status, feedback, rating) VALUES ('Maverick8@gmail.com', 9, '2020-12-17T18:08:01.380Z', '2020-12-18T14:48:49.991Z', true, 'delivery', 'Elliott.Toy83@hotmail.com', 'Shemar', 'submitted', NULL, NULL);
INSERT INTO bid (ct_email, ct_price, start_date, end_date, is_cash, transport_method, pet_owner, pet_name, bid_status, feedback, rating) VALUES ('Julien15@hotmail.com', 15, '2020-12-17T18:08:01.380Z', '2020-12-18T14:48:49.991Z', true, 'delivery', 'Kathleen_Wiegand3@hotmail.com', 'Mauricio', 'submitted', NULL, NULL);
INSERT INTO bid (ct_email, ct_price, start_date, end_date, is_cash, transport_method, pet_owner, pet_name, bid_status, feedback, rating) VALUES ('Percy_Langworth60@hotmail.com', 1, '2020-12-17T18:08:01.380Z', '2020-12-18T14:48:49.991Z', true, 'pcs', 'Dorian_Rice@hotmail.com', 'Davion', 'submitted', NULL, NULL);
INSERT INTO bid (ct_email, ct_price, start_date, end_date, is_cash, transport_method, pet_owner, pet_name, bid_status, feedback, rating) VALUES ('Keagan28@gmail.com', 10, '2020-12-17T18:08:01.380Z', '2020-12-18T14:48:49.991Z', true, 'pickup', 'Baron52@yahoo.com', 'Guiseppe', 'submitted', NULL, NULL);
INSERT INTO bid (ct_email, ct_price, start_date, end_date, is_cash, transport_method, pet_owner, pet_name, bid_status, feedback, rating) VALUES ('Amari58@hotmail.com', 10, '2020-12-17T18:08:01.380Z', '2020-12-18T14:48:49.991Z', true, 'delivery', 'Maia.Labadie7@hotmail.com', 'Chet', 'submitted', NULL, NULL);
INSERT INTO bid (ct_email, ct_price, start_date, end_date, is_cash, transport_method, pet_owner, pet_name, bid_status, feedback, rating) VALUES ('Vesta.Gislason90@yahoo.com', 6, '2020-12-17T18:08:01.380Z', '2020-12-18T14:48:49.991Z', true, 'delivery', 'Agustin_Daniel92@hotmail.com', 'Michelle', 'submitted', NULL, NULL);
INSERT INTO bid (ct_email, ct_price, start_date, end_date, is_cash, transport_method, pet_owner, pet_name, bid_status, feedback, rating) VALUES ('Ford_Price@hotmail.com', 1, '2020-12-17T18:08:01.380Z', '2020-12-18T14:48:49.991Z', true, 'pcs', 'Trever60@hotmail.com', 'Chase', 'submitted', NULL, NULL);
INSERT INTO bid (ct_email, ct_price, start_date, end_date, is_cash, transport_method, pet_owner, pet_name, bid_status, feedback, rating) VALUES ('Dylan.Franecki95@gmail.com', 2, '2020-12-17T18:08:01.380Z', '2020-12-18T14:48:49.991Z', true, 'pickup', 'Albin.Sawayn3@yahoo.com', 'Mohammad', 'submitted', NULL, NULL);
INSERT INTO bid (ct_email, ct_price, start_date, end_date, is_cash, transport_method, pet_owner, pet_name, bid_status, feedback, rating) VALUES ('Jovany64@hotmail.com', 14, '2020-12-17T18:08:01.380Z', '2020-12-18T14:48:49.991Z', true, 'pcs', 'Gudrun38@yahoo.com', 'Wallace', 'submitted', NULL, NULL);
INSERT INTO bid (ct_email, ct_price, start_date, end_date, is_cash, transport_method, pet_owner, pet_name, bid_status, feedback, rating) VALUES ('Edd45@gmail.com', 11, '2020-12-17T18:08:01.380Z', '2020-12-18T14:48:49.991Z', true, 'delivery', 'Rosalia.Crona@hotmail.com', 'Bridie', 'submitted', NULL, NULL);
INSERT INTO bid (ct_email, ct_price, start_date, end_date, is_cash, transport_method, pet_owner, pet_name, bid_status, feedback, rating) VALUES ('Cheyanne_Cronin97@gmail.com', 4, '2020-12-17T18:08:01.380Z', '2020-12-18T14:48:49.991Z', true, 'delivery', 'Rickey34@yahoo.com', 'Cristian', 'submitted', NULL, NULL);
INSERT INTO bid (ct_email, ct_price, start_date, end_date, is_cash, transport_method, pet_owner, pet_name, bid_status, feedback, rating) VALUES ('Everett_Krajcik@gmail.com', 12, '2020-12-17T18:08:01.380Z', '2020-12-18T14:48:49.991Z', true, 'pcs', 'Joana4@hotmail.com', 'Alysa', 'submitted', NULL, NULL);
INSERT INTO bid (ct_email, ct_price, start_date, end_date, is_cash, transport_method, pet_owner, pet_name, bid_status, feedback, rating) VALUES ('Alex_Runolfsson@gmail.com', 14, '2020-12-17T18:08:01.380Z', '2020-12-18T14:48:49.991Z', true, 'pcs', 'Ramon.Heidenreich96@hotmail.com', 'Ayden', 'submitted', NULL, NULL);
INSERT INTO bid (ct_email, ct_price, start_date, end_date, is_cash, transport_method, pet_owner, pet_name, bid_status, feedback, rating) VALUES ('Ethelyn41@hotmail.com', 9, '2020-12-17T18:08:01.380Z', '2020-12-18T14:48:49.991Z', true, 'pcs', 'Antonio.Ortiz@hotmail.com', 'Uriah', 'submitted', NULL, NULL);
INSERT INTO bid (ct_email, ct_price, start_date, end_date, is_cash, transport_method, pet_owner, pet_name, bid_status, feedback, rating) VALUES ('Grayson.Huels@yahoo.com', 7, '2020-12-17T18:08:01.380Z', '2020-12-18T14:48:49.991Z', true, 'pickup', 'Trudie55@hotmail.com', 'Leif', 'submitted', NULL, NULL);
INSERT INTO bid (ct_email, ct_price, start_date, end_date, is_cash, transport_method, pet_owner, pet_name, bid_status, feedback, rating) VALUES ('Angela_Heaney@gmail.com', 5, '2020-12-17T18:08:01.380Z', '2020-12-18T14:48:49.991Z', true, 'pcs', 'Arnoldo74@hotmail.com', 'Gillian', 'submitted', NULL, NULL);
INSERT INTO bid (ct_email, ct_price, start_date, end_date, is_cash, transport_method, pet_owner, pet_name, bid_status, feedback, rating) VALUES ('Wendy67@yahoo.com', 15, '2020-12-17T18:08:01.380Z', '2020-12-18T14:48:49.991Z', true, 'delivery', 'Rosalyn46@gmail.com', 'Jany', 'submitted', NULL, NULL);
INSERT INTO bid (ct_email, ct_price, start_date, end_date, is_cash, transport_method, pet_owner, pet_name, bid_status, feedback, rating) VALUES ('Natalia_Pfeffer68@hotmail.com', 11, '2020-12-17T18:08:01.380Z', '2020-12-18T14:48:49.991Z', true, 'delivery', 'Charlotte8@hotmail.com', 'Tristian', 'submitted', NULL, NULL);
INSERT INTO bid (ct_email, ct_price, start_date, end_date, is_cash, transport_method, pet_owner, pet_name, bid_status, feedback, rating) VALUES ('Meredith_Heidenreich@gmail.com', 18, '2020-12-17T18:08:01.380Z', '2020-12-18T14:48:49.991Z', true, 'delivery', 'Alyson.Hamill80@gmail.com', 'Rahsaan', 'submitted', NULL, NULL);
INSERT INTO bid (ct_email, ct_price, start_date, end_date, is_cash, transport_method, pet_owner, pet_name, bid_status, feedback, rating) VALUES ('Newton_Monahan@gmail.com', 5, '2020-12-17T18:08:01.380Z', '2020-12-18T14:48:49.991Z', true, 'delivery', 'Orlando79@yahoo.com', 'Aiden', 'submitted', NULL, NULL);
INSERT INTO bid (ct_email, ct_price, start_date, end_date, is_cash, transport_method, pet_owner, pet_name, bid_status, feedback, rating) VALUES ('Curtis81@hotmail.com', 18, '2020-12-17T18:08:01.380Z', '2020-12-18T14:48:49.991Z', true, 'pickup', 'Myah_Walsh@gmail.com', 'Elvis', 'submitted', NULL, NULL);
INSERT INTO bid (ct_email, ct_price, start_date, end_date, is_cash, transport_method, pet_owner, pet_name, bid_status, feedback, rating) VALUES ('Octavia.Block61@yahoo.com', 12, '2020-12-17T18:08:01.380Z', '2020-12-18T14:48:49.991Z', true, 'pcs', 'Tyreek_Simonis@hotmail.com', 'Annabell', 'submitted', NULL, NULL);
INSERT INTO bid (ct_email, ct_price, start_date, end_date, is_cash, transport_method, pet_owner, pet_name, bid_status, feedback, rating) VALUES ('Viviane_Borer14@hotmail.com', 16, '2020-12-17T18:08:01.380Z', '2020-12-18T14:48:49.991Z', true, 'delivery', 'Carlee.Hansen@gmail.com', 'Frederique', 'submitted', NULL, NULL);
INSERT INTO bid (ct_email, ct_price, start_date, end_date, is_cash, transport_method, pet_owner, pet_name, bid_status, feedback, rating) VALUES ('Shyann_Roberts@yahoo.com', 6, '2020-12-17T18:08:01.380Z', '2020-12-18T14:48:49.991Z', true, 'pickup', 'Adelle.Labadie@hotmail.com', 'Shaina', 'submitted', NULL, NULL);
INSERT INTO bid (ct_email, ct_price, start_date, end_date, is_cash, transport_method, pet_owner, pet_name, bid_status, feedback, rating) VALUES ('Lyric.Feest25@yahoo.com', 14, '2020-12-17T18:08:01.380Z', '2020-12-18T14:48:49.991Z', true, 'delivery', 'Immanuel13@gmail.com', 'Merlin', 'submitted', NULL, NULL);
INSERT INTO bid (ct_email, ct_price, start_date, end_date, is_cash, transport_method, pet_owner, pet_name, bid_status, feedback, rating) VALUES ('Cary79@hotmail.com', 0, '2020-12-17T18:08:01.380Z', '2020-12-18T14:48:49.991Z', true, 'delivery', 'Stephany.Luettgen73@gmail.com', 'Donald', 'submitted', NULL, NULL);
INSERT INTO bid (ct_email, ct_price, start_date, end_date, is_cash, transport_method, pet_owner, pet_name, bid_status, feedback, rating) VALUES ('Stanton_Rath8@yahoo.com', 2, '2020-12-17T18:08:01.380Z', '2020-12-18T14:48:49.991Z', true, 'pcs', 'Heath_Harris@yahoo.com', 'Isaias', 'submitted', NULL, NULL);
INSERT INTO bid (ct_email, ct_price, start_date, end_date, is_cash, transport_method, pet_owner, pet_name, bid_status, feedback, rating) VALUES ('Breanna_Swaniawski58@gmail.com', 20, '2020-12-17T18:08:01.380Z', '2020-12-18T14:48:49.991Z', true, 'delivery', 'Bartholome.Schowalter@yahoo.com', 'Tatum', 'submitted', NULL, NULL);
INSERT INTO bid (ct_email, ct_price, start_date, end_date, is_cash, transport_method, pet_owner, pet_name, bid_status, feedback, rating) VALUES ('Olga.Crist40@gmail.com', 7, '2020-12-17T18:08:01.380Z', '2020-12-18T14:48:49.991Z', true, 'pcs', 'Eveline.Bergstrom@hotmail.com', 'Cristal', 'submitted', NULL, NULL);
INSERT INTO bid (ct_email, ct_price, start_date, end_date, is_cash, transport_method, pet_owner, pet_name, bid_status, feedback, rating) VALUES ('Tobin67@gmail.com', 20, '2020-12-17T18:08:01.380Z', '2020-12-18T14:48:49.991Z', true, 'pcs', 'Leif_Dickinson@hotmail.com', 'Turner', 'submitted', NULL, NULL);
INSERT INTO bid (ct_email, ct_price, start_date, end_date, is_cash, transport_method, pet_owner, pet_name, bid_status, feedback, rating) VALUES ('Antoinette44@hotmail.com', 4, '2020-12-17T18:08:01.380Z', '2020-12-18T14:48:49.991Z', true, 'pickup', 'Ubaldo37@gmail.com', 'Toy', 'submitted', NULL, NULL);
INSERT INTO bid (ct_email, ct_price, start_date, end_date, is_cash, transport_method, pet_owner, pet_name, bid_status, feedback, rating) VALUES ('Keith.Wisoky74@gmail.com', 16, '2020-12-17T18:08:01.380Z', '2020-12-18T14:48:49.991Z', true, 'delivery', 'Roscoe.Mante@gmail.com', 'Adelia', 'submitted', NULL, NULL);
INSERT INTO bid (ct_email, ct_price, start_date, end_date, is_cash, transport_method, pet_owner, pet_name, bid_status, feedback, rating) VALUES ('Marianne.Predovic99@gmail.com', 3, '2020-12-17T18:08:01.380Z', '2020-12-18T14:48:49.991Z', true, 'pcs', 'Natalia_Stoltenberg3@hotmail.com', 'Luther', 'submitted', NULL, NULL);
INSERT INTO bid (ct_email, ct_price, start_date, end_date, is_cash, transport_method, pet_owner, pet_name, bid_status, feedback, rating) VALUES ('Turner.Shields76@yahoo.com', 0, '2020-12-17T18:08:01.380Z', '2020-12-18T14:48:49.991Z', true, 'pcs', 'Dexter_Lockman@gmail.com', 'Viviane', 'submitted', NULL, NULL);
INSERT INTO bid (ct_email, ct_price, start_date, end_date, is_cash, transport_method, pet_owner, pet_name, bid_status, feedback, rating) VALUES ('Kellie69@gmail.com', 13, '2020-12-17T18:08:01.380Z', '2020-12-18T14:48:49.991Z', true, 'pickup', 'Cathrine34@gmail.com', 'Joshuah', 'submitted', NULL, NULL);
INSERT INTO bid (ct_email, ct_price, start_date, end_date, is_cash, transport_method, pet_owner, pet_name, bid_status, feedback, rating) VALUES ('Milford_Rath@yahoo.com', 8, '2020-12-17T18:08:01.380Z', '2020-12-18T14:48:49.991Z', true, 'pcs', 'Lucile.Dickinson@gmail.com', 'Eleazar', 'submitted', NULL, NULL);
INSERT INTO bid (ct_email, ct_price, start_date, end_date, is_cash, transport_method, pet_owner, pet_name, bid_status, feedback, rating) VALUES ('Rosalia.Crona@hotmail.com', 11, '2020-12-17T18:08:01.380Z', '2020-12-18T14:48:49.991Z', true, 'pcs', 'Jose69@hotmail.com', 'Rosendo', 'submitted', NULL, NULL);
INSERT INTO bid (ct_email, ct_price, start_date, end_date, is_cash, transport_method, pet_owner, pet_name, bid_status, feedback, rating) VALUES ('Darryl_Ward@hotmail.com', 9, '2020-12-17T18:08:01.380Z', '2020-12-18T14:48:49.991Z', true, 'pcs', 'Eleanore34@hotmail.com', 'Lina', 'submitted', NULL, NULL);
INSERT INTO bid (ct_email, ct_price, start_date, end_date, is_cash, transport_method, pet_owner, pet_name, bid_status, feedback, rating) VALUES ('Bennett6@gmail.com', 19, '2020-12-17T18:08:01.380Z', '2020-12-18T14:48:49.991Z', true, 'pickup', 'Sigurd.Walter@gmail.com', 'Trisha', 'submitted', NULL, NULL);
INSERT INTO bid (ct_email, ct_price, start_date, end_date, is_cash, transport_method, pet_owner, pet_name, bid_status, feedback, rating) VALUES ('Dante.King90@yahoo.com', 7, '2020-12-17T18:08:01.380Z', '2020-12-18T14:48:49.991Z', true, 'delivery', 'Clint8@hotmail.com', 'Roel', 'submitted', NULL, NULL);
INSERT INTO bid (ct_email, ct_price, start_date, end_date, is_cash, transport_method, pet_owner, pet_name, bid_status, feedback, rating) VALUES ('Adella_Predovic@yahoo.com', 7, '2020-12-17T18:08:01.380Z', '2020-12-18T14:48:49.991Z', true, 'pickup', 'Webster.Nitzsche50@gmail.com', 'Lester', 'submitted', NULL, NULL);
INSERT INTO bid (ct_email, ct_price, start_date, end_date, is_cash, transport_method, pet_owner, pet_name, bid_status, feedback, rating) VALUES ('Janet.Rosenbaum81@gmail.com', 20, '2020-12-17T18:08:01.380Z', '2020-12-18T14:48:49.991Z', true, 'pickup', 'Keira23@gmail.com', 'Fabian', 'submitted', NULL, NULL);
INSERT INTO bid (ct_email, ct_price, start_date, end_date, is_cash, transport_method, pet_owner, pet_name, bid_status, feedback, rating) VALUES ('Tatyana_Kozey32@gmail.com', 18, '2020-12-17T18:08:01.380Z', '2020-12-18T14:48:49.991Z', true, 'delivery', 'Julien.Towne@gmail.com', 'Katlynn', 'submitted', NULL, NULL);
INSERT INTO bid (ct_email, ct_price, start_date, end_date, is_cash, transport_method, pet_owner, pet_name, bid_status, feedback, rating) VALUES ('Tommie_Klein67@yahoo.com', 12, '2020-12-17T18:08:01.380Z', '2020-12-18T14:48:49.991Z', true, 'pcs', 'Eloise_Raynor72@yahoo.com', 'Werner', 'submitted', NULL, NULL);
INSERT INTO bid (ct_email, ct_price, start_date, end_date, is_cash, transport_method, pet_owner, pet_name, bid_status, feedback, rating) VALUES ('Terrence_Will@gmail.com', 17, '2020-12-17T18:08:01.380Z', '2020-12-18T14:48:49.991Z', true, 'delivery', 'Hobart.Windler@hotmail.com', 'Emil', 'submitted', NULL, NULL);
INSERT INTO bid (ct_email, ct_price, start_date, end_date, is_cash, transport_method, pet_owner, pet_name, bid_status, feedback, rating) VALUES ('Amalia_Miller@yahoo.com', 3, '2020-12-17T18:08:01.380Z', '2020-12-18T14:48:49.991Z', true, 'delivery', 'Adrain_Wyman@gmail.com', 'Selina', 'submitted', NULL, NULL);
INSERT INTO bid (ct_email, ct_price, start_date, end_date, is_cash, transport_method, pet_owner, pet_name, bid_status, feedback, rating) VALUES ('Jovany.Will@gmail.com', 7, '2020-12-17T18:08:01.380Z', '2020-12-18T14:48:49.991Z', true, 'pickup', 'Veda.Hagenes@yahoo.com', 'Everette', 'submitted', NULL, NULL);
INSERT INTO bid (ct_email, ct_price, start_date, end_date, is_cash, transport_method, pet_owner, pet_name, bid_status, feedback, rating) VALUES ('Savannah33@gmail.com', 16, '2020-12-17T18:08:01.380Z', '2020-12-18T14:48:49.991Z', true, 'delivery', 'Tristian_Heller31@yahoo.com', 'Stanford', 'submitted', NULL, NULL);
INSERT INTO bid (ct_email, ct_price, start_date, end_date, is_cash, transport_method, pet_owner, pet_name, bid_status, feedback, rating) VALUES ('Chadd87@yahoo.com', 6, '2020-12-17T18:08:01.380Z', '2020-12-18T14:48:49.991Z', true, 'pcs', 'Jesus.Haag@hotmail.com', 'Marielle', 'submitted', NULL, NULL);
INSERT INTO bid (ct_email, ct_price, start_date, end_date, is_cash, transport_method, pet_owner, pet_name, bid_status, feedback, rating) VALUES ('Edna77@hotmail.com', 20, '2020-12-17T18:08:01.380Z', '2020-12-18T14:48:49.991Z', true, 'delivery', 'Charley_Murray79@yahoo.com', 'Pierre', 'submitted', NULL, NULL);
INSERT INTO bid (ct_email, ct_price, start_date, end_date, is_cash, transport_method, pet_owner, pet_name, bid_status, feedback, rating) VALUES ('Reggie.Cormier0@yahoo.com', 8, '2020-12-17T18:08:01.380Z', '2020-12-18T14:48:49.991Z', true, 'pickup', 'Fiona_Wiza13@gmail.com', 'Tia', 'submitted', NULL, NULL);
INSERT INTO bid (ct_email, ct_price, start_date, end_date, is_cash, transport_method, pet_owner, pet_name, bid_status, feedback, rating) VALUES ('Fanny_Weimann@yahoo.com', 1, '2020-12-17T18:08:01.380Z', '2020-12-18T14:48:49.991Z', true, 'pickup', 'Regan_Kuhic@yahoo.com', 'Schuyler', 'submitted', NULL, NULL);
INSERT INTO bid (ct_email, ct_price, start_date, end_date, is_cash, transport_method, pet_owner, pet_name, bid_status, feedback, rating) VALUES ('Halie49@hotmail.com', 14, '2020-12-17T18:08:01.380Z', '2020-12-18T14:48:49.991Z', true, 'pcs', 'Stella_Wyman55@yahoo.com', 'Hildegard', 'submitted', NULL, NULL);
INSERT INTO bid (ct_email, ct_price, start_date, end_date, is_cash, transport_method, pet_owner, pet_name, bid_status, feedback, rating) VALUES ('Alison_Jaskolski@hotmail.com', 17, '2020-12-17T18:08:01.380Z', '2020-12-18T14:48:49.991Z', true, 'pcs', 'Crawford23@yahoo.com', 'Cindy', 'submitted', NULL, NULL);
INSERT INTO bid (ct_email, ct_price, start_date, end_date, is_cash, transport_method, pet_owner, pet_name, bid_status, feedback, rating) VALUES ('Bradford31@hotmail.com', 5, '2020-12-17T18:08:01.380Z', '2020-12-18T14:48:49.991Z', true, 'pickup', 'Lukas.Mayer16@gmail.com', 'Alana', 'submitted', NULL, NULL);
INSERT INTO bid (ct_email, ct_price, start_date, end_date, is_cash, transport_method, pet_owner, pet_name, bid_status, feedback, rating) VALUES ('Adriana28@gmail.com', 5, '2020-12-17T18:08:01.380Z', '2020-12-18T14:48:49.991Z', true, 'pcs', 'Chandler.Sipes@yahoo.com', 'Karina', 'submitted', NULL, NULL);
INSERT INTO bid (ct_email, ct_price, start_date, end_date, is_cash, transport_method, pet_owner, pet_name, bid_status, feedback, rating) VALUES ('Edgar.Armstrong@yahoo.com', 17, '2020-12-17T18:08:01.380Z', '2020-12-18T14:48:49.991Z', true, 'pickup', 'Citlalli.Haag76@gmail.com', 'Felicita', 'submitted', NULL, NULL);
INSERT INTO bid (ct_email, ct_price, start_date, end_date, is_cash, transport_method, pet_owner, pet_name, bid_status, feedback, rating) VALUES ('Dario_Bartell97@hotmail.com', 20, '2020-12-17T18:08:01.380Z', '2020-12-18T14:48:49.991Z', true, 'delivery', 'Giovanni.Howe49@gmail.com', 'Lottie', 'submitted', NULL, NULL);
INSERT INTO bid (ct_email, ct_price, start_date, end_date, is_cash, transport_method, pet_owner, pet_name, bid_status, feedback, rating) VALUES ('Thea.Hahn@yahoo.com', 12, '2020-12-17T18:08:01.380Z', '2020-12-18T14:48:49.991Z', true, 'pickup', 'Stevie61@hotmail.com', 'Jalon', 'submitted', NULL, NULL);
INSERT INTO bid (ct_email, ct_price, start_date, end_date, is_cash, transport_method, pet_owner, pet_name, bid_status, feedback, rating) VALUES ('Carissa.Lehner38@gmail.com', 6, '2020-12-17T18:08:01.380Z', '2020-12-18T14:48:49.991Z', true, 'delivery', 'Santiago_Strosin@yahoo.com', 'Jerel', 'submitted', NULL, NULL);
INSERT INTO bid (ct_email, ct_price, start_date, end_date, is_cash, transport_method, pet_owner, pet_name, bid_status, feedback, rating) VALUES ('Zackary38@gmail.com', 4, '2020-12-17T18:08:01.380Z', '2020-12-18T14:48:49.991Z', true, 'pickup', 'Mohamed_Kshlerin@hotmail.com', 'Pauline', 'submitted', NULL, NULL);
INSERT INTO bid (ct_email, ct_price, start_date, end_date, is_cash, transport_method, pet_owner, pet_name, bid_status, feedback, rating) VALUES ('Kasey32@gmail.com', 17, '2020-12-17T18:08:01.380Z', '2020-12-18T14:48:49.991Z', true, 'delivery', 'Bennett6@gmail.com', 'Maxie', 'submitted', NULL, NULL);
INSERT INTO bid (ct_email, ct_price, start_date, end_date, is_cash, transport_method, pet_owner, pet_name, bid_status, feedback, rating) VALUES ('Selina_Labadie82@gmail.com', 9, '2020-12-17T18:08:01.380Z', '2020-12-18T14:48:49.991Z', true, 'delivery', 'Delfina.Sipes@hotmail.com', 'Jeffry', 'submitted', NULL, NULL);
INSERT INTO bid (ct_email, ct_price, start_date, end_date, is_cash, transport_method, pet_owner, pet_name, bid_status, feedback, rating) VALUES ('Jena.Heathcote@yahoo.com', 6, '2020-12-17T18:08:01.380Z', '2020-12-18T14:48:49.991Z', true, 'pcs', 'Sid_Kertzmann@gmail.com', 'Westley', 'submitted', NULL, NULL);
INSERT INTO bid (ct_email, ct_price, start_date, end_date, is_cash, transport_method, pet_owner, pet_name, bid_status, feedback, rating) VALUES ('Pearlie_Koch1@yahoo.com', 5, '2020-12-17T18:08:01.380Z', '2020-12-18T14:48:49.991Z', true, 'pcs', 'Sandy.Tremblay63@yahoo.com', 'Forrest', 'submitted', NULL, NULL);
INSERT INTO bid (ct_email, ct_price, start_date, end_date, is_cash, transport_method, pet_owner, pet_name, bid_status, feedback, rating) VALUES ('Emmanuelle_Christiansen20@yahoo.com', 15, '2020-12-17T18:08:01.380Z', '2020-12-18T14:48:49.991Z', true, 'pcs', 'Corbin_Predovic1@yahoo.com', 'Kyle', 'submitted', NULL, NULL);
INSERT INTO bid (ct_email, ct_price, start_date, end_date, is_cash, transport_method, pet_owner, pet_name, bid_status, feedback, rating) VALUES ('Shakira.Gusikowski@gmail.com', 5, '2020-12-17T18:08:01.380Z', '2020-12-18T14:48:49.991Z', true, 'pcs', 'Damion_Daugherty@gmail.com', 'Olin', 'submitted', NULL, NULL);
INSERT INTO bid (ct_email, ct_price, start_date, end_date, is_cash, transport_method, pet_owner, pet_name, bid_status, feedback, rating) VALUES ('Trever60@hotmail.com', 13, '2020-12-17T18:08:01.380Z', '2020-12-18T14:48:49.991Z', true, 'pcs', 'Vernice.Gaylord@gmail.com', 'Eden', 'submitted', NULL, NULL);
INSERT INTO bid (ct_email, ct_price, start_date, end_date, is_cash, transport_method, pet_owner, pet_name, bid_status, feedback, rating) VALUES ('Meta_Thompson@hotmail.com', 8, '2020-12-17T18:08:01.380Z', '2020-12-18T14:48:49.991Z', true, 'delivery', 'Isom22@yahoo.com', 'Kendra', 'submitted', NULL, NULL);
INSERT INTO bid (ct_email, ct_price, start_date, end_date, is_cash, transport_method, pet_owner, pet_name, bid_status, feedback, rating) VALUES ('Royce84@gmail.com', 13, '2020-12-17T18:08:01.380Z', '2020-12-18T14:48:49.991Z', true, 'pcs', 'Lucious79@hotmail.com', 'Waylon', 'submitted', NULL, NULL);
INSERT INTO bid (ct_email, ct_price, start_date, end_date, is_cash, transport_method, pet_owner, pet_name, bid_status, feedback, rating) VALUES ('Lee89@hotmail.com', 11, '2020-12-17T18:08:01.380Z', '2020-12-18T14:48:49.991Z', true, 'pcs', 'Josiah59@yahoo.com', 'Nicklaus', 'submitted', NULL, NULL);
INSERT INTO bid (ct_email, ct_price, start_date, end_date, is_cash, transport_method, pet_owner, pet_name, bid_status, feedback, rating) VALUES ('Gregory38@gmail.com', 19, '2020-12-17T18:08:01.380Z', '2020-12-18T14:48:49.991Z', true, 'delivery', 'Margarita.Hermiston@yahoo.com', 'Sophie', 'submitted', NULL, NULL);
INSERT INTO bid (ct_email, ct_price, start_date, end_date, is_cash, transport_method, pet_owner, pet_name, bid_status, feedback, rating) VALUES ('Nakia_Schamberger38@gmail.com', 19, '2020-12-17T18:08:01.380Z', '2020-12-18T14:48:49.991Z', true, 'pickup', 'Elton_Schiller@gmail.com', 'Ila', 'submitted', NULL, NULL);
INSERT INTO bid (ct_email, ct_price, start_date, end_date, is_cash, transport_method, pet_owner, pet_name, bid_status, feedback, rating) VALUES ('Mariela.Huels59@hotmail.com', 14, '2020-12-17T18:08:01.380Z', '2020-12-18T14:48:49.991Z', true, 'pcs', 'Tomasa75@hotmail.com', 'Delilah', 'submitted', NULL, NULL);
INSERT INTO bid (ct_email, ct_price, start_date, end_date, is_cash, transport_method, pet_owner, pet_name, bid_status, feedback, rating) VALUES ('Tristian_Heller31@yahoo.com', 8, '2020-12-17T18:08:01.380Z', '2020-12-18T14:48:49.991Z', true, 'pickup', 'Grant_Kerluke64@yahoo.com', 'Jena', 'submitted', NULL, NULL);
INSERT INTO bid (ct_email, ct_price, start_date, end_date, is_cash, transport_method, pet_owner, pet_name, bid_status, feedback, rating) VALUES ('Helene.Abshire36@hotmail.com', 8, '2020-12-17T18:08:01.380Z', '2020-12-18T14:48:49.991Z', true, 'delivery', 'Krista78@yahoo.com', 'Gregg', 'submitted', NULL, NULL);
INSERT INTO bid (ct_email, ct_price, start_date, end_date, is_cash, transport_method, pet_owner, pet_name, bid_status, feedback, rating) VALUES ('Lincoln_Murphy66@gmail.com', 8, '2020-12-17T18:08:01.380Z', '2020-12-18T14:48:49.991Z', true, 'pcs', 'Markus.Lang@hotmail.com', 'Gavin', 'submitted', NULL, NULL);
INSERT INTO bid (ct_email, ct_price, start_date, end_date, is_cash, transport_method, pet_owner, pet_name, bid_status, feedback, rating) VALUES ('Lula34@yahoo.com', 5, '2020-12-17T18:08:01.380Z', '2020-12-18T14:48:49.991Z', true, 'delivery', 'Estella89@yahoo.com', 'Daniela', 'submitted', NULL, NULL);
INSERT INTO bid (ct_email, ct_price, start_date, end_date, is_cash, transport_method, pet_owner, pet_name, bid_status, feedback, rating) VALUES ('Angeline.Wiza46@hotmail.com', 0, '2020-12-17T18:08:01.380Z', '2020-12-18T14:48:49.991Z', true, 'pcs', 'Harold.Rolfson@hotmail.com', 'Karl', 'submitted', NULL, NULL);
INSERT INTO bid (ct_email, ct_price, start_date, end_date, is_cash, transport_method, pet_owner, pet_name, bid_status, feedback, rating) VALUES ('Kayleigh.Hane88@yahoo.com', 3, '2020-12-17T18:08:01.380Z', '2020-12-18T14:48:49.991Z', true, 'pcs', 'Ilene_McCullough@gmail.com', 'Francisco', 'submitted', NULL, NULL);
INSERT INTO bid (ct_email, ct_price, start_date, end_date, is_cash, transport_method, pet_owner, pet_name, bid_status, feedback, rating) VALUES ('Toby.Rowe@yahoo.com', 17, '2020-12-17T18:08:01.380Z', '2020-12-18T14:48:49.991Z', true, 'pickup', 'Lucio76@gmail.com', 'Gay', 'submitted', NULL, NULL);
INSERT INTO bid (ct_email, ct_price, start_date, end_date, is_cash, transport_method, pet_owner, pet_name, bid_status, feedback, rating) VALUES ('Miller_Keebler@yahoo.com', 8, '2020-12-17T18:08:01.380Z', '2020-12-18T14:48:49.991Z', true, 'delivery', 'Edmond_Romaguera@yahoo.com', 'Derrick', 'submitted', NULL, NULL);
INSERT INTO bid (ct_email, ct_price, start_date, end_date, is_cash, transport_method, pet_owner, pet_name, bid_status, feedback, rating) VALUES ('Dangelo_Dietrich3@hotmail.com', 14, '2020-12-17T18:08:01.380Z', '2020-12-18T14:48:49.991Z', true, 'pcs', 'Elody_Hudson@hotmail.com', 'Lea', 'submitted', NULL, NULL);
INSERT INTO bid (ct_email, ct_price, start_date, end_date, is_cash, transport_method, pet_owner, pet_name, bid_status, feedback, rating) VALUES ('Wilfredo_White42@hotmail.com', 17, '2020-12-17T18:08:01.380Z', '2020-12-18T14:48:49.991Z', true, 'pickup', 'Tyrese49@hotmail.com', 'Clemens', 'submitted', NULL, NULL);
INSERT INTO bid (ct_email, ct_price, start_date, end_date, is_cash, transport_method, pet_owner, pet_name, bid_status, feedback, rating) VALUES ('Joannie_Schamberger@yahoo.com', 11, '2020-12-17T18:08:01.380Z', '2020-12-18T14:48:49.991Z', true, 'pickup', 'Danial_Conroy@yahoo.com', 'Angeline', 'submitted', NULL, NULL);
INSERT INTO bid (ct_email, ct_price, start_date, end_date, is_cash, transport_method, pet_owner, pet_name, bid_status, feedback, rating) VALUES ('Dasia98@hotmail.com', 4, '2020-12-17T18:08:01.380Z', '2020-12-18T14:48:49.991Z', true, 'pcs', 'Eveline_Shields64@hotmail.com', 'Rashad', 'submitted', NULL, NULL);
INSERT INTO bid (ct_email, ct_price, start_date, end_date, is_cash, transport_method, pet_owner, pet_name, bid_status, feedback, rating) VALUES ('Aniya.Wilkinson15@hotmail.com', 7, '2020-12-17T18:08:01.380Z', '2020-12-18T14:48:49.991Z', true, 'pcs', 'Vicente.Huel63@hotmail.com', 'Lottie', 'submitted', NULL, NULL);
INSERT INTO bid (ct_email, ct_price, start_date, end_date, is_cash, transport_method, pet_owner, pet_name, bid_status, feedback, rating) VALUES ('Sheridan81@yahoo.com', 3, '2020-12-17T18:08:01.380Z', '2020-12-18T14:48:49.991Z', true, 'pcs', 'Margarette_Graham@gmail.com', 'Jacey', 'submitted', NULL, NULL);
INSERT INTO bid (ct_email, ct_price, start_date, end_date, is_cash, transport_method, pet_owner, pet_name, bid_status, feedback, rating) VALUES ('Domenick.Lesch54@yahoo.com', 6, '2020-12-17T18:08:01.380Z', '2020-12-18T14:48:49.991Z', true, 'pickup', 'Kyler32@hotmail.com', 'Marcellus', 'submitted', NULL, NULL);
INSERT INTO bid (ct_email, ct_price, start_date, end_date, is_cash, transport_method, pet_owner, pet_name, bid_status, feedback, rating) VALUES ('Merritt.Bradtke@gmail.com', 19, '2020-12-17T18:08:01.380Z', '2020-12-18T14:48:49.991Z', true, 'pcs', 'Sarina.Goyette34@gmail.com', 'Marta', 'submitted', NULL, NULL);
INSERT INTO bid (ct_email, ct_price, start_date, end_date, is_cash, transport_method, pet_owner, pet_name, bid_status, feedback, rating) VALUES ('Cameron.Nader@hotmail.com', 12, '2020-12-17T18:08:01.380Z', '2020-12-18T14:48:49.991Z', true, 'delivery', 'Edgar_Lesch@yahoo.com', 'Darrin', 'submitted', NULL, NULL);
INSERT INTO bid (ct_email, ct_price, start_date, end_date, is_cash, transport_method, pet_owner, pet_name, bid_status, feedback, rating) VALUES ('Stephany.Luettgen73@gmail.com', 6, '2020-12-17T18:08:01.380Z', '2020-12-18T14:48:49.991Z', true, 'pickup', 'Stacy69@gmail.com', 'Anastacio', 'submitted', NULL, NULL);
INSERT INTO bid (ct_email, ct_price, start_date, end_date, is_cash, transport_method, pet_owner, pet_name, bid_status, feedback, rating) VALUES ('Luther_Goodwin38@yahoo.com', 12, '2020-12-17T18:08:01.380Z', '2020-12-18T14:48:49.991Z', true, 'pcs', 'Hanna.Homenick31@yahoo.com', 'Savannah', 'submitted', NULL, NULL);
INSERT INTO bid (ct_email, ct_price, start_date, end_date, is_cash, transport_method, pet_owner, pet_name, bid_status, feedback, rating) VALUES ('Alaina.Glover84@gmail.com', 8, '2020-12-17T18:08:01.380Z', '2020-12-18T14:48:49.991Z', true, 'pickup', 'Joaquin.Terry@hotmail.com', 'Wanda', 'submitted', NULL, NULL);
INSERT INTO bid (ct_email, ct_price, start_date, end_date, is_cash, transport_method, pet_owner, pet_name, bid_status, feedback, rating) VALUES ('Noah.Marvin35@yahoo.com', 17, '2020-12-17T18:08:01.380Z', '2020-12-18T14:48:49.991Z', true, 'delivery', 'Wellington_Kuvalis30@hotmail.com', 'Henri', 'submitted', NULL, NULL);
INSERT INTO bid (ct_email, ct_price, start_date, end_date, is_cash, transport_method, pet_owner, pet_name, bid_status, feedback, rating) VALUES ('Natalia_Stoltenberg3@hotmail.com', 9, '2020-12-17T18:08:01.380Z', '2020-12-18T14:48:49.991Z', true, 'delivery', 'Mable_Daugherty99@hotmail.com', 'Deshawn', 'submitted', NULL, NULL);
INSERT INTO bid (ct_email, ct_price, start_date, end_date, is_cash, transport_method, pet_owner, pet_name, bid_status, feedback, rating) VALUES ('Ona.Schroeder@gmail.com', 13, '2020-12-17T18:08:01.380Z', '2020-12-18T14:48:49.991Z', true, 'pickup', 'Rudy3@yahoo.com', 'Joey', 'submitted', NULL, NULL);
INSERT INTO bid (ct_email, ct_price, start_date, end_date, is_cash, transport_method, pet_owner, pet_name, bid_status, feedback, rating) VALUES ('Josefa.Turcotte34@yahoo.com', 19, '2020-12-17T18:08:01.380Z', '2020-12-18T14:48:49.991Z', true, 'pickup', 'Alejandra_Medhurst@gmail.com', 'Misty', 'submitted', NULL, NULL);
INSERT INTO bid (ct_email, ct_price, start_date, end_date, is_cash, transport_method, pet_owner, pet_name, bid_status, feedback, rating) VALUES ('Randal_Bednar19@yahoo.com', 13, '2020-12-17T18:08:01.380Z', '2020-12-18T14:48:49.991Z', true, 'pickup', 'Natalia_Pfeffer68@hotmail.com', 'Zena', 'submitted', NULL, NULL);
INSERT INTO bid (ct_email, ct_price, start_date, end_date, is_cash, transport_method, pet_owner, pet_name, bid_status, feedback, rating) VALUES ('Julianne36@hotmail.com', 20, '2020-12-17T18:08:01.380Z', '2020-12-18T14:48:49.991Z', true, 'delivery', 'Alia37@hotmail.com', 'Bryana', 'submitted', NULL, NULL);
INSERT INTO bid (ct_email, ct_price, start_date, end_date, is_cash, transport_method, pet_owner, pet_name, bid_status, feedback, rating) VALUES ('Enola.Halvorson@gmail.com', 5, '2020-12-17T18:08:01.380Z', '2020-12-18T14:48:49.991Z', true, 'pcs', 'Asha_Okuneva52@gmail.com', 'Dortha', 'submitted', NULL, NULL);
INSERT INTO bid (ct_email, ct_price, start_date, end_date, is_cash, transport_method, pet_owner, pet_name, bid_status, feedback, rating) VALUES ('Christine.Schumm@hotmail.com', 3, '2020-12-17T18:08:01.380Z', '2020-12-18T14:48:49.991Z', true, 'pickup', 'Werner7@hotmail.com', 'Jalen', 'submitted', NULL, NULL);
INSERT INTO bid (ct_email, ct_price, start_date, end_date, is_cash, transport_method, pet_owner, pet_name, bid_status, feedback, rating) VALUES ('Easter.Blanda@yahoo.com', 16, '2020-12-17T18:08:01.380Z', '2020-12-18T14:48:49.991Z', true, 'pickup', 'Chaim.Dach78@gmail.com', 'Lois', 'submitted', NULL, NULL);
INSERT INTO bid (ct_email, ct_price, start_date, end_date, is_cash, transport_method, pet_owner, pet_name, bid_status, feedback, rating) VALUES ('Earline38@yahoo.com', 5, '2020-12-17T18:08:01.380Z', '2020-12-18T14:48:49.991Z', true, 'pcs', 'Luna.Schoen18@yahoo.com', 'Adalberto', 'submitted', NULL, NULL);
INSERT INTO bid (ct_email, ct_price, start_date, end_date, is_cash, transport_method, pet_owner, pet_name, bid_status, feedback, rating) VALUES ('Chesley.Brekke@yahoo.com', 17, '2020-12-17T18:08:01.380Z', '2020-12-18T14:48:49.991Z', true, 'pickup', 'Amira65@hotmail.com', 'Karianne', 'submitted', NULL, NULL);
INSERT INTO bid (ct_email, ct_price, start_date, end_date, is_cash, transport_method, pet_owner, pet_name, bid_status, feedback, rating) VALUES ('Kaya_Miller@yahoo.com', 4, '2020-12-17T18:08:01.380Z', '2020-12-18T14:48:49.991Z', true, 'delivery', 'Jacynthe_Shields48@yahoo.com', 'Bridget', 'submitted', NULL, NULL);
INSERT INTO bid (ct_email, ct_price, start_date, end_date, is_cash, transport_method, pet_owner, pet_name, bid_status, feedback, rating) VALUES ('Marcel37@yahoo.com', 5, '2020-12-17T18:08:01.380Z', '2020-12-18T14:48:49.991Z', true, 'pickup', 'Fernando.Altenwerth18@yahoo.com', 'Saul', 'submitted', NULL, NULL);
INSERT INTO bid (ct_email, ct_price, start_date, end_date, is_cash, transport_method, pet_owner, pet_name, bid_status, feedback, rating) VALUES ('Vicente63@gmail.com', 14, '2020-12-17T18:08:01.380Z', '2020-12-18T14:48:49.991Z', true, 'pickup', 'Flavie_Pacocha7@yahoo.com', 'Jules', 'submitted', NULL, NULL);
INSERT INTO bid (ct_email, ct_price, start_date, end_date, is_cash, transport_method, pet_owner, pet_name, bid_status, feedback, rating) VALUES ('Jany84@yahoo.com', 9, '2020-12-17T18:08:01.380Z', '2020-12-18T14:48:49.991Z', true, 'delivery', 'Dylan.Franecki95@gmail.com', 'Xzavier', 'submitted', NULL, NULL);
INSERT INTO bid (ct_email, ct_price, start_date, end_date, is_cash, transport_method, pet_owner, pet_name, bid_status, feedback, rating) VALUES ('Willie_Kassulke@gmail.com', 13, '2020-12-17T18:08:01.380Z', '2020-12-18T14:48:49.991Z', true, 'delivery', 'Werner_Ward@yahoo.com', 'Jonathon', 'submitted', NULL, NULL);
INSERT INTO bid (ct_email, ct_price, start_date, end_date, is_cash, transport_method, pet_owner, pet_name, bid_status, feedback, rating) VALUES ('Gracie_Moore13@gmail.com', 3, '2020-12-17T18:08:01.380Z', '2020-12-18T14:48:49.991Z', true, 'pickup', 'Gardner.Kuvalis@gmail.com', 'Clair', 'submitted', NULL, NULL);
INSERT INTO bid (ct_email, ct_price, start_date, end_date, is_cash, transport_method, pet_owner, pet_name, bid_status, feedback, rating) VALUES ('Ezekiel64@hotmail.com', 16, '2020-12-17T18:08:01.380Z', '2020-12-18T14:48:49.991Z', true, 'pickup', 'Reynold30@gmail.com', 'Stephon', 'submitted', NULL, NULL);
INSERT INTO bid (ct_email, ct_price, start_date, end_date, is_cash, transport_method, pet_owner, pet_name, bid_status, feedback, rating) VALUES ('Damon.Kulas@yahoo.com', 9, '2020-12-17T18:08:01.380Z', '2020-12-18T14:48:49.991Z', true, 'pcs', 'Emmanuelle68@gmail.com', 'Gust', 'submitted', NULL, NULL);
INSERT INTO bid (ct_email, ct_price, start_date, end_date, is_cash, transport_method, pet_owner, pet_name, bid_status, feedback, rating) VALUES ('Aglae_Windler@gmail.com', 17, '2020-12-17T18:08:01.380Z', '2020-12-18T14:48:49.991Z', true, 'delivery', 'Austen.Walker@gmail.com', 'Jarret', 'submitted', NULL, NULL);
INSERT INTO bid (ct_email, ct_price, start_date, end_date, is_cash, transport_method, pet_owner, pet_name, bid_status, feedback, rating) VALUES ('Leif_Gerhold64@yahoo.com', 12, '2020-12-17T18:08:01.380Z', '2020-12-18T14:48:49.991Z', true, 'pcs', 'Lexus27@hotmail.com', 'Vesta', 'submitted', NULL, NULL);
INSERT INTO bid (ct_email, ct_price, start_date, end_date, is_cash, transport_method, pet_owner, pet_name, bid_status, feedback, rating) VALUES ('Heath_Fahey62@gmail.com', 0, '2020-12-17T18:08:01.380Z', '2020-12-18T14:48:49.991Z', true, 'pickup', 'Amari58@hotmail.com', 'Elmo', 'submitted', NULL, NULL);
INSERT INTO bid (ct_email, ct_price, start_date, end_date, is_cash, transport_method, pet_owner, pet_name, bid_status, feedback, rating) VALUES ('Zoey87@yahoo.com', 15, '2020-12-17T18:08:01.380Z', '2020-12-18T14:48:49.991Z', true, 'pcs', 'Adella_Predovic@yahoo.com', 'Marques', 'submitted', NULL, NULL);
INSERT INTO bid (ct_email, ct_price, start_date, end_date, is_cash, transport_method, pet_owner, pet_name, bid_status, feedback, rating) VALUES ('Kennith_Hane@gmail.com', 5, '2020-12-17T18:08:01.380Z', '2020-12-18T14:48:49.991Z', true, 'pcs', 'Dayna34@hotmail.com', 'Vince', 'submitted', NULL, NULL);
INSERT INTO bid (ct_email, ct_price, start_date, end_date, is_cash, transport_method, pet_owner, pet_name, bid_status, feedback, rating) VALUES ('Oscar0@yahoo.com', 5, '2020-12-17T18:08:01.380Z', '2020-12-18T14:48:49.991Z', true, 'delivery', 'Karley.Zulauf@yahoo.com', 'Gisselle', 'submitted', NULL, NULL);
INSERT INTO bid (ct_email, ct_price, start_date, end_date, is_cash, transport_method, pet_owner, pet_name, bid_status, feedback, rating) VALUES ('Alexandre47@gmail.com', 2, '2020-12-17T18:08:01.380Z', '2020-12-18T14:48:49.991Z', true, 'delivery', 'Joana_Bednar@gmail.com', 'Heaven', 'submitted', NULL, NULL);
INSERT INTO bid (ct_email, ct_price, start_date, end_date, is_cash, transport_method, pet_owner, pet_name, bid_status, feedback, rating) VALUES ('Brad.Pollich@yahoo.com', 13, '2020-12-17T18:08:01.380Z', '2020-12-18T14:48:49.991Z', true, 'delivery', 'Julien15@hotmail.com', 'Amber', 'submitted', NULL, NULL);
INSERT INTO bid (ct_email, ct_price, start_date, end_date, is_cash, transport_method, pet_owner, pet_name, bid_status, feedback, rating) VALUES ('Stanton.Smitham69@yahoo.com', 5, '2020-12-17T18:08:01.380Z', '2020-12-18T14:48:49.991Z', true, 'delivery', 'Yvonne5@hotmail.com', 'Elna', 'submitted', NULL, NULL);
INSERT INTO bid (ct_email, ct_price, start_date, end_date, is_cash, transport_method, pet_owner, pet_name, bid_status, feedback, rating) VALUES ('Markus.Lang@hotmail.com', 9, '2020-12-17T18:08:01.380Z', '2020-12-18T14:48:49.991Z', true, 'pickup', 'Wilbert_Sawayn46@hotmail.com', 'Bianka', 'submitted', NULL, NULL);
INSERT INTO bid (ct_email, ct_price, start_date, end_date, is_cash, transport_method, pet_owner, pet_name, bid_status, feedback, rating) VALUES ('Shawn_Lehner@yahoo.com', 4, '2020-12-17T18:08:01.380Z', '2020-12-18T14:48:49.991Z', true, 'pickup', 'Kathlyn84@gmail.com', 'Victoria', 'submitted', NULL, NULL);
INSERT INTO bid (ct_email, ct_price, start_date, end_date, is_cash, transport_method, pet_owner, pet_name, bid_status, feedback, rating) VALUES ('Clark.Terry57@gmail.com', 18, '2020-12-17T18:08:01.380Z', '2020-12-18T14:48:49.991Z', true, 'delivery', 'Ellen82@gmail.com', 'Armand', 'submitted', NULL, NULL);
INSERT INTO bid (ct_email, ct_price, start_date, end_date, is_cash, transport_method, pet_owner, pet_name, bid_status, feedback, rating) VALUES ('Marietta_Barton64@hotmail.com', 19, '2020-12-17T18:08:01.380Z', '2020-12-18T14:48:49.991Z', true, 'delivery', 'Keenan.Grady80@hotmail.com', 'Esteban', 'submitted', NULL, NULL);
INSERT INTO bid (ct_email, ct_price, start_date, end_date, is_cash, transport_method, pet_owner, pet_name, bid_status, feedback, rating) VALUES ('Jose69@hotmail.com', 17, '2020-12-17T18:08:01.380Z', '2020-12-18T14:48:49.991Z', true, 'pickup', 'Joey74@gmail.com', 'Demetrius', 'submitted', NULL, NULL);
INSERT INTO bid (ct_email, ct_price, start_date, end_date, is_cash, transport_method, pet_owner, pet_name, bid_status, feedback, rating) VALUES ('Corene27@hotmail.com', 4, '2020-12-17T18:08:01.380Z', '2020-12-18T14:48:49.991Z', true, 'pcs', 'Timmy59@hotmail.com', 'Rod', 'submitted', NULL, NULL);
INSERT INTO bid (ct_email, ct_price, start_date, end_date, is_cash, transport_method, pet_owner, pet_name, bid_status, feedback, rating) VALUES ('Ramiro86@gmail.com', 9, '2020-12-17T18:08:01.380Z', '2020-12-18T14:48:49.991Z', true, 'delivery', 'Katrina_Kutch@yahoo.com', 'Leonora', 'submitted', NULL, NULL);
INSERT INTO bid (ct_email, ct_price, start_date, end_date, is_cash, transport_method, pet_owner, pet_name, bid_status, feedback, rating) VALUES ('Andreanne_Jacobson@hotmail.com', 17, '2020-12-17T18:08:01.380Z', '2020-12-18T14:48:49.991Z', true, 'pickup', 'Barry.Rodriguez82@yahoo.com', 'Gerald', 'submitted', NULL, NULL);
INSERT INTO bid (ct_email, ct_price, start_date, end_date, is_cash, transport_method, pet_owner, pet_name, bid_status, feedback, rating) VALUES ('Clare_McLaughlin72@hotmail.com', 19, '2020-12-17T18:08:01.380Z', '2020-12-18T14:48:49.991Z', true, 'pcs', 'Keeley71@yahoo.com', 'Jon', 'submitted', NULL, NULL);
INSERT INTO bid (ct_email, ct_price, start_date, end_date, is_cash, transport_method, pet_owner, pet_name, bid_status, feedback, rating) VALUES ('Claudie_Hyatt46@gmail.com', 5, '2020-12-17T18:08:01.380Z', '2020-12-18T14:48:49.991Z', true, 'pcs', 'Kendra60@hotmail.com', 'Audrey', 'submitted', NULL, NULL);
INSERT INTO bid (ct_email, ct_price, start_date, end_date, is_cash, transport_method, pet_owner, pet_name, bid_status, feedback, rating) VALUES ('Guido.DuBuque@yahoo.com', 8, '2020-12-17T18:08:01.380Z', '2020-12-18T14:48:49.991Z', true, 'pickup', 'Sheridan81@yahoo.com', 'Khalid', 'submitted', NULL, NULL);
INSERT INTO bid (ct_email, ct_price, start_date, end_date, is_cash, transport_method, pet_owner, pet_name, bid_status, feedback, rating) VALUES ('Raphaelle21@hotmail.com', 18, '2020-12-17T18:08:01.380Z', '2020-12-18T14:48:49.991Z', true, 'pcs', 'Kobe30@gmail.com', 'Malika', 'submitted', NULL, NULL);
INSERT INTO bid (ct_email, ct_price, start_date, end_date, is_cash, transport_method, pet_owner, pet_name, bid_status, feedback, rating) VALUES ('Nikko_Connelly@gmail.com', 19, '2020-12-17T18:08:01.380Z', '2020-12-18T14:48:49.991Z', true, 'pcs', 'Nat62@hotmail.com', 'Arely', 'submitted', NULL, NULL);
INSERT INTO bid (ct_email, ct_price, start_date, end_date, is_cash, transport_method, pet_owner, pet_name, bid_status, feedback, rating) VALUES ('Napoleon_Raynor@hotmail.com', 18, '2020-12-17T18:08:01.380Z', '2020-12-18T14:48:49.991Z', true, 'pcs', 'Henderson_Fritsch@hotmail.com', 'Weston', 'submitted', NULL, NULL);
INSERT INTO bid (ct_email, ct_price, start_date, end_date, is_cash, transport_method, pet_owner, pet_name, bid_status, feedback, rating) VALUES ('Myah_Walsh@gmail.com', 5, '2020-12-17T18:08:01.380Z', '2020-12-18T14:48:49.991Z', true, 'pickup', 'Chadd87@yahoo.com', 'Selmer', 'submitted', NULL, NULL);
INSERT INTO bid (ct_email, ct_price, start_date, end_date, is_cash, transport_method, pet_owner, pet_name, bid_status, feedback, rating) VALUES ('Alexzander31@hotmail.com', 8, '2020-12-17T18:08:01.380Z', '2020-12-18T14:48:49.991Z', true, 'pcs', 'Art.Mante87@hotmail.com', 'Karlee', 'submitted', NULL, NULL);
INSERT INTO bid (ct_email, ct_price, start_date, end_date, is_cash, transport_method, pet_owner, pet_name, bid_status, feedback, rating) VALUES ('Jedidiah.Collins98@yahoo.com', 0, '2020-12-17T18:08:01.380Z', '2020-12-18T14:48:49.991Z', true, 'pickup', 'Kasandra_Quitzon@yahoo.com', 'Benedict', 'submitted', NULL, NULL);
INSERT INTO bid (ct_email, ct_price, start_date, end_date, is_cash, transport_method, pet_owner, pet_name, bid_status, feedback, rating) VALUES ('Clarabelle.DuBuque66@yahoo.com', 14, '2020-12-17T18:08:01.380Z', '2020-12-18T14:48:49.991Z', true, 'pcs', 'Kendrick41@hotmail.com', 'Agustina', 'submitted', NULL, NULL);
INSERT INTO bid (ct_email, ct_price, start_date, end_date, is_cash, transport_method, pet_owner, pet_name, bid_status, feedback, rating) VALUES ('Bettye_Mante@yahoo.com', 7, '2020-12-17T18:08:01.380Z', '2020-12-18T14:48:49.991Z', true, 'pcs', 'Alexzander_Cole38@hotmail.com', 'Kraig', 'submitted', NULL, NULL);
INSERT INTO bid (ct_email, ct_price, start_date, end_date, is_cash, transport_method, pet_owner, pet_name, bid_status, feedback, rating) VALUES ('Millie.Keebler63@gmail.com', 8, '2020-12-17T18:08:01.380Z', '2020-12-18T14:48:49.991Z', true, 'delivery', 'Lennie_Marks56@yahoo.com', 'Emilie', 'submitted', NULL, NULL);
INSERT INTO bid (ct_email, ct_price, start_date, end_date, is_cash, transport_method, pet_owner, pet_name, bid_status, feedback, rating) VALUES ('Adrain87@gmail.com', 20, '2020-12-17T18:08:01.380Z', '2020-12-18T14:48:49.991Z', true, 'delivery', 'Bernardo64@gmail.com', 'Shanon', 'submitted', NULL, NULL);
INSERT INTO bid (ct_email, ct_price, start_date, end_date, is_cash, transport_method, pet_owner, pet_name, bid_status, feedback, rating) VALUES ('Stephania.Hackett@gmail.com', 16, '2020-12-17T18:08:01.380Z', '2020-12-18T14:48:49.991Z', true, 'pickup', 'Valerie12@hotmail.com', 'Candida', 'submitted', NULL, NULL);
INSERT INTO bid (ct_email, ct_price, start_date, end_date, is_cash, transport_method, pet_owner, pet_name, bid_status, feedback, rating) VALUES ('Richard.Schmidt11@gmail.com', 9, '2020-12-17T18:08:01.380Z', '2020-12-18T14:48:49.991Z', true, 'pickup', 'Lupe_Hilll@gmail.com', 'Jaylan', 'submitted', NULL, NULL);
INSERT INTO bid (ct_email, ct_price, start_date, end_date, is_cash, transport_method, pet_owner, pet_name, bid_status, feedback, rating) VALUES ('Mariam.Herman@gmail.com', 19, '2020-12-17T18:08:01.380Z', '2020-12-18T14:48:49.991Z', true, 'delivery', 'Joyce79@gmail.com', 'Gudrun', 'submitted', NULL, NULL);
INSERT INTO bid (ct_email, ct_price, start_date, end_date, is_cash, transport_method, pet_owner, pet_name, bid_status, feedback, rating) VALUES ('Kailey72@yahoo.com', 5, '2020-12-17T18:08:01.380Z', '2020-12-18T14:48:49.991Z', true, 'pcs', 'Emelia12@yahoo.com', 'Emma', 'submitted', NULL, NULL);
INSERT INTO bid (ct_email, ct_price, start_date, end_date, is_cash, transport_method, pet_owner, pet_name, bid_status, feedback, rating) VALUES ('Rex78@hotmail.com', 0, '2020-12-17T18:08:01.380Z', '2020-12-18T14:48:49.991Z', true, 'delivery', 'Halie49@hotmail.com', 'Onie', 'submitted', NULL, NULL);
INSERT INTO bid (ct_email, ct_price, start_date, end_date, is_cash, transport_method, pet_owner, pet_name, bid_status, feedback, rating) VALUES ('Stella_Wyman55@yahoo.com', 17, '2020-12-17T18:08:01.380Z', '2020-12-18T14:48:49.991Z', true, 'pickup', 'Maia48@gmail.com', 'Landen', 'submitted', NULL, NULL);
INSERT INTO bid (ct_email, ct_price, start_date, end_date, is_cash, transport_method, pet_owner, pet_name, bid_status, feedback, rating) VALUES ('Savion.Kovacek@hotmail.com', 11, '2020-12-17T18:08:01.380Z', '2020-12-18T14:48:49.991Z', true, 'delivery', 'Anissa.Volkman@hotmail.com', 'Nettie', 'submitted', NULL, NULL);
INSERT INTO bid (ct_email, ct_price, start_date, end_date, is_cash, transport_method, pet_owner, pet_name, bid_status, feedback, rating) VALUES ('Stefanie_Roob17@gmail.com', 9, '2020-12-17T18:08:01.380Z', '2020-12-18T14:48:49.991Z', true, 'pcs', 'Katharina.Kautzer97@gmail.com', 'Aiden', 'submitted', NULL, NULL);
INSERT INTO bid (ct_email, ct_price, start_date, end_date, is_cash, transport_method, pet_owner, pet_name, bid_status, feedback, rating) VALUES ('Lolita74@hotmail.com', 7, '2020-12-17T18:08:01.380Z', '2020-12-18T14:48:49.991Z', true, 'pickup', 'Ivah10@gmail.com', 'Vivianne', 'submitted', NULL, NULL);
INSERT INTO bid (ct_email, ct_price, start_date, end_date, is_cash, transport_method, pet_owner, pet_name, bid_status, feedback, rating) VALUES ('Johnathon2@gmail.com', 5, '2020-12-17T18:08:01.380Z', '2020-12-18T14:48:49.991Z', true, 'pickup', 'Dylan9@hotmail.com', 'Theron', 'submitted', NULL, NULL);
INSERT INTO bid (ct_email, ct_price, start_date, end_date, is_cash, transport_method, pet_owner, pet_name, bid_status, feedback, rating) VALUES ('Marlin_Crona88@yahoo.com', 3, '2020-12-17T18:08:01.380Z', '2020-12-18T14:48:49.991Z', true, 'pcs', 'Katrina43@hotmail.com', 'Christian', 'submitted', NULL, NULL);
INSERT INTO bid (ct_email, ct_price, start_date, end_date, is_cash, transport_method, pet_owner, pet_name, bid_status, feedback, rating) VALUES ('Gail_Weissnat@yahoo.com', 13, '2020-12-17T18:08:01.380Z', '2020-12-18T14:48:49.991Z', true, 'pcs', 'Juliet.OConnell10@hotmail.com', 'Yoshiko', 'submitted', NULL, NULL);
INSERT INTO bid (ct_email, ct_price, start_date, end_date, is_cash, transport_method, pet_owner, pet_name, bid_status, feedback, rating) VALUES ('Laura_Kunde9@hotmail.com', 20, '2020-12-17T18:08:01.380Z', '2020-12-18T14:48:49.991Z', true, 'delivery', 'Kavon_Spencer@hotmail.com', 'Stefan', 'submitted', NULL, NULL);
INSERT INTO bid (ct_email, ct_price, start_date, end_date, is_cash, transport_method, pet_owner, pet_name, bid_status, feedback, rating) VALUES ('Nelson.Krajcik63@yahoo.com', 7, '2020-12-17T18:08:01.380Z', '2020-12-18T14:48:49.991Z', true, 'pickup', 'Marietta15@gmail.com', 'Ruthie', 'submitted', NULL, NULL);
INSERT INTO bid (ct_email, ct_price, start_date, end_date, is_cash, transport_method, pet_owner, pet_name, bid_status, feedback, rating) VALUES ('Nayeli90@gmail.com', 8, '2020-12-17T18:08:01.380Z', '2020-12-18T14:48:49.991Z', true, 'pcs', 'Erica_Kovacek@yahoo.com', 'Kiarra', 'submitted', NULL, NULL);
INSERT INTO bid (ct_email, ct_price, start_date, end_date, is_cash, transport_method, pet_owner, pet_name, bid_status, feedback, rating) VALUES ('Lauretta.Stiedemann60@gmail.com', 9, '2020-12-17T18:08:01.380Z', '2020-12-18T14:48:49.991Z', true, 'pcs', 'Vernice.Bogan31@yahoo.com', 'Noemie', 'submitted', NULL, NULL);
INSERT INTO bid (ct_email, ct_price, start_date, end_date, is_cash, transport_method, pet_owner, pet_name, bid_status, feedback, rating) VALUES ('Noelia_Effertz@gmail.com', 13, '2020-12-17T18:08:01.380Z', '2020-12-18T14:48:49.991Z', true, 'delivery', 'Ona.Schroeder@gmail.com', 'Louvenia', 'submitted', NULL, NULL);
INSERT INTO bid (ct_email, ct_price, start_date, end_date, is_cash, transport_method, pet_owner, pet_name, bid_status, feedback, rating) VALUES ('Priscilla71@gmail.com', 13, '2020-12-17T18:08:01.380Z', '2020-12-18T14:48:49.991Z', true, 'pcs', 'Araceli.Kris@hotmail.com', 'Haskell', 'submitted', NULL, NULL);
INSERT INTO bid (ct_email, ct_price, start_date, end_date, is_cash, transport_method, pet_owner, pet_name, bid_status, feedback, rating) VALUES ('Amy49@gmail.com', 7, '2020-12-17T18:08:01.380Z', '2020-12-18T14:48:49.991Z', true, 'delivery', 'Domenick.Lesch54@yahoo.com', 'Elwin', 'submitted', NULL, NULL);
INSERT INTO bid (ct_email, ct_price, start_date, end_date, is_cash, transport_method, pet_owner, pet_name, bid_status, feedback, rating) VALUES ('Kailey.Schoen83@hotmail.com', 13, '2020-12-17T18:08:01.380Z', '2020-12-18T14:48:49.991Z', true, 'delivery', 'Grayson.Huels@yahoo.com', 'Esther', 'submitted', NULL, NULL);
INSERT INTO bid (ct_email, ct_price, start_date, end_date, is_cash, transport_method, pet_owner, pet_name, bid_status, feedback, rating) VALUES ('Roselyn.Sawayn@hotmail.com', 19, '2020-12-17T18:08:01.380Z', '2020-12-18T14:48:49.991Z', true, 'pickup', 'Alexandrea_Mayert24@hotmail.com', 'Madisyn', 'submitted', NULL, NULL);
INSERT INTO bid (ct_email, ct_price, start_date, end_date, is_cash, transport_method, pet_owner, pet_name, bid_status, feedback, rating) VALUES ('Diana.Mueller92@gmail.com', 15, '2020-12-17T18:08:01.380Z', '2020-12-18T14:48:49.991Z', true, 'pcs', 'Dale_Breitenberg@gmail.com', 'Mafalda', 'submitted', NULL, NULL);
INSERT INTO bid (ct_email, ct_price, start_date, end_date, is_cash, transport_method, pet_owner, pet_name, bid_status, feedback, rating) VALUES ('Leonel_Schuppe91@hotmail.com', 11, '2020-12-17T18:08:01.380Z', '2020-12-18T14:48:49.991Z', true, 'pcs', 'Eddie_Murray@gmail.com', 'Morton', 'submitted', NULL, NULL);
INSERT INTO bid (ct_email, ct_price, start_date, end_date, is_cash, transport_method, pet_owner, pet_name, bid_status, feedback, rating) VALUES ('Durward.Johnston99@gmail.com', 3, '2020-12-17T18:08:01.380Z', '2020-12-18T14:48:49.991Z', true, 'delivery', 'Trevor85@gmail.com', 'Sydney', 'submitted', NULL, NULL);
INSERT INTO bid (ct_email, ct_price, start_date, end_date, is_cash, transport_method, pet_owner, pet_name, bid_status, feedback, rating) VALUES ('Kevin.Graham@gmail.com', 10, '2020-12-17T18:08:01.380Z', '2020-12-18T14:48:49.991Z', true, 'pcs', 'Rodrick35@gmail.com', 'Raymundo', 'submitted', NULL, NULL);
INSERT INTO bid (ct_email, ct_price, start_date, end_date, is_cash, transport_method, pet_owner, pet_name, bid_status, feedback, rating) VALUES ('Anissa.Volkman@hotmail.com', 16, '2020-12-17T18:08:01.380Z', '2020-12-18T14:48:49.991Z', true, 'pcs', 'Turner.Shields76@yahoo.com', 'Ted', 'submitted', NULL, NULL);
INSERT INTO bid (ct_email, ct_price, start_date, end_date, is_cash, transport_method, pet_owner, pet_name, bid_status, feedback, rating) VALUES ('Lulu15@gmail.com', 17, '2020-12-17T18:08:01.380Z', '2020-12-18T14:48:49.991Z', true, 'delivery', 'Rylee_Schulist76@gmail.com', 'Vernon', 'submitted', NULL, NULL);
INSERT INTO bid (ct_email, ct_price, start_date, end_date, is_cash, transport_method, pet_owner, pet_name, bid_status, feedback, rating) VALUES ('Emelia12@yahoo.com', 19, '2020-12-17T18:08:01.380Z', '2020-12-18T14:48:49.991Z', true, 'pickup', 'Nicklaus.Hermiston22@yahoo.com', 'Agustin', 'submitted', NULL, NULL);
INSERT INTO bid (ct_email, ct_price, start_date, end_date, is_cash, transport_method, pet_owner, pet_name, bid_status, feedback, rating) VALUES ('Joy_Schulist26@yahoo.com', 14, '2020-12-17T18:08:01.380Z', '2020-12-18T14:48:49.991Z', true, 'pickup', 'Barbara.Mitchell36@gmail.com', 'Zachariah', 'submitted', NULL, NULL);
INSERT INTO bid (ct_email, ct_price, start_date, end_date, is_cash, transport_method, pet_owner, pet_name, bid_status, feedback, rating) VALUES ('Adolfo59@gmail.com', 20, '2020-12-17T18:08:01.380Z', '2020-12-18T14:48:49.991Z', true, 'pickup', 'Vilma.Schneider91@gmail.com', 'Laisha', 'submitted', NULL, NULL);
INSERT INTO bid (ct_email, ct_price, start_date, end_date, is_cash, transport_method, pet_owner, pet_name, bid_status, feedback, rating) VALUES ('Heloise.Dietrich61@gmail.com', 8, '2020-12-17T18:08:01.380Z', '2020-12-18T14:48:49.991Z', true, 'pcs', 'Demario99@hotmail.com', 'Krista', 'submitted', NULL, NULL);
INSERT INTO bid (ct_email, ct_price, start_date, end_date, is_cash, transport_method, pet_owner, pet_name, bid_status, feedback, rating) VALUES ('Roosevelt.Stracke@hotmail.com', 2, '2020-12-17T18:08:01.380Z', '2020-12-18T14:48:49.991Z', true, 'pcs', 'Reggie.Cormier0@yahoo.com', 'Kurt', 'submitted', NULL, NULL);
INSERT INTO bid (ct_email, ct_price, start_date, end_date, is_cash, transport_method, pet_owner, pet_name, bid_status, feedback, rating) VALUES ('Juliet_Greenholt@hotmail.com', 6, '2020-12-17T18:08:01.380Z', '2020-12-18T14:48:49.991Z', true, 'pickup', 'Precious69@yahoo.com', 'Wyman', 'submitted', NULL, NULL);
INSERT INTO bid (ct_email, ct_price, start_date, end_date, is_cash, transport_method, pet_owner, pet_name, bid_status, feedback, rating) VALUES ('Brendon_Beer49@gmail.com', 8, '2020-12-17T18:08:01.380Z', '2020-12-18T14:48:49.991Z', true, 'pickup', 'Kaci.Rolfson53@yahoo.com', 'Maverick', 'submitted', NULL, NULL);
INSERT INTO bid (ct_email, ct_price, start_date, end_date, is_cash, transport_method, pet_owner, pet_name, bid_status, feedback, rating) VALUES ('Garrett.Greenholt32@gmail.com', 20, '2020-12-17T18:08:01.380Z', '2020-12-18T14:48:49.991Z', true, 'pcs', 'Vesta.Gislason90@yahoo.com', 'Bradley', 'submitted', NULL, NULL);
INSERT INTO bid (ct_email, ct_price, start_date, end_date, is_cash, transport_method, pet_owner, pet_name, bid_status, feedback, rating) VALUES ('Katarina18@yahoo.com', 20, '2020-12-17T18:08:01.380Z', '2020-12-18T14:48:49.991Z', true, 'pickup', 'Kurt51@hotmail.com', 'Joelle', 'submitted', NULL, NULL);
INSERT INTO bid (ct_email, ct_price, start_date, end_date, is_cash, transport_method, pet_owner, pet_name, bid_status, feedback, rating) VALUES ('Ada18@gmail.com', 14, '2020-12-17T18:08:01.380Z', '2020-12-18T14:48:49.991Z', true, 'delivery', 'Cesar.Mraz@gmail.com', 'Patricia', 'submitted', NULL, NULL);
INSERT INTO bid (ct_email, ct_price, start_date, end_date, is_cash, transport_method, pet_owner, pet_name, bid_status, feedback, rating) VALUES ('Royce.Schamberger77@yahoo.com', 16, '2020-12-17T18:08:01.380Z', '2020-12-18T14:48:49.991Z', true, 'pickup', 'Theron.Grant57@hotmail.com', 'Hailee', 'submitted', NULL, NULL);
INSERT INTO bid (ct_email, ct_price, start_date, end_date, is_cash, transport_method, pet_owner, pet_name, bid_status, feedback, rating) VALUES ('Leila19@gmail.com', 8, '2020-12-17T18:08:01.380Z', '2020-12-18T14:48:49.991Z', true, 'pickup', 'Mike27@hotmail.com', 'Lonzo', 'submitted', NULL, NULL);
INSERT INTO bid (ct_email, ct_price, start_date, end_date, is_cash, transport_method, pet_owner, pet_name, bid_status, feedback, rating) VALUES ('Kris.Predovic@hotmail.com', 5, '2020-12-17T18:08:01.380Z', '2020-12-18T14:48:49.991Z', true, 'pickup', 'Pearlie_Koch1@yahoo.com', 'Keshawn', 'submitted', NULL, NULL);
INSERT INTO bid (ct_email, ct_price, start_date, end_date, is_cash, transport_method, pet_owner, pet_name, bid_status, feedback, rating) VALUES ('Maryjane_Orn76@hotmail.com', 17, '2020-12-17T18:08:01.380Z', '2020-12-18T14:48:49.991Z', true, 'pickup', 'Lizeth18@hotmail.com', 'Parker', 'submitted', NULL, NULL);
INSERT INTO bid (ct_email, ct_price, start_date, end_date, is_cash, transport_method, pet_owner, pet_name, bid_status, feedback, rating) VALUES ('Carlee.Hansen@gmail.com', 7, '2020-12-17T18:08:01.380Z', '2020-12-18T14:48:49.991Z', true, 'pickup', 'Mack_Hills26@hotmail.com', 'Aliya', 'submitted', NULL, NULL);
INSERT INTO bid (ct_email, ct_price, start_date, end_date, is_cash, transport_method, pet_owner, pet_name, bid_status, feedback, rating) VALUES ('Joyce79@gmail.com', 20, '2020-12-17T18:08:01.380Z', '2020-12-18T14:48:49.991Z', true, 'pickup', 'Ludwig_Hessel@yahoo.com', 'Cale', 'submitted', NULL, NULL);
INSERT INTO bid (ct_email, ct_price, start_date, end_date, is_cash, transport_method, pet_owner, pet_name, bid_status, feedback, rating) VALUES ('Zander27@yahoo.com', 2, '2020-12-17T18:08:01.380Z', '2020-12-18T14:48:49.991Z', true, 'pcs', 'Angelica.Schinner@hotmail.com', 'Hollis', 'submitted', NULL, NULL);
INSERT INTO bid (ct_email, ct_price, start_date, end_date, is_cash, transport_method, pet_owner, pet_name, bid_status, feedback, rating) VALUES ('Geovanni.OKon@hotmail.com', 13, '2020-12-17T18:08:01.380Z', '2020-12-18T14:48:49.991Z', true, 'delivery', 'Cary79@hotmail.com', 'Dulce', 'submitted', NULL, NULL);
INSERT INTO bid (ct_email, ct_price, start_date, end_date, is_cash, transport_method, pet_owner, pet_name, bid_status, feedback, rating) VALUES ('Kassandra_Ratke92@gmail.com', 14, '2020-12-17T18:08:01.380Z', '2020-12-18T14:48:49.991Z', true, 'pickup', 'Freddy.Kunze@yahoo.com', 'Orval', 'submitted', NULL, NULL);
INSERT INTO bid (ct_email, ct_price, start_date, end_date, is_cash, transport_method, pet_owner, pet_name, bid_status, feedback, rating) VALUES ('Sarina42@gmail.com', 10, '2020-12-17T18:08:01.380Z', '2020-12-18T14:48:49.991Z', true, 'pickup', 'Ashley_Brekke75@hotmail.com', 'Dimitri', 'submitted', NULL, NULL);