INSERT INTO pet_category values ('Bearded Dragon', 46);
INSERT INTO pet_category values ('Bird', 19);
INSERT INTO pet_category values ('Burro', 297);
INSERT INTO pet_category values ('Chameleons (Veiled)', 102);
INSERT INTO pet_category values ('Chicken', 101);
INSERT INTO pet_category values ('Chinchilla', 11);
INSERT INTO pet_category values ('Chinese Water Dragon', 89);
INSERT INTO pet_category values ('Cow', 103);
INSERT INTO pet_category values ('Donkey', 298);
INSERT INTO pet_category values ('Duck', 1);
INSERT INTO pet_category values ('Ferret', 261);
INSERT INTO pet_category values ('Fish', 90);
INSERT INTO pet_category values ('Gecko', 223);
INSERT INTO pet_category values ('Geese (Chinese Swan Goose)', 191);
INSERT INTO pet_category values ('Gerbil', 199);
INSERT INTO pet_category values ('Goat', 216);
INSERT INTO pet_category values ('Guinea Fowl', 209);
INSERT INTO pet_category values ('Guinea Pig', 232);
INSERT INTO pet_category values ('Hamster', 159);
INSERT INTO pet_category values ('Hedgehog', 83);
INSERT INTO pet_category values ('Horse', 199);
INSERT INTO pet_category values ('Iguana', 267);
INSERT INTO pet_category values ('Llama', 230);
INSERT INTO pet_category values ('Lizard', 274);
INSERT INTO pet_category values ('Mice', 50);
INSERT INTO pet_category values ('Mule', 258);
INSERT INTO pet_category values ('Peafowl', 275);
INSERT INTO pet_category values ('Pig', 213);
INSERT INTO pet_category values ('Hog', 13);
INSERT INTO pet_category values ('Pigeon', 109);
INSERT INTO pet_category values ('Ponie', 285);
INSERT INTO pet_category values ('Pot Bellied Pig', 137);
INSERT INTO pet_category values ('Rabbit', 208);INSERT INTO person VALUES ('Deja46@hotmail.com', 'Coby Blanda', '$2b$10$r3BD.leaooE.5vU28EYTuuBixKJ5aeV1AyrKyPHHI0BSkH.eNYs5i', '648 Norberto Landing', 90823102, 'user', 'https://s3.amazonaws.com/uifaces/faces/twitter/kosmar/128.jpg');
INSERT INTO credit_card VALUES (6706676815624021, 'Deja46@hotmail.com', '2022-08-10T02:35:50.110Z', 786);
INSERT INTO pet VALUES ('Amina', 'Deja46@hotmail.com', 'Chinchilla', 'Rem ipsam autem ut ratione.', 'Quia tenetur rerum eveniet.');
INSERT INTO part_time_ct VALUES ('Deja46@hotmail.com');
INSERT INTO pt_free_schedule VALUES ('Deja46@hotmail.com', '2020-05-13T16:00:00.000Z', '2021-11-13T16:00:00.000Z');
INSERT INTO pt_specializes_in VALUES ('Deja46@hotmail.com', 'Rabbit', 12);

INSERT INTO person VALUES ('Chadd25@gmail.com', 'Kathryn Rice', '$2b$10$r3BD.leaooE.5vU28EYTuuBixKJ5aeV1AyrKyPHHI0BSkH.eNYs5i', '9902 Susan Branch', 90396952, 'user', 'https://s3.amazonaws.com/uifaces/faces/twitter/alxndrustinov/128.jpg');
INSERT INTO credit_card VALUES (6767906379377110, 'Chadd25@gmail.com', '2020-12-08T09:59:59.820Z', 457);
INSERT INTO pet VALUES ('Frida', 'Chadd25@gmail.com', 'Hedgehog', 'Id ad ratione omnis quos qui sit quidem sed omnis.', 'Dolor explicabo non error omnis quia.');
INSERT INTO pet VALUES ('Nichole', 'Chadd25@gmail.com', 'Hamster', 'Ut omnis ratione consequatur cum accusantium nihil.', 'Mollitia atque vel et repellendus iusto.');

INSERT INTO person VALUES ('Al.Zieme@gmail.com', 'Nels Gusikowski', '$2b$10$r3BD.leaooE.5vU28EYTuuBixKJ5aeV1AyrKyPHHI0BSkH.eNYs5i', '3606 Metz Mall', 90374123, 'user', 'https://s3.amazonaws.com/uifaces/faces/twitter/agromov/128.jpg');
INSERT INTO credit_card VALUES (6767930831815222, 'Al.Zieme@gmail.com', '2022-09-13T19:53:21.526Z', 232);
INSERT INTO pet VALUES ('Mazie', 'Al.Zieme@gmail.com', 'Guinea Pig', 'Autem rerum quia.', 'Vel molestiae ea est.');
INSERT INTO pet VALUES ('Mara', 'Al.Zieme@gmail.com', 'Duck', 'Eius eaque amet recusandae et enim est non officiis.', 'Est et et enim veritatis.');

INSERT INTO person VALUES ('Rashad85@hotmail.com', 'Nicolette Wiza', '$2b$10$r3BD.leaooE.5vU28EYTuuBixKJ5aeV1AyrKyPHHI0BSkH.eNYs5i', '6054 Nyasia Mall', 90659227, 'user', 'https://s3.amazonaws.com/uifaces/faces/twitter/felipeapiress/128.jpg');
INSERT INTO credit_card VALUES (6759412582305703, 'Rashad85@hotmail.com', '2024-01-22T18:42:18.708Z', 018);
INSERT INTO pet VALUES ('Tom', 'Rashad85@hotmail.com', 'Pig', 'Est accusamus quo fugiat ex a qui eveniet.', 'Esse cupiditate et voluptas assumenda.');

INSERT INTO person VALUES ('Kadin_Keebler@gmail.com', 'Tyrell Wehner', '$2b$10$r3BD.leaooE.5vU28EYTuuBixKJ5aeV1AyrKyPHHI0BSkH.eNYs5i', '237 Aaron Mills', 90114500, 'user', 'https://s3.amazonaws.com/uifaces/faces/twitter/robinlayfield/128.jpg');
INSERT INTO credit_card VALUES (6759064246665024, 'Kadin_Keebler@gmail.com', '2021-02-22T02:22:27.448Z', 873);
INSERT INTO pet VALUES ('Amari', 'Kadin_Keebler@gmail.com', 'Lizard', 'In at nemo officia ad eum.', 'Enim dolores dignissimos minima id beatae pariatur dolorem harum.');
INSERT INTO pet VALUES ('Elias', 'Kadin_Keebler@gmail.com', 'Chameleons (Veiled)', 'Molestias minima vel nam accusamus repellendus.', 'Et quas est placeat et repellendus libero.');

INSERT INTO person VALUES ('Oswald_Littel57@yahoo.com', 'Katheryn Jenkins', '$2b$10$r3BD.leaooE.5vU28EYTuuBixKJ5aeV1AyrKyPHHI0BSkH.eNYs5i', '46178 Miller Crest', 90248637, 'user', 'https://s3.amazonaws.com/uifaces/faces/twitter/ripplemdk/128.jpg');
INSERT INTO part_time_ct VALUES ('Oswald_Littel57@yahoo.com');
INSERT INTO pt_free_schedule VALUES ('Oswald_Littel57@yahoo.com', '2020-05-13T16:00:00.000Z', '2021-11-13T16:00:00.000Z');
INSERT INTO pt_specializes_in VALUES ('Oswald_Littel57@yahoo.com', 'Bird', 3);

INSERT INTO person VALUES ('Doug_Dach90@hotmail.com', 'Marc Leuschke', '$2b$10$r3BD.leaooE.5vU28EYTuuBixKJ5aeV1AyrKyPHHI0BSkH.eNYs5i', '738 Lottie Gateway', 90548376, 'user', 'https://s3.amazonaws.com/uifaces/faces/twitter/mr_shiznit/128.jpg');
INSERT INTO credit_card VALUES (6011627352115928, 'Doug_Dach90@hotmail.com', '2021-08-08T09:32:10.635Z', 501);
INSERT INTO pet VALUES ('Katharina', 'Doug_Dach90@hotmail.com', 'Chinese Water Dragon', 'Ea aperiam veritatis et.', 'Non non voluptatem qui repellendus.');
INSERT INTO pet VALUES ('Deion', 'Doug_Dach90@hotmail.com', 'Hedgehog', 'Eveniet aut placeat facere et omnis nisi.', 'Perspiciatis sit eum non voluptas totam.');

INSERT INTO person VALUES ('Evert.Lesch61@hotmail.com', 'Unique Ondricka', '$2b$10$r3BD.leaooE.5vU28EYTuuBixKJ5aeV1AyrKyPHHI0BSkH.eNYs5i', '9426 Hahn Hollow', 90830539, 'user', 'https://s3.amazonaws.com/uifaces/faces/twitter/evandrix/128.jpg');

INSERT INTO person VALUES ('Millie75@yahoo.com', 'Zachery Metz', '$2b$10$r3BD.leaooE.5vU28EYTuuBixKJ5aeV1AyrKyPHHI0BSkH.eNYs5i', '170 Kuhn Crest', 90626765, 'user', 'https://s3.amazonaws.com/uifaces/faces/twitter/kennyadr/128.jpg');
INSERT INTO credit_card VALUES (5445323533705646, 'Millie75@yahoo.com', '2022-04-14T18:18:48.815Z', 234);
INSERT INTO pet VALUES ('Roderick', 'Millie75@yahoo.com', 'Chinchilla', 'Eum quas harum aut possimus sint enim laudantium non.', 'Fugiat ut velit velit quia sint consequuntur non consequuntur.');
INSERT INTO pet VALUES ('Laurel', 'Millie75@yahoo.com', 'Guinea Fowl', 'Occaecati provident non eius nemo perspiciatis ut eos optio.', 'Sunt culpa accusantium et autem.');
INSERT INTO full_time_ct VALUES ('Millie75@yahoo.com');
INSERT INTO ft_specializes_in VALUES ('Millie75@yahoo.com', 'Hamster', 3);
INSERT INTO ft_specializes_in VALUES ('Millie75@yahoo.com', 'Pig', 11);
INSERT INTO ft_specializes_in VALUES ('Millie75@yahoo.com', 'Pigeon', 5);

INSERT INTO person VALUES ('Alek.Christiansen@hotmail.com', 'Tavares Toy', '$2b$10$r3BD.leaooE.5vU28EYTuuBixKJ5aeV1AyrKyPHHI0BSkH.eNYs5i', '97705 Monahan Mountain', 90398561, 'user', 'https://s3.amazonaws.com/uifaces/faces/twitter/ffbel/128.jpg');
INSERT INTO part_time_ct VALUES ('Alek.Christiansen@hotmail.com');
INSERT INTO pt_free_schedule VALUES ('Alek.Christiansen@hotmail.com', '2020-05-13T16:00:00.000Z', '2021-11-13T16:00:00.000Z');
INSERT INTO pt_specializes_in VALUES ('Alek.Christiansen@hotmail.com', 'Chinchilla', 7);
INSERT INTO pt_specializes_in VALUES ('Alek.Christiansen@hotmail.com', 'Mule', 2);
INSERT INTO pt_specializes_in VALUES ('Alek.Christiansen@hotmail.com', 'Ponie', 9);

INSERT INTO person VALUES ('Amaya.Reichert@gmail.com', 'Ned Harris', '$2b$10$r3BD.leaooE.5vU28EYTuuBixKJ5aeV1AyrKyPHHI0BSkH.eNYs5i', '29905 Lonie Lodge', 90322270, 'user', 'https://s3.amazonaws.com/uifaces/faces/twitter/davidhemphill/128.jpg');

INSERT INTO person VALUES ('Shanny_Koss60@yahoo.com', 'Willie Kovacek', '$2b$10$r3BD.leaooE.5vU28EYTuuBixKJ5aeV1AyrKyPHHI0BSkH.eNYs5i', '5297 Erdman Shoals', 90439796, 'user', 'https://s3.amazonaws.com/uifaces/faces/twitter/kaelifa/128.jpg');
INSERT INTO credit_card VALUES (3528812461595030, 'Shanny_Koss60@yahoo.com', '2022-05-24T10:58:23.976Z', 378);
INSERT INTO pet VALUES ('Jaclyn', 'Shanny_Koss60@yahoo.com', 'Horse', 'Et laborum occaecati esse illum est nihil quia.', 'Ullam itaque vitae impedit rerum error.');
INSERT INTO pet VALUES ('Audreanne', 'Shanny_Koss60@yahoo.com', 'Burro', 'Earum maiores qui placeat ea in dolorem quos temporibus ullam.', 'Sed assumenda repellat.');
INSERT INTO full_time_ct VALUES ('Shanny_Koss60@yahoo.com');
INSERT INTO ft_specializes_in VALUES ('Shanny_Koss60@yahoo.com', 'Bird', 19);

INSERT INTO person VALUES ('Myrl4@yahoo.com', 'Korbin Klein', '$2b$10$r3BD.leaooE.5vU28EYTuuBixKJ5aeV1AyrKyPHHI0BSkH.eNYs5i', '1678 Magali Prairie', 90500504, 'user', 'https://s3.amazonaws.com/uifaces/faces/twitter/noxdzine/128.jpg');
INSERT INTO full_time_ct VALUES ('Myrl4@yahoo.com');
INSERT INTO ft_specializes_in VALUES ('Myrl4@yahoo.com', 'Cow', 0);
INSERT INTO ft_specializes_in VALUES ('Myrl4@yahoo.com', 'Mule', 7);

INSERT INTO person VALUES ('Ayden97@hotmail.com', 'Jaydon Kihn', '$2b$10$r3BD.leaooE.5vU28EYTuuBixKJ5aeV1AyrKyPHHI0BSkH.eNYs5i', '3505 Arlo Orchard', 90852954, 'user', 'https://s3.amazonaws.com/uifaces/faces/twitter/ivanfilipovbg/128.jpg');

INSERT INTO person VALUES ('Simeon.Kris@gmail.com', 'Thea Veum', '$2b$10$r3BD.leaooE.5vU28EYTuuBixKJ5aeV1AyrKyPHHI0BSkH.eNYs5i', '1795 Kirlin Light', 90698930, 'user', 'https://s3.amazonaws.com/uifaces/faces/twitter/missaaamy/128.jpg');

INSERT INTO person VALUES ('Eda_Bailey@hotmail.com', 'Cruz Bailey', '$2b$10$r3BD.leaooE.5vU28EYTuuBixKJ5aeV1AyrKyPHHI0BSkH.eNYs5i', '922 Nader Parkways', 90797958, 'user', 'https://s3.amazonaws.com/uifaces/faces/twitter/notbadart/128.jpg');
INSERT INTO credit_card VALUES (4623364392511807, 'Eda_Bailey@hotmail.com', '2022-01-19T16:08:10.498Z', 083);
INSERT INTO pet VALUES ('Cooper', 'Eda_Bailey@hotmail.com', 'Hog', 'Voluptatem sapiente quasi voluptas et vitae exercitationem enim.', 'Illum atque sint.');
INSERT INTO full_time_ct VALUES ('Eda_Bailey@hotmail.com');
INSERT INTO ft_specializes_in VALUES ('Eda_Bailey@hotmail.com', 'Chinchilla', 20);
INSERT INTO ft_specializes_in VALUES ('Eda_Bailey@hotmail.com', 'Donkey', 2);
INSERT INTO ft_specializes_in VALUES ('Eda_Bailey@hotmail.com', 'Llama', 3);

INSERT INTO person VALUES ('Raegan_Fadel@hotmail.com', 'Keshaun Fay', '$2b$10$r3BD.leaooE.5vU28EYTuuBixKJ5aeV1AyrKyPHHI0BSkH.eNYs5i', '460 Torphy Motorway', 90783405, 'user', 'https://s3.amazonaws.com/uifaces/faces/twitter/noufalibrahim/128.jpg');
INSERT INTO credit_card VALUES (6304109543272039, 'Raegan_Fadel@hotmail.com', '2021-10-26T09:58:17.214Z', 779);
INSERT INTO pet VALUES ('Ruth', 'Raegan_Fadel@hotmail.com', 'Hedgehog', 'Dolorum fugit aut quas dolorum.', 'Eveniet perspiciatis quia temporibus omnis vel consectetur voluptas.');
INSERT INTO pet VALUES ('Leslie', 'Raegan_Fadel@hotmail.com', 'Gerbil', 'Eligendi sit ut delectus odio totam atque.', 'In sint est omnis quis corporis dolorem reprehenderit sapiente.');
INSERT INTO full_time_ct VALUES ('Raegan_Fadel@hotmail.com');
INSERT INTO ft_specializes_in VALUES ('Raegan_Fadel@hotmail.com', 'Chinese Water Dragon', 15);

INSERT INTO person VALUES ('Wallace.Bogan75@gmail.com', 'Joesph Toy', '$2b$10$r3BD.leaooE.5vU28EYTuuBixKJ5aeV1AyrKyPHHI0BSkH.eNYs5i', '874 Agustin Grove', 90668245, 'user', 'https://s3.amazonaws.com/uifaces/faces/twitter/xripunov/128.jpg');
INSERT INTO credit_card VALUES (6706812993706538, 'Wallace.Bogan75@gmail.com', '2021-08-31T06:18:17.323Z', 509);
INSERT INTO pet VALUES ('Sasha', 'Wallace.Bogan75@gmail.com', 'Gecko', 'Consectetur recusandae sed.', 'Ut doloremque hic voluptatibus atque blanditiis ut occaecati rem facilis.');
INSERT INTO pet VALUES ('Fern', 'Wallace.Bogan75@gmail.com', 'Chinese Water Dragon', 'Omnis consequatur id.', 'Animi quos quibusdam quisquam aut sequi fugit exercitationem vel recusandae.');
INSERT INTO part_time_ct VALUES ('Wallace.Bogan75@gmail.com');
INSERT INTO pt_free_schedule VALUES ('Wallace.Bogan75@gmail.com', '2020-05-13T16:00:00.000Z', '2021-11-13T16:00:00.000Z');
INSERT INTO pt_specializes_in VALUES ('Wallace.Bogan75@gmail.com', 'Chameleons (Veiled)', 0);
INSERT INTO pt_specializes_in VALUES ('Wallace.Bogan75@gmail.com', 'Ferret', 7);

INSERT INTO person VALUES ('Vern.Effertz58@yahoo.com', 'Eldridge Koch', '$2b$10$r3BD.leaooE.5vU28EYTuuBixKJ5aeV1AyrKyPHHI0BSkH.eNYs5i', '488 Cormier Forks', 90305446, 'user', 'https://s3.amazonaws.com/uifaces/faces/twitter/ryhanhassan/128.jpg');
INSERT INTO credit_card VALUES (6381987381548617, 'Vern.Effertz58@yahoo.com', '2024-06-27T17:56:37.971Z', 413);
INSERT INTO pet VALUES ('Maryse', 'Vern.Effertz58@yahoo.com', 'Pigeon', 'Asperiores libero et ex consequatur.', 'Qui aliquid consequatur eligendi vitae est temporibus qui sed qui.');
INSERT INTO part_time_ct VALUES ('Vern.Effertz58@yahoo.com');
INSERT INTO pt_free_schedule VALUES ('Vern.Effertz58@yahoo.com', '2020-05-13T16:00:00.000Z', '2021-11-13T16:00:00.000Z');
INSERT INTO pt_specializes_in VALUES ('Vern.Effertz58@yahoo.com', 'Geese (Chinese Swan Goose)', 14);

INSERT INTO person VALUES ('Juston.Walter36@gmail.com', 'Kaitlyn Hermiston', '$2b$10$r3BD.leaooE.5vU28EYTuuBixKJ5aeV1AyrKyPHHI0BSkH.eNYs5i', '64530 Connelly Vista', 90282894, 'user', 'https://s3.amazonaws.com/uifaces/faces/twitter/noxdzine/128.jpg');
INSERT INTO full_time_ct VALUES ('Juston.Walter36@gmail.com');
INSERT INTO ft_specializes_in VALUES ('Juston.Walter36@gmail.com', 'Burro', 12);
INSERT INTO ft_specializes_in VALUES ('Juston.Walter36@gmail.com', 'Ferret', 16);
INSERT INTO ft_specializes_in VALUES ('Juston.Walter36@gmail.com', 'Guinea Pig', 7);

INSERT INTO person VALUES ('Arlo_Maggio@gmail.com', 'Dedrick Mann', '$2b$10$r3BD.leaooE.5vU28EYTuuBixKJ5aeV1AyrKyPHHI0BSkH.eNYs5i', '4448 Jerrold Manor', 90160911, 'user', 'https://s3.amazonaws.com/uifaces/faces/twitter/alecarpentier/128.jpg');

INSERT INTO person VALUES ('Jarret51@hotmail.com', 'Jabari McLaughlin', '$2b$10$r3BD.leaooE.5vU28EYTuuBixKJ5aeV1AyrKyPHHI0BSkH.eNYs5i', '0957 Gusikowski Walk', 90527930, 'user', 'https://s3.amazonaws.com/uifaces/faces/twitter/vj_demien/128.jpg');

INSERT INTO person VALUES ('Dustin_Thompson48@yahoo.com', 'Camryn Rice', '$2b$10$r3BD.leaooE.5vU28EYTuuBixKJ5aeV1AyrKyPHHI0BSkH.eNYs5i', '5978 Juwan Haven', 90919083, 'user', 'https://s3.amazonaws.com/uifaces/faces/twitter/linkibol/128.jpg');
INSERT INTO full_time_ct VALUES ('Dustin_Thompson48@yahoo.com');
INSERT INTO ft_specializes_in VALUES ('Dustin_Thompson48@yahoo.com', 'Ponie', 3);

INSERT INTO person VALUES ('Naomi_Ullrich@hotmail.com', 'Federico Wyman', '$2b$10$r3BD.leaooE.5vU28EYTuuBixKJ5aeV1AyrKyPHHI0BSkH.eNYs5i', '3137 White Mall', 90455375, 'user', 'https://s3.amazonaws.com/uifaces/faces/twitter/gusoto/128.jpg');
INSERT INTO full_time_ct VALUES ('Naomi_Ullrich@hotmail.com');
INSERT INTO ft_specializes_in VALUES ('Naomi_Ullrich@hotmail.com', 'Guinea Fowl', 7);
INSERT INTO ft_specializes_in VALUES ('Naomi_Ullrich@hotmail.com', 'Guinea Pig', 3);
INSERT INTO ft_specializes_in VALUES ('Naomi_Ullrich@hotmail.com', 'Rabbit', 8);

INSERT INTO person VALUES ('Krystina.Tillman42@gmail.com', 'Llewellyn Crist', '$2b$10$r3BD.leaooE.5vU28EYTuuBixKJ5aeV1AyrKyPHHI0BSkH.eNYs5i', '7996 Labadie Mount', 90455234, 'user', 'https://s3.amazonaws.com/uifaces/faces/twitter/xamorep/128.jpg');

INSERT INTO person VALUES ('Demarcus_Stroman@hotmail.com', 'Jackson Gleichner', '$2b$10$r3BD.leaooE.5vU28EYTuuBixKJ5aeV1AyrKyPHHI0BSkH.eNYs5i', '471 Rippin Shore', 90777238, 'user', 'https://s3.amazonaws.com/uifaces/faces/twitter/petebernardo/128.jpg');
INSERT INTO credit_card VALUES (6304270525207840, 'Demarcus_Stroman@hotmail.com', '2021-05-24T22:54:25.707Z', 661);
INSERT INTO pet VALUES ('Alisa', 'Demarcus_Stroman@hotmail.com', 'Hog', 'Delectus omnis illum vel et voluptatibus est fugit harum sit.', 'Magni quibusdam et tempore magnam sit voluptatem quis.');
INSERT INTO pet VALUES ('Myron', 'Demarcus_Stroman@hotmail.com', 'Hog', 'Magni maiores et illo velit fuga exercitationem harum mollitia.', 'Autem vitae qui dignissimos cumque voluptates laborum.');

INSERT INTO person VALUES ('Marquis.Witting64@hotmail.com', 'Merle Senger', '$2b$10$r3BD.leaooE.5vU28EYTuuBixKJ5aeV1AyrKyPHHI0BSkH.eNYs5i', '26712 Delta Tunnel', 90638625, 'user', 'https://s3.amazonaws.com/uifaces/faces/twitter/alsobrooks/128.jpg');
INSERT INTO part_time_ct VALUES ('Marquis.Witting64@hotmail.com');
INSERT INTO pt_free_schedule VALUES ('Marquis.Witting64@hotmail.com', '2020-05-13T16:00:00.000Z', '2021-11-13T16:00:00.000Z');
INSERT INTO pt_specializes_in VALUES ('Marquis.Witting64@hotmail.com', 'Lizard', 19);

INSERT INTO person VALUES ('Demetrius_Walker96@gmail.com', 'Dallas Dibbert', '$2b$10$r3BD.leaooE.5vU28EYTuuBixKJ5aeV1AyrKyPHHI0BSkH.eNYs5i', '41893 Adrianna Tunnel', 90003200, 'user', 'https://s3.amazonaws.com/uifaces/faces/twitter/bboy1895/128.jpg');

INSERT INTO person VALUES ('Gilbert77@yahoo.com', 'Toney McLaughlin', '$2b$10$r3BD.leaooE.5vU28EYTuuBixKJ5aeV1AyrKyPHHI0BSkH.eNYs5i', '800 Ulices Rue', 90395513, 'user', 'https://s3.amazonaws.com/uifaces/faces/twitter/netonet_il/128.jpg');
INSERT INTO credit_card VALUES (6759124502309257, 'Gilbert77@yahoo.com', '2024-04-13T01:01:47.856Z', 339);
INSERT INTO pet VALUES ('Van', 'Gilbert77@yahoo.com', 'Peafowl', 'Tempora rerum voluptas.', 'Sapiente error nulla delectus eveniet.');
INSERT INTO pet VALUES ('Ena', 'Gilbert77@yahoo.com', 'Ponie', 'Corrupti eum ea voluptas corporis atque quam quaerat ea voluptatem.', 'Cum non facilis illo culpa non labore itaque.');

INSERT INTO person VALUES ('Raleigh50@yahoo.com', 'Brenna Hansen', '$2b$10$r3BD.leaooE.5vU28EYTuuBixKJ5aeV1AyrKyPHHI0BSkH.eNYs5i', '169 Jorge Locks', 90368879, 'user', 'https://s3.amazonaws.com/uifaces/faces/twitter/terpimost/128.jpg');
INSERT INTO credit_card VALUES (30348612214804, 'Raleigh50@yahoo.com', '2025-07-29T17:29:56.923Z', 078);
INSERT INTO pet VALUES ('Iliana', 'Raleigh50@yahoo.com', 'Mule', 'Et ullam nulla dolorem dolore non omnis voluptatem.', 'Commodi id et aut maiores minima temporibus quis dolorem deleniti.');
INSERT INTO pet VALUES ('Lorenza', 'Raleigh50@yahoo.com', 'Peafowl', 'Et natus quidem ea molestiae distinctio consequatur quo consequatur totam.', 'Velit quis omnis.');
INSERT INTO part_time_ct VALUES ('Raleigh50@yahoo.com');
INSERT INTO pt_free_schedule VALUES ('Raleigh50@yahoo.com', '2020-05-13T16:00:00.000Z', '2021-11-13T16:00:00.000Z');
INSERT INTO pt_specializes_in VALUES ('Raleigh50@yahoo.com', 'Cow', 17);
INSERT INTO pt_specializes_in VALUES ('Raleigh50@yahoo.com', 'Pig', 7);
INSERT INTO pt_specializes_in VALUES ('Raleigh50@yahoo.com', 'Pot Bellied Pig', 10);

INSERT INTO person VALUES ('Stevie.Watsica87@yahoo.com', 'Bridie Braun', '$2b$10$r3BD.leaooE.5vU28EYTuuBixKJ5aeV1AyrKyPHHI0BSkH.eNYs5i', '79675 Abraham Ford', 90348303, 'user', 'https://s3.amazonaws.com/uifaces/faces/twitter/kurafire/128.jpg');
INSERT INTO credit_card VALUES (36372941748015, 'Stevie.Watsica87@yahoo.com', '2021-11-09T11:48:53.265Z', 513);
INSERT INTO pet VALUES ('Christelle', 'Stevie.Watsica87@yahoo.com', 'Rabbit', 'Nostrum magnam distinctio et est vero voluptatum.', 'Ex aliquid quia est quia amet ut debitis.');
INSERT INTO pet VALUES ('Lennie', 'Stevie.Watsica87@yahoo.com', 'Peafowl', 'Doloribus dignissimos ratione.', 'Eum dolores illum eos.');

INSERT INTO person VALUES ('Jeffery13@hotmail.com', 'Ahmed Abernathy', '$2b$10$r3BD.leaooE.5vU28EYTuuBixKJ5aeV1AyrKyPHHI0BSkH.eNYs5i', '37876 Leffler Freeway', 90210173, 'user', 'https://s3.amazonaws.com/uifaces/faces/twitter/barputro/128.jpg');

INSERT INTO person VALUES ('Eriberto2@yahoo.com', 'Sabrina Ebert', '$2b$10$r3BD.leaooE.5vU28EYTuuBixKJ5aeV1AyrKyPHHI0BSkH.eNYs5i', '5715 Wyman Estate', 90809104, 'user', 'https://s3.amazonaws.com/uifaces/faces/twitter/kylefoundry/128.jpg');

INSERT INTO person VALUES ('Makenzie_Kling@gmail.com', 'Lou Johnston', '$2b$10$r3BD.leaooE.5vU28EYTuuBixKJ5aeV1AyrKyPHHI0BSkH.eNYs5i', '96577 Rozella Freeway', 90922574, 'user', 'https://s3.amazonaws.com/uifaces/faces/twitter/deviljho_/128.jpg');

INSERT INTO person VALUES ('Rahul.Romaguera@hotmail.com', 'Jaleel Leuschke', '$2b$10$r3BD.leaooE.5vU28EYTuuBixKJ5aeV1AyrKyPHHI0BSkH.eNYs5i', '117 Dawn Mountain', 90833656, 'user', 'https://s3.amazonaws.com/uifaces/faces/twitter/pcridesagain/128.jpg');
INSERT INTO credit_card VALUES (5893274777843855, 'Rahul.Romaguera@hotmail.com', '2022-02-21T16:13:09.925Z', 465);
INSERT INTO pet VALUES ('Sunny', 'Rahul.Romaguera@hotmail.com', 'Bird', 'Eaque corrupti ducimus earum.', 'Excepturi quas in unde impedit est exercitationem fugit perspiciatis maiores.');
INSERT INTO pet VALUES ('Vergie', 'Rahul.Romaguera@hotmail.com', 'Chinchilla', 'Aut reprehenderit quo temporibus nemo at corrupti.', 'Vel eum nostrum ut nesciunt sed id consequatur dolorum.');

INSERT INTO person VALUES ('Joaquin.Wiegand@gmail.com', 'Jamie Gorczany', '$2b$10$r3BD.leaooE.5vU28EYTuuBixKJ5aeV1AyrKyPHHI0BSkH.eNYs5i', '02855 Maxime Club', 90736960, 'user', 'https://s3.amazonaws.com/uifaces/faces/twitter/brandclay/128.jpg');
INSERT INTO credit_card VALUES (6767258987972438, 'Joaquin.Wiegand@gmail.com', '2021-07-30T20:58:16.832Z', 135);
INSERT INTO pet VALUES ('Alexis', 'Joaquin.Wiegand@gmail.com', 'Iguana', 'Quo totam dolorem tenetur quae quam voluptatem deserunt voluptatem.', 'Possimus velit vel cumque non.');
INSERT INTO pet VALUES ('Rodrick', 'Joaquin.Wiegand@gmail.com', 'Rabbit', 'Voluptates facilis non ea.', 'Ut temporibus sint voluptatem inventore.');
INSERT INTO full_time_ct VALUES ('Joaquin.Wiegand@gmail.com');
INSERT INTO ft_specializes_in VALUES ('Joaquin.Wiegand@gmail.com', 'Pig', 19);

INSERT INTO person VALUES ('Nikki_Franecki36@gmail.com', 'Easton Kihn', '$2b$10$r3BD.leaooE.5vU28EYTuuBixKJ5aeV1AyrKyPHHI0BSkH.eNYs5i', '18642 Blair Brook', 90902441, 'user', 'https://s3.amazonaws.com/uifaces/faces/twitter/kapaluccio/128.jpg');
INSERT INTO part_time_ct VALUES ('Nikki_Franecki36@gmail.com');
INSERT INTO pt_free_schedule VALUES ('Nikki_Franecki36@gmail.com', '2020-05-13T16:00:00.000Z', '2021-11-13T16:00:00.000Z');
INSERT INTO pt_specializes_in VALUES ('Nikki_Franecki36@gmail.com', 'Lizard', 5);
INSERT INTO pt_specializes_in VALUES ('Nikki_Franecki36@gmail.com', 'Hog', 15);
INSERT INTO pt_specializes_in VALUES ('Nikki_Franecki36@gmail.com', 'Ponie', 15);

INSERT INTO person VALUES ('Ceasar_Nader3@gmail.com', 'Amaya Sipes', '$2b$10$r3BD.leaooE.5vU28EYTuuBixKJ5aeV1AyrKyPHHI0BSkH.eNYs5i', '3692 Gutmann Rapids', 90650079, 'user', 'https://s3.amazonaws.com/uifaces/faces/twitter/stalewine/128.jpg');
INSERT INTO part_time_ct VALUES ('Ceasar_Nader3@gmail.com');
INSERT INTO pt_free_schedule VALUES ('Ceasar_Nader3@gmail.com', '2020-05-13T16:00:00.000Z', '2021-11-13T16:00:00.000Z');
INSERT INTO pt_specializes_in VALUES ('Ceasar_Nader3@gmail.com', 'Fish', 16);

INSERT INTO person VALUES ('Linda45@yahoo.com', 'Preston Buckridge', '$2b$10$r3BD.leaooE.5vU28EYTuuBixKJ5aeV1AyrKyPHHI0BSkH.eNYs5i', '69758 Alvena Landing', 90046794, 'user', 'https://s3.amazonaws.com/uifaces/faces/twitter/byrnecore/128.jpg');
INSERT INTO credit_card VALUES (3549911346673522, 'Linda45@yahoo.com', '2021-08-05T04:14:06.327Z', 097);
INSERT INTO pet VALUES ('Nicolas', 'Linda45@yahoo.com', 'Cow', 'Esse itaque voluptatem rerum similique quia.', 'Qui deserunt totam placeat dolores facilis optio.');
INSERT INTO pet VALUES ('Dewitt', 'Linda45@yahoo.com', 'Duck', 'Ab dolor ut et omnis odio adipisci veniam aspernatur voluptatibus.', 'Maxime et quis soluta ea et ad reprehenderit.');
INSERT INTO part_time_ct VALUES ('Linda45@yahoo.com');
INSERT INTO pt_free_schedule VALUES ('Linda45@yahoo.com', '2020-05-13T16:00:00.000Z', '2021-11-13T16:00:00.000Z');
INSERT INTO pt_specializes_in VALUES ('Linda45@yahoo.com', 'Geese (Chinese Swan Goose)', 17);
INSERT INTO pt_specializes_in VALUES ('Linda45@yahoo.com', 'Hamster', 10);

INSERT INTO person VALUES ('Josephine64@yahoo.com', 'Magnus Pfannerstill', '$2b$10$r3BD.leaooE.5vU28EYTuuBixKJ5aeV1AyrKyPHHI0BSkH.eNYs5i', '98132 Ocie Mission', 90322087, 'user', 'https://s3.amazonaws.com/uifaces/faces/twitter/andrewabogado/128.jpg');
INSERT INTO part_time_ct VALUES ('Josephine64@yahoo.com');
INSERT INTO pt_free_schedule VALUES ('Josephine64@yahoo.com', '2020-05-13T16:00:00.000Z', '2021-11-13T16:00:00.000Z');
INSERT INTO pt_specializes_in VALUES ('Josephine64@yahoo.com', 'Ferret', 12);
INSERT INTO pt_specializes_in VALUES ('Josephine64@yahoo.com', 'Guinea Fowl', 19);

INSERT INTO person VALUES ('Ronaldo_Kihn85@yahoo.com', 'Houston Boyle', '$2b$10$r3BD.leaooE.5vU28EYTuuBixKJ5aeV1AyrKyPHHI0BSkH.eNYs5i', '6726 Langosh Mountains', 90768697, 'user', 'https://s3.amazonaws.com/uifaces/faces/twitter/ainsleywagon/128.jpg');
INSERT INTO credit_card VALUES (6304748519128270, 'Ronaldo_Kihn85@yahoo.com', '2024-07-21T07:46:14.762Z', 916);
INSERT INTO pet VALUES ('Terrell', 'Ronaldo_Kihn85@yahoo.com', 'Duck', 'Voluptatem error et voluptatum saepe ratione itaque pariatur quia aliquam.', 'Molestiae voluptatem quia possimus non.');
INSERT INTO pet VALUES ('Toy', 'Ronaldo_Kihn85@yahoo.com', 'Hog', 'Quia impedit cum sed quo quisquam amet quis minus voluptatem.', 'Minus et dolorem sed cum.');
INSERT INTO part_time_ct VALUES ('Ronaldo_Kihn85@yahoo.com');
INSERT INTO pt_free_schedule VALUES ('Ronaldo_Kihn85@yahoo.com', '2020-05-13T16:00:00.000Z', '2021-11-13T16:00:00.000Z');
INSERT INTO pt_specializes_in VALUES ('Ronaldo_Kihn85@yahoo.com', 'Bearded Dragon', 7);
INSERT INTO pt_specializes_in VALUES ('Ronaldo_Kihn85@yahoo.com', 'Chameleons (Veiled)', 9);
INSERT INTO pt_specializes_in VALUES ('Ronaldo_Kihn85@yahoo.com', 'Gerbil', 3);

INSERT INTO person VALUES ('Khalil_Dietrich@gmail.com', 'Marielle Treutel', '$2b$10$r3BD.leaooE.5vU28EYTuuBixKJ5aeV1AyrKyPHHI0BSkH.eNYs5i', '2284 Tremblay Manors', 90472800, 'user', 'https://s3.amazonaws.com/uifaces/faces/twitter/ccinojasso1/128.jpg');
INSERT INTO part_time_ct VALUES ('Khalil_Dietrich@gmail.com');
INSERT INTO pt_free_schedule VALUES ('Khalil_Dietrich@gmail.com', '2020-05-13T16:00:00.000Z', '2021-11-13T16:00:00.000Z');
INSERT INTO pt_specializes_in VALUES ('Khalil_Dietrich@gmail.com', 'Chinese Water Dragon', 9);
INSERT INTO pt_specializes_in VALUES ('Khalil_Dietrich@gmail.com', 'Fish', 19);

INSERT INTO person VALUES ('Yessenia_Bechtelar@yahoo.com', 'Nicolas Lemke', '$2b$10$r3BD.leaooE.5vU28EYTuuBixKJ5aeV1AyrKyPHHI0BSkH.eNYs5i', '7645 Raynor Way', 90344608, 'user', 'https://s3.amazonaws.com/uifaces/faces/twitter/reideiredale/128.jpg');

INSERT INTO person VALUES ('Clementine.Wiegand@gmail.com', 'Henriette Mayert', '$2b$10$r3BD.leaooE.5vU28EYTuuBixKJ5aeV1AyrKyPHHI0BSkH.eNYs5i', '48280 Walsh Alley', 90180046, 'user', 'https://s3.amazonaws.com/uifaces/faces/twitter/thibaut_re/128.jpg');

INSERT INTO person VALUES ('Easton.Collier10@yahoo.com', 'Norval Hilpert', '$2b$10$r3BD.leaooE.5vU28EYTuuBixKJ5aeV1AyrKyPHHI0BSkH.eNYs5i', '8370 Aurelio Square', 90523005, 'user', 'https://s3.amazonaws.com/uifaces/faces/twitter/adellecharles/128.jpg');
INSERT INTO credit_card VALUES (4956398971922, 'Easton.Collier10@yahoo.com', '2022-01-29T00:08:24.548Z', 611);
INSERT INTO pet VALUES ('Boyd', 'Easton.Collier10@yahoo.com', 'Gecko', 'Odio praesentium inventore est.', 'Dicta quam qui.');
INSERT INTO pet VALUES ('Stefanie', 'Easton.Collier10@yahoo.com', 'Mice', 'Consequatur cupiditate voluptas repellat.', 'Quis ut aspernatur sequi non aperiam dolor sed est sit.');
INSERT INTO full_time_ct VALUES ('Easton.Collier10@yahoo.com');
INSERT INTO ft_specializes_in VALUES ('Easton.Collier10@yahoo.com', 'Pigeon', 12);

INSERT INTO person VALUES ('Ethyl44@gmail.com', 'Vivian Homenick', '$2b$10$r3BD.leaooE.5vU28EYTuuBixKJ5aeV1AyrKyPHHI0BSkH.eNYs5i', '457 Antwon Hollow', 90942576, 'user', 'https://s3.amazonaws.com/uifaces/faces/twitter/hjartstrorn/128.jpg');
INSERT INTO credit_card VALUES (3528556007017841, 'Ethyl44@gmail.com', '2021-01-07T14:08:39.761Z', 993);
INSERT INTO pet VALUES ('Maryse', 'Ethyl44@gmail.com', 'Guinea Fowl', 'Est incidunt nostrum beatae voluptates.', 'Sequi officiis aperiam voluptas repellendus maiores libero.');
INSERT INTO pet VALUES ('Jennifer', 'Ethyl44@gmail.com', 'Bearded Dragon', 'Id quia quia.', 'Temporibus molestiae aliquid.');

INSERT INTO person VALUES ('Logan.Hettinger@yahoo.com', 'Kennith Rempel', '$2b$10$r3BD.leaooE.5vU28EYTuuBixKJ5aeV1AyrKyPHHI0BSkH.eNYs5i', '112 Blaze Trafficway', 90292562, 'user', 'https://s3.amazonaws.com/uifaces/faces/twitter/SULiik/128.jpg');
INSERT INTO credit_card VALUES (30389977221453, 'Logan.Hettinger@yahoo.com', '2021-06-10T18:30:11.823Z', 569);
INSERT INTO pet VALUES ('Trent', 'Logan.Hettinger@yahoo.com', 'Gecko', 'Ut qui minima sit praesentium deserunt.', 'Debitis totam porro eum quo fugiat ratione vero et.');

INSERT INTO person VALUES ('Bailee.OKeefe@hotmail.com', 'Darion Quigley', '$2b$10$r3BD.leaooE.5vU28EYTuuBixKJ5aeV1AyrKyPHHI0BSkH.eNYs5i', '905 Kathleen Drives', 90414041, 'user', 'https://s3.amazonaws.com/uifaces/faces/twitter/homka/128.jpg');

INSERT INTO person VALUES ('Bernard33@hotmail.com', 'Pearline Emmerich', '$2b$10$r3BD.leaooE.5vU28EYTuuBixKJ5aeV1AyrKyPHHI0BSkH.eNYs5i', '9023 Demetris Glens', 90126748, 'user', 'https://s3.amazonaws.com/uifaces/faces/twitter/jennyshen/128.jpg');
INSERT INTO credit_card VALUES (30063508152495, 'Bernard33@hotmail.com', '2024-06-17T14:31:08.264Z', 421);
INSERT INTO pet VALUES ('Skye', 'Bernard33@hotmail.com', 'Hog', 'Voluptatem adipisci sint exercitationem sunt occaecati quo non.', 'Porro fugiat dicta.');
INSERT INTO full_time_ct VALUES ('Bernard33@hotmail.com');
INSERT INTO ft_specializes_in VALUES ('Bernard33@hotmail.com', 'Fish', 7);
INSERT INTO ft_specializes_in VALUES ('Bernard33@hotmail.com', 'Iguana', 12);

INSERT INTO person VALUES ('Alena75@hotmail.com', 'Judd Mante', '$2b$10$r3BD.leaooE.5vU28EYTuuBixKJ5aeV1AyrKyPHHI0BSkH.eNYs5i', '30983 Keely Views', 90551008, 'user', 'https://s3.amazonaws.com/uifaces/faces/twitter/dawidwu/128.jpg');
INSERT INTO credit_card VALUES (6767303518988007, 'Alena75@hotmail.com', '2022-07-31T18:00:30.040Z', 049);
INSERT INTO pet VALUES ('Emmet', 'Alena75@hotmail.com', 'Chinchilla', 'Autem qui quod soluta et ullam.', 'Nam explicabo libero delectus aut ab pariatur dolore unde quam.');
INSERT INTO pet VALUES ('Saige', 'Alena75@hotmail.com', 'Chinchilla', 'Labore deserunt non blanditiis eaque eius.', 'Possimus et veniam.');

INSERT INTO person VALUES ('Lisette35@hotmail.com', 'Alec Grady', '$2b$10$r3BD.leaooE.5vU28EYTuuBixKJ5aeV1AyrKyPHHI0BSkH.eNYs5i', '314 Langworth Mission', 90981114, 'user', 'https://s3.amazonaws.com/uifaces/faces/twitter/joe_black/128.jpg');
INSERT INTO credit_card VALUES (349983882791044, 'Lisette35@hotmail.com', '2022-01-26T18:45:20.520Z', 365);
INSERT INTO pet VALUES ('Furman', 'Lisette35@hotmail.com', 'Pigeon', 'Veritatis quia saepe asperiores necessitatibus est eveniet consequatur aut atque.', 'Ducimus amet non blanditiis aut et sed.');
INSERT INTO pet VALUES ('Josh', 'Lisette35@hotmail.com', 'Guinea Fowl', 'Ipsum ut iste ut enim numquam ratione id.', 'Autem distinctio reprehenderit modi expedita odit.');
INSERT INTO part_time_ct VALUES ('Lisette35@hotmail.com');
INSERT INTO pt_free_schedule VALUES ('Lisette35@hotmail.com', '2020-05-13T16:00:00.000Z', '2021-11-13T16:00:00.000Z');
INSERT INTO pt_specializes_in VALUES ('Lisette35@hotmail.com', 'Chameleons (Veiled)', 20);
INSERT INTO pt_specializes_in VALUES ('Lisette35@hotmail.com', 'Fish', 5);
INSERT INTO pt_specializes_in VALUES ('Lisette35@hotmail.com', 'Hamster', 3);

INSERT INTO person VALUES ('Cheyenne_Murray@gmail.com', 'Isom Hintz', '$2b$10$r3BD.leaooE.5vU28EYTuuBixKJ5aeV1AyrKyPHHI0BSkH.eNYs5i', '228 Meta Lights', 90044772, 'user', 'https://s3.amazonaws.com/uifaces/faces/twitter/eyronn/128.jpg');

INSERT INTO person VALUES ('Tressa_Huels3@gmail.com', 'Ova Wyman', '$2b$10$r3BD.leaooE.5vU28EYTuuBixKJ5aeV1AyrKyPHHI0BSkH.eNYs5i', '6752 Vernon Highway', 90503309, 'user', 'https://s3.amazonaws.com/uifaces/faces/twitter/pmeissner/128.jpg');
INSERT INTO credit_card VALUES (6767242225397344, 'Tressa_Huels3@gmail.com', '2022-09-10T11:44:23.890Z', 513);
INSERT INTO pet VALUES ('Chet', 'Tressa_Huels3@gmail.com', 'Cow', 'Quidem nesciunt vel placeat in accusantium nam consectetur maxime ea.', 'Quia repudiandae itaque velit enim facilis.');
INSERT INTO pet VALUES ('Santos', 'Tressa_Huels3@gmail.com', 'Iguana', 'Et et quis minus beatae atque.', 'Aut cumque harum.');
INSERT INTO full_time_ct VALUES ('Tressa_Huels3@gmail.com');
INSERT INTO ft_specializes_in VALUES ('Tressa_Huels3@gmail.com', 'Lizard', 5);

INSERT INTO person VALUES ('Juana51@hotmail.com', 'Alfredo Homenick', '$2b$10$r3BD.leaooE.5vU28EYTuuBixKJ5aeV1AyrKyPHHI0BSkH.eNYs5i', '686 Ismael Court', 90468447, 'user', 'https://s3.amazonaws.com/uifaces/faces/twitter/moscoz/128.jpg');
INSERT INTO credit_card VALUES (6304121063952496, 'Juana51@hotmail.com', '2021-05-19T23:11:37.275Z', 927);
INSERT INTO pet VALUES ('Eleanore', 'Juana51@hotmail.com', 'Goat', 'Sit non eum a blanditiis omnis perferendis dolor expedita.', 'Voluptas doloribus aliquam et eos non.');
INSERT INTO pet VALUES ('Alexandra', 'Juana51@hotmail.com', 'Fish', 'Rem voluptas sunt quam quibusdam pariatur est.', 'Saepe reiciendis error autem.');

INSERT INTO person VALUES ('Shayne.Yost@hotmail.com', 'Sanford Homenick', '$2b$10$r3BD.leaooE.5vU28EYTuuBixKJ5aeV1AyrKyPHHI0BSkH.eNYs5i', '5866 Cade Lodge', 90962370, 'user', 'https://s3.amazonaws.com/uifaces/faces/twitter/laasli/128.jpg');
INSERT INTO credit_card VALUES (6372372978801254, 'Shayne.Yost@hotmail.com', '2021-03-14T18:13:24.252Z', 989);
INSERT INTO pet VALUES ('Marquis', 'Shayne.Yost@hotmail.com', 'Chinchilla', 'Natus quia et recusandae hic excepturi consequatur sunt.', 'Hic sunt eaque voluptatem sed id in.');
INSERT INTO pet VALUES ('Earnestine', 'Shayne.Yost@hotmail.com', 'Donkey', 'Quibusdam quia alias qui et accusamus.', 'Nobis impedit vel.');

INSERT INTO person VALUES ('Brian.Ernser15@yahoo.com', 'Louvenia Pagac', '$2b$10$r3BD.leaooE.5vU28EYTuuBixKJ5aeV1AyrKyPHHI0BSkH.eNYs5i', '128 Delphine Land', 90169105, 'user', 'https://s3.amazonaws.com/uifaces/faces/twitter/de_ascanio/128.jpg');
INSERT INTO credit_card VALUES (6706173208648690, 'Brian.Ernser15@yahoo.com', '2021-02-23T08:44:25.825Z', 671);
INSERT INTO pet VALUES ('Kris', 'Brian.Ernser15@yahoo.com', 'Goat', 'Quo porro nostrum et.', 'Omnis dolores veniam suscipit.');

INSERT INTO person VALUES ('Adah_Prosacco43@hotmail.com', 'Camylle Kemmer', '$2b$10$r3BD.leaooE.5vU28EYTuuBixKJ5aeV1AyrKyPHHI0BSkH.eNYs5i', '20973 Lavina Extensions', 90424643, 'user', 'https://s3.amazonaws.com/uifaces/faces/twitter/maxlinderman/128.jpg');
INSERT INTO credit_card VALUES (3528414659335259, 'Adah_Prosacco43@hotmail.com', '2023-08-10T01:06:34.170Z', 331);
INSERT INTO pet VALUES ('Myrna', 'Adah_Prosacco43@hotmail.com', 'Mule', 'Qui rerum quod.', 'Inventore voluptatem minima impedit libero iste.');

INSERT INTO person VALUES ('Rudy51@yahoo.com', 'Eunice Ratke', '$2b$10$r3BD.leaooE.5vU28EYTuuBixKJ5aeV1AyrKyPHHI0BSkH.eNYs5i', '16766 Braun Ranch', 90699330, 'user', 'https://s3.amazonaws.com/uifaces/faces/twitter/peachananr/128.jpg');
INSERT INTO credit_card VALUES (6771897205750333, 'Rudy51@yahoo.com', '2021-04-13T03:03:14.194Z', 311);
INSERT INTO pet VALUES ('Darby', 'Rudy51@yahoo.com', 'Rabbit', 'Hic quo commodi.', 'Totam provident architecto soluta qui quam corporis dolor culpa.');
INSERT INTO pet VALUES ('Trey', 'Rudy51@yahoo.com', 'Chinese Water Dragon', 'Quam quaerat ut numquam consectetur numquam.', 'Vel facere optio quia itaque commodi.');

INSERT INTO person VALUES ('Catharine_Rolfson41@yahoo.com', 'Unique Flatley', '$2b$10$r3BD.leaooE.5vU28EYTuuBixKJ5aeV1AyrKyPHHI0BSkH.eNYs5i', '3233 Nitzsche Mill', 90712214, 'user', 'https://s3.amazonaws.com/uifaces/faces/twitter/miguelkooreman/128.jpg');
INSERT INTO full_time_ct VALUES ('Catharine_Rolfson41@yahoo.com');
INSERT INTO ft_specializes_in VALUES ('Catharine_Rolfson41@yahoo.com', 'Lizard', 0);

INSERT INTO person VALUES ('Jeremie46@gmail.com', 'Jaydon Ortiz', '$2b$10$r3BD.leaooE.5vU28EYTuuBixKJ5aeV1AyrKyPHHI0BSkH.eNYs5i', '0770 Evans Track', 90475724, 'user', 'https://s3.amazonaws.com/uifaces/faces/twitter/betraydan/128.jpg');

INSERT INTO person VALUES ('Abbey.McCullough@hotmail.com', 'Angela Gleason', '$2b$10$r3BD.leaooE.5vU28EYTuuBixKJ5aeV1AyrKyPHHI0BSkH.eNYs5i', '118 Mikel Bypass', 90167836, 'user', 'https://s3.amazonaws.com/uifaces/faces/twitter/jm_denis/128.jpg');
INSERT INTO credit_card VALUES (6759630649635817, 'Abbey.McCullough@hotmail.com', '2023-10-07T11:57:42.130Z', 461);
INSERT INTO pet VALUES ('Nova', 'Abbey.McCullough@hotmail.com', 'Geese (Chinese Swan Goose)', 'Numquam a sed delectus dolores molestias vero natus deserunt.', 'Est nemo quis quam velit.');
INSERT INTO pet VALUES ('Idell', 'Abbey.McCullough@hotmail.com', 'Guinea Fowl', 'Dolor occaecati consequatur.', 'Aliquid dolorem qui.');

INSERT INTO person VALUES ('Gardner_Balistreri32@yahoo.com', 'Josiah Kub', '$2b$10$r3BD.leaooE.5vU28EYTuuBixKJ5aeV1AyrKyPHHI0BSkH.eNYs5i', '48129 Genevieve Causeway', 90470248, 'user', 'https://s3.amazonaws.com/uifaces/faces/twitter/funwatercat/128.jpg');
INSERT INTO credit_card VALUES (372165548099768, 'Gardner_Balistreri32@yahoo.com', '2021-01-04T09:13:55.962Z', 061);
INSERT INTO pet VALUES ('Marlin', 'Gardner_Balistreri32@yahoo.com', 'Pot Bellied Pig', 'Dolorem temporibus nesciunt laboriosam.', 'Eos quisquam ea magni.');
INSERT INTO pet VALUES ('Flo', 'Gardner_Balistreri32@yahoo.com', 'Ferret', 'Odio quia eveniet.', 'Similique qui porro deleniti.');
INSERT INTO part_time_ct VALUES ('Gardner_Balistreri32@yahoo.com');
INSERT INTO pt_free_schedule VALUES ('Gardner_Balistreri32@yahoo.com', '2020-05-13T16:00:00.000Z', '2021-11-13T16:00:00.000Z');
INSERT INTO pt_specializes_in VALUES ('Gardner_Balistreri32@yahoo.com', 'Bearded Dragon', 10);
INSERT INTO pt_specializes_in VALUES ('Gardner_Balistreri32@yahoo.com', 'Guinea Pig', 1);

INSERT INTO person VALUES ('German_Ratke63@gmail.com', 'Shania Crist', '$2b$10$r3BD.leaooE.5vU28EYTuuBixKJ5aeV1AyrKyPHHI0BSkH.eNYs5i', '22548 Marina Shore', 90422995, 'user', 'https://s3.amazonaws.com/uifaces/faces/twitter/bu7921/128.jpg');
INSERT INTO part_time_ct VALUES ('German_Ratke63@gmail.com');
INSERT INTO pt_free_schedule VALUES ('German_Ratke63@gmail.com', '2020-05-13T16:00:00.000Z', '2021-11-13T16:00:00.000Z');
INSERT INTO pt_specializes_in VALUES ('German_Ratke63@gmail.com', 'Duck', 3);
INSERT INTO pt_specializes_in VALUES ('German_Ratke63@gmail.com', 'Guinea Pig', 5);

INSERT INTO person VALUES ('Liliana61@yahoo.com', 'Jacklyn Fritsch', '$2b$10$r3BD.leaooE.5vU28EYTuuBixKJ5aeV1AyrKyPHHI0BSkH.eNYs5i', '0266 Ena Harbor', 90507857, 'user', 'https://s3.amazonaws.com/uifaces/faces/twitter/plbabin/128.jpg');

INSERT INTO person VALUES ('Loma_Christiansen@hotmail.com', 'Mattie Goyette', '$2b$10$r3BD.leaooE.5vU28EYTuuBixKJ5aeV1AyrKyPHHI0BSkH.eNYs5i', '22260 Cremin Gardens', 90310604, 'user', 'https://s3.amazonaws.com/uifaces/faces/twitter/felipecsl/128.jpg');
INSERT INTO part_time_ct VALUES ('Loma_Christiansen@hotmail.com');
INSERT INTO pt_free_schedule VALUES ('Loma_Christiansen@hotmail.com', '2020-05-13T16:00:00.000Z', '2021-11-13T16:00:00.000Z');
INSERT INTO pt_specializes_in VALUES ('Loma_Christiansen@hotmail.com', 'Chinchilla', 14);
INSERT INTO pt_specializes_in VALUES ('Loma_Christiansen@hotmail.com', 'Fish', 7);

INSERT INTO person VALUES ('Brando95@yahoo.com', 'Robb Franecki', '$2b$10$r3BD.leaooE.5vU28EYTuuBixKJ5aeV1AyrKyPHHI0BSkH.eNYs5i', '362 Adelle Cliffs', 90031261, 'user', 'https://s3.amazonaws.com/uifaces/faces/twitter/adityasutomo/128.jpg');
INSERT INTO full_time_ct VALUES ('Brando95@yahoo.com');
INSERT INTO ft_specializes_in VALUES ('Brando95@yahoo.com', 'Fish', 16);
INSERT INTO ft_specializes_in VALUES ('Brando95@yahoo.com', 'Hamster', 12);

INSERT INTO person VALUES ('Moshe.Kuhlman65@gmail.com', 'Ethel Littel', '$2b$10$r3BD.leaooE.5vU28EYTuuBixKJ5aeV1AyrKyPHHI0BSkH.eNYs5i', '0859 Carroll Way', 90969900, 'user', 'https://s3.amazonaws.com/uifaces/faces/twitter/robinlayfield/128.jpg');

INSERT INTO person VALUES ('Tressie78@gmail.com', 'Shakira Franecki', '$2b$10$r3BD.leaooE.5vU28EYTuuBixKJ5aeV1AyrKyPHHI0BSkH.eNYs5i', '7585 Boehm Trail', 90395490, 'user', 'https://s3.amazonaws.com/uifaces/faces/twitter/sgaurav_baghel/128.jpg');
INSERT INTO credit_card VALUES (30332921494438, 'Tressie78@gmail.com', '2021-08-11T19:39:38.044Z', 451);
INSERT INTO pet VALUES ('Diego', 'Tressie78@gmail.com', 'Peafowl', 'Culpa facere eos repellendus sit maxime nostrum perferendis minus.', 'Aut quod et ab.');
INSERT INTO pet VALUES ('Ayden', 'Tressie78@gmail.com', 'Gerbil', 'Mollitia nostrum nulla qui odio maiores dolorum dolor.', 'Eveniet id qui animi labore neque.');

INSERT INTO person VALUES ('Blair_Gerhold@gmail.com', 'Colleen Predovic', '$2b$10$r3BD.leaooE.5vU28EYTuuBixKJ5aeV1AyrKyPHHI0BSkH.eNYs5i', '7161 Violet Ranch', 90125056, 'user', 'https://s3.amazonaws.com/uifaces/faces/twitter/pcridesagain/128.jpg');
INSERT INTO credit_card VALUES (3528839338824931, 'Blair_Gerhold@gmail.com', '2024-03-04T12:31:25.054Z', 675);
INSERT INTO pet VALUES ('Keenan', 'Blair_Gerhold@gmail.com', 'Hog', 'Sunt exercitationem doloribus accusamus amet.', 'Perferendis necessitatibus molestias quod omnis exercitationem asperiores corrupti exercitationem et.');
INSERT INTO pet VALUES ('Bennett', 'Blair_Gerhold@gmail.com', 'Burro', 'Quis laboriosam et aut inventore.', 'Similique facere amet voluptatem neque.');
INSERT INTO full_time_ct VALUES ('Blair_Gerhold@gmail.com');
INSERT INTO ft_specializes_in VALUES ('Blair_Gerhold@gmail.com', 'Mice', 3);

INSERT INTO person VALUES ('Elda.Huels33@hotmail.com', 'Elias Mohr', '$2b$10$r3BD.leaooE.5vU28EYTuuBixKJ5aeV1AyrKyPHHI0BSkH.eNYs5i', '475 OReilly Walk', 90638815, 'user', 'https://s3.amazonaws.com/uifaces/faces/twitter/1markiz/128.jpg');
INSERT INTO part_time_ct VALUES ('Elda.Huels33@hotmail.com');
INSERT INTO pt_free_schedule VALUES ('Elda.Huels33@hotmail.com', '2020-05-13T16:00:00.000Z', '2021-11-13T16:00:00.000Z');
INSERT INTO pt_specializes_in VALUES ('Elda.Huels33@hotmail.com', 'Cow', 12);
INSERT INTO pt_specializes_in VALUES ('Elda.Huels33@hotmail.com', 'Ferret', 5);
INSERT INTO pt_specializes_in VALUES ('Elda.Huels33@hotmail.com', 'Mule', 4);

INSERT INTO person VALUES ('Mary_Hane@gmail.com', 'Chelsey Mohr', '$2b$10$r3BD.leaooE.5vU28EYTuuBixKJ5aeV1AyrKyPHHI0BSkH.eNYs5i', '44927 Quinton Plaza', 90544061, 'user', 'https://s3.amazonaws.com/uifaces/faces/twitter/nyancecom/128.jpg');
INSERT INTO credit_card VALUES (5038735957866007, 'Mary_Hane@gmail.com', '2021-01-15T15:33:44.166Z', 619);
INSERT INTO pet VALUES ('Beulah', 'Mary_Hane@gmail.com', 'Ponie', 'Asperiores deserunt eius omnis fugit reprehenderit hic molestiae impedit possimus.', 'Non velit facilis unde et consequatur eum beatae.');
INSERT INTO pet VALUES ('Cecil', 'Mary_Hane@gmail.com', 'Guinea Fowl', 'Tempore enim illum perspiciatis est ea laudantium rerum.', 'Rerum est ullam suscipit excepturi.');
INSERT INTO full_time_ct VALUES ('Mary_Hane@gmail.com');
INSERT INTO ft_specializes_in VALUES ('Mary_Hane@gmail.com', 'Fish', 7);
INSERT INTO ft_specializes_in VALUES ('Mary_Hane@gmail.com', 'Goat', 0);
INSERT INTO ft_specializes_in VALUES ('Mary_Hane@gmail.com', 'Iguana', 18);

INSERT INTO person VALUES ('Mohammad.Labadie0@gmail.com', 'Jacques Russel', '$2b$10$r3BD.leaooE.5vU28EYTuuBixKJ5aeV1AyrKyPHHI0BSkH.eNYs5i', '05816 Kerluke Points', 90622526, 'user', 'https://s3.amazonaws.com/uifaces/faces/twitter/jpenico/128.jpg');
INSERT INTO full_time_ct VALUES ('Mohammad.Labadie0@gmail.com');
INSERT INTO ft_specializes_in VALUES ('Mohammad.Labadie0@gmail.com', 'Chinchilla', 1);
INSERT INTO ft_specializes_in VALUES ('Mohammad.Labadie0@gmail.com', 'Mule', 11);

INSERT INTO person VALUES ('Madie.Schamberger77@yahoo.com', 'Laila Sanford', '$2b$10$r3BD.leaooE.5vU28EYTuuBixKJ5aeV1AyrKyPHHI0BSkH.eNYs5i', '33210 Raynor Junction', 90711030, 'user', 'https://s3.amazonaws.com/uifaces/faces/twitter/imomenui/128.jpg');

INSERT INTO person VALUES ('Saige_Quigley@yahoo.com', 'Lois Bahringer', '$2b$10$r3BD.leaooE.5vU28EYTuuBixKJ5aeV1AyrKyPHHI0BSkH.eNYs5i', '11194 Gia Alley', 90357355, 'user', 'https://s3.amazonaws.com/uifaces/faces/twitter/naupintos/128.jpg');
INSERT INTO credit_card VALUES (347216874322068, 'Saige_Quigley@yahoo.com', '2022-04-03T12:52:08.794Z', 795);
INSERT INTO pet VALUES ('Hiram', 'Saige_Quigley@yahoo.com', 'Chinese Water Dragon', 'Magnam sapiente perferendis aut.', 'Cupiditate dolores distinctio.');
INSERT INTO pet VALUES ('Mckenna', 'Saige_Quigley@yahoo.com', 'Chinese Water Dragon', 'Consequatur praesentium qui placeat.', 'Autem quia rerum dicta.');
INSERT INTO part_time_ct VALUES ('Saige_Quigley@yahoo.com');
INSERT INTO pt_free_schedule VALUES ('Saige_Quigley@yahoo.com', '2020-05-13T16:00:00.000Z', '2021-11-13T16:00:00.000Z');
INSERT INTO pt_specializes_in VALUES ('Saige_Quigley@yahoo.com', 'Iguana', 11);

INSERT INTO person VALUES ('Charles.Gleichner@hotmail.com', 'Ellie Paucek', '$2b$10$r3BD.leaooE.5vU28EYTuuBixKJ5aeV1AyrKyPHHI0BSkH.eNYs5i', '65976 Terry Ways', 90685183, 'user', 'https://s3.amazonaws.com/uifaces/faces/twitter/axel/128.jpg');
INSERT INTO credit_card VALUES (5278487679809039, 'Charles.Gleichner@hotmail.com', '2025-10-23T09:34:27.660Z', 716);
INSERT INTO pet VALUES ('Clementine', 'Charles.Gleichner@hotmail.com', 'Chameleons (Veiled)', 'Molestias quas fuga quod.', 'Odit dolore qui sed exercitationem repellendus.');
INSERT INTO full_time_ct VALUES ('Charles.Gleichner@hotmail.com');
INSERT INTO ft_specializes_in VALUES ('Charles.Gleichner@hotmail.com', 'Ferret', 15);

INSERT INTO person VALUES ('Ebony_Veum@gmail.com', 'Citlalli Hoppe', '$2b$10$r3BD.leaooE.5vU28EYTuuBixKJ5aeV1AyrKyPHHI0BSkH.eNYs5i', '35152 Ward Mall', 90689221, 'user', 'https://s3.amazonaws.com/uifaces/faces/twitter/nbirckel/128.jpg');
INSERT INTO credit_card VALUES (6761668900393315, 'Ebony_Veum@gmail.com', '2024-07-06T04:15:44.460Z', 249);
INSERT INTO pet VALUES ('Sarina', 'Ebony_Veum@gmail.com', 'Chameleons (Veiled)', 'Vel sint non provident ipsum et dolorem.', 'At labore ut voluptas aut maiores aliquid id et cumque.');
INSERT INTO full_time_ct VALUES ('Ebony_Veum@gmail.com');
INSERT INTO ft_specializes_in VALUES ('Ebony_Veum@gmail.com', 'Ferret', 18);
INSERT INTO ft_specializes_in VALUES ('Ebony_Veum@gmail.com', 'Gecko', 14);

INSERT INTO person VALUES ('Antoinette34@yahoo.com', 'Julien Zboncak', '$2b$10$r3BD.leaooE.5vU28EYTuuBixKJ5aeV1AyrKyPHHI0BSkH.eNYs5i', '5750 Stroman Freeway', 90785875, 'user', 'https://s3.amazonaws.com/uifaces/faces/twitter/ecommerceil/128.jpg');
INSERT INTO part_time_ct VALUES ('Antoinette34@yahoo.com');
INSERT INTO pt_free_schedule VALUES ('Antoinette34@yahoo.com', '2020-05-13T16:00:00.000Z', '2021-11-13T16:00:00.000Z');
INSERT INTO pt_specializes_in VALUES ('Antoinette34@yahoo.com', 'Hamster', 16);

INSERT INTO person VALUES ('Jennyfer.Wilkinson9@hotmail.com', 'Lempi Konopelski', '$2b$10$r3BD.leaooE.5vU28EYTuuBixKJ5aeV1AyrKyPHHI0BSkH.eNYs5i', '566 Kristina Ports', 90157401, 'user', 'https://s3.amazonaws.com/uifaces/faces/twitter/snowwrite/128.jpg');

INSERT INTO person VALUES ('Richmond.Kuhic@yahoo.com', 'Gaston Corkery', '$2b$10$r3BD.leaooE.5vU28EYTuuBixKJ5aeV1AyrKyPHHI0BSkH.eNYs5i', '7269 Ramona Plaza', 90300927, 'user', 'https://s3.amazonaws.com/uifaces/faces/twitter/runningskull/128.jpg');
INSERT INTO full_time_ct VALUES ('Richmond.Kuhic@yahoo.com');
INSERT INTO ft_specializes_in VALUES ('Richmond.Kuhic@yahoo.com', 'Duck', 4);
INSERT INTO ft_specializes_in VALUES ('Richmond.Kuhic@yahoo.com', 'Gerbil', 2);
INSERT INTO ft_specializes_in VALUES ('Richmond.Kuhic@yahoo.com', 'Iguana', 10);

INSERT INTO person VALUES ('Gordon96@gmail.com', 'Margarete Zboncak', '$2b$10$r3BD.leaooE.5vU28EYTuuBixKJ5aeV1AyrKyPHHI0BSkH.eNYs5i', '94629 Reynolds Islands', 90524964, 'user', 'https://s3.amazonaws.com/uifaces/faces/twitter/billyroshan/128.jpg');

INSERT INTO person VALUES ('Kade_Kozey@gmail.com', 'Ceasar Haag', '$2b$10$r3BD.leaooE.5vU28EYTuuBixKJ5aeV1AyrKyPHHI0BSkH.eNYs5i', '225 Yundt Haven', 90441302, 'user', 'https://s3.amazonaws.com/uifaces/faces/twitter/artd_sign/128.jpg');
INSERT INTO credit_card VALUES (6771895754234721, 'Kade_Kozey@gmail.com', '2022-05-04T14:06:04.338Z', 063);
INSERT INTO pet VALUES ('Pedro', 'Kade_Kozey@gmail.com', 'Hog', 'Expedita consequatur eaque velit et repudiandae labore non.', 'Molestiae fuga aut consequuntur fuga explicabo.');
INSERT INTO pet VALUES ('Ewell', 'Kade_Kozey@gmail.com', 'Hog', 'Sit iste maiores error quis.', 'Molestiae explicabo animi labore et ipsa at laudantium fuga omnis.');
INSERT INTO full_time_ct VALUES ('Kade_Kozey@gmail.com');
INSERT INTO ft_specializes_in VALUES ('Kade_Kozey@gmail.com', 'Chinese Water Dragon', 4);
INSERT INTO ft_specializes_in VALUES ('Kade_Kozey@gmail.com', 'Duck', 4);

INSERT INTO person VALUES ('Gabe_Waelchi96@gmail.com', 'Leonora Quigley', '$2b$10$r3BD.leaooE.5vU28EYTuuBixKJ5aeV1AyrKyPHHI0BSkH.eNYs5i', '361 White Courts', 90619663, 'user', 'https://s3.amazonaws.com/uifaces/faces/twitter/LucasPerdidao/128.jpg');
INSERT INTO part_time_ct VALUES ('Gabe_Waelchi96@gmail.com');
INSERT INTO pt_free_schedule VALUES ('Gabe_Waelchi96@gmail.com', '2020-05-13T16:00:00.000Z', '2021-11-13T16:00:00.000Z');
INSERT INTO pt_specializes_in VALUES ('Gabe_Waelchi96@gmail.com', 'Burro', 15);
INSERT INTO pt_specializes_in VALUES ('Gabe_Waelchi96@gmail.com', 'Hamster', 20);
INSERT INTO pt_specializes_in VALUES ('Gabe_Waelchi96@gmail.com', 'Iguana', 6);

INSERT INTO person VALUES ('Arely.Denesik80@hotmail.com', 'Adolf Schulist', '$2b$10$r3BD.leaooE.5vU28EYTuuBixKJ5aeV1AyrKyPHHI0BSkH.eNYs5i', '8285 Krajcik Underpass', 90391042, 'user', 'https://s3.amazonaws.com/uifaces/faces/twitter/davidhemphill/128.jpg');
INSERT INTO credit_card VALUES (3529467545848415, 'Arely.Denesik80@hotmail.com', '2021-03-26T00:48:47.083Z', 146);
INSERT INTO pet VALUES ('August', 'Arely.Denesik80@hotmail.com', 'Pig', 'Expedita error non modi sunt provident voluptas et.', 'Est sed rem molestiae earum qui totam.');
INSERT INTO pet VALUES ('Velma', 'Arely.Denesik80@hotmail.com', 'Burro', 'Vel quia adipisci et qui sed quaerat mollitia.', 'Ullam est possimus.');

INSERT INTO person VALUES ('Shannon_Zemlak@yahoo.com', 'Nakia Powlowski', '$2b$10$r3BD.leaooE.5vU28EYTuuBixKJ5aeV1AyrKyPHHI0BSkH.eNYs5i', '2587 Ara Brooks', 90708916, 'user', 'https://s3.amazonaws.com/uifaces/faces/twitter/meln1ks/128.jpg');
INSERT INTO credit_card VALUES (5493426787282209, 'Shannon_Zemlak@yahoo.com', '2021-09-08T15:23:26.300Z', 021);
INSERT INTO pet VALUES ('Jaron', 'Shannon_Zemlak@yahoo.com', 'Gecko', 'Possimus fuga quam et consequatur ratione nesciunt voluptatem.', 'Quidem consequatur similique ea.');

INSERT INTO person VALUES ('Darrell_Predovic@hotmail.com', 'Skyla Cartwright', '$2b$10$r3BD.leaooE.5vU28EYTuuBixKJ5aeV1AyrKyPHHI0BSkH.eNYs5i', '18534 OConner Orchard', 90265924, 'user', 'https://s3.amazonaws.com/uifaces/faces/twitter/cbracco/128.jpg');

INSERT INTO person VALUES ('Lauryn.Weimann97@gmail.com', 'Cecelia Ryan', '$2b$10$r3BD.leaooE.5vU28EYTuuBixKJ5aeV1AyrKyPHHI0BSkH.eNYs5i', '0272 Corwin Village', 90129330, 'user', 'https://s3.amazonaws.com/uifaces/faces/twitter/oksanafrewer/128.jpg');

INSERT INTO person VALUES ('Sadye30@yahoo.com', 'Chase Rempel', '$2b$10$r3BD.leaooE.5vU28EYTuuBixKJ5aeV1AyrKyPHHI0BSkH.eNYs5i', '74288 Littel Way', 90143377, 'user', 'https://s3.amazonaws.com/uifaces/faces/twitter/yigitpinarbasi/128.jpg');

INSERT INTO person VALUES ('Kiel_Klocko13@hotmail.com', 'Zetta Steuber', '$2b$10$r3BD.leaooE.5vU28EYTuuBixKJ5aeV1AyrKyPHHI0BSkH.eNYs5i', '7503 Camron Highway', 90029434, 'user', 'https://s3.amazonaws.com/uifaces/faces/twitter/raphaelnikson/128.jpg');
INSERT INTO full_time_ct VALUES ('Kiel_Klocko13@hotmail.com');
INSERT INTO ft_specializes_in VALUES ('Kiel_Klocko13@hotmail.com', 'Guinea Fowl', 17);
INSERT INTO ft_specializes_in VALUES ('Kiel_Klocko13@hotmail.com', 'Hog', 15);

INSERT INTO person VALUES ('Spencer.Pagac@gmail.com', 'Reese Treutel', '$2b$10$r3BD.leaooE.5vU28EYTuuBixKJ5aeV1AyrKyPHHI0BSkH.eNYs5i', '6307 Bartell Courts', 90693301, 'user', 'https://s3.amazonaws.com/uifaces/faces/twitter/snowwrite/128.jpg');
INSERT INTO credit_card VALUES (6574628805159870, 'Spencer.Pagac@gmail.com', '2021-07-10T08:41:47.144Z', 040);
INSERT INTO pet VALUES ('Barbara', 'Spencer.Pagac@gmail.com', 'Chinese Water Dragon', 'Quas animi recusandae rerum id.', 'Quod dicta amet amet aut nesciunt itaque sed.');
INSERT INTO pet VALUES ('Armani', 'Spencer.Pagac@gmail.com', 'Hog', 'Nihil molestiae aut mollitia repellat iure iste in voluptate et.', 'Non aliquid accusantium enim ex tenetur ipsam odit nostrum.');

INSERT INTO person VALUES ('Joany26@yahoo.com', 'Braxton Bernier', '$2b$10$r3BD.leaooE.5vU28EYTuuBixKJ5aeV1AyrKyPHHI0BSkH.eNYs5i', '6388 Mitchell Estates', 90096933, 'user', 'https://s3.amazonaws.com/uifaces/faces/twitter/djsherman/128.jpg');
INSERT INTO credit_card VALUES (5296551827730318, 'Joany26@yahoo.com', '2022-05-03T14:30:33.462Z', 117);
INSERT INTO pet VALUES ('Selmer', 'Joany26@yahoo.com', 'Hog', 'Quibusdam omnis ut voluptatem quam quidem.', 'Sed dicta ducimus incidunt est natus architecto qui dolor.');
INSERT INTO pet VALUES ('America', 'Joany26@yahoo.com', 'Llama', 'Autem fugit quas consequatur aperiam.', 'Repudiandae quo nobis saepe ratione eius.');

INSERT INTO person VALUES ('Oral73@yahoo.com', 'Jacey Klocko', '$2b$10$r3BD.leaooE.5vU28EYTuuBixKJ5aeV1AyrKyPHHI0BSkH.eNYs5i', '8418 Blanche Viaduct', 90119639, 'user', 'https://s3.amazonaws.com/uifaces/faces/twitter/gseguin/128.jpg');
INSERT INTO credit_card VALUES (6759353941658348, 'Oral73@yahoo.com', '2021-05-07T10:58:15.107Z', 246);
INSERT INTO pet VALUES ('Adelbert', 'Oral73@yahoo.com', 'Bearded Dragon', 'Nihil voluptatem dolores.', 'Et ut enim et temporibus.');
INSERT INTO pet VALUES ('Georgiana', 'Oral73@yahoo.com', 'Ponie', 'Ut quibusdam omnis velit dolorem id quo.', 'Cupiditate voluptas repellat.');
INSERT INTO full_time_ct VALUES ('Oral73@yahoo.com');
INSERT INTO ft_specializes_in VALUES ('Oral73@yahoo.com', 'Gerbil', 3);
INSERT INTO ft_specializes_in VALUES ('Oral73@yahoo.com', 'Hog', 0);
INSERT INTO ft_specializes_in VALUES ('Oral73@yahoo.com', 'Pot Bellied Pig', 13);

INSERT INTO person VALUES ('Maxine96@yahoo.com', 'Sincere Lakin', '$2b$10$r3BD.leaooE.5vU28EYTuuBixKJ5aeV1AyrKyPHHI0BSkH.eNYs5i', '35358 Kade Highway', 90426099, 'user', 'https://s3.amazonaws.com/uifaces/faces/twitter/drewbyreese/128.jpg');
INSERT INTO part_time_ct VALUES ('Maxine96@yahoo.com');
INSERT INTO pt_free_schedule VALUES ('Maxine96@yahoo.com', '2020-05-13T16:00:00.000Z', '2021-11-13T16:00:00.000Z');
INSERT INTO pt_specializes_in VALUES ('Maxine96@yahoo.com', 'Duck', 6);
INSERT INTO pt_specializes_in VALUES ('Maxine96@yahoo.com', 'Iguana', 6);

INSERT INTO person VALUES ('Narciso38@yahoo.com', 'Era Bradtke', '$2b$10$r3BD.leaooE.5vU28EYTuuBixKJ5aeV1AyrKyPHHI0BSkH.eNYs5i', '7512 Rowe Extensions', 90669950, 'user', 'https://s3.amazonaws.com/uifaces/faces/twitter/eddiechen/128.jpg');
INSERT INTO credit_card VALUES (6011704824600438, 'Narciso38@yahoo.com', '2023-09-18T02:24:34.776Z', 933);
INSERT INTO pet VALUES ('Bert', 'Narciso38@yahoo.com', 'Hedgehog', 'Voluptatem molestiae incidunt.', 'Aut quia ut omnis tempora sequi quo enim.');
INSERT INTO pet VALUES ('Jon', 'Narciso38@yahoo.com', 'Llama', 'Dolores a eos nam facere fugiat.', 'Ea doloremque distinctio illum debitis architecto ut animi nihil est.');

INSERT INTO person VALUES ('Dixie31@yahoo.com', 'Tyree Kulas', '$2b$10$r3BD.leaooE.5vU28EYTuuBixKJ5aeV1AyrKyPHHI0BSkH.eNYs5i', '97014 Borer Vista', 90023840, 'user', 'https://s3.amazonaws.com/uifaces/faces/twitter/dvdwinden/128.jpg');
INSERT INTO credit_card VALUES (6771894066278553, 'Dixie31@yahoo.com', '2021-10-22T00:04:39.137Z', 714);
INSERT INTO pet VALUES ('Felicity', 'Dixie31@yahoo.com', 'Hamster', 'Sint ipsum cumque repellat amet aspernatur quos.', 'Corrupti ab aliquid a nisi quidem rerum labore ipsam laboriosam.');

INSERT INTO person VALUES ('Elvis1@gmail.com', 'Freeda Bailey', '$2b$10$r3BD.leaooE.5vU28EYTuuBixKJ5aeV1AyrKyPHHI0BSkH.eNYs5i', '6055 Tatum Fall', 90186306, 'user', 'https://s3.amazonaws.com/uifaces/faces/twitter/tobysaxon/128.jpg');
INSERT INTO credit_card VALUES (6304688184821177, 'Elvis1@gmail.com', '2022-09-02T19:31:24.781Z', 688);
INSERT INTO pet VALUES ('Keon', 'Elvis1@gmail.com', 'Peafowl', 'Iste itaque esse est debitis quibusdam tempora dignissimos laboriosam.', 'Porro saepe temporibus.');
INSERT INTO pet VALUES ('Lizzie', 'Elvis1@gmail.com', 'Pot Bellied Pig', 'Explicabo veniam non quia cum.', 'Quis nisi omnis magnam alias dolores autem autem facere.');

INSERT INTO person VALUES ('Pearl.Ullrich59@hotmail.com', 'Ahmed Rowe', '$2b$10$r3BD.leaooE.5vU28EYTuuBixKJ5aeV1AyrKyPHHI0BSkH.eNYs5i', '5699 Bogan Expressway', 90577453, 'user', 'https://s3.amazonaws.com/uifaces/faces/twitter/kudretkeskin/128.jpg');
INSERT INTO credit_card VALUES (375951335459094, 'Pearl.Ullrich59@hotmail.com', '2021-01-23T17:14:46.952Z', 541);
INSERT INTO pet VALUES ('Abdullah', 'Pearl.Ullrich59@hotmail.com', 'Fish', 'Dolores nihil et reiciendis.', 'Ea dolores deleniti.');

INSERT INTO person VALUES ('Kaley30@gmail.com', 'Jed Zieme', '$2b$10$r3BD.leaooE.5vU28EYTuuBixKJ5aeV1AyrKyPHHI0BSkH.eNYs5i', '0728 Lucile Highway', 90976633, 'user', 'https://s3.amazonaws.com/uifaces/faces/twitter/madysondesigns/128.jpg');
INSERT INTO credit_card VALUES (6771891506727591, 'Kaley30@gmail.com', '2022-06-10T20:52:38.158Z', 154);
INSERT INTO pet VALUES ('Lucie', 'Kaley30@gmail.com', 'Hedgehog', 'Ut pariatur maiores occaecati.', 'Hic incidunt ut necessitatibus nemo.');
INSERT INTO pet VALUES ('Tabitha', 'Kaley30@gmail.com', 'Iguana', 'Maxime consequatur dolorem dicta.', 'Id est et doloremque sint.');
INSERT INTO part_time_ct VALUES ('Kaley30@gmail.com');
INSERT INTO pt_free_schedule VALUES ('Kaley30@gmail.com', '2020-05-13T16:00:00.000Z', '2021-11-13T16:00:00.000Z');
INSERT INTO pt_specializes_in VALUES ('Kaley30@gmail.com', 'Rabbit', 7);

INSERT INTO person VALUES ('Orrin8@yahoo.com', 'Adrien Goodwin', '$2b$10$r3BD.leaooE.5vU28EYTuuBixKJ5aeV1AyrKyPHHI0BSkH.eNYs5i', '247 Moen Freeway', 90063193, 'user', 'https://s3.amazonaws.com/uifaces/faces/twitter/namankreative/128.jpg');
INSERT INTO credit_card VALUES (6519624348195482, 'Orrin8@yahoo.com', '2023-10-28T18:40:02.123Z', 032);
INSERT INTO pet VALUES ('Koby', 'Orrin8@yahoo.com', 'Ferret', 'Voluptatem asperiores aspernatur officia suscipit.', 'Illum velit pariatur nobis quaerat id animi.');
INSERT INTO pet VALUES ('Jovani', 'Orrin8@yahoo.com', 'Ponie', 'Aut consequatur possimus commodi minima qui id ad officiis vero.', 'Deleniti enim amet laboriosam ut quas qui mollitia nisi eos.');
INSERT INTO part_time_ct VALUES ('Orrin8@yahoo.com');
INSERT INTO pt_free_schedule VALUES ('Orrin8@yahoo.com', '2020-05-13T16:00:00.000Z', '2021-11-13T16:00:00.000Z');
INSERT INTO pt_specializes_in VALUES ('Orrin8@yahoo.com', 'Pig', 0);

INSERT INTO person VALUES ('Lavon61@yahoo.com', 'Leopold Kemmer', '$2b$10$r3BD.leaooE.5vU28EYTuuBixKJ5aeV1AyrKyPHHI0BSkH.eNYs5i', '148 Sanford Prairie', 90312001, 'user', 'https://s3.amazonaws.com/uifaces/faces/twitter/chris_frees/128.jpg');

INSERT INTO person VALUES ('Emmy.White@gmail.com', 'Jonatan Rippin', '$2b$10$r3BD.leaooE.5vU28EYTuuBixKJ5aeV1AyrKyPHHI0BSkH.eNYs5i', '408 Jamaal Haven', 90413255, 'user', 'https://s3.amazonaws.com/uifaces/faces/twitter/victordeanda/128.jpg');
INSERT INTO credit_card VALUES (6706950760157201, 'Emmy.White@gmail.com', '2021-03-16T10:14:27.756Z', 901);
INSERT INTO pet VALUES ('Hester', 'Emmy.White@gmail.com', 'Cow', 'Vel quo eligendi necessitatibus consequatur explicabo sed illum.', 'Qui temporibus illo et adipisci eos ut at iusto temporibus.');
INSERT INTO pet VALUES ('Yolanda', 'Emmy.White@gmail.com', 'Rabbit', 'Sequi quod nisi sint.', 'Soluta voluptates magni quia architecto quia autem aut iusto beatae.');

INSERT INTO person VALUES ('Jocelyn_Beer@gmail.com', 'Sylvia Champlin', '$2b$10$r3BD.leaooE.5vU28EYTuuBixKJ5aeV1AyrKyPHHI0BSkH.eNYs5i', '2944 Lafayette Walk', 90849662, 'user', 'https://s3.amazonaws.com/uifaces/faces/twitter/enjoythetau/128.jpg');
INSERT INTO credit_card VALUES (30251681636240, 'Jocelyn_Beer@gmail.com', '2024-03-18T02:45:44.763Z', 171);
INSERT INTO pet VALUES ('Wilma', 'Jocelyn_Beer@gmail.com', 'Bearded Dragon', 'Eaque dolorem veritatis eum tenetur dicta quia qui exercitationem eum.', 'Adipisci non quo.');
INSERT INTO part_time_ct VALUES ('Jocelyn_Beer@gmail.com');
INSERT INTO pt_free_schedule VALUES ('Jocelyn_Beer@gmail.com', '2020-05-13T16:00:00.000Z', '2021-11-13T16:00:00.000Z');
INSERT INTO pt_specializes_in VALUES ('Jocelyn_Beer@gmail.com', 'Pigeon', 14);

INSERT INTO person VALUES ('Emil_Marks29@gmail.com', 'Johann Tromp', '$2b$10$r3BD.leaooE.5vU28EYTuuBixKJ5aeV1AyrKyPHHI0BSkH.eNYs5i', '771 Auer Stravenue', 90132245, 'user', 'https://s3.amazonaws.com/uifaces/faces/twitter/netonet_il/128.jpg');
INSERT INTO credit_card VALUES (6767368426154150, 'Emil_Marks29@gmail.com', '2021-10-24T00:39:03.112Z', 126);
INSERT INTO pet VALUES ('Nellie', 'Emil_Marks29@gmail.com', 'Rabbit', 'Possimus architecto itaque ut.', 'Non ab dolorem sapiente reiciendis ut corrupti.');
INSERT INTO pet VALUES ('Micheal', 'Emil_Marks29@gmail.com', 'Rabbit', 'Impedit velit aperiam ut est quasi.', 'Laborum corporis aut.');
INSERT INTO part_time_ct VALUES ('Emil_Marks29@gmail.com');
INSERT INTO pt_free_schedule VALUES ('Emil_Marks29@gmail.com', '2020-05-13T16:00:00.000Z', '2021-11-13T16:00:00.000Z');
INSERT INTO pt_specializes_in VALUES ('Emil_Marks29@gmail.com', 'Chinese Water Dragon', 19);
INSERT INTO pt_specializes_in VALUES ('Emil_Marks29@gmail.com', 'Fish', 16);
INSERT INTO pt_specializes_in VALUES ('Emil_Marks29@gmail.com', 'Hog', 18);

INSERT INTO person VALUES ('Olin19@yahoo.com', 'Brandon Hermiston', '$2b$10$r3BD.leaooE.5vU28EYTuuBixKJ5aeV1AyrKyPHHI0BSkH.eNYs5i', '6007 Kamron Terrace', 90055093, 'user', 'https://s3.amazonaws.com/uifaces/faces/twitter/BenouarradeM/128.jpg');
INSERT INTO credit_card VALUES (5038459722733408, 'Olin19@yahoo.com', '2024-09-08T23:46:03.674Z', 728);
INSERT INTO pet VALUES ('Gennaro', 'Olin19@yahoo.com', 'Mice', 'Praesentium minus explicabo qui et.', 'Itaque aliquam ut.');
INSERT INTO pet VALUES ('Coleman', 'Olin19@yahoo.com', 'Goat', 'Vel quia ratione quia.', 'Quod in animi consectetur minus id sunt.');

INSERT INTO person VALUES ('Oleta.Muller64@yahoo.com', 'Kendra Stamm', '$2b$10$r3BD.leaooE.5vU28EYTuuBixKJ5aeV1AyrKyPHHI0BSkH.eNYs5i', '474 Wayne Place', 90583352, 'user', 'https://s3.amazonaws.com/uifaces/faces/twitter/nickfratter/128.jpg');
INSERT INTO credit_card VALUES (6370956420416832, 'Oleta.Muller64@yahoo.com', '2024-05-10T01:14:16.485Z', 081);
INSERT INTO pet VALUES ('Americo', 'Oleta.Muller64@yahoo.com', 'Guinea Pig', 'Nemo ut omnis.', 'Fugit incidunt aperiam qui tempore in aperiam.');
INSERT INTO pet VALUES ('Lilliana', 'Oleta.Muller64@yahoo.com', 'Hedgehog', 'Reiciendis modi delectus et eaque temporibus magni vel enim odio.', 'Amet dolor modi laborum consequatur consequatur temporibus ea eum aspernatur.');

INSERT INTO person VALUES ('Deshawn_MacGyver43@yahoo.com', 'Joelle Schimmel', '$2b$10$r3BD.leaooE.5vU28EYTuuBixKJ5aeV1AyrKyPHHI0BSkH.eNYs5i', '757 Josiah Oval', 90205182, 'user', 'https://s3.amazonaws.com/uifaces/faces/twitter/juanmamartinez/128.jpg');

INSERT INTO person VALUES ('Louisa37@hotmail.com', 'Enid Hoppe', '$2b$10$r3BD.leaooE.5vU28EYTuuBixKJ5aeV1AyrKyPHHI0BSkH.eNYs5i', '85649 Lakin Shoal', 90248297, 'user', 'https://s3.amazonaws.com/uifaces/faces/twitter/coreyhaggard/128.jpg');
INSERT INTO credit_card VALUES (5460832331938912, 'Louisa37@hotmail.com', '2021-10-08T20:21:28.091Z', 828);
INSERT INTO pet VALUES ('Hilbert', 'Louisa37@hotmail.com', 'Rabbit', 'Rerum cupiditate dolores illo necessitatibus quo quae et.', 'Voluptas excepturi repellat quod ut dolor eum.');
INSERT INTO pet VALUES ('Jettie', 'Louisa37@hotmail.com', 'Ponie', 'Fuga modi unde aut amet a laudantium.', 'Neque dolores dolores.');

INSERT INTO person VALUES ('Esta29@yahoo.com', 'Javon Hauck', '$2b$10$r3BD.leaooE.5vU28EYTuuBixKJ5aeV1AyrKyPHHI0BSkH.eNYs5i', '3124 Leda Row', 90036628, 'user', 'https://s3.amazonaws.com/uifaces/faces/twitter/arthurholcombe1/128.jpg');
INSERT INTO full_time_ct VALUES ('Esta29@yahoo.com');
INSERT INTO ft_specializes_in VALUES ('Esta29@yahoo.com', 'Gecko', 9);
INSERT INTO ft_specializes_in VALUES ('Esta29@yahoo.com', 'Hamster', 12);

INSERT INTO person VALUES ('Cassandra29@yahoo.com', 'Chris Feil', '$2b$10$r3BD.leaooE.5vU28EYTuuBixKJ5aeV1AyrKyPHHI0BSkH.eNYs5i', '471 Karlie Trail', 90081260, 'user', 'https://s3.amazonaws.com/uifaces/faces/twitter/kylefoundry/128.jpg');
INSERT INTO credit_card VALUES (6709383676408533, 'Cassandra29@yahoo.com', '2021-04-27T06:05:00.604Z', 618);
INSERT INTO pet VALUES ('Lamar', 'Cassandra29@yahoo.com', 'Guinea Fowl', 'Magni ut iusto quis et consectetur atque laborum velit accusantium.', 'Et corrupti culpa quod a ipsum voluptates perferendis quis beatae.');

INSERT INTO person VALUES ('Everette.Walsh78@yahoo.com', 'Kaley Walker', '$2b$10$r3BD.leaooE.5vU28EYTuuBixKJ5aeV1AyrKyPHHI0BSkH.eNYs5i', '74352 Marks Points', 90779710, 'user', 'https://s3.amazonaws.com/uifaces/faces/twitter/dansowter/128.jpg');

INSERT INTO person VALUES ('Darwin38@yahoo.com', 'Joelle Koelpin', '$2b$10$r3BD.leaooE.5vU28EYTuuBixKJ5aeV1AyrKyPHHI0BSkH.eNYs5i', '648 MacGyver Oval', 90456203, 'user', 'https://s3.amazonaws.com/uifaces/faces/twitter/macxim/128.jpg');
INSERT INTO credit_card VALUES (3551802093731741, 'Darwin38@yahoo.com', '2021-08-21T04:44:35.724Z', 035);
INSERT INTO pet VALUES ('Laisha', 'Darwin38@yahoo.com', 'Goat', 'Et aut harum ut neque eos rerum cupiditate.', 'Eum in est mollitia tenetur ut iusto quia sunt.');
INSERT INTO pet VALUES ('Kathleen', 'Darwin38@yahoo.com', 'Chinchilla', 'Ad illo et voluptatem.', 'Fugiat rerum quis laborum impedit provident id.');
INSERT INTO full_time_ct VALUES ('Darwin38@yahoo.com');
INSERT INTO ft_specializes_in VALUES ('Darwin38@yahoo.com', 'Hedgehog', 16);
INSERT INTO ft_specializes_in VALUES ('Darwin38@yahoo.com', 'Rabbit', 0);

INSERT INTO person VALUES ('Osvaldo92@gmail.com', 'Chris Schroeder', '$2b$10$r3BD.leaooE.5vU28EYTuuBixKJ5aeV1AyrKyPHHI0BSkH.eNYs5i', '3785 Anna Extensions', 90535933, 'user', 'https://s3.amazonaws.com/uifaces/faces/twitter/safrankov/128.jpg');

INSERT INTO person VALUES ('Darron15@gmail.com', 'Demario Larson', '$2b$10$r3BD.leaooE.5vU28EYTuuBixKJ5aeV1AyrKyPHHI0BSkH.eNYs5i', '8108 Angelina Ports', 90707070, 'user', 'https://s3.amazonaws.com/uifaces/faces/twitter/itolmach/128.jpg');

INSERT INTO person VALUES ('Kennedi59@hotmail.com', 'Giovanna Davis', '$2b$10$r3BD.leaooE.5vU28EYTuuBixKJ5aeV1AyrKyPHHI0BSkH.eNYs5i', '2631 Cyril Fork', 90964417, 'user', 'https://s3.amazonaws.com/uifaces/faces/twitter/guiiipontes/128.jpg');
INSERT INTO credit_card VALUES (6304015114264437, 'Kennedi59@hotmail.com', '2022-03-10T21:15:34.456Z', 386);
INSERT INTO pet VALUES ('Kaelyn', 'Kennedi59@hotmail.com', 'Burro', 'Rerum consequatur velit error delectus voluptas.', 'Velit ad maiores ad.');
INSERT INTO pet VALUES ('Stephan', 'Kennedi59@hotmail.com', 'Goat', 'Nihil dolorem est at quam in ut amet minus.', 'Blanditiis incidunt exercitationem accusantium inventore magni.');

INSERT INTO person VALUES ('Nedra_Hilll@gmail.com', 'Junior Macejkovic', '$2b$10$r3BD.leaooE.5vU28EYTuuBixKJ5aeV1AyrKyPHHI0BSkH.eNYs5i', '04522 Stephany Forest', 90855018, 'user', 'https://s3.amazonaws.com/uifaces/faces/twitter/weglov/128.jpg');
INSERT INTO credit_card VALUES (6759071726673991, 'Nedra_Hilll@gmail.com', '2021-02-09T01:51:12.575Z', 329);
INSERT INTO pet VALUES ('Keeley', 'Nedra_Hilll@gmail.com', 'Goat', 'Non ea nihil dolor est.', 'Ipsa totam in ut vero dolorem deleniti quo accusantium laboriosam.');
INSERT INTO full_time_ct VALUES ('Nedra_Hilll@gmail.com');
INSERT INTO ft_specializes_in VALUES ('Nedra_Hilll@gmail.com', 'Fish', 4);
INSERT INTO ft_specializes_in VALUES ('Nedra_Hilll@gmail.com', 'Guinea Pig', 2);
INSERT INTO ft_specializes_in VALUES ('Nedra_Hilll@gmail.com', 'Pot Bellied Pig', 7);

INSERT INTO person VALUES ('Onie84@hotmail.com', 'Augustine Streich', '$2b$10$r3BD.leaooE.5vU28EYTuuBixKJ5aeV1AyrKyPHHI0BSkH.eNYs5i', '22350 Delores Passage', 90425816, 'user', 'https://s3.amazonaws.com/uifaces/faces/twitter/vigobronx/128.jpg');
INSERT INTO full_time_ct VALUES ('Onie84@hotmail.com');
INSERT INTO ft_specializes_in VALUES ('Onie84@hotmail.com', 'Iguana', 18);
INSERT INTO ft_specializes_in VALUES ('Onie84@hotmail.com', 'Ponie', 2);

INSERT INTO person VALUES ('Geovanni3@yahoo.com', 'Paris Yost', '$2b$10$r3BD.leaooE.5vU28EYTuuBixKJ5aeV1AyrKyPHHI0BSkH.eNYs5i', '94700 Ed Cape', 90428812, 'user', 'https://s3.amazonaws.com/uifaces/faces/twitter/emsgulam/128.jpg');
INSERT INTO credit_card VALUES (6759505119897973, 'Geovanni3@yahoo.com', '2022-02-22T16:53:47.689Z', 352);
INSERT INTO pet VALUES ('Jairo', 'Geovanni3@yahoo.com', 'Ferret', 'Voluptates aspernatur est velit natus rerum.', 'Et iure ea praesentium dolor enim et deserunt.');
INSERT INTO pet VALUES ('Javonte', 'Geovanni3@yahoo.com', 'Guinea Fowl', 'Iusto eius nihil rerum itaque sit.', 'Quis ut repellat.');

INSERT INTO person VALUES ('Maudie65@hotmail.com', 'Sydnie Schneider', '$2b$10$r3BD.leaooE.5vU28EYTuuBixKJ5aeV1AyrKyPHHI0BSkH.eNYs5i', '85848 Marques Islands', 90077131, 'user', 'https://s3.amazonaws.com/uifaces/faces/twitter/marakasina/128.jpg');
INSERT INTO credit_card VALUES (6759319761011303, 'Maudie65@hotmail.com', '2020-12-02T15:58:33.539Z', 913);
INSERT INTO pet VALUES ('Chanelle', 'Maudie65@hotmail.com', 'Guinea Pig', 'Omnis nihil vel voluptatem quas voluptas.', 'Aut est dolore vel minus rerum distinctio et.');
INSERT INTO full_time_ct VALUES ('Maudie65@hotmail.com');
INSERT INTO ft_specializes_in VALUES ('Maudie65@hotmail.com', 'Fish', 0);
INSERT INTO ft_specializes_in VALUES ('Maudie65@hotmail.com', 'Guinea Fowl', 19);
INSERT INTO ft_specializes_in VALUES ('Maudie65@hotmail.com', 'Peafowl', 14);

INSERT INTO person VALUES ('Ronaldo.Okuneva@gmail.com', 'Odessa McKenzie', '$2b$10$r3BD.leaooE.5vU28EYTuuBixKJ5aeV1AyrKyPHHI0BSkH.eNYs5i', '72276 Americo Fords', 90096406, 'user', 'https://s3.amazonaws.com/uifaces/faces/twitter/_pedropinho/128.jpg');

INSERT INTO person VALUES ('Gwendolyn.Fadel@yahoo.com', 'Delphine Brown', '$2b$10$r3BD.leaooE.5vU28EYTuuBixKJ5aeV1AyrKyPHHI0BSkH.eNYs5i', '2032 Judah Streets', 90761225, 'user', 'https://s3.amazonaws.com/uifaces/faces/twitter/carlyson/128.jpg');
INSERT INTO credit_card VALUES (6304753005676028, 'Gwendolyn.Fadel@yahoo.com', '2021-06-14T00:32:48.590Z', 396);
INSERT INTO pet VALUES ('Helen', 'Gwendolyn.Fadel@yahoo.com', 'Chinchilla', 'Nam aut deleniti.', 'Accusantium officiis harum sunt eum ab dolores debitis.');
INSERT INTO pet VALUES ('Stanton', 'Gwendolyn.Fadel@yahoo.com', 'Mule', 'Et est consequatur quam quas a cum tenetur.', 'Iure non laudantium fuga possimus mollitia eius praesentium quia velit.');
INSERT INTO part_time_ct VALUES ('Gwendolyn.Fadel@yahoo.com');
INSERT INTO pt_free_schedule VALUES ('Gwendolyn.Fadel@yahoo.com', '2020-05-13T16:00:00.000Z', '2021-11-13T16:00:00.000Z');
INSERT INTO pt_specializes_in VALUES ('Gwendolyn.Fadel@yahoo.com', 'Horse', 6);

INSERT INTO person VALUES ('Jeanne.Douglas@yahoo.com', 'Anika Dooley', '$2b$10$r3BD.leaooE.5vU28EYTuuBixKJ5aeV1AyrKyPHHI0BSkH.eNYs5i', '7036 Zboncak Estate', 90920947, 'user', 'https://s3.amazonaws.com/uifaces/faces/twitter/buddhasource/128.jpg');
INSERT INTO credit_card VALUES (4884003624571211, 'Jeanne.Douglas@yahoo.com', '2022-03-28T22:38:52.472Z', 480);
INSERT INTO pet VALUES ('Reinhold', 'Jeanne.Douglas@yahoo.com', 'Guinea Fowl', 'Sed debitis ut nesciunt eos deserunt porro quis.', 'Quibusdam rerum sit quia nihil dolores eaque.');

INSERT INTO person VALUES ('Robb_Wehner99@hotmail.com', 'Jalyn Tillman', '$2b$10$r3BD.leaooE.5vU28EYTuuBixKJ5aeV1AyrKyPHHI0BSkH.eNYs5i', '178 Lang Turnpike', 90580178, 'user', 'https://s3.amazonaws.com/uifaces/faces/twitter/marciotoledo/128.jpg');

INSERT INTO person VALUES ('Jamaal.Schulist@yahoo.com', 'Bonita Hayes', '$2b$10$r3BD.leaooE.5vU28EYTuuBixKJ5aeV1AyrKyPHHI0BSkH.eNYs5i', '35632 Shields Forges', 90055590, 'user', 'https://s3.amazonaws.com/uifaces/faces/twitter/d_kobelyatsky/128.jpg');
INSERT INTO credit_card VALUES (340791511093339, 'Jamaal.Schulist@yahoo.com', '2023-07-28T10:50:42.118Z', 762);
INSERT INTO pet VALUES ('Merl', 'Jamaal.Schulist@yahoo.com', 'Rabbit', 'Sint quia maxime soluta.', 'Sint tempore dicta dignissimos voluptatem incidunt repudiandae quia.');
INSERT INTO pet VALUES ('Brennon', 'Jamaal.Schulist@yahoo.com', 'Mice', 'Reprehenderit aperiam quam.', 'Perferendis omnis similique nam in nihil.');
INSERT INTO full_time_ct VALUES ('Jamaal.Schulist@yahoo.com');
INSERT INTO ft_specializes_in VALUES ('Jamaal.Schulist@yahoo.com', 'Mice', 8);

INSERT INTO person VALUES ('Stephon65@yahoo.com', 'Ofelia Lowe', '$2b$10$r3BD.leaooE.5vU28EYTuuBixKJ5aeV1AyrKyPHHI0BSkH.eNYs5i', '76301 Oma Ports', 90660721, 'user', 'https://s3.amazonaws.com/uifaces/faces/twitter/curiousonaut/128.jpg');
INSERT INTO credit_card VALUES (3528434648227981, 'Stephon65@yahoo.com', '2023-06-07T19:29:45.303Z', 885);
INSERT INTO pet VALUES ('Orie', 'Stephon65@yahoo.com', 'Fish', 'Et nesciunt dolores officia fugiat.', 'Quis similique aut et ipsum ducimus voluptatem numquam autem similique.');
INSERT INTO pet VALUES ('Karlee', 'Stephon65@yahoo.com', 'Burro', 'Cupiditate voluptatem et ut.', 'Sequi ipsum nemo veniam hic inventore et sit nostrum.');

INSERT INTO person VALUES ('Stephania_Hodkiewicz72@hotmail.com', 'Gus Schulist', '$2b$10$r3BD.leaooE.5vU28EYTuuBixKJ5aeV1AyrKyPHHI0BSkH.eNYs5i', '65701 Darlene Station', 90207826, 'user', 'https://s3.amazonaws.com/uifaces/faces/twitter/lisovsky/128.jpg');
INSERT INTO credit_card VALUES (6767257194371375, 'Stephania_Hodkiewicz72@hotmail.com', '2021-04-30T02:52:46.375Z', 378);
INSERT INTO pet VALUES ('Edison', 'Stephania_Hodkiewicz72@hotmail.com', 'Chameleons (Veiled)', 'Aut est aut rerum nisi delectus distinctio sequi placeat facere.', 'Aut maiores modi quia.');
INSERT INTO pet VALUES ('Antwan', 'Stephania_Hodkiewicz72@hotmail.com', 'Chinese Water Dragon', 'Quam recusandae quisquam.', 'Non repudiandae ullam et ab officia.');
INSERT INTO part_time_ct VALUES ('Stephania_Hodkiewicz72@hotmail.com');
INSERT INTO pt_free_schedule VALUES ('Stephania_Hodkiewicz72@hotmail.com', '2020-05-13T16:00:00.000Z', '2021-11-13T16:00:00.000Z');
INSERT INTO pt_specializes_in VALUES ('Stephania_Hodkiewicz72@hotmail.com', 'Gecko', 1);
INSERT INTO pt_specializes_in VALUES ('Stephania_Hodkiewicz72@hotmail.com', 'Goat', 5);

INSERT INTO person VALUES ('Greg_Feest@yahoo.com', 'Nathaniel Green', '$2b$10$r3BD.leaooE.5vU28EYTuuBixKJ5aeV1AyrKyPHHI0BSkH.eNYs5i', '6489 Heather Flats', 90839402, 'user', 'https://s3.amazonaws.com/uifaces/faces/twitter/surgeonist/128.jpg');
INSERT INTO part_time_ct VALUES ('Greg_Feest@yahoo.com');
INSERT INTO pt_free_schedule VALUES ('Greg_Feest@yahoo.com', '2020-05-13T16:00:00.000Z', '2021-11-13T16:00:00.000Z');
INSERT INTO pt_specializes_in VALUES ('Greg_Feest@yahoo.com', 'Chameleons (Veiled)', 13);
INSERT INTO pt_specializes_in VALUES ('Greg_Feest@yahoo.com', 'Chicken', 5);

INSERT INTO person VALUES ('Greta_Lynch@gmail.com', 'Demond McLaughlin', '$2b$10$r3BD.leaooE.5vU28EYTuuBixKJ5aeV1AyrKyPHHI0BSkH.eNYs5i', '180 Keyshawn Estate', 90746428, 'user', 'https://s3.amazonaws.com/uifaces/faces/twitter/chaabane_wail/128.jpg');

INSERT INTO person VALUES ('Zachariah_Bahringer35@yahoo.com', 'Brice Adams', '$2b$10$r3BD.leaooE.5vU28EYTuuBixKJ5aeV1AyrKyPHHI0BSkH.eNYs5i', '5815 Wyman Street', 90876317, 'user', 'https://s3.amazonaws.com/uifaces/faces/twitter/naupintos/128.jpg');
INSERT INTO part_time_ct VALUES ('Zachariah_Bahringer35@yahoo.com');
INSERT INTO pt_free_schedule VALUES ('Zachariah_Bahringer35@yahoo.com', '2020-05-13T16:00:00.000Z', '2021-11-13T16:00:00.000Z');
INSERT INTO pt_specializes_in VALUES ('Zachariah_Bahringer35@yahoo.com', 'Lizard', 18);

INSERT INTO person VALUES ('Wiley.Deckow@yahoo.com', 'Roy Ratke', '$2b$10$r3BD.leaooE.5vU28EYTuuBixKJ5aeV1AyrKyPHHI0BSkH.eNYs5i', '6556 Hank Highway', 90410749, 'user', 'https://s3.amazonaws.com/uifaces/faces/twitter/krystalfister/128.jpg');
INSERT INTO credit_card VALUES (6456627817337144, 'Wiley.Deckow@yahoo.com', '2021-02-24T20:41:53.757Z', 882);
INSERT INTO pet VALUES ('Muriel', 'Wiley.Deckow@yahoo.com', 'Llama', 'Consequatur voluptas suscipit.', 'Non molestiae minus deleniti.');
INSERT INTO pet VALUES ('Isaias', 'Wiley.Deckow@yahoo.com', 'Gerbil', 'Atque fugit adipisci aut voluptatem suscipit voluptatem molestiae modi.', 'Magnam sit aut placeat rem consectetur aut ut.');
INSERT INTO full_time_ct VALUES ('Wiley.Deckow@yahoo.com');
INSERT INTO ft_specializes_in VALUES ('Wiley.Deckow@yahoo.com', 'Cow', 2);
INSERT INTO ft_specializes_in VALUES ('Wiley.Deckow@yahoo.com', 'Fish', 4);
INSERT INTO ft_specializes_in VALUES ('Wiley.Deckow@yahoo.com', 'Lizard', 8);

INSERT INTO person VALUES ('Nathanial33@yahoo.com', 'Christy Lueilwitz', '$2b$10$r3BD.leaooE.5vU28EYTuuBixKJ5aeV1AyrKyPHHI0BSkH.eNYs5i', '90007 Verdie Cove', 90947246, 'user', 'https://s3.amazonaws.com/uifaces/faces/twitter/travishines/128.jpg');

INSERT INTO person VALUES ('Tevin_Jakubowski9@yahoo.com', 'Claudia Waters', '$2b$10$r3BD.leaooE.5vU28EYTuuBixKJ5aeV1AyrKyPHHI0BSkH.eNYs5i', '003 Oswald Groves', 90476422, 'user', 'https://s3.amazonaws.com/uifaces/faces/twitter/chatyrko/128.jpg');
INSERT INTO credit_card VALUES (6304738971887173, 'Tevin_Jakubowski9@yahoo.com', '2021-06-05T17:19:35.811Z', 751);
INSERT INTO pet VALUES ('Demarco', 'Tevin_Jakubowski9@yahoo.com', 'Guinea Pig', 'Accusantium velit sapiente non ipsum.', 'Odio tempora quos nihil inventore aperiam in.');
INSERT INTO pet VALUES ('Hilbert', 'Tevin_Jakubowski9@yahoo.com', 'Lizard', 'Officiis sequi voluptate nemo qui accusantium voluptas veritatis nesciunt.', 'Veniam rerum non ab qui.');

INSERT INTO person VALUES ('Rory_Zulauf49@yahoo.com', 'Florencio Howe', '$2b$10$r3BD.leaooE.5vU28EYTuuBixKJ5aeV1AyrKyPHHI0BSkH.eNYs5i', '291 Littel Mills', 90353197, 'user', 'https://s3.amazonaws.com/uifaces/faces/twitter/steynviljoen/128.jpg');
INSERT INTO credit_card VALUES (6771558775887689, 'Rory_Zulauf49@yahoo.com', '2025-02-28T13:10:35.834Z', 168);
INSERT INTO pet VALUES ('Rachael', 'Rory_Zulauf49@yahoo.com', 'Bearded Dragon', 'Odit laborum pariatur sunt eaque vitae assumenda fugiat.', 'Est aut non cum omnis doloremque sit est dolores.');
INSERT INTO pet VALUES ('Kory', 'Rory_Zulauf49@yahoo.com', 'Bird', 'Enim repellendus veniam id reiciendis.', 'Delectus quis eveniet rem temporibus.');
INSERT INTO part_time_ct VALUES ('Rory_Zulauf49@yahoo.com');
INSERT INTO pt_free_schedule VALUES ('Rory_Zulauf49@yahoo.com', '2020-05-13T16:00:00.000Z', '2021-11-13T16:00:00.000Z');
INSERT INTO pt_specializes_in VALUES ('Rory_Zulauf49@yahoo.com', 'Gerbil', 0);
INSERT INTO pt_specializes_in VALUES ('Rory_Zulauf49@yahoo.com', 'Ponie', 5);

INSERT INTO person VALUES ('Manuel15@hotmail.com', 'Paige Blick', '$2b$10$r3BD.leaooE.5vU28EYTuuBixKJ5aeV1AyrKyPHHI0BSkH.eNYs5i', '25644 Terry Estate', 90468405, 'user', 'https://s3.amazonaws.com/uifaces/faces/twitter/d33pthought/128.jpg');
INSERT INTO credit_card VALUES (6771899152954565, 'Manuel15@hotmail.com', '2022-04-16T20:00:09.341Z', 763);
INSERT INTO pet VALUES ('Lois', 'Manuel15@hotmail.com', 'Chinese Water Dragon', 'Inventore officiis et hic cum odit magni architecto ut.', 'Provident amet rerum.');
INSERT INTO full_time_ct VALUES ('Manuel15@hotmail.com');
INSERT INTO ft_specializes_in VALUES ('Manuel15@hotmail.com', 'Iguana', 8);

INSERT INTO person VALUES ('Sabryna72@gmail.com', 'Jason Russel', '$2b$10$r3BD.leaooE.5vU28EYTuuBixKJ5aeV1AyrKyPHHI0BSkH.eNYs5i', '8867 Brekke Vista', 90461771, 'user', 'https://s3.amazonaws.com/uifaces/faces/twitter/scrapdnb/128.jpg');
INSERT INTO credit_card VALUES (6376077528967727, 'Sabryna72@gmail.com', '2021-05-27T15:57:05.704Z', 529);
INSERT INTO pet VALUES ('Bernadette', 'Sabryna72@gmail.com', 'Chameleons (Veiled)', 'Inventore beatae sit ut voluptas praesentium.', 'Delectus quibusdam quasi incidunt.');
INSERT INTO pet VALUES ('Kobe', 'Sabryna72@gmail.com', 'Llama', 'Dolor sunt quia enim reprehenderit voluptas id soluta aliquid neque.', 'Eos est ratione.');

INSERT INTO person VALUES ('Chadrick.Wuckert@yahoo.com', 'Michael Beahan', '$2b$10$r3BD.leaooE.5vU28EYTuuBixKJ5aeV1AyrKyPHHI0BSkH.eNYs5i', '46973 Halvorson Mills', 90569781, 'user', 'https://s3.amazonaws.com/uifaces/faces/twitter/wiljanslofstra/128.jpg');
INSERT INTO part_time_ct VALUES ('Chadrick.Wuckert@yahoo.com');
INSERT INTO pt_free_schedule VALUES ('Chadrick.Wuckert@yahoo.com', '2020-05-13T16:00:00.000Z', '2021-11-13T16:00:00.000Z');
INSERT INTO pt_specializes_in VALUES ('Chadrick.Wuckert@yahoo.com', 'Gecko', 7);
INSERT INTO pt_specializes_in VALUES ('Chadrick.Wuckert@yahoo.com', 'Gerbil', 2);
INSERT INTO pt_specializes_in VALUES ('Chadrick.Wuckert@yahoo.com', 'Mice', 3);

INSERT INTO person VALUES ('Lenny.OConnell10@gmail.com', 'Guiseppe Shanahan', '$2b$10$r3BD.leaooE.5vU28EYTuuBixKJ5aeV1AyrKyPHHI0BSkH.eNYs5i', '6753 Wyman Locks', 90591504, 'user', 'https://s3.amazonaws.com/uifaces/faces/twitter/bradenhamm/128.jpg');

INSERT INTO person VALUES ('Amanda.Sanford@yahoo.com', 'Sidney Friesen', '$2b$10$r3BD.leaooE.5vU28EYTuuBixKJ5aeV1AyrKyPHHI0BSkH.eNYs5i', '9403 Hammes Springs', 90285850, 'user', 'https://s3.amazonaws.com/uifaces/faces/twitter/vladyn/128.jpg');
INSERT INTO credit_card VALUES (6771493225022121, 'Amanda.Sanford@yahoo.com', '2021-07-21T19:14:44.401Z', 929);
INSERT INTO pet VALUES ('Jesus', 'Amanda.Sanford@yahoo.com', 'Geese (Chinese Swan Goose)', 'Est nostrum minima est ratione est minus reprehenderit eum quo.', 'Dolore labore est.');
INSERT INTO full_time_ct VALUES ('Amanda.Sanford@yahoo.com');
INSERT INTO ft_specializes_in VALUES ('Amanda.Sanford@yahoo.com', 'Chameleons (Veiled)', 19);
INSERT INTO ft_specializes_in VALUES ('Amanda.Sanford@yahoo.com', 'Rabbit', 12);

INSERT INTO person VALUES ('Lela_Beahan@gmail.com', 'Ernesto Rolfson', '$2b$10$r3BD.leaooE.5vU28EYTuuBixKJ5aeV1AyrKyPHHI0BSkH.eNYs5i', '05448 Yolanda Mill', 90347853, 'user', 'https://s3.amazonaws.com/uifaces/faces/twitter/simobenso/128.jpg');
INSERT INTO credit_card VALUES (3528537330036122, 'Lela_Beahan@gmail.com', '2024-02-15T16:10:12.541Z', 797);
INSERT INTO pet VALUES ('Judd', 'Lela_Beahan@gmail.com', 'Chicken', 'Est quidem aperiam facilis illum.', 'Delectus ut nemo tenetur temporibus in.');
INSERT INTO pet VALUES ('Linnie', 'Lela_Beahan@gmail.com', 'Pig', 'Reprehenderit et fuga iure quidem possimus dolores consequatur quia.', 'Et iure quis molestiae.');
INSERT INTO part_time_ct VALUES ('Lela_Beahan@gmail.com');
INSERT INTO pt_free_schedule VALUES ('Lela_Beahan@gmail.com', '2020-05-13T16:00:00.000Z', '2021-11-13T16:00:00.000Z');
INSERT INTO pt_specializes_in VALUES ('Lela_Beahan@gmail.com', 'Ferret', 6);

INSERT INTO person VALUES ('Norval22@yahoo.com', 'Wilbert Schulist', '$2b$10$r3BD.leaooE.5vU28EYTuuBixKJ5aeV1AyrKyPHHI0BSkH.eNYs5i', '998 Joan Springs', 90035335, 'user', 'https://s3.amazonaws.com/uifaces/faces/twitter/abelcabans/128.jpg');

INSERT INTO person VALUES ('Arielle_Hettinger@gmail.com', 'Prudence Wolf', '$2b$10$r3BD.leaooE.5vU28EYTuuBixKJ5aeV1AyrKyPHHI0BSkH.eNYs5i', '99132 Pink Path', 90430087, 'user', 'https://s3.amazonaws.com/uifaces/faces/twitter/caspergrl/128.jpg');
INSERT INTO full_time_ct VALUES ('Arielle_Hettinger@gmail.com');
INSERT INTO ft_specializes_in VALUES ('Arielle_Hettinger@gmail.com', 'Donkey', 4);

INSERT INTO person VALUES ('Rodrigo.Hand59@yahoo.com', 'Jermain Bode', '$2b$10$r3BD.leaooE.5vU28EYTuuBixKJ5aeV1AyrKyPHHI0BSkH.eNYs5i', '911 Rempel Radial', 90871174, 'user', 'https://s3.amazonaws.com/uifaces/faces/twitter/markolschesky/128.jpg');
INSERT INTO credit_card VALUES (6767556363517435, 'Rodrigo.Hand59@yahoo.com', '2021-09-08T00:32:40.111Z', 908);
INSERT INTO pet VALUES ('Tracy', 'Rodrigo.Hand59@yahoo.com', 'Cow', 'Maxime vitae quisquam est accusantium repudiandae libero eum omnis.', 'Soluta sunt eligendi ad excepturi dolorem id repudiandae.');
INSERT INTO full_time_ct VALUES ('Rodrigo.Hand59@yahoo.com');
INSERT INTO ft_specializes_in VALUES ('Rodrigo.Hand59@yahoo.com', 'Goat', 1);
INSERT INTO ft_specializes_in VALUES ('Rodrigo.Hand59@yahoo.com', 'Pig', 6);
INSERT INTO ft_specializes_in VALUES ('Rodrigo.Hand59@yahoo.com', 'Hog', 7);

INSERT INTO person VALUES ('Morris_Runolfsdottir6@gmail.com', 'Americo Skiles', '$2b$10$r3BD.leaooE.5vU28EYTuuBixKJ5aeV1AyrKyPHHI0BSkH.eNYs5i', '9717 Jeramy Road', 90515000, 'user', 'https://s3.amazonaws.com/uifaces/faces/twitter/demersdesigns/128.jpg');
INSERT INTO part_time_ct VALUES ('Morris_Runolfsdottir6@gmail.com');
INSERT INTO pt_free_schedule VALUES ('Morris_Runolfsdottir6@gmail.com', '2020-05-13T16:00:00.000Z', '2021-11-13T16:00:00.000Z');
INSERT INTO pt_specializes_in VALUES ('Morris_Runolfsdottir6@gmail.com', 'Bird', 18);
INSERT INTO pt_specializes_in VALUES ('Morris_Runolfsdottir6@gmail.com', 'Chinchilla', 7);

INSERT INTO person VALUES ('Lon47@yahoo.com', 'Milo Beier', '$2b$10$r3BD.leaooE.5vU28EYTuuBixKJ5aeV1AyrKyPHHI0BSkH.eNYs5i', '34613 Gust Oval', 90839878, 'user', 'https://s3.amazonaws.com/uifaces/faces/twitter/imammuht/128.jpg');
INSERT INTO credit_card VALUES (6551718567076693, 'Lon47@yahoo.com', '2023-08-01T09:14:15.803Z', 773);
INSERT INTO pet VALUES ('Harry', 'Lon47@yahoo.com', 'Burro', 'Itaque cumque dolores sequi.', 'Et voluptatem sit illum.');
INSERT INTO pet VALUES ('Nayeli', 'Lon47@yahoo.com', 'Iguana', 'Iusto ut saepe sit iste eum repudiandae.', 'Sunt officiis et inventore voluptas ut molestias exercitationem quisquam beatae.');
INSERT INTO part_time_ct VALUES ('Lon47@yahoo.com');
INSERT INTO pt_free_schedule VALUES ('Lon47@yahoo.com', '2020-05-13T16:00:00.000Z', '2021-11-13T16:00:00.000Z');
INSERT INTO pt_specializes_in VALUES ('Lon47@yahoo.com', 'Chinchilla', 14);
INSERT INTO pt_specializes_in VALUES ('Lon47@yahoo.com', 'Gerbil', 4);

INSERT INTO person VALUES ('Aiden.Sporer@hotmail.com', 'Joana Jones', '$2b$10$r3BD.leaooE.5vU28EYTuuBixKJ5aeV1AyrKyPHHI0BSkH.eNYs5i', '03549 Camylle Garden', 90185699, 'user', 'https://s3.amazonaws.com/uifaces/faces/twitter/balintorosz/128.jpg');
INSERT INTO full_time_ct VALUES ('Aiden.Sporer@hotmail.com');
INSERT INTO ft_specializes_in VALUES ('Aiden.Sporer@hotmail.com', 'Fish', 16);
INSERT INTO ft_specializes_in VALUES ('Aiden.Sporer@hotmail.com', 'Mule', 5);

INSERT INTO person VALUES ('Luis.Kulas74@hotmail.com', 'Nicholaus Thiel', '$2b$10$r3BD.leaooE.5vU28EYTuuBixKJ5aeV1AyrKyPHHI0BSkH.eNYs5i', '08703 Wisoky Glen', 90228375, 'user', 'https://s3.amazonaws.com/uifaces/faces/twitter/markolschesky/128.jpg');
INSERT INTO full_time_ct VALUES ('Luis.Kulas74@hotmail.com');
INSERT INTO ft_specializes_in VALUES ('Luis.Kulas74@hotmail.com', 'Donkey', 13);

INSERT INTO person VALUES ('Terrell_Hickle@hotmail.com', 'Jolie Adams', '$2b$10$r3BD.leaooE.5vU28EYTuuBixKJ5aeV1AyrKyPHHI0BSkH.eNYs5i', '0785 Torphy Orchard', 90971233, 'user', 'https://s3.amazonaws.com/uifaces/faces/twitter/rdbannon/128.jpg');
INSERT INTO part_time_ct VALUES ('Terrell_Hickle@hotmail.com');
INSERT INTO pt_free_schedule VALUES ('Terrell_Hickle@hotmail.com', '2020-05-13T16:00:00.000Z', '2021-11-13T16:00:00.000Z');
INSERT INTO pt_specializes_in VALUES ('Terrell_Hickle@hotmail.com', 'Chicken', 9);
INSERT INTO pt_specializes_in VALUES ('Terrell_Hickle@hotmail.com', 'Donkey', 14);

INSERT INTO person VALUES ('Kailyn99@yahoo.com', 'Demetrius Brekke', '$2b$10$r3BD.leaooE.5vU28EYTuuBixKJ5aeV1AyrKyPHHI0BSkH.eNYs5i', '02166 Dagmar Terrace', 90072291, 'user', 'https://s3.amazonaws.com/uifaces/faces/twitter/thierrykoblentz/128.jpg');
INSERT INTO credit_card VALUES (342765329682400, 'Kailyn99@yahoo.com', '2021-08-26T14:04:40.384Z', 856);
INSERT INTO pet VALUES ('Felton', 'Kailyn99@yahoo.com', 'Fish', 'Maiores sit impedit architecto voluptatem dolor.', 'Facere ut consequuntur ea ea vero asperiores ex.');
INSERT INTO part_time_ct VALUES ('Kailyn99@yahoo.com');
INSERT INTO pt_free_schedule VALUES ('Kailyn99@yahoo.com', '2020-05-13T16:00:00.000Z', '2021-11-13T16:00:00.000Z');
INSERT INTO pt_specializes_in VALUES ('Kailyn99@yahoo.com', 'Horse', 17);
INSERT INTO pt_specializes_in VALUES ('Kailyn99@yahoo.com', 'Pigeon', 1);

INSERT INTO person VALUES ('Elbert49@yahoo.com', 'Xander DuBuque', '$2b$10$r3BD.leaooE.5vU28EYTuuBixKJ5aeV1AyrKyPHHI0BSkH.eNYs5i', '3764 Amy Crossroad', 90714411, 'user', 'https://s3.amazonaws.com/uifaces/faces/twitter/gizmeedevil1991/128.jpg');
INSERT INTO credit_card VALUES (6304777075953211, 'Elbert49@yahoo.com', '2022-08-30T03:35:21.458Z', 895);
INSERT INTO pet VALUES ('Jamison', 'Elbert49@yahoo.com', 'Pigeon', 'Quia adipisci tempore sit qui quis illum voluptas.', 'Iusto quasi hic expedita dolor iure quo.');
INSERT INTO pet VALUES ('Vicente', 'Elbert49@yahoo.com', 'Guinea Fowl', 'Nobis laborum eaque expedita accusantium voluptatibus tempore quaerat quia.', 'Fugit voluptas et sed dolor qui et aut ut dicta.');
INSERT INTO full_time_ct VALUES ('Elbert49@yahoo.com');
INSERT INTO ft_specializes_in VALUES ('Elbert49@yahoo.com', 'Hedgehog', 5);

INSERT INTO person VALUES ('Demetris91@gmail.com', 'Iva Dare', '$2b$10$r3BD.leaooE.5vU28EYTuuBixKJ5aeV1AyrKyPHHI0BSkH.eNYs5i', '633 Schoen Ville', 90528157, 'user', 'https://s3.amazonaws.com/uifaces/faces/twitter/karalek/128.jpg');
INSERT INTO credit_card VALUES (5476256805451588, 'Demetris91@gmail.com', '2024-05-29T09:40:50.377Z', 157);
INSERT INTO pet VALUES ('Lora', 'Demetris91@gmail.com', 'Chinchilla', 'Necessitatibus voluptatibus voluptatem aspernatur.', 'Aut cum repudiandae nesciunt facilis et sed rerum corrupti.');

INSERT INTO person VALUES ('Vivien_Okuneva60@gmail.com', 'Dawson Champlin', '$2b$10$r3BD.leaooE.5vU28EYTuuBixKJ5aeV1AyrKyPHHI0BSkH.eNYs5i', '592 Randy Point', 90616679, 'user', 'https://s3.amazonaws.com/uifaces/faces/twitter/gmourier/128.jpg');
INSERT INTO part_time_ct VALUES ('Vivien_Okuneva60@gmail.com');
INSERT INTO pt_free_schedule VALUES ('Vivien_Okuneva60@gmail.com', '2020-05-13T16:00:00.000Z', '2021-11-13T16:00:00.000Z');
INSERT INTO pt_specializes_in VALUES ('Vivien_Okuneva60@gmail.com', 'Chameleons (Veiled)', 15);

INSERT INTO person VALUES ('Hobart_Swaniawski@gmail.com', 'Braeden Nienow', '$2b$10$r3BD.leaooE.5vU28EYTuuBixKJ5aeV1AyrKyPHHI0BSkH.eNYs5i', '433 Naomie Forges', 90295225, 'user', 'https://s3.amazonaws.com/uifaces/faces/twitter/lmjabreu/128.jpg');
INSERT INTO part_time_ct VALUES ('Hobart_Swaniawski@gmail.com');
INSERT INTO pt_free_schedule VALUES ('Hobart_Swaniawski@gmail.com', '2020-05-13T16:00:00.000Z', '2021-11-13T16:00:00.000Z');
INSERT INTO pt_specializes_in VALUES ('Hobart_Swaniawski@gmail.com', 'Chicken', 1);
INSERT INTO pt_specializes_in VALUES ('Hobart_Swaniawski@gmail.com', 'Gerbil', 18);
INSERT INTO pt_specializes_in VALUES ('Hobart_Swaniawski@gmail.com', 'Rabbit', 9);

INSERT INTO person VALUES ('Mafalda23@yahoo.com', 'Alvis Tromp', '$2b$10$r3BD.leaooE.5vU28EYTuuBixKJ5aeV1AyrKyPHHI0BSkH.eNYs5i', '13602 Alvah Springs', 90839996, 'user', 'https://s3.amazonaws.com/uifaces/faces/twitter/mandalareopens/128.jpg');
INSERT INTO credit_card VALUES (5893227051342477, 'Mafalda23@yahoo.com', '2024-09-21T08:09:46.862Z', 907);
INSERT INTO pet VALUES ('Reilly', 'Mafalda23@yahoo.com', 'Bearded Dragon', 'Possimus et dolores aut dignissimos aliquam eum quidem dolores incidunt.', 'Recusandae iste perferendis at sunt enim accusantium ducimus.');

INSERT INTO person VALUES ('Devin_Gerlach@gmail.com', 'Fabiola Hansen', '$2b$10$r3BD.leaooE.5vU28EYTuuBixKJ5aeV1AyrKyPHHI0BSkH.eNYs5i', '8236 Heller Divide', 90946132, 'user', 'https://s3.amazonaws.com/uifaces/faces/twitter/aleinadsays/128.jpg');

INSERT INTO person VALUES ('Triston_Kirlin52@gmail.com', 'Saul Thompson', '$2b$10$r3BD.leaooE.5vU28EYTuuBixKJ5aeV1AyrKyPHHI0BSkH.eNYs5i', '01549 Gibson Inlet', 90829289, 'user', 'https://s3.amazonaws.com/uifaces/faces/twitter/chris_frees/128.jpg');
INSERT INTO part_time_ct VALUES ('Triston_Kirlin52@gmail.com');
INSERT INTO pt_free_schedule VALUES ('Triston_Kirlin52@gmail.com', '2020-05-13T16:00:00.000Z', '2021-11-13T16:00:00.000Z');
INSERT INTO pt_specializes_in VALUES ('Triston_Kirlin52@gmail.com', 'Burro', 0);
INSERT INTO pt_specializes_in VALUES ('Triston_Kirlin52@gmail.com', 'Pig', 17);

INSERT INTO person VALUES ('Marilou17@gmail.com', 'Carroll Upton', '$2b$10$r3BD.leaooE.5vU28EYTuuBixKJ5aeV1AyrKyPHHI0BSkH.eNYs5i', '87316 Brekke Fall', 90828697, 'user', 'https://s3.amazonaws.com/uifaces/faces/twitter/igorgarybaldi/128.jpg');

INSERT INTO person VALUES ('Furman.Ratke64@yahoo.com', 'Ciara Auer', '$2b$10$r3BD.leaooE.5vU28EYTuuBixKJ5aeV1AyrKyPHHI0BSkH.eNYs5i', '163 Tillman Green', 90326114, 'user', 'https://s3.amazonaws.com/uifaces/faces/twitter/derienzo777/128.jpg');
INSERT INTO credit_card VALUES (3528303346939763, 'Furman.Ratke64@yahoo.com', '2021-08-24T17:19:15.834Z', 993);
INSERT INTO pet VALUES ('Wilmer', 'Furman.Ratke64@yahoo.com', 'Geese (Chinese Swan Goose)', 'Accusamus molestiae et repellendus id culpa.', 'Ut voluptatem et esse.');
INSERT INTO pet VALUES ('Leann', 'Furman.Ratke64@yahoo.com', 'Goat', 'Beatae saepe quas beatae.', 'Recusandae quis magni.');

INSERT INTO person VALUES ('Gillian69@gmail.com', 'Teagan Gibson', '$2b$10$r3BD.leaooE.5vU28EYTuuBixKJ5aeV1AyrKyPHHI0BSkH.eNYs5i', '268 Mraz Valleys', 90529303, 'user', 'https://s3.amazonaws.com/uifaces/faces/twitter/horaciobella/128.jpg');
INSERT INTO credit_card VALUES (372055902810967, 'Gillian69@gmail.com', '2022-05-08T02:13:25.800Z', 748);
INSERT INTO pet VALUES ('Joesph', 'Gillian69@gmail.com', 'Horse', 'At rem consequuntur veniam qui et nihil alias.', 'Dolores tempora deleniti quia eius iste.');
INSERT INTO pet VALUES ('Antonio', 'Gillian69@gmail.com', 'Burro', 'Id ut aliquam cum optio ducimus debitis quod culpa.', 'Qui qui quo et nihil corporis et ex.');
INSERT INTO full_time_ct VALUES ('Gillian69@gmail.com');
INSERT INTO ft_specializes_in VALUES ('Gillian69@gmail.com', 'Horse', 1);

INSERT INTO person VALUES ('Irma36@gmail.com', 'Mafalda Howell', '$2b$10$r3BD.leaooE.5vU28EYTuuBixKJ5aeV1AyrKyPHHI0BSkH.eNYs5i', '3215 Davis Camp', 90043804, 'user', 'https://s3.amazonaws.com/uifaces/faces/twitter/mrjamesnoble/128.jpg');
INSERT INTO credit_card VALUES (5893837856924859, 'Irma36@gmail.com', '2022-06-11T23:27:04.040Z', 816);
INSERT INTO pet VALUES ('Nikko', 'Irma36@gmail.com', 'Bird', 'Eos rerum repudiandae accusantium et laboriosam ipsum qui amet.', 'Et fugiat qui enim dolor non voluptatem.');
INSERT INTO pet VALUES ('Raina', 'Irma36@gmail.com', 'Mule', 'A totam veniam.', 'Tenetur repellat consequuntur reiciendis repellat sed nihil.');

INSERT INTO person VALUES ('Verna_Braun72@yahoo.com', 'Theron McClure', '$2b$10$r3BD.leaooE.5vU28EYTuuBixKJ5aeV1AyrKyPHHI0BSkH.eNYs5i', '94184 Paolo Forges', 90219217, 'user', 'https://s3.amazonaws.com/uifaces/faces/twitter/marlinjayakody/128.jpg');
INSERT INTO credit_card VALUES (6530622194726166, 'Verna_Braun72@yahoo.com', '2020-12-08T14:48:42.988Z', 369);
INSERT INTO pet VALUES ('Christian', 'Verna_Braun72@yahoo.com', 'Duck', 'Aliquam nam vel totam distinctio sequi aspernatur sit voluptate debitis.', 'Aliquam ut dolor quis sint et iure atque incidunt.');
INSERT INTO full_time_ct VALUES ('Verna_Braun72@yahoo.com');
INSERT INTO ft_specializes_in VALUES ('Verna_Braun72@yahoo.com', 'Chicken', 10);
INSERT INTO ft_specializes_in VALUES ('Verna_Braun72@yahoo.com', 'Cow', 10);

INSERT INTO person VALUES ('Saul.Bernier5@yahoo.com', 'Amaya Prosacco', '$2b$10$r3BD.leaooE.5vU28EYTuuBixKJ5aeV1AyrKyPHHI0BSkH.eNYs5i', '096 Bins Wells', 90371413, 'user', 'https://s3.amazonaws.com/uifaces/faces/twitter/marcomano_/128.jpg');

INSERT INTO person VALUES ('Amber_Schmidt0@hotmail.com', 'Elza Skiles', '$2b$10$r3BD.leaooE.5vU28EYTuuBixKJ5aeV1AyrKyPHHI0BSkH.eNYs5i', '27495 Price Prairie', 90122820, 'user', 'https://s3.amazonaws.com/uifaces/faces/twitter/S0ufi4n3/128.jpg');
INSERT INTO credit_card VALUES (6759887616989365, 'Amber_Schmidt0@hotmail.com', '2022-10-22T11:54:11.028Z', 026);
INSERT INTO pet VALUES ('Ethel', 'Amber_Schmidt0@hotmail.com', 'Gerbil', 'Optio laboriosam facilis rerum qui sit magnam.', 'Dicta labore voluptatum quo harum error eos aut autem odit.');
INSERT INTO full_time_ct VALUES ('Amber_Schmidt0@hotmail.com');
INSERT INTO ft_specializes_in VALUES ('Amber_Schmidt0@hotmail.com', 'Goat', 1);

INSERT INTO person VALUES ('Hadley_Reinger@gmail.com', 'Emily Lehner', '$2b$10$r3BD.leaooE.5vU28EYTuuBixKJ5aeV1AyrKyPHHI0BSkH.eNYs5i', '57148 Conn Freeway', 90495329, 'user', 'https://s3.amazonaws.com/uifaces/faces/twitter/tristanlegros/128.jpg');

INSERT INTO person VALUES ('Greta_OConnell25@hotmail.com', 'Maribel Toy', '$2b$10$r3BD.leaooE.5vU28EYTuuBixKJ5aeV1AyrKyPHHI0BSkH.eNYs5i', '32434 Lind Shores', 90380834, 'user', 'https://s3.amazonaws.com/uifaces/faces/twitter/terpimost/128.jpg');
INSERT INTO credit_card VALUES (5457882487654792, 'Greta_OConnell25@hotmail.com', '2025-04-23T07:58:00.892Z', 789);
INSERT INTO pet VALUES ('Tatum', 'Greta_OConnell25@hotmail.com', 'Chinchilla', 'Qui officia fugiat consectetur nobis voluptatibus omnis enim numquam.', 'Nemo maiores qui officia blanditiis incidunt quia ut.');
INSERT INTO pet VALUES ('Sabryna', 'Greta_OConnell25@hotmail.com', 'Chinchilla', 'Asperiores repellendus deserunt.', 'Voluptatem exercitationem nihil.');
INSERT INTO part_time_ct VALUES ('Greta_OConnell25@hotmail.com');
INSERT INTO pt_free_schedule VALUES ('Greta_OConnell25@hotmail.com', '2020-05-13T16:00:00.000Z', '2021-11-13T16:00:00.000Z');
INSERT INTO pt_specializes_in VALUES ('Greta_OConnell25@hotmail.com', 'Llama', 5);
INSERT INTO pt_specializes_in VALUES ('Greta_OConnell25@hotmail.com', 'Mice', 13);

INSERT INTO person VALUES ('Anabelle87@yahoo.com', 'Ludie Hoeger', '$2b$10$r3BD.leaooE.5vU28EYTuuBixKJ5aeV1AyrKyPHHI0BSkH.eNYs5i', '60800 Collier Rapid', 90778247, 'user', 'https://s3.amazonaws.com/uifaces/faces/twitter/doronmalki/128.jpg');
INSERT INTO full_time_ct VALUES ('Anabelle87@yahoo.com');
INSERT INTO ft_specializes_in VALUES ('Anabelle87@yahoo.com', 'Hamster', 4);

INSERT INTO person VALUES ('Eddie.Herzog@gmail.com', 'Dorthy Lockman', '$2b$10$r3BD.leaooE.5vU28EYTuuBixKJ5aeV1AyrKyPHHI0BSkH.eNYs5i', '370 Guillermo Spring', 90225636, 'user', 'https://s3.amazonaws.com/uifaces/faces/twitter/lisovsky/128.jpg');
INSERT INTO credit_card VALUES (5417646353441132, 'Eddie.Herzog@gmail.com', '2021-01-14T18:27:11.783Z', 224);
INSERT INTO pet VALUES ('Chasity', 'Eddie.Herzog@gmail.com', 'Bearded Dragon', 'Ut modi laborum saepe dolorem mollitia id deleniti quod dolores.', 'Modi enim cupiditate atque unde quibusdam quod.');
INSERT INTO pet VALUES ('Madeline', 'Eddie.Herzog@gmail.com', 'Bird', 'Ut quidem nostrum.', 'Aperiam perspiciatis quisquam et sint ut perferendis quia.');

INSERT INTO person VALUES ('Amara9@gmail.com', 'Lila Bartoletti', '$2b$10$r3BD.leaooE.5vU28EYTuuBixKJ5aeV1AyrKyPHHI0BSkH.eNYs5i', '3037 Keshaun Island', 90431878, 'user', 'https://s3.amazonaws.com/uifaces/faces/twitter/antonyzotov/128.jpg');
INSERT INTO credit_card VALUES (6759174556326611, 'Amara9@gmail.com', '2020-12-24T19:59:46.947Z', 921);
INSERT INTO pet VALUES ('Vinnie', 'Amara9@gmail.com', 'Goat', 'Velit reiciendis beatae veritatis sunt ipsa ut hic accusamus sit.', 'Corrupti doloribus aut vero et porro cumque corporis reprehenderit rerum.');
INSERT INTO part_time_ct VALUES ('Amara9@gmail.com');
INSERT INTO pt_free_schedule VALUES ('Amara9@gmail.com', '2020-05-13T16:00:00.000Z', '2021-11-13T16:00:00.000Z');
INSERT INTO pt_specializes_in VALUES ('Amara9@gmail.com', 'Geese (Chinese Swan Goose)', 8);
INSERT INTO pt_specializes_in VALUES ('Amara9@gmail.com', 'Mice', 13);
INSERT INTO pt_specializes_in VALUES ('Amara9@gmail.com', 'Peafowl', 11);

INSERT INTO person VALUES ('Amir_Spencer33@yahoo.com', 'Randy Gottlieb', '$2b$10$r3BD.leaooE.5vU28EYTuuBixKJ5aeV1AyrKyPHHI0BSkH.eNYs5i', '45753 Turcotte Crossroad', 90399394, 'user', 'https://s3.amazonaws.com/uifaces/faces/twitter/karthipanraj/128.jpg');

INSERT INTO person VALUES ('Eladio.Renner@yahoo.com', 'Jackeline Lemke', '$2b$10$r3BD.leaooE.5vU28EYTuuBixKJ5aeV1AyrKyPHHI0BSkH.eNYs5i', '9666 Cecelia Islands', 90683665, 'user', 'https://s3.amazonaws.com/uifaces/faces/twitter/smaczny/128.jpg');
INSERT INTO part_time_ct VALUES ('Eladio.Renner@yahoo.com');
INSERT INTO pt_free_schedule VALUES ('Eladio.Renner@yahoo.com', '2020-05-13T16:00:00.000Z', '2021-11-13T16:00:00.000Z');
INSERT INTO pt_specializes_in VALUES ('Eladio.Renner@yahoo.com', 'Guinea Pig', 19);

INSERT INTO person VALUES ('Ariane.Lueilwitz@gmail.com', 'Cesar Hettinger', '$2b$10$r3BD.leaooE.5vU28EYTuuBixKJ5aeV1AyrKyPHHI0BSkH.eNYs5i', '782 Lauren Stravenue', 90236135, 'user', 'https://s3.amazonaws.com/uifaces/faces/twitter/alxleroydeval/128.jpg');
INSERT INTO credit_card VALUES (6390934129944190, 'Ariane.Lueilwitz@gmail.com', '2021-08-27T14:18:01.765Z', 154);
INSERT INTO pet VALUES ('Marcelo', 'Ariane.Lueilwitz@gmail.com', 'Llama', 'Sit eum laborum quaerat explicabo.', 'Ut voluptates voluptatem placeat ab sed voluptas et atque optio.');
INSERT INTO full_time_ct VALUES ('Ariane.Lueilwitz@gmail.com');
INSERT INTO ft_specializes_in VALUES ('Ariane.Lueilwitz@gmail.com', 'Duck', 9);

INSERT INTO person VALUES ('Merlin_Wilderman94@gmail.com', 'Freda Kiehn', '$2b$10$r3BD.leaooE.5vU28EYTuuBixKJ5aeV1AyrKyPHHI0BSkH.eNYs5i', '7487 Chester Locks', 90988243, 'user', 'https://s3.amazonaws.com/uifaces/faces/twitter/ipavelek/128.jpg');
INSERT INTO credit_card VALUES (5116531683464713, 'Merlin_Wilderman94@gmail.com', '2021-03-08T10:43:51.651Z', 604);
INSERT INTO pet VALUES ('Zoie', 'Merlin_Wilderman94@gmail.com', 'Burro', 'Quasi quaerat numquam aperiam sit cum aut.', 'Eius temporibus fugiat voluptates adipisci ut sit dolores illum.');
INSERT INTO pet VALUES ('Veda', 'Merlin_Wilderman94@gmail.com', 'Pot Bellied Pig', 'Facilis fuga blanditiis aspernatur excepturi enim facilis error.', 'Nostrum in voluptas et iusto.');
INSERT INTO part_time_ct VALUES ('Merlin_Wilderman94@gmail.com');
INSERT INTO pt_free_schedule VALUES ('Merlin_Wilderman94@gmail.com', '2020-05-13T16:00:00.000Z', '2021-11-13T16:00:00.000Z');
INSERT INTO pt_specializes_in VALUES ('Merlin_Wilderman94@gmail.com', 'Ponie', 16);

INSERT INTO person VALUES ('Enrico53@yahoo.com', 'Connie Conroy', '$2b$10$r3BD.leaooE.5vU28EYTuuBixKJ5aeV1AyrKyPHHI0BSkH.eNYs5i', '149 Howe Lodge', 90946785, 'user', 'https://s3.amazonaws.com/uifaces/faces/twitter/colgruv/128.jpg');
INSERT INTO credit_card VALUES (6759212857584014, 'Enrico53@yahoo.com', '2023-05-10T16:12:46.535Z', 730);
INSERT INTO pet VALUES ('Orrin', 'Enrico53@yahoo.com', 'Chicken', 'Consequatur asperiores eius esse id sunt et.', 'Voluptates nobis qui incidunt.');
INSERT INTO pet VALUES ('Efren', 'Enrico53@yahoo.com', 'Duck', 'Voluptatem sit facere et accusamus.', 'Molestiae magnam officiis aspernatur omnis odit.');

INSERT INTO person VALUES ('Elmira.Murray@hotmail.com', 'Thea Carroll', '$2b$10$r3BD.leaooE.5vU28EYTuuBixKJ5aeV1AyrKyPHHI0BSkH.eNYs5i', '77925 Oliver Field', 90440900, 'user', 'https://s3.amazonaws.com/uifaces/faces/twitter/mbilderbach/128.jpg');
INSERT INTO part_time_ct VALUES ('Elmira.Murray@hotmail.com');
INSERT INTO pt_free_schedule VALUES ('Elmira.Murray@hotmail.com', '2020-05-13T16:00:00.000Z', '2021-11-13T16:00:00.000Z');
INSERT INTO pt_specializes_in VALUES ('Elmira.Murray@hotmail.com', 'Burro', 16);
INSERT INTO pt_specializes_in VALUES ('Elmira.Murray@hotmail.com', 'Chinese Water Dragon', 15);
INSERT INTO pt_specializes_in VALUES ('Elmira.Murray@hotmail.com', 'Duck', 1);

INSERT INTO person VALUES ('Marjolaine_Abshire@gmail.com', 'Micheal Kemmer', '$2b$10$r3BD.leaooE.5vU28EYTuuBixKJ5aeV1AyrKyPHHI0BSkH.eNYs5i', '462 Lang Trail', 90610651, 'user', 'https://s3.amazonaws.com/uifaces/faces/twitter/ecommerceil/128.jpg');
INSERT INTO credit_card VALUES (3528118628198326, 'Marjolaine_Abshire@gmail.com', '2020-11-26T19:25:53.144Z', 130);
INSERT INTO pet VALUES ('Elliott', 'Marjolaine_Abshire@gmail.com', 'Guinea Pig', 'Et quo sunt animi incidunt aut at autem.', 'Nisi temporibus adipisci eaque molestiae est aliquid.');
INSERT INTO pet VALUES ('Mckayla', 'Marjolaine_Abshire@gmail.com', 'Duck', 'Et fugit et fuga voluptatem reiciendis molestias reiciendis adipisci.', 'Dignissimos enim est iste perspiciatis.');
INSERT INTO full_time_ct VALUES ('Marjolaine_Abshire@gmail.com');
INSERT INTO ft_specializes_in VALUES ('Marjolaine_Abshire@gmail.com', 'Bird', 1);
INSERT INTO ft_specializes_in VALUES ('Marjolaine_Abshire@gmail.com', 'Lizard', 19);
INSERT INTO ft_specializes_in VALUES ('Marjolaine_Abshire@gmail.com', 'Pig', 18);

INSERT INTO person VALUES ('Camylle.Botsford@gmail.com', 'Madelyn Skiles', '$2b$10$r3BD.leaooE.5vU28EYTuuBixKJ5aeV1AyrKyPHHI0BSkH.eNYs5i', '15385 Cummings Mills', 90667220, 'user', 'https://s3.amazonaws.com/uifaces/faces/twitter/stalewine/128.jpg');
INSERT INTO credit_card VALUES (376095330090560, 'Camylle.Botsford@gmail.com', '2021-12-18T01:55:21.020Z', 222);
INSERT INTO pet VALUES ('Sigurd', 'Camylle.Botsford@gmail.com', 'Chicken', 'Nesciunt molestiae commodi culpa earum perspiciatis id.', 'Earum sequi impedit atque ad doloribus adipisci hic.');

INSERT INTO person VALUES ('Amani.Waelchi@yahoo.com', 'Heather Beier', '$2b$10$r3BD.leaooE.5vU28EYTuuBixKJ5aeV1AyrKyPHHI0BSkH.eNYs5i', '156 Aniyah Square', 90083166, 'user', 'https://s3.amazonaws.com/uifaces/faces/twitter/bargaorobalo/128.jpg');

INSERT INTO person VALUES ('Willow91@hotmail.com', 'Kayden Weimann', '$2b$10$r3BD.leaooE.5vU28EYTuuBixKJ5aeV1AyrKyPHHI0BSkH.eNYs5i', '1618 Kian Summit', 90586937, 'user', 'https://s3.amazonaws.com/uifaces/faces/twitter/imammuht/128.jpg');
INSERT INTO credit_card VALUES (373443971848659, 'Willow91@hotmail.com', '2025-03-03T10:39:28.444Z', 827);
INSERT INTO pet VALUES ('Shane', 'Willow91@hotmail.com', 'Geese (Chinese Swan Goose)', 'Consequatur magni distinctio odit qui alias quae et temporibus.', 'Qui laboriosam quia eum pariatur hic quod nihil.');
INSERT INTO pet VALUES ('Alek', 'Willow91@hotmail.com', 'Pigeon', 'In mollitia ut impedit ullam doloribus nihil vel.', 'Optio et et sed.');
INSERT INTO full_time_ct VALUES ('Willow91@hotmail.com');
INSERT INTO ft_specializes_in VALUES ('Willow91@hotmail.com', 'Hog', 16);

INSERT INTO person VALUES ('Palma_Corwin14@yahoo.com', 'Earlene Mayer', '$2b$10$r3BD.leaooE.5vU28EYTuuBixKJ5aeV1AyrKyPHHI0BSkH.eNYs5i', '8868 Asha Bypass', 90000300, 'user', 'https://s3.amazonaws.com/uifaces/faces/twitter/thomasschrijer/128.jpg');

INSERT INTO person VALUES ('Brandyn97@yahoo.com', 'Jessika Larkin', '$2b$10$r3BD.leaooE.5vU28EYTuuBixKJ5aeV1AyrKyPHHI0BSkH.eNYs5i', '20909 Torey Course', 90126675, 'user', 'https://s3.amazonaws.com/uifaces/faces/twitter/raquelwilson/128.jpg');
INSERT INTO part_time_ct VALUES ('Brandyn97@yahoo.com');
INSERT INTO pt_free_schedule VALUES ('Brandyn97@yahoo.com', '2020-05-13T16:00:00.000Z', '2021-11-13T16:00:00.000Z');
INSERT INTO pt_specializes_in VALUES ('Brandyn97@yahoo.com', 'Bird', 7);
INSERT INTO pt_specializes_in VALUES ('Brandyn97@yahoo.com', 'Ponie', 9);

INSERT INTO person VALUES ('Thad.Reichel@yahoo.com', 'Nayeli Treutel', '$2b$10$r3BD.leaooE.5vU28EYTuuBixKJ5aeV1AyrKyPHHI0BSkH.eNYs5i', '174 Hills Coves', 90631966, 'user', 'https://s3.amazonaws.com/uifaces/faces/twitter/jennyyo/128.jpg');
INSERT INTO credit_card VALUES (4884789176744578, 'Thad.Reichel@yahoo.com', '2022-08-13T04:04:12.149Z', 261);
INSERT INTO pet VALUES ('Cristobal', 'Thad.Reichel@yahoo.com', 'Pigeon', 'A sint dolores.', 'Laboriosam vero et nobis quisquam explicabo voluptate labore totam animi.');

INSERT INTO person VALUES ('Edmund_Sauer94@hotmail.com', 'Violette Wunsch', '$2b$10$r3BD.leaooE.5vU28EYTuuBixKJ5aeV1AyrKyPHHI0BSkH.eNYs5i', '5864 Graciela Highway', 90360210, 'user', 'https://s3.amazonaws.com/uifaces/faces/twitter/sydlawrence/128.jpg');
INSERT INTO credit_card VALUES (5408417643077665, 'Edmund_Sauer94@hotmail.com', '2024-04-30T04:22:45.532Z', 428);
INSERT INTO pet VALUES ('Quinn', 'Edmund_Sauer94@hotmail.com', 'Bird', 'Nam ea reiciendis excepturi suscipit ea voluptate ducimus modi.', 'Sapiente explicabo id.');
INSERT INTO pet VALUES ('Jordy', 'Edmund_Sauer94@hotmail.com', 'Gecko', 'Quaerat unde nulla in in ea corrupti molestiae.', 'Temporibus numquam doloremque dolorem dolores sunt enim consequatur tempora velit.');
INSERT INTO full_time_ct VALUES ('Edmund_Sauer94@hotmail.com');
INSERT INTO ft_specializes_in VALUES ('Edmund_Sauer94@hotmail.com', 'Chinchilla', 7);
INSERT INTO ft_specializes_in VALUES ('Edmund_Sauer94@hotmail.com', 'Hog', 14);

INSERT INTO person VALUES ('Edison.Hayes@hotmail.com', 'Camryn Howe', '$2b$10$r3BD.leaooE.5vU28EYTuuBixKJ5aeV1AyrKyPHHI0BSkH.eNYs5i', '113 Hamill Course', 90424111, 'user', 'https://s3.amazonaws.com/uifaces/faces/twitter/ryuchi311/128.jpg');

INSERT INTO person VALUES ('Haylee83@gmail.com', 'Lurline Cronin', '$2b$10$r3BD.leaooE.5vU28EYTuuBixKJ5aeV1AyrKyPHHI0BSkH.eNYs5i', '716 Medhurst Grove', 90996639, 'user', 'https://s3.amazonaws.com/uifaces/faces/twitter/mylesb/128.jpg');

INSERT INTO person VALUES ('Jermaine55@yahoo.com', 'Jaylan Huels', '$2b$10$r3BD.leaooE.5vU28EYTuuBixKJ5aeV1AyrKyPHHI0BSkH.eNYs5i', '2784 Rasheed Summit', 90803141, 'user', 'https://s3.amazonaws.com/uifaces/faces/twitter/mattsapii/128.jpg');

INSERT INTO person VALUES ('Haven_Mann13@gmail.com', 'Oda Volkman', '$2b$10$r3BD.leaooE.5vU28EYTuuBixKJ5aeV1AyrKyPHHI0BSkH.eNYs5i', '14716 Rath Bridge', 90384364, 'user', 'https://s3.amazonaws.com/uifaces/faces/twitter/hfalucas/128.jpg');
INSERT INTO credit_card VALUES (6761546955648189, 'Haven_Mann13@gmail.com', '2024-02-02T22:29:49.678Z', 738);
INSERT INTO pet VALUES ('Elva', 'Haven_Mann13@gmail.com', 'Mule', 'Aliquid consectetur delectus nobis sequi id temporibus fugiat.', 'Id vero deleniti cupiditate.');
INSERT INTO pet VALUES ('Frank', 'Haven_Mann13@gmail.com', 'Mice', 'Illum vero hic.', 'Fugit sit et magnam blanditiis commodi blanditiis et esse quisquam.');
INSERT INTO full_time_ct VALUES ('Haven_Mann13@gmail.com');
INSERT INTO ft_specializes_in VALUES ('Haven_Mann13@gmail.com', 'Chinese Water Dragon', 5);
INSERT INTO ft_specializes_in VALUES ('Haven_Mann13@gmail.com', 'Donkey', 10);

INSERT INTO person VALUES ('Yazmin17@yahoo.com', 'Daija Torphy', '$2b$10$r3BD.leaooE.5vU28EYTuuBixKJ5aeV1AyrKyPHHI0BSkH.eNYs5i', '6275 Mante Mount', 90772329, 'user', 'https://s3.amazonaws.com/uifaces/faces/twitter/nbirckel/128.jpg');
INSERT INTO full_time_ct VALUES ('Yazmin17@yahoo.com');
INSERT INTO ft_specializes_in VALUES ('Yazmin17@yahoo.com', 'Guinea Pig', 5);
INSERT INTO ft_specializes_in VALUES ('Yazmin17@yahoo.com', 'Horse', 3);

INSERT INTO person VALUES ('Travon56@hotmail.com', 'Patience Barrows', '$2b$10$r3BD.leaooE.5vU28EYTuuBixKJ5aeV1AyrKyPHHI0BSkH.eNYs5i', '4484 Konopelski Avenue', 90426439, 'user', 'https://s3.amazonaws.com/uifaces/faces/twitter/ankitind/128.jpg');
INSERT INTO credit_card VALUES (4883545951302, 'Travon56@hotmail.com', '2022-10-23T04:48:21.121Z', 772);
INSERT INTO pet VALUES ('Rebeka', 'Travon56@hotmail.com', 'Duck', 'Ut explicabo sapiente iste ut.', 'Molestiae qui unde dolorem aspernatur.');
INSERT INTO pet VALUES ('Claudine', 'Travon56@hotmail.com', 'Hamster', 'Quia sit perferendis voluptate ipsam inventore consectetur ut exercitationem.', 'Ea molestiae eveniet sint enim rerum minima debitis.');
INSERT INTO part_time_ct VALUES ('Travon56@hotmail.com');
INSERT INTO pt_free_schedule VALUES ('Travon56@hotmail.com', '2020-05-13T16:00:00.000Z', '2021-11-13T16:00:00.000Z');
INSERT INTO pt_specializes_in VALUES ('Travon56@hotmail.com', 'Chinese Water Dragon', 1);

INSERT INTO person VALUES ('Jeffrey.Ebert@gmail.com', 'Davon Schiller', '$2b$10$r3BD.leaooE.5vU28EYTuuBixKJ5aeV1AyrKyPHHI0BSkH.eNYs5i', '78040 Rau Knolls', 90388072, 'user', 'https://s3.amazonaws.com/uifaces/faces/twitter/d33pthought/128.jpg');
INSERT INTO credit_card VALUES (3529332413883298, 'Jeffrey.Ebert@gmail.com', '2020-11-16T21:44:52.161Z', 890);
INSERT INTO pet VALUES ('Kylee', 'Jeffrey.Ebert@gmail.com', 'Iguana', 'Dicta iste consectetur distinctio molestiae.', 'Et necessitatibus ipsum.');
INSERT INTO pet VALUES ('Lavinia', 'Jeffrey.Ebert@gmail.com', 'Goat', 'Sed ratione qui qui officia iure.', 'Dolore qui eaque sed aut ut iure facilis.');
INSERT INTO part_time_ct VALUES ('Jeffrey.Ebert@gmail.com');
INSERT INTO pt_free_schedule VALUES ('Jeffrey.Ebert@gmail.com', '2020-05-13T16:00:00.000Z', '2021-11-13T16:00:00.000Z');
INSERT INTO pt_specializes_in VALUES ('Jeffrey.Ebert@gmail.com', 'Gecko', 19);
INSERT INTO pt_specializes_in VALUES ('Jeffrey.Ebert@gmail.com', 'Llama', 10);
INSERT INTO pt_specializes_in VALUES ('Jeffrey.Ebert@gmail.com', 'Pigeon', 14);

INSERT INTO person VALUES ('Georgiana_Doyle4@hotmail.com', 'Eliza Witting', '$2b$10$r3BD.leaooE.5vU28EYTuuBixKJ5aeV1AyrKyPHHI0BSkH.eNYs5i', '4909 Hamill Plaza', 90676769, 'user', 'https://s3.amazonaws.com/uifaces/faces/twitter/spedwig/128.jpg');
INSERT INTO credit_card VALUES (5018385087069346, 'Georgiana_Doyle4@hotmail.com', '2023-01-13T19:02:24.438Z', 492);
INSERT INTO pet VALUES ('Raquel', 'Georgiana_Doyle4@hotmail.com', 'Rabbit', 'Harum et minus aut rerum perspiciatis consequatur voluptas natus.', 'Officiis vitae quo quisquam quae a nesciunt.');
INSERT INTO pet VALUES ('Walter', 'Georgiana_Doyle4@hotmail.com', 'Goat', 'Molestiae quaerat corporis eum earum hic.', 'Sequi quibusdam possimus aut aut.');

INSERT INTO person VALUES ('Breanne.Weber17@hotmail.com', 'Dwight Prohaska', '$2b$10$r3BD.leaooE.5vU28EYTuuBixKJ5aeV1AyrKyPHHI0BSkH.eNYs5i', '3661 Carroll Hollow', 90122661, 'user', 'https://s3.amazonaws.com/uifaces/faces/twitter/notbadart/128.jpg');

INSERT INTO person VALUES ('Maurine11@hotmail.com', 'Uriah Cruickshank', '$2b$10$r3BD.leaooE.5vU28EYTuuBixKJ5aeV1AyrKyPHHI0BSkH.eNYs5i', '495 Friedrich Alley', 90813142, 'user', 'https://s3.amazonaws.com/uifaces/faces/twitter/anaami/128.jpg');

INSERT INTO person VALUES ('Wilford95@gmail.com', 'Haskell Schmeler', '$2b$10$r3BD.leaooE.5vU28EYTuuBixKJ5aeV1AyrKyPHHI0BSkH.eNYs5i', '026 Ophelia Streets', 90639587, 'user', 'https://s3.amazonaws.com/uifaces/faces/twitter/vinciarts/128.jpg');
INSERT INTO credit_card VALUES (6384035996775869, 'Wilford95@gmail.com', '2023-02-27T14:39:42.289Z', 703);
INSERT INTO pet VALUES ('Gordon', 'Wilford95@gmail.com', 'Iguana', 'Consequatur et qui distinctio veniam.', 'Consequatur sit impedit in.');
INSERT INTO pet VALUES ('Hillary', 'Wilford95@gmail.com', 'Goat', 'Doloribus tempora et non in totam.', 'Sunt dolorem repellat odit asperiores neque.');

INSERT INTO person VALUES ('Allen53@hotmail.com', 'Irma Hilpert', '$2b$10$r3BD.leaooE.5vU28EYTuuBixKJ5aeV1AyrKyPHHI0BSkH.eNYs5i', '35080 Remington Road', 90573236, 'user', 'https://s3.amazonaws.com/uifaces/faces/twitter/ashernatali/128.jpg');
INSERT INTO credit_card VALUES (5401261658349661, 'Allen53@hotmail.com', '2021-04-10T21:01:06.796Z', 475);
INSERT INTO pet VALUES ('Melissa', 'Allen53@hotmail.com', 'Gerbil', 'Culpa tempora officia facilis eos voluptatum.', 'Voluptas eum asperiores soluta et.');
INSERT INTO pet VALUES ('Russel', 'Allen53@hotmail.com', 'Rabbit', 'Velit voluptate nisi fuga adipisci error laudantium sint.', 'Explicabo quas quod dolore quo eum natus eaque id.');

INSERT INTO person VALUES ('Demarcus_Morar53@gmail.com', 'Effie Goodwin', '$2b$10$r3BD.leaooE.5vU28EYTuuBixKJ5aeV1AyrKyPHHI0BSkH.eNYs5i', '51514 Cummerata Ridges', 90322479, 'user', 'https://s3.amazonaws.com/uifaces/faces/twitter/drewbyreese/128.jpg');

INSERT INTO person VALUES ('Annie.Balistreri@gmail.com', 'Roxane Steuber', '$2b$10$r3BD.leaooE.5vU28EYTuuBixKJ5aeV1AyrKyPHHI0BSkH.eNYs5i', '6299 Brad Row', 90384442, 'user', 'https://s3.amazonaws.com/uifaces/faces/twitter/afusinatto/128.jpg');
INSERT INTO credit_card VALUES (6304638509590324, 'Annie.Balistreri@gmail.com', '2021-08-15T03:19:03.620Z', 507);
INSERT INTO pet VALUES ('Kelli', 'Annie.Balistreri@gmail.com', 'Ponie', 'Suscipit omnis sint enim odit est iste quas voluptatem omnis.', 'Veniam aut voluptate assumenda.');
INSERT INTO pet VALUES ('Erwin', 'Annie.Balistreri@gmail.com', 'Burro', 'Aliquid expedita aut ut repudiandae quia debitis.', 'Sed maiores eveniet quae itaque.');

INSERT INTO person VALUES ('Liliana.Gerhold89@hotmail.com', 'Vivianne Predovic', '$2b$10$r3BD.leaooE.5vU28EYTuuBixKJ5aeV1AyrKyPHHI0BSkH.eNYs5i', '95054 Duncan Coves', 90330250, 'user', 'https://s3.amazonaws.com/uifaces/faces/twitter/kojourin/128.jpg');

INSERT INTO person VALUES ('Marcelle_Breitenberg@gmail.com', 'Spencer Harris', '$2b$10$r3BD.leaooE.5vU28EYTuuBixKJ5aeV1AyrKyPHHI0BSkH.eNYs5i', '56228 Carmel Isle', 90304012, 'user', 'https://s3.amazonaws.com/uifaces/faces/twitter/joemdesign/128.jpg');
INSERT INTO part_time_ct VALUES ('Marcelle_Breitenberg@gmail.com');
INSERT INTO pt_free_schedule VALUES ('Marcelle_Breitenberg@gmail.com', '2020-05-13T16:00:00.000Z', '2021-11-13T16:00:00.000Z');
INSERT INTO pt_specializes_in VALUES ('Marcelle_Breitenberg@gmail.com', 'Ferret', 7);
INSERT INTO pt_specializes_in VALUES ('Marcelle_Breitenberg@gmail.com', 'Hamster', 0);
INSERT INTO pt_specializes_in VALUES ('Marcelle_Breitenberg@gmail.com', 'Mule', 3);

INSERT INTO person VALUES ('Brant_Denesik17@hotmail.com', 'Lois Herman', '$2b$10$r3BD.leaooE.5vU28EYTuuBixKJ5aeV1AyrKyPHHI0BSkH.eNYs5i', '42342 Murphy Rapid', 90392826, 'user', 'https://s3.amazonaws.com/uifaces/faces/twitter/bobbytwoshoes/128.jpg');
INSERT INTO full_time_ct VALUES ('Brant_Denesik17@hotmail.com');
INSERT INTO ft_specializes_in VALUES ('Brant_Denesik17@hotmail.com', 'Cow', 13);
INSERT INTO ft_specializes_in VALUES ('Brant_Denesik17@hotmail.com', 'Horse', 4);
INSERT INTO ft_specializes_in VALUES ('Brant_Denesik17@hotmail.com', 'Pig', 15);

INSERT INTO person VALUES ('Brant_Heidenreich81@hotmail.com', 'Destiney Schmitt', '$2b$10$r3BD.leaooE.5vU28EYTuuBixKJ5aeV1AyrKyPHHI0BSkH.eNYs5i', '272 Bergnaum Overpass', 90195399, 'user', 'https://s3.amazonaws.com/uifaces/faces/twitter/mactopus/128.jpg');
INSERT INTO part_time_ct VALUES ('Brant_Heidenreich81@hotmail.com');
INSERT INTO pt_free_schedule VALUES ('Brant_Heidenreich81@hotmail.com', '2020-05-13T16:00:00.000Z', '2021-11-13T16:00:00.000Z');
INSERT INTO pt_specializes_in VALUES ('Brant_Heidenreich81@hotmail.com', 'Chinese Water Dragon', 20);
INSERT INTO pt_specializes_in VALUES ('Brant_Heidenreich81@hotmail.com', 'Llama', 1);
INSERT INTO pt_specializes_in VALUES ('Brant_Heidenreich81@hotmail.com', 'Lizard', 3);

INSERT INTO person VALUES ('Loy85@gmail.com', 'Linnea Turner', '$2b$10$r3BD.leaooE.5vU28EYTuuBixKJ5aeV1AyrKyPHHI0BSkH.eNYs5i', '567 Mary Station', 90212642, 'user', 'https://s3.amazonaws.com/uifaces/faces/twitter/jacobbennett/128.jpg');
INSERT INTO credit_card VALUES (6496622528126427, 'Loy85@gmail.com', '2021-04-01T08:21:56.689Z', 299);
INSERT INTO pet VALUES ('Vladimir', 'Loy85@gmail.com', 'Ferret', 'Optio qui corrupti.', 'Ex nam soluta accusamus.');
INSERT INTO pet VALUES ('Wilford', 'Loy85@gmail.com', 'Chameleons (Veiled)', 'Quam vel accusantium sint.', 'Ex quis voluptas neque nam officiis quidem beatae dolorem minima.');
INSERT INTO part_time_ct VALUES ('Loy85@gmail.com');
INSERT INTO pt_free_schedule VALUES ('Loy85@gmail.com', '2020-05-13T16:00:00.000Z', '2021-11-13T16:00:00.000Z');
INSERT INTO pt_specializes_in VALUES ('Loy85@gmail.com', 'Horse', 10);
INSERT INTO pt_specializes_in VALUES ('Loy85@gmail.com', 'Mice', 16);

INSERT INTO person VALUES ('Anastacio_Rogahn1@yahoo.com', 'Ova Borer', '$2b$10$r3BD.leaooE.5vU28EYTuuBixKJ5aeV1AyrKyPHHI0BSkH.eNYs5i', '7408 Krystal Park', 90206206, 'user', 'https://s3.amazonaws.com/uifaces/faces/twitter/bobbytwoshoes/128.jpg');
INSERT INTO full_time_ct VALUES ('Anastacio_Rogahn1@yahoo.com');
INSERT INTO ft_specializes_in VALUES ('Anastacio_Rogahn1@yahoo.com', 'Ferret', 2);
INSERT INTO ft_specializes_in VALUES ('Anastacio_Rogahn1@yahoo.com', 'Fish', 18);
INSERT INTO ft_specializes_in VALUES ('Anastacio_Rogahn1@yahoo.com', 'Gerbil', 0);

INSERT INTO person VALUES ('Mario.Welch13@hotmail.com', 'Lolita Johns', '$2b$10$r3BD.leaooE.5vU28EYTuuBixKJ5aeV1AyrKyPHHI0BSkH.eNYs5i', '0509 Brock Port', 90613424, 'user', 'https://s3.amazonaws.com/uifaces/faces/twitter/matthewkay_/128.jpg');
INSERT INTO credit_card VALUES (4135448944342, 'Mario.Welch13@hotmail.com', '2021-06-23T01:27:09.325Z', 754);
INSERT INTO pet VALUES ('Leta', 'Mario.Welch13@hotmail.com', 'Gecko', 'Ducimus eligendi eum facere quia accusamus excepturi magnam iste omnis.', 'Enim odit qui quas ipsam voluptatem.');

INSERT INTO person VALUES ('Aniyah95@yahoo.com', 'Layla Graham', '$2b$10$r3BD.leaooE.5vU28EYTuuBixKJ5aeV1AyrKyPHHI0BSkH.eNYs5i', '4683 Jaskolski Lights', 90171404, 'user', 'https://s3.amazonaws.com/uifaces/faces/twitter/adhamdannaway/128.jpg');
INSERT INTO credit_card VALUES (6771899544096238, 'Aniyah95@yahoo.com', '2024-10-19T07:58:40.434Z', 788);
INSERT INTO pet VALUES ('Paxton', 'Aniyah95@yahoo.com', 'Guinea Fowl', 'Earum et sed ut voluptatum quia.', 'Nisi necessitatibus dolore laboriosam blanditiis et eum.');
INSERT INTO pet VALUES ('Ignatius', 'Aniyah95@yahoo.com', 'Bearded Dragon', 'Est laudantium veritatis ratione qui itaque.', 'Mollitia non officia minima.');
INSERT INTO part_time_ct VALUES ('Aniyah95@yahoo.com');
INSERT INTO pt_free_schedule VALUES ('Aniyah95@yahoo.com', '2020-05-13T16:00:00.000Z', '2021-11-13T16:00:00.000Z');
INSERT INTO pt_specializes_in VALUES ('Aniyah95@yahoo.com', 'Burro', 0);

INSERT INTO person VALUES ('Claud_Harber97@hotmail.com', 'Gracie Hackett', '$2b$10$r3BD.leaooE.5vU28EYTuuBixKJ5aeV1AyrKyPHHI0BSkH.eNYs5i', '847 Kertzmann Dale', 90548712, 'user', 'https://s3.amazonaws.com/uifaces/faces/twitter/xalionmalik/128.jpg');

INSERT INTO person VALUES ('Emory.Kunze@yahoo.com', 'Marcos Schaefer', '$2b$10$r3BD.leaooE.5vU28EYTuuBixKJ5aeV1AyrKyPHHI0BSkH.eNYs5i', '83597 Volkman Cliffs', 90666550, 'user', 'https://s3.amazonaws.com/uifaces/faces/twitter/iamgarth/128.jpg');
INSERT INTO full_time_ct VALUES ('Emory.Kunze@yahoo.com');
INSERT INTO ft_specializes_in VALUES ('Emory.Kunze@yahoo.com', 'Duck', 10);
INSERT INTO ft_specializes_in VALUES ('Emory.Kunze@yahoo.com', 'Gecko', 1);
INSERT INTO ft_specializes_in VALUES ('Emory.Kunze@yahoo.com', 'Peafowl', 7);

INSERT INTO person VALUES ('Dudley.Schaefer38@yahoo.com', 'Tommie Pouros', '$2b$10$r3BD.leaooE.5vU28EYTuuBixKJ5aeV1AyrKyPHHI0BSkH.eNYs5i', '51977 Ahmed Unions', 90742386, 'user', 'https://s3.amazonaws.com/uifaces/faces/twitter/lanceguyatt/128.jpg');
INSERT INTO credit_card VALUES (6767247143404117, 'Dudley.Schaefer38@yahoo.com', '2024-11-18T15:29:27.935Z', 697);
INSERT INTO pet VALUES ('Easter', 'Dudley.Schaefer38@yahoo.com', 'Goat', 'Unde doloribus consectetur error a.', 'Autem sapiente mollitia qui amet unde.');
INSERT INTO part_time_ct VALUES ('Dudley.Schaefer38@yahoo.com');
INSERT INTO pt_free_schedule VALUES ('Dudley.Schaefer38@yahoo.com', '2020-05-13T16:00:00.000Z', '2021-11-13T16:00:00.000Z');
INSERT INTO pt_specializes_in VALUES ('Dudley.Schaefer38@yahoo.com', 'Chameleons (Veiled)', 15);
INSERT INTO pt_specializes_in VALUES ('Dudley.Schaefer38@yahoo.com', 'Guinea Fowl', 12);
INSERT INTO pt_specializes_in VALUES ('Dudley.Schaefer38@yahoo.com', 'Iguana', 4);

INSERT INTO person VALUES ('Antonette.Boyer@gmail.com', 'Rigoberto Gleason', '$2b$10$r3BD.leaooE.5vU28EYTuuBixKJ5aeV1AyrKyPHHI0BSkH.eNYs5i', '796 Parker Dale', 90197159, 'user', 'https://s3.amazonaws.com/uifaces/faces/twitter/dawidwu/128.jpg');
INSERT INTO credit_card VALUES (6376386633060373, 'Antonette.Boyer@gmail.com', '2023-09-08T20:22:32.263Z', 590);
INSERT INTO pet VALUES ('Onie', 'Antonette.Boyer@gmail.com', 'Llama', 'Alias sequi ut nobis consequatur.', 'Tempore iure eius tempora aliquid neque in assumenda accusamus.');
INSERT INTO pet VALUES ('Vilma', 'Antonette.Boyer@gmail.com', 'Hedgehog', 'Aut autem assumenda eligendi quia necessitatibus laborum rem animi.', 'Quisquam sequi explicabo odit enim non laborum sint.');

INSERT INTO person VALUES ('Mona_Rohan@hotmail.com', 'Josiah Hamill', '$2b$10$r3BD.leaooE.5vU28EYTuuBixKJ5aeV1AyrKyPHHI0BSkH.eNYs5i', '31434 Geo Spring', 90128229, 'user', 'https://s3.amazonaws.com/uifaces/faces/twitter/noxdzine/128.jpg');
INSERT INTO credit_card VALUES (370724427762510, 'Mona_Rohan@hotmail.com', '2025-03-20T00:09:09.344Z', 453);
INSERT INTO pet VALUES ('Darrel', 'Mona_Rohan@hotmail.com', 'Hedgehog', 'Sunt nostrum minus voluptatem doloremque.', 'Ut quos deserunt.');
INSERT INTO pet VALUES ('Carlotta', 'Mona_Rohan@hotmail.com', 'Llama', 'Dolores facere rerum minus error molestiae dolore nemo.', 'Autem nostrum facilis nesciunt assumenda nisi similique error iste.');
INSERT INTO part_time_ct VALUES ('Mona_Rohan@hotmail.com');
INSERT INTO pt_free_schedule VALUES ('Mona_Rohan@hotmail.com', '2020-05-13T16:00:00.000Z', '2021-11-13T16:00:00.000Z');
INSERT INTO pt_specializes_in VALUES ('Mona_Rohan@hotmail.com', 'Chameleons (Veiled)', 11);
INSERT INTO pt_specializes_in VALUES ('Mona_Rohan@hotmail.com', 'Cow', 11);
INSERT INTO pt_specializes_in VALUES ('Mona_Rohan@hotmail.com', 'Hedgehog', 8);

INSERT INTO person VALUES ('Neva.Weissnat@gmail.com', 'Haskell Hegmann', '$2b$10$r3BD.leaooE.5vU28EYTuuBixKJ5aeV1AyrKyPHHI0BSkH.eNYs5i', '6469 Schaden Island', 90649194, 'user', 'https://s3.amazonaws.com/uifaces/faces/twitter/geshan/128.jpg');

INSERT INTO person VALUES ('Dolores.Gaylord@hotmail.com', 'Wallace Keebler', '$2b$10$r3BD.leaooE.5vU28EYTuuBixKJ5aeV1AyrKyPHHI0BSkH.eNYs5i', '2084 Remington Passage', 90724414, 'user', 'https://s3.amazonaws.com/uifaces/faces/twitter/jydesign/128.jpg');
INSERT INTO part_time_ct VALUES ('Dolores.Gaylord@hotmail.com');
INSERT INTO pt_free_schedule VALUES ('Dolores.Gaylord@hotmail.com', '2020-05-13T16:00:00.000Z', '2021-11-13T16:00:00.000Z');
INSERT INTO pt_specializes_in VALUES ('Dolores.Gaylord@hotmail.com', 'Bird', 0);
INSERT INTO pt_specializes_in VALUES ('Dolores.Gaylord@hotmail.com', 'Pig', 4);
INSERT INTO pt_specializes_in VALUES ('Dolores.Gaylord@hotmail.com', 'Pigeon', 6);

INSERT INTO person VALUES ('Ebony21@gmail.com', 'Hipolito Gorczany', '$2b$10$r3BD.leaooE.5vU28EYTuuBixKJ5aeV1AyrKyPHHI0BSkH.eNYs5i', '649 Haley Vista', 90432451, 'user', 'https://s3.amazonaws.com/uifaces/faces/twitter/erwanhesry/128.jpg');
INSERT INTO part_time_ct VALUES ('Ebony21@gmail.com');
INSERT INTO pt_free_schedule VALUES ('Ebony21@gmail.com', '2020-05-13T16:00:00.000Z', '2021-11-13T16:00:00.000Z');
INSERT INTO pt_specializes_in VALUES ('Ebony21@gmail.com', 'Burro', 10);

INSERT INTO person VALUES ('Green.Waters@gmail.com', 'Lenny Cormier', '$2b$10$r3BD.leaooE.5vU28EYTuuBixKJ5aeV1AyrKyPHHI0BSkH.eNYs5i', '15180 Iva Islands', 90315322, 'user', 'https://s3.amazonaws.com/uifaces/faces/twitter/Talbi_ConSept/128.jpg');

INSERT INTO person VALUES ('Prince90@gmail.com', 'Isadore Denesik', '$2b$10$r3BD.leaooE.5vU28EYTuuBixKJ5aeV1AyrKyPHHI0BSkH.eNYs5i', '841 Kris Center', 90234212, 'user', 'https://s3.amazonaws.com/uifaces/faces/twitter/bpartridge/128.jpg');

INSERT INTO person VALUES ('Tressie.Johnston6@hotmail.com', 'Percy Muller', '$2b$10$r3BD.leaooE.5vU28EYTuuBixKJ5aeV1AyrKyPHHI0BSkH.eNYs5i', '9815 Hortense Squares', 90813783, 'user', 'https://s3.amazonaws.com/uifaces/faces/twitter/heyimjuani/128.jpg');
INSERT INTO part_time_ct VALUES ('Tressie.Johnston6@hotmail.com');
INSERT INTO pt_free_schedule VALUES ('Tressie.Johnston6@hotmail.com', '2020-05-13T16:00:00.000Z', '2021-11-13T16:00:00.000Z');
INSERT INTO pt_specializes_in VALUES ('Tressie.Johnston6@hotmail.com', 'Guinea Fowl', 4);
INSERT INTO pt_specializes_in VALUES ('Tressie.Johnston6@hotmail.com', 'Horse', 8);
INSERT INTO pt_specializes_in VALUES ('Tressie.Johnston6@hotmail.com', 'Lizard', 12);

INSERT INTO person VALUES ('Neal50@yahoo.com', 'Helen Fritsch', '$2b$10$r3BD.leaooE.5vU28EYTuuBixKJ5aeV1AyrKyPHHI0BSkH.eNYs5i', '82551 Ross Roads', 90771546, 'user', 'https://s3.amazonaws.com/uifaces/faces/twitter/lanceguyatt/128.jpg');
INSERT INTO credit_card VALUES (6447109897727338, 'Neal50@yahoo.com', '2021-06-08T06:24:35.041Z', 791);
INSERT INTO pet VALUES ('Sadye', 'Neal50@yahoo.com', 'Ponie', 'Repellendus maiores quos et totam animi ducimus.', 'Cum esse aliquid in omnis quisquam sint voluptas sit porro.');
INSERT INTO pet VALUES ('Rylan', 'Neal50@yahoo.com', 'Mice', 'Autem quam voluptatem.', 'Velit est nihil provident iure pariatur qui consectetur consequatur voluptatem.');
INSERT INTO full_time_ct VALUES ('Neal50@yahoo.com');
INSERT INTO ft_specializes_in VALUES ('Neal50@yahoo.com', 'Bird', 10);
INSERT INTO ft_specializes_in VALUES ('Neal50@yahoo.com', 'Gecko', 8);
INSERT INTO ft_specializes_in VALUES ('Neal50@yahoo.com', 'Llama', 17);

INSERT INTO person VALUES ('Vince.Ritchie@yahoo.com', 'Ova Kunze', '$2b$10$r3BD.leaooE.5vU28EYTuuBixKJ5aeV1AyrKyPHHI0BSkH.eNYs5i', '8065 Mueller Harbors', 90496907, 'user', 'https://s3.amazonaws.com/uifaces/faces/twitter/bergmartin/128.jpg');
INSERT INTO full_time_ct VALUES ('Vince.Ritchie@yahoo.com');
INSERT INTO ft_specializes_in VALUES ('Vince.Ritchie@yahoo.com', 'Burro', 3);

INSERT INTO person VALUES ('Monique45@yahoo.com', 'Uriel Fisher', '$2b$10$r3BD.leaooE.5vU28EYTuuBixKJ5aeV1AyrKyPHHI0BSkH.eNYs5i', '65547 Von Circle', 90526570, 'user', 'https://s3.amazonaws.com/uifaces/faces/twitter/scrapdnb/128.jpg');
INSERT INTO credit_card VALUES (5480106399412684, 'Monique45@yahoo.com', '2023-01-02T21:00:39.294Z', 825);
INSERT INTO pet VALUES ('Oswaldo', 'Monique45@yahoo.com', 'Chinchilla', 'Voluptatem nostrum sint repellat impedit aut unde quam quos.', 'Perspiciatis consequatur dolores.');
INSERT INTO pet VALUES ('Pattie', 'Monique45@yahoo.com', 'Mice', 'Dolores cum ratione voluptas ea ratione dolorum nihil quia perferendis.', 'Voluptatem veniam illo cum ut eum.');
INSERT INTO full_time_ct VALUES ('Monique45@yahoo.com');
INSERT INTO ft_specializes_in VALUES ('Monique45@yahoo.com', 'Guinea Pig', 12);
INSERT INTO ft_specializes_in VALUES ('Monique45@yahoo.com', 'Lizard', 8);
INSERT INTO ft_specializes_in VALUES ('Monique45@yahoo.com', 'Rabbit', 18);

INSERT INTO person VALUES ('Van_Price36@gmail.com', 'Marilou MacGyver', '$2b$10$r3BD.leaooE.5vU28EYTuuBixKJ5aeV1AyrKyPHHI0BSkH.eNYs5i', '1315 Domenica Center', 90728232, 'user', 'https://s3.amazonaws.com/uifaces/faces/twitter/j2deme/128.jpg');
INSERT INTO credit_card VALUES (6376086180256325, 'Van_Price36@gmail.com', '2023-05-12T07:11:04.477Z', 300);
INSERT INTO pet VALUES ('Gudrun', 'Van_Price36@gmail.com', 'Hamster', 'Voluptates et corporis omnis quia.', 'Doloremque rerum cum qui.');
INSERT INTO pet VALUES ('Zakary', 'Van_Price36@gmail.com', 'Chinchilla', 'Esse cumque consequatur reiciendis.', 'Voluptas iste amet quia eaque eaque occaecati perferendis nemo.');

INSERT INTO person VALUES ('Britney_Reilly96@hotmail.com', 'Armando Schultz', '$2b$10$r3BD.leaooE.5vU28EYTuuBixKJ5aeV1AyrKyPHHI0BSkH.eNYs5i', '5675 Durgan Forest', 90855984, 'user', 'https://s3.amazonaws.com/uifaces/faces/twitter/9lessons/128.jpg');
INSERT INTO credit_card VALUES (4641925119270, 'Britney_Reilly96@hotmail.com', '2020-12-04T15:43:56.276Z', 965);
INSERT INTO pet VALUES ('Chasity', 'Britney_Reilly96@hotmail.com', 'Iguana', 'Sint qui amet qui et est.', 'Est eos quia voluptatem fugiat sunt alias eum in.');
INSERT INTO pet VALUES ('Trinity', 'Britney_Reilly96@hotmail.com', 'Mice', 'Praesentium non magni magnam rem temporibus fugit.', 'Magnam quae atque voluptas amet ex quia.');
INSERT INTO part_time_ct VALUES ('Britney_Reilly96@hotmail.com');
INSERT INTO pt_free_schedule VALUES ('Britney_Reilly96@hotmail.com', '2020-05-13T16:00:00.000Z', '2021-11-13T16:00:00.000Z');
INSERT INTO pt_specializes_in VALUES ('Britney_Reilly96@hotmail.com', 'Bearded Dragon', 6);
INSERT INTO pt_specializes_in VALUES ('Britney_Reilly96@hotmail.com', 'Chinchilla', 15);

INSERT INTO person VALUES ('Hadley_Little28@hotmail.com', 'Estefania Windler', '$2b$10$r3BD.leaooE.5vU28EYTuuBixKJ5aeV1AyrKyPHHI0BSkH.eNYs5i', '0689 Enoch Summit', 90798680, 'user', 'https://s3.amazonaws.com/uifaces/faces/twitter/jomarmen/128.jpg');
INSERT INTO credit_card VALUES (6759560231368820, 'Hadley_Little28@hotmail.com', '2021-03-25T08:25:20.754Z', 703);
INSERT INTO pet VALUES ('Eleonore', 'Hadley_Little28@hotmail.com', 'Peafowl', 'Dolor autem omnis quia est corporis sunt maiores.', 'Dicta sequi minima assumenda praesentium voluptas voluptatem reiciendis totam.');
INSERT INTO pet VALUES ('Josiah', 'Hadley_Little28@hotmail.com', 'Ferret', 'Ad doloremque qui.', 'Est facilis consequatur doloremque quo et.');
INSERT INTO part_time_ct VALUES ('Hadley_Little28@hotmail.com');
INSERT INTO pt_free_schedule VALUES ('Hadley_Little28@hotmail.com', '2020-05-13T16:00:00.000Z', '2021-11-13T16:00:00.000Z');
INSERT INTO pt_specializes_in VALUES ('Hadley_Little28@hotmail.com', 'Lizard', 1);

INSERT INTO person VALUES ('Enola_Cartwright80@gmail.com', 'Verla Crooks', '$2b$10$r3BD.leaooE.5vU28EYTuuBixKJ5aeV1AyrKyPHHI0BSkH.eNYs5i', '435 Priscilla Vista', 90190363, 'user', 'https://s3.amazonaws.com/uifaces/faces/twitter/dmitriychuta/128.jpg');

INSERT INTO person VALUES ('Jarred.Bogisich@hotmail.com', 'Katelin Koelpin', '$2b$10$r3BD.leaooE.5vU28EYTuuBixKJ5aeV1AyrKyPHHI0BSkH.eNYs5i', '4521 Annie Extensions', 90572764, 'user', 'https://s3.amazonaws.com/uifaces/faces/twitter/vj_demien/128.jpg');

INSERT INTO person VALUES ('Odie83@yahoo.com', 'Matteo Braun', '$2b$10$r3BD.leaooE.5vU28EYTuuBixKJ5aeV1AyrKyPHHI0BSkH.eNYs5i', '75141 Ethel View', 90589472, 'user', 'https://s3.amazonaws.com/uifaces/faces/twitter/gabrielizalo/128.jpg');

INSERT INTO person VALUES ('Durward.Gutkowski88@hotmail.com', 'Abigayle Armstrong', '$2b$10$r3BD.leaooE.5vU28EYTuuBixKJ5aeV1AyrKyPHHI0BSkH.eNYs5i', '5086 Gusikowski Greens', 90871593, 'user', 'https://s3.amazonaws.com/uifaces/faces/twitter/louis_currie/128.jpg');

INSERT INTO person VALUES ('Elva_Barton@gmail.com', 'Bettye Dach', '$2b$10$r3BD.leaooE.5vU28EYTuuBixKJ5aeV1AyrKyPHHI0BSkH.eNYs5i', '1861 Elroy Squares', 90511664, 'user', 'https://s3.amazonaws.com/uifaces/faces/twitter/reabo101/128.jpg');
INSERT INTO part_time_ct VALUES ('Elva_Barton@gmail.com');
INSERT INTO pt_free_schedule VALUES ('Elva_Barton@gmail.com', '2020-05-13T16:00:00.000Z', '2021-11-13T16:00:00.000Z');
INSERT INTO pt_specializes_in VALUES ('Elva_Barton@gmail.com', 'Bearded Dragon', 17);
INSERT INTO pt_specializes_in VALUES ('Elva_Barton@gmail.com', 'Fish', 14);

INSERT INTO person VALUES ('Jasen17@hotmail.com', 'Santa Krajcik', '$2b$10$r3BD.leaooE.5vU28EYTuuBixKJ5aeV1AyrKyPHHI0BSkH.eNYs5i', '89477 Hettinger Villages', 90755539, 'user', 'https://s3.amazonaws.com/uifaces/faces/twitter/noxdzine/128.jpg');

INSERT INTO person VALUES ('King82@yahoo.com', 'Rubie Pacocha', '$2b$10$r3BD.leaooE.5vU28EYTuuBixKJ5aeV1AyrKyPHHI0BSkH.eNYs5i', '9035 Willms Highway', 90595490, 'user', 'https://s3.amazonaws.com/uifaces/faces/twitter/diansigitp/128.jpg');
INSERT INTO full_time_ct VALUES ('King82@yahoo.com');
INSERT INTO ft_specializes_in VALUES ('King82@yahoo.com', 'Chinchilla', 8);
INSERT INTO ft_specializes_in VALUES ('King82@yahoo.com', 'Ferret', 12);

INSERT INTO person VALUES ('Alycia.Nader98@hotmail.com', 'Dane Kovacek', '$2b$10$r3BD.leaooE.5vU28EYTuuBixKJ5aeV1AyrKyPHHI0BSkH.eNYs5i', '532 Armstrong Dam', 90815675, 'user', 'https://s3.amazonaws.com/uifaces/faces/twitter/erwanhesry/128.jpg');
INSERT INTO credit_card VALUES (6759718124261368, 'Alycia.Nader98@hotmail.com', '2022-07-23T01:12:30.386Z', 901);
INSERT INTO pet VALUES ('Lupe', 'Alycia.Nader98@hotmail.com', 'Gecko', 'Cupiditate totam id provident sunt sunt.', 'Consequatur accusantium nemo accusamus.');
INSERT INTO part_time_ct VALUES ('Alycia.Nader98@hotmail.com');
INSERT INTO pt_free_schedule VALUES ('Alycia.Nader98@hotmail.com', '2020-05-13T16:00:00.000Z', '2021-11-13T16:00:00.000Z');
INSERT INTO pt_specializes_in VALUES ('Alycia.Nader98@hotmail.com', 'Geese (Chinese Swan Goose)', 2);
INSERT INTO pt_specializes_in VALUES ('Alycia.Nader98@hotmail.com', 'Hog', 15);

INSERT INTO person VALUES ('Maude.Lesch@hotmail.com', 'Missouri Okuneva', '$2b$10$r3BD.leaooE.5vU28EYTuuBixKJ5aeV1AyrKyPHHI0BSkH.eNYs5i', '2334 Alexys Springs', 90200233, 'user', 'https://s3.amazonaws.com/uifaces/faces/twitter/madebybrenton/128.jpg');
INSERT INTO part_time_ct VALUES ('Maude.Lesch@hotmail.com');
INSERT INTO pt_free_schedule VALUES ('Maude.Lesch@hotmail.com', '2020-05-13T16:00:00.000Z', '2021-11-13T16:00:00.000Z');
INSERT INTO pt_specializes_in VALUES ('Maude.Lesch@hotmail.com', 'Cow', 9);
INSERT INTO pt_specializes_in VALUES ('Maude.Lesch@hotmail.com', 'Hamster', 1);
INSERT INTO pt_specializes_in VALUES ('Maude.Lesch@hotmail.com', 'Iguana', 13);

INSERT INTO person VALUES ('Perry_Bayer@gmail.com', 'Keara Zieme', '$2b$10$r3BD.leaooE.5vU28EYTuuBixKJ5aeV1AyrKyPHHI0BSkH.eNYs5i', '670 Elenor Coves', 90865094, 'user', 'https://s3.amazonaws.com/uifaces/faces/twitter/calebogden/128.jpg');
INSERT INTO credit_card VALUES (6767105742147122, 'Perry_Bayer@gmail.com', '2024-06-25T22:57:01.829Z', 334);
INSERT INTO pet VALUES ('Caterina', 'Perry_Bayer@gmail.com', 'Horse', 'Amet labore voluptas a.', 'Incidunt illo necessitatibus cupiditate nostrum itaque error itaque repudiandae.');

INSERT INTO person VALUES ('Taryn_Ferry@yahoo.com', 'August Cassin', '$2b$10$r3BD.leaooE.5vU28EYTuuBixKJ5aeV1AyrKyPHHI0BSkH.eNYs5i', '85292 Sipes Ways', 90226770, 'user', 'https://s3.amazonaws.com/uifaces/faces/twitter/krystalfister/128.jpg');

INSERT INTO person VALUES ('Gust_Turcotte@gmail.com', 'Jayson Hirthe', '$2b$10$r3BD.leaooE.5vU28EYTuuBixKJ5aeV1AyrKyPHHI0BSkH.eNYs5i', '970 Josiah Crossing', 90629777, 'user', 'https://s3.amazonaws.com/uifaces/faces/twitter/leonfedotov/128.jpg');
INSERT INTO credit_card VALUES (6767184418064051, 'Gust_Turcotte@gmail.com', '2021-10-10T09:35:20.244Z', 484);
INSERT INTO pet VALUES ('Romaine', 'Gust_Turcotte@gmail.com', 'Fish', 'Debitis aliquid perferendis odit voluptas accusantium.', 'Porro eligendi exercitationem eos velit voluptatem tenetur sit.');
INSERT INTO pet VALUES ('Kobe', 'Gust_Turcotte@gmail.com', 'Fish', 'Omnis quibusdam aut et accusantium qui a et.', 'Soluta accusamus temporibus.');

INSERT INTO person VALUES ('Luisa_Beier@hotmail.com', 'Cleve McDermott', '$2b$10$r3BD.leaooE.5vU28EYTuuBixKJ5aeV1AyrKyPHHI0BSkH.eNYs5i', '0638 Halvorson Run', 90843287, 'user', 'https://s3.amazonaws.com/uifaces/faces/twitter/brandonburke/128.jpg');
INSERT INTO part_time_ct VALUES ('Luisa_Beier@hotmail.com');
INSERT INTO pt_free_schedule VALUES ('Luisa_Beier@hotmail.com', '2020-05-13T16:00:00.000Z', '2021-11-13T16:00:00.000Z');
INSERT INTO pt_specializes_in VALUES ('Luisa_Beier@hotmail.com', 'Hamster', 14);
INSERT INTO pt_specializes_in VALUES ('Luisa_Beier@hotmail.com', 'Mule', 17);

INSERT INTO person VALUES ('Gerard14@hotmail.com', 'Rebekah Shanahan', '$2b$10$r3BD.leaooE.5vU28EYTuuBixKJ5aeV1AyrKyPHHI0BSkH.eNYs5i', '84141 Elijah Cliff', 90562653, 'user', 'https://s3.amazonaws.com/uifaces/faces/twitter/kurafire/128.jpg');

INSERT INTO person VALUES ('Roel.Howell27@hotmail.com', 'Lora McDermott', '$2b$10$r3BD.leaooE.5vU28EYTuuBixKJ5aeV1AyrKyPHHI0BSkH.eNYs5i', '072 Alanna Corner', 90135640, 'user', 'https://s3.amazonaws.com/uifaces/faces/twitter/nckjrvs/128.jpg');
INSERT INTO full_time_ct VALUES ('Roel.Howell27@hotmail.com');
INSERT INTO ft_specializes_in VALUES ('Roel.Howell27@hotmail.com', 'Peafowl', 5);

INSERT INTO person VALUES ('Shania_Jacobson@hotmail.com', 'Gianni Stanton', '$2b$10$r3BD.leaooE.5vU28EYTuuBixKJ5aeV1AyrKyPHHI0BSkH.eNYs5i', '2397 Christy Pines', 90488758, 'user', 'https://s3.amazonaws.com/uifaces/faces/twitter/scottkclark/128.jpg');
INSERT INTO credit_card VALUES (341366036790231, 'Shania_Jacobson@hotmail.com', '2022-06-20T17:28:13.993Z', 127);
INSERT INTO pet VALUES ('Janelle', 'Shania_Jacobson@hotmail.com', 'Geese (Chinese Swan Goose)', 'Perspiciatis ipsam ipsum natus tenetur dolorum quo tempore.', 'Molestias voluptas eaque et sit.');
INSERT INTO pet VALUES ('Janick', 'Shania_Jacobson@hotmail.com', 'Fish', 'Suscipit ea aliquam possimus repellendus est iure accusantium officia qui.', 'Velit quas eligendi dolores libero.');
INSERT INTO full_time_ct VALUES ('Shania_Jacobson@hotmail.com');
INSERT INTO ft_specializes_in VALUES ('Shania_Jacobson@hotmail.com', 'Bearded Dragon', 2);
INSERT INTO ft_specializes_in VALUES ('Shania_Jacobson@hotmail.com', 'Hedgehog', 4);
INSERT INTO ft_specializes_in VALUES ('Shania_Jacobson@hotmail.com', 'Pot Bellied Pig', 11);

INSERT INTO person VALUES ('Eva_Rowe@gmail.com', 'Oma Olson', '$2b$10$r3BD.leaooE.5vU28EYTuuBixKJ5aeV1AyrKyPHHI0BSkH.eNYs5i', '3800 Alanna Unions', 90434086, 'user', 'https://s3.amazonaws.com/uifaces/faces/twitter/jomarmen/128.jpg');
INSERT INTO credit_card VALUES (6759624159759667, 'Eva_Rowe@gmail.com', '2020-12-09T12:14:48.334Z', 343);
INSERT INTO pet VALUES ('Eliseo', 'Eva_Rowe@gmail.com', 'Goat', 'Quisquam enim at eos error aliquam exercitationem totam pariatur asperiores.', 'Delectus quia magni.');

INSERT INTO person VALUES ('Callie10@gmail.com', 'Randi Kuhn', '$2b$10$r3BD.leaooE.5vU28EYTuuBixKJ5aeV1AyrKyPHHI0BSkH.eNYs5i', '930 McDermott Mount', 90675744, 'user', 'https://s3.amazonaws.com/uifaces/faces/twitter/supjoey/128.jpg');
INSERT INTO credit_card VALUES (6759229075113305, 'Callie10@gmail.com', '2021-09-29T19:05:08.248Z', 081);
INSERT INTO pet VALUES ('John', 'Callie10@gmail.com', 'Duck', 'Quaerat neque sit excepturi perspiciatis.', 'Et fuga non id ea veritatis ut.');
INSERT INTO full_time_ct VALUES ('Callie10@gmail.com');
INSERT INTO ft_specializes_in VALUES ('Callie10@gmail.com', 'Chicken', 13);
INSERT INTO ft_specializes_in VALUES ('Callie10@gmail.com', 'Chinese Water Dragon', 12);
INSERT INTO ft_specializes_in VALUES ('Callie10@gmail.com', 'Lizard', 5);

INSERT INTO person VALUES ('Leilani_Schulist@yahoo.com', 'Phoebe Rodriguez', '$2b$10$r3BD.leaooE.5vU28EYTuuBixKJ5aeV1AyrKyPHHI0BSkH.eNYs5i', '14563 Keebler Freeway', 90467332, 'user', 'https://s3.amazonaws.com/uifaces/faces/twitter/iamgarth/128.jpg');
INSERT INTO part_time_ct VALUES ('Leilani_Schulist@yahoo.com');
INSERT INTO pt_free_schedule VALUES ('Leilani_Schulist@yahoo.com', '2020-05-13T16:00:00.000Z', '2021-11-13T16:00:00.000Z');
INSERT INTO pt_specializes_in VALUES ('Leilani_Schulist@yahoo.com', 'Chinese Water Dragon', 16);
INSERT INTO pt_specializes_in VALUES ('Leilani_Schulist@yahoo.com', 'Ferret', 2);

INSERT INTO person VALUES ('Hester7@hotmail.com', 'Tremaine Rice', '$2b$10$r3BD.leaooE.5vU28EYTuuBixKJ5aeV1AyrKyPHHI0BSkH.eNYs5i', '04330 Evalyn Glen', 90487190, 'user', 'https://s3.amazonaws.com/uifaces/faces/twitter/xilantra/128.jpg');
INSERT INTO credit_card VALUES (36619017724819, 'Hester7@hotmail.com', '2021-07-05T01:22:18.662Z', 482);
INSERT INTO pet VALUES ('Jacynthe', 'Hester7@hotmail.com', 'Guinea Pig', 'Voluptas deleniti provident quidem atque.', 'Velit quae odit consequatur deleniti.');
INSERT INTO pet VALUES ('Hassie', 'Hester7@hotmail.com', 'Hog', 'Deserunt ab inventore perspiciatis sed error.', 'Exercitationem facilis beatae nisi incidunt.');
INSERT INTO part_time_ct VALUES ('Hester7@hotmail.com');
INSERT INTO pt_free_schedule VALUES ('Hester7@hotmail.com', '2020-05-13T16:00:00.000Z', '2021-11-13T16:00:00.000Z');
INSERT INTO pt_specializes_in VALUES ('Hester7@hotmail.com', 'Burro', 19);
INSERT INTO pt_specializes_in VALUES ('Hester7@hotmail.com', 'Chameleons (Veiled)', 4);
INSERT INTO pt_specializes_in VALUES ('Hester7@hotmail.com', 'Hamster', 7);

INSERT INTO person VALUES ('Keyon35@yahoo.com', 'Izaiah Towne', '$2b$10$r3BD.leaooE.5vU28EYTuuBixKJ5aeV1AyrKyPHHI0BSkH.eNYs5i', '084 Stoltenberg Stream', 90449933, 'user', 'https://s3.amazonaws.com/uifaces/faces/twitter/michigangraham/128.jpg');
INSERT INTO credit_card VALUES (6767914654830718, 'Keyon35@yahoo.com', '2021-06-06T11:51:27.099Z', 160);
INSERT INTO pet VALUES ('Sienna', 'Keyon35@yahoo.com', 'Guinea Fowl', 'Fugiat quaerat ut qui sit dignissimos voluptate.', 'Adipisci doloribus possimus vel molestiae similique dicta dolores.');
INSERT INTO pet VALUES ('Kieran', 'Keyon35@yahoo.com', 'Horse', 'Vel qui iusto rerum sunt rerum id.', 'Ut ut quia non fugiat.');
INSERT INTO full_time_ct VALUES ('Keyon35@yahoo.com');
INSERT INTO ft_specializes_in VALUES ('Keyon35@yahoo.com', 'Fish', 14);
INSERT INTO ft_specializes_in VALUES ('Keyon35@yahoo.com', 'Gecko', 18);
INSERT INTO ft_specializes_in VALUES ('Keyon35@yahoo.com', 'Goat', 5);

INSERT INTO person VALUES ('Lincoln.Swift@gmail.com', 'Summer Becker', '$2b$10$r3BD.leaooE.5vU28EYTuuBixKJ5aeV1AyrKyPHHI0BSkH.eNYs5i', '02807 Johathan Burgs', 90649491, 'user', 'https://s3.amazonaws.com/uifaces/faces/twitter/arthurholcombe1/128.jpg');
INSERT INTO credit_card VALUES (6390469963930688, 'Lincoln.Swift@gmail.com', '2021-09-08T10:37:30.907Z', 728);
INSERT INTO pet VALUES ('Bernhard', 'Lincoln.Swift@gmail.com', 'Duck', 'Expedita sunt quos.', 'Hic aperiam est dolorem.');
INSERT INTO pet VALUES ('Pierce', 'Lincoln.Swift@gmail.com', 'Donkey', 'Magni et ut et asperiores rerum placeat.', 'Expedita quos reiciendis voluptatem facilis velit qui aut.');

INSERT INTO person VALUES ('Laurianne.Becker2@gmail.com', 'Elbert Bashirian', '$2b$10$r3BD.leaooE.5vU28EYTuuBixKJ5aeV1AyrKyPHHI0BSkH.eNYs5i', '463 Daniel Gateway', 90876821, 'user', 'https://s3.amazonaws.com/uifaces/faces/twitter/miguelkooreman/128.jpg');
INSERT INTO part_time_ct VALUES ('Laurianne.Becker2@gmail.com');
INSERT INTO pt_free_schedule VALUES ('Laurianne.Becker2@gmail.com', '2020-05-13T16:00:00.000Z', '2021-11-13T16:00:00.000Z');
INSERT INTO pt_specializes_in VALUES ('Laurianne.Becker2@gmail.com', 'Gerbil', 1);
INSERT INTO pt_specializes_in VALUES ('Laurianne.Becker2@gmail.com', 'Peafowl', 6);

INSERT INTO person VALUES ('Virgil.Lueilwitz64@yahoo.com', 'Dolores Reilly', '$2b$10$r3BD.leaooE.5vU28EYTuuBixKJ5aeV1AyrKyPHHI0BSkH.eNYs5i', '86442 Brice Lodge', 90548577, 'user', 'https://s3.amazonaws.com/uifaces/faces/twitter/ariil/128.jpg');
INSERT INTO full_time_ct VALUES ('Virgil.Lueilwitz64@yahoo.com');
INSERT INTO ft_specializes_in VALUES ('Virgil.Lueilwitz64@yahoo.com', 'Hedgehog', 1);
INSERT INTO ft_specializes_in VALUES ('Virgil.Lueilwitz64@yahoo.com', 'Mule', 14);

INSERT INTO person VALUES ('Janelle_Gutkowski24@yahoo.com', 'Mina Gutmann', '$2b$10$r3BD.leaooE.5vU28EYTuuBixKJ5aeV1AyrKyPHHI0BSkH.eNYs5i', '5807 Marks Curve', 90600712, 'user', 'https://s3.amazonaws.com/uifaces/faces/twitter/skkirilov/128.jpg');
INSERT INTO full_time_ct VALUES ('Janelle_Gutkowski24@yahoo.com');
INSERT INTO ft_specializes_in VALUES ('Janelle_Gutkowski24@yahoo.com', 'Gecko', 13);

INSERT INTO person VALUES ('Sandy.Hayes@hotmail.com', 'Liliane Boyle', '$2b$10$r3BD.leaooE.5vU28EYTuuBixKJ5aeV1AyrKyPHHI0BSkH.eNYs5i', '1285 King Dam', 90567288, 'user', 'https://s3.amazonaws.com/uifaces/faces/twitter/grahamkennery/128.jpg');

INSERT INTO person VALUES ('Marlin4@gmail.com', 'Ulises Anderson', '$2b$10$r3BD.leaooE.5vU28EYTuuBixKJ5aeV1AyrKyPHHI0BSkH.eNYs5i', '32792 Hammes Vista', 90143295, 'user', 'https://s3.amazonaws.com/uifaces/faces/twitter/chatyrko/128.jpg');

INSERT INTO person VALUES ('Javier11@gmail.com', 'Rubye Smitham', '$2b$10$r3BD.leaooE.5vU28EYTuuBixKJ5aeV1AyrKyPHHI0BSkH.eNYs5i', '16632 Humberto Road', 90695782, 'user', 'https://s3.amazonaws.com/uifaces/faces/twitter/andreas_pr/128.jpg');
INSERT INTO credit_card VALUES (3534333280730965, 'Javier11@gmail.com', '2022-04-20T21:42:32.266Z', 090);
INSERT INTO pet VALUES ('Bernadette', 'Javier11@gmail.com', 'Ponie', 'Aliquam natus voluptatibus.', 'Consequatur et delectus possimus necessitatibus aut aut.');

INSERT INTO person VALUES ('Monica66@hotmail.com', 'Juwan Ratke', '$2b$10$r3BD.leaooE.5vU28EYTuuBixKJ5aeV1AyrKyPHHI0BSkH.eNYs5i', '664 Conroy Estates', 90393264, 'user', 'https://s3.amazonaws.com/uifaces/faces/twitter/chrismj83/128.jpg');
INSERT INTO credit_card VALUES (6469884735819843, 'Monica66@hotmail.com', '2021-10-06T11:41:08.745Z', 180);
INSERT INTO pet VALUES ('Olin', 'Monica66@hotmail.com', 'Hedgehog', 'Et ab praesentium consequatur est doloremque sunt nemo.', 'Est laboriosam adipisci ex nesciunt corrupti rerum sint nulla natus.');

INSERT INTO person VALUES ('Ofelia.Aufderhar@yahoo.com', 'Rocio Greenholt', '$2b$10$r3BD.leaooE.5vU28EYTuuBixKJ5aeV1AyrKyPHHI0BSkH.eNYs5i', '552 Jaskolski Courts', 90572394, 'user', 'https://s3.amazonaws.com/uifaces/faces/twitter/francis_vega/128.jpg');
INSERT INTO credit_card VALUES (6376024993134203, 'Ofelia.Aufderhar@yahoo.com', '2021-01-24T23:30:12.896Z', 643);
INSERT INTO pet VALUES ('Ashlynn', 'Ofelia.Aufderhar@yahoo.com', 'Pot Bellied Pig', 'Aut ratione omnis.', 'Sed nisi laboriosam et debitis eaque et excepturi.');
INSERT INTO pet VALUES ('Kelsi', 'Ofelia.Aufderhar@yahoo.com', 'Llama', 'Ut laudantium molestias quis distinctio ad autem autem.', 'Omnis dignissimos ut exercitationem corporis voluptas beatae unde.');
INSERT INTO part_time_ct VALUES ('Ofelia.Aufderhar@yahoo.com');
INSERT INTO pt_free_schedule VALUES ('Ofelia.Aufderhar@yahoo.com', '2020-05-13T16:00:00.000Z', '2021-11-13T16:00:00.000Z');
INSERT INTO pt_specializes_in VALUES ('Ofelia.Aufderhar@yahoo.com', 'Cow', 16);
INSERT INTO pt_specializes_in VALUES ('Ofelia.Aufderhar@yahoo.com', 'Guinea Fowl', 11);

INSERT INTO person VALUES ('Lizeth_Auer23@yahoo.com', 'Eleanore Davis', '$2b$10$r3BD.leaooE.5vU28EYTuuBixKJ5aeV1AyrKyPHHI0BSkH.eNYs5i', '9071 Brakus Junction', 90604893, 'user', 'https://s3.amazonaws.com/uifaces/faces/twitter/SULiik/128.jpg');
INSERT INTO credit_card VALUES (6767368464580188, 'Lizeth_Auer23@yahoo.com', '2022-12-03T13:14:18.331Z', 924);
INSERT INTO pet VALUES ('Lolita', 'Lizeth_Auer23@yahoo.com', 'Geese (Chinese Swan Goose)', 'Tempore debitis expedita quod asperiores ad.', 'Pariatur sed aut maiores aut quos sed quisquam illum.');

INSERT INTO person VALUES ('Kyla65@yahoo.com', 'Novella Heidenreich', '$2b$10$r3BD.leaooE.5vU28EYTuuBixKJ5aeV1AyrKyPHHI0BSkH.eNYs5i', '91599 Carmine Locks', 90223275, 'user', 'https://s3.amazonaws.com/uifaces/faces/twitter/gregkilian/128.jpg');
INSERT INTO full_time_ct VALUES ('Kyla65@yahoo.com');
INSERT INTO ft_specializes_in VALUES ('Kyla65@yahoo.com', 'Chinese Water Dragon', 3);

INSERT INTO person VALUES ('Audrey.Hamill@gmail.com', 'Darien Altenwerth', '$2b$10$r3BD.leaooE.5vU28EYTuuBixKJ5aeV1AyrKyPHHI0BSkH.eNYs5i', '8932 Aubrey Centers', 90739129, 'user', 'https://s3.amazonaws.com/uifaces/faces/twitter/vladimirdevic/128.jpg');

INSERT INTO person VALUES ('Madisyn_Glover@gmail.com', 'Jean Grimes', '$2b$10$r3BD.leaooE.5vU28EYTuuBixKJ5aeV1AyrKyPHHI0BSkH.eNYs5i', '467 Mariam Path', 90915634, 'user', 'https://s3.amazonaws.com/uifaces/faces/twitter/jeremyshimko/128.jpg');

INSERT INTO person VALUES ('Rory35@yahoo.com', 'Ansley Sawayn', '$2b$10$r3BD.leaooE.5vU28EYTuuBixKJ5aeV1AyrKyPHHI0BSkH.eNYs5i', '047 Kaleb Views', 90361558, 'user', 'https://s3.amazonaws.com/uifaces/faces/twitter/mylesb/128.jpg');

INSERT INTO person VALUES ('Vena.Schmeler65@hotmail.com', 'Keaton Cummings', '$2b$10$r3BD.leaooE.5vU28EYTuuBixKJ5aeV1AyrKyPHHI0BSkH.eNYs5i', '8478 Chance Court', 90050575, 'user', 'https://s3.amazonaws.com/uifaces/faces/twitter/maximsorokin/128.jpg');
INSERT INTO credit_card VALUES (3529906260719766, 'Vena.Schmeler65@hotmail.com', '2023-06-10T02:23:08.876Z', 713);
INSERT INTO pet VALUES ('Vinnie', 'Vena.Schmeler65@hotmail.com', 'Burro', 'In quo molestiae.', 'Vel eum facilis ad vitae.');
INSERT INTO part_time_ct VALUES ('Vena.Schmeler65@hotmail.com');
INSERT INTO pt_free_schedule VALUES ('Vena.Schmeler65@hotmail.com', '2020-05-13T16:00:00.000Z', '2021-11-13T16:00:00.000Z');
INSERT INTO pt_specializes_in VALUES ('Vena.Schmeler65@hotmail.com', 'Guinea Fowl', 2);
INSERT INTO pt_specializes_in VALUES ('Vena.Schmeler65@hotmail.com', 'Hamster', 6);
INSERT INTO pt_specializes_in VALUES ('Vena.Schmeler65@hotmail.com', 'Iguana', 2);

INSERT INTO person VALUES ('Deion.Sauer@gmail.com', 'Makenzie Gislason', '$2b$10$r3BD.leaooE.5vU28EYTuuBixKJ5aeV1AyrKyPHHI0BSkH.eNYs5i', '16303 Virginie Cape', 90802897, 'user', 'https://s3.amazonaws.com/uifaces/faces/twitter/thibaut_re/128.jpg');
INSERT INTO full_time_ct VALUES ('Deion.Sauer@gmail.com');
INSERT INTO ft_specializes_in VALUES ('Deion.Sauer@gmail.com', 'Fish', 12);
INSERT INTO ft_specializes_in VALUES ('Deion.Sauer@gmail.com', 'Gerbil', 14);
INSERT INTO ft_specializes_in VALUES ('Deion.Sauer@gmail.com', 'Llama', 16);

INSERT INTO person VALUES ('Noah_Maggio64@yahoo.com', 'Christopher Mohr', '$2b$10$r3BD.leaooE.5vU28EYTuuBixKJ5aeV1AyrKyPHHI0BSkH.eNYs5i', '479 Idell Groves', 90831751, 'user', 'https://s3.amazonaws.com/uifaces/faces/twitter/saschadroste/128.jpg');
INSERT INTO part_time_ct VALUES ('Noah_Maggio64@yahoo.com');
INSERT INTO pt_free_schedule VALUES ('Noah_Maggio64@yahoo.com', '2020-05-13T16:00:00.000Z', '2021-11-13T16:00:00.000Z');
INSERT INTO pt_specializes_in VALUES ('Noah_Maggio64@yahoo.com', 'Peafowl', 5);

INSERT INTO person VALUES ('Franco98@yahoo.com', 'Candelario Ratke', '$2b$10$r3BD.leaooE.5vU28EYTuuBixKJ5aeV1AyrKyPHHI0BSkH.eNYs5i', '252 Nat Pine', 90811952, 'user', 'https://s3.amazonaws.com/uifaces/faces/twitter/nckjrvs/128.jpg');
INSERT INTO part_time_ct VALUES ('Franco98@yahoo.com');
INSERT INTO pt_free_schedule VALUES ('Franco98@yahoo.com', '2020-05-13T16:00:00.000Z', '2021-11-13T16:00:00.000Z');
INSERT INTO pt_specializes_in VALUES ('Franco98@yahoo.com', 'Duck', 14);
INSERT INTO pt_specializes_in VALUES ('Franco98@yahoo.com', 'Fish', 16);
INSERT INTO pt_specializes_in VALUES ('Franco98@yahoo.com', 'Goat', 19);

INSERT INTO person VALUES ('Arvid_Cummerata63@hotmail.com', 'Glenna Carroll', '$2b$10$r3BD.leaooE.5vU28EYTuuBixKJ5aeV1AyrKyPHHI0BSkH.eNYs5i', '81406 Ryleigh Port', 90894436, 'user', 'https://s3.amazonaws.com/uifaces/faces/twitter/raphaelnikson/128.jpg');
INSERT INTO full_time_ct VALUES ('Arvid_Cummerata63@hotmail.com');
INSERT INTO ft_specializes_in VALUES ('Arvid_Cummerata63@hotmail.com', 'Cow', 15);
INSERT INTO ft_specializes_in VALUES ('Arvid_Cummerata63@hotmail.com', 'Donkey', 3);
INSERT INTO ft_specializes_in VALUES ('Arvid_Cummerata63@hotmail.com', 'Fish', 17);

INSERT INTO person VALUES ('Marisol.Kirlin@gmail.com', 'Madyson Lockman', '$2b$10$r3BD.leaooE.5vU28EYTuuBixKJ5aeV1AyrKyPHHI0BSkH.eNYs5i', '21003 Goodwin Fork', 90801633, 'user', 'https://s3.amazonaws.com/uifaces/faces/twitter/cbracco/128.jpg');

INSERT INTO person VALUES ('Chester.Turner79@yahoo.com', 'Freida Farrell', '$2b$10$r3BD.leaooE.5vU28EYTuuBixKJ5aeV1AyrKyPHHI0BSkH.eNYs5i', '685 Heidenreich Center', 90478013, 'user', 'https://s3.amazonaws.com/uifaces/faces/twitter/travishines/128.jpg');
INSERT INTO credit_card VALUES (6304304294840986, 'Chester.Turner79@yahoo.com', '2021-05-29T03:33:26.618Z', 000);
INSERT INTO pet VALUES ('Marcus', 'Chester.Turner79@yahoo.com', 'Pig', 'Dolores nam dolorum itaque libero autem.', 'Tenetur eum voluptatem dicta sit magni dolorum ut.');
INSERT INTO pet VALUES ('Arlie', 'Chester.Turner79@yahoo.com', 'Goat', 'Sint itaque est veniam rerum assumenda sed corrupti.', 'Ipsam sunt quia quos ipsum quae cupiditate harum.');
INSERT INTO full_time_ct VALUES ('Chester.Turner79@yahoo.com');
INSERT INTO ft_specializes_in VALUES ('Chester.Turner79@yahoo.com', 'Hog', 12);

INSERT INTO person VALUES ('Frank63@gmail.com', 'Newell Carroll', '$2b$10$r3BD.leaooE.5vU28EYTuuBixKJ5aeV1AyrKyPHHI0BSkH.eNYs5i', '44458 Orn Hills', 90562235, 'user', 'https://s3.amazonaws.com/uifaces/faces/twitter/notbadart/128.jpg');
INSERT INTO credit_card VALUES (3529686750433787, 'Frank63@gmail.com', '2021-01-31T04:53:01.049Z', 507);
INSERT INTO pet VALUES ('Allen', 'Frank63@gmail.com', 'Hamster', 'Quidem voluptas omnis dolorem animi.', 'Dolores non deserunt delectus.');

INSERT INTO person VALUES ('Justen_Yundt@gmail.com', 'Golden Casper', '$2b$10$r3BD.leaooE.5vU28EYTuuBixKJ5aeV1AyrKyPHHI0BSkH.eNYs5i', '3788 Freeda Walks', 90579036, 'user', 'https://s3.amazonaws.com/uifaces/faces/twitter/duivvv/128.jpg');
INSERT INTO credit_card VALUES (6759308878467041, 'Justen_Yundt@gmail.com', '2021-08-29T02:31:58.879Z', 386);
INSERT INTO pet VALUES ('Keely', 'Justen_Yundt@gmail.com', 'Llama', 'Saepe molestiae velit.', 'Doloribus molestiae molestiae doloribus.');

INSERT INTO person VALUES ('Bertrand_Paucek@yahoo.com', 'Malika Corkery', '$2b$10$r3BD.leaooE.5vU28EYTuuBixKJ5aeV1AyrKyPHHI0BSkH.eNYs5i', '88976 Brandon Motorway', 90869797, 'user', 'https://s3.amazonaws.com/uifaces/faces/twitter/aroon_sharma/128.jpg');
INSERT INTO credit_card VALUES (5433000311225894, 'Bertrand_Paucek@yahoo.com', '2022-05-14T02:51:00.073Z', 479);
INSERT INTO pet VALUES ('Milo', 'Bertrand_Paucek@yahoo.com', 'Hog', 'Eius et odio consequatur voluptatem ex quibusdam.', 'Nisi similique suscipit et voluptate quibusdam.');
INSERT INTO pet VALUES ('Lera', 'Bertrand_Paucek@yahoo.com', 'Pig', 'Eligendi assumenda et porro unde suscipit dicta vitae.', 'Impedit sit omnis.');

INSERT INTO person VALUES ('Ethelyn87@yahoo.com', 'Marcelina Cartwright', '$2b$10$r3BD.leaooE.5vU28EYTuuBixKJ5aeV1AyrKyPHHI0BSkH.eNYs5i', '517 Powlowski Tunnel', 90584334, 'user', 'https://s3.amazonaws.com/uifaces/faces/twitter/joshmedeski/128.jpg');
INSERT INTO full_time_ct VALUES ('Ethelyn87@yahoo.com');
INSERT INTO ft_specializes_in VALUES ('Ethelyn87@yahoo.com', 'Chinchilla', 11);

INSERT INTO person VALUES ('Santos_Robel66@gmail.com', 'Maria Weber', '$2b$10$r3BD.leaooE.5vU28EYTuuBixKJ5aeV1AyrKyPHHI0BSkH.eNYs5i', '545 Destiney Curve', 90628687, 'user', 'https://s3.amazonaws.com/uifaces/faces/twitter/jeremiespoken/128.jpg');
INSERT INTO credit_card VALUES (6759599343957457, 'Santos_Robel66@gmail.com', '2023-09-06T05:34:13.071Z', 098);
INSERT INTO pet VALUES ('Willy', 'Santos_Robel66@gmail.com', 'Pig', 'Qui suscipit doloribus aspernatur voluptas sint voluptas dolorum aut.', 'Animi veniam nisi repellendus qui harum.');
INSERT INTO pet VALUES ('Melany', 'Santos_Robel66@gmail.com', 'Horse', 'Labore quia quos.', 'Cumque quas quo ut quis.');
INSERT INTO part_time_ct VALUES ('Santos_Robel66@gmail.com');
INSERT INTO pt_free_schedule VALUES ('Santos_Robel66@gmail.com', '2020-05-13T16:00:00.000Z', '2021-11-13T16:00:00.000Z');
INSERT INTO pt_specializes_in VALUES ('Santos_Robel66@gmail.com', 'Cow', 20);

INSERT INTO person VALUES ('Jessica_Lemke70@yahoo.com', 'Toney Reynolds', '$2b$10$r3BD.leaooE.5vU28EYTuuBixKJ5aeV1AyrKyPHHI0BSkH.eNYs5i', '06781 Madelynn Drive', 90571435, 'user', 'https://s3.amazonaws.com/uifaces/faces/twitter/byryan/128.jpg');

INSERT INTO person VALUES ('Johnnie_McCullough28@hotmail.com', 'Corrine Schaefer', '$2b$10$r3BD.leaooE.5vU28EYTuuBixKJ5aeV1AyrKyPHHI0BSkH.eNYs5i', '977 Tiana Point', 90624061, 'user', 'https://s3.amazonaws.com/uifaces/faces/twitter/silv3rgvn/128.jpg');

INSERT INTO person VALUES ('Malachi_OKeefe@hotmail.com', 'Amira Crooks', '$2b$10$r3BD.leaooE.5vU28EYTuuBixKJ5aeV1AyrKyPHHI0BSkH.eNYs5i', '638 Schaden Orchard', 90225710, 'user', 'https://s3.amazonaws.com/uifaces/faces/twitter/therealmarvin/128.jpg');
INSERT INTO credit_card VALUES (6559624156595549, 'Malachi_OKeefe@hotmail.com', '2023-12-06T21:23:45.273Z', 803);
INSERT INTO pet VALUES ('Maia', 'Malachi_OKeefe@hotmail.com', 'Ponie', 'Eveniet in totam a.', 'Velit optio non nam eum.');
INSERT INTO pet VALUES ('Alison', 'Malachi_OKeefe@hotmail.com', 'Cow', 'Quia est qui distinctio quasi tempore et animi.', 'Occaecati dolor qui ut maiores vitae omnis quo.');
INSERT INTO full_time_ct VALUES ('Malachi_OKeefe@hotmail.com');
INSERT INTO ft_specializes_in VALUES ('Malachi_OKeefe@hotmail.com', 'Bearded Dragon', 15);

INSERT INTO person VALUES ('Celestino.Bernhard@yahoo.com', 'Wilson Bernier', '$2b$10$r3BD.leaooE.5vU28EYTuuBixKJ5aeV1AyrKyPHHI0BSkH.eNYs5i', '2233 Dach Stream', 90362394, 'user', 'https://s3.amazonaws.com/uifaces/faces/twitter/lososina/128.jpg');

INSERT INTO person VALUES ('Providenci59@hotmail.com', 'Reginald Reinger', '$2b$10$r3BD.leaooE.5vU28EYTuuBixKJ5aeV1AyrKyPHHI0BSkH.eNYs5i', '268 Sipes Pike', 90730850, 'user', 'https://s3.amazonaws.com/uifaces/faces/twitter/waghner/128.jpg');
INSERT INTO full_time_ct VALUES ('Providenci59@hotmail.com');
INSERT INTO ft_specializes_in VALUES ('Providenci59@hotmail.com', 'Hedgehog', 5);
INSERT INTO ft_specializes_in VALUES ('Providenci59@hotmail.com', 'Pot Bellied Pig', 12);

INSERT INTO person VALUES ('Jordan89@hotmail.com', 'Kaylee Erdman', '$2b$10$r3BD.leaooE.5vU28EYTuuBixKJ5aeV1AyrKyPHHI0BSkH.eNYs5i', '19773 Zachery Cove', 90377513, 'user', 'https://s3.amazonaws.com/uifaces/faces/twitter/jonathansimmons/128.jpg');

INSERT INTO person VALUES ('Lorenz_Tillman@yahoo.com', 'Jameson Stokes', '$2b$10$r3BD.leaooE.5vU28EYTuuBixKJ5aeV1AyrKyPHHI0BSkH.eNYs5i', '702 Hilda Mountains', 90611925, 'user', 'https://s3.amazonaws.com/uifaces/faces/twitter/derekebradley/128.jpg');
INSERT INTO credit_card VALUES (6759347087549534, 'Lorenz_Tillman@yahoo.com', '2022-11-10T01:32:19.305Z', 393);
INSERT INTO pet VALUES ('Lilian', 'Lorenz_Tillman@yahoo.com', 'Mice', 'Esse illo occaecati architecto ut quia sunt.', 'Porro id quasi dolores omnis quibusdam voluptatem.');
INSERT INTO full_time_ct VALUES ('Lorenz_Tillman@yahoo.com');
INSERT INTO ft_specializes_in VALUES ('Lorenz_Tillman@yahoo.com', 'Chinchilla', 14);

INSERT INTO person VALUES ('Janiya_Jakubowski@hotmail.com', 'Arlie Schmidt', '$2b$10$r3BD.leaooE.5vU28EYTuuBixKJ5aeV1AyrKyPHHI0BSkH.eNYs5i', '703 Kovacek Place', 90469887, 'user', 'https://s3.amazonaws.com/uifaces/faces/twitter/ahmetsulek/128.jpg');

INSERT INTO person VALUES ('Gwendolyn_Denesik64@hotmail.com', 'Chadd Prohaska', '$2b$10$r3BD.leaooE.5vU28EYTuuBixKJ5aeV1AyrKyPHHI0BSkH.eNYs5i', '540 Graham Square', 90272429, 'user', 'https://s3.amazonaws.com/uifaces/faces/twitter/manigm/128.jpg');
INSERT INTO credit_card VALUES (6386250019092495, 'Gwendolyn_Denesik64@hotmail.com', '2021-08-10T04:21:25.218Z', 303);
INSERT INTO pet VALUES ('Hipolito', 'Gwendolyn_Denesik64@hotmail.com', 'Chicken', 'Vitae consequatur voluptatem id.', 'Aut tenetur aperiam laboriosam impedit.');
INSERT INTO pet VALUES ('Furman', 'Gwendolyn_Denesik64@hotmail.com', 'Chicken', 'Voluptatem perspiciatis repellat omnis ea quo quam nostrum suscipit qui.', 'Nulla ut dolor aperiam.');

INSERT INTO person VALUES ('Iva38@yahoo.com', 'Ellie Bosco', '$2b$10$r3BD.leaooE.5vU28EYTuuBixKJ5aeV1AyrKyPHHI0BSkH.eNYs5i', '526 Bechtelar Motorway', 90394116, 'user', 'https://s3.amazonaws.com/uifaces/faces/twitter/sethlouey/128.jpg');
INSERT INTO credit_card VALUES (6011627059437400, 'Iva38@yahoo.com', '2020-12-09T08:14:55.831Z', 254);
INSERT INTO pet VALUES ('Warren', 'Iva38@yahoo.com', 'Guinea Pig', 'Consequatur minima dicta labore dolorum nobis.', 'Mollitia nisi ipsam sit omnis velit sint expedita vel.');
INSERT INTO pet VALUES ('Cathryn', 'Iva38@yahoo.com', 'Geese (Chinese Swan Goose)', 'Qui eos unde.', 'Corporis fugiat atque non.');
INSERT INTO full_time_ct VALUES ('Iva38@yahoo.com');
INSERT INTO ft_specializes_in VALUES ('Iva38@yahoo.com', 'Bearded Dragon', 20);
INSERT INTO ft_specializes_in VALUES ('Iva38@yahoo.com', 'Rabbit', 16);

INSERT INTO person VALUES ('Taryn_Nikolaus43@hotmail.com', 'Patience Funk', '$2b$10$r3BD.leaooE.5vU28EYTuuBixKJ5aeV1AyrKyPHHI0BSkH.eNYs5i', '728 VonRueden Club', 90829873, 'user', 'https://s3.amazonaws.com/uifaces/faces/twitter/aleclarsoniv/128.jpg');
INSERT INTO credit_card VALUES (6388168004654816, 'Taryn_Nikolaus43@hotmail.com', '2022-08-01T11:19:11.020Z', 891);
INSERT INTO pet VALUES ('Hope', 'Taryn_Nikolaus43@hotmail.com', 'Bearded Dragon', 'Debitis animi quia culpa id nam.', 'Modi maxime id et laborum aut aliquam.');
INSERT INTO part_time_ct VALUES ('Taryn_Nikolaus43@hotmail.com');
INSERT INTO pt_free_schedule VALUES ('Taryn_Nikolaus43@hotmail.com', '2020-05-13T16:00:00.000Z', '2021-11-13T16:00:00.000Z');
INSERT INTO pt_specializes_in VALUES ('Taryn_Nikolaus43@hotmail.com', 'Chicken', 15);
INSERT INTO pt_specializes_in VALUES ('Taryn_Nikolaus43@hotmail.com', 'Mice', 11);
INSERT INTO pt_specializes_in VALUES ('Taryn_Nikolaus43@hotmail.com', 'Pigeon', 17);

INSERT INTO person VALUES ('Juston61@hotmail.com', 'Randy Breitenberg', '$2b$10$r3BD.leaooE.5vU28EYTuuBixKJ5aeV1AyrKyPHHI0BSkH.eNYs5i', '795 Auer Field', 90600589, 'user', 'https://s3.amazonaws.com/uifaces/faces/twitter/dshster/128.jpg');
INSERT INTO credit_card VALUES (3541635413826984, 'Juston61@hotmail.com', '2022-02-20T15:19:56.724Z', 759);
INSERT INTO pet VALUES ('Kassandra', 'Juston61@hotmail.com', 'Geese (Chinese Swan Goose)', 'Sapiente quisquam id non fugit beatae harum aut provident nihil.', 'Placeat vel consequatur nemo tempore facere ad fugiat rerum.');

INSERT INTO person VALUES ('Lester73@yahoo.com', 'Reinhold Price', '$2b$10$r3BD.leaooE.5vU28EYTuuBixKJ5aeV1AyrKyPHHI0BSkH.eNYs5i', '263 Elias Crest', 90705806, 'user', 'https://s3.amazonaws.com/uifaces/faces/twitter/dc_user/128.jpg');

INSERT INTO person VALUES ('Berneice.Pollich@hotmail.com', 'Belle Bradtke', '$2b$10$r3BD.leaooE.5vU28EYTuuBixKJ5aeV1AyrKyPHHI0BSkH.eNYs5i', '75845 Bradtke Forest', 90187804, 'user', 'https://s3.amazonaws.com/uifaces/faces/twitter/chacky14/128.jpg');

INSERT INTO person VALUES ('Chanelle48@yahoo.com', 'Edison Bartell', '$2b$10$r3BD.leaooE.5vU28EYTuuBixKJ5aeV1AyrKyPHHI0BSkH.eNYs5i', '58567 Tamia Oval', 90866948, 'user', 'https://s3.amazonaws.com/uifaces/faces/twitter/dawidwu/128.jpg');

INSERT INTO person VALUES ('Jay15@gmail.com', 'Stevie Towne', '$2b$10$r3BD.leaooE.5vU28EYTuuBixKJ5aeV1AyrKyPHHI0BSkH.eNYs5i', '7480 Jacobson Gardens', 90764360, 'user', 'https://s3.amazonaws.com/uifaces/faces/twitter/itsajimithing/128.jpg');
INSERT INTO credit_card VALUES (6767854093675787, 'Jay15@gmail.com', '2024-03-06T21:29:13.553Z', 775);
INSERT INTO pet VALUES ('Dortha', 'Jay15@gmail.com', 'Pig', 'Sunt voluptates suscipit explicabo dicta rerum ad quibusdam quaerat voluptas.', 'Aliquid illum id doloribus.');
INSERT INTO pet VALUES ('Kellen', 'Jay15@gmail.com', 'Pot Bellied Pig', 'Rem aspernatur repellat est et eos quae impedit illum.', 'Tenetur repudiandae perferendis provident doloremque eius iste fugit et velit.');
INSERT INTO full_time_ct VALUES ('Jay15@gmail.com');
INSERT INTO ft_specializes_in VALUES ('Jay15@gmail.com', 'Donkey', 0);
INSERT INTO ft_specializes_in VALUES ('Jay15@gmail.com', 'Goat', 6);

INSERT INTO person VALUES ('Ethel.Shields91@gmail.com', 'Jayda Wisoky', '$2b$10$r3BD.leaooE.5vU28EYTuuBixKJ5aeV1AyrKyPHHI0BSkH.eNYs5i', '77492 Harvey Shore', 90202362, 'user', 'https://s3.amazonaws.com/uifaces/faces/twitter/dnezkumar/128.jpg');
INSERT INTO credit_card VALUES (6771118931528441, 'Ethel.Shields91@gmail.com', '2024-10-07T00:50:53.802Z', 593);
INSERT INTO pet VALUES ('Deonte', 'Ethel.Shields91@gmail.com', 'Bird', 'Aut aut ex.', 'Animi fugiat sunt perferendis quia minus maiores voluptas error libero.');
INSERT INTO part_time_ct VALUES ('Ethel.Shields91@gmail.com');
INSERT INTO pt_free_schedule VALUES ('Ethel.Shields91@gmail.com', '2020-05-13T16:00:00.000Z', '2021-11-13T16:00:00.000Z');
INSERT INTO pt_specializes_in VALUES ('Ethel.Shields91@gmail.com', 'Fish', 15);
INSERT INTO pt_specializes_in VALUES ('Ethel.Shields91@gmail.com', 'Hedgehog', 17);

INSERT INTO person VALUES ('Kavon79@hotmail.com', 'Frederick Kuhn', '$2b$10$r3BD.leaooE.5vU28EYTuuBixKJ5aeV1AyrKyPHHI0BSkH.eNYs5i', '18160 Stamm Course', 90594624, 'user', 'https://s3.amazonaws.com/uifaces/faces/twitter/gu5taf/128.jpg');
INSERT INTO part_time_ct VALUES ('Kavon79@hotmail.com');
INSERT INTO pt_free_schedule VALUES ('Kavon79@hotmail.com', '2020-05-13T16:00:00.000Z', '2021-11-13T16:00:00.000Z');
INSERT INTO pt_specializes_in VALUES ('Kavon79@hotmail.com', 'Lizard', 16);
INSERT INTO pt_specializes_in VALUES ('Kavon79@hotmail.com', 'Pig', 11);

INSERT INTO person VALUES ('Kraig_Koss93@yahoo.com', 'Nelson Marvin', '$2b$10$r3BD.leaooE.5vU28EYTuuBixKJ5aeV1AyrKyPHHI0BSkH.eNYs5i', '8724 Erdman Rest', 90762425, 'user', 'https://s3.amazonaws.com/uifaces/faces/twitter/ryandownie/128.jpg');
INSERT INTO full_time_ct VALUES ('Kraig_Koss93@yahoo.com');
INSERT INTO ft_specializes_in VALUES ('Kraig_Koss93@yahoo.com', 'Goat', 10);
INSERT INTO ft_specializes_in VALUES ('Kraig_Koss93@yahoo.com', 'Rabbit', 13);

INSERT INTO person VALUES ('Carter.Tremblay@hotmail.com', 'Princess Osinski', '$2b$10$r3BD.leaooE.5vU28EYTuuBixKJ5aeV1AyrKyPHHI0BSkH.eNYs5i', '144 Schaden Ranch', 90840482, 'user', 'https://s3.amazonaws.com/uifaces/faces/twitter/_williamguerra/128.jpg');
INSERT INTO credit_card VALUES (4307527630730, 'Carter.Tremblay@hotmail.com', '2023-06-12T10:52:37.272Z', 740);
INSERT INTO pet VALUES ('Koby', 'Carter.Tremblay@hotmail.com', 'Chinese Water Dragon', 'Quo qui voluptatibus dicta non.', 'Aliquid harum perspiciatis temporibus deserunt.');
INSERT INTO pet VALUES ('Verna', 'Carter.Tremblay@hotmail.com', 'Pigeon', 'Sed dolorum quia facilis occaecati natus aut.', 'Veritatis accusantium quisquam sed repellat nihil debitis aut ut ducimus.');

INSERT INTO person VALUES ('Esta.Mueller@yahoo.com', 'Melyna Cruickshank', '$2b$10$r3BD.leaooE.5vU28EYTuuBixKJ5aeV1AyrKyPHHI0BSkH.eNYs5i', '09524 Dicki Run', 90446093, 'user', 'https://s3.amazonaws.com/uifaces/faces/twitter/cicerobr/128.jpg');
INSERT INTO credit_card VALUES (340059057716014, 'Esta.Mueller@yahoo.com', '2021-04-20T19:17:35.497Z', 975);
INSERT INTO pet VALUES ('General', 'Esta.Mueller@yahoo.com', 'Fish', 'Maiores sed rem atque veritatis cum voluptate deleniti officiis.', 'Doloremque odit non qui qui.');
INSERT INTO pet VALUES ('Shanelle', 'Esta.Mueller@yahoo.com', 'Guinea Pig', 'Architecto inventore fugiat autem quod et molestias expedita voluptas aut.', 'Modi deserunt dolores incidunt.');

INSERT INTO person VALUES ('Shea78@yahoo.com', 'Veda Green', '$2b$10$r3BD.leaooE.5vU28EYTuuBixKJ5aeV1AyrKyPHHI0BSkH.eNYs5i', '3808 Marco Lights', 90234850, 'user', 'https://s3.amazonaws.com/uifaces/faces/twitter/thomasgeisen/128.jpg');
INSERT INTO credit_card VALUES (5436965283458120, 'Shea78@yahoo.com', '2021-08-19T09:47:06.215Z', 222);
INSERT INTO pet VALUES ('Terrance', 'Shea78@yahoo.com', 'Chicken', 'Aut dignissimos quia eveniet est eum quo ad.', 'Sed maxime rerum ex non dignissimos et.');
INSERT INTO pet VALUES ('Selina', 'Shea78@yahoo.com', 'Gerbil', 'Natus libero ducimus.', 'Laudantium et dicta magnam rem natus eum est.');

INSERT INTO person VALUES ('Rosanna.Rodriguez@gmail.com', 'Hertha Treutel', '$2b$10$r3BD.leaooE.5vU28EYTuuBixKJ5aeV1AyrKyPHHI0BSkH.eNYs5i', '282 Mitchell Shores', 90286876, 'user', 'https://s3.amazonaws.com/uifaces/faces/twitter/yigitpinarbasi/128.jpg');
INSERT INTO credit_card VALUES (6759023386881051, 'Rosanna.Rodriguez@gmail.com', '2022-06-24T06:21:29.180Z', 543);
INSERT INTO pet VALUES ('Velda', 'Rosanna.Rodriguez@gmail.com', 'Geese (Chinese Swan Goose)', 'Veniam consequatur ut.', 'Ut atque facere.');
INSERT INTO full_time_ct VALUES ('Rosanna.Rodriguez@gmail.com');
INSERT INTO ft_specializes_in VALUES ('Rosanna.Rodriguez@gmail.com', 'Peafowl', 11);

INSERT INTO person VALUES ('Hope_OReilly@yahoo.com', 'Kelley Hayes', '$2b$10$r3BD.leaooE.5vU28EYTuuBixKJ5aeV1AyrKyPHHI0BSkH.eNYs5i', '9396 Kiel Cape', 90439529, 'user', 'https://s3.amazonaws.com/uifaces/faces/twitter/fotomagin/128.jpg');

INSERT INTO person VALUES ('Aurelie.Muller77@gmail.com', 'Easton Robel', '$2b$10$r3BD.leaooE.5vU28EYTuuBixKJ5aeV1AyrKyPHHI0BSkH.eNYs5i', '1881 Olson Land', 90041083, 'user', 'https://s3.amazonaws.com/uifaces/faces/twitter/mdsisto/128.jpg');
INSERT INTO part_time_ct VALUES ('Aurelie.Muller77@gmail.com');
INSERT INTO pt_free_schedule VALUES ('Aurelie.Muller77@gmail.com', '2020-05-13T16:00:00.000Z', '2021-11-13T16:00:00.000Z');
INSERT INTO pt_specializes_in VALUES ('Aurelie.Muller77@gmail.com', 'Mice', 19);

INSERT INTO person VALUES ('Domenic.Jakubowski@yahoo.com', 'Bradly Nikolaus', '$2b$10$r3BD.leaooE.5vU28EYTuuBixKJ5aeV1AyrKyPHHI0BSkH.eNYs5i', '278 Keaton Flat', 90092763, 'user', 'https://s3.amazonaws.com/uifaces/faces/twitter/rawdiggie/128.jpg');
INSERT INTO credit_card VALUES (6379449066464875, 'Domenic.Jakubowski@yahoo.com', '2022-09-01T14:42:42.160Z', 179);
INSERT INTO pet VALUES ('Jevon', 'Domenic.Jakubowski@yahoo.com', 'Pot Bellied Pig', 'Consequatur labore dolor quod sed alias sit fugiat.', 'Id ut aliquid sed reprehenderit repudiandae consequatur aut laudantium aliquam.');
INSERT INTO full_time_ct VALUES ('Domenic.Jakubowski@yahoo.com');
INSERT INTO ft_specializes_in VALUES ('Domenic.Jakubowski@yahoo.com', 'Mule', 0);

INSERT INTO person VALUES ('Robin_Kozey@hotmail.com', 'Alice Bogisich', '$2b$10$r3BD.leaooE.5vU28EYTuuBixKJ5aeV1AyrKyPHHI0BSkH.eNYs5i', '57599 Walker Throughway', 90507476, 'user', 'https://s3.amazonaws.com/uifaces/faces/twitter/gaborenton/128.jpg');

INSERT INTO person VALUES ('Angus.Doyle@yahoo.com', 'Zackery Breitenberg', '$2b$10$r3BD.leaooE.5vU28EYTuuBixKJ5aeV1AyrKyPHHI0BSkH.eNYs5i', '50024 Brice Grove', 90425473, 'user', 'https://s3.amazonaws.com/uifaces/faces/twitter/joelhelin/128.jpg');
INSERT INTO credit_card VALUES (3528101825665030, 'Angus.Doyle@yahoo.com', '2021-01-27T18:14:55.019Z', 825);
INSERT INTO pet VALUES ('Anastacio', 'Angus.Doyle@yahoo.com', 'Duck', 'Ut cum cumque repellendus iure ipsa nostrum suscipit dicta et.', 'Et aut molestias et quidem quia repellendus ipsum.');
INSERT INTO pet VALUES ('Melba', 'Angus.Doyle@yahoo.com', 'Llama', 'Aliquid accusantium nulla voluptatem voluptas maxime facilis.', 'Corrupti quidem saepe id praesentium.');
INSERT INTO part_time_ct VALUES ('Angus.Doyle@yahoo.com');
INSERT INTO pt_free_schedule VALUES ('Angus.Doyle@yahoo.com', '2020-05-13T16:00:00.000Z', '2021-11-13T16:00:00.000Z');
INSERT INTO pt_specializes_in VALUES ('Angus.Doyle@yahoo.com', 'Chinchilla', 15);
INSERT INTO pt_specializes_in VALUES ('Angus.Doyle@yahoo.com', 'Cow', 7);
INSERT INTO pt_specializes_in VALUES ('Angus.Doyle@yahoo.com', 'Pot Bellied Pig', 3);

INSERT INTO person VALUES ('Marjorie82@hotmail.com', 'Carlos Reichel', '$2b$10$r3BD.leaooE.5vU28EYTuuBixKJ5aeV1AyrKyPHHI0BSkH.eNYs5i', '13447 Giuseppe Turnpike', 90862639, 'user', 'https://s3.amazonaws.com/uifaces/faces/twitter/thierrykoblentz/128.jpg');

INSERT INTO person VALUES ('Amelie_Bahringer@yahoo.com', 'Isabelle Jacobson', '$2b$10$r3BD.leaooE.5vU28EYTuuBixKJ5aeV1AyrKyPHHI0BSkH.eNYs5i', '3535 Volkman Rapids', 90418633, 'user', 'https://s3.amazonaws.com/uifaces/faces/twitter/danpliego/128.jpg');
INSERT INTO full_time_ct VALUES ('Amelie_Bahringer@yahoo.com');
INSERT INTO ft_specializes_in VALUES ('Amelie_Bahringer@yahoo.com', 'Ferret', 10);
INSERT INTO ft_specializes_in VALUES ('Amelie_Bahringer@yahoo.com', 'Llama', 12);
INSERT INTO ft_specializes_in VALUES ('Amelie_Bahringer@yahoo.com', 'Lizard', 13);

INSERT INTO person VALUES ('Leopold22@yahoo.com', 'Colten Gibson', '$2b$10$r3BD.leaooE.5vU28EYTuuBixKJ5aeV1AyrKyPHHI0BSkH.eNYs5i', '612 Moore Common', 90903507, 'user', 'https://s3.amazonaws.com/uifaces/faces/twitter/bublienko/128.jpg');
INSERT INTO credit_card VALUES (36184456764935, 'Leopold22@yahoo.com', '2021-04-22T15:21:08.713Z', 999);
INSERT INTO pet VALUES ('Kenton', 'Leopold22@yahoo.com', 'Guinea Fowl', 'Enim a tempora voluptatem est.', 'Reprehenderit laborum exercitationem a quae dolor et.');
INSERT INTO pet VALUES ('Mariano', 'Leopold22@yahoo.com', 'Mule', 'Necessitatibus est sit iure quos.', 'Itaque saepe et harum inventore incidunt quo odio minus.');

INSERT INTO person VALUES ('Crystal.Hayes43@yahoo.com', 'Bria Block', '$2b$10$r3BD.leaooE.5vU28EYTuuBixKJ5aeV1AyrKyPHHI0BSkH.eNYs5i', '7640 Hessel Green', 90662454, 'user', 'https://s3.amazonaws.com/uifaces/faces/twitter/bublienko/128.jpg');
INSERT INTO full_time_ct VALUES ('Crystal.Hayes43@yahoo.com');
INSERT INTO ft_specializes_in VALUES ('Crystal.Hayes43@yahoo.com', 'Llama', 16);

INSERT INTO person VALUES ('Lamar_Goodwin@hotmail.com', 'Herminio Mante', '$2b$10$r3BD.leaooE.5vU28EYTuuBixKJ5aeV1AyrKyPHHI0BSkH.eNYs5i', '960 Armstrong Camp', 90536298, 'user', 'https://s3.amazonaws.com/uifaces/faces/twitter/jarjan/128.jpg');

INSERT INTO person VALUES ('Hardy.Terry@gmail.com', 'Hannah Renner', '$2b$10$r3BD.leaooE.5vU28EYTuuBixKJ5aeV1AyrKyPHHI0BSkH.eNYs5i', '66031 Pearline Shore', 90188204, 'user', 'https://s3.amazonaws.com/uifaces/faces/twitter/kianoshp/128.jpg');
INSERT INTO credit_card VALUES (5018056529798630, 'Hardy.Terry@gmail.com', '2025-01-18T11:49:20.250Z', 656);
INSERT INTO pet VALUES ('Nyasia', 'Hardy.Terry@gmail.com', 'Iguana', 'Aut aut in ex non dolorem nihil.', 'Voluptas quisquam dignissimos ea non inventore.');
INSERT INTO pet VALUES ('Teagan', 'Hardy.Terry@gmail.com', 'Guinea Fowl', 'Suscipit esse quis quo distinctio error eaque illum id.', 'In saepe dolore molestiae autem voluptates dolores autem occaecati impedit.');
INSERT INTO full_time_ct VALUES ('Hardy.Terry@gmail.com');
INSERT INTO ft_specializes_in VALUES ('Hardy.Terry@gmail.com', 'Ferret', 15);

INSERT INTO person VALUES ('London_Barton@gmail.com', 'Bennett Ankunding', '$2b$10$r3BD.leaooE.5vU28EYTuuBixKJ5aeV1AyrKyPHHI0BSkH.eNYs5i', '63440 VonRueden Branch', 90635642, 'user', 'https://s3.amazonaws.com/uifaces/faces/twitter/mizhgan/128.jpg');
INSERT INTO part_time_ct VALUES ('London_Barton@gmail.com');
INSERT INTO pt_free_schedule VALUES ('London_Barton@gmail.com', '2020-05-13T16:00:00.000Z', '2021-11-13T16:00:00.000Z');
INSERT INTO pt_specializes_in VALUES ('London_Barton@gmail.com', 'Goat', 10);
INSERT INTO pt_specializes_in VALUES ('London_Barton@gmail.com', 'Guinea Fowl', 8);

INSERT INTO person VALUES ('Luella85@gmail.com', 'Cindy Kassulke', '$2b$10$r3BD.leaooE.5vU28EYTuuBixKJ5aeV1AyrKyPHHI0BSkH.eNYs5i', '14072 Cartwright Isle', 90201901, 'user', 'https://s3.amazonaws.com/uifaces/faces/twitter/stalewine/128.jpg');
INSERT INTO full_time_ct VALUES ('Luella85@gmail.com');
INSERT INTO ft_specializes_in VALUES ('Luella85@gmail.com', 'Ferret', 18);
INSERT INTO ft_specializes_in VALUES ('Luella85@gmail.com', 'Hedgehog', 10);

INSERT INTO person VALUES ('Genevieve_Ondricka@yahoo.com', 'Lenny Mosciski', '$2b$10$r3BD.leaooE.5vU28EYTuuBixKJ5aeV1AyrKyPHHI0BSkH.eNYs5i', '19652 Abdul Bypass', 90490503, 'user', 'https://s3.amazonaws.com/uifaces/faces/twitter/fronx/128.jpg');
INSERT INTO full_time_ct VALUES ('Genevieve_Ondricka@yahoo.com');
INSERT INTO ft_specializes_in VALUES ('Genevieve_Ondricka@yahoo.com', 'Lizard', 2);

INSERT INTO person VALUES ('Frida.Mueller@hotmail.com', 'Amaya Jones', '$2b$10$r3BD.leaooE.5vU28EYTuuBixKJ5aeV1AyrKyPHHI0BSkH.eNYs5i', '53793 Pearlie Passage', 90494732, 'user', 'https://s3.amazonaws.com/uifaces/faces/twitter/janpalounek/128.jpg');
INSERT INTO part_time_ct VALUES ('Frida.Mueller@hotmail.com');
INSERT INTO pt_free_schedule VALUES ('Frida.Mueller@hotmail.com', '2020-05-13T16:00:00.000Z', '2021-11-13T16:00:00.000Z');
INSERT INTO pt_specializes_in VALUES ('Frida.Mueller@hotmail.com', 'Geese (Chinese Swan Goose)', 8);
INSERT INTO pt_specializes_in VALUES ('Frida.Mueller@hotmail.com', 'Ponie', 13);

INSERT INTO person VALUES ('Daphney_Anderson28@yahoo.com', 'Janessa Cole', '$2b$10$r3BD.leaooE.5vU28EYTuuBixKJ5aeV1AyrKyPHHI0BSkH.eNYs5i', '6425 Bayer Place', 90401459, 'user', 'https://s3.amazonaws.com/uifaces/faces/twitter/ryankirkman/128.jpg');
INSERT INTO credit_card VALUES (6502620207366329, 'Daphney_Anderson28@yahoo.com', '2022-02-20T22:49:31.399Z', 927);
INSERT INTO pet VALUES ('Laurie', 'Daphney_Anderson28@yahoo.com', 'Chameleons (Veiled)', 'Saepe libero asperiores aut rerum.', 'Odit odio amet sunt eveniet aliquid odit dolorem.');
INSERT INTO pet VALUES ('Tillman', 'Daphney_Anderson28@yahoo.com', 'Pot Bellied Pig', 'Iure laudantium enim possimus laudantium ipsam ratione voluptatibus iusto optio.', 'Consequuntur alias fugiat qui.');
INSERT INTO full_time_ct VALUES ('Daphney_Anderson28@yahoo.com');
INSERT INTO ft_specializes_in VALUES ('Daphney_Anderson28@yahoo.com', 'Mice', 8);

INSERT INTO person VALUES ('Cyril58@gmail.com', 'Vivien Larson', '$2b$10$r3BD.leaooE.5vU28EYTuuBixKJ5aeV1AyrKyPHHI0BSkH.eNYs5i', '0586 Emily Viaduct', 90811971, 'user', 'https://s3.amazonaws.com/uifaces/faces/twitter/91bilal/128.jpg');
INSERT INTO full_time_ct VALUES ('Cyril58@gmail.com');
INSERT INTO ft_specializes_in VALUES ('Cyril58@gmail.com', 'Gecko', 0);

INSERT INTO person VALUES ('Kenton91@gmail.com', 'Kyler Lueilwitz', '$2b$10$r3BD.leaooE.5vU28EYTuuBixKJ5aeV1AyrKyPHHI0BSkH.eNYs5i', '820 Curtis Burg', 90550212, 'user', 'https://s3.amazonaws.com/uifaces/faces/twitter/kevka/128.jpg');
INSERT INTO credit_card VALUES (6771887194836834, 'Kenton91@gmail.com', '2024-01-22T15:50:57.422Z', 203);
INSERT INTO pet VALUES ('Winona', 'Kenton91@gmail.com', 'Donkey', 'Perferendis voluptatibus non.', 'Veniam incidunt voluptas.');
INSERT INTO pet VALUES ('Johnny', 'Kenton91@gmail.com', 'Duck', 'Tempore dignissimos molestiae quia ut sit magni molestias.', 'Vero qui maiores velit.');
INSERT INTO part_time_ct VALUES ('Kenton91@gmail.com');
INSERT INTO pt_free_schedule VALUES ('Kenton91@gmail.com', '2020-05-13T16:00:00.000Z', '2021-11-13T16:00:00.000Z');
INSERT INTO pt_specializes_in VALUES ('Kenton91@gmail.com', 'Duck', 20);

INSERT INTO person VALUES ('Vena.Nienow@hotmail.com', 'Elmore Bartell', '$2b$10$r3BD.leaooE.5vU28EYTuuBixKJ5aeV1AyrKyPHHI0BSkH.eNYs5i', '393 Laisha Knolls', 90963457, 'user', 'https://s3.amazonaws.com/uifaces/faces/twitter/itskawsar/128.jpg');
INSERT INTO credit_card VALUES (6392268293228381, 'Vena.Nienow@hotmail.com', '2021-01-22T10:02:08.004Z', 623);
INSERT INTO pet VALUES ('Arnoldo', 'Vena.Nienow@hotmail.com', 'Guinea Pig', 'Veniam voluptas nemo saepe rem aliquid nobis incidunt et.', 'Quas quis aut nam ipsam.');
INSERT INTO pet VALUES ('Orrin', 'Vena.Nienow@hotmail.com', 'Gerbil', 'Nisi nihil cum.', 'Vero autem inventore et ut vero dignissimos excepturi.');

INSERT INTO person VALUES ('Barbara78@yahoo.com', 'Cristal Keebler', '$2b$10$r3BD.leaooE.5vU28EYTuuBixKJ5aeV1AyrKyPHHI0BSkH.eNYs5i', '08347 Lemke Extensions', 90685312, 'user', 'https://s3.amazonaws.com/uifaces/faces/twitter/okansurreel/128.jpg');
INSERT INTO credit_card VALUES (345317778976538, 'Barbara78@yahoo.com', '2021-01-21T15:29:33.914Z', 432);
INSERT INTO pet VALUES ('Ariel', 'Barbara78@yahoo.com', 'Duck', 'Id reiciendis adipisci et ipsam.', 'Tempora suscipit molestiae earum est maxime quis asperiores veniam vel.');

INSERT INTO person VALUES ('Waino38@yahoo.com', 'Melyssa Ziemann', '$2b$10$r3BD.leaooE.5vU28EYTuuBixKJ5aeV1AyrKyPHHI0BSkH.eNYs5i', '735 Marks Bypass', 90214890, 'user', 'https://s3.amazonaws.com/uifaces/faces/twitter/rweve/128.jpg');

INSERT INTO person VALUES ('Joshuah.Kuhlman58@hotmail.com', 'Arvid Buckridge', '$2b$10$r3BD.leaooE.5vU28EYTuuBixKJ5aeV1AyrKyPHHI0BSkH.eNYs5i', '4412 Effertz Islands', 90467093, 'user', 'https://s3.amazonaws.com/uifaces/faces/twitter/jmillspaysbills/128.jpg');
INSERT INTO full_time_ct VALUES ('Joshuah.Kuhlman58@hotmail.com');
INSERT INTO ft_specializes_in VALUES ('Joshuah.Kuhlman58@hotmail.com', 'Bird', 12);
INSERT INTO ft_specializes_in VALUES ('Joshuah.Kuhlman58@hotmail.com', 'Rabbit', 14);

INSERT INTO person VALUES ('Chase24@gmail.com', 'Dexter Wintheiser', '$2b$10$r3BD.leaooE.5vU28EYTuuBixKJ5aeV1AyrKyPHHI0BSkH.eNYs5i', '8139 Minnie Skyway', 90823304, 'user', 'https://s3.amazonaws.com/uifaces/faces/twitter/tjisousa/128.jpg');
INSERT INTO part_time_ct VALUES ('Chase24@gmail.com');
INSERT INTO pt_free_schedule VALUES ('Chase24@gmail.com', '2020-05-13T16:00:00.000Z', '2021-11-13T16:00:00.000Z');
INSERT INTO pt_specializes_in VALUES ('Chase24@gmail.com', 'Hedgehog', 16);
INSERT INTO pt_specializes_in VALUES ('Chase24@gmail.com', 'Mule', 13);
INSERT INTO pt_specializes_in VALUES ('Chase24@gmail.com', 'Pigeon', 3);

INSERT INTO person VALUES ('Noemi.Boyle31@gmail.com', 'Ashlynn Strosin', '$2b$10$r3BD.leaooE.5vU28EYTuuBixKJ5aeV1AyrKyPHHI0BSkH.eNYs5i', '11951 Mayert Knoll', 90177407, 'user', 'https://s3.amazonaws.com/uifaces/faces/twitter/dzantievm/128.jpg');
INSERT INTO credit_card VALUES (6759080699954568, 'Noemi.Boyle31@gmail.com', '2021-01-05T15:21:43.551Z', 770);
INSERT INTO pet VALUES ('Sven', 'Noemi.Boyle31@gmail.com', 'Gerbil', 'Omnis nam quia et beatae et repellat.', 'Expedita placeat unde sit occaecati.');
INSERT INTO pet VALUES ('Brayan', 'Noemi.Boyle31@gmail.com', 'Gecko', 'Cupiditate id voluptatem.', 'Nostrum dignissimos aut ut amet laborum quibusdam ipsam error.');

INSERT INTO person VALUES ('Madeline.Schowalter4@yahoo.com', 'Keara Padberg', '$2b$10$r3BD.leaooE.5vU28EYTuuBixKJ5aeV1AyrKyPHHI0BSkH.eNYs5i', '781 Dimitri Vista', 90842899, 'user', 'https://s3.amazonaws.com/uifaces/faces/twitter/coreyginnivan/128.jpg');
INSERT INTO credit_card VALUES (5038021486507420, 'Madeline.Schowalter4@yahoo.com', '2021-11-14T19:45:36.196Z', 922);
INSERT INTO pet VALUES ('Jaiden', 'Madeline.Schowalter4@yahoo.com', 'Chameleons (Veiled)', 'Incidunt itaque similique est facilis.', 'Laboriosam debitis facere quia dolores quas dolor fugit corrupti.');
INSERT INTO pet VALUES ('Susanna', 'Madeline.Schowalter4@yahoo.com', 'Horse', 'Et labore perspiciatis consequuntur inventore quia ut quo officiis quibusdam.', 'Ut culpa cumque assumenda sit cumque nam.');
INSERT INTO part_time_ct VALUES ('Madeline.Schowalter4@yahoo.com');
INSERT INTO pt_free_schedule VALUES ('Madeline.Schowalter4@yahoo.com', '2020-05-13T16:00:00.000Z', '2021-11-13T16:00:00.000Z');
INSERT INTO pt_specializes_in VALUES ('Madeline.Schowalter4@yahoo.com', 'Ferret', 11);
INSERT INTO pt_specializes_in VALUES ('Madeline.Schowalter4@yahoo.com', 'Hog', 12);

INSERT INTO person VALUES ('Isaiah.Corwin49@gmail.com', 'Mateo Ratke', '$2b$10$r3BD.leaooE.5vU28EYTuuBixKJ5aeV1AyrKyPHHI0BSkH.eNYs5i', '912 Mosciski Rapids', 90432638, 'user', 'https://s3.amazonaws.com/uifaces/faces/twitter/layerssss/128.jpg');
INSERT INTO credit_card VALUES (6706183791682822, 'Isaiah.Corwin49@gmail.com', '2021-07-20T21:51:16.480Z', 118);
INSERT INTO pet VALUES ('Margie', 'Isaiah.Corwin49@gmail.com', 'Hamster', 'Qui sunt voluptas eum recusandae expedita qui ut quo.', 'Sint dolores laborum doloremque rem.');
INSERT INTO pet VALUES ('Jess', 'Isaiah.Corwin49@gmail.com', 'Ferret', 'Nulla debitis blanditiis minima atque animi.', 'Labore et fugit laborum.');

INSERT INTO person VALUES ('Amya_Jaskolski15@yahoo.com', 'Vernie Price', '$2b$10$r3BD.leaooE.5vU28EYTuuBixKJ5aeV1AyrKyPHHI0BSkH.eNYs5i', '6901 Jaydon Heights', 90791193, 'user', 'https://s3.amazonaws.com/uifaces/faces/twitter/YoungCutlass/128.jpg');
INSERT INTO full_time_ct VALUES ('Amya_Jaskolski15@yahoo.com');
INSERT INTO ft_specializes_in VALUES ('Amya_Jaskolski15@yahoo.com', 'Gecko', 8);

INSERT INTO person VALUES ('Lysanne_Wolff11@hotmail.com', 'Jacklyn Kutch', '$2b$10$r3BD.leaooE.5vU28EYTuuBixKJ5aeV1AyrKyPHHI0BSkH.eNYs5i', '98674 Emilie Loaf', 90406696, 'user', 'https://s3.amazonaws.com/uifaces/faces/twitter/colgruv/128.jpg');
INSERT INTO credit_card VALUES (6515629456521990, 'Lysanne_Wolff11@hotmail.com', '2022-04-25T01:46:18.453Z', 978);
INSERT INTO pet VALUES ('Oscar', 'Lysanne_Wolff11@hotmail.com', 'Geese (Chinese Swan Goose)', 'Porro aperiam sed enim ut corrupti.', 'Consequuntur earum qui aut aut est consequatur id.');
INSERT INTO pet VALUES ('Shyann', 'Lysanne_Wolff11@hotmail.com', 'Guinea Fowl', 'Sit est ratione qui qui aliquam earum.', 'Iste vitae iste iure laudantium iste voluptas.');

INSERT INTO person VALUES ('Gerhard_Johnston22@hotmail.com', 'Unique Brekke', '$2b$10$r3BD.leaooE.5vU28EYTuuBixKJ5aeV1AyrKyPHHI0BSkH.eNYs5i', '189 Itzel Keys', 90503808, 'user', 'https://s3.amazonaws.com/uifaces/faces/twitter/begreative/128.jpg');
INSERT INTO credit_card VALUES (5018308497886503, 'Gerhard_Johnston22@hotmail.com', '2021-01-28T00:55:55.741Z', 749);
INSERT INTO pet VALUES ('Bethel', 'Gerhard_Johnston22@hotmail.com', 'Burro', 'Voluptates ipsum quia fuga aut doloribus amet.', 'Quibusdam architecto nihil.');
INSERT INTO pet VALUES ('Green', 'Gerhard_Johnston22@hotmail.com', 'Mice', 'In vitae dolorum quam asperiores ea quo.', 'Voluptate adipisci asperiores non natus beatae ea explicabo.');

INSERT INTO person VALUES ('Rory8@gmail.com', 'Mireille Hermann', '$2b$10$r3BD.leaooE.5vU28EYTuuBixKJ5aeV1AyrKyPHHI0BSkH.eNYs5i', '8057 Marques Rue', 90868082, 'user', 'https://s3.amazonaws.com/uifaces/faces/twitter/jjsiii/128.jpg');

INSERT INTO person VALUES ('Valentina40@hotmail.com', 'Kenny Dach', '$2b$10$r3BD.leaooE.5vU28EYTuuBixKJ5aeV1AyrKyPHHI0BSkH.eNYs5i', '166 Wolf Turnpike', 90533723, 'user', 'https://s3.amazonaws.com/uifaces/faces/twitter/kushsolitary/128.jpg');
INSERT INTO part_time_ct VALUES ('Valentina40@hotmail.com');
INSERT INTO pt_free_schedule VALUES ('Valentina40@hotmail.com', '2020-05-13T16:00:00.000Z', '2021-11-13T16:00:00.000Z');
INSERT INTO pt_specializes_in VALUES ('Valentina40@hotmail.com', 'Chicken', 10);
INSERT INTO pt_specializes_in VALUES ('Valentina40@hotmail.com', 'Peafowl', 11);
INSERT INTO pt_specializes_in VALUES ('Valentina40@hotmail.com', 'Pot Bellied Pig', 8);

INSERT INTO person VALUES ('Elian50@yahoo.com', 'Anthony Sawayn', '$2b$10$r3BD.leaooE.5vU28EYTuuBixKJ5aeV1AyrKyPHHI0BSkH.eNYs5i', '0455 Okuneva Ridge', 90607717, 'user', 'https://s3.amazonaws.com/uifaces/faces/twitter/nehfy/128.jpg');
INSERT INTO credit_card VALUES (6517835095422412, 'Elian50@yahoo.com', '2021-10-02T20:45:51.657Z', 559);
INSERT INTO pet VALUES ('Isai', 'Elian50@yahoo.com', 'Iguana', 'Itaque fuga natus omnis velit.', 'Architecto tempore accusamus aperiam.');
INSERT INTO pet VALUES ('Dejon', 'Elian50@yahoo.com', 'Hog', 'A voluptatem assumenda reprehenderit autem.', 'Quas omnis doloribus praesentium est sequi voluptatum adipisci dignissimos.');

INSERT INTO person VALUES ('Carlotta4@gmail.com', 'Melisa Maggio', '$2b$10$r3BD.leaooE.5vU28EYTuuBixKJ5aeV1AyrKyPHHI0BSkH.eNYs5i', '4983 Kuhlman Harbor', 90174299, 'user', 'https://s3.amazonaws.com/uifaces/faces/twitter/embrcecreations/128.jpg');
INSERT INTO credit_card VALUES (3575896556811014, 'Carlotta4@gmail.com', '2021-04-15T13:14:32.324Z', 099);
INSERT INTO pet VALUES ('Thaddeus', 'Carlotta4@gmail.com', 'Pigeon', 'Et deserunt qui assumenda placeat ducimus eum dicta.', 'Neque velit voluptate commodi.');
INSERT INTO pet VALUES ('Jaron', 'Carlotta4@gmail.com', 'Guinea Pig', 'Voluptate facilis quibusdam.', 'Sed nihil incidunt nam ut quod deleniti eos omnis.');
INSERT INTO part_time_ct VALUES ('Carlotta4@gmail.com');
INSERT INTO pt_free_schedule VALUES ('Carlotta4@gmail.com', '2020-05-13T16:00:00.000Z', '2021-11-13T16:00:00.000Z');
INSERT INTO pt_specializes_in VALUES ('Carlotta4@gmail.com', 'Guinea Pig', 16);

INSERT INTO person VALUES ('Leonie.Bartell11@yahoo.com', 'Violet Wolff', '$2b$10$r3BD.leaooE.5vU28EYTuuBixKJ5aeV1AyrKyPHHI0BSkH.eNYs5i', '1771 Feil Roads', 90081804, 'user', 'https://s3.amazonaws.com/uifaces/faces/twitter/macxim/128.jpg');
INSERT INTO credit_card VALUES (6763564926139790, 'Leonie.Bartell11@yahoo.com', '2020-11-23T20:53:15.968Z', 142);
INSERT INTO pet VALUES ('Cordell', 'Leonie.Bartell11@yahoo.com', 'Chameleons (Veiled)', 'Similique deleniti numquam deserunt laborum placeat quibusdam molestias natus praesentium.', 'Assumenda reiciendis dolore.');
INSERT INTO pet VALUES ('Aylin', 'Leonie.Bartell11@yahoo.com', 'Guinea Pig', 'Similique nisi quaerat et consequatur minima et.', 'Quaerat optio numquam magnam aliquid laudantium quis facere.');

INSERT INTO person VALUES ('Broderick.Abernathy@gmail.com', 'Charlie Von', '$2b$10$r3BD.leaooE.5vU28EYTuuBixKJ5aeV1AyrKyPHHI0BSkH.eNYs5i', '6575 Labadie Village', 90071960, 'user', 'https://s3.amazonaws.com/uifaces/faces/twitter/thaodang17/128.jpg');
INSERT INTO credit_card VALUES (4046982944013278, 'Broderick.Abernathy@gmail.com', '2024-12-24T03:08:04.006Z', 013);
INSERT INTO pet VALUES ('Akeem', 'Broderick.Abernathy@gmail.com', 'Peafowl', 'Repellendus qui quaerat ipsa eaque est voluptatem nam earum corporis.', 'Et quidem et nihil accusamus molestiae enim totam.');
INSERT INTO pet VALUES ('Willie', 'Broderick.Abernathy@gmail.com', 'Duck', 'Et consequatur voluptate ipsum non.', 'Corrupti sequi consequatur dolor eaque qui debitis reiciendis eum.');
INSERT INTO part_time_ct VALUES ('Broderick.Abernathy@gmail.com');
INSERT INTO pt_free_schedule VALUES ('Broderick.Abernathy@gmail.com', '2020-05-13T16:00:00.000Z', '2021-11-13T16:00:00.000Z');
INSERT INTO pt_specializes_in VALUES ('Broderick.Abernathy@gmail.com', 'Guinea Fowl', 11);

INSERT INTO person VALUES ('Jalon.Streich@hotmail.com', 'Adalberto Towne', '$2b$10$r3BD.leaooE.5vU28EYTuuBixKJ5aeV1AyrKyPHHI0BSkH.eNYs5i', '452 Wisozk Mountain', 90673202, 'user', 'https://s3.amazonaws.com/uifaces/faces/twitter/greenbes/128.jpg');

INSERT INTO person VALUES ('Garett_Sipes@yahoo.com', 'Phoebe Rodriguez', '$2b$10$r3BD.leaooE.5vU28EYTuuBixKJ5aeV1AyrKyPHHI0BSkH.eNYs5i', '736 Rick Inlet', 90709022, 'user', 'https://s3.amazonaws.com/uifaces/faces/twitter/martinansty/128.jpg');
INSERT INTO credit_card VALUES (5263111989262496, 'Garett_Sipes@yahoo.com', '2023-07-07T07:58:36.399Z', 174);
INSERT INTO pet VALUES ('Donato', 'Garett_Sipes@yahoo.com', 'Rabbit', 'Illo maiores officiis culpa quam quis animi ipsam.', 'Ut reprehenderit voluptatem.');
INSERT INTO pet VALUES ('Alvah', 'Garett_Sipes@yahoo.com', 'Fish', 'Distinctio minima aut nihil quis.', 'Hic aut sit incidunt eveniet ut.');

INSERT INTO person VALUES ('Katlynn.Will@gmail.com', 'Lilliana Weimann', '$2b$10$r3BD.leaooE.5vU28EYTuuBixKJ5aeV1AyrKyPHHI0BSkH.eNYs5i', '9165 Junius Dale', 90573130, 'user', 'https://s3.amazonaws.com/uifaces/faces/twitter/al_li/128.jpg');
INSERT INTO credit_card VALUES (6761140170692673, 'Katlynn.Will@gmail.com', '2022-09-03T07:28:26.632Z', 999);
INSERT INTO pet VALUES ('Tessie', 'Katlynn.Will@gmail.com', 'Gecko', 'Sit et sequi beatae esse deleniti libero molestiae.', 'Est voluptatem molestiae et voluptas eum consequatur commodi quo.');
INSERT INTO pet VALUES ('Myrtice', 'Katlynn.Will@gmail.com', 'Ferret', 'Id non ut.', 'Consequuntur omnis sed.');
INSERT INTO part_time_ct VALUES ('Katlynn.Will@gmail.com');
INSERT INTO pt_free_schedule VALUES ('Katlynn.Will@gmail.com', '2020-05-13T16:00:00.000Z', '2021-11-13T16:00:00.000Z');
INSERT INTO pt_specializes_in VALUES ('Katlynn.Will@gmail.com', 'Duck', 12);

INSERT INTO person VALUES ('Lisandro83@hotmail.com', 'Agustina Hudson', '$2b$10$r3BD.leaooE.5vU28EYTuuBixKJ5aeV1AyrKyPHHI0BSkH.eNYs5i', '4809 Ritchie Crescent', 90251099, 'user', 'https://s3.amazonaws.com/uifaces/faces/twitter/mslarkina/128.jpg');
INSERT INTO credit_card VALUES (5422011788072969, 'Lisandro83@hotmail.com', '2022-05-19T22:44:26.316Z', 735);
INSERT INTO pet VALUES ('Percy', 'Lisandro83@hotmail.com', 'Goat', 'Ut libero quaerat.', 'Assumenda occaecati sunt facilis illo rerum ea ut dolore cupiditate.');
INSERT INTO pet VALUES ('Kenneth', 'Lisandro83@hotmail.com', 'Chicken', 'Inventore pariatur aliquid molestiae.', 'Sapiente ea error ab error et.');
INSERT INTO full_time_ct VALUES ('Lisandro83@hotmail.com');
INSERT INTO ft_specializes_in VALUES ('Lisandro83@hotmail.com', 'Fish', 3);

INSERT INTO person VALUES ('Hector42@hotmail.com', 'Carley Durgan', '$2b$10$r3BD.leaooE.5vU28EYTuuBixKJ5aeV1AyrKyPHHI0BSkH.eNYs5i', '32981 Giovanni Lodge', 90348884, 'user', 'https://s3.amazonaws.com/uifaces/faces/twitter/josevnclch/128.jpg');
INSERT INTO credit_card VALUES (346344608759515, 'Hector42@hotmail.com', '2022-08-26T02:37:31.281Z', 839);
INSERT INTO pet VALUES ('Austin', 'Hector42@hotmail.com', 'Guinea Pig', 'Est sed cumque et quis voluptate aperiam hic.', 'Et eum ea.');

INSERT INTO person VALUES ('Hannah_Wolf@gmail.com', 'Lavon Terry', '$2b$10$r3BD.leaooE.5vU28EYTuuBixKJ5aeV1AyrKyPHHI0BSkH.eNYs5i', '16862 Waters Via', 90945179, 'user', 'https://s3.amazonaws.com/uifaces/faces/twitter/jitachi/128.jpg');
INSERT INTO part_time_ct VALUES ('Hannah_Wolf@gmail.com');
INSERT INTO pt_free_schedule VALUES ('Hannah_Wolf@gmail.com', '2020-05-13T16:00:00.000Z', '2021-11-13T16:00:00.000Z');
INSERT INTO pt_specializes_in VALUES ('Hannah_Wolf@gmail.com', 'Bearded Dragon', 13);
INSERT INTO pt_specializes_in VALUES ('Hannah_Wolf@gmail.com', 'Iguana', 15);

INSERT INTO person VALUES ('Catharine_Heathcote@yahoo.com', 'Noemie Greenfelder', '$2b$10$r3BD.leaooE.5vU28EYTuuBixKJ5aeV1AyrKyPHHI0BSkH.eNYs5i', '28046 Bins Square', 90135104, 'user', 'https://s3.amazonaws.com/uifaces/faces/twitter/ryanjohnson_me/128.jpg');

INSERT INTO person VALUES ('Quinn.Ankunding@yahoo.com', 'Javon Hessel', '$2b$10$r3BD.leaooE.5vU28EYTuuBixKJ5aeV1AyrKyPHHI0BSkH.eNYs5i', '5995 Ellen Estates', 90444984, 'user', 'https://s3.amazonaws.com/uifaces/faces/twitter/AlbertoCococi/128.jpg');
INSERT INTO credit_card VALUES (5432403401369383, 'Quinn.Ankunding@yahoo.com', '2021-07-05T02:29:37.413Z', 452);
INSERT INTO pet VALUES ('Janessa', 'Quinn.Ankunding@yahoo.com', 'Peafowl', 'Fuga qui numquam non harum.', 'In doloribus a maxime modi alias.');
INSERT INTO pet VALUES ('Beau', 'Quinn.Ankunding@yahoo.com', 'Gerbil', 'A in excepturi velit tempore qui ab eius praesentium veritatis.', 'Omnis aliquid beatae corrupti occaecati.');

INSERT INTO person VALUES ('Braden12@gmail.com', 'Deshawn Wilderman', '$2b$10$r3BD.leaooE.5vU28EYTuuBixKJ5aeV1AyrKyPHHI0BSkH.eNYs5i', '73674 West Square', 90461511, 'user', 'https://s3.amazonaws.com/uifaces/faces/twitter/jghyllebert/128.jpg');
INSERT INTO credit_card VALUES (4831358682066, 'Braden12@gmail.com', '2021-10-26T18:07:01.298Z', 185);
INSERT INTO pet VALUES ('Estella', 'Braden12@gmail.com', 'Bearded Dragon', 'Modi suscipit molestias atque dolores et est.', 'Aut commodi nemo.');
INSERT INTO pet VALUES ('Geoffrey', 'Braden12@gmail.com', 'Guinea Pig', 'Sint voluptatem consequatur quis voluptate.', 'Quia nostrum voluptates libero facere est sed vel.');

INSERT INTO person VALUES ('Chloe59@yahoo.com', 'Francesca Von', '$2b$10$r3BD.leaooE.5vU28EYTuuBixKJ5aeV1AyrKyPHHI0BSkH.eNYs5i', '48683 Ricardo Garden', 90778223, 'user', 'https://s3.amazonaws.com/uifaces/faces/twitter/jagan123/128.jpg');
INSERT INTO credit_card VALUES (5018442763177932, 'Chloe59@yahoo.com', '2021-01-03T20:45:26.110Z', 034);
INSERT INTO pet VALUES ('Giovanna', 'Chloe59@yahoo.com', 'Cow', 'Dolore ex sunt.', 'Corrupti laboriosam eius quasi dolor sed illo eligendi quod.');
INSERT INTO pet VALUES ('Cali', 'Chloe59@yahoo.com', 'Hedgehog', 'Omnis officiis excepturi dolorem ut dolor voluptatem neque facere.', 'Distinctio sunt non sed natus necessitatibus maiores omnis veritatis id.');

INSERT INTO person VALUES ('Richard_Ritchie@hotmail.com', 'Zaria Hoppe', '$2b$10$r3BD.leaooE.5vU28EYTuuBixKJ5aeV1AyrKyPHHI0BSkH.eNYs5i', '05396 Mafalda Ferry', 90304143, 'user', 'https://s3.amazonaws.com/uifaces/faces/twitter/belyaev_rs/128.jpg');
INSERT INTO full_time_ct VALUES ('Richard_Ritchie@hotmail.com');
INSERT INTO ft_specializes_in VALUES ('Richard_Ritchie@hotmail.com', 'Bearded Dragon', 5);
INSERT INTO ft_specializes_in VALUES ('Richard_Ritchie@hotmail.com', 'Iguana', 17);

INSERT INTO person VALUES ('Nikolas_Torp90@gmail.com', 'Amaya Simonis', '$2b$10$r3BD.leaooE.5vU28EYTuuBixKJ5aeV1AyrKyPHHI0BSkH.eNYs5i', '88666 Koelpin Views', 90967097, 'user', 'https://s3.amazonaws.com/uifaces/faces/twitter/d_nny_m_cher/128.jpg');
INSERT INTO credit_card VALUES (5415916734308726, 'Nikolas_Torp90@gmail.com', '2021-08-25T11:38:54.529Z', 739);
INSERT INTO pet VALUES ('Angus', 'Nikolas_Torp90@gmail.com', 'Peafowl', 'Neque et eius.', 'Iste ut sed illo.');
INSERT INTO pet VALUES ('Chauncey', 'Nikolas_Torp90@gmail.com', 'Pot Bellied Pig', 'Magni et dolor beatae et qui deserunt eveniet fuga sit.', 'Qui consequatur voluptatem saepe iure doloribus dolore labore.');
INSERT INTO part_time_ct VALUES ('Nikolas_Torp90@gmail.com');
INSERT INTO pt_free_schedule VALUES ('Nikolas_Torp90@gmail.com', '2020-05-13T16:00:00.000Z', '2021-11-13T16:00:00.000Z');
INSERT INTO pt_specializes_in VALUES ('Nikolas_Torp90@gmail.com', 'Peafowl', 3);
INSERT INTO pt_specializes_in VALUES ('Nikolas_Torp90@gmail.com', 'Pig', 1);
INSERT INTO pt_specializes_in VALUES ('Nikolas_Torp90@gmail.com', 'Pigeon', 18);

INSERT INTO person VALUES ('Tony85@hotmail.com', 'Eleonore Luettgen', '$2b$10$r3BD.leaooE.5vU28EYTuuBixKJ5aeV1AyrKyPHHI0BSkH.eNYs5i', '7230 OConnell Drive', 90919296, 'user', 'https://s3.amazonaws.com/uifaces/faces/twitter/okcoker/128.jpg');
INSERT INTO credit_card VALUES (3565735545409371, 'Tony85@hotmail.com', '2024-07-16T22:53:35.958Z', 923);
INSERT INTO pet VALUES ('Max', 'Tony85@hotmail.com', 'Peafowl', 'Nihil quam dolor voluptate aut.', 'Error voluptas excepturi ea odit aut sit eum perspiciatis.');
INSERT INTO pet VALUES ('Leatha', 'Tony85@hotmail.com', 'Chinese Water Dragon', 'Maxime ipsam et itaque ea maiores provident et.', 'Voluptas illum enim dolore alias pariatur nemo.');
INSERT INTO full_time_ct VALUES ('Tony85@hotmail.com');
INSERT INTO ft_specializes_in VALUES ('Tony85@hotmail.com', 'Duck', 11);
INSERT INTO ft_specializes_in VALUES ('Tony85@hotmail.com', 'Ferret', 5);
INSERT INTO ft_specializes_in VALUES ('Tony85@hotmail.com', 'Ponie', 2);

INSERT INTO person VALUES ('Adela_Altenwerth99@yahoo.com', 'Bella Boyle', '$2b$10$r3BD.leaooE.5vU28EYTuuBixKJ5aeV1AyrKyPHHI0BSkH.eNYs5i', '664 Neha Square', 90961500, 'user', 'https://s3.amazonaws.com/uifaces/faces/twitter/rob_thomas10/128.jpg');
INSERT INTO credit_card VALUES (6767242447631610, 'Adela_Altenwerth99@yahoo.com', '2021-05-31T03:10:13.951Z', 054);
INSERT INTO pet VALUES ('Anika', 'Adela_Altenwerth99@yahoo.com', 'Guinea Fowl', 'Eveniet libero commodi voluptatibus non ut id.', 'Itaque qui sapiente dolor qui enim porro.');
INSERT INTO pet VALUES ('Kelton', 'Adela_Altenwerth99@yahoo.com', 'Fish', 'Amet similique autem ex inventore laborum.', 'Repellat eaque fugiat et unde earum.');

INSERT INTO person VALUES ('Adele.Haag@gmail.com', 'Destiny Paucek', '$2b$10$r3BD.leaooE.5vU28EYTuuBixKJ5aeV1AyrKyPHHI0BSkH.eNYs5i', '14282 Bailey Squares', 90100346, 'user', 'https://s3.amazonaws.com/uifaces/faces/twitter/victordeanda/128.jpg');

INSERT INTO person VALUES ('Abbey72@hotmail.com', 'Rylan Heidenreich', '$2b$10$r3BD.leaooE.5vU28EYTuuBixKJ5aeV1AyrKyPHHI0BSkH.eNYs5i', '0768 Wuckert Skyway', 90680151, 'user', 'https://s3.amazonaws.com/uifaces/faces/twitter/jcubic/128.jpg');
INSERT INTO credit_card VALUES (6443073985649630, 'Abbey72@hotmail.com', '2021-09-20T14:09:28.617Z', 077);
INSERT INTO pet VALUES ('Gerhard', 'Abbey72@hotmail.com', 'Donkey', 'Aliquam sit omnis dolore.', 'In aut porro quam quidem nobis dolore et.');
INSERT INTO pet VALUES ('Lonny', 'Abbey72@hotmail.com', 'Chameleons (Veiled)', 'Non pariatur eveniet.', 'Voluptas molestias repudiandae fugiat modi suscipit harum.');
INSERT INTO full_time_ct VALUES ('Abbey72@hotmail.com');
INSERT INTO ft_specializes_in VALUES ('Abbey72@hotmail.com', 'Donkey', 8);
INSERT INTO ft_specializes_in VALUES ('Abbey72@hotmail.com', 'Lizard', 4);

INSERT INTO person VALUES ('Letitia_Brekke@hotmail.com', 'Thelma Gerlach', '$2b$10$r3BD.leaooE.5vU28EYTuuBixKJ5aeV1AyrKyPHHI0BSkH.eNYs5i', '455 Arthur Overpass', 90783578, 'user', 'https://s3.amazonaws.com/uifaces/faces/twitter/cynthiasavard/128.jpg');
INSERT INTO credit_card VALUES (4986608396273, 'Letitia_Brekke@hotmail.com', '2024-01-23T00:46:43.579Z', 555);
INSERT INTO pet VALUES ('Odell', 'Letitia_Brekke@hotmail.com', 'Pot Bellied Pig', 'Dolorum sed dolorem voluptatibus tempora animi facere et.', 'Est temporibus nemo et culpa.');
INSERT INTO pet VALUES ('Federico', 'Letitia_Brekke@hotmail.com', 'Mule', 'Temporibus sed cum magnam quia fugit velit ut expedita.', 'Dolor assumenda iste ducimus sed et aut.');
INSERT INTO part_time_ct VALUES ('Letitia_Brekke@hotmail.com');
INSERT INTO pt_free_schedule VALUES ('Letitia_Brekke@hotmail.com', '2020-05-13T16:00:00.000Z', '2021-11-13T16:00:00.000Z');
INSERT INTO pt_specializes_in VALUES ('Letitia_Brekke@hotmail.com', 'Hamster', 15);
INSERT INTO pt_specializes_in VALUES ('Letitia_Brekke@hotmail.com', 'Rabbit', 20);

INSERT INTO person VALUES ('Terrill_Kulas@yahoo.com', 'Hudson Gerhold', '$2b$10$r3BD.leaooE.5vU28EYTuuBixKJ5aeV1AyrKyPHHI0BSkH.eNYs5i', '4449 Schmidt Freeway', 90179780, 'user', 'https://s3.amazonaws.com/uifaces/faces/twitter/malykhinv/128.jpg');

INSERT INTO person VALUES ('Kyleigh.Nicolas32@gmail.com', 'Warren Wunsch', '$2b$10$r3BD.leaooE.5vU28EYTuuBixKJ5aeV1AyrKyPHHI0BSkH.eNYs5i', '87445 Sam Trail', 90117495, 'user', 'https://s3.amazonaws.com/uifaces/faces/twitter/chanpory/128.jpg');
INSERT INTO credit_card VALUES (6771894716829876, 'Kyleigh.Nicolas32@gmail.com', '2021-05-02T08:06:01.208Z', 568);
INSERT INTO pet VALUES ('Janice', 'Kyleigh.Nicolas32@gmail.com', 'Pig', 'Sequi dolor dolorum.', 'Nihil soluta fugiat dicta.');
INSERT INTO part_time_ct VALUES ('Kyleigh.Nicolas32@gmail.com');
INSERT INTO pt_free_schedule VALUES ('Kyleigh.Nicolas32@gmail.com', '2020-05-13T16:00:00.000Z', '2021-11-13T16:00:00.000Z');
INSERT INTO pt_specializes_in VALUES ('Kyleigh.Nicolas32@gmail.com', 'Hamster', 7);

INSERT INTO person VALUES ('Frida.Berge52@gmail.com', 'Crystel Carter', '$2b$10$r3BD.leaooE.5vU28EYTuuBixKJ5aeV1AyrKyPHHI0BSkH.eNYs5i', '367 Cummings Dale', 90358316, 'user', 'https://s3.amazonaws.com/uifaces/faces/twitter/kalmerrautam/128.jpg');

INSERT INTO person VALUES ('Wade.Murazik53@hotmail.com', 'Horacio Kub', '$2b$10$r3BD.leaooE.5vU28EYTuuBixKJ5aeV1AyrKyPHHI0BSkH.eNYs5i', '32604 Lemke Courts', 90245827, 'user', 'https://s3.amazonaws.com/uifaces/faces/twitter/iduuck/128.jpg');
INSERT INTO full_time_ct VALUES ('Wade.Murazik53@hotmail.com');
INSERT INTO ft_specializes_in VALUES ('Wade.Murazik53@hotmail.com', 'Fish', 9);
INSERT INTO ft_specializes_in VALUES ('Wade.Murazik53@hotmail.com', 'Pigeon', 11);

INSERT INTO person VALUES ('Pierre70@yahoo.com', 'Margaretta Orn', '$2b$10$r3BD.leaooE.5vU28EYTuuBixKJ5aeV1AyrKyPHHI0BSkH.eNYs5i', '5788 Cormier Walk', 90620910, 'user', 'https://s3.amazonaws.com/uifaces/faces/twitter/matt3224/128.jpg');
INSERT INTO part_time_ct VALUES ('Pierre70@yahoo.com');
INSERT INTO pt_free_schedule VALUES ('Pierre70@yahoo.com', '2020-05-13T16:00:00.000Z', '2021-11-13T16:00:00.000Z');
INSERT INTO pt_specializes_in VALUES ('Pierre70@yahoo.com', 'Mule', 10);
INSERT INTO pt_specializes_in VALUES ('Pierre70@yahoo.com', 'Hog', 2);

INSERT INTO person VALUES ('Lorenzo_Skiles19@hotmail.com', 'Abdiel Schmeler', '$2b$10$r3BD.leaooE.5vU28EYTuuBixKJ5aeV1AyrKyPHHI0BSkH.eNYs5i', '070 Kessler Tunnel', 90502313, 'user', 'https://s3.amazonaws.com/uifaces/faces/twitter/jedbridges/128.jpg');
INSERT INTO credit_card VALUES (4648365634080, 'Lorenzo_Skiles19@hotmail.com', '2021-01-14T13:45:53.243Z', 971);
INSERT INTO pet VALUES ('Dayton', 'Lorenzo_Skiles19@hotmail.com', 'Bird', 'Quos quia alias.', 'Ipsum at quidem corporis tenetur.');

INSERT INTO person VALUES ('Eudora.Goodwin65@yahoo.com', 'Modesta Lowe', '$2b$10$r3BD.leaooE.5vU28EYTuuBixKJ5aeV1AyrKyPHHI0BSkH.eNYs5i', '98338 Elnora Club', 90356947, 'user', 'https://s3.amazonaws.com/uifaces/faces/twitter/danthms/128.jpg');
INSERT INTO credit_card VALUES (4149196749530287, 'Eudora.Goodwin65@yahoo.com', '2021-09-08T08:35:09.371Z', 770);
INSERT INTO pet VALUES ('Rhoda', 'Eudora.Goodwin65@yahoo.com', 'Pig', 'In qui nihil odit.', 'Et est est enim error totam architecto magni.');
INSERT INTO part_time_ct VALUES ('Eudora.Goodwin65@yahoo.com');
INSERT INTO pt_free_schedule VALUES ('Eudora.Goodwin65@yahoo.com', '2020-05-13T16:00:00.000Z', '2021-11-13T16:00:00.000Z');
INSERT INTO pt_specializes_in VALUES ('Eudora.Goodwin65@yahoo.com', 'Pigeon', 11);

INSERT INTO person VALUES ('Katheryn_Boehm89@hotmail.com', 'Luther Nienow', '$2b$10$r3BD.leaooE.5vU28EYTuuBixKJ5aeV1AyrKyPHHI0BSkH.eNYs5i', '290 Nicolas Stravenue', 90385430, 'user', 'https://s3.amazonaws.com/uifaces/faces/twitter/hai_ninh_nguyen/128.jpg');
INSERT INTO credit_card VALUES (6514629091154944, 'Katheryn_Boehm89@hotmail.com', '2022-02-17T12:12:39.650Z', 966);
INSERT INTO pet VALUES ('Gina', 'Katheryn_Boehm89@hotmail.com', 'Bird', 'Fugit molestiae consequatur id et illum dolores blanditiis.', 'Molestiae fuga incidunt qui est aliquid debitis repellat maxime.');
INSERT INTO pet VALUES ('Kyle', 'Katheryn_Boehm89@hotmail.com', 'Bird', 'Excepturi vel quaerat nisi explicabo et voluptatum aliquid.', 'Veritatis velit nemo doloribus iste.');
INSERT INTO part_time_ct VALUES ('Katheryn_Boehm89@hotmail.com');
INSERT INTO pt_free_schedule VALUES ('Katheryn_Boehm89@hotmail.com', '2020-05-13T16:00:00.000Z', '2021-11-13T16:00:00.000Z');
INSERT INTO pt_specializes_in VALUES ('Katheryn_Boehm89@hotmail.com', 'Goat', 11);
INSERT INTO pt_specializes_in VALUES ('Katheryn_Boehm89@hotmail.com', 'Guinea Fowl', 13);

INSERT INTO person VALUES ('Hubert.Auer@hotmail.com', 'Carole Murazik', '$2b$10$r3BD.leaooE.5vU28EYTuuBixKJ5aeV1AyrKyPHHI0BSkH.eNYs5i', '02738 Issac Haven', 90203137, 'user', 'https://s3.amazonaws.com/uifaces/faces/twitter/mgonto/128.jpg');
INSERT INTO full_time_ct VALUES ('Hubert.Auer@hotmail.com');
INSERT INTO ft_specializes_in VALUES ('Hubert.Auer@hotmail.com', 'Chinchilla', 15);

INSERT INTO person VALUES ('Montana95@hotmail.com', 'Angie Flatley', '$2b$10$r3BD.leaooE.5vU28EYTuuBixKJ5aeV1AyrKyPHHI0BSkH.eNYs5i', '46674 Stamm Valleys', 90329947, 'user', 'https://s3.amazonaws.com/uifaces/faces/twitter/cdavis565/128.jpg');
INSERT INTO credit_card VALUES (30526466095753, 'Montana95@hotmail.com', '2021-04-24T22:56:25.827Z', 020);
INSERT INTO pet VALUES ('Alejandra', 'Montana95@hotmail.com', 'Mule', 'Vel numquam ratione delectus voluptas doloribus.', 'Est accusamus quia iure sint.');
INSERT INTO pet VALUES ('Angelita', 'Montana95@hotmail.com', 'Bearded Dragon', 'Architecto consectetur enim cupiditate cupiditate.', 'Non reiciendis in blanditiis illum.');

INSERT INTO person VALUES ('Frida_Nicolas@gmail.com', 'Holden Gislason', '$2b$10$r3BD.leaooE.5vU28EYTuuBixKJ5aeV1AyrKyPHHI0BSkH.eNYs5i', '9231 Osinski Flats', 90772356, 'user', 'https://s3.amazonaws.com/uifaces/faces/twitter/marakasina/128.jpg');
INSERT INTO credit_card VALUES (4323277644520031, 'Frida_Nicolas@gmail.com', '2021-06-23T15:48:14.000Z', 942);
INSERT INTO pet VALUES ('Germaine', 'Frida_Nicolas@gmail.com', 'Bearded Dragon', 'Ut omnis aut.', 'Distinctio tempore dolor sunt quia ut deleniti.');
INSERT INTO pet VALUES ('Adolphus', 'Frida_Nicolas@gmail.com', 'Hamster', 'Alias temporibus ut dolore et.', 'Temporibus non culpa odit placeat et non sapiente iusto illum.');

INSERT INTO person VALUES ('Ottis89@yahoo.com', 'Shyanne Jaskolski', '$2b$10$r3BD.leaooE.5vU28EYTuuBixKJ5aeV1AyrKyPHHI0BSkH.eNYs5i', '73326 Lockman Points', 90669748, 'user', 'https://s3.amazonaws.com/uifaces/faces/twitter/9lessons/128.jpg');

INSERT INTO person VALUES ('Esperanza.Wisoky@gmail.com', 'Jacey Erdman', '$2b$10$r3BD.leaooE.5vU28EYTuuBixKJ5aeV1AyrKyPHHI0BSkH.eNYs5i', '45781 Thea Streets', 90137563, 'user', 'https://s3.amazonaws.com/uifaces/faces/twitter/greenbes/128.jpg');
INSERT INTO part_time_ct VALUES ('Esperanza.Wisoky@gmail.com');
INSERT INTO pt_free_schedule VALUES ('Esperanza.Wisoky@gmail.com', '2020-05-13T16:00:00.000Z', '2021-11-13T16:00:00.000Z');
INSERT INTO pt_specializes_in VALUES ('Esperanza.Wisoky@gmail.com', 'Hamster', 14);
INSERT INTO pt_specializes_in VALUES ('Esperanza.Wisoky@gmail.com', 'Mule', 13);

INSERT INTO person VALUES ('Parker_Stehr@yahoo.com', 'Jaydon Stiedemann', '$2b$10$r3BD.leaooE.5vU28EYTuuBixKJ5aeV1AyrKyPHHI0BSkH.eNYs5i', '441 Olen Hill', 90739632, 'user', 'https://s3.amazonaws.com/uifaces/faces/twitter/jefffis/128.jpg');

INSERT INTO person VALUES ('Sarah.Cremin64@yahoo.com', 'Spencer Huels', '$2b$10$r3BD.leaooE.5vU28EYTuuBixKJ5aeV1AyrKyPHHI0BSkH.eNYs5i', '2483 Goyette Lodge', 90926216, 'user', 'https://s3.amazonaws.com/uifaces/faces/twitter/mahdif/128.jpg');
INSERT INTO credit_card VALUES (4172642068372435, 'Sarah.Cremin64@yahoo.com', '2021-05-02T16:11:48.808Z', 999);
INSERT INTO pet VALUES ('Conner', 'Sarah.Cremin64@yahoo.com', 'Chameleons (Veiled)', 'Ipsam rerum architecto recusandae eum voluptas minima qui.', 'Laudantium fugiat molestiae.');
INSERT INTO pet VALUES ('Wilma', 'Sarah.Cremin64@yahoo.com', 'Fish', 'Dolorem rerum reiciendis quisquam earum provident error voluptas perferendis voluptate.', 'Debitis iure atque.');
INSERT INTO part_time_ct VALUES ('Sarah.Cremin64@yahoo.com');
INSERT INTO pt_free_schedule VALUES ('Sarah.Cremin64@yahoo.com', '2020-05-13T16:00:00.000Z', '2021-11-13T16:00:00.000Z');
INSERT INTO pt_specializes_in VALUES ('Sarah.Cremin64@yahoo.com', 'Bearded Dragon', 15);
INSERT INTO pt_specializes_in VALUES ('Sarah.Cremin64@yahoo.com', 'Peafowl', 2);

INSERT INTO person VALUES ('Kip39@yahoo.com', 'Kaycee Treutel', '$2b$10$r3BD.leaooE.5vU28EYTuuBixKJ5aeV1AyrKyPHHI0BSkH.eNYs5i', '039 Idella Turnpike', 90330758, 'user', 'https://s3.amazonaws.com/uifaces/faces/twitter/_shahedk/128.jpg');
INSERT INTO full_time_ct VALUES ('Kip39@yahoo.com');
INSERT INTO ft_specializes_in VALUES ('Kip39@yahoo.com', 'Horse', 3);

INSERT INTO person VALUES ('Annalise.DAmore4@yahoo.com', 'Abigayle Adams', '$2b$10$r3BD.leaooE.5vU28EYTuuBixKJ5aeV1AyrKyPHHI0BSkH.eNYs5i', '857 Cordelia Valleys', 90827136, 'user', 'https://s3.amazonaws.com/uifaces/faces/twitter/jonkspr/128.jpg');
INSERT INTO full_time_ct VALUES ('Annalise.DAmore4@yahoo.com');
INSERT INTO ft_specializes_in VALUES ('Annalise.DAmore4@yahoo.com', 'Bird', 2);
INSERT INTO ft_specializes_in VALUES ('Annalise.DAmore4@yahoo.com', 'Rabbit', 2);

INSERT INTO person VALUES ('Clement_Larkin5@hotmail.com', 'Albin Champlin', '$2b$10$r3BD.leaooE.5vU28EYTuuBixKJ5aeV1AyrKyPHHI0BSkH.eNYs5i', '04484 Harvey Union', 90463571, 'user', 'https://s3.amazonaws.com/uifaces/faces/twitter/missaaamy/128.jpg');
INSERT INTO full_time_ct VALUES ('Clement_Larkin5@hotmail.com');
INSERT INTO ft_specializes_in VALUES ('Clement_Larkin5@hotmail.com', 'Ferret', 9);
INSERT INTO ft_specializes_in VALUES ('Clement_Larkin5@hotmail.com', 'Gerbil', 15);
INSERT INTO ft_specializes_in VALUES ('Clement_Larkin5@hotmail.com', 'Iguana', 0);

INSERT INTO person VALUES ('Collin.Shanahan26@yahoo.com', 'Kale MacGyver', '$2b$10$r3BD.leaooE.5vU28EYTuuBixKJ5aeV1AyrKyPHHI0BSkH.eNYs5i', '07386 Yost Flat', 90443234, 'user', 'https://s3.amazonaws.com/uifaces/faces/twitter/juamperro/128.jpg');

INSERT INTO person VALUES ('Dominic.Senger@yahoo.com', 'Angelo Rau', '$2b$10$r3BD.leaooE.5vU28EYTuuBixKJ5aeV1AyrKyPHHI0BSkH.eNYs5i', '69693 Brakus Spring', 90404304, 'user', 'https://s3.amazonaws.com/uifaces/faces/twitter/the_winslet/128.jpg');
INSERT INTO full_time_ct VALUES ('Dominic.Senger@yahoo.com');
INSERT INTO ft_specializes_in VALUES ('Dominic.Senger@yahoo.com', 'Ferret', 19);

INSERT INTO person VALUES ('Alivia.Streich@gmail.com', 'Abner Blanda', '$2b$10$r3BD.leaooE.5vU28EYTuuBixKJ5aeV1AyrKyPHHI0BSkH.eNYs5i', '24779 Medhurst Creek', 90709958, 'user', 'https://s3.amazonaws.com/uifaces/faces/twitter/lowie/128.jpg');
INSERT INTO credit_card VALUES (6759929910184201, 'Alivia.Streich@gmail.com', '2021-04-11T22:48:03.683Z', 827);
INSERT INTO pet VALUES ('Julien', 'Alivia.Streich@gmail.com', 'Mule', 'Dolorem ratione tempore expedita est.', 'Sit est totam id assumenda cum ad unde sunt.');

INSERT INTO person VALUES ('Jaquelin_Cruickshank20@yahoo.com', 'Webster Hagenes', '$2b$10$r3BD.leaooE.5vU28EYTuuBixKJ5aeV1AyrKyPHHI0BSkH.eNYs5i', '181 Guy Dale', 90440935, 'user', 'https://s3.amazonaws.com/uifaces/faces/twitter/msveet/128.jpg');
INSERT INTO part_time_ct VALUES ('Jaquelin_Cruickshank20@yahoo.com');
INSERT INTO pt_free_schedule VALUES ('Jaquelin_Cruickshank20@yahoo.com', '2020-05-13T16:00:00.000Z', '2021-11-13T16:00:00.000Z');
INSERT INTO pt_specializes_in VALUES ('Jaquelin_Cruickshank20@yahoo.com', 'Chinese Water Dragon', 3);
INSERT INTO pt_specializes_in VALUES ('Jaquelin_Cruickshank20@yahoo.com', 'Guinea Pig', 4);
INSERT INTO pt_specializes_in VALUES ('Jaquelin_Cruickshank20@yahoo.com', 'Mice', 6);

INSERT INTO person VALUES ('Elwin.Larson@yahoo.com', 'Manuel Shanahan', '$2b$10$r3BD.leaooE.5vU28EYTuuBixKJ5aeV1AyrKyPHHI0BSkH.eNYs5i', '94313 Priscilla Ports', 90624885, 'user', 'https://s3.amazonaws.com/uifaces/faces/twitter/mylesb/128.jpg');
INSERT INTO credit_card VALUES (6759776100756430, 'Elwin.Larson@yahoo.com', '2024-11-09T01:18:54.012Z', 433);
INSERT INTO pet VALUES ('Madie', 'Elwin.Larson@yahoo.com', 'Fish', 'Aut qui consequatur quaerat ea.', 'Autem eos accusamus ipsa amet eum.');

INSERT INTO person VALUES ('Jasen_Hirthe24@hotmail.com', 'Kavon Schulist', '$2b$10$r3BD.leaooE.5vU28EYTuuBixKJ5aeV1AyrKyPHHI0BSkH.eNYs5i', '575 Eldon Locks', 90432844, 'user', 'https://s3.amazonaws.com/uifaces/faces/twitter/j_drake_/128.jpg');
INSERT INTO credit_card VALUES (6759643972908357, 'Jasen_Hirthe24@hotmail.com', '2021-10-31T14:53:28.272Z', 732);
INSERT INTO pet VALUES ('Toni', 'Jasen_Hirthe24@hotmail.com', 'Donkey', 'Vero est et officia sequi ab mollitia vel debitis.', 'Velit itaque tempore at unde distinctio architecto ea quo recusandae.');

INSERT INTO person VALUES ('Susie.Kautzer@gmail.com', 'Dewayne Gorczany', '$2b$10$r3BD.leaooE.5vU28EYTuuBixKJ5aeV1AyrKyPHHI0BSkH.eNYs5i', '910 Anastasia Unions', 90586144, 'user', 'https://s3.amazonaws.com/uifaces/faces/twitter/charliegann/128.jpg');
INSERT INTO credit_card VALUES (4613056350154, 'Susie.Kautzer@gmail.com', '2021-08-27T13:46:13.916Z', 109);
INSERT INTO pet VALUES ('Marques', 'Susie.Kautzer@gmail.com', 'Hamster', 'Dolorem dicta aliquam ea.', 'Dolore quaerat in asperiores voluptas explicabo provident ex voluptatibus possimus.');
INSERT INTO pet VALUES ('Pascale', 'Susie.Kautzer@gmail.com', 'Guinea Fowl', 'Quia consectetur harum magnam.', 'Dolor deleniti voluptas provident consequuntur suscipit.');

INSERT INTO person VALUES ('Eldred84@yahoo.com', 'Christine Zemlak', '$2b$10$r3BD.leaooE.5vU28EYTuuBixKJ5aeV1AyrKyPHHI0BSkH.eNYs5i', '03359 Krystal Throughway', 90325491, 'user', 'https://s3.amazonaws.com/uifaces/faces/twitter/hai_ninh_nguyen/128.jpg');
INSERT INTO part_time_ct VALUES ('Eldred84@yahoo.com');
INSERT INTO pt_free_schedule VALUES ('Eldred84@yahoo.com', '2020-05-13T16:00:00.000Z', '2021-11-13T16:00:00.000Z');
INSERT INTO pt_specializes_in VALUES ('Eldred84@yahoo.com', 'Burro', 19);

INSERT INTO person VALUES ('Alford_Kilback@yahoo.com', 'Tod Bauch', '$2b$10$r3BD.leaooE.5vU28EYTuuBixKJ5aeV1AyrKyPHHI0BSkH.eNYs5i', '58585 Hintz Meadows', 90348572, 'user', 'https://s3.amazonaws.com/uifaces/faces/twitter/garand/128.jpg');
INSERT INTO part_time_ct VALUES ('Alford_Kilback@yahoo.com');
INSERT INTO pt_free_schedule VALUES ('Alford_Kilback@yahoo.com', '2020-05-13T16:00:00.000Z', '2021-11-13T16:00:00.000Z');
INSERT INTO pt_specializes_in VALUES ('Alford_Kilback@yahoo.com', 'Bearded Dragon', 8);
INSERT INTO pt_specializes_in VALUES ('Alford_Kilback@yahoo.com', 'Fish', 13);
INSERT INTO pt_specializes_in VALUES ('Alford_Kilback@yahoo.com', 'Pigeon', 8);

INSERT INTO person VALUES ('Edward_Waelchi@yahoo.com', 'Jennings Heidenreich', '$2b$10$r3BD.leaooE.5vU28EYTuuBixKJ5aeV1AyrKyPHHI0BSkH.eNYs5i', '345 Kutch Loop', 90311946, 'user', 'https://s3.amazonaws.com/uifaces/faces/twitter/judzhin_miles/128.jpg');
INSERT INTO credit_card VALUES (6771899790022092, 'Edward_Waelchi@yahoo.com', '2021-01-04T05:06:44.992Z', 702);
INSERT INTO pet VALUES ('Lula', 'Edward_Waelchi@yahoo.com', 'Llama', 'Quia tempore harum quasi accusamus eum tempora.', 'Iste dolorem ut pariatur commodi temporibus.');

INSERT INTO person VALUES ('Shanel.Schoen31@yahoo.com', 'Kailyn Berge', '$2b$10$r3BD.leaooE.5vU28EYTuuBixKJ5aeV1AyrKyPHHI0BSkH.eNYs5i', '7555 Leda Forges', 90945065, 'user', 'https://s3.amazonaws.com/uifaces/faces/twitter/smenov/128.jpg');

INSERT INTO person VALUES ('Eveline.Howell36@yahoo.com', 'Omer Pollich', '$2b$10$r3BD.leaooE.5vU28EYTuuBixKJ5aeV1AyrKyPHHI0BSkH.eNYs5i', '0408 Lowe Well', 90045653, 'user', 'https://s3.amazonaws.com/uifaces/faces/twitter/guillemboti/128.jpg');
INSERT INTO credit_card VALUES (3528324364886781, 'Eveline.Howell36@yahoo.com', '2023-03-11T20:28:38.543Z', 891);
INSERT INTO pet VALUES ('Chelsea', 'Eveline.Howell36@yahoo.com', 'Iguana', 'Consectetur tempora autem.', 'Sit itaque eos et corporis exercitationem molestiae labore reprehenderit iste.');
INSERT INTO part_time_ct VALUES ('Eveline.Howell36@yahoo.com');
INSERT INTO pt_free_schedule VALUES ('Eveline.Howell36@yahoo.com', '2020-05-13T16:00:00.000Z', '2021-11-13T16:00:00.000Z');
INSERT INTO pt_specializes_in VALUES ('Eveline.Howell36@yahoo.com', 'Bearded Dragon', 17);
INSERT INTO pt_specializes_in VALUES ('Eveline.Howell36@yahoo.com', 'Burro', 0);
INSERT INTO pt_specializes_in VALUES ('Eveline.Howell36@yahoo.com', 'Guinea Pig', 10);

INSERT INTO person VALUES ('Madisyn_Walker62@hotmail.com', 'Fatima Deckow', '$2b$10$r3BD.leaooE.5vU28EYTuuBixKJ5aeV1AyrKyPHHI0BSkH.eNYs5i', '3852 Hammes Lodge', 90746967, 'user', 'https://s3.amazonaws.com/uifaces/faces/twitter/mgonto/128.jpg');

INSERT INTO person VALUES ('Reba.Oberbrunner89@hotmail.com', 'Laurel Metz', '$2b$10$r3BD.leaooE.5vU28EYTuuBixKJ5aeV1AyrKyPHHI0BSkH.eNYs5i', '4983 Gutkowski Road', 90587462, 'user', 'https://s3.amazonaws.com/uifaces/faces/twitter/moynihan/128.jpg');

INSERT INTO person VALUES ('Harold.Altenwerth@hotmail.com', 'Domenico Borer', '$2b$10$r3BD.leaooE.5vU28EYTuuBixKJ5aeV1AyrKyPHHI0BSkH.eNYs5i', '62572 Ruby Club', 90866949, 'user', 'https://s3.amazonaws.com/uifaces/faces/twitter/fotomagin/128.jpg');
INSERT INTO credit_card VALUES (6767429439871421, 'Harold.Altenwerth@hotmail.com', '2023-03-19T03:50:07.462Z', 573);
INSERT INTO pet VALUES ('Amya', 'Harold.Altenwerth@hotmail.com', 'Geese (Chinese Swan Goose)', 'Voluptatem beatae officiis praesentium voluptas officiis.', 'Aliquid saepe suscipit non quia aut accusantium.');
INSERT INTO pet VALUES ('Murl', 'Harold.Altenwerth@hotmail.com', 'Duck', 'Rerum repudiandae sit numquam voluptates voluptatem quasi tempora repellat aut.', 'Illum nulla labore accusamus error excepturi.');

INSERT INTO person VALUES ('Cassidy63@hotmail.com', 'Nickolas Bogan', '$2b$10$r3BD.leaooE.5vU28EYTuuBixKJ5aeV1AyrKyPHHI0BSkH.eNYs5i', '876 Maynard Divide', 90227573, 'user', 'https://s3.amazonaws.com/uifaces/faces/twitter/stefvdham/128.jpg');
INSERT INTO credit_card VALUES (5020512073832647, 'Cassidy63@hotmail.com', '2022-07-15T12:34:07.628Z', 162);
INSERT INTO pet VALUES ('Bonita', 'Cassidy63@hotmail.com', 'Cow', 'Quo officiis eaque reprehenderit esse.', 'Dolore deleniti ut asperiores sit impedit necessitatibus a nam dicta.');

INSERT INTO person VALUES ('Yessenia.Little@gmail.com', 'Eliza Walter', '$2b$10$r3BD.leaooE.5vU28EYTuuBixKJ5aeV1AyrKyPHHI0BSkH.eNYs5i', '0784 Rupert Fields', 90347074, 'user', 'https://s3.amazonaws.com/uifaces/faces/twitter/adobi/128.jpg');
INSERT INTO full_time_ct VALUES ('Yessenia.Little@gmail.com');
INSERT INTO ft_specializes_in VALUES ('Yessenia.Little@gmail.com', 'Chinese Water Dragon', 0);
INSERT INTO ft_specializes_in VALUES ('Yessenia.Little@gmail.com', 'Mice', 9);

INSERT INTO person VALUES ('Leatha_Runolfsdottir@hotmail.com', 'Cooper Rice', '$2b$10$r3BD.leaooE.5vU28EYTuuBixKJ5aeV1AyrKyPHHI0BSkH.eNYs5i', '32597 Crystal Land', 90792156, 'user', 'https://s3.amazonaws.com/uifaces/faces/twitter/ciaranr/128.jpg');
INSERT INTO full_time_ct VALUES ('Leatha_Runolfsdottir@hotmail.com');
INSERT INTO ft_specializes_in VALUES ('Leatha_Runolfsdottir@hotmail.com', 'Peafowl', 8);

INSERT INTO person VALUES ('Bradford_Gulgowski@hotmail.com', 'Eleanore Hickle', '$2b$10$r3BD.leaooE.5vU28EYTuuBixKJ5aeV1AyrKyPHHI0BSkH.eNYs5i', '90769 Willa Island', 90581099, 'user', 'https://s3.amazonaws.com/uifaces/faces/twitter/mylesb/128.jpg');

INSERT INTO person VALUES ('Ivory.Marvin@hotmail.com', 'Kassandra Morar', '$2b$10$r3BD.leaooE.5vU28EYTuuBixKJ5aeV1AyrKyPHHI0BSkH.eNYs5i', '07472 Eleazar Mountains', 90858591, 'user', 'https://s3.amazonaws.com/uifaces/faces/twitter/marcusgorillius/128.jpg');
INSERT INTO part_time_ct VALUES ('Ivory.Marvin@hotmail.com');
INSERT INTO pt_free_schedule VALUES ('Ivory.Marvin@hotmail.com', '2020-05-13T16:00:00.000Z', '2021-11-13T16:00:00.000Z');
INSERT INTO pt_specializes_in VALUES ('Ivory.Marvin@hotmail.com', 'Chinchilla', 12);
INSERT INTO pt_specializes_in VALUES ('Ivory.Marvin@hotmail.com', 'Guinea Fowl', 11);
INSERT INTO pt_specializes_in VALUES ('Ivory.Marvin@hotmail.com', 'Peafowl', 8);

INSERT INTO person VALUES ('Joanny_Franecki42@yahoo.com', 'Arielle Kuvalis', '$2b$10$r3BD.leaooE.5vU28EYTuuBixKJ5aeV1AyrKyPHHI0BSkH.eNYs5i', '908 Powlowski Plaza', 90001528, 'user', 'https://s3.amazonaws.com/uifaces/faces/twitter/amayvs/128.jpg');

INSERT INTO person VALUES ('Brady15@hotmail.com', 'Walker Miller', '$2b$10$r3BD.leaooE.5vU28EYTuuBixKJ5aeV1AyrKyPHHI0BSkH.eNYs5i', '299 Triston Run', 90205487, 'user', 'https://s3.amazonaws.com/uifaces/faces/twitter/matbeedotcom/128.jpg');

INSERT INTO person VALUES ('Sabrina70@hotmail.com', 'Juanita Sanford', '$2b$10$r3BD.leaooE.5vU28EYTuuBixKJ5aeV1AyrKyPHHI0BSkH.eNYs5i', '5232 Albina Ridge', 90620764, 'user', 'https://s3.amazonaws.com/uifaces/faces/twitter/suribbles/128.jpg');
INSERT INTO credit_card VALUES (6546626447103543, 'Sabrina70@hotmail.com', '2021-11-28T06:26:42.282Z', 189);
INSERT INTO pet VALUES ('Kole', 'Sabrina70@hotmail.com', 'Guinea Pig', 'Fugit consequatur eveniet est in quos ipsa maiores maiores.', 'Nesciunt ipsum ea aut aliquam nulla cumque qui.');
INSERT INTO full_time_ct VALUES ('Sabrina70@hotmail.com');
INSERT INTO ft_specializes_in VALUES ('Sabrina70@hotmail.com', 'Gecko', 10);

INSERT INTO person VALUES ('Kasandra_Ratke@gmail.com', 'Precious Flatley', '$2b$10$r3BD.leaooE.5vU28EYTuuBixKJ5aeV1AyrKyPHHI0BSkH.eNYs5i', '92751 Alan Mall', 90709051, 'user', 'https://s3.amazonaws.com/uifaces/faces/twitter/brandclay/128.jpg');
INSERT INTO credit_card VALUES (4910317008106319, 'Kasandra_Ratke@gmail.com', '2021-04-24T20:33:07.311Z', 875);
INSERT INTO pet VALUES ('Judge', 'Kasandra_Ratke@gmail.com', 'Lizard', 'Voluptatibus repellat earum qui.', 'Asperiores magnam molestias tempora quas consectetur consequatur.');
INSERT INTO pet VALUES ('Reed', 'Kasandra_Ratke@gmail.com', 'Guinea Pig', 'Animi nam velit qui sunt.', 'Quae beatae sed dolorem numquam sit quo placeat animi assumenda.');

INSERT INTO person VALUES ('Fermin89@hotmail.com', 'Lera Bergstrom', '$2b$10$r3BD.leaooE.5vU28EYTuuBixKJ5aeV1AyrKyPHHI0BSkH.eNYs5i', '95953 Loraine Centers', 90877535, 'user', 'https://s3.amazonaws.com/uifaces/faces/twitter/sangdth/128.jpg');
INSERT INTO part_time_ct VALUES ('Fermin89@hotmail.com');
INSERT INTO pt_free_schedule VALUES ('Fermin89@hotmail.com', '2020-05-13T16:00:00.000Z', '2021-11-13T16:00:00.000Z');
INSERT INTO pt_specializes_in VALUES ('Fermin89@hotmail.com', 'Pot Bellied Pig', 2);

INSERT INTO person VALUES ('Mikayla1@yahoo.com', 'Chaz Walker', '$2b$10$r3BD.leaooE.5vU28EYTuuBixKJ5aeV1AyrKyPHHI0BSkH.eNYs5i', '579 Blanda Park', 90279300, 'user', 'https://s3.amazonaws.com/uifaces/faces/twitter/yecidsm/128.jpg');

INSERT INTO person VALUES ('Savanna28@hotmail.com', 'Lorena Green', '$2b$10$r3BD.leaooE.5vU28EYTuuBixKJ5aeV1AyrKyPHHI0BSkH.eNYs5i', '6221 Floy Trail', 90007907, 'user', 'https://s3.amazonaws.com/uifaces/faces/twitter/sta1ex/128.jpg');
INSERT INTO credit_card VALUES (347150674304790, 'Savanna28@hotmail.com', '2020-12-03T12:47:24.912Z', 845);
INSERT INTO pet VALUES ('Armando', 'Savanna28@hotmail.com', 'Chinese Water Dragon', 'Et quia vel rerum odio molestiae itaque.', 'Consequatur nobis repellat eius illum illo aut dolore deleniti.');
INSERT INTO pet VALUES ('Carissa', 'Savanna28@hotmail.com', 'Chameleons (Veiled)', 'Temporibus qui in voluptatum dolor.', 'Et eius dolorem.');
INSERT INTO full_time_ct VALUES ('Savanna28@hotmail.com');
INSERT INTO ft_specializes_in VALUES ('Savanna28@hotmail.com', 'Donkey', 16);
INSERT INTO ft_specializes_in VALUES ('Savanna28@hotmail.com', 'Pot Bellied Pig', 19);

INSERT INTO person VALUES ('Maeve_Effertz@hotmail.com', 'Samantha OHara', '$2b$10$r3BD.leaooE.5vU28EYTuuBixKJ5aeV1AyrKyPHHI0BSkH.eNYs5i', '498 Oral Divide', 90271412, 'user', 'https://s3.amazonaws.com/uifaces/faces/twitter/abovefunction/128.jpg');

INSERT INTO person VALUES ('Xavier_Adams@yahoo.com', 'Wilmer West', '$2b$10$r3BD.leaooE.5vU28EYTuuBixKJ5aeV1AyrKyPHHI0BSkH.eNYs5i', '3805 Rath Heights', 90286555, 'user', 'https://s3.amazonaws.com/uifaces/faces/twitter/mashaaaaal/128.jpg');
INSERT INTO credit_card VALUES (4411152079771269, 'Xavier_Adams@yahoo.com', '2022-05-18T17:35:44.540Z', 287);
INSERT INTO pet VALUES ('Presley', 'Xavier_Adams@yahoo.com', 'Chicken', 'Dignissimos quo inventore atque.', 'Saepe itaque officia quo.');
INSERT INTO pet VALUES ('Lucile', 'Xavier_Adams@yahoo.com', 'Lizard', 'Consequuntur blanditiis ab tempore vitae asperiores ad sint sequi.', 'Rerum illum et harum laborum voluptatem est.');

INSERT INTO person VALUES ('Zula.Morar@yahoo.com', 'Rodrigo Watsica', '$2b$10$r3BD.leaooE.5vU28EYTuuBixKJ5aeV1AyrKyPHHI0BSkH.eNYs5i', '73593 Adell Ways', 90631453, 'user', 'https://s3.amazonaws.com/uifaces/faces/twitter/shvelo96/128.jpg');

INSERT INTO person VALUES ('Lolita.MacGyver@gmail.com', 'Alessandro Jacobs', '$2b$10$r3BD.leaooE.5vU28EYTuuBixKJ5aeV1AyrKyPHHI0BSkH.eNYs5i', '2923 Delphine Ranch', 90424503, 'user', 'https://s3.amazonaws.com/uifaces/faces/twitter/weavermedia/128.jpg');

INSERT INTO person VALUES ('Esther.Bednar@gmail.com', 'Drake Runolfsdottir', '$2b$10$r3BD.leaooE.5vU28EYTuuBixKJ5aeV1AyrKyPHHI0BSkH.eNYs5i', '94349 Beahan Lodge', 90726031, 'user', 'https://s3.amazonaws.com/uifaces/faces/twitter/andyisonline/128.jpg');
INSERT INTO credit_card VALUES (6011380653287235, 'Esther.Bednar@gmail.com', '2021-03-30T08:54:59.420Z', 312);
INSERT INTO pet VALUES ('Chaya', 'Esther.Bednar@gmail.com', 'Llama', 'Libero error non sunt ut.', 'Neque aut et.');
INSERT INTO pet VALUES ('Margaretta', 'Esther.Bednar@gmail.com', 'Bird', 'Excepturi inventore quia sit modi earum.', 'Ex esse ad non officia illo sunt.');
INSERT INTO part_time_ct VALUES ('Esther.Bednar@gmail.com');
INSERT INTO pt_free_schedule VALUES ('Esther.Bednar@gmail.com', '2020-05-13T16:00:00.000Z', '2021-11-13T16:00:00.000Z');
INSERT INTO pt_specializes_in VALUES ('Esther.Bednar@gmail.com', 'Cow', 9);
INSERT INTO pt_specializes_in VALUES ('Esther.Bednar@gmail.com', 'Duck', 1);
INSERT INTO pt_specializes_in VALUES ('Esther.Bednar@gmail.com', 'Lizard', 9);

INSERT INTO person VALUES ('Nicola_Spencer@hotmail.com', 'Enid Lind', '$2b$10$r3BD.leaooE.5vU28EYTuuBixKJ5aeV1AyrKyPHHI0BSkH.eNYs5i', '3558 Abshire Cape', 90822711, 'user', 'https://s3.amazonaws.com/uifaces/faces/twitter/llun/128.jpg');

INSERT INTO person VALUES ('Kellen70@gmail.com', 'Cedrick Roob', '$2b$10$r3BD.leaooE.5vU28EYTuuBixKJ5aeV1AyrKyPHHI0BSkH.eNYs5i', '495 Feest Mountains', 90762876, 'user', 'https://s3.amazonaws.com/uifaces/faces/twitter/rahmeen/128.jpg');
INSERT INTO credit_card VALUES (6771009057052824, 'Kellen70@gmail.com', '2021-05-29T14:41:49.001Z', 731);
INSERT INTO pet VALUES ('Gertrude', 'Kellen70@gmail.com', 'Bird', 'Quia omnis placeat magnam molestias.', 'Voluptas iusto dolorem atque consequatur architecto voluptatem sequi amet accusamus.');
INSERT INTO pet VALUES ('Giovanny', 'Kellen70@gmail.com', 'Chinese Water Dragon', 'Facilis ex dolores voluptatem voluptatibus est.', 'Officiis praesentium atque quia tempore aut aut.');
INSERT INTO full_time_ct VALUES ('Kellen70@gmail.com');
INSERT INTO ft_specializes_in VALUES ('Kellen70@gmail.com', 'Gerbil', 1);
INSERT INTO ft_specializes_in VALUES ('Kellen70@gmail.com', 'Hedgehog', 11);

INSERT INTO person VALUES ('Ebba64@gmail.com', 'Axel Jakubowski', '$2b$10$r3BD.leaooE.5vU28EYTuuBixKJ5aeV1AyrKyPHHI0BSkH.eNYs5i', '65080 Tanner Station', 90623220, 'user', 'https://s3.amazonaws.com/uifaces/faces/twitter/cemshid/128.jpg');
INSERT INTO credit_card VALUES (6759278796301255, 'Ebba64@gmail.com', '2021-06-25T02:25:49.710Z', 305);
INSERT INTO pet VALUES ('Colleen', 'Ebba64@gmail.com', 'Hedgehog', 'Est odio ipsum.', 'Voluptatem nihil ducimus perferendis.');
INSERT INTO pet VALUES ('Weldon', 'Ebba64@gmail.com', 'Chicken', 'Alias vero laborum sed beatae facere nisi dolorem.', 'Sit sint excepturi necessitatibus quisquam et ut rerum.');

INSERT INTO person VALUES ('Andreane_Boyer83@gmail.com', 'Mercedes Walter', '$2b$10$r3BD.leaooE.5vU28EYTuuBixKJ5aeV1AyrKyPHHI0BSkH.eNYs5i', '5620 Hackett Isle', 90769137, 'user', 'https://s3.amazonaws.com/uifaces/faces/twitter/krasnoukhov/128.jpg');
INSERT INTO part_time_ct VALUES ('Andreane_Boyer83@gmail.com');
INSERT INTO pt_free_schedule VALUES ('Andreane_Boyer83@gmail.com', '2020-05-13T16:00:00.000Z', '2021-11-13T16:00:00.000Z');
INSERT INTO pt_specializes_in VALUES ('Andreane_Boyer83@gmail.com', 'Geese (Chinese Swan Goose)', 3);
INSERT INTO pt_specializes_in VALUES ('Andreane_Boyer83@gmail.com', 'Pigeon', 2);

INSERT INTO person VALUES ('Brooklyn79@yahoo.com', 'Nakia Hilpert', '$2b$10$r3BD.leaooE.5vU28EYTuuBixKJ5aeV1AyrKyPHHI0BSkH.eNYs5i', '6601 Reichel Freeway', 90204229, 'user', 'https://s3.amazonaws.com/uifaces/faces/twitter/donjain/128.jpg');
INSERT INTO full_time_ct VALUES ('Brooklyn79@yahoo.com');
INSERT INTO ft_specializes_in VALUES ('Brooklyn79@yahoo.com', 'Ponie', 15);

INSERT INTO person VALUES ('Columbus_Medhurst@gmail.com', 'Jazmyne Lueilwitz', '$2b$10$r3BD.leaooE.5vU28EYTuuBixKJ5aeV1AyrKyPHHI0BSkH.eNYs5i', '0500 Ardella Springs', 90459678, 'user', 'https://s3.amazonaws.com/uifaces/faces/twitter/chrisvanderkooi/128.jpg');
INSERT INTO credit_card VALUES (6373562230931589, 'Columbus_Medhurst@gmail.com', '2021-09-09T07:45:21.073Z', 859);
INSERT INTO pet VALUES ('Eusebio', 'Columbus_Medhurst@gmail.com', 'Mice', 'Ut sit dolor et doloremque non sint.', 'Sint autem ut dolorum illo ut.');
INSERT INTO part_time_ct VALUES ('Columbus_Medhurst@gmail.com');
INSERT INTO pt_free_schedule VALUES ('Columbus_Medhurst@gmail.com', '2020-05-13T16:00:00.000Z', '2021-11-13T16:00:00.000Z');
INSERT INTO pt_specializes_in VALUES ('Columbus_Medhurst@gmail.com', 'Chameleons (Veiled)', 7);
INSERT INTO pt_specializes_in VALUES ('Columbus_Medhurst@gmail.com', 'Ponie', 8);

INSERT INTO person VALUES ('Furman12@hotmail.com', 'Grayce Feil', '$2b$10$r3BD.leaooE.5vU28EYTuuBixKJ5aeV1AyrKyPHHI0BSkH.eNYs5i', '93010 Doyle Trail', 90642609, 'user', 'https://s3.amazonaws.com/uifaces/faces/twitter/calebjoyce/128.jpg');
INSERT INTO credit_card VALUES (3528749373909517, 'Furman12@hotmail.com', '2021-10-03T18:43:00.673Z', 431);
INSERT INTO pet VALUES ('Hoyt', 'Furman12@hotmail.com', 'Horse', 'Officia exercitationem non.', 'Vel vero aut veniam dolorem.');
INSERT INTO pet VALUES ('Kole', 'Furman12@hotmail.com', 'Guinea Fowl', 'Eveniet aliquid molestiae atque eaque.', 'Voluptate consequuntur nostrum minima doloribus fugit.');
INSERT INTO full_time_ct VALUES ('Furman12@hotmail.com');
INSERT INTO ft_specializes_in VALUES ('Furman12@hotmail.com', 'Chicken', 15);
INSERT INTO ft_specializes_in VALUES ('Furman12@hotmail.com', 'Duck', 12);

INSERT INTO person VALUES ('Caroline.Hane@gmail.com', 'Johnnie Barrows', '$2b$10$r3BD.leaooE.5vU28EYTuuBixKJ5aeV1AyrKyPHHI0BSkH.eNYs5i', '34387 Schulist Pine', 90458645, 'user', 'https://s3.amazonaws.com/uifaces/faces/twitter/sprayaga/128.jpg');
INSERT INTO credit_card VALUES (4142336211071, 'Caroline.Hane@gmail.com', '2023-08-10T03:40:10.756Z', 698);
INSERT INTO pet VALUES ('Geo', 'Caroline.Hane@gmail.com', 'Rabbit', 'Magni ut nostrum ea sint voluptates veritatis impedit.', 'Dolor tempora vitae omnis repellat et.');
INSERT INTO pet VALUES ('Colton', 'Caroline.Hane@gmail.com', 'Chinchilla', 'Id provident numquam culpa.', 'Commodi fugiat rem cumque nobis.');
INSERT INTO full_time_ct VALUES ('Caroline.Hane@gmail.com');
INSERT INTO ft_specializes_in VALUES ('Caroline.Hane@gmail.com', 'Chinese Water Dragon', 17);
INSERT INTO ft_specializes_in VALUES ('Caroline.Hane@gmail.com', 'Hedgehog', 0);

INSERT INTO person VALUES ('Florence_Funk@yahoo.com', 'Eldora Hoppe', '$2b$10$r3BD.leaooE.5vU28EYTuuBixKJ5aeV1AyrKyPHHI0BSkH.eNYs5i', '49583 Patsy Fall', 90250249, 'user', 'https://s3.amazonaws.com/uifaces/faces/twitter/markwienands/128.jpg');
INSERT INTO credit_card VALUES (344790829326456, 'Florence_Funk@yahoo.com', '2022-06-15T04:17:26.949Z', 596);
INSERT INTO pet VALUES ('Paul', 'Florence_Funk@yahoo.com', 'Chinese Water Dragon', 'Officia beatae et eligendi ea voluptates illo impedit reprehenderit.', 'Totam voluptates et atque eveniet.');
INSERT INTO pet VALUES ('Emery', 'Florence_Funk@yahoo.com', 'Iguana', 'Odit eaque et harum enim asperiores doloribus.', 'Ea et repudiandae non autem qui.');

INSERT INTO person VALUES ('Demarcus.McGlynn@yahoo.com', 'Alan Stiedemann', '$2b$10$r3BD.leaooE.5vU28EYTuuBixKJ5aeV1AyrKyPHHI0BSkH.eNYs5i', '6418 McCullough Bridge', 90929294, 'user', 'https://s3.amazonaws.com/uifaces/faces/twitter/danmartin70/128.jpg');

INSERT INTO person VALUES ('Gregory.Krajcik94@yahoo.com', 'Dominique Wisozk', '$2b$10$r3BD.leaooE.5vU28EYTuuBixKJ5aeV1AyrKyPHHI0BSkH.eNYs5i', '3770 Ziemann Inlet', 90214629, 'user', 'https://s3.amazonaws.com/uifaces/faces/twitter/jakemoore/128.jpg');
INSERT INTO credit_card VALUES (3529406443527616, 'Gregory.Krajcik94@yahoo.com', '2021-01-08T04:35:01.127Z', 934);
INSERT INTO pet VALUES ('Alan', 'Gregory.Krajcik94@yahoo.com', 'Horse', 'Commodi placeat qui voluptatem delectus perspiciatis assumenda.', 'Sed provident ut neque beatae alias.');
INSERT INTO pet VALUES ('Esta', 'Gregory.Krajcik94@yahoo.com', 'Guinea Fowl', 'Consequatur aut qui omnis.', 'Qui libero voluptatum aut natus velit voluptates quo dolore reprehenderit.');

INSERT INTO person VALUES ('Kevon.Moen@yahoo.com', 'Efrain Moen', '$2b$10$r3BD.leaooE.5vU28EYTuuBixKJ5aeV1AyrKyPHHI0BSkH.eNYs5i', '008 Mitchel Prairie', 90903093, 'user', 'https://s3.amazonaws.com/uifaces/faces/twitter/salimianoff/128.jpg');
INSERT INTO full_time_ct VALUES ('Kevon.Moen@yahoo.com');
INSERT INTO ft_specializes_in VALUES ('Kevon.Moen@yahoo.com', 'Donkey', 4);
INSERT INTO ft_specializes_in VALUES ('Kevon.Moen@yahoo.com', 'Peafowl', 20);

INSERT INTO person VALUES ('Brandon.Dibbert47@gmail.com', 'Loma Tillman', '$2b$10$r3BD.leaooE.5vU28EYTuuBixKJ5aeV1AyrKyPHHI0BSkH.eNYs5i', '142 Braun Valley', 90918086, 'user', 'https://s3.amazonaws.com/uifaces/faces/twitter/kerem/128.jpg');

INSERT INTO person VALUES ('Hallie65@yahoo.com', 'Alysson Mohr', '$2b$10$r3BD.leaooE.5vU28EYTuuBixKJ5aeV1AyrKyPHHI0BSkH.eNYs5i', '98579 Dudley Junctions', 90827648, 'user', 'https://s3.amazonaws.com/uifaces/faces/twitter/cicerobr/128.jpg');
INSERT INTO full_time_ct VALUES ('Hallie65@yahoo.com');
INSERT INTO ft_specializes_in VALUES ('Hallie65@yahoo.com', 'Peafowl', 2);

INSERT INTO person VALUES ('Amaya.Lang@gmail.com', 'Lorenz Zieme', '$2b$10$r3BD.leaooE.5vU28EYTuuBixKJ5aeV1AyrKyPHHI0BSkH.eNYs5i', '308 Manley Knoll', 90684317, 'user', 'https://s3.amazonaws.com/uifaces/faces/twitter/carlyson/128.jpg');
INSERT INTO part_time_ct VALUES ('Amaya.Lang@gmail.com');
INSERT INTO pt_free_schedule VALUES ('Amaya.Lang@gmail.com', '2020-05-13T16:00:00.000Z', '2021-11-13T16:00:00.000Z');
INSERT INTO pt_specializes_in VALUES ('Amaya.Lang@gmail.com', 'Burro', 8);

INSERT INTO person VALUES ('Charles.Zemlak67@gmail.com', 'Cale Hauck', '$2b$10$r3BD.leaooE.5vU28EYTuuBixKJ5aeV1AyrKyPHHI0BSkH.eNYs5i', '204 Renner Prairie', 90751490, 'user', 'https://s3.amazonaws.com/uifaces/faces/twitter/marrimo/128.jpg');
INSERT INTO credit_card VALUES (6011073001304663, 'Charles.Zemlak67@gmail.com', '2024-04-01T16:57:20.406Z', 643);
INSERT INTO pet VALUES ('Luz', 'Charles.Zemlak67@gmail.com', 'Hog', 'Deleniti fuga repellendus veritatis quidem sed totam.', 'Quidem architecto perspiciatis laborum velit omnis doloremque.');
INSERT INTO part_time_ct VALUES ('Charles.Zemlak67@gmail.com');
INSERT INTO pt_free_schedule VALUES ('Charles.Zemlak67@gmail.com', '2020-05-13T16:00:00.000Z', '2021-11-13T16:00:00.000Z');
INSERT INTO pt_specializes_in VALUES ('Charles.Zemlak67@gmail.com', 'Horse', 5);
INSERT INTO pt_specializes_in VALUES ('Charles.Zemlak67@gmail.com', 'Llama', 10);

INSERT INTO person VALUES ('Kailyn11@hotmail.com', 'Melyssa Wisoky', '$2b$10$r3BD.leaooE.5vU28EYTuuBixKJ5aeV1AyrKyPHHI0BSkH.eNYs5i', '435 Jewell Rapids', 90231200, 'user', 'https://s3.amazonaws.com/uifaces/faces/twitter/tgerken/128.jpg');
INSERT INTO part_time_ct VALUES ('Kailyn11@hotmail.com');
INSERT INTO pt_free_schedule VALUES ('Kailyn11@hotmail.com', '2020-05-13T16:00:00.000Z', '2021-11-13T16:00:00.000Z');
INSERT INTO pt_specializes_in VALUES ('Kailyn11@hotmail.com', 'Donkey', 4);
INSERT INTO pt_specializes_in VALUES ('Kailyn11@hotmail.com', 'Iguana', 16);

INSERT INTO person VALUES ('Deon.Bosco@yahoo.com', 'Wanda Hagenes', '$2b$10$r3BD.leaooE.5vU28EYTuuBixKJ5aeV1AyrKyPHHI0BSkH.eNYs5i', '03472 Magali Streets', 90621479, 'user', 'https://s3.amazonaws.com/uifaces/faces/twitter/doooon/128.jpg');
INSERT INTO full_time_ct VALUES ('Deon.Bosco@yahoo.com');
INSERT INTO ft_specializes_in VALUES ('Deon.Bosco@yahoo.com', 'Bearded Dragon', 8);
INSERT INTO ft_specializes_in VALUES ('Deon.Bosco@yahoo.com', 'Peafowl', 17);

INSERT INTO person VALUES ('Brycen80@yahoo.com', 'Shayne Huel', '$2b$10$r3BD.leaooE.5vU28EYTuuBixKJ5aeV1AyrKyPHHI0BSkH.eNYs5i', '86985 Einar Run', 90256670, 'user', 'https://s3.amazonaws.com/uifaces/faces/twitter/benefritz/128.jpg');
INSERT INTO credit_card VALUES (6486623164048225, 'Brycen80@yahoo.com', '2021-12-20T00:25:54.834Z', 687);
INSERT INTO pet VALUES ('Camren', 'Brycen80@yahoo.com', 'Pigeon', 'Id quia velit mollitia corporis.', 'Possimus minus quas nulla cumque deserunt sint praesentium.');
INSERT INTO pet VALUES ('Vernie', 'Brycen80@yahoo.com', 'Chameleons (Veiled)', 'Id vel et neque in labore dignissimos sapiente.', 'Nisi perferendis eligendi et et.');

INSERT INTO person VALUES ('Jaron.Cassin@gmail.com', 'Trudie Dach', '$2b$10$r3BD.leaooE.5vU28EYTuuBixKJ5aeV1AyrKyPHHI0BSkH.eNYs5i', '17122 Retta Street', 90682576, 'user', 'https://s3.amazonaws.com/uifaces/faces/twitter/dvdwinden/128.jpg');
INSERT INTO credit_card VALUES (5893560320240917, 'Jaron.Cassin@gmail.com', '2020-11-20T18:25:07.169Z', 797);
INSERT INTO pet VALUES ('Rae', 'Jaron.Cassin@gmail.com', 'Pot Bellied Pig', 'Iure est quas voluptatem.', 'Ut tenetur atque voluptas sunt ullam quos doloribus reiciendis doloremque.');
INSERT INTO full_time_ct VALUES ('Jaron.Cassin@gmail.com');
INSERT INTO ft_specializes_in VALUES ('Jaron.Cassin@gmail.com', 'Hog', 16);
INSERT INTO ft_specializes_in VALUES ('Jaron.Cassin@gmail.com', 'Pigeon', 17);

INSERT INTO person VALUES ('Rocky45@hotmail.com', 'Mariam McClure', '$2b$10$r3BD.leaooE.5vU28EYTuuBixKJ5aeV1AyrKyPHHI0BSkH.eNYs5i', '86232 Odie Valley', 90155599, 'user', 'https://s3.amazonaws.com/uifaces/faces/twitter/gseguin/128.jpg');
INSERT INTO part_time_ct VALUES ('Rocky45@hotmail.com');
INSERT INTO pt_free_schedule VALUES ('Rocky45@hotmail.com', '2020-05-13T16:00:00.000Z', '2021-11-13T16:00:00.000Z');
INSERT INTO pt_specializes_in VALUES ('Rocky45@hotmail.com', 'Goat', 9);
INSERT INTO pt_specializes_in VALUES ('Rocky45@hotmail.com', 'Iguana', 17);

INSERT INTO person VALUES ('Emie_Stoltenberg@yahoo.com', 'Laverne Volkman', '$2b$10$r3BD.leaooE.5vU28EYTuuBixKJ5aeV1AyrKyPHHI0BSkH.eNYs5i', '900 Koss Wall', 90509085, 'user', 'https://s3.amazonaws.com/uifaces/faces/twitter/YoungCutlass/128.jpg');
INSERT INTO part_time_ct VALUES ('Emie_Stoltenberg@yahoo.com');
INSERT INTO pt_free_schedule VALUES ('Emie_Stoltenberg@yahoo.com', '2020-05-13T16:00:00.000Z', '2021-11-13T16:00:00.000Z');
INSERT INTO pt_specializes_in VALUES ('Emie_Stoltenberg@yahoo.com', 'Fish', 15);
INSERT INTO pt_specializes_in VALUES ('Emie_Stoltenberg@yahoo.com', 'Mice', 13);
INSERT INTO pt_specializes_in VALUES ('Emie_Stoltenberg@yahoo.com', 'Ponie', 5);

INSERT INTO person VALUES ('Madelynn.Glover@yahoo.com', 'Carol Heaney', '$2b$10$r3BD.leaooE.5vU28EYTuuBixKJ5aeV1AyrKyPHHI0BSkH.eNYs5i', '86114 Annetta Plaza', 90058735, 'user', 'https://s3.amazonaws.com/uifaces/faces/twitter/oktayelipek/128.jpg');
INSERT INTO full_time_ct VALUES ('Madelynn.Glover@yahoo.com');
INSERT INTO ft_specializes_in VALUES ('Madelynn.Glover@yahoo.com', 'Fish', 11);

INSERT INTO person VALUES ('Hortense.Schulist@hotmail.com', 'Lora Corkery', '$2b$10$r3BD.leaooE.5vU28EYTuuBixKJ5aeV1AyrKyPHHI0BSkH.eNYs5i', '349 Walker Squares', 90230528, 'user', 'https://s3.amazonaws.com/uifaces/faces/twitter/thedamianhdez/128.jpg');
INSERT INTO part_time_ct VALUES ('Hortense.Schulist@hotmail.com');
INSERT INTO pt_free_schedule VALUES ('Hortense.Schulist@hotmail.com', '2020-05-13T16:00:00.000Z', '2021-11-13T16:00:00.000Z');
INSERT INTO pt_specializes_in VALUES ('Hortense.Schulist@hotmail.com', 'Burro', 0);

INSERT INTO person VALUES ('Kim.Dach@yahoo.com', 'Kay Mosciski', '$2b$10$r3BD.leaooE.5vU28EYTuuBixKJ5aeV1AyrKyPHHI0BSkH.eNYs5i', '177 Adaline Trace', 90794810, 'user', 'https://s3.amazonaws.com/uifaces/faces/twitter/joshuasortino/128.jpg');
INSERT INTO credit_card VALUES (6767096263378312, 'Kim.Dach@yahoo.com', '2023-03-20T00:31:38.379Z', 910);
INSERT INTO pet VALUES ('Amie', 'Kim.Dach@yahoo.com', 'Bird', 'Fuga nisi ex aut optio expedita accusamus.', 'Voluptatem saepe ut molestiae doloribus alias aliquid nam et.');
INSERT INTO pet VALUES ('Merlin', 'Kim.Dach@yahoo.com', 'Chicken', 'Vitae itaque sed quos exercitationem omnis architecto iure nemo.', 'Et repudiandae et vitae perspiciatis.');

INSERT INTO person VALUES ('Jaren98@hotmail.com', 'Alec Ratke', '$2b$10$r3BD.leaooE.5vU28EYTuuBixKJ5aeV1AyrKyPHHI0BSkH.eNYs5i', '04498 Goldner Point', 90520054, 'user', 'https://s3.amazonaws.com/uifaces/faces/twitter/begreative/128.jpg');
INSERT INTO full_time_ct VALUES ('Jaren98@hotmail.com');
INSERT INTO ft_specializes_in VALUES ('Jaren98@hotmail.com', 'Chinese Water Dragon', 1);

INSERT INTO person VALUES ('Roderick.Erdman35@yahoo.com', 'Jerrold Wyman', '$2b$10$r3BD.leaooE.5vU28EYTuuBixKJ5aeV1AyrKyPHHI0BSkH.eNYs5i', '5885 Jamir Cliff', 90880408, 'user', 'https://s3.amazonaws.com/uifaces/faces/twitter/ryandownie/128.jpg');
INSERT INTO credit_card VALUES (6759648938627538, 'Roderick.Erdman35@yahoo.com', '2021-01-28T09:11:07.528Z', 101);
INSERT INTO pet VALUES ('Lew', 'Roderick.Erdman35@yahoo.com', 'Llama', 'Molestiae similique voluptatem laborum ducimus aperiam.', 'Sit sapiente rerum.');

INSERT INTO person VALUES ('Clement.McDermott67@hotmail.com', 'Elliott Reynolds', '$2b$10$r3BD.leaooE.5vU28EYTuuBixKJ5aeV1AyrKyPHHI0BSkH.eNYs5i', '09958 Ludie Island', 90878809, 'user', 'https://s3.amazonaws.com/uifaces/faces/twitter/mocabyte/128.jpg');
INSERT INTO credit_card VALUES (30008647520615, 'Clement.McDermott67@hotmail.com', '2021-01-30T23:31:55.473Z', 441);
INSERT INTO pet VALUES ('Waino', 'Clement.McDermott67@hotmail.com', 'Fish', 'Sed et commodi corrupti.', 'Aspernatur vitae ad.');
INSERT INTO pet VALUES ('Cole', 'Clement.McDermott67@hotmail.com', 'Burro', 'Similique facere in illum eum laboriosam.', 'Eligendi a natus optio eveniet est molestiae natus dignissimos.');

INSERT INTO person VALUES ('Mariam.Fadel47@hotmail.com', 'Edgar Hamill', '$2b$10$r3BD.leaooE.5vU28EYTuuBixKJ5aeV1AyrKyPHHI0BSkH.eNYs5i', '39107 Aurelie Courts', 90800006, 'user', 'https://s3.amazonaws.com/uifaces/faces/twitter/codepoet_ru/128.jpg');
INSERT INTO credit_card VALUES (340023330703643, 'Mariam.Fadel47@hotmail.com', '2023-02-21T19:04:18.632Z', 210);
INSERT INTO pet VALUES ('German', 'Mariam.Fadel47@hotmail.com', 'Cow', 'Aut non maiores qui reiciendis quasi aspernatur inventore maxime autem.', 'Doloribus excepturi odit voluptatem consequatur culpa porro vitae similique.');

INSERT INTO person VALUES ('Viva_Lind65@gmail.com', 'Arch Jenkins', '$2b$10$r3BD.leaooE.5vU28EYTuuBixKJ5aeV1AyrKyPHHI0BSkH.eNYs5i', '675 Lindgren Viaduct', 90703535, 'user', 'https://s3.amazonaws.com/uifaces/faces/twitter/ruzinav/128.jpg');
INSERT INTO credit_card VALUES (341562693720729, 'Viva_Lind65@gmail.com', '2021-03-23T06:25:52.732Z', 780);
INSERT INTO pet VALUES ('Leilani', 'Viva_Lind65@gmail.com', 'Goat', 'Expedita sit facilis.', 'Neque rem asperiores vel suscipit est porro.');
INSERT INTO pet VALUES ('Effie', 'Viva_Lind65@gmail.com', 'Chinchilla', 'Deleniti nihil magnam cupiditate quasi voluptatem.', 'Nulla dicta culpa autem ex velit dolorem.');

INSERT INTO person VALUES ('Jerod.Brakus2@gmail.com', 'Dewayne Herman', '$2b$10$r3BD.leaooE.5vU28EYTuuBixKJ5aeV1AyrKyPHHI0BSkH.eNYs5i', '27208 Christiansen Plains', 90905867, 'user', 'https://s3.amazonaws.com/uifaces/faces/twitter/zaki3d/128.jpg');
INSERT INTO credit_card VALUES (4950422462614, 'Jerod.Brakus2@gmail.com', '2022-05-01T23:55:13.007Z', 382);
INSERT INTO pet VALUES ('Astrid', 'Jerod.Brakus2@gmail.com', 'Goat', 'Eos officia debitis minus sed autem impedit aliquid molestiae officiis.', 'Eaque vero asperiores at.');
INSERT INTO pet VALUES ('Benton', 'Jerod.Brakus2@gmail.com', 'Iguana', 'Sint molestiae in alias quo et.', 'Est et mollitia laboriosam et accusantium suscipit fugiat dolorem.');
INSERT INTO part_time_ct VALUES ('Jerod.Brakus2@gmail.com');
INSERT INTO pt_free_schedule VALUES ('Jerod.Brakus2@gmail.com', '2020-05-13T16:00:00.000Z', '2021-11-13T16:00:00.000Z');
INSERT INTO pt_specializes_in VALUES ('Jerod.Brakus2@gmail.com', 'Duck', 17);
INSERT INTO pt_specializes_in VALUES ('Jerod.Brakus2@gmail.com', 'Gecko', 10);
INSERT INTO pt_specializes_in VALUES ('Jerod.Brakus2@gmail.com', 'Ponie', 19);

INSERT INTO person VALUES ('Garrison.Dickinson@hotmail.com', 'Izaiah Treutel', '$2b$10$r3BD.leaooE.5vU28EYTuuBixKJ5aeV1AyrKyPHHI0BSkH.eNYs5i', '7281 Joaquin Union', 90590250, 'user', 'https://s3.amazonaws.com/uifaces/faces/twitter/shaneIxD/128.jpg');
INSERT INTO full_time_ct VALUES ('Garrison.Dickinson@hotmail.com');
INSERT INTO ft_specializes_in VALUES ('Garrison.Dickinson@hotmail.com', 'Ponie', 4);

INSERT INTO person VALUES ('Genevieve.West@gmail.com', 'John Bernier', '$2b$10$r3BD.leaooE.5vU28EYTuuBixKJ5aeV1AyrKyPHHI0BSkH.eNYs5i', '3665 Jarred Freeway', 90777125, 'user', 'https://s3.amazonaws.com/uifaces/faces/twitter/scottgallant/128.jpg');
INSERT INTO full_time_ct VALUES ('Genevieve.West@gmail.com');
INSERT INTO ft_specializes_in VALUES ('Genevieve.West@gmail.com', 'Chinchilla', 17);
INSERT INTO ft_specializes_in VALUES ('Genevieve.West@gmail.com', 'Fish', 6);
INSERT INTO ft_specializes_in VALUES ('Genevieve.West@gmail.com', 'Hog', 7);

INSERT INTO person VALUES ('Phyllis36@hotmail.com', 'Dorris DuBuque', '$2b$10$r3BD.leaooE.5vU28EYTuuBixKJ5aeV1AyrKyPHHI0BSkH.eNYs5i', '09835 Gerard Burg', 90995495, 'user', 'https://s3.amazonaws.com/uifaces/faces/twitter/charlesrpratt/128.jpg');

INSERT INTO person VALUES ('Delfina61@gmail.com', 'Meta Kuhic', '$2b$10$r3BD.leaooE.5vU28EYTuuBixKJ5aeV1AyrKyPHHI0BSkH.eNYs5i', '58142 Schuppe Forks', 90060198, 'user', 'https://s3.amazonaws.com/uifaces/faces/twitter/adellecharles/128.jpg');
INSERT INTO full_time_ct VALUES ('Delfina61@gmail.com');
INSERT INTO ft_specializes_in VALUES ('Delfina61@gmail.com', 'Donkey', 6);
INSERT INTO ft_specializes_in VALUES ('Delfina61@gmail.com', 'Geese (Chinese Swan Goose)', 8);

INSERT INTO person VALUES ('Alessandro56@hotmail.com', 'Bethel Morissette', '$2b$10$r3BD.leaooE.5vU28EYTuuBixKJ5aeV1AyrKyPHHI0BSkH.eNYs5i', '32424 Howe Greens', 90233678, 'user', 'https://s3.amazonaws.com/uifaces/faces/twitter/the_winslet/128.jpg');
INSERT INTO full_time_ct VALUES ('Alessandro56@hotmail.com');
INSERT INTO ft_specializes_in VALUES ('Alessandro56@hotmail.com', 'Cow', 14);
INSERT INTO ft_specializes_in VALUES ('Alessandro56@hotmail.com', 'Horse', 20);
INSERT INTO ft_specializes_in VALUES ('Alessandro56@hotmail.com', 'Peafowl', 0);

INSERT INTO person VALUES ('Kathlyn_Rowe21@yahoo.com', 'Randi Schimmel', '$2b$10$r3BD.leaooE.5vU28EYTuuBixKJ5aeV1AyrKyPHHI0BSkH.eNYs5i', '1796 Mante Rapid', 90753780, 'user', 'https://s3.amazonaws.com/uifaces/faces/twitter/r_garcia/128.jpg');
INSERT INTO full_time_ct VALUES ('Kathlyn_Rowe21@yahoo.com');
INSERT INTO ft_specializes_in VALUES ('Kathlyn_Rowe21@yahoo.com', 'Donkey', 8);
INSERT INTO ft_specializes_in VALUES ('Kathlyn_Rowe21@yahoo.com', 'Geese (Chinese Swan Goose)', 17);

INSERT INTO person VALUES ('Jackson_Baumbach@gmail.com', 'Emelia Halvorson', '$2b$10$r3BD.leaooE.5vU28EYTuuBixKJ5aeV1AyrKyPHHI0BSkH.eNYs5i', '27017 Abbigail Burg', 90890214, 'user', 'https://s3.amazonaws.com/uifaces/faces/twitter/kuldarkalvik/128.jpg');
INSERT INTO full_time_ct VALUES ('Jackson_Baumbach@gmail.com');
INSERT INTO ft_specializes_in VALUES ('Jackson_Baumbach@gmail.com', 'Hedgehog', 11);
INSERT INTO ft_specializes_in VALUES ('Jackson_Baumbach@gmail.com', 'Horse', 4);
INSERT INTO ft_specializes_in VALUES ('Jackson_Baumbach@gmail.com', 'Pigeon', 0);

INSERT INTO person VALUES ('Jake9@gmail.com', 'Lucie Marvin', '$2b$10$r3BD.leaooE.5vU28EYTuuBixKJ5aeV1AyrKyPHHI0BSkH.eNYs5i', '4289 Schaden Shore', 90158448, 'user', 'https://s3.amazonaws.com/uifaces/faces/twitter/ralph_lam/128.jpg');
INSERT INTO credit_card VALUES (6011882854069938, 'Jake9@gmail.com', '2021-05-02T03:56:47.430Z', 778);
INSERT INTO pet VALUES ('Keith', 'Jake9@gmail.com', 'Horse', 'Porro est eius est aut.', 'Et commodi beatae vero accusamus aut consequatur tempore voluptas.');
INSERT INTO pet VALUES ('Imani', 'Jake9@gmail.com', 'Guinea Fowl', 'Quia qui totam reprehenderit non labore architecto.', 'Et sed dolorem qui blanditiis vero qui inventore sit.');
INSERT INTO full_time_ct VALUES ('Jake9@gmail.com');
INSERT INTO ft_specializes_in VALUES ('Jake9@gmail.com', 'Hamster', 3);
INSERT INTO ft_specializes_in VALUES ('Jake9@gmail.com', 'Ponie', 8);

INSERT INTO person VALUES ('Estell28@yahoo.com', 'Dandre Turcotte', '$2b$10$r3BD.leaooE.5vU28EYTuuBixKJ5aeV1AyrKyPHHI0BSkH.eNYs5i', '6005 Germaine Stravenue', 90592969, 'user', 'https://s3.amazonaws.com/uifaces/faces/twitter/orkuncaylar/128.jpg');
INSERT INTO credit_card VALUES (6767128447160570, 'Estell28@yahoo.com', '2022-09-09T20:07:00.309Z', 685);
INSERT INTO pet VALUES ('Guy', 'Estell28@yahoo.com', 'Fish', 'Corrupti ut expedita officia.', 'Voluptatem odio facilis.');
INSERT INTO pet VALUES ('Laisha', 'Estell28@yahoo.com', 'Gecko', 'Reprehenderit tempore mollitia saepe culpa in est modi quis.', 'Id sint qui.');
INSERT INTO part_time_ct VALUES ('Estell28@yahoo.com');
INSERT INTO pt_free_schedule VALUES ('Estell28@yahoo.com', '2020-05-13T16:00:00.000Z', '2021-11-13T16:00:00.000Z');
INSERT INTO pt_specializes_in VALUES ('Estell28@yahoo.com', 'Chinese Water Dragon', 13);
INSERT INTO pt_specializes_in VALUES ('Estell28@yahoo.com', 'Guinea Fowl', 4);

INSERT INTO person VALUES ('Abdul.Greenholt@yahoo.com', 'Magdalen Jacobs', '$2b$10$r3BD.leaooE.5vU28EYTuuBixKJ5aeV1AyrKyPHHI0BSkH.eNYs5i', '270 Rossie Harbors', 90774220, 'user', 'https://s3.amazonaws.com/uifaces/faces/twitter/martinansty/128.jpg');
INSERT INTO credit_card VALUES (6385566954670533, 'Abdul.Greenholt@yahoo.com', '2021-05-31T23:20:33.247Z', 953);
INSERT INTO pet VALUES ('Emile', 'Abdul.Greenholt@yahoo.com', 'Gecko', 'Veniam aut at.', 'Excepturi perspiciatis quia quod.');
INSERT INTO full_time_ct VALUES ('Abdul.Greenholt@yahoo.com');
INSERT INTO ft_specializes_in VALUES ('Abdul.Greenholt@yahoo.com', 'Gerbil', 17);
INSERT INTO ft_specializes_in VALUES ('Abdul.Greenholt@yahoo.com', 'Guinea Fowl', 9);

INSERT INTO person VALUES ('Hayley_Davis54@gmail.com', 'Lily OKon', '$2b$10$r3BD.leaooE.5vU28EYTuuBixKJ5aeV1AyrKyPHHI0BSkH.eNYs5i', '7632 Ella Common', 90546249, 'user', 'https://s3.amazonaws.com/uifaces/faces/twitter/joshuaraichur/128.jpg');

INSERT INTO person VALUES ('Eleazar.Rogahn62@yahoo.com', 'Furman Zemlak', '$2b$10$r3BD.leaooE.5vU28EYTuuBixKJ5aeV1AyrKyPHHI0BSkH.eNYs5i', '95250 Dooley Plaza', 90765377, 'user', 'https://s3.amazonaws.com/uifaces/faces/twitter/otozk/128.jpg');
INSERT INTO part_time_ct VALUES ('Eleazar.Rogahn62@yahoo.com');
INSERT INTO pt_free_schedule VALUES ('Eleazar.Rogahn62@yahoo.com', '2020-05-13T16:00:00.000Z', '2021-11-13T16:00:00.000Z');
INSERT INTO pt_specializes_in VALUES ('Eleazar.Rogahn62@yahoo.com', 'Chicken', 12);
INSERT INTO pt_specializes_in VALUES ('Eleazar.Rogahn62@yahoo.com', 'Mule', 19);

INSERT INTO person VALUES ('Frida4@hotmail.com', 'Krista Gutkowski', '$2b$10$r3BD.leaooE.5vU28EYTuuBixKJ5aeV1AyrKyPHHI0BSkH.eNYs5i', '274 Schiller Plains', 90913573, 'user', 'https://s3.amazonaws.com/uifaces/faces/twitter/mhaligowski/128.jpg');
INSERT INTO part_time_ct VALUES ('Frida4@hotmail.com');
INSERT INTO pt_free_schedule VALUES ('Frida4@hotmail.com', '2020-05-13T16:00:00.000Z', '2021-11-13T16:00:00.000Z');
INSERT INTO pt_specializes_in VALUES ('Frida4@hotmail.com', 'Bearded Dragon', 8);
INSERT INTO pt_specializes_in VALUES ('Frida4@hotmail.com', 'Chicken', 19);
INSERT INTO pt_specializes_in VALUES ('Frida4@hotmail.com', 'Chinchilla', 12);

INSERT INTO person VALUES ('Immanuel_Hilll3@yahoo.com', 'Luz Tillman', '$2b$10$r3BD.leaooE.5vU28EYTuuBixKJ5aeV1AyrKyPHHI0BSkH.eNYs5i', '15834 Giuseppe Prairie', 90457848, 'user', 'https://s3.amazonaws.com/uifaces/faces/twitter/zackeeler/128.jpg');
INSERT INTO credit_card VALUES (6759894495659445, 'Immanuel_Hilll3@yahoo.com', '2020-12-21T14:45:54.598Z', 332);
INSERT INTO pet VALUES ('Helena', 'Immanuel_Hilll3@yahoo.com', 'Burro', 'Dolorum incidunt qui dolore non odit.', 'Natus temporibus repellendus.');
INSERT INTO pet VALUES ('Lyric', 'Immanuel_Hilll3@yahoo.com', 'Llama', 'Corporis cupiditate voluptatibus excepturi.', 'Dolor molestias consequatur eos vero fugit et recusandae.');

INSERT INTO person VALUES ('Berta.Schneider@gmail.com', 'Hope Lueilwitz', '$2b$10$r3BD.leaooE.5vU28EYTuuBixKJ5aeV1AyrKyPHHI0BSkH.eNYs5i', '750 Kihn Shoals', 90913573, 'user', 'https://s3.amazonaws.com/uifaces/faces/twitter/eyronn/128.jpg');
INSERT INTO credit_card VALUES (3585731852595296, 'Berta.Schneider@gmail.com', '2025-06-10T14:47:22.070Z', 456);
INSERT INTO pet VALUES ('Verdie', 'Berta.Schneider@gmail.com', 'Bearded Dragon', 'Ut expedita voluptatem odit id.', 'Reiciendis vero animi dolorum illum cupiditate et.');
INSERT INTO pet VALUES ('Maggie', 'Berta.Schneider@gmail.com', 'Llama', 'Sunt ut et quod.', 'Provident est quo molestias natus dolorum fuga accusantium et.');

INSERT INTO person VALUES ('Adella98@yahoo.com', 'Agnes Walker', '$2b$10$r3BD.leaooE.5vU28EYTuuBixKJ5aeV1AyrKyPHHI0BSkH.eNYs5i', '249 McClure Coves', 90109633, 'user', 'https://s3.amazonaws.com/uifaces/faces/twitter/denisepires/128.jpg');
INSERT INTO credit_card VALUES (6767014658295098, 'Adella98@yahoo.com', '2021-09-20T09:33:08.160Z', 215);
INSERT INTO pet VALUES ('Merritt', 'Adella98@yahoo.com', 'Gerbil', 'Illum tempora voluptates quo consequatur incidunt nobis.', 'Dolorem quia similique fugiat fuga corporis dolore doloribus aut.');

INSERT INTO person VALUES ('Katherine.Halvorson32@yahoo.com', 'Kristopher Farrell', '$2b$10$r3BD.leaooE.5vU28EYTuuBixKJ5aeV1AyrKyPHHI0BSkH.eNYs5i', '238 Thaddeus Plaza', 90861882, 'user', 'https://s3.amazonaws.com/uifaces/faces/twitter/saschamt/128.jpg');
INSERT INTO part_time_ct VALUES ('Katherine.Halvorson32@yahoo.com');
INSERT INTO pt_free_schedule VALUES ('Katherine.Halvorson32@yahoo.com', '2020-05-13T16:00:00.000Z', '2021-11-13T16:00:00.000Z');
INSERT INTO pt_specializes_in VALUES ('Katherine.Halvorson32@yahoo.com', 'Goat', 9);
INSERT INTO pt_specializes_in VALUES ('Katherine.Halvorson32@yahoo.com', 'Mice', 3);
INSERT INTO pt_specializes_in VALUES ('Katherine.Halvorson32@yahoo.com', 'Pigeon', 13);

INSERT INTO person VALUES ('Nelson.Corkery87@gmail.com', 'Destiney Bashirian', '$2b$10$r3BD.leaooE.5vU28EYTuuBixKJ5aeV1AyrKyPHHI0BSkH.eNYs5i', '72732 Juanita Light', 90905195, 'user', 'https://s3.amazonaws.com/uifaces/faces/twitter/atanism/128.jpg');
INSERT INTO full_time_ct VALUES ('Nelson.Corkery87@gmail.com');
INSERT INTO ft_specializes_in VALUES ('Nelson.Corkery87@gmail.com', 'Guinea Fowl', 20);
INSERT INTO ft_specializes_in VALUES ('Nelson.Corkery87@gmail.com', 'Iguana', 2);
INSERT INTO ft_specializes_in VALUES ('Nelson.Corkery87@gmail.com', 'Ponie', 7);

INSERT INTO person VALUES ('Elmira.Kohler46@hotmail.com', 'Susana Mohr', '$2b$10$r3BD.leaooE.5vU28EYTuuBixKJ5aeV1AyrKyPHHI0BSkH.eNYs5i', '583 Hermiston Lodge', 90410611, 'user', 'https://s3.amazonaws.com/uifaces/faces/twitter/demersdesigns/128.jpg');
INSERT INTO part_time_ct VALUES ('Elmira.Kohler46@hotmail.com');
INSERT INTO pt_free_schedule VALUES ('Elmira.Kohler46@hotmail.com', '2020-05-13T16:00:00.000Z', '2021-11-13T16:00:00.000Z');
INSERT INTO pt_specializes_in VALUES ('Elmira.Kohler46@hotmail.com', 'Geese (Chinese Swan Goose)', 17);
INSERT INTO pt_specializes_in VALUES ('Elmira.Kohler46@hotmail.com', 'Mule', 10);

INSERT INTO person VALUES ('Brycen45@hotmail.com', 'Haven Skiles', '$2b$10$r3BD.leaooE.5vU28EYTuuBixKJ5aeV1AyrKyPHHI0BSkH.eNYs5i', '332 Feest Valley', 90563262, 'user', 'https://s3.amazonaws.com/uifaces/faces/twitter/cynthiasavard/128.jpg');
INSERT INTO credit_card VALUES (373638930112083, 'Brycen45@hotmail.com', '2021-02-09T13:50:36.685Z', 733);
INSERT INTO pet VALUES ('Demetris', 'Brycen45@hotmail.com', 'Mice', 'Reprehenderit architecto eum.', 'Vel assumenda ut reiciendis enim quisquam repudiandae ullam.');
INSERT INTO pet VALUES ('Enid', 'Brycen45@hotmail.com', 'Lizard', 'Minima doloremque sed non a.', 'Et tenetur earum illo animi quos delectus.');

INSERT INTO person VALUES ('Tyrel_Beier83@yahoo.com', 'Marcus Reynolds', '$2b$10$r3BD.leaooE.5vU28EYTuuBixKJ5aeV1AyrKyPHHI0BSkH.eNYs5i', '6035 Johnnie Ville', 90272775, 'user', 'https://s3.amazonaws.com/uifaces/faces/twitter/nsamoylov/128.jpg');
INSERT INTO credit_card VALUES (5893946193705677, 'Tyrel_Beier83@yahoo.com', '2021-01-12T03:51:57.994Z', 668);
INSERT INTO pet VALUES ('Noemi', 'Tyrel_Beier83@yahoo.com', 'Guinea Fowl', 'Molestiae reprehenderit ut non aut sunt alias similique perferendis qui.', 'Ratione aut consequatur rerum aut totam quibusdam exercitationem vero corporis.');
INSERT INTO pet VALUES ('Grady', 'Tyrel_Beier83@yahoo.com', 'Gecko', 'Rem et consequatur excepturi pariatur sint qui consectetur tempore.', 'Possimus necessitatibus tempora quae voluptate eos dolor.');
INSERT INTO part_time_ct VALUES ('Tyrel_Beier83@yahoo.com');
INSERT INTO pt_free_schedule VALUES ('Tyrel_Beier83@yahoo.com', '2020-05-13T16:00:00.000Z', '2021-11-13T16:00:00.000Z');
INSERT INTO pt_specializes_in VALUES ('Tyrel_Beier83@yahoo.com', 'Bird', 3);
INSERT INTO pt_specializes_in VALUES ('Tyrel_Beier83@yahoo.com', 'Hedgehog', 0);

INSERT INTO person VALUES ('Ellen_Mills@gmail.com', 'Evert Baumbach', '$2b$10$r3BD.leaooE.5vU28EYTuuBixKJ5aeV1AyrKyPHHI0BSkH.eNYs5i', '8368 Rogahn Harbors', 90885572, 'user', 'https://s3.amazonaws.com/uifaces/faces/twitter/osmanince/128.jpg');
INSERT INTO credit_card VALUES (6771891363419001, 'Ellen_Mills@gmail.com', '2022-02-19T13:17:53.759Z', 321);
INSERT INTO pet VALUES ('Mikel', 'Ellen_Mills@gmail.com', 'Peafowl', 'Iste dicta sapiente architecto sequi repellat.', 'Eum quo porro harum quae.');
INSERT INTO full_time_ct VALUES ('Ellen_Mills@gmail.com');
INSERT INTO ft_specializes_in VALUES ('Ellen_Mills@gmail.com', 'Goat', 5);

INSERT INTO person VALUES ('Oscar.Sporer@gmail.com', 'Felipe Morar', '$2b$10$r3BD.leaooE.5vU28EYTuuBixKJ5aeV1AyrKyPHHI0BSkH.eNYs5i', '2016 Easter Cape', 90341452, 'user', 'https://s3.amazonaws.com/uifaces/faces/twitter/andrewcohen/128.jpg');
INSERT INTO part_time_ct VALUES ('Oscar.Sporer@gmail.com');
INSERT INTO pt_free_schedule VALUES ('Oscar.Sporer@gmail.com', '2020-05-13T16:00:00.000Z', '2021-11-13T16:00:00.000Z');
INSERT INTO pt_specializes_in VALUES ('Oscar.Sporer@gmail.com', 'Rabbit', 6);

INSERT INTO person VALUES ('Faye89@yahoo.com', 'Leonie Lockman', '$2b$10$r3BD.leaooE.5vU28EYTuuBixKJ5aeV1AyrKyPHHI0BSkH.eNYs5i', '7846 OConner Estates', 90693135, 'user', 'https://s3.amazonaws.com/uifaces/faces/twitter/billyroshan/128.jpg');
INSERT INTO credit_card VALUES (6767360494521359, 'Faye89@yahoo.com', '2022-06-05T07:07:01.829Z', 305);
INSERT INTO pet VALUES ('Micah', 'Faye89@yahoo.com', 'Donkey', 'Eligendi quas ab reiciendis quae.', 'Possimus placeat expedita qui mollitia ipsam odit voluptatem rerum.');
INSERT INTO part_time_ct VALUES ('Faye89@yahoo.com');
INSERT INTO pt_free_schedule VALUES ('Faye89@yahoo.com', '2020-05-13T16:00:00.000Z', '2021-11-13T16:00:00.000Z');
INSERT INTO pt_specializes_in VALUES ('Faye89@yahoo.com', 'Cow', 12);
INSERT INTO pt_specializes_in VALUES ('Faye89@yahoo.com', 'Donkey', 12);
INSERT INTO pt_specializes_in VALUES ('Faye89@yahoo.com', 'Duck', 7);

INSERT INTO person VALUES ('Nils.Kulas37@gmail.com', 'Eino Runolfsdottir', '$2b$10$r3BD.leaooE.5vU28EYTuuBixKJ5aeV1AyrKyPHHI0BSkH.eNYs5i', '4543 Nolan Summit', 90591694, 'user', 'https://s3.amazonaws.com/uifaces/faces/twitter/spedwig/128.jpg');

INSERT INTO person VALUES ('Elyssa_Boyer12@hotmail.com', 'Filomena Dooley', '$2b$10$r3BD.leaooE.5vU28EYTuuBixKJ5aeV1AyrKyPHHI0BSkH.eNYs5i', '70903 Shanelle Via', 90453478, 'user', 'https://s3.amazonaws.com/uifaces/faces/twitter/scottfeltham/128.jpg');

INSERT INTO person VALUES ('Keely40@hotmail.com', 'Orlo Kihn', '$2b$10$r3BD.leaooE.5vU28EYTuuBixKJ5aeV1AyrKyPHHI0BSkH.eNYs5i', '88675 Tristian Common', 90480801, 'user', 'https://s3.amazonaws.com/uifaces/faces/twitter/bluefx_/128.jpg');
INSERT INTO credit_card VALUES (6011564652269062, 'Keely40@hotmail.com', '2020-12-30T21:46:13.925Z', 894);
INSERT INTO pet VALUES ('Jewel', 'Keely40@hotmail.com', 'Goat', 'Commodi tenetur nesciunt debitis rerum repellendus voluptatem optio sed eligendi.', 'Ut quos fugit sint laudantium velit odit cupiditate reprehenderit.');
INSERT INTO pet VALUES ('Trever', 'Keely40@hotmail.com', 'Donkey', 'Quidem quae dolore corrupti et laboriosam est pariatur suscipit.', 'Alias corrupti est reprehenderit recusandae odit.');

INSERT INTO person VALUES ('Alverta.Zulauf@yahoo.com', 'Keshaun Hagenes', '$2b$10$r3BD.leaooE.5vU28EYTuuBixKJ5aeV1AyrKyPHHI0BSkH.eNYs5i', '33430 Ada Plains', 90539857, 'user', 'https://s3.amazonaws.com/uifaces/faces/twitter/nerdgr8/128.jpg');
INSERT INTO full_time_ct VALUES ('Alverta.Zulauf@yahoo.com');
INSERT INTO ft_specializes_in VALUES ('Alverta.Zulauf@yahoo.com', 'Gerbil', 11);
INSERT INTO ft_specializes_in VALUES ('Alverta.Zulauf@yahoo.com', 'Hedgehog', 13);
INSERT INTO ft_specializes_in VALUES ('Alverta.Zulauf@yahoo.com', 'Hog', 12);

INSERT INTO person VALUES ('Maymie_Denesik65@yahoo.com', 'Jarred Turner', '$2b$10$r3BD.leaooE.5vU28EYTuuBixKJ5aeV1AyrKyPHHI0BSkH.eNYs5i', '409 Hickle Ports', 90802070, 'user', 'https://s3.amazonaws.com/uifaces/faces/twitter/geran7/128.jpg');
INSERT INTO part_time_ct VALUES ('Maymie_Denesik65@yahoo.com');
INSERT INTO pt_free_schedule VALUES ('Maymie_Denesik65@yahoo.com', '2020-05-13T16:00:00.000Z', '2021-11-13T16:00:00.000Z');
INSERT INTO pt_specializes_in VALUES ('Maymie_Denesik65@yahoo.com', 'Chinchilla', 3);
INSERT INTO pt_specializes_in VALUES ('Maymie_Denesik65@yahoo.com', 'Chinese Water Dragon', 14);
INSERT INTO pt_specializes_in VALUES ('Maymie_Denesik65@yahoo.com', 'Cow', 7);

INSERT INTO person VALUES ('Clay_Wuckert@yahoo.com', 'Evalyn OConner', '$2b$10$r3BD.leaooE.5vU28EYTuuBixKJ5aeV1AyrKyPHHI0BSkH.eNYs5i', '60249 Virginie Circles', 90474174, 'user', 'https://s3.amazonaws.com/uifaces/faces/twitter/dutchnadia/128.jpg');
INSERT INTO credit_card VALUES (4217526896580, 'Clay_Wuckert@yahoo.com', '2023-09-06T19:16:42.387Z', 878);
INSERT INTO pet VALUES ('Georgette', 'Clay_Wuckert@yahoo.com', 'Chameleons (Veiled)', 'Consequatur aut laborum reprehenderit ipsum omnis sint cum ipsum illum.', 'Eveniet aliquid aspernatur autem et.');
INSERT INTO pet VALUES ('Dorian', 'Clay_Wuckert@yahoo.com', 'Llama', 'Aliquid sed velit error ipsum velit non.', 'Ut quos perspiciatis aperiam nisi id quo odit.');
INSERT INTO full_time_ct VALUES ('Clay_Wuckert@yahoo.com');
INSERT INTO ft_specializes_in VALUES ('Clay_Wuckert@yahoo.com', 'Bearded Dragon', 16);
INSERT INTO ft_specializes_in VALUES ('Clay_Wuckert@yahoo.com', 'Hedgehog', 9);

INSERT INTO person VALUES ('Madisen_Reichel@yahoo.com', 'Braden Anderson', '$2b$10$r3BD.leaooE.5vU28EYTuuBixKJ5aeV1AyrKyPHHI0BSkH.eNYs5i', '57839 Dominique Square', 90958960, 'user', 'https://s3.amazonaws.com/uifaces/faces/twitter/hafeeskhan/128.jpg');
INSERT INTO credit_card VALUES (3528147708340896, 'Madisen_Reichel@yahoo.com', '2023-02-22T15:07:12.274Z', 649);
INSERT INTO pet VALUES ('Fidel', 'Madisen_Reichel@yahoo.com', 'Gerbil', 'Temporibus ut facere aut esse quidem laudantium.', 'Nesciunt sint nihil.');
INSERT INTO pet VALUES ('Kadin', 'Madisen_Reichel@yahoo.com', 'Mule', 'Consequatur laborum minima et assumenda in.', 'Cupiditate hic aliquam illo.');
INSERT INTO full_time_ct VALUES ('Madisen_Reichel@yahoo.com');
INSERT INTO ft_specializes_in VALUES ('Madisen_Reichel@yahoo.com', 'Iguana', 18);

INSERT INTO person VALUES ('Bret.Price1@hotmail.com', 'Holly Nicolas', '$2b$10$r3BD.leaooE.5vU28EYTuuBixKJ5aeV1AyrKyPHHI0BSkH.eNYs5i', '607 Jamie Square', 90370226, 'user', 'https://s3.amazonaws.com/uifaces/faces/twitter/nitinhayaran/128.jpg');

INSERT INTO person VALUES ('Cecil_Ondricka@gmail.com', 'Tiana Krajcik', '$2b$10$r3BD.leaooE.5vU28EYTuuBixKJ5aeV1AyrKyPHHI0BSkH.eNYs5i', '7518 Aniya Cove', 90429700, 'user', 'https://s3.amazonaws.com/uifaces/faces/twitter/robergd/128.jpg');

INSERT INTO person VALUES ('Dorothea.Cremin@yahoo.com', 'Bertram Carroll', '$2b$10$r3BD.leaooE.5vU28EYTuuBixKJ5aeV1AyrKyPHHI0BSkH.eNYs5i', '3374 Maya Road', 90698258, 'user', 'https://s3.amazonaws.com/uifaces/faces/twitter/kostaspt/128.jpg');
INSERT INTO credit_card VALUES (6759648255778870, 'Dorothea.Cremin@yahoo.com', '2023-08-18T21:17:07.268Z', 327);
INSERT INTO pet VALUES ('Melyssa', 'Dorothea.Cremin@yahoo.com', 'Bird', 'Veritatis quam architecto placeat officiis et.', 'Necessitatibus sit aut voluptas quia nostrum aliquid sequi.');

INSERT INTO person VALUES ('Hailee.Nikolaus@gmail.com', 'Winona Lowe', '$2b$10$r3BD.leaooE.5vU28EYTuuBixKJ5aeV1AyrKyPHHI0BSkH.eNYs5i', '25882 Nitzsche Via', 90904591, 'user', 'https://s3.amazonaws.com/uifaces/faces/twitter/evanshajed/128.jpg');
INSERT INTO full_time_ct VALUES ('Hailee.Nikolaus@gmail.com');
INSERT INTO ft_specializes_in VALUES ('Hailee.Nikolaus@gmail.com', 'Bird', 6);
INSERT INTO ft_specializes_in VALUES ('Hailee.Nikolaus@gmail.com', 'Iguana', 13);
INSERT INTO ft_specializes_in VALUES ('Hailee.Nikolaus@gmail.com', 'Pig', 19);

INSERT INTO person VALUES ('Nella91@yahoo.com', 'Marilou Bartoletti', '$2b$10$r3BD.leaooE.5vU28EYTuuBixKJ5aeV1AyrKyPHHI0BSkH.eNYs5i', '78578 Ardith Branch', 90239315, 'user', 'https://s3.amazonaws.com/uifaces/faces/twitter/bartoszdawydzik/128.jpg');
INSERT INTO credit_card VALUES (6763212442795143, 'Nella91@yahoo.com', '2021-04-17T20:16:41.432Z', 795);
INSERT INTO pet VALUES ('Virgil', 'Nella91@yahoo.com', 'Peafowl', 'Maxime fugit rerum dolorem velit voluptas eius.', 'Ipsa eos nesciunt.');
INSERT INTO pet VALUES ('Jany', 'Nella91@yahoo.com', 'Lizard', 'Maxime culpa in praesentium explicabo repellendus nesciunt accusantium et et.', 'Ut officia blanditiis facilis et odit.');

INSERT INTO person VALUES ('Tyrique_Abernathy@yahoo.com', 'Wilburn Prosacco', '$2b$10$r3BD.leaooE.5vU28EYTuuBixKJ5aeV1AyrKyPHHI0BSkH.eNYs5i', '371 Brayan Ville', 90373088, 'user', 'https://s3.amazonaws.com/uifaces/faces/twitter/sasha_shestakov/128.jpg');
INSERT INTO part_time_ct VALUES ('Tyrique_Abernathy@yahoo.com');
INSERT INTO pt_free_schedule VALUES ('Tyrique_Abernathy@yahoo.com', '2020-05-13T16:00:00.000Z', '2021-11-13T16:00:00.000Z');
INSERT INTO pt_specializes_in VALUES ('Tyrique_Abernathy@yahoo.com', 'Iguana', 8);
INSERT INTO pt_specializes_in VALUES ('Tyrique_Abernathy@yahoo.com', 'Mule', 20);
INSERT INTO pt_specializes_in VALUES ('Tyrique_Abernathy@yahoo.com', 'Pig', 19);

INSERT INTO person VALUES ('Lola.Bins31@hotmail.com', 'Colin Cormier', '$2b$10$r3BD.leaooE.5vU28EYTuuBixKJ5aeV1AyrKyPHHI0BSkH.eNYs5i', '8769 Liam Lock', 90193529, 'user', 'https://s3.amazonaws.com/uifaces/faces/twitter/teeragit/128.jpg');
INSERT INTO credit_card VALUES (6304447277627381, 'Lola.Bins31@hotmail.com', '2021-07-12T15:58:25.939Z', 420);
INSERT INTO pet VALUES ('Dino', 'Lola.Bins31@hotmail.com', 'Guinea Fowl', 'Assumenda ullam suscipit et.', 'Nostrum et at quia quia soluta placeat assumenda.');
INSERT INTO full_time_ct VALUES ('Lola.Bins31@hotmail.com');
INSERT INTO ft_specializes_in VALUES ('Lola.Bins31@hotmail.com', 'Gerbil', 16);

INSERT INTO person VALUES ('Aric62@yahoo.com', 'Ralph Kemmer', '$2b$10$r3BD.leaooE.5vU28EYTuuBixKJ5aeV1AyrKyPHHI0BSkH.eNYs5i', '91822 Armstrong Drive', 90927845, 'user', 'https://s3.amazonaws.com/uifaces/faces/twitter/joelhelin/128.jpg');
INSERT INTO credit_card VALUES (6759773160510176, 'Aric62@yahoo.com', '2023-01-18T06:45:54.662Z', 346);
INSERT INTO pet VALUES ('Brigitte', 'Aric62@yahoo.com', 'Cow', 'Ut et et non.', 'Vel laboriosam est.');
INSERT INTO pet VALUES ('Enos', 'Aric62@yahoo.com', 'Llama', 'Nesciunt ad aspernatur in hic.', 'Et voluptas sit est veniam quidem.');

INSERT INTO person VALUES ('Isabel.Harber@hotmail.com', 'Eula Ondricka', '$2b$10$r3BD.leaooE.5vU28EYTuuBixKJ5aeV1AyrKyPHHI0BSkH.eNYs5i', '941 Baby Mews', 90109891, 'user', 'https://s3.amazonaws.com/uifaces/faces/twitter/catarino/128.jpg');
INSERT INTO part_time_ct VALUES ('Isabel.Harber@hotmail.com');
INSERT INTO pt_free_schedule VALUES ('Isabel.Harber@hotmail.com', '2020-05-13T16:00:00.000Z', '2021-11-13T16:00:00.000Z');
INSERT INTO pt_specializes_in VALUES ('Isabel.Harber@hotmail.com', 'Bird', 18);
INSERT INTO pt_specializes_in VALUES ('Isabel.Harber@hotmail.com', 'Fish', 16);
INSERT INTO pt_specializes_in VALUES ('Isabel.Harber@hotmail.com', 'Gecko', 6);

INSERT INTO person VALUES ('Danial.Wyman@yahoo.com', 'Doris Kohler', '$2b$10$r3BD.leaooE.5vU28EYTuuBixKJ5aeV1AyrKyPHHI0BSkH.eNYs5i', '357 King Parks', 90583983, 'user', 'https://s3.amazonaws.com/uifaces/faces/twitter/davidhemphill/128.jpg');

INSERT INTO person VALUES ('Hannah_Pouros69@yahoo.com', 'Trisha Bernier', '$2b$10$r3BD.leaooE.5vU28EYTuuBixKJ5aeV1AyrKyPHHI0BSkH.eNYs5i', '16544 Spencer Station', 90519263, 'user', 'https://s3.amazonaws.com/uifaces/faces/twitter/nehfy/128.jpg');

INSERT INTO person VALUES ('Owen93@yahoo.com', 'Katelynn Russel', '$2b$10$r3BD.leaooE.5vU28EYTuuBixKJ5aeV1AyrKyPHHI0BSkH.eNYs5i', '737 Andy Drive', 90585240, 'user', 'https://s3.amazonaws.com/uifaces/faces/twitter/gearpixels/128.jpg');
INSERT INTO credit_card VALUES (5474227123732815, 'Owen93@yahoo.com', '2021-05-28T17:26:23.071Z', 721);
INSERT INTO pet VALUES ('Velva', 'Owen93@yahoo.com', 'Chameleons (Veiled)', 'Quos sint qui quaerat voluptate id sed in autem accusamus.', 'Autem hic ducimus vero et.');
INSERT INTO pet VALUES ('Harley', 'Owen93@yahoo.com', 'Chameleons (Veiled)', 'Repellat quis aut et.', 'Dolore voluptas perspiciatis ut soluta quasi nulla.');

INSERT INTO person VALUES ('Santos25@hotmail.com', 'Grant Schulist', '$2b$10$r3BD.leaooE.5vU28EYTuuBixKJ5aeV1AyrKyPHHI0BSkH.eNYs5i', '46412 Gay Run', 90556253, 'user', 'https://s3.amazonaws.com/uifaces/faces/twitter/_ragzor/128.jpg');

INSERT INTO person VALUES ('Hadley.Ruecker@hotmail.com', 'Dana Weimann', '$2b$10$r3BD.leaooE.5vU28EYTuuBixKJ5aeV1AyrKyPHHI0BSkH.eNYs5i', '005 Rolfson Summit', 90394164, 'user', 'https://s3.amazonaws.com/uifaces/faces/twitter/kevinoh/128.jpg');
INSERT INTO credit_card VALUES (6372605616113758, 'Hadley.Ruecker@hotmail.com', '2021-11-30T01:41:28.730Z', 012);
INSERT INTO pet VALUES ('Dudley', 'Hadley.Ruecker@hotmail.com', 'Chameleons (Veiled)', 'Sapiente aut molestiae corrupti enim perferendis.', 'Recusandae quo magnam et saepe dolores velit iste voluptatem aut.');
INSERT INTO pet VALUES ('Lyla', 'Hadley.Ruecker@hotmail.com', 'Geese (Chinese Swan Goose)', 'Sunt in nisi.', 'Qui velit numquam eum aut iste explicabo amet.');
INSERT INTO full_time_ct VALUES ('Hadley.Ruecker@hotmail.com');
INSERT INTO ft_specializes_in VALUES ('Hadley.Ruecker@hotmail.com', 'Ferret', 8);
INSERT INTO ft_specializes_in VALUES ('Hadley.Ruecker@hotmail.com', 'Gecko', 1);

INSERT INTO person VALUES ('Ava_Zemlak63@gmail.com', 'Myrtice Mante', '$2b$10$r3BD.leaooE.5vU28EYTuuBixKJ5aeV1AyrKyPHHI0BSkH.eNYs5i', '11646 Carmela Plaza', 90606547, 'user', 'https://s3.amazonaws.com/uifaces/faces/twitter/seyedhossein1/128.jpg');

INSERT INTO person VALUES ('Micaela_Champlin@gmail.com', 'Ella McGlynn', '$2b$10$r3BD.leaooE.5vU28EYTuuBixKJ5aeV1AyrKyPHHI0BSkH.eNYs5i', '0325 Kertzmann Drive', 90423728, 'user', 'https://s3.amazonaws.com/uifaces/faces/twitter/stushona/128.jpg');
INSERT INTO full_time_ct VALUES ('Micaela_Champlin@gmail.com');
INSERT INTO ft_specializes_in VALUES ('Micaela_Champlin@gmail.com', 'Chinchilla', 17);
INSERT INTO ft_specializes_in VALUES ('Micaela_Champlin@gmail.com', 'Fish', 12);
INSERT INTO ft_specializes_in VALUES ('Micaela_Champlin@gmail.com', 'Llama', 9);

INSERT INTO person VALUES ('Cornelius_Padberg@yahoo.com', 'Junior Homenick', '$2b$10$r3BD.leaooE.5vU28EYTuuBixKJ5aeV1AyrKyPHHI0BSkH.eNYs5i', '7746 Hudson Plaza', 90716941, 'user', 'https://s3.amazonaws.com/uifaces/faces/twitter/randomlies/128.jpg');
INSERT INTO credit_card VALUES (30383187039799, 'Cornelius_Padberg@yahoo.com', '2021-04-19T00:40:44.626Z', 656);
INSERT INTO pet VALUES ('Jeff', 'Cornelius_Padberg@yahoo.com', 'Pot Bellied Pig', 'Temporibus non sequi et dolorem est non omnis ut amet.', 'Possimus dicta autem tempora rerum suscipit.');

INSERT INTO person VALUES ('Flossie_Nader@hotmail.com', 'Meta Hessel', '$2b$10$r3BD.leaooE.5vU28EYTuuBixKJ5aeV1AyrKyPHHI0BSkH.eNYs5i', '549 Durgan Village', 90602581, 'user', 'https://s3.amazonaws.com/uifaces/faces/twitter/mocabyte/128.jpg');
INSERT INTO credit_card VALUES (6767670760648279, 'Flossie_Nader@hotmail.com', '2022-10-19T23:30:16.232Z', 627);
INSERT INTO pet VALUES ('Alexandra', 'Flossie_Nader@hotmail.com', 'Hog', 'Molestias quasi laudantium.', 'Deleniti sapiente consequatur sed asperiores accusantium autem odio.');
INSERT INTO pet VALUES ('Robyn', 'Flossie_Nader@hotmail.com', 'Duck', 'Molestiae praesentium dolorem laborum natus.', 'Et omnis itaque excepturi iusto.');

INSERT INTO person VALUES ('Kylee.Bergnaum@hotmail.com', 'Marcelo Aufderhar', '$2b$10$r3BD.leaooE.5vU28EYTuuBixKJ5aeV1AyrKyPHHI0BSkH.eNYs5i', '56882 Easton Ford', 90968328, 'user', 'https://s3.amazonaws.com/uifaces/faces/twitter/embrcecreations/128.jpg');
INSERT INTO credit_card VALUES (6759150598432503, 'Kylee.Bergnaum@hotmail.com', '2024-03-23T00:55:48.809Z', 803);
INSERT INTO pet VALUES ('Humberto', 'Kylee.Bergnaum@hotmail.com', 'Chinchilla', 'Odio molestias consequatur excepturi illo.', 'Consequatur aut laborum architecto molestiae qui dignissimos et.');
INSERT INTO pet VALUES ('Osvaldo', 'Kylee.Bergnaum@hotmail.com', 'Mule', 'Et eligendi illum velit accusamus dignissimos id et asperiores expedita.', 'Eum aut dignissimos dolores et.');

INSERT INTO person VALUES ('Thad.King59@yahoo.com', 'Aiyana Tromp', '$2b$10$r3BD.leaooE.5vU28EYTuuBixKJ5aeV1AyrKyPHHI0BSkH.eNYs5i', '6292 Oswaldo Loop', 90109991, 'user', 'https://s3.amazonaws.com/uifaces/faces/twitter/fabbianz/128.jpg');
INSERT INTO credit_card VALUES (375924271183970, 'Thad.King59@yahoo.com', '2022-06-16T05:32:57.583Z', 679);
INSERT INTO pet VALUES ('Kristofer', 'Thad.King59@yahoo.com', 'Donkey', 'Aut est velit iste sed sit officia laboriosam perferendis culpa.', 'Suscipit maxime quo velit excepturi.');
INSERT INTO pet VALUES ('Tavares', 'Thad.King59@yahoo.com', 'Fish', 'Qui dolore asperiores earum ea.', 'Ex qui nostrum aliquam.');
INSERT INTO full_time_ct VALUES ('Thad.King59@yahoo.com');
INSERT INTO ft_specializes_in VALUES ('Thad.King59@yahoo.com', 'Chinchilla', 6);
INSERT INTO ft_specializes_in VALUES ('Thad.King59@yahoo.com', 'Horse', 0);

INSERT INTO person VALUES ('Valerie.Jacobson@yahoo.com', 'Alphonso Kiehn', '$2b$10$r3BD.leaooE.5vU28EYTuuBixKJ5aeV1AyrKyPHHI0BSkH.eNYs5i', '04811 Ernser Crescent', 90420236, 'user', 'https://s3.amazonaws.com/uifaces/faces/twitter/deeenright/128.jpg');

INSERT INTO person VALUES ('Mabel.Volkman@gmail.com', 'Barrett Hoeger', '$2b$10$r3BD.leaooE.5vU28EYTuuBixKJ5aeV1AyrKyPHHI0BSkH.eNYs5i', '194 Xander Mews', 90969392, 'user', 'https://s3.amazonaws.com/uifaces/faces/twitter/alecarpentier/128.jpg');

INSERT INTO person VALUES ('Myrna.Beahan73@gmail.com', 'Miles Harris', '$2b$10$r3BD.leaooE.5vU28EYTuuBixKJ5aeV1AyrKyPHHI0BSkH.eNYs5i', '492 Roscoe Circle', 90598427, 'user', 'https://s3.amazonaws.com/uifaces/faces/twitter/jwalter14/128.jpg');

INSERT INTO person VALUES ('Madisen28@hotmail.com', 'Cathrine Bayer', '$2b$10$r3BD.leaooE.5vU28EYTuuBixKJ5aeV1AyrKyPHHI0BSkH.eNYs5i', '7436 Leland Road', 90725979, 'user', 'https://s3.amazonaws.com/uifaces/faces/twitter/mcflydesign/128.jpg');
INSERT INTO credit_card VALUES (6380588688952770, 'Madisen28@hotmail.com', '2025-06-10T12:52:33.775Z', 924);
INSERT INTO pet VALUES ('Miracle', 'Madisen28@hotmail.com', 'Chinese Water Dragon', 'Temporibus esse quae sunt architecto.', 'Amet cupiditate dolor placeat ullam velit.');
INSERT INTO pet VALUES ('Lavada', 'Madisen28@hotmail.com', 'Rabbit', 'Nihil sed incidunt.', 'Ut illo omnis.');

INSERT INTO person VALUES ('Cecilia_Nikolaus35@yahoo.com', 'Margot Schultz', '$2b$10$r3BD.leaooE.5vU28EYTuuBixKJ5aeV1AyrKyPHHI0BSkH.eNYs5i', '7786 Armando Knoll', 90361612, 'user', 'https://s3.amazonaws.com/uifaces/faces/twitter/macxim/128.jpg');
INSERT INTO credit_card VALUES (3529504787752390, 'Cecilia_Nikolaus35@yahoo.com', '2022-03-08T23:28:19.330Z', 982);
INSERT INTO pet VALUES ('Cecile', 'Cecilia_Nikolaus35@yahoo.com', 'Lizard', 'Vel harum assumenda officia maiores blanditiis inventore.', 'Molestias quasi porro corporis est quo.');
INSERT INTO pet VALUES ('Rosario', 'Cecilia_Nikolaus35@yahoo.com', 'Lizard', 'Fugiat dolor quaerat ullam rerum tempore in vel nobis.', 'Rerum et omnis doloremque repellat voluptatibus repellendus voluptatibus porro.');
INSERT INTO full_time_ct VALUES ('Cecilia_Nikolaus35@yahoo.com');
INSERT INTO ft_specializes_in VALUES ('Cecilia_Nikolaus35@yahoo.com', 'Fish', 15);
INSERT INTO ft_specializes_in VALUES ('Cecilia_Nikolaus35@yahoo.com', 'Guinea Pig', 12);
INSERT INTO ft_specializes_in VALUES ('Cecilia_Nikolaus35@yahoo.com', 'Pigeon', 9);

INSERT INTO person VALUES ('Dane.Upton93@gmail.com', 'Antonietta Kuhic', '$2b$10$r3BD.leaooE.5vU28EYTuuBixKJ5aeV1AyrKyPHHI0BSkH.eNYs5i', '764 Considine Estates', 90880745, 'user', 'https://s3.amazonaws.com/uifaces/faces/twitter/falvarad/128.jpg');
INSERT INTO part_time_ct VALUES ('Dane.Upton93@gmail.com');
INSERT INTO pt_free_schedule VALUES ('Dane.Upton93@gmail.com', '2020-05-13T16:00:00.000Z', '2021-11-13T16:00:00.000Z');
INSERT INTO pt_specializes_in VALUES ('Dane.Upton93@gmail.com', 'Gecko', 4);

INSERT INTO person VALUES ('Maxwell.Medhurst@hotmail.com', 'Nigel Runolfsson', '$2b$10$r3BD.leaooE.5vU28EYTuuBixKJ5aeV1AyrKyPHHI0BSkH.eNYs5i', '6922 Griffin Station', 90965880, 'user', 'https://s3.amazonaws.com/uifaces/faces/twitter/desastrozo/128.jpg');
INSERT INTO part_time_ct VALUES ('Maxwell.Medhurst@hotmail.com');
INSERT INTO pt_free_schedule VALUES ('Maxwell.Medhurst@hotmail.com', '2020-05-13T16:00:00.000Z', '2021-11-13T16:00:00.000Z');
INSERT INTO pt_specializes_in VALUES ('Maxwell.Medhurst@hotmail.com', 'Guinea Fowl', 1);
INSERT INTO pt_specializes_in VALUES ('Maxwell.Medhurst@hotmail.com', 'Horse', 2);

INSERT INTO person VALUES ('Mariah.Watsica@hotmail.com', 'Ruthe Adams', '$2b$10$r3BD.leaooE.5vU28EYTuuBixKJ5aeV1AyrKyPHHI0BSkH.eNYs5i', '95104 Geovanni Coves', 90562611, 'user', 'https://s3.amazonaws.com/uifaces/faces/twitter/vitorleal/128.jpg');
INSERT INTO credit_card VALUES (6759798318949606, 'Mariah.Watsica@hotmail.com', '2021-03-24T19:34:27.788Z', 712);
INSERT INTO pet VALUES ('Orland', 'Mariah.Watsica@hotmail.com', 'Cow', 'Id molestias sit quaerat consectetur deleniti.', 'Totam eaque optio.');
INSERT INTO full_time_ct VALUES ('Mariah.Watsica@hotmail.com');
INSERT INTO ft_specializes_in VALUES ('Mariah.Watsica@hotmail.com', 'Goat', 12);
INSERT INTO ft_specializes_in VALUES ('Mariah.Watsica@hotmail.com', 'Guinea Fowl', 3);
INSERT INTO ft_specializes_in VALUES ('Mariah.Watsica@hotmail.com', 'Hamster', 1);

INSERT INTO person VALUES ('Arturo92@yahoo.com', 'Skyla OConner', '$2b$10$r3BD.leaooE.5vU28EYTuuBixKJ5aeV1AyrKyPHHI0BSkH.eNYs5i', '5640 Oda Junctions', 90389326, 'user', 'https://s3.amazonaws.com/uifaces/faces/twitter/janpalounek/128.jpg');
INSERT INTO credit_card VALUES (342420969190955, 'Arturo92@yahoo.com', '2021-01-29T04:49:08.589Z', 619);
INSERT INTO pet VALUES ('Thelma', 'Arturo92@yahoo.com', 'Hedgehog', 'Impedit velit autem labore.', 'Perspiciatis error eum neque.');
INSERT INTO part_time_ct VALUES ('Arturo92@yahoo.com');
INSERT INTO pt_free_schedule VALUES ('Arturo92@yahoo.com', '2020-05-13T16:00:00.000Z', '2021-11-13T16:00:00.000Z');
INSERT INTO pt_specializes_in VALUES ('Arturo92@yahoo.com', 'Duck', 11);
INSERT INTO pt_specializes_in VALUES ('Arturo92@yahoo.com', 'Peafowl', 1);

INSERT INTO person VALUES ('Emmy_Jacobi86@gmail.com', 'Rafael Ruecker', '$2b$10$r3BD.leaooE.5vU28EYTuuBixKJ5aeV1AyrKyPHHI0BSkH.eNYs5i', '987 Monserrate Pike', 90244755, 'user', 'https://s3.amazonaws.com/uifaces/faces/twitter/andresdjasso/128.jpg');
INSERT INTO full_time_ct VALUES ('Emmy_Jacobi86@gmail.com');
INSERT INTO ft_specializes_in VALUES ('Emmy_Jacobi86@gmail.com', 'Donkey', 19);
INSERT INTO ft_specializes_in VALUES ('Emmy_Jacobi86@gmail.com', 'Pigeon', 1);
INSERT INTO ft_specializes_in VALUES ('Emmy_Jacobi86@gmail.com', 'Ponie', 18);

INSERT INTO person VALUES ('Karen25@hotmail.com', 'Tanner Paucek', '$2b$10$r3BD.leaooE.5vU28EYTuuBixKJ5aeV1AyrKyPHHI0BSkH.eNYs5i', '879 Lisandro Radial', 90951964, 'user', 'https://s3.amazonaws.com/uifaces/faces/twitter/geshan/128.jpg');
INSERT INTO full_time_ct VALUES ('Karen25@hotmail.com');
INSERT INTO ft_specializes_in VALUES ('Karen25@hotmail.com', 'Hog', 11);

INSERT INTO person VALUES ('Kody.Beatty40@gmail.com', 'Norbert McDermott', '$2b$10$r3BD.leaooE.5vU28EYTuuBixKJ5aeV1AyrKyPHHI0BSkH.eNYs5i', '10176 Esmeralda Mall', 90009755, 'user', 'https://s3.amazonaws.com/uifaces/faces/twitter/antonyzotov/128.jpg');
INSERT INTO full_time_ct VALUES ('Kody.Beatty40@gmail.com');
INSERT INTO ft_specializes_in VALUES ('Kody.Beatty40@gmail.com', 'Chinchilla', 19);

INSERT INTO person VALUES ('Julia87@hotmail.com', 'Jameson Rodriguez', '$2b$10$r3BD.leaooE.5vU28EYTuuBixKJ5aeV1AyrKyPHHI0BSkH.eNYs5i', '432 Nolan Garden', 90893021, 'user', 'https://s3.amazonaws.com/uifaces/faces/twitter/tbakdesigns/128.jpg');
INSERT INTO full_time_ct VALUES ('Julia87@hotmail.com');
INSERT INTO ft_specializes_in VALUES ('Julia87@hotmail.com', 'Hamster', 19);
INSERT INTO ft_specializes_in VALUES ('Julia87@hotmail.com', 'Hedgehog', 7);
INSERT INTO ft_specializes_in VALUES ('Julia87@hotmail.com', 'Llama', 5);

INSERT INTO person VALUES ('Noelia11@hotmail.com', 'Ila Oberbrunner', '$2b$10$r3BD.leaooE.5vU28EYTuuBixKJ5aeV1AyrKyPHHI0BSkH.eNYs5i', '243 Brown Estates', 90945601, 'user', 'https://s3.amazonaws.com/uifaces/faces/twitter/itsajimithing/128.jpg');
INSERT INTO part_time_ct VALUES ('Noelia11@hotmail.com');
INSERT INTO pt_free_schedule VALUES ('Noelia11@hotmail.com', '2020-05-13T16:00:00.000Z', '2021-11-13T16:00:00.000Z');
INSERT INTO pt_specializes_in VALUES ('Noelia11@hotmail.com', 'Pot Bellied Pig', 5);

INSERT INTO person VALUES ('Colleen.Spinka@yahoo.com', 'Lori Padberg', '$2b$10$r3BD.leaooE.5vU28EYTuuBixKJ5aeV1AyrKyPHHI0BSkH.eNYs5i', '390 Maria Parks', 90043586, 'user', 'https://s3.amazonaws.com/uifaces/faces/twitter/snowwrite/128.jpg');
INSERT INTO full_time_ct VALUES ('Colleen.Spinka@yahoo.com');
INSERT INTO ft_specializes_in VALUES ('Colleen.Spinka@yahoo.com', 'Geese (Chinese Swan Goose)', 6);
INSERT INTO ft_specializes_in VALUES ('Colleen.Spinka@yahoo.com', 'Goat', 17);
INSERT INTO ft_specializes_in VALUES ('Colleen.Spinka@yahoo.com', 'Guinea Pig', 2);

INSERT INTO person VALUES ('Diego27@hotmail.com', 'Sasha Reynolds', '$2b$10$r3BD.leaooE.5vU28EYTuuBixKJ5aeV1AyrKyPHHI0BSkH.eNYs5i', '053 Raynor Points', 90319813, 'user', 'https://s3.amazonaws.com/uifaces/faces/twitter/id835559/128.jpg');

INSERT INTO person VALUES ('Nash_Hodkiewicz@yahoo.com', 'Elisabeth Auer', '$2b$10$r3BD.leaooE.5vU28EYTuuBixKJ5aeV1AyrKyPHHI0BSkH.eNYs5i', '068 Sylvan Common', 90971400, 'user', 'https://s3.amazonaws.com/uifaces/faces/twitter/balakayuriy/128.jpg');
INSERT INTO credit_card VALUES (6304321725290454, 'Nash_Hodkiewicz@yahoo.com', '2020-11-21T15:23:09.366Z', 517);
INSERT INTO pet VALUES ('Emory', 'Nash_Hodkiewicz@yahoo.com', 'Hamster', 'Et fugiat nesciunt porro quia ea et nulla dicta rerum.', 'Ad qui harum.');
INSERT INTO pet VALUES ('Wiley', 'Nash_Hodkiewicz@yahoo.com', 'Cow', 'Ad est excepturi blanditiis voluptatem.', 'Magni velit voluptatem autem doloribus et id eligendi.');

INSERT INTO person VALUES ('Gisselle_Marvin4@gmail.com', 'Cecilia Goldner', '$2b$10$r3BD.leaooE.5vU28EYTuuBixKJ5aeV1AyrKyPHHI0BSkH.eNYs5i', '346 Marcel Garden', 90297030, 'user', 'https://s3.amazonaws.com/uifaces/faces/twitter/flashmurphy/128.jpg');
INSERT INTO credit_card VALUES (5038014070635242, 'Gisselle_Marvin4@gmail.com', '2021-05-25T16:49:53.277Z', 653);
INSERT INTO pet VALUES ('Martine', 'Gisselle_Marvin4@gmail.com', 'Cow', 'Id quo fugit ut ut recusandae quo et dignissimos.', 'Impedit architecto velit.');
INSERT INTO pet VALUES ('Gillian', 'Gisselle_Marvin4@gmail.com', 'Chinchilla', 'Et perspiciatis fugiat voluptatem ipsa exercitationem.', 'Suscipit ab voluptates aut sunt impedit qui non ut sunt.');
INSERT INTO part_time_ct VALUES ('Gisselle_Marvin4@gmail.com');
INSERT INTO pt_free_schedule VALUES ('Gisselle_Marvin4@gmail.com', '2020-05-13T16:00:00.000Z', '2021-11-13T16:00:00.000Z');
INSERT INTO pt_specializes_in VALUES ('Gisselle_Marvin4@gmail.com', 'Guinea Pig', 2);
INSERT INTO pt_specializes_in VALUES ('Gisselle_Marvin4@gmail.com', 'Hedgehog', 9);

INSERT INTO person VALUES ('Bridgette4@yahoo.com', 'Calista Sawayn', '$2b$10$r3BD.leaooE.5vU28EYTuuBixKJ5aeV1AyrKyPHHI0BSkH.eNYs5i', '06770 Gutkowski Lake', 90451213, 'user', 'https://s3.amazonaws.com/uifaces/faces/twitter/josevnclch/128.jpg');

INSERT INTO person VALUES ('Keshaun.Morar93@yahoo.com', 'Eino Jacobs', '$2b$10$r3BD.leaooE.5vU28EYTuuBixKJ5aeV1AyrKyPHHI0BSkH.eNYs5i', '2162 Daugherty Villages', 90395841, 'user', 'https://s3.amazonaws.com/uifaces/faces/twitter/liminha/128.jpg');
INSERT INTO part_time_ct VALUES ('Keshaun.Morar93@yahoo.com');
INSERT INTO pt_free_schedule VALUES ('Keshaun.Morar93@yahoo.com', '2020-05-13T16:00:00.000Z', '2021-11-13T16:00:00.000Z');
INSERT INTO pt_specializes_in VALUES ('Keshaun.Morar93@yahoo.com', 'Chicken', 18);
INSERT INTO pt_specializes_in VALUES ('Keshaun.Morar93@yahoo.com', 'Cow', 0);
INSERT INTO pt_specializes_in VALUES ('Keshaun.Morar93@yahoo.com', 'Hog', 2);

INSERT INTO person VALUES ('Sydney.McClure0@gmail.com', 'Camylle Brekke', '$2b$10$r3BD.leaooE.5vU28EYTuuBixKJ5aeV1AyrKyPHHI0BSkH.eNYs5i', '4298 Davon Islands', 90926142, 'user', 'https://s3.amazonaws.com/uifaces/faces/twitter/cybind/128.jpg');
INSERT INTO credit_card VALUES (6761502969549028, 'Sydney.McClure0@gmail.com', '2021-08-06T11:47:07.982Z', 340);
INSERT INTO pet VALUES ('Alf', 'Sydney.McClure0@gmail.com', 'Chinese Water Dragon', 'Ut reiciendis ut sapiente pariatur culpa.', 'Consequatur ullam voluptatem illo suscipit sint ullam qui fuga.');
INSERT INTO pet VALUES ('Rigoberto', 'Sydney.McClure0@gmail.com', 'Chinese Water Dragon', 'Aut culpa recusandae vitae veritatis sapiente.', 'Dolores et ullam vel perferendis maiores hic aut et soluta.');

INSERT INTO person VALUES ('Nash_Connelly76@yahoo.com', 'Alicia Sanford', '$2b$10$r3BD.leaooE.5vU28EYTuuBixKJ5aeV1AyrKyPHHI0BSkH.eNYs5i', '0346 Vito Pines', 90419301, 'user', 'https://s3.amazonaws.com/uifaces/faces/twitter/VMilescu/128.jpg');
INSERT INTO credit_card VALUES (6767962812331582, 'Nash_Connelly76@yahoo.com', '2022-05-22T13:33:56.628Z', 777);
INSERT INTO pet VALUES ('Cruz', 'Nash_Connelly76@yahoo.com', 'Lizard', 'Odio omnis ratione.', 'Consectetur rerum totam commodi.');
INSERT INTO pet VALUES ('Raphaelle', 'Nash_Connelly76@yahoo.com', 'Goat', 'Provident quo atque ipsa blanditiis excepturi.', 'Ea ut porro.');
INSERT INTO part_time_ct VALUES ('Nash_Connelly76@yahoo.com');
INSERT INTO pt_free_schedule VALUES ('Nash_Connelly76@yahoo.com', '2020-05-13T16:00:00.000Z', '2021-11-13T16:00:00.000Z');
INSERT INTO pt_specializes_in VALUES ('Nash_Connelly76@yahoo.com', 'Chicken', 0);
INSERT INTO pt_specializes_in VALUES ('Nash_Connelly76@yahoo.com', 'Gecko', 15);

INSERT INTO person VALUES ('Myriam.Ortiz@hotmail.com', 'Chet Jenkins', '$2b$10$r3BD.leaooE.5vU28EYTuuBixKJ5aeV1AyrKyPHHI0BSkH.eNYs5i', '6486 Roselyn Shores', 90423680, 'user', 'https://s3.amazonaws.com/uifaces/faces/twitter/harry_sistalam/128.jpg');
INSERT INTO part_time_ct VALUES ('Myriam.Ortiz@hotmail.com');
INSERT INTO pt_free_schedule VALUES ('Myriam.Ortiz@hotmail.com', '2020-05-13T16:00:00.000Z', '2021-11-13T16:00:00.000Z');
INSERT INTO pt_specializes_in VALUES ('Myriam.Ortiz@hotmail.com', 'Iguana', 6);
INSERT INTO pt_specializes_in VALUES ('Myriam.Ortiz@hotmail.com', 'Pigeon', 9);
INSERT INTO pt_specializes_in VALUES ('Myriam.Ortiz@hotmail.com', 'Pot Bellied Pig', 9);

INSERT INTO person VALUES ('Sabrina.Lockman65@gmail.com', 'Georgianna Ritchie', '$2b$10$r3BD.leaooE.5vU28EYTuuBixKJ5aeV1AyrKyPHHI0BSkH.eNYs5i', '7430 Stark Throughway', 90586540, 'user', 'https://s3.amazonaws.com/uifaces/faces/twitter/id835559/128.jpg');
INSERT INTO credit_card VALUES (6706890620089720, 'Sabrina.Lockman65@gmail.com', '2021-05-24T20:32:20.133Z', 871);
INSERT INTO pet VALUES ('Zita', 'Sabrina.Lockman65@gmail.com', 'Hedgehog', 'Ut sed quia quibusdam accusamus voluptas.', 'Ea accusamus aliquam eligendi aliquid eius nemo saepe.');
INSERT INTO pet VALUES ('Ernie', 'Sabrina.Lockman65@gmail.com', 'Rabbit', 'Autem inventore iure expedita occaecati.', 'Corrupti magni vitae ut.');
INSERT INTO full_time_ct VALUES ('Sabrina.Lockman65@gmail.com');
INSERT INTO ft_specializes_in VALUES ('Sabrina.Lockman65@gmail.com', 'Gecko', 0);
INSERT INTO ft_specializes_in VALUES ('Sabrina.Lockman65@gmail.com', 'Llama', 20);
INSERT INTO ft_specializes_in VALUES ('Sabrina.Lockman65@gmail.com', 'Peafowl', 13);

INSERT INTO person VALUES ('Janae_Rohan89@hotmail.com', 'Tierra Moore', '$2b$10$r3BD.leaooE.5vU28EYTuuBixKJ5aeV1AyrKyPHHI0BSkH.eNYs5i', '61872 Hand Port', 90608025, 'user', 'https://s3.amazonaws.com/uifaces/faces/twitter/jwalter14/128.jpg');
INSERT INTO credit_card VALUES (378743386159383, 'Janae_Rohan89@hotmail.com', '2022-01-21T10:17:34.446Z', 226);
INSERT INTO pet VALUES ('Lisette', 'Janae_Rohan89@hotmail.com', 'Guinea Fowl', 'Voluptas itaque fugit vitae dolore a repudiandae consequatur.', 'Ducimus officia facere omnis exercitationem unde quisquam in qui et.');
INSERT INTO pet VALUES ('Lambert', 'Janae_Rohan89@hotmail.com', 'Peafowl', 'Enim non iste maxime fugit sed.', 'Illum illo et quo.');

INSERT INTO person VALUES ('Libby_Barrows@hotmail.com', 'Bridie Sporer', '$2b$10$r3BD.leaooE.5vU28EYTuuBixKJ5aeV1AyrKyPHHI0BSkH.eNYs5i', '4512 Raegan Ramp', 90598526, 'user', 'https://s3.amazonaws.com/uifaces/faces/twitter/igorgarybaldi/128.jpg');
INSERT INTO credit_card VALUES (36989497508830, 'Libby_Barrows@hotmail.com', '2021-02-19T12:33:57.338Z', 004);
INSERT INTO pet VALUES ('Davin', 'Libby_Barrows@hotmail.com', 'Gerbil', 'Velit quisquam dignissimos placeat quia in doloremque.', 'Cupiditate officiis ut.');
INSERT INTO pet VALUES ('Ryann', 'Libby_Barrows@hotmail.com', 'Chameleons (Veiled)', 'Omnis et doloribus maiores qui quo consequuntur voluptatum error nam.', 'Dolorem rerum accusamus sequi aliquam.');

INSERT INTO person VALUES ('Berenice.Hirthe@yahoo.com', 'Schuyler Price', '$2b$10$r3BD.leaooE.5vU28EYTuuBixKJ5aeV1AyrKyPHHI0BSkH.eNYs5i', '624 Katelin Prairie', 90301689, 'user', 'https://s3.amazonaws.com/uifaces/faces/twitter/antonyryndya/128.jpg');
INSERT INTO credit_card VALUES (6759740051670760, 'Berenice.Hirthe@yahoo.com', '2021-02-13T18:57:58.972Z', 924);
INSERT INTO pet VALUES ('Sidney', 'Berenice.Hirthe@yahoo.com', 'Guinea Fowl', 'Ut quasi ex repellendus sed tempora fuga earum vitae ut.', 'Tempora vitae magnam incidunt aliquid nemo animi nisi voluptas.');
INSERT INTO pet VALUES ('Esmeralda', 'Berenice.Hirthe@yahoo.com', 'Chinese Water Dragon', 'Libero ipsum asperiores similique.', 'A aut ullam quaerat aut et.');
INSERT INTO part_time_ct VALUES ('Berenice.Hirthe@yahoo.com');
INSERT INTO pt_free_schedule VALUES ('Berenice.Hirthe@yahoo.com', '2020-05-13T16:00:00.000Z', '2021-11-13T16:00:00.000Z');
INSERT INTO pt_specializes_in VALUES ('Berenice.Hirthe@yahoo.com', 'Geese (Chinese Swan Goose)', 3);

INSERT INTO person VALUES ('Breana.Kuhn@gmail.com', 'Rodolfo Bailey', '$2b$10$r3BD.leaooE.5vU28EYTuuBixKJ5aeV1AyrKyPHHI0BSkH.eNYs5i', '415 Jane Lights', 90660533, 'user', 'https://s3.amazonaws.com/uifaces/faces/twitter/adhiardana/128.jpg');
INSERT INTO credit_card VALUES (6759678954589718, 'Breana.Kuhn@gmail.com', '2024-06-05T10:00:04.595Z', 830);
INSERT INTO pet VALUES ('Esperanza', 'Breana.Kuhn@gmail.com', 'Rabbit', 'Sunt autem impedit consequuntur eligendi optio laudantium ut quia hic.', 'Labore nam sint aspernatur rerum id deleniti.');
INSERT INTO full_time_ct VALUES ('Breana.Kuhn@gmail.com');
INSERT INTO ft_specializes_in VALUES ('Breana.Kuhn@gmail.com', 'Chameleons (Veiled)', 12);
INSERT INTO ft_specializes_in VALUES ('Breana.Kuhn@gmail.com', 'Iguana', 14);

INSERT INTO person VALUES ('Reva_Ratke14@gmail.com', 'Uriah Breitenberg', '$2b$10$r3BD.leaooE.5vU28EYTuuBixKJ5aeV1AyrKyPHHI0BSkH.eNYs5i', '332 Zulauf Lakes', 90944773, 'user', 'https://s3.amazonaws.com/uifaces/faces/twitter/Silveredge9/128.jpg');
INSERT INTO part_time_ct VALUES ('Reva_Ratke14@gmail.com');
INSERT INTO pt_free_schedule VALUES ('Reva_Ratke14@gmail.com', '2020-05-13T16:00:00.000Z', '2021-11-13T16:00:00.000Z');
INSERT INTO pt_specializes_in VALUES ('Reva_Ratke14@gmail.com', 'Donkey', 15);
INSERT INTO pt_specializes_in VALUES ('Reva_Ratke14@gmail.com', 'Duck', 10);
INSERT INTO pt_specializes_in VALUES ('Reva_Ratke14@gmail.com', 'Pigeon', 18);

INSERT INTO person VALUES ('Savion.Cormier@gmail.com', 'Orpha Deckow', '$2b$10$r3BD.leaooE.5vU28EYTuuBixKJ5aeV1AyrKyPHHI0BSkH.eNYs5i', '720 Hyman Rue', 90522391, 'user', 'https://s3.amazonaws.com/uifaces/faces/twitter/airskylar/128.jpg');
INSERT INTO credit_card VALUES (6759376319067922, 'Savion.Cormier@gmail.com', '2021-10-24T10:13:59.785Z', 730);
INSERT INTO pet VALUES ('Ora', 'Savion.Cormier@gmail.com', 'Chinese Water Dragon', 'Consequatur eos aut quia et rem voluptas eaque rerum ullam.', 'Consectetur consectetur tenetur ab ullam nemo amet.');
INSERT INTO pet VALUES ('Solon', 'Savion.Cormier@gmail.com', 'Hedgehog', 'Necessitatibus nemo impedit assumenda quae quod sapiente temporibus vel.', 'Maxime expedita illum quo aut quo voluptatem numquam totam.');

INSERT INTO person VALUES ('Christy75@gmail.com', 'Gaetano Morissette', '$2b$10$r3BD.leaooE.5vU28EYTuuBixKJ5aeV1AyrKyPHHI0BSkH.eNYs5i', '95084 Lakin Row', 90095447, 'user', 'https://s3.amazonaws.com/uifaces/faces/twitter/josecarlospsh/128.jpg');
INSERT INTO credit_card VALUES (3528207992125755, 'Christy75@gmail.com', '2021-08-26T15:07:28.465Z', 105);
INSERT INTO pet VALUES ('Vernie', 'Christy75@gmail.com', 'Burro', 'Quas aliquid id in.', 'Cupiditate nemo quia rerum ratione eaque porro id voluptatem.');
INSERT INTO pet VALUES ('Zane', 'Christy75@gmail.com', 'Bird', 'Officiis rerum corporis voluptas nihil eligendi et.', 'Expedita culpa voluptas.');
INSERT INTO part_time_ct VALUES ('Christy75@gmail.com');
INSERT INTO pt_free_schedule VALUES ('Christy75@gmail.com', '2020-05-13T16:00:00.000Z', '2021-11-13T16:00:00.000Z');
INSERT INTO pt_specializes_in VALUES ('Christy75@gmail.com', 'Geese (Chinese Swan Goose)', 13);

INSERT INTO person VALUES ('Gertrude29@hotmail.com', 'Grover Rempel', '$2b$10$r3BD.leaooE.5vU28EYTuuBixKJ5aeV1AyrKyPHHI0BSkH.eNYs5i', '7471 Lafayette Garden', 90035154, 'user', 'https://s3.amazonaws.com/uifaces/faces/twitter/haydn_woods/128.jpg');

INSERT INTO person VALUES ('Mathias.Predovic50@hotmail.com', 'Guido Lockman', '$2b$10$r3BD.leaooE.5vU28EYTuuBixKJ5aeV1AyrKyPHHI0BSkH.eNYs5i', '2518 Sanford Motorway', 90928478, 'user', 'https://s3.amazonaws.com/uifaces/faces/twitter/jarjan/128.jpg');
INSERT INTO credit_card VALUES (5381089264006672, 'Mathias.Predovic50@hotmail.com', '2022-04-22T04:11:13.775Z', 072);
INSERT INTO pet VALUES ('Esperanza', 'Mathias.Predovic50@hotmail.com', 'Guinea Pig', 'Provident enim possimus qui ex nisi voluptas quae quibusdam.', 'Accusantium vel repellat corporis voluptatibus voluptate in consequatur.');
INSERT INTO pet VALUES ('Glennie', 'Mathias.Predovic50@hotmail.com', 'Rabbit', 'Ducimus enim quam.', 'Voluptatem expedita sapiente temporibus dignissimos.');

INSERT INTO person VALUES ('Aglae.Marquardt3@gmail.com', 'Theodore Jerde', '$2b$10$r3BD.leaooE.5vU28EYTuuBixKJ5aeV1AyrKyPHHI0BSkH.eNYs5i', '60226 Sporer Village', 90924078, 'user', 'https://s3.amazonaws.com/uifaces/faces/twitter/_pedropinho/128.jpg');
INSERT INTO credit_card VALUES (6304047831051759, 'Aglae.Marquardt3@gmail.com', '2021-03-23T00:40:06.756Z', 247);
INSERT INTO pet VALUES ('Fiona', 'Aglae.Marquardt3@gmail.com', 'Chameleons (Veiled)', 'Quas et minus occaecati adipisci nihil ad non sit.', 'Facilis vero accusantium rerum inventore est eum error aspernatur quisquam.');
INSERT INTO pet VALUES ('Abbie', 'Aglae.Marquardt3@gmail.com', 'Hog', 'Consequatur dolorem tenetur omnis omnis perferendis et.', 'Voluptas accusantium quia quas odio ratione quia enim.');
INSERT INTO part_time_ct VALUES ('Aglae.Marquardt3@gmail.com');
INSERT INTO pt_free_schedule VALUES ('Aglae.Marquardt3@gmail.com', '2020-05-13T16:00:00.000Z', '2021-11-13T16:00:00.000Z');
INSERT INTO pt_specializes_in VALUES ('Aglae.Marquardt3@gmail.com', 'Goat', 3);
INSERT INTO pt_specializes_in VALUES ('Aglae.Marquardt3@gmail.com', 'Mice', 8);
INSERT INTO pt_specializes_in VALUES ('Aglae.Marquardt3@gmail.com', 'Mule', 17);

INSERT INTO person VALUES ('Mattie_Harris10@gmail.com', 'Jessy Crooks', '$2b$10$r3BD.leaooE.5vU28EYTuuBixKJ5aeV1AyrKyPHHI0BSkH.eNYs5i', '0134 Vandervort Village', 90662633, 'user', 'https://s3.amazonaws.com/uifaces/faces/twitter/tumski/128.jpg');
INSERT INTO part_time_ct VALUES ('Mattie_Harris10@gmail.com');
INSERT INTO pt_free_schedule VALUES ('Mattie_Harris10@gmail.com', '2020-05-13T16:00:00.000Z', '2021-11-13T16:00:00.000Z');
INSERT INTO pt_specializes_in VALUES ('Mattie_Harris10@gmail.com', 'Gecko', 18);
INSERT INTO pt_specializes_in VALUES ('Mattie_Harris10@gmail.com', 'Horse', 14);
INSERT INTO pt_specializes_in VALUES ('Mattie_Harris10@gmail.com', 'Hog', 19);

INSERT INTO person VALUES ('Concepcion.Lesch@gmail.com', 'Duane Parker', '$2b$10$r3BD.leaooE.5vU28EYTuuBixKJ5aeV1AyrKyPHHI0BSkH.eNYs5i', '4719 Weimann Throughway', 90161887, 'user', 'https://s3.amazonaws.com/uifaces/faces/twitter/karthipanraj/128.jpg');

INSERT INTO person VALUES ('Bernadine_Wisozk58@yahoo.com', 'Domenico Huel', '$2b$10$r3BD.leaooE.5vU28EYTuuBixKJ5aeV1AyrKyPHHI0BSkH.eNYs5i', '857 Dietrich Hollow', 90451082, 'user', 'https://s3.amazonaws.com/uifaces/faces/twitter/curiousoffice/128.jpg');
INSERT INTO credit_card VALUES (6011948259638191, 'Bernadine_Wisozk58@yahoo.com', '2022-01-20T12:07:10.977Z', 994);
INSERT INTO pet VALUES ('Melvin', 'Bernadine_Wisozk58@yahoo.com', 'Ponie', 'Ducimus vel velit eveniet ducimus non eos veritatis.', 'Unde sequi qui optio et fuga nesciunt aut.');
INSERT INTO pet VALUES ('Wyatt', 'Bernadine_Wisozk58@yahoo.com', 'Goat', 'Quo a rerum.', 'Et omnis aspernatur et vel delectus et tempora ipsa quos.');
INSERT INTO part_time_ct VALUES ('Bernadine_Wisozk58@yahoo.com');
INSERT INTO pt_free_schedule VALUES ('Bernadine_Wisozk58@yahoo.com', '2020-05-13T16:00:00.000Z', '2021-11-13T16:00:00.000Z');
INSERT INTO pt_specializes_in VALUES ('Bernadine_Wisozk58@yahoo.com', 'Ferret', 17);
INSERT INTO pt_specializes_in VALUES ('Bernadine_Wisozk58@yahoo.com', 'Pig', 11);

INSERT INTO person VALUES ('Jewel.Bayer4@gmail.com', 'Wilhelmine Ebert', '$2b$10$r3BD.leaooE.5vU28EYTuuBixKJ5aeV1AyrKyPHHI0BSkH.eNYs5i', '889 Glover Roads', 90632507, 'user', 'https://s3.amazonaws.com/uifaces/faces/twitter/chadami/128.jpg');
INSERT INTO credit_card VALUES (6709092307672618, 'Jewel.Bayer4@gmail.com', '2025-02-09T23:10:16.608Z', 789);
INSERT INTO pet VALUES ('Fae', 'Jewel.Bayer4@gmail.com', 'Chinchilla', 'Molestias quia id itaque id laudantium.', 'Cum ut quibusdam.');
INSERT INTO pet VALUES ('Dangelo', 'Jewel.Bayer4@gmail.com', 'Guinea Pig', 'Voluptates voluptas sunt ut maiores veritatis ut et commodi.', 'Vel animi perspiciatis enim iusto odio.');

INSERT INTO person VALUES ('Abraham87@hotmail.com', 'Jalon Abernathy', '$2b$10$r3BD.leaooE.5vU28EYTuuBixKJ5aeV1AyrKyPHHI0BSkH.eNYs5i', '407 Haven Junctions', 90221432, 'user', 'https://s3.amazonaws.com/uifaces/faces/twitter/nvkznemo/128.jpg');

INSERT INTO person VALUES ('Madison14@gmail.com', 'Katarina Runte', '$2b$10$r3BD.leaooE.5vU28EYTuuBixKJ5aeV1AyrKyPHHI0BSkH.eNYs5i', '1446 Marquardt Pines', 90723139, 'user', 'https://s3.amazonaws.com/uifaces/faces/twitter/rachelreveley/128.jpg');

INSERT INTO person VALUES ('Lelah75@hotmail.com', 'Monserrat Hansen', '$2b$10$r3BD.leaooE.5vU28EYTuuBixKJ5aeV1AyrKyPHHI0BSkH.eNYs5i', '44014 Eldon Squares', 90862904, 'user', 'https://s3.amazonaws.com/uifaces/faces/twitter/kapaluccio/128.jpg');

INSERT INTO person VALUES ('Daphne_Kulas49@hotmail.com', 'Aylin MacGyver', '$2b$10$r3BD.leaooE.5vU28EYTuuBixKJ5aeV1AyrKyPHHI0BSkH.eNYs5i', '260 Bailey Loop', 90192899, 'user', 'https://s3.amazonaws.com/uifaces/faces/twitter/mymyboy/128.jpg');
INSERT INTO credit_card VALUES (6759653515329046, 'Daphne_Kulas49@hotmail.com', '2021-06-07T09:06:49.957Z', 364);
INSERT INTO pet VALUES ('Margie', 'Daphne_Kulas49@hotmail.com', 'Gerbil', 'Cumque quaerat sunt sit quod vero.', 'Doloribus et id.');
INSERT INTO pet VALUES ('Prince', 'Daphne_Kulas49@hotmail.com', 'Chicken', 'Quidem sint aperiam ut accusamus maxime.', 'Sed natus sint laborum.');

INSERT INTO person VALUES ('Axel.Hayes@hotmail.com', 'Claire Cole', '$2b$10$r3BD.leaooE.5vU28EYTuuBixKJ5aeV1AyrKyPHHI0BSkH.eNYs5i', '2774 Markus Knolls', 90852022, 'user', 'https://s3.amazonaws.com/uifaces/faces/twitter/rdsaunders/128.jpg');
INSERT INTO credit_card VALUES (6767984454169278, 'Axel.Hayes@hotmail.com', '2021-06-19T22:37:57.597Z', 426);
INSERT INTO pet VALUES ('Abdullah', 'Axel.Hayes@hotmail.com', 'Goat', 'Sed mollitia vel.', 'Reiciendis cumque quisquam debitis perferendis ad.');

INSERT INTO person VALUES ('Jordane_Gerhold37@gmail.com', 'Asa Borer', '$2b$10$r3BD.leaooE.5vU28EYTuuBixKJ5aeV1AyrKyPHHI0BSkH.eNYs5i', '13018 Dameon Point', 90476543, 'user', 'https://s3.amazonaws.com/uifaces/faces/twitter/motionthinks/128.jpg');
INSERT INTO credit_card VALUES (4387505131943624, 'Jordane_Gerhold37@gmail.com', '2020-12-13T18:36:05.125Z', 357);
INSERT INTO pet VALUES ('Nickolas', 'Jordane_Gerhold37@gmail.com', 'Lizard', 'Laudantium est corporis.', 'Hic omnis doloribus officia iusto eaque magni cum optio.');
INSERT INTO pet VALUES ('Kristian', 'Jordane_Gerhold37@gmail.com', 'Fish', 'Dolores qui est enim temporibus ad.', 'Distinctio eum nobis aspernatur numquam dolorem dolores cumque suscipit.');

INSERT INTO person VALUES ('Katherine.Ryan@gmail.com', 'Warren Schowalter', '$2b$10$r3BD.leaooE.5vU28EYTuuBixKJ5aeV1AyrKyPHHI0BSkH.eNYs5i', '823 Parisian Loaf', 90948042, 'user', 'https://s3.amazonaws.com/uifaces/faces/twitter/davecraige/128.jpg');

INSERT INTO person VALUES ('Kade78@gmail.com', 'Rodolfo OReilly', '$2b$10$r3BD.leaooE.5vU28EYTuuBixKJ5aeV1AyrKyPHHI0BSkH.eNYs5i', '3502 Ottis Mountains', 90562406, 'user', 'https://s3.amazonaws.com/uifaces/faces/twitter/VMilescu/128.jpg');
INSERT INTO full_time_ct VALUES ('Kade78@gmail.com');
INSERT INTO ft_specializes_in VALUES ('Kade78@gmail.com', 'Gerbil', 2);

INSERT INTO person VALUES ('Carmela.Flatley@gmail.com', 'Polly McGlynn', '$2b$10$r3BD.leaooE.5vU28EYTuuBixKJ5aeV1AyrKyPHHI0BSkH.eNYs5i', '2493 Abner Path', 90175356, 'user', 'https://s3.amazonaws.com/uifaces/faces/twitter/dhooyenga/128.jpg');
INSERT INTO credit_card VALUES (6495215081356769, 'Carmela.Flatley@gmail.com', '2023-10-04T17:13:12.650Z', 401);
INSERT INTO pet VALUES ('Camryn', 'Carmela.Flatley@gmail.com', 'Hedgehog', 'Recusandae asperiores alias distinctio adipisci amet.', 'Fuga est et laboriosam aperiam sit sed aut cum dolorum.');
INSERT INTO pet VALUES ('Katlyn', 'Carmela.Flatley@gmail.com', 'Gerbil', 'Ducimus dolores dolore aut.', 'Sed dolores rerum fugiat corporis nihil et ut blanditiis.');
INSERT INTO full_time_ct VALUES ('Carmela.Flatley@gmail.com');
INSERT INTO ft_specializes_in VALUES ('Carmela.Flatley@gmail.com', 'Gecko', 15);
INSERT INTO ft_specializes_in VALUES ('Carmela.Flatley@gmail.com', 'Horse', 2);

INSERT INTO person VALUES ('Willie.Harvey7@yahoo.com', 'Arielle Ankunding', '$2b$10$r3BD.leaooE.5vU28EYTuuBixKJ5aeV1AyrKyPHHI0BSkH.eNYs5i', '1335 Lexi Hills', 90721133, 'user', 'https://s3.amazonaws.com/uifaces/faces/twitter/lowie/128.jpg');
INSERT INTO credit_card VALUES (6767805036333346, 'Willie.Harvey7@yahoo.com', '2020-12-16T12:15:50.951Z', 323);
INSERT INTO pet VALUES ('Dion', 'Willie.Harvey7@yahoo.com', 'Guinea Pig', 'Amet excepturi unde veniam vel occaecati eius iusto.', 'Repellat quisquam in ea quam ut eum omnis eius.');
INSERT INTO pet VALUES ('Kraig', 'Willie.Harvey7@yahoo.com', 'Chameleons (Veiled)', 'Hic enim exercitationem impedit ut quam.', 'Velit labore omnis consectetur qui.');
INSERT INTO full_time_ct VALUES ('Willie.Harvey7@yahoo.com');
INSERT INTO ft_specializes_in VALUES ('Willie.Harvey7@yahoo.com', 'Bearded Dragon', 12);
INSERT INTO ft_specializes_in VALUES ('Willie.Harvey7@yahoo.com', 'Iguana', 5);

INSERT INTO person VALUES ('Jeffry3@hotmail.com', 'Juwan Rodriguez', '$2b$10$r3BD.leaooE.5vU28EYTuuBixKJ5aeV1AyrKyPHHI0BSkH.eNYs5i', '4583 OConnell Turnpike', 90872058, 'user', 'https://s3.amazonaws.com/uifaces/faces/twitter/manigm/128.jpg');
INSERT INTO part_time_ct VALUES ('Jeffry3@hotmail.com');
INSERT INTO pt_free_schedule VALUES ('Jeffry3@hotmail.com', '2020-05-13T16:00:00.000Z', '2021-11-13T16:00:00.000Z');
INSERT INTO pt_specializes_in VALUES ('Jeffry3@hotmail.com', 'Pig', 13);
INSERT INTO pt_specializes_in VALUES ('Jeffry3@hotmail.com', 'Ponie', 15);

INSERT INTO person VALUES ('Brock_Kiehn@hotmail.com', 'Elbert Huel', '$2b$10$r3BD.leaooE.5vU28EYTuuBixKJ5aeV1AyrKyPHHI0BSkH.eNYs5i', '712 Hackett Greens', 90037202, 'user', 'https://s3.amazonaws.com/uifaces/faces/twitter/ChrisFarina78/128.jpg');

INSERT INTO person VALUES ('Adriel_Sauer62@yahoo.com', 'Cleo Jacobson', '$2b$10$r3BD.leaooE.5vU28EYTuuBixKJ5aeV1AyrKyPHHI0BSkH.eNYs5i', '56974 Johnny Overpass', 90519734, 'user', 'https://s3.amazonaws.com/uifaces/faces/twitter/tom_even/128.jpg');

INSERT INTO person VALUES ('Sammie.Rowe94@hotmail.com', 'Tara Blanda', '$2b$10$r3BD.leaooE.5vU28EYTuuBixKJ5aeV1AyrKyPHHI0BSkH.eNYs5i', '493 Gleichner Mountain', 90578857, 'user', 'https://s3.amazonaws.com/uifaces/faces/twitter/dutchnadia/128.jpg');
INSERT INTO part_time_ct VALUES ('Sammie.Rowe94@hotmail.com');
INSERT INTO pt_free_schedule VALUES ('Sammie.Rowe94@hotmail.com', '2020-05-13T16:00:00.000Z', '2021-11-13T16:00:00.000Z');
INSERT INTO pt_specializes_in VALUES ('Sammie.Rowe94@hotmail.com', 'Geese (Chinese Swan Goose)', 20);
INSERT INTO pt_specializes_in VALUES ('Sammie.Rowe94@hotmail.com', 'Mice', 12);
INSERT INTO pt_specializes_in VALUES ('Sammie.Rowe94@hotmail.com', 'Ponie', 14);

INSERT INTO person VALUES ('Dante.Muller98@yahoo.com', 'Enoch Emmerich', '$2b$10$r3BD.leaooE.5vU28EYTuuBixKJ5aeV1AyrKyPHHI0BSkH.eNYs5i', '50741 Klocko Roads', 90792131, 'user', 'https://s3.amazonaws.com/uifaces/faces/twitter/curiousoffice/128.jpg');
INSERT INTO credit_card VALUES (6536551241934631, 'Dante.Muller98@yahoo.com', '2021-02-18T05:18:18.277Z', 303);
INSERT INTO pet VALUES ('Kaylin', 'Dante.Muller98@yahoo.com', 'Fish', 'Ad labore qui quam nostrum.', 'Velit consequuntur praesentium odit.');
INSERT INTO pet VALUES ('Ruthie', 'Dante.Muller98@yahoo.com', 'Horse', 'Sed magnam qui veritatis sed ratione aut qui.', 'Unde quia omnis quae voluptates.');

INSERT INTO person VALUES ('Lulu.DAmore@hotmail.com', 'Johnathon Ziemann', '$2b$10$r3BD.leaooE.5vU28EYTuuBixKJ5aeV1AyrKyPHHI0BSkH.eNYs5i', '43297 Boyle Light', 90848711, 'user', 'https://s3.amazonaws.com/uifaces/faces/twitter/vitor376/128.jpg');
INSERT INTO credit_card VALUES (36775977749042, 'Lulu.DAmore@hotmail.com', '2021-10-29T14:17:05.679Z', 983);
INSERT INTO pet VALUES ('Cathy', 'Lulu.DAmore@hotmail.com', 'Burro', 'Quia sint dolor dolores aut repellat blanditiis est nihil veniam.', 'Ipsam unde autem ut.');
INSERT INTO pet VALUES ('Sylvester', 'Lulu.DAmore@hotmail.com', 'Ferret', 'Rerum labore beatae omnis temporibus maxime iure nemo.', 'Aut blanditiis fuga facere sapiente ex unde eos.');
INSERT INTO full_time_ct VALUES ('Lulu.DAmore@hotmail.com');
INSERT INTO ft_specializes_in VALUES ('Lulu.DAmore@hotmail.com', 'Horse', 2);

INSERT INTO person VALUES ('Vita23@yahoo.com', 'Lera Heidenreich', '$2b$10$r3BD.leaooE.5vU28EYTuuBixKJ5aeV1AyrKyPHHI0BSkH.eNYs5i', '399 Lehner Terrace', 90075247, 'user', 'https://s3.amazonaws.com/uifaces/faces/twitter/scottfeltham/128.jpg');
INSERT INTO credit_card VALUES (6304360922817354, 'Vita23@yahoo.com', '2021-07-11T18:53:03.986Z', 420);
INSERT INTO pet VALUES ('Michaela', 'Vita23@yahoo.com', 'Cow', 'Quam dolorem assumenda necessitatibus.', 'Dolorum et perspiciatis.');
INSERT INTO pet VALUES ('Domenick', 'Vita23@yahoo.com', 'Ferret', 'Quas laudantium nostrum perspiciatis possimus doloribus.', 'Alias in est facere earum dolore natus qui voluptatem doloribus.');

INSERT INTO person VALUES ('Reina_Keeling42@yahoo.com', 'Berenice Kihn', '$2b$10$r3BD.leaooE.5vU28EYTuuBixKJ5aeV1AyrKyPHHI0BSkH.eNYs5i', '28099 Heller Trail', 90501751, 'user', 'https://s3.amazonaws.com/uifaces/faces/twitter/kaelifa/128.jpg');
INSERT INTO part_time_ct VALUES ('Reina_Keeling42@yahoo.com');
INSERT INTO pt_free_schedule VALUES ('Reina_Keeling42@yahoo.com', '2020-05-13T16:00:00.000Z', '2021-11-13T16:00:00.000Z');
INSERT INTO pt_specializes_in VALUES ('Reina_Keeling42@yahoo.com', 'Ferret', 20);
INSERT INTO pt_specializes_in VALUES ('Reina_Keeling42@yahoo.com', 'Goat', 1);
INSERT INTO pt_specializes_in VALUES ('Reina_Keeling42@yahoo.com', 'Guinea Fowl', 7);

INSERT INTO person VALUES ('Johnny_Zemlak63@gmail.com', 'Ismael Kuphal', '$2b$10$r3BD.leaooE.5vU28EYTuuBixKJ5aeV1AyrKyPHHI0BSkH.eNYs5i', '74229 General Rapids', 90499497, 'user', 'https://s3.amazonaws.com/uifaces/faces/twitter/noxdzine/128.jpg');

INSERT INTO person VALUES ('Jason76@yahoo.com', 'Halie Mayert', '$2b$10$r3BD.leaooE.5vU28EYTuuBixKJ5aeV1AyrKyPHHI0BSkH.eNYs5i', '832 Bayer Springs', 90281542, 'user', 'https://s3.amazonaws.com/uifaces/faces/twitter/aaroni/128.jpg');
INSERT INTO credit_card VALUES (3530681804136998, 'Jason76@yahoo.com', '2023-07-05T08:11:34.633Z', 010);
INSERT INTO pet VALUES ('Aurelia', 'Jason76@yahoo.com', 'Bird', 'Iusto modi rem enim.', 'Enim aliquid qui vel.');
INSERT INTO pet VALUES ('Jackie', 'Jason76@yahoo.com', 'Geese (Chinese Swan Goose)', 'Sequi libero at est vel sed inventore.', 'Et perferendis pariatur est provident est nihil qui sunt incidunt.');

INSERT INTO person VALUES ('Mylene57@yahoo.com', 'Queenie Waters', '$2b$10$r3BD.leaooE.5vU28EYTuuBixKJ5aeV1AyrKyPHHI0BSkH.eNYs5i', '306 Pauline Ramp', 90711133, 'user', 'https://s3.amazonaws.com/uifaces/faces/twitter/bluesix/128.jpg');

INSERT INTO person VALUES ('Mortimer_Barrows64@hotmail.com', 'Dakota Lemke', '$2b$10$r3BD.leaooE.5vU28EYTuuBixKJ5aeV1AyrKyPHHI0BSkH.eNYs5i', '70997 Prohaska Court', 90158796, 'user', 'https://s3.amazonaws.com/uifaces/faces/twitter/geshan/128.jpg');

INSERT INTO person VALUES ('Franco_Schuster78@hotmail.com', 'Jonathon Streich', '$2b$10$r3BD.leaooE.5vU28EYTuuBixKJ5aeV1AyrKyPHHI0BSkH.eNYs5i', '8132 Danial Harbor', 90443141, 'user', 'https://s3.amazonaws.com/uifaces/faces/twitter/byryan/128.jpg');
INSERT INTO credit_card VALUES (4100873569972, 'Franco_Schuster78@hotmail.com', '2023-04-03T12:13:01.732Z', 940);
INSERT INTO pet VALUES ('Annalise', 'Franco_Schuster78@hotmail.com', 'Pot Bellied Pig', 'Sit reprehenderit ut at.', 'Eius perspiciatis qui voluptas doloremque iste consequuntur debitis delectus.');
INSERT INTO full_time_ct VALUES ('Franco_Schuster78@hotmail.com');
INSERT INTO ft_specializes_in VALUES ('Franco_Schuster78@hotmail.com', 'Fish', 12);
INSERT INTO ft_specializes_in VALUES ('Franco_Schuster78@hotmail.com', 'Rabbit', 0);

INSERT INTO person VALUES ('Reba31@gmail.com', 'Noel Pfannerstill', '$2b$10$r3BD.leaooE.5vU28EYTuuBixKJ5aeV1AyrKyPHHI0BSkH.eNYs5i', '3579 Stehr Gateway', 90231992, 'user', 'https://s3.amazonaws.com/uifaces/faces/twitter/algunsanabria/128.jpg');
INSERT INTO full_time_ct VALUES ('Reba31@gmail.com');
INSERT INTO ft_specializes_in VALUES ('Reba31@gmail.com', 'Bearded Dragon', 9);

INSERT INTO person VALUES ('Adolph15@gmail.com', 'Jean Reinger', '$2b$10$r3BD.leaooE.5vU28EYTuuBixKJ5aeV1AyrKyPHHI0BSkH.eNYs5i', '3877 Chanel Isle', 90095549, 'user', 'https://s3.amazonaws.com/uifaces/faces/twitter/akashsharma39/128.jpg');
INSERT INTO credit_card VALUES (6759587012710787, 'Adolph15@gmail.com', '2025-10-17T23:15:55.428Z', 088);
INSERT INTO pet VALUES ('Leonardo', 'Adolph15@gmail.com', 'Donkey', 'Est quia deleniti aut et molestias dolor error consequatur impedit.', 'Dolorem officia est repudiandae aut molestias dolorem vero nobis voluptatem.');
INSERT INTO pet VALUES ('Sophie', 'Adolph15@gmail.com', 'Chicken', 'Dicta aut quas neque aspernatur laborum cupiditate eum.', 'In et voluptatum eaque accusantium ducimus.');

INSERT INTO person VALUES ('Markus_Monahan@hotmail.com', 'Webster Kohler', '$2b$10$r3BD.leaooE.5vU28EYTuuBixKJ5aeV1AyrKyPHHI0BSkH.eNYs5i', '0909 Christiansen Ville', 90150073, 'user', 'https://s3.amazonaws.com/uifaces/faces/twitter/iduuck/128.jpg');

INSERT INTO person VALUES ('Ferne.Reichert@hotmail.com', 'Yvette DAmore', '$2b$10$r3BD.leaooE.5vU28EYTuuBixKJ5aeV1AyrKyPHHI0BSkH.eNYs5i', '8711 Mertz Village', 90984090, 'user', 'https://s3.amazonaws.com/uifaces/faces/twitter/tgerken/128.jpg');
INSERT INTO credit_card VALUES (4120863002222, 'Ferne.Reichert@hotmail.com', '2021-01-17T23:46:24.746Z', 191);
INSERT INTO pet VALUES ('Devonte', 'Ferne.Reichert@hotmail.com', 'Pot Bellied Pig', 'Placeat velit corporis minima a velit aut quo.', 'Eos aperiam culpa sed nulla.');
INSERT INTO part_time_ct VALUES ('Ferne.Reichert@hotmail.com');
INSERT INTO pt_free_schedule VALUES ('Ferne.Reichert@hotmail.com', '2020-05-13T16:00:00.000Z', '2021-11-13T16:00:00.000Z');
INSERT INTO pt_specializes_in VALUES ('Ferne.Reichert@hotmail.com', 'Chameleons (Veiled)', 11);
INSERT INTO pt_specializes_in VALUES ('Ferne.Reichert@hotmail.com', 'Duck', 4);
INSERT INTO pt_specializes_in VALUES ('Ferne.Reichert@hotmail.com', 'Guinea Pig', 7);

INSERT INTO person VALUES ('Tristian75@hotmail.com', 'Cortney Feil', '$2b$10$r3BD.leaooE.5vU28EYTuuBixKJ5aeV1AyrKyPHHI0BSkH.eNYs5i', '3386 Desiree Gateway', 90740316, 'user', 'https://s3.amazonaws.com/uifaces/faces/twitter/beshur/128.jpg');
INSERT INTO full_time_ct VALUES ('Tristian75@hotmail.com');
INSERT INTO ft_specializes_in VALUES ('Tristian75@hotmail.com', 'Chinchilla', 7);
INSERT INTO ft_specializes_in VALUES ('Tristian75@hotmail.com', 'Hedgehog', 12);
INSERT INTO ft_specializes_in VALUES ('Tristian75@hotmail.com', 'Rabbit', 9);

INSERT INTO person VALUES ('Ariane.Sanford@gmail.com', 'Russel Yost', '$2b$10$r3BD.leaooE.5vU28EYTuuBixKJ5aeV1AyrKyPHHI0BSkH.eNYs5i', '7632 Schaefer Squares', 90331888, 'user', 'https://s3.amazonaws.com/uifaces/faces/twitter/aleksitappura/128.jpg');
INSERT INTO full_time_ct VALUES ('Ariane.Sanford@gmail.com');
INSERT INTO ft_specializes_in VALUES ('Ariane.Sanford@gmail.com', 'Gecko', 18);

INSERT INTO person VALUES ('Raphaelle8@yahoo.com', 'Nikita Kassulke', '$2b$10$r3BD.leaooE.5vU28EYTuuBixKJ5aeV1AyrKyPHHI0BSkH.eNYs5i', '6359 Runolfsdottir Springs', 90594793, 'user', 'https://s3.amazonaws.com/uifaces/faces/twitter/ariffsetiawan/128.jpg');

INSERT INTO person VALUES ('Leon52@yahoo.com', 'Mustafa Towne', '$2b$10$r3BD.leaooE.5vU28EYTuuBixKJ5aeV1AyrKyPHHI0BSkH.eNYs5i', '13574 Simonis Vista', 90351766, 'user', 'https://s3.amazonaws.com/uifaces/faces/twitter/caspergrl/128.jpg');
INSERT INTO part_time_ct VALUES ('Leon52@yahoo.com');
INSERT INTO pt_free_schedule VALUES ('Leon52@yahoo.com', '2020-05-13T16:00:00.000Z', '2021-11-13T16:00:00.000Z');
INSERT INTO pt_specializes_in VALUES ('Leon52@yahoo.com', 'Bearded Dragon', 6);

INSERT INTO person VALUES ('Dwight.Orn@hotmail.com', 'Hailey Steuber', '$2b$10$r3BD.leaooE.5vU28EYTuuBixKJ5aeV1AyrKyPHHI0BSkH.eNYs5i', '0603 Price Plaza', 90958999, 'user', 'https://s3.amazonaws.com/uifaces/faces/twitter/vocino/128.jpg');
INSERT INTO credit_card VALUES (5165961928431520, 'Dwight.Orn@hotmail.com', '2021-04-20T19:29:15.746Z', 143);
INSERT INTO pet VALUES ('Constantin', 'Dwight.Orn@hotmail.com', 'Peafowl', 'Amet est excepturi nihil quos quos aliquid tempore expedita.', 'Est vel sint.');

INSERT INTO person VALUES ('Carole54@gmail.com', 'Willa Bogan', '$2b$10$r3BD.leaooE.5vU28EYTuuBixKJ5aeV1AyrKyPHHI0BSkH.eNYs5i', '93227 Liliane Overpass', 90977121, 'user', 'https://s3.amazonaws.com/uifaces/faces/twitter/_kkga/128.jpg');

INSERT INTO person VALUES ('Lambert0@hotmail.com', 'Emil Wiza', '$2b$10$r3BD.leaooE.5vU28EYTuuBixKJ5aeV1AyrKyPHHI0BSkH.eNYs5i', '8426 Doyle Mountain', 90029366, 'user', 'https://s3.amazonaws.com/uifaces/faces/twitter/kennyadr/128.jpg');
INSERT INTO part_time_ct VALUES ('Lambert0@hotmail.com');
INSERT INTO pt_free_schedule VALUES ('Lambert0@hotmail.com', '2020-05-13T16:00:00.000Z', '2021-11-13T16:00:00.000Z');
INSERT INTO pt_specializes_in VALUES ('Lambert0@hotmail.com', 'Pig', 11);

INSERT INTO person VALUES ('Marisol.Jones@yahoo.com', 'Shirley Lueilwitz', '$2b$10$r3BD.leaooE.5vU28EYTuuBixKJ5aeV1AyrKyPHHI0BSkH.eNYs5i', '651 Germaine Ranch', 90562682, 'user', 'https://s3.amazonaws.com/uifaces/faces/twitter/oskamaya/128.jpg');

INSERT INTO person VALUES ('Tatum.Windler@hotmail.com', 'Alexa Senger', '$2b$10$r3BD.leaooE.5vU28EYTuuBixKJ5aeV1AyrKyPHHI0BSkH.eNYs5i', '858 McKenzie Wall', 90845012, 'user', 'https://s3.amazonaws.com/uifaces/faces/twitter/javorszky/128.jpg');
INSERT INTO credit_card VALUES (5018730351730277, 'Tatum.Windler@hotmail.com', '2021-07-31T01:49:15.668Z', 505);
INSERT INTO pet VALUES ('Karolann', 'Tatum.Windler@hotmail.com', 'Fish', 'Temporibus rerum officiis rem quia voluptas.', 'Est ratione illum saepe consequuntur.');

INSERT INTO person VALUES ('Jude_Bode@hotmail.com', 'Haylie Wiza', '$2b$10$r3BD.leaooE.5vU28EYTuuBixKJ5aeV1AyrKyPHHI0BSkH.eNYs5i', '71505 Breanna Shores', 90021391, 'user', 'https://s3.amazonaws.com/uifaces/faces/twitter/trubeatto/128.jpg');
INSERT INTO part_time_ct VALUES ('Jude_Bode@hotmail.com');
INSERT INTO pt_free_schedule VALUES ('Jude_Bode@hotmail.com', '2020-05-13T16:00:00.000Z', '2021-11-13T16:00:00.000Z');
INSERT INTO pt_specializes_in VALUES ('Jude_Bode@hotmail.com', 'Bird', 17);
INSERT INTO pt_specializes_in VALUES ('Jude_Bode@hotmail.com', 'Ferret', 10);

INSERT INTO person VALUES ('Maribel_Deckow35@hotmail.com', 'Orion Zulauf', '$2b$10$r3BD.leaooE.5vU28EYTuuBixKJ5aeV1AyrKyPHHI0BSkH.eNYs5i', '52319 Rowe Ports', 90501283, 'user', 'https://s3.amazonaws.com/uifaces/faces/twitter/osmanince/128.jpg');
INSERT INTO credit_card VALUES (6759148614601854, 'Maribel_Deckow35@hotmail.com', '2021-06-28T12:42:42.365Z', 873);
INSERT INTO pet VALUES ('Doug', 'Maribel_Deckow35@hotmail.com', 'Hog', 'Sapiente velit ipsum blanditiis doloremque similique.', 'Magni sit earum quos.');
INSERT INTO pet VALUES ('Vidal', 'Maribel_Deckow35@hotmail.com', 'Fish', 'Provident provident est occaecati.', 'In iusto sit magnam itaque iste.');
INSERT INTO full_time_ct VALUES ('Maribel_Deckow35@hotmail.com');
INSERT INTO ft_specializes_in VALUES ('Maribel_Deckow35@hotmail.com', 'Horse', 11);
INSERT INTO ft_specializes_in VALUES ('Maribel_Deckow35@hotmail.com', 'Llama', 2);

INSERT INTO person VALUES ('Norma52@hotmail.com', 'Sid Glover', '$2b$10$r3BD.leaooE.5vU28EYTuuBixKJ5aeV1AyrKyPHHI0BSkH.eNYs5i', '82821 Melissa Islands', 90567307, 'user', 'https://s3.amazonaws.com/uifaces/faces/twitter/tgormtx/128.jpg');

INSERT INTO person VALUES ('Turner_Monahan@gmail.com', 'Christ Kuhlman', '$2b$10$r3BD.leaooE.5vU28EYTuuBixKJ5aeV1AyrKyPHHI0BSkH.eNYs5i', '75799 OReilly Union', 90846234, 'user', 'https://s3.amazonaws.com/uifaces/faces/twitter/alessandroribe/128.jpg');
INSERT INTO credit_card VALUES (6370271112708140, 'Turner_Monahan@gmail.com', '2021-10-05T05:44:05.208Z', 822);
INSERT INTO pet VALUES ('Dandre', 'Turner_Monahan@gmail.com', 'Mule', 'Animi laboriosam rerum accusantium sint minima.', 'Totam doloribus quisquam rerum quasi consequatur.');

INSERT INTO person VALUES ('Savion52@yahoo.com', 'Wendell Homenick', '$2b$10$r3BD.leaooE.5vU28EYTuuBixKJ5aeV1AyrKyPHHI0BSkH.eNYs5i', '5074 Jacobs Light', 90637295, 'user', 'https://s3.amazonaws.com/uifaces/faces/twitter/dvdwinden/128.jpg');
INSERT INTO credit_card VALUES (4356726332768, 'Savion52@yahoo.com', '2021-08-10T06:53:50.286Z', 389);
INSERT INTO pet VALUES ('Vanessa', 'Savion52@yahoo.com', 'Duck', 'Omnis optio quia.', 'Consequatur qui quod et laudantium illo.');
INSERT INTO pet VALUES ('Bonita', 'Savion52@yahoo.com', 'Mule', 'Molestiae qui harum nemo qui similique minima labore voluptatem illum.', 'Adipisci autem ut repudiandae id voluptate ut.');

INSERT INTO person VALUES ('Marlin.Turcotte@hotmail.com', 'Alisha Leannon', '$2b$10$r3BD.leaooE.5vU28EYTuuBixKJ5aeV1AyrKyPHHI0BSkH.eNYs5i', '752 MacGyver Spring', 90964182, 'user', 'https://s3.amazonaws.com/uifaces/faces/twitter/victorDubugras/128.jpg');
INSERT INTO credit_card VALUES (6767778196087008, 'Marlin.Turcotte@hotmail.com', '2023-12-17T22:36:39.468Z', 329);
INSERT INTO pet VALUES ('Alvah', 'Marlin.Turcotte@hotmail.com', 'Chinese Water Dragon', 'Itaque et nisi ut excepturi dolore.', 'Officia molestiae tempore minima ab magni.');
INSERT INTO pet VALUES ('Jensen', 'Marlin.Turcotte@hotmail.com', 'Pot Bellied Pig', 'Tenetur eos id aut numquam iure.', 'Earum qui voluptate id modi provident recusandae quae porro.');

INSERT INTO person VALUES ('Cleora_Fritsch89@hotmail.com', 'Winnifred Steuber', '$2b$10$r3BD.leaooE.5vU28EYTuuBixKJ5aeV1AyrKyPHHI0BSkH.eNYs5i', '7896 Schultz Square', 90161213, 'user', 'https://s3.amazonaws.com/uifaces/faces/twitter/sulaqo/128.jpg');
INSERT INTO credit_card VALUES (349055783916451, 'Cleora_Fritsch89@hotmail.com', '2024-01-15T22:58:53.102Z', 983);
INSERT INTO pet VALUES ('Jo', 'Cleora_Fritsch89@hotmail.com', 'Bird', 'Tempora vitae suscipit eos nostrum commodi omnis consectetur.', 'Qui molestiae ut ducimus sapiente fugit amet sunt.');
INSERT INTO pet VALUES ('Major', 'Cleora_Fritsch89@hotmail.com', 'Guinea Pig', 'Facere nesciunt placeat omnis praesentium officia architecto.', 'Itaque aliquid saepe ipsam dolorum et et consequatur ut ea.');
INSERT INTO part_time_ct VALUES ('Cleora_Fritsch89@hotmail.com');
INSERT INTO pt_free_schedule VALUES ('Cleora_Fritsch89@hotmail.com', '2020-05-13T16:00:00.000Z', '2021-11-13T16:00:00.000Z');
INSERT INTO pt_specializes_in VALUES ('Cleora_Fritsch89@hotmail.com', 'Chicken', 4);
INSERT INTO pt_specializes_in VALUES ('Cleora_Fritsch89@hotmail.com', 'Chinese Water Dragon', 4);
INSERT INTO pt_specializes_in VALUES ('Cleora_Fritsch89@hotmail.com', 'Mice', 16);

INSERT INTO person VALUES ('Brianne_Breitenberg@hotmail.com', 'Sim Bailey', '$2b$10$r3BD.leaooE.5vU28EYTuuBixKJ5aeV1AyrKyPHHI0BSkH.eNYs5i', '61929 Zieme Tunnel', 90150926, 'user', 'https://s3.amazonaws.com/uifaces/faces/twitter/naupintos/128.jpg');
INSERT INTO credit_card VALUES (3528178666654467, 'Brianne_Breitenberg@hotmail.com', '2021-02-02T07:18:03.043Z', 355);
INSERT INTO pet VALUES ('Davin', 'Brianne_Breitenberg@hotmail.com', 'Chinchilla', 'Esse delectus ipsam totam impedit ipsum porro et quia.', 'Sunt quia quis quia a sunt.');
INSERT INTO pet VALUES ('Kadin', 'Brianne_Breitenberg@hotmail.com', 'Ferret', 'Sed enim distinctio temporibus.', 'Incidunt necessitatibus et.');

INSERT INTO person VALUES ('Israel_Hoeger@yahoo.com', 'Isobel Howell', '$2b$10$r3BD.leaooE.5vU28EYTuuBixKJ5aeV1AyrKyPHHI0BSkH.eNYs5i', '731 Leuschke Route', 90003136, 'user', 'https://s3.amazonaws.com/uifaces/faces/twitter/nyancecom/128.jpg');
INSERT INTO part_time_ct VALUES ('Israel_Hoeger@yahoo.com');
INSERT INTO pt_free_schedule VALUES ('Israel_Hoeger@yahoo.com', '2020-05-13T16:00:00.000Z', '2021-11-13T16:00:00.000Z');
INSERT INTO pt_specializes_in VALUES ('Israel_Hoeger@yahoo.com', 'Ferret', 13);
INSERT INTO pt_specializes_in VALUES ('Israel_Hoeger@yahoo.com', 'Ponie', 3);

INSERT INTO person VALUES ('Shane_Harber53@yahoo.com', 'Jedidiah Hudson', '$2b$10$r3BD.leaooE.5vU28EYTuuBixKJ5aeV1AyrKyPHHI0BSkH.eNYs5i', '114 Cleo Mall', 90316147, 'user', 'https://s3.amazonaws.com/uifaces/faces/twitter/brandonflatsoda/128.jpg');
INSERT INTO full_time_ct VALUES ('Shane_Harber53@yahoo.com');
INSERT INTO ft_specializes_in VALUES ('Shane_Harber53@yahoo.com', 'Bearded Dragon', 12);
INSERT INTO ft_specializes_in VALUES ('Shane_Harber53@yahoo.com', 'Pig', 12);
INSERT INTO ft_specializes_in VALUES ('Shane_Harber53@yahoo.com', 'Rabbit', 8);

INSERT INTO person VALUES ('Adaline_Oberbrunner28@yahoo.com', 'Americo Reichert', '$2b$10$r3BD.leaooE.5vU28EYTuuBixKJ5aeV1AyrKyPHHI0BSkH.eNYs5i', '099 Jones Ferry', 90290258, 'user', 'https://s3.amazonaws.com/uifaces/faces/twitter/wtrsld/128.jpg');
INSERT INTO credit_card VALUES (346498938103622, 'Adaline_Oberbrunner28@yahoo.com', '2022-02-14T01:43:56.849Z', 938);
INSERT INTO pet VALUES ('Cecelia', 'Adaline_Oberbrunner28@yahoo.com', 'Chameleons (Veiled)', 'Alias iusto ut dolore.', 'Ea impedit error et cumque vero voluptatem.');
INSERT INTO pet VALUES ('Sister', 'Adaline_Oberbrunner28@yahoo.com', 'Burro', 'Illo saepe adipisci eos quas quo minus.', 'Aut ut fugiat voluptatem tempore repudiandae nemo.');

INSERT INTO person VALUES ('Zelma.Metz@gmail.com', 'Dina Spinka', '$2b$10$r3BD.leaooE.5vU28EYTuuBixKJ5aeV1AyrKyPHHI0BSkH.eNYs5i', '1435 Alana Via', 90707501, 'user', 'https://s3.amazonaws.com/uifaces/faces/twitter/SlaapMe/128.jpg');
INSERT INTO credit_card VALUES (373614675067923, 'Zelma.Metz@gmail.com', '2024-09-05T03:45:55.475Z', 394);
INSERT INTO pet VALUES ('Vernice', 'Zelma.Metz@gmail.com', 'Pigeon', 'Quos eaque ratione enim totam sunt at consequuntur adipisci.', 'Modi reprehenderit ex.');
INSERT INTO pet VALUES ('Arvid', 'Zelma.Metz@gmail.com', 'Geese (Chinese Swan Goose)', 'Et nobis nam dicta unde at error.', 'Aspernatur vel vero qui.');

INSERT INTO person VALUES ('Amara_Blanda21@hotmail.com', 'Margarett Marks', '$2b$10$r3BD.leaooE.5vU28EYTuuBixKJ5aeV1AyrKyPHHI0BSkH.eNYs5i', '9313 Wade Station', 90014535, 'user', 'https://s3.amazonaws.com/uifaces/faces/twitter/anjhero/128.jpg');
INSERT INTO full_time_ct VALUES ('Amara_Blanda21@hotmail.com');
INSERT INTO ft_specializes_in VALUES ('Amara_Blanda21@hotmail.com', 'Goat', 20);

INSERT INTO person VALUES ('Guillermo.Mosciski@gmail.com', 'Bartholome Hintz', '$2b$10$r3BD.leaooE.5vU28EYTuuBixKJ5aeV1AyrKyPHHI0BSkH.eNYs5i', '986 Gertrude Key', 90268966, 'user', 'https://s3.amazonaws.com/uifaces/faces/twitter/lisovsky/128.jpg');
INSERT INTO credit_card VALUES (4167091864575446, 'Guillermo.Mosciski@gmail.com', '2020-11-22T22:40:41.106Z', 228);
INSERT INTO pet VALUES ('Tyreek', 'Guillermo.Mosciski@gmail.com', 'Chinese Water Dragon', 'Commodi incidunt dolorem harum doloribus doloribus culpa.', 'Quasi non soluta sapiente est.');
INSERT INTO pet VALUES ('Orrin', 'Guillermo.Mosciski@gmail.com', 'Hog', 'Minima tenetur atque.', 'Ut numquam ad non.');
INSERT INTO full_time_ct VALUES ('Guillermo.Mosciski@gmail.com');
INSERT INTO ft_specializes_in VALUES ('Guillermo.Mosciski@gmail.com', 'Chinchilla', 19);
INSERT INTO ft_specializes_in VALUES ('Guillermo.Mosciski@gmail.com', 'Donkey', 8);
INSERT INTO ft_specializes_in VALUES ('Guillermo.Mosciski@gmail.com', 'Iguana', 11);

INSERT INTO person VALUES ('Kianna.Grimes33@yahoo.com', 'Lauriane Howell', '$2b$10$r3BD.leaooE.5vU28EYTuuBixKJ5aeV1AyrKyPHHI0BSkH.eNYs5i', '944 Ullrich Row', 90440272, 'user', 'https://s3.amazonaws.com/uifaces/faces/twitter/prinzadi/128.jpg');
INSERT INTO full_time_ct VALUES ('Kianna.Grimes33@yahoo.com');
INSERT INTO ft_specializes_in VALUES ('Kianna.Grimes33@yahoo.com', 'Chinese Water Dragon', 0);
INSERT INTO ft_specializes_in VALUES ('Kianna.Grimes33@yahoo.com', 'Hog', 20);

INSERT INTO person VALUES ('Jayson60@gmail.com', 'Arielle Daugherty', '$2b$10$r3BD.leaooE.5vU28EYTuuBixKJ5aeV1AyrKyPHHI0BSkH.eNYs5i', '80604 Fabiola Orchard', 90143725, 'user', 'https://s3.amazonaws.com/uifaces/faces/twitter/nasirwd/128.jpg');
INSERT INTO full_time_ct VALUES ('Jayson60@gmail.com');
INSERT INTO ft_specializes_in VALUES ('Jayson60@gmail.com', 'Bearded Dragon', 1);
INSERT INTO ft_specializes_in VALUES ('Jayson60@gmail.com', 'Cow', 6);
INSERT INTO ft_specializes_in VALUES ('Jayson60@gmail.com', 'Gecko', 17);

INSERT INTO person VALUES ('Viola.Gibson59@yahoo.com', 'Alene Schimmel', '$2b$10$r3BD.leaooE.5vU28EYTuuBixKJ5aeV1AyrKyPHHI0BSkH.eNYs5i', '445 McCullough Turnpike', 90812456, 'user', 'https://s3.amazonaws.com/uifaces/faces/twitter/ivanfilipovbg/128.jpg');
INSERT INTO credit_card VALUES (6381776946448951, 'Viola.Gibson59@yahoo.com', '2021-04-02T21:55:32.411Z', 295);
INSERT INTO pet VALUES ('Werner', 'Viola.Gibson59@yahoo.com', 'Ponie', 'Culpa voluptas voluptatem voluptatem quis.', 'Minus sed omnis harum velit commodi dicta.');
INSERT INTO pet VALUES ('Justice', 'Viola.Gibson59@yahoo.com', 'Duck', 'Tempore voluptatem omnis non voluptas ea minima natus.', 'Explicabo sapiente ipsa cumque.');
INSERT INTO full_time_ct VALUES ('Viola.Gibson59@yahoo.com');
INSERT INTO ft_specializes_in VALUES ('Viola.Gibson59@yahoo.com', 'Bird', 17);

INSERT INTO person VALUES ('Aubrey21@hotmail.com', 'Louvenia Jerde', '$2b$10$r3BD.leaooE.5vU28EYTuuBixKJ5aeV1AyrKyPHHI0BSkH.eNYs5i', '3413 Spinka Ridges', 90618191, 'user', 'https://s3.amazonaws.com/uifaces/faces/twitter/prrstn/128.jpg');
INSERT INTO credit_card VALUES (6374849958167487, 'Aubrey21@hotmail.com', '2021-02-10T12:16:50.089Z', 546);
INSERT INTO pet VALUES ('Mina', 'Aubrey21@hotmail.com', 'Mule', 'Tempora amet eum reprehenderit ut qui ullam.', 'Ullam molestias aliquid laborum assumenda aut.');
INSERT INTO full_time_ct VALUES ('Aubrey21@hotmail.com');
INSERT INTO ft_specializes_in VALUES ('Aubrey21@hotmail.com', 'Burro', 12);
INSERT INTO ft_specializes_in VALUES ('Aubrey21@hotmail.com', 'Gecko', 19);
INSERT INTO ft_specializes_in VALUES ('Aubrey21@hotmail.com', 'Guinea Fowl', 10);

INSERT INTO person VALUES ('Bradly.Schroeder@hotmail.com', 'Brionna Wehner', '$2b$10$r3BD.leaooE.5vU28EYTuuBixKJ5aeV1AyrKyPHHI0BSkH.eNYs5i', '675 Geraldine Flat', 90808739, 'user', 'https://s3.amazonaws.com/uifaces/faces/twitter/rodnylobos/128.jpg');
INSERT INTO credit_card VALUES (6767672095205825, 'Bradly.Schroeder@hotmail.com', '2022-06-22T01:18:24.977Z', 694);
INSERT INTO pet VALUES ('Carley', 'Bradly.Schroeder@hotmail.com', 'Duck', 'Aut in amet dolore omnis est nihil et.', 'Debitis commodi sapiente non totam non et natus est.');
INSERT INTO pet VALUES ('Lauren', 'Bradly.Schroeder@hotmail.com', 'Chinese Water Dragon', 'Voluptas necessitatibus qui delectus sint nesciunt ut corporis non sed.', 'Eaque sit autem omnis ut repudiandae doloribus suscipit rerum.');

INSERT INTO person VALUES ('Lillian61@hotmail.com', 'Kadin Koelpin', '$2b$10$r3BD.leaooE.5vU28EYTuuBixKJ5aeV1AyrKyPHHI0BSkH.eNYs5i', '0857 Drew Divide', 90458491, 'user', 'https://s3.amazonaws.com/uifaces/faces/twitter/billyroshan/128.jpg');
INSERT INTO credit_card VALUES (4703390017510, 'Lillian61@hotmail.com', '2023-10-29T08:08:03.350Z', 298);
INSERT INTO pet VALUES ('Aniya', 'Lillian61@hotmail.com', 'Bearded Dragon', 'Velit quam quod numquam ducimus eaque error.', 'Quibusdam molestias dolor eos id in facilis minima nihil.');
INSERT INTO pet VALUES ('Mozell', 'Lillian61@hotmail.com', 'Ferret', 'Veniam saepe harum recusandae saepe est accusamus qui rem sed.', 'Sint excepturi accusamus ea animi consequatur dolor amet.');

INSERT INTO person VALUES ('Claire.Considine@hotmail.com', 'Kendall Veum', '$2b$10$r3BD.leaooE.5vU28EYTuuBixKJ5aeV1AyrKyPHHI0BSkH.eNYs5i', '8438 Candice Row', 90884045, 'user', 'https://s3.amazonaws.com/uifaces/faces/twitter/beshur/128.jpg');
INSERT INTO credit_card VALUES (3539222801209426, 'Claire.Considine@hotmail.com', '2021-11-03T00:24:04.760Z', 733);
INSERT INTO pet VALUES ('Elmo', 'Claire.Considine@hotmail.com', 'Mice', 'Minima et voluptas dolorem qui eveniet dolorum est est ducimus.', 'Vel dolores natus sequi debitis sed molestias dolor ut.');
INSERT INTO pet VALUES ('Darren', 'Claire.Considine@hotmail.com', 'Gerbil', 'Doloremque error et recusandae porro aut perferendis et.', 'Magni id id repellendus enim asperiores et.');
INSERT INTO full_time_ct VALUES ('Claire.Considine@hotmail.com');
INSERT INTO ft_specializes_in VALUES ('Claire.Considine@hotmail.com', 'Geese (Chinese Swan Goose)', 13);
INSERT INTO ft_specializes_in VALUES ('Claire.Considine@hotmail.com', 'Horse', 9);
INSERT INTO ft_specializes_in VALUES ('Claire.Considine@hotmail.com', 'Mice', 2);

INSERT INTO person VALUES ('Itzel.Gorczany15@gmail.com', 'Elda Windler', '$2b$10$r3BD.leaooE.5vU28EYTuuBixKJ5aeV1AyrKyPHHI0BSkH.eNYs5i', '94429 Rosemary Walk', 90608738, 'user', 'https://s3.amazonaws.com/uifaces/faces/twitter/ultragex/128.jpg');
INSERT INTO part_time_ct VALUES ('Itzel.Gorczany15@gmail.com');
INSERT INTO pt_free_schedule VALUES ('Itzel.Gorczany15@gmail.com', '2020-05-13T16:00:00.000Z', '2021-11-13T16:00:00.000Z');
INSERT INTO pt_specializes_in VALUES ('Itzel.Gorczany15@gmail.com', 'Goat', 0);
INSERT INTO pt_specializes_in VALUES ('Itzel.Gorczany15@gmail.com', 'Iguana', 15);

INSERT INTO person VALUES ('Andy_Medhurst76@hotmail.com', 'Tania Stanton', '$2b$10$r3BD.leaooE.5vU28EYTuuBixKJ5aeV1AyrKyPHHI0BSkH.eNYs5i', '860 Jan Dale', 90503862, 'user', 'https://s3.amazonaws.com/uifaces/faces/twitter/mahmoudmetwally/128.jpg');
INSERT INTO credit_card VALUES (6767640730778780, 'Andy_Medhurst76@hotmail.com', '2024-06-29T17:27:03.822Z', 063);
INSERT INTO pet VALUES ('Kacey', 'Andy_Medhurst76@hotmail.com', 'Hog', 'Expedita assumenda ullam facere.', 'Rerum molestiae voluptatem quo et animi illum.');
INSERT INTO pet VALUES ('Kirstin', 'Andy_Medhurst76@hotmail.com', 'Chicken', 'Odio et minima animi sit.', 'Eos nemo alias dolores aspernatur accusamus quisquam deserunt.');

INSERT INTO person VALUES ('Gretchen.Armstrong35@gmail.com', 'Mckenzie Ruecker', '$2b$10$r3BD.leaooE.5vU28EYTuuBixKJ5aeV1AyrKyPHHI0BSkH.eNYs5i', '3733 Kassulke Gardens', 90341655, 'user', 'https://s3.amazonaws.com/uifaces/faces/twitter/silv3rgvn/128.jpg');
INSERT INTO credit_card VALUES (5533944180314338, 'Gretchen.Armstrong35@gmail.com', '2021-05-22T02:54:26.899Z', 360);
INSERT INTO pet VALUES ('Timmy', 'Gretchen.Armstrong35@gmail.com', 'Hedgehog', 'Et hic ut consequuntur quo eaque est id dolorum impedit.', 'Corrupti cum autem voluptas iure unde accusamus distinctio et.');
INSERT INTO pet VALUES ('Eriberto', 'Gretchen.Armstrong35@gmail.com', 'Hog', 'Repudiandae dolorem quos dolorem illum.', 'Voluptas eum dicta fugiat accusantium.');

INSERT INTO person VALUES ('Barrett62@yahoo.com', 'Torrance Wintheiser', '$2b$10$r3BD.leaooE.5vU28EYTuuBixKJ5aeV1AyrKyPHHI0BSkH.eNYs5i', '17917 Arne Squares', 90051730, 'user', 'https://s3.amazonaws.com/uifaces/faces/twitter/zaki3d/128.jpg');
INSERT INTO credit_card VALUES (346474721168348, 'Barrett62@yahoo.com', '2021-07-23T13:12:47.242Z', 898);
INSERT INTO pet VALUES ('Lessie', 'Barrett62@yahoo.com', 'Gerbil', 'Enim quis sit placeat sunt.', 'Totam tempora quasi eveniet ullam perferendis vitae quas optio unde.');
INSERT INTO pet VALUES ('Adah', 'Barrett62@yahoo.com', 'Cow', 'Libero sapiente architecto quas distinctio et dolorem possimus.', 'Possimus rem aut ad deserunt sed omnis.');

INSERT INTO person VALUES ('Neoma98@gmail.com', 'Katlynn Mills', '$2b$10$r3BD.leaooE.5vU28EYTuuBixKJ5aeV1AyrKyPHHI0BSkH.eNYs5i', '1351 Renner Estate', 90144921, 'user', 'https://s3.amazonaws.com/uifaces/faces/twitter/bermonpainter/128.jpg');
INSERT INTO full_time_ct VALUES ('Neoma98@gmail.com');
INSERT INTO ft_specializes_in VALUES ('Neoma98@gmail.com', 'Lizard', 1);
INSERT INTO ft_specializes_in VALUES ('Neoma98@gmail.com', 'Peafowl', 15);
INSERT INTO ft_specializes_in VALUES ('Neoma98@gmail.com', 'Pig', 18);

INSERT INTO person VALUES ('Flavie.West@gmail.com', 'Grady Yost', '$2b$10$r3BD.leaooE.5vU28EYTuuBixKJ5aeV1AyrKyPHHI0BSkH.eNYs5i', '06046 Desiree Road', 90613994, 'user', 'https://s3.amazonaws.com/uifaces/faces/twitter/kerem/128.jpg');
INSERT INTO credit_card VALUES (5018583998032029, 'Flavie.West@gmail.com', '2025-03-28T02:24:27.304Z', 778);
INSERT INTO pet VALUES ('Yesenia', 'Flavie.West@gmail.com', 'Lizard', 'Asperiores dolores cumque sed fuga laboriosam voluptatibus omnis.', 'Rerum consequuntur consequuntur dolor explicabo magni qui.');
INSERT INTO part_time_ct VALUES ('Flavie.West@gmail.com');
INSERT INTO pt_free_schedule VALUES ('Flavie.West@gmail.com', '2020-05-13T16:00:00.000Z', '2021-11-13T16:00:00.000Z');
INSERT INTO pt_specializes_in VALUES ('Flavie.West@gmail.com', 'Peafowl', 14);

INSERT INTO person VALUES ('Vern_Yost@hotmail.com', 'Brandi MacGyver', '$2b$10$r3BD.leaooE.5vU28EYTuuBixKJ5aeV1AyrKyPHHI0BSkH.eNYs5i', '89533 Larson Tunnel', 90526268, 'user', 'https://s3.amazonaws.com/uifaces/faces/twitter/markolschesky/128.jpg');
INSERT INTO full_time_ct VALUES ('Vern_Yost@hotmail.com');
INSERT INTO ft_specializes_in VALUES ('Vern_Yost@hotmail.com', 'Chinchilla', 0);

INSERT INTO person VALUES ('Maynard_Ernser91@gmail.com', 'Rhianna Cormier', '$2b$10$r3BD.leaooE.5vU28EYTuuBixKJ5aeV1AyrKyPHHI0BSkH.eNYs5i', '50216 Barry Mountain', 90259308, 'user', 'https://s3.amazonaws.com/uifaces/faces/twitter/mdsisto/128.jpg');
INSERT INTO full_time_ct VALUES ('Maynard_Ernser91@gmail.com');
INSERT INTO ft_specializes_in VALUES ('Maynard_Ernser91@gmail.com', 'Fish', 2);
INSERT INTO ft_specializes_in VALUES ('Maynard_Ernser91@gmail.com', 'Gecko', 8);
INSERT INTO ft_specializes_in VALUES ('Maynard_Ernser91@gmail.com', 'Hamster', 12);

INSERT INTO person VALUES ('Abbey.Stanton@gmail.com', 'Elinor Predovic', '$2b$10$r3BD.leaooE.5vU28EYTuuBixKJ5aeV1AyrKyPHHI0BSkH.eNYs5i', '2124 Quigley Drives', 90018777, 'user', 'https://s3.amazonaws.com/uifaces/faces/twitter/tomas_janousek/128.jpg');
INSERT INTO credit_card VALUES (377465477996502, 'Abbey.Stanton@gmail.com', '2021-07-24T01:26:24.607Z', 423);
INSERT INTO pet VALUES ('Walton', 'Abbey.Stanton@gmail.com', 'Duck', 'Rerum corrupti in est aliquid vero quas voluptas repellendus.', 'Pariatur est perspiciatis illum magnam voluptas.');
INSERT INTO full_time_ct VALUES ('Abbey.Stanton@gmail.com');
INSERT INTO ft_specializes_in VALUES ('Abbey.Stanton@gmail.com', 'Horse', 14);

INSERT INTO person VALUES ('Jayson_Homenick@gmail.com', 'Easton Koss', '$2b$10$r3BD.leaooE.5vU28EYTuuBixKJ5aeV1AyrKyPHHI0BSkH.eNYs5i', '802 Mayra Via', 90419046, 'user', 'https://s3.amazonaws.com/uifaces/faces/twitter/ankitind/128.jpg');
INSERT INTO full_time_ct VALUES ('Jayson_Homenick@gmail.com');
INSERT INTO ft_specializes_in VALUES ('Jayson_Homenick@gmail.com', 'Chinchilla', 1);
INSERT INTO ft_specializes_in VALUES ('Jayson_Homenick@gmail.com', 'Gerbil', 14);
INSERT INTO ft_specializes_in VALUES ('Jayson_Homenick@gmail.com', 'Pot Bellied Pig', 6);

INSERT INTO person VALUES ('Jason_Harris@hotmail.com', 'Kelli Medhurst', '$2b$10$r3BD.leaooE.5vU28EYTuuBixKJ5aeV1AyrKyPHHI0BSkH.eNYs5i', '56201 Wintheiser Fort', 90431110, 'user', 'https://s3.amazonaws.com/uifaces/faces/twitter/tristanlegros/128.jpg');
INSERT INTO full_time_ct VALUES ('Jason_Harris@hotmail.com');
INSERT INTO ft_specializes_in VALUES ('Jason_Harris@hotmail.com', 'Bird', 11);

INSERT INTO person VALUES ('Herman_Bednar@yahoo.com', 'Korbin Bergstrom', '$2b$10$r3BD.leaooE.5vU28EYTuuBixKJ5aeV1AyrKyPHHI0BSkH.eNYs5i', '493 Heller Spurs', 90668447, 'user', 'https://s3.amazonaws.com/uifaces/faces/twitter/sovesove/128.jpg');
INSERT INTO credit_card VALUES (6709090747259307, 'Herman_Bednar@yahoo.com', '2021-10-03T12:35:06.729Z', 819);
INSERT INTO pet VALUES ('Will', 'Herman_Bednar@yahoo.com', 'Guinea Pig', 'Et culpa ratione.', 'Exercitationem doloribus et aut dolorum molestiae.');
INSERT INTO pet VALUES ('Emmet', 'Herman_Bednar@yahoo.com', 'Chinchilla', 'Fuga distinctio dolor aspernatur optio sed temporibus.', 'Rerum suscipit autem modi voluptatibus et dolore.');

INSERT INTO person VALUES ('Noel54@yahoo.com', 'Reta Luettgen', '$2b$10$r3BD.leaooE.5vU28EYTuuBixKJ5aeV1AyrKyPHHI0BSkH.eNYs5i', '64697 Amaya Villages', 90124526, 'user', 'https://s3.amazonaws.com/uifaces/faces/twitter/turkutuuli/128.jpg');

INSERT INTO person VALUES ('Kendra57@hotmail.com', 'Ronaldo Wilkinson', '$2b$10$r3BD.leaooE.5vU28EYTuuBixKJ5aeV1AyrKyPHHI0BSkH.eNYs5i', '7224 Jamie Ports', 90143446, 'user', 'https://s3.amazonaws.com/uifaces/faces/twitter/rachelreveley/128.jpg');
INSERT INTO credit_card VALUES (6771971115617422, 'Kendra57@hotmail.com', '2021-04-13T02:22:50.249Z', 754);
INSERT INTO pet VALUES ('Rhianna', 'Kendra57@hotmail.com', 'Pigeon', 'Quod quis non quis nihil.', 'Adipisci ut est quis amet.');

INSERT INTO person VALUES ('Manley95@hotmail.com', 'Mylene Erdman', '$2b$10$r3BD.leaooE.5vU28EYTuuBixKJ5aeV1AyrKyPHHI0BSkH.eNYs5i', '1529 Cronin Court', 90394046, 'user', 'https://s3.amazonaws.com/uifaces/faces/twitter/phillapier/128.jpg');
INSERT INTO part_time_ct VALUES ('Manley95@hotmail.com');
INSERT INTO pt_free_schedule VALUES ('Manley95@hotmail.com', '2020-05-13T16:00:00.000Z', '2021-11-13T16:00:00.000Z');
INSERT INTO pt_specializes_in VALUES ('Manley95@hotmail.com', 'Gerbil', 13);
INSERT INTO pt_specializes_in VALUES ('Manley95@hotmail.com', 'Hedgehog', 0);
INSERT INTO pt_specializes_in VALUES ('Manley95@hotmail.com', 'Iguana', 17);

INSERT INTO person VALUES ('Lew77@yahoo.com', 'Jerrell Cruickshank', '$2b$10$r3BD.leaooE.5vU28EYTuuBixKJ5aeV1AyrKyPHHI0BSkH.eNYs5i', '98752 Roslyn Ways', 90880555, 'user', 'https://s3.amazonaws.com/uifaces/faces/twitter/herbigt/128.jpg');
INSERT INTO credit_card VALUES (347888987313576, 'Lew77@yahoo.com', '2024-08-28T19:28:19.552Z', 965);
INSERT INTO pet VALUES ('Rafaela', 'Lew77@yahoo.com', 'Chameleons (Veiled)', 'Aut eos sunt voluptatibus dignissimos voluptate inventore.', 'Eos sunt esse quisquam veritatis minima non nemo quia est.');

INSERT INTO person VALUES ('Ila23@yahoo.com', 'Therese Pacocha', '$2b$10$r3BD.leaooE.5vU28EYTuuBixKJ5aeV1AyrKyPHHI0BSkH.eNYs5i', '0966 Leonie Meadows', 90585166, 'user', 'https://s3.amazonaws.com/uifaces/faces/twitter/mhaligowski/128.jpg');
INSERT INTO credit_card VALUES (3547894849237033, 'Ila23@yahoo.com', '2021-01-03T16:28:22.557Z', 962);
INSERT INTO pet VALUES ('Braxton', 'Ila23@yahoo.com', 'Ponie', 'Vero ut illum ipsa.', 'Animi dolores ea nam voluptates.');
INSERT INTO pet VALUES ('Elvis', 'Ila23@yahoo.com', 'Ferret', 'Consequatur dolor quis impedit et odit sit dolores blanditiis nisi.', 'Voluptatem et delectus quia qui.');
INSERT INTO full_time_ct VALUES ('Ila23@yahoo.com');
INSERT INTO ft_specializes_in VALUES ('Ila23@yahoo.com', 'Chinchilla', 8);
INSERT INTO ft_specializes_in VALUES ('Ila23@yahoo.com', 'Iguana', 19);
INSERT INTO ft_specializes_in VALUES ('Ila23@yahoo.com', 'Mice', 12);

INSERT INTO person VALUES ('Shemar95@yahoo.com', 'Joanie Boyle', '$2b$10$r3BD.leaooE.5vU28EYTuuBixKJ5aeV1AyrKyPHHI0BSkH.eNYs5i', '13375 Pacocha Highway', 90802435, 'user', 'https://s3.amazonaws.com/uifaces/faces/twitter/joannefournier/128.jpg');
INSERT INTO full_time_ct VALUES ('Shemar95@yahoo.com');
INSERT INTO ft_specializes_in VALUES ('Shemar95@yahoo.com', 'Mule', 4);

INSERT INTO person VALUES ('Sydnee48@yahoo.com', 'Hermina Reynolds', '$2b$10$r3BD.leaooE.5vU28EYTuuBixKJ5aeV1AyrKyPHHI0BSkH.eNYs5i', '61631 Lowell Key', 90960306, 'user', 'https://s3.amazonaws.com/uifaces/faces/twitter/abotap/128.jpg');
INSERT INTO credit_card VALUES (6706110849361477, 'Sydnee48@yahoo.com', '2020-12-28T07:52:43.645Z', 012);
INSERT INTO pet VALUES ('Keeley', 'Sydnee48@yahoo.com', 'Lizard', 'Sapiente id perferendis ipsum rerum dolorem.', 'Deleniti accusantium laborum quae id nostrum facere.');
INSERT INTO pet VALUES ('Hermina', 'Sydnee48@yahoo.com', 'Mule', 'Totam quas deleniti maxime exercitationem.', 'Non repudiandae ducimus et omnis repudiandae.');
INSERT INTO part_time_ct VALUES ('Sydnee48@yahoo.com');
INSERT INTO pt_free_schedule VALUES ('Sydnee48@yahoo.com', '2020-05-13T16:00:00.000Z', '2021-11-13T16:00:00.000Z');
INSERT INTO pt_specializes_in VALUES ('Sydnee48@yahoo.com', 'Donkey', 15);
INSERT INTO pt_specializes_in VALUES ('Sydnee48@yahoo.com', 'Gecko', 2);

INSERT INTO person VALUES ('Maxine.Feil87@yahoo.com', 'Genevieve Conroy', '$2b$10$r3BD.leaooE.5vU28EYTuuBixKJ5aeV1AyrKyPHHI0BSkH.eNYs5i', '65873 Guiseppe Forest', 90517992, 'user', 'https://s3.amazonaws.com/uifaces/faces/twitter/eduardostuart/128.jpg');
INSERT INTO full_time_ct VALUES ('Maxine.Feil87@yahoo.com');
INSERT INTO ft_specializes_in VALUES ('Maxine.Feil87@yahoo.com', 'Burro', 1);
INSERT INTO ft_specializes_in VALUES ('Maxine.Feil87@yahoo.com', 'Ferret', 19);
INSERT INTO ft_specializes_in VALUES ('Maxine.Feil87@yahoo.com', 'Geese (Chinese Swan Goose)', 19);

INSERT INTO person VALUES ('Gertrude.Kerluke@yahoo.com', 'Hosea Halvorson', '$2b$10$r3BD.leaooE.5vU28EYTuuBixKJ5aeV1AyrKyPHHI0BSkH.eNYs5i', '8302 VonRueden Gateway', 90743879, 'user', 'https://s3.amazonaws.com/uifaces/faces/twitter/nitinhayaran/128.jpg');
INSERT INTO credit_card VALUES (3562778343447172, 'Gertrude.Kerluke@yahoo.com', '2020-12-15T14:58:34.112Z', 211);
INSERT INTO pet VALUES ('Laury', 'Gertrude.Kerluke@yahoo.com', 'Duck', 'Aut molestiae qui quia natus rem fugit sed.', 'Magni est laboriosam possimus.');
INSERT INTO pet VALUES ('Katlyn', 'Gertrude.Kerluke@yahoo.com', 'Duck', 'Ipsa nemo odio.', 'Aut tempora autem.');

INSERT INTO person VALUES ('Billie.Pagac@yahoo.com', 'Carolanne Blanda', '$2b$10$r3BD.leaooE.5vU28EYTuuBixKJ5aeV1AyrKyPHHI0BSkH.eNYs5i', '4828 Schneider Wall', 90899684, 'user', 'https://s3.amazonaws.com/uifaces/faces/twitter/timmillwood/128.jpg');
INSERT INTO credit_card VALUES (6767073730212689, 'Billie.Pagac@yahoo.com', '2022-08-21T14:28:45.963Z', 012);
INSERT INTO pet VALUES ('Dayton', 'Billie.Pagac@yahoo.com', 'Mule', 'Delectus rerum magnam.', 'Voluptas eius libero.');
INSERT INTO pet VALUES ('Abner', 'Billie.Pagac@yahoo.com', 'Chicken', 'Eum ut quos nam omnis accusantium natus aut adipisci.', 'Eos magnam amet.');

INSERT INTO person VALUES ('Dominic_Goodwin@yahoo.com', 'Rylee Von', '$2b$10$r3BD.leaooE.5vU28EYTuuBixKJ5aeV1AyrKyPHHI0BSkH.eNYs5i', '1893 Schroeder Lakes', 90031321, 'user', 'https://s3.amazonaws.com/uifaces/faces/twitter/nepdud/128.jpg');

INSERT INTO person VALUES ('Shania56@hotmail.com', 'Vladimir Corkery', '$2b$10$r3BD.leaooE.5vU28EYTuuBixKJ5aeV1AyrKyPHHI0BSkH.eNYs5i', '6386 Emmerich Burgs', 90374722, 'user', 'https://s3.amazonaws.com/uifaces/faces/twitter/Talbi_ConSept/128.jpg');

INSERT INTO person VALUES ('Elody60@gmail.com', 'Scarlett Lang', '$2b$10$r3BD.leaooE.5vU28EYTuuBixKJ5aeV1AyrKyPHHI0BSkH.eNYs5i', '82609 Arden Flat', 90527172, 'user', 'https://s3.amazonaws.com/uifaces/faces/twitter/a1chapone/128.jpg');

INSERT INTO person VALUES ('Josianne92@gmail.com', 'Misael Simonis', '$2b$10$r3BD.leaooE.5vU28EYTuuBixKJ5aeV1AyrKyPHHI0BSkH.eNYs5i', '47787 Catalina Plain', 90282319, 'user', 'https://s3.amazonaws.com/uifaces/faces/twitter/artem_kostenko/128.jpg');

INSERT INTO person VALUES ('Lysanne.Daugherty@hotmail.com', 'Lelia Anderson', '$2b$10$r3BD.leaooE.5vU28EYTuuBixKJ5aeV1AyrKyPHHI0BSkH.eNYs5i', '16417 Alessia Flats', 90164222, 'user', 'https://s3.amazonaws.com/uifaces/faces/twitter/kurtinc/128.jpg');

INSERT INTO person VALUES ('Celine_Yost91@hotmail.com', 'Tressa Cronin', '$2b$10$r3BD.leaooE.5vU28EYTuuBixKJ5aeV1AyrKyPHHI0BSkH.eNYs5i', '07762 Barton Motorway', 90165224, 'user', 'https://s3.amazonaws.com/uifaces/faces/twitter/jakemoore/128.jpg');

INSERT INTO person VALUES ('Matteo89@gmail.com', 'Sophie Corwin', '$2b$10$r3BD.leaooE.5vU28EYTuuBixKJ5aeV1AyrKyPHHI0BSkH.eNYs5i', '37334 Maggio Mill', 90992385, 'user', 'https://s3.amazonaws.com/uifaces/faces/twitter/adhiardana/128.jpg');
INSERT INTO credit_card VALUES (6771893318652217, 'Matteo89@gmail.com', '2021-10-10T11:48:17.856Z', 249);
INSERT INTO pet VALUES ('Ceasar', 'Matteo89@gmail.com', 'Bearded Dragon', 'Tempore excepturi qui officia eos.', 'Vel asperiores velit at dolorem voluptatibus voluptate dignissimos et sit.');
INSERT INTO pet VALUES ('Leonie', 'Matteo89@gmail.com', 'Mice', 'Reprehenderit ut consequatur id ut.', 'Quia unde sed repellat amet omnis est natus.');

INSERT INTO person VALUES ('Christophe.Kuhlman94@hotmail.com', 'Van Little', '$2b$10$r3BD.leaooE.5vU28EYTuuBixKJ5aeV1AyrKyPHHI0BSkH.eNYs5i', '089 Flavio Corner', 90656729, 'user', 'https://s3.amazonaws.com/uifaces/faces/twitter/oskarlevinson/128.jpg');

INSERT INTO person VALUES ('Jana88@hotmail.com', 'Jordy Wilkinson', '$2b$10$r3BD.leaooE.5vU28EYTuuBixKJ5aeV1AyrKyPHHI0BSkH.eNYs5i', '49066 Ortiz Crest', 90531418, 'user', 'https://s3.amazonaws.com/uifaces/faces/twitter/nerdgr8/128.jpg');
INSERT INTO credit_card VALUES (6304091579293629, 'Jana88@hotmail.com', '2021-05-28T12:10:24.386Z', 108);
INSERT INTO pet VALUES ('Ashlynn', 'Jana88@hotmail.com', 'Pig', 'Atque aut sint voluptate aut dolorem.', 'Quaerat error facere dolorem autem vel repellendus aut.');
INSERT INTO pet VALUES ('Vivienne', 'Jana88@hotmail.com', 'Hog', 'Dolores neque blanditiis commodi et tempore velit atque dolore.', 'Voluptatem atque non ea.');
INSERT INTO full_time_ct VALUES ('Jana88@hotmail.com');
INSERT INTO ft_specializes_in VALUES ('Jana88@hotmail.com', 'Peafowl', 5);

INSERT INTO person VALUES ('Maiya16@yahoo.com', 'Mekhi Nienow', '$2b$10$r3BD.leaooE.5vU28EYTuuBixKJ5aeV1AyrKyPHHI0BSkH.eNYs5i', '0122 Haylie Turnpike', 90387212, 'user', 'https://s3.amazonaws.com/uifaces/faces/twitter/andrewcohen/128.jpg');

INSERT INTO person VALUES ('Hermina.Corkery@yahoo.com', 'Billie Gusikowski', '$2b$10$r3BD.leaooE.5vU28EYTuuBixKJ5aeV1AyrKyPHHI0BSkH.eNYs5i', '051 Runte Manors', 90798879, 'user', 'https://s3.amazonaws.com/uifaces/faces/twitter/emileboudeling/128.jpg');
INSERT INTO credit_card VALUES (6391071826131051, 'Hermina.Corkery@yahoo.com', '2021-12-03T23:55:18.754Z', 814);
INSERT INTO pet VALUES ('Mathew', 'Hermina.Corkery@yahoo.com', 'Chinese Water Dragon', 'Earum sapiente deleniti.', 'Illum et eum id dolorem eos laborum tenetur.');
INSERT INTO pet VALUES ('Glenda', 'Hermina.Corkery@yahoo.com', 'Lizard', 'Sed perspiciatis beatae sed libero.', 'Ut voluptatem sed suscipit non dicta provident corrupti nobis.');

INSERT INTO person VALUES ('Raleigh.Donnelly60@hotmail.com', 'Kellie Trantow', '$2b$10$r3BD.leaooE.5vU28EYTuuBixKJ5aeV1AyrKyPHHI0BSkH.eNYs5i', '8558 Jonas Prairie', 90407873, 'user', 'https://s3.amazonaws.com/uifaces/faces/twitter/olaolusoga/128.jpg');
INSERT INTO credit_card VALUES (6011844563182277, 'Raleigh.Donnelly60@hotmail.com', '2023-04-05T13:48:45.251Z', 921);
INSERT INTO pet VALUES ('Veronica', 'Raleigh.Donnelly60@hotmail.com', 'Lizard', 'In aut ea id officia ipsum.', 'Qui totam assumenda.');
INSERT INTO pet VALUES ('Lew', 'Raleigh.Donnelly60@hotmail.com', 'Gecko', 'Itaque omnis officia aspernatur cumque ea ducimus et est est.', 'Minus voluptatem hic maxime et.');

INSERT INTO person VALUES ('Wendell82@hotmail.com', 'Billie Murray', '$2b$10$r3BD.leaooE.5vU28EYTuuBixKJ5aeV1AyrKyPHHI0BSkH.eNYs5i', '0589 Kaci Groves', 90300961, 'user', 'https://s3.amazonaws.com/uifaces/faces/twitter/rikas/128.jpg');
INSERT INTO credit_card VALUES (36077606045696, 'Wendell82@hotmail.com', '2022-03-11T12:47:28.377Z', 792);
INSERT INTO pet VALUES ('Dawson', 'Wendell82@hotmail.com', 'Iguana', 'Facere sit saepe vero.', 'Impedit et delectus eveniet magni sed est.');
INSERT INTO part_time_ct VALUES ('Wendell82@hotmail.com');
INSERT INTO pt_free_schedule VALUES ('Wendell82@hotmail.com', '2020-05-13T16:00:00.000Z', '2021-11-13T16:00:00.000Z');
INSERT INTO pt_specializes_in VALUES ('Wendell82@hotmail.com', 'Horse', 6);

INSERT INTO person VALUES ('Hazel_Botsford@gmail.com', 'Guido Bergstrom', '$2b$10$r3BD.leaooE.5vU28EYTuuBixKJ5aeV1AyrKyPHHI0BSkH.eNYs5i', '975 Torphy Estates', 90937276, 'user', 'https://s3.amazonaws.com/uifaces/faces/twitter/macxim/128.jpg');
INSERT INTO full_time_ct VALUES ('Hazel_Botsford@gmail.com');
INSERT INTO ft_specializes_in VALUES ('Hazel_Botsford@gmail.com', 'Iguana', 6);
INSERT INTO ft_specializes_in VALUES ('Hazel_Botsford@gmail.com', 'Lizard', 4);
INSERT INTO ft_specializes_in VALUES ('Hazel_Botsford@gmail.com', 'Pot Bellied Pig', 18);

INSERT INTO person VALUES ('Lawson_Waelchi@gmail.com', 'Abner Murazik', '$2b$10$r3BD.leaooE.5vU28EYTuuBixKJ5aeV1AyrKyPHHI0BSkH.eNYs5i', '5319 Brendon Summit', 90985417, 'user', 'https://s3.amazonaws.com/uifaces/faces/twitter/giuliusa/128.jpg');

INSERT INTO person VALUES ('Chesley_Terry75@hotmail.com', 'Mossie Lindgren', '$2b$10$r3BD.leaooE.5vU28EYTuuBixKJ5aeV1AyrKyPHHI0BSkH.eNYs5i', '195 Layla Center', 90033853, 'user', 'https://s3.amazonaws.com/uifaces/faces/twitter/2fockus/128.jpg');
INSERT INTO credit_card VALUES (4492069895429264, 'Chesley_Terry75@hotmail.com', '2021-02-14T11:35:49.206Z', 059);
INSERT INTO pet VALUES ('Gavin', 'Chesley_Terry75@hotmail.com', 'Mule', 'Consequatur rerum recusandae.', 'Repudiandae ex facilis hic aperiam qui consequatur consequuntur odit omnis.');

INSERT INTO person VALUES ('Ronny.Gleason23@yahoo.com', 'Matilde Pfeffer', '$2b$10$r3BD.leaooE.5vU28EYTuuBixKJ5aeV1AyrKyPHHI0BSkH.eNYs5i', '909 Hammes Field', 90281101, 'user', 'https://s3.amazonaws.com/uifaces/faces/twitter/brajeshwar/128.jpg');

INSERT INTO person VALUES ('Donny28@gmail.com', 'Adolfo Homenick', '$2b$10$r3BD.leaooE.5vU28EYTuuBixKJ5aeV1AyrKyPHHI0BSkH.eNYs5i', '31495 Considine Locks', 90417858, 'user', 'https://s3.amazonaws.com/uifaces/faces/twitter/clubb3rry/128.jpg');

INSERT INTO person VALUES ('Jamison31@gmail.com', 'Brant Boyle', '$2b$10$r3BD.leaooE.5vU28EYTuuBixKJ5aeV1AyrKyPHHI0BSkH.eNYs5i', '58323 Murazik Center', 90118809, 'user', 'https://s3.amazonaws.com/uifaces/faces/twitter/darylws/128.jpg');
INSERT INTO full_time_ct VALUES ('Jamison31@gmail.com');
INSERT INTO ft_specializes_in VALUES ('Jamison31@gmail.com', 'Geese (Chinese Swan Goose)', 5);

INSERT INTO person VALUES ('Daphney_Schmeler@hotmail.com', 'Christine Glover', '$2b$10$r3BD.leaooE.5vU28EYTuuBixKJ5aeV1AyrKyPHHI0BSkH.eNYs5i', '14484 Cummings Flats', 90145064, 'user', 'https://s3.amazonaws.com/uifaces/faces/twitter/VMilescu/128.jpg');
INSERT INTO credit_card VALUES (5110394834584483, 'Daphney_Schmeler@hotmail.com', '2022-03-14T03:34:33.713Z', 362);
INSERT INTO pet VALUES ('Macie', 'Daphney_Schmeler@hotmail.com', 'Hamster', 'Qui ea quibusdam sit quasi quibusdam aperiam qui quia veniam.', 'Non illo molestias rerum eius veritatis.');
INSERT INTO pet VALUES ('Shayna', 'Daphney_Schmeler@hotmail.com', 'Rabbit', 'Voluptatem omnis earum eligendi error ducimus ullam aliquam in nihil.', 'Velit ea ipsum ut corporis qui doloribus.');

INSERT INTO person VALUES ('Cornelius_Prosacco@yahoo.com', 'Roosevelt Gutkowski', '$2b$10$r3BD.leaooE.5vU28EYTuuBixKJ5aeV1AyrKyPHHI0BSkH.eNYs5i', '76277 Adams Knolls', 90896345, 'user', 'https://s3.amazonaws.com/uifaces/faces/twitter/ashocka18/128.jpg');
INSERT INTO credit_card VALUES (373311325292314, 'Cornelius_Prosacco@yahoo.com', '2022-05-18T06:11:47.895Z', 891);
INSERT INTO pet VALUES ('Brent', 'Cornelius_Prosacco@yahoo.com', 'Geese (Chinese Swan Goose)', 'Quos eum nobis ut corporis dolore ex ut in odit.', 'Repellendus et dolore consequuntur dolorem veniam qui omnis voluptas.');
INSERT INTO full_time_ct VALUES ('Cornelius_Prosacco@yahoo.com');
INSERT INTO ft_specializes_in VALUES ('Cornelius_Prosacco@yahoo.com', 'Bird', 6);
INSERT INTO ft_specializes_in VALUES ('Cornelius_Prosacco@yahoo.com', 'Guinea Pig', 12);
INSERT INTO ft_specializes_in VALUES ('Cornelius_Prosacco@yahoo.com', 'Llama', 3);

INSERT INTO person VALUES ('Derrick.Turcotte75@hotmail.com', 'Tressa Willms', '$2b$10$r3BD.leaooE.5vU28EYTuuBixKJ5aeV1AyrKyPHHI0BSkH.eNYs5i', '30270 Spencer Track', 90523352, 'user', 'https://s3.amazonaws.com/uifaces/faces/twitter/karalek/128.jpg');
INSERT INTO credit_card VALUES (371099699802750, 'Derrick.Turcotte75@hotmail.com', '2021-05-19T21:28:05.997Z', 532);
INSERT INTO pet VALUES ('Collin', 'Derrick.Turcotte75@hotmail.com', 'Peafowl', 'Eveniet laboriosam et.', 'Quis explicabo totam expedita necessitatibus quasi fuga.');
INSERT INTO pet VALUES ('Mozell', 'Derrick.Turcotte75@hotmail.com', 'Hedgehog', 'Expedita nobis veritatis fugit culpa.', 'Quibusdam nam asperiores.');

INSERT INTO person VALUES ('Hilda0@hotmail.com', 'Lyda Kunze', '$2b$10$r3BD.leaooE.5vU28EYTuuBixKJ5aeV1AyrKyPHHI0BSkH.eNYs5i', '50839 Carroll Island', 90224322, 'user', 'https://s3.amazonaws.com/uifaces/faces/twitter/m_kalibry/128.jpg');
INSERT INTO part_time_ct VALUES ('Hilda0@hotmail.com');
INSERT INTO pt_free_schedule VALUES ('Hilda0@hotmail.com', '2020-05-13T16:00:00.000Z', '2021-11-13T16:00:00.000Z');
INSERT INTO pt_specializes_in VALUES ('Hilda0@hotmail.com', 'Duck', 17);

INSERT INTO person VALUES ('Sydnie_Kautzer@yahoo.com', 'Clemens Aufderhar', '$2b$10$r3BD.leaooE.5vU28EYTuuBixKJ5aeV1AyrKyPHHI0BSkH.eNYs5i', '5296 Senger Squares', 90126404, 'user', 'https://s3.amazonaws.com/uifaces/faces/twitter/damenleeturks/128.jpg');
INSERT INTO full_time_ct VALUES ('Sydnie_Kautzer@yahoo.com');
INSERT INTO ft_specializes_in VALUES ('Sydnie_Kautzer@yahoo.com', 'Hamster', 1);
INSERT INTO ft_specializes_in VALUES ('Sydnie_Kautzer@yahoo.com', 'Llama', 6);
INSERT INTO ft_specializes_in VALUES ('Sydnie_Kautzer@yahoo.com', 'Mule', 2);

INSERT INTO person VALUES ('Enos.OReilly76@gmail.com', 'Charlotte Von', '$2b$10$r3BD.leaooE.5vU28EYTuuBixKJ5aeV1AyrKyPHHI0BSkH.eNYs5i', '0004 Philip Land', 90019619, 'user', 'https://s3.amazonaws.com/uifaces/faces/twitter/mohanrohith/128.jpg');
INSERT INTO full_time_ct VALUES ('Enos.OReilly76@gmail.com');
INSERT INTO ft_specializes_in VALUES ('Enos.OReilly76@gmail.com', 'Goat', 3);

INSERT INTO person VALUES ('Giovanni26@yahoo.com', 'Cheyenne Leannon', '$2b$10$r3BD.leaooE.5vU28EYTuuBixKJ5aeV1AyrKyPHHI0BSkH.eNYs5i', '038 Dean Key', 90047017, 'user', 'https://s3.amazonaws.com/uifaces/faces/twitter/silv3rgvn/128.jpg');

INSERT INTO person VALUES ('Toby66@gmail.com', 'Lucinda Rice', '$2b$10$r3BD.leaooE.5vU28EYTuuBixKJ5aeV1AyrKyPHHI0BSkH.eNYs5i', '64246 Colin Garden', 90175778, 'user', 'https://s3.amazonaws.com/uifaces/faces/twitter/a1chapone/128.jpg');
INSERT INTO credit_card VALUES (6759612238737151, 'Toby66@gmail.com', '2023-09-03T09:07:03.253Z', 681);
INSERT INTO pet VALUES ('Blanche', 'Toby66@gmail.com', 'Burro', 'Aut nobis laboriosam.', 'Rerum possimus omnis tempora possimus voluptatem fuga.');
INSERT INTO pet VALUES ('Rachael', 'Toby66@gmail.com', 'Llama', 'Eius et autem eius et aut.', 'Eos ut vel rerum eveniet reiciendis blanditiis iste ut.');

INSERT INTO person VALUES ('Hallie_Wiegand7@hotmail.com', 'Lawson Kunze', '$2b$10$r3BD.leaooE.5vU28EYTuuBixKJ5aeV1AyrKyPHHI0BSkH.eNYs5i', '096 Arlo Fields', 90920146, 'user', 'https://s3.amazonaws.com/uifaces/faces/twitter/S0ufi4n3/128.jpg');
INSERT INTO credit_card VALUES (4514162613808653, 'Hallie_Wiegand7@hotmail.com', '2021-07-01T04:50:28.969Z', 349);
INSERT INTO pet VALUES ('Brody', 'Hallie_Wiegand7@hotmail.com', 'Iguana', 'Amet consequatur enim accusantium quisquam.', 'Non reiciendis corrupti veritatis dolorem voluptate dolores vel.');

INSERT INTO person VALUES ('Cole.Kohler@hotmail.com', 'Santos Bahringer', '$2b$10$r3BD.leaooE.5vU28EYTuuBixKJ5aeV1AyrKyPHHI0BSkH.eNYs5i', '5954 Joseph Fords', 90875953, 'user', 'https://s3.amazonaws.com/uifaces/faces/twitter/chatyrko/128.jpg');
INSERT INTO credit_card VALUES (6304184634346692, 'Cole.Kohler@hotmail.com', '2023-06-21T23:16:15.033Z', 655);
INSERT INTO pet VALUES ('Mallie', 'Cole.Kohler@hotmail.com', 'Mice', 'Asperiores laboriosam repudiandae non.', 'Quisquam porro saepe.');
INSERT INTO pet VALUES ('Jayda', 'Cole.Kohler@hotmail.com', 'Pigeon', 'Omnis laboriosam debitis et rerum et dolorem.', 'Quos vel dolorum est aspernatur voluptas dolor sequi.');

INSERT INTO person VALUES ('Elian_Botsford@hotmail.com', 'Hilda Schuppe', '$2b$10$r3BD.leaooE.5vU28EYTuuBixKJ5aeV1AyrKyPHHI0BSkH.eNYs5i', '37046 Jamison Shoal', 90865546, 'user', 'https://s3.amazonaws.com/uifaces/faces/twitter/shaneIxD/128.jpg');
INSERT INTO part_time_ct VALUES ('Elian_Botsford@hotmail.com');
INSERT INTO pt_free_schedule VALUES ('Elian_Botsford@hotmail.com', '2020-05-13T16:00:00.000Z', '2021-11-13T16:00:00.000Z');
INSERT INTO pt_specializes_in VALUES ('Elian_Botsford@hotmail.com', 'Duck', 18);
INSERT INTO pt_specializes_in VALUES ('Elian_Botsford@hotmail.com', 'Ferret', 2);
INSERT INTO pt_specializes_in VALUES ('Elian_Botsford@hotmail.com', 'Llama', 8);

INSERT INTO person VALUES ('Stephen_Rath18@gmail.com', 'Alyson Mraz', '$2b$10$r3BD.leaooE.5vU28EYTuuBixKJ5aeV1AyrKyPHHI0BSkH.eNYs5i', '860 Brent Loop', 90702450, 'user', 'https://s3.amazonaws.com/uifaces/faces/twitter/ky/128.jpg');
INSERT INTO credit_card VALUES (3528120607889422, 'Stephen_Rath18@gmail.com', '2021-06-18T19:15:25.394Z', 211);
INSERT INTO pet VALUES ('Danielle', 'Stephen_Rath18@gmail.com', 'Peafowl', 'Rerum porro atque excepturi sed.', 'Eveniet est aut nihil facilis.');
INSERT INTO pet VALUES ('Wilfred', 'Stephen_Rath18@gmail.com', 'Hog', 'Earum libero porro.', 'Omnis sed sunt occaecati est et non.');
INSERT INTO full_time_ct VALUES ('Stephen_Rath18@gmail.com');
INSERT INTO ft_specializes_in VALUES ('Stephen_Rath18@gmail.com', 'Cow', 13);
INSERT INTO ft_specializes_in VALUES ('Stephen_Rath18@gmail.com', 'Guinea Pig', 17);

INSERT INTO person VALUES ('Kurt.Pagac@hotmail.com', 'Ayla Kiehn', '$2b$10$r3BD.leaooE.5vU28EYTuuBixKJ5aeV1AyrKyPHHI0BSkH.eNYs5i', '19331 Otho Port', 90593637, 'user', 'https://s3.amazonaws.com/uifaces/faces/twitter/oscarowusu/128.jpg');

INSERT INTO person VALUES ('Clinton42@gmail.com', 'Laurence Okuneva', '$2b$10$r3BD.leaooE.5vU28EYTuuBixKJ5aeV1AyrKyPHHI0BSkH.eNYs5i', '2447 Kub Field', 90622806, 'user', 'https://s3.amazonaws.com/uifaces/faces/twitter/falvarad/128.jpg');
INSERT INTO credit_card VALUES (4424256248634687, 'Clinton42@gmail.com', '2021-06-30T17:05:12.779Z', 295);
INSERT INTO pet VALUES ('Makayla', 'Clinton42@gmail.com', 'Bird', 'Omnis tempora quia provident pariatur fugit.', 'Voluptatibus magni aliquam omnis facere sequi illo nihil.');

INSERT INTO person VALUES ('Maxie.Heathcote2@gmail.com', 'Sigmund Murphy', '$2b$10$r3BD.leaooE.5vU28EYTuuBixKJ5aeV1AyrKyPHHI0BSkH.eNYs5i', '26716 Elva Plain', 90253647, 'user', 'https://s3.amazonaws.com/uifaces/faces/twitter/lepinski/128.jpg');
INSERT INTO credit_card VALUES (6389058525029795, 'Maxie.Heathcote2@gmail.com', '2021-10-13T12:06:32.248Z', 472);
INSERT INTO pet VALUES ('Aurelie', 'Maxie.Heathcote2@gmail.com', 'Cow', 'Voluptas temporibus enim et cumque consequatur corrupti et qui.', 'Expedita doloribus maiores assumenda neque necessitatibus dolorem.');
INSERT INTO pet VALUES ('Allen', 'Maxie.Heathcote2@gmail.com', 'Geese (Chinese Swan Goose)', 'Ullam officia ratione consequatur autem quia omnis.', 'Fugiat magni corrupti ullam accusamus accusantium minus sunt a.');

INSERT INTO person VALUES ('Brooks.Marvin37@gmail.com', 'Mekhi Reichel', '$2b$10$r3BD.leaooE.5vU28EYTuuBixKJ5aeV1AyrKyPHHI0BSkH.eNYs5i', '52073 Minerva Cliff', 90657665, 'user', 'https://s3.amazonaws.com/uifaces/faces/twitter/desastrozo/128.jpg');
INSERT INTO part_time_ct VALUES ('Brooks.Marvin37@gmail.com');
INSERT INTO pt_free_schedule VALUES ('Brooks.Marvin37@gmail.com', '2020-05-13T16:00:00.000Z', '2021-11-13T16:00:00.000Z');
INSERT INTO pt_specializes_in VALUES ('Brooks.Marvin37@gmail.com', 'Pot Bellied Pig', 1);

INSERT INTO person VALUES ('Donny23@yahoo.com', 'Olga Nikolaus', '$2b$10$r3BD.leaooE.5vU28EYTuuBixKJ5aeV1AyrKyPHHI0BSkH.eNYs5i', '61362 Metz Meadow', 90926385, 'user', 'https://s3.amazonaws.com/uifaces/faces/twitter/plbabin/128.jpg');
INSERT INTO credit_card VALUES (6585721090236426, 'Donny23@yahoo.com', '2023-02-19T01:58:53.922Z', 603);
INSERT INTO pet VALUES ('Theresa', 'Donny23@yahoo.com', 'Horse', 'Doloremque qui repellat delectus quos sed.', 'Placeat eveniet autem nihil ut eum vitae rem totam.');
INSERT INTO full_time_ct VALUES ('Donny23@yahoo.com');
INSERT INTO ft_specializes_in VALUES ('Donny23@yahoo.com', 'Rabbit', 5);

INSERT INTO person VALUES ('Jordane.Mayert@hotmail.com', 'Dusty Reichert', '$2b$10$r3BD.leaooE.5vU28EYTuuBixKJ5aeV1AyrKyPHHI0BSkH.eNYs5i', '8327 Ulises Cove', 90807012, 'user', 'https://s3.amazonaws.com/uifaces/faces/twitter/ateneupopular/128.jpg');
INSERT INTO full_time_ct VALUES ('Jordane.Mayert@hotmail.com');
INSERT INTO ft_specializes_in VALUES ('Jordane.Mayert@hotmail.com', 'Horse', 4);
INSERT INTO ft_specializes_in VALUES ('Jordane.Mayert@hotmail.com', 'Lizard', 12);
INSERT INTO ft_specializes_in VALUES ('Jordane.Mayert@hotmail.com', 'Hog', 7);

INSERT INTO person VALUES ('Rey.Veum@hotmail.com', 'Magnus Kub', '$2b$10$r3BD.leaooE.5vU28EYTuuBixKJ5aeV1AyrKyPHHI0BSkH.eNYs5i', '961 Zulauf Mills', 90721831, 'user', 'https://s3.amazonaws.com/uifaces/faces/twitter/allagringaus/128.jpg');
INSERT INTO full_time_ct VALUES ('Rey.Veum@hotmail.com');
INSERT INTO ft_specializes_in VALUES ('Rey.Veum@hotmail.com', 'Chinchilla', 16);
INSERT INTO ft_specializes_in VALUES ('Rey.Veum@hotmail.com', 'Lizard', 20);
INSERT INTO ft_specializes_in VALUES ('Rey.Veum@hotmail.com', 'Pigeon', 16);

INSERT INTO person VALUES ('Adrain71@yahoo.com', 'Loy Becker', '$2b$10$r3BD.leaooE.5vU28EYTuuBixKJ5aeV1AyrKyPHHI0BSkH.eNYs5i', '35199 Jeffery Squares', 90260058, 'user', 'https://s3.amazonaws.com/uifaces/faces/twitter/id835559/128.jpg');
INSERT INTO credit_card VALUES (6767090030933395, 'Adrain71@yahoo.com', '2022-02-12T18:59:25.647Z', 090);
INSERT INTO pet VALUES ('Laury', 'Adrain71@yahoo.com', 'Chinese Water Dragon', 'Molestiae eveniet doloribus dolores id esse molestiae ullam.', 'Repellendus doloremque et numquam.');

INSERT INTO person VALUES ('Winifred99@hotmail.com', 'Cheyenne Flatley', '$2b$10$r3BD.leaooE.5vU28EYTuuBixKJ5aeV1AyrKyPHHI0BSkH.eNYs5i', '852 Kuhic Valley', 90571940, 'user', 'https://s3.amazonaws.com/uifaces/faces/twitter/adamsxu/128.jpg');
INSERT INTO credit_card VALUES (6382061354861590, 'Winifred99@hotmail.com', '2021-08-17T12:54:15.900Z', 650);
INSERT INTO pet VALUES ('Beaulah', 'Winifred99@hotmail.com', 'Peafowl', 'Deleniti repellat error molestiae autem saepe.', 'Dolorum omnis aut omnis.');
INSERT INTO pet VALUES ('Florian', 'Winifred99@hotmail.com', 'Fish', 'Magni aut soluta autem labore nihil ratione.', 'Aut alias et consequatur sapiente maxime dolorem repellat.');
INSERT INTO part_time_ct VALUES ('Winifred99@hotmail.com');
INSERT INTO pt_free_schedule VALUES ('Winifred99@hotmail.com', '2020-05-13T16:00:00.000Z', '2021-11-13T16:00:00.000Z');
INSERT INTO pt_specializes_in VALUES ('Winifred99@hotmail.com', 'Goat', 16);

INSERT INTO person VALUES ('Kelley32@gmail.com', 'Ernestina Turner', '$2b$10$r3BD.leaooE.5vU28EYTuuBixKJ5aeV1AyrKyPHHI0BSkH.eNYs5i', '13701 Ebert Tunnel', 90106884, 'user', 'https://s3.amazonaws.com/uifaces/faces/twitter/justinrhee/128.jpg');
INSERT INTO part_time_ct VALUES ('Kelley32@gmail.com');
INSERT INTO pt_free_schedule VALUES ('Kelley32@gmail.com', '2020-05-13T16:00:00.000Z', '2021-11-13T16:00:00.000Z');
INSERT INTO pt_specializes_in VALUES ('Kelley32@gmail.com', 'Geese (Chinese Swan Goose)', 7);

INSERT INTO person VALUES ('Tatyana_Adams@yahoo.com', 'Veronica Stroman', '$2b$10$r3BD.leaooE.5vU28EYTuuBixKJ5aeV1AyrKyPHHI0BSkH.eNYs5i', '6991 Zoila Union', 90250432, 'user', 'https://s3.amazonaws.com/uifaces/faces/twitter/joe_black/128.jpg');

INSERT INTO person VALUES ('Francisca_Bosco@gmail.com', 'Thora Hodkiewicz', '$2b$10$r3BD.leaooE.5vU28EYTuuBixKJ5aeV1AyrKyPHHI0BSkH.eNYs5i', '6478 Legros Junction', 90149803, 'user', 'https://s3.amazonaws.com/uifaces/faces/twitter/juanmamartinez/128.jpg');
INSERT INTO part_time_ct VALUES ('Francisca_Bosco@gmail.com');
INSERT INTO pt_free_schedule VALUES ('Francisca_Bosco@gmail.com', '2020-05-13T16:00:00.000Z', '2021-11-13T16:00:00.000Z');
INSERT INTO pt_specializes_in VALUES ('Francisca_Bosco@gmail.com', 'Ferret', 14);
INSERT INTO pt_specializes_in VALUES ('Francisca_Bosco@gmail.com', 'Gerbil', 18);
INSERT INTO pt_specializes_in VALUES ('Francisca_Bosco@gmail.com', 'Hedgehog', 3);

INSERT INTO person VALUES ('Emile_Johnson25@gmail.com', 'Isabelle Abbott', '$2b$10$r3BD.leaooE.5vU28EYTuuBixKJ5aeV1AyrKyPHHI0BSkH.eNYs5i', '08433 Imogene Mills', 90712484, 'user', 'https://s3.amazonaws.com/uifaces/faces/twitter/dawidwu/128.jpg');
INSERT INTO full_time_ct VALUES ('Emile_Johnson25@gmail.com');
INSERT INTO ft_specializes_in VALUES ('Emile_Johnson25@gmail.com', 'Burro', 16);
INSERT INTO ft_specializes_in VALUES ('Emile_Johnson25@gmail.com', 'Chinese Water Dragon', 0);
INSERT INTO ft_specializes_in VALUES ('Emile_Johnson25@gmail.com', 'Duck', 14);

INSERT INTO person VALUES ('Murray.Hegmann85@yahoo.com', 'Destini Harvey', '$2b$10$r3BD.leaooE.5vU28EYTuuBixKJ5aeV1AyrKyPHHI0BSkH.eNYs5i', '017 Blaze Glens', 90177815, 'user', 'https://s3.amazonaws.com/uifaces/faces/twitter/a_brixen/128.jpg');

INSERT INTO person VALUES ('Elyssa.Stracke@yahoo.com', 'Elenora Feil', '$2b$10$r3BD.leaooE.5vU28EYTuuBixKJ5aeV1AyrKyPHHI0BSkH.eNYs5i', '270 Giles Greens', 90791186, 'user', 'https://s3.amazonaws.com/uifaces/faces/twitter/turkutuuli/128.jpg');

INSERT INTO person VALUES ('Gerard_Ortiz26@yahoo.com', 'Providenci Crist', '$2b$10$r3BD.leaooE.5vU28EYTuuBixKJ5aeV1AyrKyPHHI0BSkH.eNYs5i', '371 Friesen Mews', 90930386, 'user', 'https://s3.amazonaws.com/uifaces/faces/twitter/mandalareopens/128.jpg');

INSERT INTO person VALUES ('Aubree.Kub11@hotmail.com', 'Velma Orn', '$2b$10$r3BD.leaooE.5vU28EYTuuBixKJ5aeV1AyrKyPHHI0BSkH.eNYs5i', '518 Liliana Trafficway', 90693151, 'user', 'https://s3.amazonaws.com/uifaces/faces/twitter/swaplord/128.jpg');

INSERT INTO person VALUES ('Alessia13@gmail.com', 'Virginie Hamill', '$2b$10$r3BD.leaooE.5vU28EYTuuBixKJ5aeV1AyrKyPHHI0BSkH.eNYs5i', '0531 Rempel Court', 90205521, 'user', 'https://s3.amazonaws.com/uifaces/faces/twitter/stevedesigner/128.jpg');
INSERT INTO part_time_ct VALUES ('Alessia13@gmail.com');
INSERT INTO pt_free_schedule VALUES ('Alessia13@gmail.com', '2020-05-13T16:00:00.000Z', '2021-11-13T16:00:00.000Z');
INSERT INTO pt_specializes_in VALUES ('Alessia13@gmail.com', 'Chicken', 19);
INSERT INTO pt_specializes_in VALUES ('Alessia13@gmail.com', 'Ponie', 0);

INSERT INTO person VALUES ('Nathanial.Stanton31@hotmail.com', 'Theron Kub', '$2b$10$r3BD.leaooE.5vU28EYTuuBixKJ5aeV1AyrKyPHHI0BSkH.eNYs5i', '777 Jasmin Rue', 90089459, 'user', 'https://s3.amazonaws.com/uifaces/faces/twitter/scottfeltham/128.jpg');
INSERT INTO credit_card VALUES (4606755973124289, 'Nathanial.Stanton31@hotmail.com', '2022-04-10T23:45:58.677Z', 978);
INSERT INTO pet VALUES ('Chelsie', 'Nathanial.Stanton31@hotmail.com', 'Mule', 'Et reiciendis nemo ipsa qui sequi laboriosam et praesentium eveniet.', 'Repellat vel ut et occaecati beatae non et.');
INSERT INTO pet VALUES ('Ashtyn', 'Nathanial.Stanton31@hotmail.com', 'Cow', 'Debitis mollitia minima veritatis et aspernatur nesciunt eaque mollitia quia.', 'Et totam libero velit.');

INSERT INTO person VALUES ('Keeley52@yahoo.com', 'Kade VonRueden', '$2b$10$r3BD.leaooE.5vU28EYTuuBixKJ5aeV1AyrKyPHHI0BSkH.eNYs5i', '69274 Brekke Meadows', 90098287, 'user', 'https://s3.amazonaws.com/uifaces/faces/twitter/adamsxu/128.jpg');
INSERT INTO full_time_ct VALUES ('Keeley52@yahoo.com');
INSERT INTO ft_specializes_in VALUES ('Keeley52@yahoo.com', 'Ferret', 16);
INSERT INTO ft_specializes_in VALUES ('Keeley52@yahoo.com', 'Goat', 5);
INSERT INTO ft_specializes_in VALUES ('Keeley52@yahoo.com', 'Hamster', 10);

INSERT INTO person VALUES ('Clay.Nader10@gmail.com', 'Forrest Bogisich', '$2b$10$r3BD.leaooE.5vU28EYTuuBixKJ5aeV1AyrKyPHHI0BSkH.eNYs5i', '76260 Okuneva Spur', 90103124, 'user', 'https://s3.amazonaws.com/uifaces/faces/twitter/souuf/128.jpg');
INSERT INTO credit_card VALUES (6767579798768629, 'Clay.Nader10@gmail.com', '2021-04-28T05:15:40.009Z', 494);
INSERT INTO pet VALUES ('Felton', 'Clay.Nader10@gmail.com', 'Lizard', 'Officia cum aut hic assumenda veritatis molestiae nesciunt.', 'Sit quidem eum rerum qui delectus fugiat magnam voluptates odio.');

INSERT INTO person VALUES ('Jace_Daniel@yahoo.com', 'Cecelia Aufderhar', '$2b$10$r3BD.leaooE.5vU28EYTuuBixKJ5aeV1AyrKyPHHI0BSkH.eNYs5i', '949 Bahringer Turnpike', 90559002, 'user', 'https://s3.amazonaws.com/uifaces/faces/twitter/happypeter1983/128.jpg');
INSERT INTO part_time_ct VALUES ('Jace_Daniel@yahoo.com');
INSERT INTO pt_free_schedule VALUES ('Jace_Daniel@yahoo.com', '2020-05-13T16:00:00.000Z', '2021-11-13T16:00:00.000Z');
INSERT INTO pt_specializes_in VALUES ('Jace_Daniel@yahoo.com', 'Gecko', 10);
INSERT INTO pt_specializes_in VALUES ('Jace_Daniel@yahoo.com', 'Mice', 7);
INSERT INTO pt_specializes_in VALUES ('Jace_Daniel@yahoo.com', 'Mule', 18);

INSERT INTO person VALUES ('Tavares_Senger11@hotmail.com', 'Billie Kutch', '$2b$10$r3BD.leaooE.5vU28EYTuuBixKJ5aeV1AyrKyPHHI0BSkH.eNYs5i', '187 Miles Mills', 90234952, 'user', 'https://s3.amazonaws.com/uifaces/faces/twitter/krystalfister/128.jpg');

INSERT INTO person VALUES ('Abelardo_Kozey12@gmail.com', 'Viola Parisian', '$2b$10$r3BD.leaooE.5vU28EYTuuBixKJ5aeV1AyrKyPHHI0BSkH.eNYs5i', '627 Clair Rue', 90934968, 'user', 'https://s3.amazonaws.com/uifaces/faces/twitter/evanshajed/128.jpg');
INSERT INTO part_time_ct VALUES ('Abelardo_Kozey12@gmail.com');
INSERT INTO pt_free_schedule VALUES ('Abelardo_Kozey12@gmail.com', '2020-05-13T16:00:00.000Z', '2021-11-13T16:00:00.000Z');
INSERT INTO pt_specializes_in VALUES ('Abelardo_Kozey12@gmail.com', 'Donkey', 7);
INSERT INTO pt_specializes_in VALUES ('Abelardo_Kozey12@gmail.com', 'Ponie', 7);

INSERT INTO person VALUES ('Steve.Heidenreich@hotmail.com', 'Peter Shanahan', '$2b$10$r3BD.leaooE.5vU28EYTuuBixKJ5aeV1AyrKyPHHI0BSkH.eNYs5i', '1248 Carmela Groves', 90032518, 'user', 'https://s3.amazonaws.com/uifaces/faces/twitter/davidcazalis/128.jpg');
INSERT INTO credit_card VALUES (344632618132428, 'Steve.Heidenreich@hotmail.com', '2023-05-28T07:14:20.816Z', 332);
INSERT INTO pet VALUES ('Margaret', 'Steve.Heidenreich@hotmail.com', 'Fish', 'Quia deserunt non ipsam.', 'Modi consequatur animi distinctio.');

INSERT INTO person VALUES ('Jovanny_Marks25@yahoo.com', 'Anjali Roob', '$2b$10$r3BD.leaooE.5vU28EYTuuBixKJ5aeV1AyrKyPHHI0BSkH.eNYs5i', '23824 Novella Coves', 90028879, 'user', 'https://s3.amazonaws.com/uifaces/faces/twitter/adhamdannaway/128.jpg');
INSERT INTO credit_card VALUES (6501014615599505, 'Jovanny_Marks25@yahoo.com', '2022-02-02T04:16:01.969Z', 756);
INSERT INTO pet VALUES ('Nannie', 'Jovanny_Marks25@yahoo.com', 'Donkey', 'Sequi odit dignissimos.', 'A et est.');

INSERT INTO person VALUES ('Carmine_Ratke@hotmail.com', 'Dewayne Wilderman', '$2b$10$r3BD.leaooE.5vU28EYTuuBixKJ5aeV1AyrKyPHHI0BSkH.eNYs5i', '33921 Antonia Locks', 90496898, 'user', 'https://s3.amazonaws.com/uifaces/faces/twitter/lanceguyatt/128.jpg');

INSERT INTO person VALUES ('Darien.Stroman64@hotmail.com', 'Kris Towne', '$2b$10$r3BD.leaooE.5vU28EYTuuBixKJ5aeV1AyrKyPHHI0BSkH.eNYs5i', '7741 Oleta View', 90059396, 'user', 'https://s3.amazonaws.com/uifaces/faces/twitter/bcrad/128.jpg');
INSERT INTO credit_card VALUES (5587666867960777, 'Darien.Stroman64@hotmail.com', '2022-01-29T14:24:29.325Z', 999);
INSERT INTO pet VALUES ('Oda', 'Darien.Stroman64@hotmail.com', 'Peafowl', 'Occaecati eligendi nihil ipsam aut voluptas tempora.', 'Consequatur est dolorem.');
INSERT INTO pet VALUES ('Keely', 'Darien.Stroman64@hotmail.com', 'Pig', 'Tenetur beatae porro non excepturi non enim ut officiis iusto.', 'Dolore aut repellat rerum.');
INSERT INTO part_time_ct VALUES ('Darien.Stroman64@hotmail.com');
INSERT INTO pt_free_schedule VALUES ('Darien.Stroman64@hotmail.com', '2020-05-13T16:00:00.000Z', '2021-11-13T16:00:00.000Z');
INSERT INTO pt_specializes_in VALUES ('Darien.Stroman64@hotmail.com', 'Hog', 20);
INSERT INTO pt_specializes_in VALUES ('Darien.Stroman64@hotmail.com', 'Pot Bellied Pig', 8);

INSERT INTO person VALUES ('Retha59@gmail.com', 'Camille Huel', '$2b$10$r3BD.leaooE.5vU28EYTuuBixKJ5aeV1AyrKyPHHI0BSkH.eNYs5i', '4351 Anissa Prairie', 90286929, 'user', 'https://s3.amazonaws.com/uifaces/faces/twitter/bigmancho/128.jpg');

INSERT INTO person VALUES ('Leilani.Doyle96@yahoo.com', 'Victoria Rosenbaum', '$2b$10$r3BD.leaooE.5vU28EYTuuBixKJ5aeV1AyrKyPHHI0BSkH.eNYs5i', '66040 Gutmann Rapids', 90705866, 'user', 'https://s3.amazonaws.com/uifaces/faces/twitter/rweve/128.jpg');
INSERT INTO credit_card VALUES (5362648779340636, 'Leilani.Doyle96@yahoo.com', '2022-06-28T04:26:42.068Z', 922);
INSERT INTO pet VALUES ('Maverick', 'Leilani.Doyle96@yahoo.com', 'Gecko', 'Repellat nemo deleniti sapiente quo cupiditate ea.', 'Quo ut temporibus cumque unde.');
INSERT INTO pet VALUES ('Gideon', 'Leilani.Doyle96@yahoo.com', 'Hamster', 'Tempora enim voluptatem cum.', 'Sit officia deserunt dolor amet beatae et.');

INSERT INTO person VALUES ('Yasmin.Greenfelder86@hotmail.com', 'Moriah Dach', '$2b$10$r3BD.leaooE.5vU28EYTuuBixKJ5aeV1AyrKyPHHI0BSkH.eNYs5i', '16311 Bosco Prairie', 90542437, 'user', 'https://s3.amazonaws.com/uifaces/faces/twitter/krystalfister/128.jpg');

INSERT INTO person VALUES ('Jamison.Nitzsche@yahoo.com', 'Lora Goodwin', '$2b$10$r3BD.leaooE.5vU28EYTuuBixKJ5aeV1AyrKyPHHI0BSkH.eNYs5i', '77601 Braden Cliff', 90304207, 'user', 'https://s3.amazonaws.com/uifaces/faces/twitter/aleinadsays/128.jpg');

INSERT INTO person VALUES ('Brett19@hotmail.com', 'Jettie Kozey', '$2b$10$r3BD.leaooE.5vU28EYTuuBixKJ5aeV1AyrKyPHHI0BSkH.eNYs5i', '80482 Treutel Mount', 90823648, 'user', 'https://s3.amazonaws.com/uifaces/faces/twitter/leeiio/128.jpg');
INSERT INTO full_time_ct VALUES ('Brett19@hotmail.com');
INSERT INTO ft_specializes_in VALUES ('Brett19@hotmail.com', 'Ferret', 4);
INSERT INTO ft_specializes_in VALUES ('Brett19@hotmail.com', 'Iguana', 15);
INSERT INTO ft_specializes_in VALUES ('Brett19@hotmail.com', 'Rabbit', 2);

INSERT INTO person VALUES ('Ashlynn.Welch11@gmail.com', 'Shanelle Cassin', '$2b$10$r3BD.leaooE.5vU28EYTuuBixKJ5aeV1AyrKyPHHI0BSkH.eNYs5i', '6448 Ollie Mountain', 90511946, 'user', 'https://s3.amazonaws.com/uifaces/faces/twitter/Silveredge9/128.jpg');
INSERT INTO full_time_ct VALUES ('Ashlynn.Welch11@gmail.com');
INSERT INTO ft_specializes_in VALUES ('Ashlynn.Welch11@gmail.com', 'Donkey', 3);
INSERT INTO ft_specializes_in VALUES ('Ashlynn.Welch11@gmail.com', 'Guinea Fowl', 10);

INSERT INTO person VALUES ('Jaclyn83@yahoo.com', 'Maxwell Hettinger', '$2b$10$r3BD.leaooE.5vU28EYTuuBixKJ5aeV1AyrKyPHHI0BSkH.eNYs5i', '7928 Tremayne Haven', 90051227, 'user', 'https://s3.amazonaws.com/uifaces/faces/twitter/bassamology/128.jpg');
INSERT INTO credit_card VALUES (36114400130394, 'Jaclyn83@yahoo.com', '2023-03-14T07:10:24.251Z', 673);
INSERT INTO pet VALUES ('Rick', 'Jaclyn83@yahoo.com', 'Bearded Dragon', 'Vero necessitatibus mollitia provident harum aut laboriosam temporibus aut.', 'Sed veniam quis consequuntur.');
INSERT INTO pet VALUES ('Fernando', 'Jaclyn83@yahoo.com', 'Fish', 'Iusto minima dicta ea quam et.', 'Illum deserunt qui vel eos magni doloremque veniam dolor.');

INSERT INTO person VALUES ('Jed25@hotmail.com', 'Jonathon Heidenreich', '$2b$10$r3BD.leaooE.5vU28EYTuuBixKJ5aeV1AyrKyPHHI0BSkH.eNYs5i', '6583 Gislason Forge', 90495728, 'user', 'https://s3.amazonaws.com/uifaces/faces/twitter/_victa/128.jpg');
INSERT INTO part_time_ct VALUES ('Jed25@hotmail.com');
INSERT INTO pt_free_schedule VALUES ('Jed25@hotmail.com', '2020-05-13T16:00:00.000Z', '2021-11-13T16:00:00.000Z');
INSERT INTO pt_specializes_in VALUES ('Jed25@hotmail.com', 'Burro', 13);
INSERT INTO pt_specializes_in VALUES ('Jed25@hotmail.com', 'Lizard', 19);
INSERT INTO pt_specializes_in VALUES ('Jed25@hotmail.com', 'Peafowl', 3);

INSERT INTO person VALUES ('Jarvis.Schneider7@hotmail.com', 'Destiney Thompson', '$2b$10$r3BD.leaooE.5vU28EYTuuBixKJ5aeV1AyrKyPHHI0BSkH.eNYs5i', '374 Justine Summit', 90715558, 'user', 'https://s3.amazonaws.com/uifaces/faces/twitter/daniloc/128.jpg');
INSERT INTO credit_card VALUES (4367090931509, 'Jarvis.Schneider7@hotmail.com', '2021-06-12T04:28:45.777Z', 798);
INSERT INTO pet VALUES ('Carter', 'Jarvis.Schneider7@hotmail.com', 'Ponie', 'Ut fugit dignissimos.', 'Ipsam nulla et fugit quis voluptatum.');
INSERT INTO pet VALUES ('Jedediah', 'Jarvis.Schneider7@hotmail.com', 'Hedgehog', 'Asperiores ipsa cupiditate quae quibusdam et omnis officia velit sit.', 'Aliquam qui doloremque officia.');

INSERT INTO person VALUES ('Brendon93@hotmail.com', 'Yvette Koch', '$2b$10$r3BD.leaooE.5vU28EYTuuBixKJ5aeV1AyrKyPHHI0BSkH.eNYs5i', '1498 Kiehn Drives', 90410815, 'user', 'https://s3.amazonaws.com/uifaces/faces/twitter/maximsorokin/128.jpg');
INSERT INTO credit_card VALUES (6771648839484969, 'Brendon93@hotmail.com', '2021-10-17T08:37:02.316Z', 863);
INSERT INTO pet VALUES ('Casimer', 'Brendon93@hotmail.com', 'Duck', 'Et minus sed facere voluptas.', 'Error a dolor vel.');

INSERT INTO person VALUES ('Haylie.Zulauf@yahoo.com', 'Adam Willms', '$2b$10$r3BD.leaooE.5vU28EYTuuBixKJ5aeV1AyrKyPHHI0BSkH.eNYs5i', '535 Dudley Mountain', 90501046, 'user', 'https://s3.amazonaws.com/uifaces/faces/twitter/ionuss/128.jpg');

INSERT INTO person VALUES ('Tierra59@yahoo.com', 'Alexandro Wintheiser', '$2b$10$r3BD.leaooE.5vU28EYTuuBixKJ5aeV1AyrKyPHHI0BSkH.eNYs5i', '26479 Tatum Prairie', 90682257, 'user', 'https://s3.amazonaws.com/uifaces/faces/twitter/yalozhkin/128.jpg');
INSERT INTO part_time_ct VALUES ('Tierra59@yahoo.com');
INSERT INTO pt_free_schedule VALUES ('Tierra59@yahoo.com', '2020-05-13T16:00:00.000Z', '2021-11-13T16:00:00.000Z');
INSERT INTO pt_specializes_in VALUES ('Tierra59@yahoo.com', 'Chinchilla', 14);
INSERT INTO pt_specializes_in VALUES ('Tierra59@yahoo.com', 'Ferret', 0);

INSERT INTO person VALUES ('Georgiana99@gmail.com', 'Sid Marvin', '$2b$10$r3BD.leaooE.5vU28EYTuuBixKJ5aeV1AyrKyPHHI0BSkH.eNYs5i', '1789 Shanahan View', 90865349, 'user', 'https://s3.amazonaws.com/uifaces/faces/twitter/carlosgavina/128.jpg');

INSERT INTO person VALUES ('Kaya.Kassulke@gmail.com', 'Ethyl Cormier', '$2b$10$r3BD.leaooE.5vU28EYTuuBixKJ5aeV1AyrKyPHHI0BSkH.eNYs5i', '39479 Funk Course', 90667931, 'user', 'https://s3.amazonaws.com/uifaces/faces/twitter/prheemo/128.jpg');
INSERT INTO credit_card VALUES (6759214093121683, 'Kaya.Kassulke@gmail.com', '2022-04-17T15:04:29.434Z', 053);
INSERT INTO pet VALUES ('Rylan', 'Kaya.Kassulke@gmail.com', 'Chinchilla', 'Accusantium repellat officiis ut et blanditiis laudantium.', 'Et perspiciatis pariatur consequatur.');
INSERT INTO pet VALUES ('Rosario', 'Kaya.Kassulke@gmail.com', 'Pot Bellied Pig', 'Nisi et et in dolorem tempore.', 'Tempora magnam alias cumque quis doloremque quo quo ipsum dolore.');
INSERT INTO full_time_ct VALUES ('Kaya.Kassulke@gmail.com');
INSERT INTO ft_specializes_in VALUES ('Kaya.Kassulke@gmail.com', 'Pot Bellied Pig', 4);

INSERT INTO person VALUES ('Maurine_Cronin@gmail.com', 'Claud Effertz', '$2b$10$r3BD.leaooE.5vU28EYTuuBixKJ5aeV1AyrKyPHHI0BSkH.eNYs5i', '331 Wilfredo Dale', 90481734, 'user', 'https://s3.amazonaws.com/uifaces/faces/twitter/blakehawksworth/128.jpg');

INSERT INTO person VALUES ('Billy63@yahoo.com', 'Ottis Williamson', '$2b$10$r3BD.leaooE.5vU28EYTuuBixKJ5aeV1AyrKyPHHI0BSkH.eNYs5i', '682 Walter Court', 90764821, 'user', 'https://s3.amazonaws.com/uifaces/faces/twitter/emileboudeling/128.jpg');
INSERT INTO credit_card VALUES (6370600456574518, 'Billy63@yahoo.com', '2020-11-18T13:02:17.985Z', 506);
INSERT INTO pet VALUES ('Tabitha', 'Billy63@yahoo.com', 'Duck', 'Libero reprehenderit dolore natus.', 'Excepturi et laudantium modi repudiandae ad.');
INSERT INTO pet VALUES ('Felicia', 'Billy63@yahoo.com', 'Mule', 'Magni placeat dolorum.', 'Totam sed possimus tempore vel voluptatem.');

INSERT INTO person VALUES ('Cleve.Kunze91@yahoo.com', 'Dangelo Goldner', '$2b$10$r3BD.leaooE.5vU28EYTuuBixKJ5aeV1AyrKyPHHI0BSkH.eNYs5i', '981 Myrl Union', 90487875, 'user', 'https://s3.amazonaws.com/uifaces/faces/twitter/maximsorokin/128.jpg');
INSERT INTO part_time_ct VALUES ('Cleve.Kunze91@yahoo.com');
INSERT INTO pt_free_schedule VALUES ('Cleve.Kunze91@yahoo.com', '2020-05-13T16:00:00.000Z', '2021-11-13T16:00:00.000Z');
INSERT INTO pt_specializes_in VALUES ('Cleve.Kunze91@yahoo.com', 'Hamster', 19);
INSERT INTO pt_specializes_in VALUES ('Cleve.Kunze91@yahoo.com', 'Llama', 7);
INSERT INTO pt_specializes_in VALUES ('Cleve.Kunze91@yahoo.com', 'Hog', 9);

INSERT INTO person VALUES ('Art39@gmail.com', 'Willy Blanda', '$2b$10$r3BD.leaooE.5vU28EYTuuBixKJ5aeV1AyrKyPHHI0BSkH.eNYs5i', '64527 Morissette Plains', 90085496, 'user', 'https://s3.amazonaws.com/uifaces/faces/twitter/robergd/128.jpg');
INSERT INTO part_time_ct VALUES ('Art39@gmail.com');
INSERT INTO pt_free_schedule VALUES ('Art39@gmail.com', '2020-05-13T16:00:00.000Z', '2021-11-13T16:00:00.000Z');
INSERT INTO pt_specializes_in VALUES ('Art39@gmail.com', 'Chicken', 3);
INSERT INTO pt_specializes_in VALUES ('Art39@gmail.com', 'Ferret', 18);
INSERT INTO pt_specializes_in VALUES ('Art39@gmail.com', 'Llama', 16);

INSERT INTO person VALUES ('Queen.Wilderman71@hotmail.com', 'America Cummerata', '$2b$10$r3BD.leaooE.5vU28EYTuuBixKJ5aeV1AyrKyPHHI0BSkH.eNYs5i', '81468 Wava Drive', 90226094, 'user', 'https://s3.amazonaws.com/uifaces/faces/twitter/joemdesign/128.jpg');
INSERT INTO credit_card VALUES (36879290344143, 'Queen.Wilderman71@hotmail.com', '2024-03-09T05:16:36.425Z', 228);
INSERT INTO pet VALUES ('Rickey', 'Queen.Wilderman71@hotmail.com', 'Donkey', 'Qui quia commodi eligendi id consequatur cupiditate.', 'Porro doloremque quo dolorem maxime ea qui rem voluptatem.');
INSERT INTO full_time_ct VALUES ('Queen.Wilderman71@hotmail.com');
INSERT INTO ft_specializes_in VALUES ('Queen.Wilderman71@hotmail.com', 'Chinchilla', 7);

INSERT INTO person VALUES ('Ole85@gmail.com', 'Kiel Moen', '$2b$10$r3BD.leaooE.5vU28EYTuuBixKJ5aeV1AyrKyPHHI0BSkH.eNYs5i', '6054 Rahsaan Ford', 90053906, 'user', 'https://s3.amazonaws.com/uifaces/faces/twitter/malgordon/128.jpg');
INSERT INTO credit_card VALUES (30299398783286, 'Ole85@gmail.com', '2021-04-22T07:07:43.829Z', 376);
INSERT INTO pet VALUES ('Joy', 'Ole85@gmail.com', 'Mice', 'Voluptatem alias quidem reiciendis corporis id eos.', 'Sed ab et officia quis quia.');
INSERT INTO pet VALUES ('Barney', 'Ole85@gmail.com', 'Rabbit', 'Sed aperiam et architecto.', 'Saepe corrupti est.');
INSERT INTO full_time_ct VALUES ('Ole85@gmail.com');
INSERT INTO ft_specializes_in VALUES ('Ole85@gmail.com', 'Hamster', 16);

INSERT INTO person VALUES ('Rahsaan88@yahoo.com', 'Sebastian Bode', '$2b$10$r3BD.leaooE.5vU28EYTuuBixKJ5aeV1AyrKyPHHI0BSkH.eNYs5i', '5107 Veum Passage', 90294477, 'user', 'https://s3.amazonaws.com/uifaces/faces/twitter/colgruv/128.jpg');
INSERT INTO credit_card VALUES (6011629515490978, 'Rahsaan88@yahoo.com', '2021-07-07T16:57:22.667Z', 707);
INSERT INTO pet VALUES ('Hubert', 'Rahsaan88@yahoo.com', 'Mice', 'Ea aut quas quidem hic modi incidunt error tempore repudiandae.', 'Consequatur aut cumque facilis voluptatum.');
INSERT INTO pet VALUES ('Martin', 'Rahsaan88@yahoo.com', 'Hog', 'Debitis mollitia perspiciatis architecto reprehenderit.', 'Libero occaecati sit ipsam ut.');

INSERT INTO person VALUES ('Katarina41@gmail.com', 'Brennon Kessler', '$2b$10$r3BD.leaooE.5vU28EYTuuBixKJ5aeV1AyrKyPHHI0BSkH.eNYs5i', '0929 Ward Bypass', 90777924, 'user', 'https://s3.amazonaws.com/uifaces/faces/twitter/timpetricola/128.jpg');
INSERT INTO credit_card VALUES (5351812293512717, 'Katarina41@gmail.com', '2021-02-06T15:09:13.537Z', 694);
INSERT INTO pet VALUES ('Karolann', 'Katarina41@gmail.com', 'Duck', 'Provident ipsa dolor ullam aut sint magni blanditiis nihil non.', 'Beatae eveniet tempore laudantium cum sunt et consequatur ex sunt.');
INSERT INTO pet VALUES ('Golden', 'Katarina41@gmail.com', 'Chicken', 'Et quibusdam quos.', 'Ut quod sunt aut saepe dicta qui praesentium quos maxime.');
INSERT INTO full_time_ct VALUES ('Katarina41@gmail.com');
INSERT INTO ft_specializes_in VALUES ('Katarina41@gmail.com', 'Chameleons (Veiled)', 9);
INSERT INTO ft_specializes_in VALUES ('Katarina41@gmail.com', 'Mule', 11);

INSERT INTO person VALUES ('Sheila.Towne49@yahoo.com', 'Katlyn Mueller', '$2b$10$r3BD.leaooE.5vU28EYTuuBixKJ5aeV1AyrKyPHHI0BSkH.eNYs5i', '0547 Sibyl Ridges', 90816933, 'user', 'https://s3.amazonaws.com/uifaces/faces/twitter/dhrubo/128.jpg');
INSERT INTO part_time_ct VALUES ('Sheila.Towne49@yahoo.com');
INSERT INTO pt_free_schedule VALUES ('Sheila.Towne49@yahoo.com', '2020-05-13T16:00:00.000Z', '2021-11-13T16:00:00.000Z');
INSERT INTO pt_specializes_in VALUES ('Sheila.Towne49@yahoo.com', 'Burro', 0);
INSERT INTO pt_specializes_in VALUES ('Sheila.Towne49@yahoo.com', 'Ponie', 2);

INSERT INTO person VALUES ('Stefanie81@gmail.com', 'Lavon Stoltenberg', '$2b$10$r3BD.leaooE.5vU28EYTuuBixKJ5aeV1AyrKyPHHI0BSkH.eNYs5i', '17654 Walter Garden', 90452299, 'user', 'https://s3.amazonaws.com/uifaces/faces/twitter/carlfairclough/128.jpg');

INSERT INTO person VALUES ('Carson56@gmail.com', 'Willard Franecki', '$2b$10$r3BD.leaooE.5vU28EYTuuBixKJ5aeV1AyrKyPHHI0BSkH.eNYs5i', '8814 Moses Hill', 90199881, 'user', 'https://s3.amazonaws.com/uifaces/faces/twitter/stalewine/128.jpg');
INSERT INTO part_time_ct VALUES ('Carson56@gmail.com');
INSERT INTO pt_free_schedule VALUES ('Carson56@gmail.com', '2020-05-13T16:00:00.000Z', '2021-11-13T16:00:00.000Z');
INSERT INTO pt_specializes_in VALUES ('Carson56@gmail.com', 'Fish', 12);

INSERT INTO person VALUES ('Brycen83@yahoo.com', 'Laverne Haag', '$2b$10$r3BD.leaooE.5vU28EYTuuBixKJ5aeV1AyrKyPHHI0BSkH.eNYs5i', '945 Lynch Hollow', 90308268, 'user', 'https://s3.amazonaws.com/uifaces/faces/twitter/okcoker/128.jpg');

INSERT INTO person VALUES ('Francisco_Ankunding12@yahoo.com', 'Lonie Zemlak', '$2b$10$r3BD.leaooE.5vU28EYTuuBixKJ5aeV1AyrKyPHHI0BSkH.eNYs5i', '59587 Ima Plain', 90570720, 'user', 'https://s3.amazonaws.com/uifaces/faces/twitter/aviddayentonbay/128.jpg');

INSERT INTO person VALUES ('Uriah10@hotmail.com', 'Gladyce Littel', '$2b$10$r3BD.leaooE.5vU28EYTuuBixKJ5aeV1AyrKyPHHI0BSkH.eNYs5i', '7390 Willms Stravenue', 90050265, 'user', 'https://s3.amazonaws.com/uifaces/faces/twitter/ultragex/128.jpg');

INSERT INTO person VALUES ('Isaiah48@hotmail.com', 'Buster Schowalter', '$2b$10$r3BD.leaooE.5vU28EYTuuBixKJ5aeV1AyrKyPHHI0BSkH.eNYs5i', '9045 Halvorson Turnpike', 90223704, 'user', 'https://s3.amazonaws.com/uifaces/faces/twitter/looneydoodle/128.jpg');
INSERT INTO credit_card VALUES (349361747492312, 'Isaiah48@hotmail.com', '2021-03-13T05:54:42.349Z', 227);
INSERT INTO pet VALUES ('Constance', 'Isaiah48@hotmail.com', 'Geese (Chinese Swan Goose)', 'Qui aut ea consequatur odio accusantium molestias quia consequatur hic.', 'Cupiditate aut cumque et quidem.');

INSERT INTO person VALUES ('Isai_Crooks@gmail.com', 'Allen Nikolaus', '$2b$10$r3BD.leaooE.5vU28EYTuuBixKJ5aeV1AyrKyPHHI0BSkH.eNYs5i', '75087 Gutkowski Run', 90791693, 'user', 'https://s3.amazonaws.com/uifaces/faces/twitter/plbabin/128.jpg');
INSERT INTO part_time_ct VALUES ('Isai_Crooks@gmail.com');
INSERT INTO pt_free_schedule VALUES ('Isai_Crooks@gmail.com', '2020-05-13T16:00:00.000Z', '2021-11-13T16:00:00.000Z');
INSERT INTO pt_specializes_in VALUES ('Isai_Crooks@gmail.com', 'Gecko', 13);
INSERT INTO pt_specializes_in VALUES ('Isai_Crooks@gmail.com', 'Pig', 19);

INSERT INTO person VALUES ('Liana7@hotmail.com', 'Estel Wyman', '$2b$10$r3BD.leaooE.5vU28EYTuuBixKJ5aeV1AyrKyPHHI0BSkH.eNYs5i', '230 Cheyenne Parks', 90719032, 'user', 'https://s3.amazonaws.com/uifaces/faces/twitter/robergd/128.jpg');

INSERT INTO person VALUES ('Faye_Hessel84@hotmail.com', 'Jarred Crona', '$2b$10$r3BD.leaooE.5vU28EYTuuBixKJ5aeV1AyrKyPHHI0BSkH.eNYs5i', '6669 Jacklyn Valleys', 90066364, 'user', 'https://s3.amazonaws.com/uifaces/faces/twitter/sircalebgrove/128.jpg');

INSERT INTO person VALUES ('Ron25@gmail.com', 'Frederik Wintheiser', '$2b$10$r3BD.leaooE.5vU28EYTuuBixKJ5aeV1AyrKyPHHI0BSkH.eNYs5i', '919 Cartwright Shoal', 90936453, 'user', 'https://s3.amazonaws.com/uifaces/faces/twitter/jwalter14/128.jpg');

INSERT INTO person VALUES ('Gilbert.McGlynn@hotmail.com', 'Shad Schaefer', '$2b$10$r3BD.leaooE.5vU28EYTuuBixKJ5aeV1AyrKyPHHI0BSkH.eNYs5i', '24019 Camren Expressway', 90665717, 'user', 'https://s3.amazonaws.com/uifaces/faces/twitter/a_brixen/128.jpg');
INSERT INTO part_time_ct VALUES ('Gilbert.McGlynn@hotmail.com');
INSERT INTO pt_free_schedule VALUES ('Gilbert.McGlynn@hotmail.com', '2020-05-13T16:00:00.000Z', '2021-11-13T16:00:00.000Z');
INSERT INTO pt_specializes_in VALUES ('Gilbert.McGlynn@hotmail.com', 'Donkey', 6);

INSERT INTO person VALUES ('April21@hotmail.com', 'America Hermann', '$2b$10$r3BD.leaooE.5vU28EYTuuBixKJ5aeV1AyrKyPHHI0BSkH.eNYs5i', '997 Crist Hill', 90492106, 'user', 'https://s3.amazonaws.com/uifaces/faces/twitter/dotgridline/128.jpg');
INSERT INTO credit_card VALUES (5018065848534283, 'April21@hotmail.com', '2021-08-30T12:03:04.244Z', 173);
INSERT INTO pet VALUES ('Zelma', 'April21@hotmail.com', 'Geese (Chinese Swan Goose)', 'Nihil non ipsa omnis sit exercitationem.', 'Qui sit ea qui.');
INSERT INTO pet VALUES ('Vernie', 'April21@hotmail.com', 'Burro', 'Omnis cum nisi quisquam reiciendis temporibus excepturi sunt sit asperiores.', 'Non assumenda beatae fugit nulla voluptatibus corrupti vel.');
INSERT INTO part_time_ct VALUES ('April21@hotmail.com');
INSERT INTO pt_free_schedule VALUES ('April21@hotmail.com', '2020-05-13T16:00:00.000Z', '2021-11-13T16:00:00.000Z');
INSERT INTO pt_specializes_in VALUES ('April21@hotmail.com', 'Goat', 1);

INSERT INTO person VALUES ('Hipolito_Schamberger@gmail.com', 'Amina Cruickshank', '$2b$10$r3BD.leaooE.5vU28EYTuuBixKJ5aeV1AyrKyPHHI0BSkH.eNYs5i', '53021 Dario Drives', 90704903, 'user', 'https://s3.amazonaws.com/uifaces/faces/twitter/aroon_sharma/128.jpg');
INSERT INTO part_time_ct VALUES ('Hipolito_Schamberger@gmail.com');
INSERT INTO pt_free_schedule VALUES ('Hipolito_Schamberger@gmail.com', '2020-05-13T16:00:00.000Z', '2021-11-13T16:00:00.000Z');
INSERT INTO pt_specializes_in VALUES ('Hipolito_Schamberger@gmail.com', 'Chameleons (Veiled)', 15);
INSERT INTO pt_specializes_in VALUES ('Hipolito_Schamberger@gmail.com', 'Iguana', 11);

INSERT INTO person VALUES ('Riley.Bernhard@hotmail.com', 'Sebastian Douglas', '$2b$10$r3BD.leaooE.5vU28EYTuuBixKJ5aeV1AyrKyPHHI0BSkH.eNYs5i', '46705 Kimberly Island', 90330611, 'user', 'https://s3.amazonaws.com/uifaces/faces/twitter/sircalebgrove/128.jpg');
INSERT INTO credit_card VALUES (6771897232372105, 'Riley.Bernhard@hotmail.com', '2021-04-23T12:12:42.048Z', 342);
INSERT INTO pet VALUES ('Jayne', 'Riley.Bernhard@hotmail.com', 'Bearded Dragon', 'At dolores rem in atque vel reiciendis minima.', 'Sit non officia ipsa nesciunt eos.');
INSERT INTO pet VALUES ('Tracey', 'Riley.Bernhard@hotmail.com', 'Gerbil', 'Nihil eaque aliquam est.', 'Repellat totam omnis.');

INSERT INTO person VALUES ('Katarina_Kessler48@gmail.com', 'Hulda Baumbach', '$2b$10$r3BD.leaooE.5vU28EYTuuBixKJ5aeV1AyrKyPHHI0BSkH.eNYs5i', '19578 Wolff Highway', 90829155, 'user', 'https://s3.amazonaws.com/uifaces/faces/twitter/saschamt/128.jpg');
INSERT INTO full_time_ct VALUES ('Katarina_Kessler48@gmail.com');
INSERT INTO ft_specializes_in VALUES ('Katarina_Kessler48@gmail.com', 'Bearded Dragon', 20);

INSERT INTO person VALUES ('Winfield_Gislason@hotmail.com', 'Isabelle Cremin', '$2b$10$r3BD.leaooE.5vU28EYTuuBixKJ5aeV1AyrKyPHHI0BSkH.eNYs5i', '33745 Beulah Ford', 90390122, 'user', 'https://s3.amazonaws.com/uifaces/faces/twitter/m_kalibry/128.jpg');
INSERT INTO part_time_ct VALUES ('Winfield_Gislason@hotmail.com');
INSERT INTO pt_free_schedule VALUES ('Winfield_Gislason@hotmail.com', '2020-05-13T16:00:00.000Z', '2021-11-13T16:00:00.000Z');
INSERT INTO pt_specializes_in VALUES ('Winfield_Gislason@hotmail.com', 'Bird', 2);
INSERT INTO pt_specializes_in VALUES ('Winfield_Gislason@hotmail.com', 'Duck', 11);
INSERT INTO pt_specializes_in VALUES ('Winfield_Gislason@hotmail.com', 'Pigeon', 5);

INSERT INTO person VALUES ('Chadd_Carter25@hotmail.com', 'Jermey Doyle', '$2b$10$r3BD.leaooE.5vU28EYTuuBixKJ5aeV1AyrKyPHHI0BSkH.eNYs5i', '8714 Mosciski Ports', 90020750, 'user', 'https://s3.amazonaws.com/uifaces/faces/twitter/mkginfo/128.jpg');
INSERT INTO credit_card VALUES (4780362874805, 'Chadd_Carter25@hotmail.com', '2023-05-21T15:34:04.588Z', 349);
INSERT INTO pet VALUES ('Hassan', 'Chadd_Carter25@hotmail.com', 'Ponie', 'Nihil perspiciatis est dicta qui ab.', 'Quod omnis ut ratione assumenda eos repellendus.');
INSERT INTO pet VALUES ('Lesly', 'Chadd_Carter25@hotmail.com', 'Hog', 'Aut esse ea soluta adipisci amet voluptatem ex quidem.', 'Dolores quo itaque fugiat consequuntur.');

INSERT INTO person VALUES ('Isadore_Grady49@yahoo.com', 'Orlo Jaskolski', '$2b$10$r3BD.leaooE.5vU28EYTuuBixKJ5aeV1AyrKyPHHI0BSkH.eNYs5i', '803 Elian Land', 90836500, 'user', 'https://s3.amazonaws.com/uifaces/faces/twitter/sircalebgrove/128.jpg');
INSERT INTO full_time_ct VALUES ('Isadore_Grady49@yahoo.com');
INSERT INTO ft_specializes_in VALUES ('Isadore_Grady49@yahoo.com', 'Goat', 0);
INSERT INTO ft_specializes_in VALUES ('Isadore_Grady49@yahoo.com', 'Llama', 16);
INSERT INTO ft_specializes_in VALUES ('Isadore_Grady49@yahoo.com', 'Rabbit', 4);

INSERT INTO person VALUES ('Abbey65@yahoo.com', 'Dovie Flatley', '$2b$10$r3BD.leaooE.5vU28EYTuuBixKJ5aeV1AyrKyPHHI0BSkH.eNYs5i', '90208 Hoeger Stream', 90360139, 'user', 'https://s3.amazonaws.com/uifaces/faces/twitter/shvelo96/128.jpg');

INSERT INTO person VALUES ('Amya34@gmail.com', 'Joanny Shanahan', '$2b$10$r3BD.leaooE.5vU28EYTuuBixKJ5aeV1AyrKyPHHI0BSkH.eNYs5i', '5718 Dooley Gardens', 90760438, 'user', 'https://s3.amazonaws.com/uifaces/faces/twitter/sawalazar/128.jpg');
INSERT INTO part_time_ct VALUES ('Amya34@gmail.com');
INSERT INTO pt_free_schedule VALUES ('Amya34@gmail.com', '2020-05-13T16:00:00.000Z', '2021-11-13T16:00:00.000Z');
INSERT INTO pt_specializes_in VALUES ('Amya34@gmail.com', 'Lizard', 12);

INSERT INTO person VALUES ('Reina.Price@gmail.com', 'Moses Gleason', '$2b$10$r3BD.leaooE.5vU28EYTuuBixKJ5aeV1AyrKyPHHI0BSkH.eNYs5i', '702 Luettgen Keys', 90595078, 'user', 'https://s3.amazonaws.com/uifaces/faces/twitter/twittypork/128.jpg');

INSERT INTO person VALUES ('Ressie7@hotmail.com', 'Sydni Hoeger', '$2b$10$r3BD.leaooE.5vU28EYTuuBixKJ5aeV1AyrKyPHHI0BSkH.eNYs5i', '5085 Schumm Parkway', 90809311, 'user', 'https://s3.amazonaws.com/uifaces/faces/twitter/unterdreht/128.jpg');
INSERT INTO credit_card VALUES (6762260440379098, 'Ressie7@hotmail.com', '2021-01-09T17:46:56.949Z', 668);
INSERT INTO pet VALUES ('Anika', 'Ressie7@hotmail.com', 'Mule', 'Est odio ut quibusdam aliquam.', 'Voluptatum eos voluptatem.');
INSERT INTO pet VALUES ('Elroy', 'Ressie7@hotmail.com', 'Pig', 'Id architecto aut.', 'Dicta quibusdam nam et vel sed.');
INSERT INTO full_time_ct VALUES ('Ressie7@hotmail.com');
INSERT INTO ft_specializes_in VALUES ('Ressie7@hotmail.com', 'Fish', 5);
INSERT INTO ft_specializes_in VALUES ('Ressie7@hotmail.com', 'Geese (Chinese Swan Goose)', 17);
INSERT INTO ft_specializes_in VALUES ('Ressie7@hotmail.com', 'Ponie', 20);

INSERT INTO person VALUES ('Devon25@hotmail.com', 'Enola Feeney', '$2b$10$r3BD.leaooE.5vU28EYTuuBixKJ5aeV1AyrKyPHHI0BSkH.eNYs5i', '91778 Marvin Ports', 90937504, 'user', 'https://s3.amazonaws.com/uifaces/faces/twitter/keyuri85/128.jpg');
INSERT INTO part_time_ct VALUES ('Devon25@hotmail.com');
INSERT INTO pt_free_schedule VALUES ('Devon25@hotmail.com', '2020-05-13T16:00:00.000Z', '2021-11-13T16:00:00.000Z');
INSERT INTO pt_specializes_in VALUES ('Devon25@hotmail.com', 'Chicken', 19);
INSERT INTO pt_specializes_in VALUES ('Devon25@hotmail.com', 'Iguana', 8);
INSERT INTO pt_specializes_in VALUES ('Devon25@hotmail.com', 'Pigeon', 16);

INSERT INTO person VALUES ('Westley_Johnston@hotmail.com', 'Jerel Farrell', '$2b$10$r3BD.leaooE.5vU28EYTuuBixKJ5aeV1AyrKyPHHI0BSkH.eNYs5i', '5458 Anderson Ways', 90419228, 'user', 'https://s3.amazonaws.com/uifaces/faces/twitter/coderdiaz/128.jpg');
INSERT INTO credit_card VALUES (6547727537240557, 'Westley_Johnston@hotmail.com', '2021-04-20T12:53:20.084Z', 107);
INSERT INTO pet VALUES ('Giovanny', 'Westley_Johnston@hotmail.com', 'Burro', 'Soluta quia rerum quae ipsa mollitia est doloremque maiores nihil.', 'Beatae nesciunt sunt magnam sit voluptates consequatur.');

INSERT INTO person VALUES ('Mallie_Schulist@hotmail.com', 'Clark Grimes', '$2b$10$r3BD.leaooE.5vU28EYTuuBixKJ5aeV1AyrKyPHHI0BSkH.eNYs5i', '536 Janet Streets', 90919287, 'user', 'https://s3.amazonaws.com/uifaces/faces/twitter/adellecharles/128.jpg');
INSERT INTO credit_card VALUES (6767727925782108, 'Mallie_Schulist@hotmail.com', '2020-12-05T19:55:20.004Z', 840);
INSERT INTO pet VALUES ('Cooper', 'Mallie_Schulist@hotmail.com', 'Geese (Chinese Swan Goose)', 'Non consectetur facilis repellat aut totam nihil.', 'Repellat quisquam sint ducimus aliquid.');

INSERT INTO person VALUES ('Chauncey96@hotmail.com', 'Taylor Nikolaus', '$2b$10$r3BD.leaooE.5vU28EYTuuBixKJ5aeV1AyrKyPHHI0BSkH.eNYs5i', '9006 Amira Summit', 90343083, 'user', 'https://s3.amazonaws.com/uifaces/faces/twitter/sachingawas/128.jpg');
INSERT INTO credit_card VALUES (6580410170602843, 'Chauncey96@hotmail.com', '2021-01-21T15:35:00.299Z', 419);
INSERT INTO pet VALUES ('Meghan', 'Chauncey96@hotmail.com', 'Lizard', 'Voluptatem soluta sequi eos voluptatem tenetur sapiente sint itaque aut.', 'Incidunt cumque occaecati nisi velit quibusdam.');
INSERT INTO pet VALUES ('Lucile', 'Chauncey96@hotmail.com', 'Donkey', 'Sapiente qui deserunt.', 'Nihil et vel quas et asperiores aspernatur mollitia architecto.');
INSERT INTO full_time_ct VALUES ('Chauncey96@hotmail.com');
INSERT INTO ft_specializes_in VALUES ('Chauncey96@hotmail.com', 'Goat', 6);
INSERT INTO ft_specializes_in VALUES ('Chauncey96@hotmail.com', 'Peafowl', 1);
INSERT INTO ft_specializes_in VALUES ('Chauncey96@hotmail.com', 'Pot Bellied Pig', 18);

INSERT INTO person VALUES ('Carolanne47@yahoo.com', 'Eugenia Hane', '$2b$10$r3BD.leaooE.5vU28EYTuuBixKJ5aeV1AyrKyPHHI0BSkH.eNYs5i', '87872 Samir Isle', 90702519, 'user', 'https://s3.amazonaws.com/uifaces/faces/twitter/ankitind/128.jpg');
INSERT INTO credit_card VALUES (6767838140165212, 'Carolanne47@yahoo.com', '2021-03-09T07:19:09.643Z', 368);
INSERT INTO pet VALUES ('Willard', 'Carolanne47@yahoo.com', 'Mice', 'Repudiandae aspernatur qui.', 'Occaecati quos nesciunt repudiandae architecto quia.');
INSERT INTO pet VALUES ('Ronny', 'Carolanne47@yahoo.com', 'Cow', 'Officia recusandae minima.', 'Et sint et incidunt illum deserunt et quibusdam nemo placeat.');
INSERT INTO full_time_ct VALUES ('Carolanne47@yahoo.com');
INSERT INTO ft_specializes_in VALUES ('Carolanne47@yahoo.com', 'Guinea Fowl', 8);
INSERT INTO ft_specializes_in VALUES ('Carolanne47@yahoo.com', 'Pigeon', 10);

INSERT INTO person VALUES ('Cruz25@hotmail.com', 'Bobbie Krajcik', '$2b$10$r3BD.leaooE.5vU28EYTuuBixKJ5aeV1AyrKyPHHI0BSkH.eNYs5i', '835 Daugherty Stream', 90300990, 'user', 'https://s3.amazonaws.com/uifaces/faces/twitter/nickfratter/128.jpg');

INSERT INTO person VALUES ('Cleta.Kiehn41@gmail.com', 'Francesco Ruecker', '$2b$10$r3BD.leaooE.5vU28EYTuuBixKJ5aeV1AyrKyPHHI0BSkH.eNYs5i', '3639 Harber Spur', 90724736, 'user', 'https://s3.amazonaws.com/uifaces/faces/twitter/marcobarbosa/128.jpg');
INSERT INTO part_time_ct VALUES ('Cleta.Kiehn41@gmail.com');
INSERT INTO pt_free_schedule VALUES ('Cleta.Kiehn41@gmail.com', '2020-05-13T16:00:00.000Z', '2021-11-13T16:00:00.000Z');
INSERT INTO pt_specializes_in VALUES ('Cleta.Kiehn41@gmail.com', 'Geese (Chinese Swan Goose)', 18);

INSERT INTO person VALUES ('Clare_Senger@yahoo.com', 'Ivah Gislason', '$2b$10$r3BD.leaooE.5vU28EYTuuBixKJ5aeV1AyrKyPHHI0BSkH.eNYs5i', '63572 Kallie Falls', 90175326, 'user', 'https://s3.amazonaws.com/uifaces/faces/twitter/salimianoff/128.jpg');
INSERT INTO credit_card VALUES (6385064130258942, 'Clare_Senger@yahoo.com', '2021-07-29T11:54:43.343Z', 103);
INSERT INTO pet VALUES ('Jeremie', 'Clare_Senger@yahoo.com', 'Guinea Fowl', 'At nisi eaque dicta.', 'Adipisci recusandae ratione consectetur mollitia.');
INSERT INTO pet VALUES ('Aaliyah', 'Clare_Senger@yahoo.com', 'Guinea Pig', 'Et harum officia earum.', 'Illo ut quas aut error optio sed ut.');
INSERT INTO part_time_ct VALUES ('Clare_Senger@yahoo.com');
INSERT INTO pt_free_schedule VALUES ('Clare_Senger@yahoo.com', '2020-05-13T16:00:00.000Z', '2021-11-13T16:00:00.000Z');
INSERT INTO pt_specializes_in VALUES ('Clare_Senger@yahoo.com', 'Bird', 8);
INSERT INTO pt_specializes_in VALUES ('Clare_Senger@yahoo.com', 'Gecko', 19);

INSERT INTO person VALUES ('Kayleigh_Dickinson92@hotmail.com', 'Pete Heaney', '$2b$10$r3BD.leaooE.5vU28EYTuuBixKJ5aeV1AyrKyPHHI0BSkH.eNYs5i', '274 Evangeline Tunnel', 90894864, 'user', 'https://s3.amazonaws.com/uifaces/faces/twitter/jayrobinson/128.jpg');
INSERT INTO credit_card VALUES (6390267768077202, 'Kayleigh_Dickinson92@hotmail.com', '2021-12-08T00:26:16.292Z', 179);
INSERT INTO pet VALUES ('Lester', 'Kayleigh_Dickinson92@hotmail.com', 'Chicken', 'Voluptas recusandae et adipisci deserunt quis tenetur et quae.', 'Sed quis id animi.');
INSERT INTO pet VALUES ('Raquel', 'Kayleigh_Dickinson92@hotmail.com', 'Fish', 'Sunt qui totam odio quod nostrum assumenda rerum.', 'Accusamus hic vel sed quisquam alias.');

INSERT INTO person VALUES ('Hadley_Brakus81@gmail.com', 'Rigoberto West', '$2b$10$r3BD.leaooE.5vU28EYTuuBixKJ5aeV1AyrKyPHHI0BSkH.eNYs5i', '7384 Wilkinson Squares', 90850074, 'user', 'https://s3.amazonaws.com/uifaces/faces/twitter/gregsqueeb/128.jpg');
INSERT INTO credit_card VALUES (6528628375183354, 'Hadley_Brakus81@gmail.com', '2021-03-05T15:26:00.309Z', 532);
INSERT INTO pet VALUES ('Coy', 'Hadley_Brakus81@gmail.com', 'Mule', 'Sit nostrum aliquid facere quas.', 'Voluptas qui vero.');
INSERT INTO pet VALUES ('Christian', 'Hadley_Brakus81@gmail.com', 'Duck', 'Consectetur voluptatem perspiciatis.', 'Ut in fuga labore fuga ut.');

INSERT INTO person VALUES ('Chandler.Kilback77@yahoo.com', 'Corrine Sanford', '$2b$10$r3BD.leaooE.5vU28EYTuuBixKJ5aeV1AyrKyPHHI0BSkH.eNYs5i', '579 Emmie Manor', 90165354, 'user', 'https://s3.amazonaws.com/uifaces/faces/twitter/runningskull/128.jpg');

INSERT INTO person VALUES ('Glen0@gmail.com', 'Schuyler Volkman', '$2b$10$r3BD.leaooE.5vU28EYTuuBixKJ5aeV1AyrKyPHHI0BSkH.eNYs5i', '0359 Boehm Light', 90149768, 'user', 'https://s3.amazonaws.com/uifaces/faces/twitter/karsh/128.jpg');

INSERT INTO person VALUES ('Mauricio58@gmail.com', 'Emory Kuhn', '$2b$10$r3BD.leaooE.5vU28EYTuuBixKJ5aeV1AyrKyPHHI0BSkH.eNYs5i', '4584 Elisha Brooks', 90241134, 'user', 'https://s3.amazonaws.com/uifaces/faces/twitter/surgeonist/128.jpg');
INSERT INTO credit_card VALUES (36161475542322, 'Mauricio58@gmail.com', '2021-12-11T04:22:16.944Z', 979);
INSERT INTO pet VALUES ('Elian', 'Mauricio58@gmail.com', 'Chinchilla', 'Repellendus qui impedit autem voluptatem.', 'Assumenda laborum ut alias nobis nam.');
INSERT INTO pet VALUES ('Emilia', 'Mauricio58@gmail.com', 'Hog', 'Et molestiae nam incidunt aliquam perspiciatis est id vel consequatur.', 'Consequuntur consequatur nostrum ut et velit dolorem at et.');

INSERT INTO person VALUES ('Marion.Torp74@yahoo.com', 'Gavin Shanahan', '$2b$10$r3BD.leaooE.5vU28EYTuuBixKJ5aeV1AyrKyPHHI0BSkH.eNYs5i', '26658 Parker Roads', 90298930, 'user', 'https://s3.amazonaws.com/uifaces/faces/twitter/dcalonaci/128.jpg');
INSERT INTO credit_card VALUES (3528062737913441, 'Marion.Torp74@yahoo.com', '2021-12-14T16:28:37.268Z', 237);
INSERT INTO pet VALUES ('Rodolfo', 'Marion.Torp74@yahoo.com', 'Chameleons (Veiled)', 'Dolore similique aut repellat alias sed.', 'Nulla qui odit optio.');
INSERT INTO pet VALUES ('Victoria', 'Marion.Torp74@yahoo.com', 'Hog', 'Culpa sunt consequuntur in sint officiis odio repudiandae dolores.', 'Quas reiciendis rerum unde explicabo eligendi quia qui.');
INSERT INTO full_time_ct VALUES ('Marion.Torp74@yahoo.com');
INSERT INTO ft_specializes_in VALUES ('Marion.Torp74@yahoo.com', 'Fish', 0);
INSERT INTO ft_specializes_in VALUES ('Marion.Torp74@yahoo.com', 'Guinea Pig', 5);
INSERT INTO ft_specializes_in VALUES ('Marion.Torp74@yahoo.com', 'Pig', 4);

INSERT INTO person VALUES ('Creola_Marks1@hotmail.com', 'Coby Blanda', '$2b$10$r3BD.leaooE.5vU28EYTuuBixKJ5aeV1AyrKyPHHI0BSkH.eNYs5i', '720 Olga Rest', 90192425, 'user', 'https://s3.amazonaws.com/uifaces/faces/twitter/nbirckel/128.jpg');
INSERT INTO credit_card VALUES (5515419383077400, 'Creola_Marks1@hotmail.com', '2022-04-06T20:35:17.887Z', 608);
INSERT INTO pet VALUES ('Darius', 'Creola_Marks1@hotmail.com', 'Guinea Fowl', 'Est et beatae dignissimos iusto rem eveniet esse id reiciendis.', 'Perspiciatis dolor consequatur modi suscipit et vel.');
INSERT INTO pet VALUES ('Isom', 'Creola_Marks1@hotmail.com', 'Chinese Water Dragon', 'Vero ut beatae vel consectetur sit harum tenetur odit quaerat.', 'Maiores doloremque quae eos excepturi culpa ea autem ut omnis.');

INSERT INTO person VALUES ('Petra50@yahoo.com', 'Uriel Metz', '$2b$10$r3BD.leaooE.5vU28EYTuuBixKJ5aeV1AyrKyPHHI0BSkH.eNYs5i', '64051 Maurice Fords', 90094903, 'user', 'https://s3.amazonaws.com/uifaces/faces/twitter/low_res/128.jpg');

INSERT INTO person VALUES ('Britney_Dooley@hotmail.com', 'Camille Gottlieb', '$2b$10$r3BD.leaooE.5vU28EYTuuBixKJ5aeV1AyrKyPHHI0BSkH.eNYs5i', '59233 Amelia Lights', 90252391, 'user', 'https://s3.amazonaws.com/uifaces/faces/twitter/moynihan/128.jpg');
INSERT INTO credit_card VALUES (6767150054399106, 'Britney_Dooley@hotmail.com', '2022-07-06T03:07:55.903Z', 066);
INSERT INTO pet VALUES ('Orlo', 'Britney_Dooley@hotmail.com', 'Horse', 'Repellat aspernatur repellat voluptatem.', 'Perferendis corporis eum id quas.');
INSERT INTO pet VALUES ('Rosemary', 'Britney_Dooley@hotmail.com', 'Mule', 'Voluptatem quas autem iste tempore optio incidunt velit.', 'Non eos nemo distinctio dolores corrupti neque nam.');
INSERT INTO full_time_ct VALUES ('Britney_Dooley@hotmail.com');
INSERT INTO ft_specializes_in VALUES ('Britney_Dooley@hotmail.com', 'Mule', 5);

INSERT INTO person VALUES ('Nathaniel_Stiedemann@gmail.com', 'Amaya Leffler', '$2b$10$r3BD.leaooE.5vU28EYTuuBixKJ5aeV1AyrKyPHHI0BSkH.eNYs5i', '23372 Ferne Neck', 90484687, 'user', 'https://s3.amazonaws.com/uifaces/faces/twitter/vitorleal/128.jpg');
INSERT INTO credit_card VALUES (344988160973551, 'Nathaniel_Stiedemann@gmail.com', '2020-11-15T14:42:32.029Z', 568);
INSERT INTO pet VALUES ('Duane', 'Nathaniel_Stiedemann@gmail.com', 'Horse', 'Voluptatem sint reiciendis.', 'Minus fuga excepturi voluptatem repudiandae dicta delectus.');
INSERT INTO pet VALUES ('Quentin', 'Nathaniel_Stiedemann@gmail.com', 'Guinea Pig', 'Sed harum labore quia est voluptate ipsum ipsa quia repellendus.', 'Ratione et quae eius autem.');
INSERT INTO part_time_ct VALUES ('Nathaniel_Stiedemann@gmail.com');
INSERT INTO pt_free_schedule VALUES ('Nathaniel_Stiedemann@gmail.com', '2020-05-13T16:00:00.000Z', '2021-11-13T16:00:00.000Z');
INSERT INTO pt_specializes_in VALUES ('Nathaniel_Stiedemann@gmail.com', 'Chinese Water Dragon', 6);
INSERT INTO pt_specializes_in VALUES ('Nathaniel_Stiedemann@gmail.com', 'Hedgehog', 2);
INSERT INTO pt_specializes_in VALUES ('Nathaniel_Stiedemann@gmail.com', 'Hog', 2);

INSERT INTO person VALUES ('Lawrence16@yahoo.com', 'Juana Wehner', '$2b$10$r3BD.leaooE.5vU28EYTuuBixKJ5aeV1AyrKyPHHI0BSkH.eNYs5i', '681 Bergnaum View', 90335728, 'user', 'https://s3.amazonaws.com/uifaces/faces/twitter/bluesix/128.jpg');
INSERT INTO credit_card VALUES (346558264494422, 'Lawrence16@yahoo.com', '2022-05-02T10:51:07.125Z', 026);
INSERT INTO pet VALUES ('Adan', 'Lawrence16@yahoo.com', 'Chinese Water Dragon', 'Dolorem aperiam nisi est mollitia.', 'Sequi eaque esse omnis soluta temporibus et autem odit.');
INSERT INTO pet VALUES ('Claudine', 'Lawrence16@yahoo.com', 'Horse', 'Ab non necessitatibus.', 'Aut veniam et nulla voluptates reiciendis quo.');
INSERT INTO part_time_ct VALUES ('Lawrence16@yahoo.com');
INSERT INTO pt_free_schedule VALUES ('Lawrence16@yahoo.com', '2020-05-13T16:00:00.000Z', '2021-11-13T16:00:00.000Z');
INSERT INTO pt_specializes_in VALUES ('Lawrence16@yahoo.com', 'Burro', 7);

INSERT INTO person VALUES ('Alexandrea96@gmail.com', 'Tressa Rempel', '$2b$10$r3BD.leaooE.5vU28EYTuuBixKJ5aeV1AyrKyPHHI0BSkH.eNYs5i', '87503 Schmeler Hill', 90309610, 'user', 'https://s3.amazonaws.com/uifaces/faces/twitter/mohanrohith/128.jpg');
INSERT INTO credit_card VALUES (6304337552899779, 'Alexandrea96@gmail.com', '2022-09-24T06:00:16.922Z', 110);
INSERT INTO pet VALUES ('Lindsey', 'Alexandrea96@gmail.com', 'Chinchilla', 'Cumque vero accusantium.', 'Quaerat vel voluptatem reprehenderit ducimus quasi nulla suscipit ut sed.');
INSERT INTO pet VALUES ('Violette', 'Alexandrea96@gmail.com', 'Chameleons (Veiled)', 'Est quia sed dolore id labore enim quia minima.', 'Optio voluptatem nesciunt quasi et ratione nulla voluptatem.');

INSERT INTO person VALUES ('Ewald25@hotmail.com', 'Adolf Moen', '$2b$10$r3BD.leaooE.5vU28EYTuuBixKJ5aeV1AyrKyPHHI0BSkH.eNYs5i', '49546 Wyatt Burg', 90629974, 'user', 'https://s3.amazonaws.com/uifaces/faces/twitter/canapud/128.jpg');

INSERT INTO person VALUES ('Cayla_Walter85@hotmail.com', 'Duane Grady', '$2b$10$r3BD.leaooE.5vU28EYTuuBixKJ5aeV1AyrKyPHHI0BSkH.eNYs5i', '993 Lueilwitz Rue', 90687294, 'user', 'https://s3.amazonaws.com/uifaces/faces/twitter/BryanHorsey/128.jpg');
INSERT INTO part_time_ct VALUES ('Cayla_Walter85@hotmail.com');
INSERT INTO pt_free_schedule VALUES ('Cayla_Walter85@hotmail.com', '2020-05-13T16:00:00.000Z', '2021-11-13T16:00:00.000Z');
INSERT INTO pt_specializes_in VALUES ('Cayla_Walter85@hotmail.com', 'Guinea Pig', 11);
INSERT INTO pt_specializes_in VALUES ('Cayla_Walter85@hotmail.com', 'Hamster', 20);
INSERT INTO pt_specializes_in VALUES ('Cayla_Walter85@hotmail.com', 'Lizard', 5);

INSERT INTO person VALUES ('Olen.Rowe@hotmail.com', 'Marjolaine Gerhold', '$2b$10$r3BD.leaooE.5vU28EYTuuBixKJ5aeV1AyrKyPHHI0BSkH.eNYs5i', '2116 Floy Islands', 90040986, 'user', 'https://s3.amazonaws.com/uifaces/faces/twitter/bowbrick/128.jpg');

INSERT INTO person VALUES ('Naomie_Greenholt@gmail.com', 'Vesta Prohaska', '$2b$10$r3BD.leaooE.5vU28EYTuuBixKJ5aeV1AyrKyPHHI0BSkH.eNYs5i', '37274 Harrison Route', 90912514, 'user', 'https://s3.amazonaws.com/uifaces/faces/twitter/nvkznemo/128.jpg');
INSERT INTO full_time_ct VALUES ('Naomie_Greenholt@gmail.com');
INSERT INTO ft_specializes_in VALUES ('Naomie_Greenholt@gmail.com', 'Chicken', 15);

INSERT INTO person VALUES ('Jayden_Green@hotmail.com', 'Princess OReilly', '$2b$10$r3BD.leaooE.5vU28EYTuuBixKJ5aeV1AyrKyPHHI0BSkH.eNYs5i', '1747 Nolan Street', 90338586, 'user', 'https://s3.amazonaws.com/uifaces/faces/twitter/poormini/128.jpg');
INSERT INTO credit_card VALUES (30086752248166, 'Jayden_Green@hotmail.com', '2023-11-15T10:44:18.885Z', 625);
INSERT INTO pet VALUES ('Niko', 'Jayden_Green@hotmail.com', 'Hamster', 'Quia blanditiis quos id pariatur enim.', 'Ipsam sit fuga nesciunt.');

INSERT INTO person VALUES ('Lowell86@hotmail.com', 'Antonia Waelchi', '$2b$10$r3BD.leaooE.5vU28EYTuuBixKJ5aeV1AyrKyPHHI0BSkH.eNYs5i', '05064 Bayer Underpass', 90621149, 'user', 'https://s3.amazonaws.com/uifaces/faces/twitter/ooomz/128.jpg');
INSERT INTO credit_card VALUES (6374604101908434, 'Lowell86@hotmail.com', '2023-04-17T17:54:10.461Z', 146);
INSERT INTO pet VALUES ('Mona', 'Lowell86@hotmail.com', 'Ferret', 'Modi ea repellendus rerum.', 'Nihil aliquam occaecati cumque pariatur qui quas sed sequi.');
INSERT INTO pet VALUES ('Reta', 'Lowell86@hotmail.com', 'Fish', 'Neque nobis odio.', 'Unde vero unde maiores autem ut unde molestias sit id.');

INSERT INTO person VALUES ('Alexzander.Lockman@gmail.com', 'Karson Mueller', '$2b$10$r3BD.leaooE.5vU28EYTuuBixKJ5aeV1AyrKyPHHI0BSkH.eNYs5i', '509 Crist Point', 90499661, 'user', 'https://s3.amazonaws.com/uifaces/faces/twitter/vladarbatov/128.jpg');
INSERT INTO credit_card VALUES (6771890109515676, 'Alexzander.Lockman@gmail.com', '2021-04-17T07:45:51.284Z', 682);
INSERT INTO pet VALUES ('Efren', 'Alexzander.Lockman@gmail.com', 'Bearded Dragon', 'Nihil fugit ut totam expedita similique quis quis aut.', 'Ipsum fuga nostrum voluptas enim.');
INSERT INTO pet VALUES ('Jovanny', 'Alexzander.Lockman@gmail.com', 'Guinea Pig', 'Explicabo quo et ea quisquam dolorem quod.', 'Distinctio adipisci voluptatum fuga dolorem.');
INSERT INTO full_time_ct VALUES ('Alexzander.Lockman@gmail.com');
INSERT INTO ft_specializes_in VALUES ('Alexzander.Lockman@gmail.com', 'Horse', 1);

INSERT INTO person VALUES ('Andre34@yahoo.com', 'Thora Champlin', '$2b$10$r3BD.leaooE.5vU28EYTuuBixKJ5aeV1AyrKyPHHI0BSkH.eNYs5i', '284 Lavon Lock', 90647123, 'user', 'https://s3.amazonaws.com/uifaces/faces/twitter/yesmeck/128.jpg');
INSERT INTO credit_card VALUES (5124058938953221, 'Andre34@yahoo.com', '2021-08-22T10:42:09.007Z', 072);
INSERT INTO pet VALUES ('Christine', 'Andre34@yahoo.com', 'Horse', 'Quasi deserunt officiis distinctio tempore consectetur quia.', 'Tenetur quibusdam id qui sit amet est.');
INSERT INTO pet VALUES ('Deven', 'Andre34@yahoo.com', 'Bearded Dragon', 'Aliquam voluptatem rerum eos qui ut suscipit enim laudantium temporibus.', 'Reprehenderit temporibus quia non nihil voluptate assumenda ipsam eos non.');

INSERT INTO person VALUES ('Horacio37@yahoo.com', 'Amparo Johnson', '$2b$10$r3BD.leaooE.5vU28EYTuuBixKJ5aeV1AyrKyPHHI0BSkH.eNYs5i', '76179 Kshlerin Parkway', 90957292, 'user', 'https://s3.amazonaws.com/uifaces/faces/twitter/pierrestoffe/128.jpg');

INSERT INTO person VALUES ('Yessenia.Yundt@gmail.com', 'Franco Schultz', '$2b$10$r3BD.leaooE.5vU28EYTuuBixKJ5aeV1AyrKyPHHI0BSkH.eNYs5i', '977 Nader Points', 90876258, 'user', 'https://s3.amazonaws.com/uifaces/faces/twitter/mocabyte/128.jpg');
INSERT INTO full_time_ct VALUES ('Yessenia.Yundt@gmail.com');
INSERT INTO ft_specializes_in VALUES ('Yessenia.Yundt@gmail.com', 'Ponie', 16);

INSERT INTO person VALUES ('Araceli_Herzog64@yahoo.com', 'Vinnie Fritsch', '$2b$10$r3BD.leaooE.5vU28EYTuuBixKJ5aeV1AyrKyPHHI0BSkH.eNYs5i', '79500 Brain Row', 90649192, 'user', 'https://s3.amazonaws.com/uifaces/faces/twitter/ponchomendivil/128.jpg');
INSERT INTO credit_card VALUES (30494587032983, 'Araceli_Herzog64@yahoo.com', '2021-05-03T17:21:21.501Z', 384);
INSERT INTO pet VALUES ('Brett', 'Araceli_Herzog64@yahoo.com', 'Hamster', 'Culpa nostrum placeat assumenda sapiente sunt dolorum possimus.', 'Qui suscipit similique accusamus.');
INSERT INTO pet VALUES ('Mason', 'Araceli_Herzog64@yahoo.com', 'Chinchilla', 'Soluta consequuntur quod distinctio corrupti in laborum animi.', 'Possimus necessitatibus eos commodi vel autem nobis aperiam adipisci molestiae.');

INSERT INTO person VALUES ('Jerrell.Senger@hotmail.com', 'Carole Nienow', '$2b$10$r3BD.leaooE.5vU28EYTuuBixKJ5aeV1AyrKyPHHI0BSkH.eNYs5i', '93662 Nicolas Heights', 90369973, 'user', 'https://s3.amazonaws.com/uifaces/faces/twitter/solid_color/128.jpg');
INSERT INTO part_time_ct VALUES ('Jerrell.Senger@hotmail.com');
INSERT INTO pt_free_schedule VALUES ('Jerrell.Senger@hotmail.com', '2020-05-13T16:00:00.000Z', '2021-11-13T16:00:00.000Z');
INSERT INTO pt_specializes_in VALUES ('Jerrell.Senger@hotmail.com', 'Mice', 13);
INSERT INTO pt_specializes_in VALUES ('Jerrell.Senger@hotmail.com', 'Mule', 17);
INSERT INTO pt_specializes_in VALUES ('Jerrell.Senger@hotmail.com', 'Ponie', 9);

INSERT INTO person VALUES ('Carolyn_Parisian@yahoo.com', 'Odell Douglas', '$2b$10$r3BD.leaooE.5vU28EYTuuBixKJ5aeV1AyrKyPHHI0BSkH.eNYs5i', '0523 Blanche Drives', 90837374, 'user', 'https://s3.amazonaws.com/uifaces/faces/twitter/rickdt/128.jpg');

INSERT INTO person VALUES ('Marietta37@gmail.com', 'Frida Hodkiewicz', '$2b$10$r3BD.leaooE.5vU28EYTuuBixKJ5aeV1AyrKyPHHI0BSkH.eNYs5i', '84485 Smitham Keys', 90319068, 'user', 'https://s3.amazonaws.com/uifaces/faces/twitter/dhoot_amit/128.jpg');
INSERT INTO credit_card VALUES (347553601306323, 'Marietta37@gmail.com', '2021-05-31T01:32:15.558Z', 287);
INSERT INTO pet VALUES ('Jaydon', 'Marietta37@gmail.com', 'Guinea Fowl', 'Debitis officiis voluptatem reprehenderit nihil pariatur ut.', 'Nisi ea possimus suscipit assumenda in dolorem.');
INSERT INTO pet VALUES ('Benny', 'Marietta37@gmail.com', 'Donkey', 'Dignissimos est expedita voluptas laboriosam maiores et ut.', 'Sunt sunt voluptas dignissimos sequi sit sit.');

INSERT INTO person VALUES ('Gia92@gmail.com', 'Sadie Johnson', '$2b$10$r3BD.leaooE.5vU28EYTuuBixKJ5aeV1AyrKyPHHI0BSkH.eNYs5i', '02580 Johnson Gateway', 90766641, 'user', 'https://s3.amazonaws.com/uifaces/faces/twitter/r_garcia/128.jpg');
INSERT INTO credit_card VALUES (30490065081001, 'Gia92@gmail.com', '2023-06-20T09:58:08.739Z', 687);
INSERT INTO pet VALUES ('Nedra', 'Gia92@gmail.com', 'Ferret', 'Laborum placeat quidem expedita non quo quidem non reiciendis qui.', 'Voluptas id eligendi est sequi et.');
INSERT INTO pet VALUES ('Ashleigh', 'Gia92@gmail.com', 'Hamster', 'Mollitia et neque autem ut rerum consectetur alias et qui.', 'Ut sit eos quos reiciendis vel et.');
INSERT INTO part_time_ct VALUES ('Gia92@gmail.com');
INSERT INTO pt_free_schedule VALUES ('Gia92@gmail.com', '2020-05-13T16:00:00.000Z', '2021-11-13T16:00:00.000Z');
INSERT INTO pt_specializes_in VALUES ('Gia92@gmail.com', 'Geese (Chinese Swan Goose)', 18);

INSERT INTO person VALUES ('Etha_Altenwerth74@gmail.com', 'Irving West', '$2b$10$r3BD.leaooE.5vU28EYTuuBixKJ5aeV1AyrKyPHHI0BSkH.eNYs5i', '361 Stanton Islands', 90451880, 'user', 'https://s3.amazonaws.com/uifaces/faces/twitter/therealmarvin/128.jpg');
INSERT INTO credit_card VALUES (5018361795783714, 'Etha_Altenwerth74@gmail.com', '2023-04-30T20:54:58.040Z', 746);
INSERT INTO pet VALUES ('Casandra', 'Etha_Altenwerth74@gmail.com', 'Ponie', 'Velit ut culpa quas.', 'Tempora sint aspernatur est.');
INSERT INTO full_time_ct VALUES ('Etha_Altenwerth74@gmail.com');
INSERT INTO ft_specializes_in VALUES ('Etha_Altenwerth74@gmail.com', 'Cow', 1);

INSERT INTO person VALUES ('Andreane42@hotmail.com', 'Elroy Bauch', '$2b$10$r3BD.leaooE.5vU28EYTuuBixKJ5aeV1AyrKyPHHI0BSkH.eNYs5i', '29111 Friesen Circle', 90682750, 'user', 'https://s3.amazonaws.com/uifaces/faces/twitter/bradenhamm/128.jpg');
INSERT INTO part_time_ct VALUES ('Andreane42@hotmail.com');
INSERT INTO pt_free_schedule VALUES ('Andreane42@hotmail.com', '2020-05-13T16:00:00.000Z', '2021-11-13T16:00:00.000Z');
INSERT INTO pt_specializes_in VALUES ('Andreane42@hotmail.com', 'Chameleons (Veiled)', 18);
INSERT INTO pt_specializes_in VALUES ('Andreane42@hotmail.com', 'Guinea Pig', 12);
INSERT INTO pt_specializes_in VALUES ('Andreane42@hotmail.com', 'Hamster', 20);

INSERT INTO person VALUES ('Tyshawn44@yahoo.com', 'Vergie Weissnat', '$2b$10$r3BD.leaooE.5vU28EYTuuBixKJ5aeV1AyrKyPHHI0BSkH.eNYs5i', '523 Flatley Neck', 90744534, 'user', 'https://s3.amazonaws.com/uifaces/faces/twitter/murrayswift/128.jpg');
INSERT INTO full_time_ct VALUES ('Tyshawn44@yahoo.com');
INSERT INTO ft_specializes_in VALUES ('Tyshawn44@yahoo.com', 'Bearded Dragon', 13);
INSERT INTO ft_specializes_in VALUES ('Tyshawn44@yahoo.com', 'Cow', 2);
INSERT INTO ft_specializes_in VALUES ('Tyshawn44@yahoo.com', 'Ferret', 14);

INSERT INTO person VALUES ('Adrien.Purdy51@hotmail.com', 'Stefan Jenkins', '$2b$10$r3BD.leaooE.5vU28EYTuuBixKJ5aeV1AyrKyPHHI0BSkH.eNYs5i', '47458 Callie Plain', 90560948, 'user', 'https://s3.amazonaws.com/uifaces/faces/twitter/vigobronx/128.jpg');

INSERT INTO person VALUES ('Sammie.Lueilwitz18@hotmail.com', 'Mona Kassulke', '$2b$10$r3BD.leaooE.5vU28EYTuuBixKJ5aeV1AyrKyPHHI0BSkH.eNYs5i', '157 Parker Spur', 90517294, 'user', 'https://s3.amazonaws.com/uifaces/faces/twitter/safrankov/128.jpg');
INSERT INTO credit_card VALUES (5594940996903037, 'Sammie.Lueilwitz18@hotmail.com', '2020-11-28T07:03:16.790Z', 819);
INSERT INTO pet VALUES ('Kayla', 'Sammie.Lueilwitz18@hotmail.com', 'Geese (Chinese Swan Goose)', 'Quaerat alias eos nobis.', 'Saepe exercitationem sit dolor.');
INSERT INTO pet VALUES ('Mary', 'Sammie.Lueilwitz18@hotmail.com', 'Horse', 'Velit quo doloribus ullam.', 'Eum voluptatibus in odio soluta.');
INSERT INTO full_time_ct VALUES ('Sammie.Lueilwitz18@hotmail.com');
INSERT INTO ft_specializes_in VALUES ('Sammie.Lueilwitz18@hotmail.com', 'Chameleons (Veiled)', 13);
INSERT INTO ft_specializes_in VALUES ('Sammie.Lueilwitz18@hotmail.com', 'Cow', 16);

INSERT INTO person VALUES ('Nathanael59@yahoo.com', 'Lauryn Goodwin', '$2b$10$r3BD.leaooE.5vU28EYTuuBixKJ5aeV1AyrKyPHHI0BSkH.eNYs5i', '9594 Jerel Parkways', 90633301, 'user', 'https://s3.amazonaws.com/uifaces/faces/twitter/ooomz/128.jpg');
INSERT INTO full_time_ct VALUES ('Nathanael59@yahoo.com');
INSERT INTO ft_specializes_in VALUES ('Nathanael59@yahoo.com', 'Gerbil', 18);

INSERT INTO person VALUES ('Javon_Spencer69@gmail.com', 'Micheal Little', '$2b$10$r3BD.leaooE.5vU28EYTuuBixKJ5aeV1AyrKyPHHI0BSkH.eNYs5i', '558 Dorthy Forge', 90148532, 'user', 'https://s3.amazonaws.com/uifaces/faces/twitter/akmalfikri/128.jpg');
INSERT INTO part_time_ct VALUES ('Javon_Spencer69@gmail.com');
INSERT INTO pt_free_schedule VALUES ('Javon_Spencer69@gmail.com', '2020-05-13T16:00:00.000Z', '2021-11-13T16:00:00.000Z');
INSERT INTO pt_specializes_in VALUES ('Javon_Spencer69@gmail.com', 'Iguana', 17);

INSERT INTO person VALUES ('Rae.McKenzie@hotmail.com', 'Jonathan Hessel', '$2b$10$r3BD.leaooE.5vU28EYTuuBixKJ5aeV1AyrKyPHHI0BSkH.eNYs5i', '58132 Nels Island', 90650376, 'user', 'https://s3.amazonaws.com/uifaces/faces/twitter/jordyvdboom/128.jpg');
INSERT INTO part_time_ct VALUES ('Rae.McKenzie@hotmail.com');
INSERT INTO pt_free_schedule VALUES ('Rae.McKenzie@hotmail.com', '2020-05-13T16:00:00.000Z', '2021-11-13T16:00:00.000Z');
INSERT INTO pt_specializes_in VALUES ('Rae.McKenzie@hotmail.com', 'Bird', 7);
INSERT INTO pt_specializes_in VALUES ('Rae.McKenzie@hotmail.com', 'Hamster', 16);
INSERT INTO pt_specializes_in VALUES ('Rae.McKenzie@hotmail.com', 'Mule', 8);

INSERT INTO person VALUES ('Maggie32@yahoo.com', 'Cletus Ryan', '$2b$10$r3BD.leaooE.5vU28EYTuuBixKJ5aeV1AyrKyPHHI0BSkH.eNYs5i', '1296 Troy Radial', 90701835, 'user', 'https://s3.amazonaws.com/uifaces/faces/twitter/andysolomon/128.jpg');
INSERT INTO credit_card VALUES (30482302963255, 'Maggie32@yahoo.com', '2023-02-08T22:30:05.531Z', 771);
INSERT INTO pet VALUES ('Flavio', 'Maggie32@yahoo.com', 'Gerbil', 'Sequi aut omnis.', 'Sint est ut dolorum iure et et in.');

INSERT INTO person VALUES ('Gerardo78@yahoo.com', 'Tod Muller', '$2b$10$r3BD.leaooE.5vU28EYTuuBixKJ5aeV1AyrKyPHHI0BSkH.eNYs5i', '13856 Schmitt Mountains', 90337661, 'user', 'https://s3.amazonaws.com/uifaces/faces/twitter/bertboerland/128.jpg');
INSERT INTO credit_card VALUES (30306975634491, 'Gerardo78@yahoo.com', '2021-10-16T13:02:27.558Z', 063);
INSERT INTO pet VALUES ('Domenica', 'Gerardo78@yahoo.com', 'Chinese Water Dragon', 'Et rerum pariatur voluptatibus aut vel hic aut asperiores mollitia.', 'Doloribus rerum libero voluptas dignissimos vero esse ut.');
INSERT INTO part_time_ct VALUES ('Gerardo78@yahoo.com');
INSERT INTO pt_free_schedule VALUES ('Gerardo78@yahoo.com', '2020-05-13T16:00:00.000Z', '2021-11-13T16:00:00.000Z');
INSERT INTO pt_specializes_in VALUES ('Gerardo78@yahoo.com', 'Goat', 15);
INSERT INTO pt_specializes_in VALUES ('Gerardo78@yahoo.com', 'Rabbit', 18);

INSERT INTO person VALUES ('Maddison62@hotmail.com', 'Ahmad Crist', '$2b$10$r3BD.leaooE.5vU28EYTuuBixKJ5aeV1AyrKyPHHI0BSkH.eNYs5i', '221 Ruecker Groves', 90830911, 'user', 'https://s3.amazonaws.com/uifaces/faces/twitter/terrorpixel/128.jpg');
INSERT INTO credit_card VALUES (6762583029360997, 'Maddison62@hotmail.com', '2021-04-12T11:35:47.991Z', 300);
INSERT INTO pet VALUES ('Mylene', 'Maddison62@hotmail.com', 'Ferret', 'Doloremque similique unde voluptatem aut dolores qui unde magni eos.', 'Error eveniet similique assumenda magnam unde aut accusantium corrupti autem.');
INSERT INTO pet VALUES ('Bertha', 'Maddison62@hotmail.com', 'Peafowl', 'Voluptas aut cumque molestiae dignissimos excepturi eos omnis aperiam harum.', 'Consectetur non nihil doloribus fugiat eum ut esse vitae quia.');
INSERT INTO full_time_ct VALUES ('Maddison62@hotmail.com');
INSERT INTO ft_specializes_in VALUES ('Maddison62@hotmail.com', 'Gecko', 18);

INSERT INTO person VALUES ('Jazlyn35@gmail.com', 'Aliya Aufderhar', '$2b$10$r3BD.leaooE.5vU28EYTuuBixKJ5aeV1AyrKyPHHI0BSkH.eNYs5i', '41512 Armstrong Plains', 90772029, 'user', 'https://s3.amazonaws.com/uifaces/faces/twitter/joannefournier/128.jpg');

INSERT INTO person VALUES ('Agustina94@gmail.com', 'Nikolas Simonis', '$2b$10$r3BD.leaooE.5vU28EYTuuBixKJ5aeV1AyrKyPHHI0BSkH.eNYs5i', '243 Schuyler Corners', 90940378, 'user', 'https://s3.amazonaws.com/uifaces/faces/twitter/syropian/128.jpg');

INSERT INTO person VALUES ('Sven71@yahoo.com', 'David Rodriguez', '$2b$10$r3BD.leaooE.5vU28EYTuuBixKJ5aeV1AyrKyPHHI0BSkH.eNYs5i', '68319 Cole Inlet', 90657433, 'user', 'https://s3.amazonaws.com/uifaces/faces/twitter/miguelkooreman/128.jpg');
INSERT INTO part_time_ct VALUES ('Sven71@yahoo.com');
INSERT INTO pt_free_schedule VALUES ('Sven71@yahoo.com', '2020-05-13T16:00:00.000Z', '2021-11-13T16:00:00.000Z');
INSERT INTO pt_specializes_in VALUES ('Sven71@yahoo.com', 'Chinchilla', 0);
INSERT INTO pt_specializes_in VALUES ('Sven71@yahoo.com', 'Hamster', 2);

INSERT INTO person VALUES ('Kirstin.Satterfield@yahoo.com', 'Helmer Mante', '$2b$10$r3BD.leaooE.5vU28EYTuuBixKJ5aeV1AyrKyPHHI0BSkH.eNYs5i', '11423 Beatty Skyway', 90602924, 'user', 'https://s3.amazonaws.com/uifaces/faces/twitter/shojberg/128.jpg');

INSERT INTO person VALUES ('Golda.Emmerich60@hotmail.com', 'Leonora Gottlieb', '$2b$10$r3BD.leaooE.5vU28EYTuuBixKJ5aeV1AyrKyPHHI0BSkH.eNYs5i', '289 Herminio Gateway', 90287042, 'user', 'https://s3.amazonaws.com/uifaces/faces/twitter/trubeatto/128.jpg');
INSERT INTO part_time_ct VALUES ('Golda.Emmerich60@hotmail.com');
INSERT INTO pt_free_schedule VALUES ('Golda.Emmerich60@hotmail.com', '2020-05-13T16:00:00.000Z', '2021-11-13T16:00:00.000Z');
INSERT INTO pt_specializes_in VALUES ('Golda.Emmerich60@hotmail.com', 'Goat', 9);
INSERT INTO pt_specializes_in VALUES ('Golda.Emmerich60@hotmail.com', 'Llama', 9);
INSERT INTO pt_specializes_in VALUES ('Golda.Emmerich60@hotmail.com', 'Lizard', 15);

INSERT INTO person VALUES ('Sandrine.Hackett67@gmail.com', 'Eric Torphy', '$2b$10$r3BD.leaooE.5vU28EYTuuBixKJ5aeV1AyrKyPHHI0BSkH.eNYs5i', '4307 Armstrong Passage', 90023207, 'user', 'https://s3.amazonaws.com/uifaces/faces/twitter/alexandermayes/128.jpg');
INSERT INTO part_time_ct VALUES ('Sandrine.Hackett67@gmail.com');
INSERT INTO pt_free_schedule VALUES ('Sandrine.Hackett67@gmail.com', '2020-05-13T16:00:00.000Z', '2021-11-13T16:00:00.000Z');
INSERT INTO pt_specializes_in VALUES ('Sandrine.Hackett67@gmail.com', 'Chameleons (Veiled)', 7);
INSERT INTO pt_specializes_in VALUES ('Sandrine.Hackett67@gmail.com', 'Duck', 8);
INSERT INTO pt_specializes_in VALUES ('Sandrine.Hackett67@gmail.com', 'Pig', 19);

INSERT INTO person VALUES ('Shyann86@gmail.com', 'Joany Vandervort', '$2b$10$r3BD.leaooE.5vU28EYTuuBixKJ5aeV1AyrKyPHHI0BSkH.eNYs5i', '982 Allie Wall', 90111201, 'user', 'https://s3.amazonaws.com/uifaces/faces/twitter/joeymurdah/128.jpg');

INSERT INTO person VALUES ('Montana_Kirlin@gmail.com', 'Taryn OKon', '$2b$10$r3BD.leaooE.5vU28EYTuuBixKJ5aeV1AyrKyPHHI0BSkH.eNYs5i', '6905 Ladarius Turnpike', 90225691, 'user', 'https://s3.amazonaws.com/uifaces/faces/twitter/chacky14/128.jpg');
INSERT INTO full_time_ct VALUES ('Montana_Kirlin@gmail.com');
INSERT INTO ft_specializes_in VALUES ('Montana_Kirlin@gmail.com', 'Chameleons (Veiled)', 18);
INSERT INTO ft_specializes_in VALUES ('Montana_Kirlin@gmail.com', 'Goat', 7);

INSERT INTO person VALUES ('Barney_Yundt81@yahoo.com', 'Cooper Crist', '$2b$10$r3BD.leaooE.5vU28EYTuuBixKJ5aeV1AyrKyPHHI0BSkH.eNYs5i', '527 Ansel Track', 90091219, 'user', 'https://s3.amazonaws.com/uifaces/faces/twitter/nsamoylov/128.jpg');
INSERT INTO credit_card VALUES (6771897991819217, 'Barney_Yundt81@yahoo.com', '2023-07-30T23:19:16.025Z', 539);
INSERT INTO pet VALUES ('Marcelo', 'Barney_Yundt81@yahoo.com', 'Horse', 'Excepturi ex architecto.', 'Omnis eum numquam quos maxime laboriosam voluptatem nulla eaque impedit.');
INSERT INTO pet VALUES ('Mikayla', 'Barney_Yundt81@yahoo.com', 'Guinea Fowl', 'Fuga est dolorum dolores explicabo non accusantium quo.', 'Nisi placeat vitae laudantium nisi exercitationem ut rerum est nihil.');
INSERT INTO full_time_ct VALUES ('Barney_Yundt81@yahoo.com');
INSERT INTO ft_specializes_in VALUES ('Barney_Yundt81@yahoo.com', 'Cow', 17);

INSERT INTO person VALUES ('Elenora.Weimann@gmail.com', 'Fanny Hammes', '$2b$10$r3BD.leaooE.5vU28EYTuuBixKJ5aeV1AyrKyPHHI0BSkH.eNYs5i', '443 Nigel Tunnel', 90115255, 'user', 'https://s3.amazonaws.com/uifaces/faces/twitter/cicerobr/128.jpg');
INSERT INTO part_time_ct VALUES ('Elenora.Weimann@gmail.com');
INSERT INTO pt_free_schedule VALUES ('Elenora.Weimann@gmail.com', '2020-05-13T16:00:00.000Z', '2021-11-13T16:00:00.000Z');
INSERT INTO pt_specializes_in VALUES ('Elenora.Weimann@gmail.com', 'Chinchilla', 13);
INSERT INTO pt_specializes_in VALUES ('Elenora.Weimann@gmail.com', 'Mule', 5);
INSERT INTO pt_specializes_in VALUES ('Elenora.Weimann@gmail.com', 'Pigeon', 16);

INSERT INTO person VALUES ('Emily.Wolf@hotmail.com', 'Celia Kuvalis', '$2b$10$r3BD.leaooE.5vU28EYTuuBixKJ5aeV1AyrKyPHHI0BSkH.eNYs5i', '4069 Lew Estate', 90546946, 'user', 'https://s3.amazonaws.com/uifaces/faces/twitter/richardgarretts/128.jpg');
INSERT INTO full_time_ct VALUES ('Emily.Wolf@hotmail.com');
INSERT INTO ft_specializes_in VALUES ('Emily.Wolf@hotmail.com', 'Chameleons (Veiled)', 14);
INSERT INTO ft_specializes_in VALUES ('Emily.Wolf@hotmail.com', 'Chicken', 3);

INSERT INTO person VALUES ('Esmeralda.Streich@hotmail.com', 'Marie Mante', '$2b$10$r3BD.leaooE.5vU28EYTuuBixKJ5aeV1AyrKyPHHI0BSkH.eNYs5i', '33135 Fabiola Loaf', 90165851, 'user', 'https://s3.amazonaws.com/uifaces/faces/twitter/keyuri85/128.jpg');

INSERT INTO person VALUES ('Alfreda.Ondricka@gmail.com', 'Franco Windler', '$2b$10$r3BD.leaooE.5vU28EYTuuBixKJ5aeV1AyrKyPHHI0BSkH.eNYs5i', '85416 Holly Forks', 90063473, 'user', 'https://s3.amazonaws.com/uifaces/faces/twitter/marklamb/128.jpg');
INSERT INTO credit_card VALUES (6304072801403004, 'Alfreda.Ondricka@gmail.com', '2023-02-11T08:03:32.669Z', 991);
INSERT INTO pet VALUES ('Christine', 'Alfreda.Ondricka@gmail.com', 'Pig', 'Similique tenetur blanditiis incidunt nemo et dolore.', 'Quod nisi ratione enim laudantium.');
INSERT INTO full_time_ct VALUES ('Alfreda.Ondricka@gmail.com');
INSERT INTO ft_specializes_in VALUES ('Alfreda.Ondricka@gmail.com', 'Chicken', 14);
INSERT INTO ft_specializes_in VALUES ('Alfreda.Ondricka@gmail.com', 'Chinchilla', 16);
INSERT INTO ft_specializes_in VALUES ('Alfreda.Ondricka@gmail.com', 'Peafowl', 18);

INSERT INTO person VALUES ('Rosario_Lubowitz49@hotmail.com', 'Israel Sipes', '$2b$10$r3BD.leaooE.5vU28EYTuuBixKJ5aeV1AyrKyPHHI0BSkH.eNYs5i', '8826 Junior Coves', 90909042, 'user', 'https://s3.amazonaws.com/uifaces/faces/twitter/ryanmclaughlin/128.jpg');
INSERT INTO credit_card VALUES (6387672048930875, 'Rosario_Lubowitz49@hotmail.com', '2021-07-04T15:58:48.540Z', 877);
INSERT INTO pet VALUES ('Sydnie', 'Rosario_Lubowitz49@hotmail.com', 'Burro', 'Reprehenderit aperiam similique asperiores mollitia nam saepe sapiente.', 'Sed sed consequuntur voluptatem id nihil.');

INSERT INTO person VALUES ('Ara49@yahoo.com', 'Lonnie Davis', '$2b$10$r3BD.leaooE.5vU28EYTuuBixKJ5aeV1AyrKyPHHI0BSkH.eNYs5i', '96431 Mitchell Circle', 90559177, 'user', 'https://s3.amazonaws.com/uifaces/faces/twitter/n3dmax/128.jpg');

INSERT INTO person VALUES ('Madisen1@gmail.com', 'Edwin Purdy', '$2b$10$r3BD.leaooE.5vU28EYTuuBixKJ5aeV1AyrKyPHHI0BSkH.eNYs5i', '134 Sim Brook', 90402233, 'user', 'https://s3.amazonaws.com/uifaces/faces/twitter/cloudstudio/128.jpg');
INSERT INTO full_time_ct VALUES ('Madisen1@gmail.com');
INSERT INTO ft_specializes_in VALUES ('Madisen1@gmail.com', 'Chinese Water Dragon', 18);

INSERT INTO person VALUES ('Mandy_Terry@gmail.com', 'Ole Willms', '$2b$10$r3BD.leaooE.5vU28EYTuuBixKJ5aeV1AyrKyPHHI0BSkH.eNYs5i', '7281 Toy Row', 90944964, 'user', 'https://s3.amazonaws.com/uifaces/faces/twitter/snowwrite/128.jpg');
INSERT INTO credit_card VALUES (5117273556404374, 'Mandy_Terry@gmail.com', '2022-04-04T12:02:21.376Z', 123);
INSERT INTO pet VALUES ('Shanie', 'Mandy_Terry@gmail.com', 'Chinese Water Dragon', 'Non minus possimus soluta reiciendis qui id hic nihil.', 'Et quis odio quod.');
INSERT INTO part_time_ct VALUES ('Mandy_Terry@gmail.com');
INSERT INTO pt_free_schedule VALUES ('Mandy_Terry@gmail.com', '2020-05-13T16:00:00.000Z', '2021-11-13T16:00:00.000Z');
INSERT INTO pt_specializes_in VALUES ('Mandy_Terry@gmail.com', 'Ferret', 9);
INSERT INTO pt_specializes_in VALUES ('Mandy_Terry@gmail.com', 'Ponie', 14);

INSERT INTO person VALUES ('Noble70@gmail.com', 'Thora Kuhn', '$2b$10$r3BD.leaooE.5vU28EYTuuBixKJ5aeV1AyrKyPHHI0BSkH.eNYs5i', '2777 Ruthe Cliffs', 90809437, 'user', 'https://s3.amazonaws.com/uifaces/faces/twitter/mkginfo/128.jpg');
INSERT INTO credit_card VALUES (30353915981491, 'Noble70@gmail.com', '2021-04-14T11:49:38.071Z', 263);
INSERT INTO pet VALUES ('Patsy', 'Noble70@gmail.com', 'Pot Bellied Pig', 'Ex consequatur blanditiis earum consequuntur quia modi dolore accusamus.', 'Voluptatem qui consequatur numquam voluptatem odio harum qui dolor est.');
INSERT INTO pet VALUES ('Arvilla', 'Noble70@gmail.com', 'Guinea Pig', 'Eum et et tenetur non aliquam et.', 'Optio maiores placeat sequi ipsam eveniet quisquam odit aut et.');
INSERT INTO full_time_ct VALUES ('Noble70@gmail.com');
INSERT INTO ft_specializes_in VALUES ('Noble70@gmail.com', 'Bearded Dragon', 9);
INSERT INTO ft_specializes_in VALUES ('Noble70@gmail.com', 'Duck', 11);
INSERT INTO ft_specializes_in VALUES ('Noble70@gmail.com', 'Fish', 13);

INSERT INTO person VALUES ('Maxwell58@hotmail.com', 'Helen Ward', '$2b$10$r3BD.leaooE.5vU28EYTuuBixKJ5aeV1AyrKyPHHI0BSkH.eNYs5i', '316 Jerry Ways', 90325334, 'user', 'https://s3.amazonaws.com/uifaces/faces/twitter/mattdetails/128.jpg');
INSERT INTO credit_card VALUES (5020175404242330, 'Maxwell58@hotmail.com', '2025-02-07T02:10:49.061Z', 475);
INSERT INTO pet VALUES ('Adaline', 'Maxwell58@hotmail.com', 'Hedgehog', 'Illum cum sit.', 'Non sit excepturi id.');
INSERT INTO full_time_ct VALUES ('Maxwell58@hotmail.com');
INSERT INTO ft_specializes_in VALUES ('Maxwell58@hotmail.com', 'Pig', 11);

INSERT INTO person VALUES ('Tyler.Jerde@yahoo.com', 'Carlos Weimann', '$2b$10$r3BD.leaooE.5vU28EYTuuBixKJ5aeV1AyrKyPHHI0BSkH.eNYs5i', '047 Bartoletti Plains', 90497715, 'user', 'https://s3.amazonaws.com/uifaces/faces/twitter/d_kobelyatsky/128.jpg');
INSERT INTO full_time_ct VALUES ('Tyler.Jerde@yahoo.com');
INSERT INTO ft_specializes_in VALUES ('Tyler.Jerde@yahoo.com', 'Ponie', 4);

INSERT INTO person VALUES ('Bria.Harber79@gmail.com', 'Name Gislason', '$2b$10$r3BD.leaooE.5vU28EYTuuBixKJ5aeV1AyrKyPHHI0BSkH.eNYs5i', '79533 Oscar Brooks', 90952239, 'user', 'https://s3.amazonaws.com/uifaces/faces/twitter/clubb3rry/128.jpg');

INSERT INTO person VALUES ('Chester38@hotmail.com', 'Mossie Labadie', '$2b$10$r3BD.leaooE.5vU28EYTuuBixKJ5aeV1AyrKyPHHI0BSkH.eNYs5i', '99162 Bergnaum Harbors', 90109268, 'user', 'https://s3.amazonaws.com/uifaces/faces/twitter/amayvs/128.jpg');
INSERT INTO credit_card VALUES (6382190908420003, 'Chester38@hotmail.com', '2022-10-25T17:17:41.816Z', 712);
INSERT INTO pet VALUES ('Cecil', 'Chester38@hotmail.com', 'Pig', 'Nisi harum voluptatem nobis et.', 'Qui qui quos odit.');
INSERT INTO pet VALUES ('Lonny', 'Chester38@hotmail.com', 'Chinese Water Dragon', 'Non rerum cum exercitationem facere omnis magnam sunt accusamus id.', 'Beatae expedita illum distinctio autem doloribus quos at.');
INSERT INTO full_time_ct VALUES ('Chester38@hotmail.com');
INSERT INTO ft_specializes_in VALUES ('Chester38@hotmail.com', 'Chameleons (Veiled)', 5);
INSERT INTO ft_specializes_in VALUES ('Chester38@hotmail.com', 'Ferret', 14);

INSERT INTO person VALUES ('Estevan.Walsh56@yahoo.com', 'Layla McLaughlin', '$2b$10$r3BD.leaooE.5vU28EYTuuBixKJ5aeV1AyrKyPHHI0BSkH.eNYs5i', '6254 Jenkins Circles', 90697031, 'user', 'https://s3.amazonaws.com/uifaces/faces/twitter/urrutimeoli/128.jpg');
INSERT INTO credit_card VALUES (5135834776121512, 'Estevan.Walsh56@yahoo.com', '2021-06-24T00:57:06.617Z', 662);
INSERT INTO pet VALUES ('Merlin', 'Estevan.Walsh56@yahoo.com', 'Duck', 'Quasi sit officiis optio dolor et provident iste.', 'Dolore voluptate quas consequuntur sed iure dolorem qui exercitationem.');

INSERT INTO person VALUES ('Marley.Kautzer@yahoo.com', 'Shanna Jerde', '$2b$10$r3BD.leaooE.5vU28EYTuuBixKJ5aeV1AyrKyPHHI0BSkH.eNYs5i', '77255 Lakin Creek', 90732241, 'user', 'https://s3.amazonaws.com/uifaces/faces/twitter/thomasschrijer/128.jpg');
INSERT INTO credit_card VALUES (6771895696477978, 'Marley.Kautzer@yahoo.com', '2022-11-06T20:38:30.678Z', 971);
INSERT INTO pet VALUES ('Araceli', 'Marley.Kautzer@yahoo.com', 'Ponie', 'Temporibus dolores corrupti ea in sint quo alias velit.', 'Nemo fuga fuga qui.');
INSERT INTO pet VALUES ('Grayson', 'Marley.Kautzer@yahoo.com', 'Hedgehog', 'Facilis placeat quo et.', 'Voluptatem pariatur facilis iure et et officiis aut reiciendis.');

INSERT INTO person VALUES ('Rudolph17@hotmail.com', 'Julius Grant', '$2b$10$r3BD.leaooE.5vU28EYTuuBixKJ5aeV1AyrKyPHHI0BSkH.eNYs5i', '43579 Marion Run', 90227334, 'user', 'https://s3.amazonaws.com/uifaces/faces/twitter/jeremery/128.jpg');
INSERT INTO part_time_ct VALUES ('Rudolph17@hotmail.com');
INSERT INTO pt_free_schedule VALUES ('Rudolph17@hotmail.com', '2020-05-13T16:00:00.000Z', '2021-11-13T16:00:00.000Z');
INSERT INTO pt_specializes_in VALUES ('Rudolph17@hotmail.com', 'Guinea Fowl', 8);
INSERT INTO pt_specializes_in VALUES ('Rudolph17@hotmail.com', 'Rabbit', 19);

INSERT INTO person VALUES ('Nickolas23@gmail.com', 'Sebastian Tillman', '$2b$10$r3BD.leaooE.5vU28EYTuuBixKJ5aeV1AyrKyPHHI0BSkH.eNYs5i', '69495 Sporer Circle', 90816554, 'user', 'https://s3.amazonaws.com/uifaces/faces/twitter/jmfsocial/128.jpg');
INSERT INTO full_time_ct VALUES ('Nickolas23@gmail.com');
INSERT INTO ft_specializes_in VALUES ('Nickolas23@gmail.com', 'Bird', 3);
INSERT INTO ft_specializes_in VALUES ('Nickolas23@gmail.com', 'Gecko', 8);

INSERT INTO person VALUES ('Enos.Reilly@hotmail.com', 'Arden Weissnat', '$2b$10$r3BD.leaooE.5vU28EYTuuBixKJ5aeV1AyrKyPHHI0BSkH.eNYs5i', '62272 Uriah Road', 90680129, 'user', 'https://s3.amazonaws.com/uifaces/faces/twitter/estebanuribe/128.jpg');
INSERT INTO credit_card VALUES (3529286232350442, 'Enos.Reilly@hotmail.com', '2021-10-16T21:45:23.924Z', 881);
INSERT INTO pet VALUES ('Gianni', 'Enos.Reilly@hotmail.com', 'Lizard', 'Sint nobis illum est quis dolores sint qui.', 'Corrupti quas autem id.');
INSERT INTO pet VALUES ('Leora', 'Enos.Reilly@hotmail.com', 'Hog', 'Sapiente ab unde quia error quam consequuntur.', 'Laudantium id et expedita id.');

INSERT INTO person VALUES ('Malachi_Weber68@gmail.com', 'Mathilde Breitenberg', '$2b$10$r3BD.leaooE.5vU28EYTuuBixKJ5aeV1AyrKyPHHI0BSkH.eNYs5i', '6136 Larson Crest', 90188866, 'user', 'https://s3.amazonaws.com/uifaces/faces/twitter/nicolai_larsen/128.jpg');

INSERT INTO person VALUES ('Xavier73@gmail.com', 'Maci Johnson', '$2b$10$r3BD.leaooE.5vU28EYTuuBixKJ5aeV1AyrKyPHHI0BSkH.eNYs5i', '639 Nicolas Forge', 90001858, 'user', 'https://s3.amazonaws.com/uifaces/faces/twitter/benjamin_knight/128.jpg');
INSERT INTO credit_card VALUES (30567521884571, 'Xavier73@gmail.com', '2021-10-02T02:47:29.089Z', 825);
INSERT INTO pet VALUES ('Phyllis', 'Xavier73@gmail.com', 'Peafowl', 'Modi aut tempora sint sunt eligendi accusamus dicta accusamus sunt.', 'Ea nesciunt omnis aut culpa reprehenderit mollitia.');
INSERT INTO pet VALUES ('Laurianne', 'Xavier73@gmail.com', 'Lizard', 'Veritatis omnis eum ea autem est inventore aperiam nemo.', 'Aut numquam sequi et nemo id.');

INSERT INTO person VALUES ('Adella_West37@yahoo.com', 'Oral Frami', '$2b$10$r3BD.leaooE.5vU28EYTuuBixKJ5aeV1AyrKyPHHI0BSkH.eNYs5i', '63886 Andre Terrace', 90633149, 'user', 'https://s3.amazonaws.com/uifaces/faces/twitter/geran7/128.jpg');
INSERT INTO credit_card VALUES (6709168395166281, 'Adella_West37@yahoo.com', '2022-11-09T08:27:28.503Z', 529);
INSERT INTO pet VALUES ('Ara', 'Adella_West37@yahoo.com', 'Fish', 'Minus non facilis rerum aut rerum.', 'Dolores temporibus qui ut porro aut harum vel.');
INSERT INTO pet VALUES ('Myra', 'Adella_West37@yahoo.com', 'Peafowl', 'Consectetur autem praesentium.', 'Rerum sit illum.');
INSERT INTO full_time_ct VALUES ('Adella_West37@yahoo.com');
INSERT INTO ft_specializes_in VALUES ('Adella_West37@yahoo.com', 'Geese (Chinese Swan Goose)', 17);
INSERT INTO ft_specializes_in VALUES ('Adella_West37@yahoo.com', 'Pigeon', 5);

INSERT INTO person VALUES ('Cydney_Nienow@yahoo.com', 'Crawford Windler', '$2b$10$r3BD.leaooE.5vU28EYTuuBixKJ5aeV1AyrKyPHHI0BSkH.eNYs5i', '513 Grimes Parks', 90946690, 'user', 'https://s3.amazonaws.com/uifaces/faces/twitter/skkirilov/128.jpg');
INSERT INTO credit_card VALUES (6304769913458459, 'Cydney_Nienow@yahoo.com', '2023-04-11T16:59:34.295Z', 670);
INSERT INTO pet VALUES ('Norwood', 'Cydney_Nienow@yahoo.com', 'Ponie', 'Et error libero consectetur doloribus nulla vel nemo nihil.', 'Aut nesciunt nihil in est ex est est dolores.');
INSERT INTO pet VALUES ('Luz', 'Cydney_Nienow@yahoo.com', 'Burro', 'Nostrum odit autem non quis vel.', 'Et reiciendis non accusamus repudiandae consequuntur nobis quia.');

INSERT INTO person VALUES ('Buford.Wuckert30@hotmail.com', 'Verlie Muller', '$2b$10$r3BD.leaooE.5vU28EYTuuBixKJ5aeV1AyrKyPHHI0BSkH.eNYs5i', '0333 Waelchi Stream', 90693905, 'user', 'https://s3.amazonaws.com/uifaces/faces/twitter/bennyjien/128.jpg');
INSERT INTO credit_card VALUES (5018718508347045, 'Buford.Wuckert30@hotmail.com', '2022-06-02T06:54:55.304Z', 232);
INSERT INTO pet VALUES ('Forest', 'Buford.Wuckert30@hotmail.com', 'Burro', 'Voluptate labore in nulla ut quibusdam omnis optio.', 'Sed temporibus occaecati expedita mollitia neque deleniti quia.');
INSERT INTO part_time_ct VALUES ('Buford.Wuckert30@hotmail.com');
INSERT INTO pt_free_schedule VALUES ('Buford.Wuckert30@hotmail.com', '2020-05-13T16:00:00.000Z', '2021-11-13T16:00:00.000Z');
INSERT INTO pt_specializes_in VALUES ('Buford.Wuckert30@hotmail.com', 'Cow', 16);
INSERT INTO pt_specializes_in VALUES ('Buford.Wuckert30@hotmail.com', 'Fish', 1);
INSERT INTO pt_specializes_in VALUES ('Buford.Wuckert30@hotmail.com', 'Mice', 0);

INSERT INTO person VALUES ('Laverna3@gmail.com', 'Allen Anderson', '$2b$10$r3BD.leaooE.5vU28EYTuuBixKJ5aeV1AyrKyPHHI0BSkH.eNYs5i', '491 Alice Falls', 90348867, 'user', 'https://s3.amazonaws.com/uifaces/faces/twitter/reetajayendra/128.jpg');

INSERT INTO person VALUES ('Harley.Bailey@gmail.com', 'Wyman Marvin', '$2b$10$r3BD.leaooE.5vU28EYTuuBixKJ5aeV1AyrKyPHHI0BSkH.eNYs5i', '518 Stoltenberg Mission', 90855356, 'user', 'https://s3.amazonaws.com/uifaces/faces/twitter/iamgarth/128.jpg');

INSERT INTO person VALUES ('Dave_Schaden@yahoo.com', 'Junius Keeling', '$2b$10$r3BD.leaooE.5vU28EYTuuBixKJ5aeV1AyrKyPHHI0BSkH.eNYs5i', '768 Tod Glen', 90184997, 'user', 'https://s3.amazonaws.com/uifaces/faces/twitter/otozk/128.jpg');

INSERT INTO person VALUES ('Margarete_McKenzie@yahoo.com', 'Gwen Wolff', '$2b$10$r3BD.leaooE.5vU28EYTuuBixKJ5aeV1AyrKyPHHI0BSkH.eNYs5i', '9651 Skylar Plains', 90946051, 'user', 'https://s3.amazonaws.com/uifaces/faces/twitter/markjenkins/128.jpg');
INSERT INTO credit_card VALUES (4121946341183, 'Margarete_McKenzie@yahoo.com', '2023-05-20T20:53:03.072Z', 608);
INSERT INTO pet VALUES ('Cora', 'Margarete_McKenzie@yahoo.com', 'Goat', 'Incidunt natus minus natus qui impedit et similique.', 'Deserunt et nulla qui.');
INSERT INTO pet VALUES ('Ray', 'Margarete_McKenzie@yahoo.com', 'Guinea Pig', 'Vero quibusdam veritatis ullam.', 'Nisi soluta veritatis voluptatum nihil sunt temporibus temporibus.');

INSERT INTO person VALUES ('Pearline.Lemke85@gmail.com', 'Gregory Witting', '$2b$10$r3BD.leaooE.5vU28EYTuuBixKJ5aeV1AyrKyPHHI0BSkH.eNYs5i', '566 Rodrigo Springs', 90027671, 'user', 'https://s3.amazonaws.com/uifaces/faces/twitter/ionuss/128.jpg');
INSERT INTO credit_card VALUES (6011627114172305, 'Pearline.Lemke85@gmail.com', '2022-02-15T04:45:06.277Z', 766);
INSERT INTO pet VALUES ('Lee', 'Pearline.Lemke85@gmail.com', 'Hamster', 'Itaque voluptatem atque dolorum eum ut facilis nobis optio.', 'In non consectetur.');
INSERT INTO pet VALUES ('Erika', 'Pearline.Lemke85@gmail.com', 'Duck', 'Qui aperiam officia impedit consequatur.', 'Perferendis occaecati odio molestiae incidunt voluptatum nulla.');

INSERT INTO person VALUES ('Marjolaine26@gmail.com', 'Effie Flatley', '$2b$10$r3BD.leaooE.5vU28EYTuuBixKJ5aeV1AyrKyPHHI0BSkH.eNYs5i', '989 Nick Springs', 90984032, 'user', 'https://s3.amazonaws.com/uifaces/faces/twitter/arashmanteghi/128.jpg');
INSERT INTO credit_card VALUES (6771976314574442, 'Marjolaine26@gmail.com', '2021-02-06T07:02:05.678Z', 666);
INSERT INTO pet VALUES ('Jewell', 'Marjolaine26@gmail.com', 'Duck', 'Laudantium deleniti rem pariatur quis aut aut aperiam vel.', 'Sapiente quae explicabo.');
INSERT INTO full_time_ct VALUES ('Marjolaine26@gmail.com');
INSERT INTO ft_specializes_in VALUES ('Marjolaine26@gmail.com', 'Horse', 4);

INSERT INTO person VALUES ('Barbara_Shanahan14@gmail.com', 'Ila Kihn', '$2b$10$r3BD.leaooE.5vU28EYTuuBixKJ5aeV1AyrKyPHHI0BSkH.eNYs5i', '114 Kirlin Field', 90398996, 'user', 'https://s3.amazonaws.com/uifaces/faces/twitter/uxward/128.jpg');
INSERT INTO part_time_ct VALUES ('Barbara_Shanahan14@gmail.com');
INSERT INTO pt_free_schedule VALUES ('Barbara_Shanahan14@gmail.com', '2020-05-13T16:00:00.000Z', '2021-11-13T16:00:00.000Z');
INSERT INTO pt_specializes_in VALUES ('Barbara_Shanahan14@gmail.com', 'Llama', 7);
INSERT INTO pt_specializes_in VALUES ('Barbara_Shanahan14@gmail.com', 'Pig', 14);

INSERT INTO person VALUES ('Mya18@hotmail.com', 'Janice Quigley', '$2b$10$r3BD.leaooE.5vU28EYTuuBixKJ5aeV1AyrKyPHHI0BSkH.eNYs5i', '29102 DuBuque Spurs', 90060589, 'user', 'https://s3.amazonaws.com/uifaces/faces/twitter/artd_sign/128.jpg');

INSERT INTO person VALUES ('Wanda_Pollich0@hotmail.com', 'Savannah Ernser', '$2b$10$r3BD.leaooE.5vU28EYTuuBixKJ5aeV1AyrKyPHHI0BSkH.eNYs5i', '7826 Vivien Union', 90370048, 'user', 'https://s3.amazonaws.com/uifaces/faces/twitter/klefue/128.jpg');
INSERT INTO credit_card VALUES (3529037548444496, 'Wanda_Pollich0@hotmail.com', '2020-12-02T11:58:09.029Z', 627);
INSERT INTO pet VALUES ('Montana', 'Wanda_Pollich0@hotmail.com', 'Guinea Pig', 'Molestias eos et et sunt magnam.', 'Quis consequatur non a voluptatibus eum quia aliquid.');

INSERT INTO person VALUES ('Pinkie_McKenzie73@gmail.com', 'Lukas Hartmann', '$2b$10$r3BD.leaooE.5vU28EYTuuBixKJ5aeV1AyrKyPHHI0BSkH.eNYs5i', '8013 Kasey Mountains', 90465724, 'user', 'https://s3.amazonaws.com/uifaces/faces/twitter/coreyginnivan/128.jpg');

INSERT INTO person VALUES ('Blaze.Zulauf@gmail.com', 'Jordi Labadie', '$2b$10$r3BD.leaooE.5vU28EYTuuBixKJ5aeV1AyrKyPHHI0BSkH.eNYs5i', '61324 Grimes Parkway', 90745784, 'user', 'https://s3.amazonaws.com/uifaces/faces/twitter/gipsy_raf/128.jpg');
INSERT INTO credit_card VALUES (6759593421724255, 'Blaze.Zulauf@gmail.com', '2022-04-17T05:59:37.315Z', 376);
INSERT INTO pet VALUES ('Hubert', 'Blaze.Zulauf@gmail.com', 'Mule', 'Quis qui molestiae delectus molestias tempora saepe labore molestiae.', 'Et adipisci ipsum porro nihil eaque odio dicta atque.');
INSERT INTO pet VALUES ('Courtney', 'Blaze.Zulauf@gmail.com', 'Iguana', 'Dolor veniam veniam enim dicta.', 'Est dolores voluptatibus vel ea laboriosam provident qui illo odit.');
INSERT INTO part_time_ct VALUES ('Blaze.Zulauf@gmail.com');
INSERT INTO pt_free_schedule VALUES ('Blaze.Zulauf@gmail.com', '2020-05-13T16:00:00.000Z', '2021-11-13T16:00:00.000Z');
INSERT INTO pt_specializes_in VALUES ('Blaze.Zulauf@gmail.com', 'Chameleons (Veiled)', 12);
INSERT INTO pt_specializes_in VALUES ('Blaze.Zulauf@gmail.com', 'Mule', 13);

INSERT INTO person VALUES ('Amy30@yahoo.com', 'Cade Dickinson', '$2b$10$r3BD.leaooE.5vU28EYTuuBixKJ5aeV1AyrKyPHHI0BSkH.eNYs5i', '73849 Gabrielle Loop', 90906433, 'user', 'https://s3.amazonaws.com/uifaces/faces/twitter/mauriolg/128.jpg');
INSERT INTO full_time_ct VALUES ('Amy30@yahoo.com');
INSERT INTO ft_specializes_in VALUES ('Amy30@yahoo.com', 'Ferret', 17);
INSERT INTO ft_specializes_in VALUES ('Amy30@yahoo.com', 'Hog', 4);

INSERT INTO person VALUES ('Erin_Senger@yahoo.com', 'Colt Ortiz', '$2b$10$r3BD.leaooE.5vU28EYTuuBixKJ5aeV1AyrKyPHHI0BSkH.eNYs5i', '3382 Joanny Ports', 90187468, 'user', 'https://s3.amazonaws.com/uifaces/faces/twitter/VinThomas/128.jpg');
INSERT INTO full_time_ct VALUES ('Erin_Senger@yahoo.com');
INSERT INTO ft_specializes_in VALUES ('Erin_Senger@yahoo.com', 'Ferret', 14);
INSERT INTO ft_specializes_in VALUES ('Erin_Senger@yahoo.com', 'Guinea Pig', 19);
INSERT INTO ft_specializes_in VALUES ('Erin_Senger@yahoo.com', 'Hamster', 2);

INSERT INTO person VALUES ('Ben_Reilly32@yahoo.com', 'Jamir Hirthe', '$2b$10$r3BD.leaooE.5vU28EYTuuBixKJ5aeV1AyrKyPHHI0BSkH.eNYs5i', '436 Lueilwitz Plains', 90484449, 'user', 'https://s3.amazonaws.com/uifaces/faces/twitter/nickfratter/128.jpg');

INSERT INTO person VALUES ('Emil.Kovacek@gmail.com', 'Craig Stehr', '$2b$10$r3BD.leaooE.5vU28EYTuuBixKJ5aeV1AyrKyPHHI0BSkH.eNYs5i', '6483 Littel Highway', 90948352, 'user', 'https://s3.amazonaws.com/uifaces/faces/twitter/abovefunction/128.jpg');
INSERT INTO credit_card VALUES (6378945462529220, 'Emil.Kovacek@gmail.com', '2020-12-17T17:22:38.709Z', 769);
INSERT INTO pet VALUES ('Theron', 'Emil.Kovacek@gmail.com', 'Fish', 'Qui et sit ducimus sunt dolorum dolore fuga vel unde.', 'Laboriosam dolorum neque molestiae quia animi quis aut sunt incidunt.');
INSERT INTO pet VALUES ('Ephraim', 'Emil.Kovacek@gmail.com', 'Guinea Fowl', 'Praesentium totam qui culpa saepe et et.', 'Qui tenetur explicabo assumenda voluptatibus perferendis.');

INSERT INTO person VALUES ('Claud_Bosco@hotmail.com', 'Mustafa Oberbrunner', '$2b$10$r3BD.leaooE.5vU28EYTuuBixKJ5aeV1AyrKyPHHI0BSkH.eNYs5i', '0900 Stoltenberg Estate', 90047016, 'user', 'https://s3.amazonaws.com/uifaces/faces/twitter/ludwiczakpawel/128.jpg');
INSERT INTO credit_card VALUES (6011626006337300, 'Claud_Bosco@hotmail.com', '2022-01-06T01:09:20.527Z', 032);
INSERT INTO pet VALUES ('Dayana', 'Claud_Bosco@hotmail.com', 'Duck', 'Quas error rerum animi excepturi tempora ut.', 'Vitae dignissimos at blanditiis vel qui nemo.');
INSERT INTO pet VALUES ('Jadyn', 'Claud_Bosco@hotmail.com', 'Pigeon', 'Facilis molestiae minima hic molestiae excepturi ratione recusandae aut.', 'Doloribus minima dolores vel id placeat modi.');

INSERT INTO person VALUES ('Precious_Terry@yahoo.com', 'Cleora McCullough', '$2b$10$r3BD.leaooE.5vU28EYTuuBixKJ5aeV1AyrKyPHHI0BSkH.eNYs5i', '782 Flatley Greens', 90817557, 'user', 'https://s3.amazonaws.com/uifaces/faces/twitter/thiagovernetti/128.jpg');
INSERT INTO credit_card VALUES (3554474597303863, 'Precious_Terry@yahoo.com', '2022-08-02T15:59:48.296Z', 975);
INSERT INTO pet VALUES ('Eloise', 'Precious_Terry@yahoo.com', 'Rabbit', 'Laudantium iure sed tenetur.', 'Sapiente nisi et velit dolor.');
INSERT INTO pet VALUES ('Emilie', 'Precious_Terry@yahoo.com', 'Chameleons (Veiled)', 'Recusandae autem laudantium dolorem non culpa et ullam ut tenetur.', 'Vel consequatur molestias est ipsum eos nesciunt.');
INSERT INTO part_time_ct VALUES ('Precious_Terry@yahoo.com');
INSERT INTO pt_free_schedule VALUES ('Precious_Terry@yahoo.com', '2020-05-13T16:00:00.000Z', '2021-11-13T16:00:00.000Z');
INSERT INTO pt_specializes_in VALUES ('Precious_Terry@yahoo.com', 'Geese (Chinese Swan Goose)', 1);

INSERT INTO person VALUES ('Adolf_Cummings@yahoo.com', 'Perry Kutch', '$2b$10$r3BD.leaooE.5vU28EYTuuBixKJ5aeV1AyrKyPHHI0BSkH.eNYs5i', '3050 Jenkins Pine', 90720534, 'user', 'https://s3.amazonaws.com/uifaces/faces/twitter/nicoleglynn/128.jpg');
INSERT INTO credit_card VALUES (6767604102914485, 'Adolf_Cummings@yahoo.com', '2025-02-18T17:13:18.504Z', 878);
INSERT INTO pet VALUES ('Ladarius', 'Adolf_Cummings@yahoo.com', 'Bird', 'Qui quis unde laboriosam vero omnis possimus sit.', 'Saepe perferendis voluptas neque officiis libero asperiores.');
INSERT INTO pet VALUES ('Jayne', 'Adolf_Cummings@yahoo.com', 'Guinea Pig', 'Similique rem magnam voluptate incidunt consectetur rem.', 'Molestiae harum vel tempora dolor omnis ratione exercitationem consequuntur.');

INSERT INTO person VALUES ('Kasandra.Yundt96@yahoo.com', 'Modesta Dickinson', '$2b$10$r3BD.leaooE.5vU28EYTuuBixKJ5aeV1AyrKyPHHI0BSkH.eNYs5i', '817 Marion Common', 90765896, 'user', 'https://s3.amazonaws.com/uifaces/faces/twitter/marciotoledo/128.jpg');
INSERT INTO full_time_ct VALUES ('Kasandra.Yundt96@yahoo.com');
INSERT INTO ft_specializes_in VALUES ('Kasandra.Yundt96@yahoo.com', 'Iguana', 15);

INSERT INTO person VALUES ('Valentina60@hotmail.com', 'Cathy Nolan', '$2b$10$r3BD.leaooE.5vU28EYTuuBixKJ5aeV1AyrKyPHHI0BSkH.eNYs5i', '35313 Ledner Crossing', 90529230, 'user', 'https://s3.amazonaws.com/uifaces/faces/twitter/amandabuzard/128.jpg');
INSERT INTO credit_card VALUES (5018571964044959, 'Valentina60@hotmail.com', '2022-12-03T12:23:08.626Z', 866);
INSERT INTO pet VALUES ('Manuela', 'Valentina60@hotmail.com', 'Mice', 'Rerum qui necessitatibus consequuntur.', 'Consequatur harum soluta eaque placeat in id ea.');
INSERT INTO full_time_ct VALUES ('Valentina60@hotmail.com');
INSERT INTO ft_specializes_in VALUES ('Valentina60@hotmail.com', 'Goat', 5);
INSERT INTO ft_specializes_in VALUES ('Valentina60@hotmail.com', 'Pot Bellied Pig', 7);

INSERT INTO person VALUES ('Kathryne_Wilderman@gmail.com', 'Eda Bins', '$2b$10$r3BD.leaooE.5vU28EYTuuBixKJ5aeV1AyrKyPHHI0BSkH.eNYs5i', '9973 Zieme Valleys', 90097096, 'user', 'https://s3.amazonaws.com/uifaces/faces/twitter/finchjke/128.jpg');
INSERT INTO credit_card VALUES (6376596431560503, 'Kathryne_Wilderman@gmail.com', '2022-08-07T05:32:38.130Z', 926);
INSERT INTO pet VALUES ('Sonny', 'Kathryne_Wilderman@gmail.com', 'Pot Bellied Pig', 'Aliquid et voluptatem a tempore esse qui cupiditate modi quisquam.', 'Inventore maxime quia rerum sit dolore exercitationem quisquam sed voluptates.');
INSERT INTO pet VALUES ('Adelbert', 'Kathryne_Wilderman@gmail.com', 'Mule', 'Labore provident a.', 'Quibusdam facilis et aut nulla unde consequatur.');
INSERT INTO full_time_ct VALUES ('Kathryne_Wilderman@gmail.com');
INSERT INTO ft_specializes_in VALUES ('Kathryne_Wilderman@gmail.com', 'Chicken', 5);

INSERT INTO person VALUES ('Hilton.Jakubowski@yahoo.com', 'Peyton Abernathy', '$2b$10$r3BD.leaooE.5vU28EYTuuBixKJ5aeV1AyrKyPHHI0BSkH.eNYs5i', '296 Gaylord Forest', 90570644, 'user', 'https://s3.amazonaws.com/uifaces/faces/twitter/nelsonjoyce/128.jpg');
INSERT INTO part_time_ct VALUES ('Hilton.Jakubowski@yahoo.com');
INSERT INTO pt_free_schedule VALUES ('Hilton.Jakubowski@yahoo.com', '2020-05-13T16:00:00.000Z', '2021-11-13T16:00:00.000Z');
INSERT INTO pt_specializes_in VALUES ('Hilton.Jakubowski@yahoo.com', 'Bird', 18);
INSERT INTO pt_specializes_in VALUES ('Hilton.Jakubowski@yahoo.com', 'Rabbit', 2);

INSERT INTO person VALUES ('Camilla14@yahoo.com', 'Maximo Mueller', '$2b$10$r3BD.leaooE.5vU28EYTuuBixKJ5aeV1AyrKyPHHI0BSkH.eNYs5i', '077 McDermott Road', 90696077, 'user', 'https://s3.amazonaws.com/uifaces/faces/twitter/begreative/128.jpg');
INSERT INTO credit_card VALUES (4672006085699779, 'Camilla14@yahoo.com', '2022-03-24T22:07:57.535Z', 907);
INSERT INTO pet VALUES ('Asa', 'Camilla14@yahoo.com', 'Pig', 'Vero ipsa animi velit.', 'In dolorum accusantium id dolore aspernatur qui ut.');

INSERT INTO person VALUES ('Gina74@hotmail.com', 'Tanya Littel', '$2b$10$r3BD.leaooE.5vU28EYTuuBixKJ5aeV1AyrKyPHHI0BSkH.eNYs5i', '2503 Adelbert Crossing', 90958960, 'user', 'https://s3.amazonaws.com/uifaces/faces/twitter/amandabuzard/128.jpg');
INSERT INTO credit_card VALUES (6767343100942324, 'Gina74@hotmail.com', '2021-03-17T13:10:27.787Z', 267);
INSERT INTO pet VALUES ('Sammie', 'Gina74@hotmail.com', 'Hamster', 'Unde rerum ex commodi.', 'Et dolor quam et unde nihil ab facilis dolorum.');
INSERT INTO pet VALUES ('Bettie', 'Gina74@hotmail.com', 'Hog', 'Aut tempora aut id et fugiat sit.', 'Rerum rerum quis fugiat possimus et quia quod unde.');

INSERT INTO person VALUES ('Declan_Mayer40@gmail.com', 'Hazle Walker', '$2b$10$r3BD.leaooE.5vU28EYTuuBixKJ5aeV1AyrKyPHHI0BSkH.eNYs5i', '5936 Mitchell Trail', 90385933, 'user', 'https://s3.amazonaws.com/uifaces/faces/twitter/tjisousa/128.jpg');

INSERT INTO person VALUES ('Josiane_Hyatt@gmail.com', 'Dusty Konopelski', '$2b$10$r3BD.leaooE.5vU28EYTuuBixKJ5aeV1AyrKyPHHI0BSkH.eNYs5i', '79427 Hettinger Alley', 90141882, 'user', 'https://s3.amazonaws.com/uifaces/faces/twitter/mattbilotti/128.jpg');
INSERT INTO part_time_ct VALUES ('Josiane_Hyatt@gmail.com');
INSERT INTO pt_free_schedule VALUES ('Josiane_Hyatt@gmail.com', '2020-05-13T16:00:00.000Z', '2021-11-13T16:00:00.000Z');
INSERT INTO pt_specializes_in VALUES ('Josiane_Hyatt@gmail.com', 'Goat', 7);

INSERT INTO person VALUES ('Charles25@hotmail.com', 'Ottilie Reinger', '$2b$10$r3BD.leaooE.5vU28EYTuuBixKJ5aeV1AyrKyPHHI0BSkH.eNYs5i', '36290 Swaniawski Cliff', 90339193, 'user', 'https://s3.amazonaws.com/uifaces/faces/twitter/picard102/128.jpg');
INSERT INTO credit_card VALUES (6389584391112670, 'Charles25@hotmail.com', '2023-09-18T21:23:22.148Z', 050);
INSERT INTO pet VALUES ('Bernie', 'Charles25@hotmail.com', 'Fish', 'Quis porro illum aut.', 'Corporis ex autem nihil perspiciatis maxime aut.');
INSERT INTO part_time_ct VALUES ('Charles25@hotmail.com');
INSERT INTO pt_free_schedule VALUES ('Charles25@hotmail.com', '2020-05-13T16:00:00.000Z', '2021-11-13T16:00:00.000Z');
INSERT INTO pt_specializes_in VALUES ('Charles25@hotmail.com', 'Geese (Chinese Swan Goose)', 12);
INSERT INTO pt_specializes_in VALUES ('Charles25@hotmail.com', 'Iguana', 4);
INSERT INTO pt_specializes_in VALUES ('Charles25@hotmail.com', 'Rabbit', 12);

INSERT INTO person VALUES ('Javon.Torphy34@hotmail.com', 'Lucie Gerlach', '$2b$10$r3BD.leaooE.5vU28EYTuuBixKJ5aeV1AyrKyPHHI0BSkH.eNYs5i', '049 Nona Track', 90626586, 'user', 'https://s3.amazonaws.com/uifaces/faces/twitter/moscoz/128.jpg');
INSERT INTO part_time_ct VALUES ('Javon.Torphy34@hotmail.com');
INSERT INTO pt_free_schedule VALUES ('Javon.Torphy34@hotmail.com', '2020-05-13T16:00:00.000Z', '2021-11-13T16:00:00.000Z');
INSERT INTO pt_specializes_in VALUES ('Javon.Torphy34@hotmail.com', 'Goat', 11);

INSERT INTO person VALUES ('Timothy64@hotmail.com', 'Jeffrey Daugherty', '$2b$10$r3BD.leaooE.5vU28EYTuuBixKJ5aeV1AyrKyPHHI0BSkH.eNYs5i', '4803 Edd Cliffs', 90947321, 'user', 'https://s3.amazonaws.com/uifaces/faces/twitter/bfrohs/128.jpg');
INSERT INTO part_time_ct VALUES ('Timothy64@hotmail.com');
INSERT INTO pt_free_schedule VALUES ('Timothy64@hotmail.com', '2020-05-13T16:00:00.000Z', '2021-11-13T16:00:00.000Z');
INSERT INTO pt_specializes_in VALUES ('Timothy64@hotmail.com', 'Chameleons (Veiled)', 3);

INSERT INTO person VALUES ('Demetrius.Schaefer58@yahoo.com', 'Zachary Fisher', '$2b$10$r3BD.leaooE.5vU28EYTuuBixKJ5aeV1AyrKyPHHI0BSkH.eNYs5i', '641 Karelle Crest', 90951111, 'user', 'https://s3.amazonaws.com/uifaces/faces/twitter/wim1k/128.jpg');
INSERT INTO credit_card VALUES (6399327575065530, 'Demetrius.Schaefer58@yahoo.com', '2021-03-12T06:30:05.077Z', 275);
INSERT INTO pet VALUES ('Janis', 'Demetrius.Schaefer58@yahoo.com', 'Chameleons (Veiled)', 'Ducimus sit ut quo voluptatibus incidunt.', 'Dolorem libero aliquam.');
INSERT INTO pet VALUES ('Brice', 'Demetrius.Schaefer58@yahoo.com', 'Guinea Pig', 'Eos vero magni.', 'Cupiditate dolores ratione soluta minus voluptas hic eos.');
INSERT INTO part_time_ct VALUES ('Demetrius.Schaefer58@yahoo.com');
INSERT INTO pt_free_schedule VALUES ('Demetrius.Schaefer58@yahoo.com', '2020-05-13T16:00:00.000Z', '2021-11-13T16:00:00.000Z');
INSERT INTO pt_specializes_in VALUES ('Demetrius.Schaefer58@yahoo.com', 'Bearded Dragon', 8);
INSERT INTO pt_specializes_in VALUES ('Demetrius.Schaefer58@yahoo.com', 'Iguana', 6);

INSERT INTO person VALUES ('Lourdes_Krajcik@gmail.com', 'Sarina Heidenreich', '$2b$10$r3BD.leaooE.5vU28EYTuuBixKJ5aeV1AyrKyPHHI0BSkH.eNYs5i', '302 Johanna Viaduct', 90422733, 'user', 'https://s3.amazonaws.com/uifaces/faces/twitter/peachananr/128.jpg');
INSERT INTO credit_card VALUES (4092622136404235, 'Lourdes_Krajcik@gmail.com', '2023-06-27T11:57:31.004Z', 204);
INSERT INTO pet VALUES ('Hettie', 'Lourdes_Krajcik@gmail.com', 'Gecko', 'Aliquid autem quos.', 'Ut voluptas modi sed doloremque cumque.');
INSERT INTO full_time_ct VALUES ('Lourdes_Krajcik@gmail.com');
INSERT INTO ft_specializes_in VALUES ('Lourdes_Krajcik@gmail.com', 'Peafowl', 19);

INSERT INTO person VALUES ('Elmer80@yahoo.com', 'Michael Halvorson', '$2b$10$r3BD.leaooE.5vU28EYTuuBixKJ5aeV1AyrKyPHHI0BSkH.eNYs5i', '13935 Gorczany Forks', 90301237, 'user', 'https://s3.amazonaws.com/uifaces/faces/twitter/robturlinckx/128.jpg');
INSERT INTO full_time_ct VALUES ('Elmer80@yahoo.com');
INSERT INTO ft_specializes_in VALUES ('Elmer80@yahoo.com', 'Fish', 8);
INSERT INTO ft_specializes_in VALUES ('Elmer80@yahoo.com', 'Geese (Chinese Swan Goose)', 19);

INSERT INTO person VALUES ('Nico9@gmail.com', 'Loren Ankunding', '$2b$10$r3BD.leaooE.5vU28EYTuuBixKJ5aeV1AyrKyPHHI0BSkH.eNYs5i', '9692 Tromp Ridge', 90321986, 'user', 'https://s3.amazonaws.com/uifaces/faces/twitter/laasli/128.jpg');
INSERT INTO part_time_ct VALUES ('Nico9@gmail.com');
INSERT INTO pt_free_schedule VALUES ('Nico9@gmail.com', '2020-05-13T16:00:00.000Z', '2021-11-13T16:00:00.000Z');
INSERT INTO pt_specializes_in VALUES ('Nico9@gmail.com', 'Bird', 5);
INSERT INTO pt_specializes_in VALUES ('Nico9@gmail.com', 'Mice', 20);
INSERT INTO pt_specializes_in VALUES ('Nico9@gmail.com', 'Pig', 10);

INSERT INTO person VALUES ('Aurelio95@yahoo.com', 'Aubree King', '$2b$10$r3BD.leaooE.5vU28EYTuuBixKJ5aeV1AyrKyPHHI0BSkH.eNYs5i', '524 Luciano Corner', 90557525, 'user', 'https://s3.amazonaws.com/uifaces/faces/twitter/ryanjohnson_me/128.jpg');
INSERT INTO credit_card VALUES (6767035214384788, 'Aurelio95@yahoo.com', '2021-11-12T16:38:49.895Z', 555);
INSERT INTO pet VALUES ('Rosetta', 'Aurelio95@yahoo.com', 'Llama', 'Quidem quis totam officiis eum tempore voluptatem.', 'Est doloribus ut et excepturi laudantium deserunt voluptate nostrum.');

INSERT INTO person VALUES ('Ashlee2@yahoo.com', 'Veronica Smitham', '$2b$10$r3BD.leaooE.5vU28EYTuuBixKJ5aeV1AyrKyPHHI0BSkH.eNYs5i', '58622 Crona Estate', 90242067, 'user', 'https://s3.amazonaws.com/uifaces/faces/twitter/keryilmaz/128.jpg');

INSERT INTO person VALUES ('Ephraim_Barton93@hotmail.com', 'Cortney Gerhold', '$2b$10$r3BD.leaooE.5vU28EYTuuBixKJ5aeV1AyrKyPHHI0BSkH.eNYs5i', '33492 Jayce Hills', 90313121, 'user', 'https://s3.amazonaws.com/uifaces/faces/twitter/s4f1/128.jpg');
INSERT INTO credit_card VALUES (5459523583863958, 'Ephraim_Barton93@hotmail.com', '2023-04-16T05:27:44.058Z', 070);
INSERT INTO pet VALUES ('Kaci', 'Ephraim_Barton93@hotmail.com', 'Iguana', 'Blanditiis pariatur est qui.', 'Velit reprehenderit fugit saepe.');

INSERT INTO person VALUES ('Noemy.Ward@yahoo.com', 'Darien Schowalter', '$2b$10$r3BD.leaooE.5vU28EYTuuBixKJ5aeV1AyrKyPHHI0BSkH.eNYs5i', '3550 Rick Underpass', 90110307, 'user', 'https://s3.amazonaws.com/uifaces/faces/twitter/hugomano/128.jpg');

INSERT INTO person VALUES ('Maeve.Mills35@gmail.com', 'Sylvia Leffler', '$2b$10$r3BD.leaooE.5vU28EYTuuBixKJ5aeV1AyrKyPHHI0BSkH.eNYs5i', '06575 Lance Causeway', 90477282, 'user', 'https://s3.amazonaws.com/uifaces/faces/twitter/cyril_gaillard/128.jpg');

INSERT INTO person VALUES ('Lenore.Hyatt66@hotmail.com', 'Leilani Bruen', '$2b$10$r3BD.leaooE.5vU28EYTuuBixKJ5aeV1AyrKyPHHI0BSkH.eNYs5i', '03569 Amalia Court', 90038514, 'user', 'https://s3.amazonaws.com/uifaces/faces/twitter/johnriordan/128.jpg');
INSERT INTO credit_card VALUES (6759489957150362, 'Lenore.Hyatt66@hotmail.com', '2022-10-28T20:19:27.165Z', 221);
INSERT INTO pet VALUES ('Nyah', 'Lenore.Hyatt66@hotmail.com', 'Goat', 'Non eligendi ipsa voluptatum saepe aperiam ipsum dolor.', 'Culpa qui consectetur error.');
INSERT INTO pet VALUES ('Francesca', 'Lenore.Hyatt66@hotmail.com', 'Pot Bellied Pig', 'Eum libero sunt voluptas.', 'Sint et officia occaecati et beatae vitae dolor.');

INSERT INTO person VALUES ('Lance.Herman@gmail.com', 'Shayne Rohan', '$2b$10$r3BD.leaooE.5vU28EYTuuBixKJ5aeV1AyrKyPHHI0BSkH.eNYs5i', '07529 Jast Cape', 90574912, 'user', 'https://s3.amazonaws.com/uifaces/faces/twitter/ruehldesign/128.jpg');
INSERT INTO credit_card VALUES (3529624612980939, 'Lance.Herman@gmail.com', '2021-02-27T06:56:14.123Z', 815);
INSERT INTO pet VALUES ('Brooklyn', 'Lance.Herman@gmail.com', 'Chinese Water Dragon', 'Est nostrum vel ipsa recusandae amet vel.', 'Quisquam aut eligendi hic.');
INSERT INTO pet VALUES ('Elian', 'Lance.Herman@gmail.com', 'Pot Bellied Pig', 'Inventore harum laudantium asperiores sint et blanditiis consequatur sint.', 'Labore rem alias aut molestias ipsa facere id.');

INSERT INTO person VALUES ('Paula.Parisian@yahoo.com', 'Hillary Gusikowski', '$2b$10$r3BD.leaooE.5vU28EYTuuBixKJ5aeV1AyrKyPHHI0BSkH.eNYs5i', '98360 Humberto Ville', 90371368, 'user', 'https://s3.amazonaws.com/uifaces/faces/twitter/SlaapMe/128.jpg');
INSERT INTO credit_card VALUES (5230570254045062, 'Paula.Parisian@yahoo.com', '2021-02-15T11:46:28.466Z', 177);
INSERT INTO pet VALUES ('Bradly', 'Paula.Parisian@yahoo.com', 'Hamster', 'Maxime inventore soluta dolore id.', 'Architecto iusto id.');

INSERT INTO person VALUES ('Declan65@yahoo.com', 'Kareem Hoppe', '$2b$10$r3BD.leaooE.5vU28EYTuuBixKJ5aeV1AyrKyPHHI0BSkH.eNYs5i', '3509 Watsica Springs', 90070397, 'user', 'https://s3.amazonaws.com/uifaces/faces/twitter/IsaryAmairani/128.jpg');
INSERT INTO credit_card VALUES (6767177405994656, 'Declan65@yahoo.com', '2021-02-15T09:40:50.497Z', 452);
INSERT INTO pet VALUES ('Leonardo', 'Declan65@yahoo.com', 'Mice', 'Aut sit veniam.', 'Et tempore dolorem qui ut ut.');
INSERT INTO pet VALUES ('Lucy', 'Declan65@yahoo.com', 'Hog', 'Recusandae accusamus repellat quia qui illo quas eligendi.', 'Nostrum voluptas at et labore dolores officiis recusandae quo veniam.');

INSERT INTO person VALUES ('Augustus_Osinski@hotmail.com', 'Roger Larson', '$2b$10$r3BD.leaooE.5vU28EYTuuBixKJ5aeV1AyrKyPHHI0BSkH.eNYs5i', '87072 Elsa Stravenue', 90552644, 'user', 'https://s3.amazonaws.com/uifaces/faces/twitter/serefka/128.jpg');
INSERT INTO part_time_ct VALUES ('Augustus_Osinski@hotmail.com');
INSERT INTO pt_free_schedule VALUES ('Augustus_Osinski@hotmail.com', '2020-05-13T16:00:00.000Z', '2021-11-13T16:00:00.000Z');
INSERT INTO pt_specializes_in VALUES ('Augustus_Osinski@hotmail.com', 'Geese (Chinese Swan Goose)', 5);
INSERT INTO pt_specializes_in VALUES ('Augustus_Osinski@hotmail.com', 'Goat', 18);

INSERT INTO person VALUES ('Haven.Swift32@hotmail.com', 'Adrian Wisozk', '$2b$10$r3BD.leaooE.5vU28EYTuuBixKJ5aeV1AyrKyPHHI0BSkH.eNYs5i', '7021 Kilback Common', 90011138, 'user', 'https://s3.amazonaws.com/uifaces/faces/twitter/aleinadsays/128.jpg');
INSERT INTO credit_card VALUES (4839241994861, 'Haven.Swift32@hotmail.com', '2022-04-12T22:28:44.593Z', 558);
INSERT INTO pet VALUES ('Emmanuel', 'Haven.Swift32@hotmail.com', 'Hedgehog', 'Enim minus et dolores adipisci deleniti.', 'Dolorem voluptas facere fugit vitae ipsum est laudantium quasi magni.');
INSERT INTO pet VALUES ('Ebony', 'Haven.Swift32@hotmail.com', 'Lizard', 'Rem quae iure rerum nihil esse vitae ut ea.', 'Alias unde et ad.');

INSERT INTO person VALUES ('Percival.Olson@gmail.com', 'Era Roberts', '$2b$10$r3BD.leaooE.5vU28EYTuuBixKJ5aeV1AyrKyPHHI0BSkH.eNYs5i', '2744 Williamson Circles', 90756727, 'user', 'https://s3.amazonaws.com/uifaces/faces/twitter/rude/128.jpg');

INSERT INTO person VALUES ('Camila_Torphy32@hotmail.com', 'Lourdes Swaniawski', '$2b$10$r3BD.leaooE.5vU28EYTuuBixKJ5aeV1AyrKyPHHI0BSkH.eNYs5i', '43444 Frederick Port', 90143659, 'user', 'https://s3.amazonaws.com/uifaces/faces/twitter/daniloc/128.jpg');
INSERT INTO part_time_ct VALUES ('Camila_Torphy32@hotmail.com');
INSERT INTO pt_free_schedule VALUES ('Camila_Torphy32@hotmail.com', '2020-05-13T16:00:00.000Z', '2021-11-13T16:00:00.000Z');
INSERT INTO pt_specializes_in VALUES ('Camila_Torphy32@hotmail.com', 'Iguana', 20);
INSERT INTO pt_specializes_in VALUES ('Camila_Torphy32@hotmail.com', 'Rabbit', 8);

INSERT INTO person VALUES ('Oswaldo_Koepp43@hotmail.com', 'Meghan Carroll', '$2b$10$r3BD.leaooE.5vU28EYTuuBixKJ5aeV1AyrKyPHHI0BSkH.eNYs5i', '36225 Garrick Spring', 90020098, 'user', 'https://s3.amazonaws.com/uifaces/faces/twitter/osvaldas/128.jpg');

INSERT INTO person VALUES ('Kurtis.Vandervort@yahoo.com', 'Landen Schroeder', '$2b$10$r3BD.leaooE.5vU28EYTuuBixKJ5aeV1AyrKyPHHI0BSkH.eNYs5i', '96407 Adams Isle', 90501539, 'user', 'https://s3.amazonaws.com/uifaces/faces/twitter/codepoet_ru/128.jpg');
INSERT INTO full_time_ct VALUES ('Kurtis.Vandervort@yahoo.com');
INSERT INTO ft_specializes_in VALUES ('Kurtis.Vandervort@yahoo.com', 'Gecko', 8);

INSERT INTO person VALUES ('Herta.Harber60@hotmail.com', 'Caesar Schamberger', '$2b$10$r3BD.leaooE.5vU28EYTuuBixKJ5aeV1AyrKyPHHI0BSkH.eNYs5i', '4860 Lueilwitz Fork', 90079273, 'user', 'https://s3.amazonaws.com/uifaces/faces/twitter/nyancecom/128.jpg');
INSERT INTO credit_card VALUES (4421315094868679, 'Herta.Harber60@hotmail.com', '2020-12-05T14:06:12.807Z', 821);
INSERT INTO pet VALUES ('Mazie', 'Herta.Harber60@hotmail.com', 'Chameleons (Veiled)', 'Vitae repudiandae omnis sunt tempora ex et ut.', 'Est autem nihil ut sit vel eius non non.');
INSERT INTO pet VALUES ('Wilfredo', 'Herta.Harber60@hotmail.com', 'Ferret', 'Ea et numquam voluptas autem numquam ducimus blanditiis et quis.', 'Ipsam id id ipsam aut rerum quis ut.');

INSERT INTO person VALUES ('Neal.Schuster67@hotmail.com', 'Heber Schmidt', '$2b$10$r3BD.leaooE.5vU28EYTuuBixKJ5aeV1AyrKyPHHI0BSkH.eNYs5i', '873 Johnston Inlet', 90529062, 'user', 'https://s3.amazonaws.com/uifaces/faces/twitter/mrmartineau/128.jpg');
INSERT INTO credit_card VALUES (6011625563874471, 'Neal.Schuster67@hotmail.com', '2021-03-20T04:48:17.958Z', 737);
INSERT INTO pet VALUES ('Demetrius', 'Neal.Schuster67@hotmail.com', 'Geese (Chinese Swan Goose)', 'Officia unde eaque qui aut odit soluta magni voluptatem officia.', 'Voluptatem sit et nisi dolore quis.');
INSERT INTO pet VALUES ('Destiny', 'Neal.Schuster67@hotmail.com', 'Geese (Chinese Swan Goose)', 'Reprehenderit sit minima qui eius ut quidem doloremque et.', 'Et et sunt ducimus sed laudantium voluptate.');
INSERT INTO full_time_ct VALUES ('Neal.Schuster67@hotmail.com');
INSERT INTO ft_specializes_in VALUES ('Neal.Schuster67@hotmail.com', 'Pig', 1);

INSERT INTO person VALUES ('Velda_King@gmail.com', 'Evie Wolf', '$2b$10$r3BD.leaooE.5vU28EYTuuBixKJ5aeV1AyrKyPHHI0BSkH.eNYs5i', '9430 Elenor Parks', 90352097, 'user', 'https://s3.amazonaws.com/uifaces/faces/twitter/amandabuzard/128.jpg');
INSERT INTO credit_card VALUES (6759677776984313, 'Velda_King@gmail.com', '2022-04-11T10:20:28.516Z', 125);
INSERT INTO pet VALUES ('Llewellyn', 'Velda_King@gmail.com', 'Mule', 'Exercitationem asperiores et.', 'Officiis ex vel illum.');
INSERT INTO pet VALUES ('Polly', 'Velda_King@gmail.com', 'Goat', 'Impedit enim sit ad animi autem facere ea aut.', 'Qui vel laudantium.');
INSERT INTO part_time_ct VALUES ('Velda_King@gmail.com');
INSERT INTO pt_free_schedule VALUES ('Velda_King@gmail.com', '2020-05-13T16:00:00.000Z', '2021-11-13T16:00:00.000Z');
INSERT INTO pt_specializes_in VALUES ('Velda_King@gmail.com', 'Goat', 14);
INSERT INTO pt_specializes_in VALUES ('Velda_King@gmail.com', 'Hamster', 17);
INSERT INTO pt_specializes_in VALUES ('Velda_King@gmail.com', 'Pot Bellied Pig', 7);

INSERT INTO person VALUES ('Layla_Ernser27@gmail.com', 'Milo Jast', '$2b$10$r3BD.leaooE.5vU28EYTuuBixKJ5aeV1AyrKyPHHI0BSkH.eNYs5i', '485 Rutherford Valley', 90310701, 'user', 'https://s3.amazonaws.com/uifaces/faces/twitter/scottfeltham/128.jpg');
INSERT INTO credit_card VALUES (5341213156008694, 'Layla_Ernser27@gmail.com', '2021-10-17T02:31:23.852Z', 515);
INSERT INTO pet VALUES ('Noemy', 'Layla_Ernser27@gmail.com', 'Fish', 'Laboriosam a dicta numquam delectus.', 'Officiis dolores enim rerum ut.');
INSERT INTO pet VALUES ('Nelda', 'Layla_Ernser27@gmail.com', 'Hedgehog', 'Adipisci exercitationem perferendis optio ex.', 'Illo explicabo corporis voluptas est aut.');

INSERT INTO person VALUES ('Ollie_Witting16@hotmail.com', 'Orval Botsford', '$2b$10$r3BD.leaooE.5vU28EYTuuBixKJ5aeV1AyrKyPHHI0BSkH.eNYs5i', '817 Bradtke Walk', 90706924, 'user', 'https://s3.amazonaws.com/uifaces/faces/twitter/erwanhesry/128.jpg');
INSERT INTO credit_card VALUES (3528122282678631, 'Ollie_Witting16@hotmail.com', '2021-04-11T00:09:52.180Z', 062);
INSERT INTO pet VALUES ('Kathlyn', 'Ollie_Witting16@hotmail.com', 'Pig', 'Cum omnis modi omnis ipsam ut.', 'Neque tempore occaecati similique tenetur debitis molestias modi id voluptatem.');

INSERT INTO person VALUES ('Dessie.Stokes98@hotmail.com', 'Brandt Gottlieb', '$2b$10$r3BD.leaooE.5vU28EYTuuBixKJ5aeV1AyrKyPHHI0BSkH.eNYs5i', '3159 Lebsack Mission', 90399745, 'user', 'https://s3.amazonaws.com/uifaces/faces/twitter/sharvin/128.jpg');
INSERT INTO part_time_ct VALUES ('Dessie.Stokes98@hotmail.com');
INSERT INTO pt_free_schedule VALUES ('Dessie.Stokes98@hotmail.com', '2020-05-13T16:00:00.000Z', '2021-11-13T16:00:00.000Z');
INSERT INTO pt_specializes_in VALUES ('Dessie.Stokes98@hotmail.com', 'Pot Bellied Pig', 2);

INSERT INTO person VALUES ('Aiyana_Schulist3@gmail.com', 'Shyann OKon', '$2b$10$r3BD.leaooE.5vU28EYTuuBixKJ5aeV1AyrKyPHHI0BSkH.eNYs5i', '845 Malvina Junction', 90872781, 'user', 'https://s3.amazonaws.com/uifaces/faces/twitter/id835559/128.jpg');

INSERT INTO person VALUES ('Margot.Abshire@gmail.com', 'Ronaldo Wehner', '$2b$10$r3BD.leaooE.5vU28EYTuuBixKJ5aeV1AyrKyPHHI0BSkH.eNYs5i', '81021 Yasmine Springs', 90823714, 'user', 'https://s3.amazonaws.com/uifaces/faces/twitter/joshaustin/128.jpg');
INSERT INTO part_time_ct VALUES ('Margot.Abshire@gmail.com');
INSERT INTO pt_free_schedule VALUES ('Margot.Abshire@gmail.com', '2020-05-13T16:00:00.000Z', '2021-11-13T16:00:00.000Z');
INSERT INTO pt_specializes_in VALUES ('Margot.Abshire@gmail.com', 'Bearded Dragon', 1);
INSERT INTO pt_specializes_in VALUES ('Margot.Abshire@gmail.com', 'Guinea Pig', 14);

INSERT INTO person VALUES ('Brian39@hotmail.com', 'Lexi Kihn', '$2b$10$r3BD.leaooE.5vU28EYTuuBixKJ5aeV1AyrKyPHHI0BSkH.eNYs5i', '7880 Janiya Manors', 90980384, 'user', 'https://s3.amazonaws.com/uifaces/faces/twitter/doronmalki/128.jpg');

INSERT INTO person VALUES ('Vance8@yahoo.com', 'Anastacio Romaguera', '$2b$10$r3BD.leaooE.5vU28EYTuuBixKJ5aeV1AyrKyPHHI0BSkH.eNYs5i', '5791 Dominic Hills', 90421063, 'user', 'https://s3.amazonaws.com/uifaces/faces/twitter/alexivanichkin/128.jpg');

INSERT INTO person VALUES ('Gerardo.Wiza39@gmail.com', 'Gregory Hamill', '$2b$10$r3BD.leaooE.5vU28EYTuuBixKJ5aeV1AyrKyPHHI0BSkH.eNYs5i', '7157 Johnston Harbors', 90005144, 'user', 'https://s3.amazonaws.com/uifaces/faces/twitter/_shahedk/128.jpg');
INSERT INTO credit_card VALUES (5494240428704361, 'Gerardo.Wiza39@gmail.com', '2021-04-16T23:53:38.184Z', 566);
INSERT INTO pet VALUES ('Coby', 'Gerardo.Wiza39@gmail.com', 'Duck', 'Tempora quod consequatur quas.', 'Eaque iure nobis architecto quo ea id aliquam maiores optio.');
INSERT INTO pet VALUES ('Haylee', 'Gerardo.Wiza39@gmail.com', 'Rabbit', 'Cupiditate nam eos et rerum consectetur sint ut quisquam.', 'Magni aspernatur fugiat animi quisquam delectus error numquam.');

INSERT INTO person VALUES ('Emmie_Dicki@hotmail.com', 'Reed Gleason', '$2b$10$r3BD.leaooE.5vU28EYTuuBixKJ5aeV1AyrKyPHHI0BSkH.eNYs5i', '39941 Maria Manor', 90008724, 'user', 'https://s3.amazonaws.com/uifaces/faces/twitter/polarity/128.jpg');
INSERT INTO credit_card VALUES (6371496549501728, 'Emmie_Dicki@hotmail.com', '2021-07-21T08:39:29.300Z', 267);
INSERT INTO pet VALUES ('Adrienne', 'Emmie_Dicki@hotmail.com', 'Chicken', 'Iure vel aut eos in et voluptas molestiae at sint.', 'Voluptatem nobis ex doloribus qui quia.');
INSERT INTO pet VALUES ('Audra', 'Emmie_Dicki@hotmail.com', 'Iguana', 'Et nam sapiente sed expedita.', 'Numquam impedit in id quis possimus inventore similique sit.');
INSERT INTO part_time_ct VALUES ('Emmie_Dicki@hotmail.com');
INSERT INTO pt_free_schedule VALUES ('Emmie_Dicki@hotmail.com', '2020-05-13T16:00:00.000Z', '2021-11-13T16:00:00.000Z');
INSERT INTO pt_specializes_in VALUES ('Emmie_Dicki@hotmail.com', 'Chinchilla', 15);
INSERT INTO pt_specializes_in VALUES ('Emmie_Dicki@hotmail.com', 'Cow', 19);
INSERT INTO pt_specializes_in VALUES ('Emmie_Dicki@hotmail.com', 'Duck', 13);

INSERT INTO person VALUES ('Heidi_Smith5@gmail.com', 'Griffin Hermiston', '$2b$10$r3BD.leaooE.5vU28EYTuuBixKJ5aeV1AyrKyPHHI0BSkH.eNYs5i', '948 Scottie Square', 90552299, 'user', 'https://s3.amazonaws.com/uifaces/faces/twitter/chris_witko/128.jpg');
INSERT INTO full_time_ct VALUES ('Heidi_Smith5@gmail.com');
INSERT INTO ft_specializes_in VALUES ('Heidi_Smith5@gmail.com', 'Burro', 13);

INSERT INTO person VALUES ('Brycen_Yundt27@gmail.com', 'Ardella Blick', '$2b$10$r3BD.leaooE.5vU28EYTuuBixKJ5aeV1AyrKyPHHI0BSkH.eNYs5i', '5179 Weimann Ville', 90923283, 'user', 'https://s3.amazonaws.com/uifaces/faces/twitter/pmeissner/128.jpg');

INSERT INTO person VALUES ('Annie90@hotmail.com', 'Quinn Sipes', '$2b$10$r3BD.leaooE.5vU28EYTuuBixKJ5aeV1AyrKyPHHI0BSkH.eNYs5i', '17482 Sawayn Parks', 90160025, 'user', 'https://s3.amazonaws.com/uifaces/faces/twitter/mr_subtle/128.jpg');
INSERT INTO credit_card VALUES (4733375642836, 'Annie90@hotmail.com', '2024-03-22T00:27:43.389Z', 152);
INSERT INTO pet VALUES ('Richie', 'Annie90@hotmail.com', 'Chameleons (Veiled)', 'Rem ut aut mollitia qui.', 'Debitis provident ut optio quibusdam id.');
INSERT INTO pet VALUES ('Birdie', 'Annie90@hotmail.com', 'Bearded Dragon', 'Non magnam nemo.', 'Quae id quibusdam dolorem ab repudiandae.');
INSERT INTO full_time_ct VALUES ('Annie90@hotmail.com');
INSERT INTO ft_specializes_in VALUES ('Annie90@hotmail.com', 'Ferret', 12);
INSERT INTO ft_specializes_in VALUES ('Annie90@hotmail.com', 'Fish', 17);
INSERT INTO ft_specializes_in VALUES ('Annie90@hotmail.com', 'Lizard', 18);

INSERT INTO person VALUES ('Marisol_Crooks4@yahoo.com', 'Augustus Fritsch', '$2b$10$r3BD.leaooE.5vU28EYTuuBixKJ5aeV1AyrKyPHHI0BSkH.eNYs5i', '4278 Ryann Drive', 90501268, 'user', 'https://s3.amazonaws.com/uifaces/faces/twitter/jayphen/128.jpg');
INSERT INTO part_time_ct VALUES ('Marisol_Crooks4@yahoo.com');
INSERT INTO pt_free_schedule VALUES ('Marisol_Crooks4@yahoo.com', '2020-05-13T16:00:00.000Z', '2021-11-13T16:00:00.000Z');
INSERT INTO pt_specializes_in VALUES ('Marisol_Crooks4@yahoo.com', 'Burro', 3);

INSERT INTO person VALUES ('Kaci.Lowe48@gmail.com', 'Orion Rodriguez', '$2b$10$r3BD.leaooE.5vU28EYTuuBixKJ5aeV1AyrKyPHHI0BSkH.eNYs5i', '0918 Ford Lodge', 90298161, 'user', 'https://s3.amazonaws.com/uifaces/faces/twitter/jay_wilburn/128.jpg');
INSERT INTO credit_card VALUES (6759773560902403, 'Kaci.Lowe48@gmail.com', '2021-11-18T09:29:13.013Z', 798);
INSERT INTO pet VALUES ('May', 'Kaci.Lowe48@gmail.com', 'Guinea Fowl', 'Ab numquam non possimus illo commodi.', 'Repellendus explicabo similique placeat laudantium nesciunt natus enim vel occaecati.');
INSERT INTO part_time_ct VALUES ('Kaci.Lowe48@gmail.com');
INSERT INTO pt_free_schedule VALUES ('Kaci.Lowe48@gmail.com', '2020-05-13T16:00:00.000Z', '2021-11-13T16:00:00.000Z');
INSERT INTO pt_specializes_in VALUES ('Kaci.Lowe48@gmail.com', 'Geese (Chinese Swan Goose)', 1);
INSERT INTO pt_specializes_in VALUES ('Kaci.Lowe48@gmail.com', 'Ponie', 15);
INSERT INTO pt_specializes_in VALUES ('Kaci.Lowe48@gmail.com', 'Rabbit', 12);

INSERT INTO person VALUES ('Justyn.Heidenreich18@hotmail.com', 'Makayla Orn', '$2b$10$r3BD.leaooE.5vU28EYTuuBixKJ5aeV1AyrKyPHHI0BSkH.eNYs5i', '10809 Pacocha Dale', 90684878, 'user', 'https://s3.amazonaws.com/uifaces/faces/twitter/bergmartin/128.jpg');
INSERT INTO full_time_ct VALUES ('Justyn.Heidenreich18@hotmail.com');
INSERT INTO ft_specializes_in VALUES ('Justyn.Heidenreich18@hotmail.com', 'Duck', 9);
INSERT INTO ft_specializes_in VALUES ('Justyn.Heidenreich18@hotmail.com', 'Ferret', 16);
INSERT INTO ft_specializes_in VALUES ('Justyn.Heidenreich18@hotmail.com', 'Goat', 0);

INSERT INTO person VALUES ('Lonny.McLaughlin64@yahoo.com', 'Elian Green', '$2b$10$r3BD.leaooE.5vU28EYTuuBixKJ5aeV1AyrKyPHHI0BSkH.eNYs5i', '8147 Block Stravenue', 90369972, 'user', 'https://s3.amazonaws.com/uifaces/faces/twitter/lowie/128.jpg');

INSERT INTO person VALUES ('Webster21@hotmail.com', 'Brock Schmitt', '$2b$10$r3BD.leaooE.5vU28EYTuuBixKJ5aeV1AyrKyPHHI0BSkH.eNYs5i', '182 Ratke Port', 90784914, 'user', 'https://s3.amazonaws.com/uifaces/faces/twitter/robturlinckx/128.jpg');
INSERT INTO credit_card VALUES (6709355670803411, 'Webster21@hotmail.com', '2021-04-29T19:33:03.257Z', 122);
INSERT INTO pet VALUES ('Nakia', 'Webster21@hotmail.com', 'Hedgehog', 'Libero eligendi voluptate.', 'Ullam aut sit totam ut voluptatem tempore.');
INSERT INTO part_time_ct VALUES ('Webster21@hotmail.com');
INSERT INTO pt_free_schedule VALUES ('Webster21@hotmail.com', '2020-05-13T16:00:00.000Z', '2021-11-13T16:00:00.000Z');
INSERT INTO pt_specializes_in VALUES ('Webster21@hotmail.com', 'Chinese Water Dragon', 9);
INSERT INTO pt_specializes_in VALUES ('Webster21@hotmail.com', 'Gerbil', 4);

INSERT INTO person VALUES ('Kelsie.Herzog98@yahoo.com', 'Braeden Schaden', '$2b$10$r3BD.leaooE.5vU28EYTuuBixKJ5aeV1AyrKyPHHI0BSkH.eNYs5i', '7231 Emard Street', 90964166, 'user', 'https://s3.amazonaws.com/uifaces/faces/twitter/megdraws/128.jpg');
INSERT INTO credit_card VALUES (6767654215208057, 'Kelsie.Herzog98@yahoo.com', '2020-11-14T20:21:29.958Z', 396);
INSERT INTO pet VALUES ('Juliana', 'Kelsie.Herzog98@yahoo.com', 'Duck', 'Autem voluptatem porro id rerum consectetur numquam est qui.', 'Rem earum doloribus enim laborum expedita.');
INSERT INTO pet VALUES ('Chadrick', 'Kelsie.Herzog98@yahoo.com', 'Fish', 'Nesciunt corporis numquam excepturi consectetur quia.', 'Autem quia et optio sit earum quam quo aliquid et.');
INSERT INTO part_time_ct VALUES ('Kelsie.Herzog98@yahoo.com');
INSERT INTO pt_free_schedule VALUES ('Kelsie.Herzog98@yahoo.com', '2020-05-13T16:00:00.000Z', '2021-11-13T16:00:00.000Z');
INSERT INTO pt_specializes_in VALUES ('Kelsie.Herzog98@yahoo.com', 'Goat', 18);
INSERT INTO pt_specializes_in VALUES ('Kelsie.Herzog98@yahoo.com', 'Pot Bellied Pig', 20);
INSERT INTO pt_specializes_in VALUES ('Kelsie.Herzog98@yahoo.com', 'Rabbit', 12);

INSERT INTO person VALUES ('Sammy87@hotmail.com', 'Estelle Feeney', '$2b$10$r3BD.leaooE.5vU28EYTuuBixKJ5aeV1AyrKyPHHI0BSkH.eNYs5i', '663 Bailey Ville', 90104156, 'user', 'https://s3.amazonaws.com/uifaces/faces/twitter/dgclegg/128.jpg');

INSERT INTO person VALUES ('Tomas_Koch@yahoo.com', 'Arjun Hammes', '$2b$10$r3BD.leaooE.5vU28EYTuuBixKJ5aeV1AyrKyPHHI0BSkH.eNYs5i', '773 Kertzmann Stream', 90697728, 'user', 'https://s3.amazonaws.com/uifaces/faces/twitter/shinze/128.jpg');

INSERT INTO person VALUES ('Makenzie_Block21@yahoo.com', 'Yvette Ledner', '$2b$10$r3BD.leaooE.5vU28EYTuuBixKJ5aeV1AyrKyPHHI0BSkH.eNYs5i', '02373 Wendy Extension', 90447920, 'user', 'https://s3.amazonaws.com/uifaces/faces/twitter/aviddayentonbay/128.jpg');
INSERT INTO credit_card VALUES (4823045082814, 'Makenzie_Block21@yahoo.com', '2021-06-30T12:46:31.631Z', 428);
INSERT INTO pet VALUES ('Sabryna', 'Makenzie_Block21@yahoo.com', 'Pot Bellied Pig', 'Quo non qui nulla.', 'Fuga nesciunt rerum voluptas ipsa architecto voluptatem placeat.');
INSERT INTO full_time_ct VALUES ('Makenzie_Block21@yahoo.com');
INSERT INTO ft_specializes_in VALUES ('Makenzie_Block21@yahoo.com', 'Peafowl', 18);

INSERT INTO person VALUES ('Jolie_Lockman@yahoo.com', 'Camille Schoen', '$2b$10$r3BD.leaooE.5vU28EYTuuBixKJ5aeV1AyrKyPHHI0BSkH.eNYs5i', '03714 Marquardt Fork', 90455347, 'user', 'https://s3.amazonaws.com/uifaces/faces/twitter/rweve/128.jpg');

INSERT INTO person VALUES ('Collin28@hotmail.com', 'Connor Kuphal', '$2b$10$r3BD.leaooE.5vU28EYTuuBixKJ5aeV1AyrKyPHHI0BSkH.eNYs5i', '95839 Eino Falls', 90820816, 'user', 'https://s3.amazonaws.com/uifaces/faces/twitter/ganserene/128.jpg');
INSERT INTO full_time_ct VALUES ('Collin28@hotmail.com');
INSERT INTO ft_specializes_in VALUES ('Collin28@hotmail.com', 'Mule', 11);

INSERT INTO person VALUES ('Kristoffer.White@gmail.com', 'Loyce McLaughlin', '$2b$10$r3BD.leaooE.5vU28EYTuuBixKJ5aeV1AyrKyPHHI0BSkH.eNYs5i', '4512 Dell Gateway', 90479131, 'user', 'https://s3.amazonaws.com/uifaces/faces/twitter/ashocka18/128.jpg');

INSERT INTO person VALUES ('Clovis_Collins@gmail.com', 'Cecile Crona', '$2b$10$r3BD.leaooE.5vU28EYTuuBixKJ5aeV1AyrKyPHHI0BSkH.eNYs5i', '347 McKenzie Forks', 90279321, 'user', 'https://s3.amazonaws.com/uifaces/faces/twitter/isnifer/128.jpg');
INSERT INTO credit_card VALUES (374688536909082, 'Clovis_Collins@gmail.com', '2020-11-23T03:56:46.532Z', 012);
INSERT INTO pet VALUES ('Bertrand', 'Clovis_Collins@gmail.com', 'Bearded Dragon', 'Commodi ipsum voluptatem facilis tempora eos maiores.', 'Quaerat ut cupiditate quis.');
INSERT INTO pet VALUES ('Leanne', 'Clovis_Collins@gmail.com', 'Lizard', 'Vitae voluptatem pariatur dolore esse dicta nostrum repudiandae.', 'Pariatur et dolor quidem optio omnis praesentium qui.');

INSERT INTO person VALUES ('Jaydon.Hyatt@gmail.com', 'Theodore Mante', '$2b$10$r3BD.leaooE.5vU28EYTuuBixKJ5aeV1AyrKyPHHI0BSkH.eNYs5i', '969 Lemke Gateway', 90392962, 'user', 'https://s3.amazonaws.com/uifaces/faces/twitter/afusinatto/128.jpg');
INSERT INTO credit_card VALUES (6559622854402564, 'Jaydon.Hyatt@gmail.com', '2021-11-23T03:04:25.572Z', 276);
INSERT INTO pet VALUES ('Chance', 'Jaydon.Hyatt@gmail.com', 'Rabbit', 'Voluptatem minus et.', 'Et sunt quam iure esse consequatur distinctio.');

INSERT INTO person VALUES ('Shaun_Herzog@yahoo.com', 'Forrest Becker', '$2b$10$r3BD.leaooE.5vU28EYTuuBixKJ5aeV1AyrKyPHHI0BSkH.eNYs5i', '5392 Kale Lock', 90596896, 'user', 'https://s3.amazonaws.com/uifaces/faces/twitter/omnizya/128.jpg');
INSERT INTO credit_card VALUES (5293026110905890, 'Shaun_Herzog@yahoo.com', '2022-05-03T07:20:53.184Z', 710);
INSERT INTO pet VALUES ('Asia', 'Shaun_Herzog@yahoo.com', 'Pigeon', 'Voluptas eum cumque nesciunt exercitationem minima et vel eaque nihil.', 'Quam ut illum repellendus.');
INSERT INTO pet VALUES ('Damian', 'Shaun_Herzog@yahoo.com', 'Guinea Pig', 'Est soluta omnis.', 'Et non error quidem est eum architecto aliquam itaque sed.');

INSERT INTO person VALUES ('Noe.Larson@gmail.com', 'Horacio Fritsch', '$2b$10$r3BD.leaooE.5vU28EYTuuBixKJ5aeV1AyrKyPHHI0BSkH.eNYs5i', '866 Stokes Alley', 90350443, 'user', 'https://s3.amazonaws.com/uifaces/faces/twitter/amayvs/128.jpg');
INSERT INTO full_time_ct VALUES ('Noe.Larson@gmail.com');
INSERT INTO ft_specializes_in VALUES ('Noe.Larson@gmail.com', 'Chinese Water Dragon', 2);

INSERT INTO person VALUES ('Mike60@gmail.com', 'Tressie Ritchie', '$2b$10$r3BD.leaooE.5vU28EYTuuBixKJ5aeV1AyrKyPHHI0BSkH.eNYs5i', '799 Raynor Island', 90655422, 'user', 'https://s3.amazonaws.com/uifaces/faces/twitter/chaensel/128.jpg');
INSERT INTO credit_card VALUES (6388643425797398, 'Mike60@gmail.com', '2020-12-11T18:47:50.226Z', 111);
INSERT INTO pet VALUES ('Josie', 'Mike60@gmail.com', 'Cow', 'Maiores debitis nulla eveniet.', 'Quia vero quos laboriosam vel aliquam repellat necessitatibus sit aspernatur.');

INSERT INTO person VALUES ('Jocelyn.Kassulke12@gmail.com', 'Kasandra Rau', '$2b$10$r3BD.leaooE.5vU28EYTuuBixKJ5aeV1AyrKyPHHI0BSkH.eNYs5i', '00962 DAmore Coves', 90953747, 'user', 'https://s3.amazonaws.com/uifaces/faces/twitter/vimarethomas/128.jpg');
INSERT INTO credit_card VALUES (4952426971848362, 'Jocelyn.Kassulke12@gmail.com', '2021-11-03T06:48:03.503Z', 130);
INSERT INTO pet VALUES ('Elyse', 'Jocelyn.Kassulke12@gmail.com', 'Duck', 'Voluptates qui sunt repellendus dolorem eaque.', 'Aspernatur et qui.');

INSERT INTO person VALUES ('Madelyn21@yahoo.com', 'Justine Windler', '$2b$10$r3BD.leaooE.5vU28EYTuuBixKJ5aeV1AyrKyPHHI0BSkH.eNYs5i', '8356 Schowalter Summit', 90291114, 'user', 'https://s3.amazonaws.com/uifaces/faces/twitter/traneblow/128.jpg');
INSERT INTO full_time_ct VALUES ('Madelyn21@yahoo.com');
INSERT INTO ft_specializes_in VALUES ('Madelyn21@yahoo.com', 'Fish', 11);
INSERT INTO ft_specializes_in VALUES ('Madelyn21@yahoo.com', 'Guinea Pig', 2);

INSERT INTO person VALUES ('Magali_Wiza@gmail.com', 'Hollis Dibbert', '$2b$10$r3BD.leaooE.5vU28EYTuuBixKJ5aeV1AyrKyPHHI0BSkH.eNYs5i', '01450 Demarcus Island', 90355520, 'user', 'https://s3.amazonaws.com/uifaces/faces/twitter/bistrianiosip/128.jpg');
INSERT INTO credit_card VALUES (372187814913017, 'Magali_Wiza@gmail.com', '2022-02-24T01:05:05.319Z', 177);
INSERT INTO pet VALUES ('Kennedy', 'Magali_Wiza@gmail.com', 'Horse', 'Doloremque ut assumenda voluptas vel.', 'Sed fugit dolore quia.');
INSERT INTO pet VALUES ('Lilian', 'Magali_Wiza@gmail.com', 'Mice', 'Consequatur repellat fugit consectetur quae quia.', 'Necessitatibus aspernatur minus non dolores sit eum et aut facilis.');
INSERT INTO part_time_ct VALUES ('Magali_Wiza@gmail.com');
INSERT INTO pt_free_schedule VALUES ('Magali_Wiza@gmail.com', '2020-05-13T16:00:00.000Z', '2021-11-13T16:00:00.000Z');
INSERT INTO pt_specializes_in VALUES ('Magali_Wiza@gmail.com', 'Peafowl', 8);

INSERT INTO person VALUES ('Rosendo.Herman64@hotmail.com', 'Janae Reynolds', '$2b$10$r3BD.leaooE.5vU28EYTuuBixKJ5aeV1AyrKyPHHI0BSkH.eNYs5i', '418 Antonia Alley', 90229198, 'user', 'https://s3.amazonaws.com/uifaces/faces/twitter/rachelreveley/128.jpg');

INSERT INTO person VALUES ('Rosamond16@hotmail.com', 'Conrad McKenzie', '$2b$10$r3BD.leaooE.5vU28EYTuuBixKJ5aeV1AyrKyPHHI0BSkH.eNYs5i', '4055 Wunsch Drive', 90231429, 'user', 'https://s3.amazonaws.com/uifaces/faces/twitter/grrr_nl/128.jpg');
INSERT INTO credit_card VALUES (3539456177820079, 'Rosamond16@hotmail.com', '2022-01-20T21:48:15.315Z', 058);
INSERT INTO pet VALUES ('Moriah', 'Rosamond16@hotmail.com', 'Donkey', 'Inventore amet unde distinctio mollitia optio.', 'Eveniet atque veritatis dolores reprehenderit vel beatae autem nihil sunt.');
INSERT INTO pet VALUES ('Jonathon', 'Rosamond16@hotmail.com', 'Hedgehog', 'Et eum nam.', 'Corporis voluptas est eos nisi et velit quia possimus.');
INSERT INTO part_time_ct VALUES ('Rosamond16@hotmail.com');
INSERT INTO pt_free_schedule VALUES ('Rosamond16@hotmail.com', '2020-05-13T16:00:00.000Z', '2021-11-13T16:00:00.000Z');
INSERT INTO pt_specializes_in VALUES ('Rosamond16@hotmail.com', 'Llama', 15);

INSERT INTO person VALUES ('Carey.Erdman@yahoo.com', 'Krystal Lowe', '$2b$10$r3BD.leaooE.5vU28EYTuuBixKJ5aeV1AyrKyPHHI0BSkH.eNYs5i', '760 Boehm Drive', 90888623, 'user', 'https://s3.amazonaws.com/uifaces/faces/twitter/victorstuber/128.jpg');

INSERT INTO person VALUES ('Celestino.Wuckert20@hotmail.com', 'Erich Rice', '$2b$10$r3BD.leaooE.5vU28EYTuuBixKJ5aeV1AyrKyPHHI0BSkH.eNYs5i', '398 Kyla Landing', 90276828, 'user', 'https://s3.amazonaws.com/uifaces/faces/twitter/ssbb_me/128.jpg');
INSERT INTO credit_card VALUES (6759081562333728, 'Celestino.Wuckert20@hotmail.com', '2021-06-04T02:49:15.611Z', 202);
INSERT INTO pet VALUES ('Reymundo', 'Celestino.Wuckert20@hotmail.com', 'Llama', 'Eos qui omnis officiis.', 'Incidunt praesentium voluptatibus omnis illo quis culpa ut dicta dolorum.');
INSERT INTO full_time_ct VALUES ('Celestino.Wuckert20@hotmail.com');
INSERT INTO ft_specializes_in VALUES ('Celestino.Wuckert20@hotmail.com', 'Hamster', 17);
INSERT INTO ft_specializes_in VALUES ('Celestino.Wuckert20@hotmail.com', 'Rabbit', 20);

INSERT INTO person VALUES ('Madisyn_Gaylord@gmail.com', 'Flossie Leuschke', '$2b$10$r3BD.leaooE.5vU28EYTuuBixKJ5aeV1AyrKyPHHI0BSkH.eNYs5i', '4453 Kamron Summit', 90102222, 'user', 'https://s3.amazonaws.com/uifaces/faces/twitter/fiterik/128.jpg');
INSERT INTO credit_card VALUES (6304831252959354, 'Madisyn_Gaylord@gmail.com', '2021-05-04T06:25:09.694Z', 066);
INSERT INTO pet VALUES ('Arlene', 'Madisyn_Gaylord@gmail.com', 'Chinchilla', 'Nesciunt sunt possimus enim magnam eos commodi quod quaerat.', 'Quam debitis molestiae et soluta enim eos architecto consectetur quis.');
INSERT INTO pet VALUES ('Darius', 'Madisyn_Gaylord@gmail.com', 'Mice', 'Ipsam nam est natus.', 'Beatae velit odit atque facilis et quis sit.');

INSERT INTO person VALUES ('Alena_Johns@hotmail.com', 'Ike Friesen', '$2b$10$r3BD.leaooE.5vU28EYTuuBixKJ5aeV1AyrKyPHHI0BSkH.eNYs5i', '60899 Rex Walks', 90000949, 'user', 'https://s3.amazonaws.com/uifaces/faces/twitter/markretzloff/128.jpg');
INSERT INTO credit_card VALUES (36621019276915, 'Alena_Johns@hotmail.com', '2022-06-18T07:01:51.306Z', 329);
INSERT INTO pet VALUES ('Dimitri', 'Alena_Johns@hotmail.com', 'Guinea Pig', 'Error sint et animi odio ut id asperiores non.', 'Labore et velit odit.');
INSERT INTO pet VALUES ('Sam', 'Alena_Johns@hotmail.com', 'Hog', 'Neque maiores accusantium dolores est sit.', 'Aliquid et porro.');
INSERT INTO part_time_ct VALUES ('Alena_Johns@hotmail.com');
INSERT INTO pt_free_schedule VALUES ('Alena_Johns@hotmail.com', '2020-05-13T16:00:00.000Z', '2021-11-13T16:00:00.000Z');
INSERT INTO pt_specializes_in VALUES ('Alena_Johns@hotmail.com', 'Mice', 17);

INSERT INTO person VALUES ('Zula_Mayer88@hotmail.com', 'Buddy Kessler', '$2b$10$r3BD.leaooE.5vU28EYTuuBixKJ5aeV1AyrKyPHHI0BSkH.eNYs5i', '70537 Wyatt Flat', 90921629, 'user', 'https://s3.amazonaws.com/uifaces/faces/twitter/itstotallyamy/128.jpg');
INSERT INTO part_time_ct VALUES ('Zula_Mayer88@hotmail.com');
INSERT INTO pt_free_schedule VALUES ('Zula_Mayer88@hotmail.com', '2020-05-13T16:00:00.000Z', '2021-11-13T16:00:00.000Z');
INSERT INTO pt_specializes_in VALUES ('Zula_Mayer88@hotmail.com', 'Hedgehog', 2);

INSERT INTO person VALUES ('Clementine.Douglas@hotmail.com', 'Susan Crist', '$2b$10$r3BD.leaooE.5vU28EYTuuBixKJ5aeV1AyrKyPHHI0BSkH.eNYs5i', '9871 Hoeger Rue', 90856336, 'user', 'https://s3.amazonaws.com/uifaces/faces/twitter/YoungCutlass/128.jpg');

INSERT INTO person VALUES ('Jackson59@gmail.com', 'Edwina Walsh', '$2b$10$r3BD.leaooE.5vU28EYTuuBixKJ5aeV1AyrKyPHHI0BSkH.eNYs5i', '07269 Morissette Field', 90854944, 'user', 'https://s3.amazonaws.com/uifaces/faces/twitter/melvindidit/128.jpg');
INSERT INTO full_time_ct VALUES ('Jackson59@gmail.com');
INSERT INTO ft_specializes_in VALUES ('Jackson59@gmail.com', 'Chameleons (Veiled)', 14);
INSERT INTO ft_specializes_in VALUES ('Jackson59@gmail.com', 'Chinese Water Dragon', 1);

INSERT INTO person VALUES ('Devan28@gmail.com', 'Felicita Koelpin', '$2b$10$r3BD.leaooE.5vU28EYTuuBixKJ5aeV1AyrKyPHHI0BSkH.eNYs5i', '9468 Hagenes Mount', 90273900, 'user', 'https://s3.amazonaws.com/uifaces/faces/twitter/ponchomendivil/128.jpg');

INSERT INTO person VALUES ('Yolanda30@hotmail.com', 'Adalberto Runte', '$2b$10$r3BD.leaooE.5vU28EYTuuBixKJ5aeV1AyrKyPHHI0BSkH.eNYs5i', '877 Anna Lakes', 90357728, 'user', 'https://s3.amazonaws.com/uifaces/faces/twitter/marakasina/128.jpg');

INSERT INTO person VALUES ('Mercedes92@hotmail.com', 'Daniela Kuhic', '$2b$10$r3BD.leaooE.5vU28EYTuuBixKJ5aeV1AyrKyPHHI0BSkH.eNYs5i', '21177 Rutherford Centers', 90065021, 'user', 'https://s3.amazonaws.com/uifaces/faces/twitter/jehnglynn/128.jpg');
INSERT INTO credit_card VALUES (6011580274142994, 'Mercedes92@hotmail.com', '2021-10-23T07:51:16.221Z', 602);
INSERT INTO pet VALUES ('Finn', 'Mercedes92@hotmail.com', 'Hamster', 'Modi provident aut aperiam maiores voluptas facere quis a.', 'Accusantium numquam quisquam consequuntur excepturi tenetur voluptas sapiente praesentium.');
INSERT INTO pet VALUES ('Jeffry', 'Mercedes92@hotmail.com', 'Guinea Pig', 'Voluptate id laborum libero.', 'Vitae cupiditate cupiditate voluptatem beatae ut et dolores.');

INSERT INTO person VALUES ('Ole.McKenzie4@gmail.com', 'Toney Leuschke', '$2b$10$r3BD.leaooE.5vU28EYTuuBixKJ5aeV1AyrKyPHHI0BSkH.eNYs5i', '0984 Lucious Plain', 90401743, 'user', 'https://s3.amazonaws.com/uifaces/faces/twitter/jqiuss/128.jpg');

INSERT INTO person VALUES ('Braeden97@gmail.com', 'Gustave Walsh', '$2b$10$r3BD.leaooE.5vU28EYTuuBixKJ5aeV1AyrKyPHHI0BSkH.eNYs5i', '029 Reinger Route', 90121310, 'user', 'https://s3.amazonaws.com/uifaces/faces/twitter/rawdiggie/128.jpg');

INSERT INTO person VALUES ('Bridie_OHara@hotmail.com', 'Grover Hoppe', '$2b$10$r3BD.leaooE.5vU28EYTuuBixKJ5aeV1AyrKyPHHI0BSkH.eNYs5i', '53281 Katlynn Crossroad', 90146757, 'user', 'https://s3.amazonaws.com/uifaces/faces/twitter/ariil/128.jpg');

INSERT INTO person VALUES ('Jess.Fadel73@hotmail.com', 'Cecil Lowe', '$2b$10$r3BD.leaooE.5vU28EYTuuBixKJ5aeV1AyrKyPHHI0BSkH.eNYs5i', '26861 Melody Junctions', 90731254, 'user', 'https://s3.amazonaws.com/uifaces/faces/twitter/alexivanichkin/128.jpg');
INSERT INTO credit_card VALUES (3528941593617055, 'Jess.Fadel73@hotmail.com', '2020-12-13T19:42:38.579Z', 613);
INSERT INTO pet VALUES ('Ruthe', 'Jess.Fadel73@hotmail.com', 'Ponie', 'Non impedit a ut impedit beatae aliquid.', 'Soluta in soluta fuga.');
INSERT INTO full_time_ct VALUES ('Jess.Fadel73@hotmail.com');
INSERT INTO ft_specializes_in VALUES ('Jess.Fadel73@hotmail.com', 'Pot Bellied Pig', 12);

INSERT INTO person VALUES ('Hillard94@yahoo.com', 'Bertrand Becker', '$2b$10$r3BD.leaooE.5vU28EYTuuBixKJ5aeV1AyrKyPHHI0BSkH.eNYs5i', '430 Boehm Rapid', 90708641, 'user', 'https://s3.amazonaws.com/uifaces/faces/twitter/spedwig/128.jpg');
INSERT INTO credit_card VALUES (3528425224749990, 'Hillard94@yahoo.com', '2023-10-23T01:09:02.846Z', 316);
INSERT INTO pet VALUES ('Coy', 'Hillard94@yahoo.com', 'Guinea Fowl', 'Voluptatibus vero autem quis error aut et sed quo id.', 'Voluptatem aliquid dicta in ut.');
INSERT INTO part_time_ct VALUES ('Hillard94@yahoo.com');
INSERT INTO pt_free_schedule VALUES ('Hillard94@yahoo.com', '2020-05-13T16:00:00.000Z', '2021-11-13T16:00:00.000Z');
INSERT INTO pt_specializes_in VALUES ('Hillard94@yahoo.com', 'Ferret', 7);
INSERT INTO pt_specializes_in VALUES ('Hillard94@yahoo.com', 'Pot Bellied Pig', 11);

INSERT INTO person VALUES ('Ezequiel_Brekke@yahoo.com', 'Ethelyn Metz', '$2b$10$r3BD.leaooE.5vU28EYTuuBixKJ5aeV1AyrKyPHHI0BSkH.eNYs5i', '8258 Abelardo Oval', 90033128, 'user', 'https://s3.amazonaws.com/uifaces/faces/twitter/praveen_vijaya/128.jpg');
INSERT INTO credit_card VALUES (6386469807993708, 'Ezequiel_Brekke@yahoo.com', '2021-01-27T12:20:51.766Z', 619);
INSERT INTO pet VALUES ('Dora', 'Ezequiel_Brekke@yahoo.com', 'Gerbil', 'Nemo vero velit.', 'Magnam reiciendis reprehenderit.');
INSERT INTO pet VALUES ('Irma', 'Ezequiel_Brekke@yahoo.com', 'Guinea Pig', 'Qui provident a.', 'Voluptatem magnam aut optio vel.');
INSERT INTO full_time_ct VALUES ('Ezequiel_Brekke@yahoo.com');
INSERT INTO ft_specializes_in VALUES ('Ezequiel_Brekke@yahoo.com', 'Duck', 13);
INSERT INTO ft_specializes_in VALUES ('Ezequiel_Brekke@yahoo.com', 'Peafowl', 17);
INSERT INTO ft_specializes_in VALUES ('Ezequiel_Brekke@yahoo.com', 'Pig', 13);

INSERT INTO person VALUES ('Johnpaul_Lindgren29@hotmail.com', 'Misty Volkman', '$2b$10$r3BD.leaooE.5vU28EYTuuBixKJ5aeV1AyrKyPHHI0BSkH.eNYs5i', '10937 Herman Lane', 90721327, 'user', 'https://s3.amazonaws.com/uifaces/faces/twitter/funwatercat/128.jpg');
INSERT INTO credit_card VALUES (6592625718079764, 'Johnpaul_Lindgren29@hotmail.com', '2024-07-17T01:06:52.602Z', 771);
INSERT INTO pet VALUES ('Deontae', 'Johnpaul_Lindgren29@hotmail.com', 'Donkey', 'Optio in fugiat.', 'Ducimus velit molestiae debitis nostrum consequatur quod iure.');
INSERT INTO pet VALUES ('Sammie', 'Johnpaul_Lindgren29@hotmail.com', 'Chameleons (Veiled)', 'Dolor maiores non a delectus tempora.', 'Molestias aut voluptates accusamus tenetur et aut sit.');

INSERT INTO person VALUES ('Yesenia_Reynolds@gmail.com', 'Jermey Rowe', '$2b$10$r3BD.leaooE.5vU28EYTuuBixKJ5aeV1AyrKyPHHI0BSkH.eNYs5i', '45426 Diana Orchard', 90760231, 'user', 'https://s3.amazonaws.com/uifaces/faces/twitter/yassiryahya/128.jpg');
INSERT INTO part_time_ct VALUES ('Yesenia_Reynolds@gmail.com');
INSERT INTO pt_free_schedule VALUES ('Yesenia_Reynolds@gmail.com', '2020-05-13T16:00:00.000Z', '2021-11-13T16:00:00.000Z');
INSERT INTO pt_specializes_in VALUES ('Yesenia_Reynolds@gmail.com', 'Chameleons (Veiled)', 1);

INSERT INTO person VALUES ('Jaycee96@gmail.com', 'Nadia Roob', '$2b$10$r3BD.leaooE.5vU28EYTuuBixKJ5aeV1AyrKyPHHI0BSkH.eNYs5i', '4553 Dasia Road', 90926774, 'user', 'https://s3.amazonaws.com/uifaces/faces/twitter/jehnglynn/128.jpg');
INSERT INTO credit_card VALUES (5492120986452961, 'Jaycee96@gmail.com', '2022-02-05T10:54:44.602Z', 248);
INSERT INTO pet VALUES ('Titus', 'Jaycee96@gmail.com', 'Pot Bellied Pig', 'Perspiciatis magnam aspernatur dolore et similique et ipsa id.', 'Et sint cupiditate ratione dicta numquam illum adipisci.');
INSERT INTO pet VALUES ('Cordia', 'Jaycee96@gmail.com', 'Chicken', 'Nobis est et mollitia asperiores id mollitia.', 'Delectus rem labore mollitia voluptates pariatur magni pariatur.');
INSERT INTO part_time_ct VALUES ('Jaycee96@gmail.com');
INSERT INTO pt_free_schedule VALUES ('Jaycee96@gmail.com', '2020-05-13T16:00:00.000Z', '2021-11-13T16:00:00.000Z');
INSERT INTO pt_specializes_in VALUES ('Jaycee96@gmail.com', 'Pig', 19);

INSERT INTO person VALUES ('Enid22@hotmail.com', 'Richie Wilkinson', '$2b$10$r3BD.leaooE.5vU28EYTuuBixKJ5aeV1AyrKyPHHI0BSkH.eNYs5i', '031 Cronin Mission', 90324864, 'user', 'https://s3.amazonaws.com/uifaces/faces/twitter/_scottburgess/128.jpg');

INSERT INTO person VALUES ('Salvador95@yahoo.com', 'Deon Steuber', '$2b$10$r3BD.leaooE.5vU28EYTuuBixKJ5aeV1AyrKyPHHI0BSkH.eNYs5i', '967 Violet Roads', 90988971, 'user', 'https://s3.amazonaws.com/uifaces/faces/twitter/cofla/128.jpg');
INSERT INTO full_time_ct VALUES ('Salvador95@yahoo.com');
INSERT INTO ft_specializes_in VALUES ('Salvador95@yahoo.com', 'Chinese Water Dragon', 4);
INSERT INTO ft_specializes_in VALUES ('Salvador95@yahoo.com', 'Donkey', 13);

INSERT INTO person VALUES ('Kaleb24@gmail.com', 'Gilbert Hagenes', '$2b$10$r3BD.leaooE.5vU28EYTuuBixKJ5aeV1AyrKyPHHI0BSkH.eNYs5i', '5101 Cristian View', 90564435, 'user', 'https://s3.amazonaws.com/uifaces/faces/twitter/romanbulah/128.jpg');
INSERT INTO full_time_ct VALUES ('Kaleb24@gmail.com');
INSERT INTO ft_specializes_in VALUES ('Kaleb24@gmail.com', 'Mule', 12);

INSERT INTO person VALUES ('Keagan_Schmitt68@yahoo.com', 'Elna Miller', '$2b$10$r3BD.leaooE.5vU28EYTuuBixKJ5aeV1AyrKyPHHI0BSkH.eNYs5i', '963 Devan Park', 90378292, 'user', 'https://s3.amazonaws.com/uifaces/faces/twitter/sprayaga/128.jpg');

INSERT INTO person VALUES ('Eugene_Morissette30@yahoo.com', 'Veronica Streich', '$2b$10$r3BD.leaooE.5vU28EYTuuBixKJ5aeV1AyrKyPHHI0BSkH.eNYs5i', '258 Ruecker Ridges', 90064272, 'user', 'https://s3.amazonaws.com/uifaces/faces/twitter/vanchesz/128.jpg');
INSERT INTO credit_card VALUES (6389453979992602, 'Eugene_Morissette30@yahoo.com', '2021-08-31T16:20:00.469Z', 033);
INSERT INTO pet VALUES ('Desiree', 'Eugene_Morissette30@yahoo.com', 'Lizard', 'Inventore sint velit qui quam et.', 'Et consequatur ut nihil eum exercitationem vel et provident molestias.');
INSERT INTO pet VALUES ('Furman', 'Eugene_Morissette30@yahoo.com', 'Hedgehog', 'Odio culpa inventore molestias omnis.', 'Necessitatibus magni eveniet quia.');

INSERT INTO person VALUES ('Tanya_Block34@hotmail.com', 'Moriah Donnelly', '$2b$10$r3BD.leaooE.5vU28EYTuuBixKJ5aeV1AyrKyPHHI0BSkH.eNYs5i', '61526 Domingo Isle', 90060792, 'user', 'https://s3.amazonaws.com/uifaces/faces/twitter/moynihan/128.jpg');
INSERT INTO credit_card VALUES (3529231129106394, 'Tanya_Block34@hotmail.com', '2021-03-27T17:33:07.951Z', 048);
INSERT INTO pet VALUES ('Matteo', 'Tanya_Block34@hotmail.com', 'Duck', 'Et facilis voluptas.', 'Dicta doloribus repellat earum dolorem.');
INSERT INTO pet VALUES ('Ansel', 'Tanya_Block34@hotmail.com', 'Ponie', 'Saepe molestiae voluptatem non dolorum similique et cum.', 'Quis dignissimos sit debitis ut.');

INSERT INTO person VALUES ('Sally37@gmail.com', 'Armand Durgan', '$2b$10$r3BD.leaooE.5vU28EYTuuBixKJ5aeV1AyrKyPHHI0BSkH.eNYs5i', '104 Runolfsson Village', 90958876, 'user', 'https://s3.amazonaws.com/uifaces/faces/twitter/rude/128.jpg');

INSERT INTO person VALUES ('Selena.Flatley98@gmail.com', 'Dawn Graham', '$2b$10$r3BD.leaooE.5vU28EYTuuBixKJ5aeV1AyrKyPHHI0BSkH.eNYs5i', '225 Lenny Port', 90696967, 'user', 'https://s3.amazonaws.com/uifaces/faces/twitter/carlosjgsousa/128.jpg');
INSERT INTO credit_card VALUES (30129635797157, 'Selena.Flatley98@gmail.com', '2022-07-12T23:43:12.833Z', 503);
INSERT INTO pet VALUES ('Noe', 'Selena.Flatley98@gmail.com', 'Geese (Chinese Swan Goose)', 'Nesciunt ut repudiandae quo maxime corporis aut cum.', 'Sit sequi provident mollitia libero id repellat.');
INSERT INTO part_time_ct VALUES ('Selena.Flatley98@gmail.com');
INSERT INTO pt_free_schedule VALUES ('Selena.Flatley98@gmail.com', '2020-05-13T16:00:00.000Z', '2021-11-13T16:00:00.000Z');
INSERT INTO pt_specializes_in VALUES ('Selena.Flatley98@gmail.com', 'Burro', 16);
INSERT INTO pt_specializes_in VALUES ('Selena.Flatley98@gmail.com', 'Cow', 3);
INSERT INTO pt_specializes_in VALUES ('Selena.Flatley98@gmail.com', 'Pig', 9);

INSERT INTO person VALUES ('Brittany_Carter87@hotmail.com', 'Naomie Fay', '$2b$10$r3BD.leaooE.5vU28EYTuuBixKJ5aeV1AyrKyPHHI0BSkH.eNYs5i', '89272 Abner Island', 90491220, 'user', 'https://s3.amazonaws.com/uifaces/faces/twitter/sunlandictwin/128.jpg');
INSERT INTO credit_card VALUES (5440817486081825, 'Brittany_Carter87@hotmail.com', '2021-03-06T07:19:02.746Z', 836);
INSERT INTO pet VALUES ('Lisandro', 'Brittany_Carter87@hotmail.com', 'Hog', 'Quidem qui est minima aspernatur sunt inventore.', 'Dolore nulla et natus sequi possimus voluptatem perspiciatis quo recusandae.');
INSERT INTO pet VALUES ('Janet', 'Brittany_Carter87@hotmail.com', 'Hedgehog', 'Nulla architecto corrupti rem nulla enim iste quia.', 'Recusandae aut quod eos dolores velit sequi repellat voluptates.');

INSERT INTO person VALUES ('Herbert_Hamill10@yahoo.com', 'Jennie Ullrich', '$2b$10$r3BD.leaooE.5vU28EYTuuBixKJ5aeV1AyrKyPHHI0BSkH.eNYs5i', '91784 Schneider Forge', 90048014, 'user', 'https://s3.amazonaws.com/uifaces/faces/twitter/bradenhamm/128.jpg');
INSERT INTO credit_card VALUES (5018725414078700, 'Herbert_Hamill10@yahoo.com', '2022-10-27T14:53:55.695Z', 539);
INSERT INTO pet VALUES ('Cielo', 'Herbert_Hamill10@yahoo.com', 'Guinea Pig', 'Iste id tempora provident maiores et quasi eos.', 'Consequatur beatae dicta harum eveniet voluptatibus qui totam sit.');
INSERT INTO pet VALUES ('Luella', 'Herbert_Hamill10@yahoo.com', 'Hog', 'Est quia ducimus laborum excepturi.', 'Ducimus autem vitae qui earum et quia aperiam aut non.');
INSERT INTO part_time_ct VALUES ('Herbert_Hamill10@yahoo.com');
INSERT INTO pt_free_schedule VALUES ('Herbert_Hamill10@yahoo.com', '2020-05-13T16:00:00.000Z', '2021-11-13T16:00:00.000Z');
INSERT INTO pt_specializes_in VALUES ('Herbert_Hamill10@yahoo.com', 'Donkey', 5);
INSERT INTO pt_specializes_in VALUES ('Herbert_Hamill10@yahoo.com', 'Hamster', 17);
INSERT INTO pt_specializes_in VALUES ('Herbert_Hamill10@yahoo.com', 'Peafowl', 5);

INSERT INTO person VALUES ('Elwin.Hane@yahoo.com', 'Emelie Ziemann', '$2b$10$r3BD.leaooE.5vU28EYTuuBixKJ5aeV1AyrKyPHHI0BSkH.eNYs5i', '75518 Isai Island', 90021759, 'user', 'https://s3.amazonaws.com/uifaces/faces/twitter/oktayelipek/128.jpg');

INSERT INTO person VALUES ('Shaina.Wiza@gmail.com', 'Mathilde Kassulke', '$2b$10$r3BD.leaooE.5vU28EYTuuBixKJ5aeV1AyrKyPHHI0BSkH.eNYs5i', '674 Ernest Village', 90897610, 'user', 'https://s3.amazonaws.com/uifaces/faces/twitter/samihah/128.jpg');
INSERT INTO credit_card VALUES (3528629237449965, 'Shaina.Wiza@gmail.com', '2020-12-26T14:00:00.702Z', 998);
INSERT INTO pet VALUES ('Odie', 'Shaina.Wiza@gmail.com', 'Llama', 'Et omnis quidem est molestiae consequuntur corporis.', 'Animi architecto at iste consequuntur quia delectus quaerat dolor doloribus.');

INSERT INTO person VALUES ('Lucy_Grady26@yahoo.com', 'Albertha Barton', '$2b$10$r3BD.leaooE.5vU28EYTuuBixKJ5aeV1AyrKyPHHI0BSkH.eNYs5i', '5883 West Inlet', 90454120, 'user', 'https://s3.amazonaws.com/uifaces/faces/twitter/kerihenare/128.jpg');
INSERT INTO credit_card VALUES (6304099078780408, 'Lucy_Grady26@yahoo.com', '2022-03-17T18:30:10.418Z', 282);
INSERT INTO pet VALUES ('Albina', 'Lucy_Grady26@yahoo.com', 'Horse', 'Dolores non enim vitae nemo repudiandae laboriosam pariatur culpa.', 'Veritatis laudantium adipisci corporis animi.');
INSERT INTO pet VALUES ('Nyasia', 'Lucy_Grady26@yahoo.com', 'Hog', 'Consequuntur dignissimos et numquam quod aut placeat et corrupti consequatur.', 'Odio cumque magnam impedit.');

INSERT INTO person VALUES ('Cassidy_Koch81@yahoo.com', 'Michaela Zulauf', '$2b$10$r3BD.leaooE.5vU28EYTuuBixKJ5aeV1AyrKyPHHI0BSkH.eNYs5i', '949 Adams Walk', 90908836, 'user', 'https://s3.amazonaws.com/uifaces/faces/twitter/we_social/128.jpg');

INSERT INTO person VALUES ('Abbie69@yahoo.com', 'Robyn Sauer', '$2b$10$r3BD.leaooE.5vU28EYTuuBixKJ5aeV1AyrKyPHHI0BSkH.eNYs5i', '8549 Terry Spring', 90011870, 'user', 'https://s3.amazonaws.com/uifaces/faces/twitter/andrea211087/128.jpg');
INSERT INTO credit_card VALUES (3544926273565423, 'Abbie69@yahoo.com', '2021-11-09T17:23:58.770Z', 494);
INSERT INTO pet VALUES ('Ahmed', 'Abbie69@yahoo.com', 'Bearded Dragon', 'Sunt in ea nobis ipsa incidunt cupiditate reprehenderit reiciendis similique.', 'Consequatur officia ea.');
INSERT INTO pet VALUES ('Toney', 'Abbie69@yahoo.com', 'Rabbit', 'Esse provident in beatae nostrum laboriosam quas.', 'Quaerat eius aliquid veritatis.');

INSERT INTO person VALUES ('Tiffany_Hayes@hotmail.com', 'Johan Okuneva', '$2b$10$r3BD.leaooE.5vU28EYTuuBixKJ5aeV1AyrKyPHHI0BSkH.eNYs5i', '5631 Goyette Court', 90105021, 'user', 'https://s3.amazonaws.com/uifaces/faces/twitter/nicoleglynn/128.jpg');

INSERT INTO person VALUES ('Anabel66@yahoo.com', 'Carmela OConner', '$2b$10$r3BD.leaooE.5vU28EYTuuBixKJ5aeV1AyrKyPHHI0BSkH.eNYs5i', '576 Ramona Rest', 90502774, 'user', 'https://s3.amazonaws.com/uifaces/faces/twitter/dixchen/128.jpg');
INSERT INTO credit_card VALUES (3528415108032643, 'Anabel66@yahoo.com', '2021-08-20T22:16:56.498Z', 247);
INSERT INTO pet VALUES ('Raphael', 'Anabel66@yahoo.com', 'Duck', 'In ut optio accusantium est eos rem quo repellendus dolores.', 'Et quis molestiae aut eligendi quia amet.');

INSERT INTO person VALUES ('Adelle50@hotmail.com', 'Rafaela Doyle', '$2b$10$r3BD.leaooE.5vU28EYTuuBixKJ5aeV1AyrKyPHHI0BSkH.eNYs5i', '992 Lehner Orchard', 90876173, 'user', 'https://s3.amazonaws.com/uifaces/faces/twitter/karolkrakowiak_/128.jpg');
INSERT INTO part_time_ct VALUES ('Adelle50@hotmail.com');
INSERT INTO pt_free_schedule VALUES ('Adelle50@hotmail.com', '2020-05-13T16:00:00.000Z', '2021-11-13T16:00:00.000Z');
INSERT INTO pt_specializes_in VALUES ('Adelle50@hotmail.com', 'Horse', 2);

INSERT INTO person VALUES ('Martin99@gmail.com', 'Malinda Cummerata', '$2b$10$r3BD.leaooE.5vU28EYTuuBixKJ5aeV1AyrKyPHHI0BSkH.eNYs5i', '708 Legros Lane', 90599484, 'user', 'https://s3.amazonaws.com/uifaces/faces/twitter/byrnecore/128.jpg');
INSERT INTO credit_card VALUES (6391000226204024, 'Martin99@gmail.com', '2022-09-19T09:02:04.917Z', 645);
INSERT INTO pet VALUES ('Aracely', 'Martin99@gmail.com', 'Donkey', 'Voluptate voluptas repellendus ut.', 'Aliquid recusandae dolorum expedita quo eligendi et et facilis.');

INSERT INTO person VALUES ('Daniela90@yahoo.com', 'Israel Leannon', '$2b$10$r3BD.leaooE.5vU28EYTuuBixKJ5aeV1AyrKyPHHI0BSkH.eNYs5i', '289 Weissnat Views', 90926219, 'user', 'https://s3.amazonaws.com/uifaces/faces/twitter/bennyjien/128.jpg');
INSERT INTO full_time_ct VALUES ('Daniela90@yahoo.com');
INSERT INTO ft_specializes_in VALUES ('Daniela90@yahoo.com', 'Geese (Chinese Swan Goose)', 6);
INSERT INTO ft_specializes_in VALUES ('Daniela90@yahoo.com', 'Hog', 17);
INSERT INTO ft_specializes_in VALUES ('Daniela90@yahoo.com', 'Pigeon', 17);

INSERT INTO person VALUES ('Zechariah65@hotmail.com', 'Trey Parker', '$2b$10$r3BD.leaooE.5vU28EYTuuBixKJ5aeV1AyrKyPHHI0BSkH.eNYs5i', '69458 Aletha Glens', 90767217, 'user', 'https://s3.amazonaws.com/uifaces/faces/twitter/gipsy_raf/128.jpg');
INSERT INTO credit_card VALUES (36728172007098, 'Zechariah65@hotmail.com', '2021-05-12T12:34:09.820Z', 861);
INSERT INTO pet VALUES ('Petra', 'Zechariah65@hotmail.com', 'Hedgehog', 'Officia dolores aut et eum.', 'Soluta unde rerum aut aspernatur.');
INSERT INTO full_time_ct VALUES ('Zechariah65@hotmail.com');
INSERT INTO ft_specializes_in VALUES ('Zechariah65@hotmail.com', 'Fish', 2);
INSERT INTO ft_specializes_in VALUES ('Zechariah65@hotmail.com', 'Peafowl', 16);
INSERT INTO ft_specializes_in VALUES ('Zechariah65@hotmail.com', 'Rabbit', 5);

INSERT INTO person VALUES ('Michele19@gmail.com', 'Oral Grant', '$2b$10$r3BD.leaooE.5vU28EYTuuBixKJ5aeV1AyrKyPHHI0BSkH.eNYs5i', '095 Hand Grove', 90066887, 'user', 'https://s3.amazonaws.com/uifaces/faces/twitter/oskamaya/128.jpg');
INSERT INTO full_time_ct VALUES ('Michele19@gmail.com');
INSERT INTO ft_specializes_in VALUES ('Michele19@gmail.com', 'Guinea Pig', 3);
INSERT INTO ft_specializes_in VALUES ('Michele19@gmail.com', 'Lizard', 17);

INSERT INTO person VALUES ('Mara_Pagac93@gmail.com', 'Christian Schneider', '$2b$10$r3BD.leaooE.5vU28EYTuuBixKJ5aeV1AyrKyPHHI0BSkH.eNYs5i', '208 Krajcik Views', 90159562, 'user', 'https://s3.amazonaws.com/uifaces/faces/twitter/michaelcolenso/128.jpg');
INSERT INTO part_time_ct VALUES ('Mara_Pagac93@gmail.com');
INSERT INTO pt_free_schedule VALUES ('Mara_Pagac93@gmail.com', '2020-05-13T16:00:00.000Z', '2021-11-13T16:00:00.000Z');
INSERT INTO pt_specializes_in VALUES ('Mara_Pagac93@gmail.com', 'Chinchilla', 3);

INSERT INTO person VALUES ('Ephraim_Nienow77@gmail.com', 'Ebba Yost', '$2b$10$r3BD.leaooE.5vU28EYTuuBixKJ5aeV1AyrKyPHHI0BSkH.eNYs5i', '963 Cletus Extension', 90023856, 'user', 'https://s3.amazonaws.com/uifaces/faces/twitter/derekebradley/128.jpg');

INSERT INTO person VALUES ('Kira.Dooley5@yahoo.com', 'Weston Moore', '$2b$10$r3BD.leaooE.5vU28EYTuuBixKJ5aeV1AyrKyPHHI0BSkH.eNYs5i', '33050 Stiedemann Port', 90473369, 'user', 'https://s3.amazonaws.com/uifaces/faces/twitter/llun/128.jpg');

INSERT INTO person VALUES ('Alejandrin24@yahoo.com', 'Melyssa Swift', '$2b$10$r3BD.leaooE.5vU28EYTuuBixKJ5aeV1AyrKyPHHI0BSkH.eNYs5i', '40875 Braun Wells', 90840832, 'user', 'https://s3.amazonaws.com/uifaces/faces/twitter/ceekaytweet/128.jpg');
INSERT INTO part_time_ct VALUES ('Alejandrin24@yahoo.com');
INSERT INTO pt_free_schedule VALUES ('Alejandrin24@yahoo.com', '2020-05-13T16:00:00.000Z', '2021-11-13T16:00:00.000Z');
INSERT INTO pt_specializes_in VALUES ('Alejandrin24@yahoo.com', 'Iguana', 16);

INSERT INTO person VALUES ('Jackeline.Schmeler28@yahoo.com', 'Jackie Kuvalis', '$2b$10$r3BD.leaooE.5vU28EYTuuBixKJ5aeV1AyrKyPHHI0BSkH.eNYs5i', '53648 Rylan Light', 90138731, 'user', 'https://s3.amazonaws.com/uifaces/faces/twitter/alexivanichkin/128.jpg');
INSERT INTO credit_card VALUES (6771897329622824, 'Jackeline.Schmeler28@yahoo.com', '2021-06-09T05:19:00.867Z', 680);
INSERT INTO pet VALUES ('Randi', 'Jackeline.Schmeler28@yahoo.com', 'Chinese Water Dragon', 'Tempore et aliquid quia laboriosam molestiae expedita aspernatur.', 'Neque repellendus iste nesciunt doloribus aperiam autem.');
INSERT INTO pet VALUES ('Carmen', 'Jackeline.Schmeler28@yahoo.com', 'Chinese Water Dragon', 'Vitae blanditiis officia quaerat tempora enim omnis.', 'Rem reiciendis totam libero ducimus ea corrupti ipsum.');
INSERT INTO part_time_ct VALUES ('Jackeline.Schmeler28@yahoo.com');
INSERT INTO pt_free_schedule VALUES ('Jackeline.Schmeler28@yahoo.com', '2020-05-13T16:00:00.000Z', '2021-11-13T16:00:00.000Z');
INSERT INTO pt_specializes_in VALUES ('Jackeline.Schmeler28@yahoo.com', 'Hedgehog', 15);

INSERT INTO person VALUES ('Ernest_Beer23@hotmail.com', 'Breanne Rohan', '$2b$10$r3BD.leaooE.5vU28EYTuuBixKJ5aeV1AyrKyPHHI0BSkH.eNYs5i', '4664 Padberg Vista', 90364573, 'user', 'https://s3.amazonaws.com/uifaces/faces/twitter/raphaelnikson/128.jpg');
INSERT INTO credit_card VALUES (6759718707748120, 'Ernest_Beer23@hotmail.com', '2021-09-22T11:32:00.702Z', 653);
INSERT INTO pet VALUES ('John', 'Ernest_Beer23@hotmail.com', 'Pigeon', 'Qui qui voluptatem numquam illo hic pariatur.', 'Occaecati nihil id dicta totam exercitationem aut quisquam repellat.');
INSERT INTO pet VALUES ('Rollin', 'Ernest_Beer23@hotmail.com', 'Pigeon', 'Omnis nihil minima accusantium qui a qui.', 'Et molestias aut laudantium pariatur veniam voluptate quaerat est.');

INSERT INTO person VALUES ('Raleigh_Rosenbaum49@gmail.com', 'Russell Littel', '$2b$10$r3BD.leaooE.5vU28EYTuuBixKJ5aeV1AyrKyPHHI0BSkH.eNYs5i', '7787 Lauriane Garden', 90577585, 'user', 'https://s3.amazonaws.com/uifaces/faces/twitter/joetruesdell/128.jpg');
INSERT INTO credit_card VALUES (379067604052829, 'Raleigh_Rosenbaum49@gmail.com', '2021-05-24T13:35:37.580Z', 226);
INSERT INTO pet VALUES ('Evangeline', 'Raleigh_Rosenbaum49@gmail.com', 'Burro', 'Nemo optio sed amet a facilis optio laboriosam.', 'Impedit esse molestiae repellat ea dolores tempora et eveniet eaque.');
INSERT INTO full_time_ct VALUES ('Raleigh_Rosenbaum49@gmail.com');
INSERT INTO ft_specializes_in VALUES ('Raleigh_Rosenbaum49@gmail.com', 'Guinea Fowl', 17);
INSERT INTO ft_specializes_in VALUES ('Raleigh_Rosenbaum49@gmail.com', 'Horse', 17);
INSERT INTO ft_specializes_in VALUES ('Raleigh_Rosenbaum49@gmail.com', 'Hog', 1);

INSERT INTO person VALUES ('Kadin.Wolff13@gmail.com', 'Corbin Crooks', '$2b$10$r3BD.leaooE.5vU28EYTuuBixKJ5aeV1AyrKyPHHI0BSkH.eNYs5i', '492 Hamill Plain', 90602048, 'user', 'https://s3.amazonaws.com/uifaces/faces/twitter/ostirbu/128.jpg');
INSERT INTO part_time_ct VALUES ('Kadin.Wolff13@gmail.com');
INSERT INTO pt_free_schedule VALUES ('Kadin.Wolff13@gmail.com', '2020-05-13T16:00:00.000Z', '2021-11-13T16:00:00.000Z');
INSERT INTO pt_specializes_in VALUES ('Kadin.Wolff13@gmail.com', 'Iguana', 5);
INSERT INTO pt_specializes_in VALUES ('Kadin.Wolff13@gmail.com', 'Lizard', 18);

INSERT INTO person VALUES ('Emely_Cole@hotmail.com', 'Ray Corwin', '$2b$10$r3BD.leaooE.5vU28EYTuuBixKJ5aeV1AyrKyPHHI0BSkH.eNYs5i', '295 Lambert Junction', 90589487, 'user', 'https://s3.amazonaws.com/uifaces/faces/twitter/eyronn/128.jpg');

INSERT INTO person VALUES ('Citlalli.Windler@hotmail.com', 'Destin Watsica', '$2b$10$r3BD.leaooE.5vU28EYTuuBixKJ5aeV1AyrKyPHHI0BSkH.eNYs5i', '240 Donnelly Lake', 90235841, 'user', 'https://s3.amazonaws.com/uifaces/faces/twitter/prinzadi/128.jpg');
INSERT INTO credit_card VALUES (4203059702464123, 'Citlalli.Windler@hotmail.com', '2020-12-19T12:16:40.411Z', 598);
INSERT INTO pet VALUES ('Tyreek', 'Citlalli.Windler@hotmail.com', 'Mule', 'Qui perspiciatis perspiciatis animi fugiat fugit facere ullam.', 'Est amet eos accusantium eum voluptatem est.');
INSERT INTO pet VALUES ('Antoinette', 'Citlalli.Windler@hotmail.com', 'Chinese Water Dragon', 'Cumque dolorum sequi temporibus enim voluptates dignissimos debitis sunt earum.', 'Ea aut dolorem sequi esse adipisci dolorem.');

INSERT INTO person VALUES ('Otilia_Kreiger@hotmail.com', 'Boris Considine', '$2b$10$r3BD.leaooE.5vU28EYTuuBixKJ5aeV1AyrKyPHHI0BSkH.eNYs5i', '31704 Klein Valleys', 90717596, 'user', 'https://s3.amazonaws.com/uifaces/faces/twitter/kosmar/128.jpg');
INSERT INTO credit_card VALUES (5269625562023264, 'Otilia_Kreiger@hotmail.com', '2022-01-02T11:05:11.401Z', 153);
INSERT INTO pet VALUES ('Tyrese', 'Otilia_Kreiger@hotmail.com', 'Bearded Dragon', 'At est eum et voluptas mollitia ipsum sunt voluptatum.', 'Non suscipit exercitationem reiciendis animi quibusdam voluptatibus maxime vero.');
INSERT INTO pet VALUES ('Bryce', 'Otilia_Kreiger@hotmail.com', 'Duck', 'Sit id fuga ea voluptatibus quia sunt magni et.', 'Qui quia eligendi sit vel dolorem asperiores.');
INSERT INTO part_time_ct VALUES ('Otilia_Kreiger@hotmail.com');
INSERT INTO pt_free_schedule VALUES ('Otilia_Kreiger@hotmail.com', '2020-05-13T16:00:00.000Z', '2021-11-13T16:00:00.000Z');
INSERT INTO pt_specializes_in VALUES ('Otilia_Kreiger@hotmail.com', 'Mice', 0);

INSERT INTO person VALUES ('Charlie17@gmail.com', 'Esperanza Runolfsdottir', '$2b$10$r3BD.leaooE.5vU28EYTuuBixKJ5aeV1AyrKyPHHI0BSkH.eNYs5i', '443 Bailey Divide', 90834426, 'user', 'https://s3.amazonaws.com/uifaces/faces/twitter/a_brixen/128.jpg');
INSERT INTO credit_card VALUES (5486843662207498, 'Charlie17@gmail.com', '2021-03-12T20:12:35.777Z', 366);
INSERT INTO pet VALUES ('Jarrett', 'Charlie17@gmail.com', 'Chinchilla', 'Consectetur id officia praesentium.', 'Quidem accusantium vel odit ea.');
INSERT INTO part_time_ct VALUES ('Charlie17@gmail.com');
INSERT INTO pt_free_schedule VALUES ('Charlie17@gmail.com', '2020-05-13T16:00:00.000Z', '2021-11-13T16:00:00.000Z');
INSERT INTO pt_specializes_in VALUES ('Charlie17@gmail.com', 'Pig', 20);
INSERT INTO pt_specializes_in VALUES ('Charlie17@gmail.com', 'Rabbit', 13);

INSERT INTO person VALUES ('Reva.Crist@gmail.com', 'Bernie Jaskolski', '$2b$10$r3BD.leaooE.5vU28EYTuuBixKJ5aeV1AyrKyPHHI0BSkH.eNYs5i', '49815 Jayda Flats', 90715329, 'user', 'https://s3.amazonaws.com/uifaces/faces/twitter/alevizio/128.jpg');
INSERT INTO credit_card VALUES (6759628238824726, 'Reva.Crist@gmail.com', '2021-11-01T03:02:56.937Z', 753);
INSERT INTO pet VALUES ('Claud', 'Reva.Crist@gmail.com', 'Chinchilla', 'Quis perferendis et nisi qui culpa eius sunt.', 'Pariatur minus rerum sed fuga totam libero unde consectetur.');
INSERT INTO pet VALUES ('Wilma', 'Reva.Crist@gmail.com', 'Pigeon', 'Nesciunt sunt perspiciatis similique velit aut dolores repudiandae fugiat.', 'Dolores porro et autem laboriosam velit molestias aut aspernatur consequuntur.');
INSERT INTO part_time_ct VALUES ('Reva.Crist@gmail.com');
INSERT INTO pt_free_schedule VALUES ('Reva.Crist@gmail.com', '2020-05-13T16:00:00.000Z', '2021-11-13T16:00:00.000Z');
INSERT INTO pt_specializes_in VALUES ('Reva.Crist@gmail.com', 'Chinchilla', 12);
INSERT INTO pt_specializes_in VALUES ('Reva.Crist@gmail.com', 'Mice', 16);
INSERT INTO pt_specializes_in VALUES ('Reva.Crist@gmail.com', 'Pig', 13);

INSERT INTO person VALUES ('Naomie.Erdman67@gmail.com', 'Elody Ebert', '$2b$10$r3BD.leaooE.5vU28EYTuuBixKJ5aeV1AyrKyPHHI0BSkH.eNYs5i', '679 Odessa Ways', 90672176, 'user', 'https://s3.amazonaws.com/uifaces/faces/twitter/rpatey/128.jpg');
INSERT INTO full_time_ct VALUES ('Naomie.Erdman67@gmail.com');
INSERT INTO ft_specializes_in VALUES ('Naomie.Erdman67@gmail.com', 'Guinea Pig', 20);

INSERT INTO person VALUES ('Garfield_Schuppe@gmail.com', 'Milan Ratke', '$2b$10$r3BD.leaooE.5vU28EYTuuBixKJ5aeV1AyrKyPHHI0BSkH.eNYs5i', '9991 Graham Fort', 90548094, 'user', 'https://s3.amazonaws.com/uifaces/faces/twitter/pcridesagain/128.jpg');
INSERT INTO full_time_ct VALUES ('Garfield_Schuppe@gmail.com');
INSERT INTO ft_specializes_in VALUES ('Garfield_Schuppe@gmail.com', 'Fish', 5);
INSERT INTO ft_specializes_in VALUES ('Garfield_Schuppe@gmail.com', 'Pot Bellied Pig', 0);

INSERT INTO person VALUES ('Terrill76@yahoo.com', 'Lincoln Willms', '$2b$10$r3BD.leaooE.5vU28EYTuuBixKJ5aeV1AyrKyPHHI0BSkH.eNYs5i', '0049 Ernestine Prairie', 90817160, 'user', 'https://s3.amazonaws.com/uifaces/faces/twitter/danthms/128.jpg');
INSERT INTO credit_card VALUES (6385903127290465, 'Terrill76@yahoo.com', '2021-05-21T10:52:05.965Z', 612);
INSERT INTO pet VALUES ('Queenie', 'Terrill76@yahoo.com', 'Chinchilla', 'Cum voluptatem adipisci tenetur inventore et et.', 'Velit labore quia odit praesentium autem nemo tempora dolorem dolorem.');
INSERT INTO pet VALUES ('Marcelle', 'Terrill76@yahoo.com', 'Hedgehog', 'Suscipit corporis dolor dolorem quia.', 'Ea dolorum qui.');

INSERT INTO person VALUES ('Monserrate.Mueller5@gmail.com', 'Archibald Rutherford', '$2b$10$r3BD.leaooE.5vU28EYTuuBixKJ5aeV1AyrKyPHHI0BSkH.eNYs5i', '8425 Jess Extensions', 90767334, 'user', 'https://s3.amazonaws.com/uifaces/faces/twitter/VinThomas/128.jpg');

INSERT INTO person VALUES ('Herminia.Conroy@yahoo.com', 'Rigoberto Marvin', '$2b$10$r3BD.leaooE.5vU28EYTuuBixKJ5aeV1AyrKyPHHI0BSkH.eNYs5i', '5532 Grant Branch', 90648635, 'user', 'https://s3.amazonaws.com/uifaces/faces/twitter/rweve/128.jpg');
INSERT INTO part_time_ct VALUES ('Herminia.Conroy@yahoo.com');
INSERT INTO pt_free_schedule VALUES ('Herminia.Conroy@yahoo.com', '2020-05-13T16:00:00.000Z', '2021-11-13T16:00:00.000Z');
INSERT INTO pt_specializes_in VALUES ('Herminia.Conroy@yahoo.com', 'Bearded Dragon', 6);
INSERT INTO pt_specializes_in VALUES ('Herminia.Conroy@yahoo.com', 'Donkey', 15);

INSERT INTO person VALUES ('Garnet_Goldner56@gmail.com', 'Bradly Heller', '$2b$10$r3BD.leaooE.5vU28EYTuuBixKJ5aeV1AyrKyPHHI0BSkH.eNYs5i', '4412 Rutherford Cliff', 90350651, 'user', 'https://s3.amazonaws.com/uifaces/faces/twitter/kurtinc/128.jpg');

INSERT INTO person VALUES ('Alexzander94@yahoo.com', 'Cristal Grady', '$2b$10$r3BD.leaooE.5vU28EYTuuBixKJ5aeV1AyrKyPHHI0BSkH.eNYs5i', '678 Roberts River', 90449305, 'user', 'https://s3.amazonaws.com/uifaces/faces/twitter/diansigitp/128.jpg');
INSERT INTO credit_card VALUES (5307327410829162, 'Alexzander94@yahoo.com', '2021-03-04T19:22:01.555Z', 063);
INSERT INTO pet VALUES ('Selina', 'Alexzander94@yahoo.com', 'Pig', 'Earum laudantium dolorem eius libero non.', 'Voluptas sed quam similique ut.');
INSERT INTO pet VALUES ('Amie', 'Alexzander94@yahoo.com', 'Pot Bellied Pig', 'Saepe veniam iure eos quia sit.', 'Enim aut voluptatum.');

INSERT INTO person VALUES ('Bella71@hotmail.com', 'Torrance Schimmel', '$2b$10$r3BD.leaooE.5vU28EYTuuBixKJ5aeV1AyrKyPHHI0BSkH.eNYs5i', '997 OReilly View', 90654072, 'user', 'https://s3.amazonaws.com/uifaces/faces/twitter/agromov/128.jpg');
INSERT INTO credit_card VALUES (6011297218960999, 'Bella71@hotmail.com', '2024-04-05T18:46:53.392Z', 499);
INSERT INTO pet VALUES ('Alexis', 'Bella71@hotmail.com', 'Bird', 'Ut doloribus fuga velit.', 'Quo sequi excepturi enim.');
INSERT INTO pet VALUES ('Claudine', 'Bella71@hotmail.com', 'Gerbil', 'Ut placeat ratione similique officia ex exercitationem doloribus dicta.', 'Quaerat quibusdam expedita est eius voluptatibus et numquam totam consequuntur.');
INSERT INTO part_time_ct VALUES ('Bella71@hotmail.com');
INSERT INTO pt_free_schedule VALUES ('Bella71@hotmail.com', '2020-05-13T16:00:00.000Z', '2021-11-13T16:00:00.000Z');
INSERT INTO pt_specializes_in VALUES ('Bella71@hotmail.com', 'Bird', 3);

INSERT INTO person VALUES ('Damon.Monahan@yahoo.com', 'Bill Nolan', '$2b$10$r3BD.leaooE.5vU28EYTuuBixKJ5aeV1AyrKyPHHI0BSkH.eNYs5i', '21690 Loma Hills', 90622348, 'user', 'https://s3.amazonaws.com/uifaces/faces/twitter/gregsqueeb/128.jpg');
INSERT INTO full_time_ct VALUES ('Damon.Monahan@yahoo.com');
INSERT INTO ft_specializes_in VALUES ('Damon.Monahan@yahoo.com', 'Chinchilla', 10);

INSERT INTO person VALUES ('Demarcus.Schowalter12@gmail.com', 'Charlotte Rogahn', '$2b$10$r3BD.leaooE.5vU28EYTuuBixKJ5aeV1AyrKyPHHI0BSkH.eNYs5i', '7690 Turcotte Light', 90962701, 'user', 'https://s3.amazonaws.com/uifaces/faces/twitter/dc_user/128.jpg');
INSERT INTO credit_card VALUES (6767971041666136, 'Demarcus.Schowalter12@gmail.com', '2021-07-28T09:09:24.319Z', 641);
INSERT INTO pet VALUES ('Vivian', 'Demarcus.Schowalter12@gmail.com', 'Hamster', 'Similique dolorem magnam asperiores.', 'Qui tenetur ipsam cumque accusantium et nulla deserunt ut sit.');
INSERT INTO pet VALUES ('Quinten', 'Demarcus.Schowalter12@gmail.com', 'Guinea Pig', 'Error optio atque.', 'Et itaque necessitatibus.');
INSERT INTO full_time_ct VALUES ('Demarcus.Schowalter12@gmail.com');
INSERT INTO ft_specializes_in VALUES ('Demarcus.Schowalter12@gmail.com', 'Mice', 20);

INSERT INTO person VALUES ('Josefa_Funk@gmail.com', 'Sylvia Schaden', '$2b$10$r3BD.leaooE.5vU28EYTuuBixKJ5aeV1AyrKyPHHI0BSkH.eNYs5i', '499 Kris Squares', 90884885, 'user', 'https://s3.amazonaws.com/uifaces/faces/twitter/zackeeler/128.jpg');
INSERT INTO credit_card VALUES (6379419128473331, 'Josefa_Funk@gmail.com', '2021-06-02T14:33:03.611Z', 637);
INSERT INTO pet VALUES ('Ottilie', 'Josefa_Funk@gmail.com', 'Gecko', 'Consequatur error temporibus enim et dolor quidem facere.', 'Quis aut labore est error et quisquam.');
INSERT INTO pet VALUES ('Randal', 'Josefa_Funk@gmail.com', 'Iguana', 'Cum voluptatem eum mollitia dolorem quas sed voluptas amet.', 'Voluptatem doloribus voluptas sunt voluptates consectetur.');
INSERT INTO full_time_ct VALUES ('Josefa_Funk@gmail.com');
INSERT INTO ft_specializes_in VALUES ('Josefa_Funk@gmail.com', 'Iguana', 10);
INSERT INTO ft_specializes_in VALUES ('Josefa_Funk@gmail.com', 'Peafowl', 20);

INSERT INTO person VALUES ('Doug_Baumbach@yahoo.com', 'Verla Weissnat', '$2b$10$r3BD.leaooE.5vU28EYTuuBixKJ5aeV1AyrKyPHHI0BSkH.eNYs5i', '436 Wyman Expressway', 90759816, 'user', 'https://s3.amazonaws.com/uifaces/faces/twitter/mslarkina/128.jpg');

INSERT INTO person VALUES ('Nash44@gmail.com', 'Thad Bayer', '$2b$10$r3BD.leaooE.5vU28EYTuuBixKJ5aeV1AyrKyPHHI0BSkH.eNYs5i', '242 Blick Neck', 90536102, 'user', 'https://s3.amazonaws.com/uifaces/faces/twitter/gauravjassal/128.jpg');

INSERT INTO person VALUES ('Ebony_Gutkowski@gmail.com', 'Keenan Klein', '$2b$10$r3BD.leaooE.5vU28EYTuuBixKJ5aeV1AyrKyPHHI0BSkH.eNYs5i', '31818 Weimann Road', 90163985, 'user', 'https://s3.amazonaws.com/uifaces/faces/twitter/heycamtaylor/128.jpg');

INSERT INTO person VALUES ('Janis.Ritchie@hotmail.com', 'Halie Fay', '$2b$10$r3BD.leaooE.5vU28EYTuuBixKJ5aeV1AyrKyPHHI0BSkH.eNYs5i', '65480 Klein Mews', 90313734, 'user', 'https://s3.amazonaws.com/uifaces/faces/twitter/nicklacke/128.jpg');

INSERT INTO person VALUES ('Reina_Simonis@hotmail.com', 'Charles Berge', '$2b$10$r3BD.leaooE.5vU28EYTuuBixKJ5aeV1AyrKyPHHI0BSkH.eNYs5i', '134 Julia Lodge', 90190732, 'user', 'https://s3.amazonaws.com/uifaces/faces/twitter/allthingssmitty/128.jpg');

INSERT INTO person VALUES ('Anita_Rippin94@hotmail.com', 'Kailee Fahey', '$2b$10$r3BD.leaooE.5vU28EYTuuBixKJ5aeV1AyrKyPHHI0BSkH.eNYs5i', '1299 Telly Cape', 90114009, 'user', 'https://s3.amazonaws.com/uifaces/faces/twitter/lewisainslie/128.jpg');

INSERT INTO person VALUES ('Laurence88@yahoo.com', 'Mellie Stracke', '$2b$10$r3BD.leaooE.5vU28EYTuuBixKJ5aeV1AyrKyPHHI0BSkH.eNYs5i', '9144 Tromp Squares', 90480451, 'user', 'https://s3.amazonaws.com/uifaces/faces/twitter/kolmarlopez/128.jpg');
INSERT INTO part_time_ct VALUES ('Laurence88@yahoo.com');
INSERT INTO pt_free_schedule VALUES ('Laurence88@yahoo.com', '2020-05-13T16:00:00.000Z', '2021-11-13T16:00:00.000Z');
INSERT INTO pt_specializes_in VALUES ('Laurence88@yahoo.com', 'Iguana', 6);

INSERT INTO person VALUES ('Clarabelle_Hammes@gmail.com', 'Meaghan Thiel', '$2b$10$r3BD.leaooE.5vU28EYTuuBixKJ5aeV1AyrKyPHHI0BSkH.eNYs5i', '813 Alverta Union', 90311264, 'user', 'https://s3.amazonaws.com/uifaces/faces/twitter/greenbes/128.jpg');
INSERT INTO full_time_ct VALUES ('Clarabelle_Hammes@gmail.com');
INSERT INTO ft_specializes_in VALUES ('Clarabelle_Hammes@gmail.com', 'Chinchilla', 3);
INSERT INTO ft_specializes_in VALUES ('Clarabelle_Hammes@gmail.com', 'Hedgehog', 14);
INSERT INTO ft_specializes_in VALUES ('Clarabelle_Hammes@gmail.com', 'Mice', 9);

INSERT INTO person VALUES ('Carmine_OKon@gmail.com', 'Jordan Crist', '$2b$10$r3BD.leaooE.5vU28EYTuuBixKJ5aeV1AyrKyPHHI0BSkH.eNYs5i', '856 Serenity Center', 90472823, 'user', 'https://s3.amazonaws.com/uifaces/faces/twitter/fabbianz/128.jpg');
INSERT INTO credit_card VALUES (4423410403015589, 'Carmine_OKon@gmail.com', '2021-11-22T12:21:22.752Z', 842);
INSERT INTO pet VALUES ('Brennon', 'Carmine_OKon@gmail.com', 'Duck', 'Ut dolorem aliquid deserunt omnis.', 'Ea id quia quasi occaecati quibusdam vitae.');
INSERT INTO pet VALUES ('Uriel', 'Carmine_OKon@gmail.com', 'Donkey', 'Qui rerum blanditiis eos.', 'Ipsa a laboriosam sit dolores.');
INSERT INTO part_time_ct VALUES ('Carmine_OKon@gmail.com');
INSERT INTO pt_free_schedule VALUES ('Carmine_OKon@gmail.com', '2020-05-13T16:00:00.000Z', '2021-11-13T16:00:00.000Z');
INSERT INTO pt_specializes_in VALUES ('Carmine_OKon@gmail.com', 'Mule', 12);

INSERT INTO person VALUES ('Oren_Bartoletti92@yahoo.com', 'Mathias Stamm', '$2b$10$r3BD.leaooE.5vU28EYTuuBixKJ5aeV1AyrKyPHHI0BSkH.eNYs5i', '5961 Melvin Estate', 90619590, 'user', 'https://s3.amazonaws.com/uifaces/faces/twitter/evanshajed/128.jpg');

INSERT INTO person VALUES ('Dustin_Ryan@gmail.com', 'George Wiegand', '$2b$10$r3BD.leaooE.5vU28EYTuuBixKJ5aeV1AyrKyPHHI0BSkH.eNYs5i', '1557 Hamill Village', 90529962, 'user', 'https://s3.amazonaws.com/uifaces/faces/twitter/bryan_topham/128.jpg');
INSERT INTO part_time_ct VALUES ('Dustin_Ryan@gmail.com');
INSERT INTO pt_free_schedule VALUES ('Dustin_Ryan@gmail.com', '2020-05-13T16:00:00.000Z', '2021-11-13T16:00:00.000Z');
INSERT INTO pt_specializes_in VALUES ('Dustin_Ryan@gmail.com', 'Donkey', 16);

INSERT INTO person VALUES ('Theo.Hackett@gmail.com', 'Natalia DuBuque', '$2b$10$r3BD.leaooE.5vU28EYTuuBixKJ5aeV1AyrKyPHHI0BSkH.eNYs5i', '6211 Destini Trafficway', 90243163, 'user', 'https://s3.amazonaws.com/uifaces/faces/twitter/nelshd/128.jpg');
INSERT INTO credit_card VALUES (6767125864940940, 'Theo.Hackett@gmail.com', '2021-04-24T03:36:53.099Z', 228);
INSERT INTO pet VALUES ('Wava', 'Theo.Hackett@gmail.com', 'Fish', 'Nobis voluptatem corrupti.', 'Odit dolorem a.');
INSERT INTO pet VALUES ('Isac', 'Theo.Hackett@gmail.com', 'Mule', 'Dicta dignissimos omnis cumque.', 'Dolores animi tenetur vero dolor dolorem.');
INSERT INTO part_time_ct VALUES ('Theo.Hackett@gmail.com');
INSERT INTO pt_free_schedule VALUES ('Theo.Hackett@gmail.com', '2020-05-13T16:00:00.000Z', '2021-11-13T16:00:00.000Z');
INSERT INTO pt_specializes_in VALUES ('Theo.Hackett@gmail.com', 'Burro', 3);
INSERT INTO pt_specializes_in VALUES ('Theo.Hackett@gmail.com', 'Pig', 10);
INSERT INTO pt_specializes_in VALUES ('Theo.Hackett@gmail.com', 'Ponie', 19);

INSERT INTO person VALUES ('Dallin76@yahoo.com', 'Geraldine Bins', '$2b$10$r3BD.leaooE.5vU28EYTuuBixKJ5aeV1AyrKyPHHI0BSkH.eNYs5i', '8791 Conner Divide', 90535599, 'user', 'https://s3.amazonaws.com/uifaces/faces/twitter/primozcigler/128.jpg');

INSERT INTO person VALUES ('Margarete7@yahoo.com', 'Emmalee Rohan', '$2b$10$r3BD.leaooE.5vU28EYTuuBixKJ5aeV1AyrKyPHHI0BSkH.eNYs5i', '0125 Thad Plains', 90493615, 'user', 'https://s3.amazonaws.com/uifaces/faces/twitter/mymyboy/128.jpg');
INSERT INTO credit_card VALUES (6759091406787264, 'Margarete7@yahoo.com', '2022-01-18T12:20:17.581Z', 665);
INSERT INTO pet VALUES ('Cristina', 'Margarete7@yahoo.com', 'Chameleons (Veiled)', 'Id quos id voluptatem ut aut ut iste occaecati.', 'Totam est eaque quisquam consequuntur magnam in.');
INSERT INTO full_time_ct VALUES ('Margarete7@yahoo.com');
INSERT INTO ft_specializes_in VALUES ('Margarete7@yahoo.com', 'Peafowl', 15);

INSERT INTO person VALUES ('Kimberly.Hills38@gmail.com', 'Allan Koelpin', '$2b$10$r3BD.leaooE.5vU28EYTuuBixKJ5aeV1AyrKyPHHI0BSkH.eNYs5i', '969 Hermann Summit', 90448842, 'user', 'https://s3.amazonaws.com/uifaces/faces/twitter/joshuasortino/128.jpg');
INSERT INTO part_time_ct VALUES ('Kimberly.Hills38@gmail.com');
INSERT INTO pt_free_schedule VALUES ('Kimberly.Hills38@gmail.com', '2020-05-13T16:00:00.000Z', '2021-11-13T16:00:00.000Z');
INSERT INTO pt_specializes_in VALUES ('Kimberly.Hills38@gmail.com', 'Mule', 12);
INSERT INTO pt_specializes_in VALUES ('Kimberly.Hills38@gmail.com', 'Hog', 5);

INSERT INTO person VALUES ('Lonnie22@yahoo.com', 'Grover Bins', '$2b$10$r3BD.leaooE.5vU28EYTuuBixKJ5aeV1AyrKyPHHI0BSkH.eNYs5i', '31973 Will Views', 90496524, 'user', 'https://s3.amazonaws.com/uifaces/faces/twitter/edobene/128.jpg');

INSERT INTO person VALUES ('Sadie42@hotmail.com', 'Aleen Stokes', '$2b$10$r3BD.leaooE.5vU28EYTuuBixKJ5aeV1AyrKyPHHI0BSkH.eNYs5i', '449 Schaefer Ports', 90351842, 'user', 'https://s3.amazonaws.com/uifaces/faces/twitter/mdsisto/128.jpg');
INSERT INTO credit_card VALUES (5365744474079150, 'Sadie42@hotmail.com', '2021-10-07T09:04:57.410Z', 605);
INSERT INTO pet VALUES ('Rachael', 'Sadie42@hotmail.com', 'Guinea Pig', 'Eum in dolore.', 'Facilis eligendi voluptatem iste illum velit est hic eaque ea.');
INSERT INTO pet VALUES ('Geo', 'Sadie42@hotmail.com', 'Chinchilla', 'Maiores non autem ea.', 'Nihil iure dolores reprehenderit deleniti autem.');

INSERT INTO person VALUES ('King70@gmail.com', 'Cullen Heaney', '$2b$10$r3BD.leaooE.5vU28EYTuuBixKJ5aeV1AyrKyPHHI0BSkH.eNYs5i', '23840 Kunze Mountains', 90322802, 'user', 'https://s3.amazonaws.com/uifaces/faces/twitter/roxanejammet/128.jpg');

INSERT INTO person VALUES ('Sarah39@hotmail.com', 'Meaghan Predovic', '$2b$10$r3BD.leaooE.5vU28EYTuuBixKJ5aeV1AyrKyPHHI0BSkH.eNYs5i', '531 Von Ridges', 90425578, 'user', 'https://s3.amazonaws.com/uifaces/faces/twitter/ramanathan_pdy/128.jpg');
INSERT INTO credit_card VALUES (6771895836051618, 'Sarah39@hotmail.com', '2024-07-08T12:25:02.274Z', 657);
INSERT INTO pet VALUES ('Claudie', 'Sarah39@hotmail.com', 'Guinea Pig', 'Molestias molestiae exercitationem quos.', 'Quae vitae alias quaerat a voluptatem et facilis consequatur.');
INSERT INTO pet VALUES ('Cristal', 'Sarah39@hotmail.com', 'Pot Bellied Pig', 'Nesciunt repellat velit ea maxime ut a quisquam.', 'Et est sit et.');

INSERT INTO person VALUES ('Cornell_Kuhic@gmail.com', 'Gregoria Durgan', '$2b$10$r3BD.leaooE.5vU28EYTuuBixKJ5aeV1AyrKyPHHI0BSkH.eNYs5i', '9005 Grady Highway', 90094260, 'user', 'https://s3.amazonaws.com/uifaces/faces/twitter/baliomega/128.jpg');
INSERT INTO full_time_ct VALUES ('Cornell_Kuhic@gmail.com');
INSERT INTO ft_specializes_in VALUES ('Cornell_Kuhic@gmail.com', 'Guinea Fowl', 8);
INSERT INTO ft_specializes_in VALUES ('Cornell_Kuhic@gmail.com', 'Hedgehog', 9);
INSERT INTO ft_specializes_in VALUES ('Cornell_Kuhic@gmail.com', 'Hog', 5);

INSERT INTO person VALUES ('Serena.Walsh17@yahoo.com', 'Kendrick Hoeger', '$2b$10$r3BD.leaooE.5vU28EYTuuBixKJ5aeV1AyrKyPHHI0BSkH.eNYs5i', '526 Katarina Garden', 90955083, 'user', 'https://s3.amazonaws.com/uifaces/faces/twitter/alexandermayes/128.jpg');
INSERT INTO part_time_ct VALUES ('Serena.Walsh17@yahoo.com');
INSERT INTO pt_free_schedule VALUES ('Serena.Walsh17@yahoo.com', '2020-05-13T16:00:00.000Z', '2021-11-13T16:00:00.000Z');
INSERT INTO pt_specializes_in VALUES ('Serena.Walsh17@yahoo.com', 'Hog', 15);

INSERT INTO person VALUES ('Chelsie.Turcotte@gmail.com', 'Coy Murazik', '$2b$10$r3BD.leaooE.5vU28EYTuuBixKJ5aeV1AyrKyPHHI0BSkH.eNYs5i', '915 Schmidt Light', 90028621, 'user', 'https://s3.amazonaws.com/uifaces/faces/twitter/a_brixen/128.jpg');

INSERT INTO person VALUES ('Wilfredo_Crooks@yahoo.com', 'Lonzo Yost', '$2b$10$r3BD.leaooE.5vU28EYTuuBixKJ5aeV1AyrKyPHHI0BSkH.eNYs5i', '62114 Durgan Spur', 90715194, 'user', 'https://s3.amazonaws.com/uifaces/faces/twitter/cemshid/128.jpg');
INSERT INTO credit_card VALUES (372542537735297, 'Wilfredo_Crooks@yahoo.com', '2024-08-30T12:41:18.954Z', 041);
INSERT INTO pet VALUES ('Jane', 'Wilfredo_Crooks@yahoo.com', 'Donkey', 'Voluptas consequatur nobis.', 'Voluptatem incidunt qui vero.');
INSERT INTO pet VALUES ('Judd', 'Wilfredo_Crooks@yahoo.com', 'Ferret', 'Et et sapiente sint placeat ea sunt excepturi.', 'Est qui perferendis quos autem eos animi perferendis.');

INSERT INTO person VALUES ('Elissa.Hudson@yahoo.com', 'Colten Wintheiser', '$2b$10$r3BD.leaooE.5vU28EYTuuBixKJ5aeV1AyrKyPHHI0BSkH.eNYs5i', '6800 Sofia Fall', 90508680, 'user', 'https://s3.amazonaws.com/uifaces/faces/twitter/BenouarradeM/128.jpg');
INSERT INTO credit_card VALUES (4785240927345, 'Elissa.Hudson@yahoo.com', '2023-05-25T18:28:37.007Z', 671);
INSERT INTO pet VALUES ('Gavin', 'Elissa.Hudson@yahoo.com', 'Llama', 'Dolores facilis fuga.', 'Autem facere aut architecto nemo voluptas aut autem ea natus.');
INSERT INTO pet VALUES ('Dillan', 'Elissa.Hudson@yahoo.com', 'Rabbit', 'Voluptas ipsam doloremque voluptas.', 'Est nobis dolores itaque.');

INSERT INTO person VALUES ('Aurelio87@yahoo.com', 'Bart Lehner', '$2b$10$r3BD.leaooE.5vU28EYTuuBixKJ5aeV1AyrKyPHHI0BSkH.eNYs5i', '01722 Steuber Heights', 90228384, 'user', 'https://s3.amazonaws.com/uifaces/faces/twitter/dahparra/128.jpg');

INSERT INTO person VALUES ('Eloisa_Murphy@gmail.com', 'Gunnar West', '$2b$10$r3BD.leaooE.5vU28EYTuuBixKJ5aeV1AyrKyPHHI0BSkH.eNYs5i', '6397 Mabel Lights', 90304820, 'user', 'https://s3.amazonaws.com/uifaces/faces/twitter/jm_denis/128.jpg');
INSERT INTO credit_card VALUES (6767664722438875, 'Eloisa_Murphy@gmail.com', '2021-12-23T16:53:42.110Z', 764);
INSERT INTO pet VALUES ('Ignacio', 'Eloisa_Murphy@gmail.com', 'Cow', 'Laboriosam dicta occaecati cumque dolorem rerum nostrum impedit quidem ipsum.', 'Rerum vel omnis.');
INSERT INTO full_time_ct VALUES ('Eloisa_Murphy@gmail.com');
INSERT INTO ft_specializes_in VALUES ('Eloisa_Murphy@gmail.com', 'Chicken', 9);

INSERT INTO person VALUES ('Lessie_Thompson@gmail.com', 'Jevon Moore', '$2b$10$r3BD.leaooE.5vU28EYTuuBixKJ5aeV1AyrKyPHHI0BSkH.eNYs5i', '6853 Rempel Isle', 90569933, 'user', 'https://s3.amazonaws.com/uifaces/faces/twitter/divya/128.jpg');
INSERT INTO credit_card VALUES (6399277878023074, 'Lessie_Thompson@gmail.com', '2021-07-07T15:10:06.355Z', 508);
INSERT INTO pet VALUES ('Hobart', 'Lessie_Thompson@gmail.com', 'Rabbit', 'Earum similique aut consequatur.', 'Ut tempora quia sunt officiis.');
INSERT INTO pet VALUES ('Wallace', 'Lessie_Thompson@gmail.com', 'Cow', 'Dolorem ullam impedit ratione cumque laborum et qui et facilis.', 'Enim sit cum.');
INSERT INTO full_time_ct VALUES ('Lessie_Thompson@gmail.com');
INSERT INTO ft_specializes_in VALUES ('Lessie_Thompson@gmail.com', 'Ponie', 10);

INSERT INTO person VALUES ('Eugene2@yahoo.com', 'Verla Trantow', '$2b$10$r3BD.leaooE.5vU28EYTuuBixKJ5aeV1AyrKyPHHI0BSkH.eNYs5i', '46891 Destiny Island', 90326332, 'user', 'https://s3.amazonaws.com/uifaces/faces/twitter/weglov/128.jpg');
INSERT INTO credit_card VALUES (30572608477572, 'Eugene2@yahoo.com', '2021-06-22T20:10:08.240Z', 491);
INSERT INTO pet VALUES ('Chyna', 'Eugene2@yahoo.com', 'Chinese Water Dragon', 'Fugiat ut eum repellat.', 'Autem voluptates soluta.');
INSERT INTO part_time_ct VALUES ('Eugene2@yahoo.com');
INSERT INTO pt_free_schedule VALUES ('Eugene2@yahoo.com', '2020-05-13T16:00:00.000Z', '2021-11-13T16:00:00.000Z');
INSERT INTO pt_specializes_in VALUES ('Eugene2@yahoo.com', 'Chameleons (Veiled)', 11);
INSERT INTO pt_specializes_in VALUES ('Eugene2@yahoo.com', 'Geese (Chinese Swan Goose)', 15);

INSERT INTO person VALUES ('Hailee_Zieme@hotmail.com', 'Marley Erdman', '$2b$10$r3BD.leaooE.5vU28EYTuuBixKJ5aeV1AyrKyPHHI0BSkH.eNYs5i', '0517 Trantow Bridge', 90939155, 'user', 'https://s3.amazonaws.com/uifaces/faces/twitter/gmourier/128.jpg');
INSERT INTO credit_card VALUES (6767376325385256, 'Hailee_Zieme@hotmail.com', '2022-03-14T21:39:43.371Z', 478);
INSERT INTO pet VALUES ('Ceasar', 'Hailee_Zieme@hotmail.com', 'Duck', 'Aut assumenda libero rem dolor facere sit vitae fuga reprehenderit.', 'Sunt repudiandae accusamus molestias in aut quis asperiores omnis.');
INSERT INTO pet VALUES ('Jaleel', 'Hailee_Zieme@hotmail.com', 'Rabbit', 'Consequatur quae qui quam quis totam dolore aperiam pariatur molestias.', 'Culpa nisi magni.');
INSERT INTO full_time_ct VALUES ('Hailee_Zieme@hotmail.com');
INSERT INTO ft_specializes_in VALUES ('Hailee_Zieme@hotmail.com', 'Horse', 7);
INSERT INTO ft_specializes_in VALUES ('Hailee_Zieme@hotmail.com', 'Pot Bellied Pig', 19);

INSERT INTO person VALUES ('Cierra_Windler90@yahoo.com', 'Ezequiel Kerluke', '$2b$10$r3BD.leaooE.5vU28EYTuuBixKJ5aeV1AyrKyPHHI0BSkH.eNYs5i', '629 Opal Track', 90526569, 'user', 'https://s3.amazonaws.com/uifaces/faces/twitter/kennyadr/128.jpg');

INSERT INTO person VALUES ('Dianna67@hotmail.com', 'Maximo Hahn', '$2b$10$r3BD.leaooE.5vU28EYTuuBixKJ5aeV1AyrKyPHHI0BSkH.eNYs5i', '648 Herzog Glens', 90448224, 'user', 'https://s3.amazonaws.com/uifaces/faces/twitter/victorDubugras/128.jpg');
INSERT INTO credit_card VALUES (5018087078866647, 'Dianna67@hotmail.com', '2021-06-16T14:58:14.799Z', 849);
INSERT INTO pet VALUES ('Kurt', 'Dianna67@hotmail.com', 'Hog', 'Quae iste hic aut eaque et eveniet fugit dignissimos consectetur.', 'Deserunt dicta aut aut dolor.');
INSERT INTO pet VALUES ('Cayla', 'Dianna67@hotmail.com', 'Ferret', 'Nulla aut qui quia corrupti ea culpa nemo qui.', 'Asperiores suscipit atque fugit quaerat ea.');
INSERT INTO full_time_ct VALUES ('Dianna67@hotmail.com');
INSERT INTO ft_specializes_in VALUES ('Dianna67@hotmail.com', 'Geese (Chinese Swan Goose)', 8);
INSERT INTO ft_specializes_in VALUES ('Dianna67@hotmail.com', 'Ponie', 17);

INSERT INTO person VALUES ('Brendon_Schinner@gmail.com', 'Lilly Ernser', '$2b$10$r3BD.leaooE.5vU28EYTuuBixKJ5aeV1AyrKyPHHI0BSkH.eNYs5i', '42783 Jacobs Land', 90996597, 'user', 'https://s3.amazonaws.com/uifaces/faces/twitter/hasslunsford/128.jpg');

INSERT INTO person VALUES ('Clemmie.Satterfield@yahoo.com', 'Bradford Dickens', '$2b$10$r3BD.leaooE.5vU28EYTuuBixKJ5aeV1AyrKyPHHI0BSkH.eNYs5i', '5682 Alex Spring', 90209624, 'user', 'https://s3.amazonaws.com/uifaces/faces/twitter/kolsvein/128.jpg');
INSERT INTO credit_card VALUES (6011914772356192, 'Clemmie.Satterfield@yahoo.com', '2021-04-17T14:51:16.235Z', 220);
INSERT INTO pet VALUES ('Miller', 'Clemmie.Satterfield@yahoo.com', 'Goat', 'Minima laboriosam tempore nesciunt.', 'Earum id animi maxime deserunt dolor omnis quia ea qui.');
INSERT INTO pet VALUES ('Zackery', 'Clemmie.Satterfield@yahoo.com', 'Mice', 'Ratione dolor fuga et aut beatae pariatur quae.', 'Corrupti qui voluptatibus itaque et porro.');
INSERT INTO part_time_ct VALUES ('Clemmie.Satterfield@yahoo.com');
INSERT INTO pt_free_schedule VALUES ('Clemmie.Satterfield@yahoo.com', '2020-05-13T16:00:00.000Z', '2021-11-13T16:00:00.000Z');
INSERT INTO pt_specializes_in VALUES ('Clemmie.Satterfield@yahoo.com', 'Bearded Dragon', 7);
INSERT INTO pt_specializes_in VALUES ('Clemmie.Satterfield@yahoo.com', 'Duck', 3);
INSERT INTO pt_specializes_in VALUES ('Clemmie.Satterfield@yahoo.com', 'Ponie', 10);

INSERT INTO person VALUES ('Makenzie.Friesen20@hotmail.com', 'Seth Watsica', '$2b$10$r3BD.leaooE.5vU28EYTuuBixKJ5aeV1AyrKyPHHI0BSkH.eNYs5i', '3357 Lazaro Points', 90206275, 'user', 'https://s3.amazonaws.com/uifaces/faces/twitter/tanveerrao/128.jpg');

INSERT INTO person VALUES ('Uriah79@gmail.com', 'Tavares Bruen', '$2b$10$r3BD.leaooE.5vU28EYTuuBixKJ5aeV1AyrKyPHHI0BSkH.eNYs5i', '907 Mona Points', 90030666, 'user', 'https://s3.amazonaws.com/uifaces/faces/twitter/kerihenare/128.jpg');

INSERT INTO person VALUES ('Dovie39@hotmail.com', 'Christine OHara', '$2b$10$r3BD.leaooE.5vU28EYTuuBixKJ5aeV1AyrKyPHHI0BSkH.eNYs5i', '4272 Schneider Pike', 90238347, 'user', 'https://s3.amazonaws.com/uifaces/faces/twitter/exentrich/128.jpg');
INSERT INTO credit_card VALUES (6304911604309669, 'Dovie39@hotmail.com', '2020-11-22T14:20:22.154Z', 062);
INSERT INTO pet VALUES ('Katelyn', 'Dovie39@hotmail.com', 'Pot Bellied Pig', 'Amet cum repudiandae consequatur sint officia accusantium ut et.', 'Placeat doloribus rerum sit necessitatibus.');
INSERT INTO pet VALUES ('Mohammad', 'Dovie39@hotmail.com', 'Donkey', 'Laudantium tenetur molestias omnis blanditiis architecto aut aliquam.', 'Beatae illo atque iure.');
INSERT INTO full_time_ct VALUES ('Dovie39@hotmail.com');
INSERT INTO ft_specializes_in VALUES ('Dovie39@hotmail.com', 'Burro', 8);
INSERT INTO ft_specializes_in VALUES ('Dovie39@hotmail.com', 'Llama', 11);
INSERT INTO ft_specializes_in VALUES ('Dovie39@hotmail.com', 'Pot Bellied Pig', 14);

INSERT INTO person VALUES ('Shaniya_Towne@yahoo.com', 'Maeve Tremblay', '$2b$10$r3BD.leaooE.5vU28EYTuuBixKJ5aeV1AyrKyPHHI0BSkH.eNYs5i', '59474 Maria Park', 90073281, 'user', 'https://s3.amazonaws.com/uifaces/faces/twitter/fran_mchamy/128.jpg');
INSERT INTO credit_card VALUES (6488629848901272, 'Shaniya_Towne@yahoo.com', '2021-08-01T14:36:58.932Z', 429);
INSERT INTO pet VALUES ('Hoyt', 'Shaniya_Towne@yahoo.com', 'Geese (Chinese Swan Goose)', 'Ducimus et asperiores sint nihil aut.', 'Harum non aut veniam.');
INSERT INTO pet VALUES ('Rachelle', 'Shaniya_Towne@yahoo.com', 'Chinchilla', 'Ut consequuntur unde debitis consequatur nihil et repellendus.', 'Voluptas omnis sit.');
INSERT INTO full_time_ct VALUES ('Shaniya_Towne@yahoo.com');
INSERT INTO ft_specializes_in VALUES ('Shaniya_Towne@yahoo.com', 'Chinchilla', 18);

INSERT INTO person VALUES ('Wallace43@gmail.com', 'Dan Bergstrom', '$2b$10$r3BD.leaooE.5vU28EYTuuBixKJ5aeV1AyrKyPHHI0BSkH.eNYs5i', '506 Sarina Knolls', 90410051, 'user', 'https://s3.amazonaws.com/uifaces/faces/twitter/rdbannon/128.jpg');
INSERT INTO part_time_ct VALUES ('Wallace43@gmail.com');
INSERT INTO pt_free_schedule VALUES ('Wallace43@gmail.com', '2020-05-13T16:00:00.000Z', '2021-11-13T16:00:00.000Z');
INSERT INTO pt_specializes_in VALUES ('Wallace43@gmail.com', 'Llama', 6);

INSERT INTO person VALUES ('Rhianna_Ledner@gmail.com', 'Curt Wyman', '$2b$10$r3BD.leaooE.5vU28EYTuuBixKJ5aeV1AyrKyPHHI0BSkH.eNYs5i', '57122 Durgan Springs', 90935388, 'user', 'https://s3.amazonaws.com/uifaces/faces/twitter/aaroni/128.jpg');
INSERT INTO part_time_ct VALUES ('Rhianna_Ledner@gmail.com');
INSERT INTO pt_free_schedule VALUES ('Rhianna_Ledner@gmail.com', '2020-05-13T16:00:00.000Z', '2021-11-13T16:00:00.000Z');
INSERT INTO pt_specializes_in VALUES ('Rhianna_Ledner@gmail.com', 'Cow', 9);

INSERT INTO person VALUES ('Kayleigh43@gmail.com', 'Mara McCullough', '$2b$10$r3BD.leaooE.5vU28EYTuuBixKJ5aeV1AyrKyPHHI0BSkH.eNYs5i', '8573 Bayer Mall', 90202071, 'user', 'https://s3.amazonaws.com/uifaces/faces/twitter/robinclediere/128.jpg');

INSERT INTO person VALUES ('Flo81@hotmail.com', 'Geoffrey Leuschke', '$2b$10$r3BD.leaooE.5vU28EYTuuBixKJ5aeV1AyrKyPHHI0BSkH.eNYs5i', '270 Lilian Estate', 90200403, 'user', 'https://s3.amazonaws.com/uifaces/faces/twitter/irae/128.jpg');
INSERT INTO credit_card VALUES (6759988238256011, 'Flo81@hotmail.com', '2022-08-03T02:04:30.063Z', 743);
INSERT INTO pet VALUES ('Nikko', 'Flo81@hotmail.com', 'Mice', 'Autem deleniti nihil dolorem quia inventore et.', 'Eos autem aperiam.');

INSERT INTO person VALUES ('Cynthia8@yahoo.com', 'Brett Brekke', '$2b$10$r3BD.leaooE.5vU28EYTuuBixKJ5aeV1AyrKyPHHI0BSkH.eNYs5i', '62388 Fernando Stream', 90985795, 'user', 'https://s3.amazonaws.com/uifaces/faces/twitter/ryuchi311/128.jpg');
INSERT INTO credit_card VALUES (6378994897525039, 'Cynthia8@yahoo.com', '2023-06-10T13:09:55.652Z', 977);
INSERT INTO pet VALUES ('Baron', 'Cynthia8@yahoo.com', 'Guinea Pig', 'Sed fugit fuga.', 'Et quasi sapiente.');
INSERT INTO pet VALUES ('Tom', 'Cynthia8@yahoo.com', 'Chinchilla', 'Ducimus accusamus libero ea dolorem ut.', 'Unde ut optio enim sit voluptatem nisi commodi.');
INSERT INTO full_time_ct VALUES ('Cynthia8@yahoo.com');
INSERT INTO ft_specializes_in VALUES ('Cynthia8@yahoo.com', 'Guinea Fowl', 0);

INSERT INTO person VALUES ('Raleigh96@yahoo.com', 'Armand Botsford', '$2b$10$r3BD.leaooE.5vU28EYTuuBixKJ5aeV1AyrKyPHHI0BSkH.eNYs5i', '64442 Lueilwitz Dale', 90858176, 'user', 'https://s3.amazonaws.com/uifaces/faces/twitter/jasonmarkjones/128.jpg');
INSERT INTO credit_card VALUES (6771792814915819, 'Raleigh96@yahoo.com', '2021-08-15T17:25:25.120Z', 435);
INSERT INTO pet VALUES ('Lue', 'Raleigh96@yahoo.com', 'Hog', 'Qui ab animi.', 'Fuga molestias est id deserunt porro nisi reprehenderit.');
INSERT INTO pet VALUES ('Marlon', 'Raleigh96@yahoo.com', 'Chinese Water Dragon', 'Velit atque cupiditate esse.', 'Id et placeat dolorem repudiandae ut beatae sint vel.');
INSERT INTO part_time_ct VALUES ('Raleigh96@yahoo.com');
INSERT INTO pt_free_schedule VALUES ('Raleigh96@yahoo.com', '2020-05-13T16:00:00.000Z', '2021-11-13T16:00:00.000Z');
INSERT INTO pt_specializes_in VALUES ('Raleigh96@yahoo.com', 'Hedgehog', 1);
INSERT INTO pt_specializes_in VALUES ('Raleigh96@yahoo.com', 'Horse', 0);

INSERT INTO person VALUES ('Earlene25@hotmail.com', 'Carmen Smith', '$2b$10$r3BD.leaooE.5vU28EYTuuBixKJ5aeV1AyrKyPHHI0BSkH.eNYs5i', '221 Rath Fork', 90902134, 'user', 'https://s3.amazonaws.com/uifaces/faces/twitter/d_nny_m_cher/128.jpg');

INSERT INTO person VALUES ('Beth_Farrell87@hotmail.com', 'Reed Donnelly', '$2b$10$r3BD.leaooE.5vU28EYTuuBixKJ5aeV1AyrKyPHHI0BSkH.eNYs5i', '1633 Isabell Courts', 90511532, 'user', 'https://s3.amazonaws.com/uifaces/faces/twitter/geobikas/128.jpg');
INSERT INTO credit_card VALUES (373008602472361, 'Beth_Farrell87@hotmail.com', '2022-05-31T08:26:11.012Z', 940);
INSERT INTO pet VALUES ('Will', 'Beth_Farrell87@hotmail.com', 'Mice', 'Facere mollitia nam fugit quibusdam a consequatur expedita expedita.', 'Fuga est cumque et consectetur alias quae et.');
INSERT INTO pet VALUES ('Kira', 'Beth_Farrell87@hotmail.com', 'Pig', 'Aspernatur aliquam incidunt.', 'Laborum dolorum et aspernatur rerum occaecati accusamus delectus modi illum.');

INSERT INTO person VALUES ('Bryon_Casper@gmail.com', 'Brody Aufderhar', '$2b$10$r3BD.leaooE.5vU28EYTuuBixKJ5aeV1AyrKyPHHI0BSkH.eNYs5i', '15960 Schaefer Hollow', 90874328, 'user', 'https://s3.amazonaws.com/uifaces/faces/twitter/nasirwd/128.jpg');
INSERT INTO credit_card VALUES (345750628851186, 'Bryon_Casper@gmail.com', '2021-09-06T11:29:08.295Z', 756);
INSERT INTO pet VALUES ('Arjun', 'Bryon_Casper@gmail.com', 'Pig', 'Consequuntur dolores debitis ea commodi placeat voluptas omnis et.', 'Expedita accusamus rerum necessitatibus doloremque.');
INSERT INTO pet VALUES ('Eden', 'Bryon_Casper@gmail.com', 'Pot Bellied Pig', 'Eos sit et quisquam eos consequatur quia vitae asperiores.', 'Blanditiis magni consectetur similique omnis consequatur earum.');
INSERT INTO part_time_ct VALUES ('Bryon_Casper@gmail.com');
INSERT INTO pt_free_schedule VALUES ('Bryon_Casper@gmail.com', '2020-05-13T16:00:00.000Z', '2021-11-13T16:00:00.000Z');
INSERT INTO pt_specializes_in VALUES ('Bryon_Casper@gmail.com', 'Cow', 12);

INSERT INTO person VALUES ('Lourdes_Frami@gmail.com', 'Helena Hane', '$2b$10$r3BD.leaooE.5vU28EYTuuBixKJ5aeV1AyrKyPHHI0BSkH.eNYs5i', '7800 Martin River', 90830354, 'user', 'https://s3.amazonaws.com/uifaces/faces/twitter/taylorling/128.jpg');

INSERT INTO person VALUES ('Faye56@hotmail.com', 'Chad Schamberger', '$2b$10$r3BD.leaooE.5vU28EYTuuBixKJ5aeV1AyrKyPHHI0BSkH.eNYs5i', '70201 Emmerich Trace', 90082733, 'user', 'https://s3.amazonaws.com/uifaces/faces/twitter/jennyyo/128.jpg');

INSERT INTO person VALUES ('Adrian28@hotmail.com', 'Golden Veum', '$2b$10$r3BD.leaooE.5vU28EYTuuBixKJ5aeV1AyrKyPHHI0BSkH.eNYs5i', '15090 Rebecca Meadows', 90112686, 'user', 'https://s3.amazonaws.com/uifaces/faces/twitter/ceekaytweet/128.jpg');
INSERT INTO part_time_ct VALUES ('Adrian28@hotmail.com');
INSERT INTO pt_free_schedule VALUES ('Adrian28@hotmail.com', '2020-05-13T16:00:00.000Z', '2021-11-13T16:00:00.000Z');
INSERT INTO pt_specializes_in VALUES ('Adrian28@hotmail.com', 'Fish', 18);

INSERT INTO person VALUES ('Josie.Leuschke@gmail.com', 'Gaston Bernhard', '$2b$10$r3BD.leaooE.5vU28EYTuuBixKJ5aeV1AyrKyPHHI0BSkH.eNYs5i', '608 Kunze Crescent', 90188090, 'user', 'https://s3.amazonaws.com/uifaces/faces/twitter/byrnecore/128.jpg');

INSERT INTO person VALUES ('Abbigail_Spencer@yahoo.com', 'Amari Huel', '$2b$10$r3BD.leaooE.5vU28EYTuuBixKJ5aeV1AyrKyPHHI0BSkH.eNYs5i', '7518 Torp Points', 90829342, 'user', 'https://s3.amazonaws.com/uifaces/faces/twitter/kucingbelang4/128.jpg');
INSERT INTO full_time_ct VALUES ('Abbigail_Spencer@yahoo.com');
INSERT INTO ft_specializes_in VALUES ('Abbigail_Spencer@yahoo.com', 'Chinchilla', 14);
INSERT INTO ft_specializes_in VALUES ('Abbigail_Spencer@yahoo.com', 'Geese (Chinese Swan Goose)', 20);
INSERT INTO ft_specializes_in VALUES ('Abbigail_Spencer@yahoo.com', 'Guinea Pig', 12);

INSERT INTO person VALUES ('Augusta_Emmerich72@hotmail.com', 'Casper Russel', '$2b$10$r3BD.leaooE.5vU28EYTuuBixKJ5aeV1AyrKyPHHI0BSkH.eNYs5i', '06212 Claud Harbors', 90498172, 'user', 'https://s3.amazonaws.com/uifaces/faces/twitter/antonyryndya/128.jpg');
INSERT INTO credit_card VALUES (4422903820288, 'Augusta_Emmerich72@hotmail.com', '2022-08-10T02:47:19.260Z', 405);
INSERT INTO pet VALUES ('Cloyd', 'Augusta_Emmerich72@hotmail.com', 'Geese (Chinese Swan Goose)', 'Et odio illum eaque sit at dolorem.', 'Quam atque placeat.');
INSERT INTO pet VALUES ('Adaline', 'Augusta_Emmerich72@hotmail.com', 'Fish', 'Molestiae nihil et minus fugiat repellendus numquam eius.', 'Voluptatem saepe iusto id fugit consequatur quos.');

INSERT INTO person VALUES ('Hudson.Barrows@hotmail.com', 'Katelynn Gaylord', '$2b$10$r3BD.leaooE.5vU28EYTuuBixKJ5aeV1AyrKyPHHI0BSkH.eNYs5i', '5641 Osborne Ridge', 90928584, 'user', 'https://s3.amazonaws.com/uifaces/faces/twitter/a_harris88/128.jpg');
INSERT INTO credit_card VALUES (6484626557115907, 'Hudson.Barrows@hotmail.com', '2024-10-16T11:37:59.346Z', 296);
INSERT INTO pet VALUES ('Jonathon', 'Hudson.Barrows@hotmail.com', 'Pigeon', 'Quis ratione voluptatem rerum et harum quasi voluptatem.', 'Nulla incidunt rem.');
INSERT INTO full_time_ct VALUES ('Hudson.Barrows@hotmail.com');
INSERT INTO ft_specializes_in VALUES ('Hudson.Barrows@hotmail.com', 'Guinea Pig', 11);
INSERT INTO ft_specializes_in VALUES ('Hudson.Barrows@hotmail.com', 'Rabbit', 15);

INSERT INTO person VALUES ('Danyka64@gmail.com', 'Josh OConnell', '$2b$10$r3BD.leaooE.5vU28EYTuuBixKJ5aeV1AyrKyPHHI0BSkH.eNYs5i', '094 Samantha Port', 90312381, 'user', 'https://s3.amazonaws.com/uifaces/faces/twitter/dzantievm/128.jpg');
INSERT INTO credit_card VALUES (30470998135472, 'Danyka64@gmail.com', '2021-01-04T00:28:11.811Z', 630);
INSERT INTO pet VALUES ('Wilhelm', 'Danyka64@gmail.com', 'Guinea Pig', 'Enim eum voluptatem corrupti atque molestias.', 'Quam eaque sed deserunt et voluptatem.');
INSERT INTO pet VALUES ('Ward', 'Danyka64@gmail.com', 'Bird', 'Beatae reprehenderit sit accusamus repellat nihil tempore.', 'Doloremque quisquam delectus non a.');

INSERT INTO person VALUES ('Evans_Dickinson@gmail.com', 'Nat Weber', '$2b$10$r3BD.leaooE.5vU28EYTuuBixKJ5aeV1AyrKyPHHI0BSkH.eNYs5i', '795 Runte Rapids', 90203191, 'user', 'https://s3.amazonaws.com/uifaces/faces/twitter/judzhin_miles/128.jpg');
INSERT INTO credit_card VALUES (5446020903287923, 'Evans_Dickinson@gmail.com', '2021-02-04T08:20:05.664Z', 881);
INSERT INTO pet VALUES ('Shanon', 'Evans_Dickinson@gmail.com', 'Peafowl', 'Et sequi amet minus.', 'Cumque dicta in adipisci animi excepturi laudantium illo.');

INSERT INTO person VALUES ('Reuben_Kunde70@gmail.com', 'Retha Nitzsche', '$2b$10$r3BD.leaooE.5vU28EYTuuBixKJ5aeV1AyrKyPHHI0BSkH.eNYs5i', '84200 Hal Forest', 90418009, 'user', 'https://s3.amazonaws.com/uifaces/faces/twitter/allfordesign/128.jpg');
INSERT INTO credit_card VALUES (3567990928645895, 'Reuben_Kunde70@gmail.com', '2021-02-27T16:08:41.602Z', 513);
INSERT INTO pet VALUES ('Keara', 'Reuben_Kunde70@gmail.com', 'Cow', 'Et laborum ex dignissimos natus quod.', 'Dolorum eum est veniam.');
INSERT INTO pet VALUES ('Martin', 'Reuben_Kunde70@gmail.com', 'Geese (Chinese Swan Goose)', 'Dolor doloribus maxime.', 'Qui accusamus et voluptatem aliquam omnis doloremque ut.');
INSERT INTO part_time_ct VALUES ('Reuben_Kunde70@gmail.com');
INSERT INTO pt_free_schedule VALUES ('Reuben_Kunde70@gmail.com', '2020-05-13T16:00:00.000Z', '2021-11-13T16:00:00.000Z');
INSERT INTO pt_specializes_in VALUES ('Reuben_Kunde70@gmail.com', 'Chinese Water Dragon', 13);

INSERT INTO person VALUES ('Lamont_Hackett@yahoo.com', 'Bernhard Dietrich', '$2b$10$r3BD.leaooE.5vU28EYTuuBixKJ5aeV1AyrKyPHHI0BSkH.eNYs5i', '08004 Jaydon Rue', 90846370, 'user', 'https://s3.amazonaws.com/uifaces/faces/twitter/jimmuirhead/128.jpg');
INSERT INTO credit_card VALUES (4240365098380432, 'Lamont_Hackett@yahoo.com', '2020-11-28T06:55:41.426Z', 186);
INSERT INTO pet VALUES ('Payton', 'Lamont_Hackett@yahoo.com', 'Bird', 'Facere tempore a a eum.', 'Quisquam accusantium id et perferendis et provident ut est.');
INSERT INTO pet VALUES ('Cristopher', 'Lamont_Hackett@yahoo.com', 'Chameleons (Veiled)', 'Autem sit numquam quibusdam doloremque assumenda sit facere.', 'Labore architecto rerum.');

INSERT INTO person VALUES ('Hayden12@gmail.com', 'Hobart Hodkiewicz', '$2b$10$r3BD.leaooE.5vU28EYTuuBixKJ5aeV1AyrKyPHHI0BSkH.eNYs5i', '59062 Janessa Harbors', 90259583, 'user', 'https://s3.amazonaws.com/uifaces/faces/twitter/kkusaa/128.jpg');
INSERT INTO full_time_ct VALUES ('Hayden12@gmail.com');
INSERT INTO ft_specializes_in VALUES ('Hayden12@gmail.com', 'Mice', 15);
INSERT INTO ft_specializes_in VALUES ('Hayden12@gmail.com', 'Pig', 4);

INSERT INTO person VALUES ('Otha.Kuhlman89@gmail.com', 'Hope Zulauf', '$2b$10$r3BD.leaooE.5vU28EYTuuBixKJ5aeV1AyrKyPHHI0BSkH.eNYs5i', '30747 Charity Port', 90955323, 'user', 'https://s3.amazonaws.com/uifaces/faces/twitter/brandonflatsoda/128.jpg');

INSERT INTO person VALUES ('Isaiah39@yahoo.com', 'Gaston Paucek', '$2b$10$r3BD.leaooE.5vU28EYTuuBixKJ5aeV1AyrKyPHHI0BSkH.eNYs5i', '496 Jonathon Junction', 90871552, 'user', 'https://s3.amazonaws.com/uifaces/faces/twitter/Elt_n/128.jpg');
INSERT INTO credit_card VALUES (6394938080331727, 'Isaiah39@yahoo.com', '2023-10-14T04:00:03.149Z', 830);
INSERT INTO pet VALUES ('Wilfrid', 'Isaiah39@yahoo.com', 'Guinea Pig', 'Illo quis temporibus commodi autem libero aspernatur.', 'Occaecati occaecati numquam minima illo.');
INSERT INTO part_time_ct VALUES ('Isaiah39@yahoo.com');
INSERT INTO pt_free_schedule VALUES ('Isaiah39@yahoo.com', '2020-05-13T16:00:00.000Z', '2021-11-13T16:00:00.000Z');
INSERT INTO pt_specializes_in VALUES ('Isaiah39@yahoo.com', 'Bird', 16);
INSERT INTO pt_specializes_in VALUES ('Isaiah39@yahoo.com', 'Mule', 3);

INSERT INTO person VALUES ('Marianna_Hilpert@gmail.com', 'Amos Berge', '$2b$10$r3BD.leaooE.5vU28EYTuuBixKJ5aeV1AyrKyPHHI0BSkH.eNYs5i', '62506 Upton Ranch', 90314669, 'user', 'https://s3.amazonaws.com/uifaces/faces/twitter/johannesneu/128.jpg');
INSERT INTO full_time_ct VALUES ('Marianna_Hilpert@gmail.com');
INSERT INTO ft_specializes_in VALUES ('Marianna_Hilpert@gmail.com', 'Fish', 6);
INSERT INTO ft_specializes_in VALUES ('Marianna_Hilpert@gmail.com', 'Peafowl', 19);

INSERT INTO person VALUES ('Weston.Price73@yahoo.com', 'Audie Lowe', '$2b$10$r3BD.leaooE.5vU28EYTuuBixKJ5aeV1AyrKyPHHI0BSkH.eNYs5i', '498 McDermott Mountain', 90226203, 'user', 'https://s3.amazonaws.com/uifaces/faces/twitter/gkaam/128.jpg');
INSERT INTO full_time_ct VALUES ('Weston.Price73@yahoo.com');
INSERT INTO ft_specializes_in VALUES ('Weston.Price73@yahoo.com', 'Burro', 8);
INSERT INTO ft_specializes_in VALUES ('Weston.Price73@yahoo.com', 'Chameleons (Veiled)', 9);

INSERT INTO person VALUES ('Berniece68@hotmail.com', 'Dario Thompson', '$2b$10$r3BD.leaooE.5vU28EYTuuBixKJ5aeV1AyrKyPHHI0BSkH.eNYs5i', '8988 Alexandro Haven', 90404007, 'user', 'https://s3.amazonaws.com/uifaces/faces/twitter/jwalter14/128.jpg');
INSERT INTO part_time_ct VALUES ('Berniece68@hotmail.com');
INSERT INTO pt_free_schedule VALUES ('Berniece68@hotmail.com', '2020-05-13T16:00:00.000Z', '2021-11-13T16:00:00.000Z');
INSERT INTO pt_specializes_in VALUES ('Berniece68@hotmail.com', 'Chameleons (Veiled)', 15);
INSERT INTO pt_specializes_in VALUES ('Berniece68@hotmail.com', 'Gerbil', 2);

INSERT INTO person VALUES ('Brock29@hotmail.com', 'Robin Reynolds', '$2b$10$r3BD.leaooE.5vU28EYTuuBixKJ5aeV1AyrKyPHHI0BSkH.eNYs5i', '490 Cleveland Crescent', 90538765, 'user', 'https://s3.amazonaws.com/uifaces/faces/twitter/lonesomelemon/128.jpg');

INSERT INTO person VALUES ('Adrienne97@gmail.com', 'Santiago Green', '$2b$10$r3BD.leaooE.5vU28EYTuuBixKJ5aeV1AyrKyPHHI0BSkH.eNYs5i', '352 Reilly Mews', 90257667, 'user', 'https://s3.amazonaws.com/uifaces/faces/twitter/tumski/128.jpg');
INSERT INTO credit_card VALUES (6759590866840438, 'Adrienne97@gmail.com', '2021-05-18T20:45:10.191Z', 128);
INSERT INTO pet VALUES ('Xavier', 'Adrienne97@gmail.com', 'Peafowl', 'Natus facilis corrupti.', 'Voluptate nisi sed reprehenderit quod modi recusandae fuga vero.');
INSERT INTO pet VALUES ('Adolphus', 'Adrienne97@gmail.com', 'Rabbit', 'Placeat maxime reprehenderit voluptatem perspiciatis.', 'Ut ipsam magni non quidem est quis animi voluptate.');
INSERT INTO part_time_ct VALUES ('Adrienne97@gmail.com');
INSERT INTO pt_free_schedule VALUES ('Adrienne97@gmail.com', '2020-05-13T16:00:00.000Z', '2021-11-13T16:00:00.000Z');
INSERT INTO pt_specializes_in VALUES ('Adrienne97@gmail.com', 'Donkey', 17);
INSERT INTO pt_specializes_in VALUES ('Adrienne97@gmail.com', 'Ponie', 4);

INSERT INTO person VALUES ('Ryan_Glover@gmail.com', 'Garrett Keebler', '$2b$10$r3BD.leaooE.5vU28EYTuuBixKJ5aeV1AyrKyPHHI0BSkH.eNYs5i', '8853 Herzog Shores', 90618329, 'user', 'https://s3.amazonaws.com/uifaces/faces/twitter/lowie/128.jpg');
INSERT INTO full_time_ct VALUES ('Ryan_Glover@gmail.com');
INSERT INTO ft_specializes_in VALUES ('Ryan_Glover@gmail.com', 'Chinese Water Dragon', 8);
INSERT INTO ft_specializes_in VALUES ('Ryan_Glover@gmail.com', 'Hamster', 9);

INSERT INTO person VALUES ('Nico_Shanahan93@yahoo.com', 'Timothy Boehm', '$2b$10$r3BD.leaooE.5vU28EYTuuBixKJ5aeV1AyrKyPHHI0BSkH.eNYs5i', '716 Bosco Circle', 90671812, 'user', 'https://s3.amazonaws.com/uifaces/faces/twitter/mutlu82/128.jpg');
INSERT INTO credit_card VALUES (3529854640577900, 'Nico_Shanahan93@yahoo.com', '2023-02-25T20:41:47.048Z', 843);
INSERT INTO pet VALUES ('Salvador', 'Nico_Shanahan93@yahoo.com', 'Llama', 'Fugit aut sed eveniet quis soluta in accusamus iste.', 'Labore rerum occaecati rem accusantium ut voluptas.');
INSERT INTO full_time_ct VALUES ('Nico_Shanahan93@yahoo.com');
INSERT INTO ft_specializes_in VALUES ('Nico_Shanahan93@yahoo.com', 'Cow', 2);
INSERT INTO ft_specializes_in VALUES ('Nico_Shanahan93@yahoo.com', 'Iguana', 3);
INSERT INTO ft_specializes_in VALUES ('Nico_Shanahan93@yahoo.com', 'Lizard', 17);

INSERT INTO person VALUES ('Selena_Block@hotmail.com', 'Salvador Homenick', '$2b$10$r3BD.leaooE.5vU28EYTuuBixKJ5aeV1AyrKyPHHI0BSkH.eNYs5i', '674 Shania Summit', 90669082, 'user', 'https://s3.amazonaws.com/uifaces/faces/twitter/jeremery/128.jpg');
INSERT INTO credit_card VALUES (5413610445829151, 'Selena_Block@hotmail.com', '2021-05-29T10:59:13.060Z', 931);
INSERT INTO pet VALUES ('Marion', 'Selena_Block@hotmail.com', 'Burro', 'Quo assumenda omnis quod natus non vitae at consequatur libero.', 'Facilis adipisci beatae modi nisi quisquam qui labore.');
INSERT INTO pet VALUES ('Katelyn', 'Selena_Block@hotmail.com', 'Peafowl', 'Iure dolorem ut autem eveniet et.', 'Et quaerat quis voluptatum.');
INSERT INTO part_time_ct VALUES ('Selena_Block@hotmail.com');
INSERT INTO pt_free_schedule VALUES ('Selena_Block@hotmail.com', '2020-05-13T16:00:00.000Z', '2021-11-13T16:00:00.000Z');
INSERT INTO pt_specializes_in VALUES ('Selena_Block@hotmail.com', 'Gecko', 16);
INSERT INTO pt_specializes_in VALUES ('Selena_Block@hotmail.com', 'Horse', 6);

INSERT INTO person VALUES ('Sonya.Walsh28@hotmail.com', 'Madisyn Adams', '$2b$10$r3BD.leaooE.5vU28EYTuuBixKJ5aeV1AyrKyPHHI0BSkH.eNYs5i', '86112 Nader Lakes', 90225508, 'user', 'https://s3.amazonaws.com/uifaces/faces/twitter/ostirbu/128.jpg');

INSERT INTO person VALUES ('Dudley_Davis48@yahoo.com', 'Haley Hartmann', '$2b$10$r3BD.leaooE.5vU28EYTuuBixKJ5aeV1AyrKyPHHI0BSkH.eNYs5i', '514 Remington Skyway', 90424955, 'user', 'https://s3.amazonaws.com/uifaces/faces/twitter/ponchomendivil/128.jpg');
INSERT INTO credit_card VALUES (6762543791048371, 'Dudley_Davis48@yahoo.com', '2021-07-17T14:55:06.079Z', 079);
INSERT INTO pet VALUES ('Otis', 'Dudley_Davis48@yahoo.com', 'Peafowl', 'Nihil quia odio aliquid tenetur commodi quia aspernatur.', 'Rerum omnis enim quia dolores aliquam rerum.');

INSERT INTO person VALUES ('Orlando_Jacobs@yahoo.com', 'Walter Roob', '$2b$10$r3BD.leaooE.5vU28EYTuuBixKJ5aeV1AyrKyPHHI0BSkH.eNYs5i', '176 Towne Alley', 90948328, 'user', 'https://s3.amazonaws.com/uifaces/faces/twitter/nastya_mane/128.jpg');

INSERT INTO person VALUES ('Jack31@gmail.com', 'Armand Waelchi', '$2b$10$r3BD.leaooE.5vU28EYTuuBixKJ5aeV1AyrKyPHHI0BSkH.eNYs5i', '708 Marilou Drives', 90021152, 'user', 'https://s3.amazonaws.com/uifaces/faces/twitter/jghyllebert/128.jpg');
INSERT INTO credit_card VALUES (6759795883821831, 'Jack31@gmail.com', '2023-02-13T22:59:26.957Z', 892);
INSERT INTO pet VALUES ('Krystina', 'Jack31@gmail.com', 'Ferret', 'Similique aut quidem in.', 'Rem ullam commodi.');
INSERT INTO full_time_ct VALUES ('Jack31@gmail.com');
INSERT INTO ft_specializes_in VALUES ('Jack31@gmail.com', 'Burro', 14);
INSERT INTO ft_specializes_in VALUES ('Jack31@gmail.com', 'Gerbil', 17);

INSERT INTO person VALUES ('Darien_Kilback26@hotmail.com', 'Linnie Tromp', '$2b$10$r3BD.leaooE.5vU28EYTuuBixKJ5aeV1AyrKyPHHI0BSkH.eNYs5i', '8213 Greenholt Estate', 90625836, 'user', 'https://s3.amazonaws.com/uifaces/faces/twitter/wearesavas/128.jpg');

INSERT INTO person VALUES ('Janae.Kunze55@hotmail.com', 'Milford Wolff', '$2b$10$r3BD.leaooE.5vU28EYTuuBixKJ5aeV1AyrKyPHHI0BSkH.eNYs5i', '782 Violette Points', 90605151, 'user', 'https://s3.amazonaws.com/uifaces/faces/twitter/trueblood_33/128.jpg');
INSERT INTO full_time_ct VALUES ('Janae.Kunze55@hotmail.com');
INSERT INTO ft_specializes_in VALUES ('Janae.Kunze55@hotmail.com', 'Gerbil', 2);
INSERT INTO ft_specializes_in VALUES ('Janae.Kunze55@hotmail.com', 'Hamster', 15);

INSERT INTO person VALUES ('Winston_Pfannerstill9@yahoo.com', 'Rick Streich', '$2b$10$r3BD.leaooE.5vU28EYTuuBixKJ5aeV1AyrKyPHHI0BSkH.eNYs5i', '99713 Gibson Mountain', 90224333, 'user', 'https://s3.amazonaws.com/uifaces/faces/twitter/timpetricola/128.jpg');
INSERT INTO credit_card VALUES (6759188688286546, 'Winston_Pfannerstill9@yahoo.com', '2025-08-27T09:24:19.499Z', 255);
INSERT INTO pet VALUES ('Ray', 'Winston_Pfannerstill9@yahoo.com', 'Ferret', 'Saepe voluptatibus id rem.', 'Beatae animi suscipit sed veniam alias unde est consequatur.');
INSERT INTO pet VALUES ('Rasheed', 'Winston_Pfannerstill9@yahoo.com', 'Fish', 'Iure excepturi sequi cupiditate ut.', 'Quas et qui.');

INSERT INTO person VALUES ('Reagan.Hane45@hotmail.com', 'Aliyah Kub', '$2b$10$r3BD.leaooE.5vU28EYTuuBixKJ5aeV1AyrKyPHHI0BSkH.eNYs5i', '01330 Shields Way', 90462073, 'user', 'https://s3.amazonaws.com/uifaces/faces/twitter/foczzi/128.jpg');

INSERT INTO person VALUES ('Michaela59@yahoo.com', 'Hailie Wyman', '$2b$10$r3BD.leaooE.5vU28EYTuuBixKJ5aeV1AyrKyPHHI0BSkH.eNYs5i', '0680 Fisher Brook', 90676908, 'user', 'https://s3.amazonaws.com/uifaces/faces/twitter/johannesneu/128.jpg');
INSERT INTO credit_card VALUES (6771896635785032, 'Michaela59@yahoo.com', '2024-02-15T00:14:03.222Z', 777);
INSERT INTO pet VALUES ('Jackeline', 'Michaela59@yahoo.com', 'Fish', 'Corporis veniam ab.', 'Laborum fugiat dolor.');
INSERT INTO pet VALUES ('Anya', 'Michaela59@yahoo.com', 'Chinchilla', 'Sed velit eum accusamus expedita sit.', 'Omnis aut magnam molestiae.');
INSERT INTO part_time_ct VALUES ('Michaela59@yahoo.com');
INSERT INTO pt_free_schedule VALUES ('Michaela59@yahoo.com', '2020-05-13T16:00:00.000Z', '2021-11-13T16:00:00.000Z');
INSERT INTO pt_specializes_in VALUES ('Michaela59@yahoo.com', 'Chinchilla', 15);
INSERT INTO pt_specializes_in VALUES ('Michaela59@yahoo.com', 'Mice', 12);

INSERT INTO person VALUES ('May86@gmail.com', 'Junius Vandervort', '$2b$10$r3BD.leaooE.5vU28EYTuuBixKJ5aeV1AyrKyPHHI0BSkH.eNYs5i', '40374 Nels Park', 90025603, 'user', 'https://s3.amazonaws.com/uifaces/faces/twitter/naitanamoreno/128.jpg');
INSERT INTO credit_card VALUES (6767615612163234, 'May86@gmail.com', '2024-02-14T13:08:56.919Z', 928);
INSERT INTO pet VALUES ('Rhoda', 'May86@gmail.com', 'Chinchilla', 'Ut soluta qui dolores.', 'Unde consectetur voluptatem placeat ab.');
INSERT INTO pet VALUES ('Leonardo', 'May86@gmail.com', 'Lizard', 'Optio soluta perspiciatis voluptas quaerat exercitationem non repudiandae.', 'Qui cupiditate esse quo voluptatum distinctio necessitatibus aperiam.');

INSERT INTO person VALUES ('Maegan.Cole@gmail.com', 'Alek Ritchie', '$2b$10$r3BD.leaooE.5vU28EYTuuBixKJ5aeV1AyrKyPHHI0BSkH.eNYs5i', '1170 Minerva Motorway', 90363382, 'user', 'https://s3.amazonaws.com/uifaces/faces/twitter/hjartstrorn/128.jpg');
INSERT INTO credit_card VALUES (6011796985312361, 'Maegan.Cole@gmail.com', '2021-09-11T23:38:19.152Z', 560);
INSERT INTO pet VALUES ('Reanna', 'Maegan.Cole@gmail.com', 'Pigeon', 'Atque molestiae rem quia occaecati.', 'Ex veniam voluptas minima aliquid.');
INSERT INTO pet VALUES ('Keon', 'Maegan.Cole@gmail.com', 'Fish', 'Quaerat enim impedit sunt dolores.', 'A recusandae culpa earum eius sed qui voluptatibus veritatis.');
INSERT INTO part_time_ct VALUES ('Maegan.Cole@gmail.com');
INSERT INTO pt_free_schedule VALUES ('Maegan.Cole@gmail.com', '2020-05-13T16:00:00.000Z', '2021-11-13T16:00:00.000Z');
INSERT INTO pt_specializes_in VALUES ('Maegan.Cole@gmail.com', 'Bird', 5);
INSERT INTO pt_specializes_in VALUES ('Maegan.Cole@gmail.com', 'Iguana', 0);
INSERT INTO pt_specializes_in VALUES ('Maegan.Cole@gmail.com', 'Mule', 14);
INSERT INTO bid (ct_email, ct_price, start_date, end_date, is_cash, transport_method, pet_owner, pet_name, bid_status) VALUES ('Oswald_Littel57@yahoo.com', 3, '2020-09-06T00:04:49.065Z', '2020-09-19T03:17:48.291Z', true, 'pickup', 'Rory_Zulauf49@yahoo.com', 'Kory', 'confirmed');
INSERT INTO bid (ct_email, ct_price, start_date, end_date, is_cash, transport_method, pet_owner, pet_name, bid_status) VALUES ('Millie75@yahoo.com', 5, '2020-09-06T00:04:49.065Z', '2020-09-19T03:17:48.291Z', true, 'pcs', 'Willow91@hotmail.com', 'Alek', 'confirmed');
INSERT INTO bid (ct_email, ct_price, start_date, end_date, is_cash, transport_method, pet_owner, pet_name, bid_status) VALUES ('Alek.Christiansen@hotmail.com', 9, '2020-09-06T00:04:49.065Z', '2020-09-19T03:17:48.291Z', true, 'pickup', 'Viola.Gibson59@yahoo.com', 'Werner', 'confirmed');
INSERT INTO bid (ct_email, ct_price, start_date, end_date, is_cash, transport_method, pet_owner, pet_name, bid_status) VALUES ('Shanny_Koss60@yahoo.com', 19, '2020-09-06T00:04:49.065Z', '2020-09-19T03:17:48.291Z', true, 'delivery', 'Christy75@gmail.com', 'Zane', 'confirmed');
INSERT INTO bid (ct_email, ct_price, start_date, end_date, is_cash, transport_method, pet_owner, pet_name, bid_status) VALUES ('Wallace.Bogan75@gmail.com', 0, '2020-09-06T00:04:49.065Z', '2020-09-19T03:17:48.291Z', true, 'delivery', 'Marion.Torp74@yahoo.com', 'Rodolfo', 'confirmed');
INSERT INTO bid (ct_email, ct_price, start_date, end_date, is_cash, transport_method, pet_owner, pet_name, bid_status) VALUES ('Vern.Effertz58@yahoo.com', 14, '2020-09-06T00:04:49.065Z', '2020-09-19T03:17:48.291Z', true, 'pcs', 'Harold.Altenwerth@hotmail.com', 'Amya', 'confirmed');
INSERT INTO bid (ct_email, ct_price, start_date, end_date, is_cash, transport_method, pet_owner, pet_name, bid_status) VALUES ('Naomi_Ullrich@hotmail.com', 7, '2020-09-06T00:04:49.065Z', '2020-09-19T03:17:48.291Z', true, 'pcs', 'Leopold22@yahoo.com', 'Kenton', 'confirmed');
INSERT INTO bid (ct_email, ct_price, start_date, end_date, is_cash, transport_method, pet_owner, pet_name, bid_status) VALUES ('Raleigh50@yahoo.com', 7, '2020-09-06T00:04:49.065Z', '2020-09-19T03:17:48.291Z', true, 'delivery', 'Alfreda.Ondricka@gmail.com', 'Christine', 'confirmed');
INSERT INTO bid (ct_email, ct_price, start_date, end_date, is_cash, transport_method, pet_owner, pet_name, bid_status) VALUES ('Ceasar_Nader3@gmail.com', 16, '2020-09-06T00:04:49.065Z', '2020-09-19T03:17:48.291Z', true, 'delivery', 'Winifred99@hotmail.com', 'Florian', 'confirmed');
INSERT INTO bid (ct_email, ct_price, start_date, end_date, is_cash, transport_method, pet_owner, pet_name, bid_status) VALUES ('Linda45@yahoo.com', 17, '2020-09-06T00:04:49.065Z', '2020-09-19T03:17:48.291Z', true, 'pickup', 'Juston61@hotmail.com', 'Kassandra', 'confirmed');
INSERT INTO bid (ct_email, ct_price, start_date, end_date, is_cash, transport_method, pet_owner, pet_name, bid_status) VALUES ('Lisette35@hotmail.com', 20, '2020-09-06T00:04:49.065Z', '2020-09-19T03:17:48.291Z', true, 'pickup', 'Demetrius.Schaefer58@yahoo.com', 'Janis', 'confirmed');
INSERT INTO bid (ct_email, ct_price, start_date, end_date, is_cash, transport_method, pet_owner, pet_name, bid_status) VALUES ('Loma_Christiansen@hotmail.com', 14, '2020-09-06T00:04:49.065Z', '2020-09-19T03:17:48.291Z', true, 'pickup', 'Van_Price36@gmail.com', 'Zakary', 'confirmed');
INSERT INTO bid (ct_email, ct_price, start_date, end_date, is_cash, transport_method, pet_owner, pet_name, bid_status) VALUES ('Brando95@yahoo.com', 12, '2020-09-06T00:04:49.065Z', '2020-09-19T03:17:48.291Z', true, 'delivery', 'Araceli_Herzog64@yahoo.com', 'Brett', 'confirmed');
INSERT INTO bid (ct_email, ct_price, start_date, end_date, is_cash, transport_method, pet_owner, pet_name, bid_status) VALUES ('Saige_Quigley@yahoo.com', 11, '2020-09-06T00:04:49.065Z', '2020-09-19T03:17:48.291Z', true, 'pcs', 'Blaze.Zulauf@gmail.com', 'Courtney', 'confirmed');
INSERT INTO bid (ct_email, ct_price, start_date, end_date, is_cash, transport_method, pet_owner, pet_name, bid_status) VALUES ('Richmond.Kuhic@yahoo.com', 10, '2020-09-06T00:04:49.065Z', '2020-09-19T03:17:48.291Z', true, 'pickup', 'Hardy.Terry@gmail.com', 'Nyasia', 'confirmed');
INSERT INTO bid (ct_email, ct_price, start_date, end_date, is_cash, transport_method, pet_owner, pet_name, bid_status) VALUES ('Oral73@yahoo.com', 0, '2020-09-06T00:04:49.065Z', '2020-09-19T03:17:48.291Z', true, 'pickup', 'Raleigh96@yahoo.com', 'Lue', 'confirmed');
INSERT INTO bid (ct_email, ct_price, start_date, end_date, is_cash, transport_method, pet_owner, pet_name, bid_status) VALUES ('Kaley30@gmail.com', 7, '2020-09-06T00:04:49.065Z', '2020-09-19T03:17:48.291Z', true, 'pcs', 'Caroline.Hane@gmail.com', 'Geo', 'confirmed');
INSERT INTO bid (ct_email, ct_price, start_date, end_date, is_cash, transport_method, pet_owner, pet_name, bid_status) VALUES ('Orrin8@yahoo.com', 0, '2020-09-06T00:04:49.065Z', '2020-09-19T03:17:48.291Z', true, 'delivery', 'Darien.Stroman64@hotmail.com', 'Keely', 'confirmed');
INSERT INTO bid (ct_email, ct_price, start_date, end_date, is_cash, transport_method, pet_owner, pet_name, bid_status) VALUES ('Esta29@yahoo.com', 9, '2020-09-06T00:04:49.065Z', '2020-09-19T03:17:48.291Z', true, 'delivery', 'Easton.Collier10@yahoo.com', 'Boyd', 'confirmed');
INSERT INTO bid (ct_email, ct_price, start_date, end_date, is_cash, transport_method, pet_owner, pet_name, bid_status) VALUES ('Jamaal.Schulist@yahoo.com', 8, '2020-09-06T00:04:49.065Z', '2020-09-19T03:17:48.291Z', true, 'delivery', 'Neal50@yahoo.com', 'Rylan', 'confirmed');
INSERT INTO bid (ct_email, ct_price, start_date, end_date, is_cash, transport_method, pet_owner, pet_name, bid_status) VALUES ('Zachariah_Bahringer35@yahoo.com', 18, '2020-09-06T00:04:49.065Z', '2020-09-19T03:17:48.291Z', true, 'delivery', 'Kadin_Keebler@gmail.com', 'Amari', 'confirmed');
INSERT INTO bid (ct_email, ct_price, start_date, end_date, is_cash, transport_method, pet_owner, pet_name, bid_status) VALUES ('Lela_Beahan@gmail.com', 6, '2020-09-06T00:04:49.065Z', '2020-09-19T03:17:48.291Z', true, 'pickup', 'Vita23@yahoo.com', 'Domenick', 'confirmed');
INSERT INTO bid (ct_email, ct_price, start_date, end_date, is_cash, transport_method, pet_owner, pet_name, bid_status) VALUES ('Morris_Runolfsdottir6@gmail.com', 18, '2020-09-06T00:04:49.065Z', '2020-09-19T03:17:48.291Z', true, 'pcs', 'Rahul.Romaguera@hotmail.com', 'Sunny', 'confirmed');
INSERT INTO bid (ct_email, ct_price, start_date, end_date, is_cash, transport_method, pet_owner, pet_name, bid_status) VALUES ('Lon47@yahoo.com', 4, '2020-09-06T00:04:49.065Z', '2020-09-19T03:17:48.291Z', true, 'pickup', 'Claire.Considine@hotmail.com', 'Darren', 'confirmed');
INSERT INTO bid (ct_email, ct_price, start_date, end_date, is_cash, transport_method, pet_owner, pet_name, bid_status) VALUES ('Terrell_Hickle@hotmail.com', 9, '2020-09-06T00:04:49.065Z', '2020-09-19T03:17:48.291Z', true, 'pcs', 'Gwendolyn_Denesik64@hotmail.com', 'Hipolito', 'confirmed');
INSERT INTO bid (ct_email, ct_price, start_date, end_date, is_cash, transport_method, pet_owner, pet_name, bid_status) VALUES ('Elbert49@yahoo.com', 5, '2020-09-06T00:04:49.065Z', '2020-09-19T03:17:48.291Z', true, 'delivery', 'Chloe59@yahoo.com', 'Cali', 'confirmed');
INSERT INTO bid (ct_email, ct_price, start_date, end_date, is_cash, transport_method, pet_owner, pet_name, bid_status) VALUES ('Gillian69@gmail.com', 1, '2020-09-06T00:04:49.065Z', '2020-09-19T03:17:48.291Z', true, 'pickup', 'Donny23@yahoo.com', 'Theresa', 'confirmed');
INSERT INTO bid (ct_email, ct_price, start_date, end_date, is_cash, transport_method, pet_owner, pet_name, bid_status) VALUES ('Verna_Braun72@yahoo.com', 10, '2020-09-06T00:04:49.065Z', '2020-09-19T03:17:48.291Z', true, 'pickup', 'Mariam.Fadel47@hotmail.com', 'German', 'confirmed');
INSERT INTO bid (ct_email, ct_price, start_date, end_date, is_cash, transport_method, pet_owner, pet_name, bid_status) VALUES ('Amber_Schmidt0@hotmail.com', 1, '2020-09-06T00:04:49.065Z', '2020-09-19T03:17:48.291Z', true, 'delivery', 'Georgiana_Doyle4@hotmail.com', 'Walter', 'confirmed');
INSERT INTO bid (ct_email, ct_price, start_date, end_date, is_cash, transport_method, pet_owner, pet_name, bid_status) VALUES ('Greta_OConnell25@hotmail.com', 13, '2020-09-06T00:04:49.065Z', '2020-09-19T03:17:48.291Z', true, 'delivery', 'Ole85@gmail.com', 'Joy', 'confirmed');
INSERT INTO bid (ct_email, ct_price, start_date, end_date, is_cash, transport_method, pet_owner, pet_name, bid_status) VALUES ('Merlin_Wilderman94@gmail.com', 16, '2020-09-06T00:04:49.065Z', '2020-09-19T03:17:48.291Z', true, 'delivery', 'Ila23@yahoo.com', 'Braxton', 'confirmed');
INSERT INTO bid (ct_email, ct_price, start_date, end_date, is_cash, transport_method, pet_owner, pet_name, bid_status) VALUES ('Elmira.Murray@hotmail.com', 15, '2020-09-06T00:04:49.065Z', '2020-09-19T03:17:48.291Z', true, 'pcs', 'Bradly.Schroeder@hotmail.com', 'Lauren', 'confirmed');
INSERT INTO bid (ct_email, ct_price, start_date, end_date, is_cash, transport_method, pet_owner, pet_name, bid_status) VALUES ('Willow91@hotmail.com', 16, '2020-09-06T00:04:49.065Z', '2020-09-19T03:17:48.291Z', true, 'pickup', 'Blair_Gerhold@gmail.com', 'Keenan', 'confirmed');
INSERT INTO bid (ct_email, ct_price, start_date, end_date, is_cash, transport_method, pet_owner, pet_name, bid_status) VALUES ('Travon56@hotmail.com', 1, '2020-09-06T00:04:49.065Z', '2020-09-19T03:17:48.291Z', true, 'pickup', 'Savion.Cormier@gmail.com', 'Ora', 'confirmed');
INSERT INTO bid (ct_email, ct_price, start_date, end_date, is_cash, transport_method, pet_owner, pet_name, bid_status) VALUES ('Marcelle_Breitenberg@gmail.com', 7, '2020-09-06T00:04:49.065Z', '2020-09-19T03:17:48.291Z', true, 'pcs', 'Lowell86@hotmail.com', 'Mona', 'confirmed');
INSERT INTO bid (ct_email, ct_price, start_date, end_date, is_cash, transport_method, pet_owner, pet_name, bid_status) VALUES ('Brant_Denesik17@hotmail.com', 4, '2020-09-06T00:04:49.065Z', '2020-09-19T03:17:48.291Z', true, 'pickup', 'Barney_Yundt81@yahoo.com', 'Marcelo', 'confirmed');
INSERT INTO bid (ct_email, ct_price, start_date, end_date, is_cash, transport_method, pet_owner, pet_name, bid_status) VALUES ('Brant_Heidenreich81@hotmail.com', 3, '2020-09-06T00:04:49.065Z', '2020-09-19T03:17:48.291Z', true, 'pickup', 'Haven.Swift32@hotmail.com', 'Ebony', 'confirmed');
INSERT INTO bid (ct_email, ct_price, start_date, end_date, is_cash, transport_method, pet_owner, pet_name, bid_status) VALUES ('Mona_Rohan@hotmail.com', 8, '2020-09-06T00:04:49.065Z', '2020-09-19T03:17:48.291Z', true, 'pickup', 'Kaley30@gmail.com', 'Lucie', 'confirmed');
INSERT INTO bid (ct_email, ct_price, start_date, end_date, is_cash, transport_method, pet_owner, pet_name, bid_status) VALUES ('Neal50@yahoo.com', 10, '2020-09-06T00:04:49.065Z', '2020-09-19T03:17:48.291Z', true, 'pickup', 'Dorothea.Cremin@yahoo.com', 'Melyssa', 'confirmed');
INSERT INTO bid (ct_email, ct_price, start_date, end_date, is_cash, transport_method, pet_owner, pet_name, bid_status) VALUES ('Britney_Reilly96@hotmail.com', 15, '2020-09-06T00:04:49.065Z', '2020-09-19T03:17:48.291Z', true, 'pcs', 'Sadie42@hotmail.com', 'Geo', 'confirmed');
INSERT INTO bid (ct_email, ct_price, start_date, end_date, is_cash, transport_method, pet_owner, pet_name, bid_status) VALUES ('Hadley_Little28@hotmail.com', 1, '2020-09-06T00:04:49.065Z', '2020-09-19T03:17:48.291Z', true, 'delivery', 'Jordane_Gerhold37@gmail.com', 'Nickolas', 'confirmed');
INSERT INTO bid (ct_email, ct_price, start_date, end_date, is_cash, transport_method, pet_owner, pet_name, bid_status) VALUES ('Maude.Lesch@hotmail.com', 1, '2020-09-06T00:04:49.065Z', '2020-09-19T03:17:48.291Z', true, 'delivery', 'Frida_Nicolas@gmail.com', 'Adolphus', 'confirmed');
INSERT INTO bid (ct_email, ct_price, start_date, end_date, is_cash, transport_method, pet_owner, pet_name, bid_status) VALUES ('Luisa_Beier@hotmail.com', 17, '2020-09-06T00:04:49.065Z', '2020-09-19T03:17:48.291Z', true, 'pickup', 'Aubrey21@hotmail.com', 'Mina', 'confirmed');
INSERT INTO bid (ct_email, ct_price, start_date, end_date, is_cash, transport_method, pet_owner, pet_name, bid_status) VALUES ('Shania_Jacobson@hotmail.com', 4, '2020-09-06T00:04:49.065Z', '2020-09-19T03:17:48.291Z', true, 'delivery', 'Layla_Ernser27@gmail.com', 'Nelda', 'confirmed');
INSERT INTO bid (ct_email, ct_price, start_date, end_date, is_cash, transport_method, pet_owner, pet_name, bid_status) VALUES ('Leilani_Schulist@yahoo.com', 2, '2020-09-06T00:04:49.065Z', '2020-09-19T03:17:48.291Z', true, 'pcs', 'Gardner_Balistreri32@yahoo.com', 'Flo', 'confirmed');
INSERT INTO bid (ct_email, ct_price, start_date, end_date, is_cash, transport_method, pet_owner, pet_name, bid_status) VALUES ('Hester7@hotmail.com', 19, '2020-09-06T00:04:49.065Z', '2020-09-19T03:17:48.291Z', true, 'delivery', 'Lon47@yahoo.com', 'Harry', 'confirmed');
INSERT INTO bid (ct_email, ct_price, start_date, end_date, is_cash, transport_method, pet_owner, pet_name, bid_status) VALUES ('Keyon35@yahoo.com', 14, '2020-09-06T00:04:49.065Z', '2020-09-19T03:17:48.291Z', true, 'pickup', 'Theo.Hackett@gmail.com', 'Wava', 'confirmed');
INSERT INTO bid (ct_email, ct_price, start_date, end_date, is_cash, transport_method, pet_owner, pet_name, bid_status) VALUES ('Kyla65@yahoo.com', 3, '2020-09-06T00:04:49.065Z', '2020-09-19T03:17:48.291Z', true, 'delivery', 'Mandy_Terry@gmail.com', 'Shanie', 'confirmed');
INSERT INTO bid (ct_email, ct_price, start_date, end_date, is_cash, transport_method, pet_owner, pet_name, bid_status) VALUES ('Deion.Sauer@gmail.com', 14, '2020-09-06T00:04:49.065Z', '2020-09-19T03:17:48.291Z', true, 'pcs', 'Vena.Nienow@hotmail.com', 'Orrin', 'confirmed');
INSERT INTO bid (ct_email, ct_price, start_date, end_date, is_cash, transport_method, pet_owner, pet_name, bid_status) VALUES ('Chester.Turner79@yahoo.com', 12, '2020-09-06T00:04:49.065Z', '2020-09-19T03:17:48.291Z', true, 'pcs', 'Maribel_Deckow35@hotmail.com', 'Doug', 'confirmed');
INSERT INTO bid (ct_email, ct_price, start_date, end_date, is_cash, transport_method, pet_owner, pet_name, bid_status) VALUES ('Ethelyn87@yahoo.com', 11, '2020-09-06T00:04:49.065Z', '2020-09-19T03:17:48.291Z', true, 'delivery', 'Gwendolyn.Fadel@yahoo.com', 'Helen', 'confirmed');
INSERT INTO bid (ct_email, ct_price, start_date, end_date, is_cash, transport_method, pet_owner, pet_name, bid_status) VALUES ('Santos_Robel66@gmail.com', 20, '2020-09-06T00:04:49.065Z', '2020-09-19T03:17:48.291Z', true, 'pcs', 'Carolanne47@yahoo.com', 'Ronny', 'confirmed');
INSERT INTO bid (ct_email, ct_price, start_date, end_date, is_cash, transport_method, pet_owner, pet_name, bid_status) VALUES ('Providenci59@hotmail.com', 5, '2020-09-06T00:04:49.065Z', '2020-09-19T03:17:48.291Z', true, 'pickup', 'Marley.Kautzer@yahoo.com', 'Grayson', 'confirmed');
INSERT INTO bid (ct_email, ct_price, start_date, end_date, is_cash, transport_method, pet_owner, pet_name, bid_status) VALUES ('Taryn_Nikolaus43@hotmail.com', 15, '2020-09-06T00:04:49.065Z', '2020-09-19T03:17:48.291Z', true, 'delivery', 'Adolph15@gmail.com', 'Sophie', 'confirmed');
INSERT INTO bid (ct_email, ct_price, start_date, end_date, is_cash, transport_method, pet_owner, pet_name, bid_status) VALUES ('Kraig_Koss93@yahoo.com', 10, '2020-09-06T00:04:49.065Z', '2020-09-19T03:17:48.291Z', true, 'pickup', 'Juana51@hotmail.com', 'Eleanore', 'confirmed');
INSERT INTO bid (ct_email, ct_price, start_date, end_date, is_cash, transport_method, pet_owner, pet_name, bid_status) VALUES ('Domenic.Jakubowski@yahoo.com', 0, '2020-09-06T00:04:49.065Z', '2020-09-19T03:17:48.291Z', true, 'delivery', 'Blaze.Zulauf@gmail.com', 'Hubert', 'confirmed');
INSERT INTO bid (ct_email, ct_price, start_date, end_date, is_cash, transport_method, pet_owner, pet_name, bid_status) VALUES ('Genevieve_Ondricka@yahoo.com', 2, '2020-09-06T00:04:49.065Z', '2020-09-19T03:17:48.291Z', true, 'pickup', 'Nella91@yahoo.com', 'Jany', 'confirmed');
INSERT INTO bid (ct_email, ct_price, start_date, end_date, is_cash, transport_method, pet_owner, pet_name, bid_status) VALUES ('Daphney_Anderson28@yahoo.com', 8, '2020-09-06T00:04:49.065Z', '2020-09-19T03:17:48.291Z', true, 'pcs', 'Flo81@hotmail.com', 'Nikko', 'confirmed');
INSERT INTO bid (ct_email, ct_price, start_date, end_date, is_cash, transport_method, pet_owner, pet_name, bid_status) VALUES ('Kenton91@gmail.com', 20, '2020-09-06T00:04:49.065Z', '2020-09-19T03:17:48.291Z', true, 'pcs', 'Linda45@yahoo.com', 'Dewitt', 'confirmed');
INSERT INTO bid (ct_email, ct_price, start_date, end_date, is_cash, transport_method, pet_owner, pet_name, bid_status) VALUES ('Amya_Jaskolski15@yahoo.com', 8, '2020-09-06T00:04:49.065Z', '2020-09-19T03:17:48.291Z', true, 'pickup', 'Josefa_Funk@gmail.com', 'Ottilie', 'confirmed');
INSERT INTO bid (ct_email, ct_price, start_date, end_date, is_cash, transport_method, pet_owner, pet_name, bid_status) VALUES ('Nikolas_Torp90@gmail.com', 18, '2020-09-06T00:04:49.065Z', '2020-09-19T03:17:48.291Z', true, 'pickup', 'Ernest_Beer23@hotmail.com', 'John', 'confirmed');
INSERT INTO bid (ct_email, ct_price, start_date, end_date, is_cash, transport_method, pet_owner, pet_name, bid_status) VALUES ('Pierre70@yahoo.com', 10, '2020-09-06T00:04:49.065Z', '2020-09-19T03:17:48.291Z', true, 'pickup', 'Kylee.Bergnaum@hotmail.com', 'Osvaldo', 'confirmed');
INSERT INTO bid (ct_email, ct_price, start_date, end_date, is_cash, transport_method, pet_owner, pet_name, bid_status) VALUES ('Kip39@yahoo.com', 3, '2020-09-06T00:04:49.065Z', '2020-09-19T03:17:48.291Z', true, 'delivery', 'Lucy_Grady26@yahoo.com', 'Albina', 'confirmed');
INSERT INTO bid (ct_email, ct_price, start_date, end_date, is_cash, transport_method, pet_owner, pet_name, bid_status) VALUES ('Annalise.DAmore4@yahoo.com', 2, '2020-09-06T00:04:49.065Z', '2020-09-19T03:17:48.291Z', true, 'delivery', 'Garett_Sipes@yahoo.com', 'Donato', 'confirmed');
INSERT INTO bid (ct_email, ct_price, start_date, end_date, is_cash, transport_method, pet_owner, pet_name, bid_status) VALUES ('Jaquelin_Cruickshank20@yahoo.com', 4, '2020-09-06T00:04:49.065Z', '2020-09-19T03:17:48.291Z', true, 'pickup', 'Iva38@yahoo.com', 'Warren', 'confirmed');
INSERT INTO bid (ct_email, ct_price, start_date, end_date, is_cash, transport_method, pet_owner, pet_name, bid_status) VALUES ('Eldred84@yahoo.com', 19, '2020-09-06T00:04:49.065Z', '2020-09-19T03:17:48.291Z', true, 'delivery', 'Lulu.DAmore@hotmail.com', 'Cathy', 'confirmed');
INSERT INTO bid (ct_email, ct_price, start_date, end_date, is_cash, transport_method, pet_owner, pet_name, bid_status) VALUES ('Alford_Kilback@yahoo.com', 8, '2020-09-06T00:04:49.065Z', '2020-09-19T03:17:48.291Z', true, 'delivery', 'Otilia_Kreiger@hotmail.com', 'Tyrese', 'confirmed');
INSERT INTO bid (ct_email, ct_price, start_date, end_date, is_cash, transport_method, pet_owner, pet_name, bid_status) VALUES ('Eveline.Howell36@yahoo.com', 0, '2020-09-06T00:04:49.065Z', '2020-09-19T03:17:48.291Z', true, 'pickup', 'Annie.Balistreri@gmail.com', 'Erwin', 'confirmed');
INSERT INTO bid (ct_email, ct_price, start_date, end_date, is_cash, transport_method, pet_owner, pet_name, bid_status) VALUES ('Savanna28@hotmail.com', 19, '2020-09-06T00:04:49.065Z', '2020-09-19T03:17:48.291Z', true, 'delivery', 'Ferne.Reichert@hotmail.com', 'Devonte', 'confirmed');
INSERT INTO bid (ct_email, ct_price, start_date, end_date, is_cash, transport_method, pet_owner, pet_name, bid_status) VALUES ('Esther.Bednar@gmail.com', 1, '2020-09-06T00:04:49.065Z', '2020-09-19T03:17:48.291Z', true, 'pickup', 'Hailee_Zieme@hotmail.com', 'Ceasar', 'confirmed');
INSERT INTO bid (ct_email, ct_price, start_date, end_date, is_cash, transport_method, pet_owner, pet_name, bid_status) VALUES ('Kellen70@gmail.com', 1, '2020-09-06T00:04:49.065Z', '2020-09-19T03:17:48.291Z', true, 'pcs', 'Shea78@yahoo.com', 'Selina', 'confirmed');
INSERT INTO bid (ct_email, ct_price, start_date, end_date, is_cash, transport_method, pet_owner, pet_name, bid_status) VALUES ('Columbus_Medhurst@gmail.com', 8, '2020-09-06T00:04:49.065Z', '2020-09-19T03:17:48.291Z', true, 'pickup', 'Oral73@yahoo.com', 'Georgiana', 'confirmed');
INSERT INTO bid (ct_email, ct_price, start_date, end_date, is_cash, transport_method, pet_owner, pet_name, bid_status) VALUES ('Hallie65@yahoo.com', 2, '2020-09-06T00:04:49.065Z', '2020-09-19T03:17:48.291Z', true, 'pickup', 'Raleigh50@yahoo.com', 'Lorenza', 'confirmed');
INSERT INTO bid (ct_email, ct_price, start_date, end_date, is_cash, transport_method, pet_owner, pet_name, bid_status) VALUES ('Amaya.Lang@gmail.com', 8, '2020-09-06T00:04:49.065Z', '2020-09-19T03:17:48.291Z', true, 'pcs', 'Buford.Wuckert30@hotmail.com', 'Forest', 'confirmed');
INSERT INTO bid (ct_email, ct_price, start_date, end_date, is_cash, transport_method, pet_owner, pet_name, bid_status) VALUES ('Genevieve.West@gmail.com', 17, '2020-09-06T00:04:49.065Z', '2020-09-19T03:17:48.291Z', true, 'pcs', 'Alena75@hotmail.com', 'Saige', 'confirmed');
INSERT INTO bid (ct_email, ct_price, start_date, end_date, is_cash, transport_method, pet_owner, pet_name, bid_status) VALUES ('Kathlyn_Rowe21@yahoo.com', 17, '2020-09-06T00:04:49.065Z', '2020-09-19T03:17:48.291Z', true, 'pickup', 'Furman.Ratke64@yahoo.com', 'Wilmer', 'confirmed');
INSERT INTO bid (ct_email, ct_price, start_date, end_date, is_cash, transport_method, pet_owner, pet_name, bid_status) VALUES ('Abdul.Greenholt@yahoo.com', 9, '2020-09-06T00:04:49.065Z', '2020-09-19T03:17:48.291Z', true, 'delivery', 'Jake9@gmail.com', 'Imani', 'confirmed');
INSERT INTO bid (ct_email, ct_price, start_date, end_date, is_cash, transport_method, pet_owner, pet_name, bid_status) VALUES ('Frida4@hotmail.com', 19, '2020-09-06T00:04:49.065Z', '2020-09-19T03:17:48.291Z', true, 'pickup', 'Andy_Medhurst76@hotmail.com', 'Kirstin', 'confirmed');
INSERT INTO bid (ct_email, ct_price, start_date, end_date, is_cash, transport_method, pet_owner, pet_name, bid_status) VALUES ('Ellen_Mills@gmail.com', 5, '2020-09-06T00:04:49.065Z', '2020-09-19T03:17:48.291Z', true, 'delivery', 'Amara9@gmail.com', 'Vinnie', 'confirmed');
INSERT INTO bid (ct_email, ct_price, start_date, end_date, is_cash, transport_method, pet_owner, pet_name, bid_status) VALUES ('Alverta.Zulauf@yahoo.com', 13, '2020-09-06T00:04:49.065Z', '2020-09-19T03:17:48.291Z', true, 'delivery', 'Sabrina.Lockman65@gmail.com', 'Zita', 'confirmed');
INSERT INTO bid (ct_email, ct_price, start_date, end_date, is_cash, transport_method, pet_owner, pet_name, bid_status) VALUES ('Clay_Wuckert@yahoo.com', 16, '2020-09-06T00:04:49.065Z', '2020-09-19T03:17:48.291Z', true, 'pcs', 'Annie90@hotmail.com', 'Birdie', 'confirmed');
INSERT INTO bid (ct_email, ct_price, start_date, end_date, is_cash, transport_method, pet_owner, pet_name, bid_status) VALUES ('Madisen_Reichel@yahoo.com', 18, '2020-09-06T00:04:49.065Z', '2020-09-19T03:17:48.291Z', true, 'pcs', 'Wendell82@hotmail.com', 'Dawson', 'confirmed');
INSERT INTO bid (ct_email, ct_price, start_date, end_date, is_cash, transport_method, pet_owner, pet_name, bid_status) VALUES ('Isabel.Harber@hotmail.com', 16, '2020-09-06T00:04:49.065Z', '2020-09-19T03:17:48.291Z', true, 'delivery', 'Gust_Turcotte@gmail.com', 'Kobe', 'confirmed');
INSERT INTO bid (ct_email, ct_price, start_date, end_date, is_cash, transport_method, pet_owner, pet_name, bid_status) VALUES ('Thad.King59@yahoo.com', 6, '2020-09-06T00:04:49.065Z', '2020-09-19T03:17:48.291Z', true, 'delivery', 'Demetris91@gmail.com', 'Lora', 'confirmed');
INSERT INTO bid (ct_email, ct_price, start_date, end_date, is_cash, transport_method, pet_owner, pet_name, bid_status) VALUES ('Dane.Upton93@gmail.com', 4, '2020-09-06T00:04:49.065Z', '2020-09-19T03:17:48.291Z', true, 'pcs', 'Katlynn.Will@gmail.com', 'Tessie', 'confirmed');
INSERT INTO bid (ct_email, ct_price, start_date, end_date, is_cash, transport_method, pet_owner, pet_name, bid_status) VALUES ('Mariah.Watsica@hotmail.com', 1, '2020-09-06T00:04:49.065Z', '2020-09-19T03:17:48.291Z', true, 'pickup', 'Nash_Hodkiewicz@yahoo.com', 'Emory', 'confirmed');
INSERT INTO bid (ct_email, ct_price, start_date, end_date, is_cash, transport_method, pet_owner, pet_name, bid_status) VALUES ('Karen25@hotmail.com', 11, '2020-09-06T00:04:49.065Z', '2020-09-19T03:17:48.291Z', true, 'delivery', 'Guillermo.Mosciski@gmail.com', 'Orrin', 'confirmed');
INSERT INTO bid (ct_email, ct_price, start_date, end_date, is_cash, transport_method, pet_owner, pet_name, bid_status) VALUES ('Kody.Beatty40@gmail.com', 19, '2020-09-06T00:04:49.065Z', '2020-09-19T03:17:48.291Z', true, 'pcs', 'May86@gmail.com', 'Rhoda', 'confirmed');
INSERT INTO bid (ct_email, ct_price, start_date, end_date, is_cash, transport_method, pet_owner, pet_name, bid_status) VALUES ('Keshaun.Morar93@yahoo.com', 18, '2020-09-06T00:04:49.065Z', '2020-09-19T03:17:48.291Z', true, 'delivery', 'Ebba64@gmail.com', 'Weldon', 'confirmed');
INSERT INTO bid (ct_email, ct_price, start_date, end_date, is_cash, transport_method, pet_owner, pet_name, bid_status) VALUES ('Bernadine_Wisozk58@yahoo.com', 17, '2020-09-06T00:04:49.065Z', '2020-09-19T03:17:48.291Z', true, 'delivery', 'Jack31@gmail.com', 'Krystina', 'confirmed');
INSERT INTO bid (ct_email, ct_price, start_date, end_date, is_cash, transport_method, pet_owner, pet_name, bid_status) VALUES ('Lulu.DAmore@hotmail.com', 2, '2020-09-06T00:04:49.065Z', '2020-09-19T03:17:48.291Z', true, 'pickup', 'Lawrence16@yahoo.com', 'Claudine', 'confirmed');
INSERT INTO bid (ct_email, ct_price, start_date, end_date, is_cash, transport_method, pet_owner, pet_name, bid_status) VALUES ('Reina_Keeling42@yahoo.com', 20, '2020-09-06T00:04:49.065Z', '2020-09-19T03:17:48.291Z', true, 'delivery', 'Lillian61@hotmail.com', 'Mozell', 'confirmed');
INSERT INTO bid (ct_email, ct_price, start_date, end_date, is_cash, transport_method, pet_owner, pet_name, bid_status) VALUES ('Tristian75@hotmail.com', 7, '2020-09-06T00:04:49.065Z', '2020-09-19T03:17:48.291Z', true, 'pcs', 'Greta_OConnell25@hotmail.com', 'Tatum', 'confirmed');
INSERT INTO bid (ct_email, ct_price, start_date, end_date, is_cash, transport_method, pet_owner, pet_name, bid_status) VALUES ('Amara_Blanda21@hotmail.com', 20, '2020-09-06T00:04:49.065Z', '2020-09-19T03:17:48.291Z', true, 'pickup', 'Olin19@yahoo.com', 'Coleman', 'confirmed');
INSERT INTO bid (ct_email, ct_price, start_date, end_date, is_cash, transport_method, pet_owner, pet_name, bid_status) VALUES ('Claire.Considine@hotmail.com', 9, '2020-09-06T00:04:49.065Z', '2020-09-19T03:17:48.291Z', true, 'pcs', 'Nathaniel_Stiedemann@gmail.com', 'Duane', 'confirmed');
INSERT INTO bid (ct_email, ct_price, start_date, end_date, is_cash, transport_method, pet_owner, pet_name, bid_status) VALUES ('Neoma98@gmail.com', 1, '2020-09-06T00:04:49.065Z', '2020-09-19T03:17:48.291Z', true, 'pcs', 'Cecilia_Nikolaus35@yahoo.com', 'Rosario', 'confirmed');
INSERT INTO bid (ct_email, ct_price, start_date, end_date, is_cash, transport_method, pet_owner, pet_name, bid_status) VALUES ('Flavie.West@gmail.com', 14, '2020-09-06T00:04:49.065Z', '2020-09-19T03:17:48.291Z', true, 'delivery', 'Ellen_Mills@gmail.com', 'Mikel', 'confirmed');
INSERT INTO bid (ct_email, ct_price, start_date, end_date, is_cash, transport_method, pet_owner, pet_name, bid_status) VALUES ('Vern_Yost@hotmail.com', 0, '2020-09-06T00:04:49.065Z', '2020-09-19T03:17:48.291Z', true, 'delivery', 'Alena75@hotmail.com', 'Emmet', 'confirmed');
INSERT INTO bid (ct_email, ct_price, start_date, end_date, is_cash, transport_method, pet_owner, pet_name, bid_status) VALUES ('Hilda0@hotmail.com', 17, '2020-09-06T00:04:49.065Z', '2020-09-19T03:17:48.291Z', true, 'pickup', 'Barbara78@yahoo.com', 'Ariel', 'confirmed');
INSERT INTO bid (ct_email, ct_price, start_date, end_date, is_cash, transport_method, pet_owner, pet_name, bid_status) VALUES ('Elian_Botsford@hotmail.com', 2, '2020-09-06T00:04:49.065Z', '2020-09-19T03:17:48.291Z', true, 'pickup', 'Ila23@yahoo.com', 'Elvis', 'confirmed');
INSERT INTO bid (ct_email, ct_price, start_date, end_date, is_cash, transport_method, pet_owner, pet_name, bid_status) VALUES ('Stephen_Rath18@gmail.com', 13, '2020-09-06T00:04:49.065Z', '2020-09-19T03:17:48.291Z', true, 'pcs', 'Eloisa_Murphy@gmail.com', 'Ignacio', 'confirmed');
INSERT INTO bid (ct_email, ct_price, start_date, end_date, is_cash, transport_method, pet_owner, pet_name, bid_status) VALUES ('Rey.Veum@hotmail.com', 16, '2020-09-06T00:04:49.065Z', '2020-09-19T03:17:48.291Z', true, 'delivery', 'Shayne.Yost@hotmail.com', 'Marquis', 'confirmed');
INSERT INTO bid (ct_email, ct_price, start_date, end_date, is_cash, transport_method, pet_owner, pet_name, bid_status) VALUES ('Winifred99@hotmail.com', 16, '2020-09-06T00:04:49.065Z', '2020-09-19T03:17:48.291Z', true, 'pcs', 'Clemmie.Satterfield@yahoo.com', 'Miller', 'confirmed');
INSERT INTO bid (ct_email, ct_price, start_date, end_date, is_cash, transport_method, pet_owner, pet_name, bid_status) VALUES ('Alessia13@gmail.com', 0, '2020-09-06T00:04:49.065Z', '2020-09-19T03:17:48.291Z', true, 'delivery', 'Tanya_Block34@hotmail.com', 'Ansel', 'confirmed');
INSERT INTO bid (ct_email, ct_price, start_date, end_date, is_cash, transport_method, pet_owner, pet_name, bid_status) VALUES ('Darien.Stroman64@hotmail.com', 8, '2020-09-06T00:04:49.065Z', '2020-09-19T03:17:48.291Z', true, 'pickup', 'Makenzie_Block21@yahoo.com', 'Sabryna', 'confirmed');
INSERT INTO bid (ct_email, ct_price, start_date, end_date, is_cash, transport_method, pet_owner, pet_name, bid_status) VALUES ('Kaya.Kassulke@gmail.com', 4, '2020-09-06T00:04:49.065Z', '2020-09-19T03:17:48.291Z', true, 'pcs', 'Noble70@gmail.com', 'Patsy', 'confirmed');
INSERT INTO bid (ct_email, ct_price, start_date, end_date, is_cash, transport_method, pet_owner, pet_name, bid_status) VALUES ('Ole85@gmail.com', 16, '2020-09-06T00:04:49.065Z', '2020-09-19T03:17:48.291Z', true, 'pickup', 'Chadd25@gmail.com', 'Nichole', 'confirmed');
INSERT INTO bid (ct_email, ct_price, start_date, end_date, is_cash, transport_method, pet_owner, pet_name, bid_status) VALUES ('Katarina41@gmail.com', 11, '2020-09-06T00:04:49.065Z', '2020-09-19T03:17:48.291Z', true, 'pickup', 'Billie.Pagac@yahoo.com', 'Dayton', 'confirmed');
INSERT INTO bid (ct_email, ct_price, start_date, end_date, is_cash, transport_method, pet_owner, pet_name, bid_status) VALUES ('Gilbert.McGlynn@hotmail.com', 6, '2020-09-06T00:04:49.065Z', '2020-09-19T03:17:48.291Z', true, 'pickup', 'Wilfredo_Crooks@yahoo.com', 'Jane', 'confirmed');
INSERT INTO bid (ct_email, ct_price, start_date, end_date, is_cash, transport_method, pet_owner, pet_name, bid_status) VALUES ('Ressie7@hotmail.com', 20, '2020-09-06T00:04:49.065Z', '2020-09-19T03:17:48.291Z', true, 'pickup', 'Etha_Altenwerth74@gmail.com', 'Casandra', 'confirmed');
INSERT INTO bid (ct_email, ct_price, start_date, end_date, is_cash, transport_method, pet_owner, pet_name, bid_status) VALUES ('Devon25@hotmail.com', 16, '2020-09-06T00:04:49.065Z', '2020-09-19T03:17:48.291Z', true, 'pickup', 'Carlotta4@gmail.com', 'Thaddeus', 'confirmed');
INSERT INTO bid (ct_email, ct_price, start_date, end_date, is_cash, transport_method, pet_owner, pet_name, bid_status) VALUES ('Chauncey96@hotmail.com', 18, '2020-09-06T00:04:49.065Z', '2020-09-19T03:17:48.291Z', true, 'delivery', 'Ofelia.Aufderhar@yahoo.com', 'Ashlynn', 'confirmed');
INSERT INTO bid (ct_email, ct_price, start_date, end_date, is_cash, transport_method, pet_owner, pet_name, bid_status) VALUES ('Cayla_Walter85@hotmail.com', 11, '2020-09-06T00:04:49.065Z', '2020-09-19T03:17:48.291Z', true, 'pickup', 'Esta.Mueller@yahoo.com', 'Shanelle', 'confirmed');
INSERT INTO bid (ct_email, ct_price, start_date, end_date, is_cash, transport_method, pet_owner, pet_name, bid_status) VALUES ('Alexzander.Lockman@gmail.com', 1, '2020-09-06T00:04:49.065Z', '2020-09-19T03:17:48.291Z', true, 'pcs', 'Sammie.Lueilwitz18@hotmail.com', 'Mary', 'confirmed');
INSERT INTO bid (ct_email, ct_price, start_date, end_date, is_cash, transport_method, pet_owner, pet_name, bid_status) VALUES ('Yessenia.Yundt@gmail.com', 16, '2020-09-06T00:04:49.065Z', '2020-09-19T03:17:48.291Z', true, 'pcs', 'Mary_Hane@gmail.com', 'Beulah', 'confirmed');
INSERT INTO bid (ct_email, ct_price, start_date, end_date, is_cash, transport_method, pet_owner, pet_name, bid_status) VALUES ('Andreane42@hotmail.com', 12, '2020-09-06T00:04:49.065Z', '2020-09-19T03:17:48.291Z', true, 'pickup', 'Herman_Bednar@yahoo.com', 'Will', 'confirmed');
INSERT INTO bid (ct_email, ct_price, start_date, end_date, is_cash, transport_method, pet_owner, pet_name, bid_status) VALUES ('Sammie.Lueilwitz18@hotmail.com', 13, '2020-09-06T00:04:49.065Z', '2020-09-19T03:17:48.291Z', true, 'pickup', 'Lew77@yahoo.com', 'Rafaela', 'confirmed');
INSERT INTO bid (ct_email, ct_price, start_date, end_date, is_cash, transport_method, pet_owner, pet_name, bid_status) VALUES ('Javon_Spencer69@gmail.com', 17, '2020-09-06T00:04:49.065Z', '2020-09-19T03:17:48.291Z', true, 'delivery', 'Florence_Funk@yahoo.com', 'Emery', 'confirmed');
INSERT INTO bid (ct_email, ct_price, start_date, end_date, is_cash, transport_method, pet_owner, pet_name, bid_status) VALUES ('Maddison62@hotmail.com', 18, '2020-09-06T00:04:49.065Z', '2020-09-19T03:17:48.291Z', true, 'pcs', 'Edmund_Sauer94@hotmail.com', 'Jordy', 'confirmed');
INSERT INTO bid (ct_email, ct_price, start_date, end_date, is_cash, transport_method, pet_owner, pet_name, bid_status) VALUES ('Emily.Wolf@hotmail.com', 14, '2020-09-06T00:04:49.065Z', '2020-09-19T03:17:48.291Z', true, 'delivery', 'Hadley.Ruecker@hotmail.com', 'Dudley', 'confirmed');
INSERT INTO bid (ct_email, ct_price, start_date, end_date, is_cash, transport_method, pet_owner, pet_name, bid_status) VALUES ('Maxwell58@hotmail.com', 11, '2020-09-06T00:04:49.065Z', '2020-09-19T03:17:48.291Z', true, 'pickup', 'Jay15@gmail.com', 'Dortha', 'confirmed');
INSERT INTO bid (ct_email, ct_price, start_date, end_date, is_cash, transport_method, pet_owner, pet_name, bid_status) VALUES ('Chester38@hotmail.com', 14, '2020-09-06T00:04:49.065Z', '2020-09-19T03:17:48.291Z', true, 'pcs', 'Wilfredo_Crooks@yahoo.com', 'Judd', 'confirmed');
INSERT INTO bid (ct_email, ct_price, start_date, end_date, is_cash, transport_method, pet_owner, pet_name, bid_status) VALUES ('Rudolph17@hotmail.com', 8, '2020-09-06T00:04:49.065Z', '2020-09-19T03:17:48.291Z', true, 'pickup', 'Gregory.Krajcik94@yahoo.com', 'Esta', 'confirmed');
INSERT INTO bid (ct_email, ct_price, start_date, end_date, is_cash, transport_method, pet_owner, pet_name, bid_status) VALUES ('Adella_West37@yahoo.com', 5, '2020-09-06T00:04:49.065Z', '2020-09-19T03:17:48.291Z', true, 'pickup', 'Carter.Tremblay@hotmail.com', 'Verna', 'confirmed');
INSERT INTO bid (ct_email, ct_price, start_date, end_date, is_cash, transport_method, pet_owner, pet_name, bid_status) VALUES ('Barbara_Shanahan14@gmail.com', 7, '2020-09-06T00:04:49.065Z', '2020-09-19T03:17:48.291Z', true, 'pickup', 'Clay_Wuckert@yahoo.com', 'Dorian', 'confirmed');
INSERT INTO bid (ct_email, ct_price, start_date, end_date, is_cash, transport_method, pet_owner, pet_name, bid_status) VALUES ('Kasandra.Yundt96@yahoo.com', 15, '2020-09-06T00:04:49.065Z', '2020-09-19T03:17:48.291Z', true, 'pcs', 'Britney_Reilly96@hotmail.com', 'Chasity', 'confirmed');
INSERT INTO bid (ct_email, ct_price, start_date, end_date, is_cash, transport_method, pet_owner, pet_name, bid_status) VALUES ('Javon.Torphy34@hotmail.com', 11, '2020-09-06T00:04:49.065Z', '2020-09-19T03:17:48.291Z', true, 'pcs', 'Axel.Hayes@hotmail.com', 'Abdullah', 'confirmed');
INSERT INTO bid (ct_email, ct_price, start_date, end_date, is_cash, transport_method, pet_owner, pet_name, bid_status) VALUES ('Camila_Torphy32@hotmail.com', 20, '2020-09-06T00:04:49.065Z', '2020-09-19T03:17:48.291Z', true, 'pcs', 'Elian50@yahoo.com', 'Isai', 'confirmed');
INSERT INTO bid (ct_email, ct_price, start_date, end_date, is_cash, transport_method, pet_owner, pet_name, bid_status) VALUES ('Kurtis.Vandervort@yahoo.com', 8, '2020-09-06T00:04:49.065Z', '2020-09-19T03:17:48.291Z', true, 'pcs', 'Shannon_Zemlak@yahoo.com', 'Jaron', 'confirmed');
INSERT INTO bid (ct_email, ct_price, start_date, end_date, is_cash, transport_method, pet_owner, pet_name, bid_status) VALUES ('Margot.Abshire@gmail.com', 14, '2020-09-06T00:04:49.065Z', '2020-09-19T03:17:48.291Z', true, 'delivery', 'Nathaniel_Stiedemann@gmail.com', 'Quentin', 'confirmed');
INSERT INTO bid (ct_email, ct_price, start_date, end_date, is_cash, transport_method, pet_owner, pet_name, bid_status) VALUES ('Justyn.Heidenreich18@hotmail.com', 9, '2020-09-06T00:04:49.065Z', '2020-09-19T03:17:48.291Z', true, 'pickup', 'Marjolaine_Abshire@gmail.com', 'Mckayla', 'confirmed');
INSERT INTO bid (ct_email, ct_price, start_date, end_date, is_cash, transport_method, pet_owner, pet_name, bid_status) VALUES ('Webster21@hotmail.com', 4, '2020-09-06T00:04:49.065Z', '2020-09-19T03:17:48.291Z', true, 'delivery', 'Riley.Bernhard@hotmail.com', 'Tracey', 'confirmed');
INSERT INTO bid (ct_email, ct_price, start_date, end_date, is_cash, transport_method, pet_owner, pet_name, bid_status) VALUES ('Makenzie_Block21@yahoo.com', 18, '2020-09-06T00:04:49.065Z', '2020-09-19T03:17:48.291Z', true, 'pickup', 'Quinn.Ankunding@yahoo.com', 'Janessa', 'confirmed');
INSERT INTO bid (ct_email, ct_price, start_date, end_date, is_cash, transport_method, pet_owner, pet_name, bid_status) VALUES ('Alena_Johns@hotmail.com', 17, '2020-09-06T00:04:49.065Z', '2020-09-19T03:17:48.291Z', true, 'delivery', 'Beth_Farrell87@hotmail.com', 'Will', 'confirmed');
INSERT INTO bid (ct_email, ct_price, start_date, end_date, is_cash, transport_method, pet_owner, pet_name, bid_status) VALUES ('Zula_Mayer88@hotmail.com', 2, '2020-09-06T00:04:49.065Z', '2020-09-19T03:17:48.291Z', true, 'delivery', 'Arturo92@yahoo.com', 'Thelma', 'confirmed');
INSERT INTO bid (ct_email, ct_price, start_date, end_date, is_cash, transport_method, pet_owner, pet_name, bid_status) VALUES ('Jackson59@gmail.com', 1, '2020-09-06T00:04:49.065Z', '2020-09-19T03:17:48.291Z', true, 'delivery', 'Chester38@hotmail.com', 'Lonny', 'confirmed');
INSERT INTO bid (ct_email, ct_price, start_date, end_date, is_cash, transport_method, pet_owner, pet_name, bid_status) VALUES ('Ezequiel_Brekke@yahoo.com', 17, '2020-09-06T00:04:49.065Z', '2020-09-19T03:17:48.291Z', true, 'pcs', 'Derrick.Turcotte75@hotmail.com', 'Collin', 'confirmed');
INSERT INTO bid (ct_email, ct_price, start_date, end_date, is_cash, transport_method, pet_owner, pet_name, bid_status) VALUES ('Jaycee96@gmail.com', 19, '2020-09-06T00:04:49.065Z', '2020-09-19T03:17:48.291Z', true, 'delivery', 'Jana88@hotmail.com', 'Ashlynn', 'confirmed');
INSERT INTO bid (ct_email, ct_price, start_date, end_date, is_cash, transport_method, pet_owner, pet_name, bid_status) VALUES ('Adelle50@hotmail.com', 2, '2020-09-06T00:04:49.065Z', '2020-09-19T03:17:48.291Z', true, 'delivery', 'Keyon35@yahoo.com', 'Kieran', 'confirmed');
INSERT INTO bid (ct_email, ct_price, start_date, end_date, is_cash, transport_method, pet_owner, pet_name, bid_status) VALUES ('Alejandrin24@yahoo.com', 16, '2020-09-06T00:04:49.065Z', '2020-09-19T03:17:48.291Z', true, 'pcs', 'Josefa_Funk@gmail.com', 'Randal', 'confirmed');
INSERT INTO bid (ct_email, ct_price, start_date, end_date, is_cash, transport_method, pet_owner, pet_name, bid_status) VALUES ('Charlie17@gmail.com', 20, '2020-09-06T00:04:49.065Z', '2020-09-19T03:17:48.291Z', true, 'pickup', 'Alexzander94@yahoo.com', 'Selina', 'confirmed');
INSERT INTO bid (ct_email, ct_price, start_date, end_date, is_cash, transport_method, pet_owner, pet_name, bid_status) VALUES ('Reva.Crist@gmail.com', 12, '2020-09-06T00:04:49.065Z', '2020-09-19T03:17:48.291Z', true, 'pickup', 'Gisselle_Marvin4@gmail.com', 'Gillian', 'confirmed');
INSERT INTO bid (ct_email, ct_price, start_date, end_date, is_cash, transport_method, pet_owner, pet_name, bid_status) VALUES ('Garfield_Schuppe@gmail.com', 5, '2020-09-06T00:04:49.065Z', '2020-09-19T03:17:48.291Z', true, 'pickup', 'Augusta_Emmerich72@hotmail.com', 'Adaline', 'confirmed');
INSERT INTO bid (ct_email, ct_price, start_date, end_date, is_cash, transport_method, pet_owner, pet_name, bid_status) VALUES ('Damon.Monahan@yahoo.com', 10, '2020-09-06T00:04:49.065Z', '2020-09-19T03:17:48.291Z', true, 'pickup', 'Darwin38@yahoo.com', 'Kathleen', 'confirmed');
INSERT INTO bid (ct_email, ct_price, start_date, end_date, is_cash, transport_method, pet_owner, pet_name, bid_status) VALUES ('Demarcus.Schowalter12@gmail.com', 20, '2020-09-06T00:04:49.065Z', '2020-09-19T03:17:48.291Z', true, 'pickup', 'Monique45@yahoo.com', 'Pattie', 'confirmed');
INSERT INTO bid (ct_email, ct_price, start_date, end_date, is_cash, transport_method, pet_owner, pet_name, bid_status) VALUES ('Josefa_Funk@gmail.com', 10, '2020-09-06T00:04:49.065Z', '2020-09-19T03:17:48.291Z', true, 'pcs', 'Tressa_Huels3@gmail.com', 'Santos', 'confirmed');
INSERT INTO bid (ct_email, ct_price, start_date, end_date, is_cash, transport_method, pet_owner, pet_name, bid_status) VALUES ('Theo.Hackett@gmail.com', 19, '2020-09-06T00:04:49.065Z', '2020-09-19T03:17:48.291Z', true, 'pcs', 'Jess.Fadel73@hotmail.com', 'Ruthe', 'confirmed');
INSERT INTO bid (ct_email, ct_price, start_date, end_date, is_cash, transport_method, pet_owner, pet_name, bid_status) VALUES ('Raleigh96@yahoo.com', 0, '2020-09-06T00:04:49.065Z', '2020-09-19T03:17:48.291Z', true, 'delivery', 'Madeline.Schowalter4@yahoo.com', 'Susanna', 'confirmed');
INSERT INTO bid (ct_email, ct_price, start_date, end_date, is_cash, transport_method, pet_owner, pet_name, bid_status) VALUES ('Bryon_Casper@gmail.com', 12, '2020-09-06T00:04:49.065Z', '2020-09-19T03:17:48.291Z', true, 'pickup', 'Barrett62@yahoo.com', 'Adah', 'confirmed');
INSERT INTO bid (ct_email, ct_price, start_date, end_date, is_cash, transport_method, pet_owner, pet_name, bid_status) VALUES ('Abbigail_Spencer@yahoo.com', 12, '2020-09-06T00:04:49.065Z', '2020-09-19T03:17:48.291Z', true, 'delivery', 'Herbert_Hamill10@yahoo.com', 'Cielo', 'confirmed');
INSERT INTO bid (ct_email, ct_price, start_date, end_date, is_cash, transport_method, pet_owner, pet_name, bid_status) VALUES ('Hayden12@gmail.com', 4, '2020-09-06T00:04:49.065Z', '2020-09-19T03:17:48.291Z', true, 'delivery', 'Ollie_Witting16@hotmail.com', 'Kathlyn', 'confirmed');
INSERT INTO bid (ct_email, ct_price, start_date, end_date, is_cash, transport_method, pet_owner, pet_name, bid_status) VALUES ('Ryan_Glover@gmail.com', 9, '2020-09-06T00:04:49.065Z', '2020-09-19T03:17:48.291Z', true, 'pcs', 'Travon56@hotmail.com', 'Claudine', 'confirmed');
INSERT INTO bid (ct_email, ct_price, start_date, end_date, is_cash, transport_method, pet_owner, pet_name, bid_status) VALUES ('Nico_Shanahan93@yahoo.com', 2, '2020-09-06T00:04:49.065Z', '2020-09-19T03:17:48.291Z', true, 'pcs', 'Emmy.White@gmail.com', 'Hester', 'confirmed');
INSERT INTO bid (ct_email, ct_price, start_date, end_date, is_cash, transport_method, pet_owner, pet_name, bid_status) VALUES ('Jack31@gmail.com', 17, '2020-09-06T00:04:49.065Z', '2020-09-19T03:17:48.291Z', true, 'pickup', 'Bella71@hotmail.com', 'Claudine', 'confirmed');
INSERT INTO bid (ct_email, ct_price, start_date, end_date, is_cash, transport_method, pet_owner, pet_name, bid_status) VALUES ('Michaela59@yahoo.com', 12, '2020-09-06T00:04:49.065Z', '2020-09-19T03:17:48.291Z', true, 'delivery', 'Magali_Wiza@gmail.com', 'Lilian', 'confirmed');
INSERT INTO bid (ct_email, ct_price, start_date, end_date, is_cash, transport_method, pet_owner, pet_name, bid_status) VALUES ('Maegan.Cole@gmail.com', 14, '2020-09-06T00:04:49.065Z', '2020-09-19T03:17:48.291Z', true, 'pickup', 'Sydnee48@yahoo.com', 'Hermina', 'confirmed');
UPDATE bid SET (bid_status, rating, feedback) = ('reviewed', 5, 'Adipisci culpa harum ipsum. Animi quis quas exercitationem deleniti recusandae earum ut.') WHERE ct_email = 'Oswald_Littel57@yahoo.com' AND pet_owner = 'Rory_Zulauf49@yahoo.com' AND pet_name = 'Kory' AND start_date = Date('2020-09-06T00:04:49.065Z') AND end_date = Date('2020-09-19T03:17:48.291Z');
UPDATE bid SET (bid_status, rating, feedback) = ('reviewed', 5, 'Et maiores voluptate autem quis eveniet culpa quae ipsam culpa. Non est et est voluptatum.') WHERE ct_email = 'Vern.Effertz58@yahoo.com' AND pet_owner = 'Harold.Altenwerth@hotmail.com' AND pet_name = 'Amya' AND start_date = Date('2020-09-06T00:04:49.065Z') AND end_date = Date('2020-09-19T03:17:48.291Z');
UPDATE bid SET (bid_status, rating, feedback) = ('reviewed', 5, 'Saepe eveniet consectetur et veritatis iusto enim sed adipisci ipsam. Non ea quisquam magnam impedit quia sapiente et beatae quia.') WHERE ct_email = 'Linda45@yahoo.com' AND pet_owner = 'Juston61@hotmail.com' AND pet_name = 'Kassandra' AND start_date = Date('2020-09-06T00:04:49.065Z') AND end_date = Date('2020-09-19T03:17:48.291Z');
UPDATE bid SET (bid_status, rating, feedback) = ('reviewed', 3, 'Iste voluptates sed sed error consequatur qui molestiae illo. Voluptate vitae voluptatem modi ut.') WHERE ct_email = 'Oral73@yahoo.com' AND pet_owner = 'Raleigh96@yahoo.com' AND pet_name = 'Lue' AND start_date = Date('2020-09-06T00:04:49.065Z') AND end_date = Date('2020-09-19T03:17:48.291Z');
UPDATE bid SET (bid_status, rating, feedback) = ('reviewed', 3, 'Nihil necessitatibus perferendis molestias. Harum magnam ipsa vel at.') WHERE ct_email = 'Orrin8@yahoo.com' AND pet_owner = 'Darien.Stroman64@hotmail.com' AND pet_name = 'Keely' AND start_date = Date('2020-09-06T00:04:49.065Z') AND end_date = Date('2020-09-19T03:17:48.291Z');
UPDATE bid SET (bid_status, rating, feedback) = ('reviewed', 4, 'Maiores repudiandae qui. Sint odit accusantium quaerat quia ut iste sed.') WHERE ct_email = 'Lela_Beahan@gmail.com' AND pet_owner = 'Vita23@yahoo.com' AND pet_name = 'Domenick' AND start_date = Date('2020-09-06T00:04:49.065Z') AND end_date = Date('2020-09-19T03:17:48.291Z');
UPDATE bid SET (bid_status, rating, feedback) = ('reviewed', 4, 'Et perferendis tempore molestias doloremque nihil veniam nihil. Illum autem neque in et sit possimus.') WHERE ct_email = 'Morris_Runolfsdottir6@gmail.com' AND pet_owner = 'Rahul.Romaguera@hotmail.com' AND pet_name = 'Sunny' AND start_date = Date('2020-09-06T00:04:49.065Z') AND end_date = Date('2020-09-19T03:17:48.291Z');
UPDATE bid SET (bid_status, rating, feedback) = ('reviewed', 5, 'Rerum laudantium iusto eum quas ipsum tempora officiis. Alias sed maiores a voluptas possimus aut est sed quia.') WHERE ct_email = 'Terrell_Hickle@hotmail.com' AND pet_owner = 'Gwendolyn_Denesik64@hotmail.com' AND pet_name = 'Hipolito' AND start_date = Date('2020-09-06T00:04:49.065Z') AND end_date = Date('2020-09-19T03:17:48.291Z');
UPDATE bid SET (bid_status, rating, feedback) = ('reviewed', 5, 'Praesentium qui ut eos fugit. Repellendus nesciunt repellat accusamus et qui.') WHERE ct_email = 'Verna_Braun72@yahoo.com' AND pet_owner = 'Mariam.Fadel47@hotmail.com' AND pet_name = 'German' AND start_date = Date('2020-09-06T00:04:49.065Z') AND end_date = Date('2020-09-19T03:17:48.291Z');
UPDATE bid SET (bid_status, rating, feedback) = ('reviewed', 5, 'Quae eos alias accusantium voluptatibus qui enim quasi autem sunt. Consequatur nostrum nemo ab optio maiores totam rerum adipisci.') WHERE ct_email = 'Amber_Schmidt0@hotmail.com' AND pet_owner = 'Georgiana_Doyle4@hotmail.com' AND pet_name = 'Walter' AND start_date = Date('2020-09-06T00:04:49.065Z') AND end_date = Date('2020-09-19T03:17:48.291Z');
UPDATE bid SET (bid_status, rating, feedback) = ('reviewed', 3, 'Veritatis quisquam eum ipsa. Aut sint mollitia.') WHERE ct_email = 'Merlin_Wilderman94@gmail.com' AND pet_owner = 'Ila23@yahoo.com' AND pet_name = 'Braxton' AND start_date = Date('2020-09-06T00:04:49.065Z') AND end_date = Date('2020-09-19T03:17:48.291Z');
UPDATE bid SET (bid_status, rating, feedback) = ('reviewed', 3, 'Odio ullam dolores. Tenetur in ullam in voluptates est expedita nobis voluptatem.') WHERE ct_email = 'Elmira.Murray@hotmail.com' AND pet_owner = 'Bradly.Schroeder@hotmail.com' AND pet_name = 'Lauren' AND start_date = Date('2020-09-06T00:04:49.065Z') AND end_date = Date('2020-09-19T03:17:48.291Z');
UPDATE bid SET (bid_status, rating, feedback) = ('reviewed', 5, 'Voluptatibus voluptatem aut dolor et modi nobis. Inventore et ratione quia id excepturi.') WHERE ct_email = 'Willow91@hotmail.com' AND pet_owner = 'Blair_Gerhold@gmail.com' AND pet_name = 'Keenan' AND start_date = Date('2020-09-06T00:04:49.065Z') AND end_date = Date('2020-09-19T03:17:48.291Z');
UPDATE bid SET (bid_status, rating, feedback) = ('reviewed', 4, 'Nemo quia officia debitis corporis est sit et eum. Ratione voluptatem omnis alias optio maiores impedit cum.') WHERE ct_email = 'Marcelle_Breitenberg@gmail.com' AND pet_owner = 'Lowell86@hotmail.com' AND pet_name = 'Mona' AND start_date = Date('2020-09-06T00:04:49.065Z') AND end_date = Date('2020-09-19T03:17:48.291Z');
UPDATE bid SET (bid_status, rating, feedback) = ('reviewed', 4, 'In et est vel id ab et blanditiis aliquam. Qui molestias ea.') WHERE ct_email = 'Brant_Heidenreich81@hotmail.com' AND pet_owner = 'Haven.Swift32@hotmail.com' AND pet_name = 'Ebony' AND start_date = Date('2020-09-06T00:04:49.065Z') AND end_date = Date('2020-09-19T03:17:48.291Z');
UPDATE bid SET (bid_status, rating, feedback) = ('reviewed', 5, 'Recusandae porro et asperiores nihil ipsum dignissimos ab. Harum dolores et expedita quasi dolorem voluptate ratione et quisquam.') WHERE ct_email = 'Neal50@yahoo.com' AND pet_owner = 'Dorothea.Cremin@yahoo.com' AND pet_name = 'Melyssa' AND start_date = Date('2020-09-06T00:04:49.065Z') AND end_date = Date('2020-09-19T03:17:48.291Z');
UPDATE bid SET (bid_status, rating, feedback) = ('reviewed', 3, 'Quod illum non in. Aliquid architecto dolores.') WHERE ct_email = 'Hadley_Little28@hotmail.com' AND pet_owner = 'Jordane_Gerhold37@gmail.com' AND pet_name = 'Nickolas' AND start_date = Date('2020-09-06T00:04:49.065Z') AND end_date = Date('2020-09-19T03:17:48.291Z');
UPDATE bid SET (bid_status, rating, feedback) = ('reviewed', 4, 'Sapiente ad quo nemo natus aliquam in. Pariatur quidem maiores corporis aliquid non doloribus.') WHERE ct_email = 'Maude.Lesch@hotmail.com' AND pet_owner = 'Frida_Nicolas@gmail.com' AND pet_name = 'Adolphus' AND start_date = Date('2020-09-06T00:04:49.065Z') AND end_date = Date('2020-09-19T03:17:48.291Z');
UPDATE bid SET (bid_status, rating, feedback) = ('reviewed', 5, 'Qui doloremque et ut ut at atque qui. Delectus voluptatem maxime itaque sunt facere.') WHERE ct_email = 'Luisa_Beier@hotmail.com' AND pet_owner = 'Aubrey21@hotmail.com' AND pet_name = 'Mina' AND start_date = Date('2020-09-06T00:04:49.065Z') AND end_date = Date('2020-09-19T03:17:48.291Z');
UPDATE bid SET (bid_status, rating, feedback) = ('reviewed', 3, 'Quia quidem dolorum quo nulla enim dolorem. Unde optio dicta cupiditate accusantium impedit.') WHERE ct_email = 'Leilani_Schulist@yahoo.com' AND pet_owner = 'Gardner_Balistreri32@yahoo.com' AND pet_name = 'Flo' AND start_date = Date('2020-09-06T00:04:49.065Z') AND end_date = Date('2020-09-19T03:17:48.291Z');
UPDATE bid SET (bid_status, rating, feedback) = ('reviewed', 3, 'Hic hic aut doloremque exercitationem omnis. Id eius sit facilis qui ut ullam autem iusto reprehenderit.') WHERE ct_email = 'Hester7@hotmail.com' AND pet_owner = 'Lon47@yahoo.com' AND pet_name = 'Harry' AND start_date = Date('2020-09-06T00:04:49.065Z') AND end_date = Date('2020-09-19T03:17:48.291Z');
UPDATE bid SET (bid_status, rating, feedback) = ('reviewed', 4, 'Distinctio aperiam alias sint qui corporis modi quia deleniti. Magnam tempora et quaerat nesciunt.') WHERE ct_email = 'Keyon35@yahoo.com' AND pet_owner = 'Theo.Hackett@gmail.com' AND pet_name = 'Wava' AND start_date = Date('2020-09-06T00:04:49.065Z') AND end_date = Date('2020-09-19T03:17:48.291Z');
UPDATE bid SET (bid_status, rating, feedback) = ('reviewed', 3, 'Ipsum tempora ab quis. Perspiciatis non et quia.') WHERE ct_email = 'Deion.Sauer@gmail.com' AND pet_owner = 'Vena.Nienow@hotmail.com' AND pet_name = 'Orrin' AND start_date = Date('2020-09-06T00:04:49.065Z') AND end_date = Date('2020-09-19T03:17:48.291Z');
UPDATE bid SET (bid_status, rating, feedback) = ('reviewed', 3, 'Maiores sit facere asperiores explicabo voluptatibus tempore aut. Id est rerum deserunt.') WHERE ct_email = 'Chester.Turner79@yahoo.com' AND pet_owner = 'Maribel_Deckow35@hotmail.com' AND pet_name = 'Doug' AND start_date = Date('2020-09-06T00:04:49.065Z') AND end_date = Date('2020-09-19T03:17:48.291Z');
UPDATE bid SET (bid_status, rating, feedback) = ('reviewed', 5, 'Aut dolorum et. Nam odit vel quia minima voluptatum consequatur enim deleniti rerum.') WHERE ct_email = 'Providenci59@hotmail.com' AND pet_owner = 'Marley.Kautzer@yahoo.com' AND pet_name = 'Grayson' AND start_date = Date('2020-09-06T00:04:49.065Z') AND end_date = Date('2020-09-19T03:17:48.291Z');
UPDATE bid SET (bid_status, rating, feedback) = ('reviewed', 4, 'Eveniet neque vitae voluptas eum. Iste distinctio et recusandae id veniam.') WHERE ct_email = 'Kraig_Koss93@yahoo.com' AND pet_owner = 'Juana51@hotmail.com' AND pet_name = 'Eleanore' AND start_date = Date('2020-09-06T00:04:49.065Z') AND end_date = Date('2020-09-19T03:17:48.291Z');
UPDATE bid SET (bid_status, rating, feedback) = ('reviewed', 5, 'Quia in corrupti autem. Quis similique sed saepe.') WHERE ct_email = 'Domenic.Jakubowski@yahoo.com' AND pet_owner = 'Blaze.Zulauf@gmail.com' AND pet_name = 'Hubert' AND start_date = Date('2020-09-06T00:04:49.065Z') AND end_date = Date('2020-09-19T03:17:48.291Z');
UPDATE bid SET (bid_status, rating, feedback) = ('reviewed', 4, 'Sunt quis quia. Eius laboriosam dolorum dolores quas possimus et.') WHERE ct_email = 'Genevieve_Ondricka@yahoo.com' AND pet_owner = 'Nella91@yahoo.com' AND pet_name = 'Jany' AND start_date = Date('2020-09-06T00:04:49.065Z') AND end_date = Date('2020-09-19T03:17:48.291Z');
UPDATE bid SET (bid_status, rating, feedback) = ('reviewed', 3, 'Officiis sit voluptatum culpa. Illum labore beatae placeat minima voluptatum corporis exercitationem est.') WHERE ct_email = 'Nikolas_Torp90@gmail.com' AND pet_owner = 'Ernest_Beer23@hotmail.com' AND pet_name = 'John' AND start_date = Date('2020-09-06T00:04:49.065Z') AND end_date = Date('2020-09-19T03:17:48.291Z');
UPDATE bid SET (bid_status, rating, feedback) = ('reviewed', 4, 'Qui laudantium magnam. Sed amet libero veritatis facere nihil alias ut.') WHERE ct_email = 'Annalise.DAmore4@yahoo.com' AND pet_owner = 'Garett_Sipes@yahoo.com' AND pet_name = 'Donato' AND start_date = Date('2020-09-06T00:04:49.065Z') AND end_date = Date('2020-09-19T03:17:48.291Z');
UPDATE bid SET (bid_status, rating, feedback) = ('reviewed', 5, 'Saepe nisi est. Veniam et est recusandae fugit distinctio ea.') WHERE ct_email = 'Alford_Kilback@yahoo.com' AND pet_owner = 'Otilia_Kreiger@hotmail.com' AND pet_name = 'Tyrese' AND start_date = Date('2020-09-06T00:04:49.065Z') AND end_date = Date('2020-09-19T03:17:48.291Z');
UPDATE bid SET (bid_status, rating, feedback) = ('reviewed', 5, 'Et eum odit perspiciatis eveniet quia maxime omnis voluptas. Voluptas qui et consectetur rerum sed.') WHERE ct_email = 'Esther.Bednar@gmail.com' AND pet_owner = 'Hailee_Zieme@hotmail.com' AND pet_name = 'Ceasar' AND start_date = Date('2020-09-06T00:04:49.065Z') AND end_date = Date('2020-09-19T03:17:48.291Z');
UPDATE bid SET (bid_status, rating, feedback) = ('reviewed', 3, 'Ipsam nesciunt nobis dolorem accusamus voluptatibus cumque. Facere quasi nihil eaque magni inventore.') WHERE ct_email = 'Kellen70@gmail.com' AND pet_owner = 'Shea78@yahoo.com' AND pet_name = 'Selina' AND start_date = Date('2020-09-06T00:04:49.065Z') AND end_date = Date('2020-09-19T03:17:48.291Z');
UPDATE bid SET (bid_status, rating, feedback) = ('reviewed', 5, 'Quos nihil porro in ad tenetur. Et sed sit.') WHERE ct_email = 'Columbus_Medhurst@gmail.com' AND pet_owner = 'Oral73@yahoo.com' AND pet_name = 'Georgiana' AND start_date = Date('2020-09-06T00:04:49.065Z') AND end_date = Date('2020-09-19T03:17:48.291Z');
UPDATE bid SET (bid_status, rating, feedback) = ('reviewed', 5, 'Optio magnam quas sapiente nam minus aut nisi. Aperiam repellendus et.') WHERE ct_email = 'Hallie65@yahoo.com' AND pet_owner = 'Raleigh50@yahoo.com' AND pet_name = 'Lorenza' AND start_date = Date('2020-09-06T00:04:49.065Z') AND end_date = Date('2020-09-19T03:17:48.291Z');
UPDATE bid SET (bid_status, rating, feedback) = ('reviewed', 4, 'Officiis voluptatibus qui amet neque vel. Voluptates maiores qui rerum et voluptatibus ea deleniti.') WHERE ct_email = 'Kathlyn_Rowe21@yahoo.com' AND pet_owner = 'Furman.Ratke64@yahoo.com' AND pet_name = 'Wilmer' AND start_date = Date('2020-09-06T00:04:49.065Z') AND end_date = Date('2020-09-19T03:17:48.291Z');
UPDATE bid SET (bid_status, rating, feedback) = ('reviewed', 4, 'Deleniti ea nostrum blanditiis. Molestiae suscipit sint aut labore.') WHERE ct_email = 'Abdul.Greenholt@yahoo.com' AND pet_owner = 'Jake9@gmail.com' AND pet_name = 'Imani' AND start_date = Date('2020-09-06T00:04:49.065Z') AND end_date = Date('2020-09-19T03:17:48.291Z');
UPDATE bid SET (bid_status, rating, feedback) = ('reviewed', 4, 'Eos et quis nam aut dolores. Minus distinctio nihil rem aspernatur rerum nemo quibusdam ad.') WHERE ct_email = 'Ellen_Mills@gmail.com' AND pet_owner = 'Amara9@gmail.com' AND pet_name = 'Vinnie' AND start_date = Date('2020-09-06T00:04:49.065Z') AND end_date = Date('2020-09-19T03:17:48.291Z');
UPDATE bid SET (bid_status, rating, feedback) = ('reviewed', 4, 'Tenetur temporibus itaque. Quo iste dicta hic quo officiis nam et.') WHERE ct_email = 'Madisen_Reichel@yahoo.com' AND pet_owner = 'Wendell82@hotmail.com' AND pet_name = 'Dawson' AND start_date = Date('2020-09-06T00:04:49.065Z') AND end_date = Date('2020-09-19T03:17:48.291Z');
UPDATE bid SET (bid_status, rating, feedback) = ('reviewed', 4, 'Laboriosam et voluptas recusandae possimus fuga beatae earum. Numquam ex ipsa ipsa iure sapiente autem.') WHERE ct_email = 'Isabel.Harber@hotmail.com' AND pet_owner = 'Gust_Turcotte@gmail.com' AND pet_name = 'Kobe' AND start_date = Date('2020-09-06T00:04:49.065Z') AND end_date = Date('2020-09-19T03:17:48.291Z');
UPDATE bid SET (bid_status, rating, feedback) = ('reviewed', 4, 'Dolorum nesciunt fugiat. Ducimus ea quam.') WHERE ct_email = 'Dane.Upton93@gmail.com' AND pet_owner = 'Katlynn.Will@gmail.com' AND pet_name = 'Tessie' AND start_date = Date('2020-09-06T00:04:49.065Z') AND end_date = Date('2020-09-19T03:17:48.291Z');
UPDATE bid SET (bid_status, rating, feedback) = ('reviewed', 3, 'Sapiente ad voluptatum nam culpa distinctio aut laboriosam. Nihil ut quas quia quam iure ipsum aut maiores sequi.') WHERE ct_email = 'Kody.Beatty40@gmail.com' AND pet_owner = 'May86@gmail.com' AND pet_name = 'Rhoda' AND start_date = Date('2020-09-06T00:04:49.065Z') AND end_date = Date('2020-09-19T03:17:48.291Z');
UPDATE bid SET (bid_status, rating, feedback) = ('reviewed', 3, 'Qui in laudantium expedita. Quo earum aperiam nulla assumenda nam id.') WHERE ct_email = 'Bernadine_Wisozk58@yahoo.com' AND pet_owner = 'Jack31@gmail.com' AND pet_name = 'Krystina' AND start_date = Date('2020-09-06T00:04:49.065Z') AND end_date = Date('2020-09-19T03:17:48.291Z');
UPDATE bid SET (bid_status, rating, feedback) = ('reviewed', 3, 'Quia quas nobis incidunt et autem sint et. Reprehenderit unde qui qui odit mollitia qui praesentium aliquam.') WHERE ct_email = 'Lulu.DAmore@hotmail.com' AND pet_owner = 'Lawrence16@yahoo.com' AND pet_name = 'Claudine' AND start_date = Date('2020-09-06T00:04:49.065Z') AND end_date = Date('2020-09-19T03:17:48.291Z');
UPDATE bid SET (bid_status, rating, feedback) = ('reviewed', 5, 'Excepturi minus modi atque. Accusamus voluptas optio sit odio.') WHERE ct_email = 'Tristian75@hotmail.com' AND pet_owner = 'Greta_OConnell25@hotmail.com' AND pet_name = 'Tatum' AND start_date = Date('2020-09-06T00:04:49.065Z') AND end_date = Date('2020-09-19T03:17:48.291Z');
UPDATE bid SET (bid_status, rating, feedback) = ('reviewed', 5, 'Repellendus similique aliquid aut. Saepe et voluptas voluptas.') WHERE ct_email = 'Claire.Considine@hotmail.com' AND pet_owner = 'Nathaniel_Stiedemann@gmail.com' AND pet_name = 'Duane' AND start_date = Date('2020-09-06T00:04:49.065Z') AND end_date = Date('2020-09-19T03:17:48.291Z');
UPDATE bid SET (bid_status, rating, feedback) = ('reviewed', 3, 'Non exercitationem rerum. Quod ullam error ipsam consequuntur consequatur.') WHERE ct_email = 'Neoma98@gmail.com' AND pet_owner = 'Cecilia_Nikolaus35@yahoo.com' AND pet_name = 'Rosario' AND start_date = Date('2020-09-06T00:04:49.065Z') AND end_date = Date('2020-09-19T03:17:48.291Z');
UPDATE bid SET (bid_status, rating, feedback) = ('reviewed', 3, 'Est veritatis et ut minima quibusdam. Similique ad aperiam velit natus.') WHERE ct_email = 'Elian_Botsford@hotmail.com' AND pet_owner = 'Ila23@yahoo.com' AND pet_name = 'Elvis' AND start_date = Date('2020-09-06T00:04:49.065Z') AND end_date = Date('2020-09-19T03:17:48.291Z');
UPDATE bid SET (bid_status, rating, feedback) = ('reviewed', 5, 'Id vel amet est unde inventore non. Veniam ratione maxime molestiae nemo qui dolores vitae officia id.') WHERE ct_email = 'Stephen_Rath18@gmail.com' AND pet_owner = 'Eloisa_Murphy@gmail.com' AND pet_name = 'Ignacio' AND start_date = Date('2020-09-06T00:04:49.065Z') AND end_date = Date('2020-09-19T03:17:48.291Z');
UPDATE bid SET (bid_status, rating, feedback) = ('reviewed', 3, 'Quaerat nostrum odit rerum alias sed delectus. Voluptatem accusamus eum nobis maxime ut sit odio.') WHERE ct_email = 'Winifred99@hotmail.com' AND pet_owner = 'Clemmie.Satterfield@yahoo.com' AND pet_name = 'Miller' AND start_date = Date('2020-09-06T00:04:49.065Z') AND end_date = Date('2020-09-19T03:17:48.291Z');
UPDATE bid SET (bid_status, rating, feedback) = ('reviewed', 5, 'Aut illum ut deleniti ea. Eum quidem aperiam.') WHERE ct_email = 'Darien.Stroman64@hotmail.com' AND pet_owner = 'Makenzie_Block21@yahoo.com' AND pet_name = 'Sabryna' AND start_date = Date('2020-09-06T00:04:49.065Z') AND end_date = Date('2020-09-19T03:17:48.291Z');
UPDATE bid SET (bid_status, rating, feedback) = ('reviewed', 3, 'Laborum nihil commodi adipisci necessitatibus fuga placeat. Sequi amet nulla eligendi.') WHERE ct_email = 'Kaya.Kassulke@gmail.com' AND pet_owner = 'Noble70@gmail.com' AND pet_name = 'Patsy' AND start_date = Date('2020-09-06T00:04:49.065Z') AND end_date = Date('2020-09-19T03:17:48.291Z');
UPDATE bid SET (bid_status, rating, feedback) = ('reviewed', 3, 'Natus nostrum excepturi eos est. Culpa est eveniet aut sed aliquam labore sed.') WHERE ct_email = 'Ole85@gmail.com' AND pet_owner = 'Chadd25@gmail.com' AND pet_name = 'Nichole' AND start_date = Date('2020-09-06T00:04:49.065Z') AND end_date = Date('2020-09-19T03:17:48.291Z');
UPDATE bid SET (bid_status, rating, feedback) = ('reviewed', 3, 'Debitis temporibus aut minus cum. Est fugit eum eum molestias iste hic.') WHERE ct_email = 'Katarina41@gmail.com' AND pet_owner = 'Billie.Pagac@yahoo.com' AND pet_name = 'Dayton' AND start_date = Date('2020-09-06T00:04:49.065Z') AND end_date = Date('2020-09-19T03:17:48.291Z');
UPDATE bid SET (bid_status, rating, feedback) = ('reviewed', 5, 'Accusamus enim fugiat. Suscipit assumenda quisquam voluptas tempora aut in et quam.') WHERE ct_email = 'Gilbert.McGlynn@hotmail.com' AND pet_owner = 'Wilfredo_Crooks@yahoo.com' AND pet_name = 'Jane' AND start_date = Date('2020-09-06T00:04:49.065Z') AND end_date = Date('2020-09-19T03:17:48.291Z');
UPDATE bid SET (bid_status, rating, feedback) = ('reviewed', 5, 'Rem voluptas eligendi sunt id. Explicabo soluta similique velit laborum quis dicta cupiditate.') WHERE ct_email = 'Ressie7@hotmail.com' AND pet_owner = 'Etha_Altenwerth74@gmail.com' AND pet_name = 'Casandra' AND start_date = Date('2020-09-06T00:04:49.065Z') AND end_date = Date('2020-09-19T03:17:48.291Z');
UPDATE bid SET (bid_status, rating, feedback) = ('reviewed', 5, 'Esse incidunt aut voluptatibus sunt. Velit perspiciatis ea dolor voluptatem quaerat quod nulla sit excepturi.') WHERE ct_email = 'Devon25@hotmail.com' AND pet_owner = 'Carlotta4@gmail.com' AND pet_name = 'Thaddeus' AND start_date = Date('2020-09-06T00:04:49.065Z') AND end_date = Date('2020-09-19T03:17:48.291Z');
UPDATE bid SET (bid_status, rating, feedback) = ('reviewed', 4, 'Quia inventore autem placeat consequatur quo eveniet eos necessitatibus. Eveniet et sed quo architecto ab aut.') WHERE ct_email = 'Chauncey96@hotmail.com' AND pet_owner = 'Ofelia.Aufderhar@yahoo.com' AND pet_name = 'Ashlynn' AND start_date = Date('2020-09-06T00:04:49.065Z') AND end_date = Date('2020-09-19T03:17:48.291Z');
UPDATE bid SET (bid_status, rating, feedback) = ('reviewed', 5, 'Sint nemo dignissimos. Ipsa iusto neque ea.') WHERE ct_email = 'Cayla_Walter85@hotmail.com' AND pet_owner = 'Esta.Mueller@yahoo.com' AND pet_name = 'Shanelle' AND start_date = Date('2020-09-06T00:04:49.065Z') AND end_date = Date('2020-09-19T03:17:48.291Z');
UPDATE bid SET (bid_status, rating, feedback) = ('reviewed', 3, 'Sint odio qui consequatur quasi non iste magnam. Dolorum eos ea.') WHERE ct_email = 'Alexzander.Lockman@gmail.com' AND pet_owner = 'Sammie.Lueilwitz18@hotmail.com' AND pet_name = 'Mary' AND start_date = Date('2020-09-06T00:04:49.065Z') AND end_date = Date('2020-09-19T03:17:48.291Z');
UPDATE bid SET (bid_status, rating, feedback) = ('reviewed', 4, 'Sapiente velit neque distinctio eaque. Corporis inventore nisi voluptatibus nam eum et sit.') WHERE ct_email = 'Javon_Spencer69@gmail.com' AND pet_owner = 'Florence_Funk@yahoo.com' AND pet_name = 'Emery' AND start_date = Date('2020-09-06T00:04:49.065Z') AND end_date = Date('2020-09-19T03:17:48.291Z');
UPDATE bid SET (bid_status, rating, feedback) = ('reviewed', 3, 'Vel nemo dolore. Eos et molestiae quam sequi provident omnis atque quidem.') WHERE ct_email = 'Emily.Wolf@hotmail.com' AND pet_owner = 'Hadley.Ruecker@hotmail.com' AND pet_name = 'Dudley' AND start_date = Date('2020-09-06T00:04:49.065Z') AND end_date = Date('2020-09-19T03:17:48.291Z');
UPDATE bid SET (bid_status, rating, feedback) = ('reviewed', 4, 'Neque facilis tempore totam a facere facilis. Velit sed dolor.') WHERE ct_email = 'Barbara_Shanahan14@gmail.com' AND pet_owner = 'Clay_Wuckert@yahoo.com' AND pet_name = 'Dorian' AND start_date = Date('2020-09-06T00:04:49.065Z') AND end_date = Date('2020-09-19T03:17:48.291Z');
UPDATE bid SET (bid_status, rating, feedback) = ('reviewed', 3, 'Nihil consequatur vel itaque itaque harum a eveniet. Quia eius aut soluta qui eligendi deleniti saepe.') WHERE ct_email = 'Kasandra.Yundt96@yahoo.com' AND pet_owner = 'Britney_Reilly96@hotmail.com' AND pet_name = 'Chasity' AND start_date = Date('2020-09-06T00:04:49.065Z') AND end_date = Date('2020-09-19T03:17:48.291Z');
UPDATE bid SET (bid_status, rating, feedback) = ('reviewed', 4, 'Consequatur eum ut molestiae atque. Enim commodi deserunt consequuntur quo impedit quia.') WHERE ct_email = 'Camila_Torphy32@hotmail.com' AND pet_owner = 'Elian50@yahoo.com' AND pet_name = 'Isai' AND start_date = Date('2020-09-06T00:04:49.065Z') AND end_date = Date('2020-09-19T03:17:48.291Z');
UPDATE bid SET (bid_status, rating, feedback) = ('reviewed', 4, 'Sit excepturi laudantium aut rem omnis ex sunt laudantium sint. Hic eligendi id quis voluptate consequatur quam a aperiam officia.') WHERE ct_email = 'Kurtis.Vandervort@yahoo.com' AND pet_owner = 'Shannon_Zemlak@yahoo.com' AND pet_name = 'Jaron' AND start_date = Date('2020-09-06T00:04:49.065Z') AND end_date = Date('2020-09-19T03:17:48.291Z');
UPDATE bid SET (bid_status, rating, feedback) = ('reviewed', 5, 'Cupiditate error quaerat. Cumque vel minima.') WHERE ct_email = 'Margot.Abshire@gmail.com' AND pet_owner = 'Nathaniel_Stiedemann@gmail.com' AND pet_name = 'Quentin' AND start_date = Date('2020-09-06T00:04:49.065Z') AND end_date = Date('2020-09-19T03:17:48.291Z');
UPDATE bid SET (bid_status, rating, feedback) = ('reviewed', 5, 'Porro accusamus consequuntur ut repellendus. Ipsa accusantium iste.') WHERE ct_email = 'Justyn.Heidenreich18@hotmail.com' AND pet_owner = 'Marjolaine_Abshire@gmail.com' AND pet_name = 'Mckayla' AND start_date = Date('2020-09-06T00:04:49.065Z') AND end_date = Date('2020-09-19T03:17:48.291Z');
UPDATE bid SET (bid_status, rating, feedback) = ('reviewed', 4, 'Debitis ullam quia ut. Labore tempora maxime.') WHERE ct_email = 'Makenzie_Block21@yahoo.com' AND pet_owner = 'Quinn.Ankunding@yahoo.com' AND pet_name = 'Janessa' AND start_date = Date('2020-09-06T00:04:49.065Z') AND end_date = Date('2020-09-19T03:17:48.291Z');
UPDATE bid SET (bid_status, rating, feedback) = ('reviewed', 4, 'Modi dolorum occaecati amet dolorum optio. Architecto esse natus atque quisquam.') WHERE ct_email = 'Alena_Johns@hotmail.com' AND pet_owner = 'Beth_Farrell87@hotmail.com' AND pet_name = 'Will' AND start_date = Date('2020-09-06T00:04:49.065Z') AND end_date = Date('2020-09-19T03:17:48.291Z');
UPDATE bid SET (bid_status, rating, feedback) = ('reviewed', 4, 'Earum hic aliquid voluptas earum quidem veniam similique. Tempore id et non deserunt sit incidunt id voluptatem fugit.') WHERE ct_email = 'Zula_Mayer88@hotmail.com' AND pet_owner = 'Arturo92@yahoo.com' AND pet_name = 'Thelma' AND start_date = Date('2020-09-06T00:04:49.065Z') AND end_date = Date('2020-09-19T03:17:48.291Z');
UPDATE bid SET (bid_status, rating, feedback) = ('reviewed', 5, 'Perspiciatis eaque atque vel id amet quisquam quia cupiditate. Rerum consequuntur omnis quo ex sint optio aut.') WHERE ct_email = 'Jackson59@gmail.com' AND pet_owner = 'Chester38@hotmail.com' AND pet_name = 'Lonny' AND start_date = Date('2020-09-06T00:04:49.065Z') AND end_date = Date('2020-09-19T03:17:48.291Z');
UPDATE bid SET (bid_status, rating, feedback) = ('reviewed', 5, 'Vel autem optio autem ab. Facere perspiciatis officia dolore facilis voluptatum perspiciatis atque eum.') WHERE ct_email = 'Ezequiel_Brekke@yahoo.com' AND pet_owner = 'Derrick.Turcotte75@hotmail.com' AND pet_name = 'Collin' AND start_date = Date('2020-09-06T00:04:49.065Z') AND end_date = Date('2020-09-19T03:17:48.291Z');
UPDATE bid SET (bid_status, rating, feedback) = ('reviewed', 4, 'Deleniti quis maxime. Ea eos ut cupiditate voluptatem.') WHERE ct_email = 'Jaycee96@gmail.com' AND pet_owner = 'Jana88@hotmail.com' AND pet_name = 'Ashlynn' AND start_date = Date('2020-09-06T00:04:49.065Z') AND end_date = Date('2020-09-19T03:17:48.291Z');
UPDATE bid SET (bid_status, rating, feedback) = ('reviewed', 3, 'Quos at deserunt omnis rem ipsum dolores. Beatae eligendi unde quia similique qui soluta officia tempore.') WHERE ct_email = 'Alejandrin24@yahoo.com' AND pet_owner = 'Josefa_Funk@gmail.com' AND pet_name = 'Randal' AND start_date = Date('2020-09-06T00:04:49.065Z') AND end_date = Date('2020-09-19T03:17:48.291Z');
UPDATE bid SET (bid_status, rating, feedback) = ('reviewed', 4, 'Ex atque et sed impedit officiis repellendus. Voluptates ex molestias in.') WHERE ct_email = 'Damon.Monahan@yahoo.com' AND pet_owner = 'Darwin38@yahoo.com' AND pet_name = 'Kathleen' AND start_date = Date('2020-09-06T00:04:49.065Z') AND end_date = Date('2020-09-19T03:17:48.291Z');
UPDATE bid SET (bid_status, rating, feedback) = ('reviewed', 5, 'Commodi soluta ratione iusto totam suscipit modi sed delectus. Est sit fuga.') WHERE ct_email = 'Abbigail_Spencer@yahoo.com' AND pet_owner = 'Herbert_Hamill10@yahoo.com' AND pet_name = 'Cielo' AND start_date = Date('2020-09-06T00:04:49.065Z') AND end_date = Date('2020-09-19T03:17:48.291Z');
UPDATE bid SET (bid_status, rating, feedback) = ('reviewed', 5, 'Eum laboriosam est quisquam provident doloremque. Delectus veritatis repellat.') WHERE ct_email = 'Hayden12@gmail.com' AND pet_owner = 'Ollie_Witting16@hotmail.com' AND pet_name = 'Kathlyn' AND start_date = Date('2020-09-06T00:04:49.065Z') AND end_date = Date('2020-09-19T03:17:48.291Z');
UPDATE bid SET (bid_status, rating, feedback) = ('reviewed', 4, 'Tenetur veniam dicta et in. A ut voluptas et.') WHERE ct_email = 'Ryan_Glover@gmail.com' AND pet_owner = 'Travon56@hotmail.com' AND pet_name = 'Claudine' AND start_date = Date('2020-09-06T00:04:49.065Z') AND end_date = Date('2020-09-19T03:17:48.291Z');
UPDATE bid SET (bid_status, rating, feedback) = ('reviewed', 3, 'Adipisci in sit officiis ut quia. Accusamus saepe in et magnam consequatur placeat et molestiae accusantium.') WHERE ct_email = 'Jack31@gmail.com' AND pet_owner = 'Bella71@hotmail.com' AND pet_name = 'Claudine' AND start_date = Date('2020-09-06T00:04:49.065Z') AND end_date = Date('2020-09-19T03:17:48.291Z');
INSERT INTO bid (ct_email, ct_price, start_date, end_date, is_cash, transport_method, pet_owner, pet_name, bid_status) VALUES ('Oswald_Littel57@yahoo.com', 3, '2020-09-20T03:17:48.291Z', '2020-09-28T16:57:39.780Z', true, 'delivery', 'Katheryn_Boehm89@hotmail.com', 'Gina', 'confirmed');
INSERT INTO bid (ct_email, ct_price, start_date, end_date, is_cash, transport_method, pet_owner, pet_name, bid_status) VALUES ('Alek.Christiansen@hotmail.com', 9, '2020-09-20T03:17:48.291Z', '2020-09-28T16:57:39.780Z', true, 'pickup', 'Marley.Kautzer@yahoo.com', 'Araceli', 'confirmed');
INSERT INTO bid (ct_email, ct_price, start_date, end_date, is_cash, transport_method, pet_owner, pet_name, bid_status) VALUES ('Naomi_Ullrich@hotmail.com', 7, '2020-09-20T03:17:48.291Z', '2020-09-28T16:57:39.780Z', true, 'delivery', 'Kaci.Lowe48@gmail.com', 'May', 'confirmed');
INSERT INTO bid (ct_email, ct_price, start_date, end_date, is_cash, transport_method, pet_owner, pet_name, bid_status) VALUES ('Marquis.Witting64@hotmail.com', 19, '2020-09-20T03:17:48.291Z', '2020-09-28T16:57:39.780Z', true, 'delivery', 'Cecilia_Nikolaus35@yahoo.com', 'Cecile', 'confirmed');
INSERT INTO bid (ct_email, ct_price, start_date, end_date, is_cash, transport_method, pet_owner, pet_name, bid_status) VALUES ('Raleigh50@yahoo.com', 10, '2020-09-20T03:17:48.291Z', '2020-09-28T16:57:39.780Z', true, 'pickup', 'Jay15@gmail.com', 'Kellen', 'confirmed');
INSERT INTO bid (ct_email, ct_price, start_date, end_date, is_cash, transport_method, pet_owner, pet_name, bid_status) VALUES ('Lisette35@hotmail.com', 5, '2020-09-20T03:17:48.291Z', '2020-09-28T16:57:39.780Z', true, 'delivery', 'Kayleigh_Dickinson92@hotmail.com', 'Raquel', 'confirmed');
INSERT INTO bid (ct_email, ct_price, start_date, end_date, is_cash, transport_method, pet_owner, pet_name, bid_status) VALUES ('Brando95@yahoo.com', 12, '2020-09-20T03:17:48.291Z', '2020-09-28T16:57:39.780Z', true, 'pickup', 'Leilani.Doyle96@yahoo.com', 'Gideon', 'confirmed');
INSERT INTO bid (ct_email, ct_price, start_date, end_date, is_cash, transport_method, pet_owner, pet_name, bid_status) VALUES ('Charles.Gleichner@hotmail.com', 15, '2020-09-20T03:17:48.291Z', '2020-09-28T16:57:39.780Z', true, 'pcs', 'Orrin8@yahoo.com', 'Koby', 'confirmed');
INSERT INTO bid (ct_email, ct_price, start_date, end_date, is_cash, transport_method, pet_owner, pet_name, bid_status) VALUES ('Ebony_Veum@gmail.com', 14, '2020-09-20T03:17:48.291Z', '2020-09-28T16:57:39.780Z', true, 'delivery', 'Lourdes_Krajcik@gmail.com', 'Hettie', 'confirmed');
INSERT INTO bid (ct_email, ct_price, start_date, end_date, is_cash, transport_method, pet_owner, pet_name, bid_status) VALUES ('Kiel_Klocko13@hotmail.com', 17, '2020-09-20T03:17:48.291Z', '2020-09-28T16:57:39.780Z', true, 'delivery', 'Lisette35@hotmail.com', 'Josh', 'confirmed');
INSERT INTO bid (ct_email, ct_price, start_date, end_date, is_cash, transport_method, pet_owner, pet_name, bid_status) VALUES ('Maxine96@yahoo.com', 6, '2020-09-20T03:17:48.291Z', '2020-09-28T16:57:39.780Z', true, 'delivery', 'Bradly.Schroeder@hotmail.com', 'Carley', 'confirmed');
INSERT INTO bid (ct_email, ct_price, start_date, end_date, is_cash, transport_method, pet_owner, pet_name, bid_status) VALUES ('Jocelyn_Beer@gmail.com', 14, '2020-09-20T03:17:48.291Z', '2020-09-28T16:57:39.780Z', true, 'delivery', 'Thad.Reichel@yahoo.com', 'Cristobal', 'confirmed');
INSERT INTO bid (ct_email, ct_price, start_date, end_date, is_cash, transport_method, pet_owner, pet_name, bid_status) VALUES ('Onie84@hotmail.com', 2, '2020-09-20T03:17:48.291Z', '2020-09-28T16:57:39.780Z', true, 'delivery', 'Cydney_Nienow@yahoo.com', 'Norwood', 'confirmed');
INSERT INTO bid (ct_email, ct_price, start_date, end_date, is_cash, transport_method, pet_owner, pet_name, bid_status) VALUES ('Gwendolyn.Fadel@yahoo.com', 6, '2020-09-20T03:17:48.291Z', '2020-09-28T16:57:39.780Z', true, 'delivery', 'Gregory.Krajcik94@yahoo.com', 'Alan', 'confirmed');
INSERT INTO bid (ct_email, ct_price, start_date, end_date, is_cash, transport_method, pet_owner, pet_name, bid_status) VALUES ('Jamaal.Schulist@yahoo.com', 8, '2020-09-20T03:17:48.291Z', '2020-09-28T16:57:39.780Z', true, 'delivery', 'Neal50@yahoo.com', 'Rylan', 'confirmed');
INSERT INTO bid (ct_email, ct_price, start_date, end_date, is_cash, transport_method, pet_owner, pet_name, bid_status) VALUES ('Wiley.Deckow@yahoo.com', 8, '2020-09-20T03:17:48.291Z', '2020-09-28T16:57:39.780Z', true, 'pickup', 'Sydnee48@yahoo.com', 'Keeley', 'confirmed');
INSERT INTO bid (ct_email, ct_price, start_date, end_date, is_cash, transport_method, pet_owner, pet_name, bid_status) VALUES ('Rory_Zulauf49@yahoo.com', 5, '2020-09-20T03:17:48.291Z', '2020-09-28T16:57:39.780Z', true, 'pcs', 'Neal50@yahoo.com', 'Sadye', 'confirmed');
INSERT INTO bid (ct_email, ct_price, start_date, end_date, is_cash, transport_method, pet_owner, pet_name, bid_status) VALUES ('Manuel15@hotmail.com', 8, '2020-09-20T03:17:48.291Z', '2020-09-28T16:57:39.780Z', true, 'pickup', 'Ephraim_Barton93@hotmail.com', 'Kaci', 'confirmed');
INSERT INTO bid (ct_email, ct_price, start_date, end_date, is_cash, transport_method, pet_owner, pet_name, bid_status) VALUES ('Chadrick.Wuckert@yahoo.com', 2, '2020-09-20T03:17:48.291Z', '2020-09-28T16:57:39.780Z', true, 'delivery', 'Adella98@yahoo.com', 'Merritt', 'confirmed');
INSERT INTO bid (ct_email, ct_price, start_date, end_date, is_cash, transport_method, pet_owner, pet_name, bid_status) VALUES ('Morris_Runolfsdottir6@gmail.com', 18, '2020-09-20T03:17:48.291Z', '2020-09-28T16:57:39.780Z', true, 'pickup', 'Bella71@hotmail.com', 'Alexis', 'confirmed');
INSERT INTO bid (ct_email, ct_price, start_date, end_date, is_cash, transport_method, pet_owner, pet_name, bid_status) VALUES ('Aiden.Sporer@hotmail.com', 5, '2020-09-20T03:17:48.291Z', '2020-09-28T16:57:39.780Z', true, 'pcs', 'Gwendolyn.Fadel@yahoo.com', 'Stanton', 'confirmed');
INSERT INTO bid (ct_email, ct_price, start_date, end_date, is_cash, transport_method, pet_owner, pet_name, bid_status) VALUES ('Vivien_Okuneva60@gmail.com', 15, '2020-09-20T03:17:48.291Z', '2020-09-28T16:57:39.780Z', true, 'delivery', 'Adaline_Oberbrunner28@yahoo.com', 'Cecelia', 'confirmed');
INSERT INTO bid (ct_email, ct_price, start_date, end_date, is_cash, transport_method, pet_owner, pet_name, bid_status) VALUES ('Triston_Kirlin52@gmail.com', 17, '2020-09-20T03:17:48.291Z', '2020-09-28T16:57:39.780Z', true, 'pcs', 'Alexzander94@yahoo.com', 'Selina', 'confirmed');
INSERT INTO bid (ct_email, ct_price, start_date, end_date, is_cash, transport_method, pet_owner, pet_name, bid_status) VALUES ('Verna_Braun72@yahoo.com', 10, '2020-09-20T03:17:48.291Z', '2020-09-28T16:57:39.780Z', true, 'pcs', 'Camylle.Botsford@gmail.com', 'Sigurd', 'confirmed');
INSERT INTO bid (ct_email, ct_price, start_date, end_date, is_cash, transport_method, pet_owner, pet_name, bid_status) VALUES ('Marjolaine_Abshire@gmail.com', 19, '2020-09-20T03:17:48.291Z', '2020-09-28T16:57:39.780Z', true, 'pickup', 'Clay.Nader10@gmail.com', 'Felton', 'confirmed');
INSERT INTO bid (ct_email, ct_price, start_date, end_date, is_cash, transport_method, pet_owner, pet_name, bid_status) VALUES ('Brandyn97@yahoo.com', 7, '2020-09-20T03:17:48.291Z', '2020-09-28T16:57:39.780Z', true, 'delivery', 'Danyka64@gmail.com', 'Ward', 'confirmed');
INSERT INTO bid (ct_email, ct_price, start_date, end_date, is_cash, transport_method, pet_owner, pet_name, bid_status) VALUES ('Haven_Mann13@gmail.com', 10, '2020-09-20T03:17:48.291Z', '2020-09-28T16:57:39.780Z', true, 'pcs', 'Faye89@yahoo.com', 'Micah', 'confirmed');
INSERT INTO bid (ct_email, ct_price, start_date, end_date, is_cash, transport_method, pet_owner, pet_name, bid_status) VALUES ('Yazmin17@yahoo.com', 5, '2020-09-20T03:17:48.291Z', '2020-09-28T16:57:39.780Z', true, 'pcs', 'Clare_Senger@yahoo.com', 'Aaliyah', 'confirmed');
INSERT INTO bid (ct_email, ct_price, start_date, end_date, is_cash, transport_method, pet_owner, pet_name, bid_status) VALUES ('Jeffrey.Ebert@gmail.com', 19, '2020-09-20T03:17:48.291Z', '2020-09-28T16:57:39.780Z', true, 'pickup', 'Edmund_Sauer94@hotmail.com', 'Jordy', 'confirmed');
INSERT INTO bid (ct_email, ct_price, start_date, end_date, is_cash, transport_method, pet_owner, pet_name, bid_status) VALUES ('Marcelle_Breitenberg@gmail.com', 3, '2020-09-20T03:17:48.291Z', '2020-09-28T16:57:39.780Z', true, 'pcs', 'Ressie7@hotmail.com', 'Anika', 'confirmed');
INSERT INTO bid (ct_email, ct_price, start_date, end_date, is_cash, transport_method, pet_owner, pet_name, bid_status) VALUES ('Loy85@gmail.com', 16, '2020-09-20T03:17:48.291Z', '2020-09-28T16:57:39.780Z', true, 'delivery', 'Lorenz_Tillman@yahoo.com', 'Lilian', 'confirmed');
INSERT INTO bid (ct_email, ct_price, start_date, end_date, is_cash, transport_method, pet_owner, pet_name, bid_status) VALUES ('Aniyah95@yahoo.com', 0, '2020-09-20T03:17:48.291Z', '2020-09-28T16:57:39.780Z', true, 'pcs', 'Selena_Block@hotmail.com', 'Marion', 'confirmed');
INSERT INTO bid (ct_email, ct_price, start_date, end_date, is_cash, transport_method, pet_owner, pet_name, bid_status) VALUES ('Dolores.Gaylord@hotmail.com', 4, '2020-09-20T03:17:48.291Z', '2020-09-28T16:57:39.780Z', true, 'pickup', 'Kyleigh.Nicolas32@gmail.com', 'Janice', 'confirmed');
INSERT INTO bid (ct_email, ct_price, start_date, end_date, is_cash, transport_method, pet_owner, pet_name, bid_status) VALUES ('Ebony21@gmail.com', 10, '2020-09-20T03:17:48.291Z', '2020-09-28T16:57:39.780Z', true, 'pickup', 'Gillian69@gmail.com', 'Antonio', 'confirmed');
INSERT INTO bid (ct_email, ct_price, start_date, end_date, is_cash, transport_method, pet_owner, pet_name, bid_status) VALUES ('Tressie.Johnston6@hotmail.com', 12, '2020-09-20T03:17:48.291Z', '2020-09-28T16:57:39.780Z', true, 'pcs', 'Kasandra_Ratke@gmail.com', 'Judge', 'confirmed');
INSERT INTO bid (ct_email, ct_price, start_date, end_date, is_cash, transport_method, pet_owner, pet_name, bid_status) VALUES ('Vince.Ritchie@yahoo.com', 3, '2020-09-20T03:17:48.291Z', '2020-09-28T16:57:39.780Z', true, 'delivery', 'Christy75@gmail.com', 'Vernie', 'confirmed');
INSERT INTO bid (ct_email, ct_price, start_date, end_date, is_cash, transport_method, pet_owner, pet_name, bid_status) VALUES ('Monique45@yahoo.com', 18, '2020-09-20T03:17:48.291Z', '2020-09-28T16:57:39.780Z', true, 'delivery', 'Precious_Terry@yahoo.com', 'Eloise', 'confirmed');
INSERT INTO bid (ct_email, ct_price, start_date, end_date, is_cash, transport_method, pet_owner, pet_name, bid_status) VALUES ('Britney_Reilly96@hotmail.com', 6, '2020-09-20T03:17:48.291Z', '2020-09-28T16:57:39.780Z', true, 'pickup', 'Otilia_Kreiger@hotmail.com', 'Tyrese', 'confirmed');
INSERT INTO bid (ct_email, ct_price, start_date, end_date, is_cash, transport_method, pet_owner, pet_name, bid_status) VALUES ('Alycia.Nader98@hotmail.com', 2, '2020-09-20T03:17:48.291Z', '2020-09-28T16:57:39.780Z', true, 'delivery', 'Zelma.Metz@gmail.com', 'Arvid', 'confirmed');
INSERT INTO bid (ct_email, ct_price, start_date, end_date, is_cash, transport_method, pet_owner, pet_name, bid_status) VALUES ('Shania_Jacobson@hotmail.com', 2, '2020-09-20T03:17:48.291Z', '2020-09-28T16:57:39.780Z', true, 'pcs', 'Montana95@hotmail.com', 'Angelita', 'confirmed');
INSERT INTO bid (ct_email, ct_price, start_date, end_date, is_cash, transport_method, pet_owner, pet_name, bid_status) VALUES ('Hester7@hotmail.com', 19, '2020-09-20T03:17:48.291Z', '2020-09-28T16:57:39.780Z', true, 'delivery', 'Clement.McDermott67@hotmail.com', 'Cole', 'confirmed');
INSERT INTO bid (ct_email, ct_price, start_date, end_date, is_cash, transport_method, pet_owner, pet_name, bid_status) VALUES ('Laurianne.Becker2@gmail.com', 6, '2020-09-20T03:17:48.291Z', '2020-09-28T16:57:39.780Z', true, 'pcs', 'Quinn.Ankunding@yahoo.com', 'Janessa', 'confirmed');
INSERT INTO bid (ct_email, ct_price, start_date, end_date, is_cash, transport_method, pet_owner, pet_name, bid_status) VALUES ('Kyla65@yahoo.com', 3, '2020-09-20T03:17:48.291Z', '2020-09-28T16:57:39.780Z', true, 'delivery', 'Savion.Cormier@gmail.com', 'Ora', 'confirmed');
INSERT INTO bid (ct_email, ct_price, start_date, end_date, is_cash, transport_method, pet_owner, pet_name, bid_status) VALUES ('Deion.Sauer@gmail.com', 14, '2020-09-20T03:17:48.291Z', '2020-09-28T16:57:39.780Z', true, 'pickup', 'Noemi.Boyle31@gmail.com', 'Sven', 'confirmed');
INSERT INTO bid (ct_email, ct_price, start_date, end_date, is_cash, transport_method, pet_owner, pet_name, bid_status) VALUES ('Franco98@yahoo.com', 14, '2020-09-20T03:17:48.291Z', '2020-09-28T16:57:39.780Z', true, 'delivery', 'Hadley_Brakus81@gmail.com', 'Christian', 'confirmed');
INSERT INTO bid (ct_email, ct_price, start_date, end_date, is_cash, transport_method, pet_owner, pet_name, bid_status) VALUES ('Arvid_Cummerata63@hotmail.com', 15, '2020-09-20T03:17:48.291Z', '2020-09-28T16:57:39.780Z', true, 'pickup', 'Carolanne47@yahoo.com', 'Ronny', 'confirmed');
INSERT INTO bid (ct_email, ct_price, start_date, end_date, is_cash, transport_method, pet_owner, pet_name, bid_status) VALUES ('Lorenz_Tillman@yahoo.com', 14, '2020-09-20T03:17:48.291Z', '2020-09-28T16:57:39.780Z', true, 'delivery', 'Terrill76@yahoo.com', 'Queenie', 'confirmed');
INSERT INTO bid (ct_email, ct_price, start_date, end_date, is_cash, transport_method, pet_owner, pet_name, bid_status) VALUES ('Taryn_Nikolaus43@hotmail.com', 11, '2020-09-20T03:17:48.291Z', '2020-09-28T16:57:39.780Z', true, 'pcs', 'Matteo89@gmail.com', 'Leonie', 'confirmed');
INSERT INTO bid (ct_email, ct_price, start_date, end_date, is_cash, transport_method, pet_owner, pet_name, bid_status) VALUES ('Jay15@gmail.com', 6, '2020-09-20T03:17:48.291Z', '2020-09-28T16:57:39.780Z', true, 'pickup', 'Darwin38@yahoo.com', 'Laisha', 'confirmed');
INSERT INTO bid (ct_email, ct_price, start_date, end_date, is_cash, transport_method, pet_owner, pet_name, bid_status) VALUES ('Ethel.Shields91@gmail.com', 15, '2020-09-20T03:17:48.291Z', '2020-09-28T16:57:39.780Z', true, 'delivery', 'Dante.Muller98@yahoo.com', 'Kaylin', 'confirmed');
INSERT INTO bid (ct_email, ct_price, start_date, end_date, is_cash, transport_method, pet_owner, pet_name, bid_status) VALUES ('Domenic.Jakubowski@yahoo.com', 0, '2020-09-20T03:17:48.291Z', '2020-09-28T16:57:39.780Z', true, 'delivery', 'Theo.Hackett@gmail.com', 'Isac', 'confirmed');
INSERT INTO bid (ct_email, ct_price, start_date, end_date, is_cash, transport_method, pet_owner, pet_name, bid_status) VALUES ('London_Barton@gmail.com', 10, '2020-09-20T03:17:48.291Z', '2020-09-28T16:57:39.780Z', true, 'pickup', 'Clemmie.Satterfield@yahoo.com', 'Miller', 'confirmed');
INSERT INTO bid (ct_email, ct_price, start_date, end_date, is_cash, transport_method, pet_owner, pet_name, bid_status) VALUES ('Broderick.Abernathy@gmail.com', 11, '2020-09-20T03:17:48.291Z', '2020-09-28T16:57:39.780Z', true, 'delivery', 'Hardy.Terry@gmail.com', 'Teagan', 'confirmed');
INSERT INTO bid (ct_email, ct_price, start_date, end_date, is_cash, transport_method, pet_owner, pet_name, bid_status) VALUES ('Lisandro83@hotmail.com', 3, '2020-09-20T03:17:48.291Z', '2020-09-28T16:57:39.780Z', true, 'pcs', 'Jordane_Gerhold37@gmail.com', 'Kristian', 'confirmed');
INSERT INTO bid (ct_email, ct_price, start_date, end_date, is_cash, transport_method, pet_owner, pet_name, bid_status) VALUES ('Abbey72@hotmail.com', 4, '2020-09-20T03:17:48.291Z', '2020-09-28T16:57:39.780Z', true, 'pickup', 'Nella91@yahoo.com', 'Jany', 'confirmed');
INSERT INTO bid (ct_email, ct_price, start_date, end_date, is_cash, transport_method, pet_owner, pet_name, bid_status) VALUES ('Letitia_Brekke@hotmail.com', 15, '2020-09-20T03:17:48.291Z', '2020-09-28T16:57:39.780Z', true, 'pcs', 'Araceli_Herzog64@yahoo.com', 'Brett', 'confirmed');
INSERT INTO bid (ct_email, ct_price, start_date, end_date, is_cash, transport_method, pet_owner, pet_name, bid_status) VALUES ('Katheryn_Boehm89@hotmail.com', 13, '2020-09-20T03:17:48.291Z', '2020-09-28T16:57:39.780Z', true, 'pickup', 'Tyrel_Beier83@yahoo.com', 'Noemi', 'confirmed');
INSERT INTO bid (ct_email, ct_price, start_date, end_date, is_cash, transport_method, pet_owner, pet_name, bid_status) VALUES ('Esperanza.Wisoky@gmail.com', 14, '2020-09-20T03:17:48.291Z', '2020-09-28T16:57:39.780Z', true, 'delivery', 'Susie.Kautzer@gmail.com', 'Marques', 'confirmed');
INSERT INTO bid (ct_email, ct_price, start_date, end_date, is_cash, transport_method, pet_owner, pet_name, bid_status) VALUES ('Sarah.Cremin64@yahoo.com', 2, '2020-09-20T03:17:48.291Z', '2020-09-28T16:57:39.780Z', true, 'delivery', 'Adrienne97@gmail.com', 'Xavier', 'confirmed');
INSERT INTO bid (ct_email, ct_price, start_date, end_date, is_cash, transport_method, pet_owner, pet_name, bid_status) VALUES ('Dominic.Senger@yahoo.com', 19, '2020-09-20T03:17:48.291Z', '2020-09-28T16:57:39.780Z', true, 'pcs', 'Jack31@gmail.com', 'Krystina', 'confirmed');
INSERT INTO bid (ct_email, ct_price, start_date, end_date, is_cash, transport_method, pet_owner, pet_name, bid_status) VALUES ('Eveline.Howell36@yahoo.com', 10, '2020-09-20T03:17:48.291Z', '2020-09-28T16:57:39.780Z', true, 'pickup', 'Iva38@yahoo.com', 'Warren', 'confirmed');
INSERT INTO bid (ct_email, ct_price, start_date, end_date, is_cash, transport_method, pet_owner, pet_name, bid_status) VALUES ('Fermin89@hotmail.com', 2, '2020-09-20T03:17:48.291Z', '2020-09-28T16:57:39.780Z', true, 'pcs', 'Jaron.Cassin@gmail.com', 'Rae', 'confirmed');
INSERT INTO bid (ct_email, ct_price, start_date, end_date, is_cash, transport_method, pet_owner, pet_name, bid_status) VALUES ('Savanna28@hotmail.com', 19, '2020-09-20T03:17:48.291Z', '2020-09-28T16:57:39.780Z', true, 'pcs', 'Ofelia.Aufderhar@yahoo.com', 'Ashlynn', 'confirmed');
INSERT INTO bid (ct_email, ct_price, start_date, end_date, is_cash, transport_method, pet_owner, pet_name, bid_status) VALUES ('Esther.Bednar@gmail.com', 9, '2020-09-20T03:17:48.291Z', '2020-09-28T16:57:39.780Z', true, 'pcs', 'Tressa_Huels3@gmail.com', 'Chet', 'confirmed');
INSERT INTO bid (ct_email, ct_price, start_date, end_date, is_cash, transport_method, pet_owner, pet_name, bid_status) VALUES ('Andreane_Boyer83@gmail.com', 3, '2020-09-20T03:17:48.291Z', '2020-09-28T16:57:39.780Z', true, 'pcs', 'Harold.Altenwerth@hotmail.com', 'Amya', 'confirmed');
INSERT INTO bid (ct_email, ct_price, start_date, end_date, is_cash, transport_method, pet_owner, pet_name, bid_status) VALUES ('Columbus_Medhurst@gmail.com', 8, '2020-09-20T03:17:48.291Z', '2020-09-28T16:57:39.780Z', true, 'delivery', 'Javier11@gmail.com', 'Bernadette', 'confirmed');
INSERT INTO bid (ct_email, ct_price, start_date, end_date, is_cash, transport_method, pet_owner, pet_name, bid_status) VALUES ('Furman12@hotmail.com', 12, '2020-09-20T03:17:48.291Z', '2020-09-28T16:57:39.780Z', true, 'delivery', 'Anabel66@yahoo.com', 'Raphael', 'confirmed');
INSERT INTO bid (ct_email, ct_price, start_date, end_date, is_cash, transport_method, pet_owner, pet_name, bid_status) VALUES ('Kevon.Moen@yahoo.com', 20, '2020-09-20T03:17:48.291Z', '2020-09-28T16:57:39.780Z', true, 'delivery', 'Darien.Stroman64@hotmail.com', 'Oda', 'confirmed');
INSERT INTO bid (ct_email, ct_price, start_date, end_date, is_cash, transport_method, pet_owner, pet_name, bid_status) VALUES ('Hallie65@yahoo.com', 2, '2020-09-20T03:17:48.291Z', '2020-09-28T16:57:39.780Z', true, 'pickup', 'Stephen_Rath18@gmail.com', 'Danielle', 'confirmed');
INSERT INTO bid (ct_email, ct_price, start_date, end_date, is_cash, transport_method, pet_owner, pet_name, bid_status) VALUES ('Amaya.Lang@gmail.com', 8, '2020-09-20T03:17:48.291Z', '2020-09-28T16:57:39.780Z', true, 'pickup', 'Lulu.DAmore@hotmail.com', 'Cathy', 'confirmed');
INSERT INTO bid (ct_email, ct_price, start_date, end_date, is_cash, transport_method, pet_owner, pet_name, bid_status) VALUES ('Deon.Bosco@yahoo.com', 17, '2020-09-20T03:17:48.291Z', '2020-09-28T16:57:39.780Z', true, 'delivery', 'Raleigh50@yahoo.com', 'Lorenza', 'confirmed');
INSERT INTO bid (ct_email, ct_price, start_date, end_date, is_cash, transport_method, pet_owner, pet_name, bid_status) VALUES ('Jaron.Cassin@gmail.com', 17, '2020-09-20T03:17:48.291Z', '2020-09-28T16:57:39.780Z', true, 'pickup', 'Ernest_Beer23@hotmail.com', 'Rollin', 'confirmed');
INSERT INTO bid (ct_email, ct_price, start_date, end_date, is_cash, transport_method, pet_owner, pet_name, bid_status) VALUES ('Emie_Stoltenberg@yahoo.com', 13, '2020-09-20T03:17:48.291Z', '2020-09-28T16:57:39.780Z', true, 'pickup', 'Carolanne47@yahoo.com', 'Willard', 'confirmed');
INSERT INTO bid (ct_email, ct_price, start_date, end_date, is_cash, transport_method, pet_owner, pet_name, bid_status) VALUES ('Hortense.Schulist@hotmail.com', 0, '2020-09-20T03:17:48.291Z', '2020-09-28T16:57:39.780Z', true, 'pcs', 'Cydney_Nienow@yahoo.com', 'Luz', 'confirmed');
INSERT INTO bid (ct_email, ct_price, start_date, end_date, is_cash, transport_method, pet_owner, pet_name, bid_status) VALUES ('Jerod.Brakus2@gmail.com', 17, '2020-09-20T03:17:48.291Z', '2020-09-28T16:57:39.780Z', true, 'pickup', 'Lincoln.Swift@gmail.com', 'Bernhard', 'confirmed');
INSERT INTO bid (ct_email, ct_price, start_date, end_date, is_cash, transport_method, pet_owner, pet_name, bid_status) VALUES ('Alessandro56@hotmail.com', 20, '2020-09-20T03:17:48.291Z', '2020-09-28T16:57:39.780Z', true, 'pcs', 'Shanny_Koss60@yahoo.com', 'Jaclyn', 'confirmed');
INSERT INTO bid (ct_email, ct_price, start_date, end_date, is_cash, transport_method, pet_owner, pet_name, bid_status) VALUES ('Jackson_Baumbach@gmail.com', 0, '2020-09-20T03:17:48.291Z', '2020-09-28T16:57:39.780Z', true, 'pcs', 'Kendra57@hotmail.com', 'Rhianna', 'confirmed');
INSERT INTO bid (ct_email, ct_price, start_date, end_date, is_cash, transport_method, pet_owner, pet_name, bid_status) VALUES ('Estell28@yahoo.com', 4, '2020-09-20T03:17:48.291Z', '2020-09-28T16:57:39.780Z', true, 'pcs', 'Adela_Altenwerth99@yahoo.com', 'Anika', 'confirmed');
INSERT INTO bid (ct_email, ct_price, start_date, end_date, is_cash, transport_method, pet_owner, pet_name, bid_status) VALUES ('Eleazar.Rogahn62@yahoo.com', 12, '2020-09-20T03:17:48.291Z', '2020-09-28T16:57:39.780Z', true, 'pickup', 'Lela_Beahan@gmail.com', 'Judd', 'confirmed');
INSERT INTO bid (ct_email, ct_price, start_date, end_date, is_cash, transport_method, pet_owner, pet_name, bid_status) VALUES ('Frida4@hotmail.com', 12, '2020-09-20T03:17:48.291Z', '2020-09-28T16:57:39.780Z', true, 'pcs', 'May86@gmail.com', 'Rhoda', 'confirmed');
INSERT INTO bid (ct_email, ct_price, start_date, end_date, is_cash, transport_method, pet_owner, pet_name, bid_status) VALUES ('Katherine.Halvorson32@yahoo.com', 3, '2020-09-20T03:17:48.291Z', '2020-09-28T16:57:39.780Z', true, 'pcs', 'Jamaal.Schulist@yahoo.com', 'Brennon', 'confirmed');
INSERT INTO bid (ct_email, ct_price, start_date, end_date, is_cash, transport_method, pet_owner, pet_name, bid_status) VALUES ('Nelson.Corkery87@gmail.com', 7, '2020-09-20T03:17:48.291Z', '2020-09-28T16:57:39.780Z', true, 'pickup', 'Bernadine_Wisozk58@yahoo.com', 'Melvin', 'confirmed');
INSERT INTO bid (ct_email, ct_price, start_date, end_date, is_cash, transport_method, pet_owner, pet_name, bid_status) VALUES ('Tyrel_Beier83@yahoo.com', 0, '2020-09-20T03:17:48.291Z', '2020-09-28T16:57:39.780Z', true, 'delivery', 'Layla_Ernser27@gmail.com', 'Nelda', 'confirmed');
INSERT INTO bid (ct_email, ct_price, start_date, end_date, is_cash, transport_method, pet_owner, pet_name, bid_status) VALUES ('Oscar.Sporer@gmail.com', 6, '2020-09-20T03:17:48.291Z', '2020-09-28T16:57:39.780Z', true, 'delivery', 'Allen53@hotmail.com', 'Russel', 'confirmed');
INSERT INTO bid (ct_email, ct_price, start_date, end_date, is_cash, transport_method, pet_owner, pet_name, bid_status) VALUES ('Clay_Wuckert@yahoo.com', 9, '2020-09-20T03:17:48.291Z', '2020-09-28T16:57:39.780Z', true, 'pickup', 'Kaley30@gmail.com', 'Lucie', 'confirmed');
INSERT INTO bid (ct_email, ct_price, start_date, end_date, is_cash, transport_method, pet_owner, pet_name, bid_status) VALUES ('Hailee.Nikolaus@gmail.com', 13, '2020-09-20T03:17:48.291Z', '2020-09-28T16:57:39.780Z', true, 'pickup', 'Lon47@yahoo.com', 'Nayeli', 'confirmed');
INSERT INTO bid (ct_email, ct_price, start_date, end_date, is_cash, transport_method, pet_owner, pet_name, bid_status) VALUES ('Lola.Bins31@hotmail.com', 16, '2020-09-20T03:17:48.291Z', '2020-09-28T16:57:39.780Z', true, 'delivery', 'Barrett62@yahoo.com', 'Lessie', 'confirmed');
INSERT INTO bid (ct_email, ct_price, start_date, end_date, is_cash, transport_method, pet_owner, pet_name, bid_status) VALUES ('Thad.King59@yahoo.com', 0, '2020-09-20T03:17:48.291Z', '2020-09-28T16:57:39.780Z', true, 'pcs', 'Nathaniel_Stiedemann@gmail.com', 'Duane', 'confirmed');
INSERT INTO bid (ct_email, ct_price, start_date, end_date, is_cash, transport_method, pet_owner, pet_name, bid_status) VALUES ('Cecilia_Nikolaus35@yahoo.com', 12, '2020-09-20T03:17:48.291Z', '2020-09-28T16:57:39.780Z', true, 'delivery', 'Sadie42@hotmail.com', 'Rachael', 'confirmed');
INSERT INTO bid (ct_email, ct_price, start_date, end_date, is_cash, transport_method, pet_owner, pet_name, bid_status) VALUES ('Maxwell.Medhurst@hotmail.com', 1, '2020-09-20T03:17:48.291Z', '2020-09-28T16:57:39.780Z', true, 'pcs', 'Creola_Marks1@hotmail.com', 'Darius', 'confirmed');
INSERT INTO bid (ct_email, ct_price, start_date, end_date, is_cash, transport_method, pet_owner, pet_name, bid_status) VALUES ('Keshaun.Morar93@yahoo.com', 2, '2020-09-20T03:17:48.291Z', '2020-09-28T16:57:39.780Z', true, 'delivery', 'Andy_Medhurst76@hotmail.com', 'Kacey', 'confirmed');
INSERT INTO bid (ct_email, ct_price, start_date, end_date, is_cash, transport_method, pet_owner, pet_name, bid_status) VALUES ('Nash_Connelly76@yahoo.com', 15, '2020-09-20T03:17:48.291Z', '2020-09-28T16:57:39.780Z', true, 'delivery', 'Easton.Collier10@yahoo.com', 'Boyd', 'confirmed');
INSERT INTO bid (ct_email, ct_price, start_date, end_date, is_cash, transport_method, pet_owner, pet_name, bid_status) VALUES ('Aglae.Marquardt3@gmail.com', 3, '2020-09-20T03:17:48.291Z', '2020-09-28T16:57:39.780Z', true, 'pickup', 'Georgiana_Doyle4@hotmail.com', 'Walter', 'confirmed');
INSERT INTO bid (ct_email, ct_price, start_date, end_date, is_cash, transport_method, pet_owner, pet_name, bid_status) VALUES ('Bernadine_Wisozk58@yahoo.com', 17, '2020-09-20T03:17:48.291Z', '2020-09-28T16:57:39.780Z', true, 'pickup', 'Lillian61@hotmail.com', 'Mozell', 'confirmed');
INSERT INTO bid (ct_email, ct_price, start_date, end_date, is_cash, transport_method, pet_owner, pet_name, bid_status) VALUES ('Kade78@gmail.com', 2, '2020-09-20T03:17:48.291Z', '2020-09-28T16:57:39.780Z', true, 'pickup', 'Amber_Schmidt0@hotmail.com', 'Ethel', 'confirmed');
INSERT INTO bid (ct_email, ct_price, start_date, end_date, is_cash, transport_method, pet_owner, pet_name, bid_status) VALUES ('Carmela.Flatley@gmail.com', 15, '2020-09-20T03:17:48.291Z', '2020-09-28T16:57:39.780Z', true, 'pcs', 'Raleigh.Donnelly60@hotmail.com', 'Lew', 'confirmed');
INSERT INTO bid (ct_email, ct_price, start_date, end_date, is_cash, transport_method, pet_owner, pet_name, bid_status) VALUES ('Sammie.Rowe94@hotmail.com', 20, '2020-09-20T03:17:48.291Z', '2020-09-28T16:57:39.780Z', true, 'pcs', 'Shaniya_Towne@yahoo.com', 'Hoyt', 'confirmed');
INSERT INTO bid (ct_email, ct_price, start_date, end_date, is_cash, transport_method, pet_owner, pet_name, bid_status) VALUES ('Franco_Schuster78@hotmail.com', 0, '2020-09-20T03:17:48.291Z', '2020-09-28T16:57:39.780Z', true, 'delivery', 'Jamaal.Schulist@yahoo.com', 'Merl', 'confirmed');
INSERT INTO bid (ct_email, ct_price, start_date, end_date, is_cash, transport_method, pet_owner, pet_name, bid_status) VALUES ('Ferne.Reichert@hotmail.com', 11, '2020-09-20T03:17:48.291Z', '2020-09-28T16:57:39.780Z', true, 'pickup', 'Owen93@yahoo.com', 'Harley', 'confirmed');
INSERT INTO bid (ct_email, ct_price, start_date, end_date, is_cash, transport_method, pet_owner, pet_name, bid_status) VALUES ('Israel_Hoeger@yahoo.com', 13, '2020-09-20T03:17:48.291Z', '2020-09-28T16:57:39.780Z', true, 'delivery', 'Ila23@yahoo.com', 'Elvis', 'confirmed');
INSERT INTO bid (ct_email, ct_price, start_date, end_date, is_cash, transport_method, pet_owner, pet_name, bid_status) VALUES ('Shane_Harber53@yahoo.com', 8, '2020-09-20T03:17:48.291Z', '2020-09-28T16:57:39.780Z', true, 'delivery', 'Elissa.Hudson@yahoo.com', 'Dillan', 'confirmed');
INSERT INTO bid (ct_email, ct_price, start_date, end_date, is_cash, transport_method, pet_owner, pet_name, bid_status) VALUES ('Kianna.Grimes33@yahoo.com', 20, '2020-09-20T03:17:48.291Z', '2020-09-28T16:57:39.780Z', true, 'delivery', 'Blair_Gerhold@gmail.com', 'Keenan', 'confirmed');
INSERT INTO bid (ct_email, ct_price, start_date, end_date, is_cash, transport_method, pet_owner, pet_name, bid_status) VALUES ('Viola.Gibson59@yahoo.com', 17, '2020-09-20T03:17:48.291Z', '2020-09-28T16:57:39.780Z', true, 'delivery', 'Ethel.Shields91@gmail.com', 'Deonte', 'confirmed');
INSERT INTO bid (ct_email, ct_price, start_date, end_date, is_cash, transport_method, pet_owner, pet_name, bid_status) VALUES ('Neoma98@gmail.com', 1, '2020-09-20T03:17:48.291Z', '2020-09-28T16:57:39.780Z', true, 'delivery', 'Kadin_Keebler@gmail.com', 'Amari', 'confirmed');
INSERT INTO bid (ct_email, ct_price, start_date, end_date, is_cash, transport_method, pet_owner, pet_name, bid_status) VALUES ('Vern_Yost@hotmail.com', 0, '2020-09-20T03:17:48.291Z', '2020-09-28T16:57:39.780Z', true, 'delivery', 'Jewel.Bayer4@gmail.com', 'Fae', 'confirmed');
INSERT INTO bid (ct_email, ct_price, start_date, end_date, is_cash, transport_method, pet_owner, pet_name, bid_status) VALUES ('Manley95@hotmail.com', 0, '2020-09-20T03:17:48.291Z', '2020-09-28T16:57:39.780Z', true, 'pickup', 'Maxwell58@hotmail.com', 'Adaline', 'confirmed');
INSERT INTO bid (ct_email, ct_price, start_date, end_date, is_cash, transport_method, pet_owner, pet_name, bid_status) VALUES ('Hazel_Botsford@gmail.com', 18, '2020-09-20T03:17:48.291Z', '2020-09-28T16:57:39.780Z', true, 'pickup', 'Cornelius_Padberg@yahoo.com', 'Jeff', 'confirmed');
INSERT INTO bid (ct_email, ct_price, start_date, end_date, is_cash, transport_method, pet_owner, pet_name, bid_status) VALUES ('Sydnie_Kautzer@yahoo.com', 1, '2020-09-20T03:17:48.291Z', '2020-09-28T16:57:39.780Z', true, 'pcs', 'Isaiah.Corwin49@gmail.com', 'Margie', 'confirmed');
INSERT INTO bid (ct_email, ct_price, start_date, end_date, is_cash, transport_method, pet_owner, pet_name, bid_status) VALUES ('Elian_Botsford@hotmail.com', 8, '2020-09-20T03:17:48.291Z', '2020-09-28T16:57:39.780Z', true, 'pcs', 'Immanuel_Hilll3@yahoo.com', 'Lyric', 'confirmed');
INSERT INTO bid (ct_email, ct_price, start_date, end_date, is_cash, transport_method, pet_owner, pet_name, bid_status) VALUES ('Winifred99@hotmail.com', 16, '2020-09-20T03:17:48.291Z', '2020-09-28T16:57:39.780Z', true, 'pcs', 'Juana51@hotmail.com', 'Eleanore', 'confirmed');
INSERT INTO bid (ct_email, ct_price, start_date, end_date, is_cash, transport_method, pet_owner, pet_name, bid_status) VALUES ('Keeley52@yahoo.com', 10, '2020-09-20T03:17:48.291Z', '2020-09-28T16:57:39.780Z', true, 'pcs', 'Gina74@hotmail.com', 'Sammie', 'confirmed');
INSERT INTO bid (ct_email, ct_price, start_date, end_date, is_cash, transport_method, pet_owner, pet_name, bid_status) VALUES ('Jace_Daniel@yahoo.com', 10, '2020-09-20T03:17:48.291Z', '2020-09-28T16:57:39.780Z', true, 'pcs', 'Alycia.Nader98@hotmail.com', 'Lupe', 'confirmed');
INSERT INTO bid (ct_email, ct_price, start_date, end_date, is_cash, transport_method, pet_owner, pet_name, bid_status) VALUES ('Abelardo_Kozey12@gmail.com', 7, '2020-09-20T03:17:48.291Z', '2020-09-28T16:57:39.780Z', true, 'pickup', 'Rosamond16@hotmail.com', 'Moriah', 'confirmed');
INSERT INTO bid (ct_email, ct_price, start_date, end_date, is_cash, transport_method, pet_owner, pet_name, bid_status) VALUES ('Ashlynn.Welch11@gmail.com', 10, '2020-09-20T03:17:48.291Z', '2020-09-28T16:57:39.780Z', true, 'pcs', 'Lysanne_Wolff11@hotmail.com', 'Shyann', 'confirmed');
INSERT INTO bid (ct_email, ct_price, start_date, end_date, is_cash, transport_method, pet_owner, pet_name, bid_status) VALUES ('Kaya.Kassulke@gmail.com', 4, '2020-09-20T03:17:48.291Z', '2020-09-28T16:57:39.780Z', true, 'delivery', 'Bryon_Casper@gmail.com', 'Eden', 'confirmed');
INSERT INTO bid (ct_email, ct_price, start_date, end_date, is_cash, transport_method, pet_owner, pet_name, bid_status) VALUES ('Carson56@gmail.com', 12, '2020-09-20T03:17:48.291Z', '2020-09-28T16:57:39.780Z', true, 'pickup', 'Elwin.Larson@yahoo.com', 'Madie', 'confirmed');
INSERT INTO bid (ct_email, ct_price, start_date, end_date, is_cash, transport_method, pet_owner, pet_name, bid_status) VALUES ('Katarina_Kessler48@gmail.com', 20, '2020-09-20T03:17:48.291Z', '2020-09-28T16:57:39.780Z', true, 'pickup', 'Andre34@yahoo.com', 'Deven', 'confirmed');
INSERT INTO bid (ct_email, ct_price, start_date, end_date, is_cash, transport_method, pet_owner, pet_name, bid_status) VALUES ('Winfield_Gislason@hotmail.com', 11, '2020-09-20T03:17:48.291Z', '2020-09-28T16:57:39.780Z', true, 'delivery', 'Travon56@hotmail.com', 'Rebeka', 'confirmed');
INSERT INTO bid (ct_email, ct_price, start_date, end_date, is_cash, transport_method, pet_owner, pet_name, bid_status) VALUES ('Chauncey96@hotmail.com', 6, '2020-09-20T03:17:48.291Z', '2020-09-28T16:57:39.780Z', true, 'pcs', 'Wilford95@gmail.com', 'Hillary', 'confirmed');
INSERT INTO bid (ct_email, ct_price, start_date, end_date, is_cash, transport_method, pet_owner, pet_name, bid_status) VALUES ('Carolanne47@yahoo.com', 10, '2020-09-20T03:17:48.291Z', '2020-09-28T16:57:39.780Z', true, 'pcs', 'Shaun_Herzog@yahoo.com', 'Asia', 'confirmed');
INSERT INTO bid (ct_email, ct_price, start_date, end_date, is_cash, transport_method, pet_owner, pet_name, bid_status) VALUES ('Marion.Torp74@yahoo.com', 0, '2020-09-20T03:17:48.291Z', '2020-09-28T16:57:39.780Z', true, 'delivery', 'Kelsie.Herzog98@yahoo.com', 'Chadrick', 'confirmed');
INSERT INTO bid (ct_email, ct_price, start_date, end_date, is_cash, transport_method, pet_owner, pet_name, bid_status) VALUES ('Naomie_Greenholt@gmail.com', 15, '2020-09-20T03:17:48.291Z', '2020-09-28T16:57:39.780Z', true, 'delivery', 'Billie.Pagac@yahoo.com', 'Abner', 'confirmed');
INSERT INTO bid (ct_email, ct_price, start_date, end_date, is_cash, transport_method, pet_owner, pet_name, bid_status) VALUES ('Yessenia.Yundt@gmail.com', 16, '2020-09-20T03:17:48.291Z', '2020-09-28T16:57:39.780Z', true, 'delivery', 'Chadd_Carter25@hotmail.com', 'Hassan', 'confirmed');
INSERT INTO bid (ct_email, ct_price, start_date, end_date, is_cash, transport_method, pet_owner, pet_name, bid_status) VALUES ('Jerrell.Senger@hotmail.com', 9, '2020-09-20T03:17:48.291Z', '2020-09-28T16:57:39.780Z', true, 'delivery', 'Jarvis.Schneider7@hotmail.com', 'Carter', 'confirmed');
INSERT INTO bid (ct_email, ct_price, start_date, end_date, is_cash, transport_method, pet_owner, pet_name, bid_status) VALUES ('Gia92@gmail.com', 18, '2020-09-20T03:17:48.291Z', '2020-09-28T16:57:39.780Z', true, 'pickup', 'Maxie.Heathcote2@gmail.com', 'Allen', 'confirmed');
INSERT INTO bid (ct_email, ct_price, start_date, end_date, is_cash, transport_method, pet_owner, pet_name, bid_status) VALUES ('Andreane42@hotmail.com', 18, '2020-09-20T03:17:48.291Z', '2020-09-28T16:57:39.780Z', true, 'delivery', 'Libby_Barrows@hotmail.com', 'Ryann', 'confirmed');
INSERT INTO bid (ct_email, ct_price, start_date, end_date, is_cash, transport_method, pet_owner, pet_name, bid_status) VALUES ('Javon_Spencer69@gmail.com', 17, '2020-09-20T03:17:48.291Z', '2020-09-28T16:57:39.780Z', true, 'delivery', 'Wendell82@hotmail.com', 'Dawson', 'confirmed');
INSERT INTO bid (ct_email, ct_price, start_date, end_date, is_cash, transport_method, pet_owner, pet_name, bid_status) VALUES ('Rae.McKenzie@hotmail.com', 8, '2020-09-20T03:17:48.291Z', '2020-09-28T16:57:39.780Z', true, 'pickup', 'Billy63@yahoo.com', 'Felicia', 'confirmed');
INSERT INTO bid (ct_email, ct_price, start_date, end_date, is_cash, transport_method, pet_owner, pet_name, bid_status) VALUES ('Maddison62@hotmail.com', 18, '2020-09-20T03:17:48.291Z', '2020-09-28T16:57:39.780Z', true, 'pcs', 'Wallace.Bogan75@gmail.com', 'Sasha', 'confirmed');
INSERT INTO bid (ct_email, ct_price, start_date, end_date, is_cash, transport_method, pet_owner, pet_name, bid_status) VALUES ('Sven71@yahoo.com', 0, '2020-09-20T03:17:48.291Z', '2020-09-28T16:57:39.780Z', true, 'delivery', 'Alena75@hotmail.com', 'Emmet', 'confirmed');
INSERT INTO bid (ct_email, ct_price, start_date, end_date, is_cash, transport_method, pet_owner, pet_name, bid_status) VALUES ('Noble70@gmail.com', 11, '2020-09-20T03:17:48.291Z', '2020-09-28T16:57:39.780Z', true, 'delivery', 'Viola.Gibson59@yahoo.com', 'Justice', 'confirmed');
INSERT INTO bid (ct_email, ct_price, start_date, end_date, is_cash, transport_method, pet_owner, pet_name, bid_status) VALUES ('Maxwell58@hotmail.com', 11, '2020-09-20T03:17:48.291Z', '2020-09-28T16:57:39.780Z', true, 'pcs', 'Rashad85@hotmail.com', 'Tom', 'confirmed');
INSERT INTO bid (ct_email, ct_price, start_date, end_date, is_cash, transport_method, pet_owner, pet_name, bid_status) VALUES ('Chester38@hotmail.com', 14, '2020-09-20T03:17:48.291Z', '2020-09-28T16:57:39.780Z', true, 'delivery', 'Loy85@gmail.com', 'Vladimir', 'confirmed');
INSERT INTO bid (ct_email, ct_price, start_date, end_date, is_cash, transport_method, pet_owner, pet_name, bid_status) VALUES ('Marjolaine26@gmail.com', 4, '2020-09-20T03:17:48.291Z', '2020-09-28T16:57:39.780Z', true, 'delivery', 'Donny23@yahoo.com', 'Theresa', 'confirmed');
INSERT INTO bid (ct_email, ct_price, start_date, end_date, is_cash, transport_method, pet_owner, pet_name, bid_status) VALUES ('Blaze.Zulauf@gmail.com', 12, '2020-09-20T03:17:48.291Z', '2020-09-28T16:57:39.780Z', true, 'pcs', 'Aglae.Marquardt3@gmail.com', 'Fiona', 'confirmed');
INSERT INTO bid (ct_email, ct_price, start_date, end_date, is_cash, transport_method, pet_owner, pet_name, bid_status) VALUES ('Kasandra.Yundt96@yahoo.com', 15, '2020-09-20T03:17:48.291Z', '2020-09-28T16:57:39.780Z', true, 'pcs', 'Elian50@yahoo.com', 'Isai', 'confirmed');
INSERT INTO bid (ct_email, ct_price, start_date, end_date, is_cash, transport_method, pet_owner, pet_name, bid_status) VALUES ('Valentina60@hotmail.com', 5, '2020-09-20T03:17:48.291Z', '2020-09-28T16:57:39.780Z', true, 'pcs', 'Dudley.Schaefer38@yahoo.com', 'Easter', 'confirmed');
INSERT INTO bid (ct_email, ct_price, start_date, end_date, is_cash, transport_method, pet_owner, pet_name, bid_status) VALUES ('Timothy64@hotmail.com', 3, '2020-09-20T03:17:48.291Z', '2020-09-28T16:57:39.780Z', true, 'delivery', 'Lew77@yahoo.com', 'Rafaela', 'confirmed');
INSERT INTO bid (ct_email, ct_price, start_date, end_date, is_cash, transport_method, pet_owner, pet_name, bid_status) VALUES ('Demetrius.Schaefer58@yahoo.com', 8, '2020-09-20T03:17:48.291Z', '2020-09-28T16:57:39.780Z', true, 'pcs', 'Frida_Nicolas@gmail.com', 'Germaine', 'confirmed');
INSERT INTO bid (ct_email, ct_price, start_date, end_date, is_cash, transport_method, pet_owner, pet_name, bid_status) VALUES ('Nico9@gmail.com', 20, '2020-09-20T03:17:48.291Z', '2020-09-28T16:57:39.780Z', true, 'delivery', 'Cole.Kohler@hotmail.com', 'Mallie', 'confirmed');
INSERT INTO bid (ct_email, ct_price, start_date, end_date, is_cash, transport_method, pet_owner, pet_name, bid_status) VALUES ('Neal.Schuster67@hotmail.com', 1, '2020-09-20T03:17:48.291Z', '2020-09-28T16:57:39.780Z', true, 'pickup', 'Chester38@hotmail.com', 'Cecil', 'confirmed');
INSERT INTO bid (ct_email, ct_price, start_date, end_date, is_cash, transport_method, pet_owner, pet_name, bid_status) VALUES ('Velda_King@gmail.com', 14, '2020-09-20T03:17:48.291Z', '2020-09-28T16:57:39.780Z', true, 'pcs', 'Nedra_Hilll@gmail.com', 'Keeley', 'confirmed');
INSERT INTO bid (ct_email, ct_price, start_date, end_date, is_cash, transport_method, pet_owner, pet_name, bid_status) VALUES ('Emmie_Dicki@hotmail.com', 13, '2020-09-20T03:17:48.291Z', '2020-09-28T16:57:39.780Z', true, 'delivery', 'Gertrude.Kerluke@yahoo.com', 'Katlyn', 'confirmed');
INSERT INTO bid (ct_email, ct_price, start_date, end_date, is_cash, transport_method, pet_owner, pet_name, bid_status) VALUES ('Kaci.Lowe48@gmail.com', 12, '2020-09-20T03:17:48.291Z', '2020-09-28T16:57:39.780Z', true, 'pcs', 'Rudy51@yahoo.com', 'Darby', 'confirmed');
INSERT INTO bid (ct_email, ct_price, start_date, end_date, is_cash, transport_method, pet_owner, pet_name, bid_status) VALUES ('Kelsie.Herzog98@yahoo.com', 18, '2020-09-20T03:17:48.291Z', '2020-09-28T16:57:39.780Z', true, 'pcs', 'Kennedi59@hotmail.com', 'Stephan', 'confirmed');
INSERT INTO bid (ct_email, ct_price, start_date, end_date, is_cash, transport_method, pet_owner, pet_name, bid_status) VALUES ('Madelyn21@yahoo.com', 11, '2020-09-20T03:17:48.291Z', '2020-09-28T16:57:39.780Z', true, 'pcs', 'Sarah.Cremin64@yahoo.com', 'Wilma', 'confirmed');
INSERT INTO bid (ct_email, ct_price, start_date, end_date, is_cash, transport_method, pet_owner, pet_name, bid_status) VALUES ('Zula_Mayer88@hotmail.com', 2, '2020-09-20T03:17:48.291Z', '2020-09-28T16:57:39.780Z', true, 'pickup', 'Terrill76@yahoo.com', 'Marcelle', 'confirmed');
INSERT INTO bid (ct_email, ct_price, start_date, end_date, is_cash, transport_method, pet_owner, pet_name, bid_status) VALUES ('Jess.Fadel73@hotmail.com', 12, '2020-09-20T03:17:48.291Z', '2020-09-28T16:57:39.780Z', true, 'pcs', 'Elvis1@gmail.com', 'Lizzie', 'confirmed');
INSERT INTO bid (ct_email, ct_price, start_date, end_date, is_cash, transport_method, pet_owner, pet_name, bid_status) VALUES ('Hillard94@yahoo.com', 11, '2020-09-20T03:17:48.291Z', '2020-09-28T16:57:39.780Z', true, 'delivery', 'Lance.Herman@gmail.com', 'Elian', 'confirmed');
INSERT INTO bid (ct_email, ct_price, start_date, end_date, is_cash, transport_method, pet_owner, pet_name, bid_status) VALUES ('Herbert_Hamill10@yahoo.com', 5, '2020-09-20T03:17:48.291Z', '2020-09-28T16:57:39.780Z', true, 'delivery', 'Thad.King59@yahoo.com', 'Kristofer', 'confirmed');
INSERT INTO bid (ct_email, ct_price, start_date, end_date, is_cash, transport_method, pet_owner, pet_name, bid_status) VALUES ('Adelle50@hotmail.com', 2, '2020-09-20T03:17:48.291Z', '2020-09-28T16:57:39.780Z', true, 'pcs', 'Lawrence16@yahoo.com', 'Claudine', 'confirmed');
INSERT INTO bid (ct_email, ct_price, start_date, end_date, is_cash, transport_method, pet_owner, pet_name, bid_status) VALUES ('Mara_Pagac93@gmail.com', 3, '2020-09-20T03:17:48.291Z', '2020-09-28T16:57:39.780Z', true, 'delivery', 'Darwin38@yahoo.com', 'Kathleen', 'confirmed');
INSERT INTO bid (ct_email, ct_price, start_date, end_date, is_cash, transport_method, pet_owner, pet_name, bid_status) VALUES ('Alejandrin24@yahoo.com', 16, '2020-09-20T03:17:48.291Z', '2020-09-28T16:57:39.780Z', true, 'pcs', 'Kaley30@gmail.com', 'Tabitha', 'confirmed');
INSERT INTO bid (ct_email, ct_price, start_date, end_date, is_cash, transport_method, pet_owner, pet_name, bid_status) VALUES ('Charlie17@gmail.com', 13, '2020-09-20T03:17:48.291Z', '2020-09-28T16:57:39.780Z', true, 'delivery', 'Stevie.Watsica87@yahoo.com', 'Christelle', 'confirmed');
INSERT INTO bid (ct_email, ct_price, start_date, end_date, is_cash, transport_method, pet_owner, pet_name, bid_status) VALUES ('Garfield_Schuppe@gmail.com', 5, '2020-09-20T03:17:48.291Z', '2020-09-28T16:57:39.780Z', true, 'pcs', 'Theo.Hackett@gmail.com', 'Wava', 'confirmed');
INSERT INTO bid (ct_email, ct_price, start_date, end_date, is_cash, transport_method, pet_owner, pet_name, bid_status) VALUES ('Josefa_Funk@gmail.com', 20, '2020-09-20T03:17:48.291Z', '2020-09-28T16:57:39.780Z', true, 'pcs', 'Tony85@hotmail.com', 'Max', 'confirmed');
INSERT INTO bid (ct_email, ct_price, start_date, end_date, is_cash, transport_method, pet_owner, pet_name, bid_status) VALUES ('Laurence88@yahoo.com', 6, '2020-09-20T03:17:48.291Z', '2020-09-28T16:57:39.780Z', true, 'pcs', 'Emmie_Dicki@hotmail.com', 'Audra', 'confirmed');
INSERT INTO bid (ct_email, ct_price, start_date, end_date, is_cash, transport_method, pet_owner, pet_name, bid_status) VALUES ('Clarabelle_Hammes@gmail.com', 3, '2020-09-20T03:17:48.291Z', '2020-09-28T16:57:39.780Z', true, 'pcs', 'Kylee.Bergnaum@hotmail.com', 'Humberto', 'confirmed');
INSERT INTO bid (ct_email, ct_price, start_date, end_date, is_cash, transport_method, pet_owner, pet_name, bid_status) VALUES ('Carmine_OKon@gmail.com', 12, '2020-09-20T03:17:48.291Z', '2020-09-28T16:57:39.780Z', true, 'pcs', 'Sydnee48@yahoo.com', 'Hermina', 'confirmed');
INSERT INTO bid (ct_email, ct_price, start_date, end_date, is_cash, transport_method, pet_owner, pet_name, bid_status) VALUES ('Kimberly.Hills38@gmail.com', 12, '2020-09-20T03:17:48.291Z', '2020-09-28T16:57:39.780Z', true, 'delivery', 'Hadley_Brakus81@gmail.com', 'Coy', 'confirmed');
INSERT INTO bid (ct_email, ct_price, start_date, end_date, is_cash, transport_method, pet_owner, pet_name, bid_status) VALUES ('Serena.Walsh17@yahoo.com', 15, '2020-09-20T03:17:48.291Z', '2020-09-28T16:57:39.780Z', true, 'pcs', 'Jana88@hotmail.com', 'Vivienne', 'confirmed');
INSERT INTO bid (ct_email, ct_price, start_date, end_date, is_cash, transport_method, pet_owner, pet_name, bid_status) VALUES ('Lessie_Thompson@gmail.com', 10, '2020-09-20T03:17:48.291Z', '2020-09-28T16:57:39.780Z', true, 'pickup', 'Gilbert77@yahoo.com', 'Ena', 'confirmed');
INSERT INTO bid (ct_email, ct_price, start_date, end_date, is_cash, transport_method, pet_owner, pet_name, bid_status) VALUES ('Eugene2@yahoo.com', 11, '2020-09-20T03:17:48.291Z', '2020-09-28T16:57:39.780Z', true, 'delivery', 'Demetrius.Schaefer58@yahoo.com', 'Janis', 'confirmed');
INSERT INTO bid (ct_email, ct_price, start_date, end_date, is_cash, transport_method, pet_owner, pet_name, bid_status) VALUES ('Hailee_Zieme@hotmail.com', 7, '2020-09-20T03:17:48.291Z', '2020-09-28T16:57:39.780Z', true, 'delivery', 'Magali_Wiza@gmail.com', 'Kennedy', 'confirmed');
INSERT INTO bid (ct_email, ct_price, start_date, end_date, is_cash, transport_method, pet_owner, pet_name, bid_status) VALUES ('Dianna67@hotmail.com', 8, '2020-09-20T03:17:48.291Z', '2020-09-28T16:57:39.780Z', true, 'pickup', 'Amanda.Sanford@yahoo.com', 'Jesus', 'confirmed');
INSERT INTO bid (ct_email, ct_price, start_date, end_date, is_cash, transport_method, pet_owner, pet_name, bid_status) VALUES ('Shaniya_Towne@yahoo.com', 18, '2020-09-20T03:17:48.291Z', '2020-09-28T16:57:39.780Z', true, 'delivery', 'Charlie17@gmail.com', 'Jarrett', 'confirmed');
INSERT INTO bid (ct_email, ct_price, start_date, end_date, is_cash, transport_method, pet_owner, pet_name, bid_status) VALUES ('Wallace43@gmail.com', 6, '2020-09-20T03:17:48.291Z', '2020-09-28T16:57:39.780Z', true, 'delivery', 'Sabryna72@gmail.com', 'Kobe', 'confirmed');
INSERT INTO bid (ct_email, ct_price, start_date, end_date, is_cash, transport_method, pet_owner, pet_name, bid_status) VALUES ('Cynthia8@yahoo.com', 0, '2020-09-20T03:17:48.291Z', '2020-09-28T16:57:39.780Z', true, 'pickup', 'Mary_Hane@gmail.com', 'Cecil', 'confirmed');
INSERT INTO bid (ct_email, ct_price, start_date, end_date, is_cash, transport_method, pet_owner, pet_name, bid_status) VALUES ('Abbigail_Spencer@yahoo.com', 12, '2020-09-20T03:17:48.291Z', '2020-09-28T16:57:39.780Z', true, 'pickup', 'Carlotta4@gmail.com', 'Jaron', 'confirmed');
INSERT INTO bid (ct_email, ct_price, start_date, end_date, is_cash, transport_method, pet_owner, pet_name, bid_status) VALUES ('Hudson.Barrows@hotmail.com', 15, '2020-09-20T03:17:48.291Z', '2020-09-28T16:57:39.780Z', true, 'pcs', 'Lessie_Thompson@gmail.com', 'Hobart', 'confirmed');
INSERT INTO bid (ct_email, ct_price, start_date, end_date, is_cash, transport_method, pet_owner, pet_name, bid_status) VALUES ('Berniece68@hotmail.com', 15, '2020-09-20T03:17:48.291Z', '2020-09-28T16:57:39.780Z', true, 'pcs', 'Stephania_Hodkiewicz72@hotmail.com', 'Edison', 'confirmed');
INSERT INTO bid (ct_email, ct_price, start_date, end_date, is_cash, transport_method, pet_owner, pet_name, bid_status) VALUES ('Ryan_Glover@gmail.com', 8, '2020-09-20T03:17:48.291Z', '2020-09-28T16:57:39.780Z', true, 'pickup', 'Wallace.Bogan75@gmail.com', 'Fern', 'confirmed');
INSERT INTO bid (ct_email, ct_price, start_date, end_date, is_cash, transport_method, pet_owner, pet_name, bid_status) VALUES ('Jack31@gmail.com', 17, '2020-09-20T03:17:48.291Z', '2020-09-28T16:57:39.780Z', true, 'delivery', 'Claire.Considine@hotmail.com', 'Darren', 'confirmed');
INSERT INTO bid (ct_email, ct_price, start_date, end_date, is_cash, transport_method, pet_owner, pet_name, bid_status) VALUES ('Janae.Kunze55@hotmail.com', 15, '2020-09-20T03:17:48.291Z', '2020-09-28T16:57:39.780Z', true, 'pickup', 'Travon56@hotmail.com', 'Claudine', 'confirmed');
INSERT INTO bid (ct_email, ct_price, start_date, end_date, is_cash, transport_method, pet_owner, pet_name, bid_status) VALUES ('Michaela59@yahoo.com', 12, '2020-09-20T03:17:48.291Z', '2020-09-28T16:57:39.780Z', true, 'pickup', 'Madisyn_Gaylord@gmail.com', 'Darius', 'confirmed');
UPDATE bid SET (bid_status, rating, feedback) = ('reviewed', 3, 'Autem qui voluptas aut incidunt iste voluptates porro. Omnis exercitationem necessitatibus omnis quibusdam quae quia corporis voluptas.') WHERE ct_email = 'Oswald_Littel57@yahoo.com' AND pet_owner = 'Katheryn_Boehm89@hotmail.com' AND pet_name = 'Gina' AND start_date = Date('2020-09-20T03:17:48.291Z') AND end_date = Date('2020-09-28T16:57:39.780Z');
UPDATE bid SET (bid_status, rating, feedback) = ('reviewed', 3, 'Minus libero delectus. Incidunt quo perspiciatis minus numquam est eos illum consequuntur doloremque.') WHERE ct_email = 'Lisette35@hotmail.com' AND pet_owner = 'Kayleigh_Dickinson92@hotmail.com' AND pet_name = 'Raquel' AND start_date = Date('2020-09-20T03:17:48.291Z') AND end_date = Date('2020-09-28T16:57:39.780Z');
UPDATE bid SET (bid_status, rating, feedback) = ('reviewed', 4, 'Quo incidunt consequatur ex omnis ad soluta neque laborum. Soluta vel reiciendis.') WHERE ct_email = 'Brando95@yahoo.com' AND pet_owner = 'Leilani.Doyle96@yahoo.com' AND pet_name = 'Gideon' AND start_date = Date('2020-09-20T03:17:48.291Z') AND end_date = Date('2020-09-28T16:57:39.780Z');
UPDATE bid SET (bid_status, rating, feedback) = ('reviewed', 5, 'Omnis perspiciatis beatae qui incidunt sint dignissimos rem. Nihil dolor enim pariatur quibusdam officiis dicta est in.') WHERE ct_email = 'Maxine96@yahoo.com' AND pet_owner = 'Bradly.Schroeder@hotmail.com' AND pet_name = 'Carley' AND start_date = Date('2020-09-20T03:17:48.291Z') AND end_date = Date('2020-09-28T16:57:39.780Z');
UPDATE bid SET (bid_status, rating, feedback) = ('reviewed', 4, 'Et id corporis omnis consequatur minus. Culpa voluptas aut officiis eum.') WHERE ct_email = 'Jocelyn_Beer@gmail.com' AND pet_owner = 'Thad.Reichel@yahoo.com' AND pet_name = 'Cristobal' AND start_date = Date('2020-09-20T03:17:48.291Z') AND end_date = Date('2020-09-28T16:57:39.780Z');
UPDATE bid SET (bid_status, rating, feedback) = ('reviewed', 3, 'Tempora voluptatem eveniet iste omnis sapiente laboriosam. Eum dicta aut optio consequatur.') WHERE ct_email = 'Onie84@hotmail.com' AND pet_owner = 'Cydney_Nienow@yahoo.com' AND pet_name = 'Norwood' AND start_date = Date('2020-09-20T03:17:48.291Z') AND end_date = Date('2020-09-28T16:57:39.780Z');
UPDATE bid SET (bid_status, rating, feedback) = ('reviewed', 4, 'Non qui et voluptate vel aliquid provident odio ut accusamus. Quidem maxime id molestias explicabo et quia magnam.') WHERE ct_email = 'Gwendolyn.Fadel@yahoo.com' AND pet_owner = 'Gregory.Krajcik94@yahoo.com' AND pet_name = 'Alan' AND start_date = Date('2020-09-20T03:17:48.291Z') AND end_date = Date('2020-09-28T16:57:39.780Z');
UPDATE bid SET (bid_status, rating, feedback) = ('reviewed', 3, 'Sunt eum consectetur. Quia dolorem harum.') WHERE ct_email = 'Jamaal.Schulist@yahoo.com' AND pet_owner = 'Neal50@yahoo.com' AND pet_name = 'Rylan' AND start_date = Date('2020-09-20T03:17:48.291Z') AND end_date = Date('2020-09-28T16:57:39.780Z');
UPDATE bid SET (bid_status, rating, feedback) = ('reviewed', 5, 'Omnis ullam quisquam hic at. Sequi odit incidunt sed nam qui perspiciatis aspernatur atque.') WHERE ct_email = 'Manuel15@hotmail.com' AND pet_owner = 'Ephraim_Barton93@hotmail.com' AND pet_name = 'Kaci' AND start_date = Date('2020-09-20T03:17:48.291Z') AND end_date = Date('2020-09-28T16:57:39.780Z');
UPDATE bid SET (bid_status, rating, feedback) = ('reviewed', 4, 'Facere eaque molestiae cupiditate qui omnis aliquid nisi sed molestiae. Qui sed aut sint.') WHERE ct_email = 'Aiden.Sporer@hotmail.com' AND pet_owner = 'Gwendolyn.Fadel@yahoo.com' AND pet_name = 'Stanton' AND start_date = Date('2020-09-20T03:17:48.291Z') AND end_date = Date('2020-09-28T16:57:39.780Z');
UPDATE bid SET (bid_status, rating, feedback) = ('reviewed', 5, 'Quo omnis et reiciendis recusandae similique occaecati. Et laboriosam sunt veritatis.') WHERE ct_email = 'Triston_Kirlin52@gmail.com' AND pet_owner = 'Alexzander94@yahoo.com' AND pet_name = 'Selina' AND start_date = Date('2020-09-20T03:17:48.291Z') AND end_date = Date('2020-09-28T16:57:39.780Z');
UPDATE bid SET (bid_status, rating, feedback) = ('reviewed', 4, 'Minus a quo et. Tempora qui sint consectetur.') WHERE ct_email = 'Brandyn97@yahoo.com' AND pet_owner = 'Danyka64@gmail.com' AND pet_name = 'Ward' AND start_date = Date('2020-09-20T03:17:48.291Z') AND end_date = Date('2020-09-28T16:57:39.780Z');
UPDATE bid SET (bid_status, rating, feedback) = ('reviewed', 5, 'Vel saepe dolores sed. Et porro qui non est earum.') WHERE ct_email = 'Haven_Mann13@gmail.com' AND pet_owner = 'Faye89@yahoo.com' AND pet_name = 'Micah' AND start_date = Date('2020-09-20T03:17:48.291Z') AND end_date = Date('2020-09-28T16:57:39.780Z');
UPDATE bid SET (bid_status, rating, feedback) = ('reviewed', 4, 'Et ratione quam corrupti dignissimos voluptatum. Aspernatur est libero reiciendis iure ut nostrum rem a.') WHERE ct_email = 'Yazmin17@yahoo.com' AND pet_owner = 'Clare_Senger@yahoo.com' AND pet_name = 'Aaliyah' AND start_date = Date('2020-09-20T03:17:48.291Z') AND end_date = Date('2020-09-28T16:57:39.780Z');
UPDATE bid SET (bid_status, rating, feedback) = ('reviewed', 3, 'Sint repellat vel. Aut architecto inventore.') WHERE ct_email = 'Jeffrey.Ebert@gmail.com' AND pet_owner = 'Edmund_Sauer94@hotmail.com' AND pet_name = 'Jordy' AND start_date = Date('2020-09-20T03:17:48.291Z') AND end_date = Date('2020-09-28T16:57:39.780Z');
UPDATE bid SET (bid_status, rating, feedback) = ('reviewed', 5, 'Voluptatem nulla quaerat ut consequatur. Voluptatum sint iure voluptatibus aut quia molestiae.') WHERE ct_email = 'Aniyah95@yahoo.com' AND pet_owner = 'Selena_Block@hotmail.com' AND pet_name = 'Marion' AND start_date = Date('2020-09-20T03:17:48.291Z') AND end_date = Date('2020-09-28T16:57:39.780Z');
UPDATE bid SET (bid_status, rating, feedback) = ('reviewed', 5, 'Doloremque pariatur ut quibusdam est ut sed. Consequatur similique exercitationem ut tempore numquam facilis repellat.') WHERE ct_email = 'Dolores.Gaylord@hotmail.com' AND pet_owner = 'Kyleigh.Nicolas32@gmail.com' AND pet_name = 'Janice' AND start_date = Date('2020-09-20T03:17:48.291Z') AND end_date = Date('2020-09-28T16:57:39.780Z');
UPDATE bid SET (bid_status, rating, feedback) = ('reviewed', 4, 'Cum minima beatae id et et possimus itaque reprehenderit rerum. Sit expedita quos autem laborum debitis rerum quisquam.') WHERE ct_email = 'Vince.Ritchie@yahoo.com' AND pet_owner = 'Christy75@gmail.com' AND pet_name = 'Vernie' AND start_date = Date('2020-09-20T03:17:48.291Z') AND end_date = Date('2020-09-28T16:57:39.780Z');
UPDATE bid SET (bid_status, rating, feedback) = ('reviewed', 4, 'Rem magni voluptas nam eum. Consequatur rerum recusandae dolores labore nam dicta quia ratione.') WHERE ct_email = 'Britney_Reilly96@hotmail.com' AND pet_owner = 'Otilia_Kreiger@hotmail.com' AND pet_name = 'Tyrese' AND start_date = Date('2020-09-20T03:17:48.291Z') AND end_date = Date('2020-09-28T16:57:39.780Z');
UPDATE bid SET (bid_status, rating, feedback) = ('reviewed', 4, 'Eligendi est sequi et provident quia harum. Omnis ut culpa aut id minima assumenda quasi voluptas.') WHERE ct_email = 'Alycia.Nader98@hotmail.com' AND pet_owner = 'Zelma.Metz@gmail.com' AND pet_name = 'Arvid' AND start_date = Date('2020-09-20T03:17:48.291Z') AND end_date = Date('2020-09-28T16:57:39.780Z');
UPDATE bid SET (bid_status, rating, feedback) = ('reviewed', 4, 'Quia accusantium autem blanditiis. Tempora voluptates eum possimus.') WHERE ct_email = 'Kyla65@yahoo.com' AND pet_owner = 'Savion.Cormier@gmail.com' AND pet_name = 'Ora' AND start_date = Date('2020-09-20T03:17:48.291Z') AND end_date = Date('2020-09-28T16:57:39.780Z');
UPDATE bid SET (bid_status, rating, feedback) = ('reviewed', 5, 'Repellat iste sapiente quos. Eum ut quia.') WHERE ct_email = 'Arvid_Cummerata63@hotmail.com' AND pet_owner = 'Carolanne47@yahoo.com' AND pet_name = 'Ronny' AND start_date = Date('2020-09-20T03:17:48.291Z') AND end_date = Date('2020-09-28T16:57:39.780Z');
UPDATE bid SET (bid_status, rating, feedback) = ('reviewed', 4, 'Unde ut numquam autem. Dignissimos non dignissimos non consequatur fugit tempore et sit velit.') WHERE ct_email = 'Jay15@gmail.com' AND pet_owner = 'Darwin38@yahoo.com' AND pet_name = 'Laisha' AND start_date = Date('2020-09-20T03:17:48.291Z') AND end_date = Date('2020-09-28T16:57:39.780Z');
UPDATE bid SET (bid_status, rating, feedback) = ('reviewed', 3, 'Voluptates in quas. Id ullam et nam quos animi ab qui sit.') WHERE ct_email = 'Broderick.Abernathy@gmail.com' AND pet_owner = 'Hardy.Terry@gmail.com' AND pet_name = 'Teagan' AND start_date = Date('2020-09-20T03:17:48.291Z') AND end_date = Date('2020-09-28T16:57:39.780Z');
UPDATE bid SET (bid_status, rating, feedback) = ('reviewed', 3, 'Dolores quas fugiat. Molestias aut omnis ut id sed in.') WHERE ct_email = 'Lisandro83@hotmail.com' AND pet_owner = 'Jordane_Gerhold37@gmail.com' AND pet_name = 'Kristian' AND start_date = Date('2020-09-20T03:17:48.291Z') AND end_date = Date('2020-09-28T16:57:39.780Z');
UPDATE bid SET (bid_status, rating, feedback) = ('reviewed', 4, 'Molestias at tempora accusamus sed perspiciatis. Quo ut quia perferendis totam odit sunt excepturi commodi deserunt.') WHERE ct_email = 'Abbey72@hotmail.com' AND pet_owner = 'Nella91@yahoo.com' AND pet_name = 'Jany' AND start_date = Date('2020-09-20T03:17:48.291Z') AND end_date = Date('2020-09-28T16:57:39.780Z');
UPDATE bid SET (bid_status, rating, feedback) = ('reviewed', 4, 'Assumenda quo eos eligendi autem magni et adipisci ut laudantium. Similique qui quasi reiciendis et qui autem sed.') WHERE ct_email = 'Katheryn_Boehm89@hotmail.com' AND pet_owner = 'Tyrel_Beier83@yahoo.com' AND pet_name = 'Noemi' AND start_date = Date('2020-09-20T03:17:48.291Z') AND end_date = Date('2020-09-28T16:57:39.780Z');
UPDATE bid SET (bid_status, rating, feedback) = ('reviewed', 4, 'Qui rerum aliquid error asperiores voluptatem ea aut et. Ullam et neque alias.') WHERE ct_email = 'Eveline.Howell36@yahoo.com' AND pet_owner = 'Iva38@yahoo.com' AND pet_name = 'Warren' AND start_date = Date('2020-09-20T03:17:48.291Z') AND end_date = Date('2020-09-28T16:57:39.780Z');
UPDATE bid SET (bid_status, rating, feedback) = ('reviewed', 4, 'Ut sit quibusdam sunt eos non dignissimos. Et saepe aut inventore omnis.') WHERE ct_email = 'Savanna28@hotmail.com' AND pet_owner = 'Ofelia.Aufderhar@yahoo.com' AND pet_name = 'Ashlynn' AND start_date = Date('2020-09-20T03:17:48.291Z') AND end_date = Date('2020-09-28T16:57:39.780Z');
UPDATE bid SET (bid_status, rating, feedback) = ('reviewed', 3, 'Qui molestiae excepturi fugiat laborum sint et reiciendis. Et quidem unde architecto magnam.') WHERE ct_email = 'Esther.Bednar@gmail.com' AND pet_owner = 'Tressa_Huels3@gmail.com' AND pet_name = 'Chet' AND start_date = Date('2020-09-20T03:17:48.291Z') AND end_date = Date('2020-09-28T16:57:39.780Z');
UPDATE bid SET (bid_status, rating, feedback) = ('reviewed', 3, 'Tempora maxime autem. Temporibus ut doloribus explicabo aut ut officiis doloremque.') WHERE ct_email = 'Andreane_Boyer83@gmail.com' AND pet_owner = 'Harold.Altenwerth@hotmail.com' AND pet_name = 'Amya' AND start_date = Date('2020-09-20T03:17:48.291Z') AND end_date = Date('2020-09-28T16:57:39.780Z');
UPDATE bid SET (bid_status, rating, feedback) = ('reviewed', 4, 'Ut sunt velit rerum. Distinctio non suscipit sed.') WHERE ct_email = 'Columbus_Medhurst@gmail.com' AND pet_owner = 'Javier11@gmail.com' AND pet_name = 'Bernadette' AND start_date = Date('2020-09-20T03:17:48.291Z') AND end_date = Date('2020-09-28T16:57:39.780Z');
UPDATE bid SET (bid_status, rating, feedback) = ('reviewed', 5, 'Incidunt iusto animi. Quia dolor tempora.') WHERE ct_email = 'Furman12@hotmail.com' AND pet_owner = 'Anabel66@yahoo.com' AND pet_name = 'Raphael' AND start_date = Date('2020-09-20T03:17:48.291Z') AND end_date = Date('2020-09-28T16:57:39.780Z');
UPDATE bid SET (bid_status, rating, feedback) = ('reviewed', 3, 'Laudantium voluptatibus sit autem aut. Totam sed ipsum quisquam perferendis.') WHERE ct_email = 'Kevon.Moen@yahoo.com' AND pet_owner = 'Darien.Stroman64@hotmail.com' AND pet_name = 'Oda' AND start_date = Date('2020-09-20T03:17:48.291Z') AND end_date = Date('2020-09-28T16:57:39.780Z');
UPDATE bid SET (bid_status, rating, feedback) = ('reviewed', 4, 'Impedit dolorem provident. Accusantium nostrum ratione et impedit voluptatem qui vel.') WHERE ct_email = 'Hallie65@yahoo.com' AND pet_owner = 'Stephen_Rath18@gmail.com' AND pet_name = 'Danielle' AND start_date = Date('2020-09-20T03:17:48.291Z') AND end_date = Date('2020-09-28T16:57:39.780Z');
UPDATE bid SET (bid_status, rating, feedback) = ('reviewed', 4, 'Aut repellat omnis id. Sint earum rerum nulla et cumque.') WHERE ct_email = 'Hortense.Schulist@hotmail.com' AND pet_owner = 'Cydney_Nienow@yahoo.com' AND pet_name = 'Luz' AND start_date = Date('2020-09-20T03:17:48.291Z') AND end_date = Date('2020-09-28T16:57:39.780Z');
UPDATE bid SET (bid_status, rating, feedback) = ('reviewed', 5, 'Consequatur iste quis vitae aliquam ipsa et molestias. Aut adipisci dolore et.') WHERE ct_email = 'Alessandro56@hotmail.com' AND pet_owner = 'Shanny_Koss60@yahoo.com' AND pet_name = 'Jaclyn' AND start_date = Date('2020-09-20T03:17:48.291Z') AND end_date = Date('2020-09-28T16:57:39.780Z');
UPDATE bid SET (bid_status, rating, feedback) = ('reviewed', 3, 'Soluta magni maxime quo quo. Sunt amet voluptas ducimus.') WHERE ct_email = 'Jackson_Baumbach@gmail.com' AND pet_owner = 'Kendra57@hotmail.com' AND pet_name = 'Rhianna' AND start_date = Date('2020-09-20T03:17:48.291Z') AND end_date = Date('2020-09-28T16:57:39.780Z');
UPDATE bid SET (bid_status, rating, feedback) = ('reviewed', 4, 'Laborum laboriosam ut consequatur ducimus quis. Ab modi assumenda doloribus ut qui sit sint.') WHERE ct_email = 'Estell28@yahoo.com' AND pet_owner = 'Adela_Altenwerth99@yahoo.com' AND pet_name = 'Anika' AND start_date = Date('2020-09-20T03:17:48.291Z') AND end_date = Date('2020-09-28T16:57:39.780Z');
UPDATE bid SET (bid_status, rating, feedback) = ('reviewed', 4, 'A ratione quia cupiditate doloremque animi. Iure omnis velit ut temporibus architecto nam aut.') WHERE ct_email = 'Frida4@hotmail.com' AND pet_owner = 'May86@gmail.com' AND pet_name = 'Rhoda' AND start_date = Date('2020-09-20T03:17:48.291Z') AND end_date = Date('2020-09-28T16:57:39.780Z');
UPDATE bid SET (bid_status, rating, feedback) = ('reviewed', 3, 'Animi officiis sit aut. Ea ut voluptatem et modi repellendus nihil cumque excepturi sequi.') WHERE ct_email = 'Katherine.Halvorson32@yahoo.com' AND pet_owner = 'Jamaal.Schulist@yahoo.com' AND pet_name = 'Brennon' AND start_date = Date('2020-09-20T03:17:48.291Z') AND end_date = Date('2020-09-28T16:57:39.780Z');
UPDATE bid SET (bid_status, rating, feedback) = ('reviewed', 4, 'Vel sunt pariatur corporis doloribus. At reiciendis at aspernatur.') WHERE ct_email = 'Oscar.Sporer@gmail.com' AND pet_owner = 'Allen53@hotmail.com' AND pet_name = 'Russel' AND start_date = Date('2020-09-20T03:17:48.291Z') AND end_date = Date('2020-09-28T16:57:39.780Z');
UPDATE bid SET (bid_status, rating, feedback) = ('reviewed', 5, 'Possimus quis assumenda sapiente sunt. Corrupti magni quis.') WHERE ct_email = 'Clay_Wuckert@yahoo.com' AND pet_owner = 'Kaley30@gmail.com' AND pet_name = 'Lucie' AND start_date = Date('2020-09-20T03:17:48.291Z') AND end_date = Date('2020-09-28T16:57:39.780Z');
UPDATE bid SET (bid_status, rating, feedback) = ('reviewed', 4, 'Omnis aut sit. Corrupti assumenda quod laboriosam tenetur sunt esse.') WHERE ct_email = 'Hailee.Nikolaus@gmail.com' AND pet_owner = 'Lon47@yahoo.com' AND pet_name = 'Nayeli' AND start_date = Date('2020-09-20T03:17:48.291Z') AND end_date = Date('2020-09-28T16:57:39.780Z');
UPDATE bid SET (bid_status, rating, feedback) = ('reviewed', 5, 'Et tempore qui at soluta qui quae dicta ducimus. Quis et totam quia quidem asperiores.') WHERE ct_email = 'Lola.Bins31@hotmail.com' AND pet_owner = 'Barrett62@yahoo.com' AND pet_name = 'Lessie' AND start_date = Date('2020-09-20T03:17:48.291Z') AND end_date = Date('2020-09-28T16:57:39.780Z');
UPDATE bid SET (bid_status, rating, feedback) = ('reviewed', 4, 'Sint nulla vero est vitae. Accusantium possimus inventore quibusdam vero ut dolor qui illo.') WHERE ct_email = 'Thad.King59@yahoo.com' AND pet_owner = 'Nathaniel_Stiedemann@gmail.com' AND pet_name = 'Duane' AND start_date = Date('2020-09-20T03:17:48.291Z') AND end_date = Date('2020-09-28T16:57:39.780Z');
UPDATE bid SET (bid_status, rating, feedback) = ('reviewed', 5, 'Officia dignissimos harum odio vero at et minima nesciunt reiciendis. Suscipit dolorum doloribus quae et ratione recusandae omnis est harum.') WHERE ct_email = 'Aglae.Marquardt3@gmail.com' AND pet_owner = 'Georgiana_Doyle4@hotmail.com' AND pet_name = 'Walter' AND start_date = Date('2020-09-20T03:17:48.291Z') AND end_date = Date('2020-09-28T16:57:39.780Z');
UPDATE bid SET (bid_status, rating, feedback) = ('reviewed', 5, 'Qui ab cupiditate ab aut ut facilis. Aut excepturi et beatae.') WHERE ct_email = 'Carmela.Flatley@gmail.com' AND pet_owner = 'Raleigh.Donnelly60@hotmail.com' AND pet_name = 'Lew' AND start_date = Date('2020-09-20T03:17:48.291Z') AND end_date = Date('2020-09-28T16:57:39.780Z');
UPDATE bid SET (bid_status, rating, feedback) = ('reviewed', 3, 'Ex quo ipsum a laboriosam est. Tempore et rerum facilis dolorem quis quis.') WHERE ct_email = 'Sammie.Rowe94@hotmail.com' AND pet_owner = 'Shaniya_Towne@yahoo.com' AND pet_name = 'Hoyt' AND start_date = Date('2020-09-20T03:17:48.291Z') AND end_date = Date('2020-09-28T16:57:39.780Z');
UPDATE bid SET (bid_status, rating, feedback) = ('reviewed', 5, 'Dolor earum debitis. Vero voluptas iure error et.') WHERE ct_email = 'Viola.Gibson59@yahoo.com' AND pet_owner = 'Ethel.Shields91@gmail.com' AND pet_name = 'Deonte' AND start_date = Date('2020-09-20T03:17:48.291Z') AND end_date = Date('2020-09-28T16:57:39.780Z');
UPDATE bid SET (bid_status, rating, feedback) = ('reviewed', 4, 'Similique quam qui corrupti. Quo nihil ut debitis exercitationem sunt omnis culpa.') WHERE ct_email = 'Neoma98@gmail.com' AND pet_owner = 'Kadin_Keebler@gmail.com' AND pet_name = 'Amari' AND start_date = Date('2020-09-20T03:17:48.291Z') AND end_date = Date('2020-09-28T16:57:39.780Z');
UPDATE bid SET (bid_status, rating, feedback) = ('reviewed', 5, 'Fugiat modi iste explicabo in. Vero non excepturi nihil adipisci dolorem quae a blanditiis.') WHERE ct_email = 'Vern_Yost@hotmail.com' AND pet_owner = 'Jewel.Bayer4@gmail.com' AND pet_name = 'Fae' AND start_date = Date('2020-09-20T03:17:48.291Z') AND end_date = Date('2020-09-28T16:57:39.780Z');
UPDATE bid SET (bid_status, rating, feedback) = ('reviewed', 5, 'Sit quos sint omnis rerum ut. Vel neque libero facilis non magnam quaerat aut.') WHERE ct_email = 'Manley95@hotmail.com' AND pet_owner = 'Maxwell58@hotmail.com' AND pet_name = 'Adaline' AND start_date = Date('2020-09-20T03:17:48.291Z') AND end_date = Date('2020-09-28T16:57:39.780Z');
UPDATE bid SET (bid_status, rating, feedback) = ('reviewed', 4, 'Aut repellendus odit deleniti sint fuga. In laborum cumque odit.') WHERE ct_email = 'Hazel_Botsford@gmail.com' AND pet_owner = 'Cornelius_Padberg@yahoo.com' AND pet_name = 'Jeff' AND start_date = Date('2020-09-20T03:17:48.291Z') AND end_date = Date('2020-09-28T16:57:39.780Z');
UPDATE bid SET (bid_status, rating, feedback) = ('reviewed', 3, 'Doloremque assumenda velit eos eos provident nobis excepturi. Beatae ipsum aut officiis ullam reiciendis quae.') WHERE ct_email = 'Jace_Daniel@yahoo.com' AND pet_owner = 'Alycia.Nader98@hotmail.com' AND pet_name = 'Lupe' AND start_date = Date('2020-09-20T03:17:48.291Z') AND end_date = Date('2020-09-28T16:57:39.780Z');
UPDATE bid SET (bid_status, rating, feedback) = ('reviewed', 5, 'Tenetur enim nam dolor quibusdam provident. Facilis nobis autem voluptas est nemo praesentium quam quo qui.') WHERE ct_email = 'Abelardo_Kozey12@gmail.com' AND pet_owner = 'Rosamond16@hotmail.com' AND pet_name = 'Moriah' AND start_date = Date('2020-09-20T03:17:48.291Z') AND end_date = Date('2020-09-28T16:57:39.780Z');
UPDATE bid SET (bid_status, rating, feedback) = ('reviewed', 5, 'Maiores tempore minima quasi quaerat molestias qui. Illum aut ratione animi.') WHERE ct_email = 'Kaya.Kassulke@gmail.com' AND pet_owner = 'Bryon_Casper@gmail.com' AND pet_name = 'Eden' AND start_date = Date('2020-09-20T03:17:48.291Z') AND end_date = Date('2020-09-28T16:57:39.780Z');
UPDATE bid SET (bid_status, rating, feedback) = ('reviewed', 4, 'Ut et et voluptate qui et consectetur consectetur. Iure quia accusantium maxime nobis.') WHERE ct_email = 'Carson56@gmail.com' AND pet_owner = 'Elwin.Larson@yahoo.com' AND pet_name = 'Madie' AND start_date = Date('2020-09-20T03:17:48.291Z') AND end_date = Date('2020-09-28T16:57:39.780Z');
UPDATE bid SET (bid_status, rating, feedback) = ('reviewed', 4, 'Incidunt perferendis omnis ex aut veritatis rerum officia. Rerum voluptate debitis aut dolor repudiandae nulla.') WHERE ct_email = 'Katarina_Kessler48@gmail.com' AND pet_owner = 'Andre34@yahoo.com' AND pet_name = 'Deven' AND start_date = Date('2020-09-20T03:17:48.291Z') AND end_date = Date('2020-09-28T16:57:39.780Z');
UPDATE bid SET (bid_status, rating, feedback) = ('reviewed', 5, 'In aut id ut expedita et est est in. Minima rerum voluptatem eum et sit.') WHERE ct_email = 'Winfield_Gislason@hotmail.com' AND pet_owner = 'Travon56@hotmail.com' AND pet_name = 'Rebeka' AND start_date = Date('2020-09-20T03:17:48.291Z') AND end_date = Date('2020-09-28T16:57:39.780Z');
UPDATE bid SET (bid_status, rating, feedback) = ('reviewed', 3, 'Saepe non officia rerum sed saepe et amet. Temporibus dolores voluptas accusantium sequi unde ratione omnis.') WHERE ct_email = 'Chauncey96@hotmail.com' AND pet_owner = 'Wilford95@gmail.com' AND pet_name = 'Hillary' AND start_date = Date('2020-09-20T03:17:48.291Z') AND end_date = Date('2020-09-28T16:57:39.780Z');
UPDATE bid SET (bid_status, rating, feedback) = ('reviewed', 4, 'Ipsum ut eos saepe et doloremque ex quibusdam similique vel. Sint sapiente consequatur modi sapiente asperiores.') WHERE ct_email = 'Carolanne47@yahoo.com' AND pet_owner = 'Shaun_Herzog@yahoo.com' AND pet_name = 'Asia' AND start_date = Date('2020-09-20T03:17:48.291Z') AND end_date = Date('2020-09-28T16:57:39.780Z');
UPDATE bid SET (bid_status, rating, feedback) = ('reviewed', 4, 'Qui laborum qui aut non rerum. Earum voluptates nihil cum odio facere sequi sed.') WHERE ct_email = 'Yessenia.Yundt@gmail.com' AND pet_owner = 'Chadd_Carter25@hotmail.com' AND pet_name = 'Hassan' AND start_date = Date('2020-09-20T03:17:48.291Z') AND end_date = Date('2020-09-28T16:57:39.780Z');
UPDATE bid SET (bid_status, rating, feedback) = ('reviewed', 5, 'Error vel sit voluptates exercitationem. Expedita eos eveniet blanditiis aut ut excepturi.') WHERE ct_email = 'Jerrell.Senger@hotmail.com' AND pet_owner = 'Jarvis.Schneider7@hotmail.com' AND pet_name = 'Carter' AND start_date = Date('2020-09-20T03:17:48.291Z') AND end_date = Date('2020-09-28T16:57:39.780Z');
UPDATE bid SET (bid_status, rating, feedback) = ('reviewed', 5, 'Eum numquam et id voluptates temporibus ea veritatis consequatur in. Accusamus magnam dolores natus omnis odio sunt alias.') WHERE ct_email = 'Andreane42@hotmail.com' AND pet_owner = 'Libby_Barrows@hotmail.com' AND pet_name = 'Ryann' AND start_date = Date('2020-09-20T03:17:48.291Z') AND end_date = Date('2020-09-28T16:57:39.780Z');
UPDATE bid SET (bid_status, rating, feedback) = ('reviewed', 4, 'Omnis neque expedita perspiciatis quo officiis voluptates dignissimos amet facere. Quia aut vitae adipisci provident.') WHERE ct_email = 'Sven71@yahoo.com' AND pet_owner = 'Alena75@hotmail.com' AND pet_name = 'Emmet' AND start_date = Date('2020-09-20T03:17:48.291Z') AND end_date = Date('2020-09-28T16:57:39.780Z');
UPDATE bid SET (bid_status, rating, feedback) = ('reviewed', 4, 'Excepturi voluptatem aperiam itaque eum. Deserunt officia consequuntur quibusdam quam quidem magni.') WHERE ct_email = 'Noble70@gmail.com' AND pet_owner = 'Viola.Gibson59@yahoo.com' AND pet_name = 'Justice' AND start_date = Date('2020-09-20T03:17:48.291Z') AND end_date = Date('2020-09-28T16:57:39.780Z');
UPDATE bid SET (bid_status, rating, feedback) = ('reviewed', 5, 'Sapiente cupiditate cumque id sed dolor quod. Vero voluptatem hic sed officiis.') WHERE ct_email = 'Maxwell58@hotmail.com' AND pet_owner = 'Rashad85@hotmail.com' AND pet_name = 'Tom' AND start_date = Date('2020-09-20T03:17:48.291Z') AND end_date = Date('2020-09-28T16:57:39.780Z');
UPDATE bid SET (bid_status, rating, feedback) = ('reviewed', 3, 'Assumenda commodi id laudantium earum numquam maiores sed et. Blanditiis eos aut quis sed ut officia quasi.') WHERE ct_email = 'Marjolaine26@gmail.com' AND pet_owner = 'Donny23@yahoo.com' AND pet_name = 'Theresa' AND start_date = Date('2020-09-20T03:17:48.291Z') AND end_date = Date('2020-09-28T16:57:39.780Z');
UPDATE bid SET (bid_status, rating, feedback) = ('reviewed', 5, 'Quae iusto sed sed qui sit. Non consectetur aut quis molestiae sequi.') WHERE ct_email = 'Kasandra.Yundt96@yahoo.com' AND pet_owner = 'Elian50@yahoo.com' AND pet_name = 'Isai' AND start_date = Date('2020-09-20T03:17:48.291Z') AND end_date = Date('2020-09-28T16:57:39.780Z');
UPDATE bid SET (bid_status, rating, feedback) = ('reviewed', 3, 'Repellat nulla similique dolorem quis dolorum mollitia esse maiores impedit. Cumque reiciendis quis veritatis.') WHERE ct_email = 'Demetrius.Schaefer58@yahoo.com' AND pet_owner = 'Frida_Nicolas@gmail.com' AND pet_name = 'Germaine' AND start_date = Date('2020-09-20T03:17:48.291Z') AND end_date = Date('2020-09-28T16:57:39.780Z');
UPDATE bid SET (bid_status, rating, feedback) = ('reviewed', 5, 'Ipsa laudantium sint. Quia voluptatem animi et.') WHERE ct_email = 'Nico9@gmail.com' AND pet_owner = 'Cole.Kohler@hotmail.com' AND pet_name = 'Mallie' AND start_date = Date('2020-09-20T03:17:48.291Z') AND end_date = Date('2020-09-28T16:57:39.780Z');
UPDATE bid SET (bid_status, rating, feedback) = ('reviewed', 5, 'Necessitatibus harum sed sit fugiat nesciunt cumque. Iure quas et repudiandae ipsum optio repudiandae laborum quia.') WHERE ct_email = 'Neal.Schuster67@hotmail.com' AND pet_owner = 'Chester38@hotmail.com' AND pet_name = 'Cecil' AND start_date = Date('2020-09-20T03:17:48.291Z') AND end_date = Date('2020-09-28T16:57:39.780Z');
UPDATE bid SET (bid_status, rating, feedback) = ('reviewed', 5, 'Atque fugit voluptatem animi et maxime voluptatem ad aspernatur. Perspiciatis officiis odit voluptate.') WHERE ct_email = 'Velda_King@gmail.com' AND pet_owner = 'Nedra_Hilll@gmail.com' AND pet_name = 'Keeley' AND start_date = Date('2020-09-20T03:17:48.291Z') AND end_date = Date('2020-09-28T16:57:39.780Z');
UPDATE bid SET (bid_status, rating, feedback) = ('reviewed', 4, 'Alias magnam repellat facere est sit quas ut enim. Qui sint sapiente et aliquam voluptates quos.') WHERE ct_email = 'Kaci.Lowe48@gmail.com' AND pet_owner = 'Rudy51@yahoo.com' AND pet_name = 'Darby' AND start_date = Date('2020-09-20T03:17:48.291Z') AND end_date = Date('2020-09-28T16:57:39.780Z');
UPDATE bid SET (bid_status, rating, feedback) = ('reviewed', 5, 'Ipsa est ratione quaerat. Voluptatum voluptatem libero libero omnis.') WHERE ct_email = 'Jess.Fadel73@hotmail.com' AND pet_owner = 'Elvis1@gmail.com' AND pet_name = 'Lizzie' AND start_date = Date('2020-09-20T03:17:48.291Z') AND end_date = Date('2020-09-28T16:57:39.780Z');
UPDATE bid SET (bid_status, rating, feedback) = ('reviewed', 3, 'Quibusdam delectus consectetur unde ut ipsa ipsam aliquid est. Sint incidunt aut saepe exercitationem aut dolorem soluta.') WHERE ct_email = 'Herbert_Hamill10@yahoo.com' AND pet_owner = 'Thad.King59@yahoo.com' AND pet_name = 'Kristofer' AND start_date = Date('2020-09-20T03:17:48.291Z') AND end_date = Date('2020-09-28T16:57:39.780Z');
UPDATE bid SET (bid_status, rating, feedback) = ('reviewed', 4, 'Minima illum iusto quisquam natus unde saepe. Dolorum iusto ea ab dolore magni.') WHERE ct_email = 'Charlie17@gmail.com' AND pet_owner = 'Stevie.Watsica87@yahoo.com' AND pet_name = 'Christelle' AND start_date = Date('2020-09-20T03:17:48.291Z') AND end_date = Date('2020-09-28T16:57:39.780Z');
UPDATE bid SET (bid_status, rating, feedback) = ('reviewed', 5, 'Neque qui consectetur ducimus natus doloremque praesentium. Sint nihil quae perferendis sit libero repudiandae occaecati officia voluptatem.') WHERE ct_email = 'Garfield_Schuppe@gmail.com' AND pet_owner = 'Theo.Hackett@gmail.com' AND pet_name = 'Wava' AND start_date = Date('2020-09-20T03:17:48.291Z') AND end_date = Date('2020-09-28T16:57:39.780Z');
UPDATE bid SET (bid_status, rating, feedback) = ('reviewed', 5, 'Aperiam voluptatibus voluptatum est quas esse. Asperiores voluptas ullam voluptatem minus.') WHERE ct_email = 'Carmine_OKon@gmail.com' AND pet_owner = 'Sydnee48@yahoo.com' AND pet_name = 'Hermina' AND start_date = Date('2020-09-20T03:17:48.291Z') AND end_date = Date('2020-09-28T16:57:39.780Z');
UPDATE bid SET (bid_status, rating, feedback) = ('reviewed', 3, 'Ab doloribus rem ducimus ut qui omnis ut ipsam. Quaerat quia voluptate exercitationem vitae quam incidunt minus.') WHERE ct_email = 'Lessie_Thompson@gmail.com' AND pet_owner = 'Gilbert77@yahoo.com' AND pet_name = 'Ena' AND start_date = Date('2020-09-20T03:17:48.291Z') AND end_date = Date('2020-09-28T16:57:39.780Z');
UPDATE bid SET (bid_status, rating, feedback) = ('reviewed', 3, 'Illum minima error voluptas animi assumenda fuga harum. Est debitis sint autem nobis ipsa.') WHERE ct_email = 'Hailee_Zieme@hotmail.com' AND pet_owner = 'Magali_Wiza@gmail.com' AND pet_name = 'Kennedy' AND start_date = Date('2020-09-20T03:17:48.291Z') AND end_date = Date('2020-09-28T16:57:39.780Z');
UPDATE bid SET (bid_status, rating, feedback) = ('reviewed', 5, 'Corporis et impedit voluptatibus. Autem sed et.') WHERE ct_email = 'Dianna67@hotmail.com' AND pet_owner = 'Amanda.Sanford@yahoo.com' AND pet_name = 'Jesus' AND start_date = Date('2020-09-20T03:17:48.291Z') AND end_date = Date('2020-09-28T16:57:39.780Z');
UPDATE bid SET (bid_status, rating, feedback) = ('reviewed', 4, 'Exercitationem aut quo dolor corporis possimus. Nemo est commodi voluptas tenetur et laboriosam earum doloremque inventore.') WHERE ct_email = 'Abbigail_Spencer@yahoo.com' AND pet_owner = 'Carlotta4@gmail.com' AND pet_name = 'Jaron' AND start_date = Date('2020-09-20T03:17:48.291Z') AND end_date = Date('2020-09-28T16:57:39.780Z');
UPDATE bid SET (bid_status, rating, feedback) = ('reviewed', 5, 'Repellat similique magnam nulla sed. Voluptatem quia velit et et eos nostrum ipsa.') WHERE ct_email = 'Hudson.Barrows@hotmail.com' AND pet_owner = 'Lessie_Thompson@gmail.com' AND pet_name = 'Hobart' AND start_date = Date('2020-09-20T03:17:48.291Z') AND end_date = Date('2020-09-28T16:57:39.780Z');
UPDATE bid SET (bid_status, rating, feedback) = ('reviewed', 5, 'Dolor pariatur odit iusto necessitatibus autem fugiat iste temporibus. Aut error sed ad unde qui dolorem incidunt.') WHERE ct_email = 'Michaela59@yahoo.com' AND pet_owner = 'Madisyn_Gaylord@gmail.com' AND pet_name = 'Darius' AND start_date = Date('2020-09-20T03:17:48.291Z') AND end_date = Date('2020-09-28T16:57:39.780Z');
INSERT INTO bid (ct_email, ct_price, start_date, end_date, is_cash, transport_method, pet_owner, pet_name, bid_status) VALUES ('Millie75@yahoo.com', 3, '2020-09-29T16:57:39.780Z', '2020-10-08T01:00:47.555Z', true, 'pickup', 'Isaiah.Corwin49@gmail.com', 'Margie', 'confirmed');
INSERT INTO bid (ct_email, ct_price, start_date, end_date, is_cash, transport_method, pet_owner, pet_name, bid_status) VALUES ('Shanny_Koss60@yahoo.com', 19, '2020-09-29T16:57:39.780Z', '2020-10-08T01:00:47.555Z', true, 'delivery', 'Jason76@yahoo.com', 'Aurelia', 'confirmed');
INSERT INTO bid (ct_email, ct_price, start_date, end_date, is_cash, transport_method, pet_owner, pet_name, bid_status) VALUES ('Joaquin.Wiegand@gmail.com', 19, '2020-09-29T16:57:39.780Z', '2020-10-08T01:00:47.555Z', true, 'pickup', 'Darien.Stroman64@hotmail.com', 'Keely', 'confirmed');
INSERT INTO bid (ct_email, ct_price, start_date, end_date, is_cash, transport_method, pet_owner, pet_name, bid_status) VALUES ('Nikki_Franecki36@gmail.com', 15, '2020-09-29T16:57:39.780Z', '2020-10-08T01:00:47.555Z', true, 'delivery', 'Declan65@yahoo.com', 'Lucy', 'confirmed');
INSERT INTO bid (ct_email, ct_price, start_date, end_date, is_cash, transport_method, pet_owner, pet_name, bid_status) VALUES ('Linda45@yahoo.com', 17, '2020-09-29T16:57:39.780Z', '2020-10-08T01:00:47.555Z', true, 'pcs', 'April21@hotmail.com', 'Zelma', 'confirmed');
INSERT INTO bid (ct_email, ct_price, start_date, end_date, is_cash, transport_method, pet_owner, pet_name, bid_status) VALUES ('Josephine64@yahoo.com', 12, '2020-09-29T16:57:39.780Z', '2020-10-08T01:00:47.555Z', true, 'pickup', 'Herta.Harber60@hotmail.com', 'Wilfredo', 'confirmed');
INSERT INTO bid (ct_email, ct_price, start_date, end_date, is_cash, transport_method, pet_owner, pet_name, bid_status) VALUES ('Tressa_Huels3@gmail.com', 5, '2020-09-29T16:57:39.780Z', '2020-10-08T01:00:47.555Z', true, 'pcs', 'Clay.Nader10@gmail.com', 'Felton', 'confirmed');
INSERT INTO bid (ct_email, ct_price, start_date, end_date, is_cash, transport_method, pet_owner, pet_name, bid_status) VALUES ('Loma_Christiansen@hotmail.com', 14, '2020-09-29T16:57:39.780Z', '2020-10-08T01:00:47.555Z', true, 'pcs', 'Demetris91@gmail.com', 'Lora', 'confirmed');
INSERT INTO bid (ct_email, ct_price, start_date, end_date, is_cash, transport_method, pet_owner, pet_name, bid_status) VALUES ('Mary_Hane@gmail.com', 7, '2020-09-29T16:57:39.780Z', '2020-10-08T01:00:47.555Z', true, 'pcs', 'Clement.McDermott67@hotmail.com', 'Waino', 'confirmed');
INSERT INTO bid (ct_email, ct_price, start_date, end_date, is_cash, transport_method, pet_owner, pet_name, bid_status) VALUES ('Charles.Gleichner@hotmail.com', 15, '2020-09-29T16:57:39.780Z', '2020-10-08T01:00:47.555Z', true, 'pcs', 'Geovanni3@yahoo.com', 'Jairo', 'confirmed');
INSERT INTO bid (ct_email, ct_price, start_date, end_date, is_cash, transport_method, pet_owner, pet_name, bid_status) VALUES ('Kiel_Klocko13@hotmail.com', 17, '2020-09-29T16:57:39.780Z', '2020-10-08T01:00:47.555Z', true, 'delivery', 'Gregory.Krajcik94@yahoo.com', 'Esta', 'confirmed');
INSERT INTO bid (ct_email, ct_price, start_date, end_date, is_cash, transport_method, pet_owner, pet_name, bid_status) VALUES ('Oral73@yahoo.com', 3, '2020-09-29T16:57:39.780Z', '2020-10-08T01:00:47.555Z', true, 'pcs', 'Claire.Considine@hotmail.com', 'Darren', 'confirmed');
INSERT INTO bid (ct_email, ct_price, start_date, end_date, is_cash, transport_method, pet_owner, pet_name, bid_status) VALUES ('Esta29@yahoo.com', 9, '2020-09-29T16:57:39.780Z', '2020-10-08T01:00:47.555Z', true, 'pickup', 'Shannon_Zemlak@yahoo.com', 'Jaron', 'confirmed');
INSERT INTO bid (ct_email, ct_price, start_date, end_date, is_cash, transport_method, pet_owner, pet_name, bid_status) VALUES ('Onie84@hotmail.com', 18, '2020-09-29T16:57:39.780Z', '2020-10-08T01:00:47.555Z', true, 'delivery', 'Jerod.Brakus2@gmail.com', 'Benton', 'confirmed');
INSERT INTO bid (ct_email, ct_price, start_date, end_date, is_cash, transport_method, pet_owner, pet_name, bid_status) VALUES ('Maudie65@hotmail.com', 14, '2020-09-29T16:57:39.780Z', '2020-10-08T01:00:47.555Z', true, 'pickup', 'Maddison62@hotmail.com', 'Bertha', 'confirmed');
INSERT INTO bid (ct_email, ct_price, start_date, end_date, is_cash, transport_method, pet_owner, pet_name, bid_status) VALUES ('Gwendolyn.Fadel@yahoo.com', 6, '2020-09-29T16:57:39.780Z', '2020-10-08T01:00:47.555Z', true, 'delivery', 'Lucy_Grady26@yahoo.com', 'Albina', 'confirmed');
INSERT INTO bid (ct_email, ct_price, start_date, end_date, is_cash, transport_method, pet_owner, pet_name, bid_status) VALUES ('Stephania_Hodkiewicz72@hotmail.com', 1, '2020-09-29T16:57:39.780Z', '2020-10-08T01:00:47.555Z', true, 'delivery', 'Edmund_Sauer94@hotmail.com', 'Jordy', 'confirmed');
INSERT INTO bid (ct_email, ct_price, start_date, end_date, is_cash, transport_method, pet_owner, pet_name, bid_status) VALUES ('Greg_Feest@yahoo.com', 13, '2020-09-29T16:57:39.780Z', '2020-10-08T01:00:47.555Z', true, 'pcs', 'Lamont_Hackett@yahoo.com', 'Cristopher', 'confirmed');
INSERT INTO bid (ct_email, ct_price, start_date, end_date, is_cash, transport_method, pet_owner, pet_name, bid_status) VALUES ('Manuel15@hotmail.com', 8, '2020-09-29T16:57:39.780Z', '2020-10-08T01:00:47.555Z', true, 'delivery', 'Joaquin.Wiegand@gmail.com', 'Alexis', 'confirmed');
INSERT INTO bid (ct_email, ct_price, start_date, end_date, is_cash, transport_method, pet_owner, pet_name, bid_status) VALUES ('Amanda.Sanford@yahoo.com', 12, '2020-09-29T16:57:39.780Z', '2020-10-08T01:00:47.555Z', true, 'pcs', 'Stevie.Watsica87@yahoo.com', 'Christelle', 'confirmed');
INSERT INTO bid (ct_email, ct_price, start_date, end_date, is_cash, transport_method, pet_owner, pet_name, bid_status) VALUES ('Lela_Beahan@gmail.com', 6, '2020-09-29T16:57:39.780Z', '2020-10-08T01:00:47.555Z', true, 'delivery', 'Winston_Pfannerstill9@yahoo.com', 'Ray', 'confirmed');
INSERT INTO bid (ct_email, ct_price, start_date, end_date, is_cash, transport_method, pet_owner, pet_name, bid_status) VALUES ('Arielle_Hettinger@gmail.com', 4, '2020-09-29T16:57:39.780Z', '2020-10-08T01:00:47.555Z', true, 'delivery', 'Dovie39@hotmail.com', 'Mohammad', 'confirmed');
INSERT INTO bid (ct_email, ct_price, start_date, end_date, is_cash, transport_method, pet_owner, pet_name, bid_status) VALUES ('Rodrigo.Hand59@yahoo.com', 7, '2020-09-29T16:57:39.780Z', '2020-10-08T01:00:47.555Z', true, 'pickup', 'Hester7@hotmail.com', 'Hassie', 'confirmed');
INSERT INTO bid (ct_email, ct_price, start_date, end_date, is_cash, transport_method, pet_owner, pet_name, bid_status) VALUES ('Morris_Runolfsdottir6@gmail.com', 7, '2020-09-29T16:57:39.780Z', '2020-10-08T01:00:47.555Z', true, 'pickup', 'Alena75@hotmail.com', 'Saige', 'confirmed');
INSERT INTO bid (ct_email, ct_price, start_date, end_date, is_cash, transport_method, pet_owner, pet_name, bid_status) VALUES ('Lon47@yahoo.com', 14, '2020-09-29T16:57:39.780Z', '2020-10-08T01:00:47.555Z', true, 'pickup', 'Araceli_Herzog64@yahoo.com', 'Mason', 'confirmed');
INSERT INTO bid (ct_email, ct_price, start_date, end_date, is_cash, transport_method, pet_owner, pet_name, bid_status) VALUES ('Aiden.Sporer@hotmail.com', 5, '2020-09-29T16:57:39.780Z', '2020-10-08T01:00:47.555Z', true, 'pickup', 'Velda_King@gmail.com', 'Llewellyn', 'confirmed');
INSERT INTO bid (ct_email, ct_price, start_date, end_date, is_cash, transport_method, pet_owner, pet_name, bid_status) VALUES ('Kailyn99@yahoo.com', 17, '2020-09-29T16:57:39.780Z', '2020-10-08T01:00:47.555Z', true, 'pickup', 'Magali_Wiza@gmail.com', 'Kennedy', 'confirmed');
INSERT INTO bid (ct_email, ct_price, start_date, end_date, is_cash, transport_method, pet_owner, pet_name, bid_status) VALUES ('Verna_Braun72@yahoo.com', 10, '2020-09-29T16:57:39.780Z', '2020-10-08T01:00:47.555Z', true, 'pickup', 'Tressa_Huels3@gmail.com', 'Chet', 'confirmed');
INSERT INTO bid (ct_email, ct_price, start_date, end_date, is_cash, transport_method, pet_owner, pet_name, bid_status) VALUES ('Anabelle87@yahoo.com', 4, '2020-09-29T16:57:39.780Z', '2020-10-08T01:00:47.555Z', true, 'pickup', 'Frida_Nicolas@gmail.com', 'Adolphus', 'confirmed');
INSERT INTO bid (ct_email, ct_price, start_date, end_date, is_cash, transport_method, pet_owner, pet_name, bid_status) VALUES ('Amara9@gmail.com', 13, '2020-09-29T16:57:39.780Z', '2020-10-08T01:00:47.555Z', true, 'pickup', 'Declan65@yahoo.com', 'Leonardo', 'confirmed');
INSERT INTO bid (ct_email, ct_price, start_date, end_date, is_cash, transport_method, pet_owner, pet_name, bid_status) VALUES ('Ariane.Lueilwitz@gmail.com', 9, '2020-09-29T16:57:39.780Z', '2020-10-08T01:00:47.555Z', true, 'pcs', 'Travon56@hotmail.com', 'Rebeka', 'confirmed');
INSERT INTO bid (ct_email, ct_price, start_date, end_date, is_cash, transport_method, pet_owner, pet_name, bid_status) VALUES ('Merlin_Wilderman94@gmail.com', 16, '2020-09-29T16:57:39.780Z', '2020-10-08T01:00:47.555Z', true, 'pcs', 'Orrin8@yahoo.com', 'Jovani', 'confirmed');
INSERT INTO bid (ct_email, ct_price, start_date, end_date, is_cash, transport_method, pet_owner, pet_name, bid_status) VALUES ('Jeffrey.Ebert@gmail.com', 14, '2020-09-29T16:57:39.780Z', '2020-10-08T01:00:47.555Z', true, 'pickup', 'Cole.Kohler@hotmail.com', 'Jayda', 'confirmed');
INSERT INTO bid (ct_email, ct_price, start_date, end_date, is_cash, transport_method, pet_owner, pet_name, bid_status) VALUES ('Marcelle_Breitenberg@gmail.com', 3, '2020-09-29T16:57:39.780Z', '2020-10-08T01:00:47.555Z', true, 'delivery', 'Ressie7@hotmail.com', 'Anika', 'confirmed');
INSERT INTO bid (ct_email, ct_price, start_date, end_date, is_cash, transport_method, pet_owner, pet_name, bid_status) VALUES ('Loy85@gmail.com', 16, '2020-09-29T16:57:39.780Z', '2020-10-08T01:00:47.555Z', true, 'pickup', 'Britney_Reilly96@hotmail.com', 'Trinity', 'confirmed');
INSERT INTO bid (ct_email, ct_price, start_date, end_date, is_cash, transport_method, pet_owner, pet_name, bid_status) VALUES ('Dolores.Gaylord@hotmail.com', 6, '2020-09-29T16:57:39.780Z', '2020-10-08T01:00:47.555Z', true, 'delivery', 'Carlotta4@gmail.com', 'Thaddeus', 'confirmed');
INSERT INTO bid (ct_email, ct_price, start_date, end_date, is_cash, transport_method, pet_owner, pet_name, bid_status) VALUES ('Ebony21@gmail.com', 10, '2020-09-29T16:57:39.780Z', '2020-10-08T01:00:47.555Z', true, 'pickup', 'Westley_Johnston@hotmail.com', 'Giovanny', 'confirmed');
INSERT INTO bid (ct_email, ct_price, start_date, end_date, is_cash, transport_method, pet_owner, pet_name, bid_status) VALUES ('Elva_Barton@gmail.com', 14, '2020-09-29T16:57:39.780Z', '2020-10-08T01:00:47.555Z', true, 'pcs', 'Kailyn99@yahoo.com', 'Felton', 'confirmed');
INSERT INTO bid (ct_email, ct_price, start_date, end_date, is_cash, transport_method, pet_owner, pet_name, bid_status) VALUES ('Luisa_Beier@hotmail.com', 14, '2020-09-29T16:57:39.780Z', '2020-10-08T01:00:47.555Z', true, 'pickup', 'Pearline.Lemke85@gmail.com', 'Lee', 'confirmed');
INSERT INTO bid (ct_email, ct_price, start_date, end_date, is_cash, transport_method, pet_owner, pet_name, bid_status) VALUES ('Shania_Jacobson@hotmail.com', 11, '2020-09-29T16:57:39.780Z', '2020-10-08T01:00:47.555Z', true, 'pcs', 'Noble70@gmail.com', 'Patsy', 'confirmed');
INSERT INTO bid (ct_email, ct_price, start_date, end_date, is_cash, transport_method, pet_owner, pet_name, bid_status) VALUES ('Keyon35@yahoo.com', 5, '2020-09-29T16:57:39.780Z', '2020-10-08T01:00:47.555Z', true, 'pickup', 'Amara9@gmail.com', 'Vinnie', 'confirmed');
INSERT INTO bid (ct_email, ct_price, start_date, end_date, is_cash, transport_method, pet_owner, pet_name, bid_status) VALUES ('Laurianne.Becker2@gmail.com', 6, '2020-09-29T16:57:39.780Z', '2020-10-08T01:00:47.555Z', true, 'pcs', 'Quinn.Ankunding@yahoo.com', 'Janessa', 'confirmed');
INSERT INTO bid (ct_email, ct_price, start_date, end_date, is_cash, transport_method, pet_owner, pet_name, bid_status) VALUES ('Janelle_Gutkowski24@yahoo.com', 13, '2020-09-29T16:57:39.780Z', '2020-10-08T01:00:47.555Z', true, 'pickup', 'Tyrel_Beier83@yahoo.com', 'Grady', 'confirmed');
INSERT INTO bid (ct_email, ct_price, start_date, end_date, is_cash, transport_method, pet_owner, pet_name, bid_status) VALUES ('Ofelia.Aufderhar@yahoo.com', 16, '2020-09-29T16:57:39.780Z', '2020-10-08T01:00:47.555Z', true, 'pcs', 'Maxie.Heathcote2@gmail.com', 'Aurelie', 'confirmed');
INSERT INTO bid (ct_email, ct_price, start_date, end_date, is_cash, transport_method, pet_owner, pet_name, bid_status) VALUES ('Noah_Maggio64@yahoo.com', 5, '2020-09-29T16:57:39.780Z', '2020-10-08T01:00:47.555Z', true, 'pcs', 'Tressie78@gmail.com', 'Diego', 'confirmed');
INSERT INTO bid (ct_email, ct_price, start_date, end_date, is_cash, transport_method, pet_owner, pet_name, bid_status) VALUES ('Lorenz_Tillman@yahoo.com', 14, '2020-09-29T16:57:39.780Z', '2020-10-08T01:00:47.555Z', true, 'pcs', 'Alena75@hotmail.com', 'Emmet', 'confirmed');
INSERT INTO bid (ct_email, ct_price, start_date, end_date, is_cash, transport_method, pet_owner, pet_name, bid_status) VALUES ('Taryn_Nikolaus43@hotmail.com', 17, '2020-09-29T16:57:39.780Z', '2020-10-08T01:00:47.555Z', true, 'pickup', 'Shaun_Herzog@yahoo.com', 'Asia', 'confirmed');
INSERT INTO bid (ct_email, ct_price, start_date, end_date, is_cash, transport_method, pet_owner, pet_name, bid_status) VALUES ('Kavon79@hotmail.com', 11, '2020-09-29T16:57:39.780Z', '2020-10-08T01:00:47.555Z', true, 'pickup', 'Chester.Turner79@yahoo.com', 'Marcus', 'confirmed');
INSERT INTO bid (ct_email, ct_price, start_date, end_date, is_cash, transport_method, pet_owner, pet_name, bid_status) VALUES ('Crystal.Hayes43@yahoo.com', 16, '2020-09-29T16:57:39.780Z', '2020-10-08T01:00:47.555Z', true, 'pcs', 'Wiley.Deckow@yahoo.com', 'Muriel', 'confirmed');
INSERT INTO bid (ct_email, ct_price, start_date, end_date, is_cash, transport_method, pet_owner, pet_name, bid_status) VALUES ('Hardy.Terry@gmail.com', 15, '2020-09-29T16:57:39.780Z', '2020-10-08T01:00:47.555Z', true, 'delivery', 'Lowell86@hotmail.com', 'Mona', 'confirmed');
INSERT INTO bid (ct_email, ct_price, start_date, end_date, is_cash, transport_method, pet_owner, pet_name, bid_status) VALUES ('Genevieve_Ondricka@yahoo.com', 2, '2020-09-29T16:57:39.780Z', '2020-10-08T01:00:47.555Z', true, 'pickup', 'Eugene_Morissette30@yahoo.com', 'Desiree', 'confirmed');
INSERT INTO bid (ct_email, ct_price, start_date, end_date, is_cash, transport_method, pet_owner, pet_name, bid_status) VALUES ('Daphney_Anderson28@yahoo.com', 8, '2020-09-29T16:57:39.780Z', '2020-10-08T01:00:47.555Z', true, 'pickup', 'Claire.Considine@hotmail.com', 'Elmo', 'confirmed');
INSERT INTO bid (ct_email, ct_price, start_date, end_date, is_cash, transport_method, pet_owner, pet_name, bid_status) VALUES ('Cyril58@gmail.com', 0, '2020-09-29T16:57:39.780Z', '2020-10-08T01:00:47.555Z', true, 'pcs', 'Alycia.Nader98@hotmail.com', 'Lupe', 'confirmed');
INSERT INTO bid (ct_email, ct_price, start_date, end_date, is_cash, transport_method, pet_owner, pet_name, bid_status) VALUES ('Kenton91@gmail.com', 20, '2020-09-29T16:57:39.780Z', '2020-10-08T01:00:47.555Z', true, 'pcs', 'Otilia_Kreiger@hotmail.com', 'Bryce', 'confirmed');
INSERT INTO bid (ct_email, ct_price, start_date, end_date, is_cash, transport_method, pet_owner, pet_name, bid_status) VALUES ('Chase24@gmail.com', 13, '2020-09-29T16:57:39.780Z', '2020-10-08T01:00:47.555Z', true, 'pcs', 'Montana95@hotmail.com', 'Alejandra', 'confirmed');
INSERT INTO bid (ct_email, ct_price, start_date, end_date, is_cash, transport_method, pet_owner, pet_name, bid_status) VALUES ('Madeline.Schowalter4@yahoo.com', 12, '2020-09-29T16:57:39.780Z', '2020-10-08T01:00:47.555Z', true, 'pickup', 'Brittany_Carter87@hotmail.com', 'Lisandro', 'confirmed');
INSERT INTO bid (ct_email, ct_price, start_date, end_date, is_cash, transport_method, pet_owner, pet_name, bid_status) VALUES ('Carlotta4@gmail.com', 16, '2020-09-29T16:57:39.780Z', '2020-10-08T01:00:47.555Z', true, 'pickup', 'Leonie.Bartell11@yahoo.com', 'Aylin', 'confirmed');
INSERT INTO bid (ct_email, ct_price, start_date, end_date, is_cash, transport_method, pet_owner, pet_name, bid_status) VALUES ('Katlynn.Will@gmail.com', 12, '2020-09-29T16:57:39.780Z', '2020-10-08T01:00:47.555Z', true, 'delivery', 'Flossie_Nader@hotmail.com', 'Robyn', 'confirmed');
INSERT INTO bid (ct_email, ct_price, start_date, end_date, is_cash, transport_method, pet_owner, pet_name, bid_status) VALUES ('Lisandro83@hotmail.com', 3, '2020-09-29T16:57:39.780Z', '2020-10-08T01:00:47.555Z', true, 'pickup', 'Tatum.Windler@hotmail.com', 'Karolann', 'confirmed');
INSERT INTO bid (ct_email, ct_price, start_date, end_date, is_cash, transport_method, pet_owner, pet_name, bid_status) VALUES ('Richard_Ritchie@hotmail.com', 17, '2020-09-29T16:57:39.780Z', '2020-10-08T01:00:47.555Z', true, 'delivery', 'Emmie_Dicki@hotmail.com', 'Audra', 'confirmed');
INSERT INTO bid (ct_email, ct_price, start_date, end_date, is_cash, transport_method, pet_owner, pet_name, bid_status) VALUES ('Wade.Murazik53@hotmail.com', 11, '2020-09-29T16:57:39.780Z', '2020-10-08T01:00:47.555Z', true, 'pcs', 'Ernest_Beer23@hotmail.com', 'Rollin', 'confirmed');
INSERT INTO bid (ct_email, ct_price, start_date, end_date, is_cash, transport_method, pet_owner, pet_name, bid_status) VALUES ('Katheryn_Boehm89@hotmail.com', 11, '2020-09-29T16:57:39.780Z', '2020-10-08T01:00:47.555Z', true, 'pcs', 'Jeffrey.Ebert@gmail.com', 'Lavinia', 'confirmed');
INSERT INTO bid (ct_email, ct_price, start_date, end_date, is_cash, transport_method, pet_owner, pet_name, bid_status) VALUES ('Sarah.Cremin64@yahoo.com', 15, '2020-09-29T16:57:39.780Z', '2020-10-08T01:00:47.555Z', true, 'delivery', 'Abbie69@yahoo.com', 'Ahmed', 'confirmed');
INSERT INTO bid (ct_email, ct_price, start_date, end_date, is_cash, transport_method, pet_owner, pet_name, bid_status) VALUES ('Dominic.Senger@yahoo.com', 19, '2020-09-29T16:57:39.780Z', '2020-10-08T01:00:47.555Z', true, 'delivery', 'Dianna67@hotmail.com', 'Cayla', 'confirmed');
INSERT INTO bid (ct_email, ct_price, start_date, end_date, is_cash, transport_method, pet_owner, pet_name, bid_status) VALUES ('Fermin89@hotmail.com', 2, '2020-09-29T16:57:39.780Z', '2020-10-08T01:00:47.555Z', true, 'pcs', 'Bryon_Casper@gmail.com', 'Eden', 'confirmed');
INSERT INTO bid (ct_email, ct_price, start_date, end_date, is_cash, transport_method, pet_owner, pet_name, bid_status) VALUES ('Esther.Bednar@gmail.com', 9, '2020-09-29T16:57:39.780Z', '2020-10-08T01:00:47.555Z', true, 'pickup', 'Vita23@yahoo.com', 'Michaela', 'confirmed');
INSERT INTO bid (ct_email, ct_price, start_date, end_date, is_cash, transport_method, pet_owner, pet_name, bid_status) VALUES ('Caroline.Hane@gmail.com', 0, '2020-09-29T16:57:39.780Z', '2020-10-08T01:00:47.555Z', true, 'pickup', 'Narciso38@yahoo.com', 'Bert', 'confirmed');
INSERT INTO bid (ct_email, ct_price, start_date, end_date, is_cash, transport_method, pet_owner, pet_name, bid_status) VALUES ('Alessandro56@hotmail.com', 20, '2020-09-29T16:57:39.780Z', '2020-10-08T01:00:47.555Z', true, 'pcs', 'Gillian69@gmail.com', 'Joesph', 'confirmed');
INSERT INTO bid (ct_email, ct_price, start_date, end_date, is_cash, transport_method, pet_owner, pet_name, bid_status) VALUES ('Jackson_Baumbach@gmail.com', 0, '2020-09-29T16:57:39.780Z', '2020-10-08T01:00:47.555Z', true, 'pickup', 'Thad.Reichel@yahoo.com', 'Cristobal', 'confirmed');
INSERT INTO bid (ct_email, ct_price, start_date, end_date, is_cash, transport_method, pet_owner, pet_name, bid_status) VALUES ('Jake9@gmail.com', 8, '2020-09-29T16:57:39.780Z', '2020-10-08T01:00:47.555Z', true, 'pcs', 'Viola.Gibson59@yahoo.com', 'Werner', 'confirmed');
INSERT INTO bid (ct_email, ct_price, start_date, end_date, is_cash, transport_method, pet_owner, pet_name, bid_status) VALUES ('Abdul.Greenholt@yahoo.com', 17, '2020-09-29T16:57:39.780Z', '2020-10-08T01:00:47.555Z', true, 'pickup', 'Riley.Bernhard@hotmail.com', 'Tracey', 'confirmed');
INSERT INTO bid (ct_email, ct_price, start_date, end_date, is_cash, transport_method, pet_owner, pet_name, bid_status) VALUES ('Elmira.Kohler46@hotmail.com', 10, '2020-09-29T16:57:39.780Z', '2020-10-08T01:00:47.555Z', true, 'delivery', 'Blaze.Zulauf@gmail.com', 'Hubert', 'confirmed');
INSERT INTO bid (ct_email, ct_price, start_date, end_date, is_cash, transport_method, pet_owner, pet_name, bid_status) VALUES ('Alverta.Zulauf@yahoo.com', 13, '2020-09-29T16:57:39.780Z', '2020-10-08T01:00:47.555Z', true, 'pcs', 'Antonette.Boyer@gmail.com', 'Vilma', 'confirmed');
INSERT INTO bid (ct_email, ct_price, start_date, end_date, is_cash, transport_method, pet_owner, pet_name, bid_status) VALUES ('Madisen_Reichel@yahoo.com', 18, '2020-09-29T16:57:39.780Z', '2020-10-08T01:00:47.555Z', true, 'pickup', 'Florence_Funk@yahoo.com', 'Emery', 'confirmed');
INSERT INTO bid (ct_email, ct_price, start_date, end_date, is_cash, transport_method, pet_owner, pet_name, bid_status) VALUES ('Hadley.Ruecker@hotmail.com', 8, '2020-09-29T16:57:39.780Z', '2020-10-08T01:00:47.555Z', true, 'pickup', 'Isaiah.Corwin49@gmail.com', 'Jess', 'confirmed');
INSERT INTO bid (ct_email, ct_price, start_date, end_date, is_cash, transport_method, pet_owner, pet_name, bid_status) VALUES ('Mariah.Watsica@hotmail.com', 1, '2020-09-29T16:57:39.780Z', '2020-10-08T01:00:47.555Z', true, 'pickup', 'Daphney_Schmeler@hotmail.com', 'Macie', 'confirmed');
INSERT INTO bid (ct_email, ct_price, start_date, end_date, is_cash, transport_method, pet_owner, pet_name, bid_status) VALUES ('Julia87@hotmail.com', 19, '2020-09-29T16:57:39.780Z', '2020-10-08T01:00:47.555Z', true, 'delivery', 'Frank63@gmail.com', 'Allen', 'confirmed');
INSERT INTO bid (ct_email, ct_price, start_date, end_date, is_cash, transport_method, pet_owner, pet_name, bid_status) VALUES ('Gisselle_Marvin4@gmail.com', 2, '2020-09-29T16:57:39.780Z', '2020-10-08T01:00:47.555Z', true, 'delivery', 'Cynthia8@yahoo.com', 'Baron', 'confirmed');
INSERT INTO bid (ct_email, ct_price, start_date, end_date, is_cash, transport_method, pet_owner, pet_name, bid_status) VALUES ('Berenice.Hirthe@yahoo.com', 3, '2020-09-29T16:57:39.780Z', '2020-10-08T01:00:47.555Z', true, 'pcs', 'Willow91@hotmail.com', 'Shane', 'confirmed');
INSERT INTO bid (ct_email, ct_price, start_date, end_date, is_cash, transport_method, pet_owner, pet_name, bid_status) VALUES ('Aglae.Marquardt3@gmail.com', 3, '2020-09-29T16:57:39.780Z', '2020-10-08T01:00:47.555Z', true, 'delivery', 'Olin19@yahoo.com', 'Coleman', 'confirmed');
INSERT INTO bid (ct_email, ct_price, start_date, end_date, is_cash, transport_method, pet_owner, pet_name, bid_status) VALUES ('Carmela.Flatley@gmail.com', 2, '2020-09-29T16:57:39.780Z', '2020-10-08T01:00:47.555Z', true, 'pcs', 'Nathaniel_Stiedemann@gmail.com', 'Duane', 'confirmed');
INSERT INTO bid (ct_email, ct_price, start_date, end_date, is_cash, transport_method, pet_owner, pet_name, bid_status) VALUES ('Willie.Harvey7@yahoo.com', 5, '2020-09-29T16:57:39.780Z', '2020-10-08T01:00:47.555Z', true, 'delivery', 'Josefa_Funk@gmail.com', 'Randal', 'confirmed');
INSERT INTO bid (ct_email, ct_price, start_date, end_date, is_cash, transport_method, pet_owner, pet_name, bid_status) VALUES ('Franco_Schuster78@hotmail.com', 12, '2020-09-29T16:57:39.780Z', '2020-10-08T01:00:47.555Z', true, 'pickup', 'Winston_Pfannerstill9@yahoo.com', 'Rasheed', 'confirmed');
INSERT INTO bid (ct_email, ct_price, start_date, end_date, is_cash, transport_method, pet_owner, pet_name, bid_status) VALUES ('Leon52@yahoo.com', 6, '2020-09-29T16:57:39.780Z', '2020-10-08T01:00:47.555Z', true, 'pcs', 'Aniyah95@yahoo.com', 'Ignatius', 'confirmed');
INSERT INTO bid (ct_email, ct_price, start_date, end_date, is_cash, transport_method, pet_owner, pet_name, bid_status) VALUES ('Maribel_Deckow35@hotmail.com', 11, '2020-09-29T16:57:39.780Z', '2020-10-08T01:00:47.555Z', true, 'pickup', 'Andre34@yahoo.com', 'Christine', 'confirmed');
INSERT INTO bid (ct_email, ct_price, start_date, end_date, is_cash, transport_method, pet_owner, pet_name, bid_status) VALUES ('Israel_Hoeger@yahoo.com', 3, '2020-09-29T16:57:39.780Z', '2020-10-08T01:00:47.555Z', true, 'delivery', 'Chadd_Carter25@hotmail.com', 'Hassan', 'confirmed');
INSERT INTO bid (ct_email, ct_price, start_date, end_date, is_cash, transport_method, pet_owner, pet_name, bid_status) VALUES ('Jayson60@gmail.com', 1, '2020-09-29T16:57:39.780Z', '2020-10-08T01:00:47.555Z', true, 'delivery', 'Riley.Bernhard@hotmail.com', 'Jayne', 'confirmed');
INSERT INTO bid (ct_email, ct_price, start_date, end_date, is_cash, transport_method, pet_owner, pet_name, bid_status) VALUES ('Viola.Gibson59@yahoo.com', 17, '2020-09-29T16:57:39.780Z', '2020-10-08T01:00:47.555Z', true, 'pickup', 'Irma36@gmail.com', 'Nikko', 'confirmed');
INSERT INTO bid (ct_email, ct_price, start_date, end_date, is_cash, transport_method, pet_owner, pet_name, bid_status) VALUES ('Claire.Considine@hotmail.com', 9, '2020-09-29T16:57:39.780Z', '2020-10-08T01:00:47.555Z', true, 'delivery', 'Gregory.Krajcik94@yahoo.com', 'Alan', 'confirmed');
INSERT INTO bid (ct_email, ct_price, start_date, end_date, is_cash, transport_method, pet_owner, pet_name, bid_status) VALUES ('Flavie.West@gmail.com', 14, '2020-09-29T16:57:39.780Z', '2020-10-08T01:00:47.555Z', true, 'pickup', 'Xavier73@gmail.com', 'Phyllis', 'confirmed');
INSERT INTO bid (ct_email, ct_price, start_date, end_date, is_cash, transport_method, pet_owner, pet_name, bid_status) VALUES ('Maynard_Ernser91@gmail.com', 2, '2020-09-29T16:57:39.780Z', '2020-10-08T01:00:47.555Z', true, 'pickup', 'Jordane_Gerhold37@gmail.com', 'Kristian', 'confirmed');
INSERT INTO bid (ct_email, ct_price, start_date, end_date, is_cash, transport_method, pet_owner, pet_name, bid_status) VALUES ('Jamison31@gmail.com', 5, '2020-09-29T16:57:39.780Z', '2020-10-08T01:00:47.555Z', true, 'pcs', 'Neal.Schuster67@hotmail.com', 'Demetrius', 'confirmed');
INSERT INTO bid (ct_email, ct_price, start_date, end_date, is_cash, transport_method, pet_owner, pet_name, bid_status) VALUES ('Donny23@yahoo.com', 5, '2020-09-29T16:57:39.780Z', '2020-10-08T01:00:47.555Z', true, 'pcs', 'Joaquin.Wiegand@gmail.com', 'Rodrick', 'confirmed');
INSERT INTO bid (ct_email, ct_price, start_date, end_date, is_cash, transport_method, pet_owner, pet_name, bid_status) VALUES ('Kelley32@gmail.com', 7, '2020-09-29T16:57:39.780Z', '2020-10-08T01:00:47.555Z', true, 'pickup', 'Hadley.Ruecker@hotmail.com', 'Lyla', 'confirmed');
INSERT INTO bid (ct_email, ct_price, start_date, end_date, is_cash, transport_method, pet_owner, pet_name, bid_status) VALUES ('Francisca_Bosco@gmail.com', 18, '2020-09-29T16:57:39.780Z', '2020-10-08T01:00:47.555Z', true, 'delivery', 'Raegan_Fadel@hotmail.com', 'Leslie', 'confirmed');
INSERT INTO bid (ct_email, ct_price, start_date, end_date, is_cash, transport_method, pet_owner, pet_name, bid_status) VALUES ('Alessia13@gmail.com', 0, '2020-09-29T16:57:39.780Z', '2020-10-08T01:00:47.555Z', true, 'pcs', 'Tanya_Block34@hotmail.com', 'Ansel', 'confirmed');
INSERT INTO bid (ct_email, ct_price, start_date, end_date, is_cash, transport_method, pet_owner, pet_name, bid_status) VALUES ('Jace_Daniel@yahoo.com', 10, '2020-09-29T16:57:39.780Z', '2020-10-08T01:00:47.555Z', true, 'pickup', 'Mario.Welch13@hotmail.com', 'Leta', 'confirmed');
INSERT INTO bid (ct_email, ct_price, start_date, end_date, is_cash, transport_method, pet_owner, pet_name, bid_status) VALUES ('Darien.Stroman64@hotmail.com', 20, '2020-09-29T16:57:39.780Z', '2020-10-08T01:00:47.555Z', true, 'pcs', 'Marion.Torp74@yahoo.com', 'Victoria', 'confirmed');
INSERT INTO bid (ct_email, ct_price, start_date, end_date, is_cash, transport_method, pet_owner, pet_name, bid_status) VALUES ('Ashlynn.Welch11@gmail.com', 3, '2020-09-29T16:57:39.780Z', '2020-10-08T01:00:47.555Z', true, 'pickup', 'Lincoln.Swift@gmail.com', 'Pierce', 'confirmed');
INSERT INTO bid (ct_email, ct_price, start_date, end_date, is_cash, transport_method, pet_owner, pet_name, bid_status) VALUES ('Tierra59@yahoo.com', 0, '2020-09-29T16:57:39.780Z', '2020-10-08T01:00:47.555Z', true, 'pcs', 'Maddison62@hotmail.com', 'Mylene', 'confirmed');
INSERT INTO bid (ct_email, ct_price, start_date, end_date, is_cash, transport_method, pet_owner, pet_name, bid_status) VALUES ('Kaya.Kassulke@gmail.com', 4, '2020-09-29T16:57:39.780Z', '2020-10-08T01:00:47.555Z', true, 'pcs', 'Daphney_Anderson28@yahoo.com', 'Tillman', 'confirmed');
INSERT INTO bid (ct_email, ct_price, start_date, end_date, is_cash, transport_method, pet_owner, pet_name, bid_status) VALUES ('Cleve.Kunze91@yahoo.com', 9, '2020-09-29T16:57:39.780Z', '2020-10-08T01:00:47.555Z', true, 'pickup', 'Eda_Bailey@hotmail.com', 'Cooper', 'confirmed');
INSERT INTO bid (ct_email, ct_price, start_date, end_date, is_cash, transport_method, pet_owner, pet_name, bid_status) VALUES ('Art39@gmail.com', 16, '2020-09-29T16:57:39.780Z', '2020-10-08T01:00:47.555Z', true, 'pcs', 'Aric62@yahoo.com', 'Enos', 'confirmed');
INSERT INTO bid (ct_email, ct_price, start_date, end_date, is_cash, transport_method, pet_owner, pet_name, bid_status) VALUES ('Queen.Wilderman71@hotmail.com', 7, '2020-09-29T16:57:39.780Z', '2020-10-08T01:00:47.555Z', true, 'pcs', 'Sadie42@hotmail.com', 'Geo', 'confirmed');
INSERT INTO bid (ct_email, ct_price, start_date, end_date, is_cash, transport_method, pet_owner, pet_name, bid_status) VALUES ('Ole85@gmail.com', 16, '2020-09-29T16:57:39.780Z', '2020-10-08T01:00:47.555Z', true, 'pcs', 'Araceli_Herzog64@yahoo.com', 'Brett', 'confirmed');
INSERT INTO bid (ct_email, ct_price, start_date, end_date, is_cash, transport_method, pet_owner, pet_name, bid_status) VALUES ('Katarina41@gmail.com', 11, '2020-09-29T16:57:39.780Z', '2020-10-08T01:00:47.555Z', true, 'pcs', 'Madisen_Reichel@yahoo.com', 'Kadin', 'confirmed');
INSERT INTO bid (ct_email, ct_price, start_date, end_date, is_cash, transport_method, pet_owner, pet_name, bid_status) VALUES ('Sheila.Towne49@yahoo.com', 0, '2020-09-29T16:57:39.780Z', '2020-10-08T01:00:47.555Z', true, 'pickup', 'Arely.Denesik80@hotmail.com', 'Velma', 'confirmed');
INSERT INTO bid (ct_email, ct_price, start_date, end_date, is_cash, transport_method, pet_owner, pet_name, bid_status) VALUES ('Gilbert.McGlynn@hotmail.com', 6, '2020-09-29T16:57:39.780Z', '2020-10-08T01:00:47.555Z', true, 'delivery', 'Chauncey96@hotmail.com', 'Lucile', 'confirmed');
INSERT INTO bid (ct_email, ct_price, start_date, end_date, is_cash, transport_method, pet_owner, pet_name, bid_status) VALUES ('Amya34@gmail.com', 12, '2020-09-29T16:57:39.780Z', '2020-10-08T01:00:47.555Z', true, 'pickup', 'Hermina.Corkery@yahoo.com', 'Glenda', 'confirmed');
INSERT INTO bid (ct_email, ct_price, start_date, end_date, is_cash, transport_method, pet_owner, pet_name, bid_status) VALUES ('Cleta.Kiehn41@gmail.com', 18, '2020-09-29T16:57:39.780Z', '2020-10-08T01:00:47.555Z', true, 'pcs', 'Neal.Schuster67@hotmail.com', 'Destiny', 'confirmed');
INSERT INTO bid (ct_email, ct_price, start_date, end_date, is_cash, transport_method, pet_owner, pet_name, bid_status) VALUES ('Nathaniel_Stiedemann@gmail.com', 2, '2020-09-29T16:57:39.780Z', '2020-10-08T01:00:47.555Z', true, 'pcs', 'Raegan_Fadel@hotmail.com', 'Ruth', 'confirmed');
INSERT INTO bid (ct_email, ct_price, start_date, end_date, is_cash, transport_method, pet_owner, pet_name, bid_status) VALUES ('Naomie_Greenholt@gmail.com', 15, '2020-09-29T16:57:39.780Z', '2020-10-08T01:00:47.555Z', true, 'delivery', 'Andy_Medhurst76@hotmail.com', 'Kirstin', 'confirmed');
INSERT INTO bid (ct_email, ct_price, start_date, end_date, is_cash, transport_method, pet_owner, pet_name, bid_status) VALUES ('Gia92@gmail.com', 18, '2020-09-29T16:57:39.780Z', '2020-10-08T01:00:47.555Z', true, 'delivery', 'Abbey.McCullough@hotmail.com', 'Nova', 'confirmed');
INSERT INTO bid (ct_email, ct_price, start_date, end_date, is_cash, transport_method, pet_owner, pet_name, bid_status) VALUES ('Tyshawn44@yahoo.com', 2, '2020-09-29T16:57:39.780Z', '2020-10-08T01:00:47.555Z', true, 'delivery', 'Nash_Hodkiewicz@yahoo.com', 'Wiley', 'confirmed');
INSERT INTO bid (ct_email, ct_price, start_date, end_date, is_cash, transport_method, pet_owner, pet_name, bid_status) VALUES ('Sammie.Lueilwitz18@hotmail.com', 13, '2020-09-29T16:57:39.780Z', '2020-10-08T01:00:47.555Z', true, 'delivery', 'Abbey72@hotmail.com', 'Lonny', 'confirmed');
INSERT INTO bid (ct_email, ct_price, start_date, end_date, is_cash, transport_method, pet_owner, pet_name, bid_status) VALUES ('Rae.McKenzie@hotmail.com', 7, '2020-09-29T16:57:39.780Z', '2020-10-08T01:00:47.555Z', true, 'pickup', 'Dorothea.Cremin@yahoo.com', 'Melyssa', 'confirmed');
INSERT INTO bid (ct_email, ct_price, start_date, end_date, is_cash, transport_method, pet_owner, pet_name, bid_status) VALUES ('Golda.Emmerich60@hotmail.com', 9, '2020-09-29T16:57:39.780Z', '2020-10-08T01:00:47.555Z', true, 'pcs', 'Darwin38@yahoo.com', 'Laisha', 'confirmed');
INSERT INTO bid (ct_email, ct_price, start_date, end_date, is_cash, transport_method, pet_owner, pet_name, bid_status) VALUES ('Montana_Kirlin@gmail.com', 7, '2020-09-29T16:57:39.780Z', '2020-10-08T01:00:47.555Z', true, 'delivery', 'Kennedi59@hotmail.com', 'Stephan', 'confirmed');
INSERT INTO bid (ct_email, ct_price, start_date, end_date, is_cash, transport_method, pet_owner, pet_name, bid_status) VALUES ('Madisen1@gmail.com', 18, '2020-09-29T16:57:39.780Z', '2020-10-08T01:00:47.555Z', true, 'pcs', 'Madisen28@hotmail.com', 'Miracle', 'confirmed');
INSERT INTO bid (ct_email, ct_price, start_date, end_date, is_cash, transport_method, pet_owner, pet_name, bid_status) VALUES ('Rudolph17@hotmail.com', 19, '2020-09-29T16:57:39.780Z', '2020-10-08T01:00:47.555Z', true, 'pcs', 'Jamaal.Schulist@yahoo.com', 'Merl', 'confirmed');
INSERT INTO bid (ct_email, ct_price, start_date, end_date, is_cash, transport_method, pet_owner, pet_name, bid_status) VALUES ('Nickolas23@gmail.com', 8, '2020-09-29T16:57:39.780Z', '2020-10-08T01:00:47.555Z', true, 'delivery', 'Josefa_Funk@gmail.com', 'Ottilie', 'confirmed');
INSERT INTO bid (ct_email, ct_price, start_date, end_date, is_cash, transport_method, pet_owner, pet_name, bid_status) VALUES ('Adella_West37@yahoo.com', 5, '2020-09-29T16:57:39.780Z', '2020-10-08T01:00:47.555Z', true, 'delivery', 'Maegan.Cole@gmail.com', 'Reanna', 'confirmed');
INSERT INTO bid (ct_email, ct_price, start_date, end_date, is_cash, transport_method, pet_owner, pet_name, bid_status) VALUES ('Valentina60@hotmail.com', 5, '2020-09-29T16:57:39.780Z', '2020-10-08T01:00:47.555Z', true, 'pcs', 'Margarete_McKenzie@yahoo.com', 'Cora', 'confirmed');
INSERT INTO bid (ct_email, ct_price, start_date, end_date, is_cash, transport_method, pet_owner, pet_name, bid_status) VALUES ('Kathryne_Wilderman@gmail.com', 5, '2020-09-29T16:57:39.780Z', '2020-10-08T01:00:47.555Z', true, 'pcs', 'Ebba64@gmail.com', 'Weldon', 'confirmed');
INSERT INTO bid (ct_email, ct_price, start_date, end_date, is_cash, transport_method, pet_owner, pet_name, bid_status) VALUES ('Timothy64@hotmail.com', 3, '2020-09-29T16:57:39.780Z', '2020-10-08T01:00:47.555Z', true, 'pcs', 'Willie.Harvey7@yahoo.com', 'Kraig', 'confirmed');
INSERT INTO bid (ct_email, ct_price, start_date, end_date, is_cash, transport_method, pet_owner, pet_name, bid_status) VALUES ('Demetrius.Schaefer58@yahoo.com', 6, '2020-09-29T16:57:39.780Z', '2020-10-08T01:00:47.555Z', true, 'pickup', 'Jeffrey.Ebert@gmail.com', 'Kylee', 'confirmed');
INSERT INTO bid (ct_email, ct_price, start_date, end_date, is_cash, transport_method, pet_owner, pet_name, bid_status) VALUES ('Justyn.Heidenreich18@hotmail.com', 16, '2020-09-29T16:57:39.780Z', '2020-10-08T01:00:47.555Z', true, 'delivery', 'Katlynn.Will@gmail.com', 'Myrtice', 'confirmed');
INSERT INTO bid (ct_email, ct_price, start_date, end_date, is_cash, transport_method, pet_owner, pet_name, bid_status) VALUES ('Makenzie_Block21@yahoo.com', 18, '2020-09-29T16:57:39.780Z', '2020-10-08T01:00:47.555Z', true, 'pickup', 'Gilbert77@yahoo.com', 'Van', 'confirmed');
INSERT INTO bid (ct_email, ct_price, start_date, end_date, is_cash, transport_method, pet_owner, pet_name, bid_status) VALUES ('Noe.Larson@gmail.com', 2, '2020-09-29T16:57:39.780Z', '2020-10-08T01:00:47.555Z', true, 'pcs', 'Savion.Cormier@gmail.com', 'Ora', 'confirmed');
INSERT INTO bid (ct_email, ct_price, start_date, end_date, is_cash, transport_method, pet_owner, pet_name, bid_status) VALUES ('Magali_Wiza@gmail.com', 8, '2020-09-29T16:57:39.780Z', '2020-10-08T01:00:47.555Z', true, 'delivery', 'Winifred99@hotmail.com', 'Beaulah', 'confirmed');
INSERT INTO bid (ct_email, ct_price, start_date, end_date, is_cash, transport_method, pet_owner, pet_name, bid_status) VALUES ('Celestino.Wuckert20@hotmail.com', 20, '2020-09-29T16:57:39.780Z', '2020-10-08T01:00:47.555Z', true, 'pickup', 'Breana.Kuhn@gmail.com', 'Esperanza', 'confirmed');
INSERT INTO bid (ct_email, ct_price, start_date, end_date, is_cash, transport_method, pet_owner, pet_name, bid_status) VALUES ('Zula_Mayer88@hotmail.com', 2, '2020-09-29T16:57:39.780Z', '2020-10-08T01:00:47.555Z', true, 'pcs', 'Marley.Kautzer@yahoo.com', 'Grayson', 'confirmed');
INSERT INTO bid (ct_email, ct_price, start_date, end_date, is_cash, transport_method, pet_owner, pet_name, bid_status) VALUES ('Salvador95@yahoo.com', 13, '2020-09-29T16:57:39.780Z', '2020-10-08T01:00:47.555Z', true, 'delivery', 'Marietta37@gmail.com', 'Benny', 'confirmed');
INSERT INTO bid (ct_email, ct_price, start_date, end_date, is_cash, transport_method, pet_owner, pet_name, bid_status) VALUES ('Zechariah65@hotmail.com', 2, '2020-09-29T16:57:39.780Z', '2020-10-08T01:00:47.555Z', true, 'pickup', 'Augusta_Emmerich72@hotmail.com', 'Adaline', 'confirmed');
INSERT INTO bid (ct_email, ct_price, start_date, end_date, is_cash, transport_method, pet_owner, pet_name, bid_status) VALUES ('Michele19@gmail.com', 3, '2020-09-29T16:57:39.780Z', '2020-10-08T01:00:47.555Z', true, 'delivery', 'Hester7@hotmail.com', 'Jacynthe', 'confirmed');
INSERT INTO bid (ct_email, ct_price, start_date, end_date, is_cash, transport_method, pet_owner, pet_name, bid_status) VALUES ('Raleigh_Rosenbaum49@gmail.com', 17, '2020-09-29T16:57:39.780Z', '2020-10-08T01:00:47.555Z', true, 'pcs', 'Lawrence16@yahoo.com', 'Claudine', 'confirmed');
INSERT INTO bid (ct_email, ct_price, start_date, end_date, is_cash, transport_method, pet_owner, pet_name, bid_status) VALUES ('Herminia.Conroy@yahoo.com', 15, '2020-09-29T16:57:39.780Z', '2020-10-08T01:00:47.555Z', true, 'delivery', 'Rosamond16@hotmail.com', 'Moriah', 'confirmed');
INSERT INTO bid (ct_email, ct_price, start_date, end_date, is_cash, transport_method, pet_owner, pet_name, bid_status) VALUES ('Laurence88@yahoo.com', 6, '2020-09-29T16:57:39.780Z', '2020-10-08T01:00:47.555Z', true, 'delivery', 'Tressa_Huels3@gmail.com', 'Santos', 'confirmed');
INSERT INTO bid (ct_email, ct_price, start_date, end_date, is_cash, transport_method, pet_owner, pet_name, bid_status) VALUES ('Dustin_Ryan@gmail.com', 16, '2020-09-29T16:57:39.780Z', '2020-10-08T01:00:47.555Z', true, 'pickup', 'Shayne.Yost@hotmail.com', 'Earnestine', 'confirmed');
INSERT INTO bid (ct_email, ct_price, start_date, end_date, is_cash, transport_method, pet_owner, pet_name, bid_status) VALUES ('Margarete7@yahoo.com', 15, '2020-09-29T16:57:39.780Z', '2020-10-08T01:00:47.555Z', true, 'pcs', 'Nella91@yahoo.com', 'Virgil', 'confirmed');
INSERT INTO bid (ct_email, ct_price, start_date, end_date, is_cash, transport_method, pet_owner, pet_name, bid_status) VALUES ('Kimberly.Hills38@gmail.com', 12, '2020-09-29T16:57:39.780Z', '2020-10-08T01:00:47.555Z', true, 'pcs', 'Chesley_Terry75@hotmail.com', 'Gavin', 'confirmed');
INSERT INTO bid (ct_email, ct_price, start_date, end_date, is_cash, transport_method, pet_owner, pet_name, bid_status) VALUES ('Hailee_Zieme@hotmail.com', 7, '2020-09-29T16:57:39.780Z', '2020-10-08T01:00:47.555Z', true, 'delivery', 'Perry_Bayer@gmail.com', 'Caterina', 'confirmed');
INSERT INTO bid (ct_email, ct_price, start_date, end_date, is_cash, transport_method, pet_owner, pet_name, bid_status) VALUES ('Clemmie.Satterfield@yahoo.com', 3, '2020-09-29T16:57:39.780Z', '2020-10-08T01:00:47.555Z', true, 'pickup', 'Pearline.Lemke85@gmail.com', 'Erika', 'confirmed');
INSERT INTO bid (ct_email, ct_price, start_date, end_date, is_cash, transport_method, pet_owner, pet_name, bid_status) VALUES ('Rhianna_Ledner@gmail.com', 9, '2020-09-29T16:57:39.780Z', '2020-10-08T01:00:47.555Z', true, 'pickup', 'Linda45@yahoo.com', 'Nicolas', 'confirmed');
INSERT INTO bid (ct_email, ct_price, start_date, end_date, is_cash, transport_method, pet_owner, pet_name, bid_status) VALUES ('Cynthia8@yahoo.com', 0, '2020-09-29T16:57:39.780Z', '2020-10-08T01:00:47.555Z', true, 'delivery', 'Furman12@hotmail.com', 'Kole', 'confirmed');
INSERT INTO bid (ct_email, ct_price, start_date, end_date, is_cash, transport_method, pet_owner, pet_name, bid_status) VALUES ('Hudson.Barrows@hotmail.com', 11, '2020-09-29T16:57:39.780Z', '2020-10-08T01:00:47.555Z', true, 'delivery', 'Oleta.Muller64@yahoo.com', 'Americo', 'confirmed');
INSERT INTO bid (ct_email, ct_price, start_date, end_date, is_cash, transport_method, pet_owner, pet_name, bid_status) VALUES ('Reuben_Kunde70@gmail.com', 13, '2020-09-29T16:57:39.780Z', '2020-10-08T01:00:47.555Z', true, 'pickup', 'Hermina.Corkery@yahoo.com', 'Mathew', 'confirmed');
INSERT INTO bid (ct_email, ct_price, start_date, end_date, is_cash, transport_method, pet_owner, pet_name, bid_status) VALUES ('Ryan_Glover@gmail.com', 9, '2020-09-29T16:57:39.780Z', '2020-10-08T01:00:47.555Z', true, 'pcs', 'Paula.Parisian@yahoo.com', 'Bradly', 'confirmed');
INSERT INTO bid (ct_email, ct_price, start_date, end_date, is_cash, transport_method, pet_owner, pet_name, bid_status) VALUES ('Jack31@gmail.com', 17, '2020-09-29T16:57:39.780Z', '2020-10-08T01:00:47.555Z', true, 'pcs', 'Amber_Schmidt0@hotmail.com', 'Ethel', 'confirmed');
INSERT INTO bid (ct_email, ct_price, start_date, end_date, is_cash, transport_method, pet_owner, pet_name, bid_status) VALUES ('Janae.Kunze55@hotmail.com', 2, '2020-09-29T16:57:39.780Z', '2020-10-08T01:00:47.555Z', true, 'delivery', 'Quinn.Ankunding@yahoo.com', 'Beau', 'confirmed');
INSERT INTO bid (ct_email, ct_price, start_date, end_date, is_cash, transport_method, pet_owner, pet_name, bid_status) VALUES ('Michaela59@yahoo.com', 15, '2020-09-29T16:57:39.780Z', '2020-10-08T01:00:47.555Z', true, 'pcs', 'Reva.Crist@gmail.com', 'Claud', 'confirmed');
INSERT INTO bid (ct_email, ct_price, start_date, end_date, is_cash, transport_method, pet_owner, pet_name, bid_status) VALUES ('Maegan.Cole@gmail.com', 5, '2020-09-29T16:57:39.780Z', '2020-10-08T01:00:47.555Z', true, 'pickup', 'Rory_Zulauf49@yahoo.com', 'Kory', 'confirmed');
UPDATE bid SET (bid_status, rating, feedback) = ('reviewed', 4, 'Aut est ut. Doloremque velit provident ipsum est et laudantium asperiores.') WHERE ct_email = 'Millie75@yahoo.com' AND pet_owner = 'Isaiah.Corwin49@gmail.com' AND pet_name = 'Margie' AND start_date = Date('2020-09-29T16:57:39.780Z') AND end_date = Date('2020-10-08T01:00:47.555Z');
UPDATE bid SET (bid_status, rating, feedback) = ('reviewed', 3, 'Repellat odit voluptas cum voluptate perspiciatis. Corporis cum sunt officia dolorem veniam pariatur porro.') WHERE ct_email = 'Joaquin.Wiegand@gmail.com' AND pet_owner = 'Darien.Stroman64@hotmail.com' AND pet_name = 'Keely' AND start_date = Date('2020-09-29T16:57:39.780Z') AND end_date = Date('2020-10-08T01:00:47.555Z');
UPDATE bid SET (bid_status, rating, feedback) = ('reviewed', 3, 'Et nobis cumque aut est molestiae ut placeat dolores. Sit ipsam sunt amet corrupti.') WHERE ct_email = 'Linda45@yahoo.com' AND pet_owner = 'April21@hotmail.com' AND pet_name = 'Zelma' AND start_date = Date('2020-09-29T16:57:39.780Z') AND end_date = Date('2020-10-08T01:00:47.555Z');
UPDATE bid SET (bid_status, rating, feedback) = ('reviewed', 3, 'Cupiditate voluptatum dolor totam aut. Et et et incidunt.') WHERE ct_email = 'Josephine64@yahoo.com' AND pet_owner = 'Herta.Harber60@hotmail.com' AND pet_name = 'Wilfredo' AND start_date = Date('2020-09-29T16:57:39.780Z') AND end_date = Date('2020-10-08T01:00:47.555Z');
UPDATE bid SET (bid_status, rating, feedback) = ('reviewed', 5, 'Voluptas et et quia illum nesciunt consectetur dolorem ullam. Qui ullam magnam nisi qui dignissimos sapiente sit.') WHERE ct_email = 'Tressa_Huels3@gmail.com' AND pet_owner = 'Clay.Nader10@gmail.com' AND pet_name = 'Felton' AND start_date = Date('2020-09-29T16:57:39.780Z') AND end_date = Date('2020-10-08T01:00:47.555Z');
UPDATE bid SET (bid_status, rating, feedback) = ('reviewed', 5, 'Laboriosam dolor nulla consequatur architecto omnis et qui. Rem suscipit itaque maiores occaecati est qui aut sed dignissimos.') WHERE ct_email = 'Charles.Gleichner@hotmail.com' AND pet_owner = 'Geovanni3@yahoo.com' AND pet_name = 'Jairo' AND start_date = Date('2020-09-29T16:57:39.780Z') AND end_date = Date('2020-10-08T01:00:47.555Z');
UPDATE bid SET (bid_status, rating, feedback) = ('reviewed', 3, 'Adipisci vero autem deserunt voluptatibus deleniti corporis. Animi alias laboriosam corporis iure laboriosam eaque assumenda suscipit a.') WHERE ct_email = 'Kiel_Klocko13@hotmail.com' AND pet_owner = 'Gregory.Krajcik94@yahoo.com' AND pet_name = 'Esta' AND start_date = Date('2020-09-29T16:57:39.780Z') AND end_date = Date('2020-10-08T01:00:47.555Z');
UPDATE bid SET (bid_status, rating, feedback) = ('reviewed', 3, 'Occaecati et sit debitis consequatur magnam dolore. Enim temporibus ea odit aut.') WHERE ct_email = 'Esta29@yahoo.com' AND pet_owner = 'Shannon_Zemlak@yahoo.com' AND pet_name = 'Jaron' AND start_date = Date('2020-09-29T16:57:39.780Z') AND end_date = Date('2020-10-08T01:00:47.555Z');
UPDATE bid SET (bid_status, rating, feedback) = ('reviewed', 5, 'Nam praesentium est reiciendis omnis adipisci. Molestias libero quaerat cumque voluptatem tempore recusandae voluptatem recusandae et.') WHERE ct_email = 'Maudie65@hotmail.com' AND pet_owner = 'Maddison62@hotmail.com' AND pet_name = 'Bertha' AND start_date = Date('2020-09-29T16:57:39.780Z') AND end_date = Date('2020-10-08T01:00:47.555Z');
UPDATE bid SET (bid_status, rating, feedback) = ('reviewed', 5, 'Quis et omnis vero culpa at non et rerum voluptas. Accusantium et illum et eius dolores.') WHERE ct_email = 'Stephania_Hodkiewicz72@hotmail.com' AND pet_owner = 'Edmund_Sauer94@hotmail.com' AND pet_name = 'Jordy' AND start_date = Date('2020-09-29T16:57:39.780Z') AND end_date = Date('2020-10-08T01:00:47.555Z');
UPDATE bid SET (bid_status, rating, feedback) = ('reviewed', 4, 'Tempora doloribus nostrum illum iusto quo quia dolorem aspernatur. Nostrum inventore praesentium sit quasi ut rem doloribus.') WHERE ct_email = 'Greg_Feest@yahoo.com' AND pet_owner = 'Lamont_Hackett@yahoo.com' AND pet_name = 'Cristopher' AND start_date = Date('2020-09-29T16:57:39.780Z') AND end_date = Date('2020-10-08T01:00:47.555Z');
UPDATE bid SET (bid_status, rating, feedback) = ('reviewed', 5, 'Aliquid voluptatem perferendis aut quos. Dolores eos ut et velit sint et vel vel.') WHERE ct_email = 'Amanda.Sanford@yahoo.com' AND pet_owner = 'Stevie.Watsica87@yahoo.com' AND pet_name = 'Christelle' AND start_date = Date('2020-09-29T16:57:39.780Z') AND end_date = Date('2020-10-08T01:00:47.555Z');
UPDATE bid SET (bid_status, rating, feedback) = ('reviewed', 5, 'Officiis aperiam hic consequatur voluptatem itaque. Omnis ratione aut inventore quia minima.') WHERE ct_email = 'Morris_Runolfsdottir6@gmail.com' AND pet_owner = 'Alena75@hotmail.com' AND pet_name = 'Saige' AND start_date = Date('2020-09-29T16:57:39.780Z') AND end_date = Date('2020-10-08T01:00:47.555Z');
UPDATE bid SET (bid_status, rating, feedback) = ('reviewed', 4, 'Necessitatibus dicta voluptatem vero blanditiis ducimus vel est quae et. Temporibus nam sit ipsam fugit nam porro similique deleniti.') WHERE ct_email = 'Kailyn99@yahoo.com' AND pet_owner = 'Magali_Wiza@gmail.com' AND pet_name = 'Kennedy' AND start_date = Date('2020-09-29T16:57:39.780Z') AND end_date = Date('2020-10-08T01:00:47.555Z');
UPDATE bid SET (bid_status, rating, feedback) = ('reviewed', 3, 'Voluptatem ut tenetur perferendis vel cum rem et esse quisquam. Et quo est dignissimos.') WHERE ct_email = 'Anabelle87@yahoo.com' AND pet_owner = 'Frida_Nicolas@gmail.com' AND pet_name = 'Adolphus' AND start_date = Date('2020-09-29T16:57:39.780Z') AND end_date = Date('2020-10-08T01:00:47.555Z');
UPDATE bid SET (bid_status, rating, feedback) = ('reviewed', 4, 'Sunt nihil quidem distinctio et ducimus provident voluptatem voluptatum odit. Repellat molestiae quia sequi et sit tenetur consectetur.') WHERE ct_email = 'Amara9@gmail.com' AND pet_owner = 'Declan65@yahoo.com' AND pet_name = 'Leonardo' AND start_date = Date('2020-09-29T16:57:39.780Z') AND end_date = Date('2020-10-08T01:00:47.555Z');
UPDATE bid SET (bid_status, rating, feedback) = ('reviewed', 5, 'Mollitia doloribus perferendis at minus quia temporibus aut. Et doloribus sit.') WHERE ct_email = 'Jeffrey.Ebert@gmail.com' AND pet_owner = 'Cole.Kohler@hotmail.com' AND pet_name = 'Jayda' AND start_date = Date('2020-09-29T16:57:39.780Z') AND end_date = Date('2020-10-08T01:00:47.555Z');
UPDATE bid SET (bid_status, rating, feedback) = ('reviewed', 5, 'Voluptas ipsum et. Blanditiis quisquam omnis adipisci qui inventore.') WHERE ct_email = 'Marcelle_Breitenberg@gmail.com' AND pet_owner = 'Ressie7@hotmail.com' AND pet_name = 'Anika' AND start_date = Date('2020-09-29T16:57:39.780Z') AND end_date = Date('2020-10-08T01:00:47.555Z');
UPDATE bid SET (bid_status, rating, feedback) = ('reviewed', 4, 'Qui temporibus totam molestiae cupiditate. Culpa accusamus praesentium amet ratione fuga sit.') WHERE ct_email = 'Loy85@gmail.com' AND pet_owner = 'Britney_Reilly96@hotmail.com' AND pet_name = 'Trinity' AND start_date = Date('2020-09-29T16:57:39.780Z') AND end_date = Date('2020-10-08T01:00:47.555Z');
UPDATE bid SET (bid_status, rating, feedback) = ('reviewed', 5, 'Asperiores libero delectus eos error et est sit reiciendis delectus. Illo totam aut laborum aut aut vel voluptas voluptatibus.') WHERE ct_email = 'Dolores.Gaylord@hotmail.com' AND pet_owner = 'Carlotta4@gmail.com' AND pet_name = 'Thaddeus' AND start_date = Date('2020-09-29T16:57:39.780Z') AND end_date = Date('2020-10-08T01:00:47.555Z');
UPDATE bid SET (bid_status, rating, feedback) = ('reviewed', 4, 'At amet nesciunt veniam perferendis ut et sequi. Eveniet dolore laudantium modi.') WHERE ct_email = 'Ebony21@gmail.com' AND pet_owner = 'Westley_Johnston@hotmail.com' AND pet_name = 'Giovanny' AND start_date = Date('2020-09-29T16:57:39.780Z') AND end_date = Date('2020-10-08T01:00:47.555Z');
UPDATE bid SET (bid_status, rating, feedback) = ('reviewed', 5, 'Eaque asperiores sed et ullam quo. Tenetur et eos mollitia ipsam illum error voluptates unde dolorem.') WHERE ct_email = 'Elva_Barton@gmail.com' AND pet_owner = 'Kailyn99@yahoo.com' AND pet_name = 'Felton' AND start_date = Date('2020-09-29T16:57:39.780Z') AND end_date = Date('2020-10-08T01:00:47.555Z');
UPDATE bid SET (bid_status, rating, feedback) = ('reviewed', 4, 'Consequuntur et quod quia illum dignissimos numquam consectetur eum. Reprehenderit enim maiores ut fuga.') WHERE ct_email = 'Luisa_Beier@hotmail.com' AND pet_owner = 'Pearline.Lemke85@gmail.com' AND pet_name = 'Lee' AND start_date = Date('2020-09-29T16:57:39.780Z') AND end_date = Date('2020-10-08T01:00:47.555Z');
UPDATE bid SET (bid_status, rating, feedback) = ('reviewed', 5, 'Est sed quo voluptatum atque dolores. Ex et adipisci ullam adipisci sed quos ducimus.') WHERE ct_email = 'Ofelia.Aufderhar@yahoo.com' AND pet_owner = 'Maxie.Heathcote2@gmail.com' AND pet_name = 'Aurelie' AND start_date = Date('2020-09-29T16:57:39.780Z') AND end_date = Date('2020-10-08T01:00:47.555Z');
UPDATE bid SET (bid_status, rating, feedback) = ('reviewed', 5, 'Odit voluptatem dignissimos qui id qui nisi. Eum voluptatem eaque.') WHERE ct_email = 'Noah_Maggio64@yahoo.com' AND pet_owner = 'Tressie78@gmail.com' AND pet_name = 'Diego' AND start_date = Date('2020-09-29T16:57:39.780Z') AND end_date = Date('2020-10-08T01:00:47.555Z');
UPDATE bid SET (bid_status, rating, feedback) = ('reviewed', 4, 'Ut est quia illo iste cumque aut. Tempore est maxime aspernatur deserunt nesciunt laborum quos.') WHERE ct_email = 'Kavon79@hotmail.com' AND pet_owner = 'Chester.Turner79@yahoo.com' AND pet_name = 'Marcus' AND start_date = Date('2020-09-29T16:57:39.780Z') AND end_date = Date('2020-10-08T01:00:47.555Z');
UPDATE bid SET (bid_status, rating, feedback) = ('reviewed', 4, 'Aut ea sit a ducimus fuga. Occaecati illum reprehenderit cum eum itaque qui sequi consectetur.') WHERE ct_email = 'Genevieve_Ondricka@yahoo.com' AND pet_owner = 'Eugene_Morissette30@yahoo.com' AND pet_name = 'Desiree' AND start_date = Date('2020-09-29T16:57:39.780Z') AND end_date = Date('2020-10-08T01:00:47.555Z');
UPDATE bid SET (bid_status, rating, feedback) = ('reviewed', 4, 'Pariatur ut unde. Nobis sit voluptatum.') WHERE ct_email = 'Kenton91@gmail.com' AND pet_owner = 'Otilia_Kreiger@hotmail.com' AND pet_name = 'Bryce' AND start_date = Date('2020-09-29T16:57:39.780Z') AND end_date = Date('2020-10-08T01:00:47.555Z');
UPDATE bid SET (bid_status, rating, feedback) = ('reviewed', 5, 'Excepturi voluptas tempora sequi eius. Iusto omnis fuga.') WHERE ct_email = 'Chase24@gmail.com' AND pet_owner = 'Montana95@hotmail.com' AND pet_name = 'Alejandra' AND start_date = Date('2020-09-29T16:57:39.780Z') AND end_date = Date('2020-10-08T01:00:47.555Z');
UPDATE bid SET (bid_status, rating, feedback) = ('reviewed', 3, 'Voluptatum soluta quis itaque labore explicabo. Ducimus consectetur asperiores architecto excepturi error quia aliquid quod.') WHERE ct_email = 'Carlotta4@gmail.com' AND pet_owner = 'Leonie.Bartell11@yahoo.com' AND pet_name = 'Aylin' AND start_date = Date('2020-09-29T16:57:39.780Z') AND end_date = Date('2020-10-08T01:00:47.555Z');
UPDATE bid SET (bid_status, rating, feedback) = ('reviewed', 3, 'Ut et voluptas eveniet eum hic. Dolor omnis in modi dolorum rerum voluptatem quibusdam.') WHERE ct_email = 'Katlynn.Will@gmail.com' AND pet_owner = 'Flossie_Nader@hotmail.com' AND pet_name = 'Robyn' AND start_date = Date('2020-09-29T16:57:39.780Z') AND end_date = Date('2020-10-08T01:00:47.555Z');
UPDATE bid SET (bid_status, rating, feedback) = ('reviewed', 3, 'Repudiandae architecto soluta quis ut architecto consequatur alias iusto quisquam. In eius voluptatem aut.') WHERE ct_email = 'Richard_Ritchie@hotmail.com' AND pet_owner = 'Emmie_Dicki@hotmail.com' AND pet_name = 'Audra' AND start_date = Date('2020-09-29T16:57:39.780Z') AND end_date = Date('2020-10-08T01:00:47.555Z');
UPDATE bid SET (bid_status, rating, feedback) = ('reviewed', 4, 'Ad eveniet sit et neque ut quia qui odio. Sunt sunt tempora nostrum quidem corrupti quia suscipit.') WHERE ct_email = 'Wade.Murazik53@hotmail.com' AND pet_owner = 'Ernest_Beer23@hotmail.com' AND pet_name = 'Rollin' AND start_date = Date('2020-09-29T16:57:39.780Z') AND end_date = Date('2020-10-08T01:00:47.555Z');
UPDATE bid SET (bid_status, rating, feedback) = ('reviewed', 5, 'Consectetur aut est illo distinctio. Voluptatem nobis aut ut nulla est.') WHERE ct_email = 'Katheryn_Boehm89@hotmail.com' AND pet_owner = 'Jeffrey.Ebert@gmail.com' AND pet_name = 'Lavinia' AND start_date = Date('2020-09-29T16:57:39.780Z') AND end_date = Date('2020-10-08T01:00:47.555Z');
UPDATE bid SET (bid_status, rating, feedback) = ('reviewed', 3, 'Sit sint ullam molestias nam. Quis earum consequatur sed.') WHERE ct_email = 'Sarah.Cremin64@yahoo.com' AND pet_owner = 'Abbie69@yahoo.com' AND pet_name = 'Ahmed' AND start_date = Date('2020-09-29T16:57:39.780Z') AND end_date = Date('2020-10-08T01:00:47.555Z');
UPDATE bid SET (bid_status, rating, feedback) = ('reviewed', 5, 'Nostrum quae unde molestiae dolore et. Error repudiandae rem voluptatem nihil.') WHERE ct_email = 'Dominic.Senger@yahoo.com' AND pet_owner = 'Dianna67@hotmail.com' AND pet_name = 'Cayla' AND start_date = Date('2020-09-29T16:57:39.780Z') AND end_date = Date('2020-10-08T01:00:47.555Z');
UPDATE bid SET (bid_status, rating, feedback) = ('reviewed', 4, 'Eum corporis hic perferendis ea possimus excepturi. Possimus sapiente voluptatem.') WHERE ct_email = 'Esther.Bednar@gmail.com' AND pet_owner = 'Vita23@yahoo.com' AND pet_name = 'Michaela' AND start_date = Date('2020-09-29T16:57:39.780Z') AND end_date = Date('2020-10-08T01:00:47.555Z');
UPDATE bid SET (bid_status, rating, feedback) = ('reviewed', 4, 'Explicabo et non omnis officiis optio cumque rem atque aut. Totam possimus et et minus eum eaque.') WHERE ct_email = 'Caroline.Hane@gmail.com' AND pet_owner = 'Narciso38@yahoo.com' AND pet_name = 'Bert' AND start_date = Date('2020-09-29T16:57:39.780Z') AND end_date = Date('2020-10-08T01:00:47.555Z');
UPDATE bid SET (bid_status, rating, feedback) = ('reviewed', 4, 'Dolore cupiditate omnis est. Ea dolorem laboriosam rerum minus.') WHERE ct_email = 'Jackson_Baumbach@gmail.com' AND pet_owner = 'Thad.Reichel@yahoo.com' AND pet_name = 'Cristobal' AND start_date = Date('2020-09-29T16:57:39.780Z') AND end_date = Date('2020-10-08T01:00:47.555Z');
UPDATE bid SET (bid_status, rating, feedback) = ('reviewed', 4, 'Sit culpa a laudantium neque dicta voluptatem et. Provident hic est laborum et dolores est molestiae consequatur commodi.') WHERE ct_email = 'Jake9@gmail.com' AND pet_owner = 'Viola.Gibson59@yahoo.com' AND pet_name = 'Werner' AND start_date = Date('2020-09-29T16:57:39.780Z') AND end_date = Date('2020-10-08T01:00:47.555Z');
UPDATE bid SET (bid_status, rating, feedback) = ('reviewed', 3, 'Magnam hic est ipsam consequatur totam voluptas accusantium quas ipsum. Dolores ad sapiente ea eius magni.') WHERE ct_email = 'Elmira.Kohler46@hotmail.com' AND pet_owner = 'Blaze.Zulauf@gmail.com' AND pet_name = 'Hubert' AND start_date = Date('2020-09-29T16:57:39.780Z') AND end_date = Date('2020-10-08T01:00:47.555Z');
UPDATE bid SET (bid_status, rating, feedback) = ('reviewed', 4, 'Harum et ipsa qui. Et eaque earum a minima.') WHERE ct_email = 'Madisen_Reichel@yahoo.com' AND pet_owner = 'Florence_Funk@yahoo.com' AND pet_name = 'Emery' AND start_date = Date('2020-09-29T16:57:39.780Z') AND end_date = Date('2020-10-08T01:00:47.555Z');
UPDATE bid SET (bid_status, rating, feedback) = ('reviewed', 3, 'Quia fugiat nemo reiciendis. Ut ipsa omnis odit id ut dolores.') WHERE ct_email = 'Hadley.Ruecker@hotmail.com' AND pet_owner = 'Isaiah.Corwin49@gmail.com' AND pet_name = 'Jess' AND start_date = Date('2020-09-29T16:57:39.780Z') AND end_date = Date('2020-10-08T01:00:47.555Z');
UPDATE bid SET (bid_status, rating, feedback) = ('reviewed', 4, 'Aut incidunt consequatur qui maxime natus. Iste maxime laboriosam molestiae illum cupiditate.') WHERE ct_email = 'Julia87@hotmail.com' AND pet_owner = 'Frank63@gmail.com' AND pet_name = 'Allen' AND start_date = Date('2020-09-29T16:57:39.780Z') AND end_date = Date('2020-10-08T01:00:47.555Z');
UPDATE bid SET (bid_status, rating, feedback) = ('reviewed', 5, 'In cum natus asperiores fugiat aperiam quisquam consequatur maiores. Sed dolor eius sit quis autem ut eos dicta.') WHERE ct_email = 'Gisselle_Marvin4@gmail.com' AND pet_owner = 'Cynthia8@yahoo.com' AND pet_name = 'Baron' AND start_date = Date('2020-09-29T16:57:39.780Z') AND end_date = Date('2020-10-08T01:00:47.555Z');
UPDATE bid SET (bid_status, rating, feedback) = ('reviewed', 5, 'Qui aut dolores velit reprehenderit est est. Enim inventore impedit enim voluptatem omnis explicabo quibusdam.') WHERE ct_email = 'Aglae.Marquardt3@gmail.com' AND pet_owner = 'Olin19@yahoo.com' AND pet_name = 'Coleman' AND start_date = Date('2020-09-29T16:57:39.780Z') AND end_date = Date('2020-10-08T01:00:47.555Z');
UPDATE bid SET (bid_status, rating, feedback) = ('reviewed', 4, 'Aperiam autem eius temporibus recusandae voluptates nihil sequi quaerat. Esse illo et et consequatur accusamus aliquam rerum.') WHERE ct_email = 'Willie.Harvey7@yahoo.com' AND pet_owner = 'Josefa_Funk@gmail.com' AND pet_name = 'Randal' AND start_date = Date('2020-09-29T16:57:39.780Z') AND end_date = Date('2020-10-08T01:00:47.555Z');
UPDATE bid SET (bid_status, rating, feedback) = ('reviewed', 5, 'In numquam modi cupiditate ducimus nesciunt. Iure ipsam est libero inventore non dolorum officia rem consectetur.') WHERE ct_email = 'Franco_Schuster78@hotmail.com' AND pet_owner = 'Winston_Pfannerstill9@yahoo.com' AND pet_name = 'Rasheed' AND start_date = Date('2020-09-29T16:57:39.780Z') AND end_date = Date('2020-10-08T01:00:47.555Z');
UPDATE bid SET (bid_status, rating, feedback) = ('reviewed', 3, 'Quod in id. Nisi suscipit dicta consequatur ad veniam.') WHERE ct_email = 'Maribel_Deckow35@hotmail.com' AND pet_owner = 'Andre34@yahoo.com' AND pet_name = 'Christine' AND start_date = Date('2020-09-29T16:57:39.780Z') AND end_date = Date('2020-10-08T01:00:47.555Z');
UPDATE bid SET (bid_status, rating, feedback) = ('reviewed', 4, 'Debitis omnis non dolor cupiditate. Culpa iusto quidem.') WHERE ct_email = 'Israel_Hoeger@yahoo.com' AND pet_owner = 'Chadd_Carter25@hotmail.com' AND pet_name = 'Hassan' AND start_date = Date('2020-09-29T16:57:39.780Z') AND end_date = Date('2020-10-08T01:00:47.555Z');
UPDATE bid SET (bid_status, rating, feedback) = ('reviewed', 4, 'Dolorem id et aperiam dignissimos beatae blanditiis nihil. Quae quasi aliquid incidunt qui commodi dolorum atque quisquam.') WHERE ct_email = 'Kelley32@gmail.com' AND pet_owner = 'Hadley.Ruecker@hotmail.com' AND pet_name = 'Lyla' AND start_date = Date('2020-09-29T16:57:39.780Z') AND end_date = Date('2020-10-08T01:00:47.555Z');
UPDATE bid SET (bid_status, rating, feedback) = ('reviewed', 3, 'Eius blanditiis aliquid dolores sint. Qui ea libero sunt quam sit saepe.') WHERE ct_email = 'Francisca_Bosco@gmail.com' AND pet_owner = 'Raegan_Fadel@hotmail.com' AND pet_name = 'Leslie' AND start_date = Date('2020-09-29T16:57:39.780Z') AND end_date = Date('2020-10-08T01:00:47.555Z');
UPDATE bid SET (bid_status, rating, feedback) = ('reviewed', 5, 'Blanditiis aliquam aliquam sed velit nam. Exercitationem dolore id iure.') WHERE ct_email = 'Alessia13@gmail.com' AND pet_owner = 'Tanya_Block34@hotmail.com' AND pet_name = 'Ansel' AND start_date = Date('2020-09-29T16:57:39.780Z') AND end_date = Date('2020-10-08T01:00:47.555Z');
UPDATE bid SET (bid_status, rating, feedback) = ('reviewed', 5, 'Cumque soluta cum laborum quisquam impedit et nulla consequatur quis. Nobis odio error et rem fugiat.') WHERE ct_email = 'Jace_Daniel@yahoo.com' AND pet_owner = 'Mario.Welch13@hotmail.com' AND pet_name = 'Leta' AND start_date = Date('2020-09-29T16:57:39.780Z') AND end_date = Date('2020-10-08T01:00:47.555Z');
UPDATE bid SET (bid_status, rating, feedback) = ('reviewed', 4, 'Laudantium excepturi ipsa eos debitis voluptatem ipsam qui aut. Deserunt dolorem quo.') WHERE ct_email = 'Darien.Stroman64@hotmail.com' AND pet_owner = 'Marion.Torp74@yahoo.com' AND pet_name = 'Victoria' AND start_date = Date('2020-09-29T16:57:39.780Z') AND end_date = Date('2020-10-08T01:00:47.555Z');
UPDATE bid SET (bid_status, rating, feedback) = ('reviewed', 4, 'Aut accusamus ea odit repudiandae. Ullam autem voluptatem.') WHERE ct_email = 'Ashlynn.Welch11@gmail.com' AND pet_owner = 'Lincoln.Swift@gmail.com' AND pet_name = 'Pierce' AND start_date = Date('2020-09-29T16:57:39.780Z') AND end_date = Date('2020-10-08T01:00:47.555Z');
UPDATE bid SET (bid_status, rating, feedback) = ('reviewed', 4, 'Ullam nobis ut facilis sint odio consectetur autem blanditiis fugiat. Quia exercitationem est possimus.') WHERE ct_email = 'Tierra59@yahoo.com' AND pet_owner = 'Maddison62@hotmail.com' AND pet_name = 'Mylene' AND start_date = Date('2020-09-29T16:57:39.780Z') AND end_date = Date('2020-10-08T01:00:47.555Z');
UPDATE bid SET (bid_status, rating, feedback) = ('reviewed', 3, 'Aliquam quibusdam sunt officia pariatur velit. Dolorum sit eum sint eveniet veritatis et quo aspernatur quas.') WHERE ct_email = 'Cleve.Kunze91@yahoo.com' AND pet_owner = 'Eda_Bailey@hotmail.com' AND pet_name = 'Cooper' AND start_date = Date('2020-09-29T16:57:39.780Z') AND end_date = Date('2020-10-08T01:00:47.555Z');
UPDATE bid SET (bid_status, rating, feedback) = ('reviewed', 4, 'Enim omnis dolores in ut doloribus aut pariatur itaque cupiditate. Praesentium praesentium eaque.') WHERE ct_email = 'Art39@gmail.com' AND pet_owner = 'Aric62@yahoo.com' AND pet_name = 'Enos' AND start_date = Date('2020-09-29T16:57:39.780Z') AND end_date = Date('2020-10-08T01:00:47.555Z');
UPDATE bid SET (bid_status, rating, feedback) = ('reviewed', 4, 'Ut consequatur omnis illo quidem omnis et commodi. Praesentium ipsam dicta unde voluptatem dolorum maxime ex et.') WHERE ct_email = 'Queen.Wilderman71@hotmail.com' AND pet_owner = 'Sadie42@hotmail.com' AND pet_name = 'Geo' AND start_date = Date('2020-09-29T16:57:39.780Z') AND end_date = Date('2020-10-08T01:00:47.555Z');
UPDATE bid SET (bid_status, rating, feedback) = ('reviewed', 4, 'Voluptas labore enim. Enim magni officia quia at quibusdam.') WHERE ct_email = 'Gilbert.McGlynn@hotmail.com' AND pet_owner = 'Chauncey96@hotmail.com' AND pet_name = 'Lucile' AND start_date = Date('2020-09-29T16:57:39.780Z') AND end_date = Date('2020-10-08T01:00:47.555Z');
UPDATE bid SET (bid_status, rating, feedback) = ('reviewed', 4, 'Praesentium in eius ut. Corporis harum ut molestias corrupti.') WHERE ct_email = 'Rae.McKenzie@hotmail.com' AND pet_owner = 'Dorothea.Cremin@yahoo.com' AND pet_name = 'Melyssa' AND start_date = Date('2020-09-29T16:57:39.780Z') AND end_date = Date('2020-10-08T01:00:47.555Z');
UPDATE bid SET (bid_status, rating, feedback) = ('reviewed', 5, 'Doloribus soluta officiis incidunt et quo dolorum ut voluptates maiores. Quo eos nisi consequuntur molestiae temporibus ullam.') WHERE ct_email = 'Golda.Emmerich60@hotmail.com' AND pet_owner = 'Darwin38@yahoo.com' AND pet_name = 'Laisha' AND start_date = Date('2020-09-29T16:57:39.780Z') AND end_date = Date('2020-10-08T01:00:47.555Z');
UPDATE bid SET (bid_status, rating, feedback) = ('reviewed', 3, 'Qui dolorem ex ipsa deleniti rerum et maxime iusto maxime. Officiis vero quidem et in porro delectus deserunt itaque.') WHERE ct_email = 'Rudolph17@hotmail.com' AND pet_owner = 'Jamaal.Schulist@yahoo.com' AND pet_name = 'Merl' AND start_date = Date('2020-09-29T16:57:39.780Z') AND end_date = Date('2020-10-08T01:00:47.555Z');
UPDATE bid SET (bid_status, rating, feedback) = ('reviewed', 5, 'Expedita in voluptas quibusdam dolores recusandae dolorum voluptatem repudiandae laborum. Earum quisquam autem aut quasi.') WHERE ct_email = 'Adella_West37@yahoo.com' AND pet_owner = 'Maegan.Cole@gmail.com' AND pet_name = 'Reanna' AND start_date = Date('2020-09-29T16:57:39.780Z') AND end_date = Date('2020-10-08T01:00:47.555Z');
UPDATE bid SET (bid_status, rating, feedback) = ('reviewed', 5, 'Rem quaerat ducimus odit ut aut aliquam laborum voluptatem. Nam aut ea.') WHERE ct_email = 'Valentina60@hotmail.com' AND pet_owner = 'Margarete_McKenzie@yahoo.com' AND pet_name = 'Cora' AND start_date = Date('2020-09-29T16:57:39.780Z') AND end_date = Date('2020-10-08T01:00:47.555Z');
UPDATE bid SET (bid_status, rating, feedback) = ('reviewed', 4, 'Sint natus culpa voluptatem eveniet occaecati voluptas. Alias dolorem beatae rerum.') WHERE ct_email = 'Makenzie_Block21@yahoo.com' AND pet_owner = 'Gilbert77@yahoo.com' AND pet_name = 'Van' AND start_date = Date('2020-09-29T16:57:39.780Z') AND end_date = Date('2020-10-08T01:00:47.555Z');
UPDATE bid SET (bid_status, rating, feedback) = ('reviewed', 5, 'Quibusdam molestiae accusamus error odit ex eligendi sit. Id explicabo perspiciatis quaerat aut.') WHERE ct_email = 'Celestino.Wuckert20@hotmail.com' AND pet_owner = 'Breana.Kuhn@gmail.com' AND pet_name = 'Esperanza' AND start_date = Date('2020-09-29T16:57:39.780Z') AND end_date = Date('2020-10-08T01:00:47.555Z');
UPDATE bid SET (bid_status, rating, feedback) = ('reviewed', 3, 'Sint id aliquid incidunt suscipit. In est et sed et minima et quo.') WHERE ct_email = 'Salvador95@yahoo.com' AND pet_owner = 'Marietta37@gmail.com' AND pet_name = 'Benny' AND start_date = Date('2020-09-29T16:57:39.780Z') AND end_date = Date('2020-10-08T01:00:47.555Z');
UPDATE bid SET (bid_status, rating, feedback) = ('reviewed', 3, 'Voluptatibus asperiores ut perferendis possimus sit. Quia culpa sequi dolores.') WHERE ct_email = 'Raleigh_Rosenbaum49@gmail.com' AND pet_owner = 'Lawrence16@yahoo.com' AND pet_name = 'Claudine' AND start_date = Date('2020-09-29T16:57:39.780Z') AND end_date = Date('2020-10-08T01:00:47.555Z');
UPDATE bid SET (bid_status, rating, feedback) = ('reviewed', 4, 'Cumque eius consequatur et nemo doloremque quis animi. Consequuntur mollitia repudiandae.') WHERE ct_email = 'Dustin_Ryan@gmail.com' AND pet_owner = 'Shayne.Yost@hotmail.com' AND pet_name = 'Earnestine' AND start_date = Date('2020-09-29T16:57:39.780Z') AND end_date = Date('2020-10-08T01:00:47.555Z');
UPDATE bid SET (bid_status, rating, feedback) = ('reviewed', 5, 'Vel quos deleniti deserunt molestias et rerum omnis est. Sit natus commodi est sit necessitatibus alias.') WHERE ct_email = 'Margarete7@yahoo.com' AND pet_owner = 'Nella91@yahoo.com' AND pet_name = 'Virgil' AND start_date = Date('2020-09-29T16:57:39.780Z') AND end_date = Date('2020-10-08T01:00:47.555Z');
UPDATE bid SET (bid_status, rating, feedback) = ('reviewed', 4, 'Accusantium quidem dignissimos. Accusantium non vitae accusamus facilis dolores error totam.') WHERE ct_email = 'Kimberly.Hills38@gmail.com' AND pet_owner = 'Chesley_Terry75@hotmail.com' AND pet_name = 'Gavin' AND start_date = Date('2020-09-29T16:57:39.780Z') AND end_date = Date('2020-10-08T01:00:47.555Z');
UPDATE bid SET (bid_status, rating, feedback) = ('reviewed', 4, 'Ad enim ullam minima quam aut. Delectus molestiae aperiam aspernatur minima officia est.') WHERE ct_email = 'Hailee_Zieme@hotmail.com' AND pet_owner = 'Perry_Bayer@gmail.com' AND pet_name = 'Caterina' AND start_date = Date('2020-09-29T16:57:39.780Z') AND end_date = Date('2020-10-08T01:00:47.555Z');
UPDATE bid SET (bid_status, rating, feedback) = ('reviewed', 5, 'Laboriosam quisquam animi dolores error consequatur similique officiis vitae. Dolores nisi iste perferendis.') WHERE ct_email = 'Clemmie.Satterfield@yahoo.com' AND pet_owner = 'Pearline.Lemke85@gmail.com' AND pet_name = 'Erika' AND start_date = Date('2020-09-29T16:57:39.780Z') AND end_date = Date('2020-10-08T01:00:47.555Z');
UPDATE bid SET (bid_status, rating, feedback) = ('reviewed', 5, 'Perspiciatis dolorum perspiciatis esse quia. Reiciendis voluptatem voluptas recusandae dolores.') WHERE ct_email = 'Rhianna_Ledner@gmail.com' AND pet_owner = 'Linda45@yahoo.com' AND pet_name = 'Nicolas' AND start_date = Date('2020-09-29T16:57:39.780Z') AND end_date = Date('2020-10-08T01:00:47.555Z');
UPDATE bid SET (bid_status, rating, feedback) = ('reviewed', 4, 'Ad delectus dolorum nisi. Quasi dignissimos rerum aut eveniet.') WHERE ct_email = 'Hudson.Barrows@hotmail.com' AND pet_owner = 'Oleta.Muller64@yahoo.com' AND pet_name = 'Americo' AND start_date = Date('2020-09-29T16:57:39.780Z') AND end_date = Date('2020-10-08T01:00:47.555Z');
UPDATE bid SET (bid_status, rating, feedback) = ('reviewed', 4, 'Quos placeat accusamus sint dolorem sapiente nulla. Non ratione consequuntur repellat blanditiis alias placeat.') WHERE ct_email = 'Reuben_Kunde70@gmail.com' AND pet_owner = 'Hermina.Corkery@yahoo.com' AND pet_name = 'Mathew' AND start_date = Date('2020-09-29T16:57:39.780Z') AND end_date = Date('2020-10-08T01:00:47.555Z');
UPDATE bid SET (bid_status, rating, feedback) = ('reviewed', 5, 'Omnis sit dolores quia velit commodi alias. Officiis et voluptatem omnis ut illo et ipsum.') WHERE ct_email = 'Michaela59@yahoo.com' AND pet_owner = 'Reva.Crist@gmail.com' AND pet_name = 'Claud' AND start_date = Date('2020-09-29T16:57:39.780Z') AND end_date = Date('2020-10-08T01:00:47.555Z');
UPDATE bid SET (bid_status, rating, feedback) = ('reviewed', 4, 'Accusamus exercitationem ipsam error dignissimos corporis ipsa quae non. Occaecati et facilis fugit unde nihil.') WHERE ct_email = 'Maegan.Cole@gmail.com' AND pet_owner = 'Rory_Zulauf49@yahoo.com' AND pet_name = 'Kory' AND start_date = Date('2020-09-29T16:57:39.780Z') AND end_date = Date('2020-10-08T01:00:47.555Z');
INSERT INTO bid (ct_email, ct_price, start_date, end_date, is_cash, transport_method, pet_owner, pet_name, bid_status) VALUES ('Shanny_Koss60@yahoo.com', 19, '2020-10-09T01:00:47.555Z', '2020-10-15T03:41:20.948Z', true, 'delivery', 'Cleora_Fritsch89@hotmail.com', 'Jo', 'confirmed');
INSERT INTO bid (ct_email, ct_price, start_date, end_date, is_cash, transport_method, pet_owner, pet_name, bid_status) VALUES ('Eda_Bailey@hotmail.com', 20, '2020-10-09T01:00:47.555Z', '2020-10-15T03:41:20.948Z', true, 'pickup', 'Araceli_Herzog64@yahoo.com', 'Mason', 'confirmed');
INSERT INTO bid (ct_email, ct_price, start_date, end_date, is_cash, transport_method, pet_owner, pet_name, bid_status) VALUES ('Raleigh50@yahoo.com', 7, '2020-10-09T01:00:47.555Z', '2020-10-15T03:41:20.948Z', true, 'pickup', 'Eudora.Goodwin65@yahoo.com', 'Rhoda', 'confirmed');
INSERT INTO bid (ct_email, ct_price, start_date, end_date, is_cash, transport_method, pet_owner, pet_name, bid_status) VALUES ('Joaquin.Wiegand@gmail.com', 19, '2020-10-09T01:00:47.555Z', '2020-10-15T03:41:20.948Z', true, 'delivery', 'Ollie_Witting16@hotmail.com', 'Kathlyn', 'confirmed');
INSERT INTO bid (ct_email, ct_price, start_date, end_date, is_cash, transport_method, pet_owner, pet_name, bid_status) VALUES ('Ceasar_Nader3@gmail.com', 16, '2020-10-09T01:00:47.555Z', '2020-10-15T03:41:20.948Z', true, 'pcs', 'Jordane_Gerhold37@gmail.com', 'Kristian', 'confirmed');
INSERT INTO bid (ct_email, ct_price, start_date, end_date, is_cash, transport_method, pet_owner, pet_name, bid_status) VALUES ('Josephine64@yahoo.com', 12, '2020-10-09T01:00:47.555Z', '2020-10-15T03:41:20.948Z', true, 'pickup', 'Lillian61@hotmail.com', 'Mozell', 'confirmed');
INSERT INTO bid (ct_email, ct_price, start_date, end_date, is_cash, transport_method, pet_owner, pet_name, bid_status) VALUES ('Easton.Collier10@yahoo.com', 12, '2020-10-09T01:00:47.555Z', '2020-10-15T03:41:20.948Z', true, 'pickup', 'Cole.Kohler@hotmail.com', 'Jayda', 'confirmed');
INSERT INTO bid (ct_email, ct_price, start_date, end_date, is_cash, transport_method, pet_owner, pet_name, bid_status) VALUES ('Bernard33@hotmail.com', 7, '2020-10-09T01:00:47.555Z', '2020-10-15T03:41:20.948Z', true, 'pcs', 'Clement.McDermott67@hotmail.com', 'Waino', 'confirmed');
INSERT INTO bid (ct_email, ct_price, start_date, end_date, is_cash, transport_method, pet_owner, pet_name, bid_status) VALUES ('Gardner_Balistreri32@yahoo.com', 1, '2020-10-09T01:00:47.555Z', '2020-10-15T03:41:20.948Z', true, 'pcs', 'Carlotta4@gmail.com', 'Jaron', 'confirmed');
INSERT INTO bid (ct_email, ct_price, start_date, end_date, is_cash, transport_method, pet_owner, pet_name, bid_status) VALUES ('German_Ratke63@gmail.com', 5, '2020-10-09T01:00:47.555Z', '2020-10-15T03:41:20.948Z', true, 'delivery', 'Ezequiel_Brekke@yahoo.com', 'Irma', 'confirmed');
INSERT INTO bid (ct_email, ct_price, start_date, end_date, is_cash, transport_method, pet_owner, pet_name, bid_status) VALUES ('Brando95@yahoo.com', 12, '2020-10-09T01:00:47.555Z', '2020-10-15T03:41:20.948Z', true, 'pcs', 'Susie.Kautzer@gmail.com', 'Marques', 'confirmed');
INSERT INTO bid (ct_email, ct_price, start_date, end_date, is_cash, transport_method, pet_owner, pet_name, bid_status) VALUES ('Mary_Hane@gmail.com', 0, '2020-10-09T01:00:47.555Z', '2020-10-15T03:41:20.948Z', true, 'pcs', 'Kennedi59@hotmail.com', 'Stephan', 'confirmed');
INSERT INTO bid (ct_email, ct_price, start_date, end_date, is_cash, transport_method, pet_owner, pet_name, bid_status) VALUES ('Saige_Quigley@yahoo.com', 11, '2020-10-09T01:00:47.555Z', '2020-10-15T03:41:20.948Z', true, 'delivery', 'Joaquin.Wiegand@gmail.com', 'Alexis', 'confirmed');
INSERT INTO bid (ct_email, ct_price, start_date, end_date, is_cash, transport_method, pet_owner, pet_name, bid_status) VALUES ('Ebony_Veum@gmail.com', 18, '2020-10-09T01:00:47.555Z', '2020-10-15T03:41:20.948Z', true, 'pcs', 'Lowell86@hotmail.com', 'Mona', 'confirmed');
INSERT INTO bid (ct_email, ct_price, start_date, end_date, is_cash, transport_method, pet_owner, pet_name, bid_status) VALUES ('Kiel_Klocko13@hotmail.com', 17, '2020-10-09T01:00:47.555Z', '2020-10-15T03:41:20.948Z', true, 'pickup', 'Clare_Senger@yahoo.com', 'Jeremie', 'confirmed');
INSERT INTO bid (ct_email, ct_price, start_date, end_date, is_cash, transport_method, pet_owner, pet_name, bid_status) VALUES ('Orrin8@yahoo.com', 0, '2020-10-09T01:00:47.555Z', '2020-10-15T03:41:20.948Z', true, 'delivery', 'Santos_Robel66@gmail.com', 'Willy', 'confirmed');
INSERT INTO bid (ct_email, ct_price, start_date, end_date, is_cash, transport_method, pet_owner, pet_name, bid_status) VALUES ('Jocelyn_Beer@gmail.com', 14, '2020-10-09T01:00:47.555Z', '2020-10-15T03:41:20.948Z', true, 'pickup', 'Lisette35@hotmail.com', 'Furman', 'confirmed');
INSERT INTO bid (ct_email, ct_price, start_date, end_date, is_cash, transport_method, pet_owner, pet_name, bid_status) VALUES ('Emil_Marks29@gmail.com', 19, '2020-10-09T01:00:47.555Z', '2020-10-15T03:41:20.948Z', true, 'delivery', 'Rudy51@yahoo.com', 'Trey', 'confirmed');
INSERT INTO bid (ct_email, ct_price, start_date, end_date, is_cash, transport_method, pet_owner, pet_name, bid_status) VALUES ('Darwin38@yahoo.com', 16, '2020-10-09T01:00:47.555Z', '2020-10-15T03:41:20.948Z', true, 'pickup', 'Carmela.Flatley@gmail.com', 'Camryn', 'confirmed');
INSERT INTO bid (ct_email, ct_price, start_date, end_date, is_cash, transport_method, pet_owner, pet_name, bid_status) VALUES ('Stephania_Hodkiewicz72@hotmail.com', 1, '2020-10-09T01:00:47.555Z', '2020-10-15T03:41:20.948Z', true, 'delivery', 'Easton.Collier10@yahoo.com', 'Boyd', 'confirmed');
INSERT INTO bid (ct_email, ct_price, start_date, end_date, is_cash, transport_method, pet_owner, pet_name, bid_status) VALUES ('Morris_Runolfsdottir6@gmail.com', 7, '2020-10-09T01:00:47.555Z', '2020-10-15T03:41:20.948Z', true, 'delivery', 'Deja46@hotmail.com', 'Amina', 'confirmed');
INSERT INTO bid (ct_email, ct_price, start_date, end_date, is_cash, transport_method, pet_owner, pet_name, bid_status) VALUES ('Lon47@yahoo.com', 4, '2020-10-09T01:00:47.555Z', '2020-10-15T03:41:20.948Z', true, 'delivery', 'Quinn.Ankunding@yahoo.com', 'Beau', 'confirmed');
INSERT INTO bid (ct_email, ct_price, start_date, end_date, is_cash, transport_method, pet_owner, pet_name, bid_status) VALUES ('Kailyn99@yahoo.com', 17, '2020-10-09T01:00:47.555Z', '2020-10-15T03:41:20.948Z', true, 'pcs', 'Furman12@hotmail.com', 'Hoyt', 'confirmed');
INSERT INTO bid (ct_email, ct_price, start_date, end_date, is_cash, transport_method, pet_owner, pet_name, bid_status) VALUES ('Vivien_Okuneva60@gmail.com', 15, '2020-10-09T01:00:47.555Z', '2020-10-15T03:41:20.948Z', true, 'pcs', 'Hadley.Ruecker@hotmail.com', 'Dudley', 'confirmed');
INSERT INTO bid (ct_email, ct_price, start_date, end_date, is_cash, transport_method, pet_owner, pet_name, bid_status) VALUES ('Hobart_Swaniawski@gmail.com', 18, '2020-10-09T01:00:47.555Z', '2020-10-15T03:41:20.948Z', true, 'pcs', 'Amber_Schmidt0@hotmail.com', 'Ethel', 'confirmed');
INSERT INTO bid (ct_email, ct_price, start_date, end_date, is_cash, transport_method, pet_owner, pet_name, bid_status) VALUES ('Triston_Kirlin52@gmail.com', 17, '2020-10-09T01:00:47.555Z', '2020-10-15T03:41:20.948Z', true, 'pcs', 'Ressie7@hotmail.com', 'Elroy', 'confirmed');
INSERT INTO bid (ct_email, ct_price, start_date, end_date, is_cash, transport_method, pet_owner, pet_name, bid_status) VALUES ('Amber_Schmidt0@hotmail.com', 1, '2020-10-09T01:00:47.555Z', '2020-10-15T03:41:20.948Z', true, 'pcs', 'Chester.Turner79@yahoo.com', 'Arlie', 'confirmed');
INSERT INTO bid (ct_email, ct_price, start_date, end_date, is_cash, transport_method, pet_owner, pet_name, bid_status) VALUES ('Eladio.Renner@yahoo.com', 19, '2020-10-09T01:00:47.555Z', '2020-10-15T03:41:20.948Z', true, 'delivery', 'Vena.Nienow@hotmail.com', 'Arnoldo', 'confirmed');
INSERT INTO bid (ct_email, ct_price, start_date, end_date, is_cash, transport_method, pet_owner, pet_name, bid_status) VALUES ('Willow91@hotmail.com', 16, '2020-10-09T01:00:47.555Z', '2020-10-15T03:41:20.948Z', true, 'delivery', 'Joany26@yahoo.com', 'Selmer', 'confirmed');
INSERT INTO bid (ct_email, ct_price, start_date, end_date, is_cash, transport_method, pet_owner, pet_name, bid_status) VALUES ('Edmund_Sauer94@hotmail.com', 7, '2020-10-09T01:00:47.555Z', '2020-10-15T03:41:20.948Z', true, 'delivery', 'Alena75@hotmail.com', 'Saige', 'confirmed');
INSERT INTO bid (ct_email, ct_price, start_date, end_date, is_cash, transport_method, pet_owner, pet_name, bid_status) VALUES ('Yazmin17@yahoo.com', 3, '2020-10-09T01:00:47.555Z', '2020-10-15T03:41:20.948Z', true, 'pickup', 'Andre34@yahoo.com', 'Christine', 'confirmed');
INSERT INTO bid (ct_email, ct_price, start_date, end_date, is_cash, transport_method, pet_owner, pet_name, bid_status) VALUES ('Travon56@hotmail.com', 1, '2020-10-09T01:00:47.555Z', '2020-10-15T03:41:20.948Z', true, 'delivery', 'Chester38@hotmail.com', 'Lonny', 'confirmed');
INSERT INTO bid (ct_email, ct_price, start_date, end_date, is_cash, transport_method, pet_owner, pet_name, bid_status) VALUES ('Brant_Heidenreich81@hotmail.com', 20, '2020-10-09T01:00:47.555Z', '2020-10-15T03:41:20.948Z', true, 'delivery', 'Bradly.Schroeder@hotmail.com', 'Lauren', 'confirmed');
INSERT INTO bid (ct_email, ct_price, start_date, end_date, is_cash, transport_method, pet_owner, pet_name, bid_status) VALUES ('Loy85@gmail.com', 16, '2020-10-09T01:00:47.555Z', '2020-10-15T03:41:20.948Z', true, 'pcs', 'Claire.Considine@hotmail.com', 'Elmo', 'confirmed');
INSERT INTO bid (ct_email, ct_price, start_date, end_date, is_cash, transport_method, pet_owner, pet_name, bid_status) VALUES ('Aniyah95@yahoo.com', 0, '2020-10-09T01:00:47.555Z', '2020-10-15T03:41:20.948Z', true, 'pickup', 'April21@hotmail.com', 'Vernie', 'confirmed');
INSERT INTO bid (ct_email, ct_price, start_date, end_date, is_cash, transport_method, pet_owner, pet_name, bid_status) VALUES ('Ebony21@gmail.com', 10, '2020-10-09T01:00:47.555Z', '2020-10-15T03:41:20.948Z', true, 'pcs', 'Toby66@gmail.com', 'Blanche', 'confirmed');
INSERT INTO bid (ct_email, ct_price, start_date, end_date, is_cash, transport_method, pet_owner, pet_name, bid_status) VALUES ('Tressie.Johnston6@hotmail.com', 8, '2020-10-09T01:00:47.555Z', '2020-10-15T03:41:20.948Z', true, 'pickup', 'Gregory.Krajcik94@yahoo.com', 'Alan', 'confirmed');
INSERT INTO bid (ct_email, ct_price, start_date, end_date, is_cash, transport_method, pet_owner, pet_name, bid_status) VALUES ('Neal50@yahoo.com', 17, '2020-10-09T01:00:47.555Z', '2020-10-15T03:41:20.948Z', true, 'pickup', 'Nico_Shanahan93@yahoo.com', 'Salvador', 'confirmed');
INSERT INTO bid (ct_email, ct_price, start_date, end_date, is_cash, transport_method, pet_owner, pet_name, bid_status) VALUES ('Vince.Ritchie@yahoo.com', 3, '2020-10-09T01:00:47.555Z', '2020-10-15T03:41:20.948Z', true, 'delivery', 'Merlin_Wilderman94@gmail.com', 'Zoie', 'confirmed');
INSERT INTO bid (ct_email, ct_price, start_date, end_date, is_cash, transport_method, pet_owner, pet_name, bid_status) VALUES ('Monique45@yahoo.com', 8, '2020-10-09T01:00:47.555Z', '2020-10-15T03:41:20.948Z', true, 'pcs', 'Haven.Swift32@hotmail.com', 'Ebony', 'confirmed');
INSERT INTO bid (ct_email, ct_price, start_date, end_date, is_cash, transport_method, pet_owner, pet_name, bid_status) VALUES ('Britney_Reilly96@hotmail.com', 6, '2020-10-09T01:00:47.555Z', '2020-10-15T03:41:20.948Z', true, 'pcs', 'Matteo89@gmail.com', 'Ceasar', 'confirmed');
INSERT INTO bid (ct_email, ct_price, start_date, end_date, is_cash, transport_method, pet_owner, pet_name, bid_status) VALUES ('Alycia.Nader98@hotmail.com', 15, '2020-10-09T01:00:47.555Z', '2020-10-15T03:41:20.948Z', true, 'delivery', 'Chadd_Carter25@hotmail.com', 'Lesly', 'confirmed');
INSERT INTO bid (ct_email, ct_price, start_date, end_date, is_cash, transport_method, pet_owner, pet_name, bid_status) VALUES ('Maude.Lesch@hotmail.com', 13, '2020-10-09T01:00:47.555Z', '2020-10-15T03:41:20.948Z', true, 'pcs', 'Jerod.Brakus2@gmail.com', 'Benton', 'confirmed');
INSERT INTO bid (ct_email, ct_price, start_date, end_date, is_cash, transport_method, pet_owner, pet_name, bid_status) VALUES ('Luisa_Beier@hotmail.com', 14, '2020-10-09T01:00:47.555Z', '2020-10-15T03:41:20.948Z', true, 'delivery', 'Frida_Nicolas@gmail.com', 'Adolphus', 'confirmed');
INSERT INTO bid (ct_email, ct_price, start_date, end_date, is_cash, transport_method, pet_owner, pet_name, bid_status) VALUES ('Leilani_Schulist@yahoo.com', 2, '2020-10-09T01:00:47.555Z', '2020-10-15T03:41:20.948Z', true, 'pickup', 'Lulu.DAmore@hotmail.com', 'Sylvester', 'confirmed');
INSERT INTO bid (ct_email, ct_price, start_date, end_date, is_cash, transport_method, pet_owner, pet_name, bid_status) VALUES ('Keyon35@yahoo.com', 14, '2020-10-09T01:00:47.555Z', '2020-10-15T03:41:20.948Z', true, 'delivery', 'Adella_West37@yahoo.com', 'Ara', 'confirmed');
INSERT INTO bid (ct_email, ct_price, start_date, end_date, is_cash, transport_method, pet_owner, pet_name, bid_status) VALUES ('Noah_Maggio64@yahoo.com', 5, '2020-10-09T01:00:47.555Z', '2020-10-15T03:41:20.948Z', true, 'delivery', 'Nella91@yahoo.com', 'Virgil', 'confirmed');
INSERT INTO bid (ct_email, ct_price, start_date, end_date, is_cash, transport_method, pet_owner, pet_name, bid_status) VALUES ('Chester.Turner79@yahoo.com', 12, '2020-10-09T01:00:47.555Z', '2020-10-15T03:41:20.948Z', true, 'pcs', 'Bernard33@hotmail.com', 'Skye', 'confirmed');
INSERT INTO bid (ct_email, ct_price, start_date, end_date, is_cash, transport_method, pet_owner, pet_name, bid_status) VALUES ('Santos_Robel66@gmail.com', 20, '2020-10-09T01:00:47.555Z', '2020-10-15T03:41:20.948Z', true, 'pickup', 'Malachi_OKeefe@hotmail.com', 'Alison', 'confirmed');
INSERT INTO bid (ct_email, ct_price, start_date, end_date, is_cash, transport_method, pet_owner, pet_name, bid_status) VALUES ('Iva38@yahoo.com', 16, '2020-10-09T01:00:47.555Z', '2020-10-15T03:41:20.948Z', true, 'pcs', 'Hailee_Zieme@hotmail.com', 'Jaleel', 'confirmed');
INSERT INTO bid (ct_email, ct_price, start_date, end_date, is_cash, transport_method, pet_owner, pet_name, bid_status) VALUES ('Domenic.Jakubowski@yahoo.com', 0, '2020-10-09T01:00:47.555Z', '2020-10-15T03:41:20.948Z', true, 'pickup', 'Madisen_Reichel@yahoo.com', 'Kadin', 'confirmed');
INSERT INTO bid (ct_email, ct_price, start_date, end_date, is_cash, transport_method, pet_owner, pet_name, bid_status) VALUES ('Angus.Doyle@yahoo.com', 7, '2020-10-09T01:00:47.555Z', '2020-10-15T03:41:20.948Z', true, 'delivery', 'Maxie.Heathcote2@gmail.com', 'Aurelie', 'confirmed');
INSERT INTO bid (ct_email, ct_price, start_date, end_date, is_cash, transport_method, pet_owner, pet_name, bid_status) VALUES ('Amelie_Bahringer@yahoo.com', 12, '2020-10-09T01:00:47.555Z', '2020-10-15T03:41:20.948Z', true, 'delivery', 'Edward_Waelchi@yahoo.com', 'Lula', 'confirmed');
INSERT INTO bid (ct_email, ct_price, start_date, end_date, is_cash, transport_method, pet_owner, pet_name, bid_status) VALUES ('Hardy.Terry@gmail.com', 15, '2020-10-09T01:00:47.555Z', '2020-10-15T03:41:20.948Z', true, 'pickup', 'Brianne_Breitenberg@hotmail.com', 'Kadin', 'confirmed');
INSERT INTO bid (ct_email, ct_price, start_date, end_date, is_cash, transport_method, pet_owner, pet_name, bid_status) VALUES ('London_Barton@gmail.com', 10, '2020-10-09T01:00:47.555Z', '2020-10-15T03:41:20.948Z', true, 'pickup', 'Amara9@gmail.com', 'Vinnie', 'confirmed');
INSERT INTO bid (ct_email, ct_price, start_date, end_date, is_cash, transport_method, pet_owner, pet_name, bid_status) VALUES ('Luella85@gmail.com', 18, '2020-10-09T01:00:47.555Z', '2020-10-15T03:41:20.948Z', true, 'pickup', 'Loy85@gmail.com', 'Vladimir', 'confirmed');
INSERT INTO bid (ct_email, ct_price, start_date, end_date, is_cash, transport_method, pet_owner, pet_name, bid_status) VALUES ('Genevieve_Ondricka@yahoo.com', 2, '2020-10-09T01:00:47.555Z', '2020-10-15T03:41:20.948Z', true, 'pcs', 'Clay.Nader10@gmail.com', 'Felton', 'confirmed');
INSERT INTO bid (ct_email, ct_price, start_date, end_date, is_cash, transport_method, pet_owner, pet_name, bid_status) VALUES ('Cyril58@gmail.com', 0, '2020-10-09T01:00:47.555Z', '2020-10-15T03:41:20.948Z', true, 'pickup', 'Leilani.Doyle96@yahoo.com', 'Maverick', 'confirmed');
INSERT INTO bid (ct_email, ct_price, start_date, end_date, is_cash, transport_method, pet_owner, pet_name, bid_status) VALUES ('Madeline.Schowalter4@yahoo.com', 12, '2020-10-09T01:00:47.555Z', '2020-10-15T03:41:20.948Z', true, 'pcs', 'Brittany_Carter87@hotmail.com', 'Lisandro', 'confirmed');
INSERT INTO bid (ct_email, ct_price, start_date, end_date, is_cash, transport_method, pet_owner, pet_name, bid_status) VALUES ('Broderick.Abernathy@gmail.com', 11, '2020-10-09T01:00:47.555Z', '2020-10-15T03:41:20.948Z', true, 'pcs', 'Janae_Rohan89@hotmail.com', 'Lisette', 'confirmed');
INSERT INTO bid (ct_email, ct_price, start_date, end_date, is_cash, transport_method, pet_owner, pet_name, bid_status) VALUES ('Katlynn.Will@gmail.com', 12, '2020-10-09T01:00:47.555Z', '2020-10-15T03:41:20.948Z', true, 'delivery', 'Callie10@gmail.com', 'John', 'confirmed');
INSERT INTO bid (ct_email, ct_price, start_date, end_date, is_cash, transport_method, pet_owner, pet_name, bid_status) VALUES ('Hannah_Wolf@gmail.com', 13, '2020-10-09T01:00:47.555Z', '2020-10-15T03:41:20.948Z', true, 'pickup', 'Riley.Bernhard@hotmail.com', 'Jayne', 'confirmed');
INSERT INTO bid (ct_email, ct_price, start_date, end_date, is_cash, transport_method, pet_owner, pet_name, bid_status) VALUES ('Sarah.Cremin64@yahoo.com', 2, '2020-10-09T01:00:47.555Z', '2020-10-15T03:41:20.948Z', true, 'pcs', 'Selena_Block@hotmail.com', 'Katelyn', 'confirmed');
INSERT INTO bid (ct_email, ct_price, start_date, end_date, is_cash, transport_method, pet_owner, pet_name, bid_status) VALUES ('Eldred84@yahoo.com', 19, '2020-10-09T01:00:47.555Z', '2020-10-15T03:41:20.948Z', true, 'pickup', 'Blair_Gerhold@gmail.com', 'Bennett', 'confirmed');
INSERT INTO bid (ct_email, ct_price, start_date, end_date, is_cash, transport_method, pet_owner, pet_name, bid_status) VALUES ('Leatha_Runolfsdottir@hotmail.com', 8, '2020-10-09T01:00:47.555Z', '2020-10-15T03:41:20.948Z', true, 'pickup', 'Nikolas_Torp90@gmail.com', 'Angus', 'confirmed');
INSERT INTO bid (ct_email, ct_price, start_date, end_date, is_cash, transport_method, pet_owner, pet_name, bid_status) VALUES ('Savanna28@hotmail.com', 19, '2020-10-09T01:00:47.555Z', '2020-10-15T03:41:20.948Z', true, 'pcs', 'Elvis1@gmail.com', 'Lizzie', 'confirmed');
INSERT INTO bid (ct_email, ct_price, start_date, end_date, is_cash, transport_method, pet_owner, pet_name, bid_status) VALUES ('Columbus_Medhurst@gmail.com', 7, '2020-10-09T01:00:47.555Z', '2020-10-15T03:41:20.948Z', true, 'pcs', 'Sabryna72@gmail.com', 'Bernadette', 'confirmed');
INSERT INTO bid (ct_email, ct_price, start_date, end_date, is_cash, transport_method, pet_owner, pet_name, bid_status) VALUES ('Caroline.Hane@gmail.com', 0, '2020-10-09T01:00:47.555Z', '2020-10-15T03:41:20.948Z', true, 'pickup', 'Chadd25@gmail.com', 'Frida', 'confirmed');
INSERT INTO bid (ct_email, ct_price, start_date, end_date, is_cash, transport_method, pet_owner, pet_name, bid_status) VALUES ('Kevon.Moen@yahoo.com', 20, '2020-10-09T01:00:47.555Z', '2020-10-15T03:41:20.948Z', true, 'pcs', 'Derrick.Turcotte75@hotmail.com', 'Collin', 'confirmed');
INSERT INTO bid (ct_email, ct_price, start_date, end_date, is_cash, transport_method, pet_owner, pet_name, bid_status) VALUES ('Hallie65@yahoo.com', 2, '2020-10-09T01:00:47.555Z', '2020-10-15T03:41:20.948Z', true, 'delivery', 'Tressie78@gmail.com', 'Diego', 'confirmed');
INSERT INTO bid (ct_email, ct_price, start_date, end_date, is_cash, transport_method, pet_owner, pet_name, bid_status) VALUES ('Kailyn11@hotmail.com', 16, '2020-10-09T01:00:47.555Z', '2020-10-15T03:41:20.948Z', true, 'pcs', 'Wendell82@hotmail.com', 'Dawson', 'confirmed');
INSERT INTO bid (ct_email, ct_price, start_date, end_date, is_cash, transport_method, pet_owner, pet_name, bid_status) VALUES ('Jaron.Cassin@gmail.com', 17, '2020-10-09T01:00:47.555Z', '2020-10-15T03:41:20.948Z', true, 'delivery', 'Kendra57@hotmail.com', 'Rhianna', 'confirmed');
INSERT INTO bid (ct_email, ct_price, start_date, end_date, is_cash, transport_method, pet_owner, pet_name, bid_status) VALUES ('Rocky45@hotmail.com', 9, '2020-10-09T01:00:47.555Z', '2020-10-15T03:41:20.948Z', true, 'pcs', 'Axel.Hayes@hotmail.com', 'Abdullah', 'confirmed');
INSERT INTO bid (ct_email, ct_price, start_date, end_date, is_cash, transport_method, pet_owner, pet_name, bid_status) VALUES ('Madelynn.Glover@yahoo.com', 11, '2020-10-09T01:00:47.555Z', '2020-10-15T03:41:20.948Z', true, 'delivery', 'Gust_Turcotte@gmail.com', 'Kobe', 'confirmed');
INSERT INTO bid (ct_email, ct_price, start_date, end_date, is_cash, transport_method, pet_owner, pet_name, bid_status) VALUES ('Hortense.Schulist@hotmail.com', 0, '2020-10-09T01:00:47.555Z', '2020-10-15T03:41:20.948Z', true, 'pickup', 'Christy75@gmail.com', 'Vernie', 'confirmed');
INSERT INTO bid (ct_email, ct_price, start_date, end_date, is_cash, transport_method, pet_owner, pet_name, bid_status) VALUES ('Genevieve.West@gmail.com', 17, '2020-10-09T01:00:47.555Z', '2020-10-15T03:41:20.948Z', true, 'pickup', 'Alena75@hotmail.com', 'Emmet', 'confirmed');
INSERT INTO bid (ct_email, ct_price, start_date, end_date, is_cash, transport_method, pet_owner, pet_name, bid_status) VALUES ('Katherine.Halvorson32@yahoo.com', 3, '2020-10-09T01:00:47.555Z', '2020-10-15T03:41:20.948Z', true, 'delivery', 'Matteo89@gmail.com', 'Leonie', 'confirmed');
INSERT INTO bid (ct_email, ct_price, start_date, end_date, is_cash, transport_method, pet_owner, pet_name, bid_status) VALUES ('Nelson.Corkery87@gmail.com', 2, '2020-10-09T01:00:47.555Z', '2020-10-15T03:41:20.948Z', true, 'pickup', 'Emmie_Dicki@hotmail.com', 'Audra', 'confirmed');
INSERT INTO bid (ct_email, ct_price, start_date, end_date, is_cash, transport_method, pet_owner, pet_name, bid_status) VALUES ('Tyrel_Beier83@yahoo.com', 3, '2020-10-09T01:00:47.555Z', '2020-10-15T03:41:20.948Z', true, 'pcs', 'Danyka64@gmail.com', 'Ward', 'confirmed');
INSERT INTO bid (ct_email, ct_price, start_date, end_date, is_cash, transport_method, pet_owner, pet_name, bid_status) VALUES ('Ellen_Mills@gmail.com', 5, '2020-10-09T01:00:47.555Z', '2020-10-15T03:41:20.948Z', true, 'pcs', 'Lisandro83@hotmail.com', 'Percy', 'confirmed');
INSERT INTO bid (ct_email, ct_price, start_date, end_date, is_cash, transport_method, pet_owner, pet_name, bid_status) VALUES ('Clay_Wuckert@yahoo.com', 9, '2020-10-09T01:00:47.555Z', '2020-10-15T03:41:20.948Z', true, 'delivery', 'Doug_Dach90@hotmail.com', 'Deion', 'confirmed');
INSERT INTO bid (ct_email, ct_price, start_date, end_date, is_cash, transport_method, pet_owner, pet_name, bid_status) VALUES ('Madisen_Reichel@yahoo.com', 18, '2020-10-09T01:00:47.555Z', '2020-10-15T03:41:20.948Z', true, 'pcs', 'Lon47@yahoo.com', 'Nayeli', 'confirmed');
INSERT INTO bid (ct_email, ct_price, start_date, end_date, is_cash, transport_method, pet_owner, pet_name, bid_status) VALUES ('Hailee.Nikolaus@gmail.com', 13, '2020-10-09T01:00:47.555Z', '2020-10-15T03:41:20.948Z', true, 'delivery', 'Eveline.Howell36@yahoo.com', 'Chelsea', 'confirmed');
INSERT INTO bid (ct_email, ct_price, start_date, end_date, is_cash, transport_method, pet_owner, pet_name, bid_status) VALUES ('Isabel.Harber@hotmail.com', 18, '2020-10-09T01:00:47.555Z', '2020-10-15T03:41:20.948Z', true, 'delivery', 'Irma36@gmail.com', 'Nikko', 'confirmed');
INSERT INTO bid (ct_email, ct_price, start_date, end_date, is_cash, transport_method, pet_owner, pet_name, bid_status) VALUES ('Micaela_Champlin@gmail.com', 17, '2020-10-09T01:00:47.555Z', '2020-10-15T03:41:20.948Z', true, 'pickup', 'Darwin38@yahoo.com', 'Kathleen', 'confirmed');
INSERT INTO bid (ct_email, ct_price, start_date, end_date, is_cash, transport_method, pet_owner, pet_name, bid_status) VALUES ('Cecilia_Nikolaus35@yahoo.com', 12, '2020-10-09T01:00:47.555Z', '2020-10-15T03:41:20.948Z', true, 'delivery', 'Herman_Bednar@yahoo.com', 'Will', 'confirmed');
INSERT INTO bid (ct_email, ct_price, start_date, end_date, is_cash, transport_method, pet_owner, pet_name, bid_status) VALUES ('Maxwell.Medhurst@hotmail.com', 1, '2020-10-09T01:00:47.555Z', '2020-10-15T03:41:20.948Z', true, 'pcs', 'Lola.Bins31@hotmail.com', 'Dino', 'confirmed');
INSERT INTO bid (ct_email, ct_price, start_date, end_date, is_cash, transport_method, pet_owner, pet_name, bid_status) VALUES ('Arturo92@yahoo.com', 11, '2020-10-09T01:00:47.555Z', '2020-10-15T03:41:20.948Z', true, 'delivery', 'Jocelyn.Kassulke12@gmail.com', 'Elyse', 'confirmed');
INSERT INTO bid (ct_email, ct_price, start_date, end_date, is_cash, transport_method, pet_owner, pet_name, bid_status) VALUES ('Emmy_Jacobi86@gmail.com', 1, '2020-10-09T01:00:47.555Z', '2020-10-15T03:41:20.948Z', true, 'pickup', 'Thad.Reichel@yahoo.com', 'Cristobal', 'confirmed');
INSERT INTO bid (ct_email, ct_price, start_date, end_date, is_cash, transport_method, pet_owner, pet_name, bid_status) VALUES ('Karen25@hotmail.com', 11, '2020-10-09T01:00:47.555Z', '2020-10-15T03:41:20.948Z', true, 'delivery', 'Dianna67@hotmail.com', 'Kurt', 'confirmed');
INSERT INTO bid (ct_email, ct_price, start_date, end_date, is_cash, transport_method, pet_owner, pet_name, bid_status) VALUES ('Julia87@hotmail.com', 7, '2020-10-09T01:00:47.555Z', '2020-10-15T03:41:20.948Z', true, 'pickup', 'Eugene_Morissette30@yahoo.com', 'Furman', 'confirmed');
INSERT INTO bid (ct_email, ct_price, start_date, end_date, is_cash, transport_method, pet_owner, pet_name, bid_status) VALUES ('Keshaun.Morar93@yahoo.com', 0, '2020-10-09T01:00:47.555Z', '2020-10-15T03:41:20.948Z', true, 'pcs', 'Nathanial.Stanton31@hotmail.com', 'Ashtyn', 'confirmed');
INSERT INTO bid (ct_email, ct_price, start_date, end_date, is_cash, transport_method, pet_owner, pet_name, bid_status) VALUES ('Sabrina.Lockman65@gmail.com', 20, '2020-10-09T01:00:47.555Z', '2020-10-15T03:41:20.948Z', true, 'pickup', 'Shaina.Wiza@gmail.com', 'Odie', 'confirmed');
INSERT INTO bid (ct_email, ct_price, start_date, end_date, is_cash, transport_method, pet_owner, pet_name, bid_status) VALUES ('Reva_Ratke14@gmail.com', 18, '2020-10-09T01:00:47.555Z', '2020-10-15T03:41:20.948Z', true, 'delivery', 'Carter.Tremblay@hotmail.com', 'Verna', 'confirmed');
INSERT INTO bid (ct_email, ct_price, start_date, end_date, is_cash, transport_method, pet_owner, pet_name, bid_status) VALUES ('Christy75@gmail.com', 13, '2020-10-09T01:00:47.555Z', '2020-10-15T03:41:20.948Z', true, 'pickup', 'Neal.Schuster67@hotmail.com', 'Destiny', 'confirmed');
INSERT INTO bid (ct_email, ct_price, start_date, end_date, is_cash, transport_method, pet_owner, pet_name, bid_status) VALUES ('Reba31@gmail.com', 9, '2020-10-09T01:00:47.555Z', '2020-10-15T03:41:20.948Z', true, 'delivery', 'Eddie.Herzog@gmail.com', 'Chasity', 'confirmed');
INSERT INTO bid (ct_email, ct_price, start_date, end_date, is_cash, transport_method, pet_owner, pet_name, bid_status) VALUES ('Ferne.Reichert@hotmail.com', 7, '2020-10-09T01:00:47.555Z', '2020-10-15T03:41:20.948Z', true, 'pickup', 'Alena_Johns@hotmail.com', 'Dimitri', 'confirmed');
INSERT INTO bid (ct_email, ct_price, start_date, end_date, is_cash, transport_method, pet_owner, pet_name, bid_status) VALUES ('Amara_Blanda21@hotmail.com', 20, '2020-10-09T01:00:47.555Z', '2020-10-15T03:41:20.948Z', true, 'pickup', 'Juana51@hotmail.com', 'Eleanore', 'confirmed');
INSERT INTO bid (ct_email, ct_price, start_date, end_date, is_cash, transport_method, pet_owner, pet_name, bid_status) VALUES ('Viola.Gibson59@yahoo.com', 17, '2020-10-09T01:00:47.555Z', '2020-10-15T03:41:20.948Z', true, 'pcs', 'Ethel.Shields91@gmail.com', 'Deonte', 'confirmed');
INSERT INTO bid (ct_email, ct_price, start_date, end_date, is_cash, transport_method, pet_owner, pet_name, bid_status) VALUES ('Itzel.Gorczany15@gmail.com', 0, '2020-10-09T01:00:47.555Z', '2020-10-15T03:41:20.948Z', true, 'pickup', 'Darwin38@yahoo.com', 'Laisha', 'confirmed');
INSERT INTO bid (ct_email, ct_price, start_date, end_date, is_cash, transport_method, pet_owner, pet_name, bid_status) VALUES ('Flavie.West@gmail.com', 14, '2020-10-09T01:00:47.555Z', '2020-10-15T03:41:20.948Z', true, 'pcs', 'Maddison62@hotmail.com', 'Bertha', 'confirmed');
INSERT INTO bid (ct_email, ct_price, start_date, end_date, is_cash, transport_method, pet_owner, pet_name, bid_status) VALUES ('Maynard_Ernser91@gmail.com', 8, '2020-10-09T01:00:47.555Z', '2020-10-15T03:41:20.948Z', true, 'delivery', 'Katlynn.Will@gmail.com', 'Tessie', 'confirmed');
INSERT INTO bid (ct_email, ct_price, start_date, end_date, is_cash, transport_method, pet_owner, pet_name, bid_status) VALUES ('Shemar95@yahoo.com', 4, '2020-10-09T01:00:47.555Z', '2020-10-15T03:41:20.948Z', true, 'pickup', 'Chesley_Terry75@hotmail.com', 'Gavin', 'confirmed');
INSERT INTO bid (ct_email, ct_price, start_date, end_date, is_cash, transport_method, pet_owner, pet_name, bid_status) VALUES ('Maxine.Feil87@yahoo.com', 1, '2020-10-09T01:00:47.555Z', '2020-10-15T03:41:20.948Z', true, 'pcs', 'Kennedi59@hotmail.com', 'Kaelyn', 'confirmed');
INSERT INTO bid (ct_email, ct_price, start_date, end_date, is_cash, transport_method, pet_owner, pet_name, bid_status) VALUES ('Hazel_Botsford@gmail.com', 4, '2020-10-09T01:00:47.555Z', '2020-10-15T03:41:20.948Z', true, 'pickup', 'Clovis_Collins@gmail.com', 'Leanne', 'confirmed');
INSERT INTO bid (ct_email, ct_price, start_date, end_date, is_cash, transport_method, pet_owner, pet_name, bid_status) VALUES ('Cornelius_Prosacco@yahoo.com', 3, '2020-10-09T01:00:47.555Z', '2020-10-15T03:41:20.948Z', true, 'delivery', 'Immanuel_Hilll3@yahoo.com', 'Lyric', 'confirmed');
INSERT INTO bid (ct_email, ct_price, start_date, end_date, is_cash, transport_method, pet_owner, pet_name, bid_status) VALUES ('Elian_Botsford@hotmail.com', 2, '2020-10-09T01:00:47.555Z', '2020-10-15T03:41:20.948Z', true, 'pickup', 'Geovanni3@yahoo.com', 'Jairo', 'confirmed');
INSERT INTO bid (ct_email, ct_price, start_date, end_date, is_cash, transport_method, pet_owner, pet_name, bid_status) VALUES ('Stephen_Rath18@gmail.com', 17, '2020-10-09T01:00:47.555Z', '2020-10-15T03:41:20.948Z', true, 'pickup', 'Cleora_Fritsch89@hotmail.com', 'Major', 'confirmed');
INSERT INTO bid (ct_email, ct_price, start_date, end_date, is_cash, transport_method, pet_owner, pet_name, bid_status) VALUES ('Rey.Veum@hotmail.com', 16, '2020-10-09T01:00:47.555Z', '2020-10-15T03:41:20.948Z', true, 'pcs', 'Greta_OConnell25@hotmail.com', 'Tatum', 'confirmed');
INSERT INTO bid (ct_email, ct_price, start_date, end_date, is_cash, transport_method, pet_owner, pet_name, bid_status) VALUES ('Francisca_Bosco@gmail.com', 18, '2020-10-09T01:00:47.555Z', '2020-10-15T03:41:20.948Z', true, 'pcs', 'Claire.Considine@hotmail.com', 'Darren', 'confirmed');
INSERT INTO bid (ct_email, ct_price, start_date, end_date, is_cash, transport_method, pet_owner, pet_name, bid_status) VALUES ('Alessia13@gmail.com', 0, '2020-10-09T01:00:47.555Z', '2020-10-15T03:41:20.948Z', true, 'delivery', 'Annie.Balistreri@gmail.com', 'Kelli', 'confirmed');
INSERT INTO bid (ct_email, ct_price, start_date, end_date, is_cash, transport_method, pet_owner, pet_name, bid_status) VALUES ('Ashlynn.Welch11@gmail.com', 3, '2020-10-09T01:00:47.555Z', '2020-10-15T03:41:20.948Z', true, 'pickup', 'Martin99@gmail.com', 'Aracely', 'confirmed');
INSERT INTO bid (ct_email, ct_price, start_date, end_date, is_cash, transport_method, pet_owner, pet_name, bid_status) VALUES ('Tierra59@yahoo.com', 14, '2020-10-09T01:00:47.555Z', '2020-10-15T03:41:20.948Z', true, 'delivery', 'Viva_Lind65@gmail.com', 'Effie', 'confirmed');
INSERT INTO bid (ct_email, ct_price, start_date, end_date, is_cash, transport_method, pet_owner, pet_name, bid_status) VALUES ('Sheila.Towne49@yahoo.com', 2, '2020-10-09T01:00:47.555Z', '2020-10-15T03:41:20.948Z', true, 'pickup', 'Orrin8@yahoo.com', 'Jovani', 'confirmed');
INSERT INTO bid (ct_email, ct_price, start_date, end_date, is_cash, transport_method, pet_owner, pet_name, bid_status) VALUES ('Carson56@gmail.com', 12, '2020-10-09T01:00:47.555Z', '2020-10-15T03:41:20.948Z', true, 'delivery', 'Tatum.Windler@hotmail.com', 'Karolann', 'confirmed');
INSERT INTO bid (ct_email, ct_price, start_date, end_date, is_cash, transport_method, pet_owner, pet_name, bid_status) VALUES ('April21@hotmail.com', 1, '2020-10-09T01:00:47.555Z', '2020-10-15T03:41:20.948Z', true, 'delivery', 'Clemmie.Satterfield@yahoo.com', 'Miller', 'confirmed');
INSERT INTO bid (ct_email, ct_price, start_date, end_date, is_cash, transport_method, pet_owner, pet_name, bid_status) VALUES ('Winfield_Gislason@hotmail.com', 2, '2020-10-09T01:00:47.555Z', '2020-10-15T03:41:20.948Z', true, 'delivery', 'Kellen70@gmail.com', 'Gertrude', 'confirmed');
INSERT INTO bid (ct_email, ct_price, start_date, end_date, is_cash, transport_method, pet_owner, pet_name, bid_status) VALUES ('Devon25@hotmail.com', 8, '2020-10-09T01:00:47.555Z', '2020-10-15T03:41:20.948Z', true, 'pcs', 'Elian50@yahoo.com', 'Isai', 'confirmed');
INSERT INTO bid (ct_email, ct_price, start_date, end_date, is_cash, transport_method, pet_owner, pet_name, bid_status) VALUES ('Clare_Senger@yahoo.com', 8, '2020-10-09T01:00:47.555Z', '2020-10-15T03:41:20.948Z', true, 'pcs', 'Esther.Bednar@gmail.com', 'Margaretta', 'confirmed');
INSERT INTO bid (ct_email, ct_price, start_date, end_date, is_cash, transport_method, pet_owner, pet_name, bid_status) VALUES ('Marion.Torp74@yahoo.com', 5, '2020-10-09T01:00:47.555Z', '2020-10-15T03:41:20.948Z', true, 'pickup', 'Cynthia8@yahoo.com', 'Baron', 'confirmed');
INSERT INTO bid (ct_email, ct_price, start_date, end_date, is_cash, transport_method, pet_owner, pet_name, bid_status) VALUES ('Nathaniel_Stiedemann@gmail.com', 6, '2020-10-09T01:00:47.555Z', '2020-10-15T03:41:20.948Z', true, 'delivery', 'Eugene2@yahoo.com', 'Chyna', 'confirmed');
INSERT INTO bid (ct_email, ct_price, start_date, end_date, is_cash, transport_method, pet_owner, pet_name, bid_status) VALUES ('Alexzander.Lockman@gmail.com', 1, '2020-10-09T01:00:47.555Z', '2020-10-15T03:41:20.948Z', true, 'pickup', 'Madeline.Schowalter4@yahoo.com', 'Susanna', 'confirmed');
INSERT INTO bid (ct_email, ct_price, start_date, end_date, is_cash, transport_method, pet_owner, pet_name, bid_status) VALUES ('Andreane42@hotmail.com', 18, '2020-10-09T01:00:47.555Z', '2020-10-15T03:41:20.948Z', true, 'pickup', 'Marion.Torp74@yahoo.com', 'Rodolfo', 'confirmed');
INSERT INTO bid (ct_email, ct_price, start_date, end_date, is_cash, transport_method, pet_owner, pet_name, bid_status) VALUES ('Nathanael59@yahoo.com', 18, '2020-10-09T01:00:47.555Z', '2020-10-15T03:41:20.948Z', true, 'pcs', 'Bella71@hotmail.com', 'Claudine', 'confirmed');
INSERT INTO bid (ct_email, ct_price, start_date, end_date, is_cash, transport_method, pet_owner, pet_name, bid_status) VALUES ('Sven71@yahoo.com', 2, '2020-10-09T01:00:47.555Z', '2020-10-15T03:41:20.948Z', true, 'pickup', 'Daphney_Schmeler@hotmail.com', 'Macie', 'confirmed');
INSERT INTO bid (ct_email, ct_price, start_date, end_date, is_cash, transport_method, pet_owner, pet_name, bid_status) VALUES ('Golda.Emmerich60@hotmail.com', 15, '2020-10-09T01:00:47.555Z', '2020-10-15T03:41:20.948Z', true, 'pcs', 'Jordane_Gerhold37@gmail.com', 'Nickolas', 'confirmed');
INSERT INTO bid (ct_email, ct_price, start_date, end_date, is_cash, transport_method, pet_owner, pet_name, bid_status) VALUES ('Montana_Kirlin@gmail.com', 7, '2020-10-09T01:00:47.555Z', '2020-10-15T03:41:20.948Z', true, 'pickup', 'Nash_Connelly76@yahoo.com', 'Raphaelle', 'confirmed');
INSERT INTO bid (ct_email, ct_price, start_date, end_date, is_cash, transport_method, pet_owner, pet_name, bid_status) VALUES ('Barney_Yundt81@yahoo.com', 17, '2020-10-09T01:00:47.555Z', '2020-10-15T03:41:20.948Z', true, 'pcs', 'Gisselle_Marvin4@gmail.com', 'Martine', 'confirmed');
INSERT INTO bid (ct_email, ct_price, start_date, end_date, is_cash, transport_method, pet_owner, pet_name, bid_status) VALUES ('Elenora.Weimann@gmail.com', 5, '2020-10-09T01:00:47.555Z', '2020-10-15T03:41:20.948Z', true, 'pickup', 'Nathanial.Stanton31@hotmail.com', 'Chelsie', 'confirmed');
INSERT INTO bid (ct_email, ct_price, start_date, end_date, is_cash, transport_method, pet_owner, pet_name, bid_status) VALUES ('Precious_Terry@yahoo.com', 1, '2020-10-09T01:00:47.555Z', '2020-10-15T03:41:20.948Z', true, 'pcs', 'Shaniya_Towne@yahoo.com', 'Hoyt', 'confirmed');
INSERT INTO bid (ct_email, ct_price, start_date, end_date, is_cash, transport_method, pet_owner, pet_name, bid_status) VALUES ('Javon.Torphy34@hotmail.com', 11, '2020-10-09T01:00:47.555Z', '2020-10-15T03:41:20.948Z', true, 'pcs', 'Viva_Lind65@gmail.com', 'Leilani', 'confirmed');
INSERT INTO bid (ct_email, ct_price, start_date, end_date, is_cash, transport_method, pet_owner, pet_name, bid_status) VALUES ('Camila_Torphy32@hotmail.com', 8, '2020-10-09T01:00:47.555Z', '2020-10-15T03:41:20.948Z', true, 'pickup', 'Mathias.Predovic50@hotmail.com', 'Glennie', 'confirmed');
INSERT INTO bid (ct_email, ct_price, start_date, end_date, is_cash, transport_method, pet_owner, pet_name, bid_status) VALUES ('Kurtis.Vandervort@yahoo.com', 8, '2020-10-09T01:00:47.555Z', '2020-10-15T03:41:20.948Z', true, 'pcs', 'Lourdes_Krajcik@gmail.com', 'Hettie', 'confirmed');
INSERT INTO bid (ct_email, ct_price, start_date, end_date, is_cash, transport_method, pet_owner, pet_name, bid_status) VALUES ('Velda_King@gmail.com', 17, '2020-10-09T01:00:47.555Z', '2020-10-15T03:41:20.948Z', true, 'pcs', 'Paula.Parisian@yahoo.com', 'Bradly', 'confirmed');
INSERT INTO bid (ct_email, ct_price, start_date, end_date, is_cash, transport_method, pet_owner, pet_name, bid_status) VALUES ('Marisol_Crooks4@yahoo.com', 3, '2020-10-09T01:00:47.555Z', '2020-10-15T03:41:20.948Z', true, 'delivery', 'Gerhard_Johnston22@hotmail.com', 'Bethel', 'confirmed');
INSERT INTO bid (ct_email, ct_price, start_date, end_date, is_cash, transport_method, pet_owner, pet_name, bid_status) VALUES ('Kelsie.Herzog98@yahoo.com', 12, '2020-10-09T01:00:47.555Z', '2020-10-15T03:41:20.948Z', true, 'delivery', 'Madisen28@hotmail.com', 'Lavada', 'confirmed');
INSERT INTO bid (ct_email, ct_price, start_date, end_date, is_cash, transport_method, pet_owner, pet_name, bid_status) VALUES ('Makenzie_Block21@yahoo.com', 18, '2020-10-09T01:00:47.555Z', '2020-10-15T03:41:20.948Z', true, 'pickup', 'Quinn.Ankunding@yahoo.com', 'Janessa', 'confirmed');
INSERT INTO bid (ct_email, ct_price, start_date, end_date, is_cash, transport_method, pet_owner, pet_name, bid_status) VALUES ('Collin28@hotmail.com', 11, '2020-10-09T01:00:47.555Z', '2020-10-15T03:41:20.948Z', true, 'pcs', 'Irma36@gmail.com', 'Raina', 'confirmed');
INSERT INTO bid (ct_email, ct_price, start_date, end_date, is_cash, transport_method, pet_owner, pet_name, bid_status) VALUES ('Alena_Johns@hotmail.com', 17, '2020-10-09T01:00:47.555Z', '2020-10-15T03:41:20.948Z', true, 'pcs', 'Columbus_Medhurst@gmail.com', 'Eusebio', 'confirmed');
INSERT INTO bid (ct_email, ct_price, start_date, end_date, is_cash, transport_method, pet_owner, pet_name, bid_status) VALUES ('Zula_Mayer88@hotmail.com', 2, '2020-10-09T01:00:47.555Z', '2020-10-15T03:41:20.948Z', true, 'pickup', 'Ebba64@gmail.com', 'Colleen', 'confirmed');
INSERT INTO bid (ct_email, ct_price, start_date, end_date, is_cash, transport_method, pet_owner, pet_name, bid_status) VALUES ('Yesenia_Reynolds@gmail.com', 1, '2020-10-09T01:00:47.555Z', '2020-10-15T03:41:20.948Z', true, 'pcs', 'Demetrius.Schaefer58@yahoo.com', 'Janis', 'confirmed');
INSERT INTO bid (ct_email, ct_price, start_date, end_date, is_cash, transport_method, pet_owner, pet_name, bid_status) VALUES ('Kaleb24@gmail.com', 12, '2020-10-09T01:00:47.555Z', '2020-10-15T03:41:20.948Z', true, 'delivery', 'Billie.Pagac@yahoo.com', 'Dayton', 'confirmed');
INSERT INTO bid (ct_email, ct_price, start_date, end_date, is_cash, transport_method, pet_owner, pet_name, bid_status) VALUES ('Herbert_Hamill10@yahoo.com', 5, '2020-10-09T01:00:47.555Z', '2020-10-15T03:41:20.948Z', true, 'delivery', 'Gilbert77@yahoo.com', 'Van', 'confirmed');
INSERT INTO bid (ct_email, ct_price, start_date, end_date, is_cash, transport_method, pet_owner, pet_name, bid_status) VALUES ('Adelle50@hotmail.com', 2, '2020-10-09T01:00:47.555Z', '2020-10-15T03:41:20.948Z', true, 'pcs', 'Lawrence16@yahoo.com', 'Claudine', 'confirmed');
INSERT INTO bid (ct_email, ct_price, start_date, end_date, is_cash, transport_method, pet_owner, pet_name, bid_status) VALUES ('Daniela90@yahoo.com', 6, '2020-10-09T01:00:47.555Z', '2020-10-15T03:41:20.948Z', true, 'pickup', 'Mallie_Schulist@hotmail.com', 'Cooper', 'confirmed');
INSERT INTO bid (ct_email, ct_price, start_date, end_date, is_cash, transport_method, pet_owner, pet_name, bid_status) VALUES ('Jackeline.Schmeler28@yahoo.com', 15, '2020-10-09T01:00:47.555Z', '2020-10-15T03:41:20.948Z', true, 'delivery', 'Savion.Cormier@gmail.com', 'Solon', 'confirmed');
INSERT INTO bid (ct_email, ct_price, start_date, end_date, is_cash, transport_method, pet_owner, pet_name, bid_status) VALUES ('Raleigh_Rosenbaum49@gmail.com', 17, '2020-10-09T01:00:47.555Z', '2020-10-15T03:41:20.948Z', true, 'delivery', 'Shanny_Koss60@yahoo.com', 'Jaclyn', 'confirmed');
INSERT INTO bid (ct_email, ct_price, start_date, end_date, is_cash, transport_method, pet_owner, pet_name, bid_status) VALUES ('Kadin.Wolff13@gmail.com', 5, '2020-10-09T01:00:47.555Z', '2020-10-15T03:41:20.948Z', true, 'pcs', 'Hardy.Terry@gmail.com', 'Nyasia', 'confirmed');
INSERT INTO bid (ct_email, ct_price, start_date, end_date, is_cash, transport_method, pet_owner, pet_name, bid_status) VALUES ('Josefa_Funk@gmail.com', 10, '2020-10-09T01:00:47.555Z', '2020-10-15T03:41:20.948Z', true, 'pcs', 'Hallie_Wiegand7@hotmail.com', 'Brody', 'confirmed');
INSERT INTO bid (ct_email, ct_price, start_date, end_date, is_cash, transport_method, pet_owner, pet_name, bid_status) VALUES ('Clarabelle_Hammes@gmail.com', 14, '2020-10-09T01:00:47.555Z', '2020-10-15T03:41:20.948Z', true, 'pcs', 'Mona_Rohan@hotmail.com', 'Darrel', 'confirmed');
INSERT INTO bid (ct_email, ct_price, start_date, end_date, is_cash, transport_method, pet_owner, pet_name, bid_status) VALUES ('Dustin_Ryan@gmail.com', 16, '2020-10-09T01:00:47.555Z', '2020-10-15T03:41:20.948Z', true, 'pickup', 'Jasen_Hirthe24@hotmail.com', 'Toni', 'confirmed');
INSERT INTO bid (ct_email, ct_price, start_date, end_date, is_cash, transport_method, pet_owner, pet_name, bid_status) VALUES ('Serena.Walsh17@yahoo.com', 15, '2020-10-09T01:00:47.555Z', '2020-10-15T03:41:20.948Z', true, 'pcs', 'Rahsaan88@yahoo.com', 'Martin', 'confirmed');
INSERT INTO bid (ct_email, ct_price, start_date, end_date, is_cash, transport_method, pet_owner, pet_name, bid_status) VALUES ('Lessie_Thompson@gmail.com', 10, '2020-10-09T01:00:47.555Z', '2020-10-15T03:41:20.948Z', true, 'delivery', 'Bernadine_Wisozk58@yahoo.com', 'Melvin', 'confirmed');
INSERT INTO bid (ct_email, ct_price, start_date, end_date, is_cash, transport_method, pet_owner, pet_name, bid_status) VALUES ('Clemmie.Satterfield@yahoo.com', 7, '2020-10-09T01:00:47.555Z', '2020-10-15T03:41:20.948Z', true, 'pickup', 'Frida_Nicolas@gmail.com', 'Germaine', 'confirmed');
INSERT INTO bid (ct_email, ct_price, start_date, end_date, is_cash, transport_method, pet_owner, pet_name, bid_status) VALUES ('Wallace43@gmail.com', 6, '2020-10-09T01:00:47.555Z', '2020-10-15T03:41:20.948Z', true, 'pickup', 'Ariane.Lueilwitz@gmail.com', 'Marcelo', 'confirmed');
INSERT INTO bid (ct_email, ct_price, start_date, end_date, is_cash, transport_method, pet_owner, pet_name, bid_status) VALUES ('Hudson.Barrows@hotmail.com', 11, '2020-10-09T01:00:47.555Z', '2020-10-15T03:41:20.948Z', true, 'pickup', 'Sabrina70@hotmail.com', 'Kole', 'confirmed');
INSERT INTO bid (ct_email, ct_price, start_date, end_date, is_cash, transport_method, pet_owner, pet_name, bid_status) VALUES ('Reuben_Kunde70@gmail.com', 13, '2020-10-09T01:00:47.555Z', '2020-10-15T03:41:20.948Z', true, 'delivery', 'Tony85@hotmail.com', 'Leatha', 'confirmed');
INSERT INTO bid (ct_email, ct_price, start_date, end_date, is_cash, transport_method, pet_owner, pet_name, bid_status) VALUES ('Marianna_Hilpert@gmail.com', 19, '2020-10-09T01:00:47.555Z', '2020-10-15T03:41:20.948Z', true, 'pcs', 'Hadley_Little28@hotmail.com', 'Eleonore', 'confirmed');
INSERT INTO bid (ct_email, ct_price, start_date, end_date, is_cash, transport_method, pet_owner, pet_name, bid_status) VALUES ('Nico_Shanahan93@yahoo.com', 2, '2020-10-09T01:00:47.555Z', '2020-10-15T03:41:20.948Z', true, 'pickup', 'Mariam.Fadel47@hotmail.com', 'German', 'confirmed');
INSERT INTO bid (ct_email, ct_price, start_date, end_date, is_cash, transport_method, pet_owner, pet_name, bid_status) VALUES ('Maegan.Cole@gmail.com', 5, '2020-10-09T01:00:47.555Z', '2020-10-15T03:41:20.948Z', true, 'delivery', 'Lamont_Hackett@yahoo.com', 'Payton', 'confirmed');
UPDATE bid SET (bid_status, rating, feedback) = ('reviewed', 3, 'Ut esse est repellat in. Impedit unde nisi tempora pariatur.') WHERE ct_email = 'Raleigh50@yahoo.com' AND pet_owner = 'Eudora.Goodwin65@yahoo.com' AND pet_name = 'Rhoda' AND start_date = Date('2020-10-09T01:00:47.555Z') AND end_date = Date('2020-10-15T03:41:20.948Z');
UPDATE bid SET (bid_status, rating, feedback) = ('reviewed', 3, 'Est ipsum autem nostrum molestiae praesentium. Non qui aut nobis harum sit.') WHERE ct_email = 'Joaquin.Wiegand@gmail.com' AND pet_owner = 'Ollie_Witting16@hotmail.com' AND pet_name = 'Kathlyn' AND start_date = Date('2020-10-09T01:00:47.555Z') AND end_date = Date('2020-10-15T03:41:20.948Z');
UPDATE bid SET (bid_status, rating, feedback) = ('reviewed', 3, 'Quam ut similique facilis repellat ex. Id beatae ipsam exercitationem voluptatibus quae asperiores voluptate itaque dicta.') WHERE ct_email = 'Ceasar_Nader3@gmail.com' AND pet_owner = 'Jordane_Gerhold37@gmail.com' AND pet_name = 'Kristian' AND start_date = Date('2020-10-09T01:00:47.555Z') AND end_date = Date('2020-10-15T03:41:20.948Z');
UPDATE bid SET (bid_status, rating, feedback) = ('reviewed', 3, 'Sed tenetur occaecati rerum nostrum iste deleniti repellat cum tempora. Magnam doloribus odio eum iusto quisquam eum.') WHERE ct_email = 'Gardner_Balistreri32@yahoo.com' AND pet_owner = 'Carlotta4@gmail.com' AND pet_name = 'Jaron' AND start_date = Date('2020-10-09T01:00:47.555Z') AND end_date = Date('2020-10-15T03:41:20.948Z');
UPDATE bid SET (bid_status, rating, feedback) = ('reviewed', 3, 'Ea sint odio veniam aliquam dolores et. Qui magnam illum enim consectetur sequi nemo sit perspiciatis.') WHERE ct_email = 'German_Ratke63@gmail.com' AND pet_owner = 'Ezequiel_Brekke@yahoo.com' AND pet_name = 'Irma' AND start_date = Date('2020-10-09T01:00:47.555Z') AND end_date = Date('2020-10-15T03:41:20.948Z');
UPDATE bid SET (bid_status, rating, feedback) = ('reviewed', 3, 'Similique sint quidem molestiae assumenda. Quae enim doloremque et.') WHERE ct_email = 'Brando95@yahoo.com' AND pet_owner = 'Susie.Kautzer@gmail.com' AND pet_name = 'Marques' AND start_date = Date('2020-10-09T01:00:47.555Z') AND end_date = Date('2020-10-15T03:41:20.948Z');
UPDATE bid SET (bid_status, rating, feedback) = ('reviewed', 4, 'Facere itaque voluptatem. Labore aperiam non.') WHERE ct_email = 'Mary_Hane@gmail.com' AND pet_owner = 'Kennedi59@hotmail.com' AND pet_name = 'Stephan' AND start_date = Date('2020-10-09T01:00:47.555Z') AND end_date = Date('2020-10-15T03:41:20.948Z');
UPDATE bid SET (bid_status, rating, feedback) = ('reviewed', 4, 'Debitis sint incidunt ullam animi labore in quis. Deleniti ipsam autem id nesciunt distinctio pariatur expedita dolorem.') WHERE ct_email = 'Saige_Quigley@yahoo.com' AND pet_owner = 'Joaquin.Wiegand@gmail.com' AND pet_name = 'Alexis' AND start_date = Date('2020-10-09T01:00:47.555Z') AND end_date = Date('2020-10-15T03:41:20.948Z');
UPDATE bid SET (bid_status, rating, feedback) = ('reviewed', 3, 'Eius libero omnis. Laudantium reiciendis pariatur voluptates eaque est ipsam.') WHERE ct_email = 'Emil_Marks29@gmail.com' AND pet_owner = 'Rudy51@yahoo.com' AND pet_name = 'Trey' AND start_date = Date('2020-10-09T01:00:47.555Z') AND end_date = Date('2020-10-15T03:41:20.948Z');
UPDATE bid SET (bid_status, rating, feedback) = ('reviewed', 5, 'Sapiente maxime saepe autem consequatur perferendis optio. Eveniet aliquid laborum.') WHERE ct_email = 'Stephania_Hodkiewicz72@hotmail.com' AND pet_owner = 'Easton.Collier10@yahoo.com' AND pet_name = 'Boyd' AND start_date = Date('2020-10-09T01:00:47.555Z') AND end_date = Date('2020-10-15T03:41:20.948Z');
UPDATE bid SET (bid_status, rating, feedback) = ('reviewed', 3, 'Laborum repudiandae maxime non distinctio tempore eligendi quisquam. Voluptatem quam voluptas error atque laboriosam rerum dolor et.') WHERE ct_email = 'Morris_Runolfsdottir6@gmail.com' AND pet_owner = 'Deja46@hotmail.com' AND pet_name = 'Amina' AND start_date = Date('2020-10-09T01:00:47.555Z') AND end_date = Date('2020-10-15T03:41:20.948Z');
UPDATE bid SET (bid_status, rating, feedback) = ('reviewed', 5, 'Saepe sint tenetur voluptas. Distinctio nesciunt cumque blanditiis quos beatae.') WHERE ct_email = 'Hobart_Swaniawski@gmail.com' AND pet_owner = 'Amber_Schmidt0@hotmail.com' AND pet_name = 'Ethel' AND start_date = Date('2020-10-09T01:00:47.555Z') AND end_date = Date('2020-10-15T03:41:20.948Z');
UPDATE bid SET (bid_status, rating, feedback) = ('reviewed', 5, 'Est asperiores perferendis occaecati quas facilis. Quasi earum dolore laborum corporis.') WHERE ct_email = 'Eladio.Renner@yahoo.com' AND pet_owner = 'Vena.Nienow@hotmail.com' AND pet_name = 'Arnoldo' AND start_date = Date('2020-10-09T01:00:47.555Z') AND end_date = Date('2020-10-15T03:41:20.948Z');
UPDATE bid SET (bid_status, rating, feedback) = ('reviewed', 4, 'Provident est in ducimus veniam doloremque aut esse non. Amet ea commodi id in molestiae et cumque perspiciatis.') WHERE ct_email = 'Willow91@hotmail.com' AND pet_owner = 'Joany26@yahoo.com' AND pet_name = 'Selmer' AND start_date = Date('2020-10-09T01:00:47.555Z') AND end_date = Date('2020-10-15T03:41:20.948Z');
UPDATE bid SET (bid_status, rating, feedback) = ('reviewed', 3, 'Minus aut deleniti placeat fuga ea tempore velit id neque. Delectus quaerat molestiae ut ut rem.') WHERE ct_email = 'Edmund_Sauer94@hotmail.com' AND pet_owner = 'Alena75@hotmail.com' AND pet_name = 'Saige' AND start_date = Date('2020-10-09T01:00:47.555Z') AND end_date = Date('2020-10-15T03:41:20.948Z');
UPDATE bid SET (bid_status, rating, feedback) = ('reviewed', 3, 'Et vel expedita autem. Omnis et at quis facilis incidunt.') WHERE ct_email = 'Yazmin17@yahoo.com' AND pet_owner = 'Andre34@yahoo.com' AND pet_name = 'Christine' AND start_date = Date('2020-10-09T01:00:47.555Z') AND end_date = Date('2020-10-15T03:41:20.948Z');
UPDATE bid SET (bid_status, rating, feedback) = ('reviewed', 5, 'Ratione soluta impedit laboriosam non dolor quod asperiores aut. Excepturi culpa nostrum repudiandae qui.') WHERE ct_email = 'Travon56@hotmail.com' AND pet_owner = 'Chester38@hotmail.com' AND pet_name = 'Lonny' AND start_date = Date('2020-10-09T01:00:47.555Z') AND end_date = Date('2020-10-15T03:41:20.948Z');
UPDATE bid SET (bid_status, rating, feedback) = ('reviewed', 4, 'Nulla modi voluptas nihil quaerat deleniti deleniti. Et voluptas sed natus quos aspernatur sint sapiente non.') WHERE ct_email = 'Brant_Heidenreich81@hotmail.com' AND pet_owner = 'Bradly.Schroeder@hotmail.com' AND pet_name = 'Lauren' AND start_date = Date('2020-10-09T01:00:47.555Z') AND end_date = Date('2020-10-15T03:41:20.948Z');
UPDATE bid SET (bid_status, rating, feedback) = ('reviewed', 5, 'Alias ipsa quis quia sint voluptas amet blanditiis voluptatem. Blanditiis atque inventore aut iure soluta et culpa corrupti quam.') WHERE ct_email = 'Loy85@gmail.com' AND pet_owner = 'Claire.Considine@hotmail.com' AND pet_name = 'Elmo' AND start_date = Date('2020-10-09T01:00:47.555Z') AND end_date = Date('2020-10-15T03:41:20.948Z');
UPDATE bid SET (bid_status, rating, feedback) = ('reviewed', 5, 'Iure quia quos itaque aut libero officia. Autem ut nemo quia culpa sapiente.') WHERE ct_email = 'Aniyah95@yahoo.com' AND pet_owner = 'April21@hotmail.com' AND pet_name = 'Vernie' AND start_date = Date('2020-10-09T01:00:47.555Z') AND end_date = Date('2020-10-15T03:41:20.948Z');
UPDATE bid SET (bid_status, rating, feedback) = ('reviewed', 5, 'Omnis aliquid ad sint officiis at harum voluptas est autem. Dolorem nobis voluptas facilis eos illum.') WHERE ct_email = 'Ebony21@gmail.com' AND pet_owner = 'Toby66@gmail.com' AND pet_name = 'Blanche' AND start_date = Date('2020-10-09T01:00:47.555Z') AND end_date = Date('2020-10-15T03:41:20.948Z');
UPDATE bid SET (bid_status, rating, feedback) = ('reviewed', 4, 'Exercitationem mollitia sint necessitatibus aut quo. Pariatur eius laudantium numquam aliquam.') WHERE ct_email = 'Tressie.Johnston6@hotmail.com' AND pet_owner = 'Gregory.Krajcik94@yahoo.com' AND pet_name = 'Alan' AND start_date = Date('2020-10-09T01:00:47.555Z') AND end_date = Date('2020-10-15T03:41:20.948Z');
UPDATE bid SET (bid_status, rating, feedback) = ('reviewed', 3, 'Impedit modi aut sapiente doloribus ipsum est voluptas laborum rerum. Et quae provident dicta omnis ratione sed tenetur.') WHERE ct_email = 'Neal50@yahoo.com' AND pet_owner = 'Nico_Shanahan93@yahoo.com' AND pet_name = 'Salvador' AND start_date = Date('2020-10-09T01:00:47.555Z') AND end_date = Date('2020-10-15T03:41:20.948Z');
UPDATE bid SET (bid_status, rating, feedback) = ('reviewed', 3, 'Laborum temporibus commodi. Vitae distinctio est incidunt dicta sunt doloremque.') WHERE ct_email = 'Vince.Ritchie@yahoo.com' AND pet_owner = 'Merlin_Wilderman94@gmail.com' AND pet_name = 'Zoie' AND start_date = Date('2020-10-09T01:00:47.555Z') AND end_date = Date('2020-10-15T03:41:20.948Z');
UPDATE bid SET (bid_status, rating, feedback) = ('reviewed', 4, 'Vitae officia vel officia suscipit quia. Eum suscipit eligendi quia corrupti.') WHERE ct_email = 'Maude.Lesch@hotmail.com' AND pet_owner = 'Jerod.Brakus2@gmail.com' AND pet_name = 'Benton' AND start_date = Date('2020-10-09T01:00:47.555Z') AND end_date = Date('2020-10-15T03:41:20.948Z');
UPDATE bid SET (bid_status, rating, feedback) = ('reviewed', 4, 'Mollitia soluta corporis et est vitae deleniti repudiandae excepturi dolores. Minima temporibus dolore.') WHERE ct_email = 'Luisa_Beier@hotmail.com' AND pet_owner = 'Frida_Nicolas@gmail.com' AND pet_name = 'Adolphus' AND start_date = Date('2020-10-09T01:00:47.555Z') AND end_date = Date('2020-10-15T03:41:20.948Z');
UPDATE bid SET (bid_status, rating, feedback) = ('reviewed', 3, 'Ut eos odit laborum maiores rerum et. Mollitia quis pariatur sit officiis.') WHERE ct_email = 'Keyon35@yahoo.com' AND pet_owner = 'Adella_West37@yahoo.com' AND pet_name = 'Ara' AND start_date = Date('2020-10-09T01:00:47.555Z') AND end_date = Date('2020-10-15T03:41:20.948Z');
UPDATE bid SET (bid_status, rating, feedback) = ('reviewed', 4, 'Rerum magnam incidunt inventore iste. Et quos consequatur non ut natus quia at eos.') WHERE ct_email = 'Noah_Maggio64@yahoo.com' AND pet_owner = 'Nella91@yahoo.com' AND pet_name = 'Virgil' AND start_date = Date('2020-10-09T01:00:47.555Z') AND end_date = Date('2020-10-15T03:41:20.948Z');
UPDATE bid SET (bid_status, rating, feedback) = ('reviewed', 3, 'Et inventore deserunt distinctio. Eos sequi illum aut.') WHERE ct_email = 'Chester.Turner79@yahoo.com' AND pet_owner = 'Bernard33@hotmail.com' AND pet_name = 'Skye' AND start_date = Date('2020-10-09T01:00:47.555Z') AND end_date = Date('2020-10-15T03:41:20.948Z');
UPDATE bid SET (bid_status, rating, feedback) = ('reviewed', 4, 'Laboriosam sint possimus. Voluptate porro ea corrupti.') WHERE ct_email = 'Santos_Robel66@gmail.com' AND pet_owner = 'Malachi_OKeefe@hotmail.com' AND pet_name = 'Alison' AND start_date = Date('2020-10-09T01:00:47.555Z') AND end_date = Date('2020-10-15T03:41:20.948Z');
UPDATE bid SET (bid_status, rating, feedback) = ('reviewed', 4, 'Autem laboriosam minima. In repudiandae id incidunt dolor autem sed illo placeat.') WHERE ct_email = 'Domenic.Jakubowski@yahoo.com' AND pet_owner = 'Madisen_Reichel@yahoo.com' AND pet_name = 'Kadin' AND start_date = Date('2020-10-09T01:00:47.555Z') AND end_date = Date('2020-10-15T03:41:20.948Z');
UPDATE bid SET (bid_status, rating, feedback) = ('reviewed', 5, 'Excepturi omnis a asperiores asperiores sunt repellat. Est molestias sit similique aperiam.') WHERE ct_email = 'Angus.Doyle@yahoo.com' AND pet_owner = 'Maxie.Heathcote2@gmail.com' AND pet_name = 'Aurelie' AND start_date = Date('2020-10-09T01:00:47.555Z') AND end_date = Date('2020-10-15T03:41:20.948Z');
UPDATE bid SET (bid_status, rating, feedback) = ('reviewed', 5, 'Veniam esse recusandae non quidem. Omnis iusto facere temporibus placeat.') WHERE ct_email = 'Hardy.Terry@gmail.com' AND pet_owner = 'Brianne_Breitenberg@hotmail.com' AND pet_name = 'Kadin' AND start_date = Date('2020-10-09T01:00:47.555Z') AND end_date = Date('2020-10-15T03:41:20.948Z');
UPDATE bid SET (bid_status, rating, feedback) = ('reviewed', 4, 'Aliquam quia iste soluta sit. Esse autem doloremque eius qui velit corrupti est.') WHERE ct_email = 'Cyril58@gmail.com' AND pet_owner = 'Leilani.Doyle96@yahoo.com' AND pet_name = 'Maverick' AND start_date = Date('2020-10-09T01:00:47.555Z') AND end_date = Date('2020-10-15T03:41:20.948Z');
UPDATE bid SET (bid_status, rating, feedback) = ('reviewed', 4, 'Nulla sit et veritatis placeat. Eos placeat necessitatibus non culpa sed quisquam.') WHERE ct_email = 'Madeline.Schowalter4@yahoo.com' AND pet_owner = 'Brittany_Carter87@hotmail.com' AND pet_name = 'Lisandro' AND start_date = Date('2020-10-09T01:00:47.555Z') AND end_date = Date('2020-10-15T03:41:20.948Z');
UPDATE bid SET (bid_status, rating, feedback) = ('reviewed', 3, 'Ut dolores vel et illo. Voluptas recusandae impedit aperiam voluptas sunt.') WHERE ct_email = 'Katlynn.Will@gmail.com' AND pet_owner = 'Callie10@gmail.com' AND pet_name = 'John' AND start_date = Date('2020-10-09T01:00:47.555Z') AND end_date = Date('2020-10-15T03:41:20.948Z');
UPDATE bid SET (bid_status, rating, feedback) = ('reviewed', 5, 'Est soluta consequuntur ad eum. Qui beatae quibusdam ut eum adipisci aut et sunt facilis.') WHERE ct_email = 'Eldred84@yahoo.com' AND pet_owner = 'Blair_Gerhold@gmail.com' AND pet_name = 'Bennett' AND start_date = Date('2020-10-09T01:00:47.555Z') AND end_date = Date('2020-10-15T03:41:20.948Z');
UPDATE bid SET (bid_status, rating, feedback) = ('reviewed', 3, 'Hic velit cumque assumenda ipsa quidem illo eum et sapiente. Quia dignissimos facilis ut maxime doloremque maxime nihil incidunt ducimus.') WHERE ct_email = 'Savanna28@hotmail.com' AND pet_owner = 'Elvis1@gmail.com' AND pet_name = 'Lizzie' AND start_date = Date('2020-10-09T01:00:47.555Z') AND end_date = Date('2020-10-15T03:41:20.948Z');
UPDATE bid SET (bid_status, rating, feedback) = ('reviewed', 5, 'Nihil omnis consequatur earum quia omnis inventore maxime consequatur. Consectetur aut nulla natus numquam.') WHERE ct_email = 'Columbus_Medhurst@gmail.com' AND pet_owner = 'Sabryna72@gmail.com' AND pet_name = 'Bernadette' AND start_date = Date('2020-10-09T01:00:47.555Z') AND end_date = Date('2020-10-15T03:41:20.948Z');
UPDATE bid SET (bid_status, rating, feedback) = ('reviewed', 4, 'Voluptas dolorem ut et est. Eum ut soluta.') WHERE ct_email = 'Kevon.Moen@yahoo.com' AND pet_owner = 'Derrick.Turcotte75@hotmail.com' AND pet_name = 'Collin' AND start_date = Date('2020-10-09T01:00:47.555Z') AND end_date = Date('2020-10-15T03:41:20.948Z');
UPDATE bid SET (bid_status, rating, feedback) = ('reviewed', 5, 'Perferendis voluptate corporis placeat aut sunt animi labore dolorem. Suscipit maiores suscipit.') WHERE ct_email = 'Hallie65@yahoo.com' AND pet_owner = 'Tressie78@gmail.com' AND pet_name = 'Diego' AND start_date = Date('2020-10-09T01:00:47.555Z') AND end_date = Date('2020-10-15T03:41:20.948Z');
UPDATE bid SET (bid_status, rating, feedback) = ('reviewed', 3, 'Illum aliquid consequatur similique sint quos porro nulla. Saepe dolore provident.') WHERE ct_email = 'Kailyn11@hotmail.com' AND pet_owner = 'Wendell82@hotmail.com' AND pet_name = 'Dawson' AND start_date = Date('2020-10-09T01:00:47.555Z') AND end_date = Date('2020-10-15T03:41:20.948Z');
UPDATE bid SET (bid_status, rating, feedback) = ('reviewed', 5, 'Pariatur molestiae et. Ipsa est voluptate.') WHERE ct_email = 'Jaron.Cassin@gmail.com' AND pet_owner = 'Kendra57@hotmail.com' AND pet_name = 'Rhianna' AND start_date = Date('2020-10-09T01:00:47.555Z') AND end_date = Date('2020-10-15T03:41:20.948Z');
UPDATE bid SET (bid_status, rating, feedback) = ('reviewed', 3, 'Consequatur reprehenderit enim quos exercitationem rerum aut qui ipsum. Quia dicta reiciendis hic est asperiores asperiores minima consectetur natus.') WHERE ct_email = 'Genevieve.West@gmail.com' AND pet_owner = 'Alena75@hotmail.com' AND pet_name = 'Emmet' AND start_date = Date('2020-10-09T01:00:47.555Z') AND end_date = Date('2020-10-15T03:41:20.948Z');
UPDATE bid SET (bid_status, rating, feedback) = ('reviewed', 3, 'Ut nisi ducimus non sit quidem. Est porro qui dolorum nam qui voluptas rerum odio vero.') WHERE ct_email = 'Katherine.Halvorson32@yahoo.com' AND pet_owner = 'Matteo89@gmail.com' AND pet_name = 'Leonie' AND start_date = Date('2020-10-09T01:00:47.555Z') AND end_date = Date('2020-10-15T03:41:20.948Z');
UPDATE bid SET (bid_status, rating, feedback) = ('reviewed', 5, 'Recusandae molestias id consequatur qui deserunt incidunt. Labore quia ut fugiat eum repellat fugiat molestiae.') WHERE ct_email = 'Nelson.Corkery87@gmail.com' AND pet_owner = 'Emmie_Dicki@hotmail.com' AND pet_name = 'Audra' AND start_date = Date('2020-10-09T01:00:47.555Z') AND end_date = Date('2020-10-15T03:41:20.948Z');
UPDATE bid SET (bid_status, rating, feedback) = ('reviewed', 4, 'Iusto laborum aut omnis voluptas ex itaque quaerat eos sit. Voluptas illum et sint.') WHERE ct_email = 'Tyrel_Beier83@yahoo.com' AND pet_owner = 'Danyka64@gmail.com' AND pet_name = 'Ward' AND start_date = Date('2020-10-09T01:00:47.555Z') AND end_date = Date('2020-10-15T03:41:20.948Z');
UPDATE bid SET (bid_status, rating, feedback) = ('reviewed', 3, 'Eaque blanditiis consequatur quos earum iure ut est atque odit. Harum et ipsa repellat et quia.') WHERE ct_email = 'Ellen_Mills@gmail.com' AND pet_owner = 'Lisandro83@hotmail.com' AND pet_name = 'Percy' AND start_date = Date('2020-10-09T01:00:47.555Z') AND end_date = Date('2020-10-15T03:41:20.948Z');
UPDATE bid SET (bid_status, rating, feedback) = ('reviewed', 3, 'Molestias rerum id magnam accusantium ipsum voluptatem rerum eum. Fuga odio atque.') WHERE ct_email = 'Clay_Wuckert@yahoo.com' AND pet_owner = 'Doug_Dach90@hotmail.com' AND pet_name = 'Deion' AND start_date = Date('2020-10-09T01:00:47.555Z') AND end_date = Date('2020-10-15T03:41:20.948Z');
UPDATE bid SET (bid_status, rating, feedback) = ('reviewed', 4, 'Dolores est expedita tempore sit laborum quod soluta. Quae est corrupti dolores quia.') WHERE ct_email = 'Hailee.Nikolaus@gmail.com' AND pet_owner = 'Eveline.Howell36@yahoo.com' AND pet_name = 'Chelsea' AND start_date = Date('2020-10-09T01:00:47.555Z') AND end_date = Date('2020-10-15T03:41:20.948Z');
UPDATE bid SET (bid_status, rating, feedback) = ('reviewed', 3, 'Id sequi est modi. Ad omnis natus placeat qui quia ullam nobis.') WHERE ct_email = 'Isabel.Harber@hotmail.com' AND pet_owner = 'Irma36@gmail.com' AND pet_name = 'Nikko' AND start_date = Date('2020-10-09T01:00:47.555Z') AND end_date = Date('2020-10-15T03:41:20.948Z');
UPDATE bid SET (bid_status, rating, feedback) = ('reviewed', 5, 'Vero impedit et debitis et in. Vitae voluptatem nesciunt quis dolor animi velit.') WHERE ct_email = 'Maxwell.Medhurst@hotmail.com' AND pet_owner = 'Lola.Bins31@hotmail.com' AND pet_name = 'Dino' AND start_date = Date('2020-10-09T01:00:47.555Z') AND end_date = Date('2020-10-15T03:41:20.948Z');
UPDATE bid SET (bid_status, rating, feedback) = ('reviewed', 3, 'Molestiae error dignissimos nostrum deserunt cumque fuga. Repellendus vero sit.') WHERE ct_email = 'Arturo92@yahoo.com' AND pet_owner = 'Jocelyn.Kassulke12@gmail.com' AND pet_name = 'Elyse' AND start_date = Date('2020-10-09T01:00:47.555Z') AND end_date = Date('2020-10-15T03:41:20.948Z');
UPDATE bid SET (bid_status, rating, feedback) = ('reviewed', 4, 'Facere est quisquam nulla dolores earum. Quidem facilis veritatis laboriosam.') WHERE ct_email = 'Emmy_Jacobi86@gmail.com' AND pet_owner = 'Thad.Reichel@yahoo.com' AND pet_name = 'Cristobal' AND start_date = Date('2020-10-09T01:00:47.555Z') AND end_date = Date('2020-10-15T03:41:20.948Z');
UPDATE bid SET (bid_status, rating, feedback) = ('reviewed', 5, 'Ipsam qui ducimus eum alias pariatur rerum dolores. Voluptas aperiam at id tempore numquam incidunt illum.') WHERE ct_email = 'Karen25@hotmail.com' AND pet_owner = 'Dianna67@hotmail.com' AND pet_name = 'Kurt' AND start_date = Date('2020-10-09T01:00:47.555Z') AND end_date = Date('2020-10-15T03:41:20.948Z');
UPDATE bid SET (bid_status, rating, feedback) = ('reviewed', 3, 'Quia quia nihil autem consequuntur et quam omnis id libero. Eum odio voluptate vel rerum consequuntur ex reiciendis cumque.') WHERE ct_email = 'Julia87@hotmail.com' AND pet_owner = 'Eugene_Morissette30@yahoo.com' AND pet_name = 'Furman' AND start_date = Date('2020-10-09T01:00:47.555Z') AND end_date = Date('2020-10-15T03:41:20.948Z');
UPDATE bid SET (bid_status, rating, feedback) = ('reviewed', 4, 'Laborum consequuntur sit sit delectus qui odio. Harum cum incidunt est.') WHERE ct_email = 'Keshaun.Morar93@yahoo.com' AND pet_owner = 'Nathanial.Stanton31@hotmail.com' AND pet_name = 'Ashtyn' AND start_date = Date('2020-10-09T01:00:47.555Z') AND end_date = Date('2020-10-15T03:41:20.948Z');
UPDATE bid SET (bid_status, rating, feedback) = ('reviewed', 4, 'Atque exercitationem non deleniti aliquid eum veritatis sit at. Vel enim id dolor dolores nihil commodi.') WHERE ct_email = 'Reva_Ratke14@gmail.com' AND pet_owner = 'Carter.Tremblay@hotmail.com' AND pet_name = 'Verna' AND start_date = Date('2020-10-09T01:00:47.555Z') AND end_date = Date('2020-10-15T03:41:20.948Z');
UPDATE bid SET (bid_status, rating, feedback) = ('reviewed', 4, 'Velit impedit totam dolores natus ipsum rerum. Aperiam omnis perferendis quo facere.') WHERE ct_email = 'Christy75@gmail.com' AND pet_owner = 'Neal.Schuster67@hotmail.com' AND pet_name = 'Destiny' AND start_date = Date('2020-10-09T01:00:47.555Z') AND end_date = Date('2020-10-15T03:41:20.948Z');
UPDATE bid SET (bid_status, rating, feedback) = ('reviewed', 4, 'Autem omnis sunt hic quo. Autem est ad et libero quis aut consequatur eius.') WHERE ct_email = 'Reba31@gmail.com' AND pet_owner = 'Eddie.Herzog@gmail.com' AND pet_name = 'Chasity' AND start_date = Date('2020-10-09T01:00:47.555Z') AND end_date = Date('2020-10-15T03:41:20.948Z');
UPDATE bid SET (bid_status, rating, feedback) = ('reviewed', 4, 'Voluptates eveniet molestiae quia minus rem at. Voluptas odit molestias sunt deleniti modi delectus et perspiciatis explicabo.') WHERE ct_email = 'Ferne.Reichert@hotmail.com' AND pet_owner = 'Alena_Johns@hotmail.com' AND pet_name = 'Dimitri' AND start_date = Date('2020-10-09T01:00:47.555Z') AND end_date = Date('2020-10-15T03:41:20.948Z');
UPDATE bid SET (bid_status, rating, feedback) = ('reviewed', 3, 'Nesciunt aut non quisquam. Perferendis itaque sint culpa incidunt consectetur.') WHERE ct_email = 'Amara_Blanda21@hotmail.com' AND pet_owner = 'Juana51@hotmail.com' AND pet_name = 'Eleanore' AND start_date = Date('2020-10-09T01:00:47.555Z') AND end_date = Date('2020-10-15T03:41:20.948Z');
UPDATE bid SET (bid_status, rating, feedback) = ('reviewed', 4, 'Maiores ut ipsum expedita voluptatem. Consequatur ex expedita sunt sequi nihil id.') WHERE ct_email = 'Viola.Gibson59@yahoo.com' AND pet_owner = 'Ethel.Shields91@gmail.com' AND pet_name = 'Deonte' AND start_date = Date('2020-10-09T01:00:47.555Z') AND end_date = Date('2020-10-15T03:41:20.948Z');
UPDATE bid SET (bid_status, rating, feedback) = ('reviewed', 5, 'Dolorum minima voluptatum. Ipsum nobis consequatur consequuntur exercitationem dolores voluptatibus ad.') WHERE ct_email = 'Maynard_Ernser91@gmail.com' AND pet_owner = 'Katlynn.Will@gmail.com' AND pet_name = 'Tessie' AND start_date = Date('2020-10-09T01:00:47.555Z') AND end_date = Date('2020-10-15T03:41:20.948Z');
UPDATE bid SET (bid_status, rating, feedback) = ('reviewed', 4, 'Possimus aspernatur ut optio ipsam nulla dolor. Ratione consequuntur qui enim ut omnis nihil.') WHERE ct_email = 'Hazel_Botsford@gmail.com' AND pet_owner = 'Clovis_Collins@gmail.com' AND pet_name = 'Leanne' AND start_date = Date('2020-10-09T01:00:47.555Z') AND end_date = Date('2020-10-15T03:41:20.948Z');
UPDATE bid SET (bid_status, rating, feedback) = ('reviewed', 4, 'Exercitationem excepturi libero quae et expedita minus aspernatur placeat atque. Ullam in qui et quaerat mollitia est et.') WHERE ct_email = 'Elian_Botsford@hotmail.com' AND pet_owner = 'Geovanni3@yahoo.com' AND pet_name = 'Jairo' AND start_date = Date('2020-10-09T01:00:47.555Z') AND end_date = Date('2020-10-15T03:41:20.948Z');
UPDATE bid SET (bid_status, rating, feedback) = ('reviewed', 4, 'Nihil incidunt in deserunt minus veniam. Nulla fuga est eos facere eos at commodi assumenda sequi.') WHERE ct_email = 'Rey.Veum@hotmail.com' AND pet_owner = 'Greta_OConnell25@hotmail.com' AND pet_name = 'Tatum' AND start_date = Date('2020-10-09T01:00:47.555Z') AND end_date = Date('2020-10-15T03:41:20.948Z');
UPDATE bid SET (bid_status, rating, feedback) = ('reviewed', 4, 'Veniam minima dolorem doloribus nobis earum nisi in aut laudantium. Ex ducimus maiores dolor rerum non ipsam.') WHERE ct_email = 'Tierra59@yahoo.com' AND pet_owner = 'Viva_Lind65@gmail.com' AND pet_name = 'Effie' AND start_date = Date('2020-10-09T01:00:47.555Z') AND end_date = Date('2020-10-15T03:41:20.948Z');
UPDATE bid SET (bid_status, rating, feedback) = ('reviewed', 5, 'Dolorem qui repellendus cupiditate esse. Exercitationem perferendis sapiente corrupti tempora.') WHERE ct_email = 'Carson56@gmail.com' AND pet_owner = 'Tatum.Windler@hotmail.com' AND pet_name = 'Karolann' AND start_date = Date('2020-10-09T01:00:47.555Z') AND end_date = Date('2020-10-15T03:41:20.948Z');
UPDATE bid SET (bid_status, rating, feedback) = ('reviewed', 4, 'Libero porro quaerat ipsam cum illum ea qui eos. Laboriosam nihil aspernatur sint qui et a et recusandae enim.') WHERE ct_email = 'Winfield_Gislason@hotmail.com' AND pet_owner = 'Kellen70@gmail.com' AND pet_name = 'Gertrude' AND start_date = Date('2020-10-09T01:00:47.555Z') AND end_date = Date('2020-10-15T03:41:20.948Z');
UPDATE bid SET (bid_status, rating, feedback) = ('reviewed', 3, 'Nihil voluptatem aperiam. Eos mollitia rerum.') WHERE ct_email = 'Devon25@hotmail.com' AND pet_owner = 'Elian50@yahoo.com' AND pet_name = 'Isai' AND start_date = Date('2020-10-09T01:00:47.555Z') AND end_date = Date('2020-10-15T03:41:20.948Z');
UPDATE bid SET (bid_status, rating, feedback) = ('reviewed', 3, 'Est et ratione corrupti nemo. Dicta corrupti nihil eius perspiciatis sunt.') WHERE ct_email = 'Clare_Senger@yahoo.com' AND pet_owner = 'Esther.Bednar@gmail.com' AND pet_name = 'Margaretta' AND start_date = Date('2020-10-09T01:00:47.555Z') AND end_date = Date('2020-10-15T03:41:20.948Z');
UPDATE bid SET (bid_status, rating, feedback) = ('reviewed', 3, 'Blanditiis cupiditate quasi veritatis et nostrum mollitia quasi aut itaque. Sunt consequatur quidem sint.') WHERE ct_email = 'Nathaniel_Stiedemann@gmail.com' AND pet_owner = 'Eugene2@yahoo.com' AND pet_name = 'Chyna' AND start_date = Date('2020-10-09T01:00:47.555Z') AND end_date = Date('2020-10-15T03:41:20.948Z');
UPDATE bid SET (bid_status, rating, feedback) = ('reviewed', 5, 'Quibusdam sunt est ut provident veritatis rerum. Et ab et ipsam dolor quo delectus corrupti aut.') WHERE ct_email = 'Andreane42@hotmail.com' AND pet_owner = 'Marion.Torp74@yahoo.com' AND pet_name = 'Rodolfo' AND start_date = Date('2020-10-09T01:00:47.555Z') AND end_date = Date('2020-10-15T03:41:20.948Z');
UPDATE bid SET (bid_status, rating, feedback) = ('reviewed', 4, 'Voluptatem dolorem aliquid et quasi et sint eius consequatur. Nulla vero quod et quo alias.') WHERE ct_email = 'Golda.Emmerich60@hotmail.com' AND pet_owner = 'Jordane_Gerhold37@gmail.com' AND pet_name = 'Nickolas' AND start_date = Date('2020-10-09T01:00:47.555Z') AND end_date = Date('2020-10-15T03:41:20.948Z');
UPDATE bid SET (bid_status, rating, feedback) = ('reviewed', 3, 'A harum molestiae et deleniti quisquam et autem cupiditate iste. Nulla voluptatem sunt et sint.') WHERE ct_email = 'Montana_Kirlin@gmail.com' AND pet_owner = 'Nash_Connelly76@yahoo.com' AND pet_name = 'Raphaelle' AND start_date = Date('2020-10-09T01:00:47.555Z') AND end_date = Date('2020-10-15T03:41:20.948Z');
UPDATE bid SET (bid_status, rating, feedback) = ('reviewed', 4, 'Quia sunt earum. Voluptatum cupiditate rerum autem.') WHERE ct_email = 'Marisol_Crooks4@yahoo.com' AND pet_owner = 'Gerhard_Johnston22@hotmail.com' AND pet_name = 'Bethel' AND start_date = Date('2020-10-09T01:00:47.555Z') AND end_date = Date('2020-10-15T03:41:20.948Z');
UPDATE bid SET (bid_status, rating, feedback) = ('reviewed', 5, 'Inventore quidem sed consequatur cum aperiam vitae deserunt. Qui quia ipsam voluptate atque aut excepturi exercitationem occaecati rem.') WHERE ct_email = 'Zula_Mayer88@hotmail.com' AND pet_owner = 'Ebba64@gmail.com' AND pet_name = 'Colleen' AND start_date = Date('2020-10-09T01:00:47.555Z') AND end_date = Date('2020-10-15T03:41:20.948Z');
UPDATE bid SET (bid_status, rating, feedback) = ('reviewed', 4, 'Omnis commodi atque occaecati nemo. Odit nostrum nesciunt.') WHERE ct_email = 'Yesenia_Reynolds@gmail.com' AND pet_owner = 'Demetrius.Schaefer58@yahoo.com' AND pet_name = 'Janis' AND start_date = Date('2020-10-09T01:00:47.555Z') AND end_date = Date('2020-10-15T03:41:20.948Z');
UPDATE bid SET (bid_status, rating, feedback) = ('reviewed', 5, 'Et ducimus totam. Id cumque atque repellat asperiores repellendus.') WHERE ct_email = 'Herbert_Hamill10@yahoo.com' AND pet_owner = 'Gilbert77@yahoo.com' AND pet_name = 'Van' AND start_date = Date('2020-10-09T01:00:47.555Z') AND end_date = Date('2020-10-15T03:41:20.948Z');
UPDATE bid SET (bid_status, rating, feedback) = ('reviewed', 4, 'Reiciendis in odit vitae optio odio atque fugit omnis deleniti. Error quia illum.') WHERE ct_email = 'Jackeline.Schmeler28@yahoo.com' AND pet_owner = 'Savion.Cormier@gmail.com' AND pet_name = 'Solon' AND start_date = Date('2020-10-09T01:00:47.555Z') AND end_date = Date('2020-10-15T03:41:20.948Z');
UPDATE bid SET (bid_status, rating, feedback) = ('reviewed', 3, 'Sed nisi possimus facilis nihil. In vero dolorem deserunt aut repudiandae enim omnis.') WHERE ct_email = 'Clarabelle_Hammes@gmail.com' AND pet_owner = 'Mona_Rohan@hotmail.com' AND pet_name = 'Darrel' AND start_date = Date('2020-10-09T01:00:47.555Z') AND end_date = Date('2020-10-15T03:41:20.948Z');
UPDATE bid SET (bid_status, rating, feedback) = ('reviewed', 4, 'Dolorum suscipit cum ut sed dolorem odio et rem. Maiores libero sit corporis qui aut cupiditate.') WHERE ct_email = 'Serena.Walsh17@yahoo.com' AND pet_owner = 'Rahsaan88@yahoo.com' AND pet_name = 'Martin' AND start_date = Date('2020-10-09T01:00:47.555Z') AND end_date = Date('2020-10-15T03:41:20.948Z');
UPDATE bid SET (bid_status, rating, feedback) = ('reviewed', 5, 'Aut sunt itaque fuga ut consequatur omnis. Facilis consequuntur sint eaque inventore.') WHERE ct_email = 'Clemmie.Satterfield@yahoo.com' AND pet_owner = 'Frida_Nicolas@gmail.com' AND pet_name = 'Germaine' AND start_date = Date('2020-10-09T01:00:47.555Z') AND end_date = Date('2020-10-15T03:41:20.948Z');
UPDATE bid SET (bid_status, rating, feedback) = ('reviewed', 5, 'Recusandae aut blanditiis maiores deserunt saepe. Totam corrupti facere quidem.') WHERE ct_email = 'Marianna_Hilpert@gmail.com' AND pet_owner = 'Hadley_Little28@hotmail.com' AND pet_name = 'Eleonore' AND start_date = Date('2020-10-09T01:00:47.555Z') AND end_date = Date('2020-10-15T03:41:20.948Z');
UPDATE bid SET (bid_status, rating, feedback) = ('reviewed', 4, 'Magni illo aut qui repellendus provident dolore repellendus vel nesciunt. Eos quo enim illo consectetur.') WHERE ct_email = 'Nico_Shanahan93@yahoo.com' AND pet_owner = 'Mariam.Fadel47@hotmail.com' AND pet_name = 'German' AND start_date = Date('2020-10-09T01:00:47.555Z') AND end_date = Date('2020-10-15T03:41:20.948Z');
UPDATE bid SET (bid_status, rating, feedback) = ('reviewed', 5, 'Nulla distinctio quod nam et autem nesciunt. Dolores aspernatur et ipsam sed nihil accusamus beatae sit nam.') WHERE ct_email = 'Maegan.Cole@gmail.com' AND pet_owner = 'Lamont_Hackett@yahoo.com' AND pet_name = 'Payton' AND start_date = Date('2020-10-09T01:00:47.555Z') AND end_date = Date('2020-10-15T03:41:20.948Z');
INSERT INTO bid (ct_email, ct_price, start_date, end_date, is_cash, transport_method, pet_owner, pet_name, bid_status) VALUES ('Deja46@hotmail.com', 12, '2020-10-16T03:41:20.948Z', '2020-10-17T13:34:16.630Z', true, 'delivery', 'Elissa.Hudson@yahoo.com', 'Dillan', 'confirmed');
INSERT INTO bid (ct_email, ct_price, start_date, end_date, is_cash, transport_method, pet_owner, pet_name, bid_status) VALUES ('Myrl4@yahoo.com', 0, '2020-10-16T03:41:20.948Z', '2020-10-17T13:34:16.630Z', true, 'pcs', 'Mariah.Watsica@hotmail.com', 'Orland', 'confirmed');
INSERT INTO bid (ct_email, ct_price, start_date, end_date, is_cash, transport_method, pet_owner, pet_name, bid_status) VALUES ('Dustin_Thompson48@yahoo.com', 3, '2020-10-16T03:41:20.948Z', '2020-10-17T13:34:16.630Z', true, 'pickup', 'Chadd_Carter25@hotmail.com', 'Hassan', 'confirmed');
INSERT INTO bid (ct_email, ct_price, start_date, end_date, is_cash, transport_method, pet_owner, pet_name, bid_status) VALUES ('Naomi_Ullrich@hotmail.com', 3, '2020-10-16T03:41:20.948Z', '2020-10-17T13:34:16.630Z', true, 'pickup', 'Kasandra_Ratke@gmail.com', 'Reed', 'confirmed');
INSERT INTO bid (ct_email, ct_price, start_date, end_date, is_cash, transport_method, pet_owner, pet_name, bid_status) VALUES ('Marquis.Witting64@hotmail.com', 19, '2020-10-16T03:41:20.948Z', '2020-10-17T13:34:16.630Z', true, 'pickup', 'Xavier73@gmail.com', 'Laurianne', 'confirmed');
INSERT INTO bid (ct_email, ct_price, start_date, end_date, is_cash, transport_method, pet_owner, pet_name, bid_status) VALUES ('Raleigh50@yahoo.com', 7, '2020-10-16T03:41:20.948Z', '2020-10-17T13:34:16.630Z', true, 'pcs', 'Ollie_Witting16@hotmail.com', 'Kathlyn', 'confirmed');
INSERT INTO bid (ct_email, ct_price, start_date, end_date, is_cash, transport_method, pet_owner, pet_name, bid_status) VALUES ('Easton.Collier10@yahoo.com', 12, '2020-10-16T03:41:20.948Z', '2020-10-17T13:34:16.630Z', true, 'pickup', 'Thad.Reichel@yahoo.com', 'Cristobal', 'confirmed');
INSERT INTO bid (ct_email, ct_price, start_date, end_date, is_cash, transport_method, pet_owner, pet_name, bid_status) VALUES ('Bernard33@hotmail.com', 12, '2020-10-16T03:41:20.948Z', '2020-10-17T13:34:16.630Z', true, 'pickup', 'Lon47@yahoo.com', 'Nayeli', 'confirmed');
INSERT INTO bid (ct_email, ct_price, start_date, end_date, is_cash, transport_method, pet_owner, pet_name, bid_status) VALUES ('Lisette35@hotmail.com', 20, '2020-10-16T03:41:20.948Z', '2020-10-17T13:34:16.630Z', true, 'pickup', 'Annie90@hotmail.com', 'Richie', 'confirmed');
INSERT INTO bid (ct_email, ct_price, start_date, end_date, is_cash, transport_method, pet_owner, pet_name, bid_status) VALUES ('Loma_Christiansen@hotmail.com', 7, '2020-10-16T03:41:20.948Z', '2020-10-17T13:34:16.630Z', true, 'pcs', 'Clement.McDermott67@hotmail.com', 'Waino', 'confirmed');
INSERT INTO bid (ct_email, ct_price, start_date, end_date, is_cash, transport_method, pet_owner, pet_name, bid_status) VALUES ('Blair_Gerhold@gmail.com', 3, '2020-10-16T03:41:20.948Z', '2020-10-17T13:34:16.630Z', true, 'pickup', 'Cole.Kohler@hotmail.com', 'Mallie', 'confirmed');
INSERT INTO bid (ct_email, ct_price, start_date, end_date, is_cash, transport_method, pet_owner, pet_name, bid_status) VALUES ('Elda.Huels33@hotmail.com', 4, '2020-10-16T03:41:20.948Z', '2020-10-17T13:34:16.630Z', true, 'pcs', 'Blaze.Zulauf@gmail.com', 'Hubert', 'confirmed');
INSERT INTO bid (ct_email, ct_price, start_date, end_date, is_cash, transport_method, pet_owner, pet_name, bid_status) VALUES ('Kiel_Klocko13@hotmail.com', 15, '2020-10-16T03:41:20.948Z', '2020-10-17T13:34:16.630Z', true, 'pickup', 'Brittany_Carter87@hotmail.com', 'Lisandro', 'confirmed');
INSERT INTO bid (ct_email, ct_price, start_date, end_date, is_cash, transport_method, pet_owner, pet_name, bid_status) VALUES ('Jocelyn_Beer@gmail.com', 14, '2020-10-16T03:41:20.948Z', '2020-10-17T13:34:16.630Z', true, 'pickup', 'Brycen80@yahoo.com', 'Camren', 'confirmed');
INSERT INTO bid (ct_email, ct_price, start_date, end_date, is_cash, transport_method, pet_owner, pet_name, bid_status) VALUES ('Maudie65@hotmail.com', 19, '2020-10-16T03:41:20.948Z', '2020-10-17T13:34:16.630Z', true, 'pcs', 'Lola.Bins31@hotmail.com', 'Dino', 'confirmed');
INSERT INTO bid (ct_email, ct_price, start_date, end_date, is_cash, transport_method, pet_owner, pet_name, bid_status) VALUES ('Gwendolyn.Fadel@yahoo.com', 6, '2020-10-16T03:41:20.948Z', '2020-10-17T13:34:16.630Z', true, 'delivery', 'Nathaniel_Stiedemann@gmail.com', 'Duane', 'confirmed');
INSERT INTO bid (ct_email, ct_price, start_date, end_date, is_cash, transport_method, pet_owner, pet_name, bid_status) VALUES ('Jamaal.Schulist@yahoo.com', 8, '2020-10-16T03:41:20.948Z', '2020-10-17T13:34:16.630Z', true, 'delivery', 'Clemmie.Satterfield@yahoo.com', 'Zackery', 'confirmed');
INSERT INTO bid (ct_email, ct_price, start_date, end_date, is_cash, transport_method, pet_owner, pet_name, bid_status) VALUES ('Stephania_Hodkiewicz72@hotmail.com', 5, '2020-10-16T03:41:20.948Z', '2020-10-17T13:34:16.630Z', true, 'delivery', 'Clemmie.Satterfield@yahoo.com', 'Miller', 'confirmed');
INSERT INTO bid (ct_email, ct_price, start_date, end_date, is_cash, transport_method, pet_owner, pet_name, bid_status) VALUES ('Zachariah_Bahringer35@yahoo.com', 18, '2020-10-16T03:41:20.948Z', '2020-10-17T13:34:16.630Z', true, 'pickup', 'Cecilia_Nikolaus35@yahoo.com', 'Cecile', 'confirmed');
INSERT INTO bid (ct_email, ct_price, start_date, end_date, is_cash, transport_method, pet_owner, pet_name, bid_status) VALUES ('Chadrick.Wuckert@yahoo.com', 7, '2020-10-16T03:41:20.948Z', '2020-10-17T13:34:16.630Z', true, 'pickup', 'Josefa_Funk@gmail.com', 'Ottilie', 'confirmed');
INSERT INTO bid (ct_email, ct_price, start_date, end_date, is_cash, transport_method, pet_owner, pet_name, bid_status) VALUES ('Lon47@yahoo.com', 4, '2020-10-16T03:41:20.948Z', '2020-10-17T13:34:16.630Z', true, 'delivery', 'Libby_Barrows@hotmail.com', 'Davin', 'confirmed');
INSERT INTO bid (ct_email, ct_price, start_date, end_date, is_cash, transport_method, pet_owner, pet_name, bid_status) VALUES ('Aiden.Sporer@hotmail.com', 16, '2020-10-16T03:41:20.948Z', '2020-10-17T13:34:16.630Z', true, 'pickup', 'Layla_Ernser27@gmail.com', 'Noemy', 'confirmed');
INSERT INTO bid (ct_email, ct_price, start_date, end_date, is_cash, transport_method, pet_owner, pet_name, bid_status) VALUES ('Terrell_Hickle@hotmail.com', 14, '2020-10-16T03:41:20.948Z', '2020-10-17T13:34:16.630Z', true, 'pickup', 'Abbey72@hotmail.com', 'Gerhard', 'confirmed');
INSERT INTO bid (ct_email, ct_price, start_date, end_date, is_cash, transport_method, pet_owner, pet_name, bid_status) VALUES ('Vivien_Okuneva60@gmail.com', 15, '2020-10-16T03:41:20.948Z', '2020-10-17T13:34:16.630Z', true, 'delivery', 'Stephania_Hodkiewicz72@hotmail.com', 'Edison', 'confirmed');
INSERT INTO bid (ct_email, ct_price, start_date, end_date, is_cash, transport_method, pet_owner, pet_name, bid_status) VALUES ('Gillian69@gmail.com', 1, '2020-10-16T03:41:20.948Z', '2020-10-17T13:34:16.630Z', true, 'delivery', 'Shanny_Koss60@yahoo.com', 'Jaclyn', 'confirmed');
INSERT INTO bid (ct_email, ct_price, start_date, end_date, is_cash, transport_method, pet_owner, pet_name, bid_status) VALUES ('Amber_Schmidt0@hotmail.com', 1, '2020-10-16T03:41:20.948Z', '2020-10-17T13:34:16.630Z', true, 'pickup', 'Dudley.Schaefer38@yahoo.com', 'Easter', 'confirmed');
INSERT INTO bid (ct_email, ct_price, start_date, end_date, is_cash, transport_method, pet_owner, pet_name, bid_status) VALUES ('Elmira.Murray@hotmail.com', 15, '2020-10-16T03:41:20.948Z', '2020-10-17T13:34:16.630Z', true, 'pickup', 'Berenice.Hirthe@yahoo.com', 'Esmeralda', 'confirmed');
INSERT INTO bid (ct_email, ct_price, start_date, end_date, is_cash, transport_method, pet_owner, pet_name, bid_status) VALUES ('Haven_Mann13@gmail.com', 10, '2020-10-16T03:41:20.948Z', '2020-10-17T13:34:16.630Z', true, 'pcs', 'Thad.King59@yahoo.com', 'Kristofer', 'confirmed');
INSERT INTO bid (ct_email, ct_price, start_date, end_date, is_cash, transport_method, pet_owner, pet_name, bid_status) VALUES ('Yazmin17@yahoo.com', 3, '2020-10-16T03:41:20.948Z', '2020-10-17T13:34:16.630Z', true, 'pcs', 'Donny23@yahoo.com', 'Theresa', 'confirmed');
INSERT INTO bid (ct_email, ct_price, start_date, end_date, is_cash, transport_method, pet_owner, pet_name, bid_status) VALUES ('Jeffrey.Ebert@gmail.com', 10, '2020-10-16T03:41:20.948Z', '2020-10-17T13:34:16.630Z', true, 'pickup', 'Berta.Schneider@gmail.com', 'Maggie', 'confirmed');
INSERT INTO bid (ct_email, ct_price, start_date, end_date, is_cash, transport_method, pet_owner, pet_name, bid_status) VALUES ('Brant_Denesik17@hotmail.com', 13, '2020-10-16T03:41:20.948Z', '2020-10-17T13:34:16.630Z', true, 'pickup', 'Cassidy63@hotmail.com', 'Bonita', 'confirmed');
INSERT INTO bid (ct_email, ct_price, start_date, end_date, is_cash, transport_method, pet_owner, pet_name, bid_status) VALUES ('Brant_Heidenreich81@hotmail.com', 3, '2020-10-16T03:41:20.948Z', '2020-10-17T13:34:16.630Z', true, 'pickup', 'Raleigh.Donnelly60@hotmail.com', 'Veronica', 'confirmed');
INSERT INTO bid (ct_email, ct_price, start_date, end_date, is_cash, transport_method, pet_owner, pet_name, bid_status) VALUES ('Loy85@gmail.com', 10, '2020-10-16T03:41:20.948Z', '2020-10-17T13:34:16.630Z', true, 'pickup', 'Britney_Dooley@hotmail.com', 'Orlo', 'confirmed');
INSERT INTO bid (ct_email, ct_price, start_date, end_date, is_cash, transport_method, pet_owner, pet_name, bid_status) VALUES ('Dudley.Schaefer38@yahoo.com', 12, '2020-10-16T03:41:20.948Z', '2020-10-17T13:34:16.630Z', true, 'delivery', 'Leopold22@yahoo.com', 'Kenton', 'confirmed');
INSERT INTO bid (ct_email, ct_price, start_date, end_date, is_cash, transport_method, pet_owner, pet_name, bid_status) VALUES ('Tressie.Johnston6@hotmail.com', 12, '2020-10-16T03:41:20.948Z', '2020-10-17T13:34:16.630Z', true, 'pcs', 'Kasandra_Ratke@gmail.com', 'Judge', 'confirmed');
INSERT INTO bid (ct_email, ct_price, start_date, end_date, is_cash, transport_method, pet_owner, pet_name, bid_status) VALUES ('Vince.Ritchie@yahoo.com', 3, '2020-10-16T03:41:20.948Z', '2020-10-17T13:34:16.630Z', true, 'pcs', 'Rosario_Lubowitz49@hotmail.com', 'Sydnie', 'confirmed');
INSERT INTO bid (ct_email, ct_price, start_date, end_date, is_cash, transport_method, pet_owner, pet_name, bid_status) VALUES ('Hadley_Little28@hotmail.com', 1, '2020-10-16T03:41:20.948Z', '2020-10-17T13:34:16.630Z', true, 'delivery', 'Kadin_Keebler@gmail.com', 'Amari', 'confirmed');
INSERT INTO bid (ct_email, ct_price, start_date, end_date, is_cash, transport_method, pet_owner, pet_name, bid_status) VALUES ('King82@yahoo.com', 8, '2020-10-16T03:41:20.948Z', '2020-10-17T13:34:16.630Z', true, 'pickup', 'Demetris91@gmail.com', 'Lora', 'confirmed');
INSERT INTO bid (ct_email, ct_price, start_date, end_date, is_cash, transport_method, pet_owner, pet_name, bid_status) VALUES ('Leilani_Schulist@yahoo.com', 2, '2020-10-16T03:41:20.948Z', '2020-10-17T13:34:16.630Z', true, 'pickup', 'Dianna67@hotmail.com', 'Cayla', 'confirmed');
INSERT INTO bid (ct_email, ct_price, start_date, end_date, is_cash, transport_method, pet_owner, pet_name, bid_status) VALUES ('Hester7@hotmail.com', 19, '2020-10-16T03:41:20.948Z', '2020-10-17T13:34:16.630Z', true, 'pickup', 'April21@hotmail.com', 'Vernie', 'confirmed');
INSERT INTO bid (ct_email, ct_price, start_date, end_date, is_cash, transport_method, pet_owner, pet_name, bid_status) VALUES ('Ofelia.Aufderhar@yahoo.com', 11, '2020-10-16T03:41:20.948Z', '2020-10-17T13:34:16.630Z', true, 'delivery', 'Furman12@hotmail.com', 'Kole', 'confirmed');
INSERT INTO bid (ct_email, ct_price, start_date, end_date, is_cash, transport_method, pet_owner, pet_name, bid_status) VALUES ('Vena.Schmeler65@hotmail.com', 2, '2020-10-16T03:41:20.948Z', '2020-10-17T13:34:16.630Z', true, 'pcs', 'Susie.Kautzer@gmail.com', 'Pascale', 'confirmed');
INSERT INTO bid (ct_email, ct_price, start_date, end_date, is_cash, transport_method, pet_owner, pet_name, bid_status) VALUES ('Arvid_Cummerata63@hotmail.com', 17, '2020-10-16T03:41:20.948Z', '2020-10-17T13:34:16.630Z', true, 'delivery', 'Tatum.Windler@hotmail.com', 'Karolann', 'confirmed');
INSERT INTO bid (ct_email, ct_price, start_date, end_date, is_cash, transport_method, pet_owner, pet_name, bid_status) VALUES ('Santos_Robel66@gmail.com', 20, '2020-10-16T03:41:20.948Z', '2020-10-17T13:34:16.630Z', true, 'pickup', 'Mariam.Fadel47@hotmail.com', 'German', 'confirmed');
INSERT INTO bid (ct_email, ct_price, start_date, end_date, is_cash, transport_method, pet_owner, pet_name, bid_status) VALUES ('Providenci59@hotmail.com', 5, '2020-10-16T03:41:20.948Z', '2020-10-17T13:34:16.630Z', true, 'pcs', 'Narciso38@yahoo.com', 'Bert', 'confirmed');
INSERT INTO bid (ct_email, ct_price, start_date, end_date, is_cash, transport_method, pet_owner, pet_name, bid_status) VALUES ('Iva38@yahoo.com', 16, '2020-10-16T03:41:20.948Z', '2020-10-17T13:34:16.630Z', true, 'delivery', 'Allen53@hotmail.com', 'Russel', 'confirmed');
INSERT INTO bid (ct_email, ct_price, start_date, end_date, is_cash, transport_method, pet_owner, pet_name, bid_status) VALUES ('Kavon79@hotmail.com', 11, '2020-10-16T03:41:20.948Z', '2020-10-17T13:34:16.630Z', true, 'delivery', 'Alfreda.Ondricka@gmail.com', 'Christine', 'confirmed');
INSERT INTO bid (ct_email, ct_price, start_date, end_date, is_cash, transport_method, pet_owner, pet_name, bid_status) VALUES ('Angus.Doyle@yahoo.com', 7, '2020-10-16T03:41:20.948Z', '2020-10-17T13:34:16.630Z', true, 'pickup', 'Lessie_Thompson@gmail.com', 'Wallace', 'confirmed');
INSERT INTO bid (ct_email, ct_price, start_date, end_date, is_cash, transport_method, pet_owner, pet_name, bid_status) VALUES ('Genevieve_Ondricka@yahoo.com', 2, '2020-10-16T03:41:20.948Z', '2020-10-17T13:34:16.630Z', true, 'delivery', 'Cecilia_Nikolaus35@yahoo.com', 'Rosario', 'confirmed');
INSERT INTO bid (ct_email, ct_price, start_date, end_date, is_cash, transport_method, pet_owner, pet_name, bid_status) VALUES ('Frida.Mueller@hotmail.com', 13, '2020-10-16T03:41:20.948Z', '2020-10-17T13:34:16.630Z', true, 'pickup', 'Louisa37@hotmail.com', 'Jettie', 'confirmed');
INSERT INTO bid (ct_email, ct_price, start_date, end_date, is_cash, transport_method, pet_owner, pet_name, bid_status) VALUES ('Cyril58@gmail.com', 0, '2020-10-16T03:41:20.948Z', '2020-10-17T13:34:16.630Z', true, 'pcs', 'Logan.Hettinger@yahoo.com', 'Trent', 'confirmed');
INSERT INTO bid (ct_email, ct_price, start_date, end_date, is_cash, transport_method, pet_owner, pet_name, bid_status) VALUES ('Madeline.Schowalter4@yahoo.com', 11, '2020-10-16T03:41:20.948Z', '2020-10-17T13:34:16.630Z', true, 'pcs', 'Brianne_Breitenberg@hotmail.com', 'Kadin', 'confirmed');
INSERT INTO bid (ct_email, ct_price, start_date, end_date, is_cash, transport_method, pet_owner, pet_name, bid_status) VALUES ('Amya_Jaskolski15@yahoo.com', 8, '2020-10-16T03:41:20.948Z', '2020-10-17T13:34:16.630Z', true, 'pcs', 'Wallace.Bogan75@gmail.com', 'Sasha', 'confirmed');
INSERT INTO bid (ct_email, ct_price, start_date, end_date, is_cash, transport_method, pet_owner, pet_name, bid_status) VALUES ('Valentina40@hotmail.com', 11, '2020-10-16T03:41:20.948Z', '2020-10-17T13:34:16.630Z', true, 'delivery', 'Broderick.Abernathy@gmail.com', 'Akeem', 'confirmed');
INSERT INTO bid (ct_email, ct_price, start_date, end_date, is_cash, transport_method, pet_owner, pet_name, bid_status) VALUES ('Carlotta4@gmail.com', 16, '2020-10-16T03:41:20.948Z', '2020-10-17T13:34:16.630Z', true, 'delivery', 'Oleta.Muller64@yahoo.com', 'Americo', 'confirmed');
INSERT INTO bid (ct_email, ct_price, start_date, end_date, is_cash, transport_method, pet_owner, pet_name, bid_status) VALUES ('Hannah_Wolf@gmail.com', 13, '2020-10-16T03:41:20.948Z', '2020-10-17T13:34:16.630Z', true, 'pcs', 'Annie90@hotmail.com', 'Birdie', 'confirmed');
INSERT INTO bid (ct_email, ct_price, start_date, end_date, is_cash, transport_method, pet_owner, pet_name, bid_status) VALUES ('Richard_Ritchie@hotmail.com', 17, '2020-10-16T03:41:20.948Z', '2020-10-17T13:34:16.630Z', true, 'delivery', 'Florence_Funk@yahoo.com', 'Emery', 'confirmed');
INSERT INTO bid (ct_email, ct_price, start_date, end_date, is_cash, transport_method, pet_owner, pet_name, bid_status) VALUES ('Letitia_Brekke@hotmail.com', 20, '2020-10-16T03:41:20.948Z', '2020-10-17T13:34:16.630Z', true, 'delivery', 'Louisa37@hotmail.com', 'Hilbert', 'confirmed');
INSERT INTO bid (ct_email, ct_price, start_date, end_date, is_cash, transport_method, pet_owner, pet_name, bid_status) VALUES ('Katheryn_Boehm89@hotmail.com', 11, '2020-10-16T03:41:20.948Z', '2020-10-17T13:34:16.630Z', true, 'pickup', 'Jerod.Brakus2@gmail.com', 'Astrid', 'confirmed');
INSERT INTO bid (ct_email, ct_price, start_date, end_date, is_cash, transport_method, pet_owner, pet_name, bid_status) VALUES ('Clement_Larkin5@hotmail.com', 9, '2020-10-16T03:41:20.948Z', '2020-10-17T13:34:16.630Z', true, 'pickup', 'Isaiah.Corwin49@gmail.com', 'Jess', 'confirmed');
INSERT INTO bid (ct_email, ct_price, start_date, end_date, is_cash, transport_method, pet_owner, pet_name, bid_status) VALUES ('Yessenia.Little@gmail.com', 9, '2020-10-16T03:41:20.948Z', '2020-10-17T13:34:16.630Z', true, 'delivery', 'Gerhard_Johnston22@hotmail.com', 'Green', 'confirmed');
INSERT INTO bid (ct_email, ct_price, start_date, end_date, is_cash, transport_method, pet_owner, pet_name, bid_status) VALUES ('Leatha_Runolfsdottir@hotmail.com', 8, '2020-10-16T03:41:20.948Z', '2020-10-17T13:34:16.630Z', true, 'delivery', 'Adella_West37@yahoo.com', 'Myra', 'confirmed');
INSERT INTO bid (ct_email, ct_price, start_date, end_date, is_cash, transport_method, pet_owner, pet_name, bid_status) VALUES ('Fermin89@hotmail.com', 2, '2020-10-16T03:41:20.948Z', '2020-10-17T13:34:16.630Z', true, 'pcs', 'Elvis1@gmail.com', 'Lizzie', 'confirmed');
INSERT INTO bid (ct_email, ct_price, start_date, end_date, is_cash, transport_method, pet_owner, pet_name, bid_status) VALUES ('Savanna28@hotmail.com', 19, '2020-10-16T03:41:20.948Z', '2020-10-17T13:34:16.630Z', true, 'delivery', 'Makenzie_Block21@yahoo.com', 'Sabryna', 'confirmed');
INSERT INTO bid (ct_email, ct_price, start_date, end_date, is_cash, transport_method, pet_owner, pet_name, bid_status) VALUES ('Andreane_Boyer83@gmail.com', 3, '2020-10-16T03:41:20.948Z', '2020-10-17T13:34:16.630Z', true, 'pcs', 'Shania_Jacobson@hotmail.com', 'Janelle', 'confirmed');
INSERT INTO bid (ct_email, ct_price, start_date, end_date, is_cash, transport_method, pet_owner, pet_name, bid_status) VALUES ('Amaya.Lang@gmail.com', 8, '2020-10-16T03:41:20.948Z', '2020-10-17T13:34:16.630Z', true, 'pickup', 'Gerhard_Johnston22@hotmail.com', 'Bethel', 'confirmed');
INSERT INTO bid (ct_email, ct_price, start_date, end_date, is_cash, transport_method, pet_owner, pet_name, bid_status) VALUES ('Jaren98@hotmail.com', 1, '2020-10-16T03:41:20.948Z', '2020-10-17T13:34:16.630Z', true, 'pickup', 'Saige_Quigley@yahoo.com', 'Mckenna', 'confirmed');
INSERT INTO bid (ct_email, ct_price, start_date, end_date, is_cash, transport_method, pet_owner, pet_name, bid_status) VALUES ('Jerod.Brakus2@gmail.com', 17, '2020-10-16T03:41:20.948Z', '2020-10-17T13:34:16.630Z', true, 'pcs', 'Tanya_Block34@hotmail.com', 'Matteo', 'confirmed');
INSERT INTO bid (ct_email, ct_price, start_date, end_date, is_cash, transport_method, pet_owner, pet_name, bid_status) VALUES ('Garrison.Dickinson@hotmail.com', 4, '2020-10-16T03:41:20.948Z', '2020-10-17T13:34:16.630Z', true, 'pcs', 'Annie.Balistreri@gmail.com', 'Kelli', 'confirmed');
INSERT INTO bid (ct_email, ct_price, start_date, end_date, is_cash, transport_method, pet_owner, pet_name, bid_status) VALUES ('Nelson.Corkery87@gmail.com', 2, '2020-10-16T03:41:20.948Z', '2020-10-17T13:34:16.630Z', true, 'pcs', 'Josefa_Funk@gmail.com', 'Randal', 'confirmed');
INSERT INTO bid (ct_email, ct_price, start_date, end_date, is_cash, transport_method, pet_owner, pet_name, bid_status) VALUES ('Alverta.Zulauf@yahoo.com', 11, '2020-10-16T03:41:20.948Z', '2020-10-17T13:34:16.630Z', true, 'pickup', 'Barrett62@yahoo.com', 'Lessie', 'confirmed');
INSERT INTO bid (ct_email, ct_price, start_date, end_date, is_cash, transport_method, pet_owner, pet_name, bid_status) VALUES ('Clay_Wuckert@yahoo.com', 9, '2020-10-16T03:41:20.948Z', '2020-10-17T13:34:16.630Z', true, 'pcs', 'Chadd25@gmail.com', 'Frida', 'confirmed');
INSERT INTO bid (ct_email, ct_price, start_date, end_date, is_cash, transport_method, pet_owner, pet_name, bid_status) VALUES ('Thad.King59@yahoo.com', 6, '2020-10-16T03:41:20.948Z', '2020-10-17T13:34:16.630Z', true, 'delivery', 'Rahul.Romaguera@hotmail.com', 'Vergie', 'confirmed');
INSERT INTO bid (ct_email, ct_price, start_date, end_date, is_cash, transport_method, pet_owner, pet_name, bid_status) VALUES ('Emmy_Jacobi86@gmail.com', 18, '2020-10-16T03:41:20.948Z', '2020-10-17T13:34:16.630Z', true, 'pcs', 'Tanya_Block34@hotmail.com', 'Ansel', 'confirmed');
INSERT INTO bid (ct_email, ct_price, start_date, end_date, is_cash, transport_method, pet_owner, pet_name, bid_status) VALUES ('Karen25@hotmail.com', 11, '2020-10-16T03:41:20.948Z', '2020-10-17T13:34:16.630Z', true, 'pcs', 'Enos.Reilly@hotmail.com', 'Leora', 'confirmed');
INSERT INTO bid (ct_email, ct_price, start_date, end_date, is_cash, transport_method, pet_owner, pet_name, bid_status) VALUES ('Noelia11@hotmail.com', 5, '2020-10-16T03:41:20.948Z', '2020-10-17T13:34:16.630Z', true, 'pcs', 'Dovie39@hotmail.com', 'Katelyn', 'confirmed');
INSERT INTO bid (ct_email, ct_price, start_date, end_date, is_cash, transport_method, pet_owner, pet_name, bid_status) VALUES ('Gisselle_Marvin4@gmail.com', 9, '2020-10-16T03:41:20.948Z', '2020-10-17T13:34:16.630Z', true, 'delivery', 'Layla_Ernser27@gmail.com', 'Nelda', 'confirmed');
INSERT INTO bid (ct_email, ct_price, start_date, end_date, is_cash, transport_method, pet_owner, pet_name, bid_status) VALUES ('Breana.Kuhn@gmail.com', 14, '2020-10-16T03:41:20.948Z', '2020-10-17T13:34:16.630Z', true, 'delivery', 'Hallie_Wiegand7@hotmail.com', 'Brody', 'confirmed');
INSERT INTO bid (ct_email, ct_price, start_date, end_date, is_cash, transport_method, pet_owner, pet_name, bid_status) VALUES ('Reva_Ratke14@gmail.com', 18, '2020-10-16T03:41:20.948Z', '2020-10-17T13:34:16.630Z', true, 'delivery', 'Ernest_Beer23@hotmail.com', 'John', 'confirmed');
INSERT INTO bid (ct_email, ct_price, start_date, end_date, is_cash, transport_method, pet_owner, pet_name, bid_status) VALUES ('Bernadine_Wisozk58@yahoo.com', 11, '2020-10-16T03:41:20.948Z', '2020-10-17T13:34:16.630Z', true, 'pcs', 'Chester.Turner79@yahoo.com', 'Marcus', 'confirmed');
INSERT INTO bid (ct_email, ct_price, start_date, end_date, is_cash, transport_method, pet_owner, pet_name, bid_status) VALUES ('Carmela.Flatley@gmail.com', 2, '2020-10-16T03:41:20.948Z', '2020-10-17T13:34:16.630Z', true, 'pcs', 'Barney_Yundt81@yahoo.com', 'Marcelo', 'confirmed');
INSERT INTO bid (ct_email, ct_price, start_date, end_date, is_cash, transport_method, pet_owner, pet_name, bid_status) VALUES ('Willie.Harvey7@yahoo.com', 5, '2020-10-16T03:41:20.948Z', '2020-10-17T13:34:16.630Z', true, 'delivery', 'Hardy.Terry@gmail.com', 'Nyasia', 'confirmed');
INSERT INTO bid (ct_email, ct_price, start_date, end_date, is_cash, transport_method, pet_owner, pet_name, bid_status) VALUES ('Ariane.Sanford@gmail.com', 18, '2020-10-16T03:41:20.948Z', '2020-10-17T13:34:16.630Z', true, 'delivery', 'Tyrel_Beier83@yahoo.com', 'Grady', 'confirmed');
INSERT INTO bid (ct_email, ct_price, start_date, end_date, is_cash, transport_method, pet_owner, pet_name, bid_status) VALUES ('Maribel_Deckow35@hotmail.com', 11, '2020-10-16T03:41:20.948Z', '2020-10-17T13:34:16.630Z', true, 'pickup', 'Keyon35@yahoo.com', 'Kieran', 'confirmed');
INSERT INTO bid (ct_email, ct_price, start_date, end_date, is_cash, transport_method, pet_owner, pet_name, bid_status) VALUES ('Itzel.Gorczany15@gmail.com', 0, '2020-10-16T03:41:20.948Z', '2020-10-17T13:34:16.630Z', true, 'pcs', 'Margarete_McKenzie@yahoo.com', 'Cora', 'confirmed');
INSERT INTO bid (ct_email, ct_price, start_date, end_date, is_cash, transport_method, pet_owner, pet_name, bid_status) VALUES ('Flavie.West@gmail.com', 14, '2020-10-16T03:41:20.948Z', '2020-10-17T13:34:16.630Z', true, 'pickup', 'Maddison62@hotmail.com', 'Bertha', 'confirmed');
INSERT INTO bid (ct_email, ct_price, start_date, end_date, is_cash, transport_method, pet_owner, pet_name, bid_status) VALUES ('Ila23@yahoo.com', 8, '2020-10-16T03:41:20.948Z', '2020-10-17T13:34:16.630Z', true, 'pickup', 'Jewel.Bayer4@gmail.com', 'Fae', 'confirmed');
INSERT INTO bid (ct_email, ct_price, start_date, end_date, is_cash, transport_method, pet_owner, pet_name, bid_status) VALUES ('Hazel_Botsford@gmail.com', 18, '2020-10-16T03:41:20.948Z', '2020-10-17T13:34:16.630Z', true, 'pickup', 'Ofelia.Aufderhar@yahoo.com', 'Ashlynn', 'confirmed');
INSERT INTO bid (ct_email, ct_price, start_date, end_date, is_cash, transport_method, pet_owner, pet_name, bid_status) VALUES ('Jamison31@gmail.com', 5, '2020-10-16T03:41:20.948Z', '2020-10-17T13:34:16.630Z', true, 'pcs', 'Iva38@yahoo.com', 'Cathryn', 'confirmed');
INSERT INTO bid (ct_email, ct_price, start_date, end_date, is_cash, transport_method, pet_owner, pet_name, bid_status) VALUES ('Cornelius_Prosacco@yahoo.com', 6, '2020-10-16T03:41:20.948Z', '2020-10-17T13:34:16.630Z', true, 'pcs', 'Lorenzo_Skiles19@hotmail.com', 'Dayton', 'confirmed');
INSERT INTO bid (ct_email, ct_price, start_date, end_date, is_cash, transport_method, pet_owner, pet_name, bid_status) VALUES ('Enos.OReilly76@gmail.com', 3, '2020-10-16T03:41:20.948Z', '2020-10-17T13:34:16.630Z', true, 'pickup', 'Brian.Ernser15@yahoo.com', 'Kris', 'confirmed');
INSERT INTO bid (ct_email, ct_price, start_date, end_date, is_cash, transport_method, pet_owner, pet_name, bid_status) VALUES ('Elian_Botsford@hotmail.com', 2, '2020-10-16T03:41:20.948Z', '2020-10-17T13:34:16.630Z', true, 'delivery', 'Lowell86@hotmail.com', 'Mona', 'confirmed');
INSERT INTO bid (ct_email, ct_price, start_date, end_date, is_cash, transport_method, pet_owner, pet_name, bid_status) VALUES ('Stephen_Rath18@gmail.com', 13, '2020-10-16T03:41:20.948Z', '2020-10-17T13:34:16.630Z', true, 'delivery', 'Barrett62@yahoo.com', 'Adah', 'confirmed');
INSERT INTO bid (ct_email, ct_price, start_date, end_date, is_cash, transport_method, pet_owner, pet_name, bid_status) VALUES ('Donny23@yahoo.com', 5, '2020-10-16T03:41:20.948Z', '2020-10-17T13:34:16.630Z', true, 'pickup', 'Ole85@gmail.com', 'Barney', 'confirmed');
INSERT INTO bid (ct_email, ct_price, start_date, end_date, is_cash, transport_method, pet_owner, pet_name, bid_status) VALUES ('Jordane.Mayert@hotmail.com', 7, '2020-10-16T03:41:20.948Z', '2020-10-17T13:34:16.630Z', true, 'pcs', 'Maribel_Deckow35@hotmail.com', 'Doug', 'confirmed');
INSERT INTO bid (ct_email, ct_price, start_date, end_date, is_cash, transport_method, pet_owner, pet_name, bid_status) VALUES ('Kelley32@gmail.com', 7, '2020-10-16T03:41:20.948Z', '2020-10-17T13:34:16.630Z', true, 'pickup', 'Harold.Altenwerth@hotmail.com', 'Amya', 'confirmed');
INSERT INTO bid (ct_email, ct_price, start_date, end_date, is_cash, transport_method, pet_owner, pet_name, bid_status) VALUES ('Emile_Johnson25@gmail.com', 16, '2020-10-16T03:41:20.948Z', '2020-10-17T13:34:16.630Z', true, 'pickup', 'Kennedi59@hotmail.com', 'Kaelyn', 'confirmed');
INSERT INTO bid (ct_email, ct_price, start_date, end_date, is_cash, transport_method, pet_owner, pet_name, bid_status) VALUES ('Keeley52@yahoo.com', 16, '2020-10-16T03:41:20.948Z', '2020-10-17T13:34:16.630Z', true, 'delivery', 'Herta.Harber60@hotmail.com', 'Wilfredo', 'confirmed');
INSERT INTO bid (ct_email, ct_price, start_date, end_date, is_cash, transport_method, pet_owner, pet_name, bid_status) VALUES ('Abelardo_Kozey12@gmail.com', 7, '2020-10-16T03:41:20.948Z', '2020-10-17T13:34:16.630Z', true, 'pickup', 'Gilbert77@yahoo.com', 'Ena', 'confirmed');
INSERT INTO bid (ct_email, ct_price, start_date, end_date, is_cash, transport_method, pet_owner, pet_name, bid_status) VALUES ('Jed25@hotmail.com', 19, '2020-10-16T03:41:20.948Z', '2020-10-17T13:34:16.630Z', true, 'delivery', 'Xavier_Adams@yahoo.com', 'Lucile', 'confirmed');
INSERT INTO bid (ct_email, ct_price, start_date, end_date, is_cash, transport_method, pet_owner, pet_name, bid_status) VALUES ('Tierra59@yahoo.com', 14, '2020-10-16T03:41:20.948Z', '2020-10-17T13:34:16.630Z', true, 'pickup', 'Cynthia8@yahoo.com', 'Tom', 'confirmed');
INSERT INTO bid (ct_email, ct_price, start_date, end_date, is_cash, transport_method, pet_owner, pet_name, bid_status) VALUES ('Cleve.Kunze91@yahoo.com', 19, '2020-10-16T03:41:20.948Z', '2020-10-17T13:34:16.630Z', true, 'pcs', 'Gia92@gmail.com', 'Ashleigh', 'confirmed');
INSERT INTO bid (ct_email, ct_price, start_date, end_date, is_cash, transport_method, pet_owner, pet_name, bid_status) VALUES ('Art39@gmail.com', 16, '2020-10-16T03:41:20.948Z', '2020-10-17T13:34:16.630Z', true, 'pcs', 'Angus.Doyle@yahoo.com', 'Melba', 'confirmed');
INSERT INTO bid (ct_email, ct_price, start_date, end_date, is_cash, transport_method, pet_owner, pet_name, bid_status) VALUES ('Queen.Wilderman71@hotmail.com', 7, '2020-10-16T03:41:20.948Z', '2020-10-17T13:34:16.630Z', true, 'pcs', 'Terrill76@yahoo.com', 'Queenie', 'confirmed');
INSERT INTO bid (ct_email, ct_price, start_date, end_date, is_cash, transport_method, pet_owner, pet_name, bid_status) VALUES ('Gilbert.McGlynn@hotmail.com', 6, '2020-10-16T03:41:20.948Z', '2020-10-17T13:34:16.630Z', true, 'pcs', 'Rosamond16@hotmail.com', 'Moriah', 'confirmed');
INSERT INTO bid (ct_email, ct_price, start_date, end_date, is_cash, transport_method, pet_owner, pet_name, bid_status) VALUES ('April21@hotmail.com', 1, '2020-10-16T03:41:20.948Z', '2020-10-17T13:34:16.630Z', true, 'pickup', 'Kennedi59@hotmail.com', 'Stephan', 'confirmed');
INSERT INTO bid (ct_email, ct_price, start_date, end_date, is_cash, transport_method, pet_owner, pet_name, bid_status) VALUES ('Winfield_Gislason@hotmail.com', 11, '2020-10-16T03:41:20.948Z', '2020-10-17T13:34:16.630Z', true, 'pcs', 'Savion52@yahoo.com', 'Vanessa', 'confirmed');
INSERT INTO bid (ct_email, ct_price, start_date, end_date, is_cash, transport_method, pet_owner, pet_name, bid_status) VALUES ('Chauncey96@hotmail.com', 6, '2020-10-16T03:41:20.948Z', '2020-10-17T13:34:16.630Z', true, 'delivery', 'Viva_Lind65@gmail.com', 'Leilani', 'confirmed');
INSERT INTO bid (ct_email, ct_price, start_date, end_date, is_cash, transport_method, pet_owner, pet_name, bid_status) VALUES ('Cleta.Kiehn41@gmail.com', 18, '2020-10-16T03:41:20.948Z', '2020-10-17T13:34:16.630Z', true, 'pickup', 'Cornelius_Prosacco@yahoo.com', 'Brent', 'confirmed');
INSERT INTO bid (ct_email, ct_price, start_date, end_date, is_cash, transport_method, pet_owner, pet_name, bid_status) VALUES ('Marion.Torp74@yahoo.com', 4, '2020-10-16T03:41:20.948Z', '2020-10-17T13:34:16.630Z', true, 'pickup', 'Darien.Stroman64@hotmail.com', 'Keely', 'confirmed');
INSERT INTO bid (ct_email, ct_price, start_date, end_date, is_cash, transport_method, pet_owner, pet_name, bid_status) VALUES ('Jerrell.Senger@hotmail.com', 9, '2020-10-16T03:41:20.948Z', '2020-10-17T13:34:16.630Z', true, 'pickup', 'Malachi_OKeefe@hotmail.com', 'Maia', 'confirmed');
INSERT INTO bid (ct_email, ct_price, start_date, end_date, is_cash, transport_method, pet_owner, pet_name, bid_status) VALUES ('Tyshawn44@yahoo.com', 13, '2020-10-16T03:41:20.948Z', '2020-10-17T13:34:16.630Z', true, 'delivery', 'Mafalda23@yahoo.com', 'Reilly', 'confirmed');
INSERT INTO bid (ct_email, ct_price, start_date, end_date, is_cash, transport_method, pet_owner, pet_name, bid_status) VALUES ('Rae.McKenzie@hotmail.com', 8, '2020-10-16T03:41:20.948Z', '2020-10-17T13:34:16.630Z', true, 'delivery', 'Hadley_Brakus81@gmail.com', 'Coy', 'confirmed');
INSERT INTO bid (ct_email, ct_price, start_date, end_date, is_cash, transport_method, pet_owner, pet_name, bid_status) VALUES ('Gerardo78@yahoo.com', 18, '2020-10-16T03:41:20.948Z', '2020-10-17T13:34:16.630Z', true, 'pcs', 'Caroline.Hane@gmail.com', 'Geo', 'confirmed');
INSERT INTO bid (ct_email, ct_price, start_date, end_date, is_cash, transport_method, pet_owner, pet_name, bid_status) VALUES ('Sven71@yahoo.com', 2, '2020-10-16T03:41:20.948Z', '2020-10-17T13:34:16.630Z', true, 'pcs', 'Susie.Kautzer@gmail.com', 'Marques', 'confirmed');
INSERT INTO bid (ct_email, ct_price, start_date, end_date, is_cash, transport_method, pet_owner, pet_name, bid_status) VALUES ('Golda.Emmerich60@hotmail.com', 15, '2020-10-16T03:41:20.948Z', '2020-10-17T13:34:16.630Z', true, 'delivery', 'Chauncey96@hotmail.com', 'Meghan', 'confirmed');
INSERT INTO bid (ct_email, ct_price, start_date, end_date, is_cash, transport_method, pet_owner, pet_name, bid_status) VALUES ('Rudolph17@hotmail.com', 8, '2020-10-16T03:41:20.948Z', '2020-10-17T13:34:16.630Z', true, 'pcs', 'Kaci.Lowe48@gmail.com', 'May', 'confirmed');
INSERT INTO bid (ct_email, ct_price, start_date, end_date, is_cash, transport_method, pet_owner, pet_name, bid_status) VALUES ('Blaze.Zulauf@gmail.com', 13, '2020-10-16T03:41:20.948Z', '2020-10-17T13:34:16.630Z', true, 'delivery', 'Montana95@hotmail.com', 'Alejandra', 'confirmed');
INSERT INTO bid (ct_email, ct_price, start_date, end_date, is_cash, transport_method, pet_owner, pet_name, bid_status) VALUES ('Amy30@yahoo.com', 17, '2020-10-16T03:41:20.948Z', '2020-10-17T13:34:16.630Z', true, 'delivery', 'Maddison62@hotmail.com', 'Mylene', 'confirmed');
INSERT INTO bid (ct_email, ct_price, start_date, end_date, is_cash, transport_method, pet_owner, pet_name, bid_status) VALUES ('Precious_Terry@yahoo.com', 1, '2020-10-16T03:41:20.948Z', '2020-10-17T13:34:16.630Z', true, 'delivery', 'Selena.Flatley98@gmail.com', 'Noe', 'confirmed');
INSERT INTO bid (ct_email, ct_price, start_date, end_date, is_cash, transport_method, pet_owner, pet_name, bid_status) VALUES ('Valentina60@hotmail.com', 7, '2020-10-16T03:41:20.948Z', '2020-10-17T13:34:16.630Z', true, 'pickup', 'Domenic.Jakubowski@yahoo.com', 'Jevon', 'confirmed');
INSERT INTO bid (ct_email, ct_price, start_date, end_date, is_cash, transport_method, pet_owner, pet_name, bid_status) VALUES ('Hilton.Jakubowski@yahoo.com', 2, '2020-10-16T03:41:20.948Z', '2020-10-17T13:34:16.630Z', true, 'pcs', 'Madisen28@hotmail.com', 'Lavada', 'confirmed');
INSERT INTO bid (ct_email, ct_price, start_date, end_date, is_cash, transport_method, pet_owner, pet_name, bid_status) VALUES ('Javon.Torphy34@hotmail.com', 11, '2020-10-16T03:41:20.948Z', '2020-10-17T13:34:16.630Z', true, 'delivery', 'Darwin38@yahoo.com', 'Laisha', 'confirmed');
INSERT INTO bid (ct_email, ct_price, start_date, end_date, is_cash, transport_method, pet_owner, pet_name, bid_status) VALUES ('Nico9@gmail.com', 20, '2020-10-16T03:41:20.948Z', '2020-10-17T13:34:16.630Z', true, 'delivery', 'Ole85@gmail.com', 'Joy', 'confirmed');
INSERT INTO bid (ct_email, ct_price, start_date, end_date, is_cash, transport_method, pet_owner, pet_name, bid_status) VALUES ('Augustus_Osinski@hotmail.com', 5, '2020-10-16T03:41:20.948Z', '2020-10-17T13:34:16.630Z', true, 'delivery', 'Sammie.Lueilwitz18@hotmail.com', 'Kayla', 'confirmed');
INSERT INTO bid (ct_email, ct_price, start_date, end_date, is_cash, transport_method, pet_owner, pet_name, bid_status) VALUES ('Neal.Schuster67@hotmail.com', 1, '2020-10-16T03:41:20.948Z', '2020-10-17T13:34:16.630Z', true, 'pcs', 'Jay15@gmail.com', 'Dortha', 'confirmed');
INSERT INTO bid (ct_email, ct_price, start_date, end_date, is_cash, transport_method, pet_owner, pet_name, bid_status) VALUES ('Emmie_Dicki@hotmail.com', 15, '2020-10-16T03:41:20.948Z', '2020-10-17T13:34:16.630Z', true, 'pickup', 'Mauricio58@gmail.com', 'Elian', 'confirmed');
INSERT INTO bid (ct_email, ct_price, start_date, end_date, is_cash, transport_method, pet_owner, pet_name, bid_status) VALUES ('Annie90@hotmail.com', 18, '2020-10-16T03:41:20.948Z', '2020-10-17T13:34:16.630Z', true, 'pickup', 'Enos.Reilly@hotmail.com', 'Gianni', 'confirmed');
INSERT INTO bid (ct_email, ct_price, start_date, end_date, is_cash, transport_method, pet_owner, pet_name, bid_status) VALUES ('Justyn.Heidenreich18@hotmail.com', 16, '2020-10-16T03:41:20.948Z', '2020-10-17T13:34:16.630Z', true, 'pickup', 'Jack31@gmail.com', 'Krystina', 'confirmed');
INSERT INTO bid (ct_email, ct_price, start_date, end_date, is_cash, transport_method, pet_owner, pet_name, bid_status) VALUES ('Kelsie.Herzog98@yahoo.com', 12, '2020-10-16T03:41:20.948Z', '2020-10-17T13:34:16.630Z', true, 'pcs', 'Adrienne97@gmail.com', 'Adolphus', 'confirmed');
INSERT INTO bid (ct_email, ct_price, start_date, end_date, is_cash, transport_method, pet_owner, pet_name, bid_status) VALUES ('Makenzie_Block21@yahoo.com', 18, '2020-10-16T03:41:20.948Z', '2020-10-17T13:34:16.630Z', true, 'pickup', 'Evans_Dickinson@gmail.com', 'Shanon', 'confirmed');
INSERT INTO bid (ct_email, ct_price, start_date, end_date, is_cash, transport_method, pet_owner, pet_name, bid_status) VALUES ('Noe.Larson@gmail.com', 2, '2020-10-16T03:41:20.948Z', '2020-10-17T13:34:16.630Z', true, 'delivery', 'Saige_Quigley@yahoo.com', 'Hiram', 'confirmed');
INSERT INTO bid (ct_email, ct_price, start_date, end_date, is_cash, transport_method, pet_owner, pet_name, bid_status) VALUES ('Madelyn21@yahoo.com', 11, '2020-10-16T03:41:20.948Z', '2020-10-17T13:34:16.630Z', true, 'delivery', 'Lowell86@hotmail.com', 'Reta', 'confirmed');
INSERT INTO bid (ct_email, ct_price, start_date, end_date, is_cash, transport_method, pet_owner, pet_name, bid_status) VALUES ('Alena_Johns@hotmail.com', 17, '2020-10-16T03:41:20.948Z', '2020-10-17T13:34:16.630Z', true, 'pcs', 'Neal50@yahoo.com', 'Rylan', 'confirmed');
INSERT INTO bid (ct_email, ct_price, start_date, end_date, is_cash, transport_method, pet_owner, pet_name, bid_status) VALUES ('Jackson59@gmail.com', 14, '2020-10-16T03:41:20.948Z', '2020-10-17T13:34:16.630Z', true, 'pickup', 'Clay_Wuckert@yahoo.com', 'Georgette', 'confirmed');
INSERT INTO bid (ct_email, ct_price, start_date, end_date, is_cash, transport_method, pet_owner, pet_name, bid_status) VALUES ('Yesenia_Reynolds@gmail.com', 1, '2020-10-16T03:41:20.948Z', '2020-10-17T13:34:16.630Z', true, 'delivery', 'Leonie.Bartell11@yahoo.com', 'Cordell', 'confirmed');
INSERT INTO bid (ct_email, ct_price, start_date, end_date, is_cash, transport_method, pet_owner, pet_name, bid_status) VALUES ('Kaleb24@gmail.com', 12, '2020-10-16T03:41:20.948Z', '2020-10-17T13:34:16.630Z', true, 'pickup', 'Madisen_Reichel@yahoo.com', 'Kadin', 'confirmed');
INSERT INTO bid (ct_email, ct_price, start_date, end_date, is_cash, transport_method, pet_owner, pet_name, bid_status) VALUES ('Herbert_Hamill10@yahoo.com', 5, '2020-10-16T03:41:20.948Z', '2020-10-17T13:34:16.630Z', true, 'pickup', 'Nella91@yahoo.com', 'Virgil', 'confirmed');
INSERT INTO bid (ct_email, ct_price, start_date, end_date, is_cash, transport_method, pet_owner, pet_name, bid_status) VALUES ('Mara_Pagac93@gmail.com', 3, '2020-10-16T03:41:20.948Z', '2020-10-17T13:34:16.630Z', true, 'pcs', 'Greta_OConnell25@hotmail.com', 'Tatum', 'confirmed');
INSERT INTO bid (ct_email, ct_price, start_date, end_date, is_cash, transport_method, pet_owner, pet_name, bid_status) VALUES ('Jackeline.Schmeler28@yahoo.com', 15, '2020-10-16T03:41:20.948Z', '2020-10-17T13:34:16.630Z', true, 'pcs', 'Gretchen.Armstrong35@gmail.com', 'Timmy', 'confirmed');
INSERT INTO bid (ct_email, ct_price, start_date, end_date, is_cash, transport_method, pet_owner, pet_name, bid_status) VALUES ('Raleigh_Rosenbaum49@gmail.com', 17, '2020-10-16T03:41:20.948Z', '2020-10-17T13:34:16.630Z', true, 'delivery', 'Magali_Wiza@gmail.com', 'Kennedy', 'confirmed');
INSERT INTO bid (ct_email, ct_price, start_date, end_date, is_cash, transport_method, pet_owner, pet_name, bid_status) VALUES ('Kadin.Wolff13@gmail.com', 18, '2020-10-16T03:41:20.948Z', '2020-10-17T13:34:16.630Z', true, 'pickup', 'Haven.Swift32@hotmail.com', 'Ebony', 'confirmed');
INSERT INTO bid (ct_email, ct_price, start_date, end_date, is_cash, transport_method, pet_owner, pet_name, bid_status) VALUES ('Garfield_Schuppe@gmail.com', 0, '2020-10-16T03:41:20.948Z', '2020-10-17T13:34:16.630Z', true, 'delivery', 'Ferne.Reichert@hotmail.com', 'Devonte', 'confirmed');
INSERT INTO bid (ct_email, ct_price, start_date, end_date, is_cash, transport_method, pet_owner, pet_name, bid_status) VALUES ('Bella71@hotmail.com', 3, '2020-10-16T03:41:20.948Z', '2020-10-17T13:34:16.630Z', true, 'delivery', 'Rory_Zulauf49@yahoo.com', 'Kory', 'confirmed');
INSERT INTO bid (ct_email, ct_price, start_date, end_date, is_cash, transport_method, pet_owner, pet_name, bid_status) VALUES ('Damon.Monahan@yahoo.com', 10, '2020-10-16T03:41:20.948Z', '2020-10-17T13:34:16.630Z', true, 'delivery', 'Sadie42@hotmail.com', 'Geo', 'confirmed');
INSERT INTO bid (ct_email, ct_price, start_date, end_date, is_cash, transport_method, pet_owner, pet_name, bid_status) VALUES ('Josefa_Funk@gmail.com', 10, '2020-10-16T03:41:20.948Z', '2020-10-17T13:34:16.630Z', true, 'delivery', 'Eveline.Howell36@yahoo.com', 'Chelsea', 'confirmed');
INSERT INTO bid (ct_email, ct_price, start_date, end_date, is_cash, transport_method, pet_owner, pet_name, bid_status) VALUES ('Clarabelle_Hammes@gmail.com', 3, '2020-10-16T03:41:20.948Z', '2020-10-17T13:34:16.630Z', true, 'delivery', 'Alexandrea96@gmail.com', 'Lindsey', 'confirmed');
INSERT INTO bid (ct_email, ct_price, start_date, end_date, is_cash, transport_method, pet_owner, pet_name, bid_status) VALUES ('Theo.Hackett@gmail.com', 19, '2020-10-16T03:41:20.948Z', '2020-10-17T13:34:16.630Z', true, 'pcs', 'Etha_Altenwerth74@gmail.com', 'Casandra', 'confirmed');
INSERT INTO bid (ct_email, ct_price, start_date, end_date, is_cash, transport_method, pet_owner, pet_name, bid_status) VALUES ('Margarete7@yahoo.com', 15, '2020-10-16T03:41:20.948Z', '2020-10-17T13:34:16.630Z', true, 'pickup', 'Stephen_Rath18@gmail.com', 'Danielle', 'confirmed');
INSERT INTO bid (ct_email, ct_price, start_date, end_date, is_cash, transport_method, pet_owner, pet_name, bid_status) VALUES ('Kimberly.Hills38@gmail.com', 5, '2020-10-16T03:41:20.948Z', '2020-10-17T13:34:16.630Z', true, 'delivery', 'Herbert_Hamill10@yahoo.com', 'Luella', 'confirmed');
INSERT INTO bid (ct_email, ct_price, start_date, end_date, is_cash, transport_method, pet_owner, pet_name, bid_status) VALUES ('Eugene2@yahoo.com', 11, '2020-10-16T03:41:20.948Z', '2020-10-17T13:34:16.630Z', true, 'pcs', 'Lamont_Hackett@yahoo.com', 'Cristopher', 'confirmed');
INSERT INTO bid (ct_email, ct_price, start_date, end_date, is_cash, transport_method, pet_owner, pet_name, bid_status) VALUES ('Dianna67@hotmail.com', 17, '2020-10-16T03:41:20.948Z', '2020-10-17T13:34:16.630Z', true, 'delivery', 'Orrin8@yahoo.com', 'Jovani', 'confirmed');
INSERT INTO bid (ct_email, ct_price, start_date, end_date, is_cash, transport_method, pet_owner, pet_name, bid_status) VALUES ('Wallace43@gmail.com', 6, '2020-10-16T03:41:20.948Z', '2020-10-17T13:34:16.630Z', true, 'delivery', 'Antonette.Boyer@gmail.com', 'Onie', 'confirmed');
INSERT INTO bid (ct_email, ct_price, start_date, end_date, is_cash, transport_method, pet_owner, pet_name, bid_status) VALUES ('Rhianna_Ledner@gmail.com', 9, '2020-10-16T03:41:20.948Z', '2020-10-17T13:34:16.630Z', true, 'pickup', 'Rodrigo.Hand59@yahoo.com', 'Tracy', 'confirmed');
INSERT INTO bid (ct_email, ct_price, start_date, end_date, is_cash, transport_method, pet_owner, pet_name, bid_status) VALUES ('Raleigh96@yahoo.com', 1, '2020-10-16T03:41:20.948Z', '2020-10-17T13:34:16.630Z', true, 'pickup', 'Jarvis.Schneider7@hotmail.com', 'Jedediah', 'confirmed');
INSERT INTO bid (ct_email, ct_price, start_date, end_date, is_cash, transport_method, pet_owner, pet_name, bid_status) VALUES ('Marianna_Hilpert@gmail.com', 19, '2020-10-16T03:41:20.948Z', '2020-10-17T13:34:16.630Z', true, 'delivery', 'Quinn.Ankunding@yahoo.com', 'Janessa', 'confirmed');
INSERT INTO bid (ct_email, ct_price, start_date, end_date, is_cash, transport_method, pet_owner, pet_name, bid_status) VALUES ('Weston.Price73@yahoo.com', 8, '2020-10-16T03:41:20.948Z', '2020-10-17T13:34:16.630Z', true, 'pickup', 'Vena.Schmeler65@hotmail.com', 'Vinnie', 'confirmed');
INSERT INTO bid (ct_email, ct_price, start_date, end_date, is_cash, transport_method, pet_owner, pet_name, bid_status) VALUES ('Michaela59@yahoo.com', 15, '2020-10-16T03:41:20.948Z', '2020-10-17T13:34:16.630Z', true, 'delivery', 'Darwin38@yahoo.com', 'Kathleen', 'confirmed');
UPDATE bid SET (bid_status, rating, feedback) = ('reviewed', 4, 'Et nobis et dolores in voluptatem totam quia in magni. Ipsam nobis omnis repellendus sed molestias deleniti consequatur.') WHERE ct_email = 'Dustin_Thompson48@yahoo.com' AND pet_owner = 'Chadd_Carter25@hotmail.com' AND pet_name = 'Hassan' AND start_date = Date('2020-10-16T03:41:20.948Z') AND end_date = Date('2020-10-17T13:34:16.630Z');
UPDATE bid SET (bid_status, rating, feedback) = ('reviewed', 3, 'Accusantium tenetur repellat sit porro voluptates distinctio est. Suscipit inventore ea harum autem.') WHERE ct_email = 'Easton.Collier10@yahoo.com' AND pet_owner = 'Thad.Reichel@yahoo.com' AND pet_name = 'Cristobal' AND start_date = Date('2020-10-16T03:41:20.948Z') AND end_date = Date('2020-10-17T13:34:16.630Z');
UPDATE bid SET (bid_status, rating, feedback) = ('reviewed', 5, 'Eius eos temporibus. Dolorem ad consectetur.') WHERE ct_email = 'Lisette35@hotmail.com' AND pet_owner = 'Annie90@hotmail.com' AND pet_name = 'Richie' AND start_date = Date('2020-10-16T03:41:20.948Z') AND end_date = Date('2020-10-17T13:34:16.630Z');
UPDATE bid SET (bid_status, rating, feedback) = ('reviewed', 5, 'Rerum placeat tenetur reiciendis dolorem. Autem incidunt ullam dolores eveniet in corrupti ut veritatis ut.') WHERE ct_email = 'Elda.Huels33@hotmail.com' AND pet_owner = 'Blaze.Zulauf@gmail.com' AND pet_name = 'Hubert' AND start_date = Date('2020-10-16T03:41:20.948Z') AND end_date = Date('2020-10-17T13:34:16.630Z');
UPDATE bid SET (bid_status, rating, feedback) = ('reviewed', 5, 'Ipsam adipisci ad voluptatem aut eaque. Unde voluptatum voluptatem.') WHERE ct_email = 'Kiel_Klocko13@hotmail.com' AND pet_owner = 'Brittany_Carter87@hotmail.com' AND pet_name = 'Lisandro' AND start_date = Date('2020-10-16T03:41:20.948Z') AND end_date = Date('2020-10-17T13:34:16.630Z');
UPDATE bid SET (bid_status, rating, feedback) = ('reviewed', 5, 'Quo esse consequuntur nesciunt atque ipsam repellat aut. Rem unde earum optio quos.') WHERE ct_email = 'Jocelyn_Beer@gmail.com' AND pet_owner = 'Brycen80@yahoo.com' AND pet_name = 'Camren' AND start_date = Date('2020-10-16T03:41:20.948Z') AND end_date = Date('2020-10-17T13:34:16.630Z');
UPDATE bid SET (bid_status, rating, feedback) = ('reviewed', 4, 'Dicta necessitatibus aut repellendus exercitationem consequatur cum eveniet ea. Eveniet neque aut exercitationem quaerat animi nihil sit excepturi quos.') WHERE ct_email = 'Stephania_Hodkiewicz72@hotmail.com' AND pet_owner = 'Clemmie.Satterfield@yahoo.com' AND pet_name = 'Miller' AND start_date = Date('2020-10-16T03:41:20.948Z') AND end_date = Date('2020-10-17T13:34:16.630Z');
UPDATE bid SET (bid_status, rating, feedback) = ('reviewed', 5, 'Culpa est dolores quos sit enim delectus tempora. Explicabo quo hic omnis enim laborum mollitia.') WHERE ct_email = 'Zachariah_Bahringer35@yahoo.com' AND pet_owner = 'Cecilia_Nikolaus35@yahoo.com' AND pet_name = 'Cecile' AND start_date = Date('2020-10-16T03:41:20.948Z') AND end_date = Date('2020-10-17T13:34:16.630Z');
UPDATE bid SET (bid_status, rating, feedback) = ('reviewed', 4, 'Quibusdam et quia ratione. Molestiae porro eum magnam amet vel sit.') WHERE ct_email = 'Chadrick.Wuckert@yahoo.com' AND pet_owner = 'Josefa_Funk@gmail.com' AND pet_name = 'Ottilie' AND start_date = Date('2020-10-16T03:41:20.948Z') AND end_date = Date('2020-10-17T13:34:16.630Z');
UPDATE bid SET (bid_status, rating, feedback) = ('reviewed', 3, 'Aut facilis odit. Dolorem quasi accusamus illo voluptatem ut.') WHERE ct_email = 'Lon47@yahoo.com' AND pet_owner = 'Libby_Barrows@hotmail.com' AND pet_name = 'Davin' AND start_date = Date('2020-10-16T03:41:20.948Z') AND end_date = Date('2020-10-17T13:34:16.630Z');
UPDATE bid SET (bid_status, rating, feedback) = ('reviewed', 3, 'Commodi est distinctio nemo nihil tempora nam rerum debitis et. Culpa qui velit soluta.') WHERE ct_email = 'Aiden.Sporer@hotmail.com' AND pet_owner = 'Layla_Ernser27@gmail.com' AND pet_name = 'Noemy' AND start_date = Date('2020-10-16T03:41:20.948Z') AND end_date = Date('2020-10-17T13:34:16.630Z');
UPDATE bid SET (bid_status, rating, feedback) = ('reviewed', 5, 'Aperiam accusamus officia consectetur veritatis. Debitis aut magni soluta.') WHERE ct_email = 'Gillian69@gmail.com' AND pet_owner = 'Shanny_Koss60@yahoo.com' AND pet_name = 'Jaclyn' AND start_date = Date('2020-10-16T03:41:20.948Z') AND end_date = Date('2020-10-17T13:34:16.630Z');
UPDATE bid SET (bid_status, rating, feedback) = ('reviewed', 4, 'Quibusdam corrupti ipsam. Omnis quisquam eius aperiam exercitationem libero odio repudiandae eligendi.') WHERE ct_email = 'Elmira.Murray@hotmail.com' AND pet_owner = 'Berenice.Hirthe@yahoo.com' AND pet_name = 'Esmeralda' AND start_date = Date('2020-10-16T03:41:20.948Z') AND end_date = Date('2020-10-17T13:34:16.630Z');
UPDATE bid SET (bid_status, rating, feedback) = ('reviewed', 4, 'Deleniti consectetur officia corporis dolorem iusto eaque libero in. Sit iure nobis aut suscipit beatae aut consectetur a.') WHERE ct_email = 'Jeffrey.Ebert@gmail.com' AND pet_owner = 'Berta.Schneider@gmail.com' AND pet_name = 'Maggie' AND start_date = Date('2020-10-16T03:41:20.948Z') AND end_date = Date('2020-10-17T13:34:16.630Z');
UPDATE bid SET (bid_status, rating, feedback) = ('reviewed', 4, 'Adipisci totam numquam ea commodi. Voluptas perferendis eaque.') WHERE ct_email = 'Loy85@gmail.com' AND pet_owner = 'Britney_Dooley@hotmail.com' AND pet_name = 'Orlo' AND start_date = Date('2020-10-16T03:41:20.948Z') AND end_date = Date('2020-10-17T13:34:16.630Z');
UPDATE bid SET (bid_status, rating, feedback) = ('reviewed', 3, 'Dolores doloribus quas nesciunt dolores unde quia et ex. Labore officia et earum facilis unde molestiae libero.') WHERE ct_email = 'Dudley.Schaefer38@yahoo.com' AND pet_owner = 'Leopold22@yahoo.com' AND pet_name = 'Kenton' AND start_date = Date('2020-10-16T03:41:20.948Z') AND end_date = Date('2020-10-17T13:34:16.630Z');
UPDATE bid SET (bid_status, rating, feedback) = ('reviewed', 4, 'Omnis autem voluptatibus fuga cupiditate. Voluptatem voluptatem earum quisquam at voluptas.') WHERE ct_email = 'King82@yahoo.com' AND pet_owner = 'Demetris91@gmail.com' AND pet_name = 'Lora' AND start_date = Date('2020-10-16T03:41:20.948Z') AND end_date = Date('2020-10-17T13:34:16.630Z');
UPDATE bid SET (bid_status, rating, feedback) = ('reviewed', 3, 'Facilis distinctio ipsum deserunt reprehenderit fuga et et voluptatem reiciendis. Voluptatem sapiente enim omnis vel velit.') WHERE ct_email = 'Leilani_Schulist@yahoo.com' AND pet_owner = 'Dianna67@hotmail.com' AND pet_name = 'Cayla' AND start_date = Date('2020-10-16T03:41:20.948Z') AND end_date = Date('2020-10-17T13:34:16.630Z');
UPDATE bid SET (bid_status, rating, feedback) = ('reviewed', 5, 'Et qui et sunt hic corrupti nemo exercitationem. Qui sapiente aperiam officia distinctio.') WHERE ct_email = 'Hester7@hotmail.com' AND pet_owner = 'April21@hotmail.com' AND pet_name = 'Vernie' AND start_date = Date('2020-10-16T03:41:20.948Z') AND end_date = Date('2020-10-17T13:34:16.630Z');
UPDATE bid SET (bid_status, rating, feedback) = ('reviewed', 5, 'Nisi aut consequatur. Exercitationem id voluptatem accusamus officiis.') WHERE ct_email = 'Ofelia.Aufderhar@yahoo.com' AND pet_owner = 'Furman12@hotmail.com' AND pet_name = 'Kole' AND start_date = Date('2020-10-16T03:41:20.948Z') AND end_date = Date('2020-10-17T13:34:16.630Z');
UPDATE bid SET (bid_status, rating, feedback) = ('reviewed', 5, 'Tempore vitae dolores repellendus aliquid reiciendis numquam recusandae. Sint ipsam vel quidem.') WHERE ct_email = 'Vena.Schmeler65@hotmail.com' AND pet_owner = 'Susie.Kautzer@gmail.com' AND pet_name = 'Pascale' AND start_date = Date('2020-10-16T03:41:20.948Z') AND end_date = Date('2020-10-17T13:34:16.630Z');
UPDATE bid SET (bid_status, rating, feedback) = ('reviewed', 5, 'Consequatur ab quisquam accusamus dolores laborum animi ea sed. Qui fugiat et.') WHERE ct_email = 'Providenci59@hotmail.com' AND pet_owner = 'Narciso38@yahoo.com' AND pet_name = 'Bert' AND start_date = Date('2020-10-16T03:41:20.948Z') AND end_date = Date('2020-10-17T13:34:16.630Z');
UPDATE bid SET (bid_status, rating, feedback) = ('reviewed', 4, 'Eos iure nostrum quod. Voluptatum aut qui.') WHERE ct_email = 'Iva38@yahoo.com' AND pet_owner = 'Allen53@hotmail.com' AND pet_name = 'Russel' AND start_date = Date('2020-10-16T03:41:20.948Z') AND end_date = Date('2020-10-17T13:34:16.630Z');
UPDATE bid SET (bid_status, rating, feedback) = ('reviewed', 4, 'Explicabo et rerum et enim perferendis voluptates quas. Non veniam similique beatae ut enim qui.') WHERE ct_email = 'Kavon79@hotmail.com' AND pet_owner = 'Alfreda.Ondricka@gmail.com' AND pet_name = 'Christine' AND start_date = Date('2020-10-16T03:41:20.948Z') AND end_date = Date('2020-10-17T13:34:16.630Z');
UPDATE bid SET (bid_status, rating, feedback) = ('reviewed', 4, 'Debitis aut aperiam omnis rerum perferendis ex cupiditate. Voluptatem qui architecto voluptatem a aperiam impedit nesciunt quia.') WHERE ct_email = 'Frida.Mueller@hotmail.com' AND pet_owner = 'Louisa37@hotmail.com' AND pet_name = 'Jettie' AND start_date = Date('2020-10-16T03:41:20.948Z') AND end_date = Date('2020-10-17T13:34:16.630Z');
UPDATE bid SET (bid_status, rating, feedback) = ('reviewed', 5, 'Repellendus dolorum autem architecto sit doloremque non et sapiente amet. Sunt nobis quaerat eum laboriosam eum exercitationem mollitia neque.') WHERE ct_email = 'Amya_Jaskolski15@yahoo.com' AND pet_owner = 'Wallace.Bogan75@gmail.com' AND pet_name = 'Sasha' AND start_date = Date('2020-10-16T03:41:20.948Z') AND end_date = Date('2020-10-17T13:34:16.630Z');
UPDATE bid SET (bid_status, rating, feedback) = ('reviewed', 3, 'Dignissimos rerum est molestiae at nulla perspiciatis. Est culpa voluptatem accusamus asperiores ea.') WHERE ct_email = 'Valentina40@hotmail.com' AND pet_owner = 'Broderick.Abernathy@gmail.com' AND pet_name = 'Akeem' AND start_date = Date('2020-10-16T03:41:20.948Z') AND end_date = Date('2020-10-17T13:34:16.630Z');
UPDATE bid SET (bid_status, rating, feedback) = ('reviewed', 4, 'Veniam deleniti nisi. Enim saepe doloribus error iure molestiae.') WHERE ct_email = 'Carlotta4@gmail.com' AND pet_owner = 'Oleta.Muller64@yahoo.com' AND pet_name = 'Americo' AND start_date = Date('2020-10-16T03:41:20.948Z') AND end_date = Date('2020-10-17T13:34:16.630Z');
UPDATE bid SET (bid_status, rating, feedback) = ('reviewed', 3, 'Alias fugit harum quod magnam quo sed ipsum. Dicta fuga sequi totam cumque rem et.') WHERE ct_email = 'Richard_Ritchie@hotmail.com' AND pet_owner = 'Florence_Funk@yahoo.com' AND pet_name = 'Emery' AND start_date = Date('2020-10-16T03:41:20.948Z') AND end_date = Date('2020-10-17T13:34:16.630Z');
UPDATE bid SET (bid_status, rating, feedback) = ('reviewed', 4, 'Qui laboriosam vero sed. Eveniet illo sit porro veritatis tenetur corrupti quia cupiditate quia.') WHERE ct_email = 'Leatha_Runolfsdottir@hotmail.com' AND pet_owner = 'Adella_West37@yahoo.com' AND pet_name = 'Myra' AND start_date = Date('2020-10-16T03:41:20.948Z') AND end_date = Date('2020-10-17T13:34:16.630Z');
UPDATE bid SET (bid_status, rating, feedback) = ('reviewed', 3, 'Magni voluptates voluptatem incidunt enim. Suscipit commodi necessitatibus deserunt et optio earum.') WHERE ct_email = 'Jaren98@hotmail.com' AND pet_owner = 'Saige_Quigley@yahoo.com' AND pet_name = 'Mckenna' AND start_date = Date('2020-10-16T03:41:20.948Z') AND end_date = Date('2020-10-17T13:34:16.630Z');
UPDATE bid SET (bid_status, rating, feedback) = ('reviewed', 3, 'Facilis et itaque est labore recusandae. Cupiditate sint aliquid qui at eaque unde sint.') WHERE ct_email = 'Jerod.Brakus2@gmail.com' AND pet_owner = 'Tanya_Block34@hotmail.com' AND pet_name = 'Matteo' AND start_date = Date('2020-10-16T03:41:20.948Z') AND end_date = Date('2020-10-17T13:34:16.630Z');
UPDATE bid SET (bid_status, rating, feedback) = ('reviewed', 3, 'Beatae nisi maiores ut dolorum ea sint pariatur accusamus suscipit. Consequatur et nihil suscipit ipsam aperiam voluptatibus.') WHERE ct_email = 'Garrison.Dickinson@hotmail.com' AND pet_owner = 'Annie.Balistreri@gmail.com' AND pet_name = 'Kelli' AND start_date = Date('2020-10-16T03:41:20.948Z') AND end_date = Date('2020-10-17T13:34:16.630Z');
UPDATE bid SET (bid_status, rating, feedback) = ('reviewed', 4, 'Dolores atque est sunt fugit dolores in quis. Et impedit animi fuga.') WHERE ct_email = 'Nelson.Corkery87@gmail.com' AND pet_owner = 'Josefa_Funk@gmail.com' AND pet_name = 'Randal' AND start_date = Date('2020-10-16T03:41:20.948Z') AND end_date = Date('2020-10-17T13:34:16.630Z');
UPDATE bid SET (bid_status, rating, feedback) = ('reviewed', 5, 'Repudiandae eum consectetur iusto sint rerum. Hic maiores dolor totam provident enim occaecati neque ipsam.') WHERE ct_email = 'Clay_Wuckert@yahoo.com' AND pet_owner = 'Chadd25@gmail.com' AND pet_name = 'Frida' AND start_date = Date('2020-10-16T03:41:20.948Z') AND end_date = Date('2020-10-17T13:34:16.630Z');
UPDATE bid SET (bid_status, rating, feedback) = ('reviewed', 3, 'Consequatur unde laudantium illo pariatur quasi nesciunt odit. Nulla ducimus perspiciatis esse.') WHERE ct_email = 'Thad.King59@yahoo.com' AND pet_owner = 'Rahul.Romaguera@hotmail.com' AND pet_name = 'Vergie' AND start_date = Date('2020-10-16T03:41:20.948Z') AND end_date = Date('2020-10-17T13:34:16.630Z');
UPDATE bid SET (bid_status, rating, feedback) = ('reviewed', 4, 'Repudiandae architecto molestias ullam. Ex cumque ea minima.') WHERE ct_email = 'Breana.Kuhn@gmail.com' AND pet_owner = 'Hallie_Wiegand7@hotmail.com' AND pet_name = 'Brody' AND start_date = Date('2020-10-16T03:41:20.948Z') AND end_date = Date('2020-10-17T13:34:16.630Z');
UPDATE bid SET (bid_status, rating, feedback) = ('reviewed', 4, 'Quas ut quia aut doloremque corrupti in odio. Dolorem illo saepe laboriosam non ad velit culpa illum omnis.') WHERE ct_email = 'Bernadine_Wisozk58@yahoo.com' AND pet_owner = 'Chester.Turner79@yahoo.com' AND pet_name = 'Marcus' AND start_date = Date('2020-10-16T03:41:20.948Z') AND end_date = Date('2020-10-17T13:34:16.630Z');
UPDATE bid SET (bid_status, rating, feedback) = ('reviewed', 5, 'Consequatur autem blanditiis. Aliquid id ut sed ipsum.') WHERE ct_email = 'Willie.Harvey7@yahoo.com' AND pet_owner = 'Hardy.Terry@gmail.com' AND pet_name = 'Nyasia' AND start_date = Date('2020-10-16T03:41:20.948Z') AND end_date = Date('2020-10-17T13:34:16.630Z');
UPDATE bid SET (bid_status, rating, feedback) = ('reviewed', 4, 'Repellat labore qui qui non voluptates aut quibusdam quisquam. Omnis tempora voluptatem sed et ipsa sunt.') WHERE ct_email = 'Ariane.Sanford@gmail.com' AND pet_owner = 'Tyrel_Beier83@yahoo.com' AND pet_name = 'Grady' AND start_date = Date('2020-10-16T03:41:20.948Z') AND end_date = Date('2020-10-17T13:34:16.630Z');
UPDATE bid SET (bid_status, rating, feedback) = ('reviewed', 3, 'Aliquid qui illo dolorem aut est. Doloribus impedit dignissimos in tenetur corporis et vel blanditiis.') WHERE ct_email = 'Itzel.Gorczany15@gmail.com' AND pet_owner = 'Margarete_McKenzie@yahoo.com' AND pet_name = 'Cora' AND start_date = Date('2020-10-16T03:41:20.948Z') AND end_date = Date('2020-10-17T13:34:16.630Z');
UPDATE bid SET (bid_status, rating, feedback) = ('reviewed', 5, 'Ut quasi est neque omnis omnis qui. Ut distinctio quasi sit veniam voluptatum perferendis tenetur consequuntur nulla.') WHERE ct_email = 'Flavie.West@gmail.com' AND pet_owner = 'Maddison62@hotmail.com' AND pet_name = 'Bertha' AND start_date = Date('2020-10-16T03:41:20.948Z') AND end_date = Date('2020-10-17T13:34:16.630Z');
UPDATE bid SET (bid_status, rating, feedback) = ('reviewed', 4, 'Maiores minus nisi voluptas minus ipsa molestiae. Ab aut placeat ipsa voluptates fugiat consectetur necessitatibus.') WHERE ct_email = 'Ila23@yahoo.com' AND pet_owner = 'Jewel.Bayer4@gmail.com' AND pet_name = 'Fae' AND start_date = Date('2020-10-16T03:41:20.948Z') AND end_date = Date('2020-10-17T13:34:16.630Z');
UPDATE bid SET (bid_status, rating, feedback) = ('reviewed', 3, 'Doloremque inventore culpa. Saepe dicta aliquam iusto occaecati et nobis ducimus et id.') WHERE ct_email = 'Hazel_Botsford@gmail.com' AND pet_owner = 'Ofelia.Aufderhar@yahoo.com' AND pet_name = 'Ashlynn' AND start_date = Date('2020-10-16T03:41:20.948Z') AND end_date = Date('2020-10-17T13:34:16.630Z');
UPDATE bid SET (bid_status, rating, feedback) = ('reviewed', 5, 'Quisquam doloremque dolorem eaque aut a velit nostrum. Ipsam fuga ad quisquam.') WHERE ct_email = 'Enos.OReilly76@gmail.com' AND pet_owner = 'Brian.Ernser15@yahoo.com' AND pet_name = 'Kris' AND start_date = Date('2020-10-16T03:41:20.948Z') AND end_date = Date('2020-10-17T13:34:16.630Z');
UPDATE bid SET (bid_status, rating, feedback) = ('reviewed', 5, 'Voluptatem quia quo. Tempora distinctio eaque repellendus cumque.') WHERE ct_email = 'Elian_Botsford@hotmail.com' AND pet_owner = 'Lowell86@hotmail.com' AND pet_name = 'Mona' AND start_date = Date('2020-10-16T03:41:20.948Z') AND end_date = Date('2020-10-17T13:34:16.630Z');
UPDATE bid SET (bid_status, rating, feedback) = ('reviewed', 5, 'Aperiam similique quam et omnis qui ut rerum est sed. Libero est quia velit aut quisquam ab.') WHERE ct_email = 'Emile_Johnson25@gmail.com' AND pet_owner = 'Kennedi59@hotmail.com' AND pet_name = 'Kaelyn' AND start_date = Date('2020-10-16T03:41:20.948Z') AND end_date = Date('2020-10-17T13:34:16.630Z');
UPDATE bid SET (bid_status, rating, feedback) = ('reviewed', 5, 'Laboriosam qui id neque ex. Aut quos quae soluta illum et omnis deserunt.') WHERE ct_email = 'Jed25@hotmail.com' AND pet_owner = 'Xavier_Adams@yahoo.com' AND pet_name = 'Lucile' AND start_date = Date('2020-10-16T03:41:20.948Z') AND end_date = Date('2020-10-17T13:34:16.630Z');
UPDATE bid SET (bid_status, rating, feedback) = ('reviewed', 5, 'Laborum aliquam rerum deserunt est id excepturi molestiae. Numquam omnis consequuntur est laborum aut recusandae corrupti.') WHERE ct_email = 'Cleve.Kunze91@yahoo.com' AND pet_owner = 'Gia92@gmail.com' AND pet_name = 'Ashleigh' AND start_date = Date('2020-10-16T03:41:20.948Z') AND end_date = Date('2020-10-17T13:34:16.630Z');
UPDATE bid SET (bid_status, rating, feedback) = ('reviewed', 3, 'Dolorum quos facilis non velit deleniti natus. Incidunt sunt sit fugit quo aliquid doloremque.') WHERE ct_email = 'Art39@gmail.com' AND pet_owner = 'Angus.Doyle@yahoo.com' AND pet_name = 'Melba' AND start_date = Date('2020-10-16T03:41:20.948Z') AND end_date = Date('2020-10-17T13:34:16.630Z');
UPDATE bid SET (bid_status, rating, feedback) = ('reviewed', 4, 'Delectus rerum ab fugit laboriosam non et nulla repellat aut. Facilis qui nam enim fugiat saepe cum et dolorem.') WHERE ct_email = 'Marion.Torp74@yahoo.com' AND pet_owner = 'Darien.Stroman64@hotmail.com' AND pet_name = 'Keely' AND start_date = Date('2020-10-16T03:41:20.948Z') AND end_date = Date('2020-10-17T13:34:16.630Z');
UPDATE bid SET (bid_status, rating, feedback) = ('reviewed', 5, 'Et sed sed non dolorem ut natus aliquid laudantium repellat. Consequatur neque et recusandae dolores laborum perspiciatis aut alias.') WHERE ct_email = 'Tyshawn44@yahoo.com' AND pet_owner = 'Mafalda23@yahoo.com' AND pet_name = 'Reilly' AND start_date = Date('2020-10-16T03:41:20.948Z') AND end_date = Date('2020-10-17T13:34:16.630Z');
UPDATE bid SET (bid_status, rating, feedback) = ('reviewed', 4, 'Doloremque ipsum doloribus. Quasi inventore quia expedita qui excepturi.') WHERE ct_email = 'Rae.McKenzie@hotmail.com' AND pet_owner = 'Hadley_Brakus81@gmail.com' AND pet_name = 'Coy' AND start_date = Date('2020-10-16T03:41:20.948Z') AND end_date = Date('2020-10-17T13:34:16.630Z');
UPDATE bid SET (bid_status, rating, feedback) = ('reviewed', 4, 'Velit rerum iusto. Dignissimos voluptates corrupti autem sint suscipit qui.') WHERE ct_email = 'Gerardo78@yahoo.com' AND pet_owner = 'Caroline.Hane@gmail.com' AND pet_name = 'Geo' AND start_date = Date('2020-10-16T03:41:20.948Z') AND end_date = Date('2020-10-17T13:34:16.630Z');
UPDATE bid SET (bid_status, rating, feedback) = ('reviewed', 3, 'Blanditiis assumenda rerum error saepe rem aut alias sunt reprehenderit. Illum et quae voluptatem consequatur et eius repudiandae a distinctio.') WHERE ct_email = 'Rudolph17@hotmail.com' AND pet_owner = 'Kaci.Lowe48@gmail.com' AND pet_name = 'May' AND start_date = Date('2020-10-16T03:41:20.948Z') AND end_date = Date('2020-10-17T13:34:16.630Z');
UPDATE bid SET (bid_status, rating, feedback) = ('reviewed', 4, 'Dolor beatae maxime quo aperiam illo possimus. Ut nisi corrupti et dolor.') WHERE ct_email = 'Blaze.Zulauf@gmail.com' AND pet_owner = 'Montana95@hotmail.com' AND pet_name = 'Alejandra' AND start_date = Date('2020-10-16T03:41:20.948Z') AND end_date = Date('2020-10-17T13:34:16.630Z');
UPDATE bid SET (bid_status, rating, feedback) = ('reviewed', 5, 'Sunt expedita quibusdam eius molestiae rerum voluptas. Non a dicta iusto iusto.') WHERE ct_email = 'Precious_Terry@yahoo.com' AND pet_owner = 'Selena.Flatley98@gmail.com' AND pet_name = 'Noe' AND start_date = Date('2020-10-16T03:41:20.948Z') AND end_date = Date('2020-10-17T13:34:16.630Z');
UPDATE bid SET (bid_status, rating, feedback) = ('reviewed', 3, 'Et consequatur veniam impedit. Molestias similique aperiam cum et assumenda quia qui.') WHERE ct_email = 'Javon.Torphy34@hotmail.com' AND pet_owner = 'Darwin38@yahoo.com' AND pet_name = 'Laisha' AND start_date = Date('2020-10-16T03:41:20.948Z') AND end_date = Date('2020-10-17T13:34:16.630Z');
UPDATE bid SET (bid_status, rating, feedback) = ('reviewed', 4, 'Quo voluptatem vero temporibus dolore sapiente. Voluptas laboriosam porro vel natus possimus.') WHERE ct_email = 'Augustus_Osinski@hotmail.com' AND pet_owner = 'Sammie.Lueilwitz18@hotmail.com' AND pet_name = 'Kayla' AND start_date = Date('2020-10-16T03:41:20.948Z') AND end_date = Date('2020-10-17T13:34:16.630Z');
UPDATE bid SET (bid_status, rating, feedback) = ('reviewed', 4, 'Molestiae quo officiis enim quisquam modi et id. Corporis in consequatur illo aut veritatis rerum recusandae sunt nemo.') WHERE ct_email = 'Emmie_Dicki@hotmail.com' AND pet_owner = 'Mauricio58@gmail.com' AND pet_name = 'Elian' AND start_date = Date('2020-10-16T03:41:20.948Z') AND end_date = Date('2020-10-17T13:34:16.630Z');
UPDATE bid SET (bid_status, rating, feedback) = ('reviewed', 4, 'Qui et laborum. Repellendus corporis sunt saepe exercitationem commodi vero non aut.') WHERE ct_email = 'Justyn.Heidenreich18@hotmail.com' AND pet_owner = 'Jack31@gmail.com' AND pet_name = 'Krystina' AND start_date = Date('2020-10-16T03:41:20.948Z') AND end_date = Date('2020-10-17T13:34:16.630Z');
UPDATE bid SET (bid_status, rating, feedback) = ('reviewed', 5, 'Quibusdam facilis saepe commodi quaerat aut pariatur. Dolorum omnis sequi accusantium.') WHERE ct_email = 'Noe.Larson@gmail.com' AND pet_owner = 'Saige_Quigley@yahoo.com' AND pet_name = 'Hiram' AND start_date = Date('2020-10-16T03:41:20.948Z') AND end_date = Date('2020-10-17T13:34:16.630Z');
UPDATE bid SET (bid_status, rating, feedback) = ('reviewed', 3, 'Sint ducimus dignissimos eum est incidunt tempore similique eos non. Ducimus eum omnis quia.') WHERE ct_email = 'Jackson59@gmail.com' AND pet_owner = 'Clay_Wuckert@yahoo.com' AND pet_name = 'Georgette' AND start_date = Date('2020-10-16T03:41:20.948Z') AND end_date = Date('2020-10-17T13:34:16.630Z');
UPDATE bid SET (bid_status, rating, feedback) = ('reviewed', 3, 'Necessitatibus consequuntur ut. Voluptas ut consequuntur ex.') WHERE ct_email = 'Mara_Pagac93@gmail.com' AND pet_owner = 'Greta_OConnell25@hotmail.com' AND pet_name = 'Tatum' AND start_date = Date('2020-10-16T03:41:20.948Z') AND end_date = Date('2020-10-17T13:34:16.630Z');
UPDATE bid SET (bid_status, rating, feedback) = ('reviewed', 4, 'Quod dolorem cumque ut tempore suscipit assumenda. In itaque vel debitis ut facere nesciunt non non.') WHERE ct_email = 'Garfield_Schuppe@gmail.com' AND pet_owner = 'Ferne.Reichert@hotmail.com' AND pet_name = 'Devonte' AND start_date = Date('2020-10-16T03:41:20.948Z') AND end_date = Date('2020-10-17T13:34:16.630Z');
UPDATE bid SET (bid_status, rating, feedback) = ('reviewed', 3, 'Tempore nihil excepturi illo. Illum possimus qui.') WHERE ct_email = 'Bella71@hotmail.com' AND pet_owner = 'Rory_Zulauf49@yahoo.com' AND pet_name = 'Kory' AND start_date = Date('2020-10-16T03:41:20.948Z') AND end_date = Date('2020-10-17T13:34:16.630Z');
UPDATE bid SET (bid_status, rating, feedback) = ('reviewed', 5, 'Cumque magni sapiente nam omnis. Voluptas facilis ut similique placeat deleniti expedita assumenda accusamus.') WHERE ct_email = 'Damon.Monahan@yahoo.com' AND pet_owner = 'Sadie42@hotmail.com' AND pet_name = 'Geo' AND start_date = Date('2020-10-16T03:41:20.948Z') AND end_date = Date('2020-10-17T13:34:16.630Z');
UPDATE bid SET (bid_status, rating, feedback) = ('reviewed', 4, 'Fuga provident eveniet aut sit libero nisi dolorem ut. Quisquam enim eos quasi ea enim.') WHERE ct_email = 'Clarabelle_Hammes@gmail.com' AND pet_owner = 'Alexandrea96@gmail.com' AND pet_name = 'Lindsey' AND start_date = Date('2020-10-16T03:41:20.948Z') AND end_date = Date('2020-10-17T13:34:16.630Z');
UPDATE bid SET (bid_status, rating, feedback) = ('reviewed', 4, 'Inventore id sunt voluptas. Minus suscipit non veritatis.') WHERE ct_email = 'Theo.Hackett@gmail.com' AND pet_owner = 'Etha_Altenwerth74@gmail.com' AND pet_name = 'Casandra' AND start_date = Date('2020-10-16T03:41:20.948Z') AND end_date = Date('2020-10-17T13:34:16.630Z');
UPDATE bid SET (bid_status, rating, feedback) = ('reviewed', 3, 'Voluptate et pariatur. Quia nesciunt numquam officia dolor.') WHERE ct_email = 'Margarete7@yahoo.com' AND pet_owner = 'Stephen_Rath18@gmail.com' AND pet_name = 'Danielle' AND start_date = Date('2020-10-16T03:41:20.948Z') AND end_date = Date('2020-10-17T13:34:16.630Z');
UPDATE bid SET (bid_status, rating, feedback) = ('reviewed', 5, 'Quo amet quam qui voluptas eius quia accusantium. Facilis nam numquam sit at explicabo delectus ea temporibus.') WHERE ct_email = 'Eugene2@yahoo.com' AND pet_owner = 'Lamont_Hackett@yahoo.com' AND pet_name = 'Cristopher' AND start_date = Date('2020-10-16T03:41:20.948Z') AND end_date = Date('2020-10-17T13:34:16.630Z');
UPDATE bid SET (bid_status, rating, feedback) = ('reviewed', 4, 'Expedita aut non repellendus similique. Quae sed aut nobis voluptatem quod rerum neque aliquid in.') WHERE ct_email = 'Dianna67@hotmail.com' AND pet_owner = 'Orrin8@yahoo.com' AND pet_name = 'Jovani' AND start_date = Date('2020-10-16T03:41:20.948Z') AND end_date = Date('2020-10-17T13:34:16.630Z');
UPDATE bid SET (bid_status, rating, feedback) = ('reviewed', 4, 'Quo iste aut. Doloremque repudiandae nihil voluptatum perspiciatis tenetur eaque consectetur sed nam.') WHERE ct_email = 'Rhianna_Ledner@gmail.com' AND pet_owner = 'Rodrigo.Hand59@yahoo.com' AND pet_name = 'Tracy' AND start_date = Date('2020-10-16T03:41:20.948Z') AND end_date = Date('2020-10-17T13:34:16.630Z');
UPDATE bid SET (bid_status, rating, feedback) = ('reviewed', 3, 'Aut eos est. Unde eaque sequi voluptatem reprehenderit accusantium necessitatibus.') WHERE ct_email = 'Raleigh96@yahoo.com' AND pet_owner = 'Jarvis.Schneider7@hotmail.com' AND pet_name = 'Jedediah' AND start_date = Date('2020-10-16T03:41:20.948Z') AND end_date = Date('2020-10-17T13:34:16.630Z');
UPDATE bid SET (bid_status, rating, feedback) = ('reviewed', 4, 'Voluptate ex laboriosam qui ut magni doloribus facilis. Et quo necessitatibus unde est perspiciatis est voluptatibus natus accusantium.') WHERE ct_email = 'Marianna_Hilpert@gmail.com' AND pet_owner = 'Quinn.Ankunding@yahoo.com' AND pet_name = 'Janessa' AND start_date = Date('2020-10-16T03:41:20.948Z') AND end_date = Date('2020-10-17T13:34:16.630Z');
UPDATE bid SET (bid_status, rating, feedback) = ('reviewed', 3, 'Similique est vel ut molestias a quo odio. Esse voluptas neque fugit voluptatum.') WHERE ct_email = 'Weston.Price73@yahoo.com' AND pet_owner = 'Vena.Schmeler65@hotmail.com' AND pet_name = 'Vinnie' AND start_date = Date('2020-10-16T03:41:20.948Z') AND end_date = Date('2020-10-17T13:34:16.630Z');
UPDATE bid SET (bid_status, rating, feedback) = ('reviewed', 3, 'Ut optio ut dolores modi. Aut nisi sit repellendus beatae occaecati.') WHERE ct_email = 'Michaela59@yahoo.com' AND pet_owner = 'Darwin38@yahoo.com' AND pet_name = 'Kathleen' AND start_date = Date('2020-10-16T03:41:20.948Z') AND end_date = Date('2020-10-17T13:34:16.630Z');
INSERT INTO bid (ct_email, ct_price, start_date, end_date, is_cash, transport_method, pet_owner, pet_name, bid_status) VALUES ('Wallace.Bogan75@gmail.com', 0, '2020-10-18T13:34:16.630Z', '2020-10-26T19:03:38.829Z', true, 'pickup', 'Kadin_Keebler@gmail.com', 'Elias', 'confirmed');
INSERT INTO bid (ct_email, ct_price, start_date, end_date, is_cash, transport_method, pet_owner, pet_name, bid_status) VALUES ('Vern.Effertz58@yahoo.com', 14, '2020-10-18T13:34:16.630Z', '2020-10-26T19:03:38.829Z', true, 'pcs', 'Harold.Altenwerth@hotmail.com', 'Amya', 'confirmed');
INSERT INTO bid (ct_email, ct_price, start_date, end_date, is_cash, transport_method, pet_owner, pet_name, bid_status) VALUES ('Juston.Walter36@gmail.com', 16, '2020-10-18T13:34:16.630Z', '2020-10-26T19:03:38.829Z', true, 'pcs', 'Lillian61@hotmail.com', 'Mozell', 'confirmed');
INSERT INTO bid (ct_email, ct_price, start_date, end_date, is_cash, transport_method, pet_owner, pet_name, bid_status) VALUES ('Naomi_Ullrich@hotmail.com', 8, '2020-10-18T13:34:16.630Z', '2020-10-26T19:03:38.829Z', true, 'pickup', 'Emmy.White@gmail.com', 'Yolanda', 'confirmed');
INSERT INTO bid (ct_email, ct_price, start_date, end_date, is_cash, transport_method, pet_owner, pet_name, bid_status) VALUES ('Nikki_Franecki36@gmail.com', 5, '2020-10-18T13:34:16.630Z', '2020-10-26T19:03:38.829Z', true, 'pickup', 'Haven.Swift32@hotmail.com', 'Ebony', 'confirmed');
INSERT INTO bid (ct_email, ct_price, start_date, end_date, is_cash, transport_method, pet_owner, pet_name, bid_status) VALUES ('Josephine64@yahoo.com', 12, '2020-10-18T13:34:16.630Z', '2020-10-26T19:03:38.829Z', true, 'pcs', 'Orrin8@yahoo.com', 'Koby', 'confirmed');
INSERT INTO bid (ct_email, ct_price, start_date, end_date, is_cash, transport_method, pet_owner, pet_name, bid_status) VALUES ('Lisette35@hotmail.com', 20, '2020-10-18T13:34:16.630Z', '2020-10-26T19:03:38.829Z', true, 'delivery', 'Herta.Harber60@hotmail.com', 'Mazie', 'confirmed');
INSERT INTO bid (ct_email, ct_price, start_date, end_date, is_cash, transport_method, pet_owner, pet_name, bid_status) VALUES ('Blair_Gerhold@gmail.com', 3, '2020-10-18T13:34:16.630Z', '2020-10-26T19:03:38.829Z', true, 'pickup', 'Ole85@gmail.com', 'Joy', 'confirmed');
INSERT INTO bid (ct_email, ct_price, start_date, end_date, is_cash, transport_method, pet_owner, pet_name, bid_status) VALUES ('Mary_Hane@gmail.com', 0, '2020-10-18T13:34:16.630Z', '2020-10-26T19:03:38.829Z', true, 'delivery', 'Eva_Rowe@gmail.com', 'Eliseo', 'confirmed');
INSERT INTO bid (ct_email, ct_price, start_date, end_date, is_cash, transport_method, pet_owner, pet_name, bid_status) VALUES ('Mohammad.Labadie0@gmail.com', 1, '2020-10-18T13:34:16.630Z', '2020-10-26T19:03:38.829Z', true, 'pcs', 'Demetris91@gmail.com', 'Lora', 'confirmed');
INSERT INTO bid (ct_email, ct_price, start_date, end_date, is_cash, transport_method, pet_owner, pet_name, bid_status) VALUES ('Saige_Quigley@yahoo.com', 11, '2020-10-18T13:34:16.630Z', '2020-10-26T19:03:38.829Z', true, 'delivery', 'Florence_Funk@yahoo.com', 'Emery', 'confirmed');
INSERT INTO bid (ct_email, ct_price, start_date, end_date, is_cash, transport_method, pet_owner, pet_name, bid_status) VALUES ('Antoinette34@yahoo.com', 16, '2020-10-18T13:34:16.630Z', '2020-10-26T19:03:38.829Z', true, 'pickup', 'Dixie31@yahoo.com', 'Felicity', 'confirmed');
INSERT INTO bid (ct_email, ct_price, start_date, end_date, is_cash, transport_method, pet_owner, pet_name, bid_status) VALUES ('Kade_Kozey@gmail.com', 4, '2020-10-18T13:34:16.630Z', '2020-10-26T19:03:38.829Z', true, 'pcs', 'Lawrence16@yahoo.com', 'Adan', 'confirmed');
INSERT INTO bid (ct_email, ct_price, start_date, end_date, is_cash, transport_method, pet_owner, pet_name, bid_status) VALUES ('Kiel_Klocko13@hotmail.com', 17, '2020-10-18T13:34:16.630Z', '2020-10-26T19:03:38.829Z', true, 'pcs', 'Lisette35@hotmail.com', 'Josh', 'confirmed');
INSERT INTO bid (ct_email, ct_price, start_date, end_date, is_cash, transport_method, pet_owner, pet_name, bid_status) VALUES ('Nedra_Hilll@gmail.com', 4, '2020-10-18T13:34:16.630Z', '2020-10-26T19:03:38.829Z', true, 'pickup', 'Jaclyn83@yahoo.com', 'Fernando', 'confirmed');
INSERT INTO bid (ct_email, ct_price, start_date, end_date, is_cash, transport_method, pet_owner, pet_name, bid_status) VALUES ('Onie84@hotmail.com', 2, '2020-10-18T13:34:16.630Z', '2020-10-26T19:03:38.829Z', true, 'pickup', 'Marley.Kautzer@yahoo.com', 'Araceli', 'confirmed');
INSERT INTO bid (ct_email, ct_price, start_date, end_date, is_cash, transport_method, pet_owner, pet_name, bid_status) VALUES ('Wiley.Deckow@yahoo.com', 8, '2020-10-18T13:34:16.630Z', '2020-10-26T19:03:38.829Z', true, 'pickup', 'Raleigh.Donnelly60@hotmail.com', 'Veronica', 'confirmed');
INSERT INTO bid (ct_email, ct_price, start_date, end_date, is_cash, transport_method, pet_owner, pet_name, bid_status) VALUES ('Manuel15@hotmail.com', 8, '2020-10-18T13:34:16.630Z', '2020-10-26T19:03:38.829Z', true, 'pickup', 'Lon47@yahoo.com', 'Nayeli', 'confirmed');
INSERT INTO bid (ct_email, ct_price, start_date, end_date, is_cash, transport_method, pet_owner, pet_name, bid_status) VALUES ('Arielle_Hettinger@gmail.com', 4, '2020-10-18T13:34:16.630Z', '2020-10-26T19:03:38.829Z', true, 'pcs', 'Rosamond16@hotmail.com', 'Moriah', 'confirmed');
INSERT INTO bid (ct_email, ct_price, start_date, end_date, is_cash, transport_method, pet_owner, pet_name, bid_status) VALUES ('Rodrigo.Hand59@yahoo.com', 7, '2020-10-18T13:34:16.630Z', '2020-10-26T19:03:38.829Z', true, 'pcs', 'Dianna67@hotmail.com', 'Kurt', 'confirmed');
INSERT INTO bid (ct_email, ct_price, start_date, end_date, is_cash, transport_method, pet_owner, pet_name, bid_status) VALUES ('Elbert49@yahoo.com', 5, '2020-10-18T13:34:16.630Z', '2020-10-26T19:03:38.829Z', true, 'delivery', 'Gretchen.Armstrong35@gmail.com', 'Timmy', 'confirmed');
INSERT INTO bid (ct_email, ct_price, start_date, end_date, is_cash, transport_method, pet_owner, pet_name, bid_status) VALUES ('Amara9@gmail.com', 11, '2020-10-18T13:34:16.630Z', '2020-10-26T19:03:38.829Z', true, 'delivery', 'Nella91@yahoo.com', 'Virgil', 'confirmed');
INSERT INTO bid (ct_email, ct_price, start_date, end_date, is_cash, transport_method, pet_owner, pet_name, bid_status) VALUES ('Edmund_Sauer94@hotmail.com', 7, '2020-10-18T13:34:16.630Z', '2020-10-26T19:03:38.829Z', true, 'pcs', 'Greta_OConnell25@hotmail.com', 'Tatum', 'confirmed');
INSERT INTO bid (ct_email, ct_price, start_date, end_date, is_cash, transport_method, pet_owner, pet_name, bid_status) VALUES ('Haven_Mann13@gmail.com', 5, '2020-10-18T13:34:16.630Z', '2020-10-26T19:03:38.829Z', true, 'delivery', 'Sydney.McClure0@gmail.com', 'Alf', 'confirmed');
INSERT INTO bid (ct_email, ct_price, start_date, end_date, is_cash, transport_method, pet_owner, pet_name, bid_status) VALUES ('Yazmin17@yahoo.com', 3, '2020-10-18T13:34:16.630Z', '2020-10-26T19:03:38.829Z', true, 'pickup', 'Keyon35@yahoo.com', 'Kieran', 'confirmed');
INSERT INTO bid (ct_email, ct_price, start_date, end_date, is_cash, transport_method, pet_owner, pet_name, bid_status) VALUES ('Travon56@hotmail.com', 1, '2020-10-18T13:34:16.630Z', '2020-10-26T19:03:38.829Z', true, 'pickup', 'Carter.Tremblay@hotmail.com', 'Koby', 'confirmed');
INSERT INTO bid (ct_email, ct_price, start_date, end_date, is_cash, transport_method, pet_owner, pet_name, bid_status) VALUES ('Jeffrey.Ebert@gmail.com', 10, '2020-10-18T13:34:16.630Z', '2020-10-26T19:03:38.829Z', true, 'delivery', 'Esther.Bednar@gmail.com', 'Chaya', 'confirmed');
INSERT INTO bid (ct_email, ct_price, start_date, end_date, is_cash, transport_method, pet_owner, pet_name, bid_status) VALUES ('Anastacio_Rogahn1@yahoo.com', 18, '2020-10-18T13:34:16.630Z', '2020-10-26T19:03:38.829Z', true, 'pickup', 'Theo.Hackett@gmail.com', 'Wava', 'confirmed');
INSERT INTO bid (ct_email, ct_price, start_date, end_date, is_cash, transport_method, pet_owner, pet_name, bid_status) VALUES ('Emory.Kunze@yahoo.com', 7, '2020-10-18T13:34:16.630Z', '2020-10-26T19:03:38.829Z', true, 'pickup', 'Stephen_Rath18@gmail.com', 'Danielle', 'confirmed');
INSERT INTO bid (ct_email, ct_price, start_date, end_date, is_cash, transport_method, pet_owner, pet_name, bid_status) VALUES ('Dudley.Schaefer38@yahoo.com', 4, '2020-10-18T13:34:16.630Z', '2020-10-26T19:03:38.829Z', true, 'pcs', 'Emmie_Dicki@hotmail.com', 'Audra', 'confirmed');
INSERT INTO bid (ct_email, ct_price, start_date, end_date, is_cash, transport_method, pet_owner, pet_name, bid_status) VALUES ('Dolores.Gaylord@hotmail.com', 0, '2020-10-18T13:34:16.630Z', '2020-10-26T19:03:38.829Z', true, 'delivery', 'Irma36@gmail.com', 'Nikko', 'confirmed');
INSERT INTO bid (ct_email, ct_price, start_date, end_date, is_cash, transport_method, pet_owner, pet_name, bid_status) VALUES ('Britney_Reilly96@hotmail.com', 15, '2020-10-18T13:34:16.630Z', '2020-10-26T19:03:38.829Z', true, 'delivery', 'Kaya.Kassulke@gmail.com', 'Rylan', 'confirmed');
INSERT INTO bid (ct_email, ct_price, start_date, end_date, is_cash, transport_method, pet_owner, pet_name, bid_status) VALUES ('Hadley_Little28@hotmail.com', 1, '2020-10-18T13:34:16.630Z', '2020-10-26T19:03:38.829Z', true, 'delivery', 'Clovis_Collins@gmail.com', 'Leanne', 'confirmed');
INSERT INTO bid (ct_email, ct_price, start_date, end_date, is_cash, transport_method, pet_owner, pet_name, bid_status) VALUES ('Elva_Barton@gmail.com', 17, '2020-10-18T13:34:16.630Z', '2020-10-26T19:03:38.829Z', true, 'pcs', 'Abbie69@yahoo.com', 'Ahmed', 'confirmed');
INSERT INTO bid (ct_email, ct_price, start_date, end_date, is_cash, transport_method, pet_owner, pet_name, bid_status) VALUES ('Callie10@gmail.com', 12, '2020-10-18T13:34:16.630Z', '2020-10-26T19:03:38.829Z', true, 'pickup', 'Jackeline.Schmeler28@yahoo.com', 'Randi', 'confirmed');
INSERT INTO bid (ct_email, ct_price, start_date, end_date, is_cash, transport_method, pet_owner, pet_name, bid_status) VALUES ('Leilani_Schulist@yahoo.com', 2, '2020-10-18T13:34:16.630Z', '2020-10-26T19:03:38.829Z', true, 'delivery', 'Dianna67@hotmail.com', 'Cayla', 'confirmed');
INSERT INTO bid (ct_email, ct_price, start_date, end_date, is_cash, transport_method, pet_owner, pet_name, bid_status) VALUES ('Hester7@hotmail.com', 4, '2020-10-18T13:34:16.630Z', '2020-10-26T19:03:38.829Z', true, 'pickup', 'Sarah.Cremin64@yahoo.com', 'Conner', 'confirmed');
INSERT INTO bid (ct_email, ct_price, start_date, end_date, is_cash, transport_method, pet_owner, pet_name, bid_status) VALUES ('Keyon35@yahoo.com', 5, '2020-10-18T13:34:16.630Z', '2020-10-26T19:03:38.829Z', true, 'pickup', 'Amara9@gmail.com', 'Vinnie', 'confirmed');
INSERT INTO bid (ct_email, ct_price, start_date, end_date, is_cash, transport_method, pet_owner, pet_name, bid_status) VALUES ('Ofelia.Aufderhar@yahoo.com', 16, '2020-10-18T13:34:16.630Z', '2020-10-26T19:03:38.829Z', true, 'pickup', 'Barrett62@yahoo.com', 'Adah', 'confirmed');
INSERT INTO bid (ct_email, ct_price, start_date, end_date, is_cash, transport_method, pet_owner, pet_name, bid_status) VALUES ('Kyla65@yahoo.com', 3, '2020-10-18T13:34:16.630Z', '2020-10-26T19:03:38.829Z', true, 'delivery', 'Adrain71@yahoo.com', 'Laury', 'confirmed');
INSERT INTO bid (ct_email, ct_price, start_date, end_date, is_cash, transport_method, pet_owner, pet_name, bid_status) VALUES ('Arvid_Cummerata63@hotmail.com', 3, '2020-10-18T13:34:16.630Z', '2020-10-26T19:03:38.829Z', true, 'pcs', 'Lincoln.Swift@gmail.com', 'Pierce', 'confirmed');
INSERT INTO bid (ct_email, ct_price, start_date, end_date, is_cash, transport_method, pet_owner, pet_name, bid_status) VALUES ('Ethelyn87@yahoo.com', 11, '2020-10-18T13:34:16.630Z', '2020-10-26T19:03:38.829Z', true, 'delivery', 'Herman_Bednar@yahoo.com', 'Emmet', 'confirmed');
INSERT INTO bid (ct_email, ct_price, start_date, end_date, is_cash, transport_method, pet_owner, pet_name, bid_status) VALUES ('Providenci59@hotmail.com', 5, '2020-10-18T13:34:16.630Z', '2020-10-26T19:03:38.829Z', true, 'delivery', 'Oleta.Muller64@yahoo.com', 'Lilliana', 'confirmed');
INSERT INTO bid (ct_email, ct_price, start_date, end_date, is_cash, transport_method, pet_owner, pet_name, bid_status) VALUES ('Iva38@yahoo.com', 20, '2020-10-18T13:34:16.630Z', '2020-10-26T19:03:38.829Z', true, 'delivery', 'Eddie.Herzog@gmail.com', 'Chasity', 'confirmed');
INSERT INTO bid (ct_email, ct_price, start_date, end_date, is_cash, transport_method, pet_owner, pet_name, bid_status) VALUES ('Aurelie.Muller77@gmail.com', 19, '2020-10-18T13:34:16.630Z', '2020-10-26T19:03:38.829Z', true, 'pickup', 'Clemmie.Satterfield@yahoo.com', 'Zackery', 'confirmed');
INSERT INTO bid (ct_email, ct_price, start_date, end_date, is_cash, transport_method, pet_owner, pet_name, bid_status) VALUES ('Domenic.Jakubowski@yahoo.com', 0, '2020-10-18T13:34:16.630Z', '2020-10-26T19:03:38.829Z', true, 'delivery', 'Montana95@hotmail.com', 'Alejandra', 'confirmed');
INSERT INTO bid (ct_email, ct_price, start_date, end_date, is_cash, transport_method, pet_owner, pet_name, bid_status) VALUES ('Angus.Doyle@yahoo.com', 15, '2020-10-18T13:34:16.630Z', '2020-10-26T19:03:38.829Z', true, 'delivery', 'Kylee.Bergnaum@hotmail.com', 'Humberto', 'confirmed');
INSERT INTO bid (ct_email, ct_price, start_date, end_date, is_cash, transport_method, pet_owner, pet_name, bid_status) VALUES ('Crystal.Hayes43@yahoo.com', 16, '2020-10-18T13:34:16.630Z', '2020-10-26T19:03:38.829Z', true, 'delivery', 'Clay_Wuckert@yahoo.com', 'Dorian', 'confirmed');
INSERT INTO bid (ct_email, ct_price, start_date, end_date, is_cash, transport_method, pet_owner, pet_name, bid_status) VALUES ('Hardy.Terry@gmail.com', 15, '2020-10-18T13:34:16.630Z', '2020-10-26T19:03:38.829Z', true, 'pickup', 'Loy85@gmail.com', 'Vladimir', 'confirmed');
INSERT INTO bid (ct_email, ct_price, start_date, end_date, is_cash, transport_method, pet_owner, pet_name, bid_status) VALUES ('London_Barton@gmail.com', 10, '2020-10-18T13:34:16.630Z', '2020-10-26T19:03:38.829Z', true, 'delivery', 'Viva_Lind65@gmail.com', 'Leilani', 'confirmed');
INSERT INTO bid (ct_email, ct_price, start_date, end_date, is_cash, transport_method, pet_owner, pet_name, bid_status) VALUES ('Luella85@gmail.com', 10, '2020-10-18T13:34:16.630Z', '2020-10-26T19:03:38.829Z', true, 'delivery', 'Ebba64@gmail.com', 'Colleen', 'confirmed');
INSERT INTO bid (ct_email, ct_price, start_date, end_date, is_cash, transport_method, pet_owner, pet_name, bid_status) VALUES ('Frida.Mueller@hotmail.com', 13, '2020-10-18T13:34:16.630Z', '2020-10-26T19:03:38.829Z', true, 'delivery', 'Cydney_Nienow@yahoo.com', 'Norwood', 'confirmed');
INSERT INTO bid (ct_email, ct_price, start_date, end_date, is_cash, transport_method, pet_owner, pet_name, bid_status) VALUES ('Daphney_Anderson28@yahoo.com', 8, '2020-10-18T13:34:16.630Z', '2020-10-26T19:03:38.829Z', true, 'pickup', 'Carolanne47@yahoo.com', 'Willard', 'confirmed');
INSERT INTO bid (ct_email, ct_price, start_date, end_date, is_cash, transport_method, pet_owner, pet_name, bid_status) VALUES ('Hannah_Wolf@gmail.com', 15, '2020-10-18T13:34:16.630Z', '2020-10-26T19:03:38.829Z', true, 'delivery', 'Blaze.Zulauf@gmail.com', 'Courtney', 'confirmed');
INSERT INTO bid (ct_email, ct_price, start_date, end_date, is_cash, transport_method, pet_owner, pet_name, bid_status) VALUES ('Richard_Ritchie@hotmail.com', 17, '2020-10-18T13:34:16.630Z', '2020-10-26T19:03:38.829Z', true, 'delivery', 'Hardy.Terry@gmail.com', 'Nyasia', 'confirmed');
INSERT INTO bid (ct_email, ct_price, start_date, end_date, is_cash, transport_method, pet_owner, pet_name, bid_status) VALUES ('Katheryn_Boehm89@hotmail.com', 13, '2020-10-18T13:34:16.630Z', '2020-10-26T19:03:38.829Z', true, 'delivery', 'Adela_Altenwerth99@yahoo.com', 'Anika', 'confirmed');
INSERT INTO bid (ct_email, ct_price, start_date, end_date, is_cash, transport_method, pet_owner, pet_name, bid_status) VALUES ('Annalise.DAmore4@yahoo.com', 2, '2020-10-18T13:34:16.630Z', '2020-10-26T19:03:38.829Z', true, 'delivery', 'Edmund_Sauer94@hotmail.com', 'Quinn', 'confirmed');
INSERT INTO bid (ct_email, ct_price, start_date, end_date, is_cash, transport_method, pet_owner, pet_name, bid_status) VALUES ('Alford_Kilback@yahoo.com', 13, '2020-10-18T13:34:16.630Z', '2020-10-26T19:03:38.829Z', true, 'pickup', 'Maribel_Deckow35@hotmail.com', 'Vidal', 'confirmed');
INSERT INTO bid (ct_email, ct_price, start_date, end_date, is_cash, transport_method, pet_owner, pet_name, bid_status) VALUES ('Eveline.Howell36@yahoo.com', 0, '2020-10-18T13:34:16.630Z', '2020-10-26T19:03:38.829Z', true, 'pickup', 'Rosario_Lubowitz49@hotmail.com', 'Sydnie', 'confirmed');
INSERT INTO bid (ct_email, ct_price, start_date, end_date, is_cash, transport_method, pet_owner, pet_name, bid_status) VALUES ('Deon.Bosco@yahoo.com', 17, '2020-10-18T13:34:16.630Z', '2020-10-26T19:03:38.829Z', true, 'pickup', 'Tressie78@gmail.com', 'Diego', 'confirmed');
INSERT INTO bid (ct_email, ct_price, start_date, end_date, is_cash, transport_method, pet_owner, pet_name, bid_status) VALUES ('Jaron.Cassin@gmail.com', 16, '2020-10-18T13:34:16.630Z', '2020-10-26T19:03:38.829Z', true, 'pickup', 'Guillermo.Mosciski@gmail.com', 'Orrin', 'confirmed');
INSERT INTO bid (ct_email, ct_price, start_date, end_date, is_cash, transport_method, pet_owner, pet_name, bid_status) VALUES ('Madelynn.Glover@yahoo.com', 11, '2020-10-18T13:34:16.630Z', '2020-10-26T19:03:38.829Z', true, 'pcs', 'Charles25@hotmail.com', 'Bernie', 'confirmed');
INSERT INTO bid (ct_email, ct_price, start_date, end_date, is_cash, transport_method, pet_owner, pet_name, bid_status) VALUES ('Jaren98@hotmail.com', 1, '2020-10-18T13:34:16.630Z', '2020-10-26T19:03:38.829Z', true, 'pickup', 'Raleigh96@yahoo.com', 'Marlon', 'confirmed');
INSERT INTO bid (ct_email, ct_price, start_date, end_date, is_cash, transport_method, pet_owner, pet_name, bid_status) VALUES ('Jerod.Brakus2@gmail.com', 17, '2020-10-18T13:34:16.630Z', '2020-10-26T19:03:38.829Z', true, 'delivery', 'Kenton91@gmail.com', 'Johnny', 'confirmed');
INSERT INTO bid (ct_email, ct_price, start_date, end_date, is_cash, transport_method, pet_owner, pet_name, bid_status) VALUES ('Delfina61@gmail.com', 6, '2020-10-18T13:34:16.630Z', '2020-10-26T19:03:38.829Z', true, 'delivery', 'Abbey72@hotmail.com', 'Gerhard', 'confirmed');
INSERT INTO bid (ct_email, ct_price, start_date, end_date, is_cash, transport_method, pet_owner, pet_name, bid_status) VALUES ('Kathlyn_Rowe21@yahoo.com', 17, '2020-10-18T13:34:16.630Z', '2020-10-26T19:03:38.829Z', true, 'pickup', 'Amanda.Sanford@yahoo.com', 'Jesus', 'confirmed');
INSERT INTO bid (ct_email, ct_price, start_date, end_date, is_cash, transport_method, pet_owner, pet_name, bid_status) VALUES ('Estell28@yahoo.com', 13, '2020-10-18T13:34:16.630Z', '2020-10-26T19:03:38.829Z', true, 'delivery', 'Sydney.McClure0@gmail.com', 'Rigoberto', 'confirmed');
INSERT INTO bid (ct_email, ct_price, start_date, end_date, is_cash, transport_method, pet_owner, pet_name, bid_status) VALUES ('Frida4@hotmail.com', 19, '2020-10-18T13:34:16.630Z', '2020-10-26T19:03:38.829Z', true, 'delivery', 'Andy_Medhurst76@hotmail.com', 'Kirstin', 'confirmed');
INSERT INTO bid (ct_email, ct_price, start_date, end_date, is_cash, transport_method, pet_owner, pet_name, bid_status) VALUES ('Katherine.Halvorson32@yahoo.com', 3, '2020-10-18T13:34:16.630Z', '2020-10-26T19:03:38.829Z', true, 'pcs', 'Lorenz_Tillman@yahoo.com', 'Lilian', 'confirmed');
INSERT INTO bid (ct_email, ct_price, start_date, end_date, is_cash, transport_method, pet_owner, pet_name, bid_status) VALUES ('Ellen_Mills@gmail.com', 5, '2020-10-18T13:34:16.630Z', '2020-10-26T19:03:38.829Z', true, 'delivery', 'Kennedi59@hotmail.com', 'Stephan', 'confirmed');
INSERT INTO bid (ct_email, ct_price, start_date, end_date, is_cash, transport_method, pet_owner, pet_name, bid_status) VALUES ('Alverta.Zulauf@yahoo.com', 11, '2020-10-18T13:34:16.630Z', '2020-10-26T19:03:38.829Z', true, 'pickup', 'Claire.Considine@hotmail.com', 'Darren', 'confirmed');
INSERT INTO bid (ct_email, ct_price, start_date, end_date, is_cash, transport_method, pet_owner, pet_name, bid_status) VALUES ('Madisen_Reichel@yahoo.com', 18, '2020-10-18T13:34:16.630Z', '2020-10-26T19:03:38.829Z', true, 'delivery', 'Jerod.Brakus2@gmail.com', 'Benton', 'confirmed');
INSERT INTO bid (ct_email, ct_price, start_date, end_date, is_cash, transport_method, pet_owner, pet_name, bid_status) VALUES ('Hailee.Nikolaus@gmail.com', 6, '2020-10-18T13:34:16.630Z', '2020-10-26T19:03:38.829Z', true, 'delivery', 'Bella71@hotmail.com', 'Alexis', 'confirmed');
INSERT INTO bid (ct_email, ct_price, start_date, end_date, is_cash, transport_method, pet_owner, pet_name, bid_status) VALUES ('Lola.Bins31@hotmail.com', 16, '2020-10-18T13:34:16.630Z', '2020-10-26T19:03:38.829Z', true, 'pcs', 'Ezequiel_Brekke@yahoo.com', 'Dora', 'confirmed');
INSERT INTO bid (ct_email, ct_price, start_date, end_date, is_cash, transport_method, pet_owner, pet_name, bid_status) VALUES ('Thad.King59@yahoo.com', 6, '2020-10-18T13:34:16.630Z', '2020-10-26T19:03:38.829Z', true, 'pickup', 'Mauricio58@gmail.com', 'Elian', 'confirmed');
INSERT INTO bid (ct_email, ct_price, start_date, end_date, is_cash, transport_method, pet_owner, pet_name, bid_status) VALUES ('Dane.Upton93@gmail.com', 4, '2020-10-18T13:34:16.630Z', '2020-10-26T19:03:38.829Z', true, 'pcs', 'Lourdes_Krajcik@gmail.com', 'Hettie', 'confirmed');
INSERT INTO bid (ct_email, ct_price, start_date, end_date, is_cash, transport_method, pet_owner, pet_name, bid_status) VALUES ('Arturo92@yahoo.com', 1, '2020-10-18T13:34:16.630Z', '2020-10-26T19:03:38.829Z', true, 'delivery', 'Darien.Stroman64@hotmail.com', 'Oda', 'confirmed');
INSERT INTO bid (ct_email, ct_price, start_date, end_date, is_cash, transport_method, pet_owner, pet_name, bid_status) VALUES ('Karen25@hotmail.com', 11, '2020-10-18T13:34:16.630Z', '2020-10-26T19:03:38.829Z', true, 'pickup', 'Mauricio58@gmail.com', 'Emilia', 'confirmed');
INSERT INTO bid (ct_email, ct_price, start_date, end_date, is_cash, transport_method, pet_owner, pet_name, bid_status) VALUES ('Kody.Beatty40@gmail.com', 19, '2020-10-18T13:34:16.630Z', '2020-10-26T19:03:38.829Z', true, 'pcs', 'Darwin38@yahoo.com', 'Kathleen', 'confirmed');
INSERT INTO bid (ct_email, ct_price, start_date, end_date, is_cash, transport_method, pet_owner, pet_name, bid_status) VALUES ('Colleen.Spinka@yahoo.com', 6, '2020-10-18T13:34:16.630Z', '2020-10-26T19:03:38.829Z', true, 'delivery', 'Shania_Jacobson@hotmail.com', 'Janelle', 'confirmed');
INSERT INTO bid (ct_email, ct_price, start_date, end_date, is_cash, transport_method, pet_owner, pet_name, bid_status) VALUES ('Berenice.Hirthe@yahoo.com', 3, '2020-10-18T13:34:16.630Z', '2020-10-26T19:03:38.829Z', true, 'delivery', 'April21@hotmail.com', 'Zelma', 'confirmed');
INSERT INTO bid (ct_email, ct_price, start_date, end_date, is_cash, transport_method, pet_owner, pet_name, bid_status) VALUES ('Christy75@gmail.com', 13, '2020-10-18T13:34:16.630Z', '2020-10-26T19:03:38.829Z', true, 'pcs', 'Lysanne_Wolff11@hotmail.com', 'Oscar', 'confirmed');
INSERT INTO bid (ct_email, ct_price, start_date, end_date, is_cash, transport_method, pet_owner, pet_name, bid_status) VALUES ('Aglae.Marquardt3@gmail.com', 3, '2020-10-18T13:34:16.630Z', '2020-10-26T19:03:38.829Z', true, 'pcs', 'Wilford95@gmail.com', 'Hillary', 'confirmed');
INSERT INTO bid (ct_email, ct_price, start_date, end_date, is_cash, transport_method, pet_owner, pet_name, bid_status) VALUES ('Bernadine_Wisozk58@yahoo.com', 11, '2020-10-18T13:34:16.630Z', '2020-10-26T19:03:38.829Z', true, 'delivery', 'Jay15@gmail.com', 'Dortha', 'confirmed');
INSERT INTO bid (ct_email, ct_price, start_date, end_date, is_cash, transport_method, pet_owner, pet_name, bid_status) VALUES ('Jeffry3@hotmail.com', 13, '2020-10-18T13:34:16.630Z', '2020-10-26T19:03:38.829Z', true, 'pcs', 'Eudora.Goodwin65@yahoo.com', 'Rhoda', 'confirmed');
INSERT INTO bid (ct_email, ct_price, start_date, end_date, is_cash, transport_method, pet_owner, pet_name, bid_status) VALUES ('Lulu.DAmore@hotmail.com', 2, '2020-10-18T13:34:16.630Z', '2020-10-26T19:03:38.829Z', true, 'pickup', 'Barney_Yundt81@yahoo.com', 'Marcelo', 'confirmed');
INSERT INTO bid (ct_email, ct_price, start_date, end_date, is_cash, transport_method, pet_owner, pet_name, bid_status) VALUES ('Franco_Schuster78@hotmail.com', 0, '2020-10-18T13:34:16.630Z', '2020-10-26T19:03:38.829Z', true, 'delivery', 'Georgiana_Doyle4@hotmail.com', 'Raquel', 'confirmed');
INSERT INTO bid (ct_email, ct_price, start_date, end_date, is_cash, transport_method, pet_owner, pet_name, bid_status) VALUES ('Ferne.Reichert@hotmail.com', 4, '2020-10-18T13:34:16.630Z', '2020-10-26T19:03:38.829Z', true, 'pcs', 'Ronaldo_Kihn85@yahoo.com', 'Terrell', 'confirmed');
INSERT INTO bid (ct_email, ct_price, start_date, end_date, is_cash, transport_method, pet_owner, pet_name, bid_status) VALUES ('Lambert0@hotmail.com', 11, '2020-10-18T13:34:16.630Z', '2020-10-26T19:03:38.829Z', true, 'pickup', 'Rashad85@hotmail.com', 'Tom', 'confirmed');
INSERT INTO bid (ct_email, ct_price, start_date, end_date, is_cash, transport_method, pet_owner, pet_name, bid_status) VALUES ('Jude_Bode@hotmail.com', 10, '2020-10-18T13:34:16.630Z', '2020-10-26T19:03:38.829Z', true, 'pickup', 'Maddison62@hotmail.com', 'Mylene', 'confirmed');
INSERT INTO bid (ct_email, ct_price, start_date, end_date, is_cash, transport_method, pet_owner, pet_name, bid_status) VALUES ('Claire.Considine@hotmail.com', 13, '2020-10-18T13:34:16.630Z', '2020-10-26T19:03:38.829Z', true, 'pcs', 'Jason76@yahoo.com', 'Jackie', 'confirmed');
INSERT INTO bid (ct_email, ct_price, start_date, end_date, is_cash, transport_method, pet_owner, pet_name, bid_status) VALUES ('Itzel.Gorczany15@gmail.com', 15, '2020-10-18T13:34:16.630Z', '2020-10-26T19:03:38.829Z', true, 'pickup', 'Jeffrey.Ebert@gmail.com', 'Kylee', 'confirmed');
INSERT INTO bid (ct_email, ct_price, start_date, end_date, is_cash, transport_method, pet_owner, pet_name, bid_status) VALUES ('Neoma98@gmail.com', 18, '2020-10-18T13:34:16.630Z', '2020-10-26T19:03:38.829Z', true, 'pcs', 'Chester38@hotmail.com', 'Cecil', 'confirmed');
INSERT INTO bid (ct_email, ct_price, start_date, end_date, is_cash, transport_method, pet_owner, pet_name, bid_status) VALUES ('Abbey.Stanton@gmail.com', 14, '2020-10-18T13:34:16.630Z', '2020-10-26T19:03:38.829Z', true, 'delivery', 'Britney_Dooley@hotmail.com', 'Orlo', 'confirmed');
INSERT INTO bid (ct_email, ct_price, start_date, end_date, is_cash, transport_method, pet_owner, pet_name, bid_status) VALUES ('Maxine.Feil87@yahoo.com', 19, '2020-10-18T13:34:16.630Z', '2020-10-26T19:03:38.829Z', true, 'delivery', 'Herta.Harber60@hotmail.com', 'Wilfredo', 'confirmed');
INSERT INTO bid (ct_email, ct_price, start_date, end_date, is_cash, transport_method, pet_owner, pet_name, bid_status) VALUES ('Jana88@hotmail.com', 5, '2020-10-18T13:34:16.630Z', '2020-10-26T19:03:38.829Z', true, 'pickup', 'Derrick.Turcotte75@hotmail.com', 'Collin', 'confirmed');
INSERT INTO bid (ct_email, ct_price, start_date, end_date, is_cash, transport_method, pet_owner, pet_name, bid_status) VALUES ('Wendell82@hotmail.com', 6, '2020-10-18T13:34:16.630Z', '2020-10-26T19:03:38.829Z', true, 'pcs', 'Santos_Robel66@gmail.com', 'Melany', 'confirmed');
INSERT INTO bid (ct_email, ct_price, start_date, end_date, is_cash, transport_method, pet_owner, pet_name, bid_status) VALUES ('Cornelius_Prosacco@yahoo.com', 3, '2020-10-18T13:34:16.630Z', '2020-10-26T19:03:38.829Z', true, 'delivery', 'Wiley.Deckow@yahoo.com', 'Muriel', 'confirmed');
INSERT INTO bid (ct_email, ct_price, start_date, end_date, is_cash, transport_method, pet_owner, pet_name, bid_status) VALUES ('Stephen_Rath18@gmail.com', 17, '2020-10-18T13:34:16.630Z', '2020-10-26T19:03:38.829Z', true, 'delivery', 'Mercedes92@hotmail.com', 'Jeffry', 'confirmed');
INSERT INTO bid (ct_email, ct_price, start_date, end_date, is_cash, transport_method, pet_owner, pet_name, bid_status) VALUES ('Brooks.Marvin37@gmail.com', 1, '2020-10-18T13:34:16.630Z', '2020-10-26T19:03:38.829Z', true, 'pcs', 'Daphney_Anderson28@yahoo.com', 'Tillman', 'confirmed');
INSERT INTO bid (ct_email, ct_price, start_date, end_date, is_cash, transport_method, pet_owner, pet_name, bid_status) VALUES ('Donny23@yahoo.com', 5, '2020-10-18T13:34:16.630Z', '2020-10-26T19:03:38.829Z', true, 'pcs', 'Stevie.Watsica87@yahoo.com', 'Christelle', 'confirmed');
INSERT INTO bid (ct_email, ct_price, start_date, end_date, is_cash, transport_method, pet_owner, pet_name, bid_status) VALUES ('Jordane.Mayert@hotmail.com', 7, '2020-10-18T13:34:16.630Z', '2020-10-26T19:03:38.829Z', true, 'delivery', 'Maribel_Deckow35@hotmail.com', 'Doug', 'confirmed');
INSERT INTO bid (ct_email, ct_price, start_date, end_date, is_cash, transport_method, pet_owner, pet_name, bid_status) VALUES ('Kelley32@gmail.com', 7, '2020-10-18T13:34:16.630Z', '2020-10-26T19:03:38.829Z', true, 'pcs', 'Juston61@hotmail.com', 'Kassandra', 'confirmed');
INSERT INTO bid (ct_email, ct_price, start_date, end_date, is_cash, transport_method, pet_owner, pet_name, bid_status) VALUES ('Francisca_Bosco@gmail.com', 18, '2020-10-18T13:34:16.630Z', '2020-10-26T19:03:38.829Z', true, 'delivery', 'Maggie32@yahoo.com', 'Flavio', 'confirmed');
INSERT INTO bid (ct_email, ct_price, start_date, end_date, is_cash, transport_method, pet_owner, pet_name, bid_status) VALUES ('Alessia13@gmail.com', 0, '2020-10-18T13:34:16.630Z', '2020-10-26T19:03:38.829Z', true, 'pcs', 'Orrin8@yahoo.com', 'Jovani', 'confirmed');
INSERT INTO bid (ct_email, ct_price, start_date, end_date, is_cash, transport_method, pet_owner, pet_name, bid_status) VALUES ('Keeley52@yahoo.com', 10, '2020-10-18T13:34:16.630Z', '2020-10-26T19:03:38.829Z', true, 'pickup', 'Leilani.Doyle96@yahoo.com', 'Gideon', 'confirmed');
INSERT INTO bid (ct_email, ct_price, start_date, end_date, is_cash, transport_method, pet_owner, pet_name, bid_status) VALUES ('Kaya.Kassulke@gmail.com', 4, '2020-10-18T13:34:16.630Z', '2020-10-26T19:03:38.829Z', true, 'delivery', 'Jaron.Cassin@gmail.com', 'Rae', 'confirmed');
INSERT INTO bid (ct_email, ct_price, start_date, end_date, is_cash, transport_method, pet_owner, pet_name, bid_status) VALUES ('Cleve.Kunze91@yahoo.com', 19, '2020-10-18T13:34:16.630Z', '2020-10-26T19:03:38.829Z', true, 'delivery', 'Jayden_Green@hotmail.com', 'Niko', 'confirmed');
INSERT INTO bid (ct_email, ct_price, start_date, end_date, is_cash, transport_method, pet_owner, pet_name, bid_status) VALUES ('Katarina41@gmail.com', 11, '2020-10-18T13:34:16.630Z', '2020-10-26T19:03:38.829Z', true, 'pickup', 'Citlalli.Windler@hotmail.com', 'Tyreek', 'confirmed');
INSERT INTO bid (ct_email, ct_price, start_date, end_date, is_cash, transport_method, pet_owner, pet_name, bid_status) VALUES ('Sheila.Towne49@yahoo.com', 0, '2020-10-18T13:34:16.630Z', '2020-10-26T19:03:38.829Z', true, 'pcs', 'Shanny_Koss60@yahoo.com', 'Audreanne', 'confirmed');
INSERT INTO bid (ct_email, ct_price, start_date, end_date, is_cash, transport_method, pet_owner, pet_name, bid_status) VALUES ('Isai_Crooks@gmail.com', 13, '2020-10-18T13:34:16.630Z', '2020-10-26T19:03:38.829Z', true, 'pcs', 'Alycia.Nader98@hotmail.com', 'Lupe', 'confirmed');
INSERT INTO bid (ct_email, ct_price, start_date, end_date, is_cash, transport_method, pet_owner, pet_name, bid_status) VALUES ('Hipolito_Schamberger@gmail.com', 11, '2020-10-18T13:34:16.630Z', '2020-10-26T19:03:38.829Z', true, 'pcs', 'Joaquin.Wiegand@gmail.com', 'Alexis', 'confirmed');
INSERT INTO bid (ct_email, ct_price, start_date, end_date, is_cash, transport_method, pet_owner, pet_name, bid_status) VALUES ('Katarina_Kessler48@gmail.com', 20, '2020-10-18T13:34:16.630Z', '2020-10-26T19:03:38.829Z', true, 'pcs', 'Braden12@gmail.com', 'Estella', 'confirmed');
INSERT INTO bid (ct_email, ct_price, start_date, end_date, is_cash, transport_method, pet_owner, pet_name, bid_status) VALUES ('Isadore_Grady49@yahoo.com', 4, '2020-10-18T13:34:16.630Z', '2020-10-26T19:03:38.829Z', true, 'pcs', 'Abbie69@yahoo.com', 'Toney', 'confirmed');
INSERT INTO bid (ct_email, ct_price, start_date, end_date, is_cash, transport_method, pet_owner, pet_name, bid_status) VALUES ('Devon25@hotmail.com', 8, '2020-10-18T13:34:16.630Z', '2020-10-26T19:03:38.829Z', true, 'pcs', 'Elian50@yahoo.com', 'Isai', 'confirmed');
INSERT INTO bid (ct_email, ct_price, start_date, end_date, is_cash, transport_method, pet_owner, pet_name, bid_status) VALUES ('Cleta.Kiehn41@gmail.com', 18, '2020-10-18T13:34:16.630Z', '2020-10-26T19:03:38.829Z', true, 'pickup', 'Willow91@hotmail.com', 'Shane', 'confirmed');
INSERT INTO bid (ct_email, ct_price, start_date, end_date, is_cash, transport_method, pet_owner, pet_name, bid_status) VALUES ('Marion.Torp74@yahoo.com', 5, '2020-10-18T13:34:16.630Z', '2020-10-26T19:03:38.829Z', true, 'pcs', 'Ezequiel_Brekke@yahoo.com', 'Irma', 'confirmed');
INSERT INTO bid (ct_email, ct_price, start_date, end_date, is_cash, transport_method, pet_owner, pet_name, bid_status) VALUES ('Britney_Dooley@hotmail.com', 5, '2020-10-18T13:34:16.630Z', '2020-10-26T19:03:38.829Z', true, 'pickup', 'Savion52@yahoo.com', 'Bonita', 'confirmed');
INSERT INTO bid (ct_email, ct_price, start_date, end_date, is_cash, transport_method, pet_owner, pet_name, bid_status) VALUES ('Lawrence16@yahoo.com', 7, '2020-10-18T13:34:16.630Z', '2020-10-26T19:03:38.829Z', true, 'pickup', 'Christy75@gmail.com', 'Vernie', 'confirmed');
INSERT INTO bid (ct_email, ct_price, start_date, end_date, is_cash, transport_method, pet_owner, pet_name, bid_status) VALUES ('Cayla_Walter85@hotmail.com', 5, '2020-10-18T13:34:16.630Z', '2020-10-26T19:03:38.829Z', true, 'delivery', 'Xavier_Adams@yahoo.com', 'Lucile', 'confirmed');
INSERT INTO bid (ct_email, ct_price, start_date, end_date, is_cash, transport_method, pet_owner, pet_name, bid_status) VALUES ('Jerrell.Senger@hotmail.com', 13, '2020-10-18T13:34:16.630Z', '2020-10-26T19:03:38.829Z', true, 'pcs', 'Monique45@yahoo.com', 'Pattie', 'confirmed');
INSERT INTO bid (ct_email, ct_price, start_date, end_date, is_cash, transport_method, pet_owner, pet_name, bid_status) VALUES ('Andreane42@hotmail.com', 12, '2020-10-18T13:34:16.630Z', '2020-10-26T19:03:38.829Z', true, 'pcs', 'Vena.Nienow@hotmail.com', 'Arnoldo', 'confirmed');
INSERT INTO bid (ct_email, ct_price, start_date, end_date, is_cash, transport_method, pet_owner, pet_name, bid_status) VALUES ('Javon_Spencer69@gmail.com', 17, '2020-10-18T13:34:16.630Z', '2020-10-26T19:03:38.829Z', true, 'delivery', 'Tressa_Huels3@gmail.com', 'Santos', 'confirmed');
INSERT INTO bid (ct_email, ct_price, start_date, end_date, is_cash, transport_method, pet_owner, pet_name, bid_status) VALUES ('Maddison62@hotmail.com', 18, '2020-10-18T13:34:16.630Z', '2020-10-26T19:03:38.829Z', true, 'pickup', 'Abdul.Greenholt@yahoo.com', 'Emile', 'confirmed');
INSERT INTO bid (ct_email, ct_price, start_date, end_date, is_cash, transport_method, pet_owner, pet_name, bid_status) VALUES ('Golda.Emmerich60@hotmail.com', 15, '2020-10-18T13:34:16.630Z', '2020-10-26T19:03:38.829Z', true, 'delivery', 'Cecilia_Nikolaus35@yahoo.com', 'Cecile', 'confirmed');
INSERT INTO bid (ct_email, ct_price, start_date, end_date, is_cash, transport_method, pet_owner, pet_name, bid_status) VALUES ('Emily.Wolf@hotmail.com', 14, '2020-10-18T13:34:16.630Z', '2020-10-26T19:03:38.829Z', true, 'pcs', 'Adaline_Oberbrunner28@yahoo.com', 'Cecelia', 'confirmed');
INSERT INTO bid (ct_email, ct_price, start_date, end_date, is_cash, transport_method, pet_owner, pet_name, bid_status) VALUES ('Mandy_Terry@gmail.com', 14, '2020-10-18T13:34:16.630Z', '2020-10-26T19:03:38.829Z', true, 'pcs', 'Annie.Balistreri@gmail.com', 'Kelli', 'confirmed');
INSERT INTO bid (ct_email, ct_price, start_date, end_date, is_cash, transport_method, pet_owner, pet_name, bid_status) VALUES ('Nickolas23@gmail.com', 3, '2020-10-18T13:34:16.630Z', '2020-10-26T19:03:38.829Z', true, 'delivery', 'Danyka64@gmail.com', 'Ward', 'confirmed');
INSERT INTO bid (ct_email, ct_price, start_date, end_date, is_cash, transport_method, pet_owner, pet_name, bid_status) VALUES ('Adella_West37@yahoo.com', 17, '2020-10-18T13:34:16.630Z', '2020-10-26T19:03:38.829Z', true, 'pcs', 'Cornelius_Prosacco@yahoo.com', 'Brent', 'confirmed');
INSERT INTO bid (ct_email, ct_price, start_date, end_date, is_cash, transport_method, pet_owner, pet_name, bid_status) VALUES ('Buford.Wuckert30@hotmail.com', 1, '2020-10-18T13:34:16.630Z', '2020-10-26T19:03:38.829Z', true, 'pickup', 'Jordane_Gerhold37@gmail.com', 'Kristian', 'confirmed');
INSERT INTO bid (ct_email, ct_price, start_date, end_date, is_cash, transport_method, pet_owner, pet_name, bid_status) VALUES ('Marjolaine26@gmail.com', 4, '2020-10-18T13:34:16.630Z', '2020-10-26T19:03:38.829Z', true, 'delivery', 'Donny23@yahoo.com', 'Theresa', 'confirmed');
INSERT INTO bid (ct_email, ct_price, start_date, end_date, is_cash, transport_method, pet_owner, pet_name, bid_status) VALUES ('Kasandra.Yundt96@yahoo.com', 15, '2020-10-18T13:34:16.630Z', '2020-10-26T19:03:38.829Z', true, 'delivery', 'Eveline.Howell36@yahoo.com', 'Chelsea', 'confirmed');
INSERT INTO bid (ct_email, ct_price, start_date, end_date, is_cash, transport_method, pet_owner, pet_name, bid_status) VALUES ('Kathryne_Wilderman@gmail.com', 5, '2020-10-18T13:34:16.630Z', '2020-10-26T19:03:38.829Z', true, 'delivery', 'Lisandro83@hotmail.com', 'Kenneth', 'confirmed');
INSERT INTO bid (ct_email, ct_price, start_date, end_date, is_cash, transport_method, pet_owner, pet_name, bid_status) VALUES ('Javon.Torphy34@hotmail.com', 11, '2020-10-18T13:34:16.630Z', '2020-10-26T19:03:38.829Z', true, 'pcs', 'Margarete_McKenzie@yahoo.com', 'Cora', 'confirmed');
INSERT INTO bid (ct_email, ct_price, start_date, end_date, is_cash, transport_method, pet_owner, pet_name, bid_status) VALUES ('Lourdes_Krajcik@gmail.com', 19, '2020-10-18T13:34:16.630Z', '2020-10-26T19:03:38.829Z', true, 'pcs', 'Hadley_Little28@hotmail.com', 'Eleonore', 'confirmed');
INSERT INTO bid (ct_email, ct_price, start_date, end_date, is_cash, transport_method, pet_owner, pet_name, bid_status) VALUES ('Camila_Torphy32@hotmail.com', 20, '2020-10-18T13:34:16.630Z', '2020-10-26T19:03:38.829Z', true, 'pickup', 'Britney_Reilly96@hotmail.com', 'Chasity', 'confirmed');
INSERT INTO bid (ct_email, ct_price, start_date, end_date, is_cash, transport_method, pet_owner, pet_name, bid_status) VALUES ('Neal.Schuster67@hotmail.com', 1, '2020-10-18T13:34:16.630Z', '2020-10-26T19:03:38.829Z', true, 'pickup', 'Alfreda.Ondricka@gmail.com', 'Christine', 'confirmed');
INSERT INTO bid (ct_email, ct_price, start_date, end_date, is_cash, transport_method, pet_owner, pet_name, bid_status) VALUES ('Velda_King@gmail.com', 14, '2020-10-18T13:34:16.630Z', '2020-10-26T19:03:38.829Z', true, 'delivery', 'Clemmie.Satterfield@yahoo.com', 'Miller', 'confirmed');
INSERT INTO bid (ct_email, ct_price, start_date, end_date, is_cash, transport_method, pet_owner, pet_name, bid_status) VALUES ('Dessie.Stokes98@hotmail.com', 2, '2020-10-18T13:34:16.630Z', '2020-10-26T19:03:38.829Z', true, 'pcs', 'Domenic.Jakubowski@yahoo.com', 'Jevon', 'confirmed');
INSERT INTO bid (ct_email, ct_price, start_date, end_date, is_cash, transport_method, pet_owner, pet_name, bid_status) VALUES ('Marisol_Crooks4@yahoo.com', 3, '2020-10-18T13:34:16.630Z', '2020-10-26T19:03:38.829Z', true, 'pcs', 'Clement.McDermott67@hotmail.com', 'Cole', 'confirmed');
INSERT INTO bid (ct_email, ct_price, start_date, end_date, is_cash, transport_method, pet_owner, pet_name, bid_status) VALUES ('Kaci.Lowe48@gmail.com', 12, '2020-10-18T13:34:16.630Z', '2020-10-26T19:03:38.829Z', true, 'pickup', 'Gerardo.Wiza39@gmail.com', 'Haylee', 'confirmed');
INSERT INTO bid (ct_email, ct_price, start_date, end_date, is_cash, transport_method, pet_owner, pet_name, bid_status) VALUES ('Madelyn21@yahoo.com', 11, '2020-10-18T13:34:16.630Z', '2020-10-26T19:03:38.829Z', true, 'delivery', 'Emil.Kovacek@gmail.com', 'Theron', 'confirmed');
INSERT INTO bid (ct_email, ct_price, start_date, end_date, is_cash, transport_method, pet_owner, pet_name, bid_status) VALUES ('Magali_Wiza@gmail.com', 8, '2020-10-18T13:34:16.630Z', '2020-10-26T19:03:38.829Z', true, 'pcs', 'Dudley_Davis48@yahoo.com', 'Otis', 'confirmed');
INSERT INTO bid (ct_email, ct_price, start_date, end_date, is_cash, transport_method, pet_owner, pet_name, bid_status) VALUES ('Rosamond16@hotmail.com', 15, '2020-10-18T13:34:16.630Z', '2020-10-26T19:03:38.829Z', true, 'delivery', 'Aurelio95@yahoo.com', 'Rosetta', 'confirmed');
INSERT INTO bid (ct_email, ct_price, start_date, end_date, is_cash, transport_method, pet_owner, pet_name, bid_status) VALUES ('Yesenia_Reynolds@gmail.com', 1, '2020-10-18T13:34:16.630Z', '2020-10-26T19:03:38.829Z', true, 'pcs', 'Sabryna72@gmail.com', 'Bernadette', 'confirmed');
INSERT INTO bid (ct_email, ct_price, start_date, end_date, is_cash, transport_method, pet_owner, pet_name, bid_status) VALUES ('Alejandrin24@yahoo.com', 16, '2020-10-18T13:34:16.630Z', '2020-10-26T19:03:38.829Z', true, 'delivery', 'Ephraim_Barton93@hotmail.com', 'Kaci', 'confirmed');
INSERT INTO bid (ct_email, ct_price, start_date, end_date, is_cash, transport_method, pet_owner, pet_name, bid_status) VALUES ('Raleigh_Rosenbaum49@gmail.com', 17, '2020-10-18T13:34:16.630Z', '2020-10-26T19:03:38.829Z', true, 'delivery', 'Lucy_Grady26@yahoo.com', 'Albina', 'confirmed');
INSERT INTO bid (ct_email, ct_price, start_date, end_date, is_cash, transport_method, pet_owner, pet_name, bid_status) VALUES ('Reva.Crist@gmail.com', 13, '2020-10-18T13:34:16.630Z', '2020-10-26T19:03:38.829Z', true, 'delivery', 'Lela_Beahan@gmail.com', 'Linnie', 'confirmed');
INSERT INTO bid (ct_email, ct_price, start_date, end_date, is_cash, transport_method, pet_owner, pet_name, bid_status) VALUES ('Garfield_Schuppe@gmail.com', 0, '2020-10-18T13:34:16.630Z', '2020-10-26T19:03:38.829Z', true, 'delivery', 'Noble70@gmail.com', 'Patsy', 'confirmed');
INSERT INTO bid (ct_email, ct_price, start_date, end_date, is_cash, transport_method, pet_owner, pet_name, bid_status) VALUES ('Josefa_Funk@gmail.com', 10, '2020-10-18T13:34:16.630Z', '2020-10-26T19:03:38.829Z', true, 'pickup', 'Hallie_Wiegand7@hotmail.com', 'Brody', 'confirmed');
INSERT INTO bid (ct_email, ct_price, start_date, end_date, is_cash, transport_method, pet_owner, pet_name, bid_status) VALUES ('Dustin_Ryan@gmail.com', 16, '2020-10-18T13:34:16.630Z', '2020-10-26T19:03:38.829Z', true, 'pcs', 'Keely40@hotmail.com', 'Trever', 'confirmed');
INSERT INTO bid (ct_email, ct_price, start_date, end_date, is_cash, transport_method, pet_owner, pet_name, bid_status) VALUES ('Theo.Hackett@gmail.com', 19, '2020-10-18T13:34:16.630Z', '2020-10-26T19:03:38.829Z', true, 'pcs', 'Ila23@yahoo.com', 'Braxton', 'confirmed');
INSERT INTO bid (ct_email, ct_price, start_date, end_date, is_cash, transport_method, pet_owner, pet_name, bid_status) VALUES ('Eugene2@yahoo.com', 15, '2020-10-18T13:34:16.630Z', '2020-10-26T19:03:38.829Z', true, 'pickup', 'Rosanna.Rodriguez@gmail.com', 'Velda', 'confirmed');
INSERT INTO bid (ct_email, ct_price, start_date, end_date, is_cash, transport_method, pet_owner, pet_name, bid_status) VALUES ('Hailee_Zieme@hotmail.com', 7, '2020-10-18T13:34:16.630Z', '2020-10-26T19:03:38.829Z', true, 'delivery', 'Dante.Muller98@yahoo.com', 'Ruthie', 'confirmed');
INSERT INTO bid (ct_email, ct_price, start_date, end_date, is_cash, transport_method, pet_owner, pet_name, bid_status) VALUES ('Shaniya_Towne@yahoo.com', 18, '2020-10-18T13:34:16.630Z', '2020-10-26T19:03:38.829Z', true, 'delivery', 'Charlie17@gmail.com', 'Jarrett', 'confirmed');
INSERT INTO bid (ct_email, ct_price, start_date, end_date, is_cash, transport_method, pet_owner, pet_name, bid_status) VALUES ('Hudson.Barrows@hotmail.com', 15, '2020-10-18T13:34:16.630Z', '2020-10-26T19:03:38.829Z', true, 'pickup', 'Emil_Marks29@gmail.com', 'Nellie', 'confirmed');
INSERT INTO bid (ct_email, ct_price, start_date, end_date, is_cash, transport_method, pet_owner, pet_name, bid_status) VALUES ('Reuben_Kunde70@gmail.com', 13, '2020-10-18T13:34:16.630Z', '2020-10-26T19:03:38.829Z', true, 'pcs', 'Bradly.Schroeder@hotmail.com', 'Lauren', 'confirmed');
INSERT INTO bid (ct_email, ct_price, start_date, end_date, is_cash, transport_method, pet_owner, pet_name, bid_status) VALUES ('Hayden12@gmail.com', 4, '2020-10-18T13:34:16.630Z', '2020-10-26T19:03:38.829Z', true, 'pickup', 'Ressie7@hotmail.com', 'Elroy', 'confirmed');
INSERT INTO bid (ct_email, ct_price, start_date, end_date, is_cash, transport_method, pet_owner, pet_name, bid_status) VALUES ('Marianna_Hilpert@gmail.com', 6, '2020-10-18T13:34:16.630Z', '2020-10-26T19:03:38.829Z', true, 'pcs', 'Gust_Turcotte@gmail.com', 'Kobe', 'confirmed');
INSERT INTO bid (ct_email, ct_price, start_date, end_date, is_cash, transport_method, pet_owner, pet_name, bid_status) VALUES ('Jack31@gmail.com', 17, '2020-10-18T13:34:16.630Z', '2020-10-26T19:03:38.829Z', true, 'delivery', 'Bella71@hotmail.com', 'Claudine', 'confirmed');
INSERT INTO bid (ct_email, ct_price, start_date, end_date, is_cash, transport_method, pet_owner, pet_name, bid_status) VALUES ('Janae.Kunze55@hotmail.com', 15, '2020-10-18T13:34:16.630Z', '2020-10-26T19:03:38.829Z', true, 'pcs', 'Travon56@hotmail.com', 'Claudine', 'confirmed');
INSERT INTO bid (ct_email, ct_price, start_date, end_date, is_cash, transport_method, pet_owner, pet_name, bid_status) VALUES ('Michaela59@yahoo.com', 15, '2020-10-18T13:34:16.630Z', '2020-10-26T19:03:38.829Z', true, 'pcs', 'Araceli_Herzog64@yahoo.com', 'Mason', 'confirmed');
UPDATE bid SET (bid_status, rating, feedback) = ('reviewed', 4, 'Et laudantium magnam sequi molestias et quas eaque voluptatum ipsam. Inventore nam sit sapiente temporibus cupiditate.') WHERE ct_email = 'Vern.Effertz58@yahoo.com' AND pet_owner = 'Harold.Altenwerth@hotmail.com' AND pet_name = 'Amya' AND start_date = Date('2020-10-18T13:34:16.630Z') AND end_date = Date('2020-10-26T19:03:38.829Z');
UPDATE bid SET (bid_status, rating, feedback) = ('reviewed', 4, 'Ut quibusdam asperiores adipisci vitae nisi. Quia quis et hic ex nemo sunt qui.') WHERE ct_email = 'Juston.Walter36@gmail.com' AND pet_owner = 'Lillian61@hotmail.com' AND pet_name = 'Mozell' AND start_date = Date('2020-10-18T13:34:16.630Z') AND end_date = Date('2020-10-26T19:03:38.829Z');
UPDATE bid SET (bid_status, rating, feedback) = ('reviewed', 4, 'Quasi possimus atque. Autem ut ut est omnis autem minima repellendus.') WHERE ct_email = 'Nikki_Franecki36@gmail.com' AND pet_owner = 'Haven.Swift32@hotmail.com' AND pet_name = 'Ebony' AND start_date = Date('2020-10-18T13:34:16.630Z') AND end_date = Date('2020-10-26T19:03:38.829Z');
UPDATE bid SET (bid_status, rating, feedback) = ('reviewed', 5, 'Non inventore aut. Consequatur nihil enim officiis iure eum.') WHERE ct_email = 'Blair_Gerhold@gmail.com' AND pet_owner = 'Ole85@gmail.com' AND pet_name = 'Joy' AND start_date = Date('2020-10-18T13:34:16.630Z') AND end_date = Date('2020-10-26T19:03:38.829Z');
UPDATE bid SET (bid_status, rating, feedback) = ('reviewed', 4, 'Reiciendis voluptates tempore consequatur impedit quidem culpa et est. Non minima illo ut consequatur tempora optio.') WHERE ct_email = 'Saige_Quigley@yahoo.com' AND pet_owner = 'Florence_Funk@yahoo.com' AND pet_name = 'Emery' AND start_date = Date('2020-10-18T13:34:16.630Z') AND end_date = Date('2020-10-26T19:03:38.829Z');
UPDATE bid SET (bid_status, rating, feedback) = ('reviewed', 5, 'Corporis fugiat voluptas laborum. Deleniti voluptatem asperiores nulla maxime soluta necessitatibus natus autem.') WHERE ct_email = 'Antoinette34@yahoo.com' AND pet_owner = 'Dixie31@yahoo.com' AND pet_name = 'Felicity' AND start_date = Date('2020-10-18T13:34:16.630Z') AND end_date = Date('2020-10-26T19:03:38.829Z');
UPDATE bid SET (bid_status, rating, feedback) = ('reviewed', 4, 'Nulla qui recusandae nihil fugit et molestiae deleniti sequi. Impedit quia nam ut voluptas.') WHERE ct_email = 'Kade_Kozey@gmail.com' AND pet_owner = 'Lawrence16@yahoo.com' AND pet_name = 'Adan' AND start_date = Date('2020-10-18T13:34:16.630Z') AND end_date = Date('2020-10-26T19:03:38.829Z');
UPDATE bid SET (bid_status, rating, feedback) = ('reviewed', 3, 'Veniam ab in nisi doloribus nihil nobis laborum adipisci. Deserunt aut maxime consequatur magnam voluptas et et magni.') WHERE ct_email = 'Nedra_Hilll@gmail.com' AND pet_owner = 'Jaclyn83@yahoo.com' AND pet_name = 'Fernando' AND start_date = Date('2020-10-18T13:34:16.630Z') AND end_date = Date('2020-10-26T19:03:38.829Z');
UPDATE bid SET (bid_status, rating, feedback) = ('reviewed', 4, 'Repellat sunt ipsam reiciendis laboriosam excepturi. Rerum ut velit neque est rerum laudantium hic quo sed.') WHERE ct_email = 'Wiley.Deckow@yahoo.com' AND pet_owner = 'Raleigh.Donnelly60@hotmail.com' AND pet_name = 'Veronica' AND start_date = Date('2020-10-18T13:34:16.630Z') AND end_date = Date('2020-10-26T19:03:38.829Z');
UPDATE bid SET (bid_status, rating, feedback) = ('reviewed', 5, 'Voluptates eum tempora eius iusto ad ab. Fugit ipsa dolores similique necessitatibus accusamus quaerat distinctio.') WHERE ct_email = 'Arielle_Hettinger@gmail.com' AND pet_owner = 'Rosamond16@hotmail.com' AND pet_name = 'Moriah' AND start_date = Date('2020-10-18T13:34:16.630Z') AND end_date = Date('2020-10-26T19:03:38.829Z');
UPDATE bid SET (bid_status, rating, feedback) = ('reviewed', 3, 'Quaerat sunt officia aut tenetur perferendis. Natus est provident.') WHERE ct_email = 'Rodrigo.Hand59@yahoo.com' AND pet_owner = 'Dianna67@hotmail.com' AND pet_name = 'Kurt' AND start_date = Date('2020-10-18T13:34:16.630Z') AND end_date = Date('2020-10-26T19:03:38.829Z');
UPDATE bid SET (bid_status, rating, feedback) = ('reviewed', 5, 'Mollitia voluptatem enim aut vitae quisquam consequatur sed provident cum. Dolor quaerat asperiores fugiat incidunt laudantium veniam corporis.') WHERE ct_email = 'Elbert49@yahoo.com' AND pet_owner = 'Gretchen.Armstrong35@gmail.com' AND pet_name = 'Timmy' AND start_date = Date('2020-10-18T13:34:16.630Z') AND end_date = Date('2020-10-26T19:03:38.829Z');
UPDATE bid SET (bid_status, rating, feedback) = ('reviewed', 4, 'Sequi ut iste dicta eum. Eum amet quasi autem nobis sunt eaque non delectus fugit.') WHERE ct_email = 'Amara9@gmail.com' AND pet_owner = 'Nella91@yahoo.com' AND pet_name = 'Virgil' AND start_date = Date('2020-10-18T13:34:16.630Z') AND end_date = Date('2020-10-26T19:03:38.829Z');
UPDATE bid SET (bid_status, rating, feedback) = ('reviewed', 3, 'Ad est consequuntur qui qui quia est. Quasi recusandae modi omnis suscipit blanditiis autem est ipsa exercitationem.') WHERE ct_email = 'Travon56@hotmail.com' AND pet_owner = 'Carter.Tremblay@hotmail.com' AND pet_name = 'Koby' AND start_date = Date('2020-10-18T13:34:16.630Z') AND end_date = Date('2020-10-26T19:03:38.829Z');
UPDATE bid SET (bid_status, rating, feedback) = ('reviewed', 5, 'Nulla eum fugit fuga. Iste itaque repudiandae dolores voluptatum dolores eum at.') WHERE ct_email = 'Jeffrey.Ebert@gmail.com' AND pet_owner = 'Esther.Bednar@gmail.com' AND pet_name = 'Chaya' AND start_date = Date('2020-10-18T13:34:16.630Z') AND end_date = Date('2020-10-26T19:03:38.829Z');
UPDATE bid SET (bid_status, rating, feedback) = ('reviewed', 4, 'Eligendi facilis et maxime. Odit minima perferendis.') WHERE ct_email = 'Dudley.Schaefer38@yahoo.com' AND pet_owner = 'Emmie_Dicki@hotmail.com' AND pet_name = 'Audra' AND start_date = Date('2020-10-18T13:34:16.630Z') AND end_date = Date('2020-10-26T19:03:38.829Z');
UPDATE bid SET (bid_status, rating, feedback) = ('reviewed', 4, 'Architecto laborum quas quas. Commodi et nobis eius aut pariatur illo consequatur ut.') WHERE ct_email = 'Dolores.Gaylord@hotmail.com' AND pet_owner = 'Irma36@gmail.com' AND pet_name = 'Nikko' AND start_date = Date('2020-10-18T13:34:16.630Z') AND end_date = Date('2020-10-26T19:03:38.829Z');
UPDATE bid SET (bid_status, rating, feedback) = ('reviewed', 3, 'Mollitia est voluptatem ex. Ut molestias animi et et dolore deserunt consectetur.') WHERE ct_email = 'Britney_Reilly96@hotmail.com' AND pet_owner = 'Kaya.Kassulke@gmail.com' AND pet_name = 'Rylan' AND start_date = Date('2020-10-18T13:34:16.630Z') AND end_date = Date('2020-10-26T19:03:38.829Z');
UPDATE bid SET (bid_status, rating, feedback) = ('reviewed', 3, 'Sint veniam voluptas dolor sed nostrum. Est reiciendis accusantium consequatur ut sapiente minus fugiat quisquam ad.') WHERE ct_email = 'Callie10@gmail.com' AND pet_owner = 'Jackeline.Schmeler28@yahoo.com' AND pet_name = 'Randi' AND start_date = Date('2020-10-18T13:34:16.630Z') AND end_date = Date('2020-10-26T19:03:38.829Z');
UPDATE bid SET (bid_status, rating, feedback) = ('reviewed', 4, 'Nam alias vero. Rerum rerum alias voluptatum omnis omnis.') WHERE ct_email = 'Leilani_Schulist@yahoo.com' AND pet_owner = 'Dianna67@hotmail.com' AND pet_name = 'Cayla' AND start_date = Date('2020-10-18T13:34:16.630Z') AND end_date = Date('2020-10-26T19:03:38.829Z');
UPDATE bid SET (bid_status, rating, feedback) = ('reviewed', 5, 'Magnam harum quae iste. Fuga earum qui consequatur sit.') WHERE ct_email = 'Hester7@hotmail.com' AND pet_owner = 'Sarah.Cremin64@yahoo.com' AND pet_name = 'Conner' AND start_date = Date('2020-10-18T13:34:16.630Z') AND end_date = Date('2020-10-26T19:03:38.829Z');
UPDATE bid SET (bid_status, rating, feedback) = ('reviewed', 5, 'Eligendi nobis minima vero consequatur quis repellat quod expedita. Sequi totam rerum exercitationem tempore omnis illo.') WHERE ct_email = 'Kyla65@yahoo.com' AND pet_owner = 'Adrain71@yahoo.com' AND pet_name = 'Laury' AND start_date = Date('2020-10-18T13:34:16.630Z') AND end_date = Date('2020-10-26T19:03:38.829Z');
UPDATE bid SET (bid_status, rating, feedback) = ('reviewed', 4, 'Vel dolor ipsa excepturi ea ea aut consequatur aut. Voluptatem veniam numquam reprehenderit labore.') WHERE ct_email = 'Providenci59@hotmail.com' AND pet_owner = 'Oleta.Muller64@yahoo.com' AND pet_name = 'Lilliana' AND start_date = Date('2020-10-18T13:34:16.630Z') AND end_date = Date('2020-10-26T19:03:38.829Z');
UPDATE bid SET (bid_status, rating, feedback) = ('reviewed', 5, 'Modi eos porro sed. Quam amet nobis voluptatem eum at quidem porro aliquam.') WHERE ct_email = 'Iva38@yahoo.com' AND pet_owner = 'Eddie.Herzog@gmail.com' AND pet_name = 'Chasity' AND start_date = Date('2020-10-18T13:34:16.630Z') AND end_date = Date('2020-10-26T19:03:38.829Z');
UPDATE bid SET (bid_status, rating, feedback) = ('reviewed', 4, 'Dolorem ut et repellat cum in minus ea sunt. Nesciunt repellat ipsum repudiandae corporis.') WHERE ct_email = 'Aurelie.Muller77@gmail.com' AND pet_owner = 'Clemmie.Satterfield@yahoo.com' AND pet_name = 'Zackery' AND start_date = Date('2020-10-18T13:34:16.630Z') AND end_date = Date('2020-10-26T19:03:38.829Z');
UPDATE bid SET (bid_status, rating, feedback) = ('reviewed', 4, 'Natus saepe voluptas. Repellat modi voluptatem fuga non.') WHERE ct_email = 'Domenic.Jakubowski@yahoo.com' AND pet_owner = 'Montana95@hotmail.com' AND pet_name = 'Alejandra' AND start_date = Date('2020-10-18T13:34:16.630Z') AND end_date = Date('2020-10-26T19:03:38.829Z');
UPDATE bid SET (bid_status, rating, feedback) = ('reviewed', 4, 'Consequuntur tempora et. Aut sunt fugit consequatur dignissimos animi consequatur at labore.') WHERE ct_email = 'Hardy.Terry@gmail.com' AND pet_owner = 'Loy85@gmail.com' AND pet_name = 'Vladimir' AND start_date = Date('2020-10-18T13:34:16.630Z') AND end_date = Date('2020-10-26T19:03:38.829Z');
UPDATE bid SET (bid_status, rating, feedback) = ('reviewed', 5, 'Et est reprehenderit dicta nemo quos. Voluptates aut deserunt nihil.') WHERE ct_email = 'Luella85@gmail.com' AND pet_owner = 'Ebba64@gmail.com' AND pet_name = 'Colleen' AND start_date = Date('2020-10-18T13:34:16.630Z') AND end_date = Date('2020-10-26T19:03:38.829Z');
UPDATE bid SET (bid_status, rating, feedback) = ('reviewed', 4, 'Dicta voluptas dolorem consequatur fuga consequatur quia iure dolores quae. Voluptatem eaque a sit.') WHERE ct_email = 'Frida.Mueller@hotmail.com' AND pet_owner = 'Cydney_Nienow@yahoo.com' AND pet_name = 'Norwood' AND start_date = Date('2020-10-18T13:34:16.630Z') AND end_date = Date('2020-10-26T19:03:38.829Z');
UPDATE bid SET (bid_status, rating, feedback) = ('reviewed', 4, 'Natus cum voluptatem odit iusto. Ullam molestias praesentium aut quas qui.') WHERE ct_email = 'Daphney_Anderson28@yahoo.com' AND pet_owner = 'Carolanne47@yahoo.com' AND pet_name = 'Willard' AND start_date = Date('2020-10-18T13:34:16.630Z') AND end_date = Date('2020-10-26T19:03:38.829Z');
UPDATE bid SET (bid_status, rating, feedback) = ('reviewed', 3, 'Commodi modi consequatur vel necessitatibus molestias deleniti qui. Ut rerum et et ab sed.') WHERE ct_email = 'Hannah_Wolf@gmail.com' AND pet_owner = 'Blaze.Zulauf@gmail.com' AND pet_name = 'Courtney' AND start_date = Date('2020-10-18T13:34:16.630Z') AND end_date = Date('2020-10-26T19:03:38.829Z');
UPDATE bid SET (bid_status, rating, feedback) = ('reviewed', 3, 'Dolor fuga provident cupiditate et aliquid praesentium dicta. Maiores qui illum ad distinctio.') WHERE ct_email = 'Katheryn_Boehm89@hotmail.com' AND pet_owner = 'Adela_Altenwerth99@yahoo.com' AND pet_name = 'Anika' AND start_date = Date('2020-10-18T13:34:16.630Z') AND end_date = Date('2020-10-26T19:03:38.829Z');
UPDATE bid SET (bid_status, rating, feedback) = ('reviewed', 4, 'Laborum doloremque odit sit quod ducimus eaque expedita magni illo. Minima doloremque enim odio amet quo maiores.') WHERE ct_email = 'Eveline.Howell36@yahoo.com' AND pet_owner = 'Rosario_Lubowitz49@hotmail.com' AND pet_name = 'Sydnie' AND start_date = Date('2020-10-18T13:34:16.630Z') AND end_date = Date('2020-10-26T19:03:38.829Z');
UPDATE bid SET (bid_status, rating, feedback) = ('reviewed', 5, 'Consectetur velit veritatis repudiandae. Enim facilis modi aliquam.') WHERE ct_email = 'Jaron.Cassin@gmail.com' AND pet_owner = 'Guillermo.Mosciski@gmail.com' AND pet_name = 'Orrin' AND start_date = Date('2020-10-18T13:34:16.630Z') AND end_date = Date('2020-10-26T19:03:38.829Z');
UPDATE bid SET (bid_status, rating, feedback) = ('reviewed', 4, 'Fugit autem quisquam et nihil. Voluptas omnis in quo.') WHERE ct_email = 'Kathlyn_Rowe21@yahoo.com' AND pet_owner = 'Amanda.Sanford@yahoo.com' AND pet_name = 'Jesus' AND start_date = Date('2020-10-18T13:34:16.630Z') AND end_date = Date('2020-10-26T19:03:38.829Z');
UPDATE bid SET (bid_status, rating, feedback) = ('reviewed', 4, 'In in est rerum. Minus recusandae odit voluptas qui dolore voluptatem id.') WHERE ct_email = 'Estell28@yahoo.com' AND pet_owner = 'Sydney.McClure0@gmail.com' AND pet_name = 'Rigoberto' AND start_date = Date('2020-10-18T13:34:16.630Z') AND end_date = Date('2020-10-26T19:03:38.829Z');
UPDATE bid SET (bid_status, rating, feedback) = ('reviewed', 4, 'Quas ad quibusdam. Et molestiae nam facilis qui aut eos.') WHERE ct_email = 'Katherine.Halvorson32@yahoo.com' AND pet_owner = 'Lorenz_Tillman@yahoo.com' AND pet_name = 'Lilian' AND start_date = Date('2020-10-18T13:34:16.630Z') AND end_date = Date('2020-10-26T19:03:38.829Z');
UPDATE bid SET (bid_status, rating, feedback) = ('reviewed', 3, 'Praesentium doloremque non ut quia molestiae facere voluptatibus ipsum. Repellendus beatae eos sed modi odio eum voluptatum.') WHERE ct_email = 'Madisen_Reichel@yahoo.com' AND pet_owner = 'Jerod.Brakus2@gmail.com' AND pet_name = 'Benton' AND start_date = Date('2020-10-18T13:34:16.630Z') AND end_date = Date('2020-10-26T19:03:38.829Z');
UPDATE bid SET (bid_status, rating, feedback) = ('reviewed', 3, 'Dignissimos voluptas nemo asperiores dolorem eum maiores. Sunt tempore consequatur ipsum distinctio voluptatem unde.') WHERE ct_email = 'Hailee.Nikolaus@gmail.com' AND pet_owner = 'Bella71@hotmail.com' AND pet_name = 'Alexis' AND start_date = Date('2020-10-18T13:34:16.630Z') AND end_date = Date('2020-10-26T19:03:38.829Z');
UPDATE bid SET (bid_status, rating, feedback) = ('reviewed', 4, 'Quis qui tempore. Rerum eos nostrum fugit vero.') WHERE ct_email = 'Colleen.Spinka@yahoo.com' AND pet_owner = 'Shania_Jacobson@hotmail.com' AND pet_name = 'Janelle' AND start_date = Date('2020-10-18T13:34:16.630Z') AND end_date = Date('2020-10-26T19:03:38.829Z');
UPDATE bid SET (bid_status, rating, feedback) = ('reviewed', 4, 'Atque adipisci commodi. Et ab consequuntur adipisci porro.') WHERE ct_email = 'Berenice.Hirthe@yahoo.com' AND pet_owner = 'April21@hotmail.com' AND pet_name = 'Zelma' AND start_date = Date('2020-10-18T13:34:16.630Z') AND end_date = Date('2020-10-26T19:03:38.829Z');
UPDATE bid SET (bid_status, rating, feedback) = ('reviewed', 5, 'Quod ab dolor culpa autem nihil voluptas. Deleniti qui magni sed voluptatum doloremque magni similique voluptatum.') WHERE ct_email = 'Christy75@gmail.com' AND pet_owner = 'Lysanne_Wolff11@hotmail.com' AND pet_name = 'Oscar' AND start_date = Date('2020-10-18T13:34:16.630Z') AND end_date = Date('2020-10-26T19:03:38.829Z');
UPDATE bid SET (bid_status, rating, feedback) = ('reviewed', 4, 'Laudantium et provident omnis repellat repudiandae totam fugiat velit. Magnam asperiores maxime at quia.') WHERE ct_email = 'Jeffry3@hotmail.com' AND pet_owner = 'Eudora.Goodwin65@yahoo.com' AND pet_name = 'Rhoda' AND start_date = Date('2020-10-18T13:34:16.630Z') AND end_date = Date('2020-10-26T19:03:38.829Z');
UPDATE bid SET (bid_status, rating, feedback) = ('reviewed', 4, 'Perferendis qui voluptas ut aut natus omnis qui. Voluptatibus ut voluptatem a nam qui pariatur sit consequatur necessitatibus.') WHERE ct_email = 'Lulu.DAmore@hotmail.com' AND pet_owner = 'Barney_Yundt81@yahoo.com' AND pet_name = 'Marcelo' AND start_date = Date('2020-10-18T13:34:16.630Z') AND end_date = Date('2020-10-26T19:03:38.829Z');
UPDATE bid SET (bid_status, rating, feedback) = ('reviewed', 5, 'Voluptatem earum libero et possimus. Exercitationem inventore veniam ea velit quam est.') WHERE ct_email = 'Franco_Schuster78@hotmail.com' AND pet_owner = 'Georgiana_Doyle4@hotmail.com' AND pet_name = 'Raquel' AND start_date = Date('2020-10-18T13:34:16.630Z') AND end_date = Date('2020-10-26T19:03:38.829Z');
UPDATE bid SET (bid_status, rating, feedback) = ('reviewed', 4, 'Reprehenderit explicabo quo nisi reprehenderit. Assumenda esse temporibus saepe veniam rerum deleniti totam vero.') WHERE ct_email = 'Claire.Considine@hotmail.com' AND pet_owner = 'Jason76@yahoo.com' AND pet_name = 'Jackie' AND start_date = Date('2020-10-18T13:34:16.630Z') AND end_date = Date('2020-10-26T19:03:38.829Z');
UPDATE bid SET (bid_status, rating, feedback) = ('reviewed', 4, 'Praesentium molestiae aut dolores distinctio animi alias voluptatem. Deserunt quaerat odio quis numquam facere.') WHERE ct_email = 'Itzel.Gorczany15@gmail.com' AND pet_owner = 'Jeffrey.Ebert@gmail.com' AND pet_name = 'Kylee' AND start_date = Date('2020-10-18T13:34:16.630Z') AND end_date = Date('2020-10-26T19:03:38.829Z');
UPDATE bid SET (bid_status, rating, feedback) = ('reviewed', 5, 'Illo debitis quae sed rem repudiandae adipisci qui atque molestias. Sunt et rerum ullam doloremque neque.') WHERE ct_email = 'Neoma98@gmail.com' AND pet_owner = 'Chester38@hotmail.com' AND pet_name = 'Cecil' AND start_date = Date('2020-10-18T13:34:16.630Z') AND end_date = Date('2020-10-26T19:03:38.829Z');
UPDATE bid SET (bid_status, rating, feedback) = ('reviewed', 4, 'Sed rem iste dolor. Eum laborum ipsa quidem et laudantium dolorum pariatur.') WHERE ct_email = 'Abbey.Stanton@gmail.com' AND pet_owner = 'Britney_Dooley@hotmail.com' AND pet_name = 'Orlo' AND start_date = Date('2020-10-18T13:34:16.630Z') AND end_date = Date('2020-10-26T19:03:38.829Z');
UPDATE bid SET (bid_status, rating, feedback) = ('reviewed', 5, 'Tempora et sint sunt reiciendis quisquam itaque eos distinctio. Autem officia asperiores amet cum sit dolore earum.') WHERE ct_email = 'Maxine.Feil87@yahoo.com' AND pet_owner = 'Herta.Harber60@hotmail.com' AND pet_name = 'Wilfredo' AND start_date = Date('2020-10-18T13:34:16.630Z') AND end_date = Date('2020-10-26T19:03:38.829Z');
UPDATE bid SET (bid_status, rating, feedback) = ('reviewed', 5, 'Sit atque sed maxime atque et. Debitis illo ex explicabo odio quis tempore ea.') WHERE ct_email = 'Cornelius_Prosacco@yahoo.com' AND pet_owner = 'Wiley.Deckow@yahoo.com' AND pet_name = 'Muriel' AND start_date = Date('2020-10-18T13:34:16.630Z') AND end_date = Date('2020-10-26T19:03:38.829Z');
UPDATE bid SET (bid_status, rating, feedback) = ('reviewed', 3, 'Ea id consequatur et reprehenderit molestiae nobis non aspernatur molestiae. Qui quae ab voluptatem expedita.') WHERE ct_email = 'Kelley32@gmail.com' AND pet_owner = 'Juston61@hotmail.com' AND pet_name = 'Kassandra' AND start_date = Date('2020-10-18T13:34:16.630Z') AND end_date = Date('2020-10-26T19:03:38.829Z');
UPDATE bid SET (bid_status, rating, feedback) = ('reviewed', 5, 'Expedita est laboriosam sint assumenda aut quia ipsum debitis. Sed excepturi quia ducimus molestias a laboriosam inventore tenetur.') WHERE ct_email = 'Francisca_Bosco@gmail.com' AND pet_owner = 'Maggie32@yahoo.com' AND pet_name = 'Flavio' AND start_date = Date('2020-10-18T13:34:16.630Z') AND end_date = Date('2020-10-26T19:03:38.829Z');
UPDATE bid SET (bid_status, rating, feedback) = ('reviewed', 5, 'Iure consequatur facere soluta ad. Omnis et dignissimos suscipit non.') WHERE ct_email = 'Keeley52@yahoo.com' AND pet_owner = 'Leilani.Doyle96@yahoo.com' AND pet_name = 'Gideon' AND start_date = Date('2020-10-18T13:34:16.630Z') AND end_date = Date('2020-10-26T19:03:38.829Z');
UPDATE bid SET (bid_status, rating, feedback) = ('reviewed', 4, 'Hic alias ipsum autem qui nemo consequatur. Vitae esse totam.') WHERE ct_email = 'Kaya.Kassulke@gmail.com' AND pet_owner = 'Jaron.Cassin@gmail.com' AND pet_name = 'Rae' AND start_date = Date('2020-10-18T13:34:16.630Z') AND end_date = Date('2020-10-26T19:03:38.829Z');
UPDATE bid SET (bid_status, rating, feedback) = ('reviewed', 5, 'Cum sed omnis. Perferendis delectus qui et consequuntur voluptatem non delectus dolorem accusantium.') WHERE ct_email = 'Cleve.Kunze91@yahoo.com' AND pet_owner = 'Jayden_Green@hotmail.com' AND pet_name = 'Niko' AND start_date = Date('2020-10-18T13:34:16.630Z') AND end_date = Date('2020-10-26T19:03:38.829Z');
UPDATE bid SET (bid_status, rating, feedback) = ('reviewed', 5, 'Vel est esse aut repellat recusandae cupiditate. Velit aliquid consequatur qui nostrum beatae a voluptas.') WHERE ct_email = 'Katarina41@gmail.com' AND pet_owner = 'Citlalli.Windler@hotmail.com' AND pet_name = 'Tyreek' AND start_date = Date('2020-10-18T13:34:16.630Z') AND end_date = Date('2020-10-26T19:03:38.829Z');
UPDATE bid SET (bid_status, rating, feedback) = ('reviewed', 4, 'Id voluptatem quaerat non consequuntur debitis. Voluptatum pariatur aliquid sapiente.') WHERE ct_email = 'Katarina_Kessler48@gmail.com' AND pet_owner = 'Braden12@gmail.com' AND pet_name = 'Estella' AND start_date = Date('2020-10-18T13:34:16.630Z') AND end_date = Date('2020-10-26T19:03:38.829Z');
UPDATE bid SET (bid_status, rating, feedback) = ('reviewed', 4, 'Dolor id ut quia. Magni exercitationem odit ipsum.') WHERE ct_email = 'Marion.Torp74@yahoo.com' AND pet_owner = 'Ezequiel_Brekke@yahoo.com' AND pet_name = 'Irma' AND start_date = Date('2020-10-18T13:34:16.630Z') AND end_date = Date('2020-10-26T19:03:38.829Z');
UPDATE bid SET (bid_status, rating, feedback) = ('reviewed', 3, 'Exercitationem fuga consequatur ipsa voluptates aperiam quos sunt veritatis aut. Et rerum sit officia voluptatem repellendus sit excepturi quo eaque.') WHERE ct_email = 'Britney_Dooley@hotmail.com' AND pet_owner = 'Savion52@yahoo.com' AND pet_name = 'Bonita' AND start_date = Date('2020-10-18T13:34:16.630Z') AND end_date = Date('2020-10-26T19:03:38.829Z');
UPDATE bid SET (bid_status, rating, feedback) = ('reviewed', 4, 'Doloribus velit aut ut eaque modi blanditiis aut dolorum et. Nam sunt molestias reprehenderit illo nisi.') WHERE ct_email = 'Cayla_Walter85@hotmail.com' AND pet_owner = 'Xavier_Adams@yahoo.com' AND pet_name = 'Lucile' AND start_date = Date('2020-10-18T13:34:16.630Z') AND end_date = Date('2020-10-26T19:03:38.829Z');
UPDATE bid SET (bid_status, rating, feedback) = ('reviewed', 3, 'Laboriosam consequuntur perspiciatis doloremque rerum omnis voluptas dolorem sed adipisci. Assumenda velit quisquam voluptas neque adipisci autem sunt.') WHERE ct_email = 'Jerrell.Senger@hotmail.com' AND pet_owner = 'Monique45@yahoo.com' AND pet_name = 'Pattie' AND start_date = Date('2020-10-18T13:34:16.630Z') AND end_date = Date('2020-10-26T19:03:38.829Z');
UPDATE bid SET (bid_status, rating, feedback) = ('reviewed', 3, 'Ipsum impedit in voluptas omnis. Dolor exercitationem et non dicta eaque aliquid suscipit.') WHERE ct_email = 'Andreane42@hotmail.com' AND pet_owner = 'Vena.Nienow@hotmail.com' AND pet_name = 'Arnoldo' AND start_date = Date('2020-10-18T13:34:16.630Z') AND end_date = Date('2020-10-26T19:03:38.829Z');
UPDATE bid SET (bid_status, rating, feedback) = ('reviewed', 5, 'Dolores qui qui et. Id ex dolorem id.') WHERE ct_email = 'Javon_Spencer69@gmail.com' AND pet_owner = 'Tressa_Huels3@gmail.com' AND pet_name = 'Santos' AND start_date = Date('2020-10-18T13:34:16.630Z') AND end_date = Date('2020-10-26T19:03:38.829Z');
UPDATE bid SET (bid_status, rating, feedback) = ('reviewed', 5, 'Recusandae modi voluptatem aut possimus tempore doloremque. Qui nesciunt nobis quia dolor vero.') WHERE ct_email = 'Emily.Wolf@hotmail.com' AND pet_owner = 'Adaline_Oberbrunner28@yahoo.com' AND pet_name = 'Cecelia' AND start_date = Date('2020-10-18T13:34:16.630Z') AND end_date = Date('2020-10-26T19:03:38.829Z');
UPDATE bid SET (bid_status, rating, feedback) = ('reviewed', 3, 'Ratione voluptas vel sit tempora culpa. Et quae necessitatibus neque sit.') WHERE ct_email = 'Mandy_Terry@gmail.com' AND pet_owner = 'Annie.Balistreri@gmail.com' AND pet_name = 'Kelli' AND start_date = Date('2020-10-18T13:34:16.630Z') AND end_date = Date('2020-10-26T19:03:38.829Z');
UPDATE bid SET (bid_status, rating, feedback) = ('reviewed', 3, 'Ducimus fugit aut quis nihil itaque dolore. Vitae ipsum excepturi ullam odio et voluptas placeat non.') WHERE ct_email = 'Nickolas23@gmail.com' AND pet_owner = 'Danyka64@gmail.com' AND pet_name = 'Ward' AND start_date = Date('2020-10-18T13:34:16.630Z') AND end_date = Date('2020-10-26T19:03:38.829Z');
UPDATE bid SET (bid_status, rating, feedback) = ('reviewed', 4, 'Harum a itaque dolore impedit est et tempore perferendis est. Illum at quisquam deserunt hic.') WHERE ct_email = 'Adella_West37@yahoo.com' AND pet_owner = 'Cornelius_Prosacco@yahoo.com' AND pet_name = 'Brent' AND start_date = Date('2020-10-18T13:34:16.630Z') AND end_date = Date('2020-10-26T19:03:38.829Z');
UPDATE bid SET (bid_status, rating, feedback) = ('reviewed', 5, 'Unde magnam consequatur iusto. Unde quaerat aut cupiditate et vel eius ut.') WHERE ct_email = 'Lourdes_Krajcik@gmail.com' AND pet_owner = 'Hadley_Little28@hotmail.com' AND pet_name = 'Eleonore' AND start_date = Date('2020-10-18T13:34:16.630Z') AND end_date = Date('2020-10-26T19:03:38.829Z');
UPDATE bid SET (bid_status, rating, feedback) = ('reviewed', 4, 'Laboriosam quia eligendi recusandae nemo eos veritatis. Repellendus qui natus.') WHERE ct_email = 'Camila_Torphy32@hotmail.com' AND pet_owner = 'Britney_Reilly96@hotmail.com' AND pet_name = 'Chasity' AND start_date = Date('2020-10-18T13:34:16.630Z') AND end_date = Date('2020-10-26T19:03:38.829Z');
UPDATE bid SET (bid_status, rating, feedback) = ('reviewed', 5, 'Nemo porro et ut illum tenetur praesentium aut. Porro harum qui autem delectus consectetur.') WHERE ct_email = 'Marisol_Crooks4@yahoo.com' AND pet_owner = 'Clement.McDermott67@hotmail.com' AND pet_name = 'Cole' AND start_date = Date('2020-10-18T13:34:16.630Z') AND end_date = Date('2020-10-26T19:03:38.829Z');
UPDATE bid SET (bid_status, rating, feedback) = ('reviewed', 3, 'Laudantium consequuntur ullam quasi qui illo alias. Eos quibusdam fugiat.') WHERE ct_email = 'Raleigh_Rosenbaum49@gmail.com' AND pet_owner = 'Lucy_Grady26@yahoo.com' AND pet_name = 'Albina' AND start_date = Date('2020-10-18T13:34:16.630Z') AND end_date = Date('2020-10-26T19:03:38.829Z');
UPDATE bid SET (bid_status, rating, feedback) = ('reviewed', 5, 'Ab fugiat adipisci voluptatem sit qui molestias laudantium. Et hic doloribus amet.') WHERE ct_email = 'Garfield_Schuppe@gmail.com' AND pet_owner = 'Noble70@gmail.com' AND pet_name = 'Patsy' AND start_date = Date('2020-10-18T13:34:16.630Z') AND end_date = Date('2020-10-26T19:03:38.829Z');
UPDATE bid SET (bid_status, rating, feedback) = ('reviewed', 4, 'Exercitationem eveniet enim. Nostrum minus sed ex aut placeat corporis eius veritatis id.') WHERE ct_email = 'Dustin_Ryan@gmail.com' AND pet_owner = 'Keely40@hotmail.com' AND pet_name = 'Trever' AND start_date = Date('2020-10-18T13:34:16.630Z') AND end_date = Date('2020-10-26T19:03:38.829Z');
UPDATE bid SET (bid_status, rating, feedback) = ('reviewed', 3, 'Est voluptatum commodi nulla eius quam. Eligendi velit voluptatem voluptatibus et id voluptas.') WHERE ct_email = 'Theo.Hackett@gmail.com' AND pet_owner = 'Ila23@yahoo.com' AND pet_name = 'Braxton' AND start_date = Date('2020-10-18T13:34:16.630Z') AND end_date = Date('2020-10-26T19:03:38.829Z');
UPDATE bid SET (bid_status, rating, feedback) = ('reviewed', 4, 'Molestias eum consequatur ratione iste rerum. Animi sit accusamus.') WHERE ct_email = 'Hailee_Zieme@hotmail.com' AND pet_owner = 'Dante.Muller98@yahoo.com' AND pet_name = 'Ruthie' AND start_date = Date('2020-10-18T13:34:16.630Z') AND end_date = Date('2020-10-26T19:03:38.829Z');
UPDATE bid SET (bid_status, rating, feedback) = ('reviewed', 4, 'Sint qui eveniet culpa similique voluptatem animi dicta assumenda. At libero tempora fugiat tempora quia sed.') WHERE ct_email = 'Hudson.Barrows@hotmail.com' AND pet_owner = 'Emil_Marks29@gmail.com' AND pet_name = 'Nellie' AND start_date = Date('2020-10-18T13:34:16.630Z') AND end_date = Date('2020-10-26T19:03:38.829Z');
UPDATE bid SET (bid_status, rating, feedback) = ('reviewed', 5, 'Sed excepturi quidem repellendus est cupiditate cumque. Soluta non alias doloremque enim ad accusamus voluptas id.') WHERE ct_email = 'Hayden12@gmail.com' AND pet_owner = 'Ressie7@hotmail.com' AND pet_name = 'Elroy' AND start_date = Date('2020-10-18T13:34:16.630Z') AND end_date = Date('2020-10-26T19:03:38.829Z');
UPDATE bid SET (bid_status, rating, feedback) = ('reviewed', 3, 'Omnis voluptatum magni. Deserunt maxime et autem.') WHERE ct_email = 'Marianna_Hilpert@gmail.com' AND pet_owner = 'Gust_Turcotte@gmail.com' AND pet_name = 'Kobe' AND start_date = Date('2020-10-18T13:34:16.630Z') AND end_date = Date('2020-10-26T19:03:38.829Z');
UPDATE bid SET (bid_status, rating, feedback) = ('reviewed', 3, 'Et beatae quasi beatae nesciunt sed cum saepe. Nisi enim suscipit voluptatum.') WHERE ct_email = 'Jack31@gmail.com' AND pet_owner = 'Bella71@hotmail.com' AND pet_name = 'Claudine' AND start_date = Date('2020-10-18T13:34:16.630Z') AND end_date = Date('2020-10-26T19:03:38.829Z');
UPDATE bid SET (bid_status, rating, feedback) = ('reviewed', 5, 'Quos rerum suscipit odit quo fugiat perspiciatis. Fuga voluptatibus sit ut dicta ipsam eum ad dolorum et.') WHERE ct_email = 'Janae.Kunze55@hotmail.com' AND pet_owner = 'Travon56@hotmail.com' AND pet_name = 'Claudine' AND start_date = Date('2020-10-18T13:34:16.630Z') AND end_date = Date('2020-10-26T19:03:38.829Z');
UPDATE bid SET (bid_status, rating, feedback) = ('reviewed', 4, 'Vel quis natus non nihil eos qui et. Suscipit sed ut ut.') WHERE ct_email = 'Michaela59@yahoo.com' AND pet_owner = 'Araceli_Herzog64@yahoo.com' AND pet_name = 'Mason' AND start_date = Date('2020-10-18T13:34:16.630Z') AND end_date = Date('2020-10-26T19:03:38.829Z');
INSERT INTO bid (ct_email, ct_price, start_date, end_date, is_cash, transport_method, pet_owner, pet_name, bid_status) VALUES ('Deja46@hotmail.com', 12, '2020-10-27T19:03:38.829Z', '2020-11-01T11:30:01.596Z', true, 'delivery', 'Jamaal.Schulist@yahoo.com', 'Merl', 'confirmed');
INSERT INTO bid (ct_email, ct_price, start_date, end_date, is_cash, transport_method, pet_owner, pet_name, bid_status) VALUES ('Oswald_Littel57@yahoo.com', 3, '2020-10-27T19:03:38.829Z', '2020-11-01T11:30:01.596Z', true, 'delivery', 'Bella71@hotmail.com', 'Alexis', 'confirmed');
INSERT INTO bid (ct_email, ct_price, start_date, end_date, is_cash, transport_method, pet_owner, pet_name, bid_status) VALUES ('Millie75@yahoo.com', 11, '2020-10-27T19:03:38.829Z', '2020-11-01T11:30:01.596Z', true, 'delivery', 'Chester38@hotmail.com', 'Cecil', 'confirmed');
INSERT INTO bid (ct_email, ct_price, start_date, end_date, is_cash, transport_method, pet_owner, pet_name, bid_status) VALUES ('Naomi_Ullrich@hotmail.com', 7, '2020-10-27T19:03:38.829Z', '2020-11-01T11:30:01.596Z', true, 'pcs', 'Hardy.Terry@gmail.com', 'Teagan', 'confirmed');
INSERT INTO bid (ct_email, ct_price, start_date, end_date, is_cash, transport_method, pet_owner, pet_name, bid_status) VALUES ('Marquis.Witting64@hotmail.com', 19, '2020-10-27T19:03:38.829Z', '2020-11-01T11:30:01.596Z', true, 'pickup', 'Flavie.West@gmail.com', 'Yesenia', 'confirmed');
INSERT INTO bid (ct_email, ct_price, start_date, end_date, is_cash, transport_method, pet_owner, pet_name, bid_status) VALUES ('Joaquin.Wiegand@gmail.com', 19, '2020-10-27T19:03:38.829Z', '2020-11-01T11:30:01.596Z', true, 'pickup', 'Kyleigh.Nicolas32@gmail.com', 'Janice', 'confirmed');
INSERT INTO bid (ct_email, ct_price, start_date, end_date, is_cash, transport_method, pet_owner, pet_name, bid_status) VALUES ('Josephine64@yahoo.com', 12, '2020-10-27T19:03:38.829Z', '2020-11-01T11:30:01.596Z', true, 'pickup', 'Katlynn.Will@gmail.com', 'Myrtice', 'confirmed');
INSERT INTO bid (ct_email, ct_price, start_date, end_date, is_cash, transport_method, pet_owner, pet_name, bid_status) VALUES ('Ronaldo_Kihn85@yahoo.com', 3, '2020-10-27T19:03:38.829Z', '2020-11-01T11:30:01.596Z', true, 'pickup', 'Amber_Schmidt0@hotmail.com', 'Ethel', 'confirmed');
INSERT INTO bid (ct_email, ct_price, start_date, end_date, is_cash, transport_method, pet_owner, pet_name, bid_status) VALUES ('Khalil_Dietrich@gmail.com', 19, '2020-10-27T19:03:38.829Z', '2020-11-01T11:30:01.596Z', true, 'pickup', 'Augusta_Emmerich72@hotmail.com', 'Adaline', 'confirmed');
INSERT INTO bid (ct_email, ct_price, start_date, end_date, is_cash, transport_method, pet_owner, pet_name, bid_status) VALUES ('Loma_Christiansen@hotmail.com', 7, '2020-10-27T19:03:38.829Z', '2020-11-01T11:30:01.596Z', true, 'delivery', 'Elwin.Larson@yahoo.com', 'Madie', 'confirmed');
INSERT INTO bid (ct_email, ct_price, start_date, end_date, is_cash, transport_method, pet_owner, pet_name, bid_status) VALUES ('Brando95@yahoo.com', 12, '2020-10-27T19:03:38.829Z', '2020-11-01T11:30:01.596Z', true, 'delivery', 'Jayden_Green@hotmail.com', 'Niko', 'confirmed');
INSERT INTO bid (ct_email, ct_price, start_date, end_date, is_cash, transport_method, pet_owner, pet_name, bid_status) VALUES ('Blair_Gerhold@gmail.com', 3, '2020-10-27T19:03:38.829Z', '2020-11-01T11:30:01.596Z', true, 'delivery', 'Haven_Mann13@gmail.com', 'Frank', 'confirmed');
INSERT INTO bid (ct_email, ct_price, start_date, end_date, is_cash, transport_method, pet_owner, pet_name, bid_status) VALUES ('Elda.Huels33@hotmail.com', 5, '2020-10-27T19:03:38.829Z', '2020-11-01T11:30:01.596Z', true, 'pickup', 'Vita23@yahoo.com', 'Domenick', 'confirmed');
INSERT INTO bid (ct_email, ct_price, start_date, end_date, is_cash, transport_method, pet_owner, pet_name, bid_status) VALUES ('Charles.Gleichner@hotmail.com', 15, '2020-10-27T19:03:38.829Z', '2020-11-01T11:30:01.596Z', true, 'delivery', 'Wilfredo_Crooks@yahoo.com', 'Judd', 'confirmed');
INSERT INTO bid (ct_email, ct_price, start_date, end_date, is_cash, transport_method, pet_owner, pet_name, bid_status) VALUES ('Ebony_Veum@gmail.com', 18, '2020-10-27T19:03:38.829Z', '2020-11-01T11:30:01.596Z', true, 'delivery', 'Hadley_Little28@hotmail.com', 'Josiah', 'confirmed');
INSERT INTO bid (ct_email, ct_price, start_date, end_date, is_cash, transport_method, pet_owner, pet_name, bid_status) VALUES ('Kiel_Klocko13@hotmail.com', 17, '2020-10-27T19:03:38.829Z', '2020-11-01T11:30:01.596Z', true, 'pcs', 'Emil.Kovacek@gmail.com', 'Ephraim', 'confirmed');
INSERT INTO bid (ct_email, ct_price, start_date, end_date, is_cash, transport_method, pet_owner, pet_name, bid_status) VALUES ('Jocelyn_Beer@gmail.com', 14, '2020-10-27T19:03:38.829Z', '2020-11-01T11:30:01.596Z', true, 'pickup', 'Lisette35@hotmail.com', 'Furman', 'confirmed');
INSERT INTO bid (ct_email, ct_price, start_date, end_date, is_cash, transport_method, pet_owner, pet_name, bid_status) VALUES ('Esta29@yahoo.com', 12, '2020-10-27T19:03:38.829Z', '2020-11-01T11:30:01.596Z', true, 'delivery', 'Gia92@gmail.com', 'Ashleigh', 'confirmed');
INSERT INTO bid (ct_email, ct_price, start_date, end_date, is_cash, transport_method, pet_owner, pet_name, bid_status) VALUES ('Darwin38@yahoo.com', 0, '2020-10-27T19:03:38.829Z', '2020-11-01T11:30:01.596Z', true, 'pickup', 'Allen53@hotmail.com', 'Russel', 'confirmed');
INSERT INTO bid (ct_email, ct_price, start_date, end_date, is_cash, transport_method, pet_owner, pet_name, bid_status) VALUES ('Greg_Feest@yahoo.com', 5, '2020-10-27T19:03:38.829Z', '2020-11-01T11:30:01.596Z', true, 'delivery', 'Daphne_Kulas49@hotmail.com', 'Prince', 'confirmed');
INSERT INTO bid (ct_email, ct_price, start_date, end_date, is_cash, transport_method, pet_owner, pet_name, bid_status) VALUES ('Rory_Zulauf49@yahoo.com', 5, '2020-10-27T19:03:38.829Z', '2020-11-01T11:30:01.596Z', true, 'pcs', 'Chadd_Carter25@hotmail.com', 'Hassan', 'confirmed');
INSERT INTO bid (ct_email, ct_price, start_date, end_date, is_cash, transport_method, pet_owner, pet_name, bid_status) VALUES ('Lela_Beahan@gmail.com', 6, '2020-10-27T19:03:38.829Z', '2020-11-01T11:30:01.596Z', true, 'pcs', 'Winston_Pfannerstill9@yahoo.com', 'Ray', 'confirmed');
INSERT INTO bid (ct_email, ct_price, start_date, end_date, is_cash, transport_method, pet_owner, pet_name, bid_status) VALUES ('Rodrigo.Hand59@yahoo.com', 6, '2020-10-27T19:03:38.829Z', '2020-11-01T11:30:01.596Z', true, 'pcs', 'Rashad85@hotmail.com', 'Tom', 'confirmed');
INSERT INTO bid (ct_email, ct_price, start_date, end_date, is_cash, transport_method, pet_owner, pet_name, bid_status) VALUES ('Morris_Runolfsdottir6@gmail.com', 18, '2020-10-27T19:03:38.829Z', '2020-11-01T11:30:01.596Z', true, 'pcs', 'Kim.Dach@yahoo.com', 'Amie', 'confirmed');
INSERT INTO bid (ct_email, ct_price, start_date, end_date, is_cash, transport_method, pet_owner, pet_name, bid_status) VALUES ('Aiden.Sporer@hotmail.com', 5, '2020-10-27T19:03:38.829Z', '2020-11-01T11:30:01.596Z', true, 'pcs', 'Letitia_Brekke@hotmail.com', 'Federico', 'confirmed');
INSERT INTO bid (ct_email, ct_price, start_date, end_date, is_cash, transport_method, pet_owner, pet_name, bid_status) VALUES ('Kailyn99@yahoo.com', 1, '2020-10-27T19:03:38.829Z', '2020-11-01T11:30:01.596Z', true, 'delivery', 'Ernest_Beer23@hotmail.com', 'John', 'confirmed');
INSERT INTO bid (ct_email, ct_price, start_date, end_date, is_cash, transport_method, pet_owner, pet_name, bid_status) VALUES ('Hobart_Swaniawski@gmail.com', 1, '2020-10-27T19:03:38.829Z', '2020-11-01T11:30:01.596Z', true, 'pickup', 'Emmie_Dicki@hotmail.com', 'Adrienne', 'confirmed');
INSERT INTO bid (ct_email, ct_price, start_date, end_date, is_cash, transport_method, pet_owner, pet_name, bid_status) VALUES ('Verna_Braun72@yahoo.com', 10, '2020-10-27T19:03:38.829Z', '2020-11-01T11:30:01.596Z', true, 'delivery', 'Billie.Pagac@yahoo.com', 'Abner', 'confirmed');
INSERT INTO bid (ct_email, ct_price, start_date, end_date, is_cash, transport_method, pet_owner, pet_name, bid_status) VALUES ('Amber_Schmidt0@hotmail.com', 1, '2020-10-27T19:03:38.829Z', '2020-11-01T11:30:01.596Z', true, 'pcs', 'Darwin38@yahoo.com', 'Laisha', 'confirmed');
INSERT INTO bid (ct_email, ct_price, start_date, end_date, is_cash, transport_method, pet_owner, pet_name, bid_status) VALUES ('Willow91@hotmail.com', 16, '2020-10-27T19:03:38.829Z', '2020-11-01T11:30:01.596Z', true, 'delivery', 'Herbert_Hamill10@yahoo.com', 'Luella', 'confirmed');
INSERT INTO bid (ct_email, ct_price, start_date, end_date, is_cash, transport_method, pet_owner, pet_name, bid_status) VALUES ('Travon56@hotmail.com', 1, '2020-10-27T19:03:38.829Z', '2020-11-01T11:30:01.596Z', true, 'delivery', 'Tony85@hotmail.com', 'Leatha', 'confirmed');
INSERT INTO bid (ct_email, ct_price, start_date, end_date, is_cash, transport_method, pet_owner, pet_name, bid_status) VALUES ('Brant_Denesik17@hotmail.com', 13, '2020-10-27T19:03:38.829Z', '2020-11-01T11:30:01.596Z', true, 'delivery', 'Lessie_Thompson@gmail.com', 'Wallace', 'confirmed');
INSERT INTO bid (ct_email, ct_price, start_date, end_date, is_cash, transport_method, pet_owner, pet_name, bid_status) VALUES ('Loy85@gmail.com', 10, '2020-10-27T19:03:38.829Z', '2020-11-01T11:30:01.596Z', true, 'pcs', 'Santos_Robel66@gmail.com', 'Melany', 'confirmed');
INSERT INTO bid (ct_email, ct_price, start_date, end_date, is_cash, transport_method, pet_owner, pet_name, bid_status) VALUES ('Mona_Rohan@hotmail.com', 11, '2020-10-27T19:03:38.829Z', '2020-11-01T11:30:01.596Z', true, 'pickup', 'Vita23@yahoo.com', 'Michaela', 'confirmed');
INSERT INTO bid (ct_email, ct_price, start_date, end_date, is_cash, transport_method, pet_owner, pet_name, bid_status) VALUES ('Dolores.Gaylord@hotmail.com', 6, '2020-10-27T19:03:38.829Z', '2020-11-01T11:30:01.596Z', true, 'pcs', 'Reva.Crist@gmail.com', 'Wilma', 'confirmed');
INSERT INTO bid (ct_email, ct_price, start_date, end_date, is_cash, transport_method, pet_owner, pet_name, bid_status) VALUES ('Ebony21@gmail.com', 10, '2020-10-27T19:03:38.829Z', '2020-11-01T11:30:01.596Z', true, 'pcs', 'Christy75@gmail.com', 'Vernie', 'confirmed');
INSERT INTO bid (ct_email, ct_price, start_date, end_date, is_cash, transport_method, pet_owner, pet_name, bid_status) VALUES ('Tressie.Johnston6@hotmail.com', 8, '2020-10-27T19:03:38.829Z', '2020-11-01T11:30:01.596Z', true, 'pickup', 'Madeline.Schowalter4@yahoo.com', 'Susanna', 'confirmed');
INSERT INTO bid (ct_email, ct_price, start_date, end_date, is_cash, transport_method, pet_owner, pet_name, bid_status) VALUES ('Monique45@yahoo.com', 8, '2020-10-27T19:03:38.829Z', '2020-11-01T11:30:01.596Z', true, 'pcs', 'Cecilia_Nikolaus35@yahoo.com', 'Rosario', 'confirmed');
INSERT INTO bid (ct_email, ct_price, start_date, end_date, is_cash, transport_method, pet_owner, pet_name, bid_status) VALUES ('Elva_Barton@gmail.com', 14, '2020-10-27T19:03:38.829Z', '2020-11-01T11:30:01.596Z', true, 'pickup', 'Jaclyn83@yahoo.com', 'Fernando', 'confirmed');
INSERT INTO bid (ct_email, ct_price, start_date, end_date, is_cash, transport_method, pet_owner, pet_name, bid_status) VALUES ('King82@yahoo.com', 12, '2020-10-27T19:03:38.829Z', '2020-11-01T11:30:01.596Z', true, 'pcs', 'Ila23@yahoo.com', 'Elvis', 'confirmed');
INSERT INTO bid (ct_email, ct_price, start_date, end_date, is_cash, transport_method, pet_owner, pet_name, bid_status) VALUES ('Alycia.Nader98@hotmail.com', 2, '2020-10-27T19:03:38.829Z', '2020-11-01T11:30:01.596Z', true, 'pickup', 'Neal.Schuster67@hotmail.com', 'Demetrius', 'confirmed');
INSERT INTO bid (ct_email, ct_price, start_date, end_date, is_cash, transport_method, pet_owner, pet_name, bid_status) VALUES ('Maude.Lesch@hotmail.com', 9, '2020-10-27T19:03:38.829Z', '2020-11-01T11:30:01.596Z', true, 'pcs', 'Emmy.White@gmail.com', 'Hester', 'confirmed');
INSERT INTO bid (ct_email, ct_price, start_date, end_date, is_cash, transport_method, pet_owner, pet_name, bid_status) VALUES ('Luisa_Beier@hotmail.com', 14, '2020-10-27T19:03:38.829Z', '2020-11-01T11:30:01.596Z', true, 'delivery', 'Frida_Nicolas@gmail.com', 'Adolphus', 'confirmed');
INSERT INTO bid (ct_email, ct_price, start_date, end_date, is_cash, transport_method, pet_owner, pet_name, bid_status) VALUES ('Leilani_Schulist@yahoo.com', 2, '2020-10-27T19:03:38.829Z', '2020-11-01T11:30:01.596Z', true, 'pcs', 'Herta.Harber60@hotmail.com', 'Wilfredo', 'confirmed');
INSERT INTO bid (ct_email, ct_price, start_date, end_date, is_cash, transport_method, pet_owner, pet_name, bid_status) VALUES ('Hester7@hotmail.com', 19, '2020-10-27T19:03:38.829Z', '2020-11-01T11:30:01.596Z', true, 'delivery', 'Merlin_Wilderman94@gmail.com', 'Zoie', 'confirmed');
INSERT INTO bid (ct_email, ct_price, start_date, end_date, is_cash, transport_method, pet_owner, pet_name, bid_status) VALUES ('Janelle_Gutkowski24@yahoo.com', 13, '2020-10-27T19:03:38.829Z', '2020-11-01T11:30:01.596Z', true, 'delivery', 'Noemi.Boyle31@gmail.com', 'Brayan', 'confirmed');
INSERT INTO bid (ct_email, ct_price, start_date, end_date, is_cash, transport_method, pet_owner, pet_name, bid_status) VALUES ('Kyla65@yahoo.com', 3, '2020-10-27T19:03:38.829Z', '2020-11-01T11:30:01.596Z', true, 'pickup', 'Manuel15@hotmail.com', 'Lois', 'confirmed');
INSERT INTO bid (ct_email, ct_price, start_date, end_date, is_cash, transport_method, pet_owner, pet_name, bid_status) VALUES ('Vena.Schmeler65@hotmail.com', 6, '2020-10-27T19:03:38.829Z', '2020-11-01T11:30:01.596Z', true, 'pickup', 'Isaiah.Corwin49@gmail.com', 'Margie', 'confirmed');
INSERT INTO bid (ct_email, ct_price, start_date, end_date, is_cash, transport_method, pet_owner, pet_name, bid_status) VALUES ('Noah_Maggio64@yahoo.com', 5, '2020-10-27T19:03:38.829Z', '2020-11-01T11:30:01.596Z', true, 'pickup', 'Winifred99@hotmail.com', 'Beaulah', 'confirmed');
INSERT INTO bid (ct_email, ct_price, start_date, end_date, is_cash, transport_method, pet_owner, pet_name, bid_status) VALUES ('Arvid_Cummerata63@hotmail.com', 17, '2020-10-27T19:03:38.829Z', '2020-11-01T11:30:01.596Z', true, 'pcs', 'Sarah.Cremin64@yahoo.com', 'Wilma', 'confirmed');
INSERT INTO bid (ct_email, ct_price, start_date, end_date, is_cash, transport_method, pet_owner, pet_name, bid_status) VALUES ('Santos_Robel66@gmail.com', 20, '2020-10-27T19:03:38.829Z', '2020-11-01T11:30:01.596Z', true, 'pcs', 'Barrett62@yahoo.com', 'Adah', 'confirmed');
INSERT INTO bid (ct_email, ct_price, start_date, end_date, is_cash, transport_method, pet_owner, pet_name, bid_status) VALUES ('Malachi_OKeefe@hotmail.com', 15, '2020-10-27T19:03:38.829Z', '2020-11-01T11:30:01.596Z', true, 'delivery', 'Lillian61@hotmail.com', 'Aniya', 'confirmed');
INSERT INTO bid (ct_email, ct_price, start_date, end_date, is_cash, transport_method, pet_owner, pet_name, bid_status) VALUES ('Lorenz_Tillman@yahoo.com', 14, '2020-10-27T19:03:38.829Z', '2020-11-01T11:30:01.596Z', true, 'delivery', 'Greta_OConnell25@hotmail.com', 'Sabryna', 'confirmed');
INSERT INTO bid (ct_email, ct_price, start_date, end_date, is_cash, transport_method, pet_owner, pet_name, bid_status) VALUES ('Taryn_Nikolaus43@hotmail.com', 15, '2020-10-27T19:03:38.829Z', '2020-11-01T11:30:01.596Z', true, 'delivery', 'Ebba64@gmail.com', 'Weldon', 'confirmed');
INSERT INTO bid (ct_email, ct_price, start_date, end_date, is_cash, transport_method, pet_owner, pet_name, bid_status) VALUES ('Domenic.Jakubowski@yahoo.com', 0, '2020-10-27T19:03:38.829Z', '2020-11-01T11:30:01.596Z', true, 'pickup', 'Haven_Mann13@gmail.com', 'Elva', 'confirmed');
INSERT INTO bid (ct_email, ct_price, start_date, end_date, is_cash, transport_method, pet_owner, pet_name, bid_status) VALUES ('Luella85@gmail.com', 10, '2020-10-27T19:03:38.829Z', '2020-11-01T11:30:01.596Z', true, 'pcs', 'Oleta.Muller64@yahoo.com', 'Lilliana', 'confirmed');
INSERT INTO bid (ct_email, ct_price, start_date, end_date, is_cash, transport_method, pet_owner, pet_name, bid_status) VALUES ('Daphney_Anderson28@yahoo.com', 8, '2020-10-27T19:03:38.829Z', '2020-11-01T11:30:01.596Z', true, 'pcs', 'Lorenz_Tillman@yahoo.com', 'Lilian', 'confirmed');
INSERT INTO bid (ct_email, ct_price, start_date, end_date, is_cash, transport_method, pet_owner, pet_name, bid_status) VALUES ('Kenton91@gmail.com', 20, '2020-10-27T19:03:38.829Z', '2020-11-01T11:30:01.596Z', true, 'pickup', 'Harold.Altenwerth@hotmail.com', 'Murl', 'confirmed');
INSERT INTO bid (ct_email, ct_price, start_date, end_date, is_cash, transport_method, pet_owner, pet_name, bid_status) VALUES ('Madeline.Schowalter4@yahoo.com', 11, '2020-10-27T19:03:38.829Z', '2020-11-01T11:30:01.596Z', true, 'pcs', 'Lulu.DAmore@hotmail.com', 'Sylvester', 'confirmed');
INSERT INTO bid (ct_email, ct_price, start_date, end_date, is_cash, transport_method, pet_owner, pet_name, bid_status) VALUES ('Amya_Jaskolski15@yahoo.com', 8, '2020-10-27T19:03:38.829Z', '2020-11-01T11:30:01.596Z', true, 'delivery', 'Shannon_Zemlak@yahoo.com', 'Jaron', 'confirmed');
INSERT INTO bid (ct_email, ct_price, start_date, end_date, is_cash, transport_method, pet_owner, pet_name, bid_status) VALUES ('Carlotta4@gmail.com', 16, '2020-10-27T19:03:38.829Z', '2020-11-01T11:30:01.596Z', true, 'delivery', 'Alexzander.Lockman@gmail.com', 'Jovanny', 'confirmed');
INSERT INTO bid (ct_email, ct_price, start_date, end_date, is_cash, transport_method, pet_owner, pet_name, bid_status) VALUES ('Hannah_Wolf@gmail.com', 13, '2020-10-27T19:03:38.829Z', '2020-11-01T11:30:01.596Z', true, 'pickup', 'Otilia_Kreiger@hotmail.com', 'Tyrese', 'confirmed');
INSERT INTO bid (ct_email, ct_price, start_date, end_date, is_cash, transport_method, pet_owner, pet_name, bid_status) VALUES ('Tony85@hotmail.com', 5, '2020-10-27T19:03:38.829Z', '2020-11-01T11:30:01.596Z', true, 'pcs', 'Lillian61@hotmail.com', 'Mozell', 'confirmed');
INSERT INTO bid (ct_email, ct_price, start_date, end_date, is_cash, transport_method, pet_owner, pet_name, bid_status) VALUES ('Letitia_Brekke@hotmail.com', 20, '2020-10-27T19:03:38.829Z', '2020-11-01T11:30:01.596Z', true, 'delivery', 'Precious_Terry@yahoo.com', 'Eloise', 'confirmed');
INSERT INTO bid (ct_email, ct_price, start_date, end_date, is_cash, transport_method, pet_owner, pet_name, bid_status) VALUES ('Wade.Murazik53@hotmail.com', 11, '2020-10-27T19:03:38.829Z', '2020-11-01T11:30:01.596Z', true, 'pcs', 'Elbert49@yahoo.com', 'Jamison', 'confirmed');
INSERT INTO bid (ct_email, ct_price, start_date, end_date, is_cash, transport_method, pet_owner, pet_name, bid_status) VALUES ('Kip39@yahoo.com', 3, '2020-10-27T19:03:38.829Z', '2020-11-01T11:30:01.596Z', true, 'delivery', 'Jake9@gmail.com', 'Keith', 'confirmed');
INSERT INTO bid (ct_email, ct_price, start_date, end_date, is_cash, transport_method, pet_owner, pet_name, bid_status) VALUES ('Clement_Larkin5@hotmail.com', 9, '2020-10-27T19:03:38.829Z', '2020-11-01T11:30:01.596Z', true, 'pcs', 'Isaiah.Corwin49@gmail.com', 'Jess', 'confirmed');
INSERT INTO bid (ct_email, ct_price, start_date, end_date, is_cash, transport_method, pet_owner, pet_name, bid_status) VALUES ('Jaquelin_Cruickshank20@yahoo.com', 4, '2020-10-27T19:03:38.829Z', '2020-11-01T11:30:01.596Z', true, 'pcs', 'Noble70@gmail.com', 'Arvilla', 'confirmed');
INSERT INTO bid (ct_email, ct_price, start_date, end_date, is_cash, transport_method, pet_owner, pet_name, bid_status) VALUES ('Eldred84@yahoo.com', 19, '2020-10-27T19:03:38.829Z', '2020-11-01T11:30:01.596Z', true, 'pickup', 'Gerhard_Johnston22@hotmail.com', 'Bethel', 'confirmed');
INSERT INTO bid (ct_email, ct_price, start_date, end_date, is_cash, transport_method, pet_owner, pet_name, bid_status) VALUES ('Fermin89@hotmail.com', 2, '2020-10-27T19:03:38.829Z', '2020-11-01T11:30:01.596Z', true, 'pickup', 'Marlin.Turcotte@hotmail.com', 'Jensen', 'confirmed');
INSERT INTO bid (ct_email, ct_price, start_date, end_date, is_cash, transport_method, pet_owner, pet_name, bid_status) VALUES ('Savanna28@hotmail.com', 19, '2020-10-27T19:03:38.829Z', '2020-11-01T11:30:01.596Z', true, 'pcs', 'Noble70@gmail.com', 'Patsy', 'confirmed');
INSERT INTO bid (ct_email, ct_price, start_date, end_date, is_cash, transport_method, pet_owner, pet_name, bid_status) VALUES ('Esther.Bednar@gmail.com', 9, '2020-10-27T19:03:38.829Z', '2020-11-01T11:30:01.596Z', true, 'delivery', 'Eloisa_Murphy@gmail.com', 'Ignacio', 'confirmed');
INSERT INTO bid (ct_email, ct_price, start_date, end_date, is_cash, transport_method, pet_owner, pet_name, bid_status) VALUES ('Andreane_Boyer83@gmail.com', 2, '2020-10-27T19:03:38.829Z', '2020-11-01T11:30:01.596Z', true, 'delivery', 'Maegan.Cole@gmail.com', 'Reanna', 'confirmed');
INSERT INTO bid (ct_email, ct_price, start_date, end_date, is_cash, transport_method, pet_owner, pet_name, bid_status) VALUES ('Furman12@hotmail.com', 12, '2020-10-27T19:03:38.829Z', '2020-11-01T11:30:01.596Z', true, 'delivery', 'Otilia_Kreiger@hotmail.com', 'Bryce', 'confirmed');
INSERT INTO bid (ct_email, ct_price, start_date, end_date, is_cash, transport_method, pet_owner, pet_name, bid_status) VALUES ('Hallie65@yahoo.com', 2, '2020-10-27T19:03:38.829Z', '2020-11-01T11:30:01.596Z', true, 'pcs', 'Nikolas_Torp90@gmail.com', 'Angus', 'confirmed');
INSERT INTO bid (ct_email, ct_price, start_date, end_date, is_cash, transport_method, pet_owner, pet_name, bid_status) VALUES ('Amaya.Lang@gmail.com', 8, '2020-10-27T19:03:38.829Z', '2020-11-01T11:30:01.596Z', true, 'pickup', 'April21@hotmail.com', 'Vernie', 'confirmed');
INSERT INTO bid (ct_email, ct_price, start_date, end_date, is_cash, transport_method, pet_owner, pet_name, bid_status) VALUES ('Charles.Zemlak67@gmail.com', 10, '2020-10-27T19:03:38.829Z', '2020-11-01T11:30:01.596Z', true, 'delivery', 'Edward_Waelchi@yahoo.com', 'Lula', 'confirmed');
INSERT INTO bid (ct_email, ct_price, start_date, end_date, is_cash, transport_method, pet_owner, pet_name, bid_status) VALUES ('Jaron.Cassin@gmail.com', 17, '2020-10-27T19:03:38.829Z', '2020-11-01T11:30:01.596Z', true, 'pcs', 'Ernest_Beer23@hotmail.com', 'Rollin', 'confirmed');
INSERT INTO bid (ct_email, ct_price, start_date, end_date, is_cash, transport_method, pet_owner, pet_name, bid_status) VALUES ('Rocky45@hotmail.com', 9, '2020-10-27T19:03:38.829Z', '2020-11-01T11:30:01.596Z', true, 'pickup', 'Lenore.Hyatt66@hotmail.com', 'Nyah', 'confirmed');
INSERT INTO bid (ct_email, ct_price, start_date, end_date, is_cash, transport_method, pet_owner, pet_name, bid_status) VALUES ('Madelynn.Glover@yahoo.com', 11, '2020-10-27T19:03:38.829Z', '2020-11-01T11:30:01.596Z', true, 'pcs', 'Kayleigh_Dickinson92@hotmail.com', 'Raquel', 'confirmed');
INSERT INTO bid (ct_email, ct_price, start_date, end_date, is_cash, transport_method, pet_owner, pet_name, bid_status) VALUES ('Garrison.Dickinson@hotmail.com', 4, '2020-10-27T19:03:38.829Z', '2020-11-01T11:30:01.596Z', true, 'pickup', 'Annie.Balistreri@gmail.com', 'Kelli', 'confirmed');
INSERT INTO bid (ct_email, ct_price, start_date, end_date, is_cash, transport_method, pet_owner, pet_name, bid_status) VALUES ('Alessandro56@hotmail.com', 14, '2020-10-27T19:03:38.829Z', '2020-11-01T11:30:01.596Z', true, 'delivery', 'Mariam.Fadel47@hotmail.com', 'German', 'confirmed');
INSERT INTO bid (ct_email, ct_price, start_date, end_date, is_cash, transport_method, pet_owner, pet_name, bid_status) VALUES ('Kathlyn_Rowe21@yahoo.com', 17, '2020-10-27T19:03:38.829Z', '2020-11-01T11:30:01.596Z', true, 'pcs', 'Iva38@yahoo.com', 'Cathryn', 'confirmed');
INSERT INTO bid (ct_email, ct_price, start_date, end_date, is_cash, transport_method, pet_owner, pet_name, bid_status) VALUES ('Alverta.Zulauf@yahoo.com', 11, '2020-10-27T19:03:38.829Z', '2020-11-01T11:30:01.596Z', true, 'pickup', 'Tressie78@gmail.com', 'Ayden', 'confirmed');
INSERT INTO bid (ct_email, ct_price, start_date, end_date, is_cash, transport_method, pet_owner, pet_name, bid_status) VALUES ('Hadley.Ruecker@hotmail.com', 1, '2020-10-27T19:03:38.829Z', '2020-11-01T11:30:01.596Z', true, 'pcs', 'Tyrel_Beier83@yahoo.com', 'Grady', 'confirmed');
INSERT INTO bid (ct_email, ct_price, start_date, end_date, is_cash, transport_method, pet_owner, pet_name, bid_status) VALUES ('Maxwell.Medhurst@hotmail.com', 2, '2020-10-27T19:03:38.829Z', '2020-11-01T11:30:01.596Z', true, 'pickup', 'Britney_Dooley@hotmail.com', 'Orlo', 'confirmed');
INSERT INTO bid (ct_email, ct_price, start_date, end_date, is_cash, transport_method, pet_owner, pet_name, bid_status) VALUES ('Julia87@hotmail.com', 19, '2020-10-27T19:03:38.829Z', '2020-11-01T11:30:01.596Z', true, 'pcs', 'Demarcus.Schowalter12@gmail.com', 'Vivian', 'confirmed');
INSERT INTO bid (ct_email, ct_price, start_date, end_date, is_cash, transport_method, pet_owner, pet_name, bid_status) VALUES ('Gisselle_Marvin4@gmail.com', 9, '2020-10-27T19:03:38.829Z', '2020-11-01T11:30:01.596Z', true, 'pcs', 'Brittany_Carter87@hotmail.com', 'Janet', 'confirmed');
INSERT INTO bid (ct_email, ct_price, start_date, end_date, is_cash, transport_method, pet_owner, pet_name, bid_status) VALUES ('Berenice.Hirthe@yahoo.com', 3, '2020-10-27T19:03:38.829Z', '2020-11-01T11:30:01.596Z', true, 'pcs', 'Abbey.McCullough@hotmail.com', 'Nova', 'confirmed');
INSERT INTO bid (ct_email, ct_price, start_date, end_date, is_cash, transport_method, pet_owner, pet_name, bid_status) VALUES ('Reva_Ratke14@gmail.com', 15, '2020-10-27T19:03:38.829Z', '2020-11-01T11:30:01.596Z', true, 'delivery', 'Martin99@gmail.com', 'Aracely', 'confirmed');
INSERT INTO bid (ct_email, ct_price, start_date, end_date, is_cash, transport_method, pet_owner, pet_name, bid_status) VALUES ('Christy75@gmail.com', 13, '2020-10-27T19:03:38.829Z', '2020-11-01T11:30:01.596Z', true, 'pcs', 'Jason76@yahoo.com', 'Jackie', 'confirmed');
INSERT INTO bid (ct_email, ct_price, start_date, end_date, is_cash, transport_method, pet_owner, pet_name, bid_status) VALUES ('Carmela.Flatley@gmail.com', 15, '2020-10-27T19:03:38.829Z', '2020-11-01T11:30:01.596Z', true, 'pickup', 'Josefa_Funk@gmail.com', 'Ottilie', 'confirmed');
INSERT INTO bid (ct_email, ct_price, start_date, end_date, is_cash, transport_method, pet_owner, pet_name, bid_status) VALUES ('Sammie.Rowe94@hotmail.com', 12, '2020-10-27T19:03:38.829Z', '2020-11-01T11:30:01.596Z', true, 'delivery', 'Flo81@hotmail.com', 'Nikko', 'confirmed');
INSERT INTO bid (ct_email, ct_price, start_date, end_date, is_cash, transport_method, pet_owner, pet_name, bid_status) VALUES ('Reba31@gmail.com', 9, '2020-10-27T19:03:38.829Z', '2020-11-01T11:30:01.596Z', true, 'pcs', 'Abbie69@yahoo.com', 'Ahmed', 'confirmed');
INSERT INTO bid (ct_email, ct_price, start_date, end_date, is_cash, transport_method, pet_owner, pet_name, bid_status) VALUES ('Ferne.Reichert@hotmail.com', 7, '2020-10-27T19:03:38.829Z', '2020-11-01T11:30:01.596Z', true, 'pickup', 'Danyka64@gmail.com', 'Wilhelm', 'confirmed');
INSERT INTO bid (ct_email, ct_price, start_date, end_date, is_cash, transport_method, pet_owner, pet_name, bid_status) VALUES ('Amara_Blanda21@hotmail.com', 20, '2020-10-27T19:03:38.829Z', '2020-11-01T11:30:01.596Z', true, 'pcs', 'Dudley.Schaefer38@yahoo.com', 'Easter', 'confirmed');
INSERT INTO bid (ct_email, ct_price, start_date, end_date, is_cash, transport_method, pet_owner, pet_name, bid_status) VALUES ('Itzel.Gorczany15@gmail.com', 15, '2020-10-27T19:03:38.829Z', '2020-11-01T11:30:01.596Z', true, 'pcs', 'Eveline.Howell36@yahoo.com', 'Chelsea', 'confirmed');
INSERT INTO bid (ct_email, ct_price, start_date, end_date, is_cash, transport_method, pet_owner, pet_name, bid_status) VALUES ('Vern_Yost@hotmail.com', 0, '2020-10-27T19:03:38.829Z', '2020-11-01T11:30:01.596Z', true, 'pickup', 'Alena75@hotmail.com', 'Emmet', 'confirmed');
INSERT INTO bid (ct_email, ct_price, start_date, end_date, is_cash, transport_method, pet_owner, pet_name, bid_status) VALUES ('Jayson_Homenick@gmail.com', 6, '2020-10-27T19:03:38.829Z', '2020-11-01T11:30:01.596Z', true, 'pcs', 'Gardner_Balistreri32@yahoo.com', 'Marlin', 'confirmed');
INSERT INTO bid (ct_email, ct_price, start_date, end_date, is_cash, transport_method, pet_owner, pet_name, bid_status) VALUES ('Ila23@yahoo.com', 8, '2020-10-27T19:03:38.829Z', '2020-11-01T11:30:01.596Z', true, 'pickup', 'Caroline.Hane@gmail.com', 'Colton', 'confirmed');
INSERT INTO bid (ct_email, ct_price, start_date, end_date, is_cash, transport_method, pet_owner, pet_name, bid_status) VALUES ('Shemar95@yahoo.com', 4, '2020-10-27T19:03:38.829Z', '2020-11-01T11:30:01.596Z', true, 'pickup', 'Irma36@gmail.com', 'Raina', 'confirmed');
INSERT INTO bid (ct_email, ct_price, start_date, end_date, is_cash, transport_method, pet_owner, pet_name, bid_status) VALUES ('Maxine.Feil87@yahoo.com', 19, '2020-10-27T19:03:38.829Z', '2020-11-01T11:30:01.596Z', true, 'delivery', 'Brianne_Breitenberg@hotmail.com', 'Kadin', 'confirmed');
INSERT INTO bid (ct_email, ct_price, start_date, end_date, is_cash, transport_method, pet_owner, pet_name, bid_status) VALUES ('Jana88@hotmail.com', 5, '2020-10-27T19:03:38.829Z', '2020-11-01T11:30:01.596Z', true, 'delivery', 'Adella_West37@yahoo.com', 'Myra', 'confirmed');
INSERT INTO bid (ct_email, ct_price, start_date, end_date, is_cash, transport_method, pet_owner, pet_name, bid_status) VALUES ('Hazel_Botsford@gmail.com', 6, '2020-10-27T19:03:38.829Z', '2020-11-01T11:30:01.596Z', true, 'delivery', 'Britney_Reilly96@hotmail.com', 'Chasity', 'confirmed');
INSERT INTO bid (ct_email, ct_price, start_date, end_date, is_cash, transport_method, pet_owner, pet_name, bid_status) VALUES ('Elian_Botsford@hotmail.com', 8, '2020-10-27T19:03:38.829Z', '2020-11-01T11:30:01.596Z', true, 'pcs', 'Antonette.Boyer@gmail.com', 'Onie', 'confirmed');
INSERT INTO bid (ct_email, ct_price, start_date, end_date, is_cash, transport_method, pet_owner, pet_name, bid_status) VALUES ('Stephen_Rath18@gmail.com', 13, '2020-10-27T19:03:38.829Z', '2020-11-01T11:30:01.596Z', true, 'pcs', 'Linda45@yahoo.com', 'Nicolas', 'confirmed');
INSERT INTO bid (ct_email, ct_price, start_date, end_date, is_cash, transport_method, pet_owner, pet_name, bid_status) VALUES ('Donny23@yahoo.com', 5, '2020-10-27T19:03:38.829Z', '2020-11-01T11:30:01.596Z', true, 'pcs', 'Georgiana_Doyle4@hotmail.com', 'Raquel', 'confirmed');
INSERT INTO bid (ct_email, ct_price, start_date, end_date, is_cash, transport_method, pet_owner, pet_name, bid_status) VALUES ('Jace_Daniel@yahoo.com', 10, '2020-10-27T19:03:38.829Z', '2020-11-01T11:30:01.596Z', true, 'delivery', 'Estell28@yahoo.com', 'Laisha', 'confirmed');
INSERT INTO bid (ct_email, ct_price, start_date, end_date, is_cash, transport_method, pet_owner, pet_name, bid_status) VALUES ('Jed25@hotmail.com', 13, '2020-10-27T19:03:38.829Z', '2020-11-01T11:30:01.596Z', true, 'pickup', 'Shanny_Koss60@yahoo.com', 'Audreanne', 'confirmed');
INSERT INTO bid (ct_email, ct_price, start_date, end_date, is_cash, transport_method, pet_owner, pet_name, bid_status) VALUES ('Queen.Wilderman71@hotmail.com', 7, '2020-10-27T19:03:38.829Z', '2020-11-01T11:30:01.596Z', true, 'pcs', 'Darwin38@yahoo.com', 'Kathleen', 'confirmed');
INSERT INTO bid (ct_email, ct_price, start_date, end_date, is_cash, transport_method, pet_owner, pet_name, bid_status) VALUES ('Sheila.Towne49@yahoo.com', 2, '2020-10-27T19:03:38.829Z', '2020-11-01T11:30:01.596Z', true, 'pcs', 'Ila23@yahoo.com', 'Braxton', 'confirmed');
INSERT INTO bid (ct_email, ct_price, start_date, end_date, is_cash, transport_method, pet_owner, pet_name, bid_status) VALUES ('Carson56@gmail.com', 12, '2020-10-27T19:03:38.829Z', '2020-11-01T11:30:01.596Z', true, 'pcs', 'Lowell86@hotmail.com', 'Reta', 'confirmed');
INSERT INTO bid (ct_email, ct_price, start_date, end_date, is_cash, transport_method, pet_owner, pet_name, bid_status) VALUES ('Isai_Crooks@gmail.com', 13, '2020-10-27T19:03:38.829Z', '2020-11-01T11:30:01.596Z', true, 'pcs', 'Mario.Welch13@hotmail.com', 'Leta', 'confirmed');
INSERT INTO bid (ct_email, ct_price, start_date, end_date, is_cash, transport_method, pet_owner, pet_name, bid_status) VALUES ('Gilbert.McGlynn@hotmail.com', 6, '2020-10-27T19:03:38.829Z', '2020-11-01T11:30:01.596Z', true, 'pickup', 'Jovanny_Marks25@yahoo.com', 'Nannie', 'confirmed');
INSERT INTO bid (ct_email, ct_price, start_date, end_date, is_cash, transport_method, pet_owner, pet_name, bid_status) VALUES ('Hipolito_Schamberger@gmail.com', 15, '2020-10-27T19:03:38.829Z', '2020-11-01T11:30:01.596Z', true, 'delivery', 'Aglae.Marquardt3@gmail.com', 'Fiona', 'confirmed');
INSERT INTO bid (ct_email, ct_price, start_date, end_date, is_cash, transport_method, pet_owner, pet_name, bid_status) VALUES ('Isadore_Grady49@yahoo.com', 16, '2020-10-27T19:03:38.829Z', '2020-11-01T11:30:01.596Z', true, 'pickup', 'Wiley.Deckow@yahoo.com', 'Muriel', 'confirmed');
INSERT INTO bid (ct_email, ct_price, start_date, end_date, is_cash, transport_method, pet_owner, pet_name, bid_status) VALUES ('Lawrence16@yahoo.com', 7, '2020-10-27T19:03:38.829Z', '2020-11-01T11:30:01.596Z', true, 'pcs', 'Stephon65@yahoo.com', 'Karlee', 'confirmed');
INSERT INTO bid (ct_email, ct_price, start_date, end_date, is_cash, transport_method, pet_owner, pet_name, bid_status) VALUES ('Gia92@gmail.com', 18, '2020-10-27T19:03:38.829Z', '2020-11-01T11:30:01.596Z', true, 'pickup', 'Selena.Flatley98@gmail.com', 'Noe', 'confirmed');
INSERT INTO bid (ct_email, ct_price, start_date, end_date, is_cash, transport_method, pet_owner, pet_name, bid_status) VALUES ('Etha_Altenwerth74@gmail.com', 1, '2020-10-27T19:03:38.829Z', '2020-11-01T11:30:01.596Z', true, 'pcs', 'Carolanne47@yahoo.com', 'Ronny', 'confirmed');
INSERT INTO bid (ct_email, ct_price, start_date, end_date, is_cash, transport_method, pet_owner, pet_name, bid_status) VALUES ('Andreane42@hotmail.com', 20, '2020-10-27T19:03:38.829Z', '2020-11-01T11:30:01.596Z', true, 'pcs', 'Chadd25@gmail.com', 'Nichole', 'confirmed');
INSERT INTO bid (ct_email, ct_price, start_date, end_date, is_cash, transport_method, pet_owner, pet_name, bid_status) VALUES ('Javon_Spencer69@gmail.com', 17, '2020-10-27T19:03:38.829Z', '2020-11-01T11:30:01.596Z', true, 'delivery', 'Wilford95@gmail.com', 'Gordon', 'confirmed');
INSERT INTO bid (ct_email, ct_price, start_date, end_date, is_cash, transport_method, pet_owner, pet_name, bid_status) VALUES ('Rae.McKenzie@hotmail.com', 7, '2020-10-27T19:03:38.829Z', '2020-11-01T11:30:01.596Z', true, 'pickup', 'Jason76@yahoo.com', 'Aurelia', 'confirmed');
INSERT INTO bid (ct_email, ct_price, start_date, end_date, is_cash, transport_method, pet_owner, pet_name, bid_status) VALUES ('Sandrine.Hackett67@gmail.com', 7, '2020-10-27T19:03:38.829Z', '2020-11-01T11:30:01.596Z', true, 'pcs', 'Owen93@yahoo.com', 'Harley', 'confirmed');
INSERT INTO bid (ct_email, ct_price, start_date, end_date, is_cash, transport_method, pet_owner, pet_name, bid_status) VALUES ('Montana_Kirlin@gmail.com', 7, '2020-10-27T19:03:38.829Z', '2020-11-01T11:30:01.596Z', true, 'pcs', 'Bernadine_Wisozk58@yahoo.com', 'Wyatt', 'confirmed');
INSERT INTO bid (ct_email, ct_price, start_date, end_date, is_cash, transport_method, pet_owner, pet_name, bid_status) VALUES ('Barney_Yundt81@yahoo.com', 17, '2020-10-27T19:03:38.829Z', '2020-11-01T11:30:01.596Z', true, 'delivery', 'Tressa_Huels3@gmail.com', 'Chet', 'confirmed');
INSERT INTO bid (ct_email, ct_price, start_date, end_date, is_cash, transport_method, pet_owner, pet_name, bid_status) VALUES ('Madisen1@gmail.com', 18, '2020-10-27T19:03:38.829Z', '2020-11-01T11:30:01.596Z', true, 'pcs', 'Savanna28@hotmail.com', 'Armando', 'confirmed');
INSERT INTO bid (ct_email, ct_price, start_date, end_date, is_cash, transport_method, pet_owner, pet_name, bid_status) VALUES ('Nickolas23@gmail.com', 8, '2020-10-27T19:03:38.829Z', '2020-11-01T11:30:01.596Z', true, 'pickup', 'Abdul.Greenholt@yahoo.com', 'Emile', 'confirmed');
INSERT INTO bid (ct_email, ct_price, start_date, end_date, is_cash, transport_method, pet_owner, pet_name, bid_status) VALUES ('Buford.Wuckert30@hotmail.com', 16, '2020-10-27T19:03:38.829Z', '2020-11-01T11:30:01.596Z', true, 'pickup', 'Aric62@yahoo.com', 'Brigitte', 'confirmed');
INSERT INTO bid (ct_email, ct_price, start_date, end_date, is_cash, transport_method, pet_owner, pet_name, bid_status) VALUES ('Marjolaine26@gmail.com', 4, '2020-10-27T19:03:38.829Z', '2020-11-01T11:30:01.596Z', true, 'pcs', 'Barney_Yundt81@yahoo.com', 'Marcelo', 'confirmed');
INSERT INTO bid (ct_email, ct_price, start_date, end_date, is_cash, transport_method, pet_owner, pet_name, bid_status) VALUES ('Erin_Senger@yahoo.com', 14, '2020-10-27T19:03:38.829Z', '2020-11-01T11:30:01.596Z', true, 'pcs', 'Lowell86@hotmail.com', 'Mona', 'confirmed');
INSERT INTO bid (ct_email, ct_price, start_date, end_date, is_cash, transport_method, pet_owner, pet_name, bid_status) VALUES ('Valentina60@hotmail.com', 7, '2020-10-27T19:03:38.829Z', '2020-11-01T11:30:01.596Z', true, 'delivery', 'Jaycee96@gmail.com', 'Titus', 'confirmed');
INSERT INTO bid (ct_email, ct_price, start_date, end_date, is_cash, transport_method, pet_owner, pet_name, bid_status) VALUES ('Josiane_Hyatt@gmail.com', 7, '2020-10-27T19:03:38.829Z', '2020-11-01T11:30:01.596Z', true, 'delivery', 'Furman.Ratke64@yahoo.com', 'Leann', 'confirmed');
INSERT INTO bid (ct_email, ct_price, start_date, end_date, is_cash, transport_method, pet_owner, pet_name, bid_status) VALUES ('Lourdes_Krajcik@gmail.com', 19, '2020-10-27T19:03:38.829Z', '2020-11-01T11:30:01.596Z', true, 'pickup', 'Gilbert77@yahoo.com', 'Van', 'confirmed');
INSERT INTO bid (ct_email, ct_price, start_date, end_date, is_cash, transport_method, pet_owner, pet_name, bid_status) VALUES ('Elmer80@yahoo.com', 19, '2020-10-27T19:03:38.829Z', '2020-11-01T11:30:01.596Z', true, 'delivery', 'Mallie_Schulist@hotmail.com', 'Cooper', 'confirmed');
INSERT INTO bid (ct_email, ct_price, start_date, end_date, is_cash, transport_method, pet_owner, pet_name, bid_status) VALUES ('Nico9@gmail.com', 10, '2020-10-27T19:03:38.829Z', '2020-11-01T11:30:01.596Z', true, 'delivery', 'Jana88@hotmail.com', 'Ashlynn', 'confirmed');
INSERT INTO bid (ct_email, ct_price, start_date, end_date, is_cash, transport_method, pet_owner, pet_name, bid_status) VALUES ('Kurtis.Vandervort@yahoo.com', 8, '2020-10-27T19:03:38.829Z', '2020-11-01T11:30:01.596Z', true, 'pcs', 'Lourdes_Krajcik@gmail.com', 'Hettie', 'confirmed');
INSERT INTO bid (ct_email, ct_price, start_date, end_date, is_cash, transport_method, pet_owner, pet_name, bid_status) VALUES ('Neal.Schuster67@hotmail.com', 1, '2020-10-27T19:03:38.829Z', '2020-11-01T11:30:01.596Z', true, 'pcs', 'Lela_Beahan@gmail.com', 'Linnie', 'confirmed');
INSERT INTO bid (ct_email, ct_price, start_date, end_date, is_cash, transport_method, pet_owner, pet_name, bid_status) VALUES ('Dessie.Stokes98@hotmail.com', 2, '2020-10-27T19:03:38.829Z', '2020-11-01T11:30:01.596Z', true, 'pcs', 'Nikolas_Torp90@gmail.com', 'Chauncey', 'confirmed');
INSERT INTO bid (ct_email, ct_price, start_date, end_date, is_cash, transport_method, pet_owner, pet_name, bid_status) VALUES ('Margot.Abshire@gmail.com', 1, '2020-10-27T19:03:38.829Z', '2020-11-01T11:30:01.596Z', true, 'pickup', 'Rory_Zulauf49@yahoo.com', 'Rachael', 'confirmed');
INSERT INTO bid (ct_email, ct_price, start_date, end_date, is_cash, transport_method, pet_owner, pet_name, bid_status) VALUES ('Webster21@hotmail.com', 9, '2020-10-27T19:03:38.829Z', '2020-11-01T11:30:01.596Z', true, 'delivery', 'Berenice.Hirthe@yahoo.com', 'Esmeralda', 'confirmed');
INSERT INTO bid (ct_email, ct_price, start_date, end_date, is_cash, transport_method, pet_owner, pet_name, bid_status) VALUES ('Kelsie.Herzog98@yahoo.com', 20, '2020-10-27T19:03:38.829Z', '2020-11-01T11:30:01.596Z', true, 'pickup', 'Merlin_Wilderman94@gmail.com', 'Veda', 'confirmed');
INSERT INTO bid (ct_email, ct_price, start_date, end_date, is_cash, transport_method, pet_owner, pet_name, bid_status) VALUES ('Alena_Johns@hotmail.com', 17, '2020-10-27T19:03:38.829Z', '2020-11-01T11:30:01.596Z', true, 'pcs', 'Olin19@yahoo.com', 'Gennaro', 'confirmed');
INSERT INTO bid (ct_email, ct_price, start_date, end_date, is_cash, transport_method, pet_owner, pet_name, bid_status) VALUES ('Jackson59@gmail.com', 14, '2020-10-27T19:03:38.829Z', '2020-11-01T11:30:01.596Z', true, 'delivery', 'Sarah.Cremin64@yahoo.com', 'Conner', 'confirmed');
INSERT INTO bid (ct_email, ct_price, start_date, end_date, is_cash, transport_method, pet_owner, pet_name, bid_status) VALUES ('Kaleb24@gmail.com', 12, '2020-10-27T19:03:38.829Z', '2020-11-01T11:30:01.596Z', true, 'delivery', 'Billie.Pagac@yahoo.com', 'Dayton', 'confirmed');
INSERT INTO bid (ct_email, ct_price, start_date, end_date, is_cash, transport_method, pet_owner, pet_name, bid_status) VALUES ('Zechariah65@hotmail.com', 5, '2020-10-27T19:03:38.829Z', '2020-11-01T11:30:01.596Z', true, 'pickup', 'Mathias.Predovic50@hotmail.com', 'Glennie', 'confirmed');
INSERT INTO bid (ct_email, ct_price, start_date, end_date, is_cash, transport_method, pet_owner, pet_name, bid_status) VALUES ('Michele19@gmail.com', 3, '2020-10-27T19:03:38.829Z', '2020-11-01T11:30:01.596Z', true, 'delivery', 'Braden12@gmail.com', 'Geoffrey', 'confirmed');
INSERT INTO bid (ct_email, ct_price, start_date, end_date, is_cash, transport_method, pet_owner, pet_name, bid_status) VALUES ('Alejandrin24@yahoo.com', 16, '2020-10-27T19:03:38.829Z', '2020-11-01T11:30:01.596Z', true, 'pcs', 'Emmie_Dicki@hotmail.com', 'Audra', 'confirmed');
INSERT INTO bid (ct_email, ct_price, start_date, end_date, is_cash, transport_method, pet_owner, pet_name, bid_status) VALUES ('Jackeline.Schmeler28@yahoo.com', 15, '2020-10-27T19:03:38.829Z', '2020-11-01T11:30:01.596Z', true, 'pickup', 'Zechariah65@hotmail.com', 'Petra', 'confirmed');
INSERT INTO bid (ct_email, ct_price, start_date, end_date, is_cash, transport_method, pet_owner, pet_name, bid_status) VALUES ('Raleigh_Rosenbaum49@gmail.com', 17, '2020-10-27T19:03:38.829Z', '2020-11-01T11:30:01.596Z', true, 'delivery', 'Keyon35@yahoo.com', 'Kieran', 'confirmed');
INSERT INTO bid (ct_email, ct_price, start_date, end_date, is_cash, transport_method, pet_owner, pet_name, bid_status) VALUES ('Otilia_Kreiger@hotmail.com', 0, '2020-10-27T19:03:38.829Z', '2020-11-01T11:30:01.596Z', true, 'pcs', 'Gerhard_Johnston22@hotmail.com', 'Green', 'confirmed');
INSERT INTO bid (ct_email, ct_price, start_date, end_date, is_cash, transport_method, pet_owner, pet_name, bid_status) VALUES ('Garfield_Schuppe@gmail.com', 0, '2020-10-27T19:03:38.829Z', '2020-11-01T11:30:01.596Z', true, 'pickup', 'Kaya.Kassulke@gmail.com', 'Rosario', 'confirmed');
INSERT INTO bid (ct_email, ct_price, start_date, end_date, is_cash, transport_method, pet_owner, pet_name, bid_status) VALUES ('Herminia.Conroy@yahoo.com', 6, '2020-10-27T19:03:38.829Z', '2020-11-01T11:30:01.596Z', true, 'pcs', 'Jocelyn_Beer@gmail.com', 'Wilma', 'confirmed');
INSERT INTO bid (ct_email, ct_price, start_date, end_date, is_cash, transport_method, pet_owner, pet_name, bid_status) VALUES ('Josefa_Funk@gmail.com', 20, '2020-10-27T19:03:38.829Z', '2020-11-01T11:30:01.596Z', true, 'delivery', 'Nella91@yahoo.com', 'Virgil', 'confirmed');
INSERT INTO bid (ct_email, ct_price, start_date, end_date, is_cash, transport_method, pet_owner, pet_name, bid_status) VALUES ('Carmine_OKon@gmail.com', 12, '2020-10-27T19:03:38.829Z', '2020-11-01T11:30:01.596Z', true, 'pcs', 'Citlalli.Windler@hotmail.com', 'Tyreek', 'confirmed');
INSERT INTO bid (ct_email, ct_price, start_date, end_date, is_cash, transport_method, pet_owner, pet_name, bid_status) VALUES ('Margarete7@yahoo.com', 15, '2020-10-27T19:03:38.829Z', '2020-11-01T11:30:01.596Z', true, 'pcs', 'Quinn.Ankunding@yahoo.com', 'Janessa', 'confirmed');
INSERT INTO bid (ct_email, ct_price, start_date, end_date, is_cash, transport_method, pet_owner, pet_name, bid_status) VALUES ('Cornell_Kuhic@gmail.com', 8, '2020-10-27T19:03:38.829Z', '2020-11-01T11:30:01.596Z', true, 'pcs', 'Leopold22@yahoo.com', 'Kenton', 'confirmed');
INSERT INTO bid (ct_email, ct_price, start_date, end_date, is_cash, transport_method, pet_owner, pet_name, bid_status) VALUES ('Serena.Walsh17@yahoo.com', 15, '2020-10-27T19:03:38.829Z', '2020-11-01T11:30:01.596Z', true, 'delivery', 'Kade_Kozey@gmail.com', 'Pedro', 'confirmed');
INSERT INTO bid (ct_email, ct_price, start_date, end_date, is_cash, transport_method, pet_owner, pet_name, bid_status) VALUES ('Eloisa_Murphy@gmail.com', 9, '2020-10-27T19:03:38.829Z', '2020-11-01T11:30:01.596Z', true, 'pickup', 'Xavier_Adams@yahoo.com', 'Presley', 'confirmed');
INSERT INTO bid (ct_email, ct_price, start_date, end_date, is_cash, transport_method, pet_owner, pet_name, bid_status) VALUES ('Lessie_Thompson@gmail.com', 10, '2020-10-27T19:03:38.829Z', '2020-11-01T11:30:01.596Z', true, 'pcs', 'Malachi_OKeefe@hotmail.com', 'Maia', 'confirmed');
INSERT INTO bid (ct_email, ct_price, start_date, end_date, is_cash, transport_method, pet_owner, pet_name, bid_status) VALUES ('Hailee_Zieme@hotmail.com', 7, '2020-10-27T19:03:38.829Z', '2020-11-01T11:30:01.596Z', true, 'pcs', 'Lucy_Grady26@yahoo.com', 'Albina', 'confirmed');
INSERT INTO bid (ct_email, ct_price, start_date, end_date, is_cash, transport_method, pet_owner, pet_name, bid_status) VALUES ('Clemmie.Satterfield@yahoo.com', 7, '2020-10-27T19:03:38.829Z', '2020-11-01T11:30:01.596Z', true, 'pcs', 'Eddie.Herzog@gmail.com', 'Chasity', 'confirmed');
INSERT INTO bid (ct_email, ct_price, start_date, end_date, is_cash, transport_method, pet_owner, pet_name, bid_status) VALUES ('Dovie39@hotmail.com', 14, '2020-10-27T19:03:38.829Z', '2020-11-01T11:30:01.596Z', true, 'delivery', 'Sarah39@hotmail.com', 'Cristal', 'confirmed');
INSERT INTO bid (ct_email, ct_price, start_date, end_date, is_cash, transport_method, pet_owner, pet_name, bid_status) VALUES ('Bryon_Casper@gmail.com', 12, '2020-10-27T19:03:38.829Z', '2020-11-01T11:30:01.596Z', true, 'delivery', 'Chloe59@yahoo.com', 'Giovanna', 'confirmed');
INSERT INTO bid (ct_email, ct_price, start_date, end_date, is_cash, transport_method, pet_owner, pet_name, bid_status) VALUES ('Reuben_Kunde70@gmail.com', 13, '2020-10-27T19:03:38.829Z', '2020-11-01T11:30:01.596Z', true, 'pickup', 'Rudy51@yahoo.com', 'Trey', 'confirmed');
INSERT INTO bid (ct_email, ct_price, start_date, end_date, is_cash, transport_method, pet_owner, pet_name, bid_status) VALUES ('Hayden12@gmail.com', 15, '2020-10-27T19:03:38.829Z', '2020-11-01T11:30:01.596Z', true, 'pickup', 'Easton.Collier10@yahoo.com', 'Stefanie', 'confirmed');
INSERT INTO bid (ct_email, ct_price, start_date, end_date, is_cash, transport_method, pet_owner, pet_name, bid_status) VALUES ('Marianna_Hilpert@gmail.com', 6, '2020-10-27T19:03:38.829Z', '2020-11-01T11:30:01.596Z', true, 'pickup', 'Tatum.Windler@hotmail.com', 'Karolann', 'confirmed');
UPDATE bid SET (bid_status, rating, feedback) = ('reviewed', 4, 'Laborum repellendus sint sit accusantium consequatur quam aut. Illum sed inventore voluptas qui recusandae asperiores ut debitis magni.') WHERE ct_email = 'Oswald_Littel57@yahoo.com' AND pet_owner = 'Bella71@hotmail.com' AND pet_name = 'Alexis' AND start_date = Date('2020-10-27T19:03:38.829Z') AND end_date = Date('2020-11-01T11:30:01.596Z');
UPDATE bid SET (bid_status, rating, feedback) = ('reviewed', 4, 'Odio ex consequuntur. Tenetur quisquam totam laborum.') WHERE ct_email = 'Millie75@yahoo.com' AND pet_owner = 'Chester38@hotmail.com' AND pet_name = 'Cecil' AND start_date = Date('2020-10-27T19:03:38.829Z') AND end_date = Date('2020-11-01T11:30:01.596Z');
UPDATE bid SET (bid_status, rating, feedback) = ('reviewed', 3, 'Architecto aspernatur saepe ut fugiat numquam. Reprehenderit itaque non vel.') WHERE ct_email = 'Naomi_Ullrich@hotmail.com' AND pet_owner = 'Hardy.Terry@gmail.com' AND pet_name = 'Teagan' AND start_date = Date('2020-10-27T19:03:38.829Z') AND end_date = Date('2020-11-01T11:30:01.596Z');
UPDATE bid SET (bid_status, rating, feedback) = ('reviewed', 5, 'Inventore repellat sed non quo amet harum. Nemo illum corrupti impedit quas aliquid.') WHERE ct_email = 'Marquis.Witting64@hotmail.com' AND pet_owner = 'Flavie.West@gmail.com' AND pet_name = 'Yesenia' AND start_date = Date('2020-10-27T19:03:38.829Z') AND end_date = Date('2020-11-01T11:30:01.596Z');
UPDATE bid SET (bid_status, rating, feedback) = ('reviewed', 3, 'Est unde voluptas et. Autem quia ullam porro iusto.') WHERE ct_email = 'Joaquin.Wiegand@gmail.com' AND pet_owner = 'Kyleigh.Nicolas32@gmail.com' AND pet_name = 'Janice' AND start_date = Date('2020-10-27T19:03:38.829Z') AND end_date = Date('2020-11-01T11:30:01.596Z');
UPDATE bid SET (bid_status, rating, feedback) = ('reviewed', 3, 'Adipisci culpa aut et et enim ab dolores eos. Dolore suscipit eos quos.') WHERE ct_email = 'Loma_Christiansen@hotmail.com' AND pet_owner = 'Elwin.Larson@yahoo.com' AND pet_name = 'Madie' AND start_date = Date('2020-10-27T19:03:38.829Z') AND end_date = Date('2020-11-01T11:30:01.596Z');
UPDATE bid SET (bid_status, rating, feedback) = ('reviewed', 3, 'Tenetur nisi eum voluptas non ipsa fugiat fugit quo itaque. Mollitia aperiam culpa voluptatem alias eum.') WHERE ct_email = 'Brando95@yahoo.com' AND pet_owner = 'Jayden_Green@hotmail.com' AND pet_name = 'Niko' AND start_date = Date('2020-10-27T19:03:38.829Z') AND end_date = Date('2020-11-01T11:30:01.596Z');
UPDATE bid SET (bid_status, rating, feedback) = ('reviewed', 4, 'Placeat et omnis et eius. Necessitatibus cumque consequuntur neque iste expedita et asperiores eum.') WHERE ct_email = 'Blair_Gerhold@gmail.com' AND pet_owner = 'Haven_Mann13@gmail.com' AND pet_name = 'Frank' AND start_date = Date('2020-10-27T19:03:38.829Z') AND end_date = Date('2020-11-01T11:30:01.596Z');
UPDATE bid SET (bid_status, rating, feedback) = ('reviewed', 3, 'Et dolores nulla rem labore omnis et nemo. Harum minus blanditiis suscipit facilis.') WHERE ct_email = 'Charles.Gleichner@hotmail.com' AND pet_owner = 'Wilfredo_Crooks@yahoo.com' AND pet_name = 'Judd' AND start_date = Date('2020-10-27T19:03:38.829Z') AND end_date = Date('2020-11-01T11:30:01.596Z');
UPDATE bid SET (bid_status, rating, feedback) = ('reviewed', 3, 'Corrupti velit molestiae eaque enim amet similique magnam. Dolorem voluptas odio occaecati eius dolorem officia.') WHERE ct_email = 'Darwin38@yahoo.com' AND pet_owner = 'Allen53@hotmail.com' AND pet_name = 'Russel' AND start_date = Date('2020-10-27T19:03:38.829Z') AND end_date = Date('2020-11-01T11:30:01.596Z');
UPDATE bid SET (bid_status, rating, feedback) = ('reviewed', 5, 'Deleniti placeat veritatis quis impedit neque. Optio voluptas animi aut dolorem.') WHERE ct_email = 'Greg_Feest@yahoo.com' AND pet_owner = 'Daphne_Kulas49@hotmail.com' AND pet_name = 'Prince' AND start_date = Date('2020-10-27T19:03:38.829Z') AND end_date = Date('2020-11-01T11:30:01.596Z');
UPDATE bid SET (bid_status, rating, feedback) = ('reviewed', 3, 'Nisi rerum non tempore suscipit architecto architecto sequi est. Perferendis qui placeat dignissimos ratione.') WHERE ct_email = 'Rory_Zulauf49@yahoo.com' AND pet_owner = 'Chadd_Carter25@hotmail.com' AND pet_name = 'Hassan' AND start_date = Date('2020-10-27T19:03:38.829Z') AND end_date = Date('2020-11-01T11:30:01.596Z');
UPDATE bid SET (bid_status, rating, feedback) = ('reviewed', 5, 'Sit enim et eligendi quos facere non dignissimos. Molestiae et et laudantium et.') WHERE ct_email = 'Rodrigo.Hand59@yahoo.com' AND pet_owner = 'Rashad85@hotmail.com' AND pet_name = 'Tom' AND start_date = Date('2020-10-27T19:03:38.829Z') AND end_date = Date('2020-11-01T11:30:01.596Z');
UPDATE bid SET (bid_status, rating, feedback) = ('reviewed', 5, 'Optio in labore. Numquam quibusdam iusto amet nihil temporibus minus animi quia ab.') WHERE ct_email = 'Verna_Braun72@yahoo.com' AND pet_owner = 'Billie.Pagac@yahoo.com' AND pet_name = 'Abner' AND start_date = Date('2020-10-27T19:03:38.829Z') AND end_date = Date('2020-11-01T11:30:01.596Z');
UPDATE bid SET (bid_status, rating, feedback) = ('reviewed', 4, 'Fugit debitis et reiciendis. Vel sed libero atque officia voluptate est similique sapiente.') WHERE ct_email = 'Travon56@hotmail.com' AND pet_owner = 'Tony85@hotmail.com' AND pet_name = 'Leatha' AND start_date = Date('2020-10-27T19:03:38.829Z') AND end_date = Date('2020-11-01T11:30:01.596Z');
UPDATE bid SET (bid_status, rating, feedback) = ('reviewed', 5, 'Itaque sed iure. Ut ut et sit nihil architecto velit dicta non.') WHERE ct_email = 'Loy85@gmail.com' AND pet_owner = 'Santos_Robel66@gmail.com' AND pet_name = 'Melany' AND start_date = Date('2020-10-27T19:03:38.829Z') AND end_date = Date('2020-11-01T11:30:01.596Z');
UPDATE bid SET (bid_status, rating, feedback) = ('reviewed', 3, 'Eum enim eos non sed ipsa. Qui praesentium fugit ratione.') WHERE ct_email = 'Elva_Barton@gmail.com' AND pet_owner = 'Jaclyn83@yahoo.com' AND pet_name = 'Fernando' AND start_date = Date('2020-10-27T19:03:38.829Z') AND end_date = Date('2020-11-01T11:30:01.596Z');
UPDATE bid SET (bid_status, rating, feedback) = ('reviewed', 3, 'Odio ut ut fugiat. Et praesentium consequatur doloribus saepe qui.') WHERE ct_email = 'Luisa_Beier@hotmail.com' AND pet_owner = 'Frida_Nicolas@gmail.com' AND pet_name = 'Adolphus' AND start_date = Date('2020-10-27T19:03:38.829Z') AND end_date = Date('2020-11-01T11:30:01.596Z');
UPDATE bid SET (bid_status, rating, feedback) = ('reviewed', 3, 'Alias officiis sint aspernatur ut non hic accusantium blanditiis quia. Inventore rerum labore est unde.') WHERE ct_email = 'Vena.Schmeler65@hotmail.com' AND pet_owner = 'Isaiah.Corwin49@gmail.com' AND pet_name = 'Margie' AND start_date = Date('2020-10-27T19:03:38.829Z') AND end_date = Date('2020-11-01T11:30:01.596Z');
UPDATE bid SET (bid_status, rating, feedback) = ('reviewed', 3, 'Repellat quam consequatur eum ipsam et suscipit modi debitis natus. Sed qui quo consectetur.') WHERE ct_email = 'Noah_Maggio64@yahoo.com' AND pet_owner = 'Winifred99@hotmail.com' AND pet_name = 'Beaulah' AND start_date = Date('2020-10-27T19:03:38.829Z') AND end_date = Date('2020-11-01T11:30:01.596Z');
UPDATE bid SET (bid_status, rating, feedback) = ('reviewed', 5, 'Eveniet qui deleniti autem quas. Quos nobis dignissimos et rem nihil quidem aut.') WHERE ct_email = 'Santos_Robel66@gmail.com' AND pet_owner = 'Barrett62@yahoo.com' AND pet_name = 'Adah' AND start_date = Date('2020-10-27T19:03:38.829Z') AND end_date = Date('2020-11-01T11:30:01.596Z');
UPDATE bid SET (bid_status, rating, feedback) = ('reviewed', 4, 'Suscipit sed ullam in optio ab omnis nesciunt tempore voluptates. Numquam iste amet laboriosam eos blanditiis atque qui minus.') WHERE ct_email = 'Malachi_OKeefe@hotmail.com' AND pet_owner = 'Lillian61@hotmail.com' AND pet_name = 'Aniya' AND start_date = Date('2020-10-27T19:03:38.829Z') AND end_date = Date('2020-11-01T11:30:01.596Z');
UPDATE bid SET (bid_status, rating, feedback) = ('reviewed', 3, 'Natus ipsa quo natus quo. Illum sequi veritatis placeat consectetur consequuntur est provident quasi.') WHERE ct_email = 'Lorenz_Tillman@yahoo.com' AND pet_owner = 'Greta_OConnell25@hotmail.com' AND pet_name = 'Sabryna' AND start_date = Date('2020-10-27T19:03:38.829Z') AND end_date = Date('2020-11-01T11:30:01.596Z');
UPDATE bid SET (bid_status, rating, feedback) = ('reviewed', 4, 'Id ab occaecati et. Id doloribus eius tempora cupiditate est eaque.') WHERE ct_email = 'Daphney_Anderson28@yahoo.com' AND pet_owner = 'Lorenz_Tillman@yahoo.com' AND pet_name = 'Lilian' AND start_date = Date('2020-10-27T19:03:38.829Z') AND end_date = Date('2020-11-01T11:30:01.596Z');
UPDATE bid SET (bid_status, rating, feedback) = ('reviewed', 4, 'Quibusdam aliquam cumque debitis sapiente temporibus sunt libero amet voluptatibus. Et id quia id.') WHERE ct_email = 'Amya_Jaskolski15@yahoo.com' AND pet_owner = 'Shannon_Zemlak@yahoo.com' AND pet_name = 'Jaron' AND start_date = Date('2020-10-27T19:03:38.829Z') AND end_date = Date('2020-11-01T11:30:01.596Z');
UPDATE bid SET (bid_status, rating, feedback) = ('reviewed', 4, 'Facilis voluptatum qui unde enim inventore maiores accusamus. Et pariatur corrupti.') WHERE ct_email = 'Carlotta4@gmail.com' AND pet_owner = 'Alexzander.Lockman@gmail.com' AND pet_name = 'Jovanny' AND start_date = Date('2020-10-27T19:03:38.829Z') AND end_date = Date('2020-11-01T11:30:01.596Z');
UPDATE bid SET (bid_status, rating, feedback) = ('reviewed', 3, 'Iure itaque quidem. Perspiciatis repellat libero non consectetur autem.') WHERE ct_email = 'Hannah_Wolf@gmail.com' AND pet_owner = 'Otilia_Kreiger@hotmail.com' AND pet_name = 'Tyrese' AND start_date = Date('2020-10-27T19:03:38.829Z') AND end_date = Date('2020-11-01T11:30:01.596Z');
UPDATE bid SET (bid_status, rating, feedback) = ('reviewed', 5, 'Et atque est sit illum. Id voluptatem culpa ullam exercitationem aut.') WHERE ct_email = 'Letitia_Brekke@hotmail.com' AND pet_owner = 'Precious_Terry@yahoo.com' AND pet_name = 'Eloise' AND start_date = Date('2020-10-27T19:03:38.829Z') AND end_date = Date('2020-11-01T11:30:01.596Z');
UPDATE bid SET (bid_status, rating, feedback) = ('reviewed', 4, 'Officia similique reiciendis perspiciatis incidunt fuga nulla. Voluptates dolorem mollitia libero consequatur et ducimus.') WHERE ct_email = 'Kip39@yahoo.com' AND pet_owner = 'Jake9@gmail.com' AND pet_name = 'Keith' AND start_date = Date('2020-10-27T19:03:38.829Z') AND end_date = Date('2020-11-01T11:30:01.596Z');
UPDATE bid SET (bid_status, rating, feedback) = ('reviewed', 3, 'Officia impedit id alias atque. Voluptatem maiores quis sed.') WHERE ct_email = 'Clement_Larkin5@hotmail.com' AND pet_owner = 'Isaiah.Corwin49@gmail.com' AND pet_name = 'Jess' AND start_date = Date('2020-10-27T19:03:38.829Z') AND end_date = Date('2020-11-01T11:30:01.596Z');
UPDATE bid SET (bid_status, rating, feedback) = ('reviewed', 3, 'Consequatur hic quia ut molestiae quisquam laboriosam. Nobis accusamus expedita necessitatibus minima assumenda magni.') WHERE ct_email = 'Eldred84@yahoo.com' AND pet_owner = 'Gerhard_Johnston22@hotmail.com' AND pet_name = 'Bethel' AND start_date = Date('2020-10-27T19:03:38.829Z') AND end_date = Date('2020-11-01T11:30:01.596Z');
UPDATE bid SET (bid_status, rating, feedback) = ('reviewed', 4, 'Dignissimos nobis praesentium molestiae aspernatur est ex. Aut ut id labore enim temporibus laboriosam.') WHERE ct_email = 'Esther.Bednar@gmail.com' AND pet_owner = 'Eloisa_Murphy@gmail.com' AND pet_name = 'Ignacio' AND start_date = Date('2020-10-27T19:03:38.829Z') AND end_date = Date('2020-11-01T11:30:01.596Z');
UPDATE bid SET (bid_status, rating, feedback) = ('reviewed', 3, 'Praesentium fugit qui. Voluptatem odio ut dolores neque molestias.') WHERE ct_email = 'Andreane_Boyer83@gmail.com' AND pet_owner = 'Maegan.Cole@gmail.com' AND pet_name = 'Reanna' AND start_date = Date('2020-10-27T19:03:38.829Z') AND end_date = Date('2020-11-01T11:30:01.596Z');
UPDATE bid SET (bid_status, rating, feedback) = ('reviewed', 4, 'Consequatur nam vitae totam fuga placeat. Voluptatem voluptatem quia omnis quasi occaecati quisquam et.') WHERE ct_email = 'Charles.Zemlak67@gmail.com' AND pet_owner = 'Edward_Waelchi@yahoo.com' AND pet_name = 'Lula' AND start_date = Date('2020-10-27T19:03:38.829Z') AND end_date = Date('2020-11-01T11:30:01.596Z');
UPDATE bid SET (bid_status, rating, feedback) = ('reviewed', 4, 'Cupiditate aliquid distinctio eos ipsam commodi error. In deleniti esse fugiat nisi quaerat aspernatur expedita eos.') WHERE ct_email = 'Jaron.Cassin@gmail.com' AND pet_owner = 'Ernest_Beer23@hotmail.com' AND pet_name = 'Rollin' AND start_date = Date('2020-10-27T19:03:38.829Z') AND end_date = Date('2020-11-01T11:30:01.596Z');
UPDATE bid SET (bid_status, rating, feedback) = ('reviewed', 3, 'Ut quibusdam corrupti consequatur. Deserunt eligendi quidem totam autem pariatur dolorem eos qui.') WHERE ct_email = 'Alessandro56@hotmail.com' AND pet_owner = 'Mariam.Fadel47@hotmail.com' AND pet_name = 'German' AND start_date = Date('2020-10-27T19:03:38.829Z') AND end_date = Date('2020-11-01T11:30:01.596Z');
UPDATE bid SET (bid_status, rating, feedback) = ('reviewed', 4, 'Blanditiis maxime alias quos aliquam magni non harum. Quisquam quod soluta beatae reiciendis mollitia vitae eius rerum.') WHERE ct_email = 'Hadley.Ruecker@hotmail.com' AND pet_owner = 'Tyrel_Beier83@yahoo.com' AND pet_name = 'Grady' AND start_date = Date('2020-10-27T19:03:38.829Z') AND end_date = Date('2020-11-01T11:30:01.596Z');
UPDATE bid SET (bid_status, rating, feedback) = ('reviewed', 4, 'Qui accusantium ipsum commodi laboriosam. Consectetur ab consequatur esse deserunt excepturi nemo omnis omnis quidem.') WHERE ct_email = 'Maxwell.Medhurst@hotmail.com' AND pet_owner = 'Britney_Dooley@hotmail.com' AND pet_name = 'Orlo' AND start_date = Date('2020-10-27T19:03:38.829Z') AND end_date = Date('2020-11-01T11:30:01.596Z');
UPDATE bid SET (bid_status, rating, feedback) = ('reviewed', 4, 'Ea rerum similique saepe iusto sit. Et voluptatem assumenda voluptatibus repellendus.') WHERE ct_email = 'Christy75@gmail.com' AND pet_owner = 'Jason76@yahoo.com' AND pet_name = 'Jackie' AND start_date = Date('2020-10-27T19:03:38.829Z') AND end_date = Date('2020-11-01T11:30:01.596Z');
UPDATE bid SET (bid_status, rating, feedback) = ('reviewed', 3, 'Qui id vel non perferendis perspiciatis. Earum provident vel dolorem.') WHERE ct_email = 'Carmela.Flatley@gmail.com' AND pet_owner = 'Josefa_Funk@gmail.com' AND pet_name = 'Ottilie' AND start_date = Date('2020-10-27T19:03:38.829Z') AND end_date = Date('2020-11-01T11:30:01.596Z');
UPDATE bid SET (bid_status, rating, feedback) = ('reviewed', 4, 'Labore laboriosam molestiae dicta magni qui nostrum omnis. Et dolor debitis non.') WHERE ct_email = 'Amara_Blanda21@hotmail.com' AND pet_owner = 'Dudley.Schaefer38@yahoo.com' AND pet_name = 'Easter' AND start_date = Date('2020-10-27T19:03:38.829Z') AND end_date = Date('2020-11-01T11:30:01.596Z');
UPDATE bid SET (bid_status, rating, feedback) = ('reviewed', 3, 'Voluptatem ad deleniti dignissimos soluta architecto aliquid laudantium. Esse unde nihil nihil tempora quia.') WHERE ct_email = 'Ila23@yahoo.com' AND pet_owner = 'Caroline.Hane@gmail.com' AND pet_name = 'Colton' AND start_date = Date('2020-10-27T19:03:38.829Z') AND end_date = Date('2020-11-01T11:30:01.596Z');
UPDATE bid SET (bid_status, rating, feedback) = ('reviewed', 5, 'Quia et eligendi laborum et perspiciatis sint qui facere eum. Culpa corporis ut ad necessitatibus officia quaerat facilis rerum provident.') WHERE ct_email = 'Shemar95@yahoo.com' AND pet_owner = 'Irma36@gmail.com' AND pet_name = 'Raina' AND start_date = Date('2020-10-27T19:03:38.829Z') AND end_date = Date('2020-11-01T11:30:01.596Z');
UPDATE bid SET (bid_status, rating, feedback) = ('reviewed', 5, 'Quibusdam accusamus ipsum ut reprehenderit pariatur. Facilis non est recusandae vitae possimus quidem.') WHERE ct_email = 'Maxine.Feil87@yahoo.com' AND pet_owner = 'Brianne_Breitenberg@hotmail.com' AND pet_name = 'Kadin' AND start_date = Date('2020-10-27T19:03:38.829Z') AND end_date = Date('2020-11-01T11:30:01.596Z');
UPDATE bid SET (bid_status, rating, feedback) = ('reviewed', 4, 'Dolore praesentium voluptatibus enim consequatur dolores eveniet a. Autem laboriosam maiores autem.') WHERE ct_email = 'Hazel_Botsford@gmail.com' AND pet_owner = 'Britney_Reilly96@hotmail.com' AND pet_name = 'Chasity' AND start_date = Date('2020-10-27T19:03:38.829Z') AND end_date = Date('2020-11-01T11:30:01.596Z');
UPDATE bid SET (bid_status, rating, feedback) = ('reviewed', 4, 'Perferendis ut sunt distinctio at sint veniam. Voluptas nesciunt amet sed veritatis debitis ullam.') WHERE ct_email = 'Donny23@yahoo.com' AND pet_owner = 'Georgiana_Doyle4@hotmail.com' AND pet_name = 'Raquel' AND start_date = Date('2020-10-27T19:03:38.829Z') AND end_date = Date('2020-11-01T11:30:01.596Z');
UPDATE bid SET (bid_status, rating, feedback) = ('reviewed', 3, 'Ab et deserunt. Reiciendis necessitatibus sint minus et animi ab a ut.') WHERE ct_email = 'Jace_Daniel@yahoo.com' AND pet_owner = 'Estell28@yahoo.com' AND pet_name = 'Laisha' AND start_date = Date('2020-10-27T19:03:38.829Z') AND end_date = Date('2020-11-01T11:30:01.596Z');
UPDATE bid SET (bid_status, rating, feedback) = ('reviewed', 5, 'Omnis deserunt reprehenderit qui nemo et id quo excepturi. Quia quo totam veritatis quo ad.') WHERE ct_email = 'Carson56@gmail.com' AND pet_owner = 'Lowell86@hotmail.com' AND pet_name = 'Reta' AND start_date = Date('2020-10-27T19:03:38.829Z') AND end_date = Date('2020-11-01T11:30:01.596Z');
UPDATE bid SET (bid_status, rating, feedback) = ('reviewed', 5, 'Laborum voluptatem autem vitae amet. Et aut omnis fugiat.') WHERE ct_email = 'Hipolito_Schamberger@gmail.com' AND pet_owner = 'Aglae.Marquardt3@gmail.com' AND pet_name = 'Fiona' AND start_date = Date('2020-10-27T19:03:38.829Z') AND end_date = Date('2020-11-01T11:30:01.596Z');
UPDATE bid SET (bid_status, rating, feedback) = ('reviewed', 5, 'Reiciendis quod assumenda dolor id. Qui praesentium quidem qui.') WHERE ct_email = 'Gia92@gmail.com' AND pet_owner = 'Selena.Flatley98@gmail.com' AND pet_name = 'Noe' AND start_date = Date('2020-10-27T19:03:38.829Z') AND end_date = Date('2020-11-01T11:30:01.596Z');
UPDATE bid SET (bid_status, rating, feedback) = ('reviewed', 5, 'Qui hic doloribus aut voluptatem aut est. Nihil qui voluptatem tenetur dolorem deserunt impedit sed molestiae.') WHERE ct_email = 'Javon_Spencer69@gmail.com' AND pet_owner = 'Wilford95@gmail.com' AND pet_name = 'Gordon' AND start_date = Date('2020-10-27T19:03:38.829Z') AND end_date = Date('2020-11-01T11:30:01.596Z');
UPDATE bid SET (bid_status, rating, feedback) = ('reviewed', 3, 'Distinctio porro corrupti quia rem voluptatem. Ipsa a est aspernatur eum consequatur repudiandae doloribus dolor modi.') WHERE ct_email = 'Barney_Yundt81@yahoo.com' AND pet_owner = 'Tressa_Huels3@gmail.com' AND pet_name = 'Chet' AND start_date = Date('2020-10-27T19:03:38.829Z') AND end_date = Date('2020-11-01T11:30:01.596Z');
UPDATE bid SET (bid_status, rating, feedback) = ('reviewed', 5, 'Incidunt et sed. Ut esse at est officia sequi eum non excepturi.') WHERE ct_email = 'Nickolas23@gmail.com' AND pet_owner = 'Abdul.Greenholt@yahoo.com' AND pet_name = 'Emile' AND start_date = Date('2020-10-27T19:03:38.829Z') AND end_date = Date('2020-11-01T11:30:01.596Z');
UPDATE bid SET (bid_status, rating, feedback) = ('reviewed', 5, 'Voluptas vero voluptatibus. Dolorem tenetur reprehenderit maiores tenetur dolor labore molestiae.') WHERE ct_email = 'Marjolaine26@gmail.com' AND pet_owner = 'Barney_Yundt81@yahoo.com' AND pet_name = 'Marcelo' AND start_date = Date('2020-10-27T19:03:38.829Z') AND end_date = Date('2020-11-01T11:30:01.596Z');
UPDATE bid SET (bid_status, rating, feedback) = ('reviewed', 4, 'In incidunt rerum nulla. Facere dolorum consectetur laudantium perspiciatis ut.') WHERE ct_email = 'Erin_Senger@yahoo.com' AND pet_owner = 'Lowell86@hotmail.com' AND pet_name = 'Mona' AND start_date = Date('2020-10-27T19:03:38.829Z') AND end_date = Date('2020-11-01T11:30:01.596Z');
UPDATE bid SET (bid_status, rating, feedback) = ('reviewed', 3, 'Sequi aliquid non dolore necessitatibus. Iure mollitia ut voluptates saepe.') WHERE ct_email = 'Valentina60@hotmail.com' AND pet_owner = 'Jaycee96@gmail.com' AND pet_name = 'Titus' AND start_date = Date('2020-10-27T19:03:38.829Z') AND end_date = Date('2020-11-01T11:30:01.596Z');
UPDATE bid SET (bid_status, rating, feedback) = ('reviewed', 5, 'Fuga ullam magnam explicabo nisi rem perferendis sed. Saepe ut rerum ut et modi consectetur amet rerum nostrum.') WHERE ct_email = 'Elmer80@yahoo.com' AND pet_owner = 'Mallie_Schulist@hotmail.com' AND pet_name = 'Cooper' AND start_date = Date('2020-10-27T19:03:38.829Z') AND end_date = Date('2020-11-01T11:30:01.596Z');
UPDATE bid SET (bid_status, rating, feedback) = ('reviewed', 4, 'Harum ut omnis debitis at. Velit eaque ab laudantium libero non deserunt dolor.') WHERE ct_email = 'Dessie.Stokes98@hotmail.com' AND pet_owner = 'Nikolas_Torp90@gmail.com' AND pet_name = 'Chauncey' AND start_date = Date('2020-10-27T19:03:38.829Z') AND end_date = Date('2020-11-01T11:30:01.596Z');
UPDATE bid SET (bid_status, rating, feedback) = ('reviewed', 3, 'Nihil adipisci rem molestiae aut at voluptatem sit. Illo natus modi iusto enim.') WHERE ct_email = 'Margot.Abshire@gmail.com' AND pet_owner = 'Rory_Zulauf49@yahoo.com' AND pet_name = 'Rachael' AND start_date = Date('2020-10-27T19:03:38.829Z') AND end_date = Date('2020-11-01T11:30:01.596Z');
UPDATE bid SET (bid_status, rating, feedback) = ('reviewed', 3, 'Dolores est blanditiis pariatur occaecati perferendis minus omnis. Aspernatur nihil architecto modi accusantium et quo voluptatibus.') WHERE ct_email = 'Kelsie.Herzog98@yahoo.com' AND pet_owner = 'Merlin_Wilderman94@gmail.com' AND pet_name = 'Veda' AND start_date = Date('2020-10-27T19:03:38.829Z') AND end_date = Date('2020-11-01T11:30:01.596Z');
UPDATE bid SET (bid_status, rating, feedback) = ('reviewed', 5, 'Quis qui et dolorem beatae optio sit et omnis. Corporis ut magni architecto minus nihil minus.') WHERE ct_email = 'Alena_Johns@hotmail.com' AND pet_owner = 'Olin19@yahoo.com' AND pet_name = 'Gennaro' AND start_date = Date('2020-10-27T19:03:38.829Z') AND end_date = Date('2020-11-01T11:30:01.596Z');
UPDATE bid SET (bid_status, rating, feedback) = ('reviewed', 3, 'Error voluptate at quos repudiandae iure consequuntur aperiam et. Nostrum natus ea voluptas optio est libero quis et quia.') WHERE ct_email = 'Kaleb24@gmail.com' AND pet_owner = 'Billie.Pagac@yahoo.com' AND pet_name = 'Dayton' AND start_date = Date('2020-10-27T19:03:38.829Z') AND end_date = Date('2020-11-01T11:30:01.596Z');
UPDATE bid SET (bid_status, rating, feedback) = ('reviewed', 5, 'Doloremque excepturi id quae doloremque ut cumque. Fuga aperiam atque sed hic ut fuga perspiciatis et odit.') WHERE ct_email = 'Zechariah65@hotmail.com' AND pet_owner = 'Mathias.Predovic50@hotmail.com' AND pet_name = 'Glennie' AND start_date = Date('2020-10-27T19:03:38.829Z') AND end_date = Date('2020-11-01T11:30:01.596Z');
UPDATE bid SET (bid_status, rating, feedback) = ('reviewed', 4, 'Commodi iste porro vero cupiditate. Sit excepturi aut sit temporibus possimus nobis ab autem consequuntur.') WHERE ct_email = 'Michele19@gmail.com' AND pet_owner = 'Braden12@gmail.com' AND pet_name = 'Geoffrey' AND start_date = Date('2020-10-27T19:03:38.829Z') AND end_date = Date('2020-11-01T11:30:01.596Z');
UPDATE bid SET (bid_status, rating, feedback) = ('reviewed', 4, 'Voluptatem consequuntur est laboriosam. Eligendi consequuntur quis natus laborum repudiandae aut placeat minus eum.') WHERE ct_email = 'Alejandrin24@yahoo.com' AND pet_owner = 'Emmie_Dicki@hotmail.com' AND pet_name = 'Audra' AND start_date = Date('2020-10-27T19:03:38.829Z') AND end_date = Date('2020-11-01T11:30:01.596Z');
UPDATE bid SET (bid_status, rating, feedback) = ('reviewed', 4, 'Consequatur ducimus aut quos earum exercitationem sunt fugiat fugiat odit. Consequatur deleniti distinctio eos.') WHERE ct_email = 'Jackeline.Schmeler28@yahoo.com' AND pet_owner = 'Zechariah65@hotmail.com' AND pet_name = 'Petra' AND start_date = Date('2020-10-27T19:03:38.829Z') AND end_date = Date('2020-11-01T11:30:01.596Z');
UPDATE bid SET (bid_status, rating, feedback) = ('reviewed', 5, 'Quia recusandae illum perferendis aspernatur ad et nostrum exercitationem voluptatum. At quaerat cumque hic consequatur vero.') WHERE ct_email = 'Raleigh_Rosenbaum49@gmail.com' AND pet_owner = 'Keyon35@yahoo.com' AND pet_name = 'Kieran' AND start_date = Date('2020-10-27T19:03:38.829Z') AND end_date = Date('2020-11-01T11:30:01.596Z');
UPDATE bid SET (bid_status, rating, feedback) = ('reviewed', 5, 'Impedit iusto temporibus vero et. Impedit modi suscipit nulla ut ut ipsam totam eveniet.') WHERE ct_email = 'Otilia_Kreiger@hotmail.com' AND pet_owner = 'Gerhard_Johnston22@hotmail.com' AND pet_name = 'Green' AND start_date = Date('2020-10-27T19:03:38.829Z') AND end_date = Date('2020-11-01T11:30:01.596Z');
UPDATE bid SET (bid_status, rating, feedback) = ('reviewed', 4, 'Delectus ea ullam. Qui assumenda quasi totam laudantium cumque.') WHERE ct_email = 'Margarete7@yahoo.com' AND pet_owner = 'Quinn.Ankunding@yahoo.com' AND pet_name = 'Janessa' AND start_date = Date('2020-10-27T19:03:38.829Z') AND end_date = Date('2020-11-01T11:30:01.596Z');
UPDATE bid SET (bid_status, rating, feedback) = ('reviewed', 4, 'Inventore dolor sint accusantium laborum et sequi nostrum. Assumenda et expedita in accusantium qui qui ut.') WHERE ct_email = 'Cornell_Kuhic@gmail.com' AND pet_owner = 'Leopold22@yahoo.com' AND pet_name = 'Kenton' AND start_date = Date('2020-10-27T19:03:38.829Z') AND end_date = Date('2020-11-01T11:30:01.596Z');
UPDATE bid SET (bid_status, rating, feedback) = ('reviewed', 3, 'Similique saepe laboriosam autem autem est laborum. Dolorem enim fugiat dolorem et consectetur non aperiam.') WHERE ct_email = 'Eloisa_Murphy@gmail.com' AND pet_owner = 'Xavier_Adams@yahoo.com' AND pet_name = 'Presley' AND start_date = Date('2020-10-27T19:03:38.829Z') AND end_date = Date('2020-11-01T11:30:01.596Z');
UPDATE bid SET (bid_status, rating, feedback) = ('reviewed', 5, 'Sapiente velit aut ea. Sint eos molestiae error doloribus exercitationem dignissimos qui commodi harum.') WHERE ct_email = 'Lessie_Thompson@gmail.com' AND pet_owner = 'Malachi_OKeefe@hotmail.com' AND pet_name = 'Maia' AND start_date = Date('2020-10-27T19:03:38.829Z') AND end_date = Date('2020-11-01T11:30:01.596Z');
UPDATE bid SET (bid_status, rating, feedback) = ('reviewed', 4, 'Minus et omnis quod quos officia quod. Eaque dolorum debitis saepe officia labore qui sint neque.') WHERE ct_email = 'Dovie39@hotmail.com' AND pet_owner = 'Sarah39@hotmail.com' AND pet_name = 'Cristal' AND start_date = Date('2020-10-27T19:03:38.829Z') AND end_date = Date('2020-11-01T11:30:01.596Z');
UPDATE bid SET (bid_status, rating, feedback) = ('reviewed', 3, 'Quae error rerum sed. Non ex quia in.') WHERE ct_email = 'Hayden12@gmail.com' AND pet_owner = 'Easton.Collier10@yahoo.com' AND pet_name = 'Stefanie' AND start_date = Date('2020-10-27T19:03:38.829Z') AND end_date = Date('2020-11-01T11:30:01.596Z');
UPDATE bid SET (bid_status, rating, feedback) = ('reviewed', 3, 'Ipsa voluptatum dolore quidem. Aut amet itaque itaque eligendi provident explicabo.') WHERE ct_email = 'Marianna_Hilpert@gmail.com' AND pet_owner = 'Tatum.Windler@hotmail.com' AND pet_name = 'Karolann' AND start_date = Date('2020-10-27T19:03:38.829Z') AND end_date = Date('2020-11-01T11:30:01.596Z');
INSERT INTO bid (ct_email, ct_price, start_date, end_date, is_cash, transport_method, pet_owner, pet_name, bid_status) VALUES ('Shanny_Koss60@yahoo.com', 19, '2020-11-02T11:30:01.596Z', '2020-11-10T07:25:39.967Z', true, 'pcs', 'Cleora_Fritsch89@hotmail.com', 'Jo', 'confirmed');
INSERT INTO bid (ct_email, ct_price, start_date, end_date, is_cash, transport_method, pet_owner, pet_name, bid_status) VALUES ('Eda_Bailey@hotmail.com', 2, '2020-11-02T11:30:01.596Z', '2020-11-10T07:25:39.967Z', true, 'pickup', 'Carmine_OKon@gmail.com', 'Uriel', 'confirmed');
INSERT INTO bid (ct_email, ct_price, start_date, end_date, is_cash, transport_method, pet_owner, pet_name, bid_status) VALUES ('Wallace.Bogan75@gmail.com', 7, '2020-11-02T11:30:01.596Z', '2020-11-10T07:25:39.967Z', true, 'pickup', 'Geovanni3@yahoo.com', 'Jairo', 'confirmed');
INSERT INTO bid (ct_email, ct_price, start_date, end_date, is_cash, transport_method, pet_owner, pet_name, bid_status) VALUES ('Josephine64@yahoo.com', 19, '2020-11-02T11:30:01.596Z', '2020-11-10T07:25:39.967Z', true, 'pickup', 'Aniyah95@yahoo.com', 'Paxton', 'confirmed');
INSERT INTO bid (ct_email, ct_price, start_date, end_date, is_cash, transport_method, pet_owner, pet_name, bid_status) VALUES ('Ronaldo_Kihn85@yahoo.com', 3, '2020-11-02T11:30:01.596Z', '2020-11-10T07:25:39.967Z', true, 'pickup', 'Ezequiel_Brekke@yahoo.com', 'Dora', 'confirmed');
INSERT INTO bid (ct_email, ct_price, start_date, end_date, is_cash, transport_method, pet_owner, pet_name, bid_status) VALUES ('Khalil_Dietrich@gmail.com', 9, '2020-11-02T11:30:01.596Z', '2020-11-10T07:25:39.967Z', true, 'delivery', 'Bradly.Schroeder@hotmail.com', 'Lauren', 'confirmed');
INSERT INTO bid (ct_email, ct_price, start_date, end_date, is_cash, transport_method, pet_owner, pet_name, bid_status) VALUES ('Gardner_Balistreri32@yahoo.com', 1, '2020-11-02T11:30:01.596Z', '2020-11-10T07:25:39.967Z', true, 'delivery', 'Mercedes92@hotmail.com', 'Jeffry', 'confirmed');
INSERT INTO bid (ct_email, ct_price, start_date, end_date, is_cash, transport_method, pet_owner, pet_name, bid_status) VALUES ('Elda.Huels33@hotmail.com', 12, '2020-11-02T11:30:01.596Z', '2020-11-10T07:25:39.967Z', true, 'pcs', 'Chloe59@yahoo.com', 'Giovanna', 'confirmed');
INSERT INTO bid (ct_email, ct_price, start_date, end_date, is_cash, transport_method, pet_owner, pet_name, bid_status) VALUES ('Saige_Quigley@yahoo.com', 11, '2020-11-02T11:30:01.596Z', '2020-11-10T07:25:39.967Z', true, 'pcs', 'Joaquin.Wiegand@gmail.com', 'Alexis', 'confirmed');
INSERT INTO bid (ct_email, ct_price, start_date, end_date, is_cash, transport_method, pet_owner, pet_name, bid_status) VALUES ('Ebony_Veum@gmail.com', 14, '2020-11-02T11:30:01.596Z', '2020-11-10T07:25:39.967Z', true, 'delivery', 'Mario.Welch13@hotmail.com', 'Leta', 'confirmed');
INSERT INTO bid (ct_email, ct_price, start_date, end_date, is_cash, transport_method, pet_owner, pet_name, bid_status) VALUES ('Kade_Kozey@gmail.com', 4, '2020-11-02T11:30:01.596Z', '2020-11-10T07:25:39.967Z', true, 'delivery', 'Tony85@hotmail.com', 'Leatha', 'confirmed');
INSERT INTO bid (ct_email, ct_price, start_date, end_date, is_cash, transport_method, pet_owner, pet_name, bid_status) VALUES ('Oral73@yahoo.com', 3, '2020-11-02T11:30:01.596Z', '2020-11-10T07:25:39.967Z', true, 'pickup', 'Riley.Bernhard@hotmail.com', 'Tracey', 'confirmed');
INSERT INTO bid (ct_email, ct_price, start_date, end_date, is_cash, transport_method, pet_owner, pet_name, bid_status) VALUES ('Kaley30@gmail.com', 7, '2020-11-02T11:30:01.596Z', '2020-11-10T07:25:39.967Z', true, 'pickup', 'Precious_Terry@yahoo.com', 'Eloise', 'confirmed');
INSERT INTO bid (ct_email, ct_price, start_date, end_date, is_cash, transport_method, pet_owner, pet_name, bid_status) VALUES ('Orrin8@yahoo.com', 0, '2020-11-02T11:30:01.596Z', '2020-11-10T07:25:39.967Z', true, 'pickup', 'Chester.Turner79@yahoo.com', 'Marcus', 'confirmed');
INSERT INTO bid (ct_email, ct_price, start_date, end_date, is_cash, transport_method, pet_owner, pet_name, bid_status) VALUES ('Gwendolyn.Fadel@yahoo.com', 6, '2020-11-02T11:30:01.596Z', '2020-11-10T07:25:39.967Z', true, 'delivery', 'Gregory.Krajcik94@yahoo.com', 'Alan', 'confirmed');
INSERT INTO bid (ct_email, ct_price, start_date, end_date, is_cash, transport_method, pet_owner, pet_name, bid_status) VALUES ('Rory_Zulauf49@yahoo.com', 5, '2020-11-02T11:30:01.596Z', '2020-11-10T07:25:39.967Z', true, 'pickup', 'Malachi_OKeefe@hotmail.com', 'Maia', 'confirmed');
INSERT INTO bid (ct_email, ct_price, start_date, end_date, is_cash, transport_method, pet_owner, pet_name, bid_status) VALUES ('Chadrick.Wuckert@yahoo.com', 7, '2020-11-02T11:30:01.596Z', '2020-11-10T07:25:39.967Z', true, 'pickup', 'Tyrel_Beier83@yahoo.com', 'Grady', 'confirmed');
INSERT INTO bid (ct_email, ct_price, start_date, end_date, is_cash, transport_method, pet_owner, pet_name, bid_status) VALUES ('Kailyn99@yahoo.com', 1, '2020-11-02T11:30:01.596Z', '2020-11-10T07:25:39.967Z', true, 'pcs', 'Ernest_Beer23@hotmail.com', 'Rollin', 'confirmed');
INSERT INTO bid (ct_email, ct_price, start_date, end_date, is_cash, transport_method, pet_owner, pet_name, bid_status) VALUES ('Vivien_Okuneva60@gmail.com', 15, '2020-11-02T11:30:01.596Z', '2020-11-10T07:25:39.967Z', true, 'pcs', 'Loy85@gmail.com', 'Wilford', 'confirmed');
INSERT INTO bid (ct_email, ct_price, start_date, end_date, is_cash, transport_method, pet_owner, pet_name, bid_status) VALUES ('Hobart_Swaniawski@gmail.com', 18, '2020-11-02T11:30:01.596Z', '2020-11-10T07:25:39.967Z', true, 'delivery', 'Carmela.Flatley@gmail.com', 'Katlyn', 'confirmed');
INSERT INTO bid (ct_email, ct_price, start_date, end_date, is_cash, transport_method, pet_owner, pet_name, bid_status) VALUES ('Triston_Kirlin52@gmail.com', 0, '2020-11-02T11:30:01.596Z', '2020-11-10T07:25:39.967Z', true, 'delivery', 'Gillian69@gmail.com', 'Antonio', 'confirmed');
INSERT INTO bid (ct_email, ct_price, start_date, end_date, is_cash, transport_method, pet_owner, pet_name, bid_status) VALUES ('Gillian69@gmail.com', 1, '2020-11-02T11:30:01.596Z', '2020-11-10T07:25:39.967Z', true, 'delivery', 'Lawrence16@yahoo.com', 'Claudine', 'confirmed');
INSERT INTO bid (ct_email, ct_price, start_date, end_date, is_cash, transport_method, pet_owner, pet_name, bid_status) VALUES ('Verna_Braun72@yahoo.com', 10, '2020-11-02T11:30:01.596Z', '2020-11-10T07:25:39.967Z', true, 'pcs', 'Carolanne47@yahoo.com', 'Ronny', 'confirmed');
INSERT INTO bid (ct_email, ct_price, start_date, end_date, is_cash, transport_method, pet_owner, pet_name, bid_status) VALUES ('Greta_OConnell25@hotmail.com', 5, '2020-11-02T11:30:01.596Z', '2020-11-10T07:25:39.967Z', true, 'delivery', 'Mona_Rohan@hotmail.com', 'Carlotta', 'confirmed');
INSERT INTO bid (ct_email, ct_price, start_date, end_date, is_cash, transport_method, pet_owner, pet_name, bid_status) VALUES ('Anabelle87@yahoo.com', 4, '2020-11-02T11:30:01.596Z', '2020-11-10T07:25:39.967Z', true, 'delivery', 'Frida_Nicolas@gmail.com', 'Adolphus', 'confirmed');
INSERT INTO bid (ct_email, ct_price, start_date, end_date, is_cash, transport_method, pet_owner, pet_name, bid_status) VALUES ('Marjolaine_Abshire@gmail.com', 19, '2020-11-02T11:30:01.596Z', '2020-11-10T07:25:39.967Z', true, 'pcs', 'Nash_Connelly76@yahoo.com', 'Cruz', 'confirmed');
INSERT INTO bid (ct_email, ct_price, start_date, end_date, is_cash, transport_method, pet_owner, pet_name, bid_status) VALUES ('Yazmin17@yahoo.com', 5, '2020-11-02T11:30:01.596Z', '2020-11-10T07:25:39.967Z', true, 'pickup', 'Hector42@hotmail.com', 'Austin', 'confirmed');
INSERT INTO bid (ct_email, ct_price, start_date, end_date, is_cash, transport_method, pet_owner, pet_name, bid_status) VALUES ('Jeffrey.Ebert@gmail.com', 10, '2020-11-02T11:30:01.596Z', '2020-11-10T07:25:39.967Z', true, 'pickup', 'Narciso38@yahoo.com', 'Jon', 'confirmed');
INSERT INTO bid (ct_email, ct_price, start_date, end_date, is_cash, transport_method, pet_owner, pet_name, bid_status) VALUES ('Brant_Denesik17@hotmail.com', 15, '2020-11-02T11:30:01.596Z', '2020-11-10T07:25:39.967Z', true, 'pickup', 'Rashad85@hotmail.com', 'Tom', 'confirmed');
INSERT INTO bid (ct_email, ct_price, start_date, end_date, is_cash, transport_method, pet_owner, pet_name, bid_status) VALUES ('Loy85@gmail.com', 10, '2020-11-02T11:30:01.596Z', '2020-11-10T07:25:39.967Z', true, 'pickup', 'Britney_Dooley@hotmail.com', 'Orlo', 'confirmed');
INSERT INTO bid (ct_email, ct_price, start_date, end_date, is_cash, transport_method, pet_owner, pet_name, bid_status) VALUES ('Emory.Kunze@yahoo.com', 7, '2020-11-02T11:30:01.596Z', '2020-11-10T07:25:39.967Z', true, 'pickup', 'Nella91@yahoo.com', 'Virgil', 'confirmed');
INSERT INTO bid (ct_email, ct_price, start_date, end_date, is_cash, transport_method, pet_owner, pet_name, bid_status) VALUES ('Tressie.Johnston6@hotmail.com', 8, '2020-11-02T11:30:01.596Z', '2020-11-10T07:25:39.967Z', true, 'delivery', 'Gillian69@gmail.com', 'Joesph', 'confirmed');
INSERT INTO bid (ct_email, ct_price, start_date, end_date, is_cash, transport_method, pet_owner, pet_name, bid_status) VALUES ('Monique45@yahoo.com', 8, '2020-11-02T11:30:01.596Z', '2020-11-10T07:25:39.967Z', true, 'delivery', 'Clovis_Collins@gmail.com', 'Leanne', 'confirmed');
INSERT INTO bid (ct_email, ct_price, start_date, end_date, is_cash, transport_method, pet_owner, pet_name, bid_status) VALUES ('Britney_Reilly96@hotmail.com', 15, '2020-11-02T11:30:01.596Z', '2020-11-10T07:25:39.967Z', true, 'pcs', 'Greta_OConnell25@hotmail.com', 'Tatum', 'confirmed');
INSERT INTO bid (ct_email, ct_price, start_date, end_date, is_cash, transport_method, pet_owner, pet_name, bid_status) VALUES ('Hadley_Little28@hotmail.com', 1, '2020-11-02T11:30:01.596Z', '2020-11-10T07:25:39.967Z', true, 'pcs', 'Xavier73@gmail.com', 'Laurianne', 'confirmed');
INSERT INTO bid (ct_email, ct_price, start_date, end_date, is_cash, transport_method, pet_owner, pet_name, bid_status) VALUES ('King82@yahoo.com', 8, '2020-11-02T11:30:01.596Z', '2020-11-10T07:25:39.967Z', true, 'delivery', 'Gisselle_Marvin4@gmail.com', 'Gillian', 'confirmed');
INSERT INTO bid (ct_email, ct_price, start_date, end_date, is_cash, transport_method, pet_owner, pet_name, bid_status) VALUES ('Alycia.Nader98@hotmail.com', 2, '2020-11-02T11:30:01.596Z', '2020-11-10T07:25:39.967Z', true, 'pickup', 'Lizeth_Auer23@yahoo.com', 'Lolita', 'confirmed');
INSERT INTO bid (ct_email, ct_price, start_date, end_date, is_cash, transport_method, pet_owner, pet_name, bid_status) VALUES ('Maude.Lesch@hotmail.com', 9, '2020-11-02T11:30:01.596Z', '2020-11-10T07:25:39.967Z', true, 'pcs', 'Rodrigo.Hand59@yahoo.com', 'Tracy', 'confirmed');
INSERT INTO bid (ct_email, ct_price, start_date, end_date, is_cash, transport_method, pet_owner, pet_name, bid_status) VALUES ('Luisa_Beier@hotmail.com', 17, '2020-11-02T11:30:01.596Z', '2020-11-10T07:25:39.967Z', true, 'pcs', 'Leopold22@yahoo.com', 'Mariano', 'confirmed');
INSERT INTO bid (ct_email, ct_price, start_date, end_date, is_cash, transport_method, pet_owner, pet_name, bid_status) VALUES ('Roel.Howell27@hotmail.com', 5, '2020-11-02T11:30:01.596Z', '2020-11-10T07:25:39.967Z', true, 'delivery', 'Nikolas_Torp90@gmail.com', 'Angus', 'confirmed');
INSERT INTO bid (ct_email, ct_price, start_date, end_date, is_cash, transport_method, pet_owner, pet_name, bid_status) VALUES ('Kyla65@yahoo.com', 3, '2020-11-02T11:30:01.596Z', '2020-11-10T07:25:39.967Z', true, 'delivery', 'Carter.Tremblay@hotmail.com', 'Koby', 'confirmed');
INSERT INTO bid (ct_email, ct_price, start_date, end_date, is_cash, transport_method, pet_owner, pet_name, bid_status) VALUES ('Vena.Schmeler65@hotmail.com', 2, '2020-11-02T11:30:01.596Z', '2020-11-10T07:25:39.967Z', true, 'pcs', 'Adela_Altenwerth99@yahoo.com', 'Anika', 'confirmed');
INSERT INTO bid (ct_email, ct_price, start_date, end_date, is_cash, transport_method, pet_owner, pet_name, bid_status) VALUES ('Noah_Maggio64@yahoo.com', 5, '2020-11-02T11:30:01.596Z', '2020-11-10T07:25:39.967Z', true, 'pickup', 'Xavier73@gmail.com', 'Phyllis', 'confirmed');
INSERT INTO bid (ct_email, ct_price, start_date, end_date, is_cash, transport_method, pet_owner, pet_name, bid_status) VALUES ('Ethelyn87@yahoo.com', 11, '2020-11-02T11:30:01.596Z', '2020-11-10T07:25:39.967Z', true, 'pickup', 'Brianne_Breitenberg@hotmail.com', 'Davin', 'confirmed');
INSERT INTO bid (ct_email, ct_price, start_date, end_date, is_cash, transport_method, pet_owner, pet_name, bid_status) VALUES ('Lorenz_Tillman@yahoo.com', 14, '2020-11-02T11:30:01.596Z', '2020-11-10T07:25:39.967Z', true, 'pcs', 'Kaya.Kassulke@gmail.com', 'Rylan', 'confirmed');
INSERT INTO bid (ct_email, ct_price, start_date, end_date, is_cash, transport_method, pet_owner, pet_name, bid_status) VALUES ('Taryn_Nikolaus43@hotmail.com', 17, '2020-11-02T11:30:01.596Z', '2020-11-10T07:25:39.967Z', true, 'pcs', 'Hudson.Barrows@hotmail.com', 'Jonathon', 'confirmed');
INSERT INTO bid (ct_email, ct_price, start_date, end_date, is_cash, transport_method, pet_owner, pet_name, bid_status) VALUES ('Aurelie.Muller77@gmail.com', 19, '2020-11-02T11:30:01.596Z', '2020-11-10T07:25:39.967Z', true, 'pickup', 'Matteo89@gmail.com', 'Leonie', 'confirmed');
INSERT INTO bid (ct_email, ct_price, start_date, end_date, is_cash, transport_method, pet_owner, pet_name, bid_status) VALUES ('Domenic.Jakubowski@yahoo.com', 0, '2020-11-02T11:30:01.596Z', '2020-11-10T07:25:39.967Z', true, 'pcs', 'Raleigh50@yahoo.com', 'Iliana', 'confirmed');
INSERT INTO bid (ct_email, ct_price, start_date, end_date, is_cash, transport_method, pet_owner, pet_name, bid_status) VALUES ('Luella85@gmail.com', 10, '2020-11-02T11:30:01.596Z', '2020-11-10T07:25:39.967Z', true, 'pickup', 'Zechariah65@hotmail.com', 'Petra', 'confirmed');
INSERT INTO bid (ct_email, ct_price, start_date, end_date, is_cash, transport_method, pet_owner, pet_name, bid_status) VALUES ('Daphney_Anderson28@yahoo.com', 8, '2020-11-02T11:30:01.596Z', '2020-11-10T07:25:39.967Z', true, 'delivery', 'Magali_Wiza@gmail.com', 'Lilian', 'confirmed');
INSERT INTO bid (ct_email, ct_price, start_date, end_date, is_cash, transport_method, pet_owner, pet_name, bid_status) VALUES ('Carlotta4@gmail.com', 16, '2020-11-02T11:30:01.596Z', '2020-11-10T07:25:39.967Z', true, 'pcs', 'Alena_Johns@hotmail.com', 'Dimitri', 'confirmed');
INSERT INTO bid (ct_email, ct_price, start_date, end_date, is_cash, transport_method, pet_owner, pet_name, bid_status) VALUES ('Lisandro83@hotmail.com', 3, '2020-11-02T11:30:01.596Z', '2020-11-10T07:25:39.967Z', true, 'pcs', 'Clement.McDermott67@hotmail.com', 'Waino', 'confirmed');
INSERT INTO bid (ct_email, ct_price, start_date, end_date, is_cash, transport_method, pet_owner, pet_name, bid_status) VALUES ('Richard_Ritchie@hotmail.com', 5, '2020-11-02T11:30:01.596Z', '2020-11-10T07:25:39.967Z', true, 'pickup', 'Braden12@gmail.com', 'Estella', 'confirmed');
INSERT INTO bid (ct_email, ct_price, start_date, end_date, is_cash, transport_method, pet_owner, pet_name, bid_status) VALUES ('Tony85@hotmail.com', 11, '2020-11-02T11:30:01.596Z', '2020-11-10T07:25:39.967Z', true, 'pickup', 'Viola.Gibson59@yahoo.com', 'Justice', 'confirmed');
INSERT INTO bid (ct_email, ct_price, start_date, end_date, is_cash, transport_method, pet_owner, pet_name, bid_status) VALUES ('Letitia_Brekke@hotmail.com', 20, '2020-11-02T11:30:01.596Z', '2020-11-10T07:25:39.967Z', true, 'pcs', 'Jamaal.Schulist@yahoo.com', 'Merl', 'confirmed');
INSERT INTO bid (ct_email, ct_price, start_date, end_date, is_cash, transport_method, pet_owner, pet_name, bid_status) VALUES ('Eudora.Goodwin65@yahoo.com', 11, '2020-11-02T11:30:01.596Z', '2020-11-10T07:25:39.967Z', true, 'pickup', 'Cole.Kohler@hotmail.com', 'Jayda', 'confirmed');
INSERT INTO bid (ct_email, ct_price, start_date, end_date, is_cash, transport_method, pet_owner, pet_name, bid_status) VALUES ('Jaquelin_Cruickshank20@yahoo.com', 3, '2020-11-02T11:30:01.596Z', '2020-11-10T07:25:39.967Z', true, 'delivery', 'Savion.Cormier@gmail.com', 'Ora', 'confirmed');
INSERT INTO bid (ct_email, ct_price, start_date, end_date, is_cash, transport_method, pet_owner, pet_name, bid_status) VALUES ('Eldred84@yahoo.com', 19, '2020-11-02T11:30:01.596Z', '2020-11-10T07:25:39.967Z', true, 'delivery', 'Raleigh_Rosenbaum49@gmail.com', 'Evangeline', 'confirmed');
INSERT INTO bid (ct_email, ct_price, start_date, end_date, is_cash, transport_method, pet_owner, pet_name, bid_status) VALUES ('Eveline.Howell36@yahoo.com', 10, '2020-11-02T11:30:01.596Z', '2020-11-10T07:25:39.967Z', true, 'pcs', 'Jewel.Bayer4@gmail.com', 'Dangelo', 'confirmed');
INSERT INTO bid (ct_email, ct_price, start_date, end_date, is_cash, transport_method, pet_owner, pet_name, bid_status) VALUES ('Yessenia.Little@gmail.com', 0, '2020-11-02T11:30:01.596Z', '2020-11-10T07:25:39.967Z', true, 'pcs', 'Madisen28@hotmail.com', 'Miracle', 'confirmed');
INSERT INTO bid (ct_email, ct_price, start_date, end_date, is_cash, transport_method, pet_owner, pet_name, bid_status) VALUES ('Leatha_Runolfsdottir@hotmail.com', 8, '2020-11-02T11:30:01.596Z', '2020-11-10T07:25:39.967Z', true, 'delivery', 'Tressie78@gmail.com', 'Diego', 'confirmed');
INSERT INTO bid (ct_email, ct_price, start_date, end_date, is_cash, transport_method, pet_owner, pet_name, bid_status) VALUES ('Ivory.Marvin@hotmail.com', 11, '2020-11-02T11:30:01.596Z', '2020-11-10T07:25:39.967Z', true, 'pcs', 'Keyon35@yahoo.com', 'Sienna', 'confirmed');
INSERT INTO bid (ct_email, ct_price, start_date, end_date, is_cash, transport_method, pet_owner, pet_name, bid_status) VALUES ('Esther.Bednar@gmail.com', 9, '2020-11-02T11:30:01.596Z', '2020-11-10T07:25:39.967Z', true, 'pickup', 'Tevin_Jakubowski9@yahoo.com', 'Hilbert', 'confirmed');
INSERT INTO bid (ct_email, ct_price, start_date, end_date, is_cash, transport_method, pet_owner, pet_name, bid_status) VALUES ('Furman12@hotmail.com', 12, '2020-11-02T11:30:01.596Z', '2020-11-10T07:25:39.967Z', true, 'pcs', 'Lincoln.Swift@gmail.com', 'Bernhard', 'confirmed');
INSERT INTO bid (ct_email, ct_price, start_date, end_date, is_cash, transport_method, pet_owner, pet_name, bid_status) VALUES ('Kevon.Moen@yahoo.com', 20, '2020-11-02T11:30:01.596Z', '2020-11-10T07:25:39.967Z', true, 'delivery', 'Raleigh50@yahoo.com', 'Lorenza', 'confirmed');
INSERT INTO bid (ct_email, ct_price, start_date, end_date, is_cash, transport_method, pet_owner, pet_name, bid_status) VALUES ('Hallie65@yahoo.com', 2, '2020-11-02T11:30:01.596Z', '2020-11-10T07:25:39.967Z', true, 'delivery', 'Janae_Rohan89@hotmail.com', 'Lambert', 'confirmed');
INSERT INTO bid (ct_email, ct_price, start_date, end_date, is_cash, transport_method, pet_owner, pet_name, bid_status) VALUES ('Deon.Bosco@yahoo.com', 17, '2020-11-02T11:30:01.596Z', '2020-11-10T07:25:39.967Z', true, 'pcs', 'Ellen_Mills@gmail.com', 'Mikel', 'confirmed');
INSERT INTO bid (ct_email, ct_price, start_date, end_date, is_cash, transport_method, pet_owner, pet_name, bid_status) VALUES ('Jerod.Brakus2@gmail.com', 19, '2020-11-02T11:30:01.596Z', '2020-11-10T07:25:39.967Z', true, 'pcs', 'Bernadine_Wisozk58@yahoo.com', 'Melvin', 'confirmed');
INSERT INTO bid (ct_email, ct_price, start_date, end_date, is_cash, transport_method, pet_owner, pet_name, bid_status) VALUES ('Garrison.Dickinson@hotmail.com', 4, '2020-11-02T11:30:01.596Z', '2020-11-10T07:25:39.967Z', true, 'delivery', 'Marley.Kautzer@yahoo.com', 'Araceli', 'confirmed');
INSERT INTO bid (ct_email, ct_price, start_date, end_date, is_cash, transport_method, pet_owner, pet_name, bid_status) VALUES ('Kathlyn_Rowe21@yahoo.com', 8, '2020-11-02T11:30:01.596Z', '2020-11-10T07:25:39.967Z', true, 'delivery', 'Adolph15@gmail.com', 'Leonardo', 'confirmed');
INSERT INTO bid (ct_email, ct_price, start_date, end_date, is_cash, transport_method, pet_owner, pet_name, bid_status) VALUES ('Estell28@yahoo.com', 4, '2020-11-02T11:30:01.596Z', '2020-11-10T07:25:39.967Z', true, 'delivery', 'Hardy.Terry@gmail.com', 'Teagan', 'confirmed');
INSERT INTO bid (ct_email, ct_price, start_date, end_date, is_cash, transport_method, pet_owner, pet_name, bid_status) VALUES ('Eleazar.Rogahn62@yahoo.com', 12, '2020-11-02T11:30:01.596Z', '2020-11-10T07:25:39.967Z', true, 'pcs', 'Adolph15@gmail.com', 'Sophie', 'confirmed');
INSERT INTO bid (ct_email, ct_price, start_date, end_date, is_cash, transport_method, pet_owner, pet_name, bid_status) VALUES ('Elmira.Kohler46@hotmail.com', 17, '2020-11-02T11:30:01.596Z', '2020-11-10T07:25:39.967Z', true, 'delivery', 'Jason76@yahoo.com', 'Jackie', 'confirmed');
INSERT INTO bid (ct_email, ct_price, start_date, end_date, is_cash, transport_method, pet_owner, pet_name, bid_status) VALUES ('Tyrel_Beier83@yahoo.com', 0, '2020-11-02T11:30:01.596Z', '2020-11-10T07:25:39.967Z', true, 'pcs', 'Layla_Ernser27@gmail.com', 'Nelda', 'confirmed');
INSERT INTO bid (ct_email, ct_price, start_date, end_date, is_cash, transport_method, pet_owner, pet_name, bid_status) VALUES ('Ellen_Mills@gmail.com', 5, '2020-11-02T11:30:01.596Z', '2020-11-10T07:25:39.967Z', true, 'pickup', 'Viva_Lind65@gmail.com', 'Leilani', 'confirmed');
INSERT INTO bid (ct_email, ct_price, start_date, end_date, is_cash, transport_method, pet_owner, pet_name, bid_status) VALUES ('Faye89@yahoo.com', 12, '2020-11-02T11:30:01.596Z', '2020-11-10T07:25:39.967Z', true, 'pickup', 'Tressa_Huels3@gmail.com', 'Chet', 'confirmed');
INSERT INTO bid (ct_email, ct_price, start_date, end_date, is_cash, transport_method, pet_owner, pet_name, bid_status) VALUES ('Clay_Wuckert@yahoo.com', 16, '2020-11-02T11:30:01.596Z', '2020-11-10T07:25:39.967Z', true, 'delivery', 'Ethyl44@gmail.com', 'Jennifer', 'confirmed');
INSERT INTO bid (ct_email, ct_price, start_date, end_date, is_cash, transport_method, pet_owner, pet_name, bid_status) VALUES ('Hailee.Nikolaus@gmail.com', 19, '2020-11-02T11:30:01.596Z', '2020-11-10T07:25:39.967Z', true, 'pcs', 'Camilla14@yahoo.com', 'Asa', 'confirmed');
INSERT INTO bid (ct_email, ct_price, start_date, end_date, is_cash, transport_method, pet_owner, pet_name, bid_status) VALUES ('Isabel.Harber@hotmail.com', 6, '2020-11-02T11:30:01.596Z', '2020-11-10T07:25:39.967Z', true, 'pcs', 'Wallace.Bogan75@gmail.com', 'Sasha', 'confirmed');
INSERT INTO bid (ct_email, ct_price, start_date, end_date, is_cash, transport_method, pet_owner, pet_name, bid_status) VALUES ('Emmy_Jacobi86@gmail.com', 19, '2020-11-02T11:30:01.596Z', '2020-11-10T07:25:39.967Z', true, 'pcs', 'Jasen_Hirthe24@hotmail.com', 'Toni', 'confirmed');
INSERT INTO bid (ct_email, ct_price, start_date, end_date, is_cash, transport_method, pet_owner, pet_name, bid_status) VALUES ('Karen25@hotmail.com', 11, '2020-11-02T11:30:01.596Z', '2020-11-10T07:25:39.967Z', true, 'delivery', 'Alena_Johns@hotmail.com', 'Sam', 'confirmed');
INSERT INTO bid (ct_email, ct_price, start_date, end_date, is_cash, transport_method, pet_owner, pet_name, bid_status) VALUES ('Noelia11@hotmail.com', 5, '2020-11-02T11:30:01.596Z', '2020-11-10T07:25:39.967Z', true, 'delivery', 'Ofelia.Aufderhar@yahoo.com', 'Ashlynn', 'confirmed');
INSERT INTO bid (ct_email, ct_price, start_date, end_date, is_cash, transport_method, pet_owner, pet_name, bid_status) VALUES ('Colleen.Spinka@yahoo.com', 6, '2020-11-02T11:30:01.596Z', '2020-11-10T07:25:39.967Z', true, 'pickup', 'Harold.Altenwerth@hotmail.com', 'Amya', 'confirmed');
INSERT INTO bid (ct_email, ct_price, start_date, end_date, is_cash, transport_method, pet_owner, pet_name, bid_status) VALUES ('Aglae.Marquardt3@gmail.com', 3, '2020-11-02T11:30:01.596Z', '2020-11-10T07:25:39.967Z', true, 'pickup', 'Clemmie.Satterfield@yahoo.com', 'Miller', 'confirmed');
INSERT INTO bid (ct_email, ct_price, start_date, end_date, is_cash, transport_method, pet_owner, pet_name, bid_status) VALUES ('Carmela.Flatley@gmail.com', 15, '2020-11-02T11:30:01.596Z', '2020-11-10T07:25:39.967Z', true, 'pcs', 'Logan.Hettinger@yahoo.com', 'Trent', 'confirmed');
INSERT INTO bid (ct_email, ct_price, start_date, end_date, is_cash, transport_method, pet_owner, pet_name, bid_status) VALUES ('Reina_Keeling42@yahoo.com', 7, '2020-11-02T11:30:01.596Z', '2020-11-10T07:25:39.967Z', true, 'pcs', 'Millie75@yahoo.com', 'Laurel', 'confirmed');
INSERT INTO bid (ct_email, ct_price, start_date, end_date, is_cash, transport_method, pet_owner, pet_name, bid_status) VALUES ('Ferne.Reichert@hotmail.com', 4, '2020-11-02T11:30:01.596Z', '2020-11-10T07:25:39.967Z', true, 'delivery', 'Abbey.Stanton@gmail.com', 'Walton', 'confirmed');
INSERT INTO bid (ct_email, ct_price, start_date, end_date, is_cash, transport_method, pet_owner, pet_name, bid_status) VALUES ('Tristian75@hotmail.com', 12, '2020-11-02T11:30:01.596Z', '2020-11-10T07:25:39.967Z', true, 'pickup', 'Gretchen.Armstrong35@gmail.com', 'Timmy', 'confirmed');
INSERT INTO bid (ct_email, ct_price, start_date, end_date, is_cash, transport_method, pet_owner, pet_name, bid_status) VALUES ('Ariane.Sanford@gmail.com', 18, '2020-11-02T11:30:01.596Z', '2020-11-10T07:25:39.967Z', true, 'pcs', 'Katlynn.Will@gmail.com', 'Tessie', 'confirmed');
INSERT INTO bid (ct_email, ct_price, start_date, end_date, is_cash, transport_method, pet_owner, pet_name, bid_status) VALUES ('Leon52@yahoo.com', 6, '2020-11-02T11:30:01.596Z', '2020-11-10T07:25:39.967Z', true, 'pcs', 'Jaclyn83@yahoo.com', 'Rick', 'confirmed');
INSERT INTO bid (ct_email, ct_price, start_date, end_date, is_cash, transport_method, pet_owner, pet_name, bid_status) VALUES ('Maribel_Deckow35@hotmail.com', 2, '2020-11-02T11:30:01.596Z', '2020-11-10T07:25:39.967Z', true, 'pcs', 'Roderick.Erdman35@yahoo.com', 'Lew', 'confirmed');
INSERT INTO bid (ct_email, ct_price, start_date, end_date, is_cash, transport_method, pet_owner, pet_name, bid_status) VALUES ('Flavie.West@gmail.com', 14, '2020-11-02T11:30:01.596Z', '2020-11-10T07:25:39.967Z', true, 'pcs', 'Stephen_Rath18@gmail.com', 'Danielle', 'confirmed');
INSERT INTO bid (ct_email, ct_price, start_date, end_date, is_cash, transport_method, pet_owner, pet_name, bid_status) VALUES ('Vern_Yost@hotmail.com', 0, '2020-11-02T11:30:01.596Z', '2020-11-10T07:25:39.967Z', true, 'pickup', 'Van_Price36@gmail.com', 'Zakary', 'confirmed');
INSERT INTO bid (ct_email, ct_price, start_date, end_date, is_cash, transport_method, pet_owner, pet_name, bid_status) VALUES ('Jayson_Homenick@gmail.com', 14, '2020-11-02T11:30:01.596Z', '2020-11-10T07:25:39.967Z', true, 'pcs', 'Raegan_Fadel@hotmail.com', 'Leslie', 'confirmed');
INSERT INTO bid (ct_email, ct_price, start_date, end_date, is_cash, transport_method, pet_owner, pet_name, bid_status) VALUES ('Shemar95@yahoo.com', 4, '2020-11-02T11:30:01.596Z', '2020-11-10T07:25:39.967Z', true, 'pickup', 'Blaze.Zulauf@gmail.com', 'Hubert', 'confirmed');
INSERT INTO bid (ct_email, ct_price, start_date, end_date, is_cash, transport_method, pet_owner, pet_name, bid_status) VALUES ('Hilda0@hotmail.com', 17, '2020-11-02T11:30:01.596Z', '2020-11-10T07:25:39.967Z', true, 'pickup', 'Verna_Braun72@yahoo.com', 'Christian', 'confirmed');
INSERT INTO bid (ct_email, ct_price, start_date, end_date, is_cash, transport_method, pet_owner, pet_name, bid_status) VALUES ('Sydnie_Kautzer@yahoo.com', 2, '2020-11-02T11:30:01.596Z', '2020-11-10T07:25:39.967Z', true, 'delivery', 'Adah_Prosacco43@hotmail.com', 'Myrna', 'confirmed');
INSERT INTO bid (ct_email, ct_price, start_date, end_date, is_cash, transport_method, pet_owner, pet_name, bid_status) VALUES ('Elian_Botsford@hotmail.com', 18, '2020-11-02T11:30:01.596Z', '2020-11-10T07:25:39.967Z', true, 'pcs', 'Marjolaine26@gmail.com', 'Jewell', 'confirmed');
INSERT INTO bid (ct_email, ct_price, start_date, end_date, is_cash, transport_method, pet_owner, pet_name, bid_status) VALUES ('Stephen_Rath18@gmail.com', 13, '2020-11-02T11:30:01.596Z', '2020-11-10T07:25:39.967Z', true, 'pickup', 'Emmy.White@gmail.com', 'Hester', 'confirmed');
INSERT INTO bid (ct_email, ct_price, start_date, end_date, is_cash, transport_method, pet_owner, pet_name, bid_status) VALUES ('Brooks.Marvin37@gmail.com', 1, '2020-11-02T11:30:01.596Z', '2020-11-10T07:25:39.967Z', true, 'delivery', 'Jay15@gmail.com', 'Kellen', 'confirmed');
INSERT INTO bid (ct_email, ct_price, start_date, end_date, is_cash, transport_method, pet_owner, pet_name, bid_status) VALUES ('Rey.Veum@hotmail.com', 16, '2020-11-02T11:30:01.596Z', '2020-11-10T07:25:39.967Z', true, 'pickup', 'May86@gmail.com', 'Rhoda', 'confirmed');
INSERT INTO bid (ct_email, ct_price, start_date, end_date, is_cash, transport_method, pet_owner, pet_name, bid_status) VALUES ('Winifred99@hotmail.com', 16, '2020-11-02T11:30:01.596Z', '2020-11-10T07:25:39.967Z', true, 'pickup', 'Amara9@gmail.com', 'Vinnie', 'confirmed');
INSERT INTO bid (ct_email, ct_price, start_date, end_date, is_cash, transport_method, pet_owner, pet_name, bid_status) VALUES ('Francisca_Bosco@gmail.com', 3, '2020-11-02T11:30:01.596Z', '2020-11-10T07:25:39.967Z', true, 'pcs', 'Webster21@hotmail.com', 'Nakia', 'confirmed');
INSERT INTO bid (ct_email, ct_price, start_date, end_date, is_cash, transport_method, pet_owner, pet_name, bid_status) VALUES ('Alessia13@gmail.com', 19, '2020-11-02T11:30:01.596Z', '2020-11-10T07:25:39.967Z', true, 'pcs', 'Shea78@yahoo.com', 'Terrance', 'confirmed');
INSERT INTO bid (ct_email, ct_price, start_date, end_date, is_cash, transport_method, pet_owner, pet_name, bid_status) VALUES ('Jace_Daniel@yahoo.com', 10, '2020-11-02T11:30:01.596Z', '2020-11-10T07:25:39.967Z', true, 'pickup', 'Raleigh.Donnelly60@hotmail.com', 'Lew', 'confirmed');
INSERT INTO bid (ct_email, ct_price, start_date, end_date, is_cash, transport_method, pet_owner, pet_name, bid_status) VALUES ('Brett19@hotmail.com', 15, '2020-11-02T11:30:01.596Z', '2020-11-10T07:25:39.967Z', true, 'pickup', 'Ephraim_Barton93@hotmail.com', 'Kaci', 'confirmed');
INSERT INTO bid (ct_email, ct_price, start_date, end_date, is_cash, transport_method, pet_owner, pet_name, bid_status) VALUES ('Tierra59@yahoo.com', 14, '2020-11-02T11:30:01.596Z', '2020-11-10T07:25:39.967Z', true, 'delivery', 'Alena75@hotmail.com', 'Saige', 'confirmed');
INSERT INTO bid (ct_email, ct_price, start_date, end_date, is_cash, transport_method, pet_owner, pet_name, bid_status) VALUES ('Kaya.Kassulke@gmail.com', 4, '2020-11-02T11:30:01.596Z', '2020-11-10T07:25:39.967Z', true, 'delivery', 'Elvis1@gmail.com', 'Lizzie', 'confirmed');
INSERT INTO bid (ct_email, ct_price, start_date, end_date, is_cash, transport_method, pet_owner, pet_name, bid_status) VALUES ('Cleve.Kunze91@yahoo.com', 9, '2020-11-02T11:30:01.596Z', '2020-11-10T07:25:39.967Z', true, 'delivery', 'Mauricio58@gmail.com', 'Emilia', 'confirmed');
INSERT INTO bid (ct_email, ct_price, start_date, end_date, is_cash, transport_method, pet_owner, pet_name, bid_status) VALUES ('Art39@gmail.com', 18, '2020-11-02T11:30:01.596Z', '2020-11-10T07:25:39.967Z', true, 'pickup', 'Ila23@yahoo.com', 'Elvis', 'confirmed');
INSERT INTO bid (ct_email, ct_price, start_date, end_date, is_cash, transport_method, pet_owner, pet_name, bid_status) VALUES ('Carson56@gmail.com', 12, '2020-11-02T11:30:01.596Z', '2020-11-10T07:25:39.967Z', true, 'pcs', 'Tatum.Windler@hotmail.com', 'Karolann', 'confirmed');
INSERT INTO bid (ct_email, ct_price, start_date, end_date, is_cash, transport_method, pet_owner, pet_name, bid_status) VALUES ('Hipolito_Schamberger@gmail.com', 11, '2020-11-02T11:30:01.596Z', '2020-11-10T07:25:39.967Z', true, 'pickup', 'Wilford95@gmail.com', 'Gordon', 'confirmed');
INSERT INTO bid (ct_email, ct_price, start_date, end_date, is_cash, transport_method, pet_owner, pet_name, bid_status) VALUES ('Amya34@gmail.com', 12, '2020-11-02T11:30:01.596Z', '2020-11-10T07:25:39.967Z', true, 'delivery', 'Eugene_Morissette30@yahoo.com', 'Desiree', 'confirmed');
INSERT INTO bid (ct_email, ct_price, start_date, end_date, is_cash, transport_method, pet_owner, pet_name, bid_status) VALUES ('Devon25@hotmail.com', 16, '2020-11-02T11:30:01.596Z', '2020-11-10T07:25:39.967Z', true, 'pcs', 'Brycen80@yahoo.com', 'Camren', 'confirmed');
INSERT INTO bid (ct_email, ct_price, start_date, end_date, is_cash, transport_method, pet_owner, pet_name, bid_status) VALUES ('Clare_Senger@yahoo.com', 8, '2020-11-02T11:30:01.596Z', '2020-11-10T07:25:39.967Z', true, 'delivery', 'Irma36@gmail.com', 'Nikko', 'confirmed');
INSERT INTO bid (ct_email, ct_price, start_date, end_date, is_cash, transport_method, pet_owner, pet_name, bid_status) VALUES ('Marion.Torp74@yahoo.com', 4, '2020-11-02T11:30:01.596Z', '2020-11-10T07:25:39.967Z', true, 'pcs', 'Eudora.Goodwin65@yahoo.com', 'Rhoda', 'confirmed');
INSERT INTO bid (ct_email, ct_price, start_date, end_date, is_cash, transport_method, pet_owner, pet_name, bid_status) VALUES ('Britney_Dooley@hotmail.com', 5, '2020-11-02T11:30:01.596Z', '2020-11-10T07:25:39.967Z', true, 'delivery', 'Letitia_Brekke@hotmail.com', 'Federico', 'confirmed');
INSERT INTO bid (ct_email, ct_price, start_date, end_date, is_cash, transport_method, pet_owner, pet_name, bid_status) VALUES ('Naomie_Greenholt@gmail.com', 15, '2020-11-02T11:30:01.596Z', '2020-11-10T07:25:39.967Z', true, 'pickup', 'Camylle.Botsford@gmail.com', 'Sigurd', 'confirmed');
INSERT INTO bid (ct_email, ct_price, start_date, end_date, is_cash, transport_method, pet_owner, pet_name, bid_status) VALUES ('Jerrell.Senger@hotmail.com', 9, '2020-11-02T11:30:01.596Z', '2020-11-10T07:25:39.967Z', true, 'pcs', 'Orrin8@yahoo.com', 'Jovani', 'confirmed');
INSERT INTO bid (ct_email, ct_price, start_date, end_date, is_cash, transport_method, pet_owner, pet_name, bid_status) VALUES ('Etha_Altenwerth74@gmail.com', 1, '2020-11-02T11:30:01.596Z', '2020-11-10T07:25:39.967Z', true, 'pickup', 'Vita23@yahoo.com', 'Michaela', 'confirmed');
INSERT INTO bid (ct_email, ct_price, start_date, end_date, is_cash, transport_method, pet_owner, pet_name, bid_status) VALUES ('Andreane42@hotmail.com', 18, '2020-11-02T11:30:01.596Z', '2020-11-10T07:25:39.967Z', true, 'pickup', 'Sabryna72@gmail.com', 'Bernadette', 'confirmed');
INSERT INTO bid (ct_email, ct_price, start_date, end_date, is_cash, transport_method, pet_owner, pet_name, bid_status) VALUES ('Tyshawn44@yahoo.com', 2, '2020-11-02T11:30:01.596Z', '2020-11-10T07:25:39.967Z', true, 'delivery', 'Nash_Hodkiewicz@yahoo.com', 'Wiley', 'confirmed');
INSERT INTO bid (ct_email, ct_price, start_date, end_date, is_cash, transport_method, pet_owner, pet_name, bid_status) VALUES ('Javon_Spencer69@gmail.com', 17, '2020-11-02T11:30:01.596Z', '2020-11-10T07:25:39.967Z', true, 'delivery', 'Elian50@yahoo.com', 'Isai', 'confirmed');
INSERT INTO bid (ct_email, ct_price, start_date, end_date, is_cash, transport_method, pet_owner, pet_name, bid_status) VALUES ('Rae.McKenzie@hotmail.com', 7, '2020-11-02T11:30:01.596Z', '2020-11-10T07:25:39.967Z', true, 'delivery', 'Rory_Zulauf49@yahoo.com', 'Kory', 'confirmed');
INSERT INTO bid (ct_email, ct_price, start_date, end_date, is_cash, transport_method, pet_owner, pet_name, bid_status) VALUES ('Gerardo78@yahoo.com', 15, '2020-11-02T11:30:01.596Z', '2020-11-10T07:25:39.967Z', true, 'pcs', 'Jerod.Brakus2@gmail.com', 'Astrid', 'confirmed');
INSERT INTO bid (ct_email, ct_price, start_date, end_date, is_cash, transport_method, pet_owner, pet_name, bid_status) VALUES ('Sven71@yahoo.com', 0, '2020-11-02T11:30:01.596Z', '2020-11-10T07:25:39.967Z', true, 'pickup', 'Demetris91@gmail.com', 'Lora', 'confirmed');
INSERT INTO bid (ct_email, ct_price, start_date, end_date, is_cash, transport_method, pet_owner, pet_name, bid_status) VALUES ('Sandrine.Hackett67@gmail.com', 7, '2020-11-02T11:30:01.596Z', '2020-11-10T07:25:39.967Z', true, 'delivery', 'Owen93@yahoo.com', 'Velva', 'confirmed');
INSERT INTO bid (ct_email, ct_price, start_date, end_date, is_cash, transport_method, pet_owner, pet_name, bid_status) VALUES ('Montana_Kirlin@gmail.com', 7, '2020-11-02T11:30:01.596Z', '2020-11-10T07:25:39.967Z', true, 'delivery', 'Georgiana_Doyle4@hotmail.com', 'Walter', 'confirmed');
INSERT INTO bid (ct_email, ct_price, start_date, end_date, is_cash, transport_method, pet_owner, pet_name, bid_status) VALUES ('Barney_Yundt81@yahoo.com', 17, '2020-11-02T11:30:01.596Z', '2020-11-10T07:25:39.967Z', true, 'pickup', 'Gisselle_Marvin4@gmail.com', 'Martine', 'confirmed');
INSERT INTO bid (ct_email, ct_price, start_date, end_date, is_cash, transport_method, pet_owner, pet_name, bid_status) VALUES ('Emily.Wolf@hotmail.com', 3, '2020-11-02T11:30:01.596Z', '2020-11-10T07:25:39.967Z', true, 'delivery', 'Katarina41@gmail.com', 'Golden', 'confirmed');
INSERT INTO bid (ct_email, ct_price, start_date, end_date, is_cash, transport_method, pet_owner, pet_name, bid_status) VALUES ('Alfreda.Ondricka@gmail.com', 18, '2020-11-02T11:30:01.596Z', '2020-11-10T07:25:39.967Z', true, 'pcs', 'Dudley_Davis48@yahoo.com', 'Otis', 'confirmed');
INSERT INTO bid (ct_email, ct_price, start_date, end_date, is_cash, transport_method, pet_owner, pet_name, bid_status) VALUES ('Madisen1@gmail.com', 18, '2020-11-02T11:30:01.596Z', '2020-11-10T07:25:39.967Z', true, 'pickup', 'Manuel15@hotmail.com', 'Lois', 'confirmed');
INSERT INTO bid (ct_email, ct_price, start_date, end_date, is_cash, transport_method, pet_owner, pet_name, bid_status) VALUES ('Tyler.Jerde@yahoo.com', 4, '2020-11-02T11:30:01.596Z', '2020-11-10T07:25:39.967Z', true, 'pcs', 'Oral73@yahoo.com', 'Georgiana', 'confirmed');
INSERT INTO bid (ct_email, ct_price, start_date, end_date, is_cash, transport_method, pet_owner, pet_name, bid_status) VALUES ('Chester38@hotmail.com', 5, '2020-11-02T11:30:01.596Z', '2020-11-10T07:25:39.967Z', true, 'pickup', 'Kadin_Keebler@gmail.com', 'Elias', 'confirmed');
INSERT INTO bid (ct_email, ct_price, start_date, end_date, is_cash, transport_method, pet_owner, pet_name, bid_status) VALUES ('Nickolas23@gmail.com', 3, '2020-11-02T11:30:01.596Z', '2020-11-10T07:25:39.967Z', true, 'delivery', 'Bella71@hotmail.com', 'Alexis', 'confirmed');
INSERT INTO bid (ct_email, ct_price, start_date, end_date, is_cash, transport_method, pet_owner, pet_name, bid_status) VALUES ('Barbara_Shanahan14@gmail.com', 7, '2020-11-02T11:30:01.596Z', '2020-11-10T07:25:39.967Z', true, 'pcs', 'Nico_Shanahan93@yahoo.com', 'Salvador', 'confirmed');
INSERT INTO bid (ct_email, ct_price, start_date, end_date, is_cash, transport_method, pet_owner, pet_name, bid_status) VALUES ('Hilton.Jakubowski@yahoo.com', 18, '2020-11-02T11:30:01.596Z', '2020-11-10T07:25:39.967Z', true, 'delivery', 'Katheryn_Boehm89@hotmail.com', 'Kyle', 'confirmed');
INSERT INTO bid (ct_email, ct_price, start_date, end_date, is_cash, transport_method, pet_owner, pet_name, bid_status) VALUES ('Josiane_Hyatt@gmail.com', 7, '2020-11-02T11:30:01.596Z', '2020-11-10T07:25:39.967Z', true, 'pcs', 'Keely40@hotmail.com', 'Jewel', 'confirmed');
INSERT INTO bid (ct_email, ct_price, start_date, end_date, is_cash, transport_method, pet_owner, pet_name, bid_status) VALUES ('Javon.Torphy34@hotmail.com', 11, '2020-11-02T11:30:01.596Z', '2020-11-10T07:25:39.967Z', true, 'pickup', 'Dudley.Schaefer38@yahoo.com', 'Easter', 'confirmed');
INSERT INTO bid (ct_email, ct_price, start_date, end_date, is_cash, transport_method, pet_owner, pet_name, bid_status) VALUES ('Demetrius.Schaefer58@yahoo.com', 6, '2020-11-02T11:30:01.596Z', '2020-11-10T07:25:39.967Z', true, 'pickup', 'Wendell82@hotmail.com', 'Dawson', 'confirmed');
INSERT INTO bid (ct_email, ct_price, start_date, end_date, is_cash, transport_method, pet_owner, pet_name, bid_status) VALUES ('Augustus_Osinski@hotmail.com', 5, '2020-11-02T11:30:01.596Z', '2020-11-10T07:25:39.967Z', true, 'pcs', 'Sammie.Lueilwitz18@hotmail.com', 'Kayla', 'confirmed');
INSERT INTO bid (ct_email, ct_price, start_date, end_date, is_cash, transport_method, pet_owner, pet_name, bid_status) VALUES ('Kurtis.Vandervort@yahoo.com', 8, '2020-11-02T11:30:01.596Z', '2020-11-10T07:25:39.967Z', true, 'delivery', 'Abdul.Greenholt@yahoo.com', 'Emile', 'confirmed');
INSERT INTO bid (ct_email, ct_price, start_date, end_date, is_cash, transport_method, pet_owner, pet_name, bid_status) VALUES ('Margot.Abshire@gmail.com', 1, '2020-11-02T11:30:01.596Z', '2020-11-10T07:25:39.967Z', true, 'pickup', 'Lillian61@hotmail.com', 'Aniya', 'confirmed');
INSERT INTO bid (ct_email, ct_price, start_date, end_date, is_cash, transport_method, pet_owner, pet_name, bid_status) VALUES ('Makenzie_Block21@yahoo.com', 18, '2020-11-02T11:30:01.596Z', '2020-11-10T07:25:39.967Z', true, 'delivery', 'Tony85@hotmail.com', 'Max', 'confirmed');
INSERT INTO bid (ct_email, ct_price, start_date, end_date, is_cash, transport_method, pet_owner, pet_name, bid_status) VALUES ('Magali_Wiza@gmail.com', 8, '2020-11-02T11:30:01.596Z', '2020-11-10T07:25:39.967Z', true, 'pickup', 'Gilbert77@yahoo.com', 'Van', 'confirmed');
INSERT INTO bid (ct_email, ct_price, start_date, end_date, is_cash, transport_method, pet_owner, pet_name, bid_status) VALUES ('Rosamond16@hotmail.com', 15, '2020-11-02T11:30:01.596Z', '2020-11-10T07:25:39.967Z', true, 'pickup', 'Aric62@yahoo.com', 'Enos', 'confirmed');
INSERT INTO bid (ct_email, ct_price, start_date, end_date, is_cash, transport_method, pet_owner, pet_name, bid_status) VALUES ('Alena_Johns@hotmail.com', 17, '2020-11-02T11:30:01.596Z', '2020-11-10T07:25:39.967Z', true, 'pickup', 'Beth_Farrell87@hotmail.com', 'Will', 'confirmed');
INSERT INTO bid (ct_email, ct_price, start_date, end_date, is_cash, transport_method, pet_owner, pet_name, bid_status) VALUES ('Zula_Mayer88@hotmail.com', 2, '2020-11-02T11:30:01.596Z', '2020-11-10T07:25:39.967Z', true, 'pickup', 'Narciso38@yahoo.com', 'Bert', 'confirmed');
INSERT INTO bid (ct_email, ct_price, start_date, end_date, is_cash, transport_method, pet_owner, pet_name, bid_status) VALUES ('Hillard94@yahoo.com', 11, '2020-11-02T11:30:01.596Z', '2020-11-10T07:25:39.967Z', true, 'pcs', 'Marlin.Turcotte@hotmail.com', 'Jensen', 'confirmed');
INSERT INTO bid (ct_email, ct_price, start_date, end_date, is_cash, transport_method, pet_owner, pet_name, bid_status) VALUES ('Jaycee96@gmail.com', 19, '2020-11-02T11:30:01.596Z', '2020-11-10T07:25:39.967Z', true, 'delivery', 'Chester38@hotmail.com', 'Cecil', 'confirmed');
INSERT INTO bid (ct_email, ct_price, start_date, end_date, is_cash, transport_method, pet_owner, pet_name, bid_status) VALUES ('Selena.Flatley98@gmail.com', 16, '2020-11-02T11:30:01.596Z', '2020-11-10T07:25:39.967Z', true, 'delivery', 'Kennedi59@hotmail.com', 'Kaelyn', 'confirmed');
INSERT INTO bid (ct_email, ct_price, start_date, end_date, is_cash, transport_method, pet_owner, pet_name, bid_status) VALUES ('Herbert_Hamill10@yahoo.com', 5, '2020-11-02T11:30:01.596Z', '2020-11-10T07:25:39.967Z', true, 'pcs', 'Derrick.Turcotte75@hotmail.com', 'Collin', 'confirmed');
INSERT INTO bid (ct_email, ct_price, start_date, end_date, is_cash, transport_method, pet_owner, pet_name, bid_status) VALUES ('Adelle50@hotmail.com', 2, '2020-11-02T11:30:01.596Z', '2020-11-10T07:25:39.967Z', true, 'delivery', 'Shanny_Koss60@yahoo.com', 'Jaclyn', 'confirmed');
INSERT INTO bid (ct_email, ct_price, start_date, end_date, is_cash, transport_method, pet_owner, pet_name, bid_status) VALUES ('Jackeline.Schmeler28@yahoo.com', 15, '2020-11-02T11:30:01.596Z', '2020-11-10T07:25:39.967Z', true, 'delivery', 'Oleta.Muller64@yahoo.com', 'Lilliana', 'confirmed');
INSERT INTO bid (ct_email, ct_price, start_date, end_date, is_cash, transport_method, pet_owner, pet_name, bid_status) VALUES ('Otilia_Kreiger@hotmail.com', 0, '2020-11-02T11:30:01.596Z', '2020-11-10T07:25:39.967Z', true, 'delivery', 'Flo81@hotmail.com', 'Nikko', 'confirmed');
INSERT INTO bid (ct_email, ct_price, start_date, end_date, is_cash, transport_method, pet_owner, pet_name, bid_status) VALUES ('Charlie17@gmail.com', 20, '2020-11-02T11:30:01.596Z', '2020-11-10T07:25:39.967Z', true, 'pickup', 'Bryon_Casper@gmail.com', 'Arjun', 'confirmed');
INSERT INTO bid (ct_email, ct_price, start_date, end_date, is_cash, transport_method, pet_owner, pet_name, bid_status) VALUES ('Bella71@hotmail.com', 3, '2020-11-02T11:30:01.596Z', '2020-11-10T07:25:39.967Z', true, 'pickup', 'Lorenzo_Skiles19@hotmail.com', 'Dayton', 'confirmed');
INSERT INTO bid (ct_email, ct_price, start_date, end_date, is_cash, transport_method, pet_owner, pet_name, bid_status) VALUES ('Josefa_Funk@gmail.com', 20, '2020-11-02T11:30:01.596Z', '2020-11-10T07:25:39.967Z', true, 'pickup', 'Maddison62@hotmail.com', 'Bertha', 'confirmed');
INSERT INTO bid (ct_email, ct_price, start_date, end_date, is_cash, transport_method, pet_owner, pet_name, bid_status) VALUES ('Laurence88@yahoo.com', 6, '2020-11-02T11:30:01.596Z', '2020-11-10T07:25:39.967Z', true, 'delivery', 'Lon47@yahoo.com', 'Nayeli', 'confirmed');
INSERT INTO bid (ct_email, ct_price, start_date, end_date, is_cash, transport_method, pet_owner, pet_name, bid_status) VALUES ('Cornell_Kuhic@gmail.com', 9, '2020-11-02T11:30:01.596Z', '2020-11-10T07:25:39.967Z', true, 'delivery', 'Carmela.Flatley@gmail.com', 'Camryn', 'confirmed');
INSERT INTO bid (ct_email, ct_price, start_date, end_date, is_cash, transport_method, pet_owner, pet_name, bid_status) VALUES ('Serena.Walsh17@yahoo.com', 15, '2020-11-02T11:30:01.596Z', '2020-11-10T07:25:39.967Z', true, 'delivery', 'Raleigh96@yahoo.com', 'Lue', 'confirmed');
INSERT INTO bid (ct_email, ct_price, start_date, end_date, is_cash, transport_method, pet_owner, pet_name, bid_status) VALUES ('Dianna67@hotmail.com', 8, '2020-11-02T11:30:01.596Z', '2020-11-10T07:25:39.967Z', true, 'delivery', 'Mallie_Schulist@hotmail.com', 'Cooper', 'confirmed');
INSERT INTO bid (ct_email, ct_price, start_date, end_date, is_cash, transport_method, pet_owner, pet_name, bid_status) VALUES ('Clemmie.Satterfield@yahoo.com', 3, '2020-11-02T11:30:01.596Z', '2020-11-10T07:25:39.967Z', true, 'delivery', 'Hadley_Brakus81@gmail.com', 'Christian', 'confirmed');
INSERT INTO bid (ct_email, ct_price, start_date, end_date, is_cash, transport_method, pet_owner, pet_name, bid_status) VALUES ('Dovie39@hotmail.com', 14, '2020-11-02T11:30:01.596Z', '2020-11-10T07:25:39.967Z', true, 'pcs', 'Bryon_Casper@gmail.com', 'Eden', 'confirmed');
INSERT INTO bid (ct_email, ct_price, start_date, end_date, is_cash, transport_method, pet_owner, pet_name, bid_status) VALUES ('Wallace43@gmail.com', 6, '2020-11-02T11:30:01.596Z', '2020-11-10T07:25:39.967Z', true, 'pickup', 'Immanuel_Hilll3@yahoo.com', 'Lyric', 'confirmed');
INSERT INTO bid (ct_email, ct_price, start_date, end_date, is_cash, transport_method, pet_owner, pet_name, bid_status) VALUES ('Adrian28@hotmail.com', 18, '2020-11-02T11:30:01.596Z', '2020-11-10T07:25:39.967Z', true, 'pcs', 'Layla_Ernser27@gmail.com', 'Noemy', 'confirmed');
INSERT INTO bid (ct_email, ct_price, start_date, end_date, is_cash, transport_method, pet_owner, pet_name, bid_status) VALUES ('Abbigail_Spencer@yahoo.com', 14, '2020-11-02T11:30:01.596Z', '2020-11-10T07:25:39.967Z', true, 'pcs', 'Terrill76@yahoo.com', 'Queenie', 'confirmed');
INSERT INTO bid (ct_email, ct_price, start_date, end_date, is_cash, transport_method, pet_owner, pet_name, bid_status) VALUES ('Hayden12@gmail.com', 4, '2020-11-02T11:30:01.596Z', '2020-11-10T07:25:39.967Z', true, 'pickup', 'Arely.Denesik80@hotmail.com', 'August', 'confirmed');
INSERT INTO bid (ct_email, ct_price, start_date, end_date, is_cash, transport_method, pet_owner, pet_name, bid_status) VALUES ('Weston.Price73@yahoo.com', 8, '2020-11-02T11:30:01.596Z', '2020-11-10T07:25:39.967Z', true, 'pickup', 'Blair_Gerhold@gmail.com', 'Bennett', 'confirmed');
INSERT INTO bid (ct_email, ct_price, start_date, end_date, is_cash, transport_method, pet_owner, pet_name, bid_status) VALUES ('Jack31@gmail.com', 17, '2020-11-02T11:30:01.596Z', '2020-11-10T07:25:39.967Z', true, 'pickup', 'Adella98@yahoo.com', 'Merritt', 'confirmed');
UPDATE bid SET (bid_status, rating, feedback) = ('reviewed', 4, 'Error ab et non. Sed doloremque voluptatem possimus.') WHERE ct_email = 'Eda_Bailey@hotmail.com' AND pet_owner = 'Carmine_OKon@gmail.com' AND pet_name = 'Uriel' AND start_date = Date('2020-11-02T11:30:01.596Z') AND end_date = Date('2020-11-10T07:25:39.967Z');
UPDATE bid SET (bid_status, rating, feedback) = ('reviewed', 4, 'Aperiam cumque natus. Aut aspernatur officiis rem accusamus laborum velit dignissimos et.') WHERE ct_email = 'Elda.Huels33@hotmail.com' AND pet_owner = 'Chloe59@yahoo.com' AND pet_name = 'Giovanna' AND start_date = Date('2020-11-02T11:30:01.596Z') AND end_date = Date('2020-11-10T07:25:39.967Z');
UPDATE bid SET (bid_status, rating, feedback) = ('reviewed', 3, 'Rerum dolor ducimus provident quidem autem. Et non esse.') WHERE ct_email = 'Ebony_Veum@gmail.com' AND pet_owner = 'Mario.Welch13@hotmail.com' AND pet_name = 'Leta' AND start_date = Date('2020-11-02T11:30:01.596Z') AND end_date = Date('2020-11-10T07:25:39.967Z');
UPDATE bid SET (bid_status, rating, feedback) = ('reviewed', 4, 'Vel minus aspernatur. Non ut et est.') WHERE ct_email = 'Chadrick.Wuckert@yahoo.com' AND pet_owner = 'Tyrel_Beier83@yahoo.com' AND pet_name = 'Grady' AND start_date = Date('2020-11-02T11:30:01.596Z') AND end_date = Date('2020-11-10T07:25:39.967Z');
UPDATE bid SET (bid_status, rating, feedback) = ('reviewed', 5, 'Nam veritatis non. Ut sit soluta rem.') WHERE ct_email = 'Vivien_Okuneva60@gmail.com' AND pet_owner = 'Loy85@gmail.com' AND pet_name = 'Wilford' AND start_date = Date('2020-11-02T11:30:01.596Z') AND end_date = Date('2020-11-10T07:25:39.967Z');
UPDATE bid SET (bid_status, rating, feedback) = ('reviewed', 5, 'Ipsa natus neque dolores beatae esse. Quis consectetur consequatur sint voluptates amet.') WHERE ct_email = 'Greta_OConnell25@hotmail.com' AND pet_owner = 'Mona_Rohan@hotmail.com' AND pet_name = 'Carlotta' AND start_date = Date('2020-11-02T11:30:01.596Z') AND end_date = Date('2020-11-10T07:25:39.967Z');
UPDATE bid SET (bid_status, rating, feedback) = ('reviewed', 4, 'Eum magni est placeat nulla. Corrupti est excepturi sint rerum cum quia quia.') WHERE ct_email = 'Marjolaine_Abshire@gmail.com' AND pet_owner = 'Nash_Connelly76@yahoo.com' AND pet_name = 'Cruz' AND start_date = Date('2020-11-02T11:30:01.596Z') AND end_date = Date('2020-11-10T07:25:39.967Z');
UPDATE bid SET (bid_status, rating, feedback) = ('reviewed', 3, 'Recusandae assumenda et totam magni nam facere et eaque. Ratione consectetur culpa.') WHERE ct_email = 'Yazmin17@yahoo.com' AND pet_owner = 'Hector42@hotmail.com' AND pet_name = 'Austin' AND start_date = Date('2020-11-02T11:30:01.596Z') AND end_date = Date('2020-11-10T07:25:39.967Z');
UPDATE bid SET (bid_status, rating, feedback) = ('reviewed', 3, 'Ex et hic nostrum dolor. In et sed id incidunt.') WHERE ct_email = 'Brant_Denesik17@hotmail.com' AND pet_owner = 'Rashad85@hotmail.com' AND pet_name = 'Tom' AND start_date = Date('2020-11-02T11:30:01.596Z') AND end_date = Date('2020-11-10T07:25:39.967Z');
UPDATE bid SET (bid_status, rating, feedback) = ('reviewed', 3, 'Rerum voluptatibus molestias accusamus illum ut. Inventore corporis odit aperiam.') WHERE ct_email = 'Loy85@gmail.com' AND pet_owner = 'Britney_Dooley@hotmail.com' AND pet_name = 'Orlo' AND start_date = Date('2020-11-02T11:30:01.596Z') AND end_date = Date('2020-11-10T07:25:39.967Z');
UPDATE bid SET (bid_status, rating, feedback) = ('reviewed', 5, 'Perspiciatis possimus illo quis et quaerat sapiente vel. Reiciendis exercitationem ipsa corporis sit magnam quia odio similique eos.') WHERE ct_email = 'Emory.Kunze@yahoo.com' AND pet_owner = 'Nella91@yahoo.com' AND pet_name = 'Virgil' AND start_date = Date('2020-11-02T11:30:01.596Z') AND end_date = Date('2020-11-10T07:25:39.967Z');
UPDATE bid SET (bid_status, rating, feedback) = ('reviewed', 3, 'Adipisci incidunt sint delectus rerum voluptatem soluta natus sunt laboriosam. Libero perspiciatis mollitia magnam maiores voluptas sit numquam quo.') WHERE ct_email = 'Tressie.Johnston6@hotmail.com' AND pet_owner = 'Gillian69@gmail.com' AND pet_name = 'Joesph' AND start_date = Date('2020-11-02T11:30:01.596Z') AND end_date = Date('2020-11-10T07:25:39.967Z');
UPDATE bid SET (bid_status, rating, feedback) = ('reviewed', 3, 'Voluptates dignissimos hic totam minima quo placeat. Fuga maxime minima voluptatem dolorum dicta doloremque nihil et.') WHERE ct_email = 'Monique45@yahoo.com' AND pet_owner = 'Clovis_Collins@gmail.com' AND pet_name = 'Leanne' AND start_date = Date('2020-11-02T11:30:01.596Z') AND end_date = Date('2020-11-10T07:25:39.967Z');
UPDATE bid SET (bid_status, rating, feedback) = ('reviewed', 4, 'Quaerat nisi necessitatibus rerum dolores aliquam consequatur est. Eius incidunt et libero iure.') WHERE ct_email = 'Britney_Reilly96@hotmail.com' AND pet_owner = 'Greta_OConnell25@hotmail.com' AND pet_name = 'Tatum' AND start_date = Date('2020-11-02T11:30:01.596Z') AND end_date = Date('2020-11-10T07:25:39.967Z');
UPDATE bid SET (bid_status, rating, feedback) = ('reviewed', 3, 'Eos sit ut omnis rem est qui ipsam sed. Dolores libero harum accusantium amet sint praesentium quis ea.') WHERE ct_email = 'Kyla65@yahoo.com' AND pet_owner = 'Carter.Tremblay@hotmail.com' AND pet_name = 'Koby' AND start_date = Date('2020-11-02T11:30:01.596Z') AND end_date = Date('2020-11-10T07:25:39.967Z');
UPDATE bid SET (bid_status, rating, feedback) = ('reviewed', 3, 'Delectus saepe debitis explicabo eveniet voluptas molestiae nesciunt rem id. Enim accusamus maxime aliquam praesentium omnis veritatis porro rem.') WHERE ct_email = 'Vena.Schmeler65@hotmail.com' AND pet_owner = 'Adela_Altenwerth99@yahoo.com' AND pet_name = 'Anika' AND start_date = Date('2020-11-02T11:30:01.596Z') AND end_date = Date('2020-11-10T07:25:39.967Z');
UPDATE bid SET (bid_status, rating, feedback) = ('reviewed', 4, 'Facere id laboriosam est aut tempora nostrum. Consequuntur possimus sed iusto.') WHERE ct_email = 'Ethelyn87@yahoo.com' AND pet_owner = 'Brianne_Breitenberg@hotmail.com' AND pet_name = 'Davin' AND start_date = Date('2020-11-02T11:30:01.596Z') AND end_date = Date('2020-11-10T07:25:39.967Z');
UPDATE bid SET (bid_status, rating, feedback) = ('reviewed', 3, 'Ea voluptas corrupti velit. Dicta blanditiis rerum iste fuga quae.') WHERE ct_email = 'Domenic.Jakubowski@yahoo.com' AND pet_owner = 'Raleigh50@yahoo.com' AND pet_name = 'Iliana' AND start_date = Date('2020-11-02T11:30:01.596Z') AND end_date = Date('2020-11-10T07:25:39.967Z');
UPDATE bid SET (bid_status, rating, feedback) = ('reviewed', 5, 'Eveniet molestias quis eligendi aut ex voluptatem et molestias. Quibusdam aliquid porro in reprehenderit voluptatem quaerat ea.') WHERE ct_email = 'Daphney_Anderson28@yahoo.com' AND pet_owner = 'Magali_Wiza@gmail.com' AND pet_name = 'Lilian' AND start_date = Date('2020-11-02T11:30:01.596Z') AND end_date = Date('2020-11-10T07:25:39.967Z');
UPDATE bid SET (bid_status, rating, feedback) = ('reviewed', 4, 'Et consequatur impedit. Nihil explicabo quo corrupti.') WHERE ct_email = 'Eveline.Howell36@yahoo.com' AND pet_owner = 'Jewel.Bayer4@gmail.com' AND pet_name = 'Dangelo' AND start_date = Date('2020-11-02T11:30:01.596Z') AND end_date = Date('2020-11-10T07:25:39.967Z');
UPDATE bid SET (bid_status, rating, feedback) = ('reviewed', 4, 'Voluptatem quae ab natus aspernatur. Vero in ut et molestias id aperiam sit voluptatem exercitationem.') WHERE ct_email = 'Leatha_Runolfsdottir@hotmail.com' AND pet_owner = 'Tressie78@gmail.com' AND pet_name = 'Diego' AND start_date = Date('2020-11-02T11:30:01.596Z') AND end_date = Date('2020-11-10T07:25:39.967Z');
UPDATE bid SET (bid_status, rating, feedback) = ('reviewed', 3, 'Totam vitae reiciendis maiores autem atque voluptate. Nemo atque sit.') WHERE ct_email = 'Furman12@hotmail.com' AND pet_owner = 'Lincoln.Swift@gmail.com' AND pet_name = 'Bernhard' AND start_date = Date('2020-11-02T11:30:01.596Z') AND end_date = Date('2020-11-10T07:25:39.967Z');
UPDATE bid SET (bid_status, rating, feedback) = ('reviewed', 4, 'Officiis ducimus distinctio illo. Eos asperiores voluptas.') WHERE ct_email = 'Kevon.Moen@yahoo.com' AND pet_owner = 'Raleigh50@yahoo.com' AND pet_name = 'Lorenza' AND start_date = Date('2020-11-02T11:30:01.596Z') AND end_date = Date('2020-11-10T07:25:39.967Z');
UPDATE bid SET (bid_status, rating, feedback) = ('reviewed', 4, 'Aut nostrum distinctio vel voluptas omnis. Rerum qui nihil iusto consequatur inventore et.') WHERE ct_email = 'Hallie65@yahoo.com' AND pet_owner = 'Janae_Rohan89@hotmail.com' AND pet_name = 'Lambert' AND start_date = Date('2020-11-02T11:30:01.596Z') AND end_date = Date('2020-11-10T07:25:39.967Z');
UPDATE bid SET (bid_status, rating, feedback) = ('reviewed', 3, 'In facilis ut. Sit voluptate omnis nisi.') WHERE ct_email = 'Kathlyn_Rowe21@yahoo.com' AND pet_owner = 'Adolph15@gmail.com' AND pet_name = 'Leonardo' AND start_date = Date('2020-11-02T11:30:01.596Z') AND end_date = Date('2020-11-10T07:25:39.967Z');
UPDATE bid SET (bid_status, rating, feedback) = ('reviewed', 3, 'Expedita dolores vel. Explicabo veniam delectus est ut iusto cumque corporis ipsa.') WHERE ct_email = 'Elmira.Kohler46@hotmail.com' AND pet_owner = 'Jason76@yahoo.com' AND pet_name = 'Jackie' AND start_date = Date('2020-11-02T11:30:01.596Z') AND end_date = Date('2020-11-10T07:25:39.967Z');
UPDATE bid SET (bid_status, rating, feedback) = ('reviewed', 4, 'Molestiae aut pariatur. Molestias debitis et ea.') WHERE ct_email = 'Tyrel_Beier83@yahoo.com' AND pet_owner = 'Layla_Ernser27@gmail.com' AND pet_name = 'Nelda' AND start_date = Date('2020-11-02T11:30:01.596Z') AND end_date = Date('2020-11-10T07:25:39.967Z');
UPDATE bid SET (bid_status, rating, feedback) = ('reviewed', 5, 'Commodi ut voluptatum id possimus odio. Molestiae natus nesciunt similique et culpa dolor.') WHERE ct_email = 'Clay_Wuckert@yahoo.com' AND pet_owner = 'Ethyl44@gmail.com' AND pet_name = 'Jennifer' AND start_date = Date('2020-11-02T11:30:01.596Z') AND end_date = Date('2020-11-10T07:25:39.967Z');
UPDATE bid SET (bid_status, rating, feedback) = ('reviewed', 5, 'Velit quis aspernatur sint inventore repellendus ut. Quod quae ut numquam qui.') WHERE ct_email = 'Hailee.Nikolaus@gmail.com' AND pet_owner = 'Camilla14@yahoo.com' AND pet_name = 'Asa' AND start_date = Date('2020-11-02T11:30:01.596Z') AND end_date = Date('2020-11-10T07:25:39.967Z');
UPDATE bid SET (bid_status, rating, feedback) = ('reviewed', 3, 'Porro labore accusantium quae facere nesciunt et sint sunt. Consequatur animi sunt molestias distinctio.') WHERE ct_email = 'Isabel.Harber@hotmail.com' AND pet_owner = 'Wallace.Bogan75@gmail.com' AND pet_name = 'Sasha' AND start_date = Date('2020-11-02T11:30:01.596Z') AND end_date = Date('2020-11-10T07:25:39.967Z');
UPDATE bid SET (bid_status, rating, feedback) = ('reviewed', 5, 'Sit sunt blanditiis eos consectetur libero inventore suscipit. Sed provident qui veniam cumque numquam voluptas sequi.') WHERE ct_email = 'Karen25@hotmail.com' AND pet_owner = 'Alena_Johns@hotmail.com' AND pet_name = 'Sam' AND start_date = Date('2020-11-02T11:30:01.596Z') AND end_date = Date('2020-11-10T07:25:39.967Z');
UPDATE bid SET (bid_status, rating, feedback) = ('reviewed', 5, 'Fuga optio explicabo accusamus eveniet dolorem. Eveniet placeat unde repellat eos saepe tempore.') WHERE ct_email = 'Colleen.Spinka@yahoo.com' AND pet_owner = 'Harold.Altenwerth@hotmail.com' AND pet_name = 'Amya' AND start_date = Date('2020-11-02T11:30:01.596Z') AND end_date = Date('2020-11-10T07:25:39.967Z');
UPDATE bid SET (bid_status, rating, feedback) = ('reviewed', 3, 'Est labore magni. Ut consequuntur impedit non itaque et et esse.') WHERE ct_email = 'Aglae.Marquardt3@gmail.com' AND pet_owner = 'Clemmie.Satterfield@yahoo.com' AND pet_name = 'Miller' AND start_date = Date('2020-11-02T11:30:01.596Z') AND end_date = Date('2020-11-10T07:25:39.967Z');
UPDATE bid SET (bid_status, rating, feedback) = ('reviewed', 3, 'Deleniti veritatis quod nisi aut unde sed sed velit. Aut expedita adipisci dolorum cumque aut quia suscipit accusamus nostrum.') WHERE ct_email = 'Carmela.Flatley@gmail.com' AND pet_owner = 'Logan.Hettinger@yahoo.com' AND pet_name = 'Trent' AND start_date = Date('2020-11-02T11:30:01.596Z') AND end_date = Date('2020-11-10T07:25:39.967Z');
UPDATE bid SET (bid_status, rating, feedback) = ('reviewed', 4, 'Unde inventore accusantium fuga commodi quaerat fugit iste. In corporis labore numquam quaerat harum occaecati et sapiente quasi.') WHERE ct_email = 'Reina_Keeling42@yahoo.com' AND pet_owner = 'Millie75@yahoo.com' AND pet_name = 'Laurel' AND start_date = Date('2020-11-02T11:30:01.596Z') AND end_date = Date('2020-11-10T07:25:39.967Z');
UPDATE bid SET (bid_status, rating, feedback) = ('reviewed', 5, 'Earum magnam eos qui culpa labore. Sit in eaque.') WHERE ct_email = 'Ferne.Reichert@hotmail.com' AND pet_owner = 'Abbey.Stanton@gmail.com' AND pet_name = 'Walton' AND start_date = Date('2020-11-02T11:30:01.596Z') AND end_date = Date('2020-11-10T07:25:39.967Z');
UPDATE bid SET (bid_status, rating, feedback) = ('reviewed', 5, 'Quo omnis nulla. Modi dolor recusandae expedita ut.') WHERE ct_email = 'Tristian75@hotmail.com' AND pet_owner = 'Gretchen.Armstrong35@gmail.com' AND pet_name = 'Timmy' AND start_date = Date('2020-11-02T11:30:01.596Z') AND end_date = Date('2020-11-10T07:25:39.967Z');
UPDATE bid SET (bid_status, rating, feedback) = ('reviewed', 3, 'Dignissimos ut mollitia beatae molestias dolorem dolorem modi mollitia. Placeat rerum vel.') WHERE ct_email = 'Maribel_Deckow35@hotmail.com' AND pet_owner = 'Roderick.Erdman35@yahoo.com' AND pet_name = 'Lew' AND start_date = Date('2020-11-02T11:30:01.596Z') AND end_date = Date('2020-11-10T07:25:39.967Z');
UPDATE bid SET (bid_status, rating, feedback) = ('reviewed', 4, 'Reiciendis ea eaque. Molestiae iure voluptatem qui necessitatibus quidem sint.') WHERE ct_email = 'Jayson_Homenick@gmail.com' AND pet_owner = 'Raegan_Fadel@hotmail.com' AND pet_name = 'Leslie' AND start_date = Date('2020-11-02T11:30:01.596Z') AND end_date = Date('2020-11-10T07:25:39.967Z');
UPDATE bid SET (bid_status, rating, feedback) = ('reviewed', 4, 'Dolor omnis doloribus voluptatem vitae reiciendis consectetur iure. Quae consequatur eius odit aperiam.') WHERE ct_email = 'Shemar95@yahoo.com' AND pet_owner = 'Blaze.Zulauf@gmail.com' AND pet_name = 'Hubert' AND start_date = Date('2020-11-02T11:30:01.596Z') AND end_date = Date('2020-11-10T07:25:39.967Z');
UPDATE bid SET (bid_status, rating, feedback) = ('reviewed', 3, 'Et alias eum impedit aut incidunt doloribus nesciunt corrupti est. Voluptatum blanditiis et et magni at dolorem neque.') WHERE ct_email = 'Sydnie_Kautzer@yahoo.com' AND pet_owner = 'Adah_Prosacco43@hotmail.com' AND pet_name = 'Myrna' AND start_date = Date('2020-11-02T11:30:01.596Z') AND end_date = Date('2020-11-10T07:25:39.967Z');
UPDATE bid SET (bid_status, rating, feedback) = ('reviewed', 4, 'Aliquid deleniti qui cum quos cumque consequatur voluptate. Sunt minus non aut asperiores.') WHERE ct_email = 'Stephen_Rath18@gmail.com' AND pet_owner = 'Emmy.White@gmail.com' AND pet_name = 'Hester' AND start_date = Date('2020-11-02T11:30:01.596Z') AND end_date = Date('2020-11-10T07:25:39.967Z');
UPDATE bid SET (bid_status, rating, feedback) = ('reviewed', 5, 'Aperiam beatae quia praesentium cum repellendus delectus. Fuga facere est voluptatibus soluta.') WHERE ct_email = 'Brooks.Marvin37@gmail.com' AND pet_owner = 'Jay15@gmail.com' AND pet_name = 'Kellen' AND start_date = Date('2020-11-02T11:30:01.596Z') AND end_date = Date('2020-11-10T07:25:39.967Z');
UPDATE bid SET (bid_status, rating, feedback) = ('reviewed', 5, 'Consequuntur iste ipsam officiis. Alias ullam odit maxime.') WHERE ct_email = 'Rey.Veum@hotmail.com' AND pet_owner = 'May86@gmail.com' AND pet_name = 'Rhoda' AND start_date = Date('2020-11-02T11:30:01.596Z') AND end_date = Date('2020-11-10T07:25:39.967Z');
UPDATE bid SET (bid_status, rating, feedback) = ('reviewed', 5, 'Provident placeat aut corporis quam. Neque itaque doloribus voluptatum mollitia omnis delectus aspernatur voluptatum ea.') WHERE ct_email = 'Alessia13@gmail.com' AND pet_owner = 'Shea78@yahoo.com' AND pet_name = 'Terrance' AND start_date = Date('2020-11-02T11:30:01.596Z') AND end_date = Date('2020-11-10T07:25:39.967Z');
UPDATE bid SET (bid_status, rating, feedback) = ('reviewed', 3, 'Blanditiis voluptates sed facere et veniam molestiae voluptatem. Est veritatis omnis laboriosam vero nesciunt voluptates.') WHERE ct_email = 'Jace_Daniel@yahoo.com' AND pet_owner = 'Raleigh.Donnelly60@hotmail.com' AND pet_name = 'Lew' AND start_date = Date('2020-11-02T11:30:01.596Z') AND end_date = Date('2020-11-10T07:25:39.967Z');
UPDATE bid SET (bid_status, rating, feedback) = ('reviewed', 4, 'Aut repellendus sed aliquid laborum voluptas adipisci omnis voluptatum autem. Quas sint enim occaecati voluptates non corrupti ut ducimus.') WHERE ct_email = 'Brett19@hotmail.com' AND pet_owner = 'Ephraim_Barton93@hotmail.com' AND pet_name = 'Kaci' AND start_date = Date('2020-11-02T11:30:01.596Z') AND end_date = Date('2020-11-10T07:25:39.967Z');
UPDATE bid SET (bid_status, rating, feedback) = ('reviewed', 5, 'Maiores autem occaecati aut aut voluptatem consequatur. Vero quia nam quia aspernatur autem consequuntur et est.') WHERE ct_email = 'Kaya.Kassulke@gmail.com' AND pet_owner = 'Elvis1@gmail.com' AND pet_name = 'Lizzie' AND start_date = Date('2020-11-02T11:30:01.596Z') AND end_date = Date('2020-11-10T07:25:39.967Z');
UPDATE bid SET (bid_status, rating, feedback) = ('reviewed', 3, 'Doloribus debitis corporis. Labore labore id.') WHERE ct_email = 'Art39@gmail.com' AND pet_owner = 'Ila23@yahoo.com' AND pet_name = 'Elvis' AND start_date = Date('2020-11-02T11:30:01.596Z') AND end_date = Date('2020-11-10T07:25:39.967Z');
UPDATE bid SET (bid_status, rating, feedback) = ('reviewed', 4, 'Magnam excepturi provident enim. Sapiente voluptas voluptate tempore occaecati enim voluptates.') WHERE ct_email = 'Amya34@gmail.com' AND pet_owner = 'Eugene_Morissette30@yahoo.com' AND pet_name = 'Desiree' AND start_date = Date('2020-11-02T11:30:01.596Z') AND end_date = Date('2020-11-10T07:25:39.967Z');
UPDATE bid SET (bid_status, rating, feedback) = ('reviewed', 3, 'Ullam minima tempora sit. Laudantium quasi nostrum eaque minima numquam eaque suscipit odio.') WHERE ct_email = 'Marion.Torp74@yahoo.com' AND pet_owner = 'Eudora.Goodwin65@yahoo.com' AND pet_name = 'Rhoda' AND start_date = Date('2020-11-02T11:30:01.596Z') AND end_date = Date('2020-11-10T07:25:39.967Z');
UPDATE bid SET (bid_status, rating, feedback) = ('reviewed', 3, 'Et consectetur magni. Ipsum magnam qui eveniet sed quo fugiat facere ut.') WHERE ct_email = 'Andreane42@hotmail.com' AND pet_owner = 'Sabryna72@gmail.com' AND pet_name = 'Bernadette' AND start_date = Date('2020-11-02T11:30:01.596Z') AND end_date = Date('2020-11-10T07:25:39.967Z');
UPDATE bid SET (bid_status, rating, feedback) = ('reviewed', 5, 'Molestiae nulla magnam ut aut beatae dolorem. Est provident et voluptatum quidem voluptatem provident ut esse.') WHERE ct_email = 'Tyshawn44@yahoo.com' AND pet_owner = 'Nash_Hodkiewicz@yahoo.com' AND pet_name = 'Wiley' AND start_date = Date('2020-11-02T11:30:01.596Z') AND end_date = Date('2020-11-10T07:25:39.967Z');
UPDATE bid SET (bid_status, rating, feedback) = ('reviewed', 4, 'Magni quisquam iusto sit perferendis. Nam ut iusto nam impedit.') WHERE ct_email = 'Rae.McKenzie@hotmail.com' AND pet_owner = 'Rory_Zulauf49@yahoo.com' AND pet_name = 'Kory' AND start_date = Date('2020-11-02T11:30:01.596Z') AND end_date = Date('2020-11-10T07:25:39.967Z');
UPDATE bid SET (bid_status, rating, feedback) = ('reviewed', 5, 'Expedita exercitationem aut. Quas velit esse numquam est nihil.') WHERE ct_email = 'Gerardo78@yahoo.com' AND pet_owner = 'Jerod.Brakus2@gmail.com' AND pet_name = 'Astrid' AND start_date = Date('2020-11-02T11:30:01.596Z') AND end_date = Date('2020-11-10T07:25:39.967Z');
UPDATE bid SET (bid_status, rating, feedback) = ('reviewed', 5, 'Reiciendis suscipit eos facere ut mollitia fugit aut molestiae ut. Quibusdam ipsa ipsa veniam.') WHERE ct_email = 'Sven71@yahoo.com' AND pet_owner = 'Demetris91@gmail.com' AND pet_name = 'Lora' AND start_date = Date('2020-11-02T11:30:01.596Z') AND end_date = Date('2020-11-10T07:25:39.967Z');
UPDATE bid SET (bid_status, rating, feedback) = ('reviewed', 3, 'Repellendus qui molestiae sed odio vitae voluptates consequatur qui modi. Id iusto eum a ipsum sunt minus rerum animi.') WHERE ct_email = 'Sandrine.Hackett67@gmail.com' AND pet_owner = 'Owen93@yahoo.com' AND pet_name = 'Velva' AND start_date = Date('2020-11-02T11:30:01.596Z') AND end_date = Date('2020-11-10T07:25:39.967Z');
UPDATE bid SET (bid_status, rating, feedback) = ('reviewed', 5, 'Repellendus et doloremque illum facilis. Dolorum voluptates ut autem rerum et et in aut.') WHERE ct_email = 'Montana_Kirlin@gmail.com' AND pet_owner = 'Georgiana_Doyle4@hotmail.com' AND pet_name = 'Walter' AND start_date = Date('2020-11-02T11:30:01.596Z') AND end_date = Date('2020-11-10T07:25:39.967Z');
UPDATE bid SET (bid_status, rating, feedback) = ('reviewed', 3, 'Architecto nulla aut similique quasi. Nihil veniam explicabo delectus quia ipsa laborum quia nemo iste.') WHERE ct_email = 'Emily.Wolf@hotmail.com' AND pet_owner = 'Katarina41@gmail.com' AND pet_name = 'Golden' AND start_date = Date('2020-11-02T11:30:01.596Z') AND end_date = Date('2020-11-10T07:25:39.967Z');
UPDATE bid SET (bid_status, rating, feedback) = ('reviewed', 3, 'Non velit est vitae ad voluptatibus praesentium. Tenetur repellat id sint nesciunt commodi sit amet.') WHERE ct_email = 'Alfreda.Ondricka@gmail.com' AND pet_owner = 'Dudley_Davis48@yahoo.com' AND pet_name = 'Otis' AND start_date = Date('2020-11-02T11:30:01.596Z') AND end_date = Date('2020-11-10T07:25:39.967Z');
UPDATE bid SET (bid_status, rating, feedback) = ('reviewed', 5, 'Dignissimos voluptatem inventore et ea est fugit quis. Impedit est error amet rerum non perferendis exercitationem ut.') WHERE ct_email = 'Madisen1@gmail.com' AND pet_owner = 'Manuel15@hotmail.com' AND pet_name = 'Lois' AND start_date = Date('2020-11-02T11:30:01.596Z') AND end_date = Date('2020-11-10T07:25:39.967Z');
UPDATE bid SET (bid_status, rating, feedback) = ('reviewed', 4, 'Quam sunt velit quis deleniti ad necessitatibus harum. Aut iusto ea aliquam perferendis.') WHERE ct_email = 'Tyler.Jerde@yahoo.com' AND pet_owner = 'Oral73@yahoo.com' AND pet_name = 'Georgiana' AND start_date = Date('2020-11-02T11:30:01.596Z') AND end_date = Date('2020-11-10T07:25:39.967Z');
UPDATE bid SET (bid_status, rating, feedback) = ('reviewed', 4, 'Alias et labore. Corrupti consequatur aut quo quaerat et sed eum repellendus nostrum.') WHERE ct_email = 'Barbara_Shanahan14@gmail.com' AND pet_owner = 'Nico_Shanahan93@yahoo.com' AND pet_name = 'Salvador' AND start_date = Date('2020-11-02T11:30:01.596Z') AND end_date = Date('2020-11-10T07:25:39.967Z');
UPDATE bid SET (bid_status, rating, feedback) = ('reviewed', 5, 'Impedit dolores qui velit ratione. Quas consequatur earum sint laboriosam tenetur et cupiditate nihil.') WHERE ct_email = 'Hilton.Jakubowski@yahoo.com' AND pet_owner = 'Katheryn_Boehm89@hotmail.com' AND pet_name = 'Kyle' AND start_date = Date('2020-11-02T11:30:01.596Z') AND end_date = Date('2020-11-10T07:25:39.967Z');
UPDATE bid SET (bid_status, rating, feedback) = ('reviewed', 5, 'Nobis qui fuga. Libero consectetur accusamus ad est rerum dolorem consectetur.') WHERE ct_email = 'Javon.Torphy34@hotmail.com' AND pet_owner = 'Dudley.Schaefer38@yahoo.com' AND pet_name = 'Easter' AND start_date = Date('2020-11-02T11:30:01.596Z') AND end_date = Date('2020-11-10T07:25:39.967Z');
UPDATE bid SET (bid_status, rating, feedback) = ('reviewed', 5, 'Laudantium eius vitae deleniti autem optio. Est est nihil eius expedita.') WHERE ct_email = 'Demetrius.Schaefer58@yahoo.com' AND pet_owner = 'Wendell82@hotmail.com' AND pet_name = 'Dawson' AND start_date = Date('2020-11-02T11:30:01.596Z') AND end_date = Date('2020-11-10T07:25:39.967Z');
UPDATE bid SET (bid_status, rating, feedback) = ('reviewed', 4, 'Voluptates quia consequuntur fuga est quaerat ea ut. Quae sed minima laudantium quisquam ut quis veritatis iste.') WHERE ct_email = 'Augustus_Osinski@hotmail.com' AND pet_owner = 'Sammie.Lueilwitz18@hotmail.com' AND pet_name = 'Kayla' AND start_date = Date('2020-11-02T11:30:01.596Z') AND end_date = Date('2020-11-10T07:25:39.967Z');
UPDATE bid SET (bid_status, rating, feedback) = ('reviewed', 3, 'Aut consequuntur qui. Incidunt quisquam aut fuga tempore.') WHERE ct_email = 'Magali_Wiza@gmail.com' AND pet_owner = 'Gilbert77@yahoo.com' AND pet_name = 'Van' AND start_date = Date('2020-11-02T11:30:01.596Z') AND end_date = Date('2020-11-10T07:25:39.967Z');
UPDATE bid SET (bid_status, rating, feedback) = ('reviewed', 4, 'Nobis placeat ipsum nobis nesciunt nam a quia iure. Hic est nobis ut qui ut laborum.') WHERE ct_email = 'Zula_Mayer88@hotmail.com' AND pet_owner = 'Narciso38@yahoo.com' AND pet_name = 'Bert' AND start_date = Date('2020-11-02T11:30:01.596Z') AND end_date = Date('2020-11-10T07:25:39.967Z');
UPDATE bid SET (bid_status, rating, feedback) = ('reviewed', 5, 'Commodi amet quae doloribus. Magni et quia est atque amet non provident delectus consequuntur.') WHERE ct_email = 'Jaycee96@gmail.com' AND pet_owner = 'Chester38@hotmail.com' AND pet_name = 'Cecil' AND start_date = Date('2020-11-02T11:30:01.596Z') AND end_date = Date('2020-11-10T07:25:39.967Z');
UPDATE bid SET (bid_status, rating, feedback) = ('reviewed', 4, 'Et maxime omnis voluptatem quos aspernatur ratione provident sapiente mollitia. Tempora eaque unde et rem vero distinctio est.') WHERE ct_email = 'Selena.Flatley98@gmail.com' AND pet_owner = 'Kennedi59@hotmail.com' AND pet_name = 'Kaelyn' AND start_date = Date('2020-11-02T11:30:01.596Z') AND end_date = Date('2020-11-10T07:25:39.967Z');
UPDATE bid SET (bid_status, rating, feedback) = ('reviewed', 3, 'Et tempora placeat nostrum. Eum ullam pariatur explicabo cumque repudiandae quas placeat dolor hic.') WHERE ct_email = 'Jackeline.Schmeler28@yahoo.com' AND pet_owner = 'Oleta.Muller64@yahoo.com' AND pet_name = 'Lilliana' AND start_date = Date('2020-11-02T11:30:01.596Z') AND end_date = Date('2020-11-10T07:25:39.967Z');
UPDATE bid SET (bid_status, rating, feedback) = ('reviewed', 5, 'Illo quia ipsam sit beatae a. Sed sed et explicabo quia labore vel maiores inventore omnis.') WHERE ct_email = 'Otilia_Kreiger@hotmail.com' AND pet_owner = 'Flo81@hotmail.com' AND pet_name = 'Nikko' AND start_date = Date('2020-11-02T11:30:01.596Z') AND end_date = Date('2020-11-10T07:25:39.967Z');
UPDATE bid SET (bid_status, rating, feedback) = ('reviewed', 4, 'Perferendis nulla voluptas architecto dolor ipsum cum nulla sed at. Sapiente velit eos sed error debitis.') WHERE ct_email = 'Laurence88@yahoo.com' AND pet_owner = 'Lon47@yahoo.com' AND pet_name = 'Nayeli' AND start_date = Date('2020-11-02T11:30:01.596Z') AND end_date = Date('2020-11-10T07:25:39.967Z');
UPDATE bid SET (bid_status, rating, feedback) = ('reviewed', 3, 'Est esse iusto recusandae suscipit id odio delectus. Id nobis perspiciatis consequatur.') WHERE ct_email = 'Clemmie.Satterfield@yahoo.com' AND pet_owner = 'Hadley_Brakus81@gmail.com' AND pet_name = 'Christian' AND start_date = Date('2020-11-02T11:30:01.596Z') AND end_date = Date('2020-11-10T07:25:39.967Z');
UPDATE bid SET (bid_status, rating, feedback) = ('reviewed', 3, 'Aut voluptas deleniti molestiae dolorem a aut. Aut voluptatem alias neque sit.') WHERE ct_email = 'Dovie39@hotmail.com' AND pet_owner = 'Bryon_Casper@gmail.com' AND pet_name = 'Eden' AND start_date = Date('2020-11-02T11:30:01.596Z') AND end_date = Date('2020-11-10T07:25:39.967Z');
UPDATE bid SET (bid_status, rating, feedback) = ('reviewed', 5, 'Et ducimus sunt officia fuga impedit neque. Natus et minima deserunt consequatur aut facilis commodi.') WHERE ct_email = 'Wallace43@gmail.com' AND pet_owner = 'Immanuel_Hilll3@yahoo.com' AND pet_name = 'Lyric' AND start_date = Date('2020-11-02T11:30:01.596Z') AND end_date = Date('2020-11-10T07:25:39.967Z');
UPDATE bid SET (bid_status, rating, feedback) = ('reviewed', 4, 'In et recusandae debitis voluptas nisi eum. Consectetur dicta nam adipisci repudiandae reprehenderit sunt nulla.') WHERE ct_email = 'Abbigail_Spencer@yahoo.com' AND pet_owner = 'Terrill76@yahoo.com' AND pet_name = 'Queenie' AND start_date = Date('2020-11-02T11:30:01.596Z') AND end_date = Date('2020-11-10T07:25:39.967Z');
UPDATE bid SET (bid_status, rating, feedback) = ('reviewed', 5, 'Rerum sit suscipit et aperiam itaque saepe aut est atque. Animi quo corrupti est accusamus aspernatur unde.') WHERE ct_email = 'Hayden12@gmail.com' AND pet_owner = 'Arely.Denesik80@hotmail.com' AND pet_name = 'August' AND start_date = Date('2020-11-02T11:30:01.596Z') AND end_date = Date('2020-11-10T07:25:39.967Z');
INSERT INTO bid (ct_email, ct_price, start_date, end_date, is_cash, transport_method, pet_owner, pet_name, bid_status) VALUES ('Deja46@hotmail.com', 12, '2020-11-11T07:25:39.967Z', '2020-11-12T04:12:37.770Z', true, 'delivery', 'Emil_Marks29@gmail.com', 'Micheal', 'confirmed');
INSERT INTO bid (ct_email, ct_price, start_date, end_date, is_cash, transport_method, pet_owner, pet_name, bid_status) VALUES ('Alek.Christiansen@hotmail.com', 9, '2020-11-11T07:25:39.967Z', '2020-11-12T04:12:37.770Z', true, 'pcs', 'Javier11@gmail.com', 'Bernadette', 'confirmed');
INSERT INTO bid (ct_email, ct_price, start_date, end_date, is_cash, transport_method, pet_owner, pet_name, bid_status) VALUES ('Myrl4@yahoo.com', 0, '2020-11-11T07:25:39.967Z', '2020-11-12T04:12:37.770Z', true, 'pickup', 'Vita23@yahoo.com', 'Michaela', 'confirmed');
INSERT INTO bid (ct_email, ct_price, start_date, end_date, is_cash, transport_method, pet_owner, pet_name, bid_status) VALUES ('Wallace.Bogan75@gmail.com', 7, '2020-11-11T07:25:39.967Z', '2020-11-12T04:12:37.770Z', true, 'pickup', 'Lillian61@hotmail.com', 'Mozell', 'confirmed');
INSERT INTO bid (ct_email, ct_price, start_date, end_date, is_cash, transport_method, pet_owner, pet_name, bid_status) VALUES ('Vern.Effertz58@yahoo.com', 14, '2020-11-11T07:25:39.967Z', '2020-11-12T04:12:37.770Z', true, 'pickup', 'Rosanna.Rodriguez@gmail.com', 'Velda', 'confirmed');
INSERT INTO bid (ct_email, ct_price, start_date, end_date, is_cash, transport_method, pet_owner, pet_name, bid_status) VALUES ('Juston.Walter36@gmail.com', 16, '2020-11-11T07:25:39.967Z', '2020-11-12T04:12:37.770Z', true, 'pcs', 'Gardner_Balistreri32@yahoo.com', 'Flo', 'confirmed');
INSERT INTO bid (ct_email, ct_price, start_date, end_date, is_cash, transport_method, pet_owner, pet_name, bid_status) VALUES ('Nikki_Franecki36@gmail.com', 5, '2020-11-11T07:25:39.967Z', '2020-11-12T04:12:37.770Z', true, 'delivery', 'May86@gmail.com', 'Leonardo', 'confirmed');
INSERT INTO bid (ct_email, ct_price, start_date, end_date, is_cash, transport_method, pet_owner, pet_name, bid_status) VALUES ('Lisette35@hotmail.com', 3, '2020-11-11T07:25:39.967Z', '2020-11-12T04:12:37.770Z', true, 'pickup', 'Frank63@gmail.com', 'Allen', 'confirmed');
INSERT INTO bid (ct_email, ct_price, start_date, end_date, is_cash, transport_method, pet_owner, pet_name, bid_status) VALUES ('Gardner_Balistreri32@yahoo.com', 1, '2020-11-11T07:25:39.967Z', '2020-11-12T04:12:37.770Z', true, 'pickup', 'Clare_Senger@yahoo.com', 'Aaliyah', 'confirmed');
INSERT INTO bid (ct_email, ct_price, start_date, end_date, is_cash, transport_method, pet_owner, pet_name, bid_status) VALUES ('Elda.Huels33@hotmail.com', 5, '2020-11-11T07:25:39.967Z', '2020-11-12T04:12:37.770Z', true, 'pickup', 'Dianna67@hotmail.com', 'Cayla', 'confirmed');
INSERT INTO bid (ct_email, ct_price, start_date, end_date, is_cash, transport_method, pet_owner, pet_name, bid_status) VALUES ('Mary_Hane@gmail.com', 7, '2020-11-11T07:25:39.967Z', '2020-11-12T04:12:37.770Z', true, 'delivery', 'Maribel_Deckow35@hotmail.com', 'Vidal', 'confirmed');
INSERT INTO bid (ct_email, ct_price, start_date, end_date, is_cash, transport_method, pet_owner, pet_name, bid_status) VALUES ('Mohammad.Labadie0@gmail.com', 11, '2020-11-11T07:25:39.967Z', '2020-11-12T04:12:37.770Z', true, 'pcs', 'Adah_Prosacco43@hotmail.com', 'Myrna', 'confirmed');
INSERT INTO bid (ct_email, ct_price, start_date, end_date, is_cash, transport_method, pet_owner, pet_name, bid_status) VALUES ('Ebony_Veum@gmail.com', 14, '2020-11-11T07:25:39.967Z', '2020-11-12T04:12:37.770Z', true, 'pickup', 'Mario.Welch13@hotmail.com', 'Leta', 'confirmed');
INSERT INTO bid (ct_email, ct_price, start_date, end_date, is_cash, transport_method, pet_owner, pet_name, bid_status) VALUES ('Esta29@yahoo.com', 12, '2020-11-11T07:25:39.967Z', '2020-11-12T04:12:37.770Z', true, 'pcs', 'Frida_Nicolas@gmail.com', 'Adolphus', 'confirmed');
INSERT INTO bid (ct_email, ct_price, start_date, end_date, is_cash, transport_method, pet_owner, pet_name, bid_status) VALUES ('Onie84@hotmail.com', 2, '2020-11-11T07:25:39.967Z', '2020-11-12T04:12:37.770Z', true, 'pickup', 'Cydney_Nienow@yahoo.com', 'Norwood', 'confirmed');
INSERT INTO bid (ct_email, ct_price, start_date, end_date, is_cash, transport_method, pet_owner, pet_name, bid_status) VALUES ('Gwendolyn.Fadel@yahoo.com', 6, '2020-11-11T07:25:39.967Z', '2020-11-12T04:12:37.770Z', true, 'pcs', 'Lawrence16@yahoo.com', 'Claudine', 'confirmed');
INSERT INTO bid (ct_email, ct_price, start_date, end_date, is_cash, transport_method, pet_owner, pet_name, bid_status) VALUES ('Stephania_Hodkiewicz72@hotmail.com', 1, '2020-11-11T07:25:39.967Z', '2020-11-12T04:12:37.770Z', true, 'delivery', 'Lourdes_Krajcik@gmail.com', 'Hettie', 'confirmed');
INSERT INTO bid (ct_email, ct_price, start_date, end_date, is_cash, transport_method, pet_owner, pet_name, bid_status) VALUES ('Greg_Feest@yahoo.com', 5, '2020-11-11T07:25:39.967Z', '2020-11-12T04:12:37.770Z', true, 'pcs', 'Kayleigh_Dickinson92@hotmail.com', 'Lester', 'confirmed');
INSERT INTO bid (ct_email, ct_price, start_date, end_date, is_cash, transport_method, pet_owner, pet_name, bid_status) VALUES ('Rory_Zulauf49@yahoo.com', 5, '2020-11-11T07:25:39.967Z', '2020-11-12T04:12:37.770Z', true, 'delivery', 'Chadd_Carter25@hotmail.com', 'Hassan', 'confirmed');
INSERT INTO bid (ct_email, ct_price, start_date, end_date, is_cash, transport_method, pet_owner, pet_name, bid_status) VALUES ('Chadrick.Wuckert@yahoo.com', 3, '2020-11-11T07:25:39.967Z', '2020-11-12T04:12:37.770Z', true, 'pickup', 'Britney_Reilly96@hotmail.com', 'Trinity', 'confirmed');
INSERT INTO bid (ct_email, ct_price, start_date, end_date, is_cash, transport_method, pet_owner, pet_name, bid_status) VALUES ('Lela_Beahan@gmail.com', 6, '2020-11-11T07:25:39.967Z', '2020-11-12T04:12:37.770Z', true, 'pcs', 'Winston_Pfannerstill9@yahoo.com', 'Ray', 'confirmed');
INSERT INTO bid (ct_email, ct_price, start_date, end_date, is_cash, transport_method, pet_owner, pet_name, bid_status) VALUES ('Lon47@yahoo.com', 4, '2020-11-11T07:25:39.967Z', '2020-11-12T04:12:37.770Z', true, 'delivery', 'Noemi.Boyle31@gmail.com', 'Sven', 'confirmed');
INSERT INTO bid (ct_email, ct_price, start_date, end_date, is_cash, transport_method, pet_owner, pet_name, bid_status) VALUES ('Aiden.Sporer@hotmail.com', 5, '2020-11-11T07:25:39.967Z', '2020-11-12T04:12:37.770Z', true, 'delivery', 'Billy63@yahoo.com', 'Felicia', 'confirmed');
INSERT INTO bid (ct_email, ct_price, start_date, end_date, is_cash, transport_method, pet_owner, pet_name, bid_status) VALUES ('Gillian69@gmail.com', 1, '2020-11-11T07:25:39.967Z', '2020-11-12T04:12:37.770Z', true, 'pcs', 'Madeline.Schowalter4@yahoo.com', 'Susanna', 'confirmed');
INSERT INTO bid (ct_email, ct_price, start_date, end_date, is_cash, transport_method, pet_owner, pet_name, bid_status) VALUES ('Amber_Schmidt0@hotmail.com', 1, '2020-11-11T07:25:39.967Z', '2020-11-12T04:12:37.770Z', true, 'delivery', 'Wilford95@gmail.com', 'Hillary', 'confirmed');
INSERT INTO bid (ct_email, ct_price, start_date, end_date, is_cash, transport_method, pet_owner, pet_name, bid_status) VALUES ('Greta_OConnell25@hotmail.com', 13, '2020-11-11T07:25:39.967Z', '2020-11-12T04:12:37.770Z', true, 'pcs', 'Flo81@hotmail.com', 'Nikko', 'confirmed');
INSERT INTO bid (ct_email, ct_price, start_date, end_date, is_cash, transport_method, pet_owner, pet_name, bid_status) VALUES ('Anabelle87@yahoo.com', 4, '2020-11-11T07:25:39.967Z', '2020-11-12T04:12:37.770Z', true, 'pcs', 'Nash_Hodkiewicz@yahoo.com', 'Emory', 'confirmed');
INSERT INTO bid (ct_email, ct_price, start_date, end_date, is_cash, transport_method, pet_owner, pet_name, bid_status) VALUES ('Marjolaine_Abshire@gmail.com', 18, '2020-11-11T07:25:39.967Z', '2020-11-12T04:12:37.770Z', true, 'delivery', 'Rashad85@hotmail.com', 'Tom', 'confirmed');
INSERT INTO bid (ct_email, ct_price, start_date, end_date, is_cash, transport_method, pet_owner, pet_name, bid_status) VALUES ('Willow91@hotmail.com', 16, '2020-11-11T07:25:39.967Z', '2020-11-12T04:12:37.770Z', true, 'pcs', 'Elian50@yahoo.com', 'Dejon', 'confirmed');
INSERT INTO bid (ct_email, ct_price, start_date, end_date, is_cash, transport_method, pet_owner, pet_name, bid_status) VALUES ('Brant_Denesik17@hotmail.com', 4, '2020-11-11T07:25:39.967Z', '2020-11-12T04:12:37.770Z', true, 'pickup', 'Keyon35@yahoo.com', 'Kieran', 'confirmed');
INSERT INTO bid (ct_email, ct_price, start_date, end_date, is_cash, transport_method, pet_owner, pet_name, bid_status) VALUES ('Loy85@gmail.com', 10, '2020-11-11T07:25:39.967Z', '2020-11-12T04:12:37.770Z', true, 'pcs', 'Magali_Wiza@gmail.com', 'Kennedy', 'confirmed');
INSERT INTO bid (ct_email, ct_price, start_date, end_date, is_cash, transport_method, pet_owner, pet_name, bid_status) VALUES ('Dudley.Schaefer38@yahoo.com', 12, '2020-11-11T07:25:39.967Z', '2020-11-12T04:12:37.770Z', true, 'pickup', 'Hillard94@yahoo.com', 'Coy', 'confirmed');
INSERT INTO bid (ct_email, ct_price, start_date, end_date, is_cash, transport_method, pet_owner, pet_name, bid_status) VALUES ('Dolores.Gaylord@hotmail.com', 6, '2020-11-11T07:25:39.967Z', '2020-11-12T04:12:37.770Z', true, 'pickup', 'Kendra57@hotmail.com', 'Rhianna', 'confirmed');
INSERT INTO bid (ct_email, ct_price, start_date, end_date, is_cash, transport_method, pet_owner, pet_name, bid_status) VALUES ('Ebony21@gmail.com', 10, '2020-11-11T07:25:39.967Z', '2020-11-12T04:12:37.770Z', true, 'delivery', 'Merlin_Wilderman94@gmail.com', 'Zoie', 'confirmed');
INSERT INTO bid (ct_email, ct_price, start_date, end_date, is_cash, transport_method, pet_owner, pet_name, bid_status) VALUES ('Tressie.Johnston6@hotmail.com', 8, '2020-11-11T07:25:39.967Z', '2020-11-12T04:12:37.770Z', true, 'pcs', 'Furman12@hotmail.com', 'Hoyt', 'confirmed');
INSERT INTO bid (ct_email, ct_price, start_date, end_date, is_cash, transport_method, pet_owner, pet_name, bid_status) VALUES ('Vince.Ritchie@yahoo.com', 3, '2020-11-11T07:25:39.967Z', '2020-11-12T04:12:37.770Z', true, 'pcs', 'Rosario_Lubowitz49@hotmail.com', 'Sydnie', 'confirmed');
INSERT INTO bid (ct_email, ct_price, start_date, end_date, is_cash, transport_method, pet_owner, pet_name, bid_status) VALUES ('Monique45@yahoo.com', 8, '2020-11-11T07:25:39.967Z', '2020-11-12T04:12:37.770Z', true, 'pickup', 'Clovis_Collins@gmail.com', 'Leanne', 'confirmed');
INSERT INTO bid (ct_email, ct_price, start_date, end_date, is_cash, transport_method, pet_owner, pet_name, bid_status) VALUES ('Hadley_Little28@hotmail.com', 1, '2020-11-11T07:25:39.967Z', '2020-11-12T04:12:37.770Z', true, 'pcs', 'Kadin_Keebler@gmail.com', 'Amari', 'confirmed');
INSERT INTO bid (ct_email, ct_price, start_date, end_date, is_cash, transport_method, pet_owner, pet_name, bid_status) VALUES ('Elva_Barton@gmail.com', 14, '2020-11-11T07:25:39.967Z', '2020-11-12T04:12:37.770Z', true, 'delivery', 'Charles25@hotmail.com', 'Bernie', 'confirmed');
INSERT INTO bid (ct_email, ct_price, start_date, end_date, is_cash, transport_method, pet_owner, pet_name, bid_status) VALUES ('King82@yahoo.com', 8, '2020-11-11T07:25:39.967Z', '2020-11-12T04:12:37.770Z', true, 'delivery', 'Sadie42@hotmail.com', 'Geo', 'confirmed');
INSERT INTO bid (ct_email, ct_price, start_date, end_date, is_cash, transport_method, pet_owner, pet_name, bid_status) VALUES ('Shania_Jacobson@hotmail.com', 2, '2020-11-11T07:25:39.967Z', '2020-11-12T04:12:37.770Z', true, 'delivery', 'Oral73@yahoo.com', 'Adelbert', 'confirmed');
INSERT INTO bid (ct_email, ct_price, start_date, end_date, is_cash, transport_method, pet_owner, pet_name, bid_status) VALUES ('Leilani_Schulist@yahoo.com', 2, '2020-11-11T07:25:39.967Z', '2020-11-12T04:12:37.770Z', true, 'pickup', 'Isaiah.Corwin49@gmail.com', 'Jess', 'confirmed');
INSERT INTO bid (ct_email, ct_price, start_date, end_date, is_cash, transport_method, pet_owner, pet_name, bid_status) VALUES ('Hester7@hotmail.com', 7, '2020-11-11T07:25:39.967Z', '2020-11-12T04:12:37.770Z', true, 'pickup', 'Leilani.Doyle96@yahoo.com', 'Gideon', 'confirmed');
INSERT INTO bid (ct_email, ct_price, start_date, end_date, is_cash, transport_method, pet_owner, pet_name, bid_status) VALUES ('Keyon35@yahoo.com', 5, '2020-11-11T07:25:39.967Z', '2020-11-12T04:12:37.770Z', true, 'pcs', 'Jeffrey.Ebert@gmail.com', 'Lavinia', 'confirmed');
INSERT INTO bid (ct_email, ct_price, start_date, end_date, is_cash, transport_method, pet_owner, pet_name, bid_status) VALUES ('Virgil.Lueilwitz64@yahoo.com', 1, '2020-11-11T07:25:39.967Z', '2020-11-12T04:12:37.770Z', true, 'delivery', 'Savion.Cormier@gmail.com', 'Solon', 'confirmed');
INSERT INTO bid (ct_email, ct_price, start_date, end_date, is_cash, transport_method, pet_owner, pet_name, bid_status) VALUES ('Ofelia.Aufderhar@yahoo.com', 16, '2020-11-11T07:25:39.967Z', '2020-11-12T04:12:37.770Z', true, 'delivery', 'Chloe59@yahoo.com', 'Giovanna', 'confirmed');
INSERT INTO bid (ct_email, ct_price, start_date, end_date, is_cash, transport_method, pet_owner, pet_name, bid_status) VALUES ('Franco98@yahoo.com', 19, '2020-11-11T07:25:39.967Z', '2020-11-12T04:12:37.770Z', true, 'pcs', 'Lenore.Hyatt66@hotmail.com', 'Nyah', 'confirmed');
INSERT INTO bid (ct_email, ct_price, start_date, end_date, is_cash, transport_method, pet_owner, pet_name, bid_status) VALUES ('Taryn_Nikolaus43@hotmail.com', 17, '2020-11-11T07:25:39.967Z', '2020-11-12T04:12:37.770Z', true, 'pcs', 'Willow91@hotmail.com', 'Alek', 'confirmed');
INSERT INTO bid (ct_email, ct_price, start_date, end_date, is_cash, transport_method, pet_owner, pet_name, bid_status) VALUES ('Kavon79@hotmail.com', 11, '2020-11-11T07:25:39.967Z', '2020-11-12T04:12:37.770Z', true, 'pickup', 'Bryon_Casper@gmail.com', 'Arjun', 'confirmed');
INSERT INTO bid (ct_email, ct_price, start_date, end_date, is_cash, transport_method, pet_owner, pet_name, bid_status) VALUES ('Angus.Doyle@yahoo.com', 7, '2020-11-11T07:25:39.967Z', '2020-11-12T04:12:37.770Z', true, 'pcs', 'Lessie_Thompson@gmail.com', 'Wallace', 'confirmed');
INSERT INTO bid (ct_email, ct_price, start_date, end_date, is_cash, transport_method, pet_owner, pet_name, bid_status) VALUES ('Hardy.Terry@gmail.com', 15, '2020-11-11T07:25:39.967Z', '2020-11-12T04:12:37.770Z', true, 'delivery', 'Loy85@gmail.com', 'Vladimir', 'confirmed');
INSERT INTO bid (ct_email, ct_price, start_date, end_date, is_cash, transport_method, pet_owner, pet_name, bid_status) VALUES ('Kenton91@gmail.com', 20, '2020-11-11T07:25:39.967Z', '2020-11-12T04:12:37.770Z', true, 'pcs', 'Otilia_Kreiger@hotmail.com', 'Bryce', 'confirmed');
INSERT INTO bid (ct_email, ct_price, start_date, end_date, is_cash, transport_method, pet_owner, pet_name, bid_status) VALUES ('Valentina40@hotmail.com', 10, '2020-11-11T07:25:39.967Z', '2020-11-12T04:12:37.770Z', true, 'pcs', 'Ebba64@gmail.com', 'Weldon', 'confirmed');
INSERT INTO bid (ct_email, ct_price, start_date, end_date, is_cash, transport_method, pet_owner, pet_name, bid_status) VALUES ('Broderick.Abernathy@gmail.com', 11, '2020-11-11T07:25:39.967Z', '2020-11-12T04:12:37.770Z', true, 'pickup', 'Millie75@yahoo.com', 'Laurel', 'confirmed');
INSERT INTO bid (ct_email, ct_price, start_date, end_date, is_cash, transport_method, pet_owner, pet_name, bid_status) VALUES ('Katlynn.Will@gmail.com', 12, '2020-11-11T07:25:39.967Z', '2020-11-12T04:12:37.770Z', true, 'pickup', 'Harold.Altenwerth@hotmail.com', 'Murl', 'confirmed');
INSERT INTO bid (ct_email, ct_price, start_date, end_date, is_cash, transport_method, pet_owner, pet_name, bid_status) VALUES ('Abbey72@hotmail.com', 8, '2020-11-11T07:25:39.967Z', '2020-11-12T04:12:37.770Z', true, 'pcs', 'Lincoln.Swift@gmail.com', 'Pierce', 'confirmed');
INSERT INTO bid (ct_email, ct_price, start_date, end_date, is_cash, transport_method, pet_owner, pet_name, bid_status) VALUES ('Letitia_Brekke@hotmail.com', 20, '2020-11-11T07:25:39.967Z', '2020-11-12T04:12:37.770Z', true, 'pcs', 'Emil_Marks29@gmail.com', 'Nellie', 'confirmed');
INSERT INTO bid (ct_email, ct_price, start_date, end_date, is_cash, transport_method, pet_owner, pet_name, bid_status) VALUES ('Wade.Murazik53@hotmail.com', 11, '2020-11-11T07:25:39.967Z', '2020-11-12T04:12:37.770Z', true, 'delivery', 'Hudson.Barrows@hotmail.com', 'Jonathon', 'confirmed');
INSERT INTO bid (ct_email, ct_price, start_date, end_date, is_cash, transport_method, pet_owner, pet_name, bid_status) VALUES ('Eudora.Goodwin65@yahoo.com', 11, '2020-11-11T07:25:39.967Z', '2020-11-12T04:12:37.770Z', true, 'pcs', 'Ernest_Beer23@hotmail.com', 'Rollin', 'confirmed');
INSERT INTO bid (ct_email, ct_price, start_date, end_date, is_cash, transport_method, pet_owner, pet_name, bid_status) VALUES ('Sarah.Cremin64@yahoo.com', 15, '2020-11-11T07:25:39.967Z', '2020-11-12T04:12:37.770Z', true, 'pcs', 'Matteo89@gmail.com', 'Ceasar', 'confirmed');
INSERT INTO bid (ct_email, ct_price, start_date, end_date, is_cash, transport_method, pet_owner, pet_name, bid_status) VALUES ('Dominic.Senger@yahoo.com', 19, '2020-11-11T07:25:39.967Z', '2020-11-12T04:12:37.770Z', true, 'delivery', 'Vita23@yahoo.com', 'Domenick', 'confirmed');
INSERT INTO bid (ct_email, ct_price, start_date, end_date, is_cash, transport_method, pet_owner, pet_name, bid_status) VALUES ('Columbus_Medhurst@gmail.com', 8, '2020-11-11T07:25:39.967Z', '2020-11-12T04:12:37.770Z', true, 'delivery', 'Louisa37@hotmail.com', 'Jettie', 'confirmed');
INSERT INTO bid (ct_email, ct_price, start_date, end_date, is_cash, transport_method, pet_owner, pet_name, bid_status) VALUES ('Charles.Zemlak67@gmail.com', 5, '2020-11-11T07:25:39.967Z', '2020-11-12T04:12:37.770Z', true, 'pcs', 'Santos_Robel66@gmail.com', 'Melany', 'confirmed');
INSERT INTO bid (ct_email, ct_price, start_date, end_date, is_cash, transport_method, pet_owner, pet_name, bid_status) VALUES ('Kailyn11@hotmail.com', 16, '2020-11-11T07:25:39.967Z', '2020-11-12T04:12:37.770Z', true, 'delivery', 'Hallie_Wiegand7@hotmail.com', 'Brody', 'confirmed');
INSERT INTO bid (ct_email, ct_price, start_date, end_date, is_cash, transport_method, pet_owner, pet_name, bid_status) VALUES ('Hortense.Schulist@hotmail.com', 0, '2020-11-11T07:25:39.967Z', '2020-11-12T04:12:37.770Z', true, 'pickup', 'Gerhard_Johnston22@hotmail.com', 'Bethel', 'confirmed');
INSERT INTO bid (ct_email, ct_price, start_date, end_date, is_cash, transport_method, pet_owner, pet_name, bid_status) VALUES ('Jaren98@hotmail.com', 1, '2020-11-11T07:25:39.967Z', '2020-11-12T04:12:37.770Z', true, 'delivery', 'Raleigh96@yahoo.com', 'Marlon', 'confirmed');
INSERT INTO bid (ct_email, ct_price, start_date, end_date, is_cash, transport_method, pet_owner, pet_name, bid_status) VALUES ('Jerod.Brakus2@gmail.com', 10, '2020-11-11T07:25:39.967Z', '2020-11-12T04:12:37.770Z', true, 'delivery', 'Estell28@yahoo.com', 'Laisha', 'confirmed');
INSERT INTO bid (ct_email, ct_price, start_date, end_date, is_cash, transport_method, pet_owner, pet_name, bid_status) VALUES ('Delfina61@gmail.com', 6, '2020-11-11T07:25:39.967Z', '2020-11-12T04:12:37.770Z', true, 'pcs', 'Thad.King59@yahoo.com', 'Kristofer', 'confirmed');
INSERT INTO bid (ct_email, ct_price, start_date, end_date, is_cash, transport_method, pet_owner, pet_name, bid_status) VALUES ('Kathlyn_Rowe21@yahoo.com', 8, '2020-11-11T07:25:39.967Z', '2020-11-12T04:12:37.770Z', true, 'pickup', 'Queen.Wilderman71@hotmail.com', 'Rickey', 'confirmed');
INSERT INTO bid (ct_email, ct_price, start_date, end_date, is_cash, transport_method, pet_owner, pet_name, bid_status) VALUES ('Jake9@gmail.com', 8, '2020-11-11T07:25:39.967Z', '2020-11-12T04:12:37.770Z', true, 'delivery', 'Malachi_OKeefe@hotmail.com', 'Maia', 'confirmed');
INSERT INTO bid (ct_email, ct_price, start_date, end_date, is_cash, transport_method, pet_owner, pet_name, bid_status) VALUES ('Estell28@yahoo.com', 13, '2020-11-11T07:25:39.967Z', '2020-11-12T04:12:37.770Z', true, 'delivery', 'Carter.Tremblay@hotmail.com', 'Koby', 'confirmed');
INSERT INTO bid (ct_email, ct_price, start_date, end_date, is_cash, transport_method, pet_owner, pet_name, bid_status) VALUES ('Eleazar.Rogahn62@yahoo.com', 19, '2020-11-11T07:25:39.967Z', '2020-11-12T04:12:37.770Z', true, 'pcs', 'Haven_Mann13@gmail.com', 'Elva', 'confirmed');
INSERT INTO bid (ct_email, ct_price, start_date, end_date, is_cash, transport_method, pet_owner, pet_name, bid_status) VALUES ('Katherine.Halvorson32@yahoo.com', 3, '2020-11-11T07:25:39.967Z', '2020-11-12T04:12:37.770Z', true, 'delivery', 'Valentina60@hotmail.com', 'Manuela', 'confirmed');
INSERT INTO bid (ct_email, ct_price, start_date, end_date, is_cash, transport_method, pet_owner, pet_name, bid_status) VALUES ('Nelson.Corkery87@gmail.com', 7, '2020-11-11T07:25:39.967Z', '2020-11-12T04:12:37.770Z', true, 'pcs', 'Orrin8@yahoo.com', 'Jovani', 'confirmed');
INSERT INTO bid (ct_email, ct_price, start_date, end_date, is_cash, transport_method, pet_owner, pet_name, bid_status) VALUES ('Elmira.Kohler46@hotmail.com', 17, '2020-11-11T07:25:39.967Z', '2020-11-12T04:12:37.770Z', true, 'pickup', 'Sammie.Lueilwitz18@hotmail.com', 'Kayla', 'confirmed');
INSERT INTO bid (ct_email, ct_price, start_date, end_date, is_cash, transport_method, pet_owner, pet_name, bid_status) VALUES ('Tyrel_Beier83@yahoo.com', 0, '2020-11-11T07:25:39.967Z', '2020-11-12T04:12:37.770Z', true, 'delivery', 'Antonette.Boyer@gmail.com', 'Vilma', 'confirmed');
INSERT INTO bid (ct_email, ct_price, start_date, end_date, is_cash, transport_method, pet_owner, pet_name, bid_status) VALUES ('Maymie_Denesik65@yahoo.com', 3, '2020-11-11T07:25:39.967Z', '2020-11-12T04:12:37.770Z', true, 'pickup', 'Mauricio58@gmail.com', 'Elian', 'confirmed');
INSERT INTO bid (ct_email, ct_price, start_date, end_date, is_cash, transport_method, pet_owner, pet_name, bid_status) VALUES ('Micaela_Champlin@gmail.com', 9, '2020-11-11T07:25:39.967Z', '2020-11-12T04:12:37.770Z', true, 'pcs', 'Joany26@yahoo.com', 'America', 'confirmed');
INSERT INTO bid (ct_email, ct_price, start_date, end_date, is_cash, transport_method, pet_owner, pet_name, bid_status) VALUES ('Maxwell.Medhurst@hotmail.com', 1, '2020-11-11T07:25:39.967Z', '2020-11-12T04:12:37.770Z', true, 'pcs', 'Geovanni3@yahoo.com', 'Javonte', 'confirmed');
INSERT INTO bid (ct_email, ct_price, start_date, end_date, is_cash, transport_method, pet_owner, pet_name, bid_status) VALUES ('Mariah.Watsica@hotmail.com', 12, '2020-11-11T07:25:39.967Z', '2020-11-12T04:12:37.770Z', true, 'pickup', 'Keely40@hotmail.com', 'Jewel', 'confirmed');
INSERT INTO bid (ct_email, ct_price, start_date, end_date, is_cash, transport_method, pet_owner, pet_name, bid_status) VALUES ('Keshaun.Morar93@yahoo.com', 2, '2020-11-11T07:25:39.967Z', '2020-11-12T04:12:37.770Z', true, 'delivery', 'Lucy_Grady26@yahoo.com', 'Nyasia', 'confirmed');
INSERT INTO bid (ct_email, ct_price, start_date, end_date, is_cash, transport_method, pet_owner, pet_name, bid_status) VALUES ('Sabrina.Lockman65@gmail.com', 0, '2020-11-11T07:25:39.967Z', '2020-11-12T04:12:37.770Z', true, 'pcs', 'Logan.Hettinger@yahoo.com', 'Trent', 'confirmed');
INSERT INTO bid (ct_email, ct_price, start_date, end_date, is_cash, transport_method, pet_owner, pet_name, bid_status) VALUES ('Berenice.Hirthe@yahoo.com', 3, '2020-11-11T07:25:39.967Z', '2020-11-12T04:12:37.770Z', true, 'delivery', 'Abbey.McCullough@hotmail.com', 'Nova', 'confirmed');
INSERT INTO bid (ct_email, ct_price, start_date, end_date, is_cash, transport_method, pet_owner, pet_name, bid_status) VALUES ('Reva_Ratke14@gmail.com', 18, '2020-11-11T07:25:39.967Z', '2020-11-12T04:12:37.770Z', true, 'delivery', 'Maegan.Cole@gmail.com', 'Reanna', 'confirmed');
INSERT INTO bid (ct_email, ct_price, start_date, end_date, is_cash, transport_method, pet_owner, pet_name, bid_status) VALUES ('Bernadine_Wisozk58@yahoo.com', 17, '2020-11-11T07:25:39.967Z', '2020-11-12T04:12:37.770Z', true, 'pickup', 'Herta.Harber60@hotmail.com', 'Wilfredo', 'confirmed');
INSERT INTO bid (ct_email, ct_price, start_date, end_date, is_cash, transport_method, pet_owner, pet_name, bid_status) VALUES ('Franco_Schuster78@hotmail.com', 12, '2020-11-11T07:25:39.967Z', '2020-11-12T04:12:37.770Z', true, 'pcs', 'Gust_Turcotte@gmail.com', 'Romaine', 'confirmed');
INSERT INTO bid (ct_email, ct_price, start_date, end_date, is_cash, transport_method, pet_owner, pet_name, bid_status) VALUES ('Reba31@gmail.com', 9, '2020-11-11T07:25:39.967Z', '2020-11-12T04:12:37.770Z', true, 'pickup', 'Andre34@yahoo.com', 'Deven', 'confirmed');
INSERT INTO bid (ct_email, ct_price, start_date, end_date, is_cash, transport_method, pet_owner, pet_name, bid_status) VALUES ('Tristian75@hotmail.com', 12, '2020-11-11T07:25:39.967Z', '2020-11-12T04:12:37.770Z', true, 'pickup', 'Chadd25@gmail.com', 'Frida', 'confirmed');
INSERT INTO bid (ct_email, ct_price, start_date, end_date, is_cash, transport_method, pet_owner, pet_name, bid_status) VALUES ('Leon52@yahoo.com', 6, '2020-11-11T07:25:39.967Z', '2020-11-12T04:12:37.770Z', true, 'pcs', 'Alexzander.Lockman@gmail.com', 'Efren', 'confirmed');
INSERT INTO bid (ct_email, ct_price, start_date, end_date, is_cash, transport_method, pet_owner, pet_name, bid_status) VALUES ('Maribel_Deckow35@hotmail.com', 11, '2020-11-11T07:25:39.967Z', '2020-11-12T04:12:37.770Z', true, 'pickup', 'Donny23@yahoo.com', 'Theresa', 'confirmed');
INSERT INTO bid (ct_email, ct_price, start_date, end_date, is_cash, transport_method, pet_owner, pet_name, bid_status) VALUES ('Cleora_Fritsch89@hotmail.com', 4, '2020-11-11T07:25:39.967Z', '2020-11-12T04:12:37.770Z', true, 'pickup', 'Billie.Pagac@yahoo.com', 'Abner', 'confirmed');
INSERT INTO bid (ct_email, ct_price, start_date, end_date, is_cash, transport_method, pet_owner, pet_name, bid_status) VALUES ('Israel_Hoeger@yahoo.com', 3, '2020-11-11T07:25:39.967Z', '2020-11-12T04:12:37.770Z', true, 'delivery', 'Bernadine_Wisozk58@yahoo.com', 'Melvin', 'confirmed');
INSERT INTO bid (ct_email, ct_price, start_date, end_date, is_cash, transport_method, pet_owner, pet_name, bid_status) VALUES ('Shane_Harber53@yahoo.com', 12, '2020-11-11T07:25:39.967Z', '2020-11-12T04:12:37.770Z', true, 'pcs', 'Jaclyn83@yahoo.com', 'Rick', 'confirmed');
INSERT INTO bid (ct_email, ct_price, start_date, end_date, is_cash, transport_method, pet_owner, pet_name, bid_status) VALUES ('Amara_Blanda21@hotmail.com', 20, '2020-11-11T07:25:39.967Z', '2020-11-12T04:12:37.770Z', true, 'pcs', 'Lisandro83@hotmail.com', 'Percy', 'confirmed');
INSERT INTO bid (ct_email, ct_price, start_date, end_date, is_cash, transport_method, pet_owner, pet_name, bid_status) VALUES ('Abbey.Stanton@gmail.com', 14, '2020-11-11T07:25:39.967Z', '2020-11-12T04:12:37.770Z', true, 'pcs', 'Perry_Bayer@gmail.com', 'Caterina', 'confirmed');
INSERT INTO bid (ct_email, ct_price, start_date, end_date, is_cash, transport_method, pet_owner, pet_name, bid_status) VALUES ('Ila23@yahoo.com', 12, '2020-11-11T07:25:39.967Z', '2020-11-12T04:12:37.770Z', true, 'delivery', 'Columbus_Medhurst@gmail.com', 'Eusebio', 'confirmed');
INSERT INTO bid (ct_email, ct_price, start_date, end_date, is_cash, transport_method, pet_owner, pet_name, bid_status) VALUES ('Maxine.Feil87@yahoo.com', 1, '2020-11-11T07:25:39.967Z', '2020-11-12T04:12:37.770Z', true, 'delivery', 'Gillian69@gmail.com', 'Antonio', 'confirmed');
INSERT INTO bid (ct_email, ct_price, start_date, end_date, is_cash, transport_method, pet_owner, pet_name, bid_status) VALUES ('Hazel_Botsford@gmail.com', 4, '2020-11-11T07:25:39.967Z', '2020-11-12T04:12:37.770Z', true, 'delivery', 'Jordane_Gerhold37@gmail.com', 'Nickolas', 'confirmed');
INSERT INTO bid (ct_email, ct_price, start_date, end_date, is_cash, transport_method, pet_owner, pet_name, bid_status) VALUES ('Jamison31@gmail.com', 5, '2020-11-11T07:25:39.967Z', '2020-11-12T04:12:37.770Z', true, 'pcs', 'Augusta_Emmerich72@hotmail.com', 'Cloyd', 'confirmed');
INSERT INTO bid (ct_email, ct_price, start_date, end_date, is_cash, transport_method, pet_owner, pet_name, bid_status) VALUES ('Elian_Botsford@hotmail.com', 2, '2020-11-11T07:25:39.967Z', '2020-11-12T04:12:37.770Z', true, 'pcs', 'Maddison62@hotmail.com', 'Mylene', 'confirmed');
INSERT INTO bid (ct_email, ct_price, start_date, end_date, is_cash, transport_method, pet_owner, pet_name, bid_status) VALUES ('Donny23@yahoo.com', 5, '2020-11-11T07:25:39.967Z', '2020-11-12T04:12:37.770Z', true, 'pickup', 'Mathias.Predovic50@hotmail.com', 'Glennie', 'confirmed');
INSERT INTO bid (ct_email, ct_price, start_date, end_date, is_cash, transport_method, pet_owner, pet_name, bid_status) VALUES ('Rey.Veum@hotmail.com', 20, '2020-11-11T07:25:39.967Z', '2020-11-12T04:12:37.770Z', true, 'delivery', 'Eugene_Morissette30@yahoo.com', 'Desiree', 'confirmed');
INSERT INTO bid (ct_email, ct_price, start_date, end_date, is_cash, transport_method, pet_owner, pet_name, bid_status) VALUES ('Brett19@hotmail.com', 4, '2020-11-11T07:25:39.967Z', '2020-11-12T04:12:37.770Z', true, 'pickup', 'Katlynn.Will@gmail.com', 'Myrtice', 'confirmed');
INSERT INTO bid (ct_email, ct_price, start_date, end_date, is_cash, transport_method, pet_owner, pet_name, bid_status) VALUES ('Tierra59@yahoo.com', 14, '2020-11-11T07:25:39.967Z', '2020-11-12T04:12:37.770Z', true, 'pcs', 'Deja46@hotmail.com', 'Amina', 'confirmed');
INSERT INTO bid (ct_email, ct_price, start_date, end_date, is_cash, transport_method, pet_owner, pet_name, bid_status) VALUES ('Katarina41@gmail.com', 11, '2020-11-11T07:25:39.967Z', '2020-11-12T04:12:37.770Z', true, 'pcs', 'Gwendolyn.Fadel@yahoo.com', 'Stanton', 'confirmed');
INSERT INTO bid (ct_email, ct_price, start_date, end_date, is_cash, transport_method, pet_owner, pet_name, bid_status) VALUES ('Sheila.Towne49@yahoo.com', 0, '2020-11-11T07:25:39.967Z', '2020-11-12T04:12:37.770Z', true, 'delivery', 'Buford.Wuckert30@hotmail.com', 'Forest', 'confirmed');
INSERT INTO bid (ct_email, ct_price, start_date, end_date, is_cash, transport_method, pet_owner, pet_name, bid_status) VALUES ('Carson56@gmail.com', 12, '2020-11-11T07:25:39.967Z', '2020-11-12T04:12:37.770Z', true, 'delivery', 'Estell28@yahoo.com', 'Guy', 'confirmed');
INSERT INTO bid (ct_email, ct_price, start_date, end_date, is_cash, transport_method, pet_owner, pet_name, bid_status) VALUES ('Isai_Crooks@gmail.com', 13, '2020-11-11T07:25:39.967Z', '2020-11-12T04:12:37.770Z', true, 'pickup', 'Alycia.Nader98@hotmail.com', 'Lupe', 'confirmed');
INSERT INTO bid (ct_email, ct_price, start_date, end_date, is_cash, transport_method, pet_owner, pet_name, bid_status) VALUES ('April21@hotmail.com', 1, '2020-11-11T07:25:39.967Z', '2020-11-12T04:12:37.770Z', true, 'pcs', 'Kennedi59@hotmail.com', 'Stephan', 'confirmed');
INSERT INTO bid (ct_email, ct_price, start_date, end_date, is_cash, transport_method, pet_owner, pet_name, bid_status) VALUES ('Alexzander.Lockman@gmail.com', 1, '2020-11-11T07:25:39.967Z', '2020-11-12T04:12:37.770Z', true, 'delivery', 'Shanny_Koss60@yahoo.com', 'Jaclyn', 'confirmed');
INSERT INTO bid (ct_email, ct_price, start_date, end_date, is_cash, transport_method, pet_owner, pet_name, bid_status) VALUES ('Gia92@gmail.com', 18, '2020-11-11T07:25:39.967Z', '2020-11-12T04:12:37.770Z', true, 'pickup', 'Reuben_Kunde70@gmail.com', 'Martin', 'confirmed');
INSERT INTO bid (ct_email, ct_price, start_date, end_date, is_cash, transport_method, pet_owner, pet_name, bid_status) VALUES ('Rae.McKenzie@hotmail.com', 8, '2020-11-11T07:25:39.967Z', '2020-11-12T04:12:37.770Z', true, 'delivery', 'Kylee.Bergnaum@hotmail.com', 'Osvaldo', 'confirmed');
INSERT INTO bid (ct_email, ct_price, start_date, end_date, is_cash, transport_method, pet_owner, pet_name, bid_status) VALUES ('Sven71@yahoo.com', 0, '2020-11-11T07:25:39.967Z', '2020-11-12T04:12:37.770Z', true, 'pcs', 'Greta_OConnell25@hotmail.com', 'Sabryna', 'confirmed');
INSERT INTO bid (ct_email, ct_price, start_date, end_date, is_cash, transport_method, pet_owner, pet_name, bid_status) VALUES ('Golda.Emmerich60@hotmail.com', 9, '2020-11-11T07:25:39.967Z', '2020-11-12T04:12:37.770Z', true, 'delivery', 'Celestino.Wuckert20@hotmail.com', 'Reymundo', 'confirmed');
INSERT INTO bid (ct_email, ct_price, start_date, end_date, is_cash, transport_method, pet_owner, pet_name, bid_status) VALUES ('Montana_Kirlin@gmail.com', 18, '2020-11-11T07:25:39.967Z', '2020-11-12T04:12:37.770Z', true, 'delivery', 'Charles.Gleichner@hotmail.com', 'Clementine', 'confirmed');
INSERT INTO bid (ct_email, ct_price, start_date, end_date, is_cash, transport_method, pet_owner, pet_name, bid_status) VALUES ('Elenora.Weimann@gmail.com', 5, '2020-11-11T07:25:39.967Z', '2020-11-12T04:12:37.770Z', true, 'pickup', 'Letitia_Brekke@hotmail.com', 'Federico', 'confirmed');
INSERT INTO bid (ct_email, ct_price, start_date, end_date, is_cash, transport_method, pet_owner, pet_name, bid_status) VALUES ('Tyler.Jerde@yahoo.com', 4, '2020-11-11T07:25:39.967Z', '2020-11-12T04:12:37.770Z', true, 'delivery', 'Annie.Balistreri@gmail.com', 'Kelli', 'confirmed');
INSERT INTO bid (ct_email, ct_price, start_date, end_date, is_cash, transport_method, pet_owner, pet_name, bid_status) VALUES ('Buford.Wuckert30@hotmail.com', 0, '2020-11-11T07:25:39.967Z', '2020-11-12T04:12:37.770Z', true, 'pickup', 'Olin19@yahoo.com', 'Gennaro', 'confirmed');
INSERT INTO bid (ct_email, ct_price, start_date, end_date, is_cash, transport_method, pet_owner, pet_name, bid_status) VALUES ('Amy30@yahoo.com', 4, '2020-11-11T07:25:39.967Z', '2020-11-12T04:12:37.770Z', true, 'pcs', 'Flossie_Nader@hotmail.com', 'Alexandra', 'confirmed');
INSERT INTO bid (ct_email, ct_price, start_date, end_date, is_cash, transport_method, pet_owner, pet_name, bid_status) VALUES ('Josiane_Hyatt@gmail.com', 7, '2020-11-11T07:25:39.967Z', '2020-11-12T04:12:37.770Z', true, 'pickup', 'Juana51@hotmail.com', 'Eleanore', 'confirmed');
INSERT INTO bid (ct_email, ct_price, start_date, end_date, is_cash, transport_method, pet_owner, pet_name, bid_status) VALUES ('Nico9@gmail.com', 5, '2020-11-11T07:25:39.967Z', '2020-11-12T04:12:37.770Z', true, 'pcs', 'Rory_Zulauf49@yahoo.com', 'Kory', 'confirmed');
INSERT INTO bid (ct_email, ct_price, start_date, end_date, is_cash, transport_method, pet_owner, pet_name, bid_status) VALUES ('Camila_Torphy32@hotmail.com', 8, '2020-11-11T07:25:39.967Z', '2020-11-12T04:12:37.770Z', true, 'pickup', 'Garett_Sipes@yahoo.com', 'Donato', 'confirmed');
INSERT INTO bid (ct_email, ct_price, start_date, end_date, is_cash, transport_method, pet_owner, pet_name, bid_status) VALUES ('Kurtis.Vandervort@yahoo.com', 8, '2020-11-11T07:25:39.967Z', '2020-11-12T04:12:37.770Z', true, 'delivery', 'Wallace.Bogan75@gmail.com', 'Sasha', 'confirmed');
INSERT INTO bid (ct_email, ct_price, start_date, end_date, is_cash, transport_method, pet_owner, pet_name, bid_status) VALUES ('Emmie_Dicki@hotmail.com', 13, '2020-11-11T07:25:39.967Z', '2020-11-12T04:12:37.770Z', true, 'pickup', 'Linda45@yahoo.com', 'Dewitt', 'confirmed');
INSERT INTO bid (ct_email, ct_price, start_date, end_date, is_cash, transport_method, pet_owner, pet_name, bid_status) VALUES ('Annie90@hotmail.com', 17, '2020-11-11T07:25:39.967Z', '2020-11-12T04:12:37.770Z', true, 'delivery', 'Lowell86@hotmail.com', 'Reta', 'confirmed');
INSERT INTO bid (ct_email, ct_price, start_date, end_date, is_cash, transport_method, pet_owner, pet_name, bid_status) VALUES ('Kelsie.Herzog98@yahoo.com', 12, '2020-11-11T07:25:39.967Z', '2020-11-12T04:12:37.770Z', true, 'pickup', 'Louisa37@hotmail.com', 'Hilbert', 'confirmed');
INSERT INTO bid (ct_email, ct_price, start_date, end_date, is_cash, transport_method, pet_owner, pet_name, bid_status) VALUES ('Makenzie_Block21@yahoo.com', 18, '2020-11-11T07:25:39.967Z', '2020-11-12T04:12:37.770Z', true, 'pickup', 'Dudley_Davis48@yahoo.com', 'Otis', 'confirmed');
INSERT INTO bid (ct_email, ct_price, start_date, end_date, is_cash, transport_method, pet_owner, pet_name, bid_status) VALUES ('Noe.Larson@gmail.com', 2, '2020-11-11T07:25:39.967Z', '2020-11-12T04:12:37.770Z', true, 'pcs', 'Wallace.Bogan75@gmail.com', 'Fern', 'confirmed');
INSERT INTO bid (ct_email, ct_price, start_date, end_date, is_cash, transport_method, pet_owner, pet_name, bid_status) VALUES ('Celestino.Wuckert20@hotmail.com', 17, '2020-11-11T07:25:39.967Z', '2020-11-12T04:12:37.770Z', true, 'pickup', 'Daphney_Schmeler@hotmail.com', 'Macie', 'confirmed');
INSERT INTO bid (ct_email, ct_price, start_date, end_date, is_cash, transport_method, pet_owner, pet_name, bid_status) VALUES ('Jess.Fadel73@hotmail.com', 12, '2020-11-11T07:25:39.967Z', '2020-11-12T04:12:37.770Z', true, 'delivery', 'Ferne.Reichert@hotmail.com', 'Devonte', 'confirmed');
INSERT INTO bid (ct_email, ct_price, start_date, end_date, is_cash, transport_method, pet_owner, pet_name, bid_status) VALUES ('Hillard94@yahoo.com', 11, '2020-11-11T07:25:39.967Z', '2020-11-12T04:12:37.770Z', true, 'delivery', 'Jaycee96@gmail.com', 'Titus', 'confirmed');
INSERT INTO bid (ct_email, ct_price, start_date, end_date, is_cash, transport_method, pet_owner, pet_name, bid_status) VALUES ('Yesenia_Reynolds@gmail.com', 1, '2020-11-11T07:25:39.967Z', '2020-11-12T04:12:37.770Z', true, 'pickup', 'Demetrius.Schaefer58@yahoo.com', 'Janis', 'confirmed');
INSERT INTO bid (ct_email, ct_price, start_date, end_date, is_cash, transport_method, pet_owner, pet_name, bid_status) VALUES ('Salvador95@yahoo.com', 4, '2020-11-11T07:25:39.967Z', '2020-11-12T04:12:37.770Z', true, 'pcs', 'Gerardo78@yahoo.com', 'Domenica', 'confirmed');
INSERT INTO bid (ct_email, ct_price, start_date, end_date, is_cash, transport_method, pet_owner, pet_name, bid_status) VALUES ('Selena.Flatley98@gmail.com', 16, '2020-11-11T07:25:39.967Z', '2020-11-12T04:12:37.770Z', true, 'delivery', 'Vena.Schmeler65@hotmail.com', 'Vinnie', 'confirmed');
INSERT INTO bid (ct_email, ct_price, start_date, end_date, is_cash, transport_method, pet_owner, pet_name, bid_status) VALUES ('Jackeline.Schmeler28@yahoo.com', 15, '2020-11-11T07:25:39.967Z', '2020-11-12T04:12:37.770Z', true, 'pcs', 'Brittany_Carter87@hotmail.com', 'Janet', 'confirmed');
INSERT INTO bid (ct_email, ct_price, start_date, end_date, is_cash, transport_method, pet_owner, pet_name, bid_status) VALUES ('Reva.Crist@gmail.com', 16, '2020-11-11T07:25:39.967Z', '2020-11-12T04:12:37.770Z', true, 'delivery', 'Madisyn_Gaylord@gmail.com', 'Darius', 'confirmed');
INSERT INTO bid (ct_email, ct_price, start_date, end_date, is_cash, transport_method, pet_owner, pet_name, bid_status) VALUES ('Naomie.Erdman67@gmail.com', 20, '2020-11-11T07:25:39.967Z', '2020-11-12T04:12:37.770Z', true, 'delivery', 'Nathaniel_Stiedemann@gmail.com', 'Quentin', 'confirmed');
INSERT INTO bid (ct_email, ct_price, start_date, end_date, is_cash, transport_method, pet_owner, pet_name, bid_status) VALUES ('Serena.Walsh17@yahoo.com', 15, '2020-11-11T07:25:39.967Z', '2020-11-12T04:12:37.770Z', true, 'pcs', 'Aglae.Marquardt3@gmail.com', 'Abbie', 'confirmed');
INSERT INTO bid (ct_email, ct_price, start_date, end_date, is_cash, transport_method, pet_owner, pet_name, bid_status) VALUES ('Hailee_Zieme@hotmail.com', 7, '2020-11-11T07:25:39.967Z', '2020-11-12T04:12:37.770Z', true, 'delivery', 'Britney_Dooley@hotmail.com', 'Orlo', 'confirmed');
INSERT INTO bid (ct_email, ct_price, start_date, end_date, is_cash, transport_method, pet_owner, pet_name, bid_status) VALUES ('Dovie39@hotmail.com', 14, '2020-11-11T07:25:39.967Z', '2020-11-12T04:12:37.770Z', true, 'delivery', 'Gardner_Balistreri32@yahoo.com', 'Marlin', 'confirmed');
INSERT INTO bid (ct_email, ct_price, start_date, end_date, is_cash, transport_method, pet_owner, pet_name, bid_status) VALUES ('Shaniya_Towne@yahoo.com', 18, '2020-11-11T07:25:39.967Z', '2020-11-12T04:12:37.770Z', true, 'delivery', 'Michaela59@yahoo.com', 'Anya', 'confirmed');
INSERT INTO bid (ct_email, ct_price, start_date, end_date, is_cash, transport_method, pet_owner, pet_name, bid_status) VALUES ('Raleigh96@yahoo.com', 0, '2020-11-11T07:25:39.967Z', '2020-11-12T04:12:37.770Z', true, 'delivery', 'Andre34@yahoo.com', 'Christine', 'confirmed');
INSERT INTO bid (ct_email, ct_price, start_date, end_date, is_cash, transport_method, pet_owner, pet_name, bid_status) VALUES ('Bryon_Casper@gmail.com', 12, '2020-11-11T07:25:39.967Z', '2020-11-12T04:12:37.770Z', true, 'pickup', 'Cassidy63@hotmail.com', 'Bonita', 'confirmed');
INSERT INTO bid (ct_email, ct_price, start_date, end_date, is_cash, transport_method, pet_owner, pet_name, bid_status) VALUES ('Adrian28@hotmail.com', 18, '2020-11-11T07:25:39.967Z', '2020-11-12T04:12:37.770Z', true, 'pcs', 'Gust_Turcotte@gmail.com', 'Kobe', 'confirmed');
INSERT INTO bid (ct_email, ct_price, start_date, end_date, is_cash, transport_method, pet_owner, pet_name, bid_status) VALUES ('Hudson.Barrows@hotmail.com', 15, '2020-11-11T07:25:39.967Z', '2020-11-12T04:12:37.770Z', true, 'pcs', 'Georgiana_Doyle4@hotmail.com', 'Raquel', 'confirmed');
INSERT INTO bid (ct_email, ct_price, start_date, end_date, is_cash, transport_method, pet_owner, pet_name, bid_status) VALUES ('Reuben_Kunde70@gmail.com', 13, '2020-11-11T07:25:39.967Z', '2020-11-12T04:12:37.770Z', true, 'delivery', 'Adrain71@yahoo.com', 'Laury', 'confirmed');
INSERT INTO bid (ct_email, ct_price, start_date, end_date, is_cash, transport_method, pet_owner, pet_name, bid_status) VALUES ('Ryan_Glover@gmail.com', 9, '2020-11-11T07:25:39.967Z', '2020-11-12T04:12:37.770Z', true, 'delivery', 'Jayden_Green@hotmail.com', 'Niko', 'confirmed');
INSERT INTO bid (ct_email, ct_price, start_date, end_date, is_cash, transport_method, pet_owner, pet_name, bid_status) VALUES ('Michaela59@yahoo.com', 12, '2020-11-11T07:25:39.967Z', '2020-11-12T04:12:37.770Z', true, 'pcs', 'Magali_Wiza@gmail.com', 'Lilian', 'confirmed');
INSERT INTO bid (ct_email, ct_price, start_date, end_date, is_cash, transport_method, pet_owner, pet_name, bid_status) VALUES ('Maegan.Cole@gmail.com', 0, '2020-11-11T07:25:39.967Z', '2020-11-12T04:12:37.770Z', true, 'delivery', 'Jerod.Brakus2@gmail.com', 'Benton', 'confirmed');
UPDATE bid SET (bid_status, rating, feedback) = ('reviewed', 5, 'Earum sunt dolor libero saepe error voluptatem eaque laborum. Fuga minima officiis assumenda ut animi animi nihil.') WHERE ct_email = 'Alek.Christiansen@hotmail.com' AND pet_owner = 'Javier11@gmail.com' AND pet_name = 'Bernadette' AND start_date = Date('2020-11-11T07:25:39.967Z') AND end_date = Date('2020-11-12T04:12:37.770Z');
UPDATE bid SET (bid_status, rating, feedback) = ('reviewed', 4, 'Quis eos inventore consequatur voluptas quaerat ratione exercitationem. Consequatur quas delectus rem ipsum.') WHERE ct_email = 'Myrl4@yahoo.com' AND pet_owner = 'Vita23@yahoo.com' AND pet_name = 'Michaela' AND start_date = Date('2020-11-11T07:25:39.967Z') AND end_date = Date('2020-11-12T04:12:37.770Z');
UPDATE bid SET (bid_status, rating, feedback) = ('reviewed', 4, 'Minus ut est ut vel consectetur et ducimus voluptatibus. Unde voluptas eum nulla nisi.') WHERE ct_email = 'Vern.Effertz58@yahoo.com' AND pet_owner = 'Rosanna.Rodriguez@gmail.com' AND pet_name = 'Velda' AND start_date = Date('2020-11-11T07:25:39.967Z') AND end_date = Date('2020-11-12T04:12:37.770Z');
UPDATE bid SET (bid_status, rating, feedback) = ('reviewed', 4, 'Maiores cupiditate est delectus esse minima. Quod voluptatum eum reprehenderit est in asperiores temporibus praesentium.') WHERE ct_email = 'Juston.Walter36@gmail.com' AND pet_owner = 'Gardner_Balistreri32@yahoo.com' AND pet_name = 'Flo' AND start_date = Date('2020-11-11T07:25:39.967Z') AND end_date = Date('2020-11-12T04:12:37.770Z');
UPDATE bid SET (bid_status, rating, feedback) = ('reviewed', 4, 'Optio excepturi dolor est occaecati rerum velit sunt et. Distinctio mollitia exercitationem esse accusantium.') WHERE ct_email = 'Nikki_Franecki36@gmail.com' AND pet_owner = 'May86@gmail.com' AND pet_name = 'Leonardo' AND start_date = Date('2020-11-11T07:25:39.967Z') AND end_date = Date('2020-11-12T04:12:37.770Z');
UPDATE bid SET (bid_status, rating, feedback) = ('reviewed', 4, 'Quia laboriosam quia. Ut vel quia fuga.') WHERE ct_email = 'Lisette35@hotmail.com' AND pet_owner = 'Frank63@gmail.com' AND pet_name = 'Allen' AND start_date = Date('2020-11-11T07:25:39.967Z') AND end_date = Date('2020-11-12T04:12:37.770Z');
UPDATE bid SET (bid_status, rating, feedback) = ('reviewed', 3, 'Quia maxime enim nulla quia sed non error fugit. Aut qui deserunt dolores cupiditate laudantium doloremque nulla.') WHERE ct_email = 'Mary_Hane@gmail.com' AND pet_owner = 'Maribel_Deckow35@hotmail.com' AND pet_name = 'Vidal' AND start_date = Date('2020-11-11T07:25:39.967Z') AND end_date = Date('2020-11-12T04:12:37.770Z');
UPDATE bid SET (bid_status, rating, feedback) = ('reviewed', 3, 'Et dolores vitae voluptatem est quaerat ab enim. Est in aut dolor est et repudiandae consequatur consequuntur accusamus.') WHERE ct_email = 'Ebony_Veum@gmail.com' AND pet_owner = 'Mario.Welch13@hotmail.com' AND pet_name = 'Leta' AND start_date = Date('2020-11-11T07:25:39.967Z') AND end_date = Date('2020-11-12T04:12:37.770Z');
UPDATE bid SET (bid_status, rating, feedback) = ('reviewed', 5, 'Facere non eaque id. Accusantium aperiam ut similique quia illo exercitationem.') WHERE ct_email = 'Gwendolyn.Fadel@yahoo.com' AND pet_owner = 'Lawrence16@yahoo.com' AND pet_name = 'Claudine' AND start_date = Date('2020-11-11T07:25:39.967Z') AND end_date = Date('2020-11-12T04:12:37.770Z');
UPDATE bid SET (bid_status, rating, feedback) = ('reviewed', 5, 'Reiciendis enim sed autem quis eos aut non. Rerum unde voluptates optio et id recusandae quibusdam numquam autem.') WHERE ct_email = 'Stephania_Hodkiewicz72@hotmail.com' AND pet_owner = 'Lourdes_Krajcik@gmail.com' AND pet_name = 'Hettie' AND start_date = Date('2020-11-11T07:25:39.967Z') AND end_date = Date('2020-11-12T04:12:37.770Z');
UPDATE bid SET (bid_status, rating, feedback) = ('reviewed', 4, 'Omnis vitae tempore necessitatibus. Veritatis inventore eos delectus delectus iusto itaque.') WHERE ct_email = 'Lon47@yahoo.com' AND pet_owner = 'Noemi.Boyle31@gmail.com' AND pet_name = 'Sven' AND start_date = Date('2020-11-11T07:25:39.967Z') AND end_date = Date('2020-11-12T04:12:37.770Z');
UPDATE bid SET (bid_status, rating, feedback) = ('reviewed', 5, 'Aut id consequuntur voluptatem sunt et et molestiae. Veritatis praesentium qui voluptas repellat sit totam.') WHERE ct_email = 'Aiden.Sporer@hotmail.com' AND pet_owner = 'Billy63@yahoo.com' AND pet_name = 'Felicia' AND start_date = Date('2020-11-11T07:25:39.967Z') AND end_date = Date('2020-11-12T04:12:37.770Z');
UPDATE bid SET (bid_status, rating, feedback) = ('reviewed', 5, 'Id aliquam inventore nihil. Corporis velit eos possimus et.') WHERE ct_email = 'Amber_Schmidt0@hotmail.com' AND pet_owner = 'Wilford95@gmail.com' AND pet_name = 'Hillary' AND start_date = Date('2020-11-11T07:25:39.967Z') AND end_date = Date('2020-11-12T04:12:37.770Z');
UPDATE bid SET (bid_status, rating, feedback) = ('reviewed', 3, 'Dolorem et sit aliquid consequatur aut minima autem totam. Odio beatae consequuntur asperiores alias eum.') WHERE ct_email = 'Greta_OConnell25@hotmail.com' AND pet_owner = 'Flo81@hotmail.com' AND pet_name = 'Nikko' AND start_date = Date('2020-11-11T07:25:39.967Z') AND end_date = Date('2020-11-12T04:12:37.770Z');
UPDATE bid SET (bid_status, rating, feedback) = ('reviewed', 3, 'Optio est aut. Adipisci inventore ipsam odio sit error.') WHERE ct_email = 'Anabelle87@yahoo.com' AND pet_owner = 'Nash_Hodkiewicz@yahoo.com' AND pet_name = 'Emory' AND start_date = Date('2020-11-11T07:25:39.967Z') AND end_date = Date('2020-11-12T04:12:37.770Z');
UPDATE bid SET (bid_status, rating, feedback) = ('reviewed', 5, 'Autem occaecati officia doloremque sit sit numquam. Dignissimos sequi similique aperiam voluptas aspernatur.') WHERE ct_email = 'Marjolaine_Abshire@gmail.com' AND pet_owner = 'Rashad85@hotmail.com' AND pet_name = 'Tom' AND start_date = Date('2020-11-11T07:25:39.967Z') AND end_date = Date('2020-11-12T04:12:37.770Z');
UPDATE bid SET (bid_status, rating, feedback) = ('reviewed', 4, 'Occaecati quia est dolores eveniet. Commodi voluptatibus reprehenderit sit repellendus quia.') WHERE ct_email = 'Brant_Denesik17@hotmail.com' AND pet_owner = 'Keyon35@yahoo.com' AND pet_name = 'Kieran' AND start_date = Date('2020-11-11T07:25:39.967Z') AND end_date = Date('2020-11-12T04:12:37.770Z');
UPDATE bid SET (bid_status, rating, feedback) = ('reviewed', 4, 'Excepturi commodi facilis. Recusandae quis et repellat in.') WHERE ct_email = 'Monique45@yahoo.com' AND pet_owner = 'Clovis_Collins@gmail.com' AND pet_name = 'Leanne' AND start_date = Date('2020-11-11T07:25:39.967Z') AND end_date = Date('2020-11-12T04:12:37.770Z');
UPDATE bid SET (bid_status, rating, feedback) = ('reviewed', 4, 'Aut excepturi dolor illo. Sed sapiente iusto.') WHERE ct_email = 'Hadley_Little28@hotmail.com' AND pet_owner = 'Kadin_Keebler@gmail.com' AND pet_name = 'Amari' AND start_date = Date('2020-11-11T07:25:39.967Z') AND end_date = Date('2020-11-12T04:12:37.770Z');
UPDATE bid SET (bid_status, rating, feedback) = ('reviewed', 5, 'Rem similique ut temporibus magni assumenda. Itaque officiis et consequuntur animi illum culpa ex occaecati.') WHERE ct_email = 'King82@yahoo.com' AND pet_owner = 'Sadie42@hotmail.com' AND pet_name = 'Geo' AND start_date = Date('2020-11-11T07:25:39.967Z') AND end_date = Date('2020-11-12T04:12:37.770Z');
UPDATE bid SET (bid_status, rating, feedback) = ('reviewed', 4, 'Delectus ratione enim voluptatem. Inventore quis excepturi nemo quo facilis est quam commodi mollitia.') WHERE ct_email = 'Leilani_Schulist@yahoo.com' AND pet_owner = 'Isaiah.Corwin49@gmail.com' AND pet_name = 'Jess' AND start_date = Date('2020-11-11T07:25:39.967Z') AND end_date = Date('2020-11-12T04:12:37.770Z');
UPDATE bid SET (bid_status, rating, feedback) = ('reviewed', 5, 'Consequuntur dolor saepe odio. Non voluptate est quia ratione rerum laborum maxime.') WHERE ct_email = 'Keyon35@yahoo.com' AND pet_owner = 'Jeffrey.Ebert@gmail.com' AND pet_name = 'Lavinia' AND start_date = Date('2020-11-11T07:25:39.967Z') AND end_date = Date('2020-11-12T04:12:37.770Z');
UPDATE bid SET (bid_status, rating, feedback) = ('reviewed', 3, 'Nulla quia fugiat. Ab ut architecto sunt perspiciatis veritatis autem.') WHERE ct_email = 'Ofelia.Aufderhar@yahoo.com' AND pet_owner = 'Chloe59@yahoo.com' AND pet_name = 'Giovanna' AND start_date = Date('2020-11-11T07:25:39.967Z') AND end_date = Date('2020-11-12T04:12:37.770Z');
UPDATE bid SET (bid_status, rating, feedback) = ('reviewed', 3, 'Hic consequuntur et corporis aut aut aut sequi. Quidem officiis sit repudiandae aut suscipit totam in velit adipisci.') WHERE ct_email = 'Angus.Doyle@yahoo.com' AND pet_owner = 'Lessie_Thompson@gmail.com' AND pet_name = 'Wallace' AND start_date = Date('2020-11-11T07:25:39.967Z') AND end_date = Date('2020-11-12T04:12:37.770Z');
UPDATE bid SET (bid_status, rating, feedback) = ('reviewed', 5, 'Officia distinctio repellendus voluptatum rerum cum at hic. Cupiditate saepe qui id qui illo ea tenetur ipsum.') WHERE ct_email = 'Hardy.Terry@gmail.com' AND pet_owner = 'Loy85@gmail.com' AND pet_name = 'Vladimir' AND start_date = Date('2020-11-11T07:25:39.967Z') AND end_date = Date('2020-11-12T04:12:37.770Z');
UPDATE bid SET (bid_status, rating, feedback) = ('reviewed', 3, 'Id eos voluptatem nam qui voluptatibus vitae eligendi occaecati. Eos sed dolorem quas aut.') WHERE ct_email = 'Katlynn.Will@gmail.com' AND pet_owner = 'Harold.Altenwerth@hotmail.com' AND pet_name = 'Murl' AND start_date = Date('2020-11-11T07:25:39.967Z') AND end_date = Date('2020-11-12T04:12:37.770Z');
UPDATE bid SET (bid_status, rating, feedback) = ('reviewed', 3, 'Atque architecto deleniti aut sunt ullam facilis. Non vel eligendi et consequuntur id autem sed cupiditate.') WHERE ct_email = 'Abbey72@hotmail.com' AND pet_owner = 'Lincoln.Swift@gmail.com' AND pet_name = 'Pierce' AND start_date = Date('2020-11-11T07:25:39.967Z') AND end_date = Date('2020-11-12T04:12:37.770Z');
UPDATE bid SET (bid_status, rating, feedback) = ('reviewed', 3, 'Corporis optio reprehenderit. Quas aliquam quaerat quasi laborum ut quisquam perferendis facere.') WHERE ct_email = 'Eudora.Goodwin65@yahoo.com' AND pet_owner = 'Ernest_Beer23@hotmail.com' AND pet_name = 'Rollin' AND start_date = Date('2020-11-11T07:25:39.967Z') AND end_date = Date('2020-11-12T04:12:37.770Z');
UPDATE bid SET (bid_status, rating, feedback) = ('reviewed', 4, 'Dicta vitae ad eveniet ipsum totam nesciunt. Dolorum et id id natus.') WHERE ct_email = 'Sarah.Cremin64@yahoo.com' AND pet_owner = 'Matteo89@gmail.com' AND pet_name = 'Ceasar' AND start_date = Date('2020-11-11T07:25:39.967Z') AND end_date = Date('2020-11-12T04:12:37.770Z');
UPDATE bid SET (bid_status, rating, feedback) = ('reviewed', 4, 'Nihil fugiat aut aperiam. Consequatur ea excepturi quo modi voluptatem.') WHERE ct_email = 'Columbus_Medhurst@gmail.com' AND pet_owner = 'Louisa37@hotmail.com' AND pet_name = 'Jettie' AND start_date = Date('2020-11-11T07:25:39.967Z') AND end_date = Date('2020-11-12T04:12:37.770Z');
UPDATE bid SET (bid_status, rating, feedback) = ('reviewed', 5, 'Suscipit et corrupti necessitatibus occaecati. Quia unde voluptatem.') WHERE ct_email = 'Charles.Zemlak67@gmail.com' AND pet_owner = 'Santos_Robel66@gmail.com' AND pet_name = 'Melany' AND start_date = Date('2020-11-11T07:25:39.967Z') AND end_date = Date('2020-11-12T04:12:37.770Z');
UPDATE bid SET (bid_status, rating, feedback) = ('reviewed', 4, 'Nisi alias asperiores maxime. Voluptas sed facilis vitae repudiandae a molestiae non dolor laborum.') WHERE ct_email = 'Kailyn11@hotmail.com' AND pet_owner = 'Hallie_Wiegand7@hotmail.com' AND pet_name = 'Brody' AND start_date = Date('2020-11-11T07:25:39.967Z') AND end_date = Date('2020-11-12T04:12:37.770Z');
UPDATE bid SET (bid_status, rating, feedback) = ('reviewed', 4, 'Sit natus nihil aut tempora debitis expedita unde. Et consequatur reiciendis.') WHERE ct_email = 'Jaren98@hotmail.com' AND pet_owner = 'Raleigh96@yahoo.com' AND pet_name = 'Marlon' AND start_date = Date('2020-11-11T07:25:39.967Z') AND end_date = Date('2020-11-12T04:12:37.770Z');
UPDATE bid SET (bid_status, rating, feedback) = ('reviewed', 3, 'Minus velit dolor rerum. Quis ad vel qui.') WHERE ct_email = 'Jerod.Brakus2@gmail.com' AND pet_owner = 'Estell28@yahoo.com' AND pet_name = 'Laisha' AND start_date = Date('2020-11-11T07:25:39.967Z') AND end_date = Date('2020-11-12T04:12:37.770Z');
UPDATE bid SET (bid_status, rating, feedback) = ('reviewed', 4, 'Error facilis tempore error nostrum. Suscipit eveniet eum sit cumque aut molestiae.') WHERE ct_email = 'Delfina61@gmail.com' AND pet_owner = 'Thad.King59@yahoo.com' AND pet_name = 'Kristofer' AND start_date = Date('2020-11-11T07:25:39.967Z') AND end_date = Date('2020-11-12T04:12:37.770Z');
UPDATE bid SET (bid_status, rating, feedback) = ('reviewed', 3, 'Maxime quia odio exercitationem earum culpa aliquid quas. Earum placeat rerum id est possimus et velit quia voluptatibus.') WHERE ct_email = 'Jake9@gmail.com' AND pet_owner = 'Malachi_OKeefe@hotmail.com' AND pet_name = 'Maia' AND start_date = Date('2020-11-11T07:25:39.967Z') AND end_date = Date('2020-11-12T04:12:37.770Z');
UPDATE bid SET (bid_status, rating, feedback) = ('reviewed', 5, 'Voluptatem quia id at odit quo voluptatem corrupti iure consequatur. Doloremque soluta consequuntur.') WHERE ct_email = 'Eleazar.Rogahn62@yahoo.com' AND pet_owner = 'Haven_Mann13@gmail.com' AND pet_name = 'Elva' AND start_date = Date('2020-11-11T07:25:39.967Z') AND end_date = Date('2020-11-12T04:12:37.770Z');
UPDATE bid SET (bid_status, rating, feedback) = ('reviewed', 4, 'Non et accusamus sint dolores. Tenetur vitae earum rem quae.') WHERE ct_email = 'Mariah.Watsica@hotmail.com' AND pet_owner = 'Keely40@hotmail.com' AND pet_name = 'Jewel' AND start_date = Date('2020-11-11T07:25:39.967Z') AND end_date = Date('2020-11-12T04:12:37.770Z');
UPDATE bid SET (bid_status, rating, feedback) = ('reviewed', 3, 'Possimus recusandae officiis debitis. Illum ut harum dolorum accusamus.') WHERE ct_email = 'Keshaun.Morar93@yahoo.com' AND pet_owner = 'Lucy_Grady26@yahoo.com' AND pet_name = 'Nyasia' AND start_date = Date('2020-11-11T07:25:39.967Z') AND end_date = Date('2020-11-12T04:12:37.770Z');
UPDATE bid SET (bid_status, rating, feedback) = ('reviewed', 4, 'Sint natus enim rerum eaque ut iure. Est neque dolorem minus optio facilis blanditiis.') WHERE ct_email = 'Bernadine_Wisozk58@yahoo.com' AND pet_owner = 'Herta.Harber60@hotmail.com' AND pet_name = 'Wilfredo' AND start_date = Date('2020-11-11T07:25:39.967Z') AND end_date = Date('2020-11-12T04:12:37.770Z');
UPDATE bid SET (bid_status, rating, feedback) = ('reviewed', 4, 'Ad modi et aut. Quia consequatur tempore ex aut labore aliquid.') WHERE ct_email = 'Franco_Schuster78@hotmail.com' AND pet_owner = 'Gust_Turcotte@gmail.com' AND pet_name = 'Romaine' AND start_date = Date('2020-11-11T07:25:39.967Z') AND end_date = Date('2020-11-12T04:12:37.770Z');
UPDATE bid SET (bid_status, rating, feedback) = ('reviewed', 4, 'Facilis rerum placeat nulla facere qui at aut qui rerum. Rem consequatur molestiae perspiciatis corporis dolore perspiciatis ut.') WHERE ct_email = 'Reba31@gmail.com' AND pet_owner = 'Andre34@yahoo.com' AND pet_name = 'Deven' AND start_date = Date('2020-11-11T07:25:39.967Z') AND end_date = Date('2020-11-12T04:12:37.770Z');
UPDATE bid SET (bid_status, rating, feedback) = ('reviewed', 3, 'Expedita veniam enim id optio labore. Est et minima aut maxime voluptatem veritatis.') WHERE ct_email = 'Maribel_Deckow35@hotmail.com' AND pet_owner = 'Donny23@yahoo.com' AND pet_name = 'Theresa' AND start_date = Date('2020-11-11T07:25:39.967Z') AND end_date = Date('2020-11-12T04:12:37.770Z');
UPDATE bid SET (bid_status, rating, feedback) = ('reviewed', 3, 'Consequatur et numquam architecto ipsum rerum explicabo enim placeat sunt. Quo labore sit nobis aut praesentium dolor.') WHERE ct_email = 'Cleora_Fritsch89@hotmail.com' AND pet_owner = 'Billie.Pagac@yahoo.com' AND pet_name = 'Abner' AND start_date = Date('2020-11-11T07:25:39.967Z') AND end_date = Date('2020-11-12T04:12:37.770Z');
UPDATE bid SET (bid_status, rating, feedback) = ('reviewed', 5, 'Eveniet consectetur ipsa magni. Quidem et aliquid et.') WHERE ct_email = 'Israel_Hoeger@yahoo.com' AND pet_owner = 'Bernadine_Wisozk58@yahoo.com' AND pet_name = 'Melvin' AND start_date = Date('2020-11-11T07:25:39.967Z') AND end_date = Date('2020-11-12T04:12:37.770Z');
UPDATE bid SET (bid_status, rating, feedback) = ('reviewed', 4, 'Saepe facilis nihil et eaque et ea molestias dolores ut. Dolores dolorum debitis illum fugiat est nihil tempore.') WHERE ct_email = 'Amara_Blanda21@hotmail.com' AND pet_owner = 'Lisandro83@hotmail.com' AND pet_name = 'Percy' AND start_date = Date('2020-11-11T07:25:39.967Z') AND end_date = Date('2020-11-12T04:12:37.770Z');
UPDATE bid SET (bid_status, rating, feedback) = ('reviewed', 5, 'Recusandae omnis aut. Et molestiae excepturi sequi consectetur expedita doloremque qui praesentium qui.') WHERE ct_email = 'Abbey.Stanton@gmail.com' AND pet_owner = 'Perry_Bayer@gmail.com' AND pet_name = 'Caterina' AND start_date = Date('2020-11-11T07:25:39.967Z') AND end_date = Date('2020-11-12T04:12:37.770Z');
UPDATE bid SET (bid_status, rating, feedback) = ('reviewed', 5, 'Unde commodi ut eum eligendi. Esse et ea qui molestiae voluptatem ut et ut.') WHERE ct_email = 'Ila23@yahoo.com' AND pet_owner = 'Columbus_Medhurst@gmail.com' AND pet_name = 'Eusebio' AND start_date = Date('2020-11-11T07:25:39.967Z') AND end_date = Date('2020-11-12T04:12:37.770Z');
UPDATE bid SET (bid_status, rating, feedback) = ('reviewed', 4, 'Quae voluptatem et deserunt explicabo ad. Dolore adipisci velit aut.') WHERE ct_email = 'Maxine.Feil87@yahoo.com' AND pet_owner = 'Gillian69@gmail.com' AND pet_name = 'Antonio' AND start_date = Date('2020-11-11T07:25:39.967Z') AND end_date = Date('2020-11-12T04:12:37.770Z');
UPDATE bid SET (bid_status, rating, feedback) = ('reviewed', 5, 'Quam necessitatibus asperiores maxime voluptates vero odio fugiat ab. Eveniet quas natus suscipit dolor.') WHERE ct_email = 'Donny23@yahoo.com' AND pet_owner = 'Mathias.Predovic50@hotmail.com' AND pet_name = 'Glennie' AND start_date = Date('2020-11-11T07:25:39.967Z') AND end_date = Date('2020-11-12T04:12:37.770Z');
UPDATE bid SET (bid_status, rating, feedback) = ('reviewed', 5, 'Deleniti hic quod officiis. Repudiandae enim ut consectetur aut sit.') WHERE ct_email = 'Rey.Veum@hotmail.com' AND pet_owner = 'Eugene_Morissette30@yahoo.com' AND pet_name = 'Desiree' AND start_date = Date('2020-11-11T07:25:39.967Z') AND end_date = Date('2020-11-12T04:12:37.770Z');
UPDATE bid SET (bid_status, rating, feedback) = ('reviewed', 3, 'Ea dolores consequatur itaque commodi et quam voluptate. Perferendis et eveniet modi a atque accusamus quia amet.') WHERE ct_email = 'Brett19@hotmail.com' AND pet_owner = 'Katlynn.Will@gmail.com' AND pet_name = 'Myrtice' AND start_date = Date('2020-11-11T07:25:39.967Z') AND end_date = Date('2020-11-12T04:12:37.770Z');
UPDATE bid SET (bid_status, rating, feedback) = ('reviewed', 3, 'Et quia id consequatur consequuntur. Esse voluptatibus doloribus temporibus ut quia est voluptatibus quas.') WHERE ct_email = 'Tierra59@yahoo.com' AND pet_owner = 'Deja46@hotmail.com' AND pet_name = 'Amina' AND start_date = Date('2020-11-11T07:25:39.967Z') AND end_date = Date('2020-11-12T04:12:37.770Z');
UPDATE bid SET (bid_status, rating, feedback) = ('reviewed', 5, 'Est ab iure reiciendis. Animi placeat quasi pariatur est.') WHERE ct_email = 'Sheila.Towne49@yahoo.com' AND pet_owner = 'Buford.Wuckert30@hotmail.com' AND pet_name = 'Forest' AND start_date = Date('2020-11-11T07:25:39.967Z') AND end_date = Date('2020-11-12T04:12:37.770Z');
UPDATE bid SET (bid_status, rating, feedback) = ('reviewed', 5, 'Qui autem explicabo nihil nam nemo quia nobis laboriosam velit. Tempora aut veritatis explicabo occaecati temporibus illum.') WHERE ct_email = 'Carson56@gmail.com' AND pet_owner = 'Estell28@yahoo.com' AND pet_name = 'Guy' AND start_date = Date('2020-11-11T07:25:39.967Z') AND end_date = Date('2020-11-12T04:12:37.770Z');
UPDATE bid SET (bid_status, rating, feedback) = ('reviewed', 3, 'Blanditiis inventore minus laudantium nulla nam quasi numquam quis vel. Ut pariatur voluptatem ad ipsum.') WHERE ct_email = 'Alexzander.Lockman@gmail.com' AND pet_owner = 'Shanny_Koss60@yahoo.com' AND pet_name = 'Jaclyn' AND start_date = Date('2020-11-11T07:25:39.967Z') AND end_date = Date('2020-11-12T04:12:37.770Z');
UPDATE bid SET (bid_status, rating, feedback) = ('reviewed', 4, 'Nihil laudantium deserunt saepe. Quis quis sit.') WHERE ct_email = 'Gia92@gmail.com' AND pet_owner = 'Reuben_Kunde70@gmail.com' AND pet_name = 'Martin' AND start_date = Date('2020-11-11T07:25:39.967Z') AND end_date = Date('2020-11-12T04:12:37.770Z');
UPDATE bid SET (bid_status, rating, feedback) = ('reviewed', 3, 'Similique libero qui voluptas. Pariatur consequatur facilis numquam.') WHERE ct_email = 'Rae.McKenzie@hotmail.com' AND pet_owner = 'Kylee.Bergnaum@hotmail.com' AND pet_name = 'Osvaldo' AND start_date = Date('2020-11-11T07:25:39.967Z') AND end_date = Date('2020-11-12T04:12:37.770Z');
UPDATE bid SET (bid_status, rating, feedback) = ('reviewed', 5, 'Nemo fuga neque modi suscipit. Quasi esse aut veritatis et.') WHERE ct_email = 'Sven71@yahoo.com' AND pet_owner = 'Greta_OConnell25@hotmail.com' AND pet_name = 'Sabryna' AND start_date = Date('2020-11-11T07:25:39.967Z') AND end_date = Date('2020-11-12T04:12:37.770Z');
UPDATE bid SET (bid_status, rating, feedback) = ('reviewed', 4, 'Modi quis atque iure quaerat sequi earum a non sit. Aut reprehenderit libero hic earum nisi.') WHERE ct_email = 'Buford.Wuckert30@hotmail.com' AND pet_owner = 'Olin19@yahoo.com' AND pet_name = 'Gennaro' AND start_date = Date('2020-11-11T07:25:39.967Z') AND end_date = Date('2020-11-12T04:12:37.770Z');
UPDATE bid SET (bid_status, rating, feedback) = ('reviewed', 5, 'Excepturi ea atque est. Quidem in iure facilis.') WHERE ct_email = 'Amy30@yahoo.com' AND pet_owner = 'Flossie_Nader@hotmail.com' AND pet_name = 'Alexandra' AND start_date = Date('2020-11-11T07:25:39.967Z') AND end_date = Date('2020-11-12T04:12:37.770Z');
UPDATE bid SET (bid_status, rating, feedback) = ('reviewed', 5, 'A dolores delectus voluptatem repudiandae dolorem voluptatem nostrum qui. Corrupti optio officiis minima.') WHERE ct_email = 'Kelsie.Herzog98@yahoo.com' AND pet_owner = 'Louisa37@hotmail.com' AND pet_name = 'Hilbert' AND start_date = Date('2020-11-11T07:25:39.967Z') AND end_date = Date('2020-11-12T04:12:37.770Z');
UPDATE bid SET (bid_status, rating, feedback) = ('reviewed', 4, 'Voluptas fugit et consectetur quis quibusdam libero sint laudantium aliquid. Voluptas soluta sed quas ratione repellat voluptate non sed aut.') WHERE ct_email = 'Makenzie_Block21@yahoo.com' AND pet_owner = 'Dudley_Davis48@yahoo.com' AND pet_name = 'Otis' AND start_date = Date('2020-11-11T07:25:39.967Z') AND end_date = Date('2020-11-12T04:12:37.770Z');
UPDATE bid SET (bid_status, rating, feedback) = ('reviewed', 4, 'Ut libero voluptatem incidunt non libero voluptatem laborum debitis et. Ut voluptatem omnis voluptates omnis nisi voluptatum.') WHERE ct_email = 'Noe.Larson@gmail.com' AND pet_owner = 'Wallace.Bogan75@gmail.com' AND pet_name = 'Fern' AND start_date = Date('2020-11-11T07:25:39.967Z') AND end_date = Date('2020-11-12T04:12:37.770Z');
UPDATE bid SET (bid_status, rating, feedback) = ('reviewed', 5, 'Quam alias qui dicta vel possimus. Optio voluptas eum rem est architecto sed eos velit dolorem.') WHERE ct_email = 'Jess.Fadel73@hotmail.com' AND pet_owner = 'Ferne.Reichert@hotmail.com' AND pet_name = 'Devonte' AND start_date = Date('2020-11-11T07:25:39.967Z') AND end_date = Date('2020-11-12T04:12:37.770Z');
UPDATE bid SET (bid_status, rating, feedback) = ('reviewed', 5, 'Cum autem laboriosam non qui rerum reprehenderit. Rerum libero molestiae maiores neque ullam nobis laborum cupiditate repudiandae.') WHERE ct_email = 'Yesenia_Reynolds@gmail.com' AND pet_owner = 'Demetrius.Schaefer58@yahoo.com' AND pet_name = 'Janis' AND start_date = Date('2020-11-11T07:25:39.967Z') AND end_date = Date('2020-11-12T04:12:37.770Z');
UPDATE bid SET (bid_status, rating, feedback) = ('reviewed', 3, 'Fuga et distinctio sit vitae. Commodi mollitia excepturi nam sed corporis tempora dolor consequatur iusto.') WHERE ct_email = 'Selena.Flatley98@gmail.com' AND pet_owner = 'Vena.Schmeler65@hotmail.com' AND pet_name = 'Vinnie' AND start_date = Date('2020-11-11T07:25:39.967Z') AND end_date = Date('2020-11-12T04:12:37.770Z');
UPDATE bid SET (bid_status, rating, feedback) = ('reviewed', 3, 'Reiciendis quas maiores commodi corporis sapiente quas voluptatibus ut ut. Quasi voluptatem adipisci rerum.') WHERE ct_email = 'Jackeline.Schmeler28@yahoo.com' AND pet_owner = 'Brittany_Carter87@hotmail.com' AND pet_name = 'Janet' AND start_date = Date('2020-11-11T07:25:39.967Z') AND end_date = Date('2020-11-12T04:12:37.770Z');
UPDATE bid SET (bid_status, rating, feedback) = ('reviewed', 3, 'Maiores minima ut qui qui dignissimos velit eum. Aut aliquam aliquid aperiam atque porro sit perferendis.') WHERE ct_email = 'Dovie39@hotmail.com' AND pet_owner = 'Gardner_Balistreri32@yahoo.com' AND pet_name = 'Marlin' AND start_date = Date('2020-11-11T07:25:39.967Z') AND end_date = Date('2020-11-12T04:12:37.770Z');
UPDATE bid SET (bid_status, rating, feedback) = ('reviewed', 4, 'Ut aut fugiat. Nostrum accusantium illum veniam est aut incidunt.') WHERE ct_email = 'Raleigh96@yahoo.com' AND pet_owner = 'Andre34@yahoo.com' AND pet_name = 'Christine' AND start_date = Date('2020-11-11T07:25:39.967Z') AND end_date = Date('2020-11-12T04:12:37.770Z');
UPDATE bid SET (bid_status, rating, feedback) = ('reviewed', 3, 'Enim ea sit illum qui amet sed facere. Et et est debitis autem sequi ea corporis id blanditiis.') WHERE ct_email = 'Bryon_Casper@gmail.com' AND pet_owner = 'Cassidy63@hotmail.com' AND pet_name = 'Bonita' AND start_date = Date('2020-11-11T07:25:39.967Z') AND end_date = Date('2020-11-12T04:12:37.770Z');
UPDATE bid SET (bid_status, rating, feedback) = ('reviewed', 5, 'Voluptas vero quo consequatur labore. Tempora nemo quibusdam repellendus.') WHERE ct_email = 'Hudson.Barrows@hotmail.com' AND pet_owner = 'Georgiana_Doyle4@hotmail.com' AND pet_name = 'Raquel' AND start_date = Date('2020-11-11T07:25:39.967Z') AND end_date = Date('2020-11-12T04:12:37.770Z');
UPDATE bid SET (bid_status, rating, feedback) = ('reviewed', 4, 'Sequi eveniet nihil cum. Rerum modi eos alias ipsa esse voluptatum et cum.') WHERE ct_email = 'Michaela59@yahoo.com' AND pet_owner = 'Magali_Wiza@gmail.com' AND pet_name = 'Lilian' AND start_date = Date('2020-11-11T07:25:39.967Z') AND end_date = Date('2020-11-12T04:12:37.770Z');
UPDATE bid SET (bid_status, rating, feedback) = ('reviewed', 5, 'Sed qui ea officiis veritatis adipisci. Hic alias omnis nihil.') WHERE ct_email = 'Maegan.Cole@gmail.com' AND pet_owner = 'Jerod.Brakus2@gmail.com' AND pet_name = 'Benton' AND start_date = Date('2020-11-11T07:25:39.967Z') AND end_date = Date('2020-11-12T04:12:37.770Z');
INSERT INTO bid (ct_email, ct_price, start_date, end_date, is_cash, transport_method, pet_owner, pet_name, bid_status) VALUES ('Shanny_Koss60@yahoo.com', 19, '2020-11-13T04:12:37.770Z', '2020-11-27T01:12:11.502Z', true, 'pickup', 'Rahul.Romaguera@hotmail.com', 'Sunny', 'confirmed');
INSERT INTO bid (ct_email, ct_price, start_date, end_date, is_cash, transport_method, pet_owner, pet_name, bid_status) VALUES ('Juston.Walter36@gmail.com', 16, '2020-11-13T04:12:37.770Z', '2020-11-27T01:12:11.502Z', true, 'pickup', 'Hadley_Little28@hotmail.com', 'Josiah', 'confirmed');
INSERT INTO bid (ct_email, ct_price, start_date, end_date, is_cash, transport_method, pet_owner, pet_name, bid_status) VALUES ('Dustin_Thompson48@yahoo.com', 3, '2020-11-13T04:12:37.770Z', '2020-11-27T01:12:11.502Z', true, 'pcs', 'Cydney_Nienow@yahoo.com', 'Norwood', 'confirmed');
INSERT INTO bid (ct_email, ct_price, start_date, end_date, is_cash, transport_method, pet_owner, pet_name, bid_status) VALUES ('Naomi_Ullrich@hotmail.com', 8, '2020-11-13T04:12:37.770Z', '2020-11-27T01:12:11.502Z', true, 'delivery', 'Abbie69@yahoo.com', 'Toney', 'confirmed');
INSERT INTO bid (ct_email, ct_price, start_date, end_date, is_cash, transport_method, pet_owner, pet_name, bid_status) VALUES ('Raleigh50@yahoo.com', 7, '2020-11-13T04:12:37.770Z', '2020-11-27T01:12:11.502Z', true, 'pickup', 'Kyleigh.Nicolas32@gmail.com', 'Janice', 'confirmed');
INSERT INTO bid (ct_email, ct_price, start_date, end_date, is_cash, transport_method, pet_owner, pet_name, bid_status) VALUES ('Nikki_Franecki36@gmail.com', 5, '2020-11-13T04:12:37.770Z', '2020-11-27T01:12:11.502Z', true, 'delivery', 'Nash_Connelly76@yahoo.com', 'Cruz', 'confirmed');
INSERT INTO bid (ct_email, ct_price, start_date, end_date, is_cash, transport_method, pet_owner, pet_name, bid_status) VALUES ('Josephine64@yahoo.com', 19, '2020-11-13T04:12:37.770Z', '2020-11-27T01:12:11.502Z', true, 'delivery', 'Jeanne.Douglas@yahoo.com', 'Reinhold', 'confirmed');
INSERT INTO bid (ct_email, ct_price, start_date, end_date, is_cash, transport_method, pet_owner, pet_name, bid_status) VALUES ('Ronaldo_Kihn85@yahoo.com', 9, '2020-11-13T04:12:37.770Z', '2020-11-27T01:12:11.502Z', true, 'pickup', 'Willie.Harvey7@yahoo.com', 'Kraig', 'confirmed');
INSERT INTO bid (ct_email, ct_price, start_date, end_date, is_cash, transport_method, pet_owner, pet_name, bid_status) VALUES ('Gardner_Balistreri32@yahoo.com', 10, '2020-11-13T04:12:37.770Z', '2020-11-27T01:12:11.502Z', true, 'delivery', 'Eddie.Herzog@gmail.com', 'Chasity', 'confirmed');
INSERT INTO bid (ct_email, ct_price, start_date, end_date, is_cash, transport_method, pet_owner, pet_name, bid_status) VALUES ('German_Ratke63@gmail.com', 3, '2020-11-13T04:12:37.770Z', '2020-11-27T01:12:11.502Z', true, 'pickup', 'Lincoln.Swift@gmail.com', 'Bernhard', 'confirmed');
INSERT INTO bid (ct_email, ct_price, start_date, end_date, is_cash, transport_method, pet_owner, pet_name, bid_status) VALUES ('Brando95@yahoo.com', 12, '2020-11-13T04:12:37.770Z', '2020-11-27T01:12:11.502Z', true, 'pcs', 'Isaiah.Corwin49@gmail.com', 'Margie', 'confirmed');
INSERT INTO bid (ct_email, ct_price, start_date, end_date, is_cash, transport_method, pet_owner, pet_name, bid_status) VALUES ('Saige_Quigley@yahoo.com', 11, '2020-11-13T04:12:37.770Z', '2020-11-27T01:12:11.502Z', true, 'pcs', 'Lon47@yahoo.com', 'Nayeli', 'confirmed');
INSERT INTO bid (ct_email, ct_price, start_date, end_date, is_cash, transport_method, pet_owner, pet_name, bid_status) VALUES ('Ebony_Veum@gmail.com', 14, '2020-11-13T04:12:37.770Z', '2020-11-27T01:12:11.502Z', true, 'pickup', 'Shannon_Zemlak@yahoo.com', 'Jaron', 'confirmed');
INSERT INTO bid (ct_email, ct_price, start_date, end_date, is_cash, transport_method, pet_owner, pet_name, bid_status) VALUES ('Kade_Kozey@gmail.com', 4, '2020-11-13T04:12:37.770Z', '2020-11-27T01:12:11.502Z', true, 'delivery', 'Citlalli.Windler@hotmail.com', 'Antoinette', 'confirmed');
INSERT INTO bid (ct_email, ct_price, start_date, end_date, is_cash, transport_method, pet_owner, pet_name, bid_status) VALUES ('Gabe_Waelchi96@gmail.com', 15, '2020-11-13T04:12:37.770Z', '2020-11-27T01:12:11.502Z', true, 'delivery', 'Gerhard_Johnston22@hotmail.com', 'Bethel', 'confirmed');
INSERT INTO bid (ct_email, ct_price, start_date, end_date, is_cash, transport_method, pet_owner, pet_name, bid_status) VALUES ('Kiel_Klocko13@hotmail.com', 15, '2020-11-13T04:12:37.770Z', '2020-11-27T01:12:11.502Z', true, 'delivery', 'Eda_Bailey@hotmail.com', 'Cooper', 'confirmed');
INSERT INTO bid (ct_email, ct_price, start_date, end_date, is_cash, transport_method, pet_owner, pet_name, bid_status) VALUES ('Orrin8@yahoo.com', 0, '2020-11-13T04:12:37.770Z', '2020-11-27T01:12:11.502Z', true, 'delivery', 'Camilla14@yahoo.com', 'Asa', 'confirmed');
INSERT INTO bid (ct_email, ct_price, start_date, end_date, is_cash, transport_method, pet_owner, pet_name, bid_status) VALUES ('Jocelyn_Beer@gmail.com', 14, '2020-11-13T04:12:37.770Z', '2020-11-27T01:12:11.502Z', true, 'delivery', 'Hudson.Barrows@hotmail.com', 'Jonathon', 'confirmed');
INSERT INTO bid (ct_email, ct_price, start_date, end_date, is_cash, transport_method, pet_owner, pet_name, bid_status) VALUES ('Nedra_Hilll@gmail.com', 2, '2020-11-13T04:12:37.770Z', '2020-11-27T01:12:11.502Z', true, 'pcs', 'Danyka64@gmail.com', 'Wilhelm', 'confirmed');
INSERT INTO bid (ct_email, ct_price, start_date, end_date, is_cash, transport_method, pet_owner, pet_name, bid_status) VALUES ('Onie84@hotmail.com', 18, '2020-11-13T04:12:37.770Z', '2020-11-27T01:12:11.502Z', true, 'delivery', 'Hardy.Terry@gmail.com', 'Nyasia', 'confirmed');
INSERT INTO bid (ct_email, ct_price, start_date, end_date, is_cash, transport_method, pet_owner, pet_name, bid_status) VALUES ('Gwendolyn.Fadel@yahoo.com', 6, '2020-11-13T04:12:37.770Z', '2020-11-27T01:12:11.502Z', true, 'pcs', 'Barney_Yundt81@yahoo.com', 'Marcelo', 'confirmed');
INSERT INTO bid (ct_email, ct_price, start_date, end_date, is_cash, transport_method, pet_owner, pet_name, bid_status) VALUES ('Jamaal.Schulist@yahoo.com', 8, '2020-11-13T04:12:37.770Z', '2020-11-27T01:12:11.502Z', true, 'pickup', 'Neal50@yahoo.com', 'Rylan', 'confirmed');
INSERT INTO bid (ct_email, ct_price, start_date, end_date, is_cash, transport_method, pet_owner, pet_name, bid_status) VALUES ('Stephania_Hodkiewicz72@hotmail.com', 5, '2020-11-13T04:12:37.770Z', '2020-11-27T01:12:11.502Z', true, 'pickup', 'Juana51@hotmail.com', 'Eleanore', 'confirmed');
INSERT INTO bid (ct_email, ct_price, start_date, end_date, is_cash, transport_method, pet_owner, pet_name, bid_status) VALUES ('Arielle_Hettinger@gmail.com', 4, '2020-11-13T04:12:37.770Z', '2020-11-27T01:12:11.502Z', true, 'delivery', 'Carmine_OKon@gmail.com', 'Uriel', 'confirmed');
INSERT INTO bid (ct_email, ct_price, start_date, end_date, is_cash, transport_method, pet_owner, pet_name, bid_status) VALUES ('Rodrigo.Hand59@yahoo.com', 6, '2020-11-13T04:12:37.770Z', '2020-11-27T01:12:11.502Z', true, 'pcs', 'Eudora.Goodwin65@yahoo.com', 'Rhoda', 'confirmed');
INSERT INTO bid (ct_email, ct_price, start_date, end_date, is_cash, transport_method, pet_owner, pet_name, bid_status) VALUES ('Morris_Runolfsdottir6@gmail.com', 18, '2020-11-13T04:12:37.770Z', '2020-11-27T01:12:11.502Z', true, 'pickup', 'Bella71@hotmail.com', 'Alexis', 'confirmed');
INSERT INTO bid (ct_email, ct_price, start_date, end_date, is_cash, transport_method, pet_owner, pet_name, bid_status) VALUES ('Lon47@yahoo.com', 4, '2020-11-13T04:12:37.770Z', '2020-11-27T01:12:11.502Z', true, 'delivery', 'Barrett62@yahoo.com', 'Lessie', 'confirmed');
INSERT INTO bid (ct_email, ct_price, start_date, end_date, is_cash, transport_method, pet_owner, pet_name, bid_status) VALUES ('Luis.Kulas74@hotmail.com', 13, '2020-11-13T04:12:37.770Z', '2020-11-27T01:12:11.502Z', true, 'delivery', 'Marietta37@gmail.com', 'Benny', 'confirmed');
INSERT INTO bid (ct_email, ct_price, start_date, end_date, is_cash, transport_method, pet_owner, pet_name, bid_status) VALUES ('Kailyn99@yahoo.com', 1, '2020-11-13T04:12:37.770Z', '2020-11-27T01:12:11.502Z', true, 'pcs', 'Willow91@hotmail.com', 'Alek', 'confirmed');
INSERT INTO bid (ct_email, ct_price, start_date, end_date, is_cash, transport_method, pet_owner, pet_name, bid_status) VALUES ('Hobart_Swaniawski@gmail.com', 18, '2020-11-13T04:12:37.770Z', '2020-11-27T01:12:11.502Z', true, 'delivery', 'Maggie32@yahoo.com', 'Flavio', 'confirmed');
INSERT INTO bid (ct_email, ct_price, start_date, end_date, is_cash, transport_method, pet_owner, pet_name, bid_status) VALUES ('Triston_Kirlin52@gmail.com', 0, '2020-11-13T04:12:37.770Z', '2020-11-27T01:12:11.502Z', true, 'pickup', 'Rosario_Lubowitz49@hotmail.com', 'Sydnie', 'confirmed');
INSERT INTO bid (ct_email, ct_price, start_date, end_date, is_cash, transport_method, pet_owner, pet_name, bid_status) VALUES ('Verna_Braun72@yahoo.com', 10, '2020-11-13T04:12:37.770Z', '2020-11-27T01:12:11.502Z', true, 'pickup', 'Tressa_Huels3@gmail.com', 'Chet', 'confirmed');
INSERT INTO bid (ct_email, ct_price, start_date, end_date, is_cash, transport_method, pet_owner, pet_name, bid_status) VALUES ('Amara9@gmail.com', 11, '2020-11-13T04:12:37.770Z', '2020-11-27T01:12:11.502Z', true, 'delivery', 'Dudley_Davis48@yahoo.com', 'Otis', 'confirmed');
INSERT INTO bid (ct_email, ct_price, start_date, end_date, is_cash, transport_method, pet_owner, pet_name, bid_status) VALUES ('Dudley.Schaefer38@yahoo.com', 15, '2020-11-13T04:12:37.770Z', '2020-11-27T01:12:11.502Z', true, 'delivery', 'Savanna28@hotmail.com', 'Carissa', 'confirmed');
INSERT INTO bid (ct_email, ct_price, start_date, end_date, is_cash, transport_method, pet_owner, pet_name, bid_status) VALUES ('Tressie.Johnston6@hotmail.com', 4, '2020-11-13T04:12:37.770Z', '2020-11-27T01:12:11.502Z', true, 'pcs', 'Adela_Altenwerth99@yahoo.com', 'Anika', 'confirmed');
INSERT INTO bid (ct_email, ct_price, start_date, end_date, is_cash, transport_method, pet_owner, pet_name, bid_status) VALUES ('Neal50@yahoo.com', 17, '2020-11-13T04:12:37.770Z', '2020-11-27T01:12:11.502Z', true, 'pickup', 'Narciso38@yahoo.com', 'Jon', 'confirmed');
INSERT INTO bid (ct_email, ct_price, start_date, end_date, is_cash, transport_method, pet_owner, pet_name, bid_status) VALUES ('Vince.Ritchie@yahoo.com', 3, '2020-11-13T04:12:37.770Z', '2020-11-27T01:12:11.502Z', true, 'pickup', 'Buford.Wuckert30@hotmail.com', 'Forest', 'confirmed');
INSERT INTO bid (ct_email, ct_price, start_date, end_date, is_cash, transport_method, pet_owner, pet_name, bid_status) VALUES ('Britney_Reilly96@hotmail.com', 6, '2020-11-13T04:12:37.770Z', '2020-11-27T01:12:11.502Z', true, 'pcs', 'Oral73@yahoo.com', 'Adelbert', 'confirmed');
INSERT INTO bid (ct_email, ct_price, start_date, end_date, is_cash, transport_method, pet_owner, pet_name, bid_status) VALUES ('Hadley_Little28@hotmail.com', 1, '2020-11-13T04:12:37.770Z', '2020-11-27T01:12:11.502Z', true, 'pcs', 'Enos.Reilly@hotmail.com', 'Gianni', 'confirmed');
INSERT INTO bid (ct_email, ct_price, start_date, end_date, is_cash, transport_method, pet_owner, pet_name, bid_status) VALUES ('Elva_Barton@gmail.com', 17, '2020-11-13T04:12:37.770Z', '2020-11-27T01:12:11.502Z', true, 'delivery', 'Taryn_Nikolaus43@hotmail.com', 'Hope', 'confirmed');
INSERT INTO bid (ct_email, ct_price, start_date, end_date, is_cash, transport_method, pet_owner, pet_name, bid_status) VALUES ('King82@yahoo.com', 12, '2020-11-13T04:12:37.770Z', '2020-11-27T01:12:11.502Z', true, 'pcs', 'Dianna67@hotmail.com', 'Cayla', 'confirmed');
INSERT INTO bid (ct_email, ct_price, start_date, end_date, is_cash, transport_method, pet_owner, pet_name, bid_status) VALUES ('Alycia.Nader98@hotmail.com', 15, '2020-11-13T04:12:37.770Z', '2020-11-27T01:12:11.502Z', true, 'pickup', 'Hester7@hotmail.com', 'Hassie', 'confirmed');
INSERT INTO bid (ct_email, ct_price, start_date, end_date, is_cash, transport_method, pet_owner, pet_name, bid_status) VALUES ('Shania_Jacobson@hotmail.com', 2, '2020-11-13T04:12:37.770Z', '2020-11-27T01:12:11.502Z', true, 'delivery', 'Braden12@gmail.com', 'Estella', 'confirmed');
INSERT INTO bid (ct_email, ct_price, start_date, end_date, is_cash, transport_method, pet_owner, pet_name, bid_status) VALUES ('Callie10@gmail.com', 12, '2020-11-13T04:12:37.770Z', '2020-11-27T01:12:11.502Z', true, 'pcs', 'Wallace.Bogan75@gmail.com', 'Fern', 'confirmed');
INSERT INTO bid (ct_email, ct_price, start_date, end_date, is_cash, transport_method, pet_owner, pet_name, bid_status) VALUES ('Hester7@hotmail.com', 4, '2020-11-13T04:12:37.770Z', '2020-11-27T01:12:11.502Z', true, 'pickup', 'Alexandrea96@gmail.com', 'Violette', 'confirmed');
INSERT INTO bid (ct_email, ct_price, start_date, end_date, is_cash, transport_method, pet_owner, pet_name, bid_status) VALUES ('Janelle_Gutkowski24@yahoo.com', 13, '2020-11-13T04:12:37.770Z', '2020-11-27T01:12:11.502Z', true, 'pcs', 'Raleigh.Donnelly60@hotmail.com', 'Lew', 'confirmed');
INSERT INTO bid (ct_email, ct_price, start_date, end_date, is_cash, transport_method, pet_owner, pet_name, bid_status) VALUES ('Ofelia.Aufderhar@yahoo.com', 16, '2020-11-13T04:12:37.770Z', '2020-11-27T01:12:11.502Z', true, 'pcs', 'Cassidy63@hotmail.com', 'Bonita', 'confirmed');
INSERT INTO bid (ct_email, ct_price, start_date, end_date, is_cash, transport_method, pet_owner, pet_name, bid_status) VALUES ('Vena.Schmeler65@hotmail.com', 2, '2020-11-13T04:12:37.770Z', '2020-11-27T01:12:11.502Z', true, 'delivery', 'Susie.Kautzer@gmail.com', 'Pascale', 'confirmed');
INSERT INTO bid (ct_email, ct_price, start_date, end_date, is_cash, transport_method, pet_owner, pet_name, bid_status) VALUES ('Deion.Sauer@gmail.com', 12, '2020-11-13T04:12:37.770Z', '2020-11-27T01:12:11.502Z', true, 'delivery', 'Elwin.Larson@yahoo.com', 'Madie', 'confirmed');
INSERT INTO bid (ct_email, ct_price, start_date, end_date, is_cash, transport_method, pet_owner, pet_name, bid_status) VALUES ('Arvid_Cummerata63@hotmail.com', 3, '2020-11-13T04:12:37.770Z', '2020-11-27T01:12:11.502Z', true, 'delivery', 'Dovie39@hotmail.com', 'Mohammad', 'confirmed');
INSERT INTO bid (ct_email, ct_price, start_date, end_date, is_cash, transport_method, pet_owner, pet_name, bid_status) VALUES ('Chester.Turner79@yahoo.com', 12, '2020-11-13T04:12:37.770Z', '2020-11-27T01:12:11.502Z', true, 'pickup', 'Maribel_Deckow35@hotmail.com', 'Doug', 'confirmed');
INSERT INTO bid (ct_email, ct_price, start_date, end_date, is_cash, transport_method, pet_owner, pet_name, bid_status) VALUES ('Ethelyn87@yahoo.com', 11, '2020-11-13T04:12:37.770Z', '2020-11-27T01:12:11.502Z', true, 'pcs', 'Gwendolyn.Fadel@yahoo.com', 'Helen', 'confirmed');
INSERT INTO bid (ct_email, ct_price, start_date, end_date, is_cash, transport_method, pet_owner, pet_name, bid_status) VALUES ('Malachi_OKeefe@hotmail.com', 15, '2020-11-13T04:12:37.770Z', '2020-11-27T01:12:11.502Z', true, 'pickup', 'Mafalda23@yahoo.com', 'Reilly', 'confirmed');
INSERT INTO bid (ct_email, ct_price, start_date, end_date, is_cash, transport_method, pet_owner, pet_name, bid_status) VALUES ('Lorenz_Tillman@yahoo.com', 14, '2020-11-13T04:12:37.770Z', '2020-11-27T01:12:11.502Z', true, 'pcs', 'Shayne.Yost@hotmail.com', 'Marquis', 'confirmed');
INSERT INTO bid (ct_email, ct_price, start_date, end_date, is_cash, transport_method, pet_owner, pet_name, bid_status) VALUES ('Iva38@yahoo.com', 20, '2020-11-13T04:12:37.770Z', '2020-11-27T01:12:11.502Z', true, 'pcs', 'Alexzander.Lockman@gmail.com', 'Efren', 'confirmed');
INSERT INTO bid (ct_email, ct_price, start_date, end_date, is_cash, transport_method, pet_owner, pet_name, bid_status) VALUES ('Taryn_Nikolaus43@hotmail.com', 11, '2020-11-13T04:12:37.770Z', '2020-11-27T01:12:11.502Z', true, 'delivery', 'Rahsaan88@yahoo.com', 'Hubert', 'confirmed');
INSERT INTO bid (ct_email, ct_price, start_date, end_date, is_cash, transport_method, pet_owner, pet_name, bid_status) VALUES ('Jay15@gmail.com', 0, '2020-11-13T04:12:37.770Z', '2020-11-27T01:12:11.502Z', true, 'pickup', 'Queen.Wilderman71@hotmail.com', 'Rickey', 'confirmed');
INSERT INTO bid (ct_email, ct_price, start_date, end_date, is_cash, transport_method, pet_owner, pet_name, bid_status) VALUES ('Angus.Doyle@yahoo.com', 15, '2020-11-13T04:12:37.770Z', '2020-11-27T01:12:11.502Z', true, 'pickup', 'Gisselle_Marvin4@gmail.com', 'Gillian', 'confirmed');
INSERT INTO bid (ct_email, ct_price, start_date, end_date, is_cash, transport_method, pet_owner, pet_name, bid_status) VALUES ('Amelie_Bahringer@yahoo.com', 10, '2020-11-13T04:12:37.770Z', '2020-11-27T01:12:11.502Z', true, 'pcs', 'Loy85@gmail.com', 'Vladimir', 'confirmed');
INSERT INTO bid (ct_email, ct_price, start_date, end_date, is_cash, transport_method, pet_owner, pet_name, bid_status) VALUES ('Hardy.Terry@gmail.com', 15, '2020-11-13T04:12:37.770Z', '2020-11-27T01:12:11.502Z', true, 'pickup', 'Wilfredo_Crooks@yahoo.com', 'Judd', 'confirmed');
INSERT INTO bid (ct_email, ct_price, start_date, end_date, is_cash, transport_method, pet_owner, pet_name, bid_status) VALUES ('London_Barton@gmail.com', 8, '2020-11-13T04:12:37.770Z', '2020-11-27T01:12:11.502Z', true, 'pcs', 'Creola_Marks1@hotmail.com', 'Darius', 'confirmed');
INSERT INTO bid (ct_email, ct_price, start_date, end_date, is_cash, transport_method, pet_owner, pet_name, bid_status) VALUES ('Frida.Mueller@hotmail.com', 8, '2020-11-13T04:12:37.770Z', '2020-11-27T01:12:11.502Z', true, 'pcs', 'Abbey.McCullough@hotmail.com', 'Nova', 'confirmed');
INSERT INTO bid (ct_email, ct_price, start_date, end_date, is_cash, transport_method, pet_owner, pet_name, bid_status) VALUES ('Cyril58@gmail.com', 0, '2020-11-13T04:12:37.770Z', '2020-11-27T01:12:11.502Z', true, 'pickup', 'Leilani.Doyle96@yahoo.com', 'Maverick', 'confirmed');
INSERT INTO bid (ct_email, ct_price, start_date, end_date, is_cash, transport_method, pet_owner, pet_name, bid_status) VALUES ('Carlotta4@gmail.com', 16, '2020-11-13T04:12:37.770Z', '2020-11-27T01:12:11.502Z', true, 'delivery', 'Wanda_Pollich0@hotmail.com', 'Montana', 'confirmed');
INSERT INTO bid (ct_email, ct_price, start_date, end_date, is_cash, transport_method, pet_owner, pet_name, bid_status) VALUES ('Katlynn.Will@gmail.com', 12, '2020-11-13T04:12:37.770Z', '2020-11-27T01:12:11.502Z', true, 'pickup', 'Broderick.Abernathy@gmail.com', 'Willie', 'confirmed');
INSERT INTO bid (ct_email, ct_price, start_date, end_date, is_cash, transport_method, pet_owner, pet_name, bid_status) VALUES ('Abbey72@hotmail.com', 4, '2020-11-13T04:12:37.770Z', '2020-11-27T01:12:11.502Z', true, 'pcs', 'May86@gmail.com', 'Leonardo', 'confirmed');
INSERT INTO bid (ct_email, ct_price, start_date, end_date, is_cash, transport_method, pet_owner, pet_name, bid_status) VALUES ('Hubert.Auer@hotmail.com', 15, '2020-11-13T04:12:37.770Z', '2020-11-27T01:12:11.502Z', true, 'pcs', 'Caroline.Hane@gmail.com', 'Colton', 'confirmed');
INSERT INTO bid (ct_email, ct_price, start_date, end_date, is_cash, transport_method, pet_owner, pet_name, bid_status) VALUES ('Kip39@yahoo.com', 3, '2020-11-13T04:12:37.770Z', '2020-11-27T01:12:11.502Z', true, 'pickup', 'Lawrence16@yahoo.com', 'Claudine', 'confirmed');
INSERT INTO bid (ct_email, ct_price, start_date, end_date, is_cash, transport_method, pet_owner, pet_name, bid_status) VALUES ('Clement_Larkin5@hotmail.com', 9, '2020-11-13T04:12:37.770Z', '2020-11-27T01:12:11.502Z', true, 'delivery', 'Brianne_Breitenberg@hotmail.com', 'Kadin', 'confirmed');
INSERT INTO bid (ct_email, ct_price, start_date, end_date, is_cash, transport_method, pet_owner, pet_name, bid_status) VALUES ('Jaquelin_Cruickshank20@yahoo.com', 4, '2020-11-13T04:12:37.770Z', '2020-11-27T01:12:11.502Z', true, 'pickup', 'Hester7@hotmail.com', 'Jacynthe', 'confirmed');
INSERT INTO bid (ct_email, ct_price, start_date, end_date, is_cash, transport_method, pet_owner, pet_name, bid_status) VALUES ('Alford_Kilback@yahoo.com', 8, '2020-11-13T04:12:37.770Z', '2020-11-27T01:12:11.502Z', true, 'pickup', 'Carlotta4@gmail.com', 'Thaddeus', 'confirmed');
INSERT INTO bid (ct_email, ct_price, start_date, end_date, is_cash, transport_method, pet_owner, pet_name, bid_status) VALUES ('Ivory.Marvin@hotmail.com', 11, '2020-11-13T04:12:37.770Z', '2020-11-27T01:12:11.502Z', true, 'pcs', 'Hillard94@yahoo.com', 'Coy', 'confirmed');
INSERT INTO bid (ct_email, ct_price, start_date, end_date, is_cash, transport_method, pet_owner, pet_name, bid_status) VALUES ('Esther.Bednar@gmail.com', 9, '2020-11-13T04:12:37.770Z', '2020-11-27T01:12:11.502Z', true, 'delivery', 'Mariam.Fadel47@hotmail.com', 'German', 'confirmed');
INSERT INTO bid (ct_email, ct_price, start_date, end_date, is_cash, transport_method, pet_owner, pet_name, bid_status) VALUES ('Charles.Zemlak67@gmail.com', 5, '2020-11-13T04:12:37.770Z', '2020-11-27T01:12:11.502Z', true, 'delivery', 'Gregory.Krajcik94@yahoo.com', 'Alan', 'confirmed');
INSERT INTO bid (ct_email, ct_price, start_date, end_date, is_cash, transport_method, pet_owner, pet_name, bid_status) VALUES ('Kailyn11@hotmail.com', 16, '2020-11-13T04:12:37.770Z', '2020-11-27T01:12:11.502Z', true, 'pcs', 'Josefa_Funk@gmail.com', 'Randal', 'confirmed');
INSERT INTO bid (ct_email, ct_price, start_date, end_date, is_cash, transport_method, pet_owner, pet_name, bid_status) VALUES ('Jaren98@hotmail.com', 1, '2020-11-13T04:12:37.770Z', '2020-11-27T01:12:11.502Z', true, 'delivery', 'Adrain71@yahoo.com', 'Laury', 'confirmed');
INSERT INTO bid (ct_email, ct_price, start_date, end_date, is_cash, transport_method, pet_owner, pet_name, bid_status) VALUES ('Jerod.Brakus2@gmail.com', 10, '2020-11-13T04:12:37.770Z', '2020-11-27T01:12:11.502Z', true, 'pickup', 'Tyrel_Beier83@yahoo.com', 'Grady', 'confirmed');
INSERT INTO bid (ct_email, ct_price, start_date, end_date, is_cash, transport_method, pet_owner, pet_name, bid_status) VALUES ('Genevieve.West@gmail.com', 7, '2020-11-13T04:12:37.770Z', '2020-11-27T01:12:11.502Z', true, 'delivery', 'Herbert_Hamill10@yahoo.com', 'Luella', 'confirmed');
INSERT INTO bid (ct_email, ct_price, start_date, end_date, is_cash, transport_method, pet_owner, pet_name, bid_status) VALUES ('Delfina61@gmail.com', 6, '2020-11-13T04:12:37.770Z', '2020-11-27T01:12:11.502Z', true, 'pcs', 'Jasen_Hirthe24@hotmail.com', 'Toni', 'confirmed');
INSERT INTO bid (ct_email, ct_price, start_date, end_date, is_cash, transport_method, pet_owner, pet_name, bid_status) VALUES ('Kathlyn_Rowe21@yahoo.com', 17, '2020-11-13T04:12:37.770Z', '2020-11-27T01:12:11.502Z', true, 'pickup', 'Iva38@yahoo.com', 'Cathryn', 'confirmed');
INSERT INTO bid (ct_email, ct_price, start_date, end_date, is_cash, transport_method, pet_owner, pet_name, bid_status) VALUES ('Eleazar.Rogahn62@yahoo.com', 12, '2020-11-13T04:12:37.770Z', '2020-11-27T01:12:11.502Z', true, 'pcs', 'Gwendolyn_Denesik64@hotmail.com', 'Hipolito', 'confirmed');
INSERT INTO bid (ct_email, ct_price, start_date, end_date, is_cash, transport_method, pet_owner, pet_name, bid_status) VALUES ('Faye89@yahoo.com', 12, '2020-11-13T04:12:37.770Z', '2020-11-27T01:12:11.502Z', true, 'delivery', 'Barrett62@yahoo.com', 'Adah', 'confirmed');
INSERT INTO bid (ct_email, ct_price, start_date, end_date, is_cash, transport_method, pet_owner, pet_name, bid_status) VALUES ('Micaela_Champlin@gmail.com', 17, '2020-11-13T04:12:37.770Z', '2020-11-27T01:12:11.502Z', true, 'pcs', 'Michaela59@yahoo.com', 'Anya', 'confirmed');
INSERT INTO bid (ct_email, ct_price, start_date, end_date, is_cash, transport_method, pet_owner, pet_name, bid_status) VALUES ('Emmy_Jacobi86@gmail.com', 18, '2020-11-13T04:12:37.770Z', '2020-11-27T01:12:11.502Z', true, 'pickup', 'Tanya_Block34@hotmail.com', 'Ansel', 'confirmed');
INSERT INTO bid (ct_email, ct_price, start_date, end_date, is_cash, transport_method, pet_owner, pet_name, bid_status) VALUES ('Karen25@hotmail.com', 11, '2020-11-13T04:12:37.770Z', '2020-11-27T01:12:11.502Z', true, 'pcs', 'Gretchen.Armstrong35@gmail.com', 'Eriberto', 'confirmed');
INSERT INTO bid (ct_email, ct_price, start_date, end_date, is_cash, transport_method, pet_owner, pet_name, bid_status) VALUES ('Julia87@hotmail.com', 19, '2020-11-13T04:12:37.770Z', '2020-11-27T01:12:11.502Z', true, 'pcs', 'Travon56@hotmail.com', 'Claudine', 'confirmed');
INSERT INTO bid (ct_email, ct_price, start_date, end_date, is_cash, transport_method, pet_owner, pet_name, bid_status) VALUES ('Noelia11@hotmail.com', 5, '2020-11-13T04:12:37.770Z', '2020-11-27T01:12:11.502Z', true, 'pickup', 'Jay15@gmail.com', 'Kellen', 'confirmed');
INSERT INTO bid (ct_email, ct_price, start_date, end_date, is_cash, transport_method, pet_owner, pet_name, bid_status) VALUES ('Colleen.Spinka@yahoo.com', 6, '2020-11-13T04:12:37.770Z', '2020-11-27T01:12:11.502Z', true, 'pcs', 'Shania_Jacobson@hotmail.com', 'Janelle', 'confirmed');
INSERT INTO bid (ct_email, ct_price, start_date, end_date, is_cash, transport_method, pet_owner, pet_name, bid_status) VALUES ('Nash_Connelly76@yahoo.com', 15, '2020-11-13T04:12:37.770Z', '2020-11-27T01:12:11.502Z', true, 'delivery', 'Abdul.Greenholt@yahoo.com', 'Emile', 'confirmed');
INSERT INTO bid (ct_email, ct_price, start_date, end_date, is_cash, transport_method, pet_owner, pet_name, bid_status) VALUES ('Christy75@gmail.com', 13, '2020-11-13T04:12:37.770Z', '2020-11-27T01:12:11.502Z', true, 'pickup', 'Jason76@yahoo.com', 'Jackie', 'confirmed');
INSERT INTO bid (ct_email, ct_price, start_date, end_date, is_cash, transport_method, pet_owner, pet_name, bid_status) VALUES ('Carmela.Flatley@gmail.com', 2, '2020-11-13T04:12:37.770Z', '2020-11-27T01:12:11.502Z', true, 'pcs', 'Andre34@yahoo.com', 'Christine', 'confirmed');
INSERT INTO bid (ct_email, ct_price, start_date, end_date, is_cash, transport_method, pet_owner, pet_name, bid_status) VALUES ('Jeffry3@hotmail.com', 15, '2020-11-13T04:12:37.770Z', '2020-11-27T01:12:11.502Z', true, 'pickup', 'Mary_Hane@gmail.com', 'Beulah', 'confirmed');
INSERT INTO bid (ct_email, ct_price, start_date, end_date, is_cash, transport_method, pet_owner, pet_name, bid_status) VALUES ('Sammie.Rowe94@hotmail.com', 20, '2020-11-13T04:12:37.770Z', '2020-11-27T01:12:11.502Z', true, 'pickup', 'April21@hotmail.com', 'Zelma', 'confirmed');
INSERT INTO bid (ct_email, ct_price, start_date, end_date, is_cash, transport_method, pet_owner, pet_name, bid_status) VALUES ('Lulu.DAmore@hotmail.com', 2, '2020-11-13T04:12:37.770Z', '2020-11-27T01:12:11.502Z', true, 'pickup', 'Gillian69@gmail.com', 'Joesph', 'confirmed');
INSERT INTO bid (ct_email, ct_price, start_date, end_date, is_cash, transport_method, pet_owner, pet_name, bid_status) VALUES ('Reina_Keeling42@yahoo.com', 1, '2020-11-13T04:12:37.770Z', '2020-11-27T01:12:11.502Z', true, 'delivery', 'Jerod.Brakus2@gmail.com', 'Astrid', 'confirmed');
INSERT INTO bid (ct_email, ct_price, start_date, end_date, is_cash, transport_method, pet_owner, pet_name, bid_status) VALUES ('Leon52@yahoo.com', 6, '2020-11-13T04:12:37.770Z', '2020-11-27T01:12:11.502Z', true, 'pickup', 'Abbie69@yahoo.com', 'Ahmed', 'confirmed');
INSERT INTO bid (ct_email, ct_price, start_date, end_date, is_cash, transport_method, pet_owner, pet_name, bid_status) VALUES ('Lambert0@hotmail.com', 11, '2020-11-13T04:12:37.770Z', '2020-11-27T01:12:11.502Z', true, 'pcs', 'Darien.Stroman64@hotmail.com', 'Keely', 'confirmed');
INSERT INTO bid (ct_email, ct_price, start_date, end_date, is_cash, transport_method, pet_owner, pet_name, bid_status) VALUES ('Jude_Bode@hotmail.com', 10, '2020-11-13T04:12:37.770Z', '2020-11-27T01:12:11.502Z', true, 'pcs', 'Orrin8@yahoo.com', 'Koby', 'confirmed');
INSERT INTO bid (ct_email, ct_price, start_date, end_date, is_cash, transport_method, pet_owner, pet_name, bid_status) VALUES ('Amara_Blanda21@hotmail.com', 20, '2020-11-13T04:12:37.770Z', '2020-11-27T01:12:11.502Z', true, 'delivery', 'Eva_Rowe@gmail.com', 'Eliseo', 'confirmed');
INSERT INTO bid (ct_email, ct_price, start_date, end_date, is_cash, transport_method, pet_owner, pet_name, bid_status) VALUES ('Claire.Considine@hotmail.com', 2, '2020-11-13T04:12:37.770Z', '2020-11-27T01:12:11.502Z', true, 'pcs', 'Beth_Farrell87@hotmail.com', 'Will', 'confirmed');
INSERT INTO bid (ct_email, ct_price, start_date, end_date, is_cash, transport_method, pet_owner, pet_name, bid_status) VALUES ('Neoma98@gmail.com', 15, '2020-11-13T04:12:37.770Z', '2020-11-27T01:12:11.502Z', true, 'pickup', 'Dwight.Orn@hotmail.com', 'Constantin', 'confirmed');
INSERT INTO bid (ct_email, ct_price, start_date, end_date, is_cash, transport_method, pet_owner, pet_name, bid_status) VALUES ('Flavie.West@gmail.com', 14, '2020-11-13T04:12:37.770Z', '2020-11-27T01:12:11.502Z', true, 'delivery', 'Derrick.Turcotte75@hotmail.com', 'Collin', 'confirmed');
INSERT INTO bid (ct_email, ct_price, start_date, end_date, is_cash, transport_method, pet_owner, pet_name, bid_status) VALUES ('Abbey.Stanton@gmail.com', 14, '2020-11-13T04:12:37.770Z', '2020-11-27T01:12:11.502Z', true, 'pickup', 'Madeline.Schowalter4@yahoo.com', 'Susanna', 'confirmed');
INSERT INTO bid (ct_email, ct_price, start_date, end_date, is_cash, transport_method, pet_owner, pet_name, bid_status) VALUES ('Manley95@hotmail.com', 0, '2020-11-13T04:12:37.770Z', '2020-11-27T01:12:11.502Z', true, 'delivery', 'Kaley30@gmail.com', 'Lucie', 'confirmed');
INSERT INTO bid (ct_email, ct_price, start_date, end_date, is_cash, transport_method, pet_owner, pet_name, bid_status) VALUES ('Maxine.Feil87@yahoo.com', 19, '2020-11-13T04:12:37.770Z', '2020-11-27T01:12:11.502Z', true, 'delivery', 'Ila23@yahoo.com', 'Elvis', 'confirmed');
INSERT INTO bid (ct_email, ct_price, start_date, end_date, is_cash, transport_method, pet_owner, pet_name, bid_status) VALUES ('Wendell82@hotmail.com', 6, '2020-11-13T04:12:37.770Z', '2020-11-27T01:12:11.502Z', true, 'pcs', 'Furman12@hotmail.com', 'Hoyt', 'confirmed');
INSERT INTO bid (ct_email, ct_price, start_date, end_date, is_cash, transport_method, pet_owner, pet_name, bid_status) VALUES ('Hazel_Botsford@gmail.com', 4, '2020-11-13T04:12:37.770Z', '2020-11-27T01:12:11.502Z', true, 'pcs', 'Sydnee48@yahoo.com', 'Keeley', 'confirmed');
INSERT INTO bid (ct_email, ct_price, start_date, end_date, is_cash, transport_method, pet_owner, pet_name, bid_status) VALUES ('Cornelius_Prosacco@yahoo.com', 6, '2020-11-13T04:12:37.770Z', '2020-11-27T01:12:11.502Z', true, 'pickup', 'Cleora_Fritsch89@hotmail.com', 'Jo', 'confirmed');
INSERT INTO bid (ct_email, ct_price, start_date, end_date, is_cash, transport_method, pet_owner, pet_name, bid_status) VALUES ('Sydnie_Kautzer@yahoo.com', 2, '2020-11-13T04:12:37.770Z', '2020-11-27T01:12:11.502Z', true, 'pcs', 'Billie.Pagac@yahoo.com', 'Dayton', 'confirmed');
INSERT INTO bid (ct_email, ct_price, start_date, end_date, is_cash, transport_method, pet_owner, pet_name, bid_status) VALUES ('Enos.OReilly76@gmail.com', 3, '2020-11-13T04:12:37.770Z', '2020-11-27T01:12:11.502Z', true, 'delivery', 'Furman.Ratke64@yahoo.com', 'Leann', 'confirmed');
INSERT INTO bid (ct_email, ct_price, start_date, end_date, is_cash, transport_method, pet_owner, pet_name, bid_status) VALUES ('Elian_Botsford@hotmail.com', 2, '2020-11-13T04:12:37.770Z', '2020-11-27T01:12:11.502Z', true, 'pickup', 'Gardner_Balistreri32@yahoo.com', 'Flo', 'confirmed');
INSERT INTO bid (ct_email, ct_price, start_date, end_date, is_cash, transport_method, pet_owner, pet_name, bid_status) VALUES ('Brooks.Marvin37@gmail.com', 1, '2020-11-13T04:12:37.770Z', '2020-11-27T01:12:11.502Z', true, 'pcs', 'Letitia_Brekke@hotmail.com', 'Odell', 'confirmed');
INSERT INTO bid (ct_email, ct_price, start_date, end_date, is_cash, transport_method, pet_owner, pet_name, bid_status) VALUES ('Donny23@yahoo.com', 5, '2020-11-13T04:12:37.770Z', '2020-11-27T01:12:11.502Z', true, 'pickup', 'Emil_Marks29@gmail.com', 'Micheal', 'confirmed');
INSERT INTO bid (ct_email, ct_price, start_date, end_date, is_cash, transport_method, pet_owner, pet_name, bid_status) VALUES ('Rey.Veum@hotmail.com', 16, '2020-11-13T04:12:37.770Z', '2020-11-27T01:12:11.502Z', true, 'pcs', 'Claud_Bosco@hotmail.com', 'Jadyn', 'confirmed');
INSERT INTO bid (ct_email, ct_price, start_date, end_date, is_cash, transport_method, pet_owner, pet_name, bid_status) VALUES ('Winifred99@hotmail.com', 16, '2020-11-13T04:12:37.770Z', '2020-11-27T01:12:11.502Z', true, 'pickup', 'Amara9@gmail.com', 'Vinnie', 'confirmed');
INSERT INTO bid (ct_email, ct_price, start_date, end_date, is_cash, transport_method, pet_owner, pet_name, bid_status) VALUES ('Kelley32@gmail.com', 7, '2020-11-13T04:12:37.770Z', '2020-11-27T01:12:11.502Z', true, 'pcs', 'Zelma.Metz@gmail.com', 'Arvid', 'confirmed');
INSERT INTO bid (ct_email, ct_price, start_date, end_date, is_cash, transport_method, pet_owner, pet_name, bid_status) VALUES ('Francisca_Bosco@gmail.com', 18, '2020-11-13T04:12:37.770Z', '2020-11-27T01:12:11.502Z', true, 'pcs', 'Bella71@hotmail.com', 'Claudine', 'confirmed');
INSERT INTO bid (ct_email, ct_price, start_date, end_date, is_cash, transport_method, pet_owner, pet_name, bid_status) VALUES ('Keeley52@yahoo.com', 5, '2020-11-13T04:12:37.770Z', '2020-11-27T01:12:11.502Z', true, 'pcs', 'Viva_Lind65@gmail.com', 'Leilani', 'confirmed');
INSERT INTO bid (ct_email, ct_price, start_date, end_date, is_cash, transport_method, pet_owner, pet_name, bid_status) VALUES ('Abelardo_Kozey12@gmail.com', 7, '2020-11-13T04:12:37.770Z', '2020-11-27T01:12:11.502Z', true, 'pickup', 'Martin99@gmail.com', 'Aracely', 'confirmed');
INSERT INTO bid (ct_email, ct_price, start_date, end_date, is_cash, transport_method, pet_owner, pet_name, bid_status) VALUES ('Kaya.Kassulke@gmail.com', 4, '2020-11-13T04:12:37.770Z', '2020-11-27T01:12:11.502Z', true, 'pickup', 'Lance.Herman@gmail.com', 'Elian', 'confirmed');
INSERT INTO bid (ct_email, ct_price, start_date, end_date, is_cash, transport_method, pet_owner, pet_name, bid_status) VALUES ('Cleve.Kunze91@yahoo.com', 19, '2020-11-13T04:12:37.770Z', '2020-11-27T01:12:11.502Z', true, 'delivery', 'Chadd25@gmail.com', 'Nichole', 'confirmed');
INSERT INTO bid (ct_email, ct_price, start_date, end_date, is_cash, transport_method, pet_owner, pet_name, bid_status) VALUES ('Art39@gmail.com', 18, '2020-11-13T04:12:37.770Z', '2020-11-27T01:12:11.502Z', true, 'pickup', 'Isaiah.Corwin49@gmail.com', 'Jess', 'confirmed');
INSERT INTO bid (ct_email, ct_price, start_date, end_date, is_cash, transport_method, pet_owner, pet_name, bid_status) VALUES ('Ole85@gmail.com', 16, '2020-11-13T04:12:37.770Z', '2020-11-27T01:12:11.502Z', true, 'pcs', 'Van_Price36@gmail.com', 'Gudrun', 'confirmed');
INSERT INTO bid (ct_email, ct_price, start_date, end_date, is_cash, transport_method, pet_owner, pet_name, bid_status) VALUES ('Sheila.Towne49@yahoo.com', 2, '2020-11-13T04:12:37.770Z', '2020-11-27T01:12:11.502Z', true, 'delivery', 'Ila23@yahoo.com', 'Braxton', 'confirmed');
INSERT INTO bid (ct_email, ct_price, start_date, end_date, is_cash, transport_method, pet_owner, pet_name, bid_status) VALUES ('April21@hotmail.com', 1, '2020-11-13T04:12:37.770Z', '2020-11-27T01:12:11.502Z', true, 'pcs', 'Jeffrey.Ebert@gmail.com', 'Lavinia', 'confirmed');
INSERT INTO bid (ct_email, ct_price, start_date, end_date, is_cash, transport_method, pet_owner, pet_name, bid_status) VALUES ('Katarina_Kessler48@gmail.com', 20, '2020-11-13T04:12:37.770Z', '2020-11-27T01:12:11.502Z', true, 'pickup', 'Rory_Zulauf49@yahoo.com', 'Rachael', 'confirmed');
INSERT INTO bid (ct_email, ct_price, start_date, end_date, is_cash, transport_method, pet_owner, pet_name, bid_status) VALUES ('Isadore_Grady49@yahoo.com', 4, '2020-11-13T04:12:37.770Z', '2020-11-27T01:12:11.502Z', true, 'pickup', 'Jamaal.Schulist@yahoo.com', 'Merl', 'confirmed');
INSERT INTO bid (ct_email, ct_price, start_date, end_date, is_cash, transport_method, pet_owner, pet_name, bid_status) VALUES ('Amya34@gmail.com', 12, '2020-11-13T04:12:37.770Z', '2020-11-27T01:12:11.502Z', true, 'pickup', 'Kadin_Keebler@gmail.com', 'Amari', 'confirmed');
INSERT INTO bid (ct_email, ct_price, start_date, end_date, is_cash, transport_method, pet_owner, pet_name, bid_status) VALUES ('Ressie7@hotmail.com', 20, '2020-11-13T04:12:37.770Z', '2020-11-27T01:12:11.502Z', true, 'pickup', 'Jarvis.Schneider7@hotmail.com', 'Carter', 'confirmed');
INSERT INTO bid (ct_email, ct_price, start_date, end_date, is_cash, transport_method, pet_owner, pet_name, bid_status) VALUES ('Devon25@hotmail.com', 19, '2020-11-13T04:12:37.770Z', '2020-11-27T01:12:11.502Z', true, 'pcs', 'Andy_Medhurst76@hotmail.com', 'Kirstin', 'confirmed');
INSERT INTO bid (ct_email, ct_price, start_date, end_date, is_cash, transport_method, pet_owner, pet_name, bid_status) VALUES ('Marion.Torp74@yahoo.com', 5, '2020-11-13T04:12:37.770Z', '2020-11-27T01:12:11.502Z', true, 'pickup', 'Sadie42@hotmail.com', 'Rachael', 'confirmed');
INSERT INTO bid (ct_email, ct_price, start_date, end_date, is_cash, transport_method, pet_owner, pet_name, bid_status) VALUES ('Britney_Dooley@hotmail.com', 5, '2020-11-13T04:12:37.770Z', '2020-11-27T01:12:11.502Z', true, 'delivery', 'Leopold22@yahoo.com', 'Mariano', 'confirmed');
INSERT INTO bid (ct_email, ct_price, start_date, end_date, is_cash, transport_method, pet_owner, pet_name, bid_status) VALUES ('Lawrence16@yahoo.com', 7, '2020-11-13T04:12:37.770Z', '2020-11-27T01:12:11.502Z', true, 'pcs', 'Annie.Balistreri@gmail.com', 'Erwin', 'confirmed');
INSERT INTO bid (ct_email, ct_price, start_date, end_date, is_cash, transport_method, pet_owner, pet_name, bid_status) VALUES ('Sammie.Lueilwitz18@hotmail.com', 13, '2020-11-13T04:12:37.770Z', '2020-11-27T01:12:11.502Z', true, 'pickup', 'Owen93@yahoo.com', 'Velva', 'confirmed');
INSERT INTO bid (ct_email, ct_price, start_date, end_date, is_cash, transport_method, pet_owner, pet_name, bid_status) VALUES ('Javon_Spencer69@gmail.com', 17, '2020-11-13T04:12:37.770Z', '2020-11-27T01:12:11.502Z', true, 'pcs', 'Blaze.Zulauf@gmail.com', 'Courtney', 'confirmed');
INSERT INTO bid (ct_email, ct_price, start_date, end_date, is_cash, transport_method, pet_owner, pet_name, bid_status) VALUES ('Golda.Emmerich60@hotmail.com', 9, '2020-11-13T04:12:37.770Z', '2020-11-27T01:12:11.502Z', true, 'delivery', 'Margarete_McKenzie@yahoo.com', 'Cora', 'confirmed');
INSERT INTO bid (ct_email, ct_price, start_date, end_date, is_cash, transport_method, pet_owner, pet_name, bid_status) VALUES ('Elenora.Weimann@gmail.com', 13, '2020-11-13T04:12:37.770Z', '2020-11-27T01:12:11.502Z', true, 'pcs', 'Terrill76@yahoo.com', 'Queenie', 'confirmed');
INSERT INTO bid (ct_email, ct_price, start_date, end_date, is_cash, transport_method, pet_owner, pet_name, bid_status) VALUES ('Alfreda.Ondricka@gmail.com', 18, '2020-11-13T04:12:37.770Z', '2020-11-27T01:12:11.502Z', true, 'delivery', 'Tressie78@gmail.com', 'Diego', 'confirmed');
INSERT INTO bid (ct_email, ct_price, start_date, end_date, is_cash, transport_method, pet_owner, pet_name, bid_status) VALUES ('Noble70@gmail.com', 13, '2020-11-13T04:12:37.770Z', '2020-11-27T01:12:11.502Z', true, 'pickup', 'Juana51@hotmail.com', 'Alexandra', 'confirmed');
INSERT INTO bid (ct_email, ct_price, start_date, end_date, is_cash, transport_method, pet_owner, pet_name, bid_status) VALUES ('Nickolas23@gmail.com', 8, '2020-11-13T04:12:37.770Z', '2020-11-27T01:12:11.502Z', true, 'pcs', 'Easton.Collier10@yahoo.com', 'Boyd', 'confirmed');
INSERT INTO bid (ct_email, ct_price, start_date, end_date, is_cash, transport_method, pet_owner, pet_name, bid_status) VALUES ('Barbara_Shanahan14@gmail.com', 14, '2020-11-13T04:12:37.770Z', '2020-11-27T01:12:11.502Z', true, 'delivery', 'Jana88@hotmail.com', 'Ashlynn', 'confirmed');
INSERT INTO bid (ct_email, ct_price, start_date, end_date, is_cash, transport_method, pet_owner, pet_name, bid_status) VALUES ('Erin_Senger@yahoo.com', 2, '2020-11-13T04:12:37.770Z', '2020-11-27T01:12:11.502Z', true, 'pickup', 'Jayden_Green@hotmail.com', 'Niko', 'confirmed');
INSERT INTO bid (ct_email, ct_price, start_date, end_date, is_cash, transport_method, pet_owner, pet_name, bid_status) VALUES ('Josiane_Hyatt@gmail.com', 7, '2020-11-13T04:12:37.770Z', '2020-11-27T01:12:11.502Z', true, 'pickup', 'Bernadine_Wisozk58@yahoo.com', 'Wyatt', 'confirmed');
INSERT INTO bid (ct_email, ct_price, start_date, end_date, is_cash, transport_method, pet_owner, pet_name, bid_status) VALUES ('Demetrius.Schaefer58@yahoo.com', 6, '2020-11-13T04:12:37.770Z', '2020-11-27T01:12:11.502Z', true, 'pickup', 'Elian50@yahoo.com', 'Isai', 'confirmed');
INSERT INTO bid (ct_email, ct_price, start_date, end_date, is_cash, transport_method, pet_owner, pet_name, bid_status) VALUES ('Camila_Torphy32@hotmail.com', 20, '2020-11-13T04:12:37.770Z', '2020-11-27T01:12:11.502Z', true, 'delivery', 'Jerod.Brakus2@gmail.com', 'Benton', 'confirmed');
INSERT INTO bid (ct_email, ct_price, start_date, end_date, is_cash, transport_method, pet_owner, pet_name, bid_status) VALUES ('Velda_King@gmail.com', 7, '2020-11-13T04:12:37.770Z', '2020-11-27T01:12:11.502Z', true, 'pcs', 'Kathryne_Wilderman@gmail.com', 'Sonny', 'confirmed');
INSERT INTO bid (ct_email, ct_price, start_date, end_date, is_cash, transport_method, pet_owner, pet_name, bid_status) VALUES ('Heidi_Smith5@gmail.com', 13, '2020-11-13T04:12:37.770Z', '2020-11-27T01:12:11.502Z', true, 'pickup', 'Christy75@gmail.com', 'Vernie', 'confirmed');
INSERT INTO bid (ct_email, ct_price, start_date, end_date, is_cash, transport_method, pet_owner, pet_name, bid_status) VALUES ('Kelsie.Herzog98@yahoo.com', 12, '2020-11-13T04:12:37.770Z', '2020-11-27T01:12:11.502Z', true, 'delivery', 'Georgiana_Doyle4@hotmail.com', 'Raquel', 'confirmed');
INSERT INTO bid (ct_email, ct_price, start_date, end_date, is_cash, transport_method, pet_owner, pet_name, bid_status) VALUES ('Celestino.Wuckert20@hotmail.com', 20, '2020-11-13T04:12:37.770Z', '2020-11-27T01:12:11.502Z', true, 'pickup', 'Sabrina.Lockman65@gmail.com', 'Ernie', 'confirmed');
INSERT INTO bid (ct_email, ct_price, start_date, end_date, is_cash, transport_method, pet_owner, pet_name, bid_status) VALUES ('Zula_Mayer88@hotmail.com', 2, '2020-11-13T04:12:37.770Z', '2020-11-27T01:12:11.502Z', true, 'pcs', 'Savion.Cormier@gmail.com', 'Solon', 'confirmed');
INSERT INTO bid (ct_email, ct_price, start_date, end_date, is_cash, transport_method, pet_owner, pet_name, bid_status) VALUES ('Ezequiel_Brekke@yahoo.com', 17, '2020-11-13T04:12:37.770Z', '2020-11-27T01:12:11.502Z', true, 'delivery', 'Adella_West37@yahoo.com', 'Myra', 'confirmed');
INSERT INTO bid (ct_email, ct_price, start_date, end_date, is_cash, transport_method, pet_owner, pet_name, bid_status) VALUES ('Kaleb24@gmail.com', 12, '2020-11-13T04:12:37.770Z', '2020-11-27T01:12:11.502Z', true, 'pickup', 'Montana95@hotmail.com', 'Alejandra', 'confirmed');
INSERT INTO bid (ct_email, ct_price, start_date, end_date, is_cash, transport_method, pet_owner, pet_name, bid_status) VALUES ('Adelle50@hotmail.com', 2, '2020-11-13T04:12:37.770Z', '2020-11-27T01:12:11.502Z', true, 'pickup', 'Santos_Robel66@gmail.com', 'Melany', 'confirmed');
INSERT INTO bid (ct_email, ct_price, start_date, end_date, is_cash, transport_method, pet_owner, pet_name, bid_status) VALUES ('Alejandrin24@yahoo.com', 16, '2020-11-13T04:12:37.770Z', '2020-11-27T01:12:11.502Z', true, 'pickup', 'Wendell82@hotmail.com', 'Dawson', 'confirmed');
INSERT INTO bid (ct_email, ct_price, start_date, end_date, is_cash, transport_method, pet_owner, pet_name, bid_status) VALUES ('Jackeline.Schmeler28@yahoo.com', 15, '2020-11-13T04:12:37.770Z', '2020-11-27T01:12:11.502Z', true, 'pcs', 'Sabrina.Lockman65@gmail.com', 'Zita', 'confirmed');
INSERT INTO bid (ct_email, ct_price, start_date, end_date, is_cash, transport_method, pet_owner, pet_name, bid_status) VALUES ('Reva.Crist@gmail.com', 12, '2020-11-13T04:12:37.770Z', '2020-11-27T01:12:11.502Z', true, 'pickup', 'Van_Price36@gmail.com', 'Zakary', 'confirmed');
INSERT INTO bid (ct_email, ct_price, start_date, end_date, is_cash, transport_method, pet_owner, pet_name, bid_status) VALUES ('Demarcus.Schowalter12@gmail.com', 20, '2020-11-13T04:12:37.770Z', '2020-11-27T01:12:11.502Z', true, 'pickup', 'Lorenz_Tillman@yahoo.com', 'Lilian', 'confirmed');
INSERT INTO bid (ct_email, ct_price, start_date, end_date, is_cash, transport_method, pet_owner, pet_name, bid_status) VALUES ('Clarabelle_Hammes@gmail.com', 3, '2020-11-13T04:12:37.770Z', '2020-11-27T01:12:11.502Z', true, 'pickup', 'Alena75@hotmail.com', 'Emmet', 'confirmed');
INSERT INTO bid (ct_email, ct_price, start_date, end_date, is_cash, transport_method, pet_owner, pet_name, bid_status) VALUES ('Theo.Hackett@gmail.com', 19, '2020-11-13T04:12:37.770Z', '2020-11-27T01:12:11.502Z', true, 'delivery', 'Malachi_OKeefe@hotmail.com', 'Maia', 'confirmed');
INSERT INTO bid (ct_email, ct_price, start_date, end_date, is_cash, transport_method, pet_owner, pet_name, bid_status) VALUES ('Margarete7@yahoo.com', 15, '2020-11-13T04:12:37.770Z', '2020-11-27T01:12:11.502Z', true, 'pickup', 'Janae_Rohan89@hotmail.com', 'Lambert', 'confirmed');
INSERT INTO bid (ct_email, ct_price, start_date, end_date, is_cash, transport_method, pet_owner, pet_name, bid_status) VALUES ('Kimberly.Hills38@gmail.com', 5, '2020-11-13T04:12:37.770Z', '2020-11-27T01:12:11.502Z', true, 'pcs', 'Bernard33@hotmail.com', 'Skye', 'confirmed');
INSERT INTO bid (ct_email, ct_price, start_date, end_date, is_cash, transport_method, pet_owner, pet_name, bid_status) VALUES ('Eloisa_Murphy@gmail.com', 9, '2020-11-13T04:12:37.770Z', '2020-11-27T01:12:11.502Z', true, 'delivery', 'Katarina41@gmail.com', 'Golden', 'confirmed');
INSERT INTO bid (ct_email, ct_price, start_date, end_date, is_cash, transport_method, pet_owner, pet_name, bid_status) VALUES ('Eugene2@yahoo.com', 15, '2020-11-13T04:12:37.770Z', '2020-11-27T01:12:11.502Z', true, 'delivery', 'Willow91@hotmail.com', 'Shane', 'confirmed');
INSERT INTO bid (ct_email, ct_price, start_date, end_date, is_cash, transport_method, pet_owner, pet_name, bid_status) VALUES ('Shaniya_Towne@yahoo.com', 18, '2020-11-13T04:12:37.770Z', '2020-11-27T01:12:11.502Z', true, 'pcs', 'Herman_Bednar@yahoo.com', 'Emmet', 'confirmed');
INSERT INTO bid (ct_email, ct_price, start_date, end_date, is_cash, transport_method, pet_owner, pet_name, bid_status) VALUES ('Bryon_Casper@gmail.com', 12, '2020-11-13T04:12:37.770Z', '2020-11-27T01:12:11.502Z', true, 'pcs', 'Eloisa_Murphy@gmail.com', 'Ignacio', 'confirmed');
INSERT INTO bid (ct_email, ct_price, start_date, end_date, is_cash, transport_method, pet_owner, pet_name, bid_status) VALUES ('Adrian28@hotmail.com', 18, '2020-11-13T04:12:37.770Z', '2020-11-27T01:12:11.502Z', true, 'delivery', 'Gust_Turcotte@gmail.com', 'Kobe', 'confirmed');
INSERT INTO bid (ct_email, ct_price, start_date, end_date, is_cash, transport_method, pet_owner, pet_name, bid_status) VALUES ('Hudson.Barrows@hotmail.com', 15, '2020-11-13T04:12:37.770Z', '2020-11-27T01:12:11.502Z', true, 'delivery', 'Precious_Terry@yahoo.com', 'Eloise', 'confirmed');
INSERT INTO bid (ct_email, ct_price, start_date, end_date, is_cash, transport_method, pet_owner, pet_name, bid_status) VALUES ('Reuben_Kunde70@gmail.com', 13, '2020-11-13T04:12:37.770Z', '2020-11-27T01:12:11.502Z', true, 'pcs', 'Hermina.Corkery@yahoo.com', 'Mathew', 'confirmed');
INSERT INTO bid (ct_email, ct_price, start_date, end_date, is_cash, transport_method, pet_owner, pet_name, bid_status) VALUES ('Hayden12@gmail.com', 4, '2020-11-13T04:12:37.770Z', '2020-11-27T01:12:11.502Z', true, 'delivery', 'Beth_Farrell87@hotmail.com', 'Kira', 'confirmed');
INSERT INTO bid (ct_email, ct_price, start_date, end_date, is_cash, transport_method, pet_owner, pet_name, bid_status) VALUES ('Nico_Shanahan93@yahoo.com', 17, '2020-11-13T04:12:37.770Z', '2020-11-27T01:12:11.502Z', true, 'pickup', 'Flavie.West@gmail.com', 'Yesenia', 'confirmed');
INSERT INTO bid (ct_email, ct_price, start_date, end_date, is_cash, transport_method, pet_owner, pet_name, bid_status) VALUES ('Maegan.Cole@gmail.com', 5, '2020-11-13T04:12:37.770Z', '2020-11-27T01:12:11.502Z', true, 'pcs', 'Kellen70@gmail.com', 'Gertrude', 'confirmed');
UPDATE bid SET (bid_status, rating, feedback) = ('reviewed', 4, 'Quo ipsam eum. Molestiae enim dolorem.') WHERE ct_email = 'Juston.Walter36@gmail.com' AND pet_owner = 'Hadley_Little28@hotmail.com' AND pet_name = 'Josiah' AND start_date = Date('2020-11-13T04:12:37.770Z') AND end_date = Date('2020-11-27T01:12:11.502Z');
UPDATE bid SET (bid_status, rating, feedback) = ('reviewed', 5, 'Quia et quia. Consequatur illo tempore placeat possimus nemo.') WHERE ct_email = 'Dustin_Thompson48@yahoo.com' AND pet_owner = 'Cydney_Nienow@yahoo.com' AND pet_name = 'Norwood' AND start_date = Date('2020-11-13T04:12:37.770Z') AND end_date = Date('2020-11-27T01:12:11.502Z');
UPDATE bid SET (bid_status, rating, feedback) = ('reviewed', 5, 'Enim quod recusandae sit laudantium aut in et ipsum voluptas. Ad quibusdam ex et ipsum alias sed quis quisquam delectus.') WHERE ct_email = 'Naomi_Ullrich@hotmail.com' AND pet_owner = 'Abbie69@yahoo.com' AND pet_name = 'Toney' AND start_date = Date('2020-11-13T04:12:37.770Z') AND end_date = Date('2020-11-27T01:12:11.502Z');
UPDATE bid SET (bid_status, rating, feedback) = ('reviewed', 3, 'Sit possimus et similique ducimus deserunt numquam aut. Et velit non praesentium.') WHERE ct_email = 'Raleigh50@yahoo.com' AND pet_owner = 'Kyleigh.Nicolas32@gmail.com' AND pet_name = 'Janice' AND start_date = Date('2020-11-13T04:12:37.770Z') AND end_date = Date('2020-11-27T01:12:11.502Z');
UPDATE bid SET (bid_status, rating, feedback) = ('reviewed', 5, 'Qui magni corporis necessitatibus. Veritatis vero ea quo mollitia consequuntur.') WHERE ct_email = 'Nikki_Franecki36@gmail.com' AND pet_owner = 'Nash_Connelly76@yahoo.com' AND pet_name = 'Cruz' AND start_date = Date('2020-11-13T04:12:37.770Z') AND end_date = Date('2020-11-27T01:12:11.502Z');
UPDATE bid SET (bid_status, rating, feedback) = ('reviewed', 5, 'Voluptatem corrupti sunt suscipit exercitationem minus. Hic architecto optio enim sit est.') WHERE ct_email = 'Josephine64@yahoo.com' AND pet_owner = 'Jeanne.Douglas@yahoo.com' AND pet_name = 'Reinhold' AND start_date = Date('2020-11-13T04:12:37.770Z') AND end_date = Date('2020-11-27T01:12:11.502Z');
UPDATE bid SET (bid_status, rating, feedback) = ('reviewed', 4, 'Nisi aperiam ut sed. Maiores qui velit.') WHERE ct_email = 'Gardner_Balistreri32@yahoo.com' AND pet_owner = 'Eddie.Herzog@gmail.com' AND pet_name = 'Chasity' AND start_date = Date('2020-11-13T04:12:37.770Z') AND end_date = Date('2020-11-27T01:12:11.502Z');
UPDATE bid SET (bid_status, rating, feedback) = ('reviewed', 3, 'Optio eveniet occaecati et quas iste quisquam ipsum laboriosam. Et nulla tempora.') WHERE ct_email = 'German_Ratke63@gmail.com' AND pet_owner = 'Lincoln.Swift@gmail.com' AND pet_name = 'Bernhard' AND start_date = Date('2020-11-13T04:12:37.770Z') AND end_date = Date('2020-11-27T01:12:11.502Z');
UPDATE bid SET (bid_status, rating, feedback) = ('reviewed', 3, 'Quaerat suscipit nam eligendi qui deleniti. Est exercitationem pariatur porro ut minima inventore.') WHERE ct_email = 'Brando95@yahoo.com' AND pet_owner = 'Isaiah.Corwin49@gmail.com' AND pet_name = 'Margie' AND start_date = Date('2020-11-13T04:12:37.770Z') AND end_date = Date('2020-11-27T01:12:11.502Z');
UPDATE bid SET (bid_status, rating, feedback) = ('reviewed', 3, 'Consequatur pariatur facere ea est aut assumenda velit. Deleniti sed ut quia rem earum alias.') WHERE ct_email = 'Ebony_Veum@gmail.com' AND pet_owner = 'Shannon_Zemlak@yahoo.com' AND pet_name = 'Jaron' AND start_date = Date('2020-11-13T04:12:37.770Z') AND end_date = Date('2020-11-27T01:12:11.502Z');
UPDATE bid SET (bid_status, rating, feedback) = ('reviewed', 3, 'Fugiat quam ullam atque distinctio officiis porro cum nostrum. Porro odit facilis.') WHERE ct_email = 'Kade_Kozey@gmail.com' AND pet_owner = 'Citlalli.Windler@hotmail.com' AND pet_name = 'Antoinette' AND start_date = Date('2020-11-13T04:12:37.770Z') AND end_date = Date('2020-11-27T01:12:11.502Z');
UPDATE bid SET (bid_status, rating, feedback) = ('reviewed', 5, 'Beatae eos doloribus rerum nam repellendus qui dolore. Qui fugit odio tenetur assumenda voluptatem repudiandae atque.') WHERE ct_email = 'Gabe_Waelchi96@gmail.com' AND pet_owner = 'Gerhard_Johnston22@hotmail.com' AND pet_name = 'Bethel' AND start_date = Date('2020-11-13T04:12:37.770Z') AND end_date = Date('2020-11-27T01:12:11.502Z');
UPDATE bid SET (bid_status, rating, feedback) = ('reviewed', 3, 'Aut aut ratione libero dolorum dolor ex eos mollitia. Modi sapiente facere qui sit a.') WHERE ct_email = 'Nedra_Hilll@gmail.com' AND pet_owner = 'Danyka64@gmail.com' AND pet_name = 'Wilhelm' AND start_date = Date('2020-11-13T04:12:37.770Z') AND end_date = Date('2020-11-27T01:12:11.502Z');
UPDATE bid SET (bid_status, rating, feedback) = ('reviewed', 5, 'Et voluptatem voluptatibus voluptates qui sint ipsam reiciendis cumque soluta. Dolore eum error minima tenetur.') WHERE ct_email = 'Onie84@hotmail.com' AND pet_owner = 'Hardy.Terry@gmail.com' AND pet_name = 'Nyasia' AND start_date = Date('2020-11-13T04:12:37.770Z') AND end_date = Date('2020-11-27T01:12:11.502Z');
UPDATE bid SET (bid_status, rating, feedback) = ('reviewed', 3, 'Tempora fugiat incidunt fugit sequi eaque. Quia nesciunt temporibus distinctio qui veritatis commodi eaque explicabo error.') WHERE ct_email = 'Gwendolyn.Fadel@yahoo.com' AND pet_owner = 'Barney_Yundt81@yahoo.com' AND pet_name = 'Marcelo' AND start_date = Date('2020-11-13T04:12:37.770Z') AND end_date = Date('2020-11-27T01:12:11.502Z');
UPDATE bid SET (bid_status, rating, feedback) = ('reviewed', 3, 'Nobis dolores quo sint provident vero qui cupiditate placeat. Doloremque ratione corrupti beatae facilis consequatur est voluptas et.') WHERE ct_email = 'Jamaal.Schulist@yahoo.com' AND pet_owner = 'Neal50@yahoo.com' AND pet_name = 'Rylan' AND start_date = Date('2020-11-13T04:12:37.770Z') AND end_date = Date('2020-11-27T01:12:11.502Z');
UPDATE bid SET (bid_status, rating, feedback) = ('reviewed', 3, 'Sequi possimus sint inventore nostrum blanditiis provident aspernatur laboriosam. Et odio est consectetur autem.') WHERE ct_email = 'Stephania_Hodkiewicz72@hotmail.com' AND pet_owner = 'Juana51@hotmail.com' AND pet_name = 'Eleanore' AND start_date = Date('2020-11-13T04:12:37.770Z') AND end_date = Date('2020-11-27T01:12:11.502Z');
UPDATE bid SET (bid_status, rating, feedback) = ('reviewed', 4, 'Omnis officiis dolor. Ut et qui culpa tenetur labore vitae explicabo.') WHERE ct_email = 'Rodrigo.Hand59@yahoo.com' AND pet_owner = 'Eudora.Goodwin65@yahoo.com' AND pet_name = 'Rhoda' AND start_date = Date('2020-11-13T04:12:37.770Z') AND end_date = Date('2020-11-27T01:12:11.502Z');
UPDATE bid SET (bid_status, rating, feedback) = ('reviewed', 4, 'Non cupiditate maxime dolorem qui aliquid quia repellendus ut est. Quo exercitationem at.') WHERE ct_email = 'Morris_Runolfsdottir6@gmail.com' AND pet_owner = 'Bella71@hotmail.com' AND pet_name = 'Alexis' AND start_date = Date('2020-11-13T04:12:37.770Z') AND end_date = Date('2020-11-27T01:12:11.502Z');
UPDATE bid SET (bid_status, rating, feedback) = ('reviewed', 3, 'Fuga mollitia et laboriosam numquam facilis sit. Quia nihil doloremque nulla expedita ipsa dolorum laudantium quidem aliquid.') WHERE ct_email = 'Lon47@yahoo.com' AND pet_owner = 'Barrett62@yahoo.com' AND pet_name = 'Lessie' AND start_date = Date('2020-11-13T04:12:37.770Z') AND end_date = Date('2020-11-27T01:12:11.502Z');
UPDATE bid SET (bid_status, rating, feedback) = ('reviewed', 5, 'Eos odit illum sint. Rerum et reprehenderit earum dolorem molestias quo.') WHERE ct_email = 'Triston_Kirlin52@gmail.com' AND pet_owner = 'Rosario_Lubowitz49@hotmail.com' AND pet_name = 'Sydnie' AND start_date = Date('2020-11-13T04:12:37.770Z') AND end_date = Date('2020-11-27T01:12:11.502Z');
UPDATE bid SET (bid_status, rating, feedback) = ('reviewed', 5, 'Facilis ipsum quia iure. Unde ducimus rerum fugit saepe assumenda ipsum molestiae voluptatibus cumque.') WHERE ct_email = 'Verna_Braun72@yahoo.com' AND pet_owner = 'Tressa_Huels3@gmail.com' AND pet_name = 'Chet' AND start_date = Date('2020-11-13T04:12:37.770Z') AND end_date = Date('2020-11-27T01:12:11.502Z');
UPDATE bid SET (bid_status, rating, feedback) = ('reviewed', 5, 'Quos dolor optio quibusdam et rem expedita accusantium. Similique voluptatem sit et ipsum sed.') WHERE ct_email = 'Amara9@gmail.com' AND pet_owner = 'Dudley_Davis48@yahoo.com' AND pet_name = 'Otis' AND start_date = Date('2020-11-13T04:12:37.770Z') AND end_date = Date('2020-11-27T01:12:11.502Z');
UPDATE bid SET (bid_status, rating, feedback) = ('reviewed', 5, 'Aspernatur distinctio dolore blanditiis atque nemo veritatis placeat et nihil. Veritatis ut quas inventore eum dolore necessitatibus amet voluptatem omnis.') WHERE ct_email = 'Dudley.Schaefer38@yahoo.com' AND pet_owner = 'Savanna28@hotmail.com' AND pet_name = 'Carissa' AND start_date = Date('2020-11-13T04:12:37.770Z') AND end_date = Date('2020-11-27T01:12:11.502Z');
UPDATE bid SET (bid_status, rating, feedback) = ('reviewed', 5, 'Id totam dicta optio rerum tempora dolores. Rerum eaque quae qui est dolores dolorem sint qui nam.') WHERE ct_email = 'Tressie.Johnston6@hotmail.com' AND pet_owner = 'Adela_Altenwerth99@yahoo.com' AND pet_name = 'Anika' AND start_date = Date('2020-11-13T04:12:37.770Z') AND end_date = Date('2020-11-27T01:12:11.502Z');
UPDATE bid SET (bid_status, rating, feedback) = ('reviewed', 3, 'Tenetur quos veniam modi repellat in sunt corrupti. Tenetur est omnis necessitatibus id et adipisci.') WHERE ct_email = 'Hadley_Little28@hotmail.com' AND pet_owner = 'Enos.Reilly@hotmail.com' AND pet_name = 'Gianni' AND start_date = Date('2020-11-13T04:12:37.770Z') AND end_date = Date('2020-11-27T01:12:11.502Z');
UPDATE bid SET (bid_status, rating, feedback) = ('reviewed', 4, 'Sunt eius necessitatibus. Natus provident corrupti sed at minima odio omnis.') WHERE ct_email = 'Alycia.Nader98@hotmail.com' AND pet_owner = 'Hester7@hotmail.com' AND pet_name = 'Hassie' AND start_date = Date('2020-11-13T04:12:37.770Z') AND end_date = Date('2020-11-27T01:12:11.502Z');
UPDATE bid SET (bid_status, rating, feedback) = ('reviewed', 4, 'Enim id consectetur officia. In quo omnis veniam molestias.') WHERE ct_email = 'Shania_Jacobson@hotmail.com' AND pet_owner = 'Braden12@gmail.com' AND pet_name = 'Estella' AND start_date = Date('2020-11-13T04:12:37.770Z') AND end_date = Date('2020-11-27T01:12:11.502Z');
UPDATE bid SET (bid_status, rating, feedback) = ('reviewed', 3, 'Sed veniam possimus modi. Illo magni ut ducimus.') WHERE ct_email = 'Callie10@gmail.com' AND pet_owner = 'Wallace.Bogan75@gmail.com' AND pet_name = 'Fern' AND start_date = Date('2020-11-13T04:12:37.770Z') AND end_date = Date('2020-11-27T01:12:11.502Z');
UPDATE bid SET (bid_status, rating, feedback) = ('reviewed', 5, 'Aut quasi vel cupiditate et non nostrum. Repellendus consequatur veritatis atque et ut sunt veniam ducimus rerum.') WHERE ct_email = 'Hester7@hotmail.com' AND pet_owner = 'Alexandrea96@gmail.com' AND pet_name = 'Violette' AND start_date = Date('2020-11-13T04:12:37.770Z') AND end_date = Date('2020-11-27T01:12:11.502Z');
UPDATE bid SET (bid_status, rating, feedback) = ('reviewed', 4, 'Ipsa aut aut adipisci vel consectetur. Dolorem ipsum et ut recusandae aut non et impedit aut.') WHERE ct_email = 'Janelle_Gutkowski24@yahoo.com' AND pet_owner = 'Raleigh.Donnelly60@hotmail.com' AND pet_name = 'Lew' AND start_date = Date('2020-11-13T04:12:37.770Z') AND end_date = Date('2020-11-27T01:12:11.502Z');
UPDATE bid SET (bid_status, rating, feedback) = ('reviewed', 5, 'Distinctio officia voluptatem magnam est. Incidunt ratione quas quidem saepe.') WHERE ct_email = 'Ofelia.Aufderhar@yahoo.com' AND pet_owner = 'Cassidy63@hotmail.com' AND pet_name = 'Bonita' AND start_date = Date('2020-11-13T04:12:37.770Z') AND end_date = Date('2020-11-27T01:12:11.502Z');
UPDATE bid SET (bid_status, rating, feedback) = ('reviewed', 3, 'Aut dolor corporis excepturi quas. Fuga modi facilis earum.') WHERE ct_email = 'Vena.Schmeler65@hotmail.com' AND pet_owner = 'Susie.Kautzer@gmail.com' AND pet_name = 'Pascale' AND start_date = Date('2020-11-13T04:12:37.770Z') AND end_date = Date('2020-11-27T01:12:11.502Z');
UPDATE bid SET (bid_status, rating, feedback) = ('reviewed', 5, 'Fugiat nihil consectetur ut consequuntur corrupti excepturi adipisci nemo nobis. Corporis consequuntur aliquid beatae aut modi ipsa magni laudantium.') WHERE ct_email = 'Arvid_Cummerata63@hotmail.com' AND pet_owner = 'Dovie39@hotmail.com' AND pet_name = 'Mohammad' AND start_date = Date('2020-11-13T04:12:37.770Z') AND end_date = Date('2020-11-27T01:12:11.502Z');
UPDATE bid SET (bid_status, rating, feedback) = ('reviewed', 4, 'Voluptatem ea dolorem natus voluptas ea consequatur qui aliquam. Minus dolores architecto quis molestiae.') WHERE ct_email = 'Ethelyn87@yahoo.com' AND pet_owner = 'Gwendolyn.Fadel@yahoo.com' AND pet_name = 'Helen' AND start_date = Date('2020-11-13T04:12:37.770Z') AND end_date = Date('2020-11-27T01:12:11.502Z');
UPDATE bid SET (bid_status, rating, feedback) = ('reviewed', 5, 'Officiis minima quam dolores id autem qui sed. Et voluptas dicta.') WHERE ct_email = 'Malachi_OKeefe@hotmail.com' AND pet_owner = 'Mafalda23@yahoo.com' AND pet_name = 'Reilly' AND start_date = Date('2020-11-13T04:12:37.770Z') AND end_date = Date('2020-11-27T01:12:11.502Z');
UPDATE bid SET (bid_status, rating, feedback) = ('reviewed', 4, 'Corporis consequuntur non impedit. Similique rerum totam animi aut similique distinctio.') WHERE ct_email = 'Angus.Doyle@yahoo.com' AND pet_owner = 'Gisselle_Marvin4@gmail.com' AND pet_name = 'Gillian' AND start_date = Date('2020-11-13T04:12:37.770Z') AND end_date = Date('2020-11-27T01:12:11.502Z');
UPDATE bid SET (bid_status, rating, feedback) = ('reviewed', 4, 'Sint eligendi incidunt in necessitatibus voluptatum cumque aut placeat sit. In aut perferendis et et.') WHERE ct_email = 'Amelie_Bahringer@yahoo.com' AND pet_owner = 'Loy85@gmail.com' AND pet_name = 'Vladimir' AND start_date = Date('2020-11-13T04:12:37.770Z') AND end_date = Date('2020-11-27T01:12:11.502Z');
UPDATE bid SET (bid_status, rating, feedback) = ('reviewed', 3, 'Libero est vero odit modi saepe nulla excepturi. Iste sequi similique eum.') WHERE ct_email = 'Hardy.Terry@gmail.com' AND pet_owner = 'Wilfredo_Crooks@yahoo.com' AND pet_name = 'Judd' AND start_date = Date('2020-11-13T04:12:37.770Z') AND end_date = Date('2020-11-27T01:12:11.502Z');
UPDATE bid SET (bid_status, rating, feedback) = ('reviewed', 3, 'Et eaque et voluptatum vel repellendus. Laboriosam itaque quisquam eius totam.') WHERE ct_email = 'Frida.Mueller@hotmail.com' AND pet_owner = 'Abbey.McCullough@hotmail.com' AND pet_name = 'Nova' AND start_date = Date('2020-11-13T04:12:37.770Z') AND end_date = Date('2020-11-27T01:12:11.502Z');
UPDATE bid SET (bid_status, rating, feedback) = ('reviewed', 3, 'Qui ipsum id. Illo blanditiis officiis nulla et totam quis rerum et.') WHERE ct_email = 'Cyril58@gmail.com' AND pet_owner = 'Leilani.Doyle96@yahoo.com' AND pet_name = 'Maverick' AND start_date = Date('2020-11-13T04:12:37.770Z') AND end_date = Date('2020-11-27T01:12:11.502Z');
UPDATE bid SET (bid_status, rating, feedback) = ('reviewed', 3, 'Necessitatibus sunt accusantium ea magnam omnis nulla animi dicta maiores. Doloremque quam quasi sint aliquam.') WHERE ct_email = 'Kip39@yahoo.com' AND pet_owner = 'Lawrence16@yahoo.com' AND pet_name = 'Claudine' AND start_date = Date('2020-11-13T04:12:37.770Z') AND end_date = Date('2020-11-27T01:12:11.502Z');
UPDATE bid SET (bid_status, rating, feedback) = ('reviewed', 3, 'Totam quia sequi rem repudiandae. Cupiditate rem ex voluptatem dignissimos ducimus odio consequatur quae delectus.') WHERE ct_email = 'Clement_Larkin5@hotmail.com' AND pet_owner = 'Brianne_Breitenberg@hotmail.com' AND pet_name = 'Kadin' AND start_date = Date('2020-11-13T04:12:37.770Z') AND end_date = Date('2020-11-27T01:12:11.502Z');
UPDATE bid SET (bid_status, rating, feedback) = ('reviewed', 3, 'Quasi ut neque sunt explicabo repellat accusantium similique et voluptate. Ullam quidem beatae nobis quo ducimus.') WHERE ct_email = 'Jaquelin_Cruickshank20@yahoo.com' AND pet_owner = 'Hester7@hotmail.com' AND pet_name = 'Jacynthe' AND start_date = Date('2020-11-13T04:12:37.770Z') AND end_date = Date('2020-11-27T01:12:11.502Z');
UPDATE bid SET (bid_status, rating, feedback) = ('reviewed', 3, 'Eveniet id eius et maxime animi. Qui esse maiores est impedit dolor repellat nisi.') WHERE ct_email = 'Ivory.Marvin@hotmail.com' AND pet_owner = 'Hillard94@yahoo.com' AND pet_name = 'Coy' AND start_date = Date('2020-11-13T04:12:37.770Z') AND end_date = Date('2020-11-27T01:12:11.502Z');
UPDATE bid SET (bid_status, rating, feedback) = ('reviewed', 4, 'Quisquam dolore nobis et quia animi nemo velit eius. Ratione consequatur neque eos sed eius rem doloribus debitis.') WHERE ct_email = 'Charles.Zemlak67@gmail.com' AND pet_owner = 'Gregory.Krajcik94@yahoo.com' AND pet_name = 'Alan' AND start_date = Date('2020-11-13T04:12:37.770Z') AND end_date = Date('2020-11-27T01:12:11.502Z');
UPDATE bid SET (bid_status, rating, feedback) = ('reviewed', 4, 'Fugit beatae at rem sit. Iste enim ratione autem quam incidunt et sed.') WHERE ct_email = 'Kailyn11@hotmail.com' AND pet_owner = 'Josefa_Funk@gmail.com' AND pet_name = 'Randal' AND start_date = Date('2020-11-13T04:12:37.770Z') AND end_date = Date('2020-11-27T01:12:11.502Z');
UPDATE bid SET (bid_status, rating, feedback) = ('reviewed', 4, 'Debitis non a distinctio neque qui. Aperiam non natus praesentium.') WHERE ct_email = 'Genevieve.West@gmail.com' AND pet_owner = 'Herbert_Hamill10@yahoo.com' AND pet_name = 'Luella' AND start_date = Date('2020-11-13T04:12:37.770Z') AND end_date = Date('2020-11-27T01:12:11.502Z');
UPDATE bid SET (bid_status, rating, feedback) = ('reviewed', 3, 'Odio deserunt labore omnis nisi in est et sapiente eos. Dicta a expedita explicabo possimus aliquam quibusdam facilis animi inventore.') WHERE ct_email = 'Kathlyn_Rowe21@yahoo.com' AND pet_owner = 'Iva38@yahoo.com' AND pet_name = 'Cathryn' AND start_date = Date('2020-11-13T04:12:37.770Z') AND end_date = Date('2020-11-27T01:12:11.502Z');
UPDATE bid SET (bid_status, rating, feedback) = ('reviewed', 4, 'Eveniet quis maxime consequuntur quam in quia. Nisi fugiat quia.') WHERE ct_email = 'Eleazar.Rogahn62@yahoo.com' AND pet_owner = 'Gwendolyn_Denesik64@hotmail.com' AND pet_name = 'Hipolito' AND start_date = Date('2020-11-13T04:12:37.770Z') AND end_date = Date('2020-11-27T01:12:11.502Z');
UPDATE bid SET (bid_status, rating, feedback) = ('reviewed', 3, 'Omnis accusamus quia ut. Dolorum ducimus omnis nisi commodi ab odio eos.') WHERE ct_email = 'Faye89@yahoo.com' AND pet_owner = 'Barrett62@yahoo.com' AND pet_name = 'Adah' AND start_date = Date('2020-11-13T04:12:37.770Z') AND end_date = Date('2020-11-27T01:12:11.502Z');
UPDATE bid SET (bid_status, rating, feedback) = ('reviewed', 5, 'Ipsum consectetur sed omnis ut. Dolores officia necessitatibus aut vero ducimus.') WHERE ct_email = 'Micaela_Champlin@gmail.com' AND pet_owner = 'Michaela59@yahoo.com' AND pet_name = 'Anya' AND start_date = Date('2020-11-13T04:12:37.770Z') AND end_date = Date('2020-11-27T01:12:11.502Z');
UPDATE bid SET (bid_status, rating, feedback) = ('reviewed', 4, 'Ea quo quo est aut tempore ut tempore architecto. Dolorem vel nesciunt.') WHERE ct_email = 'Emmy_Jacobi86@gmail.com' AND pet_owner = 'Tanya_Block34@hotmail.com' AND pet_name = 'Ansel' AND start_date = Date('2020-11-13T04:12:37.770Z') AND end_date = Date('2020-11-27T01:12:11.502Z');
UPDATE bid SET (bid_status, rating, feedback) = ('reviewed', 5, 'Sit nihil odit tempore doloremque voluptas modi eos. Aspernatur non quo qui repudiandae reprehenderit occaecati.') WHERE ct_email = 'Karen25@hotmail.com' AND pet_owner = 'Gretchen.Armstrong35@gmail.com' AND pet_name = 'Eriberto' AND start_date = Date('2020-11-13T04:12:37.770Z') AND end_date = Date('2020-11-27T01:12:11.502Z');
UPDATE bid SET (bid_status, rating, feedback) = ('reviewed', 4, 'Qui eos iusto recusandae earum esse quasi. Eos voluptatem qui non.') WHERE ct_email = 'Julia87@hotmail.com' AND pet_owner = 'Travon56@hotmail.com' AND pet_name = 'Claudine' AND start_date = Date('2020-11-13T04:12:37.770Z') AND end_date = Date('2020-11-27T01:12:11.502Z');
UPDATE bid SET (bid_status, rating, feedback) = ('reviewed', 3, 'Accusamus a officia. Amet reprehenderit sint officia reiciendis.') WHERE ct_email = 'Carmela.Flatley@gmail.com' AND pet_owner = 'Andre34@yahoo.com' AND pet_name = 'Christine' AND start_date = Date('2020-11-13T04:12:37.770Z') AND end_date = Date('2020-11-27T01:12:11.502Z');
UPDATE bid SET (bid_status, rating, feedback) = ('reviewed', 3, 'Dolor autem inventore soluta corrupti est. Velit officiis facilis nam alias nostrum debitis nostrum.') WHERE ct_email = 'Lulu.DAmore@hotmail.com' AND pet_owner = 'Gillian69@gmail.com' AND pet_name = 'Joesph' AND start_date = Date('2020-11-13T04:12:37.770Z') AND end_date = Date('2020-11-27T01:12:11.502Z');
UPDATE bid SET (bid_status, rating, feedback) = ('reviewed', 4, 'Nihil molestias ea harum ut est saepe voluptatum commodi doloremque. Et pariatur quia.') WHERE ct_email = 'Reina_Keeling42@yahoo.com' AND pet_owner = 'Jerod.Brakus2@gmail.com' AND pet_name = 'Astrid' AND start_date = Date('2020-11-13T04:12:37.770Z') AND end_date = Date('2020-11-27T01:12:11.502Z');
UPDATE bid SET (bid_status, rating, feedback) = ('reviewed', 5, 'Fuga iusto natus reprehenderit nemo qui nam. Quas praesentium hic tempore eaque dicta nostrum qui iure.') WHERE ct_email = 'Lambert0@hotmail.com' AND pet_owner = 'Darien.Stroman64@hotmail.com' AND pet_name = 'Keely' AND start_date = Date('2020-11-13T04:12:37.770Z') AND end_date = Date('2020-11-27T01:12:11.502Z');
UPDATE bid SET (bid_status, rating, feedback) = ('reviewed', 5, 'Aut quidem laborum fugiat minima voluptatem enim ipsum dolores. Aut quam necessitatibus harum autem.') WHERE ct_email = 'Claire.Considine@hotmail.com' AND pet_owner = 'Beth_Farrell87@hotmail.com' AND pet_name = 'Will' AND start_date = Date('2020-11-13T04:12:37.770Z') AND end_date = Date('2020-11-27T01:12:11.502Z');
UPDATE bid SET (bid_status, rating, feedback) = ('reviewed', 3, 'Id suscipit ratione. Unde aut earum est qui et dolorem enim cum deleniti.') WHERE ct_email = 'Neoma98@gmail.com' AND pet_owner = 'Dwight.Orn@hotmail.com' AND pet_name = 'Constantin' AND start_date = Date('2020-11-13T04:12:37.770Z') AND end_date = Date('2020-11-27T01:12:11.502Z');
UPDATE bid SET (bid_status, rating, feedback) = ('reviewed', 5, 'Consequatur delectus dolore. Voluptatem beatae accusamus necessitatibus sed consequuntur alias ut accusamus.') WHERE ct_email = 'Maxine.Feil87@yahoo.com' AND pet_owner = 'Ila23@yahoo.com' AND pet_name = 'Elvis' AND start_date = Date('2020-11-13T04:12:37.770Z') AND end_date = Date('2020-11-27T01:12:11.502Z');
UPDATE bid SET (bid_status, rating, feedback) = ('reviewed', 5, 'Non at aliquid consectetur soluta quam impedit repellat temporibus. Quibusdam aut consequatur eligendi qui aliquid et sit et.') WHERE ct_email = 'Hazel_Botsford@gmail.com' AND pet_owner = 'Sydnee48@yahoo.com' AND pet_name = 'Keeley' AND start_date = Date('2020-11-13T04:12:37.770Z') AND end_date = Date('2020-11-27T01:12:11.502Z');
UPDATE bid SET (bid_status, rating, feedback) = ('reviewed', 4, 'Et sint voluptatum. Doloribus et modi perspiciatis necessitatibus ut inventore.') WHERE ct_email = 'Cornelius_Prosacco@yahoo.com' AND pet_owner = 'Cleora_Fritsch89@hotmail.com' AND pet_name = 'Jo' AND start_date = Date('2020-11-13T04:12:37.770Z') AND end_date = Date('2020-11-27T01:12:11.502Z');
UPDATE bid SET (bid_status, rating, feedback) = ('reviewed', 3, 'Et dicta perferendis. Commodi nesciunt velit.') WHERE ct_email = 'Sydnie_Kautzer@yahoo.com' AND pet_owner = 'Billie.Pagac@yahoo.com' AND pet_name = 'Dayton' AND start_date = Date('2020-11-13T04:12:37.770Z') AND end_date = Date('2020-11-27T01:12:11.502Z');
UPDATE bid SET (bid_status, rating, feedback) = ('reviewed', 5, 'Cupiditate nihil nobis sit rerum odio qui iusto ipsum. Nihil quidem dolor assumenda reprehenderit nam recusandae.') WHERE ct_email = 'Elian_Botsford@hotmail.com' AND pet_owner = 'Gardner_Balistreri32@yahoo.com' AND pet_name = 'Flo' AND start_date = Date('2020-11-13T04:12:37.770Z') AND end_date = Date('2020-11-27T01:12:11.502Z');
UPDATE bid SET (bid_status, rating, feedback) = ('reviewed', 3, 'Qui dolores molestiae nulla iure praesentium doloribus itaque necessitatibus. Pariatur est non eum labore voluptas omnis qui laudantium.') WHERE ct_email = 'Brooks.Marvin37@gmail.com' AND pet_owner = 'Letitia_Brekke@hotmail.com' AND pet_name = 'Odell' AND start_date = Date('2020-11-13T04:12:37.770Z') AND end_date = Date('2020-11-27T01:12:11.502Z');
UPDATE bid SET (bid_status, rating, feedback) = ('reviewed', 3, 'Reprehenderit in qui occaecati vel nam aut voluptatem. Magnam ad voluptates est at ea quaerat aut.') WHERE ct_email = 'Rey.Veum@hotmail.com' AND pet_owner = 'Claud_Bosco@hotmail.com' AND pet_name = 'Jadyn' AND start_date = Date('2020-11-13T04:12:37.770Z') AND end_date = Date('2020-11-27T01:12:11.502Z');
UPDATE bid SET (bid_status, rating, feedback) = ('reviewed', 5, 'Et aut quae tempore maxime ea minima. Fugiat officiis suscipit.') WHERE ct_email = 'Kelley32@gmail.com' AND pet_owner = 'Zelma.Metz@gmail.com' AND pet_name = 'Arvid' AND start_date = Date('2020-11-13T04:12:37.770Z') AND end_date = Date('2020-11-27T01:12:11.502Z');
UPDATE bid SET (bid_status, rating, feedback) = ('reviewed', 3, 'Mollitia maiores sit tempore consequatur et dolorem. Voluptatem explicabo beatae expedita nesciunt voluptatem.') WHERE ct_email = 'Sheila.Towne49@yahoo.com' AND pet_owner = 'Ila23@yahoo.com' AND pet_name = 'Braxton' AND start_date = Date('2020-11-13T04:12:37.770Z') AND end_date = Date('2020-11-27T01:12:11.502Z');
UPDATE bid SET (bid_status, rating, feedback) = ('reviewed', 5, 'Non sint magnam cumque blanditiis ea placeat dolor. Omnis et illum voluptates odio provident et ducimus.') WHERE ct_email = 'April21@hotmail.com' AND pet_owner = 'Jeffrey.Ebert@gmail.com' AND pet_name = 'Lavinia' AND start_date = Date('2020-11-13T04:12:37.770Z') AND end_date = Date('2020-11-27T01:12:11.502Z');
UPDATE bid SET (bid_status, rating, feedback) = ('reviewed', 4, 'Quia quae quo cum. Non ut eaque.') WHERE ct_email = 'Katarina_Kessler48@gmail.com' AND pet_owner = 'Rory_Zulauf49@yahoo.com' AND pet_name = 'Rachael' AND start_date = Date('2020-11-13T04:12:37.770Z') AND end_date = Date('2020-11-27T01:12:11.502Z');
UPDATE bid SET (bid_status, rating, feedback) = ('reviewed', 3, 'Enim dolorem vel qui labore et omnis dolor molestias nostrum. Qui vel corrupti rerum et consequuntur in nam molestias laudantium.') WHERE ct_email = 'Isadore_Grady49@yahoo.com' AND pet_owner = 'Jamaal.Schulist@yahoo.com' AND pet_name = 'Merl' AND start_date = Date('2020-11-13T04:12:37.770Z') AND end_date = Date('2020-11-27T01:12:11.502Z');
UPDATE bid SET (bid_status, rating, feedback) = ('reviewed', 4, 'Totam odit optio iusto sapiente. Quisquam impedit fugit quia sed mollitia.') WHERE ct_email = 'Amya34@gmail.com' AND pet_owner = 'Kadin_Keebler@gmail.com' AND pet_name = 'Amari' AND start_date = Date('2020-11-13T04:12:37.770Z') AND end_date = Date('2020-11-27T01:12:11.502Z');
UPDATE bid SET (bid_status, rating, feedback) = ('reviewed', 3, 'Hic quis est delectus sequi. Nihil tempora quia soluta numquam enim quia.') WHERE ct_email = 'Ressie7@hotmail.com' AND pet_owner = 'Jarvis.Schneider7@hotmail.com' AND pet_name = 'Carter' AND start_date = Date('2020-11-13T04:12:37.770Z') AND end_date = Date('2020-11-27T01:12:11.502Z');
UPDATE bid SET (bid_status, rating, feedback) = ('reviewed', 5, 'Dolore libero enim. Facere debitis numquam error.') WHERE ct_email = 'Marion.Torp74@yahoo.com' AND pet_owner = 'Sadie42@hotmail.com' AND pet_name = 'Rachael' AND start_date = Date('2020-11-13T04:12:37.770Z') AND end_date = Date('2020-11-27T01:12:11.502Z');
UPDATE bid SET (bid_status, rating, feedback) = ('reviewed', 5, 'Sed ut aspernatur vero sint eligendi temporibus. Assumenda accusamus ab labore debitis architecto sequi et dolorem.') WHERE ct_email = 'Sammie.Lueilwitz18@hotmail.com' AND pet_owner = 'Owen93@yahoo.com' AND pet_name = 'Velva' AND start_date = Date('2020-11-13T04:12:37.770Z') AND end_date = Date('2020-11-27T01:12:11.502Z');
UPDATE bid SET (bid_status, rating, feedback) = ('reviewed', 5, 'Officia quod fugit dolores officia porro atque accusantium totam. Eum asperiores debitis qui recusandae asperiores.') WHERE ct_email = 'Nickolas23@gmail.com' AND pet_owner = 'Easton.Collier10@yahoo.com' AND pet_name = 'Boyd' AND start_date = Date('2020-11-13T04:12:37.770Z') AND end_date = Date('2020-11-27T01:12:11.502Z');
UPDATE bid SET (bid_status, rating, feedback) = ('reviewed', 4, 'Eum neque ut sed nesciunt aut tempora debitis consectetur. Necessitatibus sit officiis iure earum est.') WHERE ct_email = 'Josiane_Hyatt@gmail.com' AND pet_owner = 'Bernadine_Wisozk58@yahoo.com' AND pet_name = 'Wyatt' AND start_date = Date('2020-11-13T04:12:37.770Z') AND end_date = Date('2020-11-27T01:12:11.502Z');
UPDATE bid SET (bid_status, rating, feedback) = ('reviewed', 5, 'Iusto eligendi inventore. Omnis facere et ex et sed veniam voluptatem et.') WHERE ct_email = 'Velda_King@gmail.com' AND pet_owner = 'Kathryne_Wilderman@gmail.com' AND pet_name = 'Sonny' AND start_date = Date('2020-11-13T04:12:37.770Z') AND end_date = Date('2020-11-27T01:12:11.502Z');
UPDATE bid SET (bid_status, rating, feedback) = ('reviewed', 3, 'Ullam illo quis perferendis soluta consequatur labore veritatis nisi. Et nisi nostrum reiciendis est accusamus excepturi quis quod eveniet.') WHERE ct_email = 'Kelsie.Herzog98@yahoo.com' AND pet_owner = 'Georgiana_Doyle4@hotmail.com' AND pet_name = 'Raquel' AND start_date = Date('2020-11-13T04:12:37.770Z') AND end_date = Date('2020-11-27T01:12:11.502Z');
UPDATE bid SET (bid_status, rating, feedback) = ('reviewed', 4, 'Molestiae assumenda amet. Sapiente voluptatibus fugit est occaecati perspiciatis.') WHERE ct_email = 'Zula_Mayer88@hotmail.com' AND pet_owner = 'Savion.Cormier@gmail.com' AND pet_name = 'Solon' AND start_date = Date('2020-11-13T04:12:37.770Z') AND end_date = Date('2020-11-27T01:12:11.502Z');
UPDATE bid SET (bid_status, rating, feedback) = ('reviewed', 3, 'Numquam et error rerum. Ipsam ullam et tempore dolor.') WHERE ct_email = 'Ezequiel_Brekke@yahoo.com' AND pet_owner = 'Adella_West37@yahoo.com' AND pet_name = 'Myra' AND start_date = Date('2020-11-13T04:12:37.770Z') AND end_date = Date('2020-11-27T01:12:11.502Z');
UPDATE bid SET (bid_status, rating, feedback) = ('reviewed', 4, 'Quis illum eum accusamus sit ut. Est nesciunt voluptatem.') WHERE ct_email = 'Alejandrin24@yahoo.com' AND pet_owner = 'Wendell82@hotmail.com' AND pet_name = 'Dawson' AND start_date = Date('2020-11-13T04:12:37.770Z') AND end_date = Date('2020-11-27T01:12:11.502Z');
UPDATE bid SET (bid_status, rating, feedback) = ('reviewed', 5, 'Sit delectus et fuga officia assumenda dicta. In maiores ea incidunt laudantium.') WHERE ct_email = 'Demarcus.Schowalter12@gmail.com' AND pet_owner = 'Lorenz_Tillman@yahoo.com' AND pet_name = 'Lilian' AND start_date = Date('2020-11-13T04:12:37.770Z') AND end_date = Date('2020-11-27T01:12:11.502Z');
UPDATE bid SET (bid_status, rating, feedback) = ('reviewed', 3, 'Earum quia ex omnis aut ipsa qui. Velit vero deleniti ut ut dolorum velit laboriosam amet.') WHERE ct_email = 'Theo.Hackett@gmail.com' AND pet_owner = 'Malachi_OKeefe@hotmail.com' AND pet_name = 'Maia' AND start_date = Date('2020-11-13T04:12:37.770Z') AND end_date = Date('2020-11-27T01:12:11.502Z');
UPDATE bid SET (bid_status, rating, feedback) = ('reviewed', 4, 'Perspiciatis commodi reprehenderit ullam blanditiis voluptatem. Quasi magnam veniam accusantium eaque quae.') WHERE ct_email = 'Margarete7@yahoo.com' AND pet_owner = 'Janae_Rohan89@hotmail.com' AND pet_name = 'Lambert' AND start_date = Date('2020-11-13T04:12:37.770Z') AND end_date = Date('2020-11-27T01:12:11.502Z');
UPDATE bid SET (bid_status, rating, feedback) = ('reviewed', 3, 'Quis laboriosam recusandae et est ut a magnam. Dolorum maxime repellat maiores ut temporibus.') WHERE ct_email = 'Kimberly.Hills38@gmail.com' AND pet_owner = 'Bernard33@hotmail.com' AND pet_name = 'Skye' AND start_date = Date('2020-11-13T04:12:37.770Z') AND end_date = Date('2020-11-27T01:12:11.502Z');
UPDATE bid SET (bid_status, rating, feedback) = ('reviewed', 5, 'Quod nesciunt excepturi. Enim libero ipsa.') WHERE ct_email = 'Eloisa_Murphy@gmail.com' AND pet_owner = 'Katarina41@gmail.com' AND pet_name = 'Golden' AND start_date = Date('2020-11-13T04:12:37.770Z') AND end_date = Date('2020-11-27T01:12:11.502Z');
UPDATE bid SET (bid_status, rating, feedback) = ('reviewed', 5, 'Aut voluptas illum harum animi ullam enim dolorem et est. Sed libero consequuntur quia autem ipsum vitae earum.') WHERE ct_email = 'Shaniya_Towne@yahoo.com' AND pet_owner = 'Herman_Bednar@yahoo.com' AND pet_name = 'Emmet' AND start_date = Date('2020-11-13T04:12:37.770Z') AND end_date = Date('2020-11-27T01:12:11.502Z');
UPDATE bid SET (bid_status, rating, feedback) = ('reviewed', 4, 'Qui optio ipsum labore ullam et nam quam aspernatur. Deserunt dolore aut eum dolores facilis placeat.') WHERE ct_email = 'Adrian28@hotmail.com' AND pet_owner = 'Gust_Turcotte@gmail.com' AND pet_name = 'Kobe' AND start_date = Date('2020-11-13T04:12:37.770Z') AND end_date = Date('2020-11-27T01:12:11.502Z');
UPDATE bid SET (bid_status, rating, feedback) = ('reviewed', 4, 'Facere reiciendis suscipit repellendus dolore fugit. Nihil libero corporis voluptatem.') WHERE ct_email = 'Hudson.Barrows@hotmail.com' AND pet_owner = 'Precious_Terry@yahoo.com' AND pet_name = 'Eloise' AND start_date = Date('2020-11-13T04:12:37.770Z') AND end_date = Date('2020-11-27T01:12:11.502Z');
INSERT INTO bid (ct_email, ct_price, start_date, end_date, is_cash, transport_method, pet_owner, pet_name, bid_status) VALUES ('Shanny_Koss60@yahoo.com', 19, '2020-11-28T01:12:11.502Z', '2020-11-30T00:30:36.696Z', true, 'pickup', 'Edmund_Sauer94@hotmail.com', 'Quinn', 'submitted');
INSERT INTO bid (ct_email, ct_price, start_date, end_date, is_cash, transport_method, pet_owner, pet_name, bid_status) VALUES ('Eda_Bailey@hotmail.com', 3, '2020-11-28T01:12:11.502Z', '2020-11-30T00:30:36.696Z', true, 'pickup', 'Ariane.Lueilwitz@gmail.com', 'Marcelo', 'submitted');
INSERT INTO bid (ct_email, ct_price, start_date, end_date, is_cash, transport_method, pet_owner, pet_name, bid_status) VALUES ('Juston.Walter36@gmail.com', 12, '2020-11-28T01:12:11.502Z', '2020-11-30T00:30:36.696Z', true, 'pickup', 'Lulu.DAmore@hotmail.com', 'Cathy', 'submitted');
INSERT INTO bid (ct_email, ct_price, start_date, end_date, is_cash, transport_method, pet_owner, pet_name, bid_status) VALUES ('Naomi_Ullrich@hotmail.com', 3, '2020-11-28T01:12:11.502Z', '2020-11-30T00:30:36.696Z', true, 'pcs', 'Maudie65@hotmail.com', 'Chanelle', 'submitted');
INSERT INTO bid (ct_email, ct_price, start_date, end_date, is_cash, transport_method, pet_owner, pet_name, bid_status) VALUES ('Ceasar_Nader3@gmail.com', 16, '2020-11-28T01:12:11.502Z', '2020-11-30T00:30:36.696Z', true, 'delivery', 'Garett_Sipes@yahoo.com', 'Alvah', 'submitted');
INSERT INTO bid (ct_email, ct_price, start_date, end_date, is_cash, transport_method, pet_owner, pet_name, bid_status) VALUES ('Bernard33@hotmail.com', 7, '2020-11-28T01:12:11.502Z', '2020-11-30T00:30:36.696Z', true, 'pickup', 'Winifred99@hotmail.com', 'Florian', 'submitted');
INSERT INTO bid (ct_email, ct_price, start_date, end_date, is_cash, transport_method, pet_owner, pet_name, bid_status) VALUES ('German_Ratke63@gmail.com', 3, '2020-11-28T01:12:11.502Z', '2020-11-30T00:30:36.696Z', true, 'delivery', 'Billy63@yahoo.com', 'Tabitha', 'submitted');
INSERT INTO bid (ct_email, ct_price, start_date, end_date, is_cash, transport_method, pet_owner, pet_name, bid_status) VALUES ('Blair_Gerhold@gmail.com', 3, '2020-11-28T01:12:11.502Z', '2020-11-30T00:30:36.696Z', true, 'pickup', 'Brycen45@hotmail.com', 'Demetris', 'submitted');
INSERT INTO bid (ct_email, ct_price, start_date, end_date, is_cash, transport_method, pet_owner, pet_name, bid_status) VALUES ('Antoinette34@yahoo.com', 16, '2020-11-28T01:12:11.502Z', '2020-11-30T00:30:36.696Z', true, 'delivery', 'Gina74@hotmail.com', 'Sammie', 'submitted');
INSERT INTO bid (ct_email, ct_price, start_date, end_date, is_cash, transport_method, pet_owner, pet_name, bid_status) VALUES ('Richmond.Kuhic@yahoo.com', 4, '2020-11-28T01:12:11.502Z', '2020-11-30T00:30:36.696Z', true, 'pickup', 'Pearline.Lemke85@gmail.com', 'Erika', 'submitted');
INSERT INTO bid (ct_email, ct_price, start_date, end_date, is_cash, transport_method, pet_owner, pet_name, bid_status) VALUES ('Kiel_Klocko13@hotmail.com', 15, '2020-11-28T01:12:11.502Z', '2020-11-30T00:30:36.696Z', true, 'pcs', 'Ronaldo_Kihn85@yahoo.com', 'Toy', 'submitted');
INSERT INTO bid (ct_email, ct_price, start_date, end_date, is_cash, transport_method, pet_owner, pet_name, bid_status) VALUES ('Maxine96@yahoo.com', 6, '2020-11-28T01:12:11.502Z', '2020-11-30T00:30:36.696Z', true, 'delivery', 'Flossie_Nader@hotmail.com', 'Robyn', 'submitted');
INSERT INTO bid (ct_email, ct_price, start_date, end_date, is_cash, transport_method, pet_owner, pet_name, bid_status) VALUES ('Jocelyn_Beer@gmail.com', 14, '2020-11-28T01:12:11.502Z', '2020-11-30T00:30:36.696Z', true, 'delivery', 'Claud_Bosco@hotmail.com', 'Jadyn', 'submitted');
INSERT INTO bid (ct_email, ct_price, start_date, end_date, is_cash, transport_method, pet_owner, pet_name, bid_status) VALUES ('Nedra_Hilll@gmail.com', 4, '2020-11-28T01:12:11.502Z', '2020-11-30T00:30:36.696Z', true, 'pcs', 'Kayleigh_Dickinson92@hotmail.com', 'Raquel', 'submitted');
INSERT INTO bid (ct_email, ct_price, start_date, end_date, is_cash, transport_method, pet_owner, pet_name, bid_status) VALUES ('Rodrigo.Hand59@yahoo.com', 6, '2020-11-28T01:12:11.502Z', '2020-11-30T00:30:36.696Z', true, 'pcs', 'Ressie7@hotmail.com', 'Elroy', 'submitted');
INSERT INTO bid (ct_email, ct_price, start_date, end_date, is_cash, transport_method, pet_owner, pet_name, bid_status) VALUES ('Lon47@yahoo.com', 4, '2020-11-28T01:12:11.502Z', '2020-11-30T00:30:36.696Z', true, 'pickup', 'Shea78@yahoo.com', 'Selina', 'submitted');
INSERT INTO bid (ct_email, ct_price, start_date, end_date, is_cash, transport_method, pet_owner, pet_name, bid_status) VALUES ('Elbert49@yahoo.com', 5, '2020-11-28T01:12:11.502Z', '2020-11-30T00:30:36.696Z', true, 'pcs', 'Savion.Cormier@gmail.com', 'Solon', 'submitted');
INSERT INTO bid (ct_email, ct_price, start_date, end_date, is_cash, transport_method, pet_owner, pet_name, bid_status) VALUES ('Vivien_Okuneva60@gmail.com', 15, '2020-11-28T01:12:11.502Z', '2020-11-30T00:30:36.696Z', true, 'delivery', 'Alexandrea96@gmail.com', 'Violette', 'submitted');
INSERT INTO bid (ct_email, ct_price, start_date, end_date, is_cash, transport_method, pet_owner, pet_name, bid_status) VALUES ('Gillian69@gmail.com', 1, '2020-11-28T01:12:11.502Z', '2020-11-30T00:30:36.696Z', true, 'delivery', 'Lucy_Grady26@yahoo.com', 'Albina', 'submitted');
INSERT INTO bid (ct_email, ct_price, start_date, end_date, is_cash, transport_method, pet_owner, pet_name, bid_status) VALUES ('Verna_Braun72@yahoo.com', 10, '2020-11-28T01:12:11.502Z', '2020-11-30T00:30:36.696Z', true, 'pickup', 'Billie.Pagac@yahoo.com', 'Abner', 'submitted');
INSERT INTO bid (ct_email, ct_price, start_date, end_date, is_cash, transport_method, pet_owner, pet_name, bid_status) VALUES ('Amber_Schmidt0@hotmail.com', 1, '2020-11-28T01:12:11.502Z', '2020-11-30T00:30:36.696Z', true, 'delivery', 'Viva_Lind65@gmail.com', 'Leilani', 'submitted');
INSERT INTO bid (ct_email, ct_price, start_date, end_date, is_cash, transport_method, pet_owner, pet_name, bid_status) VALUES ('Greta_OConnell25@hotmail.com', 13, '2020-11-28T01:12:11.502Z', '2020-11-30T00:30:36.696Z', true, 'pickup', 'Rahsaan88@yahoo.com', 'Hubert', 'submitted');
INSERT INTO bid (ct_email, ct_price, start_date, end_date, is_cash, transport_method, pet_owner, pet_name, bid_status) VALUES ('Willow91@hotmail.com', 16, '2020-11-28T01:12:11.502Z', '2020-11-30T00:30:36.696Z', true, 'pcs', 'Mauricio58@gmail.com', 'Emilia', 'submitted');
INSERT INTO bid (ct_email, ct_price, start_date, end_date, is_cash, transport_method, pet_owner, pet_name, bid_status) VALUES ('Edmund_Sauer94@hotmail.com', 7, '2020-11-28T01:12:11.502Z', '2020-11-30T00:30:36.696Z', true, 'pickup', 'Kylee.Bergnaum@hotmail.com', 'Humberto', 'submitted');
INSERT INTO bid (ct_email, ct_price, start_date, end_date, is_cash, transport_method, pet_owner, pet_name, bid_status) VALUES ('Jeffrey.Ebert@gmail.com', 19, '2020-11-28T01:12:11.502Z', '2020-11-30T00:30:36.696Z', true, 'pcs', 'Easton.Collier10@yahoo.com', 'Boyd', 'submitted');
INSERT INTO bid (ct_email, ct_price, start_date, end_date, is_cash, transport_method, pet_owner, pet_name, bid_status) VALUES ('Brant_Heidenreich81@hotmail.com', 1, '2020-11-28T01:12:11.502Z', '2020-11-30T00:30:36.696Z', true, 'pickup', 'Aurelio95@yahoo.com', 'Rosetta', 'submitted');
INSERT INTO bid (ct_email, ct_price, start_date, end_date, is_cash, transport_method, pet_owner, pet_name, bid_status) VALUES ('Anastacio_Rogahn1@yahoo.com', 0, '2020-11-28T01:12:11.502Z', '2020-11-30T00:30:36.696Z', true, 'pickup', 'Libby_Barrows@hotmail.com', 'Davin', 'submitted');
INSERT INTO bid (ct_email, ct_price, start_date, end_date, is_cash, transport_method, pet_owner, pet_name, bid_status) VALUES ('Dudley.Schaefer38@yahoo.com', 12, '2020-11-28T01:12:11.502Z', '2020-11-30T00:30:36.696Z', true, 'delivery', 'Aniyah95@yahoo.com', 'Paxton', 'submitted');
INSERT INTO bid (ct_email, ct_price, start_date, end_date, is_cash, transport_method, pet_owner, pet_name, bid_status) VALUES ('Hadley_Little28@hotmail.com', 1, '2020-11-28T01:12:11.502Z', '2020-11-30T00:30:36.696Z', true, 'pcs', 'Sydnee48@yahoo.com', 'Keeley', 'submitted');
INSERT INTO bid (ct_email, ct_price, start_date, end_date, is_cash, transport_method, pet_owner, pet_name, bid_status) VALUES ('Maude.Lesch@hotmail.com', 13, '2020-11-28T01:12:11.502Z', '2020-11-30T00:30:36.696Z', true, 'pickup', 'Joaquin.Wiegand@gmail.com', 'Alexis', 'submitted');
INSERT INTO bid (ct_email, ct_price, start_date, end_date, is_cash, transport_method, pet_owner, pet_name, bid_status) VALUES ('Callie10@gmail.com', 12, '2020-11-28T01:12:11.502Z', '2020-11-30T00:30:36.696Z', true, 'pcs', 'Eugene2@yahoo.com', 'Chyna', 'submitted');
INSERT INTO bid (ct_email, ct_price, start_date, end_date, is_cash, transport_method, pet_owner, pet_name, bid_status) VALUES ('Leilani_Schulist@yahoo.com', 2, '2020-11-28T01:12:11.502Z', '2020-11-30T00:30:36.696Z', true, 'pcs', 'Brianne_Breitenberg@hotmail.com', 'Kadin', 'submitted');
INSERT INTO bid (ct_email, ct_price, start_date, end_date, is_cash, transport_method, pet_owner, pet_name, bid_status) VALUES ('Keyon35@yahoo.com', 18, '2020-11-28T01:12:11.502Z', '2020-11-30T00:30:36.696Z', true, 'pickup', 'Estell28@yahoo.com', 'Laisha', 'submitted');
INSERT INTO bid (ct_email, ct_price, start_date, end_date, is_cash, transport_method, pet_owner, pet_name, bid_status) VALUES ('Virgil.Lueilwitz64@yahoo.com', 1, '2020-11-28T01:12:11.502Z', '2020-11-30T00:30:36.696Z', true, 'pcs', 'Eugene_Morissette30@yahoo.com', 'Furman', 'submitted');
INSERT INTO bid (ct_email, ct_price, start_date, end_date, is_cash, transport_method, pet_owner, pet_name, bid_status) VALUES ('Noah_Maggio64@yahoo.com', 5, '2020-11-28T01:12:11.502Z', '2020-11-30T00:30:36.696Z', true, 'pickup', 'Hadley_Little28@hotmail.com', 'Eleonore', 'submitted');
INSERT INTO bid (ct_email, ct_price, start_date, end_date, is_cash, transport_method, pet_owner, pet_name, bid_status) VALUES ('Arvid_Cummerata63@hotmail.com', 15, '2020-11-28T01:12:11.502Z', '2020-11-30T00:30:36.696Z', true, 'pcs', 'Vita23@yahoo.com', 'Michaela', 'submitted');
INSERT INTO bid (ct_email, ct_price, start_date, end_date, is_cash, transport_method, pet_owner, pet_name, bid_status) VALUES ('Rosanna.Rodriguez@gmail.com', 11, '2020-11-28T01:12:11.502Z', '2020-11-30T00:30:36.696Z', true, 'delivery', 'Dwight.Orn@hotmail.com', 'Constantin', 'submitted');
INSERT INTO bid (ct_email, ct_price, start_date, end_date, is_cash, transport_method, pet_owner, pet_name, bid_status) VALUES ('Aurelie.Muller77@gmail.com', 19, '2020-11-28T01:12:11.502Z', '2020-11-30T00:30:36.696Z', true, 'pickup', 'Ole85@gmail.com', 'Joy', 'submitted');
INSERT INTO bid (ct_email, ct_price, start_date, end_date, is_cash, transport_method, pet_owner, pet_name, bid_status) VALUES ('Angus.Doyle@yahoo.com', 15, '2020-11-28T01:12:11.502Z', '2020-11-30T00:30:36.696Z', true, 'pickup', 'Reva.Crist@gmail.com', 'Claud', 'submitted');
INSERT INTO bid (ct_email, ct_price, start_date, end_date, is_cash, transport_method, pet_owner, pet_name, bid_status) VALUES ('Amelie_Bahringer@yahoo.com', 10, '2020-11-28T01:12:11.502Z', '2020-11-30T00:30:36.696Z', true, 'pickup', 'Loy85@gmail.com', 'Vladimir', 'submitted');
INSERT INTO bid (ct_email, ct_price, start_date, end_date, is_cash, transport_method, pet_owner, pet_name, bid_status) VALUES ('Hardy.Terry@gmail.com', 15, '2020-11-28T01:12:11.502Z', '2020-11-30T00:30:36.696Z', true, 'delivery', 'Jack31@gmail.com', 'Krystina', 'submitted');
INSERT INTO bid (ct_email, ct_price, start_date, end_date, is_cash, transport_method, pet_owner, pet_name, bid_status) VALUES ('Luella85@gmail.com', 10, '2020-11-28T01:12:11.502Z', '2020-11-30T00:30:36.696Z', true, 'pickup', 'Webster21@hotmail.com', 'Nakia', 'submitted');
INSERT INTO bid (ct_email, ct_price, start_date, end_date, is_cash, transport_method, pet_owner, pet_name, bid_status) VALUES ('Cyril58@gmail.com', 0, '2020-11-28T01:12:11.502Z', '2020-11-30T00:30:36.696Z', true, 'pcs', 'Mario.Welch13@hotmail.com', 'Leta', 'submitted');
INSERT INTO bid (ct_email, ct_price, start_date, end_date, is_cash, transport_method, pet_owner, pet_name, bid_status) VALUES ('Chase24@gmail.com', 16, '2020-11-28T01:12:11.502Z', '2020-11-30T00:30:36.696Z', true, 'delivery', 'Arturo92@yahoo.com', 'Thelma', 'submitted');
INSERT INTO bid (ct_email, ct_price, start_date, end_date, is_cash, transport_method, pet_owner, pet_name, bid_status) VALUES ('Amya_Jaskolski15@yahoo.com', 8, '2020-11-28T01:12:11.502Z', '2020-11-30T00:30:36.696Z', true, 'delivery', 'Edmund_Sauer94@hotmail.com', 'Jordy', 'submitted');
INSERT INTO bid (ct_email, ct_price, start_date, end_date, is_cash, transport_method, pet_owner, pet_name, bid_status) VALUES ('Broderick.Abernathy@gmail.com', 11, '2020-11-28T01:12:11.502Z', '2020-11-30T00:30:36.696Z', true, 'pcs', 'Marietta37@gmail.com', 'Jaydon', 'submitted');
INSERT INTO bid (ct_email, ct_price, start_date, end_date, is_cash, transport_method, pet_owner, pet_name, bid_status) VALUES ('Katlynn.Will@gmail.com', 12, '2020-11-28T01:12:11.502Z', '2020-11-30T00:30:36.696Z', true, 'pickup', 'Gertrude.Kerluke@yahoo.com', 'Laury', 'submitted');
INSERT INTO bid (ct_email, ct_price, start_date, end_date, is_cash, transport_method, pet_owner, pet_name, bid_status) VALUES ('Kyleigh.Nicolas32@gmail.com', 7, '2020-11-28T01:12:11.502Z', '2020-11-30T00:30:36.696Z', true, 'pcs', 'Gia92@gmail.com', 'Ashleigh', 'submitted');
INSERT INTO bid (ct_email, ct_price, start_date, end_date, is_cash, transport_method, pet_owner, pet_name, bid_status) VALUES ('Dominic.Senger@yahoo.com', 19, '2020-11-28T01:12:11.502Z', '2020-11-30T00:30:36.696Z', true, 'delivery', 'Katlynn.Will@gmail.com', 'Myrtice', 'submitted');
INSERT INTO bid (ct_email, ct_price, start_date, end_date, is_cash, transport_method, pet_owner, pet_name, bid_status) VALUES ('Yessenia.Little@gmail.com', 0, '2020-11-28T01:12:11.502Z', '2020-11-30T00:30:36.696Z', true, 'pickup', 'Madisen28@hotmail.com', 'Miracle', 'submitted');
INSERT INTO bid (ct_email, ct_price, start_date, end_date, is_cash, transport_method, pet_owner, pet_name, bid_status) VALUES ('Fermin89@hotmail.com', 2, '2020-11-28T01:12:11.502Z', '2020-11-30T00:30:36.696Z', true, 'pcs', 'Dovie39@hotmail.com', 'Katelyn', 'submitted');
INSERT INTO bid (ct_email, ct_price, start_date, end_date, is_cash, transport_method, pet_owner, pet_name, bid_status) VALUES ('Kellen70@gmail.com', 11, '2020-11-28T01:12:11.502Z', '2020-11-30T00:30:36.696Z', true, 'delivery', 'Zechariah65@hotmail.com', 'Petra', 'submitted');
INSERT INTO bid (ct_email, ct_price, start_date, end_date, is_cash, transport_method, pet_owner, pet_name, bid_status) VALUES ('Andreane_Boyer83@gmail.com', 3, '2020-11-28T01:12:11.502Z', '2020-11-30T00:30:36.696Z', true, 'pickup', 'Jason76@yahoo.com', 'Jackie', 'submitted');
INSERT INTO bid (ct_email, ct_price, start_date, end_date, is_cash, transport_method, pet_owner, pet_name, bid_status) VALUES ('Hallie65@yahoo.com', 2, '2020-11-28T01:12:11.502Z', '2020-11-30T00:30:36.696Z', true, 'pickup', 'Nella91@yahoo.com', 'Virgil', 'submitted');
INSERT INTO bid (ct_email, ct_price, start_date, end_date, is_cash, transport_method, pet_owner, pet_name, bid_status) VALUES ('Charles.Zemlak67@gmail.com', 5, '2020-11-28T01:12:11.502Z', '2020-11-30T00:30:36.696Z', true, 'pcs', 'Magali_Wiza@gmail.com', 'Kennedy', 'submitted');
INSERT INTO bid (ct_email, ct_price, start_date, end_date, is_cash, transport_method, pet_owner, pet_name, bid_status) VALUES ('Jaron.Cassin@gmail.com', 16, '2020-11-28T01:12:11.502Z', '2020-11-30T00:30:36.696Z', true, 'pickup', 'Lucy_Grady26@yahoo.com', 'Nyasia', 'submitted');
INSERT INTO bid (ct_email, ct_price, start_date, end_date, is_cash, transport_method, pet_owner, pet_name, bid_status) VALUES ('Delfina61@gmail.com', 8, '2020-11-28T01:12:11.502Z', '2020-11-30T00:30:36.696Z', true, 'pcs', 'Lysanne_Wolff11@hotmail.com', 'Oscar', 'submitted');
INSERT INTO bid (ct_email, ct_price, start_date, end_date, is_cash, transport_method, pet_owner, pet_name, bid_status) VALUES ('Kathlyn_Rowe21@yahoo.com', 17, '2020-11-28T01:12:11.502Z', '2020-11-30T00:30:36.696Z', true, 'delivery', 'Iva38@yahoo.com', 'Cathryn', 'submitted');
INSERT INTO bid (ct_email, ct_price, start_date, end_date, is_cash, transport_method, pet_owner, pet_name, bid_status) VALUES ('Eleazar.Rogahn62@yahoo.com', 12, '2020-11-28T01:12:11.502Z', '2020-11-30T00:30:36.696Z', true, 'pcs', 'Jaycee96@gmail.com', 'Cordia', 'submitted');
INSERT INTO bid (ct_email, ct_price, start_date, end_date, is_cash, transport_method, pet_owner, pet_name, bid_status) VALUES ('Frida4@hotmail.com', 8, '2020-11-28T01:12:11.502Z', '2020-11-30T00:30:36.696Z', true, 'pickup', 'Lillian61@hotmail.com', 'Aniya', 'submitted');
INSERT INTO bid (ct_email, ct_price, start_date, end_date, is_cash, transport_method, pet_owner, pet_name, bid_status) VALUES ('Katherine.Halvorson32@yahoo.com', 13, '2020-11-28T01:12:11.502Z', '2020-11-30T00:30:36.696Z', true, 'delivery', 'Vern.Effertz58@yahoo.com', 'Maryse', 'submitted');
INSERT INTO bid (ct_email, ct_price, start_date, end_date, is_cash, transport_method, pet_owner, pet_name, bid_status) VALUES ('Alverta.Zulauf@yahoo.com', 13, '2020-11-28T01:12:11.502Z', '2020-11-30T00:30:36.696Z', true, 'pickup', 'Carmela.Flatley@gmail.com', 'Camryn', 'submitted');
INSERT INTO bid (ct_email, ct_price, start_date, end_date, is_cash, transport_method, pet_owner, pet_name, bid_status) VALUES ('Madisen_Reichel@yahoo.com', 18, '2020-11-28T01:12:11.502Z', '2020-11-30T00:30:36.696Z', true, 'pickup', 'Blaze.Zulauf@gmail.com', 'Courtney', 'submitted');
INSERT INTO bid (ct_email, ct_price, start_date, end_date, is_cash, transport_method, pet_owner, pet_name, bid_status) VALUES ('Thad.King59@yahoo.com', 6, '2020-11-28T01:12:11.502Z', '2020-11-30T00:30:36.696Z', true, 'pcs', 'Gisselle_Marvin4@gmail.com', 'Gillian', 'submitted');
INSERT INTO bid (ct_email, ct_price, start_date, end_date, is_cash, transport_method, pet_owner, pet_name, bid_status) VALUES ('Cecilia_Nikolaus35@yahoo.com', 9, '2020-11-28T01:12:11.502Z', '2020-11-30T00:30:36.696Z', true, 'pcs', 'Cole.Kohler@hotmail.com', 'Jayda', 'submitted');
INSERT INTO bid (ct_email, ct_price, start_date, end_date, is_cash, transport_method, pet_owner, pet_name, bid_status) VALUES ('Emmy_Jacobi86@gmail.com', 19, '2020-11-28T01:12:11.502Z', '2020-11-30T00:30:36.696Z', true, 'pickup', 'Faye89@yahoo.com', 'Micah', 'submitted');
INSERT INTO bid (ct_email, ct_price, start_date, end_date, is_cash, transport_method, pet_owner, pet_name, bid_status) VALUES ('Kody.Beatty40@gmail.com', 19, '2020-11-28T01:12:11.502Z', '2020-11-30T00:30:36.696Z', true, 'pickup', 'Viva_Lind65@gmail.com', 'Effie', 'submitted');
INSERT INTO bid (ct_email, ct_price, start_date, end_date, is_cash, transport_method, pet_owner, pet_name, bid_status) VALUES ('Julia87@hotmail.com', 5, '2020-11-28T01:12:11.502Z', '2020-11-30T00:30:36.696Z', true, 'pickup', 'Immanuel_Hilll3@yahoo.com', 'Lyric', 'submitted');
INSERT INTO bid (ct_email, ct_price, start_date, end_date, is_cash, transport_method, pet_owner, pet_name, bid_status) VALUES ('Keshaun.Morar93@yahoo.com', 18, '2020-11-28T01:12:11.502Z', '2020-11-30T00:30:36.696Z', true, 'pickup', 'Xavier_Adams@yahoo.com', 'Presley', 'submitted');
INSERT INTO bid (ct_email, ct_price, start_date, end_date, is_cash, transport_method, pet_owner, pet_name, bid_status) VALUES ('Breana.Kuhn@gmail.com', 12, '2020-11-28T01:12:11.502Z', '2020-11-30T00:30:36.696Z', true, 'delivery', 'Loy85@gmail.com', 'Wilford', 'submitted');
INSERT INTO bid (ct_email, ct_price, start_date, end_date, is_cash, transport_method, pet_owner, pet_name, bid_status) VALUES ('Aglae.Marquardt3@gmail.com', 3, '2020-11-28T01:12:11.502Z', '2020-11-30T00:30:36.696Z', true, 'pickup', 'Jeffrey.Ebert@gmail.com', 'Lavinia', 'submitted');
INSERT INTO bid (ct_email, ct_price, start_date, end_date, is_cash, transport_method, pet_owner, pet_name, bid_status) VALUES ('Lulu.DAmore@hotmail.com', 2, '2020-11-28T01:12:11.502Z', '2020-11-30T00:30:36.696Z', true, 'pcs', 'Shanny_Koss60@yahoo.com', 'Jaclyn', 'submitted');
INSERT INTO bid (ct_email, ct_price, start_date, end_date, is_cash, transport_method, pet_owner, pet_name, bid_status) VALUES ('Franco_Schuster78@hotmail.com', 0, '2020-11-28T01:12:11.502Z', '2020-11-30T00:30:36.696Z', true, 'delivery', 'Rudy51@yahoo.com', 'Darby', 'submitted');
INSERT INTO bid (ct_email, ct_price, start_date, end_date, is_cash, transport_method, pet_owner, pet_name, bid_status) VALUES ('Jude_Bode@hotmail.com', 10, '2020-11-28T01:12:11.502Z', '2020-11-30T00:30:36.696Z', true, 'pickup', 'Dianna67@hotmail.com', 'Cayla', 'submitted');
INSERT INTO bid (ct_email, ct_price, start_date, end_date, is_cash, transport_method, pet_owner, pet_name, bid_status) VALUES ('Maribel_Deckow35@hotmail.com', 2, '2020-11-28T01:12:11.502Z', '2020-11-30T00:30:36.696Z', true, 'pickup', 'Celestino.Wuckert20@hotmail.com', 'Reymundo', 'submitted');
INSERT INTO bid (ct_email, ct_price, start_date, end_date, is_cash, transport_method, pet_owner, pet_name, bid_status) VALUES ('Cleora_Fritsch89@hotmail.com', 16, '2020-11-28T01:12:11.502Z', '2020-11-30T00:30:36.696Z', true, 'delivery', 'Matteo89@gmail.com', 'Leonie', 'submitted');
INSERT INTO bid (ct_email, ct_price, start_date, end_date, is_cash, transport_method, pet_owner, pet_name, bid_status) VALUES ('Shane_Harber53@yahoo.com', 8, '2020-11-28T01:12:11.502Z', '2020-11-30T00:30:36.696Z', true, 'pickup', 'Ole85@gmail.com', 'Barney', 'submitted');
INSERT INTO bid (ct_email, ct_price, start_date, end_date, is_cash, transport_method, pet_owner, pet_name, bid_status) VALUES ('Aubrey21@hotmail.com', 10, '2020-11-28T01:12:11.502Z', '2020-11-30T00:30:36.696Z', true, 'pickup', 'Geovanni3@yahoo.com', 'Javonte', 'submitted');
INSERT INTO bid (ct_email, ct_price, start_date, end_date, is_cash, transport_method, pet_owner, pet_name, bid_status) VALUES ('Claire.Considine@hotmail.com', 9, '2020-11-28T01:12:11.502Z', '2020-11-30T00:30:36.696Z', true, 'pcs', 'Andre34@yahoo.com', 'Christine', 'submitted');
INSERT INTO bid (ct_email, ct_price, start_date, end_date, is_cash, transport_method, pet_owner, pet_name, bid_status) VALUES ('Abbey.Stanton@gmail.com', 14, '2020-11-28T01:12:11.502Z', '2020-11-30T00:30:36.696Z', true, 'delivery', 'Madeline.Schowalter4@yahoo.com', 'Susanna', 'submitted');
INSERT INTO bid (ct_email, ct_price, start_date, end_date, is_cash, transport_method, pet_owner, pet_name, bid_status) VALUES ('Jayson_Homenick@gmail.com', 6, '2020-11-28T01:12:11.502Z', '2020-11-30T00:30:36.696Z', true, 'delivery', 'Sarah39@hotmail.com', 'Cristal', 'submitted');
INSERT INTO bid (ct_email, ct_price, start_date, end_date, is_cash, transport_method, pet_owner, pet_name, bid_status) VALUES ('Jason_Harris@hotmail.com', 11, '2020-11-28T01:12:11.502Z', '2020-11-30T00:30:36.696Z', true, 'delivery', 'Clinton42@gmail.com', 'Makayla', 'submitted');
INSERT INTO bid (ct_email, ct_price, start_date, end_date, is_cash, transport_method, pet_owner, pet_name, bid_status) VALUES ('Manley95@hotmail.com', 13, '2020-11-28T01:12:11.502Z', '2020-11-30T00:30:36.696Z', true, 'delivery', 'Bella71@hotmail.com', 'Claudine', 'submitted');
INSERT INTO bid (ct_email, ct_price, start_date, end_date, is_cash, transport_method, pet_owner, pet_name, bid_status) VALUES ('Jana88@hotmail.com', 5, '2020-11-28T01:12:11.502Z', '2020-11-30T00:30:36.696Z', true, 'pickup', 'Nikolas_Torp90@gmail.com', 'Angus', 'submitted');
INSERT INTO bid (ct_email, ct_price, start_date, end_date, is_cash, transport_method, pet_owner, pet_name, bid_status) VALUES ('Wendell82@hotmail.com', 6, '2020-11-28T01:12:11.502Z', '2020-11-30T00:30:36.696Z', true, 'pickup', 'Jake9@gmail.com', 'Keith', 'submitted');
INSERT INTO bid (ct_email, ct_price, start_date, end_date, is_cash, transport_method, pet_owner, pet_name, bid_status) VALUES ('Jamison31@gmail.com', 5, '2020-11-28T01:12:11.502Z', '2020-11-30T00:30:36.696Z', true, 'pickup', 'Shaniya_Towne@yahoo.com', 'Hoyt', 'submitted');
INSERT INTO bid (ct_email, ct_price, start_date, end_date, is_cash, transport_method, pet_owner, pet_name, bid_status) VALUES ('Kelley32@gmail.com', 7, '2020-11-28T01:12:11.502Z', '2020-11-30T00:30:36.696Z', true, 'pcs', 'Selena.Flatley98@gmail.com', 'Noe', 'submitted');
INSERT INTO bid (ct_email, ct_price, start_date, end_date, is_cash, transport_method, pet_owner, pet_name, bid_status) VALUES ('Keeley52@yahoo.com', 16, '2020-11-28T01:12:11.502Z', '2020-11-30T00:30:36.696Z', true, 'pcs', 'Orrin8@yahoo.com', 'Koby', 'submitted');
INSERT INTO bid (ct_email, ct_price, start_date, end_date, is_cash, transport_method, pet_owner, pet_name, bid_status) VALUES ('Abelardo_Kozey12@gmail.com', 7, '2020-11-28T01:12:11.502Z', '2020-11-30T00:30:36.696Z', true, 'pcs', 'Jess.Fadel73@hotmail.com', 'Ruthe', 'submitted');
INSERT INTO bid (ct_email, ct_price, start_date, end_date, is_cash, transport_method, pet_owner, pet_name, bid_status) VALUES ('Ashlynn.Welch11@gmail.com', 3, '2020-11-28T01:12:11.502Z', '2020-11-30T00:30:36.696Z', true, 'pcs', 'Dovie39@hotmail.com', 'Mohammad', 'submitted');
INSERT INTO bid (ct_email, ct_price, start_date, end_date, is_cash, transport_method, pet_owner, pet_name, bid_status) VALUES ('Art39@gmail.com', 16, '2020-11-28T01:12:11.502Z', '2020-11-30T00:30:36.696Z', true, 'delivery', 'Mona_Rohan@hotmail.com', 'Carlotta', 'submitted');
INSERT INTO bid (ct_email, ct_price, start_date, end_date, is_cash, transport_method, pet_owner, pet_name, bid_status) VALUES ('Queen.Wilderman71@hotmail.com', 7, '2020-11-28T01:12:11.502Z', '2020-11-30T00:30:36.696Z', true, 'pickup', 'Araceli_Herzog64@yahoo.com', 'Mason', 'submitted');
INSERT INTO bid (ct_email, ct_price, start_date, end_date, is_cash, transport_method, pet_owner, pet_name, bid_status) VALUES ('Katarina41@gmail.com', 9, '2020-11-28T01:12:11.502Z', '2020-11-30T00:30:36.696Z', true, 'delivery', 'Brycen80@yahoo.com', 'Vernie', 'submitted');
INSERT INTO bid (ct_email, ct_price, start_date, end_date, is_cash, transport_method, pet_owner, pet_name, bid_status) VALUES ('Sheila.Towne49@yahoo.com', 2, '2020-11-28T01:12:11.502Z', '2020-11-30T00:30:36.696Z', true, 'delivery', 'Oral73@yahoo.com', 'Georgiana', 'submitted');
INSERT INTO bid (ct_email, ct_price, start_date, end_date, is_cash, transport_method, pet_owner, pet_name, bid_status) VALUES ('April21@hotmail.com', 1, '2020-11-28T01:12:11.502Z', '2020-11-30T00:30:36.696Z', true, 'delivery', 'Dudley.Schaefer38@yahoo.com', 'Easter', 'submitted');
INSERT INTO bid (ct_email, ct_price, start_date, end_date, is_cash, transport_method, pet_owner, pet_name, bid_status) VALUES ('Amya34@gmail.com', 12, '2020-11-28T01:12:11.502Z', '2020-11-30T00:30:36.696Z', true, 'delivery', 'Flavie.West@gmail.com', 'Yesenia', 'submitted');
INSERT INTO bid (ct_email, ct_price, start_date, end_date, is_cash, transport_method, pet_owner, pet_name, bid_status) VALUES ('Cleta.Kiehn41@gmail.com', 18, '2020-11-28T01:12:11.502Z', '2020-11-30T00:30:36.696Z', true, 'pcs', 'Augusta_Emmerich72@hotmail.com', 'Cloyd', 'submitted');
INSERT INTO bid (ct_email, ct_price, start_date, end_date, is_cash, transport_method, pet_owner, pet_name, bid_status) VALUES ('Clare_Senger@yahoo.com', 19, '2020-11-28T01:12:11.502Z', '2020-11-30T00:30:36.696Z', true, 'delivery', 'Logan.Hettinger@yahoo.com', 'Trent', 'submitted');
INSERT INTO bid (ct_email, ct_price, start_date, end_date, is_cash, transport_method, pet_owner, pet_name, bid_status) VALUES ('Jerrell.Senger@hotmail.com', 13, '2020-11-28T01:12:11.502Z', '2020-11-30T00:30:36.696Z', true, 'delivery', 'Cole.Kohler@hotmail.com', 'Mallie', 'submitted');
INSERT INTO bid (ct_email, ct_price, start_date, end_date, is_cash, transport_method, pet_owner, pet_name, bid_status) VALUES ('Tyshawn44@yahoo.com', 14, '2020-11-28T01:12:11.502Z', '2020-11-30T00:30:36.696Z', true, 'pcs', 'Geovanni3@yahoo.com', 'Jairo', 'submitted');
INSERT INTO bid (ct_email, ct_price, start_date, end_date, is_cash, transport_method, pet_owner, pet_name, bid_status) VALUES ('Gerardo78@yahoo.com', 18, '2020-11-28T01:12:11.502Z', '2020-11-30T00:30:36.696Z', true, 'pcs', 'Precious_Terry@yahoo.com', 'Eloise', 'submitted');
INSERT INTO bid (ct_email, ct_price, start_date, end_date, is_cash, transport_method, pet_owner, pet_name, bid_status) VALUES ('Sandrine.Hackett67@gmail.com', 7, '2020-11-28T01:12:11.502Z', '2020-11-30T00:30:36.696Z', true, 'pcs', 'Clay_Wuckert@yahoo.com', 'Georgette', 'submitted');
INSERT INTO bid (ct_email, ct_price, start_date, end_date, is_cash, transport_method, pet_owner, pet_name, bid_status) VALUES ('Rudolph17@hotmail.com', 8, '2020-11-28T01:12:11.502Z', '2020-11-30T00:30:36.696Z', true, 'pickup', 'Cassandra29@yahoo.com', 'Lamar', 'submitted');
INSERT INTO bid (ct_email, ct_price, start_date, end_date, is_cash, transport_method, pet_owner, pet_name, bid_status) VALUES ('Nickolas23@gmail.com', 8, '2020-11-28T01:12:11.502Z', '2020-11-30T00:30:36.696Z', true, 'pcs', 'Abdul.Greenholt@yahoo.com', 'Emile', 'submitted');
INSERT INTO bid (ct_email, ct_price, start_date, end_date, is_cash, transport_method, pet_owner, pet_name, bid_status) VALUES ('Marjolaine26@gmail.com', 4, '2020-11-28T01:12:11.502Z', '2020-11-30T00:30:36.696Z', true, 'pickup', 'Keyon35@yahoo.com', 'Kieran', 'submitted');
INSERT INTO bid (ct_email, ct_price, start_date, end_date, is_cash, transport_method, pet_owner, pet_name, bid_status) VALUES ('Barbara_Shanahan14@gmail.com', 14, '2020-11-28T01:12:11.502Z', '2020-11-30T00:30:36.696Z', true, 'pcs', 'Arely.Denesik80@hotmail.com', 'August', 'submitted');
INSERT INTO bid (ct_email, ct_price, start_date, end_date, is_cash, transport_method, pet_owner, pet_name, bid_status) VALUES ('Amy30@yahoo.com', 4, '2020-11-28T01:12:11.502Z', '2020-11-30T00:30:36.696Z', true, 'delivery', 'Alena_Johns@hotmail.com', 'Sam', 'submitted');
INSERT INTO bid (ct_email, ct_price, start_date, end_date, is_cash, transport_method, pet_owner, pet_name, bid_status) VALUES ('Precious_Terry@yahoo.com', 1, '2020-11-28T01:12:11.502Z', '2020-11-30T00:30:36.696Z', true, 'delivery', 'Lizeth_Auer23@yahoo.com', 'Lolita', 'submitted');
INSERT INTO bid (ct_email, ct_price, start_date, end_date, is_cash, transport_method, pet_owner, pet_name, bid_status) VALUES ('Kasandra.Yundt96@yahoo.com', 15, '2020-11-28T01:12:11.502Z', '2020-11-30T00:30:36.696Z', true, 'delivery', 'Hallie_Wiegand7@hotmail.com', 'Brody', 'submitted');
INSERT INTO bid (ct_email, ct_price, start_date, end_date, is_cash, transport_method, pet_owner, pet_name, bid_status) VALUES ('Kathryne_Wilderman@gmail.com', 5, '2020-11-28T01:12:11.502Z', '2020-11-30T00:30:36.696Z', true, 'pcs', 'Gwendolyn_Denesik64@hotmail.com', 'Furman', 'submitted');
INSERT INTO bid (ct_email, ct_price, start_date, end_date, is_cash, transport_method, pet_owner, pet_name, bid_status) VALUES ('Hilton.Jakubowski@yahoo.com', 2, '2020-11-28T01:12:11.502Z', '2020-11-30T00:30:36.696Z', true, 'delivery', 'Jaydon.Hyatt@gmail.com', 'Chance', 'submitted');
INSERT INTO bid (ct_email, ct_price, start_date, end_date, is_cash, transport_method, pet_owner, pet_name, bid_status) VALUES ('Josiane_Hyatt@gmail.com', 7, '2020-11-28T01:12:11.502Z', '2020-11-30T00:30:36.696Z', true, 'pcs', 'Jerod.Brakus2@gmail.com', 'Astrid', 'submitted');
INSERT INTO bid (ct_email, ct_price, start_date, end_date, is_cash, transport_method, pet_owner, pet_name, bid_status) VALUES ('Timothy64@hotmail.com', 3, '2020-11-28T01:12:11.502Z', '2020-11-30T00:30:36.696Z', true, 'delivery', 'Stephania_Hodkiewicz72@hotmail.com', 'Edison', 'submitted');
INSERT INTO bid (ct_email, ct_price, start_date, end_date, is_cash, transport_method, pet_owner, pet_name, bid_status) VALUES ('Lourdes_Krajcik@gmail.com', 19, '2020-11-28T01:12:11.502Z', '2020-11-30T00:30:36.696Z', true, 'pcs', 'Adrienne97@gmail.com', 'Xavier', 'submitted');
INSERT INTO bid (ct_email, ct_price, start_date, end_date, is_cash, transport_method, pet_owner, pet_name, bid_status) VALUES ('Neal.Schuster67@hotmail.com', 1, '2020-11-28T01:12:11.502Z', '2020-11-30T00:30:36.696Z', true, 'pickup', 'Alexzander94@yahoo.com', 'Selina', 'submitted');
INSERT INTO bid (ct_email, ct_price, start_date, end_date, is_cash, transport_method, pet_owner, pet_name, bid_status) VALUES ('Heidi_Smith5@gmail.com', 13, '2020-11-28T01:12:11.502Z', '2020-11-30T00:30:36.696Z', true, 'delivery', 'Immanuel_Hilll3@yahoo.com', 'Helena', 'submitted');
INSERT INTO bid (ct_email, ct_price, start_date, end_date, is_cash, transport_method, pet_owner, pet_name, bid_status) VALUES ('Justyn.Heidenreich18@hotmail.com', 16, '2020-11-28T01:12:11.502Z', '2020-11-30T00:30:36.696Z', true, 'pcs', 'Lillian61@hotmail.com', 'Mozell', 'submitted');
INSERT INTO bid (ct_email, ct_price, start_date, end_date, is_cash, transport_method, pet_owner, pet_name, bid_status) VALUES ('Noe.Larson@gmail.com', 2, '2020-11-28T01:12:11.502Z', '2020-11-30T00:30:36.696Z', true, 'pcs', 'Lance.Herman@gmail.com', 'Brooklyn', 'submitted');
INSERT INTO bid (ct_email, ct_price, start_date, end_date, is_cash, transport_method, pet_owner, pet_name, bid_status) VALUES ('Madelyn21@yahoo.com', 2, '2020-11-28T01:12:11.502Z', '2020-11-30T00:30:36.696Z', true, 'pickup', 'Willie.Harvey7@yahoo.com', 'Dion', 'submitted');
INSERT INTO bid (ct_email, ct_price, start_date, end_date, is_cash, transport_method, pet_owner, pet_name, bid_status) VALUES ('Zula_Mayer88@hotmail.com', 2, '2020-11-28T01:12:11.502Z', '2020-11-30T00:30:36.696Z', true, 'delivery', 'Chadd25@gmail.com', 'Frida', 'submitted');
INSERT INTO bid (ct_email, ct_price, start_date, end_date, is_cash, transport_method, pet_owner, pet_name, bid_status) VALUES ('Jess.Fadel73@hotmail.com', 12, '2020-11-28T01:12:11.502Z', '2020-11-30T00:30:36.696Z', true, 'delivery', 'Jaycee96@gmail.com', 'Titus', 'submitted');
INSERT INTO bid (ct_email, ct_price, start_date, end_date, is_cash, transport_method, pet_owner, pet_name, bid_status) VALUES ('Hillard94@yahoo.com', 11, '2020-11-28T01:12:11.502Z', '2020-11-30T00:30:36.696Z', true, 'delivery', 'Gardner_Balistreri32@yahoo.com', 'Marlin', 'submitted');
INSERT INTO bid (ct_email, ct_price, start_date, end_date, is_cash, transport_method, pet_owner, pet_name, bid_status) VALUES ('Jaycee96@gmail.com', 19, '2020-11-28T01:12:11.502Z', '2020-11-30T00:30:36.696Z', true, 'delivery', 'Camilla14@yahoo.com', 'Asa', 'submitted');
INSERT INTO bid (ct_email, ct_price, start_date, end_date, is_cash, transport_method, pet_owner, pet_name, bid_status) VALUES ('Herbert_Hamill10@yahoo.com', 17, '2020-11-28T01:12:11.502Z', '2020-11-30T00:30:36.696Z', true, 'pickup', 'Isaiah.Corwin49@gmail.com', 'Margie', 'submitted');
INSERT INTO bid (ct_email, ct_price, start_date, end_date, is_cash, transport_method, pet_owner, pet_name, bid_status) VALUES ('Reva.Crist@gmail.com', 12, '2020-11-28T01:12:11.502Z', '2020-11-30T00:30:36.696Z', true, 'pickup', 'Kaya.Kassulke@gmail.com', 'Rylan', 'submitted');
INSERT INTO bid (ct_email, ct_price, start_date, end_date, is_cash, transport_method, pet_owner, pet_name, bid_status) VALUES ('Damon.Monahan@yahoo.com', 10, '2020-11-28T01:12:11.502Z', '2020-11-30T00:30:36.696Z', true, 'pickup', 'Demetris91@gmail.com', 'Lora', 'submitted');
INSERT INTO bid (ct_email, ct_price, start_date, end_date, is_cash, transport_method, pet_owner, pet_name, bid_status) VALUES ('Carmine_OKon@gmail.com', 12, '2020-11-28T01:12:11.502Z', '2020-11-30T00:30:36.696Z', true, 'pickup', 'Kathryne_Wilderman@gmail.com', 'Adelbert', 'submitted');
INSERT INTO bid (ct_email, ct_price, start_date, end_date, is_cash, transport_method, pet_owner, pet_name, bid_status) VALUES ('Theo.Hackett@gmail.com', 10, '2020-11-28T01:12:11.502Z', '2020-11-30T00:30:36.696Z', true, 'delivery', 'Beth_Farrell87@hotmail.com', 'Kira', 'submitted');
INSERT INTO bid (ct_email, ct_price, start_date, end_date, is_cash, transport_method, pet_owner, pet_name, bid_status) VALUES ('Bryon_Casper@gmail.com', 12, '2020-11-28T01:12:11.502Z', '2020-11-30T00:30:36.696Z', true, 'delivery', 'Malachi_OKeefe@hotmail.com', 'Alison', 'submitted');
INSERT INTO bid (ct_email, ct_price, start_date, end_date, is_cash, transport_method, pet_owner, pet_name, bid_status) VALUES ('Adrian28@hotmail.com', 18, '2020-11-28T01:12:11.502Z', '2020-11-30T00:30:36.696Z', true, 'pickup', 'Tatum.Windler@hotmail.com', 'Karolann', 'submitted');
INSERT INTO bid (ct_email, ct_price, start_date, end_date, is_cash, transport_method, pet_owner, pet_name, bid_status) VALUES ('Abbigail_Spencer@yahoo.com', 14, '2020-11-28T01:12:11.502Z', '2020-11-30T00:30:36.696Z', true, 'pcs', 'Van_Price36@gmail.com', 'Zakary', 'submitted');
INSERT INTO bid (ct_email, ct_price, start_date, end_date, is_cash, transport_method, pet_owner, pet_name, bid_status) VALUES ('Adrienne97@gmail.com', 4, '2020-11-28T01:12:11.502Z', '2020-11-30T00:30:36.696Z', true, 'delivery', 'Ila23@yahoo.com', 'Braxton', 'submitted');
INSERT INTO bid (ct_email, ct_price, start_date, end_date, is_cash, transport_method, pet_owner, pet_name, bid_status) VALUES ('Ryan_Glover@gmail.com', 9, '2020-11-28T01:12:11.502Z', '2020-11-30T00:30:36.696Z', true, 'pcs', 'Jayden_Green@hotmail.com', 'Niko', 'submitted');
INSERT INTO bid (ct_email, ct_price, start_date, end_date, is_cash, transport_method, pet_owner, pet_name, bid_status) VALUES ('Janae.Kunze55@hotmail.com', 2, '2020-11-28T01:12:11.502Z', '2020-11-30T00:30:36.696Z', true, 'delivery', 'Tressie78@gmail.com', 'Ayden', 'submitted');
INSERT INTO bid (ct_email, ct_price, start_date, end_date, is_cash, transport_method, pet_owner, pet_name, bid_status) VALUES ('Maegan.Cole@gmail.com', 14, '2020-11-28T01:12:11.502Z', '2020-11-30T00:30:36.696Z', true, 'pickup', 'Aubrey21@hotmail.com', 'Mina', 'submitted');
INSERT INTO bid (ct_email, ct_price, start_date, end_date, is_cash, transport_method, pet_owner, pet_name, bid_status) VALUES ('Alek.Christiansen@hotmail.com', 7, '2020-12-01T00:30:36.696Z', '2020-12-01T18:30:39.506Z', true, 'pickup', 'Terrill76@yahoo.com', 'Queenie', 'submitted');
INSERT INTO bid (ct_email, ct_price, start_date, end_date, is_cash, transport_method, pet_owner, pet_name, bid_status) VALUES ('Raegan_Fadel@hotmail.com', 15, '2020-12-01T00:30:36.696Z', '2020-12-01T18:30:39.506Z', true, 'delivery', 'Berenice.Hirthe@yahoo.com', 'Esmeralda', 'submitted');
INSERT INTO bid (ct_email, ct_price, start_date, end_date, is_cash, transport_method, pet_owner, pet_name, bid_status) VALUES ('Joaquin.Wiegand@gmail.com', 19, '2020-12-01T00:30:36.696Z', '2020-12-01T18:30:39.506Z', true, 'pickup', 'Ressie7@hotmail.com', 'Elroy', 'submitted');
INSERT INTO bid (ct_email, ct_price, start_date, end_date, is_cash, transport_method, pet_owner, pet_name, bid_status) VALUES ('Ronaldo_Kihn85@yahoo.com', 7, '2020-12-01T00:30:36.696Z', '2020-12-01T18:30:39.506Z', true, 'pcs', 'Jocelyn_Beer@gmail.com', 'Wilma', 'submitted');
INSERT INTO bid (ct_email, ct_price, start_date, end_date, is_cash, transport_method, pet_owner, pet_name, bid_status) VALUES ('Lisette35@hotmail.com', 5, '2020-12-01T00:30:36.696Z', '2020-12-01T18:30:39.506Z', true, 'delivery', 'Estell28@yahoo.com', 'Guy', 'submitted');
INSERT INTO bid (ct_email, ct_price, start_date, end_date, is_cash, transport_method, pet_owner, pet_name, bid_status) VALUES ('Catharine_Rolfson41@yahoo.com', 0, '2020-12-01T00:30:36.696Z', '2020-12-01T18:30:39.506Z', true, 'delivery', 'Chauncey96@hotmail.com', 'Meghan', 'submitted');
INSERT INTO bid (ct_email, ct_price, start_date, end_date, is_cash, transport_method, pet_owner, pet_name, bid_status) VALUES ('Ebony_Veum@gmail.com', 14, '2020-12-01T00:30:36.696Z', '2020-12-01T18:30:39.506Z', true, 'pcs', 'Katlynn.Will@gmail.com', 'Tessie', 'submitted');
INSERT INTO bid (ct_email, ct_price, start_date, end_date, is_cash, transport_method, pet_owner, pet_name, bid_status) VALUES ('Kade_Kozey@gmail.com', 4, '2020-12-01T00:30:36.696Z', '2020-12-01T18:30:39.506Z', true, 'pickup', 'Tanya_Block34@hotmail.com', 'Matteo', 'submitted');
INSERT INTO bid (ct_email, ct_price, start_date, end_date, is_cash, transport_method, pet_owner, pet_name, bid_status) VALUES ('Gabe_Waelchi96@gmail.com', 15, '2020-12-01T00:30:36.696Z', '2020-12-01T18:30:39.506Z', true, 'pcs', 'Lulu.DAmore@hotmail.com', 'Cathy', 'submitted');
INSERT INTO bid (ct_email, ct_price, start_date, end_date, is_cash, transport_method, pet_owner, pet_name, bid_status) VALUES ('Jocelyn_Beer@gmail.com', 14, '2020-12-01T00:30:36.696Z', '2020-12-01T18:30:39.506Z', true, 'pcs', 'Ernest_Beer23@hotmail.com', 'John', 'submitted');
INSERT INTO bid (ct_email, ct_price, start_date, end_date, is_cash, transport_method, pet_owner, pet_name, bid_status) VALUES ('Maudie65@hotmail.com', 14, '2020-12-01T00:30:36.696Z', '2020-12-01T18:30:39.506Z', true, 'pickup', 'Xavier73@gmail.com', 'Phyllis', 'submitted');
INSERT INTO bid (ct_email, ct_price, start_date, end_date, is_cash, transport_method, pet_owner, pet_name, bid_status) VALUES ('Gwendolyn.Fadel@yahoo.com', 6, '2020-12-01T00:30:36.696Z', '2020-12-01T18:30:39.506Z', true, 'delivery', 'Lucy_Grady26@yahoo.com', 'Albina', 'submitted');
INSERT INTO bid (ct_email, ct_price, start_date, end_date, is_cash, transport_method, pet_owner, pet_name, bid_status) VALUES ('Aiden.Sporer@hotmail.com', 5, '2020-12-01T00:30:36.696Z', '2020-12-01T18:30:39.506Z', true, 'delivery', 'Turner_Monahan@gmail.com', 'Dandre', 'submitted');
INSERT INTO bid (ct_email, ct_price, start_date, end_date, is_cash, transport_method, pet_owner, pet_name, bid_status) VALUES ('Luis.Kulas74@hotmail.com', 13, '2020-12-01T00:30:36.696Z', '2020-12-01T18:30:39.506Z', true, 'pickup', 'Abbey72@hotmail.com', 'Gerhard', 'submitted');
INSERT INTO bid (ct_email, ct_price, start_date, end_date, is_cash, transport_method, pet_owner, pet_name, bid_status) VALUES ('Kailyn99@yahoo.com', 17, '2020-12-01T00:30:36.696Z', '2020-12-01T18:30:39.506Z', true, 'pcs', 'Sammie.Lueilwitz18@hotmail.com', 'Mary', 'submitted');
INSERT INTO bid (ct_email, ct_price, start_date, end_date, is_cash, transport_method, pet_owner, pet_name, bid_status) VALUES ('Eladio.Renner@yahoo.com', 19, '2020-12-01T00:30:36.696Z', '2020-12-01T18:30:39.506Z', true, 'delivery', 'Wanda_Pollich0@hotmail.com', 'Montana', 'submitted');
INSERT INTO bid (ct_email, ct_price, start_date, end_date, is_cash, transport_method, pet_owner, pet_name, bid_status) VALUES ('Edmund_Sauer94@hotmail.com', 14, '2020-12-01T00:30:36.696Z', '2020-12-01T18:30:39.506Z', true, 'pcs', 'Raleigh96@yahoo.com', 'Lue', 'submitted');
INSERT INTO bid (ct_email, ct_price, start_date, end_date, is_cash, transport_method, pet_owner, pet_name, bid_status) VALUES ('Jeffrey.Ebert@gmail.com', 14, '2020-12-01T00:30:36.696Z', '2020-12-01T18:30:39.506Z', true, 'pcs', 'Brycen80@yahoo.com', 'Camren', 'submitted');
INSERT INTO bid (ct_email, ct_price, start_date, end_date, is_cash, transport_method, pet_owner, pet_name, bid_status) VALUES ('Marcelle_Breitenberg@gmail.com', 3, '2020-12-01T00:30:36.696Z', '2020-12-01T18:30:39.506Z', true, 'pcs', 'Blaze.Zulauf@gmail.com', 'Hubert', 'submitted');
INSERT INTO bid (ct_email, ct_price, start_date, end_date, is_cash, transport_method, pet_owner, pet_name, bid_status) VALUES ('Brant_Heidenreich81@hotmail.com', 1, '2020-12-01T00:30:36.696Z', '2020-12-01T18:30:39.506Z', true, 'pcs', 'Roderick.Erdman35@yahoo.com', 'Lew', 'submitted');
INSERT INTO bid (ct_email, ct_price, start_date, end_date, is_cash, transport_method, pet_owner, pet_name, bid_status) VALUES ('Mona_Rohan@hotmail.com', 11, '2020-12-01T00:30:36.696Z', '2020-12-01T18:30:39.506Z', true, 'pickup', 'Nathanial.Stanton31@hotmail.com', 'Ashtyn', 'submitted');
INSERT INTO bid (ct_email, ct_price, start_date, end_date, is_cash, transport_method, pet_owner, pet_name, bid_status) VALUES ('Tressie.Johnston6@hotmail.com', 4, '2020-12-01T00:30:36.696Z', '2020-12-01T18:30:39.506Z', true, 'delivery', 'Lisette35@hotmail.com', 'Josh', 'submitted');
INSERT INTO bid (ct_email, ct_price, start_date, end_date, is_cash, transport_method, pet_owner, pet_name, bid_status) VALUES ('Britney_Reilly96@hotmail.com', 15, '2020-12-01T00:30:36.696Z', '2020-12-01T18:30:39.506Z', true, 'delivery', 'Jewel.Bayer4@gmail.com', 'Fae', 'submitted');
INSERT INTO bid (ct_email, ct_price, start_date, end_date, is_cash, transport_method, pet_owner, pet_name, bid_status) VALUES ('King82@yahoo.com', 8, '2020-12-01T00:30:36.696Z', '2020-12-01T18:30:39.506Z', true, 'pcs', 'Charlie17@gmail.com', 'Jarrett', 'submitted');
INSERT INTO bid (ct_email, ct_price, start_date, end_date, is_cash, transport_method, pet_owner, pet_name, bid_status) VALUES ('Roel.Howell27@hotmail.com', 5, '2020-12-01T00:30:36.696Z', '2020-12-01T18:30:39.506Z', true, 'pcs', 'Dwight.Orn@hotmail.com', 'Constantin', 'submitted');
INSERT INTO bid (ct_email, ct_price, start_date, end_date, is_cash, transport_method, pet_owner, pet_name, bid_status) VALUES ('Keyon35@yahoo.com', 5, '2020-12-01T00:30:36.696Z', '2020-12-01T18:30:39.506Z', true, 'delivery', 'Nash_Connelly76@yahoo.com', 'Raphaelle', 'submitted');
INSERT INTO bid (ct_email, ct_price, start_date, end_date, is_cash, transport_method, pet_owner, pet_name, bid_status) VALUES ('Laurianne.Becker2@gmail.com', 6, '2020-12-01T00:30:36.696Z', '2020-12-01T18:30:39.506Z', true, 'delivery', 'Janae_Rohan89@hotmail.com', 'Lambert', 'submitted');
INSERT INTO bid (ct_email, ct_price, start_date, end_date, is_cash, transport_method, pet_owner, pet_name, bid_status) VALUES ('Virgil.Lueilwitz64@yahoo.com', 1, '2020-12-01T00:30:36.696Z', '2020-12-01T18:30:39.506Z', true, 'delivery', 'Rosamond16@hotmail.com', 'Jonathon', 'submitted');
INSERT INTO bid (ct_email, ct_price, start_date, end_date, is_cash, transport_method, pet_owner, pet_name, bid_status) VALUES ('Janelle_Gutkowski24@yahoo.com', 13, '2020-12-01T00:30:36.696Z', '2020-12-01T18:30:39.506Z', true, 'pickup', 'Estell28@yahoo.com', 'Laisha', 'submitted');
INSERT INTO bid (ct_email, ct_price, start_date, end_date, is_cash, transport_method, pet_owner, pet_name, bid_status) VALUES ('Deion.Sauer@gmail.com', 16, '2020-12-01T00:30:36.696Z', '2020-12-01T18:30:39.506Z', true, 'pickup', 'Esther.Bednar@gmail.com', 'Chaya', 'submitted');
INSERT INTO bid (ct_email, ct_price, start_date, end_date, is_cash, transport_method, pet_owner, pet_name, bid_status) VALUES ('Arvid_Cummerata63@hotmail.com', 3, '2020-12-01T00:30:36.696Z', '2020-12-01T18:30:39.506Z', true, 'pickup', 'Dovie39@hotmail.com', 'Mohammad', 'submitted');
INSERT INTO bid (ct_email, ct_price, start_date, end_date, is_cash, transport_method, pet_owner, pet_name, bid_status) VALUES ('Ethelyn87@yahoo.com', 11, '2020-12-01T00:30:36.696Z', '2020-12-01T18:30:39.506Z', true, 'pickup', 'Alexandrea96@gmail.com', 'Lindsey', 'submitted');
INSERT INTO bid (ct_email, ct_price, start_date, end_date, is_cash, transport_method, pet_owner, pet_name, bid_status) VALUES ('Providenci59@hotmail.com', 5, '2020-12-01T00:30:36.696Z', '2020-12-01T18:30:39.506Z', true, 'pcs', 'Mona_Rohan@hotmail.com', 'Darrel', 'submitted');
INSERT INTO bid (ct_email, ct_price, start_date, end_date, is_cash, transport_method, pet_owner, pet_name, bid_status) VALUES ('Iva38@yahoo.com', 16, '2020-12-01T00:30:36.696Z', '2020-12-01T18:30:39.506Z', true, 'pickup', 'Garett_Sipes@yahoo.com', 'Donato', 'submitted');
INSERT INTO bid (ct_email, ct_price, start_date, end_date, is_cash, transport_method, pet_owner, pet_name, bid_status) VALUES ('Jay15@gmail.com', 6, '2020-12-01T00:30:36.696Z', '2020-12-01T18:30:39.506Z', true, 'pickup', 'Furman.Ratke64@yahoo.com', 'Leann', 'submitted');
INSERT INTO bid (ct_email, ct_price, start_date, end_date, is_cash, transport_method, pet_owner, pet_name, bid_status) VALUES ('Kraig_Koss93@yahoo.com', 10, '2020-12-01T00:30:36.696Z', '2020-12-01T18:30:39.506Z', true, 'pcs', 'Juana51@hotmail.com', 'Eleanore', 'submitted');
INSERT INTO bid (ct_email, ct_price, start_date, end_date, is_cash, transport_method, pet_owner, pet_name, bid_status) VALUES ('Angus.Doyle@yahoo.com', 3, '2020-12-01T00:30:36.696Z', '2020-12-01T18:30:39.506Z', true, 'pickup', 'Domenic.Jakubowski@yahoo.com', 'Jevon', 'submitted');
INSERT INTO bid (ct_email, ct_price, start_date, end_date, is_cash, transport_method, pet_owner, pet_name, bid_status) VALUES ('Genevieve_Ondricka@yahoo.com', 2, '2020-12-01T00:30:36.696Z', '2020-12-01T18:30:39.506Z', true, 'delivery', 'Flavie.West@gmail.com', 'Yesenia', 'submitted');
INSERT INTO bid (ct_email, ct_price, start_date, end_date, is_cash, transport_method, pet_owner, pet_name, bid_status) VALUES ('Daphney_Anderson28@yahoo.com', 8, '2020-12-01T00:30:36.696Z', '2020-12-01T18:30:39.506Z', true, 'pcs', 'Declan65@yahoo.com', 'Leonardo', 'submitted');
INSERT INTO bid (ct_email, ct_price, start_date, end_date, is_cash, transport_method, pet_owner, pet_name, bid_status) VALUES ('Cyril58@gmail.com', 0, '2020-12-01T00:30:36.696Z', '2020-12-01T18:30:39.506Z', true, 'pickup', 'Leilani.Doyle96@yahoo.com', 'Maverick', 'submitted');
INSERT INTO bid (ct_email, ct_price, start_date, end_date, is_cash, transport_method, pet_owner, pet_name, bid_status) VALUES ('Kenton91@gmail.com', 20, '2020-12-01T00:30:36.696Z', '2020-12-01T18:30:39.506Z', true, 'delivery', 'Hailee_Zieme@hotmail.com', 'Ceasar', 'submitted');
INSERT INTO bid (ct_email, ct_price, start_date, end_date, is_cash, transport_method, pet_owner, pet_name, bid_status) VALUES ('Amya_Jaskolski15@yahoo.com', 8, '2020-12-01T00:30:36.696Z', '2020-12-01T18:30:39.506Z', true, 'pcs', 'Lourdes_Krajcik@gmail.com', 'Hettie', 'submitted');
INSERT INTO bid (ct_email, ct_price, start_date, end_date, is_cash, transport_method, pet_owner, pet_name, bid_status) VALUES ('Carlotta4@gmail.com', 16, '2020-12-01T00:30:36.696Z', '2020-12-01T18:30:39.506Z', true, 'delivery', 'Mercedes92@hotmail.com', 'Jeffry', 'submitted');
INSERT INTO bid (ct_email, ct_price, start_date, end_date, is_cash, transport_method, pet_owner, pet_name, bid_status) VALUES ('Broderick.Abernathy@gmail.com', 11, '2020-12-01T00:30:36.696Z', '2020-12-01T18:30:39.506Z', true, 'pcs', 'Jake9@gmail.com', 'Imani', 'submitted');
INSERT INTO bid (ct_email, ct_price, start_date, end_date, is_cash, transport_method, pet_owner, pet_name, bid_status) VALUES ('Kyleigh.Nicolas32@gmail.com', 7, '2020-12-01T00:30:36.696Z', '2020-12-01T18:30:39.506Z', true, 'pcs', 'Isaiah.Corwin49@gmail.com', 'Margie', 'submitted');
INSERT INTO bid (ct_email, ct_price, start_date, end_date, is_cash, transport_method, pet_owner, pet_name, bid_status) VALUES ('Eudora.Goodwin65@yahoo.com', 11, '2020-12-01T00:30:36.696Z', '2020-12-01T18:30:39.506Z', true, 'pcs', 'Cole.Kohler@hotmail.com', 'Jayda', 'submitted');
INSERT INTO bid (ct_email, ct_price, start_date, end_date, is_cash, transport_method, pet_owner, pet_name, bid_status) VALUES ('Katheryn_Boehm89@hotmail.com', 11, '2020-12-01T00:30:36.696Z', '2020-12-01T18:30:39.506Z', true, 'delivery', 'Olin19@yahoo.com', 'Coleman', 'submitted');
INSERT INTO bid (ct_email, ct_price, start_date, end_date, is_cash, transport_method, pet_owner, pet_name, bid_status) VALUES ('Hubert.Auer@hotmail.com', 15, '2020-12-01T00:30:36.696Z', '2020-12-01T18:30:39.506Z', true, 'pickup', 'Mauricio58@gmail.com', 'Elian', 'submitted');
INSERT INTO bid (ct_email, ct_price, start_date, end_date, is_cash, transport_method, pet_owner, pet_name, bid_status) VALUES ('Esperanza.Wisoky@gmail.com', 14, '2020-12-01T00:30:36.696Z', '2020-12-01T18:30:39.506Z', true, 'pcs', 'Susie.Kautzer@gmail.com', 'Marques', 'submitted');
INSERT INTO bid (ct_email, ct_price, start_date, end_date, is_cash, transport_method, pet_owner, pet_name, bid_status) VALUES ('Clement_Larkin5@hotmail.com', 9, '2020-12-01T00:30:36.696Z', '2020-12-01T18:30:39.506Z', true, 'pcs', 'Hadley_Little28@hotmail.com', 'Josiah', 'submitted');
INSERT INTO bid (ct_email, ct_price, start_date, end_date, is_cash, transport_method, pet_owner, pet_name, bid_status) VALUES ('Alford_Kilback@yahoo.com', 8, '2020-12-01T00:30:36.696Z', '2020-12-01T18:30:39.506Z', true, 'pcs', 'Maegan.Cole@gmail.com', 'Reanna', 'submitted');
INSERT INTO bid (ct_email, ct_price, start_date, end_date, is_cash, transport_method, pet_owner, pet_name, bid_status) VALUES ('Sabrina70@hotmail.com', 10, '2020-12-01T00:30:36.696Z', '2020-12-01T18:30:39.506Z', true, 'delivery', 'Abdul.Greenholt@yahoo.com', 'Emile', 'submitted');
INSERT INTO bid (ct_email, ct_price, start_date, end_date, is_cash, transport_method, pet_owner, pet_name, bid_status) VALUES ('Madelynn.Glover@yahoo.com', 11, '2020-12-01T00:30:36.696Z', '2020-12-01T18:30:39.506Z', true, 'delivery', 'Juana51@hotmail.com', 'Alexandra', 'submitted');
INSERT INTO bid (ct_email, ct_price, start_date, end_date, is_cash, transport_method, pet_owner, pet_name, bid_status) VALUES ('Hortense.Schulist@hotmail.com', 0, '2020-12-01T00:30:36.696Z', '2020-12-01T18:30:39.506Z', true, 'delivery', 'Westley_Johnston@hotmail.com', 'Giovanny', 'submitted');
INSERT INTO bid (ct_email, ct_price, start_date, end_date, is_cash, transport_method, pet_owner, pet_name, bid_status) VALUES ('Genevieve.West@gmail.com', 6, '2020-12-01T00:30:36.696Z', '2020-12-01T18:30:39.506Z', true, 'pickup', 'Augusta_Emmerich72@hotmail.com', 'Adaline', 'submitted');
INSERT INTO bid (ct_email, ct_price, start_date, end_date, is_cash, transport_method, pet_owner, pet_name, bid_status) VALUES ('Alessandro56@hotmail.com', 14, '2020-12-01T00:30:36.696Z', '2020-12-01T18:30:39.506Z', true, 'delivery', 'Mariah.Watsica@hotmail.com', 'Orland', 'submitted');
INSERT INTO bid (ct_email, ct_price, start_date, end_date, is_cash, transport_method, pet_owner, pet_name, bid_status) VALUES ('Jake9@gmail.com', 3, '2020-12-01T00:30:36.696Z', '2020-12-01T18:30:39.506Z', true, 'pickup', 'Van_Price36@gmail.com', 'Gudrun', 'submitted');
INSERT INTO bid (ct_email, ct_price, start_date, end_date, is_cash, transport_method, pet_owner, pet_name, bid_status) VALUES ('Elmira.Kohler46@hotmail.com', 10, '2020-12-01T00:30:36.696Z', '2020-12-01T18:30:39.506Z', true, 'pickup', 'Montana95@hotmail.com', 'Alejandra', 'submitted');
INSERT INTO bid (ct_email, ct_price, start_date, end_date, is_cash, transport_method, pet_owner, pet_name, bid_status) VALUES ('Oscar.Sporer@gmail.com', 6, '2020-12-01T00:30:36.696Z', '2020-12-01T18:30:39.506Z', true, 'pcs', 'Emil_Marks29@gmail.com', 'Micheal', 'submitted');
INSERT INTO bid (ct_email, ct_price, start_date, end_date, is_cash, transport_method, pet_owner, pet_name, bid_status) VALUES ('Clay_Wuckert@yahoo.com', 9, '2020-12-01T00:30:36.696Z', '2020-12-01T18:30:39.506Z', true, 'pickup', 'Kaley30@gmail.com', 'Lucie', 'submitted');
INSERT INTO bid (ct_email, ct_price, start_date, end_date, is_cash, transport_method, pet_owner, pet_name, bid_status) VALUES ('Tyrique_Abernathy@yahoo.com', 19, '2020-12-01T00:30:36.696Z', '2020-12-01T18:30:39.506Z', true, 'pickup', 'Camilla14@yahoo.com', 'Asa', 'submitted');
INSERT INTO bid (ct_email, ct_price, start_date, end_date, is_cash, transport_method, pet_owner, pet_name, bid_status) VALUES ('Isabel.Harber@hotmail.com', 18, '2020-12-01T00:30:36.696Z', '2020-12-01T18:30:39.506Z', true, 'delivery', 'Christy75@gmail.com', 'Zane', 'submitted');
INSERT INTO bid (ct_email, ct_price, start_date, end_date, is_cash, transport_method, pet_owner, pet_name, bid_status) VALUES ('Dane.Upton93@gmail.com', 4, '2020-12-01T00:30:36.696Z', '2020-12-01T18:30:39.506Z', true, 'pcs', 'Noemi.Boyle31@gmail.com', 'Brayan', 'submitted');
INSERT INTO bid (ct_email, ct_price, start_date, end_date, is_cash, transport_method, pet_owner, pet_name, bid_status) VALUES ('Mariah.Watsica@hotmail.com', 12, '2020-12-01T00:30:36.696Z', '2020-12-01T18:30:39.506Z', true, 'pcs', 'Axel.Hayes@hotmail.com', 'Abdullah', 'submitted');
INSERT INTO bid (ct_email, ct_price, start_date, end_date, is_cash, transport_method, pet_owner, pet_name, bid_status) VALUES ('Emmy_Jacobi86@gmail.com', 1, '2020-12-01T00:30:36.696Z', '2020-12-01T18:30:39.506Z', true, 'pcs', 'Kendra57@hotmail.com', 'Rhianna', 'submitted');
INSERT INTO bid (ct_email, ct_price, start_date, end_date, is_cash, transport_method, pet_owner, pet_name, bid_status) VALUES ('Kody.Beatty40@gmail.com', 19, '2020-12-01T00:30:36.696Z', '2020-12-01T18:30:39.506Z', true, 'pcs', 'Alena75@hotmail.com', 'Saige', 'submitted');
INSERT INTO bid (ct_email, ct_price, start_date, end_date, is_cash, transport_method, pet_owner, pet_name, bid_status) VALUES ('Julia87@hotmail.com', 7, '2020-12-01T00:30:36.696Z', '2020-12-01T18:30:39.506Z', true, 'delivery', 'Sabrina.Lockman65@gmail.com', 'Zita', 'submitted');
INSERT INTO bid (ct_email, ct_price, start_date, end_date, is_cash, transport_method, pet_owner, pet_name, bid_status) VALUES ('Gisselle_Marvin4@gmail.com', 9, '2020-12-01T00:30:36.696Z', '2020-12-01T18:30:39.506Z', true, 'pickup', 'Chadd25@gmail.com', 'Frida', 'submitted');
INSERT INTO bid (ct_email, ct_price, start_date, end_date, is_cash, transport_method, pet_owner, pet_name, bid_status) VALUES ('Keshaun.Morar93@yahoo.com', 2, '2020-12-01T00:30:36.696Z', '2020-12-01T18:30:39.506Z', true, 'pickup', 'Joany26@yahoo.com', 'Selmer', 'submitted');
INSERT INTO bid (ct_email, ct_price, start_date, end_date, is_cash, transport_method, pet_owner, pet_name, bid_status) VALUES ('Nash_Connelly76@yahoo.com', 15, '2020-12-01T00:30:36.696Z', '2020-12-01T18:30:39.506Z', true, 'delivery', 'Wallace.Bogan75@gmail.com', 'Sasha', 'submitted');
INSERT INTO bid (ct_email, ct_price, start_date, end_date, is_cash, transport_method, pet_owner, pet_name, bid_status) VALUES ('Breana.Kuhn@gmail.com', 12, '2020-12-01T00:30:36.696Z', '2020-12-01T18:30:39.506Z', true, 'pickup', 'Herta.Harber60@hotmail.com', 'Mazie', 'submitted');
INSERT INTO bid (ct_email, ct_price, start_date, end_date, is_cash, transport_method, pet_owner, pet_name, bid_status) VALUES ('Lulu.DAmore@hotmail.com', 2, '2020-12-01T00:30:36.696Z', '2020-12-01T18:30:39.506Z', true, 'delivery', 'Magali_Wiza@gmail.com', 'Kennedy', 'submitted');
INSERT INTO bid (ct_email, ct_price, start_date, end_date, is_cash, transport_method, pet_owner, pet_name, bid_status) VALUES ('Franco_Schuster78@hotmail.com', 0, '2020-12-01T00:30:36.696Z', '2020-12-01T18:30:39.506Z', true, 'pcs', 'Precious_Terry@yahoo.com', 'Eloise', 'submitted');
INSERT INTO bid (ct_email, ct_price, start_date, end_date, is_cash, transport_method, pet_owner, pet_name, bid_status) VALUES ('Tristian75@hotmail.com', 7, '2020-12-01T00:30:36.696Z', '2020-12-01T18:30:39.506Z', true, 'delivery', 'Rahul.Romaguera@hotmail.com', 'Vergie', 'submitted');
INSERT INTO bid (ct_email, ct_price, start_date, end_date, is_cash, transport_method, pet_owner, pet_name, bid_status) VALUES ('Ariane.Sanford@gmail.com', 18, '2020-12-01T00:30:36.696Z', '2020-12-01T18:30:39.506Z', true, 'delivery', 'Raleigh.Donnelly60@hotmail.com', 'Lew', 'submitted');
INSERT INTO bid (ct_email, ct_price, start_date, end_date, is_cash, transport_method, pet_owner, pet_name, bid_status) VALUES ('Jude_Bode@hotmail.com', 10, '2020-12-01T00:30:36.696Z', '2020-12-01T18:30:39.506Z', true, 'pcs', 'Dianna67@hotmail.com', 'Cayla', 'submitted');
INSERT INTO bid (ct_email, ct_price, start_date, end_date, is_cash, transport_method, pet_owner, pet_name, bid_status) VALUES ('Cleora_Fritsch89@hotmail.com', 16, '2020-12-01T00:30:36.696Z', '2020-12-01T18:30:39.506Z', true, 'pickup', 'Cole.Kohler@hotmail.com', 'Mallie', 'submitted');
INSERT INTO bid (ct_email, ct_price, start_date, end_date, is_cash, transport_method, pet_owner, pet_name, bid_status) VALUES ('Israel_Hoeger@yahoo.com', 13, '2020-12-01T00:30:36.696Z', '2020-12-01T18:30:39.506Z', true, 'pickup', 'Loy85@gmail.com', 'Vladimir', 'submitted');
INSERT INTO bid (ct_email, ct_price, start_date, end_date, is_cash, transport_method, pet_owner, pet_name, bid_status) VALUES ('Shane_Harber53@yahoo.com', 8, '2020-12-01T00:30:36.696Z', '2020-12-01T18:30:39.506Z', true, 'pickup', 'Abbie69@yahoo.com', 'Toney', 'submitted');
INSERT INTO bid (ct_email, ct_price, start_date, end_date, is_cash, transport_method, pet_owner, pet_name, bid_status) VALUES ('Amara_Blanda21@hotmail.com', 20, '2020-12-01T00:30:36.696Z', '2020-12-01T18:30:39.506Z', true, 'pcs', 'Darwin38@yahoo.com', 'Laisha', 'submitted');
INSERT INTO bid (ct_email, ct_price, start_date, end_date, is_cash, transport_method, pet_owner, pet_name, bid_status) VALUES ('Kianna.Grimes33@yahoo.com', 0, '2020-12-01T00:30:36.696Z', '2020-12-01T18:30:39.506Z', true, 'pickup', 'Gerardo78@yahoo.com', 'Domenica', 'submitted');
INSERT INTO bid (ct_email, ct_price, start_date, end_date, is_cash, transport_method, pet_owner, pet_name, bid_status) VALUES ('Jayson60@gmail.com', 6, '2020-12-01T00:30:36.696Z', '2020-12-01T18:30:39.506Z', true, 'pcs', 'Gisselle_Marvin4@gmail.com', 'Martine', 'submitted');
INSERT INTO bid (ct_email, ct_price, start_date, end_date, is_cash, transport_method, pet_owner, pet_name, bid_status) VALUES ('Viola.Gibson59@yahoo.com', 17, '2020-12-01T00:30:36.696Z', '2020-12-01T18:30:39.506Z', true, 'delivery', 'Adolf_Cummings@yahoo.com', 'Ladarius', 'submitted');
INSERT INTO bid (ct_email, ct_price, start_date, end_date, is_cash, transport_method, pet_owner, pet_name, bid_status) VALUES ('Claire.Considine@hotmail.com', 9, '2020-12-01T00:30:36.696Z', '2020-12-01T18:30:39.506Z', true, 'pcs', 'Gillian69@gmail.com', 'Joesph', 'submitted');
INSERT INTO bid (ct_email, ct_price, start_date, end_date, is_cash, transport_method, pet_owner, pet_name, bid_status) VALUES ('Neoma98@gmail.com', 18, '2020-12-01T00:30:36.696Z', '2020-12-01T18:30:39.506Z', true, 'pcs', 'Bertrand_Paucek@yahoo.com', 'Lera', 'submitted');
INSERT INTO bid (ct_email, ct_price, start_date, end_date, is_cash, transport_method, pet_owner, pet_name, bid_status) VALUES ('Abbey.Stanton@gmail.com', 14, '2020-12-01T00:30:36.696Z', '2020-12-01T18:30:39.506Z', true, 'delivery', 'Nathaniel_Stiedemann@gmail.com', 'Duane', 'submitted');
INSERT INTO bid (ct_email, ct_price, start_date, end_date, is_cash, transport_method, pet_owner, pet_name, bid_status) VALUES ('Jayson_Homenick@gmail.com', 6, '2020-12-01T00:30:36.696Z', '2020-12-01T18:30:39.506Z', true, 'pcs', 'Jay15@gmail.com', 'Kellen', 'submitted');
INSERT INTO bid (ct_email, ct_price, start_date, end_date, is_cash, transport_method, pet_owner, pet_name, bid_status) VALUES ('Sydnee48@yahoo.com', 15, '2020-12-01T00:30:36.696Z', '2020-12-01T18:30:39.506Z', true, 'delivery', 'Chauncey96@hotmail.com', 'Lucile', 'submitted');
INSERT INTO bid (ct_email, ct_price, start_date, end_date, is_cash, transport_method, pet_owner, pet_name, bid_status) VALUES ('Wendell82@hotmail.com', 6, '2020-12-01T00:30:36.696Z', '2020-12-01T18:30:39.506Z', true, 'pcs', 'Keyon35@yahoo.com', 'Kieran', 'submitted');
INSERT INTO bid (ct_email, ct_price, start_date, end_date, is_cash, transport_method, pet_owner, pet_name, bid_status) VALUES ('Brooks.Marvin37@gmail.com', 1, '2020-12-01T00:30:36.696Z', '2020-12-01T18:30:39.506Z', true, 'pickup', 'Kathryne_Wilderman@gmail.com', 'Sonny', 'submitted');
INSERT INTO bid (ct_email, ct_price, start_date, end_date, is_cash, transport_method, pet_owner, pet_name, bid_status) VALUES ('Rey.Veum@hotmail.com', 16, '2020-12-01T00:30:36.696Z', '2020-12-01T18:30:39.506Z', true, 'delivery', 'Vern.Effertz58@yahoo.com', 'Maryse', 'submitted');
INSERT INTO bid (ct_email, ct_price, start_date, end_date, is_cash, transport_method, pet_owner, pet_name, bid_status) VALUES ('Francisca_Bosco@gmail.com', 14, '2020-12-01T00:30:36.696Z', '2020-12-01T18:30:39.506Z', true, 'pcs', 'Katlynn.Will@gmail.com', 'Myrtice', 'submitted');
INSERT INTO bid (ct_email, ct_price, start_date, end_date, is_cash, transport_method, pet_owner, pet_name, bid_status) VALUES ('Keeley52@yahoo.com', 16, '2020-12-01T00:30:36.696Z', '2020-12-01T18:30:39.506Z', true, 'delivery', 'Lillian61@hotmail.com', 'Mozell', 'submitted');
INSERT INTO bid (ct_email, ct_price, start_date, end_date, is_cash, transport_method, pet_owner, pet_name, bid_status) VALUES ('Jace_Daniel@yahoo.com', 10, '2020-12-01T00:30:36.696Z', '2020-12-01T18:30:39.506Z', true, 'delivery', 'Logan.Hettinger@yahoo.com', 'Trent', 'submitted');
INSERT INTO bid (ct_email, ct_price, start_date, end_date, is_cash, transport_method, pet_owner, pet_name, bid_status) VALUES ('Brett19@hotmail.com', 4, '2020-12-01T00:30:36.696Z', '2020-12-01T18:30:39.506Z', true, 'pickup', 'Lowell86@hotmail.com', 'Mona', 'submitted');
INSERT INTO bid (ct_email, ct_price, start_date, end_date, is_cash, transport_method, pet_owner, pet_name, bid_status) VALUES ('Ole85@gmail.com', 16, '2020-12-01T00:30:36.696Z', '2020-12-01T18:30:39.506Z', true, 'pcs', 'Gina74@hotmail.com', 'Sammie', 'submitted');
INSERT INTO bid (ct_email, ct_price, start_date, end_date, is_cash, transport_method, pet_owner, pet_name, bid_status) VALUES ('Katarina41@gmail.com', 9, '2020-12-01T00:30:36.696Z', '2020-12-01T18:30:39.506Z', true, 'pcs', 'Clay_Wuckert@yahoo.com', 'Georgette', 'submitted');
INSERT INTO bid (ct_email, ct_price, start_date, end_date, is_cash, transport_method, pet_owner, pet_name, bid_status) VALUES ('Sheila.Towne49@yahoo.com', 2, '2020-12-01T00:30:36.696Z', '2020-12-01T18:30:39.506Z', true, 'pickup', 'Javier11@gmail.com', 'Bernadette', 'submitted');
INSERT INTO bid (ct_email, ct_price, start_date, end_date, is_cash, transport_method, pet_owner, pet_name, bid_status) VALUES ('Carson56@gmail.com', 12, '2020-12-01T00:30:36.696Z', '2020-12-01T18:30:39.506Z', true, 'pickup', 'Gust_Turcotte@gmail.com', 'Kobe', 'submitted');
INSERT INTO bid (ct_email, ct_price, start_date, end_date, is_cash, transport_method, pet_owner, pet_name, bid_status) VALUES ('Isai_Crooks@gmail.com', 19, '2020-12-01T00:30:36.696Z', '2020-12-01T18:30:39.506Z', true, 'pcs', 'Eudora.Goodwin65@yahoo.com', 'Rhoda', 'submitted');
INSERT INTO bid (ct_email, ct_price, start_date, end_date, is_cash, transport_method, pet_owner, pet_name, bid_status) VALUES ('Winfield_Gislason@hotmail.com', 5, '2020-12-01T00:30:36.696Z', '2020-12-01T18:30:39.506Z', true, 'pickup', 'Carter.Tremblay@hotmail.com', 'Verna', 'submitted');
INSERT INTO bid (ct_email, ct_price, start_date, end_date, is_cash, transport_method, pet_owner, pet_name, bid_status) VALUES ('Isadore_Grady49@yahoo.com', 16, '2020-12-01T00:30:36.696Z', '2020-12-01T18:30:39.506Z', true, 'delivery', 'Angus.Doyle@yahoo.com', 'Melba', 'submitted');
INSERT INTO bid (ct_email, ct_price, start_date, end_date, is_cash, transport_method, pet_owner, pet_name, bid_status) VALUES ('Ressie7@hotmail.com', 17, '2020-12-01T00:30:36.696Z', '2020-12-01T18:30:39.506Z', true, 'pickup', 'Jason76@yahoo.com', 'Jackie', 'submitted');
INSERT INTO bid (ct_email, ct_price, start_date, end_date, is_cash, transport_method, pet_owner, pet_name, bid_status) VALUES ('Devon25@hotmail.com', 16, '2020-12-01T00:30:36.696Z', '2020-12-01T18:30:39.506Z', true, 'delivery', 'Elbert49@yahoo.com', 'Jamison', 'submitted');
INSERT INTO bid (ct_email, ct_price, start_date, end_date, is_cash, transport_method, pet_owner, pet_name, bid_status) VALUES ('Clare_Senger@yahoo.com', 8, '2020-12-01T00:30:36.696Z', '2020-12-01T18:30:39.506Z', true, 'pickup', 'Irma36@gmail.com', 'Nikko', 'submitted');
INSERT INTO bid (ct_email, ct_price, start_date, end_date, is_cash, transport_method, pet_owner, pet_name, bid_status) VALUES ('Marion.Torp74@yahoo.com', 5, '2020-12-01T00:30:36.696Z', '2020-12-01T18:30:39.506Z', true, 'delivery', 'Vena.Nienow@hotmail.com', 'Arnoldo', 'submitted');
INSERT INTO bid (ct_email, ct_price, start_date, end_date, is_cash, transport_method, pet_owner, pet_name, bid_status) VALUES ('Britney_Dooley@hotmail.com', 5, '2020-12-01T00:30:36.696Z', '2020-12-01T18:30:39.506Z', true, 'delivery', 'Leopold22@yahoo.com', 'Mariano', 'submitted');
INSERT INTO bid (ct_email, ct_price, start_date, end_date, is_cash, transport_method, pet_owner, pet_name, bid_status) VALUES ('Nathaniel_Stiedemann@gmail.com', 2, '2020-12-01T00:30:36.696Z', '2020-12-01T18:30:39.506Z', true, 'pcs', 'Bertrand_Paucek@yahoo.com', 'Milo', 'submitted');
INSERT INTO bid (ct_email, ct_price, start_date, end_date, is_cash, transport_method, pet_owner, pet_name, bid_status) VALUES ('Yessenia.Yundt@gmail.com', 16, '2020-12-01T00:30:36.696Z', '2020-12-01T18:30:39.506Z', true, 'delivery', 'Louisa37@hotmail.com', 'Jettie', 'submitted');
INSERT INTO bid (ct_email, ct_price, start_date, end_date, is_cash, transport_method, pet_owner, pet_name, bid_status) VALUES ('Sven71@yahoo.com', 2, '2020-12-01T00:30:36.696Z', '2020-12-01T18:30:39.506Z', true, 'pcs', 'Daphney_Schmeler@hotmail.com', 'Macie', 'submitted');
INSERT INTO bid (ct_email, ct_price, start_date, end_date, is_cash, transport_method, pet_owner, pet_name, bid_status) VALUES ('Montana_Kirlin@gmail.com', 7, '2020-12-01T00:30:36.696Z', '2020-12-01T18:30:39.506Z', true, 'delivery', 'Georgiana_Doyle4@hotmail.com', 'Walter', 'submitted');
INSERT INTO bid (ct_email, ct_price, start_date, end_date, is_cash, transport_method, pet_owner, pet_name, bid_status) VALUES ('Alfreda.Ondricka@gmail.com', 14, '2020-12-01T00:30:36.696Z', '2020-12-01T18:30:39.506Z', true, 'delivery', 'Gwendolyn_Denesik64@hotmail.com', 'Furman', 'submitted');
INSERT INTO bid (ct_email, ct_price, start_date, end_date, is_cash, transport_method, pet_owner, pet_name, bid_status) VALUES ('Mandy_Terry@gmail.com', 14, '2020-12-01T00:30:36.696Z', '2020-12-01T18:30:39.506Z', true, 'pickup', 'Bernadine_Wisozk58@yahoo.com', 'Melvin', 'submitted');
INSERT INTO bid (ct_email, ct_price, start_date, end_date, is_cash, transport_method, pet_owner, pet_name, bid_status) VALUES ('Noble70@gmail.com', 11, '2020-12-01T00:30:36.696Z', '2020-12-01T18:30:39.506Z', true, 'delivery', 'Viola.Gibson59@yahoo.com', 'Justice', 'submitted');
INSERT INTO bid (ct_email, ct_price, start_date, end_date, is_cash, transport_method, pet_owner, pet_name, bid_status) VALUES ('Maxwell58@hotmail.com', 11, '2020-12-01T00:30:36.696Z', '2020-12-01T18:30:39.506Z', true, 'pcs', 'Kyleigh.Nicolas32@gmail.com', 'Janice', 'submitted');
INSERT INTO bid (ct_email, ct_price, start_date, end_date, is_cash, transport_method, pet_owner, pet_name, bid_status) VALUES ('Tyler.Jerde@yahoo.com', 4, '2020-12-01T00:30:36.696Z', '2020-12-01T18:30:39.506Z', true, 'pcs', 'Oral73@yahoo.com', 'Georgiana', 'submitted');
INSERT INTO bid (ct_email, ct_price, start_date, end_date, is_cash, transport_method, pet_owner, pet_name, bid_status) VALUES ('Chester38@hotmail.com', 14, '2020-12-01T00:30:36.696Z', '2020-12-01T18:30:39.506Z', true, 'pickup', 'Gardner_Balistreri32@yahoo.com', 'Flo', 'submitted');
INSERT INTO bid (ct_email, ct_price, start_date, end_date, is_cash, transport_method, pet_owner, pet_name, bid_status) VALUES ('Adella_West37@yahoo.com', 17, '2020-12-01T00:30:36.696Z', '2020-12-01T18:30:39.506Z', true, 'pickup', 'Lysanne_Wolff11@hotmail.com', 'Oscar', 'submitted');
INSERT INTO bid (ct_email, ct_price, start_date, end_date, is_cash, transport_method, pet_owner, pet_name, bid_status) VALUES ('Buford.Wuckert30@hotmail.com', 1, '2020-12-01T00:30:36.696Z', '2020-12-01T18:30:39.506Z', true, 'pcs', 'Dante.Muller98@yahoo.com', 'Kaylin', 'submitted');
INSERT INTO bid (ct_email, ct_price, start_date, end_date, is_cash, transport_method, pet_owner, pet_name, bid_status) VALUES ('Erin_Senger@yahoo.com', 19, '2020-12-01T00:30:36.696Z', '2020-12-01T18:30:39.506Z', true, 'pickup', 'Herbert_Hamill10@yahoo.com', 'Cielo', 'submitted');
INSERT INTO bid (ct_email, ct_price, start_date, end_date, is_cash, transport_method, pet_owner, pet_name, bid_status) VALUES ('Kasandra.Yundt96@yahoo.com', 15, '2020-12-01T00:30:36.696Z', '2020-12-01T18:30:39.506Z', true, 'pickup', 'Hallie_Wiegand7@hotmail.com', 'Brody', 'submitted');
INSERT INTO bid (ct_email, ct_price, start_date, end_date, is_cash, transport_method, pet_owner, pet_name, bid_status) VALUES ('Valentina60@hotmail.com', 5, '2020-12-01T00:30:36.696Z', '2020-12-01T18:30:39.506Z', true, 'pickup', 'Chester.Turner79@yahoo.com', 'Arlie', 'submitted');
INSERT INTO bid (ct_email, ct_price, start_date, end_date, is_cash, transport_method, pet_owner, pet_name, bid_status) VALUES ('Charles25@hotmail.com', 12, '2020-12-01T00:30:36.696Z', '2020-12-01T18:30:39.506Z', true, 'pcs', 'Elissa.Hudson@yahoo.com', 'Dillan', 'submitted');
INSERT INTO bid (ct_email, ct_price, start_date, end_date, is_cash, transport_method, pet_owner, pet_name, bid_status) VALUES ('Demetrius.Schaefer58@yahoo.com', 6, '2020-12-01T00:30:36.696Z', '2020-12-01T18:30:39.506Z', true, 'delivery', 'Wilford95@gmail.com', 'Gordon', 'submitted');
INSERT INTO bid (ct_email, ct_price, start_date, end_date, is_cash, transport_method, pet_owner, pet_name, bid_status) VALUES ('Nico9@gmail.com', 10, '2020-12-01T00:30:36.696Z', '2020-12-01T18:30:39.506Z', true, 'pcs', 'Bryon_Casper@gmail.com', 'Arjun', 'submitted');
INSERT INTO bid (ct_email, ct_price, start_date, end_date, is_cash, transport_method, pet_owner, pet_name, bid_status) VALUES ('Augustus_Osinski@hotmail.com', 18, '2020-12-01T00:30:36.696Z', '2020-12-01T18:30:39.506Z', true, 'delivery', 'Eva_Rowe@gmail.com', 'Eliseo', 'submitted');
INSERT INTO bid (ct_email, ct_price, start_date, end_date, is_cash, transport_method, pet_owner, pet_name, bid_status) VALUES ('Camila_Torphy32@hotmail.com', 8, '2020-12-01T00:30:36.696Z', '2020-12-01T18:30:39.506Z', true, 'delivery', 'Sabrina.Lockman65@gmail.com', 'Ernie', 'submitted');
INSERT INTO bid (ct_email, ct_price, start_date, end_date, is_cash, transport_method, pet_owner, pet_name, bid_status) VALUES ('Neal.Schuster67@hotmail.com', 1, '2020-12-01T00:30:36.696Z', '2020-12-01T18:30:39.506Z', true, 'pcs', 'Alfreda.Ondricka@gmail.com', 'Christine', 'submitted');
INSERT INTO bid (ct_email, ct_price, start_date, end_date, is_cash, transport_method, pet_owner, pet_name, bid_status) VALUES ('Velda_King@gmail.com', 17, '2020-12-01T00:30:36.696Z', '2020-12-01T18:30:39.506Z', true, 'delivery', 'Nash_Hodkiewicz@yahoo.com', 'Emory', 'submitted');
INSERT INTO bid (ct_email, ct_price, start_date, end_date, is_cash, transport_method, pet_owner, pet_name, bid_status) VALUES ('Annie90@hotmail.com', 12, '2020-12-01T00:30:36.696Z', '2020-12-01T18:30:39.506Z', true, 'pcs', 'Isaiah.Corwin49@gmail.com', 'Jess', 'submitted');
INSERT INTO bid (ct_email, ct_price, start_date, end_date, is_cash, transport_method, pet_owner, pet_name, bid_status) VALUES ('Marisol_Crooks4@yahoo.com', 3, '2020-12-01T00:30:36.696Z', '2020-12-01T18:30:39.506Z', true, 'pickup', 'Toby66@gmail.com', 'Blanche', 'submitted');
INSERT INTO bid (ct_email, ct_price, start_date, end_date, is_cash, transport_method, pet_owner, pet_name, bid_status) VALUES ('Kaci.Lowe48@gmail.com', 1, '2020-12-01T00:30:36.696Z', '2020-12-01T18:30:39.506Z', true, 'pcs', 'Willow91@hotmail.com', 'Shane', 'submitted');
INSERT INTO bid (ct_email, ct_price, start_date, end_date, is_cash, transport_method, pet_owner, pet_name, bid_status) VALUES ('Collin28@hotmail.com', 11, '2020-12-01T00:30:36.696Z', '2020-12-01T18:30:39.506Z', true, 'delivery', 'Madisen_Reichel@yahoo.com', 'Kadin', 'submitted');
INSERT INTO bid (ct_email, ct_price, start_date, end_date, is_cash, transport_method, pet_owner, pet_name, bid_status) VALUES ('Magali_Wiza@gmail.com', 8, '2020-12-01T00:30:36.696Z', '2020-12-01T18:30:39.506Z', true, 'pickup', 'Elvis1@gmail.com', 'Keon', 'submitted');
INSERT INTO bid (ct_email, ct_price, start_date, end_date, is_cash, transport_method, pet_owner, pet_name, bid_status) VALUES ('Zula_Mayer88@hotmail.com', 2, '2020-12-01T00:30:36.696Z', '2020-12-01T18:30:39.506Z', true, 'delivery', 'Marley.Kautzer@yahoo.com', 'Grayson', 'submitted');
INSERT INTO bid (ct_email, ct_price, start_date, end_date, is_cash, transport_method, pet_owner, pet_name, bid_status) VALUES ('Jackson59@gmail.com', 14, '2020-12-01T00:30:36.696Z', '2020-12-01T18:30:39.506Z', true, 'delivery', 'Aglae.Marquardt3@gmail.com', 'Fiona', 'submitted');
INSERT INTO bid (ct_email, ct_price, start_date, end_date, is_cash, transport_method, pet_owner, pet_name, bid_status) VALUES ('Hillard94@yahoo.com', 11, '2020-12-01T00:30:36.696Z', '2020-12-01T18:30:39.506Z', true, 'pickup', 'Alexzander94@yahoo.com', 'Amie', 'submitted');
INSERT INTO bid (ct_email, ct_price, start_date, end_date, is_cash, transport_method, pet_owner, pet_name, bid_status) VALUES ('Yesenia_Reynolds@gmail.com', 1, '2020-12-01T00:30:36.696Z', '2020-12-01T18:30:39.506Z', true, 'pickup', 'Owen93@yahoo.com', 'Velva', 'submitted');
INSERT INTO bid (ct_email, ct_price, start_date, end_date, is_cash, transport_method, pet_owner, pet_name, bid_status) VALUES ('Kaleb24@gmail.com', 12, '2020-12-01T00:30:36.696Z', '2020-12-01T18:30:39.506Z', true, 'delivery', 'Haven_Mann13@gmail.com', 'Elva', 'submitted');
INSERT INTO bid (ct_email, ct_price, start_date, end_date, is_cash, transport_method, pet_owner, pet_name, bid_status) VALUES ('Herbert_Hamill10@yahoo.com', 5, '2020-12-01T00:30:36.696Z', '2020-12-01T18:30:39.506Z', true, 'pickup', 'Wilfredo_Crooks@yahoo.com', 'Jane', 'submitted');
INSERT INTO bid (ct_email, ct_price, start_date, end_date, is_cash, transport_method, pet_owner, pet_name, bid_status) VALUES ('Adelle50@hotmail.com', 2, '2020-12-01T00:30:36.696Z', '2020-12-01T18:30:39.506Z', true, 'pickup', 'Lawrence16@yahoo.com', 'Claudine', 'submitted');
INSERT INTO bid (ct_email, ct_price, start_date, end_date, is_cash, transport_method, pet_owner, pet_name, bid_status) VALUES ('Jackeline.Schmeler28@yahoo.com', 15, '2020-12-01T00:30:36.696Z', '2020-12-01T18:30:39.506Z', true, 'delivery', 'Derrick.Turcotte75@hotmail.com', 'Mozell', 'submitted');
INSERT INTO bid (ct_email, ct_price, start_date, end_date, is_cash, transport_method, pet_owner, pet_name, bid_status) VALUES ('Otilia_Kreiger@hotmail.com', 0, '2020-12-01T00:30:36.696Z', '2020-12-01T18:30:39.506Z', true, 'pcs', 'Easton.Collier10@yahoo.com', 'Stefanie', 'submitted');
INSERT INTO bid (ct_email, ct_price, start_date, end_date, is_cash, transport_method, pet_owner, pet_name, bid_status) VALUES ('Naomie.Erdman67@gmail.com', 20, '2020-12-01T00:30:36.696Z', '2020-12-01T18:30:39.506Z', true, 'delivery', 'Marjolaine_Abshire@gmail.com', 'Elliott', 'submitted');
INSERT INTO bid (ct_email, ct_price, start_date, end_date, is_cash, transport_method, pet_owner, pet_name, bid_status) VALUES ('Bella71@hotmail.com', 3, '2020-12-01T00:30:36.696Z', '2020-12-01T18:30:39.506Z', true, 'pcs', 'Katheryn_Boehm89@hotmail.com', 'Gina', 'submitted');
INSERT INTO bid (ct_email, ct_price, start_date, end_date, is_cash, transport_method, pet_owner, pet_name, bid_status) VALUES ('Clarabelle_Hammes@gmail.com', 9, '2020-12-01T00:30:36.696Z', '2020-12-01T18:30:39.506Z', true, 'delivery', 'Rahsaan88@yahoo.com', 'Hubert', 'submitted');
INSERT INTO bid (ct_email, ct_price, start_date, end_date, is_cash, transport_method, pet_owner, pet_name, bid_status) VALUES ('Carmine_OKon@gmail.com', 12, '2020-12-01T00:30:36.696Z', '2020-12-01T18:30:39.506Z', true, 'pcs', 'Sydnee48@yahoo.com', 'Hermina', 'submitted');
INSERT INTO bid (ct_email, ct_price, start_date, end_date, is_cash, transport_method, pet_owner, pet_name, bid_status) VALUES ('Theo.Hackett@gmail.com', 10, '2020-12-01T00:30:36.696Z', '2020-12-01T18:30:39.506Z', true, 'delivery', 'Darien.Stroman64@hotmail.com', 'Keely', 'submitted');
INSERT INTO bid (ct_email, ct_price, start_date, end_date, is_cash, transport_method, pet_owner, pet_name, bid_status) VALUES ('Cornell_Kuhic@gmail.com', 8, '2020-12-01T00:30:36.696Z', '2020-12-01T18:30:39.506Z', true, 'delivery', 'Elbert49@yahoo.com', 'Vicente', 'submitted');
INSERT INTO bid (ct_email, ct_price, start_date, end_date, is_cash, transport_method, pet_owner, pet_name, bid_status) VALUES ('Eugene2@yahoo.com', 15, '2020-12-01T00:30:36.696Z', '2020-12-01T18:30:39.506Z', true, 'pickup', 'Furman.Ratke64@yahoo.com', 'Wilmer', 'submitted');
INSERT INTO bid (ct_email, ct_price, start_date, end_date, is_cash, transport_method, pet_owner, pet_name, bid_status) VALUES ('Clemmie.Satterfield@yahoo.com', 10, '2020-12-01T00:30:36.696Z', '2020-12-01T18:30:39.506Z', true, 'pcs', 'Annie.Balistreri@gmail.com', 'Kelli', 'submitted');
INSERT INTO bid (ct_email, ct_price, start_date, end_date, is_cash, transport_method, pet_owner, pet_name, bid_status) VALUES ('Cynthia8@yahoo.com', 0, '2020-12-01T00:30:36.696Z', '2020-12-01T18:30:39.506Z', true, 'delivery', 'Emil.Kovacek@gmail.com', 'Ephraim', 'submitted');
INSERT INTO bid (ct_email, ct_price, start_date, end_date, is_cash, transport_method, pet_owner, pet_name, bid_status) VALUES ('Hudson.Barrows@hotmail.com', 11, '2020-12-01T00:30:36.696Z', '2020-12-01T18:30:39.506Z', true, 'pcs', 'Hester7@hotmail.com', 'Jacynthe', 'submitted');
INSERT INTO bid (ct_email, ct_price, start_date, end_date, is_cash, transport_method, pet_owner, pet_name, bid_status) VALUES ('Weston.Price73@yahoo.com', 9, '2020-12-01T00:30:36.696Z', '2020-12-01T18:30:39.506Z', true, 'delivery', 'Precious_Terry@yahoo.com', 'Emilie', 'submitted');
INSERT INTO bid (ct_email, ct_price, start_date, end_date, is_cash, transport_method, pet_owner, pet_name, bid_status) VALUES ('Adrienne97@gmail.com', 17, '2020-12-01T00:30:36.696Z', '2020-12-01T18:30:39.506Z', true, 'pcs', 'Keely40@hotmail.com', 'Trever', 'submitted');
INSERT INTO bid (ct_email, ct_price, start_date, end_date, is_cash, transport_method, pet_owner, pet_name, bid_status) VALUES ('Selena_Block@hotmail.com', 6, '2020-12-01T00:30:36.696Z', '2020-12-01T18:30:39.506Z', true, 'delivery', 'Britney_Dooley@hotmail.com', 'Orlo', 'submitted');
INSERT INTO bid (ct_email, ct_price, start_date, end_date, is_cash, transport_method, pet_owner, pet_name, bid_status) VALUES ('Janae.Kunze55@hotmail.com', 2, '2020-12-01T00:30:36.696Z', '2020-12-01T18:30:39.506Z', true, 'delivery', 'Daphne_Kulas49@hotmail.com', 'Margie', 'submitted');
INSERT INTO bid (ct_email, ct_price, start_date, end_date, is_cash, transport_method, pet_owner, pet_name, bid_status) VALUES ('Michaela59@yahoo.com', 15, '2020-12-01T00:30:36.696Z', '2020-12-01T18:30:39.506Z', true, 'pickup', 'May86@gmail.com', 'Rhoda', 'submitted');
INSERT INTO bid (ct_email, ct_price, start_date, end_date, is_cash, transport_method, pet_owner, pet_name, bid_status) VALUES ('Wallace.Bogan75@gmail.com', 7, '2020-12-02T18:30:39.506Z', '2020-12-06T13:58:05.828Z', true, 'pcs', 'Lillian61@hotmail.com', 'Mozell', 'submitted');
INSERT INTO bid (ct_email, ct_price, start_date, end_date, is_cash, transport_method, pet_owner, pet_name, bid_status) VALUES ('Naomi_Ullrich@hotmail.com', 3, '2020-12-02T18:30:39.506Z', '2020-12-06T13:58:05.828Z', true, 'pickup', 'Nathaniel_Stiedemann@gmail.com', 'Quentin', 'submitted');
INSERT INTO bid (ct_email, ct_price, start_date, end_date, is_cash, transport_method, pet_owner, pet_name, bid_status) VALUES ('Marquis.Witting64@hotmail.com', 19, '2020-12-02T18:30:39.506Z', '2020-12-06T13:58:05.828Z', true, 'delivery', 'Kasandra_Ratke@gmail.com', 'Judge', 'submitted');
INSERT INTO bid (ct_email, ct_price, start_date, end_date, is_cash, transport_method, pet_owner, pet_name, bid_status) VALUES ('Nikki_Franecki36@gmail.com', 15, '2020-12-02T18:30:39.506Z', '2020-12-06T13:58:05.828Z', true, 'delivery', 'Gilbert77@yahoo.com', 'Ena', 'submitted');
INSERT INTO bid (ct_email, ct_price, start_date, end_date, is_cash, transport_method, pet_owner, pet_name, bid_status) VALUES ('Linda45@yahoo.com', 10, '2020-12-02T18:30:39.506Z', '2020-12-06T13:58:05.828Z', true, 'delivery', 'Nash_Hodkiewicz@yahoo.com', 'Emory', 'submitted');
INSERT INTO bid (ct_email, ct_price, start_date, end_date, is_cash, transport_method, pet_owner, pet_name, bid_status) VALUES ('Bernard33@hotmail.com', 7, '2020-12-02T18:30:39.506Z', '2020-12-06T13:58:05.828Z', true, 'pickup', 'Steve.Heidenreich@hotmail.com', 'Margaret', 'submitted');
INSERT INTO bid (ct_email, ct_price, start_date, end_date, is_cash, transport_method, pet_owner, pet_name, bid_status) VALUES ('Tressa_Huels3@gmail.com', 5, '2020-12-02T18:30:39.506Z', '2020-12-06T13:58:05.828Z', true, 'pickup', 'Cecilia_Nikolaus35@yahoo.com', 'Cecile', 'submitted');
INSERT INTO bid (ct_email, ct_price, start_date, end_date, is_cash, transport_method, pet_owner, pet_name, bid_status) VALUES ('Mary_Hane@gmail.com', 7, '2020-12-02T18:30:39.506Z', '2020-12-06T13:58:05.828Z', true, 'pickup', 'Kelsie.Herzog98@yahoo.com', 'Chadrick', 'submitted');
INSERT INTO bid (ct_email, ct_price, start_date, end_date, is_cash, transport_method, pet_owner, pet_name, bid_status) VALUES ('Ebony_Veum@gmail.com', 18, '2020-12-02T18:30:39.506Z', '2020-12-06T13:58:05.828Z', true, 'delivery', 'Gardner_Balistreri32@yahoo.com', 'Flo', 'submitted');
INSERT INTO bid (ct_email, ct_price, start_date, end_date, is_cash, transport_method, pet_owner, pet_name, bid_status) VALUES ('Antoinette34@yahoo.com', 16, '2020-12-02T18:30:39.506Z', '2020-12-06T13:58:05.828Z', true, 'delivery', 'Paula.Parisian@yahoo.com', 'Bradly', 'submitted');
INSERT INTO bid (ct_email, ct_price, start_date, end_date, is_cash, transport_method, pet_owner, pet_name, bid_status) VALUES ('Oral73@yahoo.com', 3, '2020-12-02T18:30:39.506Z', '2020-12-06T13:58:05.828Z', true, 'pcs', 'Libby_Barrows@hotmail.com', 'Davin', 'submitted');
INSERT INTO bid (ct_email, ct_price, start_date, end_date, is_cash, transport_method, pet_owner, pet_name, bid_status) VALUES ('Kaley30@gmail.com', 7, '2020-12-02T18:30:39.506Z', '2020-12-06T13:58:05.828Z', true, 'delivery', 'Jaydon.Hyatt@gmail.com', 'Chance', 'submitted');
INSERT INTO bid (ct_email, ct_price, start_date, end_date, is_cash, transport_method, pet_owner, pet_name, bid_status) VALUES ('Nedra_Hilll@gmail.com', 4, '2020-12-02T18:30:39.506Z', '2020-12-06T13:58:05.828Z', true, 'pickup', 'Stephon65@yahoo.com', 'Orie', 'submitted');
INSERT INTO bid (ct_email, ct_price, start_date, end_date, is_cash, transport_method, pet_owner, pet_name, bid_status) VALUES ('Zachariah_Bahringer35@yahoo.com', 18, '2020-12-02T18:30:39.506Z', '2020-12-06T13:58:05.828Z', true, 'pcs', 'Xavier_Adams@yahoo.com', 'Lucile', 'submitted');
INSERT INTO bid (ct_email, ct_price, start_date, end_date, is_cash, transport_method, pet_owner, pet_name, bid_status) VALUES ('Rory_Zulauf49@yahoo.com', 5, '2020-12-02T18:30:39.506Z', '2020-12-06T13:58:05.828Z', true, 'delivery', 'Viola.Gibson59@yahoo.com', 'Werner', 'submitted');
INSERT INTO bid (ct_email, ct_price, start_date, end_date, is_cash, transport_method, pet_owner, pet_name, bid_status) VALUES ('Lela_Beahan@gmail.com', 6, '2020-12-02T18:30:39.506Z', '2020-12-06T13:58:05.828Z', true, 'delivery', 'Lulu.DAmore@hotmail.com', 'Sylvester', 'submitted');
INSERT INTO bid (ct_email, ct_price, start_date, end_date, is_cash, transport_method, pet_owner, pet_name, bid_status) VALUES ('Terrell_Hickle@hotmail.com', 9, '2020-12-02T18:30:39.506Z', '2020-12-06T13:58:05.828Z', true, 'delivery', 'Enrico53@yahoo.com', 'Orrin', 'submitted');
INSERT INTO bid (ct_email, ct_price, start_date, end_date, is_cash, transport_method, pet_owner, pet_name, bid_status) VALUES ('Kailyn99@yahoo.com', 1, '2020-12-02T18:30:39.506Z', '2020-12-06T13:58:05.828Z', true, 'pickup', 'Carter.Tremblay@hotmail.com', 'Verna', 'submitted');
INSERT INTO bid (ct_email, ct_price, start_date, end_date, is_cash, transport_method, pet_owner, pet_name, bid_status) VALUES ('Triston_Kirlin52@gmail.com', 17, '2020-12-02T18:30:39.506Z', '2020-12-06T13:58:05.828Z', true, 'pcs', 'Lela_Beahan@gmail.com', 'Linnie', 'submitted');
INSERT INTO bid (ct_email, ct_price, start_date, end_date, is_cash, transport_method, pet_owner, pet_name, bid_status) VALUES ('Verna_Braun72@yahoo.com', 10, '2020-12-02T18:30:39.506Z', '2020-12-06T13:58:05.828Z', true, 'pcs', 'Rodrigo.Hand59@yahoo.com', 'Tracy', 'submitted');
INSERT INTO bid (ct_email, ct_price, start_date, end_date, is_cash, transport_method, pet_owner, pet_name, bid_status) VALUES ('Greta_OConnell25@hotmail.com', 5, '2020-12-02T18:30:39.506Z', '2020-12-06T13:58:05.828Z', true, 'pickup', 'Clay_Wuckert@yahoo.com', 'Dorian', 'submitted');
INSERT INTO bid (ct_email, ct_price, start_date, end_date, is_cash, transport_method, pet_owner, pet_name, bid_status) VALUES ('Marjolaine_Abshire@gmail.com', 18, '2020-12-02T18:30:39.506Z', '2020-12-06T13:58:05.828Z', true, 'delivery', 'Eudora.Goodwin65@yahoo.com', 'Rhoda', 'submitted');
INSERT INTO bid (ct_email, ct_price, start_date, end_date, is_cash, transport_method, pet_owner, pet_name, bid_status) VALUES ('Willow91@hotmail.com', 16, '2020-12-02T18:30:39.506Z', '2020-12-06T13:58:05.828Z', true, 'delivery', 'Brittany_Carter87@hotmail.com', 'Lisandro', 'submitted');
INSERT INTO bid (ct_email, ct_price, start_date, end_date, is_cash, transport_method, pet_owner, pet_name, bid_status) VALUES ('Brandyn97@yahoo.com', 9, '2020-12-02T18:30:39.506Z', '2020-12-06T13:58:05.828Z', true, 'pickup', 'Etha_Altenwerth74@gmail.com', 'Casandra', 'submitted');
INSERT INTO bid (ct_email, ct_price, start_date, end_date, is_cash, transport_method, pet_owner, pet_name, bid_status) VALUES ('Edmund_Sauer94@hotmail.com', 7, '2020-12-02T18:30:39.506Z', '2020-12-06T13:58:05.828Z', true, 'pickup', 'Caroline.Hane@gmail.com', 'Colton', 'submitted');
INSERT INTO bid (ct_email, ct_price, start_date, end_date, is_cash, transport_method, pet_owner, pet_name, bid_status) VALUES ('Yazmin17@yahoo.com', 3, '2020-12-02T18:30:39.506Z', '2020-12-06T13:58:05.828Z', true, 'pcs', 'Lawrence16@yahoo.com', 'Claudine', 'submitted');
INSERT INTO bid (ct_email, ct_price, start_date, end_date, is_cash, transport_method, pet_owner, pet_name, bid_status) VALUES ('Marcelle_Breitenberg@gmail.com', 0, '2020-12-02T18:30:39.506Z', '2020-12-06T13:58:05.828Z', true, 'pcs', 'Frida_Nicolas@gmail.com', 'Adolphus', 'submitted');
INSERT INTO bid (ct_email, ct_price, start_date, end_date, is_cash, transport_method, pet_owner, pet_name, bid_status) VALUES ('Aniyah95@yahoo.com', 0, '2020-12-02T18:30:39.506Z', '2020-12-06T13:58:05.828Z', true, 'pcs', 'Adaline_Oberbrunner28@yahoo.com', 'Sister', 'submitted');
INSERT INTO bid (ct_email, ct_price, start_date, end_date, is_cash, transport_method, pet_owner, pet_name, bid_status) VALUES ('Dolores.Gaylord@hotmail.com', 4, '2020-12-02T18:30:39.506Z', '2020-12-06T13:58:05.828Z', true, 'delivery', 'Chester38@hotmail.com', 'Cecil', 'submitted');
INSERT INTO bid (ct_email, ct_price, start_date, end_date, is_cash, transport_method, pet_owner, pet_name, bid_status) VALUES ('Tressie.Johnston6@hotmail.com', 4, '2020-12-02T18:30:39.506Z', '2020-12-06T13:58:05.828Z', true, 'pickup', 'Adela_Altenwerth99@yahoo.com', 'Anika', 'submitted');
INSERT INTO bid (ct_email, ct_price, start_date, end_date, is_cash, transport_method, pet_owner, pet_name, bid_status) VALUES ('Neal50@yahoo.com', 17, '2020-12-02T18:30:39.506Z', '2020-12-06T13:58:05.828Z', true, 'pickup', 'Mona_Rohan@hotmail.com', 'Carlotta', 'submitted');
INSERT INTO bid (ct_email, ct_price, start_date, end_date, is_cash, transport_method, pet_owner, pet_name, bid_status) VALUES ('Hadley_Little28@hotmail.com', 1, '2020-12-02T18:30:39.506Z', '2020-12-06T13:58:05.828Z', true, 'pcs', 'Nash_Connelly76@yahoo.com', 'Cruz', 'submitted');
INSERT INTO bid (ct_email, ct_price, start_date, end_date, is_cash, transport_method, pet_owner, pet_name, bid_status) VALUES ('Elva_Barton@gmail.com', 17, '2020-12-02T18:30:39.506Z', '2020-12-06T13:58:05.828Z', true, 'pcs', 'Mafalda23@yahoo.com', 'Reilly', 'submitted');
INSERT INTO bid (ct_email, ct_price, start_date, end_date, is_cash, transport_method, pet_owner, pet_name, bid_status) VALUES ('Shania_Jacobson@hotmail.com', 11, '2020-12-02T18:30:39.506Z', '2020-12-06T13:58:05.828Z', true, 'pcs', 'Lance.Herman@gmail.com', 'Elian', 'submitted');
INSERT INTO bid (ct_email, ct_price, start_date, end_date, is_cash, transport_method, pet_owner, pet_name, bid_status) VALUES ('Janelle_Gutkowski24@yahoo.com', 13, '2020-12-02T18:30:39.506Z', '2020-12-06T13:58:05.828Z', true, 'delivery', 'Edmund_Sauer94@hotmail.com', 'Jordy', 'submitted');
INSERT INTO bid (ct_email, ct_price, start_date, end_date, is_cash, transport_method, pet_owner, pet_name, bid_status) VALUES ('Kyla65@yahoo.com', 3, '2020-12-02T18:30:39.506Z', '2020-12-06T13:58:05.828Z', true, 'delivery', 'Creola_Marks1@hotmail.com', 'Isom', 'submitted');
INSERT INTO bid (ct_email, ct_price, start_date, end_date, is_cash, transport_method, pet_owner, pet_name, bid_status) VALUES ('Vena.Schmeler65@hotmail.com', 6, '2020-12-02T18:30:39.506Z', '2020-12-06T13:58:05.828Z', true, 'pickup', 'Gina74@hotmail.com', 'Sammie', 'submitted');
INSERT INTO bid (ct_email, ct_price, start_date, end_date, is_cash, transport_method, pet_owner, pet_name, bid_status) VALUES ('Noah_Maggio64@yahoo.com', 5, '2020-12-02T18:30:39.506Z', '2020-12-06T13:58:05.828Z', true, 'delivery', 'Xavier73@gmail.com', 'Phyllis', 'submitted');
INSERT INTO bid (ct_email, ct_price, start_date, end_date, is_cash, transport_method, pet_owner, pet_name, bid_status) VALUES ('Santos_Robel66@gmail.com', 20, '2020-12-02T18:30:39.506Z', '2020-12-06T13:58:05.828Z', true, 'pcs', 'Cassidy63@hotmail.com', 'Bonita', 'submitted');
INSERT INTO bid (ct_email, ct_price, start_date, end_date, is_cash, transport_method, pet_owner, pet_name, bid_status) VALUES ('Hardy.Terry@gmail.com', 15, '2020-12-02T18:30:39.506Z', '2020-12-06T13:58:05.828Z', true, 'delivery', 'Maddison62@hotmail.com', 'Mylene', 'submitted');
INSERT INTO bid (ct_email, ct_price, start_date, end_date, is_cash, transport_method, pet_owner, pet_name, bid_status) VALUES ('London_Barton@gmail.com', 8, '2020-12-02T18:30:39.506Z', '2020-12-06T13:58:05.828Z', true, 'pickup', 'Geovanni3@yahoo.com', 'Javonte', 'submitted');
INSERT INTO bid (ct_email, ct_price, start_date, end_date, is_cash, transport_method, pet_owner, pet_name, bid_status) VALUES ('Luella85@gmail.com', 18, '2020-12-02T18:30:39.506Z', '2020-12-06T13:58:05.828Z', true, 'pcs', 'Jack31@gmail.com', 'Krystina', 'submitted');
INSERT INTO bid (ct_email, ct_price, start_date, end_date, is_cash, transport_method, pet_owner, pet_name, bid_status) VALUES ('Madeline.Schowalter4@yahoo.com', 12, '2020-12-02T18:30:39.506Z', '2020-12-06T13:58:05.828Z', true, 'delivery', 'Chadd_Carter25@hotmail.com', 'Lesly', 'submitted');
INSERT INTO bid (ct_email, ct_price, start_date, end_date, is_cash, transport_method, pet_owner, pet_name, bid_status) VALUES ('Carlotta4@gmail.com', 16, '2020-12-02T18:30:39.506Z', '2020-12-06T13:58:05.828Z', true, 'pcs', 'Herman_Bednar@yahoo.com', 'Will', 'submitted');
INSERT INTO bid (ct_email, ct_price, start_date, end_date, is_cash, transport_method, pet_owner, pet_name, bid_status) VALUES ('Tony85@hotmail.com', 11, '2020-12-02T18:30:39.506Z', '2020-12-06T13:58:05.828Z', true, 'delivery', 'Jocelyn.Kassulke12@gmail.com', 'Elyse', 'submitted');
INSERT INTO bid (ct_email, ct_price, start_date, end_date, is_cash, transport_method, pet_owner, pet_name, bid_status) VALUES ('Abbey72@hotmail.com', 8, '2020-12-02T18:30:39.506Z', '2020-12-06T13:58:05.828Z', true, 'pcs', 'Jovanny_Marks25@yahoo.com', 'Nannie', 'submitted');
INSERT INTO bid (ct_email, ct_price, start_date, end_date, is_cash, transport_method, pet_owner, pet_name, bid_status) VALUES ('Wade.Murazik53@hotmail.com', 9, '2020-12-02T18:30:39.506Z', '2020-12-06T13:58:05.828Z', true, 'delivery', 'Juana51@hotmail.com', 'Alexandra', 'submitted');
INSERT INTO bid (ct_email, ct_price, start_date, end_date, is_cash, transport_method, pet_owner, pet_name, bid_status) VALUES ('Eudora.Goodwin65@yahoo.com', 11, '2020-12-02T18:30:39.506Z', '2020-12-06T13:58:05.828Z', true, 'delivery', 'Claud_Bosco@hotmail.com', 'Jadyn', 'submitted');
INSERT INTO bid (ct_email, ct_price, start_date, end_date, is_cash, transport_method, pet_owner, pet_name, bid_status) VALUES ('Katheryn_Boehm89@hotmail.com', 11, '2020-12-02T18:30:39.506Z', '2020-12-06T13:58:05.828Z', true, 'pcs', 'Axel.Hayes@hotmail.com', 'Abdullah', 'submitted');
INSERT INTO bid (ct_email, ct_price, start_date, end_date, is_cash, transport_method, pet_owner, pet_name, bid_status) VALUES ('Sarah.Cremin64@yahoo.com', 2, '2020-12-02T18:30:39.506Z', '2020-12-06T13:58:05.828Z', true, 'delivery', 'Darien.Stroman64@hotmail.com', 'Oda', 'submitted');
INSERT INTO bid (ct_email, ct_price, start_date, end_date, is_cash, transport_method, pet_owner, pet_name, bid_status) VALUES ('Annalise.DAmore4@yahoo.com', 2, '2020-12-02T18:30:39.506Z', '2020-12-06T13:58:05.828Z', true, 'pickup', 'Katheryn_Boehm89@hotmail.com', 'Kyle', 'submitted');
INSERT INTO bid (ct_email, ct_price, start_date, end_date, is_cash, transport_method, pet_owner, pet_name, bid_status) VALUES ('Clement_Larkin5@hotmail.com', 9, '2020-12-02T18:30:39.506Z', '2020-12-06T13:58:05.828Z', true, 'pcs', 'Vita23@yahoo.com', 'Domenick', 'submitted');
INSERT INTO bid (ct_email, ct_price, start_date, end_date, is_cash, transport_method, pet_owner, pet_name, bid_status) VALUES ('Jaquelin_Cruickshank20@yahoo.com', 6, '2020-12-02T18:30:39.506Z', '2020-12-06T13:58:05.828Z', true, 'pickup', 'Ole85@gmail.com', 'Joy', 'submitted');
INSERT INTO bid (ct_email, ct_price, start_date, end_date, is_cash, transport_method, pet_owner, pet_name, bid_status) VALUES ('Alford_Kilback@yahoo.com', 8, '2020-12-02T18:30:39.506Z', '2020-12-06T13:58:05.828Z', true, 'pcs', 'Berta.Schneider@gmail.com', 'Verdie', 'submitted');
INSERT INTO bid (ct_email, ct_price, start_date, end_date, is_cash, transport_method, pet_owner, pet_name, bid_status) VALUES ('Leatha_Runolfsdottir@hotmail.com', 8, '2020-12-02T18:30:39.506Z', '2020-12-06T13:58:05.828Z', true, 'pcs', 'Raleigh50@yahoo.com', 'Lorenza', 'submitted');
INSERT INTO bid (ct_email, ct_price, start_date, end_date, is_cash, transport_method, pet_owner, pet_name, bid_status) VALUES ('Ivory.Marvin@hotmail.com', 11, '2020-12-02T18:30:39.506Z', '2020-12-06T13:58:05.828Z', true, 'pickup', 'Aniyah95@yahoo.com', 'Paxton', 'submitted');
INSERT INTO bid (ct_email, ct_price, start_date, end_date, is_cash, transport_method, pet_owner, pet_name, bid_status) VALUES ('Fermin89@hotmail.com', 2, '2020-12-02T18:30:39.506Z', '2020-12-06T13:58:05.828Z', true, 'pcs', 'Nikolas_Torp90@gmail.com', 'Chauncey', 'submitted');
INSERT INTO bid (ct_email, ct_price, start_date, end_date, is_cash, transport_method, pet_owner, pet_name, bid_status) VALUES ('Savanna28@hotmail.com', 16, '2020-12-02T18:30:39.506Z', '2020-12-06T13:58:05.828Z', true, 'pcs', 'Marietta37@gmail.com', 'Benny', 'submitted');
INSERT INTO bid (ct_email, ct_price, start_date, end_date, is_cash, transport_method, pet_owner, pet_name, bid_status) VALUES ('Kellen70@gmail.com', 1, '2020-12-02T18:30:39.506Z', '2020-12-06T13:58:05.828Z', true, 'pickup', 'Daphne_Kulas49@hotmail.com', 'Margie', 'submitted');
INSERT INTO bid (ct_email, ct_price, start_date, end_date, is_cash, transport_method, pet_owner, pet_name, bid_status) VALUES ('Andreane_Boyer83@gmail.com', 2, '2020-12-02T18:30:39.506Z', '2020-12-06T13:58:05.828Z', true, 'pickup', 'Lisette35@hotmail.com', 'Furman', 'submitted');
INSERT INTO bid (ct_email, ct_price, start_date, end_date, is_cash, transport_method, pet_owner, pet_name, bid_status) VALUES ('Caroline.Hane@gmail.com', 0, '2020-12-02T18:30:39.506Z', '2020-12-06T13:58:05.828Z', true, 'pcs', 'Marley.Kautzer@yahoo.com', 'Grayson', 'submitted');
INSERT INTO bid (ct_email, ct_price, start_date, end_date, is_cash, transport_method, pet_owner, pet_name, bid_status) VALUES ('Charles.Zemlak67@gmail.com', 10, '2020-12-02T18:30:39.506Z', '2020-12-06T13:58:05.828Z', true, 'delivery', 'Aurelio95@yahoo.com', 'Rosetta', 'submitted');
INSERT INTO bid (ct_email, ct_price, start_date, end_date, is_cash, transport_method, pet_owner, pet_name, bid_status) VALUES ('Rocky45@hotmail.com', 17, '2020-12-02T18:30:39.506Z', '2020-12-06T13:58:05.828Z', true, 'pickup', 'Tressa_Huels3@gmail.com', 'Santos', 'submitted');
INSERT INTO bid (ct_email, ct_price, start_date, end_date, is_cash, transport_method, pet_owner, pet_name, bid_status) VALUES ('Emie_Stoltenberg@yahoo.com', 13, '2020-12-02T18:30:39.506Z', '2020-12-06T13:58:05.828Z', true, 'pickup', 'Columbus_Medhurst@gmail.com', 'Eusebio', 'submitted');
INSERT INTO bid (ct_email, ct_price, start_date, end_date, is_cash, transport_method, pet_owner, pet_name, bid_status) VALUES ('Garrison.Dickinson@hotmail.com', 4, '2020-12-02T18:30:39.506Z', '2020-12-06T13:58:05.828Z', true, 'delivery', 'Annie.Balistreri@gmail.com', 'Kelli', 'submitted');
INSERT INTO bid (ct_email, ct_price, start_date, end_date, is_cash, transport_method, pet_owner, pet_name, bid_status) VALUES ('Delfina61@gmail.com', 6, '2020-12-02T18:30:39.506Z', '2020-12-06T13:58:05.828Z', true, 'delivery', 'Abbey72@hotmail.com', 'Gerhard', 'submitted');
INSERT INTO bid (ct_email, ct_price, start_date, end_date, is_cash, transport_method, pet_owner, pet_name, bid_status) VALUES ('Alessandro56@hotmail.com', 0, '2020-12-02T18:30:39.506Z', '2020-12-06T13:58:05.828Z', true, 'delivery', 'Elvis1@gmail.com', 'Keon', 'submitted');
INSERT INTO bid (ct_email, ct_price, start_date, end_date, is_cash, transport_method, pet_owner, pet_name, bid_status) VALUES ('Jake9@gmail.com', 3, '2020-12-02T18:30:39.506Z', '2020-12-06T13:58:05.828Z', true, 'pcs', 'Isaiah.Corwin49@gmail.com', 'Margie', 'submitted');
INSERT INTO bid (ct_email, ct_price, start_date, end_date, is_cash, transport_method, pet_owner, pet_name, bid_status) VALUES ('Estell28@yahoo.com', 4, '2020-12-02T18:30:39.506Z', '2020-12-06T13:58:05.828Z', true, 'pcs', 'Marietta37@gmail.com', 'Jaydon', 'submitted');
INSERT INTO bid (ct_email, ct_price, start_date, end_date, is_cash, transport_method, pet_owner, pet_name, bid_status) VALUES ('Katherine.Halvorson32@yahoo.com', 3, '2020-12-02T18:30:39.506Z', '2020-12-06T13:58:05.828Z', true, 'pickup', 'Carolanne47@yahoo.com', 'Willard', 'submitted');
INSERT INTO bid (ct_email, ct_price, start_date, end_date, is_cash, transport_method, pet_owner, pet_name, bid_status) VALUES ('Nelson.Corkery87@gmail.com', 20, '2020-12-02T18:30:39.506Z', '2020-12-06T13:58:05.828Z', true, 'pickup', 'Barney_Yundt81@yahoo.com', 'Mikayla', 'submitted');
INSERT INTO bid (ct_email, ct_price, start_date, end_date, is_cash, transport_method, pet_owner, pet_name, bid_status) VALUES ('Tyrel_Beier83@yahoo.com', 0, '2020-12-02T18:30:39.506Z', '2020-12-06T13:58:05.828Z', true, 'pickup', 'Webster21@hotmail.com', 'Nakia', 'submitted');
INSERT INTO bid (ct_email, ct_price, start_date, end_date, is_cash, transport_method, pet_owner, pet_name, bid_status) VALUES ('Tyrique_Abernathy@yahoo.com', 8, '2020-12-02T18:30:39.506Z', '2020-12-06T13:58:05.828Z', true, 'pcs', 'Ephraim_Barton93@hotmail.com', 'Kaci', 'submitted');
INSERT INTO bid (ct_email, ct_price, start_date, end_date, is_cash, transport_method, pet_owner, pet_name, bid_status) VALUES ('Micaela_Champlin@gmail.com', 9, '2020-12-02T18:30:39.506Z', '2020-12-06T13:58:05.828Z', true, 'delivery', 'Sabryna72@gmail.com', 'Kobe', 'submitted');
INSERT INTO bid (ct_email, ct_price, start_date, end_date, is_cash, transport_method, pet_owner, pet_name, bid_status) VALUES ('Cecilia_Nikolaus35@yahoo.com', 12, '2020-12-02T18:30:39.506Z', '2020-12-06T13:58:05.828Z', true, 'delivery', 'Isaiah39@yahoo.com', 'Wilfrid', 'submitted');
INSERT INTO bid (ct_email, ct_price, start_date, end_date, is_cash, transport_method, pet_owner, pet_name, bid_status) VALUES ('Maxwell.Medhurst@hotmail.com', 1, '2020-12-02T18:30:39.506Z', '2020-12-06T13:58:05.828Z', true, 'pickup', 'Lola.Bins31@hotmail.com', 'Dino', 'submitted');
INSERT INTO bid (ct_email, ct_price, start_date, end_date, is_cash, transport_method, pet_owner, pet_name, bid_status) VALUES ('Mariah.Watsica@hotmail.com', 3, '2020-12-02T18:30:39.506Z', '2020-12-06T13:58:05.828Z', true, 'delivery', 'Susie.Kautzer@gmail.com', 'Pascale', 'submitted');
INSERT INTO bid (ct_email, ct_price, start_date, end_date, is_cash, transport_method, pet_owner, pet_name, bid_status) VALUES ('Arturo92@yahoo.com', 1, '2020-12-02T18:30:39.506Z', '2020-12-06T13:58:05.828Z', true, 'pickup', 'Ellen_Mills@gmail.com', 'Mikel', 'submitted');
INSERT INTO bid (ct_email, ct_price, start_date, end_date, is_cash, transport_method, pet_owner, pet_name, bid_status) VALUES ('Julia87@hotmail.com', 5, '2020-12-02T18:30:39.506Z', '2020-12-06T13:58:05.828Z', true, 'delivery', 'Immanuel_Hilll3@yahoo.com', 'Lyric', 'submitted');
INSERT INTO bid (ct_email, ct_price, start_date, end_date, is_cash, transport_method, pet_owner, pet_name, bid_status) VALUES ('Nash_Connelly76@yahoo.com', 15, '2020-12-02T18:30:39.506Z', '2020-12-06T13:58:05.828Z', true, 'pcs', 'Estell28@yahoo.com', 'Laisha', 'submitted');
INSERT INTO bid (ct_email, ct_price, start_date, end_date, is_cash, transport_method, pet_owner, pet_name, bid_status) VALUES ('Sabrina.Lockman65@gmail.com', 13, '2020-12-02T18:30:39.506Z', '2020-12-06T13:58:05.828Z', true, 'pickup', 'Nikolas_Torp90@gmail.com', 'Angus', 'submitted');
INSERT INTO bid (ct_email, ct_price, start_date, end_date, is_cash, transport_method, pet_owner, pet_name, bid_status) VALUES ('Berenice.Hirthe@yahoo.com', 3, '2020-12-02T18:30:39.506Z', '2020-12-06T13:58:05.828Z', true, 'pickup', 'Augusta_Emmerich72@hotmail.com', 'Cloyd', 'submitted');
INSERT INTO bid (ct_email, ct_price, start_date, end_date, is_cash, transport_method, pet_owner, pet_name, bid_status) VALUES ('Willie.Harvey7@yahoo.com', 5, '2020-12-02T18:30:39.506Z', '2020-12-06T13:58:05.828Z', true, 'pcs', 'Josefa_Funk@gmail.com', 'Randal', 'submitted');
INSERT INTO bid (ct_email, ct_price, start_date, end_date, is_cash, transport_method, pet_owner, pet_name, bid_status) VALUES ('Jeffry3@hotmail.com', 15, '2020-12-02T18:30:39.506Z', '2020-12-06T13:58:05.828Z', true, 'pickup', 'Neal50@yahoo.com', 'Sadye', 'submitted');
INSERT INTO bid (ct_email, ct_price, start_date, end_date, is_cash, transport_method, pet_owner, pet_name, bid_status) VALUES ('Lulu.DAmore@hotmail.com', 2, '2020-12-02T18:30:39.506Z', '2020-12-06T13:58:05.828Z', true, 'delivery', 'Keyon35@yahoo.com', 'Kieran', 'submitted');
INSERT INTO bid (ct_email, ct_price, start_date, end_date, is_cash, transport_method, pet_owner, pet_name, bid_status) VALUES ('Ferne.Reichert@hotmail.com', 4, '2020-12-02T18:30:39.506Z', '2020-12-06T13:58:05.828Z', true, 'pickup', 'Marjolaine26@gmail.com', 'Jewell', 'submitted');
INSERT INTO bid (ct_email, ct_price, start_date, end_date, is_cash, transport_method, pet_owner, pet_name, bid_status) VALUES ('Tristian75@hotmail.com', 9, '2020-12-02T18:30:39.506Z', '2020-12-06T13:58:05.828Z', true, 'pickup', 'Louisa37@hotmail.com', 'Hilbert', 'submitted');
INSERT INTO bid (ct_email, ct_price, start_date, end_date, is_cash, transport_method, pet_owner, pet_name, bid_status) VALUES ('Leon52@yahoo.com', 6, '2020-12-02T18:30:39.506Z', '2020-12-06T13:58:05.828Z', true, 'pickup', 'Ethyl44@gmail.com', 'Jennifer', 'submitted');
INSERT INTO bid (ct_email, ct_price, start_date, end_date, is_cash, transport_method, pet_owner, pet_name, bid_status) VALUES ('Lambert0@hotmail.com', 11, '2020-12-02T18:30:39.506Z', '2020-12-06T13:58:05.828Z', true, 'delivery', 'Ressie7@hotmail.com', 'Elroy', 'submitted');
INSERT INTO bid (ct_email, ct_price, start_date, end_date, is_cash, transport_method, pet_owner, pet_name, bid_status) VALUES ('Maribel_Deckow35@hotmail.com', 11, '2020-12-02T18:30:39.506Z', '2020-12-06T13:58:05.828Z', true, 'pickup', 'Andre34@yahoo.com', 'Christine', 'submitted');
INSERT INTO bid (ct_email, ct_price, start_date, end_date, is_cash, transport_method, pet_owner, pet_name, bid_status) VALUES ('Guillermo.Mosciski@gmail.com', 11, '2020-12-02T18:30:39.506Z', '2020-12-06T13:58:05.828Z', true, 'delivery', 'Kaley30@gmail.com', 'Tabitha', 'submitted');
INSERT INTO bid (ct_email, ct_price, start_date, end_date, is_cash, transport_method, pet_owner, pet_name, bid_status) VALUES ('Kianna.Grimes33@yahoo.com', 0, '2020-12-02T18:30:39.506Z', '2020-12-06T13:58:05.828Z', true, 'pickup', 'Chester38@hotmail.com', 'Lonny', 'submitted');
INSERT INTO bid (ct_email, ct_price, start_date, end_date, is_cash, transport_method, pet_owner, pet_name, bid_status) VALUES ('Itzel.Gorczany15@gmail.com', 0, '2020-12-02T18:30:39.506Z', '2020-12-06T13:58:05.828Z', true, 'pcs', 'Furman.Ratke64@yahoo.com', 'Leann', 'submitted');
INSERT INTO bid (ct_email, ct_price, start_date, end_date, is_cash, transport_method, pet_owner, pet_name, bid_status) VALUES ('Maxine.Feil87@yahoo.com', 19, '2020-12-02T18:30:39.506Z', '2020-12-06T13:58:05.828Z', true, 'pickup', 'Ila23@yahoo.com', 'Elvis', 'submitted');
INSERT INTO bid (ct_email, ct_price, start_date, end_date, is_cash, transport_method, pet_owner, pet_name, bid_status) VALUES ('Cornelius_Prosacco@yahoo.com', 6, '2020-12-02T18:30:39.506Z', '2020-12-06T13:58:05.828Z', true, 'pcs', 'Adolf_Cummings@yahoo.com', 'Ladarius', 'submitted');
INSERT INTO bid (ct_email, ct_price, start_date, end_date, is_cash, transport_method, pet_owner, pet_name, bid_status) VALUES ('Hilda0@hotmail.com', 17, '2020-12-02T18:30:39.506Z', '2020-12-06T13:58:05.828Z', true, 'delivery', 'Verna_Braun72@yahoo.com', 'Christian', 'submitted');
INSERT INTO bid (ct_email, ct_price, start_date, end_date, is_cash, transport_method, pet_owner, pet_name, bid_status) VALUES ('Enos.OReilly76@gmail.com', 3, '2020-12-02T18:30:39.506Z', '2020-12-06T13:58:05.828Z', true, 'pickup', 'Chester.Turner79@yahoo.com', 'Arlie', 'submitted');
INSERT INTO bid (ct_email, ct_price, start_date, end_date, is_cash, transport_method, pet_owner, pet_name, bid_status) VALUES ('Donny23@yahoo.com', 5, '2020-12-02T18:30:39.506Z', '2020-12-06T13:58:05.828Z', true, 'delivery', 'Breana.Kuhn@gmail.com', 'Esperanza', 'submitted');
INSERT INTO bid (ct_email, ct_price, start_date, end_date, is_cash, transport_method, pet_owner, pet_name, bid_status) VALUES ('Keeley52@yahoo.com', 16, '2020-12-02T18:30:39.506Z', '2020-12-06T13:58:05.828Z', true, 'delivery', 'Brianne_Breitenberg@hotmail.com', 'Kadin', 'submitted');
INSERT INTO bid (ct_email, ct_price, start_date, end_date, is_cash, transport_method, pet_owner, pet_name, bid_status) VALUES ('Jace_Daniel@yahoo.com', 18, '2020-12-02T18:30:39.506Z', '2020-12-06T13:58:05.828Z', true, 'delivery', 'Nathanial.Stanton31@hotmail.com', 'Chelsie', 'submitted');
INSERT INTO bid (ct_email, ct_price, start_date, end_date, is_cash, transport_method, pet_owner, pet_name, bid_status) VALUES ('Abelardo_Kozey12@gmail.com', 7, '2020-12-02T18:30:39.506Z', '2020-12-06T13:58:05.828Z', true, 'pickup', 'Chadd_Carter25@hotmail.com', 'Hassan', 'submitted');
INSERT INTO bid (ct_email, ct_price, start_date, end_date, is_cash, transport_method, pet_owner, pet_name, bid_status) VALUES ('Darien.Stroman64@hotmail.com', 20, '2020-12-02T18:30:39.506Z', '2020-12-06T13:58:05.828Z', true, 'delivery', 'Kade_Kozey@gmail.com', 'Pedro', 'submitted');
INSERT INTO bid (ct_email, ct_price, start_date, end_date, is_cash, transport_method, pet_owner, pet_name, bid_status) VALUES ('Ashlynn.Welch11@gmail.com', 3, '2020-12-02T18:30:39.506Z', '2020-12-06T13:58:05.828Z', true, 'delivery', 'Kenton91@gmail.com', 'Winona', 'submitted');
INSERT INTO bid (ct_email, ct_price, start_date, end_date, is_cash, transport_method, pet_owner, pet_name, bid_status) VALUES ('Kaya.Kassulke@gmail.com', 4, '2020-12-02T18:30:39.506Z', '2020-12-06T13:58:05.828Z', true, 'pickup', 'Bryon_Casper@gmail.com', 'Eden', 'submitted');
INSERT INTO bid (ct_email, ct_price, start_date, end_date, is_cash, transport_method, pet_owner, pet_name, bid_status) VALUES ('Queen.Wilderman71@hotmail.com', 7, '2020-12-02T18:30:39.506Z', '2020-12-06T13:58:05.828Z', true, 'delivery', 'Araceli_Herzog64@yahoo.com', 'Mason', 'submitted');
INSERT INTO bid (ct_email, ct_price, start_date, end_date, is_cash, transport_method, pet_owner, pet_name, bid_status) VALUES ('Ole85@gmail.com', 16, '2020-12-02T18:30:39.506Z', '2020-12-06T13:58:05.828Z', true, 'pickup', 'Susie.Kautzer@gmail.com', 'Marques', 'submitted');
INSERT INTO bid (ct_email, ct_price, start_date, end_date, is_cash, transport_method, pet_owner, pet_name, bid_status) VALUES ('Isai_Crooks@gmail.com', 19, '2020-12-02T18:30:39.506Z', '2020-12-06T13:58:05.828Z', true, 'pcs', 'Chester.Turner79@yahoo.com', 'Marcus', 'submitted');
INSERT INTO bid (ct_email, ct_price, start_date, end_date, is_cash, transport_method, pet_owner, pet_name, bid_status) VALUES ('Gilbert.McGlynn@hotmail.com', 6, '2020-12-02T18:30:39.506Z', '2020-12-06T13:58:05.828Z', true, 'pcs', 'Thad.King59@yahoo.com', 'Kristofer', 'submitted');
INSERT INTO bid (ct_email, ct_price, start_date, end_date, is_cash, transport_method, pet_owner, pet_name, bid_status) VALUES ('April21@hotmail.com', 1, '2020-12-02T18:30:39.506Z', '2020-12-06T13:58:05.828Z', true, 'pickup', 'Velda_King@gmail.com', 'Polly', 'submitted');
INSERT INTO bid (ct_email, ct_price, start_date, end_date, is_cash, transport_method, pet_owner, pet_name, bid_status) VALUES ('Ressie7@hotmail.com', 17, '2020-12-02T18:30:39.506Z', '2020-12-06T13:58:05.828Z', true, 'delivery', 'Juston61@hotmail.com', 'Kassandra', 'submitted');
INSERT INTO bid (ct_email, ct_price, start_date, end_date, is_cash, transport_method, pet_owner, pet_name, bid_status) VALUES ('Lawrence16@yahoo.com', 7, '2020-12-02T18:30:39.506Z', '2020-12-06T13:58:05.828Z', true, 'delivery', 'Toby66@gmail.com', 'Blanche', 'submitted');
INSERT INTO bid (ct_email, ct_price, start_date, end_date, is_cash, transport_method, pet_owner, pet_name, bid_status) VALUES ('Yessenia.Yundt@gmail.com', 16, '2020-12-02T18:30:39.506Z', '2020-12-06T13:58:05.828Z', true, 'pcs', 'Marley.Kautzer@yahoo.com', 'Araceli', 'submitted');
INSERT INTO bid (ct_email, ct_price, start_date, end_date, is_cash, transport_method, pet_owner, pet_name, bid_status) VALUES ('Sammie.Lueilwitz18@hotmail.com', 16, '2020-12-02T18:30:39.506Z', '2020-12-06T13:58:05.828Z', true, 'delivery', 'Vita23@yahoo.com', 'Michaela', 'submitted');
INSERT INTO bid (ct_email, ct_price, start_date, end_date, is_cash, transport_method, pet_owner, pet_name, bid_status) VALUES ('Rae.McKenzie@hotmail.com', 16, '2020-12-02T18:30:39.506Z', '2020-12-06T13:58:05.828Z', true, 'pickup', 'Demarcus.Schowalter12@gmail.com', 'Vivian', 'submitted');
INSERT INTO bid (ct_email, ct_price, start_date, end_date, is_cash, transport_method, pet_owner, pet_name, bid_status) VALUES ('Sandrine.Hackett67@gmail.com', 8, '2020-12-02T18:30:39.506Z', '2020-12-06T13:58:05.828Z', true, 'pcs', 'Harold.Altenwerth@hotmail.com', 'Murl', 'submitted');
INSERT INTO bid (ct_email, ct_price, start_date, end_date, is_cash, transport_method, pet_owner, pet_name, bid_status) VALUES ('Montana_Kirlin@gmail.com', 7, '2020-12-02T18:30:39.506Z', '2020-12-06T13:58:05.828Z', true, 'pcs', 'Margarete_McKenzie@yahoo.com', 'Cora', 'submitted');
INSERT INTO bid (ct_email, ct_price, start_date, end_date, is_cash, transport_method, pet_owner, pet_name, bid_status) VALUES ('Noble70@gmail.com', 13, '2020-12-02T18:30:39.506Z', '2020-12-06T13:58:05.828Z', true, 'delivery', 'Charles25@hotmail.com', 'Bernie', 'submitted');
INSERT INTO bid (ct_email, ct_price, start_date, end_date, is_cash, transport_method, pet_owner, pet_name, bid_status) VALUES ('Maxwell58@hotmail.com', 11, '2020-12-02T18:30:39.506Z', '2020-12-06T13:58:05.828Z', true, 'pickup', 'Rashad85@hotmail.com', 'Tom', 'submitted');
INSERT INTO bid (ct_email, ct_price, start_date, end_date, is_cash, transport_method, pet_owner, pet_name, bid_status) VALUES ('Buford.Wuckert30@hotmail.com', 0, '2020-12-02T18:30:39.506Z', '2020-12-06T13:58:05.828Z', true, 'pcs', 'Monique45@yahoo.com', 'Pattie', 'submitted');
INSERT INTO bid (ct_email, ct_price, start_date, end_date, is_cash, transport_method, pet_owner, pet_name, bid_status) VALUES ('Barbara_Shanahan14@gmail.com', 7, '2020-12-02T18:30:39.506Z', '2020-12-06T13:58:05.828Z', true, 'pickup', 'Shaina.Wiza@gmail.com', 'Odie', 'submitted');
INSERT INTO bid (ct_email, ct_price, start_date, end_date, is_cash, transport_method, pet_owner, pet_name, bid_status) VALUES ('Precious_Terry@yahoo.com', 1, '2020-12-02T18:30:39.506Z', '2020-12-06T13:58:05.828Z', true, 'pcs', 'Neal.Schuster67@hotmail.com', 'Destiny', 'submitted');
INSERT INTO bid (ct_email, ct_price, start_date, end_date, is_cash, transport_method, pet_owner, pet_name, bid_status) VALUES ('Kasandra.Yundt96@yahoo.com', 15, '2020-12-02T18:30:39.506Z', '2020-12-06T13:58:05.828Z', true, 'pickup', 'Elian50@yahoo.com', 'Isai', 'submitted');
INSERT INTO bid (ct_email, ct_price, start_date, end_date, is_cash, transport_method, pet_owner, pet_name, bid_status) VALUES ('Valentina60@hotmail.com', 5, '2020-12-02T18:30:39.506Z', '2020-12-06T13:58:05.828Z', true, 'delivery', 'Lisandro83@hotmail.com', 'Percy', 'submitted');
INSERT INTO bid (ct_email, ct_price, start_date, end_date, is_cash, transport_method, pet_owner, pet_name, bid_status) VALUES ('Josiane_Hyatt@gmail.com', 7, '2020-12-02T18:30:39.506Z', '2020-12-06T13:58:05.828Z', true, 'pickup', 'Wilford95@gmail.com', 'Hillary', 'submitted');
INSERT INTO bid (ct_email, ct_price, start_date, end_date, is_cash, transport_method, pet_owner, pet_name, bid_status) VALUES ('Javon.Torphy34@hotmail.com', 11, '2020-12-02T18:30:39.506Z', '2020-12-06T13:58:05.828Z', true, 'pickup', 'Darwin38@yahoo.com', 'Laisha', 'submitted');
INSERT INTO bid (ct_email, ct_price, start_date, end_date, is_cash, transport_method, pet_owner, pet_name, bid_status) VALUES ('Elmer80@yahoo.com', 8, '2020-12-02T18:30:39.506Z', '2020-12-06T13:58:05.828Z', true, 'delivery', 'Layla_Ernser27@gmail.com', 'Noemy', 'submitted');
INSERT INTO bid (ct_email, ct_price, start_date, end_date, is_cash, transport_method, pet_owner, pet_name, bid_status) VALUES ('Nico9@gmail.com', 20, '2020-12-02T18:30:39.506Z', '2020-12-06T13:58:05.828Z', true, 'delivery', 'Olin19@yahoo.com', 'Gennaro', 'submitted');
INSERT INTO bid (ct_email, ct_price, start_date, end_date, is_cash, transport_method, pet_owner, pet_name, bid_status) VALUES ('Augustus_Osinski@hotmail.com', 5, '2020-12-02T18:30:39.506Z', '2020-12-06T13:58:05.828Z', true, 'pcs', 'Rosanna.Rodriguez@gmail.com', 'Velda', 'submitted');
INSERT INTO bid (ct_email, ct_price, start_date, end_date, is_cash, transport_method, pet_owner, pet_name, bid_status) VALUES ('Neal.Schuster67@hotmail.com', 1, '2020-12-02T18:30:39.506Z', '2020-12-06T13:58:05.828Z', true, 'delivery', 'Arely.Denesik80@hotmail.com', 'August', 'submitted');
INSERT INTO bid (ct_email, ct_price, start_date, end_date, is_cash, transport_method, pet_owner, pet_name, bid_status) VALUES ('Margot.Abshire@gmail.com', 14, '2020-12-02T18:30:39.506Z', '2020-12-06T13:58:05.828Z', true, 'delivery', 'Alena_Johns@hotmail.com', 'Dimitri', 'submitted');
INSERT INTO bid (ct_email, ct_price, start_date, end_date, is_cash, transport_method, pet_owner, pet_name, bid_status) VALUES ('Emmie_Dicki@hotmail.com', 13, '2020-12-02T18:30:39.506Z', '2020-12-06T13:58:05.828Z', true, 'delivery', 'Angus.Doyle@yahoo.com', 'Anastacio', 'submitted');
INSERT INTO bid (ct_email, ct_price, start_date, end_date, is_cash, transport_method, pet_owner, pet_name, bid_status) VALUES ('Annie90@hotmail.com', 17, '2020-12-02T18:30:39.506Z', '2020-12-06T13:58:05.828Z', true, 'pcs', 'Jordane_Gerhold37@gmail.com', 'Kristian', 'submitted');
INSERT INTO bid (ct_email, ct_price, start_date, end_date, is_cash, transport_method, pet_owner, pet_name, bid_status) VALUES ('Collin28@hotmail.com', 11, '2020-12-02T18:30:39.506Z', '2020-12-06T13:58:05.828Z', true, 'pcs', 'Ressie7@hotmail.com', 'Anika', 'submitted');
INSERT INTO bid (ct_email, ct_price, start_date, end_date, is_cash, transport_method, pet_owner, pet_name, bid_status) VALUES ('Madelyn21@yahoo.com', 11, '2020-12-02T18:30:39.506Z', '2020-12-06T13:58:05.828Z', true, 'pcs', 'Augusta_Emmerich72@hotmail.com', 'Adaline', 'submitted');
INSERT INTO bid (ct_email, ct_price, start_date, end_date, is_cash, transport_method, pet_owner, pet_name, bid_status) VALUES ('Rosamond16@hotmail.com', 15, '2020-12-02T18:30:39.506Z', '2020-12-06T13:58:05.828Z', true, 'pickup', 'Antonette.Boyer@gmail.com', 'Onie', 'submitted');
INSERT INTO bid (ct_email, ct_price, start_date, end_date, is_cash, transport_method, pet_owner, pet_name, bid_status) VALUES ('Celestino.Wuckert20@hotmail.com', 17, '2020-12-02T18:30:39.506Z', '2020-12-06T13:58:05.828Z', true, 'delivery', 'Daphney_Schmeler@hotmail.com', 'Macie', 'submitted');
INSERT INTO bid (ct_email, ct_price, start_date, end_date, is_cash, transport_method, pet_owner, pet_name, bid_status) VALUES ('Jaycee96@gmail.com', 19, '2020-12-02T18:30:39.506Z', '2020-12-06T13:58:05.828Z', true, 'delivery', 'Jay15@gmail.com', 'Dortha', 'submitted');
INSERT INTO bid (ct_email, ct_price, start_date, end_date, is_cash, transport_method, pet_owner, pet_name, bid_status) VALUES ('Selena.Flatley98@gmail.com', 16, '2020-12-02T18:30:39.506Z', '2020-12-06T13:58:05.828Z', true, 'pcs', 'Lon47@yahoo.com', 'Harry', 'submitted');
INSERT INTO bid (ct_email, ct_price, start_date, end_date, is_cash, transport_method, pet_owner, pet_name, bid_status) VALUES ('Herbert_Hamill10@yahoo.com', 5, '2020-12-02T18:30:39.506Z', '2020-12-06T13:58:05.828Z', true, 'pickup', 'Broderick.Abernathy@gmail.com', 'Akeem', 'submitted');
INSERT INTO bid (ct_email, ct_price, start_date, end_date, is_cash, transport_method, pet_owner, pet_name, bid_status) VALUES ('Mara_Pagac93@gmail.com', 3, '2020-12-02T18:30:39.506Z', '2020-12-06T13:58:05.828Z', true, 'pcs', 'Charlie17@gmail.com', 'Jarrett', 'submitted');
INSERT INTO bid (ct_email, ct_price, start_date, end_date, is_cash, transport_method, pet_owner, pet_name, bid_status) VALUES ('Raleigh_Rosenbaum49@gmail.com', 1, '2020-12-02T18:30:39.506Z', '2020-12-06T13:58:05.828Z', true, 'pickup', 'Marion.Torp74@yahoo.com', 'Victoria', 'submitted');
INSERT INTO bid (ct_email, ct_price, start_date, end_date, is_cash, transport_method, pet_owner, pet_name, bid_status) VALUES ('Josefa_Funk@gmail.com', 20, '2020-12-02T18:30:39.506Z', '2020-12-06T13:58:05.828Z', true, 'pickup', 'Tressie78@gmail.com', 'Diego', 'submitted');
INSERT INTO bid (ct_email, ct_price, start_date, end_date, is_cash, transport_method, pet_owner, pet_name, bid_status) VALUES ('Wallace43@gmail.com', 6, '2020-12-02T18:30:39.506Z', '2020-12-06T13:58:05.828Z', true, 'pickup', 'Berta.Schneider@gmail.com', 'Maggie', 'submitted');
INSERT INTO bid (ct_email, ct_price, start_date, end_date, is_cash, transport_method, pet_owner, pet_name, bid_status) VALUES ('Rhianna_Ledner@gmail.com', 9, '2020-12-02T18:30:39.506Z', '2020-12-06T13:58:05.828Z', true, 'delivery', 'Mike60@gmail.com', 'Josie', 'submitted');
INSERT INTO bid (ct_email, ct_price, start_date, end_date, is_cash, transport_method, pet_owner, pet_name, bid_status) VALUES ('Hudson.Barrows@hotmail.com', 15, '2020-12-02T18:30:39.506Z', '2020-12-06T13:58:05.828Z', true, 'pickup', 'Jamaal.Schulist@yahoo.com', 'Merl', 'submitted');
INSERT INTO bid (ct_email, ct_price, start_date, end_date, is_cash, transport_method, pet_owner, pet_name, bid_status) VALUES ('Isaiah39@yahoo.com', 3, '2020-12-02T18:30:39.506Z', '2020-12-06T13:58:05.828Z', true, 'pcs', 'Turner_Monahan@gmail.com', 'Dandre', 'submitted');
INSERT INTO bid (ct_email, ct_price, start_date, end_date, is_cash, transport_method, pet_owner, pet_name, bid_status) VALUES ('Adrienne97@gmail.com', 4, '2020-12-02T18:30:39.506Z', '2020-12-06T13:58:05.828Z', true, 'pickup', 'Louisa37@hotmail.com', 'Jettie', 'submitted');
INSERT INTO bid (ct_email, ct_price, start_date, end_date, is_cash, transport_method, pet_owner, pet_name, bid_status) VALUES ('Jack31@gmail.com', 14, '2020-12-02T18:30:39.506Z', '2020-12-06T13:58:05.828Z', true, 'pcs', 'Cydney_Nienow@yahoo.com', 'Luz', 'submitted');
INSERT INTO bid (ct_email, ct_price, start_date, end_date, is_cash, transport_method, pet_owner, pet_name, bid_status) VALUES ('Michaela59@yahoo.com', 12, '2020-12-02T18:30:39.506Z', '2020-12-06T13:58:05.828Z', true, 'delivery', 'Brycen45@hotmail.com', 'Demetris', 'submitted');
INSERT INTO bid (ct_email, ct_price, start_date, end_date, is_cash, transport_method, pet_owner, pet_name, bid_status) VALUES ('Millie75@yahoo.com', 11, '2020-12-07T13:58:05.828Z', '2020-12-11T13:24:34.689Z', true, 'pcs', 'Bertrand_Paucek@yahoo.com', 'Lera', 'submitted');
INSERT INTO bid (ct_email, ct_price, start_date, end_date, is_cash, transport_method, pet_owner, pet_name, bid_status) VALUES ('Myrl4@yahoo.com', 7, '2020-12-07T13:58:05.828Z', '2020-12-11T13:24:34.689Z', true, 'pickup', 'Chesley_Terry75@hotmail.com', 'Gavin', 'submitted');
INSERT INTO bid (ct_email, ct_price, start_date, end_date, is_cash, transport_method, pet_owner, pet_name, bid_status) VALUES ('Raegan_Fadel@hotmail.com', 15, '2020-12-07T13:58:05.828Z', '2020-12-11T13:24:34.689Z', true, 'pickup', 'Saige_Quigley@yahoo.com', 'Hiram', 'submitted');
INSERT INTO bid (ct_email, ct_price, start_date, end_date, is_cash, transport_method, pet_owner, pet_name, bid_status) VALUES ('Vern.Effertz58@yahoo.com', 14, '2020-12-07T13:58:05.828Z', '2020-12-11T13:24:34.689Z', true, 'pcs', 'Willow91@hotmail.com', 'Shane', 'submitted');
INSERT INTO bid (ct_email, ct_price, start_date, end_date, is_cash, transport_method, pet_owner, pet_name, bid_status) VALUES ('Ceasar_Nader3@gmail.com', 16, '2020-12-07T13:58:05.828Z', '2020-12-11T13:24:34.689Z', true, 'delivery', 'Kayleigh_Dickinson92@hotmail.com', 'Raquel', 'submitted');
INSERT INTO bid (ct_email, ct_price, start_date, end_date, is_cash, transport_method, pet_owner, pet_name, bid_status) VALUES ('Linda45@yahoo.com', 17, '2020-12-07T13:58:05.828Z', '2020-12-11T13:24:34.689Z', true, 'delivery', 'Shaniya_Towne@yahoo.com', 'Hoyt', 'submitted');
INSERT INTO bid (ct_email, ct_price, start_date, end_date, is_cash, transport_method, pet_owner, pet_name, bid_status) VALUES ('Catharine_Rolfson41@yahoo.com', 0, '2020-12-07T13:58:05.828Z', '2020-12-11T13:24:34.689Z', true, 'delivery', 'Jordane_Gerhold37@gmail.com', 'Nickolas', 'submitted');
INSERT INTO bid (ct_email, ct_price, start_date, end_date, is_cash, transport_method, pet_owner, pet_name, bid_status) VALUES ('Gardner_Balistreri32@yahoo.com', 1, '2020-12-07T13:58:05.828Z', '2020-12-11T13:24:34.689Z', true, 'pcs', 'Isaiah39@yahoo.com', 'Wilfrid', 'submitted');
INSERT INTO bid (ct_email, ct_price, start_date, end_date, is_cash, transport_method, pet_owner, pet_name, bid_status) VALUES ('Loma_Christiansen@hotmail.com', 14, '2020-12-07T13:58:05.828Z', '2020-12-11T13:24:34.689Z', true, 'pcs', 'Shaniya_Towne@yahoo.com', 'Rachelle', 'submitted');
INSERT INTO bid (ct_email, ct_price, start_date, end_date, is_cash, transport_method, pet_owner, pet_name, bid_status) VALUES ('Mohammad.Labadie0@gmail.com', 1, '2020-12-07T13:58:05.828Z', '2020-12-11T13:24:34.689Z', true, 'pickup', 'Herman_Bednar@yahoo.com', 'Emmet', 'submitted');
INSERT INTO bid (ct_email, ct_price, start_date, end_date, is_cash, transport_method, pet_owner, pet_name, bid_status) VALUES ('Charles.Gleichner@hotmail.com', 15, '2020-12-07T13:58:05.828Z', '2020-12-11T13:24:34.689Z', true, 'pcs', 'Lowell86@hotmail.com', 'Mona', 'submitted');
INSERT INTO bid (ct_email, ct_price, start_date, end_date, is_cash, transport_method, pet_owner, pet_name, bid_status) VALUES ('Ebony_Veum@gmail.com', 18, '2020-12-07T13:58:05.828Z', '2020-12-11T13:24:34.689Z', true, 'pickup', 'Gia92@gmail.com', 'Nedra', 'submitted');
INSERT INTO bid (ct_email, ct_price, start_date, end_date, is_cash, transport_method, pet_owner, pet_name, bid_status) VALUES ('Antoinette34@yahoo.com', 16, '2020-12-07T13:58:05.828Z', '2020-12-11T13:24:34.689Z', true, 'pcs', 'Gia92@gmail.com', 'Ashleigh', 'submitted');
INSERT INTO bid (ct_email, ct_price, start_date, end_date, is_cash, transport_method, pet_owner, pet_name, bid_status) VALUES ('Kaley30@gmail.com', 7, '2020-12-07T13:58:05.828Z', '2020-12-11T13:24:34.689Z', true, 'delivery', 'Madisen28@hotmail.com', 'Lavada', 'submitted');
INSERT INTO bid (ct_email, ct_price, start_date, end_date, is_cash, transport_method, pet_owner, pet_name, bid_status) VALUES ('Esta29@yahoo.com', 9, '2020-12-07T13:58:05.828Z', '2020-12-11T13:24:34.689Z', true, 'pcs', 'Alycia.Nader98@hotmail.com', 'Lupe', 'submitted');
INSERT INTO bid (ct_email, ct_price, start_date, end_date, is_cash, transport_method, pet_owner, pet_name, bid_status) VALUES ('Darwin38@yahoo.com', 16, '2020-12-07T13:58:05.828Z', '2020-12-11T13:24:34.689Z', true, 'pickup', 'Ebba64@gmail.com', 'Colleen', 'submitted');
INSERT INTO bid (ct_email, ct_price, start_date, end_date, is_cash, transport_method, pet_owner, pet_name, bid_status) VALUES ('Jamaal.Schulist@yahoo.com', 8, '2020-12-07T13:58:05.828Z', '2020-12-11T13:24:34.689Z', true, 'pcs', 'Rahsaan88@yahoo.com', 'Hubert', 'submitted');
INSERT INTO bid (ct_email, ct_price, start_date, end_date, is_cash, transport_method, pet_owner, pet_name, bid_status) VALUES ('Greg_Feest@yahoo.com', 13, '2020-12-07T13:58:05.828Z', '2020-12-11T13:24:34.689Z', true, 'delivery', 'Owen93@yahoo.com', 'Harley', 'submitted');
INSERT INTO bid (ct_email, ct_price, start_date, end_date, is_cash, transport_method, pet_owner, pet_name, bid_status) VALUES ('Zachariah_Bahringer35@yahoo.com', 18, '2020-12-07T13:58:05.828Z', '2020-12-11T13:24:34.689Z', true, 'delivery', 'Xavier_Adams@yahoo.com', 'Lucile', 'submitted');
INSERT INTO bid (ct_email, ct_price, start_date, end_date, is_cash, transport_method, pet_owner, pet_name, bid_status) VALUES ('Amanda.Sanford@yahoo.com', 19, '2020-12-07T13:58:05.828Z', '2020-12-11T13:24:34.689Z', true, 'pickup', 'Annie90@hotmail.com', 'Richie', 'submitted');
INSERT INTO bid (ct_email, ct_price, start_date, end_date, is_cash, transport_method, pet_owner, pet_name, bid_status) VALUES ('Arielle_Hettinger@gmail.com', 4, '2020-12-07T13:58:05.828Z', '2020-12-11T13:24:34.689Z', true, 'delivery', 'Jasen_Hirthe24@hotmail.com', 'Toni', 'submitted');
INSERT INTO bid (ct_email, ct_price, start_date, end_date, is_cash, transport_method, pet_owner, pet_name, bid_status) VALUES ('Rodrigo.Hand59@yahoo.com', 1, '2020-12-07T13:58:05.828Z', '2020-12-11T13:24:34.689Z', true, 'pickup', 'Clemmie.Satterfield@yahoo.com', 'Miller', 'submitted');
INSERT INTO bid (ct_email, ct_price, start_date, end_date, is_cash, transport_method, pet_owner, pet_name, bid_status) VALUES ('Aiden.Sporer@hotmail.com', 5, '2020-12-07T13:58:05.828Z', '2020-12-11T13:24:34.689Z', true, 'pickup', 'Theo.Hackett@gmail.com', 'Isac', 'submitted');
INSERT INTO bid (ct_email, ct_price, start_date, end_date, is_cash, transport_method, pet_owner, pet_name, bid_status) VALUES ('Verna_Braun72@yahoo.com', 10, '2020-12-07T13:58:05.828Z', '2020-12-11T13:24:34.689Z', true, 'pcs', 'Nathanial.Stanton31@hotmail.com', 'Ashtyn', 'submitted');
INSERT INTO bid (ct_email, ct_price, start_date, end_date, is_cash, transport_method, pet_owner, pet_name, bid_status) VALUES ('Elmira.Murray@hotmail.com', 15, '2020-12-07T13:58:05.828Z', '2020-12-11T13:24:34.689Z', true, 'pickup', 'Rudy51@yahoo.com', 'Trey', 'submitted');
INSERT INTO bid (ct_email, ct_price, start_date, end_date, is_cash, transport_method, pet_owner, pet_name, bid_status) VALUES ('Willow91@hotmail.com', 16, '2020-12-07T13:58:05.828Z', '2020-12-11T13:24:34.689Z', true, 'pickup', 'Enos.Reilly@hotmail.com', 'Leora', 'submitted');
INSERT INTO bid (ct_email, ct_price, start_date, end_date, is_cash, transport_method, pet_owner, pet_name, bid_status) VALUES ('Haven_Mann13@gmail.com', 5, '2020-12-07T13:58:05.828Z', '2020-12-11T13:24:34.689Z', true, 'pickup', 'Berenice.Hirthe@yahoo.com', 'Esmeralda', 'submitted');
INSERT INTO bid (ct_email, ct_price, start_date, end_date, is_cash, transport_method, pet_owner, pet_name, bid_status) VALUES ('Travon56@hotmail.com', 1, '2020-12-07T13:58:05.828Z', '2020-12-11T13:24:34.689Z', true, 'pickup', 'Sydney.McClure0@gmail.com', 'Alf', 'submitted');
INSERT INTO bid (ct_email, ct_price, start_date, end_date, is_cash, transport_method, pet_owner, pet_name, bid_status) VALUES ('Marcelle_Breitenberg@gmail.com', 3, '2020-12-07T13:58:05.828Z', '2020-12-11T13:24:34.689Z', true, 'delivery', 'Haven_Mann13@gmail.com', 'Elva', 'submitted');
INSERT INTO bid (ct_email, ct_price, start_date, end_date, is_cash, transport_method, pet_owner, pet_name, bid_status) VALUES ('Brant_Denesik17@hotmail.com', 15, '2020-12-07T13:58:05.828Z', '2020-12-11T13:24:34.689Z', true, 'delivery', 'Jay15@gmail.com', 'Dortha', 'submitted');
INSERT INTO bid (ct_email, ct_price, start_date, end_date, is_cash, transport_method, pet_owner, pet_name, bid_status) VALUES ('Loy85@gmail.com', 10, '2020-12-07T13:58:05.828Z', '2020-12-11T13:24:34.689Z', true, 'delivery', 'Gregory.Krajcik94@yahoo.com', 'Alan', 'submitted');
INSERT INTO bid (ct_email, ct_price, start_date, end_date, is_cash, transport_method, pet_owner, pet_name, bid_status) VALUES ('Dudley.Schaefer38@yahoo.com', 4, '2020-12-07T13:58:05.828Z', '2020-12-11T13:24:34.689Z', true, 'pcs', 'Hallie_Wiegand7@hotmail.com', 'Brody', 'submitted');
INSERT INTO bid (ct_email, ct_price, start_date, end_date, is_cash, transport_method, pet_owner, pet_name, bid_status) VALUES ('Dolores.Gaylord@hotmail.com', 6, '2020-12-07T13:58:05.828Z', '2020-12-11T13:24:34.689Z', true, 'pickup', 'Reva.Crist@gmail.com', 'Wilma', 'submitted');
INSERT INTO bid (ct_email, ct_price, start_date, end_date, is_cash, transport_method, pet_owner, pet_name, bid_status) VALUES ('Hadley_Little28@hotmail.com', 1, '2020-12-07T13:58:05.828Z', '2020-12-11T13:24:34.689Z', true, 'pickup', 'Clay.Nader10@gmail.com', 'Felton', 'submitted');
INSERT INTO bid (ct_email, ct_price, start_date, end_date, is_cash, transport_method, pet_owner, pet_name, bid_status) VALUES ('King82@yahoo.com', 8, '2020-12-07T13:58:05.828Z', '2020-12-11T13:24:34.689Z', true, 'pcs', 'Madisyn_Gaylord@gmail.com', 'Arlene', 'submitted');
INSERT INTO bid (ct_email, ct_price, start_date, end_date, is_cash, transport_method, pet_owner, pet_name, bid_status) VALUES ('Roel.Howell27@hotmail.com', 5, '2020-12-07T13:58:05.828Z', '2020-12-11T13:24:34.689Z', true, 'pcs', 'Maddison62@hotmail.com', 'Bertha', 'submitted');
INSERT INTO bid (ct_email, ct_price, start_date, end_date, is_cash, transport_method, pet_owner, pet_name, bid_status) VALUES ('Hester7@hotmail.com', 7, '2020-12-07T13:58:05.828Z', '2020-12-11T13:24:34.689Z', true, 'delivery', 'Travon56@hotmail.com', 'Claudine', 'submitted');
INSERT INTO bid (ct_email, ct_price, start_date, end_date, is_cash, transport_method, pet_owner, pet_name, bid_status) VALUES ('Vena.Schmeler65@hotmail.com', 6, '2020-12-07T13:58:05.828Z', '2020-12-11T13:24:34.689Z', true, 'pickup', 'Daphney_Schmeler@hotmail.com', 'Macie', 'submitted');
INSERT INTO bid (ct_email, ct_price, start_date, end_date, is_cash, transport_method, pet_owner, pet_name, bid_status) VALUES ('Noah_Maggio64@yahoo.com', 5, '2020-12-07T13:58:05.828Z', '2020-12-11T13:24:34.689Z', true, 'pcs', 'Dudley_Davis48@yahoo.com', 'Otis', 'submitted');
INSERT INTO bid (ct_email, ct_price, start_date, end_date, is_cash, transport_method, pet_owner, pet_name, bid_status) VALUES ('Ethel.Shields91@gmail.com', 17, '2020-12-07T13:58:05.828Z', '2020-12-11T13:24:34.689Z', true, 'pickup', 'Jarvis.Schneider7@hotmail.com', 'Jedediah', 'submitted');
INSERT INTO bid (ct_email, ct_price, start_date, end_date, is_cash, transport_method, pet_owner, pet_name, bid_status) VALUES ('Aurelie.Muller77@gmail.com', 19, '2020-12-07T13:58:05.828Z', '2020-12-11T13:24:34.689Z', true, 'pickup', 'Olin19@yahoo.com', 'Gennaro', 'submitted');
INSERT INTO bid (ct_email, ct_price, start_date, end_date, is_cash, transport_method, pet_owner, pet_name, bid_status) VALUES ('Lisandro83@hotmail.com', 3, '2020-12-07T13:58:05.828Z', '2020-12-11T13:24:34.689Z', true, 'pickup', 'Michaela59@yahoo.com', 'Jackeline', 'submitted');
INSERT INTO bid (ct_email, ct_price, start_date, end_date, is_cash, transport_method, pet_owner, pet_name, bid_status) VALUES ('Hannah_Wolf@gmail.com', 15, '2020-12-07T13:58:05.828Z', '2020-12-11T13:24:34.689Z', true, 'pickup', 'Lon47@yahoo.com', 'Nayeli', 'submitted');
INSERT INTO bid (ct_email, ct_price, start_date, end_date, is_cash, transport_method, pet_owner, pet_name, bid_status) VALUES ('Letitia_Brekke@hotmail.com', 20, '2020-12-07T13:58:05.828Z', '2020-12-11T13:24:34.689Z', true, 'delivery', 'Hailee_Zieme@hotmail.com', 'Jaleel', 'submitted');
INSERT INTO bid (ct_email, ct_price, start_date, end_date, is_cash, transport_method, pet_owner, pet_name, bid_status) VALUES ('Kyleigh.Nicolas32@gmail.com', 7, '2020-12-07T13:58:05.828Z', '2020-12-11T13:24:34.689Z', true, 'pcs', 'Chadd25@gmail.com', 'Nichole', 'submitted');
INSERT INTO bid (ct_email, ct_price, start_date, end_date, is_cash, transport_method, pet_owner, pet_name, bid_status) VALUES ('Eudora.Goodwin65@yahoo.com', 11, '2020-12-07T13:58:05.828Z', '2020-12-11T13:24:34.689Z', true, 'delivery', 'Thad.Reichel@yahoo.com', 'Cristobal', 'submitted');
INSERT INTO bid (ct_email, ct_price, start_date, end_date, is_cash, transport_method, pet_owner, pet_name, bid_status) VALUES ('Hubert.Auer@hotmail.com', 15, '2020-12-07T13:58:05.828Z', '2020-12-11T13:24:34.689Z', true, 'delivery', 'Darwin38@yahoo.com', 'Kathleen', 'submitted');
INSERT INTO bid (ct_email, ct_price, start_date, end_date, is_cash, transport_method, pet_owner, pet_name, bid_status) VALUES ('Sarah.Cremin64@yahoo.com', 15, '2020-12-07T13:58:05.828Z', '2020-12-11T13:24:34.689Z', true, 'pickup', 'Braden12@gmail.com', 'Estella', 'submitted');
INSERT INTO bid (ct_email, ct_price, start_date, end_date, is_cash, transport_method, pet_owner, pet_name, bid_status) VALUES ('Dominic.Senger@yahoo.com', 19, '2020-12-07T13:58:05.828Z', '2020-12-11T13:24:34.689Z', true, 'delivery', 'Ila23@yahoo.com', 'Elvis', 'submitted');
INSERT INTO bid (ct_email, ct_price, start_date, end_date, is_cash, transport_method, pet_owner, pet_name, bid_status) VALUES ('Sabrina70@hotmail.com', 10, '2020-12-07T13:58:05.828Z', '2020-12-11T13:24:34.689Z', true, 'pickup', 'Estell28@yahoo.com', 'Laisha', 'submitted');
INSERT INTO bid (ct_email, ct_price, start_date, end_date, is_cash, transport_method, pet_owner, pet_name, bid_status) VALUES ('Savanna28@hotmail.com', 19, '2020-12-07T13:58:05.828Z', '2020-12-11T13:24:34.689Z', true, 'delivery', 'Letitia_Brekke@hotmail.com', 'Odell', 'submitted');
INSERT INTO bid (ct_email, ct_price, start_date, end_date, is_cash, transport_method, pet_owner, pet_name, bid_status) VALUES ('Esther.Bednar@gmail.com', 9, '2020-12-07T13:58:05.828Z', '2020-12-11T13:24:34.689Z', true, 'pcs', 'Lessie_Thompson@gmail.com', 'Wallace', 'submitted');
INSERT INTO bid (ct_email, ct_price, start_date, end_date, is_cash, transport_method, pet_owner, pet_name, bid_status) VALUES ('Kellen70@gmail.com', 1, '2020-12-07T13:58:05.828Z', '2020-12-11T13:24:34.689Z', true, 'pcs', 'Carmela.Flatley@gmail.com', 'Katlyn', 'submitted');
INSERT INTO bid (ct_email, ct_price, start_date, end_date, is_cash, transport_method, pet_owner, pet_name, bid_status) VALUES ('Andreane_Boyer83@gmail.com', 2, '2020-12-07T13:58:05.828Z', '2020-12-11T13:24:34.689Z', true, 'pickup', 'Shaun_Herzog@yahoo.com', 'Asia', 'submitted');
INSERT INTO bid (ct_email, ct_price, start_date, end_date, is_cash, transport_method, pet_owner, pet_name, bid_status) VALUES ('Furman12@hotmail.com', 15, '2020-12-07T13:58:05.828Z', '2020-12-11T13:24:34.689Z', true, 'pcs', 'Adolph15@gmail.com', 'Sophie', 'submitted');
INSERT INTO bid (ct_email, ct_price, start_date, end_date, is_cash, transport_method, pet_owner, pet_name, bid_status) VALUES ('Caroline.Hane@gmail.com', 0, '2020-12-07T13:58:05.828Z', '2020-12-11T13:24:34.689Z', true, 'pickup', 'Derrick.Turcotte75@hotmail.com', 'Mozell', 'submitted');
INSERT INTO bid (ct_email, ct_price, start_date, end_date, is_cash, transport_method, pet_owner, pet_name, bid_status) VALUES ('Amaya.Lang@gmail.com', 8, '2020-12-07T13:58:05.828Z', '2020-12-11T13:24:34.689Z', true, 'pickup', 'Gillian69@gmail.com', 'Antonio', 'submitted');
INSERT INTO bid (ct_email, ct_price, start_date, end_date, is_cash, transport_method, pet_owner, pet_name, bid_status) VALUES ('Jaron.Cassin@gmail.com', 17, '2020-12-07T13:58:05.828Z', '2020-12-11T13:24:34.689Z', true, 'delivery', 'Lisette35@hotmail.com', 'Furman', 'submitted');
INSERT INTO bid (ct_email, ct_price, start_date, end_date, is_cash, transport_method, pet_owner, pet_name, bid_status) VALUES ('Rocky45@hotmail.com', 17, '2020-12-07T13:58:05.828Z', '2020-12-11T13:24:34.689Z', true, 'pcs', 'Britney_Reilly96@hotmail.com', 'Chasity', 'submitted');
INSERT INTO bid (ct_email, ct_price, start_date, end_date, is_cash, transport_method, pet_owner, pet_name, bid_status) VALUES ('Delfina61@gmail.com', 6, '2020-12-07T13:58:05.828Z', '2020-12-11T13:24:34.689Z', true, 'pickup', 'Wilfredo_Crooks@yahoo.com', 'Jane', 'submitted');
INSERT INTO bid (ct_email, ct_price, start_date, end_date, is_cash, transport_method, pet_owner, pet_name, bid_status) VALUES ('Alessandro56@hotmail.com', 20, '2020-12-07T13:58:05.828Z', '2020-12-11T13:24:34.689Z', true, 'pcs', 'Santos_Robel66@gmail.com', 'Melany', 'submitted');
INSERT INTO bid (ct_email, ct_price, start_date, end_date, is_cash, transport_method, pet_owner, pet_name, bid_status) VALUES ('Kathlyn_Rowe21@yahoo.com', 17, '2020-12-07T13:58:05.828Z', '2020-12-11T13:24:34.689Z', true, 'pcs', 'Zelma.Metz@gmail.com', 'Arvid', 'submitted');
INSERT INTO bid (ct_email, ct_price, start_date, end_date, is_cash, transport_method, pet_owner, pet_name, bid_status) VALUES ('Jackson_Baumbach@gmail.com', 4, '2020-12-07T13:58:05.828Z', '2020-12-11T13:24:34.689Z', true, 'delivery', 'Furman12@hotmail.com', 'Hoyt', 'submitted');
INSERT INTO bid (ct_email, ct_price, start_date, end_date, is_cash, transport_method, pet_owner, pet_name, bid_status) VALUES ('Oscar.Sporer@gmail.com', 6, '2020-12-07T13:58:05.828Z', '2020-12-11T13:24:34.689Z', true, 'delivery', 'Joaquin.Wiegand@gmail.com', 'Rodrick', 'submitted');
INSERT INTO bid (ct_email, ct_price, start_date, end_date, is_cash, transport_method, pet_owner, pet_name, bid_status) VALUES ('Tyrique_Abernathy@yahoo.com', 8, '2020-12-07T13:58:05.828Z', '2020-12-11T13:24:34.689Z', true, 'pcs', 'Blaze.Zulauf@gmail.com', 'Courtney', 'submitted');
INSERT INTO bid (ct_email, ct_price, start_date, end_date, is_cash, transport_method, pet_owner, pet_name, bid_status) VALUES ('Arturo92@yahoo.com', 11, '2020-12-07T13:58:05.828Z', '2020-12-11T13:24:34.689Z', true, 'pickup', 'Katarina41@gmail.com', 'Karolann', 'submitted');
INSERT INTO bid (ct_email, ct_price, start_date, end_date, is_cash, transport_method, pet_owner, pet_name, bid_status) VALUES ('Keshaun.Morar93@yahoo.com', 0, '2020-12-07T13:58:05.828Z', '2020-12-11T13:24:34.689Z', true, 'pickup', 'Eloisa_Murphy@gmail.com', 'Ignacio', 'submitted');
INSERT INTO bid (ct_email, ct_price, start_date, end_date, is_cash, transport_method, pet_owner, pet_name, bid_status) VALUES ('Nash_Connelly76@yahoo.com', 15, '2020-12-07T13:58:05.828Z', '2020-12-11T13:24:34.689Z', true, 'pickup', 'Logan.Hettinger@yahoo.com', 'Trent', 'submitted');
INSERT INTO bid (ct_email, ct_price, start_date, end_date, is_cash, transport_method, pet_owner, pet_name, bid_status) VALUES ('Myriam.Ortiz@hotmail.com', 9, '2020-12-07T13:58:05.828Z', '2020-12-11T13:24:34.689Z', true, 'pcs', 'Noble70@gmail.com', 'Patsy', 'submitted');
INSERT INTO bid (ct_email, ct_price, start_date, end_date, is_cash, transport_method, pet_owner, pet_name, bid_status) VALUES ('Sabrina.Lockman65@gmail.com', 13, '2020-12-07T13:58:05.828Z', '2020-12-11T13:24:34.689Z', true, 'delivery', 'Janae_Rohan89@hotmail.com', 'Lambert', 'submitted');
INSERT INTO bid (ct_email, ct_price, start_date, end_date, is_cash, transport_method, pet_owner, pet_name, bid_status) VALUES ('Aglae.Marquardt3@gmail.com', 17, '2020-12-07T13:58:05.828Z', '2020-12-11T13:24:34.689Z', true, 'pickup', 'Hadley_Brakus81@gmail.com', 'Coy', 'submitted');
INSERT INTO bid (ct_email, ct_price, start_date, end_date, is_cash, transport_method, pet_owner, pet_name, bid_status) VALUES ('Lulu.DAmore@hotmail.com', 2, '2020-12-07T13:58:05.828Z', '2020-12-11T13:24:34.689Z', true, 'pcs', 'Jake9@gmail.com', 'Keith', 'submitted');
INSERT INTO bid (ct_email, ct_price, start_date, end_date, is_cash, transport_method, pet_owner, pet_name, bid_status) VALUES ('Reina_Keeling42@yahoo.com', 7, '2020-12-07T13:58:05.828Z', '2020-12-11T13:24:34.689Z', true, 'pickup', 'Clare_Senger@yahoo.com', 'Jeremie', 'submitted');
INSERT INTO bid (ct_email, ct_price, start_date, end_date, is_cash, transport_method, pet_owner, pet_name, bid_status) VALUES ('Reba31@gmail.com', 9, '2020-12-07T13:58:05.828Z', '2020-12-11T13:24:34.689Z', true, 'delivery', 'Riley.Bernhard@hotmail.com', 'Jayne', 'submitted');
INSERT INTO bid (ct_email, ct_price, start_date, end_date, is_cash, transport_method, pet_owner, pet_name, bid_status) VALUES ('Ferne.Reichert@hotmail.com', 11, '2020-12-07T13:58:05.828Z', '2020-12-11T13:24:34.689Z', true, 'pickup', 'Abbey72@hotmail.com', 'Lonny', 'submitted');
INSERT INTO bid (ct_email, ct_price, start_date, end_date, is_cash, transport_method, pet_owner, pet_name, bid_status) VALUES ('Ariane.Sanford@gmail.com', 18, '2020-12-07T13:58:05.828Z', '2020-12-11T13:24:34.689Z', true, 'pickup', 'Lourdes_Krajcik@gmail.com', 'Hettie', 'submitted');
INSERT INTO bid (ct_email, ct_price, start_date, end_date, is_cash, transport_method, pet_owner, pet_name, bid_status) VALUES ('Leon52@yahoo.com', 6, '2020-12-07T13:58:05.828Z', '2020-12-11T13:24:34.689Z', true, 'pickup', 'Ethyl44@gmail.com', 'Jennifer', 'submitted');
INSERT INTO bid (ct_email, ct_price, start_date, end_date, is_cash, transport_method, pet_owner, pet_name, bid_status) VALUES ('Cleora_Fritsch89@hotmail.com', 16, '2020-12-07T13:58:05.828Z', '2020-12-11T13:24:34.689Z', true, 'delivery', 'Gerhard_Johnston22@hotmail.com', 'Green', 'submitted');
INSERT INTO bid (ct_email, ct_price, start_date, end_date, is_cash, transport_method, pet_owner, pet_name, bid_status) VALUES ('Viola.Gibson59@yahoo.com', 17, '2020-12-07T13:58:05.828Z', '2020-12-11T13:24:34.689Z', true, 'pickup', 'Adolf_Cummings@yahoo.com', 'Ladarius', 'submitted');
INSERT INTO bid (ct_email, ct_price, start_date, end_date, is_cash, transport_method, pet_owner, pet_name, bid_status) VALUES ('Claire.Considine@hotmail.com', 2, '2020-12-07T13:58:05.828Z', '2020-12-11T13:24:34.689Z', true, 'pickup', 'Cole.Kohler@hotmail.com', 'Mallie', 'submitted');
INSERT INTO bid (ct_email, ct_price, start_date, end_date, is_cash, transport_method, pet_owner, pet_name, bid_status) VALUES ('Flavie.West@gmail.com', 14, '2020-12-07T13:58:05.828Z', '2020-12-11T13:24:34.689Z', true, 'pcs', 'Raleigh50@yahoo.com', 'Lorenza', 'submitted');
INSERT INTO bid (ct_email, ct_price, start_date, end_date, is_cash, transport_method, pet_owner, pet_name, bid_status) VALUES ('Jason_Harris@hotmail.com', 11, '2020-12-07T13:58:05.828Z', '2020-12-11T13:24:34.689Z', true, 'delivery', 'Edmund_Sauer94@hotmail.com', 'Quinn', 'submitted');
INSERT INTO bid (ct_email, ct_price, start_date, end_date, is_cash, transport_method, pet_owner, pet_name, bid_status) VALUES ('Ila23@yahoo.com', 19, '2020-12-07T13:58:05.828Z', '2020-12-11T13:24:34.689Z', true, 'pickup', 'Ephraim_Barton93@hotmail.com', 'Kaci', 'submitted');
INSERT INTO bid (ct_email, ct_price, start_date, end_date, is_cash, transport_method, pet_owner, pet_name, bid_status) VALUES ('Shemar95@yahoo.com', 4, '2020-12-07T13:58:05.828Z', '2020-12-11T13:24:34.689Z', true, 'delivery', 'Letitia_Brekke@hotmail.com', 'Federico', 'submitted');
INSERT INTO bid (ct_email, ct_price, start_date, end_date, is_cash, transport_method, pet_owner, pet_name, bid_status) VALUES ('Sydnee48@yahoo.com', 2, '2020-12-07T13:58:05.828Z', '2020-12-11T13:24:34.689Z', true, 'pcs', 'Katlynn.Will@gmail.com', 'Tessie', 'submitted');
INSERT INTO bid (ct_email, ct_price, start_date, end_date, is_cash, transport_method, pet_owner, pet_name, bid_status) VALUES ('Maxine.Feil87@yahoo.com', 19, '2020-12-07T13:58:05.828Z', '2020-12-11T13:24:34.689Z', true, 'pickup', 'Loy85@gmail.com', 'Vladimir', 'submitted');
INSERT INTO bid (ct_email, ct_price, start_date, end_date, is_cash, transport_method, pet_owner, pet_name, bid_status) VALUES ('Jana88@hotmail.com', 5, '2020-12-07T13:58:05.828Z', '2020-12-11T13:24:34.689Z', true, 'pcs', 'Xavier73@gmail.com', 'Phyllis', 'submitted');
INSERT INTO bid (ct_email, ct_price, start_date, end_date, is_cash, transport_method, pet_owner, pet_name, bid_status) VALUES ('Hilda0@hotmail.com', 17, '2020-12-07T13:58:05.828Z', '2020-12-11T13:24:34.689Z', true, 'delivery', 'Linda45@yahoo.com', 'Dewitt', 'submitted');
INSERT INTO bid (ct_email, ct_price, start_date, end_date, is_cash, transport_method, pet_owner, pet_name, bid_status) VALUES ('Enos.OReilly76@gmail.com', 3, '2020-12-07T13:58:05.828Z', '2020-12-11T13:24:34.689Z', true, 'pickup', 'Juana51@hotmail.com', 'Eleanore', 'submitted');
INSERT INTO bid (ct_email, ct_price, start_date, end_date, is_cash, transport_method, pet_owner, pet_name, bid_status) VALUES ('Jordane.Mayert@hotmail.com', 4, '2020-12-07T13:58:05.828Z', '2020-12-11T13:24:34.689Z', true, 'delivery', 'Lawrence16@yahoo.com', 'Claudine', 'submitted');
INSERT INTO bid (ct_email, ct_price, start_date, end_date, is_cash, transport_method, pet_owner, pet_name, bid_status) VALUES ('Kelley32@gmail.com', 7, '2020-12-07T13:58:05.828Z', '2020-12-11T13:24:34.689Z', true, 'delivery', 'Juston61@hotmail.com', 'Kassandra', 'submitted');
INSERT INTO bid (ct_email, ct_price, start_date, end_date, is_cash, transport_method, pet_owner, pet_name, bid_status) VALUES ('Francisca_Bosco@gmail.com', 18, '2020-12-07T13:58:05.828Z', '2020-12-11T13:24:34.689Z', true, 'delivery', 'Shea78@yahoo.com', 'Selina', 'submitted');
INSERT INTO bid (ct_email, ct_price, start_date, end_date, is_cash, transport_method, pet_owner, pet_name, bid_status) VALUES ('Emile_Johnson25@gmail.com', 0, '2020-12-07T13:58:05.828Z', '2020-12-11T13:24:34.689Z', true, 'pcs', 'Citlalli.Windler@hotmail.com', 'Antoinette', 'submitted');
INSERT INTO bid (ct_email, ct_price, start_date, end_date, is_cash, transport_method, pet_owner, pet_name, bid_status) VALUES ('Tierra59@yahoo.com', 14, '2020-12-07T13:58:05.828Z', '2020-12-11T13:24:34.689Z', true, 'pickup', 'Millie75@yahoo.com', 'Roderick', 'submitted');
INSERT INTO bid (ct_email, ct_price, start_date, end_date, is_cash, transport_method, pet_owner, pet_name, bid_status) VALUES ('Kaya.Kassulke@gmail.com', 4, '2020-12-07T13:58:05.828Z', '2020-12-11T13:24:34.689Z', true, 'delivery', 'Franco_Schuster78@hotmail.com', 'Annalise', 'submitted');
INSERT INTO bid (ct_email, ct_price, start_date, end_date, is_cash, transport_method, pet_owner, pet_name, bid_status) VALUES ('Katarina41@gmail.com', 11, '2020-12-07T13:58:05.828Z', '2020-12-11T13:24:34.689Z', true, 'delivery', 'Nathanial.Stanton31@hotmail.com', 'Chelsie', 'submitted');
INSERT INTO bid (ct_email, ct_price, start_date, end_date, is_cash, transport_method, pet_owner, pet_name, bid_status) VALUES ('Isai_Crooks@gmail.com', 19, '2020-12-07T13:58:05.828Z', '2020-12-11T13:24:34.689Z', true, 'pcs', 'Beth_Farrell87@hotmail.com', 'Kira', 'submitted');
INSERT INTO bid (ct_email, ct_price, start_date, end_date, is_cash, transport_method, pet_owner, pet_name, bid_status) VALUES ('Winfield_Gislason@hotmail.com', 5, '2020-12-07T13:58:05.828Z', '2020-12-11T13:24:34.689Z', true, 'pickup', 'Cole.Kohler@hotmail.com', 'Jayda', 'submitted');
INSERT INTO bid (ct_email, ct_price, start_date, end_date, is_cash, transport_method, pet_owner, pet_name, bid_status) VALUES ('Ressie7@hotmail.com', 20, '2020-12-07T13:58:05.828Z', '2020-12-11T13:24:34.689Z', true, 'delivery', 'Marley.Kautzer@yahoo.com', 'Araceli', 'submitted');
INSERT INTO bid (ct_email, ct_price, start_date, end_date, is_cash, transport_method, pet_owner, pet_name, bid_status) VALUES ('Chauncey96@hotmail.com', 1, '2020-12-07T13:58:05.828Z', '2020-12-11T13:24:34.689Z', true, 'pcs', 'Tressie78@gmail.com', 'Diego', 'submitted');
INSERT INTO bid (ct_email, ct_price, start_date, end_date, is_cash, transport_method, pet_owner, pet_name, bid_status) VALUES ('Carolanne47@yahoo.com', 8, '2020-12-07T13:58:05.828Z', '2020-12-11T13:24:34.689Z', true, 'pcs', 'Adela_Altenwerth99@yahoo.com', 'Anika', 'submitted');
INSERT INTO bid (ct_email, ct_price, start_date, end_date, is_cash, transport_method, pet_owner, pet_name, bid_status) VALUES ('Britney_Dooley@hotmail.com', 5, '2020-12-07T13:58:05.828Z', '2020-12-11T13:24:34.689Z', true, 'delivery', 'Velda_King@gmail.com', 'Llewellyn', 'submitted');
INSERT INTO bid (ct_email, ct_price, start_date, end_date, is_cash, transport_method, pet_owner, pet_name, bid_status) VALUES ('Nathaniel_Stiedemann@gmail.com', 2, '2020-12-07T13:58:05.828Z', '2020-12-11T13:24:34.689Z', true, 'delivery', 'Eugene_Morissette30@yahoo.com', 'Furman', 'submitted');
INSERT INTO bid (ct_email, ct_price, start_date, end_date, is_cash, transport_method, pet_owner, pet_name, bid_status) VALUES ('Alexzander.Lockman@gmail.com', 1, '2020-12-07T13:58:05.828Z', '2020-12-11T13:24:34.689Z', true, 'pcs', 'Andre34@yahoo.com', 'Christine', 'submitted');
INSERT INTO bid (ct_email, ct_price, start_date, end_date, is_cash, transport_method, pet_owner, pet_name, bid_status) VALUES ('Andreane42@hotmail.com', 12, '2020-12-07T13:58:05.828Z', '2020-12-11T13:24:34.689Z', true, 'delivery', 'Maudie65@hotmail.com', 'Chanelle', 'submitted');
INSERT INTO bid (ct_email, ct_price, start_date, end_date, is_cash, transport_method, pet_owner, pet_name, bid_status) VALUES ('Nathanael59@yahoo.com', 18, '2020-12-07T13:58:05.828Z', '2020-12-11T13:24:34.689Z', true, 'pickup', 'Bella71@hotmail.com', 'Claudine', 'submitted');
INSERT INTO bid (ct_email, ct_price, start_date, end_date, is_cash, transport_method, pet_owner, pet_name, bid_status) VALUES ('Javon_Spencer69@gmail.com', 17, '2020-12-07T13:58:05.828Z', '2020-12-11T13:24:34.689Z', true, 'pcs', 'Emmie_Dicki@hotmail.com', 'Audra', 'submitted');
INSERT INTO bid (ct_email, ct_price, start_date, end_date, is_cash, transport_method, pet_owner, pet_name, bid_status) VALUES ('Rae.McKenzie@hotmail.com', 8, '2020-12-07T13:58:05.828Z', '2020-12-11T13:24:34.689Z', true, 'pickup', 'Blaze.Zulauf@gmail.com', 'Hubert', 'submitted');
INSERT INTO bid (ct_email, ct_price, start_date, end_date, is_cash, transport_method, pet_owner, pet_name, bid_status) VALUES ('Gerardo78@yahoo.com', 18, '2020-12-07T13:58:05.828Z', '2020-12-11T13:24:34.689Z', true, 'delivery', 'Precious_Terry@yahoo.com', 'Eloise', 'submitted');
INSERT INTO bid (ct_email, ct_price, start_date, end_date, is_cash, transport_method, pet_owner, pet_name, bid_status) VALUES ('Maddison62@hotmail.com', 18, '2020-12-07T13:58:05.828Z', '2020-12-11T13:24:34.689Z', true, 'pcs', 'Raleigh.Donnelly60@hotmail.com', 'Lew', 'submitted');
INSERT INTO bid (ct_email, ct_price, start_date, end_date, is_cash, transport_method, pet_owner, pet_name, bid_status) VALUES ('Noble70@gmail.com', 9, '2020-12-07T13:58:05.828Z', '2020-12-11T13:24:34.689Z', true, 'delivery', 'Alexzander.Lockman@gmail.com', 'Efren', 'submitted');
INSERT INTO bid (ct_email, ct_price, start_date, end_date, is_cash, transport_method, pet_owner, pet_name, bid_status) VALUES ('Nickolas23@gmail.com', 8, '2020-12-07T13:58:05.828Z', '2020-12-11T13:24:34.689Z', true, 'delivery', 'Abdul.Greenholt@yahoo.com', 'Emile', 'submitted');
INSERT INTO bid (ct_email, ct_price, start_date, end_date, is_cash, transport_method, pet_owner, pet_name, bid_status) VALUES ('Precious_Terry@yahoo.com', 1, '2020-12-07T13:58:05.828Z', '2020-12-11T13:24:34.689Z', true, 'pcs', 'Neal.Schuster67@hotmail.com', 'Destiny', 'submitted');
INSERT INTO bid (ct_email, ct_price, start_date, end_date, is_cash, transport_method, pet_owner, pet_name, bid_status) VALUES ('Demetrius.Schaefer58@yahoo.com', 8, '2020-12-07T13:58:05.828Z', '2020-12-11T13:24:34.689Z', true, 'delivery', 'Frida_Nicolas@gmail.com', 'Germaine', 'submitted');
INSERT INTO bid (ct_email, ct_price, start_date, end_date, is_cash, transport_method, pet_owner, pet_name, bid_status) VALUES ('Nico9@gmail.com', 10, '2020-12-07T13:58:05.828Z', '2020-12-11T13:24:34.689Z', true, 'delivery', 'Kyleigh.Nicolas32@gmail.com', 'Janice', 'submitted');
INSERT INTO bid (ct_email, ct_price, start_date, end_date, is_cash, transport_method, pet_owner, pet_name, bid_status) VALUES ('Augustus_Osinski@hotmail.com', 5, '2020-12-07T13:58:05.828Z', '2020-12-11T13:24:34.689Z', true, 'pcs', 'Harold.Altenwerth@hotmail.com', 'Amya', 'submitted');
INSERT INTO bid (ct_email, ct_price, start_date, end_date, is_cash, transport_method, pet_owner, pet_name, bid_status) VALUES ('Dessie.Stokes98@hotmail.com', 2, '2020-12-07T13:58:05.828Z', '2020-12-11T13:24:34.689Z', true, 'pickup', 'Nikolas_Torp90@gmail.com', 'Chauncey', 'submitted');
INSERT INTO bid (ct_email, ct_price, start_date, end_date, is_cash, transport_method, pet_owner, pet_name, bid_status) VALUES ('Margot.Abshire@gmail.com', 1, '2020-12-07T13:58:05.828Z', '2020-12-11T13:24:34.689Z', true, 'pickup', 'Jocelyn_Beer@gmail.com', 'Wilma', 'submitted');
INSERT INTO bid (ct_email, ct_price, start_date, end_date, is_cash, transport_method, pet_owner, pet_name, bid_status) VALUES ('Emmie_Dicki@hotmail.com', 15, '2020-12-07T13:58:05.828Z', '2020-12-11T13:24:34.689Z', true, 'delivery', 'Viva_Lind65@gmail.com', 'Effie', 'submitted');
INSERT INTO bid (ct_email, ct_price, start_date, end_date, is_cash, transport_method, pet_owner, pet_name, bid_status) VALUES ('Webster21@hotmail.com', 9, '2020-12-07T13:58:05.828Z', '2020-12-11T13:24:34.689Z', true, 'delivery', 'Kellen70@gmail.com', 'Giovanny', 'submitted');
INSERT INTO bid (ct_email, ct_price, start_date, end_date, is_cash, transport_method, pet_owner, pet_name, bid_status) VALUES ('Makenzie_Block21@yahoo.com', 18, '2020-12-07T13:58:05.828Z', '2020-12-11T13:24:34.689Z', true, 'pickup', 'Quinn.Ankunding@yahoo.com', 'Janessa', 'submitted');
INSERT INTO bid (ct_email, ct_price, start_date, end_date, is_cash, transport_method, pet_owner, pet_name, bid_status) VALUES ('Zula_Mayer88@hotmail.com', 2, '2020-12-07T13:58:05.828Z', '2020-12-11T13:24:34.689Z', true, 'pcs', 'Doug_Dach90@hotmail.com', 'Deion', 'submitted');
INSERT INTO bid (ct_email, ct_price, start_date, end_date, is_cash, transport_method, pet_owner, pet_name, bid_status) VALUES ('Kaleb24@gmail.com', 12, '2020-12-07T13:58:05.828Z', '2020-12-11T13:24:34.689Z', true, 'pcs', 'Britney_Dooley@hotmail.com', 'Rosemary', 'submitted');
INSERT INTO bid (ct_email, ct_price, start_date, end_date, is_cash, transport_method, pet_owner, pet_name, bid_status) VALUES ('Adelle50@hotmail.com', 2, '2020-12-07T13:58:05.828Z', '2020-12-11T13:24:34.689Z', true, 'pcs', 'Keyon35@yahoo.com', 'Kieran', 'submitted');
INSERT INTO bid (ct_email, ct_price, start_date, end_date, is_cash, transport_method, pet_owner, pet_name, bid_status) VALUES ('Daniela90@yahoo.com', 17, '2020-12-07T13:58:05.828Z', '2020-12-11T13:24:34.689Z', true, 'delivery', 'Hudson.Barrows@hotmail.com', 'Jonathon', 'submitted');
INSERT INTO bid (ct_email, ct_price, start_date, end_date, is_cash, transport_method, pet_owner, pet_name, bid_status) VALUES ('Zechariah65@hotmail.com', 16, '2020-12-07T13:58:05.828Z', '2020-12-11T13:24:34.689Z', true, 'pcs', 'Selena_Block@hotmail.com', 'Katelyn', 'submitted');
INSERT INTO bid (ct_email, ct_price, start_date, end_date, is_cash, transport_method, pet_owner, pet_name, bid_status) VALUES ('Jackeline.Schmeler28@yahoo.com', 15, '2020-12-07T13:58:05.828Z', '2020-12-11T13:24:34.689Z', true, 'pickup', 'Gretchen.Armstrong35@gmail.com', 'Timmy', 'submitted');
INSERT INTO bid (ct_email, ct_price, start_date, end_date, is_cash, transport_method, pet_owner, pet_name, bid_status) VALUES ('Otilia_Kreiger@hotmail.com', 0, '2020-12-07T13:58:05.828Z', '2020-12-11T13:24:34.689Z', true, 'pcs', 'Columbus_Medhurst@gmail.com', 'Eusebio', 'submitted');
INSERT INTO bid (ct_email, ct_price, start_date, end_date, is_cash, transport_method, pet_owner, pet_name, bid_status) VALUES ('Charlie17@gmail.com', 20, '2020-12-07T13:58:05.828Z', '2020-12-11T13:24:34.689Z', true, 'delivery', 'Santos_Robel66@gmail.com', 'Willy', 'submitted');
INSERT INTO bid (ct_email, ct_price, start_date, end_date, is_cash, transport_method, pet_owner, pet_name, bid_status) VALUES ('Reva.Crist@gmail.com', 12, '2020-12-07T13:58:05.828Z', '2020-12-11T13:24:34.689Z', true, 'pcs', 'Caroline.Hane@gmail.com', 'Colton', 'submitted');
INSERT INTO bid (ct_email, ct_price, start_date, end_date, is_cash, transport_method, pet_owner, pet_name, bid_status) VALUES ('Demarcus.Schowalter12@gmail.com', 20, '2020-12-07T13:58:05.828Z', '2020-12-11T13:24:34.689Z', true, 'pickup', 'Brycen45@hotmail.com', 'Demetris', 'submitted');
INSERT INTO bid (ct_email, ct_price, start_date, end_date, is_cash, transport_method, pet_owner, pet_name, bid_status) VALUES ('Laurence88@yahoo.com', 6, '2020-12-07T13:58:05.828Z', '2020-12-11T13:24:34.689Z', true, 'pickup', 'Elian50@yahoo.com', 'Isai', 'submitted');
INSERT INTO bid (ct_email, ct_price, start_date, end_date, is_cash, transport_method, pet_owner, pet_name, bid_status) VALUES ('Carmine_OKon@gmail.com', 12, '2020-12-07T13:58:05.828Z', '2020-12-11T13:24:34.689Z', true, 'pcs', 'Kylee.Bergnaum@hotmail.com', 'Osvaldo', 'submitted');
INSERT INTO bid (ct_email, ct_price, start_date, end_date, is_cash, transport_method, pet_owner, pet_name, bid_status) VALUES ('Margarete7@yahoo.com', 15, '2020-12-07T13:58:05.828Z', '2020-12-11T13:24:34.689Z', true, 'delivery', 'Ellen_Mills@gmail.com', 'Mikel', 'submitted');
INSERT INTO bid (ct_email, ct_price, start_date, end_date, is_cash, transport_method, pet_owner, pet_name, bid_status) VALUES ('Eugene2@yahoo.com', 15, '2020-12-07T13:58:05.828Z', '2020-12-11T13:24:34.689Z', true, 'pickup', 'Shania_Jacobson@hotmail.com', 'Janelle', 'submitted');
INSERT INTO bid (ct_email, ct_price, start_date, end_date, is_cash, transport_method, pet_owner, pet_name, bid_status) VALUES ('Dianna67@hotmail.com', 8, '2020-12-07T13:58:05.828Z', '2020-12-11T13:24:34.689Z', true, 'pickup', 'Isaiah48@hotmail.com', 'Constance', 'submitted');
INSERT INTO bid (ct_email, ct_price, start_date, end_date, is_cash, transport_method, pet_owner, pet_name, bid_status) VALUES ('Clemmie.Satterfield@yahoo.com', 7, '2020-12-07T13:58:05.828Z', '2020-12-11T13:24:34.689Z', true, 'pickup', 'Andre34@yahoo.com', 'Deven', 'submitted');
INSERT INTO bid (ct_email, ct_price, start_date, end_date, is_cash, transport_method, pet_owner, pet_name, bid_status) VALUES ('Dovie39@hotmail.com', 11, '2020-12-07T13:58:05.828Z', '2020-12-11T13:24:34.689Z', true, 'pcs', 'Antonette.Boyer@gmail.com', 'Onie', 'submitted');
INSERT INTO bid (ct_email, ct_price, start_date, end_date, is_cash, transport_method, pet_owner, pet_name, bid_status) VALUES ('Shaniya_Towne@yahoo.com', 18, '2020-12-07T13:58:05.828Z', '2020-12-11T13:24:34.689Z', true, 'delivery', 'Michaela59@yahoo.com', 'Anya', 'submitted');
INSERT INTO bid (ct_email, ct_price, start_date, end_date, is_cash, transport_method, pet_owner, pet_name, bid_status) VALUES ('Cynthia8@yahoo.com', 0, '2020-12-07T13:58:05.828Z', '2020-12-11T13:24:34.689Z', true, 'pickup', 'Jeanne.Douglas@yahoo.com', 'Reinhold', 'submitted');
INSERT INTO bid (ct_email, ct_price, start_date, end_date, is_cash, transport_method, pet_owner, pet_name, bid_status) VALUES ('Raleigh96@yahoo.com', 1, '2020-12-07T13:58:05.828Z', '2020-12-11T13:24:34.689Z', true, 'delivery', 'Maxwell58@hotmail.com', 'Adaline', 'submitted');
INSERT INTO bid (ct_email, ct_price, start_date, end_date, is_cash, transport_method, pet_owner, pet_name, bid_status) VALUES ('Bryon_Casper@gmail.com', 12, '2020-12-07T13:58:05.828Z', '2020-12-11T13:24:34.689Z', true, 'pcs', 'Tressa_Huels3@gmail.com', 'Chet', 'submitted');
INSERT INTO bid (ct_email, ct_price, start_date, end_date, is_cash, transport_method, pet_owner, pet_name, bid_status) VALUES ('Adrian28@hotmail.com', 18, '2020-12-07T13:58:05.828Z', '2020-12-11T13:24:34.689Z', true, 'delivery', 'Winifred99@hotmail.com', 'Florian', 'submitted');
INSERT INTO bid (ct_email, ct_price, start_date, end_date, is_cash, transport_method, pet_owner, pet_name, bid_status) VALUES ('Reuben_Kunde70@gmail.com', 13, '2020-12-07T13:58:05.828Z', '2020-12-11T13:24:34.689Z', true, 'pickup', 'Manuel15@hotmail.com', 'Lois', 'submitted');
INSERT INTO bid (ct_email, ct_price, start_date, end_date, is_cash, transport_method, pet_owner, pet_name, bid_status) VALUES ('Hayden12@gmail.com', 15, '2020-12-07T13:58:05.828Z', '2020-12-11T13:24:34.689Z', true, 'delivery', 'Flo81@hotmail.com', 'Nikko', 'submitted');
INSERT INTO bid (ct_email, ct_price, start_date, end_date, is_cash, transport_method, pet_owner, pet_name, bid_status) VALUES ('Isaiah39@yahoo.com', 16, '2020-12-07T13:58:05.828Z', '2020-12-11T13:24:34.689Z', true, 'delivery', 'Bella71@hotmail.com', 'Alexis', 'submitted');
INSERT INTO bid (ct_email, ct_price, start_date, end_date, is_cash, transport_method, pet_owner, pet_name, bid_status) VALUES ('Weston.Price73@yahoo.com', 9, '2020-12-07T13:58:05.828Z', '2020-12-11T13:24:34.689Z', true, 'delivery', 'Leonie.Bartell11@yahoo.com', 'Cordell', 'submitted');
INSERT INTO bid (ct_email, ct_price, start_date, end_date, is_cash, transport_method, pet_owner, pet_name, bid_status) VALUES ('Michaela59@yahoo.com', 12, '2020-12-07T13:58:05.828Z', '2020-12-11T13:24:34.689Z', true, 'delivery', 'Neal50@yahoo.com', 'Rylan', 'submitted');
INSERT INTO bid (ct_email, ct_price, start_date, end_date, is_cash, transport_method, pet_owner, pet_name, bid_status) VALUES ('Deja46@hotmail.com', 12, '2020-12-12T13:24:34.689Z', '2020-12-26T02:25:05.421Z', true, 'delivery', 'Madisen28@hotmail.com', 'Lavada', 'submitted');
INSERT INTO bid (ct_email, ct_price, start_date, end_date, is_cash, transport_method, pet_owner, pet_name, bid_status) VALUES ('Millie75@yahoo.com', 5, '2020-12-12T13:24:34.689Z', '2020-12-26T02:25:05.421Z', true, 'pcs', 'Ernest_Beer23@hotmail.com', 'John', 'submitted');
INSERT INTO bid (ct_email, ct_price, start_date, end_date, is_cash, transport_method, pet_owner, pet_name, bid_status) VALUES ('Shanny_Koss60@yahoo.com', 19, '2020-12-12T13:24:34.689Z', '2020-12-26T02:25:05.421Z', true, 'delivery', 'Bella71@hotmail.com', 'Alexis', 'submitted');
INSERT INTO bid (ct_email, ct_price, start_date, end_date, is_cash, transport_method, pet_owner, pet_name, bid_status) VALUES ('Myrl4@yahoo.com', 7, '2020-12-12T13:24:34.689Z', '2020-12-26T02:25:05.421Z', true, 'delivery', 'Citlalli.Windler@hotmail.com', 'Tyreek', 'submitted');
INSERT INTO bid (ct_email, ct_price, start_date, end_date, is_cash, transport_method, pet_owner, pet_name, bid_status) VALUES ('Eda_Bailey@hotmail.com', 20, '2020-12-12T13:24:34.689Z', '2020-12-26T02:25:05.421Z', true, 'pickup', 'Monique45@yahoo.com', 'Oswaldo', 'submitted');
INSERT INTO bid (ct_email, ct_price, start_date, end_date, is_cash, transport_method, pet_owner, pet_name, bid_status) VALUES ('Vern.Effertz58@yahoo.com', 14, '2020-12-12T13:24:34.689Z', '2020-12-26T02:25:05.421Z', true, 'pcs', 'Mallie_Schulist@hotmail.com', 'Cooper', 'submitted');
INSERT INTO bid (ct_email, ct_price, start_date, end_date, is_cash, transport_method, pet_owner, pet_name, bid_status) VALUES ('Naomi_Ullrich@hotmail.com', 8, '2020-12-12T13:24:34.689Z', '2020-12-26T02:25:05.421Z', true, 'pcs', 'Jaydon.Hyatt@gmail.com', 'Chance', 'submitted');
INSERT INTO bid (ct_email, ct_price, start_date, end_date, is_cash, transport_method, pet_owner, pet_name, bid_status) VALUES ('Joaquin.Wiegand@gmail.com', 19, '2020-12-12T13:24:34.689Z', '2020-12-26T02:25:05.421Z', true, 'pickup', 'Ollie_Witting16@hotmail.com', 'Kathlyn', 'submitted');
INSERT INTO bid (ct_email, ct_price, start_date, end_date, is_cash, transport_method, pet_owner, pet_name, bid_status) VALUES ('Ceasar_Nader3@gmail.com', 16, '2020-12-12T13:24:34.689Z', '2020-12-26T02:25:05.421Z', true, 'pickup', 'Thad.King59@yahoo.com', 'Tavares', 'submitted');
INSERT INTO bid (ct_email, ct_price, start_date, end_date, is_cash, transport_method, pet_owner, pet_name, bid_status) VALUES ('Linda45@yahoo.com', 17, '2020-12-12T13:24:34.689Z', '2020-12-26T02:25:05.421Z', true, 'pickup', 'Reuben_Kunde70@gmail.com', 'Martin', 'submitted');
INSERT INTO bid (ct_email, ct_price, start_date, end_date, is_cash, transport_method, pet_owner, pet_name, bid_status) VALUES ('Josephine64@yahoo.com', 19, '2020-12-12T13:24:34.689Z', '2020-12-26T02:25:05.421Z', true, 'pickup', 'Mary_Hane@gmail.com', 'Cecil', 'submitted');
INSERT INTO bid (ct_email, ct_price, start_date, end_date, is_cash, transport_method, pet_owner, pet_name, bid_status) VALUES ('Easton.Collier10@yahoo.com', 12, '2020-12-12T13:24:34.689Z', '2020-12-26T02:25:05.421Z', true, 'pickup', 'Vern.Effertz58@yahoo.com', 'Maryse', 'submitted');
INSERT INTO bid (ct_email, ct_price, start_date, end_date, is_cash, transport_method, pet_owner, pet_name, bid_status) VALUES ('Bernard33@hotmail.com', 12, '2020-12-12T13:24:34.689Z', '2020-12-26T02:25:05.421Z', true, 'delivery', 'Ephraim_Barton93@hotmail.com', 'Kaci', 'submitted');
INSERT INTO bid (ct_email, ct_price, start_date, end_date, is_cash, transport_method, pet_owner, pet_name, bid_status) VALUES ('Tressa_Huels3@gmail.com', 5, '2020-12-12T13:24:34.689Z', '2020-12-26T02:25:05.421Z', true, 'pickup', 'Sydnee48@yahoo.com', 'Keeley', 'submitted');
INSERT INTO bid (ct_email, ct_price, start_date, end_date, is_cash, transport_method, pet_owner, pet_name, bid_status) VALUES ('German_Ratke63@gmail.com', 3, '2020-12-12T13:24:34.689Z', '2020-12-26T02:25:05.421Z', true, 'delivery', 'Jocelyn.Kassulke12@gmail.com', 'Elyse', 'submitted');
INSERT INTO bid (ct_email, ct_price, start_date, end_date, is_cash, transport_method, pet_owner, pet_name, bid_status) VALUES ('Blair_Gerhold@gmail.com', 3, '2020-12-12T13:24:34.689Z', '2020-12-26T02:25:05.421Z', true, 'pcs', 'Jamaal.Schulist@yahoo.com', 'Brennon', 'submitted');
INSERT INTO bid (ct_email, ct_price, start_date, end_date, is_cash, transport_method, pet_owner, pet_name, bid_status) VALUES ('Mohammad.Labadie0@gmail.com', 11, '2020-12-12T13:24:34.689Z', '2020-12-26T02:25:05.421Z', true, 'pickup', 'Leopold22@yahoo.com', 'Mariano', 'submitted');
INSERT INTO bid (ct_email, ct_price, start_date, end_date, is_cash, transport_method, pet_owner, pet_name, bid_status) VALUES ('Saige_Quigley@yahoo.com', 11, '2020-12-12T13:24:34.689Z', '2020-12-26T02:25:05.421Z', true, 'delivery', 'Jerod.Brakus2@gmail.com', 'Benton', 'submitted');
INSERT INTO bid (ct_email, ct_price, start_date, end_date, is_cash, transport_method, pet_owner, pet_name, bid_status) VALUES ('Ebony_Veum@gmail.com', 14, '2020-12-12T13:24:34.689Z', '2020-12-26T02:25:05.421Z', true, 'pickup', 'Shannon_Zemlak@yahoo.com', 'Jaron', 'submitted');
INSERT INTO bid (ct_email, ct_price, start_date, end_date, is_cash, transport_method, pet_owner, pet_name, bid_status) VALUES ('Kiel_Klocko13@hotmail.com', 15, '2020-12-12T13:24:34.689Z', '2020-12-26T02:25:05.421Z', true, 'pickup', 'Bertrand_Paucek@yahoo.com', 'Milo', 'submitted');
INSERT INTO bid (ct_email, ct_price, start_date, end_date, is_cash, transport_method, pet_owner, pet_name, bid_status) VALUES ('Emil_Marks29@gmail.com', 16, '2020-12-12T13:24:34.689Z', '2020-12-26T02:25:05.421Z', true, 'pickup', 'Winifred99@hotmail.com', 'Florian', 'submitted');
INSERT INTO bid (ct_email, ct_price, start_date, end_date, is_cash, transport_method, pet_owner, pet_name, bid_status) VALUES ('Esta29@yahoo.com', 9, '2020-12-12T13:24:34.689Z', '2020-12-26T02:25:05.421Z', true, 'pickup', 'Lourdes_Krajcik@gmail.com', 'Hettie', 'submitted');
INSERT INTO bid (ct_email, ct_price, start_date, end_date, is_cash, transport_method, pet_owner, pet_name, bid_status) VALUES ('Zachariah_Bahringer35@yahoo.com', 18, '2020-12-12T13:24:34.689Z', '2020-12-26T02:25:05.421Z', true, 'pcs', 'Nella91@yahoo.com', 'Jany', 'submitted');
INSERT INTO bid (ct_email, ct_price, start_date, end_date, is_cash, transport_method, pet_owner, pet_name, bid_status) VALUES ('Rory_Zulauf49@yahoo.com', 5, '2020-12-12T13:24:34.689Z', '2020-12-26T02:25:05.421Z', true, 'pickup', 'Mary_Hane@gmail.com', 'Beulah', 'submitted');
INSERT INTO bid (ct_email, ct_price, start_date, end_date, is_cash, transport_method, pet_owner, pet_name, bid_status) VALUES ('Manuel15@hotmail.com', 8, '2020-12-12T13:24:34.689Z', '2020-12-26T02:25:05.421Z', true, 'delivery', 'Wilford95@gmail.com', 'Gordon', 'submitted');
INSERT INTO bid (ct_email, ct_price, start_date, end_date, is_cash, transport_method, pet_owner, pet_name, bid_status) VALUES ('Chadrick.Wuckert@yahoo.com', 7, '2020-12-12T13:24:34.689Z', '2020-12-26T02:25:05.421Z', true, 'pickup', 'Josefa_Funk@gmail.com', 'Ottilie', 'submitted');
INSERT INTO bid (ct_email, ct_price, start_date, end_date, is_cash, transport_method, pet_owner, pet_name, bid_status) VALUES ('Arielle_Hettinger@gmail.com', 4, '2020-12-12T13:24:34.689Z', '2020-12-26T02:25:05.421Z', true, 'delivery', 'Johnpaul_Lindgren29@hotmail.com', 'Deontae', 'submitted');
INSERT INTO bid (ct_email, ct_price, start_date, end_date, is_cash, transport_method, pet_owner, pet_name, bid_status) VALUES ('Morris_Runolfsdottir6@gmail.com', 7, '2020-12-12T13:24:34.689Z', '2020-12-26T02:25:05.421Z', true, 'delivery', 'Brianne_Breitenberg@hotmail.com', 'Davin', 'submitted');
INSERT INTO bid (ct_email, ct_price, start_date, end_date, is_cash, transport_method, pet_owner, pet_name, bid_status) VALUES ('Kailyn99@yahoo.com', 1, '2020-12-12T13:24:34.689Z', '2020-12-26T02:25:05.421Z', true, 'pcs', 'Carter.Tremblay@hotmail.com', 'Verna', 'submitted');
INSERT INTO bid (ct_email, ct_price, start_date, end_date, is_cash, transport_method, pet_owner, pet_name, bid_status) VALUES ('Triston_Kirlin52@gmail.com', 17, '2020-12-12T13:24:34.689Z', '2020-12-26T02:25:05.421Z', true, 'pcs', 'Bryon_Casper@gmail.com', 'Arjun', 'submitted');
INSERT INTO bid (ct_email, ct_price, start_date, end_date, is_cash, transport_method, pet_owner, pet_name, bid_status) VALUES ('Gillian69@gmail.com', 1, '2020-12-12T13:24:34.689Z', '2020-12-26T02:25:05.421Z', true, 'pcs', 'Lawrence16@yahoo.com', 'Claudine', 'submitted');
INSERT INTO bid (ct_email, ct_price, start_date, end_date, is_cash, transport_method, pet_owner, pet_name, bid_status) VALUES ('Merlin_Wilderman94@gmail.com', 16, '2020-12-12T13:24:34.689Z', '2020-12-26T02:25:05.421Z', true, 'delivery', 'Louisa37@hotmail.com', 'Jettie', 'submitted');
INSERT INTO bid (ct_email, ct_price, start_date, end_date, is_cash, transport_method, pet_owner, pet_name, bid_status) VALUES ('Marjolaine_Abshire@gmail.com', 18, '2020-12-12T13:24:34.689Z', '2020-12-26T02:25:05.421Z', true, 'pickup', 'Eudora.Goodwin65@yahoo.com', 'Rhoda', 'submitted');
INSERT INTO bid (ct_email, ct_price, start_date, end_date, is_cash, transport_method, pet_owner, pet_name, bid_status) VALUES ('Yazmin17@yahoo.com', 3, '2020-12-12T13:24:34.689Z', '2020-12-26T02:25:05.421Z', true, 'pickup', 'Britney_Dooley@hotmail.com', 'Orlo', 'submitted');
INSERT INTO bid (ct_email, ct_price, start_date, end_date, is_cash, transport_method, pet_owner, pet_name, bid_status) VALUES ('Brant_Denesik17@hotmail.com', 4, '2020-12-12T13:24:34.689Z', '2020-12-26T02:25:05.421Z', true, 'pickup', 'Jake9@gmail.com', 'Keith', 'submitted');
INSERT INTO bid (ct_email, ct_price, start_date, end_date, is_cash, transport_method, pet_owner, pet_name, bid_status) VALUES ('Vince.Ritchie@yahoo.com', 3, '2020-12-12T13:24:34.689Z', '2020-12-26T02:25:05.421Z', true, 'pcs', 'Gerhard_Johnston22@hotmail.com', 'Bethel', 'submitted');
INSERT INTO bid (ct_email, ct_price, start_date, end_date, is_cash, transport_method, pet_owner, pet_name, bid_status) VALUES ('Monique45@yahoo.com', 18, '2020-12-12T13:24:34.689Z', '2020-12-26T02:25:05.421Z', true, 'pickup', 'Emil_Marks29@gmail.com', 'Nellie', 'submitted');
INSERT INTO bid (ct_email, ct_price, start_date, end_date, is_cash, transport_method, pet_owner, pet_name, bid_status) VALUES ('Luisa_Beier@hotmail.com', 14, '2020-12-12T13:24:34.689Z', '2020-12-26T02:25:05.421Z', true, 'delivery', 'Van_Price36@gmail.com', 'Gudrun', 'submitted');
INSERT INTO bid (ct_email, ct_price, start_date, end_date, is_cash, transport_method, pet_owner, pet_name, bid_status) VALUES ('Roel.Howell27@hotmail.com', 5, '2020-12-12T13:24:34.689Z', '2020-12-26T02:25:05.421Z', true, 'pickup', 'Ellen_Mills@gmail.com', 'Mikel', 'submitted');
INSERT INTO bid (ct_email, ct_price, start_date, end_date, is_cash, transport_method, pet_owner, pet_name, bid_status) VALUES ('Callie10@gmail.com', 13, '2020-12-12T13:24:34.689Z', '2020-12-26T02:25:05.421Z', true, 'pcs', 'Ebba64@gmail.com', 'Weldon', 'submitted');
INSERT INTO bid (ct_email, ct_price, start_date, end_date, is_cash, transport_method, pet_owner, pet_name, bid_status) VALUES ('Hester7@hotmail.com', 19, '2020-12-12T13:24:34.689Z', '2020-12-26T02:25:05.421Z', true, 'pickup', 'Lon47@yahoo.com', 'Harry', 'submitted');
INSERT INTO bid (ct_email, ct_price, start_date, end_date, is_cash, transport_method, pet_owner, pet_name, bid_status) VALUES ('Keyon35@yahoo.com', 18, '2020-12-12T13:24:34.689Z', '2020-12-26T02:25:05.421Z', true, 'pcs', 'Noemi.Boyle31@gmail.com', 'Brayan', 'submitted');
INSERT INTO bid (ct_email, ct_price, start_date, end_date, is_cash, transport_method, pet_owner, pet_name, bid_status) VALUES ('Janelle_Gutkowski24@yahoo.com', 13, '2020-12-12T13:24:34.689Z', '2020-12-26T02:25:05.421Z', true, 'pickup', 'Mario.Welch13@hotmail.com', 'Leta', 'submitted');
INSERT INTO bid (ct_email, ct_price, start_date, end_date, is_cash, transport_method, pet_owner, pet_name, bid_status) VALUES ('Kyla65@yahoo.com', 3, '2020-12-12T13:24:34.689Z', '2020-12-26T02:25:05.421Z', true, 'delivery', 'Lawrence16@yahoo.com', 'Adan', 'submitted');
INSERT INTO bid (ct_email, ct_price, start_date, end_date, is_cash, transport_method, pet_owner, pet_name, bid_status) VALUES ('Vena.Schmeler65@hotmail.com', 6, '2020-12-12T13:24:34.689Z', '2020-12-26T02:25:05.421Z', true, 'delivery', 'Travon56@hotmail.com', 'Claudine', 'submitted');
INSERT INTO bid (ct_email, ct_price, start_date, end_date, is_cash, transport_method, pet_owner, pet_name, bid_status) VALUES ('Noah_Maggio64@yahoo.com', 5, '2020-12-12T13:24:34.689Z', '2020-12-26T02:25:05.421Z', true, 'pcs', 'Janae_Rohan89@hotmail.com', 'Lambert', 'submitted');
INSERT INTO bid (ct_email, ct_price, start_date, end_date, is_cash, transport_method, pet_owner, pet_name, bid_status) VALUES ('Chester.Turner79@yahoo.com', 12, '2020-12-12T13:24:34.689Z', '2020-12-26T02:25:05.421Z', true, 'pickup', 'Stephen_Rath18@gmail.com', 'Wilfred', 'submitted');
INSERT INTO bid (ct_email, ct_price, start_date, end_date, is_cash, transport_method, pet_owner, pet_name, bid_status) VALUES ('Ethelyn87@yahoo.com', 11, '2020-12-12T13:24:34.689Z', '2020-12-26T02:25:05.421Z', true, 'pickup', 'Greta_OConnell25@hotmail.com', 'Tatum', 'submitted');
INSERT INTO bid (ct_email, ct_price, start_date, end_date, is_cash, transport_method, pet_owner, pet_name, bid_status) VALUES ('Taryn_Nikolaus43@hotmail.com', 11, '2020-12-12T13:24:34.689Z', '2020-12-26T02:25:05.421Z', true, 'delivery', 'Flo81@hotmail.com', 'Nikko', 'submitted');
INSERT INTO bid (ct_email, ct_price, start_date, end_date, is_cash, transport_method, pet_owner, pet_name, bid_status) VALUES ('Kavon79@hotmail.com', 16, '2020-12-12T13:24:34.689Z', '2020-12-26T02:25:05.421Z', true, 'pcs', 'Jordane_Gerhold37@gmail.com', 'Nickolas', 'submitted');
INSERT INTO bid (ct_email, ct_price, start_date, end_date, is_cash, transport_method, pet_owner, pet_name, bid_status) VALUES ('Aurelie.Muller77@gmail.com', 19, '2020-12-12T13:24:34.689Z', '2020-12-26T02:25:05.421Z', true, 'delivery', 'Gerhard_Johnston22@hotmail.com', 'Green', 'submitted');
INSERT INTO bid (ct_email, ct_price, start_date, end_date, is_cash, transport_method, pet_owner, pet_name, bid_status) VALUES ('Amelie_Bahringer@yahoo.com', 12, '2020-12-12T13:24:34.689Z', '2020-12-26T02:25:05.421Z', true, 'pickup', 'Ariane.Lueilwitz@gmail.com', 'Marcelo', 'submitted');
INSERT INTO bid (ct_email, ct_price, start_date, end_date, is_cash, transport_method, pet_owner, pet_name, bid_status) VALUES ('London_Barton@gmail.com', 8, '2020-12-12T13:24:34.689Z', '2020-12-26T02:25:05.421Z', true, 'pcs', 'Berenice.Hirthe@yahoo.com', 'Sidney', 'submitted');
INSERT INTO bid (ct_email, ct_price, start_date, end_date, is_cash, transport_method, pet_owner, pet_name, bid_status) VALUES ('Luella85@gmail.com', 18, '2020-12-12T13:24:34.689Z', '2020-12-26T02:25:05.421Z', true, 'pickup', 'Winston_Pfannerstill9@yahoo.com', 'Ray', 'submitted');
INSERT INTO bid (ct_email, ct_price, start_date, end_date, is_cash, transport_method, pet_owner, pet_name, bid_status) VALUES ('Daphney_Anderson28@yahoo.com', 8, '2020-12-12T13:24:34.689Z', '2020-12-26T02:25:05.421Z', true, 'pickup', 'Beth_Farrell87@hotmail.com', 'Will', 'submitted');
INSERT INTO bid (ct_email, ct_price, start_date, end_date, is_cash, transport_method, pet_owner, pet_name, bid_status) VALUES ('Cyril58@gmail.com', 0, '2020-12-12T13:24:34.689Z', '2020-12-26T02:25:05.421Z', true, 'pickup', 'Raleigh.Donnelly60@hotmail.com', 'Lew', 'submitted');
INSERT INTO bid (ct_email, ct_price, start_date, end_date, is_cash, transport_method, pet_owner, pet_name, bid_status) VALUES ('Kenton91@gmail.com', 20, '2020-12-12T13:24:34.689Z', '2020-12-26T02:25:05.421Z', true, 'pickup', 'Brendon93@hotmail.com', 'Casimer', 'submitted');
INSERT INTO bid (ct_email, ct_price, start_date, end_date, is_cash, transport_method, pet_owner, pet_name, bid_status) VALUES ('Joshuah.Kuhlman58@hotmail.com', 14, '2020-12-12T13:24:34.689Z', '2020-12-26T02:25:05.421Z', true, 'pickup', 'Lessie_Thompson@gmail.com', 'Hobart', 'submitted');
INSERT INTO bid (ct_email, ct_price, start_date, end_date, is_cash, transport_method, pet_owner, pet_name, bid_status) VALUES ('Valentina40@hotmail.com', 8, '2020-12-12T13:24:34.689Z', '2020-12-26T02:25:05.421Z', true, 'pcs', 'Ferne.Reichert@hotmail.com', 'Devonte', 'submitted');
INSERT INTO bid (ct_email, ct_price, start_date, end_date, is_cash, transport_method, pet_owner, pet_name, bid_status) VALUES ('Carlotta4@gmail.com', 16, '2020-12-12T13:24:34.689Z', '2020-12-26T02:25:05.421Z', true, 'pcs', 'Wanda_Pollich0@hotmail.com', 'Montana', 'submitted');
INSERT INTO bid (ct_email, ct_price, start_date, end_date, is_cash, transport_method, pet_owner, pet_name, bid_status) VALUES ('Broderick.Abernathy@gmail.com', 11, '2020-12-12T13:24:34.689Z', '2020-12-26T02:25:05.421Z', true, 'delivery', 'Jake9@gmail.com', 'Imani', 'submitted');
INSERT INTO bid (ct_email, ct_price, start_date, end_date, is_cash, transport_method, pet_owner, pet_name, bid_status) VALUES ('Katlynn.Will@gmail.com', 12, '2020-12-12T13:24:34.689Z', '2020-12-26T02:25:05.421Z', true, 'delivery', 'Hailee_Zieme@hotmail.com', 'Ceasar', 'submitted');
INSERT INTO bid (ct_email, ct_price, start_date, end_date, is_cash, transport_method, pet_owner, pet_name, bid_status) VALUES ('Hannah_Wolf@gmail.com', 15, '2020-12-12T13:24:34.689Z', '2020-12-26T02:25:05.421Z', true, 'pcs', 'Britney_Reilly96@hotmail.com', 'Chasity', 'submitted');
INSERT INTO bid (ct_email, ct_price, start_date, end_date, is_cash, transport_method, pet_owner, pet_name, bid_status) VALUES ('Richard_Ritchie@hotmail.com', 17, '2020-12-12T13:24:34.689Z', '2020-12-26T02:25:05.421Z', true, 'pickup', 'Tressa_Huels3@gmail.com', 'Santos', 'submitted');
INSERT INTO bid (ct_email, ct_price, start_date, end_date, is_cash, transport_method, pet_owner, pet_name, bid_status) VALUES ('Katheryn_Boehm89@hotmail.com', 11, '2020-12-12T13:24:34.689Z', '2020-12-26T02:25:05.421Z', true, 'delivery', 'Georgiana_Doyle4@hotmail.com', 'Walter', 'submitted');
INSERT INTO bid (ct_email, ct_price, start_date, end_date, is_cash, transport_method, pet_owner, pet_name, bid_status) VALUES ('Sarah.Cremin64@yahoo.com', 2, '2020-12-12T13:24:34.689Z', '2020-12-26T02:25:05.421Z', true, 'delivery', 'Raleigh50@yahoo.com', 'Lorenza', 'submitted');
INSERT INTO bid (ct_email, ct_price, start_date, end_date, is_cash, transport_method, pet_owner, pet_name, bid_status) VALUES ('Kip39@yahoo.com', 3, '2020-12-12T13:24:34.689Z', '2020-12-26T02:25:05.421Z', true, 'delivery', 'Sammie.Lueilwitz18@hotmail.com', 'Mary', 'submitted');
INSERT INTO bid (ct_email, ct_price, start_date, end_date, is_cash, transport_method, pet_owner, pet_name, bid_status) VALUES ('Clement_Larkin5@hotmail.com', 15, '2020-12-12T13:24:34.689Z', '2020-12-26T02:25:05.421Z', true, 'pcs', 'Vena.Nienow@hotmail.com', 'Orrin', 'submitted');
INSERT INTO bid (ct_email, ct_price, start_date, end_date, is_cash, transport_method, pet_owner, pet_name, bid_status) VALUES ('Andreane_Boyer83@gmail.com', 2, '2020-12-12T13:24:34.689Z', '2020-12-26T02:25:05.421Z', true, 'pcs', 'Brycen80@yahoo.com', 'Camren', 'submitted');
INSERT INTO bid (ct_email, ct_price, start_date, end_date, is_cash, transport_method, pet_owner, pet_name, bid_status) VALUES ('Brooklyn79@yahoo.com', 15, '2020-12-12T13:24:34.689Z', '2020-12-26T02:25:05.421Z', true, 'pickup', 'Gilbert77@yahoo.com', 'Ena', 'submitted');
INSERT INTO bid (ct_email, ct_price, start_date, end_date, is_cash, transport_method, pet_owner, pet_name, bid_status) VALUES ('Columbus_Medhurst@gmail.com', 8, '2020-12-12T13:24:34.689Z', '2020-12-26T02:25:05.421Z', true, 'delivery', 'Viola.Gibson59@yahoo.com', 'Werner', 'submitted');
INSERT INTO bid (ct_email, ct_price, start_date, end_date, is_cash, transport_method, pet_owner, pet_name, bid_status) VALUES ('Caroline.Hane@gmail.com', 0, '2020-12-12T13:24:34.689Z', '2020-12-26T02:25:05.421Z', true, 'delivery', 'Haven.Swift32@hotmail.com', 'Emmanuel', 'submitted');
INSERT INTO bid (ct_email, ct_price, start_date, end_date, is_cash, transport_method, pet_owner, pet_name, bid_status) VALUES ('Amaya.Lang@gmail.com', 8, '2020-12-12T13:24:34.689Z', '2020-12-26T02:25:05.421Z', true, 'pickup', 'Arely.Denesik80@hotmail.com', 'Velma', 'submitted');
INSERT INTO bid (ct_email, ct_price, start_date, end_date, is_cash, transport_method, pet_owner, pet_name, bid_status) VALUES ('Emie_Stoltenberg@yahoo.com', 15, '2020-12-12T13:24:34.689Z', '2020-12-26T02:25:05.421Z', true, 'delivery', 'Adela_Altenwerth99@yahoo.com', 'Kelton', 'submitted');
INSERT INTO bid (ct_email, ct_price, start_date, end_date, is_cash, transport_method, pet_owner, pet_name, bid_status) VALUES ('Garrison.Dickinson@hotmail.com', 4, '2020-12-12T13:24:34.689Z', '2020-12-26T02:25:05.421Z', true, 'pcs', 'Cydney_Nienow@yahoo.com', 'Norwood', 'submitted');
INSERT INTO bid (ct_email, ct_price, start_date, end_date, is_cash, transport_method, pet_owner, pet_name, bid_status) VALUES ('Jake9@gmail.com', 8, '2020-12-12T13:24:34.689Z', '2020-12-26T02:25:05.421Z', true, 'pcs', 'Malachi_OKeefe@hotmail.com', 'Maia', 'submitted');
INSERT INTO bid (ct_email, ct_price, start_date, end_date, is_cash, transport_method, pet_owner, pet_name, bid_status) VALUES ('Eleazar.Rogahn62@yahoo.com', 12, '2020-12-12T13:24:34.689Z', '2020-12-26T02:25:05.421Z', true, 'pcs', 'Jaycee96@gmail.com', 'Cordia', 'submitted');
INSERT INTO bid (ct_email, ct_price, start_date, end_date, is_cash, transport_method, pet_owner, pet_name, bid_status) VALUES ('Elmira.Kohler46@hotmail.com', 10, '2020-12-12T13:24:34.689Z', '2020-12-26T02:25:05.421Z', true, 'pcs', 'Britney_Dooley@hotmail.com', 'Rosemary', 'submitted');
INSERT INTO bid (ct_email, ct_price, start_date, end_date, is_cash, transport_method, pet_owner, pet_name, bid_status) VALUES ('Alverta.Zulauf@yahoo.com', 12, '2020-12-12T13:24:34.689Z', '2020-12-26T02:25:05.421Z', true, 'pcs', 'Ronaldo_Kihn85@yahoo.com', 'Toy', 'submitted');
INSERT INTO bid (ct_email, ct_price, start_date, end_date, is_cash, transport_method, pet_owner, pet_name, bid_status) VALUES ('Isabel.Harber@hotmail.com', 16, '2020-12-12T13:24:34.689Z', '2020-12-26T02:25:05.421Z', true, 'pickup', 'Jordane_Gerhold37@gmail.com', 'Kristian', 'submitted');
INSERT INTO bid (ct_email, ct_price, start_date, end_date, is_cash, transport_method, pet_owner, pet_name, bid_status) VALUES ('Cecilia_Nikolaus35@yahoo.com', 12, '2020-12-12T13:24:34.689Z', '2020-12-26T02:25:05.421Z', true, 'pickup', 'Cynthia8@yahoo.com', 'Baron', 'submitted');
INSERT INTO bid (ct_email, ct_price, start_date, end_date, is_cash, transport_method, pet_owner, pet_name, bid_status) VALUES ('Arturo92@yahoo.com', 11, '2020-12-12T13:24:34.689Z', '2020-12-26T02:25:05.421Z', true, 'pcs', 'Callie10@gmail.com', 'John', 'submitted');
INSERT INTO bid (ct_email, ct_price, start_date, end_date, is_cash, transport_method, pet_owner, pet_name, bid_status) VALUES ('Colleen.Spinka@yahoo.com', 2, '2020-12-12T13:24:34.689Z', '2020-12-26T02:25:05.421Z', true, 'delivery', 'Clare_Senger@yahoo.com', 'Aaliyah', 'submitted');
INSERT INTO bid (ct_email, ct_price, start_date, end_date, is_cash, transport_method, pet_owner, pet_name, bid_status) VALUES ('Breana.Kuhn@gmail.com', 14, '2020-12-12T13:24:34.689Z', '2020-12-26T02:25:05.421Z', true, 'pcs', 'Emmie_Dicki@hotmail.com', 'Audra', 'submitted');
INSERT INTO bid (ct_email, ct_price, start_date, end_date, is_cash, transport_method, pet_owner, pet_name, bid_status) VALUES ('Reva_Ratke14@gmail.com', 18, '2020-12-12T13:24:34.689Z', '2020-12-26T02:25:05.421Z', true, 'pickup', 'Hudson.Barrows@hotmail.com', 'Jonathon', 'submitted');
INSERT INTO bid (ct_email, ct_price, start_date, end_date, is_cash, transport_method, pet_owner, pet_name, bid_status) VALUES ('Sammie.Rowe94@hotmail.com', 12, '2020-12-12T13:24:34.689Z', '2020-12-26T02:25:05.421Z', true, 'delivery', 'Neal50@yahoo.com', 'Rylan', 'submitted');
INSERT INTO bid (ct_email, ct_price, start_date, end_date, is_cash, transport_method, pet_owner, pet_name, bid_status) VALUES ('Franco_Schuster78@hotmail.com', 0, '2020-12-12T13:24:34.689Z', '2020-12-26T02:25:05.421Z', true, 'pickup', 'Joaquin.Wiegand@gmail.com', 'Rodrick', 'submitted');
INSERT INTO bid (ct_email, ct_price, start_date, end_date, is_cash, transport_method, pet_owner, pet_name, bid_status) VALUES ('Ferne.Reichert@hotmail.com', 7, '2020-12-12T13:24:34.689Z', '2020-12-26T02:25:05.421Z', true, 'delivery', 'Adolf_Cummings@yahoo.com', 'Jayne', 'submitted');
INSERT INTO bid (ct_email, ct_price, start_date, end_date, is_cash, transport_method, pet_owner, pet_name, bid_status) VALUES ('Maribel_Deckow35@hotmail.com', 2, '2020-12-12T13:24:34.689Z', '2020-12-26T02:25:05.421Z', true, 'pickup', 'Roderick.Erdman35@yahoo.com', 'Lew', 'submitted');
INSERT INTO bid (ct_email, ct_price, start_date, end_date, is_cash, transport_method, pet_owner, pet_name, bid_status) VALUES ('Cleora_Fritsch89@hotmail.com', 16, '2020-12-12T13:24:34.689Z', '2020-12-26T02:25:05.421Z', true, 'pcs', 'Madisyn_Gaylord@gmail.com', 'Darius', 'submitted');
INSERT INTO bid (ct_email, ct_price, start_date, end_date, is_cash, transport_method, pet_owner, pet_name, bid_status) VALUES ('Kianna.Grimes33@yahoo.com', 0, '2020-12-12T13:24:34.689Z', '2020-12-26T02:25:05.421Z', true, 'pcs', 'Chester38@hotmail.com', 'Lonny', 'submitted');
INSERT INTO bid (ct_email, ct_price, start_date, end_date, is_cash, transport_method, pet_owner, pet_name, bid_status) VALUES ('Claire.Considine@hotmail.com', 2, '2020-12-12T13:24:34.689Z', '2020-12-26T02:25:05.421Z', true, 'pcs', 'Clemmie.Satterfield@yahoo.com', 'Zackery', 'submitted');
INSERT INTO bid (ct_email, ct_price, start_date, end_date, is_cash, transport_method, pet_owner, pet_name, bid_status) VALUES ('Jason_Harris@hotmail.com', 11, '2020-12-12T13:24:34.689Z', '2020-12-26T02:25:05.421Z', true, 'pcs', 'Dorothea.Cremin@yahoo.com', 'Melyssa', 'submitted');
INSERT INTO bid (ct_email, ct_price, start_date, end_date, is_cash, transport_method, pet_owner, pet_name, bid_status) VALUES ('Manley95@hotmail.com', 0, '2020-12-12T13:24:34.689Z', '2020-12-26T02:25:05.421Z', true, 'pickup', 'Chadd25@gmail.com', 'Frida', 'submitted');
INSERT INTO bid (ct_email, ct_price, start_date, end_date, is_cash, transport_method, pet_owner, pet_name, bid_status) VALUES ('Enos.OReilly76@gmail.com', 3, '2020-12-12T13:24:34.689Z', '2020-12-26T02:25:05.421Z', true, 'pickup', 'Keely40@hotmail.com', 'Jewel', 'submitted');
INSERT INTO bid (ct_email, ct_price, start_date, end_date, is_cash, transport_method, pet_owner, pet_name, bid_status) VALUES ('Elian_Botsford@hotmail.com', 2, '2020-12-12T13:24:34.689Z', '2020-12-26T02:25:05.421Z', true, 'pcs', 'Wilfredo_Crooks@yahoo.com', 'Judd', 'submitted');
INSERT INTO bid (ct_email, ct_price, start_date, end_date, is_cash, transport_method, pet_owner, pet_name, bid_status) VALUES ('Donny23@yahoo.com', 5, '2020-12-12T13:24:34.689Z', '2020-12-26T02:25:05.421Z', true, 'pickup', 'Stevie.Watsica87@yahoo.com', 'Christelle', 'submitted');
INSERT INTO bid (ct_email, ct_price, start_date, end_date, is_cash, transport_method, pet_owner, pet_name, bid_status) VALUES ('Kelley32@gmail.com', 7, '2020-12-12T13:24:34.689Z', '2020-12-26T02:25:05.421Z', true, 'delivery', 'Lizeth_Auer23@yahoo.com', 'Lolita', 'submitted');
INSERT INTO bid (ct_email, ct_price, start_date, end_date, is_cash, transport_method, pet_owner, pet_name, bid_status) VALUES ('Francisca_Bosco@gmail.com', 3, '2020-12-12T13:24:34.689Z', '2020-12-26T02:25:05.421Z', true, 'pcs', 'Savion.Cormier@gmail.com', 'Solon', 'submitted');
INSERT INTO bid (ct_email, ct_price, start_date, end_date, is_cash, transport_method, pet_owner, pet_name, bid_status) VALUES ('Emile_Johnson25@gmail.com', 0, '2020-12-12T13:24:34.689Z', '2020-12-26T02:25:05.421Z', true, 'pcs', 'Savanna28@hotmail.com', 'Armando', 'submitted');
INSERT INTO bid (ct_email, ct_price, start_date, end_date, is_cash, transport_method, pet_owner, pet_name, bid_status) VALUES ('Keeley52@yahoo.com', 5, '2020-12-12T13:24:34.689Z', '2020-12-26T02:25:05.421Z', true, 'delivery', 'Lenore.Hyatt66@hotmail.com', 'Nyah', 'submitted');
INSERT INTO bid (ct_email, ct_price, start_date, end_date, is_cash, transport_method, pet_owner, pet_name, bid_status) VALUES ('Art39@gmail.com', 3, '2020-12-12T13:24:34.689Z', '2020-12-26T02:25:05.421Z', true, 'delivery', 'Shea78@yahoo.com', 'Terrance', 'submitted');
INSERT INTO bid (ct_email, ct_price, start_date, end_date, is_cash, transport_method, pet_owner, pet_name, bid_status) VALUES ('Sheila.Towne49@yahoo.com', 2, '2020-12-12T13:24:34.689Z', '2020-12-26T02:25:05.421Z', true, 'pickup', 'Marley.Kautzer@yahoo.com', 'Araceli', 'submitted');
INSERT INTO bid (ct_email, ct_price, start_date, end_date, is_cash, transport_method, pet_owner, pet_name, bid_status) VALUES ('Carson56@gmail.com', 12, '2020-12-12T13:24:34.689Z', '2020-12-26T02:25:05.421Z', true, 'delivery', 'Lowell86@hotmail.com', 'Reta', 'submitted');
INSERT INTO bid (ct_email, ct_price, start_date, end_date, is_cash, transport_method, pet_owner, pet_name, bid_status) VALUES ('Isai_Crooks@gmail.com', 13, '2020-12-12T13:24:34.689Z', '2020-12-26T02:25:05.421Z', true, 'pickup', 'Alycia.Nader98@hotmail.com', 'Lupe', 'submitted');
INSERT INTO bid (ct_email, ct_price, start_date, end_date, is_cash, transport_method, pet_owner, pet_name, bid_status) VALUES ('April21@hotmail.com', 1, '2020-12-12T13:24:34.689Z', '2020-12-26T02:25:05.421Z', true, 'pcs', 'Clemmie.Satterfield@yahoo.com', 'Miller', 'submitted');
INSERT INTO bid (ct_email, ct_price, start_date, end_date, is_cash, transport_method, pet_owner, pet_name, bid_status) VALUES ('Hipolito_Schamberger@gmail.com', 11, '2020-12-12T13:24:34.689Z', '2020-12-26T02:25:05.421Z', true, 'delivery', 'Josefa_Funk@gmail.com', 'Randal', 'submitted');
INSERT INTO bid (ct_email, ct_price, start_date, end_date, is_cash, transport_method, pet_owner, pet_name, bid_status) VALUES ('Amya34@gmail.com', 12, '2020-12-12T13:24:34.689Z', '2020-12-26T02:25:05.421Z', true, 'pickup', 'Tevin_Jakubowski9@yahoo.com', 'Hilbert', 'submitted');
INSERT INTO bid (ct_email, ct_price, start_date, end_date, is_cash, transport_method, pet_owner, pet_name, bid_status) VALUES ('Chauncey96@hotmail.com', 6, '2020-12-12T13:24:34.689Z', '2020-12-26T02:25:05.421Z', true, 'pickup', 'Nedra_Hilll@gmail.com', 'Keeley', 'submitted');
INSERT INTO bid (ct_email, ct_price, start_date, end_date, is_cash, transport_method, pet_owner, pet_name, bid_status) VALUES ('Marion.Torp74@yahoo.com', 5, '2020-12-12T13:24:34.689Z', '2020-12-26T02:25:05.421Z', true, 'pickup', 'Jewel.Bayer4@gmail.com', 'Dangelo', 'submitted');
INSERT INTO bid (ct_email, ct_price, start_date, end_date, is_cash, transport_method, pet_owner, pet_name, bid_status) VALUES ('Britney_Dooley@hotmail.com', 5, '2020-12-12T13:24:34.689Z', '2020-12-26T02:25:05.421Z', true, 'pcs', 'Theo.Hackett@gmail.com', 'Isac', 'submitted');
INSERT INTO bid (ct_email, ct_price, start_date, end_date, is_cash, transport_method, pet_owner, pet_name, bid_status) VALUES ('Yessenia.Yundt@gmail.com', 16, '2020-12-12T13:24:34.689Z', '2020-12-26T02:25:05.421Z', true, 'pcs', 'Ila23@yahoo.com', 'Braxton', 'submitted');
INSERT INTO bid (ct_email, ct_price, start_date, end_date, is_cash, transport_method, pet_owner, pet_name, bid_status) VALUES ('Nathanael59@yahoo.com', 18, '2020-12-12T13:24:34.689Z', '2020-12-26T02:25:05.421Z', true, 'pcs', 'Ezequiel_Brekke@yahoo.com', 'Dora', 'submitted');
INSERT INTO bid (ct_email, ct_price, start_date, end_date, is_cash, transport_method, pet_owner, pet_name, bid_status) VALUES ('Maddison62@hotmail.com', 18, '2020-12-12T13:24:34.689Z', '2020-12-26T02:25:05.421Z', true, 'pcs', 'Tyrel_Beier83@yahoo.com', 'Grady', 'submitted');
INSERT INTO bid (ct_email, ct_price, start_date, end_date, is_cash, transport_method, pet_owner, pet_name, bid_status) VALUES ('Golda.Emmerich60@hotmail.com', 9, '2020-12-12T13:24:34.689Z', '2020-12-26T02:25:05.421Z', true, 'pickup', 'Bernadine_Wisozk58@yahoo.com', 'Wyatt', 'submitted');
INSERT INTO bid (ct_email, ct_price, start_date, end_date, is_cash, transport_method, pet_owner, pet_name, bid_status) VALUES ('Sandrine.Hackett67@gmail.com', 19, '2020-12-12T13:24:34.689Z', '2020-12-26T02:25:05.421Z', true, 'pickup', 'Bertrand_Paucek@yahoo.com', 'Lera', 'submitted');
INSERT INTO bid (ct_email, ct_price, start_date, end_date, is_cash, transport_method, pet_owner, pet_name, bid_status) VALUES ('Montana_Kirlin@gmail.com', 18, '2020-12-12T13:24:34.689Z', '2020-12-26T02:25:05.421Z', true, 'delivery', 'Margarete7@yahoo.com', 'Cristina', 'submitted');
INSERT INTO bid (ct_email, ct_price, start_date, end_date, is_cash, transport_method, pet_owner, pet_name, bid_status) VALUES ('Barney_Yundt81@yahoo.com', 17, '2020-12-12T13:24:34.689Z', '2020-12-26T02:25:05.421Z', true, 'delivery', 'Rodrigo.Hand59@yahoo.com', 'Tracy', 'submitted');
INSERT INTO bid (ct_email, ct_price, start_date, end_date, is_cash, transport_method, pet_owner, pet_name, bid_status) VALUES ('Elenora.Weimann@gmail.com', 13, '2020-12-12T13:24:34.689Z', '2020-12-26T02:25:05.421Z', true, 'delivery', 'Sadie42@hotmail.com', 'Geo', 'submitted');
INSERT INTO bid (ct_email, ct_price, start_date, end_date, is_cash, transport_method, pet_owner, pet_name, bid_status) VALUES ('Madisen1@gmail.com', 18, '2020-12-12T13:24:34.689Z', '2020-12-26T02:25:05.421Z', true, 'pcs', 'Lance.Herman@gmail.com', 'Brooklyn', 'submitted');
INSERT INTO bid (ct_email, ct_price, start_date, end_date, is_cash, transport_method, pet_owner, pet_name, bid_status) VALUES ('Adella_West37@yahoo.com', 17, '2020-12-12T13:24:34.689Z', '2020-12-26T02:25:05.421Z', true, 'delivery', 'Shaniya_Towne@yahoo.com', 'Hoyt', 'submitted');
INSERT INTO bid (ct_email, ct_price, start_date, end_date, is_cash, transport_method, pet_owner, pet_name, bid_status) VALUES ('Marjolaine26@gmail.com', 4, '2020-12-12T13:24:34.689Z', '2020-12-26T02:25:05.421Z', true, 'pcs', 'Nathaniel_Stiedemann@gmail.com', 'Duane', 'submitted');
INSERT INTO bid (ct_email, ct_price, start_date, end_date, is_cash, transport_method, pet_owner, pet_name, bid_status) VALUES ('Blaze.Zulauf@gmail.com', 12, '2020-12-12T13:24:34.689Z', '2020-12-26T02:25:05.421Z', true, 'pcs', 'Brycen80@yahoo.com', 'Vernie', 'submitted');
INSERT INTO bid (ct_email, ct_price, start_date, end_date, is_cash, transport_method, pet_owner, pet_name, bid_status) VALUES ('Erin_Senger@yahoo.com', 2, '2020-12-12T13:24:34.689Z', '2020-12-26T02:25:05.421Z', true, 'pcs', 'Jayden_Green@hotmail.com', 'Niko', 'submitted');
INSERT INTO bid (ct_email, ct_price, start_date, end_date, is_cash, transport_method, pet_owner, pet_name, bid_status) VALUES ('Demetrius.Schaefer58@yahoo.com', 8, '2020-12-12T13:24:34.689Z', '2020-12-26T02:25:05.421Z', true, 'pickup', 'Otilia_Kreiger@hotmail.com', 'Tyrese', 'submitted');
INSERT INTO bid (ct_email, ct_price, start_date, end_date, is_cash, transport_method, pet_owner, pet_name, bid_status) VALUES ('Camila_Torphy32@hotmail.com', 20, '2020-12-12T13:24:34.689Z', '2020-12-26T02:25:05.421Z', true, 'delivery', 'Hardy.Terry@gmail.com', 'Nyasia', 'submitted');
INSERT INTO bid (ct_email, ct_price, start_date, end_date, is_cash, transport_method, pet_owner, pet_name, bid_status) VALUES ('Velda_King@gmail.com', 17, '2020-12-12T13:24:34.689Z', '2020-12-26T02:25:05.421Z', true, 'pickup', 'Demarcus.Schowalter12@gmail.com', 'Vivian', 'submitted');
INSERT INTO bid (ct_email, ct_price, start_date, end_date, is_cash, transport_method, pet_owner, pet_name, bid_status) VALUES ('Dessie.Stokes98@hotmail.com', 2, '2020-12-12T13:24:34.689Z', '2020-12-26T02:25:05.421Z', true, 'pcs', 'Noble70@gmail.com', 'Patsy', 'submitted');
INSERT INTO bid (ct_email, ct_price, start_date, end_date, is_cash, transport_method, pet_owner, pet_name, bid_status) VALUES ('Heidi_Smith5@gmail.com', 13, '2020-12-12T13:24:34.689Z', '2020-12-26T02:25:05.421Z', true, 'pcs', 'Christy75@gmail.com', 'Vernie', 'submitted');
INSERT INTO bid (ct_email, ct_price, start_date, end_date, is_cash, transport_method, pet_owner, pet_name, bid_status) VALUES ('Annie90@hotmail.com', 18, '2020-12-12T13:24:34.689Z', '2020-12-26T02:25:05.421Z', true, 'pickup', 'Brycen45@hotmail.com', 'Enid', 'submitted');
INSERT INTO bid (ct_email, ct_price, start_date, end_date, is_cash, transport_method, pet_owner, pet_name, bid_status) VALUES ('Justyn.Heidenreich18@hotmail.com', 0, '2020-12-12T13:24:34.689Z', '2020-12-26T02:25:05.421Z', true, 'pcs', 'Brian.Ernser15@yahoo.com', 'Kris', 'submitted');
INSERT INTO bid (ct_email, ct_price, start_date, end_date, is_cash, transport_method, pet_owner, pet_name, bid_status) VALUES ('Webster21@hotmail.com', 4, '2020-12-12T13:24:34.689Z', '2020-12-26T02:25:05.421Z', true, 'pcs', 'Riley.Bernhard@hotmail.com', 'Tracey', 'submitted');
INSERT INTO bid (ct_email, ct_price, start_date, end_date, is_cash, transport_method, pet_owner, pet_name, bid_status) VALUES ('Kelsie.Herzog98@yahoo.com', 12, '2020-12-12T13:24:34.689Z', '2020-12-26T02:25:05.421Z', true, 'pickup', 'Precious_Terry@yahoo.com', 'Eloise', 'submitted');
INSERT INTO bid (ct_email, ct_price, start_date, end_date, is_cash, transport_method, pet_owner, pet_name, bid_status) VALUES ('Magali_Wiza@gmail.com', 8, '2020-12-12T13:24:34.689Z', '2020-12-26T02:25:05.421Z', true, 'delivery', 'Maddison62@hotmail.com', 'Bertha', 'submitted');
INSERT INTO bid (ct_email, ct_price, start_date, end_date, is_cash, transport_method, pet_owner, pet_name, bid_status) VALUES ('Alena_Johns@hotmail.com', 17, '2020-12-12T13:24:34.689Z', '2020-12-26T02:25:05.421Z', true, 'pickup', 'Easton.Collier10@yahoo.com', 'Stefanie', 'submitted');
INSERT INTO bid (ct_email, ct_price, start_date, end_date, is_cash, transport_method, pet_owner, pet_name, bid_status) VALUES ('Zula_Mayer88@hotmail.com', 2, '2020-12-12T13:24:34.689Z', '2020-12-26T02:25:05.421Z', true, 'pickup', 'Carmela.Flatley@gmail.com', 'Camryn', 'submitted');
INSERT INTO bid (ct_email, ct_price, start_date, end_date, is_cash, transport_method, pet_owner, pet_name, bid_status) VALUES ('Jackson59@gmail.com', 14, '2020-12-12T13:24:34.689Z', '2020-12-26T02:25:05.421Z', true, 'delivery', 'Owen93@yahoo.com', 'Harley', 'submitted');
INSERT INTO bid (ct_email, ct_price, start_date, end_date, is_cash, transport_method, pet_owner, pet_name, bid_status) VALUES ('Jess.Fadel73@hotmail.com', 12, '2020-12-12T13:24:34.689Z', '2020-12-26T02:25:05.421Z', true, 'pcs', 'Ofelia.Aufderhar@yahoo.com', 'Ashlynn', 'submitted');
INSERT INTO bid (ct_email, ct_price, start_date, end_date, is_cash, transport_method, pet_owner, pet_name, bid_status) VALUES ('Ezequiel_Brekke@yahoo.com', 13, '2020-12-12T13:24:34.689Z', '2020-12-26T02:25:05.421Z', true, 'pcs', 'Pearline.Lemke85@gmail.com', 'Erika', 'submitted');
INSERT INTO bid (ct_email, ct_price, start_date, end_date, is_cash, transport_method, pet_owner, pet_name, bid_status) VALUES ('Herbert_Hamill10@yahoo.com', 5, '2020-12-12T13:24:34.689Z', '2020-12-26T02:25:05.421Z', true, 'delivery', 'Nikolas_Torp90@gmail.com', 'Angus', 'submitted');
INSERT INTO bid (ct_email, ct_price, start_date, end_date, is_cash, transport_method, pet_owner, pet_name, bid_status) VALUES ('Michele19@gmail.com', 17, '2020-12-12T13:24:34.689Z', '2020-12-26T02:25:05.421Z', true, 'delivery', 'Xavier_Adams@yahoo.com', 'Lucile', 'submitted');
INSERT INTO bid (ct_email, ct_price, start_date, end_date, is_cash, transport_method, pet_owner, pet_name, bid_status) VALUES ('Mara_Pagac93@gmail.com', 3, '2020-12-12T13:24:34.689Z', '2020-12-26T02:25:05.421Z', true, 'pcs', 'Viva_Lind65@gmail.com', 'Effie', 'submitted');
INSERT INTO bid (ct_email, ct_price, start_date, end_date, is_cash, transport_method, pet_owner, pet_name, bid_status) VALUES ('Jackeline.Schmeler28@yahoo.com', 15, '2020-12-12T13:24:34.689Z', '2020-12-26T02:25:05.421Z', true, 'pcs', 'Marley.Kautzer@yahoo.com', 'Grayson', 'submitted');
INSERT INTO bid (ct_email, ct_price, start_date, end_date, is_cash, transport_method, pet_owner, pet_name, bid_status) VALUES ('Raleigh_Rosenbaum49@gmail.com', 17, '2020-12-12T13:24:34.689Z', '2020-12-26T02:25:05.421Z', true, 'delivery', 'Keyon35@yahoo.com', 'Sienna', 'submitted');
INSERT INTO bid (ct_email, ct_price, start_date, end_date, is_cash, transport_method, pet_owner, pet_name, bid_status) VALUES ('Charlie17@gmail.com', 13, '2020-12-12T13:24:34.689Z', '2020-12-26T02:25:05.421Z', true, 'pcs', 'Allen53@hotmail.com', 'Russel', 'submitted');
INSERT INTO bid (ct_email, ct_price, start_date, end_date, is_cash, transport_method, pet_owner, pet_name, bid_status) VALUES ('Clarabelle_Hammes@gmail.com', 9, '2020-12-12T13:24:34.689Z', '2020-12-26T02:25:05.421Z', true, 'pcs', 'Valentina60@hotmail.com', 'Manuela', 'submitted');
INSERT INTO bid (ct_email, ct_price, start_date, end_date, is_cash, transport_method, pet_owner, pet_name, bid_status) VALUES ('Carmine_OKon@gmail.com', 12, '2020-12-12T13:24:34.689Z', '2020-12-26T02:25:05.421Z', true, 'delivery', 'Ressie7@hotmail.com', 'Anika', 'submitted');
INSERT INTO bid (ct_email, ct_price, start_date, end_date, is_cash, transport_method, pet_owner, pet_name, bid_status) VALUES ('Dustin_Ryan@gmail.com', 16, '2020-12-12T13:24:34.689Z', '2020-12-26T02:25:05.421Z', true, 'delivery', 'Adolph15@gmail.com', 'Leonardo', 'submitted');
INSERT INTO bid (ct_email, ct_price, start_date, end_date, is_cash, transport_method, pet_owner, pet_name, bid_status) VALUES ('Theo.Hackett@gmail.com', 19, '2020-12-12T13:24:34.689Z', '2020-12-26T02:25:05.421Z', true, 'pickup', 'Tanya_Block34@hotmail.com', 'Ansel', 'submitted');
INSERT INTO bid (ct_email, ct_price, start_date, end_date, is_cash, transport_method, pet_owner, pet_name, bid_status) VALUES ('Cornell_Kuhic@gmail.com', 5, '2020-12-12T13:24:34.689Z', '2020-12-26T02:25:05.421Z', true, 'pcs', 'Andy_Medhurst76@hotmail.com', 'Kacey', 'submitted');
INSERT INTO bid (ct_email, ct_price, start_date, end_date, is_cash, transport_method, pet_owner, pet_name, bid_status) VALUES ('Serena.Walsh17@yahoo.com', 15, '2020-12-12T13:24:34.689Z', '2020-12-26T02:25:05.421Z', true, 'pickup', 'Lucy_Grady26@yahoo.com', 'Nyasia', 'submitted');
INSERT INTO bid (ct_email, ct_price, start_date, end_date, is_cash, transport_method, pet_owner, pet_name, bid_status) VALUES ('Dianna67@hotmail.com', 8, '2020-12-12T13:24:34.689Z', '2020-12-26T02:25:05.421Z', true, 'pcs', 'Harold.Altenwerth@hotmail.com', 'Amya', 'submitted');
INSERT INTO bid (ct_email, ct_price, start_date, end_date, is_cash, transport_method, pet_owner, pet_name, bid_status) VALUES ('Cynthia8@yahoo.com', 0, '2020-12-12T13:24:34.689Z', '2020-12-26T02:25:05.421Z', true, 'pickup', 'Marietta37@gmail.com', 'Jaydon', 'submitted');
INSERT INTO bid (ct_email, ct_price, start_date, end_date, is_cash, transport_method, pet_owner, pet_name, bid_status) VALUES ('Selena_Block@hotmail.com', 16, '2020-12-12T13:24:34.689Z', '2020-12-26T02:25:05.421Z', true, 'delivery', 'Edmund_Sauer94@hotmail.com', 'Jordy', 'submitted');