INSERT INTO pet_category values ('Bearded Dragon', 89);
INSERT INTO pet_category values ('Bird', 120);
INSERT INTO pet_category values ('Burro', 243);
INSERT INTO pet_category values ('Cat', 179);
INSERT INTO pet_category values ('Chameleons (Veiled)', 105);
INSERT INTO pet_category values ('Chicken', 48);
INSERT INTO pet_category values ('Chinchilla', 237);
INSERT INTO pet_category values ('Chinese Water Dragon', 258);
INSERT INTO pet_category values ('Cow', 168);
INSERT INTO pet_category values ('Dog', 43);
INSERT INTO pet_category values ('Donkey', 76);
INSERT INTO pet_category values ('Duck', 84);
INSERT INTO pet_category values ('Ferret', 31);
INSERT INTO pet_category values ('Fish', 199);
INSERT INTO pet_category values ('Gecko', 17);
INSERT INTO pet_category values ('Geese (Chinese Swan Goose)', 75);
INSERT INTO pet_category values ('Gerbil', 202);
INSERT INTO pet_category values ('Goat', 188);
INSERT INTO pet_category values ('Guinea Fowl', 210);
INSERT INTO pet_category values ('Guinea Pig', 28);
INSERT INTO pet_category values ('Hamster', 220);
INSERT INTO pet_category values ('Hedgehog', 5);
INSERT INTO pet_category values ('Horse', 237);
INSERT INTO pet_category values ('Iguana', 24);
INSERT INTO pet_category values ('Llama', 22);
INSERT INTO pet_category values ('Lizard', 59);
INSERT INTO pet_category values ('Mice', 95);
INSERT INTO pet_category values ('Mule', 273);
INSERT INTO pet_category values ('Peafowl', 223);
INSERT INTO pet_category values ('Pig', 198);
INSERT INTO pet_category values ('Hog', 98);
INSERT INTO pet_category values ('Pigeon', 30);
INSERT INTO pet_category values ('Ponie', 141);
INSERT INTO pet_category values ('Pot Bellied Pig', 245);
INSERT INTO pet_category values ('Rabbit', 54);INSERT INTO person VALUES ('Etha.Reichert@gmail.com', 'Xavier Harvey', '$2b$10$KjlGkoYo.X.yATkN6hl68.PR7y2gQ9KjXdZ7CgK0vpAeOvUttU5/m', '6613 Ritchie Fords', 90707226, 'user', 'https://s3.amazonaws.com/uifaces/faces/twitter/coreyhaggard/128.jpg');

INSERT INTO person VALUES ('Cordia96@hotmail.com', 'Genevieve Treutel', '$2b$10$KjlGkoYo.X.yATkN6hl68..LmBV3zLUDshNgBZ7YZR59fyRDv6FAG', '37366 Jett Plain', 90443051, 'user', 'https://s3.amazonaws.com/uifaces/faces/twitter/charliegann/128.jpg');
INSERT INTO credit_card VALUES (6304149696367330, 'Cordia96@hotmail.com', '2021-03-03T12:11:01.637Z', 728);
INSERT INTO pet VALUES ('Hope', 'Cordia96@hotmail.com', 'Pig', 'Ea quaerat culpa repellendus deserunt ut inventore.', 'Quam nostrum eligendi.');
INSERT INTO pet VALUES ('Alana', 'Cordia96@hotmail.com', 'Lizard', 'Eligendi enim quaerat blanditiis occaecati consequatur unde qui commodi.', 'Ea et et doloremque incidunt repudiandae alias.');
INSERT INTO part_time_ct VALUES ('Cordia96@hotmail.com');
INSERT INTO pt_free_schedule VALUES ('Cordia96@hotmail.com', '2020-11-05T13:47:35.673Z', '2020-12-27T11:09:43.511Z');
INSERT INTO pt_specializes_in VALUES ('Cordia96@hotmail.com', 'Donkey', 0);

INSERT INTO person VALUES ('Jalon.King@yahoo.com', 'Nya Torp', '$2b$10$KjlGkoYo.X.yATkN6hl68.Y66T34E8t0HJczh0il4dT0X.eUFVe8u', '2004 Allison Ramp', 90450188, 'user', 'https://s3.amazonaws.com/uifaces/faces/twitter/adhamdannaway/128.jpg');

INSERT INTO person VALUES ('Luther.Hayes8@gmail.com', 'Serena Lakin', '$2b$10$KjlGkoYo.X.yATkN6hl68.J5NcBMlToe9uAguz88d2kFioz97eXgy', '33473 Rohan Knoll', 90860338, 'user', 'https://s3.amazonaws.com/uifaces/faces/twitter/holdenweb/128.jpg');

INSERT INTO person VALUES ('Carolyn_Rolfson@gmail.com', 'Augusta Hauck', '$2b$10$KjlGkoYo.X.yATkN6hl68.hUhaPsF.CjSxdB9X3sJ1uq8kueJPHYy', '6658 VonRueden Underpass', 90273879, 'user', 'https://s3.amazonaws.com/uifaces/faces/twitter/ateneupopular/128.jpg');
INSERT INTO full_time_ct VALUES ('Carolyn_Rolfson@gmail.com');
INSERT INTO ft_specializes_in VALUES ('Carolyn_Rolfson@gmail.com', 'Chinese Water Dragon', 13);
INSERT INTO ft_specializes_in VALUES ('Carolyn_Rolfson@gmail.com', 'Guinea Fowl', 8);

INSERT INTO person VALUES ('Reginald63@yahoo.com', 'Carlotta Mosciski', '$2b$10$KjlGkoYo.X.yATkN6hl68.EOsvPMVYC2byhDzsHJZn00teJWrBxrC', '483 Koch Inlet', 90909035, 'user', 'https://s3.amazonaws.com/uifaces/faces/twitter/psdesignuk/128.jpg');
INSERT INTO credit_card VALUES (6304210679297510, 'Reginald63@yahoo.com', '2020-11-18T11:55:34.840Z', 661);
INSERT INTO part_time_ct VALUES ('Reginald63@yahoo.com');
INSERT INTO pt_free_schedule VALUES ('Reginald63@yahoo.com', '2020-11-04T18:18:48.926Z', '2020-12-18T18:29:04.043Z');
INSERT INTO pt_specializes_in VALUES ('Reginald63@yahoo.com', 'Bird', 3);
INSERT INTO pt_specializes_in VALUES ('Reginald63@yahoo.com', 'Iguana', 3);

INSERT INTO person VALUES ('Zoe.Wehner@gmail.com', 'Una Erdman', '$2b$10$KjlGkoYo.X.yATkN6hl68.N8X7g8ed/3XZe.L.m0tfKaDr7Ifmot2', '209 Molly Flat', 90751242, 'user', 'https://s3.amazonaws.com/uifaces/faces/twitter/nicklacke/128.jpg');
INSERT INTO part_time_ct VALUES ('Zoe.Wehner@gmail.com');
INSERT INTO pt_free_schedule VALUES ('Zoe.Wehner@gmail.com', '2020-11-05T13:35:44.906Z', '2021-10-04T19:02:42.801Z');
INSERT INTO pt_specializes_in VALUES ('Zoe.Wehner@gmail.com', 'Goat', 11);
INSERT INTO pt_specializes_in VALUES ('Zoe.Wehner@gmail.com', 'Guinea Fowl', 18);
INSERT INTO pt_specializes_in VALUES ('Zoe.Wehner@gmail.com', 'Lizard', 10);

INSERT INTO person VALUES ('Henry_Zboncak49@gmail.com', 'Josh Gerlach', '$2b$10$KjlGkoYo.X.yATkN6hl68.BXgOWn1loGa0vhRnQscbQ1A3sW0C3m2', '2312 Mayert Turnpike', 90358548, 'user', 'https://s3.amazonaws.com/uifaces/faces/twitter/mymyboy/128.jpg');
INSERT INTO credit_card VALUES (4514203931698, 'Henry_Zboncak49@gmail.com', '2022-11-05T12:56:23.285Z', 476);
INSERT INTO pet VALUES ('Garrison', 'Henry_Zboncak49@gmail.com', 'Gerbil', 'Pariatur voluptatem ut odit autem.', 'Consequatur ut iste non quis quis dicta aut officiis.');
INSERT INTO pet VALUES ('Santino', 'Henry_Zboncak49@gmail.com', 'Peafowl', 'Doloremque et consequatur.', 'Blanditiis atque cum commodi culpa harum debitis.');
INSERT INTO pet VALUES ('Alexis', 'Henry_Zboncak49@gmail.com', 'Pot Bellied Pig', 'In aliquam minima voluptates consequatur dolor.', 'Est minus rerum.');
INSERT INTO part_time_ct VALUES ('Henry_Zboncak49@gmail.com');
INSERT INTO pt_free_schedule VALUES ('Henry_Zboncak49@gmail.com', '2020-11-05T00:17:09.013Z', '2021-09-19T14:40:50.258Z');
INSERT INTO pt_specializes_in VALUES ('Henry_Zboncak49@gmail.com', 'Rabbit', 9);

INSERT INTO person VALUES ('Queen6@yahoo.com', 'Bobbie Nicolas', '$2b$10$KjlGkoYo.X.yATkN6hl68.GhXCZZGxRJG29N20SYUtRV6Yjf8YIG6', '99232 Murazik Knolls', 90477008, 'user', 'https://s3.amazonaws.com/uifaces/faces/twitter/bennyjien/128.jpg');
INSERT INTO part_time_ct VALUES ('Queen6@yahoo.com');
INSERT INTO pt_free_schedule VALUES ('Queen6@yahoo.com', '2020-11-04T20:35:41.189Z', '2021-03-20T06:45:29.344Z');
INSERT INTO pt_specializes_in VALUES ('Queen6@yahoo.com', 'Rabbit', 10);

INSERT INTO person VALUES ('Freddie89@gmail.com', 'Noemie Marks', '$2b$10$KjlGkoYo.X.yATkN6hl68.RWB59WUTL7SzdgTizC8WLPjoS90sLCO', '1834 Sporer Shoals', 90677427, 'user', 'https://s3.amazonaws.com/uifaces/faces/twitter/toddrew/128.jpg');
INSERT INTO part_time_ct VALUES ('Freddie89@gmail.com');
INSERT INTO pt_free_schedule VALUES ('Freddie89@gmail.com', '2020-11-05T06:33:46.200Z', '2021-01-31T17:15:37.973Z');
INSERT INTO pt_specializes_in VALUES ('Freddie89@gmail.com', 'Guinea Pig', 1);

INSERT INTO person VALUES ('Valentine50@gmail.com', 'Alda Brakus', '$2b$10$KjlGkoYo.X.yATkN6hl68.PLQHpkHCB0cPwMtZnSdaR4B02wtAggS', '16028 Kutch Tunnel', 90669845, 'user', 'https://s3.amazonaws.com/uifaces/faces/twitter/cemshid/128.jpg');
INSERT INTO credit_card VALUES (5437166977563433, 'Valentine50@gmail.com', '2022-08-18T18:12:55.165Z', 327);

INSERT INTO person VALUES ('Sarai.Murphy68@gmail.com', 'Pietro Osinski', '$2b$10$KjlGkoYo.X.yATkN6hl68.J3r4hIZSMgbksOXoef4o3HhrX1B3sR2', '42480 Fabiola Loaf', 90352594, 'user', 'https://s3.amazonaws.com/uifaces/faces/twitter/salleedesign/128.jpg');

INSERT INTO person VALUES ('Abe.Nitzsche@yahoo.com', 'Giuseppe Ward', '$2b$10$KjlGkoYo.X.yATkN6hl68.5Xjf7HeCIC7/76OO/xa.qF46OISADmO', '2004 Kutch Glen', 90472506, 'user', 'https://s3.amazonaws.com/uifaces/faces/twitter/nessoila/128.jpg');
INSERT INTO part_time_ct VALUES ('Abe.Nitzsche@yahoo.com');
INSERT INTO pt_free_schedule VALUES ('Abe.Nitzsche@yahoo.com', '2020-11-05T01:15:51.721Z', '2021-08-11T08:48:36.524Z');
INSERT INTO pt_specializes_in VALUES ('Abe.Nitzsche@yahoo.com', 'Burro', 2);
INSERT INTO pt_specializes_in VALUES ('Abe.Nitzsche@yahoo.com', 'Chameleons (Veiled)', 14);
INSERT INTO pt_specializes_in VALUES ('Abe.Nitzsche@yahoo.com', 'Chinchilla', 20);

INSERT INTO person VALUES ('Adele29@gmail.com', 'Gilda Greenfelder', '$2b$10$KjlGkoYo.X.yATkN6hl68.Mc8TDngo95YDTsBTPcVZnIcrM.UYh6.', '4025 Volkman Court', 90387592, 'user', 'https://s3.amazonaws.com/uifaces/faces/twitter/artd_sign/128.jpg');

INSERT INTO person VALUES ('Fermin19@yahoo.com', 'Lauretta Morissette', '$2b$10$KjlGkoYo.X.yATkN6hl68.W2V1zGyT01KVN5OLKOWNvFkC/rn4bB2', '90096 Wunsch Glen', 90821423, 'user', 'https://s3.amazonaws.com/uifaces/faces/twitter/theonlyzeke/128.jpg');

INSERT INTO person VALUES ('Alison.Botsford@hotmail.com', 'Sophia Quitzon', '$2b$10$KjlGkoYo.X.yATkN6hl68.nhSpx3l/rU8o125tw1vgu14b5SzFBde', '8159 Ashly Harbor', 90264855, 'user', 'https://s3.amazonaws.com/uifaces/faces/twitter/AlbertoCococi/128.jpg');
INSERT INTO credit_card VALUES (6767365577878510, 'Alison.Botsford@hotmail.com', '2022-07-06T20:07:18.023Z', 673);
INSERT INTO pet VALUES ('Erik', 'Alison.Botsford@hotmail.com', 'Gerbil', 'In laborum porro aut sint.', 'Reprehenderit et in adipisci et quod eos architecto saepe nostrum.');
INSERT INTO pet VALUES ('Audreanne', 'Alison.Botsford@hotmail.com', 'Geese (Chinese Swan Goose)', 'Suscipit voluptatem qui quia labore laboriosam reiciendis.', 'Dolores aut architecto similique quis aspernatur alias vero est.');
INSERT INTO pet VALUES ('Dora', 'Alison.Botsford@hotmail.com', 'Chameleons (Veiled)', 'Quos officiis facilis maiores ullam.', 'Laudantium rem et nihil ut qui itaque ut.');
INSERT INTO part_time_ct VALUES ('Alison.Botsford@hotmail.com');
INSERT INTO pt_free_schedule VALUES ('Alison.Botsford@hotmail.com', '2020-11-05T13:46:50.259Z', '2021-07-14T20:34:54.633Z');

INSERT INTO person VALUES ('Uriel.Bartoletti@yahoo.com', 'Nannie Stark', '$2b$10$KjlGkoYo.X.yATkN6hl68.P9wk9T6dgR.iMc8RR69yfI8SQeS6Hpu', '0459 Margie Plains', 90964295, 'user', 'https://s3.amazonaws.com/uifaces/faces/twitter/the_winslet/128.jpg');
INSERT INTO credit_card VALUES (36754901971022, 'Uriel.Bartoletti@yahoo.com', '2021-11-06T22:29:58.404Z', 483);
INSERT INTO pet VALUES ('Marlene', 'Uriel.Bartoletti@yahoo.com', 'Lizard', 'Voluptas id illo nostrum non quod nesciunt.', 'Ipsum eius velit dignissimos repellat officiis et rerum dolorum non.');
INSERT INTO full_time_ct VALUES ('Uriel.Bartoletti@yahoo.com');
INSERT INTO ft_specializes_in VALUES ('Uriel.Bartoletti@yahoo.com', 'Pot Bellied Pig', 8);

INSERT INTO person VALUES ('Everette_Donnelly72@gmail.com', 'Brad Kertzmann', '$2b$10$KjlGkoYo.X.yATkN6hl68.VfGx4nOqF9xcFrQXfpTOqLdVmD6FGOC', '113 Gislason Station', 90614667, 'user', 'https://s3.amazonaws.com/uifaces/faces/twitter/gkaam/128.jpg');
INSERT INTO full_time_ct VALUES ('Everette_Donnelly72@gmail.com');
INSERT INTO ft_specializes_in VALUES ('Everette_Donnelly72@gmail.com', 'Horse', 15);

INSERT INTO person VALUES ('Julian_Herzog@gmail.com', 'Rodolfo Daugherty', '$2b$10$KjlGkoYo.X.yATkN6hl68.srZZnkvaBrB9VTULgQXUvQnhg2W11RC', '1035 Hayes Green', 90315296, 'user', 'https://s3.amazonaws.com/uifaces/faces/twitter/shaneIxD/128.jpg');
INSERT INTO part_time_ct VALUES ('Julian_Herzog@gmail.com');
INSERT INTO pt_free_schedule VALUES ('Julian_Herzog@gmail.com', '2020-11-05T10:19:58.970Z', '2021-08-13T18:41:43.449Z');
INSERT INTO pt_specializes_in VALUES ('Julian_Herzog@gmail.com', 'Chinchilla', 4);
INSERT INTO pt_specializes_in VALUES ('Julian_Herzog@gmail.com', 'Cow', 8);
INSERT INTO pt_specializes_in VALUES ('Julian_Herzog@gmail.com', 'Horse', 3);

INSERT INTO person VALUES ('Hayley_Graham@yahoo.com', 'Lori Oberbrunner', '$2b$10$KjlGkoYo.X.yATkN6hl68.pbS/mOpf40hTeXVySHfLoRLisGpRMXK', '97555 Micheal Trail', 90173662, 'user', 'https://s3.amazonaws.com/uifaces/faces/twitter/yigitpinarbasi/128.jpg');

INSERT INTO person VALUES ('Henderson61@hotmail.com', 'Walker Dach', '$2b$10$KjlGkoYo.X.yATkN6hl68.FCEit29gq4sePxeEMX4/WmsgIQcVOze', '5611 Fritsch Walks', 90723708, 'user', 'https://s3.amazonaws.com/uifaces/faces/twitter/nicolasfolliot/128.jpg');
INSERT INTO credit_card VALUES (6387302495250060, 'Henderson61@hotmail.com', '2020-12-12T00:37:55.177Z', 959);
INSERT INTO pet VALUES ('Alexis', 'Henderson61@hotmail.com', 'Pigeon', 'Dolor quis saepe perferendis.', 'Voluptates animi et et voluptatum ipsam iste blanditiis.');
INSERT INTO pet VALUES ('Lenore', 'Henderson61@hotmail.com', 'Rabbit', 'Omnis consequatur quis optio non quisquam.', 'Quaerat ipsum aspernatur non beatae.');
INSERT INTO pet VALUES ('Aglae', 'Henderson61@hotmail.com', 'Guinea Fowl', 'Eum voluptatem placeat vero.', 'Dolor atque debitis dolores nihil architecto modi quod.');

INSERT INTO person VALUES ('Lily_Oberbrunner31@yahoo.com', 'Josefa Rohan', '$2b$10$KjlGkoYo.X.yATkN6hl68.KTT8n6naPvRscFmTvdO9oBnbqxXysgu', '7869 Nicklaus Courts', 90719125, 'user', 'https://s3.amazonaws.com/uifaces/faces/twitter/sharvin/128.jpg');
INSERT INTO credit_card VALUES (6440622395833483, 'Lily_Oberbrunner31@yahoo.com', '2023-08-05T00:55:53.130Z', 610);
INSERT INTO pet VALUES ('Domenica', 'Lily_Oberbrunner31@yahoo.com', 'Bearded Dragon', 'Non necessitatibus est a similique culpa.', 'Quo rerum sed voluptatum unde omnis et.');
INSERT INTO pet VALUES ('Fleta', 'Lily_Oberbrunner31@yahoo.com', 'Mule', 'Vel non inventore.', 'Quis et rerum qui laborum.');

INSERT INTO person VALUES ('Mavis56@hotmail.com', 'Jody Gusikowski', '$2b$10$KjlGkoYo.X.yATkN6hl68.SrPIMN4OeZ0iLMY9Evy4h2YhEvD/va2', '81147 Amira Drives', 90043187, 'user', 'https://s3.amazonaws.com/uifaces/faces/twitter/gofrasdesign/128.jpg');
INSERT INTO credit_card VALUES (5893623030068088, 'Mavis56@hotmail.com', '2020-11-26T10:06:42.835Z', 696);

INSERT INTO person VALUES ('Mckayla2@gmail.com', 'Coleman Wolf', '$2b$10$KjlGkoYo.X.yATkN6hl68.asW8jtcZK1GTNnfyMIY4n5ylYMKl8gi', '1244 Marc Alley', 90384347, 'user', 'https://s3.amazonaws.com/uifaces/faces/twitter/klimmka/128.jpg');

INSERT INTO person VALUES ('Amari.Morar@hotmail.com', 'Obie Schulist', '$2b$10$KjlGkoYo.X.yATkN6hl68.NRT7qHEqd6Isj85AwAgkr9idqISDxdi', '247 Horacio Inlet', 90291268, 'user', 'https://s3.amazonaws.com/uifaces/faces/twitter/umurgdk/128.jpg');

INSERT INTO person VALUES ('Gabrielle_Thiel@hotmail.com', 'Arnold Funk', '$2b$10$KjlGkoYo.X.yATkN6hl68.hYrPNxDHYxGNp0txKB2gbpqxhLPEJ66', '77817 Kirlin Crossing', 90933546, 'user', 'https://s3.amazonaws.com/uifaces/faces/twitter/vaughanmoffitt/128.jpg');
INSERT INTO part_time_ct VALUES ('Gabrielle_Thiel@hotmail.com');
INSERT INTO pt_free_schedule VALUES ('Gabrielle_Thiel@hotmail.com', '2020-11-05T07:15:42.860Z', '2021-01-26T04:45:11.557Z');
INSERT INTO pt_specializes_in VALUES ('Gabrielle_Thiel@hotmail.com', 'Donkey', 19);
INSERT INTO pt_specializes_in VALUES ('Gabrielle_Thiel@hotmail.com', 'Goat', 2);

INSERT INTO person VALUES ('Darrick.Witting88@gmail.com', 'Oswaldo Rowe', '$2b$10$KjlGkoYo.X.yATkN6hl68.gLYk1jPlw8CC7s2OUhukLGJkvXL6WMm', '6214 Bins Square', 90931418, 'user', 'https://s3.amazonaws.com/uifaces/faces/twitter/shadeed9/128.jpg');
INSERT INTO part_time_ct VALUES ('Darrick.Witting88@gmail.com');
INSERT INTO pt_free_schedule VALUES ('Darrick.Witting88@gmail.com', '2020-11-04T16:07:28.345Z', '2020-12-22T01:00:26.145Z');

INSERT INTO person VALUES ('Dixie_Paucek41@hotmail.com', 'Suzanne Reynolds', '$2b$10$KjlGkoYo.X.yATkN6hl68.kvxtmD0vVCHwai3J4ZM8lx/OvFRtmuS', '844 Nicolas Center', 90836747, 'user', 'https://s3.amazonaws.com/uifaces/faces/twitter/vladyn/128.jpg');
INSERT INTO credit_card VALUES (3529373517991603, 'Dixie_Paucek41@hotmail.com', '2021-07-11T03:28:56.140Z', 594);
INSERT INTO pet VALUES ('Sage', 'Dixie_Paucek41@hotmail.com', 'Hamster', 'Cumque cupiditate quia omnis sunt dolorem aliquam qui.', 'Vitae ut tempora aut excepturi laudantium blanditiis pariatur reprehenderit.');
INSERT INTO pet VALUES ('Matilde', 'Dixie_Paucek41@hotmail.com', 'Guinea Pig', 'Natus culpa asperiores voluptatem architecto officiis.', 'Est qui iusto qui.');
INSERT INTO pet VALUES ('Carroll', 'Dixie_Paucek41@hotmail.com', 'Pigeon', 'Consectetur incidunt tempore eos rerum asperiores molestiae asperiores.', 'Illo et voluptas aliquam odio eum rerum vel.');
INSERT INTO part_time_ct VALUES ('Dixie_Paucek41@hotmail.com');
INSERT INTO pt_free_schedule VALUES ('Dixie_Paucek41@hotmail.com', '2020-11-05T10:10:53.210Z', '2021-06-11T09:45:53.417Z');
INSERT INTO pt_specializes_in VALUES ('Dixie_Paucek41@hotmail.com', 'Cat', 0);

INSERT INTO person VALUES ('Graciela.Lockman@gmail.com', 'Genevieve Bauch', '$2b$10$KjlGkoYo.X.yATkN6hl68.TEVHr23leU3.oFR/fHhSUennL5pUXSq', '72374 Daniel Squares', 90599095, 'user', 'https://s3.amazonaws.com/uifaces/faces/twitter/mugukamil/128.jpg');
INSERT INTO credit_card VALUES (6593627023301207, 'Graciela.Lockman@gmail.com', '2024-03-10T18:34:24.269Z', 199);

INSERT INTO person VALUES ('Olin4@yahoo.com', 'Nickolas Bode', '$2b$10$KjlGkoYo.X.yATkN6hl68.fuoxTrwFHB9U9GENNAsRC5CYCjlKsvK', '19056 Durgan Place', 90018167, 'user', 'https://s3.amazonaws.com/uifaces/faces/twitter/rdbannon/128.jpg');
INSERT INTO full_time_ct VALUES ('Olin4@yahoo.com');
INSERT INTO ft_specializes_in VALUES ('Olin4@yahoo.com', 'Mule', 20);

INSERT INTO person VALUES ('Mazie12@hotmail.com', 'Kieran Schneider', '$2b$10$KjlGkoYo.X.yATkN6hl68.mE.yvBTwW7bJJFYDciBAkLAKAHnKwX6', '775 Rippin Mall', 90899967, 'user', 'https://s3.amazonaws.com/uifaces/faces/twitter/laasli/128.jpg');

INSERT INTO person VALUES ('Cayla_Kemmer29@gmail.com', 'Tobin Glover', '$2b$10$KjlGkoYo.X.yATkN6hl68.VCXBoCVHlN9IXhvrWx5izMGK5oAVm2u', '099 Susan Ports', 90308880, 'user', 'https://s3.amazonaws.com/uifaces/faces/twitter/travishines/128.jpg');

INSERT INTO person VALUES ('Caroline24@yahoo.com', 'Hilton Cassin', '$2b$10$KjlGkoYo.X.yATkN6hl68..6Z3cTjTT8VMDe4IObPp674zZHiiESG', '9172 Herzog Run', 90481135, 'user', 'https://s3.amazonaws.com/uifaces/faces/twitter/mslarkina/128.jpg');

INSERT INTO person VALUES ('Name8@yahoo.com', 'Unique Rosenbaum', '$2b$10$KjlGkoYo.X.yATkN6hl68.MDieXElWyIZk3wDlMpWHndRoplIe9eG', '0832 Parisian Spur', 90404772, 'user', 'https://s3.amazonaws.com/uifaces/faces/twitter/tereshenkov/128.jpg');
INSERT INTO full_time_ct VALUES ('Name8@yahoo.com');
INSERT INTO ft_specializes_in VALUES ('Name8@yahoo.com', 'Ferret', 8);

INSERT INTO person VALUES ('Geovanni51@hotmail.com', 'Adam Ernser', '$2b$10$KjlGkoYo.X.yATkN6hl68.Nl7L84R1odSDr55JGoguiVMd9TLoooG', '2737 Arno Glen', 90941654, 'user', 'https://s3.amazonaws.com/uifaces/faces/twitter/hgharrygo/128.jpg');
INSERT INTO credit_card VALUES (5020507860348872, 'Geovanni51@hotmail.com', '2021-01-14T11:13:06.575Z', 625);
INSERT INTO pet VALUES ('Dustin', 'Geovanni51@hotmail.com', 'Cow', 'Explicabo voluptates ratione quis consectetur adipisci.', 'Aut dolore cumque dolor consequatur odit nesciunt.');
INSERT INTO pet VALUES ('Cordie', 'Geovanni51@hotmail.com', 'Mule', 'Accusamus aut nihil cum aut quaerat aut reprehenderit aspernatur.', 'Ut ipsum enim possimus minus iste esse.');
INSERT INTO pet VALUES ('Ona', 'Geovanni51@hotmail.com', 'Chameleons (Veiled)', 'Sed odio maiores a deserunt est atque autem.', 'Et placeat ea natus rem deserunt harum ut consequatur doloremque.');
INSERT INTO full_time_ct VALUES ('Geovanni51@hotmail.com');
INSERT INTO ft_specializes_in VALUES ('Geovanni51@hotmail.com', 'Hamster', 18);

INSERT INTO person VALUES ('Daphne.Labadie26@hotmail.com', 'Lilla Rau', '$2b$10$KjlGkoYo.X.yATkN6hl68.hJ4YEul42NsPGYEbLR9KSeDdChn4u1i', '816 Ullrich Pines', 90906524, 'user', 'https://s3.amazonaws.com/uifaces/faces/twitter/jydesign/128.jpg');
INSERT INTO full_time_ct VALUES ('Daphne.Labadie26@hotmail.com');
INSERT INTO ft_specializes_in VALUES ('Daphne.Labadie26@hotmail.com', 'Geese (Chinese Swan Goose)', 14);
INSERT INTO ft_specializes_in VALUES ('Daphne.Labadie26@hotmail.com', 'Gerbil', 12);

INSERT INTO person VALUES ('Effie49@gmail.com', 'Johnpaul Goyette', '$2b$10$KjlGkoYo.X.yATkN6hl68.ai8IHpweU7k7T8i63mJldJJh6Xv1rG.', '59659 Myles Cliffs', 90859467, 'user', 'https://s3.amazonaws.com/uifaces/faces/twitter/exentrich/128.jpg');
INSERT INTO full_time_ct VALUES ('Effie49@gmail.com');
INSERT INTO ft_specializes_in VALUES ('Effie49@gmail.com', 'Chameleons (Veiled)', 10);
INSERT INTO ft_specializes_in VALUES ('Effie49@gmail.com', 'Chinese Water Dragon', 4);
INSERT INTO ft_specializes_in VALUES ('Effie49@gmail.com', 'Dog', 19);

INSERT INTO person VALUES ('Kennith86@gmail.com', 'Dillan Barton', '$2b$10$KjlGkoYo.X.yATkN6hl68.gFapBBka6GN79sfoT7gk6s/RJ3utseK', '47806 Nelson Trail', 90915336, 'user', 'https://s3.amazonaws.com/uifaces/faces/twitter/mhudobivnik/128.jpg');
INSERT INTO full_time_ct VALUES ('Kennith86@gmail.com');
INSERT INTO ft_specializes_in VALUES ('Kennith86@gmail.com', 'Mule', 11);

INSERT INTO person VALUES ('Rusty.Gaylord@gmail.com', 'Jameson Cruickshank', '$2b$10$KjlGkoYo.X.yATkN6hl68.stg/A10sLZTPEFcNSu2SsSwvahk1/zu', '239 Braulio Mountain', 90090704, 'user', 'https://s3.amazonaws.com/uifaces/faces/twitter/ionuss/128.jpg');

INSERT INTO person VALUES ('Flavio_Feil64@gmail.com', 'Antoinette Mitchell', '$2b$10$KjlGkoYo.X.yATkN6hl68.wGGGwiZbOSh5G1tnNlTdFs4NyUhkdAq', '232 Vesta Ridge', 90955918, 'user', 'https://s3.amazonaws.com/uifaces/faces/twitter/n3dmax/128.jpg');
INSERT INTO credit_card VALUES (6763195628706485, 'Flavio_Feil64@gmail.com', '2020-11-13T07:13:21.088Z', 300);
INSERT INTO full_time_ct VALUES ('Flavio_Feil64@gmail.com');

INSERT INTO person VALUES ('Kaden_Howe@hotmail.com', 'Charity Trantow', '$2b$10$KjlGkoYo.X.yATkN6hl68.SgeJq4IKflGqgNCFfIFnBauXZpa1zQi', '31203 Bennett Branch', 90654546, 'user', 'https://s3.amazonaws.com/uifaces/faces/twitter/kushsolitary/128.jpg');
INSERT INTO full_time_ct VALUES ('Kaden_Howe@hotmail.com');
INSERT INTO ft_specializes_in VALUES ('Kaden_Howe@hotmail.com', 'Dog', 4);
INSERT INTO ft_specializes_in VALUES ('Kaden_Howe@hotmail.com', 'Mule', 12);

INSERT INTO person VALUES ('Johann.Fahey22@hotmail.com', 'Giuseppe Thiel', '$2b$10$KjlGkoYo.X.yATkN6hl68.bniGdAF05Yn9cNNFyc/v3DkKUNdkYRq', '070 Runte Crossroad', 90657749, 'user', 'https://s3.amazonaws.com/uifaces/faces/twitter/plasticine/128.jpg');
INSERT INTO part_time_ct VALUES ('Johann.Fahey22@hotmail.com');
INSERT INTO pt_free_schedule VALUES ('Johann.Fahey22@hotmail.com', '2020-11-05T02:04:44.103Z', '2021-09-12T05:17:09.350Z');
INSERT INTO pt_specializes_in VALUES ('Johann.Fahey22@hotmail.com', 'Hamster', 4);
INSERT INTO pt_specializes_in VALUES ('Johann.Fahey22@hotmail.com', 'Hedgehog', 3);

INSERT INTO person VALUES ('Javier.Stamm81@yahoo.com', 'Thora Ebert', '$2b$10$KjlGkoYo.X.yATkN6hl68.6y96XhCpbH5kMDbVOrkhy8S7.hFS3Ea', '281 Catharine Manor', 90093507, 'user', 'https://s3.amazonaws.com/uifaces/faces/twitter/drewbyreese/128.jpg');
INSERT INTO credit_card VALUES (6304232738315356, 'Javier.Stamm81@yahoo.com', '2023-04-18T02:35:35.264Z', 807);
INSERT INTO pet VALUES ('Cheyenne', 'Javier.Stamm81@yahoo.com', 'Gerbil', 'Tempore labore quod eaque amet.', 'Voluptas perferendis consequatur.');
INSERT INTO part_time_ct VALUES ('Javier.Stamm81@yahoo.com');
INSERT INTO pt_free_schedule VALUES ('Javier.Stamm81@yahoo.com', '2020-11-04T23:16:32.872Z', '2021-08-10T10:33:43.565Z');

INSERT INTO person VALUES ('Ardella_Bednar@yahoo.com', 'Greyson Sanford', '$2b$10$KjlGkoYo.X.yATkN6hl68.d1zhtvcoeN5czKl/KUrvxOvywHirnLS', '83104 Koepp Meadows', 90580297, 'user', 'https://s3.amazonaws.com/uifaces/faces/twitter/juamperro/128.jpg');

INSERT INTO person VALUES ('Mia.Barrows@gmail.com', 'Jeffery Anderson', '$2b$10$KjlGkoYo.X.yATkN6hl68./AAngHdFat5AXn8yKIGpbAo4FS6oWq6', '799 Walker Flats', 90618146, 'user', 'https://s3.amazonaws.com/uifaces/faces/twitter/tobysaxon/128.jpg');
INSERT INTO credit_card VALUES (3529306050411839, 'Mia.Barrows@gmail.com', '2023-03-31T04:33:08.141Z', 616);
INSERT INTO pet VALUES ('Louvenia', 'Mia.Barrows@gmail.com', 'Ferret', 'In nisi praesentium sunt.', 'A sapiente natus quis omnis quo hic.');
INSERT INTO full_time_ct VALUES ('Mia.Barrows@gmail.com');
INSERT INTO ft_specializes_in VALUES ('Mia.Barrows@gmail.com', 'Hamster', 6);
INSERT INTO ft_specializes_in VALUES ('Mia.Barrows@gmail.com', 'Pigeon', 18);

INSERT INTO person VALUES ('Laisha68@yahoo.com', 'Lillian Hegmann', '$2b$10$KjlGkoYo.X.yATkN6hl68.RCoQwUDBtY8txkaQc6erQ3LAOMfm5P.', '44194 Wiza Valley', 90085621, 'user', 'https://s3.amazonaws.com/uifaces/faces/twitter/isacosta/128.jpg');
INSERT INTO credit_card VALUES (4284461045490, 'Laisha68@yahoo.com', '2021-06-23T01:00:36.908Z', 968);
INSERT INTO pet VALUES ('Haylie', 'Laisha68@yahoo.com', 'Bearded Dragon', 'Recusandae itaque itaque vitae aut cum quo in nam.', 'Eveniet totam quia aperiam.');
INSERT INTO full_time_ct VALUES ('Laisha68@yahoo.com');
INSERT INTO ft_specializes_in VALUES ('Laisha68@yahoo.com', 'Burro', 12);
INSERT INTO ft_specializes_in VALUES ('Laisha68@yahoo.com', 'Chicken', 19);
INSERT INTO ft_specializes_in VALUES ('Laisha68@yahoo.com', 'Cow', 10);

INSERT INTO person VALUES ('Edmund.Sanford@gmail.com', 'Imelda Boyer', '$2b$10$KjlGkoYo.X.yATkN6hl68.IlQ0eJX4Ycja9EQEpygeNtdU0dhRKPe', '9388 Alexzander Walks', 90643091, 'user', 'https://s3.amazonaws.com/uifaces/faces/twitter/duivvv/128.jpg');
INSERT INTO credit_card VALUES (343997260509659, 'Edmund.Sanford@gmail.com', '2021-10-02T04:40:45.999Z', 386);
INSERT INTO pet VALUES ('Cassandre', 'Edmund.Sanford@gmail.com', 'Chicken', 'Iure maxime similique amet porro est vel laboriosam.', 'Nihil blanditiis commodi optio qui mollitia voluptatem ducimus sed.');
INSERT INTO pet VALUES ('Justice', 'Edmund.Sanford@gmail.com', 'Fish', 'Labore non neque unde.', 'Laudantium nisi ut non velit molestias temporibus molestiae saepe non.');
INSERT INTO pet VALUES ('Lucie', 'Edmund.Sanford@gmail.com', 'Chicken', 'Quia distinctio omnis sit.', 'Impedit rerum eos aliquid sed.');
INSERT INTO part_time_ct VALUES ('Edmund.Sanford@gmail.com');
INSERT INTO pt_free_schedule VALUES ('Edmund.Sanford@gmail.com', '2020-11-04T14:08:27.322Z', '2021-06-02T01:05:37.670Z');

INSERT INTO person VALUES ('Earnest_Carter@hotmail.com', 'Caterina Yundt', '$2b$10$KjlGkoYo.X.yATkN6hl68.hR215iXD/njA.NmZCxgav6Mkrhexc.C', '9457 Ida Road', 90723665, 'user', 'https://s3.amazonaws.com/uifaces/faces/twitter/judzhin_miles/128.jpg');
INSERT INTO full_time_ct VALUES ('Earnest_Carter@hotmail.com');
INSERT INTO ft_specializes_in VALUES ('Earnest_Carter@hotmail.com', 'Hedgehog', 20);

INSERT INTO person VALUES ('Crawford_Blick@yahoo.com', 'Elmer Beer', '$2b$10$KjlGkoYo.X.yATkN6hl68.P0OF1ODM4Xt0OFsIqV7SF6fvUIKU0ku', '1186 Hyatt Ports', 90082493, 'user', 'https://s3.amazonaws.com/uifaces/faces/twitter/kalmerrautam/128.jpg');
INSERT INTO credit_card VALUES (4370256548984, 'Crawford_Blick@yahoo.com', '2020-11-08T07:12:49.655Z', 209);
INSERT INTO pet VALUES ('Lenna', 'Crawford_Blick@yahoo.com', 'Cow', 'Est atque provident molestias sed eum quia aut.', 'Dolorum commodi mollitia aspernatur tenetur voluptatum voluptatibus sit.');
INSERT INTO pet VALUES ('Alfredo', 'Crawford_Blick@yahoo.com', 'Guinea Fowl', 'Quia placeat enim sed sed.', 'Aut necessitatibus placeat accusamus.');
INSERT INTO pet VALUES ('Ernie', 'Crawford_Blick@yahoo.com', 'Bearded Dragon', 'Repellat molestiae dolore quisquam ipsum.', 'Est dicta est laudantium dolorum cum eum.');

INSERT INTO person VALUES ('Kira_Jones65@yahoo.com', 'Isabell Hansen', '$2b$10$KjlGkoYo.X.yATkN6hl68.U.vD68oyro5xK34H/GtNEasNqG7vgdu', '730 Douglas Camp', 90938189, 'user', 'https://s3.amazonaws.com/uifaces/faces/twitter/josep_martins/128.jpg');
INSERT INTO credit_card VALUES (5020946436578080, 'Kira_Jones65@yahoo.com', '2021-09-21T20:02:29.431Z', 152);

INSERT INTO person VALUES ('Lesley.Hilpert17@yahoo.com', 'Aaron Conn', '$2b$10$KjlGkoYo.X.yATkN6hl68.mliDeqUNLWO1rOI4tgFJIZcRnhm7TOy', '11797 Bradtke Mall', 90057174, 'user', 'https://s3.amazonaws.com/uifaces/faces/twitter/hota_v/128.jpg');
INSERT INTO credit_card VALUES (6759563526533689, 'Lesley.Hilpert17@yahoo.com', '2023-10-08T13:04:26.148Z', 406);
INSERT INTO pet VALUES ('Morgan', 'Lesley.Hilpert17@yahoo.com', 'Chicken', 'Quas dignissimos voluptas ducimus.', 'Ut odio inventore vero veritatis occaecati et deleniti.');
INSERT INTO pet VALUES ('Lincoln', 'Lesley.Hilpert17@yahoo.com', 'Horse', 'Delectus voluptas harum distinctio.', 'Sint voluptatem architecto a omnis autem veritatis nam quis.');

INSERT INTO person VALUES ('Tremaine21@hotmail.com', 'Amir Runolfsson', '$2b$10$KjlGkoYo.X.yATkN6hl68.mEjlBquR1x5wV4jgFx6SoXDyDVYU78G', '5936 Ernser Road', 90909929, 'user', 'https://s3.amazonaws.com/uifaces/faces/twitter/BroumiYoussef/128.jpg');
INSERT INTO credit_card VALUES (348291401740275, 'Tremaine21@hotmail.com', '2022-05-15T18:36:29.872Z', 274);

INSERT INTO person VALUES ('Reinhold_Fisher16@hotmail.com', 'Erwin Macejkovic', '$2b$10$KjlGkoYo.X.yATkN6hl68.skGU5NWMFXIY.FVO01scitQ9Wp.Is6S', '231 Alphonso Alley', 90102889, 'user', 'https://s3.amazonaws.com/uifaces/faces/twitter/jeremiespoken/128.jpg');
INSERT INTO credit_card VALUES (36297913623575, 'Reinhold_Fisher16@hotmail.com', '2023-04-12T11:35:27.828Z', 785);
INSERT INTO pet VALUES ('Bernita', 'Reinhold_Fisher16@hotmail.com', 'Pigeon', 'Ipsum quo molestiae suscipit et ducimus voluptas eius unde impedit.', 'Sed distinctio labore inventore quo odio.');
INSERT INTO part_time_ct VALUES ('Reinhold_Fisher16@hotmail.com');
INSERT INTO pt_free_schedule VALUES ('Reinhold_Fisher16@hotmail.com', '2020-11-05T13:44:44.716Z', '2021-01-25T20:46:25.229Z');

INSERT INTO person VALUES ('Raul_Friesen@hotmail.com', 'Marcel Konopelski', '$2b$10$KjlGkoYo.X.yATkN6hl68.K4D1NGn85ByjbNWNykcnHhnFn6l1nna', '9581 Desiree Expressway', 90527219, 'user', 'https://s3.amazonaws.com/uifaces/faces/twitter/dgajjar/128.jpg');
INSERT INTO credit_card VALUES (3529711259413050, 'Raul_Friesen@hotmail.com', '2023-05-05T09:37:29.193Z', 187);
INSERT INTO pet VALUES ('Zoe', 'Raul_Friesen@hotmail.com', 'Peafowl', 'Impedit ut doloribus non et minima unde.', 'Architecto et ad excepturi.');
INSERT INTO pet VALUES ('Colleen', 'Raul_Friesen@hotmail.com', 'Pigeon', 'Eligendi impedit est atque soluta praesentium quia et dolores sed.', 'Voluptatem assumenda nam qui enim omnis ex et.');
INSERT INTO full_time_ct VALUES ('Raul_Friesen@hotmail.com');
INSERT INTO ft_specializes_in VALUES ('Raul_Friesen@hotmail.com', 'Hog', 9);

INSERT INTO person VALUES ('Kristian_Larkin76@gmail.com', 'Corine Mills', '$2b$10$KjlGkoYo.X.yATkN6hl68.3x17lmiEa9sZP1xP97Ot1FAEjNlcph2', '3588 Terry Spring', 90068068, 'user', 'https://s3.amazonaws.com/uifaces/faces/twitter/deeenright/128.jpg');
INSERT INTO credit_card VALUES (6398082659735923, 'Kristian_Larkin76@gmail.com', '2022-10-18T16:44:53.216Z', 015);
INSERT INTO pet VALUES ('Brenna', 'Kristian_Larkin76@gmail.com', 'Mule', 'Nostrum unde minima.', 'Cum molestiae et commodi eum.');
INSERT INTO pet VALUES ('Percy', 'Kristian_Larkin76@gmail.com', 'Guinea Pig', 'Aut et nulla quo sint.', 'Numquam animi est minima eius perspiciatis.');
INSERT INTO pet VALUES ('Randy', 'Kristian_Larkin76@gmail.com', 'Pot Bellied Pig', 'Commodi omnis reprehenderit culpa voluptas ipsa qui dignissimos quia.', 'Earum asperiores dicta.');
INSERT INTO part_time_ct VALUES ('Kristian_Larkin76@gmail.com');
INSERT INTO pt_free_schedule VALUES ('Kristian_Larkin76@gmail.com', '2020-11-05T00:25:17.929Z', '2021-09-23T10:41:47.574Z');
INSERT INTO pt_specializes_in VALUES ('Kristian_Larkin76@gmail.com', 'Ferret', 9);
INSERT INTO pt_specializes_in VALUES ('Kristian_Larkin76@gmail.com', 'Horse', 20);

INSERT INTO person VALUES ('Nya5@gmail.com', 'Claud Deckow', '$2b$10$KjlGkoYo.X.yATkN6hl68.KVsnT80Y9nTLc.X9a4aRWNCwBotzjcu', '6643 Alfonzo Oval', 90584696, 'user', 'https://s3.amazonaws.com/uifaces/faces/twitter/looneydoodle/128.jpg');
INSERT INTO part_time_ct VALUES ('Nya5@gmail.com');
INSERT INTO pt_free_schedule VALUES ('Nya5@gmail.com', '2020-11-05T08:30:42.022Z', '2020-12-16T10:00:46.898Z');

INSERT INTO person VALUES ('Ida41@yahoo.com', 'Edmund Greenholt', '$2b$10$KjlGkoYo.X.yATkN6hl68.f4eC/r86A6UUOWci7HP0Sxp/TWgd/yq', '4611 Flavio Lights', 90608084, 'user', 'https://s3.amazonaws.com/uifaces/faces/twitter/ma_tiax/128.jpg');

INSERT INTO person VALUES ('Reuben_Kassulke@yahoo.com', 'Uriel Dicki', '$2b$10$KjlGkoYo.X.yATkN6hl68.M7YmAGs8k1ZiP0Ehp7HGczxrgYZyRP.', '8722 Brekke Manors', 90294161, 'user', 'https://s3.amazonaws.com/uifaces/faces/twitter/swaplord/128.jpg');
INSERT INTO credit_card VALUES (6597680801068692, 'Reuben_Kassulke@yahoo.com', '2021-06-16T03:01:44.527Z', 884);
INSERT INTO pet VALUES ('Aric', 'Reuben_Kassulke@yahoo.com', 'Chinese Water Dragon', 'Dignissimos iure amet.', 'Quia aliquam enim mollitia possimus quasi eveniet est magni.');
INSERT INTO pet VALUES ('Kasandra', 'Reuben_Kassulke@yahoo.com', 'Duck', 'Enim porro corrupti earum iusto.', 'Inventore ipsa corporis et error nam id.');
INSERT INTO pet VALUES ('Reed', 'Reuben_Kassulke@yahoo.com', 'Gerbil', 'Impedit optio dolore et iste qui.', 'Modi non dolor illum eveniet totam voluptas.');
INSERT INTO full_time_ct VALUES ('Reuben_Kassulke@yahoo.com');
INSERT INTO ft_specializes_in VALUES ('Reuben_Kassulke@yahoo.com', 'Duck', 15);
INSERT INTO ft_specializes_in VALUES ('Reuben_Kassulke@yahoo.com', 'Pot Bellied Pig', 20);

INSERT INTO person VALUES ('Pedro.DAmore@gmail.com', 'Andres Dare', '$2b$10$KjlGkoYo.X.yATkN6hl68.sSjKaEqG9FsgPdcJINcB9GAf0WtTd1C', '97289 Agustina Flats', 90904002, 'user', 'https://s3.amazonaws.com/uifaces/faces/twitter/baumann_alex/128.jpg');

INSERT INTO person VALUES ('Darrin.Ortiz@gmail.com', 'Zachery Flatley', '$2b$10$KjlGkoYo.X.yATkN6hl68.ZmqVUPeOPIuadqjk2f1/QnE8I687.a2', '034 Kunze Crest', 90326725, 'user', 'https://s3.amazonaws.com/uifaces/faces/twitter/mbilderbach/128.jpg');
INSERT INTO credit_card VALUES (5020739393519097, 'Darrin.Ortiz@gmail.com', '2021-03-13T23:02:35.026Z', 699);
INSERT INTO pet VALUES ('Jackie', 'Darrin.Ortiz@gmail.com', 'Bird', 'Sequi facilis asperiores ex maiores mollitia quia voluptas incidunt delectus.', 'Eum quo quisquam consequatur.');
INSERT INTO part_time_ct VALUES ('Darrin.Ortiz@gmail.com');
INSERT INTO pt_free_schedule VALUES ('Darrin.Ortiz@gmail.com', '2020-11-04T22:54:14.990Z', '2021-03-05T04:12:38.212Z');

INSERT INTO person VALUES ('Perry_Marks53@gmail.com', 'Ricky Daniel', '$2b$10$KjlGkoYo.X.yATkN6hl68.YN9PLtkjBzEJlIfkqslnCa9HbAHrCgi', '0958 Kiana Square', 90568094, 'user', 'https://s3.amazonaws.com/uifaces/faces/twitter/edgarchris99/128.jpg');
INSERT INTO credit_card VALUES (4857189013854, 'Perry_Marks53@gmail.com', '2021-04-04T08:03:13.637Z', 282);
INSERT INTO pet VALUES ('Dena', 'Perry_Marks53@gmail.com', 'Ponie', 'Repudiandae sunt quia.', 'Fugiat magni non saepe voluptatem tenetur.');
INSERT INTO pet VALUES ('Maudie', 'Perry_Marks53@gmail.com', 'Goat', 'Nemo cum maiores consequatur ullam ipsam ipsam repudiandae.', 'Molestiae aut necessitatibus eligendi autem ducimus eum illum neque.');
INSERT INTO pet VALUES ('Ralph', 'Perry_Marks53@gmail.com', 'Goat', 'Debitis facilis est.', 'Distinctio ipsa sit.');
INSERT INTO full_time_ct VALUES ('Perry_Marks53@gmail.com');
INSERT INTO ft_specializes_in VALUES ('Perry_Marks53@gmail.com', 'Bearded Dragon', 4);
INSERT INTO ft_specializes_in VALUES ('Perry_Marks53@gmail.com', 'Lizard', 1);
INSERT INTO ft_specializes_in VALUES ('Perry_Marks53@gmail.com', 'Mice', 17);

INSERT INTO person VALUES ('Andre_Bosco43@gmail.com', 'Chet Lesch', '$2b$10$KjlGkoYo.X.yATkN6hl68..xSXzy50fpjS6Yyh79uvwYL6fzdxslq', '709 Charles Turnpike', 90452082, 'user', 'https://s3.amazonaws.com/uifaces/faces/twitter/ifarafonow/128.jpg');
INSERT INTO credit_card VALUES (6759168035054757, 'Andre_Bosco43@gmail.com', '2021-06-20T16:37:02.015Z', 477);
INSERT INTO pet VALUES ('Lucienne', 'Andre_Bosco43@gmail.com', 'Rabbit', 'Provident autem et ut quaerat natus magni.', 'Omnis sed omnis rerum quo.');
INSERT INTO pet VALUES ('Ofelia', 'Andre_Bosco43@gmail.com', 'Pot Bellied Pig', 'Debitis et possimus sint eveniet rem est harum est id.', 'In est recusandae.');

INSERT INTO person VALUES ('Lon.McClure41@yahoo.com', 'Clifford Lemke', '$2b$10$KjlGkoYo.X.yATkN6hl68.rIXOf650kGTUUaVNEOureoQWdw1UChu', '9365 Cullen Knoll', 90174292, 'user', 'https://s3.amazonaws.com/uifaces/faces/twitter/dmackerman/128.jpg');
INSERT INTO part_time_ct VALUES ('Lon.McClure41@yahoo.com');
INSERT INTO pt_free_schedule VALUES ('Lon.McClure41@yahoo.com', '2020-11-05T08:54:10.594Z', '2021-07-06T23:41:27.720Z');
INSERT INTO pt_specializes_in VALUES ('Lon.McClure41@yahoo.com', 'Goat', 2);

INSERT INTO person VALUES ('Hoyt2@gmail.com', 'Maddison Gusikowski', '$2b$10$KjlGkoYo.X.yATkN6hl68.mOFFDPqjtCuBcTTj0ccaROMiO/etneq', '56375 Hilll Fields', 90705391, 'user', 'https://s3.amazonaws.com/uifaces/faces/twitter/angelcolberg/128.jpg');

INSERT INTO person VALUES ('Gussie68@yahoo.com', 'Dovie Miller', '$2b$10$KjlGkoYo.X.yATkN6hl68.RBcE2UL.Yjez7HvOKi1Mi2FA2.aCwsS', '64429 Madaline Mountains', 90240118, 'user', 'https://s3.amazonaws.com/uifaces/faces/twitter/keryilmaz/128.jpg');
INSERT INTO credit_card VALUES (340771050559114, 'Gussie68@yahoo.com', '2021-03-31T04:41:06.044Z', 125);
INSERT INTO pet VALUES ('Alexis', 'Gussie68@yahoo.com', 'Rabbit', 'Corrupti aperiam aperiam aut neque qui.', 'Sint est perferendis.');
INSERT INTO pet VALUES ('Lavon', 'Gussie68@yahoo.com', 'Chinese Water Dragon', 'Cum eos eaque odio ipsa et commodi et suscipit.', 'Odio eos et dolores non et.');
INSERT INTO pet VALUES ('Marlene', 'Gussie68@yahoo.com', 'Goat', 'Sit molestiae praesentium dolores aut voluptatum.', 'Dolores molestias voluptatum reprehenderit omnis sequi.');
INSERT INTO part_time_ct VALUES ('Gussie68@yahoo.com');
INSERT INTO pt_free_schedule VALUES ('Gussie68@yahoo.com', '2020-11-05T06:46:23.541Z', '2021-07-28T17:33:14.933Z');
INSERT INTO pt_specializes_in VALUES ('Gussie68@yahoo.com', 'Chinchilla', 16);
INSERT INTO pt_specializes_in VALUES ('Gussie68@yahoo.com', 'Llama', 18);

INSERT INTO person VALUES ('Hugh63@hotmail.com', 'Adela Flatley', '$2b$10$KjlGkoYo.X.yATkN6hl68.OZ1jTgP.VHVeNGWGFMwBqsyal7s6pei', '3119 Kendall Road', 90730401, 'user', 'https://s3.amazonaws.com/uifaces/faces/twitter/brenton_clarke/128.jpg');
INSERT INTO full_time_ct VALUES ('Hugh63@hotmail.com');
INSERT INTO ft_specializes_in VALUES ('Hugh63@hotmail.com', 'Chameleons (Veiled)', 20);
INSERT INTO ft_specializes_in VALUES ('Hugh63@hotmail.com', 'Chinchilla', 7);
INSERT INTO ft_specializes_in VALUES ('Hugh63@hotmail.com', 'Gecko', 0);

INSERT INTO person VALUES ('Lucas.Metz@yahoo.com', 'Charlie Upton', '$2b$10$KjlGkoYo.X.yATkN6hl68.qGfYMIZX3sSWvFafvC9i/XiC0lGnWLa', '5909 Josie Lake', 90888357, 'user', 'https://s3.amazonaws.com/uifaces/faces/twitter/mutu_krish/128.jpg');

INSERT INTO person VALUES ('Makayla_Harber@hotmail.com', 'Annabel Stark', '$2b$10$KjlGkoYo.X.yATkN6hl68.ku8bOUcoKx9KaKBG1pO4EZta.Uh6u7S', '81879 Roy Trail', 90500411, 'user', 'https://s3.amazonaws.com/uifaces/faces/twitter/baumann_alex/128.jpg');

INSERT INTO person VALUES ('Zula_Stroman53@hotmail.com', 'Destinee Wunsch', '$2b$10$KjlGkoYo.X.yATkN6hl68.NoPGmaqP6QH8FLW//atD3Wwq5qzJv2C', '93982 Howe Ferry', 90099422, 'user', 'https://s3.amazonaws.com/uifaces/faces/twitter/marlinjayakody/128.jpg');
INSERT INTO credit_card VALUES (3528185205880448, 'Zula_Stroman53@hotmail.com', '2022-04-12T21:29:51.079Z', 854);
INSERT INTO pet VALUES ('Cruz', 'Zula_Stroman53@hotmail.com', 'Guinea Fowl', 'Assumenda et sed.', 'Repellat est nostrum maxime consequatur ut unde aut.');
INSERT INTO pet VALUES ('Tristian', 'Zula_Stroman53@hotmail.com', 'Ferret', 'Ut ipsum aspernatur.', 'Eum fugiat voluptas autem libero eos.');
INSERT INTO full_time_ct VALUES ('Zula_Stroman53@hotmail.com');

INSERT INTO person VALUES ('Toni92@gmail.com', 'Selmer Ward', '$2b$10$KjlGkoYo.X.yATkN6hl68.8Q.ZaN3IfwGsi2IzyboOYxmM8Inqgsa', '24528 Lockman Pike', 90608566, 'user', 'https://s3.amazonaws.com/uifaces/faces/twitter/ahmetsulek/128.jpg');
INSERT INTO credit_card VALUES (6394668424642960, 'Toni92@gmail.com', '2022-07-27T05:09:05.231Z', 783);

INSERT INTO person VALUES ('Hollie.Donnelly22@yahoo.com', 'Itzel Dooley', '$2b$10$KjlGkoYo.X.yATkN6hl68.PJCnqWlcPSHMKX5eQaV8T/jyFiVwykS', '73991 Spinka Crossroad', 90656644, 'user', 'https://s3.amazonaws.com/uifaces/faces/twitter/woodydotmx/128.jpg');
INSERT INTO full_time_ct VALUES ('Hollie.Donnelly22@yahoo.com');
INSERT INTO ft_specializes_in VALUES ('Hollie.Donnelly22@yahoo.com', 'Burro', 18);

INSERT INTO person VALUES ('Holden29@yahoo.com', 'Gretchen Gottlieb', '$2b$10$KjlGkoYo.X.yATkN6hl68.PTrZgWdbrQSijhIpkXASlSACveaX3H.', '076 Hansen Loop', 90388630, 'user', 'https://s3.amazonaws.com/uifaces/faces/twitter/ZacharyZorbas/128.jpg');
INSERT INTO credit_card VALUES (5020996503886343, 'Holden29@yahoo.com', '2021-12-26T12:41:38.678Z', 308);
INSERT INTO pet VALUES ('Michele', 'Holden29@yahoo.com', 'Burro', 'Inventore voluptates placeat voluptatem doloribus.', 'Quam placeat nostrum et.');
INSERT INTO pet VALUES ('Joan', 'Holden29@yahoo.com', 'Cow', 'Placeat ab omnis est incidunt necessitatibus culpa impedit et amet.', 'Et adipisci corrupti dolorum eum enim voluptate consectetur ducimus odit.');
INSERT INTO pet VALUES ('Ali', 'Holden29@yahoo.com', 'Guinea Fowl', 'Ut impedit sit modi at deleniti est.', 'Ut voluptatum in quas.');

INSERT INTO person VALUES ('Bernhard_Grimes@gmail.com', 'Efrain Braun', '$2b$10$KjlGkoYo.X.yATkN6hl68.G0qqCbrYn1a40UkNuSceKOuTx0.LIb6', '7956 Kailyn Brook', 90580497, 'user', 'https://s3.amazonaws.com/uifaces/faces/twitter/thedjpetersen/128.jpg');

INSERT INTO person VALUES ('Keaton.Kessler41@hotmail.com', 'Zoe Schamberger', '$2b$10$KjlGkoYo.X.yATkN6hl68.LMGwdzgq0WF6./pl7cwlMbZmsOm16Iq', '59837 Ivah Street', 90409939, 'user', 'https://s3.amazonaws.com/uifaces/faces/twitter/alsobrooks/128.jpg');

INSERT INTO person VALUES ('Christine60@gmail.com', 'Clotilde Terry', '$2b$10$KjlGkoYo.X.yATkN6hl68.gF3xgYuu6wKeUaZo6RFl1e7YpV68iqG', '239 Deonte Groves', 90311002, 'user', 'https://s3.amazonaws.com/uifaces/faces/twitter/sandywoodruff/128.jpg');

INSERT INTO person VALUES ('Izaiah_McDermott54@gmail.com', 'Amiya Terry', '$2b$10$KjlGkoYo.X.yATkN6hl68.BC1Tw2Btg4bs1H1y.5gtQvba5/DMRfa', '994 Margie Spur', 90001898, 'user', 'https://s3.amazonaws.com/uifaces/faces/twitter/konus/128.jpg');
INSERT INTO part_time_ct VALUES ('Izaiah_McDermott54@gmail.com');
INSERT INTO pt_free_schedule VALUES ('Izaiah_McDermott54@gmail.com', '2020-11-04T14:05:32.958Z', '2021-10-04T14:43:43.550Z');

INSERT INTO person VALUES ('Dakota_Crooks@yahoo.com', 'Genevieve Wunsch', '$2b$10$KjlGkoYo.X.yATkN6hl68.J1hfupEK8JHSVL97DmbsNGD3D3sVlbu', '328 Joyce Shoal', 90498197, 'user', 'https://s3.amazonaws.com/uifaces/faces/twitter/axel/128.jpg');
INSERT INTO part_time_ct VALUES ('Dakota_Crooks@yahoo.com');
INSERT INTO pt_free_schedule VALUES ('Dakota_Crooks@yahoo.com', '2020-11-04T18:36:02.953Z', '2021-04-16T05:42:44.698Z');
INSERT INTO pt_specializes_in VALUES ('Dakota_Crooks@yahoo.com', 'Chicken', 6);
INSERT INTO pt_specializes_in VALUES ('Dakota_Crooks@yahoo.com', 'Pot Bellied Pig', 13);

INSERT INTO person VALUES ('Torey.Wintheiser53@hotmail.com', 'Vickie Corkery', '$2b$10$KjlGkoYo.X.yATkN6hl68.2rHsrgcb36vEf0.a1Ixxgj9IOFpcqNK', '31206 OKeefe Brook', 90974437, 'user', 'https://s3.amazonaws.com/uifaces/faces/twitter/nicolasfolliot/128.jpg');
INSERT INTO part_time_ct VALUES ('Torey.Wintheiser53@hotmail.com');
INSERT INTO pt_free_schedule VALUES ('Torey.Wintheiser53@hotmail.com', '2020-11-05T06:45:40.273Z', '2021-01-23T14:06:44.781Z');
INSERT INTO pt_specializes_in VALUES ('Torey.Wintheiser53@hotmail.com', 'Chinchilla', 2);

INSERT INTO person VALUES ('Delilah.Kunze@gmail.com', 'Cheyenne Olson', '$2b$10$KjlGkoYo.X.yATkN6hl68.AH1eA0DuIYGhtH2Znlybn4Pz7/O.OzW', '5543 Hilpert Field', 90884705, 'user', 'https://s3.amazonaws.com/uifaces/faces/twitter/leonfedotov/128.jpg');
INSERT INTO full_time_ct VALUES ('Delilah.Kunze@gmail.com');
INSERT INTO ft_specializes_in VALUES ('Delilah.Kunze@gmail.com', 'Ferret', 16);

INSERT INTO person VALUES ('Ewald.Hessel34@gmail.com', 'Terrance Herzog', '$2b$10$KjlGkoYo.X.yATkN6hl68.A5B9sN/mcooN4zWEOqkHrOi10ffyh5i', '007 Gutmann Roads', 90405842, 'user', 'https://s3.amazonaws.com/uifaces/faces/twitter/tjisousa/128.jpg');
INSERT INTO credit_card VALUES (4912412944762327, 'Ewald.Hessel34@gmail.com', '2022-06-19T19:26:25.926Z', 392);
INSERT INTO pet VALUES ('Carlos', 'Ewald.Hessel34@gmail.com', 'Burro', 'Ducimus ipsum quidem.', 'Occaecati sint ut perferendis.');

INSERT INTO person VALUES ('Sonny_OHara94@yahoo.com', 'Chaim Hane', '$2b$10$KjlGkoYo.X.yATkN6hl68.WK6z3TTo3f4b0lSabxd8Kz3sj8DEC/.', '35890 Predovic Landing', 90372052, 'user', 'https://s3.amazonaws.com/uifaces/faces/twitter/Silveredge9/128.jpg');

INSERT INTO person VALUES ('Nat_Skiles88@yahoo.com', 'Marina Okuneva', '$2b$10$KjlGkoYo.X.yATkN6hl68.9VNIt6XX1h2SPf5W4phgs7Ah1WG7aWu', '837 Jayce Turnpike', 90683187, 'user', 'https://s3.amazonaws.com/uifaces/faces/twitter/aoimedia/128.jpg');
INSERT INTO credit_card VALUES (6706688715138846, 'Nat_Skiles88@yahoo.com', '2023-05-05T07:32:48.653Z', 200);
INSERT INTO part_time_ct VALUES ('Nat_Skiles88@yahoo.com');
INSERT INTO pt_free_schedule VALUES ('Nat_Skiles88@yahoo.com', '2020-11-04T21:22:01.300Z', '2021-02-04T11:38:15.440Z');
INSERT INTO pt_specializes_in VALUES ('Nat_Skiles88@yahoo.com', 'Fish', 20);

INSERT INTO person VALUES ('Frieda.Ryan@hotmail.com', 'Genevieve Mueller', '$2b$10$KjlGkoYo.X.yATkN6hl68..Vs49j0de8Tb5aUIueEcPN4JQAbTyge', '605 Mohr Mountains', 90214109, 'user', 'https://s3.amazonaws.com/uifaces/faces/twitter/robturlinckx/128.jpg');
INSERT INTO credit_card VALUES (6374103547484868, 'Frieda.Ryan@hotmail.com', '2021-03-17T20:34:02.910Z', 061);
INSERT INTO pet VALUES ('Connor', 'Frieda.Ryan@hotmail.com', 'Lizard', 'Officiis necessitatibus ut nam qui voluptatem eius nulla.', 'Ipsum esse sed molestias minima.');
INSERT INTO pet VALUES ('Cydney', 'Frieda.Ryan@hotmail.com', 'Hamster', 'Sit voluptatem ad delectus magnam quia maxime.', 'Earum tempora nihil aut ullam iste ut.');

INSERT INTO person VALUES ('Enid.Walsh91@hotmail.com', 'Lorenz Dicki', '$2b$10$KjlGkoYo.X.yATkN6hl68.sjHkzD3gT4t2a4LIuqTg7aqkJDFgkBW', '072 Turner Heights', 90195670, 'user', 'https://s3.amazonaws.com/uifaces/faces/twitter/cyril_gaillard/128.jpg');
INSERT INTO part_time_ct VALUES ('Enid.Walsh91@hotmail.com');
INSERT INTO pt_free_schedule VALUES ('Enid.Walsh91@hotmail.com', '2020-11-05T02:39:48.162Z', '2020-11-26T10:11:30.309Z');

INSERT INTO person VALUES ('Ramon.Lebsack70@hotmail.com', 'Wilhelm Powlowski', '$2b$10$KjlGkoYo.X.yATkN6hl68.iDjA5wYmVNa1UpTZQhyWZMCT.b7RFnS', '0436 Hannah Isle', 90304931, 'user', 'https://s3.amazonaws.com/uifaces/faces/twitter/moynihan/128.jpg');
INSERT INTO credit_card VALUES (343551288554825, 'Ramon.Lebsack70@hotmail.com', '2022-05-21T20:20:36.363Z', 313);
INSERT INTO pet VALUES ('Nona', 'Ramon.Lebsack70@hotmail.com', 'Cat', 'Omnis quo sit impedit soluta quia minus totam aspernatur.', 'Fugit iusto in aut maiores commodi corporis vero minima inventore.');
INSERT INTO full_time_ct VALUES ('Ramon.Lebsack70@hotmail.com');
INSERT INTO ft_specializes_in VALUES ('Ramon.Lebsack70@hotmail.com', 'Guinea Pig', 14);

INSERT INTO person VALUES ('Berry.Dach@hotmail.com', 'Torrey Blick', '$2b$10$KjlGkoYo.X.yATkN6hl68.Qhw0sodN35NSJAncGPTIntvz6LiGdbq', '6138 Maryjane Plains', 90146062, 'user', 'https://s3.amazonaws.com/uifaces/faces/twitter/rangafangs/128.jpg');
INSERT INTO credit_card VALUES (3528162408544467, 'Berry.Dach@hotmail.com', '2024-06-23T08:17:01.599Z', 242);

INSERT INTO person VALUES ('Meggie.Thiel15@hotmail.com', 'Owen Schneider', '$2b$10$KjlGkoYo.X.yATkN6hl68.qSm/M6QYcUZRcKYREMov7RWhSg3Apl2', '2007 Conn Pass', 90498220, 'user', 'https://s3.amazonaws.com/uifaces/faces/twitter/BroumiYoussef/128.jpg');
INSERT INTO full_time_ct VALUES ('Meggie.Thiel15@hotmail.com');

INSERT INTO person VALUES ('Mia.Hand18@hotmail.com', 'Alaina Jenkins', '$2b$10$KjlGkoYo.X.yATkN6hl68.7zJ29g9JK/Ef1Vw1iuhOXHifmPwzLs.', '114 Michel Way', 90011230, 'user', 'https://s3.amazonaws.com/uifaces/faces/twitter/joshuasortino/128.jpg');
INSERT INTO part_time_ct VALUES ('Mia.Hand18@hotmail.com');
INSERT INTO pt_free_schedule VALUES ('Mia.Hand18@hotmail.com', '2020-11-05T00:59:56.484Z', '2021-01-28T08:40:27.040Z');

INSERT INTO person VALUES ('Laney_Gutmann@hotmail.com', 'Leola Kessler', '$2b$10$KjlGkoYo.X.yATkN6hl68.Fg/d5PokidDkdFQjKOLDcv/svyLmhVi', '5833 Estefania Lake', 90070637, 'user', 'https://s3.amazonaws.com/uifaces/faces/twitter/charliecwaite/128.jpg');

INSERT INTO person VALUES ('Gonzalo_Luettgen@hotmail.com', 'Regan Dicki', '$2b$10$KjlGkoYo.X.yATkN6hl68.G40q7u7iFPiRaK1wwg/uQOetOkE3j5q', '2654 Romaguera Run', 90941928, 'user', 'https://s3.amazonaws.com/uifaces/faces/twitter/trueblood_33/128.jpg');
INSERT INTO credit_card VALUES (6759641212466216, 'Gonzalo_Luettgen@hotmail.com', '2021-05-02T00:41:13.128Z', 874);
INSERT INTO full_time_ct VALUES ('Gonzalo_Luettgen@hotmail.com');

INSERT INTO person VALUES ('Skye50@hotmail.com', 'Bernadine Casper', '$2b$10$KjlGkoYo.X.yATkN6hl68.icYOim/KVXZAZeuxauw0imYh0wGYHSW', '9346 Kay Hills', 90726554, 'user', 'https://s3.amazonaws.com/uifaces/faces/twitter/ahmetsulek/128.jpg');
INSERT INTO credit_card VALUES (4658117754704590, 'Skye50@hotmail.com', '2022-03-04T08:06:26.567Z', 320);
INSERT INTO pet VALUES ('Queenie', 'Skye50@hotmail.com', 'Gecko', 'Tempore praesentium molestiae nobis dolorum cupiditate.', 'Quis harum molestiae ut qui consectetur.');
INSERT INTO pet VALUES ('Martina', 'Skye50@hotmail.com', 'Gecko', 'Delectus ad est eveniet ea qui.', 'Sunt quia vel nesciunt.');
INSERT INTO pet VALUES ('Gisselle', 'Skye50@hotmail.com', 'Llama', 'Beatae adipisci laborum quidem a quis et ducimus.', 'Praesentium consequatur deleniti.');
INSERT INTO part_time_ct VALUES ('Skye50@hotmail.com');
INSERT INTO pt_free_schedule VALUES ('Skye50@hotmail.com', '2020-11-04T22:58:36.232Z', '2021-10-02T17:13:21.479Z');
INSERT INTO pt_specializes_in VALUES ('Skye50@hotmail.com', 'Cow', 12);
INSERT INTO pt_specializes_in VALUES ('Skye50@hotmail.com', 'Hamster', 18);

INSERT INTO person VALUES ('Halie67@yahoo.com', 'Barbara Daniel', '$2b$10$KjlGkoYo.X.yATkN6hl68.nebIQkE73TAM0PGPXtHKImnOSQhUmo2', '70539 Heaney Locks', 90718054, 'user', 'https://s3.amazonaws.com/uifaces/faces/twitter/andyisonline/128.jpg');
INSERT INTO credit_card VALUES (5450964760140815, 'Halie67@yahoo.com', '2023-05-17T01:14:36.265Z', 361);
INSERT INTO pet VALUES ('Chester', 'Halie67@yahoo.com', 'Goat', 'Ea corrupti eveniet voluptates est earum est et.', 'Rerum exercitationem rerum.');
INSERT INTO pet VALUES ('Talia', 'Halie67@yahoo.com', 'Bearded Dragon', 'Et modi impedit voluptatem provident et ut dolores.', 'Doloremque labore est.');
INSERT INTO pet VALUES ('Ron', 'Halie67@yahoo.com', 'Iguana', 'Blanditiis molestiae laboriosam beatae animi.', 'Sit debitis et praesentium velit libero eum ut.');

INSERT INTO person VALUES ('Madalyn.Jacobs@yahoo.com', 'Fleta Dickinson', '$2b$10$KjlGkoYo.X.yATkN6hl68./p.sYCQuZMKGFKGs72kyYz5h9vbs9py', '9061 Bahringer Flats', 90270328, 'user', 'https://s3.amazonaws.com/uifaces/faces/twitter/antonyryndya/128.jpg');
INSERT INTO part_time_ct VALUES ('Madalyn.Jacobs@yahoo.com');
INSERT INTO pt_free_schedule VALUES ('Madalyn.Jacobs@yahoo.com', '2020-11-05T06:41:57.909Z', '2021-03-05T07:13:19.467Z');
INSERT INTO pt_specializes_in VALUES ('Madalyn.Jacobs@yahoo.com', 'Cat', 8);

INSERT INTO person VALUES ('Terrell.Mann46@yahoo.com', 'Oral Smitham', '$2b$10$KjlGkoYo.X.yATkN6hl68.4BkwBZElixES06PGua5.ID8TQAXxACq', '501 Hermann Wall', 90123674, 'user', 'https://s3.amazonaws.com/uifaces/faces/twitter/gipsy_raf/128.jpg');
INSERT INTO credit_card VALUES (371528680013973, 'Terrell.Mann46@yahoo.com', '2021-07-03T04:48:23.404Z', 374);
INSERT INTO pet VALUES ('Rick', 'Terrell.Mann46@yahoo.com', 'Cow', 'Quo saepe voluptatum enim vel.', 'Omnis velit voluptas nam rerum molestias cum nihil quidem consectetur.');

INSERT INTO person VALUES ('Leopold.Lubowitz69@gmail.com', 'Rebekah Hilll', '$2b$10$KjlGkoYo.X.yATkN6hl68.RVTV.TvTkIuptvkx2pf7.6HrJlz.tqO', '851 Corrine Club', 90053603, 'user', 'https://s3.amazonaws.com/uifaces/faces/twitter/shinze/128.jpg');
INSERT INTO credit_card VALUES (3529624803708277, 'Leopold.Lubowitz69@gmail.com', '2022-04-24T20:59:16.932Z', 003);

INSERT INTO person VALUES ('Delia_Anderson@yahoo.com', 'Scarlett Harris', '$2b$10$KjlGkoYo.X.yATkN6hl68.QNYLf/QR9dZCY4MLW9SNett22hQQQCO', '8233 Martina Skyway', 90916228, 'user', 'https://s3.amazonaws.com/uifaces/faces/twitter/emsgulam/128.jpg');
INSERT INTO part_time_ct VALUES ('Delia_Anderson@yahoo.com');
INSERT INTO pt_free_schedule VALUES ('Delia_Anderson@yahoo.com', '2020-11-04T20:09:40.795Z', '2021-01-21T15:11:26.466Z');
INSERT INTO pt_specializes_in VALUES ('Delia_Anderson@yahoo.com', 'Iguana', 6);

INSERT INTO person VALUES ('Chadd61@yahoo.com', 'Onie Labadie', '$2b$10$KjlGkoYo.X.yATkN6hl68.ueDaRFzlQXw6CtK8hKe707UBFvy2Y86', '00769 Osvaldo Crossroad', 90800390, 'user', 'https://s3.amazonaws.com/uifaces/faces/twitter/traneblow/128.jpg');
INSERT INTO credit_card VALUES (6396530856856827, 'Chadd61@yahoo.com', '2024-03-29T01:16:57.360Z', 441);

INSERT INTO person VALUES ('Rogers_Schuppe@hotmail.com', 'Lance Rogahn', '$2b$10$KjlGkoYo.X.yATkN6hl68.XLMrIlb6rCjXIC6IN9HHL55gdU5hYOG', '1241 Bahringer Walks', 90633281, 'user', 'https://s3.amazonaws.com/uifaces/faces/twitter/kolmarlopez/128.jpg');
INSERT INTO full_time_ct VALUES ('Rogers_Schuppe@hotmail.com');
INSERT INTO ft_specializes_in VALUES ('Rogers_Schuppe@hotmail.com', 'Donkey', 6);
INSERT INTO ft_specializes_in VALUES ('Rogers_Schuppe@hotmail.com', 'Hedgehog', 7);
INSERT INTO ft_specializes_in VALUES ('Rogers_Schuppe@hotmail.com', 'Iguana', 6);

INSERT INTO person VALUES ('Rachel41@gmail.com', 'Adelia Ratke', '$2b$10$KjlGkoYo.X.yATkN6hl68.9Zv.ulDLp3MZA.MV/bMUM.8zqzpYj5a', '18580 Farrell Orchard', 90270305, 'user', 'https://s3.amazonaws.com/uifaces/faces/twitter/jjsiii/128.jpg');
INSERT INTO credit_card VALUES (6767885800676512, 'Rachel41@gmail.com', '2021-07-09T07:40:38.139Z', 383);

INSERT INTO person VALUES ('Tiffany20@gmail.com', 'Lacy King', '$2b$10$KjlGkoYo.X.yATkN6hl68.hTukZc/3Iwrp3Qcu1PyXLBvkOX9TPPu', '0981 Goldner Court', 90824430, 'user', 'https://s3.amazonaws.com/uifaces/faces/twitter/lebronjennan/128.jpg');
INSERT INTO credit_card VALUES (6383690783672225, 'Tiffany20@gmail.com', '2021-01-03T13:50:45.722Z', 377);
INSERT INTO pet VALUES ('Willard', 'Tiffany20@gmail.com', 'Bird', 'Omnis nemo voluptates sapiente.', 'Et officiis cum.');
INSERT INTO pet VALUES ('Yasmeen', 'Tiffany20@gmail.com', 'Mice', 'Voluptate ullam sit.', 'Et porro iste aut tenetur libero in quo quis distinctio.');
INSERT INTO pet VALUES ('Anibal', 'Tiffany20@gmail.com', 'Chinese Water Dragon', 'At id aliquid enim omnis facilis velit nihil aspernatur.', 'Molestiae nam ut.');

INSERT INTO person VALUES ('Laurence_Bartell@gmail.com', 'Giles Padberg', '$2b$10$KjlGkoYo.X.yATkN6hl68.rbza3CSwYkW3PhOWS6vTH3rOuxkjiiq', '997 Elvie Spur', 90695559, 'user', 'https://s3.amazonaws.com/uifaces/faces/twitter/rdbannon/128.jpg');

INSERT INTO person VALUES ('Dannie.Lowe@gmail.com', 'Aubree Collins', '$2b$10$KjlGkoYo.X.yATkN6hl68.9dZ0KZ6V4mA1.nptFntxtHMArjXHVQi', '363 Jones Circles', 90815372, 'user', 'https://s3.amazonaws.com/uifaces/faces/twitter/_kkga/128.jpg');
INSERT INTO credit_card VALUES (6011627643361234, 'Dannie.Lowe@gmail.com', '2021-08-09T07:54:45.302Z', 128);
INSERT INTO full_time_ct VALUES ('Dannie.Lowe@gmail.com');

INSERT INTO person VALUES ('Lazaro_Bogisich@hotmail.com', 'Camryn Jacobs', '$2b$10$KjlGkoYo.X.yATkN6hl68.9EgPn0nFUp1bBZ/v50WgBi5UDvcVNTi', '11187 Stewart Road', 90965129, 'user', 'https://s3.amazonaws.com/uifaces/faces/twitter/justme_timothyg/128.jpg');
INSERT INTO credit_card VALUES (6767342113249458, 'Lazaro_Bogisich@hotmail.com', '2023-05-31T06:28:57.972Z', 191);

INSERT INTO person VALUES ('Freddie_Dickinson@yahoo.com', 'Jocelyn Bartoletti', '$2b$10$KjlGkoYo.X.yATkN6hl68.NL7XQMuHsJdFwpbfZ3cT11haFaOvwDe', '594 Runolfsson Terrace', 90307929, 'user', 'https://s3.amazonaws.com/uifaces/faces/twitter/jerrybai1907/128.jpg');
INSERT INTO full_time_ct VALUES ('Freddie_Dickinson@yahoo.com');
INSERT INTO ft_specializes_in VALUES ('Freddie_Dickinson@yahoo.com', 'Chinchilla', 5);
INSERT INTO ft_specializes_in VALUES ('Freddie_Dickinson@yahoo.com', 'Lizard', 5);

INSERT INTO person VALUES ('Javon.Schulist@gmail.com', 'Fermin Hilll', '$2b$10$KjlGkoYo.X.yATkN6hl68.LU7JELjSx1AIrTsU8chj0y8c57rQqAO', '91483 Veum Brooks', 90111449, 'user', 'https://s3.amazonaws.com/uifaces/faces/twitter/YoungCutlass/128.jpg');
INSERT INTO part_time_ct VALUES ('Javon.Schulist@gmail.com');
INSERT INTO pt_free_schedule VALUES ('Javon.Schulist@gmail.com', '2020-11-05T09:15:57.393Z', '2021-09-27T22:12:19.391Z');

INSERT INTO person VALUES ('Quinten_Streich70@yahoo.com', 'Larissa Altenwerth', '$2b$10$KjlGkoYo.X.yATkN6hl68.faOsAbSJgHVXk4y3cZRK.BjdOAu6cxm', '90318 Micheal Forest', 90089063, 'user', 'https://s3.amazonaws.com/uifaces/faces/twitter/herrhaase/128.jpg');

INSERT INTO person VALUES ('Josiane_Lockman@gmail.com', 'Erick Kuvalis', '$2b$10$KjlGkoYo.X.yATkN6hl68.BB.0vtHIicR10fNYvp.yv1ynzkFasN6', '81193 Steuber Branch', 90046044, 'user', 'https://s3.amazonaws.com/uifaces/faces/twitter/thehacker/128.jpg');
INSERT INTO full_time_ct VALUES ('Josiane_Lockman@gmail.com');
INSERT INTO ft_specializes_in VALUES ('Josiane_Lockman@gmail.com', 'Chameleons (Veiled)', 6);
INSERT INTO ft_specializes_in VALUES ('Josiane_Lockman@gmail.com', 'Ponie', 10);

INSERT INTO person VALUES ('Jordon41@hotmail.com', 'Penelope Douglas', '$2b$10$KjlGkoYo.X.yATkN6hl68.y4xDLDos.argC/leRX.iI9MriJMhNYa', '625 Langworth Fields', 90964283, 'user', 'https://s3.amazonaws.com/uifaces/faces/twitter/VinThomas/128.jpg');
INSERT INTO credit_card VALUES (6525618025443928, 'Jordon41@hotmail.com', '2022-08-17T04:03:23.854Z', 743);
INSERT INTO pet VALUES ('Lysanne', 'Jordon41@hotmail.com', 'Cat', 'Magnam quaerat in.', 'Reiciendis possimus quidem fugiat libero tempore et qui tempora.');
INSERT INTO part_time_ct VALUES ('Jordon41@hotmail.com');
INSERT INTO pt_free_schedule VALUES ('Jordon41@hotmail.com', '2020-11-05T06:52:19.517Z', '2021-10-23T19:28:03.514Z');
INSERT INTO pt_specializes_in VALUES ('Jordon41@hotmail.com', 'Donkey', 16);
INSERT INTO pt_specializes_in VALUES ('Jordon41@hotmail.com', 'Horse', 16);
INSERT INTO pt_specializes_in VALUES ('Jordon41@hotmail.com', 'Ponie', 1);

INSERT INTO person VALUES ('Maybelle41@hotmail.com', 'Addie Rau', '$2b$10$KjlGkoYo.X.yATkN6hl68.rPdXC/WtpFAosUfwN6a9wdyv/19k./e', '151 Heath River', 90167661, 'user', 'https://s3.amazonaws.com/uifaces/faces/twitter/geran7/128.jpg');

INSERT INTO person VALUES ('Guy.Skiles@yahoo.com', 'Asia Bogisich', '$2b$10$KjlGkoYo.X.yATkN6hl68.PduXJtu4rjVIeeJxYVj65QSXHDY6ZE6', '9058 Volkman Gardens', 90123743, 'user', 'https://s3.amazonaws.com/uifaces/faces/twitter/nelsonjoyce/128.jpg');
INSERT INTO full_time_ct VALUES ('Guy.Skiles@yahoo.com');
INSERT INTO ft_specializes_in VALUES ('Guy.Skiles@yahoo.com', 'Rabbit', 12);

INSERT INTO person VALUES ('Vickie23@yahoo.com', 'Major Kerluke', '$2b$10$KjlGkoYo.X.yATkN6hl68.M4j.ad/YNoWlI8mRafdlnQfu2/x7pzu', '090 Eloise Drive', 90522060, 'user', 'https://s3.amazonaws.com/uifaces/faces/twitter/91bilal/128.jpg');
INSERT INTO credit_card VALUES (377342473325315, 'Vickie23@yahoo.com', '2021-10-22T17:27:36.732Z', 537);

INSERT INTO person VALUES ('Michelle.Kerluke@hotmail.com', 'Chester Gulgowski', '$2b$10$KjlGkoYo.X.yATkN6hl68.n9qijkYpykOHxyEKT8/Gt1P9.xwAtJi', '43277 Ruecker Springs', 90800733, 'user', 'https://s3.amazonaws.com/uifaces/faces/twitter/iamsteffen/128.jpg');
INSERT INTO credit_card VALUES (5478423991996345, 'Michelle.Kerluke@hotmail.com', '2024-06-21T17:26:20.601Z', 919);
INSERT INTO pet VALUES ('Bella', 'Michelle.Kerluke@hotmail.com', 'Hog', 'Rem et dolor hic.', 'Et qui velit dolore et dolor voluptas non vel.');
INSERT INTO pet VALUES ('Wilber', 'Michelle.Kerluke@hotmail.com', 'Iguana', 'Saepe numquam consequuntur vel facilis blanditiis.', 'Rem voluptas cum quae dolorem vitae minus.');
INSERT INTO full_time_ct VALUES ('Michelle.Kerluke@hotmail.com');

INSERT INTO person VALUES ('Faustino6@hotmail.com', 'Lessie Ratke', '$2b$10$KjlGkoYo.X.yATkN6hl68.TV90VIR9LJPYxEDQXRGM7ZR5ckX/XG2', '97596 Kennedi Courts', 90534412, 'user', 'https://s3.amazonaws.com/uifaces/faces/twitter/steynviljoen/128.jpg');
INSERT INTO full_time_ct VALUES ('Faustino6@hotmail.com');
INSERT INTO ft_specializes_in VALUES ('Faustino6@hotmail.com', 'Dog', 5);
INSERT INTO ft_specializes_in VALUES ('Faustino6@hotmail.com', 'Gerbil', 15);
INSERT INTO ft_specializes_in VALUES ('Faustino6@hotmail.com', 'Hedgehog', 13);

INSERT INTO person VALUES ('Garland_Sauer63@yahoo.com', 'Garrett Bartoletti', '$2b$10$KjlGkoYo.X.yATkN6hl68.uEC2pNf27W0PNcTfpF2X8Fk0EZWSvgu', '72384 Gage Corner', 90678733, 'user', 'https://s3.amazonaws.com/uifaces/faces/twitter/longlivemyword/128.jpg');

INSERT INTO person VALUES ('Edyth.Pollich30@yahoo.com', 'Sherman Mitchell', '$2b$10$KjlGkoYo.X.yATkN6hl68.MYRH7NZTy8Qgjzs3c4awaLtit0b4USe', '04313 Lang Underpass', 90145956, 'user', 'https://s3.amazonaws.com/uifaces/faces/twitter/sebashton/128.jpg');
INSERT INTO full_time_ct VALUES ('Edyth.Pollich30@yahoo.com');
INSERT INTO ft_specializes_in VALUES ('Edyth.Pollich30@yahoo.com', 'Bird', 16);
INSERT INTO ft_specializes_in VALUES ('Edyth.Pollich30@yahoo.com', 'Dog', 12);

INSERT INTO person VALUES ('Lew.Rempel90@hotmail.com', 'Greyson Lesch', '$2b$10$KjlGkoYo.X.yATkN6hl68.Wabjo1iZB4fLAOyfNO5Wsg4kouaHi.u', '0813 Blaze Highway', 90506974, 'user', 'https://s3.amazonaws.com/uifaces/faces/twitter/lokesh_coder/128.jpg');
INSERT INTO credit_card VALUES (6011621508899216, 'Lew.Rempel90@hotmail.com', '2022-05-19T11:14:59.443Z', 460);
INSERT INTO pet VALUES ('Kristin', 'Lew.Rempel90@hotmail.com', 'Pigeon', 'Dolorem repellendus autem qui.', 'Itaque ducimus et reiciendis ut pariatur dicta quos rem.');
INSERT INTO pet VALUES ('Nola', 'Lew.Rempel90@hotmail.com', 'Ferret', 'Laboriosam corrupti et exercitationem doloribus voluptas optio architecto.', 'Odit et fugit odit adipisci perferendis dolore officiis.');

INSERT INTO person VALUES ('Braulio.Schimmel33@gmail.com', 'Jodie Pagac', '$2b$10$KjlGkoYo.X.yATkN6hl68.i4rWmgNJx9PXQCwbJHmfTS6A1ujudKi', '124 Ken Parkway', 90418219, 'user', 'https://s3.amazonaws.com/uifaces/faces/twitter/begreative/128.jpg');
INSERT INTO full_time_ct VALUES ('Braulio.Schimmel33@gmail.com');
INSERT INTO ft_specializes_in VALUES ('Braulio.Schimmel33@gmail.com', 'Guinea Pig', 0);
INSERT INTO ft_specializes_in VALUES ('Braulio.Schimmel33@gmail.com', 'Lizard', 6);
INSERT INTO ft_specializes_in VALUES ('Braulio.Schimmel33@gmail.com', 'Mice', 6);

INSERT INTO person VALUES ('Jamir.Schoen@hotmail.com', 'Darian Goldner', '$2b$10$KjlGkoYo.X.yATkN6hl68.35tqLS9ivLa.v2WLtZrZZLt/1jeOpSi', '3487 Mann Route', 90285022, 'user', 'https://s3.amazonaws.com/uifaces/faces/twitter/caspergrl/128.jpg');
INSERT INTO credit_card VALUES (30242828685998, 'Jamir.Schoen@hotmail.com', '2021-06-01T13:05:44.872Z', 019);
INSERT INTO pet VALUES ('Rasheed', 'Jamir.Schoen@hotmail.com', 'Ponie', 'Officiis reiciendis quos quia deserunt omnis est dicta blanditiis distinctio.', 'Cumque natus ipsa a at.');
INSERT INTO pet VALUES ('Odessa', 'Jamir.Schoen@hotmail.com', 'Ponie', 'Possimus optio excepturi.', 'Ut vero est.');
INSERT INTO pet VALUES ('Garret', 'Jamir.Schoen@hotmail.com', 'Goat', 'Sed explicabo qui aperiam.', 'Sit deleniti voluptate ut.');
INSERT INTO part_time_ct VALUES ('Jamir.Schoen@hotmail.com');
INSERT INTO pt_free_schedule VALUES ('Jamir.Schoen@hotmail.com', '2020-11-05T06:55:21.493Z', '2021-10-22T20:59:03.528Z');
INSERT INTO pt_specializes_in VALUES ('Jamir.Schoen@hotmail.com', 'Burro', 20);
INSERT INTO pt_specializes_in VALUES ('Jamir.Schoen@hotmail.com', 'Mule', 9);
INSERT INTO pt_specializes_in VALUES ('Jamir.Schoen@hotmail.com', 'Rabbit', 17);

INSERT INTO person VALUES ('Ramona53@yahoo.com', 'Darryl Homenick', '$2b$10$KjlGkoYo.X.yATkN6hl68.c5A4o9t4amRjnHgprkgldcopEtVpZzK', '158 Littel Ridge', 90009497, 'user', 'https://s3.amazonaws.com/uifaces/faces/twitter/ultragex/128.jpg');
INSERT INTO credit_card VALUES (6488625229819259, 'Ramona53@yahoo.com', '2021-06-09T00:37:48.798Z', 387);
INSERT INTO pet VALUES ('Kiana', 'Ramona53@yahoo.com', 'Chinchilla', 'Ipsa ratione reiciendis ab possimus repellendus.', 'Placeat atque quis est incidunt nulla error distinctio est veniam.');
INSERT INTO pet VALUES ('Amira', 'Ramona53@yahoo.com', 'Guinea Pig', 'Quo iusto tempora.', 'Possimus suscipit earum quo et.');
INSERT INTO part_time_ct VALUES ('Ramona53@yahoo.com');
INSERT INTO pt_free_schedule VALUES ('Ramona53@yahoo.com', '2020-11-05T02:06:27.056Z', '2021-05-23T14:20:42.752Z');

INSERT INTO person VALUES ('Ernest57@gmail.com', 'Florida Kertzmann', '$2b$10$KjlGkoYo.X.yATkN6hl68.wVr0uiLRsc/fbzkY3WZWnOL7tbNgMra', '962 Murphy Village', 90857584, 'user', 'https://s3.amazonaws.com/uifaces/faces/twitter/abdullindenis/128.jpg');

INSERT INTO person VALUES ('Arjun_Spencer@hotmail.com', 'Roderick Barrows', '$2b$10$KjlGkoYo.X.yATkN6hl68.rfGw5HcAcr1.ZiyELdW/uH/Si37lsuy', '462 Grimes Junctions', 90850084, 'user', 'https://s3.amazonaws.com/uifaces/faces/twitter/brandonburke/128.jpg');
INSERT INTO credit_card VALUES (6011626715193383, 'Arjun_Spencer@hotmail.com', '2021-12-15T08:42:53.199Z', 690);
INSERT INTO pet VALUES ('Litzy', 'Arjun_Spencer@hotmail.com', 'Lizard', 'Doloremque minima ea recusandae vel blanditiis veritatis et corporis.', 'Ut et est perspiciatis aspernatur rerum fuga omnis repellat sed.');
INSERT INTO pet VALUES ('Elwyn', 'Arjun_Spencer@hotmail.com', 'Mice', 'Velit ipsum eius.', 'Exercitationem ipsum doloremque nihil.');
INSERT INTO pet VALUES ('Mikel', 'Arjun_Spencer@hotmail.com', 'Chinchilla', 'Consectetur quidem aut repudiandae dolore.', 'Non minus ipsam sunt quia cumque voluptate quia.');
INSERT INTO full_time_ct VALUES ('Arjun_Spencer@hotmail.com');
INSERT INTO ft_specializes_in VALUES ('Arjun_Spencer@hotmail.com', 'Pigeon', 14);
INSERT INTO ft_specializes_in VALUES ('Arjun_Spencer@hotmail.com', 'Rabbit', 15);

INSERT INTO person VALUES ('Genevieve_Langosh79@hotmail.com', 'Elenora Krajcik', '$2b$10$KjlGkoYo.X.yATkN6hl68.DN2V5XEeP65fc9q8gNTSsYSSRi0HpsO', '251 Rippin Lights', 90205759, 'user', 'https://s3.amazonaws.com/uifaces/faces/twitter/rude/128.jpg');
INSERT INTO credit_card VALUES (6521686726593392, 'Genevieve_Langosh79@hotmail.com', '2021-05-27T09:03:36.245Z', 464);

INSERT INTO person VALUES ('Morton.Gutkowski@yahoo.com', 'Viviane Davis', '$2b$10$KjlGkoYo.X.yATkN6hl68.RFqe.3P6ScPN.2bYlspEK0f2hHMo1Xq', '094 Hayes Dale', 90167312, 'user', 'https://s3.amazonaws.com/uifaces/faces/twitter/heyimjuani/128.jpg');
INSERT INTO part_time_ct VALUES ('Morton.Gutkowski@yahoo.com');
INSERT INTO pt_free_schedule VALUES ('Morton.Gutkowski@yahoo.com', '2020-11-05T03:29:51.322Z', '2020-11-21T08:50:44.239Z');
INSERT INTO pt_specializes_in VALUES ('Morton.Gutkowski@yahoo.com', 'Chinchilla', 7);
INSERT INTO pt_specializes_in VALUES ('Morton.Gutkowski@yahoo.com', 'Guinea Pig', 4);
INSERT INTO pt_specializes_in VALUES ('Morton.Gutkowski@yahoo.com', 'Ponie', 8);

INSERT INTO person VALUES ('Maximus.OConnell@hotmail.com', 'Myriam Boyle', '$2b$10$KjlGkoYo.X.yATkN6hl68.Ix.GGVfLi6y07w5Ydl0GIMFKgQpt38i', '61294 Avis Neck', 90094419, 'user', 'https://s3.amazonaws.com/uifaces/faces/twitter/commadelimited/128.jpg');
INSERT INTO credit_card VALUES (6376192362904476, 'Maximus.OConnell@hotmail.com', '2021-05-29T00:15:59.769Z', 530);
INSERT INTO pet VALUES ('Jettie', 'Maximus.OConnell@hotmail.com', 'Ferret', 'Et voluptas aut id aut eum quae ab.', 'Enim quo labore consequuntur assumenda quia vitae dignissimos mollitia pariatur.');
INSERT INTO pet VALUES ('Jaunita', 'Maximus.OConnell@hotmail.com', 'Chinchilla', 'Consequatur qui culpa totam itaque quaerat fuga asperiores dolorem voluptatem.', 'Non incidunt mollitia magni qui in sequi.');
INSERT INTO pet VALUES ('Frederik', 'Maximus.OConnell@hotmail.com', 'Pig', 'Inventore ex et unde.', 'Tenetur aut ipsa soluta.');
INSERT INTO part_time_ct VALUES ('Maximus.OConnell@hotmail.com');
INSERT INTO pt_free_schedule VALUES ('Maximus.OConnell@hotmail.com', '2020-11-04T21:54:39.932Z', '2020-12-19T13:36:49.698Z');
INSERT INTO pt_specializes_in VALUES ('Maximus.OConnell@hotmail.com', 'Hedgehog', 19);

INSERT INTO person VALUES ('Natasha.Mraz78@hotmail.com', 'Logan Klocko', '$2b$10$KjlGkoYo.X.yATkN6hl68.FELVPy8LmDngMpyykSR8T4adiOO0psW', '15916 Luisa Garden', 90020831, 'user', 'https://s3.amazonaws.com/uifaces/faces/twitter/estebanuribe/128.jpg');
INSERT INTO credit_card VALUES (5311364531064914, 'Natasha.Mraz78@hotmail.com', '2021-08-02T17:38:32.585Z', 117);
INSERT INTO pet VALUES ('Kellen', 'Natasha.Mraz78@hotmail.com', 'Mule', 'At labore aut recusandae ut necessitatibus.', 'Debitis non saepe ut aspernatur necessitatibus.');
INSERT INTO pet VALUES ('Tristian', 'Natasha.Mraz78@hotmail.com', 'Geese (Chinese Swan Goose)', 'Quam sed quam doloribus modi harum alias architecto error delectus.', 'Rerum quo ea qui amet laboriosam et.');
INSERT INTO pet VALUES ('Mikayla', 'Natasha.Mraz78@hotmail.com', 'Pot Bellied Pig', 'Voluptas ipsa omnis odio quo ut.', 'Vero nulla sunt repellat repudiandae.');
INSERT INTO full_time_ct VALUES ('Natasha.Mraz78@hotmail.com');
INSERT INTO ft_specializes_in VALUES ('Natasha.Mraz78@hotmail.com', 'Chicken', 4);

INSERT INTO person VALUES ('Carmella_Mertz24@gmail.com', 'Orin Lowe', '$2b$10$KjlGkoYo.X.yATkN6hl68.ody/TWdyd4DcxoKNhxW7xJkUlc2oqLW', '122 Gleichner Village', 90005939, 'user', 'https://s3.amazonaws.com/uifaces/faces/twitter/pmeissner/128.jpg');
INSERT INTO credit_card VALUES (6767936153045928, 'Carmella_Mertz24@gmail.com', '2021-01-02T23:50:13.368Z', 594);
INSERT INTO pet VALUES ('Conor', 'Carmella_Mertz24@gmail.com', 'Gerbil', 'Necessitatibus sint sunt laborum sit architecto repudiandae omnis quia odio.', 'Repudiandae pariatur et mollitia laborum sapiente.');
INSERT INTO pet VALUES ('Fidel', 'Carmella_Mertz24@gmail.com', 'Cow', 'Qui et asperiores et rerum.', 'Eum fugiat quibusdam soluta distinctio vero.');
INSERT INTO part_time_ct VALUES ('Carmella_Mertz24@gmail.com');
INSERT INTO pt_free_schedule VALUES ('Carmella_Mertz24@gmail.com', '2020-11-04T17:48:46.275Z', '2021-04-17T10:42:33.776Z');

INSERT INTO person VALUES ('Shannon87@yahoo.com', 'Hailee Lesch', '$2b$10$KjlGkoYo.X.yATkN6hl68.qB57SBdLIomnowmWkrlv57EQ03IxqfS', '0252 Aliza Crossing', 90106256, 'user', 'https://s3.amazonaws.com/uifaces/faces/twitter/sasha_shestakov/128.jpg');

INSERT INTO person VALUES ('Brisa25@gmail.com', 'Julian Bradtke', '$2b$10$KjlGkoYo.X.yATkN6hl68.PQdSrKc6z.8yIN3Ugqi904uuaxgTAZe', '639 Williamson Greens', 90417347, 'user', 'https://s3.amazonaws.com/uifaces/faces/twitter/privetwagner/128.jpg');
INSERT INTO credit_card VALUES (6759650286027270, 'Brisa25@gmail.com', '2021-07-21T05:10:12.627Z', 631);
INSERT INTO pet VALUES ('Trey', 'Brisa25@gmail.com', 'Gecko', 'Labore optio laboriosam voluptate delectus id suscipit nulla qui.', 'Est corrupti adipisci voluptas blanditiis nobis perspiciatis.');
INSERT INTO pet VALUES ('Maryam', 'Brisa25@gmail.com', 'Iguana', 'Dicta aut saepe.', 'Qui saepe quia et eum assumenda temporibus doloribus aut eum.');
INSERT INTO pet VALUES ('Sabina', 'Brisa25@gmail.com', 'Pot Bellied Pig', 'Voluptatem ad corrupti quia atque aut.', 'Mollitia quia consequatur ut voluptatem sed ad iure autem minima.');

INSERT INTO person VALUES ('Holden_Bahringer@gmail.com', 'Kaycee Larkin', '$2b$10$KjlGkoYo.X.yATkN6hl68.f5pXJ9WmAio8HfqY3hesITI6CLl7CSe', '092 Kayley Hollow', 90694483, 'user', 'https://s3.amazonaws.com/uifaces/faces/twitter/murrayswift/128.jpg');
INSERT INTO part_time_ct VALUES ('Holden_Bahringer@gmail.com');
INSERT INTO pt_free_schedule VALUES ('Holden_Bahringer@gmail.com', '2020-11-04T18:04:35.190Z', '2020-11-14T21:25:43.317Z');
INSERT INTO pt_specializes_in VALUES ('Holden_Bahringer@gmail.com', 'Bird', 20);
INSERT INTO pt_specializes_in VALUES ('Holden_Bahringer@gmail.com', 'Pigeon', 19);

INSERT INTO person VALUES ('Enos94@yahoo.com', 'Cristian Von', '$2b$10$KjlGkoYo.X.yATkN6hl68.J/nMy/M2EwccH7TyvheY8KPKqZ1RZ3m', '9837 Pacocha Trail', 90050809, 'user', 'https://s3.amazonaws.com/uifaces/faces/twitter/erwanhesry/128.jpg');
INSERT INTO credit_card VALUES (5893464162884964, 'Enos94@yahoo.com', '2024-10-14T12:58:00.719Z', 325);
INSERT INTO pet VALUES ('Zakary', 'Enos94@yahoo.com', 'Cow', 'Nesciunt similique et nam culpa eum quia sint.', 'Maiores sequi qui facere et earum in qui facilis exercitationem.');
INSERT INTO pet VALUES ('Dallin', 'Enos94@yahoo.com', 'Llama', 'Sit aperiam corrupti commodi id blanditiis possimus.', 'Recusandae corrupti voluptatem sit optio aut.');

INSERT INTO person VALUES ('Tara7@hotmail.com', 'Cassidy Kuhn', '$2b$10$KjlGkoYo.X.yATkN6hl68.MCccCf3701Di3T1zmwBrrPllxum4P0y', '78808 Bruen Common', 90051892, 'user', 'https://s3.amazonaws.com/uifaces/faces/twitter/aleclarsoniv/128.jpg');
INSERT INTO credit_card VALUES (3537641069383690, 'Tara7@hotmail.com', '2021-02-01T14:35:57.780Z', 859);
INSERT INTO part_time_ct VALUES ('Tara7@hotmail.com');
INSERT INTO pt_free_schedule VALUES ('Tara7@hotmail.com', '2020-11-05T07:32:58.235Z', '2021-07-31T06:24:22.164Z');
INSERT INTO pt_specializes_in VALUES ('Tara7@hotmail.com', 'Ferret', 4);
INSERT INTO pt_specializes_in VALUES ('Tara7@hotmail.com', 'Llama', 19);

INSERT INTO person VALUES ('Rudolph_White@gmail.com', 'Santa Blick', '$2b$10$KjlGkoYo.X.yATkN6hl68.KG0jMkn7UpEk1A2wtUyeBK8.iVpAjVe', '1551 Arthur Parks', 90288570, 'user', 'https://s3.amazonaws.com/uifaces/faces/twitter/maz/128.jpg');
INSERT INTO credit_card VALUES (6771896514471395, 'Rudolph_White@gmail.com', '2024-06-25T09:33:48.666Z', 130);
INSERT INTO pet VALUES ('Hazle', 'Rudolph_White@gmail.com', 'Horse', 'Eos voluptas maiores odio repellat aspernatur ut molestias tenetur unde.', 'Illum harum natus occaecati iste dolore.');

INSERT INTO person VALUES ('Johnson.Kub3@yahoo.com', 'Walker Kozey', '$2b$10$KjlGkoYo.X.yATkN6hl68.UzkOMHQx/BBT3LKMXPY2Xjg//huPeTa', '2865 Jakubowski Camp', 90756661, 'user', 'https://s3.amazonaws.com/uifaces/faces/twitter/alexivanichkin/128.jpg');
INSERT INTO full_time_ct VALUES ('Johnson.Kub3@yahoo.com');
INSERT INTO ft_specializes_in VALUES ('Johnson.Kub3@yahoo.com', 'Chicken', 13);
INSERT INTO ft_specializes_in VALUES ('Johnson.Kub3@yahoo.com', 'Guinea Pig', 8);
INSERT INTO ft_specializes_in VALUES ('Johnson.Kub3@yahoo.com', 'Ponie', 11);

INSERT INTO person VALUES ('Robin_Grant@hotmail.com', 'Junius Carroll', '$2b$10$KjlGkoYo.X.yATkN6hl68.LJLg6fjU5d5TfFATsoE3hWYx7Zs84du', '654 Casper Inlet', 90358619, 'user', 'https://s3.amazonaws.com/uifaces/faces/twitter/_yardenoon/128.jpg');

INSERT INTO person VALUES ('Howard59@gmail.com', 'Einar Walsh', '$2b$10$KjlGkoYo.X.yATkN6hl68.3s6lHdmsbEoTduJryXikkV5rLlSULwG', '2954 Trace Estates', 90554990, 'user', 'https://s3.amazonaws.com/uifaces/faces/twitter/michaelbrooksjr/128.jpg');
INSERT INTO credit_card VALUES (6011626863309156, 'Howard59@gmail.com', '2021-04-25T06:42:02.835Z', 245);
INSERT INTO pet VALUES ('Nyah', 'Howard59@gmail.com', 'Bearded Dragon', 'Ea adipisci vel sed dolor.', 'Praesentium aut minus aut corporis.');
INSERT INTO pet VALUES ('Payton', 'Howard59@gmail.com', 'Fish', 'Atque quibusdam magnam neque.', 'Ullam ut aut eius.');
INSERT INTO full_time_ct VALUES ('Howard59@gmail.com');

INSERT INTO person VALUES ('Tavares.Heaney87@gmail.com', 'Keven Gorczany', '$2b$10$KjlGkoYo.X.yATkN6hl68.1E6AOfZxA1BBuptCfVR7iuJZw//DbTu', '59220 Kristofer Flat', 90019667, 'user', 'https://s3.amazonaws.com/uifaces/faces/twitter/nehfy/128.jpg');
INSERT INTO part_time_ct VALUES ('Tavares.Heaney87@gmail.com');
INSERT INTO pt_free_schedule VALUES ('Tavares.Heaney87@gmail.com', '2020-11-04T14:47:02.083Z', '2021-06-23T14:18:17.766Z');
INSERT INTO pt_specializes_in VALUES ('Tavares.Heaney87@gmail.com', 'Hedgehog', 2);

INSERT INTO person VALUES ('Reagan60@yahoo.com', 'Jon Russel', '$2b$10$KjlGkoYo.X.yATkN6hl68.UPzweFS5fXEW5o6tmz1ZL9jy867s3H2', '29211 Remington Divide', 90520285, 'user', 'https://s3.amazonaws.com/uifaces/faces/twitter/pmeissner/128.jpg');

INSERT INTO person VALUES ('Esther94@gmail.com', 'Kyler Moore', '$2b$10$KjlGkoYo.X.yATkN6hl68.DW2ev7/mQ.s.4GNJdADfQlper8EDWDm', '17950 Rippin Court', 90371220, 'user', 'https://s3.amazonaws.com/uifaces/faces/twitter/samihah/128.jpg');

INSERT INTO person VALUES ('Althea9@yahoo.com', 'Eudora Gusikowski', '$2b$10$KjlGkoYo.X.yATkN6hl68.sSsapG0ByGhAEITGHJACEE8a8Zg7NUe', '92219 Kayleigh Greens', 90142994, 'user', 'https://s3.amazonaws.com/uifaces/faces/twitter/yigitpinarbasi/128.jpg');
INSERT INTO credit_card VALUES (6759061657670053, 'Althea9@yahoo.com', '2021-01-23T10:00:40.899Z', 760);
INSERT INTO part_time_ct VALUES ('Althea9@yahoo.com');
INSERT INTO pt_free_schedule VALUES ('Althea9@yahoo.com', '2020-11-04T14:43:17.238Z', '2021-08-16T16:54:30.713Z');
INSERT INTO pt_specializes_in VALUES ('Althea9@yahoo.com', 'Bird', 16);
INSERT INTO pt_specializes_in VALUES ('Althea9@yahoo.com', 'Guinea Pig', 8);
INSERT INTO pt_specializes_in VALUES ('Althea9@yahoo.com', 'Hamster', 2);

INSERT INTO person VALUES ('Raoul.Senger70@gmail.com', 'Spencer Wintheiser', '$2b$10$KjlGkoYo.X.yATkN6hl68.CRuYqpPiXEIOa1.HRIRbwNtdyqPPKDe', '733 Stephania Coves', 90962593, 'user', 'https://s3.amazonaws.com/uifaces/faces/twitter/alan_zhang_/128.jpg');
INSERT INTO credit_card VALUES (6767254454913710, 'Raoul.Senger70@gmail.com', '2022-02-20T05:47:34.037Z', 105);
INSERT INTO pet VALUES ('Mekhi', 'Raoul.Senger70@gmail.com', 'Peafowl', 'Aut non atque quas.', 'Deserunt rerum quia eligendi consectetur maiores tempore ea.');
INSERT INTO part_time_ct VALUES ('Raoul.Senger70@gmail.com');
INSERT INTO pt_free_schedule VALUES ('Raoul.Senger70@gmail.com', '2020-11-04T21:06:42.584Z', '2021-11-03T00:13:25.524Z');

INSERT INTO person VALUES ('Graham.Kshlerin@yahoo.com', 'Myrl Mills', '$2b$10$KjlGkoYo.X.yATkN6hl68.9dqkQZWxRVAdTY8knxk5eO.Uz5TB3ta', '0183 Effertz Oval', 90999166, 'user', 'https://s3.amazonaws.com/uifaces/faces/twitter/robinlayfield/128.jpg');
INSERT INTO part_time_ct VALUES ('Graham.Kshlerin@yahoo.com');
INSERT INTO pt_free_schedule VALUES ('Graham.Kshlerin@yahoo.com', '2020-11-05T04:16:08.640Z', '2021-04-28T03:58:56.553Z');
INSERT INTO pt_specializes_in VALUES ('Graham.Kshlerin@yahoo.com', 'Cow', 0);

INSERT INTO person VALUES ('Jessie72@gmail.com', 'Oral Thiel', '$2b$10$KjlGkoYo.X.yATkN6hl68.Kul4Ru9IXjgyWgFbJo.kJjX5dC3WBD2', '3567 Erik Drives', 90621512, 'user', 'https://s3.amazonaws.com/uifaces/faces/twitter/bagawarman/128.jpg');
INSERT INTO credit_card VALUES (340702077956163, 'Jessie72@gmail.com', '2025-10-30T17:09:59.078Z', 383);
INSERT INTO pet VALUES ('Marietta', 'Jessie72@gmail.com', 'Rabbit', 'Saepe alias rerum optio hic quisquam dicta non.', 'Sit fugit iste rem accusamus.');
INSERT INTO pet VALUES ('Amalia', 'Jessie72@gmail.com', 'Llama', 'Ad impedit sed atque necessitatibus aut.', 'Et eos cum saepe accusamus incidunt aliquid aut dolor laborum.');

INSERT INTO person VALUES ('Juana.Hauck53@hotmail.com', 'Chelsie Lebsack', '$2b$10$KjlGkoYo.X.yATkN6hl68.CO2qnQf7WXPN87lYDQlFY6NsUCLgtHW', '0140 Fern Lakes', 90159844, 'user', 'https://s3.amazonaws.com/uifaces/faces/twitter/mufaddal_mw/128.jpg');
INSERT INTO credit_card VALUES (6763874852384518, 'Juana.Hauck53@hotmail.com', '2024-12-01T13:20:16.244Z', 466);
INSERT INTO pet VALUES ('Adrienne', 'Juana.Hauck53@hotmail.com', 'Mule', 'Nam distinctio quos laborum ut consequatur commodi qui.', 'Aperiam et dolores molestiae dolorem et labore dolorem et sed.');
INSERT INTO pet VALUES ('Carmine', 'Juana.Hauck53@hotmail.com', 'Fish', 'Hic ut asperiores eveniet ut porro illum.', 'Aperiam doloremque optio.');
INSERT INTO pet VALUES ('Margarett', 'Juana.Hauck53@hotmail.com', 'Bearded Dragon', 'Reprehenderit omnis nesciunt culpa reiciendis error.', 'Eveniet nam necessitatibus dolor at commodi error est voluptatem.');

INSERT INTO person VALUES ('Brennan.Friesen@hotmail.com', 'Marques Dickinson', '$2b$10$KjlGkoYo.X.yATkN6hl68.ykmflryxF5vD5b6g1U1qWgjexeQwNky', '03718 Johnson Roads', 90531580, 'user', 'https://s3.amazonaws.com/uifaces/faces/twitter/blakehawksworth/128.jpg');
INSERT INTO credit_card VALUES (6304910376422345, 'Brennan.Friesen@hotmail.com', '2021-08-04T02:06:48.461Z', 514);
INSERT INTO pet VALUES ('Maggie', 'Brennan.Friesen@hotmail.com', 'Horse', 'Aut exercitationem in laborum non adipisci quis nobis voluptatem consectetur.', 'Atque enim ipsum sequi dolorum.');
INSERT INTO full_time_ct VALUES ('Brennan.Friesen@hotmail.com');
INSERT INTO ft_specializes_in VALUES ('Brennan.Friesen@hotmail.com', 'Cat', 3);
INSERT INTO ft_specializes_in VALUES ('Brennan.Friesen@hotmail.com', 'Peafowl', 7);

INSERT INTO person VALUES ('Cooper.Daniel80@hotmail.com', 'Magnus Schinner', '$2b$10$KjlGkoYo.X.yATkN6hl68.C1Fxr8xi51eJPuuRxrbyxWXCr9rvRKW', '28500 Vivianne Avenue', 90987268, 'user', 'https://s3.amazonaws.com/uifaces/faces/twitter/desastrozo/128.jpg');
INSERT INTO part_time_ct VALUES ('Cooper.Daniel80@hotmail.com');
INSERT INTO pt_free_schedule VALUES ('Cooper.Daniel80@hotmail.com', '2020-11-04T15:04:55.321Z', '2021-03-07T01:53:07.008Z');
INSERT INTO pt_specializes_in VALUES ('Cooper.Daniel80@hotmail.com', 'Bearded Dragon', 1);

INSERT INTO person VALUES ('Rosendo.Jakubowski24@yahoo.com', 'Elnora Langosh', '$2b$10$KjlGkoYo.X.yATkN6hl68.mT59C4ndyYP43DTQqzE7RwYYSaAQCWC', '31219 Gorczany Fords', 90223929, 'user', 'https://s3.amazonaws.com/uifaces/faces/twitter/_scottburgess/128.jpg');
INSERT INTO part_time_ct VALUES ('Rosendo.Jakubowski24@yahoo.com');
INSERT INTO pt_free_schedule VALUES ('Rosendo.Jakubowski24@yahoo.com', '2020-11-04T15:20:24.529Z', '2021-08-01T07:17:29.302Z');
INSERT INTO pt_specializes_in VALUES ('Rosendo.Jakubowski24@yahoo.com', 'Gerbil', 16);
INSERT INTO pt_specializes_in VALUES ('Rosendo.Jakubowski24@yahoo.com', 'Llama', 15);
INSERT INTO pt_specializes_in VALUES ('Rosendo.Jakubowski24@yahoo.com', 'Mule', 1);

INSERT INTO person VALUES ('Liana_Senger75@hotmail.com', 'Roslyn Monahan', '$2b$10$KjlGkoYo.X.yATkN6hl68.X/vG68H5qEItgZ.VD68I5PZ85wkfzO6', '9674 Josefina Roads', 90886433, 'user', 'https://s3.amazonaws.com/uifaces/faces/twitter/amayvs/128.jpg');
INSERT INTO credit_card VALUES (6304965806912927, 'Liana_Senger75@hotmail.com', '2021-01-22T19:47:11.156Z', 206);
INSERT INTO full_time_ct VALUES ('Liana_Senger75@hotmail.com');
INSERT INTO ft_specializes_in VALUES ('Liana_Senger75@hotmail.com', 'Chinese Water Dragon', 13);
INSERT INTO ft_specializes_in VALUES ('Liana_Senger75@hotmail.com', 'Guinea Pig', 14);
INSERT INTO ft_specializes_in VALUES ('Liana_Senger75@hotmail.com', 'Llama', 3);

INSERT INTO person VALUES ('Trevion.Boehm51@gmail.com', 'Gideon Sipes', '$2b$10$KjlGkoYo.X.yATkN6hl68.V7QMw87pDqoH5w/jx1O6dm17BLNrDVC', '7882 Schimmel Lodge', 90594216, 'user', 'https://s3.amazonaws.com/uifaces/faces/twitter/miguelmendes/128.jpg');

INSERT INTO person VALUES ('Margarett33@hotmail.com', 'Treva Pouros', '$2b$10$KjlGkoYo.X.yATkN6hl68.IDFDQc/mT69QuRwTbnuQyIL5fTxpvtK', '519 Predovic Mountains', 90530298, 'user', 'https://s3.amazonaws.com/uifaces/faces/twitter/bassamology/128.jpg');
INSERT INTO credit_card VALUES (6759549146573829, 'Margarett33@hotmail.com', '2021-05-31T16:03:48.440Z', 452);
INSERT INTO pet VALUES ('Leonardo', 'Margarett33@hotmail.com', 'Mule', 'Fuga quibusdam quo earum libero molestiae.', 'Nesciunt excepturi quis in in.');
INSERT INTO pet VALUES ('Kennedy', 'Margarett33@hotmail.com', 'Lizard', 'Sequi praesentium beatae enim quia nemo qui ex ut.', 'Asperiores eveniet recusandae saepe.');

INSERT INTO person VALUES ('Dedric_Lesch43@hotmail.com', 'Antwon Collier', '$2b$10$KjlGkoYo.X.yATkN6hl68.LWqShV//8LesfyZKigl.q8XnVor.uX6', '44281 Lakin Squares', 90024854, 'user', 'https://s3.amazonaws.com/uifaces/faces/twitter/pyronite/128.jpg');
INSERT INTO part_time_ct VALUES ('Dedric_Lesch43@hotmail.com');
INSERT INTO pt_free_schedule VALUES ('Dedric_Lesch43@hotmail.com', '2020-11-04T22:21:51.440Z', '2021-10-24T14:35:18.536Z');
INSERT INTO pt_specializes_in VALUES ('Dedric_Lesch43@hotmail.com', 'Fish', 13);
INSERT INTO pt_specializes_in VALUES ('Dedric_Lesch43@hotmail.com', 'Pig', 6);

INSERT INTO person VALUES ('German38@yahoo.com', 'Clare Miller', '$2b$10$KjlGkoYo.X.yATkN6hl68.e4mWveL8VVtI4NxTpRp1KcIyiDuS2Ua', '702 Goyette Avenue', 90463184, 'user', 'https://s3.amazonaws.com/uifaces/faces/twitter/ah_lice/128.jpg');
INSERT INTO credit_card VALUES (5401995685170646, 'German38@yahoo.com', '2024-02-19T08:29:28.614Z', 246);
INSERT INTO pet VALUES ('Lori', 'German38@yahoo.com', 'Mule', 'Dicta unde ea eligendi qui nihil aliquam qui omnis.', 'Voluptatem quia incidunt sapiente porro.');
INSERT INTO pet VALUES ('Christopher', 'German38@yahoo.com', 'Gerbil', 'Molestias eius eaque possimus excepturi quo non inventore.', 'Est sed eum est nam cupiditate.');
INSERT INTO part_time_ct VALUES ('German38@yahoo.com');
INSERT INTO pt_free_schedule VALUES ('German38@yahoo.com', '2020-11-04T21:24:47.869Z', '2021-02-20T11:32:17.946Z');
INSERT INTO pt_specializes_in VALUES ('German38@yahoo.com', 'Ponie', 3);
INSERT INTO pt_specializes_in VALUES ('German38@yahoo.com', 'Pot Bellied Pig', 12);

INSERT INTO person VALUES ('Priscilla.Emmerich27@yahoo.com', 'Irma Emard', '$2b$10$KjlGkoYo.X.yATkN6hl68.Icoq6ZETbsEfvWfoFVyRLoD7RnyPvu2', '07392 Jerde Island', 90119397, 'user', 'https://s3.amazonaws.com/uifaces/faces/twitter/jwalter14/128.jpg');
INSERT INTO credit_card VALUES (3528582165188836, 'Priscilla.Emmerich27@yahoo.com', '2021-01-07T02:47:37.392Z', 768);
INSERT INTO pet VALUES ('Petra', 'Priscilla.Emmerich27@yahoo.com', 'Duck', 'Vel quibusdam ipsa omnis corrupti fugiat accusamus.', 'Nobis maxime provident nesciunt suscipit est.');

INSERT INTO person VALUES ('Adele24@hotmail.com', 'Toney Vandervort', '$2b$10$KjlGkoYo.X.yATkN6hl68.WsL5voZcioK7lIlvQf6GmsW713ynUC6', '8692 Mikel Ports', 90451660, 'user', 'https://s3.amazonaws.com/uifaces/faces/twitter/m_kalibry/128.jpg');
INSERT INTO credit_card VALUES (3559300619190981, 'Adele24@hotmail.com', '2021-08-12T18:20:32.683Z', 569);
INSERT INTO pet VALUES ('Jayda', 'Adele24@hotmail.com', 'Chicken', 'Doloribus tempora ut.', 'Asperiores explicabo nihil ut molestias quis optio corporis.');
INSERT INTO pet VALUES ('Daphney', 'Adele24@hotmail.com', 'Peafowl', 'Omnis facere ut quos.', 'Tempore impedit accusamus dolores esse.');
INSERT INTO pet VALUES ('Anastasia', 'Adele24@hotmail.com', 'Guinea Fowl', 'Iste nisi commodi repellendus nihil qui aut ut.', 'Nobis tempore nostrum odit qui dolorem.');
INSERT INTO full_time_ct VALUES ('Adele24@hotmail.com');
INSERT INTO ft_specializes_in VALUES ('Adele24@hotmail.com', 'Duck', 8);

INSERT INTO person VALUES ('Okey_Pacocha10@gmail.com', 'Rolando Ferry', '$2b$10$KjlGkoYo.X.yATkN6hl68.k6CyTfIIf.R2HqpalLgsXtCky0oeP52', '84457 Bartoletti Mountain', 90536660, 'user', 'https://s3.amazonaws.com/uifaces/faces/twitter/normanbox/128.jpg');
INSERT INTO credit_card VALUES (6767235176132579, 'Okey_Pacocha10@gmail.com', '2023-01-09T06:01:46.304Z', 085);
INSERT INTO pet VALUES ('Hailie', 'Okey_Pacocha10@gmail.com', 'Mule', 'Doloribus mollitia et quam doloremque dicta.', 'Repellat ut ut temporibus.');
INSERT INTO pet VALUES ('Muhammad', 'Okey_Pacocha10@gmail.com', 'Pigeon', 'Magnam autem inventore reiciendis.', 'Ratione iure illo qui ut.');

INSERT INTO person VALUES ('Rossie.Kiehn24@gmail.com', 'Adolph Skiles', '$2b$10$KjlGkoYo.X.yATkN6hl68.zd1ShA1Op2ByIaZaRHNygfzyYadKg6O', '80221 Eugenia Ferry', 90471186, 'user', 'https://s3.amazonaws.com/uifaces/faces/twitter/bolzanmarco/128.jpg');

INSERT INTO person VALUES ('Kiera.Weimann11@hotmail.com', 'Hettie Thompson', '$2b$10$KjlGkoYo.X.yATkN6hl68.YoVAU.rIcYRV5Qt95cgiR7sAwJmsB5G', '39797 Hodkiewicz Wall', 90306639, 'user', 'https://s3.amazonaws.com/uifaces/faces/twitter/alevizio/128.jpg');
INSERT INTO credit_card VALUES (6515538524501901, 'Kiera.Weimann11@hotmail.com', '2021-04-03T07:18:02.229Z', 324);
INSERT INTO pet VALUES ('Kattie', 'Kiera.Weimann11@hotmail.com', 'Hedgehog', 'Et esse illum pariatur vel debitis.', 'Aut aut dicta qui facilis debitis.');

INSERT INTO person VALUES ('Shaylee11@gmail.com', 'Shayne Lindgren', '$2b$10$KjlGkoYo.X.yATkN6hl68./x8FqkF3Vffj9H6vkXWIsTQORGE4xJC', '0494 Legros Square', 90022980, 'user', 'https://s3.amazonaws.com/uifaces/faces/twitter/embrcecreations/128.jpg');
INSERT INTO credit_card VALUES (5291753964226550, 'Shaylee11@gmail.com', '2021-03-05T12:12:09.099Z', 118);
INSERT INTO pet VALUES ('Cassidy', 'Shaylee11@gmail.com', 'Cow', 'Commodi accusantium cupiditate laboriosam dolore itaque.', 'Consectetur a similique aliquam qui hic inventore tenetur.');
INSERT INTO pet VALUES ('Sandy', 'Shaylee11@gmail.com', 'Hamster', 'Sequi ad voluptatem perferendis quo unde praesentium.', 'Sit quo illum officia et ut dolores quia.');
INSERT INTO part_time_ct VALUES ('Shaylee11@gmail.com');
INSERT INTO pt_free_schedule VALUES ('Shaylee11@gmail.com', '2020-11-05T01:02:06.692Z', '2021-08-13T21:55:19.350Z');
INSERT INTO pt_specializes_in VALUES ('Shaylee11@gmail.com', 'Chinchilla', 10);
INSERT INTO pt_specializes_in VALUES ('Shaylee11@gmail.com', 'Ferret', 14);

INSERT INTO person VALUES ('Abbie68@gmail.com', 'Jody Gibson', '$2b$10$KjlGkoYo.X.yATkN6hl68.yUg1XFDAzj.tTmaHRQlY7CNBTUSdI4y', '81431 Juanita Wall', 90382999, 'user', 'https://s3.amazonaws.com/uifaces/faces/twitter/ismail_biltagi/128.jpg');

INSERT INTO person VALUES ('Mikel68@gmail.com', 'Ignacio Stoltenberg', '$2b$10$KjlGkoYo.X.yATkN6hl68.ULHV9tGXI42Eqft5bxpfTd2OafqOIoe', '6433 Littel Oval', 90469402, 'user', 'https://s3.amazonaws.com/uifaces/faces/twitter/charliegann/128.jpg');

INSERT INTO person VALUES ('Kendall0@gmail.com', 'Makayla Kling', '$2b$10$KjlGkoYo.X.yATkN6hl68.f4r6VadbHhZDOLkFTsEJ3BbWxmkrPhC', '5080 Jesus Causeway', 90546511, 'user', 'https://s3.amazonaws.com/uifaces/faces/twitter/eugeneeweb/128.jpg');
INSERT INTO full_time_ct VALUES ('Kendall0@gmail.com');
INSERT INTO ft_specializes_in VALUES ('Kendall0@gmail.com', 'Bearded Dragon', 4);

INSERT INTO person VALUES ('Claudine.Howell@hotmail.com', 'Orion Kshlerin', '$2b$10$KjlGkoYo.X.yATkN6hl68.fBs3b5MKa2LZLq4AtlmHfXH8M8MdSC.', '33738 Swaniawski Vista', 90916702, 'user', 'https://s3.amazonaws.com/uifaces/faces/twitter/jqiuss/128.jpg');
INSERT INTO part_time_ct VALUES ('Claudine.Howell@hotmail.com');
INSERT INTO pt_free_schedule VALUES ('Claudine.Howell@hotmail.com', '2020-11-04T18:45:36.154Z', '2020-12-28T06:28:19.885Z');

INSERT INTO person VALUES ('Cloyd17@hotmail.com', 'Theo Cruickshank', '$2b$10$KjlGkoYo.X.yATkN6hl68.eeMX2BKtO5Q5X2TVbCWmqqh6TiDnQ6a', '88344 Rebecca Trafficway', 90053214, 'user', 'https://s3.amazonaws.com/uifaces/faces/twitter/keryilmaz/128.jpg');

INSERT INTO person VALUES ('Itzel_Pfannerstill@hotmail.com', 'Leanna Hirthe', '$2b$10$KjlGkoYo.X.yATkN6hl68.6cDSz/zi1YJ/9idoanLT2mdvtV2.ZwG', '8912 Reilly Rapids', 90852844, 'user', 'https://s3.amazonaws.com/uifaces/faces/twitter/bobwassermann/128.jpg');
INSERT INTO full_time_ct VALUES ('Itzel_Pfannerstill@hotmail.com');
INSERT INTO ft_specializes_in VALUES ('Itzel_Pfannerstill@hotmail.com', 'Chinchilla', 2);
INSERT INTO ft_specializes_in VALUES ('Itzel_Pfannerstill@hotmail.com', 'Geese (Chinese Swan Goose)', 13);
INSERT INTO ft_specializes_in VALUES ('Itzel_Pfannerstill@hotmail.com', 'Mice', 19);

INSERT INTO person VALUES ('Alvena55@hotmail.com', 'Omari Blick', '$2b$10$KjlGkoYo.X.yATkN6hl68.FSm2hCVJgoFUXY5FLzZbWNjPTmizt2y', '73076 Lysanne Curve', 90790782, 'user', 'https://s3.amazonaws.com/uifaces/faces/twitter/eitarafa/128.jpg');

INSERT INTO person VALUES ('Alba_Hermiston@hotmail.com', 'Jamar Swift', '$2b$10$KjlGkoYo.X.yATkN6hl68.Z6X7MZV7UKl9.Vt/ZoOvLKFW5.QPlsC', '086 Cara Valley', 90164451, 'user', 'https://s3.amazonaws.com/uifaces/faces/twitter/geran7/128.jpg');

INSERT INTO person VALUES ('Johnpaul.Veum91@gmail.com', 'Loma Schiller', '$2b$10$KjlGkoYo.X.yATkN6hl68.Vlfv..BkNqGDSi79skluvV5FtgP81my', '495 Feeney Spring', 90417380, 'user', 'https://s3.amazonaws.com/uifaces/faces/twitter/brajeshwar/128.jpg');
INSERT INTO part_time_ct VALUES ('Johnpaul.Veum91@gmail.com');
INSERT INTO pt_free_schedule VALUES ('Johnpaul.Veum91@gmail.com', '2020-11-05T12:18:41.744Z', '2020-11-11T07:15:29.963Z');
INSERT INTO pt_specializes_in VALUES ('Johnpaul.Veum91@gmail.com', 'Bearded Dragon', 5);

INSERT INTO person VALUES ('Keon.Murazik28@hotmail.com', 'Clara OHara', '$2b$10$KjlGkoYo.X.yATkN6hl68.Gcga5OsZh7GN4I7FRv21qjusnmuhHg6', '186 Anderson Falls', 90563961, 'user', 'https://s3.amazonaws.com/uifaces/faces/twitter/oktayelipek/128.jpg');

INSERT INTO person VALUES ('Clementine_Ondricka55@yahoo.com', 'Toney Heller', '$2b$10$KjlGkoYo.X.yATkN6hl68.Urb1T.Bvn1HcC.6Jd8i7mCVWNnLHYG.', '576 Tillman Track', 90968350, 'user', 'https://s3.amazonaws.com/uifaces/faces/twitter/r_garcia/128.jpg');

INSERT INTO person VALUES ('Jace.Weimann6@gmail.com', 'Shaina Nicolas', '$2b$10$KjlGkoYo.X.yATkN6hl68.fhkklTQWs1QQVUUjhJX06lFoXHuSl7y', '85955 Alisha Fields', 90837227, 'user', 'https://s3.amazonaws.com/uifaces/faces/twitter/jordyvdboom/128.jpg');
INSERT INTO full_time_ct VALUES ('Jace.Weimann6@gmail.com');
INSERT INTO ft_specializes_in VALUES ('Jace.Weimann6@gmail.com', 'Ferret', 14);
INSERT INTO ft_specializes_in VALUES ('Jace.Weimann6@gmail.com', 'Iguana', 5);
INSERT INTO ft_specializes_in VALUES ('Jace.Weimann6@gmail.com', 'Pigeon', 12);

INSERT INTO person VALUES ('Chelsea57@gmail.com', 'Cassie Lindgren', '$2b$10$KjlGkoYo.X.yATkN6hl68..fklb.Bk681iv83VzYcsx.ZwruOM3eW', '275 Ubaldo Trace', 90604921, 'user', 'https://s3.amazonaws.com/uifaces/faces/twitter/the_winslet/128.jpg');
INSERT INTO part_time_ct VALUES ('Chelsea57@gmail.com');
INSERT INTO pt_free_schedule VALUES ('Chelsea57@gmail.com', '2020-11-05T06:26:36.511Z', '2021-04-25T04:23:47.283Z');
INSERT INTO pt_specializes_in VALUES ('Chelsea57@gmail.com', 'Bird', 17);
INSERT INTO pt_specializes_in VALUES ('Chelsea57@gmail.com', 'Mule', 16);

INSERT INTO person VALUES ('Ismael.Reichel@yahoo.com', 'Mateo Mertz', '$2b$10$KjlGkoYo.X.yATkN6hl68.QGHvwZZSUFBoOPLX9ZSUV80L2nnPq.K', '7210 Crooks Roads', 90764154, 'user', 'https://s3.amazonaws.com/uifaces/faces/twitter/wesleytrankin/128.jpg');
INSERT INTO credit_card VALUES (36811427561703, 'Ismael.Reichel@yahoo.com', '2020-11-28T04:42:50.668Z', 940);

INSERT INTO person VALUES ('Ulices92@gmail.com', 'Maudie Koelpin', '$2b$10$KjlGkoYo.X.yATkN6hl68.T.gEWjdCb5IbJQ57y9E8smsxIduWyg.', '44868 Kasandra Inlet', 90933999, 'user', 'https://s3.amazonaws.com/uifaces/faces/twitter/to_soham/128.jpg');
INSERT INTO credit_card VALUES (5492001085157230, 'Ulices92@gmail.com', '2021-03-05T11:34:14.088Z', 407);
INSERT INTO pet VALUES ('Arvilla', 'Ulices92@gmail.com', 'Dog', 'Fugit saepe voluptatem sed possimus est rerum repellat sunt enim.', 'Sapiente ipsum perferendis sequi quae ullam ex aut.');
INSERT INTO pet VALUES ('Orrin', 'Ulices92@gmail.com', 'Iguana', 'Rem consequatur officiis enim quas cupiditate sunt qui.', 'Cupiditate eligendi quasi dolores aliquam non ullam consequatur.');
INSERT INTO pet VALUES ('Alejandrin', 'Ulices92@gmail.com', 'Mice', 'Aut autem doloremque debitis est ea sed praesentium.', 'Aut sed facilis ad atque ipsa.');

INSERT INTO person VALUES ('Carlotta_Hamill92@gmail.com', 'Ernestina Kuhn', '$2b$10$KjlGkoYo.X.yATkN6hl68.VR3srHTBW/cHnAG6pBYHRH0pCPegz5i', '4212 Ortiz Pass', 90352577, 'user', 'https://s3.amazonaws.com/uifaces/faces/twitter/sterlingrules/128.jpg');
INSERT INTO credit_card VALUES (6304512648625883, 'Carlotta_Hamill92@gmail.com', '2024-09-04T03:07:56.386Z', 109);
INSERT INTO pet VALUES ('Agustina', 'Carlotta_Hamill92@gmail.com', 'Gecko', 'Laborum explicabo sit qui dolores quod voluptatem qui et doloremque.', 'Ut impedit eaque sit mollitia est.');
INSERT INTO pet VALUES ('Rosetta', 'Carlotta_Hamill92@gmail.com', 'Chicken', 'Omnis neque sit et aut totam voluptate sunt dignissimos.', 'Nihil cumque ex aspernatur rem neque id cupiditate necessitatibus.');
INSERT INTO pet VALUES ('Derrick', 'Carlotta_Hamill92@gmail.com', 'Pot Bellied Pig', 'Doloremque exercitationem placeat voluptas ducimus ratione pariatur voluptatem.', 'Id a nisi sed tenetur quaerat sit placeat.');
INSERT INTO part_time_ct VALUES ('Carlotta_Hamill92@gmail.com');
INSERT INTO pt_free_schedule VALUES ('Carlotta_Hamill92@gmail.com', '2020-11-04T20:34:18.121Z', '2021-07-12T02:36:55.641Z');
INSERT INTO pt_specializes_in VALUES ('Carlotta_Hamill92@gmail.com', 'Dog', 2);
INSERT INTO pt_specializes_in VALUES ('Carlotta_Hamill92@gmail.com', 'Mule', 20);
INSERT INTO pt_specializes_in VALUES ('Carlotta_Hamill92@gmail.com', 'Pig', 6);

INSERT INTO person VALUES ('Ernest79@yahoo.com', 'Myrtice Kertzmann', '$2b$10$KjlGkoYo.X.yATkN6hl68.o8b4SVD2cueeRgYqSUc6ka7Y5ei6izy', '3170 Pfannerstill Drives', 90692633, 'user', 'https://s3.amazonaws.com/uifaces/faces/twitter/karsh/128.jpg');
INSERT INTO credit_card VALUES (6580627490906236, 'Ernest79@yahoo.com', '2021-06-07T17:12:42.109Z', 230);
INSERT INTO pet VALUES ('Vita', 'Ernest79@yahoo.com', 'Cow', 'Ipsa id qui eos nam est ut magni nihil.', 'Corporis nihil magnam aut velit libero ea qui totam.');
INSERT INTO pet VALUES ('Yazmin', 'Ernest79@yahoo.com', 'Mule', 'Velit aliquid sed impedit magni est.', 'Vel blanditiis cum aut sed nisi voluptatem.');
INSERT INTO pet VALUES ('Magali', 'Ernest79@yahoo.com', 'Mice', 'Ut asperiores nesciunt.', 'Ex doloribus dolor omnis molestias vel dolor enim id.');

INSERT INTO person VALUES ('Reginald_Satterfield68@gmail.com', 'Carleton Romaguera', '$2b$10$KjlGkoYo.X.yATkN6hl68.mYgiZCem6ka5Ka4ckijJ2sCmUMlaQk6', '48505 Dach Flat', 90583641, 'user', 'https://s3.amazonaws.com/uifaces/faces/twitter/sreejithexp/128.jpg');
INSERT INTO credit_card VALUES (6392483100965653, 'Reginald_Satterfield68@gmail.com', '2022-01-22T06:08:28.135Z', 378);
INSERT INTO pet VALUES ('Shawn', 'Reginald_Satterfield68@gmail.com', 'Pigeon', 'Voluptatum voluptatem exercitationem odit assumenda et ab id.', 'Explicabo asperiores voluptatem architecto dolor nesciunt quo.');
INSERT INTO pet VALUES ('Enrique', 'Reginald_Satterfield68@gmail.com', 'Dog', 'Dolores ab at voluptas deserunt ut officia minima sapiente molestiae.', 'Impedit alias consectetur.');
INSERT INTO pet VALUES ('Elissa', 'Reginald_Satterfield68@gmail.com', 'Donkey', 'Ut enim et minima vel quod accusamus.', 'Dolores fugiat explicabo deserunt dolorem magnam totam explicabo qui.');

INSERT INTO person VALUES ('Tamia_Fisher40@yahoo.com', 'Dovie Armstrong', '$2b$10$KjlGkoYo.X.yATkN6hl68.d.8VuYSbKS9h/V1rcwqo7Mmb/fj09G.', '678 Nikolaus Court', 90316138, 'user', 'https://s3.amazonaws.com/uifaces/faces/twitter/darylws/128.jpg');
INSERT INTO credit_card VALUES (6771890281279368, 'Tamia_Fisher40@yahoo.com', '2021-08-23T18:41:19.998Z', 415);
INSERT INTO pet VALUES ('Trycia', 'Tamia_Fisher40@yahoo.com', 'Chinchilla', 'Nemo dolores voluptas architecto fuga sed error aut doloribus hic.', 'Vitae magni et rem nulla odio sint veniam.');
INSERT INTO pet VALUES ('Floy', 'Tamia_Fisher40@yahoo.com', 'Dog', 'Sunt perspiciatis doloremque ut vel ut sit.', 'Sequi deleniti nisi quo consequatur.');
INSERT INTO pet VALUES ('Mikel', 'Tamia_Fisher40@yahoo.com', 'Chinchilla', 'Maxime culpa est in expedita alias et perspiciatis voluptatem esse.', 'Praesentium veniam sunt rerum eos nesciunt deleniti sapiente quia.');

INSERT INTO person VALUES ('Lincoln53@yahoo.com', 'Colby Gutmann', '$2b$10$KjlGkoYo.X.yATkN6hl68.0uCDULctWiC3lJmKgLgsG80i8SYm77S', '634 Katarina Path', 90131381, 'user', 'https://s3.amazonaws.com/uifaces/faces/twitter/barputro/128.jpg');

INSERT INTO person VALUES ('Marilie_Conn37@gmail.com', 'Alta Kuvalis', '$2b$10$KjlGkoYo.X.yATkN6hl68.O3WCRvBNeFXyYrYABLWpMLTerbKrVRy', '99759 Axel Summit', 90878281, 'user', 'https://s3.amazonaws.com/uifaces/faces/twitter/mandalareopens/128.jpg');
INSERT INTO credit_card VALUES (5499239855624400, 'Marilie_Conn37@gmail.com', '2021-06-03T05:45:31.746Z', 409);
INSERT INTO part_time_ct VALUES ('Marilie_Conn37@gmail.com');
INSERT INTO pt_free_schedule VALUES ('Marilie_Conn37@gmail.com', '2020-11-04T19:45:49.134Z', '2021-08-15T07:27:02.683Z');

INSERT INTO person VALUES ('Britney68@yahoo.com', 'Clinton Nikolaus', '$2b$10$KjlGkoYo.X.yATkN6hl68.GsTsO9qm2C/TULgMiuOqzSXxK0BcvkK', '6618 Alek Drive', 90560359, 'user', 'https://s3.amazonaws.com/uifaces/faces/twitter/motionthinks/128.jpg');

INSERT INTO person VALUES ('Elmo.Bosco90@gmail.com', 'Gennaro Prohaska', '$2b$10$KjlGkoYo.X.yATkN6hl68.LLsPB20HadtxGGhWag0eYb9hQYmohBS', '1571 Abbott Track', 90767394, 'user', 'https://s3.amazonaws.com/uifaces/faces/twitter/orkuncaylar/128.jpg');
INSERT INTO credit_card VALUES (5482228302474500, 'Elmo.Bosco90@gmail.com', '2022-03-14T08:52:09.902Z', 480);
INSERT INTO pet VALUES ('Samson', 'Elmo.Bosco90@gmail.com', 'Iguana', 'Qui voluptatem qui.', 'Velit totam facere sequi enim non.');

INSERT INTO person VALUES ('Ned_Tillman@gmail.com', 'Ole Little', '$2b$10$KjlGkoYo.X.yATkN6hl68.qc9QgDZEQnYEEFQiyTXlmdxGbzthfre', '88794 Skyla Skyway', 90349656, 'user', 'https://s3.amazonaws.com/uifaces/faces/twitter/konus/128.jpg');
INSERT INTO full_time_ct VALUES ('Ned_Tillman@gmail.com');
INSERT INTO ft_specializes_in VALUES ('Ned_Tillman@gmail.com', 'Burro', 10);

INSERT INTO person VALUES ('Lavina.Hudson@gmail.com', 'Barry Collins', '$2b$10$KjlGkoYo.X.yATkN6hl68.8cRqcSOBqQou0QEm4tVLtZtwANiU6zu', '5661 Flavio Haven', 90091559, 'user', 'https://s3.amazonaws.com/uifaces/faces/twitter/nacho/128.jpg');
INSERT INTO full_time_ct VALUES ('Lavina.Hudson@gmail.com');
INSERT INTO ft_specializes_in VALUES ('Lavina.Hudson@gmail.com', 'Ponie', 14);

INSERT INTO person VALUES ('Moses.Terry@hotmail.com', 'Jamaal Welch', '$2b$10$KjlGkoYo.X.yATkN6hl68.pXw.70ncDMvNss.qzGYFSs3kXIFmqO2', '61642 Van Lakes', 90468273, 'user', 'https://s3.amazonaws.com/uifaces/faces/twitter/tur8le/128.jpg');
INSERT INTO part_time_ct VALUES ('Moses.Terry@hotmail.com');
INSERT INTO pt_free_schedule VALUES ('Moses.Terry@hotmail.com', '2020-11-04T23:35:45.196Z', '2021-05-02T23:33:51.296Z');

INSERT INTO person VALUES ('Aleen_Mohr@hotmail.com', 'Gloria Witting', '$2b$10$KjlGkoYo.X.yATkN6hl68.bPHFuJEsi90dK4G2tKvXFtOYFj.MMOi', '41885 Julio Mountain', 90501087, 'user', 'https://s3.amazonaws.com/uifaces/faces/twitter/atariboy/128.jpg');
INSERT INTO part_time_ct VALUES ('Aleen_Mohr@hotmail.com');
INSERT INTO pt_free_schedule VALUES ('Aleen_Mohr@hotmail.com', '2020-11-04T17:52:25.921Z', '2021-04-05T07:24:37.146Z');
INSERT INTO pt_specializes_in VALUES ('Aleen_Mohr@hotmail.com', 'Cow', 11);
INSERT INTO pt_specializes_in VALUES ('Aleen_Mohr@hotmail.com', 'Fish', 13);
INSERT INTO pt_specializes_in VALUES ('Aleen_Mohr@hotmail.com', 'Mice', 4);

INSERT INTO person VALUES ('Genevieve79@yahoo.com', 'Furman Marvin', '$2b$10$KjlGkoYo.X.yATkN6hl68.haJQkrAZ0kb5ilulM9zdtuaSOtN1sTq', '3582 Frederic Manor', 90414384, 'user', 'https://s3.amazonaws.com/uifaces/faces/twitter/joki4/128.jpg');
INSERT INTO full_time_ct VALUES ('Genevieve79@yahoo.com');
INSERT INTO ft_specializes_in VALUES ('Genevieve79@yahoo.com', 'Donkey', 10);
INSERT INTO ft_specializes_in VALUES ('Genevieve79@yahoo.com', 'Duck', 4);
INSERT INTO ft_specializes_in VALUES ('Genevieve79@yahoo.com', 'Pot Bellied Pig', 9);

INSERT INTO person VALUES ('Samson_Schulist@yahoo.com', 'Granville Skiles', '$2b$10$KjlGkoYo.X.yATkN6hl68.rsm1UrsEBqwit2S.7mm3f.NZd14Bim2', '5488 Buck Plains', 90286531, 'user', 'https://s3.amazonaws.com/uifaces/faces/twitter/sweetdelisa/128.jpg');
INSERT INTO credit_card VALUES (6759563797309773, 'Samson_Schulist@yahoo.com', '2021-09-25T08:25:24.452Z', 552);
INSERT INTO pet VALUES ('Nathanial', 'Samson_Schulist@yahoo.com', 'Chinese Water Dragon', 'Voluptatem quis cum beatae alias omnis ad.', 'Hic doloribus consequatur.');
INSERT INTO pet VALUES ('Uriel', 'Samson_Schulist@yahoo.com', 'Bird', 'Tempore amet quibusdam dicta.', 'Repellat vel praesentium.');

INSERT INTO person VALUES ('Noemy36@gmail.com', 'Ardella Miller', '$2b$10$KjlGkoYo.X.yATkN6hl68.gr9p3JbuOvUkRJL0Z4nCA.ChxoWStCe', '5343 Sofia Plains', 90130240, 'user', 'https://s3.amazonaws.com/uifaces/faces/twitter/wearesavas/128.jpg');
INSERT INTO credit_card VALUES (4532747069954858, 'Noemy36@gmail.com', '2021-08-27T01:08:18.720Z', 664);
INSERT INTO pet VALUES ('Johathan', 'Noemy36@gmail.com', 'Goat', 'Laudantium molestias neque sed soluta ut autem.', 'Asperiores sunt iure necessitatibus consequatur aut nihil voluptas sed.');
INSERT INTO part_time_ct VALUES ('Noemy36@gmail.com');
INSERT INTO pt_free_schedule VALUES ('Noemy36@gmail.com', '2020-11-04T19:25:36.653Z', '2021-02-12T13:51:32.404Z');
INSERT INTO pt_specializes_in VALUES ('Noemy36@gmail.com', 'Donkey', 15);
INSERT INTO pt_specializes_in VALUES ('Noemy36@gmail.com', 'Llama', 6);

INSERT INTO person VALUES ('Janie.Streich@hotmail.com', 'May Marvin', '$2b$10$KjlGkoYo.X.yATkN6hl68.Yi.0KpDzB.go2zn4C0iieWJiSgxDMAS', '04771 Anderson Roads', 90999585, 'user', 'https://s3.amazonaws.com/uifaces/faces/twitter/jasonmarkjones/128.jpg');
INSERT INTO credit_card VALUES (6759922322486825, 'Janie.Streich@hotmail.com', '2021-03-02T06:13:21.186Z', 672);
INSERT INTO part_time_ct VALUES ('Janie.Streich@hotmail.com');
INSERT INTO pt_free_schedule VALUES ('Janie.Streich@hotmail.com', '2020-11-05T07:07:36.552Z', '2020-11-21T07:38:17.394Z');

INSERT INTO person VALUES ('Ross.Murray0@gmail.com', 'Dorcas Effertz', '$2b$10$KjlGkoYo.X.yATkN6hl68.Em0aVonlSMvBIq6uLFP7lZSKhT4zApS', '39260 Jakubowski Islands', 90955550, 'user', 'https://s3.amazonaws.com/uifaces/faces/twitter/janpalounek/128.jpg');
INSERT INTO credit_card VALUES (3528314407469255, 'Ross.Murray0@gmail.com', '2021-04-05T07:34:58.684Z', 575);
INSERT INTO pet VALUES ('Woodrow', 'Ross.Murray0@gmail.com', 'Iguana', 'Dicta voluptas modi aut ex.', 'Quisquam aut accusamus.');
INSERT INTO pet VALUES ('Ayden', 'Ross.Murray0@gmail.com', 'Peafowl', 'Dolores odio ducimus.', 'Iste ut sed mollitia error odit.');
INSERT INTO pet VALUES ('Christ', 'Ross.Murray0@gmail.com', 'Guinea Pig', 'Distinctio alias perferendis reiciendis.', 'Facere ex dolores quaerat reprehenderit itaque itaque asperiores beatae.');

INSERT INTO person VALUES ('Zion.Padberg97@gmail.com', 'Kaylie Predovic', '$2b$10$KjlGkoYo.X.yATkN6hl68.4iizys3vTRS5wuEVBIMNCaSNHw86a36', '709 Garett Turnpike', 90240504, 'user', 'https://s3.amazonaws.com/uifaces/faces/twitter/namankreative/128.jpg');
INSERT INTO part_time_ct VALUES ('Zion.Padberg97@gmail.com');
INSERT INTO pt_free_schedule VALUES ('Zion.Padberg97@gmail.com', '2020-11-05T04:59:27.117Z', '2020-11-07T17:33:11.993Z');
INSERT INTO pt_specializes_in VALUES ('Zion.Padberg97@gmail.com', 'Donkey', 9);

INSERT INTO person VALUES ('Santino85@yahoo.com', 'Ivory Raynor', '$2b$10$KjlGkoYo.X.yATkN6hl68.fEOjJXrRDJtlwJrHVhAykc6n2bEdyju', '6436 Chloe Club', 90465198, 'user', 'https://s3.amazonaws.com/uifaces/faces/twitter/ashocka18/128.jpg');
INSERT INTO full_time_ct VALUES ('Santino85@yahoo.com');
INSERT INTO ft_specializes_in VALUES ('Santino85@yahoo.com', 'Ferret', 3);
INSERT INTO ft_specializes_in VALUES ('Santino85@yahoo.com', 'Horse', 0);
INSERT INTO ft_specializes_in VALUES ('Santino85@yahoo.com', 'Hog', 13);

INSERT INTO person VALUES ('Norbert_McCullough@yahoo.com', 'Eliane Blanda', '$2b$10$KjlGkoYo.X.yATkN6hl68.EFK.AnHNB2CD8eyXALXMTyB1PrTX5xC', '02717 Rachel Courts', 90664001, 'user', 'https://s3.amazonaws.com/uifaces/faces/twitter/jervo/128.jpg');

INSERT INTO person VALUES ('Chanel.Ernser88@hotmail.com', 'Taryn Bashirian', '$2b$10$KjlGkoYo.X.yATkN6hl68.yzAPpHQAUJyWWTsZMUsgG804VMYbbv6', '056 Jamal Inlet', 90603475, 'user', 'https://s3.amazonaws.com/uifaces/faces/twitter/h1brd/128.jpg');

INSERT INTO person VALUES ('Jarrett92@hotmail.com', 'Izaiah Yost', '$2b$10$KjlGkoYo.X.yATkN6hl68.qIXqAj5gMFR.T3.8.W2tf73d/TXjJ5y', '4247 Hills Parkways', 90044073, 'user', 'https://s3.amazonaws.com/uifaces/faces/twitter/cynthiasavard/128.jpg');
INSERT INTO credit_card VALUES (4805652292883, 'Jarrett92@hotmail.com', '2020-12-30T17:13:41.868Z', 732);
INSERT INTO pet VALUES ('Elsa', 'Jarrett92@hotmail.com', 'Lizard', 'Blanditiis tenetur molestiae et.', 'Libero in natus aut consectetur recusandae sed sunt qui.');
INSERT INTO part_time_ct VALUES ('Jarrett92@hotmail.com');
INSERT INTO pt_free_schedule VALUES ('Jarrett92@hotmail.com', '2020-11-05T08:28:21.694Z', '2021-02-26T10:51:18.742Z');
INSERT INTO pt_specializes_in VALUES ('Jarrett92@hotmail.com', 'Ferret', 1);
INSERT INTO pt_specializes_in VALUES ('Jarrett92@hotmail.com', 'Fish', 18);
INSERT INTO pt_specializes_in VALUES ('Jarrett92@hotmail.com', 'Hamster', 12);

INSERT INTO person VALUES ('Floy.Crona@hotmail.com', 'Geraldine Reichel', '$2b$10$KjlGkoYo.X.yATkN6hl68.lWLeZkGT6KG9tOSc6GULy.Sw6ijpBHu', '7186 Omer Forest', 90542058, 'user', 'https://s3.amazonaws.com/uifaces/faces/twitter/flexrs/128.jpg');
INSERT INTO credit_card VALUES (6386131921123998, 'Floy.Crona@hotmail.com', '2022-10-31T13:55:44.499Z', 494);

INSERT INTO person VALUES ('Miguel.Kuhic72@yahoo.com', 'Oscar King', '$2b$10$KjlGkoYo.X.yATkN6hl68.cW908b2461hL4XZGVgBT8qRYmGV0KfO', '8311 Leopold Field', 90807277, 'user', 'https://s3.amazonaws.com/uifaces/faces/twitter/daykiine/128.jpg');
INSERT INTO credit_card VALUES (6759700589200760, 'Miguel.Kuhic72@yahoo.com', '2023-05-24T13:40:25.306Z', 116);
INSERT INTO pet VALUES ('Tillman', 'Miguel.Kuhic72@yahoo.com', 'Hog', 'Dicta ratione nihil ea est veniam necessitatibus incidunt non.', 'Et fuga est quam esse et.');
INSERT INTO pet VALUES ('Ella', 'Miguel.Kuhic72@yahoo.com', 'Burro', 'Nisi eos nulla non aliquam aspernatur voluptatem ex fugit.', 'A velit qui enim.');

INSERT INTO person VALUES ('Sylvia.VonRueden@yahoo.com', 'Coty Aufderhar', '$2b$10$KjlGkoYo.X.yATkN6hl68.o3gNKACEDc8MafrrhG9h2kVh.nI.euS', '1428 Axel Mountains', 90144268, 'user', 'https://s3.amazonaws.com/uifaces/faces/twitter/cybind/128.jpg');
INSERT INTO full_time_ct VALUES ('Sylvia.VonRueden@yahoo.com');
INSERT INTO ft_specializes_in VALUES ('Sylvia.VonRueden@yahoo.com', 'Lizard', 16);

INSERT INTO person VALUES ('Rylee_McGlynn@yahoo.com', 'Burdette Davis', '$2b$10$KjlGkoYo.X.yATkN6hl68.5lqtdMk.7idaqROnrO0VgOlLxMaNloy', '46632 Kunze Rapids', 90756314, 'user', 'https://s3.amazonaws.com/uifaces/faces/twitter/twittypork/128.jpg');

INSERT INTO person VALUES ('Rodrigo_Metz@hotmail.com', 'Meagan Kemmer', '$2b$10$KjlGkoYo.X.yATkN6hl68.lnfm6eHOJ0X0e9UbpZTWmvZEd7PZCEy', '4234 Ferry Lane', 90767188, 'user', 'https://s3.amazonaws.com/uifaces/faces/twitter/sterlingrules/128.jpg');
INSERT INTO credit_card VALUES (5038026109895983, 'Rodrigo_Metz@hotmail.com', '2021-07-01T19:51:00.476Z', 484);
INSERT INTO pet VALUES ('Angus', 'Rodrigo_Metz@hotmail.com', 'Gecko', 'Neque aut alias tempore cupiditate tenetur fugit voluptas architecto optio.', 'Et nisi et eum sed nulla.');
INSERT INTO pet VALUES ('Marlin', 'Rodrigo_Metz@hotmail.com', 'Hamster', 'Voluptatem labore odit repellendus deleniti laudantium aut sed dicta et.', 'Et distinctio maxime aut quasi.');
INSERT INTO part_time_ct VALUES ('Rodrigo_Metz@hotmail.com');
INSERT INTO pt_free_schedule VALUES ('Rodrigo_Metz@hotmail.com', '2020-11-05T07:24:58.034Z', '2021-05-18T10:07:24.536Z');

INSERT INTO person VALUES ('Norbert.Nienow@hotmail.com', 'Gerry Walter', '$2b$10$KjlGkoYo.X.yATkN6hl68.Tch/sZom7zK1YCqX.zKJIJYm5g/5RGe', '6981 Hermiston Hill', 90183544, 'user', 'https://s3.amazonaws.com/uifaces/faces/twitter/chrisvanderkooi/128.jpg');

INSERT INTO person VALUES ('Bethel0@yahoo.com', 'Taurean Ernser', '$2b$10$KjlGkoYo.X.yATkN6hl68.vXHFwyGyfL9D1gbQLVtC5i38xAu/2fa', '77266 Sterling Inlet', 90553372, 'user', 'https://s3.amazonaws.com/uifaces/faces/twitter/uxward/128.jpg');

INSERT INTO person VALUES ('Pete67@yahoo.com', 'Xzavier Reichel', '$2b$10$KjlGkoYo.X.yATkN6hl68.C/PAfqcmaOzIV2lWisvxQV31SDyY.3W', '27813 Otho Cove', 90616001, 'user', 'https://s3.amazonaws.com/uifaces/faces/twitter/brandonburke/128.jpg');

INSERT INTO person VALUES ('Lonie.Russel72@hotmail.com', 'Teresa Mayert', '$2b$10$KjlGkoYo.X.yATkN6hl68.Z6Onk6weY8QNcbaE/Nll6gpWPnBgxrK', '905 Torp Station', 90740896, 'user', 'https://s3.amazonaws.com/uifaces/faces/twitter/maxlinderman/128.jpg');
INSERT INTO full_time_ct VALUES ('Lonie.Russel72@hotmail.com');

INSERT INTO person VALUES ('Elias_Rowe18@yahoo.com', 'Mona Miller', '$2b$10$KjlGkoYo.X.yATkN6hl68.UyggabFVVlhRLKR.5C3XMW48rAfBYpu', '063 Kiehn Rue', 90628580, 'user', 'https://s3.amazonaws.com/uifaces/faces/twitter/laasli/128.jpg');

INSERT INTO person VALUES ('Mittie37@hotmail.com', 'Fern Wilkinson', '$2b$10$KjlGkoYo.X.yATkN6hl68.3Fv82CNETHWXUtLA58HGjP7yJTxa6Hy', '229 Sauer Inlet', 90875902, 'user', 'https://s3.amazonaws.com/uifaces/faces/twitter/mrebay007/128.jpg');
INSERT INTO credit_card VALUES (342019492929554, 'Mittie37@hotmail.com', '2021-01-15T17:53:08.005Z', 045);
INSERT INTO pet VALUES ('Ceasar', 'Mittie37@hotmail.com', 'Geese (Chinese Swan Goose)', 'Vel fugiat voluptas autem et eos.', 'Voluptatibus laboriosam ab voluptatem provident.');

INSERT INTO person VALUES ('Lew_Hermann@yahoo.com', 'Charlotte Bruen', '$2b$10$KjlGkoYo.X.yATkN6hl68.sMGbzwBHpmKn84P8xXiES0mff30y9om', '7799 Erdman Ridge', 90949677, 'user', 'https://s3.amazonaws.com/uifaces/faces/twitter/jghyllebert/128.jpg');
INSERT INTO credit_card VALUES (6706373032391760, 'Lew_Hermann@yahoo.com', '2021-06-23T11:02:38.002Z', 779);
INSERT INTO pet VALUES ('Emelia', 'Lew_Hermann@yahoo.com', 'Donkey', 'Nihil blanditiis soluta.', 'Perspiciatis accusamus quis rerum eius aliquam alias.');
INSERT INTO pet VALUES ('Elna', 'Lew_Hermann@yahoo.com', 'Goat', 'Magnam fuga atque consequatur quia id velit est.', 'Assumenda qui quo iste.');

INSERT INTO person VALUES ('Adan_Lemke64@gmail.com', 'Kane Kunde', '$2b$10$KjlGkoYo.X.yATkN6hl68.pPK8dNnHY6CnDkZ6BScOnULzaWBVE.W', '5068 Wilderman Mills', 90333042, 'user', 'https://s3.amazonaws.com/uifaces/faces/twitter/andrewarrow/128.jpg');
INSERT INTO full_time_ct VALUES ('Adan_Lemke64@gmail.com');
INSERT INTO ft_specializes_in VALUES ('Adan_Lemke64@gmail.com', 'Hamster', 5);

INSERT INTO person VALUES ('Brain_Mosciski@yahoo.com', 'Theodora Homenick', '$2b$10$KjlGkoYo.X.yATkN6hl68.klHcAF3jk1QADS7x7QiurAE9u8BouZG', '9511 Ledner Course', 90006730, 'user', 'https://s3.amazonaws.com/uifaces/faces/twitter/andrewabogado/128.jpg');
INSERT INTO credit_card VALUES (6759429894684908, 'Brain_Mosciski@yahoo.com', '2022-09-01T09:21:42.843Z', 874);

INSERT INTO person VALUES ('Emily_Thompson16@hotmail.com', 'Alice McClure', '$2b$10$KjlGkoYo.X.yATkN6hl68.lyUe9hpV.Qs3d/5Lkkzvf71W5QFqHbe', '03366 Jovany Corner', 90729132, 'user', 'https://s3.amazonaws.com/uifaces/faces/twitter/shadeed9/128.jpg');
INSERT INTO credit_card VALUES (5018640217500214, 'Emily_Thompson16@hotmail.com', '2023-10-25T16:16:47.881Z', 056);
INSERT INTO pet VALUES ('Maximus', 'Emily_Thompson16@hotmail.com', 'Gerbil', 'Sapiente ea aliquid.', 'Harum ut corporis aliquid exercitationem commodi.');
INSERT INTO full_time_ct VALUES ('Emily_Thompson16@hotmail.com');
INSERT INTO ft_specializes_in VALUES ('Emily_Thompson16@hotmail.com', 'Bearded Dragon', 5);
INSERT INTO ft_specializes_in VALUES ('Emily_Thompson16@hotmail.com', 'Gecko', 8);
INSERT INTO ft_specializes_in VALUES ('Emily_Thompson16@hotmail.com', 'Geese (Chinese Swan Goose)', 16);

INSERT INTO person VALUES ('Alaina_Wuckert75@yahoo.com', 'Allison Kling', '$2b$10$KjlGkoYo.X.yATkN6hl68.Wue5RMuup5La4YNIxvoAh7VZ2epRKBq', '89688 Willie Lakes', 90723511, 'user', 'https://s3.amazonaws.com/uifaces/faces/twitter/cloudstudio/128.jpg');

INSERT INTO person VALUES ('Clarabelle49@yahoo.com', 'Florine Hartmann', '$2b$10$KjlGkoYo.X.yATkN6hl68.AasIRhGdMIA9D8MFPRuvOdLuy0Rr6qm', '5420 Ondricka Cliff', 90481201, 'user', 'https://s3.amazonaws.com/uifaces/faces/twitter/vivekprvr/128.jpg');
INSERT INTO credit_card VALUES (3585252801190552, 'Clarabelle49@yahoo.com', '2024-08-01T18:26:46.543Z', 236);
INSERT INTO part_time_ct VALUES ('Clarabelle49@yahoo.com');
INSERT INTO pt_free_schedule VALUES ('Clarabelle49@yahoo.com', '2020-11-04T19:15:28.483Z', '2021-08-07T00:41:23.211Z');
INSERT INTO pt_specializes_in VALUES ('Clarabelle49@yahoo.com', 'Donkey', 9);
INSERT INTO pt_specializes_in VALUES ('Clarabelle49@yahoo.com', 'Ponie', 8);

INSERT INTO person VALUES ('Waldo79@hotmail.com', 'Dangelo Grant', '$2b$10$KjlGkoYo.X.yATkN6hl68.MB1CTCyGwp6UTRhDiiugPSYzkT5QLfi', '24769 Abbie Crossroad', 90512139, 'user', 'https://s3.amazonaws.com/uifaces/faces/twitter/coderdiaz/128.jpg');
INSERT INTO credit_card VALUES (6396738468533227, 'Waldo79@hotmail.com', '2020-11-26T23:17:04.346Z', 959);

INSERT INTO person VALUES ('Frank22@hotmail.com', 'Terrance Kilback', '$2b$10$KjlGkoYo.X.yATkN6hl68.VDtT8nimlUn2Kx4vOLt0/WD2RKtKN56', '642 Deven Extension', 90800540, 'user', 'https://s3.amazonaws.com/uifaces/faces/twitter/nilshoenson/128.jpg');

INSERT INTO person VALUES ('Leland.Yost@gmail.com', 'Jaquelin Bahringer', '$2b$10$KjlGkoYo.X.yATkN6hl68.lBShXW/3ePavTSoFzQgFHKeYkDq6OOS', '7031 Wisozk Ford', 90462505, 'user', 'https://s3.amazonaws.com/uifaces/faces/twitter/primozcigler/128.jpg');
INSERT INTO full_time_ct VALUES ('Leland.Yost@gmail.com');
INSERT INTO ft_specializes_in VALUES ('Leland.Yost@gmail.com', 'Gerbil', 18);

INSERT INTO person VALUES ('Vickie91@hotmail.com', 'Lon Bernier', '$2b$10$KjlGkoYo.X.yATkN6hl68.ILUVbt5eUOW3qotUcnm8CBVMK7MzIiW', '1702 Littel Pine', 90288485, 'user', 'https://s3.amazonaws.com/uifaces/faces/twitter/sandywoodruff/128.jpg');
INSERT INTO credit_card VALUES (6759075157651514, 'Vickie91@hotmail.com', '2021-08-03T08:24:08.210Z', 481);
INSERT INTO pet VALUES ('Brett', 'Vickie91@hotmail.com', 'Pig', 'Aut omnis sequi voluptatem et et culpa.', 'Aut esse eos.');
INSERT INTO pet VALUES ('Rico', 'Vickie91@hotmail.com', 'Goat', 'Voluptas molestias sunt.', 'Eveniet incidunt cupiditate.');
INSERT INTO pet VALUES ('Esteban', 'Vickie91@hotmail.com', 'Lizard', 'Ut inventore illum ex maiores et voluptate modi.', 'Omnis et fugiat deserunt similique ut nihil in vel fuga.');
INSERT INTO full_time_ct VALUES ('Vickie91@hotmail.com');

INSERT INTO person VALUES ('Karlee.Dicki@gmail.com', 'Krystal Daugherty', '$2b$10$KjlGkoYo.X.yATkN6hl68.XW/CZITX8b9cIe.E5octw0plXfEPEKq', '6617 Jess Island', 90675758, 'user', 'https://s3.amazonaws.com/uifaces/faces/twitter/okandungel/128.jpg');
INSERT INTO full_time_ct VALUES ('Karlee.Dicki@gmail.com');
INSERT INTO ft_specializes_in VALUES ('Karlee.Dicki@gmail.com', 'Geese (Chinese Swan Goose)', 14);
INSERT INTO ft_specializes_in VALUES ('Karlee.Dicki@gmail.com', 'Iguana', 14);
INSERT INTO ft_specializes_in VALUES ('Karlee.Dicki@gmail.com', 'Rabbit', 6);

INSERT INTO person VALUES ('Katrina29@hotmail.com', 'Leon Langworth', '$2b$10$KjlGkoYo.X.yATkN6hl68.7ydESIqqmqOy6kdP3KuWcpH23lV134O', '7875 Alessandra Vista', 90229631, 'user', 'https://s3.amazonaws.com/uifaces/faces/twitter/deviljho_/128.jpg');
INSERT INTO credit_card VALUES (6304340219574633, 'Katrina29@hotmail.com', '2021-02-27T07:41:17.391Z', 448);
INSERT INTO pet VALUES ('Eulalia', 'Katrina29@hotmail.com', 'Rabbit', 'Sit animi consequuntur exercitationem.', 'Aperiam id quo.');
INSERT INTO pet VALUES ('Nelle', 'Katrina29@hotmail.com', 'Pig', 'Corrupti dolor aspernatur nisi maiores cupiditate ratione molestiae.', 'Esse minima sapiente.');
INSERT INTO pet VALUES ('Cordell', 'Katrina29@hotmail.com', 'Gecko', 'Modi et et quo sit totam accusamus quibusdam eos ducimus.', 'Magni dolor praesentium.');

INSERT INTO person VALUES ('Florian.Kertzmann@gmail.com', 'Lyda Kassulke', '$2b$10$KjlGkoYo.X.yATkN6hl68.eStwOK6y1PZskvgoswqPFE2FyErPKxG', '9689 Amya Island', 90080228, 'user', 'https://s3.amazonaws.com/uifaces/faces/twitter/SlaapMe/128.jpg');

INSERT INTO person VALUES ('Alf.Kunze@hotmail.com', 'Lamont Kuhn', '$2b$10$KjlGkoYo.X.yATkN6hl68.dGnNDfj/KQbSn3PfvEQX2UBjUe4wo6.', '4335 Kathleen Cove', 90421048, 'user', 'https://s3.amazonaws.com/uifaces/faces/twitter/el_fuertisimo/128.jpg');
INSERT INTO credit_card VALUES (30037926342603, 'Alf.Kunze@hotmail.com', '2024-06-15T06:09:24.595Z', 520);
INSERT INTO pet VALUES ('Noe', 'Alf.Kunze@hotmail.com', 'Llama', 'Nostrum minima eaque nihil ut et.', 'Commodi fuga corporis quisquam minus eos illum.');
INSERT INTO pet VALUES ('Delia', 'Alf.Kunze@hotmail.com', 'Hedgehog', 'Aliquam quae blanditiis aut cum rerum.', 'Commodi commodi minus optio beatae aut consequatur aut consequatur voluptatem.');
INSERT INTO pet VALUES ('Tanya', 'Alf.Kunze@hotmail.com', 'Chinese Water Dragon', 'Voluptas perspiciatis aut perferendis cumque molestias excepturi provident.', 'Autem rerum soluta eos veritatis asperiores rerum et aut omnis.');
INSERT INTO full_time_ct VALUES ('Alf.Kunze@hotmail.com');
INSERT INTO ft_specializes_in VALUES ('Alf.Kunze@hotmail.com', 'Chinchilla', 3);

INSERT INTO person VALUES ('Celestino.Adams71@gmail.com', 'Carmella Becker', '$2b$10$KjlGkoYo.X.yATkN6hl68.yFw9BJXkIB6lkFPo4PHGc7ZPy3ijUsq', '39324 Amari Common', 90902225, 'user', 'https://s3.amazonaws.com/uifaces/faces/twitter/marakasina/128.jpg');

INSERT INTO person VALUES ('Natalie93@yahoo.com', 'Alanis Anderson', '$2b$10$KjlGkoYo.X.yATkN6hl68.BQV8jwIS/hXunoee7xVEXygdDZpXMca', '9015 Lesch Plains', 90053834, 'user', 'https://s3.amazonaws.com/uifaces/faces/twitter/vimarethomas/128.jpg');

INSERT INTO person VALUES ('Mallie_Turner95@gmail.com', 'Winston Ebert', '$2b$10$KjlGkoYo.X.yATkN6hl68.g/uB0ckBDrdvU9o9ED..A3N0NJ0VQYy', '482 Mylene Park', 90697691, 'user', 'https://s3.amazonaws.com/uifaces/faces/twitter/heyimjuani/128.jpg');
INSERT INTO part_time_ct VALUES ('Mallie_Turner95@gmail.com');
INSERT INTO pt_free_schedule VALUES ('Mallie_Turner95@gmail.com', '2020-11-05T10:16:40.946Z', '2021-09-20T03:58:32.043Z');
INSERT INTO pt_specializes_in VALUES ('Mallie_Turner95@gmail.com', 'Bird', 0);
INSERT INTO pt_specializes_in VALUES ('Mallie_Turner95@gmail.com', 'Guinea Pig', 20);
INSERT INTO pt_specializes_in VALUES ('Mallie_Turner95@gmail.com', 'Peafowl', 6);

INSERT INTO person VALUES ('Jayme_Nolan17@yahoo.com', 'Antwan Barrows', '$2b$10$KjlGkoYo.X.yATkN6hl68.Jf/.OMEtbFuaknqgheEi4JNhGn1qUAS', '6172 Gorczany Estates', 90127538, 'user', 'https://s3.amazonaws.com/uifaces/faces/twitter/spedwig/128.jpg');
INSERT INTO credit_card VALUES (4788413704208, 'Jayme_Nolan17@yahoo.com', '2022-07-10T22:29:25.921Z', 227);

INSERT INTO person VALUES ('Bertram17@hotmail.com', 'Lempi Kirlin', '$2b$10$KjlGkoYo.X.yATkN6hl68.g1yKgOzjFzCNqOP6BXBwq8F561TMIJi', '206 Bailey Shores', 90588627, 'user', 'https://s3.amazonaws.com/uifaces/faces/twitter/lewisainslie/128.jpg');
INSERT INTO part_time_ct VALUES ('Bertram17@hotmail.com');
INSERT INTO pt_free_schedule VALUES ('Bertram17@hotmail.com', '2020-11-04T19:50:40.030Z', '2021-06-07T04:13:30.549Z');
INSERT INTO pt_specializes_in VALUES ('Bertram17@hotmail.com', 'Iguana', 6);
INSERT INTO pt_specializes_in VALUES ('Bertram17@hotmail.com', 'Mice', 17);
INSERT INTO pt_specializes_in VALUES ('Bertram17@hotmail.com', 'Pig', 20);

INSERT INTO person VALUES ('Anais46@yahoo.com', 'Mossie Kunde', '$2b$10$KjlGkoYo.X.yATkN6hl68.Kx6Gq3x1Y6tuBfCHeV2L19bJeDG5Asi', '4047 Leuschke Heights', 90353476, 'user', 'https://s3.amazonaws.com/uifaces/faces/twitter/dactrtr/128.jpg');

INSERT INTO person VALUES ('Gerard.DAmore80@gmail.com', 'Immanuel Stroman', '$2b$10$KjlGkoYo.X.yATkN6hl68.JaVvpQDBQmhbEm5MRATKBKBoILmbFO.', '38235 Retta Field', 90447821, 'user', 'https://s3.amazonaws.com/uifaces/faces/twitter/macxim/128.jpg');
INSERT INTO full_time_ct VALUES ('Gerard.DAmore80@gmail.com');
INSERT INTO ft_specializes_in VALUES ('Gerard.DAmore80@gmail.com', 'Cow', 14);
INSERT INTO ft_specializes_in VALUES ('Gerard.DAmore80@gmail.com', 'Llama', 4);

INSERT INTO person VALUES ('Berta_Ondricka@yahoo.com', 'Milford Tremblay', '$2b$10$KjlGkoYo.X.yATkN6hl68.MzQDlc1DL959FWaMQP7o7iDkD4TTuwG', '76981 Blaze Pine', 90174362, 'user', 'https://s3.amazonaws.com/uifaces/faces/twitter/axel/128.jpg');
INSERT INTO full_time_ct VALUES ('Berta_Ondricka@yahoo.com');
INSERT INTO ft_specializes_in VALUES ('Berta_Ondricka@yahoo.com', 'Duck', 13);
INSERT INTO ft_specializes_in VALUES ('Berta_Ondricka@yahoo.com', 'Goat', 12);

INSERT INTO person VALUES ('Darien.Nienow@hotmail.com', 'Adolfo Wisozk', '$2b$10$KjlGkoYo.X.yATkN6hl68.h4gByTOTKgTeCKsxnTUIRYc4uVoFT4C', '06055 Flatley Ranch', 90329652, 'user', 'https://s3.amazonaws.com/uifaces/faces/twitter/kolage/128.jpg');
INSERT INTO credit_card VALUES (372168688717870, 'Darien.Nienow@hotmail.com', '2021-09-04T05:44:37.219Z', 588);
INSERT INTO pet VALUES ('Ashlee', 'Darien.Nienow@hotmail.com', 'Gecko', 'Fuga temporibus unde quibusdam reiciendis ex nam.', 'Qui nostrum eos cum ut recusandae illo.');
INSERT INTO part_time_ct VALUES ('Darien.Nienow@hotmail.com');
INSERT INTO pt_free_schedule VALUES ('Darien.Nienow@hotmail.com', '2020-11-05T13:25:55.864Z', '2021-01-03T23:43:46.459Z');
INSERT INTO pt_specializes_in VALUES ('Darien.Nienow@hotmail.com', 'Chinese Water Dragon', 7);
INSERT INTO pt_specializes_in VALUES ('Darien.Nienow@hotmail.com', 'Donkey', 4);
INSERT INTO pt_specializes_in VALUES ('Darien.Nienow@hotmail.com', 'Rabbit', 13);

INSERT INTO person VALUES ('Sam_Boyer@yahoo.com', 'Edwardo Ziemann', '$2b$10$KjlGkoYo.X.yATkN6hl68.vZY5FFyDHL3GeJBgY5S/IeqVqFTG0Vy', '8943 Marquardt Square', 90970088, 'user', 'https://s3.amazonaws.com/uifaces/faces/twitter/pehamondello/128.jpg');
INSERT INTO credit_card VALUES (6304996592307094, 'Sam_Boyer@yahoo.com', '2021-10-20T16:08:21.169Z', 488);
INSERT INTO pet VALUES ('Justine', 'Sam_Boyer@yahoo.com', 'Goat', 'Qui cum fugit consequuntur placeat cum incidunt ab sunt vel.', 'Et cumque fuga qui et nihil voluptatum pariatur.');
INSERT INTO pet VALUES ('Briana', 'Sam_Boyer@yahoo.com', 'Hog', 'Minima doloremque error eveniet.', 'Blanditiis rerum necessitatibus molestias maxime molestiae.');
INSERT INTO pet VALUES ('Elvera', 'Sam_Boyer@yahoo.com', 'Cow', 'Tenetur quaerat fugit.', 'Repellendus autem itaque non.');
INSERT INTO part_time_ct VALUES ('Sam_Boyer@yahoo.com');
INSERT INTO pt_free_schedule VALUES ('Sam_Boyer@yahoo.com', '2020-11-04T23:25:43.481Z', '2021-09-24T13:51:10.745Z');
INSERT INTO pt_specializes_in VALUES ('Sam_Boyer@yahoo.com', 'Bird', 14);

INSERT INTO person VALUES ('Ibrahim_Lebsack@hotmail.com', 'Dane Donnelly', '$2b$10$KjlGkoYo.X.yATkN6hl68.7I.8NIRqmUu.8BYRVRaKjvxTjVGOb9S', '40741 Hulda Lock', 90722182, 'user', 'https://s3.amazonaws.com/uifaces/faces/twitter/necodymiconer/128.jpg');
INSERT INTO credit_card VALUES (6538627319894085, 'Ibrahim_Lebsack@hotmail.com', '2021-10-30T03:21:32.282Z', 006);
INSERT INTO pet VALUES ('Birdie', 'Ibrahim_Lebsack@hotmail.com', 'Iguana', 'Illum recusandae ut et similique numquam.', 'Provident architecto laborum atque ex provident vel.');
INSERT INTO part_time_ct VALUES ('Ibrahim_Lebsack@hotmail.com');
INSERT INTO pt_free_schedule VALUES ('Ibrahim_Lebsack@hotmail.com', '2020-11-05T07:38:34.891Z', '2020-12-31T16:23:47.674Z');
INSERT INTO pt_specializes_in VALUES ('Ibrahim_Lebsack@hotmail.com', 'Pig', 12);

INSERT INTO person VALUES ('Rhiannon.Schuster@gmail.com', 'Maryam Smith', '$2b$10$KjlGkoYo.X.yATkN6hl68.hxZbTY5ieuTlkNn5uFq22LwUq8yl7MW', '47027 Block Springs', 90099822, 'user', 'https://s3.amazonaws.com/uifaces/faces/twitter/calebjoyce/128.jpg');
INSERT INTO credit_card VALUES (4734608163856096, 'Rhiannon.Schuster@gmail.com', '2021-05-18T04:39:17.613Z', 915);

INSERT INTO person VALUES ('Mozell_Feeney26@hotmail.com', 'Vaughn Harris', '$2b$10$KjlGkoYo.X.yATkN6hl68.lKKSK55tR8ocaW2qNdWjFckBW99SV.a', '04478 Eve Squares', 90693303, 'user', 'https://s3.amazonaws.com/uifaces/faces/twitter/zaki3d/128.jpg');
INSERT INTO credit_card VALUES (6706932835145814, 'Mozell_Feeney26@hotmail.com', '2023-10-08T10:23:57.491Z', 387);
INSERT INTO full_time_ct VALUES ('Mozell_Feeney26@hotmail.com');
INSERT INTO ft_specializes_in VALUES ('Mozell_Feeney26@hotmail.com', 'Gerbil', 10);
INSERT INTO ft_specializes_in VALUES ('Mozell_Feeney26@hotmail.com', 'Guinea Pig', 8);

INSERT INTO person VALUES ('Mariano22@gmail.com', 'Efrain Schuppe', '$2b$10$KjlGkoYo.X.yATkN6hl68.ljzuqByDJOQ1dznr9Mba8xV/i5idkKe', '200 Gibson Place', 90356112, 'user', 'https://s3.amazonaws.com/uifaces/faces/twitter/aaronalfred/128.jpg');

INSERT INTO person VALUES ('Joy.Kreiger64@yahoo.com', 'Jovanny Farrell', '$2b$10$KjlGkoYo.X.yATkN6hl68.VaEccMlTsLM4UmDCmOEOqnf7SWrkcPO', '856 Yost Corners', 90490760, 'user', 'https://s3.amazonaws.com/uifaces/faces/twitter/jeremery/128.jpg');
INSERT INTO credit_card VALUES (6762906622913498, 'Joy.Kreiger64@yahoo.com', '2022-11-26T09:43:16.372Z', 349);
INSERT INTO full_time_ct VALUES ('Joy.Kreiger64@yahoo.com');

INSERT INTO person VALUES ('Orie.Simonis38@yahoo.com', 'Gussie Aufderhar', '$2b$10$KjlGkoYo.X.yATkN6hl68.08QpPemq2LxQgS4dmYdyuMOhIfCDOm.', '373 Elvera Crossing', 90944194, 'user', 'https://s3.amazonaws.com/uifaces/faces/twitter/michaelcolenso/128.jpg');
INSERT INTO full_time_ct VALUES ('Orie.Simonis38@yahoo.com');
INSERT INTO ft_specializes_in VALUES ('Orie.Simonis38@yahoo.com', 'Bearded Dragon', 2);
INSERT INTO ft_specializes_in VALUES ('Orie.Simonis38@yahoo.com', 'Fish', 1);
INSERT INTO ft_specializes_in VALUES ('Orie.Simonis38@yahoo.com', 'Horse', 17);

INSERT INTO person VALUES ('Kenneth.Hayes@yahoo.com', 'Jerad Kreiger', '$2b$10$KjlGkoYo.X.yATkN6hl68.NwLuutrjLShIBd4fM72b6rZ1RiU6op2', '8673 Guy Overpass', 90232178, 'user', 'https://s3.amazonaws.com/uifaces/faces/twitter/itskawsar/128.jpg');
INSERT INTO full_time_ct VALUES ('Kenneth.Hayes@yahoo.com');
INSERT INTO ft_specializes_in VALUES ('Kenneth.Hayes@yahoo.com', 'Chinese Water Dragon', 14);
INSERT INTO ft_specializes_in VALUES ('Kenneth.Hayes@yahoo.com', 'Guinea Pig', 4);

INSERT INTO person VALUES ('Izaiah.Hayes73@gmail.com', 'Katlynn Reynolds', '$2b$10$KjlGkoYo.X.yATkN6hl68.l5aj5VCeioWNdpB70Yz5EuYYm7txDnO', '86764 Rosetta Skyway', 90873925, 'user', 'https://s3.amazonaws.com/uifaces/faces/twitter/jakemoore/128.jpg');
INSERT INTO credit_card VALUES (6767434345448877, 'Izaiah.Hayes73@gmail.com', '2021-11-05T09:35:05.244Z', 309);
INSERT INTO pet VALUES ('Bernie', 'Izaiah.Hayes73@gmail.com', 'Hog', 'Ratione eum quia fugiat porro deleniti explicabo.', 'Ipsum doloribus corrupti.');
INSERT INTO pet VALUES ('Arvilla', 'Izaiah.Hayes73@gmail.com', 'Horse', 'Vero odit repellendus dolores rerum cum ut libero.', 'Error et et voluptas.');
INSERT INTO pet VALUES ('Chaya', 'Izaiah.Hayes73@gmail.com', 'Guinea Fowl', 'Ipsam omnis sit rem.', 'Architecto vel aut dolores quae mollitia.');

INSERT INTO person VALUES ('Martine_Kuhn@yahoo.com', 'Allie Boyle', '$2b$10$KjlGkoYo.X.yATkN6hl68.4BFsynmIL872CzV/HKfZInAts0ooT/W', '329 Brenna Trail', 90343511, 'user', 'https://s3.amazonaws.com/uifaces/faces/twitter/dshster/128.jpg');
INSERT INTO part_time_ct VALUES ('Martine_Kuhn@yahoo.com');
INSERT INTO pt_free_schedule VALUES ('Martine_Kuhn@yahoo.com', '2020-11-05T03:08:48.470Z', '2020-11-14T23:44:42.317Z');
INSERT INTO pt_specializes_in VALUES ('Martine_Kuhn@yahoo.com', 'Gerbil', 16);
INSERT INTO pt_specializes_in VALUES ('Martine_Kuhn@yahoo.com', 'Pigeon', 20);

INSERT INTO person VALUES ('Camryn9@hotmail.com', 'Darrin Kreiger', '$2b$10$KjlGkoYo.X.yATkN6hl68.u1Sx2LkcHuyNQ1Zrvu4qo7SUNJc9AXu', '51809 Osinski Hollow', 90287520, 'user', 'https://s3.amazonaws.com/uifaces/faces/twitter/wikiziner/128.jpg');
INSERT INTO credit_card VALUES (6304322259293920, 'Camryn9@hotmail.com', '2021-09-20T01:21:49.574Z', 707);

INSERT INTO person VALUES ('Maude95@yahoo.com', 'Vern Breitenberg', '$2b$10$KjlGkoYo.X.yATkN6hl68.Hg2ejqejMnmhsoZq/xTvkvLWkC4E.ES', '97249 Anastacio Prairie', 90815320, 'user', 'https://s3.amazonaws.com/uifaces/faces/twitter/joemdesign/128.jpg');
INSERT INTO credit_card VALUES (5491332367688023, 'Maude95@yahoo.com', '2021-05-01T13:12:57.147Z', 457);

INSERT INTO person VALUES ('Harry.Mitchell@yahoo.com', 'Onie Hermiston', '$2b$10$KjlGkoYo.X.yATkN6hl68.t58JyQGKsM1NyUG6ubG2W1nYJtERrS2', '2302 Cartwright Trafficway', 90049863, 'user', 'https://s3.amazonaws.com/uifaces/faces/twitter/quailandquasar/128.jpg');
INSERT INTO credit_card VALUES (6453624445003319, 'Harry.Mitchell@yahoo.com', '2023-01-24T03:14:59.993Z', 628);
INSERT INTO pet VALUES ('Lesley', 'Harry.Mitchell@yahoo.com', 'Ferret', 'Praesentium at iste cupiditate nemo unde ex ipsam a similique.', 'Delectus corporis aspernatur reiciendis.');
INSERT INTO pet VALUES ('Gabriel', 'Harry.Mitchell@yahoo.com', 'Hedgehog', 'A autem accusantium pariatur.', 'Eveniet et dolorem animi voluptatem porro deleniti.');
INSERT INTO pet VALUES ('Morris', 'Harry.Mitchell@yahoo.com', 'Geese (Chinese Swan Goose)', 'Illo ratione perspiciatis.', 'Recusandae autem non.');

INSERT INTO person VALUES ('Ulices.Hintz38@gmail.com', 'Annamae Bogan', '$2b$10$KjlGkoYo.X.yATkN6hl68.8.mrnjuh.7Sq27ByRzbw1sM8Ud.ipwq', '10232 Effertz Inlet', 90068578, 'user', 'https://s3.amazonaws.com/uifaces/faces/twitter/pmeissner/128.jpg');
INSERT INTO credit_card VALUES (4426676154374697, 'Ulices.Hintz38@gmail.com', '2024-03-25T01:13:31.931Z', 099);
INSERT INTO pet VALUES ('Karianne', 'Ulices.Hintz38@gmail.com', 'Mice', 'Reprehenderit voluptatibus consectetur hic delectus.', 'Qui sed et magnam.');
INSERT INTO pet VALUES ('Celestino', 'Ulices.Hintz38@gmail.com', 'Guinea Fowl', 'Et esse incidunt hic pariatur voluptatem recusandae quos excepturi laboriosam.', 'Non ipsam autem nulla.');
INSERT INTO full_time_ct VALUES ('Ulices.Hintz38@gmail.com');
INSERT INTO ft_specializes_in VALUES ('Ulices.Hintz38@gmail.com', 'Mice', 17);

INSERT INTO person VALUES ('Yasmine11@gmail.com', 'Kyla Parisian', '$2b$10$KjlGkoYo.X.yATkN6hl68.wSI1WotxmtXtZT5JKg2Oflo4GfT1SKa', '2942 Metz Spurs', 90231678, 'user', 'https://s3.amazonaws.com/uifaces/faces/twitter/katiemdaly/128.jpg');
INSERT INTO credit_card VALUES (6759604656755769, 'Yasmine11@gmail.com', '2021-01-22T11:32:06.597Z', 766);

INSERT INTO person VALUES ('Madison_Lakin@hotmail.com', 'Adolf Gaylord', '$2b$10$KjlGkoYo.X.yATkN6hl68.TB2iNPLa2WfRPfiI/l.v82kFhiyfGOK', '602 Sydney Valleys', 90769784, 'user', 'https://s3.amazonaws.com/uifaces/faces/twitter/leandrovaranda/128.jpg');

INSERT INTO person VALUES ('Rhoda27@yahoo.com', 'Clarabelle Lakin', '$2b$10$KjlGkoYo.X.yATkN6hl68.dStfgMtJ15zXiHQL1Rcrkvt89TJvvIu', '53340 Herminia Ranch', 90724794, 'user', 'https://s3.amazonaws.com/uifaces/faces/twitter/nfedoroff/128.jpg');
INSERT INTO credit_card VALUES (341312097145184, 'Rhoda27@yahoo.com', '2021-03-02T13:02:47.400Z', 549);
INSERT INTO pet VALUES ('Randi', 'Rhoda27@yahoo.com', 'Bearded Dragon', 'Corporis debitis velit.', 'Qui dolores corporis quia iusto error et ut non.');
INSERT INTO full_time_ct VALUES ('Rhoda27@yahoo.com');
INSERT INTO ft_specializes_in VALUES ('Rhoda27@yahoo.com', 'Gerbil', 12);
INSERT INTO ft_specializes_in VALUES ('Rhoda27@yahoo.com', 'Ponie', 0);

INSERT INTO person VALUES ('Minnie44@hotmail.com', 'Autumn Roob', '$2b$10$KjlGkoYo.X.yATkN6hl68.5.m7tRylGrmmFP7D1yscZsgQHXLkb/K', '98782 Bahringer Burg', 90190288, 'user', 'https://s3.amazonaws.com/uifaces/faces/twitter/SULiik/128.jpg');
INSERT INTO credit_card VALUES (4257062583301, 'Minnie44@hotmail.com', '2022-05-03T07:59:07.204Z', 440);

INSERT INTO person VALUES ('Loy.Borer@hotmail.com', 'Amber Nader', '$2b$10$KjlGkoYo.X.yATkN6hl68.oTsWwe.LfhI1ptk2QgongOsXAym6itK', '191 Maximillian Coves', 90194770, 'user', 'https://s3.amazonaws.com/uifaces/faces/twitter/andysolomon/128.jpg');
INSERT INTO part_time_ct VALUES ('Loy.Borer@hotmail.com');
INSERT INTO pt_free_schedule VALUES ('Loy.Borer@hotmail.com', '2020-11-04T22:33:12.812Z', '2021-06-22T08:37:25.226Z');
INSERT INTO pt_specializes_in VALUES ('Loy.Borer@hotmail.com', 'Bearded Dragon', 6);
INSERT INTO pt_specializes_in VALUES ('Loy.Borer@hotmail.com', 'Geese (Chinese Swan Goose)', 19);
INSERT INTO pt_specializes_in VALUES ('Loy.Borer@hotmail.com', 'Peafowl', 4);

INSERT INTO person VALUES ('Enola4@yahoo.com', 'Stan Wiegand', '$2b$10$KjlGkoYo.X.yATkN6hl68.pkS0J5G8cQppzvH8mM.1YKodQGgZEOe', '1792 Toy Mountain', 90912878, 'user', 'https://s3.amazonaws.com/uifaces/faces/twitter/moynihan/128.jpg');
INSERT INTO full_time_ct VALUES ('Enola4@yahoo.com');
INSERT INTO ft_specializes_in VALUES ('Enola4@yahoo.com', 'Dog', 5);
INSERT INTO ft_specializes_in VALUES ('Enola4@yahoo.com', 'Mice', 10);

INSERT INTO person VALUES ('Summer.Halvorson@hotmail.com', 'Gerhard Braun', '$2b$10$KjlGkoYo.X.yATkN6hl68.80N0yyDfZ585ny8Ht7O3zeWxNL4T/H6', '825 Leffler Forges', 90512824, 'user', 'https://s3.amazonaws.com/uifaces/faces/twitter/mrxloka/128.jpg');

INSERT INTO person VALUES ('Kariane_Gorczany@yahoo.com', 'Reginald Schmidt', '$2b$10$KjlGkoYo.X.yATkN6hl68.GU0z8aIKIFOvtOVo6gyS9b1yvFzmJpO', '7996 Schultz Court', 90101492, 'user', 'https://s3.amazonaws.com/uifaces/faces/twitter/joeymurdah/128.jpg');
INSERT INTO full_time_ct VALUES ('Kariane_Gorczany@yahoo.com');

INSERT INTO person VALUES ('Leonie_Raynor56@yahoo.com', 'Sheridan Rempel', '$2b$10$KjlGkoYo.X.yATkN6hl68.YQ0IdKvYcHXa9fcVutoYSRKQ1myaRm2', '55919 Delfina Tunnel', 90457265, 'user', 'https://s3.amazonaws.com/uifaces/faces/twitter/martinansty/128.jpg');
INSERT INTO credit_card VALUES (6011258787575863, 'Leonie_Raynor56@yahoo.com', '2022-07-23T11:16:31.444Z', 216);
INSERT INTO pet VALUES ('Sandy', 'Leonie_Raynor56@yahoo.com', 'Gecko', 'Eum aut aut beatae modi.', 'Itaque ipsa nihil nostrum aliquid dolore quia.');
INSERT INTO pet VALUES ('Blair', 'Leonie_Raynor56@yahoo.com', 'Geese (Chinese Swan Goose)', 'Et at debitis aperiam officiis quas aut architecto odio.', 'Ut natus dolore sunt voluptate modi alias dolor.');

INSERT INTO person VALUES ('Martina_Rath38@yahoo.com', 'Ervin Funk', '$2b$10$KjlGkoYo.X.yATkN6hl68.NjHJAkTlTtBtbfLwFtfAIJ9YDJKRWPO', '231 Solon Mountains', 90514270, 'user', 'https://s3.amazonaws.com/uifaces/faces/twitter/stefanotirloni/128.jpg');
INSERT INTO part_time_ct VALUES ('Martina_Rath38@yahoo.com');
INSERT INTO pt_free_schedule VALUES ('Martina_Rath38@yahoo.com', '2020-11-05T04:31:57.103Z', '2021-01-29T14:21:23.266Z');

INSERT INTO person VALUES ('Carissa.Jenkins@gmail.com', 'Raphaelle Stracke', '$2b$10$KjlGkoYo.X.yATkN6hl68.85ZPw4CSWXdgkS.DeekCyYgIEuy4dFa', '20165 Olson Stream', 90587602, 'user', 'https://s3.amazonaws.com/uifaces/faces/twitter/darcystonge/128.jpg');
INSERT INTO credit_card VALUES (6767549145361406, 'Carissa.Jenkins@gmail.com', '2023-02-25T23:20:16.840Z', 826);
INSERT INTO pet VALUES ('Robyn', 'Carissa.Jenkins@gmail.com', 'Chinchilla', 'Cumque asperiores cupiditate voluptates enim quidem architecto et numquam.', 'Nisi voluptas ipsum.');
INSERT INTO pet VALUES ('Paris', 'Carissa.Jenkins@gmail.com', 'Duck', 'Consectetur quibusdam tempore quia nemo ut facilis unde.', 'Et sit minus ipsam alias natus labore ipsa sunt nobis.');

INSERT INTO person VALUES ('Jeffery_Wolf18@gmail.com', 'Esperanza Runolfsdottir', '$2b$10$KjlGkoYo.X.yATkN6hl68.5Mq49syvnFsbzgAiJGNcNY1QxH4iTsy', '55261 Tito Bypass', 90010952, 'user', 'https://s3.amazonaws.com/uifaces/faces/twitter/karsh/128.jpg');

INSERT INTO person VALUES ('Melody_Rosenbaum@yahoo.com', 'Addie Bechtelar', '$2b$10$KjlGkoYo.X.yATkN6hl68.zEJb.ekb.r.2abpwQXFeMPBa0vChCzC', '525 Stoltenberg Hills', 90513472, 'user', 'https://s3.amazonaws.com/uifaces/faces/twitter/oskamaya/128.jpg');
INSERT INTO credit_card VALUES (6767759890275444, 'Melody_Rosenbaum@yahoo.com', '2021-02-02T09:26:56.468Z', 968);
INSERT INTO pet VALUES ('Marjolaine', 'Melody_Rosenbaum@yahoo.com', 'Hamster', 'Illo ducimus doloribus et dicta.', 'Voluptatibus reiciendis blanditiis est.');

INSERT INTO person VALUES ('Sonny97@gmail.com', 'Chanelle Hilpert', '$2b$10$KjlGkoYo.X.yATkN6hl68.ydjZcXH/Fb5YKjrkLXB8gR1BAqDPtcK', '74477 Kylie Flats', 90763805, 'user', 'https://s3.amazonaws.com/uifaces/faces/twitter/areus/128.jpg');
INSERT INTO credit_card VALUES (5276925967948447, 'Sonny97@gmail.com', '2020-12-14T05:45:12.521Z', 691);
INSERT INTO pet VALUES ('Rebecca', 'Sonny97@gmail.com', 'Chinese Water Dragon', 'Consequatur ut nostrum cumque reprehenderit fugiat.', 'Et voluptas temporibus magnam.');
INSERT INTO pet VALUES ('Tod', 'Sonny97@gmail.com', 'Hamster', 'Quas dolorum explicabo earum ea quia praesentium quas quis.', 'Quo fugit tempore.');
INSERT INTO part_time_ct VALUES ('Sonny97@gmail.com');
INSERT INTO pt_free_schedule VALUES ('Sonny97@gmail.com', '2020-11-05T08:43:02.843Z', '2021-06-06T03:54:06.638Z');
INSERT INTO pt_specializes_in VALUES ('Sonny97@gmail.com', 'Chameleons (Veiled)', 1);
INSERT INTO pt_specializes_in VALUES ('Sonny97@gmail.com', 'Cow', 12);
INSERT INTO pt_specializes_in VALUES ('Sonny97@gmail.com', 'Mule', 7);

INSERT INTO person VALUES ('Elbert.Renner37@yahoo.com', 'Horacio Bayer', '$2b$10$KjlGkoYo.X.yATkN6hl68.vBiC6h8rtvEHbwQD6g7It9TCfDj3ZJa', '56513 Tillman Terrace', 90927448, 'user', 'https://s3.amazonaws.com/uifaces/faces/twitter/haydn_woods/128.jpg');
INSERT INTO part_time_ct VALUES ('Elbert.Renner37@yahoo.com');
INSERT INTO pt_free_schedule VALUES ('Elbert.Renner37@yahoo.com', '2020-11-04T23:23:19.941Z', '2021-01-03T19:20:05.295Z');
INSERT INTO pt_specializes_in VALUES ('Elbert.Renner37@yahoo.com', 'Gerbil', 11);

INSERT INTO person VALUES ('Sherman_McDermott94@hotmail.com', 'Kyla OHara', '$2b$10$KjlGkoYo.X.yATkN6hl68.2Bpcdr39e6IoZUr/THT62iXcMNKaR.i', '79193 Brooks Plains', 90160544, 'user', 'https://s3.amazonaws.com/uifaces/faces/twitter/coreyweb/128.jpg');

INSERT INTO person VALUES ('Ottilie.King@yahoo.com', 'Mckayla Kilback', '$2b$10$KjlGkoYo.X.yATkN6hl68.dyOt21Gl1oQZd.kaIQVSUPqBzjweIXS', '9122 Noe Station', 90367883, 'user', 'https://s3.amazonaws.com/uifaces/faces/twitter/yayteejay/128.jpg');
INSERT INTO credit_card VALUES (6375566875064655, 'Ottilie.King@yahoo.com', '2021-01-26T10:19:27.890Z', 361);
INSERT INTO pet VALUES ('Braeden', 'Ottilie.King@yahoo.com', 'Horse', 'Aperiam commodi ab illum minima ut rerum nesciunt qui.', 'Voluptas vitae dolore exercitationem recusandae tempora est.');
INSERT INTO pet VALUES ('Hilario', 'Ottilie.King@yahoo.com', 'Mule', 'Quae voluptate ab numquam fugiat rerum.', 'Distinctio omnis blanditiis debitis et nemo harum est.');

INSERT INTO person VALUES ('Maya49@gmail.com', 'Annie Johnson', '$2b$10$KjlGkoYo.X.yATkN6hl68.GheHuYCpoxjISI4NS277ZaYQElMxWKu', '236 Eriberto Place', 90873356, 'user', 'https://s3.amazonaws.com/uifaces/faces/twitter/timpetricola/128.jpg');
INSERT INTO part_time_ct VALUES ('Maya49@gmail.com');
INSERT INTO pt_free_schedule VALUES ('Maya49@gmail.com', '2020-11-05T06:04:00.121Z', '2021-03-31T01:12:54.036Z');
INSERT INTO pt_specializes_in VALUES ('Maya49@gmail.com', 'Fish', 18);
INSERT INTO pt_specializes_in VALUES ('Maya49@gmail.com', 'Guinea Pig', 16);

INSERT INTO person VALUES ('Darrick2@yahoo.com', 'Prince Kub', '$2b$10$KjlGkoYo.X.yATkN6hl68.jER5VeMRHebSCCSN9TtEFvfsw2/a4Zy', '85211 Koss Ford', 90896397, 'user', 'https://s3.amazonaws.com/uifaces/faces/twitter/kalmerrautam/128.jpg');

INSERT INTO person VALUES ('Meaghan88@yahoo.com', 'Destini Kuhn', '$2b$10$KjlGkoYo.X.yATkN6hl68.Nji8E5IyJsM/8uVL9qJcO3P.tXuQq2y', '2079 Lueilwitz Haven', 90324647, 'user', 'https://s3.amazonaws.com/uifaces/faces/twitter/low_res/128.jpg');
INSERT INTO credit_card VALUES (371856004125294, 'Meaghan88@yahoo.com', '2022-07-07T12:58:02.644Z', 518);
INSERT INTO pet VALUES ('Chanelle', 'Meaghan88@yahoo.com', 'Rabbit', 'Quis minus quod veniam adipisci laudantium laborum ullam laudantium.', 'Sunt dolor recusandae eligendi nostrum cum et aut.');
INSERT INTO pet VALUES ('Kristina', 'Meaghan88@yahoo.com', 'Horse', 'Soluta autem neque nihil officia consequuntur.', 'Autem est cumque veritatis maiores beatae ipsam.');
INSERT INTO part_time_ct VALUES ('Meaghan88@yahoo.com');
INSERT INTO pt_free_schedule VALUES ('Meaghan88@yahoo.com', '2020-11-04T21:21:53.605Z', '2021-04-12T08:58:02.074Z');
INSERT INTO pt_specializes_in VALUES ('Meaghan88@yahoo.com', 'Burro', 6);
INSERT INTO pt_specializes_in VALUES ('Meaghan88@yahoo.com', 'Guinea Pig', 10);

INSERT INTO person VALUES ('Laurence.Wuckert46@gmail.com', 'Ian Strosin', '$2b$10$KjlGkoYo.X.yATkN6hl68.KEQXkd6F/bM3BdLosCAQHBbCOZYjwgq', '306 Thompson Way', 90756570, 'user', 'https://s3.amazonaws.com/uifaces/faces/twitter/id835559/128.jpg');

INSERT INTO person VALUES ('Aisha57@hotmail.com', 'Kody Heller', '$2b$10$KjlGkoYo.X.yATkN6hl68.SNbLUon/pMkep6K39qC4B.XMGyg4Qi2', '092 Hyatt Greens', 90152137, 'user', 'https://s3.amazonaws.com/uifaces/faces/twitter/id835559/128.jpg');

INSERT INTO person VALUES ('Precious_Dickens@hotmail.com', 'Pierce Macejkovic', '$2b$10$KjlGkoYo.X.yATkN6hl68.lFDngxcHHXTHD/5pCkDyugUDdY1kXlW', '030 Smith Ridges', 90096046, 'user', 'https://s3.amazonaws.com/uifaces/faces/twitter/tjrus/128.jpg');
INSERT INTO part_time_ct VALUES ('Precious_Dickens@hotmail.com');
INSERT INTO pt_free_schedule VALUES ('Precious_Dickens@hotmail.com', '2020-11-05T06:27:03.588Z', '2021-02-18T12:59:04.649Z');
INSERT INTO pt_specializes_in VALUES ('Precious_Dickens@hotmail.com', 'Guinea Fowl', 20);
INSERT INTO pt_specializes_in VALUES ('Precious_Dickens@hotmail.com', 'Horse', 20);

INSERT INTO person VALUES ('Rhoda_Marquardt68@gmail.com', 'Kyleigh Kessler', '$2b$10$KjlGkoYo.X.yATkN6hl68.XpnX/U3pwaYdih7FTq64at50drnOK6S', '115 Josiane Forge', 90004325, 'user', 'https://s3.amazonaws.com/uifaces/faces/twitter/djsherman/128.jpg');

INSERT INTO person VALUES ('Marshall.Ernser@yahoo.com', 'Katlyn Russel', '$2b$10$KjlGkoYo.X.yATkN6hl68..9vt./0voFrhuy..Tv9AFuoJ4egM592', '7062 Lucile Plains', 90613660, 'user', 'https://s3.amazonaws.com/uifaces/faces/twitter/jm_denis/128.jpg');
INSERT INTO credit_card VALUES (4537842361082, 'Marshall.Ernser@yahoo.com', '2021-09-14T06:42:34.652Z', 138);
INSERT INTO pet VALUES ('Markus', 'Marshall.Ernser@yahoo.com', 'Iguana', 'Quia quia voluptatum eos molestiae quae et.', 'Voluptatem nam sunt consequatur voluptatibus perferendis voluptatibus dignissimos qui omnis.');
INSERT INTO pet VALUES ('Bradley', 'Marshall.Ernser@yahoo.com', 'Rabbit', 'Alias aut assumenda.', 'Suscipit qui rerum voluptate molestiae vitae.');

INSERT INTO person VALUES ('Joe39@yahoo.com', 'Westley Graham', '$2b$10$KjlGkoYo.X.yATkN6hl68.3aHCu/fa.TQ/qXz4lRmeYgTeopuwue2', '65034 Kris Highway', 90920193, 'user', 'https://s3.amazonaws.com/uifaces/faces/twitter/tomas_janousek/128.jpg');

INSERT INTO person VALUES ('Leonor.Lebsack33@gmail.com', 'Telly Konopelski', '$2b$10$KjlGkoYo.X.yATkN6hl68.AAlQbNAYInP72V2NmL5xu5CfHfeFRiS', '1657 Hessel Mall', 90972643, 'user', 'https://s3.amazonaws.com/uifaces/faces/twitter/buzzusborne/128.jpg');
INSERT INTO credit_card VALUES (5434790200766245, 'Leonor.Lebsack33@gmail.com', '2021-11-14T19:00:50.045Z', 907);
INSERT INTO full_time_ct VALUES ('Leonor.Lebsack33@gmail.com');

INSERT INTO person VALUES ('Bradly88@gmail.com', 'Roosevelt Hodkiewicz', '$2b$10$KjlGkoYo.X.yATkN6hl68.voUA6QRTOAYUYhfu3ueeevuaBOobNXG', '3115 Johns Trace', 90367482, 'user', 'https://s3.amazonaws.com/uifaces/faces/twitter/perfectflow/128.jpg');
INSERT INTO credit_card VALUES (379105901977292, 'Bradly88@gmail.com', '2021-04-22T17:17:11.750Z', 029);
INSERT INTO full_time_ct VALUES ('Bradly88@gmail.com');
INSERT INTO ft_specializes_in VALUES ('Bradly88@gmail.com', 'Dog', 19);
INSERT INTO ft_specializes_in VALUES ('Bradly88@gmail.com', 'Mice', 6);
INSERT INTO ft_specializes_in VALUES ('Bradly88@gmail.com', 'Hog', 2);

INSERT INTO person VALUES ('Rollin40@yahoo.com', 'Tressa Bruen', '$2b$10$KjlGkoYo.X.yATkN6hl68.EjGYVNmTrbgbhIZ6Pagkx8UhQ7c6Bp.', '816 Macejkovic Haven', 90847686, 'user', 'https://s3.amazonaws.com/uifaces/faces/twitter/catarino/128.jpg');
INSERT INTO credit_card VALUES (4435371896904832, 'Rollin40@yahoo.com', '2021-05-08T19:54:36.573Z', 105);
INSERT INTO pet VALUES ('Eloise', 'Rollin40@yahoo.com', 'Ponie', 'Et ipsum ipsam eaque.', 'Dolor tempore tempora reiciendis beatae velit doloribus aliquid.');
INSERT INTO full_time_ct VALUES ('Rollin40@yahoo.com');
INSERT INTO ft_specializes_in VALUES ('Rollin40@yahoo.com', 'Bird', 2);
INSERT INTO ft_specializes_in VALUES ('Rollin40@yahoo.com', 'Burro', 5);

INSERT INTO person VALUES ('Esperanza39@yahoo.com', 'Onie Aufderhar', '$2b$10$KjlGkoYo.X.yATkN6hl68.98yyUMQc95I2hCDh7aN1YfmA0UjlsL6', '5080 Crist Rapid', 90626212, 'user', 'https://s3.amazonaws.com/uifaces/faces/twitter/BillSKenney/128.jpg');
INSERT INTO credit_card VALUES (6372701763025739, 'Esperanza39@yahoo.com', '2020-11-30T15:39:23.197Z', 698);
INSERT INTO pet VALUES ('Kavon', 'Esperanza39@yahoo.com', 'Mule', 'Corporis iste nostrum.', 'Consequuntur fuga est sint totam ut non ut.');
INSERT INTO full_time_ct VALUES ('Esperanza39@yahoo.com');
INSERT INTO ft_specializes_in VALUES ('Esperanza39@yahoo.com', 'Hog', 6);

INSERT INTO person VALUES ('London_Gutkowski@hotmail.com', 'Claudia Ernser', '$2b$10$KjlGkoYo.X.yATkN6hl68.BTYOQLmn/pCiBi/13Adnzx16xU7tJ.m', '986 Gertrude Prairie', 90520389, 'user', 'https://s3.amazonaws.com/uifaces/faces/twitter/kaelifa/128.jpg');
INSERT INTO credit_card VALUES (6384013414140644, 'London_Gutkowski@hotmail.com', '2022-12-10T10:23:59.404Z', 849);
INSERT INTO pet VALUES ('Colleen', 'London_Gutkowski@hotmail.com', 'Ferret', 'Porro consequatur provident quasi illum quisquam aspernatur.', 'Esse veniam expedita.');
INSERT INTO pet VALUES ('Theresa', 'London_Gutkowski@hotmail.com', 'Iguana', 'Modi voluptas quia molestias voluptatem.', 'Illum qui iste.');
INSERT INTO pet VALUES ('Kayden', 'London_Gutkowski@hotmail.com', 'Gecko', 'Facilis temporibus placeat voluptatem suscipit.', 'Earum deserunt ab.');
INSERT INTO part_time_ct VALUES ('London_Gutkowski@hotmail.com');
INSERT INTO pt_free_schedule VALUES ('London_Gutkowski@hotmail.com', '2020-11-05T04:28:47.810Z', '2021-04-07T19:33:31.087Z');
INSERT INTO pt_specializes_in VALUES ('London_Gutkowski@hotmail.com', 'Chinchilla', 14);
INSERT INTO pt_specializes_in VALUES ('London_Gutkowski@hotmail.com', 'Mule', 14);

INSERT INTO person VALUES ('Abdul.Hammes56@hotmail.com', 'Shawna White', '$2b$10$KjlGkoYo.X.yATkN6hl68.InWuGi2pbBPQfQ6IlnRHlAnjP15rf3K', '3749 Yundt Plaza', 90794861, 'user', 'https://s3.amazonaws.com/uifaces/faces/twitter/vinciarts/128.jpg');
INSERT INTO full_time_ct VALUES ('Abdul.Hammes56@hotmail.com');
INSERT INTO ft_specializes_in VALUES ('Abdul.Hammes56@hotmail.com', 'Bird', 1);
INSERT INTO ft_specializes_in VALUES ('Abdul.Hammes56@hotmail.com', 'Chicken', 19);
INSERT INTO ft_specializes_in VALUES ('Abdul.Hammes56@hotmail.com', 'Guinea Fowl', 20);

INSERT INTO person VALUES ('Jayde11@yahoo.com', 'Tristian OKeefe', '$2b$10$KjlGkoYo.X.yATkN6hl68.EJJm/NuHIJV99I6.V3G7uWrJ/jgLxza', '8990 Delphia Hill', 90008512, 'user', 'https://s3.amazonaws.com/uifaces/faces/twitter/bartjo/128.jpg');
INSERT INTO credit_card VALUES (6387443486777661, 'Jayde11@yahoo.com', '2025-08-09T11:59:37.169Z', 652);

INSERT INTO person VALUES ('Alena38@gmail.com', 'Gaston Mueller', '$2b$10$KjlGkoYo.X.yATkN6hl68.X.Kq70TCDCGKwfhrJW8iOXBMc5IjZwC', '735 Austin Gardens', 90540839, 'user', 'https://s3.amazonaws.com/uifaces/faces/twitter/oskarlevinson/128.jpg');

INSERT INTO person VALUES ('Esteban.Ruecker47@yahoo.com', 'Everardo Weber', '$2b$10$KjlGkoYo.X.yATkN6hl68.9O7ZkzIWpn2xcImgDPZlgroF2wmskH6', '2840 Jast Haven', 90757682, 'user', 'https://s3.amazonaws.com/uifaces/faces/twitter/davidbaldie/128.jpg');

INSERT INTO person VALUES ('Marilie_Connelly57@gmail.com', 'Krystal Ward', '$2b$10$KjlGkoYo.X.yATkN6hl68.H1BntDgKcf3Tc1wuk5YcmOW/lQUdhj6', '689 Samson Dale', 90001621, 'user', 'https://s3.amazonaws.com/uifaces/faces/twitter/andresenfredrik/128.jpg');
INSERT INTO part_time_ct VALUES ('Marilie_Connelly57@gmail.com');
INSERT INTO pt_free_schedule VALUES ('Marilie_Connelly57@gmail.com', '2020-11-04T14:09:24.253Z', '2021-05-25T06:33:23.026Z');

INSERT INTO person VALUES ('Steve_Considine@yahoo.com', 'Don Satterfield', '$2b$10$KjlGkoYo.X.yATkN6hl68.4t5kzZw8fKaVYvF/HP6Quo/fMdcz4WK', '86047 Hansen Inlet', 90569070, 'user', 'https://s3.amazonaws.com/uifaces/faces/twitter/krystalfister/128.jpg');
INSERT INTO credit_card VALUES (6380749404271507, 'Steve_Considine@yahoo.com', '2024-09-19T12:13:19.767Z', 114);
INSERT INTO pet VALUES ('Beulah', 'Steve_Considine@yahoo.com', 'Peafowl', 'Aspernatur nobis dolorem voluptatem qui corrupti nam.', 'Dolorum veniam velit accusamus aperiam saepe at.');
INSERT INTO pet VALUES ('Clarissa', 'Steve_Considine@yahoo.com', 'Bearded Dragon', 'Magni sapiente qui sunt dolorem.', 'Officiis et distinctio possimus.');
INSERT INTO pet VALUES ('Jamey', 'Steve_Considine@yahoo.com', 'Chicken', 'Voluptatem voluptatum sint esse culpa qui illo.', 'Nam maxime hic tempora.');

INSERT INTO person VALUES ('Vida_Moore@yahoo.com', 'Catharine Hilll', '$2b$10$KjlGkoYo.X.yATkN6hl68.GSwyKIOmYnEox97L2WUSGiQmJdNiEjC', '047 Janae Overpass', 90263586, 'user', 'https://s3.amazonaws.com/uifaces/faces/twitter/alexandermayes/128.jpg');
INSERT INTO credit_card VALUES (36433820991088, 'Vida_Moore@yahoo.com', '2021-05-01T15:02:59.173Z', 045);
INSERT INTO part_time_ct VALUES ('Vida_Moore@yahoo.com');
INSERT INTO pt_free_schedule VALUES ('Vida_Moore@yahoo.com', '2020-11-05T01:46:10.237Z', '2021-03-17T20:55:04.233Z');
INSERT INTO pt_specializes_in VALUES ('Vida_Moore@yahoo.com', 'Chinese Water Dragon', 9);

INSERT INTO person VALUES ('Hailie.Schaden@hotmail.com', 'Alice Harvey', '$2b$10$KjlGkoYo.X.yATkN6hl68.AeqqquDJ1T85wEqwfqN8WlgtIJNGjWS', '6446 Bertha Extensions', 90249551, 'user', 'https://s3.amazonaws.com/uifaces/faces/twitter/noxdzine/128.jpg');
INSERT INTO credit_card VALUES (36474877649809, 'Hailie.Schaden@hotmail.com', '2021-01-14T04:15:47.714Z', 922);
INSERT INTO pet VALUES ('Delbert', 'Hailie.Schaden@hotmail.com', 'Hedgehog', 'Dolorum qui neque ut.', 'Sunt ea quos sit incidunt minima.');
INSERT INTO pet VALUES ('Cristal', 'Hailie.Schaden@hotmail.com', 'Iguana', 'Aut et amet dolor rerum qui adipisci ea quasi iusto.', 'Aut blanditiis et sunt odit molestiae quod aspernatur.');
INSERT INTO pet VALUES ('Verlie', 'Hailie.Schaden@hotmail.com', 'Pigeon', 'Quia ipsam nihil illum velit ut qui adipisci.', 'Et perferendis et.');

INSERT INTO person VALUES ('Kayli61@yahoo.com', 'Hal Luettgen', '$2b$10$KjlGkoYo.X.yATkN6hl68.bpczK6F3eyufcdBRUUijyxYJYxMG83K', '8223 Schowalter Trail', 90440698, 'user', 'https://s3.amazonaws.com/uifaces/faces/twitter/michaelabehsera/128.jpg');
INSERT INTO credit_card VALUES (340930301422544, 'Kayli61@yahoo.com', '2021-11-29T08:02:51.358Z', 943);
INSERT INTO full_time_ct VALUES ('Kayli61@yahoo.com');

INSERT INTO person VALUES ('Ari_Spinka@hotmail.com', 'Jayde Wolff', '$2b$10$KjlGkoYo.X.yATkN6hl68.gzL553YC.8btlLojOfK6cDdRrVAXjMm', '48120 Macejkovic Street', 90703905, 'user', 'https://s3.amazonaws.com/uifaces/faces/twitter/mahmoudmetwally/128.jpg');

INSERT INTO person VALUES ('Wilton.Reichert@gmail.com', 'Elvie Becker', '$2b$10$KjlGkoYo.X.yATkN6hl68.TP0Ym6yUh1Ad1RZzaEvXDM3AsHgZ0yu', '07547 Tremblay Road', 90958350, 'user', 'https://s3.amazonaws.com/uifaces/faces/twitter/tgerken/128.jpg');

INSERT INTO person VALUES ('Jesus.Robel93@hotmail.com', 'Fae Waters', '$2b$10$KjlGkoYo.X.yATkN6hl68.yqXc.CQBfoAUe1ekJgxAtUFeYEimQhW', '019 Monahan Knoll', 90240690, 'user', 'https://s3.amazonaws.com/uifaces/faces/twitter/michaelcolenso/128.jpg');
INSERT INTO credit_card VALUES (6759867141905061, 'Jesus.Robel93@hotmail.com', '2022-06-03T13:38:55.901Z', 793);
INSERT INTO pet VALUES ('Ruthie', 'Jesus.Robel93@hotmail.com', 'Donkey', 'Architecto provident dolorem quia iusto debitis ut est ut.', 'Quos aut suscipit nihil cumque voluptatem quia.');
INSERT INTO part_time_ct VALUES ('Jesus.Robel93@hotmail.com');
INSERT INTO pt_free_schedule VALUES ('Jesus.Robel93@hotmail.com', '2020-11-04T16:04:19.789Z', '2020-12-30T07:28:44.752Z');
INSERT INTO pt_specializes_in VALUES ('Jesus.Robel93@hotmail.com', 'Goat', 3);

INSERT INTO person VALUES ('Lottie_Mohr2@gmail.com', 'Kara Barton', '$2b$10$KjlGkoYo.X.yATkN6hl68.56la3x9QunfZjqaWelZPLP7c1qM2Paa', '0270 Jonatan Well', 90105192, 'user', 'https://s3.amazonaws.com/uifaces/faces/twitter/rtgibbons/128.jpg');
INSERT INTO credit_card VALUES (6706861035899513, 'Lottie_Mohr2@gmail.com', '2022-05-10T08:27:43.108Z', 025);
INSERT INTO full_time_ct VALUES ('Lottie_Mohr2@gmail.com');
INSERT INTO ft_specializes_in VALUES ('Lottie_Mohr2@gmail.com', 'Llama', 0);

INSERT INTO person VALUES ('Madge70@yahoo.com', 'Wilber Moen', '$2b$10$KjlGkoYo.X.yATkN6hl68.9sgv0hOXqyGAiEcjA6QUHiT6S3Qk3bC', '744 Kautzer Drives', 90595318, 'user', 'https://s3.amazonaws.com/uifaces/faces/twitter/allfordesign/128.jpg');
INSERT INTO credit_card VALUES (5038885719261763, 'Madge70@yahoo.com', '2021-06-24T09:25:43.558Z', 286);
INSERT INTO pet VALUES ('Douglas', 'Madge70@yahoo.com', 'Geese (Chinese Swan Goose)', 'Nemo ea eos molestiae.', 'Nemo natus dignissimos ea.');

INSERT INTO person VALUES ('Ashley.Rodriguez@hotmail.com', 'Reid Stehr', '$2b$10$KjlGkoYo.X.yATkN6hl68.O3hNBJvmvLHR3xehILD.4v6.wUcjey.', '5423 Ryan Bypass', 90458561, 'user', 'https://s3.amazonaws.com/uifaces/faces/twitter/soyjavi/128.jpg');

INSERT INTO person VALUES ('Deangelo19@gmail.com', 'Lorna Frami', '$2b$10$KjlGkoYo.X.yATkN6hl68.FlTc2V2XRwHv/WvFjx9vII1D/i8Djau', '8790 Eliane Circle', 90327002, 'user', 'https://s3.amazonaws.com/uifaces/faces/twitter/calebjoyce/128.jpg');
INSERT INTO credit_card VALUES (5446575125671000, 'Deangelo19@gmail.com', '2020-11-25T08:31:52.192Z', 835);
INSERT INTO pet VALUES ('Marge', 'Deangelo19@gmail.com', 'Horse', 'Quia earum minus ut ad facilis nihil et.', 'Fuga praesentium sint voluptate.');
INSERT INTO pet VALUES ('Adrain', 'Deangelo19@gmail.com', 'Guinea Fowl', 'Illum doloribus explicabo inventore et blanditiis et at et soluta.', 'Quasi aut ea minus non quisquam quo temporibus eligendi enim.');
INSERT INTO pet VALUES ('Trystan', 'Deangelo19@gmail.com', 'Donkey', 'Itaque voluptatem qui enim.', 'Enim dolores et eos.');
INSERT INTO part_time_ct VALUES ('Deangelo19@gmail.com');
INSERT INTO pt_free_schedule VALUES ('Deangelo19@gmail.com', '2020-11-04T22:56:11.007Z', '2021-02-24T18:54:06.241Z');
INSERT INTO pt_specializes_in VALUES ('Deangelo19@gmail.com', 'Dog', 14);
INSERT INTO pt_specializes_in VALUES ('Deangelo19@gmail.com', 'Donkey', 0);

INSERT INTO person VALUES ('Demarcus0@gmail.com', 'Baby Collier', '$2b$10$KjlGkoYo.X.yATkN6hl68.ca6R2S6dX.5hMtn3kR.JKRGPGiYycrS', '506 Elise Parkways', 90683636, 'user', 'https://s3.amazonaws.com/uifaces/faces/twitter/davidmerrique/128.jpg');
INSERT INTO credit_card VALUES (6304280141355218, 'Demarcus0@gmail.com', '2022-08-14T23:09:42.994Z', 195);
INSERT INTO pet VALUES ('Judd', 'Demarcus0@gmail.com', 'Llama', 'Praesentium temporibus dignissimos.', 'Asperiores voluptatem eos itaque eligendi voluptatem eaque eius aliquam.');
INSERT INTO pet VALUES ('Verona', 'Demarcus0@gmail.com', 'Gecko', 'Veniam consequatur id ipsum excepturi dignissimos praesentium id.', 'Quam libero nihil.');
INSERT INTO pet VALUES ('Judge', 'Demarcus0@gmail.com', 'Gerbil', 'Error id ea qui aut.', 'Non autem cupiditate consequatur dicta ipsam maxime.');
INSERT INTO full_time_ct VALUES ('Demarcus0@gmail.com');
INSERT INTO ft_specializes_in VALUES ('Demarcus0@gmail.com', 'Donkey', 5);

INSERT INTO person VALUES ('Melisa.Ruecker@yahoo.com', 'Kassandra Nikolaus', '$2b$10$KjlGkoYo.X.yATkN6hl68.QuHD0.OBD6wcX67BzHYfIJ3sxizjMme', '6511 Jonathon Isle', 90003805, 'user', 'https://s3.amazonaws.com/uifaces/faces/twitter/brenmurrell/128.jpg');
INSERT INTO credit_card VALUES (6377925428558466, 'Melisa.Ruecker@yahoo.com', '2021-02-11T01:40:19.866Z', 125);
INSERT INTO pet VALUES ('Alessandra', 'Melisa.Ruecker@yahoo.com', 'Guinea Fowl', 'Consequatur voluptas rerum earum.', 'Enim ut qui temporibus debitis perferendis commodi et et.');

INSERT INTO person VALUES ('Muriel25@hotmail.com', 'Dwight Walter', '$2b$10$KjlGkoYo.X.yATkN6hl68..8M6/wgHNB3qEe7L3Fy6rby17X/5Ckm', '294 Brisa Square', 90944534, 'user', 'https://s3.amazonaws.com/uifaces/faces/twitter/falling_soul/128.jpg');
INSERT INTO credit_card VALUES (4312141580199664, 'Muriel25@hotmail.com', '2024-04-06T05:57:48.318Z', 954);
INSERT INTO full_time_ct VALUES ('Muriel25@hotmail.com');
INSERT INTO ft_specializes_in VALUES ('Muriel25@hotmail.com', 'Gerbil', 8);

INSERT INTO person VALUES ('Maddison_Upton@yahoo.com', 'Alfredo Smitham', '$2b$10$KjlGkoYo.X.yATkN6hl68.m9OuDdDpLpZuAgkXMUEwDUCl.72OJY2', '13870 Arely Highway', 90391811, 'user', 'https://s3.amazonaws.com/uifaces/faces/twitter/teddyzetterlund/128.jpg');
INSERT INTO credit_card VALUES (3528248241435001, 'Maddison_Upton@yahoo.com', '2021-08-29T15:19:45.063Z', 204);
INSERT INTO pet VALUES ('Annabell', 'Maddison_Upton@yahoo.com', 'Bird', 'Soluta eos placeat.', 'Perspiciatis libero dolor in aut ut dolor deserunt quis.');
INSERT INTO full_time_ct VALUES ('Maddison_Upton@yahoo.com');

INSERT INTO person VALUES ('Santiago.Reichert@hotmail.com', 'Sidney McGlynn', '$2b$10$KjlGkoYo.X.yATkN6hl68.nqhaKCj0uMRSpxrQGLXdq98dPRaRf0.', '047 Brianne Mountain', 90687404, 'user', 'https://s3.amazonaws.com/uifaces/faces/twitter/hfalucas/128.jpg');
INSERT INTO full_time_ct VALUES ('Santiago.Reichert@hotmail.com');
INSERT INTO ft_specializes_in VALUES ('Santiago.Reichert@hotmail.com', 'Chicken', 18);
INSERT INTO ft_specializes_in VALUES ('Santiago.Reichert@hotmail.com', 'Mule', 2);
INSERT INTO ft_specializes_in VALUES ('Santiago.Reichert@hotmail.com', 'Pot Bellied Pig', 20);

INSERT INTO person VALUES ('Lelah.Doyle6@yahoo.com', 'Coy Stamm', '$2b$10$KjlGkoYo.X.yATkN6hl68.HaL5kY.i40IGlJTeuDMJrHOXD55SBl2', '02391 Stuart Courts', 90514043, 'user', 'https://s3.amazonaws.com/uifaces/faces/twitter/ciaranr/128.jpg');
INSERT INTO credit_card VALUES (6759706639567284, 'Lelah.Doyle6@yahoo.com', '2021-06-28T16:12:08.261Z', 114);
INSERT INTO full_time_ct VALUES ('Lelah.Doyle6@yahoo.com');
INSERT INTO ft_specializes_in VALUES ('Lelah.Doyle6@yahoo.com', 'Chameleons (Veiled)', 6);

INSERT INTO person VALUES ('Britney_Nolan@yahoo.com', 'Shawn Abshire', '$2b$10$KjlGkoYo.X.yATkN6hl68.c1OxKnekwllWiD1OKl.FR3wG88tWA4.', '7238 Ocie Forges', 90764792, 'user', 'https://s3.amazonaws.com/uifaces/faces/twitter/silv3rgvn/128.jpg');
INSERT INTO full_time_ct VALUES ('Britney_Nolan@yahoo.com');
INSERT INTO ft_specializes_in VALUES ('Britney_Nolan@yahoo.com', 'Fish', 4);

INSERT INTO person VALUES ('Laisha41@yahoo.com', 'Drake Lindgren', '$2b$10$KjlGkoYo.X.yATkN6hl68.V2I33H1ArXUpV1uZNCYEc7.DnrwrqiC', '57390 Littel Trail', 90951382, 'user', 'https://s3.amazonaws.com/uifaces/faces/twitter/_yardenoon/128.jpg');
INSERT INTO credit_card VALUES (6304958383895607, 'Laisha41@yahoo.com', '2021-06-09T02:53:38.645Z', 726);
INSERT INTO pet VALUES ('Alfredo', 'Laisha41@yahoo.com', 'Peafowl', 'Vel delectus fugit quaerat aut ut pariatur.', 'Illo error voluptates eum fugiat laboriosam consequatur explicabo.');
INSERT INTO full_time_ct VALUES ('Laisha41@yahoo.com');
INSERT INTO ft_specializes_in VALUES ('Laisha41@yahoo.com', 'Guinea Pig', 11);

INSERT INTO person VALUES ('Peter_Kirlin@hotmail.com', 'Dakota Herman', '$2b$10$KjlGkoYo.X.yATkN6hl68.DXGBSrFOsfNe0m8lnjx0zsREbPawBVy', '3828 Lucile Point', 90480534, 'user', 'https://s3.amazonaws.com/uifaces/faces/twitter/buzzusborne/128.jpg');
INSERT INTO part_time_ct VALUES ('Peter_Kirlin@hotmail.com');
INSERT INTO pt_free_schedule VALUES ('Peter_Kirlin@hotmail.com', '2020-11-05T12:51:51.994Z', '2021-07-06T15:10:20.498Z');
INSERT INTO pt_specializes_in VALUES ('Peter_Kirlin@hotmail.com', 'Chinese Water Dragon', 13);
INSERT INTO pt_specializes_in VALUES ('Peter_Kirlin@hotmail.com', 'Duck', 19);

INSERT INTO person VALUES ('Brad.Balistreri@gmail.com', 'Eric Walter', '$2b$10$KjlGkoYo.X.yATkN6hl68.6rvSZs86cRk73sCgOWZy3pRVxBHOVgC', '644 Dare Courts', 90957397, 'user', 'https://s3.amazonaws.com/uifaces/faces/twitter/brandonmorreale/128.jpg');

INSERT INTO person VALUES ('Timothy92@gmail.com', 'Arely Veum', '$2b$10$KjlGkoYo.X.yATkN6hl68.GZk667Cmh7XBLvQMPk5nZWFGEJUcXFC', '219 Chelsie Cliffs', 90214611, 'user', 'https://s3.amazonaws.com/uifaces/faces/twitter/marklamb/128.jpg');

INSERT INTO person VALUES ('Clotilde_Russel@hotmail.com', 'Tyree Hills', '$2b$10$KjlGkoYo.X.yATkN6hl68.c0RO3qIssJit2pyjECr4nMogRoBW/Ta', '3935 Metz Meadow', 90749050, 'user', 'https://s3.amazonaws.com/uifaces/faces/twitter/jervo/128.jpg');
INSERT INTO credit_card VALUES (371343495277908, 'Clotilde_Russel@hotmail.com', '2021-10-16T02:36:32.199Z', 006);
INSERT INTO pet VALUES ('Margarette', 'Clotilde_Russel@hotmail.com', 'Llama', 'Sed aut repellat repellendus.', 'Cum iure eum placeat aut.');
INSERT INTO pet VALUES ('Ottilie', 'Clotilde_Russel@hotmail.com', 'Geese (Chinese Swan Goose)', 'Voluptas voluptate cum consequatur aspernatur ea ut est voluptates laborum.', 'In aliquid id.');
INSERT INTO part_time_ct VALUES ('Clotilde_Russel@hotmail.com');
INSERT INTO pt_free_schedule VALUES ('Clotilde_Russel@hotmail.com', '2020-11-05T00:10:29.272Z', '2021-05-21T17:49:00.454Z');
INSERT INTO pt_specializes_in VALUES ('Clotilde_Russel@hotmail.com', 'Horse', 4);

INSERT INTO person VALUES ('Demond.Carter20@gmail.com', 'Ayana Stroman', '$2b$10$KjlGkoYo.X.yATkN6hl68.imK1UZvatpUh4kG2K3fRRpgMzzFeLBi', '4811 Rene Extension', 90003581, 'user', 'https://s3.amazonaws.com/uifaces/faces/twitter/nelshd/128.jpg');
INSERT INTO credit_card VALUES (6759777456041257, 'Demond.Carter20@gmail.com', '2022-03-18T23:58:28.522Z', 851);
INSERT INTO pet VALUES ('Letha', 'Demond.Carter20@gmail.com', 'Peafowl', 'Dolorum pariatur dolor consectetur voluptatem amet porro quidem est.', 'Sint tempora ullam esse inventore autem.');

INSERT INTO person VALUES ('Dusty.Gibson@hotmail.com', 'Frederick Donnelly', '$2b$10$KjlGkoYo.X.yATkN6hl68.HZNeNp3fTuYBF5gbSvAQJ8NpWmnYTf6', '35860 Halvorson Rue', 90653690, 'user', 'https://s3.amazonaws.com/uifaces/faces/twitter/nbirckel/128.jpg');
INSERT INTO credit_card VALUES (5422248265839955, 'Dusty.Gibson@hotmail.com', '2021-08-27T13:36:18.986Z', 252);
INSERT INTO full_time_ct VALUES ('Dusty.Gibson@hotmail.com');
INSERT INTO ft_specializes_in VALUES ('Dusty.Gibson@hotmail.com', 'Dog', 2);
INSERT INTO ft_specializes_in VALUES ('Dusty.Gibson@hotmail.com', 'Gecko', 12);

INSERT INTO person VALUES ('Adolf.Boyer@gmail.com', 'Ollie Batz', '$2b$10$KjlGkoYo.X.yATkN6hl68.ggAWvpDT8pdNVUhh4quvGvx06dpWtFW', '570 Blick Station', 90280241, 'user', 'https://s3.amazonaws.com/uifaces/faces/twitter/mashaaaaal/128.jpg');
INSERT INTO credit_card VALUES (5102653907159036, 'Adolf.Boyer@gmail.com', '2022-08-27T20:57:54.643Z', 699);
INSERT INTO pet VALUES ('Gennaro', 'Adolf.Boyer@gmail.com', 'Cow', 'Est magnam omnis saepe.', 'Ipsa et nostrum ad magni.');

INSERT INTO person VALUES ('Shaun_Dietrich13@gmail.com', 'Noemi Wilkinson', '$2b$10$KjlGkoYo.X.yATkN6hl68.50win9dCcJWL/bqO3.vWHf/kOVIPSk.', '6157 Willard Trace', 90181986, 'user', 'https://s3.amazonaws.com/uifaces/faces/twitter/commadelimited/128.jpg');
INSERT INTO part_time_ct VALUES ('Shaun_Dietrich13@gmail.com');
INSERT INTO pt_free_schedule VALUES ('Shaun_Dietrich13@gmail.com', '2020-11-04T16:11:24.255Z', '2021-05-30T09:06:41.747Z');
INSERT INTO pt_specializes_in VALUES ('Shaun_Dietrich13@gmail.com', 'Chicken', 20);
INSERT INTO pt_specializes_in VALUES ('Shaun_Dietrich13@gmail.com', 'Fish', 14);
INSERT INTO pt_specializes_in VALUES ('Shaun_Dietrich13@gmail.com', 'Mice', 14);

INSERT INTO person VALUES ('Creola58@gmail.com', 'Kurt Kling', '$2b$10$KjlGkoYo.X.yATkN6hl68.OPS4paI7DEipkNOKiWjtxrEH2MskfHa', '6939 Alanna Orchard', 90272665, 'user', 'https://s3.amazonaws.com/uifaces/faces/twitter/osmanince/128.jpg');
INSERT INTO part_time_ct VALUES ('Creola58@gmail.com');
INSERT INTO pt_free_schedule VALUES ('Creola58@gmail.com', '2020-11-05T01:44:55.577Z', '2021-06-11T17:11:21.575Z');
INSERT INTO pt_specializes_in VALUES ('Creola58@gmail.com', 'Fish', 17);
INSERT INTO pt_specializes_in VALUES ('Creola58@gmail.com', 'Lizard', 18);
INSERT INTO pt_specializes_in VALUES ('Creola58@gmail.com', 'Mule', 0);

INSERT INTO person VALUES ('Ardith.Roob46@yahoo.com', 'Noah Wisoky', '$2b$10$KjlGkoYo.X.yATkN6hl68.1Fjsh5yCkOaVlSA4uLGwcmbACu72tse', '39305 Jalon Neck', 90401284, 'user', 'https://s3.amazonaws.com/uifaces/faces/twitter/mymyboy/128.jpg');
INSERT INTO full_time_ct VALUES ('Ardith.Roob46@yahoo.com');
INSERT INTO ft_specializes_in VALUES ('Ardith.Roob46@yahoo.com', 'Rabbit', 4);

INSERT INTO person VALUES ('Luciano.Torphy@hotmail.com', 'Casimir Bergstrom', '$2b$10$KjlGkoYo.X.yATkN6hl68.LWmGWEjuFmZLpd/TpcrfHxwAfkpiTO2', '44330 Wyman Lodge', 90769320, 'user', 'https://s3.amazonaws.com/uifaces/faces/twitter/arkokoley/128.jpg');
INSERT INTO full_time_ct VALUES ('Luciano.Torphy@hotmail.com');

INSERT INTO person VALUES ('Brain.Berge@gmail.com', 'Lacey Paucek', '$2b$10$KjlGkoYo.X.yATkN6hl68.3YI/X6OLpB3KsN5Z8oVFEHWOw0RPBZK', '35253 Serenity Flats', 90144163, 'user', 'https://s3.amazonaws.com/uifaces/faces/twitter/thierrymeier_/128.jpg');

INSERT INTO person VALUES ('Trisha97@hotmail.com', 'Meghan Tromp', '$2b$10$KjlGkoYo.X.yATkN6hl68.fNfGVNm0rhYXyUNzMvmQ8hmAfztDxgy', '05682 Al Springs', 90964339, 'user', 'https://s3.amazonaws.com/uifaces/faces/twitter/kalmerrautam/128.jpg');
INSERT INTO credit_card VALUES (3588284708732700, 'Trisha97@hotmail.com', '2021-11-08T00:18:26.383Z', 855);
INSERT INTO pet VALUES ('Donnie', 'Trisha97@hotmail.com', 'Chameleons (Veiled)', 'Explicabo quia nihil et nulla tenetur.', 'Et nisi aut beatae rerum ea nam iure quo.');
INSERT INTO pet VALUES ('Tracy', 'Trisha97@hotmail.com', 'Pig', 'Rerum ut cupiditate exercitationem est quidem.', 'Quae nemo dolor voluptate eum minima explicabo dolore.');
INSERT INTO full_time_ct VALUES ('Trisha97@hotmail.com');

INSERT INTO person VALUES ('Flossie_Beier@yahoo.com', 'Trevor Mraz', '$2b$10$KjlGkoYo.X.yATkN6hl68.cKav3erKfxgGpVFbeFPN7yPjW6gr8p.', '98696 Cassin Route', 90639952, 'user', 'https://s3.amazonaws.com/uifaces/faces/twitter/jagan123/128.jpg');
INSERT INTO credit_card VALUES (6767042810848886, 'Flossie_Beier@yahoo.com', '2021-07-22T21:06:51.040Z', 123);
INSERT INTO part_time_ct VALUES ('Flossie_Beier@yahoo.com');
INSERT INTO pt_free_schedule VALUES ('Flossie_Beier@yahoo.com', '2020-11-04T19:30:06.915Z', '2021-01-11T18:31:21.255Z');

INSERT INTO person VALUES ('Emelie98@yahoo.com', 'Cayla Collier', '$2b$10$KjlGkoYo.X.yATkN6hl68.EY70KdqYMPG/mkttDFSf97.lHE9tSvm', '259 Keeling Via', 90340262, 'user', 'https://s3.amazonaws.com/uifaces/faces/twitter/rohixx/128.jpg');
INSERT INTO credit_card VALUES (5321018480963353, 'Emelie98@yahoo.com', '2023-05-30T14:04:30.674Z', 736);
INSERT INTO pet VALUES ('Jaydon', 'Emelie98@yahoo.com', 'Hedgehog', 'Accusamus facere nobis perspiciatis pariatur eaque enim voluptatem hic qui.', 'Nostrum ratione repellendus unde.');
INSERT INTO pet VALUES ('Madisen', 'Emelie98@yahoo.com', 'Peafowl', 'Corrupti molestiae quisquam praesentium quae.', 'Doloremque et velit reprehenderit dolore voluptatibus ullam qui itaque et.');

INSERT INTO person VALUES ('Akeem99@gmail.com', 'Selina Olson', '$2b$10$KjlGkoYo.X.yATkN6hl68.vrNe/WLfJCf0n3iNt0RSu8yIYTJJ57m', '4801 Koss Vista', 90969947, 'user', 'https://s3.amazonaws.com/uifaces/faces/twitter/buleswapnil/128.jpg');
INSERT INTO credit_card VALUES (6759780017082461, 'Akeem99@gmail.com', '2021-11-12T03:05:02.547Z', 528);
INSERT INTO pet VALUES ('Else', 'Akeem99@gmail.com', 'Bearded Dragon', 'Porro qui et voluptatem quo labore quia exercitationem.', 'Aut qui excepturi aliquid deserunt nesciunt commodi necessitatibus veritatis magni.');

INSERT INTO person VALUES ('Celestine.Wilderman@hotmail.com', 'Oda Wisoky', '$2b$10$KjlGkoYo.X.yATkN6hl68.EZ1Se0G3YAjZNlugoNhFFbWhZIr01eW', '917 Howell Pines', 90779512, 'user', 'https://s3.amazonaws.com/uifaces/faces/twitter/doronmalki/128.jpg');
INSERT INTO credit_card VALUES (6304735728362719, 'Celestine.Wilderman@hotmail.com', '2021-10-03T16:17:56.417Z', 187);

INSERT INTO person VALUES ('Arjun_Green98@yahoo.com', 'Brandi Fisher', '$2b$10$KjlGkoYo.X.yATkN6hl68.dFQJ.olmMnEjHiyM.WBaXNICXM.ics6', '4032 Kasandra Spring', 90732990, 'user', 'https://s3.amazonaws.com/uifaces/faces/twitter/prrstn/128.jpg');
INSERT INTO credit_card VALUES (6304332258913339, 'Arjun_Green98@yahoo.com', '2021-07-16T03:46:01.356Z', 051);
INSERT INTO pet VALUES ('Kyra', 'Arjun_Green98@yahoo.com', 'Cow', 'Velit et aut quod sit ratione magni.', 'Totam est dolore ea voluptatibus.');
INSERT INTO part_time_ct VALUES ('Arjun_Green98@yahoo.com');
INSERT INTO pt_free_schedule VALUES ('Arjun_Green98@yahoo.com', '2020-11-05T07:03:20.549Z', '2021-10-14T04:12:14.667Z');

INSERT INTO person VALUES ('Cheyenne_Hansen@yahoo.com', 'Yazmin Hudson', '$2b$10$KjlGkoYo.X.yATkN6hl68.XhK8O8S0/gU6VszFWZ.CNbT5jp8FvNe', '0845 Melvina Inlet', 90363461, 'user', 'https://s3.amazonaws.com/uifaces/faces/twitter/eddiechen/128.jpg');

INSERT INTO person VALUES ('Lela_Schuppe@gmail.com', 'Lyda Berge', '$2b$10$KjlGkoYo.X.yATkN6hl68.UFJIDI9lpkyr1y9ZoDLxEuFKEllR98S', '3980 Jerry Ways', 90261101, 'user', 'https://s3.amazonaws.com/uifaces/faces/twitter/stephcoue/128.jpg');

INSERT INTO person VALUES ('Jason_Dare11@hotmail.com', 'Clifford Powlowski', '$2b$10$KjlGkoYo.X.yATkN6hl68.O42WdV7SNVU3DvLNYZCNgYCsVIQoTuS', '04921 Beier Gateway', 90618324, 'user', 'https://s3.amazonaws.com/uifaces/faces/twitter/gt/128.jpg');
INSERT INTO credit_card VALUES (6767572836854305, 'Jason_Dare11@hotmail.com', '2022-07-23T03:14:59.158Z', 639);
INSERT INTO full_time_ct VALUES ('Jason_Dare11@hotmail.com');

INSERT INTO person VALUES ('Dario12@gmail.com', 'Keven Moore', '$2b$10$KjlGkoYo.X.yATkN6hl68.mViOxIrwksmD8onxBeizSIndLgrUTX.', '2701 Denesik Road', 90742352, 'user', 'https://s3.amazonaws.com/uifaces/faces/twitter/imomenui/128.jpg');
INSERT INTO credit_card VALUES (6759948886547388, 'Dario12@gmail.com', '2024-05-27T16:29:20.543Z', 812);
INSERT INTO full_time_ct VALUES ('Dario12@gmail.com');
INSERT INTO ft_specializes_in VALUES ('Dario12@gmail.com', 'Dog', 12);
INSERT INTO ft_specializes_in VALUES ('Dario12@gmail.com', 'Rabbit', 6);

INSERT INTO person VALUES ('Reagan.Gutmann66@yahoo.com', 'Asa Hansen', '$2b$10$KjlGkoYo.X.yATkN6hl68.h5PQT09OeRJYdAW.MqhOQtoEfcSOrUW', '598 Kilback Loop', 90082972, 'user', 'https://s3.amazonaws.com/uifaces/faces/twitter/pmeissner/128.jpg');

INSERT INTO person VALUES ('Bret.Green13@hotmail.com', 'Lucius Hilpert', '$2b$10$KjlGkoYo.X.yATkN6hl68.eDEuE/wUsDw7b9DA7RqyVUvnC62JnYW', '428 Homenick Port', 90408352, 'user', 'https://s3.amazonaws.com/uifaces/faces/twitter/megdraws/128.jpg');
INSERT INTO full_time_ct VALUES ('Bret.Green13@hotmail.com');

INSERT INTO person VALUES ('Jayde9@yahoo.com', 'Lon Auer', '$2b$10$KjlGkoYo.X.yATkN6hl68.vU/HU3nNnIXjzc81i1HNb84ZlhMlPD.', '39113 Murl Pine', 90038483, 'user', 'https://s3.amazonaws.com/uifaces/faces/twitter/superoutman/128.jpg');

INSERT INTO person VALUES ('Yasmeen_Parisian@gmail.com', 'Morgan Littel', '$2b$10$KjlGkoYo.X.yATkN6hl68.QosYNGMbEswlWcT9BIMNGZHMt1lR8tK', '4355 Sean Glens', 90871986, 'user', 'https://s3.amazonaws.com/uifaces/faces/twitter/sindresorhus/128.jpg');
INSERT INTO credit_card VALUES (3538195217968986, 'Yasmeen_Parisian@gmail.com', '2023-06-23T19:30:32.530Z', 780);
INSERT INTO pet VALUES ('Aurelio', 'Yasmeen_Parisian@gmail.com', 'Gecko', 'Voluptatum qui aut velit repudiandae.', 'Suscipit dolores est iure.');
INSERT INTO pet VALUES ('Orland', 'Yasmeen_Parisian@gmail.com', 'Ponie', 'Doloremque voluptas veniam sint.', 'Quasi et ut ea.');
INSERT INTO pet VALUES ('Phyllis', 'Yasmeen_Parisian@gmail.com', 'Dog', 'Doloremque ipsam voluptatem.', 'Delectus eum distinctio magnam.');
INSERT INTO part_time_ct VALUES ('Yasmeen_Parisian@gmail.com');
INSERT INTO pt_free_schedule VALUES ('Yasmeen_Parisian@gmail.com', '2020-11-04T20:38:10.608Z', '2021-07-04T18:28:48.146Z');
INSERT INTO pt_specializes_in VALUES ('Yasmeen_Parisian@gmail.com', 'Chameleons (Veiled)', 9);
INSERT INTO pt_specializes_in VALUES ('Yasmeen_Parisian@gmail.com', 'Chinese Water Dragon', 9);
INSERT INTO pt_specializes_in VALUES ('Yasmeen_Parisian@gmail.com', 'Fish', 2);

INSERT INTO person VALUES ('Nestor.Jaskolski@gmail.com', 'Wyman Lynch', '$2b$10$KjlGkoYo.X.yATkN6hl68.aOPsbyPNABU/XbyERdh0WLbuNziTW2m', '91540 Aaliyah Shoal', 90623933, 'user', 'https://s3.amazonaws.com/uifaces/faces/twitter/aviddayentonbay/128.jpg');
INSERT INTO part_time_ct VALUES ('Nestor.Jaskolski@gmail.com');
INSERT INTO pt_free_schedule VALUES ('Nestor.Jaskolski@gmail.com', '2020-11-05T11:57:51.978Z', '2021-04-15T13:52:34.362Z');
INSERT INTO pt_specializes_in VALUES ('Nestor.Jaskolski@gmail.com', 'Pigeon', 4);

INSERT INTO person VALUES ('Randy17@hotmail.com', 'Amanda OKeefe', '$2b$10$KjlGkoYo.X.yATkN6hl68.HI2exWJhASWClmhNcvXqC7C/4prxxcG', '099 Freddy Knoll', 90130443, 'user', 'https://s3.amazonaws.com/uifaces/faces/twitter/ernestsemerda/128.jpg');
INSERT INTO credit_card VALUES (5489922610545101, 'Randy17@hotmail.com', '2021-06-27T13:51:25.792Z', 274);
INSERT INTO pet VALUES ('Lavon', 'Randy17@hotmail.com', 'Burro', 'Quis sint qui facilis architecto quod laborum ut aut.', 'Blanditiis incidunt sunt qui facere voluptatum esse ut est inventore.');
INSERT INTO pet VALUES ('Khalid', 'Randy17@hotmail.com', 'Guinea Fowl', 'Modi hic enim et qui totam eos ratione eos amet.', 'Quisquam consequatur similique tenetur corporis qui ullam.');
INSERT INTO pet VALUES ('Arlo', 'Randy17@hotmail.com', 'Peafowl', 'Iste earum ducimus odit eos dolorem consequatur.', 'Reiciendis iste aut vel.');

INSERT INTO person VALUES ('Candace.Balistreri16@yahoo.com', 'Aric Kerluke', '$2b$10$KjlGkoYo.X.yATkN6hl68.PmYATrFmfwiaDKxfv1CB8lv3HU3Nk3W', '35949 Marcelina Point', 90448953, 'user', 'https://s3.amazonaws.com/uifaces/faces/twitter/nilshelmersson/128.jpg');
INSERT INTO credit_card VALUES (6759444431248955, 'Candace.Balistreri16@yahoo.com', '2024-02-18T23:05:30.169Z', 911);
INSERT INTO pet VALUES ('Gregory', 'Candace.Balistreri16@yahoo.com', 'Ferret', 'Et et deserunt est labore sint et.', 'Sapiente a voluptatem sed corporis est sit occaecati.');
INSERT INTO part_time_ct VALUES ('Candace.Balistreri16@yahoo.com');
INSERT INTO pt_free_schedule VALUES ('Candace.Balistreri16@yahoo.com', '2020-11-04T17:01:24.032Z', '2021-04-13T13:55:01.965Z');

INSERT INTO person VALUES ('Melissa30@yahoo.com', 'Mabelle Johns', '$2b$10$KjlGkoYo.X.yATkN6hl68.Fw4sh62eIe/si2O96lzHCV0SYMH8Lmu', '8929 Monserrat Stravenue', 90278672, 'user', 'https://s3.amazonaws.com/uifaces/faces/twitter/mr_shiznit/128.jpg');
INSERT INTO part_time_ct VALUES ('Melissa30@yahoo.com');
INSERT INTO pt_free_schedule VALUES ('Melissa30@yahoo.com', '2020-11-04T23:14:28.198Z', '2020-12-13T22:09:48.835Z');
INSERT INTO pt_specializes_in VALUES ('Melissa30@yahoo.com', 'Chameleons (Veiled)', 3);

INSERT INTO person VALUES ('Cathryn_Flatley84@gmail.com', 'Noemi Durgan', '$2b$10$KjlGkoYo.X.yATkN6hl68.CpYQS7k96OPNlflo14/kTzc/ThntKcC', '2702 Hayes Groves', 90857162, 'user', 'https://s3.amazonaws.com/uifaces/faces/twitter/zaki3d/128.jpg');
INSERT INTO credit_card VALUES (6759160176853085, 'Cathryn_Flatley84@gmail.com', '2023-06-10T21:11:43.207Z', 530);
INSERT INTO part_time_ct VALUES ('Cathryn_Flatley84@gmail.com');
INSERT INTO pt_free_schedule VALUES ('Cathryn_Flatley84@gmail.com', '2020-11-04T23:49:02.995Z', '2021-07-09T03:37:32.975Z');
INSERT INTO pt_specializes_in VALUES ('Cathryn_Flatley84@gmail.com', 'Chinchilla', 11);
INSERT INTO pt_specializes_in VALUES ('Cathryn_Flatley84@gmail.com', 'Gerbil', 3);
INSERT INTO pt_specializes_in VALUES ('Cathryn_Flatley84@gmail.com', 'Ponie', 11);

INSERT INTO person VALUES ('Kelton97@hotmail.com', 'Randal Bashirian', '$2b$10$KjlGkoYo.X.yATkN6hl68.jUtwwDAymei7t7aimDQ3zD3mI6hieXy', '69269 Schneider Center', 90913049, 'user', 'https://s3.amazonaws.com/uifaces/faces/twitter/victordeanda/128.jpg');
INSERT INTO credit_card VALUES (5412112870811605, 'Kelton97@hotmail.com', '2021-07-04T04:40:13.158Z', 067);
INSERT INTO pet VALUES ('Darren', 'Kelton97@hotmail.com', 'Duck', 'Enim praesentium et enim et nesciunt qui reprehenderit.', 'Iure autem voluptas enim perspiciatis.');
INSERT INTO part_time_ct VALUES ('Kelton97@hotmail.com');
INSERT INTO pt_free_schedule VALUES ('Kelton97@hotmail.com', '2020-11-04T17:04:35.543Z', '2021-10-10T09:23:38.493Z');

INSERT INTO person VALUES ('Brisa_Klein54@yahoo.com', 'Laurie Haag', '$2b$10$KjlGkoYo.X.yATkN6hl68.HECnHHGnAfR4Q5vLW0EWrpr5icyuHcq', '471 Odie Springs', 90508672, 'user', 'https://s3.amazonaws.com/uifaces/faces/twitter/s4f1/128.jpg');

INSERT INTO person VALUES ('Alison.Weber96@yahoo.com', 'Arlo Kassulke', '$2b$10$KjlGkoYo.X.yATkN6hl68.gTL5owV57VKjrWO2xz9eRWijg3GsGoe', '306 Bogisich Overpass', 90492216, 'user', 'https://s3.amazonaws.com/uifaces/faces/twitter/mirfanqureshi/128.jpg');
INSERT INTO credit_card VALUES (6011621064008238, 'Alison.Weber96@yahoo.com', '2024-03-16T02:14:09.988Z', 621);

INSERT INTO person VALUES ('Milan.McCullough@hotmail.com', 'Madisyn Price', '$2b$10$KjlGkoYo.X.yATkN6hl68.Tt/6U2UMH74pk2GIzn4WcCKA894qOfi', '227 Herman Track', 90496770, 'user', 'https://s3.amazonaws.com/uifaces/faces/twitter/d_nny_m_cher/128.jpg');

INSERT INTO person VALUES ('Bud.Dietrich63@yahoo.com', 'Sigurd Brakus', '$2b$10$KjlGkoYo.X.yATkN6hl68.tcJexdgrGCoC54YdUuLdVf6E.NpMFb6', '692 Kuphal Mountains', 90434409, 'user', 'https://s3.amazonaws.com/uifaces/faces/twitter/millinet/128.jpg');
INSERT INTO part_time_ct VALUES ('Bud.Dietrich63@yahoo.com');
INSERT INTO pt_free_schedule VALUES ('Bud.Dietrich63@yahoo.com', '2020-11-04T15:02:34.282Z', '2021-07-27T01:01:32.215Z');

INSERT INTO person VALUES ('Darrell21@gmail.com', 'Bradford Moore', '$2b$10$KjlGkoYo.X.yATkN6hl68.LKm17OtxzAj7.8um4w2ML4fr0b3A5Si', '783 Barrett Courts', 90943890, 'user', 'https://s3.amazonaws.com/uifaces/faces/twitter/salvafc/128.jpg');
INSERT INTO part_time_ct VALUES ('Darrell21@gmail.com');
INSERT INTO pt_free_schedule VALUES ('Darrell21@gmail.com', '2020-11-05T07:59:06.194Z', '2021-02-18T15:50:13.974Z');
INSERT INTO pt_specializes_in VALUES ('Darrell21@gmail.com', 'Cow', 3);

INSERT INTO person VALUES ('Colt.Sanford@yahoo.com', 'Glenda Little', '$2b$10$KjlGkoYo.X.yATkN6hl68.2Ei2sJKc7QF42r1qjXnl5iTdBHCXETe', '5224 Maximo Summit', 90628525, 'user', 'https://s3.amazonaws.com/uifaces/faces/twitter/laurengray/128.jpg');
INSERT INTO credit_card VALUES (5424073712486448, 'Colt.Sanford@yahoo.com', '2021-09-10T05:44:00.846Z', 541);
INSERT INTO pet VALUES ('Noemy', 'Colt.Sanford@yahoo.com', 'Cow', 'Voluptatem nesciunt delectus ea placeat qui deserunt repellat quaerat accusantium.', 'Aut hic nisi veritatis.');
INSERT INTO full_time_ct VALUES ('Colt.Sanford@yahoo.com');
INSERT INTO ft_specializes_in VALUES ('Colt.Sanford@yahoo.com', 'Mule', 3);

INSERT INTO person VALUES ('Mina18@gmail.com', 'Brannon Rippin', '$2b$10$KjlGkoYo.X.yATkN6hl68.UTOIxSpy9bfqv2qCRn/DKg730yIvFVG', '557 Brakus Center', 90420969, 'user', 'https://s3.amazonaws.com/uifaces/faces/twitter/koridhandy/128.jpg');
INSERT INTO credit_card VALUES (6759371724820941, 'Mina18@gmail.com', '2022-01-23T02:35:11.187Z', 983);
INSERT INTO pet VALUES ('Tierra', 'Mina18@gmail.com', 'Cat', 'Neque et eaque ut.', 'Quibusdam temporibus et debitis iure nobis sed in est et.');
INSERT INTO part_time_ct VALUES ('Mina18@gmail.com');
INSERT INTO pt_free_schedule VALUES ('Mina18@gmail.com', '2020-11-04T21:53:47.427Z', '2021-04-15T16:02:38.563Z');

INSERT INTO person VALUES ('Dorris28@hotmail.com', 'Casey Kemmer', '$2b$10$KjlGkoYo.X.yATkN6hl68.iUGb36M7rlxl6bctsZWq3qtwVoghJb6', '66028 Ivory Place', 90267509, 'user', 'https://s3.amazonaws.com/uifaces/faces/twitter/victorerixon/128.jpg');
INSERT INTO credit_card VALUES (6759315493078902, 'Dorris28@hotmail.com', '2021-02-18T17:49:22.310Z', 428);
INSERT INTO pet VALUES ('Neva', 'Dorris28@hotmail.com', 'Chameleons (Veiled)', 'Eligendi deserunt incidunt ut.', 'Quibusdam nam officiis aliquam ipsa cupiditate delectus voluptatem ut.');
INSERT INTO pet VALUES ('Everett', 'Dorris28@hotmail.com', 'Chameleons (Veiled)', 'Voluptatum deleniti nulla quaerat ratione laborum excepturi.', 'Nihil voluptas veritatis consequatur non quasi similique eius.');
INSERT INTO pet VALUES ('Elvie', 'Dorris28@hotmail.com', 'Ponie', 'Quasi distinctio laboriosam nemo iure ducimus sapiente alias.', 'Voluptate soluta cupiditate aut dolorum aliquid ut fuga.');

INSERT INTO person VALUES ('Blake_Shields@yahoo.com', 'Bertrand Jones', '$2b$10$KjlGkoYo.X.yATkN6hl68.0SDSSzIsahFxD8viyIcvWFKW1D2X0Ui', '1514 Manuel Haven', 90806512, 'user', 'https://s3.amazonaws.com/uifaces/faces/twitter/malykhinv/128.jpg');
INSERT INTO credit_card VALUES (5038194640943066, 'Blake_Shields@yahoo.com', '2021-10-29T06:00:22.499Z', 589);
INSERT INTO pet VALUES ('Myra', 'Blake_Shields@yahoo.com', 'Goat', 'Voluptatum ad ut.', 'Fugit voluptate vitae rerum aut.');
INSERT INTO pet VALUES ('Bret', 'Blake_Shields@yahoo.com', 'Chinchilla', 'Nemo rem aliquam occaecati id impedit minima recusandae voluptates.', 'Accusantium autem libero dolorem facere eos.');
INSERT INTO pet VALUES ('Marcelle', 'Blake_Shields@yahoo.com', 'Iguana', 'Nisi quod cupiditate eos ipsum.', 'Aspernatur laborum commodi tenetur consectetur et adipisci.');

INSERT INTO person VALUES ('Hannah50@hotmail.com', 'Presley Anderson', '$2b$10$KjlGkoYo.X.yATkN6hl68.BuIaZAlLfO2ROE6.hrD/TR1f5Kxk1Fu', '285 Reilly Park', 90648154, 'user', 'https://s3.amazonaws.com/uifaces/faces/twitter/millinet/128.jpg');
INSERT INTO credit_card VALUES (6304703042032667, 'Hannah50@hotmail.com', '2021-06-20T18:11:45.761Z', 603);
INSERT INTO pet VALUES ('Elijah', 'Hannah50@hotmail.com', 'Lizard', 'Dolores est accusamus quis dolores cupiditate in.', 'Ut consectetur et.');
INSERT INTO pet VALUES ('Isom', 'Hannah50@hotmail.com', 'Hedgehog', 'Dolorem quia deserunt doloribus.', 'Est similique quia laboriosam pariatur eius in magni unde in.');

INSERT INTO person VALUES ('Sven86@gmail.com', 'Ralph Brekke', '$2b$10$KjlGkoYo.X.yATkN6hl68.RWTd0BzoE/c6lKssLQgEUENPiZCpAo2', '5987 Nelda Valleys', 90166738, 'user', 'https://s3.amazonaws.com/uifaces/faces/twitter/craigrcoles/128.jpg');

INSERT INTO person VALUES ('Queenie32@gmail.com', 'Robert Bednar', '$2b$10$KjlGkoYo.X.yATkN6hl68.cFJGDefhMck0BZ/vAOXv5P9joNvQslu', '00789 Greenfelder Mountain', 90154038, 'user', 'https://s3.amazonaws.com/uifaces/faces/twitter/scottiedude/128.jpg');
INSERT INTO credit_card VALUES (341361861872463, 'Queenie32@gmail.com', '2020-12-01T00:42:43.718Z', 459);
INSERT INTO pet VALUES ('Carmelo', 'Queenie32@gmail.com', 'Geese (Chinese Swan Goose)', 'Et voluptatem qui vel.', 'Voluptas corrupti cupiditate sequi cum sed voluptatem.');
INSERT INTO pet VALUES ('Hershel', 'Queenie32@gmail.com', 'Llama', 'Ipsa quidem nobis.', 'Facilis dolorem esse deleniti et modi iste expedita dolorem.');
INSERT INTO pet VALUES ('Vicente', 'Queenie32@gmail.com', 'Horse', 'Iste delectus velit est necessitatibus aut commodi consequatur enim at.', 'Expedita est ut.');

INSERT INTO person VALUES ('Sabrina44@yahoo.com', 'Sharon Ferry', '$2b$10$KjlGkoYo.X.yATkN6hl68.ebqZqa0YyI9OwkTTIl3puOKgByZ1Sqa', '74495 Deckow Common', 90638906, 'user', 'https://s3.amazonaws.com/uifaces/faces/twitter/dallasbpeters/128.jpg');
INSERT INTO credit_card VALUES (6759342769129042, 'Sabrina44@yahoo.com', '2020-12-23T03:39:25.866Z', 316);
INSERT INTO pet VALUES ('Lisa', 'Sabrina44@yahoo.com', 'Horse', 'Quaerat accusantium velit est.', 'Odio debitis architecto a aut a in mollitia.');
INSERT INTO pet VALUES ('Camron', 'Sabrina44@yahoo.com', 'Guinea Pig', 'Non ipsum libero ut sapiente fugiat.', 'Architecto iure est accusamus quia voluptatum.');
INSERT INTO pet VALUES ('Mikayla', 'Sabrina44@yahoo.com', 'Chinese Water Dragon', 'Quas similique quo doloribus aperiam.', 'Nesciunt molestias quisquam corrupti quia in eveniet quasi similique voluptatem.');

INSERT INTO person VALUES ('Nadia48@yahoo.com', 'Diamond Ward', '$2b$10$KjlGkoYo.X.yATkN6hl68.Sfbg9DfP4SgncQcPKK4JwFXp/79ZiHu', '343 Brakus Hills', 90231454, 'user', 'https://s3.amazonaws.com/uifaces/faces/twitter/we_social/128.jpg');
INSERT INTO credit_card VALUES (5143551164402809, 'Nadia48@yahoo.com', '2022-12-09T11:10:37.471Z', 650);
INSERT INTO pet VALUES ('Bulah', 'Nadia48@yahoo.com', 'Lizard', 'Sint reiciendis beatae aperiam.', 'Id vel nihil non quaerat aut.');

INSERT INTO person VALUES ('Trenton.Toy98@gmail.com', 'Collin Wiza', '$2b$10$KjlGkoYo.X.yATkN6hl68.172Q0tjzxFrH.8JJtB4DcMqrFwmNVgW', '71600 Mckayla Place', 90810570, 'user', 'https://s3.amazonaws.com/uifaces/faces/twitter/depaulawagner/128.jpg');

INSERT INTO person VALUES ('Matteo9@yahoo.com', 'Nils Parker', '$2b$10$KjlGkoYo.X.yATkN6hl68.HiEZHZbWfWdHodSes8u0NAh1ikLWg.6', '56555 OKon Lane', 90639449, 'user', 'https://s3.amazonaws.com/uifaces/faces/twitter/jerrybai1907/128.jpg');
INSERT INTO credit_card VALUES (6709604896596666, 'Matteo9@yahoo.com', '2021-04-18T10:07:47.278Z', 054);
INSERT INTO pet VALUES ('Kelly', 'Matteo9@yahoo.com', 'Burro', 'Sint voluptatem ipsam excepturi sunt suscipit.', 'Enim ab fugit voluptates.');
INSERT INTO full_time_ct VALUES ('Matteo9@yahoo.com');
INSERT INTO ft_specializes_in VALUES ('Matteo9@yahoo.com', 'Ferret', 15);
INSERT INTO ft_specializes_in VALUES ('Matteo9@yahoo.com', 'Guinea Pig', 16);

INSERT INTO person VALUES ('Lorenza_Gutmann43@gmail.com', 'Elody Torp', '$2b$10$KjlGkoYo.X.yATkN6hl68.JhGCLaOnakBEuRpxbFilJMSrAaqUQPe', '30181 Etha Walk', 90965295, 'user', 'https://s3.amazonaws.com/uifaces/faces/twitter/kylefoundry/128.jpg');
INSERT INTO credit_card VALUES (6480628366299019, 'Lorenza_Gutmann43@gmail.com', '2021-08-08T00:21:19.192Z', 139);
INSERT INTO pet VALUES ('Rebeka', 'Lorenza_Gutmann43@gmail.com', 'Hog', 'Qui itaque nisi natus.', 'Necessitatibus soluta tenetur dignissimos quia architecto.');
INSERT INTO part_time_ct VALUES ('Lorenza_Gutmann43@gmail.com');
INSERT INTO pt_free_schedule VALUES ('Lorenza_Gutmann43@gmail.com', '2020-11-05T07:06:37.090Z', '2021-04-13T20:43:49.321Z');
INSERT INTO pt_specializes_in VALUES ('Lorenza_Gutmann43@gmail.com', 'Geese (Chinese Swan Goose)', 6);

INSERT INTO person VALUES ('Dulce_Pagac@gmail.com', 'Russ Kreiger', '$2b$10$KjlGkoYo.X.yATkN6hl68./ew03a37eXnKlquTvmr3baQHXe28S2q', '6061 Walsh Burgs', 90847673, 'user', 'https://s3.amazonaws.com/uifaces/faces/twitter/hoangloi/128.jpg');
INSERT INTO credit_card VALUES (6388478960755196, 'Dulce_Pagac@gmail.com', '2021-04-14T11:19:14.258Z', 074);
INSERT INTO pet VALUES ('Kieran', 'Dulce_Pagac@gmail.com', 'Pig', 'Illum alias rerum voluptates facere error illo qui maxime.', 'Nisi nihil ea non iusto voluptate.');
INSERT INTO pet VALUES ('Otto', 'Dulce_Pagac@gmail.com', 'Gecko', 'Ea similique optio reiciendis omnis amet.', 'Consequuntur natus quo et.');
INSERT INTO pet VALUES ('Amelia', 'Dulce_Pagac@gmail.com', 'Burro', 'Itaque dolores consequatur earum iusto dolor dolores illum modi.', 'Itaque occaecati aut omnis.');
INSERT INTO full_time_ct VALUES ('Dulce_Pagac@gmail.com');
INSERT INTO ft_specializes_in VALUES ('Dulce_Pagac@gmail.com', 'Guinea Fowl', 12);
INSERT INTO ft_specializes_in VALUES ('Dulce_Pagac@gmail.com', 'Pigeon', 15);

INSERT INTO person VALUES ('Greyson.Altenwerth@hotmail.com', 'Lilly Beahan', '$2b$10$KjlGkoYo.X.yATkN6hl68.6d9IKwcqBBQNGSljsd5HTatY5qA7TFy', '435 Weber Islands', 90516681, 'user', 'https://s3.amazonaws.com/uifaces/faces/twitter/andrewarrow/128.jpg');
INSERT INTO credit_card VALUES (6378841443827684, 'Greyson.Altenwerth@hotmail.com', '2021-06-12T15:49:44.593Z', 917);
INSERT INTO pet VALUES ('Mya', 'Greyson.Altenwerth@hotmail.com', 'Chinese Water Dragon', 'Ad est provident in.', 'Ipsa iure aut culpa.');

INSERT INTO person VALUES ('Cortney.Wisoky@gmail.com', 'Ryder Schultz', '$2b$10$KjlGkoYo.X.yATkN6hl68.Ek3eXo/w1eZ/ubF0XjqDj5T.Kh3NWoG', '689 Lesch Prairie', 90743565, 'user', 'https://s3.amazonaws.com/uifaces/faces/twitter/_pedropinho/128.jpg');

INSERT INTO person VALUES ('Brandy70@hotmail.com', 'Stephania Sauer', '$2b$10$KjlGkoYo.X.yATkN6hl68.5zod8BaT6iXt5OW.gEquK5AxSelB3kC', '70203 Doyle Rapids', 90152820, 'user', 'https://s3.amazonaws.com/uifaces/faces/twitter/mocabyte/128.jpg');
INSERT INTO credit_card VALUES (3528832262986814, 'Brandy70@hotmail.com', '2021-02-14T13:37:21.397Z', 886);
INSERT INTO pet VALUES ('Elijah', 'Brandy70@hotmail.com', 'Mice', 'Et atque non et est.', 'Omnis aut omnis placeat ea quia cum voluptatem dolor cupiditate.');
INSERT INTO pet VALUES ('Earnest', 'Brandy70@hotmail.com', 'Mice', 'Laboriosam beatae sapiente id reprehenderit minima officia deleniti eius.', 'Velit mollitia hic excepturi accusantium eum voluptate ratione est et.');

INSERT INTO person VALUES ('Keagan29@hotmail.com', 'Ari Terry', '$2b$10$KjlGkoYo.X.yATkN6hl68.BzXSOv/E4OZuG2e1X5daGZjQec0veVO', '74234 Barrows Road', 90583752, 'user', 'https://s3.amazonaws.com/uifaces/faces/twitter/jomarmen/128.jpg');
INSERT INTO credit_card VALUES (5893508767691412, 'Keagan29@hotmail.com', '2021-03-21T20:40:51.501Z', 274);
INSERT INTO pet VALUES ('Maverick', 'Keagan29@hotmail.com', 'Pig', 'Sequi omnis et earum aut autem exercitationem.', 'Accusantium pariatur ut.');
INSERT INTO pet VALUES ('Kendrick', 'Keagan29@hotmail.com', 'Guinea Fowl', 'Soluta accusantium expedita maiores.', 'Quia nam et est aut nostrum quasi.');
INSERT INTO pet VALUES ('Domenick', 'Keagan29@hotmail.com', 'Hedgehog', 'Voluptatum consequatur veritatis voluptatem.', 'Consectetur rem velit rerum voluptatibus est maiores nihil.');
INSERT INTO full_time_ct VALUES ('Keagan29@hotmail.com');
INSERT INTO ft_specializes_in VALUES ('Keagan29@hotmail.com', 'Chinchilla', 0);
INSERT INTO ft_specializes_in VALUES ('Keagan29@hotmail.com', 'Ponie', 16);

INSERT INTO person VALUES ('Elvie83@yahoo.com', 'Valentine Boyle', '$2b$10$KjlGkoYo.X.yATkN6hl68.2bvnOu3aYgvhY4W6we/9BomuidNCTZa', '98869 Collier Ways', 90280363, 'user', 'https://s3.amazonaws.com/uifaces/faces/twitter/m4rio/128.jpg');
INSERT INTO credit_card VALUES (4468448415450, 'Elvie83@yahoo.com', '2022-05-22T07:28:46.634Z', 018);
INSERT INTO pet VALUES ('Cale', 'Elvie83@yahoo.com', 'Chicken', 'Molestiae hic placeat aut.', 'Voluptatum debitis ea.');
INSERT INTO pet VALUES ('Hannah', 'Elvie83@yahoo.com', 'Bird', 'Veniam odit quisquam eos ut et soluta.', 'Voluptatem eveniet suscipit aut ipsum.');
INSERT INTO full_time_ct VALUES ('Elvie83@yahoo.com');
INSERT INTO ft_specializes_in VALUES ('Elvie83@yahoo.com', 'Geese (Chinese Swan Goose)', 17);

INSERT INTO person VALUES ('Rollin_Ondricka@yahoo.com', 'Angelina Morissette', '$2b$10$KjlGkoYo.X.yATkN6hl68.aBJk33rjDBO0BjpBjm1nObV8jBtyKl.', '64469 Jillian Lakes', 90356261, 'user', 'https://s3.amazonaws.com/uifaces/faces/twitter/pehamondello/128.jpg');
INSERT INTO credit_card VALUES (6542626175867847, 'Rollin_Ondricka@yahoo.com', '2022-01-11T09:01:52.426Z', 870);

INSERT INTO person VALUES ('Ozella.Hilll3@yahoo.com', 'Marcos Anderson', '$2b$10$KjlGkoYo.X.yATkN6hl68.Aojjz1/GWhQ8HRx.fQ5ASPfSQrGK./a', '4967 Rutherford Highway', 90375688, 'user', 'https://s3.amazonaws.com/uifaces/faces/twitter/pyronite/128.jpg');
INSERT INTO credit_card VALUES (3528053370106401, 'Ozella.Hilll3@yahoo.com', '2021-08-18T09:36:41.444Z', 164);
INSERT INTO pet VALUES ('Destin', 'Ozella.Hilll3@yahoo.com', 'Ponie', 'Nesciunt aut dicta possimus quaerat soluta est harum.', 'Eum fugiat sed qui quod id ut.');
INSERT INTO part_time_ct VALUES ('Ozella.Hilll3@yahoo.com');
INSERT INTO pt_free_schedule VALUES ('Ozella.Hilll3@yahoo.com', '2020-11-05T02:40:31.920Z', '2021-10-28T23:22:12.715Z');
INSERT INTO pt_specializes_in VALUES ('Ozella.Hilll3@yahoo.com', 'Bird', 1);
INSERT INTO pt_specializes_in VALUES ('Ozella.Hilll3@yahoo.com', 'Guinea Pig', 17);
INSERT INTO pt_specializes_in VALUES ('Ozella.Hilll3@yahoo.com', 'Hedgehog', 2);

INSERT INTO person VALUES ('Dusty73@hotmail.com', 'Edgardo Schuppe', '$2b$10$KjlGkoYo.X.yATkN6hl68..MmmOCU2wMpGVP0VNlGEByOjMzXUXeS', '0835 Adalberto Causeway', 90215737, 'user', 'https://s3.amazonaws.com/uifaces/faces/twitter/msveet/128.jpg');
INSERT INTO credit_card VALUES (6709196094542043, 'Dusty73@hotmail.com', '2021-01-08T20:30:59.761Z', 518);
INSERT INTO pet VALUES ('Alfred', 'Dusty73@hotmail.com', 'Geese (Chinese Swan Goose)', 'Quis voluptas qui explicabo et explicabo quia aut.', 'Voluptatem consequatur eaque eligendi.');
INSERT INTO pet VALUES ('Dariana', 'Dusty73@hotmail.com', 'Rabbit', 'Expedita repellat est omnis ex corporis quas eum.', 'Qui dolor dolorum dolorem sunt ut.');
INSERT INTO pet VALUES ('Wilfredo', 'Dusty73@hotmail.com', 'Burro', 'Est maxime itaque sed facere tempore et officia distinctio voluptatem.', 'Minima voluptas eligendi aut consequatur deserunt facilis ut qui a.');
INSERT INTO full_time_ct VALUES ('Dusty73@hotmail.com');
INSERT INTO ft_specializes_in VALUES ('Dusty73@hotmail.com', 'Dog', 18);

INSERT INTO person VALUES ('Darren.Pfeffer@yahoo.com', 'Kris DAmore', '$2b$10$KjlGkoYo.X.yATkN6hl68.NSR72ECq2Q.KOB0SftkhiQi6QMjy7la', '2679 Anderson Walk', 90531417, 'user', 'https://s3.amazonaws.com/uifaces/faces/twitter/sdidonato/128.jpg');
INSERT INTO part_time_ct VALUES ('Darren.Pfeffer@yahoo.com');
INSERT INTO pt_free_schedule VALUES ('Darren.Pfeffer@yahoo.com', '2020-11-04T17:26:16.708Z', '2021-02-22T23:16:02.882Z');

INSERT INTO person VALUES ('Nina_Leffler@gmail.com', 'Josiah Hane', '$2b$10$KjlGkoYo.X.yATkN6hl68.64dOVdgd5OMzNQTNma7K7rAgwy66LkS', '9095 Eliane Viaduct', 90975012, 'user', 'https://s3.amazonaws.com/uifaces/faces/twitter/ccinojasso1/128.jpg');
INSERT INTO credit_card VALUES (3528950454171449, 'Nina_Leffler@gmail.com', '2021-08-14T07:49:49.872Z', 069);

INSERT INTO person VALUES ('Vernon_Fay31@gmail.com', 'Blaise Kunze', '$2b$10$KjlGkoYo.X.yATkN6hl68.3q40Rid7vC7OXjTzjxl.gYK81.ijIHW', '321 Quincy Islands', 90485844, 'user', 'https://s3.amazonaws.com/uifaces/faces/twitter/bcrad/128.jpg');

INSERT INTO person VALUES ('Hulda_Waters55@hotmail.com', 'Neha Collier', '$2b$10$KjlGkoYo.X.yATkN6hl68.vEDzcQmYmQY05ftNK5eLX.Bep7gKX3i', '807 Goldner Parkways', 90403457, 'user', 'https://s3.amazonaws.com/uifaces/faces/twitter/kanickairaj/128.jpg');
INSERT INTO full_time_ct VALUES ('Hulda_Waters55@hotmail.com');
INSERT INTO ft_specializes_in VALUES ('Hulda_Waters55@hotmail.com', 'Guinea Pig', 15);
INSERT INTO ft_specializes_in VALUES ('Hulda_Waters55@hotmail.com', 'Pot Bellied Pig', 13);

INSERT INTO person VALUES ('Nicklaus.Lesch@yahoo.com', 'Tristian Hilpert', '$2b$10$KjlGkoYo.X.yATkN6hl68.5cDQGxn38jwWLu5b.qRSjpjRGKKnA3u', '382 Sauer Station', 90995936, 'user', 'https://s3.amazonaws.com/uifaces/faces/twitter/bergmartin/128.jpg');
INSERT INTO credit_card VALUES (6759389040883388, 'Nicklaus.Lesch@yahoo.com', '2021-06-27T12:38:14.537Z', 639);
INSERT INTO full_time_ct VALUES ('Nicklaus.Lesch@yahoo.com');

INSERT INTO person VALUES ('Eden.Wilderman32@yahoo.com', 'Drew Daniel', '$2b$10$KjlGkoYo.X.yATkN6hl68.krTmTYSWHuHq16C6hSE/cGPuC4Da.ma', '48868 Jast Flats', 90377688, 'user', 'https://s3.amazonaws.com/uifaces/faces/twitter/antonyryndya/128.jpg');
INSERT INTO credit_card VALUES (6391929994059735, 'Eden.Wilderman32@yahoo.com', '2021-11-09T02:35:48.509Z', 660);
INSERT INTO pet VALUES ('Maximillian', 'Eden.Wilderman32@yahoo.com', 'Rabbit', 'Hic qui alias cumque tempore laudantium.', 'Natus qui et distinctio quibusdam qui quis sit tempore.');
INSERT INTO part_time_ct VALUES ('Eden.Wilderman32@yahoo.com');
INSERT INTO pt_free_schedule VALUES ('Eden.Wilderman32@yahoo.com', '2020-11-05T05:08:08.832Z', '2021-03-01T17:45:36.112Z');

INSERT INTO person VALUES ('Jaylon71@gmail.com', 'Maximilian Rempel', '$2b$10$KjlGkoYo.X.yATkN6hl68.7r.KebLj46Q.8bJvmJvrRM79bb1eGq.', '62657 Ona Streets', 90402512, 'user', 'https://s3.amazonaws.com/uifaces/faces/twitter/sachingawas/128.jpg');
INSERT INTO credit_card VALUES (5038332320319976, 'Jaylon71@gmail.com', '2020-11-12T10:47:04.032Z', 596);
INSERT INTO pet VALUES ('Salma', 'Jaylon71@gmail.com', 'Goat', 'Et asperiores qui nisi occaecati et aliquid delectus autem.', 'Officia et voluptates quam est itaque odio consequatur.');
INSERT INTO pet VALUES ('Ethel', 'Jaylon71@gmail.com', 'Cow', 'Velit aut aut est et facere laboriosam.', 'Quod unde consectetur in labore.');
INSERT INTO pet VALUES ('Theodora', 'Jaylon71@gmail.com', 'Cow', 'Et sint ratione qui.', 'Recusandae voluptatum accusamus.');
INSERT INTO part_time_ct VALUES ('Jaylon71@gmail.com');
INSERT INTO pt_free_schedule VALUES ('Jaylon71@gmail.com', '2020-11-05T10:48:18.363Z', '2021-04-06T04:41:16.916Z');
INSERT INTO pt_specializes_in VALUES ('Jaylon71@gmail.com', 'Gerbil', 6);
INSERT INTO pt_specializes_in VALUES ('Jaylon71@gmail.com', 'Pot Bellied Pig', 7);

INSERT INTO person VALUES ('Natalia70@yahoo.com', 'Morton Jones', '$2b$10$KjlGkoYo.X.yATkN6hl68.Az7bjZYLZLi/eG2KZqgElS9xy4ytJaC', '352 Guadalupe Tunnel', 90668069, 'user', 'https://s3.amazonaws.com/uifaces/faces/twitter/cdavis565/128.jpg');
INSERT INTO credit_card VALUES (6555625346282604, 'Natalia70@yahoo.com', '2020-11-23T00:23:35.933Z', 292);

INSERT INTO person VALUES ('Noel68@gmail.com', 'Gladyce Schmitt', '$2b$10$KjlGkoYo.X.yATkN6hl68.8K0zYBuylVn8Owoh0FLoawQYyz0bJn2', '197 Kaylah Haven', 90799232, 'user', 'https://s3.amazonaws.com/uifaces/faces/twitter/muringa/128.jpg');
INSERT INTO credit_card VALUES (6385262922292257, 'Noel68@gmail.com', '2024-04-19T08:50:12.798Z', 855);

INSERT INTO person VALUES ('Winston_Metz13@hotmail.com', 'Diego Bosco', '$2b$10$KjlGkoYo.X.yATkN6hl68.Q/B3RCwp47VRayASTc3DIFTGWQWThaq', '02222 Abernathy Manors', 90155821, 'user', 'https://s3.amazonaws.com/uifaces/faces/twitter/jitachi/128.jpg');
INSERT INTO credit_card VALUES (6771896266151753, 'Winston_Metz13@hotmail.com', '2025-10-30T04:10:20.051Z', 459);
INSERT INTO pet VALUES ('Adam', 'Winston_Metz13@hotmail.com', 'Iguana', 'Et nesciunt illo fugit quaerat recusandae.', 'Voluptatem itaque aliquam at magnam nisi ipsum libero.');
INSERT INTO pet VALUES ('Alexandrine', 'Winston_Metz13@hotmail.com', 'Ferret', 'Dolorem qui molestias doloremque soluta.', 'Vel aliquam ut aspernatur.');

INSERT INTO person VALUES ('Green12@yahoo.com', 'Pauline Willms', '$2b$10$KjlGkoYo.X.yATkN6hl68.BtT1S0RpTgf1pbSWabblA0u4tYQM.T6', '6412 Cremin Creek', 90837780, 'user', 'https://s3.amazonaws.com/uifaces/faces/twitter/mizhgan/128.jpg');
INSERT INTO credit_card VALUES (6304443768480824, 'Green12@yahoo.com', '2023-02-18T02:41:13.336Z', 512);
INSERT INTO full_time_ct VALUES ('Green12@yahoo.com');
INSERT INTO ft_specializes_in VALUES ('Green12@yahoo.com', 'Donkey', 4);
INSERT INTO ft_specializes_in VALUES ('Green12@yahoo.com', 'Fish', 14);
INSERT INTO ft_specializes_in VALUES ('Green12@yahoo.com', 'Pigeon', 7);

INSERT INTO person VALUES ('Caterina_VonRueden@yahoo.com', 'Roslyn Hintz', '$2b$10$KjlGkoYo.X.yATkN6hl68.uz5XrIoR1b0q6Q.8qRdFQ/6LcqM8SAu', '943 Boyd Fort', 90682475, 'user', 'https://s3.amazonaws.com/uifaces/faces/twitter/puzik/128.jpg');
INSERT INTO full_time_ct VALUES ('Caterina_VonRueden@yahoo.com');
INSERT INTO ft_specializes_in VALUES ('Caterina_VonRueden@yahoo.com', 'Duck', 16);

INSERT INTO person VALUES ('Frederik.Koelpin36@hotmail.com', 'Marianna Schuppe', '$2b$10$KjlGkoYo.X.yATkN6hl68.tvJQZAjxWeNe56zWvzR1if.QLFeZ5Ce', '1726 Von Burgs', 90896135, 'user', 'https://s3.amazonaws.com/uifaces/faces/twitter/kkusaa/128.jpg');
INSERT INTO credit_card VALUES (3528965206522586, 'Frederik.Koelpin36@hotmail.com', '2021-07-26T10:46:30.669Z', 839);
INSERT INTO part_time_ct VALUES ('Frederik.Koelpin36@hotmail.com');
INSERT INTO pt_free_schedule VALUES ('Frederik.Koelpin36@hotmail.com', '2020-11-05T11:46:10.203Z', '2021-05-16T04:29:13.381Z');
INSERT INTO pt_specializes_in VALUES ('Frederik.Koelpin36@hotmail.com', 'Llama', 5);

INSERT INTO person VALUES ('Michaela91@gmail.com', 'Tremaine Johns', '$2b$10$KjlGkoYo.X.yATkN6hl68.ZLvQh9YSCMQQvvEywrJr8.hYdY4y8ge', '396 Miller Brook', 90407018, 'user', 'https://s3.amazonaws.com/uifaces/faces/twitter/timothycd/128.jpg');

INSERT INTO person VALUES ('Nolan_Gerlach8@gmail.com', 'June Klocko', '$2b$10$KjlGkoYo.X.yATkN6hl68.p4bKRjCZZ635yyaW89PaVSKf.9euDcC', '7733 Brendan Estate', 90200602, 'user', 'https://s3.amazonaws.com/uifaces/faces/twitter/cybind/128.jpg');
INSERT INTO credit_card VALUES (343434483806829, 'Nolan_Gerlach8@gmail.com', '2021-03-07T05:17:41.774Z', 073);

INSERT INTO person VALUES ('Rozella.Considine26@yahoo.com', 'Hilton Frami', '$2b$10$KjlGkoYo.X.yATkN6hl68.ynfomt99fUeKleBouR3GApjuXdk8x2e', '8025 Ibrahim Via', 90221694, 'user', 'https://s3.amazonaws.com/uifaces/faces/twitter/malgordon/128.jpg');

INSERT INTO person VALUES ('Nikolas67@hotmail.com', 'Millie Cruickshank', '$2b$10$KjlGkoYo.X.yATkN6hl68.nHH7K0c.CT.0vPtXiabtgQ5OJnH1rsa', '5459 Smith Plains', 90582721, 'user', 'https://s3.amazonaws.com/uifaces/faces/twitter/tomaslau/128.jpg');
INSERT INTO credit_card VALUES (6759105242264607, 'Nikolas67@hotmail.com', '2022-08-06T08:28:08.157Z', 494);
INSERT INTO pet VALUES ('Buddy', 'Nikolas67@hotmail.com', 'Duck', 'Officiis et nesciunt numquam.', 'Veritatis magnam officiis a doloremque.');
INSERT INTO pet VALUES ('Domenic', 'Nikolas67@hotmail.com', 'Lizard', 'Amet voluptates possimus quisquam ex aut pariatur magnam est.', 'Minima eos recusandae perferendis accusantium sunt perspiciatis dignissimos est culpa.');

INSERT INTO person VALUES ('Cruz_Stehr@gmail.com', 'Marshall Treutel', '$2b$10$KjlGkoYo.X.yATkN6hl68.zwcsOX/5Rf5R8r8ml95LrNpDkEjYMX6', '717 Keira Way', 90097406, 'user', 'https://s3.amazonaws.com/uifaces/faces/twitter/melvindidit/128.jpg');
INSERT INTO credit_card VALUES (6767576184155557, 'Cruz_Stehr@gmail.com', '2021-02-08T13:27:04.929Z', 494);
INSERT INTO part_time_ct VALUES ('Cruz_Stehr@gmail.com');
INSERT INTO pt_free_schedule VALUES ('Cruz_Stehr@gmail.com', '2020-11-04T15:16:04.882Z', '2020-12-21T22:15:59.996Z');

INSERT INTO person VALUES ('Russell53@yahoo.com', 'Al Hilll', '$2b$10$KjlGkoYo.X.yATkN6hl68.985gLkNk8vxvvwfP7HCwmGKPdx3hWvy', '087 Ava Lodge', 90824034, 'user', 'https://s3.amazonaws.com/uifaces/faces/twitter/brenton_clarke/128.jpg');

INSERT INTO person VALUES ('Sandy_Langworth@yahoo.com', 'Florence Boyer', '$2b$10$KjlGkoYo.X.yATkN6hl68.J5TYHtiAtWKRX.vhpPTdHxeHqG9Hj2q', '62686 Monahan Summit', 90665799, 'user', 'https://s3.amazonaws.com/uifaces/faces/twitter/moynihan/128.jpg');

INSERT INTO person VALUES ('Halie75@hotmail.com', 'Domenico Braun', '$2b$10$KjlGkoYo.X.yATkN6hl68.Gsy09PpcpQRu/8t94fYA5fs8A4CPEx2', '95079 Lesch Haven', 90574579, 'user', 'https://s3.amazonaws.com/uifaces/faces/twitter/harry_sistalam/128.jpg');
INSERT INTO full_time_ct VALUES ('Halie75@hotmail.com');
INSERT INTO ft_specializes_in VALUES ('Halie75@hotmail.com', 'Goat', 12);
INSERT INTO ft_specializes_in VALUES ('Halie75@hotmail.com', 'Mule', 11);

INSERT INTO person VALUES ('Veronica55@hotmail.com', 'Aniya Weissnat', '$2b$10$KjlGkoYo.X.yATkN6hl68.vkv/Onenz.serCz6YFtIobZBd0J6oLy', '55845 Hartmann Road', 90331125, 'user', 'https://s3.amazonaws.com/uifaces/faces/twitter/operatino/128.jpg');
INSERT INTO part_time_ct VALUES ('Veronica55@hotmail.com');
INSERT INTO pt_free_schedule VALUES ('Veronica55@hotmail.com', '2020-11-04T20:41:54.869Z', '2020-12-01T17:18:32.445Z');
INSERT INTO pt_specializes_in VALUES ('Veronica55@hotmail.com', 'Chicken', 20);

INSERT INTO person VALUES ('Leopoldo.Fay6@yahoo.com', 'Wilfred Klocko', '$2b$10$KjlGkoYo.X.yATkN6hl68.uWFDPGcOxWywgjp3l/bPLI0XJukVADO', '0286 Major Well', 90730481, 'user', 'https://s3.amazonaws.com/uifaces/faces/twitter/sdidonato/128.jpg');
INSERT INTO full_time_ct VALUES ('Leopoldo.Fay6@yahoo.com');
INSERT INTO ft_specializes_in VALUES ('Leopoldo.Fay6@yahoo.com', 'Chameleons (Veiled)', 7);

INSERT INTO person VALUES ('Vladimir.Brown0@gmail.com', 'Ansley Ankunding', '$2b$10$KjlGkoYo.X.yATkN6hl68.a9CH7aoK0Oq1kixz1zN8eWJkg5nrnli', '94554 Ramona Cliffs', 90827889, 'user', 'https://s3.amazonaws.com/uifaces/faces/twitter/vladarbatov/128.jpg');

INSERT INTO person VALUES ('Alexandria45@yahoo.com', 'Roberto Wehner', '$2b$10$KjlGkoYo.X.yATkN6hl68.Ti0hSoPxqrj5ahppG8rOYSpHKG37BIK', '0294 Sporer Point', 90471454, 'user', 'https://s3.amazonaws.com/uifaces/faces/twitter/justinrhee/128.jpg');
INSERT INTO credit_card VALUES (6771891263292542, 'Alexandria45@yahoo.com', '2021-10-27T18:23:33.867Z', 773);
INSERT INTO pet VALUES ('Toney', 'Alexandria45@yahoo.com', 'Iguana', 'Dolores ab exercitationem deserunt sunt itaque quasi aut pariatur tenetur.', 'Vitae non iure eaque deserunt vero eaque quas.');
INSERT INTO pet VALUES ('Dejuan', 'Alexandria45@yahoo.com', 'Chinese Water Dragon', 'In quis ea quia.', 'Ratione dolorum quasi qui quibusdam eos dolor reiciendis est.');
INSERT INTO pet VALUES ('Verner', 'Alexandria45@yahoo.com', 'Chinese Water Dragon', 'Consequatur autem labore corporis ut.', 'Qui voluptas provident sed.');

INSERT INTO person VALUES ('Ernie_Jerde@hotmail.com', 'Gilberto Waelchi', '$2b$10$KjlGkoYo.X.yATkN6hl68.ezOMFe5wwNfT1f2ax6GPmum01zyxDOi', '21857 Roxane Passage', 90000451, 'user', 'https://s3.amazonaws.com/uifaces/faces/twitter/judzhin_miles/128.jpg');
INSERT INTO credit_card VALUES (6759445653494167, 'Ernie_Jerde@hotmail.com', '2025-07-07T10:48:35.110Z', 774);
INSERT INTO pet VALUES ('Julianne', 'Ernie_Jerde@hotmail.com', 'Pigeon', 'Perferendis repellendus autem eum ab officiis nostrum.', 'Quis dolorem vero.');
INSERT INTO part_time_ct VALUES ('Ernie_Jerde@hotmail.com');
INSERT INTO pt_free_schedule VALUES ('Ernie_Jerde@hotmail.com', '2020-11-04T18:44:35.447Z', '2021-09-22T04:19:42.575Z');
INSERT INTO pt_specializes_in VALUES ('Ernie_Jerde@hotmail.com', 'Burro', 3);
INSERT INTO pt_specializes_in VALUES ('Ernie_Jerde@hotmail.com', 'Hedgehog', 7);

INSERT INTO person VALUES ('Yazmin.Lebsack@gmail.com', 'Hank Will', '$2b$10$KjlGkoYo.X.yATkN6hl68.x8Ut3PkMCD36Bhrez.Wbu0B3V9N0biq', '06142 Predovic Locks', 90454041, 'user', 'https://s3.amazonaws.com/uifaces/faces/twitter/harry_sistalam/128.jpg');

INSERT INTO person VALUES ('Daniela.MacGyver25@hotmail.com', 'Cade Bartell', '$2b$10$KjlGkoYo.X.yATkN6hl68.h1Q/YpQD3qC.qJpkLo8B.UgW7sla9Va', '51901 Alana Pines', 90993578, 'user', 'https://s3.amazonaws.com/uifaces/faces/twitter/catadeleon/128.jpg');
INSERT INTO part_time_ct VALUES ('Daniela.MacGyver25@hotmail.com');
INSERT INTO pt_free_schedule VALUES ('Daniela.MacGyver25@hotmail.com', '2020-11-05T07:02:28.280Z', '2021-01-03T04:41:20.667Z');
INSERT INTO pt_specializes_in VALUES ('Daniela.MacGyver25@hotmail.com', 'Bird', 7);
INSERT INTO pt_specializes_in VALUES ('Daniela.MacGyver25@hotmail.com', 'Duck', 16);
INSERT INTO pt_specializes_in VALUES ('Daniela.MacGyver25@hotmail.com', 'Geese (Chinese Swan Goose)', 7);

INSERT INTO person VALUES ('Sabryna90@yahoo.com', 'Vilma Ferry', '$2b$10$KjlGkoYo.X.yATkN6hl68.pRrzSs.d.Vg7gx.HSztxTKeBQgLAAfC', '569 Jovanny Trail', 90741463, 'user', 'https://s3.amazonaws.com/uifaces/faces/twitter/abdulhyeuk/128.jpg');
INSERT INTO credit_card VALUES (5335670794362393, 'Sabryna90@yahoo.com', '2023-07-25T09:43:01.905Z', 709);
INSERT INTO part_time_ct VALUES ('Sabryna90@yahoo.com');
INSERT INTO pt_free_schedule VALUES ('Sabryna90@yahoo.com', '2020-11-05T07:47:47.229Z', '2021-04-04T09:00:50.450Z');
INSERT INTO pt_specializes_in VALUES ('Sabryna90@yahoo.com', 'Cow', 10);

INSERT INTO person VALUES ('Brendon_Nienow17@gmail.com', 'Daphnee Gibson', '$2b$10$KjlGkoYo.X.yATkN6hl68.sWbRq5y1Eklb6OAa00vGY3K43I4dnKm', '15075 Kunde Spurs', 90940990, 'user', 'https://s3.amazonaws.com/uifaces/faces/twitter/dannol/128.jpg');
INSERT INTO credit_card VALUES (3529047416375035, 'Brendon_Nienow17@gmail.com', '2020-11-18T05:28:31.670Z', 800);
INSERT INTO pet VALUES ('Gardner', 'Brendon_Nienow17@gmail.com', 'Chinese Water Dragon', 'Soluta mollitia quod explicabo non a sunt.', 'Adipisci et veritatis rerum perferendis in sit.');
INSERT INTO pet VALUES ('Ward', 'Brendon_Nienow17@gmail.com', 'Duck', 'Qui asperiores et et.', 'Quia veritatis sunt magni.');
INSERT INTO pet VALUES ('Antwon', 'Brendon_Nienow17@gmail.com', 'Hamster', 'Maiores itaque aut odit fuga aperiam sint.', 'Sed perferendis animi impedit fugiat quia quia in sit quidem.');

INSERT INTO person VALUES ('Rosalind_Jones82@gmail.com', 'Rebekah Johns', '$2b$10$KjlGkoYo.X.yATkN6hl68.v4ss.9j8w9CS3xGGtepzK4Sj6tgV3Oq', '612 Lavern Turnpike', 90630898, 'user', 'https://s3.amazonaws.com/uifaces/faces/twitter/angelcreative/128.jpg');
INSERT INTO credit_card VALUES (6771451348027401, 'Rosalind_Jones82@gmail.com', '2024-10-24T09:09:15.802Z', 896);
INSERT INTO pet VALUES ('Judd', 'Rosalind_Jones82@gmail.com', 'Bearded Dragon', 'Quo eaque nisi amet cumque quisquam ab.', 'Quo amet at.');
INSERT INTO pet VALUES ('Nathanael', 'Rosalind_Jones82@gmail.com', 'Goat', 'Nemo corporis in occaecati rerum recusandae rerum quaerat.', 'Nesciunt molestiae et cupiditate vero eum aut.');
INSERT INTO pet VALUES ('Keagan', 'Rosalind_Jones82@gmail.com', 'Chameleons (Veiled)', 'Culpa pariatur corporis.', 'In eveniet debitis rem dolor.');

INSERT INTO person VALUES ('Jolie.Bauch@yahoo.com', 'Brielle Schamberger', '$2b$10$KjlGkoYo.X.yATkN6hl68.lh37cyBmAFb3VE7d5N76I5eJZMTOqH6', '367 Heaney Way', 90314174, 'user', 'https://s3.amazonaws.com/uifaces/faces/twitter/caspergrl/128.jpg');
INSERT INTO credit_card VALUES (6759066520401134, 'Jolie.Bauch@yahoo.com', '2021-09-14T06:34:16.918Z', 958);

INSERT INTO person VALUES ('Caleigh43@yahoo.com', 'Caleb Ankunding', '$2b$10$KjlGkoYo.X.yATkN6hl68.Gkn7/UXFraBMOTC4Fjnx6BCkmtQ.R7O', '023 Jake Ridge', 90424253, 'user', 'https://s3.amazonaws.com/uifaces/faces/twitter/oktayelipek/128.jpg');
INSERT INTO credit_card VALUES (349603246325550, 'Caleigh43@yahoo.com', '2021-11-25T16:45:11.248Z', 942);
INSERT INTO pet VALUES ('Dillon', 'Caleigh43@yahoo.com', 'Guinea Pig', 'Voluptas rerum praesentium hic iusto.', 'Quas sunt et.');
INSERT INTO pet VALUES ('Lenora', 'Caleigh43@yahoo.com', 'Pig', 'Repudiandae est voluptatem adipisci iste accusantium voluptatum nesciunt amet.', 'Ex praesentium et quibusdam maiores.');
INSERT INTO pet VALUES ('Lenna', 'Caleigh43@yahoo.com', 'Hog', 'Voluptas repudiandae eum sit vitae iure.', 'Perferendis architecto repudiandae.');
INSERT INTO full_time_ct VALUES ('Caleigh43@yahoo.com');
INSERT INTO ft_specializes_in VALUES ('Caleigh43@yahoo.com', 'Bearded Dragon', 12);
INSERT INTO ft_specializes_in VALUES ('Caleigh43@yahoo.com', 'Burro', 15);
INSERT INTO ft_specializes_in VALUES ('Caleigh43@yahoo.com', 'Duck', 0);

INSERT INTO person VALUES ('Karianne_Abshire80@hotmail.com', 'Lawson Harber', '$2b$10$KjlGkoYo.X.yATkN6hl68.HgZ0BP84s6A9YixW/YZ3mH8ONPaSfwa', '507 Keebler Alley', 90902048, 'user', 'https://s3.amazonaws.com/uifaces/faces/twitter/dnezkumar/128.jpg');
INSERT INTO credit_card VALUES (6767383672454640, 'Karianne_Abshire80@hotmail.com', '2021-04-11T15:13:58.738Z', 061);

INSERT INTO person VALUES ('Kathlyn25@yahoo.com', 'Gabriella Pfeffer', '$2b$10$KjlGkoYo.X.yATkN6hl68.TFkNfi3MW5dTdRdf/H358nnmfquREe2', '456 Sabryna Unions', 90604879, 'user', 'https://s3.amazonaws.com/uifaces/faces/twitter/mahmoudmetwally/128.jpg');
INSERT INTO credit_card VALUES (6450625689634735, 'Kathlyn25@yahoo.com', '2022-07-24T00:09:18.795Z', 334);
INSERT INTO pet VALUES ('Kathryn', 'Kathlyn25@yahoo.com', 'Gerbil', 'Et voluptates aliquam quia odio.', 'Vitae ut ea rerum totam quo dolores corporis.');
INSERT INTO pet VALUES ('Bo', 'Kathlyn25@yahoo.com', 'Pig', 'Laborum quis vero quod.', 'Ipsum eum exercitationem.');
INSERT INTO pet VALUES ('Gunner', 'Kathlyn25@yahoo.com', 'Donkey', 'Consequatur dolores et.', 'Quia harum nisi autem error enim voluptatem consequuntur.');
INSERT INTO full_time_ct VALUES ('Kathlyn25@yahoo.com');
INSERT INTO ft_specializes_in VALUES ('Kathlyn25@yahoo.com', 'Mice', 8);

INSERT INTO person VALUES ('Armani_Braun@yahoo.com', 'Lamar Gusikowski', '$2b$10$KjlGkoYo.X.yATkN6hl68.CY9/zBaM15OiP22JNIrowIsNXmOHrsu', '130 Goyette Pass', 90043973, 'user', 'https://s3.amazonaws.com/uifaces/faces/twitter/calebjoyce/128.jpg');
INSERT INTO full_time_ct VALUES ('Armani_Braun@yahoo.com');
INSERT INTO ft_specializes_in VALUES ('Armani_Braun@yahoo.com', 'Bearded Dragon', 2);
INSERT INTO ft_specializes_in VALUES ('Armani_Braun@yahoo.com', 'Duck', 0);

INSERT INTO person VALUES ('Kamren_Williamson96@gmail.com', 'Zena Johns', '$2b$10$KjlGkoYo.X.yATkN6hl68.PZ69H8vqyorYA0rcmtUqq06DWl9hSmi', '43549 Amir Views', 90176122, 'user', 'https://s3.amazonaws.com/uifaces/faces/twitter/nsamoylov/128.jpg');
INSERT INTO credit_card VALUES (5482308818348723, 'Kamren_Williamson96@gmail.com', '2021-12-16T15:42:05.867Z', 866);

INSERT INTO person VALUES ('Dylan_Rippin@gmail.com', 'Marian Aufderhar', '$2b$10$KjlGkoYo.X.yATkN6hl68.G1ngw17b9Hh5brqskIAouLhPgLfkZVO', '85741 Delmer Forest', 90825206, 'user', 'https://s3.amazonaws.com/uifaces/faces/twitter/moscoz/128.jpg');
INSERT INTO credit_card VALUES (4005431824940, 'Dylan_Rippin@gmail.com', '2022-08-28T07:31:30.226Z', 261);

INSERT INTO person VALUES ('Brad.Haley5@hotmail.com', 'Nicolas Little', '$2b$10$KjlGkoYo.X.yATkN6hl68.n07Z6YK2m0WW1JrZz2hYzM04apTFo..', '4436 Ernest Mill', 90514190, 'user', 'https://s3.amazonaws.com/uifaces/faces/twitter/nilshelmersson/128.jpg');

INSERT INTO person VALUES ('Bernice.Roob@hotmail.com', 'Austyn Kreiger', '$2b$10$KjlGkoYo.X.yATkN6hl68.V6FG5jtGSjmKcsP5tHWB8Bedrla661y', '8894 Schmeler Square', 90133370, 'user', 'https://s3.amazonaws.com/uifaces/faces/twitter/abdullindenis/128.jpg');
INSERT INTO full_time_ct VALUES ('Bernice.Roob@hotmail.com');
INSERT INTO ft_specializes_in VALUES ('Bernice.Roob@hotmail.com', 'Donkey', 1);
INSERT INTO ft_specializes_in VALUES ('Bernice.Roob@hotmail.com', 'Iguana', 18);

INSERT INTO person VALUES ('Ronaldo84@yahoo.com', 'Raquel Steuber', '$2b$10$KjlGkoYo.X.yATkN6hl68.lnjcp10dQlMDc0ghh0sI3/Fs7SpGsYK', '59931 Dickinson Loaf', 90995338, 'user', 'https://s3.amazonaws.com/uifaces/faces/twitter/goddardlewis/128.jpg');
INSERT INTO credit_card VALUES (30590600973396, 'Ronaldo84@yahoo.com', '2022-03-27T07:27:27.114Z', 489);

INSERT INTO person VALUES ('Gaylord.Wyman@hotmail.com', 'Trycia Stiedemann', '$2b$10$KjlGkoYo.X.yATkN6hl68.mg6d3IYabXCzLDBUdUopuarYMcHc6.y', '22451 Natasha Centers', 90737342, 'user', 'https://s3.amazonaws.com/uifaces/faces/twitter/moynihan/128.jpg');
INSERT INTO credit_card VALUES (6767186895137791, 'Gaylord.Wyman@hotmail.com', '2022-09-10T21:12:28.361Z', 894);
INSERT INTO pet VALUES ('Aniyah', 'Gaylord.Wyman@hotmail.com', 'Bird', 'Maiores sunt dolore quia laborum maxime consequatur.', 'Rem vel culpa porro blanditiis sapiente reiciendis ipsam qui.');
INSERT INTO pet VALUES ('Willy', 'Gaylord.Wyman@hotmail.com', 'Pigeon', 'Consequatur qui consequatur veniam.', 'Architecto rerum temporibus omnis in enim inventore a aut.');
INSERT INTO pet VALUES ('Tom', 'Gaylord.Wyman@hotmail.com', 'Pot Bellied Pig', 'Velit molestiae eligendi pariatur blanditiis aliquam et cupiditate.', 'Voluptatum rerum delectus et expedita ipsam voluptatem.');

INSERT INTO person VALUES ('Kacey78@gmail.com', 'Brenden Gislason', '$2b$10$KjlGkoYo.X.yATkN6hl68.g3hZtYfFQailSuc5P67cvYXs3tv08w6', '10914 Kessler Tunnel', 90978381, 'user', 'https://s3.amazonaws.com/uifaces/faces/twitter/loganjlambert/128.jpg');

INSERT INTO person VALUES ('Desmond.Abernathy58@gmail.com', 'Gretchen Medhurst', '$2b$10$KjlGkoYo.X.yATkN6hl68.XvbUw08g76vFwJulewWtZUeqFw.OSSi', '9149 Elissa Squares', 90439923, 'user', 'https://s3.amazonaws.com/uifaces/faces/twitter/bryan_topham/128.jpg');
INSERT INTO full_time_ct VALUES ('Desmond.Abernathy58@gmail.com');

INSERT INTO person VALUES ('Ambrose45@hotmail.com', 'Christiana Rath', '$2b$10$KjlGkoYo.X.yATkN6hl68.bCUtB4Ty60wDCR33iBEvVB5KaaPvF.y', '41456 Schmeler Lodge', 90738375, 'user', 'https://s3.amazonaws.com/uifaces/faces/twitter/angelcolberg/128.jpg');
INSERT INTO full_time_ct VALUES ('Ambrose45@hotmail.com');
INSERT INTO ft_specializes_in VALUES ('Ambrose45@hotmail.com', 'Ponie', 6);

INSERT INTO person VALUES ('Lisa.Kautzer@hotmail.com', 'Geovany Stokes', '$2b$10$KjlGkoYo.X.yATkN6hl68.ozmVHVH3sRpB4D8c3vB3Cs18MItYx3.', '08727 Kunde Stravenue', 90399676, 'user', 'https://s3.amazonaws.com/uifaces/faces/twitter/kimcool/128.jpg');
INSERT INTO credit_card VALUES (4333798957558, 'Lisa.Kautzer@hotmail.com', '2021-07-10T09:50:05.391Z', 365);
INSERT INTO pet VALUES ('Christina', 'Lisa.Kautzer@hotmail.com', 'Chicken', 'Blanditiis consectetur ut et excepturi.', 'Et facere alias omnis exercitationem ut aspernatur est qui.');
INSERT INTO pet VALUES ('Adelia', 'Lisa.Kautzer@hotmail.com', 'Rabbit', 'Ut reiciendis dolores alias.', 'Dicta corporis neque dignissimos ut.');
INSERT INTO full_time_ct VALUES ('Lisa.Kautzer@hotmail.com');
INSERT INTO ft_specializes_in VALUES ('Lisa.Kautzer@hotmail.com', 'Bird', 11);
INSERT INTO ft_specializes_in VALUES ('Lisa.Kautzer@hotmail.com', 'Hamster', 8);
INSERT INTO ft_specializes_in VALUES ('Lisa.Kautzer@hotmail.com', 'Hedgehog', 20);

INSERT INTO person VALUES ('Ruben_Hane@hotmail.com', 'Daryl Mayert', '$2b$10$KjlGkoYo.X.yATkN6hl68.ZsEdos717VfngeJKxwu/Eo0E74bfE7.', '275 Keebler Ferry', 90699846, 'user', 'https://s3.amazonaws.com/uifaces/faces/twitter/bereto/128.jpg');
INSERT INTO credit_card VALUES (6387855155663017, 'Ruben_Hane@hotmail.com', '2021-10-14T13:43:51.568Z', 211);

INSERT INTO person VALUES ('Eric_Lindgren12@yahoo.com', 'Dwight Crooks', '$2b$10$KjlGkoYo.X.yATkN6hl68.DO/9MAj.k6qfdfjnSHwVcX4/offi2uC', '706 Afton Village', 90507863, 'user', 'https://s3.amazonaws.com/uifaces/faces/twitter/peter576/128.jpg');

INSERT INTO person VALUES ('Jarvis97@yahoo.com', 'Abigayle Jacobs', '$2b$10$KjlGkoYo.X.yATkN6hl68.AhGq7ho2bdsRvgLr1gy1q15GqZXnMQK', '42689 Considine Course', 90049261, 'user', 'https://s3.amazonaws.com/uifaces/faces/twitter/geobikas/128.jpg');
INSERT INTO credit_card VALUES (6759380261843692, 'Jarvis97@yahoo.com', '2021-03-18T01:10:34.961Z', 921);
INSERT INTO pet VALUES ('Caitlyn', 'Jarvis97@yahoo.com', 'Hedgehog', 'Laudantium voluptas deleniti voluptatibus ullam occaecati repellendus voluptates.', 'Quam sint at ab iusto est esse optio et labore.');
INSERT INTO pet VALUES ('Allen', 'Jarvis97@yahoo.com', 'Rabbit', 'Iusto adipisci unde suscipit qui occaecati suscipit aut.', 'Ad reprehenderit saepe nesciunt corrupti tempore fuga quam.');
INSERT INTO part_time_ct VALUES ('Jarvis97@yahoo.com');
INSERT INTO pt_free_schedule VALUES ('Jarvis97@yahoo.com', '2020-11-05T11:58:30.278Z', '2021-09-10T05:42:59.508Z');

INSERT INTO person VALUES ('Roman_Abernathy@gmail.com', 'Hildegard Runte', '$2b$10$KjlGkoYo.X.yATkN6hl68.M2RFM8rW0l9rSy4D42nkeJvP3jgtbhG', '399 Effie Mountain', 90157255, 'user', 'https://s3.amazonaws.com/uifaces/faces/twitter/flexrs/128.jpg');
INSERT INTO credit_card VALUES (3588782835793519, 'Roman_Abernathy@gmail.com', '2025-04-04T00:06:06.477Z', 743);
INSERT INTO pet VALUES ('Cicero', 'Roman_Abernathy@gmail.com', 'Goat', 'Distinctio non eum.', 'Perferendis quia sed est at.');
INSERT INTO pet VALUES ('Maria', 'Roman_Abernathy@gmail.com', 'Ponie', 'Velit in vitae alias provident assumenda.', 'Omnis et qui pariatur et qui et quia aut.');
INSERT INTO part_time_ct VALUES ('Roman_Abernathy@gmail.com');
INSERT INTO pt_free_schedule VALUES ('Roman_Abernathy@gmail.com', '2020-11-04T23:30:25.122Z', '2021-08-29T05:18:12.689Z');
INSERT INTO pt_specializes_in VALUES ('Roman_Abernathy@gmail.com', 'Gerbil', 12);
INSERT INTO pt_specializes_in VALUES ('Roman_Abernathy@gmail.com', 'Guinea Pig', 9);

INSERT INTO person VALUES ('Tess87@yahoo.com', 'Eric Shanahan', '$2b$10$KjlGkoYo.X.yATkN6hl68.65.t94sFtfECbjl.uP17VKnvMXrxMLm', '544 Hane Circle', 90534105, 'user', 'https://s3.amazonaws.com/uifaces/faces/twitter/dixchen/128.jpg');
INSERT INTO credit_card VALUES (6011510233541929, 'Tess87@yahoo.com', '2021-03-18T16:20:10.370Z', 490);
INSERT INTO pet VALUES ('Stephen', 'Tess87@yahoo.com', 'Donkey', 'Labore officiis adipisci fuga consequatur.', 'Dolorem a natus perspiciatis corrupti est et veritatis minima veritatis.');
INSERT INTO pet VALUES ('Toney', 'Tess87@yahoo.com', 'Fish', 'Incidunt sint eos culpa accusantium.', 'Nihil laboriosam consectetur velit.');
INSERT INTO pet VALUES ('Jaylen', 'Tess87@yahoo.com', 'Ponie', 'Praesentium expedita libero.', 'Enim non ex.');
INSERT INTO part_time_ct VALUES ('Tess87@yahoo.com');
INSERT INTO pt_free_schedule VALUES ('Tess87@yahoo.com', '2020-11-05T03:09:39.007Z', '2020-11-19T01:46:28.383Z');

INSERT INTO person VALUES ('Reese_Altenwerth99@hotmail.com', 'Casandra Reichert', '$2b$10$KjlGkoYo.X.yATkN6hl68.qtVdeM9VzGOvsHWuL9dAAp6kJEAOmfW', '9603 Wisozk Mount', 90818039, 'user', 'https://s3.amazonaws.com/uifaces/faces/twitter/mastermindesign/128.jpg');

INSERT INTO person VALUES ('Arturo69@gmail.com', 'Nia Nader', '$2b$10$KjlGkoYo.X.yATkN6hl68.AbRP2Nd9km6pUisdobGN9v.mkGd/FYK', '530 Stehr Creek', 90639659, 'user', 'https://s3.amazonaws.com/uifaces/faces/twitter/vytautas_a/128.jpg');

INSERT INTO person VALUES ('Eli9@hotmail.com', 'Dexter Boyer', '$2b$10$KjlGkoYo.X.yATkN6hl68.VLtlnrs4ZlFR2U1VK7xvvksHRT35IfG', '3588 Jerad Burg', 90907171, 'user', 'https://s3.amazonaws.com/uifaces/faces/twitter/jwalter14/128.jpg');

INSERT INTO person VALUES ('Elisabeth50@hotmail.com', 'Twila Stoltenberg', '$2b$10$KjlGkoYo.X.yATkN6hl68.yLeVC/opHiDvoMrFwYg3eMVhy7z0Fs6', '138 Cristobal Mount', 90970605, 'user', 'https://s3.amazonaws.com/uifaces/faces/twitter/kerihenare/128.jpg');

INSERT INTO person VALUES ('Effie_Smitham93@gmail.com', 'Lonzo Marks', '$2b$10$KjlGkoYo.X.yATkN6hl68.aXIjIL.YT1ue2Mh4h/JTca28uxJubDO', '00377 Hahn Heights', 90497677, 'user', 'https://s3.amazonaws.com/uifaces/faces/twitter/jacobbennett/128.jpg');
INSERT INTO credit_card VALUES (6482622833599629, 'Effie_Smitham93@gmail.com', '2021-01-10T13:01:10.869Z', 961);
INSERT INTO pet VALUES ('Brook', 'Effie_Smitham93@gmail.com', 'Mice', 'Molestiae repellendus id voluptatem magni ipsa ullam.', 'Ipsa consectetur quia qui porro.');

INSERT INTO person VALUES ('Blake_Pacocha@gmail.com', 'Ralph Kilback', '$2b$10$KjlGkoYo.X.yATkN6hl68.YeCQfIbm/mxUxrAhmD4RtGX96YolzmW', '9575 Vandervort Square', 90919917, 'user', 'https://s3.amazonaws.com/uifaces/faces/twitter/bertboerland/128.jpg');
INSERT INTO credit_card VALUES (6011629956478817, 'Blake_Pacocha@gmail.com', '2021-03-27T08:05:28.402Z', 660);
INSERT INTO pet VALUES ('Sincere', 'Blake_Pacocha@gmail.com', 'Dog', 'Aliquid id nulla et maxime architecto.', 'Exercitationem consectetur saepe qui quia.');
INSERT INTO part_time_ct VALUES ('Blake_Pacocha@gmail.com');
INSERT INTO pt_free_schedule VALUES ('Blake_Pacocha@gmail.com', '2020-11-05T03:31:19.676Z', '2021-09-06T09:40:59.165Z');
INSERT INTO pt_specializes_in VALUES ('Blake_Pacocha@gmail.com', 'Burro', 17);
INSERT INTO pt_specializes_in VALUES ('Blake_Pacocha@gmail.com', 'Gecko', 2);

INSERT INTO person VALUES ('Olaf_Champlin@gmail.com', 'Carlotta Willms', '$2b$10$KjlGkoYo.X.yATkN6hl68.Ppw3hVbaquSSDoXypg.ls78WK33cXDa', '1430 Wade Squares', 90788049, 'user', 'https://s3.amazonaws.com/uifaces/faces/twitter/abdulhyeuk/128.jpg');
INSERT INTO credit_card VALUES (373847126869570, 'Olaf_Champlin@gmail.com', '2021-09-30T15:33:35.546Z', 999);

INSERT INTO person VALUES ('Bonnie_Rutherford@yahoo.com', 'Jovanny Rowe', '$2b$10$KjlGkoYo.X.yATkN6hl68.JpFVRGj5WTjrGX4DbQNCZYgGxccJYjO', '80087 Von Underpass', 90643170, 'user', 'https://s3.amazonaws.com/uifaces/faces/twitter/joreira/128.jpg');
INSERT INTO full_time_ct VALUES ('Bonnie_Rutherford@yahoo.com');
INSERT INTO ft_specializes_in VALUES ('Bonnie_Rutherford@yahoo.com', 'Guinea Pig', 8);
INSERT INTO ft_specializes_in VALUES ('Bonnie_Rutherford@yahoo.com', 'Pig', 14);

INSERT INTO person VALUES ('Justina_Windler45@gmail.com', 'Jacklyn Crona', '$2b$10$KjlGkoYo.X.yATkN6hl68.lxMk4kDV4IB5A/OwF3SgQ7TUFCQRkHO', '65609 Abernathy Drive', 90534025, 'user', 'https://s3.amazonaws.com/uifaces/faces/twitter/findingjenny/128.jpg');
INSERT INTO part_time_ct VALUES ('Justina_Windler45@gmail.com');
INSERT INTO pt_free_schedule VALUES ('Justina_Windler45@gmail.com', '2020-11-05T01:06:08.660Z', '2021-01-16T23:42:48.619Z');
INSERT INTO pt_specializes_in VALUES ('Justina_Windler45@gmail.com', 'Chameleons (Veiled)', 11);
INSERT INTO pt_specializes_in VALUES ('Justina_Windler45@gmail.com', 'Iguana', 13);
INSERT INTO pt_specializes_in VALUES ('Justina_Windler45@gmail.com', 'Mule', 7);

INSERT INTO person VALUES ('Leonie55@gmail.com', 'Karina Pfeffer', '$2b$10$KjlGkoYo.X.yATkN6hl68.wpyQqroc4UnoBPQK//PXgfq50AkLMzG', '415 Daphne Valley', 90506521, 'user', 'https://s3.amazonaws.com/uifaces/faces/twitter/quailandquasar/128.jpg');
INSERT INTO full_time_ct VALUES ('Leonie55@gmail.com');
INSERT INTO ft_specializes_in VALUES ('Leonie55@gmail.com', 'Bird', 19);
INSERT INTO ft_specializes_in VALUES ('Leonie55@gmail.com', 'Cat', 8);

INSERT INTO person VALUES ('Emerson.Hickle@yahoo.com', 'Jackson Russel', '$2b$10$KjlGkoYo.X.yATkN6hl68.54wqXz93upcJXLm2dbp0Y3BBqrtcm8K', '94869 Kihn Mountain', 90814134, 'user', 'https://s3.amazonaws.com/uifaces/faces/twitter/unterdreht/128.jpg');

INSERT INTO person VALUES ('Adele35@hotmail.com', 'Virgil Nikolaus', '$2b$10$KjlGkoYo.X.yATkN6hl68.eGmNxY/IQNlOfy3PExlTxQzLkthZ5dy', '5578 Darryl Ways', 90564724, 'user', 'https://s3.amazonaws.com/uifaces/faces/twitter/ramanathan_pdy/128.jpg');
INSERT INTO credit_card VALUES (6767398793404238, 'Adele35@hotmail.com', '2021-06-30T11:16:01.193Z', 110);
INSERT INTO pet VALUES ('Jessyca', 'Adele35@hotmail.com', 'Bearded Dragon', 'Nemo et sed ea voluptates.', 'Et debitis sapiente voluptatem tempore eaque.');
INSERT INTO full_time_ct VALUES ('Adele35@hotmail.com');
INSERT INTO ft_specializes_in VALUES ('Adele35@hotmail.com', 'Bird', 1);
INSERT INTO ft_specializes_in VALUES ('Adele35@hotmail.com', 'Burro', 18);
INSERT INTO ft_specializes_in VALUES ('Adele35@hotmail.com', 'Llama', 2);

INSERT INTO person VALUES ('Deontae_Hettinger@hotmail.com', 'Reynold Feil', '$2b$10$KjlGkoYo.X.yATkN6hl68./crdxkTUFcl1EcIvuNX5pEawOVb69.G', '2764 Swaniawski Unions', 90560995, 'user', 'https://s3.amazonaws.com/uifaces/faces/twitter/joe_black/128.jpg');
INSERT INTO full_time_ct VALUES ('Deontae_Hettinger@hotmail.com');
INSERT INTO ft_specializes_in VALUES ('Deontae_Hettinger@hotmail.com', 'Horse', 18);
INSERT INTO ft_specializes_in VALUES ('Deontae_Hettinger@hotmail.com', 'Mice', 6);

INSERT INTO person VALUES ('Clementina_Barton20@yahoo.com', 'Jordan Romaguera', '$2b$10$KjlGkoYo.X.yATkN6hl68.hPWviGNjqPhMFQ.DuOFTW7EvenZV1tC', '9464 Garret Lodge', 90267087, 'user', 'https://s3.amazonaws.com/uifaces/faces/twitter/helderleal/128.jpg');
INSERT INTO part_time_ct VALUES ('Clementina_Barton20@yahoo.com');
INSERT INTO pt_free_schedule VALUES ('Clementina_Barton20@yahoo.com', '2020-11-04T23:17:46.241Z', '2021-09-07T19:41:26.628Z');
INSERT INTO pt_specializes_in VALUES ('Clementina_Barton20@yahoo.com', 'Chicken', 10);
INSERT INTO pt_specializes_in VALUES ('Clementina_Barton20@yahoo.com', 'Chinese Water Dragon', 11);
INSERT INTO pt_specializes_in VALUES ('Clementina_Barton20@yahoo.com', 'Hedgehog', 12);

INSERT INTO person VALUES ('Faye80@hotmail.com', 'Jerry Hodkiewicz', '$2b$10$KjlGkoYo.X.yATkN6hl68.LlWutkBtEyYhSHlmlwp5uBMNZlHNg9y', '06280 Allie Rue', 90459384, 'user', 'https://s3.amazonaws.com/uifaces/faces/twitter/jitachi/128.jpg');

INSERT INTO person VALUES ('Howell_Torp@hotmail.com', 'Torrey Mills', '$2b$10$KjlGkoYo.X.yATkN6hl68.qxK9M.tt0FI4mBBs7pQfG4ZYXENT.Um', '09285 Blaise Shoal', 90374874, 'user', 'https://s3.amazonaws.com/uifaces/faces/twitter/rahmeen/128.jpg');
INSERT INTO credit_card VALUES (6759621986622478, 'Howell_Torp@hotmail.com', '2021-07-07T01:12:49.032Z', 639);
INSERT INTO pet VALUES ('Hester', 'Howell_Torp@hotmail.com', 'Fish', 'Dicta ut consequatur quaerat.', 'Sint dolorem debitis consequatur debitis fugiat exercitationem aut qui et.');
INSERT INTO full_time_ct VALUES ('Howell_Torp@hotmail.com');
INSERT INTO ft_specializes_in VALUES ('Howell_Torp@hotmail.com', 'Lizard', 2);

INSERT INTO person VALUES ('Ronaldo_Williamson55@hotmail.com', 'Jannie Legros', '$2b$10$KjlGkoYo.X.yATkN6hl68.8v4goYmFwbQo7Y.a/g1bmjxmA3AFVn.', '637 Pfeffer Turnpike', 90644217, 'user', 'https://s3.amazonaws.com/uifaces/faces/twitter/evanshajed/128.jpg');
INSERT INTO credit_card VALUES (6378164779449375, 'Ronaldo_Williamson55@hotmail.com', '2021-06-26T21:32:55.791Z', 616);
INSERT INTO part_time_ct VALUES ('Ronaldo_Williamson55@hotmail.com');
INSERT INTO pt_free_schedule VALUES ('Ronaldo_Williamson55@hotmail.com', '2020-11-04T14:53:36.857Z', '2020-11-28T16:11:44.082Z');
INSERT INTO pt_specializes_in VALUES ('Ronaldo_Williamson55@hotmail.com', 'Chinchilla', 12);

INSERT INTO person VALUES ('Adaline_Jakubowski@yahoo.com', 'Everette Cronin', '$2b$10$KjlGkoYo.X.yATkN6hl68.8nTchNczeGm/hkCEphUlvkJ2dDe7eGS', '572 Andreanne Wells', 90671959, 'user', 'https://s3.amazonaws.com/uifaces/faces/twitter/mastermindesign/128.jpg');
INSERT INTO part_time_ct VALUES ('Adaline_Jakubowski@yahoo.com');
INSERT INTO pt_free_schedule VALUES ('Adaline_Jakubowski@yahoo.com', '2020-11-05T10:42:34.309Z', '2020-11-25T01:02:00.927Z');
INSERT INTO pt_specializes_in VALUES ('Adaline_Jakubowski@yahoo.com', 'Gecko', 4);
INSERT INTO pt_specializes_in VALUES ('Adaline_Jakubowski@yahoo.com', 'Lizard', 10);

INSERT INTO person VALUES ('Omari_Mertz@gmail.com', 'Candice Schinner', '$2b$10$KjlGkoYo.X.yATkN6hl68.j7Nu/bX9gTtaXwyN8AlhyRdvIstsaNe', '8746 Keira Orchard', 90885041, 'user', 'https://s3.amazonaws.com/uifaces/faces/twitter/notbadart/128.jpg');

INSERT INTO person VALUES ('Victor.Wilderman@hotmail.com', 'Felix Kovacek', '$2b$10$KjlGkoYo.X.yATkN6hl68.Us.WWJtMtOUn6czkEhdI6pK5AueSbgK', '00857 Murphy Islands', 90812220, 'user', 'https://s3.amazonaws.com/uifaces/faces/twitter/thierrykoblentz/128.jpg');

INSERT INTO person VALUES ('Kenya_Dickinson68@hotmail.com', 'Grant Kutch', '$2b$10$KjlGkoYo.X.yATkN6hl68.OxnTBINzTgiOYZZ4SRT4G/BB.b/0qh.', '56479 Adonis Light', 90599958, 'user', 'https://s3.amazonaws.com/uifaces/faces/twitter/nepdud/128.jpg');
INSERT INTO credit_card VALUES (5491576502652676, 'Kenya_Dickinson68@hotmail.com', '2021-01-16T07:17:02.763Z', 101);
INSERT INTO part_time_ct VALUES ('Kenya_Dickinson68@hotmail.com');
INSERT INTO pt_free_schedule VALUES ('Kenya_Dickinson68@hotmail.com', '2020-11-05T09:26:26.533Z', '2021-05-01T11:47:14.874Z');

INSERT INTO person VALUES ('Paula.Hoppe24@hotmail.com', 'Araceli Hagenes', '$2b$10$KjlGkoYo.X.yATkN6hl68.LXWnfiZZgzrbZMOQ2rVdy.S3Opre5yS', '26696 Joshua Station', 90315474, 'user', 'https://s3.amazonaws.com/uifaces/faces/twitter/ZacharyZorbas/128.jpg');
INSERT INTO credit_card VALUES (6373250737712864, 'Paula.Hoppe24@hotmail.com', '2021-04-12T13:39:15.659Z', 501);
INSERT INTO pet VALUES ('Kristofer', 'Paula.Hoppe24@hotmail.com', 'Chinchilla', 'Ut expedita nostrum commodi eveniet sapiente.', 'Voluptate exercitationem eius sed est ipsa quibusdam dolore.');
INSERT INTO pet VALUES ('Virginia', 'Paula.Hoppe24@hotmail.com', 'Chinchilla', 'Possimus quis velit reiciendis eum fugiat.', 'Repellat id fugiat rerum.');
INSERT INTO pet VALUES ('Elias', 'Paula.Hoppe24@hotmail.com', 'Peafowl', 'Similique dolor laudantium et commodi qui enim impedit.', 'Illo id pariatur molestiae iusto.');
INSERT INTO full_time_ct VALUES ('Paula.Hoppe24@hotmail.com');
INSERT INTO ft_specializes_in VALUES ('Paula.Hoppe24@hotmail.com', 'Bird', 5);
INSERT INTO ft_specializes_in VALUES ('Paula.Hoppe24@hotmail.com', 'Pigeon', 15);
INSERT INTO ft_specializes_in VALUES ('Paula.Hoppe24@hotmail.com', 'Pot Bellied Pig', 17);

INSERT INTO person VALUES ('Sigrid_Frami@yahoo.com', 'Broderick Schneider', '$2b$10$KjlGkoYo.X.yATkN6hl68.kIz9Le0kAYJk5LXP2n7hr589HodJtcu', '813 Santiago Crossing', 90142604, 'user', 'https://s3.amazonaws.com/uifaces/faces/twitter/vytautas_a/128.jpg');

INSERT INTO person VALUES ('Kayla_Kreiger@yahoo.com', 'Boris Cruickshank', '$2b$10$KjlGkoYo.X.yATkN6hl68.fX1aM4gODOYDdo7642y6F4D38uj/ysq', '5119 Isabel Glens', 90052339, 'user', 'https://s3.amazonaws.com/uifaces/faces/twitter/_williamguerra/128.jpg');
INSERT INTO credit_card VALUES (3528530990515960, 'Kayla_Kreiger@yahoo.com', '2023-10-24T14:18:09.109Z', 007);
INSERT INTO pet VALUES ('Bobby', 'Kayla_Kreiger@yahoo.com', 'Goat', 'In qui rerum est eos maiores ipsam inventore velit.', 'Dolorem ut molestiae natus odit impedit praesentium pariatur laudantium perspiciatis.');
INSERT INTO pet VALUES ('Laverna', 'Kayla_Kreiger@yahoo.com', 'Ferret', 'Molestiae ut suscipit.', 'Quibusdam veritatis tempore qui temporibus eum sit quis.');
INSERT INTO pet VALUES ('Ara', 'Kayla_Kreiger@yahoo.com', 'Dog', 'Sed soluta dolorem totam.', 'Omnis dolorem perspiciatis soluta consectetur natus asperiores maiores laudantium quos.');

INSERT INTO person VALUES ('Hardy_Oberbrunner@gmail.com', 'Julianne Orn', '$2b$10$KjlGkoYo.X.yATkN6hl68.lM7qo22oVEMnVEGtO.8iV/7LcuI/j2C', '9826 George Squares', 90440744, 'user', 'https://s3.amazonaws.com/uifaces/faces/twitter/maximsorokin/128.jpg');
INSERT INTO credit_card VALUES (6759948074116322, 'Hardy_Oberbrunner@gmail.com', '2021-04-16T11:09:57.247Z', 588);
INSERT INTO pet VALUES ('Brandt', 'Hardy_Oberbrunner@gmail.com', 'Duck', 'Ratione sed tempora reprehenderit.', 'Molestiae odio quas aspernatur asperiores rerum.');
INSERT INTO pet VALUES ('Alexandra', 'Hardy_Oberbrunner@gmail.com', 'Hog', 'Ut placeat in veritatis omnis in.', 'Adipisci necessitatibus nam dolor debitis distinctio sequi.');
INSERT INTO pet VALUES ('Mertie', 'Hardy_Oberbrunner@gmail.com', 'Goat', 'Veniam nobis consequatur vel non tempore ut.', 'Et quae saepe eos unde rem optio.');
INSERT INTO full_time_ct VALUES ('Hardy_Oberbrunner@gmail.com');

INSERT INTO person VALUES ('Afton_Kris@gmail.com', 'Eula Hauck', '$2b$10$KjlGkoYo.X.yATkN6hl68.bUlIeYJq/Cxz.b9Txm2v17J9axwCIyq', '309 Abby Fall', 90184411, 'user', 'https://s3.amazonaws.com/uifaces/faces/twitter/aaronkwhite/128.jpg');
INSERT INTO credit_card VALUES (30276928242395, 'Afton_Kris@gmail.com', '2021-05-06T22:18:50.742Z', 527);
INSERT INTO pet VALUES ('Raquel', 'Afton_Kris@gmail.com', 'Gecko', 'Et consequatur in tenetur necessitatibus sequi culpa voluptate et.', 'Quia necessitatibus quis quae nihil totam voluptatem incidunt quidem doloribus.');
INSERT INTO pet VALUES ('John', 'Afton_Kris@gmail.com', 'Ferret', 'Aut et consequatur quasi nihil reiciendis.', 'Placeat earum ad atque.');
INSERT INTO part_time_ct VALUES ('Afton_Kris@gmail.com');
INSERT INTO pt_free_schedule VALUES ('Afton_Kris@gmail.com', '2020-11-04T13:58:08.609Z', '2020-11-29T23:16:56.754Z');
INSERT INTO pt_specializes_in VALUES ('Afton_Kris@gmail.com', 'Bearded Dragon', 0);
INSERT INTO pt_specializes_in VALUES ('Afton_Kris@gmail.com', 'Chinchilla', 19);
INSERT INTO pt_specializes_in VALUES ('Afton_Kris@gmail.com', 'Chinese Water Dragon', 2);

INSERT INTO person VALUES ('Titus_Hodkiewicz29@yahoo.com', 'Neal Reynolds', '$2b$10$KjlGkoYo.X.yATkN6hl68.SRHvD2KL4ZTOxLcES5gui1pzBbYKHqW', '939 Raymundo Mountain', 90982755, 'user', 'https://s3.amazonaws.com/uifaces/faces/twitter/jasonmarkjones/128.jpg');
INSERT INTO credit_card VALUES (3528802802597365, 'Titus_Hodkiewicz29@yahoo.com', '2025-06-18T03:49:49.470Z', 240);
INSERT INTO pet VALUES ('Kendall', 'Titus_Hodkiewicz29@yahoo.com', 'Mice', 'Dolor provident et modi illo.', 'Aut molestias eos repellat velit.');
INSERT INTO pet VALUES ('Kayli', 'Titus_Hodkiewicz29@yahoo.com', 'Chameleons (Veiled)', 'Consequatur quos dolore laboriosam amet aut.', 'Ex et aliquam et sunt rem sint.');

INSERT INTO person VALUES ('Alberta.Schuppe8@hotmail.com', 'Erwin Sporer', '$2b$10$KjlGkoYo.X.yATkN6hl68.LEumN.RIwz8jCln7PC6DeJKDPjlrg.a', '80465 Bailee Plaza', 90528077, 'user', 'https://s3.amazonaws.com/uifaces/faces/twitter/gauchomatt/128.jpg');
INSERT INTO part_time_ct VALUES ('Alberta.Schuppe8@hotmail.com');
INSERT INTO pt_free_schedule VALUES ('Alberta.Schuppe8@hotmail.com', '2020-11-05T04:21:15.561Z', '2021-07-08T12:31:22.879Z');
INSERT INTO pt_specializes_in VALUES ('Alberta.Schuppe8@hotmail.com', 'Gerbil', 1);

INSERT INTO person VALUES ('Tommie_Hauck@hotmail.com', 'Arvid Zulauf', '$2b$10$KjlGkoYo.X.yATkN6hl68.glzAjC8h5oYHlGL7ufEpFbYAE5mUYr2', '6260 Douglas Via', 90568997, 'user', 'https://s3.amazonaws.com/uifaces/faces/twitter/scottgallant/128.jpg');

INSERT INTO person VALUES ('Adella2@hotmail.com', 'Isaiah Rice', '$2b$10$KjlGkoYo.X.yATkN6hl68./BycKr1zUjzpwYLm46CvmRC93K6hA4e', '32866 Dach Road', 90531363, 'user', 'https://s3.amazonaws.com/uifaces/faces/twitter/ateneupopular/128.jpg');
INSERT INTO full_time_ct VALUES ('Adella2@hotmail.com');
INSERT INTO ft_specializes_in VALUES ('Adella2@hotmail.com', 'Chinchilla', 20);
INSERT INTO ft_specializes_in VALUES ('Adella2@hotmail.com', 'Iguana', 13);
INSERT INTO ft_specializes_in VALUES ('Adella2@hotmail.com', 'Hog', 9);

INSERT INTO person VALUES ('Eda.Hoeger@yahoo.com', 'Edna Gibson', '$2b$10$KjlGkoYo.X.yATkN6hl68.msrSFtkcp7FUfFVKH6vYXmxk7DQgEMC', '764 Kassulke Mission', 90570543, 'user', 'https://s3.amazonaws.com/uifaces/faces/twitter/derekebradley/128.jpg');
INSERT INTO credit_card VALUES (6767920465023131, 'Eda.Hoeger@yahoo.com', '2022-01-10T12:16:57.439Z', 716);
INSERT INTO pet VALUES ('Tyson', 'Eda.Hoeger@yahoo.com', 'Chinese Water Dragon', 'Dignissimos harum aut animi fugit dolores illo sit et delectus.', 'Unde praesentium delectus praesentium iste sit tempora placeat placeat.');
INSERT INTO pet VALUES ('Madisen', 'Eda.Hoeger@yahoo.com', 'Pig', 'Incidunt sequi unde voluptas.', 'Et ipsam dolores velit nihil saepe sunt.');
INSERT INTO part_time_ct VALUES ('Eda.Hoeger@yahoo.com');
INSERT INTO pt_free_schedule VALUES ('Eda.Hoeger@yahoo.com', '2020-11-05T11:48:37.026Z', '2021-06-12T14:03:00.863Z');
INSERT INTO pt_specializes_in VALUES ('Eda.Hoeger@yahoo.com', 'Bird', 8);
INSERT INTO pt_specializes_in VALUES ('Eda.Hoeger@yahoo.com', 'Chinchilla', 19);

INSERT INTO person VALUES ('Loraine_Labadie75@gmail.com', 'Green Moore', '$2b$10$KjlGkoYo.X.yATkN6hl68.lnlsCA4nGO7ktN.ClbAqD9nw/zi5As.', '83677 Huels Tunnel', 90267717, 'user', 'https://s3.amazonaws.com/uifaces/faces/twitter/darcystonge/128.jpg');
INSERT INTO credit_card VALUES (6767651959226678, 'Loraine_Labadie75@gmail.com', '2024-06-27T10:55:51.116Z', 827);

INSERT INTO person VALUES ('Sadye77@yahoo.com', 'Evangeline Dickinson', '$2b$10$KjlGkoYo.X.yATkN6hl68.z/p54n7fvBSfuit/UA1/sz0id1qcMw2', '29328 Zulauf Divide', 90466616, 'user', 'https://s3.amazonaws.com/uifaces/faces/twitter/kaysix_dizzy/128.jpg');

INSERT INTO person VALUES ('Salvatore54@hotmail.com', 'Danyka Schroeder', '$2b$10$KjlGkoYo.X.yATkN6hl68.O/X26MxHq48gtKmzgU/iguvQ1wfcUYu', '334 Wallace Harbors', 90417923, 'user', 'https://s3.amazonaws.com/uifaces/faces/twitter/dactrtr/128.jpg');

INSERT INTO person VALUES ('Waylon_Bogan@yahoo.com', 'Catalina Reynolds', '$2b$10$KjlGkoYo.X.yATkN6hl68.IDd0sJiBB52Iml4ZO.2i/xmV3TDvNou', '7815 Pagac Ramp', 90340811, 'user', 'https://s3.amazonaws.com/uifaces/faces/twitter/vaughanmoffitt/128.jpg');
INSERT INTO credit_card VALUES (5486649645203724, 'Waylon_Bogan@yahoo.com', '2022-08-02T07:02:10.088Z', 037);
INSERT INTO pet VALUES ('Wilhelmine', 'Waylon_Bogan@yahoo.com', 'Chinchilla', 'Aut earum minus.', 'Et ratione autem sit enim.');

INSERT INTO person VALUES ('Diamond.Strosin@hotmail.com', 'Michale Rippin', '$2b$10$KjlGkoYo.X.yATkN6hl68.19F/5UVTTElsCf6mNbiVHMS4VlU3hy2', '469 Serenity Spur', 90966957, 'user', 'https://s3.amazonaws.com/uifaces/faces/twitter/kamal_chaneman/128.jpg');
INSERT INTO part_time_ct VALUES ('Diamond.Strosin@hotmail.com');
INSERT INTO pt_free_schedule VALUES ('Diamond.Strosin@hotmail.com', '2020-11-04T16:21:45.095Z', '2021-08-20T21:31:01.809Z');

INSERT INTO person VALUES ('Brooklyn_Howe@hotmail.com', 'Berniece Howell', '$2b$10$KjlGkoYo.X.yATkN6hl68.TkfFnvniZzphrSuVFZtd8f2eahNzG7a', '5350 Edwin Crescent', 90573859, 'user', 'https://s3.amazonaws.com/uifaces/faces/twitter/chrisslowik/128.jpg');

INSERT INTO person VALUES ('Verlie70@hotmail.com', 'Skye Runolfsdottir', '$2b$10$KjlGkoYo.X.yATkN6hl68.LLZXhPs.T4D8K4VDxIsa8H/65XE1NIC', '4718 Grant Overpass', 90014276, 'user', 'https://s3.amazonaws.com/uifaces/faces/twitter/samuelkraft/128.jpg');

INSERT INTO person VALUES ('Pete20@hotmail.com', 'Pietro Hudson', '$2b$10$KjlGkoYo.X.yATkN6hl68.ki0C8iwLC04inBpepQIgim2gsmQM4OS', '774 Luna Isle', 90630505, 'user', 'https://s3.amazonaws.com/uifaces/faces/twitter/bobwassermann/128.jpg');
INSERT INTO credit_card VALUES (6379148070652846, 'Pete20@hotmail.com', '2022-10-15T18:56:36.691Z', 009);
INSERT INTO pet VALUES ('Earnest', 'Pete20@hotmail.com', 'Horse', 'Ipsum similique aspernatur tenetur sunt assumenda.', 'Id consequatur sed corrupti eos nesciunt similique consectetur similique est.');
INSERT INTO pet VALUES ('Manuel', 'Pete20@hotmail.com', 'Chinchilla', 'Ut sunt et rem et a.', 'Reprehenderit est architecto quasi aut reiciendis error deleniti repellat sed.');
INSERT INTO pet VALUES ('Shany', 'Pete20@hotmail.com', 'Ponie', 'Voluptatibus vero id.', 'Non quia est consequatur sint rem aliquam placeat harum et.');
INSERT INTO part_time_ct VALUES ('Pete20@hotmail.com');
INSERT INTO pt_free_schedule VALUES ('Pete20@hotmail.com', '2020-11-05T11:39:19.116Z', '2021-11-03T11:01:35.089Z');
INSERT INTO pt_specializes_in VALUES ('Pete20@hotmail.com', 'Chinchilla', 1);
INSERT INTO pt_specializes_in VALUES ('Pete20@hotmail.com', 'Chinese Water Dragon', 8);

INSERT INTO person VALUES ('Trinity_Goldner49@hotmail.com', 'Angelica Krajcik', '$2b$10$KjlGkoYo.X.yATkN6hl68.XVBT0XS3xXmcxkhb/5pWiwV8NUfMGKe', '632 Howe Crossroad', 90837693, 'user', 'https://s3.amazonaws.com/uifaces/faces/twitter/gizmeedevil1991/128.jpg');
INSERT INTO credit_card VALUES (6759889158980032, 'Trinity_Goldner49@hotmail.com', '2022-12-19T08:17:34.605Z', 361);
INSERT INTO full_time_ct VALUES ('Trinity_Goldner49@hotmail.com');
INSERT INTO ft_specializes_in VALUES ('Trinity_Goldner49@hotmail.com', 'Donkey', 17);
INSERT INTO ft_specializes_in VALUES ('Trinity_Goldner49@hotmail.com', 'Iguana', 18);
INSERT INTO ft_specializes_in VALUES ('Trinity_Goldner49@hotmail.com', 'Pot Bellied Pig', 11);

INSERT INTO person VALUES ('Karlie84@yahoo.com', 'Frieda Cartwright', '$2b$10$KjlGkoYo.X.yATkN6hl68.coboyboB2owS6aKbnk5baqJg1fJi9u6', '71069 OConner Circles', 90196914, 'user', 'https://s3.amazonaws.com/uifaces/faces/twitter/jehnglynn/128.jpg');
INSERT INTO credit_card VALUES (6709451246293552, 'Karlie84@yahoo.com', '2020-12-31T23:52:51.334Z', 422);
INSERT INTO pet VALUES ('Isabell', 'Karlie84@yahoo.com', 'Ponie', 'Expedita similique est sunt ipsam itaque illum natus molestiae.', 'Sed nihil aspernatur rem reprehenderit quis natus.');
INSERT INTO pet VALUES ('Mohammad', 'Karlie84@yahoo.com', 'Mice', 'Facilis ut quam excepturi debitis ipsa.', 'Ut iste est qui.');

INSERT INTO person VALUES ('Kari.Paucek@hotmail.com', 'Shayne Gorczany', '$2b$10$KjlGkoYo.X.yATkN6hl68.OMxPM78tbOtQa9OiDDyWNVCb/FOx2wq', '95246 Jamaal Street', 90396162, 'user', 'https://s3.amazonaws.com/uifaces/faces/twitter/ky/128.jpg');
INSERT INTO credit_card VALUES (6373803966377294, 'Kari.Paucek@hotmail.com', '2022-11-17T18:51:26.893Z', 172);
INSERT INTO pet VALUES ('Jordan', 'Kari.Paucek@hotmail.com', 'Mule', 'Nihil ad minima quae et.', 'Harum repudiandae magnam libero facere totam.');
INSERT INTO pet VALUES ('Tommie', 'Kari.Paucek@hotmail.com', 'Ferret', 'Et voluptatem velit non quibusdam provident aut.', 'Optio adipisci numquam illum incidunt voluptatem eos blanditiis eos officiis.');
INSERT INTO pet VALUES ('Titus', 'Kari.Paucek@hotmail.com', 'Guinea Fowl', 'Sint est voluptatum.', 'Aut quia consequuntur unde atque nulla ullam.');
INSERT INTO part_time_ct VALUES ('Kari.Paucek@hotmail.com');
INSERT INTO pt_free_schedule VALUES ('Kari.Paucek@hotmail.com', '2020-11-05T08:47:54.264Z', '2021-11-01T20:37:40.965Z');

INSERT INTO person VALUES ('Ayla.Bosco@hotmail.com', 'Rosella Bernhard', '$2b$10$KjlGkoYo.X.yATkN6hl68.acpeRkKP8966cGy1L/Ez5oPnsKj9Nf2', '09034 Salvador Square', 90291476, 'user', 'https://s3.amazonaws.com/uifaces/faces/twitter/mahdif/128.jpg');
INSERT INTO credit_card VALUES (6392921849394541, 'Ayla.Bosco@hotmail.com', '2021-02-04T03:00:04.662Z', 242);
INSERT INTO pet VALUES ('Caleb', 'Ayla.Bosco@hotmail.com', 'Chameleons (Veiled)', 'Voluptatem eius incidunt ducimus nesciunt consectetur.', 'Eos omnis praesentium aliquid necessitatibus qui.');
INSERT INTO pet VALUES ('Ezekiel', 'Ayla.Bosco@hotmail.com', 'Cat', 'Saepe voluptates illo aut consequuntur quos dolorum id.', 'Adipisci repellendus hic iusto provident vero.');
INSERT INTO pet VALUES ('Jared', 'Ayla.Bosco@hotmail.com', 'Ferret', 'Molestias dolor itaque ducimus quo quasi et repudiandae nemo.', 'Dolor molestiae necessitatibus sint nostrum aut libero neque ea.');
INSERT INTO full_time_ct VALUES ('Ayla.Bosco@hotmail.com');
INSERT INTO ft_specializes_in VALUES ('Ayla.Bosco@hotmail.com', 'Hedgehog', 12);
INSERT INTO ft_specializes_in VALUES ('Ayla.Bosco@hotmail.com', 'Pig', 3);

INSERT INTO person VALUES ('Brenda_Barrows@gmail.com', 'Kane Yundt', '$2b$10$KjlGkoYo.X.yATkN6hl68.A8gGxHLzSVuRUPOS4fj/KSOmvzcsNW.', '5352 Magnolia Light', 90180772, 'user', 'https://s3.amazonaws.com/uifaces/faces/twitter/the_purplebunny/128.jpg');

INSERT INTO person VALUES ('Spencer.Lueilwitz88@gmail.com', 'Romaine Mitchell', '$2b$10$KjlGkoYo.X.yATkN6hl68.X5ViCF5hzMKTrCk9jNvDmxgp6s5xI9m', '43662 Carey Estates', 90944814, 'user', 'https://s3.amazonaws.com/uifaces/faces/twitter/raphaelnikson/128.jpg');
INSERT INTO credit_card VALUES (4145124676167, 'Spencer.Lueilwitz88@gmail.com', '2021-06-16T13:57:14.890Z', 052);
INSERT INTO pet VALUES ('Giovanni', 'Spencer.Lueilwitz88@gmail.com', 'Lizard', 'Illum voluptas quae quasi.', 'Et qui ipsam et occaecati et porro.');
INSERT INTO pet VALUES ('Clair', 'Spencer.Lueilwitz88@gmail.com', 'Chinese Water Dragon', 'Et molestiae consequatur quo ullam odio maiores iure exercitationem.', 'Fugit facere omnis dolores quia commodi.');
INSERT INTO pet VALUES ('Conor', 'Spencer.Lueilwitz88@gmail.com', 'Hog', 'Temporibus velit sit quia incidunt velit debitis.', 'Suscipit eos eaque sit temporibus ut quam porro et placeat.');

INSERT INTO person VALUES ('Cordell36@yahoo.com', 'Lucinda Trantow', '$2b$10$KjlGkoYo.X.yATkN6hl68.LFPkhXJyNqYYXe2qNReCEnv8Gx9dhnC', '5466 Jerel Divide', 90904256, 'user', 'https://s3.amazonaws.com/uifaces/faces/twitter/erwanhesry/128.jpg');
INSERT INTO full_time_ct VALUES ('Cordell36@yahoo.com');
INSERT INTO ft_specializes_in VALUES ('Cordell36@yahoo.com', 'Bearded Dragon', 12);
INSERT INTO ft_specializes_in VALUES ('Cordell36@yahoo.com', 'Cat', 2);
INSERT INTO ft_specializes_in VALUES ('Cordell36@yahoo.com', 'Gerbil', 0);

INSERT INTO person VALUES ('Emelia_Vandervort@yahoo.com', 'Sydnee Mills', '$2b$10$KjlGkoYo.X.yATkN6hl68.pIyOjn.gCdiFZmESkT9RBCiHKq9MQmO', '2753 Jacobson Valley', 90142232, 'user', 'https://s3.amazonaws.com/uifaces/faces/twitter/8d3k/128.jpg');
INSERT INTO credit_card VALUES (5140979390120987, 'Emelia_Vandervort@yahoo.com', '2023-10-09T09:28:35.935Z', 102);
INSERT INTO part_time_ct VALUES ('Emelia_Vandervort@yahoo.com');
INSERT INTO pt_free_schedule VALUES ('Emelia_Vandervort@yahoo.com', '2020-11-04T21:29:44.219Z', '2021-08-10T21:27:08.024Z');

INSERT INTO person VALUES ('Minerva.Schuster39@gmail.com', 'Karlee Robel', '$2b$10$KjlGkoYo.X.yATkN6hl68.ukinXMRhw.5JBIP7Aq3weg9SiGcORTm', '11029 Melyssa Mills', 90905648, 'user', 'https://s3.amazonaws.com/uifaces/faces/twitter/gmourier/128.jpg');
INSERT INTO part_time_ct VALUES ('Minerva.Schuster39@gmail.com');
INSERT INTO pt_free_schedule VALUES ('Minerva.Schuster39@gmail.com', '2020-11-05T07:31:26.366Z', '2021-01-26T11:34:18.945Z');

INSERT INTO person VALUES ('Gerald.Strosin1@hotmail.com', 'Graham Homenick', '$2b$10$KjlGkoYo.X.yATkN6hl68.D2PTGz0uR8W5PL0dEZpWV/D.rV8l0Uy', '34597 Tillman Locks', 90686765, 'user', 'https://s3.amazonaws.com/uifaces/faces/twitter/brenton_clarke/128.jpg');
INSERT INTO credit_card VALUES (6771313896968547, 'Gerald.Strosin1@hotmail.com', '2021-02-03T13:48:41.651Z', 611);
INSERT INTO pet VALUES ('Jacques', 'Gerald.Strosin1@hotmail.com', 'Llama', 'Aut esse velit numquam laudantium earum.', 'Voluptatem est non praesentium blanditiis et sequi.');
INSERT INTO full_time_ct VALUES ('Gerald.Strosin1@hotmail.com');
INSERT INTO ft_specializes_in VALUES ('Gerald.Strosin1@hotmail.com', 'Cat', 9);

INSERT INTO person VALUES ('Imogene.McGlynn16@gmail.com', 'Albertha Braun', '$2b$10$KjlGkoYo.X.yATkN6hl68.TTW8fjvhclGjXiPWoWW9m78A1PD4c8W', '6704 Graham Falls', 90143826, 'user', 'https://s3.amazonaws.com/uifaces/faces/twitter/brenmurrell/128.jpg');

INSERT INTO person VALUES ('Jabari_Brown@gmail.com', 'Vance Herman', '$2b$10$KjlGkoYo.X.yATkN6hl68.re2fkLJGIERNphuC1tQAi8gZy8j6HZO', '07520 Litzy Village', 90008522, 'user', 'https://s3.amazonaws.com/uifaces/faces/twitter/nicoleglynn/128.jpg');

INSERT INTO person VALUES ('Marlin15@hotmail.com', 'Tamia Lowe', '$2b$10$KjlGkoYo.X.yATkN6hl68./R74ia974IHGJAYtd92QhmIGFyIjUha', '48633 Rosenbaum Stream', 90503432, 'user', 'https://s3.amazonaws.com/uifaces/faces/twitter/benoitboucart/128.jpg');

INSERT INTO person VALUES ('Robin35@hotmail.com', 'Weston Jenkins', '$2b$10$KjlGkoYo.X.yATkN6hl68.4TlExNAbcTmeKZRURLZM6AaabKggovi', '593 Durgan Coves', 90651395, 'user', 'https://s3.amazonaws.com/uifaces/faces/twitter/ismail_biltagi/128.jpg');
INSERT INTO full_time_ct VALUES ('Robin35@hotmail.com');
INSERT INTO ft_specializes_in VALUES ('Robin35@hotmail.com', 'Gecko', 4);
INSERT INTO ft_specializes_in VALUES ('Robin35@hotmail.com', 'Llama', 6);

INSERT INTO person VALUES ('Elinore_Conroy54@yahoo.com', 'Rhiannon Adams', '$2b$10$KjlGkoYo.X.yATkN6hl68.BPg1aY.q6MwkqIY56pm33kTqtI1s6Wa', '032 Rashad Island', 90554450, 'user', 'https://s3.amazonaws.com/uifaces/faces/twitter/nerrsoft/128.jpg');

INSERT INTO person VALUES ('Kevon.Nader75@hotmail.com', 'Pietro Donnelly', '$2b$10$KjlGkoYo.X.yATkN6hl68.frfrNzYHs0z.73sglSrWol.WRR3QE26', '461 Tracy Manors', 90617891, 'user', 'https://s3.amazonaws.com/uifaces/faces/twitter/Chakintosh/128.jpg');
INSERT INTO part_time_ct VALUES ('Kevon.Nader75@hotmail.com');
INSERT INTO pt_free_schedule VALUES ('Kevon.Nader75@hotmail.com', '2020-11-04T23:17:37.180Z', '2021-08-14T18:43:35.283Z');
INSERT INTO pt_specializes_in VALUES ('Kevon.Nader75@hotmail.com', 'Iguana', 4);

INSERT INTO person VALUES ('Toni.Schmeler@hotmail.com', 'Joey Romaguera', '$2b$10$KjlGkoYo.X.yATkN6hl68.CLXJhxm6r0X3IEUN6uOCzJez3d5s1Cm', '5506 Kessler Plains', 90851473, 'user', 'https://s3.amazonaws.com/uifaces/faces/twitter/denisepires/128.jpg');
INSERT INTO credit_card VALUES (6391734950320935, 'Toni.Schmeler@hotmail.com', '2022-09-15T21:27:56.814Z', 870);
INSERT INTO pet VALUES ('Emmitt', 'Toni.Schmeler@hotmail.com', 'Llama', 'Non commodi ipsa assumenda omnis cum est maiores quisquam.', 'Sapiente repellat aliquam.');
INSERT INTO full_time_ct VALUES ('Toni.Schmeler@hotmail.com');
INSERT INTO ft_specializes_in VALUES ('Toni.Schmeler@hotmail.com', 'Chinese Water Dragon', 9);
INSERT INTO ft_specializes_in VALUES ('Toni.Schmeler@hotmail.com', 'Ferret', 15);
INSERT INTO ft_specializes_in VALUES ('Toni.Schmeler@hotmail.com', 'Llama', 18);

INSERT INTO person VALUES ('Lemuel.Strosin@hotmail.com', 'Dora Kemmer', '$2b$10$KjlGkoYo.X.yATkN6hl68.qnJ4BU7tvHSc030PQZEZuNgatNVQ2Rq', '33268 Kory Park', 90401862, 'user', 'https://s3.amazonaws.com/uifaces/faces/twitter/ganserene/128.jpg');
INSERT INTO credit_card VALUES (3529971781438536, 'Lemuel.Strosin@hotmail.com', '2025-03-11T11:38:42.494Z', 801);

INSERT INTO person VALUES ('Janessa.Kirlin26@hotmail.com', 'Sharon Bernhard', '$2b$10$KjlGkoYo.X.yATkN6hl68.Oxl6zdz7RkS9aA.uS4QjHfLsYSEBSQS', '4432 Reynolds Rapids', 90432575, 'user', 'https://s3.amazonaws.com/uifaces/faces/twitter/elisabethkjaer/128.jpg');
INSERT INTO credit_card VALUES (6590622098632515, 'Janessa.Kirlin26@hotmail.com', '2021-10-30T18:26:54.344Z', 129);
INSERT INTO pet VALUES ('Weston', 'Janessa.Kirlin26@hotmail.com', 'Pigeon', 'Ipsam ipsum perspiciatis sed aperiam voluptate nesciunt non qui.', 'Nihil a reiciendis rem possimus et et aliquam non aut.');
INSERT INTO pet VALUES ('Estella', 'Janessa.Kirlin26@hotmail.com', 'Gerbil', 'Deleniti aut dolor suscipit distinctio dolores.', 'Porro pariatur placeat deserunt minima ullam consequatur nostrum.');
INSERT INTO pet VALUES ('Federico', 'Janessa.Kirlin26@hotmail.com', 'Guinea Pig', 'Voluptatem repellat dolor.', 'Voluptatem autem consequatur dolorem.');

INSERT INTO person VALUES ('Lilian.Connelly@hotmail.com', 'Vicente Donnelly', '$2b$10$KjlGkoYo.X.yATkN6hl68.uyS58fGc1JGsSUt1vcMCbLVQbPwrocy', '3918 Orie Dale', 90011134, 'user', 'https://s3.amazonaws.com/uifaces/faces/twitter/marlinjayakody/128.jpg');
INSERT INTO credit_card VALUES (6771391699820905, 'Lilian.Connelly@hotmail.com', '2022-09-28T20:53:06.729Z', 991);
INSERT INTO pet VALUES ('Wilbert', 'Lilian.Connelly@hotmail.com', 'Horse', 'Dolor commodi ut sit dolores quia quae ut.', 'Sint enim debitis molestiae consequatur voluptatum.');
INSERT INTO pet VALUES ('Marvin', 'Lilian.Connelly@hotmail.com', 'Llama', 'Est quia laboriosam temporibus non est.', 'Praesentium debitis temporibus.');
INSERT INTO part_time_ct VALUES ('Lilian.Connelly@hotmail.com');
INSERT INTO pt_free_schedule VALUES ('Lilian.Connelly@hotmail.com', '2020-11-04T18:07:27.943Z', '2020-12-19T21:15:18.128Z');
INSERT INTO pt_specializes_in VALUES ('Lilian.Connelly@hotmail.com', 'Donkey', 7);
INSERT INTO pt_specializes_in VALUES ('Lilian.Connelly@hotmail.com', 'Ferret', 13);

INSERT INTO person VALUES ('Lavada.Gibson@gmail.com', 'Oleta McCullough', '$2b$10$KjlGkoYo.X.yATkN6hl68.WI8WMOR.eMNSBR/cvcH02g0BZc1TE1C', '5059 Tiara Fall', 90917769, 'user', 'https://s3.amazonaws.com/uifaces/faces/twitter/commadelimited/128.jpg');

INSERT INTO person VALUES ('Angus_Kautzer60@gmail.com', 'Domenico Donnelly', '$2b$10$KjlGkoYo.X.yATkN6hl68.Bmrdi0KJbZQg7YuCKGkhoqhEEy/.anW', '8775 Corkery Extension', 90572637, 'user', 'https://s3.amazonaws.com/uifaces/faces/twitter/nateschulte/128.jpg');

INSERT INTO person VALUES ('Myrtle_Lowe60@gmail.com', 'Marion Marquardt', '$2b$10$KjlGkoYo.X.yATkN6hl68.1H8Yw/wVvXGfaXPhIJf/V7ak5rjDyh2', '59389 Emerson Neck', 90069786, 'user', 'https://s3.amazonaws.com/uifaces/faces/twitter/rehatkathuria/128.jpg');
INSERT INTO part_time_ct VALUES ('Myrtle_Lowe60@gmail.com');
INSERT INTO pt_free_schedule VALUES ('Myrtle_Lowe60@gmail.com', '2020-11-04T17:32:53.716Z', '2021-06-13T10:41:31.908Z');
INSERT INTO pt_specializes_in VALUES ('Myrtle_Lowe60@gmail.com', 'Cat', 15);
INSERT INTO pt_specializes_in VALUES ('Myrtle_Lowe60@gmail.com', 'Hedgehog', 1);
INSERT INTO pt_specializes_in VALUES ('Myrtle_Lowe60@gmail.com', 'Iguana', 20);

INSERT INTO person VALUES ('Verda74@gmail.com', 'Tito McDermott', '$2b$10$KjlGkoYo.X.yATkN6hl68.3zGm5J3MAwZJ2uWyqpRWb1ozVR4iSKm', '150 Moore Estate', 90533263, 'user', 'https://s3.amazonaws.com/uifaces/faces/twitter/marclgonzales/128.jpg');
INSERT INTO credit_card VALUES (6771894749207027, 'Verda74@gmail.com', '2021-10-21T13:38:06.121Z', 940);
INSERT INTO pet VALUES ('Elena', 'Verda74@gmail.com', 'Bearded Dragon', 'Quasi sed id quam dolorem.', 'Non quam rerum.');
INSERT INTO pet VALUES ('Ezra', 'Verda74@gmail.com', 'Guinea Pig', 'Facere error qui enim in alias ea.', 'Omnis eum illo quaerat expedita maxime aspernatur quae.');
INSERT INTO full_time_ct VALUES ('Verda74@gmail.com');

INSERT INTO person VALUES ('Adrianna.Ratke5@hotmail.com', 'Emelia Rau', '$2b$10$KjlGkoYo.X.yATkN6hl68.jinSCEwH6/ckVkD6yjGSH/FAZRU6uqi', '94262 Jorge Falls', 90281946, 'user', 'https://s3.amazonaws.com/uifaces/faces/twitter/kazaky999/128.jpg');
INSERT INTO credit_card VALUES (6759273259020241, 'Adrianna.Ratke5@hotmail.com', '2025-09-22T07:18:12.772Z', 345);
INSERT INTO part_time_ct VALUES ('Adrianna.Ratke5@hotmail.com');
INSERT INTO pt_free_schedule VALUES ('Adrianna.Ratke5@hotmail.com', '2020-11-04T18:36:30.697Z', '2020-12-11T13:02:37.284Z');
INSERT INTO pt_specializes_in VALUES ('Adrianna.Ratke5@hotmail.com', 'Iguana', 18);

INSERT INTO person VALUES ('Ariane_Schmeler@hotmail.com', 'Willa Beer', '$2b$10$KjlGkoYo.X.yATkN6hl68.2W1oTYkREOXMn9HHTYlrZb7xTcw7JnW', '7011 Caitlyn Cliffs', 90459562, 'user', 'https://s3.amazonaws.com/uifaces/faces/twitter/bruno_mart/128.jpg');

INSERT INTO person VALUES ('Tobin78@hotmail.com', 'Hayley Rau', '$2b$10$KjlGkoYo.X.yATkN6hl68.I5Gmt6KxKVcniuZ8hpZ9MIw8cgsiHdu', '90640 Jerald Parks', 90252550, 'user', 'https://s3.amazonaws.com/uifaces/faces/twitter/terrorpixel/128.jpg');

INSERT INTO person VALUES ('Luigi_Davis48@hotmail.com', 'Jacinto Frami', '$2b$10$KjlGkoYo.X.yATkN6hl68.2by8aeOmhjS4P2XKZHiugeQPV7Rfydq', '1508 OKon Estate', 90472494, 'user', 'https://s3.amazonaws.com/uifaces/faces/twitter/aoimedia/128.jpg');
INSERT INTO credit_card VALUES (6761735188814979, 'Luigi_Davis48@hotmail.com', '2023-09-29T08:21:07.970Z', 265);
INSERT INTO pet VALUES ('Nona', 'Luigi_Davis48@hotmail.com', 'Llama', 'Officia et possimus voluptatem amet eum est sed dolores officiis.', 'Tempora ipsam qui harum sint culpa.');

INSERT INTO person VALUES ('Branson.Predovic@gmail.com', 'Dillan Bergnaum', '$2b$10$KjlGkoYo.X.yATkN6hl68.teO4iD0AstcFtUOdc1z/QnS8W8ExSdK', '1412 Tanya Trail', 90150299, 'user', 'https://s3.amazonaws.com/uifaces/faces/twitter/kolmarlopez/128.jpg');
INSERT INTO full_time_ct VALUES ('Branson.Predovic@gmail.com');
INSERT INTO ft_specializes_in VALUES ('Branson.Predovic@gmail.com', 'Duck', 16);
INSERT INTO ft_specializes_in VALUES ('Branson.Predovic@gmail.com', 'Fish', 7);
INSERT INTO ft_specializes_in VALUES ('Branson.Predovic@gmail.com', 'Hedgehog', 8);

INSERT INTO person VALUES ('Michale_Conroy63@hotmail.com', 'Rachel Zieme', '$2b$10$KjlGkoYo.X.yATkN6hl68.ELRGcrUNGKZrcSCzRyzHihYrywoGcLG', '730 Kertzmann Falls', 90421565, 'user', 'https://s3.amazonaws.com/uifaces/faces/twitter/alxleroydeval/128.jpg');

INSERT INTO person VALUES ('Rhoda_Little19@yahoo.com', 'Earnestine Johnston', '$2b$10$KjlGkoYo.X.yATkN6hl68.s/Q6xLGUfuVtk04fu.b92UsDF8asxJ.', '41277 Bianka Lake', 90273666, 'user', 'https://s3.amazonaws.com/uifaces/faces/twitter/geneseleznev/128.jpg');
INSERT INTO credit_card VALUES (6759240822956381, 'Rhoda_Little19@yahoo.com', '2022-09-16T17:59:46.209Z', 104);
INSERT INTO pet VALUES ('Odie', 'Rhoda_Little19@yahoo.com', 'Chameleons (Veiled)', 'Libero incidunt labore et.', 'Hic quis minima non pariatur esse molestiae blanditiis tempora qui.');
INSERT INTO pet VALUES ('Okey', 'Rhoda_Little19@yahoo.com', 'Bird', 'Qui quos et maxime modi.', 'Voluptatibus ut reiciendis nostrum deserunt tempora laborum.');
INSERT INTO pet VALUES ('Marc', 'Rhoda_Little19@yahoo.com', 'Fish', 'Corrupti beatae laudantium reiciendis ea voluptatem.', 'Molestiae ab molestiae eligendi explicabo consectetur exercitationem aperiam porro et.');
INSERT INTO full_time_ct VALUES ('Rhoda_Little19@yahoo.com');
INSERT INTO ft_specializes_in VALUES ('Rhoda_Little19@yahoo.com', 'Chicken', 0);
INSERT INTO ft_specializes_in VALUES ('Rhoda_Little19@yahoo.com', 'Chinchilla', 0);

INSERT INTO person VALUES ('Bernie_OKeefe32@gmail.com', 'Deborah Gislason', '$2b$10$KjlGkoYo.X.yATkN6hl68.g6eYk4RcbgQ7cjxWw2Mqn26WhOyIT5C', '498 Alford Mews', 90070072, 'user', 'https://s3.amazonaws.com/uifaces/faces/twitter/jjshaw14/128.jpg');
INSERT INTO part_time_ct VALUES ('Bernie_OKeefe32@gmail.com');
INSERT INTO pt_free_schedule VALUES ('Bernie_OKeefe32@gmail.com', '2020-11-04T23:19:55.057Z', '2020-12-08T15:28:09.577Z');
INSERT INTO pt_specializes_in VALUES ('Bernie_OKeefe32@gmail.com', 'Ferret', 2);

INSERT INTO person VALUES ('Maud49@hotmail.com', 'Marian Hauck', '$2b$10$KjlGkoYo.X.yATkN6hl68.Jf1Zqf7KvFcgXMK0S/TyoclggRx4R.2', '6958 Gudrun Forest', 90555092, 'user', 'https://s3.amazonaws.com/uifaces/faces/twitter/arkokoley/128.jpg');
INSERT INTO part_time_ct VALUES ('Maud49@hotmail.com');
INSERT INTO pt_free_schedule VALUES ('Maud49@hotmail.com', '2020-11-05T06:11:16.520Z', '2021-09-09T01:34:11.516Z');
INSERT INTO pt_specializes_in VALUES ('Maud49@hotmail.com', 'Fish', 10);

INSERT INTO person VALUES ('Tyree13@hotmail.com', 'Leo Walker', '$2b$10$KjlGkoYo.X.yATkN6hl68..HktLx9Q9ZKi6YTZd0URs5LlTMao7aq', '252 VonRueden Curve', 90573738, 'user', 'https://s3.amazonaws.com/uifaces/faces/twitter/greenbes/128.jpg');
INSERT INTO credit_card VALUES (5018739593150098, 'Tyree13@hotmail.com', '2020-12-04T17:49:19.934Z', 930);
INSERT INTO pet VALUES ('Leslie', 'Tyree13@hotmail.com', 'Burro', 'In expedita id est officiis veniam non deserunt.', 'Quibusdam non rerum eligendi labore dolorum repellendus vero.');

INSERT INTO person VALUES ('Jessyca_Luettgen@hotmail.com', 'Giuseppe Jaskolski', '$2b$10$KjlGkoYo.X.yATkN6hl68.W9xLf3RJMFvr.Gl4sMda6y5CDpAhY3i', '90357 Johns Way', 90191463, 'user', 'https://s3.amazonaws.com/uifaces/faces/twitter/catadeleon/128.jpg');
INSERT INTO credit_card VALUES (30568809597584, 'Jessyca_Luettgen@hotmail.com', '2021-09-06T06:55:58.259Z', 024);
INSERT INTO pet VALUES ('Shanel', 'Jessyca_Luettgen@hotmail.com', 'Ponie', 'Dolor ea aliquam nemo quia libero eius quasi vitae.', 'Tenetur autem animi omnis eos exercitationem tenetur et incidunt.');
INSERT INTO full_time_ct VALUES ('Jessyca_Luettgen@hotmail.com');
INSERT INTO ft_specializes_in VALUES ('Jessyca_Luettgen@hotmail.com', 'Chinchilla', 18);
INSERT INTO ft_specializes_in VALUES ('Jessyca_Luettgen@hotmail.com', 'Goat', 20);

INSERT INTO person VALUES ('Minnie_Oberbrunner@yahoo.com', 'Delmer Ruecker', '$2b$10$KjlGkoYo.X.yATkN6hl68.jB13MjWO1.F2IfzQ4SF9ZWZvLSMH6SS', '51895 DAmore Course', 90260037, 'user', 'https://s3.amazonaws.com/uifaces/faces/twitter/michaelkoper/128.jpg');
INSERT INTO credit_card VALUES (6767296609494475, 'Minnie_Oberbrunner@yahoo.com', '2021-04-02T20:17:20.932Z', 023);
INSERT INTO pet VALUES ('Kade', 'Minnie_Oberbrunner@yahoo.com', 'Fish', 'Nihil suscipit architecto illum facilis est nihil architecto omnis.', 'Vitae incidunt optio suscipit quo rerum qui vel.');
INSERT INTO pet VALUES ('Hilton', 'Minnie_Oberbrunner@yahoo.com', 'Lizard', 'Reprehenderit et quidem eaque commodi dolores optio non distinctio reprehenderit.', 'Omnis et dolorem aut cum.');
INSERT INTO part_time_ct VALUES ('Minnie_Oberbrunner@yahoo.com');
INSERT INTO pt_free_schedule VALUES ('Minnie_Oberbrunner@yahoo.com', '2020-11-05T12:58:03.713Z', '2021-05-11T09:28:07.205Z');
INSERT INTO pt_specializes_in VALUES ('Minnie_Oberbrunner@yahoo.com', 'Lizard', 19);

INSERT INTO person VALUES ('Kennedy13@yahoo.com', 'Anabel Rice', '$2b$10$KjlGkoYo.X.yATkN6hl68.KSA7JY26XfuqDRK8vRcQz.BShLTL3ci', '868 Schulist Mountain', 90310751, 'user', 'https://s3.amazonaws.com/uifaces/faces/twitter/overra/128.jpg');
INSERT INTO credit_card VALUES (6759903608583156, 'Kennedy13@yahoo.com', '2021-01-02T11:03:39.623Z', 730);
INSERT INTO pet VALUES ('Lila', 'Kennedy13@yahoo.com', 'Cow', 'Quidem eum aut.', 'Consectetur repudiandae repudiandae repudiandae.');
INSERT INTO pet VALUES ('Reanna', 'Kennedy13@yahoo.com', 'Burro', 'Ut sapiente nemo rerum.', 'Nobis vel vel quia est.');
INSERT INTO pet VALUES ('Caleigh', 'Kennedy13@yahoo.com', 'Pig', 'Pariatur dolorum eveniet incidunt a iure tenetur aut rerum magni.', 'Ut natus aliquam facere qui.');
INSERT INTO full_time_ct VALUES ('Kennedy13@yahoo.com');

INSERT INTO person VALUES ('Reanna_Spencer54@gmail.com', 'Granville Witting', '$2b$10$KjlGkoYo.X.yATkN6hl68.BPlCYzwTWwJwVWquS7eGW/QTdG7Icjm', '3176 Moore Extension', 90319328, 'user', 'https://s3.amazonaws.com/uifaces/faces/twitter/bryan_topham/128.jpg');
INSERT INTO credit_card VALUES (371895222122281, 'Reanna_Spencer54@gmail.com', '2021-01-25T01:29:48.236Z', 519);
INSERT INTO pet VALUES ('Hiram', 'Reanna_Spencer54@gmail.com', 'Pig', 'Non sed sit.', 'Quia quis deleniti ipsam eveniet quaerat officia hic.');
INSERT INTO pet VALUES ('Daphnee', 'Reanna_Spencer54@gmail.com', 'Gecko', 'Non dolorem sed qui qui pariatur nihil ab praesentium.', 'Fugiat sit magni illo quas et et.');

INSERT INTO person VALUES ('Madyson90@hotmail.com', 'Alba Upton', '$2b$10$KjlGkoYo.X.yATkN6hl68.B3qk3W1o36ybODwyF4lO.LxOE.UzNE6', '946 Larson Falls', 90751640, 'user', 'https://s3.amazonaws.com/uifaces/faces/twitter/gojeanyn/128.jpg');
INSERT INTO credit_card VALUES (3528973306058830, 'Madyson90@hotmail.com', '2021-07-24T02:11:52.783Z', 681);
INSERT INTO pet VALUES ('Adriel', 'Madyson90@hotmail.com', 'Bearded Dragon', 'Incidunt enim voluptas quia porro fuga vero qui magnam.', 'Assumenda doloremque saepe enim ipsa enim est sed nostrum.');
INSERT INTO pet VALUES ('Jed', 'Madyson90@hotmail.com', 'Ponie', 'Cumque illum sunt et quia.', 'Rerum accusantium fugiat.');
INSERT INTO full_time_ct VALUES ('Madyson90@hotmail.com');
INSERT INTO ft_specializes_in VALUES ('Madyson90@hotmail.com', 'Bearded Dragon', 7);
INSERT INTO ft_specializes_in VALUES ('Madyson90@hotmail.com', 'Dog', 2);
INSERT INTO ft_specializes_in VALUES ('Madyson90@hotmail.com', 'Iguana', 2);

INSERT INTO person VALUES ('Elenora29@yahoo.com', 'Blair Cummings', '$2b$10$KjlGkoYo.X.yATkN6hl68.PZYHArTFnLGb8WF3tiskBhPx5lJR2AO', '5647 Darian Rest', 90394032, 'user', 'https://s3.amazonaws.com/uifaces/faces/twitter/liminha/128.jpg');
INSERT INTO part_time_ct VALUES ('Elenora29@yahoo.com');
INSERT INTO pt_free_schedule VALUES ('Elenora29@yahoo.com', '2020-11-05T08:42:59.263Z', '2021-05-09T11:27:02.381Z');
INSERT INTO pt_specializes_in VALUES ('Elenora29@yahoo.com', 'Hedgehog', 0);
INSERT INTO pt_specializes_in VALUES ('Elenora29@yahoo.com', 'Iguana', 14);

INSERT INTO person VALUES ('Laila85@hotmail.com', 'Vita Satterfield', '$2b$10$KjlGkoYo.X.yATkN6hl68.N9tyIwzbwFX/29yUcpJ5XGHyEhOpXr2', '86185 Hamill Via', 90701955, 'user', 'https://s3.amazonaws.com/uifaces/faces/twitter/stephcoue/128.jpg');
INSERT INTO full_time_ct VALUES ('Laila85@hotmail.com');
INSERT INTO ft_specializes_in VALUES ('Laila85@hotmail.com', 'Cat', 2);
INSERT INTO ft_specializes_in VALUES ('Laila85@hotmail.com', 'Ferret', 17);
INSERT INTO ft_specializes_in VALUES ('Laila85@hotmail.com', 'Peafowl', 14);

INSERT INTO person VALUES ('Bulah.Hills@hotmail.com', 'Nayeli Bosco', '$2b$10$KjlGkoYo.X.yATkN6hl68.0HbAxzYQF0ikpz1t0qzfHy8859TiSY6', '902 Bins Summit', 90829091, 'user', 'https://s3.amazonaws.com/uifaces/faces/twitter/carlosm/128.jpg');
INSERT INTO full_time_ct VALUES ('Bulah.Hills@hotmail.com');
INSERT INTO ft_specializes_in VALUES ('Bulah.Hills@hotmail.com', 'Chinese Water Dragon', 8);

INSERT INTO person VALUES ('Adolph.Heidenreich@gmail.com', 'Kathlyn Hettinger', '$2b$10$KjlGkoYo.X.yATkN6hl68.U/vEvOC6dt3Egrn3MYVCkhkkTsqRLQq', '278 Bradtke Row', 90830955, 'user', 'https://s3.amazonaws.com/uifaces/faces/twitter/dnirmal/128.jpg');
INSERT INTO credit_card VALUES (6761718550081407, 'Adolph.Heidenreich@gmail.com', '2024-04-21T12:11:25.842Z', 390);
INSERT INTO pet VALUES ('Maegan', 'Adolph.Heidenreich@gmail.com', 'Guinea Pig', 'Quos ut nisi doloremque sunt totam quibusdam quia aperiam tenetur.', 'Beatae omnis esse asperiores eum minima similique.');
INSERT INTO pet VALUES ('Jackson', 'Adolph.Heidenreich@gmail.com', 'Gecko', 'Est tempore doloremque delectus.', 'At et aut rerum et porro quia vitae quia impedit.');

INSERT INTO person VALUES ('Hildegard_Mante@yahoo.com', 'Else Dare', '$2b$10$KjlGkoYo.X.yATkN6hl68.Nm5HvEwphhDz5Gl3H3NaEg5kTeCCttO', '967 Gleason Island', 90675984, 'user', 'https://s3.amazonaws.com/uifaces/faces/twitter/carlfairclough/128.jpg');

INSERT INTO person VALUES ('Beth_Anderson@gmail.com', 'Janice Kulas', '$2b$10$KjlGkoYo.X.yATkN6hl68.HXP.pXlj/sTJ/LP84TYz6lCJVzrz3Aq', '567 Pagac Crossing', 90876530, 'user', 'https://s3.amazonaws.com/uifaces/faces/twitter/anthonysukow/128.jpg');
INSERT INTO part_time_ct VALUES ('Beth_Anderson@gmail.com');
INSERT INTO pt_free_schedule VALUES ('Beth_Anderson@gmail.com', '2020-11-05T06:42:34.121Z', '2021-10-21T00:13:10.654Z');
INSERT INTO pt_specializes_in VALUES ('Beth_Anderson@gmail.com', 'Cat', 20);

INSERT INTO person VALUES ('Emelie_Aufderhar88@yahoo.com', 'Jayda Ruecker', '$2b$10$KjlGkoYo.X.yATkN6hl68.HeQKmZgCW5zsnXwOZrSN4SLlYCdGH9O', '6024 Bergstrom Lodge', 90369564, 'user', 'https://s3.amazonaws.com/uifaces/faces/twitter/VMilescu/128.jpg');
INSERT INTO credit_card VALUES (4535487006502196, 'Emelie_Aufderhar88@yahoo.com', '2021-03-14T02:01:56.613Z', 459);
INSERT INTO pet VALUES ('Amira', 'Emelie_Aufderhar88@yahoo.com', 'Bird', 'Rerum et repellendus adipisci ut officiis quia aliquid omnis fugit.', 'Ut est voluptas numquam saepe id incidunt vel molestiae qui.');
INSERT INTO pet VALUES ('Dale', 'Emelie_Aufderhar88@yahoo.com', 'Gerbil', 'Ab eius culpa asperiores voluptatem temporibus.', 'Dolorem accusamus nihil quam in nulla unde.');
INSERT INTO part_time_ct VALUES ('Emelie_Aufderhar88@yahoo.com');
INSERT INTO pt_free_schedule VALUES ('Emelie_Aufderhar88@yahoo.com', '2020-11-05T12:41:38.190Z', '2020-11-18T05:07:57.074Z');
INSERT INTO pt_specializes_in VALUES ('Emelie_Aufderhar88@yahoo.com', 'Guinea Pig', 5);
INSERT INTO pt_specializes_in VALUES ('Emelie_Aufderhar88@yahoo.com', 'Mule', 0);

INSERT INTO person VALUES ('Delmer86@hotmail.com', 'Walton Connelly', '$2b$10$KjlGkoYo.X.yATkN6hl68.gvFcETK/K.gwC9dq3bWbFig5K8Wj2dK', '555 Woodrow Summit', 90332475, 'user', 'https://s3.amazonaws.com/uifaces/faces/twitter/nckjrvs/128.jpg');
INSERT INTO part_time_ct VALUES ('Delmer86@hotmail.com');
INSERT INTO pt_free_schedule VALUES ('Delmer86@hotmail.com', '2020-11-05T12:14:28.619Z', '2021-04-20T12:33:39.518Z');
INSERT INTO pt_specializes_in VALUES ('Delmer86@hotmail.com', 'Hog', 17);

INSERT INTO person VALUES ('Hayley12@yahoo.com', 'Sydney Kerluke', '$2b$10$KjlGkoYo.X.yATkN6hl68.ZBo6jXKviNbqwZ2nZVPQgcYTEUyv60a', '16275 Meggie Vista', 90286358, 'user', 'https://s3.amazonaws.com/uifaces/faces/twitter/mugukamil/128.jpg');
INSERT INTO credit_card VALUES (30087308389965, 'Hayley12@yahoo.com', '2023-07-21T18:42:28.547Z', 747);

INSERT INTO person VALUES ('Yvonne.Jacobson4@yahoo.com', 'Eula Kling', '$2b$10$KjlGkoYo.X.yATkN6hl68.v6vOEbHLMA.M8EkA6b2t474AKsTqfhq', '766 Adolphus Island', 90929220, 'user', 'https://s3.amazonaws.com/uifaces/faces/twitter/d_nny_m_cher/128.jpg');
INSERT INTO credit_card VALUES (6483503085394480, 'Yvonne.Jacobson4@yahoo.com', '2021-02-18T03:06:22.013Z', 219);
INSERT INTO pet VALUES ('Ofelia', 'Yvonne.Jacobson4@yahoo.com', 'Iguana', 'Delectus aperiam rem est voluptate.', 'Rem quaerat beatae eveniet ipsam quam tempora molestias.');
INSERT INTO part_time_ct VALUES ('Yvonne.Jacobson4@yahoo.com');
INSERT INTO pt_free_schedule VALUES ('Yvonne.Jacobson4@yahoo.com', '2020-11-04T16:44:21.022Z', '2021-06-29T04:14:31.510Z');

INSERT INTO person VALUES ('Lora_Sporer@yahoo.com', 'Laisha Sporer', '$2b$10$KjlGkoYo.X.yATkN6hl68.L/VpV20yblYU39yaetB6tCZDaYzZ.Ru', '41114 Deckow Cove', 90445882, 'user', 'https://s3.amazonaws.com/uifaces/faces/twitter/jimmuirhead/128.jpg');
INSERT INTO credit_card VALUES (6771893098502075, 'Lora_Sporer@yahoo.com', '2024-01-30T20:53:40.497Z', 745);
INSERT INTO pet VALUES ('Adrienne', 'Lora_Sporer@yahoo.com', 'Mule', 'Delectus excepturi voluptates aut quis sed dolorem cum.', 'Architecto velit ipsum porro eaque.');
INSERT INTO full_time_ct VALUES ('Lora_Sporer@yahoo.com');
INSERT INTO ft_specializes_in VALUES ('Lora_Sporer@yahoo.com', 'Chinese Water Dragon', 12);

INSERT INTO person VALUES ('Erich3@yahoo.com', 'Corrine Hoeger', '$2b$10$KjlGkoYo.X.yATkN6hl68.yaftbz5GTBbjItxjzk5B.YLfa8kDfG2', '599 Champlin Shores', 90118048, 'user', 'https://s3.amazonaws.com/uifaces/faces/twitter/bennyjien/128.jpg');

INSERT INTO person VALUES ('Rylee93@yahoo.com', 'Flossie Greenfelder', '$2b$10$KjlGkoYo.X.yATkN6hl68.gVG4WgBZb6/ZZxmgu46OvWSTJEaF8AO', '93332 Emmie Field', 90675286, 'user', 'https://s3.amazonaws.com/uifaces/faces/twitter/stefanozoffoli/128.jpg');
INSERT INTO credit_card VALUES (6771893647634965, 'Rylee93@yahoo.com', '2021-06-18T18:34:56.660Z', 002);
INSERT INTO pet VALUES ('Kirk', 'Rylee93@yahoo.com', 'Cat', 'Aliquam consectetur consequuntur eius.', 'Est ipsa eos nihil.');
INSERT INTO part_time_ct VALUES ('Rylee93@yahoo.com');
INSERT INTO pt_free_schedule VALUES ('Rylee93@yahoo.com', '2020-11-04T19:34:11.778Z', '2021-09-20T10:19:15.999Z');
INSERT INTO pt_specializes_in VALUES ('Rylee93@yahoo.com', 'Bird', 11);
INSERT INTO pt_specializes_in VALUES ('Rylee93@yahoo.com', 'Dog', 1);
INSERT INTO pt_specializes_in VALUES ('Rylee93@yahoo.com', 'Hamster', 10);

INSERT INTO person VALUES ('Curtis_Leuschke2@gmail.com', 'Daryl Hauck', '$2b$10$KjlGkoYo.X.yATkN6hl68.oedk0u0gBgB9WDUAVqIqPz2QeOhpubC', '2439 Noemie Stravenue', 90679871, 'user', 'https://s3.amazonaws.com/uifaces/faces/twitter/besbujupi/128.jpg');
INSERT INTO credit_card VALUES (6771891987342328, 'Curtis_Leuschke2@gmail.com', '2021-01-12T12:39:04.162Z', 956);
INSERT INTO pet VALUES ('Gaston', 'Curtis_Leuschke2@gmail.com', 'Cow', 'Dicta unde odio pariatur cupiditate sit sit reprehenderit ut.', 'Et dolorem eos commodi rerum.');
INSERT INTO pet VALUES ('Ceasar', 'Curtis_Leuschke2@gmail.com', 'Cat', 'Quis est exercitationem et aut est soluta velit.', 'Impedit debitis assumenda sit nobis veniam consequatur ipsam omnis.');
INSERT INTO part_time_ct VALUES ('Curtis_Leuschke2@gmail.com');
INSERT INTO pt_free_schedule VALUES ('Curtis_Leuschke2@gmail.com', '2020-11-04T19:57:00.362Z', '2021-02-19T09:11:23.598Z');
INSERT INTO pt_specializes_in VALUES ('Curtis_Leuschke2@gmail.com', 'Dog', 11);
INSERT INTO pt_specializes_in VALUES ('Curtis_Leuschke2@gmail.com', 'Pot Bellied Pig', 3);

INSERT INTO person VALUES ('Rachael.Bode12@hotmail.com', 'Elda Hintz', '$2b$10$KjlGkoYo.X.yATkN6hl68.A/wMrGnx8oOMgY2EfTeYqZ7Zo/CZiHe', '2627 Nickolas Turnpike', 90017984, 'user', 'https://s3.amazonaws.com/uifaces/faces/twitter/sbtransparent/128.jpg');
INSERT INTO credit_card VALUES (3528073267957250, 'Rachael.Bode12@hotmail.com', '2024-12-08T18:06:08.843Z', 193);
INSERT INTO pet VALUES ('Lelia', 'Rachael.Bode12@hotmail.com', 'Guinea Fowl', 'Illum ea quia.', 'Porro sunt consectetur sed eius magnam.');
INSERT INTO full_time_ct VALUES ('Rachael.Bode12@hotmail.com');
INSERT INTO ft_specializes_in VALUES ('Rachael.Bode12@hotmail.com', 'Cow', 7);
INSERT INTO ft_specializes_in VALUES ('Rachael.Bode12@hotmail.com', 'Guinea Pig', 3);
INSERT INTO ft_specializes_in VALUES ('Rachael.Bode12@hotmail.com', 'Peafowl', 1);

INSERT INTO person VALUES ('Shayne_Prohaska@gmail.com', 'Lorena Wisoky', '$2b$10$KjlGkoYo.X.yATkN6hl68.IMWJM6fsmAy26d3sjstNjyuYzfjBWXK', '26640 Vidal Garden', 90908693, 'user', 'https://s3.amazonaws.com/uifaces/faces/twitter/kolmarlopez/128.jpg');

INSERT INTO person VALUES ('Kiana_Watsica13@hotmail.com', 'Kory Legros', '$2b$10$KjlGkoYo.X.yATkN6hl68.rq8J7P6Ab7jLzgFgcWfdjX9ZhSCpx86', '1571 Gianni Estate', 90170739, 'user', 'https://s3.amazonaws.com/uifaces/faces/twitter/herrhaase/128.jpg');

INSERT INTO person VALUES ('Danyka3@gmail.com', 'Phoebe Jacobs', '$2b$10$KjlGkoYo.X.yATkN6hl68.YWULCNvNRB4P1K922w9fY1Zolxen7bq', '47546 Fisher Key', 90742078, 'user', 'https://s3.amazonaws.com/uifaces/faces/twitter/jm_denis/128.jpg');
INSERT INTO part_time_ct VALUES ('Danyka3@gmail.com');
INSERT INTO pt_free_schedule VALUES ('Danyka3@gmail.com', '2020-11-04T21:37:08.930Z', '2021-08-21T06:16:01.961Z');

INSERT INTO person VALUES ('Dominique.Goodwin@hotmail.com', 'Brooks Shanahan', '$2b$10$KjlGkoYo.X.yATkN6hl68.X2EtRPqezBtugc3IalHQ26d2hGyfM4u', '60967 Harris Valley', 90838495, 'user', 'https://s3.amazonaws.com/uifaces/faces/twitter/deeenright/128.jpg');
INSERT INTO credit_card VALUES (6767617982351457, 'Dominique.Goodwin@hotmail.com', '2021-02-26T15:37:10.413Z', 151);
INSERT INTO pet VALUES ('Kaylee', 'Dominique.Goodwin@hotmail.com', 'Pot Bellied Pig', 'Soluta dolorem impedit est ut laudantium autem.', 'Nemo alias hic nisi quae ipsa reiciendis numquam et velit.');
INSERT INTO pet VALUES ('Jazmyn', 'Dominique.Goodwin@hotmail.com', 'Horse', 'Nobis temporibus ipsum eligendi.', 'Quia itaque omnis quia maiores sit aliquid autem impedit vel.');
INSERT INTO part_time_ct VALUES ('Dominique.Goodwin@hotmail.com');
INSERT INTO pt_free_schedule VALUES ('Dominique.Goodwin@hotmail.com', '2020-11-05T01:55:09.451Z', '2021-10-27T18:22:58.212Z');
INSERT INTO pt_specializes_in VALUES ('Dominique.Goodwin@hotmail.com', 'Cat', 15);
INSERT INTO pt_specializes_in VALUES ('Dominique.Goodwin@hotmail.com', 'Llama', 6);

INSERT INTO person VALUES ('Constance95@gmail.com', 'Alanna Bradtke', '$2b$10$KjlGkoYo.X.yATkN6hl68.vdPr5rLv4Z5KITcdhhVFAWIsNR4hpqm', '7484 Stracke Station', 90635258, 'user', 'https://s3.amazonaws.com/uifaces/faces/twitter/marklamb/128.jpg');
INSERT INTO credit_card VALUES (6759327102907910, 'Constance95@gmail.com', '2022-08-23T19:24:01.232Z', 155);
INSERT INTO pet VALUES ('Rylan', 'Constance95@gmail.com', 'Mule', 'Sed enim id soluta ipsa velit assumenda unde et est.', 'Deserunt itaque consequuntur.');

INSERT INTO person VALUES ('Constantin_Wintheiser@yahoo.com', 'Nicole Oberbrunner', '$2b$10$KjlGkoYo.X.yATkN6hl68.3I5UYEw4OVCjLFck6PyIuNDxtWqpBCm', '69218 Derek Wells', 90027231, 'user', 'https://s3.amazonaws.com/uifaces/faces/twitter/craigelimeliah/128.jpg');
INSERT INTO credit_card VALUES (5214418907712886, 'Constantin_Wintheiser@yahoo.com', '2021-02-24T07:53:38.131Z', 298);
INSERT INTO full_time_ct VALUES ('Constantin_Wintheiser@yahoo.com');
INSERT INTO ft_specializes_in VALUES ('Constantin_Wintheiser@yahoo.com', 'Gerbil', 14);

INSERT INTO person VALUES ('Macy42@hotmail.com', 'German Strosin', '$2b$10$KjlGkoYo.X.yATkN6hl68.rgq2lPNdekhztYq3N9zWhdn2uPEALNC', '394 Graciela Summit', 90041212, 'user', 'https://s3.amazonaws.com/uifaces/faces/twitter/ultragex/128.jpg');

INSERT INTO person VALUES ('Willow8@hotmail.com', 'Kitty Boehm', '$2b$10$KjlGkoYo.X.yATkN6hl68.KkZXk8IWbHX/2WsmHgIoIV1uh44EW5e', '756 Krista Ferry', 90360968, 'user', 'https://s3.amazonaws.com/uifaces/faces/twitter/renbyrd/128.jpg');
INSERT INTO part_time_ct VALUES ('Willow8@hotmail.com');
INSERT INTO pt_free_schedule VALUES ('Willow8@hotmail.com', '2020-11-04T13:55:11.321Z', '2021-01-16T11:41:33.730Z');
INSERT INTO pt_specializes_in VALUES ('Willow8@hotmail.com', 'Gecko', 19);

INSERT INTO person VALUES ('Damon.Reynolds30@hotmail.com', 'Myriam Dicki', '$2b$10$KjlGkoYo.X.yATkN6hl68.37GL94yXPAGqdSKwUHySgYoLC64Ln1a', '4062 Misael Summit', 90835818, 'user', 'https://s3.amazonaws.com/uifaces/faces/twitter/peachananr/128.jpg');
INSERT INTO credit_card VALUES (5018397043516257, 'Damon.Reynolds30@hotmail.com', '2021-07-08T16:32:03.806Z', 652);
INSERT INTO pet VALUES ('Maeve', 'Damon.Reynolds30@hotmail.com', 'Llama', 'Nisi illo nisi autem sint sed.', 'Sit modi laboriosam et aut neque sint aut consequatur.');
INSERT INTO pet VALUES ('Madge', 'Damon.Reynolds30@hotmail.com', 'Lizard', 'Qui exercitationem et velit.', 'Asperiores expedita non sed repellat.');
INSERT INTO full_time_ct VALUES ('Damon.Reynolds30@hotmail.com');
INSERT INTO ft_specializes_in VALUES ('Damon.Reynolds30@hotmail.com', 'Burro', 6);

INSERT INTO person VALUES ('Chaz_Macejkovic@yahoo.com', 'Adah McDermott', '$2b$10$KjlGkoYo.X.yATkN6hl68.pmcz/2n9DK8z4SmgCdU9npC7u2DME3u', '86034 Yasmine Walk', 90214907, 'user', 'https://s3.amazonaws.com/uifaces/faces/twitter/spacewood_/128.jpg');

INSERT INTO person VALUES ('Madie_Schumm@yahoo.com', 'Brandi Nader', '$2b$10$KjlGkoYo.X.yATkN6hl68.gIFdJetterP64XqZzQRXlCedQo1UiUi', '6659 Hermann Shoals', 90982550, 'user', 'https://s3.amazonaws.com/uifaces/faces/twitter/mateaodviteza/128.jpg');

INSERT INTO person VALUES ('Wellington_Towne@gmail.com', 'Milford Reilly', '$2b$10$KjlGkoYo.X.yATkN6hl68.h56Mh/Vewl9XUqUDk9pOwZ/YgcWt546', '55626 Bogisich Cove', 90740087, 'user', 'https://s3.amazonaws.com/uifaces/faces/twitter/beshur/128.jpg');
INSERT INTO credit_card VALUES (6398871315450925, 'Wellington_Towne@gmail.com', '2022-10-08T04:42:56.727Z', 981);
INSERT INTO pet VALUES ('Aiyana', 'Wellington_Towne@gmail.com', 'Goat', 'Adipisci aut nostrum et vitae asperiores facilis pariatur.', 'Et sunt vitae est mollitia exercitationem recusandae libero.');
INSERT INTO pet VALUES ('Dora', 'Wellington_Towne@gmail.com', 'Cat', 'Eum quasi consequatur suscipit voluptatem.', 'Ut tempore autem.');

INSERT INTO person VALUES ('Alia.Armstrong@gmail.com', 'Zoe Simonis', '$2b$10$KjlGkoYo.X.yATkN6hl68.WJU0jIZFhbXF1FE1DyrAT8cU0Izxa7.', '720 Kertzmann Mews', 90818253, 'user', 'https://s3.amazonaws.com/uifaces/faces/twitter/falvarad/128.jpg');
INSERT INTO full_time_ct VALUES ('Alia.Armstrong@gmail.com');
INSERT INTO ft_specializes_in VALUES ('Alia.Armstrong@gmail.com', 'Pot Bellied Pig', 15);

INSERT INTO person VALUES ('Hattie_Klocko18@gmail.com', 'Travon Lemke', '$2b$10$KjlGkoYo.X.yATkN6hl68.RyDSPo/00LhRyh.VjN9HJ5nRFw81fhu', '61793 Vicky Rue', 90371813, 'user', 'https://s3.amazonaws.com/uifaces/faces/twitter/desastrozo/128.jpg');
INSERT INTO credit_card VALUES (5380228925262347, 'Hattie_Klocko18@gmail.com', '2022-12-13T04:06:25.097Z', 957);
INSERT INTO pet VALUES ('Edgar', 'Hattie_Klocko18@gmail.com', 'Ponie', 'Nihil dolorem rerum alias explicabo et dolor mollitia.', 'Quaerat quaerat molestiae distinctio enim veritatis.');
INSERT INTO pet VALUES ('Caden', 'Hattie_Klocko18@gmail.com', 'Geese (Chinese Swan Goose)', 'Dicta consectetur in voluptatem velit est ex.', 'Repellat reiciendis iure officiis.');
INSERT INTO part_time_ct VALUES ('Hattie_Klocko18@gmail.com');
INSERT INTO pt_free_schedule VALUES ('Hattie_Klocko18@gmail.com', '2020-11-04T17:04:09.557Z', '2021-05-16T21:36:53.514Z');
INSERT INTO pt_specializes_in VALUES ('Hattie_Klocko18@gmail.com', 'Mice', 15);
INSERT INTO pt_specializes_in VALUES ('Hattie_Klocko18@gmail.com', 'Pig', 16);

INSERT INTO person VALUES ('Cleo.Steuber94@hotmail.com', 'Jazmin Romaguera', '$2b$10$KjlGkoYo.X.yATkN6hl68.b93pgW/PpIeMuYeUG3z7OuSNQNuw8PS', '641 Dietrich Pike', 90262187, 'user', 'https://s3.amazonaws.com/uifaces/faces/twitter/vitorleal/128.jpg');
INSERT INTO credit_card VALUES (4788449858535, 'Cleo.Steuber94@hotmail.com', '2022-02-05T19:48:10.043Z', 748);

INSERT INTO person VALUES ('Bo.Harvey@yahoo.com', 'Ryann Sporer', '$2b$10$KjlGkoYo.X.yATkN6hl68.qWUXVxPCF9RNnaA0VWtf/fLYRvJ5YpC', '510 Royal Ridges', 90633694, 'user', 'https://s3.amazonaws.com/uifaces/faces/twitter/sangdth/128.jpg');
INSERT INTO credit_card VALUES (5893401195809964, 'Bo.Harvey@yahoo.com', '2021-01-04T21:05:44.115Z', 943);
INSERT INTO part_time_ct VALUES ('Bo.Harvey@yahoo.com');
INSERT INTO pt_free_schedule VALUES ('Bo.Harvey@yahoo.com', '2020-11-05T09:50:47.197Z', '2021-05-18T02:23:34.803Z');

INSERT INTO person VALUES ('Demarcus80@gmail.com', 'Shaun Schmeler', '$2b$10$KjlGkoYo.X.yATkN6hl68.dhO6iO6CxZ/4rl6YwSp14LMehhbLFrC', '47999 Leland Stravenue', 90605725, 'user', 'https://s3.amazonaws.com/uifaces/faces/twitter/johnriordan/128.jpg');
INSERT INTO credit_card VALUES (36838549584147, 'Demarcus80@gmail.com', '2021-09-29T16:24:54.954Z', 327);

INSERT INTO person VALUES ('Ward_Morissette@yahoo.com', 'Bettye Gleichner', '$2b$10$KjlGkoYo.X.yATkN6hl68.JdD2bIUDEy5mb0.09r907Zw0tQZUjO2', '64759 Leannon Prairie', 90643309, 'user', 'https://s3.amazonaws.com/uifaces/faces/twitter/r_garcia/128.jpg');
INSERT INTO credit_card VALUES (4312847230739715, 'Ward_Morissette@yahoo.com', '2021-07-24T20:06:09.440Z', 076);

INSERT INTO person VALUES ('Idella_Greenholt88@hotmail.com', 'Liana West', '$2b$10$KjlGkoYo.X.yATkN6hl68.q8GSuPmx/W7Q0HM1ZuwxGUbxj3LxAHm', '00232 Reinger Shores', 90328498, 'user', 'https://s3.amazonaws.com/uifaces/faces/twitter/sachacorazzi/128.jpg');
INSERT INTO credit_card VALUES (4283467218424100, 'Idella_Greenholt88@hotmail.com', '2021-04-19T13:41:20.785Z', 894);
INSERT INTO pet VALUES ('Tyrese', 'Idella_Greenholt88@hotmail.com', 'Burro', 'Soluta at qui voluptatem ipsa expedita illum rerum sint.', 'Unde nulla corrupti exercitationem qui.');
INSERT INTO pet VALUES ('Kendrick', 'Idella_Greenholt88@hotmail.com', 'Peafowl', 'Temporibus a quisquam.', 'Illum vel dolor.');
INSERT INTO part_time_ct VALUES ('Idella_Greenholt88@hotmail.com');
INSERT INTO pt_free_schedule VALUES ('Idella_Greenholt88@hotmail.com', '2020-11-05T07:48:44.140Z', '2021-05-23T01:37:11.661Z');

INSERT INTO person VALUES ('Montana.Trantow29@hotmail.com', 'Kareem Walter', '$2b$10$KjlGkoYo.X.yATkN6hl68.dFNxCKlKzMgPJ.IeTmL4CJaJy/C.Xiy', '096 Helen Inlet', 90585686, 'user', 'https://s3.amazonaws.com/uifaces/faces/twitter/joshuasortino/128.jpg');

INSERT INTO person VALUES ('Brendan.Bartell@yahoo.com', 'Tony Marvin', '$2b$10$KjlGkoYo.X.yATkN6hl68.U8MyWf6Kf3/Gknn4RHLxrtD87dWCuqm', '047 Abbott Mews', 90533543, 'user', 'https://s3.amazonaws.com/uifaces/faces/twitter/grrr_nl/128.jpg');

INSERT INTO person VALUES ('Gavin.Kuhlman56@yahoo.com', 'Eveline Schoen', '$2b$10$KjlGkoYo.X.yATkN6hl68.OrNzPaoMg9UxggTDRcbAIXKD8DWhj12', '67564 Schmitt Ports', 90366776, 'user', 'https://s3.amazonaws.com/uifaces/faces/twitter/homka/128.jpg');

INSERT INTO person VALUES ('Lillie_Bogisich@gmail.com', 'Korey Durgan', '$2b$10$KjlGkoYo.X.yATkN6hl68.eqzDHKn8X3RFPVo.ONDLTg2nuK4mQfS', '856 Kunde Village', 90582904, 'user', 'https://s3.amazonaws.com/uifaces/faces/twitter/mrmartineau/128.jpg');
INSERT INTO part_time_ct VALUES ('Lillie_Bogisich@gmail.com');
INSERT INTO pt_free_schedule VALUES ('Lillie_Bogisich@gmail.com', '2020-11-05T08:05:47.499Z', '2021-06-30T07:37:05.436Z');
INSERT INTO pt_specializes_in VALUES ('Lillie_Bogisich@gmail.com', 'Horse', 10);

INSERT INTO person VALUES ('Christian_Legros@gmail.com', 'Natalia Daniel', '$2b$10$KjlGkoYo.X.yATkN6hl68.5BZjU.5mZ2dgrZt0YNNYL2k2B3N671i', '05935 Kaci Circle', 90807909, 'user', 'https://s3.amazonaws.com/uifaces/faces/twitter/cdavis565/128.jpg');

INSERT INTO person VALUES ('Sammy_Cremin@yahoo.com', 'Halie Botsford', '$2b$10$KjlGkoYo.X.yATkN6hl68.8JOwKXa/BvhSTpJ0wpsRwEa1.zpqa.y', '4915 Wilkinson Cove', 90867840, 'user', 'https://s3.amazonaws.com/uifaces/faces/twitter/emmandenn/128.jpg');
INSERT INTO credit_card VALUES (341431564339738, 'Sammy_Cremin@yahoo.com', '2022-03-07T23:31:27.099Z', 830);
INSERT INTO pet VALUES ('Gilbert', 'Sammy_Cremin@yahoo.com', 'Guinea Pig', 'Quibusdam eius distinctio ea et vel voluptatem nostrum sapiente nihil.', 'Consequatur vero incidunt corporis maiores quia dolor.');

INSERT INTO person VALUES ('Yadira.Kutch5@hotmail.com', 'Nikko Stanton', '$2b$10$KjlGkoYo.X.yATkN6hl68.ITlkleohZ1sPpWtcGqPV.Ca0b7VPNIu', '0880 Hamill Islands', 90821074, 'user', 'https://s3.amazonaws.com/uifaces/faces/twitter/jydesign/128.jpg');
INSERT INTO full_time_ct VALUES ('Yadira.Kutch5@hotmail.com');
INSERT INTO ft_specializes_in VALUES ('Yadira.Kutch5@hotmail.com', 'Geese (Chinese Swan Goose)', 17);
INSERT INTO ft_specializes_in VALUES ('Yadira.Kutch5@hotmail.com', 'Pigeon', 2);

INSERT INTO person VALUES ('Araceli_Hilpert@gmail.com', 'Edythe Macejkovic', '$2b$10$KjlGkoYo.X.yATkN6hl68.BM7AlUifsSj7t2NPRKbv60w48yB0OU6', '692 Mohr Mill', 90514429, 'user', 'https://s3.amazonaws.com/uifaces/faces/twitter/catarino/128.jpg');
INSERT INTO part_time_ct VALUES ('Araceli_Hilpert@gmail.com');
INSERT INTO pt_free_schedule VALUES ('Araceli_Hilpert@gmail.com', '2020-11-04T20:59:48.787Z', '2021-02-28T23:17:58.294Z');
INSERT INTO pt_specializes_in VALUES ('Araceli_Hilpert@gmail.com', 'Gecko', 10);
INSERT INTO pt_specializes_in VALUES ('Araceli_Hilpert@gmail.com', 'Gerbil', 8);

INSERT INTO person VALUES ('Marvin_Schuppe@gmail.com', 'Susie Marvin', '$2b$10$KjlGkoYo.X.yATkN6hl68.9NtjlrgPfgxrzmF0do.NFKGqv/DsnhW', '9003 Feeney Track', 90261491, 'user', 'https://s3.amazonaws.com/uifaces/faces/twitter/mhaligowski/128.jpg');
INSERT INTO full_time_ct VALUES ('Marvin_Schuppe@gmail.com');
INSERT INTO ft_specializes_in VALUES ('Marvin_Schuppe@gmail.com', 'Horse', 8);
INSERT INTO ft_specializes_in VALUES ('Marvin_Schuppe@gmail.com', 'Rabbit', 2);

INSERT INTO person VALUES ('Bernice.Turner45@gmail.com', 'Brooks Medhurst', '$2b$10$KjlGkoYo.X.yATkN6hl68.fuYQP0iRU0ljWv82N7laCEWYCGopig6', '014 Macie Ramp', 90169975, 'user', 'https://s3.amazonaws.com/uifaces/faces/twitter/thedamianhdez/128.jpg');
INSERT INTO part_time_ct VALUES ('Bernice.Turner45@gmail.com');
INSERT INTO pt_free_schedule VALUES ('Bernice.Turner45@gmail.com', '2020-11-05T11:26:46.954Z', '2021-05-16T19:57:17.619Z');

INSERT INTO person VALUES ('Abner13@hotmail.com', 'Marcelle Wisozk', '$2b$10$KjlGkoYo.X.yATkN6hl68.Fxtsl6g3PAMwqeshSlhV/wNJZIS8nnG', '064 Oberbrunner Extension', 90864446, 'user', 'https://s3.amazonaws.com/uifaces/faces/twitter/jeremiaha/128.jpg');
INSERT INTO credit_card VALUES (3541242861662944, 'Abner13@hotmail.com', '2021-05-09T11:27:33.066Z', 201);
INSERT INTO pet VALUES ('Vaughn', 'Abner13@hotmail.com', 'Cow', 'Est quis sit non.', 'Vero voluptas nulla voluptatem enim labore eius necessitatibus.');
INSERT INTO full_time_ct VALUES ('Abner13@hotmail.com');
INSERT INTO ft_specializes_in VALUES ('Abner13@hotmail.com', 'Lizard', 6);

INSERT INTO person VALUES ('Malachi.Wuckert45@gmail.com', 'Kayla Fadel', '$2b$10$KjlGkoYo.X.yATkN6hl68.tZGkiaEY6Nq5PXLJryJ689PatSOt3oG', '33197 Bruen Circle', 90888688, 'user', 'https://s3.amazonaws.com/uifaces/faces/twitter/nessoila/128.jpg');
INSERT INTO credit_card VALUES (6577620966942985, 'Malachi.Wuckert45@gmail.com', '2022-04-25T07:23:31.734Z', 762);
INSERT INTO pet VALUES ('Uriah', 'Malachi.Wuckert45@gmail.com', 'Pot Bellied Pig', 'Harum tenetur numquam assumenda molestias excepturi rerum incidunt.', 'Officiis ex et dolor qui soluta.');

INSERT INTO person VALUES ('Dameon.DAmore20@gmail.com', 'Kiel Barton', '$2b$10$KjlGkoYo.X.yATkN6hl68..XrgvjCiwdr2u4/StJAzujfpQPtiKDm', '3677 Lucienne Centers', 90011598, 'user', 'https://s3.amazonaws.com/uifaces/faces/twitter/devinhalladay/128.jpg');

INSERT INTO person VALUES ('Ryder7@yahoo.com', 'Zoe Willms', '$2b$10$KjlGkoYo.X.yATkN6hl68.tDWND.vfV1jw384rlryZz5c7qrOu7x.', '34840 Conor Union', 90179038, 'user', 'https://s3.amazonaws.com/uifaces/faces/twitter/BenouarradeM/128.jpg');
INSERT INTO credit_card VALUES (6597622330524024, 'Ryder7@yahoo.com', '2022-10-21T17:53:32.711Z', 062);
INSERT INTO pet VALUES ('Maryse', 'Ryder7@yahoo.com', 'Hedgehog', 'Nemo in et aliquid.', 'Quia minima praesentium voluptas.');
INSERT INTO full_time_ct VALUES ('Ryder7@yahoo.com');
INSERT INTO ft_specializes_in VALUES ('Ryder7@yahoo.com', 'Burro', 9);
INSERT INTO ft_specializes_in VALUES ('Ryder7@yahoo.com', 'Peafowl', 2);

INSERT INTO person VALUES ('Kay_Mann@yahoo.com', 'Jessika Batz', '$2b$10$KjlGkoYo.X.yATkN6hl68.II.PgsIv8xuM2WhsuTPYr503v1YMX3K', '382 Jaiden Mission', 90445178, 'user', 'https://s3.amazonaws.com/uifaces/faces/twitter/okandungel/128.jpg');

INSERT INTO person VALUES ('Miles_Braun6@gmail.com', 'Sean Marks', '$2b$10$KjlGkoYo.X.yATkN6hl68.3u/vgXy09eNQzcOMk./4PlCb6oBoq8e', '33099 Morissette Station', 90466744, 'user', 'https://s3.amazonaws.com/uifaces/faces/twitter/kucingbelang4/128.jpg');
INSERT INTO credit_card VALUES (6398008782722235, 'Miles_Braun6@gmail.com', '2021-04-04T13:14:19.889Z', 566);
INSERT INTO pet VALUES ('Madilyn', 'Miles_Braun6@gmail.com', 'Iguana', 'Deleniti eos qui corporis error possimus iusto.', 'Quo non pariatur.');
INSERT INTO pet VALUES ('Herminio', 'Miles_Braun6@gmail.com', 'Rabbit', 'Eaque eligendi est.', 'Fuga quos aspernatur.');
INSERT INTO part_time_ct VALUES ('Miles_Braun6@gmail.com');
INSERT INTO pt_free_schedule VALUES ('Miles_Braun6@gmail.com', '2020-11-05T02:16:23.480Z', '2021-05-24T06:17:24.080Z');
INSERT INTO pt_specializes_in VALUES ('Miles_Braun6@gmail.com', 'Hamster', 9);
INSERT INTO pt_specializes_in VALUES ('Miles_Braun6@gmail.com', 'Hedgehog', 7);
INSERT INTO pt_specializes_in VALUES ('Miles_Braun6@gmail.com', 'Hog', 7);

INSERT INTO person VALUES ('Magdalen.Rippin@gmail.com', 'Jazmin Skiles', '$2b$10$KjlGkoYo.X.yATkN6hl68.OgGFu31blWQcKTcXN6lLESe6zYU63Le', '43466 Hoppe Street', 90883464, 'user', 'https://s3.amazonaws.com/uifaces/faces/twitter/robergd/128.jpg');
INSERT INTO part_time_ct VALUES ('Magdalen.Rippin@gmail.com');
INSERT INTO pt_free_schedule VALUES ('Magdalen.Rippin@gmail.com', '2020-11-05T09:04:16.207Z', '2021-07-30T01:53:46.344Z');

INSERT INTO person VALUES ('Teagan88@hotmail.com', 'Willa Steuber', '$2b$10$KjlGkoYo.X.yATkN6hl68.2hEgi2.bUQIPvkVlGZL5bNpDSjH1SKS', '606 OHara Highway', 90906316, 'user', 'https://s3.amazonaws.com/uifaces/faces/twitter/osmond/128.jpg');
INSERT INTO credit_card VALUES (5893312458218057, 'Teagan88@hotmail.com', '2021-08-27T07:28:28.215Z', 910);
INSERT INTO pet VALUES ('Nora', 'Teagan88@hotmail.com', 'Hamster', 'Et assumenda velit quas.', 'Ut est quis.');
INSERT INTO pet VALUES ('Otilia', 'Teagan88@hotmail.com', 'Bird', 'Quos et sequi tempore est est similique vel.', 'Dolor mollitia ratione possimus sit et quo.');
INSERT INTO part_time_ct VALUES ('Teagan88@hotmail.com');
INSERT INTO pt_free_schedule VALUES ('Teagan88@hotmail.com', '2020-11-05T10:17:41.931Z', '2021-08-25T02:12:01.481Z');
INSERT INTO pt_specializes_in VALUES ('Teagan88@hotmail.com', 'Duck', 17);
INSERT INTO pt_specializes_in VALUES ('Teagan88@hotmail.com', 'Gecko', 12);

INSERT INTO person VALUES ('Linda.Friesen63@hotmail.com', 'German Bogisich', '$2b$10$KjlGkoYo.X.yATkN6hl68.Ff9sV9hao2Cgcf4OSfWHNV4l.vQMSiS', '6548 Elmira Square', 90465822, 'user', 'https://s3.amazonaws.com/uifaces/faces/twitter/croakx/128.jpg');
INSERT INTO credit_card VALUES (6767822494313155, 'Linda.Friesen63@hotmail.com', '2023-07-06T13:01:25.973Z', 990);
INSERT INTO pet VALUES ('Estevan', 'Linda.Friesen63@hotmail.com', 'Pot Bellied Pig', 'Eum maxime cumque alias veritatis sed iure ut.', 'Asperiores id qui voluptatibus eum harum accusantium quis animi.');
INSERT INTO pet VALUES ('Helena', 'Linda.Friesen63@hotmail.com', 'Bearded Dragon', 'Quaerat ad laborum labore id aut natus.', 'Soluta facere sit occaecati quia.');
INSERT INTO pet VALUES ('Bruce', 'Linda.Friesen63@hotmail.com', 'Guinea Fowl', 'Assumenda modi et.', 'Vero voluptatem assumenda.');

INSERT INTO person VALUES ('Grace.Okuneva@hotmail.com', 'Kirk Bruen', '$2b$10$KjlGkoYo.X.yATkN6hl68.OOxabKiwBEgNB.x9A0pggwiFK5KpobS', '95825 Connelly Isle', 90838092, 'user', 'https://s3.amazonaws.com/uifaces/faces/twitter/mattsapii/128.jpg');
INSERT INTO part_time_ct VALUES ('Grace.Okuneva@hotmail.com');
INSERT INTO pt_free_schedule VALUES ('Grace.Okuneva@hotmail.com', '2020-11-04T19:11:41.175Z', '2021-04-23T22:20:01.450Z');
INSERT INTO pt_specializes_in VALUES ('Grace.Okuneva@hotmail.com', 'Geese (Chinese Swan Goose)', 7);
INSERT INTO pt_specializes_in VALUES ('Grace.Okuneva@hotmail.com', 'Gerbil', 9);
INSERT INTO pt_specializes_in VALUES ('Grace.Okuneva@hotmail.com', 'Goat', 1);

INSERT INTO person VALUES ('Diamond.Lang@hotmail.com', 'Roma McLaughlin', '$2b$10$KjlGkoYo.X.yATkN6hl68.1JMP0/sDx9P1iPGn9vOIxwaW21pZJHy', '7926 Kreiger Squares', 90145016, 'user', 'https://s3.amazonaws.com/uifaces/faces/twitter/dev_essentials/128.jpg');
INSERT INTO credit_card VALUES (6759119830435616, 'Diamond.Lang@hotmail.com', '2022-10-29T17:37:41.665Z', 371);
INSERT INTO part_time_ct VALUES ('Diamond.Lang@hotmail.com');
INSERT INTO pt_free_schedule VALUES ('Diamond.Lang@hotmail.com', '2020-11-05T01:54:28.945Z', '2021-08-16T19:18:45.455Z');
INSERT INTO pt_specializes_in VALUES ('Diamond.Lang@hotmail.com', 'Guinea Fowl', 12);

INSERT INTO person VALUES ('Raleigh_Greenholt50@gmail.com', 'Jonathan Wunsch', '$2b$10$KjlGkoYo.X.yATkN6hl68.sAVF6Y5CnPkz9oBhKyMWPRvQt8IM8CO', '95335 Veum Flat', 90071781, 'user', 'https://s3.amazonaws.com/uifaces/faces/twitter/shadeed9/128.jpg');
INSERT INTO part_time_ct VALUES ('Raleigh_Greenholt50@gmail.com');
INSERT INTO pt_free_schedule VALUES ('Raleigh_Greenholt50@gmail.com', '2020-11-05T13:26:21.465Z', '2020-11-26T16:47:27.293Z');
INSERT INTO pt_specializes_in VALUES ('Raleigh_Greenholt50@gmail.com', 'Hamster', 7);

INSERT INTO person VALUES ('Nannie91@hotmail.com', 'Abdullah Kunze', '$2b$10$KjlGkoYo.X.yATkN6hl68.wvE6kHYu/dIC22arg9we1qsudwjekrO', '1396 Jammie Roads', 90955149, 'user', 'https://s3.amazonaws.com/uifaces/faces/twitter/baires/128.jpg');
INSERT INTO credit_card VALUES (6771948507300206, 'Nannie91@hotmail.com', '2023-06-19T07:08:35.981Z', 548);
INSERT INTO full_time_ct VALUES ('Nannie91@hotmail.com');
INSERT INTO ft_specializes_in VALUES ('Nannie91@hotmail.com', 'Guinea Fowl', 6);
INSERT INTO ft_specializes_in VALUES ('Nannie91@hotmail.com', 'Pot Bellied Pig', 10);

INSERT INTO person VALUES ('Bruce.Padberg21@hotmail.com', 'Raymond Steuber', '$2b$10$KjlGkoYo.X.yATkN6hl68.bk9ebb9AK.Zq7M0/eRCC1TdeWtH7jnC', '3663 Harvey Lights', 90978202, 'user', 'https://s3.amazonaws.com/uifaces/faces/twitter/noufalibrahim/128.jpg');
INSERT INTO credit_card VALUES (6767308756511699, 'Bruce.Padberg21@hotmail.com', '2021-06-26T13:03:51.721Z', 750);
INSERT INTO pet VALUES ('Tanner', 'Bruce.Padberg21@hotmail.com', 'Iguana', 'Necessitatibus est accusamus qui exercitationem et ex et.', 'Dolorum repellat molestiae mollitia architecto porro.');

INSERT INTO person VALUES ('Tyson_Bartoletti@yahoo.com', 'Marjory Schowalter', '$2b$10$KjlGkoYo.X.yATkN6hl68.1MuXV6H/iLXzwKuIe9.CUtJSQ/1sy9u', '1628 Davis Lakes', 90027783, 'user', 'https://s3.amazonaws.com/uifaces/faces/twitter/attacks/128.jpg');
INSERT INTO part_time_ct VALUES ('Tyson_Bartoletti@yahoo.com');
INSERT INTO pt_free_schedule VALUES ('Tyson_Bartoletti@yahoo.com', '2020-11-05T12:24:51.326Z', '2021-09-14T01:10:10.130Z');
INSERT INTO pt_specializes_in VALUES ('Tyson_Bartoletti@yahoo.com', 'Bearded Dragon', 18);
INSERT INTO pt_specializes_in VALUES ('Tyson_Bartoletti@yahoo.com', 'Pot Bellied Pig', 16);

INSERT INTO person VALUES ('Pablo17@gmail.com', 'Rae Moore', '$2b$10$KjlGkoYo.X.yATkN6hl68.Tb405JlXO1xKqWVvmHFu18GUSA6rRsi', '029 Eleanora Creek', 90620143, 'user', 'https://s3.amazonaws.com/uifaces/faces/twitter/hasslunsford/128.jpg');
INSERT INTO part_time_ct VALUES ('Pablo17@gmail.com');
INSERT INTO pt_free_schedule VALUES ('Pablo17@gmail.com', '2020-11-05T09:37:22.727Z', '2021-04-25T19:50:57.184Z');
INSERT INTO pt_specializes_in VALUES ('Pablo17@gmail.com', 'Burro', 14);
INSERT INTO pt_specializes_in VALUES ('Pablo17@gmail.com', 'Chinchilla', 18);
INSERT INTO pt_specializes_in VALUES ('Pablo17@gmail.com', 'Goat', 17);

INSERT INTO person VALUES ('Vern.Stamm@hotmail.com', 'Jaquan Johns', '$2b$10$KjlGkoYo.X.yATkN6hl68.Qy7aAyBdkexUmeByIAd5/iUPIl4iDLi', '899 Gaylord Highway', 90478959, 'user', 'https://s3.amazonaws.com/uifaces/faces/twitter/uberschizo/128.jpg');
INSERT INTO credit_card VALUES (6762440995921104, 'Vern.Stamm@hotmail.com', '2021-02-07T11:59:25.668Z', 825);
INSERT INTO pet VALUES ('Isabella', 'Vern.Stamm@hotmail.com', 'Guinea Fowl', 'Facere et voluptatem non et.', 'Nulla amet minus.');

INSERT INTO person VALUES ('Telly.Ankunding92@hotmail.com', 'Tiffany Kilback', '$2b$10$KjlGkoYo.X.yATkN6hl68.qp9QB2LB/B80qKofYpIMOEi8ut7qcRO', '3710 Osinski Mountains', 90955187, 'user', 'https://s3.amazonaws.com/uifaces/faces/twitter/joreira/128.jpg');
INSERT INTO credit_card VALUES (5018393455302519, 'Telly.Ankunding92@hotmail.com', '2023-01-23T10:22:34.315Z', 970);
INSERT INTO pet VALUES ('Evert', 'Telly.Ankunding92@hotmail.com', 'Burro', 'Reiciendis est dolorum recusandae.', 'Temporibus magnam aut qui.');
INSERT INTO pet VALUES ('Haven', 'Telly.Ankunding92@hotmail.com', 'Burro', 'Labore non non velit.', 'Omnis eius ut quidem consequatur est similique ex velit.');
INSERT INTO pet VALUES ('Gayle', 'Telly.Ankunding92@hotmail.com', 'Chinchilla', 'Omnis ut sed debitis sit et praesentium.', 'Ut quos nihil quidem ex.');
INSERT INTO part_time_ct VALUES ('Telly.Ankunding92@hotmail.com');
INSERT INTO pt_free_schedule VALUES ('Telly.Ankunding92@hotmail.com', '2020-11-05T02:02:55.890Z', '2021-03-30T11:09:29.395Z');

INSERT INTO person VALUES ('Kaelyn95@hotmail.com', 'Tatum OConner', '$2b$10$KjlGkoYo.X.yATkN6hl68.f/OIq.s7NBxVDziNLmKrYdKri5U3Lha', '792 Wade Summit', 90889078, 'user', 'https://s3.amazonaws.com/uifaces/faces/twitter/coreyginnivan/128.jpg');
INSERT INTO part_time_ct VALUES ('Kaelyn95@hotmail.com');
INSERT INTO pt_free_schedule VALUES ('Kaelyn95@hotmail.com', '2020-11-05T00:24:57.136Z', '2021-07-20T12:04:33.215Z');
INSERT INTO pt_specializes_in VALUES ('Kaelyn95@hotmail.com', 'Cat', 4);
INSERT INTO pt_specializes_in VALUES ('Kaelyn95@hotmail.com', 'Chicken', 9);
INSERT INTO pt_specializes_in VALUES ('Kaelyn95@hotmail.com', 'Gerbil', 9);

INSERT INTO person VALUES ('Claire.Lind90@gmail.com', 'Kaley Ankunding', '$2b$10$KjlGkoYo.X.yATkN6hl68.D7Wp/O6ANvgZU2APibNjtj3m3Gr2HV2', '659 Lolita Way', 90979310, 'user', 'https://s3.amazonaws.com/uifaces/faces/twitter/lososina/128.jpg');

INSERT INTO person VALUES ('Candace.Lang@hotmail.com', 'Mose Littel', '$2b$10$KjlGkoYo.X.yATkN6hl68.FxyEySBcwh8jUz0nf69NDAEj77I3Fsu', '153 Kozey Row', 90237239, 'user', 'https://s3.amazonaws.com/uifaces/faces/twitter/rohixx/128.jpg');
INSERT INTO part_time_ct VALUES ('Candace.Lang@hotmail.com');
INSERT INTO pt_free_schedule VALUES ('Candace.Lang@hotmail.com', '2020-11-04T20:46:18.074Z', '2021-07-17T11:25:56.373Z');
INSERT INTO pt_specializes_in VALUES ('Candace.Lang@hotmail.com', 'Chinese Water Dragon', 18);

INSERT INTO person VALUES ('Estel_Kilback@gmail.com', 'Rosanna Grant', '$2b$10$KjlGkoYo.X.yATkN6hl68.iydHi8CXi2mLK0y2yw4mZWTgwM3crtG', '3342 Bauch Forges', 90593012, 'user', 'https://s3.amazonaws.com/uifaces/faces/twitter/noufalibrahim/128.jpg');
INSERT INTO credit_card VALUES (5571599442023647, 'Estel_Kilback@gmail.com', '2021-11-05T15:41:55.195Z', 366);
INSERT INTO pet VALUES ('Jevon', 'Estel_Kilback@gmail.com', 'Gecko', 'Qui consectetur qui veniam vero.', 'Deleniti cumque blanditiis et.');
INSERT INTO full_time_ct VALUES ('Estel_Kilback@gmail.com');

INSERT INTO person VALUES ('Coty_Carroll@hotmail.com', 'Lucienne Erdman', '$2b$10$KjlGkoYo.X.yATkN6hl68.R8M.qRDoMMVCiH.f773pQ7.mQJcEY9m', '18554 Terry Centers', 90140766, 'user', 'https://s3.amazonaws.com/uifaces/faces/twitter/craighenneberry/128.jpg');
INSERT INTO credit_card VALUES (5170559473241562, 'Coty_Carroll@hotmail.com', '2020-11-20T18:25:25.424Z', 621);
INSERT INTO pet VALUES ('Rosetta', 'Coty_Carroll@hotmail.com', 'Duck', 'Dolor voluptates cumque quod.', 'Repudiandae sint blanditiis ullam officia corrupti quis qui quia magni.');
INSERT INTO pet VALUES ('Stevie', 'Coty_Carroll@hotmail.com', 'Dog', 'Consectetur voluptates adipisci adipisci laboriosam saepe repudiandae ullam aperiam id.', 'Natus rerum non qui ipsa facere.');
INSERT INTO pet VALUES ('Koby', 'Coty_Carroll@hotmail.com', 'Cat', 'Sunt ad dolores reiciendis.', 'Eum officiis ipsum.');
INSERT INTO part_time_ct VALUES ('Coty_Carroll@hotmail.com');
INSERT INTO pt_free_schedule VALUES ('Coty_Carroll@hotmail.com', '2020-11-04T22:22:52.846Z', '2021-06-05T12:55:14.244Z');
INSERT INTO pt_specializes_in VALUES ('Coty_Carroll@hotmail.com', 'Duck', 1);

INSERT INTO person VALUES ('Keely.Green73@yahoo.com', 'Eloy Emmerich', '$2b$10$KjlGkoYo.X.yATkN6hl68.X3EGOZ1o9qBPbaOPz6Qe.NDBtEuydj2', '775 Cathrine Greens', 90859441, 'user', 'https://s3.amazonaws.com/uifaces/faces/twitter/kapaluccio/128.jpg');

INSERT INTO person VALUES ('Alene_Bahringer13@yahoo.com', 'Eino Cronin', '$2b$10$KjlGkoYo.X.yATkN6hl68.5bST7Hsa.JlJ8FwOph2/gYWcMhv6/Zm', '6994 Bradtke Lakes', 90650479, 'user', 'https://s3.amazonaws.com/uifaces/faces/twitter/a_harris88/128.jpg');
INSERT INTO credit_card VALUES (6759399081330285, 'Alene_Bahringer13@yahoo.com', '2021-10-31T20:23:40.901Z', 246);
INSERT INTO pet VALUES ('Ellen', 'Alene_Bahringer13@yahoo.com', 'Bird', 'Non in laboriosam facilis dicta quo soluta sint.', 'Id enim nulla amet.');
INSERT INTO part_time_ct VALUES ('Alene_Bahringer13@yahoo.com');
INSERT INTO pt_free_schedule VALUES ('Alene_Bahringer13@yahoo.com', '2020-11-05T05:30:55.813Z', '2021-06-23T19:36:25.606Z');
INSERT INTO pt_specializes_in VALUES ('Alene_Bahringer13@yahoo.com', 'Donkey', 11);

INSERT INTO person VALUES ('Cullen_Hilll73@hotmail.com', 'Henry Botsford', '$2b$10$KjlGkoYo.X.yATkN6hl68.jzPoKz7ffm0MJ2oPXE3PDfrgygr651K', '88674 Ocie Junction', 90552594, 'user', 'https://s3.amazonaws.com/uifaces/faces/twitter/ruzinav/128.jpg');
INSERT INTO credit_card VALUES (6709993455150484, 'Cullen_Hilll73@hotmail.com', '2021-09-19T02:47:05.466Z', 378);
INSERT INTO pet VALUES ('Tatum', 'Cullen_Hilll73@hotmail.com', 'Guinea Fowl', 'Molestiae dolorem fugiat soluta.', 'Et rerum sint et non quo explicabo esse voluptatem.');
INSERT INTO full_time_ct VALUES ('Cullen_Hilll73@hotmail.com');
INSERT INTO ft_specializes_in VALUES ('Cullen_Hilll73@hotmail.com', 'Chinchilla', 17);
INSERT INTO ft_specializes_in VALUES ('Cullen_Hilll73@hotmail.com', 'Peafowl', 9);

INSERT INTO person VALUES ('Imani_Mertz@yahoo.com', 'Grover Kassulke', '$2b$10$KjlGkoYo.X.yATkN6hl68.TSZude1NWxaYpNX5Qvpng2uWUwBJUVe', '87595 Corwin Brooks', 90575292, 'user', 'https://s3.amazonaws.com/uifaces/faces/twitter/gaborenton/128.jpg');
INSERT INTO credit_card VALUES (5188454382957706, 'Imani_Mertz@yahoo.com', '2022-02-01T05:01:42.412Z', 432);

INSERT INTO person VALUES ('Mary.Friesen51@hotmail.com', 'Miguel Daniel', '$2b$10$KjlGkoYo.X.yATkN6hl68.ImYoHLJov1Dv00AIGjhIVibCE6qxzBu', '602 Kristopher Port', 90081864, 'user', 'https://s3.amazonaws.com/uifaces/faces/twitter/digitalmaverick/128.jpg');
INSERT INTO full_time_ct VALUES ('Mary.Friesen51@hotmail.com');
INSERT INTO ft_specializes_in VALUES ('Mary.Friesen51@hotmail.com', 'Rabbit', 19);

INSERT INTO person VALUES ('Winnifred59@yahoo.com', 'Adolphus Rosenbaum', '$2b$10$KjlGkoYo.X.yATkN6hl68.f61DF3NPPC6ZD6nPBSxnCnSas8s0NMW', '1273 Jarrett Overpass', 90453890, 'user', 'https://s3.amazonaws.com/uifaces/faces/twitter/hfalucas/128.jpg');
INSERT INTO credit_card VALUES (5893068082911645, 'Winnifred59@yahoo.com', '2022-07-20T19:26:55.155Z', 866);

INSERT INTO person VALUES ('Nella41@yahoo.com', 'Kiel Sipes', '$2b$10$KjlGkoYo.X.yATkN6hl68.nDZ9WQqaeI1wET9OPFwY9TV0paLZbUy', '2694 Lang Inlet', 90429799, 'user', 'https://s3.amazonaws.com/uifaces/faces/twitter/collegeman/128.jpg');
INSERT INTO credit_card VALUES (6771897264818898, 'Nella41@yahoo.com', '2021-09-19T18:59:01.288Z', 183);
INSERT INTO pet VALUES ('Emilio', 'Nella41@yahoo.com', 'Lizard', 'Incidunt est quo quia non.', 'Quis qui praesentium tempora minima.');
INSERT INTO pet VALUES ('Pearl', 'Nella41@yahoo.com', 'Guinea Fowl', 'Aperiam aliquid sunt architecto omnis odit.', 'Amet nihil rerum sit molestias quasi dolorem.');

INSERT INTO person VALUES ('Easton.Smith2@hotmail.com', 'Una Skiles', '$2b$10$KjlGkoYo.X.yATkN6hl68./c.gBXK.HJ.mCD2RXJe/zlDxQbxZFty', '037 Chaim Heights', 90379605, 'user', 'https://s3.amazonaws.com/uifaces/faces/twitter/arkokoley/128.jpg');
INSERT INTO credit_card VALUES (6385473081091869, 'Easton.Smith2@hotmail.com', '2021-02-20T15:16:57.712Z', 496);
INSERT INTO part_time_ct VALUES ('Easton.Smith2@hotmail.com');
INSERT INTO pt_free_schedule VALUES ('Easton.Smith2@hotmail.com', '2020-11-05T11:33:05.700Z', '2021-02-21T01:23:42.858Z');
INSERT INTO pt_specializes_in VALUES ('Easton.Smith2@hotmail.com', 'Bearded Dragon', 3);
INSERT INTO pt_specializes_in VALUES ('Easton.Smith2@hotmail.com', 'Bird', 3);
INSERT INTO pt_specializes_in VALUES ('Easton.Smith2@hotmail.com', 'Goat', 11);

INSERT INTO person VALUES ('Rosalind_Reynolds36@gmail.com', 'Brielle Ledner', '$2b$10$KjlGkoYo.X.yATkN6hl68.31IyakQdu1UIlx5FvfbEp1.v6SN/eYC', '69520 Lucy Lock', 90119427, 'user', 'https://s3.amazonaws.com/uifaces/faces/twitter/bruno_mart/128.jpg');

INSERT INTO person VALUES ('Eileen.Runolfsson28@yahoo.com', 'Felicita Prohaska', '$2b$10$KjlGkoYo.X.yATkN6hl68.mnD1gq7GhGPbHKiydlHrdVazICF3u8S', '7816 Considine Fork', 90223202, 'user', 'https://s3.amazonaws.com/uifaces/faces/twitter/isnifer/128.jpg');

INSERT INTO person VALUES ('Jodie_OConnell@gmail.com', 'Cristal Bayer', '$2b$10$KjlGkoYo.X.yATkN6hl68.tW5opz8N60s.UrOhnw2GW9qihGpx0bu', '78564 Connor Place', 90203058, 'user', 'https://s3.amazonaws.com/uifaces/faces/twitter/attacks/128.jpg');
INSERT INTO full_time_ct VALUES ('Jodie_OConnell@gmail.com');
INSERT INTO ft_specializes_in VALUES ('Jodie_OConnell@gmail.com', 'Chinese Water Dragon', 2);

INSERT INTO person VALUES ('Jo93@gmail.com', 'Mollie Hills', '$2b$10$KjlGkoYo.X.yATkN6hl68.ivA7kNCZRn79PbX7ewR9LUfxS4VBPj2', '9526 Rutherford Island', 90053502, 'user', 'https://s3.amazonaws.com/uifaces/faces/twitter/incubo82/128.jpg');
INSERT INTO credit_card VALUES (5394860976488763, 'Jo93@gmail.com', '2023-06-18T20:29:40.063Z', 173);
INSERT INTO pet VALUES ('Coleman', 'Jo93@gmail.com', 'Duck', 'Nulla asperiores ut corrupti officiis impedit labore.', 'Aut corporis quia accusamus voluptatum.');
INSERT INTO pet VALUES ('Horace', 'Jo93@gmail.com', 'Bearded Dragon', 'Perspiciatis quasi voluptatum nobis.', 'Velit eum id minus explicabo.');
INSERT INTO pet VALUES ('Jackie', 'Jo93@gmail.com', 'Pigeon', 'Velit ea natus qui eius quaerat.', 'Autem labore repudiandae quaerat.');
INSERT INTO full_time_ct VALUES ('Jo93@gmail.com');
INSERT INTO ft_specializes_in VALUES ('Jo93@gmail.com', 'Cat', 6);
INSERT INTO ft_specializes_in VALUES ('Jo93@gmail.com', 'Peafowl', 2);
INSERT INTO ft_specializes_in VALUES ('Jo93@gmail.com', 'Ponie', 2);

INSERT INTO person VALUES ('Lemuel_Schneider@gmail.com', 'Zena Bogan', '$2b$10$KjlGkoYo.X.yATkN6hl68.HiAznn3AXlkSxMlcj2k8e9IrV/Lg5KS', '45988 Goyette Isle', 90969515, 'user', 'https://s3.amazonaws.com/uifaces/faces/twitter/waghner/128.jpg');
INSERT INTO credit_card VALUES (6759278932419054, 'Lemuel_Schneider@gmail.com', '2023-01-05T16:30:40.465Z', 187);
INSERT INTO pet VALUES ('Gisselle', 'Lemuel_Schneider@gmail.com', 'Hedgehog', 'Cum iste maiores.', 'Omnis quae rerum unde.');
INSERT INTO pet VALUES ('Abagail', 'Lemuel_Schneider@gmail.com', 'Bird', 'Possimus illum quis corrupti.', 'Et occaecati repellat.');
INSERT INTO pet VALUES ('Keshawn', 'Lemuel_Schneider@gmail.com', 'Hedgehog', 'Et odit minima soluta sunt porro ea.', 'Voluptas omnis eos.');

INSERT INTO person VALUES ('Gerda_Bergnaum50@yahoo.com', 'Jazmyne Jerde', '$2b$10$KjlGkoYo.X.yATkN6hl68.mnrLlngV3wtyuw3MVyHU8RdufpzZrnq', '4245 Nolan Vista', 90898740, 'user', 'https://s3.amazonaws.com/uifaces/faces/twitter/instalox/128.jpg');

INSERT INTO person VALUES ('Theresa97@hotmail.com', 'Caleb Braun', '$2b$10$KjlGkoYo.X.yATkN6hl68..fjD7zsf4vwe4pIVcqqY0207xluovuS', '5676 Oswald Skyway', 90433054, 'user', 'https://s3.amazonaws.com/uifaces/faces/twitter/wikiziner/128.jpg');
INSERT INTO credit_card VALUES (6759224618366991, 'Theresa97@hotmail.com', '2023-07-31T07:00:21.079Z', 422);
INSERT INTO pet VALUES ('Maybell', 'Theresa97@hotmail.com', 'Chinchilla', 'Possimus placeat ut corrupti suscipit sit eum autem et minima.', 'A voluptatem eum incidunt asperiores ea quia ut explicabo esse.');
INSERT INTO part_time_ct VALUES ('Theresa97@hotmail.com');
INSERT INTO pt_free_schedule VALUES ('Theresa97@hotmail.com', '2020-11-05T00:09:10.301Z', '2020-12-21T08:53:09.173Z');
INSERT INTO pt_specializes_in VALUES ('Theresa97@hotmail.com', 'Pigeon', 7);

INSERT INTO person VALUES ('Augustine_Armstrong44@yahoo.com', 'Irma Hegmann', '$2b$10$KjlGkoYo.X.yATkN6hl68.qNfMQBouo22L.p52uLge1LJXcdJlArq', '843 Ivah Inlet', 90204162, 'user', 'https://s3.amazonaws.com/uifaces/faces/twitter/finchjke/128.jpg');
INSERT INTO credit_card VALUES (6771895571685881, 'Augustine_Armstrong44@yahoo.com', '2024-12-28T18:11:45.350Z', 912);
INSERT INTO full_time_ct VALUES ('Augustine_Armstrong44@yahoo.com');
INSERT INTO ft_specializes_in VALUES ('Augustine_Armstrong44@yahoo.com', 'Burro', 2);
INSERT INTO ft_specializes_in VALUES ('Augustine_Armstrong44@yahoo.com', 'Cat', 20);
INSERT INTO ft_specializes_in VALUES ('Augustine_Armstrong44@yahoo.com', 'Chinese Water Dragon', 12);

INSERT INTO person VALUES ('Magnus_Welch@yahoo.com', 'Laverne Torp', '$2b$10$KjlGkoYo.X.yATkN6hl68.KNEvoPdj4IhkOyLLPJ0Yz/UijQGv4c2', '026 Fadel Stravenue', 90231346, 'user', 'https://s3.amazonaws.com/uifaces/faces/twitter/andrewofficer/128.jpg');
INSERT INTO credit_card VALUES (6385911719798694, 'Magnus_Welch@yahoo.com', '2021-03-05T02:26:55.370Z', 691);
INSERT INTO pet VALUES ('Chauncey', 'Magnus_Welch@yahoo.com', 'Cat', 'Velit eos voluptates odio eum atque rerum id dolorum quia.', 'Adipisci voluptates vero fugiat est tenetur facilis tempora sunt.');
INSERT INTO pet VALUES ('Ulices', 'Magnus_Welch@yahoo.com', 'Hog', 'Vel perferendis id.', 'Modi rem ut commodi est qui saepe unde.');
INSERT INTO pet VALUES ('Norene', 'Magnus_Welch@yahoo.com', 'Chinese Water Dragon', 'Debitis voluptas sed.', 'Magnam voluptatum voluptas reiciendis accusamus voluptatum ipsum.');

INSERT INTO person VALUES ('Carlotta_Stokes@hotmail.com', 'Hayden Conn', '$2b$10$KjlGkoYo.X.yATkN6hl68.4cdSzia9EyvQWm.g46qfBy3euMBZW0W', '90966 Jadon Loop', 90882013, 'user', 'https://s3.amazonaws.com/uifaces/faces/twitter/olaolusoga/128.jpg');

INSERT INTO person VALUES ('Ryley94@yahoo.com', 'Chesley Toy', '$2b$10$KjlGkoYo.X.yATkN6hl68.PZfJ5aRVj8xCNbkdBITrmlU4Sbodyde', '9854 Davis Circles', 90129520, 'user', 'https://s3.amazonaws.com/uifaces/faces/twitter/billyroshan/128.jpg');
INSERT INTO credit_card VALUES (4642297295779, 'Ryley94@yahoo.com', '2021-10-23T20:26:01.197Z', 642);
INSERT INTO pet VALUES ('Eloisa', 'Ryley94@yahoo.com', 'Rabbit', 'Suscipit nesciunt ducimus porro sit.', 'Et sit reiciendis ut nihil at sapiente eos.');

INSERT INTO person VALUES ('Letitia_Koch@gmail.com', 'Lilla Conn', '$2b$10$KjlGkoYo.X.yATkN6hl68.9DlKswYn7122SBjV9G2OgEGP5bzXLrC', '4380 Bruce Ports', 90578359, 'user', 'https://s3.amazonaws.com/uifaces/faces/twitter/victorstuber/128.jpg');

INSERT INTO person VALUES ('Berneice.Monahan81@yahoo.com', 'Florence Wisozk', '$2b$10$KjlGkoYo.X.yATkN6hl68.Eu1k1zoDavZhdM2yhDLgXLNKcijAzqq', '6774 Micheal River', 90542913, 'user', 'https://s3.amazonaws.com/uifaces/faces/twitter/lawlbwoy/128.jpg');
INSERT INTO full_time_ct VALUES ('Berneice.Monahan81@yahoo.com');
INSERT INTO ft_specializes_in VALUES ('Berneice.Monahan81@yahoo.com', 'Gecko', 13);
INSERT INTO ft_specializes_in VALUES ('Berneice.Monahan81@yahoo.com', 'Hamster', 0);

INSERT INTO person VALUES ('Brain_Weber73@gmail.com', 'Ethelyn Crist', '$2b$10$KjlGkoYo.X.yATkN6hl68.rwFV/EtVa16uBR/MN4sGvnBqySzbRqa', '25083 Mike Throughway', 90572646, 'user', 'https://s3.amazonaws.com/uifaces/faces/twitter/cherif_b/128.jpg');
INSERT INTO credit_card VALUES (30495613104361, 'Brain_Weber73@gmail.com', '2021-02-03T21:37:59.447Z', 008);

INSERT INTO person VALUES ('Malachi_Balistreri96@gmail.com', 'Aileen Kshlerin', '$2b$10$KjlGkoYo.X.yATkN6hl68.7EXtRv9g7qyRjPno3ZxbdXdp/fZ0zmK', '908 Osinski Cove', 90019340, 'user', 'https://s3.amazonaws.com/uifaces/faces/twitter/cbracco/128.jpg');
INSERT INTO part_time_ct VALUES ('Malachi_Balistreri96@gmail.com');
INSERT INTO pt_free_schedule VALUES ('Malachi_Balistreri96@gmail.com', '2020-11-05T02:05:24.522Z', '2021-01-18T16:16:34.415Z');
INSERT INTO pt_specializes_in VALUES ('Malachi_Balistreri96@gmail.com', 'Chinese Water Dragon', 1);

INSERT INTO person VALUES ('Deangelo.Schneider90@yahoo.com', 'Raina Carter', '$2b$10$KjlGkoYo.X.yATkN6hl68.iIlO3AUrCy7JRtQ/ACSepuOrvN3m87G', '648 Blanca Mount', 90194439, 'user', 'https://s3.amazonaws.com/uifaces/faces/twitter/serefka/128.jpg');
INSERT INTO credit_card VALUES (4398078336379, 'Deangelo.Schneider90@yahoo.com', '2023-05-13T07:47:38.050Z', 812);
INSERT INTO pet VALUES ('Russ', 'Deangelo.Schneider90@yahoo.com', 'Geese (Chinese Swan Goose)', 'Nulla ut rerum voluptate.', 'Corporis eius magnam id quibusdam officia voluptas.');
INSERT INTO part_time_ct VALUES ('Deangelo.Schneider90@yahoo.com');
INSERT INTO pt_free_schedule VALUES ('Deangelo.Schneider90@yahoo.com', '2020-11-04T21:25:51.049Z', '2021-08-21T09:51:01.491Z');
INSERT INTO pt_specializes_in VALUES ('Deangelo.Schneider90@yahoo.com', 'Chinchilla', 14);
INSERT INTO pt_specializes_in VALUES ('Deangelo.Schneider90@yahoo.com', 'Mule', 10);
INSERT INTO pt_specializes_in VALUES ('Deangelo.Schneider90@yahoo.com', 'Pig', 18);

INSERT INTO person VALUES ('Oliver.Tremblay@yahoo.com', 'Maida Bradtke', '$2b$10$KjlGkoYo.X.yATkN6hl68.cSftjdYgEbR/0wY4n0aVHvC.C5ARDVi', '41777 Kutch Loaf', 90374777, 'user', 'https://s3.amazonaws.com/uifaces/faces/twitter/lu4sh1i/128.jpg');
INSERT INTO part_time_ct VALUES ('Oliver.Tremblay@yahoo.com');
INSERT INTO pt_free_schedule VALUES ('Oliver.Tremblay@yahoo.com', '2020-11-05T08:37:24.755Z', '2021-01-26T14:29:00.813Z');

INSERT INTO person VALUES ('Nova_Miller@gmail.com', 'William Hodkiewicz', '$2b$10$KjlGkoYo.X.yATkN6hl68.4lNKOPsAr.IjZUSj5GPOmOU8.WCJtmy', '9523 Doris Forest', 90988495, 'user', 'https://s3.amazonaws.com/uifaces/faces/twitter/kaysix_dizzy/128.jpg');
INSERT INTO credit_card VALUES (6771895935031109, 'Nova_Miller@gmail.com', '2021-07-02T14:30:51.384Z', 393);
INSERT INTO pet VALUES ('Ramiro', 'Nova_Miller@gmail.com', 'Horse', 'Quo itaque et.', 'Autem non quia quod accusamus.');
INSERT INTO pet VALUES ('Amaya', 'Nova_Miller@gmail.com', 'Llama', 'Exercitationem et aut.', 'Vel non autem assumenda ipsum nihil deleniti eos nulla.');
INSERT INTO part_time_ct VALUES ('Nova_Miller@gmail.com');
INSERT INTO pt_free_schedule VALUES ('Nova_Miller@gmail.com', '2020-11-04T15:27:09.755Z', '2021-06-14T17:48:13.031Z');

INSERT INTO person VALUES ('Verdie_Lakin@gmail.com', 'Burley Marvin', '$2b$10$KjlGkoYo.X.yATkN6hl68.x6kVJAyWWBqjdmqI1VEaCIrGSliXIwW', '8675 Collins Street', 90461509, 'user', 'https://s3.amazonaws.com/uifaces/faces/twitter/bartjo/128.jpg');
INSERT INTO part_time_ct VALUES ('Verdie_Lakin@gmail.com');
INSERT INTO pt_free_schedule VALUES ('Verdie_Lakin@gmail.com', '2020-11-04T16:41:10.032Z', '2021-06-25T21:05:48.280Z');
INSERT INTO pt_specializes_in VALUES ('Verdie_Lakin@gmail.com', 'Chinese Water Dragon', 0);
INSERT INTO pt_specializes_in VALUES ('Verdie_Lakin@gmail.com', 'Hog', 3);

INSERT INTO person VALUES ('Serena_Cronin62@yahoo.com', 'Breanne Stark', '$2b$10$KjlGkoYo.X.yATkN6hl68.3n9Os/K5t.pipCWss5TpBiuwkhxNECG', '69536 Vicky Shores', 90824243, 'user', 'https://s3.amazonaws.com/uifaces/faces/twitter/s4f1/128.jpg');
INSERT INTO credit_card VALUES (5410122755870798, 'Serena_Cronin62@yahoo.com', '2024-05-22T16:50:12.794Z', 403);
INSERT INTO pet VALUES ('Vella', 'Serena_Cronin62@yahoo.com', 'Fish', 'Mollitia tempore beatae vitae beatae et soluta.', 'Accusamus nihil earum minus modi.');
INSERT INTO pet VALUES ('Maude', 'Serena_Cronin62@yahoo.com', 'Chinese Water Dragon', 'Omnis consequuntur porro magni.', 'Cupiditate consequatur hic officiis fuga animi qui et.');
INSERT INTO pet VALUES ('Estel', 'Serena_Cronin62@yahoo.com', 'Hog', 'Sint id repellendus quas qui et.', 'Deleniti autem sed accusamus consequatur quia numquam sit eaque.');

INSERT INTO person VALUES ('Asia7@hotmail.com', 'Karelle Haag', '$2b$10$KjlGkoYo.X.yATkN6hl68.3eNj9w0wlyV1g967.WSI9VG.tQJHsha', '70881 Vern Meadows', 90880776, 'user', 'https://s3.amazonaws.com/uifaces/faces/twitter/yigitpinarbasi/128.jpg');

INSERT INTO person VALUES ('Antonietta55@gmail.com', 'Layne Collins', '$2b$10$KjlGkoYo.X.yATkN6hl68.eQf06bcqzXzzjz3hLSF.qj3iMxnkWhe', '62076 Darrel Ranch', 90165006, 'user', 'https://s3.amazonaws.com/uifaces/faces/twitter/seyedhossein1/128.jpg');
INSERT INTO part_time_ct VALUES ('Antonietta55@gmail.com');
INSERT INTO pt_free_schedule VALUES ('Antonietta55@gmail.com', '2020-11-04T22:00:26.790Z', '2020-12-24T02:31:01.628Z');
INSERT INTO pt_specializes_in VALUES ('Antonietta55@gmail.com', 'Rabbit', 9);

INSERT INTO person VALUES ('Afton.Heaney66@yahoo.com', 'Verna Donnelly', '$2b$10$KjlGkoYo.X.yATkN6hl68./w2JMchUb2owl9RHqdos5fvCmSqcJ9G', '0002 Dejon Plains', 90939484, 'user', 'https://s3.amazonaws.com/uifaces/faces/twitter/timothycd/128.jpg');
INSERT INTO part_time_ct VALUES ('Afton.Heaney66@yahoo.com');
INSERT INTO pt_free_schedule VALUES ('Afton.Heaney66@yahoo.com', '2020-11-05T02:01:54.078Z', '2021-09-25T16:51:42.728Z');
INSERT INTO pt_specializes_in VALUES ('Afton.Heaney66@yahoo.com', 'Bearded Dragon', 6);
INSERT INTO pt_specializes_in VALUES ('Afton.Heaney66@yahoo.com', 'Ferret', 20);
INSERT INTO pt_specializes_in VALUES ('Afton.Heaney66@yahoo.com', 'Mule', 3);

INSERT INTO person VALUES ('Vicky_Kunde78@gmail.com', 'Merl Fay', '$2b$10$KjlGkoYo.X.yATkN6hl68.eZMfh.7NzdAhk6JOGyZD6EkKVI7kU.2', '2880 Strosin Pike', 90030039, 'user', 'https://s3.amazonaws.com/uifaces/faces/twitter/bobwassermann/128.jpg');
INSERT INTO part_time_ct VALUES ('Vicky_Kunde78@gmail.com');
INSERT INTO pt_free_schedule VALUES ('Vicky_Kunde78@gmail.com', '2020-11-05T07:46:56.821Z', '2021-04-16T04:56:55.619Z');
INSERT INTO pt_specializes_in VALUES ('Vicky_Kunde78@gmail.com', 'Bird', 15);

INSERT INTO person VALUES ('Dennis_Leannon19@gmail.com', 'Dejah Wiza', '$2b$10$KjlGkoYo.X.yATkN6hl68.f.25yQ5n40TexghyixBd0/JgWYOGoMy', '8441 Cloyd Port', 90382957, 'user', 'https://s3.amazonaws.com/uifaces/faces/twitter/agustincruiz/128.jpg');
INSERT INTO credit_card VALUES (36310956823339, 'Dennis_Leannon19@gmail.com', '2022-04-18T17:08:10.820Z', 832);
INSERT INTO pet VALUES ('Gerardo', 'Dennis_Leannon19@gmail.com', 'Hog', 'Iusto id omnis temporibus excepturi blanditiis nemo dolorum eum.', 'Beatae vero non.');
INSERT INTO pet VALUES ('Consuelo', 'Dennis_Leannon19@gmail.com', 'Gecko', 'Suscipit sit eum.', 'Architecto magni officiis.');
INSERT INTO pet VALUES ('Vesta', 'Dennis_Leannon19@gmail.com', 'Guinea Pig', 'Molestiae quia veniam nulla quis et.', 'Molestiae voluptatem in praesentium.');

INSERT INTO person VALUES ('Mozelle5@gmail.com', 'Monty Leffler', '$2b$10$KjlGkoYo.X.yATkN6hl68.CPN4cimPcNdr1N2oC8bBzskIPNpdZHO', '2397 Susanna Inlet', 90989629, 'user', 'https://s3.amazonaws.com/uifaces/faces/twitter/guiiipontes/128.jpg');
INSERT INTO credit_card VALUES (30148055341894, 'Mozelle5@gmail.com', '2020-11-26T23:45:46.342Z', 950);
INSERT INTO part_time_ct VALUES ('Mozelle5@gmail.com');
INSERT INTO pt_free_schedule VALUES ('Mozelle5@gmail.com', '2020-11-05T07:09:55.928Z', '2021-10-23T09:29:04.694Z');
INSERT INTO pt_specializes_in VALUES ('Mozelle5@gmail.com', 'Ferret', 8);
INSERT INTO pt_specializes_in VALUES ('Mozelle5@gmail.com', 'Peafowl', 14);

INSERT INTO person VALUES ('Jannie.Marquardt71@gmail.com', 'Louisa Yundt', '$2b$10$KjlGkoYo.X.yATkN6hl68.SAlPCGVFrRfMXr.4n34Le7cvN0oEm/G', '4938 Fredy Hollow', 90193596, 'user', 'https://s3.amazonaws.com/uifaces/faces/twitter/ariil/128.jpg');
INSERT INTO credit_card VALUES (6767962293764349, 'Jannie.Marquardt71@gmail.com', '2021-03-31T17:08:43.071Z', 727);

INSERT INTO person VALUES ('Caesar_Altenwerth@gmail.com', 'Justen Abernathy', '$2b$10$KjlGkoYo.X.yATkN6hl68.J5qqCuOYtPkJbTiwYqdocWstQkoiL5.', '03912 Wintheiser Road', 90713678, 'user', 'https://s3.amazonaws.com/uifaces/faces/twitter/bboy1895/128.jpg');

INSERT INTO person VALUES ('Braden66@gmail.com', 'Nikko Shields', '$2b$10$KjlGkoYo.X.yATkN6hl68.3Xf/Q8HHYQky30HEQ0p3S8WOliDkAV6', '25158 Destiney Locks', 90590412, 'user', 'https://s3.amazonaws.com/uifaces/faces/twitter/nelsonjoyce/128.jpg');
INSERT INTO credit_card VALUES (6394762861470165, 'Braden66@gmail.com', '2021-10-18T14:28:35.960Z', 951);
INSERT INTO pet VALUES ('Cade', 'Braden66@gmail.com', 'Pot Bellied Pig', 'Qui ducimus pariatur ipsa vitae ut natus autem mollitia soluta.', 'Recusandae corporis et nobis aut sunt pariatur necessitatibus quas.');
INSERT INTO pet VALUES ('Merl', 'Braden66@gmail.com', 'Guinea Fowl', 'Nihil voluptas sunt quibusdam tempore ea deserunt cum laborum dolor.', 'Temporibus a doloremque reprehenderit.');
INSERT INTO pet VALUES ('Leslie', 'Braden66@gmail.com', 'Cow', 'Fugit incidunt porro dolor aut temporibus nihil veniam qui ullam.', 'Odit omnis totam eius et ea error quibusdam voluptas.');
INSERT INTO full_time_ct VALUES ('Braden66@gmail.com');

INSERT INTO person VALUES ('Anne19@gmail.com', 'Virginia Corwin', '$2b$10$KjlGkoYo.X.yATkN6hl68.5udUisZO/CqFSYMPN0RzCO1KAA.B3T2', '146 Reina Island', 90429745, 'user', 'https://s3.amazonaws.com/uifaces/faces/twitter/bowbrick/128.jpg');
INSERT INTO part_time_ct VALUES ('Anne19@gmail.com');
INSERT INTO pt_free_schedule VALUES ('Anne19@gmail.com', '2020-11-05T07:39:51.969Z', '2020-12-16T21:51:18.398Z');

INSERT INTO person VALUES ('Eulah34@hotmail.com', 'Tyson Lind', '$2b$10$KjlGkoYo.X.yATkN6hl68.ru3wMw7nveYDlBe3HdwfIqCCezamuGm', '984 OKeefe Crescent', 90554563, 'user', 'https://s3.amazonaws.com/uifaces/faces/twitter/orkuncaylar/128.jpg');
INSERT INTO credit_card VALUES (30231114992295, 'Eulah34@hotmail.com', '2021-08-31T14:01:09.035Z', 387);
INSERT INTO pet VALUES ('Gregory', 'Eulah34@hotmail.com', 'Chinese Water Dragon', 'Id fugit iste et voluptas molestiae velit similique.', 'Aspernatur sed numquam earum dicta.');
INSERT INTO pet VALUES ('Ellen', 'Eulah34@hotmail.com', 'Mule', 'Hic nesciunt dolorum ab voluptate et excepturi.', 'Voluptatum maiores ullam harum unde doloremque.');

INSERT INTO person VALUES ('Rosendo.Cole22@gmail.com', 'Paxton Breitenberg', '$2b$10$KjlGkoYo.X.yATkN6hl68.bJY1x1Lo7N0EMdyBxM6mEJHJCqLsosu', '1263 Elizabeth Stravenue', 90948439, 'user', 'https://s3.amazonaws.com/uifaces/faces/twitter/dpmachado/128.jpg');
INSERT INTO credit_card VALUES (4248205759563, 'Rosendo.Cole22@gmail.com', '2020-11-30T02:42:13.061Z', 926);
INSERT INTO pet VALUES ('Shirley', 'Rosendo.Cole22@gmail.com', 'Peafowl', 'Incidunt et sed voluptate dolores.', 'Cupiditate dolorum consequatur nulla.');
INSERT INTO pet VALUES ('Simone', 'Rosendo.Cole22@gmail.com', 'Horse', 'Labore consequatur distinctio velit odit.', 'Voluptates mollitia voluptas sint.');
INSERT INTO pet VALUES ('Alek', 'Rosendo.Cole22@gmail.com', 'Hamster', 'Aliquid provident adipisci earum voluptas molestias odit nobis.', 'Nemo qui facere natus sint placeat doloremque repellat.');
INSERT INTO full_time_ct VALUES ('Rosendo.Cole22@gmail.com');
INSERT INTO ft_specializes_in VALUES ('Rosendo.Cole22@gmail.com', 'Gecko', 18);
INSERT INTO ft_specializes_in VALUES ('Rosendo.Cole22@gmail.com', 'Goat', 4);
INSERT INTO ft_specializes_in VALUES ('Rosendo.Cole22@gmail.com', 'Iguana', 15);

INSERT INTO person VALUES ('Herta_Kshlerin@hotmail.com', 'Amani Mayer', '$2b$10$KjlGkoYo.X.yATkN6hl68.vcssZMrT0tj4EBTM4Rkx5ROccPhpHUa', '3388 Jacquelyn Tunnel', 90141318, 'user', 'https://s3.amazonaws.com/uifaces/faces/twitter/joshuasortino/128.jpg');

INSERT INTO person VALUES ('Otilia_Walsh91@hotmail.com', 'Samson Hane', '$2b$10$KjlGkoYo.X.yATkN6hl68.iDL/xyaOq8pvHptP4ccs3TJoa.ZVKwG', '7614 Bryana Drive', 90848877, 'user', 'https://s3.amazonaws.com/uifaces/faces/twitter/perretmagali/128.jpg');
INSERT INTO credit_card VALUES (5038193544961071, 'Otilia_Walsh91@hotmail.com', '2021-05-25T05:01:46.529Z', 245);
INSERT INTO pet VALUES ('Dameon', 'Otilia_Walsh91@hotmail.com', 'Donkey', 'Corrupti sapiente molestiae quis sapiente non maiores.', 'Sed cumque libero asperiores omnis culpa.');
INSERT INTO pet VALUES ('Bria', 'Otilia_Walsh91@hotmail.com', 'Fish', 'Dolorum architecto occaecati itaque consectetur ab aut voluptatibus.', 'Alias dolorum et blanditiis aspernatur.');
INSERT INTO pet VALUES ('Asia', 'Otilia_Walsh91@hotmail.com', 'Gecko', 'Debitis autem quibusdam qui voluptates libero quis et maxime a.', 'Quam suscipit voluptas beatae nisi corporis.');

INSERT INTO person VALUES ('Cloyd.Rutherford25@yahoo.com', 'Clarabelle Reilly', '$2b$10$KjlGkoYo.X.yATkN6hl68.GQJ9zzaFbnsJWK0feZrWX12nUGfbGrS', '64076 Precious Passage', 90639045, 'user', 'https://s3.amazonaws.com/uifaces/faces/twitter/michalhron/128.jpg');
INSERT INTO credit_card VALUES (36999280734345, 'Cloyd.Rutherford25@yahoo.com', '2021-05-05T02:58:07.224Z', 656);
INSERT INTO pet VALUES ('Madie', 'Cloyd.Rutherford25@yahoo.com', 'Burro', 'Praesentium quis blanditiis est.', 'Non voluptatem harum consequatur maiores veritatis itaque molestiae.');
INSERT INTO pet VALUES ('Mossie', 'Cloyd.Rutherford25@yahoo.com', 'Lizard', 'Explicabo perspiciatis qui.', 'Dolores ratione adipisci ea provident natus.');
INSERT INTO pet VALUES ('Paolo', 'Cloyd.Rutherford25@yahoo.com', 'Ponie', 'Aspernatur omnis accusantium deserunt eos consequatur vero tempora.', 'Sequi ad suscipit distinctio voluptas itaque voluptas voluptate fugiat.');

INSERT INTO person VALUES ('Hosea7@hotmail.com', 'Maci Brown', '$2b$10$KjlGkoYo.X.yATkN6hl68.yrLw3mMn1icIRZJd.KthwKOJaFF4emK', '493 Mayer Locks', 90188391, 'user', 'https://s3.amazonaws.com/uifaces/faces/twitter/aeon56/128.jpg');
INSERT INTO credit_card VALUES (6759905499130262, 'Hosea7@hotmail.com', '2022-09-13T17:25:42.605Z', 943);
INSERT INTO pet VALUES ('Emie', 'Hosea7@hotmail.com', 'Cat', 'Aut voluptatem sunt totam ipsa at culpa error itaque voluptates.', 'Minima quae iusto dolor deleniti.');
INSERT INTO part_time_ct VALUES ('Hosea7@hotmail.com');
INSERT INTO pt_free_schedule VALUES ('Hosea7@hotmail.com', '2020-11-05T12:18:34.843Z', '2021-07-03T18:56:03.948Z');
INSERT INTO pt_specializes_in VALUES ('Hosea7@hotmail.com', 'Chameleons (Veiled)', 8);
INSERT INTO pt_specializes_in VALUES ('Hosea7@hotmail.com', 'Mule', 6);

INSERT INTO person VALUES ('Baron.Schaefer34@gmail.com', 'Tanya Koch', '$2b$10$KjlGkoYo.X.yATkN6hl68.80vaDn9xt3ziXU41KPhy2s9O/uuftLa', '5311 Mitchell Crest', 90221862, 'user', 'https://s3.amazonaws.com/uifaces/faces/twitter/robbschiller/128.jpg');

INSERT INTO person VALUES ('Joel.Olson8@yahoo.com', 'Jarvis Orn', '$2b$10$KjlGkoYo.X.yATkN6hl68.RR0b3pGvaD1oIMbT9f/EDOu6Mcd2OPy', '914 Jones Harbors', 90280504, 'user', 'https://s3.amazonaws.com/uifaces/faces/twitter/jghyllebert/128.jpg');
INSERT INTO part_time_ct VALUES ('Joel.Olson8@yahoo.com');
INSERT INTO pt_free_schedule VALUES ('Joel.Olson8@yahoo.com', '2020-11-05T01:08:24.817Z', '2021-06-13T23:22:25.147Z');
INSERT INTO pt_specializes_in VALUES ('Joel.Olson8@yahoo.com', 'Lizard', 19);
INSERT INTO pt_specializes_in VALUES ('Joel.Olson8@yahoo.com', 'Pigeon', 7);

INSERT INTO person VALUES ('Monroe_Leannon@gmail.com', 'Ila Wisozk', '$2b$10$KjlGkoYo.X.yATkN6hl68.9/5ucsKDX0IZDY.jCQ5fojhjFZ9s4oG', '470 Ankunding Club', 90591416, 'user', 'https://s3.amazonaws.com/uifaces/faces/twitter/aoimedia/128.jpg');

INSERT INTO person VALUES ('Abraham_Gusikowski@hotmail.com', 'Alek Schneider', '$2b$10$KjlGkoYo.X.yATkN6hl68.4Az36Qq1.iPnRSgY10Gua/nSHz5DCPq', '48626 Wuckert Fall', 90747283, 'user', 'https://s3.amazonaws.com/uifaces/faces/twitter/hiemil/128.jpg');
INSERT INTO full_time_ct VALUES ('Abraham_Gusikowski@hotmail.com');

INSERT INTO person VALUES ('Tina17@yahoo.com', 'Katherine Lakin', '$2b$10$KjlGkoYo.X.yATkN6hl68.ISZCNT19uS0PA04tKHytZbUdL0iLsFq', '7894 Dach Crossing', 90871952, 'user', 'https://s3.amazonaws.com/uifaces/faces/twitter/adhiardana/128.jpg');
INSERT INTO credit_card VALUES (6011627484099028, 'Tina17@yahoo.com', '2021-10-27T13:10:19.396Z', 588);
INSERT INTO pet VALUES ('Dasia', 'Tina17@yahoo.com', 'Pot Bellied Pig', 'Quas perspiciatis neque eaque et temporibus suscipit dolor.', 'Debitis aliquid voluptatem quas.');
INSERT INTO pet VALUES ('Dallas', 'Tina17@yahoo.com', 'Hedgehog', 'A earum voluptas quia est perspiciatis.', 'Aut quod cum magni distinctio.');

INSERT INTO person VALUES ('Bria_Wiegand21@yahoo.com', 'Clifton Mayert', '$2b$10$KjlGkoYo.X.yATkN6hl68.10zERzRIqh1aEwnrWm8s.cZFIbyedIK', '467 Erdman Points', 90947941, 'user', 'https://s3.amazonaws.com/uifaces/faces/twitter/HenryHoffman/128.jpg');
INSERT INTO credit_card VALUES (5893778742412607, 'Bria_Wiegand21@yahoo.com', '2023-11-12T04:45:21.507Z', 171);
INSERT INTO pet VALUES ('Augustine', 'Bria_Wiegand21@yahoo.com', 'Hedgehog', 'Sed eum quis velit ipsa perspiciatis modi minus doloribus dolore.', 'Est ex expedita nemo autem aperiam impedit officia.');
INSERT INTO pet VALUES ('Magnus', 'Bria_Wiegand21@yahoo.com', 'Guinea Fowl', 'Doloremque quo corporis possimus dolor perferendis commodi qui.', 'Rerum error enim.');
INSERT INTO pet VALUES ('Litzy', 'Bria_Wiegand21@yahoo.com', 'Mice', 'Veniam qui est et expedita recusandae.', 'A nulla aut et eum esse.');

INSERT INTO person VALUES ('Earline_Turner3@gmail.com', 'Ryleigh Monahan', '$2b$10$KjlGkoYo.X.yATkN6hl68.z2JG8ErQrbCeZny6AebpNhPAW7RrxEW', '9300 Reece Tunnel', 90617615, 'user', 'https://s3.amazonaws.com/uifaces/faces/twitter/dhoot_amit/128.jpg');
INSERT INTO credit_card VALUES (4703345663018, 'Earline_Turner3@gmail.com', '2021-09-07T15:06:53.560Z', 113);
INSERT INTO pet VALUES ('Eriberto', 'Earline_Turner3@gmail.com', 'Guinea Pig', 'Voluptas aut mollitia enim et.', 'Animi nemo asperiores ducimus minima.');
INSERT INTO pet VALUES ('Michael', 'Earline_Turner3@gmail.com', 'Chameleons (Veiled)', 'Quibusdam fuga minus repudiandae aut rerum.', 'Eligendi omnis et nam sapiente quisquam non.');
INSERT INTO pet VALUES ('Wilburn', 'Earline_Turner3@gmail.com', 'Iguana', 'Dolor nam modi voluptas commodi rerum nulla non voluptatibus.', 'Eveniet qui accusamus quaerat.');

INSERT INTO person VALUES ('Verlie.Ruecker@yahoo.com', 'Michael Denesik', '$2b$10$KjlGkoYo.X.yATkN6hl68.aT/0DHc726A/.qJmIt8NCYVyc7GrrXa', '65033 Kulas Knolls', 90179704, 'user', 'https://s3.amazonaws.com/uifaces/faces/twitter/dmitriychuta/128.jpg');
INSERT INTO full_time_ct VALUES ('Verlie.Ruecker@yahoo.com');
INSERT INTO ft_specializes_in VALUES ('Verlie.Ruecker@yahoo.com', 'Chinchilla', 8);
INSERT INTO ft_specializes_in VALUES ('Verlie.Ruecker@yahoo.com', 'Goat', 11);
INSERT INTO ft_specializes_in VALUES ('Verlie.Ruecker@yahoo.com', 'Pigeon', 20);

INSERT INTO person VALUES ('Rory4@gmail.com', 'Orland Muller', '$2b$10$KjlGkoYo.X.yATkN6hl68.jqqZ8vc87KZ.jmHUzRXxDsVziJ5j4lK', '976 Frami Courts', 90075318, 'user', 'https://s3.amazonaws.com/uifaces/faces/twitter/lvovenok/128.jpg');
INSERT INTO credit_card VALUES (6759204994069708, 'Rory4@gmail.com', '2025-01-06T13:52:29.599Z', 098);
INSERT INTO pet VALUES ('Pink', 'Rory4@gmail.com', 'Burro', 'Exercitationem libero odit aut possimus mollitia.', 'Et non molestias dolor qui nihil ex.');
INSERT INTO pet VALUES ('Bailee', 'Rory4@gmail.com', 'Lizard', 'Ipsum voluptas corrupti aut sunt rerum explicabo culpa illum voluptatum.', 'Error ipsam ullam deleniti enim delectus minus.');
INSERT INTO pet VALUES ('Ezekiel', 'Rory4@gmail.com', 'Fish', 'Praesentium et ut est.', 'Quibusdam beatae qui.');
INSERT INTO part_time_ct VALUES ('Rory4@gmail.com');
INSERT INTO pt_free_schedule VALUES ('Rory4@gmail.com', '2020-11-05T06:54:33.351Z', '2021-03-23T05:31:52.829Z');
INSERT INTO pt_specializes_in VALUES ('Rory4@gmail.com', 'Iguana', 9);
INSERT INTO pt_specializes_in VALUES ('Rory4@gmail.com', 'Llama', 11);

INSERT INTO person VALUES ('Leanne_Herzog85@yahoo.com', 'Watson Mosciski', '$2b$10$KjlGkoYo.X.yATkN6hl68.IbrR30v.12mEqEo1c.Ic8kyXvlyM6iy', '225 Ezra Camp', 90259041, 'user', 'https://s3.amazonaws.com/uifaces/faces/twitter/itskawsar/128.jpg');

INSERT INTO person VALUES ('Taya.Bogisich79@hotmail.com', 'Mallie Reichel', '$2b$10$KjlGkoYo.X.yATkN6hl68.yGA5exOBpLPkM.KFWQK0xpD60XSh8jS', '8394 Harold Branch', 90229049, 'user', 'https://s3.amazonaws.com/uifaces/faces/twitter/trueblood_33/128.jpg');

INSERT INTO person VALUES ('Yasmin_Jacobi13@yahoo.com', 'Terrance Funk', '$2b$10$KjlGkoYo.X.yATkN6hl68.iRxE1a61YUMdoUtQpwCbBU1F2X7Jktq', '50065 Destiny Points', 90533412, 'user', 'https://s3.amazonaws.com/uifaces/faces/twitter/byrnecore/128.jpg');

INSERT INTO person VALUES ('Maximillia57@hotmail.com', 'Kane Donnelly', '$2b$10$KjlGkoYo.X.yATkN6hl68.jBM8.2nqsSzA6aVdzYsBTxtJn4tTWuO', '1226 Reese Fields', 90664210, 'user', 'https://s3.amazonaws.com/uifaces/faces/twitter/stan/128.jpg');
INSERT INTO part_time_ct VALUES ('Maximillia57@hotmail.com');
INSERT INTO pt_free_schedule VALUES ('Maximillia57@hotmail.com', '2020-11-04T22:25:54.794Z', '2021-09-05T01:28:53.066Z');
INSERT INTO pt_specializes_in VALUES ('Maximillia57@hotmail.com', 'Guinea Fowl', 11);

INSERT INTO person VALUES ('Miguel26@hotmail.com', 'King Walter', '$2b$10$KjlGkoYo.X.yATkN6hl68.VKLwxjEu5i9X27OeAIHrW.4WdSJVSkS', '3933 Mitchell Via', 90141252, 'user', 'https://s3.amazonaws.com/uifaces/faces/twitter/rtyukmaev/128.jpg');
INSERT INTO full_time_ct VALUES ('Miguel26@hotmail.com');
INSERT INTO ft_specializes_in VALUES ('Miguel26@hotmail.com', 'Gecko', 4);
INSERT INTO ft_specializes_in VALUES ('Miguel26@hotmail.com', 'Goat', 12);

INSERT INTO person VALUES ('Mireya.Pagac@yahoo.com', 'Adrienne Okuneva', '$2b$10$KjlGkoYo.X.yATkN6hl68.3PS4YUd3AwAOa64boy2Ftg8NXJbGDrK', '67550 Tremayne Lights', 90612492, 'user', 'https://s3.amazonaws.com/uifaces/faces/twitter/taybenlor/128.jpg');
INSERT INTO part_time_ct VALUES ('Mireya.Pagac@yahoo.com');
INSERT INTO pt_free_schedule VALUES ('Mireya.Pagac@yahoo.com', '2020-11-05T03:33:10.742Z', '2021-08-27T05:23:49.581Z');
INSERT INTO pt_specializes_in VALUES ('Mireya.Pagac@yahoo.com', 'Goat', 11);
INSERT INTO pt_specializes_in VALUES ('Mireya.Pagac@yahoo.com', 'Llama', 3);
INSERT INTO pt_specializes_in VALUES ('Mireya.Pagac@yahoo.com', 'Rabbit', 2);

INSERT INTO person VALUES ('Jacey.Strosin@gmail.com', 'Stephon Rutherford', '$2b$10$KjlGkoYo.X.yATkN6hl68.rtdkIqEqhWprd5C2AhlNiQx2s1uHB0O', '20870 Volkman Ridge', 90894898, 'user', 'https://s3.amazonaws.com/uifaces/faces/twitter/katiemdaly/128.jpg');
INSERT INTO credit_card VALUES (5436077949382496, 'Jacey.Strosin@gmail.com', '2022-05-05T20:13:08.473Z', 963);
INSERT INTO pet VALUES ('Donnell', 'Jacey.Strosin@gmail.com', 'Gecko', 'Cum perspiciatis ex.', 'Officiis tenetur aperiam exercitationem minus ex architecto.');
INSERT INTO pet VALUES ('Coralie', 'Jacey.Strosin@gmail.com', 'Ponie', 'Reprehenderit rerum ipsa.', 'Voluptas officia natus veniam et et quis.');
INSERT INTO part_time_ct VALUES ('Jacey.Strosin@gmail.com');
INSERT INTO pt_free_schedule VALUES ('Jacey.Strosin@gmail.com', '2020-11-05T05:26:29.710Z', '2021-02-11T21:08:51.988Z');
INSERT INTO pt_specializes_in VALUES ('Jacey.Strosin@gmail.com', 'Horse', 10);
INSERT INTO pt_specializes_in VALUES ('Jacey.Strosin@gmail.com', 'Mule', 14);

INSERT INTO person VALUES ('Everett36@gmail.com', 'Monte Kilback', '$2b$10$KjlGkoYo.X.yATkN6hl68.B/Bxm5V6SJIrmGRdX9nXckyY/dhhG02', '684 Ralph Extensions', 90015301, 'user', 'https://s3.amazonaws.com/uifaces/faces/twitter/itolmach/128.jpg');
INSERT INTO credit_card VALUES (5555048788451087, 'Everett36@gmail.com', '2022-01-07T15:02:26.915Z', 907);
INSERT INTO part_time_ct VALUES ('Everett36@gmail.com');
INSERT INTO pt_free_schedule VALUES ('Everett36@gmail.com', '2020-11-04T23:34:06.070Z', '2021-03-10T16:10:36.827Z');
INSERT INTO pt_specializes_in VALUES ('Everett36@gmail.com', 'Cat', 8);
INSERT INTO pt_specializes_in VALUES ('Everett36@gmail.com', 'Guinea Fowl', 5);

INSERT INTO person VALUES ('Kendall34@yahoo.com', 'Abagail Davis', '$2b$10$KjlGkoYo.X.yATkN6hl68.0P85NXRupSI4tGB7H6borMUGcOBvyES', '8167 MacGyver Vista', 90329798, 'user', 'https://s3.amazonaws.com/uifaces/faces/twitter/anoff/128.jpg');

INSERT INTO person VALUES ('Susie37@hotmail.com', 'Jody Howe', '$2b$10$KjlGkoYo.X.yATkN6hl68.dQUEVUx15bJc/rtZ.iwe8bUJAPUOzT2', '35424 Hoppe Cove', 90902687, 'user', 'https://s3.amazonaws.com/uifaces/faces/twitter/shoaib253/128.jpg');

INSERT INTO person VALUES ('Devon_Littel4@gmail.com', 'Art Gerhold', '$2b$10$KjlGkoYo.X.yATkN6hl68.B2G5YrjhH6oOABH5mp19b4D2gHn1zLS', '781 Audreanne Fork', 90139259, 'user', 'https://s3.amazonaws.com/uifaces/faces/twitter/dudestein/128.jpg');
INSERT INTO part_time_ct VALUES ('Devon_Littel4@gmail.com');
INSERT INTO pt_free_schedule VALUES ('Devon_Littel4@gmail.com', '2020-11-04T18:39:24.646Z', '2021-02-26T19:38:23.902Z');
INSERT INTO pt_specializes_in VALUES ('Devon_Littel4@gmail.com', 'Hedgehog', 19);

INSERT INTO person VALUES ('Shanelle.Lemke91@yahoo.com', 'Doug Runte', '$2b$10$KjlGkoYo.X.yATkN6hl68.rTw4GANQ9KgfVR9j.wjoKszdbcxOira', '535 Heathcote Trail', 90218612, 'user', 'https://s3.amazonaws.com/uifaces/faces/twitter/curiousonaut/128.jpg');
INSERT INTO credit_card VALUES (6304013481335973, 'Shanelle.Lemke91@yahoo.com', '2022-07-18T03:09:35.570Z', 117);
INSERT INTO pet VALUES ('Mckenna', 'Shanelle.Lemke91@yahoo.com', 'Bearded Dragon', 'Aut est animi repellat animi quo alias qui nostrum animi.', 'Adipisci consequatur quo dolorem neque facere voluptatem debitis inventore.');

INSERT INTO person VALUES ('Melyssa35@gmail.com', 'Rhoda Zemlak', '$2b$10$KjlGkoYo.X.yATkN6hl68.DNn2y9tmjO4eoobSWzJSKToJ7md2Kz.', '82014 Marks Route', 90099004, 'user', 'https://s3.amazonaws.com/uifaces/faces/twitter/afusinatto/128.jpg');

INSERT INTO person VALUES ('Edwardo.Boyle90@yahoo.com', 'Ruth Pollich', '$2b$10$KjlGkoYo.X.yATkN6hl68.upEyTKoM2bEeuSuc1ih2QvZSXkj40Pa', '39154 Kole Squares', 90179559, 'user', 'https://s3.amazonaws.com/uifaces/faces/twitter/cemshid/128.jpg');
INSERT INTO credit_card VALUES (36976125322229, 'Edwardo.Boyle90@yahoo.com', '2021-08-25T04:35:49.133Z', 704);
INSERT INTO pet VALUES ('Alisa', 'Edwardo.Boyle90@yahoo.com', 'Pot Bellied Pig', 'Provident ipsa facilis provident eius dolores.', 'Architecto vel ut quae accusamus assumenda suscipit vel impedit.');
INSERT INTO pet VALUES ('Modesto', 'Edwardo.Boyle90@yahoo.com', 'Cat', 'Consequatur suscipit ad provident et perferendis velit assumenda.', 'Est provident odit iusto sed alias dolore voluptatem praesentium officiis.');

INSERT INTO person VALUES ('Merlin_Gutkowski@gmail.com', 'Ines Kub', '$2b$10$KjlGkoYo.X.yATkN6hl68.VYYaTJ8Y.wNYrCWfAi3bw7or.aCor4i', '467 Schowalter Burgs', 90655625, 'user', 'https://s3.amazonaws.com/uifaces/faces/twitter/happypeter1983/128.jpg');

INSERT INTO person VALUES ('Torrey.Yundt@yahoo.com', 'Favian Wisoky', '$2b$10$KjlGkoYo.X.yATkN6hl68.t3sBuQ0Z89O5c5xHqZk2IFzV1wCVByK', '523 Urban Land', 90954070, 'user', 'https://s3.amazonaws.com/uifaces/faces/twitter/gauravjassal/128.jpg');
INSERT INTO credit_card VALUES (6382657203473675, 'Torrey.Yundt@yahoo.com', '2021-05-21T11:42:45.804Z', 797);
INSERT INTO pet VALUES ('Chet', 'Torrey.Yundt@yahoo.com', 'Llama', 'Autem qui adipisci aut nemo dignissimos maxime eius vero exercitationem.', 'Tenetur et perferendis.');
INSERT INTO pet VALUES ('Elmira', 'Torrey.Yundt@yahoo.com', 'Mule', 'Quisquam enim quia et.', 'Quis animi culpa et vel nihil esse dolorum delectus.');
INSERT INTO full_time_ct VALUES ('Torrey.Yundt@yahoo.com');

INSERT INTO person VALUES ('Carmen.Erdman@gmail.com', 'Richie Bradtke', '$2b$10$KjlGkoYo.X.yATkN6hl68.rONaOvw7bQb/j/8Tmjv9JjAxu1YiDRa', '7066 John Meadows', 90713482, 'user', 'https://s3.amazonaws.com/uifaces/faces/twitter/aleinadsays/128.jpg');
INSERT INTO full_time_ct VALUES ('Carmen.Erdman@gmail.com');
INSERT INTO ft_specializes_in VALUES ('Carmen.Erdman@gmail.com', 'Fish', 2);
INSERT INTO ft_specializes_in VALUES ('Carmen.Erdman@gmail.com', 'Hedgehog', 14);

INSERT INTO person VALUES ('Jaren.Kemmer96@hotmail.com', 'Vickie Bayer', '$2b$10$KjlGkoYo.X.yATkN6hl68.U4oLryV8Zx8rerYo65Rj6dFju4EIyQa', '215 Ashlynn Tunnel', 90635835, 'user', 'https://s3.amazonaws.com/uifaces/faces/twitter/S0ufi4n3/128.jpg');
INSERT INTO full_time_ct VALUES ('Jaren.Kemmer96@hotmail.com');

INSERT INTO person VALUES ('Nikita_Hauck31@yahoo.com', 'Reece Pagac', '$2b$10$KjlGkoYo.X.yATkN6hl68.TxiR.GS9ASKWFq7s4y1lwt/FbGVI/Ry', '287 Becker Meadow', 90074285, 'user', 'https://s3.amazonaws.com/uifaces/faces/twitter/gmourier/128.jpg');
INSERT INTO credit_card VALUES (6767897620581290, 'Nikita_Hauck31@yahoo.com', '2023-02-09T11:13:16.182Z', 527);
INSERT INTO pet VALUES ('Zora', 'Nikita_Hauck31@yahoo.com', 'Burro', 'Sit voluptatem soluta et id.', 'Cum aut perspiciatis fugit sunt eos et rerum.');

INSERT INTO person VALUES ('Harry_Legros@yahoo.com', 'Stacey Murphy', '$2b$10$KjlGkoYo.X.yATkN6hl68.adxgY8YfE/qAdaKxeqVPFxW7ghYHwTW', '412 Napoleon Circle', 90220999, 'user', 'https://s3.amazonaws.com/uifaces/faces/twitter/justinrgraham/128.jpg');
INSERT INTO credit_card VALUES (3529701716233528, 'Harry_Legros@yahoo.com', '2022-10-29T09:52:49.016Z', 744);
INSERT INTO pet VALUES ('Ima', 'Harry_Legros@yahoo.com', 'Pigeon', 'Beatae est vel corrupti nihil eligendi repellat.', 'Perspiciatis rerum occaecati qui sequi doloremque tempora ipsam recusandae sit.');
INSERT INTO pet VALUES ('Myah', 'Harry_Legros@yahoo.com', 'Guinea Pig', 'Atque placeat asperiores nisi ad neque.', 'Porro dolore delectus sed rerum vitae magnam ipsum.');
INSERT INTO full_time_ct VALUES ('Harry_Legros@yahoo.com');
INSERT INTO ft_specializes_in VALUES ('Harry_Legros@yahoo.com', 'Chameleons (Veiled)', 8);
INSERT INTO ft_specializes_in VALUES ('Harry_Legros@yahoo.com', 'Chicken', 6);
INSERT INTO ft_specializes_in VALUES ('Harry_Legros@yahoo.com', 'Rabbit', 2);

INSERT INTO person VALUES ('Tianna9@yahoo.com', 'Rey Schmeler', '$2b$10$KjlGkoYo.X.yATkN6hl68.UedAay2iQfilQhQq6N2jFFJkBZGA/Tu', '8026 Shayna Port', 90710784, 'user', 'https://s3.amazonaws.com/uifaces/faces/twitter/txcx/128.jpg');
INSERT INTO credit_card VALUES (5312554354038822, 'Tianna9@yahoo.com', '2024-06-05T18:52:12.014Z', 263);
INSERT INTO pet VALUES ('Jaime', 'Tianna9@yahoo.com', 'Horse', 'Ducimus voluptatem dignissimos.', 'Pariatur ut culpa.');
INSERT INTO pet VALUES ('Zachery', 'Tianna9@yahoo.com', 'Cow', 'Quia illo voluptatum dolor repudiandae aperiam cupiditate.', 'Animi maxime officiis quo repellat dolores pariatur aut.');
INSERT INTO pet VALUES ('Lonzo', 'Tianna9@yahoo.com', 'Lizard', 'Repellendus magni deleniti aut ut perspiciatis molestias.', 'Nulla aut praesentium.');

INSERT INTO person VALUES ('Taya_Baumbach@hotmail.com', 'Austin Jerde', '$2b$10$KjlGkoYo.X.yATkN6hl68.E3NgZhmviOjt11QIItwnQCxihddpcje', '9861 Willms Valleys', 90417469, 'user', 'https://s3.amazonaws.com/uifaces/faces/twitter/finchjke/128.jpg');
INSERT INTO full_time_ct VALUES ('Taya_Baumbach@hotmail.com');

INSERT INTO person VALUES ('Lester1@yahoo.com', 'Allene Wintheiser', '$2b$10$KjlGkoYo.X.yATkN6hl68.jDD56q2eTG6mMxavkyYcz1tTHX5NeVi', '60065 Jacobson Tunnel', 90677093, 'user', 'https://s3.amazonaws.com/uifaces/faces/twitter/baumannzone/128.jpg');

INSERT INTO person VALUES ('Maureen_Simonis@yahoo.com', 'Joannie Kshlerin', '$2b$10$KjlGkoYo.X.yATkN6hl68.ggL1KJOCNP6kZ0Q0w0hW3TBXfok7gOy', '5544 Hegmann Junctions', 90247742, 'user', 'https://s3.amazonaws.com/uifaces/faces/twitter/hoangloi/128.jpg');

INSERT INTO person VALUES ('Jacynthe1@yahoo.com', 'Toy Halvorson', '$2b$10$KjlGkoYo.X.yATkN6hl68.A4zMW8ar5CQoXB4KVaaw2HroXuHNp06', '2245 Schmeler Hollow', 90561097, 'user', 'https://s3.amazonaws.com/uifaces/faces/twitter/pierrestoffe/128.jpg');

INSERT INTO person VALUES ('Florine5@hotmail.com', 'Lura Lockman', '$2b$10$KjlGkoYo.X.yATkN6hl68.OcIhkWfyxStKFdurc2MBDsFmR/FVgPK', '679 Fisher Manor', 90616485, 'user', 'https://s3.amazonaws.com/uifaces/faces/twitter/r_garcia/128.jpg');
INSERT INTO credit_card VALUES (6377258673136158, 'Florine5@hotmail.com', '2021-01-23T06:41:00.432Z', 455);
INSERT INTO pet VALUES ('Oswaldo', 'Florine5@hotmail.com', 'Donkey', 'Libero quia ea temporibus maiores et aperiam soluta.', 'Suscipit incidunt qui voluptate asperiores.');
INSERT INTO pet VALUES ('Augustine', 'Florine5@hotmail.com', 'Horse', 'Id nobis nulla commodi maxime.', 'Aliquid fugit commodi aut dolor ea.');

INSERT INTO person VALUES ('Clay_Dickens38@yahoo.com', 'Tristin Carter', '$2b$10$KjlGkoYo.X.yATkN6hl68.vi3evfuPB51w.0GAyvcqkdZk3nQP/cy', '487 Ankunding Causeway', 90119295, 'user', 'https://s3.amazonaws.com/uifaces/faces/twitter/ovall/128.jpg');

INSERT INTO person VALUES ('Rigoberto.Ritchie31@gmail.com', 'Lucy Bernier', '$2b$10$KjlGkoYo.X.yATkN6hl68.BQ7vV/6Xt/0GT6SA3nqOIcsVrh4bKoW', '532 Balistreri Plain', 90539463, 'user', 'https://s3.amazonaws.com/uifaces/faces/twitter/xamorep/128.jpg');
INSERT INTO full_time_ct VALUES ('Rigoberto.Ritchie31@gmail.com');
INSERT INTO ft_specializes_in VALUES ('Rigoberto.Ritchie31@gmail.com', 'Gecko', 6);

INSERT INTO person VALUES ('Grace16@yahoo.com', 'Omer Green', '$2b$10$KjlGkoYo.X.yATkN6hl68.rQ6LgTFUIJj5sLtGZRQH.WXOdCRKr/C', '60421 Rodriguez Vista', 90375970, 'user', 'https://s3.amazonaws.com/uifaces/faces/twitter/a_harris88/128.jpg');

INSERT INTO person VALUES ('Charlotte_Weber58@hotmail.com', 'Chaz Erdman', '$2b$10$KjlGkoYo.X.yATkN6hl68.O.QKru1aNhuCQDXUf5KYprUFJLB.Tly', '24176 Danial Terrace', 90816826, 'user', 'https://s3.amazonaws.com/uifaces/faces/twitter/increase/128.jpg');
INSERT INTO credit_card VALUES (36448661968445, 'Charlotte_Weber58@hotmail.com', '2025-04-01T17:04:10.157Z', 077);
INSERT INTO pet VALUES ('Seamus', 'Charlotte_Weber58@hotmail.com', 'Fish', 'Velit maxime ut.', 'Quo voluptatem neque non minima qui eligendi maiores.');
INSERT INTO pet VALUES ('Tyshawn', 'Charlotte_Weber58@hotmail.com', 'Gerbil', 'Aperiam et dolorem sunt eos aliquam.', 'Et aliquam earum quisquam cupiditate autem ut nesciunt placeat molestiae.');
INSERT INTO pet VALUES ('Asha', 'Charlotte_Weber58@hotmail.com', 'Gerbil', 'In qui recusandae alias quaerat voluptatem excepturi illo.', 'Minus sequi maxime explicabo molestias.');

INSERT INTO person VALUES ('Lizzie.Hudson@yahoo.com', 'Deja Simonis', '$2b$10$KjlGkoYo.X.yATkN6hl68.D1vEYI8LdCFWm1i6cy0vsPC8JMhdG3G', '2092 Ortiz Mission', 90133396, 'user', 'https://s3.amazonaws.com/uifaces/faces/twitter/chaabane_wail/128.jpg');

INSERT INTO person VALUES ('Leif79@yahoo.com', 'Ernestina Thompson', '$2b$10$KjlGkoYo.X.yATkN6hl68.Kg00Vd8kkqhQwbKSj492..VAhUDw2d2', '320 Schimmel Knolls', 90141898, 'user', 'https://s3.amazonaws.com/uifaces/faces/twitter/jedbridges/128.jpg');

INSERT INTO person VALUES ('Hank_Hartmann98@gmail.com', 'Darian Rohan', '$2b$10$KjlGkoYo.X.yATkN6hl68.tGeN7lamoxQxByzkz7fBWCHoaI8nKIy', '7056 Fermin Estate', 90684088, 'user', 'https://s3.amazonaws.com/uifaces/faces/twitter/jarjan/128.jpg');

INSERT INTO person VALUES ('Carroll23@yahoo.com', 'Rylan Hoeger', '$2b$10$KjlGkoYo.X.yATkN6hl68.OMNw22Ztqgc4QLpzint.uJU7BwFQHbK', '4273 Littel Valleys', 90005365, 'user', 'https://s3.amazonaws.com/uifaces/faces/twitter/iamkeithmason/128.jpg');
INSERT INTO credit_card VALUES (6399974066173572, 'Carroll23@yahoo.com', '2021-11-09T15:32:20.470Z', 615);
INSERT INTO full_time_ct VALUES ('Carroll23@yahoo.com');
INSERT INTO ft_specializes_in VALUES ('Carroll23@yahoo.com', 'Geese (Chinese Swan Goose)', 3);
INSERT INTO ft_specializes_in VALUES ('Carroll23@yahoo.com', 'Hog', 2);
INSERT INTO ft_specializes_in VALUES ('Carroll23@yahoo.com', 'Pigeon', 3);

INSERT INTO person VALUES ('Rosalee3@gmail.com', 'Jody Marks', '$2b$10$KjlGkoYo.X.yATkN6hl68.atm5nRyzMls7oCVYVXkQTynmZFNb2ze', '096 Una Brooks', 90185465, 'user', 'https://s3.amazonaws.com/uifaces/faces/twitter/ionuss/128.jpg');
INSERT INTO credit_card VALUES (3542823230618916, 'Rosalee3@gmail.com', '2023-05-14T03:47:42.971Z', 956);
INSERT INTO part_time_ct VALUES ('Rosalee3@gmail.com');
INSERT INTO pt_free_schedule VALUES ('Rosalee3@gmail.com', '2020-11-05T10:18:14.195Z', '2021-05-27T11:18:54.184Z');
INSERT INTO pt_specializes_in VALUES ('Rosalee3@gmail.com', 'Hamster', 16);

INSERT INTO person VALUES ('Mya_Rowe7@gmail.com', 'Aurelie Windler', '$2b$10$KjlGkoYo.X.yATkN6hl68.oCeRETyUfaUV3Bvsca.B/uqFk/hUn4a', '81072 Rice Mountains', 90109633, 'user', 'https://s3.amazonaws.com/uifaces/faces/twitter/RussellBishop/128.jpg');
INSERT INTO part_time_ct VALUES ('Mya_Rowe7@gmail.com');
INSERT INTO pt_free_schedule VALUES ('Mya_Rowe7@gmail.com', '2020-11-05T09:11:35.787Z', '2021-09-30T02:55:08.534Z');

INSERT INTO person VALUES ('Beverly_Kling25@gmail.com', 'Trinity Wunsch', '$2b$10$KjlGkoYo.X.yATkN6hl68.XT/gmZg4S8mKdJpenakPAnV1xWc7q4u', '2833 Fadel Orchard', 90455144, 'user', 'https://s3.amazonaws.com/uifaces/faces/twitter/victordeanda/128.jpg');
INSERT INTO full_time_ct VALUES ('Beverly_Kling25@gmail.com');

INSERT INTO person VALUES ('Laron.VonRueden@yahoo.com', 'Gisselle Baumbach', '$2b$10$KjlGkoYo.X.yATkN6hl68.KngQjckP.Tmj0Z1rIReaudn5rQQ.j3C', '780 Larson Groves', 90800885, 'user', 'https://s3.amazonaws.com/uifaces/faces/twitter/carlosgavina/128.jpg');

INSERT INTO person VALUES ('Major.Kautzer@hotmail.com', 'Reuben Kuhic', '$2b$10$KjlGkoYo.X.yATkN6hl68./U/P6igzaIZJpgc8T9X0FVeBHOKnrru', '06419 Jalen Alley', 90436267, 'user', 'https://s3.amazonaws.com/uifaces/faces/twitter/marciotoledo/128.jpg');
INSERT INTO part_time_ct VALUES ('Major.Kautzer@hotmail.com');
INSERT INTO pt_free_schedule VALUES ('Major.Kautzer@hotmail.com', '2020-11-05T10:50:50.039Z', '2020-11-30T08:01:58.039Z');
INSERT INTO pt_specializes_in VALUES ('Major.Kautzer@hotmail.com', 'Mule', 9);

INSERT INTO person VALUES ('Connor_Schiller@yahoo.com', 'Tito Hammes', '$2b$10$KjlGkoYo.X.yATkN6hl68.Ige/u4UUtlxvf.n5p2d1DnIdyHH/jmm', '91207 Carolanne Port', 90098505, 'user', 'https://s3.amazonaws.com/uifaces/faces/twitter/hermanobrother/128.jpg');
INSERT INTO credit_card VALUES (36787485417556, 'Connor_Schiller@yahoo.com', '2021-05-22T09:58:02.449Z', 097);
INSERT INTO pet VALUES ('Vena', 'Connor_Schiller@yahoo.com', 'Bird', 'Tempora ad eos tempore.', 'Commodi dolorem molestiae incidunt.');
INSERT INTO pet VALUES ('Jimmie', 'Connor_Schiller@yahoo.com', 'Iguana', 'Sit vel pariatur rerum velit recusandae consectetur aspernatur sint.', 'Molestias repellendus et quo aut.');
INSERT INTO pet VALUES ('Rubie', 'Connor_Schiller@yahoo.com', 'Hog', 'Id id unde et voluptatem et.', 'Eaque beatae voluptatum impedit sit dolor natus expedita sit.');

INSERT INTO person VALUES ('Melody74@hotmail.com', 'Aurelio Rohan', '$2b$10$KjlGkoYo.X.yATkN6hl68.p1XADB3YTpA2hPXPSp8Fdj4sn1suHLq', '805 Shaylee Shores', 90029088, 'user', 'https://s3.amazonaws.com/uifaces/faces/twitter/chadami/128.jpg');
INSERT INTO credit_card VALUES (6759763785059842, 'Melody74@hotmail.com', '2021-07-31T02:52:48.551Z', 988);
INSERT INTO pet VALUES ('Ona', 'Melody74@hotmail.com', 'Rabbit', 'Modi necessitatibus doloremque dignissimos rerum impedit deleniti nobis.', 'Magni ut non.');
INSERT INTO pet VALUES ('Jess', 'Melody74@hotmail.com', 'Guinea Fowl', 'Exercitationem adipisci reprehenderit earum.', 'Dolores possimus inventore velit incidunt.');

INSERT INTO person VALUES ('Marcia_Okuneva28@yahoo.com', 'Cordell Nicolas', '$2b$10$KjlGkoYo.X.yATkN6hl68.d7DhagQPV8dHPtSiYkQvW4C4Fzgqz3i', '2799 Brennan Mountains', 90417355, 'user', 'https://s3.amazonaws.com/uifaces/faces/twitter/abdots/128.jpg');
INSERT INTO part_time_ct VALUES ('Marcia_Okuneva28@yahoo.com');
INSERT INTO pt_free_schedule VALUES ('Marcia_Okuneva28@yahoo.com', '2020-11-04T18:05:41.456Z', '2021-04-16T08:26:52.870Z');
INSERT INTO pt_specializes_in VALUES ('Marcia_Okuneva28@yahoo.com', 'Gecko', 8);
INSERT INTO pt_specializes_in VALUES ('Marcia_Okuneva28@yahoo.com', 'Hamster', 0);
INSERT INTO pt_specializes_in VALUES ('Marcia_Okuneva28@yahoo.com', 'Mice', 8);

INSERT INTO person VALUES ('Santos_Mann@yahoo.com', 'Bernadette Quitzon', '$2b$10$KjlGkoYo.X.yATkN6hl68.cV/XUK1TPVRYTod3kpjZQOiEnStQCdO', '402 Lambert Estate', 90351119, 'user', 'https://s3.amazonaws.com/uifaces/faces/twitter/ricburton/128.jpg');

INSERT INTO person VALUES ('Bernice_Greenholt96@gmail.com', 'Christine Yost', '$2b$10$KjlGkoYo.X.yATkN6hl68.m./lAGoG7RltlNccIy9ctnXjjot32xW', '798 Kailee Track', 90869074, 'user', 'https://s3.amazonaws.com/uifaces/faces/twitter/scottkclark/128.jpg');
INSERT INTO credit_card VALUES (6389359523704298, 'Bernice_Greenholt96@gmail.com', '2021-07-08T21:32:05.746Z', 843);

INSERT INTO person VALUES ('Soledad_Krajcik@yahoo.com', 'Chelsey Ratke', '$2b$10$KjlGkoYo.X.yATkN6hl68.Zyzgyl20kez9z0IOWa4ze0n7t1LLJ.O', '76384 Sabryna Row', 90326807, 'user', 'https://s3.amazonaws.com/uifaces/faces/twitter/batsirai/128.jpg');
INSERT INTO credit_card VALUES (347690968051805, 'Soledad_Krajcik@yahoo.com', '2022-12-23T05:31:22.343Z', 724);
INSERT INTO pet VALUES ('Joaquin', 'Soledad_Krajcik@yahoo.com', 'Cat', 'Voluptatem ut vero adipisci totam placeat dignissimos inventore.', 'Deserunt voluptas modi.');
INSERT INTO pet VALUES ('Deonte', 'Soledad_Krajcik@yahoo.com', 'Hog', 'Vero alias aut necessitatibus.', 'Quia aliquam ipsum voluptate nobis totam in quisquam.');
INSERT INTO pet VALUES ('Joaquin', 'Soledad_Krajcik@yahoo.com', 'Pigeon', 'Tempore laboriosam atque sit occaecati hic sed cum occaecati.', 'Occaecati cumque magnam reiciendis voluptas.');

INSERT INTO person VALUES ('Darlene_Gerhold51@hotmail.com', 'Gerson Lynch', '$2b$10$KjlGkoYo.X.yATkN6hl68.yvJqBjl7KAy9HyiGnDqZoFui7LqtOYy', '6946 Pfeffer Parkway', 90775428, 'user', 'https://s3.amazonaws.com/uifaces/faces/twitter/lepetitogre/128.jpg');
INSERT INTO credit_card VALUES (36956249767016, 'Darlene_Gerhold51@hotmail.com', '2022-08-16T11:25:26.309Z', 158);
INSERT INTO pet VALUES ('Mac', 'Darlene_Gerhold51@hotmail.com', 'Donkey', 'Corrupti qui adipisci voluptatem quos consectetur est autem sequi expedita.', 'Exercitationem est sequi ex sequi accusamus libero est ea.');
INSERT INTO part_time_ct VALUES ('Darlene_Gerhold51@hotmail.com');
INSERT INTO pt_free_schedule VALUES ('Darlene_Gerhold51@hotmail.com', '2020-11-04T20:15:21.238Z', '2021-05-13T14:50:12.797Z');
INSERT INTO pt_specializes_in VALUES ('Darlene_Gerhold51@hotmail.com', 'Chinchilla', 8);
INSERT INTO pt_specializes_in VALUES ('Darlene_Gerhold51@hotmail.com', 'Ferret', 18);
INSERT INTO pt_specializes_in VALUES ('Darlene_Gerhold51@hotmail.com', 'Hog', 18);

INSERT INTO person VALUES ('Micah_Wintheiser36@gmail.com', 'Bernardo Koch', '$2b$10$KjlGkoYo.X.yATkN6hl68.We64itSksHojAe/KX0f7mVtvwOJwBxO', '00491 Johnson Highway', 90065725, 'user', 'https://s3.amazonaws.com/uifaces/faces/twitter/danpliego/128.jpg');

INSERT INTO person VALUES ('Percy.Kirlin@hotmail.com', 'Greta Morissette', '$2b$10$KjlGkoYo.X.yATkN6hl68.KFb7PMDmlezvTrlje7zvz4VhC5OFl2u', '9780 Hills Run', 90222892, 'user', 'https://s3.amazonaws.com/uifaces/faces/twitter/noufalibrahim/128.jpg');
INSERT INTO full_time_ct VALUES ('Percy.Kirlin@hotmail.com');
INSERT INTO ft_specializes_in VALUES ('Percy.Kirlin@hotmail.com', 'Fish', 5);

INSERT INTO person VALUES ('Marjorie22@yahoo.com', 'Eunice Goldner', '$2b$10$KjlGkoYo.X.yATkN6hl68.1P2GidsRGuNMVP69ioIz3QQsarLrJGa', '968 McDermott Flat', 90151177, 'user', 'https://s3.amazonaws.com/uifaces/faces/twitter/agromov/128.jpg');
INSERT INTO part_time_ct VALUES ('Marjorie22@yahoo.com');
INSERT INTO pt_free_schedule VALUES ('Marjorie22@yahoo.com', '2020-11-05T02:12:14.507Z', '2021-04-27T19:14:13.516Z');
INSERT INTO pt_specializes_in VALUES ('Marjorie22@yahoo.com', 'Pig', 4);

INSERT INTO person VALUES ('Nathen24@gmail.com', 'Rahsaan Ziemann', '$2b$10$KjlGkoYo.X.yATkN6hl68.UDMr4HQdRS4h9.T/w0GjbKejfimMvbW', '797 Giles Square', 90948251, 'user', 'https://s3.amazonaws.com/uifaces/faces/twitter/djsherman/128.jpg');
INSERT INTO full_time_ct VALUES ('Nathen24@gmail.com');

INSERT INTO person VALUES ('Ines.OHara59@yahoo.com', 'Felton Bins', '$2b$10$KjlGkoYo.X.yATkN6hl68.OkJ8/kOOnROQrY9F.FwasxwZVudA51q', '210 Jazmyne Gateway', 90390276, 'user', 'https://s3.amazonaws.com/uifaces/faces/twitter/kurafire/128.jpg');
INSERT INTO credit_card VALUES (5206423295967569, 'Ines.OHara59@yahoo.com', '2021-01-04T14:11:21.176Z', 167);
INSERT INTO pet VALUES ('Peggie', 'Ines.OHara59@yahoo.com', 'Gerbil', 'Consequatur quasi exercitationem sed iure illum dignissimos at enim.', 'A harum et dolore ipsum quis.');
INSERT INTO full_time_ct VALUES ('Ines.OHara59@yahoo.com');
INSERT INTO ft_specializes_in VALUES ('Ines.OHara59@yahoo.com', 'Chameleons (Veiled)', 11);

INSERT INTO person VALUES ('Jermaine.Terry19@hotmail.com', 'Jefferey Kohler', '$2b$10$KjlGkoYo.X.yATkN6hl68.Bg8x7fJzfJYP6yCB.VTUBuMBd2IHZO6', '0995 Jay Via', 90938915, 'user', 'https://s3.amazonaws.com/uifaces/faces/twitter/antonyryndya/128.jpg');

INSERT INTO person VALUES ('Kade_Ratke60@gmail.com', 'John Bahringer', '$2b$10$KjlGkoYo.X.yATkN6hl68.s2ENSq9JTgurnTzIHe/kv3x.Q3nN9ci', '24986 Kristin Brook', 90023718, 'user', 'https://s3.amazonaws.com/uifaces/faces/twitter/vikashpathak18/128.jpg');
INSERT INTO credit_card VALUES (6759378585894710, 'Kade_Ratke60@gmail.com', '2021-09-06T05:03:08.076Z', 526);
INSERT INTO pet VALUES ('Brenna', 'Kade_Ratke60@gmail.com', 'Chinese Water Dragon', 'Ut illo necessitatibus voluptas et dolores sunt necessitatibus et placeat.', 'Et sapiente quo non facere sunt et et et.');
INSERT INTO pet VALUES ('Heber', 'Kade_Ratke60@gmail.com', 'Hog', 'Impedit sunt eveniet magni eius consectetur.', 'Et rerum debitis vero eius odit nemo ad est.');
INSERT INTO part_time_ct VALUES ('Kade_Ratke60@gmail.com');
INSERT INTO pt_free_schedule VALUES ('Kade_Ratke60@gmail.com', '2020-11-05T04:39:28.234Z', '2021-01-12T04:41:57.098Z');
INSERT INTO pt_specializes_in VALUES ('Kade_Ratke60@gmail.com', 'Chameleons (Veiled)', 16);
INSERT INTO pt_specializes_in VALUES ('Kade_Ratke60@gmail.com', 'Chinchilla', 4);

INSERT INTO person VALUES ('Jarrett_Rolfson71@gmail.com', 'Guido Spinka', '$2b$10$KjlGkoYo.X.yATkN6hl68.PNsNv7zZOJ1NyxZUcHVBVFmQX5cd6GS', '3002 Grimes Bypass', 90494819, 'user', 'https://s3.amazonaws.com/uifaces/faces/twitter/oktayelipek/128.jpg');
INSERT INTO full_time_ct VALUES ('Jarrett_Rolfson71@gmail.com');

INSERT INTO person VALUES ('Terrell_Kilback@gmail.com', 'Brown Kuphal', '$2b$10$KjlGkoYo.X.yATkN6hl68.AxGlLc/8iJFF2bEeP.vdUPdK.OoTJhq', '800 Melany Light', 90896533, 'user', 'https://s3.amazonaws.com/uifaces/faces/twitter/catadeleon/128.jpg');

INSERT INTO person VALUES ('Emmy_Reilly44@gmail.com', 'Anya Wisozk', '$2b$10$KjlGkoYo.X.yATkN6hl68.31HyD3ZIbPFUnsB3jqiKddpEWThwmQ6', '68837 Rowe Corner', 90278069, 'user', 'https://s3.amazonaws.com/uifaces/faces/twitter/justinrgraham/128.jpg');
INSERT INTO credit_card VALUES (5587339126564485, 'Emmy_Reilly44@gmail.com', '2021-09-02T03:04:06.976Z', 542);
INSERT INTO pet VALUES ('Laurence', 'Emmy_Reilly44@gmail.com', 'Chameleons (Veiled)', 'Nulla nemo quo est dignissimos.', 'Dignissimos eum corporis nisi.');
INSERT INTO part_time_ct VALUES ('Emmy_Reilly44@gmail.com');
INSERT INTO pt_free_schedule VALUES ('Emmy_Reilly44@gmail.com', '2020-11-04T15:40:48.169Z', '2021-05-03T01:59:22.183Z');

INSERT INTO person VALUES ('Torrance.Stroman4@hotmail.com', 'Khalil Bartoletti', '$2b$10$KjlGkoYo.X.yATkN6hl68.AEfZe6tcphhTvQKDgDXI0QmKWTn18Xy', '79001 Meggie Lane', 90651730, 'user', 'https://s3.amazonaws.com/uifaces/faces/twitter/pcridesagain/128.jpg');
INSERT INTO part_time_ct VALUES ('Torrance.Stroman4@hotmail.com');
INSERT INTO pt_free_schedule VALUES ('Torrance.Stroman4@hotmail.com', '2020-11-05T05:26:37.292Z', '2021-05-03T02:21:07.368Z');
INSERT INTO pt_specializes_in VALUES ('Torrance.Stroman4@hotmail.com', 'Bearded Dragon', 11);
INSERT INTO pt_specializes_in VALUES ('Torrance.Stroman4@hotmail.com', 'Lizard', 6);
INSERT INTO pt_specializes_in VALUES ('Torrance.Stroman4@hotmail.com', 'Mule', 12);

INSERT INTO person VALUES ('Verlie_McClure29@gmail.com', 'Schuyler Schulist', '$2b$10$KjlGkoYo.X.yATkN6hl68.Z8jAdcclx27nBHfDNogxyKCKu5PyCqS', '1714 Jarrod Ramp', 90654693, 'user', 'https://s3.amazonaws.com/uifaces/faces/twitter/curiousonaut/128.jpg');
INSERT INTO full_time_ct VALUES ('Verlie_McClure29@gmail.com');
INSERT INTO ft_specializes_in VALUES ('Verlie_McClure29@gmail.com', 'Chinchilla', 5);
INSERT INTO ft_specializes_in VALUES ('Verlie_McClure29@gmail.com', 'Mule', 5);

INSERT INTO person VALUES ('Ward_Heaney20@hotmail.com', 'Carlee Christiansen', '$2b$10$KjlGkoYo.X.yATkN6hl68.Cvzf9j75IGfiO8Es.zQgZKTs8XKUgRi', '2757 Jaiden Squares', 90150407, 'user', 'https://s3.amazonaws.com/uifaces/faces/twitter/dnezkumar/128.jpg');
INSERT INTO full_time_ct VALUES ('Ward_Heaney20@hotmail.com');

INSERT INTO person VALUES ('Rosalind37@yahoo.com', 'Brian Kiehn', '$2b$10$KjlGkoYo.X.yATkN6hl68.teCsqgw76onUuse1zxABUijDDHZCn1i', '8335 OHara Rapids', 90210614, 'user', 'https://s3.amazonaws.com/uifaces/faces/twitter/dgajjar/128.jpg');
INSERT INTO credit_card VALUES (6771893373265289, 'Rosalind37@yahoo.com', '2022-03-09T17:26:17.285Z', 569);
INSERT INTO pet VALUES ('Woodrow', 'Rosalind37@yahoo.com', 'Gerbil', 'Vitae ab sed sed.', 'Ipsa et illum deleniti ipsum.');
INSERT INTO pet VALUES ('Myron', 'Rosalind37@yahoo.com', 'Guinea Fowl', 'Quaerat sunt qui quis sint voluptas expedita voluptas magni quia.', 'Fuga et aut.');
INSERT INTO full_time_ct VALUES ('Rosalind37@yahoo.com');

INSERT INTO person VALUES ('Geoffrey.Kilback@gmail.com', 'Jerod Gleason', '$2b$10$KjlGkoYo.X.yATkN6hl68.dKlxDos5QeTwgywjZBc676tYsmZUH.K', '723 Langworth Tunnel', 90335662, 'user', 'https://s3.amazonaws.com/uifaces/faces/twitter/0therplanet/128.jpg');
INSERT INTO part_time_ct VALUES ('Geoffrey.Kilback@gmail.com');
INSERT INTO pt_free_schedule VALUES ('Geoffrey.Kilback@gmail.com', '2020-11-04T18:12:49.633Z', '2021-02-10T18:32:22.150Z');
INSERT INTO pt_specializes_in VALUES ('Geoffrey.Kilback@gmail.com', 'Cow', 6);
INSERT INTO pt_specializes_in VALUES ('Geoffrey.Kilback@gmail.com', 'Donkey', 16);

INSERT INTO person VALUES ('Elda_Reilly@hotmail.com', 'Peyton Langworth', '$2b$10$KjlGkoYo.X.yATkN6hl68.qginBVDTdRIWwyKiOI4uITLq5CyhURm', '8579 Terry Walk', 90482246, 'user', 'https://s3.amazonaws.com/uifaces/faces/twitter/bermonpainter/128.jpg');
INSERT INTO part_time_ct VALUES ('Elda_Reilly@hotmail.com');
INSERT INTO pt_free_schedule VALUES ('Elda_Reilly@hotmail.com', '2020-11-05T05:28:40.551Z', '2021-08-24T09:24:02.871Z');

INSERT INTO person VALUES ('Tess57@yahoo.com', 'Colten Tremblay', '$2b$10$KjlGkoYo.X.yATkN6hl68.IQy09BalhlCOtFCaucC7.IJJDGnhywW', '0324 Madonna Points', 90367487, 'user', 'https://s3.amazonaws.com/uifaces/faces/twitter/heykenneth/128.jpg');
INSERT INTO part_time_ct VALUES ('Tess57@yahoo.com');
INSERT INTO pt_free_schedule VALUES ('Tess57@yahoo.com', '2020-11-04T23:19:00.927Z', '2021-01-02T21:46:42.762Z');

INSERT INTO person VALUES ('Aditya_Howe@yahoo.com', 'Greta Leuschke', '$2b$10$KjlGkoYo.X.yATkN6hl68.evqg0X8juGORP5oY/k6m5SD/VnTwhbi', '34254 Kelsi Gateway', 90711521, 'user', 'https://s3.amazonaws.com/uifaces/faces/twitter/justinrob/128.jpg');
INSERT INTO credit_card VALUES (6374144893857475, 'Aditya_Howe@yahoo.com', '2022-12-26T16:23:42.374Z', 059);
INSERT INTO pet VALUES ('Gaylord', 'Aditya_Howe@yahoo.com', 'Chicken', 'Nisi corporis quidem soluta sit assumenda quis.', 'Deleniti est velit delectus debitis dolores qui deserunt est rerum.');
INSERT INTO pet VALUES ('Vidal', 'Aditya_Howe@yahoo.com', 'Cat', 'Vitae corporis officiis ut autem.', 'Sed aut veniam.');

INSERT INTO person VALUES ('Brendon35@hotmail.com', 'Dante Wyman', '$2b$10$KjlGkoYo.X.yATkN6hl68.puVND1Jb2HlnGc5108oRQ8q0i5g89Lq', '49252 Legros Mountains', 90631964, 'user', 'https://s3.amazonaws.com/uifaces/faces/twitter/derekcramer/128.jpg');
INSERT INTO credit_card VALUES (36335324743782, 'Brendon35@hotmail.com', '2025-08-04T16:03:42.906Z', 723);

INSERT INTO person VALUES ('Adelle11@yahoo.com', 'Janessa Blanda', '$2b$10$KjlGkoYo.X.yATkN6hl68.DiEyVS5YyjKLqzthmGJmqp/9YDAJ8bu', '7872 Schroeder Ferry', 90153776, 'user', 'https://s3.amazonaws.com/uifaces/faces/twitter/baluli/128.jpg');

INSERT INTO person VALUES ('Brook41@hotmail.com', 'Katherine Klocko', '$2b$10$KjlGkoYo.X.yATkN6hl68.qZizDTfQNE8m6Z4bAW7yEPv5LQq.TZm', '2620 Bartholome Viaduct', 90480265, 'user', 'https://s3.amazonaws.com/uifaces/faces/twitter/rehatkathuria/128.jpg');
INSERT INTO credit_card VALUES (3528570994140884, 'Brook41@hotmail.com', '2022-11-12T13:40:07.534Z', 049);
INSERT INTO pet VALUES ('Jaclyn', 'Brook41@hotmail.com', 'Geese (Chinese Swan Goose)', 'Quam odio culpa tempore.', 'Eos nobis rerum quae eos natus.');

INSERT INTO person VALUES ('Chelsea.Dooley@yahoo.com', 'Newton Steuber', '$2b$10$KjlGkoYo.X.yATkN6hl68.jZSglGL9G2LOZFmUNzEm7rNcHBnUgMe', '138 Ben Cape', 90929616, 'user', 'https://s3.amazonaws.com/uifaces/faces/twitter/d33pthought/128.jpg');

INSERT INTO person VALUES ('Elmo91@gmail.com', 'Emilia Fisher', '$2b$10$KjlGkoYo.X.yATkN6hl68.Ss7gMB4QnIbb9R5zvK//xZqfhVYk1eS', '710 Johnson Course', 90522678, 'user', 'https://s3.amazonaws.com/uifaces/faces/twitter/ariil/128.jpg');
INSERT INTO full_time_ct VALUES ('Elmo91@gmail.com');
INSERT INTO ft_specializes_in VALUES ('Elmo91@gmail.com', 'Mice', 17);
INSERT INTO ft_specializes_in VALUES ('Elmo91@gmail.com', 'Ponie', 4);

INSERT INTO person VALUES ('Maverick_Herzog@yahoo.com', 'Beth Kling', '$2b$10$KjlGkoYo.X.yATkN6hl68.HAT1vxuyRHs8ORndRi1YSPq/WhUiuLi', '5705 Hyatt Cove', 90270778, 'user', 'https://s3.amazonaws.com/uifaces/faces/twitter/m_kalibry/128.jpg');
INSERT INTO credit_card VALUES (4135748776883, 'Maverick_Herzog@yahoo.com', '2020-12-13T22:03:26.354Z', 050);
INSERT INTO pet VALUES ('Katrina', 'Maverick_Herzog@yahoo.com', 'Bearded Dragon', 'Necessitatibus qui ipsum.', 'Expedita quam vel sed eos animi.');
INSERT INTO pet VALUES ('Rosetta', 'Maverick_Herzog@yahoo.com', 'Ponie', 'Voluptatem rerum qui fugit.', 'Laudantium velit quia corrupti repudiandae quos.');
INSERT INTO full_time_ct VALUES ('Maverick_Herzog@yahoo.com');
INSERT INTO ft_specializes_in VALUES ('Maverick_Herzog@yahoo.com', 'Goat', 15);
INSERT INTO ft_specializes_in VALUES ('Maverick_Herzog@yahoo.com', 'Hamster', 15);

INSERT INTO person VALUES ('Kamren_Murphy@hotmail.com', 'Euna Weber', '$2b$10$KjlGkoYo.X.yATkN6hl68.edC.4XJISv9C3ER23r8bo7YC1JIGSlK', '5580 Batz Station', 90110392, 'user', 'https://s3.amazonaws.com/uifaces/faces/twitter/richardgarretts/128.jpg');
INSERT INTO credit_card VALUES (5020787369015319, 'Kamren_Murphy@hotmail.com', '2024-11-25T19:30:37.958Z', 801);
INSERT INTO pet VALUES ('Abelardo', 'Kamren_Murphy@hotmail.com', 'Pot Bellied Pig', 'Necessitatibus praesentium et perspiciatis provident.', 'Repellendus neque placeat excepturi et adipisci magnam.');
INSERT INTO pet VALUES ('Rahsaan', 'Kamren_Murphy@hotmail.com', 'Pig', 'Autem quibusdam ducimus vero est qui provident possimus ut hic.', 'Labore et ipsam enim eveniet.');

INSERT INTO person VALUES ('Misty.Carter82@yahoo.com', 'Devante Jacobs', '$2b$10$KjlGkoYo.X.yATkN6hl68.Hdx1eBVjvtpe7QeDgXXHmMtZJRCaRZO', '50895 Antwan Turnpike', 90397205, 'user', 'https://s3.amazonaws.com/uifaces/faces/twitter/mdsisto/128.jpg');
INSERT INTO credit_card VALUES (6375172269125630, 'Misty.Carter82@yahoo.com', '2023-03-26T23:38:18.493Z', 712);

INSERT INTO person VALUES ('Cecilia.Lueilwitz@gmail.com', 'Gregg Wintheiser', '$2b$10$KjlGkoYo.X.yATkN6hl68.EjCZMtvR5BhpFzGDmgpuad3ZCZ0Bhey', '50632 Ernser Island', 90908910, 'user', 'https://s3.amazonaws.com/uifaces/faces/twitter/gt/128.jpg');
INSERT INTO credit_card VALUES (3563215967593717, 'Cecilia.Lueilwitz@gmail.com', '2021-01-31T14:46:20.314Z', 441);

INSERT INTO person VALUES ('Nelson39@gmail.com', 'Michele Fadel', '$2b$10$KjlGkoYo.X.yATkN6hl68.i2z9OOZqyJz79rXomA5lGtxSZRypSba', '350 Runolfsson Fall', 90074685, 'user', 'https://s3.amazonaws.com/uifaces/faces/twitter/ricburton/128.jpg');
INSERT INTO credit_card VALUES (4719557830651660, 'Nelson39@gmail.com', '2022-08-19T00:37:01.857Z', 271);

INSERT INTO person VALUES ('Maggie85@yahoo.com', 'Noel Schaden', '$2b$10$KjlGkoYo.X.yATkN6hl68.9zITyh/QpmBW1zLD83eSVMLdbph25Re', '4607 Rashawn Estates', 90142212, 'user', 'https://s3.amazonaws.com/uifaces/faces/twitter/rtgibbons/128.jpg');
INSERT INTO part_time_ct VALUES ('Maggie85@yahoo.com');
INSERT INTO pt_free_schedule VALUES ('Maggie85@yahoo.com', '2020-11-05T12:21:22.906Z', '2021-06-17T13:41:21.717Z');
INSERT INTO pt_specializes_in VALUES ('Maggie85@yahoo.com', 'Bird', 14);

INSERT INTO person VALUES ('Marc_Waters47@hotmail.com', 'Lori Wilderman', '$2b$10$KjlGkoYo.X.yATkN6hl68.mKiZpHFzTn0KxExLnXrwWzbpEqB4guu', '0354 Nicolas Course', 90500991, 'user', 'https://s3.amazonaws.com/uifaces/faces/twitter/gusoto/128.jpg');
INSERT INTO full_time_ct VALUES ('Marc_Waters47@hotmail.com');
INSERT INTO ft_specializes_in VALUES ('Marc_Waters47@hotmail.com', 'Chinchilla', 8);
INSERT INTO ft_specializes_in VALUES ('Marc_Waters47@hotmail.com', 'Goat', 3);
INSERT INTO ft_specializes_in VALUES ('Marc_Waters47@hotmail.com', 'Pot Bellied Pig', 6);

INSERT INTO person VALUES ('Triston.Konopelski@hotmail.com', 'Jackson Romaguera', '$2b$10$KjlGkoYo.X.yATkN6hl68.7IfiXvPZ2awhWgVWYoFIcw/xN1odpmy', '9440 Bins Ridges', 90468428, 'user', 'https://s3.amazonaws.com/uifaces/faces/twitter/harry_sistalam/128.jpg');
INSERT INTO full_time_ct VALUES ('Triston.Konopelski@hotmail.com');
INSERT INTO ft_specializes_in VALUES ('Triston.Konopelski@hotmail.com', 'Guinea Fowl', 18);
INSERT INTO ft_specializes_in VALUES ('Triston.Konopelski@hotmail.com', 'Horse', 11);

INSERT INTO person VALUES ('Gennaro.Stehr@yahoo.com', 'Raheem Connelly', '$2b$10$KjlGkoYo.X.yATkN6hl68.7HLUNdXrkBvjL7n5G8E/0o1nVTYc8NO', '3604 Ervin Lake', 90087540, 'user', 'https://s3.amazonaws.com/uifaces/faces/twitter/adhiardana/128.jpg');
INSERT INTO part_time_ct VALUES ('Gennaro.Stehr@yahoo.com');
INSERT INTO pt_free_schedule VALUES ('Gennaro.Stehr@yahoo.com', '2020-11-04T21:52:59.944Z', '2021-10-25T22:06:20.576Z');
INSERT INTO pt_specializes_in VALUES ('Gennaro.Stehr@yahoo.com', 'Gerbil', 8);
INSERT INTO pt_specializes_in VALUES ('Gennaro.Stehr@yahoo.com', 'Guinea Fowl', 17);
INSERT INTO pt_specializes_in VALUES ('Gennaro.Stehr@yahoo.com', 'Rabbit', 8);

INSERT INTO person VALUES ('Fermin2@gmail.com', 'Antwon Nikolaus', '$2b$10$KjlGkoYo.X.yATkN6hl68.AHGKHOsnzpOnBlDAWbiEXj8xjSzDlYS', '213 Alek Estates', 90719746, 'user', 'https://s3.amazonaws.com/uifaces/faces/twitter/layerssss/128.jpg');
INSERT INTO credit_card VALUES (348524724279777, 'Fermin2@gmail.com', '2021-07-23T04:14:06.722Z', 487);
INSERT INTO pet VALUES ('Chyna', 'Fermin2@gmail.com', 'Bearded Dragon', 'Vitae sed illum sint nam dolorem maiores iusto voluptatibus.', 'Esse quam ad.');
INSERT INTO pet VALUES ('Herbert', 'Fermin2@gmail.com', 'Bird', 'Impedit delectus vero aut magni non hic repellat doloribus ut.', 'Cum ut non.');
INSERT INTO pet VALUES ('Humberto', 'Fermin2@gmail.com', 'Guinea Fowl', 'Autem optio nobis et mollitia esse.', 'Omnis voluptate neque vel harum.');
INSERT INTO full_time_ct VALUES ('Fermin2@gmail.com');

INSERT INTO person VALUES ('Belle97@yahoo.com', 'Kristofer Nienow', '$2b$10$KjlGkoYo.X.yATkN6hl68.vahMmDFPF5A0ufC5BerP2AzRutGlp2e', '29055 Renner Road', 90225500, 'user', 'https://s3.amazonaws.com/uifaces/faces/twitter/kevka/128.jpg');
INSERT INTO full_time_ct VALUES ('Belle97@yahoo.com');

INSERT INTO person VALUES ('Mavis_Jerde98@gmail.com', 'Araceli Schmidt', '$2b$10$KjlGkoYo.X.yATkN6hl68.k5XHua6Jm2VBKLUM6fDNBl89QMcc7Q.', '539 Kris Lodge', 90363604, 'user', 'https://s3.amazonaws.com/uifaces/faces/twitter/edgarchris99/128.jpg');

INSERT INTO person VALUES ('Sharon.Wolf33@hotmail.com', 'Mariane Reichert', '$2b$10$KjlGkoYo.X.yATkN6hl68.ddVRXvAyqfITER/7nZUFR8YfTPpKbt6', '62326 Buckridge Meadow', 90614503, 'user', 'https://s3.amazonaws.com/uifaces/faces/twitter/oskarlevinson/128.jpg');

INSERT INTO person VALUES ('Zoie73@yahoo.com', 'Ivy Hills', '$2b$10$KjlGkoYo.X.yATkN6hl68.2BtBOKbB/Da3gJhgysJV1AY9p/Kyxku', '5750 Jerry Gardens', 90929437, 'user', 'https://s3.amazonaws.com/uifaces/faces/twitter/anatolinicolae/128.jpg');
INSERT INTO credit_card VALUES (3571815231280476, 'Zoie73@yahoo.com', '2022-12-04T21:31:24.720Z', 453);
INSERT INTO pet VALUES ('Claire', 'Zoie73@yahoo.com', 'Ponie', 'Laudantium vel itaque accusamus tempore dolorem sit.', 'Aut et autem est dolores reiciendis voluptas qui architecto totam.');
INSERT INTO pet VALUES ('Patrick', 'Zoie73@yahoo.com', 'Gecko', 'Id eligendi nihil odio.', 'Architecto quam at earum iste ratione cumque architecto.');
INSERT INTO pet VALUES ('Vito', 'Zoie73@yahoo.com', 'Dog', 'Id doloribus sunt qui dicta cumque.', 'Recusandae perferendis et natus.');
INSERT INTO full_time_ct VALUES ('Zoie73@yahoo.com');
INSERT INTO ft_specializes_in VALUES ('Zoie73@yahoo.com', 'Iguana', 11);
INSERT INTO ft_specializes_in VALUES ('Zoie73@yahoo.com', 'Ponie', 17);

INSERT INTO person VALUES ('Maud_Swift@gmail.com', 'Hunter Wilderman', '$2b$10$KjlGkoYo.X.yATkN6hl68.LZt2mYnHL6zdJuKcKH3G54LfjZ4vCmq', '510 Evangeline Mountain', 90467753, 'user', 'https://s3.amazonaws.com/uifaces/faces/twitter/igorgarybaldi/128.jpg');
INSERT INTO full_time_ct VALUES ('Maud_Swift@gmail.com');
INSERT INTO ft_specializes_in VALUES ('Maud_Swift@gmail.com', 'Burro', 14);

INSERT INTO person VALUES ('Susanna.Gulgowski72@hotmail.com', 'Lesly Blanda', '$2b$10$KjlGkoYo.X.yATkN6hl68.AnwMyTT/mi0aqOGBWeW47/1IbDUuSjK', '853 Eloy Spurs', 90102363, 'user', 'https://s3.amazonaws.com/uifaces/faces/twitter/dicesales/128.jpg');
INSERT INTO full_time_ct VALUES ('Susanna.Gulgowski72@hotmail.com');
INSERT INTO ft_specializes_in VALUES ('Susanna.Gulgowski72@hotmail.com', 'Gecko', 13);

INSERT INTO person VALUES ('Savanna.Nader98@hotmail.com', 'Julianne Anderson', '$2b$10$KjlGkoYo.X.yATkN6hl68.JKg2FYaIQec1SK3ZxnhcYPOWAb0JGna', '7406 Cameron Lodge', 90388371, 'user', 'https://s3.amazonaws.com/uifaces/faces/twitter/ratbus/128.jpg');
INSERT INTO part_time_ct VALUES ('Savanna.Nader98@hotmail.com');
INSERT INTO pt_free_schedule VALUES ('Savanna.Nader98@hotmail.com', '2020-11-05T03:41:05.919Z', '2021-05-31T16:31:36.786Z');
INSERT INTO pt_specializes_in VALUES ('Savanna.Nader98@hotmail.com', 'Horse', 9);
INSERT INTO pt_specializes_in VALUES ('Savanna.Nader98@hotmail.com', 'Pot Bellied Pig', 9);

INSERT INTO person VALUES ('Jeffry56@hotmail.com', 'Maye Schowalter', '$2b$10$KjlGkoYo.X.yATkN6hl68.NwqwjhijAAr6W9PlUuf2ZoHHhp7h7km', '9984 Oberbrunner Island', 90216292, 'user', 'https://s3.amazonaws.com/uifaces/faces/twitter/markjenkins/128.jpg');
INSERT INTO credit_card VALUES (6771895125381427, 'Jeffry56@hotmail.com', '2023-02-21T08:58:40.683Z', 227);

INSERT INTO person VALUES ('Mathew.VonRueden70@yahoo.com', 'Woodrow Senger', '$2b$10$KjlGkoYo.X.yATkN6hl68.vT2snbrDXthsI3zM93VZc4Y2APYTnZ2', '55551 Pfeffer Plains', 90807260, 'user', 'https://s3.amazonaws.com/uifaces/faces/twitter/holdenweb/128.jpg');

INSERT INTO person VALUES ('Ezequiel_Kutch@yahoo.com', 'Rosalinda Satterfield', '$2b$10$KjlGkoYo.X.yATkN6hl68.wxk2P5oj2k2JZD5VCzfDBsJmlV7zqU.', '7815 Borer Causeway', 90933894, 'user', 'https://s3.amazonaws.com/uifaces/faces/twitter/nsamoylov/128.jpg');
INSERT INTO credit_card VALUES (341709316440480, 'Ezequiel_Kutch@yahoo.com', '2023-08-02T19:13:38.148Z', 050);
INSERT INTO pet VALUES ('Layla', 'Ezequiel_Kutch@yahoo.com', 'Chinese Water Dragon', 'Libero alias consequuntur perspiciatis voluptas praesentium quia nostrum.', 'Beatae dolorem quia.');
INSERT INTO pet VALUES ('Dandre', 'Ezequiel_Kutch@yahoo.com', 'Horse', 'Pariatur qui et.', 'Ipsa ullam tenetur vitae sunt in nisi quia quas molestiae.');
INSERT INTO full_time_ct VALUES ('Ezequiel_Kutch@yahoo.com');

INSERT INTO person VALUES ('Giles_Bechtelar@yahoo.com', 'Kaden Weissnat', '$2b$10$KjlGkoYo.X.yATkN6hl68.Ep1d0.I93DK8eL1I3UmXRydvmQyAFy2', '625 Fidel Valleys', 90059091, 'user', 'https://s3.amazonaws.com/uifaces/faces/twitter/reabo101/128.jpg');

INSERT INTO person VALUES ('Kelli76@hotmail.com', 'Lulu Nikolaus', '$2b$10$KjlGkoYo.X.yATkN6hl68.GwgW7VvNpjbKs7dyWEGEFIM.STqQE/K', '34034 Cyrus Extension', 90927540, 'user', 'https://s3.amazonaws.com/uifaces/faces/twitter/heykenneth/128.jpg');
INSERT INTO part_time_ct VALUES ('Kelli76@hotmail.com');
INSERT INTO pt_free_schedule VALUES ('Kelli76@hotmail.com', '2020-11-05T10:15:30.235Z', '2021-10-28T08:20:31.556Z');

INSERT INTO person VALUES ('Bernard80@yahoo.com', 'Arielle Nienow', '$2b$10$KjlGkoYo.X.yATkN6hl68.ZWGuZJ5wINs029j7RFh1dDSMgZXmR2a', '3653 Simonis Land', 90788239, 'user', 'https://s3.amazonaws.com/uifaces/faces/twitter/kohette/128.jpg');

INSERT INTO person VALUES ('Tiana_Jast@yahoo.com', 'Alysa Bradtke', '$2b$10$KjlGkoYo.X.yATkN6hl68.WAMy30ahhrIYDsvPZjJWMR71D62ucTK', '083 Athena Lane', 90036178, 'user', 'https://s3.amazonaws.com/uifaces/faces/twitter/enricocicconi/128.jpg');
INSERT INTO full_time_ct VALUES ('Tiana_Jast@yahoo.com');
INSERT INTO ft_specializes_in VALUES ('Tiana_Jast@yahoo.com', 'Iguana', 4);

INSERT INTO person VALUES ('Prudence49@gmail.com', 'Corene Maggio', '$2b$10$KjlGkoYo.X.yATkN6hl68.kI7uc3k4QU77T6Z6YkgfQHPpnXdAImC', '03551 Lauren Mountain', 90750316, 'user', 'https://s3.amazonaws.com/uifaces/faces/twitter/gregsqueeb/128.jpg');
INSERT INTO part_time_ct VALUES ('Prudence49@gmail.com');
INSERT INTO pt_free_schedule VALUES ('Prudence49@gmail.com', '2020-11-05T10:02:11.191Z', '2021-02-06T07:27:16.059Z');

INSERT INTO person VALUES ('Ted_OKeefe55@gmail.com', 'Bradford Hettinger', '$2b$10$KjlGkoYo.X.yATkN6hl68.Uum4d3iWhPXjifJdQG3.4TGP1DOB5UC', '4488 Eudora Brook', 90870520, 'user', 'https://s3.amazonaws.com/uifaces/faces/twitter/kojourin/128.jpg');
INSERT INTO part_time_ct VALUES ('Ted_OKeefe55@gmail.com');
INSERT INTO pt_free_schedule VALUES ('Ted_OKeefe55@gmail.com', '2020-11-05T10:26:07.726Z', '2021-07-10T19:14:45.769Z');

INSERT INTO person VALUES ('Larry95@hotmail.com', 'Raven Okuneva', '$2b$10$KjlGkoYo.X.yATkN6hl68.PJlG5xZb8.KfpfDFJ2obcba2E14vrp6', '31242 Kira Inlet', 90039384, 'user', 'https://s3.amazonaws.com/uifaces/faces/twitter/calebogden/128.jpg');

INSERT INTO person VALUES ('Rossie.Heidenreich19@hotmail.com', 'Katherine Marquardt', '$2b$10$KjlGkoYo.X.yATkN6hl68.BavNQpYHdK.9JrszMPskiEACUDdtLgG', '76034 Eryn Mount', 90792923, 'user', 'https://s3.amazonaws.com/uifaces/faces/twitter/olgary/128.jpg');

INSERT INTO person VALUES ('Alphonso.White@yahoo.com', 'Arvel Stiedemann', '$2b$10$KjlGkoYo.X.yATkN6hl68.RbrFKZKcEa1sneKhrnlRAxFUV.fB9AK', '9001 Arielle Lights', 90598057, 'user', 'https://s3.amazonaws.com/uifaces/faces/twitter/anjhero/128.jpg');

INSERT INTO person VALUES ('Darrin_Muller21@hotmail.com', 'Austen Grant', '$2b$10$KjlGkoYo.X.yATkN6hl68.MTJ3JsSLvx1bHMo0BsYYsuiQ5ZwequW', '6589 Daisy Road', 90804660, 'user', 'https://s3.amazonaws.com/uifaces/faces/twitter/danmartin70/128.jpg');

INSERT INTO person VALUES ('Newell.Parker81@yahoo.com', 'Vaughn McCullough', '$2b$10$KjlGkoYo.X.yATkN6hl68./TJ8Q0LaAxbNOBb5KrwvSptKrhzebSe', '3264 Luettgen Pines', 90275310, 'user', 'https://s3.amazonaws.com/uifaces/faces/twitter/jjshaw14/128.jpg');
INSERT INTO credit_card VALUES (6767788997204865, 'Newell.Parker81@yahoo.com', '2021-09-07T21:50:14.276Z', 852);
INSERT INTO pet VALUES ('Willy', 'Newell.Parker81@yahoo.com', 'Fish', 'Expedita similique quibusdam dolor quia dolor debitis.', 'Non esse sunt totam animi cupiditate eos rerum est.');
INSERT INTO full_time_ct VALUES ('Newell.Parker81@yahoo.com');
INSERT INTO ft_specializes_in VALUES ('Newell.Parker81@yahoo.com', 'Bearded Dragon', 15);
INSERT INTO ft_specializes_in VALUES ('Newell.Parker81@yahoo.com', 'Guinea Fowl', 11);

INSERT INTO person VALUES ('Amie5@hotmail.com', 'Selina Toy', '$2b$10$KjlGkoYo.X.yATkN6hl68.VU0fPbcYYASvc8lZiL0SJlucR.oCHNG', '686 Otto Junctions', 90626914, 'user', 'https://s3.amazonaws.com/uifaces/faces/twitter/victorerixon/128.jpg');
INSERT INTO credit_card VALUES (6767514798664566, 'Amie5@hotmail.com', '2023-02-16T03:09:30.421Z', 630);
INSERT INTO pet VALUES ('Mattie', 'Amie5@hotmail.com', 'Donkey', 'Magni voluptas reiciendis.', 'Magni id aut aut deleniti dolorum ex.');
INSERT INTO pet VALUES ('Lawson', 'Amie5@hotmail.com', 'Pigeon', 'Perspiciatis aut sunt cum occaecati accusamus quia repellat minima.', 'Et excepturi dolorem beatae et vitae quas minima maxime.');

INSERT INTO person VALUES ('Cecile_Mante@gmail.com', 'Doris Ondricka', '$2b$10$KjlGkoYo.X.yATkN6hl68.j.5OsGIXffFMAX6lbiHcIFNX8J4xDeG', '2154 Effertz Points', 90544936, 'user', 'https://s3.amazonaws.com/uifaces/faces/twitter/josemarques/128.jpg');
INSERT INTO full_time_ct VALUES ('Cecile_Mante@gmail.com');
INSERT INTO ft_specializes_in VALUES ('Cecile_Mante@gmail.com', 'Chinese Water Dragon', 17);
INSERT INTO ft_specializes_in VALUES ('Cecile_Mante@gmail.com', 'Hamster', 7);
INSERT INTO ft_specializes_in VALUES ('Cecile_Mante@gmail.com', 'Hog', 13);

INSERT INTO person VALUES ('Rosamond4@yahoo.com', 'Oran Raynor', '$2b$10$KjlGkoYo.X.yATkN6hl68.uLR7iiKV.w63BbWBZQmaKmgCzUlDxhG', '430 Conroy Shores', 90569156, 'user', 'https://s3.amazonaws.com/uifaces/faces/twitter/iamkarna/128.jpg');
INSERT INTO credit_card VALUES (3529055641345261, 'Rosamond4@yahoo.com', '2024-05-16T02:52:14.020Z', 589);
INSERT INTO pet VALUES ('Cicero', 'Rosamond4@yahoo.com', 'Goat', 'Accusantium quibusdam commodi in.', 'Et suscipit inventore ut magnam quisquam unde quia iusto expedita.');

INSERT INTO person VALUES ('Lynn96@hotmail.com', 'Elena Dickens', '$2b$10$KjlGkoYo.X.yATkN6hl68.gQikCp9iWts0rQZ.KdCkDkepzXU5n0u', '534 Greenholt Harbors', 90680435, 'user', 'https://s3.amazonaws.com/uifaces/faces/twitter/arindam_/128.jpg');
INSERT INTO part_time_ct VALUES ('Lynn96@hotmail.com');
INSERT INTO pt_free_schedule VALUES ('Lynn96@hotmail.com', '2020-11-04T18:00:54.154Z', '2021-09-27T21:15:29.320Z');
INSERT INTO pt_specializes_in VALUES ('Lynn96@hotmail.com', 'Donkey', 19);
INSERT INTO pt_specializes_in VALUES ('Lynn96@hotmail.com', 'Gecko', 4);
INSERT INTO pt_specializes_in VALUES ('Lynn96@hotmail.com', 'Ponie', 1);

INSERT INTO person VALUES ('Marcelo_Denesik@hotmail.com', 'Annabelle Yundt', '$2b$10$KjlGkoYo.X.yATkN6hl68.30U35J/kfOsFw7Yyy0AaUtiNf.Peng2', '45929 Vandervort Vista', 90846263, 'user', 'https://s3.amazonaws.com/uifaces/faces/twitter/wake_gs/128.jpg');
INSERT INTO full_time_ct VALUES ('Marcelo_Denesik@hotmail.com');

INSERT INTO person VALUES ('Joey.Bruen@yahoo.com', 'America Satterfield', '$2b$10$KjlGkoYo.X.yATkN6hl68.ClND.15oAzC8rmppRe64vNIGi6lKJhu', '40674 Skylar Isle', 90841341, 'user', 'https://s3.amazonaws.com/uifaces/faces/twitter/hellofeverrrr/128.jpg');
INSERT INTO credit_card VALUES (6399249669842081, 'Joey.Bruen@yahoo.com', '2021-01-03T10:45:49.218Z', 023);

INSERT INTO person VALUES ('Monroe.Reinger@gmail.com', 'Russell Fay', '$2b$10$KjlGkoYo.X.yATkN6hl68.JdRfitWeCdOiUD./OfcekqHcRCEEHUS', '06867 Jones Rapid', 90148343, 'user', 'https://s3.amazonaws.com/uifaces/faces/twitter/okandungel/128.jpg');
INSERT INTO full_time_ct VALUES ('Monroe.Reinger@gmail.com');

INSERT INTO person VALUES ('Mozelle.Bechtelar27@gmail.com', 'Wayne Fahey', '$2b$10$KjlGkoYo.X.yATkN6hl68.LgFKDnnx37dWnedOl4gjgiU8sqGi4k2', '31853 Daugherty Heights', 90255093, 'user', 'https://s3.amazonaws.com/uifaces/faces/twitter/de_ascanio/128.jpg');
INSERT INTO credit_card VALUES (3528343747034988, 'Mozelle.Bechtelar27@gmail.com', '2021-02-23T22:02:36.443Z', 242);
INSERT INTO pet VALUES ('Kaia', 'Mozelle.Bechtelar27@gmail.com', 'Burro', 'Et est rerum ut at sed iusto.', 'Rerum cum odit est error.');
INSERT INTO pet VALUES ('Georgette', 'Mozelle.Bechtelar27@gmail.com', 'Fish', 'Optio perspiciatis ut sunt in sint.', 'Aut iste soluta at recusandae quaerat.');
INSERT INTO pet VALUES ('Alena', 'Mozelle.Bechtelar27@gmail.com', 'Chameleons (Veiled)', 'Minima similique ea.', 'Et repudiandae rerum pariatur eos quia.');

INSERT INTO person VALUES ('Jared_Pagac19@gmail.com', 'Lindsey Hilll', '$2b$10$KjlGkoYo.X.yATkN6hl68.a/suuZCoOmpIV1j6uLNKecuelBiijUq', '16181 Greenfelder Rue', 90419843, 'user', 'https://s3.amazonaws.com/uifaces/faces/twitter/teeragit/128.jpg');
INSERT INTO credit_card VALUES (379909601928378, 'Jared_Pagac19@gmail.com', '2021-05-20T18:07:52.701Z', 679);
INSERT INTO pet VALUES ('Alyson', 'Jared_Pagac19@gmail.com', 'Rabbit', 'Dolore dolorem dolorum sed omnis ducimus ea ad est.', 'Omnis facilis non at eveniet vel itaque consequatur.');
INSERT INTO pet VALUES ('Lora', 'Jared_Pagac19@gmail.com', 'Hedgehog', 'Est distinctio consequatur accusamus at.', 'Voluptatibus iure amet aliquam sit.');
INSERT INTO pet VALUES ('Krystel', 'Jared_Pagac19@gmail.com', 'Cow', 'Modi hic consectetur consequatur molestias pariatur non voluptas quasi.', 'Fugiat earum et temporibus libero nulla error sit reiciendis rerum.');
INSERT INTO full_time_ct VALUES ('Jared_Pagac19@gmail.com');

INSERT INTO person VALUES ('Madonna.Littel@yahoo.com', 'Hester Collins', '$2b$10$KjlGkoYo.X.yATkN6hl68.WGSuWomYwO58bmdwLbfroNVbp2CbedC', '1640 Rubie Wall', 90478844, 'user', 'https://s3.amazonaws.com/uifaces/faces/twitter/beshur/128.jpg');
INSERT INTO part_time_ct VALUES ('Madonna.Littel@yahoo.com');
INSERT INTO pt_free_schedule VALUES ('Madonna.Littel@yahoo.com', '2020-11-04T19:32:03.026Z', '2021-01-29T14:55:18.307Z');
INSERT INTO pt_specializes_in VALUES ('Madonna.Littel@yahoo.com', 'Fish', 12);
INSERT INTO pt_specializes_in VALUES ('Madonna.Littel@yahoo.com', 'Pig', 5);

INSERT INTO person VALUES ('Green98@gmail.com', 'Krystal Mertz', '$2b$10$KjlGkoYo.X.yATkN6hl68.4.l6G8MV9b192BaMCMheceN7HjsayNm', '093 Ferry Ferry', 90459863, 'user', 'https://s3.amazonaws.com/uifaces/faces/twitter/herrhaase/128.jpg');
INSERT INTO credit_card VALUES (4093332910680613, 'Green98@gmail.com', '2021-03-02T15:27:10.713Z', 677);
INSERT INTO pet VALUES ('Stefanie', 'Green98@gmail.com', 'Pig', 'Voluptates ad blanditiis excepturi.', 'Adipisci enim blanditiis quidem autem non harum voluptatum unde.');
INSERT INTO pet VALUES ('Freddie', 'Green98@gmail.com', 'Pig', 'Eaque qui eum doloremque modi.', 'Dolores doloribus incidunt ad est soluta.');
INSERT INTO full_time_ct VALUES ('Green98@gmail.com');
INSERT INTO ft_specializes_in VALUES ('Green98@gmail.com', 'Chameleons (Veiled)', 6);
INSERT INTO ft_specializes_in VALUES ('Green98@gmail.com', 'Chinese Water Dragon', 14);
INSERT INTO ft_specializes_in VALUES ('Green98@gmail.com', 'Iguana', 3);

INSERT INTO person VALUES ('Caroline.Bogan54@hotmail.com', 'Kallie Baumbach', '$2b$10$KjlGkoYo.X.yATkN6hl68.0QgPZ/dlsYtXt4fnxay1c7/pU6XEj9i', '1145 VonRueden Freeway', 90847318, 'user', 'https://s3.amazonaws.com/uifaces/faces/twitter/leonfedotov/128.jpg');
INSERT INTO credit_card VALUES (377360770125701, 'Caroline.Bogan54@hotmail.com', '2021-09-25T19:30:04.117Z', 038);
INSERT INTO pet VALUES ('Kenna', 'Caroline.Bogan54@hotmail.com', 'Llama', 'Non iure reprehenderit.', 'Eum laborum aut qui nemo inventore.');
INSERT INTO pet VALUES ('Otto', 'Caroline.Bogan54@hotmail.com', 'Donkey', 'Blanditiis laborum reprehenderit odit perspiciatis modi facere.', 'Non voluptate quia fuga sunt.');

INSERT INTO person VALUES ('Kasandra34@yahoo.com', 'Lottie Kiehn', '$2b$10$KjlGkoYo.X.yATkN6hl68.8p2JBx2d3ZVylVVptMc0bip/XPI8oPW', '8859 Ellen Mall', 90619239, 'user', 'https://s3.amazonaws.com/uifaces/faces/twitter/melvindidit/128.jpg');
INSERT INTO part_time_ct VALUES ('Kasandra34@yahoo.com');
INSERT INTO pt_free_schedule VALUES ('Kasandra34@yahoo.com', '2020-11-05T11:13:07.987Z', '2021-05-17T02:27:39.649Z');
INSERT INTO pt_specializes_in VALUES ('Kasandra34@yahoo.com', 'Rabbit', 1);

INSERT INTO person VALUES ('Vivianne77@gmail.com', 'Brenda Harber', '$2b$10$KjlGkoYo.X.yATkN6hl68.ENJkWIMcNntW81XSse7BqeAGkU.0mCS', '951 Hagenes Flat', 90293693, 'user', 'https://s3.amazonaws.com/uifaces/faces/twitter/madewulf/128.jpg');
INSERT INTO credit_card VALUES (30349814345885, 'Vivianne77@gmail.com', '2022-01-05T22:39:13.696Z', 593);
INSERT INTO pet VALUES ('Lucienne', 'Vivianne77@gmail.com', 'Bearded Dragon', 'Explicabo quia ullam quis fugiat architecto aut dolorem architecto molestiae.', 'Illum sapiente et illum eos dolores veniam repellendus quia.');
INSERT INTO pet VALUES ('Yvonne', 'Vivianne77@gmail.com', 'Cat', 'Beatae consequatur totam sit ab quos ea vitae sunt architecto.', 'Doloremque quo aliquam doloremque aut non sed tempora.');
INSERT INTO full_time_ct VALUES ('Vivianne77@gmail.com');
INSERT INTO ft_specializes_in VALUES ('Vivianne77@gmail.com', 'Ferret', 2);
INSERT INTO ft_specializes_in VALUES ('Vivianne77@gmail.com', 'Gecko', 6);
INSERT INTO ft_specializes_in VALUES ('Vivianne77@gmail.com', 'Llama', 1);

INSERT INTO person VALUES ('Toy.Witting@yahoo.com', 'Keenan Brakus', '$2b$10$KjlGkoYo.X.yATkN6hl68.lbrtdZo6jSxuNBmUAAaSSoAVpbqUArS', '24987 Leanne Drives', 90659115, 'user', 'https://s3.amazonaws.com/uifaces/faces/twitter/9lessons/128.jpg');
INSERT INTO part_time_ct VALUES ('Toy.Witting@yahoo.com');
INSERT INTO pt_free_schedule VALUES ('Toy.Witting@yahoo.com', '2020-11-05T04:19:21.362Z', '2021-08-09T07:05:03.399Z');

INSERT INTO person VALUES ('Daren.Haag43@gmail.com', 'Giovanna Bayer', '$2b$10$KjlGkoYo.X.yATkN6hl68.qXKqT6RvC0b9P9U1KfYh7wV8epFqCae', '826 Donnelly Ridges', 90259359, 'user', 'https://s3.amazonaws.com/uifaces/faces/twitter/begreative/128.jpg');
INSERT INTO credit_card VALUES (5018436187082711, 'Daren.Haag43@gmail.com', '2021-03-22T11:06:36.355Z', 015);

INSERT INTO person VALUES ('Tito35@hotmail.com', 'Ali Kshlerin', '$2b$10$KjlGkoYo.X.yATkN6hl68..ZtVk2aP/I154ocyu6D7Exoc5CdKlmq', '68423 Blick Crossroad', 90263670, 'user', 'https://s3.amazonaws.com/uifaces/faces/twitter/kuldarkalvik/128.jpg');

INSERT INTO person VALUES ('Elnora26@gmail.com', 'Reuben Kassulke', '$2b$10$KjlGkoYo.X.yATkN6hl68.vPXLhJKpYbHCxOg20VwaRNYIWdOrx6q', '320 OKeefe Trace', 90930390, 'user', 'https://s3.amazonaws.com/uifaces/faces/twitter/jmfsocial/128.jpg');
INSERT INTO credit_card VALUES (372941383756722, 'Elnora26@gmail.com', '2020-12-08T07:00:52.087Z', 165);
INSERT INTO pet VALUES ('Albin', 'Elnora26@gmail.com', 'Cat', 'Necessitatibus non dolores sed nihil vero iste autem.', 'Dolor et assumenda.');
INSERT INTO pet VALUES ('Bella', 'Elnora26@gmail.com', 'Rabbit', 'Vel aut soluta sunt.', 'Error qui amet esse iusto perspiciatis reprehenderit eligendi autem.');
INSERT INTO pet VALUES ('Deon', 'Elnora26@gmail.com', 'Lizard', 'Asperiores adipisci quam id reiciendis voluptas accusantium quidem aliquid ut.', 'Deleniti est sequi quod eum quia.');
INSERT INTO full_time_ct VALUES ('Elnora26@gmail.com');

INSERT INTO person VALUES ('Melisa29@yahoo.com', 'Winnifred Haley', '$2b$10$KjlGkoYo.X.yATkN6hl68.m8Pl.o8iqWkYzkQllpGNMqBWO.0Z1EO', '5307 Karli Estate', 90792085, 'user', 'https://s3.amazonaws.com/uifaces/faces/twitter/cocolero/128.jpg');

INSERT INTO person VALUES ('Dwight_Wiza@gmail.com', 'Mertie Jaskolski', '$2b$10$KjlGkoYo.X.yATkN6hl68.ZzYebiAZ7GRSA2SttRPcurFKLBxF//S', '42217 Clint Heights', 90932738, 'user', 'https://s3.amazonaws.com/uifaces/faces/twitter/marshallchen_/128.jpg');
INSERT INTO credit_card VALUES (5403473497367436, 'Dwight_Wiza@gmail.com', '2021-03-14T07:28:21.339Z', 937);
INSERT INTO pet VALUES ('Lois', 'Dwight_Wiza@gmail.com', 'Pig', 'Dolore enim omnis aliquid voluptas voluptas a voluptatem id.', 'Est sit dolore eum ut voluptas est.');
INSERT INTO pet VALUES ('Teagan', 'Dwight_Wiza@gmail.com', 'Duck', 'Blanditiis praesentium ut aut dolor dolores nostrum atque delectus animi.', 'Aut et aut nihil expedita quasi illo voluptas.');

INSERT INTO person VALUES ('Kevon.Zulauf@gmail.com', 'Noel Grimes', '$2b$10$KjlGkoYo.X.yATkN6hl68.4XTJd3ZF2hSLy/QVH.Jwt8MVV9.y03K', '2549 Geo Flat', 90321990, 'user', 'https://s3.amazonaws.com/uifaces/faces/twitter/sgaurav_baghel/128.jpg');
INSERT INTO credit_card VALUES (4175817596310199, 'Kevon.Zulauf@gmail.com', '2021-10-30T16:43:30.231Z', 940);

INSERT INTO person VALUES ('Kamryn_Haley@yahoo.com', 'Quentin Botsford', '$2b$10$KjlGkoYo.X.yATkN6hl68.lBvdXzbHEtqyxRACeV0rVA1G8k8eDbO', '800 Schimmel Spur', 90330148, 'user', 'https://s3.amazonaws.com/uifaces/faces/twitter/sawalazar/128.jpg');
INSERT INTO credit_card VALUES (4490299911623, 'Kamryn_Haley@yahoo.com', '2021-01-19T19:04:54.556Z', 280);
INSERT INTO pet VALUES ('Dandre', 'Kamryn_Haley@yahoo.com', 'Hog', 'Sapiente totam temporibus.', 'In sed ullam molestiae cupiditate.');
INSERT INTO full_time_ct VALUES ('Kamryn_Haley@yahoo.com');
INSERT INTO ft_specializes_in VALUES ('Kamryn_Haley@yahoo.com', 'Chameleons (Veiled)', 18);
INSERT INTO ft_specializes_in VALUES ('Kamryn_Haley@yahoo.com', 'Gecko', 2);

INSERT INTO person VALUES ('Gerda_Gerhold0@gmail.com', 'Brant Thiel', '$2b$10$KjlGkoYo.X.yATkN6hl68.yXBbGpAjyy1DxjYaHydljlN1hHawXk2', '21687 Frami Circle', 90812756, 'user', 'https://s3.amazonaws.com/uifaces/faces/twitter/markolschesky/128.jpg');
INSERT INTO credit_card VALUES (378530612657534, 'Gerda_Gerhold0@gmail.com', '2021-10-02T05:55:05.790Z', 744);
INSERT INTO full_time_ct VALUES ('Gerda_Gerhold0@gmail.com');
INSERT INTO ft_specializes_in VALUES ('Gerda_Gerhold0@gmail.com', 'Guinea Pig', 16);
INSERT INTO ft_specializes_in VALUES ('Gerda_Gerhold0@gmail.com', 'Peafowl', 18);

INSERT INTO person VALUES ('Dahlia.Legros81@yahoo.com', 'Bernadine Johns', '$2b$10$KjlGkoYo.X.yATkN6hl68.X6pZ/arBefO88.pZBkuVUqLymrl8uqm', '188 Perry Road', 90687858, 'user', 'https://s3.amazonaws.com/uifaces/faces/twitter/ademilter/128.jpg');

INSERT INTO person VALUES ('Chelsey.Hahn67@yahoo.com', 'Pascale Rolfson', '$2b$10$KjlGkoYo.X.yATkN6hl68.QVyvkMv.TXkYQXwSEo2FiIqdGQ7WgZq', '35288 Fritsch Camp', 90707405, 'user', 'https://s3.amazonaws.com/uifaces/faces/twitter/rickyyean/128.jpg');
INSERT INTO credit_card VALUES (6767553260385373, 'Chelsey.Hahn67@yahoo.com', '2020-11-30T17:31:22.765Z', 795);
INSERT INTO part_time_ct VALUES ('Chelsey.Hahn67@yahoo.com');
INSERT INTO pt_free_schedule VALUES ('Chelsey.Hahn67@yahoo.com', '2020-11-05T04:20:42.803Z', '2021-07-27T15:05:50.616Z');
INSERT INTO pt_specializes_in VALUES ('Chelsey.Hahn67@yahoo.com', 'Bearded Dragon', 5);

INSERT INTO person VALUES ('Augustus.VonRueden7@hotmail.com', 'Ardith Rohan', '$2b$10$KjlGkoYo.X.yATkN6hl68.Pul1N464SO.Ou9K3.Ebe8K29fvWOSZ2', '2027 Jackson Causeway', 90013578, 'user', 'https://s3.amazonaws.com/uifaces/faces/twitter/sunlandictwin/128.jpg');
INSERT INTO credit_card VALUES (6496621036472021, 'Augustus.VonRueden7@hotmail.com', '2020-11-05T18:45:10.388Z', 114);
INSERT INTO part_time_ct VALUES ('Augustus.VonRueden7@hotmail.com');
INSERT INTO pt_free_schedule VALUES ('Augustus.VonRueden7@hotmail.com', '2020-11-05T10:20:16.343Z', '2021-01-16T07:26:48.922Z');
INSERT INTO pt_specializes_in VALUES ('Augustus.VonRueden7@hotmail.com', 'Chinese Water Dragon', 13);
INSERT INTO pt_specializes_in VALUES ('Augustus.VonRueden7@hotmail.com', 'Guinea Fowl', 10);
INSERT INTO pt_specializes_in VALUES ('Augustus.VonRueden7@hotmail.com', 'Hog', 16);

INSERT INTO person VALUES ('Kaleb.Bartell@gmail.com', 'Cierra Lesch', '$2b$10$KjlGkoYo.X.yATkN6hl68.NVP6bK8ZRbMsFlIaAIQK/AuQFnLJAp2', '66485 Sporer Valleys', 90319180, 'user', 'https://s3.amazonaws.com/uifaces/faces/twitter/sachingawas/128.jpg');

INSERT INTO person VALUES ('Luisa92@gmail.com', 'Neoma Haag', '$2b$10$KjlGkoYo.X.yATkN6hl68.kP/33cnxFffGBK5.Ws1jQu8raQEPWiK', '0761 Lexi Avenue', 90709619, 'user', 'https://s3.amazonaws.com/uifaces/faces/twitter/devinhalladay/128.jpg');
INSERT INTO credit_card VALUES (6771895308373080, 'Luisa92@gmail.com', '2022-12-18T05:19:10.887Z', 692);
INSERT INTO pet VALUES ('Toby', 'Luisa92@gmail.com', 'Bearded Dragon', 'Est quisquam eaque ipsum molestias explicabo enim qui eum reprehenderit.', 'Voluptatem dolore aut vel quo recusandae non tempore voluptas sint.');
INSERT INTO pet VALUES ('Braxton', 'Luisa92@gmail.com', 'Guinea Pig', 'Molestiae nobis laudantium enim ad.', 'Delectus et repellat ex quam.');
INSERT INTO pet VALUES ('Jason', 'Luisa92@gmail.com', 'Bird', 'Aliquam ut et.', 'Aut corporis voluptatem qui et.');
INSERT INTO full_time_ct VALUES ('Luisa92@gmail.com');
INSERT INTO ft_specializes_in VALUES ('Luisa92@gmail.com', 'Bird', 12);
INSERT INTO ft_specializes_in VALUES ('Luisa92@gmail.com', 'Burro', 6);
INSERT INTO ft_specializes_in VALUES ('Luisa92@gmail.com', 'Gecko', 1);

INSERT INTO person VALUES ('Bradley_Rippin@yahoo.com', 'Kenneth Funk', '$2b$10$KjlGkoYo.X.yATkN6hl68.IGEaKX0SJAnBUTFnX/bs6U1ICYkQ9gi', '174 Weber Groves', 90408961, 'user', 'https://s3.amazonaws.com/uifaces/faces/twitter/bpartridge/128.jpg');
INSERT INTO credit_card VALUES (4090154183714, 'Bradley_Rippin@yahoo.com', '2023-03-16T20:04:52.253Z', 919);
INSERT INTO pet VALUES ('Jefferey', 'Bradley_Rippin@yahoo.com', 'Chinchilla', 'Ipsam sit inventore et alias ex sequi doloribus veniam voluptatibus.', 'Ut quia occaecati est.');
INSERT INTO pet VALUES ('Rose', 'Bradley_Rippin@yahoo.com', 'Bird', 'Repudiandae tempore est.', 'Deleniti quis nisi voluptate assumenda quibusdam ut odit aperiam omnis.');
INSERT INTO full_time_ct VALUES ('Bradley_Rippin@yahoo.com');
INSERT INTO ft_specializes_in VALUES ('Bradley_Rippin@yahoo.com', 'Hamster', 3);

INSERT INTO person VALUES ('Winifred_Schiller@gmail.com', 'Abraham Blanda', '$2b$10$KjlGkoYo.X.yATkN6hl68.8Sp.2U6ZQYaCcBjPhnzInvxkh2898mC', '165 Sabina Corner', 90033692, 'user', 'https://s3.amazonaws.com/uifaces/faces/twitter/andrewarrow/128.jpg');
INSERT INTO full_time_ct VALUES ('Winifred_Schiller@gmail.com');
INSERT INTO ft_specializes_in VALUES ('Winifred_Schiller@gmail.com', 'Horse', 1);

INSERT INTO person VALUES ('Alexandro_McLaughlin98@yahoo.com', 'Chaim Jaskolski', '$2b$10$KjlGkoYo.X.yATkN6hl68.S.NJUaE1t/6f/zKj7SnhAFA/02.LhGa', '93446 Hermann Overpass', 90157145, 'user', 'https://s3.amazonaws.com/uifaces/faces/twitter/eyronn/128.jpg');
INSERT INTO credit_card VALUES (5451557871762324, 'Alexandro_McLaughlin98@yahoo.com', '2021-01-28T04:22:33.857Z', 352);
INSERT INTO full_time_ct VALUES ('Alexandro_McLaughlin98@yahoo.com');

INSERT INTO person VALUES ('Trycia_Weissnat@yahoo.com', 'Natalia Quigley', '$2b$10$KjlGkoYo.X.yATkN6hl68.2okMkg/9LPmRq.zZ94SgkYpBuwLfqiy', '588 Hand Rapid', 90350344, 'user', 'https://s3.amazonaws.com/uifaces/faces/twitter/gipsy_raf/128.jpg');
INSERT INTO part_time_ct VALUES ('Trycia_Weissnat@yahoo.com');
INSERT INTO pt_free_schedule VALUES ('Trycia_Weissnat@yahoo.com', '2020-11-05T11:30:58.124Z', '2021-09-16T23:43:19.245Z');

INSERT INTO person VALUES ('Darien.Rolfson@gmail.com', 'Hailey Pagac', '$2b$10$KjlGkoYo.X.yATkN6hl68.9GbM9rmEh/N5BjkzkLBPX80iZO0wwta', '8913 Lura Valley', 90119720, 'user', 'https://s3.amazonaws.com/uifaces/faces/twitter/tonymillion/128.jpg');
INSERT INTO credit_card VALUES (6767052753072645, 'Darien.Rolfson@gmail.com', '2021-02-03T12:23:12.877Z', 524);
INSERT INTO pet VALUES ('Leilani', 'Darien.Rolfson@gmail.com', 'Peafowl', 'Vero accusantium maiores aut voluptatem repellendus.', 'Occaecati ex ipsum eos ipsam.');
INSERT INTO part_time_ct VALUES ('Darien.Rolfson@gmail.com');
INSERT INTO pt_free_schedule VALUES ('Darien.Rolfson@gmail.com', '2020-11-05T12:41:01.333Z', '2021-09-15T14:34:44.481Z');

INSERT INTO person VALUES ('Ben25@gmail.com', 'Ahmad Nicolas', '$2b$10$KjlGkoYo.X.yATkN6hl68..HMgLLU4sg57zNvBjYuhrFwUREn5rVS', '7201 Dalton Flat', 90954318, 'user', 'https://s3.amazonaws.com/uifaces/faces/twitter/VMilescu/128.jpg');
INSERT INTO part_time_ct VALUES ('Ben25@gmail.com');
INSERT INTO pt_free_schedule VALUES ('Ben25@gmail.com', '2020-11-05T00:37:30.476Z', '2021-07-02T23:55:03.954Z');
INSERT INTO pt_specializes_in VALUES ('Ben25@gmail.com', 'Burro', 20);
INSERT INTO pt_specializes_in VALUES ('Ben25@gmail.com', 'Dog', 4);

INSERT INTO person VALUES ('Ethelyn_Hoppe@hotmail.com', 'Ubaldo Emmerich', '$2b$10$KjlGkoYo.X.yATkN6hl68.iXp07NkGzXovc/KwnkbjdpSSqhdraFG', '708 Reilly Fort', 90364040, 'user', 'https://s3.amazonaws.com/uifaces/faces/twitter/linux29/128.jpg');
INSERT INTO part_time_ct VALUES ('Ethelyn_Hoppe@hotmail.com');
INSERT INTO pt_free_schedule VALUES ('Ethelyn_Hoppe@hotmail.com', '2020-11-04T15:28:57.053Z', '2021-03-10T18:10:06.727Z');
INSERT INTO pt_specializes_in VALUES ('Ethelyn_Hoppe@hotmail.com', 'Burro', 20);
INSERT INTO pt_specializes_in VALUES ('Ethelyn_Hoppe@hotmail.com', 'Dog', 19);
INSERT INTO pt_specializes_in VALUES ('Ethelyn_Hoppe@hotmail.com', 'Geese (Chinese Swan Goose)', 5);

INSERT INTO person VALUES ('Nelson_Sipes90@gmail.com', 'Gerry Langosh', '$2b$10$KjlGkoYo.X.yATkN6hl68.I8wIRtmXUnDWvivtiESmIATOIoBB3Nu', '872 Grover Harbor', 90268123, 'user', 'https://s3.amazonaws.com/uifaces/faces/twitter/wikiziner/128.jpg');

INSERT INTO person VALUES ('Eldred32@gmail.com', 'Callie Abbott', '$2b$10$KjlGkoYo.X.yATkN6hl68.efVj7g8QtL2o6GOJYEOOJU9yqM5VuqC', '48923 Morgan Ferry', 90657423, 'user', 'https://s3.amazonaws.com/uifaces/faces/twitter/jeremiespoken/128.jpg');
INSERT INTO credit_card VALUES (4981943477242432, 'Eldred32@gmail.com', '2020-11-30T02:54:59.407Z', 267);
INSERT INTO pet VALUES ('Andy', 'Eldred32@gmail.com', 'Guinea Fowl', 'Et voluptatum aut optio voluptas quas.', 'Ut in autem vel nihil ipsum sit nobis quibusdam et.');
INSERT INTO full_time_ct VALUES ('Eldred32@gmail.com');
INSERT INTO ft_specializes_in VALUES ('Eldred32@gmail.com', 'Donkey', 6);
INSERT INTO ft_specializes_in VALUES ('Eldred32@gmail.com', 'Hog', 8);
INSERT INTO ft_specializes_in VALUES ('Eldred32@gmail.com', 'Rabbit', 5);

INSERT INTO person VALUES ('Reyes.Bailey@yahoo.com', 'Celine Schneider', '$2b$10$KjlGkoYo.X.yATkN6hl68.IrNqOiPurZaf4l/fs1hSObsR6wON2FS', '54066 Hane Ways', 90711200, 'user', 'https://s3.amazonaws.com/uifaces/faces/twitter/dactrtr/128.jpg');
INSERT INTO credit_card VALUES (3528484660702777, 'Reyes.Bailey@yahoo.com', '2021-08-26T01:33:30.313Z', 056);
INSERT INTO pet VALUES ('Serena', 'Reyes.Bailey@yahoo.com', 'Duck', 'Aliquam dolores possimus eum molestiae necessitatibus iure quidem at repudiandae.', 'Nihil nulla labore eligendi qui.');

INSERT INTO person VALUES ('Zoie90@hotmail.com', 'Ibrahim Effertz', '$2b$10$KjlGkoYo.X.yATkN6hl68.JgyWrGQzXtFgfYx2NOA8Z11qwjZH0O.', '3647 Dayna Circles', 90610397, 'user', 'https://s3.amazonaws.com/uifaces/faces/twitter/tobysaxon/128.jpg');

INSERT INTO person VALUES ('Rafael28@hotmail.com', 'Jaunita Kreiger', '$2b$10$KjlGkoYo.X.yATkN6hl68.YVrxRJ7P7D2yAdda1tbjCV4Vrd002PC', '269 Romaguera Crest', 90139456, 'user', 'https://s3.amazonaws.com/uifaces/faces/twitter/rangafangs/128.jpg');
INSERT INTO credit_card VALUES (6771891593193921, 'Rafael28@hotmail.com', '2022-03-19T19:57:20.193Z', 400);
INSERT INTO pet VALUES ('Luella', 'Rafael28@hotmail.com', 'Goat', 'Consequuntur quia qui.', 'Voluptatem alias ab et quibusdam ratione aut repudiandae sunt.');
INSERT INTO pet VALUES ('Shea', 'Rafael28@hotmail.com', 'Chameleons (Veiled)', 'Labore voluptatem ipsum vel veniam explicabo consequatur quae suscipit et.', 'Vel minima sunt porro est officia quia.');
INSERT INTO part_time_ct VALUES ('Rafael28@hotmail.com');
INSERT INTO pt_free_schedule VALUES ('Rafael28@hotmail.com', '2020-11-05T10:49:08.856Z', '2021-03-12T07:01:06.239Z');
INSERT INTO pt_specializes_in VALUES ('Rafael28@hotmail.com', 'Burro', 16);
INSERT INTO pt_specializes_in VALUES ('Rafael28@hotmail.com', 'Chinese Water Dragon', 16);

INSERT INTO person VALUES ('Emanuel_Tremblay66@yahoo.com', 'Jettie Bauch', '$2b$10$KjlGkoYo.X.yATkN6hl68.nXGjdMEa8ZSVfYn7YvlvCEJYW6on1re', '6624 Abigail Dale', 90486623, 'user', 'https://s3.amazonaws.com/uifaces/faces/twitter/incubo82/128.jpg');
INSERT INTO credit_card VALUES (6759400577604956, 'Emanuel_Tremblay66@yahoo.com', '2022-10-29T06:29:53.380Z', 420);
INSERT INTO pet VALUES ('Nickolas', 'Emanuel_Tremblay66@yahoo.com', 'Cow', 'Quo porro ea molestiae odit id porro quaerat ab ad.', 'Non et modi illo enim.');
INSERT INTO pet VALUES ('Quincy', 'Emanuel_Tremblay66@yahoo.com', 'Gerbil', 'Ad suscipit distinctio vitae quo inventore illo odio nemo est.', 'Porro laudantium adipisci magnam nihil vero autem nobis est eveniet.');
INSERT INTO pet VALUES ('Madonna', 'Emanuel_Tremblay66@yahoo.com', 'Gerbil', 'Labore illum hic sed porro asperiores ad fugiat.', 'Et sapiente facilis nemo inventore quo deleniti tempore.');
INSERT INTO part_time_ct VALUES ('Emanuel_Tremblay66@yahoo.com');
INSERT INTO pt_free_schedule VALUES ('Emanuel_Tremblay66@yahoo.com', '2020-11-04T17:28:45.244Z', '2021-10-18T19:59:24.117Z');
INSERT INTO pt_specializes_in VALUES ('Emanuel_Tremblay66@yahoo.com', 'Cat', 8);
INSERT INTO pt_specializes_in VALUES ('Emanuel_Tremblay66@yahoo.com', 'Pot Bellied Pig', 12);

INSERT INTO person VALUES ('Marlon41@hotmail.com', 'Jakayla Stehr', '$2b$10$KjlGkoYo.X.yATkN6hl68.bRQOZWxUZPZNBLxCb3hDltrxIwlg7GW', '3032 Lowe Estate', 90128533, 'user', 'https://s3.amazonaws.com/uifaces/faces/twitter/funwatercat/128.jpg');
INSERT INTO credit_card VALUES (6395150274170161, 'Marlon41@hotmail.com', '2021-04-26T12:16:26.317Z', 885);
INSERT INTO pet VALUES ('Fermin', 'Marlon41@hotmail.com', 'Fish', 'Ipsum sint qui nulla aperiam sunt amet.', 'Quibusdam corporis nulla id dignissimos excepturi vel deleniti.');

INSERT INTO person VALUES ('Nikko.McGlynn@gmail.com', 'Tito Okuneva', '$2b$10$KjlGkoYo.X.yATkN6hl68.M80d7JfOluEaX4aQfvV0kji44KKVEcK', '263 Kuvalis Spurs', 90882689, 'user', 'https://s3.amazonaws.com/uifaces/faces/twitter/chacky14/128.jpg');
INSERT INTO credit_card VALUES (6588621356802642, 'Nikko.McGlynn@gmail.com', '2020-12-09T03:15:19.426Z', 948);
INSERT INTO pet VALUES ('Daren', 'Nikko.McGlynn@gmail.com', 'Hamster', 'Commodi debitis et doloribus cupiditate amet est.', 'Rerum voluptas aut.');

INSERT INTO person VALUES ('Katlynn.Goodwin@gmail.com', 'Janelle Hayes', '$2b$10$KjlGkoYo.X.yATkN6hl68.AylKHXqH9qKah1SlW5Icm8DtUuJPdPK', '8233 Bernardo Spurs', 90656099, 'user', 'https://s3.amazonaws.com/uifaces/faces/twitter/arashmanteghi/128.jpg');
INSERT INTO credit_card VALUES (5518001505911176, 'Katlynn.Goodwin@gmail.com', '2022-04-12T21:13:22.042Z', 589);
INSERT INTO pet VALUES ('Alan', 'Katlynn.Goodwin@gmail.com', 'Goat', 'Iure occaecati eum sed consequatur sunt qui minima totam aperiam.', 'Rerum tempore quia possimus.');
INSERT INTO pet VALUES ('Joesph', 'Katlynn.Goodwin@gmail.com', 'Bird', 'Consequatur dolor distinctio.', 'Nulla neque eveniet quam sed corrupti.');
INSERT INTO pet VALUES ('Carolina', 'Katlynn.Goodwin@gmail.com', 'Cow', 'Et assumenda soluta maxime.', 'Quo eum qui atque at.');

INSERT INTO person VALUES ('Ward78@gmail.com', 'Devonte Watsica', '$2b$10$KjlGkoYo.X.yATkN6hl68.P4riW4pC/a/l8av/14LDLlPGKqj2KUO', '375 Buckridge Village', 90887414, 'user', 'https://s3.amazonaws.com/uifaces/faces/twitter/yigitpinarbasi/128.jpg');
INSERT INTO full_time_ct VALUES ('Ward78@gmail.com');

INSERT INTO person VALUES ('Anastacio6@yahoo.com', 'Sofia Turner', '$2b$10$KjlGkoYo.X.yATkN6hl68.1JNGC0wN8cHPUcNylNmk2kYSv.8Q7Gq', '6659 Kayla Circles', 90349806, 'user', 'https://s3.amazonaws.com/uifaces/faces/twitter/91bilal/128.jpg');
INSERT INTO credit_card VALUES (6373739149913409, 'Anastacio6@yahoo.com', '2021-06-29T13:05:36.081Z', 685);
INSERT INTO pet VALUES ('Claudie', 'Anastacio6@yahoo.com', 'Pig', 'Quis minima sunt culpa velit quisquam suscipit.', 'Repudiandae voluptas facere cumque ut.');

INSERT INTO person VALUES ('Kian.Quitzon@yahoo.com', 'Danyka Abernathy', '$2b$10$KjlGkoYo.X.yATkN6hl68.ntbtGS2moM9ngyScc4P63abT79XkbnW', '695 Salma Glen', 90025570, 'user', 'https://s3.amazonaws.com/uifaces/faces/twitter/marrimo/128.jpg');
INSERT INTO part_time_ct VALUES ('Kian.Quitzon@yahoo.com');
INSERT INTO pt_free_schedule VALUES ('Kian.Quitzon@yahoo.com', '2020-11-05T02:13:08.044Z', '2021-07-09T08:36:12.729Z');

INSERT INTO person VALUES ('Alanna.Cartwright16@yahoo.com', 'Graciela Simonis', '$2b$10$KjlGkoYo.X.yATkN6hl68./VvvT.EDiPSd8pI31Ux/BzzAZrj9Wqq', '65343 Karine Stream', 90623496, 'user', 'https://s3.amazonaws.com/uifaces/faces/twitter/sangdth/128.jpg');
INSERT INTO credit_card VALUES (6762054488943525, 'Alanna.Cartwright16@yahoo.com', '2022-05-09T02:24:17.715Z', 685);
INSERT INTO pet VALUES ('Marie', 'Alanna.Cartwright16@yahoo.com', 'Chinchilla', 'Occaecati inventore labore soluta.', 'Sapiente voluptatem eveniet ut recusandae dolor est.');
INSERT INTO pet VALUES ('Clark', 'Alanna.Cartwright16@yahoo.com', 'Bird', 'Omnis est quia praesentium molestiae rem quaerat quae sapiente.', 'Vitae vero et occaecati.');

INSERT INTO person VALUES ('Jerry.Koch@gmail.com', 'Alba Upton', '$2b$10$KjlGkoYo.X.yATkN6hl68.6c/McdjD6PPEJy9fW9DdQITtNzvc.Ja', '87436 Mustafa Ridge', 90946090, 'user', 'https://s3.amazonaws.com/uifaces/faces/twitter/rikas/128.jpg');
INSERT INTO full_time_ct VALUES ('Jerry.Koch@gmail.com');
INSERT INTO ft_specializes_in VALUES ('Jerry.Koch@gmail.com', 'Chicken', 6);
INSERT INTO ft_specializes_in VALUES ('Jerry.Koch@gmail.com', 'Horse', 11);
INSERT INTO ft_specializes_in VALUES ('Jerry.Koch@gmail.com', 'Hog', 7);

INSERT INTO person VALUES ('Troy_Altenwerth40@yahoo.com', 'Ivah Casper', '$2b$10$KjlGkoYo.X.yATkN6hl68.DaEiVl13TjiQTFGl6ImgfvCdUVMxPmy', '3250 Yesenia Ridges', 90050653, 'user', 'https://s3.amazonaws.com/uifaces/faces/twitter/vitorleal/128.jpg');

INSERT INTO person VALUES ('Geraldine_Friesen@hotmail.com', 'Ana West', '$2b$10$KjlGkoYo.X.yATkN6hl68.3vsMe30ayqkGkc4iHVKeRKlEQd8QwCC', '265 Beer Pine', 90703172, 'user', 'https://s3.amazonaws.com/uifaces/faces/twitter/nerdgr8/128.jpg');

INSERT INTO person VALUES ('Penelope.Conn@hotmail.com', 'Adrianna Brekke', '$2b$10$KjlGkoYo.X.yATkN6hl68..6PexH/wyqxGfK9oY7X6NIrRUObaaNq', '99449 Pacocha Stravenue', 90110400, 'user', 'https://s3.amazonaws.com/uifaces/faces/twitter/zauerkraut/128.jpg');
INSERT INTO credit_card VALUES (30446025104923, 'Penelope.Conn@hotmail.com', '2021-07-22T02:48:26.828Z', 039);
INSERT INTO pet VALUES ('Myrtice', 'Penelope.Conn@hotmail.com', 'Bird', 'In in consequatur nemo.', 'Illum nihil qui qui rerum illo iste culpa.');
INSERT INTO pet VALUES ('Christy', 'Penelope.Conn@hotmail.com', 'Cat', 'Quasi perspiciatis sapiente reprehenderit aliquam veritatis ratione dolorum.', 'Omnis qui quaerat et consequatur eos omnis nostrum.');
INSERT INTO pet VALUES ('Harmon', 'Penelope.Conn@hotmail.com', 'Gerbil', 'Sunt quisquam deserunt exercitationem unde illo porro.', 'Autem voluptate et.');
INSERT INTO full_time_ct VALUES ('Penelope.Conn@hotmail.com');
INSERT INTO ft_specializes_in VALUES ('Penelope.Conn@hotmail.com', 'Ponie', 3);

INSERT INTO person VALUES ('Fay_Nitzsche@hotmail.com', 'Dillon Haley', '$2b$10$KjlGkoYo.X.yATkN6hl68.A6xJbFIvZ0ke2kG0nADdJIsTGc6YFXK', '4582 Murphy Highway', 90876566, 'user', 'https://s3.amazonaws.com/uifaces/faces/twitter/raphaelnikson/128.jpg');
INSERT INTO credit_card VALUES (4431061760574294, 'Fay_Nitzsche@hotmail.com', '2024-08-01T17:43:27.758Z', 475);
INSERT INTO pet VALUES ('Maggie', 'Fay_Nitzsche@hotmail.com', 'Hamster', 'Maiores qui iste libero qui quia quod at ipsum.', 'Praesentium nulla itaque sint recusandae.');
INSERT INTO pet VALUES ('Alisa', 'Fay_Nitzsche@hotmail.com', 'Llama', 'Impedit eum voluptates.', 'Quis amet illum corporis earum inventore assumenda aut maxime.');
INSERT INTO pet VALUES ('Harrison', 'Fay_Nitzsche@hotmail.com', 'Iguana', 'Dicta voluptates enim.', 'Alias fuga autem.');

INSERT INTO person VALUES ('Brandon93@hotmail.com', 'Kevin Treutel', '$2b$10$KjlGkoYo.X.yATkN6hl68..QwBMJKQnajXCPTPX8/7AO3ewXv9b4K', '31908 Daugherty Alley', 90453136, 'user', 'https://s3.amazonaws.com/uifaces/faces/twitter/thomasgeisen/128.jpg');

INSERT INTO person VALUES ('Halie.Schinner@gmail.com', 'Edward Hammes', '$2b$10$KjlGkoYo.X.yATkN6hl68.rXzEiFekNBBy3f8WkltfLmWMrk7Fo32', '57802 Sydnie Keys', 90909739, 'user', 'https://s3.amazonaws.com/uifaces/faces/twitter/bertboerland/128.jpg');
INSERT INTO credit_card VALUES (4732104413006, 'Halie.Schinner@gmail.com', '2021-08-06T01:24:53.326Z', 593);
INSERT INTO pet VALUES ('Neva', 'Halie.Schinner@gmail.com', 'Chinese Water Dragon', 'Explicabo consectetur omnis ab rem omnis tenetur expedita doloremque commodi.', 'Porro fugiat libero quidem repellendus.');
INSERT INTO pet VALUES ('Manuel', 'Halie.Schinner@gmail.com', 'Iguana', 'Nostrum pariatur laboriosam enim fuga.', 'Non rerum rerum ut molestiae quia.');

INSERT INTO person VALUES ('Cali_Nader@gmail.com', 'Lenny Cole', '$2b$10$KjlGkoYo.X.yATkN6hl68.6o7EQBS8V42PGBWQI1bv3yx9TZFdRay', '3350 Feil Springs', 90285192, 'user', 'https://s3.amazonaws.com/uifaces/faces/twitter/mrjamesnoble/128.jpg');
INSERT INTO credit_card VALUES (379021902304347, 'Cali_Nader@gmail.com', '2023-02-17T20:32:22.868Z', 744);
INSERT INTO pet VALUES ('Vesta', 'Cali_Nader@gmail.com', 'Pigeon', 'Et quia ut est et vero.', 'Qui molestias qui quis.');
INSERT INTO pet VALUES ('Tianna', 'Cali_Nader@gmail.com', 'Ponie', 'Temporibus sit neque ea.', 'Dolor odio earum quis ea delectus et consequatur et quam.');
INSERT INTO pet VALUES ('Lavada', 'Cali_Nader@gmail.com', 'Horse', 'Veniam voluptatem velit et eveniet rem totam aut deleniti.', 'Vel id deleniti.');
INSERT INTO part_time_ct VALUES ('Cali_Nader@gmail.com');
INSERT INTO pt_free_schedule VALUES ('Cali_Nader@gmail.com', '2020-11-05T00:43:53.080Z', '2021-07-29T13:44:58.436Z');
INSERT INTO pt_specializes_in VALUES ('Cali_Nader@gmail.com', 'Duck', 19);
INSERT INTO pt_specializes_in VALUES ('Cali_Nader@gmail.com', 'Horse', 3);

INSERT INTO person VALUES ('Joshua.Barton88@yahoo.com', 'Yadira Rath', '$2b$10$KjlGkoYo.X.yATkN6hl68.GU48nUxzpmfv1BOdPNlqGixQiaGyBrO', '5934 Kailyn Square', 90529283, 'user', 'https://s3.amazonaws.com/uifaces/faces/twitter/dnezkumar/128.jpg');
INSERT INTO credit_card VALUES (6759646489558772, 'Joshua.Barton88@yahoo.com', '2021-08-13T16:34:20.904Z', 553);
INSERT INTO pet VALUES ('Geraldine', 'Joshua.Barton88@yahoo.com', 'Ponie', 'Eaque perspiciatis quo.', 'Vitae deleniti et quae.');

INSERT INTO person VALUES ('Ivah.Weissnat59@hotmail.com', 'Allan Rowe', '$2b$10$KjlGkoYo.X.yATkN6hl68.UQEdrjrtyVcZJ4vfv/EODc0AGbWdrRK', '46608 Langworth Alley', 90503110, 'user', 'https://s3.amazonaws.com/uifaces/faces/twitter/martip07/128.jpg');
INSERT INTO part_time_ct VALUES ('Ivah.Weissnat59@hotmail.com');
INSERT INTO pt_free_schedule VALUES ('Ivah.Weissnat59@hotmail.com', '2020-11-05T11:47:51.364Z', '2021-08-21T06:33:16.878Z');
INSERT INTO pt_specializes_in VALUES ('Ivah.Weissnat59@hotmail.com', 'Geese (Chinese Swan Goose)', 11);

INSERT INTO person VALUES ('Jamie.Considine55@hotmail.com', 'Jamal Bernhard', '$2b$10$KjlGkoYo.X.yATkN6hl68.ccgKlPjsUm28UcRj6ib8cRwrkLfeYXi', '6229 Graham Mall', 90198988, 'user', 'https://s3.amazonaws.com/uifaces/faces/twitter/vaughanmoffitt/128.jpg');
INSERT INTO credit_card VALUES (378118010853261, 'Jamie.Considine55@hotmail.com', '2021-03-15T18:07:18.100Z', 331);
INSERT INTO full_time_ct VALUES ('Jamie.Considine55@hotmail.com');
INSERT INTO ft_specializes_in VALUES ('Jamie.Considine55@hotmail.com', 'Peafowl', 0);

INSERT INTO person VALUES ('Dalton.Funk@gmail.com', 'Carter Blick', '$2b$10$KjlGkoYo.X.yATkN6hl68.eXn5rKo6jvAnmSj1Ccbvr2kZfsvloZS', '9908 Abshire Stravenue', 90859282, 'user', 'https://s3.amazonaws.com/uifaces/faces/twitter/alan_zhang_/128.jpg');
INSERT INTO credit_card VALUES (373315952472315, 'Dalton.Funk@gmail.com', '2020-11-22T18:30:53.169Z', 928);
INSERT INTO pet VALUES ('Cordell', 'Dalton.Funk@gmail.com', 'Goat', 'Et quos animi quo ducimus animi et quis.', 'Eos omnis odio accusantium eaque error animi quia.');
INSERT INTO pet VALUES ('Marilie', 'Dalton.Funk@gmail.com', 'Hedgehog', 'Necessitatibus necessitatibus beatae.', 'Dolor eos itaque.');
INSERT INTO part_time_ct VALUES ('Dalton.Funk@gmail.com');
INSERT INTO pt_free_schedule VALUES ('Dalton.Funk@gmail.com', '2020-11-05T08:57:23.062Z', '2021-08-10T22:38:31.287Z');
INSERT INTO pt_specializes_in VALUES ('Dalton.Funk@gmail.com', 'Chinese Water Dragon', 5);
INSERT INTO pt_specializes_in VALUES ('Dalton.Funk@gmail.com', 'Donkey', 7);
INSERT INTO pt_specializes_in VALUES ('Dalton.Funk@gmail.com', 'Lizard', 8);

INSERT INTO person VALUES ('Kobe65@hotmail.com', 'Pietro Block', '$2b$10$KjlGkoYo.X.yATkN6hl68.rLCNS7lbk7.LLoIg3dpMoZtWINe6Um6', '627 Bailey Roads', 90253616, 'user', 'https://s3.amazonaws.com/uifaces/faces/twitter/yayteejay/128.jpg');
INSERT INTO credit_card VALUES (349631549895019, 'Kobe65@hotmail.com', '2022-09-12T22:17:07.334Z', 594);
INSERT INTO pet VALUES ('Myrna', 'Kobe65@hotmail.com', 'Hamster', 'Officia ut eum omnis nobis.', 'Quia ut rerum vitae quas est.');

INSERT INTO person VALUES ('Alvah.Schuppe@yahoo.com', 'Elroy Bosco', '$2b$10$KjlGkoYo.X.yATkN6hl68.JMoxNuoiGGMg8fC6gVmKRtc7X3MMHRC', '20532 Boyle Overpass', 90216541, 'user', 'https://s3.amazonaws.com/uifaces/faces/twitter/eyronn/128.jpg');
INSERT INTO credit_card VALUES (6771895119925247, 'Alvah.Schuppe@yahoo.com', '2021-03-20T23:39:16.332Z', 682);

INSERT INTO person VALUES ('Henderson.Larson72@hotmail.com', 'Scotty Heathcote', '$2b$10$KjlGkoYo.X.yATkN6hl68.fUM.g.JqYZ5jJHnoK0ThVYV4NqHxqNK', '63697 Schuppe Glen', 90449363, 'user', 'https://s3.amazonaws.com/uifaces/faces/twitter/badlittleduck/128.jpg');
INSERT INTO credit_card VALUES (4789119788454830, 'Henderson.Larson72@hotmail.com', '2022-06-05T17:17:24.171Z', 067);
INSERT INTO pet VALUES ('Lisa', 'Henderson.Larson72@hotmail.com', 'Cat', 'Fugit quia nemo et ut magnam nobis.', 'Et in quidem.');
INSERT INTO pet VALUES ('Reese', 'Henderson.Larson72@hotmail.com', 'Chinchilla', 'Repellat aliquam qui odit.', 'Rerum id similique sequi sit dolores.');

INSERT INTO person VALUES ('Donnell.Wintheiser@gmail.com', 'Piper Dietrich', '$2b$10$KjlGkoYo.X.yATkN6hl68.Ygkw9x54QIs6B2RKUM0HFK1MTnLwJQi', '50730 Feeney View', 90979223, 'user', 'https://s3.amazonaws.com/uifaces/faces/twitter/rehatkathuria/128.jpg');
INSERT INTO part_time_ct VALUES ('Donnell.Wintheiser@gmail.com');
INSERT INTO pt_free_schedule VALUES ('Donnell.Wintheiser@gmail.com', '2020-11-05T10:47:27.362Z', '2020-12-11T08:36:28.110Z');

INSERT INTO person VALUES ('Pat.Bosco@yahoo.com', 'Luella Zboncak', '$2b$10$KjlGkoYo.X.yATkN6hl68.Mjlpv0/K04gPSwIX5OZwPjAz4zavq4a', '0468 Bradtke Manors', 90703985, 'user', 'https://s3.amazonaws.com/uifaces/faces/twitter/wtrsld/128.jpg');

INSERT INTO person VALUES ('Nikolas54@gmail.com', 'Omer Ullrich', '$2b$10$KjlGkoYo.X.yATkN6hl68.Z01cxgPzECpDN9Rsoib/FcpSCrN1cQm', '0505 Verla Walks', 90907489, 'user', 'https://s3.amazonaws.com/uifaces/faces/twitter/kkusaa/128.jpg');
INSERT INTO credit_card VALUES (30033750364243, 'Nikolas54@gmail.com', '2021-11-18T11:37:23.914Z', 977);
INSERT INTO pet VALUES ('Wilfrid', 'Nikolas54@gmail.com', 'Pig', 'Dolore aliquam cum molestiae.', 'Dicta ea nostrum et fuga est repellendus.');
INSERT INTO pet VALUES ('Nash', 'Nikolas54@gmail.com', 'Horse', 'Ex ipsam sint ut quia delectus.', 'Et eligendi porro dolores.');
INSERT INTO full_time_ct VALUES ('Nikolas54@gmail.com');
INSERT INTO ft_specializes_in VALUES ('Nikolas54@gmail.com', 'Chameleons (Veiled)', 18);
INSERT INTO ft_specializes_in VALUES ('Nikolas54@gmail.com', 'Hedgehog', 5);
INSERT INTO ft_specializes_in VALUES ('Nikolas54@gmail.com', 'Lizard', 19);

INSERT INTO person VALUES ('Brandon64@hotmail.com', 'Nathanael Miller', '$2b$10$KjlGkoYo.X.yATkN6hl68.HA3Zcays84wakAYxYyvoCUbQadyUPrW', '1462 Lucas Corners', 90885150, 'user', 'https://s3.amazonaws.com/uifaces/faces/twitter/jedbridges/128.jpg');

INSERT INTO person VALUES ('Jonatan28@yahoo.com', 'Terrill Sipes', '$2b$10$KjlGkoYo.X.yATkN6hl68.JdbP47MuxDGGuyTESpFmAYE3srpYUha', '479 Brett Mount', 90270290, 'user', 'https://s3.amazonaws.com/uifaces/faces/twitter/thaisselenator_/128.jpg');

INSERT INTO person VALUES ('Walter39@gmail.com', 'Francesca Gerlach', '$2b$10$KjlGkoYo.X.yATkN6hl68.NVKDVkQB3v2ULrYuWL0dfrsZLSZTK4y', '40045 Goyette Plaza', 90223486, 'user', 'https://s3.amazonaws.com/uifaces/faces/twitter/marshallchen_/128.jpg');

INSERT INTO person VALUES ('Gisselle19@hotmail.com', 'Alf Borer', '$2b$10$KjlGkoYo.X.yATkN6hl68.Tdpo3atX7nOUeb..XEtOwO2yVgk5hVS', '94799 Creola Meadows', 90089075, 'user', 'https://s3.amazonaws.com/uifaces/faces/twitter/madebyvadim/128.jpg');

INSERT INTO person VALUES ('Tyrese_Bartoletti10@hotmail.com', 'Elisa Lockman', '$2b$10$KjlGkoYo.X.yATkN6hl68.XrSEjhGj0QSm1IQRZojHMD0F0d6.qFS', '580 Darion Harbor', 90363390, 'user', 'https://s3.amazonaws.com/uifaces/faces/twitter/tur8le/128.jpg');
INSERT INTO credit_card VALUES (5179120252649684, 'Tyrese_Bartoletti10@hotmail.com', '2021-03-14T12:52:59.100Z', 769);
INSERT INTO pet VALUES ('Moriah', 'Tyrese_Bartoletti10@hotmail.com', 'Fish', 'Qui saepe harum fugit reprehenderit.', 'Modi sed laboriosam harum maxime et fugit officiis.');
INSERT INTO full_time_ct VALUES ('Tyrese_Bartoletti10@hotmail.com');
INSERT INTO ft_specializes_in VALUES ('Tyrese_Bartoletti10@hotmail.com', 'Mule', 12);

INSERT INTO person VALUES ('Maymie5@yahoo.com', 'Alec Mayert', '$2b$10$KjlGkoYo.X.yATkN6hl68.n2mQ8kYJNZk9QGUkYufPj/zpZL3hFNy', '697 Mueller Coves', 90985924, 'user', 'https://s3.amazonaws.com/uifaces/faces/twitter/iamkeithmason/128.jpg');
INSERT INTO credit_card VALUES (6487624838264705, 'Maymie5@yahoo.com', '2021-04-09T03:06:02.778Z', 166);
INSERT INTO pet VALUES ('Gwen', 'Maymie5@yahoo.com', 'Donkey', 'Quis ut aut facere sequi ducimus.', 'Ducimus temporibus expedita qui quam ut.');
INSERT INTO pet VALUES ('Blanca', 'Maymie5@yahoo.com', 'Peafowl', 'Sunt quis assumenda est maxime sed asperiores ratione quis aut.', 'Ipsum eveniet laborum.');
INSERT INTO pet VALUES ('Luz', 'Maymie5@yahoo.com', 'Gerbil', 'Est sequi earum sit quam explicabo quod blanditiis rerum.', 'Qui ratione nisi sunt odio quia porro iusto.');
INSERT INTO full_time_ct VALUES ('Maymie5@yahoo.com');
INSERT INTO ft_specializes_in VALUES ('Maymie5@yahoo.com', 'Llama', 9);

INSERT INTO person VALUES ('Crystel_Will22@yahoo.com', 'Marjorie Torp', '$2b$10$KjlGkoYo.X.yATkN6hl68.b5/0iyJTvpUyYM70UtSPvuSQ6WADZyq', '55983 Gutmann Inlet', 90578704, 'user', 'https://s3.amazonaws.com/uifaces/faces/twitter/alexivanichkin/128.jpg');

INSERT INTO person VALUES ('Mathias87@hotmail.com', 'Nathen Kris', '$2b$10$KjlGkoYo.X.yATkN6hl68.QZJR.QqhcbhXXrSYyKp7/F4j6Xglm6y', '8623 Hickle Manors', 90720660, 'user', 'https://s3.amazonaws.com/uifaces/faces/twitter/danmartin70/128.jpg');
INSERT INTO full_time_ct VALUES ('Mathias87@hotmail.com');
INSERT INTO ft_specializes_in VALUES ('Mathias87@hotmail.com', 'Fish', 0);
INSERT INTO ft_specializes_in VALUES ('Mathias87@hotmail.com', 'Mule', 17);

INSERT INTO person VALUES ('Angie.McClure@hotmail.com', 'Benedict Zulauf', '$2b$10$KjlGkoYo.X.yATkN6hl68.XThfGeyjqwSyD9tMDeXscgy.eCYtqx.', '066 Favian Lodge', 90835065, 'user', 'https://s3.amazonaws.com/uifaces/faces/twitter/bighanddesign/128.jpg');
INSERT INTO part_time_ct VALUES ('Angie.McClure@hotmail.com');
INSERT INTO pt_free_schedule VALUES ('Angie.McClure@hotmail.com', '2020-11-04T17:26:10.965Z', '2021-10-12T02:44:09.734Z');

INSERT INTO person VALUES ('Dandre.Powlowski@gmail.com', 'Timmothy Adams', '$2b$10$KjlGkoYo.X.yATkN6hl68.VwAdf45OKCIWTQM9WIiqyRnjbFGd8vO', '3615 Sawayn Curve', 90777370, 'user', 'https://s3.amazonaws.com/uifaces/faces/twitter/dansowter/128.jpg');
INSERT INTO full_time_ct VALUES ('Dandre.Powlowski@gmail.com');
INSERT INTO ft_specializes_in VALUES ('Dandre.Powlowski@gmail.com', 'Duck', 15);
INSERT INTO ft_specializes_in VALUES ('Dandre.Powlowski@gmail.com', 'Horse', 20);
INSERT INTO ft_specializes_in VALUES ('Dandre.Powlowski@gmail.com', 'Rabbit', 19);

INSERT INTO person VALUES ('Malika48@yahoo.com', 'Lazaro Johns', '$2b$10$KjlGkoYo.X.yATkN6hl68.UngoNlzIGiPMz94gxuFM97wI.dceLMe', '05687 Elinor Pike', 90865513, 'user', 'https://s3.amazonaws.com/uifaces/faces/twitter/eugeneeweb/128.jpg');

INSERT INTO person VALUES ('Dahlia10@hotmail.com', 'Judge Roob', '$2b$10$KjlGkoYo.X.yATkN6hl68.sBckvC18NDxRHSF3Apfn6DIdlTQjnCe', '751 Durgan Lane', 90904691, 'user', 'https://s3.amazonaws.com/uifaces/faces/twitter/thaisselenator_/128.jpg');

INSERT INTO person VALUES ('Gerhard.Bahringer75@hotmail.com', 'Leda Watsica', '$2b$10$KjlGkoYo.X.yATkN6hl68.rSjId0WYi/N.XAHwayr60XZ7Af2kKzW', '122 Sauer Oval', 90691477, 'user', 'https://s3.amazonaws.com/uifaces/faces/twitter/kolmarlopez/128.jpg');
INSERT INTO credit_card VALUES (6759330617778123, 'Gerhard.Bahringer75@hotmail.com', '2023-04-10T16:28:15.948Z', 040);
INSERT INTO pet VALUES ('Brenda', 'Gerhard.Bahringer75@hotmail.com', 'Mule', 'Fugit consectetur ut.', 'Quo repudiandae et deleniti et expedita voluptatem nisi consequatur eos.');
INSERT INTO pet VALUES ('Shannon', 'Gerhard.Bahringer75@hotmail.com', 'Hog', 'Ab temporibus quia veniam quas blanditiis sunt.', 'Eos asperiores rerum ducimus.');
INSERT INTO pet VALUES ('Marlon', 'Gerhard.Bahringer75@hotmail.com', 'Iguana', 'Ut explicabo qui optio veniam earum sit fugit sed.', 'Aut eum exercitationem consectetur adipisci corrupti ex blanditiis sapiente officiis.');
INSERT INTO part_time_ct VALUES ('Gerhard.Bahringer75@hotmail.com');
INSERT INTO pt_free_schedule VALUES ('Gerhard.Bahringer75@hotmail.com', '2020-11-05T10:05:45.593Z', '2021-04-22T16:41:38.741Z');
INSERT INTO pt_specializes_in VALUES ('Gerhard.Bahringer75@hotmail.com', 'Donkey', 20);
INSERT INTO pt_specializes_in VALUES ('Gerhard.Bahringer75@hotmail.com', 'Peafowl', 4);
INSERT INTO pt_specializes_in VALUES ('Gerhard.Bahringer75@hotmail.com', 'Ponie', 3);

INSERT INTO person VALUES ('Angelo30@yahoo.com', 'Willis Bergnaum', '$2b$10$KjlGkoYo.X.yATkN6hl68.BBYff384Hb5SkUOAbex4UgoYS7pjJP2', '76120 Devin Via', 90697170, 'user', 'https://s3.amazonaws.com/uifaces/faces/twitter/el_fuertisimo/128.jpg');
INSERT INTO credit_card VALUES (6771198227784831, 'Angelo30@yahoo.com', '2022-01-14T04:26:15.880Z', 498);
INSERT INTO pet VALUES ('Dexter', 'Angelo30@yahoo.com', 'Hamster', 'Sunt ex quia voluptatem omnis.', 'Qui placeat asperiores nisi id explicabo est iusto.');

INSERT INTO person VALUES ('Ressie26@hotmail.com', 'Watson Parisian', '$2b$10$KjlGkoYo.X.yATkN6hl68.oa83M03Ct1Ov8dbIx5hF5.kfhKeSP1a', '47643 Meredith Highway', 90936342, 'user', 'https://s3.amazonaws.com/uifaces/faces/twitter/ariil/128.jpg');
INSERT INTO credit_card VALUES (6767375508710521, 'Ressie26@hotmail.com', '2020-11-29T09:58:54.015Z', 816);
INSERT INTO pet VALUES ('Claud', 'Ressie26@hotmail.com', 'Hedgehog', 'Velit ad non debitis.', 'Labore explicabo amet quas.');
INSERT INTO pet VALUES ('Alvah', 'Ressie26@hotmail.com', 'Chinese Water Dragon', 'Voluptas labore similique totam ea.', 'Assumenda ullam pariatur impedit fugit.');
INSERT INTO pet VALUES ('Zion', 'Ressie26@hotmail.com', 'Pigeon', 'Aut atque odit.', 'Dolores optio in est.');
INSERT INTO part_time_ct VALUES ('Ressie26@hotmail.com');
INSERT INTO pt_free_schedule VALUES ('Ressie26@hotmail.com', '2020-11-05T07:28:46.691Z', '2021-07-18T23:22:12.214Z');
INSERT INTO pt_specializes_in VALUES ('Ressie26@hotmail.com', 'Dog', 20);
INSERT INTO pt_specializes_in VALUES ('Ressie26@hotmail.com', 'Hedgehog', 17);

INSERT INTO person VALUES ('Ima.Hand@yahoo.com', 'Beau Kunze', '$2b$10$KjlGkoYo.X.yATkN6hl68.uWqO/6AZEMzqtm0T3lKuCC3WLbLENH.', '558 OKon Summit', 90261387, 'user', 'https://s3.amazonaws.com/uifaces/faces/twitter/michaelcolenso/128.jpg');
INSERT INTO part_time_ct VALUES ('Ima.Hand@yahoo.com');
INSERT INTO pt_free_schedule VALUES ('Ima.Hand@yahoo.com', '2020-11-05T00:51:00.248Z', '2021-10-28T21:21:10.671Z');
INSERT INTO pt_specializes_in VALUES ('Ima.Hand@yahoo.com', 'Hog', 7);

INSERT INTO person VALUES ('Verona.Skiles37@gmail.com', 'Delphia Ryan', '$2b$10$KjlGkoYo.X.yATkN6hl68.IA9QTiRveKpNcnpVT0rdN67g0KiF.9m', '60628 Estell Inlet', 90889416, 'user', 'https://s3.amazonaws.com/uifaces/faces/twitter/nemanjaivanovic/128.jpg');
INSERT INTO credit_card VALUES (6767885472520479, 'Verona.Skiles37@gmail.com', '2025-07-31T09:44:57.598Z', 519);
INSERT INTO pet VALUES ('Albert', 'Verona.Skiles37@gmail.com', 'Peafowl', 'Quisquam animi in sunt.', 'Et magni et occaecati neque doloremque.');

INSERT INTO person VALUES ('Lester_Fadel94@gmail.com', 'Kristina Wolf', '$2b$10$KjlGkoYo.X.yATkN6hl68.u55875.uf3FAPtiPFr7SOTY02QpoeRW', '3238 Jovan Crossroad', 90487967, 'user', 'https://s3.amazonaws.com/uifaces/faces/twitter/robergd/128.jpg');
INSERT INTO credit_card VALUES (4301595735508264, 'Lester_Fadel94@gmail.com', '2021-06-04T23:19:22.505Z', 117);
INSERT INTO pet VALUES ('Nichole', 'Lester_Fadel94@gmail.com', 'Ponie', 'Officiis voluptatibus similique fuga sit.', 'Et sit aut ut quos.');
INSERT INTO part_time_ct VALUES ('Lester_Fadel94@gmail.com');
INSERT INTO pt_free_schedule VALUES ('Lester_Fadel94@gmail.com', '2020-11-05T04:25:56.707Z', '2021-09-19T08:24:06.527Z');
INSERT INTO pt_specializes_in VALUES ('Lester_Fadel94@gmail.com', 'Hamster', 3);
INSERT INTO pt_specializes_in VALUES ('Lester_Fadel94@gmail.com', 'Pig', 5);

INSERT INTO person VALUES ('Jayda89@hotmail.com', 'Parker Homenick', '$2b$10$KjlGkoYo.X.yATkN6hl68.jA9zaIANVCroCZND0O4DHzB7ObrzdlW', '6705 Oberbrunner Brook', 90273799, 'user', 'https://s3.amazonaws.com/uifaces/faces/twitter/Skyhartman/128.jpg');
INSERT INTO full_time_ct VALUES ('Jayda89@hotmail.com');
INSERT INTO ft_specializes_in VALUES ('Jayda89@hotmail.com', 'Chinchilla', 3);
INSERT INTO ft_specializes_in VALUES ('Jayda89@hotmail.com', 'Hedgehog', 10);
INSERT INTO ft_specializes_in VALUES ('Jayda89@hotmail.com', 'Pig', 17);

INSERT INTO person VALUES ('Roger93@hotmail.com', 'Hassie Considine', '$2b$10$KjlGkoYo.X.yATkN6hl68.zx.BghLxEbWGzrgVlXoajz7sMDDgMi.', '563 Satterfield Green', 90445341, 'user', 'https://s3.amazonaws.com/uifaces/faces/twitter/travishines/128.jpg');
INSERT INTO credit_card VALUES (6771894603739160, 'Roger93@hotmail.com', '2021-10-01T12:36:26.363Z', 254);
INSERT INTO pet VALUES ('Sabina', 'Roger93@hotmail.com', 'Cow', 'Sed perferendis recusandae rem officia laborum a quisquam.', 'Cupiditate sunt quis ipsa.');
INSERT INTO pet VALUES ('Clotilde', 'Roger93@hotmail.com', 'Mice', 'Perspiciatis ab aut molestias asperiores non incidunt quam voluptatem explicabo.', 'Dolore aut modi aliquid ut odio at.');
INSERT INTO pet VALUES ('Dudley', 'Roger93@hotmail.com', 'Ferret', 'Consectetur repellat aut quidem a qui delectus sed.', 'Et nostrum voluptas.');

INSERT INTO person VALUES ('Karelle_Hartmann@hotmail.com', 'Gerardo Shanahan', '$2b$10$KjlGkoYo.X.yATkN6hl68.PTUqvjschSKVQ2zw2NaBd682XNCHWc6', '465 Orval Walk', 90952416, 'user', 'https://s3.amazonaws.com/uifaces/faces/twitter/mashaaaaal/128.jpg');
INSERT INTO part_time_ct VALUES ('Karelle_Hartmann@hotmail.com');
INSERT INTO pt_free_schedule VALUES ('Karelle_Hartmann@hotmail.com', '2020-11-04T15:49:42.683Z', '2021-06-08T16:18:06.389Z');
INSERT INTO pt_specializes_in VALUES ('Karelle_Hartmann@hotmail.com', 'Chameleons (Veiled)', 6);
INSERT INTO pt_specializes_in VALUES ('Karelle_Hartmann@hotmail.com', 'Ferret', 7);
INSERT INTO pt_specializes_in VALUES ('Karelle_Hartmann@hotmail.com', 'Pot Bellied Pig', 3);

INSERT INTO person VALUES ('Margarete1@hotmail.com', 'Camila Wehner', '$2b$10$KjlGkoYo.X.yATkN6hl68..r4fx5rRy.vDdf1aO5Ot.li/CUT7xmK', '465 Keira Neck', 90580813, 'user', 'https://s3.amazonaws.com/uifaces/faces/twitter/carbontwelve/128.jpg');
INSERT INTO credit_card VALUES (5283109895070597, 'Margarete1@hotmail.com', '2022-08-13T07:11:28.201Z', 152);
INSERT INTO pet VALUES ('Ansley', 'Margarete1@hotmail.com', 'Geese (Chinese Swan Goose)', 'Laborum officiis ut molestiae aut.', 'Nesciunt sequi praesentium deserunt culpa dolore aliquid vero et dignissimos.');
INSERT INTO pet VALUES ('Alfonso', 'Margarete1@hotmail.com', 'Cat', 'Quasi aliquid molestiae commodi quaerat nobis quia adipisci at magni.', 'In aut expedita est quis sapiente ea sit voluptas non.');
INSERT INTO pet VALUES ('Dino', 'Margarete1@hotmail.com', 'Pigeon', 'Aut quo sunt est.', 'Delectus facere iusto quo ut placeat.');
INSERT INTO part_time_ct VALUES ('Margarete1@hotmail.com');
INSERT INTO pt_free_schedule VALUES ('Margarete1@hotmail.com', '2020-11-04T15:41:38.117Z', '2020-12-20T02:59:56.125Z');
INSERT INTO pt_specializes_in VALUES ('Margarete1@hotmail.com', 'Cow', 13);
INSERT INTO pt_specializes_in VALUES ('Margarete1@hotmail.com', 'Donkey', 1);
INSERT INTO pt_specializes_in VALUES ('Margarete1@hotmail.com', 'Iguana', 3);

INSERT INTO person VALUES ('Frida_Herzog@hotmail.com', 'Antone Rutherford', '$2b$10$KjlGkoYo.X.yATkN6hl68.rNf9uOtAyxx2zsNX.RmULHc1Lt063R2', '539 Junius Ways', 90108953, 'user', 'https://s3.amazonaws.com/uifaces/faces/twitter/mocabyte/128.jpg');

INSERT INTO person VALUES ('Brionna_Koch84@yahoo.com', 'Delores Cremin', '$2b$10$KjlGkoYo.X.yATkN6hl68.f1fh6iHHXPAu2GGJIEHGPdfka2dr2Gm', '06258 Dusty Center', 90191917, 'user', 'https://s3.amazonaws.com/uifaces/faces/twitter/bboy1895/128.jpg');
INSERT INTO full_time_ct VALUES ('Brionna_Koch84@yahoo.com');

INSERT INTO person VALUES ('Olen11@gmail.com', 'Kailee Bashirian', '$2b$10$KjlGkoYo.X.yATkN6hl68.unDuXu2zy1S4iT1NbvgG3TPs3sZs7oi', '9571 Nona Mountain', 90962325, 'user', 'https://s3.amazonaws.com/uifaces/faces/twitter/wearesavas/128.jpg');

INSERT INTO person VALUES ('General_Upton@hotmail.com', 'Rosalyn Quigley', '$2b$10$KjlGkoYo.X.yATkN6hl68.mHUdPJXnAOsYtYoHkkMDP0qh6ckZ1Eu', '24510 Maci Overpass', 90434072, 'user', 'https://s3.amazonaws.com/uifaces/faces/twitter/thedjpetersen/128.jpg');
INSERT INTO credit_card VALUES (341179318956075, 'General_Upton@hotmail.com', '2021-01-07T02:16:03.201Z', 010);
INSERT INTO pet VALUES ('Vince', 'General_Upton@hotmail.com', 'Chinchilla', 'Voluptatem nulla repellat alias nemo voluptates deserunt.', 'Voluptas aliquam est quibusdam repudiandae modi corporis aut rerum.');
INSERT INTO pet VALUES ('Imelda', 'General_Upton@hotmail.com', 'Chinese Water Dragon', 'Ut itaque possimus harum.', 'Laborum tempora nihil ea sed id.');

INSERT INTO person VALUES ('Kaley_OHara53@gmail.com', 'Nasir Cummings', '$2b$10$KjlGkoYo.X.yATkN6hl68.FHoMdMLYOKqxrVlqDHmGKKl28HuOakK', '210 Waelchi Terrace', 90970071, 'user', 'https://s3.amazonaws.com/uifaces/faces/twitter/nateschulte/128.jpg');
INSERT INTO credit_card VALUES (6759876849606115, 'Kaley_OHara53@gmail.com', '2021-01-25T04:33:51.748Z', 918);
INSERT INTO pet VALUES ('Kaycee', 'Kaley_OHara53@gmail.com', 'Chicken', 'Assumenda fugit omnis sit accusamus cumque iure alias expedita.', 'Animi quam omnis omnis ut.');
INSERT INTO pet VALUES ('Amber', 'Kaley_OHara53@gmail.com', 'Chicken', 'Excepturi voluptas exercitationem inventore omnis eligendi id et voluptatem.', 'Labore aperiam fuga.');

INSERT INTO person VALUES ('Hassie31@gmail.com', 'Laura Keebler', '$2b$10$KjlGkoYo.X.yATkN6hl68.3f4a0DnjMZeyoW2DO9TYW4Eu6ZXG/2S', '5560 Boehm Valleys', 90919695, 'user', 'https://s3.amazonaws.com/uifaces/faces/twitter/snowshade/128.jpg');
INSERT INTO credit_card VALUES (6759268706381638, 'Hassie31@gmail.com', '2023-04-11T02:26:15.266Z', 042);
INSERT INTO pet VALUES ('Hank', 'Hassie31@gmail.com', 'Goat', 'Corporis omnis cumque consequatur dignissimos voluptatem.', 'Quibusdam nisi sit sequi quis modi aperiam.');

INSERT INTO person VALUES ('Jerrold72@yahoo.com', 'Eleanore Franecki', '$2b$10$KjlGkoYo.X.yATkN6hl68.DcG7GlJItltSVtqiXtsEg5hCxaUKbLm', '5314 Samantha Dam', 90852844, 'user', 'https://s3.amazonaws.com/uifaces/faces/twitter/stalewine/128.jpg');
INSERT INTO credit_card VALUES (4854953421967582, 'Jerrold72@yahoo.com', '2024-05-01T02:50:23.830Z', 031);
INSERT INTO pet VALUES ('Myrtice', 'Jerrold72@yahoo.com', 'Chameleons (Veiled)', 'Ut fuga odit praesentium sit magnam eum.', 'Dolores a eum doloribus itaque expedita laudantium voluptates voluptas.');
INSERT INTO part_time_ct VALUES ('Jerrold72@yahoo.com');
INSERT INTO pt_free_schedule VALUES ('Jerrold72@yahoo.com', '2020-11-05T05:36:02.656Z', '2021-06-20T12:07:25.054Z');
INSERT INTO pt_specializes_in VALUES ('Jerrold72@yahoo.com', 'Gecko', 7);
INSERT INTO pt_specializes_in VALUES ('Jerrold72@yahoo.com', 'Guinea Pig', 15);
INSERT INTO pt_specializes_in VALUES ('Jerrold72@yahoo.com', 'Lizard', 19);

INSERT INTO person VALUES ('Terry_Volkman22@yahoo.com', 'Jewell Corkery', '$2b$10$KjlGkoYo.X.yATkN6hl68.fUo0kqm5cxYY8QMUPCQZ3x800tpM9/u', '6816 Beulah Heights', 90227134, 'user', 'https://s3.amazonaws.com/uifaces/faces/twitter/heyimjuani/128.jpg');
INSERT INTO credit_card VALUES (6759568268771988, 'Terry_Volkman22@yahoo.com', '2021-01-24T05:30:47.681Z', 961);
INSERT INTO pet VALUES ('Donnell', 'Terry_Volkman22@yahoo.com', 'Iguana', 'Quaerat soluta ut sit fuga rerum dolor harum.', 'Quo labore at quis modi.');
INSERT INTO pet VALUES ('Patsy', 'Terry_Volkman22@yahoo.com', 'Hedgehog', 'Et ad facilis laudantium accusantium.', 'Qui in et exercitationem iure quisquam qui rerum vel.');
INSERT INTO pet VALUES ('Nash', 'Terry_Volkman22@yahoo.com', 'Guinea Fowl', 'Temporibus aperiam odit sequi quia maxime voluptatem cupiditate.', 'Et ipsum ipsa nam provident est autem.');

INSERT INTO person VALUES ('Laurine.Grimes@yahoo.com', 'Ramiro Smitham', '$2b$10$KjlGkoYo.X.yATkN6hl68.9jPCtkEHs/dFeBjm9L0y.o60KdDUE82', '66992 Cummerata Junction', 90112599, 'user', 'https://s3.amazonaws.com/uifaces/faces/twitter/mekal/128.jpg');
INSERT INTO full_time_ct VALUES ('Laurine.Grimes@yahoo.com');
INSERT INTO ft_specializes_in VALUES ('Laurine.Grimes@yahoo.com', 'Gerbil', 8);
INSERT INTO ft_specializes_in VALUES ('Laurine.Grimes@yahoo.com', 'Mice', 12);

INSERT INTO person VALUES ('Gayle_Haag96@hotmail.com', 'Hanna Beahan', '$2b$10$KjlGkoYo.X.yATkN6hl68.sEul/WMbew5J8jpPPqLtSZuqdqzQzb6', '80978 Kuphal Port', 90089248, 'user', 'https://s3.amazonaws.com/uifaces/faces/twitter/millinet/128.jpg');
INSERT INTO credit_card VALUES (6767437620132396, 'Gayle_Haag96@hotmail.com', '2021-11-15T08:16:57.602Z', 440);
INSERT INTO pet VALUES ('Dewitt', 'Gayle_Haag96@hotmail.com', 'Chinchilla', 'Non illum provident.', 'Tenetur voluptatem nobis porro cupiditate ut optio earum sequi est.');
INSERT INTO pet VALUES ('Dewitt', 'Gayle_Haag96@hotmail.com', 'Cow', 'Voluptas rerum totam enim veritatis et voluptate pariatur harum iste.', 'Enim quo aut ipsam quo.');

INSERT INTO person VALUES ('Franz6@yahoo.com', 'Carolyne Hilpert', '$2b$10$KjlGkoYo.X.yATkN6hl68.rOj.9Cj.qt2.3SkJgAcP9TzeZQrGcTi', '78498 West Plains', 90151134, 'user', 'https://s3.amazonaws.com/uifaces/faces/twitter/dc_user/128.jpg');
INSERT INTO credit_card VALUES (4423764201143458, 'Franz6@yahoo.com', '2021-01-16T08:50:12.341Z', 938);
INSERT INTO pet VALUES ('Marianne', 'Franz6@yahoo.com', 'Mice', 'Dolor sunt numquam.', 'Dignissimos ut nobis dolores esse aut quia veniam.');
INSERT INTO part_time_ct VALUES ('Franz6@yahoo.com');
INSERT INTO pt_free_schedule VALUES ('Franz6@yahoo.com', '2020-11-05T01:16:35.449Z', '2021-05-18T06:00:28.082Z');
INSERT INTO pt_specializes_in VALUES ('Franz6@yahoo.com', 'Bird', 5);
INSERT INTO pt_specializes_in VALUES ('Franz6@yahoo.com', 'Guinea Fowl', 12);
INSERT INTO pt_specializes_in VALUES ('Franz6@yahoo.com', 'Iguana', 18);

INSERT INTO person VALUES ('Natalie_Cronin@gmail.com', 'Joy Parisian', '$2b$10$KjlGkoYo.X.yATkN6hl68.MGmP/tEYYnKFySc.ZrvABqPIJjDHvMG', '632 Ellis Village', 90250789, 'user', 'https://s3.amazonaws.com/uifaces/faces/twitter/buleswapnil/128.jpg');

INSERT INTO person VALUES ('Makayla82@hotmail.com', 'Kelvin Fay', '$2b$10$KjlGkoYo.X.yATkN6hl68.cyJTpwJ73H9UmFi04CO5zKH0v8VTcZG', '1874 Swift Field', 90117638, 'user', 'https://s3.amazonaws.com/uifaces/faces/twitter/her_ruu/128.jpg');

INSERT INTO person VALUES ('Newell0@hotmail.com', 'Sarina Ratke', '$2b$10$KjlGkoYo.X.yATkN6hl68.yJbsvFzcatfnXt.6OfbSiXFwKGBaGo6', '2398 Vandervort Island', 90062774, 'user', 'https://s3.amazonaws.com/uifaces/faces/twitter/alan_zhang_/128.jpg');
INSERT INTO full_time_ct VALUES ('Newell0@hotmail.com');

INSERT INTO person VALUES ('Kristofer67@yahoo.com', 'Antonette Wehner', '$2b$10$KjlGkoYo.X.yATkN6hl68.ivyX4nQUZ5eNKs1n5zbi98AK/DX/gfG', '422 Giovanni Knolls', 90818524, 'user', 'https://s3.amazonaws.com/uifaces/faces/twitter/mastermindesign/128.jpg');
INSERT INTO full_time_ct VALUES ('Kristofer67@yahoo.com');
INSERT INTO ft_specializes_in VALUES ('Kristofer67@yahoo.com', 'Chinese Water Dragon', 13);
INSERT INTO ft_specializes_in VALUES ('Kristofer67@yahoo.com', 'Cow', 6);

INSERT INTO person VALUES ('Linnea47@yahoo.com', 'Hilbert Conn', '$2b$10$KjlGkoYo.X.yATkN6hl68.LH4zDajpESQNTAVTCArrcTaPiSMgJMy', '4518 Langworth Street', 90391183, 'user', 'https://s3.amazonaws.com/uifaces/faces/twitter/amywebbb/128.jpg');

INSERT INTO person VALUES ('Jake_Nienow44@yahoo.com', 'Ryann Larkin', '$2b$10$KjlGkoYo.X.yATkN6hl68.a/UEaMnqHaf2v.gTfBGGgtBn1IW.xS6', '06445 Jaskolski Lakes', 90682238, 'user', 'https://s3.amazonaws.com/uifaces/faces/twitter/2fockus/128.jpg');
INSERT INTO part_time_ct VALUES ('Jake_Nienow44@yahoo.com');
INSERT INTO pt_free_schedule VALUES ('Jake_Nienow44@yahoo.com', '2020-11-04T19:25:49.637Z', '2021-04-10T16:03:35.167Z');
INSERT INTO pt_specializes_in VALUES ('Jake_Nienow44@yahoo.com', 'Llama', 19);
INSERT INTO pt_specializes_in VALUES ('Jake_Nienow44@yahoo.com', 'Mice', 1);

INSERT INTO person VALUES ('Gilda.Ebert@gmail.com', 'Rogelio Ebert', '$2b$10$KjlGkoYo.X.yATkN6hl68.n0msyKHQb8rIUNj0duiJeMrzDKGs4De', '37160 Carroll Spurs', 90735178, 'user', 'https://s3.amazonaws.com/uifaces/faces/twitter/meelford/128.jpg');
INSERT INTO credit_card VALUES (6709498434666187, 'Gilda.Ebert@gmail.com', '2023-06-30T11:22:11.918Z', 524);
INSERT INTO pet VALUES ('Stephany', 'Gilda.Ebert@gmail.com', 'Iguana', 'Debitis rerum laboriosam iusto ut a veritatis et.', 'Corporis aut ut.');
INSERT INTO full_time_ct VALUES ('Gilda.Ebert@gmail.com');
INSERT INTO ft_specializes_in VALUES ('Gilda.Ebert@gmail.com', 'Gecko', 5);

INSERT INTO person VALUES ('Aylin94@hotmail.com', 'Oleta Crist', '$2b$10$KjlGkoYo.X.yATkN6hl68.1e4OsKCD.cvqux.p6Y5k4ebL6raEKtO', '250 Aglae Ridges', 90560834, 'user', 'https://s3.amazonaws.com/uifaces/faces/twitter/BroumiYoussef/128.jpg');
INSERT INTO full_time_ct VALUES ('Aylin94@hotmail.com');
INSERT INTO ft_specializes_in VALUES ('Aylin94@hotmail.com', 'Guinea Pig', 20);
INSERT INTO ft_specializes_in VALUES ('Aylin94@hotmail.com', 'Horse', 5);

INSERT INTO person VALUES ('Imelda_Ullrich@yahoo.com', 'Roma Bins', '$2b$10$KjlGkoYo.X.yATkN6hl68.1UhRaKCL35Y5tNXdBWbQJGGAtlaLbM2', '64949 Green Dam', 90602574, 'user', 'https://s3.amazonaws.com/uifaces/faces/twitter/kurtinc/128.jpg');
INSERT INTO credit_card VALUES (6382844723485409, 'Imelda_Ullrich@yahoo.com', '2021-01-31T23:13:37.817Z', 267);
INSERT INTO pet VALUES ('Hollis', 'Imelda_Ullrich@yahoo.com', 'Mule', 'Et qui modi voluptatem exercitationem et facere laboriosam.', 'Consequatur et amet fugit occaecati et.');
INSERT INTO pet VALUES ('Connie', 'Imelda_Ullrich@yahoo.com', 'Horse', 'Quo fuga ipsam consectetur facilis.', 'Aut ipsam voluptatum eum qui et debitis.');
INSERT INTO pet VALUES ('Clarissa', 'Imelda_Ullrich@yahoo.com', 'Chicken', 'Sint esse deleniti.', 'Dolores aliquid voluptatum necessitatibus illum harum quisquam.');

INSERT INTO person VALUES ('Ulices_Witting36@gmail.com', 'Betsy Johns', '$2b$10$KjlGkoYo.X.yATkN6hl68.PCyJH2ZbIxrpjN1EWcJ12NMcdZ6zq8O', '20508 Obie Roads', 90507974, 'user', 'https://s3.amazonaws.com/uifaces/faces/twitter/dshster/128.jpg');
INSERT INTO credit_card VALUES (374541346198954, 'Ulices_Witting36@gmail.com', '2022-01-11T07:26:01.423Z', 674);
INSERT INTO pet VALUES ('Sim', 'Ulices_Witting36@gmail.com', 'Goat', 'Voluptatem repellendus aperiam expedita est dolorem autem atque voluptas.', 'Rerum consequuntur aut corrupti voluptatem pariatur.');
INSERT INTO pet VALUES ('Agustin', 'Ulices_Witting36@gmail.com', 'Pig', 'Quis maxime et.', 'Perspiciatis voluptate eligendi nihil nesciunt quia.');
INSERT INTO full_time_ct VALUES ('Ulices_Witting36@gmail.com');

INSERT INTO person VALUES ('Emerald.Mitchell@hotmail.com', 'Vena Watsica', '$2b$10$KjlGkoYo.X.yATkN6hl68..sJMqYao828rryiTz/mTfBCVi3VHaK2', '05019 Donnelly Estate', 90567481, 'user', 'https://s3.amazonaws.com/uifaces/faces/twitter/lisovsky/128.jpg');
INSERT INTO credit_card VALUES (6487485350994059, 'Emerald.Mitchell@hotmail.com', '2022-07-18T22:48:33.070Z', 546);
INSERT INTO pet VALUES ('Oceane', 'Emerald.Mitchell@hotmail.com', 'Goat', 'Aut eos facere labore consectetur cupiditate.', 'Aliquid et voluptas porro aut doloribus voluptates reprehenderit harum.');
INSERT INTO pet VALUES ('Leone', 'Emerald.Mitchell@hotmail.com', 'Rabbit', 'Perspiciatis iste culpa necessitatibus temporibus ad est repellat.', 'Porro quidem eum delectus.');

INSERT INTO person VALUES ('Gavin9@yahoo.com', 'Eusebio Kuhlman', '$2b$10$KjlGkoYo.X.yATkN6hl68.jdN8hnuG22SVqfteDj8NxTEc48T./Z2', '6580 McCullough Trafficway', 90011642, 'user', 'https://s3.amazonaws.com/uifaces/faces/twitter/zauerkraut/128.jpg');

INSERT INTO person VALUES ('Weldon62@hotmail.com', 'Waino Nitzsche', '$2b$10$KjlGkoYo.X.yATkN6hl68.SwYtWO7Jgpx/4BjP4ndd63VxLPlrI9S', '4101 Larue Mall', 90918160, 'user', 'https://s3.amazonaws.com/uifaces/faces/twitter/angelceballos/128.jpg');
INSERT INTO credit_card VALUES (6461625783754337, 'Weldon62@hotmail.com', '2021-08-25T07:42:18.152Z', 847);
INSERT INTO pet VALUES ('Alvis', 'Weldon62@hotmail.com', 'Ponie', 'Id eum aut magnam sint ut animi.', 'Doloremque beatae nemo.');
INSERT INTO pet VALUES ('Dwight', 'Weldon62@hotmail.com', 'Geese (Chinese Swan Goose)', 'Provident labore qui.', 'Quia illum quae sint dolorem dignissimos accusamus libero voluptatem eius.');

INSERT INTO person VALUES ('Rhea84@gmail.com', 'Kylee Gutkowski', '$2b$10$KjlGkoYo.X.yATkN6hl68.qVfZGitB9BO7lgfycLTKUXkM3PHlvP.', '650 Pagac Highway', 90378234, 'user', 'https://s3.amazonaws.com/uifaces/faces/twitter/daniloc/128.jpg');

INSERT INTO person VALUES ('Violette54@gmail.com', 'Naomie Johns', '$2b$10$KjlGkoYo.X.yATkN6hl68.CRWipG8xYtqnrYBaDZJxRTKzKDL88h.', '9037 Libbie View', 90991349, 'user', 'https://s3.amazonaws.com/uifaces/faces/twitter/thedjpetersen/128.jpg');

INSERT INTO person VALUES ('Brad11@gmail.com', 'Danny Graham', '$2b$10$KjlGkoYo.X.yATkN6hl68.6vyhmnBtlg5DK4YEaORXdAORFWPEdGW', '6009 Nienow Spurs', 90856920, 'user', 'https://s3.amazonaws.com/uifaces/faces/twitter/notbadart/128.jpg');

INSERT INTO person VALUES ('Mable29@yahoo.com', 'Prince Dicki', '$2b$10$KjlGkoYo.X.yATkN6hl68.43hm.lD88NxmEiIddmdpf1oGUHV/R4K', '1350 Pouros Common', 90762977, 'user', 'https://s3.amazonaws.com/uifaces/faces/twitter/jonkspr/128.jpg');
INSERT INTO credit_card VALUES (6763815200754094, 'Mable29@yahoo.com', '2021-09-19T17:55:52.318Z', 279);
INSERT INTO pet VALUES ('Wanda', 'Mable29@yahoo.com', 'Pot Bellied Pig', 'Ullam quia modi dignissimos aut autem.', 'Culpa eius non vero consequatur non.');
INSERT INTO pet VALUES ('Fabiola', 'Mable29@yahoo.com', 'Donkey', 'Quia dolor at perspiciatis sit.', 'Dolor exercitationem qui.');
INSERT INTO part_time_ct VALUES ('Mable29@yahoo.com');
INSERT INTO pt_free_schedule VALUES ('Mable29@yahoo.com', '2020-11-05T08:15:12.959Z', '2021-06-30T02:49:25.610Z');
INSERT INTO pt_specializes_in VALUES ('Mable29@yahoo.com', 'Chameleons (Veiled)', 3);
INSERT INTO pt_specializes_in VALUES ('Mable29@yahoo.com', 'Guinea Pig', 10);
INSERT INTO pt_specializes_in VALUES ('Mable29@yahoo.com', 'Lizard', 15);

INSERT INTO person VALUES ('Christophe.Dicki@hotmail.com', 'Summer Kiehn', '$2b$10$KjlGkoYo.X.yATkN6hl68.C6f5GyRyGHhLkYRI1F3a9kvbGBabeHe', '52842 Johan Light', 90940664, 'user', 'https://s3.amazonaws.com/uifaces/faces/twitter/andyisonline/128.jpg');
INSERT INTO credit_card VALUES (4649662320070224, 'Christophe.Dicki@hotmail.com', '2022-07-23T09:37:01.676Z', 839);
INSERT INTO full_time_ct VALUES ('Christophe.Dicki@hotmail.com');
INSERT INTO ft_specializes_in VALUES ('Christophe.Dicki@hotmail.com', 'Ferret', 6);

INSERT INTO person VALUES ('Lilyan13@gmail.com', 'Merl Mayert', '$2b$10$KjlGkoYo.X.yATkN6hl68.ZXLk8YZZCiD.a/L0D8Cp3c/aaGWHtxK', '574 Pouros Mission', 90879822, 'user', 'https://s3.amazonaws.com/uifaces/faces/twitter/johndezember/128.jpg');
INSERT INTO credit_card VALUES (370217875592404, 'Lilyan13@gmail.com', '2021-08-08T18:01:01.533Z', 922);

INSERT INTO person VALUES ('Joshua.Stokes@yahoo.com', 'Mustafa McKenzie', '$2b$10$KjlGkoYo.X.yATkN6hl68.RCXfRR1JunrUBDAi.TQCDpCL5tQ4Lyq', '3612 Walker Pine', 90097780, 'user', 'https://s3.amazonaws.com/uifaces/faces/twitter/johndezember/128.jpg');
INSERT INTO credit_card VALUES (5498704654340766, 'Joshua.Stokes@yahoo.com', '2021-02-25T06:28:59.425Z', 767);

INSERT INTO person VALUES ('Felipe.Schinner@hotmail.com', 'Jayde Daugherty', '$2b$10$KjlGkoYo.X.yATkN6hl68.A3HNtC5yva8vciMkb6Xys8RUKO4WDye', '99403 Balistreri Street', 90425540, 'user', 'https://s3.amazonaws.com/uifaces/faces/twitter/yigitpinarbasi/128.jpg');
INSERT INTO credit_card VALUES (3528864244612311, 'Felipe.Schinner@hotmail.com', '2021-01-01T18:02:45.070Z', 687);

INSERT INTO person VALUES ('Berta10@hotmail.com', 'Nicole Lubowitz', '$2b$10$KjlGkoYo.X.yATkN6hl68.obf7JRhaXsnFHL0rnraMGeXWtji3I2S', '1107 Lebsack Lake', 90978883, 'user', 'https://s3.amazonaws.com/uifaces/faces/twitter/davidbaldie/128.jpg');
INSERT INTO credit_card VALUES (6759922447336553, 'Berta10@hotmail.com', '2022-05-18T04:56:07.345Z', 798);
INSERT INTO full_time_ct VALUES ('Berta10@hotmail.com');
INSERT INTO ft_specializes_in VALUES ('Berta10@hotmail.com', 'Dog', 13);

INSERT INTO person VALUES ('Agnes15@hotmail.com', 'Madisyn Boyle', '$2b$10$KjlGkoYo.X.yATkN6hl68.ye0zW9FH90TW6XY/s.tPn/ryxjHKJQC', '1958 Karl River', 90049594, 'user', 'https://s3.amazonaws.com/uifaces/faces/twitter/alxndrustinov/128.jpg');

INSERT INTO person VALUES ('Kristian_Luettgen0@gmail.com', 'Nestor Kozey', '$2b$10$KjlGkoYo.X.yATkN6hl68.507TT5Z5so5ifZwC3hLCHOIXLJKgiAO', '825 Considine Loaf', 90430056, 'user', 'https://s3.amazonaws.com/uifaces/faces/twitter/swaplord/128.jpg');
INSERT INTO full_time_ct VALUES ('Kristian_Luettgen0@gmail.com');
INSERT INTO ft_specializes_in VALUES ('Kristian_Luettgen0@gmail.com', 'Geese (Chinese Swan Goose)', 8);
INSERT INTO ft_specializes_in VALUES ('Kristian_Luettgen0@gmail.com', 'Goat', 19);

INSERT INTO person VALUES ('Clotilde54@gmail.com', 'Marvin Konopelski', '$2b$10$KjlGkoYo.X.yATkN6hl68.joKpyw6PYr0zte4NN.c/2FbQvEwCTKu', '2805 King Crossing', 90659572, 'user', 'https://s3.amazonaws.com/uifaces/faces/twitter/sta1ex/128.jpg');
INSERT INTO full_time_ct VALUES ('Clotilde54@gmail.com');
INSERT INTO ft_specializes_in VALUES ('Clotilde54@gmail.com', 'Llama', 7);

INSERT INTO person VALUES ('Darius_Abbott86@gmail.com', 'Cleve Gibson', '$2b$10$KjlGkoYo.X.yATkN6hl68.5RNFsYIqFmc5uHQAeyP9TQwA4Bhzxuq', '283 Collin Ranch', 90672851, 'user', 'https://s3.amazonaws.com/uifaces/faces/twitter/longlivemyword/128.jpg');
INSERT INTO part_time_ct VALUES ('Darius_Abbott86@gmail.com');
INSERT INTO pt_free_schedule VALUES ('Darius_Abbott86@gmail.com', '2020-11-04T16:39:28.346Z', '2021-01-01T21:24:44.774Z');
INSERT INTO pt_specializes_in VALUES ('Darius_Abbott86@gmail.com', 'Hedgehog', 3);
INSERT INTO pt_specializes_in VALUES ('Darius_Abbott86@gmail.com', 'Pigeon', 18);

INSERT INTO person VALUES ('Nola29@hotmail.com', 'Willa Lind', '$2b$10$KjlGkoYo.X.yATkN6hl68.DJq2nElFWvg2QfdXrwq4kR7q4liIVoa', '059 Vincenzo Springs', 90896998, 'user', 'https://s3.amazonaws.com/uifaces/faces/twitter/robergd/128.jpg');

INSERT INTO person VALUES ('Sanford_Casper14@hotmail.com', 'Ollie Shanahan', '$2b$10$KjlGkoYo.X.yATkN6hl68.n4euCKi7KuupvHmEcBwEh8C9gtMM8la', '2619 Frank Camp', 90491672, 'user', 'https://s3.amazonaws.com/uifaces/faces/twitter/brunodesign1206/128.jpg');

INSERT INTO person VALUES ('Jamal86@yahoo.com', 'Declan Kling', '$2b$10$KjlGkoYo.X.yATkN6hl68.WxptcY4BmZKD5eZraPytxVZJfpt2KDK', '567 Farrell Freeway', 90589114, 'user', 'https://s3.amazonaws.com/uifaces/faces/twitter/wtrsld/128.jpg');
INSERT INTO credit_card VALUES (4854069242186, 'Jamal86@yahoo.com', '2020-12-13T08:17:43.589Z', 618);
INSERT INTO pet VALUES ('Caesar', 'Jamal86@yahoo.com', 'Ferret', 'Porro iusto omnis aut quo illo quia.', 'Ipsam temporibus architecto velit consequatur.');
INSERT INTO pet VALUES ('Stacy', 'Jamal86@yahoo.com', 'Guinea Fowl', 'Tempora dolore dicta voluptatem esse et quod.', 'Aut alias velit dolorem.');
INSERT INTO part_time_ct VALUES ('Jamal86@yahoo.com');
INSERT INTO pt_free_schedule VALUES ('Jamal86@yahoo.com', '2020-11-05T01:27:42.691Z', '2021-05-09T22:24:00.616Z');

INSERT INTO person VALUES ('Marcella17@yahoo.com', 'Ima Schmitt', '$2b$10$KjlGkoYo.X.yATkN6hl68..IiWIygavhVaa4lqpQQk0WXhjA.XTlC', '1117 Little Pine', 90811038, 'user', 'https://s3.amazonaws.com/uifaces/faces/twitter/evandrix/128.jpg');

INSERT INTO person VALUES ('Olen.Schowalter40@hotmail.com', 'Alize Mante', '$2b$10$KjlGkoYo.X.yATkN6hl68.Kbl9ilPEI2.4n1hqD0UpCSHAKY0Hnri', '61712 Boehm Street', 90669451, 'user', 'https://s3.amazonaws.com/uifaces/faces/twitter/conspirator/128.jpg');
INSERT INTO part_time_ct VALUES ('Olen.Schowalter40@hotmail.com');
INSERT INTO pt_free_schedule VALUES ('Olen.Schowalter40@hotmail.com', '2020-11-05T04:37:25.140Z', '2021-07-07T08:36:53.552Z');

INSERT INTO person VALUES ('Jessika.Gottlieb@hotmail.com', 'Jayson OReilly', '$2b$10$KjlGkoYo.X.yATkN6hl68.bT5TgM0n3x3WJ1ZgAPayUBEwOrGr.KC', '99890 Josiane Harbor', 90337896, 'user', 'https://s3.amazonaws.com/uifaces/faces/twitter/murrayswift/128.jpg');
INSERT INTO full_time_ct VALUES ('Jessika.Gottlieb@hotmail.com');
INSERT INTO ft_specializes_in VALUES ('Jessika.Gottlieb@hotmail.com', 'Fish', 5);
INSERT INTO ft_specializes_in VALUES ('Jessika.Gottlieb@hotmail.com', 'Guinea Pig', 10);

INSERT INTO person VALUES ('Myrtle_Legros43@hotmail.com', 'Jillian Schowalter', '$2b$10$KjlGkoYo.X.yATkN6hl68.Tl4rc8UH6PPK55YuGu/D2qm6Ch44Alu', '663 Makenna Terrace', 90807057, 'user', 'https://s3.amazonaws.com/uifaces/faces/twitter/osmanince/128.jpg');
INSERT INTO full_time_ct VALUES ('Myrtle_Legros43@hotmail.com');
INSERT INTO ft_specializes_in VALUES ('Myrtle_Legros43@hotmail.com', 'Gecko', 20);
INSERT INTO ft_specializes_in VALUES ('Myrtle_Legros43@hotmail.com', 'Gerbil', 15);
INSERT INTO ft_specializes_in VALUES ('Myrtle_Legros43@hotmail.com', 'Mice', 15);

INSERT INTO person VALUES ('Stone27@gmail.com', 'Clay Auer', '$2b$10$KjlGkoYo.X.yATkN6hl68.yU5dmnt5LLkTUbE74x/yxnQihHtgK/S', '407 Lockman Unions', 90866697, 'user', 'https://s3.amazonaws.com/uifaces/faces/twitter/zaki3d/128.jpg');
INSERT INTO credit_card VALUES (4309518127751, 'Stone27@gmail.com', '2021-06-23T02:33:37.319Z', 574);
INSERT INTO pet VALUES ('Rollin', 'Stone27@gmail.com', 'Guinea Pig', 'Aut nobis qui magnam et ad.', 'Necessitatibus non quo aut blanditiis ut autem.');
INSERT INTO pet VALUES ('Ashlynn', 'Stone27@gmail.com', 'Bearded Dragon', 'Consequuntur maiores id excepturi autem aliquid sed eum et voluptas.', 'Iste consequatur enim.');
INSERT INTO full_time_ct VALUES ('Stone27@gmail.com');

INSERT INTO person VALUES ('Francesco_Kuhic@hotmail.com', 'Kylie Skiles', '$2b$10$KjlGkoYo.X.yATkN6hl68.ZzNaH7X7H/PAOUHA6.7TfIgyymoIP2C', '268 Rolfson Common', 90225378, 'user', 'https://s3.amazonaws.com/uifaces/faces/twitter/primozcigler/128.jpg');
INSERT INTO full_time_ct VALUES ('Francesco_Kuhic@hotmail.com');
INSERT INTO ft_specializes_in VALUES ('Francesco_Kuhic@hotmail.com', 'Dog', 12);
INSERT INTO ft_specializes_in VALUES ('Francesco_Kuhic@hotmail.com', 'Gerbil', 3);
INSERT INTO ft_specializes_in VALUES ('Francesco_Kuhic@hotmail.com', 'Pigeon', 3);

INSERT INTO person VALUES ('Lamont.Green0@gmail.com', 'Xavier Kuhic', '$2b$10$KjlGkoYo.X.yATkN6hl68.tvsz1E69HZO0KnV6VrPDLS8AMgzkd66', '29972 Wolf Fords', 90271717, 'user', 'https://s3.amazonaws.com/uifaces/faces/twitter/kucingbelang4/128.jpg');

INSERT INTO person VALUES ('Bessie.Purdy26@yahoo.com', 'Horacio Jenkins', '$2b$10$KjlGkoYo.X.yATkN6hl68.7XQTpOtEZ4DRVjXy8UHeJlWmGJmpRAC', '073 Sporer Meadows', 90741485, 'user', 'https://s3.amazonaws.com/uifaces/faces/twitter/nickfratter/128.jpg');
INSERT INTO credit_card VALUES (6485625796591715, 'Bessie.Purdy26@yahoo.com', '2021-06-18T20:46:30.573Z', 715);

INSERT INTO person VALUES ('Joshuah.Farrell@yahoo.com', 'Tracey Borer', '$2b$10$KjlGkoYo.X.yATkN6hl68.4B2JSoJqZmkzvGvDe.VOR1lhigZVCBW', '99669 Heaney Pine', 90370188, 'user', 'https://s3.amazonaws.com/uifaces/faces/twitter/samgrover/128.jpg');
INSERT INTO credit_card VALUES (4205883884822, 'Joshuah.Farrell@yahoo.com', '2022-09-25T15:04:23.529Z', 364);
INSERT INTO pet VALUES ('Andre', 'Joshuah.Farrell@yahoo.com', 'Ponie', 'Maxime esse aut adipisci perferendis.', 'Distinctio hic voluptatem nam eaque doloremque ullam.');
INSERT INTO pet VALUES ('Queen', 'Joshuah.Farrell@yahoo.com', 'Gerbil', 'Assumenda asperiores magni nesciunt natus placeat.', 'Consequatur maiores eos nesciunt omnis quia id rerum.');

INSERT INTO person VALUES ('Adriel_Breitenberg@yahoo.com', 'Jacinto Jacobs', '$2b$10$KjlGkoYo.X.yATkN6hl68.VMCGub.afs65DE23nMr67YxeBWB/XMq', '18543 Hilll Ferry', 90351502, 'user', 'https://s3.amazonaws.com/uifaces/faces/twitter/mohanrohith/128.jpg');
INSERT INTO credit_card VALUES (378730451096952, 'Adriel_Breitenberg@yahoo.com', '2021-10-29T10:45:46.806Z', 640);
INSERT INTO pet VALUES ('Ladarius', 'Adriel_Breitenberg@yahoo.com', 'Chinese Water Dragon', 'Nulla inventore architecto expedita porro in eos fuga quas voluptas.', 'Corrupti voluptate aut similique.');

INSERT INTO person VALUES ('Adelbert49@yahoo.com', 'June Greenholt', '$2b$10$KjlGkoYo.X.yATkN6hl68.PrULHNyoqDBz26PZpf2l6021xPj2HHW', '10808 Swift Skyway', 90419549, 'user', 'https://s3.amazonaws.com/uifaces/faces/twitter/mikebeecham/128.jpg');
INSERT INTO credit_card VALUES (6371634136167279, 'Adelbert49@yahoo.com', '2025-09-19T01:37:26.042Z', 352);

INSERT INTO person VALUES ('Colten.Schamberger49@hotmail.com', 'Zula Kuhn', '$2b$10$KjlGkoYo.X.yATkN6hl68.5CZ1o0FARuXCzTVjQH2dl02qrNzfmwO', '3076 Gaetano Centers', 90788083, 'user', 'https://s3.amazonaws.com/uifaces/faces/twitter/claudioguglieri/128.jpg');

INSERT INTO person VALUES ('Vernie82@hotmail.com', 'Myriam Kozey', '$2b$10$KjlGkoYo.X.yATkN6hl68.i0dkX4NKoJmN2i3uoeX9FvoyFnOF5yS', '18938 Angeline Junctions', 90596797, 'user', 'https://s3.amazonaws.com/uifaces/faces/twitter/perfectflow/128.jpg');
INSERT INTO credit_card VALUES (6767792252943024, 'Vernie82@hotmail.com', '2024-11-30T03:04:23.610Z', 032);
INSERT INTO pet VALUES ('Estevan', 'Vernie82@hotmail.com', 'Dog', 'Vitae mollitia amet cupiditate et rerum atque et nemo.', 'Alias tempora veniam dolorem laudantium velit iusto eum ratione.');

INSERT INTO person VALUES ('Haley.Zieme97@gmail.com', 'Jakayla Gulgowski', '$2b$10$KjlGkoYo.X.yATkN6hl68.WRhlGAYARbxQDLCoAQP5RBNg7r9csZu', '350 Derrick Track', 90024811, 'user', 'https://s3.amazonaws.com/uifaces/faces/twitter/kiwiupover/128.jpg');
INSERT INTO credit_card VALUES (3528122335220696, 'Haley.Zieme97@gmail.com', '2021-09-15T16:18:18.550Z', 374);
INSERT INTO pet VALUES ('Elta', 'Haley.Zieme97@gmail.com', 'Lizard', 'Dolor ea maxime autem voluptas veniam vel quidem soluta et.', 'Consequatur reprehenderit quos culpa aut ad expedita.');
INSERT INTO pet VALUES ('Gabe', 'Haley.Zieme97@gmail.com', 'Pot Bellied Pig', 'Corrupti aut possimus soluta sed consequatur corrupti non et.', 'Atque necessitatibus voluptas nisi quae facere error fugiat consectetur.');
INSERT INTO part_time_ct VALUES ('Haley.Zieme97@gmail.com');
INSERT INTO pt_free_schedule VALUES ('Haley.Zieme97@gmail.com', '2020-11-04T15:09:12.378Z', '2021-10-04T18:53:57.835Z');
INSERT INTO pt_specializes_in VALUES ('Haley.Zieme97@gmail.com', 'Gerbil', 4);

INSERT INTO person VALUES ('Jada11@hotmail.com', 'Jan Schowalter', '$2b$10$KjlGkoYo.X.yATkN6hl68.okTBtVGWqIAcc0IQLbZ4DyaGqt3jUF2', '7189 Adeline Plain', 90037831, 'user', 'https://s3.amazonaws.com/uifaces/faces/twitter/svenlen/128.jpg');
INSERT INTO credit_card VALUES (6304099139045549, 'Jada11@hotmail.com', '2020-11-30T07:32:10.350Z', 611);
INSERT INTO part_time_ct VALUES ('Jada11@hotmail.com');
INSERT INTO pt_free_schedule VALUES ('Jada11@hotmail.com', '2020-11-05T03:47:00.004Z', '2020-12-10T19:00:48.737Z');

INSERT INTO person VALUES ('Nya24@yahoo.com', 'Gabriella Mitchell', '$2b$10$KjlGkoYo.X.yATkN6hl68.lF2fCe3hdULkTzQ8d81uD1pIR27ocoC', '98919 Eleonore Glens', 90273969, 'user', 'https://s3.amazonaws.com/uifaces/faces/twitter/nwdsha/128.jpg');

INSERT INTO person VALUES ('Reagan.Leffler@yahoo.com', 'Winona Bauch', '$2b$10$KjlGkoYo.X.yATkN6hl68.By67wDRuUqsqmeY6kZPftPmnUJiZnu.', '42145 Gislason Plaza', 90142199, 'user', 'https://s3.amazonaws.com/uifaces/faces/twitter/joelhelin/128.jpg');
INSERT INTO part_time_ct VALUES ('Reagan.Leffler@yahoo.com');
INSERT INTO pt_free_schedule VALUES ('Reagan.Leffler@yahoo.com', '2020-11-04T22:19:22.810Z', '2021-01-20T18:25:19.184Z');
INSERT INTO pt_specializes_in VALUES ('Reagan.Leffler@yahoo.com', 'Bearded Dragon', 1);
INSERT INTO pt_specializes_in VALUES ('Reagan.Leffler@yahoo.com', 'Cat', 4);
INSERT INTO pt_specializes_in VALUES ('Reagan.Leffler@yahoo.com', 'Chinese Water Dragon', 10);

INSERT INTO person VALUES ('Ottis.Goodwin54@gmail.com', 'Sallie Kertzmann', '$2b$10$KjlGkoYo.X.yATkN6hl68.c2RPUb5Y8D89cDXvEjxzy4nAL2Esn.u', '1585 Lina Park', 90402457, 'user', 'https://s3.amazonaws.com/uifaces/faces/twitter/mds/128.jpg');
INSERT INTO credit_card VALUES (6767911154713669, 'Ottis.Goodwin54@gmail.com', '2021-05-25T10:20:00.664Z', 574);
INSERT INTO pet VALUES ('Verla', 'Ottis.Goodwin54@gmail.com', 'Pigeon', 'Porro eum praesentium tempora qui dicta mollitia a aperiam.', 'Numquam voluptatem perspiciatis.');

INSERT INTO person VALUES ('Hilario88@gmail.com', 'Paolo Gutkowski', '$2b$10$KjlGkoYo.X.yATkN6hl68.MTM8LrSqXg7gpr95.tzJj1PO0YCeYb.', '9431 Steuber Ports', 90069952, 'user', 'https://s3.amazonaws.com/uifaces/faces/twitter/bcrad/128.jpg');
INSERT INTO full_time_ct VALUES ('Hilario88@gmail.com');
INSERT INTO ft_specializes_in VALUES ('Hilario88@gmail.com', 'Chinese Water Dragon', 16);
INSERT INTO ft_specializes_in VALUES ('Hilario88@gmail.com', 'Cow', 18);
INSERT INTO ft_specializes_in VALUES ('Hilario88@gmail.com', 'Peafowl', 17);

INSERT INTO person VALUES ('Treva47@gmail.com', 'Etha Jacobson', '$2b$10$KjlGkoYo.X.yATkN6hl68.vVCG0Sn.qK9JO17IyyKf5TwQnrwy57C', '560 Walter Station', 90346080, 'user', 'https://s3.amazonaws.com/uifaces/faces/twitter/michaelcomiskey/128.jpg');
INSERT INTO part_time_ct VALUES ('Treva47@gmail.com');
INSERT INTO pt_free_schedule VALUES ('Treva47@gmail.com', '2020-11-04T21:52:39.398Z', '2021-05-03T19:33:12.015Z');
INSERT INTO pt_specializes_in VALUES ('Treva47@gmail.com', 'Ponie', 14);

INSERT INTO person VALUES ('Vida_Kemmer76@hotmail.com', 'Turner Medhurst', '$2b$10$KjlGkoYo.X.yATkN6hl68.XrsugUQg7OlianYEcfUaXurwiZUzylK', '4705 Rolfson Highway', 90148146, 'user', 'https://s3.amazonaws.com/uifaces/faces/twitter/ryanjohnson_me/128.jpg');
INSERT INTO part_time_ct VALUES ('Vida_Kemmer76@hotmail.com');
INSERT INTO pt_free_schedule VALUES ('Vida_Kemmer76@hotmail.com', '2020-11-05T11:26:58.945Z', '2021-07-13T00:02:24.483Z');
INSERT INTO pt_specializes_in VALUES ('Vida_Kemmer76@hotmail.com', 'Guinea Fowl', 12);

INSERT INTO person VALUES ('Hudson32@gmail.com', 'Clinton Gerhold', '$2b$10$KjlGkoYo.X.yATkN6hl68.cUmRe1q8Dgn.tdWAhiSrLMwsQRIrIK6', '8571 Jessyca Lodge', 90472518, 'user', 'https://s3.amazonaws.com/uifaces/faces/twitter/themikenagle/128.jpg');

INSERT INTO person VALUES ('Brant.Dickinson24@gmail.com', 'Ali Langworth', '$2b$10$KjlGkoYo.X.yATkN6hl68..xBozjqUF3H2MgWwf7kHV5Vl3n.rmSK', '5661 Ratke Fords', 90085166, 'user', 'https://s3.amazonaws.com/uifaces/faces/twitter/_shahedk/128.jpg');
INSERT INTO full_time_ct VALUES ('Brant.Dickinson24@gmail.com');

INSERT INTO person VALUES ('Ryann.Hickle@hotmail.com', 'Melyna Klocko', '$2b$10$KjlGkoYo.X.yATkN6hl68.t3hNer.6oAhxX7GeBB6KyfDLH7vMBfq', '9067 Angeline Shores', 90068028, 'user', 'https://s3.amazonaws.com/uifaces/faces/twitter/imcoding/128.jpg');
INSERT INTO full_time_ct VALUES ('Ryann.Hickle@hotmail.com');
INSERT INTO ft_specializes_in VALUES ('Ryann.Hickle@hotmail.com', 'Fish', 12);

INSERT INTO person VALUES ('Gerald_Deckow81@hotmail.com', 'Shanon Douglas', '$2b$10$KjlGkoYo.X.yATkN6hl68.kwYrOtvJzSajkPiuVKXFEf/bt0OdElq', '0516 Pfannerstill Burg', 90087835, 'user', 'https://s3.amazonaws.com/uifaces/faces/twitter/josecarlospsh/128.jpg');
INSERT INTO credit_card VALUES (6489627173020786, 'Gerald_Deckow81@hotmail.com', '2022-02-21T07:25:17.898Z', 710);
INSERT INTO pet VALUES ('Brain', 'Gerald_Deckow81@hotmail.com', 'Ponie', 'Cumque eos culpa excepturi natus ullam eos quae vitae et.', 'Minus nihil voluptatem excepturi modi deleniti ipsum consequatur.');
INSERT INTO pet VALUES ('Tommie', 'Gerald_Deckow81@hotmail.com', 'Cat', 'Id laboriosam tempora dignissimos dolore officiis aut perspiciatis et pariatur.', 'Debitis debitis dignissimos.');
INSERT INTO pet VALUES ('Ellie', 'Gerald_Deckow81@hotmail.com', 'Cow', 'Eum quos corporis.', 'Veritatis voluptatem necessitatibus maiores ut voluptatem placeat ut.');

INSERT INTO person VALUES ('Aglae_Cummerata50@gmail.com', 'Jaylen Hettinger', '$2b$10$KjlGkoYo.X.yATkN6hl68..4phSX5GcYTk2Y1rAX6QA5r.YDOgDRS', '97017 Wilkinson Junctions', 90633390, 'user', 'https://s3.amazonaws.com/uifaces/faces/twitter/jennyyo/128.jpg');
INSERT INTO credit_card VALUES (4501656178917, 'Aglae_Cummerata50@gmail.com', '2022-08-28T15:00:47.654Z', 210);
INSERT INTO pet VALUES ('Elinor', 'Aglae_Cummerata50@gmail.com', 'Pot Bellied Pig', 'Ab autem voluptates necessitatibus itaque consequuntur expedita error deleniti.', 'Qui ex quidem est aut.');

INSERT INTO person VALUES ('Wanda.Nienow@hotmail.com', 'Jacynthe Rogahn', '$2b$10$KjlGkoYo.X.yATkN6hl68.81.gZl6Xgg1yVpcaLR0UI52oWjGCbiq', '36032 Parker Streets', 90142555, 'user', 'https://s3.amazonaws.com/uifaces/faces/twitter/runningskull/128.jpg');
INSERT INTO full_time_ct VALUES ('Wanda.Nienow@hotmail.com');
INSERT INTO ft_specializes_in VALUES ('Wanda.Nienow@hotmail.com', 'Hedgehog', 6);

INSERT INTO person VALUES ('Beaulah69@gmail.com', 'Willa DAmore', '$2b$10$KjlGkoYo.X.yATkN6hl68.X3c3KG7ai5W9U1RF0RZebJgaBQaEy0K', '8490 Deion Haven', 90668836, 'user', 'https://s3.amazonaws.com/uifaces/faces/twitter/Stievius/128.jpg');
INSERT INTO credit_card VALUES (3528630242264757, 'Beaulah69@gmail.com', '2021-08-06T10:46:38.001Z', 947);
INSERT INTO pet VALUES ('Timothy', 'Beaulah69@gmail.com', 'Lizard', 'Delectus et et incidunt.', 'Saepe sequi quasi vitae corporis laboriosam exercitationem id ipsum totam.');
INSERT INTO pet VALUES ('Tyrese', 'Beaulah69@gmail.com', 'Pig', 'Et consequatur architecto quam odit placeat porro sint qui rerum.', 'Qui asperiores voluptatem dolorum atque ut.');

INSERT INTO person VALUES ('Neoma45@hotmail.com', 'Cassie Ernser', '$2b$10$KjlGkoYo.X.yATkN6hl68.gohGWBFNo19WHw2Aw9tOu.xRP80RwFm', '6750 Daugherty Neck', 90247462, 'user', 'https://s3.amazonaws.com/uifaces/faces/twitter/mcflydesign/128.jpg');
INSERT INTO credit_card VALUES (3549395249516984, 'Neoma45@hotmail.com', '2022-03-06T17:33:22.327Z', 356);
INSERT INTO pet VALUES ('Melody', 'Neoma45@hotmail.com', 'Lizard', 'Ut debitis ut rerum sapiente dolores voluptatem.', 'Minima cupiditate est quae quo doloribus facere est sit saepe.');
INSERT INTO pet VALUES ('Tressie', 'Neoma45@hotmail.com', 'Mice', 'Qui voluptas necessitatibus ex.', 'Quibusdam reprehenderit qui quia.');

INSERT INTO person VALUES ('Willow.Hackett@gmail.com', 'Shayna Dooley', '$2b$10$KjlGkoYo.X.yATkN6hl68.nvKNKGvE5423.ZMjYIyRp8onUGW13im', '1160 Anibal Pike', 90917880, 'user', 'https://s3.amazonaws.com/uifaces/faces/twitter/joe_black/128.jpg');
INSERT INTO credit_card VALUES (6759766736752594, 'Willow.Hackett@gmail.com', '2021-01-08T10:23:49.653Z', 614);
INSERT INTO pet VALUES ('Vicenta', 'Willow.Hackett@gmail.com', 'Chinese Water Dragon', 'Sed autem dicta praesentium sint iure eveniet aliquid maxime.', 'Aut sit occaecati.');
INSERT INTO pet VALUES ('Rosemary', 'Willow.Hackett@gmail.com', 'Pigeon', 'Est animi enim et quis iure ab earum eveniet nihil.', 'Odio aliquid reprehenderit fuga vitae dignissimos placeat inventore quod qui.');
INSERT INTO pet VALUES ('Dolly', 'Willow.Hackett@gmail.com', 'Duck', 'Eveniet quia nihil quas numquam in vel minus.', 'Sint cumque nobis quibusdam.');

INSERT INTO person VALUES ('Chet_Funk86@gmail.com', 'Yasmine Johns', '$2b$10$KjlGkoYo.X.yATkN6hl68.sIxiT3f/3JREG1onEbD56evTzwvi6ey', '180 Karli Center', 90355507, 'user', 'https://s3.amazonaws.com/uifaces/faces/twitter/dss49/128.jpg');
INSERT INTO credit_card VALUES (4380302922794, 'Chet_Funk86@gmail.com', '2021-07-03T04:35:31.645Z', 863);

INSERT INTO person VALUES ('Judson_Weissnat@hotmail.com', 'Fanny Runolfsdottir', '$2b$10$KjlGkoYo.X.yATkN6hl68.KJ6Os7V53R3TbopbwX504nj6zjH1aAe', '943 Witting Gateway', 90465587, 'user', 'https://s3.amazonaws.com/uifaces/faces/twitter/bigmancho/128.jpg');
INSERT INTO credit_card VALUES (6759864062236407, 'Judson_Weissnat@hotmail.com', '2020-11-16T11:06:24.225Z', 766);
INSERT INTO pet VALUES ('Jade', 'Judson_Weissnat@hotmail.com', 'Chinchilla', 'Earum est vero at adipisci distinctio qui.', 'Provident provident voluptatem a est in aspernatur officia sunt dicta.');
INSERT INTO full_time_ct VALUES ('Judson_Weissnat@hotmail.com');
INSERT INTO ft_specializes_in VALUES ('Judson_Weissnat@hotmail.com', 'Hedgehog', 9);

INSERT INTO person VALUES ('Thaddeus34@yahoo.com', 'Wade Ratke', '$2b$10$KjlGkoYo.X.yATkN6hl68.hdNxh9xTEYaeFZucCDEvVyVU4unGml6', '4992 Roberts Underpass', 90977406, 'user', 'https://s3.amazonaws.com/uifaces/faces/twitter/blakehawksworth/128.jpg');

INSERT INTO person VALUES ('Meghan.Franecki38@gmail.com', 'Hellen Bosco', '$2b$10$KjlGkoYo.X.yATkN6hl68.RN6uvI.PzPDDPcGke7rhxPqsp5UzuDK', '646 Gulgowski Extension', 90405917, 'user', 'https://s3.amazonaws.com/uifaces/faces/twitter/jesseddy/128.jpg');
INSERT INTO credit_card VALUES (6011258301596668, 'Meghan.Franecki38@gmail.com', '2023-02-25T10:51:39.519Z', 148);
INSERT INTO pet VALUES ('Al', 'Meghan.Franecki38@gmail.com', 'Hedgehog', 'Dolores omnis unde sunt reiciendis ipsa molestias sit ut molestiae.', 'Nostrum ipsa magni ex dolorem.');
INSERT INTO pet VALUES ('Velma', 'Meghan.Franecki38@gmail.com', 'Iguana', 'Voluptas dignissimos qui id.', 'Non voluptas aut possimus ullam velit quae.');
INSERT INTO pet VALUES ('Edwardo', 'Meghan.Franecki38@gmail.com', 'Pig', 'Debitis commodi ratione dignissimos cumque est corrupti.', 'Temporibus minus cumque.');

INSERT INTO person VALUES ('Lora53@gmail.com', 'Gino Hamill', '$2b$10$KjlGkoYo.X.yATkN6hl68.rjJSqMJixreMQ6wTNF65ACRLSKn8f4u', '0478 Koepp Cliffs', 90664788, 'user', 'https://s3.amazonaws.com/uifaces/faces/twitter/adrienths/128.jpg');
INSERT INTO credit_card VALUES (6759070488316401, 'Lora53@gmail.com', '2025-03-15T09:50:04.229Z', 764);
INSERT INTO pet VALUES ('Darwin', 'Lora53@gmail.com', 'Llama', 'Dolores reiciendis ut voluptatibus voluptates quis quis soluta.', 'Sunt deleniti reiciendis iure sint natus quia odio.');
INSERT INTO pet VALUES ('Audra', 'Lora53@gmail.com', 'Rabbit', 'Sint provident odit occaecati illo.', 'Et quisquam distinctio voluptatum dolor dolore voluptatibus doloremque accusantium.');

INSERT INTO person VALUES ('Phoebe.Stoltenberg29@gmail.com', 'Shad OReilly', '$2b$10$KjlGkoYo.X.yATkN6hl68.aJFer/lQxPxlLIlvuDO7QzVAiUtnWUi', '507 Adele Junctions', 90543238, 'user', 'https://s3.amazonaws.com/uifaces/faces/twitter/posterjob/128.jpg');
INSERT INTO full_time_ct VALUES ('Phoebe.Stoltenberg29@gmail.com');

INSERT INTO person VALUES ('Elvis_Heathcote7@yahoo.com', 'Darryl Welch', '$2b$10$KjlGkoYo.X.yATkN6hl68.8jfEFiIluBC8zSxxa04Q0NuN3Z7SZ8.', '030 OReilly Lodge', 90426413, 'user', 'https://s3.amazonaws.com/uifaces/faces/twitter/bublienko/128.jpg');
INSERT INTO credit_card VALUES (6759877368129121, 'Elvis_Heathcote7@yahoo.com', '2021-08-12T08:11:08.708Z', 064);
INSERT INTO part_time_ct VALUES ('Elvis_Heathcote7@yahoo.com');
INSERT INTO pt_free_schedule VALUES ('Elvis_Heathcote7@yahoo.com', '2020-11-05T00:02:19.104Z', '2021-06-19T08:35:00.068Z');
INSERT INTO pt_specializes_in VALUES ('Elvis_Heathcote7@yahoo.com', 'Chinese Water Dragon', 11);
INSERT INTO pt_specializes_in VALUES ('Elvis_Heathcote7@yahoo.com', 'Hog', 1);

INSERT INTO person VALUES ('Gideon_Powlowski57@yahoo.com', 'Alanis Corwin', '$2b$10$KjlGkoYo.X.yATkN6hl68.GmJbITcs6kP7yDahd7/EEsvLNU66x0K', '75399 Cleveland Plaza', 90130663, 'user', 'https://s3.amazonaws.com/uifaces/faces/twitter/divya/128.jpg');
INSERT INTO credit_card VALUES (4215441420501406, 'Gideon_Powlowski57@yahoo.com', '2024-06-17T01:43:28.549Z', 314);
INSERT INTO pet VALUES ('Evert', 'Gideon_Powlowski57@yahoo.com', 'Burro', 'Dolorum temporibus vel veritatis voluptatem dolor quo eaque aliquam.', 'Aperiam qui esse dolor eum totam voluptatum.');
INSERT INTO pet VALUES ('Jackeline', 'Gideon_Powlowski57@yahoo.com', 'Horse', 'Officiis aliquam consectetur aut iste enim placeat.', 'Dolor harum sit sit sint sint in quae.');
INSERT INTO pet VALUES ('America', 'Gideon_Powlowski57@yahoo.com', 'Chameleons (Veiled)', 'Vel id sed.', 'Laboriosam sequi facere.');
INSERT INTO full_time_ct VALUES ('Gideon_Powlowski57@yahoo.com');

INSERT INTO person VALUES ('Roxane77@gmail.com', 'Maci Hilll', '$2b$10$KjlGkoYo.X.yATkN6hl68.0Otp12omIgXmRyKoZQup1peuQiU4my.', '760 Hahn Point', 90398239, 'user', 'https://s3.amazonaws.com/uifaces/faces/twitter/nastya_mane/128.jpg');
INSERT INTO part_time_ct VALUES ('Roxane77@gmail.com');
INSERT INTO pt_free_schedule VALUES ('Roxane77@gmail.com', '2020-11-04T15:41:38.203Z', '2021-01-31T06:06:46.311Z');
INSERT INTO pt_specializes_in VALUES ('Roxane77@gmail.com', 'Cow', 19);

INSERT INTO person VALUES ('Armand.Fisher62@gmail.com', 'Miles Rutherford', '$2b$10$KjlGkoYo.X.yATkN6hl68.gkoS.btdg0nOHJKtXJdyx2DzCLxJOR6', '350 Thiel Squares', 90889548, 'user', 'https://s3.amazonaws.com/uifaces/faces/twitter/martip07/128.jpg');
INSERT INTO credit_card VALUES (6767793751227414, 'Armand.Fisher62@gmail.com', '2022-01-07T03:30:55.019Z', 322);
INSERT INTO pet VALUES ('Marc', 'Armand.Fisher62@gmail.com', 'Guinea Pig', 'Et at eligendi iure ea commodi eum iure totam sed.', 'Ad quidem mollitia ut.');
INSERT INTO pet VALUES ('Sydnie', 'Armand.Fisher62@gmail.com', 'Fish', 'Facilis laborum ipsa rem.', 'Et perferendis quasi delectus porro qui velit vel.');

INSERT INTO person VALUES ('Katlynn_West@gmail.com', 'Cody Herman', '$2b$10$KjlGkoYo.X.yATkN6hl68./xON7QIbVt9w3Knhxj2ZwwvKAk0BM8i', '154 Borer Viaduct', 90192424, 'user', 'https://s3.amazonaws.com/uifaces/faces/twitter/gaborenton/128.jpg');
INSERT INTO part_time_ct VALUES ('Katlynn_West@gmail.com');
INSERT INTO pt_free_schedule VALUES ('Katlynn_West@gmail.com', '2020-11-05T09:14:16.939Z', '2021-01-29T08:45:27.895Z');
INSERT INTO pt_specializes_in VALUES ('Katlynn_West@gmail.com', 'Chinese Water Dragon', 4);
INSERT INTO pt_specializes_in VALUES ('Katlynn_West@gmail.com', 'Hog', 12);

INSERT INTO person VALUES ('Greyson32@yahoo.com', 'Estevan Hammes', '$2b$10$KjlGkoYo.X.yATkN6hl68.eoW8ApeL23xiyelqoVSmsZ0oCt251DO', '682 Clark Tunnel', 90617290, 'user', 'https://s3.amazonaws.com/uifaces/faces/twitter/mds/128.jpg');

INSERT INTO person VALUES ('Mary_Daniel@hotmail.com', 'Bonita Nolan', '$2b$10$KjlGkoYo.X.yATkN6hl68.woYLLf7mYQqDRzERuLDvpGA8l0Sz9vC', '39230 Cary Station', 90589151, 'user', 'https://s3.amazonaws.com/uifaces/faces/twitter/alexivanichkin/128.jpg');
INSERT INTO credit_card VALUES (5499106436258137, 'Mary_Daniel@hotmail.com', '2021-09-03T00:18:20.774Z', 734);
INSERT INTO pet VALUES ('Jeffery', 'Mary_Daniel@hotmail.com', 'Lizard', 'Libero porro repellat et ab molestiae perspiciatis rerum optio saepe.', 'Autem ut consequatur et a at.');
INSERT INTO pet VALUES ('Everette', 'Mary_Daniel@hotmail.com', 'Geese (Chinese Swan Goose)', 'Soluta at officiis sed velit occaecati ex unde.', 'Quia recusandae reprehenderit blanditiis odit vel nemo eos ipsam.');

INSERT INTO person VALUES ('Anabel46@yahoo.com', 'Cecilia Kub', '$2b$10$KjlGkoYo.X.yATkN6hl68.QtSUNYWZRoJQSP257fqy6aiUg4Q3bYm', '330 Schumm Hollow', 90427340, 'user', 'https://s3.amazonaws.com/uifaces/faces/twitter/buddhasource/128.jpg');
INSERT INTO credit_card VALUES (6304433306155687, 'Anabel46@yahoo.com', '2021-06-13T20:46:25.707Z', 466);
INSERT INTO pet VALUES ('Yvette', 'Anabel46@yahoo.com', 'Pot Bellied Pig', 'Fugit est voluptas aut.', 'Dicta unde autem eveniet possimus nihil nemo.');
INSERT INTO pet VALUES ('Kendra', 'Anabel46@yahoo.com', 'Geese (Chinese Swan Goose)', 'Quo soluta vero similique dolore omnis voluptas.', 'Id quia fuga.');
INSERT INTO full_time_ct VALUES ('Anabel46@yahoo.com');
INSERT INTO ft_specializes_in VALUES ('Anabel46@yahoo.com', 'Mule', 14);

INSERT INTO person VALUES ('Emmet85@hotmail.com', 'Eugenia Hegmann', '$2b$10$KjlGkoYo.X.yATkN6hl68.smpzPwCLmhswgKCArxAkXHLWVcackC6', '6110 Kreiger Forges', 90461849, 'user', 'https://s3.amazonaws.com/uifaces/faces/twitter/dparrelli/128.jpg');
INSERT INTO credit_card VALUES (6447629770422680, 'Emmet85@hotmail.com', '2024-03-08T17:09:39.655Z', 744);
INSERT INTO pet VALUES ('Marilyne', 'Emmet85@hotmail.com', 'Hamster', 'Occaecati ut sed id.', 'Inventore omnis distinctio.');

INSERT INTO person VALUES ('Merlin.Klocko49@yahoo.com', 'Nayeli Carter', '$2b$10$KjlGkoYo.X.yATkN6hl68.njlwV1sQ.ltVrfjpBwQjCacHkzrQlKK', '487 Buck Shoals', 90059282, 'user', 'https://s3.amazonaws.com/uifaces/faces/twitter/mufaddal_mw/128.jpg');
INSERT INTO credit_card VALUES (4498932502859, 'Merlin.Klocko49@yahoo.com', '2021-06-03T21:18:38.537Z', 875);
INSERT INTO pet VALUES ('Nils', 'Merlin.Klocko49@yahoo.com', 'Horse', 'Consequatur magnam qui doloribus nobis accusantium et enim est.', 'Id pariatur rem explicabo aperiam eveniet saepe quo quas nisi.');

INSERT INTO person VALUES ('Orie_Swift24@hotmail.com', 'Amely Spencer', '$2b$10$KjlGkoYo.X.yATkN6hl68.5612i2PA6d6PVmf4wOxmEstkzPGmwTe', '87077 Leda Mountains', 90171364, 'user', 'https://s3.amazonaws.com/uifaces/faces/twitter/chris_witko/128.jpg');
INSERT INTO credit_card VALUES (3528015792396227, 'Orie_Swift24@hotmail.com', '2021-07-24T15:38:05.601Z', 251);
INSERT INTO pet VALUES ('Alayna', 'Orie_Swift24@hotmail.com', 'Fish', 'Qui quae adipisci.', 'Minima iusto magnam quia repellendus quia consequatur reprehenderit non.');

INSERT INTO person VALUES ('Kirk44@hotmail.com', 'Kody Mayer', '$2b$10$KjlGkoYo.X.yATkN6hl68.xCjnKquW/l63nC1HkfB6/Vn5s3G9n7i', '9986 Christiansen Valley', 90360533, 'user', 'https://s3.amazonaws.com/uifaces/faces/twitter/nckjrvs/128.jpg');
INSERT INTO credit_card VALUES (5038897465145928, 'Kirk44@hotmail.com', '2021-02-07T14:26:04.272Z', 620);
INSERT INTO pet VALUES ('Corene', 'Kirk44@hotmail.com', 'Hog', 'Ratione voluptatibus enim necessitatibus doloremque non nihil.', 'Aut totam totam nesciunt cupiditate autem ut voluptatum.');

INSERT INTO person VALUES ('Kiarra21@gmail.com', 'Gladyce Volkman', '$2b$10$KjlGkoYo.X.yATkN6hl68.vgvS1qzm1xSCyXIRrsANdjd4DTNbr.u', '45845 Luettgen Squares', 90223629, 'user', 'https://s3.amazonaws.com/uifaces/faces/twitter/alxndrustinov/128.jpg');

INSERT INTO person VALUES ('Aisha_Schultz@yahoo.com', 'Kellie Sporer', '$2b$10$KjlGkoYo.X.yATkN6hl68.7XQW0jI8tRQY/3Tb2MnGn8mUKUqkB/.', '8234 Carson Radial', 90175897, 'user', 'https://s3.amazonaws.com/uifaces/faces/twitter/jeffgolenski/128.jpg');
INSERT INTO part_time_ct VALUES ('Aisha_Schultz@yahoo.com');
INSERT INTO pt_free_schedule VALUES ('Aisha_Schultz@yahoo.com', '2020-11-05T01:02:31.402Z', '2021-04-26T17:03:39.479Z');
INSERT INTO pt_specializes_in VALUES ('Aisha_Schultz@yahoo.com', 'Ponie', 20);

INSERT INTO person VALUES ('Johann.Romaguera35@gmail.com', 'Sheridan Waelchi', '$2b$10$KjlGkoYo.X.yATkN6hl68.LCEwCVS8pbm0aRlrxiKxpjwONLkg1jG', '31234 Sim Shores', 90902408, 'user', 'https://s3.amazonaws.com/uifaces/faces/twitter/steynviljoen/128.jpg');
INSERT INTO full_time_ct VALUES ('Johann.Romaguera35@gmail.com');
INSERT INTO ft_specializes_in VALUES ('Johann.Romaguera35@gmail.com', 'Gerbil', 10);

INSERT INTO person VALUES ('Devyn52@gmail.com', 'Herminia Dickens', '$2b$10$KjlGkoYo.X.yATkN6hl68.HYCfGdu63NQvSZW03X1gAafBW0MlzI2', '335 Tiana Point', 90548569, 'user', 'https://s3.amazonaws.com/uifaces/faces/twitter/sprayaga/128.jpg');

INSERT INTO person VALUES ('Kobe.Cole@gmail.com', 'Mekhi Rosenbaum', '$2b$10$KjlGkoYo.X.yATkN6hl68.dbX7x1hTqy9R3lvN3NkscsF3fc2Ku8m', '2008 Jimmie Shore', 90799541, 'user', 'https://s3.amazonaws.com/uifaces/faces/twitter/joemdesign/128.jpg');
INSERT INTO part_time_ct VALUES ('Kobe.Cole@gmail.com');
INSERT INTO pt_free_schedule VALUES ('Kobe.Cole@gmail.com', '2020-11-05T12:18:39.814Z', '2021-03-06T16:51:24.559Z');
INSERT INTO pt_specializes_in VALUES ('Kobe.Cole@gmail.com', 'Ponie', 2);

INSERT INTO person VALUES ('Adah43@yahoo.com', 'Kenton Schmidt', '$2b$10$KjlGkoYo.X.yATkN6hl68../VwLsCk0S0I.SHmfnRTC3ggA7.5sJG', '664 Huel Throughway', 90872432, 'user', 'https://s3.amazonaws.com/uifaces/faces/twitter/mattbilotti/128.jpg');

INSERT INTO person VALUES ('Jordan.Corkery@gmail.com', 'Tyson Baumbach', '$2b$10$KjlGkoYo.X.yATkN6hl68.B3NsXFazK/2/ir1FeecGz9P46zRwtae', '679 Stracke Rest', 90321052, 'user', 'https://s3.amazonaws.com/uifaces/faces/twitter/djsherman/128.jpg');
INSERT INTO credit_card VALUES (374093900667354, 'Jordan.Corkery@gmail.com', '2023-01-29T02:12:00.694Z', 333);
INSERT INTO full_time_ct VALUES ('Jordan.Corkery@gmail.com');
INSERT INTO ft_specializes_in VALUES ('Jordan.Corkery@gmail.com', 'Duck', 20);

INSERT INTO person VALUES ('Francisca.Ruecker@gmail.com', 'Gideon Senger', '$2b$10$KjlGkoYo.X.yATkN6hl68.cqRWtlElutJO/wbA9ZxX6y3gVq1SIBC', '18160 Dietrich Club', 90353621, 'user', 'https://s3.amazonaws.com/uifaces/faces/twitter/josemarques/128.jpg');

INSERT INTO person VALUES ('Alaina.Kovacek95@gmail.com', 'Selmer Beahan', '$2b$10$KjlGkoYo.X.yATkN6hl68.Fw.VTy.stug4ucn.FRGyNFNoKV9d2GK', '5069 Amaya Locks', 90535840, 'user', 'https://s3.amazonaws.com/uifaces/faces/twitter/pixage/128.jpg');
INSERT INTO credit_card VALUES (6393161750032027, 'Alaina.Kovacek95@gmail.com', '2020-12-17T03:52:25.678Z', 469);
INSERT INTO pet VALUES ('Lane', 'Alaina.Kovacek95@gmail.com', 'Bearded Dragon', 'Maxime eius nihil inventore sed laudantium laudantium vero quia aliquid.', 'Aut non in voluptatem odio tenetur voluptas.');
INSERT INTO full_time_ct VALUES ('Alaina.Kovacek95@gmail.com');
INSERT INTO ft_specializes_in VALUES ('Alaina.Kovacek95@gmail.com', 'Dog', 11);

INSERT INTO person VALUES ('Crystel_Hermann3@gmail.com', 'Jocelyn Little', '$2b$10$KjlGkoYo.X.yATkN6hl68.Ur8cohWAruwBfxiHf.FobLqCX0X1Jl2', '753 Major Locks', 90326872, 'user', 'https://s3.amazonaws.com/uifaces/faces/twitter/madebybrenton/128.jpg');
INSERT INTO credit_card VALUES (6384348881007221, 'Crystel_Hermann3@gmail.com', '2022-06-25T21:11:20.701Z', 562);

INSERT INTO person VALUES ('Kristin.Lind38@yahoo.com', 'Margie Kuvalis', '$2b$10$KjlGkoYo.X.yATkN6hl68.6pIK48NVtBR5ExBUkRf9sFEh7WwgHTG', '19687 Carroll Bridge', 90450031, 'user', 'https://s3.amazonaws.com/uifaces/faces/twitter/bertboerland/128.jpg');

INSERT INTO person VALUES ('Ebony.Dickinson@yahoo.com', 'Bonita Hyatt', '$2b$10$KjlGkoYo.X.yATkN6hl68.ru10JfnpXSD/zjCtJmgxiVSE9v4y7we', '58517 Prosacco Mission', 90381568, 'user', 'https://s3.amazonaws.com/uifaces/faces/twitter/maiklam/128.jpg');
INSERT INTO part_time_ct VALUES ('Ebony.Dickinson@yahoo.com');
INSERT INTO pt_free_schedule VALUES ('Ebony.Dickinson@yahoo.com', '2020-11-04T17:49:13.445Z', '2021-07-30T21:34:10.840Z');

INSERT INTO person VALUES ('Bernadine18@yahoo.com', 'Marques Jacobson', '$2b$10$KjlGkoYo.X.yATkN6hl68.WkAYW12Bx2CgQ/MjQrquz3n6CJBLPJO', '62582 Marian Grove', 90989358, 'user', 'https://s3.amazonaws.com/uifaces/faces/twitter/charliegann/128.jpg');
INSERT INTO credit_card VALUES (6759169196666258, 'Bernadine18@yahoo.com', '2023-06-18T16:01:56.470Z', 005);
INSERT INTO pet VALUES ('Lemuel', 'Bernadine18@yahoo.com', 'Horse', 'Corrupti neque dolorem earum quis nulla qui perferendis voluptatem maiores.', 'Ipsum maxime maiores est sunt id ipsa architecto aut.');
INSERT INTO pet VALUES ('Sophia', 'Bernadine18@yahoo.com', 'Peafowl', 'Vitae et amet eum similique.', 'Consequatur nobis quaerat cupiditate eligendi asperiores voluptatum rerum.');
INSERT INTO pet VALUES ('Dorthy', 'Bernadine18@yahoo.com', 'Chameleons (Veiled)', 'In dolore quasi tempora.', 'Blanditiis itaque aliquid quis sit consequatur dicta officia repudiandae similique.');

INSERT INTO person VALUES ('Fredy46@gmail.com', 'Raphaelle Watsica', '$2b$10$KjlGkoYo.X.yATkN6hl68.O5Kjgzafoxfhy0JWOqzOkylgpAhaIkO', '4535 Miller Ramp', 90908705, 'user', 'https://s3.amazonaws.com/uifaces/faces/twitter/hellofeverrrr/128.jpg');
INSERT INTO full_time_ct VALUES ('Fredy46@gmail.com');
INSERT INTO ft_specializes_in VALUES ('Fredy46@gmail.com', 'Cow', 9);
INSERT INTO ft_specializes_in VALUES ('Fredy46@gmail.com', 'Duck', 18);
INSERT INTO ft_specializes_in VALUES ('Fredy46@gmail.com', 'Pot Bellied Pig', 15);

INSERT INTO person VALUES ('Lauriane.Kuhlman49@gmail.com', 'Nona OKon', '$2b$10$KjlGkoYo.X.yATkN6hl68.432fs/W9On5NEiqzPyCMqsI2EOJJz06', '83609 Edd Inlet', 90239346, 'user', 'https://s3.amazonaws.com/uifaces/faces/twitter/akmalfikri/128.jpg');
INSERT INTO credit_card VALUES (6304822087335021, 'Lauriane.Kuhlman49@gmail.com', '2024-10-21T12:04:17.287Z', 151);
INSERT INTO pet VALUES ('Jackie', 'Lauriane.Kuhlman49@gmail.com', 'Bearded Dragon', 'Voluptas itaque harum eveniet similique quia.', 'Commodi beatae consequuntur voluptates temporibus ea aliquid.');
INSERT INTO pet VALUES ('Blanca', 'Lauriane.Kuhlman49@gmail.com', 'Pot Bellied Pig', 'Praesentium aut totam.', 'Dolores veniam modi a quisquam quia sed.');

INSERT INTO person VALUES ('Isai49@gmail.com', 'Marjolaine Murphy', '$2b$10$KjlGkoYo.X.yATkN6hl68.XlH.4Fnw1fuDuBeM.tEhBlpaTTTEd3.', '79653 Arielle Curve', 90105684, 'user', 'https://s3.amazonaws.com/uifaces/faces/twitter/edhenderson/128.jpg');

INSERT INTO person VALUES ('Sigmund66@gmail.com', 'Devonte Kilback', '$2b$10$KjlGkoYo.X.yATkN6hl68.cvsRv6zNErb0BlraqKaClBYQVDG5VhO', '33029 Boehm Avenue', 90103018, 'user', 'https://s3.amazonaws.com/uifaces/faces/twitter/allagringaus/128.jpg');
INSERT INTO credit_card VALUES (6759746781788844, 'Sigmund66@gmail.com', '2023-04-23T09:05:34.698Z', 745);
INSERT INTO pet VALUES ('Wallace', 'Sigmund66@gmail.com', 'Chinchilla', 'Dicta accusantium totam.', 'Ut reiciendis nobis.');
INSERT INTO pet VALUES ('Nils', 'Sigmund66@gmail.com', 'Gecko', 'Laboriosam consequatur debitis est.', 'Quidem pariatur animi sed suscipit pariatur fuga voluptatem dolores.');
INSERT INTO pet VALUES ('Herbert', 'Sigmund66@gmail.com', 'Duck', 'Quo repudiandae blanditiis velit quo corporis velit recusandae maxime at.', 'Ea eum amet voluptatem similique est provident amet voluptatem distinctio.');

INSERT INTO person VALUES ('Dudley_Balistreri99@hotmail.com', 'Daron Labadie', '$2b$10$KjlGkoYo.X.yATkN6hl68.AlaWENR1CjAsMA9FJJ77zAm2KxwzEPa', '00681 Wendell Wells', 90956172, 'user', 'https://s3.amazonaws.com/uifaces/faces/twitter/bboy1895/128.jpg');
INSERT INTO credit_card VALUES (6771898725537598, 'Dudley_Balistreri99@hotmail.com', '2021-07-25T18:13:43.705Z', 683);
INSERT INTO pet VALUES ('Kenyatta', 'Dudley_Balistreri99@hotmail.com', 'Llama', 'Praesentium deserunt illo optio adipisci non hic ipsa nisi.', 'Nihil explicabo eum magni velit consequatur.');
INSERT INTO part_time_ct VALUES ('Dudley_Balistreri99@hotmail.com');
INSERT INTO pt_free_schedule VALUES ('Dudley_Balistreri99@hotmail.com', '2020-11-05T00:46:40.711Z', '2021-08-12T18:52:45.943Z');

INSERT INTO person VALUES ('Judge36@yahoo.com', 'Rick Pacocha', '$2b$10$KjlGkoYo.X.yATkN6hl68.56AiQUe2WnIenDKAzOTo1lvEmOtC.x6', '75476 McDermott Way', 90144821, 'user', 'https://s3.amazonaws.com/uifaces/faces/twitter/mdsisto/128.jpg');
INSERT INTO credit_card VALUES (3529073255528791, 'Judge36@yahoo.com', '2024-02-08T08:40:28.559Z', 496);
INSERT INTO pet VALUES ('Dannie', 'Judge36@yahoo.com', 'Mice', 'Qui sapiente qui voluptas pariatur.', 'Debitis deserunt dolor similique.');
INSERT INTO full_time_ct VALUES ('Judge36@yahoo.com');
INSERT INTO ft_specializes_in VALUES ('Judge36@yahoo.com', 'Chinese Water Dragon', 16);

INSERT INTO person VALUES ('Rita_Lebsack@gmail.com', 'Aglae Cronin', '$2b$10$KjlGkoYo.X.yATkN6hl68.3S9t0/GhuP.151TpWh8Aj4ZoxSgASrS', '553 Braun Village', 90295830, 'user', 'https://s3.amazonaws.com/uifaces/faces/twitter/switmer777/128.jpg');
INSERT INTO credit_card VALUES (30034208104110, 'Rita_Lebsack@gmail.com', '2022-08-19T05:13:23.629Z', 676);
INSERT INTO pet VALUES ('Madaline', 'Rita_Lebsack@gmail.com', 'Fish', 'Aperiam aut placeat doloribus quidem in pariatur deserunt.', 'Voluptatem omnis doloremque quia sed voluptas mollitia ipsum ipsum.');

INSERT INTO person VALUES ('Matteo.Gaylord43@yahoo.com', 'Broderick Johnston', '$2b$10$KjlGkoYo.X.yATkN6hl68.bDc7wsdla8iWGSJgsMCxmZugvAdqb9e', '1436 Schaden Ports', 90792359, 'user', 'https://s3.amazonaws.com/uifaces/faces/twitter/GavicoInd/128.jpg');

INSERT INTO person VALUES ('Brook22@hotmail.com', 'Rodolfo Hettinger', '$2b$10$KjlGkoYo.X.yATkN6hl68.8dfB7p.rXZ82DVn7bioHi8VK0mWpgEy', '31401 Kristian Mountain', 90374323, 'user', 'https://s3.amazonaws.com/uifaces/faces/twitter/popey/128.jpg');
INSERT INTO credit_card VALUES (6771926310383373, 'Brook22@hotmail.com', '2021-07-18T02:06:32.893Z', 728);
INSERT INTO pet VALUES ('Stacey', 'Brook22@hotmail.com', 'Duck', 'Quis reiciendis et qui ea.', 'Repellat voluptatum ab magni quia enim ea voluptatem impedit.');
INSERT INTO pet VALUES ('Paige', 'Brook22@hotmail.com', 'Hog', 'Cupiditate iste culpa et quidem nihil explicabo provident sed.', 'Aliquid consectetur molestiae exercitationem expedita ipsa placeat sapiente nemo.');
INSERT INTO pet VALUES ('Coralie', 'Brook22@hotmail.com', 'Chinese Water Dragon', 'Dolor qui ut sed.', 'Maxime molestiae vitae et quas cum et nobis quia.');

INSERT INTO person VALUES ('Viva_Runolfsson@hotmail.com', 'Magnolia Bins', '$2b$10$KjlGkoYo.X.yATkN6hl68.xUTnVCLnST3z06cliaK4uaMzXvoyIvm', '861 Joyce Crossroad', 90868303, 'user', 'https://s3.amazonaws.com/uifaces/faces/twitter/liminha/128.jpg');
INSERT INTO credit_card VALUES (6304367760399417, 'Viva_Runolfsson@hotmail.com', '2025-08-07T08:52:44.492Z', 422);
INSERT INTO pet VALUES ('Irma', 'Viva_Runolfsson@hotmail.com', 'Lizard', 'Illum eos hic sed doloribus ipsa.', 'Ex incidunt ut beatae sed praesentium repellat quos.');

INSERT INTO person VALUES ('Caitlyn.Gaylord@yahoo.com', 'Cornell Effertz', '$2b$10$KjlGkoYo.X.yATkN6hl68.cFef0lJRKJJOgonp56qJlW7fwxzHhU.', '72078 Henri Mission', 90483809, 'user', 'https://s3.amazonaws.com/uifaces/faces/twitter/edhenderson/128.jpg');

INSERT INTO person VALUES ('Max96@hotmail.com', 'Madelyn Botsford', '$2b$10$KjlGkoYo.X.yATkN6hl68.LvdBZBMO3KUBEJWTIGOO3moXb1gt166', '66862 Bayer Brooks', 90685241, 'user', 'https://s3.amazonaws.com/uifaces/faces/twitter/justinrob/128.jpg');
INSERT INTO credit_card VALUES (4310084956973, 'Max96@hotmail.com', '2021-01-06T21:31:08.762Z', 285);
INSERT INTO pet VALUES ('Lee', 'Max96@hotmail.com', 'Hamster', 'At earum labore possimus aut quidem.', 'Molestias ea ipsam temporibus voluptatem impedit perferendis.');
INSERT INTO pet VALUES ('Elwin', 'Max96@hotmail.com', 'Duck', 'Repudiandae et repellat officiis maiores est est itaque consequatur maiores.', 'Quis expedita sed.');
INSERT INTO pet VALUES ('Deven', 'Max96@hotmail.com', 'Peafowl', 'Aliquam vel quidem ut officiis.', 'Autem repellendus illo labore quam dolores recusandae neque eos.');
INSERT INTO full_time_ct VALUES ('Max96@hotmail.com');
INSERT INTO ft_specializes_in VALUES ('Max96@hotmail.com', 'Chinese Water Dragon', 6);
INSERT INTO ft_specializes_in VALUES ('Max96@hotmail.com', 'Fish', 0);

INSERT INTO person VALUES ('Lew.Davis@gmail.com', 'Felicita Bednar', '$2b$10$KjlGkoYo.X.yATkN6hl68.OJRUe9oDsiNn9tiqNg4eUrQlW08S5aG', '624 Leuschke Trafficway', 90390219, 'user', 'https://s3.amazonaws.com/uifaces/faces/twitter/samgrover/128.jpg');
INSERT INTO part_time_ct VALUES ('Lew.Davis@gmail.com');
INSERT INTO pt_free_schedule VALUES ('Lew.Davis@gmail.com', '2020-11-04T23:37:05.522Z', '2021-05-06T06:09:11.630Z');

INSERT INTO person VALUES ('Elijah.Crona@yahoo.com', 'Russell Abshire', '$2b$10$KjlGkoYo.X.yATkN6hl68.HPqiEqkdvzGfBVG9SWx0yCsJ/VbmCJO', '0323 Gottlieb Underpass', 90550267, 'user', 'https://s3.amazonaws.com/uifaces/faces/twitter/solid_color/128.jpg');

INSERT INTO person VALUES ('Cloyd.Rogahn@gmail.com', 'Salma Corkery', '$2b$10$KjlGkoYo.X.yATkN6hl68.M7WVBpMKsx7KU5Po1mizavt1LJlfMwa', '942 Adrien Port', 90366477, 'user', 'https://s3.amazonaws.com/uifaces/faces/twitter/elenadissi/128.jpg');
INSERT INTO full_time_ct VALUES ('Cloyd.Rogahn@gmail.com');

INSERT INTO person VALUES ('Prince_Veum91@hotmail.com', 'Brett Kautzer', '$2b$10$KjlGkoYo.X.yATkN6hl68.GeF.3JEvztOm9HZIkEBsuI8.We6BDVm', '625 Angela Plains', 90147349, 'user', 'https://s3.amazonaws.com/uifaces/faces/twitter/mtolokonnikov/128.jpg');
INSERT INTO credit_card VALUES (6767230824651921, 'Prince_Veum91@hotmail.com', '2021-12-23T10:42:46.663Z', 691);

INSERT INTO person VALUES ('Abelardo.Volkman44@gmail.com', 'Jayme Reilly', '$2b$10$KjlGkoYo.X.yATkN6hl68.2MixNgiBOSjPU7Bb7QsNxJT.1C7ubie', '508 OHara Ville', 90418540, 'user', 'https://s3.amazonaws.com/uifaces/faces/twitter/eitarafa/128.jpg');
INSERT INTO credit_card VALUES (6562626466185191, 'Abelardo.Volkman44@gmail.com', '2021-01-16T09:25:06.226Z', 624);
INSERT INTO pet VALUES ('Henderson', 'Abelardo.Volkman44@gmail.com', 'Chameleons (Veiled)', 'Consequuntur ullam expedita voluptatibus.', 'Enim consectetur dolor consequatur non qui vel itaque culpa.');
INSERT INTO pet VALUES ('Jerry', 'Abelardo.Volkman44@gmail.com', 'Donkey', 'Dolorum et quia commodi.', 'Pariatur illum repellat dolore deleniti.');
INSERT INTO full_time_ct VALUES ('Abelardo.Volkman44@gmail.com');

INSERT INTO person VALUES ('Lavonne89@gmail.com', 'Emilia Schulist', '$2b$10$KjlGkoYo.X.yATkN6hl68.5jT1zMP5Why1KvC4Oheyi.yz2JitDae', '690 Murphy Wall', 90683386, 'user', 'https://s3.amazonaws.com/uifaces/faces/twitter/nwdsha/128.jpg');
INSERT INTO credit_card VALUES (6759847839677358, 'Lavonne89@gmail.com', '2021-05-26T22:32:23.255Z', 123);
INSERT INTO pet VALUES ('Afton', 'Lavonne89@gmail.com', 'Goat', 'Nam vel culpa sint vel in voluptatem culpa.', 'Laudantium et quo et modi officia eos qui consequatur totam.');
INSERT INTO pet VALUES ('Aida', 'Lavonne89@gmail.com', 'Rabbit', 'Repudiandae vero quia voluptatem qui necessitatibus vitae placeat commodi.', 'Ab ex autem ea aliquid.');
INSERT INTO pet VALUES ('Isaiah', 'Lavonne89@gmail.com', 'Hedgehog', 'Adipisci non est qui quibusdam est non.', 'Quam eius non.');
INSERT INTO full_time_ct VALUES ('Lavonne89@gmail.com');
INSERT INTO ft_specializes_in VALUES ('Lavonne89@gmail.com', 'Bird', 14);
INSERT INTO ft_specializes_in VALUES ('Lavonne89@gmail.com', 'Lizard', 5);
INSERT INTO ft_specializes_in VALUES ('Lavonne89@gmail.com', 'Pigeon', 9);

INSERT INTO person VALUES ('Flavie.Tremblay@hotmail.com', 'Adonis Steuber', '$2b$10$KjlGkoYo.X.yATkN6hl68.FToUJ6nv9TX7Tr53cPYbiGLYhbsoOnG', '893 Palma Flat', 90381325, 'user', 'https://s3.amazonaws.com/uifaces/faces/twitter/smaczny/128.jpg');

INSERT INTO person VALUES ('Jacinto_Kertzmann49@hotmail.com', 'Kacey Cartwright', '$2b$10$KjlGkoYo.X.yATkN6hl68.5O./q2pFxbrLLhFA0MepdX0Q6UKkwNy', '9672 Laverna Gardens', 90439005, 'user', 'https://s3.amazonaws.com/uifaces/faces/twitter/mizhgan/128.jpg');
INSERT INTO part_time_ct VALUES ('Jacinto_Kertzmann49@hotmail.com');
INSERT INTO pt_free_schedule VALUES ('Jacinto_Kertzmann49@hotmail.com', '2020-11-05T11:12:05.111Z', '2020-11-08T15:53:38.577Z');

INSERT INTO person VALUES ('Lavina.Huel@gmail.com', 'Jayne Williamson', '$2b$10$KjlGkoYo.X.yATkN6hl68.qqZiHDRjJRkP25.VEm3QcL67dNVyFAq', '6039 Oberbrunner Stream', 90796207, 'user', 'https://s3.amazonaws.com/uifaces/faces/twitter/kimcool/128.jpg');

INSERT INTO person VALUES ('Alexys_Kshlerin62@gmail.com', 'Aylin Kreiger', '$2b$10$KjlGkoYo.X.yATkN6hl68.I622EioBOELJtgkG2pidjTrfIQXHZWu', '17031 Cristobal Lane', 90886323, 'user', 'https://s3.amazonaws.com/uifaces/faces/twitter/zaki3d/128.jpg');
INSERT INTO full_time_ct VALUES ('Alexys_Kshlerin62@gmail.com');

INSERT INTO person VALUES ('Citlalli.Glover36@hotmail.com', 'Carmen Ondricka', '$2b$10$KjlGkoYo.X.yATkN6hl68.WAGujBvR9FW/vlrYMhqrE6DqA0qM/B2', '511 Christiansen Harbor', 90892250, 'user', 'https://s3.amazonaws.com/uifaces/faces/twitter/ganserene/128.jpg');
INSERT INTO credit_card VALUES (6759639567798184, 'Citlalli.Glover36@hotmail.com', '2020-12-06T19:21:42.548Z', 699);
INSERT INTO pet VALUES ('Rossie', 'Citlalli.Glover36@hotmail.com', 'Geese (Chinese Swan Goose)', 'Dignissimos atque ab iure libero aut voluptatibus quas vero aut.', 'Odio distinctio cum est earum sapiente ut.');
INSERT INTO pet VALUES ('Hilario', 'Citlalli.Glover36@hotmail.com', 'Pigeon', 'Quia consequatur magnam et illum.', 'Est omnis voluptate minus rerum rem velit accusamus earum.');

INSERT INTO person VALUES ('Alison_Runte8@hotmail.com', 'Richie Wiegand', '$2b$10$KjlGkoYo.X.yATkN6hl68.6a1wnGvhXw.0.lKtc9.sHSHk.smomsy', '446 Guido Pines', 90556293, 'user', 'https://s3.amazonaws.com/uifaces/faces/twitter/edkf/128.jpg');
INSERT INTO credit_card VALUES (6759332805307235, 'Alison_Runte8@hotmail.com', '2021-10-08T20:31:43.372Z', 375);

INSERT INTO person VALUES ('Mariam.Beier41@hotmail.com', 'Melody Morissette', '$2b$10$KjlGkoYo.X.yATkN6hl68.JcpHRVSjiPN4jVc4JyqCZxwugfak6Km', '72407 Neha Station', 90805685, 'user', 'https://s3.amazonaws.com/uifaces/faces/twitter/Chakintosh/128.jpg');
INSERT INTO credit_card VALUES (374291715607201, 'Mariam.Beier41@hotmail.com', '2020-12-25T18:35:30.224Z', 919);
INSERT INTO part_time_ct VALUES ('Mariam.Beier41@hotmail.com');
INSERT INTO pt_free_schedule VALUES ('Mariam.Beier41@hotmail.com', '2020-11-05T04:58:58.288Z', '2020-12-18T00:52:58.765Z');

INSERT INTO person VALUES ('Stephanie_Price@yahoo.com', 'Manley Yundt', '$2b$10$KjlGkoYo.X.yATkN6hl68.eM2iB3q0V8gARM4TLL5umSQ972w.k6y', '0731 Edgar Hills', 90637849, 'user', 'https://s3.amazonaws.com/uifaces/faces/twitter/robbschiller/128.jpg');

INSERT INTO person VALUES ('Juwan_Pacocha@yahoo.com', 'Pauline Runte', '$2b$10$KjlGkoYo.X.yATkN6hl68.866CXNMJEN.rvwCICu02KrwG6Yr3G86', '1477 Stehr Ridges', 90856094, 'user', 'https://s3.amazonaws.com/uifaces/faces/twitter/mutlu82/128.jpg');

INSERT INTO person VALUES ('Anais41@hotmail.com', 'Porter Carroll', '$2b$10$KjlGkoYo.X.yATkN6hl68.qOvnQscOl7i1HgjMwmTJpxiku/I06K2', '31721 Alfonzo Freeway', 90207286, 'user', 'https://s3.amazonaws.com/uifaces/faces/twitter/kerem/128.jpg');
INSERT INTO credit_card VALUES (3528370453632358, 'Anais41@hotmail.com', '2022-03-07T10:37:51.128Z', 799);
INSERT INTO pet VALUES ('Bessie', 'Anais41@hotmail.com', 'Lizard', 'Expedita quam tempore voluptatem dolorum tempore.', 'Cum incidunt optio consequatur ut et ut.');
INSERT INTO pet VALUES ('Adolf', 'Anais41@hotmail.com', 'Llama', 'Sunt iusto qui aspernatur velit numquam quas ut enim.', 'Et ut libero sed nemo.');
INSERT INTO pet VALUES ('Ines', 'Anais41@hotmail.com', 'Bird', 'Quia aut harum aut.', 'Et recusandae facere dolor est.');
INSERT INTO part_time_ct VALUES ('Anais41@hotmail.com');
INSERT INTO pt_free_schedule VALUES ('Anais41@hotmail.com', '2020-11-04T20:19:03.398Z', '2021-02-23T11:47:14.056Z');
INSERT INTO pt_specializes_in VALUES ('Anais41@hotmail.com', 'Guinea Fowl', 15);
INSERT INTO pt_specializes_in VALUES ('Anais41@hotmail.com', 'Hamster', 19);

INSERT INTO person VALUES ('Corine22@gmail.com', 'Reginald Jacobs', '$2b$10$KjlGkoYo.X.yATkN6hl68.qOCcuuUz6i4zCAKiSkqCPQttukheO0G', '13749 Alana Row', 90812914, 'user', 'https://s3.amazonaws.com/uifaces/faces/twitter/Talbi_ConSept/128.jpg');
INSERT INTO full_time_ct VALUES ('Corine22@gmail.com');
INSERT INTO ft_specializes_in VALUES ('Corine22@gmail.com', 'Horse', 18);

INSERT INTO person VALUES ('Chasity_Prohaska@yahoo.com', 'April Ortiz', '$2b$10$KjlGkoYo.X.yATkN6hl68.tJ0hhHIsM.9SUwiElYj4C4.8famUtXS', '869 Chester Terrace', 90303639, 'user', 'https://s3.amazonaws.com/uifaces/faces/twitter/nicollerich/128.jpg');
INSERT INTO part_time_ct VALUES ('Chasity_Prohaska@yahoo.com');
INSERT INTO pt_free_schedule VALUES ('Chasity_Prohaska@yahoo.com', '2020-11-05T02:54:08.120Z', '2021-01-02T00:10:42.900Z');
INSERT INTO pt_specializes_in VALUES ('Chasity_Prohaska@yahoo.com', 'Duck', 0);

INSERT INTO person VALUES ('Triston_Dooley89@hotmail.com', 'Elinore Johnson', '$2b$10$KjlGkoYo.X.yATkN6hl68.SQavwdZnIuyy3uxoSDOTmOeU4Xs2pmK', '701 Gislason Center', 90740648, 'user', 'https://s3.amazonaws.com/uifaces/faces/twitter/coreyginnivan/128.jpg');
INSERT INTO credit_card VALUES (6759388835549260, 'Triston_Dooley89@hotmail.com', '2023-07-22T20:46:20.378Z', 597);
INSERT INTO full_time_ct VALUES ('Triston_Dooley89@hotmail.com');

INSERT INTO person VALUES ('Lee_Hane@yahoo.com', 'Royal Schroeder', '$2b$10$KjlGkoYo.X.yATkN6hl68.BoT.U3/gxpEAeyHuUghzEiQOua4wb96', '2611 Russel Meadow', 90419973, 'user', 'https://s3.amazonaws.com/uifaces/faces/twitter/josemarques/128.jpg');

INSERT INTO person VALUES ('Aracely_Lehner@yahoo.com', 'Mollie Shanahan', '$2b$10$KjlGkoYo.X.yATkN6hl68.sP.qiKyaINiC44Gtof00saHAIyzwZ5q', '7112 Elwyn Greens', 90567823, 'user', 'https://s3.amazonaws.com/uifaces/faces/twitter/GavicoInd/128.jpg');
INSERT INTO full_time_ct VALUES ('Aracely_Lehner@yahoo.com');
INSERT INTO ft_specializes_in VALUES ('Aracely_Lehner@yahoo.com', 'Mice', 3);

INSERT INTO person VALUES ('Werner.Blanda43@hotmail.com', 'Gladyce Bruen', '$2b$10$KjlGkoYo.X.yATkN6hl68.Kk4X3lXhgS64TL.BGSEUTaJCqJjNWiO', '1895 Volkman Rest', 90734030, 'user', 'https://s3.amazonaws.com/uifaces/faces/twitter/nasirwd/128.jpg');

INSERT INTO person VALUES ('Guillermo_Rogahn54@yahoo.com', 'Dayne Greenholt', '$2b$10$KjlGkoYo.X.yATkN6hl68.Tgor5nhkSUTIqS1i3a8z65QTuaySoBa', '2826 Williamson Run', 90412163, 'user', 'https://s3.amazonaws.com/uifaces/faces/twitter/rickyyean/128.jpg');
INSERT INTO credit_card VALUES (342767906529691, 'Guillermo_Rogahn54@yahoo.com', '2021-10-15T14:34:18.216Z', 355);
INSERT INTO part_time_ct VALUES ('Guillermo_Rogahn54@yahoo.com');
INSERT INTO pt_free_schedule VALUES ('Guillermo_Rogahn54@yahoo.com', '2020-11-04T17:50:06.924Z', '2021-07-07T07:24:56.939Z');

INSERT INTO person VALUES ('Eriberto48@gmail.com', 'Norma Koelpin', '$2b$10$KjlGkoYo.X.yATkN6hl68.L05G/ociVBYIwNkxWXVH6qEQwYX3Nem', '360 Dominique Orchard', 90265595, 'user', 'https://s3.amazonaws.com/uifaces/faces/twitter/supjoey/128.jpg');
INSERT INTO credit_card VALUES (6759026476758279, 'Eriberto48@gmail.com', '2021-04-18T08:44:50.178Z', 895);
INSERT INTO pet VALUES ('Coralie', 'Eriberto48@gmail.com', 'Cow', 'Reprehenderit tempore sunt in illo est deleniti.', 'Quis exercitationem quis consequatur laborum placeat corporis excepturi amet.');
INSERT INTO pet VALUES ('Gavin', 'Eriberto48@gmail.com', 'Lizard', 'Non omnis odit sit laudantium odit ut nemo quia et.', 'Dolores rerum dolor corporis aliquid aliquam modi aut vel.');
INSERT INTO pet VALUES ('Nedra', 'Eriberto48@gmail.com', 'Bearded Dragon', 'Quidem non ipsum autem explicabo hic dolores sed velit facere.', 'Eos facere ut est pariatur pariatur enim consequatur.');

INSERT INTO person VALUES ('Yvette77@yahoo.com', 'Boris Parisian', '$2b$10$KjlGkoYo.X.yATkN6hl68.yQsaH2gRZQJJoGmZV/huimoQIGbvF1O', '8078 Pfannerstill Cliff', 90738778, 'user', 'https://s3.amazonaws.com/uifaces/faces/twitter/orkuncaylar/128.jpg');

INSERT INTO person VALUES ('Bethany_Hagenes@hotmail.com', 'Deion Kemmer', '$2b$10$KjlGkoYo.X.yATkN6hl68.A9/DEBx5bsVkj9DWf5OzwRFQa/.Hw2K', '7321 Irma Lodge', 90700918, 'user', 'https://s3.amazonaws.com/uifaces/faces/twitter/kkusaa/128.jpg');

INSERT INTO person VALUES ('Gerard.Kreiger11@yahoo.com', 'June Bins', '$2b$10$KjlGkoYo.X.yATkN6hl68.CJXIRFIzh/W4cBNujvTPsferT3dggj6', '91956 Dashawn Hills', 90449222, 'user', 'https://s3.amazonaws.com/uifaces/faces/twitter/geshan/128.jpg');
INSERT INTO part_time_ct VALUES ('Gerard.Kreiger11@yahoo.com');
INSERT INTO pt_free_schedule VALUES ('Gerard.Kreiger11@yahoo.com', '2020-11-04T17:43:10.613Z', '2021-10-10T07:24:29.633Z');

INSERT INTO person VALUES ('Jacques46@hotmail.com', 'Eldred Douglas', '$2b$10$KjlGkoYo.X.yATkN6hl68.Sxwdn6NnRh1ay2l6rCw3/yqm.I/RH5G', '1686 Douglas Causeway', 90332145, 'user', 'https://s3.amazonaws.com/uifaces/faces/twitter/stevedesigner/128.jpg');
INSERT INTO credit_card VALUES (6759660047609424, 'Jacques46@hotmail.com', '2023-09-28T17:14:53.940Z', 723);
INSERT INTO part_time_ct VALUES ('Jacques46@hotmail.com');
INSERT INTO pt_free_schedule VALUES ('Jacques46@hotmail.com', '2020-11-05T04:29:08.579Z', '2021-04-01T01:05:51.011Z');
INSERT INTO pt_specializes_in VALUES ('Jacques46@hotmail.com', 'Chicken', 18);
INSERT INTO pt_specializes_in VALUES ('Jacques46@hotmail.com', 'Donkey', 0);

INSERT INTO person VALUES ('Brenda_Schuppe@gmail.com', 'Adonis Rolfson', '$2b$10$KjlGkoYo.X.yATkN6hl68.aTuNRI3XcL8dOTEt.7udbPpCFXRjPm6', '60024 Callie Coves', 90668760, 'user', 'https://s3.amazonaws.com/uifaces/faces/twitter/mds/128.jpg');
INSERT INTO full_time_ct VALUES ('Brenda_Schuppe@gmail.com');
INSERT INTO ft_specializes_in VALUES ('Brenda_Schuppe@gmail.com', 'Dog', 10);

INSERT INTO person VALUES ('Ulices_Goyette@hotmail.com', 'Garland Schowalter', '$2b$10$KjlGkoYo.X.yATkN6hl68.cxbx/UjvRRElSQtEOs/c4M/gj7BFQP.', '06065 Rath Flat', 90621388, 'user', 'https://s3.amazonaws.com/uifaces/faces/twitter/vovkasolovev/128.jpg');

INSERT INTO person VALUES ('Peyton.Jenkins78@yahoo.com', 'Myrna Kertzmann', '$2b$10$KjlGkoYo.X.yATkN6hl68.d77dyyygNff2QYpgQE0zRenCTQiCJ36', '176 Taylor Rapids', 90646218, 'user', 'https://s3.amazonaws.com/uifaces/faces/twitter/johndezember/128.jpg');

INSERT INTO person VALUES ('Juvenal.Schowalter@hotmail.com', 'Kira Waters', '$2b$10$KjlGkoYo.X.yATkN6hl68.bV3FYEDQ7alU9mP8.zFLPFQU8MC5xSy', '90809 Runolfsdottir Stravenue', 90683648, 'user', 'https://s3.amazonaws.com/uifaces/faces/twitter/mohanrohith/128.jpg');
INSERT INTO credit_card VALUES (5546636127901471, 'Juvenal.Schowalter@hotmail.com', '2021-01-11T01:20:03.839Z', 546);
INSERT INTO full_time_ct VALUES ('Juvenal.Schowalter@hotmail.com');

INSERT INTO person VALUES ('Fiona.Maggio@yahoo.com', 'Bell Schaden', '$2b$10$KjlGkoYo.X.yATkN6hl68.VpebS7IZfUF2T71omch8GfzaSjB4Yr2', '066 Leuschke Port', 90417056, 'user', 'https://s3.amazonaws.com/uifaces/faces/twitter/lhausermann/128.jpg');
INSERT INTO credit_card VALUES (6767584653563058, 'Fiona.Maggio@yahoo.com', '2020-11-19T07:08:58.317Z', 759);
INSERT INTO pet VALUES ('Glenda', 'Fiona.Maggio@yahoo.com', 'Goat', 'Enim quis numquam.', 'Voluptatum saepe culpa omnis tempora quod reprehenderit qui.');
INSERT INTO pet VALUES ('Peter', 'Fiona.Maggio@yahoo.com', 'Dog', 'Laborum autem totam distinctio.', 'Quaerat excepturi veniam rerum fugiat.');

INSERT INTO person VALUES ('Caleb25@yahoo.com', 'Suzanne Gaylord', '$2b$10$KjlGkoYo.X.yATkN6hl68.s0szP9lNQOjUPWyeafK0QuBckOruDUG', '49031 DuBuque Centers', 90059259, 'user', 'https://s3.amazonaws.com/uifaces/faces/twitter/kimcool/128.jpg');
INSERT INTO credit_card VALUES (3529460986607717, 'Caleb25@yahoo.com', '2023-02-27T22:50:57.997Z', 915);
INSERT INTO part_time_ct VALUES ('Caleb25@yahoo.com');
INSERT INTO pt_free_schedule VALUES ('Caleb25@yahoo.com', '2020-11-05T11:56:49.159Z', '2020-11-24T13:43:46.217Z');

INSERT INTO person VALUES ('Jarrod_Schowalter@hotmail.com', 'Ella Zieme', '$2b$10$KjlGkoYo.X.yATkN6hl68.ZxEuwvwVkhJA5id4LHorkK83T8DlxT6', '675 Rowe Bridge', 90147927, 'user', 'https://s3.amazonaws.com/uifaces/faces/twitter/normanbox/128.jpg');
INSERT INTO part_time_ct VALUES ('Jarrod_Schowalter@hotmail.com');
INSERT INTO pt_free_schedule VALUES ('Jarrod_Schowalter@hotmail.com', '2020-11-05T00:21:15.099Z', '2021-06-24T18:50:32.781Z');

INSERT INTO person VALUES ('Trisha31@hotmail.com', 'Fidel Ullrich', '$2b$10$KjlGkoYo.X.yATkN6hl68.6db.9pHtzUxbuYxDdarnPC8lGA7D/ie', '391 Dan Prairie', 90106892, 'user', 'https://s3.amazonaws.com/uifaces/faces/twitter/uberschizo/128.jpg');
INSERT INTO credit_card VALUES (346926603405441, 'Trisha31@hotmail.com', '2021-03-26T09:45:39.242Z', 584);
INSERT INTO pet VALUES ('Yasmin', 'Trisha31@hotmail.com', 'Llama', 'Odio quos non.', 'Aut veniam saepe.');
INSERT INTO part_time_ct VALUES ('Trisha31@hotmail.com');
INSERT INTO pt_free_schedule VALUES ('Trisha31@hotmail.com', '2020-11-04T17:06:26.899Z', '2021-04-20T10:38:25.141Z');
INSERT INTO pt_specializes_in VALUES ('Trisha31@hotmail.com', 'Cat', 5);
INSERT INTO pt_specializes_in VALUES ('Trisha31@hotmail.com', 'Chicken', 18);
INSERT INTO pt_specializes_in VALUES ('Trisha31@hotmail.com', 'Ferret', 2);

INSERT INTO person VALUES ('Maximus_Funk93@gmail.com', 'Theron Pollich', '$2b$10$KjlGkoYo.X.yATkN6hl68.rWcOGZJ2L0vGirYsqKAEowxxC.7OgJK', '0707 Johnson Parkway', 90938760, 'user', 'https://s3.amazonaws.com/uifaces/faces/twitter/colirpixoil/128.jpg');
INSERT INTO credit_card VALUES (6759026413509307, 'Maximus_Funk93@gmail.com', '2021-09-01T06:40:53.586Z', 021);
INSERT INTO pet VALUES ('Tobin', 'Maximus_Funk93@gmail.com', 'Cat', 'A nam dignissimos sapiente voluptatibus dignissimos dicta autem quod assumenda.', 'Nemo et aperiam iure.');
INSERT INTO part_time_ct VALUES ('Maximus_Funk93@gmail.com');
INSERT INTO pt_free_schedule VALUES ('Maximus_Funk93@gmail.com', '2020-11-05T05:33:14.097Z', '2021-03-31T02:07:52.981Z');
INSERT INTO pt_specializes_in VALUES ('Maximus_Funk93@gmail.com', 'Geese (Chinese Swan Goose)', 18);
INSERT INTO pt_specializes_in VALUES ('Maximus_Funk93@gmail.com', 'Hamster', 7);
INSERT INTO pt_specializes_in VALUES ('Maximus_Funk93@gmail.com', 'Pot Bellied Pig', 17);

INSERT INTO person VALUES ('Nikki.Labadie9@gmail.com', 'Augusta Jenkins', '$2b$10$KjlGkoYo.X.yATkN6hl68.9tNozKvTjGhEv2LVaDxo2OiuQVyIAYS', '601 Nolan Crescent', 90397531, 'user', 'https://s3.amazonaws.com/uifaces/faces/twitter/aio___/128.jpg');
INSERT INTO credit_card VALUES (6762357406317902, 'Nikki.Labadie9@gmail.com', '2021-10-24T16:09:01.844Z', 628);

INSERT INTO person VALUES ('Regan.Fay90@gmail.com', 'Jarrod Muller', '$2b$10$KjlGkoYo.X.yATkN6hl68.iUFmurgllbcOK6D8KXFvpikX7ggdp4q', '264 Noemy Streets', 90369247, 'user', 'https://s3.amazonaws.com/uifaces/faces/twitter/leonfedotov/128.jpg');
INSERT INTO part_time_ct VALUES ('Regan.Fay90@gmail.com');
INSERT INTO pt_free_schedule VALUES ('Regan.Fay90@gmail.com', '2020-11-05T12:36:53.928Z', '2021-03-28T09:21:34.130Z');
INSERT INTO pt_specializes_in VALUES ('Regan.Fay90@gmail.com', 'Guinea Pig', 1);
INSERT INTO pt_specializes_in VALUES ('Regan.Fay90@gmail.com', 'Hedgehog', 4);
INSERT INTO pt_specializes_in VALUES ('Regan.Fay90@gmail.com', 'Pigeon', 10);

INSERT INTO person VALUES ('Payton.Heller6@hotmail.com', 'Larry Satterfield', '$2b$10$KjlGkoYo.X.yATkN6hl68.nfJAxyfR4daftyY9L3WChNrV77PGDZK', '70942 Zemlak Plain', 90670562, 'user', 'https://s3.amazonaws.com/uifaces/faces/twitter/adammarsbar/128.jpg');
INSERT INTO credit_card VALUES (5268624889494083, 'Payton.Heller6@hotmail.com', '2024-12-30T01:56:07.267Z', 023);
INSERT INTO pet VALUES ('Reina', 'Payton.Heller6@hotmail.com', 'Mule', 'Dolore quia quo illum voluptatem.', 'Rerum et sed quibusdam.');
INSERT INTO pet VALUES ('Magdalena', 'Payton.Heller6@hotmail.com', 'Ferret', 'Ipsum numquam sunt facere.', 'Tempora ut in nulla velit eligendi modi.');
INSERT INTO pet VALUES ('Kade', 'Payton.Heller6@hotmail.com', 'Hedgehog', 'Velit iusto perspiciatis ipsa.', 'Et natus veniam provident molestiae ut unde consequatur dolor.');
INSERT INTO full_time_ct VALUES ('Payton.Heller6@hotmail.com');
INSERT INTO ft_specializes_in VALUES ('Payton.Heller6@hotmail.com', 'Bearded Dragon', 14);
INSERT INTO ft_specializes_in VALUES ('Payton.Heller6@hotmail.com', 'Cow', 2);
INSERT INTO ft_specializes_in VALUES ('Payton.Heller6@hotmail.com', 'Mice', 2);

INSERT INTO person VALUES ('Verdie58@gmail.com', 'Pat Hansen', '$2b$10$KjlGkoYo.X.yATkN6hl68.4HB1otcvPzbnzmdoqOPxeaXH.bg0PCW', '143 Armand Cliffs', 90403081, 'user', 'https://s3.amazonaws.com/uifaces/faces/twitter/codepoet_ru/128.jpg');
INSERT INTO credit_card VALUES (379797125184473, 'Verdie58@gmail.com', '2022-08-17T20:04:01.521Z', 790);
INSERT INTO pet VALUES ('Omari', 'Verdie58@gmail.com', 'Gecko', 'Suscipit voluptatibus ea.', 'Possimus culpa neque accusamus iure voluptates error impedit.');
INSERT INTO pet VALUES ('Magdalena', 'Verdie58@gmail.com', 'Pig', 'In cumque et.', 'Consequatur occaecati cum.');
INSERT INTO part_time_ct VALUES ('Verdie58@gmail.com');
INSERT INTO pt_free_schedule VALUES ('Verdie58@gmail.com', '2020-11-05T03:01:18.894Z', '2021-08-01T10:31:52.486Z');
INSERT INTO pt_specializes_in VALUES ('Verdie58@gmail.com', 'Donkey', 7);
INSERT INTO pt_specializes_in VALUES ('Verdie58@gmail.com', 'Gecko', 3);

INSERT INTO person VALUES ('Susana_Schumm@hotmail.com', 'Sonia Tremblay', '$2b$10$KjlGkoYo.X.yATkN6hl68.uFWdVOQzxA0Z1C8hH2Hqvb2Omp.CpgS', '53448 Wehner Neck', 90834162, 'user', 'https://s3.amazonaws.com/uifaces/faces/twitter/jagan123/128.jpg');
INSERT INTO credit_card VALUES (4367985648458001, 'Susana_Schumm@hotmail.com', '2023-06-28T06:11:24.565Z', 469);
INSERT INTO pet VALUES ('Johnson', 'Susana_Schumm@hotmail.com', 'Iguana', 'Nisi consectetur culpa minus eos.', 'Dolor magnam velit necessitatibus ut perspiciatis.');
INSERT INTO pet VALUES ('Thora', 'Susana_Schumm@hotmail.com', 'Cat', 'Doloremque quisquam aut.', 'Dolorum autem quo occaecati necessitatibus sed dolorem ducimus.');
INSERT INTO pet VALUES ('Ralph', 'Susana_Schumm@hotmail.com', 'Guinea Fowl', 'Voluptatem dolor ducimus tenetur nihil qui voluptates.', 'Consequatur odio sed ducimus ut sed architecto labore.');

INSERT INTO person VALUES ('Annalise_Dach78@gmail.com', 'Mallie Renner', '$2b$10$KjlGkoYo.X.yATkN6hl68.sZf7L6qqyat9bDtjrKXcdMgEDZPU3cW', '0052 Jamel Knolls', 90067287, 'user', 'https://s3.amazonaws.com/uifaces/faces/twitter/creartinc/128.jpg');

INSERT INTO person VALUES ('Bella_Miller96@hotmail.com', 'Ottilie Krajcik', '$2b$10$KjlGkoYo.X.yATkN6hl68.axNYnwfuyh3svT2aIbNOJ2mv1uSg80y', '7909 Medhurst Island', 90963133, 'user', 'https://s3.amazonaws.com/uifaces/faces/twitter/martip07/128.jpg');
INSERT INTO credit_card VALUES (5320765308691132, 'Bella_Miller96@hotmail.com', '2021-05-20T07:53:26.823Z', 935);

INSERT INTO person VALUES ('Gavin.Gleason@gmail.com', 'Carlie Swift', '$2b$10$KjlGkoYo.X.yATkN6hl68.xDB/hkOELDDevB.lRTSvRWmYlIytdAy', '35507 Borer Walk', 90251642, 'user', 'https://s3.amazonaws.com/uifaces/faces/twitter/bigmancho/128.jpg');
INSERT INTO credit_card VALUES (6759614125839532, 'Gavin.Gleason@gmail.com', '2021-03-15T05:13:24.579Z', 735);
INSERT INTO pet VALUES ('Rigoberto', 'Gavin.Gleason@gmail.com', 'Chameleons (Veiled)', 'Non quo et quia aliquid commodi ducimus soluta.', 'Tempore atque et rerum optio.');
INSERT INTO pet VALUES ('Lee', 'Gavin.Gleason@gmail.com', 'Mule', 'Exercitationem repudiandae laboriosam eaque quidem pariatur rerum.', 'Perferendis unde corrupti magnam et sed.');
INSERT INTO pet VALUES ('Alvis', 'Gavin.Gleason@gmail.com', 'Gecko', 'Nihil quia tenetur ipsam molestiae veniam odio non incidunt.', 'Repellat hic vero atque accusamus.');
INSERT INTO full_time_ct VALUES ('Gavin.Gleason@gmail.com');
INSERT INTO ft_specializes_in VALUES ('Gavin.Gleason@gmail.com', 'Cat', 15);
INSERT INTO ft_specializes_in VALUES ('Gavin.Gleason@gmail.com', 'Donkey', 15);
INSERT INTO ft_specializes_in VALUES ('Gavin.Gleason@gmail.com', 'Horse', 17);

INSERT INTO person VALUES ('Abbie_Pagac@hotmail.com', 'Oda Parker', '$2b$10$KjlGkoYo.X.yATkN6hl68.z3i.VWv/YcKvx3U3TEA/ByhpZNAtvcq', '61464 Adrien Plain', 90738171, 'user', 'https://s3.amazonaws.com/uifaces/faces/twitter/ariffsetiawan/128.jpg');
INSERT INTO credit_card VALUES (377754400289236, 'Abbie_Pagac@hotmail.com', '2023-12-20T05:19:31.678Z', 586);
INSERT INTO pet VALUES ('Miracle', 'Abbie_Pagac@hotmail.com', 'Mice', 'Recusandae inventore sint vel velit perspiciatis.', 'Nesciunt adipisci dolore non est animi itaque sint distinctio sapiente.');
INSERT INTO pet VALUES ('Citlalli', 'Abbie_Pagac@hotmail.com', 'Gerbil', 'Doloremque architecto qui.', 'Incidunt est possimus.');
INSERT INTO pet VALUES ('Sarah', 'Abbie_Pagac@hotmail.com', 'Guinea Fowl', 'Eum ullam a ut atque mollitia repellendus nihil sed.', 'Repudiandae natus ut.');

INSERT INTO person VALUES ('Gavin.Collins@hotmail.com', 'Philip Heller', '$2b$10$KjlGkoYo.X.yATkN6hl68.o1l6PKiL20fEZvTwPAZlSumXiYJmxyG', '419 Turcotte Street', 90203968, 'user', 'https://s3.amazonaws.com/uifaces/faces/twitter/naupintos/128.jpg');
INSERT INTO credit_card VALUES (5020930283042905, 'Gavin.Collins@hotmail.com', '2021-01-22T09:22:33.154Z', 308);
INSERT INTO pet VALUES ('Frankie', 'Gavin.Collins@hotmail.com', 'Guinea Pig', 'Optio optio est architecto in.', 'Non dolore a odio.');
INSERT INTO pet VALUES ('Mallory', 'Gavin.Collins@hotmail.com', 'Ponie', 'Praesentium blanditiis omnis ipsam ea molestias repellat.', 'Ea voluptates et eius soluta numquam dolorem.');
INSERT INTO pet VALUES ('Burdette', 'Gavin.Collins@hotmail.com', 'Lizard', 'Sunt quia rerum quisquam reiciendis accusamus quaerat iusto veritatis.', 'Et odit odio qui vel voluptatem facilis dolores illum corporis.');

INSERT INTO person VALUES ('Jettie11@gmail.com', 'Alana Nader', '$2b$10$KjlGkoYo.X.yATkN6hl68.GZY8zdk5YFN/yNohKVOsJUYhxPmNIWW', '151 Jacynthe Divide', 90567388, 'user', 'https://s3.amazonaws.com/uifaces/faces/twitter/dhooyenga/128.jpg');

INSERT INTO person VALUES ('Ryleigh_Dooley87@hotmail.com', 'Bobby OConner', '$2b$10$KjlGkoYo.X.yATkN6hl68./UEl3gNQvJI5R9drIvAsFuUi3RpMUy.', '278 Robbie Branch', 90285173, 'user', 'https://s3.amazonaws.com/uifaces/faces/twitter/elenadissi/128.jpg');
INSERT INTO credit_card VALUES (5020358288520914, 'Ryleigh_Dooley87@hotmail.com', '2023-06-13T02:17:19.936Z', 340);
INSERT INTO pet VALUES ('Dario', 'Ryleigh_Dooley87@hotmail.com', 'Llama', 'Natus nam voluptatem facilis est facere veniam quae veritatis.', 'Assumenda rem voluptas consequatur laudantium ab quas.');
INSERT INTO pet VALUES ('Johan', 'Ryleigh_Dooley87@hotmail.com', 'Cat', 'Odit eos animi.', 'Natus reiciendis cum reiciendis fugiat corrupti in at officiis.');
INSERT INTO full_time_ct VALUES ('Ryleigh_Dooley87@hotmail.com');
INSERT INTO ft_specializes_in VALUES ('Ryleigh_Dooley87@hotmail.com', 'Gecko', 8);
INSERT INTO ft_specializes_in VALUES ('Ryleigh_Dooley87@hotmail.com', 'Gerbil', 14);
INSERT INTO ft_specializes_in VALUES ('Ryleigh_Dooley87@hotmail.com', 'Rabbit', 7);

INSERT INTO person VALUES ('Orin_Bosco@gmail.com', 'Ephraim Halvorson', '$2b$10$KjlGkoYo.X.yATkN6hl68.eD07WDI0yJPf8N2HSE3SgJXE60nKfoK', '66031 Everardo Well', 90802050, 'user', 'https://s3.amazonaws.com/uifaces/faces/twitter/wim1k/128.jpg');
INSERT INTO credit_card VALUES (5459826210857667, 'Orin_Bosco@gmail.com', '2021-02-12T10:44:35.616Z', 483);

INSERT INTO person VALUES ('Larissa_McClure@yahoo.com', 'Ivy Volkman', '$2b$10$KjlGkoYo.X.yATkN6hl68.ZRswsnMz/o6l1s3GjPud.S9Y7nupyFO', '71422 Isabella Burg', 90768238, 'user', 'https://s3.amazonaws.com/uifaces/faces/twitter/meelford/128.jpg');
INSERT INTO credit_card VALUES (6767647908210789, 'Larissa_McClure@yahoo.com', '2022-02-26T05:34:06.888Z', 553);
INSERT INTO pet VALUES ('Roberto', 'Larissa_McClure@yahoo.com', 'Pigeon', 'Eos in molestiae repudiandae necessitatibus quibusdam.', 'Vero quia cumque recusandae.');

INSERT INTO person VALUES ('Orlo_Heaney@gmail.com', 'Peyton Fahey', '$2b$10$KjlGkoYo.X.yATkN6hl68.7dg/csmKarTBVpni4QQ5xWeY1wcaRYu', '426 Suzanne Ville', 90733820, 'user', 'https://s3.amazonaws.com/uifaces/faces/twitter/bpartridge/128.jpg');

INSERT INTO person VALUES ('Isobel.Jaskolski21@gmail.com', 'Emerald Tillman', '$2b$10$KjlGkoYo.X.yATkN6hl68.AeltYas.hYDjgE.1YImTuaO0sxAkuu2', '170 Lind Shore', 90918174, 'user', 'https://s3.amazonaws.com/uifaces/faces/twitter/d_kobelyatsky/128.jpg');
INSERT INTO part_time_ct VALUES ('Isobel.Jaskolski21@gmail.com');
INSERT INTO pt_free_schedule VALUES ('Isobel.Jaskolski21@gmail.com', '2020-11-05T09:31:39.429Z', '2021-10-22T04:45:58.198Z');
INSERT INTO pt_specializes_in VALUES ('Isobel.Jaskolski21@gmail.com', 'Cat', 4);
INSERT INTO pt_specializes_in VALUES ('Isobel.Jaskolski21@gmail.com', 'Chinese Water Dragon', 12);

INSERT INTO person VALUES ('Georgiana_Schumm86@gmail.com', 'Hans Schinner', '$2b$10$KjlGkoYo.X.yATkN6hl68.3ElaxRYLA9lo6DAclHxtyAWqIQQ3mpa', '995 Waters Roads', 90611173, 'user', 'https://s3.amazonaws.com/uifaces/faces/twitter/hsinyo23/128.jpg');

INSERT INTO person VALUES ('Demarco.Herzog89@hotmail.com', 'Thea Breitenberg', '$2b$10$KjlGkoYo.X.yATkN6hl68.az1SA8IqipdLrEundT/04HTYqg2O7qy', '94840 Wellington Locks', 90926114, 'user', 'https://s3.amazonaws.com/uifaces/faces/twitter/Karimmove/128.jpg');
INSERT INTO part_time_ct VALUES ('Demarco.Herzog89@hotmail.com');
INSERT INTO pt_free_schedule VALUES ('Demarco.Herzog89@hotmail.com', '2020-11-05T02:36:33.515Z', '2021-03-30T13:37:11.632Z');
INSERT INTO pt_specializes_in VALUES ('Demarco.Herzog89@hotmail.com', 'Ferret', 20);
INSERT INTO pt_specializes_in VALUES ('Demarco.Herzog89@hotmail.com', 'Llama', 10);
INSERT INTO pt_specializes_in VALUES ('Demarco.Herzog89@hotmail.com', 'Lizard', 9);

INSERT INTO person VALUES ('Jodie37@yahoo.com', 'Doris Ward', '$2b$10$KjlGkoYo.X.yATkN6hl68.alRVQigG/K7I80YpRJLHhJCU9jS4iYG', '6988 Grady Dale', 90424118, 'user', 'https://s3.amazonaws.com/uifaces/faces/twitter/foczzi/128.jpg');
INSERT INTO credit_card VALUES (6304475057317234, 'Jodie37@yahoo.com', '2020-11-08T23:01:06.410Z', 115);
INSERT INTO pet VALUES ('Britney', 'Jodie37@yahoo.com', 'Gecko', 'Saepe nisi sed ullam dolorem alias beatae.', 'Et voluptatem consectetur minima.');
INSERT INTO pet VALUES ('Easter', 'Jodie37@yahoo.com', 'Gecko', 'Recusandae dolor dolor eligendi officiis voluptatem quasi eos qui commodi.', 'Iure ut omnis sint sed tempora incidunt in quis dolor.');

INSERT INTO person VALUES ('Dock43@yahoo.com', 'Tressie Little', '$2b$10$KjlGkoYo.X.yATkN6hl68.CAeRNFIusondejcR9Pjx5lm3JbMN2Z2', '98202 Gavin Alley', 90317737, 'user', 'https://s3.amazonaws.com/uifaces/faces/twitter/xamorep/128.jpg');
INSERT INTO part_time_ct VALUES ('Dock43@yahoo.com');
INSERT INTO pt_free_schedule VALUES ('Dock43@yahoo.com', '2020-11-05T07:20:54.098Z', '2021-07-27T05:14:52.463Z');
INSERT INTO pt_specializes_in VALUES ('Dock43@yahoo.com', 'Hog', 2);

INSERT INTO person VALUES ('Mark37@gmail.com', 'Bo Kuhn', '$2b$10$KjlGkoYo.X.yATkN6hl68.CViBeUHUMAfeXYHM7KYOryKHUiNh2Ve', '5710 Kuphal Alley', 90069896, 'user', 'https://s3.amazonaws.com/uifaces/faces/twitter/_pedropinho/128.jpg');
INSERT INTO part_time_ct VALUES ('Mark37@gmail.com');
INSERT INTO pt_free_schedule VALUES ('Mark37@gmail.com', '2020-11-05T04:18:14.805Z', '2021-02-23T07:50:07.814Z');

INSERT INTO person VALUES ('Kole.Corkery69@hotmail.com', 'Nannie Hane', '$2b$10$KjlGkoYo.X.yATkN6hl68..WSWvDDsia0WU2uA5vGhhYgOQ7zvKA6', '87980 Sipes Parkways', 90946926, 'user', 'https://s3.amazonaws.com/uifaces/faces/twitter/switmer777/128.jpg');
INSERT INTO credit_card VALUES (6382346817430842, 'Kole.Corkery69@hotmail.com', '2022-08-12T20:14:11.126Z', 572);
INSERT INTO pet VALUES ('Ebba', 'Kole.Corkery69@hotmail.com', 'Mule', 'Est voluptas consequuntur ea cupiditate et qui accusantium.', 'Vero nulla quia quidem in omnis et.');

INSERT INTO person VALUES ('Augusta_Gutmann@gmail.com', 'Maye MacGyver', '$2b$10$KjlGkoYo.X.yATkN6hl68.LCHElyslYiESNF4PgI3vBIOOxdYbFgi', '32588 Emmanuelle Port', 90308586, 'user', 'https://s3.amazonaws.com/uifaces/faces/twitter/oaktreemedia/128.jpg');
INSERT INTO credit_card VALUES (5458112818648332, 'Augusta_Gutmann@gmail.com', '2020-11-17T06:35:04.899Z', 626);
INSERT INTO pet VALUES ('Trace', 'Augusta_Gutmann@gmail.com', 'Chicken', 'Culpa repellendus saepe quo et magnam quia.', 'Eligendi rem consequatur et sequi fugit omnis sequi.');

INSERT INTO person VALUES ('Kieran63@hotmail.com', 'Nicole Blick', '$2b$10$KjlGkoYo.X.yATkN6hl68.DipvD.qx7MevShS9H7O3sDHnhRiiY2e', '2075 Little Causeway', 90033826, 'user', 'https://s3.amazonaws.com/uifaces/faces/twitter/justinrgraham/128.jpg');
INSERT INTO credit_card VALUES (376127888730307, 'Kieran63@hotmail.com', '2021-10-14T10:08:05.959Z', 257);
INSERT INTO pet VALUES ('Mike', 'Kieran63@hotmail.com', 'Peafowl', 'Saepe quam odit molestiae.', 'Fuga dolores est quo qui deleniti.');
INSERT INTO pet VALUES ('Kayleigh', 'Kieran63@hotmail.com', 'Fish', 'Unde quisquam consequatur voluptatem odio est impedit sed et est.', 'Sapiente quo consequuntur quia libero quidem sit nihil.');
INSERT INTO pet VALUES ('Ava', 'Kieran63@hotmail.com', 'Chinese Water Dragon', 'Qui mollitia nihil voluptas quis et non.', 'Velit quaerat quos incidunt.');
INSERT INTO part_time_ct VALUES ('Kieran63@hotmail.com');
INSERT INTO pt_free_schedule VALUES ('Kieran63@hotmail.com', '2020-11-04T15:15:40.487Z', '2021-01-11T04:55:17.436Z');
INSERT INTO pt_specializes_in VALUES ('Kieran63@hotmail.com', 'Lizard', 14);
INSERT INTO pt_specializes_in VALUES ('Kieran63@hotmail.com', 'Peafowl', 19);

INSERT INTO person VALUES ('Emanuel_Gusikowski77@hotmail.com', 'Bryana Shanahan', '$2b$10$KjlGkoYo.X.yATkN6hl68.2vpFbIt7UtrbBbutSIcxCcVX6xdeEGa', '7940 Farrell Station', 90331703, 'user', 'https://s3.amazonaws.com/uifaces/faces/twitter/pyronite/128.jpg');

INSERT INTO person VALUES ('Manuel_Rodriguez@gmail.com', 'Immanuel Stiedemann', '$2b$10$KjlGkoYo.X.yATkN6hl68.0nmm9h0Xl8NMmJwx.EoZn6DsnCBTLxi', '417 Rippin Streets', 90444238, 'user', 'https://s3.amazonaws.com/uifaces/faces/twitter/fjaguero/128.jpg');
INSERT INTO full_time_ct VALUES ('Manuel_Rodriguez@gmail.com');
INSERT INTO ft_specializes_in VALUES ('Manuel_Rodriguez@gmail.com', 'Hedgehog', 7);
INSERT INTO ft_specializes_in VALUES ('Manuel_Rodriguez@gmail.com', 'Iguana', 17);

INSERT INTO person VALUES ('Aliya_Block@yahoo.com', 'Urban Marks', '$2b$10$KjlGkoYo.X.yATkN6hl68.NdKRTn1o4/v17IjCaacca0GwIcfdjDy', '448 Clarissa Shores', 90358057, 'user', 'https://s3.amazonaws.com/uifaces/faces/twitter/aluisio_azevedo/128.jpg');
INSERT INTO full_time_ct VALUES ('Aliya_Block@yahoo.com');
INSERT INTO ft_specializes_in VALUES ('Aliya_Block@yahoo.com', 'Chameleons (Veiled)', 4);
INSERT INTO ft_specializes_in VALUES ('Aliya_Block@yahoo.com', 'Dog', 1);

INSERT INTO person VALUES ('Ethel.OReilly@hotmail.com', 'Orval Hilpert', '$2b$10$KjlGkoYo.X.yATkN6hl68.XYRDx46RseOKFVPIsn04eooj1wjTScu', '539 Smitham Shoals', 90749956, 'user', 'https://s3.amazonaws.com/uifaces/faces/twitter/bartoszdawydzik/128.jpg');
INSERT INTO part_time_ct VALUES ('Ethel.OReilly@hotmail.com');
INSERT INTO pt_free_schedule VALUES ('Ethel.OReilly@hotmail.com', '2020-11-04T16:53:31.062Z', '2021-03-12T08:40:29.673Z');
INSERT INTO pt_specializes_in VALUES ('Ethel.OReilly@hotmail.com', 'Bearded Dragon', 20);
INSERT INTO pt_specializes_in VALUES ('Ethel.OReilly@hotmail.com', 'Mule', 14);

INSERT INTO person VALUES ('Clovis_Kiehn@yahoo.com', 'Elisha Hansen', '$2b$10$KjlGkoYo.X.yATkN6hl68.8ys0SU/bkSRJtqH24/8UGny0jZTplQq', '036 Barton Fall', 90843108, 'user', 'https://s3.amazonaws.com/uifaces/faces/twitter/vinciarts/128.jpg');

INSERT INTO person VALUES ('Nicklaus.McGlynn@yahoo.com', 'Nicholaus Kuhlman', '$2b$10$KjlGkoYo.X.yATkN6hl68.DJk5PEJlRwkimJW83wrSM28XN13DET.', '101 Tressa Islands', 90427279, 'user', 'https://s3.amazonaws.com/uifaces/faces/twitter/overcloacked/128.jpg');
INSERT INTO full_time_ct VALUES ('Nicklaus.McGlynn@yahoo.com');
INSERT INTO ft_specializes_in VALUES ('Nicklaus.McGlynn@yahoo.com', 'Goat', 14);

INSERT INTO person VALUES ('Kristoffer_Weber21@gmail.com', 'Demarco Gorczany', '$2b$10$KjlGkoYo.X.yATkN6hl68.QjsLypQWVHjyLaWVXcERrFF/NkAlFUC', '1871 Abagail Causeway', 90782046, 'user', 'https://s3.amazonaws.com/uifaces/faces/twitter/gseguin/128.jpg');

INSERT INTO person VALUES ('Petra.Hettinger87@yahoo.com', 'Lucie Cummerata', '$2b$10$KjlGkoYo.X.yATkN6hl68.dodaVezWfnkBgnuqM9tXMSa0DJf7/W2', '932 Upton Overpass', 90500617, 'user', 'https://s3.amazonaws.com/uifaces/faces/twitter/embrcecreations/128.jpg');
INSERT INTO credit_card VALUES (371809362870817, 'Petra.Hettinger87@yahoo.com', '2020-12-16T00:43:31.085Z', 645);
INSERT INTO pet VALUES ('Hilario', 'Petra.Hettinger87@yahoo.com', 'Goat', 'Molestias animi qui quia ipsa dolor voluptas delectus aut.', 'Aut nulla quos sint.');
INSERT INTO pet VALUES ('Christelle', 'Petra.Hettinger87@yahoo.com', 'Chinese Water Dragon', 'Fuga harum neque consequatur eos accusamus consequatur laborum.', 'Itaque et consequatur voluptatem quis mollitia.');
INSERT INTO pet VALUES ('Anjali', 'Petra.Hettinger87@yahoo.com', 'Pot Bellied Pig', 'Odio magni id ex quos et quis minima aut sit.', 'Libero aperiam dolor reiciendis accusamus ducimus voluptatem.');

INSERT INTO person VALUES ('Karli52@hotmail.com', 'Jermey Tremblay', '$2b$10$KjlGkoYo.X.yATkN6hl68.v3AF9HfDdJhzTL0K9jBX7MCPCgfJZOu', '856 Garrett Summit', 90173238, 'user', 'https://s3.amazonaws.com/uifaces/faces/twitter/kaelifa/128.jpg');
INSERT INTO credit_card VALUES (3543941679690163, 'Karli52@hotmail.com', '2022-05-02T07:17:51.264Z', 048);
INSERT INTO pet VALUES ('Godfrey', 'Karli52@hotmail.com', 'Gerbil', 'Quia eum culpa accusamus quaerat omnis consequatur rerum at.', 'Repellat eum harum laborum autem hic dignissimos.');
INSERT INTO pet VALUES ('Ignacio', 'Karli52@hotmail.com', 'Guinea Fowl', 'Molestias nemo alias animi cupiditate.', 'Natus qui placeat odio.');
INSERT INTO pet VALUES ('Amparo', 'Karli52@hotmail.com', 'Bird', 'Repudiandae voluptas porro minima et fugiat eaque.', 'Quos animi blanditiis voluptate ducimus nulla.');

INSERT INTO person VALUES ('Pablo_Casper@yahoo.com', 'Jessika Feest', '$2b$10$KjlGkoYo.X.yATkN6hl68.5FrA9qX1kktCm9REMggxlFE7/wFB8Li', '95818 Bruen Pass', 90004791, 'user', 'https://s3.amazonaws.com/uifaces/faces/twitter/paulfarino/128.jpg');
INSERT INTO credit_card VALUES (6771898560255437, 'Pablo_Casper@yahoo.com', '2020-12-12T22:30:30.793Z', 314);
INSERT INTO pet VALUES ('Torrance', 'Pablo_Casper@yahoo.com', 'Lizard', 'Consequatur qui in.', 'Nihil aut neque quia culpa explicabo sed qui est.');
INSERT INTO part_time_ct VALUES ('Pablo_Casper@yahoo.com');
INSERT INTO pt_free_schedule VALUES ('Pablo_Casper@yahoo.com', '2020-11-05T03:56:59.916Z', '2021-08-30T06:13:45.597Z');
INSERT INTO pt_specializes_in VALUES ('Pablo_Casper@yahoo.com', 'Chameleons (Veiled)', 3);
INSERT INTO pt_specializes_in VALUES ('Pablo_Casper@yahoo.com', 'Chinese Water Dragon', 2);
INSERT INTO pt_specializes_in VALUES ('Pablo_Casper@yahoo.com', 'Gerbil', 2);

INSERT INTO person VALUES ('Marvin_Runolfsdottir80@hotmail.com', 'Brody Hilpert', '$2b$10$KjlGkoYo.X.yATkN6hl68.9q0dPICwpInqkSW86omf6ZcqueSGfcS', '991 Luettgen Mount', 90260790, 'user', 'https://s3.amazonaws.com/uifaces/faces/twitter/isacosta/128.jpg');
INSERT INTO credit_card VALUES (4285313018508, 'Marvin_Runolfsdottir80@hotmail.com', '2022-02-10T06:06:01.585Z', 978);
INSERT INTO pet VALUES ('Walton', 'Marvin_Runolfsdottir80@hotmail.com', 'Hedgehog', 'Est sint praesentium aut repudiandae.', 'Officiis placeat et consequatur sapiente dolorem rerum quo tempore.');
INSERT INTO part_time_ct VALUES ('Marvin_Runolfsdottir80@hotmail.com');
INSERT INTO pt_free_schedule VALUES ('Marvin_Runolfsdottir80@hotmail.com', '2020-11-05T06:13:17.517Z', '2021-03-14T19:11:13.860Z');

INSERT INTO person VALUES ('Bart61@gmail.com', 'Pearl Feest', '$2b$10$KjlGkoYo.X.yATkN6hl68.Wss.8dWrOxh3Fu25oGbhxxjYnA6Aa3.', '7283 Devante Ports', 90330696, 'user', 'https://s3.amazonaws.com/uifaces/faces/twitter/abdullindenis/128.jpg');
INSERT INTO full_time_ct VALUES ('Bart61@gmail.com');
INSERT INTO ft_specializes_in VALUES ('Bart61@gmail.com', 'Cat', 1);
INSERT INTO ft_specializes_in VALUES ('Bart61@gmail.com', 'Chicken', 20);
INSERT INTO ft_specializes_in VALUES ('Bart61@gmail.com', 'Guinea Fowl', 0);

INSERT INTO person VALUES ('Leonel.Blanda@hotmail.com', 'Maximillia West', '$2b$10$KjlGkoYo.X.yATkN6hl68.Z/aKNqYx4X9VT1JSUqlqSqK8JNIs0GK', '6071 Morar Roads', 90093142, 'user', 'https://s3.amazonaws.com/uifaces/faces/twitter/paulfarino/128.jpg');
INSERT INTO credit_card VALUES (6767459870282885, 'Leonel.Blanda@hotmail.com', '2022-08-27T10:19:25.170Z', 272);
INSERT INTO pet VALUES ('Erin', 'Leonel.Blanda@hotmail.com', 'Hamster', 'Blanditiis eligendi accusantium reprehenderit neque.', 'Ratione vero unde quos.');
INSERT INTO pet VALUES ('Jarred', 'Leonel.Blanda@hotmail.com', 'Donkey', 'Sapiente vel incidunt quas possimus veniam vel corporis beatae dolorem.', 'Possimus adipisci ipsum.');
INSERT INTO part_time_ct VALUES ('Leonel.Blanda@hotmail.com');
INSERT INTO pt_free_schedule VALUES ('Leonel.Blanda@hotmail.com', '2020-11-05T08:40:56.278Z', '2021-10-10T03:54:43.102Z');
INSERT INTO pt_specializes_in VALUES ('Leonel.Blanda@hotmail.com', 'Pigeon', 13);

INSERT INTO person VALUES ('Trystan.Shields@gmail.com', 'Aubree Legros', '$2b$10$KjlGkoYo.X.yATkN6hl68.iPF79HLRU9fzABLeEqoSH4j7Hn2qHoe', '36301 Koch Court', 90819453, 'user', 'https://s3.amazonaws.com/uifaces/faces/twitter/oktayelipek/128.jpg');
INSERT INTO credit_card VALUES (6304657473027976, 'Trystan.Shields@gmail.com', '2023-06-29T18:38:47.107Z', 424);
INSERT INTO full_time_ct VALUES ('Trystan.Shields@gmail.com');

INSERT INTO person VALUES ('Joan.Quitzon31@yahoo.com', 'Pietro Rutherford', '$2b$10$KjlGkoYo.X.yATkN6hl68.gTNKSy77mDUdJutNZu9Il/EJP6EwFV2', '097 Emmerich Glens', 90070986, 'user', 'https://s3.amazonaws.com/uifaces/faces/twitter/mbilalsiddique1/128.jpg');

INSERT INTO person VALUES ('Maybell68@hotmail.com', 'Domenick Flatley', '$2b$10$KjlGkoYo.X.yATkN6hl68.cjsb/vsv5KneDWVPZQlcTN.W60a6zV.', '910 Eleanora Neck', 90793650, 'user', 'https://s3.amazonaws.com/uifaces/faces/twitter/ehsandiary/128.jpg');
INSERT INTO part_time_ct VALUES ('Maybell68@hotmail.com');
INSERT INTO pt_free_schedule VALUES ('Maybell68@hotmail.com', '2020-11-05T02:44:09.254Z', '2021-06-16T08:20:33.688Z');

INSERT INTO person VALUES ('Nora.Quitzon@yahoo.com', 'Amber Quigley', '$2b$10$KjlGkoYo.X.yATkN6hl68.am/JyCOOwX88.cvM2ncb6B9z4OHGQj6', '930 Elvis Village', 90774912, 'user', 'https://s3.amazonaws.com/uifaces/faces/twitter/kosmar/128.jpg');
INSERT INTO part_time_ct VALUES ('Nora.Quitzon@yahoo.com');
INSERT INTO pt_free_schedule VALUES ('Nora.Quitzon@yahoo.com', '2020-11-05T06:44:54.287Z', '2020-11-12T11:22:39.355Z');
INSERT INTO pt_specializes_in VALUES ('Nora.Quitzon@yahoo.com', 'Goat', 19);
INSERT INTO pt_specializes_in VALUES ('Nora.Quitzon@yahoo.com', 'Ponie', 17);

INSERT INTO person VALUES ('Sylvia25@gmail.com', 'Ford Strosin', '$2b$10$KjlGkoYo.X.yATkN6hl68.wPJT0YGa5Yci9wHoUa0GvJNWZ0CZgoK', '65032 Quincy Centers', 90644692, 'user', 'https://s3.amazonaws.com/uifaces/faces/twitter/dorphern/128.jpg');
INSERT INTO full_time_ct VALUES ('Sylvia25@gmail.com');
INSERT INTO ft_specializes_in VALUES ('Sylvia25@gmail.com', 'Hamster', 0);

INSERT INTO person VALUES ('Magdalen50@gmail.com', 'Makenzie Lueilwitz', '$2b$10$KjlGkoYo.X.yATkN6hl68.J7YkSVEgbw.ONAKdcE.tR4WspKEjnP.', '2641 Hollie Mall', 90293727, 'user', 'https://s3.amazonaws.com/uifaces/faces/twitter/okseanjay/128.jpg');
INSERT INTO credit_card VALUES (4340203060842793, 'Magdalen50@gmail.com', '2022-03-27T12:47:56.040Z', 640);
INSERT INTO pet VALUES ('Ena', 'Magdalen50@gmail.com', 'Duck', 'Molestias nam laboriosam laborum sed fugiat dolorem quam.', 'Reprehenderit quibusdam minus voluptatem unde beatae autem tempore.');
INSERT INTO pet VALUES ('Leo', 'Magdalen50@gmail.com', 'Iguana', 'Aut consequatur in error accusantium.', 'Ea molestiae voluptates voluptatem illo sapiente magnam consequatur.');
INSERT INTO full_time_ct VALUES ('Magdalen50@gmail.com');
INSERT INTO ft_specializes_in VALUES ('Magdalen50@gmail.com', 'Chameleons (Veiled)', 13);
INSERT INTO ft_specializes_in VALUES ('Magdalen50@gmail.com', 'Fish', 8);

INSERT INTO person VALUES ('Lacy99@yahoo.com', 'Alycia Senger', '$2b$10$KjlGkoYo.X.yATkN6hl68.cAiq7Q/j1zwpDUjgoV/l8ENYgKlGb3a', '88993 Alexander Cape', 90300843, 'user', 'https://s3.amazonaws.com/uifaces/faces/twitter/angelcreative/128.jpg');
INSERT INTO credit_card VALUES (6759476338741259, 'Lacy99@yahoo.com', '2021-06-27T03:12:59.828Z', 889);

INSERT INTO person VALUES ('Lenny_Simonis42@gmail.com', 'Leann Thiel', '$2b$10$KjlGkoYo.X.yATkN6hl68.aNBFgwFN5OFqqHcQXj2fvEi8b.U5zqS', '15879 Elisha Overpass', 90813992, 'user', 'https://s3.amazonaws.com/uifaces/faces/twitter/dnezkumar/128.jpg');

INSERT INTO person VALUES ('Hilbert21@hotmail.com', 'Hunter Gottlieb', '$2b$10$KjlGkoYo.X.yATkN6hl68.TTd.kxfHZL4Uwd5UIsdowQMlSDTXGue', '772 Ziemann Glens', 90123938, 'user', 'https://s3.amazonaws.com/uifaces/faces/twitter/wiljanslofstra/128.jpg');
INSERT INTO credit_card VALUES (4443896260654876, 'Hilbert21@hotmail.com', '2020-11-17T07:32:09.512Z', 316);
INSERT INTO pet VALUES ('Jazmyne', 'Hilbert21@hotmail.com', 'Fish', 'Quisquam in aut quidem unde corrupti repudiandae dolor.', 'Aut sapiente aut ab veritatis magnam sequi dolorem vero nulla.');
INSERT INTO pet VALUES ('Alaina', 'Hilbert21@hotmail.com', 'Ponie', 'Quia quis soluta labore nihil et.', 'Fuga repellendus nam quia sit adipisci nihil nihil voluptate.');
INSERT INTO pet VALUES ('Khalil', 'Hilbert21@hotmail.com', 'Horse', 'Molestias quam dignissimos labore.', 'Consequatur blanditiis ratione sint.');

INSERT INTO person VALUES ('Gennaro_Padberg18@yahoo.com', 'Kristopher Rice', '$2b$10$KjlGkoYo.X.yATkN6hl68.qjmyAGI1mPOoNncIsTemklpTBV.nyXe', '5613 Purdy Springs', 90150852, 'user', 'https://s3.amazonaws.com/uifaces/faces/twitter/designervzm/128.jpg');

INSERT INTO person VALUES ('Willow_Kovacek@yahoo.com', 'Cecilia Herzog', '$2b$10$KjlGkoYo.X.yATkN6hl68.ruAI0SmRFSVCqJL7fateo.JZG9KlR76', '495 Will Drive', 90711934, 'user', 'https://s3.amazonaws.com/uifaces/faces/twitter/axel/128.jpg');

INSERT INTO person VALUES ('Taylor84@hotmail.com', 'Korbin Ryan', '$2b$10$KjlGkoYo.X.yATkN6hl68.l7mkVfMg65iD1ljDlPinfcRKIy5aE4.', '890 Casimir Plains', 90008128, 'user', 'https://s3.amazonaws.com/uifaces/faces/twitter/richardgarretts/128.jpg');

INSERT INTO person VALUES ('Antoinette64@hotmail.com', 'Lesly Wilkinson', '$2b$10$KjlGkoYo.X.yATkN6hl68.wKKLqrRCs/i8XtX3hWeepdR531MmnNy', '7213 Daugherty Radial', 90331828, 'user', 'https://s3.amazonaws.com/uifaces/faces/twitter/Stievius/128.jpg');
INSERT INTO full_time_ct VALUES ('Antoinette64@hotmail.com');
INSERT INTO ft_specializes_in VALUES ('Antoinette64@hotmail.com', 'Geese (Chinese Swan Goose)', 10);

INSERT INTO person VALUES ('Andres_White82@gmail.com', 'Karlie Rath', '$2b$10$KjlGkoYo.X.yATkN6hl68.sM1W1KqDuWzNlBKcmxF0Nrixp7Gbggu', '8380 Danika Harbors', 90835704, 'user', 'https://s3.amazonaws.com/uifaces/faces/twitter/jpenico/128.jpg');
INSERT INTO credit_card VALUES (6763862494666596, 'Andres_White82@gmail.com', '2022-05-11T07:13:27.722Z', 109);

INSERT INTO person VALUES ('Emiliano.Hermiston63@gmail.com', 'Zita Monahan', '$2b$10$KjlGkoYo.X.yATkN6hl68.y0xVe2AVsGgP2gIMY4DLzvutB7VVetS', '973 Freda Port', 90905471, 'user', 'https://s3.amazonaws.com/uifaces/faces/twitter/umurgdk/128.jpg');

INSERT INTO person VALUES ('Dell.Ward@yahoo.com', 'Ebba Denesik', '$2b$10$KjlGkoYo.X.yATkN6hl68.Y5vy3Me2r.9iDDsTCmXmADVnl/7V8y.', '34648 Collin Mill', 90483701, 'user', 'https://s3.amazonaws.com/uifaces/faces/twitter/bungiwan/128.jpg');
INSERT INTO credit_card VALUES (6771890958814069, 'Dell.Ward@yahoo.com', '2023-09-09T16:51:55.874Z', 991);
INSERT INTO pet VALUES ('Jayme', 'Dell.Ward@yahoo.com', 'Fish', 'Adipisci quis aut modi quae numquam maxime sapiente.', 'Aperiam dolore harum molestiae velit repellendus ipsa tenetur iste qui.');
INSERT INTO pet VALUES ('Stephan', 'Dell.Ward@yahoo.com', 'Lizard', 'Nihil temporibus dicta facere dignissimos.', 'Sequi ullam fugit consectetur.');
INSERT INTO pet VALUES ('Russel', 'Dell.Ward@yahoo.com', 'Chameleons (Veiled)', 'Sit quod unde officiis sed consequatur iusto reiciendis corporis deserunt.', 'Veritatis veniam excepturi quibusdam temporibus est aliquid voluptatum.');
INSERT INTO full_time_ct VALUES ('Dell.Ward@yahoo.com');

INSERT INTO person VALUES ('Haley_Reynolds@yahoo.com', 'Frederick Wisoky', '$2b$10$KjlGkoYo.X.yATkN6hl68.mQdf5xOSzpSgPMmVcw5hVAKlePU9Cqu', '125 Schowalter Route', 90662090, 'user', 'https://s3.amazonaws.com/uifaces/faces/twitter/shvelo96/128.jpg');
INSERT INTO part_time_ct VALUES ('Haley_Reynolds@yahoo.com');
INSERT INTO pt_free_schedule VALUES ('Haley_Reynolds@yahoo.com', '2020-11-05T02:31:12.802Z', '2021-05-10T02:49:16.398Z');
INSERT INTO pt_specializes_in VALUES ('Haley_Reynolds@yahoo.com', 'Cow', 4);
INSERT INTO pt_specializes_in VALUES ('Haley_Reynolds@yahoo.com', 'Donkey', 4);
INSERT INTO pt_specializes_in VALUES ('Haley_Reynolds@yahoo.com', 'Pigeon', 10);

INSERT INTO person VALUES ('Esther47@yahoo.com', 'Felicita Wiegand', '$2b$10$KjlGkoYo.X.yATkN6hl68.3r5p/0I/BZh3QiqVcbHNYrldY8UG.rO', '849 Reichert Mews', 90430382, 'user', 'https://s3.amazonaws.com/uifaces/faces/twitter/elliotlewis/128.jpg');
INSERT INTO credit_card VALUES (6391136510590734, 'Esther47@yahoo.com', '2021-07-16T08:32:20.134Z', 925);

INSERT INTO person VALUES ('Alison77@gmail.com', 'Owen Collier', '$2b$10$KjlGkoYo.X.yATkN6hl68.wLagBLTbXVmIbHUHU3.lj16o8J0htuK', '4055 Alexis Wall', 90263304, 'user', 'https://s3.amazonaws.com/uifaces/faces/twitter/laasli/128.jpg');
INSERT INTO credit_card VALUES (6304955041158958, 'Alison77@gmail.com', '2023-03-27T03:25:38.908Z', 774);
INSERT INTO pet VALUES ('Stacy', 'Alison77@gmail.com', 'Chinese Water Dragon', 'Veritatis qui dolores vel accusamus.', 'Quaerat quis nemo odit consequatur dolor incidunt neque.');

INSERT INTO person VALUES ('Zaria.Fay@yahoo.com', 'Dexter Walsh', '$2b$10$KjlGkoYo.X.yATkN6hl68.ymfCQgx.X9jYqLikId5tFTYE57VL5EW', '77354 Larson Curve', 90574938, 'user', 'https://s3.amazonaws.com/uifaces/faces/twitter/maz/128.jpg');

INSERT INTO person VALUES ('Neil_Treutel@gmail.com', 'Estella Zboncak', '$2b$10$KjlGkoYo.X.yATkN6hl68.2f9UWScEa7YDKdyosGxeHSge15lA6NG', '80625 Schmeler Track', 90494385, 'user', 'https://s3.amazonaws.com/uifaces/faces/twitter/brandonflatsoda/128.jpg');
INSERT INTO part_time_ct VALUES ('Neil_Treutel@gmail.com');
INSERT INTO pt_free_schedule VALUES ('Neil_Treutel@gmail.com', '2020-11-05T05:10:08.350Z', '2021-02-05T12:01:48.809Z');
