INSERT INTO pet_category
values ('Bearded Dragon', 89);
INSERT INTO pet_category
values ('Bird', 120);
INSERT INTO pet_category
values ('Burro', 243);
INSERT INTO pet_category
values ('Cat', 179);
INSERT INTO pet_category
values ('Chameleons (Veiled)', 105);
INSERT INTO pet_category
values ('Chicken', 48);
INSERT INTO pet_category
values ('Chinchilla', 237);
INSERT INTO pet_category
values ('Chinese Water Dragon', 258);
INSERT INTO pet_category
values ('Cow', 168);
INSERT INTO pet_category
values ('Dog', 43);
INSERT INTO pet_category
values ('Donkey', 76);
INSERT INTO pet_category
values ('Duck', 84);
INSERT INTO pet_category
values ('Ferret', 31);
INSERT INTO pet_category
values ('Fish', 199);
INSERT INTO pet_category
values ('Gecko', 17);
INSERT INTO pet_category
values ('Geese (Chinese Swan Goose)', 75);
INSERT INTO pet_category
values ('Gerbil', 202);
INSERT INTO pet_category
values ('Goat', 188);
INSERT INTO pet_category
values ('Guinea Fowl', 210);
INSERT INTO pet_category
values ('Guinea Pig', 28);
INSERT INTO pet_category
values ('Hamster', 220);
INSERT INTO pet_category
values ('Hedgehog', 5);
INSERT INTO pet_category
values ('Horse', 237);
INSERT INTO pet_category
values ('Iguana', 24);
INSERT INTO pet_category
values ('Llama', 22);
INSERT INTO pet_category
values ('Lizard', 59);
INSERT INTO pet_category
values ('Mice', 95);
INSERT INTO pet_category
values ('Mule', 273);
INSERT INTO pet_category
values ('Peafowl', 223);
INSERT INTO pet_category
values ('Pig', 198);
INSERT INTO pet_category
values ('Hog', 98);
INSERT INTO pet_category
values ('Pigeon', 30);
INSERT INTO pet_category
values ('Ponie', 141);
INSERT INTO pet_category
values ('Pot Bellied Pig', 245);
INSERT INTO pet_category
values ('Rabbit', 54);
INSERT INTO person
VALUES (
    'Etha.Reichert@gmail.com',
    'Xavier Harvey',
    '$2b$10$uiRlFpGEaiOzo9dlzuF5Ju.Ax6pxJcBVqyM53dcS3yzFfAE1Q7vj.',
    '6613 Ritchie Fords',
    90707226,
    'user',
    'https://s3.amazonaws.com/uifaces/faces/twitter/coreyhaggard/128.jpg'
  );
INSERT INTO person
VALUES (
    'Cordia96@hotmail.com',
    'Genevieve Treutel',
    '$2b$10$uiRlFpGEaiOzo9dlzuF5JunFLpKc.LO9GmEVV3licdEcoIwi3GXha',
    '37366 Jett Plain',
    90443051,
    'user',
    'https://s3.amazonaws.com/uifaces/faces/twitter/charliegann/128.jpg'
  );
INSERT INTO credit_card
VALUES (
    6304149696367330,
    'Cordia96@hotmail.com',
    '2021-03-03T11:42:45.188Z',
    728
  );
INSERT INTO pet
VALUES (
    'Hope',
    'Cordia96@hotmail.com',
    'Pig',
    'Ea quaerat culpa repellendus deserunt ut inventore.',
    'Quam nostrum eligendi.'
  );
INSERT INTO pet
VALUES (
    'Alana',
    'Cordia96@hotmail.com',
    'Lizard',
    'Eligendi enim quaerat blanditiis occaecati consequatur unde qui commodi.',
    'Ea et et doloremque incidunt repudiandae alias.'
  );
INSERT INTO part_time_ct
VALUES ('Cordia96@hotmail.com');
INSERT INTO pt_free_schedule
VALUES (
    'Cordia96@hotmail.com',
    '2020-11-05T13:19:19.224Z',
    '2020-12-27T10:41:27.511Z'
  );
INSERT INTO pt_specializes_in
VALUES ('Cordia96@hotmail.com', 'Donkey', 0);
INSERT INTO person
VALUES (
    'Jalon.King@yahoo.com',
    'Nya Torp',
    '$2b$10$uiRlFpGEaiOzo9dlzuF5JuS1YCeIDMDp37ybfLCUnzgbc1f48xnMG',
    '2004 Allison Ramp',
    90450188,
    'user',
    'https://s3.amazonaws.com/uifaces/faces/twitter/adhamdannaway/128.jpg'
  );
INSERT INTO person
VALUES (
    'Luther.Hayes8@gmail.com',
    'Serena Lakin',
    '$2b$10$uiRlFpGEaiOzo9dlzuF5JuA1wjOd5srjsCxiBjP.enDSTNUAlhJay',
    '33473 Rohan Knoll',
    90860338,
    'user',
    'https://s3.amazonaws.com/uifaces/faces/twitter/holdenweb/128.jpg'
  );
INSERT INTO person
VALUES (
    'Carolyn_Rolfson@gmail.com',
    'Augusta Hauck',
    '$2b$10$uiRlFpGEaiOzo9dlzuF5JuZtQEV65KrgjWRWLIQxzv2eZHGXyPADa',
    '6658 VonRueden Underpass',
    90273879,
    'user',
    'https://s3.amazonaws.com/uifaces/faces/twitter/ateneupopular/128.jpg'
  );
INSERT INTO full_time_ct
VALUES ('Carolyn_Rolfson@gmail.com');
INSERT INTO ft_specializes_in
VALUES (
    'Carolyn_Rolfson@gmail.com',
    'Chinese Water Dragon',
    13
  );
INSERT INTO ft_specializes_in
VALUES ('Carolyn_Rolfson@gmail.com', 'Guinea Fowl', 8);
INSERT INTO person
VALUES (
    'Reginald63@yahoo.com',
    'Carlotta Mosciski',
    '$2b$10$uiRlFpGEaiOzo9dlzuF5Jud7g0IiQJMHxTxWJOi8Kb4emvdZvAIPW',
    '483 Koch Inlet',
    90909035,
    'user',
    'https://s3.amazonaws.com/uifaces/faces/twitter/psdesignuk/128.jpg'
  );
INSERT INTO credit_card
VALUES (
    6304210679297510,
    'Reginald63@yahoo.com',
    '2020-11-18T11:27:18.384Z',
    661
  );
INSERT INTO part_time_ct
VALUES ('Reginald63@yahoo.com');
INSERT INTO pt_free_schedule
VALUES (
    'Reginald63@yahoo.com',
    '2020-11-04T17:50:32.470Z',
    '2020-12-18T18:00:48.043Z'
  );
INSERT INTO pt_specializes_in
VALUES ('Reginald63@yahoo.com', 'Bird', 3);
INSERT INTO pt_specializes_in
VALUES ('Reginald63@yahoo.com', 'Iguana', 3);
INSERT INTO person
VALUES (
    'Zoe.Wehner@gmail.com',
    'Una Erdman',
    '$2b$10$uiRlFpGEaiOzo9dlzuF5JuEwmpRZsUQblnG77bKkTgg.obW2oVaW6',
    '209 Molly Flat',
    90751242,
    'user',
    'https://s3.amazonaws.com/uifaces/faces/twitter/nicklacke/128.jpg'
  );
INSERT INTO part_time_ct
VALUES ('Zoe.Wehner@gmail.com');
INSERT INTO pt_free_schedule
VALUES (
    'Zoe.Wehner@gmail.com',
    '2020-11-05T13:07:28.450Z',
    '2021-10-04T18:34:26.801Z'
  );
INSERT INTO pt_specializes_in
VALUES ('Zoe.Wehner@gmail.com', 'Goat', 11);
INSERT INTO pt_specializes_in
VALUES ('Zoe.Wehner@gmail.com', 'Guinea Fowl', 18);
INSERT INTO pt_specializes_in
VALUES ('Zoe.Wehner@gmail.com', 'Lizard', 10);
INSERT INTO person
VALUES (
    'Henry_Zboncak49@gmail.com',
    'Josh Gerlach',
    '$2b$10$uiRlFpGEaiOzo9dlzuF5Ju3dk6y8j/59I3XNDzpDaVLV3q66F.lsm',
    '2312 Mayert Turnpike',
    90358548,
    'user',
    'https://s3.amazonaws.com/uifaces/faces/twitter/mymyboy/128.jpg'
  );
INSERT INTO credit_card
VALUES (
    4514203931698,
    'Henry_Zboncak49@gmail.com',
    '2022-11-05T12:28:06.829Z',
    476
  );
INSERT INTO pet
VALUES (
    'Garrison',
    'Henry_Zboncak49@gmail.com',
    'Gerbil',
    'Pariatur voluptatem ut odit autem.',
    'Consequatur ut iste non quis quis dicta aut officiis.'
  );
INSERT INTO pet
VALUES (
    'Santino',
    'Henry_Zboncak49@gmail.com',
    'Peafowl',
    'Doloremque et consequatur.',
    'Blanditiis atque cum commodi culpa harum debitis.'
  );
INSERT INTO pet
VALUES (
    'Alexis',
    'Henry_Zboncak49@gmail.com',
    'Pot Bellied Pig',
    'In aliquam minima voluptates consequatur dolor.',
    'Est minus rerum.'
  );
INSERT INTO part_time_ct
VALUES ('Henry_Zboncak49@gmail.com');
INSERT INTO pt_free_schedule
VALUES (
    'Henry_Zboncak49@gmail.com',
    '2020-11-04T23:48:52.556Z',
    '2021-09-19T14:12:33.258Z'
  );
INSERT INTO pt_specializes_in
VALUES ('Henry_Zboncak49@gmail.com', 'Rabbit', 9);
INSERT INTO person
VALUES (
    'Queen6@yahoo.com',
    'Bobbie Nicolas',
    '$2b$10$uiRlFpGEaiOzo9dlzuF5JuGGa5yKagDKx2gmbViEMIeaD2dzL42EK',
    '99232 Murazik Knolls',
    90477008,
    'user',
    'https://s3.amazonaws.com/uifaces/faces/twitter/bennyjien/128.jpg'
  );
INSERT INTO part_time_ct
VALUES ('Queen6@yahoo.com');
INSERT INTO pt_free_schedule
VALUES (
    'Queen6@yahoo.com',
    '2020-11-04T20:07:24.732Z',
    '2021-03-20T06:17:12.344Z'
  );
INSERT INTO pt_specializes_in
VALUES ('Queen6@yahoo.com', 'Rabbit', 10);
INSERT INTO person
VALUES (
    'Freddie89@gmail.com',
    'Noemie Marks',
    '$2b$10$uiRlFpGEaiOzo9dlzuF5Ju.cAKFHJS6Mjz8rNIWZHtTq7kuDZw1hK',
    '1834 Sporer Shoals',
    90677427,
    'user',
    'https://s3.amazonaws.com/uifaces/faces/twitter/toddrew/128.jpg'
  );
INSERT INTO part_time_ct
VALUES ('Freddie89@gmail.com');
INSERT INTO pt_free_schedule
VALUES (
    'Freddie89@gmail.com',
    '2020-11-05T06:05:29.743Z',
    '2021-01-31T16:47:20.973Z'
  );
INSERT INTO pt_specializes_in
VALUES ('Freddie89@gmail.com', 'Guinea Pig', 1);
INSERT INTO person
VALUES (
    'Valentine50@gmail.com',
    'Alda Brakus',
    '$2b$10$uiRlFpGEaiOzo9dlzuF5JuQrAQu/faoe3aZMngGRK1KmufYzs./l6',
    '16028 Kutch Tunnel',
    90669845,
    'user',
    'https://s3.amazonaws.com/uifaces/faces/twitter/cemshid/128.jpg'
  );
INSERT INTO credit_card
VALUES (
    5437166977563433,
    'Valentine50@gmail.com',
    '2022-08-18T17:44:38.708Z',
    327
  );
INSERT INTO person
VALUES (
    'Sarai.Murphy68@gmail.com',
    'Pietro Osinski',
    '$2b$10$uiRlFpGEaiOzo9dlzuF5JuCylrjIjbMN5OlMKcotJZltecu7jO8Pi',
    '42480 Fabiola Loaf',
    90352594,
    'user',
    'https://s3.amazonaws.com/uifaces/faces/twitter/salleedesign/128.jpg'
  );
INSERT INTO person
VALUES (
    'Abe.Nitzsche@yahoo.com',
    'Giuseppe Ward',
    '$2b$10$uiRlFpGEaiOzo9dlzuF5JuJoZKy7YI9k317kQJc7.z/ihlJfCx.rS',
    '2004 Kutch Glen',
    90472506,
    'user',
    'https://s3.amazonaws.com/uifaces/faces/twitter/nessoila/128.jpg'
  );
INSERT INTO part_time_ct
VALUES ('Abe.Nitzsche@yahoo.com');
INSERT INTO pt_free_schedule
VALUES (
    'Abe.Nitzsche@yahoo.com',
    '2020-11-05T00:47:35.265Z',
    '2021-08-11T08:20:20.524Z'
  );
INSERT INTO pt_specializes_in
VALUES ('Abe.Nitzsche@yahoo.com', 'Burro', 2);
INSERT INTO pt_specializes_in
VALUES (
    'Abe.Nitzsche@yahoo.com',
    'Chameleons (Veiled)',
    14
  );
INSERT INTO pt_specializes_in
VALUES ('Abe.Nitzsche@yahoo.com', 'Chinchilla', 20);
INSERT INTO person
VALUES (
    'Adele29@gmail.com',
    'Gilda Greenfelder',
    '$2b$10$uiRlFpGEaiOzo9dlzuF5JuFizExTZdVL4IZvg.QG6ezy9eeSmMaHK',
    '4025 Volkman Court',
    90387592,
    'user',
    'https://s3.amazonaws.com/uifaces/faces/twitter/artd_sign/128.jpg'
  );
INSERT INTO person
VALUES (
    'Fermin19@yahoo.com',
    'Lauretta Morissette',
    '$2b$10$uiRlFpGEaiOzo9dlzuF5JujOe5wjfkIO7cuvksq0agGkOIC9XE2gC',
    '90096 Wunsch Glen',
    90821423,
    'user',
    'https://s3.amazonaws.com/uifaces/faces/twitter/theonlyzeke/128.jpg'
  );
INSERT INTO person
VALUES (
    'Alison.Botsford@hotmail.com',
    'Sophia Quitzon',
    '$2b$10$uiRlFpGEaiOzo9dlzuF5JulNeczytblwtoaKrisoU9DQzHaKxKgbG',
    '8159 Ashly Harbor',
    90264855,
    'user',
    'https://s3.amazonaws.com/uifaces/faces/twitter/AlbertoCococi/128.jpg'
  );
INSERT INTO credit_card
VALUES (
    6767365577878510,
    'Alison.Botsford@hotmail.com',
    '2022-07-06T19:39:01.566Z',
    673
  );
INSERT INTO pet
VALUES (
    'Erik',
    'Alison.Botsford@hotmail.com',
    'Gerbil',
    'In laborum porro aut sint.',
    'Reprehenderit et in adipisci et quod eos architecto saepe nostrum.'
  );
INSERT INTO pet
VALUES (
    'Audreanne',
    'Alison.Botsford@hotmail.com',
    'Geese (Chinese Swan Goose)',
    'Suscipit voluptatem qui quia labore laboriosam reiciendis.',
    'Dolores aut architecto similique quis aspernatur alias vero est.'
  );
INSERT INTO pet
VALUES (
    'Dora',
    'Alison.Botsford@hotmail.com',
    'Chameleons (Veiled)',
    'Quos officiis facilis maiores ullam.',
    'Laudantium rem et nihil ut qui itaque ut.'
  );
INSERT INTO part_time_ct
VALUES ('Alison.Botsford@hotmail.com');
INSERT INTO pt_free_schedule
VALUES (
    'Alison.Botsford@hotmail.com',
    '2020-11-05T13:18:33.802Z',
    '2021-07-14T20:06:37.633Z'
  );
INSERT INTO person
VALUES (
    'Uriel.Bartoletti@yahoo.com',
    'Nannie Stark',
    '$2b$10$uiRlFpGEaiOzo9dlzuF5Ju/1v2WgIlUNL/9tWMCI/y1VSgP/cCCDu',
    '0459 Margie Plains',
    90964295,
    'user',
    'https://s3.amazonaws.com/uifaces/faces/twitter/the_winslet/128.jpg'
  );
INSERT INTO credit_card
VALUES (
    36754901971022,
    'Uriel.Bartoletti@yahoo.com',
    '2021-11-06T22:01:41.947Z',
    483
  );
INSERT INTO pet
VALUES (
    'Marlene',
    'Uriel.Bartoletti@yahoo.com',
    'Lizard',
    'Voluptas id illo nostrum non quod nesciunt.',
    'Ipsum eius velit dignissimos repellat officiis et rerum dolorum non.'
  );
INSERT INTO full_time_ct
VALUES ('Uriel.Bartoletti@yahoo.com');
INSERT INTO ft_specializes_in
VALUES (
    'Uriel.Bartoletti@yahoo.com',
    'Pot Bellied Pig',
    8
  );
INSERT INTO person
VALUES (
    'Everette_Donnelly72@gmail.com',
    'Brad Kertzmann',
    '$2b$10$uiRlFpGEaiOzo9dlzuF5JuIc2OaqhzqkY5TTsyOzyhR1.3oDm2lY6',
    '113 Gislason Station',
    90614667,
    'user',
    'https://s3.amazonaws.com/uifaces/faces/twitter/gkaam/128.jpg'
  );
INSERT INTO full_time_ct
VALUES ('Everette_Donnelly72@gmail.com');
INSERT INTO ft_specializes_in
VALUES ('Everette_Donnelly72@gmail.com', 'Horse', 15);
INSERT INTO person
VALUES (
    'Julian_Herzog@gmail.com',
    'Rodolfo Daugherty',
    '$2b$10$uiRlFpGEaiOzo9dlzuF5Ju1H9iH0gEoSXm3dxuzBeEfY8f5GepB8K',
    '1035 Hayes Green',
    90315296,
    'user',
    'https://s3.amazonaws.com/uifaces/faces/twitter/shaneIxD/128.jpg'
  );
INSERT INTO part_time_ct
VALUES ('Julian_Herzog@gmail.com');
INSERT INTO pt_free_schedule
VALUES (
    'Julian_Herzog@gmail.com',
    '2020-11-05T09:51:42.513Z',
    '2021-08-13T18:13:27.449Z'
  );
INSERT INTO pt_specializes_in
VALUES ('Julian_Herzog@gmail.com', 'Chinchilla', 4);
INSERT INTO pt_specializes_in
VALUES ('Julian_Herzog@gmail.com', 'Cow', 8);
INSERT INTO pt_specializes_in
VALUES ('Julian_Herzog@gmail.com', 'Horse', 3);
INSERT INTO person
VALUES (
    'Hayley_Graham@yahoo.com',
    'Lori Oberbrunner',
    '$2b$10$uiRlFpGEaiOzo9dlzuF5JuqoNnBgbotbeY2D82TGRc/jCp6zOgVRe',
    '97555 Micheal Trail',
    90173662,
    'user',
    'https://s3.amazonaws.com/uifaces/faces/twitter/yigitpinarbasi/128.jpg'
  );
INSERT INTO person
VALUES (
    'Henderson61@hotmail.com',
    'Walker Dach',
    '$2b$10$uiRlFpGEaiOzo9dlzuF5Juk97q821.bU70zwmDUbZ/llwFUnTqd1K',
    '5611 Fritsch Walks',
    90723708,
    'user',
    'https://s3.amazonaws.com/uifaces/faces/twitter/nicolasfolliot/128.jpg'
  );
INSERT INTO credit_card
VALUES (
    6387302495250060,
    'Henderson61@hotmail.com',
    '2020-12-12T00:09:38.720Z',
    959
  );
INSERT INTO pet
VALUES (
    'Alexis',
    'Henderson61@hotmail.com',
    'Pigeon',
    'Dolor quis saepe perferendis.',
    'Voluptates animi et et voluptatum ipsam iste blanditiis.'
  );
INSERT INTO pet
VALUES (
    'Lenore',
    'Henderson61@hotmail.com',
    'Rabbit',
    'Omnis consequatur quis optio non quisquam.',
    'Quaerat ipsum aspernatur non beatae.'
  );
INSERT INTO pet
VALUES (
    'Aglae',
    'Henderson61@hotmail.com',
    'Guinea Fowl',
    'Eum voluptatem placeat vero.',
    'Dolor atque debitis dolores nihil architecto modi quod.'
  );
INSERT INTO person
VALUES (
    'Lily_Oberbrunner31@yahoo.com',
    'Josefa Rohan',
    '$2b$10$uiRlFpGEaiOzo9dlzuF5JuzBbCF7FzkgocjD4vl9SI29vJe6rzWdu',
    '7869 Nicklaus Courts',
    90719125,
    'user',
    'https://s3.amazonaws.com/uifaces/faces/twitter/sharvin/128.jpg'
  );
INSERT INTO credit_card
VALUES (
    6440622395833483,
    'Lily_Oberbrunner31@yahoo.com',
    '2023-08-05T00:27:36.673Z',
    610
  );
INSERT INTO pet
VALUES (
    'Domenica',
    'Lily_Oberbrunner31@yahoo.com',
    'Bearded Dragon',
    'Non necessitatibus est a similique culpa.',
    'Quo rerum sed voluptatum unde omnis et.'
  );
INSERT INTO pet
VALUES (
    'Fleta',
    'Lily_Oberbrunner31@yahoo.com',
    'Mule',
    'Vel non inventore.',
    'Quis et rerum qui laborum.'
  );
INSERT INTO person
VALUES (
    'Mavis56@hotmail.com',
    'Jody Gusikowski',
    '$2b$10$uiRlFpGEaiOzo9dlzuF5JuM5Ym.k38O2Z9EC39HIiL0Ndzzj9fB9m',
    '81147 Amira Drives',
    90043187,
    'user',
    'https://s3.amazonaws.com/uifaces/faces/twitter/gofrasdesign/128.jpg'
  );
INSERT INTO credit_card
VALUES (
    5893623030068088,
    'Mavis56@hotmail.com',
    '2020-11-26T09:38:26.378Z',
    696
  );
INSERT INTO person
VALUES (
    'Mckayla2@gmail.com',
    'Coleman Wolf',
    '$2b$10$uiRlFpGEaiOzo9dlzuF5JuWvHLSikaQgUpsMGsXbDoUaLNnG1XX16',
    '1244 Marc Alley',
    90384347,
    'user',
    'https://s3.amazonaws.com/uifaces/faces/twitter/klimmka/128.jpg'
  );
INSERT INTO person
VALUES (
    'Amari.Morar@hotmail.com',
    'Obie Schulist',
    '$2b$10$uiRlFpGEaiOzo9dlzuF5Ju7hAR27gTrF4lNcnI5hxEhiQiWk6UHom',
    '247 Horacio Inlet',
    90291268,
    'user',
    'https://s3.amazonaws.com/uifaces/faces/twitter/umurgdk/128.jpg'
  );
INSERT INTO person
VALUES (
    'Gabrielle_Thiel@hotmail.com',
    'Arnold Funk',
    '$2b$10$uiRlFpGEaiOzo9dlzuF5Ju4OXo99wWhnTil4NAqOsj1DX65cxZXQ2',
    '77817 Kirlin Crossing',
    90933546,
    'user',
    'https://s3.amazonaws.com/uifaces/faces/twitter/vaughanmoffitt/128.jpg'
  );
INSERT INTO part_time_ct
VALUES ('Gabrielle_Thiel@hotmail.com');
INSERT INTO pt_free_schedule
VALUES (
    'Gabrielle_Thiel@hotmail.com',
    '2020-11-05T06:47:26.403Z',
    '2021-01-26T04:16:55.557Z'
  );
INSERT INTO pt_specializes_in
VALUES ('Gabrielle_Thiel@hotmail.com', 'Donkey', 19);
INSERT INTO pt_specializes_in
VALUES ('Gabrielle_Thiel@hotmail.com', 'Goat', 2);
INSERT INTO person
VALUES (
    'Darrick.Witting88@gmail.com',
    'Oswaldo Rowe',
    '$2b$10$uiRlFpGEaiOzo9dlzuF5JudXQtVgQVLUPkt1dONIZk.t0fxSEpMwK',
    '6214 Bins Square',
    90931418,
    'user',
    'https://s3.amazonaws.com/uifaces/faces/twitter/shadeed9/128.jpg'
  );
INSERT INTO part_time_ct
VALUES ('Darrick.Witting88@gmail.com');
INSERT INTO pt_free_schedule
VALUES (
    'Darrick.Witting88@gmail.com',
    '2020-11-04T15:39:11.887Z',
    '2020-12-22T00:32:09.145Z'
  );
INSERT INTO person
VALUES (
    'Dixie_Paucek41@hotmail.com',
    'Suzanne Reynolds',
    '$2b$10$uiRlFpGEaiOzo9dlzuF5Jui6wCxgl6M7L0tLdkGoOmLvwyOtT25/2',
    '844 Nicolas Center',
    90836747,
    'user',
    'https://s3.amazonaws.com/uifaces/faces/twitter/vladyn/128.jpg'
  );
INSERT INTO credit_card
VALUES (
    3529373517991603,
    'Dixie_Paucek41@hotmail.com',
    '2021-07-11T03:00:39.683Z',
    594
  );
INSERT INTO pet
VALUES (
    'Sage',
    'Dixie_Paucek41@hotmail.com',
    'Hamster',
    'Cumque cupiditate quia omnis sunt dolorem aliquam qui.',
    'Vitae ut tempora aut excepturi laudantium blanditiis pariatur reprehenderit.'
  );
INSERT INTO pet
VALUES (
    'Matilde',
    'Dixie_Paucek41@hotmail.com',
    'Guinea Pig',
    'Natus culpa asperiores voluptatem architecto officiis.',
    'Est qui iusto qui.'
  );
INSERT INTO pet
VALUES (
    'Carroll',
    'Dixie_Paucek41@hotmail.com',
    'Pigeon',
    'Consectetur incidunt tempore eos rerum asperiores molestiae asperiores.',
    'Illo et voluptas aliquam odio eum rerum vel.'
  );
INSERT INTO part_time_ct
VALUES ('Dixie_Paucek41@hotmail.com');
INSERT INTO pt_free_schedule
VALUES (
    'Dixie_Paucek41@hotmail.com',
    '2020-11-05T09:42:36.753Z',
    '2021-06-11T09:17:36.417Z'
  );
INSERT INTO pt_specializes_in
VALUES ('Dixie_Paucek41@hotmail.com', 'Cat', 0);
INSERT INTO person
VALUES (
    'Graciela.Lockman@gmail.com',
    'Genevieve Bauch',
    '$2b$10$uiRlFpGEaiOzo9dlzuF5JunDesjWdaU6ttiNMthhEGm8cMHRtuYZ.',
    '72374 Daniel Squares',
    90599095,
    'user',
    'https://s3.amazonaws.com/uifaces/faces/twitter/mugukamil/128.jpg'
  );
INSERT INTO credit_card
VALUES (
    6593627023301207,
    'Graciela.Lockman@gmail.com',
    '2024-03-10T18:06:07.811Z',
    199
  );
INSERT INTO person
VALUES (
    'Olin4@yahoo.com',
    'Nickolas Bode',
    '$2b$10$uiRlFpGEaiOzo9dlzuF5Ju3aQ82c7VglcWWLW8K.IahCmMKkEyAWm',
    '19056 Durgan Place',
    90018167,
    'user',
    'https://s3.amazonaws.com/uifaces/faces/twitter/rdbannon/128.jpg'
  );
INSERT INTO full_time_ct
VALUES ('Olin4@yahoo.com');
INSERT INTO ft_specializes_in
VALUES ('Olin4@yahoo.com', 'Mule', 20);
INSERT INTO person
VALUES (
    'Mazie12@hotmail.com',
    'Kieran Schneider',
    '$2b$10$uiRlFpGEaiOzo9dlzuF5Ju7zc2RG9pYEAOk3saZG.mzHOP4ikMJj.',
    '775 Rippin Mall',
    90899967,
    'user',
    'https://s3.amazonaws.com/uifaces/faces/twitter/laasli/128.jpg'
  );
INSERT INTO person
VALUES (
    'Cayla_Kemmer29@gmail.com',
    'Tobin Glover',
    '$2b$10$uiRlFpGEaiOzo9dlzuF5JuhdelWVDw7rl34oZ3LUMbGqh2cKR1Vde',
    '099 Susan Ports',
    90308880,
    'user',
    'https://s3.amazonaws.com/uifaces/faces/twitter/travishines/128.jpg'
  );
INSERT INTO person
VALUES (
    'Caroline24@yahoo.com',
    'Hilton Cassin',
    '$2b$10$uiRlFpGEaiOzo9dlzuF5Jum8T/9SFMW8BVe3KIZcycX1VmCIlTrCm',
    '9172 Herzog Run',
    90481135,
    'user',
    'https://s3.amazonaws.com/uifaces/faces/twitter/mslarkina/128.jpg'
  );
INSERT INTO person
VALUES (
    'Name8@yahoo.com',
    'Unique Rosenbaum',
    '$2b$10$uiRlFpGEaiOzo9dlzuF5JuZb/p3MfDYDYTWgqYBAUl57nRiQJ7KlS',
    '0832 Parisian Spur',
    90404772,
    'user',
    'https://s3.amazonaws.com/uifaces/faces/twitter/tereshenkov/128.jpg'
  );
INSERT INTO full_time_ct
VALUES ('Name8@yahoo.com');
INSERT INTO ft_specializes_in
VALUES ('Name8@yahoo.com', 'Ferret', 8);
INSERT INTO person
VALUES (
    'Geovanni51@hotmail.com',
    'Adam Ernser',
    '$2b$10$uiRlFpGEaiOzo9dlzuF5Ju.n1kVNC60IpF4HQ1IQvrcf6acuHy5e6',
    '2737 Arno Glen',
    90941654,
    'user',
    'https://s3.amazonaws.com/uifaces/faces/twitter/hgharrygo/128.jpg'
  );
INSERT INTO credit_card
VALUES (
    5020507860348872,
    'Geovanni51@hotmail.com',
    '2021-01-14T10:44:50.119Z',
    625
  );
INSERT INTO pet
VALUES (
    'Dustin',
    'Geovanni51@hotmail.com',
    'Cow',
    'Explicabo voluptates ratione quis consectetur adipisci.',
    'Aut dolore cumque dolor consequatur odit nesciunt.'
  );
INSERT INTO pet
VALUES (
    'Cordie',
    'Geovanni51@hotmail.com',
    'Mule',
    'Accusamus aut nihil cum aut quaerat aut reprehenderit aspernatur.',
    'Ut ipsum enim possimus minus iste esse.'
  );
INSERT INTO pet
VALUES (
    'Ona',
    'Geovanni51@hotmail.com',
    'Chameleons (Veiled)',
    'Sed odio maiores a deserunt est atque autem.',
    'Et placeat ea natus rem deserunt harum ut consequatur doloremque.'
  );
INSERT INTO full_time_ct
VALUES ('Geovanni51@hotmail.com');
INSERT INTO ft_specializes_in
VALUES ('Geovanni51@hotmail.com', 'Hamster', 18);
INSERT INTO person
VALUES (
    'Daphne.Labadie26@hotmail.com',
    'Lilla Rau',
    '$2b$10$uiRlFpGEaiOzo9dlzuF5JuSdOrsW/O0kgU0khrvgBlXB5J0i54uHe',
    '816 Ullrich Pines',
    90906524,
    'user',
    'https://s3.amazonaws.com/uifaces/faces/twitter/jydesign/128.jpg'
  );
INSERT INTO full_time_ct
VALUES ('Daphne.Labadie26@hotmail.com');
INSERT INTO ft_specializes_in
VALUES (
    'Daphne.Labadie26@hotmail.com',
    'Geese (Chinese Swan Goose)',
    14
  );
INSERT INTO ft_specializes_in
VALUES ('Daphne.Labadie26@hotmail.com', 'Gerbil', 12);
INSERT INTO person
VALUES (
    'Effie49@gmail.com',
    'Johnpaul Goyette',
    '$2b$10$uiRlFpGEaiOzo9dlzuF5JuOMAFimYHXhnDQQNQa/EV0Zsxty82AVK',
    '59659 Myles Cliffs',
    90859467,
    'user',
    'https://s3.amazonaws.com/uifaces/faces/twitter/exentrich/128.jpg'
  );
INSERT INTO full_time_ct
VALUES ('Effie49@gmail.com');
INSERT INTO ft_specializes_in
VALUES ('Effie49@gmail.com', 'Chameleons (Veiled)', 10);
INSERT INTO ft_specializes_in
VALUES ('Effie49@gmail.com', 'Chinese Water Dragon', 4);
INSERT INTO ft_specializes_in
VALUES ('Effie49@gmail.com', 'Dog', 19);
INSERT INTO person
VALUES (
    'Kennith86@gmail.com',
    'Dillan Barton',
    '$2b$10$uiRlFpGEaiOzo9dlzuF5JudYkdMy9OY8HsMFusWypDUmv6PyUMd/i',
    '47806 Nelson Trail',
    90915336,
    'user',
    'https://s3.amazonaws.com/uifaces/faces/twitter/mhudobivnik/128.jpg'
  );
INSERT INTO full_time_ct
VALUES ('Kennith86@gmail.com');
INSERT INTO ft_specializes_in
VALUES ('Kennith86@gmail.com', 'Mule', 11);
INSERT INTO person
VALUES (
    'Rusty.Gaylord@gmail.com',
    'Jameson Cruickshank',
    '$2b$10$uiRlFpGEaiOzo9dlzuF5JuGFYL24zYCa2Yu1Cn8Iu6Y6Ude57NKqG',
    '239 Braulio Mountain',
    90090704,
    'user',
    'https://s3.amazonaws.com/uifaces/faces/twitter/ionuss/128.jpg'
  );
INSERT INTO person
VALUES (
    'Flavio_Feil64@gmail.com',
    'Antoinette Mitchell',
    '$2b$10$uiRlFpGEaiOzo9dlzuF5Ju0YqlSevh1Ab/KqmnqI3IWIYtI74omWa',
    '232 Vesta Ridge',
    90955918,
    'user',
    'https://s3.amazonaws.com/uifaces/faces/twitter/n3dmax/128.jpg'
  );
INSERT INTO credit_card
VALUES (
    6763195628706485,
    'Flavio_Feil64@gmail.com',
    '2020-11-13T06:45:04.632Z',
    300
  );
INSERT INTO full_time_ct
VALUES ('Flavio_Feil64@gmail.com');
INSERT INTO person
VALUES (
    'Kaden_Howe@hotmail.com',
    'Charity Trantow',
    '$2b$10$uiRlFpGEaiOzo9dlzuF5Ju1qLkpD36UpKekIJDhc5qvL3FNRBkpFe',
    '31203 Bennett Branch',
    90654546,
    'user',
    'https://s3.amazonaws.com/uifaces/faces/twitter/kushsolitary/128.jpg'
  );
INSERT INTO full_time_ct
VALUES ('Kaden_Howe@hotmail.com');
INSERT INTO ft_specializes_in
VALUES ('Kaden_Howe@hotmail.com', 'Dog', 4);
INSERT INTO ft_specializes_in
VALUES ('Kaden_Howe@hotmail.com', 'Mule', 12);
INSERT INTO person
VALUES (
    'Johann.Fahey22@hotmail.com',
    'Giuseppe Thiel',
    '$2b$10$uiRlFpGEaiOzo9dlzuF5JuO/YJcwzypjvt/42iv.wQs9NGH2bvoiy',
    '070 Runte Crossroad',
    90657749,
    'user',
    'https://s3.amazonaws.com/uifaces/faces/twitter/plasticine/128.jpg'
  );
INSERT INTO part_time_ct
VALUES ('Johann.Fahey22@hotmail.com');
INSERT INTO pt_free_schedule
VALUES (
    'Johann.Fahey22@hotmail.com',
    '2020-11-05T01:36:27.647Z',
    '2021-09-12T04:48:52.350Z'
  );
INSERT INTO pt_specializes_in
VALUES ('Johann.Fahey22@hotmail.com', 'Hamster', 4);
INSERT INTO pt_specializes_in
VALUES ('Johann.Fahey22@hotmail.com', 'Hedgehog', 3);
INSERT INTO person
VALUES (
    'Javier.Stamm81@yahoo.com',
    'Thora Ebert',
    '$2b$10$uiRlFpGEaiOzo9dlzuF5Juro716PHqgQ16I0hU9pASI8NO7kGEFzy',
    '281 Catharine Manor',
    90093507,
    'user',
    'https://s3.amazonaws.com/uifaces/faces/twitter/drewbyreese/128.jpg'
  );
INSERT INTO credit_card
VALUES (
    6304232738315356,
    'Javier.Stamm81@yahoo.com',
    '2023-04-18T02:07:18.808Z',
    807
  );
INSERT INTO pet
VALUES (
    'Cheyenne',
    'Javier.Stamm81@yahoo.com',
    'Gerbil',
    'Tempore labore quod eaque amet.',
    'Voluptas perferendis consequatur.'
  );
INSERT INTO part_time_ct
VALUES ('Javier.Stamm81@yahoo.com');
INSERT INTO pt_free_schedule
VALUES (
    'Javier.Stamm81@yahoo.com',
    '2020-11-04T22:48:16.416Z',
    '2021-08-10T10:05:27.565Z'
  );
INSERT INTO person
VALUES (
    'Ardella_Bednar@yahoo.com',
    'Greyson Sanford',
    '$2b$10$uiRlFpGEaiOzo9dlzuF5JuCscXLSgy9AlsHmDegDmNO8Y1B4oWPUa',
    '83104 Koepp Meadows',
    90580297,
    'user',
    'https://s3.amazonaws.com/uifaces/faces/twitter/juamperro/128.jpg'
  );
INSERT INTO person
VALUES (
    'Mia.Barrows@gmail.com',
    'Jeffery Anderson',
    '$2b$10$uiRlFpGEaiOzo9dlzuF5JupknYQEjnlywkYOQINyaTKqFbHgUXEm2',
    '799 Walker Flats',
    90618146,
    'user',
    'https://s3.amazonaws.com/uifaces/faces/twitter/tobysaxon/128.jpg'
  );
INSERT INTO credit_card
VALUES (
    3529306050411839,
    'Mia.Barrows@gmail.com',
    '2023-03-31T04:04:51.685Z',
    616
  );
INSERT INTO pet
VALUES (
    'Louvenia',
    'Mia.Barrows@gmail.com',
    'Ferret',
    'In nisi praesentium sunt.',
    'A sapiente natus quis omnis quo hic.'
  );
INSERT INTO full_time_ct
VALUES ('Mia.Barrows@gmail.com');
INSERT INTO ft_specializes_in
VALUES ('Mia.Barrows@gmail.com', 'Hamster', 6);
INSERT INTO ft_specializes_in
VALUES ('Mia.Barrows@gmail.com', 'Pigeon', 18);
INSERT INTO person
VALUES (
    'Laisha68@yahoo.com',
    'Lillian Hegmann',
    '$2b$10$uiRlFpGEaiOzo9dlzuF5JuBNba0Cu8bgm1nMxBV./vW9yRc6PFcsG',
    '44194 Wiza Valley',
    90085621,
    'user',
    'https://s3.amazonaws.com/uifaces/faces/twitter/isacosta/128.jpg'
  );
INSERT INTO credit_card
VALUES (
    4284461045490,
    'Laisha68@yahoo.com',
    '2021-06-23T00:32:20.452Z',
    968
  );
INSERT INTO pet
VALUES (
    'Haylie',
    'Laisha68@yahoo.com',
    'Bearded Dragon',
    'Recusandae itaque itaque vitae aut cum quo in nam.',
    'Eveniet totam quia aperiam.'
  );
INSERT INTO full_time_ct
VALUES ('Laisha68@yahoo.com');
INSERT INTO ft_specializes_in
VALUES ('Laisha68@yahoo.com', 'Burro', 12);
INSERT INTO ft_specializes_in
VALUES ('Laisha68@yahoo.com', 'Chicken', 19);
INSERT INTO ft_specializes_in
VALUES ('Laisha68@yahoo.com', 'Cow', 10);
INSERT INTO person
VALUES (
    'Edmund.Sanford@gmail.com',
    'Imelda Boyer',
    '$2b$10$uiRlFpGEaiOzo9dlzuF5JuGhDDeEHoXMLEfB8RwQbIK4OLdN3y6VO',
    '9388 Alexzander Walks',
    90643091,
    'user',
    'https://s3.amazonaws.com/uifaces/faces/twitter/duivvv/128.jpg'
  );
INSERT INTO credit_card
VALUES (
    343997260509659,
    'Edmund.Sanford@gmail.com',
    '2021-10-02T04:12:29.544Z',
    386
  );
INSERT INTO pet
VALUES (
    'Cassandre',
    'Edmund.Sanford@gmail.com',
    'Chicken',
    'Iure maxime similique amet porro est vel laboriosam.',
    'Nihil blanditiis commodi optio qui mollitia voluptatem ducimus sed.'
  );
INSERT INTO pet
VALUES (
    'Justice',
    'Edmund.Sanford@gmail.com',
    'Fish',
    'Labore non neque unde.',
    'Laudantium nisi ut non velit molestias temporibus molestiae saepe non.'
  );
INSERT INTO pet
VALUES (
    'Lucie',
    'Edmund.Sanford@gmail.com',
    'Chicken',
    'Quia distinctio omnis sit.',
    'Impedit rerum eos aliquid sed.'
  );
INSERT INTO part_time_ct
VALUES ('Edmund.Sanford@gmail.com');
INSERT INTO pt_free_schedule
VALUES (
    'Edmund.Sanford@gmail.com',
    '2020-11-04T13:40:10.867Z',
    '2021-06-02T00:37:20.670Z'
  );
INSERT INTO person
VALUES (
    'Earnest_Carter@hotmail.com',
    'Caterina Yundt',
    '$2b$10$uiRlFpGEaiOzo9dlzuF5JuGnhfcq8fVjJby9BXV97QU7cALv.UD3S',
    '9457 Ida Road',
    90723665,
    'user',
    'https://s3.amazonaws.com/uifaces/faces/twitter/judzhin_miles/128.jpg'
  );
INSERT INTO full_time_ct
VALUES ('Earnest_Carter@hotmail.com');
INSERT INTO ft_specializes_in
VALUES ('Earnest_Carter@hotmail.com', 'Hedgehog', 20);
INSERT INTO person
VALUES (
    'Crawford_Blick@yahoo.com',
    'Elmer Beer',
    '$2b$10$uiRlFpGEaiOzo9dlzuF5Julbu07Q.J/Et5cmoCHTK2daerwEU.FMa',
    '1186 Hyatt Ports',
    90082493,
    'user',
    'https://s3.amazonaws.com/uifaces/faces/twitter/kalmerrautam/128.jpg'
  );
INSERT INTO credit_card
VALUES (
    4370256548984,
    'Crawford_Blick@yahoo.com',
    '2020-11-08T06:44:33.201Z',
    209
  );
INSERT INTO pet
VALUES (
    'Lenna',
    'Crawford_Blick@yahoo.com',
    'Cow',
    'Est atque provident molestias sed eum quia aut.',
    'Dolorum commodi mollitia aspernatur tenetur voluptatum voluptatibus sit.'
  );
INSERT INTO pet
VALUES (
    'Alfredo',
    'Crawford_Blick@yahoo.com',
    'Guinea Fowl',
    'Quia placeat enim sed sed.',
    'Aut necessitatibus placeat accusamus.'
  );
INSERT INTO pet
VALUES (
    'Ernie',
    'Crawford_Blick@yahoo.com',
    'Bearded Dragon',
    'Repellat molestiae dolore quisquam ipsum.',
    'Est dicta est laudantium dolorum cum eum.'
  );
INSERT INTO person
VALUES (
    'Kira_Jones65@yahoo.com',
    'Isabell Hansen',
    '$2b$10$uiRlFpGEaiOzo9dlzuF5Ju0Aszeh7D0HXMY.cIyVSNWxrC9cupx3W',
    '730 Douglas Camp',
    90938189,
    'user',
    'https://s3.amazonaws.com/uifaces/faces/twitter/josep_martins/128.jpg'
  );
INSERT INTO credit_card
VALUES (
    5020946436578080,
    'Kira_Jones65@yahoo.com',
    '2021-09-21T19:34:12.975Z',
    152
  );
INSERT INTO person
VALUES (
    'Lesley.Hilpert17@yahoo.com',
    'Aaron Conn',
    '$2b$10$uiRlFpGEaiOzo9dlzuF5Jup6gISMMhE53sFmfbKY5sdOOlDtxHd6S',
    '11797 Bradtke Mall',
    90057174,
    'user',
    'https://s3.amazonaws.com/uifaces/faces/twitter/hota_v/128.jpg'
  );
INSERT INTO credit_card
VALUES (
    6759563526533689,
    'Lesley.Hilpert17@yahoo.com',
    '2023-10-08T12:36:09.692Z',
    406
  );
INSERT INTO pet
VALUES (
    'Morgan',
    'Lesley.Hilpert17@yahoo.com',
    'Chicken',
    'Quas dignissimos voluptas ducimus.',
    'Ut odio inventore vero veritatis occaecati et deleniti.'
  );
INSERT INTO pet
VALUES (
    'Lincoln',
    'Lesley.Hilpert17@yahoo.com',
    'Horse',
    'Delectus voluptas harum distinctio.',
    'Sint voluptatem architecto a omnis autem veritatis nam quis.'
  );
INSERT INTO person
VALUES (
    'Tremaine21@hotmail.com',
    'Amir Runolfsson',
    '$2b$10$uiRlFpGEaiOzo9dlzuF5JuoEYPHsXZt0umwJAjPEBj3u7gRhOe596',
    '5936 Ernser Road',
    90909929,
    'user',
    'https://s3.amazonaws.com/uifaces/faces/twitter/BroumiYoussef/128.jpg'
  );
INSERT INTO credit_card
VALUES (
    348291401740275,
    'Tremaine21@hotmail.com',
    '2022-05-15T18:08:13.415Z',
    274
  );
INSERT INTO person
VALUES (
    'Reinhold_Fisher16@hotmail.com',
    'Erwin Macejkovic',
    '$2b$10$uiRlFpGEaiOzo9dlzuF5JuxskDccFmpMBvGS.r50Hbklhnl5mS4ES',
    '231 Alphonso Alley',
    90102889,
    'user',
    'https://s3.amazonaws.com/uifaces/faces/twitter/jeremiespoken/128.jpg'
  );
INSERT INTO credit_card
VALUES (
    36297913623575,
    'Reinhold_Fisher16@hotmail.com',
    '2023-04-12T11:07:11.371Z',
    785
  );
INSERT INTO pet
VALUES (
    'Bernita',
    'Reinhold_Fisher16@hotmail.com',
    'Pigeon',
    'Ipsum quo molestiae suscipit et ducimus voluptas eius unde impedit.',
    'Sed distinctio labore inventore quo odio.'
  );
INSERT INTO part_time_ct
VALUES ('Reinhold_Fisher16@hotmail.com');
INSERT INTO pt_free_schedule
VALUES (
    'Reinhold_Fisher16@hotmail.com',
    '2020-11-05T13:16:28.259Z',
    '2021-01-25T20:18:09.229Z'
  );
INSERT INTO person
VALUES (
    'Raul_Friesen@hotmail.com',
    'Marcel Konopelski',
    '$2b$10$uiRlFpGEaiOzo9dlzuF5JuJ8PAWesHzL1iI8OTium0cxcTgjx8Tzi',
    '9581 Desiree Expressway',
    90527219,
    'user',
    'https://s3.amazonaws.com/uifaces/faces/twitter/dgajjar/128.jpg'
  );
INSERT INTO credit_card
VALUES (
    3529711259413050,
    'Raul_Friesen@hotmail.com',
    '2023-05-05T09:09:12.738Z',
    187
  );
INSERT INTO pet
VALUES (
    'Zoe',
    'Raul_Friesen@hotmail.com',
    'Peafowl',
    'Impedit ut doloribus non et minima unde.',
    'Architecto et ad excepturi.'
  );
INSERT INTO pet
VALUES (
    'Colleen',
    'Raul_Friesen@hotmail.com',
    'Pigeon',
    'Eligendi impedit est atque soluta praesentium quia et dolores sed.',
    'Voluptatem assumenda nam qui enim omnis ex et.'
  );
INSERT INTO full_time_ct
VALUES ('Raul_Friesen@hotmail.com');
INSERT INTO ft_specializes_in
VALUES ('Raul_Friesen@hotmail.com', 'Hog', 9);
INSERT INTO person
VALUES (
    'Kristian_Larkin76@gmail.com',
    'Corine Mills',
    '$2b$10$uiRlFpGEaiOzo9dlzuF5JuSCWExLlte.p6w5LE.QK3ncZICsa7vlC',
    '3588 Terry Spring',
    90068068,
    'user',
    'https://s3.amazonaws.com/uifaces/faces/twitter/deeenright/128.jpg'
  );
INSERT INTO credit_card
VALUES (
    6398082659735923,
    'Kristian_Larkin76@gmail.com',
    '2022-10-18T16:16:36.762Z',
    015
  );
INSERT INTO pet
VALUES (
    'Brenna',
    'Kristian_Larkin76@gmail.com',
    'Mule',
    'Nostrum unde minima.',
    'Cum molestiae et commodi eum.'
  );
INSERT INTO pet
VALUES (
    'Percy',
    'Kristian_Larkin76@gmail.com',
    'Guinea Pig',
    'Aut et nulla quo sint.',
    'Numquam animi est minima eius perspiciatis.'
  );
INSERT INTO pet
VALUES (
    'Randy',
    'Kristian_Larkin76@gmail.com',
    'Pot Bellied Pig',
    'Commodi omnis reprehenderit culpa voluptas ipsa qui dignissimos quia.',
    'Earum asperiores dicta.'
  );
INSERT INTO part_time_ct
VALUES ('Kristian_Larkin76@gmail.com');
INSERT INTO pt_free_schedule
VALUES (
    'Kristian_Larkin76@gmail.com',
    '2020-11-04T23:57:01.475Z',
    '2021-09-23T10:13:31.574Z'
  );
INSERT INTO pt_specializes_in
VALUES ('Kristian_Larkin76@gmail.com', 'Ferret', 9);
INSERT INTO pt_specializes_in
VALUES ('Kristian_Larkin76@gmail.com', 'Horse', 20);
INSERT INTO person
VALUES (
    'Nya5@gmail.com',
    'Claud Deckow',
    '$2b$10$uiRlFpGEaiOzo9dlzuF5JulzgUpwKlEiWoWyKTs9pGKCxxUa2mlYe',
    '6643 Alfonzo Oval',
    90584696,
    'user',
    'https://s3.amazonaws.com/uifaces/faces/twitter/looneydoodle/128.jpg'
  );
INSERT INTO part_time_ct
VALUES ('Nya5@gmail.com');
INSERT INTO pt_free_schedule
VALUES (
    'Nya5@gmail.com',
    '2020-11-05T08:02:25.568Z',
    '2020-12-16T09:32:29.898Z'
  );
INSERT INTO person
VALUES (
    'Ida41@yahoo.com',
    'Edmund Greenholt',
    '$2b$10$uiRlFpGEaiOzo9dlzuF5JuRDClGts95ka9ILAYIdDGYM1.RH3kGwu',
    '4611 Flavio Lights',
    90608084,
    'user',
    'https://s3.amazonaws.com/uifaces/faces/twitter/ma_tiax/128.jpg'
  );
INSERT INTO person
VALUES (
    'Reuben_Kassulke@yahoo.com',
    'Uriel Dicki',
    '$2b$10$uiRlFpGEaiOzo9dlzuF5JuCDrkG25OVHq/Twp6pJ1.3p5VxZjsFsy',
    '8722 Brekke Manors',
    90294161,
    'user',
    'https://s3.amazonaws.com/uifaces/faces/twitter/swaplord/128.jpg'
  );
INSERT INTO credit_card
VALUES (
    6597680801068692,
    'Reuben_Kassulke@yahoo.com',
    '2021-06-16T02:33:28.072Z',
    884
  );
INSERT INTO pet
VALUES (
    'Aric',
    'Reuben_Kassulke@yahoo.com',
    'Chinese Water Dragon',
    'Dignissimos iure amet.',
    'Quia aliquam enim mollitia possimus quasi eveniet est magni.'
  );
INSERT INTO pet
VALUES (
    'Kasandra',
    'Reuben_Kassulke@yahoo.com',
    'Duck',
    'Enim porro corrupti earum iusto.',
    'Inventore ipsa corporis et error nam id.'
  );
INSERT INTO pet
VALUES (
    'Reed',
    'Reuben_Kassulke@yahoo.com',
    'Gerbil',
    'Impedit optio dolore et iste qui.',
    'Modi non dolor illum eveniet totam voluptas.'
  );
INSERT INTO full_time_ct
VALUES ('Reuben_Kassulke@yahoo.com');
INSERT INTO ft_specializes_in
VALUES ('Reuben_Kassulke@yahoo.com', 'Duck', 15);
INSERT INTO ft_specializes_in
VALUES (
    'Reuben_Kassulke@yahoo.com',
    'Pot Bellied Pig',
    20
  );
INSERT INTO person
VALUES (
    'Pedro.DAmore@gmail.com',
    'Andres Dare',
    '$2b$10$uiRlFpGEaiOzo9dlzuF5JusgeuRZzldnRPY7CwX0aAq4LTqkEfra2',
    '97289 Agustina Flats',
    90904002,
    'user',
    'https://s3.amazonaws.com/uifaces/faces/twitter/baumann_alex/128.jpg'
  );
INSERT INTO person
VALUES (
    'Darrin.Ortiz@gmail.com',
    'Zachery Flatley',
    '$2b$10$uiRlFpGEaiOzo9dlzuF5JuuF.XxvjreW1bz7xh15Af4cD4zULT1fu',
    '034 Kunze Crest',
    90326725,
    'user',
    'https://s3.amazonaws.com/uifaces/faces/twitter/mbilderbach/128.jpg'
  );
INSERT INTO credit_card
VALUES (
    5020739393519097,
    'Darrin.Ortiz@gmail.com',
    '2021-03-13T22:34:18.572Z',
    699
  );
INSERT INTO pet
VALUES (
    'Jackie',
    'Darrin.Ortiz@gmail.com',
    'Bird',
    'Sequi facilis asperiores ex maiores mollitia quia voluptas incidunt delectus.',
    'Eum quo quisquam consequatur.'
  );
INSERT INTO part_time_ct
VALUES ('Darrin.Ortiz@gmail.com');
INSERT INTO pt_free_schedule
VALUES (
    'Darrin.Ortiz@gmail.com',
    '2020-11-04T22:25:58.536Z',
    '2021-03-05T03:44:22.212Z'
  );
INSERT INTO person
VALUES (
    'Perry_Marks53@gmail.com',
    'Ricky Daniel',
    '$2b$10$uiRlFpGEaiOzo9dlzuF5JuYntpt3h2ZM1owZoeYHE7c.TQFNKVHMu',
    '0958 Kiana Square',
    90568094,
    'user',
    'https://s3.amazonaws.com/uifaces/faces/twitter/edgarchris99/128.jpg'
  );
INSERT INTO credit_card
VALUES (
    4857189013854,
    'Perry_Marks53@gmail.com',
    '2021-04-04T07:34:57.183Z',
    282
  );
INSERT INTO pet
VALUES (
    'Dena',
    'Perry_Marks53@gmail.com',
    'Ponie',
    'Repudiandae sunt quia.',
    'Fugiat magni non saepe voluptatem tenetur.'
  );
INSERT INTO pet
VALUES (
    'Maudie',
    'Perry_Marks53@gmail.com',
    'Goat',
    'Nemo cum maiores consequatur ullam ipsam ipsam repudiandae.',
    'Molestiae aut necessitatibus eligendi autem ducimus eum illum neque.'
  );
INSERT INTO pet
VALUES (
    'Ralph',
    'Perry_Marks53@gmail.com',
    'Goat',
    'Debitis facilis est.',
    'Distinctio ipsa sit.'
  );
INSERT INTO full_time_ct
VALUES ('Perry_Marks53@gmail.com');
INSERT INTO ft_specializes_in
VALUES ('Perry_Marks53@gmail.com', 'Bearded Dragon', 4);
INSERT INTO ft_specializes_in
VALUES ('Perry_Marks53@gmail.com', 'Lizard', 1);
INSERT INTO ft_specializes_in
VALUES ('Perry_Marks53@gmail.com', 'Mice', 17);
INSERT INTO person
VALUES (
    'Andre_Bosco43@gmail.com',
    'Chet Lesch',
    '$2b$10$uiRlFpGEaiOzo9dlzuF5Ju9LOYVwaVuGLV5q38NVnZi2RGLxFp6Vu',
    '709 Charles Turnpike',
    90452082,
    'user',
    'https://s3.amazonaws.com/uifaces/faces/twitter/ifarafonow/128.jpg'
  );
INSERT INTO credit_card
VALUES (
    6759168035054757,
    'Andre_Bosco43@gmail.com',
    '2021-06-20T16:08:45.561Z',
    477
  );
INSERT INTO pet
VALUES (
    'Lucienne',
    'Andre_Bosco43@gmail.com',
    'Rabbit',
    'Provident autem et ut quaerat natus magni.',
    'Omnis sed omnis rerum quo.'
  );
INSERT INTO pet
VALUES (
    'Ofelia',
    'Andre_Bosco43@gmail.com',
    'Pot Bellied Pig',
    'Debitis et possimus sint eveniet rem est harum est id.',
    'In est recusandae.'
  );
INSERT INTO person
VALUES (
    'Lon.McClure41@yahoo.com',
    'Clifford Lemke',
    '$2b$10$uiRlFpGEaiOzo9dlzuF5Ju1RX3oPqwHMLYS7nSYB/DBVJ2kREN0EC',
    '9365 Cullen Knoll',
    90174292,
    'user',
    'https://s3.amazonaws.com/uifaces/faces/twitter/dmackerman/128.jpg'
  );
INSERT INTO part_time_ct
VALUES ('Lon.McClure41@yahoo.com');
INSERT INTO pt_free_schedule
VALUES (
    'Lon.McClure41@yahoo.com',
    '2020-11-05T08:25:54.140Z',
    '2021-07-06T23:13:11.720Z'
  );
INSERT INTO pt_specializes_in
VALUES ('Lon.McClure41@yahoo.com', 'Goat', 2);
INSERT INTO person
VALUES (
    'Hoyt2@gmail.com',
    'Maddison Gusikowski',
    '$2b$10$uiRlFpGEaiOzo9dlzuF5Juvw8BzmWPdV7g71hpMfGO56umaEhTn3u',
    '56375 Hilll Fields',
    90705391,
    'user',
    'https://s3.amazonaws.com/uifaces/faces/twitter/angelcolberg/128.jpg'
  );
INSERT INTO person
VALUES (
    'Gussie68@yahoo.com',
    'Dovie Miller',
    '$2b$10$uiRlFpGEaiOzo9dlzuF5JuFlQOobTTqBYy3ZEPDuwfqFn6x6R9rh.',
    '64429 Madaline Mountains',
    90240118,
    'user',
    'https://s3.amazonaws.com/uifaces/faces/twitter/keryilmaz/128.jpg'
  );
INSERT INTO credit_card
VALUES (
    340771050559114,
    'Gussie68@yahoo.com',
    '2021-03-31T04:12:49.590Z',
    125
  );
INSERT INTO pet
VALUES (
    'Alexis',
    'Gussie68@yahoo.com',
    'Rabbit',
    'Corrupti aperiam aperiam aut neque qui.',
    'Sint est perferendis.'
  );
INSERT INTO pet
VALUES (
    'Lavon',
    'Gussie68@yahoo.com',
    'Chinese Water Dragon',
    'Cum eos eaque odio ipsa et commodi et suscipit.',
    'Odio eos et dolores non et.'
  );
INSERT INTO pet
VALUES (
    'Marlene',
    'Gussie68@yahoo.com',
    'Goat',
    'Sit molestiae praesentium dolores aut voluptatum.',
    'Dolores molestias voluptatum reprehenderit omnis sequi.'
  );
INSERT INTO part_time_ct
VALUES ('Gussie68@yahoo.com');
INSERT INTO pt_free_schedule
VALUES (
    'Gussie68@yahoo.com',
    '2020-11-05T06:18:07.087Z',
    '2021-07-28T17:04:58.933Z'
  );
INSERT INTO pt_specializes_in
VALUES ('Gussie68@yahoo.com', 'Chinchilla', 16);
INSERT INTO pt_specializes_in
VALUES ('Gussie68@yahoo.com', 'Llama', 18);
INSERT INTO person
VALUES (
    'Hugh63@hotmail.com',
    'Adela Flatley',
    '$2b$10$uiRlFpGEaiOzo9dlzuF5Juhe5q4jKqGOTvHx/9CMjSVtQgSyy/qPu',
    '3119 Kendall Road',
    90730401,
    'user',
    'https://s3.amazonaws.com/uifaces/faces/twitter/brenton_clarke/128.jpg'
  );
INSERT INTO full_time_ct
VALUES ('Hugh63@hotmail.com');
INSERT INTO ft_specializes_in
VALUES ('Hugh63@hotmail.com', 'Chameleons (Veiled)', 20);
INSERT INTO ft_specializes_in
VALUES ('Hugh63@hotmail.com', 'Chinchilla', 7);
INSERT INTO ft_specializes_in
VALUES ('Hugh63@hotmail.com', 'Gecko', 0);
INSERT INTO person
VALUES (
    'Lucas.Metz@yahoo.com',
    'Charlie Upton',
    '$2b$10$uiRlFpGEaiOzo9dlzuF5JurXm2Myu9BZGqFYD5pW73kuSzRN/T.MW',
    '5909 Josie Lake',
    90888357,
    'user',
    'https://s3.amazonaws.com/uifaces/faces/twitter/mutu_krish/128.jpg'
  );
INSERT INTO person
VALUES (
    'Makayla_Harber@hotmail.com',
    'Annabel Stark',
    '$2b$10$uiRlFpGEaiOzo9dlzuF5Ju0E4DC/El7G2DWm4cSO5XthDmh2SCRE2',
    '81879 Roy Trail',
    90500411,
    'user',
    'https://s3.amazonaws.com/uifaces/faces/twitter/baumann_alex/128.jpg'
  );
INSERT INTO person
VALUES (
    'Zula_Stroman53@hotmail.com',
    'Destinee Wunsch',
    '$2b$10$uiRlFpGEaiOzo9dlzuF5JuUI8kHmQe/ZFb/i5uUlFtPZGfz1qGzte',
    '93982 Howe Ferry',
    90099422,
    'user',
    'https://s3.amazonaws.com/uifaces/faces/twitter/marlinjayakody/128.jpg'
  );
INSERT INTO credit_card
VALUES (
    3528185205880448,
    'Zula_Stroman53@hotmail.com',
    '2022-04-12T21:01:34.625Z',
    854
  );
INSERT INTO pet
VALUES (
    'Cruz',
    'Zula_Stroman53@hotmail.com',
    'Guinea Fowl',
    'Assumenda et sed.',
    'Repellat est nostrum maxime consequatur ut unde aut.'
  );
INSERT INTO pet
VALUES (
    'Tristian',
    'Zula_Stroman53@hotmail.com',
    'Ferret',
    'Ut ipsum aspernatur.',
    'Eum fugiat voluptas autem libero eos.'
  );
INSERT INTO full_time_ct
VALUES ('Zula_Stroman53@hotmail.com');
INSERT INTO person
VALUES (
    'Toni92@gmail.com',
    'Selmer Ward',
    '$2b$10$uiRlFpGEaiOzo9dlzuF5JuT8iX4Te.CAwkYia50TK48wW5Ism/IIq',
    '24528 Lockman Pike',
    90608566,
    'user',
    'https://s3.amazonaws.com/uifaces/faces/twitter/ahmetsulek/128.jpg'
  );
INSERT INTO credit_card
VALUES (
    6394668424642960,
    'Toni92@gmail.com',
    '2022-07-27T04:40:48.777Z',
    783
  );
INSERT INTO person
VALUES (
    'Hollie.Donnelly22@yahoo.com',
    'Itzel Dooley',
    '$2b$10$uiRlFpGEaiOzo9dlzuF5JufJElxhu1Xr2pWH6ohDQAlaHLdFcXJcO',
    '73991 Spinka Crossroad',
    90656644,
    'user',
    'https://s3.amazonaws.com/uifaces/faces/twitter/woodydotmx/128.jpg'
  );
INSERT INTO full_time_ct
VALUES ('Hollie.Donnelly22@yahoo.com');
INSERT INTO ft_specializes_in
VALUES ('Hollie.Donnelly22@yahoo.com', 'Burro', 18);
INSERT INTO person
VALUES (
    'Holden29@yahoo.com',
    'Gretchen Gottlieb',
    '$2b$10$uiRlFpGEaiOzo9dlzuF5Juzhu8BlBOefweZiaWmgBilxPeADVb5K2',
    '076 Hansen Loop',
    90388630,
    'user',
    'https://s3.amazonaws.com/uifaces/faces/twitter/ZacharyZorbas/128.jpg'
  );
INSERT INTO credit_card
VALUES (
    5020996503886343,
    'Holden29@yahoo.com',
    '2021-12-26T12:13:22.224Z',
    308
  );
INSERT INTO pet
VALUES (
    'Michele',
    'Holden29@yahoo.com',
    'Burro',
    'Inventore voluptates placeat voluptatem doloribus.',
    'Quam placeat nostrum et.'
  );
INSERT INTO pet
VALUES (
    'Joan',
    'Holden29@yahoo.com',
    'Cow',
    'Placeat ab omnis est incidunt necessitatibus culpa impedit et amet.',
    'Et adipisci corrupti dolorum eum enim voluptate consectetur ducimus odit.'
  );
INSERT INTO pet
VALUES (
    'Ali',
    'Holden29@yahoo.com',
    'Guinea Fowl',
    'Ut impedit sit modi at deleniti est.',
    'Ut voluptatum in quas.'
  );
INSERT INTO person
VALUES (
    'Bernhard_Grimes@gmail.com',
    'Efrain Braun',
    '$2b$10$uiRlFpGEaiOzo9dlzuF5JuacsB5J7r6dX0.raMy6.DnmR6Dlm4b6m',
    '7956 Kailyn Brook',
    90580497,
    'user',
    'https://s3.amazonaws.com/uifaces/faces/twitter/thedjpetersen/128.jpg'
  );
INSERT INTO person
VALUES (
    'Keaton.Kessler41@hotmail.com',
    'Zoe Schamberger',
    '$2b$10$uiRlFpGEaiOzo9dlzuF5JubNeKnPxbHADBWM1rM/7McEnBk5KZzoW',
    '59837 Ivah Street',
    90409939,
    'user',
    'https://s3.amazonaws.com/uifaces/faces/twitter/alsobrooks/128.jpg'
  );
INSERT INTO person
VALUES (
    'Christine60@gmail.com',
    'Clotilde Terry',
    '$2b$10$uiRlFpGEaiOzo9dlzuF5Ju59nHBoxYhvAk0PEO0rdJ14v2TdubVQW',
    '239 Deonte Groves',
    90311002,
    'user',
    'https://s3.amazonaws.com/uifaces/faces/twitter/sandywoodruff/128.jpg'
  );
INSERT INTO person
VALUES (
    'Izaiah_McDermott54@gmail.com',
    'Amiya Terry',
    '$2b$10$uiRlFpGEaiOzo9dlzuF5JuVovkVmUHWY9tGD9K7VJRd/BImIDdGqm',
    '994 Margie Spur',
    90001898,
    'user',
    'https://s3.amazonaws.com/uifaces/faces/twitter/konus/128.jpg'
  );
INSERT INTO part_time_ct
VALUES ('Izaiah_McDermott54@gmail.com');
INSERT INTO pt_free_schedule
VALUES (
    'Izaiah_McDermott54@gmail.com',
    '2020-11-04T13:37:16.505Z',
    '2021-10-04T14:15:27.550Z'
  );
INSERT INTO person
VALUES (
    'Dakota_Crooks@yahoo.com',
    'Genevieve Wunsch',
    '$2b$10$uiRlFpGEaiOzo9dlzuF5JuWZDnLX.E.HtujCSMvND1RAu/iEe5ubi',
    '328 Joyce Shoal',
    90498197,
    'user',
    'https://s3.amazonaws.com/uifaces/faces/twitter/axel/128.jpg'
  );
INSERT INTO part_time_ct
VALUES ('Dakota_Crooks@yahoo.com');
INSERT INTO pt_free_schedule
VALUES (
    'Dakota_Crooks@yahoo.com',
    '2020-11-04T18:07:46.500Z',
    '2021-04-16T05:14:28.698Z'
  );
INSERT INTO pt_specializes_in
VALUES ('Dakota_Crooks@yahoo.com', 'Chicken', 6);
INSERT INTO pt_specializes_in
VALUES ('Dakota_Crooks@yahoo.com', 'Pot Bellied Pig', 13);
INSERT INTO person
VALUES (
    'Torey.Wintheiser53@hotmail.com',
    'Vickie Corkery',
    '$2b$10$uiRlFpGEaiOzo9dlzuF5JuTikixtB3wi6kV5017zy.zAKo7nh43GG',
    '31206 OKeefe Brook',
    90974437,
    'user',
    'https://s3.amazonaws.com/uifaces/faces/twitter/nicolasfolliot/128.jpg'
  );
INSERT INTO part_time_ct
VALUES ('Torey.Wintheiser53@hotmail.com');
INSERT INTO pt_free_schedule
VALUES (
    'Torey.Wintheiser53@hotmail.com',
    '2020-11-05T06:17:23.819Z',
    '2021-01-23T13:38:27.781Z'
  );
INSERT INTO pt_specializes_in
VALUES (
    'Torey.Wintheiser53@hotmail.com',
    'Chinchilla',
    2
  );
INSERT INTO person
VALUES (
    'Delilah.Kunze@gmail.com',
    'Cheyenne Olson',
    '$2b$10$uiRlFpGEaiOzo9dlzuF5Ju1iH/UHTQqAoSg.XWWCZS1S2b1WQu/xG',
    '5543 Hilpert Field',
    90884705,
    'user',
    'https://s3.amazonaws.com/uifaces/faces/twitter/leonfedotov/128.jpg'
  );
INSERT INTO full_time_ct
VALUES ('Delilah.Kunze@gmail.com');
INSERT INTO ft_specializes_in
VALUES ('Delilah.Kunze@gmail.com', 'Ferret', 16);
INSERT INTO person
VALUES (
    'Ewald.Hessel34@gmail.com',
    'Terrance Herzog',
    '$2b$10$uiRlFpGEaiOzo9dlzuF5JuIcAVPC.WYgngJq.wJSTGOZj16nNdEwS',
    '007 Gutmann Roads',
    90405842,
    'user',
    'https://s3.amazonaws.com/uifaces/faces/twitter/tjisousa/128.jpg'
  );
INSERT INTO credit_card
VALUES (
    4912412944762327,
    'Ewald.Hessel34@gmail.com',
    '2022-06-19T18:58:09.473Z',
    392
  );
INSERT INTO pet
VALUES (
    'Carlos',
    'Ewald.Hessel34@gmail.com',
    'Burro',
    'Ducimus ipsum quidem.',
    'Occaecati sint ut perferendis.'
  );
INSERT INTO person
VALUES (
    'Sonny_OHara94@yahoo.com',
    'Chaim Hane',
    '$2b$10$uiRlFpGEaiOzo9dlzuF5Ju502GG0lTBjRW89kuINO/KiV//wx9Wke',
    '35890 Predovic Landing',
    90372052,
    'user',
    'https://s3.amazonaws.com/uifaces/faces/twitter/Silveredge9/128.jpg'
  );
INSERT INTO person
VALUES (
    'Nat_Skiles88@yahoo.com',
    'Marina Okuneva',
    '$2b$10$uiRlFpGEaiOzo9dlzuF5JuMXdBUxHr.eYVNH2a58CERjeu2/hdwV.',
    '837 Jayce Turnpike',
    90683187,
    'user',
    'https://s3.amazonaws.com/uifaces/faces/twitter/aoimedia/128.jpg'
  );
INSERT INTO credit_card
VALUES (
    6706688715138846,
    'Nat_Skiles88@yahoo.com',
    '2023-05-05T07:04:32.200Z',
    200
  );
INSERT INTO part_time_ct
VALUES ('Nat_Skiles88@yahoo.com');
INSERT INTO pt_free_schedule
VALUES (
    'Nat_Skiles88@yahoo.com',
    '2020-11-04T20:53:44.847Z',
    '2021-02-04T11:09:58.440Z'
  );
INSERT INTO pt_specializes_in
VALUES ('Nat_Skiles88@yahoo.com', 'Fish', 20);
INSERT INTO person
VALUES (
    'Frieda.Ryan@hotmail.com',
    'Genevieve Mueller',
    '$2b$10$uiRlFpGEaiOzo9dlzuF5Jufjq70knWnOqi3bwyHX/Dw.rr1b0QjRC',
    '605 Mohr Mountains',
    90214109,
    'user',
    'https://s3.amazonaws.com/uifaces/faces/twitter/robturlinckx/128.jpg'
  );
INSERT INTO credit_card
VALUES (
    6374103547484868,
    'Frieda.Ryan@hotmail.com',
    '2021-03-17T20:05:46.458Z',
    061
  );
INSERT INTO pet
VALUES (
    'Connor',
    'Frieda.Ryan@hotmail.com',
    'Lizard',
    'Officiis necessitatibus ut nam qui voluptatem eius nulla.',
    'Ipsum esse sed molestias minima.'
  );
INSERT INTO pet
VALUES (
    'Cydney',
    'Frieda.Ryan@hotmail.com',
    'Hamster',
    'Sit voluptatem ad delectus magnam quia maxime.',
    'Earum tempora nihil aut ullam iste ut.'
  );
INSERT INTO person
VALUES (
    'Enid.Walsh91@hotmail.com',
    'Lorenz Dicki',
    '$2b$10$uiRlFpGEaiOzo9dlzuF5JuGQFRk1aMSPZQyVtt6qffbm/lJOiI/hC',
    '072 Turner Heights',
    90195670,
    'user',
    'https://s3.amazonaws.com/uifaces/faces/twitter/cyril_gaillard/128.jpg'
  );
INSERT INTO part_time_ct
VALUES ('Enid.Walsh91@hotmail.com');
INSERT INTO pt_free_schedule
VALUES (
    'Enid.Walsh91@hotmail.com',
    '2020-11-05T02:11:31.710Z',
    '2020-11-26T09:43:13.309Z'
  );
INSERT INTO person
VALUES (
    'Ramon.Lebsack70@hotmail.com',
    'Wilhelm Powlowski',
    '$2b$10$uiRlFpGEaiOzo9dlzuF5JuT2//exQX16b3q6y/pBN3720Erq8JS/e',
    '0436 Hannah Isle',
    90304931,
    'user',
    'https://s3.amazonaws.com/uifaces/faces/twitter/moynihan/128.jpg'
  );
INSERT INTO credit_card
VALUES (
    343551288554825,
    'Ramon.Lebsack70@hotmail.com',
    '2022-05-21T19:52:19.910Z',
    313
  );
INSERT INTO pet
VALUES (
    'Nona',
    'Ramon.Lebsack70@hotmail.com',
    'Cat',
    'Omnis quo sit impedit soluta quia minus totam aspernatur.',
    'Fugit iusto in aut maiores commodi corporis vero minima inventore.'
  );
INSERT INTO full_time_ct
VALUES ('Ramon.Lebsack70@hotmail.com');
INSERT INTO ft_specializes_in
VALUES ('Ramon.Lebsack70@hotmail.com', 'Guinea Pig', 14);
INSERT INTO person
VALUES (
    'Berry.Dach@hotmail.com',
    'Torrey Blick',
    '$2b$10$uiRlFpGEaiOzo9dlzuF5Ju9NUornh2xP1IaQ6nLlBdWO5LO6JIy3G',
    '6138 Maryjane Plains',
    90146062,
    'user',
    'https://s3.amazonaws.com/uifaces/faces/twitter/rangafangs/128.jpg'
  );
INSERT INTO credit_card
VALUES (
    3528162408544467,
    'Berry.Dach@hotmail.com',
    '2024-06-23T07:48:45.146Z',
    242
  );
INSERT INTO person
VALUES (
    'Meggie.Thiel15@hotmail.com',
    'Owen Schneider',
    '$2b$10$uiRlFpGEaiOzo9dlzuF5JuwbV.AmItU8DBmXIw6zX4laCtYLAqy8.',
    '2007 Conn Pass',
    90498220,
    'user',
    'https://s3.amazonaws.com/uifaces/faces/twitter/BroumiYoussef/128.jpg'
  );
INSERT INTO full_time_ct
VALUES ('Meggie.Thiel15@hotmail.com');
INSERT INTO person
VALUES (
    'Mia.Hand18@hotmail.com',
    'Alaina Jenkins',
    '$2b$10$uiRlFpGEaiOzo9dlzuF5JuBYTTkGTJbDaIFO7Rsoo59HpYzEFBbjq',
    '114 Michel Way',
    90011230,
    'user',
    'https://s3.amazonaws.com/uifaces/faces/twitter/joshuasortino/128.jpg'
  );
INSERT INTO part_time_ct
VALUES ('Mia.Hand18@hotmail.com');
INSERT INTO pt_free_schedule
VALUES (
    'Mia.Hand18@hotmail.com',
    '2020-11-05T00:31:40.031Z',
    '2021-01-28T08:12:11.040Z'
  );
INSERT INTO person
VALUES (
    'Laney_Gutmann@hotmail.com',
    'Leola Kessler',
    '$2b$10$uiRlFpGEaiOzo9dlzuF5JuKOAWqHYeZKU2WmMUCA4XJIIjrLuyl5y',
    '5833 Estefania Lake',
    90070637,
    'user',
    'https://s3.amazonaws.com/uifaces/faces/twitter/charliecwaite/128.jpg'
  );
INSERT INTO person
VALUES (
    'Gonzalo_Luettgen@hotmail.com',
    'Regan Dicki',
    '$2b$10$uiRlFpGEaiOzo9dlzuF5Juadd.cJvKV0pHr36/EWdyqbXUrZlAsV6',
    '2654 Romaguera Run',
    90941928,
    'user',
    'https://s3.amazonaws.com/uifaces/faces/twitter/trueblood_33/128.jpg'
  );
INSERT INTO credit_card
VALUES (
    6759641212466216,
    'Gonzalo_Luettgen@hotmail.com',
    '2021-05-02T00:12:56.675Z',
    874
  );
INSERT INTO full_time_ct
VALUES ('Gonzalo_Luettgen@hotmail.com');
INSERT INTO person
VALUES (
    'Skye50@hotmail.com',
    'Bernadine Casper',
    '$2b$10$uiRlFpGEaiOzo9dlzuF5JuULoB2j5BUMxgcn//9Fjfl4ptqDamk72',
    '9346 Kay Hills',
    90726554,
    'user',
    'https://s3.amazonaws.com/uifaces/faces/twitter/ahmetsulek/128.jpg'
  );
INSERT INTO credit_card
VALUES (
    4658117754704590,
    'Skye50@hotmail.com',
    '2022-03-04T07:38:10.114Z',
    320
  );
INSERT INTO pet
VALUES (
    'Queenie',
    'Skye50@hotmail.com',
    'Gecko',
    'Tempore praesentium molestiae nobis dolorum cupiditate.',
    'Quis harum molestiae ut qui consectetur.'
  );
INSERT INTO pet
VALUES (
    'Martina',
    'Skye50@hotmail.com',
    'Gecko',
    'Delectus ad est eveniet ea qui.',
    'Sunt quia vel nesciunt.'
  );
INSERT INTO pet
VALUES (
    'Gisselle',
    'Skye50@hotmail.com',
    'Llama',
    'Beatae adipisci laborum quidem a quis et ducimus.',
    'Praesentium consequatur deleniti.'
  );
INSERT INTO part_time_ct
VALUES ('Skye50@hotmail.com');
INSERT INTO pt_free_schedule
VALUES (
    'Skye50@hotmail.com',
    '2020-11-04T22:30:19.779Z',
    '2021-10-02T16:45:04.479Z'
  );
INSERT INTO pt_specializes_in
VALUES ('Skye50@hotmail.com', 'Cow', 12);
INSERT INTO pt_specializes_in
VALUES ('Skye50@hotmail.com', 'Hamster', 18);
INSERT INTO person
VALUES (
    'Halie67@yahoo.com',
    'Barbara Daniel',
    '$2b$10$uiRlFpGEaiOzo9dlzuF5Jul5GFJp2oSLEDrYjov9mj0KUasAGlAQu',
    '70539 Heaney Locks',
    90718054,
    'user',
    'https://s3.amazonaws.com/uifaces/faces/twitter/andyisonline/128.jpg'
  );
INSERT INTO credit_card
VALUES (
    5450964760140815,
    'Halie67@yahoo.com',
    '2023-05-17T00:46:19.812Z',
    361
  );
INSERT INTO pet
VALUES (
    'Chester',
    'Halie67@yahoo.com',
    'Goat',
    'Ea corrupti eveniet voluptates est earum est et.',
    'Rerum exercitationem rerum.'
  );
INSERT INTO pet
VALUES (
    'Talia',
    'Halie67@yahoo.com',
    'Bearded Dragon',
    'Et modi impedit voluptatem provident et ut dolores.',
    'Doloremque labore est.'
  );
INSERT INTO pet
VALUES (
    'Ron',
    'Halie67@yahoo.com',
    'Iguana',
    'Blanditiis molestiae laboriosam beatae animi.',
    'Sit debitis et praesentium velit libero eum ut.'
  );
INSERT INTO person
VALUES (
    'Madalyn.Jacobs@yahoo.com',
    'Fleta Dickinson',
    '$2b$10$uiRlFpGEaiOzo9dlzuF5JuDNswhTYaKJQLxuBA6gLhRd8ZImx3J9K',
    '9061 Bahringer Flats',
    90270328,
    'user',
    'https://s3.amazonaws.com/uifaces/faces/twitter/antonyryndya/128.jpg'
  );
INSERT INTO part_time_ct
VALUES ('Madalyn.Jacobs@yahoo.com');
INSERT INTO pt_free_schedule
VALUES (
    'Madalyn.Jacobs@yahoo.com',
    '2020-11-05T06:13:41.456Z',
    '2021-03-05T06:45:03.467Z'
  );
INSERT INTO pt_specializes_in
VALUES ('Madalyn.Jacobs@yahoo.com', 'Cat', 8);
INSERT INTO person
VALUES (
    'Terrell.Mann46@yahoo.com',
    'Oral Smitham',
    '$2b$10$uiRlFpGEaiOzo9dlzuF5JuJSEMBrxrALSV3UjBJ8m/W2.TPLedIcG',
    '501 Hermann Wall',
    90123674,
    'user',
    'https://s3.amazonaws.com/uifaces/faces/twitter/gipsy_raf/128.jpg'
  );
INSERT INTO credit_card
VALUES (
    371528680013973,
    'Terrell.Mann46@yahoo.com',
    '2021-07-03T04:20:06.951Z',
    374
  );
INSERT INTO pet
VALUES (
    'Rick',
    'Terrell.Mann46@yahoo.com',
    'Cow',
    'Quo saepe voluptatum enim vel.',
    'Omnis velit voluptas nam rerum molestias cum nihil quidem consectetur.'
  );
INSERT INTO person
VALUES (
    'Leopold.Lubowitz69@gmail.com',
    'Rebekah Hilll',
    '$2b$10$uiRlFpGEaiOzo9dlzuF5JuDgiXVTlAFPOZtKK0rHR6JafbMNdNo4i',
    '851 Corrine Club',
    90053603,
    'user',
    'https://s3.amazonaws.com/uifaces/faces/twitter/shinze/128.jpg'
  );
INSERT INTO credit_card
VALUES (
    3529624803708277,
    'Leopold.Lubowitz69@gmail.com',
    '2022-04-24T20:31:00.479Z',
    003
  );
INSERT INTO person
VALUES (
    'Delia_Anderson@yahoo.com',
    'Scarlett Harris',
    '$2b$10$uiRlFpGEaiOzo9dlzuF5Juf7Hsg7HGv/Z.50/OaVwjxJqNg7r246S',
    '8233 Martina Skyway',
    90916228,
    'user',
    'https://s3.amazonaws.com/uifaces/faces/twitter/emsgulam/128.jpg'
  );
INSERT INTO part_time_ct
VALUES ('Delia_Anderson@yahoo.com');
INSERT INTO pt_free_schedule
VALUES (
    'Delia_Anderson@yahoo.com',
    '2020-11-04T19:41:24.342Z',
    '2021-01-21T14:43:10.466Z'
  );
INSERT INTO pt_specializes_in
VALUES ('Delia_Anderson@yahoo.com', 'Iguana', 6);
INSERT INTO person
VALUES (
    'Chadd61@yahoo.com',
    'Onie Labadie',
    '$2b$10$uiRlFpGEaiOzo9dlzuF5JuMPUOyT9iHn2pPP0sK6fGEnWLUyj022W',
    '00769 Osvaldo Crossroad',
    90800390,
    'user',
    'https://s3.amazonaws.com/uifaces/faces/twitter/traneblow/128.jpg'
  );
INSERT INTO credit_card
VALUES (
    6396530856856827,
    'Chadd61@yahoo.com',
    '2024-03-29T00:48:40.907Z',
    441
  );
INSERT INTO person
VALUES (
    'Rogers_Schuppe@hotmail.com',
    'Lance Rogahn',
    '$2b$10$uiRlFpGEaiOzo9dlzuF5JuXv3jjJS6b42sFtjxAxggeePLddvbg.y',
    '1241 Bahringer Walks',
    90633281,
    'user',
    'https://s3.amazonaws.com/uifaces/faces/twitter/kolmarlopez/128.jpg'
  );
INSERT INTO full_time_ct
VALUES ('Rogers_Schuppe@hotmail.com');
INSERT INTO ft_specializes_in
VALUES ('Rogers_Schuppe@hotmail.com', 'Donkey', 6);
INSERT INTO ft_specializes_in
VALUES ('Rogers_Schuppe@hotmail.com', 'Hedgehog', 7);
INSERT INTO ft_specializes_in
VALUES ('Rogers_Schuppe@hotmail.com', 'Iguana', 6);
INSERT INTO person
VALUES (
    'Rachel41@gmail.com',
    'Adelia Ratke',
    '$2b$10$uiRlFpGEaiOzo9dlzuF5Juqb0kz28rTRJ76a3vF7kwaZAUwLvsPe2',
    '18580 Farrell Orchard',
    90270305,
    'user',
    'https://s3.amazonaws.com/uifaces/faces/twitter/jjsiii/128.jpg'
  );
INSERT INTO credit_card
VALUES (
    6767885800676512,
    'Rachel41@gmail.com',
    '2021-07-09T07:12:21.686Z',
    383
  );
INSERT INTO person
VALUES (
    'Tiffany20@gmail.com',
    'Lacy King',
    '$2b$10$uiRlFpGEaiOzo9dlzuF5JuomeIj79LeqNi3Ozub/McY0GBxx2ES7G',
    '0981 Goldner Court',
    90824430,
    'user',
    'https://s3.amazonaws.com/uifaces/faces/twitter/lebronjennan/128.jpg'
  );
INSERT INTO credit_card
VALUES (
    6383690783672225,
    'Tiffany20@gmail.com',
    '2021-01-03T13:22:29.270Z',
    377
  );
INSERT INTO pet
VALUES (
    'Willard',
    'Tiffany20@gmail.com',
    'Bird',
    'Omnis nemo voluptates sapiente.',
    'Et officiis cum.'
  );
INSERT INTO pet
VALUES (
    'Yasmeen',
    'Tiffany20@gmail.com',
    'Mice',
    'Voluptate ullam sit.',
    'Et porro iste aut tenetur libero in quo quis distinctio.'
  );
INSERT INTO pet
VALUES (
    'Anibal',
    'Tiffany20@gmail.com',
    'Chinese Water Dragon',
    'At id aliquid enim omnis facilis velit nihil aspernatur.',
    'Molestiae nam ut.'
  );