INSERT INTO pet_category values ('Bearded Dragon', 273);
INSERT INTO pet_category values ('Bird', 133);
INSERT INTO pet_category values ('Burro', 6);
INSERT INTO pet_category values ('Cat', 253);
INSERT INTO pet_category values ('Chameleons (Veiled)', 129);
INSERT INTO pet_category values ('Chicken', 263);
INSERT INTO pet_category values ('Chinchilla', 91);
INSERT INTO pet_category values ('Chinese Water Dragon', 11);
INSERT INTO pet_category values ('Cow', 191);
INSERT INTO pet_category values ('Dog', 15);
INSERT INTO pet_category values ('Donkey', 162);
INSERT INTO pet_category values ('Duck', 132);
INSERT INTO pet_category values ('Ferret', 224);
INSERT INTO pet_category values ('Fish', 271);
INSERT INTO pet_category values ('Gecko', 266);
INSERT INTO pet_category values ('Geese (Chinese Swan Goose)', 24);
INSERT INTO pet_category values ('Gerbil', 289);
INSERT INTO pet_category values ('Goat', 165);
INSERT INTO pet_category values ('Guinea Fowl', 151);
INSERT INTO pet_category values ('Guinea Pig', 7);
INSERT INTO pet_category values ('Hamster', 222);
INSERT INTO pet_category values ('Hedgehog', 221);
INSERT INTO pet_category values ('Horse', 49);
INSERT INTO pet_category values ('Iguana', 142);
INSERT INTO pet_category values ('Llama', 229);
INSERT INTO pet_category values ('Lizard', 293);
INSERT INTO pet_category values ('Mice', 197);
INSERT INTO pet_category values ('Mule', 35);
INSERT INTO pet_category values ('Peafowl', 111);
INSERT INTO pet_category values ('Pig', 115);
INSERT INTO pet_category values ('Hog', 58);
INSERT INTO pet_category values ('Pigeon', 100);
INSERT INTO pet_category values ('Ponie', 218);
INSERT INTO pet_category values ('Pot Bellied Pig', 126);
INSERT INTO pet_category values ('Rabbit', 69);INSERT INTO person VALUES ('Desmond.Hartmann@yahoo.com', 'Gwen Erdman', '$2b$10$6zqstqkVFK3sOVsYk6mwYOcC.7311jMyEIT5TeSfnk9v0w1GfhGku', '998 Strosin Walks', 90831665, 'user', 'https://s3.amazonaws.com/uifaces/faces/twitter/hjartstrorn/128.jpg');

INSERT INTO person VALUES ('Tanya_OConnell@hotmail.com', 'William Crona', '$2b$10$6zqstqkVFK3sOVsYk6mwYOIcBCvJ4GcjDt0TZfb27DeNElD41C9wW', '3968 OConner Terrace', 90911674, 'user', 'https://s3.amazonaws.com/uifaces/faces/twitter/quailandquasar/128.jpg');
INSERT INTO part_time_ct VALUES ('Tanya_OConnell@hotmail.com');
INSERT INTO pt_free_schedule VALUES ('Tanya_OConnell@hotmail.com', '2020-11-04T19:55:42.995Z', '2021-09-11T06:38:15.925Z');
INSERT INTO pt_specializes_in VALUES ('Tanya_OConnell@hotmail.com', 'Chameleons (Veiled)', 1);
INSERT INTO pt_specializes_in VALUES ('Tanya_OConnell@hotmail.com', 'Iguana', 9);
INSERT INTO pt_specializes_in VALUES ('Tanya_OConnell@hotmail.com', 'Mice', 7);

INSERT INTO person VALUES ('Nola49@hotmail.com', 'Carmelo Kling', '$2b$10$6zqstqkVFK3sOVsYk6mwYOQjMXvFDe.EgwIvrRrHo7uFR.GuD2GxC', '62925 Breana Bypass', 90974496, 'user', 'https://s3.amazonaws.com/uifaces/faces/twitter/fabbrucci/128.jpg');

INSERT INTO person VALUES ('Catharine_Daniel38@gmail.com', 'Brielle Casper', '$2b$10$6zqstqkVFK3sOVsYk6mwYOUfgSFh5bwFAfZ352GTgw4lG.b51Ts2O', '6510 Farrell Key', 90308922, 'user', 'https://s3.amazonaws.com/uifaces/faces/twitter/markwienands/128.jpg');
INSERT INTO credit_card VALUES (6767435205058310, 'Catharine_Daniel38@gmail.com', '2022-01-03T13:37:55.124Z', 929);
INSERT INTO full_time_ct VALUES ('Catharine_Daniel38@gmail.com');
INSERT INTO ft_specializes_in VALUES ('Catharine_Daniel38@gmail.com', 'Horse', 14);
INSERT INTO ft_specializes_in VALUES ('Catharine_Daniel38@gmail.com', 'Peafowl', 15);

INSERT INTO person VALUES ('Velva76@gmail.com', 'Earline Parisian', '$2b$10$6zqstqkVFK3sOVsYk6mwYOJ.ywXOcu0T/Dp/LxrLcUtLgbaHBNvx.', '8101 Tyshawn Mill', 90482124, 'user', 'https://s3.amazonaws.com/uifaces/faces/twitter/charlesrpratt/128.jpg');
INSERT INTO credit_card VALUES (6443629486524232, 'Velva76@gmail.com', '2021-01-08T05:41:25.899Z', 383);

INSERT INTO person VALUES ('Jaydon.Beer74@yahoo.com', 'Liliane Will', '$2b$10$6zqstqkVFK3sOVsYk6mwYODcmCBGgKANvvCW2.C62n.CkrFQeq7Ca', '070 Leon Square', 90931760, 'user', 'https://s3.amazonaws.com/uifaces/faces/twitter/haruintesettden/128.jpg');
INSERT INTO credit_card VALUES (3588824451673233, 'Jaydon.Beer74@yahoo.com', '2021-09-12T06:48:31.197Z', 297);
INSERT INTO pet VALUES ('Ernestine', 'Jaydon.Beer74@yahoo.com', 'Peafowl', 'Odio consequuntur aperiam.', 'Facere nostrum magnam iusto sapiente necessitatibus ut.');

INSERT INTO person VALUES ('Eryn_Brown@gmail.com', 'Sandra Zieme', '$2b$10$6zqstqkVFK3sOVsYk6mwYOjTQWRA7q/OEES6YzxtTBPKfwWSzypZG', '8448 Mraz Shoals', 90832790, 'user', 'https://s3.amazonaws.com/uifaces/faces/twitter/BryanHorsey/128.jpg');
INSERT INTO credit_card VALUES (6771097421638317, 'Eryn_Brown@gmail.com', '2022-05-22T01:13:47.216Z', 677);
INSERT INTO part_time_ct VALUES ('Eryn_Brown@gmail.com');
INSERT INTO pt_free_schedule VALUES ('Eryn_Brown@gmail.com', '2020-11-04T16:51:05.032Z', '2021-05-27T06:20:17.135Z');
INSERT INTO pt_specializes_in VALUES ('Eryn_Brown@gmail.com', 'Bearded Dragon', 11);
INSERT INTO pt_specializes_in VALUES ('Eryn_Brown@gmail.com', 'Bird', 2);

INSERT INTO person VALUES ('Lazaro.Barton12@gmail.com', 'Wilford Stracke', '$2b$10$6zqstqkVFK3sOVsYk6mwYO24u.YWCdCER/wHGb5Gh3bGuQepEuX/G', '63867 Casandra Brooks', 90041704, 'user', 'https://s3.amazonaws.com/uifaces/faces/twitter/angelcolberg/128.jpg');
INSERT INTO credit_card VALUES (6759756467110807, 'Lazaro.Barton12@gmail.com', '2021-11-18T07:33:59.841Z', 959);
INSERT INTO pet VALUES ('Monty', 'Lazaro.Barton12@gmail.com', 'Pig', 'Qui dolores eos reprehenderit repellat similique facere qui aspernatur distinctio.', 'Quo sunt voluptate eum sit aut.');
INSERT INTO full_time_ct VALUES ('Lazaro.Barton12@gmail.com');
INSERT INTO ft_specializes_in VALUES ('Lazaro.Barton12@gmail.com', 'Gecko', 4);

INSERT INTO person VALUES ('Hubert.Sanford@hotmail.com', 'Kira Morar', '$2b$10$6zqstqkVFK3sOVsYk6mwYOVqBh4eYm3qgK1bbbK5zcH4cXnmChQZy', '10166 Clotilde Burg', 90904697, 'user', 'https://s3.amazonaws.com/uifaces/faces/twitter/iamkeithmason/128.jpg');

INSERT INTO person VALUES ('Chris_Kilback@gmail.com', 'Will Ledner', '$2b$10$6zqstqkVFK3sOVsYk6mwYOQCY75FxYHnIq7zsybdHPfbtEj8OROsW', '7480 Sarai Common', 90362231, 'user', 'https://s3.amazonaws.com/uifaces/faces/twitter/homka/128.jpg');
INSERT INTO credit_card VALUES (340935919210961, 'Chris_Kilback@gmail.com', '2021-03-22T09:42:25.149Z', 426);
INSERT INTO pet VALUES ('Janie', 'Chris_Kilback@gmail.com', 'Hedgehog', 'Magni ut occaecati accusantium.', 'Culpa nemo cum praesentium pariatur velit.');
INSERT INTO pet VALUES ('Lexie', 'Chris_Kilback@gmail.com', 'Hamster', 'Aut qui consequuntur cupiditate tempore enim optio.', 'Exercitationem explicabo quis et consequatur.');
INSERT INTO full_time_ct VALUES ('Chris_Kilback@gmail.com');
INSERT INTO ft_specializes_in VALUES ('Chris_Kilback@gmail.com', 'Chinchilla', 12);
INSERT INTO ft_specializes_in VALUES ('Chris_Kilback@gmail.com', 'Cow', 15);

INSERT INTO person VALUES ('Jessie72@yahoo.com', 'Haven Berge', '$2b$10$6zqstqkVFK3sOVsYk6mwYO4W1x3cArdWIrCPTWbku4qAJVTpHh//q', '95808 Rosie Keys', 90174753, 'user', 'https://s3.amazonaws.com/uifaces/faces/twitter/scott_riley/128.jpg');
INSERT INTO credit_card VALUES (6759261044499745, 'Jessie72@yahoo.com', '2021-06-09T16:51:41.521Z', 546);
INSERT INTO pet VALUES ('Carol', 'Jessie72@yahoo.com', 'Gerbil', 'Qui eligendi sed hic ut rem dignissimos odit non.', 'Enim molestiae aut et voluptatum.');
INSERT INTO full_time_ct VALUES ('Jessie72@yahoo.com');
INSERT INTO ft_specializes_in VALUES ('Jessie72@yahoo.com', 'Donkey', 8);

INSERT INTO person VALUES ('Grant11@hotmail.com', 'Josie Schuster', '$2b$10$6zqstqkVFK3sOVsYk6mwYOYuode7hMVi3gH608ql9cF6mYd0.UZLu', '868 Edythe Islands', 90462090, 'user', 'https://s3.amazonaws.com/uifaces/faces/twitter/mr_subtle/128.jpg');

INSERT INTO person VALUES ('Herta_Beahan@yahoo.com', 'Wilber Koch', '$2b$10$6zqstqkVFK3sOVsYk6mwYOv3asAUiEGur1WgODLBe2YazjF6vPll6', '0407 Marge Gardens', 90357521, 'user', 'https://s3.amazonaws.com/uifaces/faces/twitter/madcampos/128.jpg');

INSERT INTO person VALUES ('Noemy.Little@hotmail.com', 'Edyth Metz', '$2b$10$6zqstqkVFK3sOVsYk6mwYOpsK6ZngBX46MpcsfGGK6jjKNefes.oK', '95028 Wilhelmine Vista', 90686805, 'user', 'https://s3.amazonaws.com/uifaces/faces/twitter/erwanhesry/128.jpg');

INSERT INTO person VALUES ('Eveline_Beier@hotmail.com', 'Blair Sauer', '$2b$10$6zqstqkVFK3sOVsYk6mwYOm1o2vsmrYlWzMdAdFlv6j2OIfZZjhwO', '12148 Runolfsdottir Branch', 90045540, 'user', 'https://s3.amazonaws.com/uifaces/faces/twitter/sharvin/128.jpg');
INSERT INTO part_time_ct VALUES ('Eveline_Beier@hotmail.com');
INSERT INTO pt_free_schedule VALUES ('Eveline_Beier@hotmail.com', '2020-11-05T07:12:26.837Z', '2021-11-05T04:18:08.209Z');
INSERT INTO pt_specializes_in VALUES ('Eveline_Beier@hotmail.com', 'Ferret', 5);

INSERT INTO person VALUES ('Bobby.Murray@yahoo.com', 'Yesenia Monahan', '$2b$10$6zqstqkVFK3sOVsYk6mwYOMcFSJobuusanVt5wxbVd/HfdcedD6h2', '11331 Daniel Motorway', 90717872, 'user', 'https://s3.amazonaws.com/uifaces/faces/twitter/heycamtaylor/128.jpg');
INSERT INTO full_time_ct VALUES ('Bobby.Murray@yahoo.com');
INSERT INTO ft_specializes_in VALUES ('Bobby.Murray@yahoo.com', 'Bird', 13);
INSERT INTO ft_specializes_in VALUES ('Bobby.Murray@yahoo.com', 'Dog', 4);
INSERT INTO ft_specializes_in VALUES ('Bobby.Murray@yahoo.com', 'Ferret', 0);

INSERT INTO person VALUES ('Sebastian.Lueilwitz@yahoo.com', 'Martin McLaughlin', '$2b$10$6zqstqkVFK3sOVsYk6mwYOXIhhQDqPCAfqifW5xKRg571vCkv3cUO', '1914 Sporer Prairie', 90161600, 'user', 'https://s3.amazonaws.com/uifaces/faces/twitter/ddggccaa/128.jpg');
INSERT INTO credit_card VALUES (3529809569928551, 'Sebastian.Lueilwitz@yahoo.com', '2024-03-23T05:22:30.351Z', 026);
INSERT INTO pet VALUES ('Russel', 'Sebastian.Lueilwitz@yahoo.com', 'Ponie', 'Quia sunt nam.', 'Cumque quis rerum cumque eaque.');
INSERT INTO pet VALUES ('Fletcher', 'Sebastian.Lueilwitz@yahoo.com', 'Chinese Water Dragon', 'Cupiditate odit quaerat atque nihil ipsa porro officiis.', 'Commodi dolor ad animi fugit ducimus natus.');
INSERT INTO pet VALUES ('Paul', 'Sebastian.Lueilwitz@yahoo.com', 'Guinea Fowl', 'Fuga accusamus aliquid officia aliquid nihil quis et eos eos.', 'Molestias totam ut sequi fuga.');

INSERT INTO person VALUES ('Elva_Connelly12@yahoo.com', 'Paige Champlin', '$2b$10$6zqstqkVFK3sOVsYk6mwYOTaUhldgMFofRkX6xk/SHJXENpSBs8MC', '623 Jensen Manor', 90057981, 'user', 'https://s3.amazonaws.com/uifaces/faces/twitter/xtopherpaul/128.jpg');
INSERT INTO full_time_ct VALUES ('Elva_Connelly12@yahoo.com');
INSERT INTO ft_specializes_in VALUES ('Elva_Connelly12@yahoo.com', 'Duck', 3);
INSERT INTO ft_specializes_in VALUES ('Elva_Connelly12@yahoo.com', 'Guinea Pig', 0);

INSERT INTO person VALUES ('Westley39@gmail.com', 'Yasmeen Torp', '$2b$10$6zqstqkVFK3sOVsYk6mwYOmM7dMUQI/7gbAp5YJ2Xg0I3GLxnh6nW', '3881 Douglas Fall', 90689670, 'user', 'https://s3.amazonaws.com/uifaces/faces/twitter/therealmarvin/128.jpg');
INSERT INTO credit_card VALUES (6759612105230367, 'Westley39@gmail.com', '2022-11-03T09:05:49.719Z', 645);
INSERT INTO full_time_ct VALUES ('Westley39@gmail.com');
INSERT INTO ft_specializes_in VALUES ('Westley39@gmail.com', 'Horse', 13);
INSERT INTO ft_specializes_in VALUES ('Westley39@gmail.com', 'Iguana', 15);
INSERT INTO ft_specializes_in VALUES ('Westley39@gmail.com', 'Pig', 20);

INSERT INTO person VALUES ('Julia_Stokes47@yahoo.com', 'Raphaelle McLaughlin', '$2b$10$6zqstqkVFK3sOVsYk6mwYOL/pks3knWUPqQAqZs/5D3z/bP33UjyC', '57184 Veum Dale', 90196942, 'user', 'https://s3.amazonaws.com/uifaces/faces/twitter/1markiz/128.jpg');
INSERT INTO credit_card VALUES (5345105024621308, 'Julia_Stokes47@yahoo.com', '2021-02-18T08:02:19.905Z', 632);
INSERT INTO pet VALUES ('Henri', 'Julia_Stokes47@yahoo.com', 'Iguana', 'Aut dolore excepturi.', 'Est delectus consequatur.');

INSERT INTO person VALUES ('Spencer39@hotmail.com', 'Margarete Ward', '$2b$10$6zqstqkVFK3sOVsYk6mwYOBmA7/Aa0ahIGI6vV2NCQ.ep8HFdPDuW', '531 Bogan Forge', 90167550, 'user', 'https://s3.amazonaws.com/uifaces/faces/twitter/picard102/128.jpg');
INSERT INTO credit_card VALUES (5482145632859448, 'Spencer39@hotmail.com', '2024-06-17T22:56:39.077Z', 741);
INSERT INTO pet VALUES ('Liam', 'Spencer39@hotmail.com', 'Iguana', 'Autem aliquam dolorem.', 'Aut ut ut.');

INSERT INTO person VALUES ('Gwen99@hotmail.com', 'Juliana Bayer', '$2b$10$6zqstqkVFK3sOVsYk6mwYO7XmaQqJB6IvpuBVd2zXcCBaz3rZE1Hi', '65933 Ezekiel Gateway', 90089358, 'user', 'https://s3.amazonaws.com/uifaces/faces/twitter/themrdave/128.jpg');

INSERT INTO person VALUES ('Ubaldo44@hotmail.com', 'Giovanny Lynch', '$2b$10$6zqstqkVFK3sOVsYk6mwYOGcj9suIMg506m6jYdu.OpKgOwVS1ro2', '698 Quigley Point', 90974516, 'user', 'https://s3.amazonaws.com/uifaces/faces/twitter/jonathansimmons/128.jpg');
INSERT INTO part_time_ct VALUES ('Ubaldo44@hotmail.com');
INSERT INTO pt_free_schedule VALUES ('Ubaldo44@hotmail.com', '2020-11-04T22:50:44.147Z', '2021-02-25T09:07:42.496Z');

INSERT INTO person VALUES ('Genoveva88@gmail.com', 'Kallie Abernathy', '$2b$10$6zqstqkVFK3sOVsYk6mwYO48sDJFg3nV/Ip2ZHdepdPyzlOKtx.uy', '712 Christopher Skyway', 90720876, 'user', 'https://s3.amazonaws.com/uifaces/faces/twitter/calebogden/128.jpg');
INSERT INTO part_time_ct VALUES ('Genoveva88@gmail.com');
INSERT INTO pt_free_schedule VALUES ('Genoveva88@gmail.com', '2020-11-05T08:40:43.241Z', '2021-05-27T07:58:28.477Z');
INSERT INTO pt_specializes_in VALUES ('Genoveva88@gmail.com', 'Ferret', 3);

INSERT INTO person VALUES ('Arely34@hotmail.com', 'Khalid Casper', '$2b$10$6zqstqkVFK3sOVsYk6mwYO8rZ8fr1FL25UCxFRPmvRkiooJ8Lv0ou', '826 Nick Plaza', 90691765, 'user', 'https://s3.amazonaws.com/uifaces/faces/twitter/karsh/128.jpg');

INSERT INTO person VALUES ('Santina.Predovic8@hotmail.com', 'Zion Rodriguez', '$2b$10$6zqstqkVFK3sOVsYk6mwYO79l7RZC5qbteR31nunvxjx0oGnstTpa', '6247 Bailey Hills', 90223308, 'user', 'https://s3.amazonaws.com/uifaces/faces/twitter/vladimirdevic/128.jpg');
INSERT INTO credit_card VALUES (6763560059878218, 'Santina.Predovic8@hotmail.com', '2024-09-04T05:09:55.652Z', 541);
INSERT INTO pet VALUES ('Jarred', 'Santina.Predovic8@hotmail.com', 'Pig', 'Rerum odio voluptas tempora soluta sint.', 'Dolorem aliquam et odio est sit.');
INSERT INTO full_time_ct VALUES ('Santina.Predovic8@hotmail.com');
INSERT INTO ft_specializes_in VALUES ('Santina.Predovic8@hotmail.com', 'Lizard', 5);

INSERT INTO person VALUES ('Rickey.Graham@hotmail.com', 'Edyth Bergnaum', '$2b$10$6zqstqkVFK3sOVsYk6mwYOFY744u6YMZ3QpKtc2nhHs5BQ/TzmOUa', '413 Jules Stravenue', 90841527, 'user', 'https://s3.amazonaws.com/uifaces/faces/twitter/demersdesigns/128.jpg');
INSERT INTO full_time_ct VALUES ('Rickey.Graham@hotmail.com');
INSERT INTO ft_specializes_in VALUES ('Rickey.Graham@hotmail.com', 'Bird', 19);
INSERT INTO ft_specializes_in VALUES ('Rickey.Graham@hotmail.com', 'Goat', 11);
INSERT INTO ft_specializes_in VALUES ('Rickey.Graham@hotmail.com', 'Rabbit', 1);

INSERT INTO person VALUES ('Carmel.Murray11@yahoo.com', 'Amelie Kassulke', '$2b$10$6zqstqkVFK3sOVsYk6mwYOPCQxvDT7E5K7A5u6vKGbo4McbPlDNMW', '8003 Hettinger Pike', 90588754, 'user', 'https://s3.amazonaws.com/uifaces/faces/twitter/netonet_il/128.jpg');
INSERT INTO credit_card VALUES (5893865602571458, 'Carmel.Murray11@yahoo.com', '2021-04-13T01:30:51.918Z', 068);
INSERT INTO pet VALUES ('Keira', 'Carmel.Murray11@yahoo.com', 'Fish', 'Quos voluptatem possimus.', 'Est deleniti maxime harum qui.');

INSERT INTO person VALUES ('Baby69@hotmail.com', 'Titus Ritchie', '$2b$10$6zqstqkVFK3sOVsYk6mwYO5UZxaxq5NPkORMuLfbFfVcqiLr1gPXC', '07102 Monserrate Well', 90185766, 'user', 'https://s3.amazonaws.com/uifaces/faces/twitter/randomlies/128.jpg');
INSERT INTO credit_card VALUES (30131262857324, 'Baby69@hotmail.com', '2022-05-04T09:28:52.538Z', 869);
INSERT INTO pet VALUES ('Aglae', 'Baby69@hotmail.com', 'Hamster', 'Sed omnis in dolore velit a adipisci.', 'Incidunt ex commodi consequatur sunt molestiae enim vel distinctio illo.');
INSERT INTO full_time_ct VALUES ('Baby69@hotmail.com');
INSERT INTO ft_specializes_in VALUES ('Baby69@hotmail.com', 'Duck', 9);

INSERT INTO person VALUES ('Dax21@hotmail.com', 'Lori Gutmann', '$2b$10$6zqstqkVFK3sOVsYk6mwYO5QIGkZEP4wDC2DCLont1wflXs8UkNAS', '301 Tremblay Unions', 90419141, 'user', 'https://s3.amazonaws.com/uifaces/faces/twitter/mfacchinello/128.jpg');
INSERT INTO credit_card VALUES (4751504976930073, 'Dax21@hotmail.com', '2023-08-15T01:50:52.799Z', 461);
INSERT INTO pet VALUES ('Casimer', 'Dax21@hotmail.com', 'Pig', 'Quis quam voluptatem.', 'Numquam reiciendis et quo expedita ullam omnis modi molestias et.');
INSERT INTO pet VALUES ('Josue', 'Dax21@hotmail.com', 'Mice', 'Et ut ab in.', 'Beatae sint quas voluptas porro in.');
INSERT INTO pet VALUES ('Kevon', 'Dax21@hotmail.com', 'Bearded Dragon', 'Omnis sequi totam error aut impedit eum nisi voluptatem voluptatem.', 'Animi voluptatem ad aspernatur.');

INSERT INTO person VALUES ('Freda.Feil@yahoo.com', 'Marcia Bashirian', '$2b$10$6zqstqkVFK3sOVsYk6mwYOYJCiz4lllsod1giH.8.wNrDOFe0HX7W', '6216 Celestino Knolls', 90455465, 'user', 'https://s3.amazonaws.com/uifaces/faces/twitter/gregrwilkinson/128.jpg');
INSERT INTO credit_card VALUES (373697629932229, 'Freda.Feil@yahoo.com', '2021-01-17T17:12:53.612Z', 490);
INSERT INTO pet VALUES ('Narciso', 'Freda.Feil@yahoo.com', 'Iguana', 'Quaerat quis magnam esse reprehenderit architecto omnis assumenda non deleniti.', 'Aut et commodi qui asperiores dolorem qui sit eum.');
INSERT INTO part_time_ct VALUES ('Freda.Feil@yahoo.com');
INSERT INTO pt_free_schedule VALUES ('Freda.Feil@yahoo.com', '2020-11-05T04:58:59.203Z', '2021-10-02T05:47:03.300Z');
INSERT INTO pt_specializes_in VALUES ('Freda.Feil@yahoo.com', 'Chinese Water Dragon', 6);
INSERT INTO pt_specializes_in VALUES ('Freda.Feil@yahoo.com', 'Fish', 18);

INSERT INTO person VALUES ('Wyman11@hotmail.com', 'Daren Doyle', '$2b$10$6zqstqkVFK3sOVsYk6mwYOaQsKlRH8ySEPdQffME6r4gNRzmO8xk2', '05847 Dax Meadow', 90293475, 'user', 'https://s3.amazonaws.com/uifaces/faces/twitter/jeffgolenski/128.jpg');

INSERT INTO person VALUES ('Karlee.Schowalter@hotmail.com', 'Marquise Bernhard', '$2b$10$6zqstqkVFK3sOVsYk6mwYOjQ1Czh70lu9vKw23TlCn06E2fI1Ykf.', '7938 Bailee Crossroad', 90014842, 'user', 'https://s3.amazonaws.com/uifaces/faces/twitter/sachacorazzi/128.jpg');

INSERT INTO person VALUES ('Meda_DuBuque37@hotmail.com', 'Jaden Von', '$2b$10$6zqstqkVFK3sOVsYk6mwYOncHnLtaiM8V73mg1dlvoPYdlbdjZvHy', '4020 Curtis Curve', 90740315, 'user', 'https://s3.amazonaws.com/uifaces/faces/twitter/maiklam/128.jpg');
INSERT INTO credit_card VALUES (6759721662299131, 'Meda_DuBuque37@hotmail.com', '2022-08-30T05:20:12.716Z', 763);
INSERT INTO pet VALUES ('Ignatius', 'Meda_DuBuque37@hotmail.com', 'Geese (Chinese Swan Goose)', 'Dolores rerum commodi doloremque eos vel.', 'Omnis aut magni impedit labore.');
INSERT INTO pet VALUES ('Mitchell', 'Meda_DuBuque37@hotmail.com', 'Ponie', 'Ut odio excepturi dolore harum.', 'Rem sit quos quaerat repudiandae incidunt.');
INSERT INTO pet VALUES ('Rashad', 'Meda_DuBuque37@hotmail.com', 'Llama', 'Debitis vitae consequatur provident velit libero voluptatem temporibus eligendi voluptatibus.', 'Eaque voluptates rerum et.');
INSERT INTO full_time_ct VALUES ('Meda_DuBuque37@hotmail.com');
INSERT INTO ft_specializes_in VALUES ('Meda_DuBuque37@hotmail.com', 'Chicken', 20);

INSERT INTO person VALUES ('Kasandra.Tremblay53@hotmail.com', 'Aaliyah Klocko', '$2b$10$6zqstqkVFK3sOVsYk6mwYOTA5vBOpUFtm8lNqaUWVKJ8R0QhDkU0G', '19163 MacGyver Pass', 90093408, 'user', 'https://s3.amazonaws.com/uifaces/faces/twitter/andytlaw/128.jpg');

INSERT INTO person VALUES ('Pedro_Mosciski59@gmail.com', 'Martina Graham', '$2b$10$6zqstqkVFK3sOVsYk6mwYOJZl7Zn4.UxI2Ud4H8Br/3ktptUPdS3q', '21731 Jones Meadows', 90682057, 'user', 'https://s3.amazonaws.com/uifaces/faces/twitter/leandrovaranda/128.jpg');
INSERT INTO full_time_ct VALUES ('Pedro_Mosciski59@gmail.com');
INSERT INTO ft_specializes_in VALUES ('Pedro_Mosciski59@gmail.com', 'Mice', 13);
INSERT INTO ft_specializes_in VALUES ('Pedro_Mosciski59@gmail.com', 'Hog', 2);

INSERT INTO person VALUES ('Salvador_Kovacek61@yahoo.com', 'Paxton Hodkiewicz', '$2b$10$6zqstqkVFK3sOVsYk6mwYOX6yQhMuAN391MEYpL0P9P2dSMFRXbFC', '221 Breitenberg Place', 90206738, 'user', 'https://s3.amazonaws.com/uifaces/faces/twitter/nyancecom/128.jpg');
INSERT INTO credit_card VALUES (5400144975907646, 'Salvador_Kovacek61@yahoo.com', '2021-09-03T03:42:33.528Z', 346);
INSERT INTO pet VALUES ('Jacky', 'Salvador_Kovacek61@yahoo.com', 'Hedgehog', 'Consequatur minima nostrum assumenda quia doloribus vitae provident ipsam.', 'Est temporibus sed quibusdam iste dolor.');
INSERT INTO pet VALUES ('Jany', 'Salvador_Kovacek61@yahoo.com', 'Pot Bellied Pig', 'Eveniet eos fugit nihil quo veritatis aliquam amet velit.', 'Alias nihil ut dolorum perferendis vitae enim nihil.');
INSERT INTO pet VALUES ('Emanuel', 'Salvador_Kovacek61@yahoo.com', 'Pigeon', 'Hic necessitatibus in et.', 'Quidem velit provident qui nulla non aliquid error fuga.');

INSERT INTO person VALUES ('Milo45@yahoo.com', 'Bettye Murphy', '$2b$10$6zqstqkVFK3sOVsYk6mwYOz8kRJ45iEBOIGGFjGkFVY7MP/pW/qlS', '0214 Paucek Trail', 90029308, 'user', 'https://s3.amazonaws.com/uifaces/faces/twitter/nicklacke/128.jpg');
INSERT INTO credit_card VALUES (377636772076907, 'Milo45@yahoo.com', '2021-09-21T03:54:31.910Z', 302);
INSERT INTO full_time_ct VALUES ('Milo45@yahoo.com');

INSERT INTO person VALUES ('Bobbie23@yahoo.com', 'Daryl Volkman', '$2b$10$6zqstqkVFK3sOVsYk6mwYOyJKhWdjOkp0dg./eJ29CAs3RspDKNT.', '886 Makenna Springs', 90210607, 'user', 'https://s3.amazonaws.com/uifaces/faces/twitter/dreizle/128.jpg');
INSERT INTO full_time_ct VALUES ('Bobbie23@yahoo.com');
INSERT INTO ft_specializes_in VALUES ('Bobbie23@yahoo.com', 'Cat', 9);
INSERT INTO ft_specializes_in VALUES ('Bobbie23@yahoo.com', 'Dog', 4);

INSERT INTO person VALUES ('Madisyn_Kuhic70@yahoo.com', 'Glennie Towne', '$2b$10$6zqstqkVFK3sOVsYk6mwYO0eKtvCs6ehlBUuHyePPrnBedOeVAJKO', '6944 Cordia Glen', 90140661, 'user', 'https://s3.amazonaws.com/uifaces/faces/twitter/gregrwilkinson/128.jpg');
INSERT INTO credit_card VALUES (6394818869672642, 'Madisyn_Kuhic70@yahoo.com', '2021-09-06T07:00:37.825Z', 642);
INSERT INTO pet VALUES ('Ismael', 'Madisyn_Kuhic70@yahoo.com', 'Gerbil', 'Ducimus assumenda culpa.', 'Vitae optio necessitatibus facere quia rerum.');
INSERT INTO pet VALUES ('Emerson', 'Madisyn_Kuhic70@yahoo.com', 'Gerbil', 'Odio repellendus quas possimus minus soluta fugit.', 'Laboriosam hic dolorem non omnis.');

INSERT INTO person VALUES ('Rafael34@yahoo.com', 'Dolly Zboncak', '$2b$10$6zqstqkVFK3sOVsYk6mwYOgQ4mx2ftyaqw4sNjKmaRmbKR3VFCSnO', '887 Braun Forge', 90723562, 'user', 'https://s3.amazonaws.com/uifaces/faces/twitter/kylefrost/128.jpg');
INSERT INTO credit_card VALUES (6767371700999367, 'Rafael34@yahoo.com', '2021-09-28T04:48:32.199Z', 379);

INSERT INTO person VALUES ('Juvenal.Howe73@hotmail.com', 'Cornell Schamberger', '$2b$10$6zqstqkVFK3sOVsYk6mwYOCTqv.HEN/sQAX6i8D1Wtac8O/oYdRhC', '457 Jacobs Track', 90809746, 'user', 'https://s3.amazonaws.com/uifaces/faces/twitter/mutu_krish/128.jpg');

INSERT INTO person VALUES ('Juliet53@gmail.com', 'Lenna Oberbrunner', '$2b$10$6zqstqkVFK3sOVsYk6mwYOR9YrtUGG0GuXWCs5xXtaFMbfJtJzTKS', '0592 Danial Stream', 90965645, 'user', 'https://s3.amazonaws.com/uifaces/faces/twitter/haligaliharun/128.jpg');
INSERT INTO credit_card VALUES (5326851833873361, 'Juliet53@gmail.com', '2021-04-17T19:26:39.711Z', 209);
INSERT INTO pet VALUES ('Meta', 'Juliet53@gmail.com', 'Bearded Dragon', 'Deserunt quidem nobis sit voluptas consequatur ut sapiente.', 'At odit possimus non delectus et aut.');
INSERT INTO pet VALUES ('Garret', 'Juliet53@gmail.com', 'Burro', 'Eveniet corrupti et autem pariatur qui ducimus culpa maxime.', 'Maxime tenetur occaecati in odio dolorum mollitia animi.');
INSERT INTO pet VALUES ('Cordelia', 'Juliet53@gmail.com', 'Horse', 'Aliquid omnis possimus numquam consequatur ullam ut eos deleniti dolores.', 'Fugiat eum dicta minima.');

INSERT INTO person VALUES ('Dora.Thiel18@yahoo.com', 'Alexander Kreiger', '$2b$10$6zqstqkVFK3sOVsYk6mwYOpjDryAmbeMco.FwDnfakeqQEZeA6IZq', '00216 Mallie Port', 90046630, 'user', 'https://s3.amazonaws.com/uifaces/faces/twitter/andyisonline/128.jpg');
INSERT INTO credit_card VALUES (6455724264038906, 'Dora.Thiel18@yahoo.com', '2021-08-14T16:05:30.985Z', 096);
INSERT INTO pet VALUES ('Rosario', 'Dora.Thiel18@yahoo.com', 'Cow', 'Omnis alias consequatur accusantium.', 'Voluptatem optio commodi.');
INSERT INTO pet VALUES ('Maximillian', 'Dora.Thiel18@yahoo.com', 'Iguana', 'Aliquid id sint molestiae omnis libero deserunt debitis.', 'Earum nulla sapiente sequi eos quo vel.');
INSERT INTO pet VALUES ('Tyler', 'Dora.Thiel18@yahoo.com', 'Geese (Chinese Swan Goose)', 'Accusantium voluptatem labore sint et veniam aliquid doloribus maiores excepturi.', 'Ad debitis error nihil hic consequatur libero.');

INSERT INTO person VALUES ('Frida.Senger63@gmail.com', 'Aglae Jacobs', '$2b$10$6zqstqkVFK3sOVsYk6mwYOduod.hj2MVByP51vf0IG5PBC1bql4F6', '3812 Metz Hill', 90929272, 'user', 'https://s3.amazonaws.com/uifaces/faces/twitter/plasticine/128.jpg');
INSERT INTO full_time_ct VALUES ('Frida.Senger63@gmail.com');

INSERT INTO person VALUES ('Hans.Ankunding62@gmail.com', 'Hillary Williamson', '$2b$10$6zqstqkVFK3sOVsYk6mwYOgLKPSfu.qDkwbscViVdizMChuIjlHUK', '24856 Shyanne Plains', 90179052, 'user', 'https://s3.amazonaws.com/uifaces/faces/twitter/kaelifa/128.jpg');

INSERT INTO person VALUES ('Willow44@hotmail.com', 'Demarco Kris', '$2b$10$6zqstqkVFK3sOVsYk6mwYOCDalYwIcEDSm5Dwb9MyWoKWJGU6qGRq', '2504 Ronny Villages', 90698197, 'user', 'https://s3.amazonaws.com/uifaces/faces/twitter/perfectflow/128.jpg');
INSERT INTO credit_card VALUES (346605559921148, 'Willow44@hotmail.com', '2021-01-03T15:18:50.656Z', 322);
INSERT INTO pet VALUES ('Colin', 'Willow44@hotmail.com', 'Lizard', 'Nemo necessitatibus amet ducimus et.', 'Iure excepturi soluta molestias doloribus.');
INSERT INTO pet VALUES ('Graham', 'Willow44@hotmail.com', 'Bearded Dragon', 'Vitae provident doloribus expedita ipsa quia error.', 'Similique nihil in quasi molestiae voluptas.');

INSERT INTO person VALUES ('Dayne_Bayer23@yahoo.com', 'Eliza Mueller', '$2b$10$6zqstqkVFK3sOVsYk6mwYOP30dZ04eKcgPKbrTZhgi8Px2IO4flWe', '750 Stark Motorway', 90246722, 'user', 'https://s3.amazonaws.com/uifaces/faces/twitter/arthurholcombe1/128.jpg');

INSERT INTO person VALUES ('Gia.Wyman24@hotmail.com', 'Kali Little', '$2b$10$6zqstqkVFK3sOVsYk6mwYOanr4korABjRq6Ri7p0mApLqVSdxFrzW', '0508 Robel Mews', 90918969, 'user', 'https://s3.amazonaws.com/uifaces/faces/twitter/robergd/128.jpg');

INSERT INTO person VALUES ('Cornelius77@yahoo.com', 'Haven Kozey', '$2b$10$6zqstqkVFK3sOVsYk6mwYOFmF7y/zNLHIflSgQ2M9bXn8E8qFGNfK', '429 Maxine Glen', 90234688, 'user', 'https://s3.amazonaws.com/uifaces/faces/twitter/dotgridline/128.jpg');

INSERT INTO person VALUES ('Aurelio24@hotmail.com', 'Jay Tillman', '$2b$10$6zqstqkVFK3sOVsYk6mwYOVvLd0vd4Pmg0Es0zQkLIdgD6dl9Y1Oq', '844 Willa Pine', 90510697, 'user', 'https://s3.amazonaws.com/uifaces/faces/twitter/brandonflatsoda/128.jpg');
INSERT INTO part_time_ct VALUES ('Aurelio24@hotmail.com');
INSERT INTO pt_free_schedule VALUES ('Aurelio24@hotmail.com', '2020-11-05T01:49:21.523Z', '2021-09-06T17:43:00.739Z');
INSERT INTO pt_specializes_in VALUES ('Aurelio24@hotmail.com', 'Horse', 2);
INSERT INTO pt_specializes_in VALUES ('Aurelio24@hotmail.com', 'Ponie', 19);
INSERT INTO pt_specializes_in VALUES ('Aurelio24@hotmail.com', 'Pot Bellied Pig', 7);

INSERT INTO person VALUES ('Ruthe_Ondricka81@hotmail.com', 'Iliana Kunde', '$2b$10$6zqstqkVFK3sOVsYk6mwYOJMJr4HAVrlBIOcRq8E0YKqy0t7vgAsW', '74850 Michel Point', 90101567, 'user', 'https://s3.amazonaws.com/uifaces/faces/twitter/mactopus/128.jpg');
INSERT INTO credit_card VALUES (6767872570749261, 'Ruthe_Ondricka81@hotmail.com', '2024-10-06T21:58:23.466Z', 005);
INSERT INTO pet VALUES ('Modesto', 'Ruthe_Ondricka81@hotmail.com', 'Pig', 'Quod dolorem odit sint cumque.', 'Et laborum ea nemo qui corporis est sit accusamus voluptas.');
INSERT INTO pet VALUES ('Guiseppe', 'Ruthe_Ondricka81@hotmail.com', 'Guinea Pig', 'Amet quae temporibus sapiente possimus possimus ut quos aspernatur.', 'Repellendus incidunt ullam distinctio perferendis.');

INSERT INTO person VALUES ('Frank.Bergnaum@yahoo.com', 'Mollie Terry', '$2b$10$6zqstqkVFK3sOVsYk6mwYOttEFZJXneA15U4RIHv/4IPCm7qF2bzS', '88030 Rosalee Orchard', 90634194, 'user', 'https://s3.amazonaws.com/uifaces/faces/twitter/victorquinn/128.jpg');

INSERT INTO person VALUES ('Anastacio.Howell15@gmail.com', 'Ines Grimes', '$2b$10$6zqstqkVFK3sOVsYk6mwYOB1grmbBG8g7UhvVxVl8f8X7ERmvQeke', '5239 Stanford Port', 90349498, 'user', 'https://s3.amazonaws.com/uifaces/faces/twitter/sebashton/128.jpg');

INSERT INTO person VALUES ('Amani.OKeefe53@gmail.com', 'Dave Raynor', '$2b$10$6zqstqkVFK3sOVsYk6mwYOsBdnMKpAphEAYuYduQwjaGMCsCMVXta', '833 Kiehn Heights', 90420388, 'user', 'https://s3.amazonaws.com/uifaces/faces/twitter/blakesimkins/128.jpg');
INSERT INTO credit_card VALUES (6771912913463724, 'Amani.OKeefe53@gmail.com', '2021-08-16T04:38:53.952Z', 786);
INSERT INTO pet VALUES ('Dawson', 'Amani.OKeefe53@gmail.com', 'Gerbil', 'Quaerat dolore consequatur porro nisi dolorum nam.', 'Ipsa deleniti reiciendis dolor ut debitis et dolorum cumque.');
INSERT INTO part_time_ct VALUES ('Amani.OKeefe53@gmail.com');
INSERT INTO pt_free_schedule VALUES ('Amani.OKeefe53@gmail.com', '2020-11-04T20:24:48.676Z', '2021-06-14T12:10:58.060Z');

INSERT INTO person VALUES ('Moses.Rohan49@hotmail.com', 'Cassandra Haley', '$2b$10$6zqstqkVFK3sOVsYk6mwYO3A.lrNLaWJV9wrTk.FtnTFT/kT5U/t.', '9900 Schmitt Way', 90044657, 'user', 'https://s3.amazonaws.com/uifaces/faces/twitter/felipeapiress/128.jpg');
INSERT INTO credit_card VALUES (6767294498859744, 'Moses.Rohan49@hotmail.com', '2021-02-07T22:09:44.804Z', 237);
INSERT INTO pet VALUES ('Marguerite', 'Moses.Rohan49@hotmail.com', 'Horse', 'Consequatur ut eum amet.', 'Itaque ut et nostrum omnis eos.');
INSERT INTO pet VALUES ('Oswaldo', 'Moses.Rohan49@hotmail.com', 'Guinea Pig', 'Aut modi maiores.', 'Veniam amet est vitae possimus rerum.');
INSERT INTO pet VALUES ('Rosetta', 'Moses.Rohan49@hotmail.com', 'Ferret', 'Blanditiis est perspiciatis placeat vel ut nostrum.', 'Non necessitatibus quaerat.');

INSERT INTO person VALUES ('Alycia2@yahoo.com', 'Dortha Okuneva', '$2b$10$6zqstqkVFK3sOVsYk6mwYOmIa70usZ0C7vwUcQrPpOjKPJ279Zbbu', '249 Rolfson Harbor', 90688794, 'user', 'https://s3.amazonaws.com/uifaces/faces/twitter/motionthinks/128.jpg');
INSERT INTO credit_card VALUES (5018771849431546, 'Alycia2@yahoo.com', '2020-12-04T05:04:32.649Z', 915);
INSERT INTO pet VALUES ('Roxane', 'Alycia2@yahoo.com', 'Horse', 'Corrupti aperiam velit perspiciatis quaerat earum qui.', 'Eius similique voluptate et soluta qui.');
INSERT INTO full_time_ct VALUES ('Alycia2@yahoo.com');
INSERT INTO ft_specializes_in VALUES ('Alycia2@yahoo.com', 'Cat', 3);

INSERT INTO person VALUES ('Kelton_Gleichner@gmail.com', 'Elias Reinger', '$2b$10$6zqstqkVFK3sOVsYk6mwYONoxDpPZuuVbY.PM8qR6h/SkP2MYbo8q', '3590 Mikel Station', 90542123, 'user', 'https://s3.amazonaws.com/uifaces/faces/twitter/colgruv/128.jpg');

INSERT INTO person VALUES ('King51@yahoo.com', 'Cara Pacocha', '$2b$10$6zqstqkVFK3sOVsYk6mwYOi9bLun25y/gHwz5iBrNHGcRpARQkJBK', '1131 Schumm Light', 90595079, 'user', 'https://s3.amazonaws.com/uifaces/faces/twitter/okandungel/128.jpg');
INSERT INTO credit_card VALUES (36155285364523, 'King51@yahoo.com', '2020-11-05T09:35:13.356Z', 393);
INSERT INTO full_time_ct VALUES ('King51@yahoo.com');
INSERT INTO ft_specializes_in VALUES ('King51@yahoo.com', 'Mule', 0);

INSERT INTO person VALUES ('Meta_Russel@hotmail.com', 'Floyd Stehr', '$2b$10$6zqstqkVFK3sOVsYk6mwYORx7AMJX/owyzETJzbNrDNpRO3mDQnkq', '1238 Rippin Ridges', 90337017, 'user', 'https://s3.amazonaws.com/uifaces/faces/twitter/karolkrakowiak_/128.jpg');
INSERT INTO full_time_ct VALUES ('Meta_Russel@hotmail.com');

INSERT INTO person VALUES ('Myrtie_Leuschke47@hotmail.com', 'Esperanza Hoppe', '$2b$10$6zqstqkVFK3sOVsYk6mwYOw/SfXLoML3xV01opcqaf6voqzCCs7eO', '93814 Crooks Fork', 90139726, 'user', 'https://s3.amazonaws.com/uifaces/faces/twitter/guiiipontes/128.jpg');

INSERT INTO person VALUES ('Tito_Williamson20@hotmail.com', 'Justyn Reilly', '$2b$10$6zqstqkVFK3sOVsYk6mwYOl2d2R3SoOlgk6UN4MN36.ZTKwds0k06', '92067 Dibbert Views', 90553166, 'user', 'https://s3.amazonaws.com/uifaces/faces/twitter/trueblood_33/128.jpg');
INSERT INTO credit_card VALUES (6759017500879576, 'Tito_Williamson20@hotmail.com', '2021-05-31T10:04:34.811Z', 849);
INSERT INTO full_time_ct VALUES ('Tito_Williamson20@hotmail.com');

INSERT INTO person VALUES ('Kyleigh_Reichel24@yahoo.com', 'Jayden Raynor', '$2b$10$6zqstqkVFK3sOVsYk6mwYOl6Twu4KRu18TpUR9ooJ8PI8P5LckWdW', '5821 Jovani Street', 90895379, 'user', 'https://s3.amazonaws.com/uifaces/faces/twitter/sovesove/128.jpg');
INSERT INTO credit_card VALUES (6393815607709271, 'Kyleigh_Reichel24@yahoo.com', '2024-07-15T17:24:37.497Z', 425);
INSERT INTO full_time_ct VALUES ('Kyleigh_Reichel24@yahoo.com');
INSERT INTO ft_specializes_in VALUES ('Kyleigh_Reichel24@yahoo.com', 'Chameleons (Veiled)', 15);
INSERT INTO ft_specializes_in VALUES ('Kyleigh_Reichel24@yahoo.com', 'Chinese Water Dragon', 14);

INSERT INTO person VALUES ('Norris43@hotmail.com', 'Price Romaguera', '$2b$10$6zqstqkVFK3sOVsYk6mwYOb/Y1q6s8x5J1IblAQNqklYrFKOyFGUS', '220 Golda Turnpike', 90350289, 'user', 'https://s3.amazonaws.com/uifaces/faces/twitter/plasticine/128.jpg');

INSERT INTO person VALUES ('Chelsie_Hilpert@gmail.com', 'Humberto OHara', '$2b$10$6zqstqkVFK3sOVsYk6mwYOlRDIanHsFRPSFKTGUHJ2g7diPn5CxBa', '0127 Medhurst Hills', 90240626, 'user', 'https://s3.amazonaws.com/uifaces/faces/twitter/ahmetsulek/128.jpg');
INSERT INTO part_time_ct VALUES ('Chelsie_Hilpert@gmail.com');
INSERT INTO pt_free_schedule VALUES ('Chelsie_Hilpert@gmail.com', '2020-11-05T11:07:37.578Z', '2021-09-17T07:34:15.556Z');

INSERT INTO person VALUES ('Nicola.Kuhic@yahoo.com', 'Manuela Windler', '$2b$10$6zqstqkVFK3sOVsYk6mwYO8OsIptF/g4X5uoxP6j9h7uhQhpMo2IC', '377 Hudson Islands', 90034333, 'user', 'https://s3.amazonaws.com/uifaces/faces/twitter/karalek/128.jpg');

INSERT INTO person VALUES ('Vincenza35@yahoo.com', 'Demond Bosco', '$2b$10$6zqstqkVFK3sOVsYk6mwYOqTIZTNG0CW4U/BS4P7/g06CkJznxJSS', '3688 Borer Field', 90044905, 'user', 'https://s3.amazonaws.com/uifaces/faces/twitter/envex/128.jpg');
INSERT INTO full_time_ct VALUES ('Vincenza35@yahoo.com');
INSERT INTO ft_specializes_in VALUES ('Vincenza35@yahoo.com', 'Chameleons (Veiled)', 13);
INSERT INTO ft_specializes_in VALUES ('Vincenza35@yahoo.com', 'Hamster', 16);

INSERT INTO person VALUES ('Coy.Rippin54@hotmail.com', 'Sophie Conn', '$2b$10$6zqstqkVFK3sOVsYk6mwYO53yTKHZeHnGBKsfu5zLNlvHTsfpEXM6', '632 Elliot Tunnel', 90324685, 'user', 'https://s3.amazonaws.com/uifaces/faces/twitter/BryanHorsey/128.jpg');

INSERT INTO person VALUES ('Rigoberto_Hermiston80@hotmail.com', 'Cathryn Lowe', '$2b$10$6zqstqkVFK3sOVsYk6mwYOWpG.eSGP3QdOR.GTe0OI/Q8e8s0pKca', '43811 Robel Crescent', 90461910, 'user', 'https://s3.amazonaws.com/uifaces/faces/twitter/ratbus/128.jpg');

INSERT INTO person VALUES ('Betsy98@yahoo.com', 'Melody Blick', '$2b$10$6zqstqkVFK3sOVsYk6mwYORdBgbZrIgnw/HyTMHMmgto0GF7sej2O', '803 Will Glen', 90254123, 'user', 'https://s3.amazonaws.com/uifaces/faces/twitter/carlosgavina/128.jpg');

INSERT INTO person VALUES ('Ellen70@yahoo.com', 'Karelle Fay', '$2b$10$6zqstqkVFK3sOVsYk6mwYOLTT6cpT.ATkuX8pTQW/xHnjku3o7xF6', '261 Jermaine Crescent', 90166212, 'user', 'https://s3.amazonaws.com/uifaces/faces/twitter/rmlewisuk/128.jpg');

INSERT INTO person VALUES ('Savannah_Howell@yahoo.com', 'Granville Beer', '$2b$10$6zqstqkVFK3sOVsYk6mwYOi7AnpPt99MpEg41STGU4V/dUj5fV9lO', '98944 Yolanda Ridge', 90880864, 'user', 'https://s3.amazonaws.com/uifaces/faces/twitter/calebogden/128.jpg');
INSERT INTO full_time_ct VALUES ('Savannah_Howell@yahoo.com');
INSERT INTO ft_specializes_in VALUES ('Savannah_Howell@yahoo.com', 'Burro', 8);
INSERT INTO ft_specializes_in VALUES ('Savannah_Howell@yahoo.com', 'Pigeon', 2);

INSERT INTO person VALUES ('Zander.Rau@hotmail.com', 'Dave Stiedemann', '$2b$10$6zqstqkVFK3sOVsYk6mwYOR5b/hK2V9myXPMVDxCgOl42bu06xfH2', '64040 Pouros Islands', 90229601, 'user', 'https://s3.amazonaws.com/uifaces/faces/twitter/juanmamartinez/128.jpg');
INSERT INTO credit_card VALUES (4616098595338092, 'Zander.Rau@hotmail.com', '2023-04-27T20:48:02.968Z', 636);
INSERT INTO pet VALUES ('Junius', 'Zander.Rau@hotmail.com', 'Guinea Pig', 'Laboriosam autem similique sed iusto placeat.', 'Id earum cum.');
INSERT INTO pet VALUES ('Jamal', 'Zander.Rau@hotmail.com', 'Peafowl', 'Distinctio sint ut nisi sed voluptatem est consequatur nisi et.', 'Illo molestias similique.');
INSERT INTO pet VALUES ('Jonas', 'Zander.Rau@hotmail.com', 'Gerbil', 'Est sint accusamus recusandae sunt enim.', 'Id perferendis cum et harum.');

INSERT INTO person VALUES ('Kristina_Greenholt@yahoo.com', 'Jaden Dooley', '$2b$10$6zqstqkVFK3sOVsYk6mwYOWEfQ9DL/rBJuw.KwBIFjJzgsFEbgNvC', '1022 Julia Lodge', 90278278, 'user', 'https://s3.amazonaws.com/uifaces/faces/twitter/perfectflow/128.jpg');
INSERT INTO credit_card VALUES (6767569044241555, 'Kristina_Greenholt@yahoo.com', '2025-09-18T01:22:13.680Z', 001);
INSERT INTO pet VALUES ('Josephine', 'Kristina_Greenholt@yahoo.com', 'Goat', 'Consequatur tempora et officiis asperiores sit eius dicta quis harum.', 'Facilis omnis ad velit corporis qui aspernatur aliquam.');

INSERT INTO person VALUES ('Nico_Schiller@gmail.com', 'Glen Ebert', '$2b$10$6zqstqkVFK3sOVsYk6mwYOPIfr7bTqk3QXZ.aojhi4b6TSCybLisq', '7808 Ernser Groves', 90681010, 'user', 'https://s3.amazonaws.com/uifaces/faces/twitter/dhoot_amit/128.jpg');
INSERT INTO credit_card VALUES (6771898803555413, 'Nico_Schiller@gmail.com', '2021-01-12T00:09:18.397Z', 067);
INSERT INTO full_time_ct VALUES ('Nico_Schiller@gmail.com');
INSERT INTO ft_specializes_in VALUES ('Nico_Schiller@gmail.com', 'Dog', 0);
INSERT INTO ft_specializes_in VALUES ('Nico_Schiller@gmail.com', 'Duck', 8);
INSERT INTO ft_specializes_in VALUES ('Nico_Schiller@gmail.com', 'Pig', 3);

INSERT INTO person VALUES ('Liliana_Williamson@hotmail.com', 'Jamarcus Simonis', '$2b$10$6zqstqkVFK3sOVsYk6mwYO7PAkQnvg.6Dvi2ZJB7UdY02p0FugLki', '998 Devyn Center', 90141423, 'user', 'https://s3.amazonaws.com/uifaces/faces/twitter/nemanjaivanovic/128.jpg');
INSERT INTO credit_card VALUES (3528425754560940, 'Liliana_Williamson@hotmail.com', '2021-06-20T14:02:04.801Z', 538);
INSERT INTO pet VALUES ('Berniece', 'Liliana_Williamson@hotmail.com', 'Chinese Water Dragon', 'Aspernatur est beatae autem magnam minus fugit fugit ut ut.', 'Quas pariatur aperiam et aut commodi nostrum suscipit est commodi.');

INSERT INTO person VALUES ('Felix.Goldner@hotmail.com', 'Cicero Welch', '$2b$10$6zqstqkVFK3sOVsYk6mwYOj/Fh.nc3PYit1BpTRWKjMsLhqGfx3W.', '572 Herzog Lane', 90862254, 'user', 'https://s3.amazonaws.com/uifaces/faces/twitter/LucasPerdidao/128.jpg');

INSERT INTO person VALUES ('Ashly_Keebler@gmail.com', 'Emely Lang', '$2b$10$6zqstqkVFK3sOVsYk6mwYO3/2XyWd8JkU4LP8FsnuZLSM.NCOxJSi', '121 Rahul Squares', 90529073, 'user', 'https://s3.amazonaws.com/uifaces/faces/twitter/dmackerman/128.jpg');
INSERT INTO full_time_ct VALUES ('Ashly_Keebler@gmail.com');
INSERT INTO ft_specializes_in VALUES ('Ashly_Keebler@gmail.com', 'Cat', 7);
INSERT INTO ft_specializes_in VALUES ('Ashly_Keebler@gmail.com', 'Gecko', 3);

INSERT INTO person VALUES ('Adrianna.Ritchie90@yahoo.com', 'Lillian Wolf', '$2b$10$6zqstqkVFK3sOVsYk6mwYOlGtd1Up8KydZ40T2QauG62hooXotYXa', '76869 Torphy Canyon', 90139826, 'user', 'https://s3.amazonaws.com/uifaces/faces/twitter/mikebeecham/128.jpg');

INSERT INTO person VALUES ('Kattie75@hotmail.com', 'Eleazar Hagenes', '$2b$10$6zqstqkVFK3sOVsYk6mwYOn/OgpD9ZX4YgeyODrhQWLfR8FD/PRAq', '2299 Oleta Springs', 90865616, 'user', 'https://s3.amazonaws.com/uifaces/faces/twitter/isaacfifth/128.jpg');
INSERT INTO credit_card VALUES (4359843551759, 'Kattie75@hotmail.com', '2022-06-15T01:12:57.843Z', 561);
INSERT INTO pet VALUES ('Jermaine', 'Kattie75@hotmail.com', 'Dog', 'In inventore veritatis quia praesentium aut.', 'Possimus nam minus nihil nihil nihil est dolores in eaque.');
INSERT INTO pet VALUES ('Carleton', 'Kattie75@hotmail.com', 'Chicken', 'Omnis odio placeat consequatur reprehenderit voluptatem.', 'Explicabo velit quod alias.');
INSERT INTO part_time_ct VALUES ('Kattie75@hotmail.com');
INSERT INTO pt_free_schedule VALUES ('Kattie75@hotmail.com', '2020-11-05T05:15:34.650Z', '2021-03-30T02:06:00.162Z');
INSERT INTO pt_specializes_in VALUES ('Kattie75@hotmail.com', 'Gecko', 19);
INSERT INTO pt_specializes_in VALUES ('Kattie75@hotmail.com', 'Hamster', 12);
INSERT INTO pt_specializes_in VALUES ('Kattie75@hotmail.com', 'Iguana', 10);

INSERT INTO person VALUES ('Selmer_Senger@yahoo.com', 'Lane Tillman', '$2b$10$6zqstqkVFK3sOVsYk6mwYOsPRQIgWZZRyhsA1lwYQ7ugCz5veVaCi', '97316 Cale Freeway', 90156277, 'user', 'https://s3.amazonaws.com/uifaces/faces/twitter/iamglimy/128.jpg');
INSERT INTO full_time_ct VALUES ('Selmer_Senger@yahoo.com');

INSERT INTO person VALUES ('Cleta.Ryan39@hotmail.com', 'Gene Streich', '$2b$10$6zqstqkVFK3sOVsYk6mwYOg8Jh0G8rrmv6S3r7hW5o5Mrt9un6.7u', '69180 Felicia Burg', 90585965, 'user', 'https://s3.amazonaws.com/uifaces/faces/twitter/tomaslau/128.jpg');

INSERT INTO person VALUES ('Billie_Beahan79@hotmail.com', 'Andres Beatty', '$2b$10$6zqstqkVFK3sOVsYk6mwYO2CqT4xSukSPUpgR8rEJz.PP9xK5Zk9S', '9673 West Track', 90515411, 'user', 'https://s3.amazonaws.com/uifaces/faces/twitter/j2deme/128.jpg');
INSERT INTO part_time_ct VALUES ('Billie_Beahan79@hotmail.com');
INSERT INTO pt_free_schedule VALUES ('Billie_Beahan79@hotmail.com', '2020-11-04T19:30:35.012Z', '2021-01-31T02:16:29.376Z');
INSERT INTO pt_specializes_in VALUES ('Billie_Beahan79@hotmail.com', 'Lizard', 13);

INSERT INTO person VALUES ('Damian.Little@hotmail.com', 'Susan Skiles', '$2b$10$6zqstqkVFK3sOVsYk6mwYOYxdGHebsEgDZY9z/ODY4xiylqUfq7fq', '1869 Ettie Field', 90830363, 'user', 'https://s3.amazonaws.com/uifaces/faces/twitter/arthurholcombe1/128.jpg');
INSERT INTO full_time_ct VALUES ('Damian.Little@hotmail.com');
INSERT INTO ft_specializes_in VALUES ('Damian.Little@hotmail.com', 'Bird', 20);
INSERT INTO ft_specializes_in VALUES ('Damian.Little@hotmail.com', 'Mice', 20);

INSERT INTO person VALUES ('Malcolm.Sporer67@hotmail.com', 'Stacy Turner', '$2b$10$6zqstqkVFK3sOVsYk6mwYOHilpTjXl5SPEruXDa5BEin3SXg/N1w2', '07732 Enos River', 90093781, 'user', 'https://s3.amazonaws.com/uifaces/faces/twitter/abovefunction/128.jpg');
INSERT INTO credit_card VALUES (30109958949805, 'Malcolm.Sporer67@hotmail.com', '2021-03-23T23:55:45.396Z', 779);

INSERT INTO person VALUES ('Eric.Tillman@gmail.com', 'Eveline Botsford', '$2b$10$6zqstqkVFK3sOVsYk6mwYOrVJykLWz3bUDIFE2b4ioD7IWd6/cNMe', '566 Luettgen Corner', 90257271, 'user', 'https://s3.amazonaws.com/uifaces/faces/twitter/nicollerich/128.jpg');
INSERT INTO credit_card VALUES (6706611556374118, 'Eric.Tillman@gmail.com', '2021-05-10T17:06:32.722Z', 092);
INSERT INTO pet VALUES ('Nickolas', 'Eric.Tillman@gmail.com', 'Cow', 'Sapiente rerum deserunt doloremque accusantium sunt.', 'Voluptate doloribus nihil.');
INSERT INTO pet VALUES ('Adelle', 'Eric.Tillman@gmail.com', 'Bearded Dragon', 'Id quia sit tempore.', 'Officiis sapiente accusantium accusantium hic non quae optio doloremque.');
INSERT INTO pet VALUES ('Cornell', 'Eric.Tillman@gmail.com', 'Hog', 'Eligendi ad corporis illo.', 'Nulla ad sit occaecati exercitationem quo facere.');

INSERT INTO person VALUES ('Andrew56@hotmail.com', 'Florine Adams', '$2b$10$6zqstqkVFK3sOVsYk6mwYOoHtJSVNxEiDOBLgE2J/mC0YzMsrZRZW', '482 Santina Radial', 90256683, 'user', 'https://s3.amazonaws.com/uifaces/faces/twitter/ooomz/128.jpg');
INSERT INTO credit_card VALUES (6767678901913880, 'Andrew56@hotmail.com', '2025-01-17T18:17:32.548Z', 225);
INSERT INTO pet VALUES ('Jessy', 'Andrew56@hotmail.com', 'Goat', 'Consequuntur velit nisi minus rerum molestias eius reiciendis.', 'Quibusdam et aperiam quam quia.');
INSERT INTO pet VALUES ('Luz', 'Andrew56@hotmail.com', 'Chameleons (Veiled)', 'Officia non nihil quos perferendis vitae enim.', 'Quis quisquam nostrum molestiae nemo ut voluptates non.');

INSERT INTO person VALUES ('Enrique_Wyman71@hotmail.com', 'Alexander Thiel', '$2b$10$6zqstqkVFK3sOVsYk6mwYOIxAPR5HOG4nr0w9FtdxDIV6fERf0t3e', '7252 Evans Tunnel', 90763715, 'user', 'https://s3.amazonaws.com/uifaces/faces/twitter/keyuri85/128.jpg');
INSERT INTO credit_card VALUES (6304728481238846, 'Enrique_Wyman71@hotmail.com', '2023-07-19T06:31:19.390Z', 230);
INSERT INTO pet VALUES ('Jermey', 'Enrique_Wyman71@hotmail.com', 'Mule', 'Quas maiores reprehenderit eveniet.', 'Eveniet ut earum.');
INSERT INTO pet VALUES ('Percival', 'Enrique_Wyman71@hotmail.com', 'Bird', 'Soluta dignissimos consequatur et.', 'Ipsa officia odio architecto ratione.');
INSERT INTO full_time_ct VALUES ('Enrique_Wyman71@hotmail.com');
INSERT INTO ft_specializes_in VALUES ('Enrique_Wyman71@hotmail.com', 'Geese (Chinese Swan Goose)', 0);

INSERT INTO person VALUES ('Blanca_Torphy@hotmail.com', 'Gabriel Ebert', '$2b$10$6zqstqkVFK3sOVsYk6mwYOlheyuTjLHLWa6DZWwa3fq0s1nkZ8lye', '02880 Lynch Crest', 90765785, 'user', 'https://s3.amazonaws.com/uifaces/faces/twitter/madysondesigns/128.jpg');
INSERT INTO credit_card VALUES (4234309649969, 'Blanca_Torphy@hotmail.com', '2023-07-02T05:01:08.586Z', 995);
INSERT INTO pet VALUES ('Lambert', 'Blanca_Torphy@hotmail.com', 'Pig', 'Sed eos suscipit totam ab soluta.', 'Iste dolores voluptatem iusto consequuntur.');
INSERT INTO pet VALUES ('Dereck', 'Blanca_Torphy@hotmail.com', 'Fish', 'Et consequatur fuga magnam libero.', 'Et aut vel est voluptates tenetur et.');
INSERT INTO part_time_ct VALUES ('Blanca_Torphy@hotmail.com');
INSERT INTO pt_free_schedule VALUES ('Blanca_Torphy@hotmail.com', '2020-11-05T08:52:03.540Z', '2020-12-18T04:32:10.481Z');

INSERT INTO person VALUES ('Barbara_Paucek@gmail.com', 'Danial Zboncak', '$2b$10$6zqstqkVFK3sOVsYk6mwYOOKn6b5GW9rf0xQCTfRi3hXiLVimkDK2', '3511 Kuhn Place', 90286286, 'user', 'https://s3.amazonaws.com/uifaces/faces/twitter/j04ntoh/128.jpg');
INSERT INTO credit_card VALUES (6771895537625565, 'Barbara_Paucek@gmail.com', '2024-01-30T05:12:56.274Z', 286);
INSERT INTO part_time_ct VALUES ('Barbara_Paucek@gmail.com');
INSERT INTO pt_free_schedule VALUES ('Barbara_Paucek@gmail.com', '2020-11-05T04:22:19.141Z', '2020-11-22T22:13:52.023Z');
INSERT INTO pt_specializes_in VALUES ('Barbara_Paucek@gmail.com', 'Iguana', 9);
INSERT INTO pt_specializes_in VALUES ('Barbara_Paucek@gmail.com', 'Lizard', 10);
INSERT INTO pt_specializes_in VALUES ('Barbara_Paucek@gmail.com', 'Pigeon', 17);

INSERT INTO person VALUES ('Deonte.Conroy@yahoo.com', 'Mona Muller', '$2b$10$6zqstqkVFK3sOVsYk6mwYOSCz9L2dqeoGVQyvnzDvxbeVv1TYNa5q', '600 Cassin Rest', 90452316, 'user', 'https://s3.amazonaws.com/uifaces/faces/twitter/prheemo/128.jpg');

INSERT INTO person VALUES ('Marcel78@yahoo.com', 'Bette OConner', '$2b$10$6zqstqkVFK3sOVsYk6mwYOSMX8tzRrhn2gB1ug2Urm.y8nSBoU7LS', '086 Gay Circle', 90014205, 'user', 'https://s3.amazonaws.com/uifaces/faces/twitter/imomenui/128.jpg');

INSERT INTO person VALUES ('Reyes_Dach96@yahoo.com', 'Amely Bechtelar', '$2b$10$6zqstqkVFK3sOVsYk6mwYOUSCB36/nQV2aRMC.DbLu5yKS4V0bBgm', '1105 Hamill Tunnel', 90982584, 'user', 'https://s3.amazonaws.com/uifaces/faces/twitter/nellleo/128.jpg');

INSERT INTO person VALUES ('Judd_Kunde86@hotmail.com', 'Evangeline Haley', '$2b$10$6zqstqkVFK3sOVsYk6mwYOfq4hIm2jiFuH7j7XCK6BVk.lOtdHD8q', '2267 Collins Prairie', 90707246, 'user', 'https://s3.amazonaws.com/uifaces/faces/twitter/clubb3rry/128.jpg');

INSERT INTO person VALUES ('Christa72@hotmail.com', 'Christopher Goldner', '$2b$10$6zqstqkVFK3sOVsYk6mwYOmtaQK0SXQ0rxHunmgqTfyZJkCnj71sy', '127 Sedrick Vista', 90602625, 'user', 'https://s3.amazonaws.com/uifaces/faces/twitter/GavicoInd/128.jpg');
INSERT INTO part_time_ct VALUES ('Christa72@hotmail.com');
INSERT INTO pt_free_schedule VALUES ('Christa72@hotmail.com', '2020-11-05T01:09:16.106Z', '2021-05-08T08:53:15.098Z');

INSERT INTO person VALUES ('Nyah6@yahoo.com', 'Laney Howe', '$2b$10$6zqstqkVFK3sOVsYk6mwYO0Y3Ne4So8jGIqo9XMN24L.qekjf3xDK', '677 Eugene Trail', 90142111, 'user', 'https://s3.amazonaws.com/uifaces/faces/twitter/mikaeljorhult/128.jpg');
INSERT INTO part_time_ct VALUES ('Nyah6@yahoo.com');
INSERT INTO pt_free_schedule VALUES ('Nyah6@yahoo.com', '2020-11-05T10:46:45.261Z', '2021-02-16T19:17:00.843Z');
INSERT INTO pt_specializes_in VALUES ('Nyah6@yahoo.com', 'Goat', 17);
INSERT INTO pt_specializes_in VALUES ('Nyah6@yahoo.com', 'Rabbit', 0);

INSERT INTO person VALUES ('Arnaldo.Mann82@gmail.com', 'Audra Collier', '$2b$10$6zqstqkVFK3sOVsYk6mwYO6/9diD2pNtrq7NWY1uGJynHXXSrQYUe', '6619 Treutel Rapids', 90105754, 'user', 'https://s3.amazonaws.com/uifaces/faces/twitter/kushsolitary/128.jpg');
INSERT INTO credit_card VALUES (30280635846997, 'Arnaldo.Mann82@gmail.com', '2021-11-29T12:13:27.963Z', 919);
INSERT INTO part_time_ct VALUES ('Arnaldo.Mann82@gmail.com');
INSERT INTO pt_free_schedule VALUES ('Arnaldo.Mann82@gmail.com', '2020-11-05T01:38:55.452Z', '2021-04-17T16:28:38.373Z');
INSERT INTO pt_specializes_in VALUES ('Arnaldo.Mann82@gmail.com', 'Chinese Water Dragon', 5);

INSERT INTO person VALUES ('Augustus_Heathcote82@yahoo.com', 'Kelsie Weimann', '$2b$10$6zqstqkVFK3sOVsYk6mwYOkYHwvHtNBAJ65akToFS961rWB4eRjHq', '8814 Dallas Parkway', 90650218, 'user', 'https://s3.amazonaws.com/uifaces/faces/twitter/happypeter1983/128.jpg');
INSERT INTO full_time_ct VALUES ('Augustus_Heathcote82@yahoo.com');
INSERT INTO ft_specializes_in VALUES ('Augustus_Heathcote82@yahoo.com', 'Dog', 14);
INSERT INTO ft_specializes_in VALUES ('Augustus_Heathcote82@yahoo.com', 'Duck', 17);

INSERT INTO person VALUES ('Makenzie44@hotmail.com', 'Claude Rosenbaum', '$2b$10$6zqstqkVFK3sOVsYk6mwYOQr6.mVCa0MxUaZhrqWZxqseafWg0dV6', '083 Estrella Mills', 90665946, 'user', 'https://s3.amazonaws.com/uifaces/faces/twitter/erwanhesry/128.jpg');
INSERT INTO part_time_ct VALUES ('Makenzie44@hotmail.com');
INSERT INTO pt_free_schedule VALUES ('Makenzie44@hotmail.com', '2020-11-05T13:20:58.443Z', '2021-08-30T22:24:30.371Z');
INSERT INTO pt_specializes_in VALUES ('Makenzie44@hotmail.com', 'Chicken', 16);

INSERT INTO person VALUES ('Annette.Quigley@gmail.com', 'Retha Kohler', '$2b$10$6zqstqkVFK3sOVsYk6mwYOyuErxgTsgAe3oC1T3NCHZ8kP8qMUrVC', '04756 Trantow Light', 90236772, 'user', 'https://s3.amazonaws.com/uifaces/faces/twitter/weavermedia/128.jpg');
INSERT INTO credit_card VALUES (5326544247244644, 'Annette.Quigley@gmail.com', '2021-12-13T05:13:07.983Z', 628);
INSERT INTO full_time_ct VALUES ('Annette.Quigley@gmail.com');

INSERT INTO person VALUES ('Gwen.Cassin@gmail.com', 'Katharina Thompson', '$2b$10$6zqstqkVFK3sOVsYk6mwYOkG03/RxnB.zv94TX1Fo3mEm7Kv0Nv66', '554 Roberts Overpass', 90794479, 'user', 'https://s3.amazonaws.com/uifaces/faces/twitter/iamkarna/128.jpg');
INSERT INTO credit_card VALUES (6759574097374243, 'Gwen.Cassin@gmail.com', '2021-09-14T00:51:04.431Z', 387);
INSERT INTO full_time_ct VALUES ('Gwen.Cassin@gmail.com');

INSERT INTO person VALUES ('Mae_Kozey16@hotmail.com', 'Magnolia Jast', '$2b$10$6zqstqkVFK3sOVsYk6mwYOaDTuGQqSrfNuu3csi8rDPb7TQXn4wV6', '464 Ruecker Village', 90245845, 'user', 'https://s3.amazonaws.com/uifaces/faces/twitter/commadelimited/128.jpg');
INSERT INTO part_time_ct VALUES ('Mae_Kozey16@hotmail.com');
INSERT INTO pt_free_schedule VALUES ('Mae_Kozey16@hotmail.com', '2020-11-04T15:07:53.583Z', '2021-11-04T01:01:12.371Z');
INSERT INTO pt_specializes_in VALUES ('Mae_Kozey16@hotmail.com', 'Lizard', 9);

INSERT INTO person VALUES ('Madelyn55@gmail.com', 'Newell Kessler', '$2b$10$6zqstqkVFK3sOVsYk6mwYO32Zv2twCqwvB36B5W6x/fzLCoIavCJm', '31464 Hermann Track', 90831272, 'user', 'https://s3.amazonaws.com/uifaces/faces/twitter/mirfanqureshi/128.jpg');

INSERT INTO person VALUES ('Gilberto_Blanda@gmail.com', 'Emmalee Bogisich', '$2b$10$6zqstqkVFK3sOVsYk6mwYOEpg6tntoIHFUAQ7rATiVeRz8GAfJuJm', '944 Miller Islands', 90758690, 'user', 'https://s3.amazonaws.com/uifaces/faces/twitter/kikillo/128.jpg');
INSERT INTO credit_card VALUES (5020388503080937, 'Gilberto_Blanda@gmail.com', '2021-12-03T18:48:55.702Z', 169);
INSERT INTO pet VALUES ('Hillard', 'Gilberto_Blanda@gmail.com', 'Guinea Pig', 'Illo accusantium exercitationem sed.', 'Modi ratione nihil aut est ut aliquam facere.');
INSERT INTO pet VALUES ('Chadd', 'Gilberto_Blanda@gmail.com', 'Fish', 'Perferendis ea quia numquam et.', 'Est sunt quisquam consequatur.');

INSERT INTO person VALUES ('Johnpaul.Breitenberg45@gmail.com', 'Carley Hayes', '$2b$10$6zqstqkVFK3sOVsYk6mwYOgSybvcv8ZRMfw2SeADsEoKb4f/WVpcy', '2925 Ashly Cape', 90886562, 'user', 'https://s3.amazonaws.com/uifaces/faces/twitter/danillos/128.jpg');
INSERT INTO credit_card VALUES (4370653768827, 'Johnpaul.Breitenberg45@gmail.com', '2021-05-20T03:53:18.652Z', 894);
INSERT INTO pet VALUES ('Icie', 'Johnpaul.Breitenberg45@gmail.com', 'Pot Bellied Pig', 'Voluptatem quo aut quod aperiam.', 'Quaerat dicta numquam et veniam.');
INSERT INTO pet VALUES ('Rashad', 'Johnpaul.Breitenberg45@gmail.com', 'Chameleons (Veiled)', 'Corrupti qui ipsum enim maxime quod in cum.', 'Laboriosam sequi cumque aut voluptatem accusantium.');
INSERT INTO full_time_ct VALUES ('Johnpaul.Breitenberg45@gmail.com');

INSERT INTO person VALUES ('Janiya.White@hotmail.com', 'Margaretta Kuhlman', '$2b$10$6zqstqkVFK3sOVsYk6mwYOf5MD67fg4jwrkmLzLAIrJJjcLH1lq8i', '176 Keshaun Inlet', 90673361, 'user', 'https://s3.amazonaws.com/uifaces/faces/twitter/charliegann/128.jpg');
INSERT INTO part_time_ct VALUES ('Janiya.White@hotmail.com');
INSERT INTO pt_free_schedule VALUES ('Janiya.White@hotmail.com', '2020-11-04T15:12:50.469Z', '2021-10-16T10:32:26.942Z');
INSERT INTO pt_specializes_in VALUES ('Janiya.White@hotmail.com', 'Chinese Water Dragon', 1);
INSERT INTO pt_specializes_in VALUES ('Janiya.White@hotmail.com', 'Lizard', 9);
INSERT INTO pt_specializes_in VALUES ('Janiya.White@hotmail.com', 'Mice', 18);

INSERT INTO person VALUES ('Eulah29@hotmail.com', 'Ernie Sawayn', '$2b$10$6zqstqkVFK3sOVsYk6mwYOQTaOcHBg39USD6J0RUX/nPzrruVungW', '2890 Carley Island', 90209648, 'user', 'https://s3.amazonaws.com/uifaces/faces/twitter/codysanfilippo/128.jpg');
INSERT INTO full_time_ct VALUES ('Eulah29@hotmail.com');
INSERT INTO ft_specializes_in VALUES ('Eulah29@hotmail.com', 'Ferret', 6);
INSERT INTO ft_specializes_in VALUES ('Eulah29@hotmail.com', 'Hog', 6);

INSERT INTO person VALUES ('Bryon80@yahoo.com', 'Adolph Haley', '$2b$10$6zqstqkVFK3sOVsYk6mwYOb3KUUWI8nnlz8.EcQNhGXtuzIEbbp9K', '37102 Fiona Stream', 90135074, 'user', 'https://s3.amazonaws.com/uifaces/faces/twitter/ostirbu/128.jpg');
INSERT INTO part_time_ct VALUES ('Bryon80@yahoo.com');
INSERT INTO pt_free_schedule VALUES ('Bryon80@yahoo.com', '2020-11-04T17:35:36.803Z', '2020-12-07T20:08:00.027Z');

INSERT INTO person VALUES ('Scottie.Reilly@gmail.com', 'Micaela Kulas', '$2b$10$6zqstqkVFK3sOVsYk6mwYO8CGAC2GTgp3k9PdO2CrzyqzDytK0Ykm', '308 Kathleen Fort', 90292897, 'user', 'https://s3.amazonaws.com/uifaces/faces/twitter/shoaib253/128.jpg');
INSERT INTO credit_card VALUES (3583908110940371, 'Scottie.Reilly@gmail.com', '2021-04-07T03:05:28.982Z', 405);
INSERT INTO pet VALUES ('Deanna', 'Scottie.Reilly@gmail.com', 'Bird', 'Nihil dolorem facere expedita quos incidunt fugiat adipisci nostrum.', 'Et fugiat cupiditate.');
INSERT INTO full_time_ct VALUES ('Scottie.Reilly@gmail.com');
INSERT INTO ft_specializes_in VALUES ('Scottie.Reilly@gmail.com', 'Lizard', 10);

INSERT INTO person VALUES ('Esta_Terry@yahoo.com', 'Elinore Hand', '$2b$10$6zqstqkVFK3sOVsYk6mwYOECPqZiIleGLxlqq/9iJ6gO2hRflg5RK', '617 Morissette Club', 90451396, 'user', 'https://s3.amazonaws.com/uifaces/faces/twitter/dvdwinden/128.jpg');
INSERT INTO full_time_ct VALUES ('Esta_Terry@yahoo.com');
INSERT INTO ft_specializes_in VALUES ('Esta_Terry@yahoo.com', 'Cow', 18);
INSERT INTO ft_specializes_in VALUES ('Esta_Terry@yahoo.com', 'Horse', 15);
INSERT INTO ft_specializes_in VALUES ('Esta_Terry@yahoo.com', 'Pigeon', 11);

INSERT INTO person VALUES ('Aylin.Zboncak@yahoo.com', 'Brady Graham', '$2b$10$6zqstqkVFK3sOVsYk6mwYOUP3w37sZx3lx4xQDHwqsiuKv625OVy2', '2880 Linnie Forest', 90260139, 'user', 'https://s3.amazonaws.com/uifaces/faces/twitter/jwalter14/128.jpg');
INSERT INTO credit_card VALUES (6387509916898707, 'Aylin.Zboncak@yahoo.com', '2020-11-27T04:35:54.766Z', 238);
INSERT INTO pet VALUES ('Cleveland', 'Aylin.Zboncak@yahoo.com', 'Gerbil', 'Velit voluptas numquam consectetur vitae ut ut.', 'Asperiores reiciendis consectetur dolorem est adipisci optio iste rerum.');
INSERT INTO pet VALUES ('May', 'Aylin.Zboncak@yahoo.com', 'Pot Bellied Pig', 'Autem harum autem aspernatur iusto.', 'Rem maiores quia optio sint excepturi nostrum rerum vel voluptas.');
INSERT INTO pet VALUES ('Dion', 'Aylin.Zboncak@yahoo.com', 'Peafowl', 'Omnis esse soluta assumenda exercitationem omnis nostrum fugiat soluta.', 'Quod vitae nesciunt reprehenderit sunt dolorem tempore voluptas.');

INSERT INTO person VALUES ('Zella48@hotmail.com', 'Mozell Abernathy', '$2b$10$6zqstqkVFK3sOVsYk6mwYO.bOxUpL.upDG3mGDCavJnnfKyZkXLCa', '1481 Donnelly Causeway', 90339337, 'user', 'https://s3.amazonaws.com/uifaces/faces/twitter/sokaniwaal/128.jpg');
INSERT INTO full_time_ct VALUES ('Zella48@hotmail.com');
INSERT INTO ft_specializes_in VALUES ('Zella48@hotmail.com', 'Goat', 4);
INSERT INTO ft_specializes_in VALUES ('Zella48@hotmail.com', 'Hedgehog', 16);
INSERT INTO ft_specializes_in VALUES ('Zella48@hotmail.com', 'Horse', 12);

INSERT INTO person VALUES ('Madison42@yahoo.com', 'Arielle Roob', '$2b$10$6zqstqkVFK3sOVsYk6mwYOLIYyQjobtCupWzkffz.srSmFquDIWDG', '393 Christelle Harbors', 90741975, 'user', 'https://s3.amazonaws.com/uifaces/faces/twitter/isaacfifth/128.jpg');
INSERT INTO credit_card VALUES (6554434377253420, 'Madison42@yahoo.com', '2022-11-10T03:17:05.836Z', 313);
INSERT INTO pet VALUES ('Tracey', 'Madison42@yahoo.com', 'Hedgehog', 'Autem et nihil sint fugit accusamus exercitationem.', 'Et quibusdam vitae consequatur autem nobis qui.');
INSERT INTO part_time_ct VALUES ('Madison42@yahoo.com');
INSERT INTO pt_free_schedule VALUES ('Madison42@yahoo.com', '2020-11-05T13:05:46.531Z', '2021-09-08T17:19:45.416Z');
INSERT INTO pt_specializes_in VALUES ('Madison42@yahoo.com', 'Bearded Dragon', 11);
INSERT INTO pt_specializes_in VALUES ('Madison42@yahoo.com', 'Chameleons (Veiled)', 11);
INSERT INTO pt_specializes_in VALUES ('Madison42@yahoo.com', 'Peafowl', 13);

INSERT INTO person VALUES ('Henderson_Howe@yahoo.com', 'Kailey Bode', '$2b$10$6zqstqkVFK3sOVsYk6mwYOZowCotV6NXQx5S1ufjhqCHnRhoOQvOC', '0529 Upton Shores', 90684920, 'user', 'https://s3.amazonaws.com/uifaces/faces/twitter/adrienths/128.jpg');
INSERT INTO credit_card VALUES (6759394344691089, 'Henderson_Howe@yahoo.com', '2021-01-04T22:57:14.220Z', 998);

INSERT INTO person VALUES ('Isobel_Quigley33@yahoo.com', 'Eryn Lesch', '$2b$10$6zqstqkVFK3sOVsYk6mwYOXUbGoG3y5y3NiaDYw0tbDY7LLeFHuUG', '03691 Florine Ridge', 90190112, 'user', 'https://s3.amazonaws.com/uifaces/faces/twitter/karsh/128.jpg');

INSERT INTO person VALUES ('Cristobal33@yahoo.com', 'Marietta Cruickshank', '$2b$10$6zqstqkVFK3sOVsYk6mwYOSDMl5.8a09gDASWOSEkfQA3LoDugCnm', '307 Delmer Path', 90796151, 'user', 'https://s3.amazonaws.com/uifaces/faces/twitter/darylws/128.jpg');
INSERT INTO credit_card VALUES (3529661109054186, 'Cristobal33@yahoo.com', '2021-03-01T13:55:07.915Z', 618);
INSERT INTO pet VALUES ('Einar', 'Cristobal33@yahoo.com', 'Dog', 'Dolores iste libero.', 'Sed illo aut aut inventore.');

INSERT INTO person VALUES ('Al_Kovacek26@hotmail.com', 'Kade Leannon', '$2b$10$6zqstqkVFK3sOVsYk6mwYO3uJPKb1lPYDksb4FuS0bJhxJjula8.G', '438 Cole Mountains', 90050789, 'user', 'https://s3.amazonaws.com/uifaces/faces/twitter/weavermedia/128.jpg');

INSERT INTO person VALUES ('Chase_Schuppe1@yahoo.com', 'Leta Jones', '$2b$10$6zqstqkVFK3sOVsYk6mwYOvsDmBlPGVjDwMKUC6zBa84F65F8YKju', '81939 Vincenza Fords', 90812014, 'user', 'https://s3.amazonaws.com/uifaces/faces/twitter/faisalabid/128.jpg');
INSERT INTO full_time_ct VALUES ('Chase_Schuppe1@yahoo.com');

INSERT INTO person VALUES ('Tevin46@hotmail.com', 'Amely Champlin', '$2b$10$6zqstqkVFK3sOVsYk6mwYOTOgMrW//dEOTSud/OYejxIL40Ys6zA6', '1382 Douglas Via', 90072774, 'user', 'https://s3.amazonaws.com/uifaces/faces/twitter/drewbyreese/128.jpg');

INSERT INTO person VALUES ('Derek.Bashirian@gmail.com', 'Hassan Langworth', '$2b$10$6zqstqkVFK3sOVsYk6mwYOm1532Op8giZSl1Pgsy6EaaK1QbiZz3y', '33045 Daniela Center', 90284079, 'user', 'https://s3.amazonaws.com/uifaces/faces/twitter/edhenderson/128.jpg');
INSERT INTO credit_card VALUES (4645508648668902, 'Derek.Bashirian@gmail.com', '2021-05-12T01:47:52.550Z', 343);

INSERT INTO person VALUES ('Jaren39@yahoo.com', 'Ewald Ledner', '$2b$10$6zqstqkVFK3sOVsYk6mwYOFs424GEl3Z/0XO1JyPjetOnmoe/f9Xi', '9740 Torphy Islands', 90240141, 'user', 'https://s3.amazonaws.com/uifaces/faces/twitter/dudestein/128.jpg');
INSERT INTO credit_card VALUES (6532626466559914, 'Jaren39@yahoo.com', '2021-08-04T15:09:10.488Z', 009);
INSERT INTO pet VALUES ('Cleveland', 'Jaren39@yahoo.com', 'Pot Bellied Pig', 'Mollitia molestiae id laborum amet delectus inventore illo.', 'Sequi libero praesentium harum corrupti eum veniam unde.');
INSERT INTO pet VALUES ('Tara', 'Jaren39@yahoo.com', 'Peafowl', 'Quis doloremque totam quo dicta saepe officiis est qui.', 'Repudiandae est repudiandae similique officiis est.');
INSERT INTO pet VALUES ('Joy', 'Jaren39@yahoo.com', 'Chicken', 'Enim impedit rerum qui enim delectus.', 'Voluptatem rerum laborum hic hic ut.');
INSERT INTO full_time_ct VALUES ('Jaren39@yahoo.com');
INSERT INTO ft_specializes_in VALUES ('Jaren39@yahoo.com', 'Bearded Dragon', 1);

INSERT INTO person VALUES ('Keyon.Bauch@gmail.com', 'Amber Schowalter', '$2b$10$6zqstqkVFK3sOVsYk6mwYOHdq40sc5Y.lHIsIgENc8U9ohCtsXnTi', '3540 Brakus Springs', 90797935, 'user', 'https://s3.amazonaws.com/uifaces/faces/twitter/danmartin70/128.jpg');

INSERT INTO person VALUES ('Izabella_Predovic@yahoo.com', 'Rodrigo Howe', '$2b$10$6zqstqkVFK3sOVsYk6mwYOoZZIY7xu6hA63T99Gv8ApaYevfZqqDq', '567 Williamson Road', 90284621, 'user', 'https://s3.amazonaws.com/uifaces/faces/twitter/osmanince/128.jpg');

INSERT INTO person VALUES ('German27@hotmail.com', 'Lazaro Herman', '$2b$10$6zqstqkVFK3sOVsYk6mwYOHCY9pGc6ilCzR2mVV7GMrdtU.sEc4R6', '89649 Ziemann Lakes', 90701377, 'user', 'https://s3.amazonaws.com/uifaces/faces/twitter/kiwiupover/128.jpg');
INSERT INTO credit_card VALUES (6771545258173236, 'German27@hotmail.com', '2021-04-04T16:21:58.140Z', 836);
INSERT INTO pet VALUES ('Mathilde', 'German27@hotmail.com', 'Iguana', 'Dolorem ut delectus earum omnis reprehenderit quia enim culpa sed.', 'Cupiditate modi odit voluptas possimus.');
INSERT INTO pet VALUES ('Rollin', 'German27@hotmail.com', 'Chinese Water Dragon', 'Et laudantium eum voluptatibus voluptatem facilis et.', 'Illum accusamus corporis adipisci qui molestiae dolores placeat accusamus.');
INSERT INTO part_time_ct VALUES ('German27@hotmail.com');
INSERT INTO pt_free_schedule VALUES ('German27@hotmail.com', '2020-11-05T01:46:42.154Z', '2021-04-06T16:52:11.648Z');
INSERT INTO pt_specializes_in VALUES ('German27@hotmail.com', 'Bearded Dragon', 0);
INSERT INTO pt_specializes_in VALUES ('German27@hotmail.com', 'Pot Bellied Pig', 2);

INSERT INTO person VALUES ('Bianka.Bosco@gmail.com', 'Precious Mohr', '$2b$10$6zqstqkVFK3sOVsYk6mwYO6EERsN/5HzBVhHJ3jjo1ZhurBEGQhi.', '619 Crona Pike', 90226606, 'user', 'https://s3.amazonaws.com/uifaces/faces/twitter/ManikRathee/128.jpg');

INSERT INTO person VALUES ('Abbigail96@yahoo.com', 'Brayan Corwin', '$2b$10$6zqstqkVFK3sOVsYk6mwYOmkhxiKmPuIKOkE7HEo3Irc7Km2tTR96', '8474 Andreanne Knolls', 90962996, 'user', 'https://s3.amazonaws.com/uifaces/faces/twitter/olaolusoga/128.jpg');

INSERT INTO person VALUES ('Octavia_Skiles2@hotmail.com', 'Ferne Carroll', '$2b$10$6zqstqkVFK3sOVsYk6mwYOCBt9sem.SkaRzuUSPM/YKAicgrAIVtm', '2747 Esmeralda Lights', 90987206, 'user', 'https://s3.amazonaws.com/uifaces/faces/twitter/baires/128.jpg');

INSERT INTO person VALUES ('Brandt_Metz10@yahoo.com', 'Einar Goodwin', '$2b$10$6zqstqkVFK3sOVsYk6mwYOWUw4UQ2l0ESFfjW59ovcDG0lpbhbGwy', '0762 Lebsack Lake', 90450705, 'user', 'https://s3.amazonaws.com/uifaces/faces/twitter/jpenico/128.jpg');
INSERT INTO credit_card VALUES (6383593011375439, 'Brandt_Metz10@yahoo.com', '2021-01-24T00:00:25.799Z', 414);
INSERT INTO pet VALUES ('Jailyn', 'Brandt_Metz10@yahoo.com', 'Dog', 'Optio consequatur numquam ipsum repellat voluptas et nesciunt facere corrupti.', 'Ut ut maxime.');
INSERT INTO pet VALUES ('Jessica', 'Brandt_Metz10@yahoo.com', 'Cat', 'Quasi voluptas sint est.', 'Expedita sed et ut et nisi.');
INSERT INTO pet VALUES ('Rachel', 'Brandt_Metz10@yahoo.com', 'Chinese Water Dragon', 'Corrupti veniam recusandae non officia est.', 'Consequatur perspiciatis incidunt ea quaerat voluptate sed.');

INSERT INTO person VALUES ('Terrill_Macejkovic@yahoo.com', 'Ardith White', '$2b$10$6zqstqkVFK3sOVsYk6mwYOk5sGtOtkcPfY7eVLxv51AwXYvag45ze', '83649 Friesen Squares', 90553388, 'user', 'https://s3.amazonaws.com/uifaces/faces/twitter/m_kalibry/128.jpg');
INSERT INTO full_time_ct VALUES ('Terrill_Macejkovic@yahoo.com');
INSERT INTO ft_specializes_in VALUES ('Terrill_Macejkovic@yahoo.com', 'Ferret', 1);
INSERT INTO ft_specializes_in VALUES ('Terrill_Macejkovic@yahoo.com', 'Mice', 3);

INSERT INTO person VALUES ('Deion51@hotmail.com', 'Bulah Kozey', '$2b$10$6zqstqkVFK3sOVsYk6mwYOf.WnTwla1A/MOq.fHP7sT4I9.tQ/8fS', '5073 Gerhard Turnpike', 90812757, 'user', 'https://s3.amazonaws.com/uifaces/faces/twitter/chris_witko/128.jpg');

INSERT INTO person VALUES ('Lionel75@hotmail.com', 'Joy Waters', '$2b$10$6zqstqkVFK3sOVsYk6mwYOsm4Gb3Yx1Kg7C/fhrbfVrWm0vGK.rx.', '72435 Oberbrunner Ferry', 90570282, 'user', 'https://s3.amazonaws.com/uifaces/faces/twitter/airskylar/128.jpg');
INSERT INTO credit_card VALUES (6767874524136142, 'Lionel75@hotmail.com', '2020-12-15T12:09:17.097Z', 356);

INSERT INTO person VALUES ('Camren.Pfeffer@yahoo.com', 'Annie Langworth', '$2b$10$6zqstqkVFK3sOVsYk6mwYOOULY8YUsHBMCk4LQpSuyPfwKhgV5kum', '3941 Lonnie Cliffs', 90492733, 'user', 'https://s3.amazonaws.com/uifaces/faces/twitter/lmjabreu/128.jpg');
INSERT INTO credit_card VALUES (6304844796354127, 'Camren.Pfeffer@yahoo.com', '2022-04-04T01:21:56.978Z', 910);
INSERT INTO pet VALUES ('Russel', 'Camren.Pfeffer@yahoo.com', 'Mice', 'Repellat beatae recusandae.', 'Alias magni ut nesciunt quaerat sequi culpa natus animi.');
INSERT INTO pet VALUES ('Wilhelmine', 'Camren.Pfeffer@yahoo.com', 'Pot Bellied Pig', 'Soluta voluptatem voluptatum.', 'Repudiandae natus perspiciatis eligendi eaque temporibus delectus.');

INSERT INTO person VALUES ('Rosetta.Daniel@yahoo.com', 'Angus Jenkins', '$2b$10$6zqstqkVFK3sOVsYk6mwYOOyRN8V0nAEpqRKToHc26uM3dkUJuzri', '116 Hand Loop', 90654788, 'user', 'https://s3.amazonaws.com/uifaces/faces/twitter/joelhelin/128.jpg');
INSERT INTO credit_card VALUES (6767843790207693, 'Rosetta.Daniel@yahoo.com', '2021-04-16T13:43:21.562Z', 337);
INSERT INTO pet VALUES ('Estefania', 'Rosetta.Daniel@yahoo.com', 'Peafowl', 'Aut quidem culpa et fugiat ratione odio voluptas qui voluptates.', 'Dolorem praesentium nihil ipsam dolores tempora.');
INSERT INTO pet VALUES ('Keshawn', 'Rosetta.Daniel@yahoo.com', 'Hedgehog', 'Quia eaque ut sunt ab nihil atque.', 'Iste voluptate aspernatur ipsum.');

INSERT INTO person VALUES ('Robert_Boehm22@gmail.com', 'Titus Rippin', '$2b$10$6zqstqkVFK3sOVsYk6mwYOPxFJIX5Iqo4D.8GtxjEg0SC6Ssxxg86', '154 Bode Trace', 90191905, 'user', 'https://s3.amazonaws.com/uifaces/faces/twitter/geran7/128.jpg');
INSERT INTO credit_card VALUES (372199631277769, 'Robert_Boehm22@gmail.com', '2024-08-16T19:44:41.016Z', 928);
INSERT INTO pet VALUES ('Alene', 'Robert_Boehm22@gmail.com', 'Bearded Dragon', 'Quia tempora vitae voluptatem est.', 'Sit quasi mollitia.');
INSERT INTO part_time_ct VALUES ('Robert_Boehm22@gmail.com');
INSERT INTO pt_free_schedule VALUES ('Robert_Boehm22@gmail.com', '2020-11-05T08:15:12.227Z', '2021-07-18T16:05:46.330Z');
INSERT INTO pt_specializes_in VALUES ('Robert_Boehm22@gmail.com', 'Horse', 13);
INSERT INTO pt_specializes_in VALUES ('Robert_Boehm22@gmail.com', 'Peafowl', 17);

INSERT INTO person VALUES ('Peggie.Kihn56@hotmail.com', 'Christ Kreiger', '$2b$10$6zqstqkVFK3sOVsYk6mwYO/1FgzL7b/Vwn/DZAORu3yuM1u4ugFgS', '25214 Elna Brook', 90146371, 'user', 'https://s3.amazonaws.com/uifaces/faces/twitter/gregsqueeb/128.jpg');

INSERT INTO person VALUES ('Tatum.Breitenberg12@gmail.com', 'Lelah Crist', '$2b$10$6zqstqkVFK3sOVsYk6mwYOSZUPA1cuJ.xdxj/aZ0gfFuTa8Jb49wC', '7186 Will Motorway', 90795609, 'user', 'https://s3.amazonaws.com/uifaces/faces/twitter/_scottburgess/128.jpg');
INSERT INTO credit_card VALUES (5203638758657580, 'Tatum.Breitenberg12@gmail.com', '2022-02-24T07:30:03.969Z', 684);

INSERT INTO person VALUES ('Libbie.OHara@yahoo.com', 'Raphael Cole', '$2b$10$6zqstqkVFK3sOVsYk6mwYO8r5KDPgxolgHpmQmLGwRzl2VqXm1PrK', '8767 Marjolaine Path', 90198911, 'user', 'https://s3.amazonaws.com/uifaces/faces/twitter/nathalie_fs/128.jpg');

INSERT INTO person VALUES ('Aliya99@hotmail.com', 'Reba Brakus', '$2b$10$6zqstqkVFK3sOVsYk6mwYO1judoF0WGrxha2ALHimPhBpkqe6ij4W', '2336 Guy Knoll', 90644226, 'user', 'https://s3.amazonaws.com/uifaces/faces/twitter/cemshid/128.jpg');

INSERT INTO person VALUES ('Cyrus_Deckow92@yahoo.com', 'Dylan OKon', '$2b$10$6zqstqkVFK3sOVsYk6mwYOMbJ5NiLkmoHAH/mZIz0XlwYoQo7.Heq', '128 Grady Hollow', 90908843, 'user', 'https://s3.amazonaws.com/uifaces/faces/twitter/cocolero/128.jpg');

INSERT INTO person VALUES ('Hadley_Kuvalis@hotmail.com', 'Keven Daugherty', '$2b$10$6zqstqkVFK3sOVsYk6mwYOFuQN5gfJRoU9A5qf7Wtj2TeWIR5muvi', '14301 Padberg Forks', 90758247, 'user', 'https://s3.amazonaws.com/uifaces/faces/twitter/danvierich/128.jpg');

INSERT INTO person VALUES ('Arlie.Ruecker23@hotmail.com', 'Reinhold Raynor', '$2b$10$6zqstqkVFK3sOVsYk6mwYOiFTDdAvBqFCd1RKKwF4j1nFGJITd/Ni', '156 Treutel Glens', 90032700, 'user', 'https://s3.amazonaws.com/uifaces/faces/twitter/edhenderson/128.jpg');
INSERT INTO credit_card VALUES (3548326447735640, 'Arlie.Ruecker23@hotmail.com', '2020-12-15T00:07:06.726Z', 702);
INSERT INTO pet VALUES ('Rosalind', 'Arlie.Ruecker23@hotmail.com', 'Chinese Water Dragon', 'Quis voluptas magni.', 'Architecto et quibusdam ea consectetur omnis dolorum harum rerum.');
INSERT INTO part_time_ct VALUES ('Arlie.Ruecker23@hotmail.com');
INSERT INTO pt_free_schedule VALUES ('Arlie.Ruecker23@hotmail.com', '2020-11-05T11:37:59.058Z', '2020-11-23T21:34:34.166Z');

INSERT INTO person VALUES ('Ressie36@yahoo.com', 'Garrett Beahan', '$2b$10$6zqstqkVFK3sOVsYk6mwYO3gSFp.KcDnQEi/1xRYcAtkLrGVBAlGC', '07401 Hirthe Corner', 90980553, 'user', 'https://s3.amazonaws.com/uifaces/faces/twitter/mahmoudmetwally/128.jpg');

INSERT INTO person VALUES ('Lorna_Langosh@hotmail.com', 'Durward Hackett', '$2b$10$6zqstqkVFK3sOVsYk6mwYO3UpOXAga2PBKRY9Wyd7pE88LWgQ46Wu', '994 Pfeffer Manor', 90463501, 'user', 'https://s3.amazonaws.com/uifaces/faces/twitter/areandacom/128.jpg');
INSERT INTO credit_card VALUES (30332495536980, 'Lorna_Langosh@hotmail.com', '2022-03-26T00:03:13.210Z', 450);
INSERT INTO pet VALUES ('Curtis', 'Lorna_Langosh@hotmail.com', 'Cat', 'At nihil dolor est aut ut.', 'Omnis ad alias consequuntur aut.');
INSERT INTO pet VALUES ('Deangelo', 'Lorna_Langosh@hotmail.com', 'Ponie', 'Accusamus illum rerum officiis dolorem.', 'Dignissimos ipsam deleniti enim totam qui.');
INSERT INTO pet VALUES ('Wiley', 'Lorna_Langosh@hotmail.com', 'Chinese Water Dragon', 'Et eaque ipsa eligendi nam reiciendis.', 'Aliquid quod velit.');

INSERT INTO person VALUES ('Javon43@gmail.com', 'Jesse Dicki', '$2b$10$6zqstqkVFK3sOVsYk6mwYOkeh/cHWYSXmuCDlDX3N/oI20yjEeFZC', '2433 Little Wall', 90633600, 'user', 'https://s3.amazonaws.com/uifaces/faces/twitter/kevinoh/128.jpg');
INSERT INTO part_time_ct VALUES ('Javon43@gmail.com');
INSERT INTO pt_free_schedule VALUES ('Javon43@gmail.com', '2020-11-04T22:19:03.752Z', '2021-02-04T19:17:26.804Z');
INSERT INTO pt_specializes_in VALUES ('Javon43@gmail.com', 'Chameleons (Veiled)', 14);
INSERT INTO pt_specializes_in VALUES ('Javon43@gmail.com', 'Iguana', 2);

INSERT INTO person VALUES ('Kyleigh_Anderson47@gmail.com', 'Kristina Christiansen', '$2b$10$6zqstqkVFK3sOVsYk6mwYOwKFM.11VjCZ7FarDTvFWW7rPm9SLcXK', '746 Reinger Haven', 90903533, 'user', 'https://s3.amazonaws.com/uifaces/faces/twitter/dactrtr/128.jpg');
INSERT INTO credit_card VALUES (6709186537318641, 'Kyleigh_Anderson47@gmail.com', '2021-10-02T06:45:03.746Z', 332);
INSERT INTO pet VALUES ('Zander', 'Kyleigh_Anderson47@gmail.com', 'Pigeon', 'Necessitatibus molestias qui minus aperiam ea omnis magni.', 'Ducimus impedit dolore adipisci quia dolores velit.');

INSERT INTO person VALUES ('Eladio.Daugherty@gmail.com', 'Priscilla Dickens', '$2b$10$6zqstqkVFK3sOVsYk6mwYOlT0vtX/SWeewKlIBLcY7UbOynXux88.', '62813 Marvin Skyway', 90422512, 'user', 'https://s3.amazonaws.com/uifaces/faces/twitter/robinclediere/128.jpg');
INSERT INTO part_time_ct VALUES ('Eladio.Daugherty@gmail.com');
INSERT INTO pt_free_schedule VALUES ('Eladio.Daugherty@gmail.com', '2020-11-04T20:11:09.137Z', '2020-12-22T03:15:34.409Z');
INSERT INTO pt_specializes_in VALUES ('Eladio.Daugherty@gmail.com', 'Cat', 10);
INSERT INTO pt_specializes_in VALUES ('Eladio.Daugherty@gmail.com', 'Lizard', 19);

INSERT INTO person VALUES ('Raleigh_Hartmann@gmail.com', 'Soledad Schaefer', '$2b$10$6zqstqkVFK3sOVsYk6mwYOeHFN2xHfGQEYsvSbxm/JfsuUZkNtni.', '624 Maxie Gardens', 90887874, 'user', 'https://s3.amazonaws.com/uifaces/faces/twitter/mandalareopens/128.jpg');
INSERT INTO credit_card VALUES (6767413908296559, 'Raleigh_Hartmann@gmail.com', '2023-05-03T18:24:23.183Z', 854);
INSERT INTO pet VALUES ('Derrick', 'Raleigh_Hartmann@gmail.com', 'Pigeon', 'Optio quaerat exercitationem sunt dolorem earum officia quia cumque.', 'Non voluptate nemo voluptate ad autem officia sint quia velit.');
INSERT INTO pet VALUES ('Chelsey', 'Raleigh_Hartmann@gmail.com', 'Pot Bellied Pig', 'Qui et fuga optio.', 'Aliquid et sint nemo et dicta consequatur.');
INSERT INTO full_time_ct VALUES ('Raleigh_Hartmann@gmail.com');
INSERT INTO ft_specializes_in VALUES ('Raleigh_Hartmann@gmail.com', 'Bird', 15);
INSERT INTO ft_specializes_in VALUES ('Raleigh_Hartmann@gmail.com', 'Hamster', 6);

INSERT INTO person VALUES ('Anabelle.Gulgowski76@hotmail.com', 'Rogers Rempel', '$2b$10$6zqstqkVFK3sOVsYk6mwYOFVw6GrjEtvS0knGnxy43YV1phj1GEma', '93620 Kshlerin Squares', 90319436, 'user', 'https://s3.amazonaws.com/uifaces/faces/twitter/instalox/128.jpg');
INSERT INTO credit_card VALUES (5018729972116396, 'Anabelle.Gulgowski76@hotmail.com', '2021-10-11T00:46:51.786Z', 092);
INSERT INTO pet VALUES ('Emmanuel', 'Anabelle.Gulgowski76@hotmail.com', 'Geese (Chinese Swan Goose)', 'Ut voluptatem officia est porro pariatur quia.', 'Labore eveniet rerum explicabo eos quidem quidem doloribus.');
INSERT INTO full_time_ct VALUES ('Anabelle.Gulgowski76@hotmail.com');
INSERT INTO ft_specializes_in VALUES ('Anabelle.Gulgowski76@hotmail.com', 'Donkey', 18);
INSERT INTO ft_specializes_in VALUES ('Anabelle.Gulgowski76@hotmail.com', 'Gerbil', 9);
INSERT INTO ft_specializes_in VALUES ('Anabelle.Gulgowski76@hotmail.com', 'Mice', 8);

INSERT INTO person VALUES ('Adeline50@gmail.com', 'Letitia West', '$2b$10$6zqstqkVFK3sOVsYk6mwYOSjMRvq66t.GfXf7OtXf4fdX2ZYb4Ii2', '335 Wyman Route', 90062450, 'user', 'https://s3.amazonaws.com/uifaces/faces/twitter/zauerkraut/128.jpg');
INSERT INTO credit_card VALUES (6304659403215911, 'Adeline50@gmail.com', '2021-05-13T14:08:41.527Z', 973);
INSERT INTO pet VALUES ('Shanny', 'Adeline50@gmail.com', 'Dog', 'Modi velit ipsa qui necessitatibus.', 'Molestias incidunt possimus perspiciatis eum ut qui ut voluptates officia.');
INSERT INTO part_time_ct VALUES ('Adeline50@gmail.com');
INSERT INTO pt_free_schedule VALUES ('Adeline50@gmail.com', '2020-11-04T23:22:01.718Z', '2021-09-17T11:36:13.418Z');
INSERT INTO pt_specializes_in VALUES ('Adeline50@gmail.com', 'Bird', 11);
INSERT INTO pt_specializes_in VALUES ('Adeline50@gmail.com', 'Chinchilla', 1);
INSERT INTO pt_specializes_in VALUES ('Adeline50@gmail.com', 'Cow', 2);

INSERT INTO person VALUES ('Colt.Grant24@yahoo.com', 'Ruthie Hansen', '$2b$10$6zqstqkVFK3sOVsYk6mwYOQ3JLH6G1LQmerR8o1aCAIz/YLZvTQZO', '6828 Reggie Roads', 90887020, 'user', 'https://s3.amazonaws.com/uifaces/faces/twitter/coreyweb/128.jpg');
INSERT INTO credit_card VALUES (6555254707240712, 'Colt.Grant24@yahoo.com', '2020-11-07T13:51:15.242Z', 323);
INSERT INTO pet VALUES ('Reilly', 'Colt.Grant24@yahoo.com', 'Lizard', 'Error cumque vitae minus iure et necessitatibus eligendi.', 'Vel maiores rem repudiandae repellendus.');
INSERT INTO part_time_ct VALUES ('Colt.Grant24@yahoo.com');
INSERT INTO pt_free_schedule VALUES ('Colt.Grant24@yahoo.com', '2020-11-04T17:09:20.205Z', '2021-08-01T16:04:07.868Z');
INSERT INTO pt_specializes_in VALUES ('Colt.Grant24@yahoo.com', 'Fish', 14);

INSERT INTO person VALUES ('Conrad.Bradtke48@hotmail.com', 'Stephon Hammes', '$2b$10$6zqstqkVFK3sOVsYk6mwYOCWvxRbC0gGBCa2HYuAqpxJ6Y1EsSkb2', '298 Pierce Fork', 90770155, 'user', 'https://s3.amazonaws.com/uifaces/faces/twitter/anthonysukow/128.jpg');

INSERT INTO person VALUES ('Dax_Kassulke@gmail.com', 'Ricardo Hauck', '$2b$10$6zqstqkVFK3sOVsYk6mwYOEOPhgzay4y5qEEpxA8Q/uWWcBPF1F6u', '42245 Cummings Forge', 90808127, 'user', 'https://s3.amazonaws.com/uifaces/faces/twitter/reideiredale/128.jpg');
INSERT INTO full_time_ct VALUES ('Dax_Kassulke@gmail.com');
INSERT INTO ft_specializes_in VALUES ('Dax_Kassulke@gmail.com', 'Gecko', 19);
INSERT INTO ft_specializes_in VALUES ('Dax_Kassulke@gmail.com', 'Lizard', 15);

INSERT INTO person VALUES ('Eva.Thiel@gmail.com', 'Morgan Green', '$2b$10$6zqstqkVFK3sOVsYk6mwYO8LJVTzxwc5vxJ94OvG/en3YIwiEX.Ne', '1784 Kristopher Vista', 90307038, 'user', 'https://s3.amazonaws.com/uifaces/faces/twitter/michzen/128.jpg');

INSERT INTO person VALUES ('Garett.Schmitt90@yahoo.com', 'Camron Gibson', '$2b$10$6zqstqkVFK3sOVsYk6mwYOoXd1joSwQ6LluBrHplQVvtMHR8s81qy', '349 Mills Light', 90141031, 'user', 'https://s3.amazonaws.com/uifaces/faces/twitter/kudretkeskin/128.jpg');

INSERT INTO person VALUES ('Shaun53@gmail.com', 'Makayla Walker', '$2b$10$6zqstqkVFK3sOVsYk6mwYO4qxmcgECk/HRp8ZkV7JrR/GHGhkEF5y', '9006 Sedrick Meadows', 90265693, 'user', 'https://s3.amazonaws.com/uifaces/faces/twitter/nerrsoft/128.jpg');

INSERT INTO person VALUES ('Israel.Thiel@yahoo.com', 'Brendon Treutel', '$2b$10$6zqstqkVFK3sOVsYk6mwYO07NVmDI0gy13D1INVuvwQteMh0UVy7S', '99976 Schultz Harbors', 90125479, 'user', 'https://s3.amazonaws.com/uifaces/faces/twitter/ankitind/128.jpg');
INSERT INTO credit_card VALUES (5433082518467467, 'Israel.Thiel@yahoo.com', '2021-10-19T06:13:08.043Z', 517);
INSERT INTO pet VALUES ('Oran', 'Israel.Thiel@yahoo.com', 'Chameleons (Veiled)', 'Aut consequuntur non quasi accusantium omnis expedita ut.', 'Pariatur odio omnis deserunt.');
INSERT INTO pet VALUES ('Dameon', 'Israel.Thiel@yahoo.com', 'Chameleons (Veiled)', 'Et numquam occaecati ad quis id.', 'Sed adipisci et quas sit nihil sit nesciunt eveniet fuga.');

INSERT INTO person VALUES ('Marge_Langosh@yahoo.com', 'Ephraim Doyle', '$2b$10$6zqstqkVFK3sOVsYk6mwYO82nlqawuqS9H690QSWDOnN2JWekEcT6', '6772 Katrina Mews', 90598609, 'user', 'https://s3.amazonaws.com/uifaces/faces/twitter/fluidbrush/128.jpg');

INSERT INTO person VALUES ('Seth.Crona56@gmail.com', 'Nella Prohaska', '$2b$10$6zqstqkVFK3sOVsYk6mwYOh1KFr4kXSUUWWiKkFVbuLcrewt7296e', '55490 Genesis Loaf', 90849132, 'user', 'https://s3.amazonaws.com/uifaces/faces/twitter/terrorpixel/128.jpg');
INSERT INTO part_time_ct VALUES ('Seth.Crona56@gmail.com');
INSERT INTO pt_free_schedule VALUES ('Seth.Crona56@gmail.com', '2020-11-05T07:32:46.773Z', '2021-04-21T10:04:03.951Z');
INSERT INTO pt_specializes_in VALUES ('Seth.Crona56@gmail.com', 'Cat', 13);
INSERT INTO pt_specializes_in VALUES ('Seth.Crona56@gmail.com', 'Hedgehog', 1);
INSERT INTO pt_specializes_in VALUES ('Seth.Crona56@gmail.com', 'Peafowl', 6);

INSERT INTO person VALUES ('Marilou.Kulas@yahoo.com', 'Landen Braun', '$2b$10$6zqstqkVFK3sOVsYk6mwYOCn1VWOZY.dGnzhxfpRJgnoOi5FBk1Ru', '01686 Kris Isle', 90182449, 'user', 'https://s3.amazonaws.com/uifaces/faces/twitter/craigrcoles/128.jpg');
INSERT INTO credit_card VALUES (3528154580232266, 'Marilou.Kulas@yahoo.com', '2021-04-23T11:55:58.221Z', 739);
INSERT INTO pet VALUES ('Easton', 'Marilou.Kulas@yahoo.com', 'Burro', 'Dolorum mollitia facilis et alias molestias ratione eaque.', 'Qui adipisci odio et eum.');
INSERT INTO pet VALUES ('Amara', 'Marilou.Kulas@yahoo.com', 'Chameleons (Veiled)', 'Molestias sunt ut et illum.', 'Eum quia animi.');
INSERT INTO pet VALUES ('Blake', 'Marilou.Kulas@yahoo.com', 'Pig', 'Amet eligendi voluptatum optio quos eaque veritatis quis nam facilis.', 'Magni omnis et rerum nobis deleniti iste corporis id.');
INSERT INTO part_time_ct VALUES ('Marilou.Kulas@yahoo.com');
INSERT INTO pt_free_schedule VALUES ('Marilou.Kulas@yahoo.com', '2020-11-05T00:58:05.440Z', '2021-10-03T19:18:09.483Z');
INSERT INTO pt_specializes_in VALUES ('Marilou.Kulas@yahoo.com', 'Chinchilla', 6);
INSERT INTO pt_specializes_in VALUES ('Marilou.Kulas@yahoo.com', 'Goat', 16);

INSERT INTO person VALUES ('Neva.Lehner92@hotmail.com', 'Rocky Rodriguez', '$2b$10$6zqstqkVFK3sOVsYk6mwYOBXLZAU8NIbBCshMfxxWVNTQfED//K52', '9480 Jasmin Greens', 90879513, 'user', 'https://s3.amazonaws.com/uifaces/faces/twitter/luxe/128.jpg');
INSERT INTO credit_card VALUES (4554008017115, 'Neva.Lehner92@hotmail.com', '2022-02-01T16:39:30.385Z', 152);
INSERT INTO pet VALUES ('Milan', 'Neva.Lehner92@hotmail.com', 'Hedgehog', 'Aut culpa rerum officia minus nulla sint nisi.', 'Commodi assumenda ut dignissimos odio repellat blanditiis non voluptatem.');
INSERT INTO pet VALUES ('Cristian', 'Neva.Lehner92@hotmail.com', 'Cow', 'Repellat vero ducimus ut repudiandae.', 'Neque consectetur quisquam et eos.');
INSERT INTO pet VALUES ('Urban', 'Neva.Lehner92@hotmail.com', 'Peafowl', 'Eaque dolores totam doloribus quia suscipit qui perspiciatis quidem omnis.', 'Et iusto est aliquid esse atque perspiciatis recusandae modi voluptatem.');

INSERT INTO person VALUES ('Griffin_Denesik@gmail.com', 'Timmothy Bernhard', '$2b$10$6zqstqkVFK3sOVsYk6mwYOQTm.Lk3vIDfBRTG2w1iwLiwVopGrjwS', '880 Buckridge Estates', 90232162, 'user', 'https://s3.amazonaws.com/uifaces/faces/twitter/kikillo/128.jpg');
INSERT INTO part_time_ct VALUES ('Griffin_Denesik@gmail.com');
INSERT INTO pt_free_schedule VALUES ('Griffin_Denesik@gmail.com', '2020-11-04T15:42:32.283Z', '2021-05-01T13:02:30.294Z');
INSERT INTO pt_specializes_in VALUES ('Griffin_Denesik@gmail.com', 'Ferret', 19);
INSERT INTO pt_specializes_in VALUES ('Griffin_Denesik@gmail.com', 'Hog', 0);
INSERT INTO pt_specializes_in VALUES ('Griffin_Denesik@gmail.com', 'Pigeon', 12);

INSERT INTO person VALUES ('Vivianne.Murphy@hotmail.com', 'Bertha Turcotte', '$2b$10$6zqstqkVFK3sOVsYk6mwYO/3SLUqj3OLuOoIsOuVjAQuHBFxt1jNS', '6787 Adrienne Vista', 90967484, 'user', 'https://s3.amazonaws.com/uifaces/faces/twitter/IsaryAmairani/128.jpg');
INSERT INTO full_time_ct VALUES ('Vivianne.Murphy@hotmail.com');
INSERT INTO ft_specializes_in VALUES ('Vivianne.Murphy@hotmail.com', 'Cat', 14);
INSERT INTO ft_specializes_in VALUES ('Vivianne.Murphy@hotmail.com', 'Hog', 9);

INSERT INTO person VALUES ('Eusebio23@gmail.com', 'Maribel Macejkovic', '$2b$10$6zqstqkVFK3sOVsYk6mwYO9TARJrswbt9r8/XesIh7d3LkwaOTB/C', '2707 Pollich Field', 90725176, 'user', 'https://s3.amazonaws.com/uifaces/faces/twitter/toddrew/128.jpg');
INSERT INTO part_time_ct VALUES ('Eusebio23@gmail.com');
INSERT INTO pt_free_schedule VALUES ('Eusebio23@gmail.com', '2020-11-05T01:08:14.842Z', '2021-03-17T20:56:27.863Z');
INSERT INTO pt_specializes_in VALUES ('Eusebio23@gmail.com', 'Fish', 6);

INSERT INTO person VALUES ('Kiana83@gmail.com', 'Tianna Bayer', '$2b$10$6zqstqkVFK3sOVsYk6mwYOz/6o6ZD5YPmb4IgJ1Bv55Ydq6wvtgNC', '76907 Favian Lane', 90736069, 'user', 'https://s3.amazonaws.com/uifaces/faces/twitter/moynihan/128.jpg');
INSERT INTO full_time_ct VALUES ('Kiana83@gmail.com');
INSERT INTO ft_specializes_in VALUES ('Kiana83@gmail.com', 'Mice', 2);

INSERT INTO person VALUES ('Genevieve.Marks@hotmail.com', 'Karson Schultz', '$2b$10$6zqstqkVFK3sOVsYk6mwYOjXOiVdR6klh9Yh0ed5BbZk16OqpijK2', '076 Will Walk', 90451309, 'user', 'https://s3.amazonaws.com/uifaces/faces/twitter/iqbalperkasa/128.jpg');
INSERT INTO credit_card VALUES (6759009261314493, 'Genevieve.Marks@hotmail.com', '2020-12-12T20:06:51.489Z', 423);
INSERT INTO full_time_ct VALUES ('Genevieve.Marks@hotmail.com');
INSERT INTO ft_specializes_in VALUES ('Genevieve.Marks@hotmail.com', 'Bird', 3);
INSERT INTO ft_specializes_in VALUES ('Genevieve.Marks@hotmail.com', 'Gecko', 15);

INSERT INTO person VALUES ('Reina39@hotmail.com', 'Kristy Conroy', '$2b$10$6zqstqkVFK3sOVsYk6mwYOjUqgTXtFnwkJUj.uOuh42VGRsW9661.', '4918 Aniyah Walk', 90840953, 'user', 'https://s3.amazonaws.com/uifaces/faces/twitter/AM_Kn2/128.jpg');
INSERT INTO credit_card VALUES (6759384623184659, 'Reina39@hotmail.com', '2023-03-04T12:10:35.511Z', 349);
INSERT INTO pet VALUES ('Jettie', 'Reina39@hotmail.com', 'Guinea Pig', 'Vel est pariatur accusantium aliquam sit porro quisquam voluptatem porro.', 'Omnis eos voluptas.');
INSERT INTO pet VALUES ('Franz', 'Reina39@hotmail.com', 'Gecko', 'Facilis quis assumenda enim iusto rem ipsa iure voluptatem officia.', 'Est soluta ullam omnis.');
INSERT INTO pet VALUES ('Arvilla', 'Reina39@hotmail.com', 'Goat', 'Est officiis perferendis possimus exercitationem saepe voluptatibus.', 'Laboriosam consequatur laudantium ipsum fugit recusandae dignissimos sit id.');

INSERT INTO person VALUES ('Uriah21@hotmail.com', 'Gertrude Green', '$2b$10$6zqstqkVFK3sOVsYk6mwYOliTNu20YVZR7w670iz.oojSVVKQymkm', '281 Stroman Mission', 90096491, 'user', 'https://s3.amazonaws.com/uifaces/faces/twitter/timgthomas/128.jpg');
INSERT INTO credit_card VALUES (4921585756351, 'Uriah21@hotmail.com', '2023-10-10T09:31:44.796Z', 642);
INSERT INTO pet VALUES ('Roslyn', 'Uriah21@hotmail.com', 'Donkey', 'Alias aut minus harum laudantium dicta.', 'Inventore quis praesentium facilis qui nobis.');
INSERT INTO pet VALUES ('Van', 'Uriah21@hotmail.com', 'Hamster', 'Illum qui dolorem libero deserunt esse.', 'Et accusamus illo.');
INSERT INTO pet VALUES ('Hayden', 'Uriah21@hotmail.com', 'Hog', 'Cumque sit fuga eaque et minima cum.', 'Dolorum quae architecto fuga aliquam et dolores natus quis.');

INSERT INTO person VALUES ('Major_Walter27@hotmail.com', 'Delores Hansen', '$2b$10$6zqstqkVFK3sOVsYk6mwYO5q/diNBgSoMyOzyHcdZXTaHEyGUYX.G', '4635 Bogan Cape', 90093008, 'user', 'https://s3.amazonaws.com/uifaces/faces/twitter/jeremyworboys/128.jpg');

INSERT INTO person VALUES ('Doug_Smitham@gmail.com', 'Delores Wuckert', '$2b$10$6zqstqkVFK3sOVsYk6mwYOLkoEsfTPf0gRBKRb197ez3/NRf9mLTe', '545 Nolan Crossroad', 90652133, 'user', 'https://s3.amazonaws.com/uifaces/faces/twitter/twittypork/128.jpg');

INSERT INTO person VALUES ('Sigmund.Pagac@yahoo.com', 'Orland Hackett', '$2b$10$6zqstqkVFK3sOVsYk6mwYOQmMnokFu4VeZuxmDeveI/C7dHwQ9VCe', '662 Sister Meadows', 90758847, 'user', 'https://s3.amazonaws.com/uifaces/faces/twitter/karlkanall/128.jpg');
INSERT INTO full_time_ct VALUES ('Sigmund.Pagac@yahoo.com');
INSERT INTO ft_specializes_in VALUES ('Sigmund.Pagac@yahoo.com', 'Chameleons (Veiled)', 0);
INSERT INTO ft_specializes_in VALUES ('Sigmund.Pagac@yahoo.com', 'Duck', 5);
INSERT INTO ft_specializes_in VALUES ('Sigmund.Pagac@yahoo.com', 'Pot Bellied Pig', 1);

INSERT INTO person VALUES ('Alyce_Baumbach@yahoo.com', 'Bernadine Russel', '$2b$10$6zqstqkVFK3sOVsYk6mwYORlVnbaszhd2CsLcgnoNo.U1TBI0pvrC', '6234 Vandervort Junctions', 90530330, 'user', 'https://s3.amazonaws.com/uifaces/faces/twitter/blakesimkins/128.jpg');
INSERT INTO full_time_ct VALUES ('Alyce_Baumbach@yahoo.com');
INSERT INTO ft_specializes_in VALUES ('Alyce_Baumbach@yahoo.com', 'Chinchilla', 14);
INSERT INTO ft_specializes_in VALUES ('Alyce_Baumbach@yahoo.com', 'Dog', 8);
INSERT INTO ft_specializes_in VALUES ('Alyce_Baumbach@yahoo.com', 'Geese (Chinese Swan Goose)', 3);

INSERT INTO person VALUES ('Eveline_Collins98@hotmail.com', 'Burdette Tillman', '$2b$10$6zqstqkVFK3sOVsYk6mwYObueVaBjbBfNEbp1E9P8sxiFh38LlhV6', '64650 Wellington Estate', 90156740, 'user', 'https://s3.amazonaws.com/uifaces/faces/twitter/jmillspaysbills/128.jpg');
INSERT INTO credit_card VALUES (378841895709435, 'Eveline_Collins98@hotmail.com', '2023-05-03T01:05:39.203Z', 542);
INSERT INTO pet VALUES ('Roger', 'Eveline_Collins98@hotmail.com', 'Duck', 'Nobis assumenda cupiditate dicta doloremque et sunt.', 'Eum molestias nostrum debitis nisi esse saepe et laborum sed.');
INSERT INTO pet VALUES ('Antonina', 'Eveline_Collins98@hotmail.com', 'Dog', 'Aut mollitia eligendi temporibus.', 'Accusantium tenetur voluptatem laudantium cumque suscipit quod.');
INSERT INTO pet VALUES ('Summer', 'Eveline_Collins98@hotmail.com', 'Bearded Dragon', 'Necessitatibus ab qui delectus exercitationem consequatur eum ut.', 'Temporibus est omnis.');
INSERT INTO part_time_ct VALUES ('Eveline_Collins98@hotmail.com');
INSERT INTO pt_free_schedule VALUES ('Eveline_Collins98@hotmail.com', '2020-11-05T02:10:00.089Z', '2021-08-05T21:13:26.605Z');
INSERT INTO pt_specializes_in VALUES ('Eveline_Collins98@hotmail.com', 'Bird', 7);
INSERT INTO pt_specializes_in VALUES ('Eveline_Collins98@hotmail.com', 'Gecko', 9);
INSERT INTO pt_specializes_in VALUES ('Eveline_Collins98@hotmail.com', 'Pigeon', 2);

INSERT INTO person VALUES ('Felicity62@gmail.com', 'Nova Little', '$2b$10$6zqstqkVFK3sOVsYk6mwYOtIq8t4RTJv52r5.OoyYE61xDGS9I5sm', '018 Cayla Place', 90529638, 'user', 'https://s3.amazonaws.com/uifaces/faces/twitter/antonyzotov/128.jpg');
INSERT INTO credit_card VALUES (5893459593674821, 'Felicity62@gmail.com', '2021-09-08T22:32:09.062Z', 954);

INSERT INTO person VALUES ('Maye.Cole19@yahoo.com', 'Emmett Howe', '$2b$10$6zqstqkVFK3sOVsYk6mwYOOLHT4Uar.JQF6zjF8MaKD6JO6HMNSMm', '239 Kenyon Inlet', 90720576, 'user', 'https://s3.amazonaws.com/uifaces/faces/twitter/antongenkin/128.jpg');
INSERT INTO credit_card VALUES (6767844132522043, 'Maye.Cole19@yahoo.com', '2021-09-27T09:00:08.063Z', 321);
INSERT INTO pet VALUES ('Melyssa', 'Maye.Cole19@yahoo.com', 'Hamster', 'Temporibus tenetur quam ullam ratione error deserunt laboriosam.', 'Magnam sint eos quam facere consequuntur quaerat.');
INSERT INTO pet VALUES ('Sarai', 'Maye.Cole19@yahoo.com', 'Chameleons (Veiled)', 'Incidunt commodi voluptatem.', 'Voluptatum dignissimos debitis.');
INSERT INTO full_time_ct VALUES ('Maye.Cole19@yahoo.com');
INSERT INTO ft_specializes_in VALUES ('Maye.Cole19@yahoo.com', 'Fish', 1);
INSERT INTO ft_specializes_in VALUES ('Maye.Cole19@yahoo.com', 'Guinea Fowl', 10);
INSERT INTO ft_specializes_in VALUES ('Maye.Cole19@yahoo.com', 'Ponie', 5);

INSERT INTO person VALUES ('Lydia39@hotmail.com', 'Sylvan Wehner', '$2b$10$6zqstqkVFK3sOVsYk6mwYO/XCEhqPXCNuWFv/lGX3pjny020zb/LS', '5498 Weimann Haven', 90444034, 'user', 'https://s3.amazonaws.com/uifaces/faces/twitter/mandalareopens/128.jpg');

INSERT INTO person VALUES ('Nina_Wiegand@yahoo.com', 'Fae Auer', '$2b$10$6zqstqkVFK3sOVsYk6mwYOYzcfGpw/Nl2k4b0K2HbvSgYf495Yhia', '2096 Ambrose Course', 90095559, 'user', 'https://s3.amazonaws.com/uifaces/faces/twitter/_williamguerra/128.jpg');

INSERT INTO person VALUES ('Suzanne8@yahoo.com', 'Micaela Schmitt', '$2b$10$6zqstqkVFK3sOVsYk6mwYOnzYp/s9n84AxeMneJhObEAWMNcpgwlq', '04752 Torp Squares', 90670133, 'user', 'https://s3.amazonaws.com/uifaces/faces/twitter/apriendeau/128.jpg');
INSERT INTO credit_card VALUES (6771891468738271, 'Suzanne8@yahoo.com', '2021-03-24T15:51:35.417Z', 993);
INSERT INTO pet VALUES ('Dominique', 'Suzanne8@yahoo.com', 'Fish', 'Vel error explicabo ut.', 'Consequatur nesciunt impedit.');

INSERT INTO person VALUES ('Darien_Schmeler53@hotmail.com', 'Cathryn Beier', '$2b$10$6zqstqkVFK3sOVsYk6mwYOty691AviGLZcMNXMQpuFGJOnM2wRn1e', '894 Hessel Port', 90782422, 'user', 'https://s3.amazonaws.com/uifaces/faces/twitter/naitanamoreno/128.jpg');

INSERT INTO person VALUES ('Gunnar94@yahoo.com', 'Jaeden Dare', '$2b$10$6zqstqkVFK3sOVsYk6mwYORm.KULCkEWAE2KWTIrTRxcBr4JT.HJm', '422 Jamie Isle', 90171481, 'user', 'https://s3.amazonaws.com/uifaces/faces/twitter/rahmeen/128.jpg');
INSERT INTO part_time_ct VALUES ('Gunnar94@yahoo.com');
INSERT INTO pt_free_schedule VALUES ('Gunnar94@yahoo.com', '2020-11-05T04:08:57.433Z', '2021-04-30T19:55:44.542Z');

INSERT INTO person VALUES ('Bobbie_Greenfelder76@hotmail.com', 'Simeon Heaney', '$2b$10$6zqstqkVFK3sOVsYk6mwYOU/Lk4d9PldLGAjkk1irelMMzAvC1fc6', '0008 Hermiston Corner', 90422245, 'user', 'https://s3.amazonaws.com/uifaces/faces/twitter/kerem/128.jpg');
INSERT INTO credit_card VALUES (30554699539906, 'Bobbie_Greenfelder76@hotmail.com', '2022-08-24T19:45:30.016Z', 679);
INSERT INTO pet VALUES ('Lila', 'Bobbie_Greenfelder76@hotmail.com', 'Bearded Dragon', 'Sit alias hic numquam et voluptatibus natus consequatur est veniam.', 'Et reprehenderit ex minima.');
INSERT INTO pet VALUES ('Granville', 'Bobbie_Greenfelder76@hotmail.com', 'Pigeon', 'In non et distinctio.', 'Et reprehenderit eum voluptate voluptatum voluptatem.');
INSERT INTO pet VALUES ('Zoila', 'Bobbie_Greenfelder76@hotmail.com', 'Guinea Fowl', 'Eos laudantium similique ea eligendi.', 'Officia iure molestiae incidunt culpa qui soluta consequatur est.');
INSERT INTO part_time_ct VALUES ('Bobbie_Greenfelder76@hotmail.com');
INSERT INTO pt_free_schedule VALUES ('Bobbie_Greenfelder76@hotmail.com', '2020-11-04T20:52:43.105Z', '2021-10-15T18:49:29.366Z');
INSERT INTO pt_specializes_in VALUES ('Bobbie_Greenfelder76@hotmail.com', 'Chameleons (Veiled)', 10);
INSERT INTO pt_specializes_in VALUES ('Bobbie_Greenfelder76@hotmail.com', 'Duck', 14);
INSERT INTO pt_specializes_in VALUES ('Bobbie_Greenfelder76@hotmail.com', 'Goat', 7);

INSERT INTO person VALUES ('Layne.Leannon77@hotmail.com', 'Minnie Hartmann', '$2b$10$6zqstqkVFK3sOVsYk6mwYOTLN.jnKtiNR4WpiWTQ/OQSViqaqRdvq', '420 Ratke Prairie', 90363600, 'user', 'https://s3.amazonaws.com/uifaces/faces/twitter/herkulano/128.jpg');
INSERT INTO part_time_ct VALUES ('Layne.Leannon77@hotmail.com');
INSERT INTO pt_free_schedule VALUES ('Layne.Leannon77@hotmail.com', '2020-11-05T06:19:58.592Z', '2021-04-30T06:00:54.314Z');
INSERT INTO pt_specializes_in VALUES ('Layne.Leannon77@hotmail.com', 'Hamster', 1);

INSERT INTO person VALUES ('Arjun.Langworth@gmail.com', 'Rubie Nienow', '$2b$10$6zqstqkVFK3sOVsYk6mwYOiRfSQeyBRleXf35/D3XGmHArEtKiIwm', '76151 Milton Mills', 90902514, 'user', 'https://s3.amazonaws.com/uifaces/faces/twitter/jarsen/128.jpg');
INSERT INTO part_time_ct VALUES ('Arjun.Langworth@gmail.com');
INSERT INTO pt_free_schedule VALUES ('Arjun.Langworth@gmail.com', '2020-11-04T23:59:30.907Z', '2021-07-18T20:54:32.670Z');
INSERT INTO pt_specializes_in VALUES ('Arjun.Langworth@gmail.com', 'Cow', 3);
INSERT INTO pt_specializes_in VALUES ('Arjun.Langworth@gmail.com', 'Llama', 0);
INSERT INTO pt_specializes_in VALUES ('Arjun.Langworth@gmail.com', 'Peafowl', 17);

INSERT INTO person VALUES ('Barrett.Bailey23@yahoo.com', 'Dominic Bayer', '$2b$10$6zqstqkVFK3sOVsYk6mwYOx1yQrQmdHHVsRP73qPDWF9Usu4Vo4rS', '206 Braden Rue', 90128102, 'user', 'https://s3.amazonaws.com/uifaces/faces/twitter/uxward/128.jpg');

INSERT INTO person VALUES ('Doug_Labadie83@yahoo.com', 'Alta Keeling', '$2b$10$6zqstqkVFK3sOVsYk6mwYOuLvngqPt69oXlkWrxnSRDppwcq/.c8u', '28555 Bosco Vista', 90652041, 'user', 'https://s3.amazonaws.com/uifaces/faces/twitter/josevnclch/128.jpg');
INSERT INTO credit_card VALUES (6759932487917768, 'Doug_Labadie83@yahoo.com', '2020-11-25T06:40:45.907Z', 358);
INSERT INTO pet VALUES ('Parker', 'Doug_Labadie83@yahoo.com', 'Rabbit', 'Et vero hic error dignissimos.', 'Ipsa officiis dicta explicabo nostrum laborum.');
INSERT INTO pet VALUES ('Lupe', 'Doug_Labadie83@yahoo.com', 'Chinchilla', 'Iure doloribus sequi exercitationem enim.', 'Eos in delectus quas adipisci rerum quis quis velit quas.');
INSERT INTO pet VALUES ('Elinore', 'Doug_Labadie83@yahoo.com', 'Burro', 'Quo delectus qui vel quos.', 'Blanditiis delectus hic.');
INSERT INTO full_time_ct VALUES ('Doug_Labadie83@yahoo.com');
INSERT INTO ft_specializes_in VALUES ('Doug_Labadie83@yahoo.com', 'Horse', 18);
INSERT INTO ft_specializes_in VALUES ('Doug_Labadie83@yahoo.com', 'Rabbit', 15);

INSERT INTO person VALUES ('Lurline52@yahoo.com', 'Candelario Gutkowski', '$2b$10$6zqstqkVFK3sOVsYk6mwYOVxebfPEvVCnKWcKaI4yTxtHoo4927Ke', '153 Stiedemann Ville', 90686174, 'user', 'https://s3.amazonaws.com/uifaces/faces/twitter/jmillspaysbills/128.jpg');

INSERT INTO person VALUES ('Orlo_Waters42@gmail.com', 'Joel Wyman', '$2b$10$6zqstqkVFK3sOVsYk6mwYOXg/sI8Igo5eVc.Itx8aTGjV/SdufQiS', '6640 Kozey Junctions', 90870967, 'user', 'https://s3.amazonaws.com/uifaces/faces/twitter/tom_even/128.jpg');
INSERT INTO credit_card VALUES (6767574653978644, 'Orlo_Waters42@gmail.com', '2020-12-31T08:37:05.779Z', 666);
INSERT INTO pet VALUES ('Nicholaus', 'Orlo_Waters42@gmail.com', 'Rabbit', 'Et non voluptatibus dicta molestias consequatur et ullam.', 'Ab id odio expedita excepturi dignissimos fugiat.');
INSERT INTO full_time_ct VALUES ('Orlo_Waters42@gmail.com');
INSERT INTO ft_specializes_in VALUES ('Orlo_Waters42@gmail.com', 'Bearded Dragon', 0);
INSERT INTO ft_specializes_in VALUES ('Orlo_Waters42@gmail.com', 'Chinchilla', 12);

INSERT INTO person VALUES ('Brandt.Bashirian@yahoo.com', 'Logan Kozey', '$2b$10$6zqstqkVFK3sOVsYk6mwYOqi8SF83YNCTRqffHGUlhyg59x3KUn.i', '68671 Von Estate', 90301844, 'user', 'https://s3.amazonaws.com/uifaces/faces/twitter/loganjlambert/128.jpg');
INSERT INTO credit_card VALUES (30356687769012, 'Brandt.Bashirian@yahoo.com', '2024-08-27T08:58:47.330Z', 172);

INSERT INTO person VALUES ('Selena_Marvin@gmail.com', 'Garret Schneider', '$2b$10$6zqstqkVFK3sOVsYk6mwYOLsSCrKMktsPxU5Clv44g9OhpmwlzXsC', '9024 Noemi Prairie', 90637979, 'user', 'https://s3.amazonaws.com/uifaces/faces/twitter/cloudstudio/128.jpg');
INSERT INTO full_time_ct VALUES ('Selena_Marvin@gmail.com');
INSERT INTO ft_specializes_in VALUES ('Selena_Marvin@gmail.com', 'Guinea Fowl', 13);

INSERT INTO person VALUES ('Miller.Larkin5@yahoo.com', 'Anibal Greenholt', '$2b$10$6zqstqkVFK3sOVsYk6mwYOfEnmBfQKtzTnhJwiuRMzQbMqrm1mMt.', '06771 Jettie Oval', 90154332, 'user', 'https://s3.amazonaws.com/uifaces/faces/twitter/markjenkins/128.jpg');
INSERT INTO credit_card VALUES (6761107786038773, 'Miller.Larkin5@yahoo.com', '2023-06-12T00:20:05.909Z', 465);
INSERT INTO pet VALUES ('Ian', 'Miller.Larkin5@yahoo.com', 'Cat', 'Doloremque omnis in commodi at et molestiae culpa accusamus.', 'Ut rerum aut enim porro quia officiis.');
INSERT INTO pet VALUES ('April', 'Miller.Larkin5@yahoo.com', 'Hamster', 'Ea rerum itaque eos nulla voluptatem sint et quas nemo.', 'Omnis voluptate adipisci laboriosam qui in non.');
INSERT INTO full_time_ct VALUES ('Miller.Larkin5@yahoo.com');

INSERT INTO person VALUES ('Jada_Ritchie35@hotmail.com', 'Mallie Monahan', '$2b$10$6zqstqkVFK3sOVsYk6mwYO4ODWdFueVigN/BIYHTVjD1HMcMjlu5e', '8643 MacGyver Mountain', 90689297, 'user', 'https://s3.amazonaws.com/uifaces/faces/twitter/curiousonaut/128.jpg');

INSERT INTO person VALUES ('Laila79@gmail.com', 'River Baumbach', '$2b$10$6zqstqkVFK3sOVsYk6mwYOTzQd/ldsY2FwXrANucQVTAl06JJ.mq6', '8694 Madelyn Canyon', 90695330, 'user', 'https://s3.amazonaws.com/uifaces/faces/twitter/sprayaga/128.jpg');

INSERT INTO person VALUES ('Everett_Goyette@gmail.com', 'Owen Feeney', '$2b$10$6zqstqkVFK3sOVsYk6mwYOAfoO2beZ.cZ.g/aPo2LOQH7oLK/gXtS', '02670 Graham Drives', 90398219, 'user', 'https://s3.amazonaws.com/uifaces/faces/twitter/arishi_/128.jpg');

INSERT INTO person VALUES ('Raymond_Armstrong51@yahoo.com', 'Adolfo Bergstrom', '$2b$10$6zqstqkVFK3sOVsYk6mwYO7r/OL.uFmE3crMyxCMs4TXuQULffn5i', '4565 Blanche Mountains', 90130424, 'user', 'https://s3.amazonaws.com/uifaces/faces/twitter/jonkspr/128.jpg');
INSERT INTO credit_card VALUES (5147233429355795, 'Raymond_Armstrong51@yahoo.com', '2021-08-24T08:16:09.513Z', 408);
INSERT INTO pet VALUES ('Aniyah', 'Raymond_Armstrong51@yahoo.com', 'Gerbil', 'Odio amet maiores optio sed iste porro expedita sed consequatur.', 'Quisquam alias et ullam ad accusantium autem corrupti.');

INSERT INTO person VALUES ('Carleton_Feest49@gmail.com', 'Kaden Tromp', '$2b$10$6zqstqkVFK3sOVsYk6mwYOqWzZqp2WMjqSp1SjH6LmaQqKpJuVhmm', '8592 Hammes Center', 90161389, 'user', 'https://s3.amazonaws.com/uifaces/faces/twitter/ricburton/128.jpg');
INSERT INTO credit_card VALUES (3563795599990534, 'Carleton_Feest49@gmail.com', '2020-11-14T00:49:56.582Z', 576);
INSERT INTO part_time_ct VALUES ('Carleton_Feest49@gmail.com');
INSERT INTO pt_free_schedule VALUES ('Carleton_Feest49@gmail.com', '2020-11-05T10:36:21.249Z', '2021-05-15T12:49:34.828Z');
INSERT INTO pt_specializes_in VALUES ('Carleton_Feest49@gmail.com', 'Dog', 1);
INSERT INTO pt_specializes_in VALUES ('Carleton_Feest49@gmail.com', 'Goat', 7);

INSERT INTO person VALUES ('Eriberto_Toy70@gmail.com', 'Thurman Effertz', '$2b$10$6zqstqkVFK3sOVsYk6mwYOfcLMtZD.UlGlHYBlSywbeAHcS1YAqL.', '8464 Bryon Green', 90686467, 'user', 'https://s3.amazonaws.com/uifaces/faces/twitter/juangomezw/128.jpg');
INSERT INTO credit_card VALUES (6380333628607028, 'Eriberto_Toy70@gmail.com', '2020-11-22T02:32:46.473Z', 876);
INSERT INTO pet VALUES ('Kenton', 'Eriberto_Toy70@gmail.com', 'Chinchilla', 'Similique quis inventore cumque est explicabo cumque perspiciatis.', 'Ut et qui vitae aut nam provident eum corporis architecto.');
INSERT INTO pet VALUES ('Rosemarie', 'Eriberto_Toy70@gmail.com', 'Goat', 'Sint omnis illo.', 'Sed est illo pariatur dolores neque ea aut et.');

INSERT INTO person VALUES ('May_Reynolds@yahoo.com', 'Marguerite Abshire', '$2b$10$6zqstqkVFK3sOVsYk6mwYOXfhSRPLXxR1u/e/vkxmeqHv6rG9tisi', '719 Hane Ways', 90751495, 'user', 'https://s3.amazonaws.com/uifaces/faces/twitter/supjoey/128.jpg');

INSERT INTO person VALUES ('Charley.Legros@yahoo.com', 'Dulce Becker', '$2b$10$6zqstqkVFK3sOVsYk6mwYOs7uQJkqAOL..1P0V/I7SoIHwqhV0.z2', '6135 Lenna Landing', 90702234, 'user', 'https://s3.amazonaws.com/uifaces/faces/twitter/erwanhesry/128.jpg');
INSERT INTO credit_card VALUES (4750611897713, 'Charley.Legros@yahoo.com', '2022-03-20T14:12:57.697Z', 485);
INSERT INTO pet VALUES ('Kaden', 'Charley.Legros@yahoo.com', 'Peafowl', 'Ut et maxime quia aut omnis occaecati necessitatibus impedit.', 'Id quis consequuntur tempora saepe.');
INSERT INTO pet VALUES ('Mabelle', 'Charley.Legros@yahoo.com', 'Pigeon', 'Ut enim voluptates nihil aut aut aperiam praesentium et.', 'Voluptatem corrupti ratione et quia eos dolores aut architecto.');
INSERT INTO full_time_ct VALUES ('Charley.Legros@yahoo.com');
INSERT INTO ft_specializes_in VALUES ('Charley.Legros@yahoo.com', 'Burro', 14);

INSERT INTO person VALUES ('Collin_Murray@gmail.com', 'Elwyn Prosacco', '$2b$10$6zqstqkVFK3sOVsYk6mwYONgImfYrJNYs89Iv8ws6/YMnrHdEmXDa', '31822 Mayert Branch', 90550634, 'user', 'https://s3.amazonaws.com/uifaces/faces/twitter/dixchen/128.jpg');
INSERT INTO part_time_ct VALUES ('Collin_Murray@gmail.com');
INSERT INTO pt_free_schedule VALUES ('Collin_Murray@gmail.com', '2020-11-05T12:59:08.952Z', '2021-04-03T08:43:09.507Z');
INSERT INTO pt_specializes_in VALUES ('Collin_Murray@gmail.com', 'Chinese Water Dragon', 19);
INSERT INTO pt_specializes_in VALUES ('Collin_Murray@gmail.com', 'Mice', 2);

INSERT INTO person VALUES ('Veda98@gmail.com', 'Sheila Botsford', '$2b$10$6zqstqkVFK3sOVsYk6mwYOfiva/YbU7fqvbemyHUv0u.S2N0JJlCa', '1311 Kristy Squares', 90852349, 'user', 'https://s3.amazonaws.com/uifaces/faces/twitter/zvchkelly/128.jpg');
INSERT INTO credit_card VALUES (6709547445647626, 'Veda98@gmail.com', '2024-10-29T00:36:56.369Z', 564);
INSERT INTO full_time_ct VALUES ('Veda98@gmail.com');

INSERT INTO person VALUES ('Emely_Marquardt@hotmail.com', 'Angelo Dooley', '$2b$10$6zqstqkVFK3sOVsYk6mwYOTjILuyJwGXcScs8F26TM07LJPjD6x2.', '302 Edwardo Forest', 90654071, 'user', 'https://s3.amazonaws.com/uifaces/faces/twitter/g3d/128.jpg');
INSERT INTO part_time_ct VALUES ('Emely_Marquardt@hotmail.com');
INSERT INTO pt_free_schedule VALUES ('Emely_Marquardt@hotmail.com', '2020-11-05T06:44:41.838Z', '2021-02-16T05:23:57.400Z');
INSERT INTO pt_specializes_in VALUES ('Emely_Marquardt@hotmail.com', 'Gecko', 8);

INSERT INTO person VALUES ('Wade.Maggio15@hotmail.com', 'Haley Kunze', '$2b$10$6zqstqkVFK3sOVsYk6mwYO1GEbe9xmWCxCkyG9mR7s5aFsdRyMcUS', '6127 Predovic Meadows', 90089184, 'user', 'https://s3.amazonaws.com/uifaces/faces/twitter/eugeneeweb/128.jpg');

INSERT INTO person VALUES ('Dallin23@gmail.com', 'Alec Collier', '$2b$10$6zqstqkVFK3sOVsYk6mwYOl6gA8C8Vz9nI56CXVL0OhvUbjnaH1KW', '94629 Prohaska Trail', 90267229, 'user', 'https://s3.amazonaws.com/uifaces/faces/twitter/ostirbu/128.jpg');
INSERT INTO credit_card VALUES (6709790677178615, 'Dallin23@gmail.com', '2022-01-17T15:22:00.171Z', 122);
INSERT INTO pet VALUES ('Ebba', 'Dallin23@gmail.com', 'Rabbit', 'Qui odit ipsa consequatur hic vero enim nesciunt.', 'Debitis ullam voluptate reprehenderit dicta sequi officia.');
INSERT INTO pet VALUES ('Frederick', 'Dallin23@gmail.com', 'Lizard', 'Repellendus consequatur enim vero saepe odio corporis velit facere.', 'Est dolore voluptatibus ab.');

INSERT INTO person VALUES ('Seth43@gmail.com', 'Trycia Kautzer', '$2b$10$6zqstqkVFK3sOVsYk6mwYOqSzc2kjTOYXD/V8Hb3iJm8xCSAhF612', '809 Hartmann Fields', 90567719, 'user', 'https://s3.amazonaws.com/uifaces/faces/twitter/bobwassermann/128.jpg');
INSERT INTO credit_card VALUES (6759704331067158, 'Seth43@gmail.com', '2023-08-11T05:26:49.701Z', 816);
INSERT INTO pet VALUES ('Randi', 'Seth43@gmail.com', 'Rabbit', 'Quod eos unde dolor sit illo facere vitae.', 'Quia perspiciatis consequatur aut.');
INSERT INTO pet VALUES ('Garry', 'Seth43@gmail.com', 'Mule', 'Consequatur aut eaque nostrum maxime odio.', 'Numquam ut quia molestiae.');
INSERT INTO pet VALUES ('Tyler', 'Seth43@gmail.com', 'Goat', 'Cum maiores odio voluptas mollitia cumque dolor aut iste voluptas.', 'Suscipit assumenda fugiat.');

INSERT INTO person VALUES ('Anna_Herzog@gmail.com', 'Elise Nicolas', '$2b$10$6zqstqkVFK3sOVsYk6mwYOPMUNdmkJODddgpi7TnfIARL.th5.Ccm', '343 Reynolds Ridges', 90576749, 'user', 'https://s3.amazonaws.com/uifaces/faces/twitter/judzhin_miles/128.jpg');
INSERT INTO credit_card VALUES (6762150998831570, 'Anna_Herzog@gmail.com', '2023-07-03T07:00:55.259Z', 611);
INSERT INTO part_time_ct VALUES ('Anna_Herzog@gmail.com');
INSERT INTO pt_free_schedule VALUES ('Anna_Herzog@gmail.com', '2020-11-04T14:46:34.392Z', '2021-03-11T20:55:37.561Z');
INSERT INTO pt_specializes_in VALUES ('Anna_Herzog@gmail.com', 'Burro', 1);
INSERT INTO pt_specializes_in VALUES ('Anna_Herzog@gmail.com', 'Hog', 12);

INSERT INTO person VALUES ('Kolby43@hotmail.com', 'Brooke Dooley', '$2b$10$6zqstqkVFK3sOVsYk6mwYOsDubm9wdLgM4BZaQ3QjnxL55W.FBEaq', '29195 Adonis Dam', 90733667, 'user', 'https://s3.amazonaws.com/uifaces/faces/twitter/lisovsky/128.jpg');
INSERT INTO credit_card VALUES (5893361827229081, 'Kolby43@hotmail.com', '2021-04-15T21:15:39.379Z', 326);
INSERT INTO pet VALUES ('Tierra', 'Kolby43@hotmail.com', 'Pigeon', 'Voluptatem eligendi sapiente totam ullam perspiciatis omnis.', 'Qui natus ipsa inventore non.');

INSERT INTO person VALUES ('Bill_Rolfson41@yahoo.com', 'Kody Auer', '$2b$10$6zqstqkVFK3sOVsYk6mwYOT1Bo1InzZe9HMIQaqRDsfiMmfi7gcZ.', '292 Strosin Trafficway', 90500538, 'user', 'https://s3.amazonaws.com/uifaces/faces/twitter/bpartridge/128.jpg');
INSERT INTO credit_card VALUES (6767437156036510, 'Bill_Rolfson41@yahoo.com', '2022-01-14T18:43:15.918Z', 577);
INSERT INTO pet VALUES ('Gussie', 'Bill_Rolfson41@yahoo.com', 'Dog', 'Voluptatibus est animi expedita voluptates.', 'Dolorum enim quis quibusdam eum illum.');
INSERT INTO pet VALUES ('Laurence', 'Bill_Rolfson41@yahoo.com', 'Gecko', 'Nisi et debitis voluptatum amet autem.', 'Dolorem voluptatum minima neque est aliquam.');

INSERT INTO person VALUES ('Cruz40@hotmail.com', 'Hiram Leannon', '$2b$10$6zqstqkVFK3sOVsYk6mwYOSpCHpKbwPBlu./rRyxiqujq04ipdxKS', '5945 Davonte Corner', 90160609, 'user', 'https://s3.amazonaws.com/uifaces/faces/twitter/fabbrucci/128.jpg');

INSERT INTO person VALUES ('Arlo75@hotmail.com', 'Denis Powlowski', '$2b$10$6zqstqkVFK3sOVsYk6mwYOJtxwejnPvHEXQ/0IPDzGxFtMQmt6BhS', '0255 Gleason Gardens', 90672658, 'user', 'https://s3.amazonaws.com/uifaces/faces/twitter/joelcipriano/128.jpg');
INSERT INTO credit_card VALUES (5402526339977002, 'Arlo75@hotmail.com', '2021-05-15T04:25:30.294Z', 267);
INSERT INTO pet VALUES ('Jessie', 'Arlo75@hotmail.com', 'Fish', 'Consequatur corporis consectetur exercitationem.', 'Id sint eius esse.');
INSERT INTO pet VALUES ('Jedediah', 'Arlo75@hotmail.com', 'Chinese Water Dragon', 'Error libero non consequuntur eum.', 'Vel eum aut.');
INSERT INTO pet VALUES ('Ali', 'Arlo75@hotmail.com', 'Hog', 'Quos unde dolor consequatur.', 'Est enim animi deleniti.');

INSERT INTO person VALUES ('Kyle32@gmail.com', 'Marilyne Kautzer', '$2b$10$6zqstqkVFK3sOVsYk6mwYOlyPVNrvuN0J6/AmFnnVKwhKwKswJt36', '5308 Pagac Ferry', 90004421, 'user', 'https://s3.amazonaws.com/uifaces/faces/twitter/thehacker/128.jpg');
INSERT INTO credit_card VALUES (36790373639026, 'Kyle32@gmail.com', '2021-11-11T22:55:10.177Z', 269);
INSERT INTO pet VALUES ('Alessia', 'Kyle32@gmail.com', 'Geese (Chinese Swan Goose)', 'Optio itaque sit temporibus molestiae id.', 'Laboriosam nulla nesciunt explicabo qui et.');
INSERT INTO pet VALUES ('Mario', 'Kyle32@gmail.com', 'Chameleons (Veiled)', 'Vel ad est vitae unde soluta unde illum.', 'Cumque ut nisi id dolorem impedit quibusdam omnis explicabo qui.');
INSERT INTO pet VALUES ('Myrna', 'Kyle32@gmail.com', 'Cow', 'Eos minima doloremque ut impedit.', 'Ea atque nobis aut maxime.');

INSERT INTO person VALUES ('Wilma.Lemke37@gmail.com', 'Buster Rogahn', '$2b$10$6zqstqkVFK3sOVsYk6mwYOjbPIOxc3tiZXBhIKWzjiNxmOZV541mm', '0216 Marvin Tunnel', 90187508, 'user', 'https://s3.amazonaws.com/uifaces/faces/twitter/mattsapii/128.jpg');

INSERT INTO person VALUES ('Akeem2@yahoo.com', 'Elfrieda Spencer', '$2b$10$6zqstqkVFK3sOVsYk6mwYOaxd5jLu6bevq2SpSurHt0Al7VIw1WEO', '476 Jayne Row', 90316034, 'user', 'https://s3.amazonaws.com/uifaces/faces/twitter/mattdetails/128.jpg');
INSERT INTO credit_card VALUES (6771735520123864, 'Akeem2@yahoo.com', '2021-08-11T07:42:49.851Z', 319);
INSERT INTO pet VALUES ('Roy', 'Akeem2@yahoo.com', 'Donkey', 'Et veritatis dolores.', 'Est modi fugit et quia voluptatem eos accusantium.');
INSERT INTO pet VALUES ('Vito', 'Akeem2@yahoo.com', 'Ponie', 'Iste minima voluptatum ea.', 'Est eveniet distinctio suscipit repudiandae sed voluptas porro reprehenderit aut.');
INSERT INTO part_time_ct VALUES ('Akeem2@yahoo.com');
INSERT INTO pt_free_schedule VALUES ('Akeem2@yahoo.com', '2020-11-05T12:52:42.379Z', '2021-03-05T20:11:52.704Z');
INSERT INTO pt_specializes_in VALUES ('Akeem2@yahoo.com', 'Cow', 4);
INSERT INTO pt_specializes_in VALUES ('Akeem2@yahoo.com', 'Gerbil', 15);

INSERT INTO person VALUES ('Ella57@yahoo.com', 'Trever Goldner', '$2b$10$6zqstqkVFK3sOVsYk6mwYO8L17B7ehl1MRK6.ETnkfAfYFoy8XQRK', '0091 Adeline Terrace', 90401979, 'user', 'https://s3.amazonaws.com/uifaces/faces/twitter/swaplord/128.jpg');
INSERT INTO full_time_ct VALUES ('Ella57@yahoo.com');
INSERT INTO ft_specializes_in VALUES ('Ella57@yahoo.com', 'Chinese Water Dragon', 6);

INSERT INTO person VALUES ('Marcelo91@yahoo.com', 'Bria Heidenreich', '$2b$10$6zqstqkVFK3sOVsYk6mwYOZKsMr7oGPyNjDfmrLA56oQxzPWGnwlq', '5858 Reinger Glen', 90127019, 'user', 'https://s3.amazonaws.com/uifaces/faces/twitter/bigmancho/128.jpg');
INSERT INTO full_time_ct VALUES ('Marcelo91@yahoo.com');
INSERT INTO ft_specializes_in VALUES ('Marcelo91@yahoo.com', 'Chameleons (Veiled)', 0);
INSERT INTO ft_specializes_in VALUES ('Marcelo91@yahoo.com', 'Chinchilla', 4);
INSERT INTO ft_specializes_in VALUES ('Marcelo91@yahoo.com', 'Donkey', 7);

INSERT INTO person VALUES ('Clemens_Collins40@hotmail.com', 'Kelly Goyette', '$2b$10$6zqstqkVFK3sOVsYk6mwYOtzJ8rDjgsObGXw8hcme4P5MFPbSuOaW', '0859 Agnes Divide', 90088512, 'user', 'https://s3.amazonaws.com/uifaces/faces/twitter/rahmeen/128.jpg');
INSERT INTO credit_card VALUES (6709764871555148, 'Clemens_Collins40@hotmail.com', '2023-05-05T22:28:37.366Z', 491);
INSERT INTO pet VALUES ('Madisen', 'Clemens_Collins40@hotmail.com', 'Pigeon', 'Necessitatibus quod nam numquam soluta magni quia et.', 'Quis laborum aut praesentium.');
INSERT INTO pet VALUES ('Alan', 'Clemens_Collins40@hotmail.com', 'Donkey', 'Aspernatur officiis sed amet quia temporibus quo.', 'Similique laboriosam qui quas.');

INSERT INTO person VALUES ('Kaylie_Renner@yahoo.com', 'Jayde Jacobi', '$2b$10$6zqstqkVFK3sOVsYk6mwYOjos6.Tsg0muF/1YKtRDpv4WDoUlAH4q', '34390 Denesik Camp', 90041209, 'user', 'https://s3.amazonaws.com/uifaces/faces/twitter/iamjdeleon/128.jpg');
INSERT INTO credit_card VALUES (36015915506004, 'Kaylie_Renner@yahoo.com', '2022-05-20T22:44:43.580Z', 111);

INSERT INTO person VALUES ('Lisandro31@hotmail.com', 'Chad Morissette', '$2b$10$6zqstqkVFK3sOVsYk6mwYOYyc98iOoaSa9Xy8o8uN1i7EStxeUIuG', '289 Marvin Stravenue', 90441018, 'user', 'https://s3.amazonaws.com/uifaces/faces/twitter/charliegann/128.jpg');
INSERT INTO credit_card VALUES (6397615983718934, 'Lisandro31@hotmail.com', '2021-10-30T15:18:20.735Z', 724);
INSERT INTO pet VALUES ('Jesse', 'Lisandro31@hotmail.com', 'Peafowl', 'Optio aut sed veniam nisi.', 'Error est corrupti sed libero veniam voluptas quia est.');
INSERT INTO full_time_ct VALUES ('Lisandro31@hotmail.com');
INSERT INTO ft_specializes_in VALUES ('Lisandro31@hotmail.com', 'Geese (Chinese Swan Goose)', 13);

INSERT INTO person VALUES ('Jaunita_Kuvalis69@hotmail.com', 'Allan Ferry', '$2b$10$6zqstqkVFK3sOVsYk6mwYOr0aBFfMcw2v6Rh2OYKuNDI9AKsr5ZjC', '13520 Mack Crest', 90259940, 'user', 'https://s3.amazonaws.com/uifaces/faces/twitter/ahmetalpbalkan/128.jpg');

INSERT INTO person VALUES ('Karelle_Botsford7@yahoo.com', 'Deven Williamson', '$2b$10$6zqstqkVFK3sOVsYk6mwYOHDfci31gJscJ0lkyAXQnD.hMDbUTTo.', '3677 Lucas Ridge', 90354368, 'user', 'https://s3.amazonaws.com/uifaces/faces/twitter/looneydoodle/128.jpg');
INSERT INTO full_time_ct VALUES ('Karelle_Botsford7@yahoo.com');

INSERT INTO person VALUES ('Sadye_Stroman@hotmail.com', 'Maxine Barton', '$2b$10$6zqstqkVFK3sOVsYk6mwYOsWnZxjOK0OqcEsTrMdabkshW2GcU/Zu', '37600 Pfeffer River', 90628791, 'user', 'https://s3.amazonaws.com/uifaces/faces/twitter/haydn_woods/128.jpg');

INSERT INTO person VALUES ('Jett.Treutel0@yahoo.com', 'Evie Durgan', '$2b$10$6zqstqkVFK3sOVsYk6mwYOygmBaZM53b0z9IW7FipC/YpueG58UOO', '22950 Gwendolyn Mill', 90076061, 'user', 'https://s3.amazonaws.com/uifaces/faces/twitter/yalozhkin/128.jpg');
INSERT INTO full_time_ct VALUES ('Jett.Treutel0@yahoo.com');

INSERT INTO person VALUES ('Ebba.Lang@gmail.com', 'Chandler Huels', '$2b$10$6zqstqkVFK3sOVsYk6mwYO/gBhpfAJt9GBJkt53u2/KdCuOqC8WcW', '718 Oberbrunner Roads', 90510318, 'user', 'https://s3.amazonaws.com/uifaces/faces/twitter/falvarad/128.jpg');

INSERT INTO person VALUES ('Cordelia25@hotmail.com', 'Herta Rosenbaum', '$2b$10$6zqstqkVFK3sOVsYk6mwYOSb31UsPVTQt/ihoyKk3dCMSH9AAzU2a', '54641 Botsford Ford', 90967131, 'user', 'https://s3.amazonaws.com/uifaces/faces/twitter/ajaxy_ru/128.jpg');

INSERT INTO person VALUES ('Kim.Hartmann81@yahoo.com', 'Shaina Hauck', '$2b$10$6zqstqkVFK3sOVsYk6mwYOFL780lOb1FF1lovpLFIMQLVZEBRmJTG', '0358 Hamill Street', 90666258, 'user', 'https://s3.amazonaws.com/uifaces/faces/twitter/tumski/128.jpg');
INSERT INTO part_time_ct VALUES ('Kim.Hartmann81@yahoo.com');
INSERT INTO pt_free_schedule VALUES ('Kim.Hartmann81@yahoo.com', '2020-11-05T02:39:32.091Z', '2021-10-07T06:10:03.221Z');
INSERT INTO pt_specializes_in VALUES ('Kim.Hartmann81@yahoo.com', 'Donkey', 1);
INSERT INTO pt_specializes_in VALUES ('Kim.Hartmann81@yahoo.com', 'Hog', 0);

INSERT INTO person VALUES ('Kendra_Goldner@gmail.com', 'Gretchen Boehm', '$2b$10$6zqstqkVFK3sOVsYk6mwYOCJaBpQonminGtEcWIi1J7fahq2kIX92', '05151 Jerde Ports', 90242638, 'user', 'https://s3.amazonaws.com/uifaces/faces/twitter/tom_even/128.jpg');
INSERT INTO credit_card VALUES (379014381156591, 'Kendra_Goldner@gmail.com', '2025-01-27T14:42:34.878Z', 877);
INSERT INTO pet VALUES ('Nigel', 'Kendra_Goldner@gmail.com', 'Llama', 'In repellat doloremque nulla aspernatur ea rerum.', 'Dolor rem voluptatem.');
INSERT INTO full_time_ct VALUES ('Kendra_Goldner@gmail.com');
INSERT INTO ft_specializes_in VALUES ('Kendra_Goldner@gmail.com', 'Pigeon', 0);

INSERT INTO person VALUES ('Hayley.Murazik78@yahoo.com', 'Patsy Murazik', '$2b$10$6zqstqkVFK3sOVsYk6mwYOfsDCIfGcqMNWrVuR7g8o6Od3g9usGeW', '50663 Trey Trafficway', 90646884, 'user', 'https://s3.amazonaws.com/uifaces/faces/twitter/rpeezy/128.jpg');
INSERT INTO credit_card VALUES (5038846486226841, 'Hayley.Murazik78@yahoo.com', '2023-04-23T03:40:53.761Z', 045);
INSERT INTO pet VALUES ('Rafael', 'Hayley.Murazik78@yahoo.com', 'Hamster', 'Eos eos sed sed dolorum laudantium.', 'Consectetur sequi velit quisquam quibusdam earum tempore recusandae reiciendis.');
INSERT INTO pet VALUES ('Demetrius', 'Hayley.Murazik78@yahoo.com', 'Guinea Pig', 'Est consectetur ut magni.', 'Et eligendi quas voluptatem et.');

INSERT INTO person VALUES ('Della69@gmail.com', 'Kole Bergnaum', '$2b$10$6zqstqkVFK3sOVsYk6mwYOs8ZYD5jIdPr8S2qMtjhGfHR7klrVvYa', '8647 Marielle Meadows', 90396103, 'user', 'https://s3.amazonaws.com/uifaces/faces/twitter/findingjenny/128.jpg');
INSERT INTO part_time_ct VALUES ('Della69@gmail.com');
INSERT INTO pt_free_schedule VALUES ('Della69@gmail.com', '2020-11-04T16:18:08.946Z', '2021-01-10T03:14:06.600Z');
INSERT INTO pt_specializes_in VALUES ('Della69@gmail.com', 'Chinchilla', 1);
INSERT INTO pt_specializes_in VALUES ('Della69@gmail.com', 'Hedgehog', 11);
INSERT INTO pt_specializes_in VALUES ('Della69@gmail.com', 'Iguana', 13);

INSERT INTO person VALUES ('Duane.Pollich22@yahoo.com', 'Mona Langworth', '$2b$10$6zqstqkVFK3sOVsYk6mwYO2EN9KePj1xNmh/.47AnujZNu8G89RAe', '742 Hettinger Square', 90016074, 'user', 'https://s3.amazonaws.com/uifaces/faces/twitter/yehudab/128.jpg');
INSERT INTO credit_card VALUES (30362035793662, 'Duane.Pollich22@yahoo.com', '2022-04-22T16:28:14.590Z', 477);
INSERT INTO full_time_ct VALUES ('Duane.Pollich22@yahoo.com');
INSERT INTO ft_specializes_in VALUES ('Duane.Pollich22@yahoo.com', 'Iguana', 1);
INSERT INTO ft_specializes_in VALUES ('Duane.Pollich22@yahoo.com', 'Pigeon', 14);

INSERT INTO person VALUES ('Eduardo43@yahoo.com', 'Jazmyn Willms', '$2b$10$6zqstqkVFK3sOVsYk6mwYODGsyfxEWYlc7aE8u3n/3NTBjmvlPqRC', '35811 VonRueden Place', 90419788, 'user', 'https://s3.amazonaws.com/uifaces/faces/twitter/rob_thomas10/128.jpg');
INSERT INTO full_time_ct VALUES ('Eduardo43@yahoo.com');
INSERT INTO ft_specializes_in VALUES ('Eduardo43@yahoo.com', 'Burro', 16);
INSERT INTO ft_specializes_in VALUES ('Eduardo43@yahoo.com', 'Cat', 17);

INSERT INTO person VALUES ('Talon.Homenick79@gmail.com', 'Casimir Bergstrom', '$2b$10$6zqstqkVFK3sOVsYk6mwYO8BWk9HvnhzQistnnadLI0kfyZn62tYO', '4417 Mitchell Courts', 90510247, 'user', 'https://s3.amazonaws.com/uifaces/faces/twitter/mighty55/128.jpg');
INSERT INTO credit_card VALUES (3529507034804411, 'Talon.Homenick79@gmail.com', '2024-02-07T13:17:12.140Z', 914);
INSERT INTO pet VALUES ('Amari', 'Talon.Homenick79@gmail.com', 'Dog', 'Voluptatibus magni ex a excepturi dolores exercitationem est quis.', 'Molestiae ex inventore explicabo aut qui.');
INSERT INTO pet VALUES ('Sasha', 'Talon.Homenick79@gmail.com', 'Bearded Dragon', 'Aut exercitationem a.', 'Quisquam aut tenetur laudantium enim et amet magni.');
INSERT INTO part_time_ct VALUES ('Talon.Homenick79@gmail.com');
INSERT INTO pt_free_schedule VALUES ('Talon.Homenick79@gmail.com', '2020-11-04T22:47:21.999Z', '2021-03-02T02:31:29.969Z');

INSERT INTO person VALUES ('Kaci_Morissette@hotmail.com', 'Erich Lynch', '$2b$10$6zqstqkVFK3sOVsYk6mwYO6VHsWYH.mYktH97sXLH/TXmUIVtStNy', '649 Beatty Path', 90833168, 'user', 'https://s3.amazonaws.com/uifaces/faces/twitter/larrygerard/128.jpg');
INSERT INTO credit_card VALUES (5893752880489702, 'Kaci_Morissette@hotmail.com', '2021-01-27T23:13:08.451Z', 491);
INSERT INTO pet VALUES ('Aniyah', 'Kaci_Morissette@hotmail.com', 'Peafowl', 'Qui est numquam totam tempora.', 'Dolor est ut facere sequi delectus sed fuga.');
INSERT INTO pet VALUES ('Jett', 'Kaci_Morissette@hotmail.com', 'Mule', 'Aut enim voluptatibus voluptatum quasi eaque voluptatem modi laudantium.', 'Sapiente nisi ea veritatis saepe perspiciatis laudantium.');

INSERT INTO person VALUES ('Leo.Simonis79@hotmail.com', 'Gianni Mohr', '$2b$10$6zqstqkVFK3sOVsYk6mwYONUVu0owdymBDO8YV4E4H8D7UIMNjxRu', '950 Lila Groves', 90846721, 'user', 'https://s3.amazonaws.com/uifaces/faces/twitter/artvavs/128.jpg');
INSERT INTO full_time_ct VALUES ('Leo.Simonis79@hotmail.com');
INSERT INTO ft_specializes_in VALUES ('Leo.Simonis79@hotmail.com', 'Goat', 18);
INSERT INTO ft_specializes_in VALUES ('Leo.Simonis79@hotmail.com', 'Mice', 1);
INSERT INTO ft_specializes_in VALUES ('Leo.Simonis79@hotmail.com', 'Rabbit', 18);

INSERT INTO person VALUES ('Andreane.Wehner@yahoo.com', 'Carson VonRueden', '$2b$10$6zqstqkVFK3sOVsYk6mwYOjS7GioMbXt6Qgh9dkUWyzq7dbvlbU3C', '27731 Corkery Loop', 90402434, 'user', 'https://s3.amazonaws.com/uifaces/faces/twitter/pyronite/128.jpg');
INSERT INTO credit_card VALUES (5329926421470791, 'Andreane.Wehner@yahoo.com', '2021-09-28T09:41:52.735Z', 089);
INSERT INTO pet VALUES ('Jasmin', 'Andreane.Wehner@yahoo.com', 'Mice', 'Fugiat quas id quos qui molestiae a recusandae iusto magnam.', 'Consequatur pariatur ut delectus dolorum perferendis.');

INSERT INTO person VALUES ('Gianni.Senger45@hotmail.com', 'Dylan Barton', '$2b$10$6zqstqkVFK3sOVsYk6mwYOnzgefe5Ly7HrOnT5DYuekjuqQAMWJtW', '276 Thiel Camp', 90162063, 'user', 'https://s3.amazonaws.com/uifaces/faces/twitter/supervova/128.jpg');

INSERT INTO person VALUES ('Tina.Mraz@hotmail.com', 'Frances Mitchell', '$2b$10$6zqstqkVFK3sOVsYk6mwYO89oYldcUIruo3tBauCGrVnMGPdsd9v.', '502 Fay Lake', 90960718, 'user', 'https://s3.amazonaws.com/uifaces/faces/twitter/alxndrustinov/128.jpg');
INSERT INTO credit_card VALUES (6767770997155534, 'Tina.Mraz@hotmail.com', '2022-09-05T12:10:46.438Z', 991);
INSERT INTO pet VALUES ('Zena', 'Tina.Mraz@hotmail.com', 'Chameleons (Veiled)', 'Nihil maxime repudiandae voluptatum ut.', 'Sequi officia cum qui iste.');
INSERT INTO pet VALUES ('Newell', 'Tina.Mraz@hotmail.com', 'Chicken', 'Doloribus at eaque eaque iste delectus dolor et illo.', 'Cumque totam commodi et nihil dolor labore reiciendis expedita.');
INSERT INTO part_time_ct VALUES ('Tina.Mraz@hotmail.com');
INSERT INTO pt_free_schedule VALUES ('Tina.Mraz@hotmail.com', '2020-11-04T21:55:18.608Z', '2021-06-14T03:51:43.541Z');
INSERT INTO pt_specializes_in VALUES ('Tina.Mraz@hotmail.com', 'Chinchilla', 11);
INSERT INTO pt_specializes_in VALUES ('Tina.Mraz@hotmail.com', 'Gerbil', 8);
INSERT INTO pt_specializes_in VALUES ('Tina.Mraz@hotmail.com', 'Guinea Pig', 5);

INSERT INTO person VALUES ('Bethel84@yahoo.com', 'Vergie Franecki', '$2b$10$6zqstqkVFK3sOVsYk6mwYOwc/DjePYY.uGL8yofS51ccAnFGJfW2S', '68312 Marcelle Shoal', 90035947, 'user', 'https://s3.amazonaws.com/uifaces/faces/twitter/itskawsar/128.jpg');
INSERT INTO part_time_ct VALUES ('Bethel84@yahoo.com');
INSERT INTO pt_free_schedule VALUES ('Bethel84@yahoo.com', '2020-11-05T02:48:10.437Z', '2021-01-31T17:54:18.527Z');
INSERT INTO pt_specializes_in VALUES ('Bethel84@yahoo.com', 'Bird', 11);
INSERT INTO pt_specializes_in VALUES ('Bethel84@yahoo.com', 'Chinese Water Dragon', 0);
INSERT INTO pt_specializes_in VALUES ('Bethel84@yahoo.com', 'Iguana', 2);

INSERT INTO person VALUES ('Buster_Ledner73@gmail.com', 'Marcella Metz', '$2b$10$6zqstqkVFK3sOVsYk6mwYOqoEg4bcPh/OofXTd9QeEQZFAh3RDPXi', '59169 Jamil Port', 90745048, 'user', 'https://s3.amazonaws.com/uifaces/faces/twitter/robinclediere/128.jpg');

INSERT INTO person VALUES ('Clark_Langworth@gmail.com', 'Brock Grady', '$2b$10$6zqstqkVFK3sOVsYk6mwYO8D2FbQ6.piOThIhCzgLo/hvJOPnaXg6', '528 Hilario Islands', 90273190, 'user', 'https://s3.amazonaws.com/uifaces/faces/twitter/arashmanteghi/128.jpg');
INSERT INTO credit_card VALUES (5453985902798187, 'Clark_Langworth@gmail.com', '2021-06-29T10:46:59.274Z', 698);
INSERT INTO part_time_ct VALUES ('Clark_Langworth@gmail.com');
INSERT INTO pt_free_schedule VALUES ('Clark_Langworth@gmail.com', '2020-11-05T00:43:10.590Z', '2021-07-19T19:00:36.960Z');

INSERT INTO person VALUES ('Fabian.Wehner50@gmail.com', 'Shayna OConner', '$2b$10$6zqstqkVFK3sOVsYk6mwYOj8zmhw2AGWUocMvMii.SASSMghtIUpS', '28682 Carlo Summit', 90415418, 'user', 'https://s3.amazonaws.com/uifaces/faces/twitter/sweetdelisa/128.jpg');
INSERT INTO credit_card VALUES (6493626190050575, 'Fabian.Wehner50@gmail.com', '2021-07-05T04:14:29.257Z', 434);
INSERT INTO pet VALUES ('Michale', 'Fabian.Wehner50@gmail.com', 'Chicken', 'Sunt quasi laboriosam.', 'Fugiat sint libero consequuntur a saepe non dignissimos voluptatem quasi.');
INSERT INTO full_time_ct VALUES ('Fabian.Wehner50@gmail.com');
INSERT INTO ft_specializes_in VALUES ('Fabian.Wehner50@gmail.com', 'Fish', 9);

INSERT INTO person VALUES ('Chanel_King80@yahoo.com', 'Kayleigh Weissnat', '$2b$10$6zqstqkVFK3sOVsYk6mwYOWNvqopvvNYrJoCTuNnPJbFyexhufR1K', '90016 Kautzer Way', 90620482, 'user', 'https://s3.amazonaws.com/uifaces/faces/twitter/afusinatto/128.jpg');
INSERT INTO part_time_ct VALUES ('Chanel_King80@yahoo.com');
INSERT INTO pt_free_schedule VALUES ('Chanel_King80@yahoo.com', '2020-11-05T12:27:54.033Z', '2021-09-24T17:21:47.072Z');

INSERT INTO person VALUES ('Jordyn15@hotmail.com', 'Eloisa Buckridge', '$2b$10$6zqstqkVFK3sOVsYk6mwYOCIwFPu.pv/hTctcSaKFC3N2r..HYKQa', '6460 Wintheiser Prairie', 90631346, 'user', 'https://s3.amazonaws.com/uifaces/faces/twitter/joaoedumedeiros/128.jpg');
INSERT INTO full_time_ct VALUES ('Jordyn15@hotmail.com');
INSERT INTO ft_specializes_in VALUES ('Jordyn15@hotmail.com', 'Ferret', 3);

INSERT INTO person VALUES ('Althea.Champlin@yahoo.com', 'Rossie Weber', '$2b$10$6zqstqkVFK3sOVsYk6mwYO6Ol98NbQcGJt3aKvUCBGMxLsl9hTJ5e', '68218 Queen Canyon', 90999928, 'user', 'https://s3.amazonaws.com/uifaces/faces/twitter/mrmartineau/128.jpg');
INSERT INTO credit_card VALUES (6771976262332060, 'Althea.Champlin@yahoo.com', '2023-09-24T15:58:37.488Z', 554);
INSERT INTO pet VALUES ('Johan', 'Althea.Champlin@yahoo.com', 'Chinchilla', 'Necessitatibus illo perspiciatis sequi asperiores nesciunt omnis quo laudantium vel.', 'Vel explicabo rerum dolorum quo repellendus culpa est voluptatibus.');

INSERT INTO person VALUES ('Max.Mueller@hotmail.com', 'Marjolaine Predovic', '$2b$10$6zqstqkVFK3sOVsYk6mwYO6hVfBxvrCfPKxfF5nqyGD3N0isVAOfO', '481 Homenick Hill', 90204347, 'user', 'https://s3.amazonaws.com/uifaces/faces/twitter/grahamkennery/128.jpg');
INSERT INTO full_time_ct VALUES ('Max.Mueller@hotmail.com');
INSERT INTO ft_specializes_in VALUES ('Max.Mueller@hotmail.com', 'Cow', 9);

INSERT INTO person VALUES ('Wilhelm.Buckridge@yahoo.com', 'Guy Dooley', '$2b$10$6zqstqkVFK3sOVsYk6mwYO.c1L4Nwbq7g.0PeMK7HT9F0OML.GdQm', '775 Lewis Trail', 90744785, 'user', 'https://s3.amazonaws.com/uifaces/faces/twitter/devinhalladay/128.jpg');
INSERT INTO credit_card VALUES (372037686891791, 'Wilhelm.Buckridge@yahoo.com', '2021-10-21T10:40:07.159Z', 940);

INSERT INTO person VALUES ('Kailee_Schulist@yahoo.com', 'Elvie Schaden', '$2b$10$6zqstqkVFK3sOVsYk6mwYOunb6faPHQXAKtzpi63t8.6vLkjWyrh6', '22152 Johnston Neck', 90072572, 'user', 'https://s3.amazonaws.com/uifaces/faces/twitter/designervzm/128.jpg');
INSERT INTO part_time_ct VALUES ('Kailee_Schulist@yahoo.com');
INSERT INTO pt_free_schedule VALUES ('Kailee_Schulist@yahoo.com', '2020-11-04T23:26:13.954Z', '2021-05-14T19:21:15.656Z');
INSERT INTO pt_specializes_in VALUES ('Kailee_Schulist@yahoo.com', 'Burro', 13);
INSERT INTO pt_specializes_in VALUES ('Kailee_Schulist@yahoo.com', 'Chinchilla', 10);
INSERT INTO pt_specializes_in VALUES ('Kailee_Schulist@yahoo.com', 'Gecko', 0);

INSERT INTO person VALUES ('Colby68@gmail.com', 'Bret Murray', '$2b$10$6zqstqkVFK3sOVsYk6mwYOMVwHaRSPotTd5NizGcdj6tT3qdTDsEy', '53543 Marlee Mews', 90024284, 'user', 'https://s3.amazonaws.com/uifaces/faces/twitter/grahamkennery/128.jpg');
INSERT INTO credit_card VALUES (6381320566136434, 'Colby68@gmail.com', '2021-04-06T08:53:28.796Z', 605);
INSERT INTO pet VALUES ('Reynold', 'Colby68@gmail.com', 'Llama', 'Incidunt voluptas aperiam quis.', 'Sapiente quidem voluptatem harum quos ea iste blanditiis facere.');
INSERT INTO pet VALUES ('Esmeralda', 'Colby68@gmail.com', 'Gecko', 'Quasi natus recusandae magni aliquid incidunt voluptas.', 'Consectetur officiis qui voluptatem nulla voluptatem qui.');
INSERT INTO pet VALUES ('Malika', 'Colby68@gmail.com', 'Hamster', 'At qui odit doloribus optio voluptates necessitatibus consectetur cum.', 'Quo a et.');

INSERT INTO person VALUES ('Micah_Ziemann@gmail.com', 'Nikko Klocko', '$2b$10$6zqstqkVFK3sOVsYk6mwYO8821oP/hZLJP.xAiYi/WI.j2t7e5A.C', '1726 Chauncey Groves', 90777965, 'user', 'https://s3.amazonaws.com/uifaces/faces/twitter/waghner/128.jpg');
INSERT INTO part_time_ct VALUES ('Micah_Ziemann@gmail.com');
INSERT INTO pt_free_schedule VALUES ('Micah_Ziemann@gmail.com', '2020-11-04T18:41:08.348Z', '2021-09-08T06:59:55.342Z');
INSERT INTO pt_specializes_in VALUES ('Micah_Ziemann@gmail.com', 'Burro', 13);
INSERT INTO pt_specializes_in VALUES ('Micah_Ziemann@gmail.com', 'Gerbil', 11);
INSERT INTO pt_specializes_in VALUES ('Micah_Ziemann@gmail.com', 'Lizard', 8);

INSERT INTO person VALUES ('Ines50@gmail.com', 'Haskell Anderson', '$2b$10$6zqstqkVFK3sOVsYk6mwYO6kCXfViBqFwndmiFNoo9xzadnIGFkHe', '86665 Dorothy Tunnel', 90456043, 'user', 'https://s3.amazonaws.com/uifaces/faces/twitter/matt3224/128.jpg');
INSERT INTO credit_card VALUES (4121939158991195, 'Ines50@gmail.com', '2021-09-26T04:07:54.444Z', 285);
INSERT INTO pet VALUES ('Isabelle', 'Ines50@gmail.com', 'Fish', 'Quos est repellat accusamus quam et dolor.', 'Eos delectus magnam.');
INSERT INTO pet VALUES ('Billie', 'Ines50@gmail.com', 'Chicken', 'Praesentium ut porro et excepturi vitae impedit neque.', 'Amet commodi officia voluptatem et ipsam.');

INSERT INTO person VALUES ('Alysha.Greenfelder@yahoo.com', 'Lilla Nienow', '$2b$10$6zqstqkVFK3sOVsYk6mwYOoQk.pDmmq/Hfit9r26zoRVpQbYeEcM6', '303 Schmitt Plaza', 90317592, 'user', 'https://s3.amazonaws.com/uifaces/faces/twitter/albertaugustin/128.jpg');
INSERT INTO credit_card VALUES (5893622430063293, 'Alysha.Greenfelder@yahoo.com', '2024-09-21T23:23:45.023Z', 826);
INSERT INTO pet VALUES ('Hoyt', 'Alysha.Greenfelder@yahoo.com', 'Hog', 'Aspernatur quo cumque dolor distinctio dolorem non.', 'Est itaque tempore nisi tempore id.');
INSERT INTO pet VALUES ('Anne', 'Alysha.Greenfelder@yahoo.com', 'Burro', 'Dolores modi sit quidem nemo.', 'Velit rerum necessitatibus.');

INSERT INTO person VALUES ('Wiley.Monahan88@hotmail.com', 'Melvina Runolfsson', '$2b$10$6zqstqkVFK3sOVsYk6mwYOtFLQN3BMs6L7SZ/.A76LupHEM/LfpoO', '9442 White Ford', 90551836, 'user', 'https://s3.amazonaws.com/uifaces/faces/twitter/vytautas_a/128.jpg');
INSERT INTO part_time_ct VALUES ('Wiley.Monahan88@hotmail.com');
INSERT INTO pt_free_schedule VALUES ('Wiley.Monahan88@hotmail.com', '2020-11-05T00:53:16.743Z', '2021-07-17T02:04:07.451Z');
INSERT INTO pt_specializes_in VALUES ('Wiley.Monahan88@hotmail.com', 'Burro', 6);
INSERT INTO pt_specializes_in VALUES ('Wiley.Monahan88@hotmail.com', 'Fish', 16);
INSERT INTO pt_specializes_in VALUES ('Wiley.Monahan88@hotmail.com', 'Gerbil', 18);

INSERT INTO person VALUES ('Dangelo81@hotmail.com', 'Dominique Davis', '$2b$10$6zqstqkVFK3sOVsYk6mwYO8PBChe.8ezzc8SNCtl8AaG3cCZ5kvTy', '485 Montana Flats', 90426356, 'user', 'https://s3.amazonaws.com/uifaces/faces/twitter/samscouto/128.jpg');

INSERT INTO person VALUES ('Price.Denesik99@yahoo.com', 'Christina Runolfsdottir', '$2b$10$6zqstqkVFK3sOVsYk6mwYOg4CJreF2YEaIPlUEoHIGl1vu1wKWzZ.', '745 Cecile Parkways', 90804921, 'user', 'https://s3.amazonaws.com/uifaces/faces/twitter/zvchkelly/128.jpg');
INSERT INTO part_time_ct VALUES ('Price.Denesik99@yahoo.com');
INSERT INTO pt_free_schedule VALUES ('Price.Denesik99@yahoo.com', '2020-11-05T02:01:31.653Z', '2021-06-06T14:37:29.857Z');
INSERT INTO pt_specializes_in VALUES ('Price.Denesik99@yahoo.com', 'Ferret', 4);
INSERT INTO pt_specializes_in VALUES ('Price.Denesik99@yahoo.com', 'Gerbil', 6);
INSERT INTO pt_specializes_in VALUES ('Price.Denesik99@yahoo.com', 'Hamster', 13);

INSERT INTO person VALUES ('Rosalinda.Parker89@gmail.com', 'Antwon Kunze', '$2b$10$6zqstqkVFK3sOVsYk6mwYOsmk52QwcUPG31LMajtn6i6Ak3JuCV1a', '5104 Hahn Mall', 90157553, 'user', 'https://s3.amazonaws.com/uifaces/faces/twitter/wtrsld/128.jpg');

INSERT INTO person VALUES ('Lyda_Langworth5@hotmail.com', 'Jeffry Abshire', '$2b$10$6zqstqkVFK3sOVsYk6mwYOq4PBNnuCZEXcBtXzL9LVWctwrxXcAUm', '82726 Mckenna Manors', 90804835, 'user', 'https://s3.amazonaws.com/uifaces/faces/twitter/souperphly/128.jpg');

INSERT INTO person VALUES ('Mona9@yahoo.com', 'Emmanuel Hoppe', '$2b$10$6zqstqkVFK3sOVsYk6mwYON9EgrZS/INnjUTvnmtiLEeql55E9nQm', '493 Tressie Park', 90426308, 'user', 'https://s3.amazonaws.com/uifaces/faces/twitter/liminha/128.jpg');
INSERT INTO credit_card VALUES (6372077895917317, 'Mona9@yahoo.com', '2022-03-27T00:31:17.449Z', 258);

INSERT INTO person VALUES ('Hadley_McCullough@hotmail.com', 'Juston Lebsack', '$2b$10$6zqstqkVFK3sOVsYk6mwYOnhqB7SWPXtEsq2C9jo6mQ4XqH0SwUMq', '45632 Rowena Lane', 90908518, 'user', 'https://s3.amazonaws.com/uifaces/faces/twitter/colgruv/128.jpg');

INSERT INTO person VALUES ('Itzel_Bosco20@gmail.com', 'Alford Stanton', '$2b$10$6zqstqkVFK3sOVsYk6mwYOkTboYpVhlU3oA47SDpVUcYpcVl.slJG', '107 Robel Ridges', 90642508, 'user', 'https://s3.amazonaws.com/uifaces/faces/twitter/lvovenok/128.jpg');
INSERT INTO full_time_ct VALUES ('Itzel_Bosco20@gmail.com');
INSERT INTO ft_specializes_in VALUES ('Itzel_Bosco20@gmail.com', 'Gecko', 20);
INSERT INTO ft_specializes_in VALUES ('Itzel_Bosco20@gmail.com', 'Geese (Chinese Swan Goose)', 2);
INSERT INTO ft_specializes_in VALUES ('Itzel_Bosco20@gmail.com', 'Llama', 3);

INSERT INTO person VALUES ('Alan.Deckow@gmail.com', 'Norene Kunze', '$2b$10$6zqstqkVFK3sOVsYk6mwYOinVS9TtWqplVCfOFZDUZ4.tBvVXZMzy', '2319 Carlee Field', 90829410, 'user', 'https://s3.amazonaws.com/uifaces/faces/twitter/YoungCutlass/128.jpg');
INSERT INTO part_time_ct VALUES ('Alan.Deckow@gmail.com');
INSERT INTO pt_free_schedule VALUES ('Alan.Deckow@gmail.com', '2020-11-04T17:20:37.948Z', '2021-10-16T10:26:51.307Z');
INSERT INTO pt_specializes_in VALUES ('Alan.Deckow@gmail.com', 'Donkey', 17);
INSERT INTO pt_specializes_in VALUES ('Alan.Deckow@gmail.com', 'Peafowl', 14);

INSERT INTO person VALUES ('Virgie_Kihn@hotmail.com', 'Jeramie Turcotte', '$2b$10$6zqstqkVFK3sOVsYk6mwYOmJ77oOc3zWUO9YJmite2/u9LgfOfn/m', '13626 Robb Summit', 90573567, 'user', 'https://s3.amazonaws.com/uifaces/faces/twitter/psaikali/128.jpg');

INSERT INTO person VALUES ('Gabriella_Ledner@hotmail.com', 'Deanna Lind', '$2b$10$6zqstqkVFK3sOVsYk6mwYOrXdiAc1B/3pfXLIZt6td5ra6lOohfLe', '3911 Keebler Plains', 90167427, 'user', 'https://s3.amazonaws.com/uifaces/faces/twitter/akmur/128.jpg');

INSERT INTO person VALUES ('Alta.Ryan@gmail.com', 'Dane Mante', '$2b$10$6zqstqkVFK3sOVsYk6mwYOWtbjWds/Ppzf9BDM/Twb5stN3.aamIe', '363 Madyson Pike', 90392450, 'user', 'https://s3.amazonaws.com/uifaces/faces/twitter/mashaaaaal/128.jpg');
INSERT INTO credit_card VALUES (5893560277180317, 'Alta.Ryan@gmail.com', '2022-02-15T22:29:23.702Z', 890);
INSERT INTO pet VALUES ('Jana', 'Alta.Ryan@gmail.com', 'Cow', 'Nihil non fugiat ut facere.', 'Quaerat voluptas praesentium est maxime.');
INSERT INTO pet VALUES ('Vernice', 'Alta.Ryan@gmail.com', 'Chinchilla', 'Molestiae quis praesentium rerum iure esse eaque suscipit et.', 'Quasi voluptas ut ipsa quod.');
INSERT INTO pet VALUES ('Myrl', 'Alta.Ryan@gmail.com', 'Duck', 'Aut eos sapiente et maxime vel fugit placeat.', 'Repellat accusantium et doloribus.');
INSERT INTO full_time_ct VALUES ('Alta.Ryan@gmail.com');
INSERT INTO ft_specializes_in VALUES ('Alta.Ryan@gmail.com', 'Goat', 0);

INSERT INTO person VALUES ('Jensen_Watsica@gmail.com', 'Bridie Murray', '$2b$10$6zqstqkVFK3sOVsYk6mwYO6fE6cQQ1lpMGAp.W611SnVGsXtkQQTW', '265 Anibal Locks', 90813185, 'user', 'https://s3.amazonaws.com/uifaces/faces/twitter/danmartin70/128.jpg');
INSERT INTO part_time_ct VALUES ('Jensen_Watsica@gmail.com');
INSERT INTO pt_free_schedule VALUES ('Jensen_Watsica@gmail.com', '2020-11-05T05:02:24.086Z', '2021-01-28T04:21:15.326Z');
INSERT INTO pt_specializes_in VALUES ('Jensen_Watsica@gmail.com', 'Dog', 6);
INSERT INTO pt_specializes_in VALUES ('Jensen_Watsica@gmail.com', 'Gecko', 12);

INSERT INTO person VALUES ('Ramon24@yahoo.com', 'Pearline Wolff', '$2b$10$6zqstqkVFK3sOVsYk6mwYOYi/Bua1WvSsom2JkljgT71DpsaEsWvu', '802 Adeline Dale', 90927210, 'user', 'https://s3.amazonaws.com/uifaces/faces/twitter/okcoker/128.jpg');
INSERT INTO credit_card VALUES (5382045280500945, 'Ramon24@yahoo.com', '2022-04-13T15:42:20.489Z', 964);
INSERT INTO pet VALUES ('Josianne', 'Ramon24@yahoo.com', 'Hamster', 'Id accusantium et consequatur.', 'Corporis reprehenderit repudiandae animi eum soluta.');
INSERT INTO pet VALUES ('Maeve', 'Ramon24@yahoo.com', 'Burro', 'Beatae ea voluptas debitis saepe et qui iure consequatur recusandae.', 'Dolore aliquid qui sed similique illo.');
INSERT INTO pet VALUES ('Marques', 'Ramon24@yahoo.com', 'Guinea Fowl', 'Nemo possimus est aperiam quia est cupiditate sed.', 'Ut dolor et quod.');

INSERT INTO person VALUES ('Derrick68@yahoo.com', 'Whitney Hansen', '$2b$10$6zqstqkVFK3sOVsYk6mwYOBdVR.V6UlMSO0CB6lQe4TDgNg.Vq0q6', '87111 Watsica Terrace', 90817252, 'user', 'https://s3.amazonaws.com/uifaces/faces/twitter/incubo82/128.jpg');
INSERT INTO full_time_ct VALUES ('Derrick68@yahoo.com');
INSERT INTO ft_specializes_in VALUES ('Derrick68@yahoo.com', 'Cat', 7);
INSERT INTO ft_specializes_in VALUES ('Derrick68@yahoo.com', 'Pigeon', 6);

INSERT INTO person VALUES ('Lavon_Dickinson62@gmail.com', 'Willard Kohler', '$2b$10$6zqstqkVFK3sOVsYk6mwYOpYqQ3bcZjNsGSP786YwRQOjJTWxj0Xi', '209 Matilde Wells', 90786191, 'user', 'https://s3.amazonaws.com/uifaces/faces/twitter/kvasnic/128.jpg');
INSERT INTO credit_card VALUES (4574739985075, 'Lavon_Dickinson62@gmail.com', '2021-11-15T06:38:20.622Z', 015);

INSERT INTO person VALUES ('Zachary45@yahoo.com', 'Buck Lueilwitz', '$2b$10$6zqstqkVFK3sOVsYk6mwYOfqPEcWPG7RifEIwXl.5Slb.qry3ur2K', '697 Libbie Ville', 90967022, 'user', 'https://s3.amazonaws.com/uifaces/faces/twitter/kennyadr/128.jpg');
INSERT INTO full_time_ct VALUES ('Zachary45@yahoo.com');
INSERT INTO ft_specializes_in VALUES ('Zachary45@yahoo.com', 'Hedgehog', 20);
INSERT INTO ft_specializes_in VALUES ('Zachary45@yahoo.com', 'Mice', 0);

INSERT INTO person VALUES ('Ozella.Conn@yahoo.com', 'Florine Anderson', '$2b$10$6zqstqkVFK3sOVsYk6mwYOu6xsovBu9vgoq5UL61KjhV8KOou4yuy', '0696 Dewitt Cape', 90687731, 'user', 'https://s3.amazonaws.com/uifaces/faces/twitter/ooomz/128.jpg');
INSERT INTO part_time_ct VALUES ('Ozella.Conn@yahoo.com');
INSERT INTO pt_free_schedule VALUES ('Ozella.Conn@yahoo.com', '2020-11-05T04:52:50.165Z', '2021-02-11T06:09:47.979Z');

INSERT INTO person VALUES ('Kassandra.Murphy@gmail.com', 'Aaron Wehner', '$2b$10$6zqstqkVFK3sOVsYk6mwYO/p4rgQ/Su4ZvSYEOO2BdKnXfaNfJ5Di', '55175 Ernser Inlet', 90676523, 'user', 'https://s3.amazonaws.com/uifaces/faces/twitter/el_fuertisimo/128.jpg');
INSERT INTO credit_card VALUES (6011460901215273, 'Kassandra.Murphy@gmail.com', '2023-11-28T17:23:48.122Z', 745);
INSERT INTO pet VALUES ('Raven', 'Kassandra.Murphy@gmail.com', 'Mice', 'Et itaque eum enim repellendus laboriosam.', 'Eligendi id optio amet adipisci.');
INSERT INTO pet VALUES ('Stephany', 'Kassandra.Murphy@gmail.com', 'Pigeon', 'Nulla rerum accusantium fuga illum hic voluptatem.', 'Temporibus et expedita et possimus consequatur eos dolores.');
INSERT INTO pet VALUES ('Zion', 'Kassandra.Murphy@gmail.com', 'Hamster', 'Fugit nulla repellat eos cum illo voluptas corporis.', 'Facilis ut eveniet eos ut.');

INSERT INTO person VALUES ('Breanne34@gmail.com', 'Leland Langosh', '$2b$10$6zqstqkVFK3sOVsYk6mwYOBP.qQYbWETf.3LNgoSUv10h6M2CHAba', '4542 Alessandra Harbors', 90605202, 'user', 'https://s3.amazonaws.com/uifaces/faces/twitter/nerdgr8/128.jpg');
INSERT INTO full_time_ct VALUES ('Breanne34@gmail.com');
INSERT INTO ft_specializes_in VALUES ('Breanne34@gmail.com', 'Chameleons (Veiled)', 8);

INSERT INTO person VALUES ('Violette_Auer40@gmail.com', 'Treva McLaughlin', '$2b$10$6zqstqkVFK3sOVsYk6mwYORH6rF6wuaPUGKuiL3SvZM2WJMWyh9eO', '58142 Andrew Prairie', 90631960, 'user', 'https://s3.amazonaws.com/uifaces/faces/twitter/bolzanmarco/128.jpg');
INSERT INTO full_time_ct VALUES ('Violette_Auer40@gmail.com');
INSERT INTO ft_specializes_in VALUES ('Violette_Auer40@gmail.com', 'Mice', 12);

INSERT INTO person VALUES ('Abe60@hotmail.com', 'Franz Smitham', '$2b$10$6zqstqkVFK3sOVsYk6mwYOOY.9Ip7s0PYSBiPCQ.wVsufIlntg3oi', '381 Towne Shoal', 90255366, 'user', 'https://s3.amazonaws.com/uifaces/faces/twitter/nilshelmersson/128.jpg');
INSERT INTO part_time_ct VALUES ('Abe60@hotmail.com');
INSERT INTO pt_free_schedule VALUES ('Abe60@hotmail.com', '2020-11-04T18:56:49.652Z', '2021-01-14T06:34:54.206Z');
INSERT INTO pt_specializes_in VALUES ('Abe60@hotmail.com', 'Bird', 17);
INSERT INTO pt_specializes_in VALUES ('Abe60@hotmail.com', 'Horse', 7);

INSERT INTO person VALUES ('Cristobal_Tromp63@yahoo.com', 'Chad Reichel', '$2b$10$6zqstqkVFK3sOVsYk6mwYOJOHQUKqv/aG6uTJLHbHGXl8lOKiQCgC', '47751 Walter Path', 90996748, 'user', 'https://s3.amazonaws.com/uifaces/faces/twitter/matt3224/128.jpg');
INSERT INTO credit_card VALUES (375995820961862, 'Cristobal_Tromp63@yahoo.com', '2020-12-19T01:15:59.951Z', 677);

INSERT INTO person VALUES ('Amya9@yahoo.com', 'Nedra Kassulke', '$2b$10$6zqstqkVFK3sOVsYk6mwYO9vNQTw9l7P11iifDVdxXj4w5baBcgoW', '0772 Karlee Groves', 90947002, 'user', 'https://s3.amazonaws.com/uifaces/faces/twitter/gregrwilkinson/128.jpg');

INSERT INTO person VALUES ('Helene.Kovacek77@hotmail.com', 'Sallie Vandervort', '$2b$10$6zqstqkVFK3sOVsYk6mwYO3rnVlW2S.yO1AnVUYifOtBWecmgh476', '56370 Schroeder Greens', 90523060, 'user', 'https://s3.amazonaws.com/uifaces/faces/twitter/tobysaxon/128.jpg');
INSERT INTO full_time_ct VALUES ('Helene.Kovacek77@hotmail.com');
INSERT INTO ft_specializes_in VALUES ('Helene.Kovacek77@hotmail.com', 'Mice', 6);

INSERT INTO person VALUES ('Rocky_Parisian@yahoo.com', 'Caleb Orn', '$2b$10$6zqstqkVFK3sOVsYk6mwYOCVXnO3KaUiJcbn9Zmrk3qAkdtAUK8Fm', '393 McGlynn Springs', 90702376, 'user', 'https://s3.amazonaws.com/uifaces/faces/twitter/maikelk/128.jpg');

INSERT INTO person VALUES ('Max_Stiedemann84@hotmail.com', 'Martine Hammes', '$2b$10$6zqstqkVFK3sOVsYk6mwYOupHN6I9unmyXOSAtY69kOYhCidhbQCy', '6290 Balistreri Ridge', 90001853, 'user', 'https://s3.amazonaws.com/uifaces/faces/twitter/longlivemyword/128.jpg');
INSERT INTO credit_card VALUES (6304092507724644, 'Max_Stiedemann84@hotmail.com', '2022-06-06T05:07:45.999Z', 306);
INSERT INTO pet VALUES ('Giovanny', 'Max_Stiedemann84@hotmail.com', 'Iguana', 'Iure aut non deserunt odit.', 'Quo delectus dignissimos ea minima quam rerum quos at quis.');
INSERT INTO pet VALUES ('Alexander', 'Max_Stiedemann84@hotmail.com', 'Bird', 'Similique cumque iure quo cumque non expedita aut aperiam aut.', 'Ipsum earum maiores sed voluptas nemo id nisi laboriosam rerum.');
INSERT INTO pet VALUES ('Stefan', 'Max_Stiedemann84@hotmail.com', 'Pig', 'Enim cum consequuntur.', 'Autem et totam ut quia soluta sit autem pariatur.');
INSERT INTO full_time_ct VALUES ('Max_Stiedemann84@hotmail.com');

INSERT INTO person VALUES ('Thora.Lynch@yahoo.com', 'Albina Smitham', '$2b$10$6zqstqkVFK3sOVsYk6mwYONsLefERlP70/nh3yB4edq.yQBNhyUsu', '20960 Brendon Lakes', 90648727, 'user', 'https://s3.amazonaws.com/uifaces/faces/twitter/jimmuirhead/128.jpg');
INSERT INTO full_time_ct VALUES ('Thora.Lynch@yahoo.com');
INSERT INTO ft_specializes_in VALUES ('Thora.Lynch@yahoo.com', 'Burro', 9);

INSERT INTO person VALUES ('Catalina62@hotmail.com', 'Eleazar Blick', '$2b$10$6zqstqkVFK3sOVsYk6mwYOlT8XqoXXPUR4QWcCsgTm/tqIMnnYm1K', '7410 Brekke Crossing', 90092016, 'user', 'https://s3.amazonaws.com/uifaces/faces/twitter/vc27/128.jpg');
INSERT INTO full_time_ct VALUES ('Catalina62@hotmail.com');
INSERT INTO ft_specializes_in VALUES ('Catalina62@hotmail.com', 'Gerbil', 9);
INSERT INTO ft_specializes_in VALUES ('Catalina62@hotmail.com', 'Pot Bellied Pig', 16);
INSERT INTO ft_specializes_in VALUES ('Catalina62@hotmail.com', 'Rabbit', 11);

INSERT INTO person VALUES ('Major_Stehr27@hotmail.com', 'Matt Terry', '$2b$10$6zqstqkVFK3sOVsYk6mwYOaz7vw5eJkirPPzMTRaZXX0HILg2jr02', '965 Sawayn Square', 90996702, 'user', 'https://s3.amazonaws.com/uifaces/faces/twitter/brenmurrell/128.jpg');
INSERT INTO part_time_ct VALUES ('Major_Stehr27@hotmail.com');
INSERT INTO pt_free_schedule VALUES ('Major_Stehr27@hotmail.com', '2020-11-05T10:23:34.175Z', '2021-03-06T03:30:33.975Z');

INSERT INTO person VALUES ('Vern_Mayer2@yahoo.com', 'Candida Deckow', '$2b$10$6zqstqkVFK3sOVsYk6mwYOsvN55lnNBITuIKL.Km30KIQEX14tsTe', '37087 Dandre Corners', 90826068, 'user', 'https://s3.amazonaws.com/uifaces/faces/twitter/davidsasda/128.jpg');

INSERT INTO person VALUES ('Andrew28@yahoo.com', 'Columbus Mohr', '$2b$10$6zqstqkVFK3sOVsYk6mwYOSAZUwfPD2GxM7BklNlmLugpmEH./fOG', '982 Lexie Underpass', 90080689, 'user', 'https://s3.amazonaws.com/uifaces/faces/twitter/davidsasda/128.jpg');

INSERT INTO person VALUES ('Linwood36@yahoo.com', 'Lulu Aufderhar', '$2b$10$6zqstqkVFK3sOVsYk6mwYOC9C9r5Uez6LalgNK7ek3uwLmGDQkOfC', '1973 Gleichner Expressway', 90506436, 'user', 'https://s3.amazonaws.com/uifaces/faces/twitter/ipavelek/128.jpg');
INSERT INTO credit_card VALUES (6709036367265306, 'Linwood36@yahoo.com', '2021-10-29T14:16:49.756Z', 365);
INSERT INTO part_time_ct VALUES ('Linwood36@yahoo.com');
INSERT INTO pt_free_schedule VALUES ('Linwood36@yahoo.com', '2020-11-04T16:30:37.984Z', '2021-06-25T11:11:14.062Z');
INSERT INTO pt_specializes_in VALUES ('Linwood36@yahoo.com', 'Hog', 9);

INSERT INTO person VALUES ('Marvin99@hotmail.com', 'Damian Nikolaus', '$2b$10$6zqstqkVFK3sOVsYk6mwYOoQU6XO7HTsG3ulEPcLqqdH0THtNvSEK', '048 McCullough Plains', 90195242, 'user', 'https://s3.amazonaws.com/uifaces/faces/twitter/chrisslowik/128.jpg');
INSERT INTO full_time_ct VALUES ('Marvin99@hotmail.com');
INSERT INTO ft_specializes_in VALUES ('Marvin99@hotmail.com', 'Chameleons (Veiled)', 17);
INSERT INTO ft_specializes_in VALUES ('Marvin99@hotmail.com', 'Gerbil', 20);

INSERT INTO person VALUES ('Rigoberto.Torp89@gmail.com', 'Fabian Kuphal', '$2b$10$6zqstqkVFK3sOVsYk6mwYO3b2XTbSoJTEtDNs9mXjSAvmpgfHr8nu', '995 Bahringer Canyon', 90336066, 'user', 'https://s3.amazonaws.com/uifaces/faces/twitter/nwdsha/128.jpg');

INSERT INTO person VALUES ('Muriel.Lang28@gmail.com', 'Edison Bednar', '$2b$10$6zqstqkVFK3sOVsYk6mwYOt7HeVJhTK1.tnOVB2gXLVeCQvgBmRoy', '265 Lionel Points', 90824109, 'user', 'https://s3.amazonaws.com/uifaces/faces/twitter/gizmeedevil1991/128.jpg');
INSERT INTO credit_card VALUES (36999712995845, 'Muriel.Lang28@gmail.com', '2021-06-22T13:53:50.652Z', 345);
INSERT INTO pet VALUES ('Michale', 'Muriel.Lang28@gmail.com', 'Chinese Water Dragon', 'Soluta consequatur ullam exercitationem provident.', 'Pariatur omnis nobis reprehenderit omnis dicta.');
INSERT INTO pet VALUES ('Eldora', 'Muriel.Lang28@gmail.com', 'Iguana', 'Et nobis velit iusto tenetur.', 'Illo veritatis magni et quia.');
INSERT INTO pet VALUES ('Meda', 'Muriel.Lang28@gmail.com', 'Iguana', 'Iste ut molestias.', 'Non vero corrupti optio ullam tempora necessitatibus facere.');

INSERT INTO person VALUES ('Kayleigh94@gmail.com', 'Gino Towne', '$2b$10$6zqstqkVFK3sOVsYk6mwYO/Q2JQRtd1bX7QEqpDdRFVrboNuwfQh2', '68121 Gage Hollow', 90310235, 'user', 'https://s3.amazonaws.com/uifaces/faces/twitter/instalox/128.jpg');
INSERT INTO credit_card VALUES (6011620981752486, 'Kayleigh94@gmail.com', '2024-05-11T16:33:57.234Z', 851);
INSERT INTO pet VALUES ('Oma', 'Kayleigh94@gmail.com', 'Pigeon', 'Necessitatibus saepe fugit labore.', 'Reprehenderit rerum delectus consequuntur qui quia rerum omnis.');
INSERT INTO pet VALUES ('Irwin', 'Kayleigh94@gmail.com', 'Duck', 'Optio aliquam doloribus provident est quis perferendis.', 'Quos quia tempore quis molestiae.');
INSERT INTO pet VALUES ('Vernie', 'Kayleigh94@gmail.com', 'Rabbit', 'Et et laudantium deleniti quae magni.', 'Enim libero rerum possimus deleniti.');
INSERT INTO full_time_ct VALUES ('Kayleigh94@gmail.com');
INSERT INTO ft_specializes_in VALUES ('Kayleigh94@gmail.com', 'Chameleons (Veiled)', 8);

INSERT INTO person VALUES ('Ebba_Towne@gmail.com', 'Eula Morar', '$2b$10$6zqstqkVFK3sOVsYk6mwYOLZ43kceXErqlOMl5HcMrK2u9K5Lin/q', '4432 Sipes Mission', 90980757, 'user', 'https://s3.amazonaws.com/uifaces/faces/twitter/hugomano/128.jpg');

INSERT INTO person VALUES ('Andres94@gmail.com', 'Emory Halvorson', '$2b$10$6zqstqkVFK3sOVsYk6mwYOSra9yJQXoA7HKjaOh6aNWXjwK1.jYnS', '104 Rippin Cliff', 90369216, 'user', 'https://s3.amazonaws.com/uifaces/faces/twitter/rehatkathuria/128.jpg');
INSERT INTO part_time_ct VALUES ('Andres94@gmail.com');
INSERT INTO pt_free_schedule VALUES ('Andres94@gmail.com', '2020-11-05T00:23:27.742Z', '2021-09-09T17:48:11.458Z');
INSERT INTO pt_specializes_in VALUES ('Andres94@gmail.com', 'Donkey', 1);
INSERT INTO pt_specializes_in VALUES ('Andres94@gmail.com', 'Mule', 10);

INSERT INTO person VALUES ('Martina35@hotmail.com', 'Shany Fisher', '$2b$10$6zqstqkVFK3sOVsYk6mwYOcqA.mrXqeZXZXyNNRsUNObqegSzizgy', '722 Jazlyn Key', 90300827, 'user', 'https://s3.amazonaws.com/uifaces/faces/twitter/nilshoenson/128.jpg');
INSERT INTO credit_card VALUES (6011629990139085, 'Martina35@hotmail.com', '2021-04-01T06:31:55.546Z', 296);
INSERT INTO pet VALUES ('William', 'Martina35@hotmail.com', 'Horse', 'Perferendis voluptates et voluptas quam aut consequuntur nam dicta.', 'Illo repudiandae iure nesciunt.');
INSERT INTO pet VALUES ('Lenore', 'Martina35@hotmail.com', 'Gerbil', 'Itaque nulla sit libero ut aut.', 'Minus perspiciatis dolor.');
INSERT INTO pet VALUES ('Rickey', 'Martina35@hotmail.com', 'Ponie', 'Molestiae dolores in voluptatem numquam iste ea vel omnis.', 'Voluptatum vel dolor voluptas.');

INSERT INTO person VALUES ('Josh_Kuhn55@gmail.com', 'Arely Torp', '$2b$10$6zqstqkVFK3sOVsYk6mwYOBJE9gZchmRbKvW7Vx4JZTxdDEOB2BeO', '6133 Littel Island', 90826297, 'user', 'https://s3.amazonaws.com/uifaces/faces/twitter/emileboudeling/128.jpg');

INSERT INTO person VALUES ('Lennie_Strosin79@yahoo.com', 'Eryn Fadel', '$2b$10$6zqstqkVFK3sOVsYk6mwYOQSqyWX9JTDHe4TbYsIFMGRjDeWVjuXq', '050 Legros Place', 90279956, 'user', 'https://s3.amazonaws.com/uifaces/faces/twitter/strikewan/128.jpg');
INSERT INTO part_time_ct VALUES ('Lennie_Strosin79@yahoo.com');
INSERT INTO pt_free_schedule VALUES ('Lennie_Strosin79@yahoo.com', '2020-11-05T11:28:13.508Z', '2021-10-06T12:59:45.716Z');

INSERT INTO person VALUES ('Percival.Langosh36@gmail.com', 'Vicky Spinka', '$2b$10$6zqstqkVFK3sOVsYk6mwYOss7qovd3EdcTzcrO7gX9B1S8HlLNAo6', '7518 Rogahn Knoll', 90740156, 'user', 'https://s3.amazonaws.com/uifaces/faces/twitter/ilya_pestov/128.jpg');

INSERT INTO person VALUES ('Riley20@yahoo.com', 'Clifford Lockman', '$2b$10$6zqstqkVFK3sOVsYk6mwYOVWFWNHnbGaq1OCyfgUzriOEAnJ3QL52', '37732 Reichert Station', 90381177, 'user', 'https://s3.amazonaws.com/uifaces/faces/twitter/themadray/128.jpg');
INSERT INTO credit_card VALUES (374310546904637, 'Riley20@yahoo.com', '2022-12-07T13:38:39.660Z', 281);
INSERT INTO part_time_ct VALUES ('Riley20@yahoo.com');
INSERT INTO pt_free_schedule VALUES ('Riley20@yahoo.com', '2020-11-04T17:16:21.761Z', '2021-08-15T08:14:23.334Z');
INSERT INTO pt_specializes_in VALUES ('Riley20@yahoo.com', 'Guinea Fowl', 0);

INSERT INTO person VALUES ('Ahmad80@gmail.com', 'Darrin Keebler', '$2b$10$6zqstqkVFK3sOVsYk6mwYOn6Qv815s3cSCouQ/PFese/grdJ.YzP2', '205 Annabel Tunnel', 90928794, 'user', 'https://s3.amazonaws.com/uifaces/faces/twitter/michaelcolenso/128.jpg');
INSERT INTO full_time_ct VALUES ('Ahmad80@gmail.com');
INSERT INTO ft_specializes_in VALUES ('Ahmad80@gmail.com', 'Bird', 3);
INSERT INTO ft_specializes_in VALUES ('Ahmad80@gmail.com', 'Chicken', 14);
INSERT INTO ft_specializes_in VALUES ('Ahmad80@gmail.com', 'Pot Bellied Pig', 0);

INSERT INTO person VALUES ('Alexandria82@gmail.com', 'Dina Waters', '$2b$10$6zqstqkVFK3sOVsYk6mwYO51arWPXVEDPRJV9lsi42ivo9CGeqGNi', '74712 Sipes Meadows', 90634558, 'user', 'https://s3.amazonaws.com/uifaces/faces/twitter/bboy1895/128.jpg');

INSERT INTO person VALUES ('Jolie_Mosciski@yahoo.com', 'Burnice Kuhic', '$2b$10$6zqstqkVFK3sOVsYk6mwYOwPX0TK48C2ExE6p4jig.65Kd4ZyYypm', '59525 Ramiro Port', 90369989, 'user', 'https://s3.amazonaws.com/uifaces/faces/twitter/peachananr/128.jpg');
INSERT INTO credit_card VALUES (371339405725699, 'Jolie_Mosciski@yahoo.com', '2021-02-07T14:09:48.187Z', 689);
INSERT INTO pet VALUES ('Jaclyn', 'Jolie_Mosciski@yahoo.com', 'Cat', 'Doloremque porro necessitatibus laboriosam et consequatur.', 'Voluptate quibusdam quibusdam quasi aut iure sequi consequatur aliquid repudiandae.');
INSERT INTO pet VALUES ('Anabel', 'Jolie_Mosciski@yahoo.com', 'Hedgehog', 'Et deleniti atque voluptate modi unde illum.', 'Non soluta rerum non culpa voluptatem.');
INSERT INTO pet VALUES ('Bulah', 'Jolie_Mosciski@yahoo.com', 'Chinchilla', 'Minus architecto reprehenderit expedita nisi animi labore ut voluptatem qui.', 'Dicta sunt qui ut et aliquam quaerat sint.');
INSERT INTO part_time_ct VALUES ('Jolie_Mosciski@yahoo.com');
INSERT INTO pt_free_schedule VALUES ('Jolie_Mosciski@yahoo.com', '2020-11-05T05:51:30.880Z', '2021-04-16T06:41:34.418Z');
INSERT INTO pt_specializes_in VALUES ('Jolie_Mosciski@yahoo.com', 'Chinchilla', 9);
INSERT INTO pt_specializes_in VALUES ('Jolie_Mosciski@yahoo.com', 'Hedgehog', 13);
INSERT INTO pt_specializes_in VALUES ('Jolie_Mosciski@yahoo.com', 'Mice', 18);

INSERT INTO person VALUES ('Crystel.Pfeffer51@hotmail.com', 'Alexander Raynor', '$2b$10$6zqstqkVFK3sOVsYk6mwYOsZ9xcbkPnpGZDSP.B6KxTVb55M21e0m', '0421 Marquardt Terrace', 90016613, 'user', 'https://s3.amazonaws.com/uifaces/faces/twitter/ryankirkman/128.jpg');
INSERT INTO credit_card VALUES (345612548329584, 'Crystel.Pfeffer51@hotmail.com', '2020-12-28T21:20:04.440Z', 499);
INSERT INTO pet VALUES ('Cayla', 'Crystel.Pfeffer51@hotmail.com', 'Peafowl', 'Sint necessitatibus alias.', 'Officiis ullam cupiditate laboriosam est ut aut dicta vero.');
INSERT INTO pet VALUES ('Mellie', 'Crystel.Pfeffer51@hotmail.com', 'Chinchilla', 'Qui sint voluptate.', 'Temporibus dolores quo eos iusto.');
INSERT INTO pet VALUES ('Vergie', 'Crystel.Pfeffer51@hotmail.com', 'Gecko', 'Cumque facere labore aut occaecati illo ut qui.', 'Ea id veritatis eveniet eligendi maiores voluptas.');
INSERT INTO part_time_ct VALUES ('Crystel.Pfeffer51@hotmail.com');
INSERT INTO pt_free_schedule VALUES ('Crystel.Pfeffer51@hotmail.com', '2020-11-05T07:01:59.841Z', '2021-06-21T03:29:53.510Z');

INSERT INTO person VALUES ('Leatha81@yahoo.com', 'Lily Shields', '$2b$10$6zqstqkVFK3sOVsYk6mwYOfBpPt.jV9vVRpLb532C2/flPGIMyfZi', '49507 Wilderman Landing', 90469466, 'user', 'https://s3.amazonaws.com/uifaces/faces/twitter/funwatercat/128.jpg');
INSERT INTO credit_card VALUES (376740752930738, 'Leatha81@yahoo.com', '2022-04-26T00:31:15.050Z', 931);
INSERT INTO pet VALUES ('Rebekah', 'Leatha81@yahoo.com', 'Gecko', 'Sit voluptas ut laudantium sed enim maiores esse magnam maiores.', 'Dolorem accusamus nesciunt deserunt assumenda.');
INSERT INTO pet VALUES ('Hank', 'Leatha81@yahoo.com', 'Horse', 'Non non velit officia dignissimos dolorem ipsa.', 'Corporis rerum suscipit adipisci ad adipisci dolor alias et.');
INSERT INTO pet VALUES ('Brayan', 'Leatha81@yahoo.com', 'Cat', 'Ea unde consequatur beatae laborum quasi inventore.', 'Rem iste aut tempore a.');
INSERT INTO full_time_ct VALUES ('Leatha81@yahoo.com');
INSERT INTO ft_specializes_in VALUES ('Leatha81@yahoo.com', 'Cow', 14);
INSERT INTO ft_specializes_in VALUES ('Leatha81@yahoo.com', 'Lizard', 18);

INSERT INTO person VALUES ('Lyric_Upton5@gmail.com', 'Deon Stokes', '$2b$10$6zqstqkVFK3sOVsYk6mwYOxd7gW6oSz3r3YJ9Nd5dqxg9/0JU4dru', '74571 Alfonzo Fork', 90802982, 'user', 'https://s3.amazonaws.com/uifaces/faces/twitter/petar_prog/128.jpg');

INSERT INTO person VALUES ('Caleb44@yahoo.com', 'Travon Blick', '$2b$10$6zqstqkVFK3sOVsYk6mwYOQTVOzsEoH73Y58CyIVKjeDbEBaX7uTW', '1180 Donavon Inlet', 90872454, 'user', 'https://s3.amazonaws.com/uifaces/faces/twitter/xamorep/128.jpg');

INSERT INTO person VALUES ('Garret.Kiehn63@gmail.com', 'Diego Hartmann', '$2b$10$6zqstqkVFK3sOVsYk6mwYOnmSFdQi/VSOURDp8uP3ujT/7oS2bEbu', '75969 Hayes Divide', 90683972, 'user', 'https://s3.amazonaws.com/uifaces/faces/twitter/joetruesdell/128.jpg');
INSERT INTO credit_card VALUES (346383783340131, 'Garret.Kiehn63@gmail.com', '2021-03-26T13:03:13.483Z', 169);
INSERT INTO pet VALUES ('Ayana', 'Garret.Kiehn63@gmail.com', 'Geese (Chinese Swan Goose)', 'Fugit dolor assumenda dolore quam autem facere dolores.', 'Sed blanditiis aspernatur mollitia omnis officiis suscipit quo.');
INSERT INTO part_time_ct VALUES ('Garret.Kiehn63@gmail.com');
INSERT INTO pt_free_schedule VALUES ('Garret.Kiehn63@gmail.com', '2020-11-05T09:00:06.660Z', '2021-03-25T21:09:23.612Z');
INSERT INTO pt_specializes_in VALUES ('Garret.Kiehn63@gmail.com', 'Goat', 7);
INSERT INTO pt_specializes_in VALUES ('Garret.Kiehn63@gmail.com', 'Horse', 4);

INSERT INTO person VALUES ('Marianna_Cruickshank91@hotmail.com', 'Winston Skiles', '$2b$10$6zqstqkVFK3sOVsYk6mwYOhf7xOuewzOIcHxdNk/CVS38p1nhwMCO', '563 Bailey Passage', 90410776, 'user', 'https://s3.amazonaws.com/uifaces/faces/twitter/josemarques/128.jpg');

INSERT INTO person VALUES ('Gabriella_Kertzmann78@gmail.com', 'Dorothy Kuphal', '$2b$10$6zqstqkVFK3sOVsYk6mwYORcRamjtM1paHuf2.c4Ghao6M57eq7h.', '5624 Hegmann Spring', 90120357, 'user', 'https://s3.amazonaws.com/uifaces/faces/twitter/jonkspr/128.jpg');

INSERT INTO person VALUES ('Carley_Haley19@yahoo.com', 'Gertrude Spencer', '$2b$10$6zqstqkVFK3sOVsYk6mwYORoUdvnxFnWJ3n5T0XR9T58ART3Dezf6', '73558 Brennan Wall', 90584262, 'user', 'https://s3.amazonaws.com/uifaces/faces/twitter/lokesh_coder/128.jpg');

INSERT INTO person VALUES ('Dewayne.Purdy98@hotmail.com', 'Zoey Quitzon', '$2b$10$6zqstqkVFK3sOVsYk6mwYO/QVwmrTr1Lyb9u3HRRVIkIIJCp7UFRG', '6241 Justen Plaza', 90614848, 'user', 'https://s3.amazonaws.com/uifaces/faces/twitter/elbuscainfo/128.jpg');
INSERT INTO part_time_ct VALUES ('Dewayne.Purdy98@hotmail.com');
INSERT INTO pt_free_schedule VALUES ('Dewayne.Purdy98@hotmail.com', '2020-11-04T22:55:57.880Z', '2020-12-14T05:33:25.921Z');
INSERT INTO pt_specializes_in VALUES ('Dewayne.Purdy98@hotmail.com', 'Hamster', 8);

INSERT INTO person VALUES ('Audrey.Beier59@gmail.com', 'Asia Torp', '$2b$10$6zqstqkVFK3sOVsYk6mwYOBIm6y0iN0z4icMEm.IxRN2DOXegdnci', '3301 Garrison Run', 90935030, 'user', 'https://s3.amazonaws.com/uifaces/faces/twitter/joshhemsley/128.jpg');
INSERT INTO credit_card VALUES (6767631232153114, 'Audrey.Beier59@gmail.com', '2024-10-20T08:06:50.834Z', 493);
INSERT INTO pet VALUES ('Retha', 'Audrey.Beier59@gmail.com', 'Pig', 'Quisquam quos dicta facere quo qui recusandae earum.', 'Dolorem ea culpa et.');
INSERT INTO pet VALUES ('Herman', 'Audrey.Beier59@gmail.com', 'Ponie', 'Reprehenderit aspernatur facilis alias iure optio quis.', 'Quia harum recusandae voluptate.');
INSERT INTO pet VALUES ('Cleta', 'Audrey.Beier59@gmail.com', 'Geese (Chinese Swan Goose)', 'Fugiat aperiam enim qui alias quibusdam.', 'Recusandae soluta recusandae omnis qui maiores et possimus accusantium sunt.');

INSERT INTO person VALUES ('Lucie.Emard50@hotmail.com', 'Celia Koch', '$2b$10$6zqstqkVFK3sOVsYk6mwYOyYUt1Sr.M1Jtvon/RjzM3jWNfocadQS', '016 Shemar Way', 90747874, 'user', 'https://s3.amazonaws.com/uifaces/faces/twitter/sterlingrules/128.jpg');
INSERT INTO part_time_ct VALUES ('Lucie.Emard50@hotmail.com');
INSERT INTO pt_free_schedule VALUES ('Lucie.Emard50@hotmail.com', '2020-11-05T13:11:30.371Z', '2021-06-28T05:11:24.637Z');
INSERT INTO pt_specializes_in VALUES ('Lucie.Emard50@hotmail.com', 'Cow', 19);

INSERT INTO person VALUES ('Friedrich44@yahoo.com', 'Angeline Lesch', '$2b$10$6zqstqkVFK3sOVsYk6mwYOBKlvWdC3nm565i87ajYKpSOQHZbTubK', '97015 Morar Bypass', 90525921, 'user', 'https://s3.amazonaws.com/uifaces/faces/twitter/ssbb_me/128.jpg');

INSERT INTO person VALUES ('Eliane0@gmail.com', 'Lillian Kuhic', '$2b$10$6zqstqkVFK3sOVsYk6mwYOlQJj2qp9C7.l4FnfrxCZeWb9hFbwATa', '593 Estelle Locks', 90490028, 'user', 'https://s3.amazonaws.com/uifaces/faces/twitter/meelford/128.jpg');
INSERT INTO full_time_ct VALUES ('Eliane0@gmail.com');
INSERT INTO ft_specializes_in VALUES ('Eliane0@gmail.com', 'Bearded Dragon', 3);
INSERT INTO ft_specializes_in VALUES ('Eliane0@gmail.com', 'Goat', 17);
INSERT INTO ft_specializes_in VALUES ('Eliane0@gmail.com', 'Pig', 6);

INSERT INTO person VALUES ('Alvena.Leffler@hotmail.com', 'Eldora Feeney', '$2b$10$6zqstqkVFK3sOVsYk6mwYO1sCu5eLxCnwRVndTaZGPuVK/g4bgztm', '8101 Jackie Glen', 90095701, 'user', 'https://s3.amazonaws.com/uifaces/faces/twitter/martinansty/128.jpg');
INSERT INTO credit_card VALUES (6759140234033383, 'Alvena.Leffler@hotmail.com', '2020-12-16T10:08:29.975Z', 786);
INSERT INTO pet VALUES ('Florence', 'Alvena.Leffler@hotmail.com', 'Iguana', 'Inventore voluptatem temporibus.', 'Eaque eligendi mollitia.');

INSERT INTO person VALUES ('Lynn36@hotmail.com', 'Kristofer Douglas', '$2b$10$6zqstqkVFK3sOVsYk6mwYOYxUgVIx3Dg18n6f6TfZ7pYAp3ZcPrqq', '729 Marilie Avenue', 90620285, 'user', 'https://s3.amazonaws.com/uifaces/faces/twitter/vytautas_a/128.jpg');
INSERT INTO credit_card VALUES (6767126593227639, 'Lynn36@hotmail.com', '2021-10-03T02:14:22.338Z', 749);
INSERT INTO pet VALUES ('Maia', 'Lynn36@hotmail.com', 'Hedgehog', 'Aliquid et voluptatem molestiae occaecati id reiciendis.', 'Aliquid quis quos totam et voluptatem quia magni.');
INSERT INTO full_time_ct VALUES ('Lynn36@hotmail.com');
INSERT INTO ft_specializes_in VALUES ('Lynn36@hotmail.com', 'Goat', 6);
INSERT INTO ft_specializes_in VALUES ('Lynn36@hotmail.com', 'Guinea Pig', 11);
INSERT INTO ft_specializes_in VALUES ('Lynn36@hotmail.com', 'Ponie', 7);

INSERT INTO person VALUES ('Carli.Price55@yahoo.com', 'Rosemary Monahan', '$2b$10$6zqstqkVFK3sOVsYk6mwYOYjn3WlK7o0oc.nz3AfZipQeOycgO4Xy', '7059 Blake Tunnel', 90912387, 'user', 'https://s3.amazonaws.com/uifaces/faces/twitter/franciscoamk/128.jpg');
INSERT INTO credit_card VALUES (6771891721053666, 'Carli.Price55@yahoo.com', '2022-12-03T10:50:23.494Z', 916);
INSERT INTO pet VALUES ('Cory', 'Carli.Price55@yahoo.com', 'Gecko', 'Officia dicta distinctio.', 'Vel nemo eos.');
INSERT INTO pet VALUES ('Paris', 'Carli.Price55@yahoo.com', 'Lizard', 'Veritatis expedita voluptas excepturi itaque.', 'Quae doloremque quia consequuntur nihil consequatur dolores id.');
INSERT INTO full_time_ct VALUES ('Carli.Price55@yahoo.com');
INSERT INTO ft_specializes_in VALUES ('Carli.Price55@yahoo.com', 'Guinea Pig', 15);
INSERT INTO ft_specializes_in VALUES ('Carli.Price55@yahoo.com', 'Iguana', 6);
INSERT INTO ft_specializes_in VALUES ('Carli.Price55@yahoo.com', 'Mice', 6);

INSERT INTO person VALUES ('Alphonso90@yahoo.com', 'Angie Schultz', '$2b$10$6zqstqkVFK3sOVsYk6mwYOppLwmn.TCYOUnTLf8A3TmBem8IDlKMC', '687 Botsford Motorway', 90178124, 'user', 'https://s3.amazonaws.com/uifaces/faces/twitter/coreyginnivan/128.jpg');
INSERT INTO full_time_ct VALUES ('Alphonso90@yahoo.com');
INSERT INTO ft_specializes_in VALUES ('Alphonso90@yahoo.com', 'Hamster', 8);

INSERT INTO person VALUES ('Fanny.Johnston95@gmail.com', 'Kaelyn Sipes', '$2b$10$6zqstqkVFK3sOVsYk6mwYOavr1dfdjfMJ12K09mjuyEPzpjxHHMkq', '0792 Pfeffer Falls', 90641711, 'user', 'https://s3.amazonaws.com/uifaces/faces/twitter/aroon_sharma/128.jpg');

INSERT INTO person VALUES ('Vivian_Hackett13@yahoo.com', 'Gregoria Bogan', '$2b$10$6zqstqkVFK3sOVsYk6mwYOy.jA0iXMxkRQHo36YoANB1D74IkwlTC', '753 Arden Well', 90693957, 'user', 'https://s3.amazonaws.com/uifaces/faces/twitter/vitor376/128.jpg');
INSERT INTO credit_card VALUES (4734782020471003, 'Vivian_Hackett13@yahoo.com', '2020-12-21T05:54:23.304Z', 224);
INSERT INTO full_time_ct VALUES ('Vivian_Hackett13@yahoo.com');
INSERT INTO ft_specializes_in VALUES ('Vivian_Hackett13@yahoo.com', 'Hamster', 17);
INSERT INTO ft_specializes_in VALUES ('Vivian_Hackett13@yahoo.com', 'Lizard', 6);
INSERT INTO ft_specializes_in VALUES ('Vivian_Hackett13@yahoo.com', 'Mice', 17);

INSERT INTO person VALUES ('Harrison.Parker4@hotmail.com', 'Maye OKeefe', '$2b$10$6zqstqkVFK3sOVsYk6mwYOhTMIK2x0znz.fNbLa3fzBqucGks7AQy', '205 Hackett Heights', 90684525, 'user', 'https://s3.amazonaws.com/uifaces/faces/twitter/91bilal/128.jpg');
INSERT INTO full_time_ct VALUES ('Harrison.Parker4@hotmail.com');

INSERT INTO person VALUES ('Baby.Olson@gmail.com', 'Nestor Kessler', '$2b$10$6zqstqkVFK3sOVsYk6mwYOPo7kA/C/hpXyxIjFAjn5Z/HOi7FaZBa', '320 Ortiz Fort', 90414775, 'user', 'https://s3.amazonaws.com/uifaces/faces/twitter/necodymiconer/128.jpg');
INSERT INTO credit_card VALUES (6441628403292471, 'Baby.Olson@gmail.com', '2023-04-19T03:23:48.121Z', 161);
INSERT INTO pet VALUES ('Myrtie', 'Baby.Olson@gmail.com', 'Guinea Pig', 'Iste eaque ipsam maxime similique sed.', 'Quasi voluptas voluptatem similique et.');

INSERT INTO person VALUES ('Ethyl.Haley@hotmail.com', 'Sister Johns', '$2b$10$6zqstqkVFK3sOVsYk6mwYO06fZDXsH7e0gqQusWlKM99CqQf5tKsW', '999 Hassan Landing', 90055565, 'user', 'https://s3.amazonaws.com/uifaces/faces/twitter/jpenico/128.jpg');

INSERT INTO person VALUES ('Makenzie.Ruecker55@hotmail.com', 'Aiyana Doyle', '$2b$10$6zqstqkVFK3sOVsYk6mwYOEm9ZShkN0XFoav9DSQv8mz9IFovadzC', '4890 Kari Alley', 90661035, 'user', 'https://s3.amazonaws.com/uifaces/faces/twitter/hsinyo23/128.jpg');
INSERT INTO credit_card VALUES (5289926255625452, 'Makenzie.Ruecker55@hotmail.com', '2021-08-25T19:04:44.598Z', 049);
INSERT INTO pet VALUES ('Maureen', 'Makenzie.Ruecker55@hotmail.com', 'Bearded Dragon', 'Officiis iure placeat earum est culpa animi.', 'Nulla et iusto incidunt voluptas amet earum.');
INSERT INTO pet VALUES ('Horace', 'Makenzie.Ruecker55@hotmail.com', 'Ponie', 'Sapiente suscipit molestiae.', 'Ea autem quis.');

INSERT INTO person VALUES ('Marjory.Bauch27@yahoo.com', 'Adriel Jacobson', '$2b$10$6zqstqkVFK3sOVsYk6mwYOFSH48EyWim3tyjhs1AJfwyzlFOCW34G', '024 Wisoky Spur', 90476134, 'user', 'https://s3.amazonaws.com/uifaces/faces/twitter/davecraige/128.jpg');
INSERT INTO credit_card VALUES (3528549927815626, 'Marjory.Bauch27@yahoo.com', '2022-10-26T00:16:27.385Z', 323);
INSERT INTO full_time_ct VALUES ('Marjory.Bauch27@yahoo.com');
INSERT INTO ft_specializes_in VALUES ('Marjory.Bauch27@yahoo.com', 'Chicken', 6);
INSERT INTO ft_specializes_in VALUES ('Marjory.Bauch27@yahoo.com', 'Donkey', 14);
INSERT INTO ft_specializes_in VALUES ('Marjory.Bauch27@yahoo.com', 'Peafowl', 14);

INSERT INTO person VALUES ('Dorthy_Grant27@hotmail.com', 'Jessika Bogan', '$2b$10$6zqstqkVFK3sOVsYk6mwYO.RvgsrS.skoGiW3OLEu7qguXrIiZFA6', '28883 Bethel Mountain', 90908308, 'user', 'https://s3.amazonaws.com/uifaces/faces/twitter/gabrielrosser/128.jpg');

INSERT INTO person VALUES ('Betty_Bode@gmail.com', 'Trevor DuBuque', '$2b$10$6zqstqkVFK3sOVsYk6mwYOq11GwFl91Jq8WsGGvTryL9Tl0imaV7e', '652 Mervin Club', 90627098, 'user', 'https://s3.amazonaws.com/uifaces/faces/twitter/wtrsld/128.jpg');

INSERT INTO person VALUES ('Gus.Moore50@gmail.com', 'Berniece Hodkiewicz', '$2b$10$6zqstqkVFK3sOVsYk6mwYOyceB98R8u9Cojb41EDITW6zWbw.NgLe', '2927 Angela Hollow', 90046302, 'user', 'https://s3.amazonaws.com/uifaces/faces/twitter/charliegann/128.jpg');
INSERT INTO part_time_ct VALUES ('Gus.Moore50@gmail.com');
INSERT INTO pt_free_schedule VALUES ('Gus.Moore50@gmail.com', '2020-11-05T02:20:27.562Z', '2020-12-29T15:24:28.751Z');
INSERT INTO pt_specializes_in VALUES ('Gus.Moore50@gmail.com', 'Duck', 20);
INSERT INTO pt_specializes_in VALUES ('Gus.Moore50@gmail.com', 'Guinea Pig', 14);
INSERT INTO pt_specializes_in VALUES ('Gus.Moore50@gmail.com', 'Peafowl', 16);

INSERT INTO person VALUES ('Abagail43@gmail.com', 'Lionel Weimann', '$2b$10$6zqstqkVFK3sOVsYk6mwYObW2CMoacjvh7KP54qug9pbUc8/cPh3a', '11531 Christiansen Heights', 90981509, 'user', 'https://s3.amazonaws.com/uifaces/faces/twitter/mdsisto/128.jpg');
INSERT INTO credit_card VALUES (6706748561439405, 'Abagail43@gmail.com', '2021-10-07T22:31:51.781Z', 764);
INSERT INTO pet VALUES ('Chelsie', 'Abagail43@gmail.com', 'Rabbit', 'Voluptas mollitia et harum eligendi ipsam quam neque est.', 'Doloribus illum soluta accusantium et blanditiis sed.');
INSERT INTO pet VALUES ('Max', 'Abagail43@gmail.com', 'Goat', 'Omnis tempora iusto quis animi iste ut qui necessitatibus alias.', 'Facere laudantium qui et deleniti.');
INSERT INTO pet VALUES ('Johanna', 'Abagail43@gmail.com', 'Mule', 'Ipsa nihil placeat.', 'Occaecati id voluptate laborum excepturi eos aspernatur cumque est deserunt.');

INSERT INTO person VALUES ('Eleonore43@gmail.com', 'Anita Hirthe', '$2b$10$6zqstqkVFK3sOVsYk6mwYOXpBUuh12DUOEweSLnejBF/6wMlW/HFS', '24458 Quitzon Via', 90416777, 'user', 'https://s3.amazonaws.com/uifaces/faces/twitter/namankreative/128.jpg');
INSERT INTO credit_card VALUES (4646199915939, 'Eleonore43@gmail.com', '2021-03-23T14:08:52.775Z', 931);

INSERT INTO person VALUES ('Ivah_Ernser17@gmail.com', 'Juana Olson', '$2b$10$6zqstqkVFK3sOVsYk6mwYO.Df4HsSkqBdU0JZbdj.hySIpXXvEKzO', '8124 Philip Lodge', 90052987, 'user', 'https://s3.amazonaws.com/uifaces/faces/twitter/bermonpainter/128.jpg');
INSERT INTO credit_card VALUES (3575181723514211, 'Ivah_Ernser17@gmail.com', '2020-11-28T08:32:08.250Z', 204);
INSERT INTO pet VALUES ('Zakary', 'Ivah_Ernser17@gmail.com', 'Duck', 'Provident in accusamus facilis consequatur porro.', 'Quo quaerat voluptatibus.');

INSERT INTO person VALUES ('Ali.Wiegand@gmail.com', 'Sebastian Gorczany', '$2b$10$6zqstqkVFK3sOVsYk6mwYOY1LQHUK2sTH34d4g6l1iB5TZnF3naPy', '1100 Barton Orchard', 90962263, 'user', 'https://s3.amazonaws.com/uifaces/faces/twitter/sunshinedgirl/128.jpg');
INSERT INTO credit_card VALUES (4218983454521831, 'Ali.Wiegand@gmail.com', '2021-08-17T04:37:55.605Z', 716);
INSERT INTO pet VALUES ('Sean', 'Ali.Wiegand@gmail.com', 'Rabbit', 'Quaerat iure non molestias quis quidem dolorem iusto nesciunt voluptate.', 'Rerum sint qui.');
INSERT INTO pet VALUES ('Rocio', 'Ali.Wiegand@gmail.com', 'Geese (Chinese Swan Goose)', 'Occaecati asperiores cum ut.', 'Vel odio rem in aspernatur nihil quo.');

INSERT INTO person VALUES ('Vivian_Kuhn@gmail.com', 'Letha Batz', '$2b$10$6zqstqkVFK3sOVsYk6mwYOpjz.vjcmXxARLWby6n912FWxjaAMKUq', '4595 Moen Mountains', 90914772, 'user', 'https://s3.amazonaws.com/uifaces/faces/twitter/hiemil/128.jpg');
INSERT INTO full_time_ct VALUES ('Vivian_Kuhn@gmail.com');

INSERT INTO person VALUES ('Guy.Simonis@gmail.com', 'Meta Abbott', '$2b$10$6zqstqkVFK3sOVsYk6mwYO5vKv1rNGNG/zBRAEjErt0IPGi/sh8TW', '01746 Henri Valley', 90328721, 'user', 'https://s3.amazonaws.com/uifaces/faces/twitter/BenouarradeM/128.jpg');

INSERT INTO person VALUES ('Miguel97@gmail.com', 'Marie Sawayn', '$2b$10$6zqstqkVFK3sOVsYk6mwYOPPaHZsbSq42rEVa2sOtMeonIzmpNaeW', '4351 Lillie Hollow', 90525382, 'user', 'https://s3.amazonaws.com/uifaces/faces/twitter/baires/128.jpg');

INSERT INTO person VALUES ('Mireille84@yahoo.com', 'Onie Gutkowski', '$2b$10$6zqstqkVFK3sOVsYk6mwYOevnzKPBOsPBedT18mY1NTtPbjiA7gna', '8897 Keebler Forks', 90173624, 'user', 'https://s3.amazonaws.com/uifaces/faces/twitter/bpartridge/128.jpg');

INSERT INTO person VALUES ('Amie_Shields@gmail.com', 'Makayla Langosh', '$2b$10$6zqstqkVFK3sOVsYk6mwYO9to8L4rnYxLgQIQsAIngljUnQAiU4xe', '94830 Bailey Street', 90293088, 'user', 'https://s3.amazonaws.com/uifaces/faces/twitter/SULiik/128.jpg');
INSERT INTO full_time_ct VALUES ('Amie_Shields@gmail.com');

INSERT INTO person VALUES ('Raegan.Hintz1@yahoo.com', 'Meaghan Funk', '$2b$10$6zqstqkVFK3sOVsYk6mwYOI9pgIqofuXmE/BeLXZ1Ctvlk7cm0Tcq', '214 Koch Causeway', 90519334, 'user', 'https://s3.amazonaws.com/uifaces/faces/twitter/joelcipriano/128.jpg');
INSERT INTO full_time_ct VALUES ('Raegan.Hintz1@yahoo.com');
INSERT INTO ft_specializes_in VALUES ('Raegan.Hintz1@yahoo.com', 'Guinea Pig', 15);
INSERT INTO ft_specializes_in VALUES ('Raegan.Hintz1@yahoo.com', 'Hamster', 16);

INSERT INTO person VALUES ('Ofelia.Block99@yahoo.com', 'Scottie Boehm', '$2b$10$6zqstqkVFK3sOVsYk6mwYO8ORUYNtiNuHeuoBxrpHQfYCTGqNLFzy', '724 Imogene Green', 90633455, 'user', 'https://s3.amazonaws.com/uifaces/faces/twitter/josemarques/128.jpg');

INSERT INTO person VALUES ('Laurence99@yahoo.com', 'Ludwig Hodkiewicz', '$2b$10$6zqstqkVFK3sOVsYk6mwYOrTg8J5Q4GmiY7nmP0tPakbjMJ6c.s/O', '3833 Mohr Streets', 90732013, 'user', 'https://s3.amazonaws.com/uifaces/faces/twitter/begreative/128.jpg');
INSERT INTO full_time_ct VALUES ('Laurence99@yahoo.com');
INSERT INTO ft_specializes_in VALUES ('Laurence99@yahoo.com', 'Chinese Water Dragon', 15);
INSERT INTO ft_specializes_in VALUES ('Laurence99@yahoo.com', 'Lizard', 10);
INSERT INTO ft_specializes_in VALUES ('Laurence99@yahoo.com', 'Mule', 1);

INSERT INTO person VALUES ('Emilie.Erdman92@hotmail.com', 'Wava Mayer', '$2b$10$6zqstqkVFK3sOVsYk6mwYOFpuzaHhoAB5XINTzuSPYkaSBF0hg.7e', '2139 Kunde Shores', 90370986, 'user', 'https://s3.amazonaws.com/uifaces/faces/twitter/joshuaraichur/128.jpg');
INSERT INTO part_time_ct VALUES ('Emilie.Erdman92@hotmail.com');
INSERT INTO pt_free_schedule VALUES ('Emilie.Erdman92@hotmail.com', '2020-11-05T00:48:35.064Z', '2021-10-18T22:30:34.759Z');
INSERT INTO pt_specializes_in VALUES ('Emilie.Erdman92@hotmail.com', 'Lizard', 13);
INSERT INTO pt_specializes_in VALUES ('Emilie.Erdman92@hotmail.com', 'Pot Bellied Pig', 5);

INSERT INTO person VALUES ('Reilly36@yahoo.com', 'Mia Schowalter', '$2b$10$6zqstqkVFK3sOVsYk6mwYOi2PlGKLFJmO8tIP5ZzP59pvVI/0yRDe', '591 Rath Mews', 90653544, 'user', 'https://s3.amazonaws.com/uifaces/faces/twitter/jefffis/128.jpg');
INSERT INTO part_time_ct VALUES ('Reilly36@yahoo.com');
INSERT INTO pt_free_schedule VALUES ('Reilly36@yahoo.com', '2020-11-05T03:45:55.138Z', '2021-06-23T02:58:55.677Z');

INSERT INTO person VALUES ('Vanessa_Ferry@yahoo.com', 'Breanna Daniel', '$2b$10$6zqstqkVFK3sOVsYk6mwYORmWDSkav.J6fQ4JJ.cnhhccubtHD1EK', '9560 Charlotte Dam', 90362347, 'user', 'https://s3.amazonaws.com/uifaces/faces/twitter/dgajjar/128.jpg');

INSERT INTO person VALUES ('Zella69@hotmail.com', 'Zoila Rowe', '$2b$10$6zqstqkVFK3sOVsYk6mwYO2sc9drWzf9vWKRlWdit.w5i4ABpUl2C', '22863 Schmitt Stream', 90888160, 'user', 'https://s3.amazonaws.com/uifaces/faces/twitter/sawrb/128.jpg');

INSERT INTO person VALUES ('Sydney8@hotmail.com', 'Tony Schamberger', '$2b$10$6zqstqkVFK3sOVsYk6mwYOjHb58TsxPXSvaWaoYHNvWZWeKV42rL6', '5370 Turner View', 90783626, 'user', 'https://s3.amazonaws.com/uifaces/faces/twitter/amywebbb/128.jpg');
INSERT INTO full_time_ct VALUES ('Sydney8@hotmail.com');
INSERT INTO ft_specializes_in VALUES ('Sydney8@hotmail.com', 'Mice', 8);
INSERT INTO ft_specializes_in VALUES ('Sydney8@hotmail.com', 'Hog', 2);
INSERT INTO ft_specializes_in VALUES ('Sydney8@hotmail.com', 'Ponie', 19);

INSERT INTO person VALUES ('Juanita11@hotmail.com', 'Cordelia Hartmann', '$2b$10$6zqstqkVFK3sOVsYk6mwYOd6NDIyqcrWaD/oGlILLVh/iHH2BM0bK', '1521 Eric Mountains', 90522734, 'user', 'https://s3.amazonaws.com/uifaces/faces/twitter/brajeshwar/128.jpg');
INSERT INTO credit_card VALUES (6011779877026317, 'Juanita11@hotmail.com', '2022-12-09T05:03:45.754Z', 936);
INSERT INTO pet VALUES ('Clair', 'Juanita11@hotmail.com', 'Iguana', 'Excepturi sapiente libero error qui id iste nostrum eum.', 'Quidem quae repellat repudiandae.');
INSERT INTO pet VALUES ('Elijah', 'Juanita11@hotmail.com', 'Horse', 'Deleniti temporibus laborum expedita.', 'Ab odit beatae id impedit.');
INSERT INTO part_time_ct VALUES ('Juanita11@hotmail.com');
INSERT INTO pt_free_schedule VALUES ('Juanita11@hotmail.com', '2020-11-05T09:41:26.186Z', '2021-06-04T11:56:45.935Z');
INSERT INTO pt_specializes_in VALUES ('Juanita11@hotmail.com', 'Geese (Chinese Swan Goose)', 6);
INSERT INTO pt_specializes_in VALUES ('Juanita11@hotmail.com', 'Pigeon', 4);

INSERT INTO person VALUES ('Abner.Kirlin19@gmail.com', 'Pearl Kuhic', '$2b$10$6zqstqkVFK3sOVsYk6mwYOBuw5gsWtC/xYNHhynwBDHig/te6kCc6', '22145 Tomasa Walks', 90091349, 'user', 'https://s3.amazonaws.com/uifaces/faces/twitter/spbroma/128.jpg');
INSERT INTO credit_card VALUES (6709611955590766, 'Abner.Kirlin19@gmail.com', '2021-01-29T11:02:25.358Z', 566);
INSERT INTO pet VALUES ('Kale', 'Abner.Kirlin19@gmail.com', 'Hamster', 'Voluptas ut et aut.', 'Dolores ipsum fugit nihil quos eligendi illum quia.');
INSERT INTO pet VALUES ('Delilah', 'Abner.Kirlin19@gmail.com', 'Pot Bellied Pig', 'Possimus fugiat molestiae error saepe nobis iusto.', 'Labore quos asperiores sunt est consequatur sit amet consequuntur voluptatibus.');

INSERT INTO person VALUES ('Felipa_Hayes54@gmail.com', 'Billie Toy', '$2b$10$6zqstqkVFK3sOVsYk6mwYOORdkPj74uRoZ/qkQtK84fBxWzynrh4e', '855 Borer Forest', 90796212, 'user', 'https://s3.amazonaws.com/uifaces/faces/twitter/igorgarybaldi/128.jpg');
INSERT INTO part_time_ct VALUES ('Felipa_Hayes54@gmail.com');
INSERT INTO pt_free_schedule VALUES ('Felipa_Hayes54@gmail.com', '2020-11-05T10:42:42.081Z', '2021-08-18T17:31:21.950Z');
INSERT INTO pt_specializes_in VALUES ('Felipa_Hayes54@gmail.com', 'Lizard', 20);

INSERT INTO person VALUES ('Ross62@yahoo.com', 'Omari Braun', '$2b$10$6zqstqkVFK3sOVsYk6mwYOLggeNJbZYWS7Szz1EHRrZcwDDCu6KGO', '4287 Paula Hollow', 90027074, 'user', 'https://s3.amazonaws.com/uifaces/faces/twitter/patrickcoombe/128.jpg');
INSERT INTO credit_card VALUES (5591746637069747, 'Ross62@yahoo.com', '2021-09-21T23:00:22.554Z', 319);
INSERT INTO pet VALUES ('Hipolito', 'Ross62@yahoo.com', 'Bearded Dragon', 'Voluptas veniam id veritatis commodi ut rem consequatur aspernatur veritatis.', 'Perspiciatis esse enim officia illum id voluptas voluptas magnam.');
INSERT INTO part_time_ct VALUES ('Ross62@yahoo.com');
INSERT INTO pt_free_schedule VALUES ('Ross62@yahoo.com', '2020-11-05T04:33:09.044Z', '2021-01-31T10:48:52.630Z');
INSERT INTO pt_specializes_in VALUES ('Ross62@yahoo.com', 'Mice', 15);
INSERT INTO pt_specializes_in VALUES ('Ross62@yahoo.com', 'Pig', 4);

INSERT INTO person VALUES ('Assunta11@gmail.com', 'Deonte Haley', '$2b$10$6zqstqkVFK3sOVsYk6mwYO.1V.tM.vIFnfBlyv6mqCtw9rXcP5xTO', '8763 Clint Rapids', 90717663, 'user', 'https://s3.amazonaws.com/uifaces/faces/twitter/dhoot_amit/128.jpg');
INSERT INTO credit_card VALUES (6441627026282498, 'Assunta11@gmail.com', '2023-06-20T16:23:22.978Z', 954);
INSERT INTO pet VALUES ('Everette', 'Assunta11@gmail.com', 'Rabbit', 'Officiis dolores nihil reprehenderit placeat tempore quia.', 'Eos est debitis et sint numquam et.');
INSERT INTO pet VALUES ('Sydni', 'Assunta11@gmail.com', 'Bearded Dragon', 'Aut at a quod perferendis repudiandae velit.', 'Quo placeat maxime perspiciatis.');
INSERT INTO pet VALUES ('Bartholome', 'Assunta11@gmail.com', 'Chinese Water Dragon', 'In vel et quibusdam aliquid et molestiae est.', 'Fuga qui alias eos aliquid est maiores temporibus ut.');

INSERT INTO person VALUES ('Tito_Mraz@gmail.com', 'Mercedes Greenfelder', '$2b$10$6zqstqkVFK3sOVsYk6mwYOT5cedRptdV6ESs75kFtq4cOWMfjxtuK', '013 Kozey Fields', 90365922, 'user', 'https://s3.amazonaws.com/uifaces/faces/twitter/ajaxy_ru/128.jpg');
INSERT INTO credit_card VALUES (6011622835486310, 'Tito_Mraz@gmail.com', '2021-07-03T16:19:25.831Z', 470);
INSERT INTO pet VALUES ('Maiya', 'Tito_Mraz@gmail.com', 'Mule', 'Saepe doloribus rerum vel facere hic neque laboriosam.', 'Consequatur rerum harum incidunt qui accusantium ut ea dolores voluptates.');
INSERT INTO pet VALUES ('Leo', 'Tito_Mraz@gmail.com', 'Hedgehog', 'Qui voluptate atque modi a placeat distinctio quidem beatae est.', 'Magnam incidunt deserunt provident quaerat excepturi officiis repellat est et.');
INSERT INTO pet VALUES ('Bell', 'Tito_Mraz@gmail.com', 'Mule', 'Rerum rem sunt enim reiciendis placeat doloribus facere.', 'Aut aut ducimus et officia facere.');

INSERT INTO person VALUES ('Prince.Pfeffer@gmail.com', 'Caroline Lindgren', '$2b$10$6zqstqkVFK3sOVsYk6mwYONqMPMoa8uQgw3J85Rqz2sjOf2LNmmLS', '2848 Adan Vista', 90718234, 'user', 'https://s3.amazonaws.com/uifaces/faces/twitter/ponchomendivil/128.jpg');
INSERT INTO credit_card VALUES (6011927097037703, 'Prince.Pfeffer@gmail.com', '2022-02-06T00:52:08.485Z', 910);
INSERT INTO full_time_ct VALUES ('Prince.Pfeffer@gmail.com');

INSERT INTO person VALUES ('Madison98@gmail.com', 'Brock Hartmann', '$2b$10$6zqstqkVFK3sOVsYk6mwYOcdKpQsii2w3glDWHtCVe8EjxGva13fu', '8586 Swaniawski Wall', 90540947, 'user', 'https://s3.amazonaws.com/uifaces/faces/twitter/joetruesdell/128.jpg');
INSERT INTO credit_card VALUES (3533961290487884, 'Madison98@gmail.com', '2022-10-08T20:59:28.870Z', 981);
INSERT INTO full_time_ct VALUES ('Madison98@gmail.com');
INSERT INTO ft_specializes_in VALUES ('Madison98@gmail.com', 'Bird', 1);

INSERT INTO person VALUES ('Jack.Gleichner@hotmail.com', 'Stephanie Pacocha', '$2b$10$6zqstqkVFK3sOVsYk6mwYOSv25QvnqcFGPzN6EjqYIv7gUt7NmwgO', '101 Kali Junction', 90555353, 'user', 'https://s3.amazonaws.com/uifaces/faces/twitter/gonzalorobaina/128.jpg');
INSERT INTO full_time_ct VALUES ('Jack.Gleichner@hotmail.com');
INSERT INTO ft_specializes_in VALUES ('Jack.Gleichner@hotmail.com', 'Horse', 9);

INSERT INTO person VALUES ('Dino0@yahoo.com', 'Easter Carter', '$2b$10$6zqstqkVFK3sOVsYk6mwYOZIHB9anWK1TMhPrq6Wxaw4kdKdG9kw.', '016 Desiree Hill', 90074924, 'user', 'https://s3.amazonaws.com/uifaces/faces/twitter/joshhemsley/128.jpg');
INSERT INTO credit_card VALUES (30262937885097, 'Dino0@yahoo.com', '2023-10-13T16:41:06.912Z', 785);
INSERT INTO pet VALUES ('Kip', 'Dino0@yahoo.com', 'Llama', 'Odio dolorum et est aut consequatur nam repellendus quibusdam.', 'Ab exercitationem commodi enim sit id.');
INSERT INTO pet VALUES ('Jacynthe', 'Dino0@yahoo.com', 'Cow', 'Quam at et est iste ex dolores rerum error.', 'Ipsa laborum possimus consectetur non.');
INSERT INTO pet VALUES ('Keon', 'Dino0@yahoo.com', 'Mice', 'Magni recusandae et fugiat.', 'Inventore reiciendis fugit accusantium ab eligendi reiciendis quae sed quia.');

INSERT INTO person VALUES ('Nikolas_Macejkovic@gmail.com', 'Alejandra Zemlak', '$2b$10$6zqstqkVFK3sOVsYk6mwYOwd3qoW3p8Ze7KYA7w4zs7IPAsVMI0IS', '85651 Streich Burgs', 90840163, 'user', 'https://s3.amazonaws.com/uifaces/faces/twitter/mhudobivnik/128.jpg');
INSERT INTO credit_card VALUES (6706961164880158, 'Nikolas_Macejkovic@gmail.com', '2022-02-05T05:20:17.921Z', 600);
INSERT INTO pet VALUES ('Ayana', 'Nikolas_Macejkovic@gmail.com', 'Geese (Chinese Swan Goose)', 'Ut vero sit quasi voluptatem quae vero illum molestiae omnis.', 'Neque velit ratione soluta ipsa dolore laboriosam omnis.');
INSERT INTO part_time_ct VALUES ('Nikolas_Macejkovic@gmail.com');
INSERT INTO pt_free_schedule VALUES ('Nikolas_Macejkovic@gmail.com', '2020-11-05T03:32:37.983Z', '2020-12-14T08:02:06.711Z');
INSERT INTO pt_specializes_in VALUES ('Nikolas_Macejkovic@gmail.com', 'Ponie', 14);

INSERT INTO person VALUES ('Alene_Schmitt@hotmail.com', 'Ashton Mann', '$2b$10$6zqstqkVFK3sOVsYk6mwYONPFkJf6gpSwhb9nB7xEytbTSn4aKGKi', '21834 Edward Dam', 90025107, 'user', 'https://s3.amazonaws.com/uifaces/faces/twitter/blakesimkins/128.jpg');
INSERT INTO credit_card VALUES (4842877645489391, 'Alene_Schmitt@hotmail.com', '2025-02-02T08:36:47.085Z', 229);

INSERT INTO person VALUES ('Emery.Hermiston@hotmail.com', 'Durward Keeling', '$2b$10$6zqstqkVFK3sOVsYk6mwYOxebzvrbboVkkMfcQ3qr1pjyfRrRCcPq', '4755 Jada Plaza', 90309511, 'user', 'https://s3.amazonaws.com/uifaces/faces/twitter/deeenright/128.jpg');
INSERT INTO credit_card VALUES (5020850586719620, 'Emery.Hermiston@hotmail.com', '2023-11-05T06:16:20.374Z', 516);
INSERT INTO pet VALUES ('Kristoffer', 'Emery.Hermiston@hotmail.com', 'Guinea Fowl', 'Iste aliquam facere id molestiae dolorum eveniet sequi molestiae ipsam.', 'Eligendi nam occaecati maxime rerum atque aperiam numquam non.');
INSERT INTO pet VALUES ('Fritz', 'Emery.Hermiston@hotmail.com', 'Rabbit', 'Quidem omnis odio voluptatem accusantium temporibus est quo.', 'Perferendis rem sequi omnis quasi.');
INSERT INTO pet VALUES ('Franco', 'Emery.Hermiston@hotmail.com', 'Goat', 'Doloremque qui maiores.', 'Repudiandae nisi exercitationem rerum quos praesentium est aut ea asperiores.');
INSERT INTO part_time_ct VALUES ('Emery.Hermiston@hotmail.com');
INSERT INTO pt_free_schedule VALUES ('Emery.Hermiston@hotmail.com', '2020-11-05T12:25:32.742Z', '2021-02-10T08:33:26.862Z');
INSERT INTO pt_specializes_in VALUES ('Emery.Hermiston@hotmail.com', 'Gecko', 7);
INSERT INTO pt_specializes_in VALUES ('Emery.Hermiston@hotmail.com', 'Hamster', 6);
INSERT INTO pt_specializes_in VALUES ('Emery.Hermiston@hotmail.com', 'Mule', 10);

INSERT INTO person VALUES ('Barry60@hotmail.com', 'Lois OReilly', '$2b$10$6zqstqkVFK3sOVsYk6mwYObA9pB9txCOmbr./VLue2Rb4msTrwxYG', '51436 Dayne Spring', 90759234, 'user', 'https://s3.amazonaws.com/uifaces/faces/twitter/dansowter/128.jpg');
INSERT INTO credit_card VALUES (6709928843767887, 'Barry60@hotmail.com', '2021-09-02T14:05:08.001Z', 543);
INSERT INTO pet VALUES ('Jaime', 'Barry60@hotmail.com', 'Chameleons (Veiled)', 'Placeat rerum cumque aut rerum ut quasi quibusdam sit similique.', 'Aut ad quam ducimus quis laborum voluptas vitae accusamus dicta.');
INSERT INTO part_time_ct VALUES ('Barry60@hotmail.com');
INSERT INTO pt_free_schedule VALUES ('Barry60@hotmail.com', '2020-11-04T17:46:00.573Z', '2021-10-04T01:37:33.411Z');
INSERT INTO pt_specializes_in VALUES ('Barry60@hotmail.com', 'Cow', 18);

INSERT INTO person VALUES ('Schuyler.King@gmail.com', 'Deanna Spinka', '$2b$10$6zqstqkVFK3sOVsYk6mwYOuJabTvrIxpKX53DqGOqc9UbSbEDTNFW', '004 Rolfson Grove', 90491234, 'user', 'https://s3.amazonaws.com/uifaces/faces/twitter/mhudobivnik/128.jpg');
INSERT INTO full_time_ct VALUES ('Schuyler.King@gmail.com');
INSERT INTO ft_specializes_in VALUES ('Schuyler.King@gmail.com', 'Bearded Dragon', 2);
INSERT INTO ft_specializes_in VALUES ('Schuyler.King@gmail.com', 'Chicken', 16);

INSERT INTO person VALUES ('Paxton_Moore@gmail.com', 'Cara Batz', '$2b$10$6zqstqkVFK3sOVsYk6mwYOMB6qa17nkGJeM.2kNebDEdXDPPFGVrK', '5883 Carlee Squares', 90426906, 'user', 'https://s3.amazonaws.com/uifaces/faces/twitter/manigm/128.jpg');
INSERT INTO credit_card VALUES (344057116602470, 'Paxton_Moore@gmail.com', '2020-11-13T00:06:02.331Z', 968);
INSERT INTO pet VALUES ('Bennie', 'Paxton_Moore@gmail.com', 'Llama', 'Occaecati officiis at dolores quis quisquam nesciunt sed non non.', 'Ipsam cum et assumenda ducimus dolor harum.');
INSERT INTO full_time_ct VALUES ('Paxton_Moore@gmail.com');

INSERT INTO person VALUES ('Linwood_Ortiz@yahoo.com', 'Vanessa Wisozk', '$2b$10$6zqstqkVFK3sOVsYk6mwYOsj8Py/miyNePZGlSQY1.IyEwW6aZ.Uu', '1662 Halvorson Circles', 90993497, 'user', 'https://s3.amazonaws.com/uifaces/faces/twitter/aeon56/128.jpg');
INSERT INTO credit_card VALUES (372546231531700, 'Linwood_Ortiz@yahoo.com', '2021-01-27T17:59:53.001Z', 688);
INSERT INTO pet VALUES ('Destini', 'Linwood_Ortiz@yahoo.com', 'Ponie', 'Ut beatae veniam veniam aut.', 'Numquam eveniet saepe ea facere aut quos debitis dolorem accusantium.');
INSERT INTO pet VALUES ('Reyna', 'Linwood_Ortiz@yahoo.com', 'Geese (Chinese Swan Goose)', 'Unde eligendi et.', 'Laudantium aut repellendus nihil deleniti distinctio dolorem qui qui.');
INSERT INTO pet VALUES ('Marilie', 'Linwood_Ortiz@yahoo.com', 'Llama', 'Ut quam nobis libero ea facilis.', 'Eum et iste sint ex saepe.');

INSERT INTO person VALUES ('Hilda98@hotmail.com', 'Madonna Nikolaus', '$2b$10$6zqstqkVFK3sOVsYk6mwYOgo0iNJPLw7.lNaMtkgK068rXMNBEFzu', '1542 Ezequiel Plain', 90815431, 'user', 'https://s3.amazonaws.com/uifaces/faces/twitter/dansowter/128.jpg');
INSERT INTO credit_card VALUES (5224165600899013, 'Hilda98@hotmail.com', '2020-12-23T22:45:49.011Z', 739);
INSERT INTO pet VALUES ('Eriberto', 'Hilda98@hotmail.com', 'Hamster', 'Dicta ut possimus illum.', 'Laudantium officia repudiandae architecto molestias earum facilis commodi.');
INSERT INTO pet VALUES ('Isidro', 'Hilda98@hotmail.com', 'Ponie', 'Quis similique voluptatibus cupiditate.', 'Quas modi molestias est in iusto iure.');
INSERT INTO part_time_ct VALUES ('Hilda98@hotmail.com');
INSERT INTO pt_free_schedule VALUES ('Hilda98@hotmail.com', '2020-11-04T21:47:58.785Z', '2021-01-11T23:05:15.531Z');
INSERT INTO pt_specializes_in VALUES ('Hilda98@hotmail.com', 'Mule', 12);

INSERT INTO person VALUES ('Nelson98@hotmail.com', 'Berta Heller', '$2b$10$6zqstqkVFK3sOVsYk6mwYOOj5UkyvegDvgPVOXMPIfaUdqfHkhzvq', '8764 Duncan Loop', 90588824, 'user', 'https://s3.amazonaws.com/uifaces/faces/twitter/kimcool/128.jpg');
INSERT INTO credit_card VALUES (340869773704102, 'Nelson98@hotmail.com', '2022-05-07T21:53:33.801Z', 782);
INSERT INTO pet VALUES ('Bettie', 'Nelson98@hotmail.com', 'Donkey', 'Exercitationem similique sapiente tenetur maiores non excepturi rerum.', 'Quo repellat sequi deserunt voluptatem aut excepturi nulla consectetur.');
INSERT INTO full_time_ct VALUES ('Nelson98@hotmail.com');

INSERT INTO person VALUES ('Terry.Johnston14@gmail.com', 'Houston Kunde', '$2b$10$6zqstqkVFK3sOVsYk6mwYOZulisH6rkM4UTab70NYnX0ihjMkOZ4u', '5799 Bethel Plaza', 90038359, 'user', 'https://s3.amazonaws.com/uifaces/faces/twitter/lhausermann/128.jpg');
INSERT INTO credit_card VALUES (376403177320516, 'Terry.Johnston14@gmail.com', '2023-05-19T23:43:15.642Z', 124);
INSERT INTO pet VALUES ('Pete', 'Terry.Johnston14@gmail.com', 'Pigeon', 'Et dolores laudantium laboriosam saepe sequi praesentium.', 'Totam est cum consequatur.');
INSERT INTO pet VALUES ('Shayna', 'Terry.Johnston14@gmail.com', 'Guinea Fowl', 'Quisquam mollitia ex ut ut ullam minima.', 'Voluptate aliquam itaque occaecati dolorem explicabo mollitia est impedit.');
INSERT INTO full_time_ct VALUES ('Terry.Johnston14@gmail.com');
INSERT INTO ft_specializes_in VALUES ('Terry.Johnston14@gmail.com', 'Bearded Dragon', 4);

INSERT INTO person VALUES ('Kaelyn_Yost@hotmail.com', 'Marcelino Herzog', '$2b$10$6zqstqkVFK3sOVsYk6mwYOihUTJW.CvTL3iYGsVtKLr34dgcvz0yi', '966 Grant Ford', 90108702, 'user', 'https://s3.amazonaws.com/uifaces/faces/twitter/muridrahhal/128.jpg');
INSERT INTO credit_card VALUES (6304241031090938, 'Kaelyn_Yost@hotmail.com', '2023-05-19T08:48:23.350Z', 102);
INSERT INTO pet VALUES ('Juston', 'Kaelyn_Yost@hotmail.com', 'Chicken', 'Quia reiciendis adipisci.', 'Ea sit voluptas.');
INSERT INTO pet VALUES ('Coy', 'Kaelyn_Yost@hotmail.com', 'Duck', 'Porro quasi cum illo fugiat aut odit sed voluptates.', 'Excepturi culpa hic.');

INSERT INTO person VALUES ('Eduardo.Hills@gmail.com', 'Hattie Huels', '$2b$10$6zqstqkVFK3sOVsYk6mwYOqgZdtEKeoGsfOVqK8spBWJbYawyosWK', '09921 Leora Estate', 90203143, 'user', 'https://s3.amazonaws.com/uifaces/faces/twitter/theonlyzeke/128.jpg');
INSERT INTO part_time_ct VALUES ('Eduardo.Hills@gmail.com');
INSERT INTO pt_free_schedule VALUES ('Eduardo.Hills@gmail.com', '2020-11-05T05:23:03.156Z', '2021-04-17T21:55:55.215Z');

INSERT INTO person VALUES ('Nickolas92@yahoo.com', 'Zachery Walter', '$2b$10$6zqstqkVFK3sOVsYk6mwYOKSI1yJwATyTaQ1nUHVuFXGXHfZUrJM.', '16444 Kunze Cape', 90377858, 'user', 'https://s3.amazonaws.com/uifaces/faces/twitter/areus/128.jpg');
INSERT INTO credit_card VALUES (6767360259121473, 'Nickolas92@yahoo.com', '2020-12-06T23:20:46.373Z', 520);
INSERT INTO part_time_ct VALUES ('Nickolas92@yahoo.com');
INSERT INTO pt_free_schedule VALUES ('Nickolas92@yahoo.com', '2020-11-05T12:02:17.707Z', '2021-07-04T03:58:07.436Z');
INSERT INTO pt_specializes_in VALUES ('Nickolas92@yahoo.com', 'Chicken', 3);

INSERT INTO person VALUES ('Lloyd_Mohr@hotmail.com', 'Maegan Kautzer', '$2b$10$6zqstqkVFK3sOVsYk6mwYOi7eUgn2v0a//8RGDzAPyAFa1sAPsiB.', '487 Kristoffer Drive', 90775930, 'user', 'https://s3.amazonaws.com/uifaces/faces/twitter/deviljho_/128.jpg');

INSERT INTO person VALUES ('Jamison69@yahoo.com', 'Harry Lang', '$2b$10$6zqstqkVFK3sOVsYk6mwYOqivy28d.QsqieUHT1mLgwdMCaCeqLZO', '3979 Alden Trace', 90323818, 'user', 'https://s3.amazonaws.com/uifaces/faces/twitter/gizmeedevil1991/128.jpg');
INSERT INTO credit_card VALUES (3565240141483845, 'Jamison69@yahoo.com', '2021-10-07T08:06:02.909Z', 466);
INSERT INTO pet VALUES ('Mckenzie', 'Jamison69@yahoo.com', 'Gecko', 'Tempora quae tempora provident rem fuga aspernatur quia quia.', 'Nihil maiores qui sunt.');
INSERT INTO pet VALUES ('Eldridge', 'Jamison69@yahoo.com', 'Donkey', 'Odio repudiandae eveniet illum.', 'Est magnam quia et sed.');

INSERT INTO person VALUES ('Evalyn57@yahoo.com', 'Harmon Smith', '$2b$10$6zqstqkVFK3sOVsYk6mwYOlQqU3ZQC9j7BpnNdv4b/DpNLaAGTSFG', '1938 Lorenza Flat', 90654083, 'user', 'https://s3.amazonaws.com/uifaces/faces/twitter/phillapier/128.jpg');
INSERT INTO part_time_ct VALUES ('Evalyn57@yahoo.com');
INSERT INTO pt_free_schedule VALUES ('Evalyn57@yahoo.com', '2020-11-05T09:30:13.858Z', '2021-01-06T00:26:02.943Z');
INSERT INTO pt_specializes_in VALUES ('Evalyn57@yahoo.com', 'Chinese Water Dragon', 0);
INSERT INTO pt_specializes_in VALUES ('Evalyn57@yahoo.com', 'Cow', 17);
INSERT INTO pt_specializes_in VALUES ('Evalyn57@yahoo.com', 'Gerbil', 18);

INSERT INTO person VALUES ('Rebekah_Howell@yahoo.com', 'Loyal Mills', '$2b$10$6zqstqkVFK3sOVsYk6mwYOvmmB7s2n7qZOgY8EK.yBoBN5qSBjXQi', '34135 Kacey Plaza', 90282392, 'user', 'https://s3.amazonaws.com/uifaces/faces/twitter/solid_color/128.jpg');
INSERT INTO full_time_ct VALUES ('Rebekah_Howell@yahoo.com');
INSERT INTO ft_specializes_in VALUES ('Rebekah_Howell@yahoo.com', 'Burro', 6);

INSERT INTO person VALUES ('Idella_Johnston@hotmail.com', 'Zula Langworth', '$2b$10$6zqstqkVFK3sOVsYk6mwYORNf4F8RL8tbwGbb31ysy1TilfASboGC', '4867 Casper Mall', 90766738, 'user', 'https://s3.amazonaws.com/uifaces/faces/twitter/xtopherpaul/128.jpg');

INSERT INTO person VALUES ('Alfonzo65@hotmail.com', 'Sydni Cummings', '$2b$10$6zqstqkVFK3sOVsYk6mwYOFHw8xCWZ5lOKuROEWrzYYijjYS9afA2', '93684 Jarred Terrace', 90636292, 'user', 'https://s3.amazonaws.com/uifaces/faces/twitter/tobysaxon/128.jpg');
INSERT INTO credit_card VALUES (6759143497957862, 'Alfonzo65@hotmail.com', '2021-08-28T00:33:04.969Z', 686);
INSERT INTO pet VALUES ('Monique', 'Alfonzo65@hotmail.com', 'Chicken', 'Est dolorem doloribus doloremque.', 'Sapiente distinctio quisquam ullam quo ea qui.');
INSERT INTO pet VALUES ('Stan', 'Alfonzo65@hotmail.com', 'Goat', 'Adipisci illum ut magnam tempora est fugiat ad corporis perferendis.', 'Magni voluptate quisquam expedita ullam voluptas iste quis.');

INSERT INTO person VALUES ('Claudine.Abbott24@gmail.com', 'Dion Heidenreich', '$2b$10$6zqstqkVFK3sOVsYk6mwYO5tipSDIQx3mqrBTacARe.hqyhQge1XG', '6025 Sawayn Stream', 90439231, 'user', 'https://s3.amazonaws.com/uifaces/faces/twitter/keyuri85/128.jpg');
INSERT INTO part_time_ct VALUES ('Claudine.Abbott24@gmail.com');
INSERT INTO pt_free_schedule VALUES ('Claudine.Abbott24@gmail.com', '2020-11-05T07:03:24.477Z', '2021-08-03T04:03:48.421Z');
INSERT INTO pt_specializes_in VALUES ('Claudine.Abbott24@gmail.com', 'Chicken', 10);
INSERT INTO pt_specializes_in VALUES ('Claudine.Abbott24@gmail.com', 'Lizard', 2);

INSERT INTO person VALUES ('Flavie_Bauch8@yahoo.com', 'Valentin DAmore', '$2b$10$6zqstqkVFK3sOVsYk6mwYOI8G2zLF78lMteyBGCnZK9naAPFltK4u', '7218 Klocko Street', 90618831, 'user', 'https://s3.amazonaws.com/uifaces/faces/twitter/thinkleft/128.jpg');
INSERT INTO full_time_ct VALUES ('Flavie_Bauch8@yahoo.com');
INSERT INTO ft_specializes_in VALUES ('Flavie_Bauch8@yahoo.com', 'Iguana', 15);

INSERT INTO person VALUES ('Augustus50@hotmail.com', 'Demetrius Howell', '$2b$10$6zqstqkVFK3sOVsYk6mwYOftH.PBc8dnwUHpPO/ktNM.xpaD.AQXC', '887 Aubree Vista', 90814433, 'user', 'https://s3.amazonaws.com/uifaces/faces/twitter/tumski/128.jpg');
INSERT INTO credit_card VALUES (30100832648580, 'Augustus50@hotmail.com', '2021-01-03T04:54:21.207Z', 866);
INSERT INTO part_time_ct VALUES ('Augustus50@hotmail.com');
INSERT INTO pt_free_schedule VALUES ('Augustus50@hotmail.com', '2020-11-05T02:39:03.350Z', '2021-03-29T02:56:23.765Z');
INSERT INTO pt_specializes_in VALUES ('Augustus50@hotmail.com', 'Fish', 11);

INSERT INTO person VALUES ('Emelie_Boehm@hotmail.com', 'Cesar Dietrich', '$2b$10$6zqstqkVFK3sOVsYk6mwYOjv22xGE.pVhz01LBXQhKhnELZKJAG5O', '98302 Romaguera Mount', 90216897, 'user', 'https://s3.amazonaws.com/uifaces/faces/twitter/jmfsocial/128.jpg');
INSERT INTO part_time_ct VALUES ('Emelie_Boehm@hotmail.com');
INSERT INTO pt_free_schedule VALUES ('Emelie_Boehm@hotmail.com', '2020-11-04T22:47:00.965Z', '2021-08-22T18:04:05.886Z');

INSERT INTO person VALUES ('Brooke.Klein97@yahoo.com', 'Alberto Batz', '$2b$10$6zqstqkVFK3sOVsYk6mwYOdgmm1ztbyxIbW//MoiADWHHrauGSg9W', '2653 Akeem Plains', 90932541, 'user', 'https://s3.amazonaws.com/uifaces/faces/twitter/bobwassermann/128.jpg');
INSERT INTO credit_card VALUES (30436218003426, 'Brooke.Klein97@yahoo.com', '2021-01-22T15:06:44.923Z', 801);
INSERT INTO pet VALUES ('Emmy', 'Brooke.Klein97@yahoo.com', 'Guinea Fowl', 'Qui incidunt velit autem ut.', 'Error debitis at sunt voluptatem odit.');
INSERT INTO pet VALUES ('Anissa', 'Brooke.Klein97@yahoo.com', 'Cat', 'Ut ut aut voluptatum esse commodi exercitationem.', 'Ut recusandae quo et eaque voluptas minima.');

INSERT INTO person VALUES ('Crystel.Rempel39@gmail.com', 'Deon Denesik', '$2b$10$6zqstqkVFK3sOVsYk6mwYOxlvNvWAbyBwdFf/E492NOGXHwjqW1gu', '4536 Tyshawn Viaduct', 90164502, 'user', 'https://s3.amazonaws.com/uifaces/faces/twitter/robturlinckx/128.jpg');
INSERT INTO part_time_ct VALUES ('Crystel.Rempel39@gmail.com');
INSERT INTO pt_free_schedule VALUES ('Crystel.Rempel39@gmail.com', '2020-11-05T10:28:59.014Z', '2021-04-08T19:45:34.150Z');
INSERT INTO pt_specializes_in VALUES ('Crystel.Rempel39@gmail.com', 'Dog', 7);
INSERT INTO pt_specializes_in VALUES ('Crystel.Rempel39@gmail.com', 'Hog', 15);

INSERT INTO person VALUES ('Brett.Kuhn@hotmail.com', 'Vilma Nikolaus', '$2b$10$6zqstqkVFK3sOVsYk6mwYO5qgjQGygxDWw3mLj17jqgReoJxu2.Gi', '90789 Bailey Knoll', 90916840, 'user', 'https://s3.amazonaws.com/uifaces/faces/twitter/gregsqueeb/128.jpg');
INSERT INTO full_time_ct VALUES ('Brett.Kuhn@hotmail.com');
INSERT INTO ft_specializes_in VALUES ('Brett.Kuhn@hotmail.com', 'Duck', 11);

INSERT INTO person VALUES ('Mozell_Schuster84@hotmail.com', 'Morris DAmore', '$2b$10$6zqstqkVFK3sOVsYk6mwYO4LCz67wjW7j3Jl/yozJ/anjdIMbQT5y', '0704 Runte Points', 90638711, 'user', 'https://s3.amazonaws.com/uifaces/faces/twitter/kaelifa/128.jpg');
INSERT INTO credit_card VALUES (6706327314235917, 'Mozell_Schuster84@hotmail.com', '2022-05-06T21:37:32.343Z', 136);
INSERT INTO pet VALUES ('Enrico', 'Mozell_Schuster84@hotmail.com', 'Hog', 'Repudiandae nihil voluptatem magni doloremque velit.', 'Aut velit enim molestiae quo.');

INSERT INTO person VALUES ('Hermina.Aufderhar67@hotmail.com', 'Macy Vandervort', '$2b$10$6zqstqkVFK3sOVsYk6mwYOcmuzIMymGTEZiZg0XLgiXMtc8K.hwzu', '991 Effertz Pines', 90007745, 'user', 'https://s3.amazonaws.com/uifaces/faces/twitter/ryankirkman/128.jpg');

INSERT INTO person VALUES ('Jaron21@yahoo.com', 'Donnie Harvey', '$2b$10$6zqstqkVFK3sOVsYk6mwYOPNx7nJ3Xi4sSxPC8YwFVQe2vKyOh6k6', '96011 Tracy Well', 90132700, 'user', 'https://s3.amazonaws.com/uifaces/faces/twitter/chris_witko/128.jpg');
INSERT INTO part_time_ct VALUES ('Jaron21@yahoo.com');
INSERT INTO pt_free_schedule VALUES ('Jaron21@yahoo.com', '2020-11-04T17:37:09.377Z', '2021-06-20T01:57:58.259Z');
INSERT INTO pt_specializes_in VALUES ('Jaron21@yahoo.com', 'Bird', 13);
INSERT INTO pt_specializes_in VALUES ('Jaron21@yahoo.com', 'Dog', 17);
INSERT INTO pt_specializes_in VALUES ('Jaron21@yahoo.com', 'Donkey', 12);

INSERT INTO person VALUES ('Eveline_Schulist@yahoo.com', 'Billy Botsford', '$2b$10$6zqstqkVFK3sOVsYk6mwYO3AkL7NIclW7RA3rr.RSt32QvoTvQlhi', '89972 Brigitte Path', 90262751, 'user', 'https://s3.amazonaws.com/uifaces/faces/twitter/netonet_il/128.jpg');
INSERT INTO part_time_ct VALUES ('Eveline_Schulist@yahoo.com');
INSERT INTO pt_free_schedule VALUES ('Eveline_Schulist@yahoo.com', '2020-11-05T05:18:24.265Z', '2021-10-21T20:32:28.045Z');
INSERT INTO pt_specializes_in VALUES ('Eveline_Schulist@yahoo.com', 'Bearded Dragon', 11);
INSERT INTO pt_specializes_in VALUES ('Eveline_Schulist@yahoo.com', 'Donkey', 3);
INSERT INTO pt_specializes_in VALUES ('Eveline_Schulist@yahoo.com', 'Llama', 0);

INSERT INTO person VALUES ('Lamont.Trantow82@gmail.com', 'Una King', '$2b$10$6zqstqkVFK3sOVsYk6mwYOORnUHlCSgPxr.Xj5mt/K0d5Zpn2fO/q', '551 Nienow Lodge', 90608998, 'user', 'https://s3.amazonaws.com/uifaces/faces/twitter/lu4sh1i/128.jpg');
INSERT INTO full_time_ct VALUES ('Lamont.Trantow82@gmail.com');
INSERT INTO ft_specializes_in VALUES ('Lamont.Trantow82@gmail.com', 'Chinchilla', 9);
INSERT INTO ft_specializes_in VALUES ('Lamont.Trantow82@gmail.com', 'Goat', 4);
INSERT INTO ft_specializes_in VALUES ('Lamont.Trantow82@gmail.com', 'Mule', 0);

INSERT INTO person VALUES ('Summer_Rutherford@yahoo.com', 'Orin Nienow', '$2b$10$6zqstqkVFK3sOVsYk6mwYOG8OzuGUpFPVChQQoIh8z87eO/yxxad2', '88881 Bins Garden', 90124030, 'user', 'https://s3.amazonaws.com/uifaces/faces/twitter/a_brixen/128.jpg');
INSERT INTO part_time_ct VALUES ('Summer_Rutherford@yahoo.com');
INSERT INTO pt_free_schedule VALUES ('Summer_Rutherford@yahoo.com', '2020-11-04T22:44:22.180Z', '2020-11-29T17:38:08.162Z');
INSERT INTO pt_specializes_in VALUES ('Summer_Rutherford@yahoo.com', 'Lizard', 15);

INSERT INTO person VALUES ('Trace.Roberts@yahoo.com', 'Marilyne Murazik', '$2b$10$6zqstqkVFK3sOVsYk6mwYOtSgcQqiLf1qFramzT7/b1SG3S.1vlu6', '8492 Dante Stravenue', 90030871, 'user', 'https://s3.amazonaws.com/uifaces/faces/twitter/vanchesz/128.jpg');
INSERT INTO credit_card VALUES (4154570904412630, 'Trace.Roberts@yahoo.com', '2023-03-02T12:16:36.966Z', 142);

INSERT INTO person VALUES ('Leonie_Ondricka@hotmail.com', 'Zelma Gibson', '$2b$10$6zqstqkVFK3sOVsYk6mwYOXO6QbAQ81UwQRV2kxcR1mqGvrYHLOMq', '69146 Larkin Lodge', 90480313, 'user', 'https://s3.amazonaws.com/uifaces/faces/twitter/michzen/128.jpg');
INSERT INTO full_time_ct VALUES ('Leonie_Ondricka@hotmail.com');

INSERT INTO person VALUES ('Spencer_Armstrong@yahoo.com', 'Guillermo Lueilwitz', '$2b$10$6zqstqkVFK3sOVsYk6mwYOgan3/4/DL3Xxy93RI32HXCWg2Jixrqi', '7771 Kirk Shore', 90204527, 'user', 'https://s3.amazonaws.com/uifaces/faces/twitter/themadray/128.jpg');
INSERT INTO credit_card VALUES (6759580183588083, 'Spencer_Armstrong@yahoo.com', '2021-01-13T05:12:50.553Z', 127);
INSERT INTO part_time_ct VALUES ('Spencer_Armstrong@yahoo.com');
INSERT INTO pt_free_schedule VALUES ('Spencer_Armstrong@yahoo.com', '2020-11-04T23:28:06.408Z', '2021-02-04T21:29:16.883Z');

INSERT INTO person VALUES ('Wilhelm_Kozey64@yahoo.com', 'Salma Beatty', '$2b$10$6zqstqkVFK3sOVsYk6mwYO6G4ZIr03/t3oo9ACZRsdy6LnMjJrqkW', '581 Meredith Curve', 90348804, 'user', 'https://s3.amazonaws.com/uifaces/faces/twitter/dawidwu/128.jpg');
INSERT INTO credit_card VALUES (371988100949968, 'Wilhelm_Kozey64@yahoo.com', '2020-11-28T13:58:50.226Z', 274);
INSERT INTO pet VALUES ('Virginie', 'Wilhelm_Kozey64@yahoo.com', 'Gecko', 'Ab laborum temporibus voluptatem quidem harum cum consequatur quas.', 'Vero minus ut qui hic nulla labore.');
INSERT INTO full_time_ct VALUES ('Wilhelm_Kozey64@yahoo.com');
INSERT INTO ft_specializes_in VALUES ('Wilhelm_Kozey64@yahoo.com', 'Iguana', 9);
INSERT INTO ft_specializes_in VALUES ('Wilhelm_Kozey64@yahoo.com', 'Llama', 9);

INSERT INTO person VALUES ('Maritza11@hotmail.com', 'Webster White', '$2b$10$6zqstqkVFK3sOVsYk6mwYOV1T19y3n8GDW27n2chyM2TYbX.oEicS', '3341 Wiegand Glen', 90924958, 'user', 'https://s3.amazonaws.com/uifaces/faces/twitter/rtyukmaev/128.jpg');
INSERT INTO credit_card VALUES (6767647578790079, 'Maritza11@hotmail.com', '2025-10-30T06:43:46.062Z', 252);
INSERT INTO full_time_ct VALUES ('Maritza11@hotmail.com');
INSERT INTO ft_specializes_in VALUES ('Maritza11@hotmail.com', 'Cow', 3);
INSERT INTO ft_specializes_in VALUES ('Maritza11@hotmail.com', 'Gerbil', 13);
INSERT INTO ft_specializes_in VALUES ('Maritza11@hotmail.com', 'Horse', 15);

INSERT INTO person VALUES ('Kavon_Koch35@yahoo.com', 'Urban Cremin', '$2b$10$6zqstqkVFK3sOVsYk6mwYOWIB7/aMbelkGKP6VLjKRdUJRp38.v3a', '322 Ruben Corners', 90985906, 'user', 'https://s3.amazonaws.com/uifaces/faces/twitter/LucasPerdidao/128.jpg');

INSERT INTO person VALUES ('Corine.Gusikowski42@hotmail.com', 'Colin Schinner', '$2b$10$6zqstqkVFK3sOVsYk6mwYOGEOmtQZSyMbDtvbZ4bZKFhh9flJnOG6', '09011 Swift Prairie', 90512698, 'user', 'https://s3.amazonaws.com/uifaces/faces/twitter/jehnglynn/128.jpg');
INSERT INTO credit_card VALUES (4436041641057, 'Corine.Gusikowski42@hotmail.com', '2023-01-15T23:48:56.300Z', 287);
INSERT INTO pet VALUES ('Gordon', 'Corine.Gusikowski42@hotmail.com', 'Llama', 'Quia qui deserunt eos voluptatem repellat a perspiciatis repudiandae sapiente.', 'Autem soluta consectetur ea illum.');

INSERT INTO person VALUES ('Audie_Mraz@yahoo.com', 'Elenora Klein', '$2b$10$6zqstqkVFK3sOVsYk6mwYOm65alYVD3iD4kaSoBLIWIFefnMao1BW', '621 Alvis Walk', 90109591, 'user', 'https://s3.amazonaws.com/uifaces/faces/twitter/carlosblanco_eu/128.jpg');
INSERT INTO part_time_ct VALUES ('Audie_Mraz@yahoo.com');
INSERT INTO pt_free_schedule VALUES ('Audie_Mraz@yahoo.com', '2020-11-04T15:08:05.220Z', '2021-10-17T07:44:51.199Z');
INSERT INTO pt_specializes_in VALUES ('Audie_Mraz@yahoo.com', 'Chicken', 4);

INSERT INTO person VALUES ('Colton95@yahoo.com', 'Callie Runolfsson', '$2b$10$6zqstqkVFK3sOVsYk6mwYO8db0henLuRc17wXj8N2ha6lMrmnAnT6', '55168 Wilton Garden', 90449174, 'user', 'https://s3.amazonaws.com/uifaces/faces/twitter/gregsqueeb/128.jpg');
INSERT INTO credit_card VALUES (5020978711267940, 'Colton95@yahoo.com', '2021-02-07T14:08:28.616Z', 514);
INSERT INTO pet VALUES ('Edna', 'Colton95@yahoo.com', 'Cow', 'Temporibus sit atque illo qui qui et quibusdam veniam.', 'Et iste molestiae.');
INSERT INTO full_time_ct VALUES ('Colton95@yahoo.com');
INSERT INTO ft_specializes_in VALUES ('Colton95@yahoo.com', 'Gecko', 7);
INSERT INTO ft_specializes_in VALUES ('Colton95@yahoo.com', 'Pot Bellied Pig', 13);

INSERT INTO person VALUES ('Arturo45@yahoo.com', 'Brooks Keeling', '$2b$10$6zqstqkVFK3sOVsYk6mwYOnmTIF68wJM3kVE1v0Ze7pwkl5QIwubq', '16619 Dorris Station', 90955121, 'user', 'https://s3.amazonaws.com/uifaces/faces/twitter/_yardenoon/128.jpg');

INSERT INTO person VALUES ('Rosa.Towne@gmail.com', 'Branson Doyle', '$2b$10$6zqstqkVFK3sOVsYk6mwYOuI9/avMJjtBOGAkk0UPxjjOSQnvXrRy', '9748 Deven Terrace', 90043560, 'user', 'https://s3.amazonaws.com/uifaces/faces/twitter/silv3rgvn/128.jpg');
INSERT INTO credit_card VALUES (6767231091209361, 'Rosa.Towne@gmail.com', '2021-05-03T23:49:20.376Z', 027);
INSERT INTO pet VALUES ('Kale', 'Rosa.Towne@gmail.com', 'Mice', 'Sed accusamus quas possimus deleniti.', 'Excepturi placeat non et omnis consequatur.');

INSERT INTO person VALUES ('Hilbert.Wolff@hotmail.com', 'Macy Ziemann', '$2b$10$6zqstqkVFK3sOVsYk6mwYOg3thjV18XN1/KSgk06lOVOzCSfPqqee', '0056 Cremin Landing', 90808270, 'user', 'https://s3.amazonaws.com/uifaces/faces/twitter/aislinnkelly/128.jpg');
INSERT INTO credit_card VALUES (5459303432169400, 'Hilbert.Wolff@hotmail.com', '2023-09-29T15:11:54.496Z', 595);
INSERT INTO part_time_ct VALUES ('Hilbert.Wolff@hotmail.com');
INSERT INTO pt_free_schedule VALUES ('Hilbert.Wolff@hotmail.com', '2020-11-05T06:58:14.836Z', '2021-09-21T10:43:50.968Z');
INSERT INTO pt_specializes_in VALUES ('Hilbert.Wolff@hotmail.com', 'Bearded Dragon', 15);
INSERT INTO pt_specializes_in VALUES ('Hilbert.Wolff@hotmail.com', 'Pigeon', 9);

INSERT INTO person VALUES ('Rodolfo42@gmail.com', 'Octavia Dibbert', '$2b$10$6zqstqkVFK3sOVsYk6mwYOXQsIPqItI3rM7.xFMPz6HYE6VfqEoB6', '621 Allen Terrace', 90513955, 'user', 'https://s3.amazonaws.com/uifaces/faces/twitter/GavicoInd/128.jpg');
INSERT INTO full_time_ct VALUES ('Rodolfo42@gmail.com');
INSERT INTO ft_specializes_in VALUES ('Rodolfo42@gmail.com', 'Guinea Fowl', 4);

INSERT INTO person VALUES ('Nathan_Kilback1@yahoo.com', 'Cortney Walker', '$2b$10$6zqstqkVFK3sOVsYk6mwYOnetOyb8mV/U2XrH.L6py0w.6dcuymw6', '188 Reggie Street', 90871023, 'user', 'https://s3.amazonaws.com/uifaces/faces/twitter/simobenso/128.jpg');

INSERT INTO person VALUES ('Laila_McGlynn@gmail.com', 'Sandrine Balistreri', '$2b$10$6zqstqkVFK3sOVsYk6mwYOVK5z2TQYm7aCQMP5tmV9yvBzlaNFG6O', '0130 Cordell Glens', 90356659, 'user', 'https://s3.amazonaws.com/uifaces/faces/twitter/adammarsbar/128.jpg');
INSERT INTO credit_card VALUES (3528235653971973, 'Laila_McGlynn@gmail.com', '2022-11-01T13:40:23.210Z', 816);
INSERT INTO pet VALUES ('Brianne', 'Laila_McGlynn@gmail.com', 'Pig', 'Necessitatibus voluptatem saepe omnis sunt illo et sed dolore.', 'Debitis ipsum impedit est velit molestias vero ducimus possimus.');
INSERT INTO pet VALUES ('Anais', 'Laila_McGlynn@gmail.com', 'Dog', 'Nam eaque nihil maxime et vel id consequatur cupiditate odio.', 'Magni odio nisi aut esse voluptatem.');
INSERT INTO pet VALUES ('Dianna', 'Laila_McGlynn@gmail.com', 'Donkey', 'Eum nulla nesciunt fugiat accusamus enim.', 'Vitae quisquam quae commodi quos autem voluptatem consequatur pariatur.');

INSERT INTO person VALUES ('Isai28@hotmail.com', 'Maeve Abshire', '$2b$10$6zqstqkVFK3sOVsYk6mwYOKsh9n4ZbvfAy7pblXUIcGOcslckfC/i', '30306 Lance Squares', 90312430, 'user', 'https://s3.amazonaws.com/uifaces/faces/twitter/thomasgeisen/128.jpg');
INSERT INTO credit_card VALUES (6767571924183433, 'Isai28@hotmail.com', '2024-01-31T07:47:22.222Z', 076);
INSERT INTO pet VALUES ('Erica', 'Isai28@hotmail.com', 'Chinchilla', 'Perferendis consequuntur laboriosam.', 'Dolor voluptatem quia.');

INSERT INTO person VALUES ('Eileen.Lakin@yahoo.com', 'Emie Glover', '$2b$10$6zqstqkVFK3sOVsYk6mwYO7EEK0nJnH0t1smZ4wEPLJxn7CZJVTpi', '961 Pollich Corners', 90784356, 'user', 'https://s3.amazonaws.com/uifaces/faces/twitter/stefooo/128.jpg');
INSERT INTO credit_card VALUES (6304021399931997, 'Eileen.Lakin@yahoo.com', '2021-07-04T20:16:36.565Z', 692);
INSERT INTO pet VALUES ('Ethelyn', 'Eileen.Lakin@yahoo.com', 'Pig', 'Est eveniet et.', 'Fugiat et excepturi voluptatem sint assumenda blanditiis quos deserunt sint.');
INSERT INTO pet VALUES ('Orlo', 'Eileen.Lakin@yahoo.com', 'Fish', 'Qui voluptates explicabo eligendi illum qui quia vel.', 'Velit quia aliquid nostrum quisquam accusamus ex placeat.');
INSERT INTO pet VALUES ('Constantin', 'Eileen.Lakin@yahoo.com', 'Hamster', 'Sunt minus eos eaque quis sequi nam et quis.', 'Eum quis quisquam et quia.');

INSERT INTO person VALUES ('Horacio_Hirthe53@hotmail.com', 'Noah Rippin', '$2b$10$6zqstqkVFK3sOVsYk6mwYOUP7Se70rM7Ebev02Y1aIgGsP9HYpg7K', '81652 Goodwin Shores', 90953462, 'user', 'https://s3.amazonaws.com/uifaces/faces/twitter/scottkclark/128.jpg');
INSERT INTO credit_card VALUES (5483958003749882, 'Horacio_Hirthe53@hotmail.com', '2024-03-29T00:57:54.742Z', 163);
INSERT INTO pet VALUES ('Chester', 'Horacio_Hirthe53@hotmail.com', 'Donkey', 'Fugit iusto quia amet architecto qui.', 'Consectetur cupiditate quidem sed enim.');
INSERT INTO pet VALUES ('Noelia', 'Horacio_Hirthe53@hotmail.com', 'Peafowl', 'Ratione veritatis perferendis et aliquam quae neque voluptatem officiis.', 'Aperiam consequatur corrupti expedita omnis.');
INSERT INTO pet VALUES ('Maryjane', 'Horacio_Hirthe53@hotmail.com', 'Fish', 'Consectetur deserunt excepturi magni tempora.', 'Consequuntur ut fugiat id.');
INSERT INTO part_time_ct VALUES ('Horacio_Hirthe53@hotmail.com');
INSERT INTO pt_free_schedule VALUES ('Horacio_Hirthe53@hotmail.com', '2020-11-05T02:51:31.834Z', '2021-06-24T00:13:48.742Z');
INSERT INTO pt_specializes_in VALUES ('Horacio_Hirthe53@hotmail.com', 'Gerbil', 9);
INSERT INTO pt_specializes_in VALUES ('Horacio_Hirthe53@hotmail.com', 'Goat', 7);

INSERT INTO person VALUES ('Rahul_Jenkins68@gmail.com', 'Claudine Gaylord', '$2b$10$6zqstqkVFK3sOVsYk6mwYO0rbGy3xXzwJ23adJBP9klXq3n8INxxW', '3474 Lindsay Hill', 90887003, 'user', 'https://s3.amazonaws.com/uifaces/faces/twitter/byryan/128.jpg');

INSERT INTO person VALUES ('Zion33@gmail.com', 'Hoyt Borer', '$2b$10$6zqstqkVFK3sOVsYk6mwYOoAFJkwdjMaEF7z8J35WOSO4bPj3Pfki', '798 Tremblay Ferry', 90297532, 'user', 'https://s3.amazonaws.com/uifaces/faces/twitter/thedjpetersen/128.jpg');
INSERT INTO part_time_ct VALUES ('Zion33@gmail.com');
INSERT INTO pt_free_schedule VALUES ('Zion33@gmail.com', '2020-11-05T12:06:29.877Z', '2021-03-10T23:58:01.575Z');
INSERT INTO pt_specializes_in VALUES ('Zion33@gmail.com', 'Bird', 18);
INSERT INTO pt_specializes_in VALUES ('Zion33@gmail.com', 'Peafowl', 13);
INSERT INTO pt_specializes_in VALUES ('Zion33@gmail.com', 'Hog', 16);

INSERT INTO person VALUES ('Sallie42@yahoo.com', 'Violette Wilderman', '$2b$10$6zqstqkVFK3sOVsYk6mwYOlbAnwjFFKuRa2pN2FFOTgqLZQnvgJE.', '9831 Kozey Expressway', 90451221, 'user', 'https://s3.amazonaws.com/uifaces/faces/twitter/victorerixon/128.jpg');
INSERT INTO part_time_ct VALUES ('Sallie42@yahoo.com');
INSERT INTO pt_free_schedule VALUES ('Sallie42@yahoo.com', '2020-11-05T06:43:12.782Z', '2021-06-03T14:52:15.787Z');

INSERT INTO person VALUES ('Avery_Littel@hotmail.com', 'Ayden Kutch', '$2b$10$6zqstqkVFK3sOVsYk6mwYOcj3hjyCC74Z3E8rA08/wKV088nc08tK', '398 Travon Fall', 90344583, 'user', 'https://s3.amazonaws.com/uifaces/faces/twitter/vinciarts/128.jpg');
INSERT INTO credit_card VALUES (5893727211405056, 'Avery_Littel@hotmail.com', '2022-10-17T11:56:17.637Z', 349);
INSERT INTO pet VALUES ('Ruthe', 'Avery_Littel@hotmail.com', 'Chicken', 'Itaque ipsum est sed non rerum eligendi dolorem.', 'Soluta eum aperiam.');
INSERT INTO pet VALUES ('Kyle', 'Avery_Littel@hotmail.com', 'Peafowl', 'Sint non beatae rerum beatae.', 'Et maiores accusantium dignissimos enim.');
INSERT INTO pet VALUES ('Ruben', 'Avery_Littel@hotmail.com', 'Ferret', 'Mollitia beatae assumenda quis ut velit consequatur.', 'Non eum cumque officia aut reprehenderit doloremque quod omnis aut.');
INSERT INTO part_time_ct VALUES ('Avery_Littel@hotmail.com');
INSERT INTO pt_free_schedule VALUES ('Avery_Littel@hotmail.com', '2020-11-05T01:42:13.965Z', '2021-06-11T09:32:13.696Z');
INSERT INTO pt_specializes_in VALUES ('Avery_Littel@hotmail.com', 'Gerbil', 15);
INSERT INTO pt_specializes_in VALUES ('Avery_Littel@hotmail.com', 'Pigeon', 15);

INSERT INTO person VALUES ('Yadira_Bode@hotmail.com', 'Boris Trantow', '$2b$10$6zqstqkVFK3sOVsYk6mwYOPhmuQIvfe5RgIR.b.pGEW6vrXHDWv82', '626 Mohr Fort', 90148598, 'user', 'https://s3.amazonaws.com/uifaces/faces/twitter/yecidsm/128.jpg');
INSERT INTO part_time_ct VALUES ('Yadira_Bode@hotmail.com');
INSERT INTO pt_free_schedule VALUES ('Yadira_Bode@hotmail.com', '2020-11-04T15:48:46.702Z', '2021-01-30T04:12:25.776Z');
INSERT INTO pt_specializes_in VALUES ('Yadira_Bode@hotmail.com', 'Duck', 15);
INSERT INTO pt_specializes_in VALUES ('Yadira_Bode@hotmail.com', 'Guinea Fowl', 19);
INSERT INTO pt_specializes_in VALUES ('Yadira_Bode@hotmail.com', 'Mule', 2);

INSERT INTO person VALUES ('Alexane.Walsh46@yahoo.com', 'Claudine Wintheiser', '$2b$10$6zqstqkVFK3sOVsYk6mwYON0iFxmEOYW6eZ0FQ3ibHdAGJpbu9pPa', '28617 Hugh Bypass', 90405949, 'user', 'https://s3.amazonaws.com/uifaces/faces/twitter/cofla/128.jpg');
INSERT INTO credit_card VALUES (5402150451198679, 'Alexane.Walsh46@yahoo.com', '2021-03-02T18:32:10.264Z', 599);
INSERT INTO pet VALUES ('Nichole', 'Alexane.Walsh46@yahoo.com', 'Pigeon', 'Autem eum vel voluptatum reprehenderit.', 'Fugit perferendis rem officia id harum sed maiores quibusdam.');
INSERT INTO pet VALUES ('Elroy', 'Alexane.Walsh46@yahoo.com', 'Chicken', 'Reiciendis et numquam vitae quia voluptatem incidunt.', 'Rerum dolor totam voluptas.');
INSERT INTO full_time_ct VALUES ('Alexane.Walsh46@yahoo.com');
INSERT INTO ft_specializes_in VALUES ('Alexane.Walsh46@yahoo.com', 'Lizard', 6);

INSERT INTO person VALUES ('Florence.Lubowitz@gmail.com', 'Will Gusikowski', '$2b$10$6zqstqkVFK3sOVsYk6mwYOMvSI8wD6KBb9gzh.exzMAKZ791xD14W', '34455 Larson Spurs', 90386295, 'user', 'https://s3.amazonaws.com/uifaces/faces/twitter/spedwig/128.jpg');

INSERT INTO person VALUES ('Albert.Borer84@hotmail.com', 'Ana Simonis', '$2b$10$6zqstqkVFK3sOVsYk6mwYOZFeyPdBOcKHDFz3lma9pdLs8W7RYH4O', '325 Caesar Spurs', 90470964, 'user', 'https://s3.amazonaws.com/uifaces/faces/twitter/d_nny_m_cher/128.jpg');
INSERT INTO credit_card VALUES (6767976394974201, 'Albert.Borer84@hotmail.com', '2021-07-30T05:46:42.521Z', 898);
INSERT INTO pet VALUES ('Lila', 'Albert.Borer84@hotmail.com', 'Cat', 'Qui quia quisquam velit dolores quod ea est.', 'Illo et quasi minima necessitatibus.');
INSERT INTO pet VALUES ('Giles', 'Albert.Borer84@hotmail.com', 'Bird', 'Et non ab harum at possimus et suscipit qui consequuntur.', 'Iste est rerum mollitia ad dolorem harum voluptatibus ipsa veniam.');
INSERT INTO pet VALUES ('Rowena', 'Albert.Borer84@hotmail.com', 'Bird', 'Tenetur saepe et dolores.', 'Id vel et qui veniam quia nesciunt.');

INSERT INTO person VALUES ('Damian10@gmail.com', 'Alex Pfannerstill', '$2b$10$6zqstqkVFK3sOVsYk6mwYO25tCD6DDzIBXeNWFzzv5RScJTBd9Z82', '97313 Morar Cliff', 90979018, 'user', 'https://s3.amazonaws.com/uifaces/faces/twitter/sebashton/128.jpg');
INSERT INTO credit_card VALUES (6759203597182571, 'Damian10@gmail.com', '2021-05-18T01:35:50.655Z', 764);
INSERT INTO pet VALUES ('Lexie', 'Damian10@gmail.com', 'Bird', 'Quibusdam sint necessitatibus aperiam quos omnis adipisci id non.', 'Quam odio soluta minus.');
INSERT INTO pet VALUES ('Cecil', 'Damian10@gmail.com', 'Llama', 'Et sed in eum blanditiis.', 'Quam ut adipisci ullam possimus et cumque et reprehenderit facilis.');

INSERT INTO person VALUES ('Angelina_Nicolas@yahoo.com', 'Geoffrey Ziemann', '$2b$10$6zqstqkVFK3sOVsYk6mwYOm6E184D5B/uDqX0/XjhRv/MAv/2hCQS', '98635 Hamill Shoal', 90934752, 'user', 'https://s3.amazonaws.com/uifaces/faces/twitter/jqiuss/128.jpg');
INSERT INTO credit_card VALUES (6709384995214917, 'Angelina_Nicolas@yahoo.com', '2021-10-09T20:03:08.401Z', 522);
INSERT INTO pet VALUES ('Mariano', 'Angelina_Nicolas@yahoo.com', 'Burro', 'Incidunt et eos velit.', 'Quod dolorem aperiam debitis dolor a explicabo quo.');
INSERT INTO pet VALUES ('Buddy', 'Angelina_Nicolas@yahoo.com', 'Cow', 'Adipisci corporis praesentium minus modi quia ut voluptates.', 'Facilis qui accusantium voluptas placeat reprehenderit quaerat voluptatem veniam nulla.');

INSERT INTO person VALUES ('Liza_Anderson47@gmail.com', 'Austyn Mosciski', '$2b$10$6zqstqkVFK3sOVsYk6mwYO8HGebmpMH3notaQylZRrUtrFb35OrcG', '36590 Pagac Mount', 90477371, 'user', 'https://s3.amazonaws.com/uifaces/faces/twitter/louis_currie/128.jpg');
INSERT INTO credit_card VALUES (5018778829151467, 'Liza_Anderson47@gmail.com', '2021-02-25T09:42:49.549Z', 443);
INSERT INTO pet VALUES ('Quinten', 'Liza_Anderson47@gmail.com', 'Mice', 'Facere qui corrupti eveniet corporis est non libero doloribus id.', 'Voluptatem molestiae iste non aspernatur nulla assumenda laudantium.');
INSERT INTO pet VALUES ('Dillon', 'Liza_Anderson47@gmail.com', 'Gerbil', 'Nostrum alias repellendus distinctio soluta sequi.', 'Id animi magni assumenda voluptas nostrum dolores error tempore suscipit.');

INSERT INTO person VALUES ('Rylee34@yahoo.com', 'Dorothea Homenick', '$2b$10$6zqstqkVFK3sOVsYk6mwYOuJCqhA.2sR0dfEOH3TKuNST8JGpPTzu', '52442 Greenholt Tunnel', 90672969, 'user', 'https://s3.amazonaws.com/uifaces/faces/twitter/andyisonline/128.jpg');
INSERT INTO credit_card VALUES (5018355635132694, 'Rylee34@yahoo.com', '2020-12-19T13:05:05.232Z', 681);
INSERT INTO pet VALUES ('Terrell', 'Rylee34@yahoo.com', 'Llama', 'Ut cupiditate beatae.', 'Ut saepe omnis voluptas.');
INSERT INTO pet VALUES ('Jazmin', 'Rylee34@yahoo.com', 'Geese (Chinese Swan Goose)', 'Suscipit alias voluptatem error eaque repellendus voluptatem deleniti.', 'Dolores veritatis eum sint ipsam et.');
INSERT INTO pet VALUES ('Darrion', 'Rylee34@yahoo.com', 'Peafowl', 'Maxime officia pariatur reprehenderit qui omnis quaerat.', 'Consequatur aut iure nemo incidunt facilis voluptates alias ipsum.');
INSERT INTO part_time_ct VALUES ('Rylee34@yahoo.com');
INSERT INTO pt_free_schedule VALUES ('Rylee34@yahoo.com', '2020-11-04T22:43:27.480Z', '2021-03-13T14:51:14.390Z');
INSERT INTO pt_specializes_in VALUES ('Rylee34@yahoo.com', 'Iguana', 2);
INSERT INTO pt_specializes_in VALUES ('Rylee34@yahoo.com', 'Ponie', 14);

INSERT INTO person VALUES ('Gerard42@gmail.com', 'Mariana Predovic', '$2b$10$6zqstqkVFK3sOVsYk6mwYO9kFZbCofTRCGxLfU9pU1VAadi.GmGD6', '4145 Powlowski Park', 90533829, 'user', 'https://s3.amazonaws.com/uifaces/faces/twitter/besbujupi/128.jpg');

INSERT INTO person VALUES ('Max.Kozey@hotmail.com', 'Eveline Hauck', '$2b$10$6zqstqkVFK3sOVsYk6mwYOEnx9OhvHvi6ZG9hJWKPPvqEO2S648RW', '0241 Milan Glens', 90055771, 'user', 'https://s3.amazonaws.com/uifaces/faces/twitter/shinze/128.jpg');

INSERT INTO person VALUES ('Hershel.Strosin9@gmail.com', 'Elton Muller', '$2b$10$6zqstqkVFK3sOVsYk6mwYOX5KM.yBtfwmkHVpR05iIfJr0oCUrV9W', '2931 Esteban Land', 90253216, 'user', 'https://s3.amazonaws.com/uifaces/faces/twitter/darcystonge/128.jpg');

INSERT INTO person VALUES ('Floyd45@hotmail.com', 'Sedrick Ebert', '$2b$10$6zqstqkVFK3sOVsYk6mwYO3Zn8Yq5Yk6VJvJ9G7hcHVzy8o8A2HjW', '15002 Lelah Loop', 90768379, 'user', 'https://s3.amazonaws.com/uifaces/faces/twitter/nandini_m/128.jpg');
INSERT INTO credit_card VALUES (4703508454415, 'Floyd45@hotmail.com', '2025-10-30T02:00:07.045Z', 838);
INSERT INTO pet VALUES ('Ansley', 'Floyd45@hotmail.com', 'Horse', 'Maiores aliquid repellendus dicta et eaque.', 'Eum beatae repellendus ab omnis est esse quas maxime rerum.');
INSERT INTO pet VALUES ('Evie', 'Floyd45@hotmail.com', 'Dog', 'Dolorem magnam impedit ut.', 'Praesentium aut eligendi.');

INSERT INTO person VALUES ('Camren83@hotmail.com', 'Micheal Ledner', '$2b$10$6zqstqkVFK3sOVsYk6mwYO9JWhvLOf..74L/rGgIv4LZ8ADW18mdK', '6545 Frank Fall', 90444774, 'user', 'https://s3.amazonaws.com/uifaces/faces/twitter/alxleroydeval/128.jpg');
INSERT INTO credit_card VALUES (5447355776514695, 'Camren83@hotmail.com', '2022-05-18T21:04:46.893Z', 506);
INSERT INTO part_time_ct VALUES ('Camren83@hotmail.com');
INSERT INTO pt_free_schedule VALUES ('Camren83@hotmail.com', '2020-11-05T13:58:35.621Z', '2021-01-01T11:14:04.030Z');
INSERT INTO pt_specializes_in VALUES ('Camren83@hotmail.com', 'Pot Bellied Pig', 19);

INSERT INTO person VALUES ('Alison_Dicki@gmail.com', 'Daija Ratke', '$2b$10$6zqstqkVFK3sOVsYk6mwYOdPTayhEOndtnLLetnQDuxHJjN01k/Lq', '321 Felicita Flat', 90337807, 'user', 'https://s3.amazonaws.com/uifaces/faces/twitter/hai_ninh_nguyen/128.jpg');
INSERT INTO part_time_ct VALUES ('Alison_Dicki@gmail.com');
INSERT INTO pt_free_schedule VALUES ('Alison_Dicki@gmail.com', '2020-11-05T11:25:02.214Z', '2021-07-13T03:26:42.488Z');
INSERT INTO pt_specializes_in VALUES ('Alison_Dicki@gmail.com', 'Rabbit', 13);

INSERT INTO person VALUES ('Candelario.Jenkins90@hotmail.com', 'Darren Dicki', '$2b$10$6zqstqkVFK3sOVsYk6mwYO2RPmY4GGCmcvjI6FqwdzaaaEjJy3ALC', '3391 Reggie Brooks', 90447933, 'user', 'https://s3.amazonaws.com/uifaces/faces/twitter/Karimmove/128.jpg');
INSERT INTO credit_card VALUES (6384938873372201, 'Candelario.Jenkins90@hotmail.com', '2022-04-17T15:22:35.393Z', 273);
INSERT INTO pet VALUES ('Gloria', 'Candelario.Jenkins90@hotmail.com', 'Ponie', 'Quia tempore omnis ratione totam sunt vero consequatur esse qui.', 'Sed rem libero recusandae debitis.');
INSERT INTO pet VALUES ('Kaylee', 'Candelario.Jenkins90@hotmail.com', 'Chinese Water Dragon', 'Ut ut eveniet quod totam.', 'Delectus expedita eos nulla et est vel.');
INSERT INTO pet VALUES ('Sandrine', 'Candelario.Jenkins90@hotmail.com', 'Hedgehog', 'Deleniti et nihil officiis quo odio officia quia.', 'Cupiditate velit dolore est et illum nam aut itaque.');
INSERT INTO part_time_ct VALUES ('Candelario.Jenkins90@hotmail.com');
INSERT INTO pt_free_schedule VALUES ('Candelario.Jenkins90@hotmail.com', '2020-11-05T11:58:29.949Z', '2021-03-21T22:09:24.917Z');
INSERT INTO pt_specializes_in VALUES ('Candelario.Jenkins90@hotmail.com', 'Gerbil', 3);
INSERT INTO pt_specializes_in VALUES ('Candelario.Jenkins90@hotmail.com', 'Pigeon', 4);

INSERT INTO person VALUES ('Ansel.Turcotte36@hotmail.com', 'Crystal Morissette', '$2b$10$6zqstqkVFK3sOVsYk6mwYOXkZ5dZC.sGvPkIY5A5ZUMEhQXbsOCCy', '132 Tad Cove', 90185146, 'user', 'https://s3.amazonaws.com/uifaces/faces/twitter/lepinski/128.jpg');

INSERT INTO person VALUES ('Irwin_Tremblay@gmail.com', 'Coy Lockman', '$2b$10$6zqstqkVFK3sOVsYk6mwYOhUcqGnHMUeB9ObE18nabqMv9wEOjnlu', '998 Lesch Stream', 90946668, 'user', 'https://s3.amazonaws.com/uifaces/faces/twitter/falling_soul/128.jpg');
INSERT INTO credit_card VALUES (6759499155479235, 'Irwin_Tremblay@gmail.com', '2022-05-17T16:41:09.823Z', 612);

INSERT INTO person VALUES ('Corine_Dare@yahoo.com', 'Norene Kshlerin', '$2b$10$6zqstqkVFK3sOVsYk6mwYOmg2JPbIyygXG0mIDcRPWE8VEBVwhwTm', '4818 Lorena Divide', 90486673, 'user', 'https://s3.amazonaws.com/uifaces/faces/twitter/coreyginnivan/128.jpg');
INSERT INTO full_time_ct VALUES ('Corine_Dare@yahoo.com');
INSERT INTO ft_specializes_in VALUES ('Corine_Dare@yahoo.com', 'Bird', 19);
INSERT INTO ft_specializes_in VALUES ('Corine_Dare@yahoo.com', 'Burro', 16);

INSERT INTO person VALUES ('Brain.Wyman@yahoo.com', 'Dewayne Koch', '$2b$10$6zqstqkVFK3sOVsYk6mwYOKpqt2DmVGru.JMNzyMC4vxi9GclQ4O2', '620 Herzog Stravenue', 90999148, 'user', 'https://s3.amazonaws.com/uifaces/faces/twitter/amywebbb/128.jpg');

INSERT INTO person VALUES ('Lorena31@gmail.com', 'Theresa Lesch', '$2b$10$6zqstqkVFK3sOVsYk6mwYOzhhphveOL5Wbo.QxRjyNT8DfWCriCPm', '5470 Melyna Fields', 90345733, 'user', 'https://s3.amazonaws.com/uifaces/faces/twitter/eitarafa/128.jpg');
INSERT INTO credit_card VALUES (377965154148289, 'Lorena31@gmail.com', '2021-10-14T12:30:46.527Z', 475);

INSERT INTO person VALUES ('Kayla.OConner@hotmail.com', 'Arielle Crooks', '$2b$10$6zqstqkVFK3sOVsYk6mwYOYrQwSJdazcowwB9cmWjgCZht70/0CaW', '5355 Quitzon Cliffs', 90443131, 'user', 'https://s3.amazonaws.com/uifaces/faces/twitter/al_li/128.jpg');
INSERT INTO credit_card VALUES (5038757842338079, 'Kayla.OConner@hotmail.com', '2020-11-05T15:46:17.767Z', 743);
INSERT INTO pet VALUES ('Arturo', 'Kayla.OConner@hotmail.com', 'Horse', 'Aliquam qui vero beatae.', 'Eligendi voluptatum voluptatem suscipit ut.');
INSERT INTO pet VALUES ('Easton', 'Kayla.OConner@hotmail.com', 'Hamster', 'Voluptatum cum laudantium est doloremque nisi deleniti necessitatibus quis.', 'Enim ut quas est est rerum.');
INSERT INTO part_time_ct VALUES ('Kayla.OConner@hotmail.com');
INSERT INTO pt_free_schedule VALUES ('Kayla.OConner@hotmail.com', '2020-11-04T23:11:04.092Z', '2020-12-26T14:21:35.641Z');
INSERT INTO pt_specializes_in VALUES ('Kayla.OConner@hotmail.com', 'Ferret', 2);
INSERT INTO pt_specializes_in VALUES ('Kayla.OConner@hotmail.com', 'Hamster', 0);
INSERT INTO pt_specializes_in VALUES ('Kayla.OConner@hotmail.com', 'Llama', 15);

INSERT INTO person VALUES ('Augusta_Muller@hotmail.com', 'Alisa Torp', '$2b$10$6zqstqkVFK3sOVsYk6mwYOvLpfLET5lzM.bSsxL7WGjpwvT.3ZP0.', '602 Kayli Way', 90163978, 'user', 'https://s3.amazonaws.com/uifaces/faces/twitter/catadeleon/128.jpg');
INSERT INTO part_time_ct VALUES ('Augusta_Muller@hotmail.com');
INSERT INTO pt_free_schedule VALUES ('Augusta_Muller@hotmail.com', '2020-11-05T10:15:17.148Z', '2021-05-27T23:24:38.938Z');
INSERT INTO pt_specializes_in VALUES ('Augusta_Muller@hotmail.com', 'Duck', 15);
INSERT INTO pt_specializes_in VALUES ('Augusta_Muller@hotmail.com', 'Hamster', 15);

INSERT INTO person VALUES ('Webster21@hotmail.com', 'Morton Marks', '$2b$10$6zqstqkVFK3sOVsYk6mwYOhVs2rQDpTGO9loztK67xeaypQlaVx42', '83076 Hyatt Court', 90210027, 'user', 'https://s3.amazonaws.com/uifaces/faces/twitter/joe_black/128.jpg');
INSERT INTO credit_card VALUES (5159106996906736, 'Webster21@hotmail.com', '2022-02-21T15:55:15.506Z', 005);

INSERT INTO person VALUES ('Josephine89@hotmail.com', 'Guadalupe Stehr', '$2b$10$6zqstqkVFK3sOVsYk6mwYOB2Hiaz5dRgokovZ5mgfSUXXy2viLeAa', '36543 Tiffany Square', 90227696, 'user', 'https://s3.amazonaws.com/uifaces/faces/twitter/bistrianiosip/128.jpg');

INSERT INTO person VALUES ('Jamey.Heidenreich@hotmail.com', 'Edward Treutel', '$2b$10$6zqstqkVFK3sOVsYk6mwYOHG.1lPV9bAx9s7HVqoUtE7w4rlDAeZy', '9417 Klocko Expressway', 90568743, 'user', 'https://s3.amazonaws.com/uifaces/faces/twitter/antonyzotov/128.jpg');
INSERT INTO credit_card VALUES (6767769529847216, 'Jamey.Heidenreich@hotmail.com', '2020-12-21T12:35:43.320Z', 728);
INSERT INTO pet VALUES ('Ernest', 'Jamey.Heidenreich@hotmail.com', 'Fish', 'Voluptate rem tempora.', 'Voluptatem deleniti incidunt ut sunt dolor inventore ab atque.');

INSERT INTO person VALUES ('Zelma85@hotmail.com', 'Colby Langosh', '$2b$10$6zqstqkVFK3sOVsYk6mwYO5kGbanVKf3OXLoOvCp0BEkEcuD4aK7.', '477 Weimann Turnpike', 90398040, 'user', 'https://s3.amazonaws.com/uifaces/faces/twitter/kazaky999/128.jpg');

INSERT INTO person VALUES ('Tyreek_Nicolas41@hotmail.com', 'Darion Rohan', '$2b$10$6zqstqkVFK3sOVsYk6mwYOgemNGJvQg5pIDyvO/etQGVaakT06H7e', '37009 Clifton Parkway', 90271459, 'user', 'https://s3.amazonaws.com/uifaces/faces/twitter/sandywoodruff/128.jpg');
INSERT INTO part_time_ct VALUES ('Tyreek_Nicolas41@hotmail.com');
INSERT INTO pt_free_schedule VALUES ('Tyreek_Nicolas41@hotmail.com', '2020-11-05T11:16:34.664Z', '2021-03-09T21:38:53.272Z');
INSERT INTO pt_specializes_in VALUES ('Tyreek_Nicolas41@hotmail.com', 'Fish', 2);
INSERT INTO pt_specializes_in VALUES ('Tyreek_Nicolas41@hotmail.com', 'Gerbil', 18);
INSERT INTO pt_specializes_in VALUES ('Tyreek_Nicolas41@hotmail.com', 'Iguana', 19);

INSERT INTO person VALUES ('Jaylan25@yahoo.com', 'Genesis Kris', '$2b$10$6zqstqkVFK3sOVsYk6mwYO4NFk7peiaeWs6S28uZRF74Nrzl4tfH2', '37310 Kaitlyn Inlet', 90651122, 'user', 'https://s3.amazonaws.com/uifaces/faces/twitter/findingjenny/128.jpg');
INSERT INTO part_time_ct VALUES ('Jaylan25@yahoo.com');
INSERT INTO pt_free_schedule VALUES ('Jaylan25@yahoo.com', '2020-11-04T20:51:25.147Z', '2021-05-24T06:20:22.447Z');

INSERT INTO person VALUES ('Mervin57@hotmail.com', 'Kyler Gottlieb', '$2b$10$6zqstqkVFK3sOVsYk6mwYO2qMsPyw.jmUYY3KS42qc7C2GJqYVJS6', '531 Ursula Points', 90298598, 'user', 'https://s3.amazonaws.com/uifaces/faces/twitter/jffgrdnr/128.jpg');
INSERT INTO credit_card VALUES (5893993642797327, 'Mervin57@hotmail.com', '2020-12-20T14:26:56.154Z', 415);
INSERT INTO pet VALUES ('Samantha', 'Mervin57@hotmail.com', 'Guinea Pig', 'Enim est eos voluptatum qui eos id.', 'Voluptatem voluptas labore non nulla aut pariatur omnis.');

INSERT INTO person VALUES ('Hailee.Stamm79@hotmail.com', 'Velma Hane', '$2b$10$6zqstqkVFK3sOVsYk6mwYOujviBf2TIaIBLgX11lf2v7rjm3KaE9O', '574 Moen Fields', 90857596, 'user', 'https://s3.amazonaws.com/uifaces/faces/twitter/nelshd/128.jpg');
INSERT INTO full_time_ct VALUES ('Hailee.Stamm79@hotmail.com');

INSERT INTO person VALUES ('Ettie8@hotmail.com', 'Henry Roob', '$2b$10$6zqstqkVFK3sOVsYk6mwYOFTKiKmpiqiLlffdhTs449X4M9k8LUPa', '70952 Bo Terrace', 90007776, 'user', 'https://s3.amazonaws.com/uifaces/faces/twitter/soyjavi/128.jpg');
INSERT INTO credit_card VALUES (6706454404663481, 'Ettie8@hotmail.com', '2022-10-27T11:17:05.497Z', 797);
INSERT INTO pet VALUES ('Pascale', 'Ettie8@hotmail.com', 'Horse', 'Autem impedit impedit voluptates unde.', 'Velit laboriosam numquam sint non consectetur aliquam necessitatibus optio.');
INSERT INTO full_time_ct VALUES ('Ettie8@hotmail.com');
INSERT INTO ft_specializes_in VALUES ('Ettie8@hotmail.com', 'Cat', 16);
INSERT INTO ft_specializes_in VALUES ('Ettie8@hotmail.com', 'Pot Bellied Pig', 16);

INSERT INTO person VALUES ('Kali23@yahoo.com', 'Isai Hintz', '$2b$10$6zqstqkVFK3sOVsYk6mwYOK3No/hhPzgyDarLhHfoyMpJZ3iY1Zqy', '445 Chelsie Trail', 90143541, 'user', 'https://s3.amazonaws.com/uifaces/faces/twitter/blakehawksworth/128.jpg');
INSERT INTO part_time_ct VALUES ('Kali23@yahoo.com');
INSERT INTO pt_free_schedule VALUES ('Kali23@yahoo.com', '2020-11-05T11:11:56.405Z', '2021-01-16T03:42:09.789Z');

INSERT INTO person VALUES ('Hassie.Weber76@gmail.com', 'Rose Muller', '$2b$10$6zqstqkVFK3sOVsYk6mwYO8ZBJsRKa.MA7OwCiTRGQH9FqHpJAc8C', '5007 Gerald Brooks', 90988240, 'user', 'https://s3.amazonaws.com/uifaces/faces/twitter/aleinadsays/128.jpg');
INSERT INTO part_time_ct VALUES ('Hassie.Weber76@gmail.com');
INSERT INTO pt_free_schedule VALUES ('Hassie.Weber76@gmail.com', '2020-11-05T14:17:46.129Z', '2020-12-15T22:55:39.407Z');
INSERT INTO pt_specializes_in VALUES ('Hassie.Weber76@gmail.com', 'Dog', 15);

INSERT INTO person VALUES ('Oda.Maggio@hotmail.com', 'Lucio West', '$2b$10$6zqstqkVFK3sOVsYk6mwYOTcRpTPb7WV4RmoHEYmPjyHh3L.gEdo6', '99920 Marcellus Trafficway', 90062927, 'user', 'https://s3.amazonaws.com/uifaces/faces/twitter/weglov/128.jpg');

INSERT INTO person VALUES ('Marlon52@gmail.com', 'Jensen Cummerata', '$2b$10$6zqstqkVFK3sOVsYk6mwYOxmWYlttlOolG/GaiaHbSoxMKRWfqgzO', '35243 Morris Haven', 90327745, 'user', 'https://s3.amazonaws.com/uifaces/faces/twitter/hanna_smi/128.jpg');

INSERT INTO person VALUES ('Sigurd_Koss@hotmail.com', 'Kay Schultz', '$2b$10$6zqstqkVFK3sOVsYk6mwYOTkUwRTjbSfwkgVEIRr1AzedvOFcMFl2', '232 Salvatore Haven', 90269696, 'user', 'https://s3.amazonaws.com/uifaces/faces/twitter/artd_sign/128.jpg');

INSERT INTO person VALUES ('Dwight_Hessel@gmail.com', 'Teresa Gleason', '$2b$10$6zqstqkVFK3sOVsYk6mwYOPjBcrp/tmQxfgKqh1X/omzLJ6VMGH/i', '599 Simone Falls', 90346200, 'user', 'https://s3.amazonaws.com/uifaces/faces/twitter/swooshycueb/128.jpg');

INSERT INTO person VALUES ('Sylvester84@yahoo.com', 'Rusty Wolff', '$2b$10$6zqstqkVFK3sOVsYk6mwYOr2UEw0rlhCP6gr1KZ/5TPeqHLy/I6da', '124 Eli Knolls', 90592508, 'user', 'https://s3.amazonaws.com/uifaces/faces/twitter/yecidsm/128.jpg');
INSERT INTO credit_card VALUES (6759673441743877, 'Sylvester84@yahoo.com', '2022-06-23T08:17:49.646Z', 948);
INSERT INTO pet VALUES ('Shawn', 'Sylvester84@yahoo.com', 'Lizard', 'Vitae iure voluptatem corrupti autem at ipsa necessitatibus omnis.', 'Voluptatem totam iusto adipisci perferendis non.');
INSERT INTO pet VALUES ('Cletus', 'Sylvester84@yahoo.com', 'Gerbil', 'Repudiandae molestiae deleniti doloribus voluptatem.', 'Voluptatum sint est ut.');
INSERT INTO pet VALUES ('Micah', 'Sylvester84@yahoo.com', 'Burro', 'Aut possimus quas.', 'Suscipit autem est iusto consequuntur et explicabo similique.');

INSERT INTO person VALUES ('Dawson_Veum@gmail.com', 'Trace Wunsch', '$2b$10$6zqstqkVFK3sOVsYk6mwYOmF9q2XNCOsIzCnJwBwm8lGf9QyIiSh6', '794 Helen Valleys', 90809180, 'user', 'https://s3.amazonaws.com/uifaces/faces/twitter/jomarmen/128.jpg');

INSERT INTO person VALUES ('Penelope90@hotmail.com', 'Laila Kovacek', '$2b$10$6zqstqkVFK3sOVsYk6mwYOzF1B86gRTeVfveAmRq0l.LTz/QESUSu', '8539 Flatley Plaza', 90217073, 'user', 'https://s3.amazonaws.com/uifaces/faces/twitter/panghal0/128.jpg');
INSERT INTO credit_card VALUES (6767277672991649, 'Penelope90@hotmail.com', '2020-12-11T17:15:53.978Z', 427);
INSERT INTO part_time_ct VALUES ('Penelope90@hotmail.com');
INSERT INTO pt_free_schedule VALUES ('Penelope90@hotmail.com', '2020-11-05T05:53:09.997Z', '2021-01-28T07:28:11.685Z');
INSERT INTO pt_specializes_in VALUES ('Penelope90@hotmail.com', 'Guinea Fowl', 1);
INSERT INTO pt_specializes_in VALUES ('Penelope90@hotmail.com', 'Pot Bellied Pig', 16);

INSERT INTO person VALUES ('Jalen.Howe@yahoo.com', 'Freida OReilly', '$2b$10$6zqstqkVFK3sOVsYk6mwYOuJusJrXVGSd90T5dGDg/fWlbhekHrSy', '4808 Kristopher Crest', 90610732, 'user', 'https://s3.amazonaws.com/uifaces/faces/twitter/iqonicd/128.jpg');
INSERT INTO credit_card VALUES (6470624205605311, 'Jalen.Howe@yahoo.com', '2020-11-11T15:50:36.898Z', 890);
INSERT INTO pet VALUES ('Jamar', 'Jalen.Howe@yahoo.com', 'Hedgehog', 'Eligendi a dolores est praesentium incidunt ducimus ut consectetur.', 'Rerum qui et repellat a quisquam sed.');
INSERT INTO part_time_ct VALUES ('Jalen.Howe@yahoo.com');
INSERT INTO pt_free_schedule VALUES ('Jalen.Howe@yahoo.com', '2020-11-04T17:52:09.167Z', '2021-10-20T04:12:28.488Z');
INSERT INTO pt_specializes_in VALUES ('Jalen.Howe@yahoo.com', 'Chinchilla', 8);
INSERT INTO pt_specializes_in VALUES ('Jalen.Howe@yahoo.com', 'Guinea Fowl', 11);
INSERT INTO pt_specializes_in VALUES ('Jalen.Howe@yahoo.com', 'Pot Bellied Pig', 16);

INSERT INTO person VALUES ('Euna.Wiegand@gmail.com', 'Daija Fadel', '$2b$10$6zqstqkVFK3sOVsYk6mwYOYLBRXnTW.uqAHottjwZhde5zRwrERUC', '579 Feest Gardens', 90660021, 'user', 'https://s3.amazonaws.com/uifaces/faces/twitter/victorstuber/128.jpg');
INSERT INTO credit_card VALUES (6767790511236483, 'Euna.Wiegand@gmail.com', '2021-11-06T10:13:21.102Z', 813);
INSERT INTO pet VALUES ('Brannon', 'Euna.Wiegand@gmail.com', 'Guinea Pig', 'Quis et vel.', 'Dolore excepturi quae blanditiis est est ut commodi quos labore.');
INSERT INTO pet VALUES ('Lea', 'Euna.Wiegand@gmail.com', 'Pig', 'Pariatur non autem natus voluptatem exercitationem accusamus ab qui.', 'Qui sit id non sequi officiis debitis.');
INSERT INTO pet VALUES ('Eleonore', 'Euna.Wiegand@gmail.com', 'Iguana', 'Non nulla cupiditate qui quia.', 'A dignissimos vel.');
INSERT INTO full_time_ct VALUES ('Euna.Wiegand@gmail.com');
INSERT INTO ft_specializes_in VALUES ('Euna.Wiegand@gmail.com', 'Goat', 17);

INSERT INTO person VALUES ('Jules69@yahoo.com', 'Harrison Simonis', '$2b$10$6zqstqkVFK3sOVsYk6mwYOhLTfokyylYM7O450blSu76NZqXhqnZu', '67809 Murray Turnpike', 90005708, 'user', 'https://s3.amazonaws.com/uifaces/faces/twitter/itskawsar/128.jpg');

INSERT INTO person VALUES ('Jamar11@hotmail.com', 'Doris Bartoletti', '$2b$10$6zqstqkVFK3sOVsYk6mwYO7QPs9jf50Z0vdiTSHPhae747G/C0Dy.', '2691 Shaina Crest', 90266673, 'user', 'https://s3.amazonaws.com/uifaces/faces/twitter/ionuss/128.jpg');
INSERT INTO full_time_ct VALUES ('Jamar11@hotmail.com');
INSERT INTO ft_specializes_in VALUES ('Jamar11@hotmail.com', 'Chinchilla', 19);
INSERT INTO ft_specializes_in VALUES ('Jamar11@hotmail.com', 'Gerbil', 7);

INSERT INTO person VALUES ('Murray.VonRueden@gmail.com', 'Alex Hermiston', '$2b$10$6zqstqkVFK3sOVsYk6mwYOh1Y9Rq4D14zK9sdiCDJrIk1oB6VQD3i', '03242 Malika Lights', 90660781, 'user', 'https://s3.amazonaws.com/uifaces/faces/twitter/joetruesdell/128.jpg');
INSERT INTO credit_card VALUES (345501274905947, 'Murray.VonRueden@gmail.com', '2022-03-27T12:25:25.068Z', 417);
INSERT INTO pet VALUES ('Mary', 'Murray.VonRueden@gmail.com', 'Cow', 'Tempore officia quaerat natus dolorum ea quas tempora harum.', 'Est hic repudiandae veniam numquam dolorem natus qui amet.');

INSERT INTO person VALUES ('Marty6@yahoo.com', 'Heaven Christiansen', '$2b$10$6zqstqkVFK3sOVsYk6mwYO.PSrTs.LApd/ZRg9eTrVcs5a6UdFh6m', '189 Purdy Roads', 90766508, 'user', 'https://s3.amazonaws.com/uifaces/faces/twitter/jwalter14/128.jpg');
INSERT INTO credit_card VALUES (6767073658613526, 'Marty6@yahoo.com', '2023-04-21T14:03:45.224Z', 868);
INSERT INTO pet VALUES ('Ephraim', 'Marty6@yahoo.com', 'Chicken', 'Omnis iste ullam expedita sed eligendi.', 'Voluptatem et sit similique est dignissimos minus.');
INSERT INTO part_time_ct VALUES ('Marty6@yahoo.com');
INSERT INTO pt_free_schedule VALUES ('Marty6@yahoo.com', '2020-11-04T19:36:59.507Z', '2021-04-06T16:28:28.554Z');
INSERT INTO pt_specializes_in VALUES ('Marty6@yahoo.com', 'Chicken', 7);
INSERT INTO pt_specializes_in VALUES ('Marty6@yahoo.com', 'Ferret', 17);

INSERT INTO person VALUES ('Heloise6@gmail.com', 'Crystal Beer', '$2b$10$6zqstqkVFK3sOVsYk6mwYOitIHIvUGPKB3gLuadWzvh4tKtZNGiMG', '36788 Parker Motorway', 90403043, 'user', 'https://s3.amazonaws.com/uifaces/faces/twitter/salimianoff/128.jpg');
INSERT INTO credit_card VALUES (3528126854735457, 'Heloise6@gmail.com', '2023-05-10T01:23:18.987Z', 329);
INSERT INTO pet VALUES ('Amya', 'Heloise6@gmail.com', 'Gerbil', 'Sunt et qui totam amet ullam dignissimos.', 'Maxime nisi magni quia.');

INSERT INTO person VALUES ('Elda_Schowalter@yahoo.com', 'Krista Kautzer', '$2b$10$6zqstqkVFK3sOVsYk6mwYO02gD3MBaVnv/1wQyzDhfQUfTFI1K2Fa', '3925 Collin Knolls', 90526968, 'user', 'https://s3.amazonaws.com/uifaces/faces/twitter/johndezember/128.jpg');
INSERT INTO credit_card VALUES (6759141878879851, 'Elda_Schowalter@yahoo.com', '2023-08-19T06:45:20.758Z', 972);
INSERT INTO part_time_ct VALUES ('Elda_Schowalter@yahoo.com');
INSERT INTO pt_free_schedule VALUES ('Elda_Schowalter@yahoo.com', '2020-11-04T16:45:15.780Z', '2021-04-27T11:43:26.830Z');
INSERT INTO pt_specializes_in VALUES ('Elda_Schowalter@yahoo.com', 'Bird', 4);
INSERT INTO pt_specializes_in VALUES ('Elda_Schowalter@yahoo.com', 'Cow', 14);
INSERT INTO pt_specializes_in VALUES ('Elda_Schowalter@yahoo.com', 'Lizard', 10);

INSERT INTO person VALUES ('Sarina.Ebert32@gmail.com', 'Theresa Quigley', '$2b$10$6zqstqkVFK3sOVsYk6mwYOLmNShK5ypA6BX8YEEbkRDrCbGZH18Mu', '4340 Romaguera Roads', 90337784, 'user', 'https://s3.amazonaws.com/uifaces/faces/twitter/skkirilov/128.jpg');
INSERT INTO credit_card VALUES (5234982120708645, 'Sarina.Ebert32@gmail.com', '2021-02-14T04:07:01.930Z', 568);
INSERT INTO pet VALUES ('Shaina', 'Sarina.Ebert32@gmail.com', 'Ponie', 'Ea hic sed quas sequi voluptatem nisi.', 'Explicabo rerum consequatur ea ipsum consectetur illo odio.');
INSERT INTO pet VALUES ('Veda', 'Sarina.Ebert32@gmail.com', 'Ponie', 'Sed voluptatem voluptates veritatis excepturi odit minima veniam pariatur.', 'Quod dicta soluta sit velit ex dolorum.');

INSERT INTO person VALUES ('Jevon_Williamson@hotmail.com', 'Annabel Carroll', '$2b$10$6zqstqkVFK3sOVsYk6mwYO7j1YSGJ5HXFl2JAcxNzMplkfkgngw.G', '88074 Dean Hill', 90065840, 'user', 'https://s3.amazonaws.com/uifaces/faces/twitter/millinet/128.jpg');

INSERT INTO person VALUES ('Ardella_Kemmer34@gmail.com', 'Samara Hane', '$2b$10$6zqstqkVFK3sOVsYk6mwYOzcLNqdQ5xu9HMCcTmZfy3DH0qJsB/um', '05617 Constance Spurs', 90081130, 'user', 'https://s3.amazonaws.com/uifaces/faces/twitter/shaneIxD/128.jpg');

INSERT INTO person VALUES ('Else28@yahoo.com', 'Jay Volkman', '$2b$10$6zqstqkVFK3sOVsYk6mwYONMgRvZCl34ivfDKXn8Ikexlbl4cIDEm', '2903 Abernathy Pass', 90163506, 'user', 'https://s3.amazonaws.com/uifaces/faces/twitter/m_kalibry/128.jpg');
INSERT INTO credit_card VALUES (3562693586867012, 'Else28@yahoo.com', '2021-08-25T21:50:42.474Z', 370);
INSERT INTO pet VALUES ('Liliane', 'Else28@yahoo.com', 'Gecko', 'Aspernatur aspernatur earum.', 'Minima dolorum pariatur dolor pariatur eos est odio necessitatibus.');
INSERT INTO pet VALUES ('Meaghan', 'Else28@yahoo.com', 'Gecko', 'Temporibus repudiandae et veritatis reprehenderit.', 'Consequatur exercitationem atque expedita et sit assumenda nemo eos ex.');

INSERT INTO person VALUES ('Barry.Muller@gmail.com', 'Aletha Beahan', '$2b$10$6zqstqkVFK3sOVsYk6mwYOilWOnT9P3mvsqRAQrgnxY6zTHHkaiSS', '06740 Vivien Forge', 90504203, 'user', 'https://s3.amazonaws.com/uifaces/faces/twitter/mtolokonnikov/128.jpg');
INSERT INTO credit_card VALUES (6759172431907681, 'Barry.Muller@gmail.com', '2021-06-28T12:07:21.902Z', 832);
INSERT INTO pet VALUES ('Oren', 'Barry.Muller@gmail.com', 'Pigeon', 'Quis soluta aut sit eum error.', 'Omnis quasi quo iste dignissimos doloremque et recusandae.');
INSERT INTO pet VALUES ('Emil', 'Barry.Muller@gmail.com', 'Cow', 'Earum facilis saepe aperiam consequatur consequatur.', 'Aut molestiae possimus.');
INSERT INTO pet VALUES ('Eldridge', 'Barry.Muller@gmail.com', 'Pigeon', 'Molestias sit et alias est deserunt tenetur dolorem.', 'Exercitationem voluptatem natus.');

INSERT INTO person VALUES ('Ashley_Stanton17@gmail.com', 'Jessie Ullrich', '$2b$10$6zqstqkVFK3sOVsYk6mwYOFavZeLN/ND7aFrJRhJZQqC.q4l2PpJC', '79634 Armstrong Views', 90949605, 'user', 'https://s3.amazonaws.com/uifaces/faces/twitter/rehatkathuria/128.jpg');
INSERT INTO credit_card VALUES (5243907285776565, 'Ashley_Stanton17@gmail.com', '2021-04-11T16:40:33.595Z', 079);
INSERT INTO pet VALUES ('Tony', 'Ashley_Stanton17@gmail.com', 'Pot Bellied Pig', 'Dolorem minima aperiam magnam minima eaque sit voluptate.', 'Repellendus nobis repellat molestiae repellendus exercitationem ab.');
INSERT INTO pet VALUES ('Guido', 'Ashley_Stanton17@gmail.com', 'Hedgehog', 'Soluta hic sint reiciendis ullam dicta voluptas omnis quod.', 'Et sapiente est nostrum delectus odio voluptatum placeat odit molestiae.');
INSERT INTO pet VALUES ('Phyllis', 'Ashley_Stanton17@gmail.com', 'Cow', 'Esse asperiores aspernatur velit doloremque dolores cum sequi labore nisi.', 'Exercitationem natus reprehenderit tempore.');

INSERT INTO person VALUES ('Antonina.Denesik16@gmail.com', 'Pattie Howe', '$2b$10$6zqstqkVFK3sOVsYk6mwYOXRu3.r.PNc/.d8Xf3bqewtveT/.beLi', '368 Nikolaus Cape', 90197388, 'user', 'https://s3.amazonaws.com/uifaces/faces/twitter/zauerkraut/128.jpg');
INSERT INTO credit_card VALUES (5018319375515565, 'Antonina.Denesik16@gmail.com', '2021-01-28T22:02:47.068Z', 017);
INSERT INTO pet VALUES ('Davion', 'Antonina.Denesik16@gmail.com', 'Gecko', 'Sit temporibus ratione consequatur officia.', 'Dolores id perferendis id.');

INSERT INTO person VALUES ('Arden_Reinger99@gmail.com', 'Cindy Weber', '$2b$10$6zqstqkVFK3sOVsYk6mwYOd8Yrict1n5C37TY8Lb5743.yxrv0Jz2', '8511 Meredith Mountain', 90548483, 'user', 'https://s3.amazonaws.com/uifaces/faces/twitter/nemanjaivanovic/128.jpg');
INSERT INTO credit_card VALUES (6709882644131425, 'Arden_Reinger99@gmail.com', '2021-03-10T17:48:33.881Z', 738);
INSERT INTO pet VALUES ('Misael', 'Arden_Reinger99@gmail.com', 'Llama', 'Architecto nulla commodi.', 'Odit ex sed aut ad.');
INSERT INTO pet VALUES ('Christophe', 'Arden_Reinger99@gmail.com', 'Duck', 'Reprehenderit iste quam qui.', 'Aut quo quo.');
INSERT INTO part_time_ct VALUES ('Arden_Reinger99@gmail.com');
INSERT INTO pt_free_schedule VALUES ('Arden_Reinger99@gmail.com', '2020-11-05T12:10:34.997Z', '2021-06-17T21:23:22.014Z');
INSERT INTO pt_specializes_in VALUES ('Arden_Reinger99@gmail.com', 'Gecko', 16);
INSERT INTO pt_specializes_in VALUES ('Arden_Reinger99@gmail.com', 'Iguana', 7);
INSERT INTO pt_specializes_in VALUES ('Arden_Reinger99@gmail.com', 'Pig', 19);

INSERT INTO person VALUES ('Jaunita73@gmail.com', 'Rahsaan Littel', '$2b$10$6zqstqkVFK3sOVsYk6mwYOL6KXE8YdoEpoXfArVNWutEAc3xaS6T.', '82254 Cremin Squares', 90517740, 'user', 'https://s3.amazonaws.com/uifaces/faces/twitter/thewillbeard/128.jpg');
INSERT INTO credit_card VALUES (6706073132572467, 'Jaunita73@gmail.com', '2021-02-28T10:30:35.390Z', 826);
INSERT INTO pet VALUES ('Lemuel', 'Jaunita73@gmail.com', 'Gecko', 'Officia nobis incidunt eius voluptate voluptas doloribus nulla tempore.', 'Quia qui totam.');
INSERT INTO part_time_ct VALUES ('Jaunita73@gmail.com');
INSERT INTO pt_free_schedule VALUES ('Jaunita73@gmail.com', '2020-11-05T05:19:33.209Z', '2020-11-30T19:49:07.161Z');
INSERT INTO pt_specializes_in VALUES ('Jaunita73@gmail.com', 'Duck', 2);

INSERT INTO person VALUES ('Francisco_Schinner@gmail.com', 'Reid Hodkiewicz', '$2b$10$6zqstqkVFK3sOVsYk6mwYOy5DzYMhDmyog7OjIs/oJK.QU/pil7zi', '89647 Durgan Village', 90536279, 'user', 'https://s3.amazonaws.com/uifaces/faces/twitter/ManikRathee/128.jpg');
INSERT INTO credit_card VALUES (6379088614328545, 'Francisco_Schinner@gmail.com', '2021-05-26T00:34:48.551Z', 072);
INSERT INTO pet VALUES ('Benny', 'Francisco_Schinner@gmail.com', 'Chicken', 'Et voluptatem in sed eos.', 'Ex dolorem in recusandae unde in.');

INSERT INTO person VALUES ('Uriel_Lind@hotmail.com', 'Hans Bauch', '$2b$10$6zqstqkVFK3sOVsYk6mwYOwNO3Bsdl7b8O4cR65DVdIAIfAWAnui2', '122 Andres Spring', 90818374, 'user', 'https://s3.amazonaws.com/uifaces/faces/twitter/themikenagle/128.jpg');
INSERT INTO credit_card VALUES (5401042517866814, 'Uriel_Lind@hotmail.com', '2022-05-07T20:18:42.115Z', 004);
INSERT INTO part_time_ct VALUES ('Uriel_Lind@hotmail.com');
INSERT INTO pt_free_schedule VALUES ('Uriel_Lind@hotmail.com', '2020-11-05T05:09:17.330Z', '2021-06-16T09:55:48.932Z');
INSERT INTO pt_specializes_in VALUES ('Uriel_Lind@hotmail.com', 'Burro', 20);

INSERT INTO person VALUES ('Muriel.Cruickshank@yahoo.com', 'Dominique Hansen', '$2b$10$6zqstqkVFK3sOVsYk6mwYOLD7IkGMEzCHtGfR/Bu/vhpZalhXvc7a', '54765 Hyatt Inlet', 90356130, 'user', 'https://s3.amazonaws.com/uifaces/faces/twitter/emmeffess/128.jpg');
INSERT INTO credit_card VALUES (6706250482070043, 'Muriel.Cruickshank@yahoo.com', '2020-11-23T04:16:45.829Z', 009);
INSERT INTO pet VALUES ('Elta', 'Muriel.Cruickshank@yahoo.com', 'Bird', 'Nobis cupiditate at.', 'Voluptas sed perferendis iste.');
INSERT INTO pet VALUES ('Laury', 'Muriel.Cruickshank@yahoo.com', 'Cat', 'Tempora tenetur tempora rerum quae iure id.', 'Qui ipsam qui asperiores tenetur atque in non ad neque.');
INSERT INTO pet VALUES ('Noble', 'Muriel.Cruickshank@yahoo.com', 'Pigeon', 'Dolores laudantium saepe quo qui facere impedit.', 'Non asperiores consequatur sed et alias repudiandae.');
INSERT INTO part_time_ct VALUES ('Muriel.Cruickshank@yahoo.com');
INSERT INTO pt_free_schedule VALUES ('Muriel.Cruickshank@yahoo.com', '2020-11-05T14:11:52.636Z', '2021-05-26T07:20:53.377Z');
INSERT INTO pt_specializes_in VALUES ('Muriel.Cruickshank@yahoo.com', 'Donkey', 8);
INSERT INTO pt_specializes_in VALUES ('Muriel.Cruickshank@yahoo.com', 'Llama', 18);
INSERT INTO pt_specializes_in VALUES ('Muriel.Cruickshank@yahoo.com', 'Rabbit', 6);

INSERT INTO person VALUES ('Minnie_McKenzie@yahoo.com', 'Winifred Bergnaum', '$2b$10$6zqstqkVFK3sOVsYk6mwYOUlh7srqyvYciUSUqxBO9pwFp10vxWbW', '2787 Johns Plain', 90936967, 'user', 'https://s3.amazonaws.com/uifaces/faces/twitter/Stievius/128.jpg');
INSERT INTO part_time_ct VALUES ('Minnie_McKenzie@yahoo.com');
INSERT INTO pt_free_schedule VALUES ('Minnie_McKenzie@yahoo.com', '2020-11-05T13:20:35.762Z', '2021-04-11T18:36:12.307Z');
INSERT INTO pt_specializes_in VALUES ('Minnie_McKenzie@yahoo.com', 'Bearded Dragon', 20);

INSERT INTO person VALUES ('Sammy.Gleichner@hotmail.com', 'Antonietta Mayer', '$2b$10$6zqstqkVFK3sOVsYk6mwYOtOI7WqWcLPxHzpytSJc1b9we/4fEo7i', '524 Stoltenberg Ridges', 90123475, 'user', 'https://s3.amazonaws.com/uifaces/faces/twitter/jmillspaysbills/128.jpg');
INSERT INTO credit_card VALUES (3537360541356079, 'Sammy.Gleichner@hotmail.com', '2022-06-19T12:53:56.068Z', 554);
INSERT INTO pet VALUES ('Oral', 'Sammy.Gleichner@hotmail.com', 'Hog', 'Ab nam accusantium.', 'Commodi ut aut ipsam temporibus accusamus eligendi.');
INSERT INTO pet VALUES ('Christian', 'Sammy.Gleichner@hotmail.com', 'Ferret', 'Vel maxime id consequatur neque vero dolor esse id minus.', 'Quo delectus vitae error debitis.');
INSERT INTO part_time_ct VALUES ('Sammy.Gleichner@hotmail.com');
INSERT INTO pt_free_schedule VALUES ('Sammy.Gleichner@hotmail.com', '2020-11-04T18:35:54.126Z', '2021-02-05T21:20:56.163Z');

INSERT INTO person VALUES ('Liam_Smitham@gmail.com', 'Brian Feeney', '$2b$10$6zqstqkVFK3sOVsYk6mwYOeqaVFGEXi9dUanB401KS2Xbp.iqQV3i', '389 Trent Spring', 90482913, 'user', 'https://s3.amazonaws.com/uifaces/faces/twitter/benefritz/128.jpg');
INSERT INTO credit_card VALUES (3565860464799576, 'Liam_Smitham@gmail.com', '2021-01-07T13:00:02.394Z', 258);
INSERT INTO pet VALUES ('Ahmed', 'Liam_Smitham@gmail.com', 'Guinea Pig', 'Odit non nam dignissimos id saepe itaque eos reiciendis ullam.', 'Quia cumque non explicabo.');
INSERT INTO pet VALUES ('Conor', 'Liam_Smitham@gmail.com', 'Guinea Pig', 'Iste excepturi magni.', 'Provident fugiat soluta ipsa et id molestias voluptatem magni.');

INSERT INTO person VALUES ('Alexandro51@gmail.com', 'Raymond Fisher', '$2b$10$6zqstqkVFK3sOVsYk6mwYO7OKEcURrVjkapU0E3.ehHx/BvWS8Cii', '84025 Millie Corner', 90715859, 'user', 'https://s3.amazonaws.com/uifaces/faces/twitter/pierrestoffe/128.jpg');

INSERT INTO person VALUES ('Hank_Muller84@gmail.com', 'Dallin Wilderman', '$2b$10$6zqstqkVFK3sOVsYk6mwYOqzg/rt5xGN.p.C1z6jdkp38JCdIZ94y', '7703 Harris Passage', 90795973, 'user', 'https://s3.amazonaws.com/uifaces/faces/twitter/nandini_m/128.jpg');
INSERT INTO part_time_ct VALUES ('Hank_Muller84@gmail.com');
INSERT INTO pt_free_schedule VALUES ('Hank_Muller84@gmail.com', '2020-11-05T01:22:37.854Z', '2021-03-09T11:26:13.824Z');

INSERT INTO person VALUES ('Jalen87@yahoo.com', 'Ashleigh Heidenreich', '$2b$10$6zqstqkVFK3sOVsYk6mwYO.hZvvgdGSk4WrWqMlklGB.dY6hEfyIS', '75617 Kitty Forest', 90283556, 'user', 'https://s3.amazonaws.com/uifaces/faces/twitter/ariil/128.jpg');
INSERT INTO credit_card VALUES (6304420668466776, 'Jalen87@yahoo.com', '2022-10-08T23:04:16.174Z', 823);
INSERT INTO pet VALUES ('Broderick', 'Jalen87@yahoo.com', 'Geese (Chinese Swan Goose)', 'Adipisci excepturi ducimus.', 'Tenetur dolore porro eos.');
INSERT INTO pet VALUES ('Cora', 'Jalen87@yahoo.com', 'Chinchilla', 'Asperiores et animi laudantium deleniti vero eius vero quis magni.', 'Et eius quam aut.');
INSERT INTO full_time_ct VALUES ('Jalen87@yahoo.com');
INSERT INTO ft_specializes_in VALUES ('Jalen87@yahoo.com', 'Bird', 3);
INSERT INTO ft_specializes_in VALUES ('Jalen87@yahoo.com', 'Hedgehog', 19);
INSERT INTO ft_specializes_in VALUES ('Jalen87@yahoo.com', 'Pot Bellied Pig', 9);

INSERT INTO person VALUES ('Jonathan68@hotmail.com', 'Zora Wisozk', '$2b$10$6zqstqkVFK3sOVsYk6mwYOacHRQ0V/Ky8LnFCtgDVHJlOeeHQ6w0m', '98931 Raul Coves', 90396497, 'user', 'https://s3.amazonaws.com/uifaces/faces/twitter/kevka/128.jpg');
INSERT INTO credit_card VALUES (6011625444431722, 'Jonathan68@hotmail.com', '2021-05-18T01:35:47.026Z', 884);
INSERT INTO pet VALUES ('Adrain', 'Jonathan68@hotmail.com', 'Chicken', 'Velit veritatis voluptatum autem.', 'Omnis occaecati error eveniet modi.');
INSERT INTO pet VALUES ('Velma', 'Jonathan68@hotmail.com', 'Chameleons (Veiled)', 'Deleniti ut neque eaque et atque qui exercitationem error.', 'Veritatis sint esse facere et.');
INSERT INTO part_time_ct VALUES ('Jonathan68@hotmail.com');
INSERT INTO pt_free_schedule VALUES ('Jonathan68@hotmail.com', '2020-11-05T11:25:25.135Z', '2021-06-09T17:19:58.099Z');

INSERT INTO person VALUES ('Arvilla_Braun83@yahoo.com', 'Arnaldo Hermiston', '$2b$10$6zqstqkVFK3sOVsYk6mwYOGOXfqdXNbg5FvSAqQrtPtsVez6wreqq', '779 Santino Tunnel', 90141790, 'user', 'https://s3.amazonaws.com/uifaces/faces/twitter/oscarowusu/128.jpg');
INSERT INTO full_time_ct VALUES ('Arvilla_Braun83@yahoo.com');

INSERT INTO person VALUES ('Hailey_Wiza51@hotmail.com', 'Theresia Bradtke', '$2b$10$6zqstqkVFK3sOVsYk6mwYObdcDYRfx51GCzHzF1jHdxP590qF7bPy', '1257 Thaddeus Causeway', 90307129, 'user', 'https://s3.amazonaws.com/uifaces/faces/twitter/akmalfikri/128.jpg');

INSERT INTO person VALUES ('Freida_Pouros35@gmail.com', 'Dion Dietrich', '$2b$10$6zqstqkVFK3sOVsYk6mwYOoy93nKqoPFJ07cu6FvZBx5uoUBWhQGW', '31744 Bergstrom Brooks', 90537680, 'user', 'https://s3.amazonaws.com/uifaces/faces/twitter/soyjavi/128.jpg');

INSERT INTO person VALUES ('Evert_Cummerata@hotmail.com', 'Kenneth Zemlak', '$2b$10$6zqstqkVFK3sOVsYk6mwYOs5Kfd/SxAA.wFTez8jynisKOSkQ.vg6', '516 Bernier Cove', 90152599, 'user', 'https://s3.amazonaws.com/uifaces/faces/twitter/a_brixen/128.jpg');
INSERT INTO credit_card VALUES (5191027763883662, 'Evert_Cummerata@hotmail.com', '2020-11-12T23:19:04.122Z', 867);
INSERT INTO pet VALUES ('Chaim', 'Evert_Cummerata@hotmail.com', 'Gerbil', 'Tenetur et laborum id.', 'Quo quos veniam at quis perspiciatis cum ratione possimus.');
INSERT INTO full_time_ct VALUES ('Evert_Cummerata@hotmail.com');
INSERT INTO ft_specializes_in VALUES ('Evert_Cummerata@hotmail.com', 'Burro', 10);

INSERT INTO person VALUES ('Emily.Schultz77@hotmail.com', 'Ed Wilderman', '$2b$10$6zqstqkVFK3sOVsYk6mwYOrxadpfApg5i/6X959TXyD7TqJNEQghO', '24251 Breitenberg Summit', 90793211, 'user', 'https://s3.amazonaws.com/uifaces/faces/twitter/alek_djuric/128.jpg');
INSERT INTO part_time_ct VALUES ('Emily.Schultz77@hotmail.com');
INSERT INTO pt_free_schedule VALUES ('Emily.Schultz77@hotmail.com', '2020-11-04T22:49:48.091Z', '2021-08-14T08:47:33.075Z');
INSERT INTO pt_specializes_in VALUES ('Emily.Schultz77@hotmail.com', 'Duck', 7);
INSERT INTO pt_specializes_in VALUES ('Emily.Schultz77@hotmail.com', 'Hedgehog', 18);
INSERT INTO pt_specializes_in VALUES ('Emily.Schultz77@hotmail.com', 'Lizard', 16);

INSERT INTO person VALUES ('Noemi_Bode@hotmail.com', 'Monty Kulas', '$2b$10$6zqstqkVFK3sOVsYk6mwYO2Gq7bs5AtueAC90fZ1RHl/ApcGFOvFq', '702 Lorenza Mill', 90713341, 'user', 'https://s3.amazonaws.com/uifaces/faces/twitter/enjoythetau/128.jpg');
INSERT INTO credit_card VALUES (373735622442248, 'Noemi_Bode@hotmail.com', '2022-09-28T13:50:12.970Z', 162);
INSERT INTO pet VALUES ('Ada', 'Noemi_Bode@hotmail.com', 'Chinchilla', 'Facilis nihil dolores dolorum numquam amet sed facilis possimus.', 'Eaque eos voluptate maiores.');
INSERT INTO pet VALUES ('Clifton', 'Noemi_Bode@hotmail.com', 'Hamster', 'Ut consequuntur non magnam labore.', 'Natus molestiae ut perferendis dignissimos quia ea id accusantium.');

INSERT INTO person VALUES ('Urban43@hotmail.com', 'Ramiro Orn', '$2b$10$6zqstqkVFK3sOVsYk6mwYOETgjFdXMArkplvRqgagV2H.cU34NJde', '71716 Lemke River', 90745091, 'user', 'https://s3.amazonaws.com/uifaces/faces/twitter/allagringaus/128.jpg');
INSERT INTO credit_card VALUES (6771893576842631, 'Urban43@hotmail.com', '2022-10-01T00:19:07.585Z', 959);
INSERT INTO pet VALUES ('Julia', 'Urban43@hotmail.com', 'Chicken', 'Tempora voluptate et illum molestiae sit aliquam unde itaque fugit.', 'Tempore magni voluptatem asperiores.');
INSERT INTO pet VALUES ('Leanne', 'Urban43@hotmail.com', 'Goat', 'Saepe qui ratione dicta voluptas sit.', 'Ducimus possimus culpa omnis enim.');
INSERT INTO pet VALUES ('Ebba', 'Urban43@hotmail.com', 'Guinea Pig', 'Et non nihil iusto odit possimus eveniet.', 'Ut aliquam quae laborum sed.');
INSERT INTO part_time_ct VALUES ('Urban43@hotmail.com');
INSERT INTO pt_free_schedule VALUES ('Urban43@hotmail.com', '2020-11-04T16:41:32.928Z', '2021-02-06T23:23:38.673Z');
INSERT INTO pt_specializes_in VALUES ('Urban43@hotmail.com', 'Ferret', 19);

INSERT INTO person VALUES ('Dameon.Bergnaum@gmail.com', 'Camren Stoltenberg', '$2b$10$6zqstqkVFK3sOVsYk6mwYOWNGySn6asWwkmvivq2JhYYQ7FbAcIwC', '03620 Bridget Brook', 90617981, 'user', 'https://s3.amazonaws.com/uifaces/faces/twitter/michigangraham/128.jpg');
INSERT INTO credit_card VALUES (6759700764825370, 'Dameon.Bergnaum@gmail.com', '2022-10-25T21:36:44.601Z', 858);
INSERT INTO full_time_ct VALUES ('Dameon.Bergnaum@gmail.com');
INSERT INTO ft_specializes_in VALUES ('Dameon.Bergnaum@gmail.com', 'Fish', 5);

INSERT INTO person VALUES ('Vicenta.Reinger2@yahoo.com', 'Orpha Legros', '$2b$10$6zqstqkVFK3sOVsYk6mwYOQXT/b.9bnjVCflTvykUMUfHCroAyE3q', '7717 Hermiston Mews', 90912989, 'user', 'https://s3.amazonaws.com/uifaces/faces/twitter/thierrymeier_/128.jpg');

INSERT INTO person VALUES ('Benedict_Towne81@hotmail.com', 'Lorna Beahan', '$2b$10$6zqstqkVFK3sOVsYk6mwYOn/fILWeiUYqg5XTxiaTacn7hzBWUUIW', '77280 Aliza Spurs', 90015669, 'user', 'https://s3.amazonaws.com/uifaces/faces/twitter/allfordesign/128.jpg');
INSERT INTO part_time_ct VALUES ('Benedict_Towne81@hotmail.com');
INSERT INTO pt_free_schedule VALUES ('Benedict_Towne81@hotmail.com', '2020-11-05T11:54:49.790Z', '2021-03-07T10:34:28.190Z');

INSERT INTO person VALUES ('Virgil_Grant@yahoo.com', 'Gregory Fritsch', '$2b$10$6zqstqkVFK3sOVsYk6mwYODAIC6iyPrleD1i3FQm7772zYvJHJP9m', '4416 Cartwright Unions', 90785757, 'user', 'https://s3.amazonaws.com/uifaces/faces/twitter/mizko/128.jpg');
INSERT INTO credit_card VALUES (3535817289926072, 'Virgil_Grant@yahoo.com', '2021-03-17T10:38:57.285Z', 043);
INSERT INTO pet VALUES ('Milton', 'Virgil_Grant@yahoo.com', 'Mice', 'Aut dignissimos asperiores adipisci officiis aliquid eligendi omnis voluptas molestiae.', 'Vel impedit voluptatem commodi tempora reiciendis quo id voluptas unde.');
INSERT INTO pet VALUES ('Josefina', 'Virgil_Grant@yahoo.com', 'Pig', 'Enim aut cumque voluptatibus occaecati perferendis sint earum consequatur.', 'Quas voluptatem esse nostrum ut expedita labore ipsam.');
INSERT INTO pet VALUES ('Marilou', 'Virgil_Grant@yahoo.com', 'Bearded Dragon', 'Aliquid inventore velit quibusdam voluptatem rerum.', 'Voluptas numquam reiciendis sed id laboriosam libero et harum.');

INSERT INTO person VALUES ('Rosalyn.Pollich64@yahoo.com', 'Quentin Kerluke', '$2b$10$6zqstqkVFK3sOVsYk6mwYOefx1yJGyYOE/Qh6XDv8.A2j9lDoV6Xe', '34811 Brakus Via', 90521385, 'user', 'https://s3.amazonaws.com/uifaces/faces/twitter/jesseddy/128.jpg');
INSERT INTO credit_card VALUES (6392615849075827, 'Rosalyn.Pollich64@yahoo.com', '2021-11-28T13:16:28.754Z', 700);
INSERT INTO pet VALUES ('Alphonso', 'Rosalyn.Pollich64@yahoo.com', 'Geese (Chinese Swan Goose)', 'Et sunt nam id distinctio qui in ea soluta.', 'Magni et debitis aperiam et beatae fugiat.');
INSERT INTO pet VALUES ('Dina', 'Rosalyn.Pollich64@yahoo.com', 'Ponie', 'Sit velit quas inventore voluptas vel sed et neque quaerat.', 'Suscipit aspernatur et earum pariatur delectus recusandae.');
INSERT INTO pet VALUES ('Sid', 'Rosalyn.Pollich64@yahoo.com', 'Chicken', 'Vel qui suscipit beatae fuga.', 'Laboriosam aperiam numquam dolores nobis necessitatibus.');
INSERT INTO full_time_ct VALUES ('Rosalyn.Pollich64@yahoo.com');
INSERT INTO ft_specializes_in VALUES ('Rosalyn.Pollich64@yahoo.com', 'Bird', 8);
INSERT INTO ft_specializes_in VALUES ('Rosalyn.Pollich64@yahoo.com', 'Gecko', 0);
INSERT INTO ft_specializes_in VALUES ('Rosalyn.Pollich64@yahoo.com', 'Geese (Chinese Swan Goose)', 3);

INSERT INTO person VALUES ('Cierra_Kutch@gmail.com', 'Alexanne OReilly', '$2b$10$6zqstqkVFK3sOVsYk6mwYOaEb.HI6Nq0RqqQeatsaLZzZgUeuCNXy', '56012 Priscilla Burg', 90804766, 'user', 'https://s3.amazonaws.com/uifaces/faces/twitter/kirangopal/128.jpg');

INSERT INTO person VALUES ('Breana.Hessel@gmail.com', 'Ansley Lockman', '$2b$10$6zqstqkVFK3sOVsYk6mwYOa/sD1PWjjihdVKlfk.zVmXN5B.ldPn2', '81227 Reina Freeway', 90264414, 'user', 'https://s3.amazonaws.com/uifaces/faces/twitter/russell_baylis/128.jpg');

INSERT INTO person VALUES ('Reanna91@hotmail.com', 'Michaela Schaefer', '$2b$10$6zqstqkVFK3sOVsYk6mwYOf8bCbYc.jhROtE2uDtw7BBvqg34Ew0C', '0024 Elsa Course', 90529590, 'user', 'https://s3.amazonaws.com/uifaces/faces/twitter/meelford/128.jpg');
INSERT INTO part_time_ct VALUES ('Reanna91@hotmail.com');
INSERT INTO pt_free_schedule VALUES ('Reanna91@hotmail.com', '2020-11-04T14:42:46.742Z', '2021-04-06T20:02:36.157Z');

INSERT INTO person VALUES ('Addie41@yahoo.com', 'Edgardo Torp', '$2b$10$6zqstqkVFK3sOVsYk6mwYOGdGAgtenZnu/MiCO1fpAWO3D7s6KwyO', '716 Sterling Ways', 90009280, 'user', 'https://s3.amazonaws.com/uifaces/faces/twitter/noxdzine/128.jpg');
INSERT INTO part_time_ct VALUES ('Addie41@yahoo.com');
INSERT INTO pt_free_schedule VALUES ('Addie41@yahoo.com', '2020-11-04T14:46:10.802Z', '2020-12-19T06:28:03.553Z');
INSERT INTO pt_specializes_in VALUES ('Addie41@yahoo.com', 'Chinese Water Dragon', 17);
INSERT INTO pt_specializes_in VALUES ('Addie41@yahoo.com', 'Llama', 12);
INSERT INTO pt_specializes_in VALUES ('Addie41@yahoo.com', 'Pot Bellied Pig', 5);

INSERT INTO person VALUES ('Kim_Dicki79@gmail.com', 'Dakota Mayer', '$2b$10$6zqstqkVFK3sOVsYk6mwYOGjKVbw0DHp5n.dUF9Pgouw3qAkqfaKq', '12106 Hackett Path', 90721174, 'user', 'https://s3.amazonaws.com/uifaces/faces/twitter/bassamology/128.jpg');
INSERT INTO credit_card VALUES (6584624990709208, 'Kim_Dicki79@gmail.com', '2021-08-19T06:27:09.376Z', 752);
INSERT INTO pet VALUES ('Kevin', 'Kim_Dicki79@gmail.com', 'Geese (Chinese Swan Goose)', 'Et molestiae in quos.', 'Qui qui adipisci ad alias minima accusantium officia dolores assumenda.');

INSERT INTO person VALUES ('Cordia_Rolfson@yahoo.com', 'Madisyn Fahey', '$2b$10$6zqstqkVFK3sOVsYk6mwYONZ8cYo7GhnRiCy0zLcJo2.IwA.oZwZa', '514 Roberts Prairie', 90506003, 'user', 'https://s3.amazonaws.com/uifaces/faces/twitter/travis_arnold/128.jpg');
INSERT INTO credit_card VALUES (6771894931581058, 'Cordia_Rolfson@yahoo.com', '2021-04-16T19:58:48.032Z', 546);
INSERT INTO pet VALUES ('Alda', 'Cordia_Rolfson@yahoo.com', 'Mice', 'Sed placeat quo est nesciunt.', 'Inventore illo maxime mollitia debitis libero.');
INSERT INTO pet VALUES ('Bernhard', 'Cordia_Rolfson@yahoo.com', 'Dog', 'Officia debitis dolores quod.', 'Ut non ut et porro.');

INSERT INTO person VALUES ('Raheem_Mills70@hotmail.com', 'Devante Cormier', '$2b$10$6zqstqkVFK3sOVsYk6mwYOW/3gjzo1D8x/vajFsiz790AsNPQDl1O', '90748 Hilpert Stravenue', 90185944, 'user', 'https://s3.amazonaws.com/uifaces/faces/twitter/VinThomas/128.jpg');

INSERT INTO person VALUES ('Elvera.Bogisich50@yahoo.com', 'Maribel Muller', '$2b$10$6zqstqkVFK3sOVsYk6mwYO39LaGrufbjp2c36anT7pr8rZCLTApyq', '80416 Marcelle Harbor', 90609182, 'user', 'https://s3.amazonaws.com/uifaces/faces/twitter/fabbianz/128.jpg');
INSERT INTO credit_card VALUES (6388507340252963, 'Elvera.Bogisich50@yahoo.com', '2021-10-19T08:06:04.457Z', 484);
INSERT INTO pet VALUES ('Vita', 'Elvera.Bogisich50@yahoo.com', 'Peafowl', 'Magni ea dolore et dolor corporis facilis quia voluptate nulla.', 'Asperiores laudantium eos.');
INSERT INTO pet VALUES ('Dana', 'Elvera.Bogisich50@yahoo.com', 'Lizard', 'Consectetur sed nesciunt quibusdam exercitationem et rerum numquam saepe beatae.', 'Accusamus eum vel nam quibusdam maiores.');
INSERT INTO full_time_ct VALUES ('Elvera.Bogisich50@yahoo.com');
INSERT INTO ft_specializes_in VALUES ('Elvera.Bogisich50@yahoo.com', 'Gerbil', 11);

INSERT INTO person VALUES ('Johan_Klein@hotmail.com', 'Betty Willms', '$2b$10$6zqstqkVFK3sOVsYk6mwYOnM19/dT6S6QDb8SYO2ieCud.t38WHRe', '9465 Brakus Corners', 90207255, 'user', 'https://s3.amazonaws.com/uifaces/faces/twitter/itsajimithing/128.jpg');
INSERT INTO credit_card VALUES (6709743577655847, 'Johan_Klein@hotmail.com', '2021-09-01T14:21:05.419Z', 755);
INSERT INTO pet VALUES ('Conner', 'Johan_Klein@hotmail.com', 'Chinchilla', 'Natus magni quia asperiores.', 'Et autem pariatur molestias similique suscipit.');
INSERT INTO pet VALUES ('Joanny', 'Johan_Klein@hotmail.com', 'Fish', 'Libero enim cupiditate quo.', 'Quis dolorum quisquam a voluptate.');
INSERT INTO pet VALUES ('Bethany', 'Johan_Klein@hotmail.com', 'Hedgehog', 'Laudantium non vitae.', 'Debitis sed rerum distinctio quia repellat consectetur.');

INSERT INTO person VALUES ('Cruz_Rippin@gmail.com', 'Deon Volkman', '$2b$10$6zqstqkVFK3sOVsYk6mwYOtilCcWMq7ckixvLWy0ywx.UTm0Ki/Ka', '326 Runolfsdottir Viaduct', 90667883, 'user', 'https://s3.amazonaws.com/uifaces/faces/twitter/kuldarkalvik/128.jpg');

INSERT INTO person VALUES ('Austen29@hotmail.com', 'Nathen Turcotte', '$2b$10$6zqstqkVFK3sOVsYk6mwYOvkCkEf3GiBFMLqQgkfQ0..H9Fm38vRK', '0490 Ari Mews', 90031588, 'user', 'https://s3.amazonaws.com/uifaces/faces/twitter/dgclegg/128.jpg');
INSERT INTO part_time_ct VALUES ('Austen29@hotmail.com');
INSERT INTO pt_free_schedule VALUES ('Austen29@hotmail.com', '2020-11-05T08:21:37.059Z', '2021-09-11T15:45:51.315Z');
INSERT INTO pt_specializes_in VALUES ('Austen29@hotmail.com', 'Goat', 16);
INSERT INTO pt_specializes_in VALUES ('Austen29@hotmail.com', 'Guinea Pig', 10);

INSERT INTO person VALUES ('Michel65@hotmail.com', 'Major Klocko', '$2b$10$6zqstqkVFK3sOVsYk6mwYOWppEv5HQhfGXFKzGpeu7F/IJUUuDsYm', '598 Lehner Well', 90741161, 'user', 'https://s3.amazonaws.com/uifaces/faces/twitter/djsherman/128.jpg');
INSERT INTO part_time_ct VALUES ('Michel65@hotmail.com');
INSERT INTO pt_free_schedule VALUES ('Michel65@hotmail.com', '2020-11-05T11:18:24.249Z', '2020-11-16T14:58:56.690Z');

INSERT INTO person VALUES ('Ruben_Davis95@gmail.com', 'Melyna Boyer', '$2b$10$6zqstqkVFK3sOVsYk6mwYO.8tpOdPNZckWUW4mIlmjGi0Q2ZCyr6m', '33131 Nader Parks', 90654673, 'user', 'https://s3.amazonaws.com/uifaces/faces/twitter/maximsorokin/128.jpg');

INSERT INTO person VALUES ('Lynn_Rath76@yahoo.com', 'Filomena Crooks', '$2b$10$6zqstqkVFK3sOVsYk6mwYOPQUSqnMPn5qOOzoGsfPQPJCj0zhDN9e', '362 Stracke Estate', 90578409, 'user', 'https://s3.amazonaws.com/uifaces/faces/twitter/j_drake_/128.jpg');
INSERT INTO credit_card VALUES (6531263458792937, 'Lynn_Rath76@yahoo.com', '2023-06-04T03:42:40.880Z', 626);
INSERT INTO pet VALUES ('Jess', 'Lynn_Rath76@yahoo.com', 'Gecko', 'Quis id rerum velit.', 'Molestiae alias aperiam distinctio similique.');

INSERT INTO person VALUES ('Andreane46@hotmail.com', 'Nikolas Haley', '$2b$10$6zqstqkVFK3sOVsYk6mwYO.DJR21bm72VMVaJm2J/NyETEXokuACO', '223 Abbott Pine', 90835393, 'user', 'https://s3.amazonaws.com/uifaces/faces/twitter/tobysaxon/128.jpg');

INSERT INTO person VALUES ('Mellie19@yahoo.com', 'Orville Leffler', '$2b$10$6zqstqkVFK3sOVsYk6mwYOfAqKaRZRlfAIsKagdv7lRXQE9awo36e', '643 Adolphus Square', 90756519, 'user', 'https://s3.amazonaws.com/uifaces/faces/twitter/tjisousa/128.jpg');
INSERT INTO part_time_ct VALUES ('Mellie19@yahoo.com');
INSERT INTO pt_free_schedule VALUES ('Mellie19@yahoo.com', '2020-11-05T08:13:51.224Z', '2021-09-11T02:38:26.323Z');
INSERT INTO pt_specializes_in VALUES ('Mellie19@yahoo.com', 'Chinese Water Dragon', 14);
INSERT INTO pt_specializes_in VALUES ('Mellie19@yahoo.com', 'Duck', 7);

INSERT INTO person VALUES ('Gladyce5@hotmail.com', 'Sandra Hane', '$2b$10$6zqstqkVFK3sOVsYk6mwYOcuBPZ1jdGul9yJiQgyed.wrnkZ9ROlm', '567 Ward Views', 90130534, 'user', 'https://s3.amazonaws.com/uifaces/faces/twitter/manekenthe/128.jpg');
INSERT INTO part_time_ct VALUES ('Gladyce5@hotmail.com');
INSERT INTO pt_free_schedule VALUES ('Gladyce5@hotmail.com', '2020-11-05T11:38:47.141Z', '2020-12-23T05:52:49.746Z');
INSERT INTO pt_specializes_in VALUES ('Gladyce5@hotmail.com', 'Hog', 4);

INSERT INTO person VALUES ('Rogelio.Gerhold5@gmail.com', 'Devyn Hoppe', '$2b$10$6zqstqkVFK3sOVsYk6mwYOgitxNzIB7TQe6hNzj1ABGvpriezHa0O', '142 Keven Springs', 90213274, 'user', 'https://s3.amazonaws.com/uifaces/faces/twitter/dannol/128.jpg');
INSERT INTO credit_card VALUES (5497410383510688, 'Rogelio.Gerhold5@gmail.com', '2022-02-25T19:12:33.391Z', 717);
INSERT INTO pet VALUES ('Cullen', 'Rogelio.Gerhold5@gmail.com', 'Ferret', 'Voluptas eveniet provident ut ab voluptatem.', 'Aut placeat sequi nulla facilis.');
INSERT INTO pet VALUES ('Annamarie', 'Rogelio.Gerhold5@gmail.com', 'Dog', 'In dolores voluptatum sit excepturi cum dolores quis animi.', 'Est voluptate soluta laboriosam iste.');

INSERT INTO person VALUES ('Armando67@yahoo.com', 'Modesto Heller', '$2b$10$6zqstqkVFK3sOVsYk6mwYOg/h/qeefEVqHB1yC/C0Ryk5lK8IiIVa', '2850 Robel Falls', 90081709, 'user', 'https://s3.amazonaws.com/uifaces/faces/twitter/marcusgorillius/128.jpg');
INSERT INTO part_time_ct VALUES ('Armando67@yahoo.com');
INSERT INTO pt_free_schedule VALUES ('Armando67@yahoo.com', '2020-11-04T23:54:53.707Z', '2020-12-30T00:29:53.731Z');
INSERT INTO pt_specializes_in VALUES ('Armando67@yahoo.com', 'Dog', 12);
INSERT INTO pt_specializes_in VALUES ('Armando67@yahoo.com', 'Hamster', 9);
INSERT INTO pt_specializes_in VALUES ('Armando67@yahoo.com', 'Pot Bellied Pig', 20);

INSERT INTO person VALUES ('Kayla_McCullough53@hotmail.com', 'Joannie Stamm', '$2b$10$6zqstqkVFK3sOVsYk6mwYOuc5r2Zy9UfQID6nY.a9vpTigkPYmL0a', '727 Ruecker Squares', 90244871, 'user', 'https://s3.amazonaws.com/uifaces/faces/twitter/roybarberuk/128.jpg');

INSERT INTO person VALUES ('Christelle_Kovacek@hotmail.com', 'Breana Durgan', '$2b$10$6zqstqkVFK3sOVsYk6mwYOGZfSq6ep4E3mw/6zrZ9dyLkNG/y6OAG', '41189 Wava Island', 90366315, 'user', 'https://s3.amazonaws.com/uifaces/faces/twitter/krystalfister/128.jpg');
INSERT INTO credit_card VALUES (6759414207572057, 'Christelle_Kovacek@hotmail.com', '2023-07-15T17:11:49.060Z', 919);

INSERT INTO person VALUES ('Earlene90@hotmail.com', 'Lyla Schmitt', '$2b$10$6zqstqkVFK3sOVsYk6mwYOR7cekK/eBBm1OPrE3KHzIKTDjLNH7Vm', '07788 Seth Street', 90342381, 'user', 'https://s3.amazonaws.com/uifaces/faces/twitter/BillSKenney/128.jpg');
INSERT INTO credit_card VALUES (6771894728076670, 'Earlene90@hotmail.com', '2021-07-02T08:12:20.938Z', 690);
INSERT INTO pet VALUES ('Greg', 'Earlene90@hotmail.com', 'Gerbil', 'Repellat vel accusamus molestias ut eos rerum dolor.', 'Totam voluptatum sunt nihil.');
INSERT INTO pet VALUES ('Gordon', 'Earlene90@hotmail.com', 'Pig', 'Eius veniam fuga nisi quidem sit ut sed.', 'Velit rerum facilis necessitatibus.');
INSERT INTO pet VALUES ('Chelsea', 'Earlene90@hotmail.com', 'Peafowl', 'Enim totam dolor molestiae.', 'Culpa dolor minus.');

INSERT INTO person VALUES ('Ahmad54@hotmail.com', 'Norbert Hermann', '$2b$10$6zqstqkVFK3sOVsYk6mwYO8bhZjUUi3OSRBsgllsQMk2Uf2.xWQpG', '07891 Davion Rapids', 90761837, 'user', 'https://s3.amazonaws.com/uifaces/faces/twitter/sokaniwaal/128.jpg');
INSERT INTO credit_card VALUES (5478317829704699, 'Ahmad54@hotmail.com', '2021-08-07T14:40:31.842Z', 630);
INSERT INTO pet VALUES ('Hilario', 'Ahmad54@hotmail.com', 'Bearded Dragon', 'Unde autem commodi sunt distinctio officiis perferendis aut.', 'Magnam nulla architecto quia.');
INSERT INTO pet VALUES ('Allan', 'Ahmad54@hotmail.com', 'Guinea Fowl', 'Sit aut qui sed soluta recusandae.', 'Quae ut voluptatem ut.');
INSERT INTO pet VALUES ('Bret', 'Ahmad54@hotmail.com', 'Llama', 'Quis rerum excepturi quam eligendi.', 'Cupiditate iusto beatae nihil amet ea.');
INSERT INTO part_time_ct VALUES ('Ahmad54@hotmail.com');
INSERT INTO pt_free_schedule VALUES ('Ahmad54@hotmail.com', '2020-11-04T17:30:53.282Z', '2020-11-12T12:00:18.568Z');
INSERT INTO pt_specializes_in VALUES ('Ahmad54@hotmail.com', 'Donkey', 10);
INSERT INTO pt_specializes_in VALUES ('Ahmad54@hotmail.com', 'Gecko', 6);
INSERT INTO pt_specializes_in VALUES ('Ahmad54@hotmail.com', 'Guinea Pig', 16);

INSERT INTO person VALUES ('Arno_OKon@yahoo.com', 'Gino Schimmel', '$2b$10$6zqstqkVFK3sOVsYk6mwYO4FKJ/d6GI4N6USlQ2D1OzbvdnlHaES6', '2630 Dante Square', 90711498, 'user', 'https://s3.amazonaws.com/uifaces/faces/twitter/rdbannon/128.jpg');
INSERT INTO credit_card VALUES (6759340879538594, 'Arno_OKon@yahoo.com', '2024-02-05T07:50:39.937Z', 053);

INSERT INTO person VALUES ('Toy_Zboncak@yahoo.com', 'Abigail Parisian', '$2b$10$6zqstqkVFK3sOVsYk6mwYOLs5UTa58QkLCIKKOxFsYmT0LFml0j72', '018 Jerald Island', 90991016, 'user', 'https://s3.amazonaws.com/uifaces/faces/twitter/aaronalfred/128.jpg');

INSERT INTO person VALUES ('Ned_Altenwerth@gmail.com', 'Kamren Feest', '$2b$10$6zqstqkVFK3sOVsYk6mwYO7aPfT9cuF2Qe3ayddiFg/7yxDda24cC', '51432 Weber Drive', 90188410, 'user', 'https://s3.amazonaws.com/uifaces/faces/twitter/randomlies/128.jpg');

INSERT INTO person VALUES ('Bruce47@gmail.com', 'Esmeralda Roberts', '$2b$10$6zqstqkVFK3sOVsYk6mwYOcMHF7IFwSMp9Df7HY.fquoLmgMtehdS', '4787 Bulah Lights', 90662542, 'user', 'https://s3.amazonaws.com/uifaces/faces/twitter/themadray/128.jpg');
INSERT INTO credit_card VALUES (6759331614051404, 'Bruce47@gmail.com', '2021-04-06T06:04:21.742Z', 541);
INSERT INTO pet VALUES ('Kristian', 'Bruce47@gmail.com', 'Cow', 'Distinctio atque sunt accusamus voluptatem molestiae velit et qui accusamus.', 'Dolor recusandae dolores ab quos vero sed.');

INSERT INTO person VALUES ('Christ_McKenzie71@hotmail.com', 'Marianne Schuppe', '$2b$10$6zqstqkVFK3sOVsYk6mwYOAGo/r9FRcUD8.sSCcv2ICh9GYDmmGle', '69109 Maymie Summit', 90669087, 'user', 'https://s3.amazonaws.com/uifaces/faces/twitter/ntfblog/128.jpg');
INSERT INTO credit_card VALUES (6706786951813287, 'Christ_McKenzie71@hotmail.com', '2025-04-20T15:19:59.019Z', 876);
INSERT INTO pet VALUES ('Zackery', 'Christ_McKenzie71@hotmail.com', 'Fish', 'Esse explicabo unde quia enim nostrum ut suscipit autem nihil.', 'Quo velit quo totam aut quo est adipisci minus rerum.');
INSERT INTO pet VALUES ('Odell', 'Christ_McKenzie71@hotmail.com', 'Cow', 'Ut et repellat reprehenderit ut in fuga ullam unde.', 'Exercitationem eligendi provident enim.');
INSERT INTO pet VALUES ('Guadalupe', 'Christ_McKenzie71@hotmail.com', 'Pigeon', 'Aliquam ullam dolores soluta ducimus nostrum.', 'Reiciendis ipsam omnis minima rerum qui quas.');
INSERT INTO full_time_ct VALUES ('Christ_McKenzie71@hotmail.com');
INSERT INTO ft_specializes_in VALUES ('Christ_McKenzie71@hotmail.com', 'Cow', 15);
INSERT INTO ft_specializes_in VALUES ('Christ_McKenzie71@hotmail.com', 'Goat', 11);
INSERT INTO ft_specializes_in VALUES ('Christ_McKenzie71@hotmail.com', 'Hedgehog', 2);

INSERT INTO person VALUES ('Guadalupe50@yahoo.com', 'Kade Collins', '$2b$10$6zqstqkVFK3sOVsYk6mwYOqCtVRBS6A2UjxNTAzYhfyMrHM70Q5Vm', '2945 Runte Flat', 90149677, 'user', 'https://s3.amazonaws.com/uifaces/faces/twitter/ruehldesign/128.jpg');
INSERT INTO credit_card VALUES (6771896911245196, 'Guadalupe50@yahoo.com', '2020-11-15T19:30:06.420Z', 831);

INSERT INTO person VALUES ('Hobart_Mante97@yahoo.com', 'Kenyatta Hessel', '$2b$10$6zqstqkVFK3sOVsYk6mwYOm2tVSPvH.GJyghnwC7V.2wSuQzkr.MS', '2008 Lueilwitz Bridge', 90367354, 'user', 'https://s3.amazonaws.com/uifaces/faces/twitter/emmandenn/128.jpg');
INSERT INTO credit_card VALUES (6767861458863280, 'Hobart_Mante97@yahoo.com', '2021-05-26T20:49:42.101Z', 081);
INSERT INTO pet VALUES ('Adelia', 'Hobart_Mante97@yahoo.com', 'Bearded Dragon', 'Suscipit ut aperiam consequatur vel optio iste minima cumque.', 'Quasi amet necessitatibus distinctio architecto repellendus natus non blanditiis necessitatibus.');

INSERT INTO person VALUES ('Estefania_Stokes@yahoo.com', 'Jennifer McDermott', '$2b$10$6zqstqkVFK3sOVsYk6mwYOSDHX74D8jPsTXvDyBRiafEGfuOGn0yq', '563 Hyatt Rapid', 90432961, 'user', 'https://s3.amazonaws.com/uifaces/faces/twitter/s4f1/128.jpg');
INSERT INTO full_time_ct VALUES ('Estefania_Stokes@yahoo.com');

INSERT INTO person VALUES ('Tressie57@gmail.com', 'Ariel Bartell', '$2b$10$6zqstqkVFK3sOVsYk6mwYOzwt.dcDqQmLy.LRaaUpp4s2GyQ2OAcG', '847 Grant Spring', 90572768, 'user', 'https://s3.amazonaws.com/uifaces/faces/twitter/kiwiupover/128.jpg');
INSERT INTO credit_card VALUES (3528319858205912, 'Tressie57@gmail.com', '2021-04-22T12:28:01.256Z', 880);
INSERT INTO part_time_ct VALUES ('Tressie57@gmail.com');
INSERT INTO pt_free_schedule VALUES ('Tressie57@gmail.com', '2020-11-05T08:30:23.873Z', '2021-06-05T13:55:48.523Z');
INSERT INTO pt_specializes_in VALUES ('Tressie57@gmail.com', 'Burro', 19);
INSERT INTO pt_specializes_in VALUES ('Tressie57@gmail.com', 'Chinchilla', 14);
INSERT INTO pt_specializes_in VALUES ('Tressie57@gmail.com', 'Guinea Pig', 16);

INSERT INTO person VALUES ('Keshaun11@yahoo.com', 'Alycia Bayer', '$2b$10$6zqstqkVFK3sOVsYk6mwYO94t5ADnngrBgRaz9tEDvWj9lcjPqMxG', '53599 Tre Inlet', 90360843, 'user', 'https://s3.amazonaws.com/uifaces/faces/twitter/jnmnrd/128.jpg');

INSERT INTO person VALUES ('Kurt_Medhurst@gmail.com', 'Oswaldo Runte', '$2b$10$6zqstqkVFK3sOVsYk6mwYOiHhix9o.A0aVJteLLf7L.duEMfhWy6W', '0861 Mariana Lakes', 90600341, 'user', 'https://s3.amazonaws.com/uifaces/faces/twitter/danvierich/128.jpg');

INSERT INTO person VALUES ('Alexa13@gmail.com', 'Winston Wisoky', '$2b$10$6zqstqkVFK3sOVsYk6mwYO0XWH6.WEDXBpA16oku65WPpiDkRaUoC', '68536 Verda Harbors', 90367253, 'user', 'https://s3.amazonaws.com/uifaces/faces/twitter/lowie/128.jpg');
INSERT INTO credit_card VALUES (6381479010410100, 'Alexa13@gmail.com', '2022-02-04T08:13:43.695Z', 144);
INSERT INTO pet VALUES ('Andreane', 'Alexa13@gmail.com', 'Duck', 'Vel et libero ut consequuntur.', 'Omnis eum quae sed sed necessitatibus sint soluta et qui.');

INSERT INTO person VALUES ('Rogers17@hotmail.com', 'Darrick Wilkinson', '$2b$10$6zqstqkVFK3sOVsYk6mwYOTOPIsv8jfm7j5pGu9n1F1n7ViuQqgx6', '5923 Olin Place', 90265642, 'user', 'https://s3.amazonaws.com/uifaces/faces/twitter/rweve/128.jpg');
INSERT INTO credit_card VALUES (6771896719875135, 'Rogers17@hotmail.com', '2021-05-06T06:11:55.669Z', 389);
INSERT INTO full_time_ct VALUES ('Rogers17@hotmail.com');
INSERT INTO ft_specializes_in VALUES ('Rogers17@hotmail.com', 'Bird', 7);
INSERT INTO ft_specializes_in VALUES ('Rogers17@hotmail.com', 'Cow', 19);

INSERT INTO person VALUES ('Wilburn87@yahoo.com', 'Geoffrey Koepp', '$2b$10$6zqstqkVFK3sOVsYk6mwYOeb.Jg//d1741/gYz5pwnavittZVvVXi', '1563 Rick Shores', 90308599, 'user', 'https://s3.amazonaws.com/uifaces/faces/twitter/croakx/128.jpg');

INSERT INTO person VALUES ('Carolanne.Volkman@hotmail.com', 'Mattie Willms', '$2b$10$6zqstqkVFK3sOVsYk6mwYOlJ9nNBD9Pxx4Wnck.vcZ7.ihdvBIHba', '980 Kaitlyn Points', 90961371, 'user', 'https://s3.amazonaws.com/uifaces/faces/twitter/airskylar/128.jpg');

INSERT INTO person VALUES ('Yesenia_Hermiston14@hotmail.com', 'Donny Conn', '$2b$10$6zqstqkVFK3sOVsYk6mwYOD.1myb.rXpEx6To.e.Jr0B65eaw99Y6', '836 Stroman Summit', 90287023, 'user', 'https://s3.amazonaws.com/uifaces/faces/twitter/sur4dye/128.jpg');
INSERT INTO part_time_ct VALUES ('Yesenia_Hermiston14@hotmail.com');
INSERT INTO pt_free_schedule VALUES ('Yesenia_Hermiston14@hotmail.com', '2020-11-04T16:22:58.236Z', '2021-02-21T10:57:26.234Z');
INSERT INTO pt_specializes_in VALUES ('Yesenia_Hermiston14@hotmail.com', 'Geese (Chinese Swan Goose)', 17);
INSERT INTO pt_specializes_in VALUES ('Yesenia_Hermiston14@hotmail.com', 'Mule', 11);

INSERT INTO person VALUES ('Virgie_Langosh@gmail.com', 'Zachery Marquardt', '$2b$10$6zqstqkVFK3sOVsYk6mwYO8WPoMH5.ojcgCNdUskG4ISFn//MjRY6', '9881 Metz Street', 90304189, 'user', 'https://s3.amazonaws.com/uifaces/faces/twitter/craigrcoles/128.jpg');
INSERT INTO credit_card VALUES (3529212323425840, 'Virgie_Langosh@gmail.com', '2022-10-11T23:33:33.568Z', 807);
INSERT INTO pet VALUES ('Baron', 'Virgie_Langosh@gmail.com', 'Chicken', 'Dolor fugiat et laborum.', 'Labore voluptas voluptatem voluptas corrupti veniam in.');
INSERT INTO part_time_ct VALUES ('Virgie_Langosh@gmail.com');
INSERT INTO pt_free_schedule VALUES ('Virgie_Langosh@gmail.com', '2020-11-05T05:18:52.217Z', '2021-01-10T00:55:36.178Z');
INSERT INTO pt_specializes_in VALUES ('Virgie_Langosh@gmail.com', 'Dog', 18);
INSERT INTO pt_specializes_in VALUES ('Virgie_Langosh@gmail.com', 'Peafowl', 17);

INSERT INTO person VALUES ('Ransom.Hauck95@yahoo.com', 'Constantin Emmerich', '$2b$10$6zqstqkVFK3sOVsYk6mwYO1XHMQVgbMPcsOTq6JQeA1oEIVojJv2.', '7458 Hirthe Haven', 90128791, 'user', 'https://s3.amazonaws.com/uifaces/faces/twitter/ryanmclaughlin/128.jpg');
INSERT INTO credit_card VALUES (4164367552320, 'Ransom.Hauck95@yahoo.com', '2025-04-19T19:46:16.809Z', 492);
INSERT INTO pet VALUES ('Giovanny', 'Ransom.Hauck95@yahoo.com', 'Ferret', 'Ut et velit aut.', 'Itaque inventore incidunt quia.');
INSERT INTO pet VALUES ('Mateo', 'Ransom.Hauck95@yahoo.com', 'Peafowl', 'Et iure nostrum.', 'Officia dolorem rerum aliquid et porro.');

INSERT INTO person VALUES ('Jerrod_Kris24@gmail.com', 'Crawford Senger', '$2b$10$6zqstqkVFK3sOVsYk6mwYO/3fH6FAofVoOcbXEZjjWVmzGgNbvD8.', '669 Schuppe Rapids', 90903082, 'user', 'https://s3.amazonaws.com/uifaces/faces/twitter/airskylar/128.jpg');

INSERT INTO person VALUES ('Priscilla18@gmail.com', 'Bettye VonRueden', '$2b$10$6zqstqkVFK3sOVsYk6mwYO1WqA7tmVzJIkIMUSushXCrsguyJY.Pq', '1810 Mitchell Manor', 90683942, 'user', 'https://s3.amazonaws.com/uifaces/faces/twitter/looneydoodle/128.jpg');
INSERT INTO credit_card VALUES (6767633291246649, 'Priscilla18@gmail.com', '2022-08-04T06:41:36.157Z', 066);
INSERT INTO pet VALUES ('Cassandre', 'Priscilla18@gmail.com', 'Mice', 'Sed cumque non quis corporis error in sit.', 'Assumenda inventore est autem deleniti voluptate qui qui inventore.');
INSERT INTO pet VALUES ('Gabriella', 'Priscilla18@gmail.com', 'Mule', 'Illum dolor sunt ab.', 'Ducimus expedita natus molestiae velit quia est nemo ut tempora.');
INSERT INTO full_time_ct VALUES ('Priscilla18@gmail.com');

INSERT INTO person VALUES ('Brennan.Lesch98@yahoo.com', 'Emmet Carter', '$2b$10$6zqstqkVFK3sOVsYk6mwYOy38sTi3XlNbYLVKwtTwficHKrb.4Mqm', '5201 Breanna Mews', 90428695, 'user', 'https://s3.amazonaws.com/uifaces/faces/twitter/geneseleznev/128.jpg');

INSERT INTO person VALUES ('Jonathon29@hotmail.com', 'Kara Schroeder', '$2b$10$6zqstqkVFK3sOVsYk6mwYODtF6dRMXA/TtIckm5zwiv7VY61PqDU6', '77991 Katelyn Rapids', 90127870, 'user', 'https://s3.amazonaws.com/uifaces/faces/twitter/kirangopal/128.jpg');

INSERT INTO person VALUES ('Willa_Turner@gmail.com', 'Roxanne Hoeger', '$2b$10$6zqstqkVFK3sOVsYk6mwYOrTkasplWJweOceh7SeDpPNmqjJWgGNK', '735 DAmore Avenue', 90179105, 'user', 'https://s3.amazonaws.com/uifaces/faces/twitter/ashernatali/128.jpg');
INSERT INTO full_time_ct VALUES ('Willa_Turner@gmail.com');
INSERT INTO ft_specializes_in VALUES ('Willa_Turner@gmail.com', 'Lizard', 8);

INSERT INTO person VALUES ('Danyka.Pacocha65@gmail.com', 'Patsy Wunsch', '$2b$10$6zqstqkVFK3sOVsYk6mwYOJbUac.81DdWjUNRUOZ0CLbyKmToPxz2', '945 Kunde Rue', 90972144, 'user', 'https://s3.amazonaws.com/uifaces/faces/twitter/teeragit/128.jpg');
INSERT INTO full_time_ct VALUES ('Danyka.Pacocha65@gmail.com');
INSERT INTO ft_specializes_in VALUES ('Danyka.Pacocha65@gmail.com', 'Donkey', 0);

INSERT INTO person VALUES ('Jamaal.OReilly@hotmail.com', 'Marlin Cremin', '$2b$10$6zqstqkVFK3sOVsYk6mwYOl55Zjq2RfWmLawNQ.lEOzk8zggtKO/e', '98491 Lavern Bypass', 90507096, 'user', 'https://s3.amazonaws.com/uifaces/faces/twitter/gmourier/128.jpg');
INSERT INTO full_time_ct VALUES ('Jamaal.OReilly@hotmail.com');
INSERT INTO ft_specializes_in VALUES ('Jamaal.OReilly@hotmail.com', 'Bearded Dragon', 6);
INSERT INTO ft_specializes_in VALUES ('Jamaal.OReilly@hotmail.com', 'Chinchilla', 7);

INSERT INTO person VALUES ('Elnora39@yahoo.com', 'Luna Leannon', '$2b$10$6zqstqkVFK3sOVsYk6mwYOh/283y6OHy0zs0g61v2Pc1KBu3/RB8u', '4683 Yadira Avenue', 90123415, 'user', 'https://s3.amazonaws.com/uifaces/faces/twitter/terryxlife/128.jpg');
INSERT INTO credit_card VALUES (6759169470535140, 'Elnora39@yahoo.com', '2021-08-20T12:13:57.794Z', 039);
INSERT INTO part_time_ct VALUES ('Elnora39@yahoo.com');
INSERT INTO pt_free_schedule VALUES ('Elnora39@yahoo.com', '2020-11-05T07:34:48.096Z', '2021-01-25T12:21:40.430Z');

INSERT INTO person VALUES ('Colin.Hessel24@hotmail.com', 'Vivienne Balistreri', '$2b$10$6zqstqkVFK3sOVsYk6mwYOTf9488V0nBfF.kw50.V0HIUta8WJ2jm', '983 Rigoberto Village', 90817765, 'user', 'https://s3.amazonaws.com/uifaces/faces/twitter/jmfsocial/128.jpg');
INSERT INTO credit_card VALUES (5495354844390167, 'Colin.Hessel24@hotmail.com', '2021-08-01T16:03:19.675Z', 783);
INSERT INTO pet VALUES ('Craig', 'Colin.Hessel24@hotmail.com', 'Iguana', 'Accusantium quod alias porro aspernatur deserunt odit doloribus sequi.', 'Sed necessitatibus modi vel dolorem eos non eum.');
INSERT INTO full_time_ct VALUES ('Colin.Hessel24@hotmail.com');
INSERT INTO ft_specializes_in VALUES ('Colin.Hessel24@hotmail.com', 'Llama', 9);

INSERT INTO person VALUES ('Marcelino_Pfannerstill@yahoo.com', 'Bertha Beier', '$2b$10$6zqstqkVFK3sOVsYk6mwYO0JVL.zymHv8jv4akz4OoU7zEHXcYLuO', '301 Suzanne Brook', 90948864, 'user', 'https://s3.amazonaws.com/uifaces/faces/twitter/andrewarrow/128.jpg');

INSERT INTO person VALUES ('Margarette19@yahoo.com', 'Dejon Will', '$2b$10$6zqstqkVFK3sOVsYk6mwYOG9KPjGtWftsDkDZjiJSTroyuc2gb4Wm', '264 Hilll Pines', 90753397, 'user', 'https://s3.amazonaws.com/uifaces/faces/twitter/eugeneeweb/128.jpg');
INSERT INTO credit_card VALUES (3556966793208778, 'Margarette19@yahoo.com', '2021-02-13T00:54:36.673Z', 714);
INSERT INTO pet VALUES ('Anthony', 'Margarette19@yahoo.com', 'Cow', 'Est consequuntur laudantium voluptatibus sint.', 'Ex doloribus rerum eveniet consectetur.');
INSERT INTO pet VALUES ('Joanny', 'Margarette19@yahoo.com', 'Bearded Dragon', 'Sunt non deserunt dolor sequi minus amet enim.', 'Id veritatis accusamus et ad doloremque.');
INSERT INTO part_time_ct VALUES ('Margarette19@yahoo.com');
INSERT INTO pt_free_schedule VALUES ('Margarette19@yahoo.com', '2020-11-05T06:55:48.296Z', '2021-10-13T13:01:06.321Z');

INSERT INTO person VALUES ('Tatyana11@hotmail.com', 'Sigrid Walter', '$2b$10$6zqstqkVFK3sOVsYk6mwYOCLswfDetyGW7L4tGw01GyXKXZ54E62S', '417 Zemlak Neck', 90276675, 'user', 'https://s3.amazonaws.com/uifaces/faces/twitter/chacky14/128.jpg');
INSERT INTO credit_card VALUES (6767992386942311, 'Tatyana11@hotmail.com', '2023-08-27T21:42:30.846Z', 151);

INSERT INTO person VALUES ('Alessia.Cummerata@hotmail.com', 'Tyrell Kutch', '$2b$10$6zqstqkVFK3sOVsYk6mwYOMholBNHenX609xZX/y9befJkOxxWKre', '81034 Upton Lights', 90581791, 'user', 'https://s3.amazonaws.com/uifaces/faces/twitter/coderdiaz/128.jpg');
INSERT INTO credit_card VALUES (371655267494296, 'Alessia.Cummerata@hotmail.com', '2021-08-01T18:19:01.727Z', 566);
INSERT INTO pet VALUES ('Aubree', 'Alessia.Cummerata@hotmail.com', 'Pigeon', 'Sunt tempore in et.', 'Eveniet consequatur est facilis ut aspernatur facere rerum ut.');
INSERT INTO pet VALUES ('Shakira', 'Alessia.Cummerata@hotmail.com', 'Pigeon', 'Qui minima blanditiis veritatis.', 'Aperiam autem ab excepturi ducimus.');

INSERT INTO person VALUES ('Lucinda60@hotmail.com', 'Jevon Cole', '$2b$10$6zqstqkVFK3sOVsYk6mwYOJcje6AAkVc8MR94/mkIL.A8K3vY64Ou', '1590 Christop Throughway', 90160732, 'user', 'https://s3.amazonaws.com/uifaces/faces/twitter/scott_riley/128.jpg');
INSERT INTO full_time_ct VALUES ('Lucinda60@hotmail.com');
INSERT INTO ft_specializes_in VALUES ('Lucinda60@hotmail.com', 'Goat', 5);
INSERT INTO ft_specializes_in VALUES ('Lucinda60@hotmail.com', 'Rabbit', 3);

INSERT INTO person VALUES ('Arielle_Senger@gmail.com', 'Ryleigh Yost', '$2b$10$6zqstqkVFK3sOVsYk6mwYOM9qhiCsoQJDjlajl9Sm/ArYpBgd0IH.', '4789 Verdie Orchard', 90360417, 'user', 'https://s3.amazonaws.com/uifaces/faces/twitter/maxlinderman/128.jpg');

INSERT INTO person VALUES ('Josephine_Ankunding@hotmail.com', 'Bo Sanford', '$2b$10$6zqstqkVFK3sOVsYk6mwYOGgqZpPj/3Vn.Mc6G0nom4Mq944PvgTC', '355 Axel Gardens', 90019650, 'user', 'https://s3.amazonaws.com/uifaces/faces/twitter/tjisousa/128.jpg');

INSERT INTO person VALUES ('Melvin.Keeling@yahoo.com', 'Shad Huel', '$2b$10$6zqstqkVFK3sOVsYk6mwYOYYRHRfyvxWt0bx0AVmKWzLDz7.VXQE2', '4566 Abshire Cliffs', 90021501, 'user', 'https://s3.amazonaws.com/uifaces/faces/twitter/herbigt/128.jpg');
INSERT INTO full_time_ct VALUES ('Melvin.Keeling@yahoo.com');
INSERT INTO ft_specializes_in VALUES ('Melvin.Keeling@yahoo.com', 'Mule', 8);

INSERT INTO person VALUES ('Eusebio.Denesik57@yahoo.com', 'Kaleigh Kuhn', '$2b$10$6zqstqkVFK3sOVsYk6mwYOd6VlbFE31kZHC1WRgN2fLZMz5ArITp6', '395 Becker Burgs', 90960757, 'user', 'https://s3.amazonaws.com/uifaces/faces/twitter/embrcecreations/128.jpg');
INSERT INTO credit_card VALUES (6709607431370064, 'Eusebio.Denesik57@yahoo.com', '2023-10-05T13:16:05.333Z', 142);
INSERT INTO pet VALUES ('Donny', 'Eusebio.Denesik57@yahoo.com', 'Horse', 'Molestiae sed quo incidunt non id saepe quae sed dolorem.', 'Qui fugiat officia amet nobis sed voluptatem ullam minima.');

INSERT INTO person VALUES ('Leanna_Vandervort66@hotmail.com', 'Rosendo Cruickshank', '$2b$10$6zqstqkVFK3sOVsYk6mwYO99khVfctfvumetQ5VIgIsoqqMYBtcZy', '55963 Lydia Meadows', 90373112, 'user', 'https://s3.amazonaws.com/uifaces/faces/twitter/sprayaga/128.jpg');
INSERT INTO credit_card VALUES (6376583108635186, 'Leanna_Vandervort66@hotmail.com', '2023-01-25T23:55:12.299Z', 356);
INSERT INTO pet VALUES ('Melody', 'Leanna_Vandervort66@hotmail.com', 'Bearded Dragon', 'Nihil animi ut minima atque provident voluptas facilis.', 'Dolores dolorem fugiat delectus odit ducimus ipsam ipsam quidem.');
INSERT INTO full_time_ct VALUES ('Leanna_Vandervort66@hotmail.com');

INSERT INTO person VALUES ('Ansley.Jenkins@yahoo.com', 'Jeffrey Dickens', '$2b$10$6zqstqkVFK3sOVsYk6mwYOpygnVYK.3Yilae0rmcmxT9ED.VKexau', '4272 Goldner Cliffs', 90131713, 'user', 'https://s3.amazonaws.com/uifaces/faces/twitter/cloudstudio/128.jpg');
INSERT INTO full_time_ct VALUES ('Ansley.Jenkins@yahoo.com');
INSERT INTO ft_specializes_in VALUES ('Ansley.Jenkins@yahoo.com', 'Fish', 19);

INSERT INTO person VALUES ('Delta_Prohaska69@gmail.com', 'Korey Bechtelar', '$2b$10$6zqstqkVFK3sOVsYk6mwYOTP1qfgQ7wq2Waom0L0ZUe7CF1Q4c8I.', '244 Jacobs Divide', 90380306, 'user', 'https://s3.amazonaws.com/uifaces/faces/twitter/lawlbwoy/128.jpg');
INSERT INTO credit_card VALUES (6771898594084116, 'Delta_Prohaska69@gmail.com', '2023-05-09T01:21:56.762Z', 818);
INSERT INTO pet VALUES ('Kyleigh', 'Delta_Prohaska69@gmail.com', 'Duck', 'Et eaque inventore aliquam.', 'Cum minus maiores minus error ipsa aut et optio.');
INSERT INTO full_time_ct VALUES ('Delta_Prohaska69@gmail.com');
INSERT INTO ft_specializes_in VALUES ('Delta_Prohaska69@gmail.com', 'Burro', 0);
INSERT INTO ft_specializes_in VALUES ('Delta_Prohaska69@gmail.com', 'Chameleons (Veiled)', 6);

INSERT INTO person VALUES ('Rosanna_Lind81@hotmail.com', 'Marvin Robel', '$2b$10$6zqstqkVFK3sOVsYk6mwYOorGxyA5I3GUW9EAtteX3S5qNWQ8xabK', '77070 Schamberger Plain', 90048420, 'user', 'https://s3.amazonaws.com/uifaces/faces/twitter/dmitriychuta/128.jpg');
INSERT INTO credit_card VALUES (5251893268803433, 'Rosanna_Lind81@hotmail.com', '2021-12-01T22:58:23.124Z', 038);

INSERT INTO person VALUES ('Ezra.Bernier@gmail.com', 'Cleveland Hammes', '$2b$10$6zqstqkVFK3sOVsYk6mwYOpvGT.RaSjiia/yqJ85MvN/psGb1nrbC', '618 Krista Greens', 90354812, 'user', 'https://s3.amazonaws.com/uifaces/faces/twitter/jagan123/128.jpg');
INSERT INTO credit_card VALUES (347502075683354, 'Ezra.Bernier@gmail.com', '2021-04-02T18:49:51.596Z', 858);
INSERT INTO full_time_ct VALUES ('Ezra.Bernier@gmail.com');
INSERT INTO ft_specializes_in VALUES ('Ezra.Bernier@gmail.com', 'Fish', 10);

INSERT INTO person VALUES ('Brown91@yahoo.com', 'Bell OConnell', '$2b$10$6zqstqkVFK3sOVsYk6mwYOfAHuSK3zcLPNoO8JQs6KXn2unNT7YR2', '78627 Dalton Square', 90822877, 'user', 'https://s3.amazonaws.com/uifaces/faces/twitter/karlkanall/128.jpg');

INSERT INTO person VALUES ('Carmen_Brakus79@hotmail.com', 'Gerardo Connelly', '$2b$10$6zqstqkVFK3sOVsYk6mwYOIyLWVd5GXOLiAwnIZjd1.FQUcvJS5jS', '3409 Jeramie Tunnel', 90258637, 'user', 'https://s3.amazonaws.com/uifaces/faces/twitter/vladimirdevic/128.jpg');
INSERT INTO credit_card VALUES (6379614017924265, 'Carmen_Brakus79@hotmail.com', '2021-07-16T19:44:11.595Z', 768);
INSERT INTO full_time_ct VALUES ('Carmen_Brakus79@hotmail.com');
INSERT INTO ft_specializes_in VALUES ('Carmen_Brakus79@hotmail.com', 'Burro', 0);

INSERT INTO person VALUES ('Kathleen69@gmail.com', 'Esta Casper', '$2b$10$6zqstqkVFK3sOVsYk6mwYO7G/Z.HMZu664NVjsLD1..ACGSwnryV2', '5990 Hagenes Lake', 90912899, 'user', 'https://s3.amazonaws.com/uifaces/faces/twitter/rmlewisuk/128.jpg');
INSERT INTO credit_card VALUES (6771895294886208, 'Kathleen69@gmail.com', '2021-02-19T11:09:04.392Z', 699);

INSERT INTO person VALUES ('Reese.Lindgren59@hotmail.com', 'Johnny Botsford', '$2b$10$6zqstqkVFK3sOVsYk6mwYO4v8b/NP1eZD3uLAhvXTi4JWNNyQNVBi', '0209 Ariel Inlet', 90517951, 'user', 'https://s3.amazonaws.com/uifaces/faces/twitter/keyuri85/128.jpg');
INSERT INTO credit_card VALUES (374695011755124, 'Reese.Lindgren59@hotmail.com', '2023-04-16T22:42:40.982Z', 082);
INSERT INTO pet VALUES ('Rosamond', 'Reese.Lindgren59@hotmail.com', 'Peafowl', 'Est quis ullam.', 'Et officiis non ut.');
INSERT INTO pet VALUES ('Carlos', 'Reese.Lindgren59@hotmail.com', 'Horse', 'Perferendis magni blanditiis minima cum voluptatibus odit itaque.', 'Veritatis aliquam ut quasi quis aliquam vel labore deserunt vel.');
INSERT INTO pet VALUES ('Gerardo', 'Reese.Lindgren59@hotmail.com', 'Bearded Dragon', 'Et pariatur est laudantium.', 'Suscipit dolorum quos aliquid voluptate velit.');
INSERT INTO part_time_ct VALUES ('Reese.Lindgren59@hotmail.com');
INSERT INTO pt_free_schedule VALUES ('Reese.Lindgren59@hotmail.com', '2020-11-05T07:21:07.065Z', '2021-05-14T22:11:36.465Z');
INSERT INTO pt_specializes_in VALUES ('Reese.Lindgren59@hotmail.com', 'Gerbil', 16);
INSERT INTO pt_specializes_in VALUES ('Reese.Lindgren59@hotmail.com', 'Pig', 5);

INSERT INTO person VALUES ('Marquise_Koch93@gmail.com', 'Cesar Stoltenberg', '$2b$10$6zqstqkVFK3sOVsYk6mwYOltPw9iRIgEeSDqXNU2sXkpsluH22TOm', '1580 Skiles Hill', 90716373, 'user', 'https://s3.amazonaws.com/uifaces/faces/twitter/rpatey/128.jpg');
INSERT INTO credit_card VALUES (6767943942012282, 'Marquise_Koch93@gmail.com', '2022-07-23T19:29:01.293Z', 916);
INSERT INTO pet VALUES ('Eloise', 'Marquise_Koch93@gmail.com', 'Geese (Chinese Swan Goose)', 'Sunt officiis dolore.', 'Cupiditate ratione porro.');
INSERT INTO pet VALUES ('Aracely', 'Marquise_Koch93@gmail.com', 'Pot Bellied Pig', 'Deserunt omnis omnis.', 'Iusto quos et expedita.');
INSERT INTO pet VALUES ('Clare', 'Marquise_Koch93@gmail.com', 'Cat', 'Sunt quia eum quisquam harum sunt impedit.', 'Fuga neque odio et non dolores.');

INSERT INTO person VALUES ('Carmen_Daugherty56@yahoo.com', 'Darrin Abbott', '$2b$10$6zqstqkVFK3sOVsYk6mwYOqlkUvavt.Sm012zirYPKRyXNaDcRuqu', '701 Lueilwitz Ford', 90365278, 'user', 'https://s3.amazonaws.com/uifaces/faces/twitter/coreyhaggard/128.jpg');
INSERT INTO credit_card VALUES (3529097318965348, 'Carmen_Daugherty56@yahoo.com', '2021-01-15T02:37:23.402Z', 596);
INSERT INTO pet VALUES ('Torrey', 'Carmen_Daugherty56@yahoo.com', 'Cat', 'At minus aspernatur sunt autem est aut.', 'Vitae dignissimos consequatur ullam.');
INSERT INTO pet VALUES ('Brant', 'Carmen_Daugherty56@yahoo.com', 'Bearded Dragon', 'Sunt harum qui magnam quo consequatur nihil voluptas aut officiis.', 'Repudiandae rerum nam placeat eum corporis eveniet possimus tempora.');
INSERT INTO pet VALUES ('Rocio', 'Carmen_Daugherty56@yahoo.com', 'Chinchilla', 'Nesciunt sit at quos unde accusamus consequatur quia.', 'Ipsam rerum voluptate voluptatem qui voluptas quidem impedit quasi omnis.');
INSERT INTO part_time_ct VALUES ('Carmen_Daugherty56@yahoo.com');
INSERT INTO pt_free_schedule VALUES ('Carmen_Daugherty56@yahoo.com', '2020-11-04T18:43:22.454Z', '2020-11-22T15:23:30.307Z');
INSERT INTO pt_specializes_in VALUES ('Carmen_Daugherty56@yahoo.com', 'Chicken', 13);
INSERT INTO pt_specializes_in VALUES ('Carmen_Daugherty56@yahoo.com', 'Chinchilla', 8);
INSERT INTO pt_specializes_in VALUES ('Carmen_Daugherty56@yahoo.com', 'Dog', 1);

INSERT INTO person VALUES ('Bettye85@gmail.com', 'Eloise Connelly', '$2b$10$6zqstqkVFK3sOVsYk6mwYO6hCsb8MQPAFoC37aYG4mVdY1viVy2U.', '524 Darian Curve', 90211740, 'user', 'https://s3.amazonaws.com/uifaces/faces/twitter/s4f1/128.jpg');
INSERT INTO part_time_ct VALUES ('Bettye85@gmail.com');
INSERT INTO pt_free_schedule VALUES ('Bettye85@gmail.com', '2020-11-05T13:18:55.395Z', '2021-05-11T20:34:43.673Z');
INSERT INTO pt_specializes_in VALUES ('Bettye85@gmail.com', 'Cat', 2);
INSERT INTO pt_specializes_in VALUES ('Bettye85@gmail.com', 'Geese (Chinese Swan Goose)', 5);
INSERT INTO pt_specializes_in VALUES ('Bettye85@gmail.com', 'Hedgehog', 9);

INSERT INTO person VALUES ('Armani25@yahoo.com', 'Kailee Pacocha', '$2b$10$6zqstqkVFK3sOVsYk6mwYOZA8YGeOR9ty0OIg8i9eApb.LUqmK0ZS', '2343 Bednar Avenue', 90124471, 'user', 'https://s3.amazonaws.com/uifaces/faces/twitter/mizko/128.jpg');
INSERT INTO credit_card VALUES (4458775960044, 'Armani25@yahoo.com', '2021-01-05T17:19:32.555Z', 663);
INSERT INTO part_time_ct VALUES ('Armani25@yahoo.com');
INSERT INTO pt_free_schedule VALUES ('Armani25@yahoo.com', '2020-11-05T12:02:28.681Z', '2021-08-18T09:12:48.578Z');
INSERT INTO pt_specializes_in VALUES ('Armani25@yahoo.com', 'Mice', 10);
INSERT INTO pt_specializes_in VALUES ('Armani25@yahoo.com', 'Pig', 8);

INSERT INTO person VALUES ('Isobel66@gmail.com', 'Birdie Miller', '$2b$10$6zqstqkVFK3sOVsYk6mwYO2QiWwR6js.8974FZL8ahtH7bt5oiNcy', '7068 Grady Bypass', 90770296, 'user', 'https://s3.amazonaws.com/uifaces/faces/twitter/sawrb/128.jpg');

INSERT INTO person VALUES ('Demetris51@yahoo.com', 'Randall Robel', '$2b$10$6zqstqkVFK3sOVsYk6mwYOz1r7KAl96PKkSPSjXTgzBWXC0Ueqlm6', '49357 Goodwin Mall', 90856827, 'user', 'https://s3.amazonaws.com/uifaces/faces/twitter/flashmurphy/128.jpg');

INSERT INTO person VALUES ('Abe.Crist@hotmail.com', 'Daren Russel', '$2b$10$6zqstqkVFK3sOVsYk6mwYOLWE6STy9prd7NrwsCbm4O4UX7AyUqga', '7804 Retha Square', 90877176, 'user', 'https://s3.amazonaws.com/uifaces/faces/twitter/funwatercat/128.jpg');
INSERT INTO credit_card VALUES (3552250615464996, 'Abe.Crist@hotmail.com', '2021-04-13T01:54:56.261Z', 310);
INSERT INTO pet VALUES ('Irving', 'Abe.Crist@hotmail.com', 'Pigeon', 'Eos expedita aspernatur ut.', 'Illo nemo et quo neque.');
INSERT INTO full_time_ct VALUES ('Abe.Crist@hotmail.com');

INSERT INTO person VALUES ('Cesar.Waters8@hotmail.com', 'Wilhelmine Stamm', '$2b$10$6zqstqkVFK3sOVsYk6mwYOw33OPJJ5zCnptEQoAi2uRU8Y.Wl3.ma', '732 Rath Center', 90690603, 'user', 'https://s3.amazonaws.com/uifaces/faces/twitter/betraydan/128.jpg');
INSERT INTO credit_card VALUES (3528795076699861, 'Cesar.Waters8@hotmail.com', '2022-08-19T00:36:31.741Z', 727);
INSERT INTO pet VALUES ('Keon', 'Cesar.Waters8@hotmail.com', 'Fish', 'Ut non earum dolores ut minima omnis.', 'Placeat et temporibus et.');
INSERT INTO part_time_ct VALUES ('Cesar.Waters8@hotmail.com');
INSERT INTO pt_free_schedule VALUES ('Cesar.Waters8@hotmail.com', '2020-11-04T15:27:51.890Z', '2021-06-19T19:32:36.427Z');
INSERT INTO pt_specializes_in VALUES ('Cesar.Waters8@hotmail.com', 'Burro', 17);
INSERT INTO pt_specializes_in VALUES ('Cesar.Waters8@hotmail.com', 'Goat', 6);
INSERT INTO pt_specializes_in VALUES ('Cesar.Waters8@hotmail.com', 'Peafowl', 17);

INSERT INTO person VALUES ('Raoul64@yahoo.com', 'Jolie Block', '$2b$10$6zqstqkVFK3sOVsYk6mwYOtHP967g1vbsUDM8.4nh.IewO2puNM8a', '026 Muller Mountains', 90172629, 'user', 'https://s3.amazonaws.com/uifaces/faces/twitter/dnezkumar/128.jpg');

INSERT INTO person VALUES ('Chasity31@gmail.com', 'Joana McGlynn', '$2b$10$6zqstqkVFK3sOVsYk6mwYOyz.mK0Y4yKO0gcBhoOinZqcToO3l.FG', '0467 Diamond Motorway', 90008656, 'user', 'https://s3.amazonaws.com/uifaces/faces/twitter/commadelimited/128.jpg');
INSERT INTO credit_card VALUES (4558831576539332, 'Chasity31@gmail.com', '2021-10-11T04:08:30.303Z', 101);
INSERT INTO full_time_ct VALUES ('Chasity31@gmail.com');
INSERT INTO ft_specializes_in VALUES ('Chasity31@gmail.com', 'Bearded Dragon', 0);
INSERT INTO ft_specializes_in VALUES ('Chasity31@gmail.com', 'Gerbil', 7);
INSERT INTO ft_specializes_in VALUES ('Chasity31@gmail.com', 'Guinea Pig', 16);

INSERT INTO person VALUES ('Keeley.Gerlach@hotmail.com', 'Luisa Larson', '$2b$10$6zqstqkVFK3sOVsYk6mwYOJb4jbqn3Cwaw5lNDsEhGc3fApP05y4i', '8488 Kali Manors', 90079949, 'user', 'https://s3.amazonaws.com/uifaces/faces/twitter/idiot/128.jpg');
INSERT INTO credit_card VALUES (3529935314181869, 'Keeley.Gerlach@hotmail.com', '2021-08-12T12:01:56.501Z', 493);
INSERT INTO pet VALUES ('Yvonne', 'Keeley.Gerlach@hotmail.com', 'Bearded Dragon', 'Similique non ullam.', 'Rerum explicabo sapiente et ut.');
INSERT INTO pet VALUES ('Lionel', 'Keeley.Gerlach@hotmail.com', 'Llama', 'Nemo sapiente delectus nulla eligendi maxime reprehenderit suscipit.', 'Dolorem sit numquam veritatis commodi velit.');
INSERT INTO pet VALUES ('Sage', 'Keeley.Gerlach@hotmail.com', 'Hedgehog', 'Beatae voluptates qui culpa voluptas.', 'Nulla rerum enim eligendi rem molestias.');

INSERT INTO person VALUES ('Karianne.Kautzer92@hotmail.com', 'Kaci Weber', '$2b$10$6zqstqkVFK3sOVsYk6mwYOvVLdzG0arzfFU/adN6AyXwN5Qy7hp82', '08393 Ara Parks', 90912833, 'user', 'https://s3.amazonaws.com/uifaces/faces/twitter/ratbus/128.jpg');
INSERT INTO credit_card VALUES (3529782622373901, 'Karianne.Kautzer92@hotmail.com', '2021-08-11T19:52:52.532Z', 599);
INSERT INTO pet VALUES ('Modesto', 'Karianne.Kautzer92@hotmail.com', 'Chameleons (Veiled)', 'Enim nesciunt quis aut sapiente et.', 'Libero molestiae corrupti.');
INSERT INTO pet VALUES ('Bertrand', 'Karianne.Kautzer92@hotmail.com', 'Goat', 'Repudiandae cupiditate nihil.', 'Eos et sed quaerat dolor quidem temporibus voluptatibus.');
INSERT INTO pet VALUES ('Aylin', 'Karianne.Kautzer92@hotmail.com', 'Pig', 'Consectetur ab temporibus voluptatum omnis sit aut magnam.', 'Autem quibusdam aspernatur nihil voluptatem quos.');
INSERT INTO part_time_ct VALUES ('Karianne.Kautzer92@hotmail.com');
INSERT INTO pt_free_schedule VALUES ('Karianne.Kautzer92@hotmail.com', '2020-11-04T20:17:41.845Z', '2021-03-17T21:12:19.272Z');
INSERT INTO pt_specializes_in VALUES ('Karianne.Kautzer92@hotmail.com', 'Bearded Dragon', 2);

INSERT INTO person VALUES ('Kaley_Toy@gmail.com', 'Constance Rogahn', '$2b$10$6zqstqkVFK3sOVsYk6mwYOgbiu73ynDt3GDIz9BlzGgGcwFU31QV6', '84280 Ruben Springs', 90007086, 'user', 'https://s3.amazonaws.com/uifaces/faces/twitter/andrewabogado/128.jpg');

INSERT INTO person VALUES ('Vida45@gmail.com', 'Eulah Hayes', '$2b$10$6zqstqkVFK3sOVsYk6mwYOalFTTo82sEsmhksJMpQ7mfPsW4NkDfS', '776 Nayeli Expressway', 90337344, 'user', 'https://s3.amazonaws.com/uifaces/faces/twitter/supervova/128.jpg');

INSERT INTO person VALUES ('Morton13@hotmail.com', 'Lindsey Schneider', '$2b$10$6zqstqkVFK3sOVsYk6mwYOEyy0YmrDCqAmx/IlFQYS71iQvgQjT8K', '0051 Langosh Port', 90591241, 'user', 'https://s3.amazonaws.com/uifaces/faces/twitter/nepdud/128.jpg');
INSERT INTO credit_card VALUES (346717407042173, 'Morton13@hotmail.com', '2021-10-16T05:48:38.247Z', 307);
INSERT INTO pet VALUES ('Aurelie', 'Morton13@hotmail.com', 'Peafowl', 'Laborum voluptas natus praesentium dolorum qui et.', 'Eum qui voluptatibus et voluptatibus id ipsum voluptatem.');
INSERT INTO part_time_ct VALUES ('Morton13@hotmail.com');
INSERT INTO pt_free_schedule VALUES ('Morton13@hotmail.com', '2020-11-04T20:02:34.584Z', '2021-06-08T23:53:37.897Z');
INSERT INTO pt_specializes_in VALUES ('Morton13@hotmail.com', 'Burro', 16);
INSERT INTO pt_specializes_in VALUES ('Morton13@hotmail.com', 'Lizard', 19);

INSERT INTO person VALUES ('Chelsie.Stiedemann21@hotmail.com', 'Maynard Shields', '$2b$10$6zqstqkVFK3sOVsYk6mwYOo8ajnLbgKTZE0NlengXCHeUnU87S3V.', '9018 Bahringer Groves', 90513328, 'user', 'https://s3.amazonaws.com/uifaces/faces/twitter/psdesignuk/128.jpg');
INSERT INTO credit_card VALUES (6011628071537090, 'Chelsie.Stiedemann21@hotmail.com', '2021-09-14T17:53:09.405Z', 477);
INSERT INTO pet VALUES ('Rachel', 'Chelsie.Stiedemann21@hotmail.com', 'Gerbil', 'Ea sed at ea necessitatibus quia accusamus repellendus molestiae voluptatibus.', 'Rerum est consequuntur ullam voluptas consequuntur et fugiat reiciendis.');
INSERT INTO pet VALUES ('Anabel', 'Chelsie.Stiedemann21@hotmail.com', 'Gecko', 'Accusamus eaque exercitationem eligendi consequatur adipisci.', 'Vitae consequatur corporis maiores voluptatem quae.');
INSERT INTO pet VALUES ('Myrna', 'Chelsie.Stiedemann21@hotmail.com', 'Hog', 'Omnis deserunt suscipit.', 'Perferendis eaque sed deserunt vel laborum amet eum.');

INSERT INTO person VALUES ('Zula.Purdy@hotmail.com', 'Christop Gulgowski', '$2b$10$6zqstqkVFK3sOVsYk6mwYOlEVIL198ZoAJlEiNq4sZQ5pdoUZ65J2', '69314 Sabryna Roads', 90145725, 'user', 'https://s3.amazonaws.com/uifaces/faces/twitter/tgormtx/128.jpg');
INSERT INTO credit_card VALUES (5020675774019356, 'Zula.Purdy@hotmail.com', '2020-11-22T20:41:45.368Z', 455);

INSERT INTO person VALUES ('Thelma_Bahringer21@yahoo.com', 'Einar Shanahan', '$2b$10$6zqstqkVFK3sOVsYk6mwYORvDXRbl6WDo4eNKg1gY/0vMvuY/tFWO', '526 Claud Orchard', 90296568, 'user', 'https://s3.amazonaws.com/uifaces/faces/twitter/nfedoroff/128.jpg');
INSERT INTO credit_card VALUES (6759945568114140, 'Thelma_Bahringer21@yahoo.com', '2022-06-14T14:47:25.586Z', 900);
INSERT INTO pet VALUES ('Lon', 'Thelma_Bahringer21@yahoo.com', 'Geese (Chinese Swan Goose)', 'Qui vel qui sed necessitatibus.', 'Sit qui nisi.');

INSERT INTO person VALUES ('Janice20@hotmail.com', 'Dina Sipes', '$2b$10$6zqstqkVFK3sOVsYk6mwYOIoPw8sIPuFBlQ2pRXKGUqdnbsGuQ3Ly', '6836 Price Neck', 90234852, 'user', 'https://s3.amazonaws.com/uifaces/faces/twitter/llun/128.jpg');
INSERT INTO credit_card VALUES (4202048437283, 'Janice20@hotmail.com', '2021-07-27T19:43:24.279Z', 526);
INSERT INTO part_time_ct VALUES ('Janice20@hotmail.com');
INSERT INTO pt_free_schedule VALUES ('Janice20@hotmail.com', '2020-11-04T18:08:16.477Z', '2021-06-17T05:47:39.864Z');
INSERT INTO pt_specializes_in VALUES ('Janice20@hotmail.com', 'Gecko', 10);
INSERT INTO pt_specializes_in VALUES ('Janice20@hotmail.com', 'Horse', 6);
INSERT INTO pt_specializes_in VALUES ('Janice20@hotmail.com', 'Pot Bellied Pig', 9);

INSERT INTO person VALUES ('Wilburn.Mann80@yahoo.com', 'Delta Kuhlman', '$2b$10$6zqstqkVFK3sOVsYk6mwYONK11wR2vCZqQqOyAnfERcAnFNHQ87ma', '0048 Kihn Walk', 90173940, 'user', 'https://s3.amazonaws.com/uifaces/faces/twitter/suprb/128.jpg');
INSERT INTO credit_card VALUES (6011812930468701, 'Wilburn.Mann80@yahoo.com', '2022-10-06T19:08:02.643Z', 720);
INSERT INTO pet VALUES ('Russ', 'Wilburn.Mann80@yahoo.com', 'Donkey', 'Quaerat occaecati libero voluptates ea possimus.', 'Officia sunt deserunt quos laborum iusto enim quidem.');
INSERT INTO pet VALUES ('Mavis', 'Wilburn.Mann80@yahoo.com', 'Gerbil', 'Voluptates sit rerum.', 'Id voluptatem et sequi quia minus nulla sed iusto.');
INSERT INTO full_time_ct VALUES ('Wilburn.Mann80@yahoo.com');
INSERT INTO ft_specializes_in VALUES ('Wilburn.Mann80@yahoo.com', 'Bird', 11);
INSERT INTO ft_specializes_in VALUES ('Wilburn.Mann80@yahoo.com', 'Burro', 16);
INSERT INTO ft_specializes_in VALUES ('Wilburn.Mann80@yahoo.com', 'Hedgehog', 12);

INSERT INTO person VALUES ('Benedict68@gmail.com', 'Pasquale Hagenes', '$2b$10$6zqstqkVFK3sOVsYk6mwYOGZmoYYn6NWYEVwfYT8RvIFzuFT.uIte', '7025 Harvey Village', 90439728, 'user', 'https://s3.amazonaws.com/uifaces/faces/twitter/namankreative/128.jpg');

INSERT INTO person VALUES ('Dina.Aufderhar@gmail.com', 'Afton Wilkinson', '$2b$10$6zqstqkVFK3sOVsYk6mwYOzuy0LPj6HqlzLbwnKyhe7pZsV/8Vme.', '38458 Jaylan Mountains', 90817230, 'user', 'https://s3.amazonaws.com/uifaces/faces/twitter/dnirmal/128.jpg');
INSERT INTO part_time_ct VALUES ('Dina.Aufderhar@gmail.com');
INSERT INTO pt_free_schedule VALUES ('Dina.Aufderhar@gmail.com', '2020-11-04T21:09:39.438Z', '2021-05-31T19:34:37.325Z');
INSERT INTO pt_specializes_in VALUES ('Dina.Aufderhar@gmail.com', 'Guinea Fowl', 18);
INSERT INTO pt_specializes_in VALUES ('Dina.Aufderhar@gmail.com', 'Lizard', 3);

INSERT INTO person VALUES ('Liliane.Pfeffer98@yahoo.com', 'Bobby Larkin', '$2b$10$6zqstqkVFK3sOVsYk6mwYOGfkdHQrsrREOQNFNcHruDQcLtlGEEWG', '693 Dean Square', 90150071, 'user', 'https://s3.amazonaws.com/uifaces/faces/twitter/pechkinator/128.jpg');
INSERT INTO credit_card VALUES (6383034524854392, 'Liliane.Pfeffer98@yahoo.com', '2021-11-16T10:15:40.858Z', 812);
INSERT INTO pet VALUES ('Aglae', 'Liliane.Pfeffer98@yahoo.com', 'Mule', 'Ut facere blanditiis saepe culpa repellat nisi dolore sint.', 'Nihil esse maxime quo voluptas et ratione autem voluptatibus.');

INSERT INTO person VALUES ('Hollis4@gmail.com', 'Daphney Muller', '$2b$10$6zqstqkVFK3sOVsYk6mwYO0KisGakw53q/6MHeVADD3NgBIY422G6', '62910 Adams Passage', 90103221, 'user', 'https://s3.amazonaws.com/uifaces/faces/twitter/rikas/128.jpg');
INSERT INTO credit_card VALUES (6555623767307494, 'Hollis4@gmail.com', '2022-05-02T07:07:12.314Z', 377);

INSERT INTO person VALUES ('Hosea19@gmail.com', 'Haylie Little', '$2b$10$6zqstqkVFK3sOVsYk6mwYOZnN5Pn5thbhkuaE63uOvhhm5Oey.PVO', '40505 Benny Isle', 90204378, 'user', 'https://s3.amazonaws.com/uifaces/faces/twitter/adobi/128.jpg');
INSERT INTO full_time_ct VALUES ('Hosea19@gmail.com');
INSERT INTO ft_specializes_in VALUES ('Hosea19@gmail.com', 'Bearded Dragon', 2);
INSERT INTO ft_specializes_in VALUES ('Hosea19@gmail.com', 'Rabbit', 18);

INSERT INTO person VALUES ('Keanu.Reinger83@yahoo.com', 'Carli Tremblay', '$2b$10$6zqstqkVFK3sOVsYk6mwYOmNXPhPtvCGf4Ge6Sh6f8gSfU/KZEIhy', '56892 Jamaal Lane', 90821827, 'user', 'https://s3.amazonaws.com/uifaces/faces/twitter/ssiskind/128.jpg');
INSERT INTO credit_card VALUES (6376138063523838, 'Keanu.Reinger83@yahoo.com', '2022-06-29T14:02:41.524Z', 821);
INSERT INTO pet VALUES ('Sasha', 'Keanu.Reinger83@yahoo.com', 'Gerbil', 'Reiciendis qui quisquam.', 'A libero quia aut voluptas nisi.');
INSERT INTO pet VALUES ('Marcelle', 'Keanu.Reinger83@yahoo.com', 'Mice', 'Iure beatae quia odit quas mollitia molestiae.', 'Incidunt voluptates est eum quod.');
INSERT INTO pet VALUES ('Brady', 'Keanu.Reinger83@yahoo.com', 'Chinchilla', 'Dicta corrupti quae.', 'Sit perferendis repellendus placeat excepturi.');

INSERT INTO person VALUES ('Bertha.Morissette@gmail.com', 'Kelsie Mayer', '$2b$10$6zqstqkVFK3sOVsYk6mwYO8b1857DW0xLJgeSHMJr9J2QyyPg50Sq', '0343 Marquardt Fields', 90631008, 'user', 'https://s3.amazonaws.com/uifaces/faces/twitter/anoff/128.jpg');
INSERT INTO part_time_ct VALUES ('Bertha.Morissette@gmail.com');
INSERT INTO pt_free_schedule VALUES ('Bertha.Morissette@gmail.com', '2020-11-05T07:13:51.460Z', '2021-09-12T01:43:58.426Z');
INSERT INTO pt_specializes_in VALUES ('Bertha.Morissette@gmail.com', 'Duck', 2);
INSERT INTO pt_specializes_in VALUES ('Bertha.Morissette@gmail.com', 'Gecko', 0);
INSERT INTO pt_specializes_in VALUES ('Bertha.Morissette@gmail.com', 'Iguana', 7);

INSERT INTO person VALUES ('Eugenia47@yahoo.com', 'Ashlynn Wilkinson', '$2b$10$6zqstqkVFK3sOVsYk6mwYOyy3Yxhi3PKBEIkAj0ug0vnZt4kC0INi', '5001 Carissa Street', 90910648, 'user', 'https://s3.amazonaws.com/uifaces/faces/twitter/gaborenton/128.jpg');

INSERT INTO person VALUES ('Dane.Gutmann@gmail.com', 'Lazaro Quitzon', '$2b$10$6zqstqkVFK3sOVsYk6mwYOYT2FsQ7rdLvgW48PK7f7riRefy1.Kjm', '18893 Laron Mews', 90474991, 'user', 'https://s3.amazonaws.com/uifaces/faces/twitter/coderdiaz/128.jpg');
INSERT INTO credit_card VALUES (4263875872436, 'Dane.Gutmann@gmail.com', '2022-06-21T16:21:13.270Z', 682);
INSERT INTO pet VALUES ('Elinore', 'Dane.Gutmann@gmail.com', 'Llama', 'Molestiae aut quos voluptates libero at.', 'Modi dicta est voluptatem odit veritatis cum omnis.');
INSERT INTO pet VALUES ('Verona', 'Dane.Gutmann@gmail.com', 'Mule', 'Cumque rem et asperiores dolorem autem.', 'Aut quam modi asperiores deserunt earum rem minus omnis.');
INSERT INTO full_time_ct VALUES ('Dane.Gutmann@gmail.com');
INSERT INTO ft_specializes_in VALUES ('Dane.Gutmann@gmail.com', 'Dog', 20);
INSERT INTO ft_specializes_in VALUES ('Dane.Gutmann@gmail.com', 'Duck', 17);

INSERT INTO person VALUES ('Angelo.Ruecker99@yahoo.com', 'Eulah Stiedemann', '$2b$10$6zqstqkVFK3sOVsYk6mwYObbvl.m2l1TQZHbcjazSUHcPIdtk4XtK', '3451 Beth Row', 90513511, 'user', 'https://s3.amazonaws.com/uifaces/faces/twitter/a_harris88/128.jpg');
INSERT INTO credit_card VALUES (30495976428431, 'Angelo.Ruecker99@yahoo.com', '2020-11-15T01:23:52.900Z', 128);
INSERT INTO pet VALUES ('Sharon', 'Angelo.Ruecker99@yahoo.com', 'Bird', 'Fuga enim odit harum consequatur quia.', 'Autem qui rerum dicta veniam iure quia praesentium.');
INSERT INTO pet VALUES ('Wayne', 'Angelo.Ruecker99@yahoo.com', 'Cow', 'Amet est minima odio nesciunt voluptas ipsa rerum sit.', 'Et rerum voluptatem consequatur iusto ipsa debitis aut est.');
INSERT INTO pet VALUES ('Dustin', 'Angelo.Ruecker99@yahoo.com', 'Pig', 'Qui quis quasi.', 'Sunt sit magni sunt quae.');

INSERT INTO person VALUES ('Austyn2@yahoo.com', 'Effie Monahan', '$2b$10$6zqstqkVFK3sOVsYk6mwYOPsGhMgK03Itm.ngNY/YwCsRWtpYGOqa', '866 Tess Lights', 90456435, 'user', 'https://s3.amazonaws.com/uifaces/faces/twitter/weavermedia/128.jpg');
INSERT INTO credit_card VALUES (5313153266203674, 'Austyn2@yahoo.com', '2022-09-21T17:57:08.501Z', 019);
INSERT INTO pet VALUES ('Ilene', 'Austyn2@yahoo.com', 'Pigeon', 'Ratione aut enim quidem.', 'Voluptatem vitae voluptatem ratione fugiat nihil fuga ratione qui quasi.');

INSERT INTO person VALUES ('Melvin.Kirlin@gmail.com', 'Margret Kertzmann', '$2b$10$6zqstqkVFK3sOVsYk6mwYO8/zgaNaWR9rUvuEvn7coXLpjMihHNTi', '260 Danial Trace', 90302571, 'user', 'https://s3.amazonaws.com/uifaces/faces/twitter/oksanafrewer/128.jpg');
INSERT INTO part_time_ct VALUES ('Melvin.Kirlin@gmail.com');
INSERT INTO pt_free_schedule VALUES ('Melvin.Kirlin@gmail.com', '2020-11-05T12:22:31.237Z', '2021-05-22T09:03:22.871Z');
INSERT INTO pt_specializes_in VALUES ('Melvin.Kirlin@gmail.com', 'Duck', 17);
INSERT INTO pt_specializes_in VALUES ('Melvin.Kirlin@gmail.com', 'Pig', 15);

INSERT INTO person VALUES ('Maryam.Bogisich@gmail.com', 'Margie Tillman', '$2b$10$6zqstqkVFK3sOVsYk6mwYO8tNROwKK4jxK4VzWEm979V1AN2xryfm', '412 Harold Wells', 90894189, 'user', 'https://s3.amazonaws.com/uifaces/faces/twitter/maximseshuk/128.jpg');
INSERT INTO credit_card VALUES (4340850345114679, 'Maryam.Bogisich@gmail.com', '2021-09-15T00:01:28.717Z', 388);
INSERT INTO pet VALUES ('Laurel', 'Maryam.Bogisich@gmail.com', 'Hedgehog', 'Expedita delectus reprehenderit fuga sunt sed nulla.', 'Facilis aut magnam unde.');

INSERT INTO person VALUES ('Alanis_Stiedemann@yahoo.com', 'Ewald Abshire', '$2b$10$6zqstqkVFK3sOVsYk6mwYOQxeJ.6P4cML3wgqbcdeVtxjVIxzXNXa', '470 Milford Ferry', 90162180, 'user', 'https://s3.amazonaws.com/uifaces/faces/twitter/sterlingrules/128.jpg');
INSERT INTO credit_card VALUES (36602879146568, 'Alanis_Stiedemann@yahoo.com', '2021-06-28T15:17:44.592Z', 899);
INSERT INTO pet VALUES ('Jermey', 'Alanis_Stiedemann@yahoo.com', 'Dog', 'Sed ex aut nobis at vitae quia facilis placeat distinctio.', 'Expedita commodi nemo sed nisi accusamus.');
INSERT INTO pet VALUES ('Vaughn', 'Alanis_Stiedemann@yahoo.com', 'Fish', 'Ipsam voluptates corporis quae optio suscipit id sapiente rerum.', 'Necessitatibus nisi ipsam tenetur ipsum deserunt omnis libero.');
INSERT INTO part_time_ct VALUES ('Alanis_Stiedemann@yahoo.com');
INSERT INTO pt_free_schedule VALUES ('Alanis_Stiedemann@yahoo.com', '2020-11-05T02:33:30.713Z', '2021-08-14T04:12:14.944Z');
INSERT INTO pt_specializes_in VALUES ('Alanis_Stiedemann@yahoo.com', 'Rabbit', 1);

INSERT INTO person VALUES ('Toby_Champlin@hotmail.com', 'Arthur Rutherford', '$2b$10$6zqstqkVFK3sOVsYk6mwYOMvHIBYQhvl5eLozneWXWZB1ApzeJmkG', '97599 OKeefe Ways', 90854818, 'user', 'https://s3.amazonaws.com/uifaces/faces/twitter/madebyvadim/128.jpg');

INSERT INTO person VALUES ('Ardella.Hane35@yahoo.com', 'Maximus Volkman', '$2b$10$6zqstqkVFK3sOVsYk6mwYO93jZ7RDO2VZLpYxG074DQ/i3JI.o26G', '620 Deron Trail', 90572410, 'user', 'https://s3.amazonaws.com/uifaces/faces/twitter/hafeeskhan/128.jpg');
INSERT INTO credit_card VALUES (6395568795632981, 'Ardella.Hane35@yahoo.com', '2020-11-07T08:32:42.106Z', 899);
INSERT INTO pet VALUES ('Millie', 'Ardella.Hane35@yahoo.com', 'Duck', 'Unde sunt et sit omnis rerum corporis consectetur.', 'Laboriosam aut et a nihil quia non vero.');

INSERT INTO person VALUES ('Wilbert21@yahoo.com', 'Adrian Macejkovic', '$2b$10$6zqstqkVFK3sOVsYk6mwYOI0PGPQ9D3WGX/eZT1DMP0EsUPhxndXi', '7481 Ernser Avenue', 90213810, 'user', 'https://s3.amazonaws.com/uifaces/faces/twitter/diesellaws/128.jpg');
INSERT INTO credit_card VALUES (36867351504497, 'Wilbert21@yahoo.com', '2022-06-03T11:16:07.197Z', 221);
INSERT INTO pet VALUES ('Maida', 'Wilbert21@yahoo.com', 'Chinese Water Dragon', 'Sapiente sed repudiandae tenetur et eaque dolorem sunt tempore sapiente.', 'Accusantium eum deserunt.');
INSERT INTO part_time_ct VALUES ('Wilbert21@yahoo.com');
INSERT INTO pt_free_schedule VALUES ('Wilbert21@yahoo.com', '2020-11-05T02:46:49.441Z', '2021-04-05T18:34:03.654Z');
INSERT INTO pt_specializes_in VALUES ('Wilbert21@yahoo.com', 'Guinea Pig', 5);
INSERT INTO pt_specializes_in VALUES ('Wilbert21@yahoo.com', 'Llama', 18);

INSERT INTO person VALUES ('Arvel53@hotmail.com', 'Jaron Price', '$2b$10$6zqstqkVFK3sOVsYk6mwYOXueogvCpX/B2.1EBDsGWmJiMf32dTEq', '292 Phoebe Route', 90706862, 'user', 'https://s3.amazonaws.com/uifaces/faces/twitter/kevinoh/128.jpg');

INSERT INTO person VALUES ('Ferne_Mayert88@hotmail.com', 'Ethelyn Klein', '$2b$10$6zqstqkVFK3sOVsYk6mwYOcniPmjdOsE2ZlWpfmlXxZKsifT4GjKu', '004 Upton Junction', 90067367, 'user', 'https://s3.amazonaws.com/uifaces/faces/twitter/ripplemdk/128.jpg');
INSERT INTO credit_card VALUES (6767363879524695, 'Ferne_Mayert88@hotmail.com', '2021-10-01T15:18:32.050Z', 889);
INSERT INTO pet VALUES ('Martin', 'Ferne_Mayert88@hotmail.com', 'Guinea Pig', 'Debitis consectetur eaque ut in repudiandae qui omnis dolores et.', 'Fugiat pariatur laboriosam distinctio et sint praesentium.');
INSERT INTO pet VALUES ('Mateo', 'Ferne_Mayert88@hotmail.com', 'Dog', 'Occaecati at quam unde nesciunt debitis sit.', 'Vel quod a similique nihil similique enim.');
INSERT INTO full_time_ct VALUES ('Ferne_Mayert88@hotmail.com');
INSERT INTO ft_specializes_in VALUES ('Ferne_Mayert88@hotmail.com', 'Horse', 8);
INSERT INTO ft_specializes_in VALUES ('Ferne_Mayert88@hotmail.com', 'Pot Bellied Pig', 12);

INSERT INTO person VALUES ('Kip.Hills48@gmail.com', 'Barbara Boyle', '$2b$10$6zqstqkVFK3sOVsYk6mwYO.y6zjzyF1WZSmfmcBgxR8WYXbDHmLfm', '6577 Antonio Square', 90701419, 'user', 'https://s3.amazonaws.com/uifaces/faces/twitter/mylesb/128.jpg');
INSERT INTO part_time_ct VALUES ('Kip.Hills48@gmail.com');
INSERT INTO pt_free_schedule VALUES ('Kip.Hills48@gmail.com', '2020-11-04T23:03:10.747Z', '2020-11-30T02:39:31.818Z');

INSERT INTO person VALUES ('Augustine_Torp18@gmail.com', 'Marlene Larkin', '$2b$10$6zqstqkVFK3sOVsYk6mwYOgHOJrXRW0HYLRnZYaq/oQx0X0FOhE0G', '090 Zboncak Locks', 90525094, 'user', 'https://s3.amazonaws.com/uifaces/faces/twitter/victorDubugras/128.jpg');
INSERT INTO part_time_ct VALUES ('Augustine_Torp18@gmail.com');
INSERT INTO pt_free_schedule VALUES ('Augustine_Torp18@gmail.com', '2020-11-05T13:25:28.312Z', '2021-01-12T01:41:08.889Z');
INSERT INTO pt_specializes_in VALUES ('Augustine_Torp18@gmail.com', 'Cat', 12);
INSERT INTO pt_specializes_in VALUES ('Augustine_Torp18@gmail.com', 'Donkey', 9);
INSERT INTO pt_specializes_in VALUES ('Augustine_Torp18@gmail.com', 'Iguana', 17);

INSERT INTO person VALUES ('Fanny_Collier13@gmail.com', 'Tiara Collins', '$2b$10$6zqstqkVFK3sOVsYk6mwYOzdSWJoh3MQgTV8/tmoBxMmKFv4o3nzG', '07372 Mayert Manor', 90609104, 'user', 'https://s3.amazonaws.com/uifaces/faces/twitter/coreyweb/128.jpg');
INSERT INTO full_time_ct VALUES ('Fanny_Collier13@gmail.com');
INSERT INTO ft_specializes_in VALUES ('Fanny_Collier13@gmail.com', 'Rabbit', 15);

INSERT INTO person VALUES ('Arvilla72@hotmail.com', 'Antonio Braun', '$2b$10$6zqstqkVFK3sOVsYk6mwYOmabXsX8n869R8Zz4qIJPVPE5O7sFsrW', '575 Kuphal Mountain', 90990272, 'user', 'https://s3.amazonaws.com/uifaces/faces/twitter/adamsxu/128.jpg');
INSERT INTO part_time_ct VALUES ('Arvilla72@hotmail.com');
INSERT INTO pt_free_schedule VALUES ('Arvilla72@hotmail.com', '2020-11-04T18:55:43.613Z', '2020-11-30T16:21:18.215Z');
INSERT INTO pt_specializes_in VALUES ('Arvilla72@hotmail.com', 'Hedgehog', 14);

INSERT INTO person VALUES ('Ellis38@yahoo.com', 'Cathy Corwin', '$2b$10$6zqstqkVFK3sOVsYk6mwYOKYYdjJYFRlB9wAki.dPPbQfj0d4nUym', '04440 Kip Canyon', 90321808, 'user', 'https://s3.amazonaws.com/uifaces/faces/twitter/reetajayendra/128.jpg');
INSERT INTO credit_card VALUES (6304101765622667, 'Ellis38@yahoo.com', '2021-01-20T00:31:39.939Z', 899);
INSERT INTO pet VALUES ('Gretchen', 'Ellis38@yahoo.com', 'Llama', 'Nulla repudiandae et voluptatibus maxime debitis animi temporibus dolores.', 'Harum et qui eum eius autem rem tenetur libero sit.');
INSERT INTO pet VALUES ('Cristina', 'Ellis38@yahoo.com', 'Bearded Dragon', 'Dolores dicta architecto labore adipisci.', 'Deleniti aperiam sit tempora dolorum voluptates et ducimus voluptatem vero.');
INSERT INTO full_time_ct VALUES ('Ellis38@yahoo.com');
INSERT INTO ft_specializes_in VALUES ('Ellis38@yahoo.com', 'Mule', 18);

INSERT INTO person VALUES ('Maximilian_Marks@hotmail.com', 'Bailee Quigley', '$2b$10$6zqstqkVFK3sOVsYk6mwYO7yavXO1qBCbWrm1c.zIgFKeTgsoNRaC', '72098 Garret Way', 90914304, 'user', 'https://s3.amazonaws.com/uifaces/faces/twitter/kaysix_dizzy/128.jpg');

INSERT INTO person VALUES ('Mariano_Lebsack@yahoo.com', 'Rod Conn', '$2b$10$6zqstqkVFK3sOVsYk6mwYOgW/8d0eeOkokNgn1DC5EeylxCTiu1da', '111 Marjorie Groves', 90982417, 'user', 'https://s3.amazonaws.com/uifaces/faces/twitter/antonyzotov/128.jpg');
INSERT INTO credit_card VALUES (6397950023518370, 'Mariano_Lebsack@yahoo.com', '2023-08-23T01:02:59.608Z', 840);
INSERT INTO pet VALUES ('Benjamin', 'Mariano_Lebsack@yahoo.com', 'Bird', 'Praesentium sed quaerat.', 'Officia est vitae.');
INSERT INTO pet VALUES ('Hazle', 'Mariano_Lebsack@yahoo.com', 'Mule', 'Et quia soluta modi et ut suscipit dolorem dolor.', 'Deserunt quibusdam est.');

INSERT INTO person VALUES ('Alfred.Windler@hotmail.com', 'Earnest Lehner', '$2b$10$6zqstqkVFK3sOVsYk6mwYOzQXKqMMT6AXzJVhhQjiIv.heBmrFlqe', '1084 Lehner Pine', 90550407, 'user', 'https://s3.amazonaws.com/uifaces/faces/twitter/gauchomatt/128.jpg');

INSERT INTO person VALUES ('Marquise93@yahoo.com', 'Prince Hane', '$2b$10$6zqstqkVFK3sOVsYk6mwYOc0dhjLxcxfSpjJ6k.wvT7pgoxNyocW.', '746 Marquardt Rue', 90017568, 'user', 'https://s3.amazonaws.com/uifaces/faces/twitter/roybarberuk/128.jpg');

INSERT INTO person VALUES ('Ruth.Lueilwitz25@gmail.com', 'Georgiana Bauch', '$2b$10$6zqstqkVFK3sOVsYk6mwYOuHcToMm3DKHzlVIWDuppJd.s1oGN26m', '4119 Turcotte Mountain', 90142182, 'user', 'https://s3.amazonaws.com/uifaces/faces/twitter/gusoto/128.jpg');
INSERT INTO credit_card VALUES (3529670420806331, 'Ruth.Lueilwitz25@gmail.com', '2021-08-19T17:21:22.919Z', 495);
INSERT INTO pet VALUES ('Jovanny', 'Ruth.Lueilwitz25@gmail.com', 'Guinea Fowl', 'Cupiditate magni sit.', 'Reiciendis qui occaecati excepturi.');

INSERT INTO person VALUES ('Alice_Crooks58@gmail.com', 'Eladio Weissnat', '$2b$10$6zqstqkVFK3sOVsYk6mwYOHtc2lSVanQR8pm8i2BTJwt4oS6EW.XK', '876 Waelchi Summit', 90036033, 'user', 'https://s3.amazonaws.com/uifaces/faces/twitter/commadelimited/128.jpg');
INSERT INTO credit_card VALUES (6375035418529323, 'Alice_Crooks58@gmail.com', '2021-07-05T23:16:26.393Z', 755);
INSERT INTO pet VALUES ('Laila', 'Alice_Crooks58@gmail.com', 'Bearded Dragon', 'Nostrum esse earum fugit.', 'Voluptate suscipit sit consequatur.');
INSERT INTO pet VALUES ('Emerald', 'Alice_Crooks58@gmail.com', 'Hamster', 'Autem vitae mollitia blanditiis ea cum.', 'Sit dolore nemo esse magnam nostrum earum est vero.');
INSERT INTO full_time_ct VALUES ('Alice_Crooks58@gmail.com');
INSERT INTO ft_specializes_in VALUES ('Alice_Crooks58@gmail.com', 'Cow', 14);
INSERT INTO ft_specializes_in VALUES ('Alice_Crooks58@gmail.com', 'Mice', 13);

INSERT INTO person VALUES ('Maria.Beer@hotmail.com', 'Kellen Blick', '$2b$10$6zqstqkVFK3sOVsYk6mwYOF895SeqpIioQ5Jb0hLeNKJ3jrFMIoRu', '49384 Lueilwitz Lake', 90181000, 'user', 'https://s3.amazonaws.com/uifaces/faces/twitter/chatyrko/128.jpg');
INSERT INTO credit_card VALUES (5424565705125299, 'Maria.Beer@hotmail.com', '2025-02-23T16:27:16.225Z', 002);
INSERT INTO pet VALUES ('Orlo', 'Maria.Beer@hotmail.com', 'Guinea Fowl', 'Optio et perferendis repellendus fugiat nulla dicta.', 'Cupiditate dolor mollitia modi.');
INSERT INTO pet VALUES ('Hazel', 'Maria.Beer@hotmail.com', 'Chicken', 'Ut aperiam modi qui sed consectetur et distinctio.', 'Non recusandae et nemo repellat explicabo sint placeat.');
INSERT INTO pet VALUES ('Marilie', 'Maria.Beer@hotmail.com', 'Gecko', 'Sed soluta sed ratione.', 'Eos et quasi sint quia aut ad.');

INSERT INTO person VALUES ('Helene_OHara46@hotmail.com', 'Jalen Aufderhar', '$2b$10$6zqstqkVFK3sOVsYk6mwYO5RYkt1kfOpXMTbR30E7Nih334sfVwUu', '0827 Johnston Forge', 90912574, 'user', 'https://s3.amazonaws.com/uifaces/faces/twitter/besbujupi/128.jpg');
INSERT INTO full_time_ct VALUES ('Helene_OHara46@hotmail.com');
INSERT INTO ft_specializes_in VALUES ('Helene_OHara46@hotmail.com', 'Geese (Chinese Swan Goose)', 12);
INSERT INTO ft_specializes_in VALUES ('Helene_OHara46@hotmail.com', 'Ponie', 3);

INSERT INTO person VALUES ('Caterina.Ratke@hotmail.com', 'Luther Johns', '$2b$10$6zqstqkVFK3sOVsYk6mwYOTfPQMz2fZ8SKzfVMdQcY0qdyzidCtf2', '48565 Harris Points', 90003960, 'user', 'https://s3.amazonaws.com/uifaces/faces/twitter/m_kalibry/128.jpg');

INSERT INTO person VALUES ('Makenzie13@yahoo.com', 'Lemuel Frami', '$2b$10$6zqstqkVFK3sOVsYk6mwYOtR7Tj79bFVnPOdQDZY/iq2.wmSZi7fS', '212 Cronin Prairie', 90621999, 'user', 'https://s3.amazonaws.com/uifaces/faces/twitter/rdbannon/128.jpg');
INSERT INTO credit_card VALUES (6759830088398060, 'Makenzie13@yahoo.com', '2023-04-11T04:16:40.945Z', 399);
INSERT INTO pet VALUES ('Angeline', 'Makenzie13@yahoo.com', 'Bird', 'Enim est autem id.', 'Qui molestiae ut.');
INSERT INTO pet VALUES ('Madalyn', 'Makenzie13@yahoo.com', 'Duck', 'Sit inventore reiciendis deserunt voluptas rerum et tempore hic qui.', 'Doloribus qui ut magnam culpa labore animi.');

INSERT INTO person VALUES ('Darrick_Adams45@yahoo.com', 'Colton Raynor', '$2b$10$6zqstqkVFK3sOVsYk6mwYOHs4umMMpGSl9UeD8nxr4PFYHiRH7EcO', '6318 Koch Island', 90563556, 'user', 'https://s3.amazonaws.com/uifaces/faces/twitter/arkokoley/128.jpg');
INSERT INTO credit_card VALUES (6304077466046735, 'Darrick_Adams45@yahoo.com', '2022-02-06T20:20:41.950Z', 049);
INSERT INTO pet VALUES ('Ike', 'Darrick_Adams45@yahoo.com', 'Iguana', 'Molestiae quisquam nemo cumque animi.', 'Eius nemo quae placeat molestiae accusamus perferendis.');
INSERT INTO pet VALUES ('Jaylin', 'Darrick_Adams45@yahoo.com', 'Gecko', 'Et qui quia et quia impedit et eum.', 'Quae eaque possimus explicabo cum ducimus debitis ea.');
INSERT INTO pet VALUES ('Webster', 'Darrick_Adams45@yahoo.com', 'Goat', 'Ipsa omnis in.', 'Eaque qui voluptatem minima blanditiis optio ab ducimus dolor.');

INSERT INTO person VALUES ('Jaquan.Barton@gmail.com', 'Alexie McLaughlin', '$2b$10$6zqstqkVFK3sOVsYk6mwYOaS6nV1exZLy5bucx99X6obROllQSAUi', '85489 Gusikowski Fall', 90073879, 'user', 'https://s3.amazonaws.com/uifaces/faces/twitter/ManikRathee/128.jpg');
INSERT INTO credit_card VALUES (347300615066956, 'Jaquan.Barton@gmail.com', '2021-04-10T14:31:30.906Z', 261);
INSERT INTO pet VALUES ('Andre', 'Jaquan.Barton@gmail.com', 'Mule', 'Fugit sint est facere rerum sunt ea sit consectetur asperiores.', 'Ut quia aut tempora aspernatur et.');
INSERT INTO pet VALUES ('Madelynn', 'Jaquan.Barton@gmail.com', 'Chicken', 'Quos distinctio enim assumenda rerum nemo architecto.', 'Fugit eligendi neque ad animi animi qui qui illo.');
INSERT INTO pet VALUES ('Adan', 'Jaquan.Barton@gmail.com', 'Hamster', 'Rem laborum ipsa architecto mollitia totam aut placeat et.', 'Minima dolorum in vero vero quam id voluptas corporis in.');

INSERT INTO person VALUES ('Jodie8@gmail.com', 'Maci Dach', '$2b$10$6zqstqkVFK3sOVsYk6mwYOLHX5XciCUGA5hxOA9ar1cOvWfdN7kpa', '229 Brandyn Landing', 90818283, 'user', 'https://s3.amazonaws.com/uifaces/faces/twitter/kevka/128.jpg');
INSERT INTO credit_card VALUES (6771891981701628, 'Jodie8@gmail.com', '2021-03-27T22:00:03.220Z', 530);
INSERT INTO pet VALUES ('Lula', 'Jodie8@gmail.com', 'Rabbit', 'Et unde provident.', 'Non delectus qui rerum ducimus.');
INSERT INTO full_time_ct VALUES ('Jodie8@gmail.com');
INSERT INTO ft_specializes_in VALUES ('Jodie8@gmail.com', 'Goat', 11);

INSERT INTO person VALUES ('Salvatore_Ortiz@hotmail.com', 'Alexandrine Murphy', '$2b$10$6zqstqkVFK3sOVsYk6mwYO9F7B9IZPHOKiOr7MEzStVt6WS9KaFOK', '01865 Davis Squares', 90603687, 'user', 'https://s3.amazonaws.com/uifaces/faces/twitter/chaensel/128.jpg');

INSERT INTO person VALUES ('Danyka.Heaney73@yahoo.com', 'Emerson Pacocha', '$2b$10$6zqstqkVFK3sOVsYk6mwYOUJFLomXk2xlAya5hR3tBjO0EMqzsROu', '2529 Bauch Lodge', 90161417, 'user', 'https://s3.amazonaws.com/uifaces/faces/twitter/alsobrooks/128.jpg');
INSERT INTO full_time_ct VALUES ('Danyka.Heaney73@yahoo.com');

INSERT INTO person VALUES ('Cletus.Ledner34@yahoo.com', 'Terrell Konopelski', '$2b$10$6zqstqkVFK3sOVsYk6mwYO4sDpyUqU8StCZlpnPEMmg.Nk.hMbEbq', '1585 Kory Plains', 90268332, 'user', 'https://s3.amazonaws.com/uifaces/faces/twitter/blakesimkins/128.jpg');
INSERT INTO credit_card VALUES (3529721314675130, 'Cletus.Ledner34@yahoo.com', '2021-09-08T11:17:56.073Z', 580);
INSERT INTO pet VALUES ('Samson', 'Cletus.Ledner34@yahoo.com', 'Hedgehog', 'Voluptate dolor nihil.', 'Assumenda cum nihil commodi autem ad ipsum.');

INSERT INTO person VALUES ('Paula.Ankunding61@hotmail.com', 'Claud Stiedemann', '$2b$10$6zqstqkVFK3sOVsYk6mwYOwVgf6uXChX/sFDyACh7kAgJH74BBbPq', '051 Lang Harbors', 90197797, 'user', 'https://s3.amazonaws.com/uifaces/faces/twitter/mkginfo/128.jpg');
INSERT INTO credit_card VALUES (346750132957017, 'Paula.Ankunding61@hotmail.com', '2021-05-16T07:11:03.337Z', 767);
INSERT INTO pet VALUES ('Ronny', 'Paula.Ankunding61@hotmail.com', 'Lizard', 'Eius dolores optio.', 'Adipisci animi fugit ea odit itaque hic nihil repellat.');
INSERT INTO pet VALUES ('Celestine', 'Paula.Ankunding61@hotmail.com', 'Guinea Pig', 'Dolor dolore atque assumenda reprehenderit quaerat quisquam non quo error.', 'Iure enim iure aliquid sit enim modi ea maiores molestias.');
INSERT INTO pet VALUES ('Romaine', 'Paula.Ankunding61@hotmail.com', 'Ferret', 'Dolores voluptatibus est provident sapiente nam saepe dolor dolores.', 'Est dolorum consequatur perferendis rerum dolores quo.');

INSERT INTO person VALUES ('Eveline34@hotmail.com', 'Nakia Lemke', '$2b$10$6zqstqkVFK3sOVsYk6mwYOImO65cjo0KAwetPtrygwUJgMbsYYJXu', '98685 Easton Fork', 90170272, 'user', 'https://s3.amazonaws.com/uifaces/faces/twitter/juaumlol/128.jpg');
INSERT INTO part_time_ct VALUES ('Eveline34@hotmail.com');
INSERT INTO pt_free_schedule VALUES ('Eveline34@hotmail.com', '2020-11-05T10:50:22.106Z', '2021-10-11T18:46:24.226Z');
INSERT INTO pt_specializes_in VALUES ('Eveline34@hotmail.com', 'Bearded Dragon', 14);
INSERT INTO pt_specializes_in VALUES ('Eveline34@hotmail.com', 'Goat', 0);
INSERT INTO pt_specializes_in VALUES ('Eveline34@hotmail.com', 'Ponie', 19);

INSERT INTO person VALUES ('Emmalee_Hilll71@gmail.com', 'Alverta Hegmann', '$2b$10$6zqstqkVFK3sOVsYk6mwYOyl0EvickaM02wmEptVNqLlxmLzfr..C', '3564 Kiera Curve', 90067853, 'user', 'https://s3.amazonaws.com/uifaces/faces/twitter/edgarchris99/128.jpg');
INSERT INTO credit_card VALUES (36644812710056, 'Emmalee_Hilll71@gmail.com', '2023-08-07T04:19:34.682Z', 752);
INSERT INTO pet VALUES ('Christelle', 'Emmalee_Hilll71@gmail.com', 'Gecko', 'Sit vero corporis reiciendis cupiditate id a odio.', 'Id ut amet qui voluptatem aspernatur qui.');
INSERT INTO full_time_ct VALUES ('Emmalee_Hilll71@gmail.com');
INSERT INTO ft_specializes_in VALUES ('Emmalee_Hilll71@gmail.com', 'Chameleons (Veiled)', 19);
INSERT INTO ft_specializes_in VALUES ('Emmalee_Hilll71@gmail.com', 'Duck', 8);
INSERT INTO ft_specializes_in VALUES ('Emmalee_Hilll71@gmail.com', 'Llama', 9);

INSERT INTO person VALUES ('Reese.Bode@yahoo.com', 'Ezekiel Larkin', '$2b$10$6zqstqkVFK3sOVsYk6mwYOApw0w4KqSg.szZ8U9FJqEjtdyPD3Mia', '590 Gina Springs', 90060961, 'user', 'https://s3.amazonaws.com/uifaces/faces/twitter/ruzinav/128.jpg');

INSERT INTO person VALUES ('Alba.Botsford57@hotmail.com', 'Verner Rolfson', '$2b$10$6zqstqkVFK3sOVsYk6mwYONDBxG4tNj3I8BPY/HMSpsWmX/2Ie7t.', '837 Ratke Rapid', 90257306, 'user', 'https://s3.amazonaws.com/uifaces/faces/twitter/mr_shiznit/128.jpg');
INSERT INTO credit_card VALUES (3588563065766215, 'Alba.Botsford57@hotmail.com', '2021-05-11T03:53:55.001Z', 964);
INSERT INTO pet VALUES ('Terrance', 'Alba.Botsford57@hotmail.com', 'Llama', 'Minima quo dicta eius voluptatem cupiditate accusamus.', 'Enim possimus autem similique et earum cum facere.');
INSERT INTO pet VALUES ('Alden', 'Alba.Botsford57@hotmail.com', 'Llama', 'Molestiae quia sit et assumenda commodi est voluptatibus facere tempore.', 'Sed nihil ex deleniti earum cumque nihil repudiandae et animi.');

INSERT INTO person VALUES ('Walton_Schiller@yahoo.com', 'Bill Feil', '$2b$10$6zqstqkVFK3sOVsYk6mwYOGgxUl0O6gnCiaHiy1xpg.QahIhcnC9.', '49091 Goldner Oval', 90781649, 'user', 'https://s3.amazonaws.com/uifaces/faces/twitter/emmeffess/128.jpg');
INSERT INTO full_time_ct VALUES ('Walton_Schiller@yahoo.com');
INSERT INTO ft_specializes_in VALUES ('Walton_Schiller@yahoo.com', 'Geese (Chinese Swan Goose)', 4);
INSERT INTO ft_specializes_in VALUES ('Walton_Schiller@yahoo.com', 'Iguana', 0);

INSERT INTO person VALUES ('Afton_Orn@yahoo.com', 'Leda Jacobs', '$2b$10$6zqstqkVFK3sOVsYk6mwYOgny0I2Y/UTvqgNgeuClDZVXbB7mSjAq', '8566 Monserrate Dam', 90806406, 'user', 'https://s3.amazonaws.com/uifaces/faces/twitter/michaelmartinho/128.jpg');
INSERT INTO part_time_ct VALUES ('Afton_Orn@yahoo.com');
INSERT INTO pt_free_schedule VALUES ('Afton_Orn@yahoo.com', '2020-11-05T00:22:43.295Z', '2021-07-12T06:27:10.530Z');
INSERT INTO pt_specializes_in VALUES ('Afton_Orn@yahoo.com', 'Chinese Water Dragon', 11);
INSERT INTO pt_specializes_in VALUES ('Afton_Orn@yahoo.com', 'Geese (Chinese Swan Goose)', 2);

INSERT INTO person VALUES ('Orion61@yahoo.com', 'Coleman Hermann', '$2b$10$6zqstqkVFK3sOVsYk6mwYOn0drlL/y02irQRBO1L/KwM73xKS5b0G', '02689 Cronin Field', 90541826, 'user', 'https://s3.amazonaws.com/uifaces/faces/twitter/travis_arnold/128.jpg');
INSERT INTO credit_card VALUES (3529085943391048, 'Orion61@yahoo.com', '2022-01-01T21:59:24.138Z', 450);
INSERT INTO pet VALUES ('Georgette', 'Orion61@yahoo.com', 'Bird', 'Illo et reprehenderit.', 'In sit officiis veniam.');

INSERT INTO person VALUES ('Jaunita95@yahoo.com', 'Nola Braun', '$2b$10$6zqstqkVFK3sOVsYk6mwYO1NpHSHXDCKY0PVnuI5HEjv.U.NPppLS', '94115 Jaeden Point', 90444220, 'user', 'https://s3.amazonaws.com/uifaces/faces/twitter/okandungel/128.jpg');
INSERT INTO credit_card VALUES (3528464142684106, 'Jaunita95@yahoo.com', '2023-10-25T19:57:56.555Z', 941);
INSERT INTO pet VALUES ('Ellsworth', 'Jaunita95@yahoo.com', 'Dog', 'Velit quo id perspiciatis architecto et animi velit quidem laborum.', 'Eaque nihil dolores voluptatem et ut porro repellendus.');
INSERT INTO pet VALUES ('Arely', 'Jaunita95@yahoo.com', 'Gecko', 'Consequatur dolorem ullam.', 'Esse facilis culpa explicabo officiis eum.');
INSERT INTO full_time_ct VALUES ('Jaunita95@yahoo.com');

INSERT INTO person VALUES ('Monroe.Balistreri@hotmail.com', 'Van Ward', '$2b$10$6zqstqkVFK3sOVsYk6mwYOsNNCY/c7F9XKkHnkT8KE/gr.cRHvUNG', '4948 Ullrich Roads', 90593385, 'user', 'https://s3.amazonaws.com/uifaces/faces/twitter/netonet_il/128.jpg');

INSERT INTO person VALUES ('Myrl_Bosco98@gmail.com', 'Vernon Padberg', '$2b$10$6zqstqkVFK3sOVsYk6mwYOIe.ODuopn0SBKsznVw277ZgxEvg5Bu2', '101 Jayne Meadow', 90859611, 'user', 'https://s3.amazonaws.com/uifaces/faces/twitter/nickfratter/128.jpg');
INSERT INTO part_time_ct VALUES ('Myrl_Bosco98@gmail.com');
INSERT INTO pt_free_schedule VALUES ('Myrl_Bosco98@gmail.com', '2020-11-05T10:45:16.972Z', '2020-11-24T14:45:25.440Z');
INSERT INTO pt_specializes_in VALUES ('Myrl_Bosco98@gmail.com', 'Fish', 18);

INSERT INTO person VALUES ('Reyna.White94@yahoo.com', 'Adella Murazik', '$2b$10$6zqstqkVFK3sOVsYk6mwYOrWu6O0jz0mok7rITVtoNPzLya.9uib2', '400 Antoinette Shore', 90145366, 'user', 'https://s3.amazonaws.com/uifaces/faces/twitter/spbroma/128.jpg');
INSERT INTO full_time_ct VALUES ('Reyna.White94@yahoo.com');
INSERT INTO ft_specializes_in VALUES ('Reyna.White94@yahoo.com', 'Geese (Chinese Swan Goose)', 17);
INSERT INTO ft_specializes_in VALUES ('Reyna.White94@yahoo.com', 'Pigeon', 17);
INSERT INTO ft_specializes_in VALUES ('Reyna.White94@yahoo.com', 'Ponie', 4);

INSERT INTO person VALUES ('Tania44@yahoo.com', 'Lora Ruecker', '$2b$10$6zqstqkVFK3sOVsYk6mwYOnz8xNjAk.bAGo/afvY0OQltf/HJo2Ie', '5676 Jameson Stravenue', 90485750, 'user', 'https://s3.amazonaws.com/uifaces/faces/twitter/josep_martins/128.jpg');
INSERT INTO full_time_ct VALUES ('Tania44@yahoo.com');

INSERT INTO person VALUES ('Amanda.McCullough5@gmail.com', 'Augustus Crist', '$2b$10$6zqstqkVFK3sOVsYk6mwYOt7Pbi9Qds0pT39NeqE0FuSH/clzOVXS', '490 Kunze Drive', 90612780, 'user', 'https://s3.amazonaws.com/uifaces/faces/twitter/mvdheuvel/128.jpg');

INSERT INTO person VALUES ('Natalie_Cormier95@hotmail.com', 'Coralie McKenzie', '$2b$10$6zqstqkVFK3sOVsYk6mwYO2OE1qudEMuPqlcIAY9RvEzU8emg8W9W', '47315 Leuschke Gardens', 90961957, 'user', 'https://s3.amazonaws.com/uifaces/faces/twitter/newbrushes/128.jpg');
INSERT INTO credit_card VALUES (6706483341754085, 'Natalie_Cormier95@hotmail.com', '2021-06-26T20:20:12.733Z', 050);
INSERT INTO pet VALUES ('Hilario', 'Natalie_Cormier95@hotmail.com', 'Hog', 'Quis est reprehenderit sed aut.', 'Est dolor aut pariatur est corrupti possimus itaque non cum.');
INSERT INTO pet VALUES ('Izaiah', 'Natalie_Cormier95@hotmail.com', 'Hamster', 'Aperiam qui reprehenderit excepturi cum dolores.', 'Et voluptates officiis.');

INSERT INTO person VALUES ('Jeanie.Murazik33@hotmail.com', 'Jordon Collier', '$2b$10$6zqstqkVFK3sOVsYk6mwYO6NmByEY..bYOluNvLwrxsBc9xPadvIu', '415 Elsa Canyon', 90920755, 'user', 'https://s3.amazonaws.com/uifaces/faces/twitter/mutlu82/128.jpg');
INSERT INTO full_time_ct VALUES ('Jeanie.Murazik33@hotmail.com');
INSERT INTO ft_specializes_in VALUES ('Jeanie.Murazik33@hotmail.com', 'Cat', 9);
INSERT INTO ft_specializes_in VALUES ('Jeanie.Murazik33@hotmail.com', 'Chameleons (Veiled)', 8);
INSERT INTO ft_specializes_in VALUES ('Jeanie.Murazik33@hotmail.com', 'Pig', 2);

INSERT INTO person VALUES ('Hazle.Hessel@gmail.com', 'Henry West', '$2b$10$6zqstqkVFK3sOVsYk6mwYOwiSeJcRDYRDGYus1l8UF.neEtlpoY2S', '15013 Carmela Crossroad', 90926097, 'user', 'https://s3.amazonaws.com/uifaces/faces/twitter/puzik/128.jpg');
INSERT INTO credit_card VALUES (6759924379431706, 'Hazle.Hessel@gmail.com', '2021-10-20T20:11:08.288Z', 196);
INSERT INTO pet VALUES ('Cleta', 'Hazle.Hessel@gmail.com', 'Peafowl', 'Consequuntur corporis sint aut.', 'Minus qui ea id officiis ut eum harum et voluptates.');

INSERT INTO person VALUES ('Polly.Krajcik65@yahoo.com', 'Oswald Bradtke', '$2b$10$6zqstqkVFK3sOVsYk6mwYO745.KlIVjLdhlvEm.rnk0lTW4Exz5XW', '77722 Hintz Points', 90210426, 'user', 'https://s3.amazonaws.com/uifaces/faces/twitter/AM_Kn2/128.jpg');
INSERT INTO full_time_ct VALUES ('Polly.Krajcik65@yahoo.com');
INSERT INTO ft_specializes_in VALUES ('Polly.Krajcik65@yahoo.com', 'Ferret', 14);
INSERT INTO ft_specializes_in VALUES ('Polly.Krajcik65@yahoo.com', 'Pigeon', 14);

INSERT INTO person VALUES ('Anjali_Wintheiser14@gmail.com', 'Ebba Keeling', '$2b$10$6zqstqkVFK3sOVsYk6mwYOd890zj1bGxoc7Vgt8BYwaZJqZJZbEIC', '174 Ullrich Shores', 90820877, 'user', 'https://s3.amazonaws.com/uifaces/faces/twitter/timmillwood/128.jpg');
INSERT INTO credit_card VALUES (6472620681778409, 'Anjali_Wintheiser14@gmail.com', '2021-01-23T14:20:21.785Z', 166);
INSERT INTO part_time_ct VALUES ('Anjali_Wintheiser14@gmail.com');
INSERT INTO pt_free_schedule VALUES ('Anjali_Wintheiser14@gmail.com', '2020-11-04T15:56:03.933Z', '2020-12-26T13:39:48.124Z');

INSERT INTO person VALUES ('Piper_Langworth@gmail.com', 'Thora Tromp', '$2b$10$6zqstqkVFK3sOVsYk6mwYOoJPfXkSVZBE.CIqfjPbEZbJHBkCt.FS', '814 Kuhic Turnpike', 90698936, 'user', 'https://s3.amazonaws.com/uifaces/faces/twitter/scips/128.jpg');
INSERT INTO credit_card VALUES (6759248781993016, 'Piper_Langworth@gmail.com', '2021-08-03T04:09:20.783Z', 086);
INSERT INTO pet VALUES ('Odell', 'Piper_Langworth@gmail.com', 'Bearded Dragon', 'Non fugiat molestias dolor laborum eius id.', 'Maxime deserunt consequatur sed minus.');
INSERT INTO part_time_ct VALUES ('Piper_Langworth@gmail.com');
INSERT INTO pt_free_schedule VALUES ('Piper_Langworth@gmail.com', '2020-11-05T01:40:22.257Z', '2021-05-30T08:43:14.521Z');

INSERT INTO person VALUES ('Parker42@gmail.com', 'Libby Reynolds', '$2b$10$6zqstqkVFK3sOVsYk6mwYOIbRnNSSYjhw1vR7oY/SVpO2Jw7NP336', '045 Rodrick Lights', 90119916, 'user', 'https://s3.amazonaws.com/uifaces/faces/twitter/itskawsar/128.jpg');
INSERT INTO credit_card VALUES (5018031179673250, 'Parker42@gmail.com', '2022-01-30T03:10:13.657Z', 875);
INSERT INTO pet VALUES ('Kimberly', 'Parker42@gmail.com', 'Ferret', 'Rerum necessitatibus aut itaque sequi rerum amet pariatur voluptate voluptatem.', 'Ex est omnis aliquid sint.');
INSERT INTO pet VALUES ('Jaquan', 'Parker42@gmail.com', 'Duck', 'Odio in illum qui impedit dolor quo minima.', 'Rerum est harum voluptatem id qui.');
INSERT INTO pet VALUES ('Alden', 'Parker42@gmail.com', 'Geese (Chinese Swan Goose)', 'Veritatis aperiam et incidunt ut ducimus sed error.', 'Qui autem eveniet alias sapiente.');

INSERT INTO person VALUES ('Autumn_Farrell@yahoo.com', 'Mitchel Reynolds', '$2b$10$6zqstqkVFK3sOVsYk6mwYO6ZTs9NiTmx5QNW.CLXIMRDtQuq9J.BS', '64880 Gage Neck', 90370904, 'user', 'https://s3.amazonaws.com/uifaces/faces/twitter/mugukamil/128.jpg');
INSERT INTO part_time_ct VALUES ('Autumn_Farrell@yahoo.com');
INSERT INTO pt_free_schedule VALUES ('Autumn_Farrell@yahoo.com', '2020-11-05T02:52:35.520Z', '2020-12-29T14:49:40.143Z');
INSERT INTO pt_specializes_in VALUES ('Autumn_Farrell@yahoo.com', 'Guinea Fowl', 10);
INSERT INTO pt_specializes_in VALUES ('Autumn_Farrell@yahoo.com', 'Pot Bellied Pig', 6);

INSERT INTO person VALUES ('Alfredo.Hegmann@gmail.com', 'Selena Jacobs', '$2b$10$6zqstqkVFK3sOVsYk6mwYOk38iJC/5rVnnfHt5YQdKHOJWFbFmJle', '19141 Jerde Forges', 90400192, 'user', 'https://s3.amazonaws.com/uifaces/faces/twitter/dingyi/128.jpg');

INSERT INTO person VALUES ('Dena.Dooley54@yahoo.com', 'Aidan Welch', '$2b$10$6zqstqkVFK3sOVsYk6mwYOTpGqofGOzlbBrHhuB488JfF9n4CByqa', '7222 Elisa Motorway', 90787351, 'user', 'https://s3.amazonaws.com/uifaces/faces/twitter/nvkznemo/128.jpg');

INSERT INTO person VALUES ('Kamille.Jerde@hotmail.com', 'Leonard Boyer', '$2b$10$6zqstqkVFK3sOVsYk6mwYOVtNDWhGMNi8xOFoJe.0hZavZfg8s79O', '067 Shields Ports', 90863815, 'user', 'https://s3.amazonaws.com/uifaces/faces/twitter/joetruesdell/128.jpg');
INSERT INTO credit_card VALUES (4661166204661475, 'Kamille.Jerde@hotmail.com', '2020-12-12T04:36:13.669Z', 858);
INSERT INTO pet VALUES ('Kenna', 'Kamille.Jerde@hotmail.com', 'Mice', 'Commodi vel vel quisquam ipsa.', 'Sit ut tempore.');
INSERT INTO part_time_ct VALUES ('Kamille.Jerde@hotmail.com');
INSERT INTO pt_free_schedule VALUES ('Kamille.Jerde@hotmail.com', '2020-11-05T02:57:26.384Z', '2021-06-01T17:53:34.139Z');
INSERT INTO pt_specializes_in VALUES ('Kamille.Jerde@hotmail.com', 'Dog', 5);
INSERT INTO pt_specializes_in VALUES ('Kamille.Jerde@hotmail.com', 'Duck', 14);

INSERT INTO person VALUES ('Isaiah95@yahoo.com', 'Garett Quigley', '$2b$10$6zqstqkVFK3sOVsYk6mwYOfc28QKAQHoGc/PKir63A5qu4JTjBxim', '88763 OKeefe Brook', 90770109, 'user', 'https://s3.amazonaws.com/uifaces/faces/twitter/_williamguerra/128.jpg');
INSERT INTO credit_card VALUES (6767797498374680, 'Isaiah95@yahoo.com', '2023-06-29T04:11:52.041Z', 408);
INSERT INTO pet VALUES ('Imelda', 'Isaiah95@yahoo.com', 'Hamster', 'Recusandae officiis in est voluptas enim reiciendis aut aut.', 'Ab provident labore repellendus laudantium quam voluptatem voluptatem error veritatis.');

INSERT INTO person VALUES ('Solon7@gmail.com', 'Clinton Lang', '$2b$10$6zqstqkVFK3sOVsYk6mwYO0eoCUw3vzUGbf.hKpk/7pqtcXwyjuxS', '1826 Sabina Forest', 90366401, 'user', 'https://s3.amazonaws.com/uifaces/faces/twitter/woodsman001/128.jpg');
INSERT INTO full_time_ct VALUES ('Solon7@gmail.com');
INSERT INTO ft_specializes_in VALUES ('Solon7@gmail.com', 'Burro', 3);
INSERT INTO ft_specializes_in VALUES ('Solon7@gmail.com', 'Chameleons (Veiled)', 2);
INSERT INTO ft_specializes_in VALUES ('Solon7@gmail.com', 'Mice', 12);

INSERT INTO person VALUES ('Reginald.Hettinger@gmail.com', 'Erwin Deckow', '$2b$10$6zqstqkVFK3sOVsYk6mwYOECTIR83bSMXiAMk5WUg4OQEZA4rBSKe', '77129 Jennyfer Street', 90645523, 'user', 'https://s3.amazonaws.com/uifaces/faces/twitter/darylws/128.jpg');

INSERT INTO person VALUES ('Jarret5@yahoo.com', 'Jarrell Ritchie', '$2b$10$6zqstqkVFK3sOVsYk6mwYO2/OfoIlPhOD82ihb7Pz6kWJHpFYHdUy', '2125 Kessler Point', 90925988, 'user', 'https://s3.amazonaws.com/uifaces/faces/twitter/kinday/128.jpg');

INSERT INTO person VALUES ('Jamarcus27@yahoo.com', 'Sasha Harvey', '$2b$10$6zqstqkVFK3sOVsYk6mwYOpr7WgXT.wHKxrP.tShHUE9oxHgGHfqW', '0007 Huel Villages', 90185446, 'user', 'https://s3.amazonaws.com/uifaces/faces/twitter/ryanmclaughlin/128.jpg');
INSERT INTO credit_card VALUES (30589013619230, 'Jamarcus27@yahoo.com', '2021-01-22T23:22:37.601Z', 272);
INSERT INTO pet VALUES ('Gina', 'Jamarcus27@yahoo.com', 'Gecko', 'Provident aspernatur fuga adipisci ut.', 'Quo ea perspiciatis quo sunt qui iusto ducimus assumenda.');
INSERT INTO pet VALUES ('Gregory', 'Jamarcus27@yahoo.com', 'Goat', 'Ab et consectetur fuga est doloribus quia.', 'Fugit quas quia et sit molestias et.');
INSERT INTO pet VALUES ('Deontae', 'Jamarcus27@yahoo.com', 'Cat', 'Rem debitis consequatur.', 'Necessitatibus qui est qui et autem illum et nesciunt.');
INSERT INTO full_time_ct VALUES ('Jamarcus27@yahoo.com');
INSERT INTO ft_specializes_in VALUES ('Jamarcus27@yahoo.com', 'Hedgehog', 6);
INSERT INTO ft_specializes_in VALUES ('Jamarcus27@yahoo.com', 'Pig', 13);

INSERT INTO person VALUES ('Wanda45@gmail.com', 'Deangelo Marvin', '$2b$10$6zqstqkVFK3sOVsYk6mwYO0K3ZNoYDr1ZInTtiBGCzD9ot3debch.', '84717 Gilberto Mountains', 90042772, 'user', 'https://s3.amazonaws.com/uifaces/faces/twitter/the_winslet/128.jpg');

INSERT INTO person VALUES ('Arianna27@yahoo.com', 'Audie Dibbert', '$2b$10$6zqstqkVFK3sOVsYk6mwYOb4EZVFJ2VQa.Iuv/LzEosclWe5A6zPW', '253 Jed Light', 90029548, 'user', 'https://s3.amazonaws.com/uifaces/faces/twitter/oaktreemedia/128.jpg');
INSERT INTO part_time_ct VALUES ('Arianna27@yahoo.com');
INSERT INTO pt_free_schedule VALUES ('Arianna27@yahoo.com', '2020-11-05T09:15:19.017Z', '2021-02-22T04:18:42.036Z');

INSERT INTO person VALUES ('Edythe.Goyette@hotmail.com', 'Priscilla Sauer', '$2b$10$6zqstqkVFK3sOVsYk6mwYOfViJlahOau1weLRTF1G/u12HLjHcm7K', '955 Clotilde Courts', 90157424, 'user', 'https://s3.amazonaws.com/uifaces/faces/twitter/adamnac/128.jpg');
INSERT INTO credit_card VALUES (6759796458326882, 'Edythe.Goyette@hotmail.com', '2023-05-04T17:26:34.166Z', 151);
INSERT INTO pet VALUES ('Paula', 'Edythe.Goyette@hotmail.com', 'Rabbit', 'Hic ipsam aut sunt repudiandae tempore velit.', 'Harum necessitatibus iure sapiente quis eaque quo.');
INSERT INTO pet VALUES ('Jillian', 'Edythe.Goyette@hotmail.com', 'Bearded Dragon', 'Aut et et rem voluptas voluptatem alias.', 'Optio qui porro impedit eum ad explicabo sed.');
INSERT INTO pet VALUES ('Beverly', 'Edythe.Goyette@hotmail.com', 'Mule', 'Mollitia maiores qui.', 'Perferendis voluptas quam assumenda.');

INSERT INTO person VALUES ('Carson_Blick76@gmail.com', 'Fausto Hane', '$2b$10$6zqstqkVFK3sOVsYk6mwYORTi0XgjPvxiaAyeZG4qx4P3xf0/jsTi', '76711 Boyle Flats', 90492129, 'user', 'https://s3.amazonaws.com/uifaces/faces/twitter/benoitboucart/128.jpg');

INSERT INTO person VALUES ('Tara_Hettinger58@gmail.com', 'Kip Yost', '$2b$10$6zqstqkVFK3sOVsYk6mwYOF88qsh5mvktr1g8IG61wC9l5DFgITnm', '6249 Gerhard Fields', 90710213, 'user', 'https://s3.amazonaws.com/uifaces/faces/twitter/arthurholcombe1/128.jpg');
INSERT INTO credit_card VALUES (6709519945246667, 'Tara_Hettinger58@gmail.com', '2021-10-26T12:40:42.602Z', 051);
INSERT INTO pet VALUES ('Gabrielle', 'Tara_Hettinger58@gmail.com', 'Duck', 'Corrupti delectus consequatur at.', 'Voluptatem occaecati dignissimos eos est occaecati autem ut numquam.');

INSERT INTO person VALUES ('Enola.Gerhold91@yahoo.com', 'Karina Predovic', '$2b$10$6zqstqkVFK3sOVsYk6mwYO.TZaPrqsooTWehvJHPSTiUYZy0BRBUa', '12355 Frami Street', 90599270, 'user', 'https://s3.amazonaws.com/uifaces/faces/twitter/jeremiaha/128.jpg');
INSERT INTO credit_card VALUES (371542085268540, 'Enola.Gerhold91@yahoo.com', '2022-04-22T19:24:24.232Z', 514);

INSERT INTO person VALUES ('Fae.Effertz@gmail.com', 'Jack OKon', '$2b$10$6zqstqkVFK3sOVsYk6mwYO9E9WKZ5HvyDtaWeeNzNclSl4BILXxWm', '276 Hilpert View', 90190928, 'user', 'https://s3.amazonaws.com/uifaces/faces/twitter/geran7/128.jpg');
INSERT INTO credit_card VALUES (3528422150200104, 'Fae.Effertz@gmail.com', '2021-10-10T21:18:12.153Z', 381);
INSERT INTO pet VALUES ('Bell', 'Fae.Effertz@gmail.com', 'Bird', 'Quia sed et sed ipsum minima ut quis et.', 'Aliquid culpa numquam ut.');
INSERT INTO part_time_ct VALUES ('Fae.Effertz@gmail.com');
INSERT INTO pt_free_schedule VALUES ('Fae.Effertz@gmail.com', '2020-11-04T18:46:19.248Z', '2021-03-20T06:27:32.954Z');
INSERT INTO pt_specializes_in VALUES ('Fae.Effertz@gmail.com', 'Fish', 11);
INSERT INTO pt_specializes_in VALUES ('Fae.Effertz@gmail.com', 'Pigeon', 11);

INSERT INTO person VALUES ('Alphonso_Fay36@yahoo.com', 'Terry Daniel', '$2b$10$6zqstqkVFK3sOVsYk6mwYOBOjyzQswlrn1ljgdV7WS2mDw2suy3OG', '792 Tia Lodge', 90382947, 'user', 'https://s3.amazonaws.com/uifaces/faces/twitter/finchjke/128.jpg');
INSERT INTO part_time_ct VALUES ('Alphonso_Fay36@yahoo.com');
INSERT INTO pt_free_schedule VALUES ('Alphonso_Fay36@yahoo.com', '2020-11-05T08:36:19.375Z', '2020-11-24T14:08:08.536Z');

INSERT INTO person VALUES ('Eriberto62@hotmail.com', 'Ludwig Nader', '$2b$10$6zqstqkVFK3sOVsYk6mwYOoyhAH.nAHMb7N6K2WlpPyCwvJQcqZC.', '0982 Hardy Isle', 90387573, 'user', 'https://s3.amazonaws.com/uifaces/faces/twitter/xilantra/128.jpg');
INSERT INTO credit_card VALUES (6389252794365200, 'Eriberto62@hotmail.com', '2021-04-17T07:07:17.651Z', 161);
INSERT INTO pet VALUES ('Mittie', 'Eriberto62@hotmail.com', 'Chinchilla', 'Dolorem sit vero expedita quam possimus corporis earum aliquam.', 'Iste iste accusamus aliquid facere consequuntur amet error tempora omnis.');
INSERT INTO pet VALUES ('Kyleigh', 'Eriberto62@hotmail.com', 'Pot Bellied Pig', 'Veniam ipsum eos in quos nobis et omnis expedita exercitationem.', 'Tempore aspernatur velit ipsa libero ab et.');

INSERT INTO person VALUES ('Barrett.Davis28@yahoo.com', 'Tony Bartell', '$2b$10$6zqstqkVFK3sOVsYk6mwYO8UbG/rDNXHaOQKbVKV0NVtSLRSrzOdq', '19162 Jessika Skyway', 90154194, 'user', 'https://s3.amazonaws.com/uifaces/faces/twitter/ilya_pestov/128.jpg');
INSERT INTO credit_card VALUES (6376974236972726, 'Barrett.Davis28@yahoo.com', '2021-09-12T16:11:22.008Z', 764);
INSERT INTO pet VALUES ('Murl', 'Barrett.Davis28@yahoo.com', 'Bird', 'Culpa est non.', 'Qui sint quia ex consequatur qui itaque rerum rerum.');
INSERT INTO pet VALUES ('Jackie', 'Barrett.Davis28@yahoo.com', 'Duck', 'Qui totam earum quae sit.', 'Beatae cupiditate libero beatae asperiores quas beatae consequatur.');
INSERT INTO full_time_ct VALUES ('Barrett.Davis28@yahoo.com');

INSERT INTO person VALUES ('Drake60@gmail.com', 'Laney Fahey', '$2b$10$6zqstqkVFK3sOVsYk6mwYOlsGfrXzFrqApmPytSYQCOyjWfyyoSIu', '2764 Tremblay Ridge', 90215049, 'user', 'https://s3.amazonaws.com/uifaces/faces/twitter/geobikas/128.jpg');
INSERT INTO credit_card VALUES (3529258975824107, 'Drake60@gmail.com', '2021-05-26T14:15:38.145Z', 362);
INSERT INTO pet VALUES ('Gaston', 'Drake60@gmail.com', 'Hedgehog', 'Libero quae aut velit nostrum excepturi modi unde voluptatem minus.', 'Mollitia laboriosam laboriosam.');
INSERT INTO pet VALUES ('Mathilde', 'Drake60@gmail.com', 'Burro', 'Molestiae dignissimos ratione et debitis in aspernatur et assumenda.', 'Error corrupti quae saepe quisquam quia voluptatibus.');

INSERT INTO person VALUES ('Theodora88@gmail.com', 'Roosevelt Hoppe', '$2b$10$6zqstqkVFK3sOVsYk6mwYODFiZ6pfj.Q1IHWikatvF3FdqSQeAtoa', '538 Rosenbaum Islands', 90643540, 'user', 'https://s3.amazonaws.com/uifaces/faces/twitter/gkaam/128.jpg');

INSERT INTO person VALUES ('Kelsie18@gmail.com', 'Urban Carter', '$2b$10$6zqstqkVFK3sOVsYk6mwYOwJT3Ir1kw1UpL5uNXh.V0MVGr7shODy', '71090 Maymie Lake', 90080681, 'user', 'https://s3.amazonaws.com/uifaces/faces/twitter/hugomano/128.jpg');

INSERT INTO person VALUES ('Dylan.Lind26@gmail.com', 'Virginie Pagac', '$2b$10$6zqstqkVFK3sOVsYk6mwYOn8HH5y38wkmGp90CENxIuQQAB8ubVgW', '542 Shana Lights', 90867113, 'user', 'https://s3.amazonaws.com/uifaces/faces/twitter/thimo_cz/128.jpg');
INSERT INTO credit_card VALUES (6771890716182052, 'Dylan.Lind26@gmail.com', '2021-05-29T11:08:48.738Z', 299);
INSERT INTO pet VALUES ('Mohammed', 'Dylan.Lind26@gmail.com', 'Goat', 'Optio odio repellendus est velit aut.', 'Mollitia ipsum est quis.');

INSERT INTO person VALUES ('Anissa_Homenick@gmail.com', 'Julie Klocko', '$2b$10$6zqstqkVFK3sOVsYk6mwYOg1SLaWKmcWldOe4ObAyDVmyNBrYi1Tq', '23449 Felipa Fort', 90560610, 'user', 'https://s3.amazonaws.com/uifaces/faces/twitter/bowbrick/128.jpg');
INSERT INTO credit_card VALUES (6709880532253608, 'Anissa_Homenick@gmail.com', '2022-01-02T19:38:14.510Z', 448);

INSERT INTO person VALUES ('Vaughn.Yundt@gmail.com', 'Vincent Schumm', '$2b$10$6zqstqkVFK3sOVsYk6mwYOUl.ubkv1IAUVQV1JiVal2tgNbgSQLEm', '037 Adela Shore', 90820129, 'user', 'https://s3.amazonaws.com/uifaces/faces/twitter/tristanlegros/128.jpg');

INSERT INTO person VALUES ('Carole12@gmail.com', 'Delta Towne', '$2b$10$6zqstqkVFK3sOVsYk6mwYOWsp7VzccPTF3ErN4sgESLaZ2/KH1glO', '9565 Parisian Prairie', 90153502, 'user', 'https://s3.amazonaws.com/uifaces/faces/twitter/iamgarth/128.jpg');
INSERT INTO credit_card VALUES (3528989047194559, 'Carole12@gmail.com', '2021-05-25T14:32:59.604Z', 249);
INSERT INTO pet VALUES ('Makenzie', 'Carole12@gmail.com', 'Chinese Water Dragon', 'Perferendis rerum est optio facere nihil consequatur ipsa.', 'Vel reiciendis laboriosam nihil.');
INSERT INTO pet VALUES ('Valentin', 'Carole12@gmail.com', 'Guinea Fowl', 'Iure libero dicta id.', 'Voluptas modi animi voluptas corporis.');
INSERT INTO full_time_ct VALUES ('Carole12@gmail.com');
INSERT INTO ft_specializes_in VALUES ('Carole12@gmail.com', 'Burro', 3);
INSERT INTO ft_specializes_in VALUES ('Carole12@gmail.com', 'Ferret', 17);
INSERT INTO ft_specializes_in VALUES ('Carole12@gmail.com', 'Hedgehog', 10);

INSERT INTO person VALUES ('Jasper.Wintheiser81@hotmail.com', 'Dominique Howe', '$2b$10$6zqstqkVFK3sOVsYk6mwYOaGqjw6qYAakR/hYEQ7krugBryemDLU.', '415 Upton Estate', 90634642, 'user', 'https://s3.amazonaws.com/uifaces/faces/twitter/okcoker/128.jpg');
INSERT INTO part_time_ct VALUES ('Jasper.Wintheiser81@hotmail.com');
INSERT INTO pt_free_schedule VALUES ('Jasper.Wintheiser81@hotmail.com', '2020-11-05T03:12:57.429Z', '2021-07-29T06:59:17.599Z');
INSERT INTO pt_specializes_in VALUES ('Jasper.Wintheiser81@hotmail.com', 'Chameleons (Veiled)', 5);

INSERT INTO person VALUES ('Baby93@hotmail.com', 'Felipe Buckridge', '$2b$10$6zqstqkVFK3sOVsYk6mwYOE3LCLGUewF4h/JbrI9ndpeJ.RL8JkW6', '1581 Elwin Orchard', 90630193, 'user', 'https://s3.amazonaws.com/uifaces/faces/twitter/baluli/128.jpg');
INSERT INTO credit_card VALUES (6304829393959237, 'Baby93@hotmail.com', '2023-10-11T03:54:53.062Z', 074);
INSERT INTO pet VALUES ('Leilani', 'Baby93@hotmail.com', 'Chameleons (Veiled)', 'Est facilis quis.', 'Maxime autem quae.');
INSERT INTO pet VALUES ('Wilhelmine', 'Baby93@hotmail.com', 'Guinea Pig', 'Nemo occaecati aut sed illo rerum ut dolor illum in.', 'Maxime aliquam recusandae deleniti id iusto aspernatur.');
INSERT INTO pet VALUES ('Clara', 'Baby93@hotmail.com', 'Bird', 'Possimus laborum et nam at sit dolores.', 'Adipisci aut repudiandae.');
INSERT INTO part_time_ct VALUES ('Baby93@hotmail.com');
INSERT INTO pt_free_schedule VALUES ('Baby93@hotmail.com', '2020-11-04T19:05:06.251Z', '2021-03-28T06:58:48.530Z');

INSERT INTO person VALUES ('Cassandre_OKon10@hotmail.com', 'Ettie Stanton', '$2b$10$6zqstqkVFK3sOVsYk6mwYO0bS8wwfQFzm40qkSJdfttO4l8ceYs0C', '28084 Larson View', 90259705, 'user', 'https://s3.amazonaws.com/uifaces/faces/twitter/chrisslowik/128.jpg');
INSERT INTO full_time_ct VALUES ('Cassandre_OKon10@hotmail.com');
INSERT INTO ft_specializes_in VALUES ('Cassandre_OKon10@hotmail.com', 'Cow', 7);
INSERT INTO ft_specializes_in VALUES ('Cassandre_OKon10@hotmail.com', 'Guinea Fowl', 8);
INSERT INTO ft_specializes_in VALUES ('Cassandre_OKon10@hotmail.com', 'Iguana', 14);

INSERT INTO person VALUES ('Aaron.Huels@yahoo.com', 'Fay Barton', '$2b$10$6zqstqkVFK3sOVsYk6mwYO0J/DK7obvBUiIn4xHgLZH7XdAEJ.grq', '778 Funk Square', 90341642, 'user', 'https://s3.amazonaws.com/uifaces/faces/twitter/vijaykarthik/128.jpg');

INSERT INTO person VALUES ('Zion.Carroll34@hotmail.com', 'Louisa Bauch', '$2b$10$6zqstqkVFK3sOVsYk6mwYOu4aKxdBsMQnzVMr1so4IpeP8dTdR/d.', '12172 Kunze Key', 90467846, 'user', 'https://s3.amazonaws.com/uifaces/faces/twitter/ahmetalpbalkan/128.jpg');
INSERT INTO credit_card VALUES (4006849653436, 'Zion.Carroll34@hotmail.com', '2021-03-04T16:25:17.285Z', 116);
INSERT INTO pet VALUES ('Nathen', 'Zion.Carroll34@hotmail.com', 'Peafowl', 'Provident et quia corrupti deserunt dolores.', 'Omnis quia omnis esse deleniti.');
INSERT INTO pet VALUES ('Brannon', 'Zion.Carroll34@hotmail.com', 'Gecko', 'Fuga reprehenderit est quis ut doloribus et mollitia.', 'Dolorem quam quo dolores repudiandae asperiores non aspernatur illo ducimus.');
INSERT INTO pet VALUES ('Zetta', 'Zion.Carroll34@hotmail.com', 'Mule', 'Laboriosam dolores culpa esse non quo quaerat eos et perferendis.', 'Quam eos sit tenetur eum provident unde voluptatem voluptas.');

INSERT INTO person VALUES ('Alvena.Waters@yahoo.com', 'Alvis Schroeder', '$2b$10$6zqstqkVFK3sOVsYk6mwYOyAyPYzIpr3wCYjrXLFxXxpRO/92iB0u', '3682 Craig Streets', 90821978, 'user', 'https://s3.amazonaws.com/uifaces/faces/twitter/samihah/128.jpg');

INSERT INTO person VALUES ('Michael_Wolff1@hotmail.com', 'Theresia Torp', '$2b$10$6zqstqkVFK3sOVsYk6mwYOrfLp73iGXNhCeLHSRuLpwS3aJToiDGW', '469 Wilkinson Camp', 90957763, 'user', 'https://s3.amazonaws.com/uifaces/faces/twitter/robinlayfield/128.jpg');
INSERT INTO credit_card VALUES (6458810659442549, 'Michael_Wolff1@hotmail.com', '2021-11-04T12:13:37.592Z', 494);
INSERT INTO pet VALUES ('Tad', 'Michael_Wolff1@hotmail.com', 'Hamster', 'Suscipit enim saepe officia vel unde.', 'Aut minima mollitia quibusdam praesentium et ut ut quod dignissimos.');
INSERT INTO pet VALUES ('Emily', 'Michael_Wolff1@hotmail.com', 'Pot Bellied Pig', 'Velit est facere numquam ipsam quos.', 'Aut aut non et.');
INSERT INTO pet VALUES ('Bonnie', 'Michael_Wolff1@hotmail.com', 'Bird', 'Maiores qui perspiciatis eos corporis veritatis quo.', 'Eaque soluta voluptatibus quia dolore exercitationem asperiores.');

INSERT INTO person VALUES ('Dominique91@hotmail.com', 'Mattie Cole', '$2b$10$6zqstqkVFK3sOVsYk6mwYOfkNi1HWKx22.VXR6gVXGj1yTB8UPw7K', '55431 Schowalter Well', 90217530, 'user', 'https://s3.amazonaws.com/uifaces/faces/twitter/kennyadr/128.jpg');

INSERT INTO person VALUES ('Nels_Homenick@yahoo.com', 'Sam Goldner', '$2b$10$6zqstqkVFK3sOVsYk6mwYOvw4tFRq4xynS4cmWkhaHlXxyOUeNX1O', '8599 Bechtelar Fields', 90125109, 'user', 'https://s3.amazonaws.com/uifaces/faces/twitter/jasonmarkjones/128.jpg');
INSERT INTO credit_card VALUES (5018380326025295, 'Nels_Homenick@yahoo.com', '2021-10-07T18:08:01.309Z', 120);
INSERT INTO pet VALUES ('Ernestina', 'Nels_Homenick@yahoo.com', 'Chinese Water Dragon', 'Incidunt perferendis est.', 'Et voluptas commodi.');
INSERT INTO pet VALUES ('Margaret', 'Nels_Homenick@yahoo.com', 'Cow', 'Autem magnam maiores est autem explicabo.', 'Natus et atque cumque numquam molestias.');
INSERT INTO full_time_ct VALUES ('Nels_Homenick@yahoo.com');
INSERT INTO ft_specializes_in VALUES ('Nels_Homenick@yahoo.com', 'Duck', 5);
INSERT INTO ft_specializes_in VALUES ('Nels_Homenick@yahoo.com', 'Hamster', 12);
INSERT INTO ft_specializes_in VALUES ('Nels_Homenick@yahoo.com', 'Peafowl', 6);

INSERT INTO person VALUES ('Valentina.Crist@yahoo.com', 'Toney Hyatt', '$2b$10$6zqstqkVFK3sOVsYk6mwYO8HPUuVDdxiDGqJodBIDMxgUxny0zFPa', '2763 Brody Ferry', 90265560, 'user', 'https://s3.amazonaws.com/uifaces/faces/twitter/sainraja/128.jpg');
INSERT INTO credit_card VALUES (6011621209571998, 'Valentina.Crist@yahoo.com', '2021-07-04T19:25:53.071Z', 409);
INSERT INTO part_time_ct VALUES ('Valentina.Crist@yahoo.com');
INSERT INTO pt_free_schedule VALUES ('Valentina.Crist@yahoo.com', '2020-11-04T21:50:58.205Z', '2021-02-09T13:19:05.141Z');
INSERT INTO pt_specializes_in VALUES ('Valentina.Crist@yahoo.com', 'Duck', 6);

INSERT INTO person VALUES ('Lysanne_Kuhic78@hotmail.com', 'Ramona Shanahan', '$2b$10$6zqstqkVFK3sOVsYk6mwYO8cbMVPZFOx7KfYWCKRAPT0h7XTQ4oL2', '707 Koepp Square', 90856300, 'user', 'https://s3.amazonaws.com/uifaces/faces/twitter/edhenderson/128.jpg');

INSERT INTO person VALUES ('Darren_Blick@hotmail.com', 'Mara Trantow', '$2b$10$6zqstqkVFK3sOVsYk6mwYOEc6Y3gU1/dqYAJbEe8o.AD5VsTKbE8y', '859 Emard Ramp', 90289544, 'user', 'https://s3.amazonaws.com/uifaces/faces/twitter/elisabethkjaer/128.jpg');
INSERT INTO credit_card VALUES (6011857689163934, 'Darren_Blick@hotmail.com', '2021-03-09T19:03:09.188Z', 848);
INSERT INTO pet VALUES ('Molly', 'Darren_Blick@hotmail.com', 'Donkey', 'Veniam explicabo velit optio.', 'Beatae est voluptatibus ea dolorem voluptas soluta quos est.');

INSERT INTO person VALUES ('Elmer_Connelly36@gmail.com', 'Mariam Runolfsson', '$2b$10$6zqstqkVFK3sOVsYk6mwYO8jTNbGoC6V0o4WjJmiiaA5RE8pXlZZa', '720 Baumbach Key', 90026635, 'user', 'https://s3.amazonaws.com/uifaces/faces/twitter/bighanddesign/128.jpg');
INSERT INTO credit_card VALUES (3552233189155483, 'Elmer_Connelly36@gmail.com', '2020-12-17T01:15:00.986Z', 400);
INSERT INTO pet VALUES ('Magnus', 'Elmer_Connelly36@gmail.com', 'Burro', 'Velit similique ea autem qui quisquam.', 'Et nobis quaerat adipisci recusandae ullam cum.');

INSERT INTO person VALUES ('Mariam1@hotmail.com', 'Cleta Mohr', '$2b$10$6zqstqkVFK3sOVsYk6mwYOj0DpfP07CSPLP0XKkaLcrVyJF8oAJZO', '367 Hills Mills', 90839616, 'user', 'https://s3.amazonaws.com/uifaces/faces/twitter/sreejithexp/128.jpg');
INSERT INTO part_time_ct VALUES ('Mariam1@hotmail.com');
INSERT INTO pt_free_schedule VALUES ('Mariam1@hotmail.com', '2020-11-04T17:55:30.889Z', '2021-04-07T09:39:36.765Z');
INSERT INTO pt_specializes_in VALUES ('Mariam1@hotmail.com', 'Rabbit', 15);

INSERT INTO person VALUES ('Herbert_Braun21@hotmail.com', 'Floyd Lehner', '$2b$10$6zqstqkVFK3sOVsYk6mwYO2aSIksrJS.VkLeBq5viGTPrczIHkfUK', '40949 Antonette Green', 90458109, 'user', 'https://s3.amazonaws.com/uifaces/faces/twitter/thierrykoblentz/128.jpg');

INSERT INTO person VALUES ('Daisy53@yahoo.com', 'Lucinda Shields', '$2b$10$6zqstqkVFK3sOVsYk6mwYOufaUyc0wRK0pE0hE6Y4jYekhO4xUKqa', '010 Ferry Trafficway', 90225282, 'user', 'https://s3.amazonaws.com/uifaces/faces/twitter/mirfanqureshi/128.jpg');
INSERT INTO credit_card VALUES (3528193769376625, 'Daisy53@yahoo.com', '2022-01-06T00:24:32.047Z', 947);
INSERT INTO pet VALUES ('Alessia', 'Daisy53@yahoo.com', 'Fish', 'A voluptas quis voluptas rerum officia laborum.', 'Consequatur voluptas perspiciatis quia.');
INSERT INTO pet VALUES ('Josefina', 'Daisy53@yahoo.com', 'Geese (Chinese Swan Goose)', 'Qui vel accusamus delectus maxime omnis veniam aliquam et ipsa.', 'Maxime hic minima sed autem perferendis.');
INSERT INTO part_time_ct VALUES ('Daisy53@yahoo.com');
INSERT INTO pt_free_schedule VALUES ('Daisy53@yahoo.com', '2020-11-05T07:58:13.824Z', '2021-09-11T16:22:17.167Z');
INSERT INTO pt_specializes_in VALUES ('Daisy53@yahoo.com', 'Geese (Chinese Swan Goose)', 3);

INSERT INTO person VALUES ('Natalia81@yahoo.com', 'Iliana Wuckert', '$2b$10$6zqstqkVFK3sOVsYk6mwYOMac4cJ1ofXR1vEtdfeolEZPFR4q0Esu', '0089 Larkin Estate', 90031830, 'user', 'https://s3.amazonaws.com/uifaces/faces/twitter/j04ntoh/128.jpg');
INSERT INTO credit_card VALUES (6767157488514681, 'Natalia81@yahoo.com', '2021-06-15T16:53:42.517Z', 274);
INSERT INTO pet VALUES ('Emery', 'Natalia81@yahoo.com', 'Peafowl', 'Nam adipisci dolorem soluta quam eius ipsum commodi odit.', 'Inventore rerum aut cumque voluptatibus voluptatibus reprehenderit a tenetur.');

INSERT INTO person VALUES ('Johnson_Emard@gmail.com', 'Yoshiko Bartell', '$2b$10$6zqstqkVFK3sOVsYk6mwYOftA86fpnJ7kGapg.3AoCfOIJ8W7rnnO', '033 Chelsey Plaza', 90638965, 'user', 'https://s3.amazonaws.com/uifaces/faces/twitter/_vojto/128.jpg');
INSERT INTO credit_card VALUES (5451288248642322, 'Johnson_Emard@gmail.com', '2021-10-24T04:34:09.726Z', 040);
INSERT INTO pet VALUES ('Rodger', 'Johnson_Emard@gmail.com', 'Peafowl', 'Cumque mollitia distinctio aut doloremque non suscipit quis dolorem rerum.', 'Eos quia et explicabo non praesentium non est in repudiandae.');

INSERT INTO person VALUES ('Bernard.Reichel30@yahoo.com', 'Nolan Morar', '$2b$10$6zqstqkVFK3sOVsYk6mwYO3q0JaxaaKQ625VQVTOw11AAej3VnQKy', '447 Bergstrom Spurs', 90596277, 'user', 'https://s3.amazonaws.com/uifaces/faces/twitter/adityasutomo/128.jpg');
INSERT INTO credit_card VALUES (6771890183576612, 'Bernard.Reichel30@yahoo.com', '2023-09-10T03:36:05.206Z', 735);
INSERT INTO pet VALUES ('Ignatius', 'Bernard.Reichel30@yahoo.com', 'Guinea Pig', 'Dolor quo consequatur dignissimos blanditiis blanditiis autem amet in ipsa.', 'Quos voluptatem dolor.');

INSERT INTO person VALUES ('Leta32@hotmail.com', 'Adrain Ryan', '$2b$10$6zqstqkVFK3sOVsYk6mwYOYZgotg/mTNxR8e8HGk7yJGx2RP/n3fK', '05872 Kyle Cape', 90808207, 'user', 'https://s3.amazonaws.com/uifaces/faces/twitter/darylws/128.jpg');
INSERT INTO credit_card VALUES (6502629339235702, 'Leta32@hotmail.com', '2021-01-07T23:51:56.020Z', 931);
INSERT INTO pet VALUES ('Lincoln', 'Leta32@hotmail.com', 'Goat', 'Occaecati in praesentium molestiae sit consectetur.', 'Omnis vel ut et rem et officia quo exercitationem.');

INSERT INTO person VALUES ('Colin.Hudson32@yahoo.com', 'Erwin Thompson', '$2b$10$6zqstqkVFK3sOVsYk6mwYO0X610chIwAdLescA3dn59DKVLYc9ky6', '7876 Tevin Springs', 90848296, 'user', 'https://s3.amazonaws.com/uifaces/faces/twitter/joelhelin/128.jpg');
INSERT INTO credit_card VALUES (6767033370943172, 'Colin.Hudson32@yahoo.com', '2021-03-06T18:57:19.512Z', 263);
INSERT INTO pet VALUES ('Delia', 'Colin.Hudson32@yahoo.com', 'Hedgehog', 'Repellat nesciunt eveniet quasi vel modi.', 'Aut quis dolor et dicta.');
INSERT INTO pet VALUES ('Cecilia', 'Colin.Hudson32@yahoo.com', 'Peafowl', 'Aliquam saepe nisi expedita.', 'Eius reprehenderit eveniet omnis qui.');
INSERT INTO pet VALUES ('Eugenia', 'Colin.Hudson32@yahoo.com', 'Burro', 'Accusantium delectus occaecati quia doloribus quasi debitis.', 'Nihil minus et ad libero ad omnis dolores optio nihil.');
INSERT INTO full_time_ct VALUES ('Colin.Hudson32@yahoo.com');

INSERT INTO person VALUES ('Lola.Stamm15@yahoo.com', 'Mona Hilll', '$2b$10$6zqstqkVFK3sOVsYk6mwYOf4j8Hb33BKR3HD2mRka9CI3SlOBlqcS', '383 Kaden Ville', 90086521, 'user', 'https://s3.amazonaws.com/uifaces/faces/twitter/michaelabehsera/128.jpg');

INSERT INTO person VALUES ('Vanessa.Hoppe@gmail.com', 'Genevieve Veum', '$2b$10$6zqstqkVFK3sOVsYk6mwYOAZKJZVMpEPFYXwzas4/DCBu02kLNsjS', '4283 Lottie Flats', 90240019, 'user', 'https://s3.amazonaws.com/uifaces/faces/twitter/beshur/128.jpg');
INSERT INTO credit_card VALUES (5368950577892727, 'Vanessa.Hoppe@gmail.com', '2022-09-23T14:31:42.693Z', 769);
INSERT INTO pet VALUES ('Jarrell', 'Vanessa.Hoppe@gmail.com', 'Hog', 'Id velit ut suscipit expedita qui.', 'Quia omnis pariatur quibusdam voluptatibus.');
INSERT INTO pet VALUES ('Charity', 'Vanessa.Hoppe@gmail.com', 'Goat', 'Voluptatem sunt omnis molestias pariatur.', 'Odio accusamus incidunt.');

INSERT INTO person VALUES ('Alex.Yost@hotmail.com', 'Blanca Hermiston', '$2b$10$6zqstqkVFK3sOVsYk6mwYOmqrbuHZ6YYE7cH2gTAxUfpcf72fre9.', '27567 Welch Lake', 90851079, 'user', 'https://s3.amazonaws.com/uifaces/faces/twitter/aleinadsays/128.jpg');

INSERT INTO person VALUES ('Daphnee_Lebsack39@yahoo.com', 'Leora Powlowski', '$2b$10$6zqstqkVFK3sOVsYk6mwYOi5comrETUFOQWqQvDAJ.hyckYO/X2b6', '502 Gerhold Dam', 90874064, 'user', 'https://s3.amazonaws.com/uifaces/faces/twitter/enda/128.jpg');

INSERT INTO person VALUES ('Treva_Leuschke33@hotmail.com', 'Alexandre Pacocha', '$2b$10$6zqstqkVFK3sOVsYk6mwYOrelLd1AapBEWyVTFmMPh//5bNfC.n/G', '55870 Schaefer Burg', 90568188, 'user', 'https://s3.amazonaws.com/uifaces/faces/twitter/llun/128.jpg');
INSERT INTO part_time_ct VALUES ('Treva_Leuschke33@hotmail.com');
INSERT INTO pt_free_schedule VALUES ('Treva_Leuschke33@hotmail.com', '2020-11-05T01:40:10.217Z', '2021-07-29T23:21:41.453Z');

INSERT INTO person VALUES ('Isom_Hilll@yahoo.com', 'Emmett Zboncak', '$2b$10$6zqstqkVFK3sOVsYk6mwYOXU7mvVSCuZczUcXTqbWfaK/zon64U2m', '5647 Angelica Branch', 90785540, 'user', 'https://s3.amazonaws.com/uifaces/faces/twitter/marclgonzales/128.jpg');

INSERT INTO person VALUES ('Jamison92@gmail.com', 'Orland Hodkiewicz', '$2b$10$6zqstqkVFK3sOVsYk6mwYO8UgWUAPAFiqpOFoPYBg0dwsabcK1RFe', '609 Gleason Views', 90872472, 'user', 'https://s3.amazonaws.com/uifaces/faces/twitter/adamawesomeface/128.jpg');
INSERT INTO credit_card VALUES (378363076714011, 'Jamison92@gmail.com', '2022-07-14T12:13:59.914Z', 175);
INSERT INTO pet VALUES ('Twila', 'Jamison92@gmail.com', 'Peafowl', 'Culpa reprehenderit eius laboriosam.', 'Quis voluptatem ipsum qui ad voluptas quisquam quia ex.');
INSERT INTO pet VALUES ('Terrell', 'Jamison92@gmail.com', 'Mice', 'Nesciunt sed temporibus.', 'Quia animi repellendus qui.');
INSERT INTO part_time_ct VALUES ('Jamison92@gmail.com');
INSERT INTO pt_free_schedule VALUES ('Jamison92@gmail.com', '2020-11-05T10:34:03.152Z', '2021-10-06T17:47:06.173Z');

INSERT INTO person VALUES ('Romaine.Collier96@gmail.com', 'Beaulah Schoen', '$2b$10$6zqstqkVFK3sOVsYk6mwYOmkWoFbn8K.ZOTOmpioA3bV0/V0A4/rO', '695 Schulist Prairie', 90095883, 'user', 'https://s3.amazonaws.com/uifaces/faces/twitter/joreira/128.jpg');
INSERT INTO part_time_ct VALUES ('Romaine.Collier96@gmail.com');
INSERT INTO pt_free_schedule VALUES ('Romaine.Collier96@gmail.com', '2020-11-04T22:29:48.625Z', '2021-06-07T13:31:49.930Z');
INSERT INTO pt_specializes_in VALUES ('Romaine.Collier96@gmail.com', 'Dog', 17);
INSERT INTO pt_specializes_in VALUES ('Romaine.Collier96@gmail.com', 'Hedgehog', 6);
INSERT INTO pt_specializes_in VALUES ('Romaine.Collier96@gmail.com', 'Mule', 12);

INSERT INTO person VALUES ('Micheal_Hilll@gmail.com', 'Kristian Rohan', '$2b$10$6zqstqkVFK3sOVsYk6mwYO.I8z14m/2pDnSnIfcaLy5RN24hbMIGC', '20292 Melvin Key', 90062739, 'user', 'https://s3.amazonaws.com/uifaces/faces/twitter/samuelkraft/128.jpg');
INSERT INTO part_time_ct VALUES ('Micheal_Hilll@gmail.com');
INSERT INTO pt_free_schedule VALUES ('Micheal_Hilll@gmail.com', '2020-11-05T14:01:24.848Z', '2021-06-23T14:26:09.781Z');
INSERT INTO pt_specializes_in VALUES ('Micheal_Hilll@gmail.com', 'Bird', 14);
INSERT INTO pt_specializes_in VALUES ('Micheal_Hilll@gmail.com', 'Chinese Water Dragon', 2);
INSERT INTO pt_specializes_in VALUES ('Micheal_Hilll@gmail.com', 'Hedgehog', 1);

INSERT INTO person VALUES ('Valerie_Greenfelder@yahoo.com', 'Emory Torphy', '$2b$10$6zqstqkVFK3sOVsYk6mwYOmf.jrASGIwLSefsgQPZA1Boc/fZ3oyy', '578 Viva Route', 90142225, 'user', 'https://s3.amazonaws.com/uifaces/faces/twitter/ponchomendivil/128.jpg');
INSERT INTO credit_card VALUES (30164354437057, 'Valerie_Greenfelder@yahoo.com', '2020-12-17T05:43:22.779Z', 693);
INSERT INTO pet VALUES ('Trudie', 'Valerie_Greenfelder@yahoo.com', 'Horse', 'Rerum deleniti voluptas saepe officia vero sunt mollitia nesciunt.', 'Quas eos dicta quibusdam distinctio eaque.');

INSERT INTO person VALUES ('Josephine_Windler@gmail.com', 'Baby Gorczany', '$2b$10$6zqstqkVFK3sOVsYk6mwYObPHR3Hmg39JhtWiAeVARGaTd3xKhGcG', '317 Olen Point', 90690912, 'user', 'https://s3.amazonaws.com/uifaces/faces/twitter/kostaspt/128.jpg');
INSERT INTO credit_card VALUES (3529856630129891, 'Josephine_Windler@gmail.com', '2022-07-12T02:15:59.361Z', 627);
INSERT INTO pet VALUES ('Abbey', 'Josephine_Windler@gmail.com', 'Bird', 'Cumque molestias deserunt.', 'Quidem repellendus optio amet commodi molestiae.');
INSERT INTO pet VALUES ('Madelyn', 'Josephine_Windler@gmail.com', 'Rabbit', 'Soluta ut quisquam doloremque ea ullam blanditiis nihil.', 'Aut saepe inventore architecto et.');
INSERT INTO full_time_ct VALUES ('Josephine_Windler@gmail.com');
INSERT INTO ft_specializes_in VALUES ('Josephine_Windler@gmail.com', 'Hedgehog', 17);

INSERT INTO person VALUES ('Rowan_Kilback33@gmail.com', 'Danika Collins', '$2b$10$6zqstqkVFK3sOVsYk6mwYOu2PFUqOHn9dOlFrhXgy9BptFCSorH5e', '34459 OHara Point', 90016676, 'user', 'https://s3.amazonaws.com/uifaces/faces/twitter/r_oy/128.jpg');

INSERT INTO person VALUES ('Henriette_Williamson@gmail.com', 'Lacy Treutel', '$2b$10$6zqstqkVFK3sOVsYk6mwYO4K7PEchWmoDZfA.wJwLyHEgUIFgfBTW', '77743 Langosh Brook', 90607176, 'user', 'https://s3.amazonaws.com/uifaces/faces/twitter/boxmodel/128.jpg');
INSERT INTO credit_card VALUES (5465760635729159, 'Henriette_Williamson@gmail.com', '2021-10-31T02:34:47.677Z', 032);
INSERT INTO pet VALUES ('Mandy', 'Henriette_Williamson@gmail.com', 'Hedgehog', 'Aut pariatur et adipisci.', 'Consequatur quia quia minus commodi quia.');

INSERT INTO person VALUES ('Verla.Renner@yahoo.com', 'Amani Murphy', '$2b$10$6zqstqkVFK3sOVsYk6mwYOiHHRzD5FbJR5ZBJLeWgcL5P2TheF4gm', '78271 Camden Parkway', 90663289, 'user', 'https://s3.amazonaws.com/uifaces/faces/twitter/mattlat/128.jpg');
INSERT INTO part_time_ct VALUES ('Verla.Renner@yahoo.com');
INSERT INTO pt_free_schedule VALUES ('Verla.Renner@yahoo.com', '2020-11-05T05:54:00.933Z', '2021-01-19T01:48:26.332Z');

INSERT INTO person VALUES ('Robin_Bartoletti58@gmail.com', 'Makayla Lesch', '$2b$10$6zqstqkVFK3sOVsYk6mwYO3rQE/SWx7uWINup/QIhTbYfYIEyybeG', '31274 Mara Orchard', 90787459, 'user', 'https://s3.amazonaws.com/uifaces/faces/twitter/iamjdeleon/128.jpg');
INSERT INTO credit_card VALUES (6767992778641837, 'Robin_Bartoletti58@gmail.com', '2022-06-23T17:36:55.297Z', 437);
INSERT INTO pet VALUES ('Alexandra', 'Robin_Bartoletti58@gmail.com', 'Geese (Chinese Swan Goose)', 'Sequi ducimus ut nesciunt sed.', 'Amet autem non fugiat inventore vero et neque.');
INSERT INTO pet VALUES ('Cecil', 'Robin_Bartoletti58@gmail.com', 'Hog', 'Omnis ab enim rem incidunt sunt ipsa.', 'Est dolores eum qui quasi nihil mollitia molestias.');
INSERT INTO pet VALUES ('Madilyn', 'Robin_Bartoletti58@gmail.com', 'Duck', 'Quibusdam sed distinctio et quis.', 'Natus dolor quibusdam ut porro ipsum.');

INSERT INTO person VALUES ('Werner.Daugherty51@hotmail.com', 'Bradly Denesik', '$2b$10$6zqstqkVFK3sOVsYk6mwYOm8YiF/tYo9QAJ02w41Lr/Ws5w.Jsvne', '8934 Leffler Harbor', 90041086, 'user', 'https://s3.amazonaws.com/uifaces/faces/twitter/ramanathan_pdy/128.jpg');
INSERT INTO credit_card VALUES (6377392952454303, 'Werner.Daugherty51@hotmail.com', '2021-03-07T06:34:03.213Z', 641);
INSERT INTO pet VALUES ('Haskell', 'Werner.Daugherty51@hotmail.com', 'Dog', 'Consequuntur aut necessitatibus minus est voluptas.', 'Aut aperiam voluptas laborum neque et quod blanditiis.');
INSERT INTO pet VALUES ('Murray', 'Werner.Daugherty51@hotmail.com', 'Ferret', 'Rerum et nulla cum accusamus animi voluptatum tempora voluptatum a.', 'Et accusantium quia enim nihil est veritatis.');
INSERT INTO part_time_ct VALUES ('Werner.Daugherty51@hotmail.com');
INSERT INTO pt_free_schedule VALUES ('Werner.Daugherty51@hotmail.com', '2020-11-05T10:09:58.764Z', '2020-11-07T15:13:01.318Z');
INSERT INTO pt_specializes_in VALUES ('Werner.Daugherty51@hotmail.com', 'Chinese Water Dragon', 4);

INSERT INTO person VALUES ('Devante61@yahoo.com', 'Roberta Smitham', '$2b$10$6zqstqkVFK3sOVsYk6mwYO3ycYX.TMd4f8ZExxy1Hebv/kQG2aJJ6', '587 Rohan Loaf', 90674204, 'user', 'https://s3.amazonaws.com/uifaces/faces/twitter/timmillwood/128.jpg');
INSERT INTO credit_card VALUES (6767270752255125, 'Devante61@yahoo.com', '2021-04-10T22:01:02.076Z', 580);
INSERT INTO pet VALUES ('Dakota', 'Devante61@yahoo.com', 'Donkey', 'Quidem accusantium sit impedit ad et eum aut.', 'Doloremque et qui odio quae ad laudantium.');
INSERT INTO full_time_ct VALUES ('Devante61@yahoo.com');

INSERT INTO person VALUES ('Hermann56@hotmail.com', 'Lukas Christiansen', '$2b$10$6zqstqkVFK3sOVsYk6mwYOlXAxSM8aFU60A.d.v.a7yFnjp1.8.0e', '481 Elton Forks', 90794288, 'user', 'https://s3.amazonaws.com/uifaces/faces/twitter/mtolokonnikov/128.jpg');
INSERT INTO credit_card VALUES (6771328474700123, 'Hermann56@hotmail.com', '2021-08-10T19:51:33.990Z', 527);
INSERT INTO pet VALUES ('Kraig', 'Hermann56@hotmail.com', 'Duck', 'Consequatur similique asperiores est eaque.', 'Ut est ex amet.');
INSERT INTO pet VALUES ('Annie', 'Hermann56@hotmail.com', 'Rabbit', 'Deleniti amet sequi quis ut officia.', 'Ut rem suscipit non aut vel.');
INSERT INTO pet VALUES ('Joanie', 'Hermann56@hotmail.com', 'Guinea Pig', 'Provident sunt earum dolorem et.', 'Consequatur tempore tempora rem voluptatem.');

INSERT INTO person VALUES ('Alex_Schmidt@hotmail.com', 'Timothy Volkman', '$2b$10$6zqstqkVFK3sOVsYk6mwYOZLT7uscbUS4M2swRtw4pIfekWUeWele', '48563 Reece Prairie', 90547053, 'user', 'https://s3.amazonaws.com/uifaces/faces/twitter/martinansty/128.jpg');
INSERT INTO credit_card VALUES (6763266356583750, 'Alex_Schmidt@hotmail.com', '2021-10-11T02:16:16.036Z', 461);
INSERT INTO part_time_ct VALUES ('Alex_Schmidt@hotmail.com');
INSERT INTO pt_free_schedule VALUES ('Alex_Schmidt@hotmail.com', '2020-11-04T16:38:20.945Z', '2020-11-15T13:17:01.778Z');

INSERT INTO person VALUES ('Reid.Weber@hotmail.com', 'Rasheed Mraz', '$2b$10$6zqstqkVFK3sOVsYk6mwYOFqMw1.CJ2vNgV5GEUNJyo1i.GtnRpqu', '9756 Ryan Inlet', 90611314, 'user', 'https://s3.amazonaws.com/uifaces/faces/twitter/kevinoh/128.jpg');
INSERT INTO full_time_ct VALUES ('Reid.Weber@hotmail.com');
INSERT INTO ft_specializes_in VALUES ('Reid.Weber@hotmail.com', 'Gerbil', 17);

INSERT INTO person VALUES ('Orie82@gmail.com', 'Freeman Dare', '$2b$10$6zqstqkVFK3sOVsYk6mwYOp77aeW5ZEpjDxevUUPRlfJcpgEla3Om', '56181 Ward Plaza', 90196694, 'user', 'https://s3.amazonaws.com/uifaces/faces/twitter/jarjan/128.jpg');
INSERT INTO credit_card VALUES (6759914044813194, 'Orie82@gmail.com', '2022-08-08T07:42:12.601Z', 131);
INSERT INTO pet VALUES ('Audie', 'Orie82@gmail.com', 'Burro', 'Sed culpa quia neque sed numquam dolorem qui.', 'Consectetur quia natus quas ut totam dolores veniam vero.');
INSERT INTO pet VALUES ('Chesley', 'Orie82@gmail.com', 'Guinea Pig', 'Rem facere voluptatem odit vero sit.', 'Soluta impedit asperiores soluta est ut possimus.');
INSERT INTO pet VALUES ('Astrid', 'Orie82@gmail.com', 'Cat', 'Deleniti voluptatum magnam expedita hic distinctio reprehenderit tenetur quia.', 'Quas voluptate omnis veritatis incidunt officiis culpa aliquam quibusdam.');
INSERT INTO full_time_ct VALUES ('Orie82@gmail.com');
INSERT INTO ft_specializes_in VALUES ('Orie82@gmail.com', 'Hedgehog', 11);

INSERT INTO person VALUES ('Geoffrey62@yahoo.com', 'Rodrick Dooley', '$2b$10$6zqstqkVFK3sOVsYk6mwYO.Vw8W7HH8eePeCDbka8/wdhWAi2ndt6', '28529 Halvorson Inlet', 90236743, 'user', 'https://s3.amazonaws.com/uifaces/faces/twitter/madebybrenton/128.jpg');
INSERT INTO full_time_ct VALUES ('Geoffrey62@yahoo.com');
INSERT INTO ft_specializes_in VALUES ('Geoffrey62@yahoo.com', 'Guinea Fowl', 13);
INSERT INTO ft_specializes_in VALUES ('Geoffrey62@yahoo.com', 'Guinea Pig', 19);
INSERT INTO ft_specializes_in VALUES ('Geoffrey62@yahoo.com', 'Mice', 11);

INSERT INTO person VALUES ('Jodie_Roberts@yahoo.com', 'Adrian Kulas', '$2b$10$6zqstqkVFK3sOVsYk6mwYO2474jeqht5PzSKlJyKNmb2Q4n2FAdX6', '85724 VonRueden Island', 90803774, 'user', 'https://s3.amazonaws.com/uifaces/faces/twitter/jmfsocial/128.jpg');

INSERT INTO person VALUES ('Marian.Labadie@hotmail.com', 'Nicole Spinka', '$2b$10$6zqstqkVFK3sOVsYk6mwYOSu2T9TNEcMCCSOrg/nadMUMOIi4lSDe', '2496 Jones Creek', 90234250, 'user', 'https://s3.amazonaws.com/uifaces/faces/twitter/gabrielrosser/128.jpg');

INSERT INTO person VALUES ('Billy.Johns58@yahoo.com', 'Camren Waelchi', '$2b$10$6zqstqkVFK3sOVsYk6mwYOjPmUp8d/0Ojtf72gKuFyHNK3/hcYMfu', '0887 Shyann Green', 90107585, 'user', 'https://s3.amazonaws.com/uifaces/faces/twitter/tbakdesigns/128.jpg');
INSERT INTO part_time_ct VALUES ('Billy.Johns58@yahoo.com');
INSERT INTO pt_free_schedule VALUES ('Billy.Johns58@yahoo.com', '2020-11-05T06:47:40.893Z', '2021-06-09T13:42:05.829Z');
INSERT INTO pt_specializes_in VALUES ('Billy.Johns58@yahoo.com', 'Ferret', 16);
INSERT INTO pt_specializes_in VALUES ('Billy.Johns58@yahoo.com', 'Goat', 8);

INSERT INTO person VALUES ('Rafael70@yahoo.com', 'Lupe Schamberger', '$2b$10$6zqstqkVFK3sOVsYk6mwYOX7UZervpciXXXVTzV6dXVXF1Ilg6iJK', '0045 Elissa Knolls', 90338918, 'user', 'https://s3.amazonaws.com/uifaces/faces/twitter/prrstn/128.jpg');
INSERT INTO credit_card VALUES (4762393936860, 'Rafael70@yahoo.com', '2021-06-13T06:00:54.037Z', 907);
INSERT INTO pet VALUES ('Dock', 'Rafael70@yahoo.com', 'Pot Bellied Pig', 'Laborum repudiandae qui nostrum culpa aut quasi reiciendis iusto.', 'Voluptas autem vero rerum consequatur impedit facere eos aspernatur.');
INSERT INTO pet VALUES ('Tracey', 'Rafael70@yahoo.com', 'Guinea Fowl', 'Qui est exercitationem fugit dolorem molestiae dicta voluptate et perferendis.', 'Nisi autem itaque sunt dolorum consequatur officia.');
INSERT INTO pet VALUES ('Lynn', 'Rafael70@yahoo.com', 'Burro', 'Illo nulla accusamus distinctio illum suscipit in perspiciatis omnis.', 'Omnis et provident et cum minus nesciunt.');

INSERT INTO person VALUES ('Beverly.Ward66@hotmail.com', 'Antoinette Paucek', '$2b$10$6zqstqkVFK3sOVsYk6mwYO4AG3E5Ffr8.GS340ZU07CVVfXyyaZXu', '298 Blanda Center', 90467194, 'user', 'https://s3.amazonaws.com/uifaces/faces/twitter/alexivanichkin/128.jpg');
INSERT INTO credit_card VALUES (3529088699471101, 'Beverly.Ward66@hotmail.com', '2021-09-11T07:09:40.010Z', 781);
INSERT INTO part_time_ct VALUES ('Beverly.Ward66@hotmail.com');
INSERT INTO pt_free_schedule VALUES ('Beverly.Ward66@hotmail.com', '2020-11-05T00:01:21.667Z', '2021-03-03T05:30:57.937Z');

INSERT INTO person VALUES ('Bryon.Jacobson@yahoo.com', 'Gerhard Smith', '$2b$10$6zqstqkVFK3sOVsYk6mwYOolZPp81FYVovPTGcgWQv1v6XfkGTmLO', '036 Marta Alley', 90624656, 'user', 'https://s3.amazonaws.com/uifaces/faces/twitter/bluesix/128.jpg');
INSERT INTO credit_card VALUES (6304224781950387, 'Bryon.Jacobson@yahoo.com', '2021-03-06T08:27:44.808Z', 214);

INSERT INTO person VALUES ('Jackeline13@hotmail.com', 'Esperanza Towne', '$2b$10$6zqstqkVFK3sOVsYk6mwYOq/psjXNnTzzEuQoPwSHcvdarAMWiD9e', '67393 Hansen Coves', 90541046, 'user', 'https://s3.amazonaws.com/uifaces/faces/twitter/gseguin/128.jpg');
INSERT INTO part_time_ct VALUES ('Jackeline13@hotmail.com');
INSERT INTO pt_free_schedule VALUES ('Jackeline13@hotmail.com', '2020-11-04T16:44:27.976Z', '2020-11-11T20:01:10.729Z');

INSERT INTO person VALUES ('Eryn_Leannon@yahoo.com', 'Bessie Leffler', '$2b$10$6zqstqkVFK3sOVsYk6mwYO8y77t1fXYESVzdR1cqTAgHMqFOLxY0u', '758 Earnestine Flats', 90996812, 'user', 'https://s3.amazonaws.com/uifaces/faces/twitter/byryan/128.jpg');

INSERT INTO person VALUES ('Wilfred98@yahoo.com', 'Hildegard Tremblay', '$2b$10$6zqstqkVFK3sOVsYk6mwYO6t4JfuZX/goAtCxT.TPbVA6MWg/2.YW', '94047 Alberta Fall', 90859644, 'user', 'https://s3.amazonaws.com/uifaces/faces/twitter/dcalonaci/128.jpg');

INSERT INTO person VALUES ('Jeffery.Bode@gmail.com', 'Evelyn Gottlieb', '$2b$10$6zqstqkVFK3sOVsYk6mwYO0wruzjPHcStEuXbqciZf3fi0lH7R/.G', '350 Rosamond Trail', 90948593, 'user', 'https://s3.amazonaws.com/uifaces/faces/twitter/elliotnolten/128.jpg');

INSERT INTO person VALUES ('Rylan_Watsica@gmail.com', 'Candice Robel', '$2b$10$6zqstqkVFK3sOVsYk6mwYOEaQmPz7GXfOEahjWvq7yty3xDzpC3QO', '6033 Schultz Highway', 90883261, 'user', 'https://s3.amazonaws.com/uifaces/faces/twitter/rtgibbons/128.jpg');
INSERT INTO credit_card VALUES (4391545408889, 'Rylan_Watsica@gmail.com', '2023-11-25T22:46:53.135Z', 756);
INSERT INTO pet VALUES ('Clifford', 'Rylan_Watsica@gmail.com', 'Gerbil', 'Corporis quaerat assumenda fuga excepturi occaecati aspernatur cupiditate temporibus.', 'Facilis maiores atque ut.');
INSERT INTO pet VALUES ('Rozella', 'Rylan_Watsica@gmail.com', 'Ponie', 'Non sit pariatur.', 'Iure iure assumenda doloremque laboriosam est reprehenderit iste ea.');
INSERT INTO pet VALUES ('Olga', 'Rylan_Watsica@gmail.com', 'Gecko', 'Id exercitationem voluptatem.', 'Tempora magni quo fuga quis fugit et commodi rerum ullam.');

INSERT INTO person VALUES ('Alyson51@gmail.com', 'Reba Greenholt', '$2b$10$6zqstqkVFK3sOVsYk6mwYO7T30GlI2pOpDCzyFY9DLtWx7I./gt5K', '2753 Cassin Coves', 90472993, 'user', 'https://s3.amazonaws.com/uifaces/faces/twitter/kushsolitary/128.jpg');

INSERT INTO person VALUES ('Evan.Braun0@hotmail.com', 'Destiney Keeling', '$2b$10$6zqstqkVFK3sOVsYk6mwYOjJTxEVdUrsD2.719G7mz86uQTmjjKhe', '406 Maude Land', 90890969, 'user', 'https://s3.amazonaws.com/uifaces/faces/twitter/areandacom/128.jpg');
INSERT INTO credit_card VALUES (5020256409098881, 'Evan.Braun0@hotmail.com', '2021-09-13T22:21:41.247Z', 060);
INSERT INTO part_time_ct VALUES ('Evan.Braun0@hotmail.com');
INSERT INTO pt_free_schedule VALUES ('Evan.Braun0@hotmail.com', '2020-11-05T12:03:40.228Z', '2021-03-21T20:20:50.484Z');
INSERT INTO pt_specializes_in VALUES ('Evan.Braun0@hotmail.com', 'Cow', 19);

INSERT INTO person VALUES ('Stone_OReilly@yahoo.com', 'Leon Stehr', '$2b$10$6zqstqkVFK3sOVsYk6mwYOm0lyswbHP2HcoBJPUDHkmJRfpy32Lom', '10069 Calista Lodge', 90375242, 'user', 'https://s3.amazonaws.com/uifaces/faces/twitter/vladarbatov/128.jpg');
INSERT INTO credit_card VALUES (4325771541977, 'Stone_OReilly@yahoo.com', '2021-12-26T13:26:48.016Z', 694);
INSERT INTO pet VALUES ('Gilbert', 'Stone_OReilly@yahoo.com', 'Guinea Fowl', 'Enim quaerat culpa suscipit.', 'Dolor debitis maxime.');
INSERT INTO part_time_ct VALUES ('Stone_OReilly@yahoo.com');
INSERT INTO pt_free_schedule VALUES ('Stone_OReilly@yahoo.com', '2020-11-05T00:49:58.095Z', '2020-12-29T12:52:16.406Z');
INSERT INTO pt_specializes_in VALUES ('Stone_OReilly@yahoo.com', 'Chicken', 15);

INSERT INTO person VALUES ('Bridget.Feeney73@hotmail.com', 'Antonetta Toy', '$2b$10$6zqstqkVFK3sOVsYk6mwYOR.HxuyUezWbrh1fhS2BUnPsjmbqc2kS', '54424 Abdullah Ports', 90086352, 'user', 'https://s3.amazonaws.com/uifaces/faces/twitter/albertaugustin/128.jpg');
INSERT INTO credit_card VALUES (6473620994272491, 'Bridget.Feeney73@hotmail.com', '2022-07-21T02:47:15.780Z', 956);
INSERT INTO pet VALUES ('Layne', 'Bridget.Feeney73@hotmail.com', 'Ponie', 'Eveniet magni necessitatibus nam quisquam.', 'Veritatis ut qui sed eos amet voluptas sit.');
INSERT INTO pet VALUES ('Luella', 'Bridget.Feeney73@hotmail.com', 'Rabbit', 'Maxime officia ea accusamus necessitatibus.', 'Excepturi nihil ipsam sed blanditiis optio.');
INSERT INTO pet VALUES ('Johnnie', 'Bridget.Feeney73@hotmail.com', 'Mice', 'Et error repellat fugit similique repudiandae veniam voluptatum consequatur.', 'Cupiditate reiciendis possimus beatae.');

INSERT INTO person VALUES ('Matt_Gutkowski46@yahoo.com', 'Courtney Hauck', '$2b$10$6zqstqkVFK3sOVsYk6mwYOeZ9ZuJDZWQ187DunsswlllUFwTPBnL6', '00361 Sauer Viaduct', 90104512, 'user', 'https://s3.amazonaws.com/uifaces/faces/twitter/smaczny/128.jpg');
INSERT INTO full_time_ct VALUES ('Matt_Gutkowski46@yahoo.com');
INSERT INTO ft_specializes_in VALUES ('Matt_Gutkowski46@yahoo.com', 'Gerbil', 4);
INSERT INTO ft_specializes_in VALUES ('Matt_Gutkowski46@yahoo.com', 'Hog', 3);
INSERT INTO ft_specializes_in VALUES ('Matt_Gutkowski46@yahoo.com', 'Pot Bellied Pig', 8);

INSERT INTO person VALUES ('Dangelo.Green@yahoo.com', 'Leif Watsica', '$2b$10$6zqstqkVFK3sOVsYk6mwYOCVIwhV/8xExyvNNnmYH8BQ4x2vamXMS', '1861 Talon Wells', 90076899, 'user', 'https://s3.amazonaws.com/uifaces/faces/twitter/elliotlewis/128.jpg');

INSERT INTO person VALUES ('Gail77@hotmail.com', 'Macey Nienow', '$2b$10$6zqstqkVFK3sOVsYk6mwYO8k/XZzEBOEGiuNiLZqVZlv6tHAf2KZm', '07110 Klocko Extensions', 90847768, 'user', 'https://s3.amazonaws.com/uifaces/faces/twitter/uberschizo/128.jpg');
INSERT INTO credit_card VALUES (376315262374695, 'Gail77@hotmail.com', '2022-02-27T02:14:45.726Z', 467);
INSERT INTO pet VALUES ('Rahul', 'Gail77@hotmail.com', 'Pigeon', 'Impedit aliquid possimus quas quia aut ab reiciendis delectus possimus.', 'Magnam numquam voluptatem praesentium ea.');
INSERT INTO part_time_ct VALUES ('Gail77@hotmail.com');
INSERT INTO pt_free_schedule VALUES ('Gail77@hotmail.com', '2020-11-04T16:04:18.887Z', '2021-02-17T04:45:09.205Z');
INSERT INTO pt_specializes_in VALUES ('Gail77@hotmail.com', 'Geese (Chinese Swan Goose)', 18);
INSERT INTO pt_specializes_in VALUES ('Gail77@hotmail.com', 'Guinea Pig', 20);

INSERT INTO person VALUES ('Cletus13@gmail.com', 'Camille Corwin', '$2b$10$6zqstqkVFK3sOVsYk6mwYOWM7L6KyeJwgx9N9KlwEz5xMUptNhAzK', '527 Legros Greens', 90406209, 'user', 'https://s3.amazonaws.com/uifaces/faces/twitter/baumann_alex/128.jpg');
INSERT INTO full_time_ct VALUES ('Cletus13@gmail.com');
INSERT INTO ft_specializes_in VALUES ('Cletus13@gmail.com', 'Burro', 10);
INSERT INTO ft_specializes_in VALUES ('Cletus13@gmail.com', 'Hog', 20);
INSERT INTO ft_specializes_in VALUES ('Cletus13@gmail.com', 'Pot Bellied Pig', 4);

INSERT INTO person VALUES ('Mya_Deckow@gmail.com', 'Danial Prohaska', '$2b$10$6zqstqkVFK3sOVsYk6mwYOsnw1Zbgk948CzVCiRtbuBV4FSCCl.Ra', '7613 Myrl Manors', 90023762, 'user', 'https://s3.amazonaws.com/uifaces/faces/twitter/posterjob/128.jpg');
INSERT INTO credit_card VALUES (6304942068005807, 'Mya_Deckow@gmail.com', '2021-06-02T16:57:31.618Z', 273);
INSERT INTO full_time_ct VALUES ('Mya_Deckow@gmail.com');
INSERT INTO ft_specializes_in VALUES ('Mya_Deckow@gmail.com', 'Lizard', 2);

INSERT INTO person VALUES ('Antonio98@yahoo.com', 'Kitty Frami', '$2b$10$6zqstqkVFK3sOVsYk6mwYOntuALCaaxw7dY8ItfEqoPsvZwdaXyCO', '7337 Hillard Overpass', 90578335, 'user', 'https://s3.amazonaws.com/uifaces/faces/twitter/bartjo/128.jpg');

INSERT INTO person VALUES ('Francesca.Kozey27@gmail.com', 'Gretchen Upton', '$2b$10$6zqstqkVFK3sOVsYk6mwYOVl8OS7C/S4mrDQFQo3q9Vw2ugbMO13e', '91695 Lauriane Loaf', 90292465, 'user', 'https://s3.amazonaws.com/uifaces/faces/twitter/hfalucas/128.jpg');

INSERT INTO person VALUES ('Oscar17@gmail.com', 'Arjun Dietrich', '$2b$10$6zqstqkVFK3sOVsYk6mwYO74332o909NTUts8wkCRk2wEuZ866F1G', '667 Littel Manors', 90944037, 'user', 'https://s3.amazonaws.com/uifaces/faces/twitter/muridrahhal/128.jpg');
INSERT INTO credit_card VALUES (6706527449925045, 'Oscar17@gmail.com', '2021-08-01T16:03:17.095Z', 285);
INSERT INTO pet VALUES ('Roberta', 'Oscar17@gmail.com', 'Cow', 'Et aut optio ullam est laudantium nihil deserunt.', 'Quo et minima repellendus natus et.');
INSERT INTO pet VALUES ('Adah', 'Oscar17@gmail.com', 'Pig', 'Voluptas ut dolor saepe quidem assumenda accusantium.', 'Sunt excepturi beatae quod facilis omnis est.');

INSERT INTO person VALUES ('Tyra9@yahoo.com', 'Christelle Lind', '$2b$10$6zqstqkVFK3sOVsYk6mwYO4nEVYYXnwLg0OWv1rFSqwn5epIqcOwe', '40042 Herman Ville', 90703797, 'user', 'https://s3.amazonaws.com/uifaces/faces/twitter/dactrtr/128.jpg');
INSERT INTO full_time_ct VALUES ('Tyra9@yahoo.com');
INSERT INTO ft_specializes_in VALUES ('Tyra9@yahoo.com', 'Horse', 5);

INSERT INTO person VALUES ('Beryl.Ward@hotmail.com', 'Lorenzo Kiehn', '$2b$10$6zqstqkVFK3sOVsYk6mwYONtpthaGBEIRW99mw4UrwpMwxR90m3RS', '0814 Orn Rapid', 90738407, 'user', 'https://s3.amazonaws.com/uifaces/faces/twitter/swooshycueb/128.jpg');
INSERT INTO credit_card VALUES (6382601151150796, 'Beryl.Ward@hotmail.com', '2022-04-03T02:50:06.488Z', 697);
INSERT INTO pet VALUES ('Frederique', 'Beryl.Ward@hotmail.com', 'Pigeon', 'Consequatur qui facilis sed vel suscipit.', 'Velit a quis in dolorum.');
INSERT INTO pet VALUES ('Asa', 'Beryl.Ward@hotmail.com', 'Bearded Dragon', 'Rem consequuntur doloremque.', 'Incidunt qui eos vero accusamus.');

INSERT INTO person VALUES ('Cierra.Moen@gmail.com', 'Tyrese Reinger', '$2b$10$6zqstqkVFK3sOVsYk6mwYOg1gKvIS5owe.xRqRrwk1nS9d1UDiYl6', '70190 Lesch View', 90240281, 'user', 'https://s3.amazonaws.com/uifaces/faces/twitter/michaelkoper/128.jpg');
INSERT INTO credit_card VALUES (6759973966732223, 'Cierra.Moen@gmail.com', '2023-02-10T03:25:45.539Z', 841);
INSERT INTO pet VALUES ('Raegan', 'Cierra.Moen@gmail.com', 'Lizard', 'Mollitia consequatur rerum.', 'Consectetur temporibus harum pariatur.');
INSERT INTO pet VALUES ('Raphaelle', 'Cierra.Moen@gmail.com', 'Gecko', 'Nihil velit aspernatur.', 'Eum sit rerum minima.');

INSERT INTO person VALUES ('Alaina_Hintz@hotmail.com', 'Alice White', '$2b$10$6zqstqkVFK3sOVsYk6mwYO2pvelXymK8j.2Bhlwf5cQl3FNaNclFK', '319 Wisozk Squares', 90306119, 'user', 'https://s3.amazonaws.com/uifaces/faces/twitter/christianoliff/128.jpg');
INSERT INTO credit_card VALUES (6762752809969467, 'Alaina_Hintz@hotmail.com', '2024-05-06T18:06:59.961Z', 818);
INSERT INTO pet VALUES ('Ryleigh', 'Alaina_Hintz@hotmail.com', 'Peafowl', 'Eum illum quidem aspernatur sunt laboriosam.', 'Iste dignissimos exercitationem amet in ut nihil est modi.');

INSERT INTO person VALUES ('Carmel.Simonis74@yahoo.com', 'Bradly Walter', '$2b$10$6zqstqkVFK3sOVsYk6mwYOELs1bVIq04R5Bf91AmRgLyBUJfAV.Za', '739 Helene Highway', 90958285, 'user', 'https://s3.amazonaws.com/uifaces/faces/twitter/aiiaiiaii/128.jpg');
INSERT INTO credit_card VALUES (6011620039275594, 'Carmel.Simonis74@yahoo.com', '2022-04-17T09:58:45.854Z', 055);
INSERT INTO pet VALUES ('Kip', 'Carmel.Simonis74@yahoo.com', 'Geese (Chinese Swan Goose)', 'Expedita aut ducimus rerum voluptas cupiditate.', 'Et ut fuga.');
INSERT INTO part_time_ct VALUES ('Carmel.Simonis74@yahoo.com');
INSERT INTO pt_free_schedule VALUES ('Carmel.Simonis74@yahoo.com', '2020-11-05T09:15:26.481Z', '2021-09-02T15:08:28.087Z');
INSERT INTO pt_specializes_in VALUES ('Carmel.Simonis74@yahoo.com', 'Gecko', 17);
INSERT INTO pt_specializes_in VALUES ('Carmel.Simonis74@yahoo.com', 'Geese (Chinese Swan Goose)', 19);
INSERT INTO pt_specializes_in VALUES ('Carmel.Simonis74@yahoo.com', 'Horse', 5);

INSERT INTO person VALUES ('Linwood.Hermann@gmail.com', 'Maureen Bechtelar', '$2b$10$6zqstqkVFK3sOVsYk6mwYOe5ML.plluwC6wRoKnknjvGhA47tUDNm', '80711 Rylee Mountains', 90082357, 'user', 'https://s3.amazonaws.com/uifaces/faces/twitter/j_drake_/128.jpg');
INSERT INTO credit_card VALUES (5441630433640137, 'Linwood.Hermann@gmail.com', '2020-12-30T09:01:21.921Z', 640);
INSERT INTO pet VALUES ('Haylee', 'Linwood.Hermann@gmail.com', 'Guinea Pig', 'Voluptatem eum corporis velit tempora laudantium dolor quia reiciendis et.', 'Optio vitae quia accusamus rerum non rerum.');
INSERT INTO pet VALUES ('Liam', 'Linwood.Hermann@gmail.com', 'Duck', 'Consequatur at consequatur officiis quos et a in voluptas ut.', 'Tempore eum voluptatibus at quos aspernatur illum recusandae a.');

INSERT INTO person VALUES ('Kasandra53@yahoo.com', 'Katrina Bechtelar', '$2b$10$6zqstqkVFK3sOVsYk6mwYOTNk42inPsbOFr54T8vBkZ9BaLh89gxa', '6595 Yazmin Ways', 90303636, 'user', 'https://s3.amazonaws.com/uifaces/faces/twitter/gabrielrosser/128.jpg');
INSERT INTO full_time_ct VALUES ('Kasandra53@yahoo.com');
INSERT INTO ft_specializes_in VALUES ('Kasandra53@yahoo.com', 'Burro', 0);
INSERT INTO ft_specializes_in VALUES ('Kasandra53@yahoo.com', 'Chinchilla', 10);

INSERT INTO person VALUES ('Estelle66@hotmail.com', 'Maurine Nitzsche', '$2b$10$6zqstqkVFK3sOVsYk6mwYOMNQPUxJFNfJAhT2emoaBeSnmqVoEjXy', '6854 Alejandra Ferry', 90204714, 'user', 'https://s3.amazonaws.com/uifaces/faces/twitter/netonet_il/128.jpg');
INSERT INTO credit_card VALUES (6375330873757095, 'Estelle66@hotmail.com', '2021-07-16T01:50:09.314Z', 027);
INSERT INTO pet VALUES ('Zena', 'Estelle66@hotmail.com', 'Dog', 'Id eos quia dolor praesentium nostrum quis.', 'Rem est expedita est.');

INSERT INTO person VALUES ('Deja_Hamill77@gmail.com', 'Friedrich Steuber', '$2b$10$6zqstqkVFK3sOVsYk6mwYOQxiVg39Vc4pVC3f9CAVEjt0VUBaI7uS', '320 Katrine Spurs', 90396717, 'user', 'https://s3.amazonaws.com/uifaces/faces/twitter/guillemboti/128.jpg');
INSERT INTO credit_card VALUES (3528543332440641, 'Deja_Hamill77@gmail.com', '2021-08-31T18:01:43.053Z', 819);
INSERT INTO pet VALUES ('Quinton', 'Deja_Hamill77@gmail.com', 'Hamster', 'Dolores deserunt rerum ipsam et veniam minus.', 'Dolores vero molestiae et.');

INSERT INTO person VALUES ('Hermann8@gmail.com', 'Mohamed Wehner', '$2b$10$6zqstqkVFK3sOVsYk6mwYOPJN3e7mo0zgfgH2v2nDaQWcfZlU0YQi', '3905 Upton Mills', 90513488, 'user', 'https://s3.amazonaws.com/uifaces/faces/twitter/jerrybai1907/128.jpg');
INSERT INTO credit_card VALUES (6011576389537017, 'Hermann8@gmail.com', '2021-04-26T13:31:08.704Z', 301);

INSERT INTO person VALUES ('Destin54@hotmail.com', 'Reese Crist', '$2b$10$6zqstqkVFK3sOVsYk6mwYOTKd/ZSgvlNMGnlVp/vAOMLSeFonlYs.', '79151 Lyric Valleys', 90339651, 'user', 'https://s3.amazonaws.com/uifaces/faces/twitter/areus/128.jpg');
INSERT INTO credit_card VALUES (6499480744508794, 'Destin54@hotmail.com', '2021-10-15T19:57:54.879Z', 919);
INSERT INTO pet VALUES ('Timmy', 'Destin54@hotmail.com', 'Cat', 'Culpa dolorum maxime praesentium repellendus aut officiis ipsum.', 'Qui eum quisquam ut recusandae amet odio.');
INSERT INTO pet VALUES ('Marcella', 'Destin54@hotmail.com', 'Cat', 'Itaque sunt sint.', 'Sit cum et.');
INSERT INTO pet VALUES ('Jeremy', 'Destin54@hotmail.com', 'Mice', 'Modi et quidem.', 'Nostrum quia consequuntur ducimus accusamus corporis.');
INSERT INTO part_time_ct VALUES ('Destin54@hotmail.com');
INSERT INTO pt_free_schedule VALUES ('Destin54@hotmail.com', '2020-11-04T18:20:04.642Z', '2021-06-20T10:07:38.394Z');

INSERT INTO person VALUES ('Carley.Reynolds@hotmail.com', 'Chanelle Bartoletti', '$2b$10$6zqstqkVFK3sOVsYk6mwYO4vbCD58Onv/3XSsRxiwd5UawEHaaBmy', '5964 Wilburn Mews', 90840515, 'user', 'https://s3.amazonaws.com/uifaces/faces/twitter/lepinski/128.jpg');
INSERT INTO part_time_ct VALUES ('Carley.Reynolds@hotmail.com');
INSERT INTO pt_free_schedule VALUES ('Carley.Reynolds@hotmail.com', '2020-11-05T04:37:00.246Z', '2021-06-19T09:17:55.349Z');

INSERT INTO person VALUES ('Myriam94@gmail.com', 'Jordon Larson', '$2b$10$6zqstqkVFK3sOVsYk6mwYO0KmFx8/vsbD8F09nn3sYYvF/SaDiijC', '4192 Beahan Islands', 90140136, 'user', 'https://s3.amazonaws.com/uifaces/faces/twitter/omnizya/128.jpg');
INSERT INTO full_time_ct VALUES ('Myriam94@gmail.com');
INSERT INTO ft_specializes_in VALUES ('Myriam94@gmail.com', 'Burro', 2);
INSERT INTO ft_specializes_in VALUES ('Myriam94@gmail.com', 'Chicken', 12);
INSERT INTO ft_specializes_in VALUES ('Myriam94@gmail.com', 'Mice', 15);

INSERT INTO person VALUES ('Josephine_Considine@yahoo.com', 'Corbin Cartwright', '$2b$10$6zqstqkVFK3sOVsYk6mwYO8Qs6cMtawnuXKkBvdkUVe/dBJkWeVzC', '89673 Douglas Row', 90861755, 'user', 'https://s3.amazonaws.com/uifaces/faces/twitter/toddrew/128.jpg');

INSERT INTO person VALUES ('Pete.Spinka86@yahoo.com', 'Cedrick Abshire', '$2b$10$6zqstqkVFK3sOVsYk6mwYOkyvNHWhTcmb9p1nufEH5OxKihqgZeM6', '9101 Rosenbaum Mill', 90432370, 'user', 'https://s3.amazonaws.com/uifaces/faces/twitter/jwalter14/128.jpg');

INSERT INTO person VALUES ('Jaime97@yahoo.com', 'Aliya Grant', '$2b$10$6zqstqkVFK3sOVsYk6mwYOMEQ0P0eslQa4dhDHPJho/777ngQauoO', '3013 Andres Mall', 90484879, 'user', 'https://s3.amazonaws.com/uifaces/faces/twitter/andrewcohen/128.jpg');

INSERT INTO person VALUES ('Gerard.Sawayn78@gmail.com', 'Cristobal Aufderhar', '$2b$10$6zqstqkVFK3sOVsYk6mwYOHEpd/NP88VriR8DNqW57ELZ9ULqWVtW', '958 Cary Curve', 90424455, 'user', 'https://s3.amazonaws.com/uifaces/faces/twitter/marcoramires/128.jpg');
INSERT INTO credit_card VALUES (4721026267537727, 'Gerard.Sawayn78@gmail.com', '2024-04-21T01:22:22.739Z', 862);
INSERT INTO pet VALUES ('Zachery', 'Gerard.Sawayn78@gmail.com', 'Pig', 'Omnis voluptas illum et qui beatae in.', 'Dolor corrupti enim sunt ipsum est eum quod voluptas doloribus.');
INSERT INTO part_time_ct VALUES ('Gerard.Sawayn78@gmail.com');
INSERT INTO pt_free_schedule VALUES ('Gerard.Sawayn78@gmail.com', '2020-11-05T08:37:26.231Z', '2021-01-13T20:02:37.199Z');

INSERT INTO person VALUES ('Zachery_Lueilwitz8@hotmail.com', 'Francisca Hamill', '$2b$10$6zqstqkVFK3sOVsYk6mwYOdFt9NAc1zMSbtyQucAG6158WIrHT0pq', '1119 Von Mountains', 90399992, 'user', 'https://s3.amazonaws.com/uifaces/faces/twitter/brandonflatsoda/128.jpg');
INSERT INTO full_time_ct VALUES ('Zachery_Lueilwitz8@hotmail.com');
INSERT INTO ft_specializes_in VALUES ('Zachery_Lueilwitz8@hotmail.com', 'Chinese Water Dragon', 14);

INSERT INTO person VALUES ('Cecile36@gmail.com', 'Jimmie Marquardt', '$2b$10$6zqstqkVFK3sOVsYk6mwYOSTDjRlr6VNwEUeH1hFlbjisFBKPGZjO', '765 Elsa Loaf', 90488486, 'user', 'https://s3.amazonaws.com/uifaces/faces/twitter/quailandquasar/128.jpg');
INSERT INTO part_time_ct VALUES ('Cecile36@gmail.com');
INSERT INTO pt_free_schedule VALUES ('Cecile36@gmail.com', '2020-11-05T07:38:44.669Z', '2021-07-06T08:24:37.745Z');
INSERT INTO pt_specializes_in VALUES ('Cecile36@gmail.com', 'Dog', 19);
INSERT INTO pt_specializes_in VALUES ('Cecile36@gmail.com', 'Llama', 10);
INSERT INTO pt_specializes_in VALUES ('Cecile36@gmail.com', 'Hog', 2);

INSERT INTO person VALUES ('Isabelle.Mosciski4@yahoo.com', 'Modesto Little', '$2b$10$6zqstqkVFK3sOVsYk6mwYOZtZAHRIoN0R6PFraSUNITDp6nTPRed6', '95090 Lulu Falls', 90663812, 'user', 'https://s3.amazonaws.com/uifaces/faces/twitter/superoutman/128.jpg');
INSERT INTO credit_card VALUES (4857762674759, 'Isabelle.Mosciski4@yahoo.com', '2020-11-07T14:13:40.708Z', 518);
INSERT INTO pet VALUES ('Kurt', 'Isabelle.Mosciski4@yahoo.com', 'Hog', 'Eius dolore maxime consequatur.', 'Quaerat maiores et nostrum consectetur iure perferendis neque.');
INSERT INTO pet VALUES ('Adrienne', 'Isabelle.Mosciski4@yahoo.com', 'Chinchilla', 'Molestiae mollitia delectus sint vel itaque velit provident quam.', 'Consectetur est et et architecto sapiente mollitia voluptate dolores et.');
INSERT INTO full_time_ct VALUES ('Isabelle.Mosciski4@yahoo.com');
INSERT INTO ft_specializes_in VALUES ('Isabelle.Mosciski4@yahoo.com', 'Duck', 0);
INSERT INTO ft_specializes_in VALUES ('Isabelle.Mosciski4@yahoo.com', 'Hedgehog', 17);
INSERT INTO ft_specializes_in VALUES ('Isabelle.Mosciski4@yahoo.com', 'Iguana', 4);

INSERT INTO person VALUES ('Ignacio.Blick@gmail.com', 'Sabina Sporer', '$2b$10$6zqstqkVFK3sOVsYk6mwYOAkhYhkilCtY9xgWC3Gm5uOqiKd08hp2', '94731 Eudora Drive', 90808102, 'user', 'https://s3.amazonaws.com/uifaces/faces/twitter/garand/128.jpg');
INSERT INTO credit_card VALUES (376916412807072, 'Ignacio.Blick@gmail.com', '2021-04-23T21:27:39.267Z', 342);
INSERT INTO pet VALUES ('Ruben', 'Ignacio.Blick@gmail.com', 'Gerbil', 'Aut quisquam voluptatem eos incidunt.', 'Tempore porro ducimus.');
INSERT INTO pet VALUES ('Cary', 'Ignacio.Blick@gmail.com', 'Cow', 'Illum inventore occaecati necessitatibus non voluptatem veritatis officia culpa numquam.', 'Quibusdam aut doloremque aperiam cupiditate sapiente cumque.');

INSERT INTO person VALUES ('Clemmie.Bergstrom74@yahoo.com', 'Edythe Cruickshank', '$2b$10$6zqstqkVFK3sOVsYk6mwYOHFJnktt0xjzQ3MxAiV0tRu2WFSeK6HC', '482 Johann Ville', 90629754, 'user', 'https://s3.amazonaws.com/uifaces/faces/twitter/martinansty/128.jpg');
INSERT INTO part_time_ct VALUES ('Clemmie.Bergstrom74@yahoo.com');
INSERT INTO pt_free_schedule VALUES ('Clemmie.Bergstrom74@yahoo.com', '2020-11-05T00:07:48.303Z', '2021-07-19T03:48:00.191Z');
INSERT INTO pt_specializes_in VALUES ('Clemmie.Bergstrom74@yahoo.com', 'Donkey', 11);
INSERT INTO pt_specializes_in VALUES ('Clemmie.Bergstrom74@yahoo.com', 'Ponie', 1);

INSERT INTO person VALUES ('Vilma_Leannon@hotmail.com', 'Simeon Dickinson', '$2b$10$6zqstqkVFK3sOVsYk6mwYOdZt0Jy1U660Q4kE3KjxffYsmK6Ca5Nm', '64132 Alford Roads', 90114156, 'user', 'https://s3.amazonaws.com/uifaces/faces/twitter/iamjdeleon/128.jpg');
INSERT INTO credit_card VALUES (349450294618807, 'Vilma_Leannon@hotmail.com', '2021-07-13T18:10:01.680Z', 861);
INSERT INTO pet VALUES ('Tiffany', 'Vilma_Leannon@hotmail.com', 'Mule', 'Tenetur rerum molestias voluptates sed quae et qui dicta harum.', 'Consequuntur veniam sed.');
INSERT INTO pet VALUES ('Tillman', 'Vilma_Leannon@hotmail.com', 'Pot Bellied Pig', 'Et et modi facere mollitia itaque aspernatur quis fugiat.', 'In quas aperiam dicta autem beatae illo.');
INSERT INTO full_time_ct VALUES ('Vilma_Leannon@hotmail.com');
INSERT INTO ft_specializes_in VALUES ('Vilma_Leannon@hotmail.com', 'Bird', 0);
INSERT INTO ft_specializes_in VALUES ('Vilma_Leannon@hotmail.com', 'Horse', 17);

INSERT INTO person VALUES ('Colt_Kassulke60@yahoo.com', 'Garett Leffler', '$2b$10$6zqstqkVFK3sOVsYk6mwYOXp003y7HNvAQC2IdhSyqERFHONwD9Z2', '7475 Moore Bypass', 90193578, 'user', 'https://s3.amazonaws.com/uifaces/faces/twitter/joshmedeski/128.jpg');

INSERT INTO person VALUES ('Edwardo15@hotmail.com', 'Talia Cummerata', '$2b$10$6zqstqkVFK3sOVsYk6mwYO.g4L.cKjI8fLB.m2STroL6zcz7W8krS', '6784 Greg Circle', 90825479, 'user', 'https://s3.amazonaws.com/uifaces/faces/twitter/leeiio/128.jpg');
INSERT INTO credit_card VALUES (5406086142511122, 'Edwardo15@hotmail.com', '2021-10-21T01:01:15.272Z', 916);
INSERT INTO pet VALUES ('Grant', 'Edwardo15@hotmail.com', 'Dog', 'Voluptate est esse voluptatum rerum sint aut consequatur.', 'Asperiores officia et magni itaque commodi consequatur aut fugit.');
INSERT INTO pet VALUES ('Kristofer', 'Edwardo15@hotmail.com', 'Chicken', 'Rerum iusto tenetur hic incidunt commodi id officia ab.', 'Rerum ut eaque modi accusantium enim in dicta dolores.');
INSERT INTO pet VALUES ('Rudolph', 'Edwardo15@hotmail.com', 'Ferret', 'Sit corporis dignissimos.', 'Quam occaecati voluptas reprehenderit iste mollitia.');
INSERT INTO part_time_ct VALUES ('Edwardo15@hotmail.com');
INSERT INTO pt_free_schedule VALUES ('Edwardo15@hotmail.com', '2020-11-05T12:38:23.156Z', '2021-01-25T03:24:39.937Z');
INSERT INTO pt_specializes_in VALUES ('Edwardo15@hotmail.com', 'Hamster', 15);
INSERT INTO pt_specializes_in VALUES ('Edwardo15@hotmail.com', 'Pig', 19);

INSERT INTO person VALUES ('Mathias.Hermann13@hotmail.com', 'Alisa Cartwright', '$2b$10$6zqstqkVFK3sOVsYk6mwYO77R0wsrkBazENmMD83/bbpExSZbRd3a', '613 Windler Lane', 90648138, 'user', 'https://s3.amazonaws.com/uifaces/faces/twitter/BenouarradeM/128.jpg');

INSERT INTO person VALUES ('Clay_Jaskolski@gmail.com', 'Shanelle Greenholt', '$2b$10$6zqstqkVFK3sOVsYk6mwYOOMnDP0X8q.eDKO1pphFcksar5C2vUL2', '4192 Armstrong Village', 90330936, 'user', 'https://s3.amazonaws.com/uifaces/faces/twitter/bu7921/128.jpg');
INSERT INTO credit_card VALUES (6478482523132153, 'Clay_Jaskolski@gmail.com', '2021-09-23T03:22:24.459Z', 781);
INSERT INTO pet VALUES ('Jean', 'Clay_Jaskolski@gmail.com', 'Mice', 'Aut minima praesentium laboriosam amet.', 'Laborum voluptas qui.');
INSERT INTO pet VALUES ('Maribel', 'Clay_Jaskolski@gmail.com', 'Hog', 'Magnam eveniet est qui vitae minima quidem repellat earum alias.', 'Minima similique laudantium sequi et tenetur sunt voluptatem excepturi fuga.');
INSERT INTO pet VALUES ('Eino', 'Clay_Jaskolski@gmail.com', 'Chinchilla', 'Et cumque autem.', 'Autem omnis laborum omnis.');

INSERT INTO person VALUES ('Richmond99@gmail.com', 'Laurine Rosenbaum', '$2b$10$6zqstqkVFK3sOVsYk6mwYOXSihHIcJmr3iKGlRhFWxU0cvju8cSYa', '7360 Jorge Lake', 90284799, 'user', 'https://s3.amazonaws.com/uifaces/faces/twitter/kostaspt/128.jpg');
INSERT INTO full_time_ct VALUES ('Richmond99@gmail.com');
INSERT INTO ft_specializes_in VALUES ('Richmond99@gmail.com', 'Bearded Dragon', 10);
INSERT INTO ft_specializes_in VALUES ('Richmond99@gmail.com', 'Lizard', 7);

INSERT INTO person VALUES ('Samson12@gmail.com', 'Yasmine Gottlieb', '$2b$10$6zqstqkVFK3sOVsYk6mwYOIiWXKT24mT58FOz9ejvf6zhjMxKeboe', '21824 Taryn Radial', 90963781, 'user', 'https://s3.amazonaws.com/uifaces/faces/twitter/ariil/128.jpg');
INSERT INTO credit_card VALUES (6767412512737928, 'Samson12@gmail.com', '2021-04-01T14:57:36.338Z', 012);
INSERT INTO pet VALUES ('Sandra', 'Samson12@gmail.com', 'Fish', 'Harum et pariatur est maxime omnis sunt facilis.', 'Voluptatibus quia nam aliquid quidem eligendi necessitatibus.');
INSERT INTO full_time_ct VALUES ('Samson12@gmail.com');
INSERT INTO ft_specializes_in VALUES ('Samson12@gmail.com', 'Bearded Dragon', 10);

INSERT INTO person VALUES ('Lexi_Hane@hotmail.com', 'Cristobal Reynolds', '$2b$10$6zqstqkVFK3sOVsYk6mwYOX6PC9iACyy9wuzG.b.vUq8dxp73JkIe', '477 Joan Ford', 90606908, 'user', 'https://s3.amazonaws.com/uifaces/faces/twitter/chandlervdw/128.jpg');
INSERT INTO credit_card VALUES (5038505906652788, 'Lexi_Hane@hotmail.com', '2021-01-28T22:55:02.051Z', 542);
INSERT INTO pet VALUES ('Laura', 'Lexi_Hane@hotmail.com', 'Llama', 'Deserunt distinctio error voluptatum excepturi aut natus rerum.', 'Libero vero ut fugiat repellendus non.');
INSERT INTO pet VALUES ('Makenzie', 'Lexi_Hane@hotmail.com', 'Rabbit', 'Error aut impedit earum necessitatibus.', 'Sed quos quisquam rerum nesciunt est dicta veritatis dolorum.');
INSERT INTO part_time_ct VALUES ('Lexi_Hane@hotmail.com');
INSERT INTO pt_free_schedule VALUES ('Lexi_Hane@hotmail.com', '2020-11-04T18:54:54.298Z', '2020-11-17T04:07:06.424Z');

INSERT INTO person VALUES ('Bailey84@gmail.com', 'Dax Dach', '$2b$10$6zqstqkVFK3sOVsYk6mwYOHSP6brqiocq/7zxsLQhKSm1Kgg7/lbi', '615 Auer Plaza', 90851219, 'user', 'https://s3.amazonaws.com/uifaces/faces/twitter/GavicoInd/128.jpg');
INSERT INTO full_time_ct VALUES ('Bailey84@gmail.com');
INSERT INTO ft_specializes_in VALUES ('Bailey84@gmail.com', 'Burro', 0);

INSERT INTO person VALUES ('Tavares_Gleichner@yahoo.com', 'Maria Maggio', '$2b$10$6zqstqkVFK3sOVsYk6mwYOswtwwxkbZoEjQx.KfsitKiIVaRJE1CO', '337 Ryan Locks', 90807466, 'user', 'https://s3.amazonaws.com/uifaces/faces/twitter/timpetricola/128.jpg');

INSERT INTO person VALUES ('Estefania_McClure8@yahoo.com', 'Karson Quitzon', '$2b$10$6zqstqkVFK3sOVsYk6mwYOUC52E7VRpOD//wzC0WQICks7y04r5NK', '85633 Hoppe Plains', 90585502, 'user', 'https://s3.amazonaws.com/uifaces/faces/twitter/muringa/128.jpg');
INSERT INTO credit_card VALUES (6759580119796539, 'Estefania_McClure8@yahoo.com', '2023-03-02T15:25:37.869Z', 380);
INSERT INTO pet VALUES ('Abigayle', 'Estefania_McClure8@yahoo.com', 'Cat', 'Voluptates aliquam ipsam totam aliquam.', 'Porro rem sit voluptatum.');
INSERT INTO pet VALUES ('Stewart', 'Estefania_McClure8@yahoo.com', 'Horse', 'Sit nesciunt omnis.', 'Et velit ipsum at beatae.');
INSERT INTO pet VALUES ('Ethyl', 'Estefania_McClure8@yahoo.com', 'Hamster', 'Rem inventore officia eos.', 'Iusto omnis quasi perferendis.');
INSERT INTO part_time_ct VALUES ('Estefania_McClure8@yahoo.com');
INSERT INTO pt_free_schedule VALUES ('Estefania_McClure8@yahoo.com', '2020-11-04T22:12:13.560Z', '2020-11-11T20:33:29.897Z');
INSERT INTO pt_specializes_in VALUES ('Estefania_McClure8@yahoo.com', 'Hog', 0);

INSERT INTO person VALUES ('Lyla83@yahoo.com', 'Maddison Wiegand', '$2b$10$6zqstqkVFK3sOVsYk6mwYOc3T2SCF.X3hz5w75qtW029OHKmL1bD2', '2325 Urban Cove', 90596682, 'user', 'https://s3.amazonaws.com/uifaces/faces/twitter/felipecsl/128.jpg');
INSERT INTO full_time_ct VALUES ('Lyla83@yahoo.com');
INSERT INTO ft_specializes_in VALUES ('Lyla83@yahoo.com', 'Bird', 20);
INSERT INTO ft_specializes_in VALUES ('Lyla83@yahoo.com', 'Chinchilla', 11);
INSERT INTO ft_specializes_in VALUES ('Lyla83@yahoo.com', 'Lizard', 17);

INSERT INTO person VALUES ('Annie57@hotmail.com', 'Melany Swift', '$2b$10$6zqstqkVFK3sOVsYk6mwYOpO.FkXGOJdg0l/iBadHIjtGa7WoY5wi', '838 Becker Mission', 90426797, 'user', 'https://s3.amazonaws.com/uifaces/faces/twitter/BrianPurkiss/128.jpg');
INSERT INTO part_time_ct VALUES ('Annie57@hotmail.com');
INSERT INTO pt_free_schedule VALUES ('Annie57@hotmail.com', '2020-11-05T02:01:18.945Z', '2021-02-02T11:47:46.941Z');
INSERT INTO pt_specializes_in VALUES ('Annie57@hotmail.com', 'Peafowl', 9);

INSERT INTO person VALUES ('Anabel_Keeling26@yahoo.com', 'Arno Miller', '$2b$10$6zqstqkVFK3sOVsYk6mwYOfVPmEvFGHj/YkOd1kHvEFiJR4wgOS8q', '571 Kunde Plain', 90462989, 'user', 'https://s3.amazonaws.com/uifaces/faces/twitter/beshur/128.jpg');
INSERT INTO credit_card VALUES (6759338201374185, 'Anabel_Keeling26@yahoo.com', '2023-06-20T02:18:43.185Z', 826);
INSERT INTO full_time_ct VALUES ('Anabel_Keeling26@yahoo.com');

INSERT INTO person VALUES ('Clotilde19@gmail.com', 'Tate Gleichner', '$2b$10$6zqstqkVFK3sOVsYk6mwYOH8AGy/0sqJ6joQOaqm6tJ5ASXUqDG3.', '54886 Schultz Trace', 90040412, 'user', 'https://s3.amazonaws.com/uifaces/faces/twitter/mymyboy/128.jpg');
INSERT INTO part_time_ct VALUES ('Clotilde19@gmail.com');
INSERT INTO pt_free_schedule VALUES ('Clotilde19@gmail.com', '2020-11-04T21:18:39.478Z', '2021-07-06T00:45:17.511Z');
INSERT INTO pt_specializes_in VALUES ('Clotilde19@gmail.com', 'Peafowl', 16);
INSERT INTO pt_specializes_in VALUES ('Clotilde19@gmail.com', 'Pot Bellied Pig', 5);

INSERT INTO person VALUES ('Jaida.Emard17@yahoo.com', 'Kamille Skiles', '$2b$10$6zqstqkVFK3sOVsYk6mwYOwQVMS8N.dFhFW0xEzarXYvuHVMayoH.', '713 Myrtie Loaf', 90074353, 'user', 'https://s3.amazonaws.com/uifaces/faces/twitter/msveet/128.jpg');

INSERT INTO person VALUES ('Sylvan81@gmail.com', 'Mandy Rice', '$2b$10$6zqstqkVFK3sOVsYk6mwYOJm6smHhhN8M9kzsQwH0fDJgJk5H7egK', '7426 McDermott Turnpike', 90963733, 'user', 'https://s3.amazonaws.com/uifaces/faces/twitter/michigangraham/128.jpg');
INSERT INTO full_time_ct VALUES ('Sylvan81@gmail.com');
INSERT INTO ft_specializes_in VALUES ('Sylvan81@gmail.com', 'Mice', 17);
INSERT INTO ft_specializes_in VALUES ('Sylvan81@gmail.com', 'Peafowl', 12);

INSERT INTO person VALUES ('Golden_Leannon93@hotmail.com', 'River Balistreri', '$2b$10$6zqstqkVFK3sOVsYk6mwYOvk4Zhx8XCLy7Vkh1yxUt5UTBEEzgR1C', '800 Carlee Center', 90666480, 'user', 'https://s3.amazonaws.com/uifaces/faces/twitter/stan/128.jpg');
INSERT INTO full_time_ct VALUES ('Golden_Leannon93@hotmail.com');
INSERT INTO ft_specializes_in VALUES ('Golden_Leannon93@hotmail.com', 'Bearded Dragon', 14);

INSERT INTO person VALUES ('Trever.Kulas@hotmail.com', 'Chadd Mohr', '$2b$10$6zqstqkVFK3sOVsYk6mwYOrQA7z2a7j3FF9ljGBAExHXRmyTwoQN2', '882 Effertz Port', 90540415, 'user', 'https://s3.amazonaws.com/uifaces/faces/twitter/coreyhaggard/128.jpg');

INSERT INTO person VALUES ('Vivienne36@yahoo.com', 'Ernest Stanton', '$2b$10$6zqstqkVFK3sOVsYk6mwYOXw9KL8.DOSngBLJMEj5sfxWw4TKlq6y', '91186 Herta Union', 90539508, 'user', 'https://s3.amazonaws.com/uifaces/faces/twitter/yayteejay/128.jpg');

INSERT INTO person VALUES ('Kaylie.Braun74@hotmail.com', 'Alfreda Rau', '$2b$10$6zqstqkVFK3sOVsYk6mwYOtE2GD2SifuRhDpHDG/MsZlPwfGdVpkO', '61459 Kovacek Trace', 90691884, 'user', 'https://s3.amazonaws.com/uifaces/faces/twitter/chrisstumph/128.jpg');
INSERT INTO credit_card VALUES (6538623964770469, 'Kaylie.Braun74@hotmail.com', '2021-02-17T11:29:43.667Z', 814);
INSERT INTO pet VALUES ('Zelda', 'Kaylie.Braun74@hotmail.com', 'Horse', 'Ipsa odit et eligendi officiis.', 'Explicabo aut nulla nesciunt.');
INSERT INTO full_time_ct VALUES ('Kaylie.Braun74@hotmail.com');
INSERT INTO ft_specializes_in VALUES ('Kaylie.Braun74@hotmail.com', 'Chameleons (Veiled)', 7);
INSERT INTO ft_specializes_in VALUES ('Kaylie.Braun74@hotmail.com', 'Goat', 16);

INSERT INTO person VALUES ('Malachi.Murray@yahoo.com', 'Marshall Satterfield', '$2b$10$6zqstqkVFK3sOVsYk6mwYOkPqkem.tfyEZiF.xFBFx3Fiv1XEeOkq', '7547 Romaguera Views', 90334091, 'user', 'https://s3.amazonaws.com/uifaces/faces/twitter/dannol/128.jpg');

INSERT INTO person VALUES ('Marlen_Goyette78@gmail.com', 'Olga Quigley', '$2b$10$6zqstqkVFK3sOVsYk6mwYOKjr4egtfNhf1C/GFpk5.ZD8zGSX.5bm', '6900 Priscilla Drives', 90938444, 'user', 'https://s3.amazonaws.com/uifaces/faces/twitter/elisabethkjaer/128.jpg');
INSERT INTO credit_card VALUES (6444624122836141, 'Marlen_Goyette78@gmail.com', '2022-02-27T19:56:54.204Z', 972);
INSERT INTO pet VALUES ('Dahlia', 'Marlen_Goyette78@gmail.com', 'Pig', 'Ex velit iste est libero consequuntur quas officia.', 'Aspernatur exercitationem dolor delectus officia amet deleniti sequi commodi id.');
INSERT INTO pet VALUES ('Linda', 'Marlen_Goyette78@gmail.com', 'Burro', 'Nobis nisi labore est dolores sit qui.', 'Atque rem quis.');

INSERT INTO person VALUES ('Winona.Brakus@yahoo.com', 'Avis Schumm', '$2b$10$6zqstqkVFK3sOVsYk6mwYOaNTHZib7/hDFsKr9hNCXne8xR0UNVj.', '9750 Elwyn Walk', 90439761, 'user', 'https://s3.amazonaws.com/uifaces/faces/twitter/bfrohs/128.jpg');
INSERT INTO credit_card VALUES (6304082622534614, 'Winona.Brakus@yahoo.com', '2024-05-14T18:08:39.499Z', 901);

INSERT INTO person VALUES ('Lue_Stiedemann16@gmail.com', 'Millie Medhurst', '$2b$10$6zqstqkVFK3sOVsYk6mwYOedTcbTMwhZzS.TIkWHQhu31Eir0t0pK', '70084 Jaskolski Locks', 90903071, 'user', 'https://s3.amazonaws.com/uifaces/faces/twitter/coderdiaz/128.jpg');
INSERT INTO credit_card VALUES (6767254670720587, 'Lue_Stiedemann16@gmail.com', '2021-08-22T02:01:58.369Z', 347);
INSERT INTO pet VALUES ('Joel', 'Lue_Stiedemann16@gmail.com', 'Cow', 'Sequi excepturi tempore pariatur.', 'Iste atque dolor repellendus quos molestiae est nisi.');
INSERT INTO pet VALUES ('Carolyn', 'Lue_Stiedemann16@gmail.com', 'Gerbil', 'Suscipit quis totam cum est iusto laudantium non provident.', 'Qui sunt aut et quia quisquam id.');
INSERT INTO part_time_ct VALUES ('Lue_Stiedemann16@gmail.com');
INSERT INTO pt_free_schedule VALUES ('Lue_Stiedemann16@gmail.com', '2020-11-05T08:23:31.451Z', '2021-10-19T20:18:25.352Z');
INSERT INTO pt_specializes_in VALUES ('Lue_Stiedemann16@gmail.com', 'Gecko', 18);
INSERT INTO pt_specializes_in VALUES ('Lue_Stiedemann16@gmail.com', 'Ponie', 16);

INSERT INTO person VALUES ('Edmond82@yahoo.com', 'Tobin Funk', '$2b$10$6zqstqkVFK3sOVsYk6mwYOqIXdYji.zp5SXfKT..axaffAvmJpjS.', '639 Champlin Trail', 90924860, 'user', 'https://s3.amazonaws.com/uifaces/faces/twitter/antongenkin/128.jpg');
INSERT INTO credit_card VALUES (3559649546615494, 'Edmond82@yahoo.com', '2021-10-23T05:55:08.657Z', 671);

INSERT INTO person VALUES ('Hubert.Wilkinson@gmail.com', 'Kayleigh Lindgren', '$2b$10$6zqstqkVFK3sOVsYk6mwYOZAHcQQGwQMc/ejwy.EMi14eC2/6Tjx.', '12559 Marco Fall', 90368069, 'user', 'https://s3.amazonaws.com/uifaces/faces/twitter/knilob/128.jpg');
INSERT INTO credit_card VALUES (6706556746548577, 'Hubert.Wilkinson@gmail.com', '2023-12-05T09:05:22.522Z', 786);
INSERT INTO pet VALUES ('Alva', 'Hubert.Wilkinson@gmail.com', 'Cat', 'Dignissimos rerum et quae.', 'Possimus ducimus dolores earum delectus nihil non.');
INSERT INTO part_time_ct VALUES ('Hubert.Wilkinson@gmail.com');
INSERT INTO pt_free_schedule VALUES ('Hubert.Wilkinson@gmail.com', '2020-11-05T05:46:41.640Z', '2021-01-10T17:11:33.374Z');

INSERT INTO person VALUES ('Marietta99@yahoo.com', 'Nelle Herman', '$2b$10$6zqstqkVFK3sOVsYk6mwYO1lyOa8iohA.Y4jxVaH9RuYLxzQ79aoi', '13123 Syble Mountains', 90338258, 'user', 'https://s3.amazonaws.com/uifaces/faces/twitter/aaroni/128.jpg');
INSERT INTO credit_card VALUES (6759527415470028, 'Marietta99@yahoo.com', '2022-05-15T15:27:14.644Z', 865);
INSERT INTO pet VALUES ('Al', 'Marietta99@yahoo.com', 'Gecko', 'Eligendi maiores non perferendis debitis ut et quam.', 'Dolores sed voluptatibus cupiditate aut ipsam qui.');
INSERT INTO pet VALUES ('Adrain', 'Marietta99@yahoo.com', 'Chicken', 'Molestiae quibusdam magni qui.', 'Praesentium pariatur excepturi id.');
INSERT INTO full_time_ct VALUES ('Marietta99@yahoo.com');
INSERT INTO ft_specializes_in VALUES ('Marietta99@yahoo.com', 'Burro', 7);
INSERT INTO ft_specializes_in VALUES ('Marietta99@yahoo.com', 'Lizard', 20);

INSERT INTO person VALUES ('Holly92@hotmail.com', 'Buddy Ebert', '$2b$10$6zqstqkVFK3sOVsYk6mwYOfTlTTFbkao.KncqGSosIDyWHg86Hr2K', '57514 Senger Knolls', 90861242, 'user', 'https://s3.amazonaws.com/uifaces/faces/twitter/dallasbpeters/128.jpg');
INSERT INTO credit_card VALUES (5038788777405801, 'Holly92@hotmail.com', '2021-09-26T18:36:49.603Z', 653);
INSERT INTO pet VALUES ('Rosemary', 'Holly92@hotmail.com', 'Donkey', 'Corrupti quis ut quo rerum animi consequatur ut velit.', 'Aliquid necessitatibus ullam dolorum illo natus tempore quis ex.');
INSERT INTO pet VALUES ('Hunter', 'Holly92@hotmail.com', 'Ponie', 'Qui ratione at accusamus dolor nobis ut harum.', 'Occaecati omnis unde a.');

INSERT INTO person VALUES ('Johathan0@yahoo.com', 'Brianne Daugherty', '$2b$10$6zqstqkVFK3sOVsYk6mwYOd8djvy1xMEPisVjmjZ1sPMuOY2GGCNO', '682 Steuber Island', 90095185, 'user', 'https://s3.amazonaws.com/uifaces/faces/twitter/d_nny_m_cher/128.jpg');
INSERT INTO credit_card VALUES (6378691309414053, 'Johathan0@yahoo.com', '2021-02-03T05:53:02.252Z', 399);
INSERT INTO pet VALUES ('Albertha', 'Johathan0@yahoo.com', 'Llama', 'Laborum quia asperiores provident.', 'Maxime et enim eligendi nihil commodi et.');
INSERT INTO pet VALUES ('Jerel', 'Johathan0@yahoo.com', 'Duck', 'Similique distinctio dolorum nulla sed aliquid animi blanditiis.', 'Laboriosam expedita qui aut id.');
INSERT INTO pet VALUES ('Laisha', 'Johathan0@yahoo.com', 'Ferret', 'Numquam et cum pariatur esse quaerat quidem.', 'Ullam laboriosam est dolorum impedit commodi labore quo.');
INSERT INTO part_time_ct VALUES ('Johathan0@yahoo.com');
INSERT INTO pt_free_schedule VALUES ('Johathan0@yahoo.com', '2020-11-04T21:07:05.372Z', '2021-01-24T18:26:58.344Z');
INSERT INTO pt_specializes_in VALUES ('Johathan0@yahoo.com', 'Guinea Fowl', 0);
INSERT INTO pt_specializes_in VALUES ('Johathan0@yahoo.com', 'Rabbit', 2);

INSERT INTO person VALUES ('Rusty_Torphy1@hotmail.com', 'Jaydon Langosh', '$2b$10$6zqstqkVFK3sOVsYk6mwYOZinokhxjV01Lh.DSIDkip4vxVhmihAW', '87291 Thompson Glen', 90458040, 'user', 'https://s3.amazonaws.com/uifaces/faces/twitter/adellecharles/128.jpg');
INSERT INTO full_time_ct VALUES ('Rusty_Torphy1@hotmail.com');

INSERT INTO person VALUES ('Carlotta_Kiehn@yahoo.com', 'Margaret Koelpin', '$2b$10$6zqstqkVFK3sOVsYk6mwYOA7mwJ7VUp7WoAnL8UbFa3vfQS9zQt/S', '2744 Marion Park', 90033188, 'user', 'https://s3.amazonaws.com/uifaces/faces/twitter/aleinadsays/128.jpg');
INSERT INTO credit_card VALUES (4447788716457, 'Carlotta_Kiehn@yahoo.com', '2021-05-29T13:16:48.070Z', 401);
INSERT INTO full_time_ct VALUES ('Carlotta_Kiehn@yahoo.com');
INSERT INTO ft_specializes_in VALUES ('Carlotta_Kiehn@yahoo.com', 'Horse', 4);

INSERT INTO person VALUES ('Pamela.Ullrich@yahoo.com', 'Keegan Wunsch', '$2b$10$6zqstqkVFK3sOVsYk6mwYOj.8qAmWnq9EOdCazrR3uL2h9iuL5xcK', '185 Jodie Rapid', 90165825, 'user', 'https://s3.amazonaws.com/uifaces/faces/twitter/akmalfikri/128.jpg');
INSERT INTO credit_card VALUES (6486349099895701, 'Pamela.Ullrich@yahoo.com', '2023-06-11T03:05:44.714Z', 514);
INSERT INTO pet VALUES ('Bria', 'Pamela.Ullrich@yahoo.com', 'Peafowl', 'Recusandae aliquam commodi eum vel eum dolorum et quos et.', 'Explicabo rerum molestiae at eum.');
INSERT INTO pet VALUES ('Camylle', 'Pamela.Ullrich@yahoo.com', 'Lizard', 'Enim quam labore illum neque itaque.', 'Nam velit sint voluptatem.');
INSERT INTO pet VALUES ('Jake', 'Pamela.Ullrich@yahoo.com', 'Dog', 'Ut est repellat officiis facilis possimus.', 'Quo ratione veritatis.');

INSERT INTO person VALUES ('Francis45@hotmail.com', 'Davonte Brakus', '$2b$10$6zqstqkVFK3sOVsYk6mwYOzpFdhLN5Wgt6cQv25NLN4nHv9NQWt.m', '87948 Turner Fords', 90778117, 'user', 'https://s3.amazonaws.com/uifaces/faces/twitter/alxleroydeval/128.jpg');
INSERT INTO credit_card VALUES (6706805570275703, 'Francis45@hotmail.com', '2024-09-12T18:18:09.404Z', 943);

INSERT INTO person VALUES ('Weldon_Veum@hotmail.com', 'Denis Will', '$2b$10$6zqstqkVFK3sOVsYk6mwYOuaokdxE6nihGlVXZY7zrLZW9QNCpxPS', '243 Giovani Valleys', 90156455, 'user', 'https://s3.amazonaws.com/uifaces/faces/twitter/nandini_m/128.jpg');

INSERT INTO person VALUES ('Cary_Orn@yahoo.com', 'Daniela Gulgowski', '$2b$10$6zqstqkVFK3sOVsYk6mwYOSXeaIHAuXqFV4rXSz5mg2sq2hWgvqWi', '47427 Aufderhar Court', 90795102, 'user', 'https://s3.amazonaws.com/uifaces/faces/twitter/joe_black/128.jpg');
INSERT INTO credit_card VALUES (6386281190763758, 'Cary_Orn@yahoo.com', '2023-12-05T17:03:15.819Z', 819);

INSERT INTO person VALUES ('Nya_Thiel59@gmail.com', 'Rosendo Waters', '$2b$10$6zqstqkVFK3sOVsYk6mwYOUT/hSQWH3K76D2dprHGLAEXPv74Pp.i', '1670 Cassidy Land', 90175052, 'user', 'https://s3.amazonaws.com/uifaces/faces/twitter/nepdud/128.jpg');
INSERT INTO credit_card VALUES (6759348963277404, 'Nya_Thiel59@gmail.com', '2021-12-21T12:47:37.784Z', 614);
INSERT INTO pet VALUES ('Ashlee', 'Nya_Thiel59@gmail.com', 'Chicken', 'In repellendus incidunt totam.', 'Quaerat dolorum eius voluptas labore.');
INSERT INTO full_time_ct VALUES ('Nya_Thiel59@gmail.com');
INSERT INTO ft_specializes_in VALUES ('Nya_Thiel59@gmail.com', 'Chameleons (Veiled)', 15);
INSERT INTO ft_specializes_in VALUES ('Nya_Thiel59@gmail.com', 'Donkey', 3);
INSERT INTO ft_specializes_in VALUES ('Nya_Thiel59@gmail.com', 'Ferret', 4);

INSERT INTO person VALUES ('Mertie.Gerlach61@yahoo.com', 'Pedro Prohaska', '$2b$10$6zqstqkVFK3sOVsYk6mwYO81f4n9oAmdWdIPOC1pAjHwEXMTD/cae', '17121 Schuppe Plain', 90154388, 'user', 'https://s3.amazonaws.com/uifaces/faces/twitter/markjenkins/128.jpg');
INSERT INTO credit_card VALUES (6588044945418458, 'Mertie.Gerlach61@yahoo.com', '2020-12-11T10:40:30.243Z', 937);
INSERT INTO full_time_ct VALUES ('Mertie.Gerlach61@yahoo.com');

INSERT INTO person VALUES ('Hermina29@yahoo.com', 'Francisca Cruickshank', '$2b$10$6zqstqkVFK3sOVsYk6mwYOhjb33nGMgH2wAf2RB6g8XcFqvmX1ggO', '9621 Janet Street', 90322549, 'user', 'https://s3.amazonaws.com/uifaces/faces/twitter/shoaib253/128.jpg');
INSERT INTO full_time_ct VALUES ('Hermina29@yahoo.com');
INSERT INTO ft_specializes_in VALUES ('Hermina29@yahoo.com', 'Chicken', 13);

INSERT INTO person VALUES ('Noelia_Rempel@hotmail.com', 'Kiana Conroy', '$2b$10$6zqstqkVFK3sOVsYk6mwYOQ1eMK6r9wDh.90njpS25MudJILEixWy', '128 Domenica Corner', 90426730, 'user', 'https://s3.amazonaws.com/uifaces/faces/twitter/wintopia/128.jpg');

INSERT INTO person VALUES ('Eula.Cummings@hotmail.com', 'June Abbott', '$2b$10$6zqstqkVFK3sOVsYk6mwYOPUanpff64C3UzKSt49tQnWH8WqeCZfS', '35564 Larkin Station', 90133706, 'user', 'https://s3.amazonaws.com/uifaces/faces/twitter/alevizio/128.jpg');
INSERT INTO credit_card VALUES (4431739904975451, 'Eula.Cummings@hotmail.com', '2022-07-24T07:43:20.938Z', 508);
INSERT INTO pet VALUES ('Victor', 'Eula.Cummings@hotmail.com', 'Chinese Water Dragon', 'Ipsam similique ut necessitatibus nihil qui minima qui labore.', 'Quod qui voluptatem quia eaque.');
INSERT INTO pet VALUES ('Cassie', 'Eula.Cummings@hotmail.com', 'Cat', 'Tenetur ex rem non et.', 'Qui atque voluptas qui magni eligendi.');
INSERT INTO full_time_ct VALUES ('Eula.Cummings@hotmail.com');
INSERT INTO ft_specializes_in VALUES ('Eula.Cummings@hotmail.com', 'Bearded Dragon', 19);
INSERT INTO ft_specializes_in VALUES ('Eula.Cummings@hotmail.com', 'Guinea Fowl', 2);

INSERT INTO person VALUES ('Kayli.Wunsch40@gmail.com', 'Soledad Bauch', '$2b$10$6zqstqkVFK3sOVsYk6mwYOLnU8f8nXAVxLYV6JZUqb7XqhE/wwFkm', '2515 Goldner Trafficway', 90141508, 'user', 'https://s3.amazonaws.com/uifaces/faces/twitter/alsobrooks/128.jpg');
INSERT INTO part_time_ct VALUES ('Kayli.Wunsch40@gmail.com');
INSERT INTO pt_free_schedule VALUES ('Kayli.Wunsch40@gmail.com', '2020-11-05T05:12:18.445Z', '2021-08-17T03:48:17.774Z');
INSERT INTO pt_specializes_in VALUES ('Kayli.Wunsch40@gmail.com', 'Bird', 12);
INSERT INTO pt_specializes_in VALUES ('Kayli.Wunsch40@gmail.com', 'Guinea Fowl', 3);

INSERT INTO person VALUES ('Cynthia.Kuhlman24@gmail.com', 'Wilber Koelpin', '$2b$10$6zqstqkVFK3sOVsYk6mwYO1/Xio20549gehSRmxRmaoZ5VqFa.ATq', '17925 Jeffry Coves', 90497219, 'user', 'https://s3.amazonaws.com/uifaces/faces/twitter/angelcreative/128.jpg');
INSERT INTO credit_card VALUES (5449322099511145, 'Cynthia.Kuhlman24@gmail.com', '2022-07-16T05:32:01.439Z', 603);
INSERT INTO part_time_ct VALUES ('Cynthia.Kuhlman24@gmail.com');
INSERT INTO pt_free_schedule VALUES ('Cynthia.Kuhlman24@gmail.com', '2020-11-05T02:26:38.279Z', '2021-01-16T02:51:35.056Z');
INSERT INTO pt_specializes_in VALUES ('Cynthia.Kuhlman24@gmail.com', 'Hamster', 7);

INSERT INTO person VALUES ('Christiana.Hand@yahoo.com', 'Carmelo Kuhlman', '$2b$10$6zqstqkVFK3sOVsYk6mwYOc0pV0QMYAEsZzdtr51E047mfEsNzJMa', '63701 Joelle Lane', 90406242, 'user', 'https://s3.amazonaws.com/uifaces/faces/twitter/lingeswaran/128.jpg');
INSERT INTO full_time_ct VALUES ('Christiana.Hand@yahoo.com');

INSERT INTO person VALUES ('Alexander_Hyatt@gmail.com', 'Sydnee Watsica', '$2b$10$6zqstqkVFK3sOVsYk6mwYO9vt/H6XfdDARVq/NysMUezV.npbvrSu', '3166 Dawn Turnpike', 90903788, 'user', 'https://s3.amazonaws.com/uifaces/faces/twitter/myastro/128.jpg');
INSERT INTO part_time_ct VALUES ('Alexander_Hyatt@gmail.com');
INSERT INTO pt_free_schedule VALUES ('Alexander_Hyatt@gmail.com', '2020-11-05T01:17:44.983Z', '2021-08-17T21:30:14.799Z');

INSERT INTO person VALUES ('Korbin_Skiles34@gmail.com', 'Leanne Gislason', '$2b$10$6zqstqkVFK3sOVsYk6mwYOtF0f3.LD0x9w8/b8vwXo87JG3wTkDKO', '822 Joy Square', 90327904, 'user', 'https://s3.amazonaws.com/uifaces/faces/twitter/zauerkraut/128.jpg');

INSERT INTO person VALUES ('Jeremy_Johnson@gmail.com', 'Margot Streich', '$2b$10$6zqstqkVFK3sOVsYk6mwYOfX6/d42wrLsisyr00dWkW3ddDYN8pN.', '850 Easton Viaduct', 90844766, 'user', 'https://s3.amazonaws.com/uifaces/faces/twitter/naitanamoreno/128.jpg');
INSERT INTO credit_card VALUES (6372876667093773, 'Jeremy_Johnson@gmail.com', '2021-03-23T18:04:55.597Z', 264);
INSERT INTO pet VALUES ('Armani', 'Jeremy_Johnson@gmail.com', 'Ferret', 'Quidem alias voluptas et ad autem qui odio molestiae fuga.', 'Doloremque autem est maiores.');

INSERT INTO person VALUES ('Pasquale.Schaden@gmail.com', 'Isom Donnelly', '$2b$10$6zqstqkVFK3sOVsYk6mwYOHE6TGxaexatIjmR0y0sgTXgRVOzFdNC', '875 Reyes Groves', 90481708, 'user', 'https://s3.amazonaws.com/uifaces/faces/twitter/gmourier/128.jpg');
INSERT INTO credit_card VALUES (6011304784566477, 'Pasquale.Schaden@gmail.com', '2021-12-04T13:03:48.953Z', 358);
INSERT INTO pet VALUES ('Jaren', 'Pasquale.Schaden@gmail.com', 'Chameleons (Veiled)', 'Id cum beatae.', 'Dignissimos et natus dicta blanditiis non neque deserunt.');
INSERT INTO pet VALUES ('Mauricio', 'Pasquale.Schaden@gmail.com', 'Iguana', 'Vitae reprehenderit suscipit eligendi temporibus minima ipsum accusantium impedit deleniti.', 'Et est odio voluptas.');
INSERT INTO part_time_ct VALUES ('Pasquale.Schaden@gmail.com');
INSERT INTO pt_free_schedule VALUES ('Pasquale.Schaden@gmail.com', '2020-11-05T11:43:04.188Z', '2020-12-24T17:58:01.594Z');
INSERT INTO pt_specializes_in VALUES ('Pasquale.Schaden@gmail.com', 'Dog', 11);
INSERT INTO pt_specializes_in VALUES ('Pasquale.Schaden@gmail.com', 'Gerbil', 1);
INSERT INTO pt_specializes_in VALUES ('Pasquale.Schaden@gmail.com', 'Iguana', 9);

INSERT INTO person VALUES ('Chester91@yahoo.com', 'Jennie Trantow', '$2b$10$6zqstqkVFK3sOVsYk6mwYOFi5GqAx6gHkTR5prhuu4oEItPq7.Wlu', '439 Effie Plaza', 90698521, 'user', 'https://s3.amazonaws.com/uifaces/faces/twitter/romanbulah/128.jpg');

INSERT INTO person VALUES ('Terrence15@yahoo.com', 'Idell Rice', '$2b$10$6zqstqkVFK3sOVsYk6mwYOu1MUn0n2ljGTL6uk3Wj9A8swKDK7dcq', '284 Violet Summit', 90988362, 'user', 'https://s3.amazonaws.com/uifaces/faces/twitter/alxleroydeval/128.jpg');

INSERT INTO person VALUES ('Mortimer_Beier10@gmail.com', 'Ricky Anderson', '$2b$10$6zqstqkVFK3sOVsYk6mwYOgguEXK9CrNNGl4RV98JGKDquv/cGTay', '6318 Kihn Islands', 90987766, 'user', 'https://s3.amazonaws.com/uifaces/faces/twitter/swooshycueb/128.jpg');
INSERT INTO credit_card VALUES (6771896194352954, 'Mortimer_Beier10@gmail.com', '2024-03-14T08:26:14.203Z', 368);
INSERT INTO pet VALUES ('Katherine', 'Mortimer_Beier10@gmail.com', 'Cow', 'Harum magnam magni atque at itaque hic.', 'Et iusto ut occaecati.');
INSERT INTO pet VALUES ('Lenora', 'Mortimer_Beier10@gmail.com', 'Duck', 'Quidem dolore voluptas non laborum consequatur quia laboriosam sed harum.', 'Aut non in similique qui tempore et labore odit.');
INSERT INTO part_time_ct VALUES ('Mortimer_Beier10@gmail.com');
INSERT INTO pt_free_schedule VALUES ('Mortimer_Beier10@gmail.com', '2020-11-05T05:12:23.492Z', '2021-07-31T10:47:05.996Z');
INSERT INTO pt_specializes_in VALUES ('Mortimer_Beier10@gmail.com', 'Chinchilla', 4);
INSERT INTO pt_specializes_in VALUES ('Mortimer_Beier10@gmail.com', 'Lizard', 0);

INSERT INTO person VALUES ('Maryse77@hotmail.com', 'Felicity Nicolas', '$2b$10$6zqstqkVFK3sOVsYk6mwYOnLPjDa5YFciR3sBisk7GEL0qpscHuBO', '7946 Annabelle Shore', 90901877, 'user', 'https://s3.amazonaws.com/uifaces/faces/twitter/madysondesigns/128.jpg');
INSERT INTO credit_card VALUES (6304802428074519, 'Maryse77@hotmail.com', '2022-02-01T02:00:33.195Z', 877);
INSERT INTO pet VALUES ('Cade', 'Maryse77@hotmail.com', 'Gecko', 'At et et suscipit quisquam quia qui.', 'Rerum deleniti voluptatem.');
INSERT INTO pet VALUES ('Leon', 'Maryse77@hotmail.com', 'Ponie', 'Voluptatibus cumque nobis voluptatem sunt vitae officiis maxime in.', 'Et ducimus qui sequi iste eos sit.');
INSERT INTO pet VALUES ('Iliana', 'Maryse77@hotmail.com', 'Bird', 'Temporibus quia est.', 'Quia minus earum quod consequatur aspernatur.');
INSERT INTO part_time_ct VALUES ('Maryse77@hotmail.com');
INSERT INTO pt_free_schedule VALUES ('Maryse77@hotmail.com', '2020-11-05T12:53:23.700Z', '2021-05-10T00:24:23.352Z');
INSERT INTO pt_specializes_in VALUES ('Maryse77@hotmail.com', 'Cow', 6);
INSERT INTO pt_specializes_in VALUES ('Maryse77@hotmail.com', 'Guinea Fowl', 10);

INSERT INTO person VALUES ('Wilfred.Ryan@yahoo.com', 'Orland Dibbert', '$2b$10$6zqstqkVFK3sOVsYk6mwYOe/ZEN3mAL6mufvbuh5fUEyFhv1xdU7a', '430 Wava Village', 90761457, 'user', 'https://s3.amazonaws.com/uifaces/faces/twitter/stevedesigner/128.jpg');
INSERT INTO part_time_ct VALUES ('Wilfred.Ryan@yahoo.com');
INSERT INTO pt_free_schedule VALUES ('Wilfred.Ryan@yahoo.com', '2020-11-05T07:41:24.171Z', '2021-10-28T09:42:13.668Z');
INSERT INTO pt_specializes_in VALUES ('Wilfred.Ryan@yahoo.com', 'Rabbit', 10);

INSERT INTO person VALUES ('Leora68@hotmail.com', 'Arne Daugherty', '$2b$10$6zqstqkVFK3sOVsYk6mwYOcyKW4hDZCgpUcnxAjjesQ4RMXA88hNW', '8162 Alford Lake', 90003795, 'user', 'https://s3.amazonaws.com/uifaces/faces/twitter/ludwiczakpawel/128.jpg');

INSERT INTO person VALUES ('Kira85@hotmail.com', 'Lew Hintz', '$2b$10$6zqstqkVFK3sOVsYk6mwYOFHZIJ4pZ8rqhVrGWy4K/3buF6OdYYu.', '430 Levi Route', 90932271, 'user', 'https://s3.amazonaws.com/uifaces/faces/twitter/leeiio/128.jpg');
INSERT INTO credit_card VALUES (4567694365150, 'Kira85@hotmail.com', '2020-11-17T17:52:41.545Z', 380);

INSERT INTO person VALUES ('Leanna5@gmail.com', 'Rodger Becker', '$2b$10$6zqstqkVFK3sOVsYk6mwYOR5qQgIrhc2U/oFd7qxWTUU5WGE3G8d6', '87558 Lamar Track', 90863995, 'user', 'https://s3.amazonaws.com/uifaces/faces/twitter/juanmamartinez/128.jpg');
INSERT INTO part_time_ct VALUES ('Leanna5@gmail.com');
INSERT INTO pt_free_schedule VALUES ('Leanna5@gmail.com', '2020-11-05T01:56:52.791Z', '2021-08-11T12:10:59.127Z');
INSERT INTO pt_specializes_in VALUES ('Leanna5@gmail.com', 'Bird', 17);
INSERT INTO pt_specializes_in VALUES ('Leanna5@gmail.com', 'Cat', 0);

INSERT INTO person VALUES ('Lenora13@yahoo.com', 'Tabitha Jacobi', '$2b$10$6zqstqkVFK3sOVsYk6mwYO9QgrvkizjoUh0V2Z8/157242.B2Nnum', '3005 Bridgette Ports', 90692352, 'user', 'https://s3.amazonaws.com/uifaces/faces/twitter/pierre_nel/128.jpg');
INSERT INTO credit_card VALUES (6398305575932708, 'Lenora13@yahoo.com', '2020-12-06T14:44:06.931Z', 144);
INSERT INTO pet VALUES ('Pink', 'Lenora13@yahoo.com', 'Mule', 'Harum quo enim eum omnis enim maxime debitis similique excepturi.', 'Aut consequuntur saepe.');
INSERT INTO pet VALUES ('Pearl', 'Lenora13@yahoo.com', 'Lizard', 'Quia asperiores veniam aut quo magnam iure omnis.', 'Atque veniam sint ut molestiae est et et.');
INSERT INTO full_time_ct VALUES ('Lenora13@yahoo.com');
INSERT INTO ft_specializes_in VALUES ('Lenora13@yahoo.com', 'Chicken', 11);
INSERT INTO ft_specializes_in VALUES ('Lenora13@yahoo.com', 'Chinchilla', 16);

INSERT INTO person VALUES ('Titus.Ryan@gmail.com', 'Della Miller', '$2b$10$6zqstqkVFK3sOVsYk6mwYO7RnRCHs.dCUD.6ih8vAWe6IFYJtORwm', '198 Howell Union', 90830512, 'user', 'https://s3.amazonaws.com/uifaces/faces/twitter/uxward/128.jpg');
INSERT INTO part_time_ct VALUES ('Titus.Ryan@gmail.com');
INSERT INTO pt_free_schedule VALUES ('Titus.Ryan@gmail.com', '2020-11-05T10:01:19.000Z', '2021-07-13T00:36:08.497Z');
INSERT INTO pt_specializes_in VALUES ('Titus.Ryan@gmail.com', 'Duck', 20);

INSERT INTO person VALUES ('Elisha.Hirthe5@yahoo.com', 'Dejon Goodwin', '$2b$10$6zqstqkVFK3sOVsYk6mwYOImcTHmTtYZtCv/dV/Rk4kTlmVpjfCFa', '313 Annabell Way', 90659953, 'user', 'https://s3.amazonaws.com/uifaces/faces/twitter/byryan/128.jpg');

INSERT INTO person VALUES ('Ulises50@gmail.com', 'Emory Windler', '$2b$10$6zqstqkVFK3sOVsYk6mwYObpwwKSV3aYzsGh9sEzbt7Gt9qqRBdCG', '443 Kulas Lane', 90519972, 'user', 'https://s3.amazonaws.com/uifaces/faces/twitter/netonet_il/128.jpg');
INSERT INTO full_time_ct VALUES ('Ulises50@gmail.com');
INSERT INTO ft_specializes_in VALUES ('Ulises50@gmail.com', 'Cat', 15);

INSERT INTO person VALUES ('Marge.Feil@gmail.com', 'Colt Bailey', '$2b$10$6zqstqkVFK3sOVsYk6mwYO/l1dUz8JD.83TQTXJOOQ81zLRCM.bXS', '1055 Conroy Cliff', 90826320, 'user', 'https://s3.amazonaws.com/uifaces/faces/twitter/nellleo/128.jpg');
INSERT INTO credit_card VALUES (6771625396722757, 'Marge.Feil@gmail.com', '2023-02-15T18:53:03.540Z', 053);
INSERT INTO pet VALUES ('Reinhold', 'Marge.Feil@gmail.com', 'Geese (Chinese Swan Goose)', 'Quam molestias nihil temporibus qui voluptas ducimus assumenda.', 'Maiores nihil nemo molestiae.');
INSERT INTO full_time_ct VALUES ('Marge.Feil@gmail.com');
INSERT INTO ft_specializes_in VALUES ('Marge.Feil@gmail.com', 'Geese (Chinese Swan Goose)', 0);

INSERT INTO person VALUES ('Melvin_Kub@hotmail.com', 'Lulu Waelchi', '$2b$10$6zqstqkVFK3sOVsYk6mwYOU6jZ9q6nZLd8cYbtVFOmWD90QluA9mW', '88236 Heaney Branch', 90010873, 'user', 'https://s3.amazonaws.com/uifaces/faces/twitter/bboy1895/128.jpg');
INSERT INTO credit_card VALUES (6767589187014661, 'Melvin_Kub@hotmail.com', '2022-10-31T03:22:22.163Z', 909);
INSERT INTO full_time_ct VALUES ('Melvin_Kub@hotmail.com');

INSERT INTO person VALUES ('Fern_Brown13@yahoo.com', 'Ralph Reilly', '$2b$10$6zqstqkVFK3sOVsYk6mwYO4SkVHJXutVEbf7cszsWg418F4xNf/q2', '4254 Iliana Squares', 90536306, 'user', 'https://s3.amazonaws.com/uifaces/faces/twitter/mslarkina/128.jpg');
INSERT INTO credit_card VALUES (3541188619776922, 'Fern_Brown13@yahoo.com', '2020-12-13T11:31:22.375Z', 184);
INSERT INTO pet VALUES ('Ashlee', 'Fern_Brown13@yahoo.com', 'Gecko', 'Id incidunt laborum corporis consectetur non rerum.', 'Vel minus provident nobis veritatis ipsum nostrum omnis consequatur enim.');
INSERT INTO pet VALUES ('Elza', 'Fern_Brown13@yahoo.com', 'Ponie', 'Quia voluptas laudantium dolorem distinctio pariatur consectetur quia quasi.', 'Rerum sit non laboriosam deleniti eveniet enim.');
INSERT INTO part_time_ct VALUES ('Fern_Brown13@yahoo.com');
INSERT INTO pt_free_schedule VALUES ('Fern_Brown13@yahoo.com', '2020-11-04T19:42:40.231Z', '2021-01-13T01:56:35.218Z');

INSERT INTO person VALUES ('Harley.Haley87@gmail.com', 'Zachary Davis', '$2b$10$6zqstqkVFK3sOVsYk6mwYO/nRDHBeHpFi7wA9gD5jjLBAmsmOQ83.', '034 Eldridge Passage', 90962691, 'user', 'https://s3.amazonaws.com/uifaces/faces/twitter/kijanmaharjan/128.jpg');
INSERT INTO part_time_ct VALUES ('Harley.Haley87@gmail.com');
INSERT INTO pt_free_schedule VALUES ('Harley.Haley87@gmail.com', '2020-11-05T13:19:39.713Z', '2021-05-12T01:10:21.457Z');

INSERT INTO person VALUES ('Precious.Kuhic77@gmail.com', 'Vince Bashirian', '$2b$10$6zqstqkVFK3sOVsYk6mwYOKc5V1HBY06u0NR2v5Bt6OPItlYcjtdW', '86961 Jerome Ports', 90589891, 'user', 'https://s3.amazonaws.com/uifaces/faces/twitter/kucingbelang4/128.jpg');
INSERT INTO credit_card VALUES (6759825670575618, 'Precious.Kuhic77@gmail.com', '2022-04-27T01:14:19.337Z', 781);
INSERT INTO pet VALUES ('Frank', 'Precious.Kuhic77@gmail.com', 'Hog', 'Vel nobis molestias provident.', 'At delectus ratione omnis aperiam veritatis quo perspiciatis neque quia.');
INSERT INTO pet VALUES ('Alycia', 'Precious.Kuhic77@gmail.com', 'Fish', 'Illum accusamus cupiditate sunt.', 'Quidem quos nam magnam commodi qui voluptatem.');
INSERT INTO pet VALUES ('Kamryn', 'Precious.Kuhic77@gmail.com', 'Gecko', 'Sunt dicta ratione iste nihil blanditiis illum iusto assumenda commodi.', 'Sed quis provident et exercitationem quidem totam commodi.');
INSERT INTO full_time_ct VALUES ('Precious.Kuhic77@gmail.com');
INSERT INTO ft_specializes_in VALUES ('Precious.Kuhic77@gmail.com', 'Gecko', 14);
INSERT INTO ft_specializes_in VALUES ('Precious.Kuhic77@gmail.com', 'Llama', 11);
INSERT INTO ft_specializes_in VALUES ('Precious.Kuhic77@gmail.com', 'Mice', 6);

INSERT INTO person VALUES ('Cordelia.Bahringer@hotmail.com', 'Brock McKenzie', '$2b$10$6zqstqkVFK3sOVsYk6mwYOIGbTxv9qQXWAJmNe/5ncx7K8u0O6FWK', '64783 Devonte View', 90355063, 'user', 'https://s3.amazonaws.com/uifaces/faces/twitter/dutchnadia/128.jpg');

INSERT INTO person VALUES ('Bryon84@yahoo.com', 'Amelie Tremblay', '$2b$10$6zqstqkVFK3sOVsYk6mwYOPWiqtG9lZOF3oGCY3vD7oic737j7o0S', '432 Lemke Rue', 90547214, 'user', 'https://s3.amazonaws.com/uifaces/faces/twitter/bluefx_/128.jpg');
INSERT INTO credit_card VALUES (4732235957767840, 'Bryon84@yahoo.com', '2021-06-26T15:37:44.296Z', 359);
INSERT INTO pet VALUES ('Fabiola', 'Bryon84@yahoo.com', 'Dog', 'Ex velit animi consequatur et.', 'Minus pariatur maxime nulla.');
INSERT INTO pet VALUES ('Jacynthe', 'Bryon84@yahoo.com', 'Geese (Chinese Swan Goose)', 'Ratione id quidem consequatur aut sequi officiis officiis fugiat.', 'Voluptatem asperiores aut ut eius tempora optio vel.');

INSERT INTO person VALUES ('Johnnie88@gmail.com', 'Emilie McClure', '$2b$10$6zqstqkVFK3sOVsYk6mwYOT6qpXoIQr4hzJJuHFavl0.HgcrNfZYy', '924 Hallie Estate', 90239765, 'user', 'https://s3.amazonaws.com/uifaces/faces/twitter/peterlandt/128.jpg');

INSERT INTO person VALUES ('Marjolaine2@yahoo.com', 'Zechariah Borer', '$2b$10$6zqstqkVFK3sOVsYk6mwYO7pczGbMl1RyOpj6x1GsuD2NU6Il87zi', '76697 Howell Islands', 90606284, 'user', 'https://s3.amazonaws.com/uifaces/faces/twitter/jmillspaysbills/128.jpg');
INSERT INTO credit_card VALUES (5403604455878873, 'Marjolaine2@yahoo.com', '2023-04-02T03:51:38.618Z', 682);
INSERT INTO pet VALUES ('Ruthe', 'Marjolaine2@yahoo.com', 'Geese (Chinese Swan Goose)', 'Omnis repellendus iure suscipit reprehenderit cupiditate quam.', 'Ipsa accusantium sed architecto facilis nulla harum.');
INSERT INTO pet VALUES ('Vita', 'Marjolaine2@yahoo.com', 'Goat', 'Cumque dolores modi explicabo ea similique quia.', 'Soluta quos temporibus ipsa qui debitis reiciendis neque dolor.');

INSERT INTO person VALUES ('Nicolette.Larkin@gmail.com', 'Samanta Lesch', '$2b$10$6zqstqkVFK3sOVsYk6mwYOn0guVqXIaz56v8VE.gP3tW0tSRmf6Vu', '805 Johnpaul Point', 90838801, 'user', 'https://s3.amazonaws.com/uifaces/faces/twitter/abdots/128.jpg');
INSERT INTO full_time_ct VALUES ('Nicolette.Larkin@gmail.com');

INSERT INTO person VALUES ('Robb.Torphy@hotmail.com', 'Kaylie McClure', '$2b$10$6zqstqkVFK3sOVsYk6mwYOjluyblkxXPFMJt.KjjYlE5diUGPxh1.', '541 Thiel Streets', 90218745, 'user', 'https://s3.amazonaws.com/uifaces/faces/twitter/yesmeck/128.jpg');
INSERT INTO part_time_ct VALUES ('Robb.Torphy@hotmail.com');
INSERT INTO pt_free_schedule VALUES ('Robb.Torphy@hotmail.com', '2020-11-04T14:48:15.950Z', '2021-01-09T10:21:57.009Z');

INSERT INTO person VALUES ('Linnea94@hotmail.com', 'Maria Murazik', '$2b$10$6zqstqkVFK3sOVsYk6mwYOjYOhXsXE7KUPsG7qF4sI7l16BEG408u', '205 Loyal Haven', 90500704, 'user', 'https://s3.amazonaws.com/uifaces/faces/twitter/mangosango/128.jpg');
INSERT INTO full_time_ct VALUES ('Linnea94@hotmail.com');

INSERT INTO person VALUES ('Bertram_Bauch@gmail.com', 'Braxton White', '$2b$10$6zqstqkVFK3sOVsYk6mwYO2svT7STQCxnsiGUgm9JQo3PX.dtvoj6', '33477 Adele Highway', 90225588, 'user', 'https://s3.amazonaws.com/uifaces/faces/twitter/snowwrite/128.jpg');

INSERT INTO person VALUES ('Camden2@hotmail.com', 'Emerald Moore', '$2b$10$6zqstqkVFK3sOVsYk6mwYOh/KsKjfqMMRqEoInZ7C7ZAlkPIYls1.', '97318 Walsh Forge', 90294694, 'user', 'https://s3.amazonaws.com/uifaces/faces/twitter/operatino/128.jpg');
INSERT INTO credit_card VALUES (6477629405241798, 'Camden2@hotmail.com', '2022-10-30T03:51:01.038Z', 197);
INSERT INTO pet VALUES ('Megane', 'Camden2@hotmail.com', 'Geese (Chinese Swan Goose)', 'Et assumenda quia.', 'Deleniti deleniti nesciunt unde nihil.');
INSERT INTO full_time_ct VALUES ('Camden2@hotmail.com');
INSERT INTO ft_specializes_in VALUES ('Camden2@hotmail.com', 'Cat', 4);
INSERT INTO ft_specializes_in VALUES ('Camden2@hotmail.com', 'Geese (Chinese Swan Goose)', 4);

INSERT INTO person VALUES ('Jacey59@yahoo.com', 'Caleb Considine', '$2b$10$6zqstqkVFK3sOVsYk6mwYOf6V2GSYuA5CumkcmfPwyFyoct4jVsdq', '57055 Kshlerin Harbor', 90802859, 'user', 'https://s3.amazonaws.com/uifaces/faces/twitter/davidcazalis/128.jpg');

INSERT INTO person VALUES ('Nichole17@gmail.com', 'Jefferey OReilly', '$2b$10$6zqstqkVFK3sOVsYk6mwYOFEYd.EfHkyrXxW6Bo84ZuOnNcSMWq3C', '254 Ramon Mountain', 90061364, 'user', 'https://s3.amazonaws.com/uifaces/faces/twitter/aleinadsays/128.jpg');

INSERT INTO person VALUES ('Jarred33@yahoo.com', 'Rosalia Dooley', '$2b$10$6zqstqkVFK3sOVsYk6mwYODtR1vIU3dqGeePNCM821qsYLUvqkH7.', '2901 Roob Haven', 90610350, 'user', 'https://s3.amazonaws.com/uifaces/faces/twitter/benjamin_knight/128.jpg');
INSERT INTO credit_card VALUES (5038383052758625, 'Jarred33@yahoo.com', '2021-06-30T14:19:09.518Z', 906);
INSERT INTO pet VALUES ('Clovis', 'Jarred33@yahoo.com', 'Chicken', 'Eum minus similique velit voluptates eaque ratione ducimus maxime voluptatum.', 'Eius provident quis.');
INSERT INTO pet VALUES ('Guillermo', 'Jarred33@yahoo.com', 'Donkey', 'Eaque consectetur molestiae beatae vero perferendis voluptatibus.', 'Magni voluptas quia maxime.');

INSERT INTO person VALUES ('Anahi.Thiel@gmail.com', 'Kamren OConner', '$2b$10$6zqstqkVFK3sOVsYk6mwYO9g4.xtyPMpdXif3kEq2WT/Eu5yA6Doa', '651 Harvey Valleys', 90617412, 'user', 'https://s3.amazonaws.com/uifaces/faces/twitter/romanbulah/128.jpg');
INSERT INTO credit_card VALUES (6759857423878845, 'Anahi.Thiel@gmail.com', '2021-03-27T21:34:36.363Z', 807);
INSERT INTO pet VALUES ('Maureen', 'Anahi.Thiel@gmail.com', 'Goat', 'Porro asperiores pariatur occaecati impedit.', 'Recusandae fuga soluta dolores quis provident minima.');
INSERT INTO pet VALUES ('Bernadine', 'Anahi.Thiel@gmail.com', 'Gecko', 'Totam quos ut corrupti quis libero molestias ut voluptas quam.', 'Voluptatum voluptatum fugit laboriosam quasi ipsum.');
INSERT INTO pet VALUES ('Nicklaus', 'Anahi.Thiel@gmail.com', 'Mice', 'Corrupti non ipsum in enim atque totam sed quia.', 'Amet sunt inventore recusandae ex incidunt ex.');

INSERT INTO person VALUES ('Alessia_Greenfelder56@gmail.com', 'Irving Grimes', '$2b$10$6zqstqkVFK3sOVsYk6mwYOWjtDUEqFDikc.6p5W2QmgHnFSV8tcc.', '963 Rath Falls', 90955095, 'user', 'https://s3.amazonaws.com/uifaces/faces/twitter/itsajimithing/128.jpg');

INSERT INTO person VALUES ('Jany.Boyer64@hotmail.com', 'Olen Kuhlman', '$2b$10$6zqstqkVFK3sOVsYk6mwYODuqm7pb2KxiCImxfzm99rIXCTbBtkaq', '286 Assunta Corners', 90786284, 'user', 'https://s3.amazonaws.com/uifaces/faces/twitter/dreizle/128.jpg');
INSERT INTO full_time_ct VALUES ('Jany.Boyer64@hotmail.com');
INSERT INTO ft_specializes_in VALUES ('Jany.Boyer64@hotmail.com', 'Mule', 12);

INSERT INTO person VALUES ('Tate7@yahoo.com', 'Domenic Predovic', '$2b$10$6zqstqkVFK3sOVsYk6mwYOzeQaaDqjE5k7K1mG8MidEv2lkPz5keW', '121 Mante Fort', 90926231, 'user', 'https://s3.amazonaws.com/uifaces/faces/twitter/joshaustin/128.jpg');
INSERT INTO credit_card VALUES (6709458987365563, 'Tate7@yahoo.com', '2020-11-05T06:52:31.728Z', 107);
INSERT INTO pet VALUES ('Antonette', 'Tate7@yahoo.com', 'Chameleons (Veiled)', 'Quasi quam blanditiis debitis qui excepturi saepe totam.', 'Ut quas aut iure dolorem.');
INSERT INTO pet VALUES ('Koby', 'Tate7@yahoo.com', 'Gerbil', 'Eum hic ipsum est molestiae quisquam.', 'Ut et ab eaque corporis odio natus sunt placeat aut.');

INSERT INTO person VALUES ('Alaina_Franecki78@gmail.com', 'Zackery Beier', '$2b$10$6zqstqkVFK3sOVsYk6mwYO0nqDaa8Ggzg7sAFl/NJFZlWD0mbzWZ6', '50456 Ryley View', 90483905, 'user', 'https://s3.amazonaws.com/uifaces/faces/twitter/allagringaus/128.jpg');

INSERT INTO person VALUES ('Don80@hotmail.com', 'Rowena Labadie', '$2b$10$6zqstqkVFK3sOVsYk6mwYO9Pl/CZiwwwz0cQ73pXHhS1KoFN/hOCi', '86509 Margie Ridges', 90565071, 'user', 'https://s3.amazonaws.com/uifaces/faces/twitter/thewillbeard/128.jpg');

INSERT INTO person VALUES ('Abbey_Kuhic@yahoo.com', 'Austin Dare', '$2b$10$6zqstqkVFK3sOVsYk6mwYOzT75jOMJk8VErDTWkl4VDN8bG7ir2Vu', '706 Collins Spur', 90813800, 'user', 'https://s3.amazonaws.com/uifaces/faces/twitter/thierrymeier_/128.jpg');
INSERT INTO credit_card VALUES (6374808512389076, 'Abbey_Kuhic@yahoo.com', '2021-07-26T18:34:41.863Z', 126);
INSERT INTO pet VALUES ('Aditya', 'Abbey_Kuhic@yahoo.com', 'Hedgehog', 'Ut vero incidunt consequatur dolorum.', 'Velit sit voluptas voluptatem commodi sed voluptatibus aut.');
INSERT INTO pet VALUES ('Logan', 'Abbey_Kuhic@yahoo.com', 'Chinchilla', 'Deleniti provident ab laudantium facilis nesciunt enim labore.', 'Expedita reiciendis autem natus ducimus.');
INSERT INTO pet VALUES ('Milan', 'Abbey_Kuhic@yahoo.com', 'Guinea Pig', 'Sint nemo voluptas quae sed quia quaerat recusandae adipisci.', 'Laudantium consectetur sunt ea.');

INSERT INTO person VALUES ('Benedict.Gislason45@hotmail.com', 'Monserrat Schroeder', '$2b$10$6zqstqkVFK3sOVsYk6mwYODpirsV6RmXmEjPLBn2GVtrAN2K0orxy', '1181 Barrett Tunnel', 90981724, 'user', 'https://s3.amazonaws.com/uifaces/faces/twitter/gmourier/128.jpg');
INSERT INTO credit_card VALUES (6767398060326684, 'Benedict.Gislason45@hotmail.com', '2021-10-31T01:59:03.838Z', 504);
INSERT INTO pet VALUES ('Ashly', 'Benedict.Gislason45@hotmail.com', 'Rabbit', 'Eos porro sit earum voluptatem atque qui.', 'Voluptatem dolores aut fugiat aliquam quas qui in sequi.');
INSERT INTO pet VALUES ('Judd', 'Benedict.Gislason45@hotmail.com', 'Mule', 'Sapiente omnis rerum impedit et labore velit.', 'Rerum alias nam qui suscipit autem itaque distinctio.');
INSERT INTO pet VALUES ('Jillian', 'Benedict.Gislason45@hotmail.com', 'Gecko', 'Consequatur perspiciatis omnis excepturi repellendus sint autem porro ratione rerum.', 'Ea ipsum animi perferendis maiores ex placeat.');
INSERT INTO part_time_ct VALUES ('Benedict.Gislason45@hotmail.com');
INSERT INTO pt_free_schedule VALUES ('Benedict.Gislason45@hotmail.com', '2020-11-04T17:07:51.549Z', '2021-08-23T11:01:31.434Z');
INSERT INTO pt_specializes_in VALUES ('Benedict.Gislason45@hotmail.com', 'Bird', 8);
INSERT INTO pt_specializes_in VALUES ('Benedict.Gislason45@hotmail.com', 'Chinese Water Dragon', 4);
INSERT INTO pt_specializes_in VALUES ('Benedict.Gislason45@hotmail.com', 'Mule', 1);

INSERT INTO person VALUES ('Jett_Luettgen61@gmail.com', 'Nicolas Howell', '$2b$10$6zqstqkVFK3sOVsYk6mwYOAjHIGuLRE86Gl47mY3PZWy.oCjs7NOi', '479 Orval Drive', 90739938, 'user', 'https://s3.amazonaws.com/uifaces/faces/twitter/angelceballos/128.jpg');

INSERT INTO person VALUES ('Samir.Greenfelder3@hotmail.com', 'Markus Hyatt', '$2b$10$6zqstqkVFK3sOVsYk6mwYOQNfPDigqnKZn8Dr4AvvgSZeRgWZxoXC', '558 Daija Knolls', 90466824, 'user', 'https://s3.amazonaws.com/uifaces/faces/twitter/exentrich/128.jpg');
INSERT INTO full_time_ct VALUES ('Samir.Greenfelder3@hotmail.com');

INSERT INTO person VALUES ('Rico.Feeney10@hotmail.com', 'Lester Mann', '$2b$10$6zqstqkVFK3sOVsYk6mwYOVMSgx1FmyvpESEp1QQjwo9EcyEjMzCK', '86704 Durgan Drive', 90814638, 'user', 'https://s3.amazonaws.com/uifaces/faces/twitter/foczzi/128.jpg');
INSERT INTO credit_card VALUES (6771893755489309, 'Rico.Feeney10@hotmail.com', '2022-08-24T12:27:21.008Z', 757);

INSERT INTO person VALUES ('Celine_Pollich44@gmail.com', 'Kailyn Bartell', '$2b$10$6zqstqkVFK3sOVsYk6mwYOdh8T2sg.BVLT/DfIHxJZy56lQ1fo2LW', '716 Gleason Fall', 90537746, 'user', 'https://s3.amazonaws.com/uifaces/faces/twitter/shaneIxD/128.jpg');

INSERT INTO person VALUES ('Linwood60@hotmail.com', 'Amelie Stanton', '$2b$10$6zqstqkVFK3sOVsYk6mwYO/CsFefYEKw4QoPgN.gmmfH.tpWg14aS', '23782 Emmerich Plaza', 90122647, 'user', 'https://s3.amazonaws.com/uifaces/faces/twitter/ssbb_me/128.jpg');
INSERT INTO credit_card VALUES (6767219611223310, 'Linwood60@hotmail.com', '2021-05-17T23:36:38.992Z', 759);
INSERT INTO part_time_ct VALUES ('Linwood60@hotmail.com');
INSERT INTO pt_free_schedule VALUES ('Linwood60@hotmail.com', '2020-11-04T22:11:25.840Z', '2021-01-16T06:19:23.228Z');
INSERT INTO pt_specializes_in VALUES ('Linwood60@hotmail.com', 'Chicken', 1);
INSERT INTO pt_specializes_in VALUES ('Linwood60@hotmail.com', 'Guinea Fowl', 17);
INSERT INTO pt_specializes_in VALUES ('Linwood60@hotmail.com', 'Mice', 18);

INSERT INTO person VALUES ('Curt.Becker@yahoo.com', 'Sylvia Keeling', '$2b$10$6zqstqkVFK3sOVsYk6mwYOCer1natC04pQ8KHxyxchGmU/DUyB/Ry', '3882 Jordane Rue', 90812536, 'user', 'https://s3.amazonaws.com/uifaces/faces/twitter/aviddayentonbay/128.jpg');

INSERT INTO person VALUES ('Rosemarie.Daugherty@hotmail.com', 'Jovany Grady', '$2b$10$6zqstqkVFK3sOVsYk6mwYOsznnAJXXTFEOaO5zCCfF7NTPK6aIbDC', '568 Vito Highway', 90914095, 'user', 'https://s3.amazonaws.com/uifaces/faces/twitter/posterjob/128.jpg');

INSERT INTO person VALUES ('Mekhi70@yahoo.com', 'Retha DAmore', '$2b$10$6zqstqkVFK3sOVsYk6mwYOZr8eQrJXaTMoW77Jh79gehbillVYOMm', '21041 Maggio Estates', 90398881, 'user', 'https://s3.amazonaws.com/uifaces/faces/twitter/wesleytrankin/128.jpg');
INSERT INTO credit_card VALUES (6771899936519825, 'Mekhi70@yahoo.com', '2021-10-16T22:38:13.560Z', 094);
INSERT INTO pet VALUES ('Conrad', 'Mekhi70@yahoo.com', 'Mule', 'Corporis nihil occaecati fuga odio id ipsum corporis.', 'Dignissimos magni et quis culpa ab sit illum non quaerat.');

INSERT INTO person VALUES ('Damian30@yahoo.com', 'Maida Stehr', '$2b$10$6zqstqkVFK3sOVsYk6mwYOGpZBMWdcN9YuOUP3ZtJ7Q5pyamsegcu', '597 Soledad Burg', 90407699, 'user', 'https://s3.amazonaws.com/uifaces/faces/twitter/jasonmarkjones/128.jpg');
INSERT INTO credit_card VALUES (6759585323707748, 'Damian30@yahoo.com', '2021-11-03T07:35:00.903Z', 155);
INSERT INTO pet VALUES ('Lexie', 'Damian30@yahoo.com', 'Hedgehog', 'Quae modi nihil aut animi consequuntur in id.', 'Reprehenderit voluptas et minima quisquam molestiae magni.');
INSERT INTO pet VALUES ('Joannie', 'Damian30@yahoo.com', 'Gerbil', 'Assumenda est illum.', 'Asperiores quo ex suscipit a molestiae.');
INSERT INTO pet VALUES ('Carli', 'Damian30@yahoo.com', 'Ponie', 'Quidem omnis sit necessitatibus nulla sunt eveniet ut rerum maiores.', 'Dolorem aliquid omnis explicabo adipisci voluptas qui dicta.');

INSERT INTO person VALUES ('Wendell79@gmail.com', 'Fabian McKenzie', '$2b$10$6zqstqkVFK3sOVsYk6mwYO9NkF5EayaYD5.V.jrocaaf6.1YOZJ7W', '9447 Labadie Keys', 90243485, 'user', 'https://s3.amazonaws.com/uifaces/faces/twitter/serefka/128.jpg');
INSERT INTO credit_card VALUES (6767909037084262, 'Wendell79@gmail.com', '2021-06-08T13:54:09.898Z', 743);

INSERT INTO person VALUES ('Deborah_Toy4@hotmail.com', 'Lynn Krajcik', '$2b$10$6zqstqkVFK3sOVsYk6mwYOSI1.WIIfg9QF/B3hCC/BEjKokQQmhh.', '60839 Anderson Canyon', 90275418, 'user', 'https://s3.amazonaws.com/uifaces/faces/twitter/vijaykarthik/128.jpg');
INSERT INTO credit_card VALUES (376552227513993, 'Deborah_Toy4@hotmail.com', '2021-03-06T01:28:56.370Z', 714);
INSERT INTO pet VALUES ('Nathen', 'Deborah_Toy4@hotmail.com', 'Chinese Water Dragon', 'Aliquam aliquid ducimus culpa voluptatem voluptas aut vitae minima id.', 'Dolorem rerum omnis aliquid ab dolorum est.');
INSERT INTO pet VALUES ('Julien', 'Deborah_Toy4@hotmail.com', 'Donkey', 'Quae quibusdam perferendis provident hic et possimus.', 'Asperiores cumque voluptatum omnis optio dolorum commodi sint necessitatibus.');
INSERT INTO full_time_ct VALUES ('Deborah_Toy4@hotmail.com');
INSERT INTO ft_specializes_in VALUES ('Deborah_Toy4@hotmail.com', 'Cat', 20);
INSERT INTO ft_specializes_in VALUES ('Deborah_Toy4@hotmail.com', 'Lizard', 18);

INSERT INTO person VALUES ('Rocky56@hotmail.com', 'Santa Lesch', '$2b$10$6zqstqkVFK3sOVsYk6mwYO5otrAS6haeUOfoUKpfQhnSOGt/l9iQy', '7745 Schimmel Pines', 90749732, 'user', 'https://s3.amazonaws.com/uifaces/faces/twitter/vimarethomas/128.jpg');
INSERT INTO part_time_ct VALUES ('Rocky56@hotmail.com');
INSERT INTO pt_free_schedule VALUES ('Rocky56@hotmail.com', '2020-11-04T20:23:32.564Z', '2020-11-26T01:59:50.236Z');

INSERT INTO person VALUES ('Quinton.Schulist52@hotmail.com', 'Dulce Robel', '$2b$10$6zqstqkVFK3sOVsYk6mwYOd0H0Jz6RfEZC1jMx97EeRKIsxuPYMMm', '460 Runolfsson Street', 90972396, 'user', 'https://s3.amazonaws.com/uifaces/faces/twitter/namankreative/128.jpg');

INSERT INTO person VALUES ('Noe_Toy@gmail.com', 'Erick Schroeder', '$2b$10$6zqstqkVFK3sOVsYk6mwYO8/PBBYRWUDGJ68HRPITgIfhV3z92Fme', '448 Oleta Shoals', 90415366, 'user', 'https://s3.amazonaws.com/uifaces/faces/twitter/adityasutomo/128.jpg');

INSERT INTO person VALUES ('Kelly91@hotmail.com', 'Nestor Rowe', '$2b$10$6zqstqkVFK3sOVsYk6mwYO4VVofMQ9jWq26t8TfRrUNmogndMw1p2', '86845 Tyra Springs', 90420615, 'user', 'https://s3.amazonaws.com/uifaces/faces/twitter/kennyadr/128.jpg');
INSERT INTO credit_card VALUES (6771376712448659, 'Kelly91@hotmail.com', '2022-03-31T11:21:09.719Z', 970);
INSERT INTO pet VALUES ('Emely', 'Kelly91@hotmail.com', 'Duck', 'Saepe voluptatem ut vitae ea praesentium ullam quis sunt.', 'Quia quo et officiis.');

INSERT INTO person VALUES ('Shanelle.Lind64@gmail.com', 'Reba Abbott', '$2b$10$6zqstqkVFK3sOVsYk6mwYOKVWgi5Ht.4fif1hr0qVB6kqV.6IW7vq', '1206 Lenora Cape', 90145297, 'user', 'https://s3.amazonaws.com/uifaces/faces/twitter/travis_arnold/128.jpg');
INSERT INTO part_time_ct VALUES ('Shanelle.Lind64@gmail.com');
INSERT INTO pt_free_schedule VALUES ('Shanelle.Lind64@gmail.com', '2020-11-05T04:02:38.001Z', '2021-06-13T01:08:33.262Z');
INSERT INTO pt_specializes_in VALUES ('Shanelle.Lind64@gmail.com', 'Duck', 11);
INSERT INTO pt_specializes_in VALUES ('Shanelle.Lind64@gmail.com', 'Geese (Chinese Swan Goose)', 10);
INSERT INTO pt_specializes_in VALUES ('Shanelle.Lind64@gmail.com', 'Goat', 12);

INSERT INTO person VALUES ('Abdullah39@hotmail.com', 'Johnathan Flatley', '$2b$10$6zqstqkVFK3sOVsYk6mwYOCMFVs9jpiiBU5g7964QPN/HThanBORG', '0249 Camron Mountains', 90875941, 'user', 'https://s3.amazonaws.com/uifaces/faces/twitter/constantx/128.jpg');
INSERT INTO full_time_ct VALUES ('Abdullah39@hotmail.com');
INSERT INTO ft_specializes_in VALUES ('Abdullah39@hotmail.com', 'Ferret', 11);
INSERT INTO ft_specializes_in VALUES ('Abdullah39@hotmail.com', 'Goat', 2);

INSERT INTO person VALUES ('Piper_Paucek@hotmail.com', 'Trey Schumm', '$2b$10$6zqstqkVFK3sOVsYk6mwYOZQvbZa2wm5wrn.3QPwmVd7F705z1I1e', '6249 Murphy Turnpike', 90349622, 'user', 'https://s3.amazonaws.com/uifaces/faces/twitter/derekcramer/128.jpg');

INSERT INTO person VALUES ('Odie54@gmail.com', 'Geraldine Spinka', '$2b$10$6zqstqkVFK3sOVsYk6mwYOLiK8VMrZTHuBt5jd9umMK7zEmK2SnbK', '05322 Hand Unions', 90034912, 'user', 'https://s3.amazonaws.com/uifaces/faces/twitter/mvdheuvel/128.jpg');
INSERT INTO credit_card VALUES (6304209986286034, 'Odie54@gmail.com', '2021-02-13T11:18:23.765Z', 234);
INSERT INTO pet VALUES ('Ariel', 'Odie54@gmail.com', 'Hog', 'Reprehenderit officiis quia.', 'Non illum et.');

INSERT INTO person VALUES ('Marianne37@hotmail.com', 'Oda Kub', '$2b$10$6zqstqkVFK3sOVsYk6mwYOa6twRZ38pAGuiSe4ACi7ablFN0X2dQi', '111 Raina Brooks', 90834073, 'user', 'https://s3.amazonaws.com/uifaces/faces/twitter/dvdwinden/128.jpg');
INSERT INTO full_time_ct VALUES ('Marianne37@hotmail.com');
INSERT INTO ft_specializes_in VALUES ('Marianne37@hotmail.com', 'Gecko', 17);
INSERT INTO ft_specializes_in VALUES ('Marianne37@hotmail.com', 'Hedgehog', 13);

INSERT INTO person VALUES ('Trevion26@yahoo.com', 'Cameron Denesik', '$2b$10$6zqstqkVFK3sOVsYk6mwYOSqQrd/C1qkjTzDRrp6Q4U6xb.tkSuTK', '270 Waters Track', 90822277, 'user', 'https://s3.amazonaws.com/uifaces/faces/twitter/konus/128.jpg');
INSERT INTO full_time_ct VALUES ('Trevion26@yahoo.com');
INSERT INTO ft_specializes_in VALUES ('Trevion26@yahoo.com', 'Burro', 9);
INSERT INTO ft_specializes_in VALUES ('Trevion26@yahoo.com', 'Chameleons (Veiled)', 9);

INSERT INTO person VALUES ('Sandra_Fritsch@gmail.com', 'Thea Tremblay', '$2b$10$6zqstqkVFK3sOVsYk6mwYO2CgxlZ3ApZXKPzTLY0dF2mhKDQyfCfK', '77337 Lindgren Lake', 90945184, 'user', 'https://s3.amazonaws.com/uifaces/faces/twitter/josep_martins/128.jpg');
INSERT INTO credit_card VALUES (6759705245996968, 'Sandra_Fritsch@gmail.com', '2023-12-24T07:29:59.193Z', 356);
INSERT INTO pet VALUES ('Gideon', 'Sandra_Fritsch@gmail.com', 'Bird', 'Dignissimos minus corporis sunt quasi.', 'Quas officia quos consequatur perspiciatis quo sint.');

INSERT INTO person VALUES ('Toy.Bins38@gmail.com', 'Kavon Schneider', '$2b$10$6zqstqkVFK3sOVsYk6mwYO834yuqwIJiEAfE6PVmSk2E0zi0/0OPS', '00707 Howell Stravenue', 90765911, 'user', 'https://s3.amazonaws.com/uifaces/faces/twitter/buleswapnil/128.jpg');
INSERT INTO credit_card VALUES (6706093851199346, 'Toy.Bins38@gmail.com', '2021-09-11T16:05:21.083Z', 069);
INSERT INTO pet VALUES ('Janelle', 'Toy.Bins38@gmail.com', 'Ponie', 'Et laboriosam deserunt.', 'Et eum id est itaque consectetur accusamus quam.');

INSERT INTO person VALUES ('Shaina.McLaughlin19@yahoo.com', 'Domingo Aufderhar', '$2b$10$6zqstqkVFK3sOVsYk6mwYOaI0b4Po4K1Xrl6PoRGVf7VLixdoA/a2', '939 Wyatt Common', 90279785, 'user', 'https://s3.amazonaws.com/uifaces/faces/twitter/lonesomelemon/128.jpg');

INSERT INTO person VALUES ('Angel.Spinka30@yahoo.com', 'Selina Jenkins', '$2b$10$6zqstqkVFK3sOVsYk6mwYOfSEulOs/qPFyyxiXyFhv/hVKRycWhDi', '8650 Ankunding Isle', 90540413, 'user', 'https://s3.amazonaws.com/uifaces/faces/twitter/anoff/128.jpg');

INSERT INTO person VALUES ('Natalie_Windler@yahoo.com', 'Edison Berge', '$2b$10$6zqstqkVFK3sOVsYk6mwYOl87LpXfn23JHEUFBZZXlhYidNWKaXES', '1163 Bernier Alley', 90343760, 'user', 'https://s3.amazonaws.com/uifaces/faces/twitter/kvasnic/128.jpg');
INSERT INTO part_time_ct VALUES ('Natalie_Windler@yahoo.com');
INSERT INTO pt_free_schedule VALUES ('Natalie_Windler@yahoo.com', '2020-11-05T07:23:58.920Z', '2021-09-17T18:32:40.357Z');
INSERT INTO pt_specializes_in VALUES ('Natalie_Windler@yahoo.com', 'Bearded Dragon', 2);
INSERT INTO pt_specializes_in VALUES ('Natalie_Windler@yahoo.com', 'Hamster', 9);

INSERT INTO person VALUES ('Milton_Runte30@hotmail.com', 'Deonte Pacocha', '$2b$10$6zqstqkVFK3sOVsYk6mwYOSjyrbP4NoBLDiyGfvoRFa3RVcdvw/hy', '514 Talon Square', 90084355, 'user', 'https://s3.amazonaws.com/uifaces/faces/twitter/themrdave/128.jpg');
INSERT INTO full_time_ct VALUES ('Milton_Runte30@hotmail.com');
INSERT INTO ft_specializes_in VALUES ('Milton_Runte30@hotmail.com', 'Cow', 15);

INSERT INTO person VALUES ('Bobbie.Cruickshank86@hotmail.com', 'Lyric Erdman', '$2b$10$6zqstqkVFK3sOVsYk6mwYOPPc6WMiD1c/eNeqYTe2Yxx59gx0iZuO', '568 Heidenreich Unions', 90663261, 'user', 'https://s3.amazonaws.com/uifaces/faces/twitter/ninjad3m0/128.jpg');
INSERT INTO full_time_ct VALUES ('Bobbie.Cruickshank86@hotmail.com');
INSERT INTO ft_specializes_in VALUES ('Bobbie.Cruickshank86@hotmail.com', 'Ponie', 12);

INSERT INTO person VALUES ('Bella.Kub49@gmail.com', 'Malachi Willms', '$2b$10$6zqstqkVFK3sOVsYk6mwYO7lQKNOnK4XcG9MpHAiTtQD5YpW/Xrra', '14177 Kuhn Landing', 90470963, 'user', 'https://s3.amazonaws.com/uifaces/faces/twitter/looneydoodle/128.jpg');
INSERT INTO credit_card VALUES (6759652266630326, 'Bella.Kub49@gmail.com', '2023-01-25T07:23:04.778Z', 582);
INSERT INTO pet VALUES ('Pamela', 'Bella.Kub49@gmail.com', 'Bearded Dragon', 'Qui repellat quae est sit voluptatem molestiae soluta.', 'Minus eius eius sed dolor et soluta accusantium voluptatem nihil.');
INSERT INTO pet VALUES ('Carrie', 'Bella.Kub49@gmail.com', 'Duck', 'Placeat dolor qui totam error sequi quaerat quos rerum facilis.', 'Consequatur nesciunt architecto illum.');

INSERT INTO person VALUES ('Kiana.Greenfelder@yahoo.com', 'Tanya Wilkinson', '$2b$10$6zqstqkVFK3sOVsYk6mwYOUAWJBeoojDmSBwIGsjWa2chlp5PZkMG', '88751 Avery Ports', 90697662, 'user', 'https://s3.amazonaws.com/uifaces/faces/twitter/hugocornejo/128.jpg');

INSERT INTO person VALUES ('Brandyn.Kassulke@gmail.com', 'Kaylee Fahey', '$2b$10$6zqstqkVFK3sOVsYk6mwYO4lolvh/aDCyQTQbI01t8NyyJZLyCRfO', '336 Bud Trail', 90077361, 'user', 'https://s3.amazonaws.com/uifaces/faces/twitter/reabo101/128.jpg');
INSERT INTO credit_card VALUES (3571835720016736, 'Brandyn.Kassulke@gmail.com', '2021-08-07T00:02:39.313Z', 693);
INSERT INTO pet VALUES ('Orval', 'Brandyn.Kassulke@gmail.com', 'Guinea Fowl', 'Ab qui iste placeat ut dolorem eius.', 'Cupiditate ex omnis et cupiditate sit rerum vitae harum sed.');
INSERT INTO pet VALUES ('Darrin', 'Brandyn.Kassulke@gmail.com', 'Hog', 'Non alias rem optio eos doloribus.', 'Nobis laudantium recusandae adipisci est ea consequatur numquam.');
INSERT INTO full_time_ct VALUES ('Brandyn.Kassulke@gmail.com');
INSERT INTO ft_specializes_in VALUES ('Brandyn.Kassulke@gmail.com', 'Goat', 17);
INSERT INTO ft_specializes_in VALUES ('Brandyn.Kassulke@gmail.com', 'Guinea Fowl', 9);

INSERT INTO person VALUES ('Destinee52@yahoo.com', 'Breanna Kreiger', '$2b$10$6zqstqkVFK3sOVsYk6mwYOPV/6QEmt/phbBwYx/lMzGMGQuyx2SPm', '6638 Weissnat Fords', 90611967, 'user', 'https://s3.amazonaws.com/uifaces/faces/twitter/simobenso/128.jpg');

INSERT INTO person VALUES ('Wilber5@gmail.com', 'Jackson Rogahn', '$2b$10$6zqstqkVFK3sOVsYk6mwYOh4FzcaRluHcm2v.SYXbOwERpwSqSaFy', '719 Ethelyn Station', 90161633, 'user', 'https://s3.amazonaws.com/uifaces/faces/twitter/oscarowusu/128.jpg');
INSERT INTO credit_card VALUES (6395143256148865, 'Wilber5@gmail.com', '2023-09-01T15:35:24.704Z', 296);
INSERT INTO pet VALUES ('Brittany', 'Wilber5@gmail.com', 'Goat', 'Reprehenderit quod omnis.', 'Sit accusantium eos voluptatem libero ut earum excepturi aperiam.');

INSERT INTO person VALUES ('Adah89@yahoo.com', 'Janae Jast', '$2b$10$6zqstqkVFK3sOVsYk6mwYOL0oUtS5rbI3zNCEoQrlxgZAo1Wnh5EC', '27197 Allen Mall', 90662811, 'user', 'https://s3.amazonaws.com/uifaces/faces/twitter/petar_prog/128.jpg');
INSERT INTO credit_card VALUES (6304545304301379, 'Adah89@yahoo.com', '2021-07-06T12:30:32.745Z', 429);
INSERT INTO pet VALUES ('Freeman', 'Adah89@yahoo.com', 'Fish', 'Provident quia possimus.', 'Et nulla inventore repellat.');
INSERT INTO pet VALUES ('Kade', 'Adah89@yahoo.com', 'Chicken', 'Voluptas architecto ipsam soluta culpa nemo.', 'Architecto perspiciatis consequatur velit.');
INSERT INTO part_time_ct VALUES ('Adah89@yahoo.com');
INSERT INTO pt_free_schedule VALUES ('Adah89@yahoo.com', '2020-11-05T10:49:55.887Z', '2021-08-15T15:58:31.457Z');
INSERT INTO pt_specializes_in VALUES ('Adah89@yahoo.com', 'Llama', 7);

INSERT INTO person VALUES ('Henri.McCullough1@yahoo.com', 'Cade Schmeler', '$2b$10$6zqstqkVFK3sOVsYk6mwYObR0M.5Q/1uEJZJViJyEllHSneuWX7j6', '68239 Kenyon Parkways', 90101598, 'user', 'https://s3.amazonaws.com/uifaces/faces/twitter/dc_user/128.jpg');

INSERT INTO person VALUES ('Javonte69@yahoo.com', 'Merl Toy', '$2b$10$6zqstqkVFK3sOVsYk6mwYOb5rJ66Qgf5jfF1lydXGnKNdBfoDdNuW', '790 Juliana Falls', 90989902, 'user', 'https://s3.amazonaws.com/uifaces/faces/twitter/dawidwu/128.jpg');
INSERT INTO credit_card VALUES (6598621088163034, 'Javonte69@yahoo.com', '2020-12-23T15:57:49.695Z', 299);
INSERT INTO pet VALUES ('Edwin', 'Javonte69@yahoo.com', 'Chinchilla', 'Vel corrupti ut unde odit.', 'Vero recusandae quia ipsam quis.');
INSERT INTO full_time_ct VALUES ('Javonte69@yahoo.com');
INSERT INTO ft_specializes_in VALUES ('Javonte69@yahoo.com', 'Duck', 17);
INSERT INTO ft_specializes_in VALUES ('Javonte69@yahoo.com', 'Horse', 9);

INSERT INTO person VALUES ('Brook_Brakus@yahoo.com', 'Hulda Paucek', '$2b$10$6zqstqkVFK3sOVsYk6mwYO/zOcxnsZP2uZXQxW.vw7cJzZTXQTHt6', '05843 Buckridge Loop', 90077153, 'user', 'https://s3.amazonaws.com/uifaces/faces/twitter/goddardlewis/128.jpg');

INSERT INTO person VALUES ('Theresa.Lubowitz5@hotmail.com', 'Adolph Schoen', '$2b$10$6zqstqkVFK3sOVsYk6mwYO2EZF3i58lc8k05OFyAjCeSJImkJUuue', '137 Arjun Squares', 90096608, 'user', 'https://s3.amazonaws.com/uifaces/faces/twitter/silvanmuhlemann/128.jpg');
INSERT INTO part_time_ct VALUES ('Theresa.Lubowitz5@hotmail.com');
INSERT INTO pt_free_schedule VALUES ('Theresa.Lubowitz5@hotmail.com', '2020-11-05T04:30:32.978Z', '2021-08-24T06:29:22.366Z');
INSERT INTO pt_specializes_in VALUES ('Theresa.Lubowitz5@hotmail.com', 'Guinea Pig', 20);

INSERT INTO person VALUES ('Elouise.Zieme87@gmail.com', 'Alexa OReilly', '$2b$10$6zqstqkVFK3sOVsYk6mwYOKB8Wz5oPLl3mhPSMSjuRxltjUFmYSWO', '07813 Blanda Gardens', 90907791, 'user', 'https://s3.amazonaws.com/uifaces/faces/twitter/aaronalfred/128.jpg');
INSERT INTO credit_card VALUES (6771890974570085, 'Elouise.Zieme87@gmail.com', '2021-07-02T01:18:58.528Z', 396);
INSERT INTO pet VALUES ('Neil', 'Elouise.Zieme87@gmail.com', 'Iguana', 'Officiis ut magni quam consequatur quibusdam et accusamus.', 'Ratione explicabo quae aut magni earum qui ipsum et.');
INSERT INTO pet VALUES ('Judson', 'Elouise.Zieme87@gmail.com', 'Bird', 'Amet labore enim facere temporibus.', 'Non nulla ut quas alias voluptatem voluptas.');

INSERT INTO person VALUES ('Adolph_Torphy92@hotmail.com', 'Einar DAmore', '$2b$10$6zqstqkVFK3sOVsYk6mwYO48pOfEkyfHUt.KePH.lv1UUw81MMAPe', '1054 Alysson Bridge', 90429036, 'user', 'https://s3.amazonaws.com/uifaces/faces/twitter/adrienths/128.jpg');
INSERT INTO part_time_ct VALUES ('Adolph_Torphy92@hotmail.com');
INSERT INTO pt_free_schedule VALUES ('Adolph_Torphy92@hotmail.com', '2020-11-05T02:38:14.997Z', '2021-03-20T13:25:06.101Z');
INSERT INTO pt_specializes_in VALUES ('Adolph_Torphy92@hotmail.com', 'Gerbil', 5);
INSERT INTO pt_specializes_in VALUES ('Adolph_Torphy92@hotmail.com', 'Hog', 20);

INSERT INTO person VALUES ('Giovani_Welch@gmail.com', 'Lavina Kreiger', '$2b$10$6zqstqkVFK3sOVsYk6mwYO4XmrOp21K7U35pahcPnL0DCzrBVOLa2', '6346 Braun Ferry', 90511933, 'user', 'https://s3.amazonaws.com/uifaces/faces/twitter/terrorpixel/128.jpg');
INSERT INTO credit_card VALUES (6767533349001811, 'Giovani_Welch@gmail.com', '2021-04-13T11:22:26.328Z', 576);
INSERT INTO part_time_ct VALUES ('Giovani_Welch@gmail.com');
INSERT INTO pt_free_schedule VALUES ('Giovani_Welch@gmail.com', '2020-11-05T10:40:46.459Z', '2021-03-07T07:51:30.448Z');

INSERT INTO person VALUES ('Devon40@hotmail.com', 'Della Rolfson', '$2b$10$6zqstqkVFK3sOVsYk6mwYOTV.1wjHsUyy64P6TaiCZoD3uV./P4sa', '737 Mueller Rapid', 90003836, 'user', 'https://s3.amazonaws.com/uifaces/faces/twitter/increase/128.jpg');
INSERT INTO credit_card VALUES (5020232533396477, 'Devon40@hotmail.com', '2021-05-01T21:23:57.488Z', 763);
INSERT INTO pet VALUES ('Stevie', 'Devon40@hotmail.com', 'Llama', 'Est et est.', 'Repellendus officiis laboriosam et est amet sed exercitationem.');
INSERT INTO pet VALUES ('Torey', 'Devon40@hotmail.com', 'Pig', 'Minus in et.', 'Non necessitatibus minima provident et.');

INSERT INTO person VALUES ('Maryjane_Shields10@yahoo.com', 'Berniece Feil', '$2b$10$6zqstqkVFK3sOVsYk6mwYOv1nZ1dj62VwmQbCoqhytjMRrPiTWI9.', '96672 Glover Lodge', 90691303, 'user', 'https://s3.amazonaws.com/uifaces/faces/twitter/ceekaytweet/128.jpg');

INSERT INTO person VALUES ('Brook_Ryan48@hotmail.com', 'Mara Ratke', '$2b$10$6zqstqkVFK3sOVsYk6mwYOyyRxGVMxBQcKufbnxuJ4bK4tnlvjlnC', '5496 Schowalter Fort', 90205102, 'user', 'https://s3.amazonaws.com/uifaces/faces/twitter/elisabethkjaer/128.jpg');
INSERT INTO credit_card VALUES (6709779393976509, 'Brook_Ryan48@hotmail.com', '2021-12-27T03:35:29.861Z', 971);
INSERT INTO full_time_ct VALUES ('Brook_Ryan48@hotmail.com');
INSERT INTO ft_specializes_in VALUES ('Brook_Ryan48@hotmail.com', 'Dog', 15);
INSERT INTO ft_specializes_in VALUES ('Brook_Ryan48@hotmail.com', 'Pig', 11);

INSERT INTO person VALUES ('Maggie47@hotmail.com', 'Davonte Kerluke', '$2b$10$6zqstqkVFK3sOVsYk6mwYOKRVwLXEZSaTNI5oGlJFTE1YZw0K4cg.', '57385 Metz Rue', 90659591, 'user', 'https://s3.amazonaws.com/uifaces/faces/twitter/manigm/128.jpg');
INSERT INTO credit_card VALUES (6767963920631936, 'Maggie47@hotmail.com', '2023-03-26T06:44:59.176Z', 395);
INSERT INTO pet VALUES ('Rahul', 'Maggie47@hotmail.com', 'Pot Bellied Pig', 'Laborum harum ut sit fugit sed commodi.', 'Repudiandae deserunt tempore omnis quos occaecati repudiandae beatae quisquam.');
INSERT INTO pet VALUES ('Rosie', 'Maggie47@hotmail.com', 'Chameleons (Veiled)', 'Quia dolorum nulla totam doloremque aut.', 'Occaecati est in rerum quisquam ut minima.');
INSERT INTO part_time_ct VALUES ('Maggie47@hotmail.com');
INSERT INTO pt_free_schedule VALUES ('Maggie47@hotmail.com', '2020-11-04T18:56:07.584Z', '2020-11-05T23:04:59.487Z');
INSERT INTO pt_specializes_in VALUES ('Maggie47@hotmail.com', 'Mice', 16);

INSERT INTO person VALUES ('Adrien.Kuhn84@gmail.com', 'Devon Weber', '$2b$10$6zqstqkVFK3sOVsYk6mwYOlMcyYCIDh7hU7qBZdrRkVtNpmxpeJRS', '97017 Stanton Islands', 90545216, 'user', 'https://s3.amazonaws.com/uifaces/faces/twitter/alessandroribe/128.jpg');
INSERT INTO credit_card VALUES (6391214211124677, 'Adrien.Kuhn84@gmail.com', '2021-01-19T14:43:04.110Z', 389);
INSERT INTO part_time_ct VALUES ('Adrien.Kuhn84@gmail.com');
INSERT INTO pt_free_schedule VALUES ('Adrien.Kuhn84@gmail.com', '2020-11-05T06:43:43.359Z', '2021-04-21T15:23:24.345Z');
INSERT INTO pt_specializes_in VALUES ('Adrien.Kuhn84@gmail.com', 'Rabbit', 17);

INSERT INTO person VALUES ('Lora_Conroy@hotmail.com', 'Ruthie Metz', '$2b$10$6zqstqkVFK3sOVsYk6mwYOxK7ZGI8bs6Qlqopf.FOFWlniml6LNtC', '1679 Harvey Prairie', 90649980, 'user', 'https://s3.amazonaws.com/uifaces/faces/twitter/supervova/128.jpg');
INSERT INTO credit_card VALUES (6706077858927431, 'Lora_Conroy@hotmail.com', '2022-05-11T07:42:40.999Z', 417);

INSERT INTO person VALUES ('Teagan.Bednar13@hotmail.com', 'Yolanda Harber', '$2b$10$6zqstqkVFK3sOVsYk6mwYOJz6nG1ax.OvJ/9TNi2YI/JdfDPWXKfq', '68101 Dandre Plain', 90818542, 'user', 'https://s3.amazonaws.com/uifaces/faces/twitter/instalox/128.jpg');

INSERT INTO person VALUES ('Georgiana89@hotmail.com', 'Sydnee Abshire', '$2b$10$6zqstqkVFK3sOVsYk6mwYOHdBjt0gWNIM08Zxs1elxSLB/6yLdPPW', '7962 Isac Parkway', 90206617, 'user', 'https://s3.amazonaws.com/uifaces/faces/twitter/imcoding/128.jpg');

INSERT INTO person VALUES ('Cara.Heller@yahoo.com', 'Peyton Morar', '$2b$10$6zqstqkVFK3sOVsYk6mwYOUoxYprE1te14mlIzGHtEICLKxt827JK', '4588 Santina Ports', 90872394, 'user', 'https://s3.amazonaws.com/uifaces/faces/twitter/webtanya/128.jpg');
INSERT INTO credit_card VALUES (340557013678079, 'Cara.Heller@yahoo.com', '2021-03-16T07:41:03.802Z', 986);
INSERT INTO pet VALUES ('Tomas', 'Cara.Heller@yahoo.com', 'Cat', 'Non voluptatem saepe ut iste repellendus.', 'Neque fugit reiciendis enim iure harum voluptas est incidunt molestiae.');
INSERT INTO pet VALUES ('Cordie', 'Cara.Heller@yahoo.com', 'Dog', 'Rerum cum facilis facilis quia est quis consequuntur qui.', 'Ipsum quas commodi esse sint dolor laboriosam.');

INSERT INTO person VALUES ('Ezequiel_Kemmer@hotmail.com', 'Ezekiel Franecki', '$2b$10$6zqstqkVFK3sOVsYk6mwYOEJbt7.Il5644i87ulBVcSaWCoW.w8ei', '44278 Marisa Valley', 90026558, 'user', 'https://s3.amazonaws.com/uifaces/faces/twitter/grahamkennery/128.jpg');
INSERT INTO full_time_ct VALUES ('Ezequiel_Kemmer@hotmail.com');
INSERT INTO ft_specializes_in VALUES ('Ezequiel_Kemmer@hotmail.com', 'Bird', 12);
INSERT INTO ft_specializes_in VALUES ('Ezequiel_Kemmer@hotmail.com', 'Gerbil', 10);
INSERT INTO ft_specializes_in VALUES ('Ezequiel_Kemmer@hotmail.com', 'Ponie', 11);

INSERT INTO person VALUES ('Merl58@hotmail.com', 'Helene Graham', '$2b$10$6zqstqkVFK3sOVsYk6mwYOsN7td.nqy0oSgblc48CXbRiqDngYmGW', '43860 Johns Fall', 90701270, 'user', 'https://s3.amazonaws.com/uifaces/faces/twitter/ponchomendivil/128.jpg');
INSERT INTO credit_card VALUES (6304505171797738, 'Merl58@hotmail.com', '2021-02-17T15:30:06.565Z', 964);
INSERT INTO part_time_ct VALUES ('Merl58@hotmail.com');
INSERT INTO pt_free_schedule VALUES ('Merl58@hotmail.com', '2020-11-05T06:44:44.837Z', '2021-05-07T05:06:51.343Z');
INSERT INTO pt_specializes_in VALUES ('Merl58@hotmail.com', 'Mule', 12);

INSERT INTO person VALUES ('Deangelo_Berge9@gmail.com', 'Devyn Casper', '$2b$10$6zqstqkVFK3sOVsYk6mwYOVzqZnWOvbxK003/JmLaj53nBEFyhNqC', '2272 Erdman Mission', 90748547, 'user', 'https://s3.amazonaws.com/uifaces/faces/twitter/thibaut_re/128.jpg');
INSERT INTO credit_card VALUES (6304000025604919, 'Deangelo_Berge9@gmail.com', '2021-10-09T19:45:53.283Z', 449);
INSERT INTO pet VALUES ('Jaron', 'Deangelo_Berge9@gmail.com', 'Ponie', 'Consequatur praesentium eum iste et veniam inventore eius enim corrupti.', 'Adipisci aut exercitationem enim laboriosam sed dolorum enim.');
INSERT INTO pet VALUES ('Joel', 'Deangelo_Berge9@gmail.com', 'Mule', 'Facilis recusandae et quis a cum est dolorum.', 'Accusamus molestiae hic reiciendis.');
INSERT INTO pet VALUES ('Murphy', 'Deangelo_Berge9@gmail.com', 'Ferret', 'Aut et animi.', 'Dolores minus voluptatem.');
INSERT INTO part_time_ct VALUES ('Deangelo_Berge9@gmail.com');
INSERT INTO pt_free_schedule VALUES ('Deangelo_Berge9@gmail.com', '2020-11-05T02:57:34.625Z', '2021-11-04T21:48:26.140Z');

INSERT INTO person VALUES ('Francesco_Nienow58@hotmail.com', 'Bud Rice', '$2b$10$6zqstqkVFK3sOVsYk6mwYO6u5nOZk1yJSshoeI5M11JbJmRaePI8q', '60654 Shields Plains', 90247775, 'user', 'https://s3.amazonaws.com/uifaces/faces/twitter/gonzalorobaina/128.jpg');
INSERT INTO credit_card VALUES (6771625828775234, 'Francesco_Nienow58@hotmail.com', '2021-07-28T19:22:41.022Z', 653);

INSERT INTO person VALUES ('Devonte_Cummings81@hotmail.com', 'Herminio Stehr', '$2b$10$6zqstqkVFK3sOVsYk6mwYO3fp0FWpAsm7ziasSAwZVsM/6st33qzK', '046 Yoshiko Keys', 90872470, 'user', 'https://s3.amazonaws.com/uifaces/faces/twitter/therealmarvin/128.jpg');
INSERT INTO credit_card VALUES (3528600460547686, 'Devonte_Cummings81@hotmail.com', '2021-06-10T21:28:51.819Z', 378);
INSERT INTO part_time_ct VALUES ('Devonte_Cummings81@hotmail.com');
INSERT INTO pt_free_schedule VALUES ('Devonte_Cummings81@hotmail.com', '2020-11-04T22:29:09.616Z', '2021-08-22T20:21:02.635Z');
INSERT INTO pt_specializes_in VALUES ('Devonte_Cummings81@hotmail.com', 'Mice', 4);
INSERT INTO pt_specializes_in VALUES ('Devonte_Cummings81@hotmail.com', 'Mule', 20);

INSERT INTO person VALUES ('Jensen21@yahoo.com', 'Neha Ledner', '$2b$10$6zqstqkVFK3sOVsYk6mwYO.A9wjbGdiY67ZAa7Y6uXmKNnIGY5UqS', '4916 Odessa Burg', 90530222, 'user', 'https://s3.amazonaws.com/uifaces/faces/twitter/kikillo/128.jpg');

INSERT INTO person VALUES ('Conrad.Nitzsche@gmail.com', 'Darrick Emmerich', '$2b$10$6zqstqkVFK3sOVsYk6mwYOKVt0julaWyh5K/4chhlEXINqa8rD/Pm', '35194 Travon Common', 90408531, 'user', 'https://s3.amazonaws.com/uifaces/faces/twitter/falvarad/128.jpg');
INSERT INTO part_time_ct VALUES ('Conrad.Nitzsche@gmail.com');
INSERT INTO pt_free_schedule VALUES ('Conrad.Nitzsche@gmail.com', '2020-11-05T06:16:35.564Z', '2021-07-13T21:41:06.430Z');
INSERT INTO pt_specializes_in VALUES ('Conrad.Nitzsche@gmail.com', 'Horse', 10);
INSERT INTO pt_specializes_in VALUES ('Conrad.Nitzsche@gmail.com', 'Peafowl', 14);
INSERT INTO pt_specializes_in VALUES ('Conrad.Nitzsche@gmail.com', 'Pig', 1);

INSERT INTO person VALUES ('Shannon83@gmail.com', 'Magdalena Schuster', '$2b$10$6zqstqkVFK3sOVsYk6mwYOH7PYYI7mn7r2GaeF04/Nyg9m0N2zEvS', '50332 Schowalter Expressway', 90406408, 'user', 'https://s3.amazonaws.com/uifaces/faces/twitter/jomarmen/128.jpg');
INSERT INTO part_time_ct VALUES ('Shannon83@gmail.com');
INSERT INTO pt_free_schedule VALUES ('Shannon83@gmail.com', '2020-11-04T18:36:51.508Z', '2021-10-14T20:38:34.803Z');
INSERT INTO pt_specializes_in VALUES ('Shannon83@gmail.com', 'Geese (Chinese Swan Goose)', 11);

INSERT INTO person VALUES ('Doug12@hotmail.com', 'Michelle Thiel', '$2b$10$6zqstqkVFK3sOVsYk6mwYOca1ujzjFY/0aIo0QYz24srjQwrKETxa', '941 Feil Manors', 90784187, 'user', 'https://s3.amazonaws.com/uifaces/faces/twitter/perfectflow/128.jpg');

INSERT INTO person VALUES ('Amelia49@yahoo.com', 'Lupe Stiedemann', '$2b$10$6zqstqkVFK3sOVsYk6mwYOWUaJGiNTnvliTyN5iSeFWDYT/LMvzW.', '58320 Mae Highway', 90469735, 'user', 'https://s3.amazonaws.com/uifaces/faces/twitter/guillemboti/128.jpg');
INSERT INTO full_time_ct VALUES ('Amelia49@yahoo.com');
INSERT INTO ft_specializes_in VALUES ('Amelia49@yahoo.com', 'Burro', 4);
INSERT INTO ft_specializes_in VALUES ('Amelia49@yahoo.com', 'Goat', 18);
INSERT INTO ft_specializes_in VALUES ('Amelia49@yahoo.com', 'Horse', 3);

INSERT INTO person VALUES ('Keshaun_Wilkinson92@gmail.com', 'Austin Hegmann', '$2b$10$6zqstqkVFK3sOVsYk6mwYOrj74MhGmLeYbKD1Zq8D205QNALtBq/O', '387 Jonathan Centers', 90911774, 'user', 'https://s3.amazonaws.com/uifaces/faces/twitter/r_oy/128.jpg');

INSERT INTO person VALUES ('Antonio.Hermann35@hotmail.com', 'Garrett Macejkovic', '$2b$10$6zqstqkVFK3sOVsYk6mwYOBYT6H/kJPmJhVOzTy3Ywb10VKIZLunO', '7229 Percival Flats', 90164570, 'user', 'https://s3.amazonaws.com/uifaces/faces/twitter/falvarad/128.jpg');
INSERT INTO credit_card VALUES (6709434593161575, 'Antonio.Hermann35@hotmail.com', '2021-10-22T11:42:15.505Z', 126);
INSERT INTO pet VALUES ('Frida', 'Antonio.Hermann35@hotmail.com', 'Chicken', 'Ipsa et temporibus a ipsa rerum qui.', 'Qui aut consequatur debitis sunt cupiditate nesciunt similique.');
INSERT INTO pet VALUES ('Liliana', 'Antonio.Hermann35@hotmail.com', 'Duck', 'Sunt sint eligendi deleniti doloremque accusamus labore in.', 'Ducimus quasi laudantium sed omnis aut tempora recusandae tempore.');
INSERT INTO pet VALUES ('Vincent', 'Antonio.Hermann35@hotmail.com', 'Guinea Pig', 'Commodi nihil placeat rerum consequatur tenetur quibusdam provident ut.', 'Recusandae vel quo.');
INSERT INTO part_time_ct VALUES ('Antonio.Hermann35@hotmail.com');
INSERT INTO pt_free_schedule VALUES ('Antonio.Hermann35@hotmail.com', '2020-11-05T09:42:57.825Z', '2021-08-23T11:02:34.858Z');
INSERT INTO pt_specializes_in VALUES ('Antonio.Hermann35@hotmail.com', 'Fish', 15);
INSERT INTO pt_specializes_in VALUES ('Antonio.Hermann35@hotmail.com', 'Gerbil', 17);

INSERT INTO person VALUES ('Fanny.Hegmann@hotmail.com', 'Grayson Connelly', '$2b$10$6zqstqkVFK3sOVsYk6mwYOXCVrse7BMgA3gdpn1lhYR/SW/0tvTLW', '21844 Reba Stravenue', 90605195, 'user', 'https://s3.amazonaws.com/uifaces/faces/twitter/scott_riley/128.jpg');
INSERT INTO credit_card VALUES (4791455696726, 'Fanny.Hegmann@hotmail.com', '2021-07-20T17:21:58.613Z', 740);
INSERT INTO pet VALUES ('Jessika', 'Fanny.Hegmann@hotmail.com', 'Geese (Chinese Swan Goose)', 'Odit veritatis voluptas cumque.', 'Sed ut dicta assumenda eos aut blanditiis officia id.');
INSERT INTO pet VALUES ('Judah', 'Fanny.Hegmann@hotmail.com', 'Donkey', 'Ipsam quos qui esse quia ut atque minima quia necessitatibus.', 'Accusantium omnis iusto illum est et.');
INSERT INTO pet VALUES ('Selena', 'Fanny.Hegmann@hotmail.com', 'Hedgehog', 'Repudiandae recusandae possimus aut quo totam aspernatur.', 'Officiis qui beatae rerum sed et.');

INSERT INTO person VALUES ('Judson.Nolan@yahoo.com', 'Pierce Brekke', '$2b$10$6zqstqkVFK3sOVsYk6mwYOpMLkjuLeNOEXQ5lxvDr7q2ko91f0puG', '0104 Hintz Prairie', 90805571, 'user', 'https://s3.amazonaws.com/uifaces/faces/twitter/id835559/128.jpg');
INSERT INTO credit_card VALUES (3528883555577578, 'Judson.Nolan@yahoo.com', '2022-09-30T02:09:44.039Z', 156);
INSERT INTO pet VALUES ('Trisha', 'Judson.Nolan@yahoo.com', 'Fish', 'Magni maxime dolor ut voluptas cumque a aperiam fugit.', 'Cumque tempora sunt dolor numquam sint.');
INSERT INTO pet VALUES ('Tristin', 'Judson.Nolan@yahoo.com', 'Chicken', 'Veniam quod et.', 'Tempora eum omnis debitis.');
INSERT INTO part_time_ct VALUES ('Judson.Nolan@yahoo.com');
INSERT INTO pt_free_schedule VALUES ('Judson.Nolan@yahoo.com', '2020-11-05T13:42:23.979Z', '2020-12-17T15:54:37.309Z');
INSERT INTO pt_specializes_in VALUES ('Judson.Nolan@yahoo.com', 'Ferret', 10);

INSERT INTO person VALUES ('Ayla84@gmail.com', 'Casimir Ritchie', '$2b$10$6zqstqkVFK3sOVsYk6mwYOOLNWjlqmwWYgscNJbe.uA7sK9Y2TgyG', '9407 Hand Points', 90943597, 'user', 'https://s3.amazonaws.com/uifaces/faces/twitter/weglov/128.jpg');
INSERT INTO credit_card VALUES (3529884069227683, 'Ayla84@gmail.com', '2022-03-17T02:20:36.727Z', 974);
INSERT INTO pet VALUES ('Norene', 'Ayla84@gmail.com', 'Mice', 'Exercitationem magnam ratione pariatur neque.', 'Commodi adipisci est possimus.');

INSERT INTO person VALUES ('Luigi_Flatley@hotmail.com', 'Keenan Prohaska', '$2b$10$6zqstqkVFK3sOVsYk6mwYO78pW0hVKWTnRnz7SCtE2vM/4NB0Ndg2', '19948 Alford Isle', 90684377, 'user', 'https://s3.amazonaws.com/uifaces/faces/twitter/thehacker/128.jpg');
INSERT INTO credit_card VALUES (36432789168411, 'Luigi_Flatley@hotmail.com', '2021-05-19T19:08:40.830Z', 049);
INSERT INTO pet VALUES ('Glenda', 'Luigi_Flatley@hotmail.com', 'Guinea Fowl', 'Ipsum rerum enim dolor animi.', 'Eos quisquam porro occaecati.');

INSERT INTO person VALUES ('Hunter.Kulas@yahoo.com', 'Sibyl Batz', '$2b$10$6zqstqkVFK3sOVsYk6mwYOYOL9PxP6gVN8toYKRZ1OHyzFV4Q5D1u', '02715 Crona Manors', 90059425, 'user', 'https://s3.amazonaws.com/uifaces/faces/twitter/nilshoenson/128.jpg');
INSERT INTO credit_card VALUES (3529109339895618, 'Hunter.Kulas@yahoo.com', '2022-12-06T18:05:03.695Z', 729);
INSERT INTO full_time_ct VALUES ('Hunter.Kulas@yahoo.com');
INSERT INTO ft_specializes_in VALUES ('Hunter.Kulas@yahoo.com', 'Chicken', 5);
INSERT INTO ft_specializes_in VALUES ('Hunter.Kulas@yahoo.com', 'Llama', 14);

INSERT INTO person VALUES ('Mertie.Bernhard@hotmail.com', 'Milo Becker', '$2b$10$6zqstqkVFK3sOVsYk6mwYOvL0k2WG0mfn3ONxLh1Yw0GQfRMhUNde', '1348 Cole Loop', 90949435, 'user', 'https://s3.amazonaws.com/uifaces/faces/twitter/chrisvanderkooi/128.jpg');
INSERT INTO full_time_ct VALUES ('Mertie.Bernhard@hotmail.com');
INSERT INTO ft_specializes_in VALUES ('Mertie.Bernhard@hotmail.com', 'Duck', 15);
INSERT INTO ft_specializes_in VALUES ('Mertie.Bernhard@hotmail.com', 'Pot Bellied Pig', 3);

INSERT INTO person VALUES ('Isaias47@hotmail.com', 'Hailee Hayes', '$2b$10$6zqstqkVFK3sOVsYk6mwYOZ5PIzXsebl6A3E.vy/HYueQFYl3ELai', '96927 Medhurst Alley', 90267442, 'user', 'https://s3.amazonaws.com/uifaces/faces/twitter/bergmartin/128.jpg');
INSERT INTO credit_card VALUES (4460204857532, 'Isaias47@hotmail.com', '2021-12-14T18:41:31.170Z', 884);
INSERT INTO pet VALUES ('Rachel', 'Isaias47@hotmail.com', 'Guinea Pig', 'Eligendi rerum asperiores sed qui.', 'Omnis sunt optio.');
INSERT INTO part_time_ct VALUES ('Isaias47@hotmail.com');
INSERT INTO pt_free_schedule VALUES ('Isaias47@hotmail.com', '2020-11-04T14:42:06.188Z', '2021-07-04T00:10:47.730Z');

INSERT INTO person VALUES ('Meaghan.Kozey@gmail.com', 'Jeff Macejkovic', '$2b$10$6zqstqkVFK3sOVsYk6mwYOaaaXCkcrGXFiSIiHlF7YfZwbW6CH4u6', '8994 Abernathy Shores', 90067297, 'user', 'https://s3.amazonaws.com/uifaces/faces/twitter/marrimo/128.jpg');
INSERT INTO credit_card VALUES (3588093797706786, 'Meaghan.Kozey@gmail.com', '2023-08-07T09:17:08.855Z', 209);
INSERT INTO pet VALUES ('Kris', 'Meaghan.Kozey@gmail.com', 'Bearded Dragon', 'Fugiat cumque sunt.', 'Omnis non cumque impedit quisquam ipsa temporibus.');
INSERT INTO pet VALUES ('Elinore', 'Meaghan.Kozey@gmail.com', 'Iguana', 'Quisquam fugiat nam ut.', 'Reiciendis sequi voluptatem ab aut corporis et enim et asperiores.');

INSERT INTO person VALUES ('Trudie.Upton9@gmail.com', 'Kayli Schmitt', '$2b$10$6zqstqkVFK3sOVsYk6mwYO.wpuCGIX8pEH3hYbpjG20Joj..mJpye', '115 Kari Hollow', 90107974, 'user', 'https://s3.amazonaws.com/uifaces/faces/twitter/vigobronx/128.jpg');
INSERT INTO part_time_ct VALUES ('Trudie.Upton9@gmail.com');
INSERT INTO pt_free_schedule VALUES ('Trudie.Upton9@gmail.com', '2020-11-04T22:27:55.995Z', '2021-01-13T01:24:10.397Z');
INSERT INTO pt_specializes_in VALUES ('Trudie.Upton9@gmail.com', 'Chicken', 18);
INSERT INTO pt_specializes_in VALUES ('Trudie.Upton9@gmail.com', 'Gecko', 8);

INSERT INTO person VALUES ('Tamia.Mann18@gmail.com', 'Stephania Jacobson', '$2b$10$6zqstqkVFK3sOVsYk6mwYOqHiP3WgN5.irBdn3jROmCQulmic.uKq', '80107 Martina Estates', 90732110, 'user', 'https://s3.amazonaws.com/uifaces/faces/twitter/adrienths/128.jpg');
INSERT INTO credit_card VALUES (6771059027350545, 'Tamia.Mann18@gmail.com', '2022-01-16T00:56:03.748Z', 683);

INSERT INTO person VALUES ('Emie_Gutmann78@yahoo.com', 'Jamal Larkin', '$2b$10$6zqstqkVFK3sOVsYk6mwYOqH1KqSmM3RkYPsx4YOR0TUvrCHbTWxG', '8953 Metz Estates', 90655798, 'user', 'https://s3.amazonaws.com/uifaces/faces/twitter/victorquinn/128.jpg');
INSERT INTO credit_card VALUES (6761195769400130, 'Emie_Gutmann78@yahoo.com', '2022-07-28T15:54:17.836Z', 452);

INSERT INTO person VALUES ('Desmond_Witting@yahoo.com', 'Alicia Dare', '$2b$10$6zqstqkVFK3sOVsYk6mwYO.a9i83Ecl6eQlrnEMEDoHUjFukN0Zp.', '1885 Zakary Village', 90560556, 'user', 'https://s3.amazonaws.com/uifaces/faces/twitter/aleinadsays/128.jpg');
INSERT INTO credit_card VALUES (5134869068957535, 'Desmond_Witting@yahoo.com', '2021-06-29T22:20:44.814Z', 634);
INSERT INTO pet VALUES ('Derek', 'Desmond_Witting@yahoo.com', 'Mice', 'Quibusdam est voluptatibus.', 'Alias quaerat quo.');

INSERT INTO person VALUES ('Aubree.Rempel52@gmail.com', 'Kenyon Schamberger', '$2b$10$6zqstqkVFK3sOVsYk6mwYO8FXW3vxip5VO4NeazvkNzC8TqHmbvQG', '841 Robin Lock', 90360368, 'user', 'https://s3.amazonaws.com/uifaces/faces/twitter/macxim/128.jpg');

INSERT INTO person VALUES ('Reyes.Considine@gmail.com', 'Nash Parker', '$2b$10$6zqstqkVFK3sOVsYk6mwYOpn.9RJqi90e2ygTPTzyr3drKsGOASka', '3938 Lola Via', 90556630, 'user', 'https://s3.amazonaws.com/uifaces/faces/twitter/gabrielrosser/128.jpg');
INSERT INTO part_time_ct VALUES ('Reyes.Considine@gmail.com');
INSERT INTO pt_free_schedule VALUES ('Reyes.Considine@gmail.com', '2020-11-05T10:59:27.062Z', '2021-10-17T19:56:36.664Z');
INSERT INTO pt_specializes_in VALUES ('Reyes.Considine@gmail.com', 'Chinese Water Dragon', 13);
INSERT INTO pt_specializes_in VALUES ('Reyes.Considine@gmail.com', 'Mule', 14);
INSERT INTO pt_specializes_in VALUES ('Reyes.Considine@gmail.com', 'Pig', 15);

INSERT INTO person VALUES ('Bennie9@yahoo.com', 'Khalil Gislason', '$2b$10$6zqstqkVFK3sOVsYk6mwYOhzkUHjD/0VjPGIw5PaB.i2AsDkZaI12', '1836 Ocie Views', 90640921, 'user', 'https://s3.amazonaws.com/uifaces/faces/twitter/ateneupopular/128.jpg');
INSERT INTO full_time_ct VALUES ('Bennie9@yahoo.com');
INSERT INTO ft_specializes_in VALUES ('Bennie9@yahoo.com', 'Goat', 11);

INSERT INTO person VALUES ('Moshe_Howell@gmail.com', 'Chadd Runte', '$2b$10$6zqstqkVFK3sOVsYk6mwYOXVvuAkG7GcCMKna7n47tAJxWkUuU0YS', '868 Marvin River', 90865849, 'user', 'https://s3.amazonaws.com/uifaces/faces/twitter/mizko/128.jpg');
INSERT INTO credit_card VALUES (4682299618806835, 'Moshe_Howell@gmail.com', '2021-04-08T14:20:34.925Z', 745);
INSERT INTO part_time_ct VALUES ('Moshe_Howell@gmail.com');
INSERT INTO pt_free_schedule VALUES ('Moshe_Howell@gmail.com', '2020-11-05T10:03:55.807Z', '2021-05-11T21:10:31.115Z');
INSERT INTO pt_specializes_in VALUES ('Moshe_Howell@gmail.com', 'Chicken', 15);
INSERT INTO pt_specializes_in VALUES ('Moshe_Howell@gmail.com', 'Rabbit', 10);

INSERT INTO person VALUES ('Yazmin_Mitchell@hotmail.com', 'Toni Larson', '$2b$10$6zqstqkVFK3sOVsYk6mwYO3c7FzlLkWP1W2UOl1dngbZW30D9RjP2', '911 Maximillia Fort', 90932723, 'user', 'https://s3.amazonaws.com/uifaces/faces/twitter/bboy1895/128.jpg');
INSERT INTO part_time_ct VALUES ('Yazmin_Mitchell@hotmail.com');
INSERT INTO pt_free_schedule VALUES ('Yazmin_Mitchell@hotmail.com', '2020-11-04T16:42:53.475Z', '2020-12-25T23:21:43.917Z');
INSERT INTO pt_specializes_in VALUES ('Yazmin_Mitchell@hotmail.com', 'Ferret', 7);

INSERT INTO person VALUES ('Randi98@yahoo.com', 'Geovanny Kreiger', '$2b$10$6zqstqkVFK3sOVsYk6mwYOTR/7Y80VaTLc6Ht4qltXkfZz3Hx8wt.', '25397 Talia Orchard', 90606920, 'user', 'https://s3.amazonaws.com/uifaces/faces/twitter/vm_f/128.jpg');
INSERT INTO credit_card VALUES (6759640413179915, 'Randi98@yahoo.com', '2024-11-16T11:29:14.241Z', 089);
INSERT INTO pet VALUES ('Jadyn', 'Randi98@yahoo.com', 'Lizard', 'Labore vero doloribus magnam nesciunt nihil deleniti rerum autem repudiandae.', 'Eveniet voluptas labore aliquam suscipit exercitationem.');
INSERT INTO part_time_ct VALUES ('Randi98@yahoo.com');
INSERT INTO pt_free_schedule VALUES ('Randi98@yahoo.com', '2020-11-04T19:44:09.278Z', '2021-10-30T12:13:00.211Z');
INSERT INTO pt_specializes_in VALUES ('Randi98@yahoo.com', 'Cow', 6);
INSERT INTO pt_specializes_in VALUES ('Randi98@yahoo.com', 'Hedgehog', 5);
INSERT INTO pt_specializes_in VALUES ('Randi98@yahoo.com', 'Ponie', 19);

INSERT INTO person VALUES ('Archibald82@yahoo.com', 'Elenor Lynch', '$2b$10$6zqstqkVFK3sOVsYk6mwYO.OGYK1E03J.xym2m.jJhaZoVUAIEPuy', '504 Mayer Alley', 90633454, 'user', 'https://s3.amazonaws.com/uifaces/faces/twitter/peterlandt/128.jpg');
INSERT INTO credit_card VALUES (6759346008398383, 'Archibald82@yahoo.com', '2020-12-09T14:00:22.610Z', 400);
INSERT INTO full_time_ct VALUES ('Archibald82@yahoo.com');
INSERT INTO ft_specializes_in VALUES ('Archibald82@yahoo.com', 'Lizard', 9);

INSERT INTO person VALUES ('Adalberto_Yundt@gmail.com', 'Brenden Purdy', '$2b$10$6zqstqkVFK3sOVsYk6mwYO8aIJFnLGOfy9t6wDRlSgRsksp/I4zvC', '452 Barrows Estates', 90100840, 'user', 'https://s3.amazonaws.com/uifaces/faces/twitter/notbadart/128.jpg');

INSERT INTO person VALUES ('Trisha_Marquardt7@hotmail.com', 'Erin McGlynn', '$2b$10$6zqstqkVFK3sOVsYk6mwYOD0xGy/nyIHshn/1CSfcZB11gM8fY/Ei', '157 Estelle Passage', 90156349, 'user', 'https://s3.amazonaws.com/uifaces/faces/twitter/markwienands/128.jpg');
INSERT INTO full_time_ct VALUES ('Trisha_Marquardt7@hotmail.com');
INSERT INTO ft_specializes_in VALUES ('Trisha_Marquardt7@hotmail.com', 'Burro', 11);

INSERT INTO person VALUES ('Linnea_Schuster@yahoo.com', 'Misael Block', '$2b$10$6zqstqkVFK3sOVsYk6mwYOpkZkIpyA/7Qk50nB117cwobUhV2JKRC', '8200 Roosevelt Green', 90246426, 'user', 'https://s3.amazonaws.com/uifaces/faces/twitter/joannefournier/128.jpg');

INSERT INTO person VALUES ('Stephon30@gmail.com', 'Kayli Wiegand', '$2b$10$6zqstqkVFK3sOVsYk6mwYOgMhAjHOaM6JGRpLuxzbfEsJodl7hWf2', '703 Hansen Unions', 90220630, 'user', 'https://s3.amazonaws.com/uifaces/faces/twitter/thekevinjones/128.jpg');
INSERT INTO credit_card VALUES (3528779956932057, 'Stephon30@gmail.com', '2021-09-20T19:38:36.896Z', 687);
INSERT INTO pet VALUES ('Cameron', 'Stephon30@gmail.com', 'Chinese Water Dragon', 'Tenetur iste repellendus aliquam porro autem.', 'Aut ut voluptatum.');
INSERT INTO pet VALUES ('Johnson', 'Stephon30@gmail.com', 'Lizard', 'Praesentium impedit excepturi tempore est quia.', 'Quis dignissimos qui et qui.');
INSERT INTO pet VALUES ('Alek', 'Stephon30@gmail.com', 'Bird', 'Id repudiandae omnis dolor deleniti.', 'Quia sit quisquam expedita.');
INSERT INTO full_time_ct VALUES ('Stephon30@gmail.com');
INSERT INTO ft_specializes_in VALUES ('Stephon30@gmail.com', 'Guinea Fowl', 4);
INSERT INTO ft_specializes_in VALUES ('Stephon30@gmail.com', 'Hedgehog', 2);
INSERT INTO ft_specializes_in VALUES ('Stephon30@gmail.com', 'Iguana', 16);

INSERT INTO person VALUES ('Bridie17@yahoo.com', 'Moshe Schuppe', '$2b$10$6zqstqkVFK3sOVsYk6mwYOhi1fTlyHiTwXRIPSX/sZXfFh.RiXxsW', '320 Merlin Trail', 90073037, 'user', 'https://s3.amazonaws.com/uifaces/faces/twitter/primozcigler/128.jpg');
INSERT INTO credit_card VALUES (6474628969632198, 'Bridie17@yahoo.com', '2021-11-02T07:19:34.609Z', 152);
INSERT INTO pet VALUES ('Annie', 'Bridie17@yahoo.com', 'Goat', 'Asperiores et et quibusdam et illum et rerum sint.', 'Sunt consequatur quibusdam quia consequuntur non magnam.');
INSERT INTO pet VALUES ('Anderson', 'Bridie17@yahoo.com', 'Ponie', 'Sint occaecati qui rerum qui.', 'Porro similique et blanditiis vero commodi pariatur eaque quidem.');
INSERT INTO full_time_ct VALUES ('Bridie17@yahoo.com');
INSERT INTO ft_specializes_in VALUES ('Bridie17@yahoo.com', 'Chinese Water Dragon', 15);
INSERT INTO ft_specializes_in VALUES ('Bridie17@yahoo.com', 'Goat', 13);
INSERT INTO ft_specializes_in VALUES ('Bridie17@yahoo.com', 'Rabbit', 13);

INSERT INTO person VALUES ('Oscar.Satterfield@yahoo.com', 'Zakary Kertzmann', '$2b$10$6zqstqkVFK3sOVsYk6mwYO5YUj7kKc5M15zYX8XdN3jXzHvxSgoZ6', '96401 Maybell Mount', 90021547, 'user', 'https://s3.amazonaws.com/uifaces/faces/twitter/dawidwu/128.jpg');
INSERT INTO part_time_ct VALUES ('Oscar.Satterfield@yahoo.com');
INSERT INTO pt_free_schedule VALUES ('Oscar.Satterfield@yahoo.com', '2020-11-05T07:14:28.740Z', '2021-09-01T16:27:17.625Z');
INSERT INTO pt_specializes_in VALUES ('Oscar.Satterfield@yahoo.com', 'Bird', 6);
INSERT INTO pt_specializes_in VALUES ('Oscar.Satterfield@yahoo.com', 'Fish', 9);
INSERT INTO pt_specializes_in VALUES ('Oscar.Satterfield@yahoo.com', 'Gecko', 2);

INSERT INTO person VALUES ('Kim50@hotmail.com', 'Ricardo Crooks', '$2b$10$6zqstqkVFK3sOVsYk6mwYO31ADuNXKfopT15hmSAvDgXZkc6ArSGi', '0313 Ortiz Squares', 90721299, 'user', 'https://s3.amazonaws.com/uifaces/faces/twitter/twittypork/128.jpg');
INSERT INTO part_time_ct VALUES ('Kim50@hotmail.com');
INSERT INTO pt_free_schedule VALUES ('Kim50@hotmail.com', '2020-11-05T05:54:13.927Z', '2021-07-31T00:57:02.314Z');

INSERT INTO person VALUES ('Sam.Shields39@hotmail.com', 'Domenico Roob', '$2b$10$6zqstqkVFK3sOVsYk6mwYObqRoDYumMqFns44IkbL1gqFD/5iEEa.', '5735 Cremin Ways', 90539082, 'user', 'https://s3.amazonaws.com/uifaces/faces/twitter/tgormtx/128.jpg');
INSERT INTO credit_card VALUES (6383792825117011, 'Sam.Shields39@hotmail.com', '2022-10-04T05:57:21.663Z', 033);
INSERT INTO pet VALUES ('Vella', 'Sam.Shields39@hotmail.com', 'Burro', 'Velit rerum in sit.', 'Voluptate ullam qui vel ex omnis culpa id.');

INSERT INTO person VALUES ('Rosamond63@hotmail.com', 'Keira Funk', '$2b$10$6zqstqkVFK3sOVsYk6mwYO/Tslv6KDMaKyUr8XUEv/2mTvRH9xAp6', '3311 Elmer Forge', 90872845, 'user', 'https://s3.amazonaws.com/uifaces/faces/twitter/ovall/128.jpg');
INSERT INTO credit_card VALUES (6486627134233059, 'Rosamond63@hotmail.com', '2021-10-29T14:22:57.808Z', 471);
INSERT INTO pet VALUES ('Elijah', 'Rosamond63@hotmail.com', 'Ferret', 'Voluptates accusantium hic dolorum accusantium velit libero numquam.', 'Dignissimos consequatur enim corporis.');
INSERT INTO pet VALUES ('Lorena', 'Rosamond63@hotmail.com', 'Bearded Dragon', 'Aspernatur ullam rerum sit tempora explicabo totam molestias sunt.', 'Dolorem corrupti quisquam velit reprehenderit rerum neque laboriosam et odio.');

INSERT INTO person VALUES ('Chris_Rau81@hotmail.com', 'Dana Dickinson', '$2b$10$6zqstqkVFK3sOVsYk6mwYOP7j5.RR9bKZns.8Dfm30cAHmvu8ogIu', '9399 Osbaldo Lock', 90628550, 'user', 'https://s3.amazonaws.com/uifaces/faces/twitter/YoungCutlass/128.jpg');
INSERT INTO full_time_ct VALUES ('Chris_Rau81@hotmail.com');
INSERT INTO ft_specializes_in VALUES ('Chris_Rau81@hotmail.com', 'Bird', 10);
INSERT INTO ft_specializes_in VALUES ('Chris_Rau81@hotmail.com', 'Hog', 10);

INSERT INTO person VALUES ('Hope31@hotmail.com', 'Hester Hettinger', '$2b$10$6zqstqkVFK3sOVsYk6mwYOwo0d/3DmW6uo8mHtxKu//VtxdypMqjG', '451 Grayce Views', 90081731, 'user', 'https://s3.amazonaws.com/uifaces/faces/twitter/sunlandictwin/128.jpg');
INSERT INTO credit_card VALUES (3528826152897859, 'Hope31@hotmail.com', '2021-08-27T16:23:30.432Z', 576);
INSERT INTO pet VALUES ('Lois', 'Hope31@hotmail.com', 'Pig', 'Modi explicabo quod.', 'Eum ipsam et rerum sit.');

INSERT INTO person VALUES ('Eugenia4@yahoo.com', 'Lyric Kutch', '$2b$10$6zqstqkVFK3sOVsYk6mwYOxq0LTu.VsTSXY3oWHHfJnu46d5fY82y', '55011 Gleichner Junctions', 90843091, 'user', 'https://s3.amazonaws.com/uifaces/faces/twitter/jeremiaha/128.jpg');
INSERT INTO credit_card VALUES (6759004379237227, 'Eugenia4@yahoo.com', '2020-12-22T20:48:30.572Z', 484);
INSERT INTO full_time_ct VALUES ('Eugenia4@yahoo.com');
INSERT INTO ft_specializes_in VALUES ('Eugenia4@yahoo.com', 'Dog', 5);
INSERT INTO ft_specializes_in VALUES ('Eugenia4@yahoo.com', 'Iguana', 10);
INSERT INTO ft_specializes_in VALUES ('Eugenia4@yahoo.com', 'Pig', 3);

INSERT INTO person VALUES ('Demario8@gmail.com', 'Glenda Feest', '$2b$10$6zqstqkVFK3sOVsYk6mwYOldEdKV/VNbIFoG./n1aYwevTwK49QbC', '42748 Rau Trail', 90538764, 'user', 'https://s3.amazonaws.com/uifaces/faces/twitter/larrybolt/128.jpg');
INSERT INTO full_time_ct VALUES ('Demario8@gmail.com');
INSERT INTO ft_specializes_in VALUES ('Demario8@gmail.com', 'Duck', 4);
INSERT INTO ft_specializes_in VALUES ('Demario8@gmail.com', 'Ponie', 14);

INSERT INTO person VALUES ('Nigel51@gmail.com', 'Beulah Jast', '$2b$10$6zqstqkVFK3sOVsYk6mwYOJuoGMsMsOEOoJC8icco3QQasNwY92IO', '526 Claire Flat', 90450484, 'user', 'https://s3.amazonaws.com/uifaces/faces/twitter/swooshycueb/128.jpg');

INSERT INTO person VALUES ('Myriam_Corwin82@gmail.com', 'Louisa Schuster', '$2b$10$6zqstqkVFK3sOVsYk6mwYO8tBKEAZgpZj77Q3j.MQM.iEg7VdhnnG', '256 Hickle Trail', 90976756, 'user', 'https://s3.amazonaws.com/uifaces/faces/twitter/anasnakawa/128.jpg');
INSERT INTO credit_card VALUES (6304018918165792, 'Myriam_Corwin82@gmail.com', '2024-06-08T20:56:11.449Z', 609);
INSERT INTO pet VALUES ('Noelia', 'Myriam_Corwin82@gmail.com', 'Ponie', 'Quo explicabo deleniti ex optio sint id voluptatem.', 'Accusamus ad voluptas deleniti est et voluptates minus asperiores.');
INSERT INTO part_time_ct VALUES ('Myriam_Corwin82@gmail.com');
INSERT INTO pt_free_schedule VALUES ('Myriam_Corwin82@gmail.com', '2020-11-05T05:17:36.319Z', '2021-08-20T18:49:56.735Z');
INSERT INTO pt_specializes_in VALUES ('Myriam_Corwin82@gmail.com', 'Gerbil', 9);

INSERT INTO person VALUES ('Zola.Gusikowski14@hotmail.com', 'Nolan Rosenbaum', '$2b$10$6zqstqkVFK3sOVsYk6mwYOHwNWiuWDjzr5pHQLBhEsMLqoSHK.g1q', '30929 Turcotte Landing', 90396012, 'user', 'https://s3.amazonaws.com/uifaces/faces/twitter/sachacorazzi/128.jpg');
INSERT INTO full_time_ct VALUES ('Zola.Gusikowski14@hotmail.com');

INSERT INTO person VALUES ('Trycia20@hotmail.com', 'Rodrigo White', '$2b$10$6zqstqkVFK3sOVsYk6mwYOy2V5W.bWramWU/I7wfxik.Xy9A/GhJS', '8032 Hayes Isle', 90629181, 'user', 'https://s3.amazonaws.com/uifaces/faces/twitter/haligaliharun/128.jpg');

INSERT INTO person VALUES ('Genevieve.Kihn39@yahoo.com', 'Jamaal OConner', '$2b$10$6zqstqkVFK3sOVsYk6mwYO3KM7joZSCgrwWtXlfwazv8u4.d/K7Yq', '0740 Mathilde Burg', 90743706, 'user', 'https://s3.amazonaws.com/uifaces/faces/twitter/dgajjar/128.jpg');

INSERT INTO person VALUES ('Barney_Block53@hotmail.com', 'Kira Ruecker', '$2b$10$6zqstqkVFK3sOVsYk6mwYO6n.E/RE6WrnxjvW3raVbb9qPBWj9Gre', '14876 Parker Union', 90316976, 'user', 'https://s3.amazonaws.com/uifaces/faces/twitter/carlosgavina/128.jpg');
INSERT INTO full_time_ct VALUES ('Barney_Block53@hotmail.com');

INSERT INTO person VALUES ('Ibrahim.Kihn@yahoo.com', 'Maribel Runte', '$2b$10$6zqstqkVFK3sOVsYk6mwYOAk/d/3/iN/A9OcaVejbixZcD359wDou', '50737 Koepp Drive', 90539595, 'user', 'https://s3.amazonaws.com/uifaces/faces/twitter/angelcreative/128.jpg');
INSERT INTO credit_card VALUES (6759266857630373, 'Ibrahim.Kihn@yahoo.com', '2021-07-20T04:58:53.420Z', 491);
INSERT INTO pet VALUES ('Savion', 'Ibrahim.Kihn@yahoo.com', 'Lizard', 'Veniam sit saepe ipsa omnis quia asperiores.', 'Praesentium vel quia.');
INSERT INTO pet VALUES ('Saul', 'Ibrahim.Kihn@yahoo.com', 'Bird', 'Quidem unde aspernatur eum incidunt aut corporis at aut accusantium.', 'Tenetur maxime quos.');
INSERT INTO full_time_ct VALUES ('Ibrahim.Kihn@yahoo.com');

INSERT INTO person VALUES ('Dwight54@hotmail.com', 'Ned Jacobs', '$2b$10$6zqstqkVFK3sOVsYk6mwYOCdG0KOEVQ9Tzs4AXaArVMwkld2UixkG', '824 Salvatore Groves', 90411756, 'user', 'https://s3.amazonaws.com/uifaces/faces/twitter/joaoedumedeiros/128.jpg');
INSERT INTO part_time_ct VALUES ('Dwight54@hotmail.com');
INSERT INTO pt_free_schedule VALUES ('Dwight54@hotmail.com', '2020-11-05T10:56:36.979Z', '2020-12-11T04:27:36.422Z');
INSERT INTO pt_specializes_in VALUES ('Dwight54@hotmail.com', 'Gecko', 3);

INSERT INTO person VALUES ('Rolando_Braun@yahoo.com', 'Austen Daniel', '$2b$10$6zqstqkVFK3sOVsYk6mwYOwptnjCaYbDjVFU35rGjRmZdIoRHCfWC', '2624 Golda Manors', 90230460, 'user', 'https://s3.amazonaws.com/uifaces/faces/twitter/jonkspr/128.jpg');

INSERT INTO person VALUES ('Marcelo_Sipes@gmail.com', 'Leilani Bergstrom', '$2b$10$6zqstqkVFK3sOVsYk6mwYOk1zd4NHEngV/h45uaxuB.lw34nYHaaC', '69997 Marty Creek', 90621739, 'user', 'https://s3.amazonaws.com/uifaces/faces/twitter/theonlyzeke/128.jpg');
INSERT INTO credit_card VALUES (5426454496819053, 'Marcelo_Sipes@gmail.com', '2020-12-30T11:07:57.220Z', 286);
INSERT INTO pet VALUES ('Aidan', 'Marcelo_Sipes@gmail.com', 'Dog', 'Distinctio aliquid adipisci quas nisi odio qui vitae voluptates.', 'Voluptatem culpa rerum ad eveniet et aut.');
INSERT INTO pet VALUES ('Kamren', 'Marcelo_Sipes@gmail.com', 'Peafowl', 'Quod in delectus ea.', 'Ab quia est cumque explicabo neque corrupti aut rem.');
INSERT INTO pet VALUES ('Dax', 'Marcelo_Sipes@gmail.com', 'Llama', 'Et fugit voluptatem cum doloremque.', 'Est sunt iusto.');
INSERT INTO full_time_ct VALUES ('Marcelo_Sipes@gmail.com');

INSERT INTO person VALUES ('Adrian_Connelly8@yahoo.com', 'Monserrat Waters', '$2b$10$6zqstqkVFK3sOVsYk6mwYOZLKKW2g/D5D8x3MJTpQLgESl0DdwNYu', '97944 Randal Meadow', 90218656, 'user', 'https://s3.amazonaws.com/uifaces/faces/twitter/grrr_nl/128.jpg');
INSERT INTO full_time_ct VALUES ('Adrian_Connelly8@yahoo.com');
INSERT INTO ft_specializes_in VALUES ('Adrian_Connelly8@yahoo.com', 'Donkey', 17);

INSERT INTO person VALUES ('Luis39@gmail.com', 'Linda Shields', '$2b$10$6zqstqkVFK3sOVsYk6mwYOzftzA3.mJ1.BqjLjmH5pxZY9BVTwcvO', '6624 Purdy Gardens', 90170334, 'user', 'https://s3.amazonaws.com/uifaces/faces/twitter/bartjo/128.jpg');
INSERT INTO credit_card VALUES (6759050142302281, 'Luis39@gmail.com', '2020-11-25T11:43:34.612Z', 093);
INSERT INTO pet VALUES ('Anastasia', 'Luis39@gmail.com', 'Pigeon', 'Aut assumenda et voluptatum.', 'Excepturi sint quia dolorem dolorem optio qui laudantium ex.');
INSERT INTO pet VALUES ('Sylvan', 'Luis39@gmail.com', 'Pot Bellied Pig', 'Cum ea optio porro ut esse velit.', 'Nobis quibusdam pariatur dolor quod reiciendis eos quia.');
INSERT INTO pet VALUES ('Cornell', 'Luis39@gmail.com', 'Cat', 'Quod quam fugiat enim cupiditate consectetur similique ducimus.', 'Itaque voluptas est velit qui amet magni sed voluptatibus et.');
INSERT INTO full_time_ct VALUES ('Luis39@gmail.com');

INSERT INTO person VALUES ('Clotilde_Schmitt31@yahoo.com', 'Wilma Krajcik', '$2b$10$6zqstqkVFK3sOVsYk6mwYORND57omaLzNPdmvpFolywgmNPRyzVqe', '08599 Wisozk Ford', 90129256, 'user', 'https://s3.amazonaws.com/uifaces/faces/twitter/franciscoamk/128.jpg');
INSERT INTO credit_card VALUES (6759993313848348, 'Clotilde_Schmitt31@yahoo.com', '2021-08-15T08:12:19.056Z', 885);
INSERT INTO pet VALUES ('Andy', 'Clotilde_Schmitt31@yahoo.com', 'Bird', 'Ut quia ratione.', 'Dolore ad repellat rem nihil corporis at inventore ex dolorem.');
INSERT INTO pet VALUES ('Mathilde', 'Clotilde_Schmitt31@yahoo.com', 'Chinchilla', 'Sit rerum et.', 'Alias ut itaque.');
INSERT INTO pet VALUES ('Demarco', 'Clotilde_Schmitt31@yahoo.com', 'Rabbit', 'Odit tenetur rerum praesentium dolores at.', 'Illo voluptatum iure aut natus.');
INSERT INTO part_time_ct VALUES ('Clotilde_Schmitt31@yahoo.com');
INSERT INTO pt_free_schedule VALUES ('Clotilde_Schmitt31@yahoo.com', '2020-11-05T13:00:23.121Z', '2021-04-24T10:58:45.337Z');
INSERT INTO pt_specializes_in VALUES ('Clotilde_Schmitt31@yahoo.com', 'Chinese Water Dragon', 10);
INSERT INTO pt_specializes_in VALUES ('Clotilde_Schmitt31@yahoo.com', 'Gerbil', 6);
INSERT INTO pt_specializes_in VALUES ('Clotilde_Schmitt31@yahoo.com', 'Iguana', 3);

INSERT INTO person VALUES ('Shana_Harber@hotmail.com', 'Albert Cruickshank', '$2b$10$6zqstqkVFK3sOVsYk6mwYOlhbqHWS0YHEILDI4Zr87AH4ZhccYy5W', '145 Larkin Curve', 90477941, 'user', 'https://s3.amazonaws.com/uifaces/faces/twitter/mrjamesnoble/128.jpg');
INSERT INTO credit_card VALUES (6771177279192761, 'Shana_Harber@hotmail.com', '2021-08-31T08:55:34.047Z', 952);
INSERT INTO full_time_ct VALUES ('Shana_Harber@hotmail.com');
INSERT INTO ft_specializes_in VALUES ('Shana_Harber@hotmail.com', 'Guinea Pig', 18);
INSERT INTO ft_specializes_in VALUES ('Shana_Harber@hotmail.com', 'Hog', 4);

INSERT INTO person VALUES ('Dallas_Halvorson23@hotmail.com', 'Oren Ferry', '$2b$10$6zqstqkVFK3sOVsYk6mwYOjYSF2uYZOtYJa/MpbaR/HMwoZOFLtli', '842 Roman Pass', 90728575, 'user', 'https://s3.amazonaws.com/uifaces/faces/twitter/thaodang17/128.jpg');
INSERT INTO part_time_ct VALUES ('Dallas_Halvorson23@hotmail.com');
INSERT INTO pt_free_schedule VALUES ('Dallas_Halvorson23@hotmail.com', '2020-11-05T08:55:41.830Z', '2021-04-09T07:42:43.475Z');

INSERT INTO person VALUES ('Bettye11@gmail.com', 'Faye Bartell', '$2b$10$6zqstqkVFK3sOVsYk6mwYOZMhmeuSdRTu5XvbfPu8BEJt5A9DtdwK', '98651 Beahan Cliff', 90619189, 'user', 'https://s3.amazonaws.com/uifaces/faces/twitter/bboy1895/128.jpg');
INSERT INTO credit_card VALUES (5893630702651968, 'Bettye11@gmail.com', '2021-02-24T15:28:55.493Z', 317);
INSERT INTO pet VALUES ('Tessie', 'Bettye11@gmail.com', 'Donkey', 'Est necessitatibus voluptas optio eveniet minus nulla.', 'Facere iure ipsa excepturi consequatur aut voluptates.');
INSERT INTO pet VALUES ('Elmo', 'Bettye11@gmail.com', 'Guinea Pig', 'Accusamus molestias atque a optio est aut non dicta aut.', 'Et rem a atque inventore numquam consequatur voluptatibus nemo.');
INSERT INTO full_time_ct VALUES ('Bettye11@gmail.com');
INSERT INTO ft_specializes_in VALUES ('Bettye11@gmail.com', 'Burro', 10);
INSERT INTO ft_specializes_in VALUES ('Bettye11@gmail.com', 'Peafowl', 6);
INSERT INTO ft_specializes_in VALUES ('Bettye11@gmail.com', 'Rabbit', 10);

INSERT INTO person VALUES ('Hilma37@gmail.com', 'Melody Ryan', '$2b$10$6zqstqkVFK3sOVsYk6mwYO2vkDcGgoxGlLZyWC9rEmFdZ4SnHAdNy', '8049 Okuneva Viaduct', 90489371, 'user', 'https://s3.amazonaws.com/uifaces/faces/twitter/cemshid/128.jpg');

INSERT INTO person VALUES ('Berta81@gmail.com', 'Elenora Anderson', '$2b$10$6zqstqkVFK3sOVsYk6mwYOgyuKgdzmtsd/cmIhKhz6fE5YL5Be0.W', '008 Upton Passage', 90019700, 'user', 'https://s3.amazonaws.com/uifaces/faces/twitter/joemdesign/128.jpg');
INSERT INTO credit_card VALUES (6011627718207052, 'Berta81@gmail.com', '2021-01-07T07:38:16.031Z', 264);
INSERT INTO pet VALUES ('Lon', 'Berta81@gmail.com', 'Hedgehog', 'Dolor consequatur officia accusantium et nihil id aut enim.', 'Doloribus ipsum dolores et eveniet et quo quas voluptatem minus.');
INSERT INTO pet VALUES ('Maxine', 'Berta81@gmail.com', 'Chameleons (Veiled)', 'Deleniti voluptatem deleniti voluptas.', 'Qui facilis omnis et excepturi autem et.');
INSERT INTO pet VALUES ('Delaney', 'Berta81@gmail.com', 'Mice', 'Et perspiciatis fugit sed sint.', 'Sapiente suscipit molestiae ullam eveniet numquam adipisci voluptatibus perferendis.');

INSERT INTO person VALUES ('Lorenza_Davis@gmail.com', 'Lura Miller', '$2b$10$6zqstqkVFK3sOVsYk6mwYOTQiChJZ1d8n6Emsa6dPJPxoCYE50MUe', '3377 Celestine Way', 90807108, 'user', 'https://s3.amazonaws.com/uifaces/faces/twitter/iamgarth/128.jpg');
INSERT INTO part_time_ct VALUES ('Lorenza_Davis@gmail.com');
INSERT INTO pt_free_schedule VALUES ('Lorenza_Davis@gmail.com', '2020-11-05T11:28:13.224Z', '2020-12-25T14:52:23.842Z');
INSERT INTO pt_specializes_in VALUES ('Lorenza_Davis@gmail.com', 'Chinchilla', 12);

INSERT INTO person VALUES ('Corrine_Sanford@hotmail.com', 'Alexis Schmitt', '$2b$10$6zqstqkVFK3sOVsYk6mwYOCUQSj9GFHGCpy48czVefZxrGy8naybu', '102 Charity Harbors', 90298278, 'user', 'https://s3.amazonaws.com/uifaces/faces/twitter/dc_user/128.jpg');
INSERT INTO credit_card VALUES (4091764695934755, 'Corrine_Sanford@hotmail.com', '2021-05-01T17:31:39.003Z', 129);
INSERT INTO part_time_ct VALUES ('Corrine_Sanford@hotmail.com');
INSERT INTO pt_free_schedule VALUES ('Corrine_Sanford@hotmail.com', '2020-11-04T15:34:26.244Z', '2021-08-06T22:13:45.549Z');
INSERT INTO pt_specializes_in VALUES ('Corrine_Sanford@hotmail.com', 'Bearded Dragon', 14);
INSERT INTO pt_specializes_in VALUES ('Corrine_Sanford@hotmail.com', 'Burro', 20);

INSERT INTO person VALUES ('Therese89@gmail.com', 'Albertha Carroll', '$2b$10$6zqstqkVFK3sOVsYk6mwYO2eWOlkIs1Duh1aXkqR6lvZ3lbdKjCJW', '44482 Anjali Key', 90695361, 'user', 'https://s3.amazonaws.com/uifaces/faces/twitter/salvafc/128.jpg');
INSERT INTO credit_card VALUES (6767675890924680, 'Therese89@gmail.com', '2021-07-20T06:45:57.877Z', 632);
INSERT INTO pet VALUES ('Kaleb', 'Therese89@gmail.com', 'Chameleons (Veiled)', 'Rerum culpa excepturi qui sunt in alias suscipit aut ipsum.', 'Autem totam enim.');
INSERT INTO pet VALUES ('Kaia', 'Therese89@gmail.com', 'Cat', 'Est corrupti hic odit deserunt maiores cumque aspernatur est.', 'Enim perspiciatis eum ut qui et iure.');

INSERT INTO person VALUES ('Romaine_Cummerata@yahoo.com', 'Tina Berge', '$2b$10$6zqstqkVFK3sOVsYk6mwYOkhV5z4unvjx06hWTAIl1GgpCoeirtem', '47143 Arnoldo Springs', 90569839, 'user', 'https://s3.amazonaws.com/uifaces/faces/twitter/joshuasortino/128.jpg');
INSERT INTO credit_card VALUES (3529773526821489, 'Romaine_Cummerata@yahoo.com', '2021-01-29T09:34:31.021Z', 512);
INSERT INTO pet VALUES ('Rachel', 'Romaine_Cummerata@yahoo.com', 'Rabbit', 'Unde ratione praesentium.', 'Aut ipsum totam sit odio impedit consequatur est.');
INSERT INTO pet VALUES ('Dayna', 'Romaine_Cummerata@yahoo.com', 'Dog', 'Architecto maiores nobis enim est.', 'Vero explicabo ratione reprehenderit nemo ex.');

INSERT INTO person VALUES ('Sedrick_Lang@yahoo.com', 'Vincenza Koelpin', '$2b$10$6zqstqkVFK3sOVsYk6mwYOBwteqtgK/d//ihYpUJv8VkpWzwmuGB6', '8888 Brekke Forge', 90648369, 'user', 'https://s3.amazonaws.com/uifaces/faces/twitter/imammuht/128.jpg');
INSERT INTO credit_card VALUES (6517628970025803, 'Sedrick_Lang@yahoo.com', '2022-09-01T11:25:20.016Z', 963);
INSERT INTO pet VALUES ('Raphael', 'Sedrick_Lang@yahoo.com', 'Cat', 'Quia natus voluptate quis tempora possimus soluta.', 'Et officiis necessitatibus.');

INSERT INTO person VALUES ('Ricardo14@yahoo.com', 'Geraldine Moen', '$2b$10$6zqstqkVFK3sOVsYk6mwYOXj6pAiuZ9dIg5csXwSc1ok7E7REIlgW', '8391 Fanny Grove', 90729815, 'user', 'https://s3.amazonaws.com/uifaces/faces/twitter/shalt0ni/128.jpg');
INSERT INTO part_time_ct VALUES ('Ricardo14@yahoo.com');
INSERT INTO pt_free_schedule VALUES ('Ricardo14@yahoo.com', '2020-11-05T07:47:34.491Z', '2021-02-05T01:59:21.976Z');
INSERT INTO pt_specializes_in VALUES ('Ricardo14@yahoo.com', 'Dog', 1);
INSERT INTO pt_specializes_in VALUES ('Ricardo14@yahoo.com', 'Hamster', 19);
INSERT INTO pt_specializes_in VALUES ('Ricardo14@yahoo.com', 'Llama', 11);

INSERT INTO person VALUES ('Angelica33@hotmail.com', 'Lyric Beatty', '$2b$10$6zqstqkVFK3sOVsYk6mwYO5vF0qf9ZMfke2v.ot0R6BGEG5nEApVa', '637 Kristoffer Trace', 90308613, 'user', 'https://s3.amazonaws.com/uifaces/faces/twitter/plasticine/128.jpg');

INSERT INTO person VALUES ('Dandre_Jones23@hotmail.com', 'Ronny Ryan', '$2b$10$6zqstqkVFK3sOVsYk6mwYOa.0yViw0BR7QksBVSfPu1nRpa3tajLq', '2399 Ernser Path', 90954358, 'user', 'https://s3.amazonaws.com/uifaces/faces/twitter/benefritz/128.jpg');
INSERT INTO credit_card VALUES (3540871663145550, 'Dandre_Jones23@hotmail.com', '2022-01-02T18:21:04.436Z', 576);
INSERT INTO pet VALUES ('Leonel', 'Dandre_Jones23@hotmail.com', 'Goat', 'Voluptas illo tenetur qui placeat architecto voluptatem quasi error ipsa.', 'Delectus qui expedita accusantium doloribus qui.');
INSERT INTO pet VALUES ('Murphy', 'Dandre_Jones23@hotmail.com', 'Hamster', 'Quia iusto ea.', 'Voluptas nulla qui sint doloribus dignissimos asperiores laudantium debitis.');
INSERT INTO full_time_ct VALUES ('Dandre_Jones23@hotmail.com');

INSERT INTO person VALUES ('Juwan_Simonis@yahoo.com', 'Isabel Greenholt', '$2b$10$6zqstqkVFK3sOVsYk6mwYOIDf2vFnajVHWrC32LDXyjbs.us1uqKe', '2658 Kemmer Mission', 90974801, 'user', 'https://s3.amazonaws.com/uifaces/faces/twitter/kevinoh/128.jpg');

INSERT INTO person VALUES ('Art.McDermott@yahoo.com', 'Santina Bogan', '$2b$10$6zqstqkVFK3sOVsYk6mwYO0HOuZ1TdPFwNH73WyvL8.boXbM4tEti', '99244 Brown Corner', 90766325, 'user', 'https://s3.amazonaws.com/uifaces/faces/twitter/hermanobrother/128.jpg');
INSERT INTO part_time_ct VALUES ('Art.McDermott@yahoo.com');
INSERT INTO pt_free_schedule VALUES ('Art.McDermott@yahoo.com', '2020-11-05T12:03:10.838Z', '2021-02-07T17:09:02.787Z');
INSERT INTO pt_specializes_in VALUES ('Art.McDermott@yahoo.com', 'Cow', 8);
INSERT INTO pt_specializes_in VALUES ('Art.McDermott@yahoo.com', 'Ferret', 3);

INSERT INTO person VALUES ('Ibrahim.Hilll@hotmail.com', 'Dewayne Schmidt', '$2b$10$6zqstqkVFK3sOVsYk6mwYOnWyInrHiwcB2EO7sS/y.w7DWX3NmG4.', '848 Ayla Motorway', 90428123, 'user', 'https://s3.amazonaws.com/uifaces/faces/twitter/cynthiasavard/128.jpg');
INSERT INTO part_time_ct VALUES ('Ibrahim.Hilll@hotmail.com');
INSERT INTO pt_free_schedule VALUES ('Ibrahim.Hilll@hotmail.com', '2020-11-05T00:24:06.305Z', '2020-11-19T00:35:44.322Z');
INSERT INTO pt_specializes_in VALUES ('Ibrahim.Hilll@hotmail.com', 'Ferret', 13);
INSERT INTO pt_specializes_in VALUES ('Ibrahim.Hilll@hotmail.com', 'Hedgehog', 11);
INSERT INTO pt_specializes_in VALUES ('Ibrahim.Hilll@hotmail.com', 'Mice', 19);

INSERT INTO person VALUES ('Esmeralda.Jakubowski@yahoo.com', 'Diamond Sipes', '$2b$10$6zqstqkVFK3sOVsYk6mwYOV01.ujyRDX6v3zaG/eifUTTbTtJIvlm', '178 West Parkway', 90743759, 'user', 'https://s3.amazonaws.com/uifaces/faces/twitter/baliomega/128.jpg');
INSERT INTO credit_card VALUES (6767702586203262, 'Esmeralda.Jakubowski@yahoo.com', '2021-06-07T14:56:13.048Z', 443);
INSERT INTO full_time_ct VALUES ('Esmeralda.Jakubowski@yahoo.com');
INSERT INTO ft_specializes_in VALUES ('Esmeralda.Jakubowski@yahoo.com', 'Mice', 3);
INSERT INTO ft_specializes_in VALUES ('Esmeralda.Jakubowski@yahoo.com', 'Hog', 6);

INSERT INTO person VALUES ('Amani_Koepp47@gmail.com', 'Braeden Monahan', '$2b$10$6zqstqkVFK3sOVsYk6mwYOhydWhceCHNtaHdpyYYU7LKdOkpiUEv2', '93587 Josiane Flats', 90267319, 'user', 'https://s3.amazonaws.com/uifaces/faces/twitter/ajaxy_ru/128.jpg');
INSERT INTO credit_card VALUES (3529114667752070, 'Amani_Koepp47@gmail.com', '2025-01-16T11:49:23.775Z', 181);
INSERT INTO pet VALUES ('Alvina', 'Amani_Koepp47@gmail.com', 'Dog', 'Ut aut et atque quas cupiditate placeat itaque repellat molestias.', 'Voluptatem quisquam laudantium odit rerum provident eveniet odit labore.');
INSERT INTO pet VALUES ('Aric', 'Amani_Koepp47@gmail.com', 'Duck', 'Fugiat eos repellendus debitis saepe.', 'Eum dolor architecto ea aut repudiandae autem et impedit.');

INSERT INTO person VALUES ('Shyanne57@yahoo.com', 'Rossie Kshlerin', '$2b$10$6zqstqkVFK3sOVsYk6mwYO2FkU.dCmirC7SSWcg3pA/dq2C5N49Li', '95946 Hintz Squares', 90998573, 'user', 'https://s3.amazonaws.com/uifaces/faces/twitter/aleinadsays/128.jpg');
INSERT INTO part_time_ct VALUES ('Shyanne57@yahoo.com');
INSERT INTO pt_free_schedule VALUES ('Shyanne57@yahoo.com', '2020-11-05T09:09:01.656Z', '2021-07-06T02:51:08.077Z');

INSERT INTO person VALUES ('Laisha_Barton14@yahoo.com', 'Afton Okuneva', '$2b$10$6zqstqkVFK3sOVsYk6mwYOxqtC3bFjYlAB2etI96FtiJ3yD5Fhnqy', '83564 Burdette Parks', 90451267, 'user', 'https://s3.amazonaws.com/uifaces/faces/twitter/themrdave/128.jpg');

INSERT INTO person VALUES ('Nia.Zemlak27@hotmail.com', 'Izabella Graham', '$2b$10$6zqstqkVFK3sOVsYk6mwYOyQ5iPzTvsnwYLSPBVwFkOCAsW7qKvgm', '8402 Adriana Road', 90433989, 'user', 'https://s3.amazonaws.com/uifaces/faces/twitter/betraydan/128.jpg');

INSERT INTO person VALUES ('Alana.Wolf56@gmail.com', 'Isabel Schiller', '$2b$10$6zqstqkVFK3sOVsYk6mwYOTfAPex9L1v63nxcU1J0THU0jvV3ftwe', '13921 Erdman Trace', 90569626, 'user', 'https://s3.amazonaws.com/uifaces/faces/twitter/vocino/128.jpg');
INSERT INTO credit_card VALUES (6767296141385338, 'Alana.Wolf56@gmail.com', '2021-09-12T14:06:56.898Z', 443);
INSERT INTO pet VALUES ('Keshawn', 'Alana.Wolf56@gmail.com', 'Hedgehog', 'Eos autem consequatur quisquam nihil sed autem aut quia non.', 'Quisquam unde vel.');
INSERT INTO pet VALUES ('Wilbert', 'Alana.Wolf56@gmail.com', 'Rabbit', 'A consequatur sunt rerum magnam et in sunt nihil molestiae.', 'Perspiciatis eligendi repellat ut nostrum ipsum perferendis alias repudiandae sit.');
INSERT INTO part_time_ct VALUES ('Alana.Wolf56@gmail.com');
INSERT INTO pt_free_schedule VALUES ('Alana.Wolf56@gmail.com', '2020-11-04T19:47:43.231Z', '2021-06-07T02:28:25.547Z');
INSERT INTO pt_specializes_in VALUES ('Alana.Wolf56@gmail.com', 'Gecko', 7);

INSERT INTO person VALUES ('Veda50@hotmail.com', 'Don Olson', '$2b$10$6zqstqkVFK3sOVsYk6mwYOkOYY7S3G8eRSzu08ZHvhokuCSOXbvaO', '8947 McDermott Stream', 90048822, 'user', 'https://s3.amazonaws.com/uifaces/faces/twitter/drewbyreese/128.jpg');

INSERT INTO person VALUES ('Ambrose_Larson37@hotmail.com', 'Jana Boyer', '$2b$10$6zqstqkVFK3sOVsYk6mwYOWQqbtrDFfmfcf.WDEbOEkvwRVgXgOCC', '39870 Prohaska Unions', 90571702, 'user', 'https://s3.amazonaws.com/uifaces/faces/twitter/panchajanyag/128.jpg');
INSERT INTO credit_card VALUES (6759205462677426, 'Ambrose_Larson37@hotmail.com', '2021-01-06T13:03:39.792Z', 028);
INSERT INTO full_time_ct VALUES ('Ambrose_Larson37@hotmail.com');
INSERT INTO ft_specializes_in VALUES ('Ambrose_Larson37@hotmail.com', 'Bearded Dragon', 13);
INSERT INTO ft_specializes_in VALUES ('Ambrose_Larson37@hotmail.com', 'Goat', 13);
INSERT INTO ft_specializes_in VALUES ('Ambrose_Larson37@hotmail.com', 'Ponie', 15);

INSERT INTO person VALUES ('Coralie_Herman76@gmail.com', 'Manuel Langosh', '$2b$10$6zqstqkVFK3sOVsYk6mwYOrlyxsds0wnxV7IlDGCzcNmRuO.RrDCG', '482 McLaughlin Fork', 90671720, 'user', 'https://s3.amazonaws.com/uifaces/faces/twitter/madewulf/128.jpg');
INSERT INTO full_time_ct VALUES ('Coralie_Herman76@gmail.com');
INSERT INTO ft_specializes_in VALUES ('Coralie_Herman76@gmail.com', 'Cat', 1);
INSERT INTO ft_specializes_in VALUES ('Coralie_Herman76@gmail.com', 'Guinea Pig', 6);
INSERT INTO ft_specializes_in VALUES ('Coralie_Herman76@gmail.com', 'Ponie', 9);

INSERT INTO person VALUES ('Laverna0@yahoo.com', 'Isac Swift', '$2b$10$6zqstqkVFK3sOVsYk6mwYOs5P1E4OoCRWkx1Og5hzWKRZnrsToG9G', '22674 Oren Fields', 90811401, 'user', 'https://s3.amazonaws.com/uifaces/faces/twitter/vivekprvr/128.jpg');
INSERT INTO credit_card VALUES (6450029044677792, 'Laverna0@yahoo.com', '2022-10-03T09:13:42.386Z', 405);
INSERT INTO pet VALUES ('Erin', 'Laverna0@yahoo.com', 'Ponie', 'Asperiores aperiam provident sint sapiente.', 'Reprehenderit qui tenetur.');

INSERT INTO person VALUES ('Diamond85@yahoo.com', 'Kevin Spencer', '$2b$10$6zqstqkVFK3sOVsYk6mwYOLQF3T3aoLAG5FNYlwdk6r48CfUt5GZ.', '74149 Orn Centers', 90578110, 'user', 'https://s3.amazonaws.com/uifaces/faces/twitter/clubb3rry/128.jpg');
INSERT INTO credit_card VALUES (5541400786791454, 'Diamond85@yahoo.com', '2023-09-20T03:40:53.722Z', 154);

INSERT INTO person VALUES ('Adrianna.Jacobi12@hotmail.com', 'Elaina Wilderman', '$2b$10$6zqstqkVFK3sOVsYk6mwYOaysONIHOB8S00JRcefwbAEBKudg9FIK', '0787 Predovic Groves', 90298779, 'user', 'https://s3.amazonaws.com/uifaces/faces/twitter/_kkga/128.jpg');
INSERT INTO part_time_ct VALUES ('Adrianna.Jacobi12@hotmail.com');
INSERT INTO pt_free_schedule VALUES ('Adrianna.Jacobi12@hotmail.com', '2020-11-04T19:01:51.093Z', '2021-08-19T06:17:37.556Z');
INSERT INTO pt_specializes_in VALUES ('Adrianna.Jacobi12@hotmail.com', 'Burro', 1);
INSERT INTO pt_specializes_in VALUES ('Adrianna.Jacobi12@hotmail.com', 'Lizard', 1);

INSERT INTO person VALUES ('Verona7@hotmail.com', 'Danial Bartoletti', '$2b$10$6zqstqkVFK3sOVsYk6mwYOJPMwJkida8xjDYwgndo3D3Ez60V6FdS', '44191 Giuseppe Roads', 90273165, 'user', 'https://s3.amazonaws.com/uifaces/faces/twitter/mr_subtle/128.jpg');

INSERT INTO person VALUES ('Hans73@gmail.com', 'Kacie Gibson', '$2b$10$6zqstqkVFK3sOVsYk6mwYObKoFVEN0CMs2IZKuLLrQNfWHXqk47Bm', '585 Damaris Plaza', 90585340, 'user', 'https://s3.amazonaws.com/uifaces/faces/twitter/_victa/128.jpg');
INSERT INTO credit_card VALUES (6706170695972310, 'Hans73@gmail.com', '2021-04-27T02:52:24.538Z', 520);
INSERT INTO pet VALUES ('Dayne', 'Hans73@gmail.com', 'Horse', 'Aspernatur laborum ea corporis ea blanditiis.', 'Dicta libero reiciendis.');

INSERT INTO person VALUES ('Eloisa_Kuhn@gmail.com', 'Quinten Walker', '$2b$10$6zqstqkVFK3sOVsYk6mwYOcqkYLpwOyBk8PNvRe5HQREgl7sLxOe.', '702 Moen Turnpike', 90789333, 'user', 'https://s3.amazonaws.com/uifaces/faces/twitter/ashocka18/128.jpg');
INSERT INTO credit_card VALUES (36653318402571, 'Eloisa_Kuhn@gmail.com', '2025-01-22T11:57:57.633Z', 040);
INSERT INTO pet VALUES ('Alexys', 'Eloisa_Kuhn@gmail.com', 'Lizard', 'Nulla aut nihil porro totam ullam sapiente.', 'Sunt rerum et est reprehenderit libero.');
INSERT INTO pet VALUES ('Mellie', 'Eloisa_Kuhn@gmail.com', 'Hamster', 'Fugiat perferendis odit ut.', 'Laboriosam id earum et voluptate et animi aut et.');
INSERT INTO pet VALUES ('Nya', 'Eloisa_Kuhn@gmail.com', 'Dog', 'Dolores eveniet nam.', 'Omnis rerum et occaecati dolore maxime.');
INSERT INTO part_time_ct VALUES ('Eloisa_Kuhn@gmail.com');
INSERT INTO pt_free_schedule VALUES ('Eloisa_Kuhn@gmail.com', '2020-11-05T08:08:53.088Z', '2021-04-15T20:41:12.081Z');
INSERT INTO pt_specializes_in VALUES ('Eloisa_Kuhn@gmail.com', 'Chameleons (Veiled)', 5);
INSERT INTO pt_specializes_in VALUES ('Eloisa_Kuhn@gmail.com', 'Horse', 0);
INSERT INTO pt_specializes_in VALUES ('Eloisa_Kuhn@gmail.com', 'Hog', 20);

INSERT INTO person VALUES ('Gabe.Daugherty22@yahoo.com', 'Shanna Schulist', '$2b$10$6zqstqkVFK3sOVsYk6mwYOyrr4qOePAJ.W4EcZoX7VGxWg84cWSpa', '15590 Okuneva Villages', 90307275, 'user', 'https://s3.amazonaws.com/uifaces/faces/twitter/cybind/128.jpg');
INSERT INTO credit_card VALUES (6761552858936070, 'Gabe.Daugherty22@yahoo.com', '2024-10-26T06:53:15.017Z', 338);
INSERT INTO pet VALUES ('Hubert', 'Gabe.Daugherty22@yahoo.com', 'Pigeon', 'Itaque ipsam in delectus qui ut saepe possimus fugiat et.', 'Natus odio possimus placeat molestias et sed.');

INSERT INTO person VALUES ('Carmel.Maggio@gmail.com', 'Terrill Shanahan', '$2b$10$6zqstqkVFK3sOVsYk6mwYOfWeFGW8UOl0jHcEzjJ8hrnZTl8ldiDG', '8271 Kovacek Lodge', 90845872, 'user', 'https://s3.amazonaws.com/uifaces/faces/twitter/brenton_clarke/128.jpg');

INSERT INTO person VALUES ('Davion.Crist44@gmail.com', 'Addison Windler', '$2b$10$6zqstqkVFK3sOVsYk6mwYOj0M2Tiwazmbp.SfFenqE7wTonGvylGu', '52225 Marisa Landing', 90826007, 'user', 'https://s3.amazonaws.com/uifaces/faces/twitter/peachananr/128.jpg');
INSERT INTO full_time_ct VALUES ('Davion.Crist44@gmail.com');
INSERT INTO ft_specializes_in VALUES ('Davion.Crist44@gmail.com', 'Duck', 13);
INSERT INTO ft_specializes_in VALUES ('Davion.Crist44@gmail.com', 'Guinea Fowl', 18);

INSERT INTO person VALUES ('Brooke29@yahoo.com', 'Jacinthe Yundt', '$2b$10$6zqstqkVFK3sOVsYk6mwYOJitoTySS4wQJfBfR1DaHfEAU1A2atgO', '490 Emie Knoll', 90050462, 'user', 'https://s3.amazonaws.com/uifaces/faces/twitter/divya/128.jpg');
INSERT INTO full_time_ct VALUES ('Brooke29@yahoo.com');
INSERT INTO ft_specializes_in VALUES ('Brooke29@yahoo.com', 'Horse', 20);
INSERT INTO ft_specializes_in VALUES ('Brooke29@yahoo.com', 'Mule', 18);

INSERT INTO person VALUES ('Garnett_Weimann@hotmail.com', 'Jeromy Bechtelar', '$2b$10$6zqstqkVFK3sOVsYk6mwYOCgg.EPRLMZz7caTio3FHJPGK/Q8es66', '6812 Runolfsson Unions', 90965320, 'user', 'https://s3.amazonaws.com/uifaces/faces/twitter/desastrozo/128.jpg');

INSERT INTO person VALUES ('Angus14@gmail.com', 'Nola Murray', '$2b$10$6zqstqkVFK3sOVsYk6mwYOOw/dGGtwiozzA5KBF31cbV4bHCdjcp6', '50745 Herminia Ridges', 90467675, 'user', 'https://s3.amazonaws.com/uifaces/faces/twitter/iamkeithmason/128.jpg');

INSERT INTO person VALUES ('Frances13@hotmail.com', 'Shayne Borer', '$2b$10$6zqstqkVFK3sOVsYk6mwYOyQW84rFAtrdRbYvccxBF6NBqn1dRnPy', '4704 Domenico Port', 90412872, 'user', 'https://s3.amazonaws.com/uifaces/faces/twitter/elliotnolten/128.jpg');
INSERT INTO full_time_ct VALUES ('Frances13@hotmail.com');
INSERT INTO ft_specializes_in VALUES ('Frances13@hotmail.com', 'Geese (Chinese Swan Goose)', 14);
INSERT INTO ft_specializes_in VALUES ('Frances13@hotmail.com', 'Gerbil', 19);
INSERT INTO ft_specializes_in VALUES ('Frances13@hotmail.com', 'Rabbit', 16);

INSERT INTO person VALUES ('Elmo_Swaniawski@hotmail.com', 'Toni Bashirian', '$2b$10$6zqstqkVFK3sOVsYk6mwYOkTaTHQ8GpTXnhnovJT2CodVf.wLEgii', '963 Autumn Throughway', 90818369, 'user', 'https://s3.amazonaws.com/uifaces/faces/twitter/hsinyo23/128.jpg');
INSERT INTO credit_card VALUES (5259379700120931, 'Elmo_Swaniawski@hotmail.com', '2023-12-15T03:03:43.943Z', 842);
INSERT INTO pet VALUES ('Verona', 'Elmo_Swaniawski@hotmail.com', 'Duck', 'Et cum distinctio qui quia itaque alias.', 'Ea beatae quae omnis sed voluptatibus.');

INSERT INTO person VALUES ('Johnny_Feil45@gmail.com', 'Giovanny Wintheiser', '$2b$10$6zqstqkVFK3sOVsYk6mwYOnd90s39Jk5jmODvc/G5Q4SXeVLolZBe', '632 Bud Path', 90249847, 'user', 'https://s3.amazonaws.com/uifaces/faces/twitter/wiljanslofstra/128.jpg');

INSERT INTO person VALUES ('Willard99@gmail.com', 'Carole Ward', '$2b$10$6zqstqkVFK3sOVsYk6mwYOiDcAdVmlR/vI/W1TTpLylAIBUaYK5wq', '92455 Jacobs Turnpike', 90240428, 'user', 'https://s3.amazonaws.com/uifaces/faces/twitter/stalewine/128.jpg');

INSERT INTO person VALUES ('Kaylie_Rosenbaum@yahoo.com', 'Ahmad Yundt', '$2b$10$6zqstqkVFK3sOVsYk6mwYOz8gzuatu2xnp1b4nZUAgcAdl0EQKxFi', '2699 Robel Bridge', 90369405, 'user', 'https://s3.amazonaws.com/uifaces/faces/twitter/melvindidit/128.jpg');

INSERT INTO person VALUES ('Leonie51@hotmail.com', 'Jaeden Rempel', '$2b$10$6zqstqkVFK3sOVsYk6mwYOPBTYG2nyulPrxF57AvQWqNWtuU.QkHW', '3091 Labadie Street', 90421644, 'user', 'https://s3.amazonaws.com/uifaces/faces/twitter/jeremyworboys/128.jpg');
INSERT INTO part_time_ct VALUES ('Leonie51@hotmail.com');
INSERT INTO pt_free_schedule VALUES ('Leonie51@hotmail.com', '2020-11-05T04:54:19.790Z', '2021-02-24T17:56:52.293Z');
INSERT INTO pt_specializes_in VALUES ('Leonie51@hotmail.com', 'Gerbil', 0);
INSERT INTO pt_specializes_in VALUES ('Leonie51@hotmail.com', 'Horse', 7);

INSERT INTO person VALUES ('Heaven21@hotmail.com', 'Mikel Cummerata', '$2b$10$6zqstqkVFK3sOVsYk6mwYO7mQ9GdepSVzOZWrJH0Qe9c20.I1uJvC', '078 Quinton Fall', 90156683, 'user', 'https://s3.amazonaws.com/uifaces/faces/twitter/andresenfredrik/128.jpg');

INSERT INTO person VALUES ('Anastacio45@yahoo.com', 'Alysa Medhurst', '$2b$10$6zqstqkVFK3sOVsYk6mwYOfHH5TdpmEIVSOceYsinM3XhlNldjaeO', '406 Swift Track', 90827954, 'user', 'https://s3.amazonaws.com/uifaces/faces/twitter/victordeanda/128.jpg');

INSERT INTO person VALUES ('Jeremie_Beahan@yahoo.com', 'River Veum', '$2b$10$6zqstqkVFK3sOVsYk6mwYOsM.k8n.XwtfgvLzU7b95xbdtFxK8PnK', '11935 Chadrick Shores', 90733442, 'user', 'https://s3.amazonaws.com/uifaces/faces/twitter/arkokoley/128.jpg');
INSERT INTO part_time_ct VALUES ('Jeremie_Beahan@yahoo.com');
INSERT INTO pt_free_schedule VALUES ('Jeremie_Beahan@yahoo.com', '2020-11-04T15:33:28.944Z', '2021-09-28T11:29:30.150Z');
INSERT INTO pt_specializes_in VALUES ('Jeremie_Beahan@yahoo.com', 'Hamster', 19);
INSERT INTO pt_specializes_in VALUES ('Jeremie_Beahan@yahoo.com', 'Mule', 10);

INSERT INTO person VALUES ('Eleanore36@hotmail.com', 'Dillon Rath', '$2b$10$6zqstqkVFK3sOVsYk6mwYOQtISVaFC7rfwCe/sK620DY5.aO3Eda6', '7389 Rene Green', 90596093, 'user', 'https://s3.amazonaws.com/uifaces/faces/twitter/kolmarlopez/128.jpg');
INSERT INTO part_time_ct VALUES ('Eleanore36@hotmail.com');
INSERT INTO pt_free_schedule VALUES ('Eleanore36@hotmail.com', '2020-11-05T02:19:53.947Z', '2021-03-07T05:08:33.524Z');
INSERT INTO pt_specializes_in VALUES ('Eleanore36@hotmail.com', 'Donkey', 14);

INSERT INTO person VALUES ('Myah34@gmail.com', 'Alivia Bode', '$2b$10$6zqstqkVFK3sOVsYk6mwYOgdOY4HOUaiaAo.ca7GjSXF0CNl/BAK6', '790 Deckow Land', 90315510, 'user', 'https://s3.amazonaws.com/uifaces/faces/twitter/sgaurav_baghel/128.jpg');
INSERT INTO credit_card VALUES (6759206354289763, 'Myah34@gmail.com', '2020-12-09T09:05:59.985Z', 248);
INSERT INTO pet VALUES ('Cecilia', 'Myah34@gmail.com', 'Rabbit', 'Aspernatur iste soluta.', 'Expedita quisquam placeat similique.');
INSERT INTO pet VALUES ('Eleonore', 'Myah34@gmail.com', 'Geese (Chinese Swan Goose)', 'Ut soluta eveniet enim molestiae.', 'Cumque vitae omnis.');

INSERT INTO person VALUES ('Gunnar.Huel63@yahoo.com', 'Mozelle Jacobs', '$2b$10$6zqstqkVFK3sOVsYk6mwYOhFazWcUUevobKft/KsSUV6WHNCpwhiu', '2367 Alexys Common', 90100197, 'user', 'https://s3.amazonaws.com/uifaces/faces/twitter/GavicoInd/128.jpg');
INSERT INTO credit_card VALUES (5038564689756979, 'Gunnar.Huel63@yahoo.com', '2020-11-11T18:22:10.658Z', 143);
INSERT INTO pet VALUES ('Lindsey', 'Gunnar.Huel63@yahoo.com', 'Hamster', 'Excepturi sit quis adipisci ullam nihil.', 'Totam possimus atque ratione pariatur quia.');
INSERT INTO pet VALUES ('Petra', 'Gunnar.Huel63@yahoo.com', 'Bearded Dragon', 'Quo debitis deleniti quia.', 'Sed omnis tenetur sit ratione quis eos.');
INSERT INTO part_time_ct VALUES ('Gunnar.Huel63@yahoo.com');
INSERT INTO pt_free_schedule VALUES ('Gunnar.Huel63@yahoo.com', '2020-11-05T03:06:46.533Z', '2021-04-12T18:16:58.282Z');
INSERT INTO pt_specializes_in VALUES ('Gunnar.Huel63@yahoo.com', 'Gerbil', 11);

INSERT INTO person VALUES ('Heaven.Gorczany54@yahoo.com', 'Ricardo Donnelly', '$2b$10$6zqstqkVFK3sOVsYk6mwYO4YWNkRTUr0ptOdgMMxPTiT21Tf6R3de', '036 Lyda Village', 90863610, 'user', 'https://s3.amazonaws.com/uifaces/faces/twitter/ffbel/128.jpg');
INSERT INTO part_time_ct VALUES ('Heaven.Gorczany54@yahoo.com');
INSERT INTO pt_free_schedule VALUES ('Heaven.Gorczany54@yahoo.com', '2020-11-04T18:01:37.111Z', '2021-06-12T20:06:47.587Z');

INSERT INTO person VALUES ('Domenick.Franecki14@gmail.com', 'Wilmer Leuschke', '$2b$10$6zqstqkVFK3sOVsYk6mwYOTIdS/lKE6FRKazCVw9X6dNW9BAH3Ime', '19297 Mann Rapid', 90705152, 'user', 'https://s3.amazonaws.com/uifaces/faces/twitter/travishines/128.jpg');
INSERT INTO credit_card VALUES (6771283123649923, 'Domenick.Franecki14@gmail.com', '2021-08-11T15:29:50.288Z', 683);
INSERT INTO pet VALUES ('Keagan', 'Domenick.Franecki14@gmail.com', 'Peafowl', 'Error omnis consequatur porro rerum ut temporibus.', 'Voluptatem quam tempore quia sint incidunt nostrum nesciunt.');
INSERT INTO pet VALUES ('Elvera', 'Domenick.Franecki14@gmail.com', 'Chinese Water Dragon', 'Laborum nihil recusandae eos velit itaque vitae molestiae aspernatur.', 'Qui neque quo veniam et.');

INSERT INTO person VALUES ('Cynthia_Lakin@gmail.com', 'Bertram Ryan', '$2b$10$6zqstqkVFK3sOVsYk6mwYOSVauS.I5VYi6M2GrbJwm6XJXh8JJ.3m', '1484 Cruickshank Roads', 90211924, 'user', 'https://s3.amazonaws.com/uifaces/faces/twitter/mekal/128.jpg');
INSERT INTO part_time_ct VALUES ('Cynthia_Lakin@gmail.com');
INSERT INTO pt_free_schedule VALUES ('Cynthia_Lakin@gmail.com', '2020-11-05T07:42:21.909Z', '2021-07-04T05:32:42.596Z');
INSERT INTO pt_specializes_in VALUES ('Cynthia_Lakin@gmail.com', 'Gerbil', 11);

INSERT INTO person VALUES ('Norval50@yahoo.com', 'Jeff Hessel', '$2b$10$6zqstqkVFK3sOVsYk6mwYOyjNyLnsNe1oEfZzY7lI3W.zEEDABSXy', '3491 Bryon Mall', 90389087, 'user', 'https://s3.amazonaws.com/uifaces/faces/twitter/a_harris88/128.jpg');
INSERT INTO full_time_ct VALUES ('Norval50@yahoo.com');
INSERT INTO ft_specializes_in VALUES ('Norval50@yahoo.com', 'Chicken', 16);
INSERT INTO ft_specializes_in VALUES ('Norval50@yahoo.com', 'Mice', 1);
INSERT INTO ft_specializes_in VALUES ('Norval50@yahoo.com', 'Mule', 18);

INSERT INTO person VALUES ('Ona.Murphy24@yahoo.com', 'Carley DAmore', '$2b$10$6zqstqkVFK3sOVsYk6mwYO/k42DD8Z1/1Xna/XXvJo8E.jMXLhUJS', '5776 Sauer Pike', 90635331, 'user', 'https://s3.amazonaws.com/uifaces/faces/twitter/n3dmax/128.jpg');
INSERT INTO full_time_ct VALUES ('Ona.Murphy24@yahoo.com');
INSERT INTO ft_specializes_in VALUES ('Ona.Murphy24@yahoo.com', 'Fish', 4);
INSERT INTO ft_specializes_in VALUES ('Ona.Murphy24@yahoo.com', 'Gecko', 14);
INSERT INTO ft_specializes_in VALUES ('Ona.Murphy24@yahoo.com', 'Guinea Fowl', 11);

INSERT INTO person VALUES ('Karl.Thompson60@hotmail.com', 'Etha Daugherty', '$2b$10$6zqstqkVFK3sOVsYk6mwYOysfMauBAs2PooucFevg8EgIhuHq9Dku', '34523 Maximus Falls', 90085645, 'user', 'https://s3.amazonaws.com/uifaces/faces/twitter/alterchuca/128.jpg');
INSERT INTO credit_card VALUES (3528952381980492, 'Karl.Thompson60@hotmail.com', '2022-07-22T06:11:57.553Z', 471);
INSERT INTO pet VALUES ('Stone', 'Karl.Thompson60@hotmail.com', 'Guinea Pig', 'Qui commodi non voluptatum ut molestiae neque sed suscipit in.', 'Ut ipsam perspiciatis ipsam.');

INSERT INTO person VALUES ('Rhiannon47@hotmail.com', 'Magnolia Hegmann', '$2b$10$6zqstqkVFK3sOVsYk6mwYOUhGQSvxJ7g0y6gNpdHQTfXOEurCXL0S', '695 Oral Villages', 90665791, 'user', 'https://s3.amazonaws.com/uifaces/faces/twitter/rweve/128.jpg');
INSERT INTO part_time_ct VALUES ('Rhiannon47@hotmail.com');
INSERT INTO pt_free_schedule VALUES ('Rhiannon47@hotmail.com', '2020-11-05T09:49:50.549Z', '2021-06-13T02:38:29.540Z');
INSERT INTO pt_specializes_in VALUES ('Rhiannon47@hotmail.com', 'Lizard', 5);

INSERT INTO person VALUES ('Litzy.Hintz38@yahoo.com', 'Jordane Rippin', '$2b$10$6zqstqkVFK3sOVsYk6mwYOZgkGeatzfO1eYS2DD336hhoeEPNmN6.', '321 Darion Hollow', 90413760, 'user', 'https://s3.amazonaws.com/uifaces/faces/twitter/xilantra/128.jpg');
INSERT INTO credit_card VALUES (6759552805980505, 'Litzy.Hintz38@yahoo.com', '2022-12-30T09:37:50.424Z', 159);
INSERT INTO pet VALUES ('Cornelius', 'Litzy.Hintz38@yahoo.com', 'Geese (Chinese Swan Goose)', 'Voluptatem adipisci quibusdam.', 'Maxime cum vitae hic illum libero et quis sed.');
INSERT INTO pet VALUES ('Sierra', 'Litzy.Hintz38@yahoo.com', 'Bearded Dragon', 'Natus voluptas eum vel quaerat voluptatibus quia aut impedit.', 'Rerum nostrum rerum assumenda nemo omnis molestiae.');
INSERT INTO pet VALUES ('Xavier', 'Litzy.Hintz38@yahoo.com', 'Geese (Chinese Swan Goose)', 'Qui omnis nemo est sunt qui.', 'Error voluptates accusamus quibusdam dolorum tempore.');

INSERT INTO person VALUES ('Casey_Connelly92@hotmail.com', 'Aubree Glover', '$2b$10$6zqstqkVFK3sOVsYk6mwYOyJI1ug3jZIYMkvFVROkyFNtJrDz7kYK', '1589 OConner Fort', 90613601, 'user', 'https://s3.amazonaws.com/uifaces/faces/twitter/imammuht/128.jpg');
INSERT INTO credit_card VALUES (4646101209437237, 'Casey_Connelly92@hotmail.com', '2021-06-06T22:34:40.460Z', 040);

INSERT INTO person VALUES ('Virgie.Koelpin12@gmail.com', 'Shania Runolfsson', '$2b$10$6zqstqkVFK3sOVsYk6mwYOED0Qq1PXhqK9Keabiib6vlTsnDyewOe', '58528 Farrell Parkway', 90278945, 'user', 'https://s3.amazonaws.com/uifaces/faces/twitter/mutlu82/128.jpg');
INSERT INTO credit_card VALUES (6489625460032665, 'Virgie.Koelpin12@gmail.com', '2022-03-06T13:22:59.360Z', 859);
INSERT INTO pet VALUES ('Faye', 'Virgie.Koelpin12@gmail.com', 'Iguana', 'Quod non illum debitis deleniti cupiditate nemo quis deserunt.', 'Neque vitae facere animi distinctio cupiditate voluptates.');
INSERT INTO pet VALUES ('Orin', 'Virgie.Koelpin12@gmail.com', 'Mice', 'Quas et in aut et esse in facilis minus.', 'Sit provident ut.');

INSERT INTO person VALUES ('Eliane_Lubowitz@hotmail.com', 'Rhiannon Littel', '$2b$10$6zqstqkVFK3sOVsYk6mwYOeMFGalJ8zIitgebebgPi2880R425EFC', '66224 Mosciski River', 90639153, 'user', 'https://s3.amazonaws.com/uifaces/faces/twitter/mcflydesign/128.jpg');
INSERT INTO credit_card VALUES (6489022719651250, 'Eliane_Lubowitz@hotmail.com', '2021-05-18T16:05:27.926Z', 614);
INSERT INTO pet VALUES ('Edna', 'Eliane_Lubowitz@hotmail.com', 'Fish', 'Aperiam voluptas sunt iste et.', 'Et eligendi consequuntur.');
INSERT INTO pet VALUES ('Lonnie', 'Eliane_Lubowitz@hotmail.com', 'Iguana', 'Reiciendis incidunt aperiam.', 'At aut reprehenderit et optio quis dolor.');
INSERT INTO pet VALUES ('Fermin', 'Eliane_Lubowitz@hotmail.com', 'Guinea Pig', 'Porro harum necessitatibus beatae consequatur.', 'Nulla qui provident accusantium recusandae aperiam et sunt voluptatibus.');

INSERT INTO person VALUES ('Vicenta_Reichert17@hotmail.com', 'Maybell Bechtelar', '$2b$10$6zqstqkVFK3sOVsYk6mwYOdLfOP22hgR2spo/bCrRAVma5WFNH0ei', '7496 Turcotte Curve', 90750714, 'user', 'https://s3.amazonaws.com/uifaces/faces/twitter/h1brd/128.jpg');
INSERT INTO credit_card VALUES (5018152168666044, 'Vicenta_Reichert17@hotmail.com', '2021-03-02T14:39:40.962Z', 700);
INSERT INTO pet VALUES ('Izabella', 'Vicenta_Reichert17@hotmail.com', 'Gecko', 'Ducimus officiis ut vero sint.', 'Eaque perspiciatis sed neque beatae consequuntur et corrupti consequuntur.');
INSERT INTO pet VALUES ('Olaf', 'Vicenta_Reichert17@hotmail.com', 'Pig', 'Et provident maxime odit nobis quidem pariatur quos non quis.', 'Deleniti animi sapiente quasi veniam magnam voluptatem.');
INSERT INTO pet VALUES ('Tania', 'Vicenta_Reichert17@hotmail.com', 'Guinea Fowl', 'Quia voluptas suscipit quasi.', 'Est et quas impedit saepe.');
INSERT INTO part_time_ct VALUES ('Vicenta_Reichert17@hotmail.com');
INSERT INTO pt_free_schedule VALUES ('Vicenta_Reichert17@hotmail.com', '2020-11-05T04:59:41.796Z', '2021-01-27T21:06:10.248Z');
INSERT INTO pt_specializes_in VALUES ('Vicenta_Reichert17@hotmail.com', 'Donkey', 16);

INSERT INTO person VALUES ('Angela_Rosenbaum99@gmail.com', 'Kelli Crooks', '$2b$10$6zqstqkVFK3sOVsYk6mwYO9bXBdYO2q5bKD7CYnkYtW.wArEsa15G', '365 Lester Island', 90015639, 'user', 'https://s3.amazonaws.com/uifaces/faces/twitter/peterlandt/128.jpg');
INSERT INTO credit_card VALUES (6771899600794009, 'Angela_Rosenbaum99@gmail.com', '2020-11-14T03:44:09.900Z', 239);

INSERT INTO person VALUES ('Libby.Schoen60@gmail.com', 'Michaela Langworth', '$2b$10$6zqstqkVFK3sOVsYk6mwYOk8x6lJMoSOscsIPPhiOxIDjVjo2O4pC', '765 Wava Shoal', 90431088, 'user', 'https://s3.amazonaws.com/uifaces/faces/twitter/codysanfilippo/128.jpg');

INSERT INTO bid (ct_email,ct_price,start_date,end_date,is_cash,credit_card,transport_method,pet_owner,pet_name,pet_category,bid_status,feedback) VALUES ('ptct@gmail.com',35,'2020-07-10T02:19:00-07:00','2021-02-07T09:34:28-08:00','True',NULL,'delivery','jan@gmail.com','Apple','cat','closed','gravida nunc');
INSERT INTO bid (ct_email,ct_price,start_date,end_date,is_cash,credit_card,transport_method,pet_owner,pet_name,pet_category,bid_status,feedback) VALUES ('ftct@gmail.com',39,'2019-12-05T05:13:41-08:00','2019-12-29T17:11:43-08:00','False','4000400040004000','pickup','jan@gmail.com','Apple','cat','closed','at, libero. Morbi accumsan laoreet ipsum. Curabitur consequat,');

INSERT INTO bid (ct_email,ct_price,start_date,end_date,is_cash,credit_card,transport_method,pet_owner,pet_name,pet_category,bid_status,feedback) VALUES ('ptct@gmail.com',31,'2018-06-21T00:21:08-07:00','2019-09-24T14:49:18-07:00','False','7200123456781234','delivery','jan@gmail.com','Apple','cat','reviewed','montes, nascetur ridiculus mus. Proin vel arcu eu odio');
INSERT INTO bid (ct_email,ct_price,start_date,end_date,is_cash,credit_card,transport_method,pet_owner,pet_name,pet_category,bid_status,feedback) VALUES ('ptct@gmail.com',90,'2018-03-29T06:26:03-07:00','2019-06-24T04:10:31-07:00','False','7200123456781234','pickup','jan@gmail.com','Orange','cat','closed','diam luctus lobortis. Class aptent taciti sociosqu ad');
INSERT INTO bid (ct_email,ct_price,start_date,end_date,is_cash,credit_card,transport_method,pet_owner,pet_name,pet_category,bid_status,feedback) VALUES ('ptct@gmail.com',26,'2018-10-18T19:15:56-07:00','2019-06-01T05:51:56-07:00','False','7200123456781234','delivery','jan@gmail.com','Orange','cat','confirmed','risus quis diam luctus lobortis.');
INSERT INTO bid (ct_email,ct_price,start_date,end_date,is_cash,credit_card,transport_method,pet_owner,pet_name,pet_category,bid_status,feedback) VALUES ('ptct@gmail.com',96,'2018-01-29T19:42:38-08:00','2019-07-08T17:08:43-07:00','False','7200123456781234','pcs','jan@gmail.com','Orange','cat','closed','ligula consectetuer');
INSERT INTO bid (ct_email,ct_price,start_date,end_date,is_cash,credit_card,transport_method,pet_owner,pet_name,pet_category,bid_status,feedback) VALUES ('ptct@gmail.com',23,'2018-05-25T10:35:11-07:00','2018-11-30T04:39:30-08:00','False','7200123456781234','pcs','jan@gmail.com','Apple','cat','submitted','orci lobortis augue scelerisque mollis.');
INSERT INTO bid (ct_email,ct_price,start_date,end_date,is_cash,credit_card,transport_method,pet_owner,pet_name,pet_category,bid_status,feedback) VALUES ('ftct@gmail.com',95,'2018-08-08T23:59:53-07:00','2019-10-01T08:56:25-07:00','False','7200123456781234','delivery','jan@gmail.com','Apple','cat','reviewed','dapibus quam quis diam. Pellentesque habitant morbi tristique senectus');
INSERT INTO bid (ct_email,ct_price,start_date,end_date,is_cash,credit_card,transport_method,pet_owner,pet_name,pet_category,bid_status,feedback) VALUES ('ptct@gmail.com',40,'2018-04-01T12:56:52-07:00','2019-02-15T07:05:17-08:00','False','7200123456781234','pcs','jan@gmail.com','Apple','cat','confirmed','fames ac turpis egestas. Aliquam');
INSERT INTO bid (ct_email,ct_price,start_date,end_date,is_cash,credit_card,transport_method,pet_owner,pet_name,pet_category,bid_status,feedback) VALUES ('ftct@gmail.com',39,'2018-09-03T22:22:10-07:00','2019-10-27T03:09:22-07:00','False','7200123456781234','pickup','jan@gmail.com','Apple','cat','closed','rutrum, justo. Praesent luctus. Curabitur egestas nunc sed libero.');
INSERT INTO bid (ct_email,ct_price,start_date,end_date,is_cash,credit_card,transport_method,pet_owner,pet_name,pet_category,bid_status,feedback) VALUES ('ptct@gmail.com',75,'2018-03-09T01:06:41-08:00','2019-01-21T20:04:18-08:00','False','7200123456781234','pcs','jan@gmail.com','Orange','cat','submitted','fermentum arcu. Vestibulum ante ipsum primis');
INSERT INTO bid (ct_email,ct_price,start_date,end_date,is_cash,credit_card,transport_method,pet_owner,pet_name,pet_category,bid_status,feedback) VALUES ('ptct@gmail.com',70,'2018-02-21T17:22:29-08:00','2019-02-05T16:32:05-08:00','False','7200123456781234','delivery','jan@gmail.com','Apple','cat','closed','diam at pretium aliquet, metus urna');
INSERT INTO bid (ct_email,ct_price,start_date,end_date,is_cash,credit_card,transport_method,pet_owner,pet_name,pet_category,bid_status,feedback) VALUES ('ptct@gmail.com',31,'2018-02-14T09:02:49-08:00','2019-07-04T08:18:27-07:00','False','7200123456781234','pcs','jan@gmail.com','Apple','cat','closed','Sed dictum. Proin eget odio. Aliquam vulputate ullamcorper');
INSERT INTO bid (ct_email,ct_price,start_date,end_date,is_cash,credit_card,transport_method,pet_owner,pet_name,pet_category,bid_status,feedback) VALUES ('ptct@gmail.com',92,'2017-11-20T21:46:24-08:00','2019-05-25T18:53:06-07:00','False','7200123456781234','pcs','jan@gmail.com','Orange','cat','closed','malesuada fames ac turpis egestas. Fusce aliquet magna a neque.');
INSERT INTO bid (ct_email,ct_price,start_date,end_date,is_cash,credit_card,transport_method,pet_owner,pet_name,pet_category,bid_status,feedback) VALUES ('ptct@gmail.com',90,'2018-06-06T21:18:07-07:00','2019-01-24T17:59:19-08:00','False','7200123456781234','delivery','jan@gmail.com','Orange','cat','closed','nonummy. Fusce fermentum fermentum arcu. Vestibulum ante');
INSERT INTO bid (ct_email,ct_price,start_date,end_date,is_cash,credit_card,transport_method,pet_owner,pet_name,pet_category,bid_status,feedback) VALUES ('ptct@gmail.com',69,'2018-06-26T08:38:49-07:00','2018-11-22T08:55:57-08:00','False','7200123456781234','pickup','jan@gmail.com','Orange','cat','submitted','erat volutpat.');
INSERT INTO bid (ct_email,ct_price,start_date,end_date,is_cash,credit_card,transport_method,pet_owner,pet_name,pet_category,bid_status,feedback) VALUES ('ptct@gmail.com',99,'2018-06-19T18:32:19-07:00','2018-12-13T18:53:42-08:00','False','7200123456781234','pcs','jan@gmail.com','Apple','cat','confirmed','facilisis lorem tristique aliquet. Phasellus fermentum');
INSERT INTO bid (ct_email,ct_price,start_date,end_date,is_cash,credit_card,transport_method,pet_owner,pet_name,pet_category,bid_status,feedback) VALUES ('ftct@gmail.com',26,'2017-12-14T13:37:45-08:00','2019-01-01T19:24:35-08:00','False','7200123456781234','delivery','jan@gmail.com','Apple','cat','submitted','nunc, ullamcorper eu, euismod ac, fermentum vel,');
INSERT INTO bid (ct_email,ct_price,start_date,end_date,is_cash,credit_card,transport_method,pet_owner,pet_name,pet_category,bid_status,feedback) VALUES ('ftct@gmail.com',78,'2017-12-10T21:45:32-08:00','2019-05-14T10:48:59-07:00','False','7200123456781234','pickup','jan@gmail.com','Apple','cat','submitted','ornare,');
INSERT INTO bid (ct_email,ct_price,start_date,end_date,is_cash,credit_card,transport_method,pet_owner,pet_name,pet_category,bid_status,feedback) VALUES ('ptct@gmail.com',99,'2018-05-29T09:41:07-07:00','2019-08-24T07:42:42-07:00','False','7200123456781234','pickup','jan@gmail.com','Apple','cat','closed','amet luctus');
INSERT INTO bid (ct_email,ct_price,start_date,end_date,is_cash,credit_card,transport_method,pet_owner,pet_name,pet_category,bid_status,feedback) VALUES ('ftct@gmail.com',58,'2017-12-12T20:15:05-08:00','2019-08-06T00:35:54-07:00','False','7200123456781234','pcs','jan@gmail.com','Orange','cat','confirmed','diam. Proin dolor. Nulla');
INSERT INTO bid (ct_email,ct_price,start_date,end_date,is_cash,credit_card,transport_method,pet_owner,pet_name,pet_category,bid_status,feedback) VALUES ('ftct@gmail.com',59,'2018-01-24T10:25:02-08:00','2019-01-31T07:08:13-08:00','False','7200123456781234','pcs','jan@gmail.com','Apple','cat','submitted','purus. Nullam scelerisque neque sed sem egestas blandit.');
INSERT INTO bid (ct_email,ct_price,start_date,end_date,is_cash,credit_card,transport_method,pet_owner,pet_name,pet_category,bid_status,feedback) VALUES ('ptct@gmail.com',89,'2018-11-12T08:06:56-08:00','2019-08-31T06:03:47-07:00','False','7200123456781234','pcs','jan@gmail.com','Orange','cat','confirmed','ridiculus mus. Donec dignissim magna a tortor. Nunc commodo auctor');
INSERT INTO bid (ct_email,ct_price,start_date,end_date,is_cash,credit_card,transport_method,pet_owner,pet_name,pet_category,bid_status,feedback) VALUES ('ptct@gmail.com',87,'2018-02-24T14:33:50-08:00','2018-12-06T18:30:00-08:00','False','7200123456781234','pickup','jan@gmail.com','Apple','cat','closed','eget magna. Suspendisse tristique neque venenatis lacus. Etiam bibendum fermentum');
INSERT INTO bid (ct_email,ct_price,start_date,end_date,is_cash,credit_card,transport_method,pet_owner,pet_name,pet_category,bid_status,feedback) VALUES ('ptct@gmail.com',60,'2017-12-22T07:06:02-08:00','2019-01-07T18:52:48-08:00','False','7200123456781234','pcs','jan@gmail.com','Apple','cat','submitted','Aliquam erat volutpat. Nulla facilisis. Suspendisse commodo tincidunt nibh. Phasellus');
INSERT INTO bid (ct_email,ct_price,start_date,end_date,is_cash,credit_card,transport_method,pet_owner,pet_name,pet_category,bid_status,feedback) VALUES ('ftct@gmail.com',93,'2018-07-04T14:08:06-07:00','2019-05-06T02:36:55-07:00','False','7200123456781234','pickup','jan@gmail.com','Apple','cat','reviewed','turpis. In condimentum. Donec at arcu. Vestibulum');
INSERT INTO bid (ct_email,ct_price,start_date,end_date,is_cash,credit_card,transport_method,pet_owner,pet_name,pet_category,bid_status,feedback) VALUES ('ptct@gmail.com',92,'2018-09-16T06:15:28-07:00','2019-10-31T15:57:30-07:00','False','7200123456781234','delivery','jan@gmail.com','Orange','cat','submitted','porttitor vulputate, posuere vulputate, lacus.');
INSERT INTO bid (ct_email,ct_price,start_date,end_date,is_cash,credit_card,transport_method,pet_owner,pet_name,pet_category,bid_status,feedback) VALUES ('ftct@gmail.com',56,'2018-09-19T05:34:49-07:00','2019-09-05T18:24:14-07:00','False','7200123456781234','delivery','jan@gmail.com','Apple','cat','submitted','elementum at,');
INSERT INTO bid (ct_email,ct_price,start_date,end_date,is_cash,credit_card,transport_method,pet_owner,pet_name,pet_category,bid_status,feedback) VALUES ('ftct@gmail.com',69,'2017-12-12T23:29:45-08:00','2019-03-09T20:52:38-08:00','False','7200123456781234','delivery','jan@gmail.com','Apple','cat','submitted','tellus sem mollis dui, in sodales elit erat vitae');
INSERT INTO bid (ct_email,ct_price,start_date,end_date,is_cash,credit_card,transport_method,pet_owner,pet_name,pet_category,bid_status,feedback) VALUES ('ftct@gmail.com',37,'2018-10-17T00:05:42-07:00','2019-07-06T18:41:11-07:00','False','7200123456781234','pickup','jan@gmail.com','Orange','cat','confirmed','eu, eleifend nec, malesuada ut,');
INSERT INTO bid (ct_email,ct_price,start_date,end_date,is_cash,credit_card,transport_method,pet_owner,pet_name,pet_category,bid_status,feedback) VALUES ('ftct@gmail.com',51,'2018-01-17T04:53:01-08:00','2018-12-04T03:52:46-08:00','False','7200123456781234','pcs','jan@gmail.com','Orange','cat','submitted','magnis dis parturient montes, nascetur ridiculus mus.');
INSERT INTO bid (ct_email,ct_price,start_date,end_date,is_cash,credit_card,transport_method,pet_owner,pet_name,pet_category,bid_status,feedback) VALUES ('ptct@gmail.com',23,'2018-01-17T06:28:15-08:00','2018-12-09T02:09:54-08:00','False','7200123456781234','pickup','jan@gmail.com','Orange','cat','confirmed','fermentum arcu. Vestibulum ante ipsum');
INSERT INTO bid (ct_email,ct_price,start_date,end_date,is_cash,credit_card,transport_method,pet_owner,pet_name,pet_category,bid_status,feedback) VALUES ('ftct@gmail.com',20,'2018-09-16T09:54:00-07:00','2019-08-14T20:28:06-07:00','False','7200123456781234','delivery','jan@gmail.com','Orange','cat','submitted','egestas blandit. Nam nulla magna, malesuada vel,');
INSERT INTO bid (ct_email,ct_price,start_date,end_date,is_cash,credit_card,transport_method,pet_owner,pet_name,pet_category,bid_status,feedback) VALUES ('ptct@gmail.com',78,'2018-03-11T05:54:13-07:00','2019-10-15T12:43:24-07:00','False','7200123456781234','pcs','jan@gmail.com','Orange','cat','confirmed','adipiscing. Mauris molestie pharetra');
INSERT INTO bid (ct_email,ct_price,start_date,end_date,is_cash,credit_card,transport_method,pet_owner,pet_name,pet_category,bid_status,feedback) VALUES ('ptct@gmail.com',95,'2018-03-06T11:53:12-08:00','2018-12-01T14:42:50-08:00','False','7200123456781234','pickup','jan@gmail.com','Orange','cat','submitted','mattis. Cras eget nisi dictum');
INSERT INTO bid (ct_email,ct_price,start_date,end_date,is_cash,credit_card,transport_method,pet_owner,pet_name,pet_category,bid_status,feedback) VALUES ('ftct@gmail.com',39,'2017-11-26T08:47:32-08:00','2019-05-23T23:30:48-07:00','False','7200123456781234','pcs','jan@gmail.com','Orange','cat','submitted','elit. Nulla facilisi. Sed neque. Sed eget lacus. Mauris');
INSERT INTO bid (ct_email,ct_price,start_date,end_date,is_cash,credit_card,transport_method,pet_owner,pet_name,pet_category,bid_status,feedback) VALUES ('ftct@gmail.com',23,'2018-07-25T10:04:29-07:00','2019-10-14T05:43:17-07:00','False','7200123456781234','pcs','jan@gmail.com','Apple','cat','closed','lorem semper auctor. Mauris vel turpis.');
INSERT INTO bid (ct_email,ct_price,start_date,end_date,is_cash,credit_card,transport_method,pet_owner,pet_name,pet_category,bid_status,feedback) VALUES ('ptct@gmail.com',37,'2018-06-12T14:23:13-07:00','2019-10-03T16:41:55-07:00','False','7200123456781234','pickup','jan@gmail.com','Apple','cat','reviewed','ornare. Fusce mollis. Duis sit amet diam');
INSERT INTO bid (ct_email,ct_price,start_date,end_date,is_cash,credit_card,transport_method,pet_owner,pet_name,pet_category,bid_status,feedback) VALUES ('ptct@gmail.com',73,'2018-08-24T14:58:53-07:00','2019-01-15T23:01:08-08:00','False','7200123456781234','pickup','jan@gmail.com','Apple','cat','submitted','orci, consectetuer euismod est arcu');
INSERT INTO bid (ct_email,ct_price,start_date,end_date,is_cash,credit_card,transport_method,pet_owner,pet_name,pet_category,bid_status,feedback) VALUES ('ftct@gmail.com',34,'2018-06-19T15:02:32-07:00','2019-10-21T11:34:10-07:00','False','7200123456781234','delivery','jan@gmail.com','Apple','cat','submitted','adipiscing lobortis risus. In mi pede,');
INSERT INTO bid (ct_email,ct_price,start_date,end_date,is_cash,credit_card,transport_method,pet_owner,pet_name,pet_category,bid_status,feedback) VALUES ('ftct@gmail.com',98,'2018-05-26T19:54:46-07:00','2019-10-22T00:27:21-07:00','False','7200123456781234','pickup','jan@gmail.com','Apple','cat','closed','iaculis aliquet diam. Sed diam lorem, auctor quis, tristique ac,');
INSERT INTO bid (ct_email,ct_price,start_date,end_date,is_cash,credit_card,transport_method,pet_owner,pet_name,pet_category,bid_status,feedback) VALUES ('ftct@gmail.com',36,'2018-04-19T17:01:17-07:00','2019-02-10T10:40:26-08:00','False','7200123456781234','pickup','jan@gmail.com','Orange','cat','confirmed','ut');
INSERT INTO bid (ct_email,ct_price,start_date,end_date,is_cash,credit_card,transport_method,pet_owner,pet_name,pet_category,bid_status,feedback) VALUES ('ftct@gmail.com',93,'2018-11-10T12:44:19-08:00','2019-01-06T18:41:34-08:00','False','7200123456781234','delivery','jan@gmail.com','Apple','cat','submitted','tellus. Aenean egestas');
INSERT INTO bid (ct_email,ct_price,start_date,end_date,is_cash,credit_card,transport_method,pet_owner,pet_name,pet_category,bid_status,feedback) VALUES ('ptct@gmail.com',72,'2018-08-18T06:23:38-07:00','2019-05-22T08:24:06-07:00','False','7200123456781234','delivery','jan@gmail.com','Apple','cat','confirmed','at, nisi. Cum sociis natoque penatibus');
INSERT INTO bid (ct_email,ct_price,start_date,end_date,is_cash,credit_card,transport_method,pet_owner,pet_name,pet_category,bid_status,feedback) VALUES ('ftct@gmail.com',27,'2018-02-22T00:57:20-08:00','2019-10-12T06:33:49-07:00','False','7200123456781234','delivery','jan@gmail.com','Orange','cat','closed','ac risus. Morbi metus. Vivamus euismod urna.');
INSERT INTO bid (ct_email,ct_price,start_date,end_date,is_cash,credit_card,transport_method,pet_owner,pet_name,pet_category,bid_status,feedback) VALUES ('ptct@gmail.com',24,'2018-05-28T10:12:13-07:00','2019-10-03T12:07:17-07:00','False','7200123456781234','pickup','jan@gmail.com','Orange','cat','submitted','euismod urna. Nullam lobortis quam a felis');
INSERT INTO bid (ct_email,ct_price,start_date,end_date,is_cash,credit_card,transport_method,pet_owner,pet_name,pet_category,bid_status,feedback) VALUES ('ftct@gmail.com',71,'2018-05-14T00:28:51-07:00','2019-06-05T14:55:41-07:00','False','7200123456781234','delivery','jan@gmail.com','Orange','cat','reviewed','Pellentesque');
INSERT INTO bid (ct_email,ct_price,start_date,end_date,is_cash,credit_card,transport_method,pet_owner,pet_name,pet_category,bid_status,feedback) VALUES ('ftct@gmail.com',37,'2018-04-18T15:23:51-07:00','2019-07-25T01:09:20-07:00','False','7200123456781234','delivery','jan@gmail.com','Apple','cat','confirmed','libero at auctor ullamcorper, nisl arcu');
INSERT INTO bid (ct_email,ct_price,start_date,end_date,is_cash,credit_card,transport_method,pet_owner,pet_name,pet_category,bid_status,feedback) VALUES ('ptct@gmail.com',53,'2018-05-09T05:19:28-07:00','2019-10-25T23:01:02-07:00','False','7200123456781234','delivery','jan@gmail.com','Apple','cat','reviewed','consectetuer ipsum nunc');
INSERT INTO bid (ct_email,ct_price,start_date,end_date,is_cash,credit_card,transport_method,pet_owner,pet_name,pet_category,bid_status,feedback) VALUES ('ftct@gmail.com',82,'2018-09-05T10:37:15-07:00','2019-08-17T02:57:09-07:00','False','7200123456781234','delivery','jan@gmail.com','Orange','cat','submitted','dolor dapibus gravida. Aliquam');
INSERT INTO bid (ct_email,ct_price,start_date,end_date,is_cash,credit_card,transport_method,pet_owner,pet_name,pet_category,bid_status,feedback) VALUES ('ftct@gmail.com',44,'2018-05-02T11:35:53-07:00','2019-07-11T14:44:26-07:00','False','7200123456781234','delivery','jan@gmail.com','Orange','cat','closed','Nunc ac sem ut dolor dapibus gravida. Aliquam tincidunt, nunc');
INSERT INTO bid (ct_email,ct_price,start_date,end_date,is_cash,credit_card,transport_method,pet_owner,pet_name,pet_category,bid_status,feedback) VALUES ('ptct@gmail.com',58,'2018-06-11T23:05:12-07:00','2019-07-16T02:16:01-07:00','False','7200123456781234','delivery','jan@gmail.com','Orange','cat','reviewed','ante');
INSERT INTO bid (ct_email,ct_price,start_date,end_date,is_cash,credit_card,transport_method,pet_owner,pet_name,pet_category,bid_status,feedback) VALUES ('ftct@gmail.com',62,'2018-04-23T22:18:34-07:00','2019-05-12T09:29:12-07:00','False','7200123456781234','delivery','jan@gmail.com','Apple','cat','reviewed','ipsum');
INSERT INTO bid (ct_email,ct_price,start_date,end_date,is_cash,credit_card,transport_method,pet_owner,pet_name,pet_category,bid_status,feedback) VALUES ('ptct@gmail.com',92,'2018-02-22T12:48:39-08:00','2019-03-13T14:49:55-07:00','False','7200123456781234','pcs','jan@gmail.com','Apple','cat','submitted','purus mauris a');
INSERT INTO bid (ct_email,ct_price,start_date,end_date,is_cash,credit_card,transport_method,pet_owner,pet_name,pet_category,bid_status,feedback) VALUES ('ptct@gmail.com',37,'2018-10-14T23:41:28-07:00','2019-03-15T18:41:41-07:00','False','7200123456781234','delivery','jan@gmail.com','Orange','cat','submitted','non, bibendum');
INSERT INTO bid (ct_email,ct_price,start_date,end_date,is_cash,credit_card,transport_method,pet_owner,pet_name,pet_category,bid_status,feedback) VALUES ('ptct@gmail.com',76,'2018-04-27T16:27:05-07:00','2018-12-04T02:22:49-08:00','False','7200123456781234','delivery','jan@gmail.com','Apple','cat','closed','posuere at, velit. Cras lorem lorem, luctus');
INSERT INTO bid (ct_email,ct_price,start_date,end_date,is_cash,credit_card,transport_method,pet_owner,pet_name,pet_category,bid_status,feedback) VALUES ('ftct@gmail.com',66,'2018-05-07T18:59:22-07:00','2019-08-05T19:31:50-07:00','False','7200123456781234','pcs','jan@gmail.com','Apple','cat','closed','nec urna suscipit nonummy. Fusce fermentum fermentum arcu. Vestibulum ante');
INSERT INTO bid (ct_email,ct_price,start_date,end_date,is_cash,credit_card,transport_method,pet_owner,pet_name,pet_category,bid_status,feedback) VALUES ('ptct@gmail.com',81,'2018-07-15T17:51:45-07:00','2019-10-21T22:32:16-07:00','False','7200123456781234','delivery','jan@gmail.com','Orange','cat','reviewed','euismod est arcu ac orci. Ut semper pretium neque. Morbi');
INSERT INTO bid (ct_email,ct_price,start_date,end_date,is_cash,credit_card,transport_method,pet_owner,pet_name,pet_category,bid_status,feedback) VALUES ('ftct@gmail.com',89,'2018-06-14T09:34:48-07:00','2019-09-06T20:21:22-07:00','False','7200123456781234','pickup','jan@gmail.com','Apple','cat','reviewed','Vestibulum ut eros non');
INSERT INTO bid (ct_email,ct_price,start_date,end_date,is_cash,credit_card,transport_method,pet_owner,pet_name,pet_category,bid_status,feedback) VALUES ('ftct@gmail.com',88,'2018-09-14T23:09:44-07:00','2019-06-19T08:14:22-07:00','False','7200123456781234','pickup','jan@gmail.com','Orange','cat','closed','tempus, lorem fringilla ornare placerat, orci lacus vestibulum lorem, sit');
INSERT INTO bid (ct_email,ct_price,start_date,end_date,is_cash,credit_card,transport_method,pet_owner,pet_name,pet_category,bid_status,feedback) VALUES ('ftct@gmail.com',70,'2017-11-24T22:33:43-08:00','2019-09-11T15:41:06-07:00','False','7200123456781234','pickup','jan@gmail.com','Apple','cat','closed','consequat auctor, nunc nulla vulputate dui, nec tempus mauris');
INSERT INTO bid (ct_email,ct_price,start_date,end_date,is_cash,credit_card,transport_method,pet_owner,pet_name,pet_category,bid_status,feedback) VALUES ('ptct@gmail.com',51,'2018-06-09T15:25:48-07:00','2019-02-03T05:31:50-08:00','False','7200123456781234','delivery','jan@gmail.com','Apple','cat','reviewed','ipsum non arcu. Vivamus sit amet risus. Donec egestas. Aliquam');
INSERT INTO bid (ct_email,ct_price,start_date,end_date,is_cash,credit_card,transport_method,pet_owner,pet_name,pet_category,bid_status,feedback) VALUES ('ptct@gmail.com',34,'2018-02-19T22:57:33-08:00','2019-04-28T18:54:51-07:00','False','7200123456781234','delivery','jan@gmail.com','Orange','cat','closed','quis, tristique ac, eleifend vitae,');
INSERT INTO bid (ct_email,ct_price,start_date,end_date,is_cash,credit_card,transport_method,pet_owner,pet_name,pet_category,bid_status,feedback) VALUES ('ftct@gmail.com',97,'2018-09-10T18:12:46-07:00','2019-01-20T00:29:45-08:00','False','7200123456781234','pickup','jan@gmail.com','Apple','cat','confirmed','habitant morbi tristique senectus et netus');
INSERT INTO bid (ct_email,ct_price,start_date,end_date,is_cash,credit_card,transport_method,pet_owner,pet_name,pet_category,bid_status,feedback) VALUES ('ftct@gmail.com',60,'2018-06-01T13:45:41-07:00','2019-01-05T21:26:27-08:00','False','7200123456781234','delivery','jan@gmail.com','Apple','cat','confirmed','nec, leo. Morbi neque tellus, imperdiet');
INSERT INTO bid (ct_email,ct_price,start_date,end_date,is_cash,credit_card,transport_method,pet_owner,pet_name,pet_category,bid_status,feedback) VALUES ('ftct@gmail.com',92,'2018-03-23T20:51:33-07:00','2019-09-23T23:32:47-07:00','False','7200123456781234','pickup','jan@gmail.com','Orange','cat','reviewed','libero lacus, varius et, euismod et,');
INSERT INTO bid (ct_email,ct_price,start_date,end_date,is_cash,credit_card,transport_method,pet_owner,pet_name,pet_category,bid_status,feedback) VALUES ('ptct@gmail.com',69,'2017-12-25T15:56:41-08:00','2019-08-25T15:20:11-07:00','False','7200123456781234','pcs','jan@gmail.com','Apple','cat','closed','risus. Nulla eget metus eu erat semper rutrum. Fusce');
INSERT INTO bid (ct_email,ct_price,start_date,end_date,is_cash,credit_card,transport_method,pet_owner,pet_name,pet_category,bid_status,feedback) VALUES ('ptct@gmail.com',72,'2018-02-21T16:46:46-08:00','2019-09-21T09:33:40-07:00','False','7200123456781234','pickup','jan@gmail.com','Orange','cat','confirmed','mauris, aliquam eu, accumsan sed,');
INSERT INTO bid (ct_email,ct_price,start_date,end_date,is_cash,credit_card,transport_method,pet_owner,pet_name,pet_category,bid_status,feedback) VALUES ('ftct@gmail.com',82,'2018-03-28T09:07:50-07:00','2019-03-14T17:08:47-07:00','False','7200123456781234','delivery','jan@gmail.com','Orange','cat','closed','natoque penatibus et magnis dis parturient montes, nascetur');
INSERT INTO bid (ct_email,ct_price,start_date,end_date,is_cash,credit_card,transport_method,pet_owner,pet_name,pet_category,bid_status,feedback) VALUES ('ftct@gmail.com',95,'2018-05-05T02:47:19-07:00','2019-01-01T01:52:12-08:00','False','7200123456781234','pcs','jan@gmail.com','Apple','cat','closed','tristique aliquet. Phasellus fermentum convallis ligula. Donec luctus aliquet odio.');
INSERT INTO bid (ct_email,ct_price,start_date,end_date,is_cash,credit_card,transport_method,pet_owner,pet_name,pet_category,bid_status,feedback) VALUES ('ftct@gmail.com',71,'2018-10-07T23:20:21-07:00','2019-03-23T01:33:22-07:00','False','7200123456781234','delivery','jan@gmail.com','Apple','cat','reviewed','malesuada malesuada. Integer id magna et ipsum cursus vestibulum. Mauris');
INSERT INTO bid (ct_email,ct_price,start_date,end_date,is_cash,credit_card,transport_method,pet_owner,pet_name,pet_category,bid_status,feedback) VALUES ('ptct@gmail.com',54,'2018-05-18T17:09:01-07:00','2019-01-26T11:01:18-08:00','False','7200123456781234','pcs','jan@gmail.com','Orange','cat','closed','gravida mauris');
INSERT INTO bid (ct_email,ct_price,start_date,end_date,is_cash,credit_card,transport_method,pet_owner,pet_name,pet_category,bid_status,feedback) VALUES ('ftct@gmail.com',25,'2018-05-13T08:54:49-07:00','2019-04-02T16:39:43-07:00','False','7200123456781234','pcs','jan@gmail.com','Apple','cat','reviewed','malesuada. Integer id magna et');
INSERT INTO bid (ct_email,ct_price,start_date,end_date,is_cash,credit_card,transport_method,pet_owner,pet_name,pet_category,bid_status,feedback) VALUES ('ptct@gmail.com',61,'2018-06-15T01:03:31-07:00','2019-02-18T20:44:52-08:00','False','7200123456781234','pickup','jan@gmail.com','Apple','cat','closed','in felis. Nulla tempor augue');
INSERT INTO bid (ct_email,ct_price,start_date,end_date,is_cash,credit_card,transport_method,pet_owner,pet_name,pet_category,bid_status,feedback) VALUES ('ptct@gmail.com',65,'2018-11-06T22:12:04-08:00','2019-05-13T20:43:36-07:00','False','7200123456781234','pcs','jan@gmail.com','Apple','cat','confirmed','ipsum non arcu. Vivamus sit amet risus. Donec egestas. Aliquam');
INSERT INTO bid (ct_email,ct_price,start_date,end_date,is_cash,credit_card,transport_method,pet_owner,pet_name,pet_category,bid_status,feedback) VALUES ('ftct@gmail.com',85,'2018-02-20T07:17:27-08:00','2019-07-14T19:23:54-07:00','False','7200123456781234','pcs','jan@gmail.com','Orange','cat','confirmed','faucibus. Morbi');
INSERT INTO bid (ct_email,ct_price,start_date,end_date,is_cash,credit_card,transport_method,pet_owner,pet_name,pet_category,bid_status,feedback) VALUES ('ftct@gmail.com',93,'2018-07-01T18:23:48-07:00','2019-06-18T09:31:52-07:00','False','7200123456781234','pcs','jan@gmail.com','Apple','cat','closed','et magnis dis parturient montes, nascetur');
INSERT INTO bid (ct_email,ct_price,start_date,end_date,is_cash,credit_card,transport_method,pet_owner,pet_name,pet_category,bid_status,feedback) VALUES ('ptct@gmail.com',50,'2017-12-13T13:27:30-08:00','2019-06-25T06:56:27-07:00','False','7200123456781234','delivery','jan@gmail.com','Apple','cat','reviewed','volutpat nunc sit amet metus. Aliquam erat');
INSERT INTO bid (ct_email,ct_price,start_date,end_date,is_cash,credit_card,transport_method,pet_owner,pet_name,pet_category,bid_status,feedback) VALUES ('ptct@gmail.com',22,'2018-08-16T15:00:49-07:00','2019-08-06T11:52:59-07:00','False','7200123456781234','delivery','jan@gmail.com','Orange','cat','submitted','faucibus id, libero. Donec');
INSERT INTO bid (ct_email,ct_price,start_date,end_date,is_cash,credit_card,transport_method,pet_owner,pet_name,pet_category,bid_status,feedback) VALUES ('ftct@gmail.com',72,'2018-01-16T00:45:30-08:00','2019-09-24T09:53:38-07:00','False','7200123456781234','delivery','jan@gmail.com','Apple','cat','closed','nisl sem, consequat nec,');
INSERT INTO bid (ct_email,ct_price,start_date,end_date,is_cash,credit_card,transport_method,pet_owner,pet_name,pet_category,bid_status,feedback) VALUES ('ftct@gmail.com',96,'2018-05-01T07:21:44-07:00','2019-06-02T18:54:11-07:00','False','7200123456781234','pcs','jan@gmail.com','Orange','cat','closed','Nunc sollicitudin commodo ipsum. Suspendisse non leo. Vivamus nibh');
INSERT INTO bid (ct_email,ct_price,start_date,end_date,is_cash,credit_card,transport_method,pet_owner,pet_name,pet_category,bid_status,feedback) VALUES ('ptct@gmail.com',86,'2018-04-06T15:06:58-07:00','2019-08-21T08:38:59-07:00','False','7200123456781234','delivery','jan@gmail.com','Orange','cat','reviewed','Fusce aliquet magna a neque. Nullam ut nisi');
INSERT INTO bid (ct_email,ct_price,start_date,end_date,is_cash,credit_card,transport_method,pet_owner,pet_name,pet_category,bid_status,feedback) VALUES ('ftct@gmail.com',36,'2018-09-01T17:29:56-07:00','2019-04-27T10:43:03-07:00','False','7200123456781234','delivery','jan@gmail.com','Orange','cat','submitted','aliquet. Phasellus fermentum convallis ligula. Donec luctus aliquet odio.');
INSERT INTO bid (ct_email,ct_price,start_date,end_date,is_cash,credit_card,transport_method,pet_owner,pet_name,pet_category,bid_status,feedback) VALUES ('ftct@gmail.com',62,'2018-06-07T19:03:58-07:00','2019-09-09T13:01:11-07:00','False','7200123456781234','pcs','jan@gmail.com','Orange','cat','confirmed','id sapien.');
INSERT INTO bid (ct_email,ct_price,start_date,end_date,is_cash,credit_card,transport_method,pet_owner,pet_name,pet_category,bid_status,feedback) VALUES ('ftct@gmail.com',76,'2018-06-01T15:38:04-07:00','2019-02-26T03:01:50-08:00','False','7200123456781234','pcs','jan@gmail.com','Orange','cat','closed','est. Mauris eu turpis. Nulla aliquet. Proin velit. Sed malesuada');
INSERT INTO bid (ct_email,ct_price,start_date,end_date,is_cash,credit_card,transport_method,pet_owner,pet_name,pet_category,bid_status,feedback) VALUES ('ftct@gmail.com',84,'2018-02-27T18:44:31-08:00','2019-02-09T20:12:16-08:00','False','7200123456781234','pcs','jan@gmail.com','Apple','cat','submitted','lectus pede et risus. Quisque libero lacus, varius');
INSERT INTO bid (ct_email,ct_price,start_date,end_date,is_cash,credit_card,transport_method,pet_owner,pet_name,pet_category,bid_status,feedback) VALUES ('ptct@gmail.com',76,'2018-02-22T19:18:05-08:00','2019-08-23T20:15:08-07:00','False','7200123456781234','pcs','jan@gmail.com','Orange','cat','closed','arcu. Vestibulum ante ipsum primis');
INSERT INTO bid (ct_email,ct_price,start_date,end_date,is_cash,credit_card,transport_method,pet_owner,pet_name,pet_category,bid_status,feedback) VALUES ('ftct@gmail.com',56,'2018-08-29T18:29:44-07:00','2019-08-12T00:53:57-07:00','False','7200123456781234','delivery','jan@gmail.com','Apple','cat','reviewed','rutrum lorem');
INSERT INTO bid (ct_email,ct_price,start_date,end_date,is_cash,credit_card,transport_method,pet_owner,pet_name,pet_category,bid_status,feedback) VALUES ('ftct@gmail.com',79,'2018-02-18T02:09:05-08:00','2019-07-23T16:40:22-07:00','False','7200123456781234','pickup','jan@gmail.com','Apple','cat','submitted','enim, gravida sit amet, dapibus id,');
INSERT INTO bid (ct_email,ct_price,start_date,end_date,is_cash,credit_card,transport_method,pet_owner,pet_name,pet_category,bid_status,feedback) VALUES ('ftct@gmail.com',49,'2018-02-08T11:02:39-08:00','2019-02-18T14:45:53-08:00','False','7200123456781234','pcs','jan@gmail.com','Orange','cat','closed','nunc');